ANIMAL_FLAG,CRASH_SEVERITY,CROSS_STREET_FULL_NAME,CYCLIST_FLAG,DATE_OF_LOSS_YEAR,DAY_OF_WEEK,DERIVED_CRASH_CONFIGURATION,HEAVY_VEH_FLAG,INTERSECTION_CRASH,LATITUDE,LONGITUDE,MID_BLOCK_CRASH,MONTH_OF_YEAR,MOTORCYCLE_FLAG,Municipality Name (ifnull),MUNICIPALITY_NAME,MUNICIPALITY_WITH_BOUNDARY,PARKED_VEHICLE_FLAG,PARKING_LOT_FLAG,PEDESTRIAN_FLAG,REGION,ROAD_LOCATION_DESCRIPTION,Street Full Name (ifnull),STREET_FULL_NAME,TIME_CATEGORY,TOTAL_CRASHES,TOTAL_VICTIMS
N,CASUALTY CRASH,\N,N,2023,MONDAY,CONFLICTED,N,N,\N,\N,N,APRIL,N,SURREY,SURREY,\N,N,N,N,LOWER MAINLAND,UNKNOWN,HWY 10,HWY 10,15:00-17:59,1,1
N,CASUALTY CRASH,\N,N,2023,MONDAY,CONFLICTED,N,N,49.052726,-122.310404,Y,APRIL,N,ABBOTSFORD,ABBOTSFORD,ABBOTSFORD,N,Y,N,LOWER MAINLAND,BOURQUIN CRES W # 002760 TO 002791,BOURQUIN CRES W,BOURQUIN CRES W,15:00-17:59,1,1
N,CASUALTY CRASH,\N,N,2023,MONDAY,MULTIPLE IMPACTS,N,N,49.228116,-122.998531,Y,APRIL,N,BURNABY,BURNABY,BURNABY,N,Y,N,LOWER MAINLAND,KINGSWAY # 004700 TO 004749,KINGSWAY,KINGSWAY,15:00-17:59,1,3
N,CASUALTY CRASH,\N,N,2023,MONDAY,REAR END,N,N,\N,\N,N,APRIL,N,SOOKE,SOOKE,\N,N,N,N,VANCOUVER ISLAND,UNKNOWN,SOOKE RD,SOOKE RD,15:00-17:59,1,3
N,CASUALTY CRASH,\N,N,2023,MONDAY,REAR END,N,N,\N,\N,N,APRIL,N,SURREY,SURREY,\N,N,N,N,LOWER MAINLAND,UNKNOWN,HWY 1,HWY 1,15:00-17:59,1,2
N,CASUALTY CRASH,\N,N,2023,MONDAY,REAR END,N,N,49.155436,-121.951402,Y,APRIL,N,CHILLIWACK,CHILLIWACK,CHILLIWACK,N,N,N,LOWER MAINLAND,YOUNG RD # 008400 TO 008485,YOUNG RD,YOUNG RD,15:00-17:59,1,1
N,CASUALTY CRASH,\N,N,2023,MONDAY,REAR TO REAR,N,N,49.162668,-123.132365,Y,APRIL,N,RICHMOND,RICHMOND,RICHMOND,Y,Y,N,LOWER MAINLAND,GRANVILLE AVE # 008200 TO 008398 even,GRANVILLE AVE,GRANVILLE AVE,15:00-17:59,1,1
N,CASUALTY CRASH,\N,N,2023,MONDAY,REAR TO REAR,N,N,49.249121,-123.126109,Y,APRIL,N,VANCOUVER,VANCOUVER,VANCOUVER,N,Y,N,LOWER MAINLAND,W KING EDWARD AVE # 000900 TO 000998 even,W KING EDWARD AVE,W KING EDWARD AVE,15:00-17:59,1,2
N,CASUALTY CRASH,\N,N,2023,MONDAY,SIDE IMPACT,N,N,\N,\N,N,APRIL,N,SUMMERLAND,SUMMERLAND,\N,N,N,N,SOUTHERN INTERIOR,UNKNOWN,PRINCETON-SUMMERLAND RD,PRINCETON-SUMMERLAND RD,15:00-17:59,1,1
N,CASUALTY CRASH,\N,N,2023,MONDAY,SIDE IMPACT,N,N,49.157833,-122.820033,Y,APRIL,N,SURREY,SURREY,SURREY,N,Y,N,LOWER MAINLAND,85A AVE # 014500 TO 014549,85A AVE,85A AVE,15:00-17:59,1,1
N,CASUALTY CRASH,\N,N,2023,MONDAY,SIDE IMPACT,N,N,49.190089,-122.800995,Y,APRIL,N,SURREY,SURREY,SURREY,N,Y,N,LOWER MAINLAND,152 ST # 010251 TO 010399 odd,152 ST,152 ST,15:00-17:59,1,2
N,CASUALTY CRASH,\N,N,2023,MONDAY,SIDE IMPACT,N,N,49.70502,-123.122916,Y,APRIL,N,SQUAMISH,SQUAMISH,SQUAMISH,N,N,N,LOWER MAINLAND,MYRTLEWOOD CRES # 038240 TO 038299,MYRTLEWOOD CRES,MYRTLEWOOD CRES,15:00-17:59,1,1
N,CASUALTY CRASH,\N,N,2023,MONDAY,SIDE SWIPE - SAME DIRECTION,N,N,\N,\N,N,APRIL,N,VANCOUVER,VANCOUVER,\N,N,N,N,LOWER MAINLAND,UNKNOWN,HWY 1,HWY 1,15:00-17:59,1,1
N,CASUALTY CRASH,\N,N,2023,MONDAY,SIDE SWIPE - SAME DIRECTION,N,N,\N,\N,N,APRIL,N,VANCOUVER,VANCOUVER,\N,N,N,N,LOWER MAINLAND,UNKNOWN,KNIGHT ST,KNIGHT ST,15:00-17:59,2,2
N,CASUALTY CRASH,\N,N,2023,MONDAY,SIDE SWIPE - SAME DIRECTION,N,N,49.329856,-123.117433,Y,APRIL,N,NORTH VANCOUVER,NORTH VANCOUVER,NORTH VANCOUVER,N,N,N,LOWER MAINLAND,CAPILANO RD # 002100 TO 002288,CAPILANO RD,CAPILANO RD,15:00-17:59,1,2
N,CASUALTY CRASH,\N,N,2023,MONDAY,SINGLE VEHICLE,N,N,\N,\N,N,APRIL,N,COQUITLAM,COQUITLAM,\N,N,N,N,LOWER MAINLAND,UNKNOWN,HWY 7,HWY 7,15:00-17:59,1,1
N,CASUALTY CRASH,\N,N,2023,MONDAY,SINGLE VEHICLE,N,N,\N,\N,N,APRIL,N,KITIMAT,KITIMAT,\N,N,N,N,NORTH CENTRAL,UNKNOWN,HWY 37,HWY 37,15:00-17:59,1,1
N,CASUALTY CRASH,\N,N,2023,MONDAY,SINGLE VEHICLE,N,N,49.268099,-123.151581,Y,APRIL,N,VANCOUVER,VANCOUVER,VANCOUVER,N,Y,N,LOWER MAINLAND,W 4TH AVE # 002000 TO 002099,W 4TH AVE,W 4TH AVE,15:00-17:59,1,1
N,CASUALTY CRASH,\N,N,2023,MONDAY,SINGLE VEHICLE,N,N,50.698092,-120.362336,Y,APRIL,N,KAMLOOPS,KAMLOOPS,KAMLOOPS,N,N,N,SOUTHERN INTERIOR,TRANQUILLE RD # 000711 TO 000769 odd,TRANQUILLE RD,TRANQUILLE RD,15:00-17:59,1,1
N,CASUALTY CRASH,\N,N,2023,MONDAY,UNDETERMINED,N,N,49.14557,-122.867988,Y,APRIL,N,SURREY,SURREY,SURREY,N,Y,N,LOWER MAINLAND,128 ST # 007801 TO 007909 odd,128 ST,128 ST,15:00-17:59,1,1
N,CASUALTY CRASH,\N,N,2023,MONDAY,UNDETERMINED,N,N,49.178889,-119.551799,Y,APRIL,N,OLIVER,OLIVER,OLIVER,N,Y,Y,SOUTHERN INTERIOR,MAIN ST # 005900 TO 005999,MAIN ST,MAIN ST,15:00-17:59,1,1
N,CASUALTY CRASH,\N,Y,2023,MONDAY,SINGLE VEHICLE,N,N,50.660794,-120.347281,Y,APRIL,N,KAMLOOPS,KAMLOOPS,KAMLOOPS,N,N,N,SOUTHERN INTERIOR,SPRINGHILL DR # 001450 TO 001469,SPRINGHILL DR,SPRINGHILL DR,15:00-17:59,1,1
N,CASUALTY CRASH,104 AVE,N,2023,MONDAY,REAR END,N,Y,49.191466,-122.738252,N,APRIL,N,SURREY,SURREY,SURREY,N,N,N,LOWER MAINLAND,104 AVE & 104 AVE ONRAMP & HWY 17 & TURNING LANE,HWY 17,HWY 17,15:00-17:59,1,1
N,CASUALTY CRASH,128 ST,N,2023,MONDAY,REAR END,N,Y,49.13388,-122.867854,N,APRIL,N,SURREY,SURREY,SURREY,N,N,N,LOWER MAINLAND,128 ST & 72 AVE,72 AVE,72 AVE,15:00-17:59,1,2
N,CASUALTY CRASH,132 ST,N,2023,MONDAY,SIDE IMPACT,N,Y,49.162634,-122.856917,N,APRIL,N,SURREY,SURREY,SURREY,N,N,N,LOWER MAINLAND,132 ST & 88 AVE,88 AVE,88 AVE,15:00-17:59,1,1
N,CASUALTY CRASH,140 ST,N,2023,MONDAY,REAR END,N,Y,49.198845,-122.834162,N,APRIL,N,SURREY,SURREY,SURREY,N,N,N,LOWER MAINLAND,108 AVE & 140 ST,108 AVE,108 AVE,15:00-17:59,1,1
N,CASUALTY CRASH,142 ST,N,2023,MONDAY,CONFLICTED,N,Y,49.133679,-122.82893,N,APRIL,N,SURREY,SURREY,SURREY,N,N,N,LOWER MAINLAND,142 ST & 72 AVE,72 AVE,72 AVE,15:00-17:59,1,1
N,CASUALTY CRASH,144 ST,N,2023,MONDAY,SIDE IMPACT,N,Y,49.198795,-122.823043,N,APRIL,N,SURREY,SURREY,SURREY,N,N,N,LOWER MAINLAND,108 AVE & 144 ST,108 AVE,108 AVE,15:00-17:59,1,1
N,CASUALTY CRASH,15TH ST,N,2023,MONDAY,SINGLE VEHICLE,N,Y,49.330573,-123.156913,N,APRIL,N,WEST VANCOUVER,WEST VANCOUVER,WEST VANCOUVER,N,N,Y,LOWER MAINLAND,15TH ST & ESQUIMALT AVE,ESQUIMALT AVE,ESQUIMALT AVE,15:00-17:59,1,1
N,CASUALTY CRASH,160 ST,N,2023,MONDAY,SIDE SWIPE - SAME DIRECTION,N,Y,49.104476,-122.779069,N,APRIL,N,SURREY,SURREY,SURREY,N,N,N,LOWER MAINLAND,160 ST & 56 AVE,HWY 10,HWY 10,15:00-17:59,1,1
N,CASUALTY CRASH,176 ST,N,2023,MONDAY,REAR END,N,Y,49.138147,-122.734746,N,APRIL,N,SURREY,SURREY,SURREY,N,N,N,LOWER MAINLAND,176 ST & FRASER HWY & HARVIE RD & TURNING LANE,FRASER HWY,FRASER HWY,15:00-17:59,1,2
N,CASUALTY CRASH,17TH ST,N,2023,MONDAY,REAR END,N,Y,49.3019,-117.65828,N,APRIL,N,CASTLEGAR,CASTLEGAR,CASTLEGAR,N,N,N,SOUTHERN INTERIOR,17TH ST & COLUMBIA AVE,COLUMBIA AVE,COLUMBIA AVE,15:00-17:59,1,1
N,CASUALTY CRASH,182 ST,N,2023,MONDAY,REAR END,N,Y,49.130946,-122.718155,N,APRIL,N,SURREY,SURREY,SURREY,N,N,N,LOWER MAINLAND,182 ST & FRASER HWY & TURNING LANE,FRASER HWY,FRASER HWY,15:00-17:59,1,1
N,CASUALTY CRASH,192 ST,N,2023,MONDAY,SIDE IMPACT,N,Y,49.123627,-122.690872,N,APRIL,N,SURREY,SURREY,SURREY,N,N,N,LOWER MAINLAND,192 ST & 66 AVE & 66A AVE,66 AVE,66 AVE,15:00-17:59,1,1
N,CASUALTY CRASH,200 ST,N,2023,MONDAY,REAR END,N,Y,49.113414,-122.668651,N,APRIL,N,LANGLEY,LANGLEY,LANGLEY,N,N,N,LOWER MAINLAND,200 ST & LANGLEY BYPASS & TURNING LANE,LANGLEY BYPASS,LANGLEY BYPASS,15:00-17:59,1,1
N,CASUALTY CRASH,216 ST,N,2023,MONDAY,CONFLICTED,N,Y,49.220566,-122.622749,N,APRIL,N,MAPLE RIDGE,MAPLE RIDGE,MAPLE RIDGE,N,N,N,LOWER MAINLAND,216 ST & DEWDNEY TRUNK RD,DEWDNEY TRUNK RD,DEWDNEY TRUNK RD,15:00-17:59,1,2
N,CASUALTY CRASH,216 ST,N,2023,MONDAY,REAR END,N,Y,49.10402,-122.624442,N,APRIL,N,LANGLEY,LANGLEY,LANGLEY,N,N,N,LOWER MAINLAND,216 ST & 56 AVE & TURNING LANE,56 AVE,56 AVE,15:00-17:59,1,1
N,CASUALTY CRASH,24 AVE,N,2023,MONDAY,HEAD ON,N,Y,49.045657,-122.812211,N,APRIL,N,SURREY,SURREY,SURREY,N,N,N,LOWER MAINLAND,148 ST & 24 AVE,148 ST,148 ST,15:00-17:59,1,4
N,CASUALTY CRASH,264 ST,N,2023,MONDAY,REAR END,N,Y,49.101569,-122.492803,N,APRIL,N,LANGLEY,LANGLEY,LANGLEY,N,N,N,LOWER MAINLAND,264 ST & 264 ST OFFRAMP & 264 ST ONRAMP & 56 AVE & 56 AVE OFFRAMP & 56 AVE ONRAMP & TRANS-CANADA HWY & TURNING LANE,HWY 1,HWY 1,15:00-17:59,1,2
N,CASUALTY CRASH,264 ST,N,2023,MONDAY,SIDE IMPACT,N,Y,49.059526,-122.49269,N,APRIL,N,LANGLEY,LANGLEY,LANGLEY,N,N,N,LOWER MAINLAND,264 ST & FRASER HWY & TURNING LANE,FRASER HWY,FRASER HWY,15:00-17:59,1,2
N,CASUALTY CRASH,40 AVE,N,2023,MONDAY,REAR END,N,Y,49.074652,-122.801145,N,APRIL,N,SURREY,SURREY,SURREY,N,N,N,LOWER MAINLAND,152 ST & 40 AVE & TURNING LANE,152 ST,152 ST,15:00-17:59,1,1
N,CASUALTY CRASH,56 AVE,N,2023,MONDAY,REAR END,N,Y,49.101569,-122.492803,N,APRIL,N,LANGLEY,LANGLEY,LANGLEY,N,N,N,LOWER MAINLAND,264 ST & 264 ST OFFRAMP & 264 ST ONRAMP & 56 AVE & 56 AVE OFFRAMP & 56 AVE ONRAMP & TRANS-CANADA HWY & TURNING LANE,264 ST,264 ST,15:00-17:59,1,3
N,CASUALTY CRASH,56 AVE,N,2023,MONDAY,REAR END,N,Y,49.104596,-122.642843,N,APRIL,N,LANGLEY,LANGLEY,LANGLEY,N,N,N,LOWER MAINLAND,56 AVE & LANGLEY BYPASS & TURNING LANE,LANGLEY BYPASS,LANGLEY BYPASS,15:00-17:59,1,1
N,CASUALTY CRASH,5TH AVE,N,2023,MONDAY,CONFLICTED,N,N,\N,\N,N,APRIL,N,PRINCE GEORGE,PRINCE GEORGE,\N,Y,N,N,NORTH CENTRAL,UNKNOWN,KINGSTON ST,KINGSTON ST,15:00-17:59,1,1
N,CASUALTY CRASH,68 AVE,N,2023,MONDAY,REAR END,N,Y,49.126204,-122.823309,N,APRIL,N,SURREY,SURREY,SURREY,N,N,N,LOWER MAINLAND,144 ST & 68 AVE,144 ST,144 ST,15:00-17:59,1,2
N,CASUALTY CRASH,68 AVE,N,2023,MONDAY,REAR END,N,Y,49.126227,-122.845525,N,APRIL,N,SURREY,SURREY,SURREY,N,N,N,LOWER MAINLAND,68 AVE & KING GEORGE BLVD & TURNING LANE,KING GEORGE BLVD,KING GEORGE BLVD,15:00-17:59,1,1
N,CASUALTY CRASH,68A AVE,N,2023,MONDAY,REAR END,N,Y,49.127249,-122.734805,N,APRIL,N,SURREY,SURREY,SURREY,N,N,N,LOWER MAINLAND,176 ST & 68A AVE & TURNING LANE,HWY 15,HWY 15,15:00-17:59,1,3
N,CASUALTY CRASH,70B AVE,N,2023,MONDAY,REAR END,N,Y,49.131215,-122.856667,N,APRIL,N,SURREY,SURREY,SURREY,N,N,N,LOWER MAINLAND,132 ST & 70B AVE,132 ST,132 ST,15:00-17:59,1,1
N,CASUALTY CRASH,72 AVE,N,2023,MONDAY,REAR END,N,Y,49.13352,-122.668321,N,APRIL,N,LANGLEY,LANGLEY,LANGLEY,N,N,N,LOWER MAINLAND,200 ST & 72 AVE,200 ST,200 ST,15:00-17:59,1,1
N,CASUALTY CRASH,80 AVE,N,2023,MONDAY,REAR END,N,Y,49.148264,-122.668222,N,APRIL,N,LANGLEY,LANGLEY,LANGLEY,N,N,N,LOWER MAINLAND,200 ST & 80 AVE,200 ST,200 ST,15:00-17:59,1,1
N,CASUALTY CRASH,80 AVE,N,2023,MONDAY,REAR END,Y,Y,49.148264,-122.668222,N,APRIL,N,LANGLEY,LANGLEY,LANGLEY,N,N,N,LOWER MAINLAND,200 ST & 80 AVE,200 ST,200 ST,15:00-17:59,1,2
N,CASUALTY CRASH,80 AVE,N,2023,MONDAY,SIDE IMPACT,N,Y,49.148132,-122.867974,N,APRIL,N,SURREY,SURREY,SURREY,N,N,N,LOWER MAINLAND,128 ST & 80 AVE,128 ST,128 ST,15:00-17:59,1,1
N,CASUALTY CRASH,84 AVE,N,2023,MONDAY,REAR END,N,Y,49.156046,-122.912377,N,APRIL,N,DELTA,DELTA,DELTA,N,N,N,LOWER MAINLAND,112 ST & 84 AVE,112 ST,112 ST,15:00-17:59,1,1
N,CASUALTY CRASH,84 AVE,Y,2023,MONDAY,SINGLE VEHICLE,N,Y,49.155594,-122.668047,N,APRIL,N,LANGLEY,LANGLEY,LANGLEY,N,N,N,LOWER MAINLAND,200 ST & 84 AVE & TURNING LANE,200 ST,200 ST,15:00-17:59,1,1
N,CASUALTY CRASH,96 AVE,N,2023,MONDAY,REAR END,N,Y,49.176897,-122.778867,N,APRIL,N,SURREY,SURREY,SURREY,N,N,N,LOWER MAINLAND,160 ST & 96 AVE,160 ST,160 ST,15:00-17:59,1,1
N,CASUALTY CRASH,96 AVE,N,2023,MONDAY,REAR END,N,Y,49.177066,-122.85131,N,APRIL,N,SURREY,SURREY,SURREY,N,N,N,LOWER MAINLAND,134 ST & 96 AVE,134 ST,134 ST,15:00-17:59,1,2
N,CASUALTY CRASH,ALEX FRASER BRIDGE,N,2023,MONDAY,CONFLICTED,N,Y,49.170914,-122.951312,N,APRIL,N,DELTA,DELTA,DELTA & RICHMOND,N,N,N,LOWER MAINLAND,ALEX FRASER BRIDGE & CLIVEDEN AVE & CLIVEDEN AVE OFFRAMP & CLIVEDEN AVE ONRAMP & HWY 91,HWY 91,HWY 91,15:00-17:59,1,2
N,CASUALTY CRASH,ASH ST,N,2023,MONDAY,CONFLICTED,N,Y,49.140789,-123.119764,N,APRIL,N,RICHMOND,RICHMOND,RICHMOND,N,N,N,LOWER MAINLAND,ASH ST & WILLIAMS RD,WILLIAMS RD,WILLIAMS RD,15:00-17:59,1,2
N,CASUALTY CRASH,AUSTIN AVE,N,2023,MONDAY,REAR END,N,Y,49.248994,-122.869207,N,APRIL,N,COQUITLAM,COQUITLAM,COQUITLAM,N,N,N,LOWER MAINLAND,AUSTIN AVE & BLUE MOUNTAIN ST,BLUE MOUNTAIN ST,BLUE MOUNTAIN ST,15:00-17:59,1,1
N,CASUALTY CRASH,BELL MCKINNON RD,N,2023,MONDAY,REAR END,N,Y,48.836369,-123.713519,N,APRIL,N,DUNCAN,DUNCAN,DUNCAN,N,N,N,VANCOUVER ISLAND,BELL MCKINNON RD & MAYS RD,MAYS RD,MAYS RD,15:00-17:59,1,1
N,CASUALTY CRASH,BOND ST,N,2023,MONDAY,SIDE SWIPE - SAME DIRECTION,N,Y,49.23537,-123.00337,N,APRIL,N,BURNABY,BURNABY,BURNABY,N,N,N,LOWER MAINLAND,BOND ST & WILLINGDON AVE,WILLINGDON AVE,WILLINGDON AVE,15:00-17:59,1,1
N,CASUALTY CRASH,BRIDGEPORT RD,N,2023,MONDAY,CONFLICTED,N,Y,49.191996,-123.077454,N,APRIL,N,RICHMOND,RICHMOND,RICHMOND,N,N,N,LOWER MAINLAND,BRIDGEPORT RD & BRIDGEPORT RD OFFRAMP & BRIDGEPORT RD ONRAMP & KNIGHT ST & KNIGHT ST BRIDGE & MANNINI WAY & TURNING LANE,KNIGHT ST,KNIGHT ST,15:00-17:59,2,4
N,CASUALTY CRASH,BRIDGEPORT RD,N,2023,MONDAY,REAR END,N,Y,49.192008,-123.102705,N,APRIL,N,RICHMOND,RICHMOND,RICHMOND,N,N,N,LOWER MAINLAND,BRIDGEPORT RD & SHELL RD,SHELL RD,SHELL RD,15:00-17:59,1,1
N,CASUALTY CRASH,BROWN RD,N,2023,MONDAY,SIDE IMPACT,N,Y,49.186227,-123.128142,N,APRIL,N,RICHMOND,RICHMOND,RICHMOND,N,N,N,LOWER MAINLAND,BROWN RD & SEXSMITH RD,SEXSMITH RD,SEXSMITH RD,15:00-17:59,1,1
N,CASUALTY CRASH,BURNSIDE RD W,N,2023,MONDAY,CONFLICTED,N,Y,48.462011,-123.402257,N,APRIL,N,SAANICH,SAANICH,SAANICH,N,N,N,VANCOUVER ISLAND,BURNSIDE RD W & MCKENZIE AVE & TURNING LANE,MCKENZIE AVE,MCKENZIE AVE,15:00-17:59,1,1
N,CASUALTY CRASH,BURNSIDE RD W,N,2023,MONDAY,REAR END,N,Y,48.468529,-123.423956,N,APRIL,N,SAANICH,SAANICH,SAANICH & VIEW ROYAL,N,N,N,VANCOUVER ISLAND,BURNSIDE RD W & HELMCKEN RD,HELMCKEN RD,HELMCKEN RD,15:00-17:59,1,2
N,CASUALTY CRASH,BURNSIDE RD W,N,2023,MONDAY,SINGLE VEHICLE,N,Y,48.468529,-123.423956,N,APRIL,Y,SAANICH,SAANICH,SAANICH & VIEW ROYAL,N,N,N,VANCOUVER ISLAND,BURNSIDE RD W & HELMCKEN RD,HELMCKEN RD,HELMCKEN RD,15:00-17:59,1,1
N,CASUALTY CRASH,CADBORO BAY RD,Y,2023,MONDAY,SINGLE VEHICLE,N,Y,48.432172,-123.322417,N,APRIL,N,OAK BAY,OAK BAY,OAK BAY & VICTORIA,N,N,N,VANCOUVER ISLAND,CADBORO BAY RD & FORT ST & FOUL BAY RD,FOUL BAY RD,FOUL BAY RD,15:00-17:59,1,1
N,CASUALTY CRASH,CAMBIE ST,N,2023,MONDAY,REAR END,N,Y,49.248986,-123.115396,N,APRIL,N,VANCOUVER,VANCOUVER,VANCOUVER,N,N,N,LOWER MAINLAND,CAMBIE ST & W KING EDWARD AVE,W KING EDWARD AVE,W KING EDWARD AVE,15:00-17:59,1,1
N,CASUALTY CRASH,CAMWOOD AVE,N,2023,MONDAY,SIDE IMPACT,N,Y,49.21684,-122.64792,N,APRIL,N,MAPLE RIDGE,MAPLE RIDGE,MAPLE RIDGE,N,N,N,LOWER MAINLAND,118 AVE & 207 ST & CAMWOOD AVE,207 ST,207 ST,15:00-17:59,1,1
N,CASUALTY CRASH,CEDAR DR,Y,2023,MONDAY,UNDETERMINED,N,Y,49.271239,-122.739761,N,APRIL,N,PORT COQUITLAM,PORT COQUITLAM,PORT COQUITLAM,N,N,N,LOWER MAINLAND,CEDAR DR & PRAIRIE AVE,PRAIRIE AVE,PRAIRIE AVE,15:00-17:59,1,1
N,CASUALTY CRASH,CLEVELAND AVENUE,N,2023,MONDAY,REAR END,N,N,\N,\N,N,APRIL,N,SQUAMISH,SQUAMISH,\N,N,N,N,LOWER MAINLAND,UNKNOWN,HIGHWAY 99,HIGHWAY 99,15:00-17:59,1,1
N,CASUALTY CRASH,COMOX RD,N,2023,MONDAY,REAR END,N,Y,49.693769,-124.992826,N,APRIL,N,COURTENAY,COURTENAY,COURTENAY,N,N,N,VANCOUVER ISLAND,5TH ST & COMOX RD & OLD ISLAND HWY,5TH ST,5TH ST,15:00-17:59,1,2
N,CASUALTY CRASH,COMOX ST,Y,2023,MONDAY,SINGLE VEHICLE,N,Y,49.285092,-123.1342,N,APRIL,N,VANCOUVER,VANCOUVER,VANCOUVER,N,N,Y,LOWER MAINLAND,BROUGHTON ST & COMOX ST,BROUGHTON ST,BROUGHTON ST,15:00-17:59,1,1
N,CASUALTY CRASH,DAVISON RD,N,2023,MONDAY,REAR END,N,Y,49.227449,-122.688539,N,APRIL,N,PITT MEADOWS,PITT MEADOWS,PITT MEADOWS,N,N,N,LOWER MAINLAND,192A ST & DAVISON RD,192A ST,192A ST,15:00-17:59,1,1
N,CASUALTY CRASH,DILWORTH DR,N,2023,MONDAY,HEAD ON,N,Y,49.881851,-119.437406,N,APRIL,N,KELOWNA,KELOWNA,KELOWNA,N,N,N,SOUTHERN INTERIOR,DILWORTH DR & HARVEY AVE & TURNING LANE,HARVEY AVE,HARVEY AVE,15:00-17:59,1,1
N,CASUALTY CRASH,E 1ST AVE,N,2023,MONDAY,CONFLICTED,N,Y,49.269452,-123.027611,N,APRIL,N,VANCOUVER,VANCOUVER,VANCOUVER,N,N,N,LOWER MAINLAND,E 1ST AVE & E 1ST AVE OFFRAMP & E 1ST AVE ONRAMP & RUPERT ST & RUPERT ST OFFRAMP & TRANS-CANADA HWY & BUS LANE & TURNING LANE,RUPERT ST,RUPERT ST,15:00-17:59,1,1
N,CASUALTY CRASH,E 24TH AVE,N,2023,MONDAY,REAR END,N,Y,49.248768,-123.033816,N,APRIL,N,VANCOUVER,VANCOUVER,VANCOUVER,N,N,N,LOWER MAINLAND,E 24TH AVE & RUPERT ST,RUPERT ST,RUPERT ST,15:00-17:59,1,1
N,CASUALTY CRASH,E 25TH AVE,N,2023,MONDAY,SIDE IMPACT,N,Y,49.247912,-123.023676,N,APRIL,N,BURNABY,BURNABY,BURNABY & VANCOUVER,N,N,N,LOWER MAINLAND,BOUNDARY RD & E 25TH AVE & FOREST ST,BOUNDARY RD,BOUNDARY RD,15:00-17:59,1,1
N,CASUALTY CRASH,E 49TH AVE,N,2023,MONDAY,UNDETERMINED,N,Y,49.225442,-123.090711,N,APRIL,Y,VANCOUVER,VANCOUVER,VANCOUVER,N,N,N,LOWER MAINLAND,E 49TH AVE & FRASER ST,FRASER ST,FRASER ST,15:00-17:59,1,1
N,CASUALTY CRASH,E BROADWAY,N,2023,MONDAY,UNDETERMINED,N,Y,49.262392,-123.077552,N,APRIL,N,VANCOUVER,VANCOUVER,VANCOUVER,N,N,N,LOWER MAINLAND,CLARK DR & E BROADWAY,CLARK DR,CLARK DR,15:00-17:59,1,1
N,CASUALTY CRASH,E HASTINGS ST,N,2023,MONDAY,REAR END,N,Y,49.281168,-123.056544,N,APRIL,N,VANCOUVER,VANCOUVER,VANCOUVER,N,N,N,LOWER MAINLAND,E HASTINGS ST & NANAIMO ST,NANAIMO ST,NANAIMO ST,15:00-17:59,1,1
N,CASUALTY CRASH,ELLIOTT ST,N,2023,MONDAY,REAR END,N,Y,49.207107,-123.056819,N,APRIL,N,VANCOUVER,VANCOUVER,VANCOUVER,N,N,N,LOWER MAINLAND,ELLIOTT ST & SE MARINE DR,SE MARINE DR,SE MARINE DR,15:00-17:59,1,2
N,CASUALTY CRASH,FRASER ST,N,2023,MONDAY,REAR END,N,Y,49.232869,-123.09055,N,APRIL,N,VANCOUVER,VANCOUVER,VANCOUVER,N,N,N,LOWER MAINLAND,E 41ST AVE & FRASER ST,E 41ST AVE,E 41ST AVE,15:00-17:59,1,1
N,CASUALTY CRASH,FRASERWOOD PL,N,2023,MONDAY,SIDE IMPACT,N,Y,49.167622,-122.983611,N,APRIL,N,RICHMOND,RICHMOND,RICHMOND,N,N,N,LOWER MAINLAND,FRASERWOOD PL & GORDON WAY,GORDON WAY,GORDON WAY,15:00-17:59,1,2
N,CASUALTY CRASH,GLADWIN RD,N,2023,MONDAY,REAR END,N,Y,49.038137,-122.315647,N,APRIL,N,ABBOTSFORD,ABBOTSFORD,ABBOTSFORD,N,N,N,LOWER MAINLAND,GLADWIN RD & MARSHALL RD,MARSHALL RD,MARSHALL RD,15:00-17:59,1,1
N,CASUALTY CRASH,GORGE RD W,N,2023,MONDAY,REAR END,N,Y,48.447716,-123.400421,N,APRIL,N,SAANICH,SAANICH,SAANICH,N,N,N,VANCOUVER ISLAND,GORGE RD W & TILLICUM RD & TURNING LANE,TILLICUM RD,TILLICUM RD,15:00-17:59,1,1
N,CASUALTY CRASH,HOWARD AVE,N,2023,MONDAY,REAR END,N,Y,49.280429,-122.98387,N,APRIL,N,BURNABY,BURNABY,BURNABY,N,N,N,LOWER MAINLAND,EMPIRE DR & HASTINGS ST & HOWARD AVE & TURNING LANE,HASTINGS ST,HASTINGS ST,15:00-17:59,1,1
N,CASUALTY CRASH,HOWARD AVE,N,2023,MONDAY,SIDE IMPACT,N,Y,49.162756,-123.955237,N,APRIL,N,NANAIMO,NANAIMO,NANAIMO,N,N,N,VANCOUVER ISLAND,HOWARD AVE & THIRD ST,THIRD ST,THIRD ST,15:00-17:59,1,1
N,CASUALTY CRASH,HWY 1,N,2023,MONDAY,REAR END,N,Y,49.037752,-122.3377,N,APRIL,N,ABBOTSFORD,ABBOTSFORD,ABBOTSFORD,N,N,N,LOWER MAINLAND,CLEARBROOK RD & CLEARBROOK RD OFFRAMP & CLEARBROOK RD ONRAMP & MARSHALL RD & MARSHALL RD OFFRAMP & MARSHALL RD ONRAMP & TRANS-CANADA HWY & TURNING LANE,CLEARBROOK RD ONRAMP,CLEARBROOK RD ONRAMP,15:00-17:59,1,1
N,CASUALTY CRASH,HWY 1,N,2023,MONDAY,SIDE SWIPE - SAME DIRECTION,N,Y,49.234521,-122.878438,N,APRIL,N,COQUITLAM,COQUITLAM,COQUITLAM & NEW WESTMINSTER,N,N,N,LOWER MAINLAND,BRUNETTE AVE & BRUNETTE AVE OFFRAMP & BRUNETTE AVE ONRAMP & TRANS-CANADA HWY,BRUNETTE AVE,BRUNETTE AVE,15:00-17:59,1,2
N,CASUALTY CRASH,HWY 17,N,2023,MONDAY,CONFLICTED,N,Y,48.498849,-123.385139,N,APRIL,N,SAANICH,SAANICH,SAANICH,N,N,N,VANCOUVER ISLAND,PATRICIA BAY HWY & ROYAL OAK DR & ROYAL OAK DR OFFRAMP & ROYAL OAK DR ONRAMP,ROYAL OAK DR,ROYAL OAK DR,15:00-17:59,1,1
N,CASUALTY CRASH,HWY 3A,N,2023,MONDAY,SIDE IMPACT,N,Y,49.382741,-119.611498,N,APRIL,N,KALEDEN,KALEDEN,KALEDEN & OKANAGAN FALLS,N,N,N,SOUTHERN INTERIOR,HWY 3A & HWY 3A ONRAMP & HWY 97 & TURNING LANE,HWY 97,HWY 97,15:00-17:59,1,3
N,CASUALTY CRASH,HWY 97,N,2023,MONDAY,SIDE IMPACT,N,Y,50.211582,-119.306164,N,APRIL,N,VERNON,VERNON,VERNON,N,N,N,SOUTHERN INTERIOR,BIRNIE RD & HWY 97 & VISTA RD & TURNING LANE & UNSIGNED,BIRNIE RD,BIRNIE RD,15:00-17:59,1,1
N,CASUALTY CRASH,HWY 99,N,2023,MONDAY,CONFLICTED,N,Y,50.126152,-122.956045,N,APRIL,N,WHISTLER,WHISTLER,WHISTLER,N,N,N,LOWER MAINLAND,HWY 99 & NANCY GREENE DR & NESTERS RD & VALLEY TRAIL & TURNING LANE,NANCY GREENE DR,NANCY GREENE DR,15:00-17:59,1,1
N,CASUALTY CRASH,HYLAND RD,N,2023,MONDAY,SIDE IMPACT,N,Y,49.124004,-122.823307,N,APRIL,N,SURREY,SURREY,SURREY,N,N,N,LOWER MAINLAND,144 ST & HYLAND RD,144 ST,144 ST,15:00-17:59,1,1
N,CASUALTY CRASH,INTERURBAN RD,N,2023,MONDAY,REAR END,N,Y,48.467386,-123.401975,N,APRIL,Y,SAANICH,SAANICH,SAANICH,N,N,N,VANCOUVER ISLAND,INTERURBAN RD & VIOLET AVE,VIOLET AVE,VIOLET AVE,15:00-17:59,1,1
N,CASUALTY CRASH,JOE SAKIC WAY,N,2023,MONDAY,CONFLICTED,N,Y,49.253455,-122.96653,N,APRIL,N,BURNABY,BURNABY,BURNABY,N,N,N,LOWER MAINLAND,JOE SAKIC WAY & KENSINGTON AVE & LAUREL ST,KENSINGTON AVE,KENSINGTON AVE,15:00-17:59,1,3
N,CASUALTY CRASH,JOE SAKIC WAY,N,2023,MONDAY,REAR END,N,Y,49.253455,-122.96653,N,APRIL,N,BURNABY,BURNABY,BURNABY,N,N,N,LOWER MAINLAND,JOE SAKIC WAY & KENSINGTON AVE & LAUREL ST,KENSINGTON AVE,KENSINGTON AVE,15:00-17:59,1,1
N,CASUALTY CRASH,KENNEDY RD,N,2023,MONDAY,REAR END,N,Y,49.558897,-115.77114,N,APRIL,N,CRANBROOK,CRANBROOK,CRANBROOK,N,N,N,SOUTHERN INTERIOR,HWY 95A & KENNEDY RD & STANYER RD,HWY 95A,HWY 95A,15:00-17:59,1,4
N,CASUALTY CRASH,KENSINGTON AVE,N,2023,MONDAY,CONFLICTED,N,Y,49.243677,-122.967599,N,APRIL,N,BURNABY,BURNABY,BURNABY,N,N,N,LOWER MAINLAND,KENSINGTON AVE & KENSINGTON AVE OFFRAMP & TRANS-CANADA HWY & TRANS-CANADA HWY ONRAMP,HWY 1,HWY 1,15:00-17:59,1,3
N,CASUALTY CRASH,KENSINGTON AVE,N,2023,MONDAY,REAR END,N,Y,49.243677,-122.967599,N,APRIL,N,BURNABY,BURNABY,BURNABY,N,N,N,LOWER MAINLAND,KENSINGTON AVE & KENSINGTON AVE OFFRAMP & TRANS-CANADA HWY & TRANS-CANADA HWY ONRAMP,HWY 1,HWY 1,15:00-17:59,1,1
N,CASUALTY CRASH,KING GEORGE BLVD,N,2023,MONDAY,REAR END,N,N,\N,\N,N,APRIL,N,SURREY,SURREY,\N,N,N,N,LOWER MAINLAND,UNKNOWN,70B AVE,70B AVE,15:00-17:59,1,1
N,CASUALTY CRASH,LAUREL ST,Y,2023,MONDAY,SINGLE VEHICLE,N,Y,49.265947,-123.124076,N,APRIL,N,VANCOUVER,VANCOUVER,VANCOUVER,N,N,N,LOWER MAINLAND,LAUREL ST & W 6TH AVE,W 6TH AVE,W 6TH AVE,15:00-17:59,1,1
N,CASUALTY CRASH,LOUGHEED HWY,N,2023,MONDAY,CONFLICTED,N,Y,49.27352,-122.790547,N,APRIL,N,COQUITLAM,COQUITLAM,COQUITLAM & PORT COQUITLAM,N,N,N,LOWER MAINLAND,LOUGHEED HWY & WESTWOOD ST & TURNING LANE,WESTWOOD ST,WESTWOOD ST,15:00-17:59,1,3
N,CASUALTY CRASH,LOUGHEED HWY,N,2023,MONDAY,REAR END,N,Y,49.25327,-122.918953,N,APRIL,N,BURNABY,BURNABY,BURNABY,N,N,N,LOWER MAINLAND,BRIGHTON AVE & LOUGHEED HWY & PRODUCTION WAY & TURNING LANE,BRIGHTON AVE,BRIGHTON AVE,15:00-17:59,1,1
N,CASUALTY CRASH,MAUREEN CRES,N,2023,MONDAY,SIDE SWIPE - SAME DIRECTION,N,Y,49.280392,-122.955947,N,APRIL,Y,BURNABY,BURNABY,BURNABY,N,N,N,LOWER MAINLAND,HASTINGS ST & MAUREEN CRES,HASTINGS ST,HASTINGS ST,15:00-17:59,1,1
N,CASUALTY CRASH,MCKEE RD,N,2023,MONDAY,CONFLICTED,N,Y,49.079198,-122.212739,N,APRIL,N,ABBOTSFORD,ABBOTSFORD,ABBOTSFORD,N,N,N,LOWER MAINLAND,BLAUSON BLVD & MCKEE RD,BLAUSON BLVD,BLAUSON BLVD,15:00-17:59,1,1
N,CASUALTY CRASH,MORIARTY CRES,N,2023,MONDAY,REAR END,N,Y,53.868134,-122.773468,N,APRIL,N,PRINCE GEORGE,PRINCE GEORGE,PRINCE GEORGE,N,N,N,NORTH CENTRAL,DOMANO BLVD & MORIARTY CRES & MALL ACCESS,DOMANO BLVD,DOMANO BLVD,15:00-17:59,1,3
N,CASUALTY CRASH,MT SICKER RD,N,2023,MONDAY,REAR END,N,Y,48.874793,-123.707003,N,APRIL,N,CHEMAINUS,CHEMAINUS,CHEMAINUS & WESTHOLME,N,N,N,VANCOUVER ISLAND,MT SICKER RD & TRANS-CANADA HWY & TURNING LANE,HWY 1,HWY 1,15:00-17:59,1,1
N,CASUALTY CRASH,NATAL ST,N,2023,MONDAY,REAR TO REAR,N,Y,49.258135,-123.030321,N,APRIL,N,VANCOUVER,VANCOUVER,VANCOUVER,N,Y,N,LOWER MAINLAND,GRANDVIEW HWY & NATAL ST,GRANDVIEW HWY,GRANDVIEW HWY,15:00-17:59,1,1
N,CASUALTY CRASH,NELSON RD,N,2023,MONDAY,CONFLICTED,N,Y,49.169866999999996,-123.012915,N,APRIL,N,RICHMOND,RICHMOND,RICHMOND,N,N,N,LOWER MAINLAND,NELSON RD & NELSON RD OFFRAMP & WESTMINSTER HWY,WESTMINSTER HWY,WESTMINSTER HWY,15:00-17:59,1,1
N,CASUALTY CRASH,NELTHORPE ST,N,2023,MONDAY,CONFLICTED,N,Y,48.468957,-123.373245,N,APRIL,N,SAANICH,SAANICH,SAANICH,N,N,N,VANCOUVER ISLAND,MCKENZIE AVE & NELTHORPE ST,MCKENZIE AVE,MCKENZIE AVE,15:00-17:59,1,1
N,CASUALTY CRASH,NOOTKA ST,N,2023,MONDAY,REAR END,N,Y,49.258149,-123.041596,N,APRIL,N,VANCOUVER,VANCOUVER,VANCOUVER,N,N,N,LOWER MAINLAND,GRANDVIEW HWY & NOOTKA ST,GRANDVIEW HWY,GRANDVIEW HWY,15:00-17:59,1,1
N,CASUALTY CRASH,NORDEL WAY,N,2023,MONDAY,REAR END,N,Y,49.16172,-122.902147,N,APRIL,N,DELTA,DELTA,DELTA,N,N,N,LOWER MAINLAND,116 ST & NORDEL WAY,116 ST,116 ST,15:00-17:59,1,1
N,CASUALTY CRASH,OLD YALE RD,N,2023,MONDAY,REAR END,N,Y,49.189336,-122.861573,N,APRIL,N,SURREY,SURREY,SURREY,N,N,N,LOWER MAINLAND,OLD YALE RD & SEMIAHMOO RD,SEMIAHMOO RD,SEMIAHMOO RD,15:00-17:59,1,3
N,CASUALTY CRASH,OSLER ST,N,2023,MONDAY,REAR END,N,Y,49.249259,-123.129792,N,APRIL,N,VANCOUVER,VANCOUVER,VANCOUVER,N,N,N,LOWER MAINLAND,OSLER ST & W KING EDWARD AVE,W KING EDWARD AVE,W KING EDWARD AVE,15:00-17:59,1,1
N,CASUALTY CRASH,PARKCREST AVE,N,2023,MONDAY,REAR END,N,Y,50.709409,-120.384103,N,APRIL,N,KAMLOOPS,KAMLOOPS,KAMLOOPS,N,N,N,SOUTHERN INTERIOR,PARKCREST AVE & SINGH ST,SINGH ST,SINGH ST,15:00-17:59,1,3
N,CASUALTY CRASH,PARKER ST,N,2023,MONDAY,UNDETERMINED,N,Y,49.275598,-123.006004,N,APRIL,N,BURNABY,BURNABY,BURNABY,N,N,N,LOWER MAINLAND,PARKER ST & ROSSER AVE,ROSSER AVE,ROSSER AVE,15:00-17:59,1,2
N,CASUALTY CRASH,PENTICTON ST,N,2023,MONDAY,SINGLE VEHICLE,N,Y,49.269485,-123.052072,N,APRIL,N,VANCOUVER,VANCOUVER,VANCOUVER,N,N,Y,LOWER MAINLAND,E 1ST AVE & PENTICTON ST,E 1ST AVE,E 1ST AVE,15:00-17:59,1,1
N,CASUALTY CRASH,PINE CRES,N,2023,MONDAY,REAR END,N,Y,49.242011,-123.146792,N,APRIL,N,VANCOUVER,VANCOUVER,VANCOUVER,N,N,N,LOWER MAINLAND,PINE CRES & W 33RD AVE,W 33RD AVE,W 33RD AVE,15:00-17:59,1,1
N,CASUALTY CRASH,PRINCE EDWARD ST,N,2023,MONDAY,CONFLICTED,Y,Y,49.262639,-123.096,N,APRIL,N,VANCOUVER,VANCOUVER,VANCOUVER,Y,Y,N,LOWER MAINLAND,E BROADWAY & PRINCE EDWARD ST,E BROADWAY,E BROADWAY,15:00-17:59,1,1
N,CASUALTY CRASH,QUADRA ST,Y,2023,MONDAY,SINGLE VEHICLE,N,Y,48.422362,-123.360126,N,APRIL,N,VICTORIA,VICTORIA,VICTORIA,N,N,N,VANCOUVER ISLAND,COURTNEY ST & QUADRA ST,COURTNEY ST,COURTNEY ST,15:00-17:59,1,1
N,CASUALTY CRASH,QUEENSBOROUGH BRIDGE,N,2023,MONDAY,REAR END,N,Y,49.197808,-122.948705,N,APRIL,N,BURNABY,BURNABY,BURNABY & NEW WESTMINSTER,N,N,N,LOWER MAINLAND,HWY 91A & MARINE WAY & MARINE WAY OFFRAMP & MARINE WAY ONRAMP & QUEENSBOROUGH BRIDGE & SIXTH AVE OFFRAMP & SIXTH AVE ONRAMP & STEWARDSON WAY & STEWARDSON WAY OFFRAMP & STEWARDSON WAY ONRAMP & TWENTY-THIRD ST & EMERGENCY LANE,HWY 91A,HWY 91A,15:00-17:59,1,4
N,CASUALTY CRASH,ROYAL OAK AVE,N,2023,MONDAY,SIDE IMPACT,N,Y,49.229914,-122.988907,N,APRIL,N,BURNABY,BURNABY,BURNABY,N,N,N,LOWER MAINLAND,DOVER ST & OAKLAND ST & ROYAL OAK AVE,DOVER ST,DOVER ST,15:00-17:59,1,1
N,CASUALTY CRASH,RUPERT ST,N,2023,MONDAY,HEAD ON,N,Y,49.258127,-123.033793,N,APRIL,N,VANCOUVER,VANCOUVER,VANCOUVER,N,N,N,LOWER MAINLAND,GRANDVIEW HWY & RUPERT ST,GRANDVIEW HWY,GRANDVIEW HWY,15:00-17:59,1,1
N,CASUALTY CRASH,RUPERT ST,N,2023,MONDAY,UNDETERMINED,N,Y,49.224733,-123.044154,N,APRIL,N,VANCOUVER,VANCOUVER,VANCOUVER,N,N,N,LOWER MAINLAND,E 49TH AVE & RUPERT ST,E 49TH AVE,E 49TH AVE,15:00-17:59,1,1
N,CASUALTY CRASH,SAYWARD RD,N,2023,MONDAY,REAR END,N,N,\N,\N,N,APRIL,N,CENTRAL SAANICH,CENTRAL SAANICH,\N,N,N,N,VANCOUVER ISLAND,UNKNOWN,HWY 17,HWY 17,15:00-17:59,1,1
N,CASUALTY CRASH,SAYWARD RD,N,2023,MONDAY,REAR END,N,Y,48.537577,-123.389272,N,APRIL,N,SAANICH,SAANICH,SAANICH,N,N,N,VANCOUVER ISLAND,PATRICIA BAY HWY & SAYWARD RD & TURNING LANE,PAT BAY HWY,PAT BAY HWY,15:00-17:59,1,2
N,CASUALTY CRASH,SCOTT ST,N,2023,MONDAY,REAR END,N,Y,49.089418,-122.415222,N,APRIL,N,ABBOTSFORD,ABBOTSFORD,ABBOTSFORD,N,N,N,LOWER MAINLAND,SCOTT ST & TOWNSHIPLINE RD,TOWNSHIPLINE RD,TOWNSHIPLINE RD,15:00-17:59,1,1
N,CASUALTY CRASH,SHERLING AVE,N,2023,MONDAY,REAR END,N,Y,49.253039,-122.741938,N,APRIL,N,PORT COQUITLAM,PORT COQUITLAM,PORT COQUITLAM,N,N,N,LOWER MAINLAND,LOUGHEED HWY & SHERLING AVE & INDUSTRIAL ACCESS & TURNING LANE,LOUGHEED HWY,LOUGHEED HWY,15:00-17:59,1,1
N,CASUALTY CRASH,SIDNEY ST,N,2023,MONDAY,SIDE IMPACT,N,Y,49.244501,-123.063765,N,APRIL,N,VANCOUVER,VANCOUVER,VANCOUVER,N,N,N,LOWER MAINLAND,KINGSWAY & SIDNEY ST,KINGSWAY,KINGSWAY,15:00-17:59,1,1
N,CASUALTY CRASH,SPRINGFIELD RD,N,2023,MONDAY,REAR END,N,Y,49.877203,-119.436472,N,APRIL,N,KELOWNA,KELOWNA,KELOWNA,N,N,N,SOUTHERN INTERIOR,BENVOULIN RD & DILWORTH DR & SPRINGFIELD RD & TURNING LANE,DILWORTH DR,DILWORTH DR,15:00-17:59,1,1
N,CASUALTY CRASH,ST GEORGES AVE,N,2023,MONDAY,SINGLE VEHICLE,N,Y,49.327209,-123.069067,N,APRIL,N,NORTH VANCOUVER,NORTH VANCOUVER,NORTH VANCOUVER,N,N,Y,LOWER MAINLAND,E 20TH ST & ST GEORGES AVE,E 20TH ST,E 20TH ST,15:00-17:59,1,1
N,CASUALTY CRASH,SUMAS WAY,N,2023,MONDAY,REAR END,N,Y,49.036399,-122.267756,N,APRIL,N,ABBOTSFORD,ABBOTSFORD,ABBOTSFORD,N,N,N,LOWER MAINLAND,DELAIR RD & EAST DELAIR RD & SUMAS WAY & TURNING LANE,DELAIR RD,DELAIR RD,15:00-17:59,1,2
N,CASUALTY CRASH,SUMAS WAY,N,2023,MONDAY,REAR END,N,Y,49.038185,-122.268965,N,APRIL,N,ABBOTSFORD,ABBOTSFORD,ABBOTSFORD,N,N,N,LOWER MAINLAND,MARSHALL RD & SUMAS WAY & TURNING LANE,MARSHALL RD,MARSHALL RD,15:00-17:59,1,1
N,CASUALTY CRASH,UNIVERSITY DR,N,2023,MONDAY,REAR END,N,Y,49.186094,-122.851808,N,APRIL,N,SURREY,SURREY,SURREY,N,N,N,LOWER MAINLAND,OLD YALE RD & UNIVERSITY DR,OLD YALE RD,OLD YALE RD,15:00-17:59,1,1
N,CASUALTY CRASH,W 13TH AVE,N,2023,MONDAY,SIDE SWIPE - SAME DIRECTION,N,Y,49.25994,-123.145903,N,APRIL,N,VANCOUVER,VANCOUVER,VANCOUVER,N,N,N,LOWER MAINLAND,BURRARD ST & W 13TH AVE,BURRARD ST,BURRARD ST,15:00-17:59,1,1
N,CASUALTY CRASH,W 1ST AVE,N,2023,MONDAY,REAR END,N,Y,49.270666,-123.145483,N,APRIL,N,VANCOUVER,VANCOUVER,VANCOUVER,N,N,N,LOWER MAINLAND,BURRARD ST & W 1ST AVE,BURRARD ST,BURRARD ST,15:00-17:59,1,3
N,CASUALTY CRASH,W 37TH AVE,N,2023,MONDAY,SIDE IMPACT,N,Y,49.237648,-123.127951,N,APRIL,N,VANCOUVER,VANCOUVER,VANCOUVER,N,N,N,LOWER MAINLAND,OAK ST & W 37TH AVE,OAK ST,OAK ST,15:00-17:59,1,1
N,CASUALTY CRASH,W 70TH AVE,N,2023,MONDAY,UNDETERMINED,N,Y,49.208513,-123.13315,N,APRIL,N,VANCOUVER,VANCOUVER,VANCOUVER,N,N,Y,LOWER MAINLAND,SELKIRK ST & W 70TH AVE,SELKIRK ST,SELKIRK ST,15:00-17:59,1,1
N,CASUALTY CRASH,W KING EDWARD AVE,Y,2023,MONDAY,SINGLE VEHICLE,N,Y,49.251529,-123.15308,N,APRIL,N,VANCOUVER,VANCOUVER,VANCOUVER,N,N,N,LOWER MAINLAND,ARBUTUS GREENWAY & ARBUTUS ST & W KING EDWARD AVE,ARBUTUS ST,ARBUTUS ST,15:00-17:59,1,1
N,CASUALTY CRASH,WILLIAMS ST,N,2023,MONDAY,CONFLICTED,N,Y,49.276643,-122.845378,N,APRIL,N,PORT MOODY,PORT MOODY,PORT MOODY,N,N,N,LOWER MAINLAND,ST JOHNS ST & WILLIAMS ST,ST JOHNS ST,ST JOHNS ST,15:00-17:59,1,1
N,CASUALTY CRASH,WILLINGDON AVE,N,2023,MONDAY,REAR END,N,Y,49.266408,-123.003199,N,APRIL,N,BURNABY,BURNABY,BURNABY,N,N,N,LOWER MAINLAND,LOUGHEED HWY & WILLINGDON AVE,LOUGHEED HWY,LOUGHEED HWY,15:00-17:59,2,2
N,PROPERTY DAMAGE ONLY,\N,N,2023,MONDAY,CONFLICTED,N,N,\N,\N,N,APRIL,N,COMOX,COMOX,\N,Y,N,N,VANCOUVER ISLAND,UNKNOWN,RYAN RD E,RYAN RD E,15:00-17:59,1,0
N,PROPERTY DAMAGE ONLY,\N,N,2023,MONDAY,CONFLICTED,N,N,\N,\N,N,APRIL,N,DELTA,DELTA,\N,N,N,N,LOWER MAINLAND,UNKNOWN,HWY 91 CONNECTR,HWY 91 CONNECTR,15:00-17:59,1,0
N,PROPERTY DAMAGE ONLY,\N,N,2023,MONDAY,CONFLICTED,N,N,48.439519,-123.358513,Y,APRIL,N,VICTORIA,VICTORIA,VICTORIA,N,Y,N,VANCOUVER ISLAND,HILLSIDE AVE # 001000 TO 001029,HILLSIDE AVE,HILLSIDE AVE,15:00-17:59,1,0
N,PROPERTY DAMAGE ONLY,\N,N,2023,MONDAY,CONFLICTED,N,N,48.648888,-123.395997,Y,APRIL,N,SIDNEY,SIDNEY,SIDNEY,N,Y,N,VANCOUVER ISLAND,BEACON AVE # 002503 TO 002535 odd,BEACON AVE,BEACON AVE,15:00-17:59,1,0
N,PROPERTY DAMAGE ONLY,\N,N,2023,MONDAY,CONFLICTED,N,N,49.140145,-122.845542,Y,APRIL,N,SURREY,SURREY,SURREY,N,Y,N,LOWER MAINLAND,KING GEORGE BLVD # 007544 TO 007598 even,KING GEORGE BLVD,KING GEORGE BLVD,15:00-17:59,1,0
N,PROPERTY DAMAGE ONLY,\N,N,2023,MONDAY,CONFLICTED,N,N,49.171086,-123.14026,Y,APRIL,N,RICHMOND,RICHMOND,RICHMOND,N,Y,N,LOWER MAINLAND,MINORU BLVD # 005901 TO 005999 odd,MINORU BLVD,MINORU BLVD,15:00-17:59,1,0
N,PROPERTY DAMAGE ONLY,\N,N,2023,MONDAY,CONFLICTED,N,N,49.237059,-124.048518,Y,APRIL,N,NANAIMO,NANAIMO,NANAIMO,N,Y,N,VANCOUVER ISLAND,MALL ACCESS # 006631 TO 006631 odd,ISLAND HWY N,ISLAND HWY N,15:00-17:59,1,0
N,PROPERTY DAMAGE ONLY,\N,N,2023,MONDAY,CONFLICTED,N,N,49.248982,-122.860071,Y,APRIL,N,COQUITLAM,COQUITLAM,COQUITLAM,Y,Y,N,LOWER MAINLAND,AUSTIN AVE # 001100 TO 001299,AUSTIN AVE,AUSTIN AVE,15:00-17:59,1,0
N,PROPERTY DAMAGE ONLY,\N,N,2023,MONDAY,CONFLICTED,N,N,49.482616,-119.575835,Y,APRIL,N,PENTICTON,PENTICTON,PENTICTON,N,Y,N,SOUTHERN INTERIOR,CARMI AVE # 000600 TO 000749,CARMI AVE,CARMI AVE,15:00-17:59,1,0
N,PROPERTY DAMAGE ONLY,\N,N,2023,MONDAY,CONFLICTED,N,N,50.032648,-125.269516,Y,APRIL,N,CAMPBELL RIVER,CAMPBELL RIVER,CAMPBELL RIVER,N,N,N,VANCOUVER ISLAND,ISLAND HWY # 001800 TO 001899,ISLAND HWY,ISLAND HWY,15:00-17:59,1,0
N,PROPERTY DAMAGE ONLY,\N,N,2023,MONDAY,HEAD ON,N,N,\N,\N,N,APRIL,N,COQUITLAM,COQUITLAM,\N,N,N,N,LOWER MAINLAND,UNKNOWN,LOUGHEED HWY,LOUGHEED HWY,15:00-17:59,1,0
N,PROPERTY DAMAGE ONLY,\N,N,2023,MONDAY,HEAD ON,N,N,48.798915,-123.639036,Y,APRIL,N,DUNCAN,DUNCAN,DUNCAN,Y,Y,N,VANCOUVER ISLAND,DONNAY DR # 001483 TO 001504,DONNAY DR,DONNAY DR,15:00-17:59,1,0
N,PROPERTY DAMAGE ONLY,\N,N,2023,MONDAY,HEAD ON,N,N,49.189292,-123.988834,Y,APRIL,N,NANAIMO,NANAIMO,NANAIMO,Y,Y,N,VANCOUVER ISLAND,BOWEN RD # 002101 TO 002129 odd,BOWEN RD,BOWEN RD,15:00-17:59,1,0
N,PROPERTY DAMAGE ONLY,\N,N,2023,MONDAY,HEAD ON,N,N,49.219331,-122.959266,Y,APRIL,N,BURNABY,BURNABY,BURNABY,N,Y,N,LOWER MAINLAND,ARCOLA ST # 006900 TO 007099,ARCOLA ST,ARCOLA ST,15:00-17:59,1,0
N,PROPERTY DAMAGE ONLY,\N,N,2023,MONDAY,HEAD ON,N,N,49.668375,-124.977446,Y,APRIL,N,COURTENAY,COURTENAY,COURTENAY,Y,Y,N,VANCOUVER ISLAND,CLIFFE AVE # 003040 TO 003299,CLIFFE AVE,CLIFFE AVE,15:00-17:59,1,0
N,PROPERTY DAMAGE ONLY,\N,N,2023,MONDAY,HEAD ON,N,N,56.251081,-120.850184,Y,APRIL,N,FORT ST. JOHN,FORT ST. JOHN,FORT ST. JOHN,Y,N,N,NORTH CENTRAL,105 AVE # 010100 TO 010199,105 AVE,105 AVE,15:00-17:59,1,0
N,PROPERTY DAMAGE ONLY,\N,N,2023,MONDAY,REAR END,N,N,\N,\N,N,APRIL,N,ABBOTSFORD,ABBOTSFORD,\N,N,N,N,LOWER MAINLAND,UNKNOWN,HWY 1,HWY 1,15:00-17:59,1,0
N,PROPERTY DAMAGE ONLY,\N,N,2023,MONDAY,REAR END,N,N,\N,\N,N,APRIL,N,ABBOTSFORD,ABBOTSFORD,\N,N,Y,N,LOWER MAINLAND,UNKNOWN,80TH AVE,80TH AVE,15:00-17:59,1,0
N,PROPERTY DAMAGE ONLY,\N,N,2023,MONDAY,REAR END,N,N,\N,\N,N,APRIL,N,BURNABY,BURNABY,\N,N,N,N,LOWER MAINLAND,UNKNOWN,KINGSWAY,KINGSWAY,15:00-17:59,1,0
N,PROPERTY DAMAGE ONLY,\N,N,2023,MONDAY,REAR END,N,N,\N,\N,N,APRIL,N,CHILLIWACK,CHILLIWACK,\N,N,N,N,LOWER MAINLAND,UNKNOWN,EAGLE LANDING PKY,EAGLE LANDING PKY,15:00-17:59,1,0
N,PROPERTY DAMAGE ONLY,\N,N,2023,MONDAY,REAR END,N,N,\N,\N,N,APRIL,N,CHILLIWACK,CHILLIWACK,\N,N,N,N,LOWER MAINLAND,UNKNOWN,LUCKAKUCK WAY,LUCKAKUCK WAY,15:00-17:59,1,0
N,PROPERTY DAMAGE ONLY,\N,N,2023,MONDAY,REAR END,N,N,\N,\N,N,APRIL,N,DELTA,DELTA,\N,N,N,N,LOWER MAINLAND,UNKNOWN,CANOE PASS WAY,CANOE PASS WAY,15:00-17:59,1,0
N,PROPERTY DAMAGE ONLY,\N,N,2023,MONDAY,REAR END,N,N,\N,\N,N,APRIL,N,DELTA,DELTA,\N,Y,Y,N,LOWER MAINLAND,UNKNOWN,120 ST,120 ST,15:00-17:59,1,0
N,PROPERTY DAMAGE ONLY,\N,N,2023,MONDAY,REAR END,N,N,\N,\N,N,APRIL,N,DUNCAN,DUNCAN,\N,N,N,N,VANCOUVER ISLAND,UNKNOWN,HWY 1,HWY 1,15:00-17:59,1,0
N,PROPERTY DAMAGE ONLY,\N,N,2023,MONDAY,REAR END,N,N,\N,\N,N,APRIL,N,KAMLOOPS,KAMLOOPS,\N,Y,N,N,SOUTHERN INTERIOR,UNKNOWN,13TH ST,13TH ST,15:00-17:59,1,0
N,PROPERTY DAMAGE ONLY,\N,N,2023,MONDAY,REAR END,N,N,\N,\N,N,APRIL,N,NEW WESTMINSTER,NEW WESTMINSTER,\N,N,N,N,LOWER MAINLAND,UNKNOWN,10TH AVE,10TH AVE,15:00-17:59,1,0
N,PROPERTY DAMAGE ONLY,\N,N,2023,MONDAY,REAR END,N,N,\N,\N,N,APRIL,N,SAANICH,SAANICH,\N,N,N,N,VANCOUVER ISLAND,UNKNOWN,PATRICIA BAY HWY,PATRICIA BAY HWY,15:00-17:59,1,0
N,PROPERTY DAMAGE ONLY,\N,N,2023,MONDAY,REAR END,N,N,\N,\N,N,APRIL,N,SURREY,SURREY,\N,N,N,N,LOWER MAINLAND,UNKNOWN,176 ST,176 ST,15:00-17:59,1,0
N,PROPERTY DAMAGE ONLY,\N,N,2023,MONDAY,REAR END,N,N,\N,\N,N,APRIL,N,SURREY,SURREY,\N,N,N,N,LOWER MAINLAND,UNKNOWN,HWY 10,HWY 10,15:00-17:59,1,0
N,PROPERTY DAMAGE ONLY,\N,N,2023,MONDAY,REAR END,N,N,\N,\N,N,APRIL,N,SURREY,SURREY,\N,N,N,N,LOWER MAINLAND,UNKNOWN,HWY 91,HWY 91,15:00-17:59,1,0
N,PROPERTY DAMAGE ONLY,\N,N,2023,MONDAY,REAR END,N,N,\N,\N,N,APRIL,N,SURREY,SURREY,\N,Y,Y,N,LOWER MAINLAND,UNKNOWN,120 ST,120 ST,15:00-17:59,1,0
N,PROPERTY DAMAGE ONLY,\N,N,2023,MONDAY,REAR END,N,N,\N,\N,N,APRIL,N,WEST VANCOUVER,WEST VANCOUVER,\N,N,N,N,LOWER MAINLAND,UNKNOWN,MATHERS AVE,MATHERS AVE,15:00-17:59,1,0
N,PROPERTY DAMAGE ONLY,\N,N,2023,MONDAY,REAR END,N,N,48.44164,-123.510888,Y,APRIL,N,LANGFORD,LANGFORD,LANGFORD,N,Y,N,VANCOUVER ISLAND,JACKLIN RD # 002937 TO 002979,JACKLIN RD,JACKLIN RD,15:00-17:59,1,0
N,PROPERTY DAMAGE ONLY,\N,N,2023,MONDAY,REAR END,N,N,48.482791,-123.38159,Y,APRIL,N,SAANICH,SAANICH,SAANICH,Y,N,N,VANCOUVER ISLAND,KIMBERLY PL # 000800 TO 000819,KIMBERLY PL,KIMBERLY PL,15:00-17:59,1,0
N,PROPERTY DAMAGE ONLY,\N,N,2023,MONDAY,REAR END,N,N,48.649587,-123.40373,Y,APRIL,N,SIDNEY,SIDNEY,SIDNEY,N,Y,N,VANCOUVER ISLAND,SEVENTH ST # 009800 TO 009849,SEVENTH ST,SEVENTH ST,15:00-17:59,1,0
N,PROPERTY DAMAGE ONLY,\N,N,2023,MONDAY,REAR END,N,N,49.140145,-122.845542,Y,APRIL,N,SURREY,SURREY,SURREY,Y,Y,N,LOWER MAINLAND,KING GEORGE BLVD # 007544 TO 007598 even,KING GEORGE BLVD,KING GEORGE BLVD,15:00-17:59,1,0
N,PROPERTY DAMAGE ONLY,\N,N,2023,MONDAY,REAR END,N,N,49.158918,-123.934132,Y,APRIL,N,NANAIMO,NANAIMO,NANAIMO,N,Y,N,VANCOUVER ISLAND,NICOL ST # 000100 TO 000199,NICOL ST,NICOL ST,15:00-17:59,1,0
N,PROPERTY DAMAGE ONLY,\N,N,2023,MONDAY,REAR END,N,N,49.165436,-122.799603,Y,APRIL,N,SURREY,SURREY,SURREY,Y,Y,N,LOWER MAINLAND,FRASER HWY # 015201 TO 015319 odd,FRASER HWY,FRASER HWY,15:00-17:59,1,0
N,PROPERTY DAMAGE ONLY,\N,N,2023,MONDAY,REAR END,N,N,49.185649,-123.081666,Y,APRIL,N,RICHMOND,RICHMOND,RICHMOND,Y,Y,N,LOWER MAINLAND,CLARKE PL # 012701 TO 012899,CLARKE PL,CLARKE PL,15:00-17:59,1,0
N,PROPERTY DAMAGE ONLY,\N,N,2023,MONDAY,REAR END,N,N,49.188103,-123.133167,Y,APRIL,N,RICHMOND,RICHMOND,RICHMOND,Y,Y,N,LOWER MAINLAND,NO 3 RD # 003400 TO 003598 even,NO 3 RD,NO 3 RD,15:00-17:59,1,0
N,PROPERTY DAMAGE ONLY,\N,N,2023,MONDAY,REAR END,N,N,49.203954,-122.845287,Y,APRIL,N,SURREY,SURREY,SURREY,Y,N,N,LOWER MAINLAND,136 ST # 011060 TO 011099,136 ST,136 ST,15:00-17:59,1,0
N,PROPERTY DAMAGE ONLY,\N,N,2023,MONDAY,REAR END,N,N,49.224704,-122.673335,Y,APRIL,N,PITT MEADOWS,PITT MEADOWS,PITT MEADOWS,Y,Y,N,LOWER MAINLAND,LOUGHEED HWY # 019800 TO 019808 even,LOUGHEED HWY,LOUGHEED HWY,15:00-17:59,1,0
N,PROPERTY DAMAGE ONLY,\N,N,2023,MONDAY,REAR END,N,N,49.233626,-122.85721,Y,APRIL,N,COQUITLAM,COQUITLAM,COQUITLAM,Y,Y,N,LOWER MAINLAND,LOUGHEED HWY # 001101 TO 001499 odd,LOUGHEED HWY,LOUGHEED HWY,15:00-17:59,1,0
N,PROPERTY DAMAGE ONLY,\N,N,2023,MONDAY,REAR END,N,N,49.244356,-124.806139,Y,APRIL,N,PORT ALBERNI,PORT ALBERNI,PORT ALBERNI,Y,N,N,VANCOUVER ISLAND,4TH AVE # 003730 TO 003775,4TH AVE,4TH AVE,15:00-17:59,1,0
N,PROPERTY DAMAGE ONLY,\N,N,2023,MONDAY,REAR END,N,N,49.272603,-123.15617,Y,APRIL,N,VANCOUVER,VANCOUVER,VANCOUVER,N,N,N,LOWER MAINLAND,CORNWALL AVE # 002200 TO 002299,CORNWALL AVE,CORNWALL AVE,15:00-17:59,1,0
N,PROPERTY DAMAGE ONLY,\N,N,2023,MONDAY,REAR END,N,N,49.274227,-122.756167,Y,APRIL,N,PORT COQUITLAM,PORT COQUITLAM,PORT COQUITLAM,Y,N,N,LOWER MAINLAND,COAST MERIDIAN RD # 003400 TO 003499,COAST MERIDIAN RD,COAST MERIDIAN RD,15:00-17:59,1,0
N,PROPERTY DAMAGE ONLY,\N,N,2023,MONDAY,REAR END,N,N,49.482646,-119.578336,Y,APRIL,N,PENTICTON,PENTICTON,PENTICTON,Y,Y,N,SOUTHERN INTERIOR,CARMI AVE # 000550 TO 000579,CARMI AVE,CARMI AVE,15:00-17:59,1,0
N,PROPERTY DAMAGE ONLY,\N,N,2023,MONDAY,REAR END,N,N,49.708426,-124.969312,Y,APRIL,N,COURTENAY,COURTENAY,COURTENAY,Y,Y,N,VANCOUVER ISLAND,RYAN RD # 002200 TO 002399,RYAN RD,RYAN RD,15:00-17:59,1,0
N,PROPERTY DAMAGE ONLY,\N,N,2023,MONDAY,REAR END,N,N,49.851454,-119.604439,Y,APRIL,N,WEST KELOWNA,WEST KELOWNA,WEST KELOWNA,Y,Y,N,SOUTHERN INTERIOR,SUNDANCE DR # 003360 TO 003402,SUNDANCE DR,SUNDANCE DR,15:00-17:59,1,0
N,PROPERTY DAMAGE ONLY,\N,N,2023,MONDAY,REAR END,N,N,49.883653,-119.480123,Y,APRIL,N,KELOWNA,KELOWNA,KELOWNA,Y,Y,N,SOUTHERN INTERIOR,HARVEY AVE # 000900 TO 001098 even,HARVEY AVE,HARVEY AVE,15:00-17:59,1,0
N,PROPERTY DAMAGE ONLY,\N,N,2023,MONDAY,REAR END,N,N,50.007508,-125.262534,Y,APRIL,N,CAMPBELL RIVER,CAMPBELL RIVER,CAMPBELL RIVER,N,N,N,VANCOUVER ISLAND,EVERGREEN RD # 001300 TO 001699,EVERGREEN RD,EVERGREEN RD,15:00-17:59,1,0
N,PROPERTY DAMAGE ONLY,\N,N,2023,MONDAY,REAR END,N,N,53.988862,-122.791698,Y,APRIL,N,PRINCE GEORGE,PRINCE GEORGE,PRINCE GEORGE,Y,Y,N,NORTH CENTRAL,AUSTIN RD W # 003850 TO 003899,AUSTIN RD W,AUSTIN RD W,15:00-17:59,1,0
N,PROPERTY DAMAGE ONLY,\N,N,2023,MONDAY,REAR TO REAR,N,N,\N,\N,N,APRIL,N,ESQUIMALT,ESQUIMALT,\N,Y,Y,N,VANCOUVER ISLAND,UNKNOWN,STN FORCES,STN FORCES,15:00-17:59,1,0
N,PROPERTY DAMAGE ONLY,\N,N,2023,MONDAY,REAR TO REAR,N,N,\N,\N,N,APRIL,N,VICTORIA,VICTORIA,\N,Y,Y,N,VANCOUVER ISLAND,UNKNOWN,TILLICUM RD,TILLICUM RD,15:00-17:59,1,0
N,PROPERTY DAMAGE ONLY,\N,N,2023,MONDAY,REAR TO REAR,N,N,48.440028,-123.371738,Y,APRIL,N,VICTORIA,VICTORIA,VICTORIA,N,Y,N,VANCOUVER ISLAND,GORGE RD E # 000500 TO 000599,GORGE RD E,GORGE RD E,15:00-17:59,1,0
N,PROPERTY DAMAGE ONLY,\N,N,2023,MONDAY,REAR TO REAR,N,N,48.444218,-123.336929,Y,APRIL,N,VICTORIA,VICTORIA,VICTORIA,Y,Y,N,VANCOUVER ISLAND,HILLSIDE AVE # 001531 TO 001599,HILLSIDE AVE,HILLSIDE AVE,15:00-17:59,1,0
N,PROPERTY DAMAGE ONLY,\N,N,2023,MONDAY,REAR TO REAR,N,N,49.04416,-122.779264,Y,APRIL,N,SURREY,SURREY,SURREY,N,Y,N,LOWER MAINLAND,160 ST # 002271 TO 002359 odd,160 ST,160 ST,15:00-17:59,1,0
N,PROPERTY DAMAGE ONLY,\N,N,2023,MONDAY,REAR TO REAR,N,N,49.049223,-122.500438,Y,APRIL,N,LANGLEY,LANGLEY,LANGLEY,N,N,N,LOWER MAINLAND,26 AVE # 025800 TO 026399,26 AVE,26 AVE,15:00-17:59,1,0
N,PROPERTY DAMAGE ONLY,\N,N,2023,MONDAY,REAR TO REAR,N,N,49.143337,-121.957745,Y,APRIL,N,CHILLIWACK,CHILLIWACK,CHILLIWACK,Y,Y,N,LOWER MAINLAND,LUCKAKUCK WAY # 045700 TO 045939,LUCKAKUCK WAY,LUCKAKUCK WAY,15:00-17:59,1,0
N,PROPERTY DAMAGE ONLY,\N,N,2023,MONDAY,REAR TO REAR,N,N,49.147277,-122.86791,Y,APRIL,N,SURREY,SURREY,SURREY,Y,Y,N,LOWER MAINLAND,128 ST # 007910 TO 007998 even,128 ST,128 ST,15:00-17:59,1,0
N,PROPERTY DAMAGE ONLY,\N,N,2023,MONDAY,REAR TO REAR,N,N,49.159641,-122.778907,Y,APRIL,N,SURREY,SURREY,SURREY,N,Y,N,LOWER MAINLAND,160 ST # 008600 TO 008671,160 ST,160 ST,15:00-17:59,1,0
N,PROPERTY DAMAGE ONLY,\N,N,2023,MONDAY,REAR TO REAR,N,N,49.184576,-123.094218,Y,APRIL,N,RICHMOND,RICHMOND,RICHMOND,N,Y,N,LOWER MAINLAND,CAMBIE RD # 011400 TO 011999,CAMBIE RD,CAMBIE RD,15:00-17:59,1,0
N,PROPERTY DAMAGE ONLY,\N,N,2023,MONDAY,REAR TO REAR,N,N,49.188103,-123.133167,Y,APRIL,N,RICHMOND,RICHMOND,RICHMOND,N,Y,N,LOWER MAINLAND,NO 3 RD # 003400 TO 003598 even,NO 3 RD,NO 3 RD,15:00-17:59,1,0
N,PROPERTY DAMAGE ONLY,\N,N,2023,MONDAY,REAR TO REAR,N,N,49.223794,-122.999231,Y,APRIL,N,BURNABY,BURNABY,BURNABY,N,Y,N,LOWER MAINLAND,CENTRAL BLVD # 004620 TO 004699,CENTRAL BLVD,CENTRAL BLVD,15:00-17:59,1,0
N,PROPERTY DAMAGE ONLY,\N,N,2023,MONDAY,REAR TO REAR,N,N,49.308895,-123.02363,Y,APRIL,N,NORTH VANCOUVER,NORTH VANCOUVER,NORTH VANCOUVER,N,Y,N,LOWER MAINLAND,SEYMOUR BLVD # 000315 TO 000399,SEYMOUR BLVD,SEYMOUR BLVD,15:00-17:59,1,0
N,PROPERTY DAMAGE ONLY,\N,N,2023,MONDAY,REAR TO REAR,N,N,49.312023,-123.142853,Y,APRIL,N,VANCOUVER,VANCOUVER,VANCOUVER,N,Y,N,LOWER MAINLAND,STANLEY PARK DR # 005500 TO 005619,STANLEY PARK DR,STANLEY PARK DR,15:00-17:59,1,0
N,PROPERTY DAMAGE ONLY,\N,N,2023,MONDAY,REAR TO REAR,N,N,49.343928,-123.2052,Y,APRIL,N,WEST VANCOUVER,WEST VANCOUVER,WEST VANCOUVER,Y,Y,N,LOWER MAINLAND,THOMPSON PL # 003150 TO 003219,THOMPSON PL,THOMPSON PL,15:00-17:59,1,0
N,PROPERTY DAMAGE ONLY,\N,N,2023,MONDAY,REAR TO REAR,N,N,49.714488,-124.970667,Y,APRIL,N,COURTENAY,COURTENAY,COURTENAY,Y,Y,N,VANCOUVER ISLAND,LERWICK RD # 000100 TO 000199,LERWICK RD,LERWICK RD,15:00-17:59,1,0
N,PROPERTY DAMAGE ONLY,\N,N,2023,MONDAY,REAR TO REAR,N,N,49.876793,-119.459623,Y,APRIL,N,KELOWNA,KELOWNA,KELOWNA,Y,Y,N,SOUTHERN INTERIOR,SPRINGFIELD RD # 001700 TO 001758,SPRINGFIELD RD,SPRINGFIELD RD,15:00-17:59,1,0
N,PROPERTY DAMAGE ONLY,\N,N,2023,MONDAY,REAR TO REAR,N,N,49.887359000000004,-119.430448,Y,APRIL,N,KELOWNA,KELOWNA,KELOWNA,N,Y,N,SOUTHERN INTERIOR,ENTERPRISE WAY # 002500 TO 002549,ENTERPRISE WAY,ENTERPRISE WAY,15:00-17:59,1,0
N,PROPERTY DAMAGE ONLY,\N,N,2023,MONDAY,REAR TO REAR,N,N,50.697809,-120.360098,Y,APRIL,N,KAMLOOPS,KAMLOOPS,KAMLOOPS,N,Y,N,SOUTHERN INTERIOR,SYDNEY AVE # 000700 TO 000799,SYDNEY AVE,SYDNEY AVE,15:00-17:59,1,0
N,PROPERTY DAMAGE ONLY,\N,N,2023,MONDAY,REAR TO REAR,N,N,53.91026,-122.799352,Y,APRIL,N,PRINCE GEORGE,PRINCE GEORGE,PRINCE GEORGE,N,Y,N,NORTH CENTRAL,15TH AVE # 004108 TO 004149,15TH AVE,15TH AVE,15:00-17:59,1,0
N,PROPERTY DAMAGE ONLY,\N,N,2023,MONDAY,REAR TO REAR,N,N,54.517704,-128.586622,Y,APRIL,N,TERRACE,TERRACE,TERRACE,Y,Y,N,NORTH CENTRAL,KALUM ST # 003232 TO 003299,KALUM ST,KALUM ST,15:00-17:59,1,0
N,PROPERTY DAMAGE ONLY,\N,N,2023,MONDAY,REAR TO REAR,N,N,55.75691,-120.250508,Y,APRIL,N,DAWSON CREEK,DAWSON CREEK,DAWSON CREEK,Y,Y,N,NORTH CENTRAL,17 ST # 010400 TO 010609,17 ST,17 ST,15:00-17:59,1,0
N,PROPERTY DAMAGE ONLY,\N,N,2023,MONDAY,SIDE IMPACT,N,N,\N,\N,N,APRIL,N,ABBOTSFORD,ABBOTSFORD,\N,Y,N,N,LOWER MAINLAND,UNKNOWN,RAILWAY STREET,RAILWAY STREET,15:00-17:59,1,0
N,PROPERTY DAMAGE ONLY,\N,N,2023,MONDAY,SIDE IMPACT,N,N,\N,\N,N,APRIL,N,BURNABY,BURNABY,\N,Y,Y,N,LOWER MAINLAND,UNKNOWN,MADISON AVE,MADISON AVE,15:00-17:59,1,0
N,PROPERTY DAMAGE ONLY,\N,N,2023,MONDAY,SIDE IMPACT,N,N,\N,\N,N,APRIL,N,CHEMAINUS,CHEMAINUS,\N,N,Y,N,VANCOUVER ISLAND,UNKNOWN,SMILEY RD,SMILEY RD,15:00-17:59,1,0
N,PROPERTY DAMAGE ONLY,\N,N,2023,MONDAY,SIDE IMPACT,N,N,\N,\N,N,APRIL,N,KELOWNA,KELOWNA,\N,Y,Y,N,SOUTHERN INTERIOR,UNKNOWN,GLENMORE DR,GLENMORE DR,15:00-17:59,1,0
N,PROPERTY DAMAGE ONLY,\N,N,2023,MONDAY,SIDE IMPACT,N,N,\N,\N,N,APRIL,N,LANGLEY,LANGLEY,\N,Y,N,N,LOWER MAINLAND,UNKNOWN,50 AVE,50 AVE,15:00-17:59,1,0
N,PROPERTY DAMAGE ONLY,\N,N,2023,MONDAY,SIDE IMPACT,N,N,\N,\N,N,APRIL,N,SURREY,SURREY,\N,Y,Y,N,LOWER MAINLAND,UNKNOWN,120 ST,120 ST,15:00-17:59,1,0
N,PROPERTY DAMAGE ONLY,\N,N,2023,MONDAY,SIDE IMPACT,N,N,\N,\N,N,APRIL,N,VANCOUVER,VANCOUVER,\N,Y,N,N,LOWER MAINLAND,UNKNOWN,JEPSON-YOUNG LANE,JEPSON-YOUNG LANE,15:00-17:59,1,0
N,PROPERTY DAMAGE ONLY,\N,N,2023,MONDAY,SIDE IMPACT,N,N,\N,\N,N,APRIL,N,VERNON,VERNON,\N,N,N,N,SOUTHERN INTERIOR,UNKNOWN,30 AVE,30 AVE,15:00-17:59,1,0
N,PROPERTY DAMAGE ONLY,\N,N,2023,MONDAY,SIDE IMPACT,N,N,48.41607,-123.58451,Y,APRIL,N,METCHOSIN,METCHOSIN,METCHOSIN,N,N,N,VANCOUVER ISLAND,SOOKE RD # 003400 TO 003989,SOOKE RD,SOOKE RD,15:00-17:59,1,0
N,PROPERTY DAMAGE ONLY,\N,N,2023,MONDAY,SIDE IMPACT,N,N,48.425035,-123.365209,Y,APRIL,N,VICTORIA,VICTORIA,VICTORIA,N,Y,N,VANCOUVER ISLAND,DOUGLAS ST # 001100 TO 001199,DOUGLAS ST,DOUGLAS ST,15:00-17:59,1,0
N,PROPERTY DAMAGE ONLY,\N,N,2023,MONDAY,SIDE IMPACT,N,N,48.431014,-123.415601,Y,APRIL,N,ESQUIMALT,ESQUIMALT,ESQUIMALT,Y,Y,N,VANCOUVER ISLAND,GRENVILLE AVE # 000610 TO 000632,GRENVILLE AVE,GRENVILLE AVE,15:00-17:59,1,0
N,PROPERTY DAMAGE ONLY,\N,N,2023,MONDAY,SIDE IMPACT,N,N,48.432116,-123.380665,Y,APRIL,N,VICTORIA,VICTORIA,VICTORIA,N,Y,N,VANCOUVER ISLAND,WILSON ST # 000100 TO 000189,WILSON ST,WILSON ST,15:00-17:59,1,0
N,PROPERTY DAMAGE ONLY,\N,N,2023,MONDAY,SIDE IMPACT,N,N,48.44164,-123.510888,Y,APRIL,N,LANGFORD,LANGFORD,LANGFORD,Y,Y,N,VANCOUVER ISLAND,JACKLIN RD # 002937 TO 002979,JACKLIN RD,JACKLIN RD,15:00-17:59,1,0
N,PROPERTY DAMAGE ONLY,\N,N,2023,MONDAY,SIDE IMPACT,N,N,48.44492,-123.335218,Y,APRIL,N,VICTORIA,VICTORIA,VICTORIA,Y,Y,N,VANCOUVER ISLAND,HILLSIDE AVE # 001600 TO 001629,HILLSIDE AVE,HILLSIDE AVE,15:00-17:59,1,0
N,PROPERTY DAMAGE ONLY,\N,N,2023,MONDAY,SIDE IMPACT,N,N,48.462421,-123.468243,Y,APRIL,N,VIEW ROYAL,VIEW ROYAL,VIEW ROYAL,Y,Y,N,VANCOUVER ISLAND,WEST PARK LANE # 001920 TO 001924,WEST PARK LANE,WEST PARK LANE,15:00-17:59,1,0
N,PROPERTY DAMAGE ONLY,\N,N,2023,MONDAY,SIDE IMPACT,N,N,48.465409,-123.50096,Y,APRIL,N,LANGFORD,LANGFORD,LANGFORD,N,Y,N,VANCOUVER ISLAND,MILLSTREAM RD # 002310 TO 002320,MILLSTREAM RD,MILLSTREAM RD,15:00-17:59,1,0
N,PROPERTY DAMAGE ONLY,\N,N,2023,MONDAY,SIDE IMPACT,N,N,48.482746,-123.329749,Y,APRIL,N,SAANICH,SAANICH,SAANICH,N,N,N,VANCOUVER ISLAND,KENMORE RD # 001656 TO 001661,KENMORE RD,KENMORE RD,15:00-17:59,1,0
N,PROPERTY DAMAGE ONLY,\N,N,2023,MONDAY,SIDE IMPACT,N,N,48.650435,-123.39446,Y,APRIL,N,SIDNEY,SIDNEY,SIDNEY,Y,Y,N,VANCOUVER ISLAND,SEAPORT PL # 009851 TO 009899 odd,SEAPORT PL,SEAPORT PL,15:00-17:59,1,0
N,PROPERTY DAMAGE ONLY,\N,N,2023,MONDAY,SIDE IMPACT,N,N,48.853542,-123.501308,Y,APRIL,N,SALT SPRING ISLAND,SALT SPRING ISLAND,SALT SPRING ISLAND,N,Y,N,VANCOUVER ISLAND,HEREFORD AVE # 000100 TO 000139,HEREFORD AVE,HEREFORD AVE,15:00-17:59,1,0
N,PROPERTY DAMAGE ONLY,\N,N,2023,MONDAY,SIDE IMPACT,N,N,48.942537,-125.548297,Y,APRIL,N,UCLUELET,UCLUELET,UCLUELET,Y,Y,N,VANCOUVER ISLAND,PENINSULA RD # 001572 TO 001799,PENINSULA RD,PENINSULA RD,15:00-17:59,1,0
N,PROPERTY DAMAGE ONLY,\N,N,2023,MONDAY,SIDE IMPACT,N,N,49.016582,-122.789523,Y,APRIL,N,SURREY,SURREY,SURREY & WHITE ROCK,Y,N,N,LOWER MAINLAND,MARINE DR # 015600 TO 015649,MARINE DR,MARINE DR,15:00-17:59,1,0
N,PROPERTY DAMAGE ONLY,\N,N,2023,MONDAY,SIDE IMPACT,N,N,49.021846,-123.068738,Y,APRIL,N,DELTA,DELTA,DELTA,Y,Y,N,LOWER MAINLAND,56 ST # 001001 TO 001089 odd,56 ST,56 ST,15:00-17:59,1,0
N,PROPERTY DAMAGE ONLY,\N,N,2023,MONDAY,SIDE IMPACT,N,N,49.032199,-119.465152,Y,APRIL,N,OSOYOOS,OSOYOOS,OSOYOOS,Y,N,N,SOUTHERN INTERIOR,85TH ST # 007400 TO 007449,85TH ST,85TH ST,15:00-17:59,1,0
N,PROPERTY DAMAGE ONLY,\N,N,2023,MONDAY,SIDE IMPACT,N,N,49.042584,-122.27122,Y,APRIL,N,ABBOTSFORD,ABBOTSFORD,ABBOTSFORD,Y,Y,N,LOWER MAINLAND,SUMAS WAY # 002100 TO 002348 even,SUMAS WAY,SUMAS WAY,15:00-17:59,1,0
N,PROPERTY DAMAGE ONLY,\N,N,2023,MONDAY,SIDE IMPACT,N,N,49.04416,-122.779264,Y,APRIL,N,SURREY,SURREY,SURREY,Y,Y,N,LOWER MAINLAND,160 ST # 002271 TO 002359 odd,160 ST,160 ST,15:00-17:59,1,0
N,PROPERTY DAMAGE ONLY,\N,N,2023,MONDAY,SIDE IMPACT,N,N,49.04565,-122.796973,Y,APRIL,N,SURREY,SURREY,SURREY,Y,Y,N,LOWER MAINLAND,24 AVE # 015331 TO 015379 odd,24 AVE,24 AVE,15:00-17:59,1,0
N,PROPERTY DAMAGE ONLY,\N,N,2023,MONDAY,SIDE IMPACT,N,N,49.047019,-122.786299,Y,APRIL,N,SURREY,SURREY,SURREY,N,Y,N,LOWER MAINLAND,CROYDON DR # 015700 TO 015769,CROYDON DR,CROYDON DR,15:00-17:59,1,0
N,PROPERTY DAMAGE ONLY,\N,N,2023,MONDAY,SIDE IMPACT,N,N,49.050936,-122.312534,Y,APRIL,N,ABBOTSFORD,ABBOTSFORD,ABBOTSFORD,N,Y,N,LOWER MAINLAND,SOUTH FRASER WAY # 032800 TO 032979,SOUTH FRASER WAY,SOUTH FRASER WAY,15:00-17:59,1,0
N,PROPERTY DAMAGE ONLY,\N,N,2023,MONDAY,SIDE IMPACT,N,N,49.111297,-121.952284,Y,APRIL,N,CHILLIWACK,CHILLIWACK,CHILLIWACK,N,Y,N,LOWER MAINLAND,PROMONTORY RD # 045852 TO 046000,PROMONTORY RD,PROMONTORY RD,15:00-17:59,1,0
N,PROPERTY DAMAGE ONLY,\N,N,2023,MONDAY,SIDE IMPACT,N,N,49.116144,-122.848872,Y,APRIL,N,SURREY,SURREY,SURREY,Y,Y,N,LOWER MAINLAND,62A AVE # 013448 TO 013499,62A AVE,62A AVE,15:00-17:59,1,0
N,PROPERTY DAMAGE ONLY,\N,N,2023,MONDAY,SIDE IMPACT,N,N,49.126026,-122.812199,Y,APRIL,N,SURREY,SURREY,SURREY,N,Y,N,LOWER MAINLAND,148 ST # 006780 TO 006799,148 ST,148 ST,15:00-17:59,1,0
N,PROPERTY DAMAGE ONLY,\N,N,2023,MONDAY,SIDE IMPACT,N,N,49.133684,-122.803305,Y,APRIL,N,SURREY,SURREY,SURREY,Y,Y,N,LOWER MAINLAND,72 AVE # 015050 TO 015199,72 AVE,72 AVE,15:00-17:59,1,0
N,PROPERTY DAMAGE ONLY,\N,N,2023,MONDAY,SIDE IMPACT,N,N,49.143635,-122.851195,Y,APRIL,N,SURREY,SURREY,SURREY,N,Y,N,LOWER MAINLAND,134 ST # 007700 TO 007799,134 ST,134 ST,15:00-17:59,1,0
N,PROPERTY DAMAGE ONLY,\N,N,2023,MONDAY,SIDE IMPACT,N,N,49.146093,-121.969768,Y,APRIL,N,CHILLIWACK,CHILLIWACK,CHILLIWACK,N,N,N,LOWER MAINLAND,YALE RD # 045130 TO 045499,YALE RD,YALE RD,15:00-17:59,1,0
N,PROPERTY DAMAGE ONLY,\N,N,2023,MONDAY,SIDE IMPACT,N,N,49.15458,-123.125312,Y,APRIL,N,RICHMOND,RICHMOND,RICHMOND,Y,Y,N,LOWER MAINLAND,GARDEN CITY RD # 008000 TO 008179,GARDEN CITY RD,GARDEN CITY RD,15:00-17:59,1,0
N,PROPERTY DAMAGE ONLY,\N,N,2023,MONDAY,SIDE IMPACT,N,N,49.161914,-122.88731,Y,APRIL,N,SURREY,SURREY,SURREY,Y,Y,N,LOWER MAINLAND,NORDEL WAY # 012000 TO 012198 even,NORDEL WAY,NORDEL WAY,15:00-17:59,1,0
N,PROPERTY DAMAGE ONLY,\N,N,2023,MONDAY,SIDE IMPACT,N,N,49.163077,-122.876824,Y,APRIL,N,SURREY,SURREY,SURREY,Y,Y,N,LOWER MAINLAND,88 AVE # 012450 TO 012499,88 AVE,88 AVE,15:00-17:59,1,0
N,PROPERTY DAMAGE ONLY,\N,N,2023,MONDAY,SIDE IMPACT,N,N,49.163989,-123.136644,Y,APRIL,N,RICHMOND,RICHMOND,RICHMOND,Y,Y,N,LOWER MAINLAND,NO 3 RD # 006847 TO 006869 odd,NO 3 RD,NO 3 RD,15:00-17:59,1,0
N,PROPERTY DAMAGE ONLY,\N,N,2023,MONDAY,SIDE IMPACT,N,N,49.166546,-122.802734,Y,APRIL,N,SURREY,SURREY,SURREY,Y,Y,N,LOWER MAINLAND,FRASER HWY # 015100 TO 015198 even,FRASER HWY,FRASER HWY,15:00-17:59,1,0
N,PROPERTY DAMAGE ONLY,\N,N,2023,MONDAY,SIDE IMPACT,N,N,49.168732,-122.663421,Y,APRIL,N,LANGLEY,LANGLEY,LANGLEY,Y,Y,N,LOWER MAINLAND,91A AVE # 020150 TO 020199,91A AVE,91A AVE,15:00-17:59,1,0
N,PROPERTY DAMAGE ONLY,\N,N,2023,MONDAY,SIDE IMPACT,N,N,49.171489,-119.556101,Y,APRIL,N,OLIVER,OLIVER,OLIVER,Y,Y,N,SOUTHERN INTERIOR,MAIN ST # 005700 TO 005749,MAIN ST,MAIN ST,15:00-17:59,1,0
N,PROPERTY DAMAGE ONLY,\N,N,2023,MONDAY,SIDE IMPACT,N,N,49.172826,-123.071763,Y,APRIL,N,RICHMOND,RICHMOND,RICHMOND,Y,Y,N,LOWER MAINLAND,COMMERCE PKY # 013300 TO 013549,COMMERCE PKY,COMMERCE PKY,15:00-17:59,1,0
N,PROPERTY DAMAGE ONLY,\N,N,2023,MONDAY,SIDE IMPACT,N,N,49.177331,-123.122877,Y,APRIL,N,RICHMOND,RICHMOND,RICHMOND,Y,Y,N,LOWER MAINLAND,ALDERBRIDGE WAY # 009001 TO 009299 odd,ALDERBRIDGE WAY,ALDERBRIDGE WAY,15:00-17:59,1,0
N,PROPERTY DAMAGE ONLY,\N,N,2023,MONDAY,SIDE IMPACT,N,N,49.1813,-123.136573,Y,APRIL,N,RICHMOND,RICHMOND,RICHMOND,Y,Y,N,LOWER MAINLAND,NO 3 RD # 004200 TO 004678 even,NO 3 RD,NO 3 RD,15:00-17:59,1,0
N,PROPERTY DAMAGE ONLY,\N,N,2023,MONDAY,SIDE IMPACT,N,N,49.183347,-123.970378,Y,APRIL,N,NANAIMO,NANAIMO,NANAIMO,Y,Y,N,VANCOUVER ISLAND,DUFFERIN CRES # 001200 TO 001515,DUFFERIN CRES,DUFFERIN CRES,15:00-17:59,1,0
N,PROPERTY DAMAGE ONLY,\N,N,2023,MONDAY,SIDE IMPACT,N,N,49.184579,-123.10181,Y,APRIL,N,RICHMOND,RICHMOND,RICHMOND,Y,Y,N,LOWER MAINLAND,CAMBIE RD # 011000 TO 011149,CAMBIE RD,CAMBIE RD,15:00-17:59,1,0
N,PROPERTY DAMAGE ONLY,\N,N,2023,MONDAY,SIDE IMPACT,N,N,49.189677,-122.840494,Y,APRIL,N,SURREY,SURREY,SURREY,Y,Y,N,LOWER MAINLAND,CENTRAL AVE # 013700 TO 013899,CENTRAL AVE,CENTRAL AVE,15:00-17:59,1,0
N,PROPERTY DAMAGE ONLY,\N,N,2023,MONDAY,SIDE IMPACT,N,N,49.190089,-122.800995,Y,APRIL,N,SURREY,SURREY,SURREY,Y,Y,N,LOWER MAINLAND,152 ST # 010251 TO 010399 odd,152 ST,152 ST,15:00-17:59,1,0
N,PROPERTY DAMAGE ONLY,\N,N,2023,MONDAY,SIDE IMPACT,N,N,49.191535,-123.128155,Y,APRIL,N,RICHMOND,RICHMOND,RICHMOND,N,Y,N,LOWER MAINLAND,SEXSMITH RD # 003000 TO 003099,SEXSMITH RD,SEXSMITH RD,15:00-17:59,1,0
N,PROPERTY DAMAGE ONLY,\N,N,2023,MONDAY,SIDE IMPACT,N,N,49.197596,-122.855136,Y,APRIL,N,SURREY,SURREY,SURREY,Y,Y,N,LOWER MAINLAND,132A ST # 010650 TO 010799,132A ST,132A ST,15:00-17:59,1,0
N,PROPERTY DAMAGE ONLY,\N,N,2023,MONDAY,SIDE IMPACT,N,N,49.200145,-122.983204,Y,APRIL,N,BURNABY,BURNABY,BURNABY,Y,Y,N,LOWER MAINLAND,MARKET CROSSING # 007200 TO 007239,MARKET CROSSING,MARKET CROSSING,15:00-17:59,1,0
N,PROPERTY DAMAGE ONLY,\N,N,2023,MONDAY,SIDE IMPACT,N,N,49.203255,-122.916435,Y,APRIL,N,NEW WESTMINSTER,NEW WESTMINSTER,NEW WESTMINSTER,Y,Y,N,LOWER MAINLAND,ONTARIO ST # 000800 TO 000899,ONTARIO ST,ONTARIO ST,15:00-17:59,1,0
N,PROPERTY DAMAGE ONLY,\N,N,2023,MONDAY,SIDE IMPACT,N,N,49.207452,-123.008197,Y,APRIL,N,BURNABY,BURNABY,BURNABY,Y,Y,N,LOWER MAINLAND,GLENLYON PKY # 008500 TO 008619,GLENLYON PKY,GLENLYON PKY,15:00-17:59,1,0
N,PROPERTY DAMAGE ONLY,\N,N,2023,MONDAY,SIDE IMPACT,N,N,49.209822,-122.869133,Y,APRIL,N,SURREY,SURREY,SURREY,Y,N,N,LOWER MAINLAND,114 AVE # 012670 TO 012799,114 AVE,114 AVE,15:00-17:59,1,0
N,PROPERTY DAMAGE ONLY,\N,N,2023,MONDAY,SIDE IMPACT,N,N,49.215221,-122.589167,Y,APRIL,N,MAPLE RIDGE,MAPLE RIDGE,MAPLE RIDGE,Y,Y,N,LOWER MAINLAND,LOUGHEED HWY # 022800 TO 022856,LOUGHEED HWY,LOUGHEED HWY,15:00-17:59,1,0
N,PROPERTY DAMAGE ONLY,\N,N,2023,MONDAY,SIDE IMPACT,N,N,49.217114,-122.59762,Y,APRIL,N,MAPLE RIDGE,MAPLE RIDGE,MAPLE RIDGE,Y,Y,N,LOWER MAINLAND,LOUGHEED HWY # 022500 TO 022599,LOUGHEED HWY,LOUGHEED HWY,15:00-17:59,1,0
N,PROPERTY DAMAGE ONLY,\N,N,2023,MONDAY,SIDE IMPACT,N,N,49.218238,-123.041376,Y,APRIL,N,VANCOUVER,VANCOUVER,VANCOUVER,Y,Y,N,LOWER MAINLAND,KERR ST # 007186 TO 007199,KERR ST,KERR ST,15:00-17:59,1,0
N,PROPERTY DAMAGE ONLY,\N,N,2023,MONDAY,SIDE IMPACT,N,N,49.225214,-123.117041,Y,APRIL,N,VANCOUVER,VANCOUVER,VANCOUVER,Y,N,N,LOWER MAINLAND,W 50TH AVE # 000500 TO 000548,W 50TH AVE,W 50TH AVE,15:00-17:59,1,0
N,PROPERTY DAMAGE ONLY,\N,N,2023,MONDAY,SIDE IMPACT,N,N,49.228161,-122.791096,Y,APRIL,N,PORT COQUITLAM,PORT COQUITLAM,PORT COQUITLAM,Y,N,N,LOWER MAINLAND,CAPITAL CRT # 000740 TO 000768 even,CAPITAL CRT,CAPITAL CRT,15:00-17:59,1,0
N,PROPERTY DAMAGE ONLY,\N,N,2023,MONDAY,SIDE IMPACT,N,N,49.228529,-123.177277,Y,APRIL,N,VANCOUVER,VANCOUVER,VANCOUVER,Y,N,N,LOWER MAINLAND,W 48TH AVE # 003200 TO 003299,W 48TH AVE,W 48TH AVE,15:00-17:59,1,0
N,PROPERTY DAMAGE ONLY,\N,N,2023,MONDAY,SIDE IMPACT,N,N,49.229566,-123.136187,Y,APRIL,N,VANCOUVER,VANCOUVER,VANCOUVER,Y,N,N,LOWER MAINLAND,W 46TH AVE # 001300 TO 001399,W 46TH AVE,W 46TH AVE,15:00-17:59,1,0
N,PROPERTY DAMAGE ONLY,\N,N,2023,MONDAY,SIDE IMPACT,N,N,49.23213,-123.027312,Y,APRIL,N,VANCOUVER,VANCOUVER,VANCOUVER,Y,N,N,LOWER MAINLAND,KINGSWAY # 003528 TO 003598,KINGSWAY,KINGSWAY,15:00-17:59,1,0
N,PROPERTY DAMAGE ONLY,\N,N,2023,MONDAY,SIDE IMPACT,N,N,49.248475,-122.752246,Y,APRIL,N,PORT COQUITLAM,PORT COQUITLAM,PORT COQUITLAM,Y,Y,N,LOWER MAINLAND,KINGSWAY AVE # 001200 TO 001499,KINGSWAY AVE,KINGSWAY AVE,15:00-17:59,1,0
N,PROPERTY DAMAGE ONLY,\N,N,2023,MONDAY,SIDE IMPACT,N,N,49.255485,-122.742182,Y,APRIL,N,PORT COQUITLAM,PORT COQUITLAM,PORT COQUITLAM,Y,Y,N,LOWER MAINLAND,NICOLA AVE # 000900 TO 001095,NICOLA AVE,NICOLA AVE,15:00-17:59,1,0
N,PROPERTY DAMAGE ONLY,\N,N,2023,MONDAY,SIDE IMPACT,N,N,49.258942,-123.032,Y,APRIL,N,VANCOUVER,VANCOUVER,VANCOUVER,Y,Y,N,LOWER MAINLAND,BENTALL ST # 002732 TO 002899,BENTALL ST,BENTALL ST,15:00-17:59,1,0
N,PROPERTY DAMAGE ONLY,\N,N,2023,MONDAY,SIDE IMPACT,N,N,49.26288,-123.099901,Y,APRIL,N,VANCOUVER,VANCOUVER,VANCOUVER,Y,N,N,LOWER MAINLAND,E BROADWAY # 000209 TO 000299,E BROADWAY,E BROADWAY,15:00-17:59,1,0
N,PROPERTY DAMAGE ONLY,\N,N,2023,MONDAY,SIDE IMPACT,N,N,49.269254,-123.181691,Y,APRIL,N,VANCOUVER,VANCOUVER,VANCOUVER,Y,N,N,LOWER MAINLAND,COLLINGWOOD ST # 001900 TO 001945,COLLINGWOOD ST,COLLINGWOOD ST,15:00-17:59,1,0
N,PROPERTY DAMAGE ONLY,\N,N,2023,MONDAY,SIDE IMPACT,N,N,49.2697,-122.756131,Y,APRIL,N,PORT COQUITLAM,PORT COQUITLAM,PORT COQUITLAM,Y,N,N,LOWER MAINLAND,COAST MERIDIAN RD # 003101 TO 003159,COAST MERIDIAN RD,COAST MERIDIAN RD,15:00-17:59,1,0
N,PROPERTY DAMAGE ONLY,\N,N,2023,MONDAY,SIDE IMPACT,N,N,49.322436,-124.328547,Y,APRIL,N,PARKSVILLE,PARKSVILLE,PARKSVILLE,Y,Y,N,VANCOUVER ISLAND,FINHOLM ST N # 000117 TO 000128,FINHOLM ST N,FINHOLM ST N,15:00-17:59,1,0
N,PROPERTY DAMAGE ONLY,\N,N,2023,MONDAY,SIDE IMPACT,N,N,49.322754,-123.099005,Y,APRIL,N,NORTH VANCOUVER,NORTH VANCOUVER,NORTH VANCOUVER,Y,Y,N,LOWER MAINLAND,MARINE DR # 000900 TO 000970 even,MARINE DR,MARINE DR,15:00-17:59,1,0
N,PROPERTY DAMAGE ONLY,\N,N,2023,MONDAY,SIDE IMPACT,N,N,49.336478,-123.039177,Y,APRIL,N,NORTH VANCOUVER,NORTH VANCOUVER,NORTH VANCOUVER,Y,Y,N,LOWER MAINLAND,LYNN VALLEY RD # 001237 TO 001299 odd,LYNN VALLEY RD,LYNN VALLEY RD,15:00-17:59,1,0
N,PROPERTY DAMAGE ONLY,\N,N,2023,MONDAY,SIDE IMPACT,N,N,49.348347,-123.248395,Y,APRIL,N,WEST VANCOUVER,WEST VANCOUVER,WEST VANCOUVER,N,N,N,LOWER MAINLAND,RUTLAND RD # 004600 TO 004799,RUTLAND RD,RUTLAND RD,15:00-17:59,1,0
N,PROPERTY DAMAGE ONLY,\N,N,2023,MONDAY,SIDE IMPACT,N,N,49.355239,-123.093164,Y,APRIL,N,NORTH VANCOUVER,NORTH VANCOUVER,NORTH VANCOUVER,Y,Y,N,LOWER MAINLAND,CEDARCREST AVE # 004600 TO 004799,CEDARCREST AVE,CEDARCREST AVE,15:00-17:59,1,0
N,PROPERTY DAMAGE ONLY,\N,N,2023,MONDAY,SIDE IMPACT,N,N,49.882931,-119.431923,Y,APRIL,N,KELOWNA,KELOWNA,KELOWNA,N,Y,N,SOUTHERN INTERIOR,HWY 97 N # 002299 TO 002399 odd,HWY 97 N,HWY 97 N,15:00-17:59,1,0
N,PROPERTY DAMAGE ONLY,\N,N,2023,MONDAY,SIDE IMPACT,N,N,49.914086,-119.393734,Y,APRIL,N,KELOWNA,KELOWNA,KELOWNA,N,Y,N,SOUTHERN INTERIOR,HWY 97 N # 003301 TO 003699 odd,HWY 97,HWY 97,15:00-17:59,1,0
N,PROPERTY DAMAGE ONLY,\N,N,2023,MONDAY,SIDE IMPACT,N,N,49.989257,-125.240313,Y,APRIL,N,CAMPBELL RIVER,CAMPBELL RIVER,CAMPBELL RIVER,N,Y,N,VANCOUVER ISLAND,BALSAM PL # 000561 TO 000601 odd,BALSAM PL,BALSAM PL,15:00-17:59,1,0
N,PROPERTY DAMAGE ONLY,\N,N,2023,MONDAY,SIDE IMPACT,N,N,50.031887,-119.405184,Y,APRIL,N,LAKE COUNTRY,LAKE COUNTRY,LAKE COUNTRY,Y,Y,N,SOUTHERN INTERIOR,NEWENE RD # 010100 TO 010499,NEWENE RD,NEWENE RD,15:00-17:59,1,0
N,PROPERTY DAMAGE ONLY,\N,N,2023,MONDAY,SIDE IMPACT,N,N,50.285957,-119.271871,Y,APRIL,N,VERNON,VERNON,VERNON,N,Y,N,SOUTHERN INTERIOR,ANDERSON WAY # 004800 TO 005601,ANDERSON WAY,ANDERSON WAY,15:00-17:59,1,0
N,PROPERTY DAMAGE ONLY,\N,N,2023,MONDAY,SIDE IMPACT,N,N,50.694009,-120.362933,Y,APRIL,N,KAMLOOPS,KAMLOOPS,KAMLOOPS,Y,Y,N,SOUTHERN INTERIOR,POPLAR ST # 000210 TO 000399,POPLAR ST,POPLAR ST,15:00-17:59,1,0
N,PROPERTY DAMAGE ONLY,\N,N,2023,MONDAY,SIDE IMPACT,N,N,50.698981,-120.360407,Y,APRIL,N,KAMLOOPS,KAMLOOPS,KAMLOOPS,N,Y,N,SOUTHERN INTERIOR,FORTUNE DR # 000740 TO 000798 even,FORTUNE DR,FORTUNE DR,15:00-17:59,1,0
N,PROPERTY DAMAGE ONLY,\N,N,2023,MONDAY,SIDE IMPACT,N,N,54.29158,-130.352186,Y,APRIL,N,PRINCE RUPERT,PRINCE RUPERT,PRINCE RUPERT,Y,Y,N,NORTH CENTRAL,SCOTT RD # 002119 TO 003101,SCOTT RD,SCOTT RD,15:00-17:59,1,0
N,PROPERTY DAMAGE ONLY,\N,N,2023,MONDAY,SIDE IMPACT,Y,N,\N,\N,N,APRIL,N,PRITCHARD,PRITCHARD,\N,N,N,N,SOUTHERN INTERIOR,UNKNOWN,MIDDLEMISS SUBDIVISION,MIDDLEMISS SUBDIVISION,15:00-17:59,1,0
N,PROPERTY DAMAGE ONLY,\N,N,2023,MONDAY,SIDE IMPACT,Y,N,49.174702,-122.940216,Y,APRIL,N,DELTA,DELTA,DELTA,N,Y,N,LOWER MAINLAND,CLIVEDEN AVE # 000870 TO 000999,CLIVEDEN AVE,CLIVEDEN AVE,15:00-17:59,1,0
N,PROPERTY DAMAGE ONLY,\N,N,2023,MONDAY,SIDE SWIPE - OPPOSITE DIRECTION,N,N,\N,\N,N,APRIL,N,SURREY,SURREY,\N,N,Y,N,LOWER MAINLAND,UNKNOWN,CROYDON DR.,CROYDON DR.,15:00-17:59,1,0
N,PROPERTY DAMAGE ONLY,\N,N,2023,MONDAY,SIDE SWIPE - OPPOSITE DIRECTION,N,N,49.134854,-122.841784,Y,APRIL,N,SURREY,SURREY,SURREY,Y,Y,N,LOWER MAINLAND,72A AVE # 013700 TO 013746,72A AVE,72A AVE,15:00-17:59,1,0
N,PROPERTY DAMAGE ONLY,\N,N,2023,MONDAY,SIDE SWIPE - OPPOSITE DIRECTION,N,N,49.172084,-122.667908,Y,APRIL,N,LANGLEY,LANGLEY,LANGLEY,Y,Y,N,LOWER MAINLAND,200 ST # 009220 TO 009398 even,200 ST,200 ST,15:00-17:59,1,0
N,PROPERTY DAMAGE ONLY,\N,N,2023,MONDAY,SIDE SWIPE - OPPOSITE DIRECTION,N,N,49.191464,-122.81483,Y,APRIL,N,SURREY,SURREY,SURREY,Y,Y,N,LOWER MAINLAND,104 AVE # 014610 TO 014798 even,104 AVE,104 AVE,15:00-17:59,1,0
N,PROPERTY DAMAGE ONLY,\N,N,2023,MONDAY,SIDE SWIPE - OPPOSITE DIRECTION,N,N,49.254751,-122.846459,Y,APRIL,N,COQUITLAM,COQUITLAM,COQUITLAM,Y,Y,N,LOWER MAINLAND,POIRIER ST # 000600 TO 000645,POIRIER ST,POIRIER ST,15:00-17:59,1,0
N,PROPERTY DAMAGE ONLY,\N,N,2023,MONDAY,SIDE SWIPE - OPPOSITE DIRECTION,N,N,49.459475,-123.735279,Y,APRIL,N,SECHELT,SECHELT,SECHELT,Y,N,N,LOWER MAINLAND,RADCLIFFE RD # 005113 TO 005189,RADCLIFFE RD,RADCLIFFE RD,15:00-17:59,1,0
N,PROPERTY DAMAGE ONLY,\N,N,2023,MONDAY,SIDE SWIPE - OPPOSITE DIRECTION,N,N,53.918371,-122.782179,Y,APRIL,N,PRINCE GEORGE,PRINCE GEORGE,PRINCE GEORGE,N,Y,N,NORTH CENTRAL,CENTRAL ST W # 000646 TO 000799,CENTRAL ST W,CENTRAL ST W,15:00-17:59,1,0
N,PROPERTY DAMAGE ONLY,\N,N,2023,MONDAY,SIDE SWIPE - SAME DIRECTION,N,N,\N,\N,N,APRIL,N,RICHMOND,RICHMOND,\N,N,N,N,LOWER MAINLAND,UNKNOWN,HWY 99,HWY 99,15:00-17:59,1,0
N,PROPERTY DAMAGE ONLY,\N,N,2023,MONDAY,SIDE SWIPE - SAME DIRECTION,N,N,\N,\N,N,APRIL,N,UCLUELET,UCLUELET,\N,N,N,N,VANCOUVER ISLAND,UNKNOWN,HWY 4,HWY 4,15:00-17:59,1,0
N,PROPERTY DAMAGE ONLY,\N,N,2023,MONDAY,SIDE SWIPE - SAME DIRECTION,N,N,\N,\N,N,APRIL,N,WEST VANCOUVER,WEST VANCOUVER,\N,N,N,N,LOWER MAINLAND,UNKNOWN,TAYLOR WAY,TAYLOR WAY,15:00-17:59,1,0
N,PROPERTY DAMAGE ONLY,\N,N,2023,MONDAY,SIDE SWIPE - SAME DIRECTION,N,N,48.445407,-123.46893,Y,APRIL,N,COLWOOD,COLWOOD,COLWOOD,N,Y,N,VANCOUVER ISLAND,WALE RD # 000300 TO 000331,WALE RD,WALE RD,15:00-17:59,1,0
N,PROPERTY DAMAGE ONLY,\N,N,2023,MONDAY,SIDE SWIPE - SAME DIRECTION,N,N,48.654289,-123.402664,Y,APRIL,N,SIDNEY,SIDNEY,SIDNEY,Y,Y,N,VANCOUVER ISLAND,RESTHAVEN DR # 010000 TO 010099,RESTHAVEN DR,RESTHAVEN DR,15:00-17:59,1,0
N,PROPERTY DAMAGE ONLY,\N,N,2023,MONDAY,SIDE SWIPE - SAME DIRECTION,N,N,49.08549,-117.621803,Y,APRIL,N,TRAIL,TRAIL,TRAIL,Y,Y,N,SOUTHERN INTERIOR,MARCOLIN DR # 001600 TO 001699,MARCOLIN DR,MARCOLIN DR,15:00-17:59,1,0
N,PROPERTY DAMAGE ONLY,\N,N,2023,MONDAY,SIDE SWIPE - SAME DIRECTION,N,N,49.189524,-122.802338,Y,APRIL,N,SURREY,SURREY,SURREY,Y,Y,N,LOWER MAINLAND,GUILDFORD TOWN CENTRE # 001000 TO 003099,GUILDFORD TOWN CENTRE,GUILDFORD TOWN CENTRE,15:00-17:59,1,0
N,PROPERTY DAMAGE ONLY,\N,N,2023,MONDAY,SIDE SWIPE - SAME DIRECTION,N,N,49.191464,-122.81483,Y,APRIL,N,SURREY,SURREY,SURREY,Y,Y,N,LOWER MAINLAND,104 AVE # 014610 TO 014798 even,104 AVE,104 AVE,15:00-17:59,1,0
N,PROPERTY DAMAGE ONLY,\N,N,2023,MONDAY,SIDE SWIPE - SAME DIRECTION,N,N,49.225358,-123.002431,Y,APRIL,N,BURNABY,BURNABY,BURNABY,N,N,N,LOWER MAINLAND,CENTRAL BLVD # 004400 TO 004549,CENTRAL BLVD,CENTRAL BLVD,15:00-17:59,1,0
N,PROPERTY DAMAGE ONLY,\N,N,2023,MONDAY,SIDE SWIPE - SAME DIRECTION,N,N,49.26617,-123.093908,Y,APRIL,N,VANCOUVER,VANCOUVER,VANCOUVER,N,N,N,LOWER MAINLAND,E 5TH AVE # 000429 TO 000499,E 5TH AVE,E 5TH AVE,15:00-17:59,1,0
N,PROPERTY DAMAGE ONLY,\N,N,2023,MONDAY,SIDE SWIPE - SAME DIRECTION,N,N,49.277921,-122.815278,Y,APRIL,N,COQUITLAM,COQUITLAM,COQUITLAM,Y,N,N,LOWER MAINLAND,BARNET HWY # 002571 TO 002699 odd,BARNET HWY,BARNET HWY,15:00-17:59,1,0
N,PROPERTY DAMAGE ONLY,\N,N,2023,MONDAY,SIDE SWIPE - SAME DIRECTION,N,N,49.2803,-122.967926,Y,APRIL,N,BURNABY,BURNABY,BURNABY,Y,Y,N,LOWER MAINLAND,HASTINGS ST # 006500 TO 006628 even,HASTINGS ST,HASTINGS ST,15:00-17:59,1,0
N,PROPERTY DAMAGE ONLY,\N,N,2023,MONDAY,SIDE SWIPE - SAME DIRECTION,N,N,49.281017,-123.083675,Y,APRIL,N,VANCOUVER,VANCOUVER,VANCOUVER,Y,N,N,LOWER MAINLAND,E HASTINGS ST # 000900 TO 000993,E HASTINGS ST,E HASTINGS ST,15:00-17:59,1,0
N,PROPERTY DAMAGE ONLY,\N,N,2023,MONDAY,SIDE SWIPE - SAME DIRECTION,N,N,49.315376,-123.054775,Y,APRIL,N,NORTH VANCOUVER,NORTH VANCOUVER,NORTH VANCOUVER,Y,N,N,LOWER MAINLAND,SUTHERLAND AVE # 000831 TO 000899,SUTHERLAND AVE,SUTHERLAND AVE,15:00-17:59,1,0
N,PROPERTY DAMAGE ONLY,\N,N,2023,MONDAY,SIDE SWIPE - SAME DIRECTION,N,N,49.333394,-123.026645,Y,APRIL,N,NORTH VANCOUVER,NORTH VANCOUVER,NORTH VANCOUVER,Y,Y,N,LOWER MAINLAND,HOSKINS RD # 002700 TO 002769,HOSKINS RD,HOSKINS RD,15:00-17:59,1,0
N,PROPERTY DAMAGE ONLY,\N,N,2023,MONDAY,SIDE SWIPE - SAME DIRECTION,N,N,49.516571,-115.753565,Y,APRIL,N,CRANBROOK,CRANBROOK,CRANBROOK,Y,Y,N,SOUTHERN INTERIOR,VICTORIA AVE N # 000400 TO 000599,VICTORIA AVE N,VICTORIA AVE N,15:00-17:59,1,0
N,PROPERTY DAMAGE ONLY,\N,N,2023,MONDAY,SIDE SWIPE - SAME DIRECTION,N,N,49.740798,-123.134196,Y,APRIL,N,SQUAMISH,SQUAMISH,SQUAMISH,Y,Y,N,LOWER MAINLAND,GARIBALDI WAY # 001900 TO 001909,GARIBALDI WAY,GARIBALDI WAY,15:00-17:59,1,0
N,PROPERTY DAMAGE ONLY,\N,N,2023,MONDAY,SIDE SWIPE - SAME DIRECTION,N,N,50.113741,-122.952131,Y,APRIL,N,WHISTLER,WHISTLER,WHISTLER,Y,Y,N,LOWER MAINLAND,BLACKCOMB WAY # 004190 TO 004229,BLACKCOMB WAY,BLACKCOMB WAY,15:00-17:59,1,0
N,PROPERTY DAMAGE ONLY,\N,N,2023,MONDAY,SIDE SWIPE - SAME DIRECTION,N,N,50.653388,-120.370122,Y,APRIL,N,KAMLOOPS,KAMLOOPS,KAMLOOPS,Y,Y,N,SOUTHERN INTERIOR,TRANS-CANADA HWY W # 001321 TO 001329 odd,HWY 1,HWY 1,15:00-17:59,1,0
N,PROPERTY DAMAGE ONLY,\N,N,2023,MONDAY,SIDE SWIPE - SAME DIRECTION,N,N,50.692591,-119.297908,Y,APRIL,N,SALMON ARM,SALMON ARM,SALMON ARM,Y,Y,N,SOUTHERN INTERIOR,10 AVE SW # 001000 TO 001200,10 AVE SW,10 AVE SW,15:00-17:59,1,0
N,PROPERTY DAMAGE ONLY,\N,N,2023,MONDAY,SINGLE VEHICLE,N,N,\N,\N,N,APRIL,N,AGASSIZ,AGASSIZ,\N,N,N,N,LOWER MAINLAND,UNKNOWN,HWY 9,HWY 9,15:00-17:59,1,0
N,PROPERTY DAMAGE ONLY,\N,N,2023,MONDAY,SINGLE VEHICLE,N,N,\N,\N,N,APRIL,N,BUCKINGHORSE RIVER,BUCKINGHORSE RIVER,\N,N,N,N,NORTH CENTRAL,UNKNOWN,ALASKA HWY,ALASKA HWY,15:00-17:59,1,0
N,PROPERTY DAMAGE ONLY,\N,N,2023,MONDAY,SINGLE VEHICLE,N,N,\N,\N,N,APRIL,N,BURNABY,BURNABY,\N,N,N,N,LOWER MAINLAND,UNKNOWN,KINGSWAY,KINGSWAY,15:00-17:59,1,0
N,PROPERTY DAMAGE ONLY,\N,N,2023,MONDAY,SINGLE VEHICLE,N,N,\N,\N,N,APRIL,N,CHRISTINA LAKE,CHRISTINA LAKE,\N,N,N,N,SOUTHERN INTERIOR,UNKNOWN,FIFE RD,FIFE RD,15:00-17:59,1,0
N,PROPERTY DAMAGE ONLY,\N,N,2023,MONDAY,SINGLE VEHICLE,N,N,\N,\N,N,APRIL,N,DELTA,DELTA,\N,N,N,N,LOWER MAINLAND,UNKNOWN,TSAWWASSEN DR,TSAWWASSEN DR,15:00-17:59,1,0
N,PROPERTY DAMAGE ONLY,\N,N,2023,MONDAY,SINGLE VEHICLE,N,N,\N,\N,N,APRIL,N,DUNCAN,DUNCAN,\N,N,N,N,VANCOUVER ISLAND,UNKNOWN,HWY 1,HWY 1,15:00-17:59,1,0
N,PROPERTY DAMAGE ONLY,\N,N,2023,MONDAY,SINGLE VEHICLE,N,N,\N,\N,N,APRIL,N,GOLDEN,GOLDEN,\N,N,N,N,SOUTHERN INTERIOR,UNKNOWN,TRANS-CANADA HWY,TRANS-CANADA HWY,15:00-17:59,1,0
N,PROPERTY DAMAGE ONLY,\N,N,2023,MONDAY,SINGLE VEHICLE,N,N,\N,\N,N,APRIL,N,KAMLOOPS,KAMLOOPS,\N,N,N,N,SOUTHERN INTERIOR,UNKNOWN,COLUMBIA ST,COLUMBIA ST,15:00-17:59,1,0
N,PROPERTY DAMAGE ONLY,\N,N,2023,MONDAY,SINGLE VEHICLE,N,N,\N,\N,N,APRIL,N,LANGFORD,LANGFORD,\N,N,N,N,VANCOUVER ISLAND,UNKNOWN,TRANS-CANADA HWY,TRANS-CANADA HWY,15:00-17:59,1,0
N,PROPERTY DAMAGE ONLY,\N,N,2023,MONDAY,SINGLE VEHICLE,N,N,\N,\N,N,APRIL,N,MAPLE RIDGE,MAPLE RIDGE,\N,N,N,N,LOWER MAINLAND,UNKNOWN,GOLDEN EARS PARK,GOLDEN EARS PARK,15:00-17:59,1,0
N,PROPERTY DAMAGE ONLY,\N,N,2023,MONDAY,SINGLE VEHICLE,N,N,\N,\N,N,APRIL,N,NEW WESTMINSTER,NEW WESTMINSTER,\N,N,N,N,LOWER MAINLAND,UNKNOWN,EDWORTHY WAY,EDWORTHY WAY,15:00-17:59,1,0
N,PROPERTY DAMAGE ONLY,\N,N,2023,MONDAY,SINGLE VEHICLE,N,N,\N,\N,N,APRIL,N,PORT MOODY,PORT MOODY,\N,N,N,N,LOWER MAINLAND,UNKNOWN,NOOTKA WAY,NOOTKA WAY,15:00-17:59,1,0
N,PROPERTY DAMAGE ONLY,\N,N,2023,MONDAY,SINGLE VEHICLE,N,N,\N,\N,N,APRIL,N,QUESNEL,QUESNEL,\N,N,N,N,NORTH CENTRAL,UNKNOWN,HWY 97,HWY 97,15:00-17:59,1,0
N,PROPERTY DAMAGE ONLY,\N,N,2023,MONDAY,SINGLE VEHICLE,N,N,\N,\N,N,APRIL,N,RICHMOND,RICHMOND,\N,N,N,N,LOWER MAINLAND,UNKNOWN,MCMILLAN WAY,MCMILLAN WAY,15:00-17:59,1,0
N,PROPERTY DAMAGE ONLY,\N,N,2023,MONDAY,SINGLE VEHICLE,N,N,\N,\N,N,APRIL,N,SHAWNIGAN LAKE,SHAWNIGAN LAKE,\N,Y,N,N,VANCOUVER ISLAND,UNKNOWN,COWICHAN WAY,COWICHAN WAY,15:00-17:59,1,0
N,PROPERTY DAMAGE ONLY,\N,N,2023,MONDAY,SINGLE VEHICLE,N,N,\N,\N,N,APRIL,N,SQUAMISH,SQUAMISH,\N,N,N,N,LOWER MAINLAND,UNKNOWN,SEA TO SKY HWY,SEA TO SKY HWY,15:00-17:59,1,0
N,PROPERTY DAMAGE ONLY,\N,N,2023,MONDAY,SINGLE VEHICLE,N,N,\N,\N,N,APRIL,N,SURREY,SURREY,\N,N,N,N,LOWER MAINLAND,UNKNOWN,PACIFIC BORDER HWY,PACIFIC BORDER HWY,15:00-17:59,1,0
N,PROPERTY DAMAGE ONLY,\N,N,2023,MONDAY,SINGLE VEHICLE,N,N,\N,\N,N,APRIL,N,UNKNOWN,UNKNOWN,\N,N,N,N,UNKNOWN,UNKNOWN,PACIFIC WAY,PACIFIC WAY,15:00-17:59,1,0
N,PROPERTY DAMAGE ONLY,\N,N,2023,MONDAY,SINGLE VEHICLE,N,N,\N,\N,N,APRIL,N,UNKNOWN,UNKNOWN,\N,N,Y,N,UNKNOWN,UNKNOWN,260TH,260TH,15:00-17:59,1,0
N,PROPERTY DAMAGE ONLY,\N,N,2023,MONDAY,SINGLE VEHICLE,N,N,\N,\N,N,APRIL,N,VANCOUVER,VANCOUVER,\N,N,N,N,LOWER MAINLAND,UNKNOWN,E HASTINGS ST,E HASTINGS ST,15:00-17:59,1,0
N,PROPERTY DAMAGE ONLY,\N,N,2023,MONDAY,SINGLE VEHICLE,N,N,\N,\N,N,APRIL,N,VANCOUVER,VANCOUVER,\N,N,Y,N,LOWER MAINLAND,UNKNOWN,NICOLA ST,NICOLA ST,15:00-17:59,1,0
N,PROPERTY DAMAGE ONLY,\N,N,2023,MONDAY,SINGLE VEHICLE,N,N,\N,\N,N,APRIL,N,VANDERHOOF,VANDERHOOF,\N,N,N,N,NORTH CENTRAL,UNKNOWN,BEARHEAD RD,BEARHEAD RD,15:00-17:59,1,0
N,PROPERTY DAMAGE ONLY,\N,N,2023,MONDAY,SINGLE VEHICLE,N,N,\N,\N,N,APRIL,N,VERNON,VERNON,\N,N,Y,N,SOUTHERN INTERIOR,UNKNOWN,32ND AVE,32ND AVE,15:00-17:59,1,0
N,PROPERTY DAMAGE ONLY,\N,N,2023,MONDAY,SINGLE VEHICLE,N,N,\N,\N,N,APRIL,N,VICTORIA,VICTORIA,\N,N,N,N,VANCOUVER ISLAND,UNKNOWN,SEAR RIDGE DR,SEAR RIDGE DR,15:00-17:59,1,0
N,PROPERTY DAMAGE ONLY,\N,N,2023,MONDAY,SINGLE VEHICLE,N,N,\N,\N,N,APRIL,N,WHISTLER,WHISTLER,\N,N,N,N,LOWER MAINLAND,UNKNOWN,HWY 99,HWY 99,15:00-17:59,1,0
N,PROPERTY DAMAGE ONLY,\N,N,2023,MONDAY,SINGLE VEHICLE,N,N,\N,\N,N,APRIL,N,WILLIAMS LAKE,WILLIAMS LAKE,\N,N,N,N,NORTH CENTRAL,UNKNOWN,FOX MOUNTAIN RD,FOX MOUNTAIN RD,15:00-17:59,1,0
N,PROPERTY DAMAGE ONLY,\N,N,2023,MONDAY,SINGLE VEHICLE,N,N,\N,\N,N,APRIL,N,WONOWON,WONOWON,\N,N,N,N,NORTH CENTRAL,UNKNOWN,UPPER HALFWAY RD,UPPER HALFWAY RD,15:00-17:59,1,0
N,PROPERTY DAMAGE ONLY,\N,N,2023,MONDAY,SINGLE VEHICLE,N,N,48.441459,-123.379377,Y,APRIL,N,VICTORIA,VICTORIA,VICTORIA,N,N,N,VANCOUVER ISLAND,WATERFRONT CRES # 000300 TO 000389,WATERFRONT CRES,WATERFRONT CRES,15:00-17:59,1,0
N,PROPERTY DAMAGE ONLY,\N,N,2023,MONDAY,SINGLE VEHICLE,N,N,48.443488,-123.344515,Y,APRIL,N,VICTORIA,VICTORIA,VICTORIA,N,N,N,VANCOUVER ISLAND,EDGEWARE RD # 001400 TO 001499,EDGEWARE RD,EDGEWARE RD,15:00-17:59,1,0
N,PROPERTY DAMAGE ONLY,\N,N,2023,MONDAY,SINGLE VEHICLE,N,N,48.454686,-123.373315,Y,APRIL,N,SAANICH,SAANICH,SAANICH,N,Y,N,VANCOUVER ISLAND,SAANICH RD # 003430 TO 003508 even,SAANICH RD,SAANICH RD,15:00-17:59,1,0
N,PROPERTY DAMAGE ONLY,\N,N,2023,MONDAY,SINGLE VEHICLE,N,N,48.709901,-123.577548,Y,APRIL,N,COBBLE HILL,COBBLE HILL,COBBLE HILL,N,N,N,VANCOUVER ISLAND,TELEGRAPH RD # 004000 TO 004069,TELEGRAPH RD,TELEGRAPH RD,15:00-17:59,1,0
N,PROPERTY DAMAGE ONLY,\N,N,2023,MONDAY,SINGLE VEHICLE,N,N,48.999738,-123.822351,Y,APRIL,N,LADYSMITH,LADYSMITH,LADYSMITH,N,Y,N,VANCOUVER ISLAND,LUDLOW RD # 001000 TO 001047,LUDLOW RD,LUDLOW RD,15:00-17:59,1,0
N,PROPERTY DAMAGE ONLY,\N,N,2023,MONDAY,SINGLE VEHICLE,N,N,49.031186,-122.80261899999999,Y,APRIL,N,SURREY,SURREY,SURREY,N,Y,Y,LOWER MAINLAND,16 AVE # 015083 TO 015199 odd,16 AVE,16 AVE,15:00-17:59,1,0
N,PROPERTY DAMAGE ONLY,\N,N,2023,MONDAY,SINGLE VEHICLE,N,N,49.036258,-122.307323,Y,APRIL,N,ABBOTSFORD,ABBOTSFORD,ABBOTSFORD,N,Y,N,LOWER MAINLAND,JACKSON ST # 001846 TO 001929,JACKSON ST,JACKSON ST,15:00-17:59,1,0
N,PROPERTY DAMAGE ONLY,\N,N,2023,MONDAY,SINGLE VEHICLE,N,N,49.038363,-122.808857,Y,APRIL,N,SURREY,SURREY,SURREY,N,N,N,LOWER MAINLAND,20 AVE # 014850 TO 014999,20 AVE,20 AVE,15:00-17:59,1,0
N,PROPERTY DAMAGE ONLY,\N,N,2023,MONDAY,SINGLE VEHICLE,N,N,49.056149,-123.771754,Y,APRIL,N,LADYSMITH,LADYSMITH,LADYSMITH,N,N,N,VANCOUVER ISLAND,YELLOW POINT RD # 003200 TO 003395,YELLOW POINT RD,YELLOW POINT RD,15:00-17:59,1,0
N,PROPERTY DAMAGE ONLY,\N,N,2023,MONDAY,SINGLE VEHICLE,N,N,49.068156,-122.564823,Y,APRIL,N,LANGLEY,LANGLEY,LANGLEY,N,N,N,LOWER MAINLAND,36A AVE # 023600 TO 023999,36A AVE,36A AVE,15:00-17:59,1,0
N,PROPERTY DAMAGE ONLY,\N,N,2023,MONDAY,SINGLE VEHICLE,N,N,49.103597,-122.830427,Y,APRIL,N,SURREY,SURREY,SURREY,N,N,N,LOWER MAINLAND,KING GEORGE FRTG # 005521 TO 005599 odd,KING GEORGE FRTG,KING GEORGE FRTG,15:00-17:59,1,0
N,PROPERTY DAMAGE ONLY,\N,N,2023,MONDAY,SINGLE VEHICLE,N,N,49.107192,-122.433636,Y,APRIL,N,ABBOTSFORD,ABBOTSFORD,ABBOTSFORD,N,N,N,LOWER MAINLAND,58TH AVE # 028400 TO 028696,58TH AVE,58TH AVE,15:00-17:59,1,0
N,PROPERTY DAMAGE ONLY,\N,N,2023,MONDAY,SINGLE VEHICLE,N,N,49.107599,-122.665908,Y,APRIL,N,LANGLEY,LANGLEY,LANGLEY,N,Y,N,LOWER MAINLAND,FRASER HWY # 020050 TO 020178,FRASER HWY,FRASER HWY,15:00-17:59,1,0
N,PROPERTY DAMAGE ONLY,\N,N,2023,MONDAY,SINGLE VEHICLE,N,N,49.132035,-123.180754,Y,APRIL,N,RICHMOND,RICHMOND,RICHMOND,N,Y,N,LOWER MAINLAND,REGENT ST # 004000 TO 004151,REGENT ST,REGENT ST,15:00-17:59,1,0
N,PROPERTY DAMAGE ONLY,\N,N,2023,MONDAY,SINGLE VEHICLE,N,N,49.141717,-122.642661,Y,APRIL,N,LANGLEY,LANGLEY,LANGLEY,N,N,N,LOWER MAINLAND,209 ST # 007665 TO 007689,209 ST,209 ST,15:00-17:59,1,0
N,PROPERTY DAMAGE ONLY,\N,N,2023,MONDAY,SINGLE VEHICLE,N,N,49.14865,-122.014223,Y,APRIL,N,CHILLIWACK,CHILLIWACK,CHILLIWACK,N,Y,N,LOWER MAINLAND,PROGRESS WAY # 043600 TO 043999,PROGRESS WAY,PROGRESS WAY,15:00-17:59,1,0
N,PROPERTY DAMAGE ONLY,\N,N,2023,MONDAY,SINGLE VEHICLE,N,N,49.150366,-122.648889,Y,APRIL,N,LANGLEY,LANGLEY,LANGLEY,N,Y,N,LOWER MAINLAND,207 ST # 008069 TO 008159,207 ST,207 ST,15:00-17:59,2,0
N,PROPERTY DAMAGE ONLY,\N,N,2023,MONDAY,SINGLE VEHICLE,N,N,49.151816,-122.776365,Y,APRIL,N,SURREY,SURREY,SURREY,N,N,N,LOWER MAINLAND,82 AVE # 016071 TO 016099,82 AVE,82 AVE,15:00-17:59,1,0
N,PROPERTY DAMAGE ONLY,\N,N,2023,MONDAY,SINGLE VEHICLE,N,N,49.165613,-123.136632,Y,APRIL,N,RICHMOND,RICHMOND,RICHMOND,N,Y,N,LOWER MAINLAND,NO 3 RD # 006401 TO 006799 odd,NO 3 RD,NO 3 RD,15:00-17:59,1,0
N,PROPERTY DAMAGE ONLY,\N,N,2023,MONDAY,SINGLE VEHICLE,N,N,49.166628,-121.953857,Y,APRIL,N,CHILLIWACK,CHILLIWACK,CHILLIWACK,N,N,N,LOWER MAINLAND,CHEAM AVE # 045888 TO 045999,CHEAM AVE,CHEAM AVE,15:00-17:59,1,0
N,PROPERTY DAMAGE ONLY,\N,N,2023,MONDAY,SINGLE VEHICLE,N,N,49.168714,-123.141936,Y,APRIL,N,RICHMOND,RICHMOND,RICHMOND,Y,Y,N,LOWER MAINLAND,GOLLNER AVE # 007325 TO 007369,GOLLNER AVE,GOLLNER AVE,15:00-17:59,1,0
N,PROPERTY DAMAGE ONLY,\N,N,2023,MONDAY,SINGLE VEHICLE,N,N,49.169589,-122.79571,Y,APRIL,N,SURREY,SURREY,SURREY,N,Y,N,LOWER MAINLAND,154 ST # 009164 TO 009178,154 ST,154 ST,15:00-17:59,1,0
N,PROPERTY DAMAGE ONLY,\N,N,2023,MONDAY,SINGLE VEHICLE,N,N,49.170166,-123.135068,Y,APRIL,N,RICHMOND,RICHMOND,RICHMOND,N,Y,N,LOWER MAINLAND,WESTMINSTER HWY # 008000 TO 008250 even,WESTMINSTER HWY,WESTMINSTER HWY,15:00-17:59,1,0
N,PROPERTY DAMAGE ONLY,\N,N,2023,MONDAY,SINGLE VEHICLE,N,N,49.170241,-123.133994,Y,APRIL,N,RICHMOND,RICHMOND,RICHMOND,N,Y,N,LOWER MAINLAND,WESTMINSTER HWY # 008001 TO 008399 odd,WESTMINSTER HWY,WESTMINSTER HWY,15:00-17:59,1,0
N,PROPERTY DAMAGE ONLY,\N,N,2023,MONDAY,SINGLE VEHICLE,N,N,49.184408,-122.858408,Y,APRIL,N,SURREY,SURREY,SURREY,N,N,N,LOWER MAINLAND,100 AVE # 013060 TO 013199,100 AVE,100 AVE,15:00-17:59,1,0
N,PROPERTY DAMAGE ONLY,\N,N,2023,MONDAY,SINGLE VEHICLE,N,N,49.197232,-123.00743,Y,APRIL,N,BURNABY,BURNABY,BURNABY,N,N,N,LOWER MAINLAND,GLENLYON PKY # 008920 TO 009363,GLENLYON PKY,GLENLYON PKY,15:00-17:59,1,0
N,PROPERTY DAMAGE ONLY,\N,N,2023,MONDAY,SINGLE VEHICLE,N,N,49.201222,-122.922321,Y,APRIL,N,NEW WESTMINSTER,NEW WESTMINSTER,NEW WESTMINSTER,N,Y,N,LOWER MAINLAND,TWELFTH ST # 000100 TO 000199,12TH ST,12TH ST,15:00-17:59,1,0
N,PROPERTY DAMAGE ONLY,\N,N,2023,MONDAY,SINGLE VEHICLE,N,N,49.204273,-122.913417,Y,APRIL,N,NEW WESTMINSTER,NEW WESTMINSTER,NEW WESTMINSTER,N,Y,N,LOWER MAINLAND,ROYAL AVE # 000700 TO 000804 even,ROYAL AVE,ROYAL AVE,15:00-17:59,1,0
N,PROPERTY DAMAGE ONLY,\N,N,2023,MONDAY,SINGLE VEHICLE,N,N,49.209524,-123.140498,Y,APRIL,N,VANCOUVER,VANCOUVER,VANCOUVER,N,Y,N,LOWER MAINLAND,GRANVILLE ST # 008400 TO 008599,GRANVILLE ST,GRANVILLE ST,15:00-17:59,1,0
N,PROPERTY DAMAGE ONLY,\N,N,2023,MONDAY,SINGLE VEHICLE,N,N,49.21579,-122.952093,Y,APRIL,N,BURNABY,BURNABY,BURNABY,N,Y,N,LOWER MAINLAND,16TH ST # 007400 TO 007449,16TH ST,16TH ST,15:00-17:59,1,0
N,PROPERTY DAMAGE ONLY,\N,N,2023,MONDAY,SINGLE VEHICLE,N,N,49.225336,-123.119937,Y,APRIL,N,VANCOUVER,VANCOUVER,VANCOUVER,N,Y,N,LOWER MAINLAND,W 50TH AVE # 000587 TO 000699,W 50TH AVE,W 50TH AVE,15:00-17:59,1,0
N,PROPERTY DAMAGE ONLY,\N,N,2023,MONDAY,SINGLE VEHICLE,N,N,49.229897,-123.003852,Y,APRIL,N,BURNABY,BURNABY,BURNABY,N,Y,N,LOWER MAINLAND,KINGSWAY # 004500 TO 004555,KINGSWAY,KINGSWAY,15:00-17:59,1,0
N,PROPERTY DAMAGE ONLY,\N,N,2023,MONDAY,SINGLE VEHICLE,N,N,49.232164,-122.839423,Y,APRIL,N,COQUITLAM,COQUITLAM,COQUITLAM,N,N,N,LOWER MAINLAND,CONCORD AVE # 002000 TO 002064,CONCORD AVE,CONCORD AVE,15:00-17:59,1,0
N,PROPERTY DAMAGE ONLY,\N,N,2023,MONDAY,SINGLE VEHICLE,N,N,49.235314,-122.770199,Y,APRIL,N,PORT COQUITLAM,PORT COQUITLAM,PORT COQUITLAM,Y,Y,N,LOWER MAINLAND,PITT RIVER RD # 001180 TO 001199,PITT RIVER RD,PITT RIVER RD,15:00-17:59,1,0
N,PROPERTY DAMAGE ONLY,\N,N,2023,MONDAY,SINGLE VEHICLE,N,N,49.238461,-124.054878,Y,APRIL,N,NANAIMO,NANAIMO,NANAIMO,N,Y,N,VANCOUVER ISLAND,MARY ELLEN DR # 006670 TO 006679,MARY ELLEN DR,MARY ELLEN DR,15:00-17:59,1,0
N,PROPERTY DAMAGE ONLY,\N,N,2023,MONDAY,SINGLE VEHICLE,N,N,49.248945,-124.124101,Y,APRIL,N,LANTZVILLE,LANTZVILLE,LANTZVILLE,N,Y,N,VANCOUVER ISLAND,CAPILANO RD # 000691 TO 000699,CAPILANO RD,CAPILANO RD,15:00-17:59,1,0
N,PROPERTY DAMAGE ONLY,\N,N,2023,MONDAY,SINGLE VEHICLE,N,N,49.2491,-122.895415,Y,APRIL,N,BURNABY,BURNABY,BURNABY,N,Y,N,LOWER MAINLAND,AUSTIN RD # 009855 TO 009865 odd,AUSTIN RD,AUSTIN RD,15:00-17:59,1,0
N,PROPERTY DAMAGE ONLY,\N,N,2023,MONDAY,SINGLE VEHICLE,N,N,49.251867,-123.128609,Y,APRIL,N,VANCOUVER,VANCOUVER,VANCOUVER,N,Y,N,LOWER MAINLAND,BALFOUR AVE # 001000 TO 001099,BALFOUR AVE,BALFOUR AVE,15:00-17:59,1,0
N,PROPERTY DAMAGE ONLY,\N,N,2023,MONDAY,SINGLE VEHICLE,N,N,49.260646,-122.782693,Y,APRIL,N,PORT COQUITLAM,PORT COQUITLAM,PORT COQUITLAM,N,N,N,LOWER MAINLAND,SHAUGHNESSY ST # 002474 TO 002499,SHAUGHNESSY ST,SHAUGHNESSY ST,15:00-17:59,1,0
N,PROPERTY DAMAGE ONLY,\N,N,2023,MONDAY,SINGLE VEHICLE,N,N,49.262174,-123.138557,Y,APRIL,N,VANCOUVER,VANCOUVER,VANCOUVER,N,Y,N,LOWER MAINLAND,GRANVILLE ST # 002600 TO 002699,GRANVILLE ST,GRANVILLE ST,15:00-17:59,1,0
N,PROPERTY DAMAGE ONLY,\N,N,2023,MONDAY,SINGLE VEHICLE,N,N,49.262946,-123.255945,Y,APRIL,N,UBC,UBC,UBC,N,Y,N,LOWER MAINLAND,LOWER MALL # 002100 TO 002145,LOWER MALL,LOWER MALL,15:00-17:59,1,0
N,PROPERTY DAMAGE ONLY,\N,N,2023,MONDAY,SINGLE VEHICLE,N,N,49.264996,-123.116431,Y,APRIL,N,VANCOUVER,VANCOUVER,VANCOUVER,N,Y,N,LOWER MAINLAND,W 7TH AVE # 000522 TO 000599,W 7TH AVE,W 7TH AVE,15:00-17:59,1,0
N,PROPERTY DAMAGE ONLY,\N,N,2023,MONDAY,SINGLE VEHICLE,N,N,49.276416,-123.12346,Y,APRIL,N,VANCOUVER,VANCOUVER,VANCOUVER,N,Y,N,LOWER MAINLAND,RICHARDS ST # 001100 TO 001199,RICHARDS ST,RICHARDS ST,15:00-17:59,1,0
N,PROPERTY DAMAGE ONLY,\N,N,2023,MONDAY,SINGLE VEHICLE,N,N,49.279493,-123.065597,Y,APRIL,N,VANCOUVER,VANCOUVER,VANCOUVER,N,Y,N,LOWER MAINLAND,VICTORIA DR # 000540 TO 000571,VICTORIA DR,VICTORIA DR,15:00-17:59,1,0
N,PROPERTY DAMAGE ONLY,\N,N,2023,MONDAY,SINGLE VEHICLE,N,N,49.280976,-122.92366,Y,APRIL,N,BURNABY,BURNABY,BURNABY,N,Y,N,LOWER MAINLAND,UNIVERSITY DR # 008700 TO 008888 even,UNIVERSITY DR,UNIVERSITY DR,15:00-17:59,1,0
N,PROPERTY DAMAGE ONLY,\N,N,2023,MONDAY,SINGLE VEHICLE,N,N,49.286784,-122.799228,Y,APRIL,N,COQUITLAM,COQUITLAM,COQUITLAM,N,Y,N,LOWER MAINLAND,LASALLE PL # 001220 TO 001249,LASALLE PL,LASALLE PL,15:00-17:59,1,0
N,PROPERTY DAMAGE ONLY,\N,N,2023,MONDAY,SINGLE VEHICLE,N,N,49.288334,-123.124878,Y,APRIL,N,VANCOUVER,VANCOUVER,VANCOUVER,N,Y,N,LOWER MAINLAND,MELVILLE ST # 001200 TO 001287,MELVILLE ST,MELVILLE ST,15:00-17:59,1,0
N,PROPERTY DAMAGE ONLY,\N,N,2023,MONDAY,SINGLE VEHICLE,N,N,49.289592,-122.927642,Y,APRIL,N,BURNABY,BURNABY,BURNABY,N,N,N,LOWER MAINLAND,BARNET RD # 008100 TO 008249,BARNET RD,BARNET RD,15:00-17:59,1,0
N,PROPERTY DAMAGE ONLY,\N,N,2023,MONDAY,SINGLE VEHICLE,N,N,49.296167,-117.654121,Y,APRIL,N,CASTLEGAR,CASTLEGAR,CASTLEGAR,N,Y,N,SOUTHERN INTERIOR,COLUMBIA AVE # 001931 TO 001999 odd,COLUMBIA AVE,COLUMBIA AVE,15:00-17:59,1,0
N,PROPERTY DAMAGE ONLY,\N,N,2023,MONDAY,SINGLE VEHICLE,N,N,49.312754,-123.083358,Y,APRIL,N,NORTH VANCOUVER,NORTH VANCOUVER,NORTH VANCOUVER,N,Y,N,LOWER MAINLAND,W ESPLANADE # 000200 TO 000249,W ESPLANADE,W ESPLANADE,15:00-17:59,1,0
N,PROPERTY DAMAGE ONLY,\N,N,2023,MONDAY,SINGLE VEHICLE,N,N,49.314338,-122.974653,Y,APRIL,N,NORTH VANCOUVER,NORTH VANCOUVER,NORTH VANCOUVER,N,N,N,LOWER MAINLAND,BOWRON CRT # 000900 TO 001051,BOWRON CRT,BOWRON CRT,15:00-17:59,1,0
N,PROPERTY DAMAGE ONLY,\N,N,2023,MONDAY,SINGLE VEHICLE,N,N,49.319459,-123.072386,Y,APRIL,N,NORTH VANCOUVER,NORTH VANCOUVER,NORTH VANCOUVER,N,Y,N,LOWER MAINLAND,LONSDALE AVE # 001200 TO 001299,LONSDALE AVE,LONSDALE AVE,15:00-17:59,1,0
N,PROPERTY DAMAGE ONLY,\N,N,2023,MONDAY,SINGLE VEHICLE,N,N,49.323956,-123.12149,Y,APRIL,N,NORTH VANCOUVER,NORTH VANCOUVER,NORTH VANCOUVER,N,Y,N,LOWER MAINLAND,MARINE DR # 001961 TO 001999 odd,MARINE DR,MARINE DR,15:00-17:59,1,0
N,PROPERTY DAMAGE ONLY,\N,N,2023,MONDAY,SINGLE VEHICLE,N,N,49.329933,-123.108968,Y,APRIL,N,NORTH VANCOUVER,NORTH VANCOUVER,NORTH VANCOUVER,N,N,N,LOWER MAINLAND,W 22ND ST # 001200 TO 001299,W 22ND ST,W 22ND ST,15:00-17:59,1,0
N,PROPERTY DAMAGE ONLY,\N,N,2023,MONDAY,SINGLE VEHICLE,N,N,49.33011,-123.121984,Y,APRIL,N,NORTH VANCOUVER,NORTH VANCOUVER,NORTH VANCOUVER,N,Y,N,LOWER MAINLAND,FULLERTON AVE # 002000 TO 002007,FULLERTON AVE,FULLERTON AVE,15:00-17:59,1,0
N,PROPERTY DAMAGE ONLY,\N,N,2023,MONDAY,SINGLE VEHICLE,N,N,49.336781,-123.068634,Y,APRIL,N,NORTH VANCOUVER,NORTH VANCOUVER,NORTH VANCOUVER,N,Y,N,LOWER MAINLAND,ST GEORGES AVE # 002950 TO 003099,ST GEORGES AVE,ST GEORGES AVE,15:00-17:59,1,0
N,PROPERTY DAMAGE ONLY,\N,N,2023,MONDAY,SINGLE VEHICLE,N,N,49.471509,-119.562015,Y,APRIL,N,PENTICTON,PENTICTON,PENTICTON,N,N,N,SOUTHERN INTERIOR,EVERGREEN CRES # 000100 TO 000161,EVERGREEN CRES,EVERGREEN CRES,15:00-17:59,1,0
N,PROPERTY DAMAGE ONLY,\N,N,2023,MONDAY,SINGLE VEHICLE,N,N,49.479669,-119.595854,Y,APRIL,N,PENTICTON,PENTICTON,PENTICTON,N,N,N,SOUTHERN INTERIOR,FAIRVIEW RD # 001670 TO 001693,FAIRVIEW RD,FAIRVIEW RD,15:00-17:59,1,0
N,PROPERTY DAMAGE ONLY,\N,N,2023,MONDAY,SINGLE VEHICLE,N,N,49.496742,-119.597776,Y,APRIL,N,PENTICTON,PENTICTON,PENTICTON,N,Y,N,SOUTHERN INTERIOR,HAYNES ST # 000300 TO 000399,HAYNES ST,HAYNES ST,15:00-17:59,1,0
N,PROPERTY DAMAGE ONLY,\N,N,2023,MONDAY,SINGLE VEHICLE,N,N,49.837635,-119.609941,Y,APRIL,N,WEST KELOWNA,WEST KELOWNA,WEST KELOWNA,N,Y,N,SOUTHERN INTERIOR,CARRINGTON RD # 003521 TO 003545 odd,CARRINGTON RD,CARRINGTON RD,15:00-17:59,1,0
N,PROPERTY DAMAGE ONLY,\N,N,2023,MONDAY,SINGLE VEHICLE,N,N,49.879867,-119.490392,Y,APRIL,N,KELOWNA,KELOWNA,KELOWNA,N,N,N,SOUTHERN INTERIOR,SUTHERLAND AVE # 000510 TO 000699,SUTHERLAND AVE,SUTHERLAND AVE,15:00-17:59,1,0
N,PROPERTY DAMAGE ONLY,\N,N,2023,MONDAY,SINGLE VEHICLE,N,N,49.88334,-119.43406,Y,APRIL,N,KELOWNA,KELOWNA,KELOWNA,N,Y,N,SOUTHERN INTERIOR,ENTERPRISE WAY # 002200 TO 002399,ENTERPRISE WAY,ENTERPRISE WAY,15:00-17:59,1,0
N,PROPERTY DAMAGE ONLY,\N,N,2023,MONDAY,SINGLE VEHICLE,N,N,49.892936,-119.496497,Y,APRIL,N,KELOWNA,KELOWNA,KELOWNA,N,Y,N,SOUTHERN INTERIOR,WATER ST # 001220 TO 001309,WATER ST,WATER ST,15:00-17:59,1,0
N,PROPERTY DAMAGE ONLY,\N,N,2023,MONDAY,SINGLE VEHICLE,N,N,49.937107,-119.364127,Y,APRIL,N,KELOWNA,KELOWNA,KELOWNA,N,N,N,SOUTHERN INTERIOR,OLD VERNON RD # 003567 TO 003652,OLD VERNON RD,OLD VERNON RD,15:00-17:59,1,0
N,PROPERTY DAMAGE ONLY,\N,N,2023,MONDAY,SINGLE VEHICLE,N,N,50.662318,-120.267498,Y,APRIL,N,KAMLOOPS,KAMLOOPS,KAMLOOPS,N,N,N,SOUTHERN INTERIOR,KECHIKA CRT # 001400 TO 001498 even,KECHIKA CRT,KECHIKA CRT,15:00-17:59,1,0
N,PROPERTY DAMAGE ONLY,\N,N,2023,MONDAY,SINGLE VEHICLE,N,N,50.692591,-119.297908,Y,APRIL,N,SALMON ARM,SALMON ARM,SALMON ARM,N,N,N,SOUTHERN INTERIOR,10 AVE SW # 001000 TO 001200,10 AVE SW,10 AVE SW,15:00-17:59,1,0
N,PROPERTY DAMAGE ONLY,\N,N,2023,MONDAY,SINGLE VEHICLE,N,N,50.876957,-119.448234,Y,APRIL,N,SORRENTO,SORRENTO,SORRENTO,N,N,N,SOUTHERN INTERIOR,TRANS-CANADA HWY # 001510 TO 001529,TRANS-CANADA HWY,TRANS-CANADA HWY,15:00-17:59,1,0
N,PROPERTY DAMAGE ONLY,\N,N,2023,MONDAY,SINGLE VEHICLE,N,N,54.306093,-130.331378,Y,APRIL,N,PRINCE RUPERT,PRINCE RUPERT,PRINCE RUPERT,N,Y,N,NORTH CENTRAL,SUMMIT AVE # 001054 TO 001305,SUMMIT AVE,SUMMIT AVE,15:00-17:59,1,0
N,PROPERTY DAMAGE ONLY,\N,N,2023,MONDAY,SINGLE VEHICLE,N,N,55.758882,-120.228295,Y,APRIL,N,DAWSON CREEK,DAWSON CREEK,DAWSON CREEK,N,Y,N,NORTH CENTRAL,10 ST # 010100 TO 010199,10 ST,10 ST,15:00-17:59,1,0
N,PROPERTY DAMAGE ONLY,\N,N,2023,MONDAY,SINGLE VEHICLE,Y,N,49.196025,-123.087516,Y,APRIL,N,RICHMOND,RICHMOND,RICHMOND,N,Y,N,LOWER MAINLAND,VAUXHALL PL # 002200 TO 002399,VAUXHALL PL,VAUXHALL PL,15:00-17:59,1,0
N,PROPERTY DAMAGE ONLY,\N,N,2023,MONDAY,SINGLE VEHICLE,Y,N,49.261114,-122.761327,Y,APRIL,N,PORT COQUITLAM,PORT COQUITLAM,PORT COQUITLAM,N,Y,N,LOWER MAINLAND,LOUGHEED HWY # 001580 TO 001698 even,LOUGHEED HWY,LOUGHEED HWY,15:00-17:59,1,0
N,PROPERTY DAMAGE ONLY,\N,N,2023,MONDAY,UNDETERMINED,N,N,\N,\N,N,APRIL,N,ABBOTSFORD,ABBOTSFORD,\N,N,N,N,LOWER MAINLAND,UNKNOWN,FRASER HWY,FRASER HWY,15:00-17:59,1,0
N,PROPERTY DAMAGE ONLY,\N,N,2023,MONDAY,UNDETERMINED,N,N,\N,\N,N,APRIL,N,BURNABY,BURNABY,\N,N,N,N,LOWER MAINLAND,UNKNOWN,LOUGHEED HWY,LOUGHEED HWY,15:00-17:59,1,0
N,PROPERTY DAMAGE ONLY,\N,N,2023,MONDAY,UNDETERMINED,N,N,\N,\N,N,APRIL,N,DELTA,DELTA,\N,N,N,N,LOWER MAINLAND,UNKNOWN,HWY 99,HWY 99,15:00-17:59,1,0
N,PROPERTY DAMAGE ONLY,\N,N,2023,MONDAY,UNDETERMINED,N,N,\N,\N,N,APRIL,N,DELTA,DELTA,\N,Y,Y,N,LOWER MAINLAND,UNKNOWN,FALCON WAY,FALCON WAY,15:00-17:59,1,0
N,PROPERTY DAMAGE ONLY,\N,N,2023,MONDAY,UNDETERMINED,N,N,\N,\N,N,APRIL,N,HARRISON HOT SPRINGS,HARRISON HOT SPRINGS,\N,Y,Y,N,LOWER MAINLAND,UNKNOWN,HARRISON E FOREST SERVICE RD.,HARRISON E FOREST SERVICE RD.,15:00-17:59,1,0
N,PROPERTY DAMAGE ONLY,\N,N,2023,MONDAY,UNDETERMINED,N,N,\N,\N,N,APRIL,N,LANGLEY,LANGLEY,\N,Y,Y,N,LOWER MAINLAND,UNKNOWN,199B ST,199B ST,15:00-17:59,1,0
N,PROPERTY DAMAGE ONLY,\N,N,2023,MONDAY,UNDETERMINED,N,N,\N,\N,N,APRIL,N,NORTH VANCOUVER,NORTH VANCOUVER,\N,Y,N,N,LOWER MAINLAND,UNKNOWN,RIVERSIDE DR W,RIVERSIDE DR W,15:00-17:59,1,0
N,PROPERTY DAMAGE ONLY,\N,N,2023,MONDAY,UNDETERMINED,N,N,\N,\N,N,APRIL,N,RICHMOND,RICHMOND,\N,Y,Y,N,LOWER MAINLAND,UNKNOWN,RIVER DR,RIVER DR,15:00-17:59,1,0
N,PROPERTY DAMAGE ONLY,\N,N,2023,MONDAY,UNDETERMINED,N,N,\N,\N,N,APRIL,N,SURREY,SURREY,\N,Y,Y,N,LOWER MAINLAND,UNKNOWN,72 AVE,72 AVE,15:00-17:59,1,0
N,PROPERTY DAMAGE ONLY,\N,N,2023,MONDAY,UNDETERMINED,N,N,\N,\N,N,APRIL,N,VANCOUVER,VANCOUVER,\N,N,N,N,LOWER MAINLAND,UNKNOWN,SE MARINE DR,SE MARINE DR,15:00-17:59,1,0
N,PROPERTY DAMAGE ONLY,\N,N,2023,MONDAY,UNDETERMINED,N,N,\N,\N,N,APRIL,N,VANCOUVER,VANCOUVER,\N,Y,N,N,LOWER MAINLAND,UNKNOWN,MAIN STREET,MAIN STREET,15:00-17:59,1,0
N,PROPERTY DAMAGE ONLY,\N,N,2023,MONDAY,UNDETERMINED,N,N,\N,\N,N,APRIL,N,VERNON,VERNON,\N,N,N,N,SOUTHERN INTERIOR,UNKNOWN,HWY 97,HWY 97,15:00-17:59,1,0
N,PROPERTY DAMAGE ONLY,\N,N,2023,MONDAY,UNDETERMINED,N,N,\N,\N,N,APRIL,N,VICTORIA,VICTORIA,\N,N,Y,N,VANCOUVER ISLAND,UNKNOWN,NADEN WAY,NADEN WAY,15:00-17:59,1,0
N,PROPERTY DAMAGE ONLY,\N,N,2023,MONDAY,UNDETERMINED,N,N,\N,\N,N,APRIL,N,VICTORIA,VICTORIA,\N,Y,N,N,VANCOUVER ISLAND,UNKNOWN,LOCHSIDE DR,LOCHSIDE DR,15:00-17:59,1,0
N,PROPERTY DAMAGE ONLY,\N,N,2023,MONDAY,UNDETERMINED,N,N,48.418051,-123.317898,Y,APRIL,N,OAK BAY,OAK BAY,OAK BAY,Y,N,N,VANCOUVER ISLAND,VICTORIA AVE # 000800 TO 000841,VICTORIA AVE,VICTORIA AVE,15:00-17:59,1,0
N,PROPERTY DAMAGE ONLY,\N,N,2023,MONDAY,UNDETERMINED,N,N,48.421852,-123.365622,Y,APRIL,N,VICTORIA,VICTORIA,VICTORIA,Y,Y,N,VANCOUVER ISLAND,HUMBOLDT ST # 000700 TO 000739,HUMBOLDT ST,HUMBOLDT ST,15:00-17:59,1,0
N,PROPERTY DAMAGE ONLY,\N,N,2023,MONDAY,UNDETERMINED,N,N,48.453671,-123.374622,Y,APRIL,N,SAANICH,SAANICH,SAANICH,N,Y,N,VANCOUVER ISLAND,SAANICH RD # 003400 TO 003459,SAANICH RD,SAANICH RD,15:00-17:59,1,0
N,PROPERTY DAMAGE ONLY,\N,N,2023,MONDAY,UNDETERMINED,N,N,48.464823,-123.295311,Y,APRIL,N,SAANICH,SAANICH,SAANICH,Y,N,N,VANCOUVER ISLAND,HOBBS ST # 003890 TO 003939,HOBBS ST,HOBBS ST,15:00-17:59,1,0
N,PROPERTY DAMAGE ONLY,\N,N,2023,MONDAY,UNDETERMINED,N,N,48.500444,-123.372826,Y,APRIL,N,SAANICH,SAANICH,SAANICH,Y,Y,N,VANCOUVER ISLAND,COBBLESTONE LANE # 000900 TO 000939,COBBLESTONE LANE,COBBLESTONE LANE,15:00-17:59,1,0
N,PROPERTY DAMAGE ONLY,\N,N,2023,MONDAY,UNDETERMINED,N,N,48.66425,-123.41223,Y,APRIL,N,SIDNEY,SIDNEY,SIDNEY,Y,N,N,VANCOUVER ISLAND,LINDA PL # 002011 TO 002039 odd,LINDA PL,LINDA PL,15:00-17:59,1,0
N,PROPERTY DAMAGE ONLY,\N,N,2023,MONDAY,UNDETERMINED,N,N,48.723577,-123.720411,Y,APRIL,N,DUNCAN,DUNCAN,DUNCAN,N,N,N,VANCOUVER ISLAND,MOUNTAIN RD # 002962 TO 003569,MOUNTAIN RD,MOUNTAIN RD,15:00-17:59,1,0
N,PROPERTY DAMAGE ONLY,\N,N,2023,MONDAY,UNDETERMINED,N,N,48.85357,-123.499349,Y,APRIL,N,SALT SPRING ISLAND,SALT SPRING ISLAND,SALT SPRING ISLAND,N,Y,N,VANCOUVER ISLAND,PURVIS LANE # 000109 TO 000114,PURVIS LANE,PURVIS LANE,15:00-17:59,1,0
N,PROPERTY DAMAGE ONLY,\N,N,2023,MONDAY,UNDETERMINED,N,N,48.997817,-123.824119,Y,APRIL,N,LADYSMITH,LADYSMITH,LADYSMITH,Y,Y,N,VANCOUVER ISLAND,1ST AVE # 001100 TO 001130,1ST AVE,1ST AVE,15:00-17:59,1,0
N,PROPERTY DAMAGE ONLY,\N,N,2023,MONDAY,UNDETERMINED,N,N,49.011938,-123.038772,Y,APRIL,N,DELTA,DELTA,DELTA,Y,Y,N,LOWER MAINLAND,CENTENNIAL PKY # 000453 TO 000541 odd,CENTENNIAL PKY,CENTENNIAL PKY,15:00-17:59,1,0
N,PROPERTY DAMAGE ONLY,\N,N,2023,MONDAY,UNDETERMINED,N,N,49.016582,-122.789523,Y,APRIL,N,SURREY,SURREY,SURREY & WHITE ROCK,N,N,N,LOWER MAINLAND,MARINE DR # 015600 TO 015649,MARINE DR,MARINE DR,15:00-17:59,1,0
N,PROPERTY DAMAGE ONLY,\N,N,2023,MONDAY,UNDETERMINED,N,N,49.01983,-122.509257,Y,APRIL,N,LANGLEY,LANGLEY,LANGLEY,Y,N,N,LOWER MAINLAND,10 AVE # 025600 TO 025999,10 AVE,10 AVE,15:00-17:59,1,0
N,PROPERTY DAMAGE ONLY,\N,N,2023,MONDAY,UNDETERMINED,N,N,49.023015,-122.380771,Y,APRIL,N,ABBOTSFORD,ABBOTSFORD,ABBOTSFORD,Y,Y,N,LOWER MAINLAND,LIBERATOR AVE # 030440 TO 030448 even,LIBERATOR AVE,LIBERATOR AVE,15:00-17:59,1,0
N,PROPERTY DAMAGE ONLY,\N,N,2023,MONDAY,UNDETERMINED,N,N,49.030877,-123.068722,Y,APRIL,N,DELTA,DELTA,DELTA,Y,Y,N,LOWER MAINLAND,56 ST # 001481 TO 001599 odd,56 ST,56 ST,15:00-17:59,1,0
N,PROPERTY DAMAGE ONLY,\N,N,2023,MONDAY,UNDETERMINED,N,N,49.038162,-122.31345,Y,APRIL,N,ABBOTSFORD,ABBOTSFORD,ABBOTSFORD,Y,Y,N,LOWER MAINLAND,MARSHALL RD # 032800 TO 032953,MARSHALL RD,MARSHALL RD,15:00-17:59,1,0
N,PROPERTY DAMAGE ONLY,\N,N,2023,MONDAY,UNDETERMINED,N,N,49.044479,-122.779184,Y,APRIL,N,SURREY,SURREY,SURREY,Y,Y,N,LOWER MAINLAND,160 ST # 002270 TO 002398 even,160 ST,160 ST,15:00-17:59,1,0
N,PROPERTY DAMAGE ONLY,\N,N,2023,MONDAY,UNDETERMINED,N,N,49.045361,-122.223644,Y,APRIL,N,ABBOTSFORD,ABBOTSFORD,ABBOTSFORD,Y,Y,N,LOWER MAINLAND,WHATCOM RD # 002350 TO 002398 even,WHATCOM RD,WHATCOM RD,15:00-17:59,1,0
N,PROPERTY DAMAGE ONLY,\N,N,2023,MONDAY,UNDETERMINED,N,N,49.050778,-122.308714,Y,APRIL,N,ABBOTSFORD,ABBOTSFORD,ABBOTSFORD,Y,N,N,LOWER MAINLAND,SOUTH FRASER WAY # 032980 TO 033079,SOUTH FRASER WAY,SOUTH FRASER WAY,15:00-17:59,1,0
N,PROPERTY DAMAGE ONLY,\N,N,2023,MONDAY,UNDETERMINED,N,N,49.058552,-122.346127,Y,APRIL,N,ABBOTSFORD,ABBOTSFORD,ABBOTSFORD,N,N,N,LOWER MAINLAND,CHARLOTTE AVE # 031600 TO 031779,CHARLOTTE AVE,CHARLOTTE AVE,15:00-17:59,1,0
N,PROPERTY DAMAGE ONLY,\N,N,2023,MONDAY,UNDETERMINED,N,N,49.060491,-122.463901,Y,APRIL,N,LANGLEY,LANGLEY,LANGLEY,Y,N,N,LOWER MAINLAND,32 AVE # 027393 TO 027499,32 AVE,32 AVE,15:00-17:59,1,0
N,PROPERTY DAMAGE ONLY,\N,N,2023,MONDAY,UNDETERMINED,N,N,49.091924,-122.643992,Y,APRIL,N,LANGLEY,LANGLEY,LANGLEY,Y,N,N,LOWER MAINLAND,49A AVE # 020900 TO 020959,49A AVE,49A AVE,15:00-17:59,1,0
N,PROPERTY DAMAGE ONLY,\N,N,2023,MONDAY,UNDETERMINED,N,N,49.102784,-123.892397,Y,APRIL,N,NANAIMO,NANAIMO,NANAIMO,N,N,N,VANCOUVER ISLAND,SCHOOLHOUSE RD # 001900 TO 001999,SCHOOLHOUSE RD,SCHOOLHOUSE RD,15:00-17:59,1,0
N,PROPERTY DAMAGE ONLY,\N,N,2023,MONDAY,UNDETERMINED,N,N,49.103328,-121.962583,Y,APRIL,N,CHILLIWACK,CHILLIWACK,CHILLIWACK,N,N,N,LOWER MAINLAND,VEDDER RD # 005538 TO 005599,VEDDER RD,VEDDER RD,15:00-17:59,1,0
N,PROPERTY DAMAGE ONLY,\N,N,2023,MONDAY,UNDETERMINED,N,N,49.106613,-122.805059,Y,APRIL,N,SURREY,SURREY,SURREY,Y,Y,N,LOWER MAINLAND,58 AVE # 015065 TO 015078,58 AVE,58 AVE,15:00-17:59,1,0
N,PROPERTY DAMAGE ONLY,\N,N,2023,MONDAY,UNDETERMINED,N,N,49.116144,-122.848872,Y,APRIL,N,SURREY,SURREY,SURREY,Y,N,N,LOWER MAINLAND,62A AVE # 013448 TO 013499,62A AVE,62A AVE,15:00-17:59,1,0
N,PROPERTY DAMAGE ONLY,\N,N,2023,MONDAY,UNDETERMINED,N,N,49.118739,-122.731702,Y,APRIL,N,SURREY,SURREY,SURREY,Y,N,N,LOWER MAINLAND,64 AVE # 017700 TO 017758 even,64 AVE,64 AVE,15:00-17:59,1,0
N,PROPERTY DAMAGE ONLY,\N,N,2023,MONDAY,UNDETERMINED,N,N,49.129635,-122.89029,Y,APRIL,N,SURREY,SURREY,SURREY,Y,N,N,LOWER MAINLAND,120 ST # 006950 TO 006998 even,120 ST,120 ST,15:00-17:59,1,0
N,PROPERTY DAMAGE ONLY,\N,N,2023,MONDAY,UNDETERMINED,N,N,49.132918,-122.333757,Y,APRIL,N,MISSION,MISSION,MISSION,Y,Y,N,LOWER MAINLAND,LOUGHEED HWY # 032134 TO 032148 even,LOUGHEED HWY,LOUGHEED HWY,15:00-17:59,1,0
N,PROPERTY DAMAGE ONLY,\N,N,2023,MONDAY,UNDETERMINED,N,N,49.135774,-122.302306,Y,APRIL,N,MISSION,MISSION,MISSION,N,N,N,LOWER MAINLAND,HORNE ST # 007350 TO 007399,HORNE ST,HORNE ST,15:00-17:59,1,0
N,PROPERTY DAMAGE ONLY,\N,N,2023,MONDAY,UNDETERMINED,N,N,49.135783,-122.911493,Y,APRIL,N,DELTA,DELTA,DELTA,Y,N,N,LOWER MAINLAND,112A ST # 007250 TO 007359,112A ST,112A ST,15:00-17:59,1,0
N,PROPERTY DAMAGE ONLY,\N,N,2023,MONDAY,UNDETERMINED,N,N,49.138777,-122.856702,Y,APRIL,N,SURREY,SURREY,SURREY,Y,Y,N,LOWER MAINLAND,132 ST # 007400 TO 007599,132 ST,132 ST,15:00-17:59,1,0
N,PROPERTY DAMAGE ONLY,\N,N,2023,MONDAY,UNDETERMINED,N,N,49.143337,-121.957745,Y,APRIL,N,CHILLIWACK,CHILLIWACK,CHILLIWACK,Y,Y,N,LOWER MAINLAND,LUCKAKUCK WAY # 045700 TO 045939,LUCKAKUCK WAY,LUCKAKUCK WAY,15:00-17:59,1,0
N,PROPERTY DAMAGE ONLY,\N,N,2023,MONDAY,UNDETERMINED,N,N,49.144895,-122.90849,Y,APRIL,N,DELTA,DELTA,DELTA,Y,N,N,LOWER MAINLAND,SWANSON DR # 007800 TO 007819,SWANSON DR,SWANSON DR,15:00-17:59,1,0
N,PROPERTY DAMAGE ONLY,\N,N,2023,MONDAY,UNDETERMINED,N,N,49.145168,-123.949651,Y,APRIL,N,NANAIMO,NANAIMO,NANAIMO,Y,Y,N,VANCOUVER ISLAND,BRUCE AVE # 000840 TO 000867,BRUCE AVE,BRUCE AVE,15:00-17:59,1,0
N,PROPERTY DAMAGE ONLY,\N,N,2023,MONDAY,UNDETERMINED,N,N,49.149529,-122.89031,Y,APRIL,N,SURREY,SURREY,SURREY,Y,Y,N,LOWER MAINLAND,120 ST # 008000 TO 008100 even,120 ST,120 ST,15:00-17:59,1,0
N,PROPERTY DAMAGE ONLY,\N,N,2023,MONDAY,UNDETERMINED,N,N,49.151358,-122.890447,Y,APRIL,N,DELTA,DELTA,DELTA,Y,Y,N,LOWER MAINLAND,120 ST # 008101 TO 008199 odd,120 ST,120 ST,15:00-17:59,1,0
N,PROPERTY DAMAGE ONLY,\N,N,2023,MONDAY,UNDETERMINED,N,N,49.155386,-122.000376,Y,APRIL,N,CHILLIWACK,CHILLIWACK,CHILLIWACK,N,Y,N,LOWER MAINLAND,CHILLIWACK MOUNTAIN RD # 008256 TO 008699,CHILLIWACK MOUNTAIN RD,CHILLIWACK MOUNTAIN RD,15:00-17:59,1,0
N,PROPERTY DAMAGE ONLY,\N,N,2023,MONDAY,UNDETERMINED,N,N,49.156702,-122.89046,Y,APRIL,N,DELTA,DELTA,DELTA,Y,Y,N,LOWER MAINLAND,120 ST # 008401 TO 008499 odd,SCOTT RD,SCOTT RD,15:00-17:59,1,0
N,PROPERTY DAMAGE ONLY,\N,N,2023,MONDAY,UNDETERMINED,N,N,49.162991,-122.977159,Y,APRIL,N,DELTA,DELTA,DELTA,N,Y,N,LOWER MAINLAND,CLIVEDEN AVE # 001700 TO 001799,CLIVEDEN AVE,CLIVEDEN AVE,15:00-17:59,1,0
N,PROPERTY DAMAGE ONLY,\N,N,2023,MONDAY,UNDETERMINED,N,N,49.163965,-123.93509,Y,APRIL,N,NANAIMO,NANAIMO,NANAIMO,Y,N,N,VANCOUVER ISLAND,TERMINAL AVE # 000573 TO 000627,TERMINAL AVE,TERMINAL AVE,15:00-17:59,1,0
N,PROPERTY DAMAGE ONLY,\N,N,2023,MONDAY,UNDETERMINED,N,N,49.165613,-123.136632,Y,APRIL,N,RICHMOND,RICHMOND,RICHMOND,Y,Y,N,LOWER MAINLAND,NO 3 RD # 006401 TO 006799 odd,NO 3 RD,NO 3 RD,15:00-17:59,1,0
N,PROPERTY DAMAGE ONLY,\N,N,2023,MONDAY,UNDETERMINED,N,N,49.165613,-123.136478,Y,APRIL,N,RICHMOND,RICHMOND,RICHMOND,Y,Y,N,LOWER MAINLAND,NO 3 RD # 006400 TO 006768 even,NO 3 RD,NO 3 RD,15:00-17:59,1,0
N,PROPERTY DAMAGE ONLY,\N,N,2023,MONDAY,UNDETERMINED,N,N,49.1665,-123.135083,Y,APRIL,N,RICHMOND,RICHMOND,RICHMOND,N,Y,N,LOWER MAINLAND,COOK RD # 008000 TO 008199,COOK RD,COOK RD,15:00-17:59,1,0
N,PROPERTY DAMAGE ONLY,\N,N,2023,MONDAY,UNDETERMINED,N,N,49.168122,-122.971951,Y,APRIL,N,RICHMOND,RICHMOND,RICHMOND,Y,Y,N,LOWER MAINLAND,FRASERWOOD WAY # 022022 TO 022900,FRASERWOOD WAY,FRASERWOOD WAY,15:00-17:59,1,0
N,PROPERTY DAMAGE ONLY,\N,N,2023,MONDAY,UNDETERMINED,N,N,49.16905,-122.774732,Y,APRIL,N,SURREY,SURREY,SURREY,Y,N,N,LOWER MAINLAND,161A ST # 009150 TO 009189,161A ST,161A ST,15:00-17:59,1,0
N,PROPERTY DAMAGE ONLY,\N,N,2023,MONDAY,UNDETERMINED,N,N,49.170066,-122.84248,Y,APRIL,N,SURREY,SURREY,SURREY,Y,Y,N,LOWER MAINLAND,92 AVE # 013676 TO 013755,92 AVE,92 AVE,15:00-17:59,1,0
N,PROPERTY DAMAGE ONLY,\N,N,2023,MONDAY,UNDETERMINED,N,N,49.171395,-123.076828,Y,APRIL,N,RICHMOND,RICHMOND,RICHMOND,Y,Y,N,LOWER MAINLAND,SMALLWOOD PL # 013100 TO 013699,SMALLWOOD PL,SMALLWOOD PL,15:00-17:59,1,0
N,PROPERTY DAMAGE ONLY,\N,N,2023,MONDAY,UNDETERMINED,N,N,49.171489,-119.556101,Y,APRIL,N,OLIVER,OLIVER,OLIVER,N,Y,N,SOUTHERN INTERIOR,MAIN ST # 005700 TO 005749,MAIN ST,MAIN ST,15:00-17:59,1,0
N,PROPERTY DAMAGE ONLY,\N,N,2023,MONDAY,UNDETERMINED,N,N,49.176275,-122.860331,Y,APRIL,N,SURREY,SURREY,SURREY,Y,N,N,LOWER MAINLAND,OBAN PL # 009533 TO 009581 odd,OBAN PL,OBAN PL,15:00-17:59,1,0
N,PROPERTY DAMAGE ONLY,\N,N,2023,MONDAY,UNDETERMINED,N,N,49.176682,-123.947143,Y,APRIL,N,NANAIMO,NANAIMO,NANAIMO,Y,Y,N,VANCOUVER ISLAND,TERMINAL AVE N # 000400 TO 000499,TERMINAL AVE N,TERMINAL AVE N,15:00-17:59,1,0
N,PROPERTY DAMAGE ONLY,\N,N,2023,MONDAY,UNDETERMINED,N,N,49.181301,-123.136662,Y,APRIL,N,RICHMOND,RICHMOND,RICHMOND,Y,Y,N,LOWER MAINLAND,NO 3 RD # 004201 TO 004679 odd,NO 3 RD,NO 3 RD,15:00-17:59,1,0
N,PROPERTY DAMAGE ONLY,\N,N,2023,MONDAY,UNDETERMINED,N,N,49.187003,-122.845527,Y,APRIL,N,SURREY,SURREY,SURREY,Y,Y,N,LOWER MAINLAND,KING GEORGE BLVD # 010153 TO 010199 odd,KING GEORGE BLVD,KING GEORGE BLVD,15:00-17:59,3,0
N,PROPERTY DAMAGE ONLY,\N,N,2023,MONDAY,UNDETERMINED,N,N,49.189623,-123.080326,Y,APRIL,N,RICHMOND,RICHMOND,RICHMOND,Y,Y,N,LOWER MAINLAND,JACOMBS RD # 003300 TO 003399,JACOMBS RD,JACOMBS RD,15:00-17:59,1,0
N,PROPERTY DAMAGE ONLY,\N,N,2023,MONDAY,UNDETERMINED,N,N,49.192014,-123.122024,Y,APRIL,N,RICHMOND,RICHMOND,RICHMOND,Y,Y,N,LOWER MAINLAND,BRIDGEPORT RD # 009088 TO 009299,BRIDGEPORT RD,BRIDGEPORT RD,15:00-17:59,1,0
N,PROPERTY DAMAGE ONLY,\N,N,2023,MONDAY,UNDETERMINED,N,N,49.193371,-123.082594,Y,APRIL,N,RICHMOND,RICHMOND,RICHMOND,Y,Y,N,LOWER MAINLAND,SWEDEN WAY # 002500 TO 003199,SWEDEN WAY,SWEDEN WAY,15:00-17:59,1,0
N,PROPERTY DAMAGE ONLY,\N,N,2023,MONDAY,UNDETERMINED,N,N,49.194754,-123.178088,Y,APRIL,N,RICHMOND,RICHMOND,RICHMOND,Y,Y,N,LOWER MAINLAND,GRANT MCCONACHIE WAY # 003113 TO 003299 odd,GRANT MCCONACHIE WAY,GRANT MCCONACHIE WAY,15:00-17:59,1,0
N,PROPERTY DAMAGE ONLY,\N,N,2023,MONDAY,UNDETERMINED,N,N,49.216004,-122.605585,Y,APRIL,N,MAPLE RIDGE,MAPLE RIDGE,MAPLE RIDGE,Y,N,N,LOWER MAINLAND,NORTH AVE # 022200 TO 022299,NORTH AVE,NORTH AVE,15:00-17:59,1,0
N,PROPERTY DAMAGE ONLY,\N,N,2023,MONDAY,UNDETERMINED,N,N,49.216862,-122.592962,Y,APRIL,N,MAPLE RIDGE,MAPLE RIDGE,MAPLE RIDGE,Y,Y,N,LOWER MAINLAND,LOUGHEED HWY # 022700 TO 022757,LOUGHEED HWY,LOUGHEED HWY,15:00-17:59,2,0
N,PROPERTY DAMAGE ONLY,\N,N,2023,MONDAY,UNDETERMINED,N,N,49.223916,-123.155268,Y,APRIL,N,VANCOUVER,VANCOUVER,VANCOUVER,Y,N,N,LOWER MAINLAND,ARBUTUS ST # 006700 TO 006899,ARBUTUS ST,ARBUTUS ST,15:00-17:59,1,0
N,PROPERTY DAMAGE ONLY,\N,N,2023,MONDAY,UNDETERMINED,N,N,49.224229,-123.10166,Y,APRIL,N,VANCOUVER,VANCOUVER,VANCOUVER,Y,N,N,LOWER MAINLAND,MAIN ST # 006600 TO 006699,MAIN ST,MAIN ST,15:00-17:59,1,0
N,PROPERTY DAMAGE ONLY,\N,N,2023,MONDAY,UNDETERMINED,N,N,49.224871,-123.006394,Y,APRIL,N,BURNABY,BURNABY,BURNABY,N,N,N,LOWER MAINLAND,SILVER AVE # 006300 TO 006553,SILVER AVE,SILVER AVE,15:00-17:59,1,0
N,PROPERTY DAMAGE ONLY,\N,N,2023,MONDAY,UNDETERMINED,N,N,49.228116,-122.998531,Y,APRIL,N,BURNABY,BURNABY,BURNABY,N,Y,N,LOWER MAINLAND,KINGSWAY # 004700 TO 004749,KINGSWAY,KINGSWAY,15:00-17:59,1,0
N,PROPERTY DAMAGE ONLY,\N,N,2023,MONDAY,UNDETERMINED,N,N,49.229806,-122.99151,Y,APRIL,N,BURNABY,BURNABY,BURNABY,N,Y,N,LOWER MAINLAND,MARLBOROUGH AVE # 006000 TO 006099,MARLBOROUGH AVE,MARLBOROUGH AVE,15:00-17:59,1,0
N,PROPERTY DAMAGE ONLY,\N,N,2023,MONDAY,UNDETERMINED,N,N,49.233409,-123.03449,Y,APRIL,N,VANCOUVER,VANCOUVER,VANCOUVER,Y,Y,N,LOWER MAINLAND,KINGSWAY # 003320 TO 003363,KINGSWAY,KINGSWAY,15:00-17:59,1,0
N,PROPERTY DAMAGE ONLY,\N,N,2023,MONDAY,UNDETERMINED,N,N,49.233704,-122.852525,Y,APRIL,N,COQUITLAM,COQUITLAM,COQUITLAM,Y,Y,N,LOWER MAINLAND,SCHOOLHOUSE ST # 000100 TO 000145,SCHOOLHOUSE ST,SCHOOLHOUSE ST,15:00-17:59,1,0
N,PROPERTY DAMAGE ONLY,\N,N,2023,MONDAY,UNDETERMINED,N,N,49.234276,-123.04309,Y,APRIL,N,VANCOUVER,VANCOUVER,VANCOUVER,Y,Y,N,LOWER MAINLAND,RUPERT ST # 005479 TO 005662,RUPERT ST,RUPERT ST,15:00-17:59,1,0
N,PROPERTY DAMAGE ONLY,\N,N,2023,MONDAY,UNDETERMINED,N,N,49.238514,-121.759657,Y,APRIL,N,AGASSIZ,AGASSIZ,AGASSIZ,Y,Y,N,LOWER MAINLAND,PIONEER AVE # 007200 TO 007299,PIONEER AVE,PIONEER AVE,15:00-17:59,1,0
N,PROPERTY DAMAGE ONLY,\N,N,2023,MONDAY,UNDETERMINED,N,N,49.243877,-122.892635,Y,APRIL,N,BURNABY,BURNABY,BURNABY & COQUITLAM,Y,N,N,LOWER MAINLAND,NORTH RD # 000321 TO 004563 odd,NORTH RD,NORTH RD,15:00-17:59,1,0
N,PROPERTY DAMAGE ONLY,\N,N,2023,MONDAY,UNDETERMINED,N,N,49.248511,-123.075821,Y,APRIL,N,VANCOUVER,VANCOUVER,VANCOUVER,N,Y,N,LOWER MAINLAND,E KING EDWARD AVE # 001400 TO 001419,E KING EDWARD AVE,E KING EDWARD AVE,15:00-17:59,1,0
N,PROPERTY DAMAGE ONLY,\N,N,2023,MONDAY,UNDETERMINED,N,N,49.248949,-122.868438,Y,APRIL,N,COQUITLAM,COQUITLAM,COQUITLAM,Y,Y,N,LOWER MAINLAND,AUSTIN AVE # 000948 TO 000998 even,AUSTIN AVE,AUSTIN AVE,15:00-17:59,1,0
N,PROPERTY DAMAGE ONLY,\N,N,2023,MONDAY,UNDETERMINED,N,N,49.251719,-122.918981,Y,APRIL,N,BURNABY,BURNABY,BURNABY,N,Y,N,LOWER MAINLAND,BRIGHTON AVE # 003400 TO 003599,BRIGHTON AVE,BRIGHTON AVE,15:00-17:59,1,0
N,PROPERTY DAMAGE ONLY,\N,N,2023,MONDAY,UNDETERMINED,N,N,49.256894,-122.689662,Y,APRIL,N,PITT MEADOWS,PITT MEADOWS,PITT MEADOWS,Y,N,N,LOWER MAINLAND,HARRIS RD # 013614 TO 014407,HARRIS RD,HARRIS RD,15:00-17:59,1,0
N,PROPERTY DAMAGE ONLY,\N,N,2023,MONDAY,UNDETERMINED,N,N,49.260553,-123.123488,Y,APRIL,N,VANCOUVER,VANCOUVER,VANCOUVER,Y,Y,N,LOWER MAINLAND,W 12TH AVE # 000830 TO 000899,W 12TH AVE,W 12TH AVE,15:00-17:59,1,0
N,PROPERTY DAMAGE ONLY,\N,N,2023,MONDAY,UNDETERMINED,N,N,49.26304,-122.981205,Y,APRIL,N,BURNABY,BURNABY,BURNABY,N,N,N,LOWER MAINLAND,HOLDOM AVE # 002200 TO 002299,HOLDOM AVE,HOLDOM AVE,15:00-17:59,1,0
N,PROPERTY DAMAGE ONLY,\N,N,2023,MONDAY,UNDETERMINED,N,N,49.275481,-122.82976,Y,APRIL,N,PORT MOODY,PORT MOODY,PORT MOODY,Y,N,N,LOWER MAINLAND,BROOKSIDE DR # 000122 TO 000133,BROOKSIDE DR,BROOKSIDE DR,15:00-17:59,1,0
N,PROPERTY DAMAGE ONLY,\N,N,2023,MONDAY,UNDETERMINED,N,N,49.280297,-123.127351,Y,APRIL,N,VANCOUVER,VANCOUVER,VANCOUVER,Y,Y,N,LOWER MAINLAND,BURRARD ST # 001050 TO 001099,BURRARD ST,BURRARD ST,15:00-17:59,1,0
N,PROPERTY DAMAGE ONLY,\N,N,2023,MONDAY,UNDETERMINED,N,N,49.282544,-122.826691,Y,APRIL,N,PORT MOODY,PORT MOODY,PORT MOODY,Y,Y,N,LOWER MAINLAND,NEWPORT DR # 000200 TO 000267,NEWPORT DR,NEWPORT DR,15:00-17:59,1,0
N,PROPERTY DAMAGE ONLY,\N,N,2023,MONDAY,UNDETERMINED,N,N,49.287248,-123.119614,Y,APRIL,N,VANCOUVER,VANCOUVER,VANCOUVER,Y,Y,N,LOWER MAINLAND,W PENDER ST # 001038 TO 001099,W PENDER ST,W PENDER ST,15:00-17:59,1,0
N,PROPERTY DAMAGE ONLY,\N,N,2023,MONDAY,UNDETERMINED,N,N,49.287751,-123.114263,Y,APRIL,N,VANCOUVER,VANCOUVER,VANCOUVER,Y,N,N,LOWER MAINLAND,CANADA PL # 000800 TO 000999,CANADA PL,CANADA PL,15:00-17:59,1,0
N,PROPERTY DAMAGE ONLY,\N,N,2023,MONDAY,UNDETERMINED,N,N,49.305268,-123.016496,Y,APRIL,N,NORTH VANCOUVER,NORTH VANCOUVER,NORTH VANCOUVER,N,N,N,LOWER MAINLAND,DOLLARTON HWY # 002000 TO 002198 even,DOLLARTON HWY,DOLLARTON HWY,15:00-17:59,1,0
N,PROPERTY DAMAGE ONLY,\N,N,2023,MONDAY,UNDETERMINED,N,N,49.318109,-123.100653,Y,APRIL,N,NORTH VANCOUVER,NORTH VANCOUVER,NORTH VANCOUVER,Y,Y,N,LOWER MAINLAND,W 1ST ST # 000900 TO 000999,W 1ST ST,W 1ST ST,15:00-17:59,1,0
N,PROPERTY DAMAGE ONLY,\N,N,2023,MONDAY,UNDETERMINED,N,N,49.319361,-123.090316,Y,APRIL,N,NORTH VANCOUVER,NORTH VANCOUVER,NORTH VANCOUVER,N,Y,N,LOWER MAINLAND,W 3RD ST # 000600 TO 000699,W 3RD ST,W 3RD ST,15:00-17:59,1,0
N,PROPERTY DAMAGE ONLY,\N,N,2023,MONDAY,UNDETERMINED,N,N,49.341672,-123.041496,Y,APRIL,N,NORTH VANCOUVER,NORTH VANCOUVER,NORTH VANCOUVER,Y,N,N,LOWER MAINLAND,FREDERICK RD # 001128 TO 001199,FREDERICK RD,FREDERICK RD,15:00-17:59,1,0
N,PROPERTY DAMAGE ONLY,\N,N,2023,MONDAY,UNDETERMINED,N,N,49.406736,-123.519661,Y,APRIL,N,GIBSONS,GIBSONS,GIBSONS,N,Y,N,LOWER MAINLAND,GIBSONS WAY # 000890 TO 000919,GIBSONS WAY,GIBSONS WAY,15:00-17:59,1,0
N,PROPERTY DAMAGE ONLY,\N,N,2023,MONDAY,UNDETERMINED,N,N,49.463126,-119.589468,Y,APRIL,N,PENTICTON,PENTICTON,PENTICTON,Y,Y,N,SOUTHERN INTERIOR,GREEN AVE W # 000200 TO 000299,GREEN AVE W,GREEN AVE W,15:00-17:59,1,0
N,PROPERTY DAMAGE ONLY,\N,N,2023,MONDAY,UNDETERMINED,N,N,49.602837,-119.667291,Y,APRIL,N,SUMMERLAND,SUMMERLAND,SUMMERLAND,Y,Y,N,SOUTHERN INTERIOR,PRAIRIE VALLEY RD # 007500 TO 008099,PRAIRIE VALLEY RD,PRAIRIE VALLEY RD,15:00-17:59,1,0
N,PROPERTY DAMAGE ONLY,\N,N,2023,MONDAY,UNDETERMINED,N,N,49.74964,-123.14125,Y,APRIL,N,SQUAMISH,SQUAMISH,SQUAMISH,N,N,N,LOWER MAINLAND,GOVERNMENT RD # 040650 TO 041119,GOVERNMENT RD,GOVERNMENT RD,15:00-17:59,1,0
N,PROPERTY DAMAGE ONLY,\N,N,2023,MONDAY,UNDETERMINED,N,N,49.81953,-119.497404,Y,APRIL,N,KELOWNA,KELOWNA,KELOWNA,Y,N,N,SOUTHERN INTERIOR,CARONA CRES # 000450 TO 000500,CARONA CRES,CARONA CRES,15:00-17:59,1,0
N,PROPERTY DAMAGE ONLY,\N,N,2023,MONDAY,UNDETERMINED,N,N,49.827948,-124.508017,Y,APRIL,N,POWELL RIVER,POWELL RIVER,POWELL RIVER,Y,Y,N,VANCOUVER ISLAND,KEMANO ST # 007270 TO 007321,KEMANO ST,KEMANO ST,15:00-17:59,1,0
N,PROPERTY DAMAGE ONLY,\N,N,2023,MONDAY,UNDETERMINED,N,N,49.846472,-124.516045,Y,APRIL,N,POWELL RIVER,POWELL RIVER,POWELL RIVER,Y,Y,N,VANCOUVER ISLAND,ALBERNI ST # 007100 TO 007119,ALBERNI ST,ALBERNI ST,15:00-17:59,1,0
N,PROPERTY DAMAGE ONLY,\N,N,2023,MONDAY,UNDETERMINED,N,N,49.87802,-119.458212,Y,APRIL,N,KELOWNA,KELOWNA,KELOWNA,Y,Y,N,SOUTHERN INTERIOR,KIRSCHNER RD # 001900 TO 001999,KIRSCHNER RD,KIRSCHNER RD,15:00-17:59,1,0
N,PROPERTY DAMAGE ONLY,\N,N,2023,MONDAY,UNDETERMINED,N,N,49.888993,-119.382922,Y,APRIL,N,KELOWNA,KELOWNA,KELOWNA,Y,Y,N,SOUTHERN INTERIOR,HWY 33 E # 000250 TO 000329,HWY 33,HWY 33,15:00-17:59,1,0
N,PROPERTY DAMAGE ONLY,\N,N,2023,MONDAY,UNDETERMINED,N,N,49.898011,-119.411983,Y,APRIL,N,KELOWNA,KELOWNA,KELOWNA,Y,Y,N,SOUTHERN INTERIOR,HWY 97 N # 002700 TO 002784 even,HWY 97,HWY 97,15:00-17:59,1,0
N,PROPERTY DAMAGE ONLY,\N,N,2023,MONDAY,UNDETERMINED,N,N,49.940526,-119.397924,Y,APRIL,N,KELOWNA,KELOWNA,KELOWNA,Y,Y,N,SOUTHERN INTERIOR,UNIVERSITY WAY # 003170 TO 003249,UNIVERSITY WAY,UNIVERSITY WAY,15:00-17:59,1,0
N,PROPERTY DAMAGE ONLY,\N,N,2023,MONDAY,UNDETERMINED,N,N,50.024018,-125.240408,Y,APRIL,N,CAMPBELL RIVER,CAMPBELL RIVER,CAMPBELL RIVER,N,N,N,VANCOUVER ISLAND,ISLAND HWY # 000900 TO 000951,ISLAND HWY,ISLAND HWY,15:00-17:59,1,0
N,PROPERTY DAMAGE ONLY,\N,N,2023,MONDAY,UNDETERMINED,N,N,50.024133,-125.255042,Y,APRIL,N,CAMPBELL RIVER,CAMPBELL RIVER,CAMPBELL RIVER,Y,Y,N,VANCOUVER ISLAND,IRONWOOD ST # 000900 TO 000999,IRONWOOD ST,IRONWOOD ST,15:00-17:59,1,0
N,PROPERTY DAMAGE ONLY,\N,N,2023,MONDAY,UNDETERMINED,N,N,50.033818,-125.250304,Y,APRIL,N,CAMPBELL RIVER,CAMPBELL RIVER,CAMPBELL RIVER,Y,Y,N,VANCOUVER ISLAND,ISLAND HWY # 001382 TO 001444 even,ISLAND HWY,ISLAND HWY,15:00-17:59,1,0
N,PROPERTY DAMAGE ONLY,\N,N,2023,MONDAY,UNDETERMINED,N,N,50.277005,-119.266634,Y,APRIL,N,VERNON,VERNON,VERNON,Y,Y,N,SOUTHERN INTERIOR,27 ST # 004400 TO 004499,27 ST,27 ST,15:00-17:59,1,0
N,PROPERTY DAMAGE ONLY,\N,N,2023,MONDAY,UNDETERMINED,N,N,50.543835,-119.140191,Y,APRIL,N,ENDERBY,ENDERBY,ENDERBY,N,Y,N,SOUTHERN INTERIOR,GEORGE ST # 000100 TO 000199,GEORGE ST,GEORGE ST,15:00-17:59,1,0
N,PROPERTY DAMAGE ONLY,\N,N,2023,MONDAY,UNDETERMINED,N,N,50.676681,-120.330784,Y,APRIL,N,KAMLOOPS,KAMLOOPS,KAMLOOPS,Y,Y,N,SOUTHERN INTERIOR,LANSDOWNE ST # 000400 TO 000499,LANSDOWNE ST,LANSDOWNE ST,15:00-17:59,1,0
N,PROPERTY DAMAGE ONLY,\N,N,2023,MONDAY,UNDETERMINED,N,N,50.697053,-120.360994,Y,APRIL,N,KAMLOOPS,KAMLOOPS,KAMLOOPS,Y,Y,N,SOUTHERN INTERIOR,TRANQUILLE RD # 000670 TO 000708 even,TRANQUILLE RD,TRANQUILLE RD,15:00-17:59,1,0
N,PROPERTY DAMAGE ONLY,\N,N,2023,MONDAY,UNDETERMINED,N,N,50.698118,-120.362208,Y,APRIL,N,KAMLOOPS,KAMLOOPS,KAMLOOPS,Y,Y,N,SOUTHERN INTERIOR,TRANQUILLE RD # 000710 TO 000768 even,TRANQUILLE RD,TRANQUILLE RD,15:00-17:59,1,0
N,PROPERTY DAMAGE ONLY,\N,N,2023,MONDAY,UNDETERMINED,N,N,51.777836,-120.986164,Y,APRIL,N,CANIM LAKE,CANIM LAKE,CANIM LAKE,Y,N,N,NORTH CENTRAL,TSQ ESCEN RD # 006940 TO 006956 even,TSQ ESCEN RD,TSQ ESCEN RD,15:00-17:59,1,0
N,PROPERTY DAMAGE ONLY,\N,N,2023,MONDAY,UNDETERMINED,N,N,52.113084,-122.175661,Y,APRIL,N,WILLIAMS LAKE,WILLIAMS LAKE,WILLIAMS LAKE,Y,N,N,NORTH CENTRAL,HODGSON RD # 000800 TO 000879,HODGSON RD,HODGSON RD,15:00-17:59,1,0
N,PROPERTY DAMAGE ONLY,\N,N,2023,MONDAY,UNDETERMINED,N,N,52.12984,-122.143519,Y,APRIL,N,WILLIAMS LAKE,WILLIAMS LAKE,WILLIAMS LAKE,Y,Y,N,NORTH CENTRAL,BORLAND ST # 000200 TO 000251,BORLAND ST,BORLAND ST,15:00-17:59,1,0
N,PROPERTY DAMAGE ONLY,\N,N,2023,MONDAY,UNDETERMINED,N,N,53.888803,-122.769069,Y,APRIL,N,PRINCE GEORGE,PRINCE GEORGE,PRINCE GEORGE,Y,Y,N,NORTH CENTRAL,FERRY AVE # 002121 TO 002299 odd,FERRY AVE,FERRY AVE,15:00-17:59,1,0
N,PROPERTY DAMAGE ONLY,\N,N,2023,MONDAY,UNDETERMINED,N,N,53.917622,-122.783231,Y,APRIL,N,PRINCE GEORGE,PRINCE GEORGE,PRINCE GEORGE,Y,Y,N,NORTH CENTRAL,8TH AVE # 003300 TO 003399,8TH AVE,8TH AVE,15:00-17:59,1,0
N,PROPERTY DAMAGE ONLY,\N,N,2023,MONDAY,UNDETERMINED,N,N,54.00635,-122.822596,Y,APRIL,N,PRINCE GEORGE,PRINCE GEORGE,PRINCE GEORGE,Y,N,N,NORTH CENTRAL,SPARROW RD # 008200 TO 008379,SPARROW RD,SPARROW RD,15:00-17:59,1,0
N,PROPERTY DAMAGE ONLY,\N,N,2023,MONDAY,UNDETERMINED,N,N,54.312472,-130.327235,Y,APRIL,N,PRINCE RUPERT,PRINCE RUPERT,PRINCE RUPERT,Y,Y,N,NORTH CENTRAL,2ND AVE W # 000500 TO 000599,2ND AVE W,2ND AVE W,15:00-17:59,1,0
N,PROPERTY DAMAGE ONLY,\N,N,2023,MONDAY,UNDETERMINED,N,N,54.528607,-128.635149,Y,APRIL,N,TERRACE,TERRACE,TERRACE,Y,Y,N,NORTH CENTRAL,MCCONNELL AVE # 005320 TO 005399,MCCONNELL AVE,MCCONNELL AVE,15:00-17:59,1,0
N,PROPERTY DAMAGE ONLY,\N,N,2023,MONDAY,UNDETERMINED,N,N,55.741085,-120.226382,Y,APRIL,N,DAWSON CREEK,DAWSON CREEK,DAWSON CREEK,Y,Y,N,NORTH CENTRAL,120 AVE # 000800 TO 000999,120 AVE,120 AVE,15:00-17:59,1,0
N,PROPERTY DAMAGE ONLY,\N,N,2023,MONDAY,UNDETERMINED,N,N,56.253154,-120.832355,Y,APRIL,N,FORT ST. JOHN,FORT ST. JOHN,FORT ST. JOHN,Y,Y,N,NORTH CENTRAL,92 ST # 010700 TO 010747,92 ST,92 ST,15:00-17:59,1,0
N,PROPERTY DAMAGE ONLY,\N,N,2023,MONDAY,UNDETERMINED,Y,N,48.381435,-123.717854,Y,APRIL,N,SOOKE,SOOKE,SOOKE,N,N,N,VANCOUVER ISLAND,COUNTRY RD # 006510 TO 006589,COUNTRY RD,COUNTRY RD,15:00-17:59,1,0
N,PROPERTY DAMAGE ONLY,\N,N,2023,MONDAY,UNDETERMINED,Y,N,49.175967,-121.989442,Y,APRIL,N,CHILLIWACK,CHILLIWACK,CHILLIWACK,N,Y,N,LOWER MAINLAND,SKWAY RD # 009476 TO 009599,SKWAY RD,SKWAY RD,15:00-17:59,1,0
N,PROPERTY DAMAGE ONLY,\N,N,2023,MONDAY,UNDETERMINED,Y,N,50.880944,-119.360501,Y,APRIL,N,BLIND BAY,BLIND BAY,BLIND BAY,N,N,N,SOUTHERN INTERIOR,EAGLE BAY RD # 001959 TO 001994,EAGLE BAY RD,EAGLE BAY RD,15:00-17:59,1,0
N,PROPERTY DAMAGE ONLY,\N,Y,2023,MONDAY,SINGLE VEHICLE,N,N,48.785377,-123.70072,Y,APRIL,N,DUNCAN,DUNCAN,DUNCAN,N,N,N,VANCOUVER ISLAND,BEVERLY ST # 002610 TO 002654,BEVERLY ST,BEVERLY ST,15:00-17:59,1,0
N,PROPERTY DAMAGE ONLY,100 AVE,N,2023,MONDAY,REAR END,N,Y,49.184272,-122.845453,N,APRIL,N,SURREY,SURREY,SURREY,N,N,N,LOWER MAINLAND,100 AVE & KING GEORGE BLVD & OLD YALE RD,KING GEORGE BLVD,KING GEORGE BLVD,15:00-17:59,1,0
N,PROPERTY DAMAGE ONLY,100 AVE,N,2023,MONDAY,SIDE SWIPE - SAME DIRECTION,N,Y,49.184194,-122.800938,N,APRIL,N,SURREY,SURREY,SURREY,N,N,N,LOWER MAINLAND,100 AVE & 152 ST,152 ST,152 ST,15:00-17:59,1,0
N,PROPERTY DAMAGE ONLY,102 AVE,N,2023,MONDAY,SIDE IMPACT,N,Y,55.758457,-120.228652,N,APRIL,N,DAWSON CREEK,DAWSON CREEK,DAWSON CREEK,N,N,N,NORTH CENTRAL,10 ST & 102 AVE,10 ST,10 ST,15:00-17:59,1,0
N,PROPERTY DAMAGE ONLY,102A AVE,N,2023,MONDAY,SIDE SWIPE - SAME DIRECTION,N,Y,49.188742,-122.800921,N,APRIL,N,SURREY,SURREY,SURREY,N,Y,N,LOWER MAINLAND,102A AVE & 152 ST & MALL ACCESS,152 ST,152 ST,15:00-17:59,1,0
N,PROPERTY DAMAGE ONLY,104 AVE,N,2023,MONDAY,CONFLICTED,N,Y,49.191498,-122.800899,N,APRIL,N,SURREY,SURREY,SURREY,N,N,N,LOWER MAINLAND,104 AVE & 152 ST,152 ST,152 ST,15:00-17:59,1,0
N,PROPERTY DAMAGE ONLY,104 AVE,N,2023,MONDAY,SIDE SWIPE - SAME DIRECTION,N,Y,49.192103,-122.777815,N,APRIL,N,SURREY,SURREY,SURREY,N,N,N,LOWER MAINLAND,104 AVE & 104 AVE OFFRAMP & 104 AVE ONRAMP & 104 AVENUE FLYOVER & 160 ST & 160 ST ONRAMP & 164 ST & 164 ST OFFRAMP & HWY 1 ONRAMP & TRANS-CANADA HWY & EMERGENCY LANE & TURNING LANE,160 ST,160 ST,15:00-17:59,1,0
N,PROPERTY DAMAGE ONLY,108 AVE,N,2023,MONDAY,SIDE SWIPE - SAME DIRECTION,N,Y,49.198876,-122.845956,N,APRIL,N,SURREY,SURREY,SURREY,N,N,N,LOWER MAINLAND,108 AVE & KING GEORGE BLVD & TURNING LANE,KING GEORGE HWY,KING GEORGE HWY,15:00-17:59,1,0
N,PROPERTY DAMAGE ONLY,10TH AVE,N,2023,MONDAY,REAR END,N,Y,49.216882,-122.931469,N,APRIL,N,BURNABY,BURNABY,BURNABY & NEW WESTMINSTER,N,N,N,LOWER MAINLAND,10TH AVE & CANADA WAY & EIGHTH ST & TENTH AVE,CANADA WAY,CANADA WAY,15:00-17:59,1,0
N,PROPERTY DAMAGE ONLY,115 ST,N,2023,MONDAY,REAR END,N,Y,49.13393,-122.904184,N,APRIL,N,DELTA,DELTA,DELTA,Y,N,N,LOWER MAINLAND,115 ST & 72 AVE,72 AVE,72 AVE,15:00-17:59,1,0
N,PROPERTY DAMAGE ONLY,116 AVE,N,2023,MONDAY,UNDETERMINED,N,Y,49.212423,-122.586332,N,APRIL,N,MAPLE RIDGE,MAPLE RIDGE,MAPLE RIDGE,Y,Y,N,LOWER MAINLAND,116 AVE & LOUGHEED HWY,LOUGHEED HWY,LOUGHEED HWY,15:00-17:59,1,0
N,PROPERTY DAMAGE ONLY,116 ST,N,2023,MONDAY,SIDE IMPACT,N,Y,49.152217,-122.901477,N,APRIL,N,DELTA,DELTA,DELTA,N,N,N,LOWER MAINLAND,116 ST & 82 AVE,82 AVE,82 AVE,15:00-17:59,1,0
N,PROPERTY DAMAGE ONLY,128 ST,N,2023,MONDAY,REAR END,N,Y,49.167154,-122.868047,N,APRIL,N,SURREY,SURREY,SURREY,N,N,N,LOWER MAINLAND,128 ST & 90 AVE,90 AVE,90 AVE,15:00-17:59,1,0
N,PROPERTY DAMAGE ONLY,128 ST,N,2023,MONDAY,REAR END,N,Y,49.177155,-122.867999,N,APRIL,N,SURREY,SURREY,SURREY,N,N,N,LOWER MAINLAND,128 ST & 96 AVE,96 AVE,96 AVE,15:00-17:59,1,0
N,PROPERTY DAMAGE ONLY,128 ST,N,2023,MONDAY,SIDE SWIPE - SAME DIRECTION,N,Y,49.148132,-122.867974,N,APRIL,N,SURREY,SURREY,SURREY,N,N,N,LOWER MAINLAND,128 ST & 80 AVE,80 AVE,80 AVE,15:00-17:59,1,0
N,PROPERTY DAMAGE ONLY,132 ST,N,2023,MONDAY,REAR END,N,Y,49.108198,-122.856719,N,APRIL,N,SURREY,SURREY,SURREY,N,N,N,LOWER MAINLAND,132 ST & 58 AVE,HWY 10,HWY 10,15:00-17:59,1,0
N,PROPERTY DAMAGE ONLY,134 ST,N,2023,MONDAY,REAR END,N,Y,49.133611,-122.851123,N,APRIL,N,SURREY,SURREY,SURREY,N,N,N,LOWER MAINLAND,134 ST & 72 AVE & COMBER WAY,72 AVE,72 AVE,15:00-17:59,1,0
N,PROPERTY DAMAGE ONLY,138 ST,N,2023,MONDAY,HEAD ON,N,Y,49.176987,-122.839944,N,APRIL,N,SURREY,SURREY,SURREY,N,N,N,LOWER MAINLAND,138 ST & 96 AVE,96 AVE,96 AVE,15:00-17:59,1,0
N,PROPERTY DAMAGE ONLY,138 ST,N,2023,MONDAY,UNDETERMINED,N,Y,49.133576,-122.838651,N,APRIL,N,SURREY,SURREY,SURREY,Y,Y,N,LOWER MAINLAND,138 ST & 72 AVE,72 AVE,72 AVE,15:00-17:59,1,0
N,PROPERTY DAMAGE ONLY,141 ST,N,2023,MONDAY,SIDE SWIPE - SAME DIRECTION,N,Y,49.198832,-122.831273,N,APRIL,N,SURREY,SURREY,SURREY,N,N,N,LOWER MAINLAND,108 AVE & 141 ST,108 AVE,108 AVE,15:00-17:59,1,0
N,PROPERTY DAMAGE ONLY,144 ST,N,2023,MONDAY,REAR END,N,Y,49.124004,-122.823307,N,APRIL,N,SURREY,SURREY,SURREY,N,N,N,LOWER MAINLAND,144 ST & HYLAND RD,HYLAND RD,HYLAND RD,15:00-17:59,1,0
N,PROPERTY DAMAGE ONLY,146 ST,N,2023,MONDAY,SINGLE VEHICLE,N,Y,49.19151,-122.817512,N,APRIL,N,SURREY,SURREY,SURREY,N,Y,N,LOWER MAINLAND,104 AVE & 146 ST,104 AVE,104 AVE,15:00-17:59,1,0
N,PROPERTY DAMAGE ONLY,152 ST,N,2023,MONDAY,REAR END,N,Y,49.193208,-122.800877,N,APRIL,N,SURREY,SURREY,SURREY,N,N,N,LOWER MAINLAND,105 AVE & 152 ST,105 AVE,105 AVE,15:00-17:59,1,0
N,PROPERTY DAMAGE ONLY,152 ST,N,2023,MONDAY,UNDETERMINED,N,Y,49.119069,-122.801005,N,APRIL,N,SURREY,SURREY,SURREY,N,N,N,LOWER MAINLAND,152 ST & 64 AVE,64 AVE,64 AVE,15:00-17:59,1,0
N,PROPERTY DAMAGE ONLY,154 ST,N,2023,MONDAY,REAR END,N,Y,49.031085,-122.795655,N,APRIL,N,SURREY,SURREY,SURREY & WHITE ROCK,N,N,N,LOWER MAINLAND,154 ST & BEST ST & NORTH BLUFF RD,16 AVE,16 AVE,15:00-17:59,1,0
N,PROPERTY DAMAGE ONLY,16 AVE,N,2023,MONDAY,REAR END,N,Y,49.031121,-122.801198,N,APRIL,N,SURREY,SURREY,SURREY & WHITE ROCK,N,N,N,LOWER MAINLAND,152 ST & 16 AVE & JOHNSTON RD & NORTH BLUFF RD,152 ST,152 ST,15:00-17:59,1,0
N,PROPERTY DAMAGE ONLY,16 AVE,Y,2023,MONDAY,SINGLE VEHICLE,N,Y,49.031302,-122.867562,N,APRIL,N,SURREY,SURREY,SURREY,N,N,N,LOWER MAINLAND,128 ST & 16 AVE,128 ST,128 ST,15:00-17:59,1,0
N,PROPERTY DAMAGE ONLY,16TH ST,N,2023,MONDAY,UNDETERMINED,N,Y,49.209873,-122.944452,N,APRIL,N,BURNABY,BURNABY,BURNABY & NEW WESTMINSTER,Y,N,N,LOWER MAINLAND,10TH AVE & 16TH ST & SIXTEENTH ST & TENTH AVE,10TH AVE,10TH AVE,15:00-17:59,1,0
N,PROPERTY DAMAGE ONLY,17 AVE,N,2023,MONDAY,SIDE SWIPE - SAME DIRECTION,N,Y,50.25391,-119.273733,N,APRIL,N,VERNON,VERNON,VERNON,N,N,N,SOUTHERN INTERIOR,17 AVE & 32 ST,HWY 97,HWY 97,15:00-17:59,1,0
N,PROPERTY DAMAGE ONLY,172 ST,N,2023,MONDAY,REAR END,N,Y,49.104159,-122.746089,N,APRIL,N,SURREY,SURREY,SURREY,N,N,N,LOWER MAINLAND,172 ST & 56 AVE,HWY 10,HWY 10,15:00-17:59,1,0
N,PROPERTY DAMAGE ONLY,184 ST,N,2023,MONDAY,REAR END,N,N,\N,\N,N,APRIL,N,LANGLEY,LANGLEY,\N,N,N,N,LOWER MAINLAND,UNKNOWN,32 AVE,32 AVE,15:00-17:59,1,0
N,PROPERTY DAMAGE ONLY,196 ST,N,2023,MONDAY,CONFLICTED,N,Y,49.133605,-122.67955,N,APRIL,N,LANGLEY,LANGLEY,LANGLEY & SURREY,N,Y,N,LOWER MAINLAND,196 ST & 72 AVE,72 AVE,72 AVE,15:00-17:59,1,0
N,PROPERTY DAMAGE ONLY,20 AVE,N,2023,MONDAY,SINGLE VEHICLE,N,Y,49.038455,-122.669329,N,APRIL,N,LANGLEY,LANGLEY,LANGLEY,N,Y,N,LOWER MAINLAND,20 AVE & 200 ST,200 ST,200 ST,15:00-17:59,1,0
N,PROPERTY DAMAGE ONLY,200 ST OFFRAMP,N,2023,MONDAY,UNDETERMINED,N,Y,49.164209,-122.668857,N,APRIL,N,LANGLEY,LANGLEY,LANGLEY,N,N,N,LOWER MAINLAND,200 ST & 200 ST OFFRAMP & 88 AVE & 88 AVE ONRAMP & HWY 1 ONRAMP & TRANS-CANADA HWY,HWY 1,HWY 1,15:00-17:59,2,0
N,PROPERTY DAMAGE ONLY,202 ST,N,2023,MONDAY,REAR END,N,Y,49.174258,-122.665357,N,APRIL,N,LANGLEY,LANGLEY,LANGLEY,N,N,N,LOWER MAINLAND,201 ST & 202 ST & TURNING LANE,201 ST,201 ST,15:00-17:59,1,0
N,PROPERTY DAMAGE ONLY,22 AVE,N,2023,MONDAY,SIDE IMPACT,N,Y,49.041968,-122.795746,N,APRIL,N,SURREY,SURREY,SURREY,Y,N,N,LOWER MAINLAND,154 ST & 22 AVE,154 ST,154 ST,15:00-17:59,1,0
N,PROPERTY DAMAGE ONLY,24 AVE,N,2023,MONDAY,REAR END,N,Y,49.045689,-122.647269,N,APRIL,N,LANGLEY,LANGLEY,LANGLEY,N,N,N,LOWER MAINLAND,208 ST & 24 AVE,208 ST,208 ST,15:00-17:59,1,0
N,PROPERTY DAMAGE ONLY,28 AVE,N,2023,MONDAY,CONFLICTED,N,Y,49.054035,-122.804001,N,APRIL,N,SURREY,SURREY,SURREY,N,N,N,LOWER MAINLAND,28 AVE & 29A AVE & KING GEORGE BLVD,KING GEORGE HWY,KING GEORGE HWY,15:00-17:59,1,0
N,PROPERTY DAMAGE ONLY,2ND AVE,N,2023,MONDAY,SINGLE VEHICLE,N,Y,50.011145,-125.24739,N,APRIL,N,CAMPBELL RIVER,CAMPBELL RIVER,CAMPBELL RIVER,N,N,N,VANCOUVER ISLAND,2ND AVE & DOGWOOD ST,DOGWOOD ST,DOGWOOD ST,15:00-17:59,1,0
N,PROPERTY DAMAGE ONLY,31 ST,N,2023,MONDAY,SIDE IMPACT,N,Y,50.281972,-119.270527,N,APRIL,N,VERNON,VERNON,VERNON,N,N,N,SOUTHERN INTERIOR,31 ST & 48 AVE,48 AVE,48 AVE,15:00-17:59,1,0
N,PROPERTY DAMAGE ONLY,3RD AVE,N,2023,MONDAY,SIDE SWIPE - SAME DIRECTION,N,Y,50.67667,-120.334431,N,APRIL,N,KAMLOOPS,KAMLOOPS,KAMLOOPS,Y,N,N,SOUTHERN INTERIOR,3RD AVE & LANSDOWNE ST,LANSDOWNE ST,LANSDOWNE ST,15:00-17:59,1,0
N,PROPERTY DAMAGE ONLY,52 ST,N,2023,MONDAY,REAR END,N,Y,49.037578,-123.079709,N,APRIL,N,DELTA,DELTA,DELTA & TSAWWASSEN FIRST NATION,N,N,N,LOWER MAINLAND,52 ST & HWY 17 & TURNING LANE,HWY 17,HWY 17,15:00-17:59,1,0
N,PROPERTY DAMAGE ONLY,59A AVE,N,2023,MONDAY,REAR END,N,Y,49.110916,-122.812269,N,APRIL,N,SURREY,SURREY,SURREY,N,N,N,LOWER MAINLAND,148 ST & 59A AVE,148 ST,148 ST,15:00-17:59,1,0
N,PROPERTY DAMAGE ONLY,60 AVE,N,2023,MONDAY,HEAD ON,N,Y,49.111815,-122.823342,N,APRIL,N,SURREY,SURREY,SURREY,N,N,N,LOWER MAINLAND,144 ST & 60 AVE,144 ST,144 ST,15:00-17:59,1,0
N,PROPERTY DAMAGE ONLY,68 AVE,N,2023,MONDAY,SIDE SWIPE - SAME DIRECTION,N,Y,49.126361,-122.801063,N,APRIL,N,SURREY,SURREY,SURREY,N,N,N,LOWER MAINLAND,152 ST & 68 AVE,152 ST,152 ST,15:00-17:59,1,0
N,PROPERTY DAMAGE ONLY,72 AVE,N,2023,MONDAY,CONFLICTED,N,Y,49.13396,-122.901322,N,APRIL,N,DELTA,DELTA,DELTA,N,N,N,LOWER MAINLAND,116 ST & 72 AVE & TURNING LANE,116 ST,116 ST,15:00-17:59,1,0
N,PROPERTY DAMAGE ONLY,72 AVE,N,2023,MONDAY,REAR END,N,Y,49.133851,-122.927507,N,APRIL,N,DELTA,DELTA,DELTA,N,N,N,LOWER MAINLAND,72 AVE & 72 AVE OFFRAMP & 72 AVE ONRAMP & HWY 91 & HWY 91 OFFRAMP & HWY 91 ONRAMP,HWY 91,HWY 91,15:00-17:59,1,0
N,PROPERTY DAMAGE ONLY,78 AVE,N,2023,MONDAY,SIDE SWIPE - SAME DIRECTION,N,Y,49.144747,-122.884665,N,APRIL,N,SURREY,SURREY,SURREY,Y,N,N,LOWER MAINLAND,122 ST & 78 AVE,122 ST,122 ST,15:00-17:59,1,0
N,PROPERTY DAMAGE ONLY,84 AVE,N,2023,MONDAY,CONFLICTED,N,Y,49.155594,-122.668047,N,APRIL,N,LANGLEY,LANGLEY,LANGLEY,N,N,N,LOWER MAINLAND,200 ST & 84 AVE & TURNING LANE,200 ST,200 ST,15:00-17:59,1,0
N,PROPERTY DAMAGE ONLY,84 AVE,N,2023,MONDAY,REAR END,N,Y,49.155427,-122.84574,N,APRIL,N,SURREY,SURREY,SURREY,N,N,N,LOWER MAINLAND,84 AVE & KING GEORGE BLVD,KING GEORGE BLVD,KING GEORGE BLVD,15:00-17:59,1,0
N,PROPERTY DAMAGE ONLY,88 AVE,N,2023,MONDAY,SIDE SWIPE - SAME DIRECTION,N,Y,49.164209,-122.668857,N,APRIL,N,LANGLEY,LANGLEY,LANGLEY,N,N,N,LOWER MAINLAND,200 ST & 200 ST OFFRAMP & 88 AVE & 88 AVE ONRAMP & HWY 1 ONRAMP & TRANS-CANADA HWY,200 ST,200 ST,15:00-17:59,1,0
N,PROPERTY DAMAGE ONLY,96 AVE,N,2023,MONDAY,REAR END,N,Y,49.177136,-122.879287,N,APRIL,N,SURREY,SURREY,SURREY,N,N,N,LOWER MAINLAND,124 ST & 96 AVE,124 ST,124 ST,15:00-17:59,1,0
N,PROPERTY DAMAGE ONLY,96 AVE,N,2023,MONDAY,UNDETERMINED,N,Y,49.177123,-122.901192,N,APRIL,N,DELTA,DELTA,DELTA & SURREY,N,N,N,LOWER MAINLAND,116 ST & 96 AVE,116 ST,116 ST,15:00-17:59,1,0
N,PROPERTY DAMAGE ONLY,97 AVE,N,2023,MONDAY,REAR END,N,Y,49.178996,-122.890109,N,APRIL,N,SURREY,SURREY,SURREY,N,N,N,LOWER MAINLAND,120 ST & 97 AVE,SCOTT RD,SCOTT RD,15:00-17:59,1,0
N,PROPERTY DAMAGE ONLY,ALEX FRASER BRIDGE,N,2023,MONDAY,SINGLE VEHICLE,N,Y,49.170914,-122.951312,N,APRIL,N,DELTA,DELTA,DELTA & RICHMOND,N,N,N,LOWER MAINLAND,ALEX FRASER BRIDGE & CLIVEDEN AVE & CLIVEDEN AVE OFFRAMP & CLIVEDEN AVE ONRAMP & HWY 91,HWY 91,HWY 91,15:00-17:59,1,0
N,PROPERTY DAMAGE ONLY,ALLANDALE RD,N,2023,MONDAY,CONFLICTED,N,N,\N,\N,N,APRIL,N,VICTORIA,VICTORIA,\N,N,N,N,VANCOUVER ISLAND,UNKNOWN,VETERANS MEMORIAL PARKWAY,VETERANS MEMORIAL PARKWAY,15:00-17:59,1,0
N,PROPERTY DAMAGE ONLY,ALLARD ST,N,2023,MONDAY,REAR END,N,Y,49.237921,-122.869229,N,APRIL,N,COQUITLAM,COQUITLAM,COQUITLAM,N,Y,N,LOWER MAINLAND,ALLARD ST & RODERICK AVE,RODERICK AVE,RODERICK AVE,15:00-17:59,1,0
N,PROPERTY DAMAGE ONLY,ARTHUR LAING BRIDGE,N,2023,MONDAY,REAR END,N,Y,49.202322,-123.134613,N,APRIL,N,VANCOUVER,VANCOUVER,VANCOUVER,N,N,N,LOWER MAINLAND,ARTHUR LAING BRIDGE & GRANVILLE ST OFFRAMP & GRANVILLE ST ONRAMP & SW MARINE DR & SW MARINE DR OFFRAMP & SW MARINE DR ONRAMP,SW MARINE DR,SW MARINE DR,15:00-17:59,1,0
N,PROPERTY DAMAGE ONLY,ASH ST,N,2023,MONDAY,UNDETERMINED,N,Y,49.208854,-122.919186,N,APRIL,N,NEW WESTMINSTER,NEW WESTMINSTER,NEW WESTMINSTER,Y,N,N,LOWER MAINLAND,ASH ST & FOURTH AVE,FOURTH AVE,FOURTH AVE,15:00-17:59,1,0
N,PROPERTY DAMAGE ONLY,ASHBURY CRT,N,2023,MONDAY,REAR END,N,Y,49.220568,-122.62428,N,APRIL,N,MAPLE RIDGE,MAPLE RIDGE,MAPLE RIDGE,N,N,N,LOWER MAINLAND,ASHBURY CRT & DEWDNEY TRUNK RD,DEWDNEY TRUNK RD,DEWDNEY TRUNK RD,15:00-17:59,1,0
N,PROPERTY DAMAGE ONLY,BAYVIEW ST,N,2023,MONDAY,REAR END,N,Y,49.123285,-123.1788,N,APRIL,N,RICHMOND,RICHMOND,RICHMOND,N,N,N,LOWER MAINLAND,BAYVIEW ST & EASTHOPE AVE,EASTHOPE AVE,EASTHOPE AVE,15:00-17:59,1,0
N,PROPERTY DAMAGE ONLY,BLUE MOUNTAIN ST,N,2023,MONDAY,SIDE IMPACT,N,Y,49.245358,-122.872845,N,APRIL,N,COQUITLAM,COQUITLAM,COQUITLAM,N,N,N,LOWER MAINLAND,BLUE MOUNTAIN ST & ROCHESTER AVE,ROCHESTER AVE,ROCHESTER AVE,15:00-17:59,1,0
N,PROPERTY DAMAGE ONLY,BLUE MOUNTAIN ST,N,2023,MONDAY,SIDE SWIPE - SAME DIRECTION,N,Y,49.263562,-122.868767,N,APRIL,N,COQUITLAM,COQUITLAM,COQUITLAM,N,N,N,LOWER MAINLAND,BLUE MOUNTAIN ST & COMO LAKE AVE,COMO LAKE AVE,COMO LAKE AVE,15:00-17:59,1,0
N,PROPERTY DAMAGE ONLY,BOUNDARY RD,N,2023,MONDAY,SIDE SWIPE - SAME DIRECTION,N,Y,49.269397,-123.023574,N,APRIL,N,BURNABY,BURNABY,BURNABY & VANCOUVER,N,N,N,LOWER MAINLAND,1ST AVE & BOUNDARY RD & E 1ST AVE,1ST AVE,1ST AVE,15:00-17:59,1,0
N,PROPERTY DAMAGE ONLY,BROADWAY,N,2023,MONDAY,REAR END,N,N,\N,\N,N,APRIL,N,VANCOUVER,VANCOUVER,\N,N,N,N,LOWER MAINLAND,UNKNOWN,MAIN ST,MAIN ST,15:00-17:59,1,0
N,PROPERTY DAMAGE ONLY,BROADWAY ST,N,2023,MONDAY,REAR END,N,Y,49.252845,-122.762324,N,APRIL,N,PORT COQUITLAM,PORT COQUITLAM,PORT COQUITLAM,N,N,N,LOWER MAINLAND,BROADWAY ST & COAST MERIDIAN OVERPASS & KINGSWAY AVE & TURNING LANE,KINGSWAY AVE,KINGSWAY AVE,15:00-17:59,1,0
N,PROPERTY DAMAGE ONLY,BRUNETTE AVE,N,2023,MONDAY,REAR END,N,Y,49.238192,-122.864947,N,APRIL,N,COQUITLAM,COQUITLAM,COQUITLAM,N,N,N,LOWER MAINLAND,BRUNETTE AVE & NELSON ST,NELSON ST,NELSON ST,15:00-17:59,1,0
N,PROPERTY DAMAGE ONLY,BRYN MAUR RD,N,2023,MONDAY,SINGLE VEHICLE,N,Y,48.448597,-123.498401,N,APRIL,N,LANGFORD,LANGFORD,LANGFORD,N,N,N,VANCOUVER ISLAND,BRYN MAUR RD & GOLDSTREAM AVE & MALL ACCESS,GOLDSTREAM AVE,GOLDSTREAM AVE,15:00-17:59,1,0
N,PROPERTY DAMAGE ONLY,BURGOYNE RD,N,2023,MONDAY,SINGLE VEHICLE,N,Y,49.301504,-124.417579,N,APRIL,N,COOMBS,COOMBS,COOMBS,N,N,N,VANCOUVER ISLAND,BURGOYNE RD & STATION RD,STATION RD,STATION RD,15:00-17:59,1,0
N,PROPERTY DAMAGE ONLY,BURNSIDE RD W,N,2023,MONDAY,REAR END,N,Y,48.46537,-123.416011,N,APRIL,N,SAANICH,SAANICH,SAANICH,N,N,N,VANCOUVER ISLAND,BURNSIDE RD W & WILKINSON RD,WILKINSON RD,WILKINSON RD,15:00-17:59,1,0
N,PROPERTY DAMAGE ONLY,BURRARD ST,N,2023,MONDAY,REAR END,N,Y,49.281194,-123.126037,N,APRIL,N,VANCOUVER,VANCOUVER,VANCOUVER,N,N,N,LOWER MAINLAND,BURRARD ST & NELSON ST,NELSON ST,NELSON ST,15:00-17:59,1,0
N,PROPERTY DAMAGE ONLY,BURRIS ST,N,2023,MONDAY,REAR END,N,Y,49.235491,-122.954465,N,APRIL,N,BURNABY,BURNABY,BURNABY,N,N,N,LOWER MAINLAND,BURRIS ST & CANADA WAY,CANADA WAY,CANADA WAY,15:00-17:59,1,0
N,PROPERTY DAMAGE ONLY,BYRNE RD,N,2023,MONDAY,SIDE SWIPE - SAME DIRECTION,N,Y,49.204864,-122.976067,N,APRIL,N,BURNABY,BURNABY,BURNABY,N,N,N,LOWER MAINLAND,BYRNE RD & MARINE DR & SOUTHRIDGE DR & TURNING LANE,MARINE DR,MARINE DR,15:00-17:59,1,0
N,PROPERTY DAMAGE ONLY,CAMERON ST,N,2023,MONDAY,UNDETERMINED,N,Y,49.253433,-122.896343,N,APRIL,N,BURNABY,BURNABY,BURNABY,Y,Y,N,LOWER MAINLAND,CAMERON ST & MORREY CRT & MALL ACCESS,MORREY CRT,MORREY CRT,15:00-17:59,1,0
N,PROPERTY DAMAGE ONLY,CAPILANO RD,N,2023,MONDAY,REAR END,N,Y,49.324292,-123.122442,N,APRIL,N,NORTH VANCOUVER,NORTH VANCOUVER,NORTH VANCOUVER,N,N,N,LOWER MAINLAND,CAPILANO RD & MARINE DR & MATHIAS RD & TURNING LANE,MARINE DR,MARINE DR,15:00-17:59,1,0
N,PROPERTY DAMAGE ONLY,CAPILANO RD,N,2023,MONDAY,REAR END,N,Y,49.332551,-123.117171,N,APRIL,N,NORTH VANCOUVER,NORTH VANCOUVER,NORTH VANCOUVER,N,N,N,LOWER MAINLAND,BOWSER AVE & CAPILANO RD & CAPILANO RD OFFRAMP & CAPILANO RD ONRAMP & KEITH RD & TRANS-CANADA HWY & TURNING LANE,HWY 1,HWY 1,15:00-17:59,1,0
N,PROPERTY DAMAGE ONLY,CARLETON CRT,N,2023,MONDAY,UNDETERMINED,Y,Y,49.168588,-122.958868,N,APRIL,N,DELTA,DELTA,DELTA,N,N,N,LOWER MAINLAND,CARLETON CRT & CLIVEDEN AVE,CLIVEDEN AVE,CLIVEDEN AVE,15:00-17:59,1,0
N,PROPERTY DAMAGE ONLY,CARNARVON ST,N,2023,MONDAY,CONFLICTED,N,Y,49.234734,-123.173066,N,APRIL,N,VANCOUVER,VANCOUVER,VANCOUVER,N,N,N,LOWER MAINLAND,CARNARVON ST & W 41ST AVE,W 41ST AVE,W 41ST AVE,15:00-17:59,1,0
N,PROPERTY DAMAGE ONLY,CLEARBROOK RD,N,2023,MONDAY,REAR END,N,Y,49.037752,-122.3377,N,APRIL,N,ABBOTSFORD,ABBOTSFORD,ABBOTSFORD,N,N,N,LOWER MAINLAND,CLEARBROOK RD & CLEARBROOK RD OFFRAMP & CLEARBROOK RD ONRAMP & MARSHALL RD & MARSHALL RD OFFRAMP & MARSHALL RD ONRAMP & TRANS-CANADA HWY & TURNING LANE,HWY 1,HWY 1,15:00-17:59,1,0
N,PROPERTY DAMAGE ONLY,COMMERCIAL DR,N,2023,MONDAY,SIDE SWIPE - SAME DIRECTION,N,Y,49.269586,-123.069675,N,APRIL,N,VANCOUVER,VANCOUVER,VANCOUVER,N,N,N,LOWER MAINLAND,COMMERCIAL DR & E 1ST AVE,E 1ST AVE,E 1ST AVE,15:00-17:59,1,0
N,PROPERTY DAMAGE ONLY,COMMONWEALTH RD,N,2023,MONDAY,REAR END,N,Y,50.007584,-119.402957,N,APRIL,N,KELOWNA,KELOWNA,KELOWNA & LAKE COUNTRY,N,N,N,SOUTHERN INTERIOR,COMMONWEALTH RD & HWY 97 & HWY 97 N,HWY 97,HWY 97,15:00-17:59,1,0
N,PROPERTY DAMAGE ONLY,COOK ST,N,2023,MONDAY,REAR END,N,Y,48.434988,-123.352295,N,APRIL,N,VICTORIA,VICTORIA,VICTORIA,N,N,N,VANCOUVER ISLAND,BAY ST & COOK ST,BAY ST,BAY ST,15:00-17:59,1,0
N,PROPERTY DAMAGE ONLY,CROWN ST,N,2023,MONDAY,SIDE IMPACT,N,Y,49.259971,-123.194064,N,APRIL,N,VANCOUVER,VANCOUVER,VANCOUVER,Y,N,N,LOWER MAINLAND,CROWN ST & W 14TH AVE,W 14TH AVE,W 14TH AVE,15:00-17:59,1,0
N,PROPERTY DAMAGE ONLY,CULTUS LAKE RD,N,2023,MONDAY,SINGLE VEHICLE,N,Y,49.094877,-121.972451,N,APRIL,N,CHILLIWACK,CHILLIWACK,CHILLIWACK,N,N,N,LOWER MAINLAND,CULTUS LAKE RD & VEDDER MOUNTAIN RD,VEDDER MOUNTAIN RD,VEDDER MOUNTAIN RD,15:00-17:59,1,0
N,PROPERTY DAMAGE ONLY,DAVIES AVE,N,2023,MONDAY,CONFLICTED,N,Y,49.269533,-122.790596,N,APRIL,N,COQUITLAM,COQUITLAM,COQUITLAM & PORT COQUITLAM,Y,Y,N,LOWER MAINLAND,DAVIES AVE & WESTWOOD ST,WESTWOOD ST,WESTWOOD ST,15:00-17:59,1,0
N,PROPERTY DAMAGE ONLY,DECAIRE ST,N,2023,MONDAY,SIDE SWIPE - OPPOSITE DIRECTION,N,Y,49.243939,-122.850042,N,APRIL,N,COQUITLAM,COQUITLAM,COQUITLAM,Y,N,N,LOWER MAINLAND,DECAIRE ST & HAMMOND AVE,HAMMOND AVE,HAMMOND AVE,15:00-17:59,1,0
N,PROPERTY DAMAGE ONLY,DEVONSSHIRE,N,2023,MONDAY,CONFLICTED,N,N,\N,\N,N,APRIL,N,VICTORIA,VICTORIA,\N,N,N,N,VANCOUVER ISLAND,UNKNOWN,FAIRVIEW ST,FAIRVIEW ST,15:00-17:59,1,0
N,PROPERTY DAMAGE ONLY,DEWDNEY TRUNK RD,N,2023,MONDAY,SIDE SWIPE - SAME DIRECTION,N,Y,49.220494,-122.605977,N,APRIL,N,MAPLE RIDGE,MAPLE RIDGE,MAPLE RIDGE,Y,N,N,LOWER MAINLAND,DEWDNEY TRUNK RD & PLAZA ST,PLAZA ST,PLAZA ST,15:00-17:59,1,0
N,PROPERTY DAMAGE ONLY,DONHAUSER RD,N,2023,MONDAY,SIDE IMPACT,N,Y,49.895346,-119.389248,N,APRIL,N,KELOWNA,KELOWNA,KELOWNA,Y,N,N,SOUTHERN INTERIOR,DONHAUSER RD & LEATHEAD RD,LEATHEAD RD,LEATHEAD RD,15:00-17:59,1,0
N,PROPERTY DAMAGE ONLY,DUNBAR ST,N,2023,MONDAY,SIDE SWIPE - SAME DIRECTION,N,Y,49.249021,-123.185201,N,APRIL,N,VANCOUVER,VANCOUVER,VANCOUVER,Y,N,N,LOWER MAINLAND,DUNBAR ST & W 26TH AVE,W 26TH AVE,W 26TH AVE,15:00-17:59,1,0
N,PROPERTY DAMAGE ONLY,DUNCAN ST,N,2023,MONDAY,CONFLICTED,N,Y,49.835897,-124.520688,N,APRIL,N,POWELL RIVER,POWELL RIVER,POWELL RIVER,N,N,N,VANCOUVER ISLAND,DUNCAN ST & JOYCE AVE,JOYCE AVE,JOYCE AVE,15:00-17:59,1,0
N,PROPERTY DAMAGE ONLY,DURIN RD,N,2023,MONDAY,CONFLICTED,N,N,\N,\N,N,APRIL,N,KELOWNA,KELOWNA,\N,N,N,N,SOUTHERN INTERIOR,UNKNOWN,SPRINGFIELD RD,SPRINGFIELD RD,15:00-17:59,1,0
N,PROPERTY DAMAGE ONLY,E 28TH AVE,N,2023,MONDAY,SIDE IMPACT,N,Y,49.24538,-123.036651,N,APRIL,N,VANCOUVER,VANCOUVER,VANCOUVER,Y,N,N,LOWER MAINLAND,E 28TH AVE & WINDERMERE ST,WINDERMERE ST,WINDERMERE ST,15:00-17:59,1,0
N,PROPERTY DAMAGE ONLY,E 33RD AVE,N,2023,MONDAY,REAR END,N,Y,49.240211,-123.076367,N,APRIL,N,VANCOUVER,VANCOUVER,VANCOUVER,N,N,N,LOWER MAINLAND,E 33RD AVE & KNIGHT ST,KNIGHT ST,KNIGHT ST,15:00-17:59,1,0
N,PROPERTY DAMAGE ONLY,E 41ST AVE,N,2023,MONDAY,SIDE IMPACT,N,Y,49.23306,-123.101517,N,APRIL,N,VANCOUVER,VANCOUVER,VANCOUVER,N,N,N,LOWER MAINLAND,E 41ST AVE & MAIN ST,MAIN ST,MAIN ST,15:00-17:59,1,0
N,PROPERTY DAMAGE ONLY,E 41ST AVE,N,2023,MONDAY,SIDE SWIPE - SAME DIRECTION,N,Y,49.232812,-123.05548,N,APRIL,N,VANCOUVER,VANCOUVER,VANCOUVER,N,N,N,LOWER MAINLAND,CLARENDON ST & E 41ST AVE,CLARENDON ST,CLARENDON ST,15:00-17:59,1,0
N,PROPERTY DAMAGE ONLY,E 48TH AVE,N,2023,MONDAY,SINGLE VEHICLE,N,Y,49.226525,-123.090723,N,APRIL,N,VANCOUVER,VANCOUVER,VANCOUVER,N,N,N,LOWER MAINLAND,E 48TH AVE & FRASER ST,FRASER ST,FRASER ST,15:00-17:59,1,0
N,PROPERTY DAMAGE ONLY,E 49TH AVE,N,2023,MONDAY,SIDE SWIPE - SAME DIRECTION,N,Y,49.225442,-123.090711,N,APRIL,N,VANCOUVER,VANCOUVER,VANCOUVER,N,N,N,LOWER MAINLAND,E 49TH AVE & FRASER ST,FRASER ST,FRASER ST,15:00-17:59,1,0
N,PROPERTY DAMAGE ONLY,E 53RD AVE,N,2023,MONDAY,SIDE IMPACT,N,Y,49.221778,-123.065854,N,APRIL,N,VANCOUVER,VANCOUVER,VANCOUVER,N,Y,N,LOWER MAINLAND,E 53RD AVE & VICTORIA DR,VICTORIA DR,VICTORIA DR,15:00-17:59,1,0
N,PROPERTY DAMAGE ONLY,EARLES ST,N,2023,MONDAY,REAR END,N,Y,49.237566,-123.048809,N,APRIL,N,VANCOUVER,VANCOUVER,VANCOUVER,N,N,N,LOWER MAINLAND,EARLES ST & KINGSWAY,KINGSWAY,KINGSWAY,15:00-17:59,1,0
N,PROPERTY DAMAGE ONLY,EIGHTH ST,N,2023,MONDAY,UNDETERMINED,N,Y,49.203693,-122.914608,N,APRIL,N,NEW WESTMINSTER,NEW WESTMINSTER,NEW WESTMINSTER,N,N,N,LOWER MAINLAND,EIGHTH ST & ROYAL AVE,ROYAL AVE,ROYAL AVE,15:00-17:59,1,0
N,PROPERTY DAMAGE ONLY,ETHEL ST,N,2023,MONDAY,CONFLICTED,N,Y,49.884447,-119.48276,N,APRIL,N,KELOWNA,KELOWNA,KELOWNA,N,N,N,SOUTHERN INTERIOR,ETHEL ST & LEON AVE,LEON AVE,LEON AVE,15:00-17:59,1,0
N,PROPERTY DAMAGE ONLY,FIRST ST,N,2023,MONDAY,REAR END,N,Y,49.152691,-125.908561,N,APRIL,N,TOFINO,TOFINO,TOFINO,Y,N,N,VANCOUVER ISLAND,CAMPBELL ST & FIRST ST,CAMPBELL ST,CAMPBELL ST,15:00-17:59,1,0
N,PROPERTY DAMAGE ONLY,FORT ST,N,2023,MONDAY,SIDE IMPACT,N,Y,48.431867,-123.323914,N,APRIL,N,VICTORIA,VICTORIA,VICTORIA,Y,N,N,VANCOUVER ISLAND,FORT ST & TRENT ST,TRENT ST,TRENT ST,15:00-17:59,1,0
N,PROPERTY DAMAGE ONLY,FOURTH AVE,N,2023,MONDAY,UNDETERMINED,N,Y,49.208854,-122.919186,N,APRIL,N,NEW WESTMINSTER,NEW WESTMINSTER,NEW WESTMINSTER,N,N,N,LOWER MAINLAND,ASH ST & FOURTH AVE,ASH ST,ASH ST,15:00-17:59,1,0
N,PROPERTY DAMAGE ONLY,FRASER HWY,N,2023,MONDAY,REAR END,N,Y,49.166096,-122.801369,N,APRIL,N,SURREY,SURREY,SURREY,N,N,N,LOWER MAINLAND,152 ST & FRASER HWY & TURNING LANE,152 ST,152 ST,15:00-17:59,1,0
N,PROPERTY DAMAGE ONLY,FRASER HWY,N,2023,MONDAY,UNDETERMINED,N,Y,49.11897,-122.691352,N,APRIL,N,SURREY,SURREY,SURREY,N,N,N,LOWER MAINLAND,64 AVE & FRASER HWY & TURNING LANE,64 AVE,64 AVE,15:00-17:59,1,0
N,PROPERTY DAMAGE ONLY,FRASER ST,N,2023,MONDAY,SIDE IMPACT,N,Y,50.664234,-120.319067,N,APRIL,N,KAMLOOPS,KAMLOOPS,KAMLOOPS,Y,Y,N,SOUTHERN INTERIOR,9TH AVE & FRASER ST,9TH AVE,9TH AVE,15:00-17:59,1,0
N,PROPERTY DAMAGE ONLY,GIBSON RD,N,2023,MONDAY,SINGLE VEHICLE,N,Y,49.178335,-121.87104,N,APRIL,N,CHILLIWACK,CHILLIWACK,CHILLIWACK,N,N,N,LOWER MAINLAND,GIBSON RD & GILLANDERS RD & YALE RD,YALE RD,YALE RD,15:00-17:59,1,0
N,PROPERTY DAMAGE ONLY,GILBERT RD,N,2023,MONDAY,HEAD ON,N,Y,49.170171,-123.147705,N,APRIL,N,RICHMOND,RICHMOND,RICHMOND,N,N,N,LOWER MAINLAND,GILBERT RD & WESTMINSTER HWY,WESTMINSTER HWY,WESTMINSTER HWY,15:00-17:59,1,0
N,PROPERTY DAMAGE ONLY,GILLESPIE RD,N,2023,MONDAY,REAR END,N,Y,48.396201,-123.624916,N,APRIL,N,SOOKE,SOOKE,SOOKE,N,N,N,VANCOUVER ISLAND,CONNIE RD & GILLESPIE LOOP RD & GILLESPIE RD & SOOKE RD & TURNING LANE,SOOKE RD,SOOKE RD,15:00-17:59,1,0
N,PROPERTY DAMAGE ONLY,GILLEY AVE,N,2023,MONDAY,SIDE IMPACT,N,Y,49.221995,-122.971959,N,APRIL,N,BURNABY,BURNABY,BURNABY,N,N,N,LOWER MAINLAND,GILLEY AVE & IMPERIAL ST,IMPERIAL ST,IMPERIAL ST,15:00-17:59,1,0
N,PROPERTY DAMAGE ONLY,GOLDSTREAM AVE,N,2023,MONDAY,REAR END,N,Y,48.442157,-123.469617,N,APRIL,N,COLWOOD,COLWOOD,COLWOOD,N,N,N,VANCOUVER ISLAND,GOLDSTREAM AVE & ISLAND HWY & SOOKE RD & MALL ACCESS & TURNING LANE,SOOKE RD,SOOKE RD,15:00-17:59,1,0
N,PROPERTY DAMAGE ONLY,HAWTHORNE AVE,N,2023,MONDAY,REAR END,N,Y,49.257012,-122.778546,N,APRIL,N,PORT COQUITLAM,PORT COQUITLAM,PORT COQUITLAM,N,N,N,LOWER MAINLAND,HAWTHORNE AVE & MARY HILL RD,MARY HILL RD,MARY HILL RD,15:00-17:59,1,0
N,PROPERTY DAMAGE ONLY,HELEN ST,N,2023,MONDAY,MULTIPLE IMPACTS,N,Y,49.25998,-124.807021,N,APRIL,N,PORT ALBERNI,PORT ALBERNI,PORT ALBERNI,N,N,N,VANCOUVER ISLAND,HELEN ST & JOHNSTON RD,JOHNSTON RD,JOHNSTON RD,15:00-17:59,1,0
N,PROPERTY DAMAGE ONLY,HIGHLAND RD,N,2023,MONDAY,CONFLICTED,Y,Y,50.331231,-119.242009,N,APRIL,N,VERNON,VERNON,VERNON,N,N,N,SOUTHERN INTERIOR,HIGHLAND RD & HWY 97 & TURNING LANE,HWY 97,HWY 97,15:00-17:59,1,0
N,PROPERTY DAMAGE ONLY,HILLSIDE DR,N,2023,MONDAY,SIDE IMPACT,Y,Y,50.667942,-120.370052,N,APRIL,N,KAMLOOPS,KAMLOOPS,KAMLOOPS,N,N,N,SOUTHERN INTERIOR,HILLSIDE DR & MCGILL RD & UNIVERSITY DR & TURNING LANE,MCGILL RD,MCGILL RD,15:00-17:59,1,0
N,PROPERTY DAMAGE ONLY,HOGBERG RD,N,2023,MONDAY,SINGLE VEHICLE,N,Y,49.098364,-122.202188,N,APRIL,N,ABBOTSFORD,ABBOTSFORD,ABBOTSFORD,N,N,N,LOWER MAINLAND,HOGBERG RD & SUMAS MOUNTAIN RD,SUMAS MOUNTAIN RD,SUMAS MOUNTAIN RD,15:00-17:59,1,0
N,PROPERTY DAMAGE ONLY,HUNTINGDON RD,N,2023,MONDAY,UNDETERMINED,N,Y,49.016905,-122.315253,N,APRIL,N,ABBOTSFORD,ABBOTSFORD,ABBOTSFORD,Y,Y,N,LOWER MAINLAND,GLADWIN RD & HUNTINGDON RD,GLADWIN RD,GLADWIN RD,15:00-17:59,1,0
N,PROPERTY DAMAGE ONLY,HWY 1,N,2023,MONDAY,CONFLICTED,Y,Y,49.144484,-122.006909,N,APRIL,N,CHILLIWACK,CHILLIWACK,CHILLIWACK,N,N,N,LOWER MAINLAND,LICKMAN RD & TRANS-CANADA HWY,LICKMAN RD OVERPASS,LICKMAN RD OVERPASS,15:00-17:59,1,0
N,PROPERTY DAMAGE ONLY,HWY 1,N,2023,MONDAY,REAR END,N,N,\N,\N,N,APRIL,N,SURREY,SURREY,\N,N,N,N,LOWER MAINLAND,UNKNOWN,FERGUSON DIVERSION,FERGUSON DIVERSION,15:00-17:59,1,0
N,PROPERTY DAMAGE ONLY,HWY 1,N,2023,MONDAY,REAR END,N,Y,49.269452,-123.027611,N,APRIL,N,VANCOUVER,VANCOUVER,VANCOUVER,N,N,N,LOWER MAINLAND,E 1ST AVE & E 1ST AVE OFFRAMP & E 1ST AVE ONRAMP & RUPERT ST & RUPERT ST OFFRAMP & TRANS-CANADA HWY & BUS LANE & TURNING LANE,E 1ST AVE OFFRAMP,E 1ST AVE OFFRAMP,15:00-17:59,1,0
N,PROPERTY DAMAGE ONLY,HWY 1,N,2023,MONDAY,SIDE SWIPE - SAME DIRECTION,N,Y,50.701927,-119.279263,N,APRIL,N,SALMON ARM,SALMON ARM,SALMON ARM,N,N,N,SOUTHERN INTERIOR,4 ST NE & TRANS-CANADA HWY NE,4 ST NE,4 ST NE,15:00-17:59,1,0
N,PROPERTY DAMAGE ONLY,HWY 10,N,2023,MONDAY,CONFLICTED,N,Y,49.104433,-122.801032,N,APRIL,N,SURREY,SURREY,SURREY,N,N,N,LOWER MAINLAND,152 ST & 56 AVE,152 ST,152 ST,15:00-17:59,1,0
N,PROPERTY DAMAGE ONLY,HWY 16,N,2023,MONDAY,REAR END,N,Y,54.771073,-127.140306,N,APRIL,N,SMITHERS,SMITHERS,SMITHERS,N,N,N,NORTH CENTRAL,HWY 16 & HWY 16 E & TATLOW RD & TATLOW RD N & TURNING LANE,TATLOW RD,TATLOW RD,15:00-17:59,1,0
N,PROPERTY DAMAGE ONLY,HWY 19A,N,2023,MONDAY,REAR END,N,Y,50.034266,-125.252088,N,APRIL,N,CAMPBELL RIVER,CAMPBELL RIVER,CAMPBELL RIVER,N,N,N,VANCOUVER ISLAND,ISLAND HWY & SPIT RD & TURNING LANE,SPIT RD,SPIT RD,15:00-17:59,1,0
N,PROPERTY DAMAGE ONLY,HWY 3,N,2023,MONDAY,UNDETERMINED,N,Y,49.018524,-119.367614,N,APRIL,N,OSOYOOS,OSOYOOS,OSOYOOS,N,N,N,SOUTHERN INTERIOR,HWY 3 & MULE DEER DR,MULE DEER DR,MULE DEER DR,15:00-17:59,1,0
N,PROPERTY DAMAGE ONLY,HWY 97,N,2023,MONDAY,CONFLICTED,N,Y,49.831067,-119.622603,N,APRIL,N,WEST KELOWNA,WEST KELOWNA,WEST KELOWNA,N,N,N,SOUTHERN INTERIOR,GELLATLY RD & GOSSETT RD & HWY 97 & MAIN ST & TURNING LANE,GELLATLY RD,GELLATLY RD,15:00-17:59,1,0
N,PROPERTY DAMAGE ONLY,HWY 97,N,2023,MONDAY,SIDE SWIPE - SAME DIRECTION,N,Y,49.918153,-119.387686,N,APRIL,N,KELOWNA,KELOWNA,KELOWNA,N,N,N,SOUTHERN INTERIOR,HWY 97 N & OLD VERNON RD & RUTLAND CRT & SEXSMITH RD & TURNING LANE,SEXSMITH RD,SEXSMITH RD,15:00-17:59,1,0
N,PROPERTY DAMAGE ONLY,HWY 99,N,2023,MONDAY,REAR END,N,Y,49.074258,-122.822829,N,APRIL,N,SURREY,SURREY,SURREY,N,N,N,LOWER MAINLAND,HWY 99 & KING GEORGE BLVD & KING GEORGE BLVD OFFRAMP & KING GEORGE BLVD ONRAMP & SOUTH SURREY PARK AND RIDE & TURNING LANE,KING GEORGE BLVD,KING GEORGE BLVD,15:00-17:59,1,0
N,PROPERTY DAMAGE ONLY,INLET DR,N,2023,MONDAY,REAR END,N,Y,49.28059,-122.958772,N,APRIL,N,BURNABY,BURNABY,BURNABY,N,N,N,LOWER MAINLAND,CLIFF AVE & HASTINGS ST & INLET DR & TURNING LANE,HASTINGS ST,HASTINGS ST,15:00-17:59,1,0
N,PROPERTY DAMAGE ONLY,IRO NWORKERS,N,2023,MONDAY,SINGLE VEHICLE,N,N,\N,\N,N,APRIL,N,NORTH VANCOUVER,NORTH VANCOUVER,\N,N,N,N,LOWER MAINLAND,UNKNOWN,IRON WORKERS BRIDGE,IRON WORKERS BRIDGE,15:00-17:59,1,0
N,PROPERTY DAMAGE ONLY,IRONWORKERS MEMORIAL BRIDGE,N,2023,MONDAY,REAR END,N,Y,49.287032,-123.031028,N,APRIL,N,VANCOUVER,VANCOUVER,VANCOUVER,N,N,N,LOWER MAINLAND,BRIDGEWAY OFFRAMP & E HASTINGS ST OFFRAMP & IRONWORKERS MEMORIAL BRIDGE & MCGILL ST & MCGILL ST OFFRAMP & MCGILL ST ONRAMP & TRANS-CANADA HWY,HWY 1,HWY 1,15:00-17:59,1,0
N,PROPERTY DAMAGE ONLY,ISLAND HWY N,N,2023,MONDAY,REAR END,N,Y,49.224263,-124.03734,N,APRIL,N,NANAIMO,NANAIMO,NANAIMO,N,N,N,VANCOUVER ISLAND,ISLAND HWY N & TURNER RD & TURNING LANE,TURNER RD,TURNER RD,15:00-17:59,1,0
N,PROPERTY DAMAGE ONLY,JOHNSTON RD,N,2023,MONDAY,REAR END,N,Y,49.031121,-122.801198,N,APRIL,N,SURREY,SURREY,SURREY & WHITE ROCK,N,N,N,LOWER MAINLAND,152 ST & 16 AVE & JOHNSTON RD & NORTH BLUFF RD,NORTH BLUFF RD,NORTH BLUFF RD,15:00-17:59,1,0
N,PROPERTY DAMAGE ONLY,KALAMALKA LAKE RD,N,2023,MONDAY,HEAD ON,N,Y,50.256179,-119.262194,N,APRIL,N,VERNON,VERNON,VERNON,N,N,N,SOUTHERN INTERIOR,HWY 6 & KALAMALKA LAKE RD & TURNING LANE,HWY 6,HWY 6,15:00-17:59,1,0
N,PROPERTY DAMAGE ONLY,KING GEORGE BLVD,N,2023,MONDAY,REAR END,N,Y,49.162742,-122.845798,N,APRIL,N,SURREY,SURREY,SURREY,N,N,N,LOWER MAINLAND,88 AVE & KING GEORGE BLVD & TURNING LANE,88 AVE,88 AVE,15:00-17:59,1,0
N,PROPERTY DAMAGE ONLY,KINGSWAY,N,2023,MONDAY,CONFLICTED,N,Y,49.231211,-123.007861,N,APRIL,N,BURNABY,BURNABY,BURNABY,N,Y,N,LOWER MAINLAND,KINGSWAY & WILSON AVE,WILSON AVE,WILSON AVE,15:00-17:59,1,0
N,PROPERTY DAMAGE ONLY,KINGSWAY,N,2023,MONDAY,REAR END,N,Y,49.233626,-123.03491,N,APRIL,N,VANCOUVER,VANCOUVER,VANCOUVER,Y,Y,N,LOWER MAINLAND,HAROLD ST & KINGSWAY,HAROLD ST,HAROLD ST,15:00-17:59,1,0
N,PROPERTY DAMAGE ONLY,KLO RD,N,2023,MONDAY,REAR END,N,Y,49.860926,-119.456517,N,APRIL,N,KELOWNA,KELOWNA,KELOWNA,N,N,N,SOUTHERN INTERIOR,BENVOULIN RD & KLO RD & TURNING LANE,BENVOULIN RD,BENVOULIN RD,15:00-17:59,1,0
N,PROPERTY DAMAGE ONLY,KNIGHT ST BRIDGE,N,2023,MONDAY,REAR END,N,Y,49.191996,-123.077454,N,APRIL,N,RICHMOND,RICHMOND,RICHMOND,N,N,N,LOWER MAINLAND,BRIDGEPORT RD & BRIDGEPORT RD OFFRAMP & BRIDGEPORT RD ONRAMP & KNIGHT ST & KNIGHT ST BRIDGE & MANNINI WAY & TURNING LANE,KNIGHT ST,KNIGHT ST,15:00-17:59,1,0
N,PROPERTY DAMAGE ONLY,LORNE CRES,N,2023,MONDAY,UNDETERMINED,N,Y,53.897493,-122.780747,N,APRIL,N,PRINCE GEORGE,PRINCE GEORGE,PRINCE GEORGE,N,Y,N,NORTH CENTRAL,LORNE CRES & WESTWOOD DR & MALL ACCESS,WESTWOOD DR,WESTWOOD DR,15:00-17:59,1,0
N,PROPERTY DAMAGE ONLY,LOUGHEED HWY,N,2023,MONDAY,CONFLICTED,N,Y,49.267482,-122.77645,N,APRIL,N,PORT COQUITLAM,PORT COQUITLAM,PORT COQUITLAM,N,N,N,LOWER MAINLAND,LOUGHEED HWY & SHAUGHNESSY ST & TURNING LANE,SHAUGHNESSY ST,SHAUGHNESSY ST,15:00-17:59,1,0
N,PROPERTY DAMAGE ONLY,LOUGHEED HWY,N,2023,MONDAY,REAR END,N,Y,49.252391,-122.912547,N,APRIL,N,BURNABY,BURNABY,BURNABY,N,N,N,LOWER MAINLAND,GAGLARDI WAY & LOUGHEED HWY & TURNING LANE,GAGLARDI WAY,GAGLARDI WAY,15:00-17:59,1,0
N,PROPERTY DAMAGE ONLY,LOUGHEED HWY,N,2023,MONDAY,SIDE IMPACT,N,Y,49.219239,-122.657635,N,APRIL,N,MAPLE RIDGE,MAPLE RIDGE,MAPLE RIDGE,N,N,N,LOWER MAINLAND,203 ST & LOUGHEED HWY,203 ST,203 ST,15:00-17:59,1,0
N,PROPERTY DAMAGE ONLY,LOUGHEED HWY,N,2023,MONDAY,SIDE IMPACT,N,Y,49.221211,-122.664242,N,APRIL,N,MAPLE RIDGE,MAPLE RIDGE,MAPLE RIDGE,N,N,N,LOWER MAINLAND,DEWDNEY TRUNK RD & LOUGHEED HWY & MAPLE MEADOWS WAY & WEST ST & TURNING LANE,MAPLE MEADOWS WAY,MAPLE MEADOWS WAY,15:00-17:59,1,0
N,PROPERTY DAMAGE ONLY,LOUGHEED HWY,N,2023,MONDAY,SIDE SWIPE - OPPOSITE DIRECTION,N,Y,49.133121,-122.338229,N,APRIL,N,MISSION,MISSION,MISSION,Y,N,N,LOWER MAINLAND,LOUGHEED HWY & RAI AVE & WREN ST,WREN ST,WREN ST,15:00-17:59,1,0
N,PROPERTY DAMAGE ONLY,LOUGHEED HWY,N,2023,MONDAY,SIDE SWIPE - SAME DIRECTION,N,Y,49.236655,-122.871915,N,APRIL,N,COQUITLAM,COQUITLAM,COQUITLAM,N,N,N,LOWER MAINLAND,BRUNETTE AVE & LOUGHEED HWY & TURNING LANE,BRUNETTE AVE,BRUNETTE AVE,15:00-17:59,1,0
N,PROPERTY DAMAGE ONLY,LOUGHEED HWY,N,2023,MONDAY,SINGLE VEHICLE,N,Y,49.223463,-122.670028,N,APRIL,N,PITT MEADOWS,PITT MEADOWS,PITT MEADOWS,N,N,N,LOWER MAINLAND,GOLDEN EARS WAY & LOUGHEED HWY & LOUGHEED HWY OFFRAMP & LOUGHEED HWY ONRAMP & MEADOWTOWN CENTER WAY & TURNING LANE,GOLDEN EARS WAY,GOLDEN EARS WAY,15:00-17:59,1,0
N,PROPERTY DAMAGE ONLY,MACPHERSON AVE,N,2023,MONDAY,CONFLICTED,Y,Y,49.223125,-122.983089,N,APRIL,N,BURNABY,BURNABY,BURNABY,N,N,N,LOWER MAINLAND,KINGSWAY & MACPHERSON AVE,KINGSWAY,KINGSWAY,15:00-17:59,1,0
N,PROPERTY DAMAGE ONLY,MAIN ST,N,2023,MONDAY,HEAD ON,N,Y,49.2655,-123.100847,N,APRIL,N,VANCOUVER,VANCOUVER,VANCOUVER,N,N,N,LOWER MAINLAND,E 6TH AVE & MAIN ST,E 6TH AVE,E 6TH AVE,15:00-17:59,1,0
N,PROPERTY DAMAGE ONLY,MARINE WAY ONRAMP,N,2023,MONDAY,SINGLE VEHICLE,N,Y,49.197808,-122.948705,N,APRIL,N,BURNABY,BURNABY,BURNABY & NEW WESTMINSTER,N,N,N,LOWER MAINLAND,HWY 91A & MARINE WAY & MARINE WAY OFFRAMP & MARINE WAY ONRAMP & QUEENSBOROUGH BRIDGE & SIXTH AVE OFFRAMP & SIXTH AVE ONRAMP & STEWARDSON WAY & STEWARDSON WAY OFFRAMP & STEWARDSON WAY ONRAMP & TWENTY-THIRD ST & EMERGENCY LANE,STEWARDSON WAY,STEWARDSON WAY,15:00-17:59,1,0
N,PROPERTY DAMAGE ONLY,MCBRIDE BLVD,N,2023,MONDAY,REAR END,N,Y,49.215088,-122.902766,N,APRIL,N,NEW WESTMINSTER,NEW WESTMINSTER,NEW WESTMINSTER,N,N,N,LOWER MAINLAND,HWY 1A & MCBRIDE BLVD & MEMORIAL DR,MEMORIAL DR,MEMORIAL DR,15:00-17:59,1,0
N,PROPERTY DAMAGE ONLY,MCCALLUM RD,N,2023,MONDAY,REAR END,N,Y,49.034944,-122.2928,N,APRIL,N,ABBOTSFORD,ABBOTSFORD,ABBOTSFORD,N,N,N,LOWER MAINLAND,HAWTHORNE AVE & KING RD & KING RD CONN & KING RD ONRAMP & MCCALLUM RD & MCCALLUM RD OFFRAMP & MCCALLUM RD ONRAMP & TRANS-CANADA HWY,HWY 1,HWY 1,15:00-17:59,1,0
N,PROPERTY DAMAGE ONLY,MIDVALE ST,N,2023,MONDAY,SIDE SWIPE - SAME DIRECTION,N,Y,49.250829,-122.838276,N,APRIL,N,COQUITLAM,COQUITLAM,COQUITLAM,Y,N,N,LOWER MAINLAND,KING ALBERT AVE & MIDVALE ST,KING ALBERT AVE,KING ALBERT AVE,15:00-17:59,1,0
N,PROPERTY DAMAGE ONLY,MONTCALM ST,N,2023,MONDAY,SIDE IMPACT,N,Y,49.205727,-123.136243,N,APRIL,N,VANCOUVER,VANCOUVER,VANCOUVER,Y,N,N,LOWER MAINLAND,MONTCALM ST & W 72ND AVE,W 72ND AVE,W 72ND AVE,15:00-17:59,1,0
N,PROPERTY DAMAGE ONLY,MOUNT LEHMAN EXIT,N,2023,MONDAY,SINGLE VEHICLE,N,N,\N,\N,N,APRIL,N,ABBOTSFORD,ABBOTSFORD,\N,N,N,N,LOWER MAINLAND,UNKNOWN,HWY 1,HWY 1,15:00-17:59,1,0
N,PROPERTY DAMAGE ONLY,NANAIMO ST,N,2023,MONDAY,SIDE IMPACT,N,Y,49.260227,-123.056622,N,APRIL,N,VANCOUVER,VANCOUVER,VANCOUVER,N,N,N,LOWER MAINLAND,E 11TH AVE & NANAIMO ST,E 11TH AVE,E 11TH AVE,15:00-17:59,1,0
N,PROPERTY DAMAGE ONLY,NELSON ST,N,2023,MONDAY,CONFLICTED,N,Y,49.238192,-122.864947,N,APRIL,N,COQUITLAM,COQUITLAM,COQUITLAM,N,N,N,LOWER MAINLAND,BRUNETTE AVE & NELSON ST,BRUNETTE AVE,BRUNETTE AVE,15:00-17:59,1,0
N,PROPERTY DAMAGE ONLY,NELSON ST,N,2023,MONDAY,REAR END,N,Y,49.28249,-123.128048,N,APRIL,N,VANCOUVER,VANCOUVER,VANCOUVER,N,N,N,LOWER MAINLAND,NELSON ST & THURLOW ST,THURLOW ST,THURLOW ST,15:00-17:59,1,0
N,PROPERTY DAMAGE ONLY,NELSON ST,N,2023,MONDAY,SINGLE VEHICLE,N,Y,49.14126,-122.359263,N,APRIL,N,MISSION,MISSION,MISSION,N,N,N,LOWER MAINLAND,NELSON ST & SILVERDALE AVE,SILVERDALE AVE,SILVERDALE AVE,15:00-17:59,1,0
N,PROPERTY DAMAGE ONLY,NICOLA ST,N,2023,MONDAY,SIDE IMPACT,N,Y,49.287279,-123.133214,N,APRIL,N,VANCOUVER,VANCOUVER,VANCOUVER,N,N,N,LOWER MAINLAND,BARCLAY ST & NICOLA ST,BARCLAY ST,BARCLAY ST,15:00-17:59,1,0
N,PROPERTY DAMAGE ONLY,NO 1 RD,N,2023,MONDAY,UNDETERMINED,Y,Y,49.12648,-123.181215,N,APRIL,N,RICHMOND,RICHMOND,RICHMOND,N,N,N,LOWER MAINLAND,CHATHAM ST & NO 1 RD,CHATHAM ST,CHATHAM ST,15:00-17:59,1,0
N,PROPERTY DAMAGE ONLY,NO 2 RD,N,2023,MONDAY,UNDETERMINED,N,Y,49.155579,-123.15893,N,APRIL,N,RICHMOND,RICHMOND,RICHMOND,N,N,N,LOWER MAINLAND,BLUNDELL RD & NO 2 RD,BLUNDELL RD,BLUNDELL RD,15:00-17:59,1,0
N,PROPERTY DAMAGE ONLY,NOOTKA ST,N,2023,MONDAY,SIDE IMPACT,N,Y,49.249663,-123.04159,N,APRIL,N,VANCOUVER,VANCOUVER,VANCOUVER,Y,N,N,LOWER MAINLAND,E 23RD AVE & NOOTKA ST,E 23RD AVE,E 23RD AVE,15:00-17:59,1,0
N,PROPERTY DAMAGE ONLY,NORDEL WAY,N,2023,MONDAY,SIDE IMPACT,N,Y,49.162019,-122.890338,N,APRIL,N,DELTA,DELTA,DELTA & SURREY,N,N,N,LOWER MAINLAND,120 ST & NORDEL WAY,120 ST,120 ST,15:00-17:59,1,0
N,PROPERTY DAMAGE ONLY,NORFOLK ST,N,2023,MONDAY,SINGLE VEHICLE,N,Y,49.265547,-122.873971,N,APRIL,N,COQUITLAM,COQUITLAM,COQUITLAM,N,N,N,LOWER MAINLAND,NORFOLK ST & SPENCE AVE,SPENCE AVE,SPENCE AVE,15:00-17:59,1,0
N,PROPERTY DAMAGE ONLY,NORTH NECHAKO RD,N,2023,MONDAY,CONFLICTED,N,N,\N,\N,N,APRIL,N,PRINCE GEORGE,PRINCE GEORGE,\N,N,N,N,NORTH CENTRAL,UNKNOWN,FOOTHILLS BLVD,FOOTHILLS BLVD,15:00-17:59,1,0
N,PROPERTY DAMAGE ONLY,NW MARINE DR,N,2023,MONDAY,REAR END,N,Y,49.268741,-123.199806,N,APRIL,N,VANCOUVER,VANCOUVER,VANCOUVER,N,N,N,LOWER MAINLAND,NW MARINE DR & W 4TH AVE,W 4TH AVE,W 4TH AVE,15:00-17:59,1,0
N,PROPERTY DAMAGE ONLY,OLD FORT RD,N,2023,MONDAY,SINGLE VEHICLE,Y,Y,56.245792,-120.872848,N,APRIL,N,FORT ST. JOHN,FORT ST. JOHN,FORT ST. JOHN,N,N,N,NORTH CENTRAL,100 AVE & 242 RD & HWY 97 N & OLD FORT RD & TURNING LANE,ALASKA HWY,ALASKA HWY,15:00-17:59,1,0
N,PROPERTY DAMAGE ONLY,OLD YALE RD OFFRAMP,N,2023,MONDAY,REAR END,N,Y,49.04628,-122.270951,N,APRIL,N,ABBOTSFORD,ABBOTSFORD,ABBOTSFORD,N,N,N,LOWER MAINLAND,BECK RD & OLD YALE RD & OLD YALE RD OFFRAMP & OLD YALE RD ONRAMP & SUMAS WAY,HWY 11,HWY 11,15:00-17:59,1,0
N,PROPERTY DAMAGE ONLY,PANDOSY ST,N,2023,MONDAY,UNDETERMINED,N,Y,49.872803,-119.49122,N,APRIL,N,KELOWNA,KELOWNA,KELOWNA,Y,N,N,SOUTHERN INTERIOR,PANDOSY ST & ROSE AVE & PARKING ACCESS,ROSE AVE,ROSE AVE,15:00-17:59,1,0
N,PROPERTY DAMAGE ONLY,PEATT RD,N,2023,MONDAY,SINGLE VEHICLE,N,Y,48.445698,-123.50282,N,APRIL,N,LANGFORD,LANGFORD,LANGFORD,N,N,N,VANCOUVER ISLAND,E AND N RAIL TRAIL & MEAFORD AVE & PEATT RD & PHIPPS RD & STATION AVE & TURNING LANE,STATION AVE,STATION AVE,15:00-17:59,1,0
N,PROPERTY DAMAGE ONLY,PEMBERTON AVE,N,2023,MONDAY,UNDETERMINED,N,Y,49.70156,-123.150009,N,APRIL,N,SQUAMISH,SQUAMISH,SQUAMISH,N,N,N,LOWER MAINLAND,LOGGERS LANE & PEMBERTON AVE,LOGGERS LANE,LOGGERS LANE,15:00-17:59,1,0
N,PROPERTY DAMAGE ONLY,PINE ST,N,2023,MONDAY,SIDE IMPACT,N,Y,49.155157,-123.935952,N,APRIL,N,NANAIMO,NANAIMO,NANAIMO,Y,N,N,VANCOUVER ISLAND,PINE ST & VICTORIA RD,VICTORIA RD,VICTORIA RD,15:00-17:59,1,0
N,PROPERTY DAMAGE ONLY,PINETREE WAY,N,2023,MONDAY,REAR END,N,Y,49.294211,-122.789997,N,APRIL,N,COQUITLAM,COQUITLAM,COQUITLAM,N,N,N,LOWER MAINLAND,DAVID AVE & PINETREE WAY & TURNING LANE,DAVID AVE,DAVID AVE,15:00-17:59,1,0
N,PROPERTY DAMAGE ONLY,PORT MANN BRIDGE,N,2023,MONDAY,SINGLE VEHICLE,N,Y,49.211315,-122.808608,N,APRIL,N,SURREY,SURREY,SURREY,N,N,N,LOWER MAINLAND,PORT MANN BRIDGE & PORT MANN EAST SERVICE RD & TRANS-CANADA HWY,HWY 1,HWY 1,15:00-17:59,1,0
N,PROPERTY DAMAGE ONLY,PROGRESS WAY,N,2023,MONDAY,SINGLE VEHICLE,N,Y,49.150582,-122.007002,N,APRIL,N,CHILLIWACK,CHILLIWACK,CHILLIWACK,N,N,N,LOWER MAINLAND,LICKMAN RD & PROGRESS WAY,LICKMAN RD,LICKMAN RD,15:00-17:59,1,0
N,PROPERTY DAMAGE ONLY,QUEBEC ST,N,2023,MONDAY,SINGLE VEHICLE,N,Y,49.261142,-123.103045,N,APRIL,N,VANCOUVER,VANCOUVER,VANCOUVER,N,N,N,LOWER MAINLAND,E 11TH AVE & QUEBEC ST,E 11TH AVE,E 11TH AVE,15:00-17:59,1,0
N,PROPERTY DAMAGE ONLY,QUEENSBOROUGH,N,2023,MONDAY,CONFLICTED,N,N,\N,\N,N,APRIL,N,NEW WESTMINSTER,NEW WESTMINSTER,\N,N,N,N,LOWER MAINLAND,UNKNOWN,91A,91A,15:00-17:59,1,0
N,PROPERTY DAMAGE ONLY,QUESNEL HYDRAULIC RD,N,2023,MONDAY,SIDE SWIPE - SAME DIRECTION,N,N,\N,\N,N,APRIL,N,QUESNEL,QUESNEL,\N,N,N,N,NORTH CENTRAL,UNKNOWN,HWY 97,HWY 97,15:00-17:59,1,0
N,PROPERTY DAMAGE ONLY,RED WING DR,N,2023,MONDAY,SINGLE VEHICLE,N,Y,49.500267,-119.617549,N,APRIL,N,PENTICTON,PENTICTON,PENTICTON,N,N,N,SOUTHERN INTERIOR,BURNABY AVE W & HWY 97 & RED WING DR & TURNING LANE,HWY 97,HWY 97,15:00-17:59,1,0
N,PROPERTY DAMAGE ONLY,ROCKLAND RD,N,2023,MONDAY,REAR END,N,Y,49.983379,-125.22367,N,APRIL,N,CAMPBELL RIVER,CAMPBELL RIVER,CAMPBELL RIVER,N,N,N,VANCOUVER ISLAND,ISLAND HWY S & ROCKLAND RD,ISLAND HWY S,ISLAND HWY S,15:00-17:59,1,0
N,PROPERTY DAMAGE ONLY,ROSSTOWN RD,N,2023,MONDAY,CONFLICTED,N,N,\N,\N,N,APRIL,N,NANAIMO,NANAIMO,\N,N,N,N,VANCOUVER ISLAND,UNKNOWN,BOWEN RD,BOWEN RD,15:00-17:59,1,0
N,PROPERTY DAMAGE ONLY,RUPERT ST,N,2023,MONDAY,REAR END,N,Y,49.258127,-123.033793,N,APRIL,N,VANCOUVER,VANCOUVER,VANCOUVER,N,N,N,LOWER MAINLAND,GRANDVIEW HWY & RUPERT ST,GRANDVIEW HWY,GRANDVIEW HWY,15:00-17:59,1,0
N,PROPERTY DAMAGE ONLY,SAANICH RD,N,2023,MONDAY,SIDE SWIPE - SAME DIRECTION,N,Y,48.455214,-123.37208,N,APRIL,N,SAANICH,SAANICH,SAANICH,N,N,N,VANCOUVER ISLAND,BLANSHARD ST & SAANICH RD & TURNING LANE,BLANSHARD ST,BLANSHARD ST,15:00-17:59,1,0
N,PROPERTY DAMAGE ONLY,SASAMAT ST,N,2023,MONDAY,SIDE IMPACT,N,Y,49.260203,-123.209245,N,APRIL,N,VANCOUVER,VANCOUVER,VANCOUVER,N,N,N,LOWER MAINLAND,SASAMAT ST & W 14TH AVE,W 14TH AVE,W 14TH AVE,15:00-17:59,1,0
N,PROPERTY DAMAGE ONLY,SE MARINE DR,N,2023,MONDAY,SIDE IMPACT,N,Y,49.211099,-123.102224,N,APRIL,N,VANCOUVER,VANCOUVER,VANCOUVER,N,N,N,LOWER MAINLAND,MAIN ST & SE MARINE DR,MAIN ST,MAIN ST,15:00-17:59,2,0
N,PROPERTY DAMAGE ONLY,SHELL RD,N,2023,MONDAY,REAR END,N,Y,49.177122,-123.102929,N,APRIL,N,RICHMOND,RICHMOND,RICHMOND,N,N,N,LOWER MAINLAND,ALDERBRIDGE WAY & HWY 91 & SHELL RD & TURNING LANE,ALDERBRIDGE WAY,ALDERBRIDGE WAY,15:00-17:59,2,0
N,PROPERTY DAMAGE ONLY,SOUTH FRASER WAY,N,2023,MONDAY,CONFLICTED,N,Y,49.050434,-122.304426,N,APRIL,N,ABBOTSFORD,ABBOTSFORD,ABBOTSFORD,N,N,N,LOWER MAINLAND,SOUTH FRASER WAY & WARE ST & TURNING LANE,WARE ST,WARE ST,15:00-17:59,1,0
N,PROPERTY DAMAGE ONLY,STILL CREEK AVE,N,2023,MONDAY,SIDE IMPACT,N,Y,49.260778,-122.984608,N,APRIL,N,BURNABY,BURNABY,BURNABY,N,N,N,LOWER MAINLAND,DOUGLAS RD & STILL CREEK AVE,DOUGLAS RD,DOUGLAS RD,15:00-17:59,1,0
N,PROPERTY DAMAGE ONLY,STRATHMORE RD,N,2023,MONDAY,REAR END,N,Y,48.45341,-123.501745,N,APRIL,N,LANGFORD,LANGFORD,LANGFORD,N,N,N,VANCOUVER ISLAND,BROCK AVE & STRATHMORE RD,BROCK AVE,BROCK AVE,15:00-17:59,1,0
N,PROPERTY DAMAGE ONLY,SUMAS WAY,N,2023,MONDAY,REAR END,N,Y,49.033431,-122.266381,N,APRIL,N,ABBOTSFORD,ABBOTSFORD,ABBOTSFORD,N,N,N,LOWER MAINLAND,LONZO RD & SUMAS WAY & SUMAS WAY OFFRAMP & SUMAS WAY ONRAMP & TRANS-CANADA HWY & TURNING LANE,LONZO RD,LONZO RD,15:00-17:59,1,0
N,PROPERTY DAMAGE ONLY,SUMAS WAY OFFRAMP,N,2023,MONDAY,HEAD ON,N,N,\N,\N,N,APRIL,N,ABBOTSFORD,ABBOTSFORD,\N,N,N,N,LOWER MAINLAND,UNKNOWN,DELAIR RD,DELAIR RD,15:00-17:59,1,0
N,PROPERTY DAMAGE ONLY,SW MARINE DR,N,2023,MONDAY,SIDE IMPACT,N,Y,49.209373,-123.118961,N,APRIL,N,VANCOUVER,VANCOUVER,VANCOUVER,N,N,N,LOWER MAINLAND,ASH ST & SW MARINE DR,ASH ST,ASH ST,15:00-17:59,1,0
N,PROPERTY DAMAGE ONLY,TANNERY RD,N,2023,MONDAY,SIDE SWIPE - SAME DIRECTION,N,Y,49.196182,-122.893087,N,APRIL,N,SURREY,SURREY,SURREY,N,N,N,LOWER MAINLAND,103A AVE & HWY 17 & HWY 17 OFFRAMP & HWY 17 ONRAMP & TANNERY RD & TANNERY RD OFFRAMP & TURNING LANE,HWY 17 OFFRAMP,HWY 17 OFFRAMP,15:00-17:59,1,0
N,PROPERTY DAMAGE ONLY,TAYLOR WAY ONRAMP,N,2023,MONDAY,REAR END,N,Y,49.337695,-123.13481,N,APRIL,N,WEST VANCOUVER,WEST VANCOUVER,WEST VANCOUVER,N,N,N,LOWER MAINLAND,TAYLOR WAY & TAYLOR WAY OFFRAMP & TAYLOR WAY ONRAMP & TRANS-CANADA HWY & TRANS-CANADA HWY ONRAMP & WESTCOT RD & TURNING LANE,UPPER LEVELS HWY,UPPER LEVELS HWY,15:00-17:59,1,0
N,PROPERTY DAMAGE ONLY,TEMPLETON ST,N,2023,MONDAY,REAR END,N,Y,49.19317,-123.150686,N,APRIL,N,RICHMOND,RICHMOND,RICHMOND,N,N,N,LOWER MAINLAND,GRANT MCCONACHIE WAY & TEMPLETON ST & TURNING LANE,GRANT MCCONACHIE WAY,GRANT MCCONACHIE WAY,15:00-17:59,1,0
N,PROPERTY DAMAGE ONLY,TOWNLINE RD,N,2023,MONDAY,CONFLICTED,N,Y,49.045866,-122.360044,N,APRIL,N,ABBOTSFORD,ABBOTSFORD,ABBOTSFORD,N,N,N,LOWER MAINLAND,PEARDONVILLE RD & TOWNLINE RD & TURNING LANE,PEARDONVILLE RD,PEARDONVILLE RD,15:00-17:59,1,0
N,PROPERTY DAMAGE ONLY,TRUNK RD,N,2023,MONDAY,SIDE SWIPE - SAME DIRECTION,N,Y,48.776846,-123.698837,N,APRIL,N,DUNCAN,DUNCAN,DUNCAN,N,N,N,VANCOUVER ISLAND,TRANS-CANADA HWY & TRUNK RD,HWY 1,HWY 1,15:00-17:59,1,0
N,PROPERTY DAMAGE ONLY,UPLANDS DR,N,2023,MONDAY,UNDETERMINED,N,Y,49.218744,-124.022916,N,APRIL,N,NANAIMO,NANAIMO,NANAIMO,N,N,N,VANCOUVER ISLAND,RUTHERFORD RD & UPLANDS DR,RUTHERFORD RD,RUTHERFORD RD,15:00-17:59,1,0
N,PROPERTY DAMAGE ONLY,VANDERNEUK RD,N,2023,MONDAY,SINGLE VEHICLE,N,Y,49.228839,-124.018388,N,APRIL,N,NANAIMO,NANAIMO,NANAIMO,N,N,N,VANCOUVER ISLAND,RUTHERFORD RD & VANDERNEUK RD,RUTHERFORD RD,RUTHERFORD RD,15:00-17:59,1,0
N,PROPERTY DAMAGE ONLY,VEDDER RD OFFRAMP,N,2023,MONDAY,UNDETERMINED,N,Y,49.144793,-121.962073,N,APRIL,N,CHILLIWACK,CHILLIWACK,CHILLIWACK,N,N,N,LOWER MAINLAND,TRANS-CANADA HWY & VEDDER RD & VEDDER RD OFFRAMP & VEDDER RD ONRAMP,HWY 1,HWY 1,15:00-17:59,1,0
N,PROPERTY DAMAGE ONLY,VICTORIA DR,N,2023,MONDAY,UNDETERMINED,N,Y,49.272097,-123.06571,N,APRIL,N,VANCOUVER,VANCOUVER,VANCOUVER,Y,N,N,LOWER MAINLAND,KITCHENER ST & VICTORIA DR,KITCHENER ST,KITCHENER ST,15:00-17:59,1,0
N,PROPERTY DAMAGE ONLY,VICTORIA RD N,N,2023,MONDAY,SINGLE VEHICLE,N,Y,49.601363,-119.683586,N,APRIL,N,SUMMERLAND,SUMMERLAND,SUMMERLAND,N,N,N,SOUTHERN INTERIOR,MAIN ST & VICTORIA RD N,MAIN ST,MAIN ST,15:00-17:59,1,0
N,PROPERTY DAMAGE ONLY,VULCAN WAY,N,2023,MONDAY,SIDE SWIPE - SAME DIRECTION,Y,N,\N,\N,N,APRIL,N,RICHMOND,RICHMOND,\N,N,N,N,LOWER MAINLAND,UNKNOWN,FRONTAGE ROAD,FRONTAGE ROAD,15:00-17:59,1,0
N,PROPERTY DAMAGE ONLY,W 10TH AVE,N,2023,MONDAY,SIDE SWIPE - SAME DIRECTION,N,Y,49.262591,-123.136141,N,APRIL,N,VANCOUVER,VANCOUVER,VANCOUVER,Y,N,N,LOWER MAINLAND,HEMLOCK ST & W 10TH AVE,HEMLOCK ST,HEMLOCK ST,15:00-17:59,1,0
N,PROPERTY DAMAGE ONLY,W 57TH AVE,N,2023,MONDAY,SIDE SWIPE - SAME DIRECTION,N,Y,49.219571,-123.154515,N,APRIL,N,VANCOUVER,VANCOUVER,VANCOUVER,N,N,N,LOWER MAINLAND,ARBUTUS ST & W 57TH AVE,ARBUTUS ST,ARBUTUS ST,15:00-17:59,1,0
N,PROPERTY DAMAGE ONLY,W 67TH AVE,N,2023,MONDAY,UNDETERMINED,N,Y,49.210743,-123.130188,N,APRIL,N,VANCOUVER,VANCOUVER,VANCOUVER,N,N,N,LOWER MAINLAND,OAK ST & W 67TH AVE,OAK ST,OAK ST,15:00-17:59,1,0
N,PROPERTY DAMAGE ONLY,W 71ST AVE,N,2023,MONDAY,SIDE IMPACT,N,Y,49.207025,-123.137714,N,APRIL,N,VANCOUVER,VANCOUVER,VANCOUVER,Y,N,N,LOWER MAINLAND,CARTIER ST & W 71ST AVE,CARTIER ST,CARTIER ST,15:00-17:59,1,0
N,PROPERTY DAMAGE ONLY,W 7TH AVE,N,2023,MONDAY,SIDE IMPACT,N,Y,49.265618,-123.155235,N,APRIL,N,VANCOUVER,VANCOUVER,VANCOUVER,N,N,N,LOWER MAINLAND,W 7TH AVE & YEW ST,YEW ST,YEW ST,15:00-17:59,1,0
N,PROPERTY DAMAGE ONLY,W 8TH AVE,N,2023,MONDAY,CONFLICTED,N,Y,49.264231,-123.121794,N,APRIL,N,VANCOUVER,VANCOUVER,VANCOUVER,N,N,N,LOWER MAINLAND,W 8TH AVE & WILLOW ST,WILLOW ST,WILLOW ST,15:00-17:59,1,0
N,PROPERTY DAMAGE ONLY,WATSON RD,N,2023,MONDAY,REAR END,N,Y,49.111082,-121.976346,N,APRIL,N,CHILLIWACK,CHILLIWACK,CHILLIWACK,N,N,N,LOWER MAINLAND,TYSON RD & WATSON RD,TYSON RD,TYSON RD,15:00-17:59,1,0
N,PROPERTY DAMAGE ONLY,WESTMINSTER HWY,N,2023,MONDAY,SIDE IMPACT,N,Y,49.170123,-123.069213,N,APRIL,N,RICHMOND,RICHMOND,RICHMOND,N,N,N,LOWER MAINLAND,NO 6 RD & SPARWOOD PL & WESTMINSTER HWY & WESTMINSTER HWY FRTG,NO 6 RD,NO 6 RD,15:00-17:59,1,0
N,PROPERTY DAMAGE ONLY,WILLINGDON AVE,N,2023,MONDAY,SIDE IMPACT,N,Y,49.264432,-123.003199,N,APRIL,N,BURNABY,BURNABY,BURNABY,Y,Y,N,LOWER MAINLAND,DAWSON ST & WILLINGDON AVE,DAWSON ST,DAWSON ST,15:00-17:59,1,0
Y,CASUALTY CRASH,COMAZZETTO RD,N,2023,MONDAY,SINGLE VEHICLE,N,Y,50.675555,-120.291668,N,APRIL,N,KAMLOOPS,KAMLOOPS,KAMLOOPS,N,N,N,SOUTHERN INTERIOR,COMAZZETTO RD & E TRANS-CANADA HWY FRTG & TRANS-CANADA HWY E & TURNING LANE,HWY 1,HWY 1,15:00-17:59,1,1
Y,CASUALTY CRASH,TIMBERDOODLE,N,2023,MONDAY,SINGLE VEHICLE,N,N,\N,\N,N,APRIL,N,SOOKE,SOOKE,\N,N,N,Y,VANCOUVER ISLAND,UNKNOWN,EAST SOOKE RD,EAST SOOKE RD,15:00-17:59,1,1
Y,PROPERTY DAMAGE ONLY,\N,N,2023,MONDAY,SINGLE VEHICLE,N,N,\N,\N,N,APRIL,N,FRASER LAKE,FRASER LAKE,\N,N,N,N,NORTH CENTRAL,UNKNOWN,HWY 16 W,HWY 16 W,15:00-17:59,1,0
Y,PROPERTY DAMAGE ONLY,\N,N,2023,MONDAY,SINGLE VEHICLE,N,N,\N,\N,N,APRIL,N,PEACHLAND,PEACHLAND,\N,N,N,N,SOUTHERN INTERIOR,UNKNOWN,HWY 5,HWY 5,15:00-17:59,1,0
Y,PROPERTY DAMAGE ONLY,\N,N,2023,MONDAY,SINGLE VEHICLE,N,N,\N,\N,N,APRIL,N,PORT COQUITLAM,PORT COQUITLAM,\N,N,N,N,LOWER MAINLAND,UNKNOWN,LOUGHEED HWY,LOUGHEED HWY,15:00-17:59,1,0
Y,PROPERTY DAMAGE ONLY,\N,N,2023,MONDAY,SINGLE VEHICLE,Y,N,\N,\N,N,APRIL,N,BELLA COOLA,BELLA COOLA,\N,N,N,N,NORTH CENTRAL,UNKNOWN,HWY 20,HWY 20,15:00-17:59,1,0
Y,PROPERTY DAMAGE ONLY,FITZPATRICK RD,N,2023,MONDAY,SINGLE VEHICLE,N,N,\N,\N,N,APRIL,N,UNKNOWN,UNKNOWN,\N,N,N,N,UNKNOWN,UNKNOWN,HWY 93,HWY 93,15:00-17:59,1,0
Y,PROPERTY DAMAGE ONLY,PYM ST N,N,2023,MONDAY,SINGLE VEHICLE,N,Y,49.327694,-124.337843,N,APRIL,N,PARKSVILLE,PARKSVILLE,PARKSVILLE,Y,N,N,VANCOUVER ISLAND,ISLAND HWY W & PYM ST N & TURNING LANE,ISLAND HWY W,ISLAND HWY W,15:00-17:59,1,0
