ANIMAL_FLAG,CRASH_SEVERITY,CROSS_STREET_FULL_NAME,CYCLIST_FLAG,DATE_OF_LOSS_YEAR,DAY_OF_WEEK,DERIVED_CRASH_CONFIGURATION,HEAVY_VEH_FLAG,INTERSECTION_CRASH,LATITUDE,LONGITUDE,MID_BLOCK_CRASH,MONTH_OF_YEAR,MOTORCYCLE_FLAG,Municipality Name (ifnull),MUNICIPALITY_NAME,MUNICIPALITY_WITH_BOUNDARY,PARKED_VEHICLE_FLAG,PARKING_LOT_FLAG,PEDESTRIAN_FLAG,REGION,ROAD_LOCATION_DESCRIPTION,Street Full Name (ifnull),STREET_FULL_NAME,TIME_CATEGORY,TOTAL_CRASHES,TOTAL_VICTIMS
N,CASUALTY CRASH,\N,N,2022,MONDAY,CONFLICTED,N,N,\N,\N,N,JANUARY,N,LANGFORD,LANGFORD,\N,N,N,N,VANCOUVER ISLAND,UNKNOWN,PHIPPS RD,PHIPPS RD,09:00-11:59,1,1
N,CASUALTY CRASH,\N,N,2022,MONDAY,REAR END,N,N,\N,\N,N,JANUARY,N,DUNCAN,DUNCAN,\N,N,N,N,VANCOUVER ISLAND,UNKNOWN,HWY 1,HWY 1,09:00-11:59,1,2
N,CASUALTY CRASH,\N,N,2022,MONDAY,REAR END,N,N,\N,\N,N,JANUARY,N,VANDERHOOF,VANDERHOOF,\N,N,N,N,NORTH CENTRAL,UNKNOWN,HWY 16,HWY 16,09:00-11:59,1,1
N,CASUALTY CRASH,\N,N,2022,MONDAY,REAR END,N,N,49.049569,-122.426527,Y,JANUARY,N,ABBOTSFORD,ABBOTSFORD,ABBOTSFORD,N,N,N,LOWER MAINLAND,BRADNER RD # 002498 TO 002728,BRADNER RD,BRADNER RD,09:00-11:59,1,1
N,CASUALTY CRASH,\N,N,2022,MONDAY,REAR END,N,N,49.202113,-123.091331,Y,JANUARY,N,RICHMOND,RICHMOND,RICHMOND,Y,N,N,LOWER MAINLAND,MITCHELL RD # 011600 TO 011849,MITCHELL RD,MITCHELL RD,09:00-11:59,1,1
N,CASUALTY CRASH,\N,N,2022,MONDAY,REAR END,N,N,49.251719,-122.918981,Y,JANUARY,N,BURNABY,BURNABY,BURNABY,N,Y,N,LOWER MAINLAND,BRIGHTON AVE # 003400 TO 003599,BRIGHTON AVE,BRIGHTON AVE,09:00-11:59,1,1
N,CASUALTY CRASH,\N,N,2022,MONDAY,REAR END,Y,N,\N,\N,N,JANUARY,N,ENDAKO,ENDAKO,\N,N,N,N,NORTH CENTRAL,UNKNOWN,HWY 16,HWY 16,09:00-11:59,1,1
N,CASUALTY CRASH,\N,N,2022,MONDAY,REAR END,Y,N,\N,\N,N,JANUARY,N,QUESNEL,QUESNEL,\N,N,N,N,NORTH CENTRAL,UNKNOWN,HWY 97,HWY 97,09:00-11:59,1,1
N,CASUALTY CRASH,\N,N,2022,MONDAY,REAR TO REAR,N,N,\N,\N,N,JANUARY,N,VICTORIA,VICTORIA,\N,N,Y,N,VANCOUVER ISLAND,UNKNOWN,ADMIRALS RD,ADMIRALS RD,09:00-11:59,1,1
N,CASUALTY CRASH,\N,N,2022,MONDAY,SIDE IMPACT,N,N,\N,\N,N,JANUARY,N,TERRACE,TERRACE,\N,N,N,N,NORTH CENTRAL,UNKNOWN,HWY 16W,HWY 16W,09:00-11:59,1,1
N,CASUALTY CRASH,\N,N,2022,MONDAY,SIDE IMPACT,N,N,48.46783,-123.388571,Y,JANUARY,N,SAANICH,SAANICH,SAANICH,Y,N,N,VANCOUVER ISLAND,MELBA PL # 000580 TO 000599,MELBA PL,MELBA PL,09:00-11:59,1,1
N,CASUALTY CRASH,\N,N,2022,MONDAY,SIDE IMPACT,N,N,49.275977,-123.125981,Y,JANUARY,N,VANCOUVER,VANCOUVER,VANCOUVER,N,Y,N,LOWER MAINLAND,SEYMOUR ST # 001200 TO 001299,SEYMOUR ST,SEYMOUR ST,09:00-11:59,1,1
N,CASUALTY CRASH,\N,N,2022,MONDAY,SINGLE VEHICLE,N,N,\N,\N,N,JANUARY,N,BURNS LAKE,BURNS LAKE,\N,N,N,N,NORTH CENTRAL,UNKNOWN,HWY 16,HWY 16,09:00-11:59,1,2
N,CASUALTY CRASH,\N,N,2022,MONDAY,SINGLE VEHICLE,N,N,\N,\N,N,JANUARY,N,NANAIMO,NANAIMO,\N,N,N,N,VANCOUVER ISLAND,UNKNOWN,CEDAR RD,CEDAR RD,09:00-11:59,1,1
N,CASUALTY CRASH,\N,N,2022,MONDAY,SINGLE VEHICLE,N,N,\N,\N,N,JANUARY,N,PENDER ISLAND,PENDER ISLAND,\N,N,N,N,VANCOUVER ISLAND,UNKNOWN,SCHOONER WAY,SCHOONER WAY,09:00-11:59,1,2
N,CASUALTY CRASH,\N,N,2022,MONDAY,SINGLE VEHICLE,N,N,\N,\N,N,JANUARY,N,SIDNEY,SIDNEY,\N,N,N,Y,VANCOUVER ISLAND,UNKNOWN,HWY 17,HWY 17,09:00-11:59,1,1
N,CASUALTY CRASH,\N,N,2022,MONDAY,SINGLE VEHICLE,N,N,\N,\N,N,JANUARY,N,SPENCES BRIDGE,SPENCES BRIDGE,\N,N,N,N,SOUTHERN INTERIOR,UNKNOWN,BIG HORN CURL,BIG HORN CURL,09:00-11:59,1,1
N,CASUALTY CRASH,\N,N,2022,MONDAY,SINGLE VEHICLE,N,N,\N,\N,N,JANUARY,N,VERNON,VERNON,\N,N,N,N,SOUTHERN INTERIOR,UNKNOWN,KALAMALKA LAKE RD,KALAMALKA LAKE RD,09:00-11:59,1,2
N,CASUALTY CRASH,\N,N,2022,MONDAY,SINGLE VEHICLE,N,N,49.019883,-118.364365,Y,JANUARY,N,GRAND FORKS,GRAND FORKS,GRAND FORKS,N,N,N,SOUTHERN INTERIOR,COLLINS RD # 005821 TO 005895,COLLINS RD,COLLINS RD,09:00-11:59,1,1
N,CASUALTY CRASH,\N,N,2022,MONDAY,SINGLE VEHICLE,N,N,49.104503,-122.784278,Y,JANUARY,N,SURREY,SURREY,SURREY,N,Y,N,LOWER MAINLAND,56 AVE # 015627 TO 015999 odd,HWY 10,HWY 10,09:00-11:59,1,1
N,CASUALTY CRASH,\N,N,2022,MONDAY,SINGLE VEHICLE,N,N,49.163701,-123.934537,Y,JANUARY,N,NANAIMO,NANAIMO,NANAIMO,N,Y,Y,VANCOUVER ISLAND,TERMINAL AVE # 000628 TO 000651,TERMINAL AVE,TERMINAL AVE,09:00-11:59,1,1
N,CASUALTY CRASH,\N,N,2022,MONDAY,SINGLE VEHICLE,N,N,49.193211,-122.80261,Y,JANUARY,N,SURREY,SURREY,SURREY,N,Y,Y,LOWER MAINLAND,105 AVE # 015100 TO 015199,105 AVE,105 AVE,09:00-11:59,1,1
N,CASUALTY CRASH,\N,N,2022,MONDAY,SINGLE VEHICLE,N,N,49.267441,-123.069685,Y,JANUARY,N,VANCOUVER,VANCOUVER,VANCOUVER,N,N,N,LOWER MAINLAND,COMMERCIAL DR # 001900 TO 001999,COMMERCIAL DR,COMMERCIAL DR,09:00-11:59,1,2
N,CASUALTY CRASH,\N,N,2022,MONDAY,SINGLE VEHICLE,Y,N,\N,\N,N,JANUARY,N,DARFIELD,DARFIELD,\N,N,N,N,SOUTHERN INTERIOR,UNKNOWN,HWY 5,HWY 5,09:00-11:59,1,1
N,CASUALTY CRASH,\N,N,2022,MONDAY,UNDETERMINED,N,N,\N,\N,N,JANUARY,N,MERRITT,MERRITT,\N,N,Y,N,SOUTHERN INTERIOR,UNKNOWN,HWY 8,HWY 8,09:00-11:59,1,1
N,CASUALTY CRASH,\N,N,2022,MONDAY,UNDETERMINED,N,N,\N,\N,N,JANUARY,N,SURREY,SURREY,\N,N,N,N,LOWER MAINLAND,UNKNOWN,120 ST,120 ST,09:00-11:59,1,1
N,CASUALTY CRASH,\N,N,2022,MONDAY,UNDETERMINED,N,N,49.256332,-122.746975,Y,JANUARY,N,PORT COQUITLAM,PORT COQUITLAM,PORT COQUITLAM,N,Y,N,LOWER MAINLAND,OTTAWA ST # 002300 TO 002349,OTTAWA ST,OTTAWA ST,09:00-11:59,1,1
N,CASUALTY CRASH,\N,N,2022,MONDAY,UNDETERMINED,N,N,49.264065,-123.167323,Y,JANUARY,N,VANCOUVER,VANCOUVER,VANCOUVER,N,Y,N,LOWER MAINLAND,W BROADWAY # 002700 TO 002799,W BROADWAY,W BROADWAY,09:00-11:59,1,1
N,CASUALTY CRASH,\N,N,2022,MONDAY,UNDETERMINED,N,N,49.871721,-119.475516,Y,JANUARY,N,KELOWNA,KELOWNA,KELOWNA,Y,Y,N,SOUTHERN INTERIOR,GORDON DR # 002330 TO 002393,GORDON DR,GORDON DR,09:00-11:59,1,1
N,CASUALTY CRASH,\N,N,2022,MONDAY,UNDETERMINED,Y,N,\N,\N,N,JANUARY,N,PRINCETON,PRINCETON,\N,N,N,N,SOUTHERN INTERIOR,UNKNOWN,HWY 3,HWY 3,09:00-11:59,1,1
N,CASUALTY CRASH,100 AVE,N,2022,MONDAY,SIDE IMPACT,N,Y,56.246461,-120.860624,N,JANUARY,N,FORT ST. JOHN,FORT ST. JOHN,FORT ST. JOHN,N,N,N,NORTH CENTRAL,100 AVE & 108 ST,108 ST,108 ST,09:00-11:59,1,1
N,CASUALTY CRASH,100 AVE,N,2022,MONDAY,SIDE SWIPE - OPPOSITE DIRECTION,Y,Y,49.184393,-122.85654,N,JANUARY,N,SURREY,SURREY,SURREY,N,N,N,LOWER MAINLAND,100 AVE & 132 ST,132 ST,132 ST,09:00-11:59,1,1
N,CASUALTY CRASH,10TH AVE,N,2022,MONDAY,REAR END,N,Y,49.218965,-122.92762,N,JANUARY,N,BURNABY,BURNABY,BURNABY & NEW WESTMINSTER,N,N,N,LOWER MAINLAND,10TH AVE & 6TH ST & SIXTH ST & TENTH AVE,6TH ST,6TH ST,09:00-11:59,1,1
N,CASUALTY CRASH,116 ST,N,2022,MONDAY,SIDE IMPACT,N,Y,49.16172,-122.902147,N,JANUARY,N,DELTA,DELTA,DELTA,N,N,N,LOWER MAINLAND,116 ST & NORDEL WAY,NORDEL WAY,NORDEL WAY,09:00-11:59,1,1
N,CASUALTY CRASH,128 ST,N,2022,MONDAY,CONFLICTED,N,Y,49.177155,-122.867999,N,JANUARY,N,SURREY,SURREY,SURREY,N,Y,N,LOWER MAINLAND,128 ST & 96 AVE,96 AVE,96 AVE,09:00-11:59,1,1
N,CASUALTY CRASH,132 ST,N,2022,MONDAY,SIDE IMPACT,N,Y,49.198945,-122.856471,N,JANUARY,N,SURREY,SURREY,SURREY,N,N,N,LOWER MAINLAND,108 AVE & 132 ST,108 AVE,108 AVE,09:00-11:59,1,1
N,CASUALTY CRASH,160 ST,N,2022,MONDAY,SIDE IMPACT,N,Y,49.15734,-122.778895,N,JANUARY,N,SURREY,SURREY,SURREY,N,N,N,LOWER MAINLAND,160 ST & FRASER HWY & TURNING LANE,FRASER HWY,FRASER HWY,09:00-11:59,1,2
N,CASUALTY CRASH,175 ST,N,2022,MONDAY,REAR END,N,Y,49.104096,-122.738282,N,JANUARY,N,SURREY,SURREY,SURREY,N,N,N,LOWER MAINLAND,175 ST & 56 AVE & TURNING LANE,HWY 10,HWY 10,09:00-11:59,1,1
N,CASUALTY CRASH,176 ST,N,2022,MONDAY,REAR END,Y,Y,49.176409,-122.734716,N,JANUARY,N,SURREY,SURREY,SURREY,Y,N,N,LOWER MAINLAND,176 ST & 96 AVE & GOLDEN EARS WAY & TURNING LANE,GOLDEN EARS WAY,GOLDEN EARS WAY,09:00-11:59,1,1
N,CASUALTY CRASH,36 AVE,N,2022,MONDAY,SINGLE VEHICLE,N,Y,49.068533,-123.09608,N,JANUARY,N,DELTA,DELTA,DELTA,N,N,N,LOWER MAINLAND,36 AVE & 46A ST,46A ST,46A ST,09:00-11:59,1,1
N,CASUALTY CRASH,ALDERBRIDGE WAY,N,2022,MONDAY,REAR END,N,Y,49.177286,-123.114002,N,JANUARY,N,RICHMOND,RICHMOND,RICHMOND,N,N,N,LOWER MAINLAND,ALDERBRIDGE WAY & NO 4 RD & TURNING LANE,NO 4 RD,NO 4 RD,09:00-11:59,1,2
N,CASUALTY CRASH,ALLENBY RD,N,2022,MONDAY,CONFLICTED,N,Y,48.765207,-123.695947,N,JANUARY,N,DUNCAN,DUNCAN,DUNCAN,N,N,N,VANCOUVER ISLAND,ALLENBY RD & CHASTER RD & TRANS-CANADA HWY & TURNING LANE,HWY 1,HWY 1,09:00-11:59,1,1
N,CASUALTY CRASH,ASH ST,N,2022,MONDAY,REAR END,N,Y,49.26325,-123.11752,N,JANUARY,N,VANCOUVER,VANCOUVER,VANCOUVER,N,N,N,LOWER MAINLAND,ASH ST & W BROADWAY,W BROADWAY,W BROADWAY,09:00-11:59,1,1
N,CASUALTY CRASH,ATHALMER JUNCTION,N,2022,MONDAY,MULTIPLE IMPACTS,N,N,\N,\N,N,JANUARY,N,UNKNOWN,UNKNOWN,\N,N,N,N,UNKNOWN,UNKNOWN,HWY 95,HWY 95,09:00-11:59,1,1
N,CASUALTY CRASH,CAMBRIDGE ST,N,2022,MONDAY,SINGLE VEHICLE,N,Y,49.267389,-122.770219,N,JANUARY,Y,PORT COQUITLAM,PORT COQUITLAM,PORT COQUITLAM,N,N,N,LOWER MAINLAND,CAMBRIDGE ST & COQUITLAM AVE,COQUITLAM AVE,COQUITLAM AVE,09:00-11:59,1,1
N,CASUALTY CRASH,CANADA WAY,N,2022,MONDAY,REAR END,N,Y,49.241592,-122.968214,N,JANUARY,N,BURNABY,BURNABY,BURNABY,N,N,N,LOWER MAINLAND,CANADA WAY & GILPIN ST & KENSINGTON AVE & TURNING LANE,KENSINGTON AVE,KENSINGTON AVE,09:00-11:59,1,1
N,CASUALTY CRASH,CARAMILLO RD,N,2022,MONDAY,HEAD ON,N,Y,49.906197,-119.465608,N,JANUARY,N,KELOWNA,KELOWNA,KELOWNA,N,N,N,SOUTHERN INTERIOR,BOYNTON PL & CARAMILLO RD & CLIFTON RD,CLIFTON RD,CLIFTON RD,09:00-11:59,1,1
N,CASUALTY CRASH,CARMAN HILL WEST RD,N,2022,MONDAY,REAR END,N,Y,53.954988,-123.95979,N,JANUARY,N,VANDERHOOF,VANDERHOOF,VANDERHOOF,N,N,N,NORTH CENTRAL,CARMAN HILL RD & CARMAN HILL WEST RD & HWY 16 E,HWY 16,HWY 16,09:00-11:59,1,1
N,CASUALTY CRASH,CEDAR ST,N,2022,MONDAY,REAR END,N,Y,49.16191,-122.316014,N,JANUARY,N,MISSION,MISSION,MISSION,N,N,N,LOWER MAINLAND,CEDAR ST & TUNBRIDGE AVE,TUNBRIDGE AVE,TUNBRIDGE AVE,09:00-11:59,1,1
N,CASUALTY CRASH,CENTRAL ST E,N,2022,MONDAY,REAR END,N,Y,53.910352,-122.781695,N,JANUARY,N,PRINCE GEORGE,PRINCE GEORGE,PRINCE GEORGE,N,N,N,NORTH CENTRAL,15TH AVE & CENTRAL ST E & CENTRAL ST W & HWY 97 S & TURNING LANE,15TH AVE,15TH AVE,09:00-11:59,1,1
N,CASUALTY CRASH,COPPERHEAD DR,N,2022,MONDAY,UNDETERMINED,Y,Y,50.659509,-120.399591,N,JANUARY,N,KAMLOOPS,KAMLOOPS,KAMLOOPS,N,N,N,SOUTHERN INTERIOR,COPPERHEAD DR & VERSATILE DR & W TRANS-CANADA HWY FRTG & TURNING LANE,VERSATILE DR,VERSATILE DR,09:00-11:59,1,1
N,CASUALTY CRASH,DUNDAS ST,N,2022,MONDAY,SIDE SWIPE - SAME DIRECTION,Y,Y,49.284779,-123.056525,N,JANUARY,N,VANCOUVER,VANCOUVER,VANCOUVER,N,N,N,LOWER MAINLAND,DUNDAS ST & N NANAIMO ST & NANAIMO ST,NANAIMO ST,NANAIMO ST,09:00-11:59,1,1
N,CASUALTY CRASH,E 26TH AVE,N,2022,MONDAY,REAR END,N,Y,49.247981,-123.101117,N,JANUARY,N,VANCOUVER,VANCOUVER,VANCOUVER,N,N,N,LOWER MAINLAND,E 26TH AVE & MAIN ST,MAIN ST,MAIN ST,09:00-11:59,1,2
N,CASUALTY CRASH,FRASER HWY,N,2022,MONDAY,CONFLICTED,N,Y,49.178795,-122.834372,N,JANUARY,N,SURREY,SURREY,SURREY,N,N,N,LOWER MAINLAND,140 ST & FRASER HWY,140 ST,140 ST,09:00-11:59,1,2
N,CASUALTY CRASH,FRASER HWY,N,2022,MONDAY,REAR END,N,Y,49.178795,-122.834372,N,JANUARY,N,SURREY,SURREY,SURREY,N,N,N,LOWER MAINLAND,140 ST & FRASER HWY,140 ST,140 ST,09:00-11:59,1,1
N,CASUALTY CRASH,FRASER ST,N,2022,MONDAY,SIDE SWIPE - SAME DIRECTION,N,Y,49.218274,-123.090942,N,JANUARY,N,VANCOUVER,VANCOUVER,VANCOUVER,N,N,N,LOWER MAINLAND,E 57TH AVE & FRASER ST,E 57TH AVE,E 57TH AVE,09:00-11:59,1,2
N,CASUALTY CRASH,GARDEN CITY RD,N,2022,MONDAY,REAR END,N,Y,49.148201,-123.125163,N,JANUARY,N,RICHMOND,RICHMOND,RICHMOND,N,N,N,LOWER MAINLAND,FRANCIS RD & GARDEN CITY RD,FRANCIS RD,FRANCIS RD,09:00-11:59,1,1
N,CASUALTY CRASH,HILLSIDE WAY OFFRAMP,N,2022,MONDAY,SIDE IMPACT,N,Y,50.653783,-120.36868,N,JANUARY,N,KAMLOOPS,KAMLOOPS,KAMLOOPS,N,N,N,SOUTHERN INTERIOR,HILLSIDE WAY & HILLSIDE WAY OFFRAMP & HILLSIDE WAY ONRAMP & HWY 5A & HWY 5A OFFRAMP & HWY 5A ONRAMP & PACIFIC WAY OFFRAMP & TRANS-CANADA HWY W & TURNING LANE,HWY 1,HWY 1,09:00-11:59,1,2
N,CASUALTY CRASH,HOWE ST,N,2022,MONDAY,SIDE IMPACT,N,Y,49.280985,-123.122436,N,JANUARY,N,VANCOUVER,VANCOUVER,VANCOUVER,N,N,N,LOWER MAINLAND,HOWE ST & SMITHE ST,SMITHE ST,SMITHE ST,09:00-11:59,1,1
N,CASUALTY CRASH,HWY 1,N,2022,MONDAY,CONFLICTED,N,Y,49.037752,-122.3377,N,JANUARY,N,ABBOTSFORD,ABBOTSFORD,ABBOTSFORD,N,N,N,LOWER MAINLAND,CLEARBROOK RD & CLEARBROOK RD OFFRAMP & CLEARBROOK RD ONRAMP & MARSHALL RD & MARSHALL RD OFFRAMP & MARSHALL RD ONRAMP & TRANS-CANADA HWY & TURNING LANE,CLEARBROOK RD,CLEARBROOK RD,09:00-11:59,1,2
N,CASUALTY CRASH,HWY 19,N,2022,MONDAY,REAR END,Y,Y,49.234331,-124.052474,N,JANUARY,N,LANTZVILLE,LANTZVILLE,LANTZVILLE & NANAIMO,N,N,N,VANCOUVER ISLAND,AULDS RD & AULDS RD OFFRAMP & AULDS RD ONRAMP & NANAIMO PKY & PARKWAY TRAIL & RHODO WAY,AULDS RD,AULDS RD,09:00-11:59,1,1
N,CASUALTY CRASH,HWY 33,N,2022,MONDAY,MULTIPLE IMPACTS,N,Y,49.888974,-119.389754,N,JANUARY,N,KELOWNA,KELOWNA,KELOWNA,N,N,N,SOUTHERN INTERIOR,HWY 33 W & ROXBY RD,ROXBY RD,ROXBY RD,09:00-11:59,1,2
N,CASUALTY CRASH,HWY 33,N,2022,MONDAY,REAR END,N,Y,49.889477,-119.420504,N,JANUARY,N,KELOWNA,KELOWNA,KELOWNA,N,N,N,SOUTHERN INTERIOR,HWY 33 W & HWY 97 N & TURNING LANE,HWY 97,HWY 97,09:00-11:59,1,1
N,CASUALTY CRASH,HWY 3A,N,2022,MONDAY,SIDE IMPACT,Y,Y,49.382741,-119.611498,N,JANUARY,N,KALEDEN,KALEDEN,KALEDEN & OKANAGAN FALLS,N,N,N,SOUTHERN INTERIOR,HWY 3A & HWY 3A ONRAMP & HWY 97 & TURNING LANE,HWY 97,HWY 97,09:00-11:59,1,1
N,CASUALTY CRASH,HWY 6,N,2022,MONDAY,SIDE IMPACT,Y,Y,50.233884,-119.015003,N,JANUARY,N,LUMBY,LUMBY,LUMBY,N,N,N,SOUTHERN INTERIOR,DURE MEADOW RD & HWY 6,DURE MEADOW RD,DURE MEADOW RD,09:00-11:59,1,2
N,CASUALTY CRASH,KING EDWARD ST,N,2022,MONDAY,REAR END,N,Y,49.234459,-122.861658,N,JANUARY,N,COQUITLAM,COQUITLAM,COQUITLAM,N,N,N,LOWER MAINLAND,KING EDWARD ST & LOUGHEED HWY & MALL ACCESS & TURNING LANE,LOUGHEED HWY,LOUGHEED HWY,09:00-11:59,1,1
N,CASUALTY CRASH,KOLLING RD,N,2022,MONDAY,REAR END,N,Y,53.577034,-122.672859,N,JANUARY,N,WOODPECKER,WOODPECKER,WOODPECKER,N,N,N,NORTH CENTRAL,HWY 97 & KOLLING RD,HWY 97,HWY 97,09:00-11:59,1,3
N,CASUALTY CRASH,LEATHEAD RD,N,2022,MONDAY,SIDE IMPACT,Y,Y,49.895749,-119.38687,N,JANUARY,N,KELOWNA,KELOWNA,KELOWNA,N,N,N,SOUTHERN INTERIOR,BACH RD & LEATHEAD RD & RUTLAND RD N,RUTLAND RD N,RUTLAND RD N,09:00-11:59,1,2
N,CASUALTY CRASH,LONDON LANE,N,2022,MONDAY,REAR END,N,Y,50.096387,-122.99017,N,JANUARY,N,WHISTLER,WHISTLER,WHISTLER,N,N,N,LOWER MAINLAND,HWY 99 & LONDON LANE & TURNING LANE,HWY 99,HWY 99,09:00-11:59,1,1
N,CASUALTY CRASH,LOUGHEED HWY,N,2022,MONDAY,REAR END,N,Y,49.260269,-122.79782,N,JANUARY,N,COQUITLAM,COQUITLAM,COQUITLAM,N,N,N,LOWER MAINLAND,LOUGHEED HWY & ORCHID DR & TURNING LANE,ORCHID DR,ORCHID DR,09:00-11:59,1,2
N,CASUALTY CRASH,MAIN ST,N,2022,MONDAY,REAR END,N,Y,49.697169,-123.156165,N,JANUARY,N,SQUAMISH,SQUAMISH,SQUAMISH,N,N,N,LOWER MAINLAND,MAIN ST & SECOND AVE,SECOND AVE,SECOND AVE,09:00-11:59,1,1
N,CASUALTY CRASH,MCCULLOCH RD,N,2022,MONDAY,HEAD ON,N,Y,49.859929,-119.4238,N,JANUARY,N,KELOWNA,KELOWNA,KELOWNA,Y,N,N,SOUTHERN INTERIOR,EAST KELOWNA RD & KLO RD & MCCULLOCH RD,KLO RD,KLO RD,09:00-11:59,1,1
N,CASUALTY CRASH,MCGILL RD,N,2022,MONDAY,SIDE IMPACT,N,Y,50.667632,-120.364085,N,JANUARY,N,KAMLOOPS,KAMLOOPS,KAMLOOPS,N,N,N,SOUTHERN INTERIOR,CAMPUS DR & DALHOUSIE DR & MCGILL RD,CAMPUS DR,CAMPUS DR,09:00-11:59,1,1
N,CASUALTY CRASH,MOLNAR RD,N,2022,MONDAY,SINGLE VEHICLE,N,Y,49.889005,-119.379749,N,JANUARY,N,KELOWNA,KELOWNA,KELOWNA,N,N,N,SOUTHERN INTERIOR,HWY 33 E & MOLNAR RD,HWY 33,HWY 33,09:00-11:59,1,1
N,CASUALTY CRASH,NELSON ST,N,2022,MONDAY,REAR END,N,Y,49.274907,-123.115955,N,JANUARY,N,VANCOUVER,VANCOUVER,VANCOUVER,N,N,N,LOWER MAINLAND,EXPO BLVD & NELSON ST,EXPO BLVD,EXPO BLVD,09:00-11:59,1,1
N,CASUALTY CRASH,NO 3 RD,N,2022,MONDAY,REAR END,N,Y,49.190991,-123.130485,N,JANUARY,N,RICHMOND,RICHMOND,RICHMOND,N,N,N,LOWER MAINLAND,NO 3 RD & SEA ISLAND WAY & TURNING LANE,SEA ISLAND WAY,SEA ISLAND WAY,09:00-11:59,1,1
N,CASUALTY CRASH,NO 3 RD,N,2022,MONDAY,UNDETERMINED,N,Y,49.168832,-123.136547,N,JANUARY,N,RICHMOND,RICHMOND,RICHMOND,N,N,N,LOWER MAINLAND,NO 3 RD & SABA RD,SABA RD,SABA RD,09:00-11:59,1,1
N,CASUALTY CRASH,PRAIRIE CENTRAL RD,N,2022,MONDAY,UNDETERMINED,N,Y,49.147367,-121.89665,N,JANUARY,N,CHILLIWACK,CHILLIWACK,CHILLIWACK,N,N,N,LOWER MAINLAND,BANFORD RD & PRAIRIE CENTRAL RD,BANFORD RD,BANFORD RD,09:00-11:59,1,2
N,CASUALTY CRASH,PROSPECT LAKE RD,Y,2022,MONDAY,SINGLE VEHICLE,N,Y,48.473581,-123.437547,N,JANUARY,N,SAANICH,SAANICH,SAANICH,N,N,N,VANCOUVER ISLAND,BURNSIDE RD W & PROSPECT LAKE RD,BURNSIDE RD W,BURNSIDE RD W,09:00-11:59,1,1
N,CASUALTY CRASH,ROSE AVE,N,2022,MONDAY,REAR END,N,Y,49.872708,-119.48821,N,JANUARY,N,KELOWNA,KELOWNA,KELOWNA,N,N,N,SOUTHERN INTERIOR,RICHTER ST & ROSE AVE,RICHTER ST,RICHTER ST,09:00-11:59,2,2
N,CASUALTY CRASH,ROSE AVE,N,2022,MONDAY,REAR END,N,Y,49.872803,-119.49122,N,JANUARY,N,KELOWNA,KELOWNA,KELOWNA,N,N,N,SOUTHERN INTERIOR,PANDOSY ST & ROSE AVE & PARKING ACCESS,PANDOSY ST,PANDOSY ST,09:00-11:59,1,1
N,CASUALTY CRASH,ROSEBANK RD,N,2022,MONDAY,SINGLE VEHICLE,N,Y,48.440284,-123.461778,N,JANUARY,N,COLWOOD,COLWOOD,COLWOOD,N,N,N,VANCOUVER ISLAND,OCEAN BLVD & ROSEBANK RD,OCEAN BLVD,OCEAN BLVD,09:00-11:59,1,1
N,CASUALTY CRASH,RUSS BAKER WAY,N,2022,MONDAY,REAR END,N,Y,49.192621,-123.14231,N,JANUARY,N,RICHMOND,RICHMOND,RICHMOND,N,N,N,LOWER MAINLAND,AIRPORT CONNECTOR BRIDGE & AIRPORT STATION & ARTHUR LAING BRIDGE & BRIDGEPORT RD & CESSNA DR & CESSNA DR OFRP & GRANT MCCONACHIE WAY & GRANT MCCONACHIE WAY OFRP & GRANT MCCONACHIE WAY ONRP & MILLER RD & RUSS BAKER WAY & RUSS BAKER WAY OFRP & RUSS BAKER W,MILLER RD,MILLER RD,09:00-11:59,1,1
N,CASUALTY CRASH,SECOND AVE,N,2022,MONDAY,SIDE IMPACT,N,Y,49.698787,-123.154836,N,JANUARY,N,SQUAMISH,SQUAMISH,SQUAMISH,N,N,N,LOWER MAINLAND,SECOND AVE & VICTORIA ST,VICTORIA ST,VICTORIA ST,09:00-11:59,1,1
N,CASUALTY CRASH,SEMLIN DR,N,2022,MONDAY,CONFLICTED,N,Y,49.268653,-123.063837,N,JANUARY,N,VANCOUVER,VANCOUVER,VANCOUVER,N,N,N,LOWER MAINLAND,E 2ND AVE & SEMLIN DR,E 2ND AVE,E 2ND AVE,09:00-11:59,1,1
N,CASUALTY CRASH,SHAWNIGAN LAKE RD,N,2022,MONDAY,REAR END,N,Y,48.669985,-123.624665,N,JANUARY,N,COBBLE HILL,COBBLE HILL,COBBLE HILL,N,N,N,VANCOUVER ISLAND,SHAWNIGAN LAKE RD & THAIN RD,THAIN RD,THAIN RD,09:00-11:59,1,1
N,CASUALTY CRASH,SWEDEN WAY,N,2022,MONDAY,REAR END,N,Y,49.191983,-123.082559,N,JANUARY,N,RICHMOND,RICHMOND,RICHMOND,N,N,N,LOWER MAINLAND,BRIDGEPORT RD & SWEDEN WAY,BRIDGEPORT RD,BRIDGEPORT RD,09:00-11:59,1,2
N,CASUALTY CRASH,THRIFT AVE,N,2022,MONDAY,REAR END,N,Y,49.027453,-122.784703,N,JANUARY,N,WHITE ROCK,WHITE ROCK,WHITE ROCK,N,N,N,LOWER MAINLAND,KENT ST & THRIFT AVE,KENT ST,KENT ST,09:00-11:59,1,1
N,CASUALTY CRASH,THURLOW ST,N,2022,MONDAY,REAR END,N,Y,49.285723,-123.123132,N,JANUARY,N,VANCOUVER,VANCOUVER,VANCOUVER,Y,N,N,LOWER MAINLAND,THURLOW ST & W GEORGIA ST,W GEORGIA ST,W GEORGIA ST,09:00-11:59,1,1
N,CASUALTY CRASH,UNKNOWN,N,2022,MONDAY,SINGLE VEHICLE,N,N,\N,\N,N,JANUARY,N,COQUIHALLA,COQUIHALLA,\N,N,N,N,SOUTHERN INTERIOR,UNKNOWN,COQUIHALLA HWY,COQUIHALLA HWY,09:00-11:59,1,1
N,CASUALTY CRASH,W 13TH ST,N,2022,MONDAY,SINGLE VEHICLE,N,Y,49.319966,-123.072373,N,JANUARY,N,NORTH VANCOUVER,NORTH VANCOUVER,NORTH VANCOUVER,N,Y,Y,LOWER MAINLAND,E 13TH ST & LONSDALE AVE & W 13TH ST,LONSDALE AVE,LONSDALE AVE,09:00-11:59,1,1
N,CASUALTY CRASH,WEDDELL PL,N,2022,MONDAY,SIDE SWIPE - SAME DIRECTION,N,Y,49.894276,-119.476993,N,JANUARY,N,KELOWNA,KELOWNA,KELOWNA,N,N,N,SOUTHERN INTERIOR,GORDON DR & WEDDELL PL,GORDON DR,GORDON DR,09:00-11:59,1,1
N,CASUALTY CRASH,WENTWORTH ST,N,2022,MONDAY,CONFLICTED,N,Y,49.16611,-123.95081,N,JANUARY,N,NANAIMO,NANAIMO,NANAIMO,N,N,N,VANCOUVER ISLAND,PINE ST & WENTWORTH ST,PINE ST,PINE ST,09:00-11:59,1,2
N,CASUALTY CRASH,WESTMOUNT DR,N,2022,MONDAY,SIDE IMPACT,N,Y,50.715164,-120.362273,N,JANUARY,N,KAMLOOPS,KAMLOOPS,KAMLOOPS,N,N,N,SOUTHERN INTERIOR,ALVIEW CRES & WESTMOUNT DR & WESTSYDE RD,WESTSYDE RD,WESTSYDE RD,09:00-11:59,1,1
N,CASUALTY CRASH,WEWAIKUM RD,N,2022,MONDAY,SIDE IMPACT,N,N,\N,\N,N,JANUARY,N,CAMPBELL RIVER,CAMPBELL RIVER,\N,N,N,N,VANCOUVER ISLAND,UNKNOWN,16TH AVE,16TH AVE,09:00-11:59,1,1
N,CASUALTY CRASH,WOODSWORTH ST,N,2022,MONDAY,SIDE IMPACT,N,Y,49.251772,-122.9953,N,JANUARY,N,BURNABY,BURNABY,BURNABY,N,N,N,LOWER MAINLAND,WAYBURNE DR & WOODSWORTH DR,WAYBURNE DR,WAYBURNE DR,09:00-11:59,1,2
N,CASUALTY CRASH,YOUNG DR,N,2022,MONDAY,CONFLICTED,Y,Y,49.24311,-122.892613,N,JANUARY,N,BURNABY,BURNABY,BURNABY & COQUITLAM,N,N,N,LOWER MAINLAND,NORTH RD & YOUNG DR,NORTH RD,NORTH RD,09:00-11:59,1,2
N,CASUALTY CRASH,YOUNG DR,N,2022,MONDAY,SIDE IMPACT,N,Y,49.24311,-122.892613,N,JANUARY,N,BURNABY,BURNABY,BURNABY & COQUITLAM,N,Y,N,LOWER MAINLAND,NORTH RD & YOUNG DR,NORTH RD,NORTH RD,09:00-11:59,1,1
N,PROPERTY DAMAGE ONLY,\N,N,2022,MONDAY,CONFLICTED,N,N,\N,\N,N,JANUARY,N,DUNCAN,DUNCAN,\N,N,N,N,VANCOUVER ISLAND,UNKNOWN,COWICHAN WAY,COWICHAN WAY,09:00-11:59,1,0
N,PROPERTY DAMAGE ONLY,\N,N,2022,MONDAY,CONFLICTED,N,N,\N,\N,N,JANUARY,N,PRINCE GEORGE,PRINCE GEORGE,\N,N,N,N,NORTH CENTRAL,UNKNOWN,RAINBOW DR,RAINBOW DR,09:00-11:59,1,0
N,PROPERTY DAMAGE ONLY,\N,N,2022,MONDAY,CONFLICTED,N,N,\N,\N,N,JANUARY,N,SOOKE,SOOKE,\N,Y,N,N,VANCOUVER ISLAND,UNKNOWN,CLARKSON ROAD,CLARKSON ROAD,09:00-11:59,1,0
N,PROPERTY DAMAGE ONLY,\N,N,2022,MONDAY,CONFLICTED,N,N,48.431165,-123.358574,Y,JANUARY,N,VICTORIA,VICTORIA,VICTORIA,Y,Y,N,VANCOUVER ISLAND,QUADRA ST # 001900 TO 001949,QUADRA ST,QUADRA ST,09:00-11:59,1,0
N,PROPERTY DAMAGE ONLY,\N,N,2022,MONDAY,CONFLICTED,N,N,48.45025,-123.519544,Y,JANUARY,N,LANGFORD,LANGFORD,LANGFORD,Y,Y,N,VANCOUVER ISLAND,DONNA AVE # 001100 TO 001137,DONNA AVE,DONNA AVE,09:00-11:59,1,0
N,PROPERTY DAMAGE ONLY,\N,N,2022,MONDAY,CONFLICTED,N,N,49.049588,-122.80118,Y,JANUARY,N,SURREY,SURREY,SURREY,Y,Y,N,LOWER MAINLAND,152 ST # 002590 TO 002678 even,152 ST,152 ST,09:00-11:59,1,0
N,PROPERTY DAMAGE ONLY,\N,N,2022,MONDAY,CONFLICTED,N,N,49.184576,-123.094218,Y,JANUARY,N,RICHMOND,RICHMOND,RICHMOND,N,Y,N,LOWER MAINLAND,CAMBIE RD # 011400 TO 011999,CAMBIE RD,CAMBIE RD,09:00-11:59,1,0
N,PROPERTY DAMAGE ONLY,\N,N,2022,MONDAY,CONFLICTED,N,N,49.27767,-123.099391,Y,JANUARY,N,VANCOUVER,VANCOUVER,VANCOUVER,Y,Y,N,LOWER MAINLAND,UNION ST # 000200 TO 000223,UNION ST,UNION ST,09:00-11:59,1,0
N,PROPERTY DAMAGE ONLY,\N,N,2022,MONDAY,CONFLICTED,N,N,49.283726,-122.809269,Y,JANUARY,N,COQUITLAM,COQUITLAM,COQUITLAM,Y,Y,N,LOWER MAINLAND,LANSDOWNE DR # 001182 TO 001199,LANSDOWNE DR,LANSDOWNE DR,09:00-11:59,1,0
N,PROPERTY DAMAGE ONLY,\N,N,2022,MONDAY,CONFLICTED,N,N,49.301045,-122.748948,Y,JANUARY,N,COQUITLAM,COQUITLAM,COQUITLAM,Y,N,N,LOWER MAINLAND,NYSTROM CRT # 001436 TO 001459,NYSTROM CRT,NYSTROM CRT,09:00-11:59,1,0
N,PROPERTY DAMAGE ONLY,\N,N,2022,MONDAY,CONFLICTED,N,N,49.85659,-119.489379,Y,JANUARY,N,KELOWNA,KELOWNA,KELOWNA,Y,Y,N,SOUTHERN INTERIOR,RICHTER ST # 003300 TO 003355,RICHTER ST,RICHTER ST,09:00-11:59,1,0
N,PROPERTY DAMAGE ONLY,\N,N,2022,MONDAY,CONFLICTED,N,N,50.546203,-119.140492,Y,JANUARY,N,ENDERBY,ENDERBY,ENDERBY,Y,Y,N,SOUTHERN INTERIOR,3RD AVE # 000700 TO 000707,3RD AVE,3RD AVE,09:00-11:59,1,0
N,PROPERTY DAMAGE ONLY,\N,N,2022,MONDAY,CONFLICTED,N,N,53.899564,-122.779382,Y,JANUARY,N,PRINCE GEORGE,PRINCE GEORGE,PRINCE GEORGE,N,Y,N,NORTH CENTRAL,MASSEY DR # 002991 TO 003111 odd,MASSEY DR,MASSEY DR,09:00-11:59,1,0
N,PROPERTY DAMAGE ONLY,\N,N,2022,MONDAY,CONFLICTED,Y,N,\N,\N,N,JANUARY,N,BARRIERE,BARRIERE,\N,N,N,N,SOUTHERN INTERIOR,UNKNOWN,HWY 5,HWY 5,09:00-11:59,1,0
N,PROPERTY DAMAGE ONLY,\N,N,2022,MONDAY,CONFLICTED,Y,N,\N,\N,N,JANUARY,N,BURNS LAKE,BURNS LAKE,\N,N,N,N,NORTH CENTRAL,UNKNOWN,HWY 16,HWY 16,09:00-11:59,1,0
N,PROPERTY DAMAGE ONLY,\N,N,2022,MONDAY,CONFLICTED,Y,N,\N,\N,N,JANUARY,N,MERRITT,MERRITT,\N,N,N,N,SOUTHERN INTERIOR,UNKNOWN,COQUIHALLA HWY,COQUIHALLA HWY,09:00-11:59,1,0
N,PROPERTY DAMAGE ONLY,\N,N,2022,MONDAY,CONFLICTED,Y,N,\N,\N,N,JANUARY,N,PRINCETON,PRINCETON,\N,Y,N,N,SOUTHERN INTERIOR,UNKNOWN,HWY 3,HWY 3,09:00-11:59,1,0
N,PROPERTY DAMAGE ONLY,\N,N,2022,MONDAY,CONFLICTED,Y,N,49.707599,-123.122859,Y,JANUARY,N,SQUAMISH,SQUAMISH,SQUAMISH,Y,N,N,LOWER MAINLAND,CRUMPIT WOODS DR # 002187 TO 002259,CRUMPIT WOODS DR,CRUMPIT WOODS DR,09:00-11:59,1,0
N,PROPERTY DAMAGE ONLY,\N,N,2022,MONDAY,HEAD ON,N,N,\N,\N,N,JANUARY,N,DUNCAN,DUNCAN,\N,Y,Y,N,VANCOUVER ISLAND,UNKNOWN,TRUNK ROAD,TRUNK ROAD,09:00-11:59,1,0
N,PROPERTY DAMAGE ONLY,\N,N,2022,MONDAY,HEAD ON,N,N,\N,\N,N,JANUARY,N,SAANICH,SAANICH,\N,Y,N,N,VANCOUVER ISLAND,UNKNOWN,CADBORO BAY RD,CADBORO BAY RD,09:00-11:59,1,0
N,PROPERTY DAMAGE ONLY,\N,N,2022,MONDAY,HEAD ON,N,N,49.096546,-117.69209,Y,JANUARY,N,TRAIL,TRAIL,TRAIL,Y,N,N,SOUTHERN INTERIOR,SECOND AVE # 002100 TO 002199,SECOND AVE,SECOND AVE,09:00-11:59,1,0
N,PROPERTY DAMAGE ONLY,\N,N,2022,MONDAY,HEAD ON,N,N,49.187003,-122.845527,Y,JANUARY,N,SURREY,SURREY,SURREY,N,Y,N,LOWER MAINLAND,KING GEORGE BLVD # 010153 TO 010199 odd,KING GEORGE BLVD,KING GEORGE BLVD,09:00-11:59,1,0
N,PROPERTY DAMAGE ONLY,\N,N,2022,MONDAY,HEAD ON,N,N,49.312478,-123.050989,Y,JANUARY,N,NORTH VANCOUVER,NORTH VANCOUVER,NORTH VANCOUVER,Y,N,N,LOWER MAINLAND,ADDERLEY ST # 000900 TO 000961,ADDERLEY ST,ADDERLEY ST,09:00-11:59,1,0
N,PROPERTY DAMAGE ONLY,\N,N,2022,MONDAY,HEAD ON,N,N,49.320282,-123.075545,Y,JANUARY,N,NORTH VANCOUVER,NORTH VANCOUVER,NORTH VANCOUVER,N,Y,N,LOWER MAINLAND,CHESTERFIELD AVE # 001300 TO 001349,CHESTERFIELD AVE,CHESTERFIELD AVE,09:00-11:59,1,0
N,PROPERTY DAMAGE ONLY,\N,N,2022,MONDAY,HEAD ON,N,N,49.860065,-119.49121,Y,JANUARY,N,KELOWNA,KELOWNA,KELOWNA,Y,Y,N,SOUTHERN INTERIOR,LAKESHORE RD # 003100 TO 003289,LAKESHORE RD,LAKESHORE RD,09:00-11:59,1,0
N,PROPERTY DAMAGE ONLY,\N,N,2022,MONDAY,HEAD ON,Y,N,\N,\N,N,JANUARY,N,CHETWYND,CHETWYND,\N,N,N,N,NORTH CENTRAL,UNKNOWN,HWY 97,HWY 97,09:00-11:59,1,0
N,PROPERTY DAMAGE ONLY,\N,N,2022,MONDAY,MULTIPLE IMPACTS,N,N,53.923829,-122.761701,Y,JANUARY,N,PRINCE GEORGE,PRINCE GEORGE,PRINCE GEORGE,Y,Y,N,NORTH CENTRAL,1ST AVE # 001900 TO 002299,1ST AVE,1ST AVE,09:00-11:59,1,0
N,PROPERTY DAMAGE ONLY,\N,N,2022,MONDAY,REAR END,N,N,\N,\N,N,JANUARY,N,CHETWYND,CHETWYND,\N,N,Y,N,NORTH CENTRAL,UNKNOWN,46 AVE AVE,46 AVE AVE,09:00-11:59,1,0
N,PROPERTY DAMAGE ONLY,\N,N,2022,MONDAY,REAR END,N,N,\N,\N,N,JANUARY,N,CHILLIWACK,CHILLIWACK,\N,Y,N,N,LOWER MAINLAND,UNKNOWN,45900 SOUTH SUMAS RD,45900 SOUTH SUMAS RD,09:00-11:59,1,0
N,PROPERTY DAMAGE ONLY,\N,N,2022,MONDAY,REAR END,N,N,\N,\N,N,JANUARY,N,HOPE,HOPE,\N,Y,N,N,LOWER MAINLAND,UNKNOWN,TRANS-CANADA HWY,TRANS-CANADA HWY,09:00-11:59,1,0
N,PROPERTY DAMAGE ONLY,\N,N,2022,MONDAY,REAR END,N,N,\N,\N,N,JANUARY,N,KELOWNA,KELOWNA,\N,N,Y,N,SOUTHERN INTERIOR,UNKNOWN,FOREST AVE,FOREST AVE,09:00-11:59,1,0
N,PROPERTY DAMAGE ONLY,\N,N,2022,MONDAY,REAR END,N,N,\N,\N,N,JANUARY,N,MCLEESE LAKE,MCLEESE LAKE,\N,N,N,N,NORTH CENTRAL,UNKNOWN,HWY 97,HWY 97,09:00-11:59,1,0
N,PROPERTY DAMAGE ONLY,\N,N,2022,MONDAY,REAR END,N,N,\N,\N,N,JANUARY,N,NANAIMO,NANAIMO,\N,Y,N,N,VANCOUVER ISLAND,UNKNOWN,WELLINGTON RD,WELLINGTON RD,09:00-11:59,1,0
N,PROPERTY DAMAGE ONLY,\N,N,2022,MONDAY,REAR END,N,N,\N,\N,N,JANUARY,N,NELSON,NELSON,\N,N,N,N,SOUTHERN INTERIOR,UNKNOWN,HWY 3A,HWY 3A,09:00-11:59,1,0
N,PROPERTY DAMAGE ONLY,\N,N,2022,MONDAY,REAR END,N,N,\N,\N,N,JANUARY,N,SALMO,SALMO,\N,N,N,N,SOUTHERN INTERIOR,UNKNOWN,HWY 3,HWY 3,09:00-11:59,1,0
N,PROPERTY DAMAGE ONLY,\N,N,2022,MONDAY,REAR END,N,N,48.492861,-123.387408,Y,JANUARY,N,SAANICH,SAANICH,SAANICH,N,Y,N,VANCOUVER ISLAND,WEST SAANICH RD # 004444 TO 004479,WEST SAANICH RD,WEST SAANICH RD,09:00-11:59,1,0
N,PROPERTY DAMAGE ONLY,\N,N,2022,MONDAY,REAR END,N,N,48.65149,-123.557402,Y,JANUARY,N,MILL BAY,MILL BAY,MILL BAY,Y,Y,N,VANCOUVER ISLAND,MILL BAY RD # 002700 TO 002733,MILL BAY RD,MILL BAY RD,09:00-11:59,1,0
N,PROPERTY DAMAGE ONLY,\N,N,2022,MONDAY,REAR END,N,N,48.799576,-123.604395,Y,JANUARY,N,DUNCAN,DUNCAN,DUNCAN,Y,N,N,VANCOUVER ISLAND,SHORE PINE CLOSE # 001000 TO 001069,SHORE PINE CLOSE,SHORE PINE CLOSE,09:00-11:59,1,0
N,PROPERTY DAMAGE ONLY,\N,N,2022,MONDAY,REAR END,N,N,49.073169,-122.788606,Y,JANUARY,N,SURREY,SURREY,SURREY,Y,N,N,LOWER MAINLAND,156A ST # 003900 TO 003949,156A ST,156A ST,09:00-11:59,1,0
N,PROPERTY DAMAGE ONLY,\N,N,2022,MONDAY,REAR END,N,N,49.13195,-122.845481,Y,JANUARY,N,SURREY,SURREY,SURREY,N,Y,N,LOWER MAINLAND,KING GEORGE BLVD # 007066 TO 007198 even,KING GEORGE BLVD,KING GEORGE BLVD,09:00-11:59,1,0
N,PROPERTY DAMAGE ONLY,\N,N,2022,MONDAY,REAR END,N,N,49.225006,-123.091987,Y,JANUARY,N,VANCOUVER,VANCOUVER,VANCOUVER,Y,N,N,LOWER MAINLAND,FREDERICK ST # 006500 TO 006599,FREDERICK ST,FREDERICK ST,09:00-11:59,1,0
N,PROPERTY DAMAGE ONLY,\N,N,2022,MONDAY,REAR END,N,N,49.264354,-123.092009,Y,JANUARY,N,VANCOUVER,VANCOUVER,VANCOUVER,Y,N,N,LOWER MAINLAND,E 7TH AVE # 000500 TO 000599,E 7TH AVE,E 7TH AVE,09:00-11:59,1,0
N,PROPERTY DAMAGE ONLY,\N,N,2022,MONDAY,REAR END,N,N,49.265091,-123.176846,Y,JANUARY,N,VANCOUVER,VANCOUVER,VANCOUVER,Y,N,N,LOWER MAINLAND,W 8TH AVE # 003200 TO 003299,W 8TH AVE,W 8TH AVE,09:00-11:59,1,0
N,PROPERTY DAMAGE ONLY,\N,N,2022,MONDAY,REAR END,N,N,49.266225,-123.011563,Y,JANUARY,N,BURNABY,BURNABY,BURNABY,N,Y,N,LOWER MAINLAND,LOUGHEED HWY # 004100 TO 004298 even,LOUGHEED HWY,LOUGHEED HWY,09:00-11:59,1,0
N,PROPERTY DAMAGE ONLY,\N,N,2022,MONDAY,REAR END,N,N,49.267802,-123.070917,Y,JANUARY,N,VANCOUVER,VANCOUVER,VANCOUVER,Y,N,N,LOWER MAINLAND,E 3RD AVE # 001600 TO 001673,E 3RD AVE,E 3RD AVE,09:00-11:59,1,0
N,PROPERTY DAMAGE ONLY,\N,N,2022,MONDAY,REAR END,N,N,49.281128,-123.088346,Y,JANUARY,N,VANCOUVER,VANCOUVER,VANCOUVER,Y,N,N,LOWER MAINLAND,E HASTINGS ST # 000700 TO 000799,E HASTINGS ST,E HASTINGS ST,09:00-11:59,1,0
N,PROPERTY DAMAGE ONLY,\N,N,2022,MONDAY,REAR END,N,N,49.297846,-122.841578,Y,JANUARY,N,PORT MOODY,PORT MOODY,PORT MOODY,Y,Y,N,LOWER MAINLAND,DAVID AVE # 001300 TO 001385,DAVID AVE,DAVID AVE,09:00-11:59,1,0
N,PROPERTY DAMAGE ONLY,\N,N,2022,MONDAY,REAR END,N,N,49.319102,-123.096897,Y,JANUARY,N,NORTH VANCOUVER,NORTH VANCOUVER,NORTH VANCOUVER,Y,N,N,LOWER MAINLAND,DONAGHY AVE # 000100 TO 000299,DONAGHY AVE,DONAGHY AVE,09:00-11:59,1,0
N,PROPERTY DAMAGE ONLY,\N,N,2022,MONDAY,REAR END,N,N,49.331856,-122.945206,Y,JANUARY,N,NORTH VANCOUVER,NORTH VANCOUVER,NORTH VANCOUVER,Y,N,N,LOWER MAINLAND,PANORAMA DR # 002396 TO 002901,PANORAMA DR,PANORAMA DR,09:00-11:59,1,0
N,PROPERTY DAMAGE ONLY,\N,N,2022,MONDAY,REAR END,Y,N,\N,\N,N,JANUARY,N,FORT ST. JOHN,FORT ST. JOHN,\N,N,N,N,NORTH CENTRAL,UNKNOWN,ALASKA HWY,ALASKA HWY,09:00-11:59,1,0
N,PROPERTY DAMAGE ONLY,\N,N,2022,MONDAY,REAR END,Y,N,\N,\N,N,JANUARY,N,UNKNOWN,UNKNOWN,\N,Y,N,N,UNKNOWN,UNKNOWN,SIMPSON RD,SIMPSON RD,09:00-11:59,1,0
N,PROPERTY DAMAGE ONLY,\N,N,2022,MONDAY,REAR TO REAR,N,N,\N,\N,N,JANUARY,N,CAMPBELL RIVER,CAMPBELL RIVER,\N,N,N,N,VANCOUVER ISLAND,UNKNOWN,MCGIMPSEY ROAD,MCGIMPSEY ROAD,09:00-11:59,1,0
N,PROPERTY DAMAGE ONLY,\N,N,2022,MONDAY,REAR TO REAR,N,N,49.150566,-121.976759,Y,JANUARY,N,CHILLIWACK,CHILLIWACK,CHILLIWACK,Y,Y,N,LOWER MAINLAND,EAGLE LANDING PKY # 008160 TO 008207,EAGLE LANDING PKY,EAGLE LANDING PKY,09:00-11:59,1,0
N,PROPERTY DAMAGE ONLY,\N,N,2022,MONDAY,REAR TO REAR,N,N,49.214481,-122.939372,Y,JANUARY,N,BURNABY,BURNABY,BURNABY,Y,Y,N,LOWER MAINLAND,KINGSWAY # 007800 TO 007849,KINGSWAY,KINGSWAY,09:00-11:59,1,0
N,PROPERTY DAMAGE ONLY,\N,N,2022,MONDAY,REAR TO REAR,N,N,49.220495,-122.606493,Y,JANUARY,N,MAPLE RIDGE,MAPLE RIDGE,MAPLE RIDGE,Y,Y,N,LOWER MAINLAND,DEWDNEY TRUNK RD # 022200 TO 022249,DEWDNEY TRUNK RD,DEWDNEY TRUNK RD,09:00-11:59,1,0
N,PROPERTY DAMAGE ONLY,\N,N,2022,MONDAY,REAR TO REAR,N,N,49.266344,-123.001749,Y,JANUARY,N,BURNABY,BURNABY,BURNABY,Y,Y,N,LOWER MAINLAND,LOUGHEED HWY # 004500 TO 004598 even,LOUGHEED HWY,LOUGHEED HWY,09:00-11:59,1,0
N,PROPERTY DAMAGE ONLY,\N,N,2022,MONDAY,REAR TO REAR,N,N,49.881803,-119.439105,Y,JANUARY,N,KELOWNA,KELOWNA,KELOWNA,N,Y,N,SOUTHERN INTERIOR,HARVEY AVE # 002121 TO 002279 odd,HARVEY AVE,HARVEY AVE,09:00-11:59,1,0
N,PROPERTY DAMAGE ONLY,\N,N,2022,MONDAY,REAR TO REAR,N,N,49.89036,-119.491806,Y,JANUARY,N,KELOWNA,KELOWNA,KELOWNA,N,Y,N,SOUTHERN INTERIOR,ST PAUL ST # 001300 TO 001399,ST PAUL ST,ST PAUL ST,09:00-11:59,1,0
N,PROPERTY DAMAGE ONLY,\N,N,2022,MONDAY,REAR TO REAR,N,N,50.03125,-119.402128,Y,JANUARY,N,LAKE COUNTRY,LAKE COUNTRY,LAKE COUNTRY,Y,Y,N,SOUTHERN INTERIOR,BOTTOM WOOD LAKE RD # 010230 TO 010249,BOTTOM WOOD LAKE RD,BOTTOM WOOD LAKE RD,09:00-11:59,1,0
N,PROPERTY DAMAGE ONLY,\N,N,2022,MONDAY,REAR TO REAR,N,N,55.759092,-120.235007,Y,JANUARY,N,DAWSON CREEK,DAWSON CREEK,DAWSON CREEK,N,Y,N,NORTH CENTRAL,103 AVE # 001200 TO 001279,103 AVE,103 AVE,09:00-11:59,1,0
N,PROPERTY DAMAGE ONLY,\N,N,2022,MONDAY,SIDE IMPACT,N,N,\N,\N,N,JANUARY,N,CHETWYND,CHETWYND,\N,Y,Y,N,NORTH CENTRAL,UNKNOWN,47 AVE NE,47 AVE NE,09:00-11:59,1,0
N,PROPERTY DAMAGE ONLY,\N,N,2022,MONDAY,SIDE IMPACT,N,N,\N,\N,N,JANUARY,N,CHILLIWACK,CHILLIWACK,\N,Y,Y,N,LOWER MAINLAND,UNKNOWN,VEDDER RD,VEDDER RD,09:00-11:59,1,0
N,PROPERTY DAMAGE ONLY,\N,N,2022,MONDAY,SIDE IMPACT,N,N,\N,\N,N,JANUARY,N,COQUITLAM,COQUITLAM,\N,Y,N,N,LOWER MAINLAND,UNKNOWN,WESTWOOD ST,WESTWOOD ST,09:00-11:59,1,0
N,PROPERTY DAMAGE ONLY,\N,N,2022,MONDAY,SIDE IMPACT,N,N,\N,\N,N,JANUARY,N,CRANBROOK,CRANBROOK,\N,N,N,N,SOUTHERN INTERIOR,UNKNOWN,3 HWY,3 HWY,09:00-11:59,1,0
N,PROPERTY DAMAGE ONLY,\N,N,2022,MONDAY,SIDE IMPACT,N,N,\N,\N,N,JANUARY,N,MACKENZIE,MACKENZIE,\N,Y,Y,N,NORTH CENTRAL,UNKNOWN,COLUMBIA DR,COLUMBIA DR,09:00-11:59,1,0
N,PROPERTY DAMAGE ONLY,\N,N,2022,MONDAY,SIDE IMPACT,N,N,\N,\N,N,JANUARY,N,PRINCE GEORGE,PRINCE GEORGE,\N,N,N,N,NORTH CENTRAL,UNKNOWN,CARMEL DR,CARMEL DR,09:00-11:59,1,0
N,PROPERTY DAMAGE ONLY,\N,N,2022,MONDAY,SIDE IMPACT,N,N,\N,\N,N,JANUARY,N,QUESNEL,QUESNEL,\N,N,N,N,NORTH CENTRAL,UNKNOWN,UNKNOWN,UNKNOWN,09:00-11:59,1,0
N,PROPERTY DAMAGE ONLY,\N,N,2022,MONDAY,SIDE IMPACT,N,N,\N,\N,N,JANUARY,N,ROGERS PASS,ROGERS PASS,\N,N,N,N,SOUTHERN INTERIOR,UNKNOWN,HWY 1,HWY 1,09:00-11:59,1,0
N,PROPERTY DAMAGE ONLY,\N,N,2022,MONDAY,SIDE IMPACT,N,N,\N,\N,N,JANUARY,N,SECHELT,SECHELT,\N,N,N,N,LOWER MAINLAND,UNKNOWN,NORTH WEST BAY ROAD,NORTH WEST BAY ROAD,09:00-11:59,1,0
N,PROPERTY DAMAGE ONLY,\N,N,2022,MONDAY,SIDE IMPACT,N,N,\N,\N,N,JANUARY,N,VANCOUVER,VANCOUVER,\N,Y,N,N,LOWER MAINLAND,UNKNOWN,THANKS  E 64TH AVE,THANKS  E 64TH AVE,09:00-11:59,1,0
N,PROPERTY DAMAGE ONLY,\N,N,2022,MONDAY,SIDE IMPACT,N,N,\N,\N,N,JANUARY,N,VANCOUVER,VANCOUVER,\N,Y,N,N,LOWER MAINLAND,UNKNOWN,UNKNOWN,UNKNOWN,09:00-11:59,1,0
N,PROPERTY DAMAGE ONLY,\N,N,2022,MONDAY,SIDE IMPACT,N,N,\N,\N,N,JANUARY,N,VICTORIA,VICTORIA,\N,Y,N,N,VANCOUVER ISLAND,UNKNOWN,DALHOUSIE ST,DALHOUSIE ST,09:00-11:59,1,0
N,PROPERTY DAMAGE ONLY,\N,N,2022,MONDAY,SIDE IMPACT,N,N,48.43811,-123.371904,Y,JANUARY,N,VICTORIA,VICTORIA,VICTORIA,Y,N,N,VANCOUVER ISLAND,DAVID ST # 000500 TO 000599,DAVID ST,DAVID ST,09:00-11:59,1,0
N,PROPERTY DAMAGE ONLY,\N,N,2022,MONDAY,SIDE IMPACT,N,N,48.438907,-123.394513,Y,JANUARY,N,ESQUIMALT,ESQUIMALT,ESQUIMALT,N,Y,N,VANCOUVER ISLAND,COLVILLE RD # 000800 TO 000839,COLVILLE RD,COLVILLE RD,09:00-11:59,1,0
N,PROPERTY DAMAGE ONLY,\N,N,2022,MONDAY,SIDE IMPACT,N,N,48.4463,-123.321785,Y,JANUARY,N,OAK BAY,OAK BAY,OAK BAY & SAANICH,Y,Y,N,VANCOUVER ISLAND,FOUL BAY RD # 003100 TO 003129,FOUL BAY RD,FOUL BAY RD,09:00-11:59,1,0
N,PROPERTY DAMAGE ONLY,\N,N,2022,MONDAY,SIDE IMPACT,N,N,48.460639,-123.511946,Y,JANUARY,N,LANGFORD,LANGFORD,LANGFORD,Y,N,N,VANCOUVER ISLAND,FLORENCE LAKE RD # 002530 TO 002559,FLORENCE LAKE RD,FLORENCE LAKE RD,09:00-11:59,1,0
N,PROPERTY DAMAGE ONLY,\N,N,2022,MONDAY,SIDE IMPACT,N,N,48.503257,-123.41271,Y,JANUARY,N,SAANICH,SAANICH,SAANICH,Y,N,N,VANCOUVER ISLAND,BEAVER RD # 004700 TO 004799,BEAVER RD,BEAVER RD,09:00-11:59,1,0
N,PROPERTY DAMAGE ONLY,\N,N,2022,MONDAY,SIDE IMPACT,N,N,48.565128,-123.411444,Y,JANUARY,N,CENTRAL SAANICH,CENTRAL SAANICH,CENTRAL SAANICH,Y,Y,N,VANCOUVER ISLAND,KEATING CROSS RD # 002126 TO 002179,KEATING CROSS RD,KEATING CROSS RD,09:00-11:59,1,0
N,PROPERTY DAMAGE ONLY,\N,N,2022,MONDAY,SIDE IMPACT,N,N,48.776757,-123.703971,Y,JANUARY,N,DUNCAN,DUNCAN,DUNCAN,N,Y,N,VANCOUVER ISLAND,TRUNK RD # 000050 TO 000298 even,TRUNK RD,TRUNK RD,09:00-11:59,1,0
N,PROPERTY DAMAGE ONLY,\N,N,2022,MONDAY,SIDE IMPACT,N,N,49.035684,-122.267505,Y,JANUARY,N,ABBOTSFORD,ABBOTSFORD,ABBOTSFORD,Y,Y,N,LOWER MAINLAND,SUMAS WAY # 001801 TO 001899 odd,SUMAS WAY,SUMAS WAY,09:00-11:59,1,0
N,PROPERTY DAMAGE ONLY,\N,N,2022,MONDAY,SIDE IMPACT,N,N,49.044258,-122.79204,Y,JANUARY,N,SURREY,SURREY,SURREY,Y,Y,N,LOWER MAINLAND,KING GEORGE BLVD # 002251 TO 002349 odd,KING GEORGE BLVD,KING GEORGE BLVD,09:00-11:59,1,0
N,PROPERTY DAMAGE ONLY,\N,N,2022,MONDAY,SIDE IMPACT,N,N,49.044424,-123.843406,Y,JANUARY,N,LADYSMITH,LADYSMITH,LADYSMITH,Y,N,N,VANCOUVER ISLAND,CEDAR RD # 013466 TO 013499,CEDAR RD,CEDAR RD,09:00-11:59,1,0
N,PROPERTY DAMAGE ONLY,\N,N,2022,MONDAY,SIDE IMPACT,N,N,49.045547,-122.279704,Y,JANUARY,N,ABBOTSFORD,ABBOTSFORD,ABBOTSFORD,Y,N,N,LOWER MAINLAND,FRASER ST # 034060 TO 034159,FRASER ST,FRASER ST,09:00-11:59,1,0
N,PROPERTY DAMAGE ONLY,\N,N,2022,MONDAY,SIDE IMPACT,N,N,49.063655,-122.354409,Y,JANUARY,N,ABBOTSFORD,ABBOTSFORD,ABBOTSFORD,Y,N,N,LOWER MAINLAND,PONDEROSA ST # 003350 TO 003399,PONDEROSA ST,PONDEROSA ST,09:00-11:59,1,0
N,PROPERTY DAMAGE ONLY,\N,N,2022,MONDAY,SIDE IMPACT,N,N,49.078444,-117.807007,Y,JANUARY,N,ROSSLAND,ROSSLAND,ROSSLAND,Y,Y,N,SOUTHERN INTERIOR,NICKLEPLATE RD # 001500 TO 001623,NICKLEPLATE RD,NICKLEPLATE RD,09:00-11:59,1,0
N,PROPERTY DAMAGE ONLY,\N,N,2022,MONDAY,SIDE IMPACT,N,N,49.090161,-123.090127,Y,JANUARY,N,DELTA,DELTA,DELTA,Y,Y,N,LOWER MAINLAND,48 AVE # 004760 TO 004869,48 AVE,48 AVE,09:00-11:59,1,0
N,PROPERTY DAMAGE ONLY,\N,N,2022,MONDAY,SIDE IMPACT,N,N,49.111297,-121.956928,Y,JANUARY,N,CHILLIWACK,CHILLIWACK,CHILLIWACK,Y,Y,N,LOWER MAINLAND,PROMONTORY RD # 045790 TO 045819,PROMONTORY RD,PROMONTORY RD,09:00-11:59,1,0
N,PROPERTY DAMAGE ONLY,\N,N,2022,MONDAY,SIDE IMPACT,N,N,49.118926,-122.655649,Y,JANUARY,N,LANGLEY,LANGLEY,LANGLEY,Y,Y,N,LOWER MAINLAND,64 AVE # 020351 TO 020499 odd,64 AVE,64 AVE,09:00-11:59,1,0
N,PROPERTY DAMAGE ONLY,\N,N,2022,MONDAY,SIDE IMPACT,N,N,49.132918,-122.333757,Y,JANUARY,N,MISSION,MISSION,MISSION,N,Y,N,LOWER MAINLAND,LOUGHEED HWY # 032134 TO 032148 even,LOUGHEED HWY,LOUGHEED HWY,09:00-11:59,1,0
N,PROPERTY DAMAGE ONLY,\N,N,2022,MONDAY,SIDE IMPACT,N,N,49.135551,-123.163719,Y,JANUARY,N,RICHMOND,RICHMOND,RICHMOND,Y,N,N,LOWER MAINLAND,LASSAM RD # 010552 TO 010649,LASSAM RD,LASSAM RD,09:00-11:59,1,0
N,PROPERTY DAMAGE ONLY,\N,N,2022,MONDAY,SIDE IMPACT,N,N,49.135973,-122.678653,Y,JANUARY,N,LANGLEY,LANGLEY,LANGLEY,Y,N,N,LOWER MAINLAND,196A ST # 007330 TO 007359,196A ST,196A ST,09:00-11:59,1,0
N,PROPERTY DAMAGE ONLY,\N,N,2022,MONDAY,SIDE IMPACT,N,N,49.138547,-122.913726,Y,JANUARY,N,DELTA,DELTA,DELTA,Y,N,N,LOWER MAINLAND,MINSTER DR E # 007400 TO 007459,MINSTER DR E,MINSTER DR E,09:00-11:59,1,0
N,PROPERTY DAMAGE ONLY,\N,N,2022,MONDAY,SIDE IMPACT,N,N,49.138918,-121.95915,Y,JANUARY,N,CHILLIWACK,CHILLIWACK,CHILLIWACK,Y,Y,N,LOWER MAINLAND,VEDDER RD # 007491 TO 007599 odd,VEDDER RD,VEDDER RD,09:00-11:59,1,0
N,PROPERTY DAMAGE ONLY,\N,N,2022,MONDAY,SIDE IMPACT,N,N,49.141347,-122.638503,Y,JANUARY,N,LANGLEY,LANGLEY,LANGLEY,Y,N,N,LOWER MAINLAND,76A AVE # 021039 TO 021098,76A AVE,76A AVE,09:00-11:59,1,0
N,PROPERTY DAMAGE ONLY,\N,N,2022,MONDAY,SIDE IMPACT,N,N,49.143337,-121.957745,Y,JANUARY,N,CHILLIWACK,CHILLIWACK,CHILLIWACK,Y,Y,N,LOWER MAINLAND,LUCKAKUCK WAY # 045700 TO 045939,LUCKAKUCK WAY,LUCKAKUCK WAY,09:00-11:59,1,0
N,PROPERTY DAMAGE ONLY,\N,N,2022,MONDAY,SIDE IMPACT,N,N,49.144147,-122.820613,Y,JANUARY,N,SURREY,SURREY,SURREY,Y,N,N,LOWER MAINLAND,78 AVE # 014460 TO 014541,78 AVE,78 AVE,09:00-11:59,1,0
N,PROPERTY DAMAGE ONLY,\N,N,2022,MONDAY,SIDE IMPACT,N,N,49.146828,-122.661396,Y,JANUARY,N,LANGLEY,LANGLEY,LANGLEY,Y,N,N,LOWER MAINLAND,202A ST # 007860 TO 007999,202A ST,202A ST,09:00-11:59,1,0
N,PROPERTY DAMAGE ONLY,\N,N,2022,MONDAY,SIDE IMPACT,N,N,49.151983,-122.654909,Y,JANUARY,N,LANGLEY,LANGLEY,LANGLEY,Y,N,N,LOWER MAINLAND,204B ST # 008201 TO 008217 odd,204B ST,204B ST,09:00-11:59,1,0
N,PROPERTY DAMAGE ONLY,\N,N,2022,MONDAY,SIDE IMPACT,N,N,49.162023,-122.6665,Y,JANUARY,N,LANGLEY,LANGLEY,LANGLEY,Y,Y,N,LOWER MAINLAND,201 ST # 008800 TO 008869,201 ST,201 ST,09:00-11:59,1,0
N,PROPERTY DAMAGE ONLY,\N,N,2022,MONDAY,SIDE IMPACT,N,N,49.164942,-122.962018,Y,JANUARY,N,DELTA,DELTA,DELTA,Y,Y,N,LOWER MAINLAND,LINDSEY PL # 001420 TO 001499,LINDSEY PL,LINDSEY PL,09:00-11:59,1,0
N,PROPERTY DAMAGE ONLY,\N,N,2022,MONDAY,SIDE IMPACT,N,N,49.165613,-123.136632,Y,JANUARY,N,RICHMOND,RICHMOND,RICHMOND,Y,Y,N,LOWER MAINLAND,NO 3 RD # 006401 TO 006799 odd,NO 3 RD,NO 3 RD,09:00-11:59,1,0
N,PROPERTY DAMAGE ONLY,\N,N,2022,MONDAY,SIDE IMPACT,N,N,49.166822,-122.888481,Y,JANUARY,N,SURREY,SURREY,SURREY,Y,N,N,LOWER MAINLAND,90 AVE # 012030 TO 012099,90 AVE,90 AVE,09:00-11:59,1,0
N,PROPERTY DAMAGE ONLY,\N,N,2022,MONDAY,SIDE IMPACT,N,N,49.167208,-121.966094,Y,JANUARY,N,CHILLIWACK,CHILLIWACK,CHILLIWACK,Y,N,N,LOWER MAINLAND,NEWMAN RD # 009000 TO 009099,NEWMAN RD,NEWMAN RD,09:00-11:59,1,0
N,PROPERTY DAMAGE ONLY,\N,N,2022,MONDAY,SIDE IMPACT,N,N,49.179715,-122.834124,Y,JANUARY,N,SURREY,SURREY,SURREY,Y,Y,N,LOWER MAINLAND,140 ST # 009700 TO 009806 even,140 ST,140 ST,09:00-11:59,1,0
N,PROPERTY DAMAGE ONLY,\N,N,2022,MONDAY,SIDE IMPACT,N,N,49.19839,-123.971327,Y,JANUARY,N,NANAIMO,NANAIMO,NANAIMO,Y,Y,N,VANCOUVER ISLAND,DEPARTURE BAY RD # 002492 TO 002560,DEPARTURE BAY RD,DEPARTURE BAY RD,09:00-11:59,1,0
N,PROPERTY DAMAGE ONLY,\N,N,2022,MONDAY,SIDE IMPACT,N,N,49.198866,-122.841144,Y,JANUARY,N,SURREY,SURREY,SURREY,Y,N,N,LOWER MAINLAND,108 AVE # 013700 TO 013799,108 AVE,108 AVE,09:00-11:59,1,0
N,PROPERTY DAMAGE ONLY,\N,N,2022,MONDAY,SIDE IMPACT,N,N,49.201361,-122.848888,Y,JANUARY,N,SURREY,SURREY,SURREY,Y,N,N,LOWER MAINLAND,KING GEORGE BLVD # 013411 TO 013519 odd,KING GEORGE BLVD,KING GEORGE BLVD,09:00-11:59,1,0
N,PROPERTY DAMAGE ONLY,\N,N,2022,MONDAY,SIDE IMPACT,N,N,49.205468,-123.01288,Y,JANUARY,N,BURNABY,BURNABY,BURNABY,Y,Y,N,LOWER MAINLAND,MARINE WAY # 004001 TO 004099 odd,MARINE WAY,MARINE WAY,09:00-11:59,1,0
N,PROPERTY DAMAGE ONLY,\N,N,2022,MONDAY,SIDE IMPACT,N,N,49.207168,-123.984924,Y,JANUARY,N,NANAIMO,NANAIMO,NANAIMO,Y,Y,N,VANCOUVER ISLAND,CARMEL PL # 001906 TO 001999,CARMEL PL,CARMEL PL,09:00-11:59,1,0
N,PROPERTY DAMAGE ONLY,\N,N,2022,MONDAY,SIDE IMPACT,N,N,49.21075,-123.959042,Y,JANUARY,N,NANAIMO,NANAIMO,NANAIMO,Y,N,N,VANCOUVER ISLAND,HAMMOND BAY RD # 003110 TO 003179,HAMMOND BAY RD,HAMMOND BAY RD,09:00-11:59,1,0
N,PROPERTY DAMAGE ONLY,\N,N,2022,MONDAY,SIDE IMPACT,N,N,49.214786,-122.665134,Y,JANUARY,N,MAPLE RIDGE,MAPLE RIDGE,MAPLE RIDGE,Y,Y,N,LOWER MAINLAND,STEWART CRES # 020030 TO 020109,STEWART CRES,STEWART CRES,09:00-11:59,1,0
N,PROPERTY DAMAGE ONLY,\N,N,2022,MONDAY,SIDE IMPACT,N,N,49.217315,-123.08428,Y,JANUARY,N,VANCOUVER,VANCOUVER,VANCOUVER,Y,N,N,LOWER MAINLAND,E 58TH AVE # 001000 TO 001099,E 58TH AVE,E 58TH AVE,09:00-11:59,1,0
N,PROPERTY DAMAGE ONLY,\N,N,2022,MONDAY,SIDE IMPACT,N,N,49.218519,-123.140521,Y,JANUARY,N,VANCOUVER,VANCOUVER,VANCOUVER,Y,N,N,LOWER MAINLAND,W 58TH AVE # 001500 TO 001516,W 58TH AVE,W 58TH AVE,09:00-11:59,1,0
N,PROPERTY DAMAGE ONLY,\N,N,2022,MONDAY,SIDE IMPACT,N,N,49.224402,-122.924078,Y,JANUARY,N,BURNABY,BURNABY,BURNABY,Y,N,N,LOWER MAINLAND,2ND ST # 007700 TO 007765,2ND ST,2ND ST,09:00-11:59,1,0
N,PROPERTY DAMAGE ONLY,\N,N,2022,MONDAY,SIDE IMPACT,N,N,49.23303,-124.044604,Y,JANUARY,N,NANAIMO,NANAIMO,NANAIMO,Y,Y,N,VANCOUVER ISLAND,METRAL DR # 006462 TO 006470,METRAL DR,METRAL DR,09:00-11:59,1,0
N,PROPERTY DAMAGE ONLY,\N,N,2022,MONDAY,SIDE IMPACT,N,N,49.245368,-122.978898,Y,JANUARY,N,BURNABY,BURNABY,BURNABY,Y,N,N,LOWER MAINLAND,FITZGERALD AVE # 004260 TO 004539,FITZGERALD AVE,FITZGERALD AVE,09:00-11:59,1,0
N,PROPERTY DAMAGE ONLY,\N,N,2022,MONDAY,SIDE IMPACT,N,N,49.250246,-124.07438,Y,JANUARY,N,LANTZVILLE,LANTZVILLE,LANTZVILLE,N,Y,N,VANCOUVER ISLAND,LANTZVILLE RD # 007180 TO 007199,LANTZVILLE RD,LANTZVILLE RD,09:00-11:59,1,0
N,PROPERTY DAMAGE ONLY,\N,N,2022,MONDAY,SIDE IMPACT,N,N,49.257048,-123.129063,Y,JANUARY,N,VANCOUVER,VANCOUVER,VANCOUVER,Y,N,N,LOWER MAINLAND,W 16TH AVE # 001030 TO 001149,W 16TH AVE,W 16TH AVE,09:00-11:59,1,0
N,PROPERTY DAMAGE ONLY,\N,N,2022,MONDAY,SIDE IMPACT,N,N,49.258127,-123.034179,Y,JANUARY,N,VANCOUVER,VANCOUVER,VANCOUVER,N,Y,N,LOWER MAINLAND,GRANDVIEW HWY # 003280 TO 003299,GRANDVIEW HWY,GRANDVIEW HWY,09:00-11:59,1,0
N,PROPERTY DAMAGE ONLY,\N,N,2022,MONDAY,SIDE IMPACT,N,N,49.258942,-123.032,Y,JANUARY,N,VANCOUVER,VANCOUVER,VANCOUVER,N,Y,N,LOWER MAINLAND,BENTALL ST # 002732 TO 002899,BENTALL ST,BENTALL ST,09:00-11:59,1,0
N,PROPERTY DAMAGE ONLY,\N,N,2022,MONDAY,SIDE IMPACT,N,N,49.260553,-123.123488,Y,JANUARY,N,VANCOUVER,VANCOUVER,VANCOUVER,N,Y,N,LOWER MAINLAND,W 12TH AVE # 000830 TO 000899,W 12TH AVE,W 12TH AVE,09:00-11:59,1,0
N,PROPERTY DAMAGE ONLY,\N,N,2022,MONDAY,SIDE IMPACT,N,N,49.262267,-123.062927,Y,JANUARY,N,VANCOUVER,VANCOUVER,VANCOUVER,Y,N,N,LOWER MAINLAND,E BROADWAY # 002008 TO 002099,E BROADWAY,E BROADWAY,09:00-11:59,1,0
N,PROPERTY DAMAGE ONLY,\N,N,2022,MONDAY,SIDE IMPACT,N,N,49.266565,-123.163454,Y,JANUARY,N,VANCOUVER,VANCOUVER,VANCOUVER,Y,N,N,LOWER MAINLAND,W 6TH AVE # 002500 TO 002599,W 6TH AVE,W 6TH AVE,09:00-11:59,1,0
N,PROPERTY DAMAGE ONLY,\N,N,2022,MONDAY,SIDE IMPACT,N,N,49.267523,-123.172493,Y,JANUARY,N,VANCOUVER,VANCOUVER,VANCOUVER,Y,Y,N,LOWER MAINLAND,W 5TH AVE # 002941 TO 003099,W 5TH AVE,W 5TH AVE,09:00-11:59,1,0
N,PROPERTY DAMAGE ONLY,\N,N,2022,MONDAY,SIDE IMPACT,N,N,49.277063,-122.800243,Y,JANUARY,N,COQUITLAM,COQUITLAM,COQUITLAM,Y,Y,N,LOWER MAINLAND,BARNET HWY # 002901 TO 002929 odd,BARNET HWY,BARNET HWY,09:00-11:59,1,0
N,PROPERTY DAMAGE ONLY,\N,N,2022,MONDAY,SIDE IMPACT,N,N,49.281155,-123.045346,Y,JANUARY,N,VANCOUVER,VANCOUVER,VANCOUVER,Y,Y,N,LOWER MAINLAND,E HASTINGS ST # 002800 TO 002899,E HASTINGS ST,E HASTINGS ST,09:00-11:59,1,0
N,PROPERTY DAMAGE ONLY,\N,N,2022,MONDAY,SIDE IMPACT,N,N,49.292906,-122.744981,Y,JANUARY,N,COQUITLAM,COQUITLAM,COQUITLAM,N,N,N,LOWER MAINLAND,RILEY ST # 001300 TO 001320,RILEY ST,RILEY ST,09:00-11:59,1,0
N,PROPERTY DAMAGE ONLY,\N,N,2022,MONDAY,SIDE IMPACT,N,N,49.302434,-123.032879,Y,JANUARY,N,NORTH VANCOUVER,NORTH VANCOUVER,NORTH VANCOUVER,Y,Y,N,LOWER MAINLAND,COLUMBIA ST # 001400 TO 001499,COLUMBIA ST,COLUMBIA ST,09:00-11:59,1,0
N,PROPERTY DAMAGE ONLY,\N,N,2022,MONDAY,SIDE IMPACT,N,N,49.310345,-123.010951,Y,JANUARY,N,NORTH VANCOUVER,NORTH VANCOUVER,NORTH VANCOUVER,Y,N,N,LOWER MAINLAND,WINDRIDGE DR # 002190 TO 002419,WINDRIDGE DR,WINDRIDGE DR,09:00-11:59,1,0
N,PROPERTY DAMAGE ONLY,\N,N,2022,MONDAY,SIDE IMPACT,N,N,49.318277,-124.311195,Y,JANUARY,N,PARKSVILLE,PARKSVILLE,PARKSVILLE,Y,Y,N,VANCOUVER ISLAND,JENSEN AVE E # 000100 TO 000155,JENSEN AVE E,JENSEN AVE E,09:00-11:59,1,0
N,PROPERTY DAMAGE ONLY,\N,N,2022,MONDAY,SIDE IMPACT,N,N,49.32387,-123.109514,Y,JANUARY,N,NORTH VANCOUVER,NORTH VANCOUVER,NORTH VANCOUVER,Y,Y,N,LOWER MAINLAND,MARINE DR # 001224 TO 001299,MARINE DR,MARINE DR,09:00-11:59,1,0
N,PROPERTY DAMAGE ONLY,\N,N,2022,MONDAY,SIDE IMPACT,N,N,49.333629,-123.088118,Y,JANUARY,N,NORTH VANCOUVER,NORTH VANCOUVER,NORTH VANCOUVER,N,Y,N,LOWER MAINLAND,WESTVIEW DR # 002600 TO 002639,WESTVIEW DR,WESTVIEW DR,09:00-11:59,1,0
N,PROPERTY DAMAGE ONLY,\N,N,2022,MONDAY,SIDE IMPACT,N,N,49.333629,-123.088118,Y,JANUARY,N,NORTH VANCOUVER,NORTH VANCOUVER,NORTH VANCOUVER,Y,Y,N,LOWER MAINLAND,WESTVIEW DR # 002600 TO 002639,WESTVIEW DR,WESTVIEW DR,09:00-11:59,1,0
N,PROPERTY DAMAGE ONLY,\N,N,2022,MONDAY,SIDE IMPACT,N,N,49.362318,-123.277269,Y,JANUARY,N,WEST VANCOUVER,WEST VANCOUVER,WEST VANCOUVER,Y,Y,N,LOWER MAINLAND,MARINE DR # 006100 TO 006199,MARINE DR,MARINE DR,09:00-11:59,1,0
N,PROPERTY DAMAGE ONLY,\N,N,2022,MONDAY,SIDE IMPACT,N,N,49.436581,-117.587999,Y,JANUARY,N,KRESTOVA,KRESTOVA,KRESTOVA,Y,N,N,SOUTHERN INTERIOR,KRESTOVA CEMETERY RD # 003500 TO 003679,KRESTOVA CEMETERY RD,KRESTOVA CEMETERY RD,09:00-11:59,1,0
N,PROPERTY DAMAGE ONLY,\N,N,2022,MONDAY,SIDE IMPACT,N,N,49.558418,-115.753156,Y,JANUARY,N,CRANBROOK,CRANBROOK,CRANBROOK,Y,Y,N,SOUTHERN INTERIOR,MISSION RD # 004502 TO 004699,MISSION RD,MISSION RD,09:00-11:59,1,0
N,PROPERTY DAMAGE ONLY,\N,N,2022,MONDAY,SIDE IMPACT,N,N,49.770221,-123.156123,Y,JANUARY,N,SQUAMISH,SQUAMISH,SQUAMISH,N,Y,N,LOWER MAINLAND,BIRKEN RD # 041980 TO 042089,BIRKEN RD,BIRKEN RD,09:00-11:59,1,0
N,PROPERTY DAMAGE ONLY,\N,N,2022,MONDAY,SIDE IMPACT,N,N,49.864131,-119.570523,Y,JANUARY,N,WEST KELOWNA,WEST KELOWNA,WEST KELOWNA,Y,Y,N,SOUTHERN INTERIOR,INDUSTRIAL RD # 001302 TO 001499,INDUSTRIAL RD,INDUSTRIAL RD,09:00-11:59,1,0
N,PROPERTY DAMAGE ONLY,\N,N,2022,MONDAY,SIDE IMPACT,N,N,50.027127,-125.245344,Y,JANUARY,N,CAMPBELL RIVER,CAMPBELL RIVER,CAMPBELL RIVER,Y,Y,N,VANCOUVER ISLAND,SHOPPERS ROW # 001100 TO 001299,SHOPPERS ROW,SHOPPERS ROW,09:00-11:59,1,0
N,PROPERTY DAMAGE ONLY,\N,N,2022,MONDAY,SIDE IMPACT,N,N,50.262984,-119.26784,Y,JANUARY,N,VERNON,VERNON,VERNON,Y,N,N,SOUTHERN INTERIOR,28 ST # 002800 TO 002999,28 ST,28 ST,09:00-11:59,1,0
N,PROPERTY DAMAGE ONLY,\N,N,2022,MONDAY,SIDE IMPACT,N,N,50.310633,-122.73415,Y,JANUARY,N,PEMBERTON,PEMBERTON,PEMBERTON,Y,N,N,LOWER MAINLAND,HWY 99 # 001889 TO 001909,HWY 99,HWY 99,09:00-11:59,1,0
N,PROPERTY DAMAGE ONLY,\N,N,2022,MONDAY,SIDE IMPACT,N,N,50.653264,-120.341473,Y,JANUARY,N,KAMLOOPS,KAMLOOPS,KAMLOOPS,Y,N,N,SOUTHERN INTERIOR,WADDINGTON DR # 000151 TO 000299,WADDINGTON DR,WADDINGTON DR,09:00-11:59,1,0
N,PROPERTY DAMAGE ONLY,\N,N,2022,MONDAY,SIDE IMPACT,N,N,50.701176,-119.281334,Y,JANUARY,N,SALMON ARM,SALMON ARM,SALMON ARM,Y,N,N,SOUTHERN INTERIOR,TRANS-CANADA HWY NE # 000201 TO 000299 odd,TRANS-CANADA HWY NE,TRANS-CANADA HWY NE,09:00-11:59,1,0
N,PROPERTY DAMAGE ONLY,\N,N,2022,MONDAY,SIDE IMPACT,N,N,52.128395,-122.135136,Y,JANUARY,N,WILLIAMS LAKE,WILLIAMS LAKE,WILLIAMS LAKE,Y,Y,N,NORTH CENTRAL,OLIVER ST # 000700 TO 000749,OLIVER ST,OLIVER ST,09:00-11:59,1,0
N,PROPERTY DAMAGE ONLY,\N,N,2022,MONDAY,SIDE IMPACT,N,N,52.98134,-122.498722,Y,JANUARY,N,QUESNEL,QUESNEL,QUESNEL,N,Y,N,NORTH CENTRAL,FRONT ST # 000500 TO 000599,FRONT ST,FRONT ST,09:00-11:59,1,0
N,PROPERTY DAMAGE ONLY,\N,N,2022,MONDAY,SIDE IMPACT,N,N,53.909802,-122.7586,Y,JANUARY,N,PRINCE GEORGE,PRINCE GEORGE,PRINCE GEORGE,Y,Y,N,NORTH CENTRAL,15TH AVE # 001600 TO 001708 even,15TH AVE,15TH AVE,09:00-11:59,1,0
N,PROPERTY DAMAGE ONLY,\N,N,2022,MONDAY,SIDE IMPACT,N,N,54.223776,-125.750062,Y,JANUARY,N,BURNS LAKE,BURNS LAKE,BURNS LAKE,Y,Y,N,NORTH CENTRAL,HWY 16 E # 000202 TO 000402,HWY 16,HWY 16,09:00-11:59,1,0
N,PROPERTY DAMAGE ONLY,\N,N,2022,MONDAY,SIDE IMPACT,N,N,55.260893,-127.650964,Y,JANUARY,N,HAZELTON,HAZELTON,HAZELTON,N,Y,N,NORTH CENTRAL,HWY 62 # 002448 TO 002559,HWY 62,HWY 62,09:00-11:59,1,0
N,PROPERTY DAMAGE ONLY,\N,N,2022,MONDAY,SIDE IMPACT,N,N,55.773917,-120.227909,Y,JANUARY,N,DAWSON CREEK,DAWSON CREEK,DAWSON CREEK,Y,N,N,NORTH CENTRAL,90 AVE # 000900 TO 000999,90 AVE,90 AVE,09:00-11:59,1,0
N,PROPERTY DAMAGE ONLY,\N,N,2022,MONDAY,SIDE IMPACT,Y,N,49.119089,-122.814976,Y,JANUARY,N,SURREY,SURREY,SURREY,Y,Y,N,LOWER MAINLAND,64 AVE # 014600 TO 014798 even,64 AVE,64 AVE,09:00-11:59,1,0
N,PROPERTY DAMAGE ONLY,\N,N,2022,MONDAY,SIDE IMPACT,Y,N,49.24996,-123.075616,Y,JANUARY,N,VANCOUVER,VANCOUVER,VANCOUVER,N,Y,N,LOWER MAINLAND,KINGSWAY # 001400 TO 001427,KINGSWAY,KINGSWAY,09:00-11:59,1,0
N,PROPERTY DAMAGE ONLY,\N,N,2022,MONDAY,SIDE IMPACT,Y,N,49.266407,-123.004655,Y,JANUARY,N,BURNABY,BURNABY,BURNABY,Y,Y,N,LOWER MAINLAND,LOUGHEED HWY # 004400 TO 004498 even,LOUGHEED HWY,LOUGHEED HWY,09:00-11:59,1,0
N,PROPERTY DAMAGE ONLY,\N,N,2022,MONDAY,SIDE IMPACT,Y,N,49.672219,-124.922477,Y,JANUARY,N,COMOX,COMOX,COMOX,Y,N,N,VANCOUVER ISLAND,COMOX AVE # 001650 TO 001729,COMOX AVE,COMOX AVE,09:00-11:59,1,0
N,PROPERTY DAMAGE ONLY,\N,N,2022,MONDAY,SIDE SWIPE - OPPOSITE DIRECTION,N,N,\N,\N,N,JANUARY,N,LAKE COWICHAN,LAKE COWICHAN,\N,N,N,N,VANCOUVER ISLAND,UNKNOWN,NORTH SHORE RD,NORTH SHORE RD,09:00-11:59,1,0
N,PROPERTY DAMAGE ONLY,\N,N,2022,MONDAY,SIDE SWIPE - OPPOSITE DIRECTION,N,N,\N,\N,N,JANUARY,N,WEST KELOWNA,WEST KELOWNA,\N,N,N,N,SOUTHERN INTERIOR,UNKNOWN,MCIVER RD,MCIVER RD,09:00-11:59,1,0
N,PROPERTY DAMAGE ONLY,\N,N,2022,MONDAY,SIDE SWIPE - OPPOSITE DIRECTION,N,N,\N,\N,N,JANUARY,N,WEST KELOWNA,WEST KELOWNA,\N,Y,Y,N,SOUTHERN INTERIOR,UNKNOWN,LOUIE DR,LOUIE DR,09:00-11:59,1,0
N,PROPERTY DAMAGE ONLY,\N,N,2022,MONDAY,SIDE SWIPE - OPPOSITE DIRECTION,N,N,49.202454,-122.773308,Y,JANUARY,N,SURREY,SURREY,SURREY,Y,N,N,LOWER MAINLAND,110 AVE # 016150 TO 016249,110 AVE,110 AVE,09:00-11:59,1,0
N,PROPERTY DAMAGE ONLY,\N,N,2022,MONDAY,SIDE SWIPE - OPPOSITE DIRECTION,N,N,49.261541,-123.143458,Y,JANUARY,N,VANCOUVER,VANCOUVER,VANCOUVER,Y,N,N,LOWER MAINLAND,PINE ST # 002700 TO 002749,PINE ST,PINE ST,09:00-11:59,1,0
N,PROPERTY DAMAGE ONLY,\N,N,2022,MONDAY,SIDE SWIPE - OPPOSITE DIRECTION,N,N,49.265547,-123.103824,Y,JANUARY,N,VANCOUVER,VANCOUVER,VANCOUVER,Y,N,N,LOWER MAINLAND,E 6TH AVE # 000000 TO 000099,E 6TH AVE,E 6TH AVE,09:00-11:59,1,0
N,PROPERTY DAMAGE ONLY,\N,N,2022,MONDAY,SIDE SWIPE - OPPOSITE DIRECTION,N,N,49.265903,-122.802688,Y,JANUARY,N,COQUITLAM,COQUITLAM,COQUITLAM,Y,N,N,LOWER MAINLAND,SPURAWAY AVE # 003020 TO 003094,SPURAWAY AVE,SPURAWAY AVE,09:00-11:59,1,0
N,PROPERTY DAMAGE ONLY,\N,N,2022,MONDAY,SIDE SWIPE - SAME DIRECTION,N,N,\N,\N,N,JANUARY,N,MAPLE RIDGE,MAPLE RIDGE,\N,N,N,N,LOWER MAINLAND,UNKNOWN,LOUGHEED HWY,LOUGHEED HWY,09:00-11:59,1,0
N,PROPERTY DAMAGE ONLY,\N,N,2022,MONDAY,SIDE SWIPE - SAME DIRECTION,N,N,\N,\N,N,JANUARY,N,VANCOUVER,VANCOUVER,\N,N,N,N,LOWER MAINLAND,UNKNOWN,SE MARINE DR,SE MARINE DR,09:00-11:59,1,0
N,PROPERTY DAMAGE ONLY,\N,N,2022,MONDAY,SIDE SWIPE - SAME DIRECTION,N,N,48.410199,-123.356323,Y,JANUARY,N,VICTORIA,VICTORIA,VICTORIA,Y,N,N,VANCOUVER ISLAND,FAITHFUL ST # 001100 TO 001159,FAITHFUL ST,FAITHFUL ST,09:00-11:59,1,0
N,PROPERTY DAMAGE ONLY,\N,N,2022,MONDAY,SIDE SWIPE - SAME DIRECTION,N,N,48.6489,-123.402002,Y,JANUARY,N,SIDNEY,SIDNEY,SIDNEY,N,Y,N,VANCOUVER ISLAND,BEACON AVE # 002345 TO 002353 odd,BEACON AVE,BEACON AVE,09:00-11:59,1,0
N,PROPERTY DAMAGE ONLY,\N,N,2022,MONDAY,SIDE SWIPE - SAME DIRECTION,N,N,48.779604,-123.698764,Y,JANUARY,N,DUNCAN,DUNCAN,DUNCAN,Y,Y,N,VANCOUVER ISLAND,TRANS-CANADA HWY # 000400 TO 000498 even,TRANS-CANADA HWY,TRANS-CANADA HWY,09:00-11:59,1,0
N,PROPERTY DAMAGE ONLY,\N,N,2022,MONDAY,SIDE SWIPE - SAME DIRECTION,N,N,49.127431,-123.167916,Y,JANUARY,N,RICHMOND,RICHMOND,RICHMOND,Y,Y,N,LOWER MAINLAND,KINGFISHER DR # 011920 TO 011999,KINGFISHER DR,KINGFISHER DR,09:00-11:59,1,0
N,PROPERTY DAMAGE ONLY,\N,N,2022,MONDAY,SIDE SWIPE - SAME DIRECTION,N,N,49.140794,-121.962222,Y,JANUARY,N,CHILLIWACK,CHILLIWACK,CHILLIWACK,Y,Y,N,LOWER MAINLAND,LUCKAKUCK WAY # 045570 TO 045599,LUCKAKUCK WAY,LUCKAKUCK WAY,09:00-11:59,1,0
N,PROPERTY DAMAGE ONLY,\N,N,2022,MONDAY,SIDE SWIPE - SAME DIRECTION,N,N,49.213804,-122.96924,Y,JANUARY,N,BURNABY,BURNABY,BURNABY,Y,N,N,LOWER MAINLAND,NEVILLE ST # 006356 TO 006599,NEVILLE ST,NEVILLE ST,09:00-11:59,1,0
N,PROPERTY DAMAGE ONLY,\N,N,2022,MONDAY,SIDE SWIPE - SAME DIRECTION,N,N,49.219293,-122.948707,Y,JANUARY,N,BURNABY,BURNABY,BURNABY,Y,Y,N,LOWER MAINLAND,NOBLE LANE # 007300 TO 007320,NOBLE LANE,NOBLE LANE,09:00-11:59,1,0
N,PROPERTY DAMAGE ONLY,\N,N,2022,MONDAY,SIDE SWIPE - SAME DIRECTION,N,N,49.220446,-122.600705,Y,JANUARY,N,MAPLE RIDGE,MAPLE RIDGE,MAPLE RIDGE,Y,Y,N,LOWER MAINLAND,DEWDNEY TRUNK RD # 022400 TO 022449,DEWDNEY TRUNK RD,DEWDNEY TRUNK RD,09:00-11:59,1,0
N,PROPERTY DAMAGE ONLY,\N,N,2022,MONDAY,SIDE SWIPE - SAME DIRECTION,N,N,49.223797,-123.104909,Y,JANUARY,N,VANCOUVER,VANCOUVER,VANCOUVER,Y,N,N,LOWER MAINLAND,E 51ST AVE # 000000 TO 000099,E 51ST AVE,E 51ST AVE,09:00-11:59,1,0
N,PROPERTY DAMAGE ONLY,\N,N,2022,MONDAY,SIDE SWIPE - SAME DIRECTION,N,N,49.263721,-123.201546,Y,JANUARY,N,VANCOUVER,VANCOUVER,VANCOUVER,Y,N,N,LOWER MAINLAND,W 10TH AVE # 004200 TO 004299,W 10TH AVE,W 10TH AVE,09:00-11:59,1,0
N,PROPERTY DAMAGE ONLY,\N,N,2022,MONDAY,SIDE SWIPE - SAME DIRECTION,N,N,49.269181,-123.177661,Y,JANUARY,N,VANCOUVER,VANCOUVER,VANCOUVER,Y,N,N,LOWER MAINLAND,BLENHEIM ST # 001900 TO 001947,BLENHEIM ST,BLENHEIM ST,09:00-11:59,1,0
N,PROPERTY DAMAGE ONLY,\N,N,2022,MONDAY,SIDE SWIPE - SAME DIRECTION,N,N,49.275665,-123.015277,Y,JANUARY,N,BURNABY,BURNABY,BURNABY,Y,N,N,LOWER MAINLAND,PARKER ST # 004000 TO 004099,PARKER ST,PARKER ST,09:00-11:59,1,0
N,PROPERTY DAMAGE ONLY,\N,N,2022,MONDAY,SIDE SWIPE - SAME DIRECTION,N,N,49.280774,-122.759563,Y,JANUARY,N,PORT COQUITLAM,PORT COQUITLAM,PORT COQUITLAM,Y,N,N,LOWER MAINLAND,KENT AVE # 001600 TO 001667,KENT AVE,KENT AVE,09:00-11:59,1,0
N,PROPERTY DAMAGE ONLY,\N,N,2022,MONDAY,SIDE SWIPE - SAME DIRECTION,N,N,49.284022,-122.787932,Y,JANUARY,N,COQUITLAM,COQUITLAM,COQUITLAM,Y,N,N,LOWER MAINLAND,EASTWOOD ST # 001180 TO 001209,EASTWOOD ST,EASTWOOD ST,09:00-11:59,1,0
N,PROPERTY DAMAGE ONLY,\N,N,2022,MONDAY,SIDE SWIPE - SAME DIRECTION,N,N,49.29022,-122.762354,Y,JANUARY,N,COQUITLAM,COQUITLAM,COQUITLAM,Y,N,N,LOWER MAINLAND,WILLERTON CRT # 003300 TO 003339,WILLERTON CRT,WILLERTON CRT,09:00-11:59,1,0
N,PROPERTY DAMAGE ONLY,\N,N,2022,MONDAY,SIDE SWIPE - SAME DIRECTION,N,N,49.313094,-123.070785,Y,JANUARY,N,NORTH VANCOUVER,NORTH VANCOUVER,NORTH VANCOUVER,Y,N,N,LOWER MAINLAND,E 5TH ST # 000200 TO 000299,E 5TH ST,E 5TH ST,09:00-11:59,1,0
N,PROPERTY DAMAGE ONLY,\N,N,2022,MONDAY,SIDE SWIPE - SAME DIRECTION,N,N,49.34462,-123.201382,Y,JANUARY,N,WEST VANCOUVER,WEST VANCOUVER,WEST VANCOUVER,Y,N,N,LOWER MAINLAND,SPENCER PL # 003070 TO 003088 even,SPENCER PL,SPENCER PL,09:00-11:59,1,0
N,PROPERTY DAMAGE ONLY,\N,N,2022,MONDAY,SIDE SWIPE - SAME DIRECTION,N,N,49.496963,-119.604941,Y,JANUARY,N,PENTICTON,PENTICTON,PENTICTON,Y,Y,N,SOUTHERN INTERIOR,POWER ST # 000200 TO 000299,POWER ST,POWER ST,09:00-11:59,1,0
N,PROPERTY DAMAGE ONLY,\N,N,2022,MONDAY,SIDE SWIPE - SAME DIRECTION,N,N,50.026021,-125.241444,Y,JANUARY,N,CAMPBELL RIVER,CAMPBELL RIVER,CAMPBELL RIVER,Y,N,N,VANCOUVER ISLAND,ISLAND HWY # 000985 TO 001001 odd,ISLAND HWY,ISLAND HWY,09:00-11:59,1,0
N,PROPERTY DAMAGE ONLY,\N,N,2022,MONDAY,SIDE SWIPE - SAME DIRECTION,N,N,50.032558,-125.261439,Y,JANUARY,N,CAMPBELL RIVER,CAMPBELL RIVER,CAMPBELL RIVER,Y,Y,N,VANCOUVER ISLAND,ISLAND HWY # 001477 TO 001489 odd,ISLAND HWY,ISLAND HWY,09:00-11:59,1,0
N,PROPERTY DAMAGE ONLY,\N,N,2022,MONDAY,SIDE SWIPE - SAME DIRECTION,Y,N,49.233611,-122.898439,Y,JANUARY,N,NEW WESTMINSTER,NEW WESTMINSTER,NEW WESTMINSTER,Y,N,N,LOWER MAINLAND,RICHMOND ST # 000522 TO 000534,RICHMOND ST,RICHMOND ST,09:00-11:59,1,0
N,PROPERTY DAMAGE ONLY,\N,N,2022,MONDAY,SINGLE VEHICLE,N,N,\N,\N,N,JANUARY,N,BEAVERDELL,BEAVERDELL,\N,N,N,N,SOUTHERN INTERIOR,UNKNOWN,KELOWNA ROCK CREEK HWY,KELOWNA ROCK CREEK HWY,09:00-11:59,1,0
N,PROPERTY DAMAGE ONLY,\N,N,2022,MONDAY,SINGLE VEHICLE,N,N,\N,\N,N,JANUARY,N,BRITANNIA BEACH,BRITANNIA BEACH,\N,N,N,N,LOWER MAINLAND,UNKNOWN,HWY 99,HWY 99,09:00-11:59,1,0
N,PROPERTY DAMAGE ONLY,\N,N,2022,MONDAY,SINGLE VEHICLE,N,N,\N,\N,N,JANUARY,N,CAMPBELL RIVER,CAMPBELL RIVER,\N,N,N,N,VANCOUVER ISLAND,UNKNOWN,ERICKSON RD,ERICKSON RD,09:00-11:59,1,0
N,PROPERTY DAMAGE ONLY,\N,N,2022,MONDAY,SINGLE VEHICLE,N,N,\N,\N,N,JANUARY,N,COQUITLAM,COQUITLAM,\N,N,N,N,LOWER MAINLAND,UNKNOWN,HWY 1,HWY 1,09:00-11:59,1,0
N,PROPERTY DAMAGE ONLY,\N,N,2022,MONDAY,SINGLE VEHICLE,N,N,\N,\N,N,JANUARY,N,ELKFORD,ELKFORD,\N,N,N,N,SOUTHERN INTERIOR,UNKNOWN,HWY 43,HWY 43,09:00-11:59,1,0
N,PROPERTY DAMAGE ONLY,\N,N,2022,MONDAY,SINGLE VEHICLE,N,N,\N,\N,N,JANUARY,N,FERNIE,FERNIE,\N,N,N,N,SOUTHERN INTERIOR,UNKNOWN,DICKEN RD,DICKEN RD,09:00-11:59,1,0
N,PROPERTY DAMAGE ONLY,\N,N,2022,MONDAY,SINGLE VEHICLE,N,N,\N,\N,N,JANUARY,N,GIBSONS,GIBSONS,\N,N,N,N,LOWER MAINLAND,UNKNOWN,PARK RD,PARK RD,09:00-11:59,1,0
N,PROPERTY DAMAGE ONLY,\N,N,2022,MONDAY,SINGLE VEHICLE,N,N,\N,\N,N,JANUARY,N,HOPE,HOPE,\N,N,N,N,LOWER MAINLAND,UNKNOWN,HWY 1,HWY 1,09:00-11:59,1,0
N,PROPERTY DAMAGE ONLY,\N,N,2022,MONDAY,SINGLE VEHICLE,N,N,\N,\N,N,JANUARY,N,KAMLOOPS,KAMLOOPS,\N,N,N,N,SOUTHERN INTERIOR,UNKNOWN,HWY 1,HWY 1,09:00-11:59,1,0
N,PROPERTY DAMAGE ONLY,\N,N,2022,MONDAY,SINGLE VEHICLE,N,N,\N,\N,N,JANUARY,N,KELOWNA,KELOWNA,\N,N,N,N,SOUTHERN INTERIOR,UNKNOWN,BIG WHITE RD,BIG WHITE RD,09:00-11:59,1,0
N,PROPERTY DAMAGE ONLY,\N,N,2022,MONDAY,SINGLE VEHICLE,N,N,\N,\N,N,JANUARY,N,KELOWNA,KELOWNA,\N,N,N,N,SOUTHERN INTERIOR,UNKNOWN,HIGHWAY 33E,HIGHWAY 33E,09:00-11:59,1,0
N,PROPERTY DAMAGE ONLY,\N,N,2022,MONDAY,SINGLE VEHICLE,N,N,\N,\N,N,JANUARY,N,LANGFORD,LANGFORD,\N,N,N,N,VANCOUVER ISLAND,UNKNOWN,AMY RD,AMY RD,09:00-11:59,1,0
N,PROPERTY DAMAGE ONLY,\N,N,2022,MONDAY,SINGLE VEHICLE,N,N,\N,\N,N,JANUARY,N,MALAHAT,MALAHAT,\N,N,N,N,VANCOUVER ISLAND,UNKNOWN,WHITTAKER RD,WHITTAKER RD,09:00-11:59,1,0
N,PROPERTY DAMAGE ONLY,\N,N,2022,MONDAY,SINGLE VEHICLE,N,N,\N,\N,N,JANUARY,N,MERRITT,MERRITT,\N,N,N,N,SOUTHERN INTERIOR,UNKNOWN,HWY 5,HWY 5,09:00-11:59,1,0
N,PROPERTY DAMAGE ONLY,\N,N,2022,MONDAY,SINGLE VEHICLE,N,N,\N,\N,N,JANUARY,N,MERRITT,MERRITT,\N,Y,N,N,SOUTHERN INTERIOR,UNKNOWN,COQUIHALLA HWY,COQUIHALLA HWY,09:00-11:59,1,0
N,PROPERTY DAMAGE ONLY,\N,N,2022,MONDAY,SINGLE VEHICLE,N,N,\N,\N,N,JANUARY,N,NANOOSE BAY,NANOOSE BAY,\N,N,N,N,VANCOUVER ISLAND,UNKNOWN,SEA BLUSH DR,SEA BLUSH DR,09:00-11:59,1,0
N,PROPERTY DAMAGE ONLY,\N,N,2022,MONDAY,SINGLE VEHICLE,N,N,\N,\N,N,JANUARY,N,OLIVER,OLIVER,\N,N,N,N,SOUTHERN INTERIOR,UNKNOWN,HIGHWAY 97,HIGHWAY 97,09:00-11:59,1,0
N,PROPERTY DAMAGE ONLY,\N,N,2022,MONDAY,SINGLE VEHICLE,N,N,\N,\N,N,JANUARY,N,PEACHLAND,PEACHLAND,\N,N,N,N,SOUTHERN INTERIOR,UNKNOWN,SHAW ROAD,SHAW ROAD,09:00-11:59,1,0
N,PROPERTY DAMAGE ONLY,\N,N,2022,MONDAY,SINGLE VEHICLE,N,N,\N,\N,N,JANUARY,N,PORT ALBERNI,PORT ALBERNI,\N,N,N,N,VANCOUVER ISLAND,UNKNOWN,8TH AVE,8TH AVE,09:00-11:59,1,0
N,PROPERTY DAMAGE ONLY,\N,N,2022,MONDAY,SINGLE VEHICLE,N,N,\N,\N,N,JANUARY,N,PRINCE RUPERT,PRINCE RUPERT,\N,N,N,N,NORTH CENTRAL,UNKNOWN,HWY 16,HWY 16,09:00-11:59,2,0
N,PROPERTY DAMAGE ONLY,\N,N,2022,MONDAY,SINGLE VEHICLE,N,N,\N,\N,N,JANUARY,N,QUALICUM BEACH,QUALICUM BEACH,\N,N,N,N,VANCOUVER ISLAND,UNKNOWN,HWY 19A,HWY 19A,09:00-11:59,1,0
N,PROPERTY DAMAGE ONLY,\N,N,2022,MONDAY,SINGLE VEHICLE,N,N,\N,\N,N,JANUARY,N,SALMON ARM,SALMON ARM,\N,N,N,N,SOUTHERN INTERIOR,UNKNOWN,SKIMIKAN RD,SKIMIKAN RD,09:00-11:59,1,0
N,PROPERTY DAMAGE ONLY,\N,N,2022,MONDAY,SINGLE VEHICLE,N,N,\N,\N,N,JANUARY,N,SAVONA,SAVONA,\N,N,N,N,SOUTHERN INTERIOR,UNKNOWN,TUNKWA LAKE RD,TUNKWA LAKE RD,09:00-11:59,1,0
N,PROPERTY DAMAGE ONLY,\N,N,2022,MONDAY,SINGLE VEHICLE,N,N,\N,\N,N,JANUARY,N,SAYWARD,SAYWARD,\N,Y,N,N,VANCOUVER ISLAND,UNKNOWN,HWY 19,HWY 19,09:00-11:59,1,0
N,PROPERTY DAMAGE ONLY,\N,N,2022,MONDAY,SINGLE VEHICLE,N,N,\N,\N,N,JANUARY,N,SKIDEGATE,SKIDEGATE,\N,N,N,N,NORTH CENTRAL,UNKNOWN,SKIDEGATE HTS,SKIDEGATE HTS,09:00-11:59,1,0
N,PROPERTY DAMAGE ONLY,\N,N,2022,MONDAY,SINGLE VEHICLE,N,N,\N,\N,N,JANUARY,N,SURREY,SURREY,\N,N,N,N,LOWER MAINLAND,UNKNOWN,?,?,09:00-11:59,1,0
N,PROPERTY DAMAGE ONLY,\N,N,2022,MONDAY,SINGLE VEHICLE,N,N,\N,\N,N,JANUARY,N,SURREY,SURREY,\N,N,Y,N,LOWER MAINLAND,UNKNOWN,30 AVE,30 AVE,09:00-11:59,1,0
N,PROPERTY DAMAGE ONLY,\N,N,2022,MONDAY,SINGLE VEHICLE,N,N,\N,\N,N,JANUARY,N,TRAIL,TRAIL,\N,N,N,N,SOUTHERN INTERIOR,UNKNOWN,SHORT ST,SHORT ST,09:00-11:59,1,0
N,PROPERTY DAMAGE ONLY,\N,N,2022,MONDAY,SINGLE VEHICLE,N,N,\N,\N,N,JANUARY,N,UNKNOWN,UNKNOWN,\N,N,N,N,UNKNOWN,UNKNOWN,HWY 2,HWY 2,09:00-11:59,1,0
N,PROPERTY DAMAGE ONLY,\N,N,2022,MONDAY,SINGLE VEHICLE,N,N,\N,\N,N,JANUARY,N,VALEMOUNT,VALEMOUNT,\N,N,N,N,NORTH CENTRAL,UNKNOWN,YELLOWHEAD HWY,YELLOWHEAD HWY,09:00-11:59,1,0
N,PROPERTY DAMAGE ONLY,\N,N,2022,MONDAY,SINGLE VEHICLE,N,N,\N,\N,N,JANUARY,N,VANCOUVER,VANCOUVER,\N,N,N,N,LOWER MAINLAND,UNKNOWN,HWY 16,HWY 16,09:00-11:59,1,0
N,PROPERTY DAMAGE ONLY,\N,N,2022,MONDAY,SINGLE VEHICLE,N,N,\N,\N,N,JANUARY,N,VANCOUVER,VANCOUVER,\N,N,Y,N,LOWER MAINLAND,UNKNOWN,W HASTINGS ST,W HASTINGS ST,09:00-11:59,1,0
N,PROPERTY DAMAGE ONLY,\N,N,2022,MONDAY,SINGLE VEHICLE,N,N,\N,\N,N,JANUARY,N,VERNON,VERNON,\N,N,N,N,SOUTHERN INTERIOR,UNKNOWN,GREENWOOD RD,GREENWOOD RD,09:00-11:59,1,0
N,PROPERTY DAMAGE ONLY,\N,N,2022,MONDAY,SINGLE VEHICLE,N,N,\N,\N,N,JANUARY,N,VICTORIA,VICTORIA,\N,N,N,N,VANCOUVER ISLAND,UNKNOWN,BLANCHARD ST,BLANCHARD ST,09:00-11:59,1,0
N,PROPERTY DAMAGE ONLY,\N,N,2022,MONDAY,SINGLE VEHICLE,N,N,\N,\N,N,JANUARY,N,VICTORIA,VICTORIA,\N,N,N,N,VANCOUVER ISLAND,UNKNOWN,MCKENZIE AVE,MCKENZIE AVE,09:00-11:59,1,0
N,PROPERTY DAMAGE ONLY,\N,N,2022,MONDAY,SINGLE VEHICLE,N,N,\N,\N,N,JANUARY,N,VICTORIA,VICTORIA,\N,N,N,N,VANCOUVER ISLAND,UNKNOWN,UNKNOWN,UNKNOWN,09:00-11:59,1,0
N,PROPERTY DAMAGE ONLY,\N,N,2022,MONDAY,SINGLE VEHICLE,N,N,\N,\N,N,JANUARY,N,VICTORIA,VICTORIA,\N,N,Y,N,VANCOUVER ISLAND,UNKNOWN,MONTEREY,MONTEREY,09:00-11:59,1,0
N,PROPERTY DAMAGE ONLY,\N,N,2022,MONDAY,SINGLE VEHICLE,N,N,\N,\N,N,JANUARY,N,VICTORIA,VICTORIA,\N,Y,N,N,VANCOUVER ISLAND,UNKNOWN,ARBUTUS RD,ARBUTUS RD,09:00-11:59,1,0
N,PROPERTY DAMAGE ONLY,\N,N,2022,MONDAY,SINGLE VEHICLE,N,N,\N,\N,N,JANUARY,N,WHISTLER,WHISTLER,\N,N,N,N,LOWER MAINLAND,UNKNOWN,MCKEEVERS PL,MCKEEVERS PL,09:00-11:59,1,0
N,PROPERTY DAMAGE ONLY,\N,N,2022,MONDAY,SINGLE VEHICLE,N,N,\N,\N,N,JANUARY,N,WHISTLER,WHISTLER,\N,N,N,N,LOWER MAINLAND,UNKNOWN,RETTA LAKE RD,RETTA LAKE RD,09:00-11:59,1,0
N,PROPERTY DAMAGE ONLY,\N,N,2022,MONDAY,SINGLE VEHICLE,N,N,\N,\N,N,JANUARY,N,WILLIAMS LAKE,WILLIAMS LAKE,\N,N,N,N,NORTH CENTRAL,UNKNOWN,BUCKSKIN ROAD,BUCKSKIN ROAD,09:00-11:59,1,0
N,PROPERTY DAMAGE ONLY,\N,N,2022,MONDAY,SINGLE VEHICLE,N,N,48.44434,-123.356946,Y,JANUARY,N,VICTORIA,VICTORIA,VICTORIA,N,Y,N,VANCOUVER ISLAND,SUMMIT AVE # 001100 TO 001129,SUMMIT AVE,SUMMIT AVE,09:00-11:59,1,0
N,PROPERTY DAMAGE ONLY,\N,N,2022,MONDAY,SINGLE VEHICLE,N,N,48.506359,-123.36695,Y,JANUARY,N,SAANICH,SAANICH,SAANICH,N,N,N,VANCOUVER ISLAND,SEA RIDGE DR # 004800 TO 004825,SEA RIDGE DR,SEA RIDGE DR,09:00-11:59,1,0
N,PROPERTY DAMAGE ONLY,\N,N,2022,MONDAY,SINGLE VEHICLE,N,N,48.763965,-123.697539,Y,JANUARY,N,DUNCAN,DUNCAN,DUNCAN,Y,Y,N,VANCOUVER ISLAND,POLKEY RD # 005250 TO 005299,POLKEY RD,POLKEY RD,09:00-11:59,1,0
N,PROPERTY DAMAGE ONLY,\N,N,2022,MONDAY,SINGLE VEHICLE,N,N,48.776757,-123.703971,Y,JANUARY,N,DUNCAN,DUNCAN,DUNCAN,N,Y,N,VANCOUVER ISLAND,TRUNK RD # 000050 TO 000298 even,TRUNK RD,TRUNK RD,09:00-11:59,1,0
N,PROPERTY DAMAGE ONLY,\N,N,2022,MONDAY,SINGLE VEHICLE,N,N,48.782831,-123.70787,Y,JANUARY,N,DUNCAN,DUNCAN,DUNCAN,N,N,N,VANCOUVER ISLAND,DUNCAN ST # 005830 TO 005859,DUNCAN ST,DUNCAN ST,09:00-11:59,1,0
N,PROPERTY DAMAGE ONLY,\N,N,2022,MONDAY,SINGLE VEHICLE,N,N,49.022383,-122.807085,Y,JANUARY,N,WHITE ROCK,WHITE ROCK,WHITE ROCK,N,Y,N,LOWER MAINLAND,VICTORIA AVE # 014930 TO 015039,VICTORIA AVE,VICTORIA AVE,09:00-11:59,1,0
N,PROPERTY DAMAGE ONLY,\N,N,2022,MONDAY,SINGLE VEHICLE,N,N,49.029251,-122.792916,Y,JANUARY,N,WHITE ROCK,WHITE ROCK,WHITE ROCK,N,Y,N,LOWER MAINLAND,RUSSELL AVE # 015450 TO 015589,RUSSELL AVE,RUSSELL AVE,09:00-11:59,1,0
N,PROPERTY DAMAGE ONLY,\N,N,2022,MONDAY,SINGLE VEHICLE,N,N,49.050936,-122.312534,Y,JANUARY,N,ABBOTSFORD,ABBOTSFORD,ABBOTSFORD,N,Y,N,LOWER MAINLAND,SOUTH FRASER WAY # 032800 TO 032979,SOUTH FRASER WAY,SOUTH FRASER WAY,09:00-11:59,1,0
N,PROPERTY DAMAGE ONLY,\N,N,2022,MONDAY,SINGLE VEHICLE,N,N,49.053262,-122.325428,Y,JANUARY,N,ABBOTSFORD,ABBOTSFORD,ABBOTSFORD,N,Y,N,LOWER MAINLAND,SIMON AVE # 032400 TO 032499,SIMON AVE,SIMON AVE,09:00-11:59,1,0
N,PROPERTY DAMAGE ONLY,\N,N,2022,MONDAY,SINGLE VEHICLE,N,N,49.054736,-122.301374,Y,JANUARY,N,ABBOTSFORD,ABBOTSFORD,ABBOTSFORD,Y,N,N,LOWER MAINLAND,WILLBAND ST # 002880 TO 002934,WILLBAND ST,WILLBAND ST,09:00-11:59,1,0
N,PROPERTY DAMAGE ONLY,\N,N,2022,MONDAY,SINGLE VEHICLE,N,N,49.056771,-122.187403,Y,JANUARY,N,ABBOTSFORD,ABBOTSFORD,ABBOTSFORD,N,N,N,LOWER MAINLAND,SEMATH RD # 002900 TO 003009,SEMATH RD,SEMATH RD,09:00-11:59,1,0
N,PROPERTY DAMAGE ONLY,\N,N,2022,MONDAY,SINGLE VEHICLE,N,N,49.05827,-122.381412,Y,JANUARY,N,ABBOTSFORD,ABBOTSFORD,ABBOTSFORD,N,Y,N,LOWER MAINLAND,MT LEHMAN RD # 003086 TO 003129,MT LEHMAN RD,MT LEHMAN RD,09:00-11:59,1,0
N,PROPERTY DAMAGE ONLY,\N,N,2022,MONDAY,SINGLE VEHICLE,N,N,49.098072,-117.701892,Y,JANUARY,N,TRAIL,TRAIL,TRAIL,N,Y,N,SOUTHERN INTERIOR,SECOND AVE # 001500 TO 001599,SECOND AVE,SECOND AVE,09:00-11:59,1,0
N,PROPERTY DAMAGE ONLY,\N,N,2022,MONDAY,SINGLE VEHICLE,N,N,49.109613,-122.823393,Y,JANUARY,N,SURREY,SURREY,SURREY,N,Y,N,LOWER MAINLAND,144 ST # 005880 TO 005901,144 ST,144 ST,09:00-11:59,1,0
N,PROPERTY DAMAGE ONLY,\N,N,2022,MONDAY,SINGLE VEHICLE,N,N,49.112586,-122.684809,Y,JANUARY,N,SURREY,SURREY,SURREY,N,N,N,LOWER MAINLAND,194A ST # 006015 TO 006065,194A ST,194A ST,09:00-11:59,1,0
N,PROPERTY DAMAGE ONLY,\N,N,2022,MONDAY,SINGLE VEHICLE,N,N,49.112922,-122.647826,Y,JANUARY,N,LANGLEY,LANGLEY,LANGLEY,N,Y,N,LOWER MAINLAND,LANGLEY BYPASS # 020701 TO 020801 odd,LANGLEY BYPASS,LANGLEY BYPASS,09:00-11:59,1,0
N,PROPERTY DAMAGE ONLY,\N,N,2022,MONDAY,SINGLE VEHICLE,N,N,49.114713,-123.932256,Y,JANUARY,N,NANAIMO,NANAIMO,NANAIMO,Y,N,N,VANCOUVER ISLAND,WHITE BLOSSOM WAY # 001771 TO 001799,WHITE BLOSSOM WAY,WHITE BLOSSOM WAY,09:00-11:59,1,0
N,PROPERTY DAMAGE ONLY,\N,N,2022,MONDAY,SINGLE VEHICLE,N,N,49.122194,-123.929086,Y,JANUARY,N,NANAIMO,NANAIMO,NANAIMO,N,N,N,VANCOUVER ISLAND,DODDS RD # 002148 TO 002156 even,DODDS RD,DODDS RD,09:00-11:59,1,0
N,PROPERTY DAMAGE ONLY,\N,N,2022,MONDAY,SINGLE VEHICLE,N,N,49.134816,-123.960446,Y,JANUARY,N,NANAIMO,NANAIMO,NANAIMO,N,N,N,VANCOUVER ISLAND,WESTERN ACRES RD # 000660 TO 000701,WESTERN ACRES RD,WESTERN ACRES RD,09:00-11:59,1,0
N,PROPERTY DAMAGE ONLY,\N,N,2022,MONDAY,SINGLE VEHICLE,N,N,49.141824,-122.601076,Y,JANUARY,N,LANGLEY,LANGLEY,LANGLEY,N,Y,N,LOWER MAINLAND,UNIVERSITY DR # 022464 TO 022517,UNIVERSITY DR,UNIVERSITY DR,09:00-11:59,1,0
N,PROPERTY DAMAGE ONLY,\N,N,2022,MONDAY,SINGLE VEHICLE,N,N,49.153552,-122.037739,Y,JANUARY,N,CHILLIWACK,CHILLIWACK,CHILLIWACK,Y,N,N,LOWER MAINLAND,CHELMSFORD PL # 008240 TO 008399,CHELMSFORD PL,CHELMSFORD PL,09:00-11:59,1,0
N,PROPERTY DAMAGE ONLY,\N,N,2022,MONDAY,SINGLE VEHICLE,N,N,49.156024,-122.790145,Y,JANUARY,N,SURREY,SURREY,SURREY,N,N,N,LOWER MAINLAND,156 ST # 008400 TO 008449,156 ST,156 ST,09:00-11:59,1,0
N,PROPERTY DAMAGE ONLY,\N,N,2022,MONDAY,SINGLE VEHICLE,N,N,49.158237,-122.656979,Y,JANUARY,N,LANGLEY,LANGLEY,LANGLEY,N,Y,N,LOWER MAINLAND,204 ST # 008508 TO 008599,204 ST,204 ST,09:00-11:59,1,0
N,PROPERTY DAMAGE ONLY,\N,N,2022,MONDAY,SINGLE VEHICLE,N,N,49.162756,-122.657772,Y,JANUARY,N,LANGLEY,LANGLEY,LANGLEY,N,Y,N,LOWER MAINLAND,88 AVE # 020282 TO 020398 even,88 AVE,88 AVE,09:00-11:59,1,0
N,PROPERTY DAMAGE ONLY,\N,N,2022,MONDAY,SINGLE VEHICLE,N,N,49.166502,-123.091666,Y,JANUARY,N,RICHMOND,RICHMOND,RICHMOND,N,Y,N,LOWER MAINLAND,NO 5 RD # 006000 TO 006799,NO 5 RD,NO 5 RD,09:00-11:59,1,0
N,PROPERTY DAMAGE ONLY,\N,N,2022,MONDAY,SINGLE VEHICLE,N,N,49.168093,-121.965303,Y,JANUARY,N,CHILLIWACK,CHILLIWACK,CHILLIWACK,N,Y,N,LOWER MAINLAND,CORBOULD ST # 009120 TO 009145,CORBOULD ST,CORBOULD ST,09:00-11:59,1,0
N,PROPERTY DAMAGE ONLY,\N,N,2022,MONDAY,SINGLE VEHICLE,N,N,49.170807,-122.866619,Y,JANUARY,N,SURREY,SURREY,SURREY,N,N,N,LOWER MAINLAND,92A AVE # 012800 TO 012899,92A AVE,92A AVE,09:00-11:59,1,0
N,PROPERTY DAMAGE ONLY,\N,N,2022,MONDAY,SINGLE VEHICLE,N,N,49.170911,-122.890206,Y,JANUARY,N,SURREY,SURREY,SURREY,Y,Y,N,LOWER MAINLAND,120 ST # 009200 TO 009258 even,120 ST,120 ST,09:00-11:59,1,0
N,PROPERTY DAMAGE ONLY,\N,N,2022,MONDAY,SINGLE VEHICLE,N,N,49.18059,-122.843968,Y,JANUARY,N,SURREY,SURREY,SURREY,N,Y,N,LOWER MAINLAND,FRASER HWY # 013601 TO 013699 odd,FRASER HWY,FRASER HWY,09:00-11:59,1,0
N,PROPERTY DAMAGE ONLY,\N,N,2022,MONDAY,SINGLE VEHICLE,N,N,49.181301,-123.136662,Y,JANUARY,N,RICHMOND,RICHMOND,RICHMOND,N,Y,N,LOWER MAINLAND,NO 3 RD # 004201 TO 004679 odd,NO 3 RD,NO 3 RD,09:00-11:59,1,0
N,PROPERTY DAMAGE ONLY,\N,N,2022,MONDAY,SINGLE VEHICLE,N,N,49.183472,-122.730629,Y,JANUARY,N,SURREY,SURREY,SURREY,N,N,N,LOWER MAINLAND,BARNSTON DR E # 009933 TO 009987,BARNSTON DR E,BARNSTON DR E,09:00-11:59,1,0
N,PROPERTY DAMAGE ONLY,\N,N,2022,MONDAY,SINGLE VEHICLE,N,N,49.183536,-123.133217,Y,JANUARY,N,RICHMOND,RICHMOND,RICHMOND,N,Y,N,LOWER MAINLAND,HAZELBRIDGE WAY # 004147 TO 004183 odd,HAZELBRIDGE WAY,HAZELBRIDGE WAY,09:00-11:59,1,0
N,PROPERTY DAMAGE ONLY,\N,N,2022,MONDAY,SINGLE VEHICLE,N,N,49.191565,-122.840808,Y,JANUARY,N,SURREY,SURREY,SURREY,Y,Y,N,LOWER MAINLAND,104 AVE # 013721 TO 013799 odd,104 AVE,104 AVE,09:00-11:59,1,0
N,PROPERTY DAMAGE ONLY,\N,N,2022,MONDAY,SINGLE VEHICLE,N,N,49.192477,-124.000234,Y,JANUARY,N,NANAIMO,NANAIMO,NANAIMO,N,N,N,VANCOUVER ISLAND,CLARA PL # 002100 TO 002119,CLARA PL,CLARA PL,09:00-11:59,1,0
N,PROPERTY DAMAGE ONLY,\N,N,2022,MONDAY,SINGLE VEHICLE,N,N,49.193728,-122.764418,Y,JANUARY,N,SURREY,SURREY,SURREY,N,N,N,LOWER MAINLAND,GLENWOOD CRES S # 016460 TO 016539,GLENWOOD CRES S,GLENWOOD CRES S,09:00-11:59,1,0
N,PROPERTY DAMAGE ONLY,\N,N,2022,MONDAY,SINGLE VEHICLE,N,N,49.203094,-122.845275,Y,JANUARY,N,SURREY,SURREY,SURREY,N,Y,N,LOWER MAINLAND,136 ST # 011000 TO 011059,136 ST,136 ST,09:00-11:59,1,0
N,PROPERTY DAMAGE ONLY,\N,N,2022,MONDAY,SINGLE VEHICLE,N,N,49.218314,-123.093314,Y,JANUARY,N,VANCOUVER,VANCOUVER,VANCOUVER,N,N,N,LOWER MAINLAND,E 57TH AVE # 000490 TO 000657,E 57TH AVE,E 57TH AVE,09:00-11:59,1,0
N,PROPERTY DAMAGE ONLY,\N,N,2022,MONDAY,SINGLE VEHICLE,N,N,49.219306,-122.60172,Y,JANUARY,N,MAPLE RIDGE,MAPLE RIDGE,MAPLE RIDGE,Y,Y,N,LOWER MAINLAND,224 ST # 011920 TO 011949,224 ST,224 ST,09:00-11:59,1,0
N,PROPERTY DAMAGE ONLY,\N,N,2022,MONDAY,SINGLE VEHICLE,N,N,49.219992,-123.103974,Y,JANUARY,N,VANCOUVER,VANCOUVER,VANCOUVER,N,N,N,LOWER MAINLAND,QUEBEC ST # 007100 TO 007147,QUEBEC ST,QUEBEC ST,09:00-11:59,1,0
N,PROPERTY DAMAGE ONLY,\N,N,2022,MONDAY,SINGLE VEHICLE,N,N,49.225556,-123.095797,Y,JANUARY,N,VANCOUVER,VANCOUVER,VANCOUVER,N,N,N,LOWER MAINLAND,E 49TH AVE # 000400 TO 000499,E 49TH AVE,E 49TH AVE,09:00-11:59,1,0
N,PROPERTY DAMAGE ONLY,\N,N,2022,MONDAY,SINGLE VEHICLE,N,N,49.23127,-124.804716,Y,JANUARY,N,PORT ALBERNI,PORT ALBERNI,PORT ALBERNI,N,N,N,VANCOUVER ISLAND,5TH AVE # 002800 TO 002899,5TH AVE,5TH AVE,09:00-11:59,1,0
N,PROPERTY DAMAGE ONLY,\N,N,2022,MONDAY,SINGLE VEHICLE,N,N,49.233529,-122.952274,Y,JANUARY,N,BURNABY,BURNABY,BURNABY,N,N,N,LOWER MAINLAND,CANADA WAY # 006100 TO 006261,CANADA WAY,CANADA WAY,09:00-11:59,1,0
N,PROPERTY DAMAGE ONLY,\N,N,2022,MONDAY,SINGLE VEHICLE,N,N,49.235224,-123.984877,Y,JANUARY,N,NANAIMO,NANAIMO,NANAIMO,N,N,N,VANCOUVER ISLAND,CURRIE PL # 004970 TO 004999,CURRIE PL,CURRIE PL,09:00-11:59,1,0
N,PROPERTY DAMAGE ONLY,\N,N,2022,MONDAY,SINGLE VEHICLE,N,N,49.237344,-123.157293,Y,JANUARY,N,VANCOUVER,VANCOUVER,VANCOUVER,N,N,N,LOWER MAINLAND,W 38TH AVE # 002124 TO 002199,W 38TH AVE,W 38TH AVE,09:00-11:59,1,0
N,PROPERTY DAMAGE ONLY,\N,N,2022,MONDAY,SINGLE VEHICLE,N,N,49.237935,-122.871156,Y,JANUARY,N,COQUITLAM,COQUITLAM,COQUITLAM,N,Y,N,LOWER MAINLAND,RODERICK AVE # 000902 TO 000939,RODERICK AVE,RODERICK AVE,09:00-11:59,1,0
N,PROPERTY DAMAGE ONLY,\N,N,2022,MONDAY,SINGLE VEHICLE,N,N,49.242722,-123.143981,Y,JANUARY,N,VANCOUVER,VANCOUVER,VANCOUVER,N,N,N,LOWER MAINLAND,MARGUERITE ST # 004700 TO 004899,MARGUERITE ST,MARGUERITE ST,09:00-11:59,1,0
N,PROPERTY DAMAGE ONLY,\N,N,2022,MONDAY,SINGLE VEHICLE,N,N,49.246931000000004,-122.748594,Y,JANUARY,N,PORT COQUITLAM,PORT COQUITLAM,PORT COQUITLAM,N,Y,N,LOWER MAINLAND,KINGSWAY AVE # 001201 TO 001233 odd,KINGSWAY AVE,KINGSWAY AVE,09:00-11:59,1,0
N,PROPERTY DAMAGE ONLY,\N,N,2022,MONDAY,SINGLE VEHICLE,N,N,49.253661,-122.815752,Y,JANUARY,N,COQUITLAM,COQUITLAM,COQUITLAM,N,Y,N,LOWER MAINLAND,MARINER WAY # 000550 TO 000648 even,MARINER WAY,MARINER WAY,09:00-11:59,1,0
N,PROPERTY DAMAGE ONLY,\N,N,2022,MONDAY,SINGLE VEHICLE,N,N,49.258373,-123.116262,Y,JANUARY,N,VANCOUVER,VANCOUVER,VANCOUVER,N,N,N,LOWER MAINLAND,PROMENADE MEWS # 003000 TO 003160,PROMENADE MEWS,PROMENADE MEWS,09:00-11:59,1,0
N,PROPERTY DAMAGE ONLY,\N,N,2022,MONDAY,SINGLE VEHICLE,N,N,49.261075,-123.098019,Y,JANUARY,N,VANCOUVER,VANCOUVER,VANCOUVER,N,Y,N,LOWER MAINLAND,E 11TH AVE # 000300 TO 000311,E 11TH AVE,E 11TH AVE,09:00-11:59,1,0
N,PROPERTY DAMAGE ONLY,\N,N,2022,MONDAY,SINGLE VEHICLE,N,N,49.261732,-123.004913,Y,JANUARY,N,BURNABY,BURNABY,BURNABY,N,Y,N,LOWER MAINLAND,STILL CREEK DR # 004400 TO 004499,STILL CREEK DR,STILL CREEK DR,09:00-11:59,1,0
N,PROPERTY DAMAGE ONLY,\N,N,2022,MONDAY,SINGLE VEHICLE,N,N,49.262946,-123.255945,Y,JANUARY,N,UBC,UBC,UBC,N,Y,N,LOWER MAINLAND,LOWER MALL # 002100 TO 002145,LOWER MALL,LOWER MALL,09:00-11:59,1,0
N,PROPERTY DAMAGE ONLY,\N,N,2022,MONDAY,SINGLE VEHICLE,N,N,49.263762,-123.149342,Y,JANUARY,N,VANCOUVER,VANCOUVER,VANCOUVER,N,N,N,LOWER MAINLAND,W BROADWAY # 001900 TO 001999,W BROADWAY,W BROADWAY,09:00-11:59,1,0
N,PROPERTY DAMAGE ONLY,\N,N,2022,MONDAY,SINGLE VEHICLE,N,N,49.264875,-123.148093,Y,JANUARY,N,VANCOUVER,VANCOUVER,VANCOUVER,N,N,N,LOWER MAINLAND,CYPRESS ST # 002352 TO 002399,CYPRESS ST,CYPRESS ST,09:00-11:59,1,0
N,PROPERTY DAMAGE ONLY,\N,N,2022,MONDAY,SINGLE VEHICLE,N,N,49.266407,-123.004655,Y,JANUARY,N,BURNABY,BURNABY,BURNABY,Y,Y,N,LOWER MAINLAND,LOUGHEED HWY # 004400 TO 004498 even,LOUGHEED HWY,LOUGHEED HWY,09:00-11:59,1,0
N,PROPERTY DAMAGE ONLY,\N,N,2022,MONDAY,SINGLE VEHICLE,N,N,49.26798,-123.143021,Y,JANUARY,N,VANCOUVER,VANCOUVER,VANCOUVER,N,Y,N,LOWER MAINLAND,W 4TH AVE # 001660 TO 001699,W 4TH AVE,W 4TH AVE,09:00-11:59,1,0
N,PROPERTY DAMAGE ONLY,\N,N,2022,MONDAY,SINGLE VEHICLE,N,N,49.269334,-123.065773,Y,JANUARY,N,VANCOUVER,VANCOUVER,VANCOUVER,N,Y,N,LOWER MAINLAND,VICTORIA DR # 001700 TO 001749,VICTORIA DR,VICTORIA DR,09:00-11:59,1,0
N,PROPERTY DAMAGE ONLY,\N,N,2022,MONDAY,SINGLE VEHICLE,N,N,49.270194,-122.859363,Y,JANUARY,N,COQUITLAM,COQUITLAM,COQUITLAM,N,N,N,LOWER MAINLAND,LUXTON SQ # 001100 TO 001219,LUXTON SQ,LUXTON SQ,09:00-11:59,1,0
N,PROPERTY DAMAGE ONLY,\N,N,2022,MONDAY,SINGLE VEHICLE,N,N,49.277246,-123.109391,Y,JANUARY,N,VANCOUVER,VANCOUVER,VANCOUVER,N,N,N,LOWER MAINLAND,GRIFFITHS WAY # 000800 TO 000849,GRIFFITHS WAY,GRIFFITHS WAY,09:00-11:59,2,0
N,PROPERTY DAMAGE ONLY,\N,N,2022,MONDAY,SINGLE VEHICLE,N,N,49.281053,-122.985635,Y,JANUARY,N,BURNABY,BURNABY,BURNABY,N,Y,N,LOWER MAINLAND,CAPITOL DR # 005300 TO 005399,CAPITOL DR,CAPITOL DR,09:00-11:59,1,0
N,PROPERTY DAMAGE ONLY,\N,N,2022,MONDAY,SINGLE VEHICLE,N,N,49.289803,-123.128233,Y,JANUARY,N,VANCOUVER,VANCOUVER,VANCOUVER,N,Y,N,LOWER MAINLAND,W PENDER ST # 001400 TO 001499,W PENDER ST,W PENDER ST,09:00-11:59,1,0
N,PROPERTY DAMAGE ONLY,\N,N,2022,MONDAY,SINGLE VEHICLE,N,N,49.292481,-122.852669,Y,JANUARY,N,PORT MOODY,PORT MOODY,PORT MOODY,N,N,N,LOWER MAINLAND,IOCO RD # 000750 TO 000799,IOCO RD,IOCO RD,09:00-11:59,1,0
N,PROPERTY DAMAGE ONLY,\N,N,2022,MONDAY,SINGLE VEHICLE,N,N,49.324661,-123.072254,Y,JANUARY,N,NORTH VANCOUVER,NORTH VANCOUVER,NORTH VANCOUVER,N,Y,N,LOWER MAINLAND,LONSDALE AVE # 001700 TO 001799,LONSDALE AVE,LONSDALE AVE,09:00-11:59,2,0
N,PROPERTY DAMAGE ONLY,\N,N,2022,MONDAY,SINGLE VEHICLE,N,N,49.334849,-123.08811,Y,JANUARY,N,NORTH VANCOUVER,NORTH VANCOUVER,NORTH VANCOUVER,N,N,N,LOWER MAINLAND,WESTVIEW DR # 002700 TO 002799,WESTVIEW DR,WESTVIEW DR,09:00-11:59,1,0
N,PROPERTY DAMAGE ONLY,\N,N,2022,MONDAY,SINGLE VEHICLE,N,N,49.344865,-124.394555,Y,JANUARY,N,QUALICUM BEACH,QUALICUM BEACH,QUALICUM BEACH,N,N,N,VANCOUVER ISLAND,ANSON PL # 000740 TO 000799,ANSON PL,ANSON PL,09:00-11:59,1,0
N,PROPERTY DAMAGE ONLY,\N,N,2022,MONDAY,SINGLE VEHICLE,N,N,49.350225,-123.095558,Y,JANUARY,N,NORTH VANCOUVER,NORTH VANCOUVER,NORTH VANCOUVER,N,N,N,LOWER MAINLAND,LIONS AVE # 004370 TO 004399,LIONS AVE,LIONS AVE,09:00-11:59,1,0
N,PROPERTY DAMAGE ONLY,\N,N,2022,MONDAY,SINGLE VEHICLE,N,N,49.466616,-119.574719,Y,JANUARY,N,PENTICTON,PENTICTON,PENTICTON,N,N,N,SOUTHERN INTERIOR,GREEN AVE E # 000150 TO 000265,GREEN AVE E,GREEN AVE E,09:00-11:59,1,0
N,PROPERTY DAMAGE ONLY,\N,N,2022,MONDAY,SINGLE VEHICLE,N,N,49.479096,-117.29848,Y,JANUARY,N,NELSON,NELSON,NELSON,N,N,N,SOUTHERN INTERIOR,W BEASLEY ST # 000410 TO 000600,W BEASLEY ST,W BEASLEY ST,09:00-11:59,1,0
N,PROPERTY DAMAGE ONLY,\N,N,2022,MONDAY,SINGLE VEHICLE,N,N,49.482646,-119.578336,Y,JANUARY,N,PENTICTON,PENTICTON,PENTICTON,N,Y,N,SOUTHERN INTERIOR,CARMI AVE # 000550 TO 000579,CARMI AVE,CARMI AVE,09:00-11:59,1,0
N,PROPERTY DAMAGE ONLY,\N,N,2022,MONDAY,SINGLE VEHICLE,N,N,49.492007,-123.851925,Y,JANUARY,N,HALFMOON BAY,HALFMOON BAY,HALFMOON BAY,N,Y,N,LOWER MAINLAND,LEANING TREE RD # 005970 TO 006099,LEANING TREE RD,LEANING TREE RD,09:00-11:59,1,0
N,PROPERTY DAMAGE ONLY,\N,N,2022,MONDAY,SINGLE VEHICLE,N,N,49.502477,-119.595,Y,JANUARY,N,PENTICTON,PENTICTON,PENTICTON,N,N,N,SOUTHERN INTERIOR,LAKESHORE DR W # 000000 TO 000099,LAKESHORE DR W,LAKESHORE DR W,09:00-11:59,1,0
N,PROPERTY DAMAGE ONLY,\N,N,2022,MONDAY,SINGLE VEHICLE,N,N,49.57392,-123.226221,Y,JANUARY,N,FURRY CREEK,FURRY CREEK,FURRY CREEK,N,Y,N,LOWER MAINLAND,FURRY CREEK DR # 000100 TO 000339,FURRY CREEK DR,FURRY CREEK DR,09:00-11:59,1,0
N,PROPERTY DAMAGE ONLY,\N,N,2022,MONDAY,SINGLE VEHICLE,N,N,49.817631,-119.494445,Y,JANUARY,N,KELOWNA,KELOWNA,KELOWNA,N,N,N,SOUTHERN INTERIOR,LAKESHORE RD # 004600 TO 004649,LAKESHORE RD,LAKESHORE RD,09:00-11:59,1,0
N,PROPERTY DAMAGE ONLY,\N,N,2022,MONDAY,SINGLE VEHICLE,N,N,49.82868,-119.626112,Y,JANUARY,N,WEST KELOWNA,WEST KELOWNA,WEST KELOWNA,N,Y,N,SOUTHERN INTERIOR,DOBBIN RD # 002403 TO 002424,DOBBIN RD,DOBBIN RD,09:00-11:59,1,0
N,PROPERTY DAMAGE ONLY,\N,N,2022,MONDAY,SINGLE VEHICLE,N,N,49.838052,-119.487967,Y,JANUARY,N,KELOWNA,KELOWNA,KELOWNA,N,N,N,SOUTHERN INTERIOR,LAKESHORE RD # 004000 TO 004104,LAKESHORE RD,LAKESHORE RD,09:00-11:59,1,0
N,PROPERTY DAMAGE ONLY,\N,N,2022,MONDAY,SINGLE VEHICLE,N,N,49.881803,-119.439105,Y,JANUARY,N,KELOWNA,KELOWNA,KELOWNA,N,Y,N,SOUTHERN INTERIOR,HARVEY AVE # 002121 TO 002279 odd,HARVEY AVE,HARVEY AVE,09:00-11:59,1,0
N,PROPERTY DAMAGE ONLY,\N,N,2022,MONDAY,SINGLE VEHICLE,N,N,50.019015,-121.534151,Y,JANUARY,N,BOSTON BAR,BOSTON BAR,BOSTON BAR,N,N,N,LOWER MAINLAND,KEEFERS RD # 056322 TO 056699,KEEFERS RD,KEEFERS RD,09:00-11:59,1,0
N,PROPERTY DAMAGE ONLY,\N,N,2022,MONDAY,SINGLE VEHICLE,N,N,50.251415,-119.348276,Y,JANUARY,N,VERNON,VERNON,VERNON,N,N,N,SOUTHERN INTERIOR,JASPER DR # 007050 TO 007131,JASPER DR,JASPER DR,09:00-11:59,1,0
N,PROPERTY DAMAGE ONLY,\N,N,2022,MONDAY,SINGLE VEHICLE,N,N,50.578073,-119.361311,Y,JANUARY,N,SALMON ARM,SALMON ARM,SALMON ARM,N,N,N,SOUTHERN INTERIOR,SALMON RIVER RD # 001224 TO 001249,SALMON RIVER RD,SALMON RIVER RD,09:00-11:59,1,0
N,PROPERTY DAMAGE ONLY,\N,N,2022,MONDAY,SINGLE VEHICLE,N,N,50.747751,-120.352615,Y,JANUARY,N,KAMLOOPS,KAMLOOPS,KAMLOOPS,N,Y,N,SOUTHERN INTERIOR,SANDPIPER DR # 002523 TO 002599,SANDPIPER DR,SANDPIPER DR,09:00-11:59,1,0
N,PROPERTY DAMAGE ONLY,\N,N,2022,MONDAY,SINGLE VEHICLE,N,N,50.959125,-118.164624,Y,JANUARY,N,REVELSTOKE,REVELSTOKE,REVELSTOKE,N,Y,N,SOUTHERN INTERIOR,CAMOZZI RD # 002878 TO 002973,CAMOZZI RD,CAMOZZI RD,09:00-11:59,1,0
N,PROPERTY DAMAGE ONLY,\N,N,2022,MONDAY,SINGLE VEHICLE,N,N,50.976801,-118.191536,Y,JANUARY,N,REVELSTOKE,REVELSTOKE,REVELSTOKE,N,N,N,SOUTHERN INTERIOR,NEWLANDS RD # 001150 TO 001219,NEWLANDS RD,NEWLANDS RD,09:00-11:59,1,0
N,PROPERTY DAMAGE ONLY,\N,N,2022,MONDAY,SINGLE VEHICLE,N,N,52.930491,-122.474102,Y,JANUARY,N,QUESNEL,QUESNEL,QUESNEL,N,Y,N,NORTH CENTRAL,VEILLETTE RD # 001700 TO 001749,VEILLETTE RD,VEILLETTE RD,09:00-11:59,1,0
N,PROPERTY DAMAGE ONLY,\N,N,2022,MONDAY,SINGLE VEHICLE,N,N,54.093891,-128.619195,Y,JANUARY,N,KITIMAT,KITIMAT,KITIMAT,N,N,N,NORTH CENTRAL,DOLLY VARDEN ST # 000000 TO 000099,DOLLY VARDEN ST,DOLLY VARDEN ST,09:00-11:59,1,0
N,PROPERTY DAMAGE ONLY,\N,N,2022,MONDAY,SINGLE VEHICLE,N,N,54.308365,-130.329642,Y,JANUARY,N,PRINCE RUPERT,PRINCE RUPERT,PRINCE RUPERT,N,N,N,NORTH CENTRAL,BORDEN ST # 000800 TO 001059,BORDEN ST,BORDEN ST,09:00-11:59,1,0
N,PROPERTY DAMAGE ONLY,\N,N,2022,MONDAY,SINGLE VEHICLE,Y,N,\N,\N,N,JANUARY,N,ENDAKO,ENDAKO,\N,N,N,N,NORTH CENTRAL,UNKNOWN,HWY 16,HWY 16,09:00-11:59,1,0
N,PROPERTY DAMAGE ONLY,\N,N,2022,MONDAY,SINGLE VEHICLE,Y,N,\N,\N,N,JANUARY,N,NANAIMO,NANAIMO,\N,N,N,N,VANCOUVER ISLAND,UNKNOWN,JACKSON ROAD,JACKSON ROAD,09:00-11:59,1,0
N,PROPERTY DAMAGE ONLY,\N,N,2022,MONDAY,SINGLE VEHICLE,Y,N,\N,\N,N,JANUARY,N,TERRACE,TERRACE,\N,N,N,N,NORTH CENTRAL,UNKNOWN,FIDDLER CREEK FSR,FIDDLER CREEK FSR,09:00-11:59,1,0
N,PROPERTY DAMAGE ONLY,\N,N,2022,MONDAY,SINGLE VEHICLE,Y,N,49.032,-123.066148,Y,JANUARY,N,DELTA,DELTA,DELTA,N,Y,N,LOWER MAINLAND,16 AVE # 005680 TO 005699,16 AVE,16 AVE,09:00-11:59,1,0
N,PROPERTY DAMAGE ONLY,\N,N,2022,MONDAY,SINGLE VEHICLE,Y,N,49.133321,-123.094652,Y,JANUARY,N,RICHMOND,RICHMOND,RICHMOND,N,Y,N,LOWER MAINLAND,STEVESTON HWY # 011518 TO 012000 even,STEVESTON HWY,STEVESTON HWY,09:00-11:59,1,0
N,PROPERTY DAMAGE ONLY,\N,N,2022,MONDAY,SINGLE VEHICLE,Y,N,49.253867,-122.744245,Y,JANUARY,N,PORT COQUITLAM,PORT COQUITLAM,PORT COQUITLAM,N,Y,N,LOWER MAINLAND,LOUGHEED HWY # 000880 TO 001070 even,LOUGHEED HWY,LOUGHEED HWY,09:00-11:59,1,0
N,PROPERTY DAMAGE ONLY,\N,N,2022,MONDAY,SINGLE VEHICLE,Y,N,49.898322,-119.411491,Y,JANUARY,N,KELOWNA,KELOWNA,KELOWNA,N,Y,N,SOUTHERN INTERIOR,HWY 97 N # 002701 TO 002799 odd,HWY 97 N,HWY 97 N,09:00-11:59,1,0
N,PROPERTY DAMAGE ONLY,\N,N,2022,MONDAY,SINGLE VEHICLE,Y,N,50.280358,-119.262384,Y,JANUARY,N,VERNON,VERNON,VERNON,N,Y,N,SOUTHERN INTERIOR,23 ST # 004600 TO 004799,23 ST,23 ST,09:00-11:59,1,0
N,PROPERTY DAMAGE ONLY,\N,N,2022,MONDAY,UNDETERMINED,N,N,\N,\N,N,JANUARY,N,ABBOTSFORD,ABBOTSFORD,\N,Y,N,N,LOWER MAINLAND,UNKNOWN,SADONI AVE,SADONI AVE,09:00-11:59,1,0
N,PROPERTY DAMAGE ONLY,\N,N,2022,MONDAY,UNDETERMINED,N,N,\N,\N,N,JANUARY,N,BURNABY,BURNABY,\N,N,Y,N,LOWER MAINLAND,UNKNOWN,KINGSWAY,KINGSWAY,09:00-11:59,1,0
N,PROPERTY DAMAGE ONLY,\N,N,2022,MONDAY,UNDETERMINED,N,N,\N,\N,N,JANUARY,N,CASTLEGAR,CASTLEGAR,\N,Y,N,N,SOUTHERN INTERIOR,UNKNOWN,WATERLOO RD,WATERLOO RD,09:00-11:59,1,0
N,PROPERTY DAMAGE ONLY,\N,N,2022,MONDAY,UNDETERMINED,N,N,\N,\N,N,JANUARY,N,CHILLIWACK,CHILLIWACK,\N,N,N,N,LOWER MAINLAND,UNKNOWN,NEWMAN RD,NEWMAN RD,09:00-11:59,1,0
N,PROPERTY DAMAGE ONLY,\N,N,2022,MONDAY,UNDETERMINED,N,N,\N,\N,N,JANUARY,N,CHILLIWACK,CHILLIWACK,\N,Y,N,N,LOWER MAINLAND,UNKNOWN,6434 VEDDER RD,6434 VEDDER RD,09:00-11:59,1,0
N,PROPERTY DAMAGE ONLY,\N,N,2022,MONDAY,UNDETERMINED,N,N,\N,\N,N,JANUARY,N,CHILLIWACK,CHILLIWACK,\N,Y,N,N,LOWER MAINLAND,UNKNOWN,ESTATE DR,ESTATE DR,09:00-11:59,1,0
N,PROPERTY DAMAGE ONLY,\N,N,2022,MONDAY,UNDETERMINED,N,N,\N,\N,N,JANUARY,N,COQUITLAM,COQUITLAM,\N,N,N,N,LOWER MAINLAND,UNKNOWN,NORTH RD,NORTH RD,09:00-11:59,1,0
N,PROPERTY DAMAGE ONLY,\N,N,2022,MONDAY,UNDETERMINED,N,N,\N,\N,N,JANUARY,N,DELTA,DELTA,\N,Y,N,N,LOWER MAINLAND,UNKNOWN,UNKNOWN,UNKNOWN,09:00-11:59,1,0
N,PROPERTY DAMAGE ONLY,\N,N,2022,MONDAY,UNDETERMINED,N,N,\N,\N,N,JANUARY,N,GREENWOOD,GREENWOOD,\N,N,N,N,SOUTHERN INTERIOR,UNKNOWN,WILGRESS LAKE AREA ON HWY 3,WILGRESS LAKE AREA ON HWY 3,09:00-11:59,1,0
N,PROPERTY DAMAGE ONLY,\N,N,2022,MONDAY,UNDETERMINED,N,N,\N,\N,N,JANUARY,N,KAMLOOPS,KAMLOOPS,\N,Y,Y,N,SOUTHERN INTERIOR,UNKNOWN,MT PAUL WAY,MT PAUL WAY,09:00-11:59,2,0
N,PROPERTY DAMAGE ONLY,\N,N,2022,MONDAY,UNDETERMINED,N,N,\N,\N,N,JANUARY,N,LANGLEY,LANGLEY,\N,Y,Y,N,LOWER MAINLAND,UNKNOWN,WILLOWBROOK DR,WILLOWBROOK DR,09:00-11:59,1,0
N,PROPERTY DAMAGE ONLY,\N,N,2022,MONDAY,UNDETERMINED,N,N,\N,\N,N,JANUARY,N,NEW WESTMINSTER,NEW WESTMINSTER,\N,Y,N,N,LOWER MAINLAND,UNKNOWN,FRONT ST,FRONT ST,09:00-11:59,1,0
N,PROPERTY DAMAGE ONLY,\N,N,2022,MONDAY,UNDETERMINED,N,N,\N,\N,N,JANUARY,N,NORTH VANCOUVER,NORTH VANCOUVER,\N,N,N,N,LOWER MAINLAND,UNKNOWN,TALL TREE LANE,TALL TREE LANE,09:00-11:59,1,0
N,PROPERTY DAMAGE ONLY,\N,N,2022,MONDAY,UNDETERMINED,N,N,\N,\N,N,JANUARY,N,PENTICTON,PENTICTON,\N,N,N,N,SOUTHERN INTERIOR,UNKNOWN,TORONTO AVE,TORONTO AVE,09:00-11:59,1,0
N,PROPERTY DAMAGE ONLY,\N,N,2022,MONDAY,UNDETERMINED,N,N,\N,\N,N,JANUARY,N,QUALICUM BEACH,QUALICUM BEACH,\N,N,N,N,VANCOUVER ISLAND,UNKNOWN,ISLAND HWY W,ISLAND HWY W,09:00-11:59,1,0
N,PROPERTY DAMAGE ONLY,\N,N,2022,MONDAY,UNDETERMINED,N,N,\N,\N,N,JANUARY,N,RICHMOND,RICHMOND,\N,Y,Y,N,LOWER MAINLAND,UNKNOWN,MERCHANTMAN PLACE,MERCHANTMAN PLACE,09:00-11:59,1,0
N,PROPERTY DAMAGE ONLY,\N,N,2022,MONDAY,UNDETERMINED,N,N,\N,\N,N,JANUARY,N,SURREY,SURREY,\N,Y,N,N,LOWER MAINLAND,UNKNOWN,133 STREET,133 STREET,09:00-11:59,1,0
N,PROPERTY DAMAGE ONLY,\N,N,2022,MONDAY,UNDETERMINED,N,N,\N,\N,N,JANUARY,N,SURREY,SURREY,\N,Y,N,N,LOWER MAINLAND,UNKNOWN,137A ST,137A ST,09:00-11:59,1,0
N,PROPERTY DAMAGE ONLY,\N,N,2022,MONDAY,UNDETERMINED,N,N,\N,\N,N,JANUARY,N,SURREY,SURREY,\N,Y,N,N,LOWER MAINLAND,UNKNOWN,72 AVE,72 AVE,09:00-11:59,1,0
N,PROPERTY DAMAGE ONLY,\N,N,2022,MONDAY,UNDETERMINED,N,N,\N,\N,N,JANUARY,N,UNKNOWN,UNKNOWN,\N,Y,N,N,UNKNOWN,UNKNOWN,UNKNOWN,UNKNOWN,09:00-11:59,1,0
N,PROPERTY DAMAGE ONLY,\N,N,2022,MONDAY,UNDETERMINED,N,N,\N,\N,N,JANUARY,N,VANCOUVER,VANCOUVER,\N,N,N,N,LOWER MAINLAND,UNKNOWN,W 7TH AVE,W 7TH AVE,09:00-11:59,1,0
N,PROPERTY DAMAGE ONLY,\N,N,2022,MONDAY,UNDETERMINED,N,N,\N,\N,N,JANUARY,N,VANCOUVER,VANCOUVER,\N,Y,N,N,LOWER MAINLAND,UNKNOWN,KING EDWARD AVE,KING EDWARD AVE,09:00-11:59,1,0
N,PROPERTY DAMAGE ONLY,\N,N,2022,MONDAY,UNDETERMINED,N,N,\N,\N,N,JANUARY,N,VICTORIA,VICTORIA,\N,N,N,N,VANCOUVER ISLAND,UNKNOWN,MICHIGAN ST,MICHIGAN ST,09:00-11:59,1,0
N,PROPERTY DAMAGE ONLY,\N,N,2022,MONDAY,UNDETERMINED,N,N,\N,\N,N,JANUARY,N,VICTORIA,VICTORIA,\N,N,Y,N,VANCOUVER ISLAND,UNKNOWN,CAREY RD,CAREY RD,09:00-11:59,1,0
N,PROPERTY DAMAGE ONLY,\N,N,2022,MONDAY,UNDETERMINED,N,N,\N,\N,N,JANUARY,N,VICTORIA,VICTORIA,\N,Y,N,N,VANCOUVER ISLAND,UNKNOWN,PARKER AVE,PARKER AVE,09:00-11:59,1,0
N,PROPERTY DAMAGE ONLY,\N,N,2022,MONDAY,UNDETERMINED,N,N,\N,\N,N,JANUARY,N,WEST KELOWNA,WEST KELOWNA,\N,Y,Y,N,SOUTHERN INTERIOR,UNKNOWN,LOUIE DR,LOUIE DR,09:00-11:59,1,0
N,PROPERTY DAMAGE ONLY,\N,N,2022,MONDAY,UNDETERMINED,N,N,48.417268,-123.367569,Y,JANUARY,N,VICTORIA,VICTORIA,VICTORIA,Y,Y,N,VANCOUVER ISLAND,MICHIGAN ST # 000610 TO 000659,MICHIGAN ST,MICHIGAN ST,09:00-11:59,1,0
N,PROPERTY DAMAGE ONLY,\N,N,2022,MONDAY,UNDETERMINED,N,N,48.41814,-123.379738,Y,JANUARY,N,VICTORIA,VICTORIA,VICTORIA,Y,N,N,VANCOUVER ISLAND,SIMCOE ST # 000218 TO 000299,SIMCOE ST,SIMCOE ST,09:00-11:59,1,0
N,PROPERTY DAMAGE ONLY,\N,N,2022,MONDAY,UNDETERMINED,N,N,48.437464,-123.391867,Y,JANUARY,N,VICTORIA,VICTORIA,VICTORIA,Y,N,N,VANCOUVER ISLAND,RENO ST # 001100 TO 001149,RENO ST,RENO ST,09:00-11:59,1,0
N,PROPERTY DAMAGE ONLY,\N,N,2022,MONDAY,UNDETERMINED,N,N,48.441757,-123.469911,Y,JANUARY,N,COLWOOD,COLWOOD,COLWOOD,N,Y,N,VANCOUVER ISLAND,SOOKE RD # 001901 TO 001909 odd,SOOKE RD,SOOKE RD,09:00-11:59,1,0
N,PROPERTY DAMAGE ONLY,\N,N,2022,MONDAY,UNDETERMINED,N,N,48.443325,-123.384795,Y,JANUARY,N,VICTORIA,VICTORIA,VICTORIA,Y,Y,N,VANCOUVER ISLAND,GORGE RD E # 000110 TO 000151,GORGE RD E,GORGE RD E,09:00-11:59,1,0
N,PROPERTY DAMAGE ONLY,\N,N,2022,MONDAY,UNDETERMINED,N,N,48.464569,-123.33283,Y,JANUARY,N,SAANICH,SAANICH,SAANICH,Y,Y,N,VANCOUVER ISLAND,SHELBOURNE ST # 003880 TO 003899,SHELBOURNE ST,SHELBOURNE ST,09:00-11:59,1,0
N,PROPERTY DAMAGE ONLY,\N,N,2022,MONDAY,UNDETERMINED,N,N,48.484657,-123.325777,Y,JANUARY,N,SAANICH,SAANICH,SAANICH,Y,N,N,VANCOUVER ISLAND,TORQUAY DR # 004359 TO 004381,TORQUAY DR,TORQUAY DR,09:00-11:59,1,0
N,PROPERTY DAMAGE ONLY,\N,N,2022,MONDAY,UNDETERMINED,N,N,48.496104,-123.389793,Y,JANUARY,N,SAANICH,SAANICH,SAANICH,N,Y,N,VANCOUVER ISLAND,WEST SAANICH RD # 004528 TO 004535,WEST SAANICH RD,WEST SAANICH RD,09:00-11:59,1,0
N,PROPERTY DAMAGE ONLY,\N,N,2022,MONDAY,UNDETERMINED,N,N,48.640199,-123.558278,Y,JANUARY,N,MILL BAY,MILL BAY,MILL BAY,N,N,N,VANCOUVER ISLAND,WINDSONG PL # 000780 TO 000829,WINDSONG PL,WINDSONG PL,09:00-11:59,1,0
N,PROPERTY DAMAGE ONLY,\N,N,2022,MONDAY,UNDETERMINED,N,N,48.774518,-123.698924,Y,JANUARY,N,DUNCAN,DUNCAN,DUNCAN,Y,Y,N,VANCOUVER ISLAND,TRANS-CANADA HWY # 000101 TO 000199 odd,TRANS-CANADA HWY,TRANS-CANADA HWY,09:00-11:59,1,0
N,PROPERTY DAMAGE ONLY,\N,N,2022,MONDAY,UNDETERMINED,N,N,49.033323,-123.059786,Y,JANUARY,N,DELTA,DELTA,DELTA,Y,N,N,LOWER MAINLAND,FARRELL CRES # 001600 TO 001749,FARRELL CRES,FARRELL CRES,09:00-11:59,1,0
N,PROPERTY DAMAGE ONLY,\N,N,2022,MONDAY,UNDETERMINED,N,N,49.055322,-122.790177,Y,JANUARY,N,SURREY,SURREY,SURREY,Y,N,N,LOWER MAINLAND,156 ST # 002929 TO 002979,156 ST,156 ST,09:00-11:59,1,0
N,PROPERTY DAMAGE ONLY,\N,N,2022,MONDAY,UNDETERMINED,N,N,49.059388,-122.810545,Y,JANUARY,N,SURREY,SURREY,SURREY,Y,Y,N,LOWER MAINLAND,KING GEORGE BLVD # 003110 TO 003190 even,KING GEORGE BLVD,KING GEORGE BLVD,09:00-11:59,1,0
N,PROPERTY DAMAGE ONLY,\N,N,2022,MONDAY,UNDETERMINED,N,N,49.061542,-122.319873,Y,JANUARY,N,ABBOTSFORD,ABBOTSFORD,ABBOTSFORD,Y,N,N,LOWER MAINLAND,CHEAM DR # 003260 TO 003329,CHEAM DR,CHEAM DR,09:00-11:59,1,0
N,PROPERTY DAMAGE ONLY,\N,N,2022,MONDAY,UNDETERMINED,N,N,49.067333,-122.323844,Y,JANUARY,N,ABBOTSFORD,ABBOTSFORD,ABBOTSFORD,Y,Y,N,LOWER MAINLAND,HAIDA DR # 032450 TO 032529,HAIDA DR,HAIDA DR,09:00-11:59,1,0
N,PROPERTY DAMAGE ONLY,\N,N,2022,MONDAY,UNDETERMINED,N,N,49.095041,-122.626068,Y,JANUARY,N,LANGLEY,LANGLEY,LANGLEY,Y,N,N,LOWER MAINLAND,215A ST # 005100 TO 005139,215A ST,215A ST,09:00-11:59,1,0
N,PROPERTY DAMAGE ONLY,\N,N,2022,MONDAY,UNDETERMINED,N,N,49.095379,-117.708628,Y,JANUARY,N,TRAIL,TRAIL,TRAIL,Y,Y,N,SOUTHERN INTERIOR,CEDAR AVE # 001300 TO 001399,CEDAR AVE,CEDAR AVE,09:00-11:59,1,0
N,PROPERTY DAMAGE ONLY,\N,N,2022,MONDAY,UNDETERMINED,N,N,49.116982,-122.829748,Y,JANUARY,N,SURREY,SURREY,SURREY,Y,N,N,LOWER MAINLAND,62B AVE # 014140 TO 014199,62B AVE,62B AVE,09:00-11:59,1,0
N,PROPERTY DAMAGE ONLY,\N,N,2022,MONDAY,UNDETERMINED,N,N,49.121195,-122.890475,Y,JANUARY,N,DELTA,DELTA,DELTA,Y,Y,N,LOWER MAINLAND,120 ST # 006401 TO 006599 odd,120 ST,120 ST,09:00-11:59,1,0
N,PROPERTY DAMAGE ONLY,\N,N,2022,MONDAY,UNDETERMINED,N,N,49.122853,-122.870216,Y,JANUARY,N,SURREY,SURREY,SURREY,Y,N,N,LOWER MAINLAND,66 AVE # 012700 TO 012749,66 AVE,66 AVE,09:00-11:59,1,0
N,PROPERTY DAMAGE ONLY,\N,N,2022,MONDAY,UNDETERMINED,N,N,49.124769,-122.704243,Y,JANUARY,N,SURREY,SURREY,SURREY,Y,Y,N,LOWER MAINLAND,FRASER HWY # 018680 TO 018718 even,FRASER HWY,FRASER HWY,09:00-11:59,1,0
N,PROPERTY DAMAGE ONLY,\N,N,2022,MONDAY,UNDETERMINED,N,N,49.132228,-122.69853,Y,JANUARY,N,SURREY,SURREY,SURREY,Y,N,N,LOWER MAINLAND,189 ST # 007100 TO 007131,189 ST,189 ST,09:00-11:59,1,0
N,PROPERTY DAMAGE ONLY,\N,N,2022,MONDAY,UNDETERMINED,N,N,49.141049,-122.874784,Y,JANUARY,N,SURREY,SURREY,SURREY,Y,Y,N,LOWER MAINLAND,76 AVE # 012500 TO 012599,76 AVE,76 AVE,09:00-11:59,1,0
N,PROPERTY DAMAGE ONLY,\N,N,2022,MONDAY,UNDETERMINED,N,N,49.141137,-122.30949,Y,JANUARY,N,MISSION,MISSION,MISSION,N,Y,N,LOWER MAINLAND,GRAND ST # 007600 TO 007699,GRAND ST,GRAND ST,09:00-11:59,1,0
N,PROPERTY DAMAGE ONLY,\N,N,2022,MONDAY,UNDETERMINED,N,N,49.142857,-123.185585,Y,JANUARY,N,RICHMOND,RICHMOND,RICHMOND,Y,N,N,LOWER MAINLAND,KIRKMOND CRES # 009200 TO 009599,KIRKMOND CRES,KIRKMOND CRES,09:00-11:59,1,0
N,PROPERTY DAMAGE ONLY,\N,N,2022,MONDAY,UNDETERMINED,N,N,49.143251,-123.170284,Y,JANUARY,N,RICHMOND,RICHMOND,RICHMOND,Y,N,N,LOWER MAINLAND,GEAL RD # 009400 TO 009699,GEAL RD,GEAL RD,09:00-11:59,1,0
N,PROPERTY DAMAGE ONLY,\N,N,2022,MONDAY,UNDETERMINED,N,N,49.148881,-122.298669,Y,JANUARY,N,MISSION,MISSION,MISSION,Y,N,N,LOWER MAINLAND,KNIGHT AVE # 008040 TO 008199,KNIGHT AVE,KNIGHT AVE,09:00-11:59,1,0
N,PROPERTY DAMAGE ONLY,\N,N,2022,MONDAY,UNDETERMINED,N,N,49.151861,-121.977356,Y,JANUARY,N,CHILLIWACK,CHILLIWACK,CHILLIWACK,Y,N,N,LOWER MAINLAND,EAGLE LANDING PKY # 008208 TO 008261,EAGLE LANDING PKY,EAGLE LANDING PKY,09:00-11:59,1,0
N,PROPERTY DAMAGE ONLY,\N,N,2022,MONDAY,UNDETERMINED,N,N,49.16194,-121.92526,Y,JANUARY,N,CHILLIWACK,CHILLIWACK,CHILLIWACK,Y,N,N,LOWER MAINLAND,CHILLIWACK CENTRAL RD # 046692 TO 047199,CHILLIWACK CENTRAL RD,CHILLIWACK CENTRAL RD,09:00-11:59,1,0
N,PROPERTY DAMAGE ONLY,\N,N,2022,MONDAY,UNDETERMINED,N,N,49.163277,-122.833504,Y,JANUARY,N,SURREY,SURREY,SURREY,Y,Y,N,LOWER MAINLAND,140A ST # 008800 TO 008839,140A ST,140A ST,09:00-11:59,1,0
N,PROPERTY DAMAGE ONLY,\N,N,2022,MONDAY,UNDETERMINED,N,N,49.164237,-122.796556,Y,JANUARY,N,SURREY,SURREY,SURREY,Y,Y,N,LOWER MAINLAND,FRASER HWY # 015321 TO 015399 odd,FRASER HWY,FRASER HWY,09:00-11:59,1,0
N,PROPERTY DAMAGE ONLY,\N,N,2022,MONDAY,UNDETERMINED,N,N,49.170102,-122.808703,Y,JANUARY,N,SURREY,SURREY,SURREY,Y,N,N,LOWER MAINLAND,92 AVE # 014850 TO 014999,92 AVE,92 AVE,09:00-11:59,1,0
N,PROPERTY DAMAGE ONLY,\N,N,2022,MONDAY,UNDETERMINED,N,N,49.170111,-121.954197,Y,JANUARY,N,CHILLIWACK,CHILLIWACK,CHILLIWACK,N,Y,N,LOWER MAINLAND,YALE RD # 046020 TO 046079,YALE RD,YALE RD,09:00-11:59,1,0
N,PROPERTY DAMAGE ONLY,\N,N,2022,MONDAY,UNDETERMINED,N,N,49.176991,-122.657826,Y,JANUARY,N,LANGLEY,LANGLEY,LANGLEY,Y,N,N,LOWER MAINLAND,96 AVE # 020370 TO 020399,96 AVE,96 AVE,09:00-11:59,1,0
N,PROPERTY DAMAGE ONLY,\N,N,2022,MONDAY,UNDETERMINED,N,N,49.177001,-122.671702,Y,JANUARY,N,LANGLEY,LANGLEY,LANGLEY,N,Y,N,LOWER MAINLAND,96 AVE # 019750 TO 019929,96 AVE,96 AVE,09:00-11:59,1,0
N,PROPERTY DAMAGE ONLY,\N,N,2022,MONDAY,UNDETERMINED,N,N,49.177315,-121.952592,Y,JANUARY,N,CHILLIWACK,CHILLIWACK,CHILLIWACK,Y,N,N,LOWER MAINLAND,YOUNG RD # 009620 TO 009649,YOUNG RD,YOUNG RD,09:00-11:59,1,0
N,PROPERTY DAMAGE ONLY,\N,N,2022,MONDAY,UNDETERMINED,N,N,49.178081,-123.121298,Y,JANUARY,N,RICHMOND,RICHMOND,RICHMOND,Y,Y,N,LOWER MAINLAND,MCCLELLAND RD # 004700 TO 004799,MCCLELLAND RD,MCCLELLAND RD,09:00-11:59,1,0
N,PROPERTY DAMAGE ONLY,\N,N,2022,MONDAY,UNDETERMINED,N,N,49.183162,-121.95246,Y,JANUARY,N,CHILLIWACK,CHILLIWACK,CHILLIWACK,Y,Y,N,LOWER MAINLAND,YOUNG RD # 010000 TO 010021,YOUNG RD,YOUNG RD,09:00-11:59,1,0
N,PROPERTY DAMAGE ONLY,\N,N,2022,MONDAY,UNDETERMINED,N,N,49.18525,-122.84554,Y,JANUARY,N,SURREY,SURREY,SURREY,Y,N,N,LOWER MAINLAND,KING GEORGE BLVD # 010001 TO 010121 odd,KING GEORGE BLVD,KING GEORGE BLVD,09:00-11:59,1,0
N,PROPERTY DAMAGE ONLY,\N,N,2022,MONDAY,UNDETERMINED,N,N,49.187003,-122.845527,Y,JANUARY,N,SURREY,SURREY,SURREY,Y,Y,N,LOWER MAINLAND,KING GEORGE BLVD # 010153 TO 010199 odd,KING GEORGE BLVD,KING GEORGE BLVD,09:00-11:59,1,0
N,PROPERTY DAMAGE ONLY,\N,N,2022,MONDAY,UNDETERMINED,N,N,49.189187,-122.574391,Y,JANUARY,N,MAPLE RIDGE,MAPLE RIDGE,MAPLE RIDGE,Y,Y,N,LOWER MAINLAND,FISHERMAN RD # 023300 TO 023499,FISHERMAN RD,FISHERMAN RD,09:00-11:59,1,0
N,PROPERTY DAMAGE ONLY,\N,N,2022,MONDAY,UNDETERMINED,N,N,49.190089,-122.800995,Y,JANUARY,N,SURREY,SURREY,SURREY,Y,Y,N,LOWER MAINLAND,152 ST # 010251 TO 010399 odd,152 ST,152 ST,09:00-11:59,1,0
N,PROPERTY DAMAGE ONLY,\N,N,2022,MONDAY,UNDETERMINED,N,N,49.191973,-123.090511,Y,JANUARY,N,RICHMOND,RICHMOND,RICHMOND,Y,Y,N,LOWER MAINLAND,BRIDGEPORT RD # 012000 TO 012149,BRIDGEPORT RD,BRIDGEPORT RD,09:00-11:59,1,0
N,PROPERTY DAMAGE ONLY,\N,N,2022,MONDAY,UNDETERMINED,N,N,49.200045,-122.792559,Y,JANUARY,N,SURREY,SURREY,SURREY,Y,N,N,LOWER MAINLAND,155 ST # 010834 TO 010919,155 ST,155 ST,09:00-11:59,1,0
N,PROPERTY DAMAGE ONLY,\N,N,2022,MONDAY,UNDETERMINED,N,N,49.200095,-122.985434,Y,JANUARY,N,BURNABY,BURNABY,BURNABY,Y,Y,N,LOWER MAINLAND,BYRNE RD # 005300 TO 005589,BYRNE RD,BYRNE RD,09:00-11:59,1,0
N,PROPERTY DAMAGE ONLY,\N,N,2022,MONDAY,UNDETERMINED,N,N,49.206216,-122.868125,Y,JANUARY,N,SURREY,SURREY,SURREY,Y,Y,N,LOWER MAINLAND,KING GEORGE BLVD # 012740 TO 012798 even,KING GEORGE BLVD,KING GEORGE BLVD,09:00-11:59,1,0
N,PROPERTY DAMAGE ONLY,\N,N,2022,MONDAY,UNDETERMINED,N,N,49.210276,-122.932156,Y,JANUARY,N,NEW WESTMINSTER,NEW WESTMINSTER,NEW WESTMINSTER,Y,N,N,LOWER MAINLAND,HAMILTON ST # 001026 TO 001199,HAMILTON ST,HAMILTON ST,09:00-11:59,1,0
N,PROPERTY DAMAGE ONLY,\N,N,2022,MONDAY,UNDETERMINED,N,N,49.210323,-122.984373,Y,JANUARY,N,BURNABY,BURNABY,BURNABY,Y,N,N,LOWER MAINLAND,EWART ST # 005401 TO 005599,EWART ST,EWART ST,09:00-11:59,1,0
N,PROPERTY DAMAGE ONLY,\N,N,2022,MONDAY,UNDETERMINED,N,N,49.211721,-123.111385,Y,JANUARY,N,VANCOUVER,VANCOUVER,VANCOUVER,Y,N,N,LOWER MAINLAND,SW MARINE DR # 000200 TO 000298 even,SW MARINE DR,SW MARINE DR,09:00-11:59,1,0
N,PROPERTY DAMAGE ONLY,\N,N,2022,MONDAY,UNDETERMINED,N,N,49.213015,-122.984393,Y,JANUARY,N,BURNABY,BURNABY,BURNABY,Y,Y,N,LOWER MAINLAND,CLINTON ST # 005400 TO 005599,CLINTON ST,CLINTON ST,09:00-11:59,1,0
N,PROPERTY DAMAGE ONLY,\N,N,2022,MONDAY,UNDETERMINED,N,N,49.21936,-122.928111,Y,JANUARY,N,BURNABY,BURNABY,BURNABY,Y,N,N,LOWER MAINLAND,6TH ST # 007850 TO 007899,6TH ST,6TH ST,09:00-11:59,1,0
N,PROPERTY DAMAGE ONLY,\N,N,2022,MONDAY,UNDETERMINED,N,N,49.224296,-122.986742,Y,JANUARY,N,BURNABY,BURNABY,BURNABY,N,Y,N,LOWER MAINLAND,KINGSWAY # 005200 TO 005526,KINGSWAY,KINGSWAY,09:00-11:59,1,0
N,PROPERTY DAMAGE ONLY,\N,N,2022,MONDAY,UNDETERMINED,N,N,49.228116,-122.998531,Y,JANUARY,N,BURNABY,BURNABY,BURNABY,Y,Y,N,LOWER MAINLAND,KINGSWAY # 004700 TO 004749,KINGSWAY,KINGSWAY,09:00-11:59,2,0
N,PROPERTY DAMAGE ONLY,\N,N,2022,MONDAY,UNDETERMINED,N,N,49.228219,-123.007011,Y,JANUARY,N,BURNABY,BURNABY,BURNABY,Y,Y,N,LOWER MAINLAND,WILLINGDON AVE # 006109 TO 006199 odd,WILLINGDON AVE,WILLINGDON AVE,09:00-11:59,1,0
N,PROPERTY DAMAGE ONLY,\N,N,2022,MONDAY,UNDETERMINED,N,N,49.232551,-123.050173,Y,JANUARY,N,VANCOUVER,VANCOUVER,VANCOUVER,Y,Y,N,LOWER MAINLAND,RHODES ST # 005700 TO 005725,RHODES ST,RHODES ST,09:00-11:59,1,0
N,PROPERTY DAMAGE ONLY,\N,N,2022,MONDAY,UNDETERMINED,N,N,49.237561,-124.047492,Y,JANUARY,N,NANAIMO,NANAIMO,NANAIMO,Y,Y,N,VANCOUVER ISLAND,ISLAND HWY N # 006631 TO 006849 odd,ISLAND HWY N,ISLAND HWY N,09:00-11:59,1,0
N,PROPERTY DAMAGE ONLY,\N,N,2022,MONDAY,UNDETERMINED,N,N,49.239695,-124.052457,Y,JANUARY,N,NANAIMO,NANAIMO,NANAIMO,Y,Y,N,VANCOUVER ISLAND,ISLAND HWY N # 006900 TO 006928 even,ISLAND HWY N,ISLAND HWY N,09:00-11:59,1,0
N,PROPERTY DAMAGE ONLY,\N,N,2022,MONDAY,UNDETERMINED,N,N,49.239932,-122.778324,Y,JANUARY,N,PORT COQUITLAM,PORT COQUITLAM,PORT COQUITLAM,Y,Y,N,LOWER MAINLAND,UNA WAY # 001300 TO 001369,UNA WAY,UNA WAY,09:00-11:59,1,0
N,PROPERTY DAMAGE ONLY,\N,N,2022,MONDAY,UNDETERMINED,N,N,49.243541,-123.040036,Y,JANUARY,N,VANCOUVER,VANCOUVER,VANCOUVER,Y,N,N,LOWER MAINLAND,PICTON ST # 004500 TO 004599,PICTON ST,PICTON ST,09:00-11:59,1,0
N,PROPERTY DAMAGE ONLY,\N,N,2022,MONDAY,UNDETERMINED,N,N,49.246393,-123.09412,Y,JANUARY,N,VANCOUVER,VANCOUVER,VANCOUVER,Y,N,N,LOWER MAINLAND,ST GEORGE ST # 004290 TO 004343,ST GEORGE ST,ST GEORGE ST,09:00-11:59,1,0
N,PROPERTY DAMAGE ONLY,\N,N,2022,MONDAY,UNDETERMINED,N,N,49.248812,-123.016674,Y,JANUARY,N,BURNABY,BURNABY,BURNABY,Y,Y,N,LOWER MAINLAND,KINCAID ST # 003900 TO 003968,KINCAID ST,KINCAID ST,09:00-11:59,1,0
N,PROPERTY DAMAGE ONLY,\N,N,2022,MONDAY,UNDETERMINED,N,N,49.254529,-122.916083,Y,JANUARY,N,BURNABY,BURNABY,BURNABY,Y,Y,N,LOWER MAINLAND,COMMERCE CRT # 008400 TO 008699,COMMERCE CRT,COMMERCE CRT,09:00-11:59,1,0
N,PROPERTY DAMAGE ONLY,\N,N,2022,MONDAY,UNDETERMINED,N,N,49.263343,-122.83771,Y,JANUARY,N,COQUITLAM,COQUITLAM,COQUITLAM,Y,Y,N,LOWER MAINLAND,COMO LAKE AVE # 001960 TO 001989,COMO LAKE AVE,COMO LAKE AVE,09:00-11:59,1,0
N,PROPERTY DAMAGE ONLY,\N,N,2022,MONDAY,UNDETERMINED,N,N,49.264459,-123.011438,Y,JANUARY,N,BURNABY,BURNABY,BURNABY,Y,Y,N,LOWER MAINLAND,DAWSON ST # 004200 TO 004251,DAWSON ST,DAWSON ST,09:00-11:59,1,0
N,PROPERTY DAMAGE ONLY,\N,N,2022,MONDAY,UNDETERMINED,N,N,49.264483,-123.11475,Y,JANUARY,N,VANCOUVER,VANCOUVER,VANCOUVER,Y,Y,N,LOWER MAINLAND,CAMBIE ST # 002300 TO 002398 even,CAMBIE ST,CAMBIE ST,09:00-11:59,1,0
N,PROPERTY DAMAGE ONLY,\N,N,2022,MONDAY,UNDETERMINED,N,N,49.264726,-123.108125,Y,JANUARY,N,VANCOUVER,VANCOUVER,VANCOUVER,Y,N,N,LOWER MAINLAND,W 7TH AVE # 000100 TO 000199,W 7TH AVE,W 7TH AVE,09:00-11:59,1,0
N,PROPERTY DAMAGE ONLY,\N,N,2022,MONDAY,UNDETERMINED,N,N,49.266225,-123.011563,Y,JANUARY,N,BURNABY,BURNABY,BURNABY,Y,Y,N,LOWER MAINLAND,LOUGHEED HWY # 004100 TO 004298 even,LOUGHEED HWY,LOUGHEED HWY,09:00-11:59,1,0
N,PROPERTY DAMAGE ONLY,\N,N,2022,MONDAY,UNDETERMINED,N,N,49.267309,-123.113445,Y,JANUARY,N,VANCOUVER,VANCOUVER,VANCOUVER,Y,Y,N,LOWER MAINLAND,W 2ND AVE # 000397 TO 000449,W 2ND AVE,W 2ND AVE,09:00-11:59,1,0
N,PROPERTY DAMAGE ONLY,\N,N,2022,MONDAY,UNDETERMINED,N,N,49.269359,-123.035123,Y,JANUARY,N,VANCOUVER,VANCOUVER,VANCOUVER,Y,Y,N,LOWER MAINLAND,E 1ST AVE # 003200 TO 003298 even,E 1ST AVE,E 1ST AVE,09:00-11:59,1,0
N,PROPERTY DAMAGE ONLY,\N,N,2022,MONDAY,UNDETERMINED,N,N,49.271278,-123.064758,Y,JANUARY,N,VANCOUVER,VANCOUVER,VANCOUVER,N,N,N,LOWER MAINLAND,GRANT ST # 001900 TO 001999,GRANT ST,GRANT ST,09:00-11:59,1,0
N,PROPERTY DAMAGE ONLY,\N,N,2022,MONDAY,UNDETERMINED,N,N,49.271422,-123.091417,Y,JANUARY,N,VANCOUVER,VANCOUVER,VANCOUVER,Y,Y,N,LOWER MAINLAND,TERMINAL AVE # 000501 TO 000699 odd,TERMINAL AVE,TERMINAL AVE,09:00-11:59,1,0
N,PROPERTY DAMAGE ONLY,\N,N,2022,MONDAY,UNDETERMINED,N,N,49.273981,-123.101609,Y,JANUARY,N,VANCOUVER,VANCOUVER,VANCOUVER,N,Y,N,LOWER MAINLAND,QUEBEC ST # 001100 TO 001398 even,QUEBEC ST,QUEBEC ST,09:00-11:59,1,0
N,PROPERTY DAMAGE ONLY,\N,N,2022,MONDAY,UNDETERMINED,N,N,49.274849,-123.06662,Y,JANUARY,N,VANCOUVER,VANCOUVER,VANCOUVER,Y,N,N,LOWER MAINLAND,NAPIER ST # 001800 TO 001899,NAPIER ST,NAPIER ST,09:00-11:59,1,0
N,PROPERTY DAMAGE ONLY,\N,N,2022,MONDAY,UNDETERMINED,N,N,49.276567,-123.088545,Y,JANUARY,N,VANCOUVER,VANCOUVER,VANCOUVER,Y,N,N,LOWER MAINLAND,PRIOR ST # 000700 TO 000799,PRIOR ST,PRIOR ST,09:00-11:59,1,0
N,PROPERTY DAMAGE ONLY,\N,N,2022,MONDAY,UNDETERMINED,N,N,49.279968,-122.802877,Y,JANUARY,N,COQUITLAM,COQUITLAM,COQUITLAM,Y,Y,N,LOWER MAINLAND,PACKARD AVE # 002860 TO 002899,PACKARD AVE,PACKARD AVE,09:00-11:59,1,0
N,PROPERTY DAMAGE ONLY,\N,N,2022,MONDAY,UNDETERMINED,N,N,49.281159,-122.793176,Y,JANUARY,N,COQUITLAM,COQUITLAM,COQUITLAM,Y,Y,N,LOWER MAINLAND,PINETREE WAY # 001161 TO 001167 odd,PINETREE WAY,PINETREE WAY,09:00-11:59,1,0
N,PROPERTY DAMAGE ONLY,\N,N,2022,MONDAY,UNDETERMINED,N,N,49.282115,-123.090456,Y,JANUARY,N,VANCOUVER,VANCOUVER,VANCOUVER,Y,N,N,LOWER MAINLAND,E CORDOVA ST # 000600 TO 000699,E CORDOVA ST,E CORDOVA ST,09:00-11:59,1,0
N,PROPERTY DAMAGE ONLY,\N,N,2022,MONDAY,UNDETERMINED,N,N,49.287456,-123.139988,Y,JANUARY,N,VANCOUVER,VANCOUVER,VANCOUVER,N,N,N,LOWER MAINLAND,PENDRELL ST # 001700 TO 001799,PENDRELL ST,PENDRELL ST,09:00-11:59,1,0
N,PROPERTY DAMAGE ONLY,\N,N,2022,MONDAY,UNDETERMINED,N,N,49.292048,-122.817644,Y,JANUARY,N,COQUITLAM,COQUITLAM,COQUITLAM,Y,N,N,LOWER MAINLAND,BLUEBELL AVE # 002550 TO 002599,BLUEBELL AVE,BLUEBELL AVE,09:00-11:59,1,0
N,PROPERTY DAMAGE ONLY,\N,N,2022,MONDAY,UNDETERMINED,N,N,49.31722,-123.116008,Y,JANUARY,N,NORTH VANCOUVER,NORTH VANCOUVER,NORTH VANCOUVER,N,N,N,LOWER MAINLAND,BOWSER AVE # 000100 TO 000149,BOWSER AVE,BOWSER AVE,09:00-11:59,1,0
N,PROPERTY DAMAGE ONLY,\N,N,2022,MONDAY,UNDETERMINED,N,N,49.320432,-124.300513,Y,JANUARY,N,PARKSVILLE,PARKSVILLE,PARKSVILLE,N,N,N,VANCOUVER ISLAND,HEATH AVE # 000381 TO 000439 odd,HEATH AVE,HEATH AVE,09:00-11:59,1,0
N,PROPERTY DAMAGE ONLY,\N,N,2022,MONDAY,UNDETERMINED,N,N,49.328349,-123.147211,Y,JANUARY,N,WEST VANCOUVER,WEST VANCOUVER,WEST VANCOUVER,Y,N,N,LOWER MAINLAND,KEITH RD # 001100 TO 001199,KEITH RD,KEITH RD,09:00-11:59,1,0
N,PROPERTY DAMAGE ONLY,\N,N,2022,MONDAY,UNDETERMINED,N,N,49.468497,-119.572865,Y,JANUARY,N,PENTICTON,PENTICTON,PENTICTON,Y,N,N,SOUTHERN INTERIOR,GREENWOOD CRT # 000100 TO 000198 even,GREENWOOD CRT,GREENWOOD CRT,09:00-11:59,1,0
N,PROPERTY DAMAGE ONLY,\N,N,2022,MONDAY,UNDETERMINED,N,N,49.490259,-117.298566,Y,JANUARY,N,NELSON,NELSON,NELSON,Y,N,N,SOUTHERN INTERIOR,BAKER ST # 000150 TO 000199,BAKER ST,BAKER ST,09:00-11:59,1,0
N,PROPERTY DAMAGE ONLY,\N,N,2022,MONDAY,UNDETERMINED,N,N,49.677603,-124.983665,Y,JANUARY,N,COURTENAY,COURTENAY,COURTENAY,Y,Y,N,VANCOUVER ISLAND,CLIFFE AVE # 002299 TO 002351 odd,CLIFFE AVE,CLIFFE AVE,09:00-11:59,1,0
N,PROPERTY DAMAGE ONLY,\N,N,2022,MONDAY,UNDETERMINED,N,N,49.706877,-124.86545,Y,JANUARY,N,COMOX,COMOX,COMOX,Y,Y,N,VANCOUVER ISLAND,KYE BAY RD # 001475 TO 001551,KYE BAY RD,KYE BAY RD,09:00-11:59,1,0
N,PROPERTY DAMAGE ONLY,\N,N,2022,MONDAY,UNDETERMINED,N,N,49.735007,-123.120251,Y,JANUARY,N,SQUAMISH,SQUAMISH,SQUAMISH,Y,N,N,LOWER MAINLAND,MAMQUAM RD # 002400 TO 002449,MAMQUAM RD,MAMQUAM RD,09:00-11:59,1,0
N,PROPERTY DAMAGE ONLY,\N,N,2022,MONDAY,UNDETERMINED,N,N,49.738656,-123.121846,Y,JANUARY,N,SQUAMISH,SQUAMISH,SQUAMISH,Y,Y,N,LOWER MAINLAND,AYR DR # 040240 TO 040309,AYR DR,AYR DR,09:00-11:59,1,0
N,PROPERTY DAMAGE ONLY,\N,N,2022,MONDAY,UNDETERMINED,N,N,49.836411,-119.617665,Y,JANUARY,N,WEST KELOWNA,WEST KELOWNA,WEST KELOWNA,Y,N,N,SOUTHERN INTERIOR,LOUIE DR # 003000 TO 003019,LOUIE DR,LOUIE DR,09:00-11:59,1,0
N,PROPERTY DAMAGE ONLY,\N,N,2022,MONDAY,UNDETERMINED,N,N,49.858037,-119.490141,Y,JANUARY,N,KELOWNA,KELOWNA,KELOWNA,Y,N,N,SOUTHERN INTERIOR,LANFRANCO RD # 000550 TO 000749,LANFRANCO RD,LANFRANCO RD,09:00-11:59,1,0
N,PROPERTY DAMAGE ONLY,\N,N,2022,MONDAY,UNDETERMINED,N,N,49.862640999999996,-119.565144,Y,JANUARY,N,WEST KELOWNA,WEST KELOWNA,WEST KELOWNA,Y,N,N,SOUTHERN INTERIOR,HUDSON RD # 001200 TO 001299,HUDSON RD,HUDSON RD,09:00-11:59,1,0
N,PROPERTY DAMAGE ONLY,\N,N,2022,MONDAY,UNDETERMINED,N,N,49.881168,-119.415465,Y,JANUARY,N,KELOWNA,KELOWNA,KELOWNA,Y,N,N,SOUTHERN INTERIOR,GRAHAM RD # 001400 TO 001499,GRAHAM RD,GRAHAM RD,09:00-11:59,1,0
N,PROPERTY DAMAGE ONLY,\N,N,2022,MONDAY,UNDETERMINED,N,N,49.881443,-119.430464,Y,JANUARY,N,KELOWNA,KELOWNA,KELOWNA,Y,Y,N,SOUTHERN INTERIOR,BARON RD # 002000 TO 002298,BARON RD,BARON RD,09:00-11:59,1,0
N,PROPERTY DAMAGE ONLY,\N,N,2022,MONDAY,UNDETERMINED,N,N,49.88449,-119.489209,Y,JANUARY,N,KELOWNA,KELOWNA,KELOWNA,Y,Y,N,SOUTHERN INTERIOR,LEON AVE # 000600 TO 000699,LEON AVE,LEON AVE,09:00-11:59,1,0
N,PROPERTY DAMAGE ONLY,\N,N,2022,MONDAY,UNDETERMINED,N,N,49.887628,-119.426692,Y,JANUARY,N,KELOWNA,KELOWNA,KELOWNA,Y,Y,N,SOUTHERN INTERIOR,BANKS RD # 001550 TO 001569,BANKS RD,BANKS RD,09:00-11:59,1,0
N,PROPERTY DAMAGE ONLY,\N,N,2022,MONDAY,UNDETERMINED,N,N,49.88765,-119.491803,Y,JANUARY,N,KELOWNA,KELOWNA,KELOWNA,Y,N,N,SOUTHERN INTERIOR,ST PAUL ST # 001400 TO 001499,ST PAUL ST,ST PAUL ST,09:00-11:59,1,0
N,PROPERTY DAMAGE ONLY,\N,N,2022,MONDAY,UNDETERMINED,N,N,49.889759,-119.426101,Y,JANUARY,N,KELOWNA,KELOWNA,KELOWNA,Y,Y,N,SOUTHERN INTERIOR,ENTERPRISE WAY # 002580 TO 002600,ENTERPRISE WAY,ENTERPRISE WAY,09:00-11:59,1,0
N,PROPERTY DAMAGE ONLY,\N,N,2022,MONDAY,UNDETERMINED,N,N,49.892168,-119.398186,Y,JANUARY,N,KELOWNA,KELOWNA,KELOWNA,Y,Y,N,SOUTHERN INTERIOR,HOUGHTON RD # 000600 TO 000699,HOUGHTON RD,HOUGHTON RD,09:00-11:59,1,0
N,PROPERTY DAMAGE ONLY,\N,N,2022,MONDAY,UNDETERMINED,N,N,49.893746,-119.392783,Y,JANUARY,N,KELOWNA,KELOWNA,KELOWNA,Y,Y,N,SOUTHERN INTERIOR,DOUGALL RD N # 000320 TO 000549,DOUGALL RD N,DOUGALL RD N,09:00-11:59,1,0
N,PROPERTY DAMAGE ONLY,\N,N,2022,MONDAY,UNDETERMINED,N,N,49.902672,-119.449161,Y,JANUARY,N,KELOWNA,KELOWNA,KELOWNA,Y,N,N,SOUTHERN INTERIOR,VALLEY RD # 000680 TO 000720,VALLEY RD,VALLEY RD,09:00-11:59,1,0
N,PROPERTY DAMAGE ONLY,\N,N,2022,MONDAY,UNDETERMINED,N,N,49.908929,-119.448264,Y,JANUARY,N,KELOWNA,KELOWNA,KELOWNA,Y,Y,N,SOUTHERN INTERIOR,YATES RD # 000550 TO 000593,YATES RD,YATES RD,09:00-11:59,1,0
N,PROPERTY DAMAGE ONLY,\N,N,2022,MONDAY,UNDETERMINED,N,N,49.918191,-119.404406,Y,JANUARY,N,KELOWNA,KELOWNA,KELOWNA,Y,Y,N,SOUTHERN INTERIOR,SEXSMITH RD # 002960 TO 003059,SEXSMITH RD,SEXSMITH RD,09:00-11:59,1,0
N,PROPERTY DAMAGE ONLY,\N,N,2022,MONDAY,UNDETERMINED,N,N,49.922463,-119.47301,Y,JANUARY,N,KELOWNA,KELOWNA,KELOWNA,N,N,N,SOUTHERN INTERIOR,MAGIC DR # 000190 TO 000219,MAGIC DR,MAGIC DR,09:00-11:59,1,0
N,PROPERTY DAMAGE ONLY,\N,N,2022,MONDAY,UNDETERMINED,N,N,50.655345,-120.388074,Y,JANUARY,N,KAMLOOPS,KAMLOOPS,KAMLOOPS,Y,Y,N,SOUTHERN INTERIOR,VERSATILE DR # 001600 TO 001699,VERSATILE DR,VERSATILE DR,09:00-11:59,1,0
N,PROPERTY DAMAGE ONLY,\N,N,2022,MONDAY,UNDETERMINED,N,N,50.67137,-120.333222,Y,JANUARY,N,KAMLOOPS,KAMLOOPS,KAMLOOPS,Y,Y,N,SOUTHERN INTERIOR,COLUMBIA ST # 000301 TO 000399 odd,COLUMBIA ST,COLUMBIA ST,09:00-11:59,1,0
N,PROPERTY DAMAGE ONLY,\N,N,2022,MONDAY,UNDETERMINED,N,N,50.671755,-120.351313,Y,JANUARY,N,KAMLOOPS,KAMLOOPS,KAMLOOPS,Y,N,N,SOUTHERN INTERIOR,GREENSTONE DR # 000431 TO 000499,GREENSTONE DR,GREENSTONE DR,09:00-11:59,1,0
N,PROPERTY DAMAGE ONLY,\N,N,2022,MONDAY,UNDETERMINED,N,N,50.676667,-120.335567,Y,JANUARY,N,KAMLOOPS,KAMLOOPS,KAMLOOPS,Y,Y,N,SOUTHERN INTERIOR,LANSDOWNE ST # 000200 TO 000299,LANSDOWNE ST,LANSDOWNE ST,09:00-11:59,1,0
N,PROPERTY DAMAGE ONLY,\N,N,2022,MONDAY,UNDETERMINED,N,N,50.707367,-119.246434,Y,JANUARY,N,SALMON ARM,SALMON ARM,SALMON ARM,Y,Y,N,SOUTHERN INTERIOR,11 AVE NE # 003000 TO 003799,11 AVE NE,11 AVE NE,09:00-11:59,1,0
N,PROPERTY DAMAGE ONLY,\N,N,2022,MONDAY,UNDETERMINED,N,N,53.899621,-122.784014,Y,JANUARY,N,PRINCE GEORGE,PRINCE GEORGE,PRINCE GEORGE,Y,Y,N,NORTH CENTRAL,MASSEY DR # 003300 TO 003498 even,MASSEY DR,MASSEY DR,09:00-11:59,1,0
N,PROPERTY DAMAGE ONLY,\N,N,2022,MONDAY,UNDETERMINED,N,N,53.914813,-122.732195,Y,JANUARY,N,PRINCE GEORGE,PRINCE GEORGE,PRINCE GEORGE,N,N,N,NORTH CENTRAL,KINGSTON ST # 000100 TO 000199,KINGSTON ST,KINGSTON ST,09:00-11:59,1,0
N,PROPERTY DAMAGE ONLY,\N,N,2022,MONDAY,UNDETERMINED,N,N,54.393445,-126.655377,Y,JANUARY,N,HOUSTON,HOUSTON,HOUSTON,Y,Y,N,NORTH CENTRAL,HAGMAN CRES # 003100 TO 003149,HAGMAN CRES,HAGMAN CRES,09:00-11:59,1,0
N,PROPERTY DAMAGE ONLY,\N,N,2022,MONDAY,UNDETERMINED,N,N,55.713957,-120.135352,Y,JANUARY,N,POUCE COUPE,POUCE COUPE,POUCE COUPE,Y,N,N,NORTH CENTRAL,48 AVE # 004900 TO 004999,48 AVE,48 AVE,09:00-11:59,1,0
N,PROPERTY DAMAGE ONLY,\N,N,2022,MONDAY,UNDETERMINED,Y,N,\N,\N,N,JANUARY,N,ENDAKO,ENDAKO,\N,N,N,N,NORTH CENTRAL,UNKNOWN,HWY 16,HWY 16,09:00-11:59,1,0
N,PROPERTY DAMAGE ONLY,\N,N,2022,MONDAY,UNDETERMINED,Y,N,\N,\N,N,JANUARY,N,MERRITT,MERRITT,\N,N,N,N,SOUTHERN INTERIOR,UNKNOWN,HWY 97C,HWY 97C,09:00-11:59,1,0
N,PROPERTY DAMAGE ONLY,\N,N,2022,MONDAY,UNDETERMINED,Y,N,\N,\N,N,JANUARY,N,PRINCE RUPERT,PRINCE RUPERT,\N,N,N,N,NORTH CENTRAL,UNKNOWN,HWY 16,HWY 16,09:00-11:59,1,0
N,PROPERTY DAMAGE ONLY,\N,N,2022,MONDAY,UNDETERMINED,Y,N,\N,\N,N,JANUARY,N,TERRACE,TERRACE,\N,N,N,N,NORTH CENTRAL,UNKNOWN,FIDDLER CREEK FSR,FIDDLER CREEK FSR,09:00-11:59,1,0
N,PROPERTY DAMAGE ONLY,\N,N,2022,MONDAY,UNDETERMINED,Y,N,\N,\N,N,JANUARY,N,VICTORIA,VICTORIA,\N,N,Y,N,VANCOUVER ISLAND,UNKNOWN,ISLAND HWY,ISLAND HWY,09:00-11:59,1,0
N,PROPERTY DAMAGE ONLY,\N,N,2022,MONDAY,UNDETERMINED,Y,N,\N,\N,N,JANUARY,N,WHISTLER,WHISTLER,\N,N,N,N,LOWER MAINLAND,UNKNOWN,UNKNOWN,UNKNOWN,09:00-11:59,1,0
N,PROPERTY DAMAGE ONLY,\N,N,2022,MONDAY,UNDETERMINED,Y,N,49.183753,-123.136572,Y,JANUARY,N,RICHMOND,RICHMOND,RICHMOND,Y,Y,N,LOWER MAINLAND,NO 3 RD # 004000 TO 004198 even,NO 3 RD,NO 3 RD,09:00-11:59,1,0
N,PROPERTY DAMAGE ONLY,\N,N,2022,MONDAY,UNDETERMINED,Y,N,49.205792,-123.072305,Y,JANUARY,N,RICHMOND,RICHMOND,RICHMOND,Y,Y,N,LOWER MAINLAND,MITCHELL RD # 013101 TO 013999,MITCHELL RD,MITCHELL RD,09:00-11:59,1,0
N,PROPERTY DAMAGE ONLY,\N,N,2022,MONDAY,UNDETERMINED,Y,N,49.206818,-122.567382,Y,JANUARY,N,MAPLE RIDGE,MAPLE RIDGE,MAPLE RIDGE,N,N,N,LOWER MAINLAND,112A AVE # 023600 TO 023629,112A AVE,112A AVE,09:00-11:59,1,0
N,PROPERTY DAMAGE ONLY,\N,N,2022,MONDAY,UNDETERMINED,Y,N,49.227599,-122.854033,Y,JANUARY,N,COQUITLAM,COQUITLAM,COQUITLAM,N,N,N,LOWER MAINLAND,KETCH CRT # 001300 TO 001399,KETCH CRT,KETCH CRT,09:00-11:59,1,0
N,PROPERTY DAMAGE ONLY,\N,N,2022,MONDAY,UNDETERMINED,Y,N,49.24996,-123.075616,Y,JANUARY,N,VANCOUVER,VANCOUVER,VANCOUVER,Y,Y,N,LOWER MAINLAND,KINGSWAY # 001400 TO 001427,KINGSWAY,KINGSWAY,09:00-11:59,1,0
N,PROPERTY DAMAGE ONLY,\N,N,2022,MONDAY,UNDETERMINED,Y,N,49.263721,-123.102321,Y,JANUARY,N,VANCOUVER,VANCOUVER,VANCOUVER,Y,N,N,LOWER MAINLAND,E 8TH AVE # 000100 TO 000163,E 8TH AVE,E 8TH AVE,09:00-11:59,1,0
N,PROPERTY DAMAGE ONLY,\N,N,2022,MONDAY,UNDETERMINED,Y,N,49.940148,-119.391494,Y,JANUARY,N,KELOWNA,KELOWNA,KELOWNA,N,N,N,SOUTHERN INTERIOR,UNIVERSITY WAY # 003360 TO 003499,UNIVERSITY WAY,UNIVERSITY WAY,09:00-11:59,1,0
N,PROPERTY DAMAGE ONLY,100 AVE,N,2022,MONDAY,REAR END,N,Y,56.246461,-120.860624,N,JANUARY,N,FORT ST. JOHN,FORT ST. JOHN,FORT ST. JOHN,Y,N,N,NORTH CENTRAL,100 AVE & 108 ST,108 ST,108 ST,09:00-11:59,1,0
N,PROPERTY DAMAGE ONLY,101 AVE,N,2022,MONDAY,UNDETERMINED,N,Y,56.247458,-120.86062,N,JANUARY,N,FORT ST. JOHN,FORT ST. JOHN,FORT ST. JOHN,N,N,N,NORTH CENTRAL,101 AVE & 108 ST,108 ST,108 ST,09:00-11:59,1,0
N,PROPERTY DAMAGE ONLY,104 AVE,N,2022,MONDAY,REAR END,N,Y,49.191494,-122.812448,N,JANUARY,N,SURREY,SURREY,SURREY,N,N,N,LOWER MAINLAND,104 AVE & 148 ST,148 ST,148 ST,09:00-11:59,1,0
N,PROPERTY DAMAGE ONLY,104 AVE,N,2022,MONDAY,SINGLE VEHICLE,N,Y,49.191466,-122.738252,N,JANUARY,N,SURREY,SURREY,SURREY,N,N,N,LOWER MAINLAND,104 AVE & 104 AVE ONRAMP & HWY 17 & TURNING LANE,SOUTH FRASER PERIMETER RD,SOUTH FRASER PERIMETER RD,09:00-11:59,1,0
N,PROPERTY DAMAGE ONLY,106 AVE,N,2022,MONDAY,CONFLICTED,N,Y,49.195179,-122.834122,N,JANUARY,N,SURREY,SURREY,SURREY,Y,N,N,LOWER MAINLAND,106 AVE & 140 ST,140 ST,140 ST,09:00-11:59,1,0
N,PROPERTY DAMAGE ONLY,10TH ST S,N,2022,MONDAY,REAR END,N,Y,51.295211,-116.963046,N,JANUARY,N,GOLDEN,GOLDEN,GOLDEN,N,N,N,SOUTHERN INTERIOR,10TH AVE S & 10TH ST S,HWY 95,HWY 95,09:00-11:59,1,0
N,PROPERTY DAMAGE ONLY,128 ST,N,2022,MONDAY,UNDETERMINED,Y,Y,49.150255,-122.867964,N,JANUARY,N,SURREY,SURREY,SURREY,Y,Y,N,LOWER MAINLAND,128 ST & 82 AVE & TURNING LANE,82 AVE,82 AVE,09:00-11:59,1,0
N,PROPERTY DAMAGE ONLY,13TH AVE,N,2022,MONDAY,UNDETERMINED,N,Y,54.781895,-127.156051,N,JANUARY,N,SMITHERS,SMITHERS,SMITHERS,N,N,N,NORTH CENTRAL,13TH AVE & MAIN ST,MAIN ST,MAIN ST,09:00-11:59,1,0
N,PROPERTY DAMAGE ONLY,13TH AVE S,N,2022,MONDAY,SIDE IMPACT,N,Y,49.500725,-115.763481,N,JANUARY,N,CRANBROOK,CRANBROOK,CRANBROOK,N,N,N,SOUTHERN INTERIOR,13TH AVE S & 7TH ST S,7TH ST S,7TH ST S,09:00-11:59,1,0
N,PROPERTY DAMAGE ONLY,140 ST,N,2022,MONDAY,UNDETERMINED,N,Y,49.184271,-122.834211,N,JANUARY,N,SURREY,SURREY,SURREY,N,N,N,LOWER MAINLAND,100 AVE & 140 ST,100 AVE,100 AVE,09:00-11:59,1,0
N,PROPERTY DAMAGE ONLY,148 ST,N,2022,MONDAY,SIDE IMPACT,N,Y,49.191494,-122.812448,N,JANUARY,N,SURREY,SURREY,SURREY,Y,N,N,LOWER MAINLAND,104 AVE & 148 ST,104 AVE,104 AVE,09:00-11:59,1,0
N,PROPERTY DAMAGE ONLY,152 ST,N,2022,MONDAY,REAR END,N,Y,49.051786,-122.801262,N,JANUARY,N,SURREY,SURREY,SURREY,N,N,N,LOWER MAINLAND,152 ST & KING GEORGE BLVD & TURNING LANE,KING GEORGE HWY,KING GEORGE HWY,09:00-11:59,1,0
N,PROPERTY DAMAGE ONLY,156 ST,N,2022,MONDAY,REAR END,N,Y,49.045591,-122.79019,N,JANUARY,N,SURREY,SURREY,SURREY,N,N,N,LOWER MAINLAND,156 ST & 24 AVE,24 AVE,24 AVE,09:00-11:59,1,0
N,PROPERTY DAMAGE ONLY,16 AVE,N,2022,MONDAY,REAR END,Y,Y,49.031267,-122.492516,N,JANUARY,N,LANGLEY,LANGLEY,LANGLEY,N,N,N,LOWER MAINLAND,16 AVE & 264 ST & TURNING LANE,264 ST,264 ST,09:00-11:59,1,0
N,PROPERTY DAMAGE ONLY,189 ST,N,2022,MONDAY,SIDE SWIPE - OPPOSITE DIRECTION,N,Y,49.162846,-122.69941,N,JANUARY,N,SURREY,SURREY,SURREY,N,N,N,LOWER MAINLAND,189 ST & 88 AVE,88 AVE,88 AVE,09:00-11:59,1,0
N,PROPERTY DAMAGE ONLY,200 ST,N,2022,MONDAY,REAR TO REAR,N,Y,49.116745,-122.66857,N,JANUARY,N,LANGLEY,LANGLEY,LANGLEY,N,Y,N,LOWER MAINLAND,200 ST & WILLOWBROOK DR & TURNING LANE,WILLOWBROOK DR,WILLOWBROOK DR,09:00-11:59,1,0
N,PROPERTY DAMAGE ONLY,201 ST,N,2022,MONDAY,REAR END,N,Y,49.133511,-122.664588,N,JANUARY,N,LANGLEY,LANGLEY,LANGLEY,N,N,N,LOWER MAINLAND,201 ST & 72 AVE,72 AVE,72 AVE,09:00-11:59,1,0
N,PROPERTY DAMAGE ONLY,202 ST,N,2022,MONDAY,REAR END,N,Y,49.162834,-122.659762,N,JANUARY,N,LANGLEY,LANGLEY,LANGLEY,N,N,N,LOWER MAINLAND,202 ST & 88 AVE,88 AVE,88 AVE,09:00-11:59,1,0
N,PROPERTY DAMAGE ONLY,24 AVE,N,2022,MONDAY,SIDE IMPACT,N,Y,49.045638,-122.806718,N,JANUARY,N,SURREY,SURREY,SURREY,Y,N,N,LOWER MAINLAND,150 ST & 24 AVE,150 ST,150 ST,09:00-11:59,1,0
N,PROPERTY DAMAGE ONLY,24 AVE,N,2022,MONDAY,SIDE IMPACT,Y,Y,49.045793,-122.882558,N,JANUARY,N,SURREY,SURREY,SURREY,Y,N,N,LOWER MAINLAND,24 AVE & CHRISTOPHERSON RD,CHRISTOPHERSON RD,CHRISTOPHERSON RD,09:00-11:59,1,0
N,PROPERTY DAMAGE ONLY,256 ST,N,2022,MONDAY,SIDE IMPACT,N,Y,49.064379,-122.514772,N,JANUARY,N,LANGLEY,LANGLEY,LANGLEY,N,N,N,LOWER MAINLAND,256 ST & FRASER HWY,FRASER HWY,FRASER HWY,09:00-11:59,1,0
N,PROPERTY DAMAGE ONLY,27 ST,N,2022,MONDAY,CONFLICTED,N,Y,50.288603,-119.264314,N,JANUARY,N,VERNON,VERNON,VERNON,N,N,N,SOUTHERN INTERIOR,27 ST & 58 AVE & ANDERSON WAY & TURNING LANE,ANDERSON WAY,ANDERSON WAY,09:00-11:59,1,0
N,PROPERTY DAMAGE ONLY,35 AVE,N,2022,MONDAY,CONFLICTED,N,Y,50.26741,-119.26663,N,JANUARY,N,VERNON,VERNON,VERNON,N,Y,N,SOUTHERN INTERIOR,27 ST & 35 AVE,27 ST,27 ST,09:00-11:59,1,0
N,PROPERTY DAMAGE ONLY,3RD AVE,N,2022,MONDAY,UNDETERMINED,N,Y,49.241875,-124.807547,N,JANUARY,N,PORT ALBERNI,PORT ALBERNI,PORT ALBERNI,N,N,N,VANCOUVER ISLAND,3RD AVE & BURDE ST,BURDE ST,BURDE ST,09:00-11:59,1,0
N,PROPERTY DAMAGE ONLY,40 AVE,N,2022,MONDAY,SIDE IMPACT,N,Y,49.074356,-122.559182,N,JANUARY,N,LANGLEY,LANGLEY,LANGLEY,N,N,N,LOWER MAINLAND,240 ST & 40 AVE & FRASER HWY & TURNING LANE,240 ST,240 ST,09:00-11:59,1,0
N,PROPERTY DAMAGE ONLY,48 AVE,N,2022,MONDAY,REAR END,N,Y,50.281999,-119.273702,N,JANUARY,N,VERNON,VERNON,VERNON,N,Y,N,SOUTHERN INTERIOR,48 AVE & ANDERSON WAY,ANDERSON WAY,ANDERSON WAY,09:00-11:59,1,0
N,PROPERTY DAMAGE ONLY,4TH ST,N,2022,MONDAY,CONFLICTED,Y,Y,49.685322,-125.012691,N,JANUARY,N,COURTENAY,COURTENAY,COURTENAY,N,N,N,VANCOUVER ISLAND,4TH ST & WOODS AVE,WOODS AVE,WOODS AVE,09:00-11:59,1,0
N,PROPERTY DAMAGE ONLY,56 AVE,N,2022,MONDAY,REAR END,N,Y,49.101569,-122.492803,N,JANUARY,N,LANGLEY,LANGLEY,LANGLEY,N,N,N,LOWER MAINLAND,264 ST & 264 ST OFFRAMP & 264 ST ONRAMP & 56 AVE & 56 AVE OFFRAMP & 56 AVE ONRAMP & TRANS-CANADA HWY & TURNING LANE,264 ST,264 ST,09:00-11:59,1,0
N,PROPERTY DAMAGE ONLY,64 AVE,N,2022,MONDAY,UNDETERMINED,N,Y,49.11933,-122.890416,N,JANUARY,N,DELTA,DELTA,DELTA & SURREY,Y,Y,N,LOWER MAINLAND,120 ST & 64 AVE,SCOTT RD,SCOTT RD,09:00-11:59,1,0
N,PROPERTY DAMAGE ONLY,68 AVE,N,2022,MONDAY,SIDE IMPACT,N,Y,49.126361,-122.801063,N,JANUARY,N,SURREY,SURREY,SURREY,N,Y,N,LOWER MAINLAND,152 ST & 68 AVE,152 ST,152 ST,09:00-11:59,1,0
N,PROPERTY DAMAGE ONLY,6TH ST,N,2022,MONDAY,SINGLE VEHICLE,N,Y,49.690184,-124.99801,N,JANUARY,N,COURTENAY,COURTENAY,COURTENAY,N,N,N,VANCOUVER ISLAND,6TH ST & DUNCAN AVE,DUNCAN AVE,DUNCAN AVE,09:00-11:59,1,0
N,PROPERTY DAMAGE ONLY,70 AVE,N,2022,MONDAY,SIDE IMPACT,N,Y,49.130339,-122.879065,N,JANUARY,N,SURREY,SURREY,SURREY,N,N,N,LOWER MAINLAND,124 ST & 70 AVE,124 ST,124 ST,09:00-11:59,1,0
N,PROPERTY DAMAGE ONLY,76 AVE,N,2022,MONDAY,SIDE IMPACT,N,Y,49.140852,-122.845634,N,JANUARY,N,SURREY,SURREY,SURREY,Y,Y,N,LOWER MAINLAND,76 AVE & KING GEORGE BLVD & TURNING LANE,KING GEORGE BLVD,KING GEORGE BLVD,09:00-11:59,1,0
N,PROPERTY DAMAGE ONLY,78B AVE,N,2022,MONDAY,SINGLE VEHICLE,N,Y,49.1459,-122.656994,N,JANUARY,N,LANGLEY,LANGLEY,LANGLEY,N,N,N,LOWER MAINLAND,204 ST & 78B AVE,204 ST,204 ST,09:00-11:59,1,0
N,PROPERTY DAMAGE ONLY,96 AVE,N,2022,MONDAY,UNDETERMINED,N,Y,49.177155,-122.867999,N,JANUARY,N,SURREY,SURREY,SURREY,N,Y,N,LOWER MAINLAND,128 ST & 96 AVE,128 ST,128 ST,09:00-11:59,1,0
N,PROPERTY DAMAGE ONLY,9TH AVE,N,2022,MONDAY,UNDETERMINED,Y,Y,50.666825,-120.319041,N,JANUARY,N,KAMLOOPS,KAMLOOPS,KAMLOOPS,Y,N,N,SOUTHERN INTERIOR,9TH AVE & MUNRO ST,MUNRO ST,MUNRO ST,09:00-11:59,1,0
N,PROPERTY DAMAGE ONLY,ANDERTON RD,N,2022,MONDAY,CONFLICTED,N,Y,49.676813,-124.935237,N,JANUARY,N,COMOX,COMOX,COMOX,N,N,N,VANCOUVER ISLAND,ANDERTON RD & BUENA VISTA AVE,BUENA VISTA AVE,BUENA VISTA AVE,09:00-11:59,1,0
N,PROPERTY DAMAGE ONLY,ARBUTUS GREENWAY,N,2022,MONDAY,SIDE IMPACT,N,Y,49.261005,-123.152508,N,JANUARY,N,VANCOUVER,VANCOUVER,VANCOUVER,N,N,N,LOWER MAINLAND,ARBUTUS GREENWAY & W 12TH AVE,W 12TH AVE,W 12TH AVE,09:00-11:59,1,0
N,PROPERTY DAMAGE ONLY,ARBUTUS ST,N,2022,MONDAY,SIDE SWIPE - SAME DIRECTION,Y,Y,49.263821,-123.152938,N,JANUARY,N,VANCOUVER,VANCOUVER,VANCOUVER,N,N,N,LOWER MAINLAND,ARBUTUS ST & W BROADWAY,W BROADWAY,W BROADWAY,09:00-11:59,1,0
N,PROPERTY DAMAGE ONLY,ARGYLE ST,N,2022,MONDAY,SINGLE VEHICLE,N,Y,49.234665,-124.796443,N,JANUARY,N,PORT ALBERNI,PORT ALBERNI,PORT ALBERNI,N,N,N,VANCOUVER ISLAND,11TH AVE & ARGYLE ST,11TH AVE,11TH AVE,09:00-11:59,1,0
N,PROPERTY DAMAGE ONLY,ATKINSON RD,N,2022,MONDAY,UNDETERMINED,Y,Y,49.5994,-119.669794,N,JANUARY,N,SUMMERLAND,SUMMERLAND,SUMMERLAND,Y,N,N,SOUTHERN INTERIOR,ATKINSON RD & HESPELER RD,HESPELER RD,HESPELER RD,09:00-11:59,1,0
N,PROPERTY DAMAGE ONLY,BAILEY ROAD,N,2022,MONDAY,SINGLE VEHICLE,N,N,\N,\N,N,JANUARY,N,VERNON,VERNON,\N,N,N,N,SOUTHERN INTERIOR,UNKNOWN,HWY 97,HWY 97,09:00-11:59,1,0
N,PROPERTY DAMAGE ONLY,BARNET HWY,N,2022,MONDAY,SINGLE VEHICLE,N,Y,49.2774,-122.80314,N,JANUARY,N,COQUITLAM,COQUITLAM,COQUITLAM,N,N,N,LOWER MAINLAND,ABERDEEN AVE & BARNET HWY,ABERDEEN AVE,ABERDEEN AVE,09:00-11:59,1,0
N,PROPERTY DAMAGE ONLY,BELVEDERE ST,N,2022,MONDAY,UNDETERMINED,N,Y,50.551097,-119.138607,N,JANUARY,N,ENDERBY,ENDERBY,ENDERBY,Y,N,N,SOUTHERN INTERIOR,BELVEDERE ST & MILL AVE,MILL AVE,MILL AVE,09:00-11:59,1,0
N,PROPERTY DAMAGE ONLY,BETA AVE,N,2022,MONDAY,SIDE IMPACT,N,Y,49.266252,-122.997628,N,JANUARY,Y,BURNABY,BURNABY,BURNABY,N,N,N,LOWER MAINLAND,BETA AVE & LOUGHEED HWY & TURNING LANE,LOUGHEED HWY,LOUGHEED HWY,09:00-11:59,1,0
N,PROPERTY DAMAGE ONLY,BIDWELL ST,N,2022,MONDAY,UNDETERMINED,N,Y,49.286609,-123.139696,N,JANUARY,N,VANCOUVER,VANCOUVER,VANCOUVER,Y,N,N,LOWER MAINLAND,BIDWELL ST & SEE-EM-IA LANE,SEE-EM-IA LANE,SEE-EM-IA LANE,09:00-11:59,1,0
N,PROPERTY DAMAGE ONLY,BIDWELL ST,N,2022,MONDAY,UNDETERMINED,N,Y,49.290467,-123.133879,N,JANUARY,N,VANCOUVER,VANCOUVER,VANCOUVER,Y,N,N,LOWER MAINLAND,BIDWELL ST & ROBSON ST,ROBSON ST,ROBSON ST,09:00-11:59,1,0
N,PROPERTY DAMAGE ONLY,BLANSHARD ST,N,2022,MONDAY,SIDE SWIPE - SAME DIRECTION,N,Y,48.455214,-123.37208,N,JANUARY,N,SAANICH,SAANICH,SAANICH,N,N,N,VANCOUVER ISLAND,BLANSHARD ST & SAANICH RD & TURNING LANE,SAANICH RD,SAANICH RD,09:00-11:59,1,0
N,PROPERTY DAMAGE ONLY,BOUNDARY RD,N,2022,MONDAY,SIDE IMPACT,N,Y,49.26558,-123.023589,N,JANUARY,N,BURNABY,BURNABY,BURNABY & VANCOUVER,N,Y,N,LOWER MAINLAND,BOUNDARY RD & LOUGHEED HWY,LOUGHEED HWY,LOUGHEED HWY,09:00-11:59,1,0
N,PROPERTY DAMAGE ONLY,BRAID ST,N,2022,MONDAY,REAR END,N,Y,49.231356,-122.882908,N,JANUARY,N,NEW WESTMINSTER,NEW WESTMINSTER,NEW WESTMINSTER,N,N,N,LOWER MAINLAND,BRAID ST & BRUNETTE AVE,BRUNETTE AVE,BRUNETTE AVE,09:00-11:59,1,0
N,PROPERTY DAMAGE ONLY,BRIDAGE DR,N,2022,MONDAY,SINGLE VEHICLE,N,N,\N,\N,N,JANUARY,N,PRINCE GEORGE,PRINCE GEORGE,\N,N,N,N,NORTH CENTRAL,UNKNOWN,5TH AVE,5TH AVE,09:00-11:59,1,0
N,PROPERTY DAMAGE ONLY,BRUNETTE AVE,N,2022,MONDAY,REAR END,N,Y,49.234521,-122.878438,N,JANUARY,N,COQUITLAM,COQUITLAM,COQUITLAM & NEW WESTMINSTER,N,N,N,LOWER MAINLAND,BRUNETTE AVE & BRUNETTE AVE OFFRAMP & BRUNETTE AVE ONRAMP & TRANS-CANADA HWY,BRUNETTE AVE OFFRAMP,BRUNETTE AVE OFFRAMP,09:00-11:59,1,0
N,PROPERTY DAMAGE ONLY,BRUNETTE AVE,N,2022,MONDAY,SINGLE VEHICLE,N,N,\N,\N,N,JANUARY,N,VANCOUVER,VANCOUVER,\N,N,N,N,LOWER MAINLAND,UNKNOWN,HWY 1,HWY 1,09:00-11:59,1,0
N,PROPERTY DAMAGE ONLY,CAMBIE ST,N,2022,MONDAY,SIDE IMPACT,N,Y,49.266629,-123.114844,N,JANUARY,N,VANCOUVER,VANCOUVER,VANCOUVER,Y,N,N,LOWER MAINLAND,CAMBIE ST & CAMBIE ST BRIDGE & W 2ND AVE & W 2ND AVE OFFRAMP & W 6TH AVE & TURNING LANE,W 6TH AVE,W 6TH AVE,09:00-11:59,1,0
N,PROPERTY DAMAGE ONLY,CANADA WAY,N,2022,MONDAY,CONFLICTED,N,Y,49.254725,-123.023504,N,JANUARY,N,BURNABY,BURNABY,BURNABY & VANCOUVER,N,N,N,LOWER MAINLAND,BOUNDARY RD & CANADA WAY,BOUNDARY RD,BOUNDARY RD,09:00-11:59,1,0
N,PROPERTY DAMAGE ONLY,CARDERO ST,N,2022,MONDAY,UNDETERMINED,Y,Y,49.289065,-123.13284,N,JANUARY,N,VANCOUVER,VANCOUVER,VANCOUVER,Y,N,N,LOWER MAINLAND,CARDERO ST & ROSEMARY BROWN LANE,ROSEMARY BROWN LANE,ROSEMARY BROWN LANE,09:00-11:59,1,0
N,PROPERTY DAMAGE ONLY,CLIFFE AVE,N,2022,MONDAY,SIDE IMPACT,N,N,49.686179,-124.988315,N,JANUARY,N,COURTENAY,COURTENAY,COURTENAY,N,N,N,VANCOUVER ISLAND,17TH ST BRIDGE,17TH ST BRIDGE,17TH ST BRIDGE,09:00-11:59,1,0
N,PROPERTY DAMAGE ONLY,COLUMBIA ST W,N,2022,MONDAY,CONFLICTED,N,Y,50.666998,-120.354175,N,JANUARY,N,KAMLOOPS,KAMLOOPS,KAMLOOPS,N,N,N,SOUTHERN INTERIOR,COLUMBIA ST W & SUMMIT DR & TURNING LANE,SUMMIT DR,SUMMIT DR,09:00-11:59,1,0
N,PROPERTY DAMAGE ONLY,COMMERCIAL DR,N,2022,MONDAY,SIDE SWIPE - SAME DIRECTION,Y,Y,49.262326,-123.069794,N,JANUARY,N,VANCOUVER,VANCOUVER,VANCOUVER,Y,N,N,LOWER MAINLAND,COMMERCIAL DR & E BROADWAY,E BROADWAY,E BROADWAY,09:00-11:59,1,0
N,PROPERTY DAMAGE ONLY,COOK ST,N,2022,MONDAY,REAR END,N,Y,48.425065000000004,-123.353608,N,JANUARY,N,VICTORIA,VICTORIA,VICTORIA,N,N,N,VANCOUVER ISLAND,COOK ST & YATES ST,YATES ST,YATES ST,09:00-11:59,1,0
N,PROPERTY DAMAGE ONLY,CRAIGFLOWER RD,N,2022,MONDAY,UNDETERMINED,N,N,\N,\N,N,JANUARY,N,VICTORIA,VICTORIA,\N,N,N,N,VANCOUVER ISLAND,UNKNOWN,ADMIRALS RD,ADMIRALS RD,09:00-11:59,1,0
N,PROPERTY DAMAGE ONLY,CRESCENT RD,N,2022,MONDAY,SINGLE VEHICLE,N,Y,49.06731,-122.834287,N,JANUARY,N,SURREY,SURREY,SURREY,N,N,N,LOWER MAINLAND,140 ST & CRESCENT RD & NICO WYND DR,140 ST,140 ST,09:00-11:59,1,0
N,PROPERTY DAMAGE ONLY,CROATION RD,N,2022,MONDAY,SIDE SWIPE - OPPOSITE DIRECTION,N,Y,50.010147,-125.266121,N,JANUARY,N,CAMPBELL RIVER,CAMPBELL RIVER,CAMPBELL RIVER,N,N,N,VANCOUVER ISLAND,CROATION RD & PETERSEN RD,PETERSEN RD,PETERSEN RD,09:00-11:59,1,0
N,PROPERTY DAMAGE ONLY,DAVIE ST,N,2022,MONDAY,SIDE IMPACT,N,Y,48.431233,-123.326762,N,JANUARY,N,VICTORIA,VICTORIA,VICTORIA,N,Y,N,VANCOUVER ISLAND,DAVIE ST & FORT ST,FORT ST,FORT ST,09:00-11:59,1,0
N,PROPERTY DAMAGE ONLY,DIAMOND RD,N,2022,MONDAY,REAR END,N,Y,49.739145,-123.132709,N,JANUARY,N,SQUAMISH,SQUAMISH,SQUAMISH,Y,Y,N,LOWER MAINLAND,DIAMOND RD & TANTALUS RD,TANTALUS RD,TANTALUS RD,09:00-11:59,1,0
N,PROPERTY DAMAGE ONLY,DODDING AVE,N,2022,MONDAY,UNDETERMINED,N,Y,50.155918,-120.877298,N,JANUARY,N,LOWER NICOLA,LOWER NICOLA,LOWER NICOLA,N,N,N,SOUTHERN INTERIOR,ABERDEEN RD & DODDING AVE,ABERDEEN RD,ABERDEEN RD,09:00-11:59,1,0
N,PROPERTY DAMAGE ONLY,DOROTHY FRONTAGE RD,N,2022,MONDAY,REAR END,Y,N,\N,\N,N,JANUARY,N,BURNS LAKE,BURNS LAKE,\N,N,N,N,NORTH CENTRAL,UNKNOWN,HWY 16,HWY 16,09:00-11:59,1,0
N,PROPERTY DAMAGE ONLY,DOUGLAS RD,N,2022,MONDAY,UNDETERMINED,N,Y,49.273913,-123.018388,N,JANUARY,N,BURNABY,BURNABY,BURNABY,Y,N,N,LOWER MAINLAND,DOUGLAS RD & WILLIAM ST,WILLIAM ST,WILLIAM ST,09:00-11:59,1,0
N,PROPERTY DAMAGE ONLY,DOW AVE,N,2022,MONDAY,REAR END,N,Y,49.221944,-123.002972,N,JANUARY,N,BURNABY,BURNABY,BURNABY,N,N,N,LOWER MAINLAND,DOW AVE & IMPERIAL ST,IMPERIAL ST,IMPERIAL ST,09:00-11:59,1,0
N,PROPERTY DAMAGE ONLY,E 14TH ST,N,2022,MONDAY,UNDETERMINED,Y,Y,49.321018,-123.072348,N,JANUARY,N,NORTH VANCOUVER,NORTH VANCOUVER,NORTH VANCOUVER,N,N,N,LOWER MAINLAND,E 14TH ST & LONSDALE AVE,LONSDALE AVE,LONSDALE AVE,09:00-11:59,1,0
N,PROPERTY DAMAGE ONLY,E 27TH AVE,N,2022,MONDAY,SIDE SWIPE - SAME DIRECTION,N,Y,49.247228,-123.10115,N,JANUARY,N,VANCOUVER,VANCOUVER,VANCOUVER,N,N,N,LOWER MAINLAND,E 27TH AVE & MAIN ST,MAIN ST,MAIN ST,09:00-11:59,1,0
N,PROPERTY DAMAGE ONLY,E 2ND AVE,N,2022,MONDAY,SIDE IMPACT,N,Y,49.267737,-123.098202,N,JANUARY,N,VANCOUVER,VANCOUVER,VANCOUVER,N,N,N,LOWER MAINLAND,E 2ND AVE & SCOTIA ST,SCOTIA ST,SCOTIA ST,09:00-11:59,1,0
N,PROPERTY DAMAGE ONLY,E 33RD AVE,N,2022,MONDAY,REAR END,N,Y,49.240211,-123.076367,N,JANUARY,N,VANCOUVER,VANCOUVER,VANCOUVER,N,N,N,LOWER MAINLAND,E 33RD AVE & KNIGHT ST,KNIGHT ST,KNIGHT ST,09:00-11:59,1,0
N,PROPERTY DAMAGE ONLY,E 41ST AVE,N,2022,MONDAY,UNDETERMINED,N,Y,49.232747,-123.065518,N,JANUARY,N,VANCOUVER,VANCOUVER,VANCOUVER,N,N,N,LOWER MAINLAND,E 41ST AVE & VICTORIA DR,VICTORIA DR,VICTORIA DR,09:00-11:59,1,0
N,PROPERTY DAMAGE ONLY,E 62ND AVE,N,2022,MONDAY,SINGLE VEHICLE,N,Y,49.214064,-123.091071,N,JANUARY,N,VANCOUVER,VANCOUVER,VANCOUVER,Y,N,N,LOWER MAINLAND,E 62ND AVE & FRASER ST,FRASER ST,FRASER ST,09:00-11:59,1,0
N,PROPERTY DAMAGE ONLY,E KINGS RD,N,2022,MONDAY,CONFLICTED,N,Y,49.337451,-123.071972,N,JANUARY,N,NORTH VANCOUVER,NORTH VANCOUVER,NORTH VANCOUVER,Y,N,N,LOWER MAINLAND,E KINGS RD & LONSDALE AVE & W KINGS RD,LONSDALE AVE,LONSDALE AVE,09:00-11:59,1,0
N,PROPERTY DAMAGE ONLY,EARLS STREET,N,2022,MONDAY,SIDE IMPACT,N,N,\N,\N,N,JANUARY,N,VANCOUVER,VANCOUVER,\N,Y,Y,N,LOWER MAINLAND,UNKNOWN,KINGWAY,KINGWAY,09:00-11:59,1,0
N,PROPERTY DAMAGE ONLY,ECHO RIDGE DR,N,2022,MONDAY,UNDETERMINED,N,Y,49.925194,-119.456902,N,JANUARY,N,KELOWNA,KELOWNA,KELOWNA,Y,N,N,SOUTHERN INTERIOR,ECHO RIDGE DR & SUMMER WOOD DR,SUMMER WOOD DR,SUMMER WOOD DR,09:00-11:59,1,0
N,PROPERTY DAMAGE ONLY,ESPLANADE,N,2022,MONDAY,REAR END,N,Y,49.163019,-123.934486,N,JANUARY,N,NANAIMO,NANAIMO,NANAIMO,N,N,N,VANCOUVER ISLAND,ESPLANADE & NICOL ST & TERMINAL AVE & VICTORIA CRES & TURNING LANE,NICOL ST,NICOL ST,09:00-11:59,1,0
N,PROPERTY DAMAGE ONLY,ETHEL ST,N,2022,MONDAY,REAR END,N,Y,49.883621,-119.48276,N,JANUARY,N,KELOWNA,KELOWNA,KELOWNA,N,N,N,SOUTHERN INTERIOR,ETHEL ST & HARVEY AVE,HARVEY AVE,HARVEY AVE,09:00-11:59,1,0
N,PROPERTY DAMAGE ONLY,FAIRVIEW RD,N,2022,MONDAY,REAR END,N,N,\N,\N,N,JANUARY,N,PENTICTON,PENTICTON,\N,N,N,N,SOUTHERN INTERIOR,UNKNOWN,HWY 97 N,HWY 97 N,09:00-11:59,1,0
N,PROPERTY DAMAGE ONLY,FORD AVE,N,2022,MONDAY,SIDE IMPACT,N,Y,53.894804,-122.757862,N,JANUARY,N,PRINCE GEORGE,PRINCE GEORGE,PRINCE GEORGE,N,N,N,NORTH CENTRAL,FORD AVE & HWY 97 S & SPRUCE ST & TURNING LANE,SPRUCE ST,SPRUCE ST,09:00-11:59,1,0
N,PROPERTY DAMAGE ONLY,FORTUNE DR,N,2022,MONDAY,SINGLE VEHICLE,N,Y,50.684804,-120.347582,N,JANUARY,N,KAMLOOPS,KAMLOOPS,KAMLOOPS,N,N,N,SOUTHERN INTERIOR,FORTUNE DR & TRANQUILLE RD,TRANQUILLE RD,TRANQUILLE RD,09:00-11:59,1,0
N,PROPERTY DAMAGE ONLY,FRASER HWY,N,2022,MONDAY,REAR END,N,Y,49.138147,-122.734746,N,JANUARY,N,SURREY,SURREY,SURREY,N,N,N,LOWER MAINLAND,176 ST & FRASER HWY & HARVIE RD & TURNING LANE,176 ST,176 ST,09:00-11:59,2,0
N,PROPERTY DAMAGE ONLY,FRASER HWY,N,2022,MONDAY,REAR END,Y,Y,49.138147,-122.734746,N,JANUARY,N,SURREY,SURREY,SURREY,N,N,N,LOWER MAINLAND,176 ST & FRASER HWY & HARVIE RD & TURNING LANE,176 ST,176 ST,09:00-11:59,1,0
N,PROPERTY DAMAGE ONLY,FRASER HWY,N,2022,MONDAY,SIDE IMPACT,N,Y,49.055201,-122.370416,N,JANUARY,N,ABBOTSFORD,ABBOTSFORD,ABBOTSFORD,Y,Y,N,LOWER MAINLAND,BLUE JAY ST & FRASER HWY & LIVINGSTONE AVE & MACLURE RD,BLUE JAY ST,BLUE JAY ST,09:00-11:59,1,0
N,PROPERTY DAMAGE ONLY,FRASER HWY,N,2022,MONDAY,UNDETERMINED,N,Y,49.11897,-122.691352,N,JANUARY,N,SURREY,SURREY,SURREY,Y,Y,N,LOWER MAINLAND,64 AVE & FRASER HWY & TURNING LANE,64 AVE,64 AVE,09:00-11:59,1,0
N,PROPERTY DAMAGE ONLY,GAGE RD,N,2022,MONDAY,REAR END,N,Y,49.192019,-123.12021,N,JANUARY,N,RICHMOND,RICHMOND,RICHMOND,N,N,N,LOWER MAINLAND,BRIDGEPORT RD & GAGE RD,BRIDGEPORT RD,BRIDGEPORT RD,09:00-11:59,1,0
N,PROPERTY DAMAGE ONLY,GEORGE FERGUSON WAY,N,2022,MONDAY,SIDE IMPACT,N,Y,49.050124,-122.287669,N,JANUARY,N,ABBOTSFORD,ABBOTSFORD,ABBOTSFORD,N,N,N,LOWER MAINLAND,GEORGE FERGUSON WAY & GLADYS AVE,GLADYS AVE,GLADYS AVE,09:00-11:59,1,0
N,PROPERTY DAMAGE ONLY,GLEN DR,N,2022,MONDAY,REAR END,N,Y,49.252948,-123.081798,N,JANUARY,N,VANCOUVER,VANCOUVER,VANCOUVER,N,N,N,LOWER MAINLAND,GLEN DR & KINGSWAY,KINGSWAY,KINGSWAY,09:00-11:59,1,0
N,PROPERTY DAMAGE ONLY,GOGGS AVE,N,2022,MONDAY,REAR END,N,Y,49.028612,-122.812187,N,JANUARY,N,WHITE ROCK,WHITE ROCK,WHITE ROCK,Y,N,N,LOWER MAINLAND,GOGGS AVE & OXFORD ST,OXFORD ST,OXFORD ST,09:00-11:59,1,0
N,PROPERTY DAMAGE ONLY,GRANVILLE ST,N,2022,MONDAY,CONFLICTED,N,Y,49.239965,-123.139362,N,JANUARY,N,VANCOUVER,VANCOUVER,VANCOUVER,Y,N,N,LOWER MAINLAND,GRANVILLE ST & W 35TH AVE,W 35TH AVE,W 35TH AVE,09:00-11:59,1,0
N,PROPERTY DAMAGE ONLY,GREAT CANADIAN WAY,N,2022,MONDAY,REAR END,N,Y,49.192007,-123.124384,N,JANUARY,N,RICHMOND,RICHMOND,RICHMOND,N,N,N,LOWER MAINLAND,BRIDGEPORT RD & GREAT CANADIAN WAY,BRIDGEPORT RD,BRIDGEPORT RD,09:00-11:59,1,0
N,PROPERTY DAMAGE ONLY,HAZEL ST,N,2022,MONDAY,SIDE IMPACT,N,Y,49.229155,-122.998572,N,JANUARY,N,BURNABY,BURNABY,BURNABY,N,N,N,LOWER MAINLAND,HAZEL ST & SUSSEX AVE,SUSSEX AVE,SUSSEX AVE,09:00-11:59,1,0
N,PROPERTY DAMAGE ONLY,HELMCKEN ST,N,2022,MONDAY,SIDE SWIPE - SAME DIRECTION,N,Y,49.280115,-123.127624,N,JANUARY,N,VANCOUVER,VANCOUVER,VANCOUVER,N,N,N,LOWER MAINLAND,BURRARD ST & HELMCKEN ST,BURRARD ST,BURRARD ST,09:00-11:59,1,0
N,PROPERTY DAMAGE ONLY,HODGINS AVE,N,2022,MONDAY,UNDETERMINED,Y,Y,49.166369,-121.958703,N,JANUARY,N,CHILLIWACK,CHILLIWACK,CHILLIWACK,N,N,N,LOWER MAINLAND,CHEAM AVE & HODGINS AVE & YALE RD,YALE RD,YALE RD,09:00-11:59,1,0
N,PROPERTY DAMAGE ONLY,HOUSTON ST,N,2022,MONDAY,REAR END,Y,Y,50.102785,-120.778827,N,JANUARY,N,MERRITT,MERRITT,MERRITT,N,N,N,SOUTHERN INTERIOR,HOUSTON ST & PRIEST AVE,PRIEST AVE,PRIEST AVE,09:00-11:59,1,0
N,PROPERTY DAMAGE ONLY,HUGH ALLAN DR,N,2022,MONDAY,SINGLE VEHICLE,N,Y,50.651329,-120.375809,N,JANUARY,N,KAMLOOPS,KAMLOOPS,KAMLOOPS,N,N,N,SOUTHERN INTERIOR,HUGH ALLAN DR & ROGERS WAY,ROGERS WAY,ROGERS WAY,09:00-11:59,1,0
N,PROPERTY DAMAGE ONLY,HWY 1,N,2022,MONDAY,SIDE SWIPE - SAME DIRECTION,N,Y,49.219251,-122.812916,N,JANUARY,N,COQUITLAM,COQUITLAM,COQUITLAM,N,N,N,LOWER MAINLAND,COLEMAN AVE & COLEMAN AVE ONRP & FAWCETT RD & HWY 7 OFRP & HWY 7B OFRP & LEEDER ST & LOUGHEED HWY & LOUGHEED HWY ONRP & MARY HILL BYPASS & MARY HILL BYPASS ONRP & TRANS-CANADA HWY & TRANS-CANADA HWY OFRP & TRANS-CANADA HWY ONRP & UNITED BLVD & UNITED BLV,LOUGHEED HWY,LOUGHEED HWY,09:00-11:59,1,0
N,PROPERTY DAMAGE ONLY,HWY 1,N,2022,MONDAY,UNDETERMINED,N,Y,48.664925,-123.559363,N,JANUARY,N,MILL BAY,MILL BAY,MILL BAY,N,N,N,VANCOUVER ISLAND,COBBLE HILL RD & KILMALU RD & TRANS-CANADA HWY & TURNING LANE,COBBLE HILL RD,COBBLE HILL RD,09:00-11:59,1,0
N,PROPERTY DAMAGE ONLY,HWY 33,N,2022,MONDAY,SINGLE VEHICLE,N,Y,49.868877,-119.361929,N,JANUARY,N,KELOWNA,KELOWNA,KELOWNA,N,N,N,SOUTHERN INTERIOR,GARNER RD & HUME AVE & HWY 33 E,GARNER RD,GARNER RD,09:00-11:59,1,0
N,PROPERTY DAMAGE ONLY,HWY 91,N,2022,MONDAY,SINGLE VEHICLE,Y,Y,49.133851,-122.927507,N,JANUARY,N,DELTA,DELTA,DELTA,N,N,N,LOWER MAINLAND,72 AVE & 72 AVE OFFRAMP & 72 AVE ONRAMP & HWY 91 & HWY 91 OFFRAMP & HWY 91 ONRAMP,72 AVE ONRAMP,72 AVE ONRAMP,09:00-11:59,1,0
N,PROPERTY DAMAGE ONLY,HWY 91,N,2022,MONDAY,UNDETERMINED,Y,Y,49.146506,-122.944458,N,JANUARY,N,DELTA,DELTA,DELTA,N,N,N,LOWER MAINLAND,HWY 17 & HWY 91 & HWY 91 CONN & HWY 91 CONN OFFRAMP & HWY 91 CONN ONRAMP & NORDEL WAY & NORDEL WAY OFFRAMP & NORDEL WAY ONRAMP & NORDEL WAY OVERPASS & WEIGH SCALE RD & SCALE ACCESS & TURNING LANE,HWY 17,HWY 17,09:00-11:59,1,0
N,PROPERTY DAMAGE ONLY,HWY 97,N,2022,MONDAY,REAR END,N,Y,49.901265,-119.408856,N,JANUARY,N,KELOWNA,KELOWNA,KELOWNA,N,N,N,SOUTHERN INTERIOR,HWY 97 N & MCCURDY RD & OKANAGAN RAIL TRAIL & TURNING LANE,MCCURDY RD,MCCURDY RD,09:00-11:59,1,0
N,PROPERTY DAMAGE ONLY,HWY 99,N,2022,MONDAY,REAR END,N,Y,50.094522,-122.992785,N,JANUARY,N,WHISTLER,WHISTLER,WHISTLER,Y,Y,N,LOWER MAINLAND,HWY 99 & LAKE PLACID RD & TURNING LANE,LAKE PLACID RD,LAKE PLACID RD,09:00-11:59,1,0
N,PROPERTY DAMAGE ONLY,JACKSON AVE,N,2022,MONDAY,UNDETERMINED,Y,Y,49.283073,-123.093346,N,JANUARY,N,VANCOUVER,VANCOUVER,VANCOUVER,N,N,N,LOWER MAINLAND,JACKSON AVE & POWELL ST,POWELL ST,POWELL ST,09:00-11:59,1,0
N,PROPERTY DAMAGE ONLY,JONES AVE,N,2022,MONDAY,REAR END,N,Y,49.330354,-123.081515,N,JANUARY,N,NORTH VANCOUVER,NORTH VANCOUVER,NORTH VANCOUVER,N,N,N,LOWER MAINLAND,JONES AVE & LARSON CRES & W 23RD ST,W 23RD ST,W 23RD ST,09:00-11:59,1,0
N,PROPERTY DAMAGE ONLY,KEITH AVE,N,2022,MONDAY,REAR END,N,Y,54.513337,-128.601195,N,JANUARY,N,TERRACE,TERRACE,TERRACE,N,N,N,NORTH CENTRAL,KEITH AVE & MOLITOR ST,MOLITOR ST,MOLITOR ST,09:00-11:59,1,0
N,PROPERTY DAMAGE ONLY,KETCH CRT,N,2022,MONDAY,SIDE IMPACT,Y,Y,49.227499,-122.85302,N,JANUARY,N,COQUITLAM,COQUITLAM,COQUITLAM,Y,Y,N,LOWER MAINLAND,CLIPPER ST & KETCH CRT,CLIPPER ST,CLIPPER ST,09:00-11:59,1,0
N,PROPERTY DAMAGE ONLY,KING EDWARD ST,N,2022,MONDAY,HEAD ON,N,Y,49.235683,-122.861649,N,JANUARY,N,COQUITLAM,COQUITLAM,COQUITLAM,Y,Y,N,LOWER MAINLAND,KING EDWARD ST & SEGUIN DR,SEGUIN DR,SEGUIN DR,09:00-11:59,1,0
N,PROPERTY DAMAGE ONLY,KING GEORGE BLVD,N,2022,MONDAY,REAR END,N,Y,49.133554,-122.845583,N,JANUARY,N,SURREY,SURREY,SURREY,N,N,N,LOWER MAINLAND,72 AVE & KING GEORGE BLVD & TURNING LANE,72 AVE,72 AVE,09:00-11:59,1,0
N,PROPERTY DAMAGE ONLY,KING GEORGE BLVD,N,2022,MONDAY,SIDE IMPACT,N,Y,49.133554,-122.845583,N,JANUARY,N,SURREY,SURREY,SURREY,N,N,N,LOWER MAINLAND,72 AVE & KING GEORGE BLVD & TURNING LANE,72 AVE,72 AVE,09:00-11:59,1,0
N,PROPERTY DAMAGE ONLY,KING GEORGE BLVD,N,2022,MONDAY,UNDETERMINED,N,N,\N,\N,N,JANUARY,N,SURREY,SURREY,\N,Y,N,N,LOWER MAINLAND,UNKNOWN,98B AVE,98B AVE,09:00-11:59,1,0
N,PROPERTY DAMAGE ONLY,KING RD,N,2022,MONDAY,SIDE IMPACT,Y,Y,49.03129,-122.293023,N,JANUARY,N,ABBOTSFORD,ABBOTSFORD,ABBOTSFORD,N,N,N,LOWER MAINLAND,KING RD & MCCALLUM RD & PRIVATE DRIVEWAY & TURNING LANE,MCCALLUM RD,MCCALLUM RD,09:00-11:59,1,0
N,PROPERTY DAMAGE ONLY,KINGSWAY,N,2022,MONDAY,REAR END,N,Y,49.259878,-123.096571,N,JANUARY,N,VANCOUVER,VANCOUVER,VANCOUVER,N,N,N,LOWER MAINLAND,E 12TH AVE & KINGSWAY,E 12TH AVE,E 12TH AVE,09:00-11:59,1,0
N,PROPERTY DAMAGE ONLY,KINGSWAY,N,2022,MONDAY,SIDE SWIPE - SAME DIRECTION,Y,Y,49.218316,-122.951539,N,JANUARY,N,BURNABY,BURNABY,BURNABY,N,N,N,LOWER MAINLAND,EDMONDS ST & KINGSWAY & TURNING LANE,EDMONDS ST,EDMONDS ST,09:00-11:59,1,0
N,PROPERTY DAMAGE ONLY,LANGLEY BYPASS,N,2022,MONDAY,REAR END,N,Y,49.113331,-122.656783,N,JANUARY,N,LANGLEY,LANGLEY,LANGLEY,N,N,N,LOWER MAINLAND,204 ST & LANGLEY BYPASS,204 ST,204 ST,09:00-11:59,1,0
N,PROPERTY DAMAGE ONLY,LONSDALE,N,2022,MONDAY,UNDETERMINED,Y,N,\N,\N,N,JANUARY,N,NORTH VANCOUVER,NORTH VANCOUVER,\N,N,N,N,LOWER MAINLAND,UNKNOWN,25TH ST E,25TH ST E,09:00-11:59,1,0
N,PROPERTY DAMAGE ONLY,LORIMER RD,N,2022,MONDAY,REAR END,N,Y,50.120514,-122.954296,N,JANUARY,N,WHISTLER,WHISTLER,WHISTLER,Y,N,N,LOWER MAINLAND,BLACKCOMB WAY & LORIMER RD & VALLEY TRAIL,BLACKCOMB WAY,BLACKCOMB WAY,09:00-11:59,1,0
N,PROPERTY DAMAGE ONLY,LYTTON ST,N,2022,MONDAY,CONFLICTED,N,Y,49.826129,-124.520593,N,JANUARY,N,POWELL RIVER,POWELL RIVER,POWELL RIVER,Y,N,N,VANCOUVER ISLAND,JOYCE AVE & LYTTON ST,JOYCE AVE,JOYCE AVE,09:00-11:59,1,0
N,PROPERTY DAMAGE ONLY,MAIN ST,N,2022,MONDAY,CONFLICTED,N,Y,49.225649,-123.10164,N,JANUARY,N,VANCOUVER,VANCOUVER,VANCOUVER,N,N,N,LOWER MAINLAND,E 49TH AVE & MAIN ST,E 49TH AVE,E 49TH AVE,09:00-11:59,2,0
N,PROPERTY DAMAGE ONLY,MARINE DR,N,2022,MONDAY,CONFLICTED,N,Y,49.321159,-123.094648,N,JANUARY,N,NORTH VANCOUVER,NORTH VANCOUVER,NORTH VANCOUVER,N,N,N,LOWER MAINLAND,FELL AVE & MARINE DR & TURNING LANE,FELL AVE,FELL AVE,09:00-11:59,1,0
N,PROPERTY DAMAGE ONLY,MARSHALL RD,N,2022,MONDAY,SIDE IMPACT,N,Y,49.039043,-122.293334,N,JANUARY,N,ABBOTSFORD,ABBOTSFORD,ABBOTSFORD,N,N,N,LOWER MAINLAND,MARSHALL RD & MCCALLUM RD,MCCALLUM RD,MCCALLUM RD,09:00-11:59,1,0
N,PROPERTY DAMAGE ONLY,MILLAR RD,N,2022,MONDAY,UNDETERMINED,N,Y,49.182667,-122.906366,N,JANUARY,N,SURREY,SURREY,SURREY,Y,N,N,LOWER MAINLAND,MILLAR RD & RIVER RD,RIVER RD,RIVER RD,09:00-11:59,1,0
N,PROPERTY DAMAGE ONLY,MILLSTREAM RD,N,2022,MONDAY,REAR END,Y,Y,48.460388,-123.497264,N,JANUARY,N,LANGFORD,LANGFORD,LANGFORD,N,N,N,VANCOUVER ISLAND,MCCALLUM RD & MILLSTREAM RD & TURNING LANE,MCCALLUM RD,MCCALLUM RD,09:00-11:59,1,0
N,PROPERTY DAMAGE ONLY,MT LEHMAN RD,N,2022,MONDAY,SIDE SWIPE - SAME DIRECTION,N,Y,49.111285,-122.382112,N,JANUARY,N,ABBOTSFORD,ABBOTSFORD,ABBOTSFORD,N,N,N,LOWER MAINLAND,BURGESS AVE & MT LEHMAN RD,BURGESS AVE,BURGESS AVE,09:00-11:59,1,0
N,PROPERTY DAMAGE ONLY,NANAIMO ST,N,2022,MONDAY,SIDE SWIPE - SAME DIRECTION,N,Y,49.241871,-123.058121,N,JANUARY,N,VANCOUVER,VANCOUVER,VANCOUVER,N,N,N,LOWER MAINLAND,KINGSWAY & NANAIMO ST,KINGSWAY,KINGSWAY,09:00-11:59,1,0
N,PROPERTY DAMAGE ONLY,NO 3 RD,N,2022,MONDAY,SINGLE VEHICLE,N,Y,49.089512,-122.12498,N,JANUARY,N,ABBOTSFORD,ABBOTSFORD,ABBOTSFORD,N,N,N,LOWER MAINLAND,NO 3 RD & NO 3 RD OFFRAMP & NO 3 RD ONRAMP & TRANS-CANADA HWY,HWY 1,HWY 1,09:00-11:59,1,0
N,PROPERTY DAMAGE ONLY,NO 5 RD,N,2022,MONDAY,SIDE SWIPE - SAME DIRECTION,N,Y,49.133365,-123.092135,N,JANUARY,N,RICHMOND,RICHMOND,RICHMOND,N,N,N,LOWER MAINLAND,NO 5 RD & STEVESTON HWY & TURNING LANE,STEVESTON HWY,STEVESTON HWY,09:00-11:59,1,0
N,PROPERTY DAMAGE ONLY,NOOTKA ST,N,2022,MONDAY,UNDETERMINED,N,Y,49.272277,-123.041434,N,JANUARY,N,VANCOUVER,VANCOUVER,VANCOUVER,Y,N,N,LOWER MAINLAND,KITCHENER ST & NOOTKA ST,KITCHENER ST,KITCHENER ST,09:00-11:59,1,0
N,PROPERTY DAMAGE ONLY,NORTHERN AVE,N,2022,MONDAY,SINGLE VEHICLE,N,Y,49.28078,-122.79331,N,JANUARY,N,COQUITLAM,COQUITLAM,COQUITLAM,N,Y,N,LOWER MAINLAND,NORTHERN AVE & PINETREE WAY,PINETREE WAY,PINETREE WAY,09:00-11:59,1,0
N,PROPERTY DAMAGE ONLY,NORTHFIELD RD ONRAMP,N,2022,MONDAY,CONFLICTED,Y,Y,49.188393,-124.002473,N,JANUARY,N,NANAIMO,NANAIMO,NANAIMO,N,N,N,VANCOUVER ISLAND,NANAIMO PKY & NORTHFIELD RD & NORTHFIELD RD OFFRAMP & NORTHFIELD RD ONRAMP,HWY 19,HWY 19,09:00-11:59,1,0
N,PROPERTY DAMAGE ONLY,OAK ST,N,2022,MONDAY,CONFLICTED,N,Y,49.246306,-123.127662,N,JANUARY,N,VANCOUVER,VANCOUVER,VANCOUVER,Y,N,N,LOWER MAINLAND,NANTON AVE & OAK ST & W 28TH AVE,NANTON AVE,NANTON AVE,09:00-11:59,1,0
N,PROPERTY DAMAGE ONLY,OAK ST,N,2022,MONDAY,SINGLE VEHICLE,N,Y,49.20322,-123.130436,N,JANUARY,N,VANCOUVER,VANCOUVER,VANCOUVER,N,N,N,LOWER MAINLAND,OAK ST & W KENT AVE N,W KENT AVE N,W KENT AVE N,09:00-11:59,1,0
N,PROPERTY DAMAGE ONLY,OHARA PK,N,2022,MONDAY,UNDETERMINED,Y,Y,51.447796,-116.326027,N,JANUARY,N,FIELD,FIELD,FIELD,N,N,N,SOUTHERN INTERIOR,OHARA PK & TRANS-CANADA HWY,HWY 1,HWY 1,09:00-11:59,1,0
N,PROPERTY DAMAGE ONLY,OLD YALE RD,N,2022,MONDAY,SIDE IMPACT,N,Y,49.051921,-122.33777,N,JANUARY,N,ABBOTSFORD,ABBOTSFORD,ABBOTSFORD,N,N,N,LOWER MAINLAND,CLEARBROOK RD & OLD YALE RD,CLEARBROOK RD,CLEARBROOK RD,09:00-11:59,1,0
N,PROPERTY DAMAGE ONLY,OVERLANDERS BRIDGE,N,2022,MONDAY,REAR END,N,Y,50.682916,-120.348995,N,JANUARY,N,KAMLOOPS,KAMLOOPS,KAMLOOPS,N,N,N,SOUTHERN INTERIOR,FORTUNE DR & OVERLANDERS BRIDGE,FORTUNE DR,FORTUNE DR,09:00-11:59,1,0
N,PROPERTY DAMAGE ONLY,PACIFIC ST,N,2022,MONDAY,SIDE SWIPE - SAME DIRECTION,N,Y,49.276982,-123.132453,N,JANUARY,N,VANCOUVER,VANCOUVER,VANCOUVER,N,N,N,LOWER MAINLAND,BURRARD ST & BURRARD ST BRIDGE & PACIFIC ST,BURRARD ST BRIDGE,BURRARD ST BRIDGE,09:00-11:59,1,0
N,PROPERTY DAMAGE ONLY,PANDORA ST,N,2022,MONDAY,UNDETERMINED,N,Y,49.282943,-123.025699,N,JANUARY,N,VANCOUVER,VANCOUVER,VANCOUVER,Y,N,N,LOWER MAINLAND,KOOTENAY ST & PANDORA ST,KOOTENAY ST,KOOTENAY ST,09:00-11:59,1,0
N,PROPERTY DAMAGE ONLY,PAUL LAKE ROAD,N,2022,MONDAY,UNDETERMINED,N,N,\N,\N,N,JANUARY,N,KAMLOOPS,KAMLOOPS,\N,Y,N,N,SOUTHERN INTERIOR,UNKNOWN,HWY 5 N,HWY 5 N,09:00-11:59,1,0
N,PROPERTY DAMAGE ONLY,PENDER,N,2022,MONDAY,SINGLE VEHICLE,N,N,\N,\N,N,JANUARY,N,VANCOUVER,VANCOUVER,\N,N,Y,N,LOWER MAINLAND,UNKNOWN,HOWE,HOWE,09:00-11:59,1,0
N,PROPERTY DAMAGE ONLY,PETERSEN RD,N,2022,MONDAY,SIDE IMPACT,N,Y,50.030789,-125.266713,N,JANUARY,N,CAMPBELL RIVER,CAMPBELL RIVER,CAMPBELL RIVER,N,N,N,VANCOUVER ISLAND,16TH AVE & PETERSEN RD,16TH AVE,16TH AVE,09:00-11:59,1,0
N,PROPERTY DAMAGE ONLY,PLEASANT VALLEY RD,N,2022,MONDAY,SINGLE VEHICLE,N,Y,50.279237,-119.254817,N,JANUARY,N,VERNON,VERNON,VERNON,N,N,N,SOUTHERN INTERIOR,47 AVE & PLEASANT VALLEY RD,47 AVE,47 AVE,09:00-11:59,1,0
N,PROPERTY DAMAGE ONLY,PREST RD,N,2022,MONDAY,REAR END,N,N,\N,\N,N,JANUARY,N,CHILLIWACK,CHILLIWACK,\N,N,N,N,LOWER MAINLAND,UNKNOWN,1ST AVE,1ST AVE,09:00-11:59,1,0
N,PROPERTY DAMAGE ONLY,QUEBEC ST,N,2022,MONDAY,SINGLE VEHICLE,N,N,\N,\N,N,JANUARY,N,VANCOUVER,VANCOUVER,\N,Y,N,N,LOWER MAINLAND,UNKNOWN,SW MARINE DR,SW MARINE DR,09:00-11:59,1,0
N,PROPERTY DAMAGE ONLY,RAILWAY AVE,N,2022,MONDAY,UNDETERMINED,N,Y,50.725926,-121.279092,N,JANUARY,N,ASHCROFT,ASHCROFT,ASHCROFT,Y,N,N,SOUTHERN INTERIOR,HWY 97C & RAILWAY AVE & RIVER VIEW CRES,HWY 97C,HWY 97C,09:00-11:59,1,0
N,PROPERTY DAMAGE ONLY,REDROCK RD,N,2022,MONDAY,SINGLE VEHICLE,N,N,\N,\N,N,JANUARY,N,VERNON,VERNON,\N,N,N,N,SOUTHERN INTERIOR,UNKNOWN,L&A ROAD,L&A ROAD,09:00-11:59,1,0
N,PROPERTY DAMAGE ONLY,REGINA AVE,N,2022,MONDAY,UNDETERMINED,N,Y,48.456639,-123.391687,N,JANUARY,N,SAANICH,SAANICH,SAANICH,Y,N,N,VANCOUVER ISLAND,REGINA AVE & TILLICUM RD,TILLICUM RD,TILLICUM RD,09:00-11:59,1,0
N,PROPERTY DAMAGE ONLY,RENFREW ST,N,2022,MONDAY,REAR END,N,Y,49.269475,-123.044219,N,JANUARY,N,VANCOUVER,VANCOUVER,VANCOUVER,N,N,N,LOWER MAINLAND,E 1ST AVE & RENFREW ST,E 1ST AVE,E 1ST AVE,09:00-11:59,1,0
N,PROPERTY DAMAGE ONLY,RICHARDS ST,N,2022,MONDAY,SIDE SWIPE - OPPOSITE DIRECTION,N,Y,49.274827,-123.125829,N,JANUARY,N,VANCOUVER,VANCOUVER,VANCOUVER,N,N,N,LOWER MAINLAND,DRAKE ST & RICHARDS ST,DRAKE ST,DRAKE ST,09:00-11:59,1,0
N,PROPERTY DAMAGE ONLY,ROBSON ST,N,2022,MONDAY,CONFLICTED,N,Y,49.283281,-123.122803,N,JANUARY,N,VANCOUVER,VANCOUVER,VANCOUVER,Y,N,N,LOWER MAINLAND,BURRARD ST & ROBSON ST,BURRARD ST,BURRARD ST,09:00-11:59,1,0
N,PROPERTY DAMAGE ONLY,ROYAL AVE,N,2022,MONDAY,REAR END,N,Y,49.207062,-122.908407,N,JANUARY,N,NEW WESTMINSTER,NEW WESTMINSTER,NEW WESTMINSTER,N,N,N,LOWER MAINLAND,FOURTH ST & ROYAL AVE,4TH ST,4TH ST,09:00-11:59,1,0
N,PROPERTY DAMAGE ONLY,SCHOOL RD,N,2022,MONDAY,SIDE SWIPE - OPPOSITE DIRECTION,Y,Y,49.403798,-123.508593,N,JANUARY,N,GIBSONS,GIBSONS,GIBSONS,N,N,N,LOWER MAINLAND,ABBS RD & SCHOOL RD,ABBS RD,ABBS RD,09:00-11:59,1,0
N,PROPERTY DAMAGE ONLY,SCHWEYEY RD,N,2022,MONDAY,UNDETERMINED,N,Y,49.169251,-121.987969,N,JANUARY,N,CHILLIWACK,CHILLIWACK,CHILLIWACK,Y,Y,N,LOWER MAINLAND,SCHWEYEY RD & SKWAY RD & WOLFE RD,WOLFE RD,WOLFE RD,09:00-11:59,1,0
N,PROPERTY DAMAGE ONLY,SHAUGHNESSY ST,N,2022,MONDAY,CONFLICTED,N,Y,49.254583,-122.782641,N,JANUARY,N,PORT COQUITLAM,PORT COQUITLAM,PORT COQUITLAM,N,N,N,LOWER MAINLAND,PITT RIVER RD & SHAUGHNESSY ST,PITT RIVER RD,PITT RIVER RD,09:00-11:59,1,0
N,PROPERTY DAMAGE ONLY,SHOPPERS ROW,N,2022,MONDAY,SIDE IMPACT,N,Y,50.026107,-125.243837,N,JANUARY,N,CAMPBELL RIVER,CAMPBELL RIVER,CAMPBELL RIVER,Y,N,N,VANCOUVER ISLAND,10TH AVE & SHOPPERS ROW,10TH AVE,10TH AVE,09:00-11:59,1,0
N,PROPERTY DAMAGE ONLY,SHUSWAP AVE,N,2022,MONDAY,REAR END,N,Y,50.247383,-118.965984,N,JANUARY,N,LUMBY,LUMBY,LUMBY,N,N,N,SOUTHERN INTERIOR,SHUSWAP AVE & VERNON ST,VERNON ST,VERNON ST,09:00-11:59,1,0
N,PROPERTY DAMAGE ONLY,SIMMS RD,N,2022,MONDAY,SINGLE VEHICLE,N,Y,49.974983,-125.22732,N,JANUARY,N,CAMPBELL RIVER,CAMPBELL RIVER,CAMPBELL RIVER,N,N,N,VANCOUVER ISLAND,GALERNO RD & SIMMS RD,GALERNO RD,GALERNO RD,09:00-11:59,1,0
N,PROPERTY DAMAGE ONLY,SURREY RD,N,2022,MONDAY,CONFLICTED,N,Y,49.210718,-122.813859,N,JANUARY,N,SURREY,SURREY,SURREY,Y,N,N,LOWER MAINLAND,ST ANDREWS DR & SURREY RD,ST ANDREWS DR,ST ANDREWS DR,09:00-11:59,1,0
N,PROPERTY DAMAGE ONLY,TRAFALGAR ST,N,2022,MONDAY,UNDETERMINED,N,Y,49.268325,-123.164539,N,JANUARY,N,VANCOUVER,VANCOUVER,VANCOUVER,Y,N,N,LOWER MAINLAND,TRAFALGAR ST & W 4TH AVE,W 4TH AVE,W 4TH AVE,09:00-11:59,1,0
N,PROPERTY DAMAGE ONLY,UNION ST,N,2022,MONDAY,SINGLE VEHICLE,N,Y,49.277507,-123.018647,N,JANUARY,N,BURNABY,BURNABY,BURNABY,N,N,N,LOWER MAINLAND,INGLETON AVE & UNION ST,INGLETON AVE,INGLETON AVE,09:00-11:59,1,0
N,PROPERTY DAMAGE ONLY,UNKNOWN,N,2022,MONDAY,REAR END,N,N,\N,\N,N,JANUARY,N,SAANICH,SAANICH,\N,Y,Y,N,VANCOUVER ISLAND,UNKNOWN,TILLICUM RD,TILLICUM RD,09:00-11:59,1,0
N,PROPERTY DAMAGE ONLY,UNKNOWN,N,2022,MONDAY,UNDETERMINED,N,N,\N,\N,N,JANUARY,N,RICHMOND,RICHMOND,\N,Y,Y,N,LOWER MAINLAND,UNKNOWN,UNKNOWN,UNKNOWN,09:00-11:59,1,0
N,PROPERTY DAMAGE ONLY,UPLANDS DR,N,2022,MONDAY,UNDETERMINED,N,Y,49.218744,-124.022916,N,JANUARY,N,NANAIMO,NANAIMO,NANAIMO,Y,N,N,VANCOUVER ISLAND,RUTHERFORD RD & UPLANDS DR,RUTHERFORD RD,RUTHERFORD RD,09:00-11:59,1,0
N,PROPERTY DAMAGE ONLY,VANDERNEUK RD,N,2022,MONDAY,CONFLICTED,N,Y,49.22801,-124.014124,N,JANUARY,N,NANAIMO,NANAIMO,NANAIMO,N,N,N,VANCOUVER ISLAND,LOST LAKE RD & VANDERNEUK RD,LOST LAKE RD,LOST LAKE RD,09:00-11:59,1,0
N,PROPERTY DAMAGE ONLY,VETERANS MEMORIAL PKY,N,2022,MONDAY,SIDE IMPACT,Y,Y,49.715334,-124.971303,N,JANUARY,N,COURTENAY,COURTENAY,COURTENAY,Y,N,N,VANCOUVER ISLAND,LERWICK RD & MISSION RD & VETERANS MEMORIAL PKY,MISSION RD,MISSION RD,09:00-11:59,1,0
N,PROPERTY DAMAGE ONLY,VICTORIA DR,N,2022,MONDAY,UNDETERMINED,N,Y,49.276646,-123.065622,N,JANUARY,N,VANCOUVER,VANCOUVER,VANCOUVER,N,N,N,LOWER MAINLAND,VENABLES ST & VICTORIA DR,VENABLES ST,VENABLES ST,09:00-11:59,1,0
N,PROPERTY DAMAGE ONLY,VICTORIA ST,N,2022,MONDAY,REAR END,N,Y,50.674909,-120.318278,N,JANUARY,N,KAMLOOPS,KAMLOOPS,KAMLOOPS,N,N,N,SOUTHERN INTERIOR,SEYMOUR ST & VICTORIA ST,SEYMOUR ST,SEYMOUR ST,09:00-11:59,1,0
N,PROPERTY DAMAGE ONLY,W 18TH ST,N,2022,MONDAY,SIDE IMPACT,Y,Y,49.325178,-123.07224,N,JANUARY,N,NORTH VANCOUVER,NORTH VANCOUVER,NORTH VANCOUVER,N,N,N,LOWER MAINLAND,E 18TH ST & LONSDALE AVE & W 18TH ST,LONSDALE AVE,LONSDALE AVE,09:00-11:59,1,0
N,PROPERTY DAMAGE ONLY,W 41ST AVE,N,2022,MONDAY,SIDE IMPACT,N,Y,49.234628,-123.158501,N,JANUARY,N,VANCOUVER,VANCOUVER,VANCOUVER,Y,N,N,LOWER MAINLAND,W 41ST AVE & YEW ST,YEW ST,YEW ST,09:00-11:59,1,0
N,PROPERTY DAMAGE ONLY,W 59TH AVE,N,2022,MONDAY,SINGLE VEHICLE,N,Y,49.217347,-123.137677,N,JANUARY,N,VANCOUVER,VANCOUVER,VANCOUVER,N,N,N,LOWER MAINLAND,CARTIER ST & W 59TH AVE,CARTIER ST,CARTIER ST,09:00-11:59,1,0
N,PROPERTY DAMAGE ONLY,W BROADWAY,N,2022,MONDAY,REAR END,N,Y,49.263048,-123.106831,N,JANUARY,N,VANCOUVER,VANCOUVER,VANCOUVER,Y,N,N,LOWER MAINLAND,MANITOBA ST & W BROADWAY,MANITOBA ST,MANITOBA ST,09:00-11:59,1,0
N,PROPERTY DAMAGE ONLY,W KING EDWARD AVE,N,2022,MONDAY,UNDETERMINED,N,Y,49.248986,-123.115396,N,JANUARY,N,VANCOUVER,VANCOUVER,VANCOUVER,N,N,N,LOWER MAINLAND,CAMBIE ST & W KING EDWARD AVE,CAMBIE ST,CAMBIE ST,09:00-11:59,1,0
N,PROPERTY DAMAGE ONLY,WALLACE DR,N,2022,MONDAY,UNDETERMINED,N,Y,48.594657,-123.419416,N,JANUARY,N,CENTRAL SAANICH,CENTRAL SAANICH,CENTRAL SAANICH,Y,Y,N,VANCOUVER ISLAND,MT NEWTON CROSS RD & WALLACE DR,MT NEWTON CROSS RD,MT NEWTON CROSS RD,09:00-11:59,1,0
N,PROPERTY DAMAGE ONLY,WATKISS WAY,N,2022,MONDAY,SINGLE VEHICLE,N,Y,48.465778,-123.438459,N,JANUARY,N,VIEW ROYAL,VIEW ROYAL,VIEW ROYAL,N,N,N,VANCOUVER ISLAND,ERSKINE LANE & STONERIDGE DR & WATKISS WAY,ERSKINE LANE,ERSKINE LANE,09:00-11:59,1,0
N,PROPERTY DAMAGE ONLY,WELWYN ST,N,2022,MONDAY,SIDE IMPACT,N,Y,49.247392,-123.069945,N,JANUARY,N,VANCOUVER,VANCOUVER,VANCOUVER,N,N,N,LOWER MAINLAND,KINGSWAY & WELWYN ST,KINGSWAY,KINGSWAY,09:00-11:59,1,0
N,PROPERTY DAMAGE ONLY,WEMBLEY RD,N,2022,MONDAY,CONFLICTED,N,Y,49.344549,-124.358644,N,JANUARY,N,PARKSVILLE,PARKSVILLE,PARKSVILLE,N,N,N,VANCOUVER ISLAND,ISLAND HWY W & WEMBLEY RD,ISLAND HWY W,ISLAND HWY W,09:00-11:59,1,0
N,PROPERTY DAMAGE ONLY,WILLINGDON AVE,N,2022,MONDAY,REAR END,N,Y,49.257636,-123.004065,N,JANUARY,N,BURNABY,BURNABY,BURNABY,N,N,N,LOWER MAINLAND,GRANDVIEW HWY & GRANDVIEW HWY ONRAMP & TRANS-CANADA HWY & TRANS-CANADA HWY ONRAMP & WILLINGDON AVE & WILLINGDON AVE OFFRAMP & EMERGENCY LANE,WILLINGDON AVE OFFRAMP,WILLINGDON AVE OFFRAMP,09:00-11:59,1,0
N,PROPERTY DAMAGE ONLY,WILTSE BLVD,N,2022,MONDAY,UNDETERMINED,N,Y,49.471484,-119.571181,N,JANUARY,N,PENTICTON,PENTICTON,PENTICTON,N,N,N,SOUTHERN INTERIOR,DARTMOUTH DR & WILTSE BLVD,DARTMOUTH DR,DARTMOUTH DR,09:00-11:59,1,0
N,PROPERTY DAMAGE ONLY,YEW ST,N,2022,MONDAY,SIDE IMPACT,N,Y,49.234628,-123.158501,N,JANUARY,N,VANCOUVER,VANCOUVER,VANCOUVER,Y,N,N,LOWER MAINLAND,W 41ST AVE & YEW ST,W 41ST AVE,W 41ST AVE,09:00-11:59,1,0
N,PROPERTY DAMAGE ONLY,YOUNG RD,N,2022,MONDAY,SIDE SWIPE - SAME DIRECTION,N,Y,49.170981,-121.952608,N,JANUARY,N,CHILLIWACK,CHILLIWACK,CHILLIWACK,Y,Y,N,LOWER MAINLAND,THUNDERBIRD LANE & WELLINGTON AVE & YALE RD & YOUNG RD,YALE RD,YALE RD,09:00-11:59,1,0
N,PROPERTY DAMAGE ONLY,YOUNG ST,N,2022,MONDAY,SIDE SWIPE - SAME DIRECTION,N,Y,49.49359,-119.59831199999999,N,JANUARY,N,PENTICTON,PENTICTON,PENTICTON,N,N,N,SOUTHERN INTERIOR,ORCHARD AVE & YOUNG ST,ORCHARD AVE,ORCHARD AVE,09:00-11:59,1,0
Y,CASUALTY CRASH,\N,N,2022,MONDAY,SINGLE VEHICLE,N,N,49.405466,-123.582518,Y,JANUARY,N,ROBERTS CREEK,ROBERTS CREEK,ROBERTS CREEK,N,N,N,LOWER MAINLAND,LOWER RD # 002000 TO 002099,LOWER RD,LOWER RD,09:00-11:59,1,1
Y,PROPERTY DAMAGE ONLY,\N,N,2022,MONDAY,SINGLE VEHICLE,N,N,\N,\N,N,JANUARY,N,LAKE COWICHAN,LAKE COWICHAN,\N,N,N,N,VANCOUVER ISLAND,UNKNOWN,COWICHAN LAKE RD,COWICHAN LAKE RD,09:00-11:59,1,0
Y,PROPERTY DAMAGE ONLY,\N,N,2022,MONDAY,SINGLE VEHICLE,N,N,\N,\N,N,JANUARY,N,LAKE COWICHAN,LAKE COWICHAN,\N,N,N,N,VANCOUVER ISLAND,UNKNOWN,HWY 18,HWY 18,09:00-11:59,2,0
Y,PROPERTY DAMAGE ONLY,\N,N,2022,MONDAY,SINGLE VEHICLE,N,N,48.622586,-123.647052,Y,JANUARY,N,SHAWNIGAN LAKE,SHAWNIGAN LAKE,SHAWNIGAN LAKE,N,N,N,VANCOUVER ISLAND,WEST SHAWNIGAN LAKE RD # 002000 TO 002099,WEST SHAWNIGAN LAKE RD,WEST SHAWNIGAN LAKE RD,09:00-11:59,1,0
