ANIMAL_FLAG,CRASH_SEVERITY,CROSS_STREET_FULL_NAME,CYCLIST_FLAG,DATE_OF_LOSS_YEAR,DAY_OF_WEEK,DERIVED_CRASH_CONFIGURATION,HEAVY_VEH_FLAG,INTERSECTION_CRASH,LATITUDE,LONGITUDE,MID_BLOCK_CRASH,MONTH_OF_YEAR,MOTORCYCLE_FLAG,Municipality Name (ifnull),MUNICIPALITY_NAME,MUNICIPALITY_WITH_BOUNDARY,PARKED_VEHICLE_FLAG,PARKING_LOT_FLAG,PEDESTRIAN_FLAG,REGION,ROAD_LOCATION_DESCRIPTION,Street Full Name (ifnull),STREET_FULL_NAME,TIME_CATEGORY,TOTAL_CRASHES,TOTAL_VICTIMS
N,CASUALTY CRASH,\N,N,2023,SUNDAY,CONFLICTED,Y,N,49.153959,-121.918232,Y,JUNE,N,CHILLIWACK,CHILLIWACK,CHILLIWACK,N,N,N,LOWER MAINLAND,PREST RD # 008312 TO 008389,PREST RD,PREST RD,15:00-17:59,1,1
N,CASUALTY CRASH,\N,N,2023,SUNDAY,HEAD ON,N,N,\N,\N,N,JUNE,N,WILLIAMS LAKE,WILLIAMS LAKE,\N,N,N,N,NORTH CENTRAL,UNKNOWN,HWY 97,HWY 97,15:00-17:59,1,4
N,CASUALTY CRASH,\N,N,2023,SUNDAY,HEAD ON,N,N,49.258042,-123.141917,Y,JUNE,N,VANCOUVER,VANCOUVER,VANCOUVER,N,Y,N,LOWER MAINLAND,W 15TH AVE # 001600 TO 001699,W 15TH AVE,W 15TH AVE,15:00-17:59,1,1
N,CASUALTY CRASH,\N,N,2023,SUNDAY,REAR END,N,N,\N,\N,N,JUNE,N,KELOWNA,KELOWNA,\N,N,N,N,SOUTHERN INTERIOR,UNKNOWN,HWY 97,HWY 97,15:00-17:59,1,1
N,CASUALTY CRASH,\N,N,2023,SUNDAY,REAR END,N,N,49.098508,-117.695746,Y,JUNE,N,TRAIL,TRAIL,TRAIL,Y,N,N,SOUTHERN INTERIOR,FIFTH AVE # 001900 TO 001999,FIFTH AVE,FIFTH AVE,15:00-17:59,1,1
N,CASUALTY CRASH,\N,N,2023,SUNDAY,REAR END,N,N,49.185194,-122.849452,Y,JUNE,N,SURREY,SURREY,SURREY,N,Y,N,LOWER MAINLAND,OLD YALE RD # 013354 TO 013498 even,OLD YALE RD,OLD YALE RD,15:00-17:59,1,2
N,CASUALTY CRASH,\N,N,2023,SUNDAY,REAR END,N,N,50.665334,-120.350116,Y,JUNE,N,KAMLOOPS,KAMLOOPS,KAMLOOPS,N,Y,N,SOUTHERN INTERIOR,SUMMIT DR # 001210 TO 001378 even,SUMMIT DR,SUMMIT DR,15:00-17:59,1,2
N,CASUALTY CRASH,\N,N,2023,SUNDAY,SIDE IMPACT,N,N,\N,\N,N,JUNE,N,NORTH VANCOUVER,NORTH VANCOUVER,\N,N,N,N,LOWER MAINLAND,UNKNOWN,HIGHWAY 1,HIGHWAY 1,15:00-17:59,1,4
N,CASUALTY CRASH,\N,N,2023,SUNDAY,SIDE IMPACT,N,N,\N,\N,N,JUNE,N,SOOKE,SOOKE,\N,N,N,N,VANCOUVER ISLAND,UNKNOWN,SOOKE RD,SOOKE RD,15:00-17:59,1,6
N,CASUALTY CRASH,\N,N,2023,SUNDAY,SIDE SWIPE - SAME DIRECTION,N,N,49.237059,-124.048518,Y,JUNE,N,NANAIMO,NANAIMO,NANAIMO,N,Y,N,VANCOUVER ISLAND,MALL ACCESS # 006631 TO 006631 odd,ISLAND HWY N,ISLAND HWY N,15:00-17:59,1,1
N,CASUALTY CRASH,\N,N,2023,SUNDAY,SINGLE VEHICLE,N,N,\N,\N,N,JUNE,N,ABBOTSFORD,ABBOTSFORD,\N,N,N,N,LOWER MAINLAND,UNKNOWN,HWY 1,HWY 1,15:00-17:59,1,1
N,CASUALTY CRASH,\N,N,2023,SUNDAY,SINGLE VEHICLE,N,N,\N,\N,N,JUNE,N,ASPEN GROVE,ASPEN GROVE,\N,N,N,N,SOUTHERN INTERIOR,UNKNOWN,HWY 97C,HWY 97C,15:00-17:59,1,3
N,CASUALTY CRASH,\N,N,2023,SUNDAY,SINGLE VEHICLE,N,N,\N,\N,N,JUNE,N,CHILLIWACK,CHILLIWACK,\N,N,N,N,LOWER MAINLAND,UNKNOWN,MAJUBA HILL RD,MAJUBA HILL RD,15:00-17:59,1,1
N,CASUALTY CRASH,\N,N,2023,SUNDAY,SINGLE VEHICLE,N,N,\N,\N,N,JUNE,N,FORT STEELE,FORT STEELE,\N,N,N,N,SOUTHERN INTERIOR,UNKNOWN,HWY 93 AND 95,HWY 93 AND 95,15:00-17:59,1,1
N,CASUALTY CRASH,\N,N,2023,SUNDAY,SINGLE VEHICLE,N,N,\N,\N,N,JUNE,N,LANGLEY,LANGLEY,\N,N,N,N,LOWER MAINLAND,UNKNOWN,HWY 1,HWY 1,15:00-17:59,1,1
N,CASUALTY CRASH,\N,N,2023,SUNDAY,SINGLE VEHICLE,N,N,\N,\N,N,JUNE,Y,SOOKE,SOOKE,\N,N,N,N,VANCOUVER ISLAND,UNKNOWN,HWY 14,HWY 14,15:00-17:59,1,1
N,CASUALTY CRASH,\N,N,2023,SUNDAY,SINGLE VEHICLE,N,N,48.766394,-123.285714,Y,JUNE,Y,PENDER ISLAND,PENDER ISLAND,PENDER ISLAND,N,N,N,VANCOUVER ISLAND,SCHOONER WAY # 047280 TO 047287,SCHOONER WAY,SCHOONER WAY,15:00-17:59,1,1
N,CASUALTY CRASH,\N,N,2023,SUNDAY,SINGLE VEHICLE,N,N,49.099885,-122.902916,Y,JUNE,N,DELTA,DELTA,DELTA,N,N,N,LOWER MAINLAND,HWY 10 # 011550 TO 011604 even,HWY 10,HWY 10,15:00-17:59,1,1
N,CASUALTY CRASH,\N,N,2023,SUNDAY,UNDETERMINED,N,N,\N,\N,N,JUNE,Y,NANAIMO,NANAIMO,\N,N,N,N,VANCOUVER ISLAND,UNKNOWN,WEIGLES RD,WEIGLES RD,15:00-17:59,1,1
N,CASUALTY CRASH,\N,N,2023,SUNDAY,UNDETERMINED,N,N,49.277063,-122.800243,Y,JUNE,N,COQUITLAM,COQUITLAM,COQUITLAM,N,Y,Y,LOWER MAINLAND,BARNET HWY # 002901 TO 002929 odd,BARNET HWY,BARNET HWY,15:00-17:59,1,1
N,CASUALTY CRASH,\N,N,2023,SUNDAY,UNDETERMINED,N,N,49.350798,-123.080937,Y,JUNE,N,NORTH VANCOUVER,NORTH VANCOUVER,NORTH VANCOUVER,Y,N,N,LOWER MAINLAND,MONTROYAL BLVD # 000400 TO 000479,MONTROYAL BLVD,MONTROYAL BLVD,15:00-17:59,1,1
N,CASUALTY CRASH,\N,N,2023,SUNDAY,UNDETERMINED,N,N,50.118133,-120.781673,Y,JUNE,N,MERRITT,MERRITT,MERRITT,N,Y,N,SOUTHERN INTERIOR,VOGHT ST # 002900 TO 002999,VOGHT ST,VOGHT ST,15:00-17:59,1,1
N,CASUALTY CRASH,\N,Y,2023,SUNDAY,SINGLE VEHICLE,N,N,\N,\N,N,JUNE,Y,NANAIMO,NANAIMO,\N,N,N,N,VANCOUVER ISLAND,UNKNOWN,WEIGLES RD,WEIGLES RD,15:00-17:59,1,1
N,CASUALTY CRASH,102 AVE,N,2023,SUNDAY,SIDE IMPACT,N,Y,49.188073,-122.864607,N,JUNE,N,SURREY,SURREY,SURREY,N,N,N,LOWER MAINLAND,102 AVE & 129 ST,129 ST,129 ST,15:00-17:59,1,2
N,CASUALTY CRASH,103A AVE,N,2023,SUNDAY,SIDE IMPACT,N,Y,49.190589,-122.890313,N,JUNE,N,SURREY,SURREY,SURREY,N,N,N,LOWER MAINLAND,103A AVE & SCOTT RD & TURNING LANE,120 ST,120 ST,15:00-17:59,1,3
N,CASUALTY CRASH,128 ST,N,2023,SUNDAY,SIDE SWIPE - SAME DIRECTION,N,Y,49.13388,-122.867854,N,JUNE,N,SURREY,SURREY,SURREY,N,N,N,LOWER MAINLAND,128 ST & 72 AVE,72 AVE,72 AVE,15:00-17:59,1,1
N,CASUALTY CRASH,160 ST,N,2023,SUNDAY,CONFLICTED,N,Y,49.192103,-122.777815,N,JUNE,N,SURREY,SURREY,SURREY,N,N,N,LOWER MAINLAND,104 AVE & 104 AVE OFFRAMP & 104 AVE ONRAMP & 104 AVENUE FLYOVER & 160 ST & 160 ST ONRAMP & 164 ST & 164 ST OFFRAMP & HWY 1 ONRAMP & TRANS-CANADA HWY & EMERGENCY LANE & TURNING LANE,HWY 1,HWY 1,15:00-17:59,1,1
N,CASUALTY CRASH,172 ST,N,2023,SUNDAY,SIDE SWIPE - SAME DIRECTION,N,Y,49.118845,-122.745974,N,JUNE,N,SURREY,SURREY,SURREY,N,N,N,LOWER MAINLAND,172 ST & 64 AVE,64 AVE,64 AVE,15:00-17:59,1,1
N,CASUALTY CRASH,17TH ST,N,2023,SUNDAY,REAR END,N,Y,49.684178,-124.990381,N,JUNE,Y,COURTENAY,COURTENAY,COURTENAY,N,N,N,VANCOUVER ISLAND,17TH ST & CLIFFE AVE & TURNING LANE,CLIFFE AVE,CLIFFE AVE,15:00-17:59,1,2
N,CASUALTY CRASH,21 AVE,N,2023,SUNDAY,SIDE IMPACT,N,Y,49.040276,-122.762573,N,JUNE,N,SURREY,SURREY,SURREY,N,N,N,LOWER MAINLAND,166 ST & 21 AVE,166 ST,166 ST,15:00-17:59,1,1
N,CASUALTY CRASH,227 ST,N,2023,SUNDAY,UNDETERMINED,N,Y,49.220439,-122.594009,N,JUNE,Y,MAPLE RIDGE,MAPLE RIDGE,MAPLE RIDGE,N,N,N,LOWER MAINLAND,227 ST & DEWDNEY TRUNK RD,DEWDNEY TRUNK RD,DEWDNEY TRUNK RD,15:00-17:59,1,2
N,CASUALTY CRASH,232 ST,N,2023,SUNDAY,CONFLICTED,N,Y,49.136327,-122.581328,N,JUNE,N,LANGLEY,LANGLEY,LANGLEY,N,N,N,LOWER MAINLAND,232 ST & 232 ST OFFRAMP & 232 ST ONRAMP & 72 AVE & 72 AVE ONRAMP & TRANS-CANADA HWY,HWY 1,HWY 1,15:00-17:59,1,3
N,CASUALTY CRASH,271 RD,N,2023,SUNDAY,SIDE SWIPE - SAME DIRECTION,N,Y,56.26435,-120.926445,N,JUNE,N,CHARLIE LAKE,CHARLIE LAKE,CHARLIE LAKE & FORT ST. JOHN,N,N,N,NORTH CENTRAL,271 RD & CHEVRON FRTG & HWY 97 N & TURNING LANE,HWY 97,HWY 97,15:00-17:59,1,1
N,CASUALTY CRASH,280 ST,N,2023,SUNDAY,REAR END,N,Y,49.174071,-122.444206,N,JUNE,N,MAPLE RIDGE,MAPLE RIDGE,MAPLE RIDGE,N,N,N,LOWER MAINLAND,280 ST & LOUGHEED HWY,HWY 7,HWY 7,15:00-17:59,1,1
N,CASUALTY CRASH,68 AVE,N,2023,SUNDAY,SIDE IMPACT,N,Y,49.126654,-122.879011,N,JUNE,N,SURREY,SURREY,SURREY,N,N,N,LOWER MAINLAND,124 ST & 68 AVE,124 ST,124 ST,15:00-17:59,1,2
N,CASUALTY CRASH,72 AVE,N,2023,SUNDAY,HEAD ON,N,Y,49.136327,-122.581328,N,JUNE,N,LANGLEY,LANGLEY,LANGLEY,N,N,N,LOWER MAINLAND,232 ST & 232 ST OFFRAMP & 232 ST ONRAMP & 72 AVE & 72 AVE ONRAMP & TRANS-CANADA HWY,HWY 10,HWY 10,15:00-17:59,1,3
N,CASUALTY CRASH,76 AVE,N,2023,SUNDAY,REAR END,N,Y,49.141067,-122.801111,N,JUNE,N,SURREY,SURREY,SURREY,N,N,N,LOWER MAINLAND,152 ST & 76 AVE,152 ST,152 ST,15:00-17:59,1,1
N,CASUALTY CRASH,82 AVE,N,2023,SUNDAY,REAR END,N,Y,49.151948,-122.668135,N,JUNE,N,LANGLEY,LANGLEY,LANGLEY,N,N,N,LOWER MAINLAND,200 ST & 82 AVE,200 ST,200 ST,15:00-17:59,1,4
N,CASUALTY CRASH,88 AVE,N,2023,SUNDAY,REAR END,N,Y,49.162842,-122.801493,N,JUNE,N,SURREY,SURREY,SURREY,N,N,N,LOWER MAINLAND,152 ST & 88 AVE,152 ST,152 ST,15:00-17:59,1,1
N,CASUALTY CRASH,96 AVE CONNECTR,N,2023,SUNDAY,REAR END,N,Y,49.179114,-122.713287,N,JUNE,N,SURREY,SURREY,SURREY,N,N,N,LOWER MAINLAND,96 AVE CONN & GOLDEN EARS CONN & GOLDEN EARS WAY & TURNING LANE,GOLDEN EARS WAY,GOLDEN EARS WAY,15:00-17:59,1,1
N,CASUALTY CRASH,ABBOTT ST,N,2023,SUNDAY,SINGLE VEHICLE,N,Y,49.883608,-119.499424,N,JUNE,N,KELOWNA,KELOWNA,KELOWNA,N,N,N,SOUTHERN INTERIOR,ABBOTT ST & HARVEY AVE & TURNING LANE,HWY 97 N,HWY 97 N,15:00-17:59,1,1
N,CASUALTY CRASH,ATKINSON RD ONRAMP,N,2023,SUNDAY,REAR END,N,Y,49.061307,-122.171266,N,JUNE,N,ABBOTSFORD,ABBOTSFORD,ABBOTSFORD,N,N,N,LOWER MAINLAND,ATKINSON RD ONRAMP & TRANS-CANADA HWY,HWY 1,HWY 1,15:00-17:59,1,2
N,CASUALTY CRASH,BANKS RD,N,2023,SUNDAY,SIDE IMPACT,N,Y,49.886218,-119.425379,N,JUNE,N,KELOWNA,KELOWNA,KELOWNA,N,N,N,SOUTHERN INTERIOR,BANKS RD & HWY 97 N & TURNING LANE,HWY 97,HWY 97,15:00-17:59,1,1
N,CASUALTY CRASH,BARNARD ST,N,2023,SUNDAY,REAR END,N,Y,49.208582,-123.145162,N,JUNE,N,VANCOUVER,VANCOUVER,VANCOUVER,N,N,N,LOWER MAINLAND,BARNARD ST & SW MARINE DR,SW MARINE DR,SW MARINE DR,15:00-17:59,1,1
N,CASUALTY CRASH,BAXTER AVE,N,2023,SUNDAY,REAR END,N,Y,48.474153,-123.390012,N,JUNE,N,SAANICH,SAANICH,SAANICH,N,N,N,VANCOUVER ISLAND,BAXTER AVE & GLANFORD AVE,GLANFORD AVE,GLANFORD AVE,15:00-17:59,1,4
N,CASUALTY CRASH,BORDEN ST,N,2023,SUNDAY,SIDE SWIPE - SAME DIRECTION,N,Y,49.211071,-123.074013,N,JUNE,N,VANCOUVER,VANCOUVER,VANCOUVER,N,N,N,LOWER MAINLAND,BORDEN ST & SE MARINE DR,SE MARINE DR,SE MARINE DR,15:00-17:59,1,1
N,CASUALTY CRASH,BROADWAY,N,2023,SUNDAY,CONFLICTED,N,Y,49.261997,-122.95914,N,JUNE,N,BURNABY,BURNABY,BURNABY,N,N,N,LOWER MAINLAND,BROADWAY & CLIFF AVE,CLIFF AVE,CLIFF AVE,15:00-17:59,1,2
N,CASUALTY CRASH,BROADWAY ST,N,2023,SUNDAY,REAR END,N,Y,49.240773,-122.761896,N,JUNE,N,PORT COQUITLAM,PORT COQUITLAM,PORT COQUITLAM,N,N,N,LOWER MAINLAND,BROADWAY ST & MARY HILL BYPASS & TURNING LANE,MARY HILL BYPASS,MARY HILL BYPASS,15:00-17:59,1,1
N,CASUALTY CRASH,BROWN RD,N,2023,SUNDAY,REAR END,N,Y,49.834977,-119.628201,N,JUNE,N,WEST KELOWNA,WEST KELOWNA,WEST KELOWNA,N,N,N,SOUTHERN INTERIOR,BERING RD & BROWN RD,BERING RD,BERING RD,15:00-17:59,1,1
N,CASUALTY CRASH,BURRARD ST,N,2023,SUNDAY,CONFLICTED,Y,Y,49.287664,-123.116194,N,JUNE,N,VANCOUVER,VANCOUVER,VANCOUVER,N,N,N,LOWER MAINLAND,BURRARD ST & W CORDOVA ST,W CORDOVA ST,W CORDOVA ST,15:00-17:59,1,1
N,CASUALTY CRASH,CARIBOO RD,N,2023,SUNDAY,REAR END,N,Y,49.246118,-122.914166,N,JUNE,N,BURNABY,BURNABY,BURNABY,N,N,N,LOWER MAINLAND,CARIBOO RD & GAGLARDI WAY,GAGLARDI WAY,GAGLARDI WAY,15:00-17:59,1,2
N,CASUALTY CRASH,CLARK DR,Y,2023,SUNDAY,SINGLE VEHICLE,N,Y,49.281344,-123.0771,N,JUNE,N,VANCOUVER,VANCOUVER,VANCOUVER,N,Y,N,LOWER MAINLAND,CLARK DR & E HASTINGS ST,E HASTINGS ST,E HASTINGS ST,15:00-17:59,1,1
N,CASUALTY CRASH,CLEARBROOK RD,N,2023,SUNDAY,REAR END,N,Y,49.058669,-122.337909,N,JUNE,N,ABBOTSFORD,ABBOTSFORD,ABBOTSFORD,N,N,N,LOWER MAINLAND,CHARLOTTE AVE & CLEARBROOK RD & COLLEEN AND GORDIE HOWE MIDDLE SCHOOL ACCESS,CHARLOTTE AVE,CHARLOTTE AVE,15:00-17:59,1,1
N,CASUALTY CRASH,CLEVELAND AVE,N,2023,SUNDAY,SIDE SWIPE - SAME DIRECTION,N,Y,49.704443,-123.145404,N,JUNE,N,SQUAMISH,SQUAMISH,SQUAMISH,N,N,N,LOWER MAINLAND,CLEVELAND AVE & HWY 99 & LOGGERS LANE & RIVER RD & TURNING LANE,HWY 99,HWY 99,15:00-17:59,1,1
N,CASUALTY CRASH,CLOAKE HILL RD,Y,2023,SUNDAY,UNDETERMINED,N,Y,48.695964000000004,-123.45214,N,JUNE,N,NORTH SAANICH,NORTH SAANICH,NORTH SAANICH,N,N,N,VANCOUVER ISLAND,CLOAKE HILL RD & LANDS END RD,LANDS END RD,LANDS END RD,15:00-17:59,1,1
N,CASUALTY CRASH,COLLEGE ST,N,2023,SUNDAY,REAR END,N,Y,49.236056,-123.044366,N,JUNE,N,VANCOUVER,VANCOUVER,VANCOUVER,N,N,N,LOWER MAINLAND,BURSILL ST & COLLEGE ST & KINGSWAY & SCHOOL AVE,KINGSWAY,KINGSWAY,15:00-17:59,1,1
N,CASUALTY CRASH,CYPRESS ST,N,2023,SUNDAY,SIDE IMPACT,N,Y,49.227092,-123.149489,N,JUNE,N,VANCOUVER,VANCOUVER,VANCOUVER,N,N,N,LOWER MAINLAND,CYPRESS ST & W 49TH AVE,W 49TH AVE,W 49TH AVE,15:00-17:59,1,2
N,CASUALTY CRASH,E KING EDWARD AVE,N,2023,SUNDAY,REAR END,N,Y,49.248512,-123.076075,N,JUNE,N,VANCOUVER,VANCOUVER,VANCOUVER,N,N,N,LOWER MAINLAND,E KING EDWARD AVE & KNIGHT ST,KNIGHT ST,KNIGHT ST,15:00-17:59,1,1
N,CASUALTY CRASH,FRANCES ST,N,2023,SUNDAY,SIDE IMPACT,N,Y,49.279379,-123.070451,N,JUNE,N,VANCOUVER,VANCOUVER,VANCOUVER,N,N,N,LOWER MAINLAND,COMMERCIAL DR & FRANCES ST,COMMERCIAL DR,COMMERCIAL DR,15:00-17:59,1,2
N,CASUALTY CRASH,GARDEN CITY RD,N,2023,SUNDAY,SIDE IMPACT,N,Y,49.177297,-123.124564,N,JUNE,N,RICHMOND,RICHMOND,RICHMOND,N,N,N,LOWER MAINLAND,ALDERBRIDGE WAY & GARDEN CITY RD & TURNING LANE,ALDERBRIDGE WAY,ALDERBRIDGE WAY,15:00-17:59,1,2
N,CASUALTY CRASH,GLANFORD,N,2023,SUNDAY,REAR END,N,N,\N,\N,N,JUNE,N,VICTORIA,VICTORIA,\N,N,N,N,VANCOUVER ISLAND,UNKNOWN,BAXTER,BAXTER,15:00-17:59,1,1
N,CASUALTY CRASH,GLENDOWER GATE,N,2023,SUNDAY,REAR END,N,Y,49.145397,-123.114159,N,JUNE,N,RICHMOND,RICHMOND,RICHMOND,N,N,N,LOWER MAINLAND,GLENDOWER GATE & NO 4 RD,NO 4 RD,NO 4 RD,15:00-17:59,1,1
N,CASUALTY CRASH,GREAT NORTHERN WAY,N,2023,SUNDAY,CONFLICTED,N,Y,49.26524,-123.081306,N,JUNE,N,VANCOUVER,VANCOUVER,VANCOUVER,N,N,N,LOWER MAINLAND,E 6TH AVE & GLEN DR & GREAT NORTHERN WAY,GLEN DR,GLEN DR,15:00-17:59,1,1
N,CASUALTY CRASH,GRIFFITHS DR,N,2023,SUNDAY,REAR END,N,Y,49.205812,-122.952118,N,JUNE,N,BURNABY,BURNABY,BURNABY & NEW WESTMINSTER,N,N,N,LOWER MAINLAND,10TH AVE & GRIFFITHS DR & SOUTHRIDGE DR & TENTH AVE & TWENTIETH ST & TURNING LANE,10TH AVE,10TH AVE,15:00-17:59,1,1
N,CASUALTY CRASH,HAYS COVE AVE,N,2023,SUNDAY,REAR END,N,Y,54.320493,-130.305819,N,JUNE,N,PRINCE RUPERT,PRINCE RUPERT,PRINCE RUPERT,N,N,N,NORTH CENTRAL,6TH AVE E & AMBROSE AVE & HAYS COVE AVE,6TH AVE E,6TH AVE E,15:00-17:59,1,1
N,CASUALTY CRASH,HEBERT RD,N,2023,SUNDAY,SIDE SWIPE - SAME DIRECTION,N,Y,49.829555,-119.633965,N,JUNE,N,WEST KELOWNA,WEST KELOWNA,WEST KELOWNA,N,N,N,SOUTHERN INTERIOR,HEBERT RD & MAIN ST & PAYNTER RD,HWY 97,HWY 97,15:00-17:59,1,1
N,CASUALTY CRASH,HWY 1,N,2023,SUNDAY,REAR END,N,Y,49.164209,-122.668857,N,JUNE,N,LANGLEY,LANGLEY,LANGLEY,N,N,N,LOWER MAINLAND,200 ST & 200 ST OFFRAMP & 88 AVE & 88 AVE ONRAMP & HWY 1 ONRAMP & TRANS-CANADA HWY,200 ST OFFRAMP,200 ST OFFRAMP,15:00-17:59,1,1
N,CASUALTY CRASH,HWY 10,N,2023,SUNDAY,REAR END,N,Y,49.104465,-122.80617,N,JUNE,N,SURREY,SURREY,SURREY,N,N,N,LOWER MAINLAND,56 AVE & PANORAMA DR & TURNING LANE,PANORAMA DR,PANORAMA DR,15:00-17:59,1,1
N,CASUALTY CRASH,HWY 33,N,2023,SUNDAY,UNDETERMINED,N,Y,49.889477,-119.420504,N,JUNE,N,KELOWNA,KELOWNA,KELOWNA,N,N,N,SOUTHERN INTERIOR,HWY 33 W & HWY 97 N & TURNING LANE,HWY 97,HWY 97,15:00-17:59,1,1
N,CASUALTY CRASH,JINGLE POT RD OFFRAMP,N,2023,SUNDAY,REAR END,N,Y,49.16875,-123.982077,N,JUNE,N,NANAIMO,NANAIMO,NANAIMO,N,N,N,VANCOUVER ISLAND,JINGLE POT RD & JINGLE POT RD OFFRAMP & JINGLE POT RD ONRAMP & NANAIMO PKY & PARKWAY TRAIL,NANAIMO PKY,NANAIMO PKY,15:00-17:59,1,1
N,CASUALTY CRASH,KING GEORGE HWY,N,2023,SUNDAY,REAR END,N,Y,49.03401,-122.779214,N,JUNE,N,SURREY,SURREY,SURREY,N,N,N,LOWER MAINLAND,160 ST & KING GEORGE BLVD,160 ST,160 ST,15:00-17:59,1,1
N,CASUALTY CRASH,KING GEORGE HWY,N,2023,SUNDAY,REAR END,N,Y,49.155427,-122.84574,N,JUNE,N,SURREY,SURREY,SURREY,N,N,N,LOWER MAINLAND,84 AVE & KING GEORGE BLVD,84 AVE,84 AVE,15:00-17:59,1,1
N,CASUALTY CRASH,KOKSILAH RD,N,2023,SUNDAY,REAR END,N,Y,48.729831,-123.640671,N,JUNE,N,COWICHAN BAY,COWICHAN BAY,COWICHAN BAY & DUNCAN,N,N,N,VANCOUVER ISLAND,KOKSILAH RD & TRANS-CANADA HWY & TURNING LANE,TRANS-CANADA HWY,TRANS-CANADA HWY,15:00-17:59,1,3
N,CASUALTY CRASH,LONSDALE AVE,N,2023,SUNDAY,SIDE IMPACT,N,Y,49.330237,-123.072138,N,JUNE,N,NORTH VANCOUVER,NORTH VANCOUVER,NORTH VANCOUVER,N,N,N,LOWER MAINLAND,E 23RD ST & LONSDALE AVE & W 23RD ST,W 23RD ST,W 23RD ST,15:00-17:59,1,1
N,CASUALTY CRASH,MACDONALD ST,N,2023,SUNDAY,SIDE IMPACT,N,Y,49.227315,-123.16743,N,JUNE,N,VANCOUVER,VANCOUVER,VANCOUVER,N,N,N,LOWER MAINLAND,MACDONALD ST & W 49TH AVE,W 49TH AVE,W 49TH AVE,15:00-17:59,1,2
N,CASUALTY CRASH,MACLURE RD,N,2023,SUNDAY,REAR END,N,Y,49.060111,-122.316064,N,JUNE,N,ABBOTSFORD,ABBOTSFORD,ABBOTSFORD,N,N,N,LOWER MAINLAND,GLADWIN RD & MACLURE RD & TURNING LANE,GLADWIN RD,GLADWIN RD,15:00-17:59,1,2
N,CASUALTY CRASH,MAIN ST,N,2023,SUNDAY,REAR END,Y,Y,49.305167,-123.032063,N,JUNE,N,NORTH VANCOUVER,NORTH VANCOUVER,NORTH VANCOUVER,N,N,N,LOWER MAINLAND,MAIN ST & MOUNTAIN HWY,MOUNTAIN HWY,MOUNTAIN HWY,15:00-17:59,1,2
N,CASUALTY CRASH,MALL ACCESS,N,2023,SUNDAY,REAR END,N,Y,49.164544,-122.665453,N,JUNE,N,LANGLEY,LANGLEY,LANGLEY,N,N,N,LOWER MAINLAND,88 AVE & MALL ACCESS,88 AVE,88 AVE,15:00-17:59,1,1
N,CASUALTY CRASH,MCKINNON CRES,N,2023,SUNDAY,REAR END,N,Y,49.178061,-122.597081,N,JUNE,N,LANGLEY,LANGLEY,LANGLEY,N,N,N,LOWER MAINLAND,96 AVE & MCKINNON CRES,96 AVE,96 AVE,15:00-17:59,1,1
N,CASUALTY CRASH,NORMANDY DR,N,2023,SUNDAY,CONFLICTED,N,Y,49.2515,-123.023656,N,JUNE,N,BURNABY,BURNABY,BURNABY & VANCOUVER,N,N,N,LOWER MAINLAND,BOUNDARY RD & NITHSDALE ST & NORMANDY DR,BOUNDARY RD,BOUNDARY RD,15:00-17:59,1,2
N,CASUALTY CRASH,PATTULLO BRIDGE,N,2023,SUNDAY,SINGLE VEHICLE,N,Y,49.208922,-122.897942,N,JUNE,N,NEW WESTMINSTER,NEW WESTMINSTER,NEW WESTMINSTER,N,N,N,LOWER MAINLAND,FRONT ST & HWY 1A & PATTULLO BRIDGE,HWY 1A,HWY 1A,15:00-17:59,1,1
N,CASUALTY CRASH,PITT RIVER RD,N,2023,SUNDAY,REAR END,N,Y,49.234608,-122.769488,N,JUNE,N,PORT COQUITLAM,PORT COQUITLAM,PORT COQUITLAM,N,N,N,LOWER MAINLAND,MARY HILL BYPASS & PITT RIVER RD & TURNING LANE,MARY HILL BYPASS,MARY HILL BYPASS,15:00-17:59,1,2
N,CASUALTY CRASH,RIVERSIDE RD,N,2023,SUNDAY,REAR END,N,Y,49.038258,-122.273795,N,JUNE,N,ABBOTSFORD,ABBOTSFORD,ABBOTSFORD,N,N,N,LOWER MAINLAND,MARSHALL RD & RIVERSIDE RD & TURNING LANE,MARSHALL RD,MARSHALL RD,15:00-17:59,1,1
N,CASUALTY CRASH,SEMLIN DR,N,2023,SUNDAY,REAR END,N,Y,49.269566,-123.063806,N,JUNE,N,VANCOUVER,VANCOUVER,VANCOUVER,N,N,N,LOWER MAINLAND,E 1ST AVE & SEMLIN DR,E 1ST AVE,E 1ST AVE,15:00-17:59,1,1
N,CASUALTY CRASH,SEXSMITH RD,N,2023,SUNDAY,CONFLICTED,N,Y,49.191004,-123.128165,N,JUNE,N,RICHMOND,RICHMOND,RICHMOND,N,N,N,LOWER MAINLAND,SEA ISLAND WAY & SEXSMITH RD & TURNING LANE,SEA ISLAND WAY,SEA ISLAND WAY,15:00-17:59,1,2
N,CASUALTY CRASH,SEXSMITH RD,N,2023,SUNDAY,REAR END,N,Y,49.191004,-123.128165,N,JUNE,N,RICHMOND,RICHMOND,RICHMOND,N,N,N,LOWER MAINLAND,SEA ISLAND WAY & SEXSMITH RD & TURNING LANE,SEA ISLAND WAY,SEA ISLAND WAY,15:00-17:59,1,1
N,CASUALTY CRASH,SPERLING AVE,N,2023,SUNDAY,SIDE IMPACT,N,Y,49.280354,-122.964671,N,JUNE,N,BURNABY,BURNABY,BURNABY,N,N,N,LOWER MAINLAND,HASTINGS ST & SPERLING AVE,HASTINGS ST,HASTINGS ST,15:00-17:59,1,1
N,CASUALTY CRASH,ST GEORGE ST,N,2023,SUNDAY,UNDETERMINED,N,Y,49.256497,-123.093787,N,JUNE,N,VANCOUVER,VANCOUVER,VANCOUVER,N,N,N,LOWER MAINLAND,E 16TH AVE & ST GEORGE ST,E 16TH AVE,E 16TH AVE,15:00-17:59,1,1
N,CASUALTY CRASH,TANSOR RD,N,2023,SUNDAY,REAR END,N,Y,48.792236,-123.761039,N,JUNE,Y,DUNCAN,DUNCAN,DUNCAN,N,N,N,VANCOUVER ISLAND,COWICHAN LAKE RD & TANSOR RD,COWICHAN LAKE RD,COWICHAN LAKE RD,15:00-17:59,1,1
N,CASUALTY CRASH,TAYLOR RIVER RESTAREA,N,2023,SUNDAY,CONFLICTED,N,Y,49.298528,-125.29409,N,JUNE,N,PORT ALBERNI,PORT ALBERNI,PORT ALBERNI,N,N,N,VANCOUVER ISLAND,PACIFIC RIM HWY & TAYLOR RIVER RESTAREA,HWY 4,HWY 4,15:00-17:59,1,1
N,CASUALTY CRASH,TERMINAL AVE,N,2023,SUNDAY,REAR END,N,Y,49.272815,-123.100019,N,JUNE,N,VANCOUVER,VANCOUVER,VANCOUVER,N,N,N,LOWER MAINLAND,MAIN ST & TERMINAL AVE,MAIN ST,MAIN ST,15:00-17:59,1,1
N,CASUALTY CRASH,UNKNOWN,N,2023,SUNDAY,SINGLE VEHICLE,N,N,\N,\N,N,JUNE,N,RICHMOND,RICHMOND,\N,N,N,N,LOWER MAINLAND,UNKNOWN,UNKNOWN,UNKNOWN,15:00-17:59,1,1
N,CASUALTY CRASH,UNKNOWN,N,2023,SUNDAY,UNDETERMINED,N,N,\N,\N,N,JUNE,N,UNKNOWN,UNKNOWN,\N,N,N,N,UNKNOWN,UNKNOWN,HIGHWAY 90,HIGHWAY 90,15:00-17:59,1,2
N,CASUALTY CRASH,VASILE ST,N,2023,SUNDAY,REAR END,N,N,\N,\N,N,JUNE,N,KELOWNA,KELOWNA,\N,N,N,N,SOUTHERN INTERIOR,UNKNOWN,HWY 97,HWY 97,15:00-17:59,1,1
N,CASUALTY CRASH,VEDDER RD,N,2023,SUNDAY,SIDE IMPACT,N,Y,49.100005,-121.962566,N,JUNE,N,CHILLIWACK,CHILLIWACK,CHILLIWACK,N,Y,N,LOWER MAINLAND,MORTON RD & VEDDER RD,MORTON RD,MORTON RD,15:00-17:59,1,3
N,CASUALTY CRASH,W 57TH AVE,N,2023,SUNDAY,REAR END,N,Y,49.219207,-123.128556,N,JUNE,N,VANCOUVER,VANCOUVER,VANCOUVER,N,N,N,LOWER MAINLAND,OAK ST & W 57TH AVE,OAK ST,OAK ST,15:00-17:59,1,3
N,CASUALTY CRASH,W PENDER ST,N,2023,SUNDAY,SINGLE VEHICLE,N,Y,49.285914,-123.116863,N,JUNE,N,VANCOUVER,VANCOUVER,VANCOUVER,N,N,Y,LOWER MAINLAND,HORNBY ST & W PENDER ST,HORNBY ST,HORNBY ST,15:00-17:59,1,1
N,CASUALTY CRASH,WESTBOURNE PL,Y,2023,SUNDAY,UNDETERMINED,N,Y,48.43564,-123.364149,N,JUNE,N,VICTORIA,VICTORIA,VICTORIA,N,N,N,VANCOUVER ISLAND,BAY ST & WESTBOURNE PL,BAY ST,BAY ST,15:00-17:59,1,1
N,CASUALTY CRASH,WILLIAM R BENNETT FLOATING BRIDGE,N,2023,SUNDAY,REAR END,N,Y,49.880866,-119.504201,N,JUNE,N,KELOWNA,KELOWNA,KELOWNA,N,N,N,SOUTHERN INTERIOR,HARVEY AVE & WILLIAM R BENNETT FLOATING BRIDGE,HWY 97,HWY 97,15:00-17:59,1,1
N,PROPERTY DAMAGE ONLY,\N,N,2023,SUNDAY,CONFLICTED,N,N,\N,\N,N,JUNE,N,MONTE LAKE,MONTE LAKE,\N,Y,N,N,SOUTHERN INTERIOR,UNKNOWN,HWY 97,HWY 97,15:00-17:59,1,0
N,PROPERTY DAMAGE ONLY,\N,N,2023,SUNDAY,CONFLICTED,N,N,\N,\N,N,JUNE,N,WHITE ROCK,WHITE ROCK,\N,Y,N,N,LOWER MAINLAND,UNKNOWN,MARINE DR,MARINE DR,15:00-17:59,1,0
N,PROPERTY DAMAGE ONLY,\N,N,2023,SUNDAY,CONFLICTED,N,N,48.448079,-123.497125,Y,JUNE,N,LANGFORD,LANGFORD,LANGFORD,N,Y,N,VANCOUVER ISLAND,GOLDSTREAM AVE # 000700 TO 000749,GOLDSTREAM AVE,GOLDSTREAM AVE,15:00-17:59,1,0
N,PROPERTY DAMAGE ONLY,\N,N,2023,SUNDAY,CONFLICTED,N,N,48.555863,-123.417237,Y,JUNE,N,CENTRAL SAANICH,CENTRAL SAANICH,CENTRAL SAANICH,N,Y,N,VANCOUVER ISLAND,OLDFIELD RD # 006360 TO 006411,OLDFIELD RD,OLDFIELD RD,15:00-17:59,1,0
N,PROPERTY DAMAGE ONLY,\N,N,2023,SUNDAY,CONFLICTED,N,N,49.023455,-122.810693,Y,JUNE,N,WHITE ROCK,WHITE ROCK,WHITE ROCK,Y,Y,N,LOWER MAINLAND,BEACHVIEW AVE # 014824 TO 014869,BEACHVIEW AVE,BEACHVIEW AVE,15:00-17:59,1,0
N,PROPERTY DAMAGE ONLY,\N,N,2023,SUNDAY,CONFLICTED,N,N,49.048343,-122.337231,Y,JUNE,N,ABBOTSFORD,ABBOTSFORD,ABBOTSFORD,N,Y,N,LOWER MAINLAND,CLEARBROOK RD # 002520 TO 002548 even,CLEARBROOK RD,CLEARBROOK RD,15:00-17:59,1,0
N,PROPERTY DAMAGE ONLY,\N,N,2023,SUNDAY,CONFLICTED,N,N,49.104502,-122.804704,Y,JUNE,N,SURREY,SURREY,SURREY,N,Y,N,LOWER MAINLAND,56 AVE # 015101 TO 015149 odd,HWY 10,HWY 10,15:00-17:59,1,0
N,PROPERTY DAMAGE ONLY,\N,N,2023,SUNDAY,CONFLICTED,N,N,49.135796,-122.845496,Y,JUNE,N,SURREY,SURREY,SURREY,N,Y,N,LOWER MAINLAND,KING GEORGE BLVD # 007300 TO 007388 even,KING GEORGE BLVD,KING GEORGE BLVD,15:00-17:59,1,0
N,PROPERTY DAMAGE ONLY,\N,N,2023,SUNDAY,CONFLICTED,N,N,49.151358,-122.890447,Y,JUNE,N,DELTA,DELTA,DELTA,N,Y,N,LOWER MAINLAND,120 ST # 008101 TO 008199 odd,120 ST,120 ST,15:00-17:59,1,0
N,PROPERTY DAMAGE ONLY,\N,N,2023,SUNDAY,CONFLICTED,N,N,49.165613,-123.136632,Y,JUNE,N,RICHMOND,RICHMOND,RICHMOND,N,Y,N,LOWER MAINLAND,NO 3 RD # 006401 TO 006799 odd,NO 3 RD,NO 3 RD,15:00-17:59,1,0
N,PROPERTY DAMAGE ONLY,\N,N,2023,SUNDAY,CONFLICTED,N,N,49.175114,-123.193928,Y,JUNE,N,RICHMOND,RICHMOND,RICHMOND,Y,Y,N,LOWER MAINLAND,RIVER RD # 002200 TO 003399,RIVER RD,RIVER RD,15:00-17:59,1,0
N,PROPERTY DAMAGE ONLY,\N,N,2023,SUNDAY,CONFLICTED,N,N,49.261728,-123.189708,Y,JUNE,N,VANCOUVER,VANCOUVER,VANCOUVER,Y,N,N,LOWER MAINLAND,W 12TH AVE # 003822 TO 003899,W 12TH AVE,W 12TH AVE,15:00-17:59,1,0
N,PROPERTY DAMAGE ONLY,\N,N,2023,SUNDAY,CONFLICTED,N,N,49.276727,-122.857624,Y,JUNE,N,PORT MOODY,PORT MOODY,PORT MOODY,Y,Y,N,LOWER MAINLAND,ST JOHNS ST # 002400 TO 002499,ST JOHNS ST,ST JOHNS ST,15:00-17:59,1,0
N,PROPERTY DAMAGE ONLY,\N,N,2023,SUNDAY,CONFLICTED,N,N,49.36595,-123.42177,Y,JUNE,N,BOWEN ISLAND,BOWEN ISLAND,BOWEN ISLAND,Y,N,N,LOWER MAINLAND,WINDJAMMER RD # 000700 TO 000713,WINDJAMMER RD,WINDJAMMER RD,15:00-17:59,1,0
N,PROPERTY DAMAGE ONLY,\N,N,2023,SUNDAY,CONFLICTED,N,N,49.840596,-119.488509,Y,JUNE,N,KELOWNA,KELOWNA,KELOWNA,N,Y,N,SOUTHERN INTERIOR,LAKESHORE RD # 003960 TO 003999,LAKESHORE RD,LAKESHORE RD,15:00-17:59,1,0
N,PROPERTY DAMAGE ONLY,\N,N,2023,SUNDAY,HEAD ON,N,N,\N,\N,N,JUNE,N,SURREY,SURREY,\N,Y,N,N,LOWER MAINLAND,UNKNOWN,CRESCENT DR,CRESCENT DR,15:00-17:59,1,0
N,PROPERTY DAMAGE ONLY,\N,N,2023,SUNDAY,HEAD ON,N,N,49.187522,-121.937724,Y,JUNE,N,CHILLIWACK,CHILLIWACK,CHILLIWACK,Y,N,N,LOWER MAINLAND,OVAL DR # 010170 TO 010229,OVAL DR,OVAL DR,15:00-17:59,1,0
N,PROPERTY DAMAGE ONLY,\N,N,2023,SUNDAY,HEAD ON,N,N,49.248475,-122.752246,Y,JUNE,N,PORT COQUITLAM,PORT COQUITLAM,PORT COQUITLAM,N,Y,N,LOWER MAINLAND,KINGSWAY AVE # 001200 TO 001499,KINGSWAY AVE,KINGSWAY AVE,15:00-17:59,1,0
N,PROPERTY DAMAGE ONLY,\N,N,2023,SUNDAY,HEAD ON,N,N,49.264045,-123.165562,Y,JUNE,N,VANCOUVER,VANCOUVER,VANCOUVER,Y,Y,N,LOWER MAINLAND,W BROADWAY # 002600 TO 002699,W BROADWAY,W BROADWAY,15:00-17:59,1,0
N,PROPERTY DAMAGE ONLY,\N,N,2023,SUNDAY,HEAD ON,N,N,49.862653,-119.491228,Y,JUNE,N,KELOWNA,KELOWNA,KELOWNA,Y,N,N,SOUTHERN INTERIOR,PANDOSY ST # 003000 TO 003099,PANDOSY ST,PANDOSY ST,15:00-17:59,1,0
N,PROPERTY DAMAGE ONLY,\N,N,2023,SUNDAY,OVERTAKING,N,N,\N,\N,N,JUNE,N,TAPPEN,TAPPEN,\N,N,N,N,SOUTHERN INTERIOR,UNKNOWN,HWY 1,HWY 1,15:00-17:59,1,0
N,PROPERTY DAMAGE ONLY,\N,N,2023,SUNDAY,REAR END,N,N,\N,\N,N,JUNE,N,ABBOTSFORD,ABBOTSFORD,\N,N,N,N,LOWER MAINLAND,UNKNOWN,HWY 1,HWY 1,15:00-17:59,1,0
N,PROPERTY DAMAGE ONLY,\N,N,2023,SUNDAY,REAR END,N,N,\N,\N,N,JUNE,N,COQUITLAM,COQUITLAM,\N,N,N,N,LOWER MAINLAND,UNKNOWN,WOOLRIDGE ST,WOOLRIDGE ST,15:00-17:59,1,0
N,PROPERTY DAMAGE ONLY,\N,N,2023,SUNDAY,REAR END,N,N,\N,\N,N,JUNE,N,COURTENAY,COURTENAY,\N,N,N,N,VANCOUVER ISLAND,UNKNOWN,CROWN ISLE DR,CROWN ISLE DR,15:00-17:59,1,0
N,PROPERTY DAMAGE ONLY,\N,N,2023,SUNDAY,REAR END,N,N,\N,\N,N,JUNE,N,NORTH VANCOUVER,NORTH VANCOUVER,\N,Y,N,N,LOWER MAINLAND,UNKNOWN,15TH STREET W,15TH STREET W,15:00-17:59,1,0
N,PROPERTY DAMAGE ONLY,\N,N,2023,SUNDAY,REAR END,N,N,\N,\N,N,JUNE,N,PORT ALBERNI,PORT ALBERNI,\N,N,N,N,VANCOUVER ISLAND,UNKNOWN,STIRLING ARM DR,STIRLING ARM DR,15:00-17:59,1,0
N,PROPERTY DAMAGE ONLY,\N,N,2023,SUNDAY,REAR END,N,N,\N,\N,N,JUNE,N,SQUAMISH,SQUAMISH,\N,N,N,N,LOWER MAINLAND,UNKNOWN,HWY 99,HWY 99,15:00-17:59,1,0
N,PROPERTY DAMAGE ONLY,\N,N,2023,SUNDAY,REAR END,N,N,\N,\N,N,JUNE,N,SURREY,SURREY,\N,N,N,N,LOWER MAINLAND,UNKNOWN,176 ST,176 ST,15:00-17:59,1,0
N,PROPERTY DAMAGE ONLY,\N,N,2023,SUNDAY,REAR END,N,N,\N,\N,N,JUNE,N,SURREY,SURREY,\N,N,N,N,LOWER MAINLAND,UNKNOWN,82 AVE,82 AVE,15:00-17:59,1,0
N,PROPERTY DAMAGE ONLY,\N,N,2023,SUNDAY,REAR END,N,N,\N,\N,N,JUNE,N,VANCOUVER,VANCOUVER,\N,N,N,N,LOWER MAINLAND,UNKNOWN,BEACH AVE,BEACH AVE,15:00-17:59,1,0
N,PROPERTY DAMAGE ONLY,\N,N,2023,SUNDAY,REAR END,N,N,\N,\N,N,JUNE,N,VERNON,VERNON,\N,Y,Y,N,SOUTHERN INTERIOR,UNKNOWN,58 AVE,58 AVE,15:00-17:59,1,0
N,PROPERTY DAMAGE ONLY,\N,N,2023,SUNDAY,REAR END,N,N,\N,\N,N,JUNE,N,WEST KELOWNA,WEST KELOWNA,\N,Y,Y,N,SOUTHERN INTERIOR,UNKNOWN,LOUIE DR,LOUIE DR,15:00-17:59,1,0
N,PROPERTY DAMAGE ONLY,\N,N,2023,SUNDAY,REAR END,N,N,48.443998,-123.340414,Y,JUNE,N,VICTORIA,VICTORIA,VICTORIA,Y,N,N,VANCOUVER ISLAND,WESTALL AVE # 001500 TO 001599,WESTALL AVE,WESTALL AVE,15:00-17:59,1,0
N,PROPERTY DAMAGE ONLY,\N,N,2023,SUNDAY,REAR END,N,N,49.040185,-122.299542,Y,JUNE,N,ABBOTSFORD,ABBOTSFORD,ABBOTSFORD,N,N,N,LOWER MAINLAND,MAYFAIR AVE # 033300 TO 033469,MAYFAIR AVE,MAYFAIR AVE,15:00-17:59,1,0
N,PROPERTY DAMAGE ONLY,\N,N,2023,SUNDAY,REAR END,N,N,49.118926,-122.655649,Y,JUNE,N,LANGLEY,LANGLEY,LANGLEY,Y,Y,N,LOWER MAINLAND,64 AVE # 020351 TO 020499 odd,64 AVE,64 AVE,15:00-17:59,1,0
N,PROPERTY DAMAGE ONLY,\N,N,2023,SUNDAY,REAR END,N,N,49.12188,-122.668439,Y,JUNE,N,LANGLEY,LANGLEY,LANGLEY,Y,Y,N,LOWER MAINLAND,200 ST # 006500 TO 006598 even,200 ST,200 ST,15:00-17:59,1,0
N,PROPERTY DAMAGE ONLY,\N,N,2023,SUNDAY,REAR END,N,N,49.148555,-122.648787,Y,JUNE,N,LANGLEY,LANGLEY,LANGLEY,Y,Y,N,LOWER MAINLAND,207 ST # 008000 TO 008068,207 ST,207 ST,15:00-17:59,1,0
N,PROPERTY DAMAGE ONLY,\N,N,2023,SUNDAY,REAR END,N,N,49.150566,-121.976759,Y,JUNE,N,CHILLIWACK,CHILLIWACK,CHILLIWACK,N,N,N,LOWER MAINLAND,EAGLE LANDING PKY # 008160 TO 008207,EAGLE LANDING PKY,EAGLE LANDING PKY,15:00-17:59,1,0
N,PROPERTY DAMAGE ONLY,\N,N,2023,SUNDAY,REAR END,N,N,49.162394,-122.791739,Y,JUNE,N,SURREY,SURREY,SURREY,N,Y,N,LOWER MAINLAND,FRASER HWY # 015471 TO 015599 odd,FRASER HWY,FRASER HWY,15:00-17:59,1,0
N,PROPERTY DAMAGE ONLY,\N,N,2023,SUNDAY,REAR END,N,N,49.173896,-123.134106,Y,JUNE,N,RICHMOND,RICHMOND,RICHMOND,Y,Y,N,LOWER MAINLAND,LANSDOWNE RD # 008001 TO 008399 odd,LANSDOWNE RD,LANSDOWNE RD,15:00-17:59,1,0
N,PROPERTY DAMAGE ONLY,\N,N,2023,SUNDAY,REAR END,N,N,49.177331,-123.122877,Y,JUNE,N,RICHMOND,RICHMOND,RICHMOND,N,Y,N,LOWER MAINLAND,ALDERBRIDGE WAY # 009001 TO 009299 odd,ALDERBRIDGE WAY,ALDERBRIDGE WAY,15:00-17:59,1,0
N,PROPERTY DAMAGE ONLY,\N,N,2023,SUNDAY,REAR END,N,N,49.178882,-122.734513,Y,JUNE,N,SURREY,SURREY,SURREY,N,N,N,LOWER MAINLAND,176 ST # 009696 TO 009744 even,HWY 15,HWY 15,15:00-17:59,1,0
N,PROPERTY DAMAGE ONLY,\N,N,2023,SUNDAY,REAR END,N,N,49.187003,-122.845527,Y,JUNE,N,SURREY,SURREY,SURREY,N,N,N,LOWER MAINLAND,KING GEORGE BLVD # 010153 TO 010199 odd,KING GEORGE BLVD,KING GEORGE BLVD,15:00-17:59,1,0
N,PROPERTY DAMAGE ONLY,\N,N,2023,SUNDAY,REAR END,N,N,49.199453,-122.8432,Y,JUNE,N,SURREY,SURREY,SURREY,N,Y,N,LOWER MAINLAND,WHALLEY BLVD # 010838 TO 010838 even,WHALLEY BLVD,WHALLEY BLVD,15:00-17:59,1,0
N,PROPERTY DAMAGE ONLY,\N,N,2023,SUNDAY,REAR END,N,N,49.201961,-122.92699,Y,JUNE,N,NEW WESTMINSTER,NEW WESTMINSTER,NEW WESTMINSTER,Y,Y,N,LOWER MAINLAND,THIRD AVE # 001300 TO 001362 even,THIRD AVE,THIRD AVE,15:00-17:59,1,0
N,PROPERTY DAMAGE ONLY,\N,N,2023,SUNDAY,REAR END,N,N,49.210839,-122.962669,Y,JUNE,N,BURNABY,BURNABY,BURNABY,N,N,N,LOWER MAINLAND,SANDBORNE AVE # 007300 TO 007399,SANDBORNE AVE,SANDBORNE AVE,15:00-17:59,1,0
N,PROPERTY DAMAGE ONLY,\N,N,2023,SUNDAY,REAR END,N,N,49.223576,-122.986733,Y,JUNE,N,BURNABY,BURNABY,BURNABY,Y,N,N,LOWER MAINLAND,GRIMMER ST # 005200 TO 005399,GRIMMER ST,GRIMMER ST,15:00-17:59,1,0
N,PROPERTY DAMAGE ONLY,\N,N,2023,SUNDAY,REAR END,N,N,49.231773,-124.044187,Y,JUNE,N,NANAIMO,NANAIMO,NANAIMO,Y,Y,N,VANCOUVER ISLAND,METRAL DR # 006421 TO 006449 odd,METRAL DR,METRAL DR,15:00-17:59,1,0
N,PROPERTY DAMAGE ONLY,\N,N,2023,SUNDAY,REAR END,N,N,49.232305,-123.028143,Y,JUNE,N,VANCOUVER,VANCOUVER,VANCOUVER,N,N,N,LOWER MAINLAND,ABERDEEN ST # 005662 TO 005699,ABERDEEN ST,ABERDEEN ST,15:00-17:59,1,0
N,PROPERTY DAMAGE ONLY,\N,N,2023,SUNDAY,REAR END,N,N,49.237561,-124.047492,Y,JUNE,N,NANAIMO,NANAIMO,NANAIMO,N,Y,N,VANCOUVER ISLAND,ISLAND HWY N # 006631 TO 006849 odd,ISLAND HWY N,ISLAND HWY N,15:00-17:59,1,0
N,PROPERTY DAMAGE ONLY,\N,N,2023,SUNDAY,REAR END,N,N,49.243877,-122.892635,Y,JUNE,N,BURNABY,BURNABY,BURNABY & COQUITLAM,Y,Y,N,LOWER MAINLAND,NORTH RD # 000321 TO 004563 odd,NORTH RD,NORTH RD,15:00-17:59,1,0
N,PROPERTY DAMAGE ONLY,\N,N,2023,SUNDAY,REAR END,N,N,49.243909,-123.102579,Y,JUNE,N,VANCOUVER,VANCOUVER,VANCOUVER,Y,N,N,LOWER MAINLAND,QUEBEC ST # 004500 TO 004599,QUEBEC ST,QUEBEC ST,15:00-17:59,1,0
N,PROPERTY DAMAGE ONLY,\N,N,2023,SUNDAY,REAR END,N,N,49.270351,-123.135579,Y,JUNE,N,VANCOUVER,VANCOUVER,VANCOUVER,N,Y,N,LOWER MAINLAND,CARTWRIGHT ST # 001400 TO 001499,CARTWRIGHT ST,CARTWRIGHT ST,15:00-17:59,1,0
N,PROPERTY DAMAGE ONLY,\N,N,2023,SUNDAY,REAR END,N,N,49.277063,-122.800243,Y,JUNE,N,COQUITLAM,COQUITLAM,COQUITLAM,N,N,N,LOWER MAINLAND,BARNET HWY # 002901 TO 002929 odd,BARNET HWY,BARNET HWY,15:00-17:59,1,0
N,PROPERTY DAMAGE ONLY,\N,N,2023,SUNDAY,REAR END,N,N,49.322087,-123.073959,Y,JUNE,N,NORTH VANCOUVER,NORTH VANCOUVER,NORTH VANCOUVER,Y,N,N,LOWER MAINLAND,W 15TH ST # 000120 TO 000175,W 15TH ST,W 15TH ST,15:00-17:59,1,0
N,PROPERTY DAMAGE ONLY,\N,N,2023,SUNDAY,REAR END,N,N,49.337372,-123.055218,Y,JUNE,N,NORTH VANCOUVER,NORTH VANCOUVER,NORTH VANCOUVER,Y,N,N,LOWER MAINLAND,E KINGS RD # 000700 TO 000749,E KINGS RD,E KINGS RD,15:00-17:59,1,0
N,PROPERTY DAMAGE ONLY,\N,N,2023,SUNDAY,REAR END,N,N,49.873411,-119.392896,Y,JUNE,N,KELOWNA,KELOWNA,KELOWNA,N,N,N,SOUTHERN INTERIOR,PECK RD # 000300 TO 000449,PECK RD,PECK RD,15:00-17:59,1,0
N,PROPERTY DAMAGE ONLY,\N,N,2023,SUNDAY,REAR END,N,N,49.900906,-119.385293,Y,JUNE,N,KELOWNA,KELOWNA,KELOWNA,Y,N,N,SOUTHERN INTERIOR,DUGGAN CRT # 000930 TO 000999,DUGGAN CRT,DUGGAN CRT,15:00-17:59,1,0
N,PROPERTY DAMAGE ONLY,\N,N,2023,SUNDAY,REAR END,N,N,49.915606,-119.444866,Y,JUNE,N,KELOWNA,KELOWNA,KELOWNA,N,Y,N,SOUTHERN INTERIOR,KANE RD # 001900 TO 001939,KANE RD,KANE RD,15:00-17:59,1,0
N,PROPERTY DAMAGE ONLY,\N,N,2023,SUNDAY,REAR END,N,N,49.995414,-125.248541,Y,JUNE,N,CAMPBELL RIVER,CAMPBELL RIVER,CAMPBELL RIVER,Y,N,N,VANCOUVER ISLAND,KIT CRES # 000680 TO 000939,KIT CRES,KIT CRES,15:00-17:59,1,0
N,PROPERTY DAMAGE ONLY,\N,N,2023,SUNDAY,REAR END,N,N,50.088271,-123.012118,Y,JUNE,N,WHISTLER,WHISTLER,WHISTLER,Y,N,N,LOWER MAINLAND,CHEAKAMUS WAY # 002757 TO 002773 odd,CHEAKAMUS WAY,CHEAKAMUS WAY,15:00-17:59,1,0
N,PROPERTY DAMAGE ONLY,\N,N,2023,SUNDAY,REAR END,N,N,50.108987,-120.777845,Y,JUNE,N,MERRITT,MERRITT,MERRITT,N,N,N,SOUTHERN INTERIOR,NICOLA AVE # 002432 TO 002539,NICOLA AVE,NICOLA AVE,15:00-17:59,1,0
N,PROPERTY DAMAGE ONLY,\N,N,2023,SUNDAY,REAR END,N,N,50.701611,-120.413028,Y,JUNE,N,KAMLOOPS,KAMLOOPS,KAMLOOPS,Y,N,N,SOUTHERN INTERIOR,TRANQUILLE RD # 002310 TO 002359,TRANQUILLE RD,TRANQUILLE RD,15:00-17:59,1,0
N,PROPERTY DAMAGE ONLY,\N,N,2023,SUNDAY,REAR END,N,N,53.884563,-122.772118,Y,JUNE,N,PRINCE GEORGE,PRINCE GEORGE,PRINCE GEORGE,Y,Y,N,NORTH CENTRAL,RANGE RD # 002460 TO 002599,RANGE RD,RANGE RD,15:00-17:59,1,0
N,PROPERTY DAMAGE ONLY,\N,N,2023,SUNDAY,REAR TO REAR,N,N,\N,\N,N,JUNE,N,PARKSVILLE,PARKSVILLE,\N,Y,N,N,VANCOUVER ISLAND,UNKNOWN,SUN WEST PLACE,SUN WEST PLACE,15:00-17:59,1,0
N,PROPERTY DAMAGE ONLY,\N,N,2023,SUNDAY,REAR TO REAR,N,N,48.520238,-123.385675,Y,JUNE,N,SAANICH,SAANICH,SAANICH,Y,Y,N,VANCOUVER ISLAND,PATRICIA BAY HWY # 005000 TO 005108 even,PATRICIA BAY HWY,PATRICIA BAY HWY,15:00-17:59,1,0
N,PROPERTY DAMAGE ONLY,\N,N,2023,SUNDAY,REAR TO REAR,N,N,49.052785,-122.335014,Y,JUNE,N,ABBOTSFORD,ABBOTSFORD,ABBOTSFORD,Y,Y,N,LOWER MAINLAND,MT WADDINGTON AVE # 032000 TO 032199,MT WADDINGTON AVE,MT WADDINGTON AVE,15:00-17:59,1,0
N,PROPERTY DAMAGE ONLY,\N,N,2023,SUNDAY,REAR TO REAR,N,N,49.145772,-119.590245,Y,JUNE,N,OLIVER,OLIVER,OLIVER,Y,Y,N,SOUTHERN INTERIOR,ROAD 8 # 000568 TO 000889,ROAD 8,ROAD 8,15:00-17:59,1,0
N,PROPERTY DAMAGE ONLY,\N,N,2023,SUNDAY,REAR TO REAR,N,N,49.178889,-119.551799,Y,JUNE,N,OLIVER,OLIVER,OLIVER,Y,Y,N,SOUTHERN INTERIOR,MAIN ST # 005900 TO 005999,MAIN ST,MAIN ST,15:00-17:59,1,0
N,PROPERTY DAMAGE ONLY,\N,N,2023,SUNDAY,REAR TO REAR,N,N,49.190637,-122.94719,Y,JUNE,N,NEW WESTMINSTER,NEW WESTMINSTER,NEW WESTMINSTER,N,Y,N,LOWER MAINLAND,BOYD ST # 000780 TO 000928,BOYD ST,BOYD ST,15:00-17:59,1,0
N,PROPERTY DAMAGE ONLY,\N,N,2023,SUNDAY,REAR TO REAR,N,N,49.19289,-123.161328,Y,JUNE,N,RICHMOND,RICHMOND,RICHMOND,Y,Y,N,LOWER MAINLAND,GRANT MCCONACHIE WAY # 005115 TO 006249 odd,GRANT MCCONACHIE WAY,GRANT MCCONACHIE WAY,15:00-17:59,1,0
N,PROPERTY DAMAGE ONLY,\N,N,2023,SUNDAY,REAR TO REAR,N,N,49.204638,-123.970314,Y,JUNE,N,NANAIMO,NANAIMO,NANAIMO,N,Y,N,VANCOUVER ISLAND,DEPARTURE BAY RD # 002800 TO 002835,DEPARTURE BAY RD,DEPARTURE BAY RD,15:00-17:59,1,0
N,PROPERTY DAMAGE ONLY,\N,N,2023,SUNDAY,REAR TO REAR,N,N,49.220574,-122.662368,Y,JUNE,N,MAPLE RIDGE,MAPLE RIDGE,MAPLE RIDGE,N,Y,N,LOWER MAINLAND,LOUGHEED HWY # 020121 TO 020219 odd,LOUGHEED HWY,LOUGHEED HWY,15:00-17:59,1,0
N,PROPERTY DAMAGE ONLY,\N,N,2023,SUNDAY,REAR TO REAR,N,N,49.240658,-124.046606,Y,JUNE,N,NANAIMO,NANAIMO,NANAIMO,N,N,N,VANCOUVER ISLAND,SOUTHAMPTON RD # 006400 TO 006649,SOUTHAMPTON RD,SOUTHAMPTON RD,15:00-17:59,1,0
N,PROPERTY DAMAGE ONLY,\N,N,2023,SUNDAY,REAR TO REAR,N,N,49.310805,-123.081107,Y,JUNE,N,NORTH VANCOUVER,NORTH VANCOUVER,NORTH VANCOUVER,Y,Y,N,LOWER MAINLAND,CARRIE CATES CRT # 000113 TO 000149,CARRIE CATES CRT,CARRIE CATES CRT,15:00-17:59,1,0
N,PROPERTY DAMAGE ONLY,\N,N,2023,SUNDAY,REAR TO REAR,N,N,49.529303,-115.747971,Y,JUNE,N,CRANBROOK,CRANBROOK,CRANBROOK,N,Y,N,SOUTHERN INTERIOR,CRANBROOK ST N # 001801 TO 001833 odd,CRANBROOK ST N,CRANBROOK ST N,15:00-17:59,1,0
N,PROPERTY DAMAGE ONLY,\N,N,2023,SUNDAY,REAR TO REAR,N,N,49.675481,-124.474999,Y,JUNE,N,GILLIES BAY,GILLIES BAY,GILLIES BAY,Y,Y,N,VANCOUVER ISLAND,GILLIES BAY RD # 005142 TO 005403,GILLIES BAY RD,GILLIES BAY RD,15:00-17:59,1,0
N,PROPERTY DAMAGE ONLY,\N,N,2023,SUNDAY,REAR TO REAR,N,N,50.67456,-120.284931,Y,JUNE,N,KAMLOOPS,KAMLOOPS,KAMLOOPS,N,N,N,SOUTHERN INTERIOR,KNOLLWOOD CRES # 001760 TO 001799,KNOLLWOOD CRES,KNOLLWOOD CRES,15:00-17:59,1,0
N,PROPERTY DAMAGE ONLY,\N,N,2023,SUNDAY,REAR TO REAR,N,N,54.303033,-130.337302,Y,JUNE,N,PRINCE RUPERT,PRINCE RUPERT,PRINCE RUPERT,Y,Y,N,NORTH CENTRAL,PARK AVE # 001300 TO 001699,PARK AVE,PARK AVE,15:00-17:59,1,0
N,PROPERTY DAMAGE ONLY,\N,N,2023,SUNDAY,REAR TO REAR,N,N,54.399269,-126.650896,Y,JUNE,N,HOUSTON,HOUSTON,HOUSTON,Y,Y,N,NORTH CENTRAL,HWY 16 # 003200 TO 003299,HWY 16,HWY 16,15:00-17:59,1,0
N,PROPERTY DAMAGE ONLY,\N,N,2023,SUNDAY,REAR TO REAR,N,N,54.512054,-128.579151,Y,JUNE,N,TERRACE,TERRACE,TERRACE,N,Y,N,NORTH CENTRAL,HWY 16 W # 004401 TO 004429 odd,YELLOWHEAD HWY,YELLOWHEAD HWY,15:00-17:59,1,0
N,PROPERTY DAMAGE ONLY,\N,N,2023,SUNDAY,SIDE IMPACT,N,N,\N,\N,N,JUNE,N,ABBOTSFORD,ABBOTSFORD,\N,N,N,N,LOWER MAINLAND,UNKNOWN,ANGUS CAMPBELL RD,ANGUS CAMPBELL RD,15:00-17:59,1,0
N,PROPERTY DAMAGE ONLY,\N,N,2023,SUNDAY,SIDE IMPACT,N,N,\N,\N,N,JUNE,N,ABBOTSFORD,ABBOTSFORD,\N,Y,N,N,LOWER MAINLAND,UNKNOWN,LINDEN ST,LINDEN ST,15:00-17:59,1,0
N,PROPERTY DAMAGE ONLY,\N,N,2023,SUNDAY,SIDE IMPACT,N,N,\N,\N,N,JUNE,N,DELTA,DELTA,\N,N,N,N,LOWER MAINLAND,UNKNOWN,ABBEY DR,ABBEY DR,15:00-17:59,1,0
N,PROPERTY DAMAGE ONLY,\N,N,2023,SUNDAY,SIDE IMPACT,N,N,\N,\N,N,JUNE,N,LANGLEY,LANGLEY,\N,Y,Y,N,LOWER MAINLAND,UNKNOWN,66A AVE,66A AVE,15:00-17:59,1,0
N,PROPERTY DAMAGE ONLY,\N,N,2023,SUNDAY,SIDE IMPACT,N,N,\N,\N,N,JUNE,N,LANGLEY,LANGLEY,\N,Y,Y,N,LOWER MAINLAND,UNKNOWN,WILLOWBROOK DR,WILLOWBROOK DR,15:00-17:59,1,0
N,PROPERTY DAMAGE ONLY,\N,N,2023,SUNDAY,SIDE IMPACT,N,N,\N,\N,N,JUNE,N,MISSION,MISSION,\N,Y,N,N,LOWER MAINLAND,UNKNOWN,BURMA ST,BURMA ST,15:00-17:59,1,0
N,PROPERTY DAMAGE ONLY,\N,N,2023,SUNDAY,SIDE IMPACT,N,N,\N,\N,N,JUNE,N,NORTH VANCOUVER,NORTH VANCOUVER,\N,N,N,N,LOWER MAINLAND,UNKNOWN,ESPLANADE,ESPLANADE,15:00-17:59,1,0
N,PROPERTY DAMAGE ONLY,\N,N,2023,SUNDAY,SIDE IMPACT,N,N,\N,\N,N,JUNE,N,NORTH VANCOUVER,NORTH VANCOUVER,\N,Y,N,N,LOWER MAINLAND,UNKNOWN,PANORAMA DR,PANORAMA DR,15:00-17:59,1,0
N,PROPERTY DAMAGE ONLY,\N,N,2023,SUNDAY,SIDE IMPACT,N,N,\N,\N,N,JUNE,N,SIDNEY,SIDNEY,\N,N,Y,N,VANCOUVER ISLAND,UNKNOWN,PATRICIA BAY HWY,PATRICIA BAY HWY,15:00-17:59,1,0
N,PROPERTY DAMAGE ONLY,\N,N,2023,SUNDAY,SIDE IMPACT,N,N,\N,\N,N,JUNE,N,SOOKE,SOOKE,\N,N,Y,N,VANCOUVER ISLAND,UNKNOWN,SOOKE RIVER RD,SOOKE RIVER RD,15:00-17:59,1,0
N,PROPERTY DAMAGE ONLY,\N,N,2023,SUNDAY,SIDE IMPACT,N,N,\N,\N,N,JUNE,N,SORRENTO,SORRENTO,\N,Y,Y,N,SOUTHERN INTERIOR,UNKNOWN,FAIRWAY HILLS RD,FAIRWAY HILLS RD,15:00-17:59,1,0
N,PROPERTY DAMAGE ONLY,\N,N,2023,SUNDAY,SIDE IMPACT,N,N,\N,\N,N,JUNE,N,SURREY,SURREY,\N,N,Y,N,LOWER MAINLAND,UNKNOWN,128 ST,128 ST,15:00-17:59,1,0
N,PROPERTY DAMAGE ONLY,\N,N,2023,SUNDAY,SIDE IMPACT,N,N,48.414992,-123.383422,Y,JUNE,N,VICTORIA,VICTORIA,VICTORIA,N,Y,N,VANCOUVER ISLAND,DALLAS RD # 000210 TO 000249,DALLAS RD,DALLAS RD,15:00-17:59,1,0
N,PROPERTY DAMAGE ONLY,\N,N,2023,SUNDAY,SIDE IMPACT,N,N,48.44304,-123.507572,Y,JUNE,N,LANGFORD,LANGFORD,LANGFORD,Y,Y,N,VANCOUVER ISLAND,LANGFORD PKY # 000860 TO 000879,LANGFORD PKY,LANGFORD PKY,15:00-17:59,1,0
N,PROPERTY DAMAGE ONLY,\N,N,2023,SUNDAY,SIDE IMPACT,N,N,48.459981,-123.500307,Y,JUNE,N,LANGFORD,LANGFORD,LANGFORD,Y,Y,N,VANCOUVER ISLAND,MCCALLUM RD # 000720 TO 000789,MCCALLUM RD,MCCALLUM RD,15:00-17:59,1,0
N,PROPERTY DAMAGE ONLY,\N,N,2023,SUNDAY,SIDE IMPACT,N,N,48.460208,-123.502267,Y,JUNE,N,LANGFORD,LANGFORD,LANGFORD,Y,Y,N,VANCOUVER ISLAND,GATEWAY RD # 002460 TO 002469,GATEWAY RD,GATEWAY RD,15:00-17:59,1,0
N,PROPERTY DAMAGE ONLY,\N,N,2023,SUNDAY,SIDE IMPACT,N,N,48.475009,-123.420382,Y,JUNE,N,SAANICH,SAANICH,SAANICH,Y,N,N,VANCOUVER ISLAND,BLUE RIDGE RD # 001330 TO 001399,BLUE RIDGE RD,BLUE RIDGE RD,15:00-17:59,1,0
N,PROPERTY DAMAGE ONLY,\N,N,2023,SUNDAY,SIDE IMPACT,N,N,48.477244,-123.531752,Y,JUNE,N,LANGFORD,LANGFORD,LANGFORD,N,Y,N,VANCOUVER ISLAND,COUNTRY CLUB WAY # 001990 TO 001999,COUNTRY CLUB WAY,COUNTRY CLUB WAY,15:00-17:59,1,0
N,PROPERTY DAMAGE ONLY,\N,N,2023,SUNDAY,SIDE IMPACT,N,N,48.47956,-123.380367,Y,JUNE,N,SAANICH,SAANICH,SAANICH,Y,N,N,VANCOUVER ISLAND,KINCAID ST # 004160 TO 004179,KINCAID ST,KINCAID ST,15:00-17:59,1,0
N,PROPERTY DAMAGE ONLY,\N,N,2023,SUNDAY,SIDE IMPACT,N,N,48.500305,-123.387017,Y,JUNE,N,SAANICH,SAANICH,SAANICH,N,Y,N,VANCOUVER ISLAND,ELK LAKE DR # 004620 TO 004639,ELK LAKE DR,ELK LAKE DR,15:00-17:59,1,0
N,PROPERTY DAMAGE ONLY,\N,N,2023,SUNDAY,SIDE IMPACT,N,N,48.60116,-123.535092,Y,JUNE,N,MILL BAY,MILL BAY,MILL BAY,N,Y,N,VANCOUVER ISLAND,TRANS-CANADA HWY # 001500 TO 001666 even,HWY 1,HWY 1,15:00-17:59,1,0
N,PROPERTY DAMAGE ONLY,\N,N,2023,SUNDAY,SIDE IMPACT,N,N,48.649587,-123.40373,Y,JUNE,N,SIDNEY,SIDNEY,SIDNEY,Y,Y,N,VANCOUVER ISLAND,SEVENTH ST # 009800 TO 009849,SEVENTH ST,SEVENTH ST,15:00-17:59,1,0
N,PROPERTY DAMAGE ONLY,\N,N,2023,SUNDAY,SIDE IMPACT,N,N,48.652608,-123.642852,Y,JUNE,N,SHAWNIGAN LAKE,SHAWNIGAN LAKE,SHAWNIGAN LAKE,Y,N,N,VANCOUVER ISLAND,AIRBRIGHT LANE # 002060 TO 002099,AIRBRIGHT LANE,AIRBRIGHT LANE,15:00-17:59,1,0
N,PROPERTY DAMAGE ONLY,\N,N,2023,SUNDAY,SIDE IMPACT,N,N,49.021076,-122.804855,Y,JUNE,N,WHITE ROCK,WHITE ROCK,WHITE ROCK,N,Y,N,LOWER MAINLAND,MARINE DR # 014930 TO 015199,MARINE DR,MARINE DR,15:00-17:59,1,0
N,PROPERTY DAMAGE ONLY,\N,N,2023,SUNDAY,SIDE IMPACT,N,N,49.024036,-122.268412,Y,JUNE,N,ABBOTSFORD,ABBOTSFORD,ABBOTSFORD,Y,Y,N,LOWER MAINLAND,MCCONNELL RD # 034500 TO 034549,MCCONNELL RD,MCCONNELL RD,15:00-17:59,1,0
N,PROPERTY DAMAGE ONLY,\N,N,2023,SUNDAY,SIDE IMPACT,N,N,49.035649,-122.793572,Y,JUNE,N,SURREY,SURREY,SURREY,N,N,N,LOWER MAINLAND,POPLAR DR # 015400 TO 015559,POPLAR DR,POPLAR DR,15:00-17:59,1,0
N,PROPERTY DAMAGE ONLY,\N,N,2023,SUNDAY,SIDE IMPACT,N,N,49.047019,-122.786299,Y,JUNE,N,SURREY,SURREY,SURREY,Y,Y,N,LOWER MAINLAND,CROYDON DR # 015700 TO 015769,CROYDON DR,CROYDON DR,15:00-17:59,1,0
N,PROPERTY DAMAGE ONLY,\N,N,2023,SUNDAY,SIDE IMPACT,N,N,49.062746,-122.379502,Y,JUNE,N,ABBOTSFORD,ABBOTSFORD,ABBOTSFORD,Y,N,N,LOWER MAINLAND,SANDPIPER DR # 030400 TO 030548,SANDPIPER DR,SANDPIPER DR,15:00-17:59,1,0
N,PROPERTY DAMAGE ONLY,\N,N,2023,SUNDAY,SIDE IMPACT,N,N,49.108633,-121.915837,Y,JUNE,N,CHILLIWACK,CHILLIWACK,CHILLIWACK,Y,N,N,LOWER MAINLAND,SYLVAN DR # 047263 TO 047316,SYLVAN DR,SYLVAN DR,15:00-17:59,1,0
N,PROPERTY DAMAGE ONLY,\N,N,2023,SUNDAY,SIDE IMPACT,N,N,49.125813,-123.191868,Y,JUNE,N,RICHMOND,RICHMOND,RICHMOND,Y,Y,N,LOWER MAINLAND,7TH AVE # 012000 TO 012771,7TH AVE,7TH AVE,15:00-17:59,1,0
N,PROPERTY DAMAGE ONLY,\N,N,2023,SUNDAY,SIDE IMPACT,N,N,49.133582,-122.843962,Y,JUNE,N,SURREY,SURREY,SURREY,Y,Y,N,LOWER MAINLAND,72 AVE # 013601 TO 013699 odd,72 AVE,72 AVE,15:00-17:59,1,0
N,PROPERTY DAMAGE ONLY,\N,N,2023,SUNDAY,SIDE IMPACT,N,N,49.135682,-122.867922,Y,JUNE,N,SURREY,SURREY,SURREY,Y,Y,N,LOWER MAINLAND,128 ST # 007201 TO 007399 odd,128 ST,128 ST,15:00-17:59,1,0
N,PROPERTY DAMAGE ONLY,\N,N,2023,SUNDAY,SIDE IMPACT,N,N,49.146455,-122.801259,Y,JUNE,N,SURREY,SURREY,SURREY,Y,Y,N,LOWER MAINLAND,152 ST # 007829 TO 007977 odd,152 ST,152 ST,15:00-17:59,1,0
N,PROPERTY DAMAGE ONLY,\N,N,2023,SUNDAY,SIDE IMPACT,N,N,49.149464,-122.759159,Y,JUNE,N,SURREY,SURREY,SURREY,Y,Y,N,LOWER MAINLAND,FRASER HWY # 016601 TO 016789 odd,FRASER HWY,FRASER HWY,15:00-17:59,1,0
N,PROPERTY DAMAGE ONLY,\N,N,2023,SUNDAY,SIDE IMPACT,N,N,49.14951,-122.938234,Y,JUNE,N,DELTA,DELTA,DELTA,Y,Y,N,LOWER MAINLAND,NORDEL CRT # 010350 TO 010399,NORDEL CRT,NORDEL CRT,15:00-17:59,1,0
N,PROPERTY DAMAGE ONLY,\N,N,2023,SUNDAY,SIDE IMPACT,N,N,49.157504,-122.866618,Y,JUNE,N,SURREY,SURREY,SURREY,Y,Y,N,LOWER MAINLAND,85 AVE # 012800 TO 012899,85 AVE,85 AVE,15:00-17:59,1,0
N,PROPERTY DAMAGE ONLY,\N,N,2023,SUNDAY,SIDE IMPACT,N,N,49.158294,-122.781135,Y,JUNE,N,SURREY,SURREY,SURREY,Y,Y,N,LOWER MAINLAND,FRASER HWY # 015901 TO 015949 odd,FRASER HWY,FRASER HWY,15:00-17:59,1,0
N,PROPERTY DAMAGE ONLY,\N,N,2023,SUNDAY,SIDE IMPACT,N,N,49.164311,-122.801382,Y,JUNE,N,SURREY,SURREY,SURREY,Y,Y,N,LOWER MAINLAND,152 ST # 008800 TO 008998 even,152 ST,152 ST,15:00-17:59,1,0
N,PROPERTY DAMAGE ONLY,\N,N,2023,SUNDAY,SIDE IMPACT,N,N,49.165613,-123.136632,Y,JUNE,N,RICHMOND,RICHMOND,RICHMOND,Y,Y,N,LOWER MAINLAND,NO 3 RD # 006401 TO 006799 odd,NO 3 RD,NO 3 RD,15:00-17:59,1,0
N,PROPERTY DAMAGE ONLY,\N,N,2023,SUNDAY,SIDE IMPACT,N,N,49.177331,-123.122877,Y,JUNE,N,RICHMOND,RICHMOND,RICHMOND,N,Y,N,LOWER MAINLAND,ALDERBRIDGE WAY # 009001 TO 009299 odd,ALDERBRIDGE WAY,ALDERBRIDGE WAY,15:00-17:59,1,0
N,PROPERTY DAMAGE ONLY,\N,N,2023,SUNDAY,SIDE IMPACT,N,N,49.178345,-123.131348,Y,JUNE,N,RICHMOND,RICHMOND,RICHMOND,N,Y,N,LOWER MAINLAND,ALEXANDRA RD # 008160 TO 008529,ALEXANDRA RD,ALEXANDRA RD,15:00-17:59,1,0
N,PROPERTY DAMAGE ONLY,\N,N,2023,SUNDAY,SIDE IMPACT,N,N,49.187003,-122.845527,Y,JUNE,N,SURREY,SURREY,SURREY,N,Y,N,LOWER MAINLAND,KING GEORGE BLVD # 010153 TO 010199 odd,KING GEORGE BLVD,KING GEORGE BLVD,15:00-17:59,1,0
N,PROPERTY DAMAGE ONLY,\N,N,2023,SUNDAY,SIDE IMPACT,N,N,49.191593,-122.788342,Y,JUNE,N,SURREY,SURREY,SURREY,Y,Y,N,LOWER MAINLAND,104 AVE # 015601 TO 015699 odd,104 AVE,104 AVE,15:00-17:59,1,0
N,PROPERTY DAMAGE ONLY,\N,N,2023,SUNDAY,SIDE IMPACT,N,N,49.194754,-123.178088,Y,JUNE,N,RICHMOND,RICHMOND,RICHMOND,N,Y,N,LOWER MAINLAND,GRANT MCCONACHIE WAY # 003113 TO 003299 odd,GRANT MCCONACHIE WAY,GRANT MCCONACHIE WAY,15:00-17:59,1,0
N,PROPERTY DAMAGE ONLY,\N,N,2023,SUNDAY,SIDE IMPACT,N,N,49.210862,-123.106649,Y,JUNE,N,VANCOUVER,VANCOUVER,VANCOUVER,Y,Y,N,LOWER MAINLAND,ONTARIO ST # 008000 TO 008299,ONTARIO ST,ONTARIO ST,15:00-17:59,1,0
N,PROPERTY DAMAGE ONLY,\N,N,2023,SUNDAY,SIDE IMPACT,N,N,49.225575,-122.89577,Y,JUNE,N,NEW WESTMINSTER,NEW WESTMINSTER,NEW WESTMINSTER,Y,N,N,LOWER MAINLAND,KEARY ST # 000300 TO 000399,KEARY ST,KEARY ST,15:00-17:59,1,0
N,PROPERTY DAMAGE ONLY,\N,N,2023,SUNDAY,SIDE IMPACT,N,N,49.228564,-124.017052,Y,JUNE,N,NANAIMO,NANAIMO,NANAIMO,Y,N,N,VANCOUVER ISLAND,VANDERNEUK RD # 005750 TO 005804,VANDERNEUK RD,VANDERNEUK RD,15:00-17:59,1,0
N,PROPERTY DAMAGE ONLY,\N,N,2023,SUNDAY,SIDE IMPACT,N,N,49.233409,-123.03449,Y,JUNE,N,VANCOUVER,VANCOUVER,VANCOUVER,Y,Y,N,LOWER MAINLAND,KINGSWAY # 003320 TO 003363,KINGSWAY,KINGSWAY,15:00-17:59,1,0
N,PROPERTY DAMAGE ONLY,\N,N,2023,SUNDAY,SIDE IMPACT,N,N,49.2389,-123.05682,Y,JUNE,N,VANCOUVER,VANCOUVER,VANCOUVER,Y,N,N,LOWER MAINLAND,E 34TH AVE # 002367 TO 002398,E 34TH AVE,E 34TH AVE,15:00-17:59,1,0
N,PROPERTY DAMAGE ONLY,\N,N,2023,SUNDAY,SIDE IMPACT,N,N,49.243568,-123.084026,Y,JUNE,N,VANCOUVER,VANCOUVER,VANCOUVER,Y,Y,N,LOWER MAINLAND,WINDSOR ST # 004550 TO 004599,WINDSOR ST,WINDSOR ST,15:00-17:59,1,0
N,PROPERTY DAMAGE ONLY,\N,N,2023,SUNDAY,SIDE IMPACT,N,N,49.253251,-122.577498,Y,JUNE,N,MAPLE RIDGE,MAPLE RIDGE,MAPLE RIDGE,Y,N,N,LOWER MAINLAND,SILVER VALLEY RD # 013750 TO 013839,SILVER VALLEY RD,SILVER VALLEY RD,15:00-17:59,1,0
N,PROPERTY DAMAGE ONLY,\N,N,2023,SUNDAY,SIDE IMPACT,N,N,49.254126,-123.100855,Y,JUNE,N,VANCOUVER,VANCOUVER,VANCOUVER,Y,N,N,LOWER MAINLAND,MAIN ST # 003400 TO 003495,MAIN ST,MAIN ST,15:00-17:59,1,0
N,PROPERTY DAMAGE ONLY,\N,N,2023,SUNDAY,SIDE IMPACT,N,N,49.26196,-124.196963,Y,JUNE,N,NANOOSE BAY,NANOOSE BAY,NANOOSE BAY,N,Y,N,VANCOUVER ISLAND,ISLAND HWY E # 002400 TO 002418 even,ISLAND HWY E,ISLAND HWY E,15:00-17:59,1,0
N,PROPERTY DAMAGE ONLY,\N,N,2023,SUNDAY,SIDE IMPACT,N,N,49.264081,-122.744648,Y,JUNE,N,PORT COQUITLAM,PORT COQUITLAM,PORT COQUITLAM,Y,N,N,LOWER MAINLAND,RIVERWOOD GATE # 001000 TO 001199,RIVERWOOD GATE,RIVERWOOD GATE,15:00-17:59,1,0
N,PROPERTY DAMAGE ONLY,\N,N,2023,SUNDAY,SIDE IMPACT,N,N,49.266676,-123.053424,Y,JUNE,N,VANCOUVER,VANCOUVER,VANCOUVER,Y,N,N,LOWER MAINLAND,E 4TH AVE # 002500 TO 002599,E 4TH AVE,E 4TH AVE,15:00-17:59,1,0
N,PROPERTY DAMAGE ONLY,\N,N,2023,SUNDAY,SIDE IMPACT,N,N,49.268169,-123.156321,Y,JUNE,N,VANCOUVER,VANCOUVER,VANCOUVER,Y,Y,N,LOWER MAINLAND,W 4TH AVE # 002200 TO 002299,W 4TH AVE,W 4TH AVE,15:00-17:59,1,0
N,PROPERTY DAMAGE ONLY,\N,N,2023,SUNDAY,SIDE IMPACT,N,N,49.270936,-123.088463,Y,JUNE,N,VANCOUVER,VANCOUVER,VANCOUVER,Y,Y,N,LOWER MAINLAND,TERMINAL AVE # 000701 TO 000759 odd,TERMINAL AVE,TERMINAL AVE,15:00-17:59,1,0
N,PROPERTY DAMAGE ONLY,\N,N,2023,SUNDAY,SIDE IMPACT,N,N,49.277063,-122.800243,Y,JUNE,N,COQUITLAM,COQUITLAM,COQUITLAM,N,Y,N,LOWER MAINLAND,BARNET HWY # 002901 TO 002929 odd,BARNET HWY,BARNET HWY,15:00-17:59,1,0
N,PROPERTY DAMAGE ONLY,\N,N,2023,SUNDAY,SIDE IMPACT,N,N,49.282229,-123.096479,Y,JUNE,N,VANCOUVER,VANCOUVER,VANCOUVER,Y,N,N,LOWER MAINLAND,E CORDOVA ST # 000300 TO 000399,E CORDOVA ST,E CORDOVA ST,15:00-17:59,1,0
N,PROPERTY DAMAGE ONLY,\N,N,2023,SUNDAY,SIDE IMPACT,N,N,49.286107,-122.791846,Y,JUNE,N,COQUITLAM,COQUITLAM,COQUITLAM,Y,Y,N,LOWER MAINLAND,PINETREE WAY # 001208 TO 001248 even,PINETREE WAY,PINETREE WAY,15:00-17:59,1,0
N,PROPERTY DAMAGE ONLY,\N,N,2023,SUNDAY,SIDE IMPACT,N,N,49.2877,-123.124438,Y,JUNE,N,VANCOUVER,VANCOUVER,VANCOUVER,Y,Y,N,LOWER MAINLAND,BUTE ST # 000600 TO 000643,BUTE ST,BUTE ST,15:00-17:59,1,0
N,PROPERTY DAMAGE ONLY,\N,N,2023,SUNDAY,SIDE IMPACT,N,N,49.289809,-122.78974,Y,JUNE,N,COQUITLAM,COQUITLAM,COQUITLAM,Y,Y,N,LOWER MAINLAND,PINETREE WAY # 001261 TO 001299 odd,PINETREE WAY,PINETREE WAY,15:00-17:59,1,0
N,PROPERTY DAMAGE ONLY,\N,N,2023,SUNDAY,SIDE IMPACT,N,N,49.290837,-117.660315,Y,JUNE,N,CASTLEGAR,CASTLEGAR,CASTLEGAR,Y,N,N,SOUTHERN INTERIOR,GROSVENOR PL # 001308 TO 001348 even,GROSVENOR PL,GROSVENOR PL,15:00-17:59,1,0
N,PROPERTY DAMAGE ONLY,\N,N,2023,SUNDAY,SIDE IMPACT,N,N,49.300038,-117.655731,Y,JUNE,Y,CASTLEGAR,CASTLEGAR,CASTLEGAR,Y,Y,N,SOUTHERN INTERIOR,18TH ST # 000595 TO 000699,18TH ST,18TH ST,15:00-17:59,1,0
N,PROPERTY DAMAGE ONLY,\N,N,2023,SUNDAY,SIDE IMPACT,N,N,49.305268,-123.016496,Y,JUNE,N,NORTH VANCOUVER,NORTH VANCOUVER,NORTH VANCOUVER,N,Y,N,LOWER MAINLAND,DOLLARTON HWY # 002000 TO 002198 even,DOLLARTON HWY,DOLLARTON HWY,15:00-17:59,1,0
N,PROPERTY DAMAGE ONLY,\N,N,2023,SUNDAY,SIDE IMPACT,N,N,49.331818,-123.103116,Y,JUNE,N,NORTH VANCOUVER,NORTH VANCOUVER,NORTH VANCOUVER,Y,N,N,LOWER MAINLAND,W 24TH ST # 001040 TO 001079,W 24TH ST,W 24TH ST,15:00-17:59,1,0
N,PROPERTY DAMAGE ONLY,\N,N,2023,SUNDAY,SIDE IMPACT,N,N,49.334555,-123.155583,Y,JUNE,N,WEST VANCOUVER,WEST VANCOUVER,WEST VANCOUVER,Y,N,N,LOWER MAINLAND,INGLEWOOD AVE # 001400 TO 001499,INGLEWOOD AVE,INGLEWOOD AVE,15:00-17:59,1,0
N,PROPERTY DAMAGE ONLY,\N,N,2023,SUNDAY,SIDE IMPACT,N,N,49.354588,-124.461286,Y,JUNE,N,QUALICUM BEACH,QUALICUM BEACH,QUALICUM BEACH,Y,Y,N,VANCOUVER ISLAND,ISLAND HWY W # 002900 TO 003199,ISLAND HWY W,ISLAND HWY W,15:00-17:59,1,0
N,PROPERTY DAMAGE ONLY,\N,N,2023,SUNDAY,SIDE IMPACT,N,N,49.356299,-124.438354,Y,JUNE,N,QUALICUM BEACH,QUALICUM BEACH,QUALICUM BEACH,Y,Y,N,VANCOUVER ISLAND,ISLAND HWY W # 002678 TO 002698 even,ISLAND HWY W,ISLAND HWY W,15:00-17:59,1,0
N,PROPERTY DAMAGE ONLY,\N,N,2023,SUNDAY,SIDE IMPACT,N,N,49.371207,-123.09882,Y,JUNE,N,NORTH VANCOUVER,NORTH VANCOUVER,NORTH VANCOUVER,N,Y,N,LOWER MAINLAND,NANCY GREENE WAY # 006371 TO 006401,NANCY GREENE WAY,NANCY GREENE WAY,15:00-17:59,1,0
N,PROPERTY DAMAGE ONLY,\N,N,2023,SUNDAY,SIDE IMPACT,N,N,49.427135,-123.482551,Y,JUNE,N,GIBSONS,GIBSONS,GIBSONS,N,N,N,LOWER MAINLAND,NORTH RD # 001680 TO 001807,NORTH RD,NORTH RD,15:00-17:59,1,0
N,PROPERTY DAMAGE ONLY,\N,N,2023,SUNDAY,SIDE IMPACT,N,N,49.442389,-123.648565,Y,JUNE,N,ROBERTS CREEK,ROBERTS CREEK,ROBERTS CREEK,Y,Y,N,LOWER MAINLAND,LINWOOD RD # 003200 TO 003279,LINWOOD RD,LINWOOD RD,15:00-17:59,1,0
N,PROPERTY DAMAGE ONLY,\N,N,2023,SUNDAY,SIDE IMPACT,N,N,49.534745,-115.74723,Y,JUNE,N,CRANBROOK,CRANBROOK,CRANBROOK,N,Y,N,SOUTHERN INTERIOR,22ND ST N # 002393 TO 002530,22ND ST N,22ND ST N,15:00-17:59,1,0
N,PROPERTY DAMAGE ONLY,\N,N,2023,SUNDAY,SIDE IMPACT,N,N,49.60138,-119.679286,Y,JUNE,N,SUMMERLAND,SUMMERLAND,SUMMERLAND,N,Y,N,SOUTHERN INTERIOR,MAIN ST # 009500 TO 009539,MAIN ST,MAIN ST,15:00-17:59,1,0
N,PROPERTY DAMAGE ONLY,\N,N,2023,SUNDAY,SIDE IMPACT,N,N,49.860065,-119.49121,Y,JUNE,N,KELOWNA,KELOWNA,KELOWNA,Y,Y,N,SOUTHERN INTERIOR,LAKESHORE RD # 003100 TO 003289,LAKESHORE RD,LAKESHORE RD,15:00-17:59,1,0
N,PROPERTY DAMAGE ONLY,\N,N,2023,SUNDAY,SIDE IMPACT,N,N,50.002676,-114.920078,Y,JUNE,N,ELKFORD,ELKFORD,ELKFORD,Y,Y,N,SOUTHERN INTERIOR,BEAR PAW CRES # 000009 TO 000022,BEAR PAW CRES,BEAR PAW CRES,15:00-17:59,1,0
N,PROPERTY DAMAGE ONLY,\N,N,2023,SUNDAY,SIDE IMPACT,N,N,50.123943,-120.758834,Y,JUNE,N,MERRITT,MERRITT,MERRITT,Y,Y,N,SOUTHERN INTERIOR,DEWOLF WAY # 003640 TO 003757,DEWOLF WAY,DEWOLF WAY,15:00-17:59,1,0
N,PROPERTY DAMAGE ONLY,\N,N,2023,SUNDAY,SIDE IMPACT,N,N,50.239782,-119.337387,Y,JUNE,N,VERNON,VERNON,VERNON,Y,Y,N,SOUTHERN INTERIOR,OKANAGAN LANDING RD # 006850 TO 006900,OKANAGAN LANDING RD,OKANAGAN LANDING RD,15:00-17:59,1,0
N,PROPERTY DAMAGE ONLY,\N,N,2023,SUNDAY,SIDE IMPACT,N,N,50.655345,-120.388074,Y,JUNE,N,KAMLOOPS,KAMLOOPS,KAMLOOPS,N,Y,N,SOUTHERN INTERIOR,VERSATILE DR # 001600 TO 001699,VERSATILE DR,VERSATILE DR,15:00-17:59,1,0
N,PROPERTY DAMAGE ONLY,\N,N,2023,SUNDAY,SIDE IMPACT,N,N,50.665443,-120.372597,Y,JUNE,N,KAMLOOPS,KAMLOOPS,KAMLOOPS,Y,Y,N,SOUTHERN INTERIOR,HILLSIDE DR # 001017 TO 001059 odd,HILLSIDE DR,HILLSIDE DR,15:00-17:59,1,0
N,PROPERTY DAMAGE ONLY,\N,N,2023,SUNDAY,SIDE IMPACT,N,N,50.692418,-119.324381,Y,JUNE,N,SALMON ARM,SALMON ARM,SALMON ARM,Y,N,N,SOUTHERN INTERIOR,10 AVE SW # 003000 TO 003750,10 AVE SW,10 AVE SW,15:00-17:59,1,0
N,PROPERTY DAMAGE ONLY,\N,N,2023,SUNDAY,SIDE IMPACT,N,N,50.692918,-120.287222,Y,JUNE,N,KAMLOOPS IR NO 1,KAMLOOPS IR NO 1,KAMLOOPS IR NO 1,Y,N,N,SOUTHERN INTERIOR,SILLARO PL # 003618 TO 003682,SILLARO PL,SILLARO PL,15:00-17:59,1,0
N,PROPERTY DAMAGE ONLY,\N,N,2023,SUNDAY,SIDE IMPACT,N,N,51.647337,-121.289215,Y,JUNE,N,100 MILE HOUSE,100 MILE HOUSE,100 MILE HOUSE,Y,N,N,NORTH CENTRAL,EVERGREEN CRES # 000144 TO 000199,EVERGREEN CRES,EVERGREEN CRES,15:00-17:59,1,0
N,PROPERTY DAMAGE ONLY,\N,N,2023,SUNDAY,SIDE IMPACT,N,N,53.909212,-122.7847,Y,JUNE,N,PRINCE GEORGE,PRINCE GEORGE,PRINCE GEORGE,Y,Y,N,NORTH CENTRAL,LYON ST # 001500 TO 001707,LYON ST,LYON ST,15:00-17:59,1,0
N,PROPERTY DAMAGE ONLY,\N,N,2023,SUNDAY,SIDE IMPACT,Y,N,48.446911,-123.362541,Y,JUNE,N,VICTORIA,VICTORIA,VICTORIA,N,N,N,VANCOUVER ISLAND,GLASGOW ST # 003100 TO 003149,GLASGOW AVE,GLASGOW AVE,15:00-17:59,1,0
N,PROPERTY DAMAGE ONLY,\N,N,2023,SUNDAY,SIDE IMPACT,Y,N,49.012772,-122.265319,Y,JUNE,N,ABBOTSFORD,ABBOTSFORD,ABBOTSFORD,Y,Y,N,LOWER MAINLAND,SUMAS WAY # 000344 TO 000799,SUMAS WAY,SUMAS WAY,15:00-17:59,1,0
N,PROPERTY DAMAGE ONLY,\N,N,2023,SUNDAY,SIDE SWIPE - OPPOSITE DIRECTION,N,N,\N,\N,N,JUNE,Y,PENDER ISLAND,PENDER ISLAND,\N,N,N,N,VANCOUVER ISLAND,UNKNOWN,CANAL RD,CANAL RD,15:00-17:59,1,0
N,PROPERTY DAMAGE ONLY,\N,N,2023,SUNDAY,SIDE SWIPE - OPPOSITE DIRECTION,N,N,48.431937,-123.329529,Y,JUNE,N,VICTORIA,VICTORIA,VICTORIA,Y,Y,N,VANCOUVER ISLAND,RICHMOND RD # 002200 TO 002299,RICHMOND RD,RICHMOND RD,15:00-17:59,1,0
N,PROPERTY DAMAGE ONLY,\N,N,2023,SUNDAY,SIDE SWIPE - OPPOSITE DIRECTION,N,N,49.048374,-122.801236,Y,JUNE,N,SURREY,SURREY,SURREY,N,Y,N,LOWER MAINLAND,152 ST # 002530 TO 002559,152 ST,152 ST,15:00-17:59,1,0
N,PROPERTY DAMAGE ONLY,\N,N,2023,SUNDAY,SIDE SWIPE - OPPOSITE DIRECTION,N,N,49.082086,-122.055859,Y,JUNE,N,CHILLIWACK,CHILLIWACK,CHILLIWACK,Y,Y,N,LOWER MAINLAND,YARROW CENTRAL RD # 042200 TO 042249,YARROW CENTRAL RD,YARROW CENTRAL RD,15:00-17:59,1,0
N,PROPERTY DAMAGE ONLY,\N,N,2023,SUNDAY,SIDE SWIPE - OPPOSITE DIRECTION,N,N,49.166489,-123.132594,Y,JUNE,N,RICHMOND,RICHMOND,RICHMOND,Y,Y,N,LOWER MAINLAND,COOK RD # 008200 TO 008399,COOK RD,COOK RD,15:00-17:59,1,0
N,PROPERTY DAMAGE ONLY,\N,N,2023,SUNDAY,SIDE SWIPE - OPPOSITE DIRECTION,N,N,49.276087,-123.146192,Y,JUNE,N,VANCOUVER,VANCOUVER,VANCOUVER,Y,Y,N,LOWER MAINLAND,CHESTNUT ST # 001100 TO 001109,CHESTNUT ST,CHESTNUT ST,15:00-17:59,1,0
N,PROPERTY DAMAGE ONLY,\N,N,2023,SUNDAY,SIDE SWIPE - SAME DIRECTION,N,N,\N,\N,N,JUNE,N,NANAIMO,NANAIMO,\N,N,N,N,VANCOUVER ISLAND,UNKNOWN,CEDAR RD,CEDAR RD,15:00-17:59,1,0
N,PROPERTY DAMAGE ONLY,\N,N,2023,SUNDAY,SIDE SWIPE - SAME DIRECTION,N,N,48.44304,-123.507572,Y,JUNE,N,LANGFORD,LANGFORD,LANGFORD,Y,Y,N,VANCOUVER ISLAND,LANGFORD PKY # 000860 TO 000879,LANGFORD PKY,LANGFORD PKY,15:00-17:59,1,0
N,PROPERTY DAMAGE ONLY,\N,N,2023,SUNDAY,SIDE SWIPE - SAME DIRECTION,N,N,49.021743,-122.265356,Y,JUNE,N,ABBOTSFORD,ABBOTSFORD,ABBOTSFORD,Y,Y,N,LOWER MAINLAND,SUMAS WAY # 001000 TO 001189,SUMAS WAY,SUMAS WAY,15:00-17:59,1,0
N,PROPERTY DAMAGE ONLY,\N,N,2023,SUNDAY,SIDE SWIPE - SAME DIRECTION,N,N,49.165613,-123.136632,Y,JUNE,N,RICHMOND,RICHMOND,RICHMOND,Y,Y,N,LOWER MAINLAND,NO 3 RD # 006401 TO 006799 odd,NO 3 RD,NO 3 RD,15:00-17:59,1,0
N,PROPERTY DAMAGE ONLY,\N,N,2023,SUNDAY,SIDE SWIPE - SAME DIRECTION,N,N,49.199428,-122.915018,Y,JUNE,N,NEW WESTMINSTER,NEW WESTMINSTER,NEW WESTMINSTER,Y,Y,N,LOWER MAINLAND,QUAYSIDE DR # 000900 TO 001019,QUAYSIDE DR,QUAYSIDE DR,15:00-17:59,1,0
N,PROPERTY DAMAGE ONLY,\N,N,2023,SUNDAY,SIDE SWIPE - SAME DIRECTION,N,N,49.216197,-123.067601,Y,JUNE,N,VANCOUVER,VANCOUVER,VANCOUVER,Y,N,N,LOWER MAINLAND,PRESTWICK DR # 001830 TO 001953,PRESTWICK DR,PRESTWICK DR,15:00-17:59,1,0
N,PROPERTY DAMAGE ONLY,\N,N,2023,SUNDAY,SIDE SWIPE - SAME DIRECTION,N,N,49.264442,-122.769012,Y,JUNE,N,PORT COQUITLAM,PORT COQUITLAM,PORT COQUITLAM,Y,Y,N,LOWER MAINLAND,LOUGHEED HWY # 001901 TO 001999 odd,LOUGHEED HWY,LOUGHEED HWY,15:00-17:59,1,0
N,PROPERTY DAMAGE ONLY,\N,N,2023,SUNDAY,SIDE SWIPE - SAME DIRECTION,N,N,49.266006,-123.071923,Y,JUNE,N,VANCOUVER,VANCOUVER,VANCOUVER,N,N,N,LOWER MAINLAND,E 5TH AVE # 001500 TO 001673,E 5TH AVE,E 5TH AVE,15:00-17:59,1,0
N,PROPERTY DAMAGE ONLY,\N,N,2023,SUNDAY,SIDE SWIPE - SAME DIRECTION,N,N,49.275571,-122.795219,Y,JUNE,N,COQUITLAM,COQUITLAM,COQUITLAM,N,Y,N,LOWER MAINLAND,LOUGHEED HWY # 002951 TO 003043 odd,LOUGHEED HWY,LOUGHEED HWY,15:00-17:59,1,0
N,PROPERTY DAMAGE ONLY,\N,N,2023,SUNDAY,SIDE SWIPE - SAME DIRECTION,N,N,49.317807,-122.968957,Y,JUNE,N,NORTH VANCOUVER,NORTH VANCOUVER,NORTH VANCOUVER,Y,Y,N,LOWER MAINLAND,MT SEYMOUR RD # 001132 TO 001199,MT SEYMOUR RD,MT SEYMOUR RD,15:00-17:59,1,0
N,PROPERTY DAMAGE ONLY,\N,N,2023,SUNDAY,SIDE SWIPE - SAME DIRECTION,N,N,49.860065,-119.49121,Y,JUNE,N,KELOWNA,KELOWNA,KELOWNA,Y,Y,N,SOUTHERN INTERIOR,LAKESHORE RD # 003100 TO 003289,LAKESHORE RD,LAKESHORE RD,15:00-17:59,1,0
N,PROPERTY DAMAGE ONLY,\N,N,2023,SUNDAY,SIDE SWIPE - SAME DIRECTION,N,N,50.826023,-119.680943,Y,JUNE,N,CHASE,CHASE,CHASE,Y,N,N,SOUTHERN INTERIOR,LAKESHORE DR # 000200 TO 000399,LAKESHORE DR,LAKESHORE DR,15:00-17:59,1,0
N,PROPERTY DAMAGE ONLY,\N,N,2023,SUNDAY,SIDE SWIPE - SAME DIRECTION,N,N,53.918371,-122.782179,Y,JUNE,N,PRINCE GEORGE,PRINCE GEORGE,PRINCE GEORGE,Y,Y,N,NORTH CENTRAL,CENTRAL ST W # 000646 TO 000799,CENTRAL ST W,CENTRAL ST W,15:00-17:59,1,0
N,PROPERTY DAMAGE ONLY,\N,N,2023,SUNDAY,SIDE SWIPE - SAME DIRECTION,Y,N,\N,\N,N,JUNE,N,VERNON,VERNON,\N,N,N,N,SOUTHERN INTERIOR,UNKNOWN,HWY 97,HWY 97,15:00-17:59,1,0
N,PROPERTY DAMAGE ONLY,\N,N,2023,SUNDAY,SINGLE VEHICLE,N,N,\N,\N,N,JUNE,N,ALERT BAY,ALERT BAY,\N,N,Y,N,VANCOUVER ISLAND,UNKNOWN,FERRY TERMINAL,FERRY TERMINAL,15:00-17:59,1,0
N,PROPERTY DAMAGE ONLY,\N,N,2023,SUNDAY,SINGLE VEHICLE,N,N,\N,\N,N,JUNE,N,CHRISTINA LAKE,CHRISTINA LAKE,\N,N,N,N,SOUTHERN INTERIOR,UNKNOWN,SANTA ROSA RD,SANTA ROSA RD,15:00-17:59,1,0
N,PROPERTY DAMAGE ONLY,\N,N,2023,SUNDAY,SINGLE VEHICLE,N,N,\N,\N,N,JUNE,N,COURTENAY,COURTENAY,\N,N,N,N,VANCOUVER ISLAND,UNKNOWN,ARDEN RD,ARDEN RD,15:00-17:59,1,0
N,PROPERTY DAMAGE ONLY,\N,N,2023,SUNDAY,SINGLE VEHICLE,N,N,\N,\N,N,JUNE,N,CRANBROOK,CRANBROOK,\N,N,N,N,SOUTHERN INTERIOR,UNKNOWN,LAKEVIEW DR,LAKEVIEW DR,15:00-17:59,1,0
N,PROPERTY DAMAGE ONLY,\N,N,2023,SUNDAY,SINGLE VEHICLE,N,N,\N,\N,N,JUNE,N,DELTA,DELTA,\N,N,N,N,LOWER MAINLAND,UNKNOWN,HWY 99,HWY 99,15:00-17:59,1,0
N,PROPERTY DAMAGE ONLY,\N,N,2023,SUNDAY,SINGLE VEHICLE,N,N,\N,\N,N,JUNE,N,DELTA,DELTA,\N,N,Y,N,LOWER MAINLAND,UNKNOWN,NORDEL WAY,NORDEL WAY,15:00-17:59,1,0
N,PROPERTY DAMAGE ONLY,\N,N,2023,SUNDAY,SINGLE VEHICLE,N,N,\N,\N,N,JUNE,N,FORT ST. JOHN,FORT ST. JOHN,\N,N,Y,N,NORTH CENTRAL,UNKNOWN,UNKNOWN,UNKNOWN,15:00-17:59,1,0
N,PROPERTY DAMAGE ONLY,\N,N,2023,SUNDAY,SINGLE VEHICLE,N,N,\N,\N,N,JUNE,N,KAMLOOPS,KAMLOOPS,\N,N,Y,N,SOUTHERN INTERIOR,UNKNOWN,ST PAUL,ST PAUL,15:00-17:59,1,0
N,PROPERTY DAMAGE ONLY,\N,N,2023,SUNDAY,SINGLE VEHICLE,N,N,\N,\N,N,JUNE,N,LILLOOET,LILLOOET,\N,N,N,N,SOUTHERN INTERIOR,UNKNOWN,HWY 40,HWY 40,15:00-17:59,1,0
N,PROPERTY DAMAGE ONLY,\N,N,2023,SUNDAY,SINGLE VEHICLE,N,N,\N,\N,N,JUNE,N,NANAIMO,NANAIMO,\N,N,N,N,VANCOUVER ISLAND,UNKNOWN,HWY 19,HWY 19,15:00-17:59,1,0
N,PROPERTY DAMAGE ONLY,\N,N,2023,SUNDAY,SINGLE VEHICLE,N,N,\N,\N,N,JUNE,N,NANAIMO,NANAIMO,\N,N,Y,N,VANCOUVER ISLAND,UNKNOWN,LCARUS DRIVE,LCARUS DRIVE,15:00-17:59,1,0
N,PROPERTY DAMAGE ONLY,\N,N,2023,SUNDAY,SINGLE VEHICLE,N,N,\N,\N,N,JUNE,N,NANAIMO,NANAIMO,\N,N,Y,N,VANCOUVER ISLAND,UNKNOWN,WEIGLES RD,WEIGLES RD,15:00-17:59,1,0
N,PROPERTY DAMAGE ONLY,\N,N,2023,SUNDAY,SINGLE VEHICLE,N,N,\N,\N,N,JUNE,N,PITT MEADOWS,PITT MEADOWS,\N,N,N,N,LOWER MAINLAND,UNKNOWN,MEADOW GARDENS WAY,MEADOW GARDENS WAY,15:00-17:59,1,0
N,PROPERTY DAMAGE ONLY,\N,N,2023,SUNDAY,SINGLE VEHICLE,N,N,\N,\N,N,JUNE,N,PRINCE GEORGE,PRINCE GEORGE,\N,N,N,N,NORTH CENTRAL,UNKNOWN,NESS LAKE RD,NESS LAKE RD,15:00-17:59,1,0
N,PROPERTY DAMAGE ONLY,\N,N,2023,SUNDAY,SINGLE VEHICLE,N,N,\N,\N,N,JUNE,N,RICHMOND,RICHMOND,\N,N,N,N,LOWER MAINLAND,UNKNOWN,HOLLYBRIDGE WAY,HOLLYBRIDGE WAY,15:00-17:59,1,0
N,PROPERTY DAMAGE ONLY,\N,N,2023,SUNDAY,SINGLE VEHICLE,N,N,\N,\N,N,JUNE,N,RICHMOND,RICHMOND,\N,N,N,N,LOWER MAINLAND,UNKNOWN,JACOMBS RD,JACOMBS RD,15:00-17:59,1,0
N,PROPERTY DAMAGE ONLY,\N,N,2023,SUNDAY,SINGLE VEHICLE,N,N,\N,\N,N,JUNE,N,SQUAMISH,SQUAMISH,\N,N,N,N,LOWER MAINLAND,UNKNOWN,SQUAMISH VALLEY RD,SQUAMISH VALLEY RD,15:00-17:59,1,0
N,PROPERTY DAMAGE ONLY,\N,N,2023,SUNDAY,SINGLE VEHICLE,N,N,\N,\N,N,JUNE,N,UNKNOWN,UNKNOWN,\N,N,N,N,UNKNOWN,UNKNOWN,HWY 97,HWY 97,15:00-17:59,1,0
N,PROPERTY DAMAGE ONLY,\N,N,2023,SUNDAY,SINGLE VEHICLE,N,N,\N,\N,N,JUNE,N,UNKNOWN,UNKNOWN,\N,N,Y,N,UNKNOWN,UNKNOWN,LADNER TRUNCK ROAD,LADNER TRUNCK ROAD,15:00-17:59,1,0
N,PROPERTY DAMAGE ONLY,\N,N,2023,SUNDAY,SINGLE VEHICLE,N,N,\N,\N,N,JUNE,N,VANCOUVER,VANCOUVER,\N,Y,N,N,LOWER MAINLAND,UNKNOWN,WEST 4TH AVE,WEST 4TH AVE,15:00-17:59,1,0
N,PROPERTY DAMAGE ONLY,\N,N,2023,SUNDAY,SINGLE VEHICLE,N,N,\N,\N,N,JUNE,N,VERNON,VERNON,\N,N,N,N,SOUTHERN INTERIOR,UNKNOWN,HEADGATES ROAD,HEADGATES ROAD,15:00-17:59,1,0
N,PROPERTY DAMAGE ONLY,\N,N,2023,SUNDAY,SINGLE VEHICLE,N,N,\N,\N,N,JUNE,N,VICTORIA,VICTORIA,\N,N,N,N,VANCOUVER ISLAND,UNKNOWN,ST PATRICK,ST PATRICK,15:00-17:59,1,0
N,PROPERTY DAMAGE ONLY,\N,N,2023,SUNDAY,SINGLE VEHICLE,N,N,\N,\N,N,JUNE,N,VICTORIA,VICTORIA,\N,N,Y,N,VANCOUVER ISLAND,UNKNOWN,ELK LAKE DRIVE,ELK LAKE DRIVE,15:00-17:59,1,0
N,PROPERTY DAMAGE ONLY,\N,N,2023,SUNDAY,SINGLE VEHICLE,N,N,48.421852,-123.365622,Y,JUNE,N,VICTORIA,VICTORIA,VICTORIA,N,Y,N,VANCOUVER ISLAND,HUMBOLDT ST # 000700 TO 000739,HUMBOLDT ST,HUMBOLDT ST,15:00-17:59,1,0
N,PROPERTY DAMAGE ONLY,\N,N,2023,SUNDAY,SINGLE VEHICLE,N,N,48.450059,-123.504231,Y,JUNE,N,LANGFORD,LANGFORD,LANGFORD,N,Y,N,VANCOUVER ISLAND,GOLDSTREAM AVE # 000860 TO 000879,GOLDSTREAM AVE,GOLDSTREAM AVE,15:00-17:59,1,0
N,PROPERTY DAMAGE ONLY,\N,N,2023,SUNDAY,SINGLE VEHICLE,N,N,49.0269,-122.809449,Y,JUNE,N,WHITE ROCK,WHITE ROCK,WHITE ROCK,N,N,N,LOWER MAINLAND,EVERALL ST # 001310 TO 001399,EVERALL ST,EVERALL ST,15:00-17:59,1,0
N,PROPERTY DAMAGE ONLY,\N,N,2023,SUNDAY,SINGLE VEHICLE,N,N,49.02762,-122.810812,Y,JUNE,N,WHITE ROCK,WHITE ROCK,WHITE ROCK,N,Y,N,LOWER MAINLAND,THRIFT AVE # 014800 TO 014899,THRIFT AVE,THRIFT AVE,15:00-17:59,1,0
N,PROPERTY DAMAGE ONLY,\N,N,2023,SUNDAY,SINGLE VEHICLE,N,N,49.046526,-122.239424,Y,JUNE,N,ABBOTSFORD,ABBOTSFORD,ABBOTSFORD,N,N,N,LOWER MAINLAND,JONQUIL CRT # 002400 TO 002499,JONQUIL CRT,JONQUIL CRT,15:00-17:59,1,0
N,PROPERTY DAMAGE ONLY,\N,N,2023,SUNDAY,SINGLE VEHICLE,N,N,49.12775,-122.683021,Y,JUNE,N,SURREY,SURREY,SURREY,N,N,N,LOWER MAINLAND,68A AVE # 019450 TO 019505,68A AVE,68A AVE,15:00-17:59,1,0
N,PROPERTY DAMAGE ONLY,\N,N,2023,SUNDAY,SINGLE VEHICLE,N,N,49.132223,-123.092112,Y,JUNE,N,RICHMOND,RICHMOND,RICHMOND,N,Y,N,LOWER MAINLAND,NO 5 RD # 011000 TO 011249,NO 5 RD,NO 5 RD,15:00-17:59,1,0
N,PROPERTY DAMAGE ONLY,\N,N,2023,SUNDAY,SINGLE VEHICLE,N,N,49.136764,-121.958914,Y,JUNE,N,CHILLIWACK,CHILLIWACK,CHILLIWACK,N,N,N,LOWER MAINLAND,VEDDER RD # 007400 TO 007449,VEDDER RD,VEDDER RD,15:00-17:59,1,0
N,PROPERTY DAMAGE ONLY,\N,N,2023,SUNDAY,SINGLE VEHICLE,N,N,49.140515,-121.97187,Y,JUNE,N,CHILLIWACK,CHILLIWACK,CHILLIWACK,N,N,N,LOWER MAINLAND,DIAMOND CRES # 007600 TO 007669,DIAMOND CRES,DIAMOND CRES,15:00-17:59,1,0
N,PROPERTY DAMAGE ONLY,\N,N,2023,SUNDAY,SINGLE VEHICLE,N,N,49.145246,-122.89037,Y,JUNE,N,DELTA,DELTA,DELTA & SURREY,N,Y,N,LOWER MAINLAND,120 ST # 007708 TO 007947,120 ST,120 ST,15:00-17:59,1,0
N,PROPERTY DAMAGE ONLY,\N,N,2023,SUNDAY,SINGLE VEHICLE,N,N,49.147179,-122.848646,Y,JUNE,Y,SURREY,SURREY,SURREY,N,N,N,LOWER MAINLAND,79A AVE # 013450 TO 013549,79A AVE,79A AVE,15:00-17:59,1,0
N,PROPERTY DAMAGE ONLY,\N,N,2023,SUNDAY,SINGLE VEHICLE,N,N,49.150004,-123.080613,Y,JUNE,N,RICHMOND,RICHMOND,RICHMOND,N,N,N,LOWER MAINLAND,SIDAWAY RD # 008300 TO 009663,SIDAWAY RD,SIDAWAY RD,15:00-17:59,1,0
N,PROPERTY DAMAGE ONLY,\N,N,2023,SUNDAY,SINGLE VEHICLE,N,N,49.150376,-123.702256,Y,JUNE,N,GABRIOLA ISLAND,GABRIOLA ISLAND,GABRIOLA ISLAND,N,N,N,VANCOUVER ISLAND,SOUTH RD # 003300 TO 003449,SOUTH RD,SOUTH RD,15:00-17:59,1,0
N,PROPERTY DAMAGE ONLY,\N,N,2023,SUNDAY,SINGLE VEHICLE,N,N,49.162901,-122.825568,Y,JUNE,N,SURREY,SURREY,SURREY,N,N,N,LOWER MAINLAND,88 AVE # 014241 TO 014369 odd,88 AVE,88 AVE,15:00-17:59,1,0
N,PROPERTY DAMAGE ONLY,\N,N,2023,SUNDAY,SINGLE VEHICLE,N,N,49.167054,-121.958459,Y,JUNE,N,CHILLIWACK,CHILLIWACK,CHILLIWACK,N,N,N,LOWER MAINLAND,YALE RD # 045900 TO 045939,YALE RD,YALE RD,15:00-17:59,1,0
N,PROPERTY DAMAGE ONLY,\N,N,2023,SUNDAY,SINGLE VEHICLE,N,N,49.169212,-122.108944,Y,JUNE,N,DEROCHE,DEROCHE,DEROCHE,N,N,N,LOWER MAINLAND,LOUGHEED HWY # 040100 TO 040699,LOUGHEED HWY,LOUGHEED HWY,15:00-17:59,1,0
N,PROPERTY DAMAGE ONLY,\N,N,2023,SUNDAY,SINGLE VEHICLE,N,N,49.17023,-123.141491,Y,JUNE,N,RICHMOND,RICHMOND,RICHMOND,N,N,N,LOWER MAINLAND,WESTMINSTER HWY # 007501 TO 007599 odd,WESTMINSTER HWY,WESTMINSTER HWY,15:00-17:59,1,0
N,PROPERTY DAMAGE ONLY,\N,N,2023,SUNDAY,SINGLE VEHICLE,N,N,49.171144,-123.144626,Y,JUNE,N,RICHMOND,RICHMOND,RICHMOND,N,Y,N,LOWER MAINLAND,ALDERBRIDGE WAY # 005900 TO 006999,ALDERBRIDGE WAY,ALDERBRIDGE WAY,15:00-17:59,1,0
N,PROPERTY DAMAGE ONLY,\N,N,2023,SUNDAY,SINGLE VEHICLE,N,N,49.177006,-122.708656,Y,JUNE,N,SURREY,SURREY,SURREY,N,Y,N,LOWER MAINLAND,96 AVE # 018510 TO 018599,96 AVE,96 AVE,15:00-17:59,1,0
N,PROPERTY DAMAGE ONLY,\N,N,2023,SUNDAY,SINGLE VEHICLE,N,N,49.183572,-123.125837,Y,JUNE,N,RICHMOND,RICHMOND,RICHMOND,N,N,N,LOWER MAINLAND,MCKIM WAY # 008700 TO 008799,MCKIM WAY,MCKIM WAY,15:00-17:59,1,0
N,PROPERTY DAMAGE ONLY,\N,N,2023,SUNDAY,SINGLE VEHICLE,N,N,49.186708,-122.953873,Y,JUNE,N,NEW WESTMINSTER,NEW WESTMINSTER,NEW WESTMINSTER,N,Y,N,LOWER MAINLAND,GIFFORD ST # 000350 TO 000391,GIFFORD ST,GIFFORD ST,15:00-17:59,1,0
N,PROPERTY DAMAGE ONLY,\N,N,2023,SUNDAY,SINGLE VEHICLE,N,N,49.213196,-123.116546,Y,JUNE,N,VANCOUVER,VANCOUVER,VANCOUVER,N,Y,N,LOWER MAINLAND,W 63RD AVE # 000466 TO 000499,W 63RD AVE,W 63RD AVE,15:00-17:59,1,0
N,PROPERTY DAMAGE ONLY,\N,N,2023,SUNDAY,SINGLE VEHICLE,N,N,49.222376,-122.944227,Y,JUNE,N,BURNABY,BURNABY,BURNABY,N,N,N,LOWER MAINLAND,EDMONDS ST # 007500 TO 007595,EDMONDS ST,EDMONDS ST,15:00-17:59,1,0
N,PROPERTY DAMAGE ONLY,\N,N,2023,SUNDAY,SINGLE VEHICLE,N,N,49.222838,-122.966216,Y,JUNE,N,BURNABY,BURNABY,BURNABY,N,N,N,LOWER MAINLAND,EMPRESS AVE # 006600 TO 006799,EMPRESS AVE,EMPRESS AVE,15:00-17:59,1,0
N,PROPERTY DAMAGE ONLY,\N,N,2023,SUNDAY,SINGLE VEHICLE,N,N,49.22738,-123.00506,Y,JUNE,N,BURNABY,BURNABY,BURNABY,N,Y,N,LOWER MAINLAND,MCKAY AVE # 006200 TO 006299,MCKAY AVE,MCKAY AVE,15:00-17:59,1,0
N,PROPERTY DAMAGE ONLY,\N,N,2023,SUNDAY,SINGLE VEHICLE,N,N,49.231221,-122.694119,Y,JUNE,N,PITT MEADOWS,PITT MEADOWS,PITT MEADOWS,N,Y,N,LOWER MAINLAND,190A ST # 012570 TO 012655,190A ST,190A ST,15:00-17:59,1,0
N,PROPERTY DAMAGE ONLY,\N,N,2023,SUNDAY,SINGLE VEHICLE,N,N,49.235596,-122.867121,Y,JUNE,N,COQUITLAM,COQUITLAM,COQUITLAM,N,Y,N,LOWER MAINLAND,LOUGHEED HWY # 000960 TO 001000 even,LOUGHEED HWY,LOUGHEED HWY,15:00-17:59,1,0
N,PROPERTY DAMAGE ONLY,\N,N,2023,SUNDAY,SINGLE VEHICLE,N,N,49.257745,-122.914428,Y,JUNE,N,BURNABY,BURNABY,BURNABY,N,Y,N,LOWER MAINLAND,EASTLAKE DR # 008500 TO 008651,EASTLAKE DR,EASTLAKE DR,15:00-17:59,1,0
N,PROPERTY DAMAGE ONLY,\N,N,2023,SUNDAY,SINGLE VEHICLE,N,N,49.259804,-123.069842,Y,JUNE,N,VANCOUVER,VANCOUVER,VANCOUVER,N,Y,N,LOWER MAINLAND,COMMERCIAL DR # 002750 TO 002799,COMMERCIAL DR,COMMERCIAL DR,15:00-17:59,1,0
N,PROPERTY DAMAGE ONLY,\N,N,2023,SUNDAY,SINGLE VEHICLE,N,N,49.26088,-122.776957,Y,JUNE,N,PORT COQUITLAM,PORT COQUITLAM,PORT COQUITLAM,N,Y,N,LOWER MAINLAND,WILSON AVE # 002100 TO 002199,WILSON AVE,WILSON AVE,15:00-17:59,1,0
N,PROPERTY DAMAGE ONLY,\N,N,2023,SUNDAY,SINGLE VEHICLE,N,N,49.260909,-122.995543,Y,JUNE,N,BURNABY,BURNABY,BURNABY,N,Y,N,LOWER MAINLAND,STILL CREEK DR # 004800 TO 004887,STILL CREEK DR,STILL CREEK DR,15:00-17:59,1,0
N,PROPERTY DAMAGE ONLY,\N,N,2023,SUNDAY,SINGLE VEHICLE,N,N,49.263809,-122.950754,Y,JUNE,N,BURNABY,BURNABY,BURNABY,N,N,N,LOWER MAINLAND,MONTECITO DR # 007270 TO 007349,MONTECITO DR,MONTECITO DR,15:00-17:59,1,0
N,PROPERTY DAMAGE ONLY,\N,N,2023,SUNDAY,SINGLE VEHICLE,N,N,49.263998,-122.781239,Y,JUNE,N,PORT COQUITLAM,PORT COQUITLAM,PORT COQUITLAM,N,Y,N,LOWER MAINLAND,ELGIN AVE # 002300 TO 002379,ELGIN AVE,ELGIN AVE,15:00-17:59,1,0
N,PROPERTY DAMAGE ONLY,\N,N,2023,SUNDAY,SINGLE VEHICLE,N,N,49.265899,-123.236223,Y,JUNE,N,UBC,UBC,UBC,N,Y,N,LOWER MAINLAND,UNIVERSITY BLVD # 005340 TO 005398 even,UNIVERSITY BLVD,UNIVERSITY BLVD,15:00-17:59,1,0
N,PROPERTY DAMAGE ONLY,\N,N,2023,SUNDAY,SINGLE VEHICLE,N,N,49.266513,-123.105721,Y,JUNE,N,VANCOUVER,VANCOUVER,VANCOUVER,N,Y,N,LOWER MAINLAND,W 5TH AVE # 000000 TO 000099,W 5TH AVE,W 5TH AVE,15:00-17:59,1,0
N,PROPERTY DAMAGE ONLY,\N,N,2023,SUNDAY,SINGLE VEHICLE,N,N,49.269297,-123.108033,Y,JUNE,N,VANCOUVER,VANCOUVER,VANCOUVER,N,Y,N,LOWER MAINLAND,W 2ND AVE # 000100 TO 000199,W 2ND AVE,W 2ND AVE,15:00-17:59,1,0
N,PROPERTY DAMAGE ONLY,\N,N,2023,SUNDAY,SINGLE VEHICLE,N,N,49.27042,-123.086369,Y,JUNE,N,VANCOUVER,VANCOUVER,VANCOUVER,N,N,N,LOWER MAINLAND,TERMINAL AVE # 000750 TO 000838 even,TERMINAL AVE,TERMINAL AVE,15:00-17:59,1,0
N,PROPERTY DAMAGE ONLY,\N,N,2023,SUNDAY,SINGLE VEHICLE,N,N,49.274413,-122.792884,Y,JUNE,N,COQUITLAM,COQUITLAM,COQUITLAM,N,Y,N,LOWER MAINLAND,LOUGHEED HWY # 002988 TO 003098 even,LOUGHEED HWY,LOUGHEED HWY,15:00-17:59,1,0
N,PROPERTY DAMAGE ONLY,\N,N,2023,SUNDAY,SINGLE VEHICLE,N,N,49.276164,-122.82811,Y,JUNE,N,PORT MOODY,PORT MOODY,PORT MOODY,N,Y,N,LOWER MAINLAND,DEWDNEY TRUNK RD # 003300 TO 003329,DEWDNEY TRUNK RD,DEWDNEY TRUNK RD,15:00-17:59,1,0
N,PROPERTY DAMAGE ONLY,\N,N,2023,SUNDAY,SINGLE VEHICLE,N,N,49.27743,-123.027822,Y,JUNE,N,VANCOUVER,VANCOUVER,VANCOUVER,N,N,N,LOWER MAINLAND,ADANAC ST # 003500 TO 003550,ADANAC ST,ADANAC ST,15:00-17:59,1,0
N,PROPERTY DAMAGE ONLY,\N,N,2023,SUNDAY,SINGLE VEHICLE,N,N,49.278783,-122.781375,Y,JUNE,N,COQUITLAM,COQUITLAM,COQUITLAM,N,Y,N,LOWER MAINLAND,LINCOLN AVE # 003100 TO 003100 even,LINCOLN AVE,LINCOLN AVE,15:00-17:59,1,0
N,PROPERTY DAMAGE ONLY,\N,N,2023,SUNDAY,SINGLE VEHICLE,N,N,49.278832,-122.833336,Y,JUNE,N,PORT MOODY,PORT MOODY,PORT MOODY,N,Y,N,LOWER MAINLAND,NOOTKA WAY # 000634 TO 000669,NOOTKA WAY,NOOTKA WAY,15:00-17:59,1,0
N,PROPERTY DAMAGE ONLY,\N,N,2023,SUNDAY,SINGLE VEHICLE,N,N,49.279862,-122.828356,Y,JUNE,N,PORT MOODY,PORT MOODY,PORT MOODY,N,Y,N,LOWER MAINLAND,BREW ST # 000100 TO 000199,BREW ST,BREW ST,15:00-17:59,1,0
N,PROPERTY DAMAGE ONLY,\N,N,2023,SUNDAY,SINGLE VEHICLE,N,N,49.280361,-122.784299,Y,JUNE,N,COQUITLAM,COQUITLAM,COQUITLAM,N,Y,N,LOWER MAINLAND,KENSAL PL # 001140 TO 001159,KENSAL PL,KENSAL PL,15:00-17:59,1,0
N,PROPERTY DAMAGE ONLY,\N,N,2023,SUNDAY,SINGLE VEHICLE,N,N,49.280958,-124.246474,Y,JUNE,N,NANOOSE BAY,NANOOSE BAY,NANOOSE BAY,Y,N,N,VANCOUVER ISLAND,ISLAND HWY E # 001451 TO 001589 odd,ISLAND HWY E,ISLAND HWY E,15:00-17:59,1,0
N,PROPERTY DAMAGE ONLY,\N,N,2023,SUNDAY,SINGLE VEHICLE,N,N,49.283131,-122.789174,Y,JUNE,N,COQUITLAM,COQUITLAM,COQUITLAM,N,Y,N,LOWER MAINLAND,PRIMROSE LANE # 003050 TO 003099,PRIMROSE LANE,PRIMROSE LANE,15:00-17:59,1,0
N,PROPERTY DAMAGE ONLY,\N,N,2023,SUNDAY,SINGLE VEHICLE,N,N,49.28522,-123.044028,Y,JUNE,N,VANCOUVER,VANCOUVER,VANCOUVER,N,Y,N,LOWER MAINLAND,N RENFREW ST # 000000 TO 000099,N RENFREW ST,N RENFREW ST,15:00-17:59,1,0
N,PROPERTY DAMAGE ONLY,\N,N,2023,SUNDAY,SINGLE VEHICLE,N,N,49.306146,-123.035565,Y,JUNE,N,NORTH VANCOUVER,NORTH VANCOUVER,NORTH VANCOUVER,N,Y,N,LOWER MAINLAND,MAIN ST # 001340 TO 001399,MAIN ST,MAIN ST,15:00-17:59,1,0
N,PROPERTY DAMAGE ONLY,\N,N,2023,SUNDAY,SINGLE VEHICLE,N,N,49.307315,-117.658832,Y,JUNE,N,CASTLEGAR,CASTLEGAR,CASTLEGAR,N,Y,N,SOUTHERN INTERIOR,COLUMBIA AVE # 001439 TO 001499 odd,COLUMBIA AVE,COLUMBIA AVE,15:00-17:59,1,0
N,PROPERTY DAMAGE ONLY,\N,N,2023,SUNDAY,SINGLE VEHICLE,N,N,49.307649,-122.970176,Y,JUNE,N,NORTH VANCOUVER,NORTH VANCOUVER,NORTH VANCOUVER,N,Y,N,LOWER MAINLAND,ALDERCREST DR # 003600 TO 003639,ALDERCREST DR,ALDERCREST DR,15:00-17:59,1,0
N,PROPERTY DAMAGE ONLY,\N,N,2023,SUNDAY,SINGLE VEHICLE,N,N,49.310805,-123.081107,Y,JUNE,N,NORTH VANCOUVER,NORTH VANCOUVER,NORTH VANCOUVER,N,Y,N,LOWER MAINLAND,CARRIE CATES CRT # 000113 TO 000149,CARRIE CATES CRT,CARRIE CATES CRT,15:00-17:59,1,0
N,PROPERTY DAMAGE ONLY,\N,N,2023,SUNDAY,SINGLE VEHICLE,N,N,49.31995,-123.070813,Y,JUNE,N,NORTH VANCOUVER,NORTH VANCOUVER,NORTH VANCOUVER,N,Y,N,LOWER MAINLAND,E 13TH ST # 000100 TO 000199,E 13TH ST,E 13TH ST,15:00-17:59,1,0
N,PROPERTY DAMAGE ONLY,\N,N,2023,SUNDAY,SINGLE VEHICLE,N,N,49.327222,-123.027509,Y,JUNE,N,NORTH VANCOUVER,NORTH VANCOUVER,NORTH VANCOUVER,N,N,N,LOWER MAINLAND,HOSKINS RD # 002000 TO 002119,HOSKINS RD,HOSKINS RD,15:00-17:59,1,0
N,PROPERTY DAMAGE ONLY,\N,N,2023,SUNDAY,SINGLE VEHICLE,N,N,49.336603,-123.093892,Y,JUNE,N,NORTH VANCOUVER,NORTH VANCOUVER,NORTH VANCOUVER,N,Y,N,LOWER MAINLAND,W QUEENS RD # 000850 TO 000869,W QUEENS RD,W QUEENS RD,15:00-17:59,1,0
N,PROPERTY DAMAGE ONLY,\N,N,2023,SUNDAY,SINGLE VEHICLE,N,N,49.337587,-123.038184,Y,JUNE,N,NORTH VANCOUVER,NORTH VANCOUVER,NORTH VANCOUVER,N,Y,N,LOWER MAINLAND,MOUNTAIN HWY # 003100 TO 003199,MOUNTAIN HWY,MOUNTAIN HWY,15:00-17:59,1,0
N,PROPERTY DAMAGE ONLY,\N,N,2023,SUNDAY,SINGLE VEHICLE,N,N,49.366009,-124.518456,Y,JUNE,N,QUALICUM BEACH,QUALICUM BEACH,QUALICUM BEACH,N,N,N,VANCOUVER ISLAND,ISLAND HWY W # 004166 TO 004179,ISLAND HWY W,ISLAND HWY W,15:00-17:59,1,0
N,PROPERTY DAMAGE ONLY,\N,N,2023,SUNDAY,SINGLE VEHICLE,N,N,49.794475,-119.520266,Y,JUNE,N,KELOWNA,KELOWNA,KELOWNA,Y,N,N,SOUTHERN INTERIOR,QUILCHENA DR # 000350 TO 000369,QUILCHENA DR,QUILCHENA DR,15:00-17:59,1,0
N,PROPERTY DAMAGE ONLY,\N,N,2023,SUNDAY,SINGLE VEHICLE,N,N,49.842064,-119.603082,Y,JUNE,N,WEST KELOWNA,WEST KELOWNA,WEST KELOWNA,N,Y,N,SOUTHERN INTERIOR,MALLARD DR # 002060 TO 002074,MALLARD DR,MALLARD DR,15:00-17:59,1,0
N,PROPERTY DAMAGE ONLY,\N,N,2023,SUNDAY,SINGLE VEHICLE,N,N,49.884063,-119.495039,Y,JUNE,N,KELOWNA,KELOWNA,KELOWNA,N,Y,N,SOUTHERN INTERIOR,PANDOSY ST # 001653 TO 001699,PANDOSY ST,PANDOSY ST,15:00-17:59,1,0
N,PROPERTY DAMAGE ONLY,\N,N,2023,SUNDAY,SINGLE VEHICLE,N,N,49.890744,-119.496612,Y,JUNE,N,KELOWNA,KELOWNA,KELOWNA,N,Y,N,SOUTHERN INTERIOR,WATER ST # 001310 TO 001359,WATER ST,WATER ST,15:00-17:59,1,0
N,PROPERTY DAMAGE ONLY,\N,N,2023,SUNDAY,SINGLE VEHICLE,N,N,49.893309,-119.493532,Y,JUNE,N,KELOWNA,KELOWNA,KELOWNA,N,Y,N,SOUTHERN INTERIOR,ELLIS ST # 001200 TO 001248,ELLIS ST,ELLIS ST,15:00-17:59,1,0
N,PROPERTY DAMAGE ONLY,\N,N,2023,SUNDAY,SINGLE VEHICLE,N,N,49.951014,-119.383524,Y,JUNE,N,KELOWNA,KELOWNA,KELOWNA,Y,Y,N,SOUTHERN INTERIOR,AIRPORT WAY # 005531 TO 005535 odd,AIRPORT WAY,AIRPORT WAY,15:00-17:59,1,0
N,PROPERTY DAMAGE ONLY,\N,N,2023,SUNDAY,SINGLE VEHICLE,N,N,49.998557,-125.255163,Y,JUNE,N,CAMPBELL RIVER,CAMPBELL RIVER,CAMPBELL RIVER,N,N,N,VANCOUVER ISLAND,EDGEWOOD DR # 000500 TO 000599,EDGEWOOD DR,EDGEWOOD DR,15:00-17:59,1,0
N,PROPERTY DAMAGE ONLY,\N,N,2023,SUNDAY,SINGLE VEHICLE,N,N,50.07983,-123.041275,Y,JUNE,N,WHISTLER,WHISTLER,WHISTLER,N,Y,N,LOWER MAINLAND,LEGACY WAY # 001021 TO 001035,LEGACY WAY,LEGACY WAY,15:00-17:59,1,0
N,PROPERTY DAMAGE ONLY,\N,N,2023,SUNDAY,SINGLE VEHICLE,N,N,50.124445,-120.788562,Y,JUNE,N,MERRITT,MERRITT,MERRITT,N,N,N,SOUTHERN INTERIOR,PONDEROSA WAY # 001600 TO 001699,PONDEROSA WAY,PONDEROSA WAY,15:00-17:59,1,0
N,PROPERTY DAMAGE ONLY,\N,N,2023,SUNDAY,SINGLE VEHICLE,N,N,50.260845,-119.312135,Y,JUNE,N,VERNON,VERNON,VERNON,N,N,N,SOUTHERN INTERIOR,HERITAGE DR # 005701 TO 005709,HERITAGE DR,HERITAGE DR,15:00-17:59,1,0
N,PROPERTY DAMAGE ONLY,\N,N,2023,SUNDAY,UNDETERMINED,N,N,\N,\N,N,JUNE,N,ABBOTSFORD,ABBOTSFORD,\N,Y,Y,N,LOWER MAINLAND,UNKNOWN,MOUNT LEHMAN RD,MOUNT LEHMAN RD,15:00-17:59,1,0
N,PROPERTY DAMAGE ONLY,\N,N,2023,SUNDAY,UNDETERMINED,N,N,\N,\N,N,JUNE,N,CHILLIWACK,CHILLIWACK,\N,N,Y,N,LOWER MAINLAND,UNKNOWN,YALE RD,YALE RD,15:00-17:59,1,0
N,PROPERTY DAMAGE ONLY,\N,N,2023,SUNDAY,UNDETERMINED,N,N,\N,\N,N,JUNE,N,CHILLIWACK,CHILLIWACK,\N,Y,N,N,LOWER MAINLAND,UNKNOWN,CHILLIWACK LAKE RD,CHILLIWACK LAKE RD,15:00-17:59,1,0
N,PROPERTY DAMAGE ONLY,\N,N,2023,SUNDAY,UNDETERMINED,N,N,\N,\N,N,JUNE,N,COQUITLAM,COQUITLAM,\N,Y,N,N,LOWER MAINLAND,UNKNOWN,PITT RIVER RD,PITT RIVER RD,15:00-17:59,1,0
N,PROPERTY DAMAGE ONLY,\N,N,2023,SUNDAY,UNDETERMINED,N,N,\N,\N,N,JUNE,N,COQUITLAM,COQUITLAM,\N,Y,Y,N,LOWER MAINLAND,UNKNOWN,WOOLRIDGE STREET,WOOLRIDGE STREET,15:00-17:59,1,0
N,PROPERTY DAMAGE ONLY,\N,N,2023,SUNDAY,UNDETERMINED,N,N,\N,\N,N,JUNE,N,CRANBROOK,CRANBROOK,\N,N,Y,N,SOUTHERN INTERIOR,UNKNOWN,WILLOW BROOK DR,WILLOW BROOK DR,15:00-17:59,1,0
N,PROPERTY DAMAGE ONLY,\N,N,2023,SUNDAY,UNDETERMINED,N,N,\N,\N,N,JUNE,N,KAMLOOPS,KAMLOOPS,\N,Y,Y,N,SOUTHERN INTERIOR,UNKNOWN,POWWOW TRAIL,POWWOW TRAIL,15:00-17:59,1,0
N,PROPERTY DAMAGE ONLY,\N,N,2023,SUNDAY,UNDETERMINED,N,N,\N,\N,N,JUNE,N,LINDELL BEACH,LINDELL BEACH,\N,Y,N,N,LOWER MAINLAND,UNKNOWN,MAPLE FALLS RD,MAPLE FALLS RD,15:00-17:59,1,0
N,PROPERTY DAMAGE ONLY,\N,N,2023,SUNDAY,UNDETERMINED,N,N,\N,\N,N,JUNE,N,MAPLE RIDGE,MAPLE RIDGE,\N,Y,N,N,LOWER MAINLAND,UNKNOWN,232B ST,232B ST,15:00-17:59,1,0
N,PROPERTY DAMAGE ONLY,\N,N,2023,SUNDAY,UNDETERMINED,N,N,\N,\N,N,JUNE,N,PENTICTON,PENTICTON,\N,Y,N,N,SOUTHERN INTERIOR,UNKNOWN,S MAIN ST,S MAIN ST,15:00-17:59,1,0
N,PROPERTY DAMAGE ONLY,\N,N,2023,SUNDAY,UNDETERMINED,N,N,\N,\N,N,JUNE,N,PORT HARDY,PORT HARDY,\N,N,N,N,VANCOUVER ISLAND,UNKNOWN,GEORGIE LAKE ROAD,GEORGIE LAKE ROAD,15:00-17:59,1,0
N,PROPERTY DAMAGE ONLY,\N,N,2023,SUNDAY,UNDETERMINED,N,N,\N,\N,N,JUNE,N,PORT MOODY,PORT MOODY,\N,Y,N,N,LOWER MAINLAND,UNKNOWN,WHITE PINE BEACH RD,WHITE PINE BEACH RD,15:00-17:59,1,0
N,PROPERTY DAMAGE ONLY,\N,N,2023,SUNDAY,UNDETERMINED,N,N,\N,\N,N,JUNE,N,PRINCE GEORGE,PRINCE GEORGE,\N,N,N,N,NORTH CENTRAL,UNKNOWN,FRASER-FORT GEORGE,FRASER-FORT GEORGE,15:00-17:59,1,0
N,PROPERTY DAMAGE ONLY,\N,N,2023,SUNDAY,UNDETERMINED,N,N,\N,\N,N,JUNE,N,PRINCE GEORGE,PRINCE GEORGE,\N,N,Y,N,NORTH CENTRAL,UNKNOWN,VANCE,VANCE,15:00-17:59,1,0
N,PROPERTY DAMAGE ONLY,\N,N,2023,SUNDAY,UNDETERMINED,N,N,\N,\N,N,JUNE,N,QUALICUM BEACH,QUALICUM BEACH,\N,N,N,N,VANCOUVER ISLAND,UNKNOWN,HWY 19A,HWY 19A,15:00-17:59,1,0
N,PROPERTY DAMAGE ONLY,\N,N,2023,SUNDAY,UNDETERMINED,N,N,\N,\N,N,JUNE,N,REVELSTOKE,REVELSTOKE,\N,N,N,N,SOUTHERN INTERIOR,UNKNOWN,SUGAR LAKE RD,SUGAR LAKE RD,15:00-17:59,1,0
N,PROPERTY DAMAGE ONLY,\N,N,2023,SUNDAY,UNDETERMINED,N,N,\N,\N,N,JUNE,N,RICHMOND,RICHMOND,\N,Y,N,N,LOWER MAINLAND,UNKNOWN,UNKNOWN,UNKNOWN,15:00-17:59,1,0
N,PROPERTY DAMAGE ONLY,\N,N,2023,SUNDAY,UNDETERMINED,N,N,\N,\N,N,JUNE,N,SANDSPIT,SANDSPIT,\N,N,N,N,NORTH CENTRAL,UNKNOWN,COPPER BAY RD,COPPER BAY RD,15:00-17:59,1,0
N,PROPERTY DAMAGE ONLY,\N,N,2023,SUNDAY,UNDETERMINED,N,N,\N,\N,N,JUNE,N,SQUAMISH,SQUAMISH,\N,Y,N,N,LOWER MAINLAND,UNKNOWN,HWY 99,HWY 99,15:00-17:59,1,0
N,PROPERTY DAMAGE ONLY,\N,N,2023,SUNDAY,UNDETERMINED,N,N,\N,\N,N,JUNE,N,SURREY,SURREY,\N,Y,Y,N,LOWER MAINLAND,UNKNOWN,48 AVE,48 AVE,15:00-17:59,1,0
N,PROPERTY DAMAGE ONLY,\N,N,2023,SUNDAY,UNDETERMINED,N,N,\N,\N,N,JUNE,N,UNKNOWN,UNKNOWN,\N,Y,Y,N,UNKNOWN,UNKNOWN,U/K,U/K,15:00-17:59,1,0
N,PROPERTY DAMAGE ONLY,\N,N,2023,SUNDAY,UNDETERMINED,N,N,\N,\N,N,JUNE,N,UNKNOWN,UNKNOWN,\N,Y,Y,N,UNKNOWN,UNKNOWN,UNKNOWN,UNKNOWN,15:00-17:59,1,0
N,PROPERTY DAMAGE ONLY,\N,N,2023,SUNDAY,UNDETERMINED,N,N,\N,\N,N,JUNE,N,VANCOUVER,VANCOUVER,\N,N,N,N,LOWER MAINLAND,UNKNOWN,COMMERCIAL DR,COMMERCIAL DR,15:00-17:59,1,0
N,PROPERTY DAMAGE ONLY,\N,N,2023,SUNDAY,UNDETERMINED,N,N,\N,\N,N,JUNE,N,WEST VANCOUVER,WEST VANCOUVER,\N,Y,Y,N,LOWER MAINLAND,UNKNOWN,PARK ROYAL NORTH,PARK ROYAL NORTH,15:00-17:59,1,0
N,PROPERTY DAMAGE ONLY,\N,N,2023,SUNDAY,UNDETERMINED,N,N,48.423176,-123.3159,Y,JUNE,N,OAK BAY,OAK BAY,OAK BAY,Y,N,N,VANCOUVER ISLAND,HAMPSHIRE RD # 001144 TO 001265,HAMPSHIRE RD,HAMPSHIRE RD,15:00-17:59,1,0
N,PROPERTY DAMAGE ONLY,\N,N,2023,SUNDAY,UNDETERMINED,N,N,48.433704,-123.396356,Y,JUNE,N,ESQUIMALT,ESQUIMALT,ESQUIMALT,Y,Y,N,VANCOUVER ISLAND,VIEWFIELD RD # 000800 TO 000879,VIEWFIELD RD,VIEWFIELD RD,15:00-17:59,1,0
N,PROPERTY DAMAGE ONLY,\N,N,2023,SUNDAY,UNDETERMINED,N,N,48.44164,-123.510888,Y,JUNE,N,LANGFORD,LANGFORD,LANGFORD,Y,Y,N,VANCOUVER ISLAND,JACKLIN RD # 002937 TO 002979,JACKLIN RD,JACKLIN RD,15:00-17:59,1,0
N,PROPERTY DAMAGE ONLY,\N,N,2023,SUNDAY,UNDETERMINED,N,N,48.444833,-123.383996,Y,JUNE,N,VICTORIA,VICTORIA,VICTORIA,Y,N,N,VANCOUVER ISLAND,ALBANY ST # 003000 TO 003099,ALBANY ST,ALBANY ST,15:00-17:59,1,0
N,PROPERTY DAMAGE ONLY,\N,N,2023,SUNDAY,UNDETERMINED,N,N,49.01035,-119.456514,Y,JUNE,N,OSOYOOS,OSOYOOS,OSOYOOS,N,Y,N,SOUTHERN INTERIOR,85TH ST # 002600 TO 002699,85TH ST,85TH ST,15:00-17:59,1,0
N,PROPERTY DAMAGE ONLY,\N,N,2023,SUNDAY,UNDETERMINED,N,N,49.016652,-123.084567,Y,JUNE,N,DELTA,DELTA,DELTA,Y,N,N,LOWER MAINLAND,UNDERHILL DR # 000731 TO 000779,UNDERHILL DR,UNDERHILL DR,15:00-17:59,1,0
N,PROPERTY DAMAGE ONLY,\N,N,2023,SUNDAY,UNDETERMINED,N,N,49.031413,-119.463262,Y,JUNE,N,OSOYOOS,OSOYOOS,OSOYOOS,Y,Y,N,SOUTHERN INTERIOR,MAIN ST # 008130 TO 008139,MAIN ST,MAIN ST,15:00-17:59,1,0
N,PROPERTY DAMAGE ONLY,\N,N,2023,SUNDAY,UNDETERMINED,N,N,49.034152,-122.26231,Y,JUNE,N,ABBOTSFORD,ABBOTSFORD,ABBOTSFORD,Y,Y,N,LOWER MAINLAND,DELAIR RD # 034600 TO 034909,DELAIR RD,DELAIR RD,15:00-17:59,1,0
N,PROPERTY DAMAGE ONLY,\N,N,2023,SUNDAY,UNDETERMINED,N,N,49.037462,-122.801122,Y,JUNE,N,SURREY,SURREY,SURREY,Y,Y,N,LOWER MAINLAND,152 ST # 001900 TO 001998 even,152 ST,152 ST,15:00-17:59,1,0
N,PROPERTY DAMAGE ONLY,\N,N,2023,SUNDAY,UNDETERMINED,N,N,49.039403,-122.758182,Y,JUNE,N,SURREY,SURREY,SURREY,Y,N,N,LOWER MAINLAND,20A AVE # 016744 TO 016794,20A AVE,20A AVE,15:00-17:59,1,0
N,PROPERTY DAMAGE ONLY,\N,N,2023,SUNDAY,UNDETERMINED,N,N,49.044479,-122.779184,Y,JUNE,N,SURREY,SURREY,SURREY,Y,Y,N,LOWER MAINLAND,160 ST # 002270 TO 002398 even,160 ST,160 ST,15:00-17:59,1,0
N,PROPERTY DAMAGE ONLY,\N,N,2023,SUNDAY,UNDETERMINED,N,N,49.046157,-122.347578,Y,JUNE,N,ABBOTSFORD,ABBOTSFORD,ABBOTSFORD,N,Y,N,LOWER MAINLAND,SOUTH FRASER WAY # 031579 TO 031679,SOUTH FRASER WAY,SOUTH FRASER WAY,15:00-17:59,1,0
N,PROPERTY DAMAGE ONLY,\N,N,2023,SUNDAY,UNDETERMINED,N,N,49.047019,-122.786299,Y,JUNE,N,SURREY,SURREY,SURREY,Y,Y,N,LOWER MAINLAND,CROYDON DR # 015700 TO 015769,CROYDON DR,CROYDON DR,15:00-17:59,1,0
N,PROPERTY DAMAGE ONLY,\N,N,2023,SUNDAY,UNDETERMINED,N,N,49.050936,-122.312534,Y,JUNE,N,ABBOTSFORD,ABBOTSFORD,ABBOTSFORD,Y,Y,N,LOWER MAINLAND,SOUTH FRASER WAY # 032800 TO 032979,SOUTH FRASER WAY,SOUTH FRASER WAY,15:00-17:59,1,0
N,PROPERTY DAMAGE ONLY,\N,N,2023,SUNDAY,UNDETERMINED,N,N,49.06153,-122.384942,Y,JUNE,N,ABBOTSFORD,ABBOTSFORD,ABBOTSFORD,N,N,N,LOWER MAINLAND,AUTOMALL DR # 030280 TO 030399,AUTOMALL DR,AUTOMALL DR,15:00-17:59,1,0
N,PROPERTY DAMAGE ONLY,\N,N,2023,SUNDAY,UNDETERMINED,N,N,49.103022,-121.875685,Y,JUNE,N,CHILLIWACK,CHILLIWACK,CHILLIWACK,N,N,N,LOWER MAINLAND,HUSTON RD # 005330 TO 005675,HUSTON RD,HUSTON RD,15:00-17:59,1,0
N,PROPERTY DAMAGE ONLY,\N,N,2023,SUNDAY,UNDETERMINED,N,N,49.125813,-123.191868,Y,JUNE,N,RICHMOND,RICHMOND,RICHMOND,Y,Y,N,LOWER MAINLAND,7TH AVE # 012000 TO 012771,7TH AVE,7TH AVE,15:00-17:59,1,0
N,PROPERTY DAMAGE ONLY,\N,N,2023,SUNDAY,UNDETERMINED,N,N,49.127891,-116.535921,Y,JUNE,N,CRESTON,CRESTON,CRESTON,Y,N,N,SOUTHERN INTERIOR,STACE RD # 000330 TO 002371,STACE RD,STACE RD,15:00-17:59,1,0
N,PROPERTY DAMAGE ONLY,\N,N,2023,SUNDAY,UNDETERMINED,N,N,49.133326,-123.098458,Y,JUNE,N,RICHMOND,RICHMOND,RICHMOND,Y,Y,N,LOWER MAINLAND,STEVESTON HWY # 011260 TO 011498 even,STEVESTON HWY,STEVESTON HWY,15:00-17:59,1,0
N,PROPERTY DAMAGE ONLY,\N,N,2023,SUNDAY,UNDETERMINED,N,N,49.137065,-122.810638,Y,JUNE,N,SURREY,SURREY,SURREY,Y,N,N,LOWER MAINLAND,73B AVE # 014830 TO 014899,73B AVE,73B AVE,15:00-17:59,1,0
N,PROPERTY DAMAGE ONLY,\N,N,2023,SUNDAY,UNDETERMINED,N,N,49.141781,-122.845734,Y,JUNE,N,SURREY,SURREY,SURREY,N,Y,N,LOWER MAINLAND,KING GEORGE BLVD # 007601 TO 007699 odd,KING GEORGE BLVD,KING GEORGE BLVD,15:00-17:59,1,0
N,PROPERTY DAMAGE ONLY,\N,N,2023,SUNDAY,UNDETERMINED,N,N,49.144671,-123.10777,Y,JUNE,N,RICHMOND,RICHMOND,RICHMOND,N,N,N,LOWER MAINLAND,ATHABASCA DR # 010300 TO 010648,ATHABASCA DR,ATHABASCA DR,15:00-17:59,1,0
N,PROPERTY DAMAGE ONLY,\N,N,2023,SUNDAY,UNDETERMINED,N,N,49.146701,-122.289281,Y,JUNE,N,MISSION,MISSION,MISSION,N,Y,N,LOWER MAINLAND,STAVE LAKE ST # 007850 TO 008099,STAVE LAKE ST,STAVE LAKE ST,15:00-17:59,1,0
N,PROPERTY DAMAGE ONLY,\N,N,2023,SUNDAY,UNDETERMINED,N,N,49.154574,-123.949566,Y,JUNE,N,NANAIMO,NANAIMO,NANAIMO,N,Y,N,VANCOUVER ISLAND,BRUCE AVE # 000606 TO 000609,BRUCE AVE,BRUCE AVE,15:00-17:59,1,0
N,PROPERTY DAMAGE ONLY,\N,N,2023,SUNDAY,UNDETERMINED,N,N,49.157496,-122.856859,Y,JUNE,N,SURREY,SURREY,SURREY,Y,Y,N,LOWER MAINLAND,132 ST # 008400 TO 008599,132 ST,132 ST,15:00-17:59,1,0
N,PROPERTY DAMAGE ONLY,\N,N,2023,SUNDAY,UNDETERMINED,N,N,49.165146,-122.662151,Y,JUNE,N,LANGLEY,LANGLEY,LANGLEY,N,Y,N,LOWER MAINLAND,202 ST # 008927 TO 008949 odd,202 ST,202 ST,15:00-17:59,1,0
N,PROPERTY DAMAGE ONLY,\N,N,2023,SUNDAY,UNDETERMINED,N,N,49.165613,-123.136632,Y,JUNE,N,RICHMOND,RICHMOND,RICHMOND,Y,Y,N,LOWER MAINLAND,NO 3 RD # 006401 TO 006799 odd,NO 3 RD,NO 3 RD,15:00-17:59,1,0
N,PROPERTY DAMAGE ONLY,\N,N,2023,SUNDAY,UNDETERMINED,N,N,49.168108,-123.937812,Y,JUNE,N,NANAIMO,NANAIMO,NANAIMO,Y,Y,N,VANCOUVER ISLAND,CHAPEL ST # 000024 TO 000199,CHAPEL ST,CHAPEL ST,15:00-17:59,1,0
N,PROPERTY DAMAGE ONLY,\N,N,2023,SUNDAY,UNDETERMINED,N,N,49.173896,-123.134106,Y,JUNE,N,RICHMOND,RICHMOND,RICHMOND,Y,Y,N,LOWER MAINLAND,LANSDOWNE RD # 008001 TO 008399 odd,LANSDOWNE RD,LANSDOWNE RD,15:00-17:59,1,0
N,PROPERTY DAMAGE ONLY,\N,N,2023,SUNDAY,UNDETERMINED,N,N,49.187003,-122.845527,Y,JUNE,N,SURREY,SURREY,SURREY,Y,Y,N,LOWER MAINLAND,KING GEORGE BLVD # 010153 TO 010199 odd,KING GEORGE BLVD,KING GEORGE BLVD,15:00-17:59,1,0
N,PROPERTY DAMAGE ONLY,\N,N,2023,SUNDAY,UNDETERMINED,N,N,49.187169,-122.944507,Y,JUNE,N,NEW WESTMINSTER,NEW WESTMINSTER,NEW WESTMINSTER,Y,Y,N,LOWER MAINLAND,EWEN AVE # 000910 TO 000933,EWEN AVE,EWEN AVE,15:00-17:59,1,0
N,PROPERTY DAMAGE ONLY,\N,N,2023,SUNDAY,UNDETERMINED,N,N,49.187829,-123.129723,Y,JUNE,N,RICHMOND,RICHMOND,RICHMOND,Y,Y,N,LOWER MAINLAND,CAPSTAN WAY # 008300 TO 008679,CAPSTAN WAY,CAPSTAN WAY,15:00-17:59,1,0
N,PROPERTY DAMAGE ONLY,\N,N,2023,SUNDAY,UNDETERMINED,N,N,49.190089,-122.800995,Y,JUNE,N,SURREY,SURREY,SURREY,Y,Y,N,LOWER MAINLAND,152 ST # 010251 TO 010399 odd,152 ST,152 ST,15:00-17:59,1,0
N,PROPERTY DAMAGE ONLY,\N,N,2023,SUNDAY,UNDETERMINED,N,N,49.192014,-123.122024,Y,JUNE,N,RICHMOND,RICHMOND,RICHMOND,N,Y,N,LOWER MAINLAND,BRIDGEPORT RD # 009088 TO 009299,BRIDGEPORT RD,BRIDGEPORT RD,15:00-17:59,1,0
N,PROPERTY DAMAGE ONLY,\N,N,2023,SUNDAY,UNDETERMINED,N,N,49.197033,-123.136406,Y,JUNE,N,RICHMOND,RICHMOND,RICHMOND,Y,Y,N,LOWER MAINLAND,AIRPORT RD # 002000 TO 007341,AIRPORT RD,AIRPORT RD,15:00-17:59,1,0
N,PROPERTY DAMAGE ONLY,\N,N,2023,SUNDAY,UNDETERMINED,N,N,49.199009,-122.981737,Y,JUNE,N,BURNABY,BURNABY,BURNABY,Y,Y,N,LOWER MAINLAND,MARKET CROSSING # 007240 TO 007599,MARKET CROSSING,MARKET CROSSING,15:00-17:59,1,0
N,PROPERTY DAMAGE ONLY,\N,N,2023,SUNDAY,UNDETERMINED,N,N,49.204741,-123.988612,Y,JUNE,N,NANAIMO,NANAIMO,NANAIMO,Y,Y,N,VANCOUVER ISLAND,PERSIMMON PL # 003000 TO 003039,PERSIMMON PL,PERSIMMON PL,15:00-17:59,1,0
N,PROPERTY DAMAGE ONLY,\N,N,2023,SUNDAY,UNDETERMINED,N,N,49.207908,-123.029033,Y,JUNE,N,VANCOUVER,VANCOUVER,VANCOUVER,N,Y,N,LOWER MAINLAND,SE MARINE DR # 003500 TO 003511,SE MARINE DR,SE MARINE DR,15:00-17:59,1,0
N,PROPERTY DAMAGE ONLY,\N,N,2023,SUNDAY,UNDETERMINED,N,N,49.207908,-123.029033,Y,JUNE,N,VANCOUVER,VANCOUVER,VANCOUVER,Y,Y,N,LOWER MAINLAND,SE MARINE DR # 003500 TO 003511,SE MARINE DR,SE MARINE DR,15:00-17:59,1,0
N,PROPERTY DAMAGE ONLY,\N,N,2023,SUNDAY,UNDETERMINED,N,N,49.209524,-123.140498,Y,JUNE,N,VANCOUVER,VANCOUVER,VANCOUVER,Y,Y,N,LOWER MAINLAND,GRANVILLE ST # 008400 TO 008599,GRANVILLE ST,GRANVILLE ST,15:00-17:59,1,0
N,PROPERTY DAMAGE ONLY,\N,N,2023,SUNDAY,UNDETERMINED,N,N,49.221575,-122.930892,Y,JUNE,N,BURNABY,BURNABY,BURNABY,Y,Y,N,LOWER MAINLAND,6TH ST # 007650 TO 007699,6TH ST,6TH ST,15:00-17:59,1,0
N,PROPERTY DAMAGE ONLY,\N,N,2023,SUNDAY,UNDETERMINED,N,N,49.222998,-122.603807,Y,JUNE,N,MAPLE RIDGE,MAPLE RIDGE,MAPLE RIDGE,Y,N,N,LOWER MAINLAND,223 ST # 012070 TO 012199,223 ST,223 ST,15:00-17:59,1,0
N,PROPERTY DAMAGE ONLY,\N,N,2023,SUNDAY,UNDETERMINED,N,N,49.223628,-122.531155,Y,JUNE,N,MAPLE RIDGE,MAPLE RIDGE,MAPLE RIDGE,Y,N,N,LOWER MAINLAND,122 AVE # 024850 TO 024999,122 AVE,122 AVE,15:00-17:59,1,0
N,PROPERTY DAMAGE ONLY,\N,N,2023,SUNDAY,UNDETERMINED,N,N,49.224338,-123.113047,Y,JUNE,N,VANCOUVER,VANCOUVER,VANCOUVER,Y,Y,N,LOWER MAINLAND,ALBERTA ST # 006700 TO 006719,ALBERTA ST,ALBERTA ST,15:00-17:59,1,0
N,PROPERTY DAMAGE ONLY,\N,N,2023,SUNDAY,UNDETERMINED,N,N,49.224871,-123.006394,Y,JUNE,N,BURNABY,BURNABY,BURNABY,N,Y,N,LOWER MAINLAND,SILVER AVE # 006300 TO 006553,SILVER AVE,SILVER AVE,15:00-17:59,1,0
N,PROPERTY DAMAGE ONLY,\N,N,2023,SUNDAY,UNDETERMINED,N,N,49.228116,-122.998531,Y,JUNE,N,BURNABY,BURNABY,BURNABY,Y,Y,N,LOWER MAINLAND,KINGSWAY # 004700 TO 004749,KINGSWAY,KINGSWAY,15:00-17:59,1,0
N,PROPERTY DAMAGE ONLY,\N,N,2023,SUNDAY,UNDETERMINED,N,N,49.2351,-124.044839,Y,JUNE,N,NANAIMO,NANAIMO,NANAIMO,Y,Y,N,VANCOUVER ISLAND,ISLAND HWY N # 006500 TO 006582 even,ISLAND HWY N,ISLAND HWY N,15:00-17:59,1,0
N,PROPERTY DAMAGE ONLY,\N,N,2023,SUNDAY,UNDETERMINED,N,N,49.237561,-124.047492,Y,JUNE,N,NANAIMO,NANAIMO,NANAIMO,Y,Y,N,VANCOUVER ISLAND,ISLAND HWY N # 006631 TO 006849 odd,ISLAND HWY N,ISLAND HWY N,15:00-17:59,1,0
N,PROPERTY DAMAGE ONLY,\N,N,2023,SUNDAY,UNDETERMINED,N,N,49.239328,-123.127895,Y,JUNE,N,VANCOUVER,VANCOUVER,VANCOUVER,Y,Y,N,LOWER MAINLAND,OAK ST # 005024 TO 005299,OAK ST,OAK ST,15:00-17:59,1,0
N,PROPERTY DAMAGE ONLY,\N,N,2023,SUNDAY,UNDETERMINED,N,N,49.242723,-122.823109,Y,JUNE,N,COQUITLAM,COQUITLAM,COQUITLAM,Y,N,N,LOWER MAINLAND,ASHURST AVE # 002530 TO 002549,ASHURST AVE,ASHURST AVE,15:00-17:59,1,0
N,PROPERTY DAMAGE ONLY,\N,N,2023,SUNDAY,UNDETERMINED,N,N,49.243885,-123.138777,Y,JUNE,N,VANCOUVER,VANCOUVER,VANCOUVER,Y,N,N,LOWER MAINLAND,W 32ND AVE # 001442 TO 001499,W 32ND AVE,W 32ND AVE,15:00-17:59,1,0
N,PROPERTY DAMAGE ONLY,\N,N,2023,SUNDAY,UNDETERMINED,N,N,49.244822,-123.064469,Y,JUNE,N,VANCOUVER,VANCOUVER,VANCOUVER,N,Y,N,LOWER MAINLAND,KINGSWAY # 002000 TO 002099,KINGSWAY,KINGSWAY,15:00-17:59,1,0
N,PROPERTY DAMAGE ONLY,\N,N,2023,SUNDAY,UNDETERMINED,N,N,49.248812,-123.016674,Y,JUNE,N,BURNABY,BURNABY,BURNABY,Y,Y,N,LOWER MAINLAND,KINCAID ST # 003900 TO 003968,KINCAID ST,KINCAID ST,15:00-17:59,1,0
N,PROPERTY DAMAGE ONLY,\N,N,2023,SUNDAY,UNDETERMINED,N,N,49.249022,-123.113779,Y,JUNE,N,VANCOUVER,VANCOUVER,VANCOUVER,Y,N,N,LOWER MAINLAND,W KING EDWARD AVE # 000401 TO 000495 odd,W KING EDWARD AVE,W KING EDWARD AVE,15:00-17:59,1,0
N,PROPERTY DAMAGE ONLY,\N,N,2023,SUNDAY,UNDETERMINED,N,N,49.2491,-122.895415,Y,JUNE,N,BURNABY,BURNABY,BURNABY,Y,Y,N,LOWER MAINLAND,AUSTIN RD # 009855 TO 009865 odd,AUSTIN RD,AUSTIN RD,15:00-17:59,1,0
N,PROPERTY DAMAGE ONLY,\N,N,2023,SUNDAY,UNDETERMINED,N,N,49.255635,-122.863353,Y,JUNE,N,COQUITLAM,COQUITLAM,COQUITLAM,Y,N,N,LOWER MAINLAND,PORTER ST # 000630 TO 000640,PORTER ST,PORTER ST,15:00-17:59,1,0
N,PROPERTY DAMAGE ONLY,\N,N,2023,SUNDAY,UNDETERMINED,N,N,49.258825,-123.090161,Y,JUNE,N,VANCOUVER,VANCOUVER,VANCOUVER,N,N,N,LOWER MAINLAND,E 13TH AVE # 000600 TO 000699,E 13TH AVE,E 13TH AVE,15:00-17:59,1,0
N,PROPERTY DAMAGE ONLY,\N,N,2023,SUNDAY,UNDETERMINED,N,N,49.259406,-123.108299,Y,JUNE,N,VANCOUVER,VANCOUVER,VANCOUVER,Y,N,N,LOWER MAINLAND,W 13TH AVE # 000100 TO 000199,W 13TH AVE,W 13TH AVE,15:00-17:59,1,0
N,PROPERTY DAMAGE ONLY,\N,N,2023,SUNDAY,UNDETERMINED,N,N,49.264447,-122.990863,Y,JUNE,N,BURNABY,BURNABY,BURNABY,Y,Y,N,LOWER MAINLAND,DOUGLAS RD # 002000 TO 002279,DOUGLAS RD,DOUGLAS RD,15:00-17:59,1,0
N,PROPERTY DAMAGE ONLY,\N,N,2023,SUNDAY,UNDETERMINED,N,N,49.265766,-123.165526,Y,JUNE,N,VANCOUVER,VANCOUVER,VANCOUVER,Y,N,N,LOWER MAINLAND,W 7TH AVE # 002600 TO 002699,W 7TH AVE,W 7TH AVE,15:00-17:59,1,0
N,PROPERTY DAMAGE ONLY,\N,N,2023,SUNDAY,UNDETERMINED,N,N,49.267989,-122.775307,Y,JUNE,N,PORT COQUITLAM,PORT COQUITLAM,PORT COQUITLAM,Y,N,N,LOWER MAINLAND,CHESTER ST # 003000 TO 003059,CHESTER ST,CHESTER ST,15:00-17:59,1,0
N,PROPERTY DAMAGE ONLY,\N,N,2023,SUNDAY,UNDETERMINED,N,N,49.271152,-123.134522,Y,JUNE,N,VANCOUVER,VANCOUVER,VANCOUVER,Y,Y,N,LOWER MAINLAND,ANDERSON ST # 001400 TO 001448 even,ANDERSON ST,ANDERSON ST,15:00-17:59,1,0
N,PROPERTY DAMAGE ONLY,\N,N,2023,SUNDAY,UNDETERMINED,N,N,49.275417,-123.213508,Y,JUNE,N,VANCOUVER,VANCOUVER,VANCOUVER,Y,N,N,LOWER MAINLAND,NW MARINE DR # 004600 TO 004695,NW MARINE DR,NW MARINE DR,15:00-17:59,1,0
N,PROPERTY DAMAGE ONLY,\N,N,2023,SUNDAY,UNDETERMINED,N,N,49.281138,-123.030071,Y,JUNE,N,VANCOUVER,VANCOUVER,VANCOUVER,N,Y,N,LOWER MAINLAND,E HASTINGS ST # 003400 TO 003458 even,E HASTINGS ST,E HASTINGS ST,15:00-17:59,1,0
N,PROPERTY DAMAGE ONLY,\N,N,2023,SUNDAY,UNDETERMINED,N,N,49.282308,-123.134134,Y,JUNE,N,VANCOUVER,VANCOUVER,VANCOUVER,Y,Y,N,LOWER MAINLAND,DAVIE ST # 001200 TO 001299,DAVIE ST,DAVIE ST,15:00-17:59,1,0
N,PROPERTY DAMAGE ONLY,\N,N,2023,SUNDAY,UNDETERMINED,N,N,49.30045,-122.809418,Y,JUNE,N,COQUITLAM,COQUITLAM,COQUITLAM,Y,N,N,LOWER MAINLAND,WINDFLOWER PL # 002830 TO 002869,WINDFLOWER PL,WINDFLOWER PL,15:00-17:59,1,0
N,PROPERTY DAMAGE ONLY,\N,N,2023,SUNDAY,UNDETERMINED,N,N,49.307361,-124.545028,Y,JUNE,N,QUALICUM BEACH,QUALICUM BEACH,QUALICUM BEACH,N,Y,N,VANCOUVER ISLAND,ALBERNI HWY # 004000 TO 004081,ALBERNI HWY,ALBERNI HWY,15:00-17:59,1,0
N,PROPERTY DAMAGE ONLY,\N,N,2023,SUNDAY,UNDETERMINED,N,N,49.317595,-123.111135,Y,JUNE,N,NORTH VANCOUVER,NORTH VANCOUVER,NORTH VANCOUVER,Y,N,N,LOWER MAINLAND,WELCH ST # 001224 TO 001399,WELCH ST,WELCH ST,15:00-17:59,1,0
N,PROPERTY DAMAGE ONLY,\N,N,2023,SUNDAY,UNDETERMINED,N,N,49.318058,-123.096331,Y,JUNE,N,NORTH VANCOUVER,NORTH VANCOUVER,NORTH VANCOUVER,N,N,N,LOWER MAINLAND,W 1ST ST # 000822 TO 000849,W 1ST ST,W 1ST ST,15:00-17:59,1,0
N,PROPERTY DAMAGE ONLY,\N,N,2023,SUNDAY,UNDETERMINED,N,N,49.322069,-122.855715,Y,JUNE,N,ANMORE,ANMORE,ANMORE,Y,Y,N,LOWER MAINLAND,SUNNYSIDE RD # 003215 TO 003299,SUNNYSIDE RD,SUNNYSIDE RD,15:00-17:59,1,0
N,PROPERTY DAMAGE ONLY,\N,N,2023,SUNDAY,UNDETERMINED,N,N,49.325195,-123.073821,Y,JUNE,N,NORTH VANCOUVER,NORTH VANCOUVER,NORTH VANCOUVER,Y,N,N,LOWER MAINLAND,W 18TH ST # 000122 TO 000175,W 18TH ST,W 18TH ST,15:00-17:59,1,0
N,PROPERTY DAMAGE ONLY,\N,N,2023,SUNDAY,UNDETERMINED,N,N,49.334626,-123.042689,Y,JUNE,N,NORTH VANCOUVER,NORTH VANCOUVER,NORTH VANCOUVER,Y,Y,N,LOWER MAINLAND,LYNN VALLEY RD # 001101 TO 001199 odd,LYNN VALLEY RD,LYNN VALLEY RD,15:00-17:59,1,0
N,PROPERTY DAMAGE ONLY,\N,N,2023,SUNDAY,UNDETERMINED,N,N,49.340799,-123.068565,Y,JUNE,N,NORTH VANCOUVER,NORTH VANCOUVER,NORTH VANCOUVER,Y,N,N,LOWER MAINLAND,ST GEORGES AVE # 003400 TO 003499,ST GEORGES AVE,ST GEORGES AVE,15:00-17:59,1,0
N,PROPERTY DAMAGE ONLY,\N,N,2023,SUNDAY,UNDETERMINED,N,N,49.345829,-123.175093,Y,JUNE,N,WEST VANCOUVER,WEST VANCOUVER,WEST VANCOUVER,Y,Y,N,LOWER MAINLAND,FOLKESTONE WAY # 002234 TO 002236 even,FOLKESTONE WAY,FOLKESTONE WAY,15:00-17:59,1,0
N,PROPERTY DAMAGE ONLY,\N,N,2023,SUNDAY,UNDETERMINED,N,N,49.346662,-124.441654,Y,JUNE,N,QUALICUM BEACH,QUALICUM BEACH,QUALICUM BEACH,Y,Y,N,VANCOUVER ISLAND,MEMORIAL AVE # 000680 TO 000719,MEMORIAL AVE,MEMORIAL AVE,15:00-17:59,1,0
N,PROPERTY DAMAGE ONLY,\N,N,2023,SUNDAY,UNDETERMINED,N,N,49.379649,-123.335669,Y,JUNE,N,BOWEN ISLAND,BOWEN ISLAND,BOWEN ISLAND,Y,Y,N,LOWER MAINLAND,BOWEN ISLAND TRUNK RD # 000430 TO 000479,BOWEN ISLAND TRUNK RD,BOWEN ISLAND TRUNK RD,15:00-17:59,1,0
N,PROPERTY DAMAGE ONLY,\N,N,2023,SUNDAY,UNDETERMINED,N,N,49.434895,-123.478573,Y,JUNE,N,LANGDALE,LANGDALE,LANGDALE,Y,N,N,LOWER MAINLAND,PORT MELLON HWY # 001376 TO 001398 even,PORT MELLON HWY,PORT MELLON HWY,15:00-17:59,1,0
N,PROPERTY DAMAGE ONLY,\N,N,2023,SUNDAY,UNDETERMINED,N,N,49.505089,-115.059535,Y,JUNE,N,FERNIE,FERNIE,FERNIE,Y,Y,N,SOUTHERN INTERIOR,2ND AVE # 000700 TO 000799,2ND AVE,2ND AVE,15:00-17:59,1,0
N,PROPERTY DAMAGE ONLY,\N,N,2023,SUNDAY,UNDETERMINED,N,N,49.674385,-124.981688,Y,JUNE,N,COURTENAY,COURTENAY,COURTENAY,Y,Y,N,VANCOUVER ISLAND,CLIFFE AVE # 002701 TO 002799 odd,CLIFFE AVE,CLIFFE AVE,15:00-17:59,1,0
N,PROPERTY DAMAGE ONLY,\N,N,2023,SUNDAY,UNDETERMINED,N,N,49.887359000000004,-119.430448,Y,JUNE,N,KELOWNA,KELOWNA,KELOWNA,Y,Y,N,SOUTHERN INTERIOR,ENTERPRISE WAY # 002500 TO 002549,ENTERPRISE WAY,ENTERPRISE WAY,15:00-17:59,1,0
N,PROPERTY DAMAGE ONLY,\N,N,2023,SUNDAY,UNDETERMINED,N,N,50.033818,-125.250304,Y,JUNE,N,CAMPBELL RIVER,CAMPBELL RIVER,CAMPBELL RIVER,Y,Y,N,VANCOUVER ISLAND,ISLAND HWY # 001382 TO 001444 even,ISLAND HWY,ISLAND HWY,15:00-17:59,1,0
N,PROPERTY DAMAGE ONLY,\N,N,2023,SUNDAY,UNDETERMINED,N,N,50.121063,-122.957559,Y,JUNE,N,WHISTLER,WHISTLER,WHISTLER,Y,Y,N,LOWER MAINLAND,NORTHLANDS BLVD # 004370 TO 004501,NORTHLANDS BLVD,NORTHLANDS BLVD,15:00-17:59,1,0
N,PROPERTY DAMAGE ONLY,\N,N,2023,SUNDAY,UNDETERMINED,N,N,50.274406,-119.226946,Y,JUNE,N,VERNON,VERNON,VERNON,Y,Y,N,SOUTHERN INTERIOR,E VERNON RD # 003700 TO 004699,E VERNON RD,E VERNON RD,15:00-17:59,1,0
N,PROPERTY DAMAGE ONLY,\N,N,2023,SUNDAY,UNDETERMINED,N,N,50.59014,-127.088366,Y,JUNE,N,PORT MCNEILL,PORT MCNEILL,PORT MCNEILL,Y,Y,N,VANCOUVER ISLAND,BEACH DR # 001540 TO 001599,BEACH DR,BEACH DR,15:00-17:59,1,0
N,PROPERTY DAMAGE ONLY,\N,N,2023,SUNDAY,UNDETERMINED,N,N,50.883302,-119.88773,Y,JUNE,N,SUN PEAKS,SUN PEAKS,SUN PEAKS,Y,Y,N,SOUTHERN INTERIOR,CREEKSIDE WAY # 003100 TO 003143,CREEKSIDE WAY,CREEKSIDE WAY,15:00-17:59,1,0
N,PROPERTY DAMAGE ONLY,\N,N,2023,SUNDAY,UNDETERMINED,N,N,53.909802,-122.7586,Y,JUNE,N,PRINCE GEORGE,PRINCE GEORGE,PRINCE GEORGE,Y,Y,N,NORTH CENTRAL,15TH AVE # 001600 TO 001708 even,15TH AVE,15TH AVE,15:00-17:59,1,0
N,PROPERTY DAMAGE ONLY,\N,N,2023,SUNDAY,UNDETERMINED,N,N,54.301592,-130.345088,Y,JUNE,N,PRINCE RUPERT,PRINCE RUPERT,PRINCE RUPERT,Y,N,N,NORTH CENTRAL,2ND AVE W # 001700 TO 001999,2ND AVE W,2ND AVE W,15:00-17:59,1,0
N,PROPERTY DAMAGE ONLY,\N,N,2023,SUNDAY,UNDETERMINED,N,N,54.784114,-127.169635,Y,JUNE,N,SMITHERS,SMITHERS,SMITHERS,N,Y,N,NORTH CENTRAL,HWY 16 # 003900 TO 003988 even,HWY 16,HWY 16,15:00-17:59,1,0
N,PROPERTY DAMAGE ONLY,\N,N,2023,SUNDAY,UNDETERMINED,Y,N,49.365846,-121.515231,Y,JUNE,N,HOPE,HOPE,HOPE,Y,Y,N,LOWER MAINLAND,FLOOD HOPE RD # 061850 TO 062010,FLOOD HOPE RD,FLOOD HOPE RD,15:00-17:59,1,0
N,PROPERTY DAMAGE ONLY,\N,Y,2023,SUNDAY,SINGLE VEHICLE,N,N,\N,\N,N,JUNE,N,COOMBS,COOMBS,\N,N,N,N,VANCOUVER ISLAND,UNKNOWN,HWY 4A,HWY 4A,15:00-17:59,1,0
N,PROPERTY DAMAGE ONLY,\N,Y,2023,SUNDAY,SINGLE VEHICLE,N,N,49.064956,-122.782169,Y,JUNE,N,SURREY,SURREY,SURREY,Y,N,N,LOWER MAINLAND,MORGAN CREEK WAY # 003500 TO 003539,MORGAN CREEK WAY,MORGAN CREEK WAY,15:00-17:59,1,0
N,PROPERTY DAMAGE ONLY,\N,Y,2023,SUNDAY,SINGLE VEHICLE,N,N,49.115444,-122.842418,Y,JUNE,N,SURREY,SURREY,SURREY,N,N,N,LOWER MAINLAND,62 AVE # 013670 TO 013729,62 AVE,62 AVE,15:00-17:59,1,0
N,PROPERTY DAMAGE ONLY,\N,Y,2023,SUNDAY,SINGLE VEHICLE,N,N,49.270168,-123.099044,Y,JUNE,N,VANCOUVER,VANCOUVER,VANCOUVER,Y,N,N,LOWER MAINLAND,INDUSTRIAL AVE # 000200 TO 000299,INDUSTRIAL AVE,INDUSTRIAL AVE,15:00-17:59,1,0
N,PROPERTY DAMAGE ONLY,0 AVE,N,2023,SUNDAY,SINGLE VEHICLE,N,Y,49.002302,-122.473361,N,JUNE,Y,LANGLEY,LANGLEY,LANGLEY,N,N,N,LOWER MAINLAND,0 AVE & 272 ST,272 ST,272 ST,15:00-17:59,1,0
N,PROPERTY DAMAGE ONLY,100 AVE,N,2023,SUNDAY,SIDE IMPACT,N,Y,49.18428,-122.843225,N,JUNE,N,SURREY,SURREY,SURREY,N,N,N,LOWER MAINLAND,100 AVE & WHALLEY BLVD,WHALLEY BLVD,WHALLEY BLVD,15:00-17:59,1,0
N,PROPERTY DAMAGE ONLY,106 AVE,N,2023,SUNDAY,SIDE IMPACT,N,Y,49.195231,-122.845418,N,JUNE,N,SURREY,SURREY,SURREY,Y,Y,N,LOWER MAINLAND,106 AVE & KING GEORGE BLVD,KING GEORGE BLVD,KING GEORGE BLVD,15:00-17:59,1,0
N,PROPERTY DAMAGE ONLY,108 AVE,N,2023,SUNDAY,SIDE IMPACT,N,Y,49.198842,-122.789752,N,JUNE,N,SURREY,SURREY,SURREY,N,N,N,LOWER MAINLAND,108 AVE & 156 ST,156 ST,156 ST,15:00-17:59,1,0
N,PROPERTY DAMAGE ONLY,10TH AVE,N,2023,SUNDAY,REAR END,N,Y,49.213429,-122.937862,N,JUNE,N,BURNABY,BURNABY,BURNABY & NEW WESTMINSTER,N,N,N,LOWER MAINLAND,10TH AVE & KINGSWAY & TENTH AVE & TWELFTH ST,12TH ST,12TH ST,15:00-17:59,1,0
N,PROPERTY DAMAGE ONLY,120 ST,N,2023,SUNDAY,REAR END,N,Y,49.19921,-122.882461,N,JUNE,N,SURREY,SURREY,SURREY,N,N,N,LOWER MAINLAND,OLD YALE RD & SCOTT RD & TURNING LANE,OLD YALE RD,OLD YALE RD,15:00-17:59,1,0
N,PROPERTY DAMAGE ONLY,120 ST,N,2023,SUNDAY,UNDETERMINED,N,Y,49.134037,-122.890359,N,JUNE,N,DELTA,DELTA,DELTA & SURREY,Y,Y,N,LOWER MAINLAND,120 ST & 72 AVE,72 AVE,72 AVE,15:00-17:59,1,0
N,PROPERTY DAMAGE ONLY,120 ST,N,2023,SUNDAY,UNDETERMINED,N,Y,49.19921,-122.882461,N,JUNE,N,SURREY,SURREY,SURREY,N,N,N,LOWER MAINLAND,OLD YALE RD & SCOTT RD & TURNING LANE,OLD YALE RD,OLD YALE RD,15:00-17:59,1,0
N,PROPERTY DAMAGE ONLY,127 ST,N,2023,SUNDAY,HEAD ON,N,Y,49.148207,-122.870801,N,JUNE,N,SURREY,SURREY,SURREY,N,N,N,LOWER MAINLAND,127 ST & 80 AVE,80 AVE,80 AVE,15:00-17:59,1,0
N,PROPERTY DAMAGE ONLY,128 ST,N,2023,SUNDAY,REAR END,N,Y,49.053041,-122.867362,N,JUNE,N,SURREY,SURREY,SURREY,N,N,N,LOWER MAINLAND,128 ST & CRESCENT RD,CRESCENT RD,CRESCENT RD,15:00-17:59,1,0
N,PROPERTY DAMAGE ONLY,128 ST,N,2023,SUNDAY,SIDE IMPACT,N,Y,49.141025,-122.867918,N,JUNE,N,SURREY,SURREY,SURREY,Y,Y,N,LOWER MAINLAND,128 ST & 76 AVE,76 AVE,76 AVE,15:00-17:59,1,0
N,PROPERTY DAMAGE ONLY,16 AVE,N,2023,SUNDAY,SIDE SWIPE - SAME DIRECTION,N,Y,49.032017,-123.068661,N,JUNE,N,DELTA,DELTA,DELTA,N,N,N,LOWER MAINLAND,16 AVE & 56 ST,56 ST,56 ST,15:00-17:59,1,0
N,PROPERTY DAMAGE ONLY,160 ST,N,2023,SUNDAY,CONFLICTED,N,Y,49.198792,-122.778659,N,JUNE,N,SURREY,SURREY,SURREY,Y,N,N,LOWER MAINLAND,108 AVE & 160 ST,108 AVE,108 AVE,15:00-17:59,1,0
N,PROPERTY DAMAGE ONLY,166 ST,N,2023,SUNDAY,REAR TO REAR,N,Y,49.150766,-122.762088,N,JUNE,N,SURREY,SURREY,SURREY,N,Y,N,LOWER MAINLAND,166 ST & FRASER HWY & TURNING LANE,FRASER HWY,FRASER HWY,15:00-17:59,1,0
N,PROPERTY DAMAGE ONLY,176 ST,N,2023,SUNDAY,REAR END,N,Y,49.138147,-122.734746,N,JUNE,N,SURREY,SURREY,SURREY,N,N,N,LOWER MAINLAND,176 ST & FRASER HWY & HARVIE RD & TURNING LANE,FRASER HWY,FRASER HWY,15:00-17:59,1,0
N,PROPERTY DAMAGE ONLY,200 ST,N,2023,SUNDAY,REAR END,N,Y,49.108911,-122.668758,N,JUNE,N,LANGLEY,LANGLEY,LANGLEY,N,N,N,LOWER MAINLAND,200 ST & FRASER HWY & TURNING LANE,FRASER HWY,FRASER HWY,15:00-17:59,1,0
N,PROPERTY DAMAGE ONLY,200 ST OFFRAMP,N,2023,SUNDAY,SINGLE VEHICLE,N,Y,49.164209,-122.668857,N,JUNE,N,LANGLEY,LANGLEY,LANGLEY,N,N,N,LOWER MAINLAND,200 ST & 200 ST OFFRAMP & 88 AVE & 88 AVE ONRAMP & HWY 1 ONRAMP & TRANS-CANADA HWY,HWY 1,HWY 1,15:00-17:59,1,0
N,PROPERTY DAMAGE ONLY,207 ST,N,2023,SUNDAY,CONFLICTED,N,Y,49.218251,-122.647897,N,JUNE,N,MAPLE RIDGE,MAPLE RIDGE,MAPLE RIDGE,Y,Y,N,LOWER MAINLAND,207 ST & LOUGHEED HWY,LOUGHEED HWY,LOUGHEED HWY,15:00-17:59,1,0
N,PROPERTY DAMAGE ONLY,224 ST,N,2023,SUNDAY,REAR END,N,Y,49.217729,-122.601635,N,JUNE,N,MAPLE RIDGE,MAPLE RIDGE,MAPLE RIDGE,Y,N,N,LOWER MAINLAND,224 ST & SELKIRK AVE & MALL ACCESS,SELKIRK AVE,SELKIRK AVE,15:00-17:59,1,0
N,PROPERTY DAMAGE ONLY,26 AVE,N,2023,SUNDAY,UNDETERMINED,N,Y,49.049465,-122.481578,N,JUNE,N,LANGLEY,LANGLEY,LANGLEY,N,N,N,LOWER MAINLAND,26 AVE & 268 ST,268 ST,268 ST,15:00-17:59,1,0
N,PROPERTY DAMAGE ONLY,51 AVE,N,2023,SUNDAY,REAR END,N,Y,49.094959,-122.607075,N,JUNE,N,LANGLEY,LANGLEY,LANGLEY,N,N,N,LOWER MAINLAND,223 ST & 51 AVE,223 ST,223 ST,15:00-17:59,1,0
N,PROPERTY DAMAGE ONLY,58 AVE,N,2023,SUNDAY,SIDE IMPACT,N,Y,49.108353,-122.835967,N,JUNE,N,SURREY,SURREY,SURREY,N,N,N,LOWER MAINLAND,58 AVE & 58A AVE & KING GEORGE BLVD,KING GEORGE BLVD,KING GEORGE BLVD,15:00-17:59,1,0
N,PROPERTY DAMAGE ONLY,60 AVE,N,2023,SUNDAY,SIDE SWIPE - SAME DIRECTION,N,Y,49.111848,-122.840279,N,JUNE,N,SURREY,SURREY,SURREY,N,N,N,LOWER MAINLAND,60 AVE & KING GEORGE BLVD & TURNING LANE,KING GEORGE BLVD,KING GEORGE BLVD,15:00-17:59,1,0
N,PROPERTY DAMAGE ONLY,64 AVE,N,2023,SUNDAY,REAR END,N,Y,49.118896,-122.778993,N,JUNE,N,SURREY,SURREY,SURREY,N,N,N,LOWER MAINLAND,160 ST & 64 AVE,160 ST,160 ST,15:00-17:59,1,0
N,PROPERTY DAMAGE ONLY,64 AVE,N,2023,SUNDAY,SIDE SWIPE - SAME DIRECTION,N,Y,49.118845,-122.745974,N,JUNE,N,SURREY,SURREY,SURREY,N,N,N,LOWER MAINLAND,172 ST & 64 AVE,172 ST,172 ST,15:00-17:59,1,0
N,PROPERTY DAMAGE ONLY,74 AVE,N,2023,SUNDAY,REAR END,N,Y,49.137218,-122.838681,N,JUNE,N,SURREY,SURREY,SURREY,N,N,N,LOWER MAINLAND,138 ST & 74 AVE,138 ST,138 ST,15:00-17:59,1,0
N,PROPERTY DAMAGE ONLY,76 AVE,N,2023,SUNDAY,SIDE IMPACT,N,Y,49.140852,-122.845634,N,JUNE,N,SURREY,SURREY,SURREY,N,Y,N,LOWER MAINLAND,76 AVE & KING GEORGE BLVD & TURNING LANE,KING GEORGE BLVD,KING GEORGE BLVD,15:00-17:59,1,0
N,PROPERTY DAMAGE ONLY,80 AVE,N,2023,SUNDAY,REAR END,N,Y,49.148132,-122.867974,N,JUNE,N,SURREY,SURREY,SURREY,N,N,N,LOWER MAINLAND,128 ST & 80 AVE,128 ST,128 ST,15:00-17:59,1,0
N,PROPERTY DAMAGE ONLY,88 AVE,N,2023,SUNDAY,REAR END,N,Y,49.162742,-122.845798,N,JUNE,N,SURREY,SURREY,SURREY,N,N,N,LOWER MAINLAND,88 AVE & KING GEORGE BLVD & TURNING LANE,KING GEORGE BLVD,KING GEORGE BLVD,15:00-17:59,1,0
N,PROPERTY DAMAGE ONLY,8TH ST,N,2023,SUNDAY,SIDE SWIPE - SAME DIRECTION,N,Y,54.309998,-130.331282,N,JUNE,N,PRINCE RUPERT,PRINCE RUPERT,PRINCE RUPERT,N,N,N,NORTH CENTRAL,2ND AVE W & 8TH ST,HWY 16,HWY 16,15:00-17:59,1,0
N,PROPERTY DAMAGE ONLY,96 AVE,N,2023,SUNDAY,CONFLICTED,N,Y,49.177142,-122.890164,N,JUNE,N,DELTA,DELTA,DELTA & SURREY,N,N,N,LOWER MAINLAND,120 ST & 96 AVE,120 ST,120 ST,15:00-17:59,1,0
N,PROPERTY DAMAGE ONLY,ABBOTT ST,N,2023,SUNDAY,REAR END,N,Y,49.883608,-119.499424,N,JUNE,N,KELOWNA,KELOWNA,KELOWNA,N,N,N,SOUTHERN INTERIOR,ABBOTT ST & HARVEY AVE & TURNING LANE,HARVEY AVE,HARVEY AVE,15:00-17:59,1,0
N,PROPERTY DAMAGE ONLY,ANGUS DR,N,2023,SUNDAY,SIDE SWIPE - SAME DIRECTION,N,Y,49.254557,-123.138912,N,JUNE,N,VANCOUVER,VANCOUVER,VANCOUVER,N,N,N,LOWER MAINLAND,ANGUS DR & GRANVILLE ST,GRANVILLE ST,GRANVILLE ST,15:00-17:59,1,0
N,PROPERTY DAMAGE ONLY,AUTO RD SE,N,2023,SUNDAY,REAR END,N,Y,50.68527,-119.250786,N,JUNE,N,SALMON ARM,SALMON ARM,SALMON ARM,Y,Y,N,SOUTHERN INTERIOR,20 AVE SE & 30 ST SE & AUTO RD SE,20 AVE SE,20 AVE SE,15:00-17:59,1,0
N,PROPERTY DAMAGE ONLY,BARLOW AVE,N,2023,SUNDAY,SIDE IMPACT,N,Y,52.977309,-122.498163,N,JUNE,N,QUESNEL,QUESNEL,QUESNEL,N,N,N,NORTH CENTRAL,BARLOW AVE & FRONT ST,FRONT ST,FRONT ST,15:00-17:59,1,0
N,PROPERTY DAMAGE ONLY,BEAVER CREEK RD,N,2023,SUNDAY,SIDE IMPACT,N,Y,49.309051,-124.872944,N,JUNE,N,PORT ALBERNI,PORT ALBERNI,PORT ALBERNI,N,N,N,VANCOUVER ISLAND,BEAVER CREEK RD & MCKENZIE RD,MCKENZIE RD,MCKENZIE RD,15:00-17:59,1,0
N,PROPERTY DAMAGE ONLY,BLANCHARD,N,2023,SUNDAY,SINGLE VEHICLE,N,N,\N,\N,N,JUNE,N,VICTORIA,VICTORIA,\N,Y,N,N,VANCOUVER ISLAND,UNKNOWN,TOLMIE AVE,TOLMIE AVE,15:00-17:59,1,0
N,PROPERTY DAMAGE ONLY,BLANSHARD ST,N,2023,SUNDAY,SINGLE VEHICLE,N,Y,48.438914,-123.363309,N,JUNE,N,VICTORIA,VICTORIA,VICTORIA,N,Y,N,VANCOUVER ISLAND,BLANSHARD ST & HILLSIDE AVE & TURNING LANE,HILLSIDE AVE,HILLSIDE AVE,15:00-17:59,1,0
N,PROPERTY DAMAGE ONLY,BOUCHERIE RD,N,2023,SUNDAY,REAR END,N,N,\N,\N,N,JUNE,N,KELOWNA,KELOWNA,\N,N,N,N,SOUTHERN INTERIOR,UNKNOWN,HWY 97,HWY 97,15:00-17:59,1,0
N,PROPERTY DAMAGE ONLY,BOUNDARY RD,N,2023,SUNDAY,REAR END,N,Y,49.261543,-123.023613,N,JUNE,N,BURNABY,BURNABY,BURNABY & VANCOUVER,N,N,N,LOWER MAINLAND,BOUNDARY RD & MYRTLE ST,MYRTLE ST,MYRTLE ST,15:00-17:59,1,0
N,PROPERTY DAMAGE ONLY,BRAMLEY RD,N,2023,SUNDAY,REAR END,N,N,\N,\N,N,JUNE,N,NANAIMO,NANAIMO,\N,Y,N,N,VANCOUVER ISLAND,UNKNOWN,NANAIMO LAKES RD,NANAIMO LAKES RD,15:00-17:59,1,0
N,PROPERTY DAMAGE ONLY,BROADWAY AVE N,N,2023,SUNDAY,SIDE IMPACT,N,Y,52.131692,-122.130183,N,JUNE,N,WILLIAMS LAKE,WILLIAMS LAKE,WILLIAMS LAKE,N,N,N,NORTH CENTRAL,BROADWAY AVE N & WINDMILL CRES,WINDMILL CRES,WINDMILL CRES,15:00-17:59,1,0
N,PROPERTY DAMAGE ONLY,BUTE ST,N,2023,SUNDAY,CONFLICTED,N,Y,49.285973,-123.126958,N,JUNE,N,VANCOUVER,VANCOUVER,VANCOUVER,N,N,N,LOWER MAINLAND,BUTE ST & ROBSON ST,ROBSON ST,ROBSON ST,15:00-17:59,1,0
N,PROPERTY DAMAGE ONLY,BYRNE RD,N,2023,SUNDAY,REAR END,N,Y,49.20201,-122.981899,N,JUNE,N,BURNABY,BURNABY,BURNABY,N,N,N,LOWER MAINLAND,BYRNE RD & MARINE WAY & TURNING LANE,MARINE WAY,MARINE WAY,15:00-17:59,1,0
N,PROPERTY DAMAGE ONLY,CAMBIE RD,N,2023,SUNDAY,UNDETERMINED,N,Y,49.184608,-123.13753,N,JUNE,N,RICHMOND,RICHMOND,RICHMOND,N,N,N,LOWER MAINLAND,CAMBIE RD & RIVER PKY,RIVER PKY,RIVER PKY,15:00-17:59,1,0
N,PROPERTY DAMAGE ONLY,CAMBIE ST,N,2023,SUNDAY,CONFLICTED,N,Y,49.26405,-123.114821,N,JUNE,N,VANCOUVER,VANCOUVER,VANCOUVER,Y,N,N,LOWER MAINLAND,CAMBIE ST & W 8TH AVE,W 8TH AVE,W 8TH AVE,15:00-17:59,1,0
N,PROPERTY DAMAGE ONLY,CANADA WAY,N,2023,SUNDAY,SIDE IMPACT,N,Y,49.253563,-122.989099,N,JUNE,N,BURNABY,BURNABY,BURNABY,N,N,N,LOWER MAINLAND,CANADA WAY & LAUREL ST & ROYAL OAK AVE,LAUREL ST,LAUREL ST,15:00-17:59,1,0
N,PROPERTY DAMAGE ONLY,CAPILANO RD,N,2023,SUNDAY,SIDE IMPACT,N,Y,49.332551,-123.117171,N,JUNE,N,NORTH VANCOUVER,NORTH VANCOUVER,NORTH VANCOUVER,N,N,N,LOWER MAINLAND,BOWSER AVE & CAPILANO RD & CAPILANO RD OFFRAMP & CAPILANO RD ONRAMP & KEITH RD & TRANS-CANADA HWY & TURNING LANE,HWY 1,HWY 1,15:00-17:59,1,0
N,PROPERTY DAMAGE ONLY,CASSIAR CONNECTR,N,2023,SUNDAY,REAR END,N,Y,49.28117,-123.031463,N,JUNE,N,VANCOUVER,VANCOUVER,VANCOUVER,N,N,N,LOWER MAINLAND,BRIDGEWAY & CASSIAR CONN & E HASTINGS ST & E HASTINGS ST OFFRAMP & E HASTINGS ST ONRAMP & TRANS-CANADA HWY & TURNING LANE,E HASTINGS ST,E HASTINGS ST,15:00-17:59,1,0
N,PROPERTY DAMAGE ONLY,CEDAR PARK PL,N,2023,SUNDAY,SIDE SWIPE - SAME DIRECTION,N,Y,49.050403,-122.335461,N,JUNE,N,ABBOTSFORD,ABBOTSFORD,ABBOTSFORD,N,N,N,LOWER MAINLAND,CEDAR PARK PL & SOUTH FRASER WAY,SOUTH FRASER WAY,SOUTH FRASER WAY,15:00-17:59,1,0
N,PROPERTY DAMAGE ONLY,CHARLES ST,N,2023,SUNDAY,UNDETERMINED,N,Y,49.272951,-123.057968,N,JUNE,N,VANCOUVER,VANCOUVER,VANCOUVER,N,N,N,LOWER MAINLAND,CHARLES ST & GARDEN DR,GARDEN DR,GARDEN DR,15:00-17:59,1,0
N,PROPERTY DAMAGE ONLY,CHINA CREEK RD,N,2023,SUNDAY,REAR END,N,Y,49.23245,-124.797832,N,JUNE,N,PORT ALBERNI,PORT ALBERNI,PORT ALBERNI,Y,Y,N,VANCOUVER ISLAND,10TH AVE & CHINA CREEK RD,10TH AVE,10TH AVE,15:00-17:59,1,0
N,PROPERTY DAMAGE ONLY,COLUMBIA ST,N,2023,SUNDAY,SIDE SWIPE - SAME DIRECTION,N,Y,49.282345,-123.102224,N,JUNE,N,VANCOUVER,VANCOUVER,VANCOUVER,N,N,N,LOWER MAINLAND,COLUMBIA ST & E CORDOVA ST,E CORDOVA ST,E CORDOVA ST,15:00-17:59,1,0
N,PROPERTY DAMAGE ONLY,COMMISSIONER ST,N,2023,SUNDAY,UNDETERMINED,N,Y,49.290852,-123.041402,N,JUNE,N,VANCOUVER,VANCOUVER,VANCOUVER,Y,N,N,LOWER MAINLAND,COMMISSIONER ST & NEW BRIGHTON RD,NEW BRIGHTON RD,NEW BRIGHTON RD,15:00-17:59,1,0
N,PROPERTY DAMAGE ONLY,CONNAUGHT DR,N,2023,SUNDAY,SIDE IMPACT,N,Y,49.24536,-123.139167,N,JUNE,N,VANCOUVER,VANCOUVER,VANCOUVER,N,N,N,LOWER MAINLAND,CONNAUGHT DR & GRANVILLE ST & W 29TH AVE,GRANVILLE ST,GRANVILLE ST,15:00-17:59,1,0
N,PROPERTY DAMAGE ONLY,DARRELL BAY RD,N,2023,SUNDAY,REAR END,N,Y,49.670609,-123.163318,N,JUNE,N,SQUAMISH,SQUAMISH,SQUAMISH,N,N,N,LOWER MAINLAND,DARRELL BAY RD & HWY 99 & SHANNON FALLS PK & CAMPGROUND ACCESS & TURNING LANE,HWY 99,HWY 99,15:00-17:59,1,0
N,PROPERTY DAMAGE ONLY,DAVIE ST,N,2023,SUNDAY,SIDE IMPACT,N,Y,49.277802,-123.127193,N,JUNE,N,VANCOUVER,VANCOUVER,VANCOUVER,Y,N,N,LOWER MAINLAND,DAVIE ST & HOWE ST,HOWE ST,HOWE ST,15:00-17:59,1,0
N,PROPERTY DAMAGE ONLY,DEWDNEY TRUNK RD,N,2023,SUNDAY,REAR END,N,Y,49.220439,-122.594009,N,JUNE,N,MAPLE RIDGE,MAPLE RIDGE,MAPLE RIDGE,N,N,N,LOWER MAINLAND,227 ST & DEWDNEY TRUNK RD,227 ST,227 ST,15:00-17:59,1,0
N,PROPERTY DAMAGE ONLY,DEWDNEY TRUNK RD,N,2023,SUNDAY,UNDETERMINED,N,Y,49.220363,-122.579239,N,JUNE,N,MAPLE RIDGE,MAPLE RIDGE,MAPLE RIDGE,N,N,N,LOWER MAINLAND,232 ST & DEWDNEY TRUNK RD,232 ST,232 ST,15:00-17:59,1,0
N,PROPERTY DAMAGE ONLY,DILWORTH DR,N,2023,SUNDAY,REAR END,N,Y,49.881851,-119.437406,N,JUNE,N,KELOWNA,KELOWNA,KELOWNA,N,N,N,SOUTHERN INTERIOR,DILWORTH DR & HARVEY AVE & TURNING LANE,HWY 97 N,HWY 97 N,15:00-17:59,1,0
N,PROPERTY DAMAGE ONLY,DOMINION ST,N,2023,SUNDAY,SIDE SWIPE - SAME DIRECTION,N,Y,49.256295,-123.008296,N,JUNE,N,BURNABY,BURNABY,BURNABY,N,N,N,LOWER MAINLAND,DOMINION ST & SUMNER AVE,SUMNER AVE,SUMNER AVE,15:00-17:59,1,0
N,PROPERTY DAMAGE ONLY,E 11TH AVE,N,2023,SUNDAY,SIDE IMPACT,N,Y,49.260096,-123.023778,N,JUNE,N,VANCOUVER,VANCOUVER,VANCOUVER,N,N,N,LOWER MAINLAND,BOUNDARY RD & E 11TH AVE,BOUNDARY RD,BOUNDARY RD,15:00-17:59,1,0
N,PROPERTY DAMAGE ONLY,E 1ST AVE,N,2023,SUNDAY,SIDE SWIPE - SAME DIRECTION,N,Y,49.269452,-123.027611,N,JUNE,N,VANCOUVER,VANCOUVER,VANCOUVER,N,N,N,LOWER MAINLAND,E 1ST AVE & E 1ST AVE OFFRAMP & E 1ST AVE ONRAMP & RUPERT ST & RUPERT ST OFFRAMP & TRANS-CANADA HWY & BUS LANE & TURNING LANE,HWY 1,HWY 1,15:00-17:59,1,0
N,PROPERTY DAMAGE ONLY,E 45TH AVE,N,2023,SUNDAY,CONFLICTED,N,Y,49.229163,-123.090633,N,JUNE,N,VANCOUVER,VANCOUVER,VANCOUVER,Y,N,N,LOWER MAINLAND,E 45TH AVE & FRASER ST,FRASER ST,FRASER ST,15:00-17:59,1,0
N,PROPERTY DAMAGE ONLY,E 49TH AVE,N,2023,SUNDAY,SIDE SWIPE - SAME DIRECTION,N,Y,49.22528,-123.077324,N,JUNE,N,VANCOUVER,VANCOUVER,VANCOUVER,N,N,N,LOWER MAINLAND,E 49TH AVE & KNIGHT ST,KNIGHT ST,KNIGHT ST,15:00-17:59,1,0
N,PROPERTY DAMAGE ONLY,E 5TH AVE,N,2023,SUNDAY,CONFLICTED,N,Y,49.265698,-123.044308,N,JUNE,N,VANCOUVER,VANCOUVER,VANCOUVER,N,N,N,LOWER MAINLAND,E 5TH AVE & RENFREW ST,RENFREW ST,RENFREW ST,15:00-17:59,1,0
N,PROPERTY DAMAGE ONLY,E GEORGIA ST,N,2023,SUNDAY,UNDETERMINED,N,Y,49.278531,-123.097066,N,JUNE,N,VANCOUVER,VANCOUVER,VANCOUVER,Y,N,N,LOWER MAINLAND,E GEORGIA ST & GORE AVE,GORE AVE,GORE AVE,15:00-17:59,1,0
N,PROPERTY DAMAGE ONLY,EAST BOULEVARD,N,2023,SUNDAY,UNDETERMINED,N,Y,49.234575,-123.155268,N,JUNE,N,VANCOUVER,VANCOUVER,VANCOUVER,Y,Y,N,LOWER MAINLAND,ARBUTUS GREENWAY & EAST BOULEVARD & W 41ST AVE & WEST BOULEVARD,W 41ST AVE,W 41ST AVE,15:00-17:59,1,0
N,PROPERTY DAMAGE ONLY,ELMBRIDGE WAY,N,2023,SUNDAY,REAR END,N,Y,49.172017,-123.140225,N,JUNE,N,RICHMOND,RICHMOND,RICHMOND,N,N,N,LOWER MAINLAND,ACKROYD RD & ELMBRIDGE WAY & MINORU BLVD,MINORU BLVD,MINORU BLVD,15:00-17:59,1,0
N,PROPERTY DAMAGE ONLY,ESPLANADE,N,2023,SUNDAY,UNDETERMINED,N,Y,48.435736,-123.302393,N,JUNE,N,OAK BAY,OAK BAY,OAK BAY,Y,N,N,VANCOUVER ISLAND,ESPLANADE & ESTEVAN AVE,ESTEVAN AVE,ESTEVAN AVE,15:00-17:59,1,0
N,PROPERTY DAMAGE ONLY,FORT ST,N,2023,SUNDAY,REAR END,N,Y,48.425102,-123.36981,N,JUNE,N,VICTORIA,VICTORIA,VICTORIA,N,N,N,VANCOUVER ISLAND,FORT ST & WHARF ST,WHARF ST,WHARF ST,15:00-17:59,1,0
N,PROPERTY DAMAGE ONLY,GLADSTONE ST,N,2023,SUNDAY,SIDE SWIPE - SAME DIRECTION,N,Y,49.243562,-123.06181,N,JUNE,N,VANCOUVER,VANCOUVER,VANCOUVER,N,N,N,LOWER MAINLAND,GLADSTONE ST & KINGSWAY,KINGSWAY,KINGSWAY,15:00-17:59,1,0
N,PROPERTY DAMAGE ONLY,GOODWIN RD,N,2023,SUNDAY,HEAD ON,N,N,\N,\N,N,JUNE,N,CAMPBELL RIVER,CAMPBELL RIVER,\N,N,N,N,VANCOUVER ISLAND,UNKNOWN,S ALDER ST,S ALDER ST,15:00-17:59,1,0
N,PROPERTY DAMAGE ONLY,GORGE RD E,N,2023,SUNDAY,SIDE IMPACT,N,Y,48.443087,-123.3819,N,JUNE,N,VICTORIA,VICTORIA,VICTORIA,N,N,N,VANCOUVER ISLAND,GORGE RD E & WASHINGTON AVE,WASHINGTON AVE,WASHINGTON AVE,15:00-17:59,1,0
N,PROPERTY DAMAGE ONLY,GRANVILLE ST,N,2023,SUNDAY,REAR END,N,Y,49.208534,-123.140534,N,JUNE,N,VANCOUVER,VANCOUVER,VANCOUVER,N,N,N,LOWER MAINLAND,GRANVILLE ST & W 70TH AVE,W 70TH AVE,W 70TH AVE,15:00-17:59,1,0
N,PROPERTY DAMAGE ONLY,GREAT NORTHERN WAY,N,2023,SUNDAY,HEAD ON,N,Y,49.26524,-123.081306,N,JUNE,N,VANCOUVER,VANCOUVER,VANCOUVER,N,N,N,LOWER MAINLAND,E 6TH AVE & GLEN DR & GREAT NORTHERN WAY,GLEN DR,GLEN DR,15:00-17:59,1,0
N,PROPERTY DAMAGE ONLY,GREENALL AVE,N,2023,SUNDAY,CONFLICTED,N,Y,49.214821,-123.017971,N,JUNE,N,BURNABY,BURNABY,BURNABY,N,N,N,LOWER MAINLAND,GREENALL AVE & RUMBLE ST,RUMBLE ST,RUMBLE ST,15:00-17:59,1,0
N,PROPERTY DAMAGE ONLY,HASTINGS ST,N,2023,SUNDAY,UNDETERMINED,N,Y,49.280984,-122.997474,N,JUNE,N,BURNABY,BURNABY,BURNABY,Y,Y,N,LOWER MAINLAND,BETA AVE & HASTINGS ST,BETA AVE,BETA AVE,15:00-17:59,1,0
N,PROPERTY DAMAGE ONLY,HAZEL ST,N,2023,SUNDAY,CONFLICTED,N,Y,49.175955,-121.939439,N,JUNE,N,CHILLIWACK,CHILLIWACK,CHILLIWACK,N,N,N,LOWER MAINLAND,HAZEL ST & YALE RD,YALE RD,YALE RD,15:00-17:59,1,0
N,PROPERTY DAMAGE ONLY,HEAD OF THE LAKE RD,N,2023,SUNDAY,SIDE IMPACT,N,Y,50.361261,-119.286119,N,JUNE,N,SPALLUMCHEEN,SPALLUMCHEEN,SPALLUMCHEEN,N,N,N,SOUTHERN INTERIOR,HEAD OF THE LAKE RD & HWY 97 & ST ANNES RD & ACCESS ROAD & TURNING LANE,HWY 97,HWY 97,15:00-17:59,1,0
N,PROPERTY DAMAGE ONLY,HIGH ST,N,2023,SUNDAY,REAR END,N,Y,49.024879,-122.819428,N,JUNE,N,WHITE ROCK,WHITE ROCK,WHITE ROCK,Y,N,N,LOWER MAINLAND,HIGH ST & MARINE DR,MARINE DR,MARINE DR,15:00-17:59,1,0
N,PROPERTY DAMAGE ONLY,HORLEY ST,N,2023,SUNDAY,REAR END,N,Y,49.237355,-123.040967,N,JUNE,N,VANCOUVER,VANCOUVER,VANCOUVER,N,N,N,LOWER MAINLAND,HORLEY ST & RUPERT ST,RUPERT ST,RUPERT ST,15:00-17:59,1,0
N,PROPERTY DAMAGE ONLY,HWY 1,N,2023,SUNDAY,SINGLE VEHICLE,N,Y,48.769611,-123.698803,N,JUNE,N,DUNCAN,DUNCAN,DUNCAN,N,N,N,VANCOUVER ISLAND,BOYS RD & JACOB RD & TRANS-CANADA HWY & TURNING LANE,BOYS RD,BOYS RD,15:00-17:59,1,0
N,PROPERTY DAMAGE ONLY,HWY 15,N,2023,SUNDAY,SIDE SWIPE - SAME DIRECTION,N,Y,49.181569,-122.734867,N,JUNE,N,SURREY,SURREY,SURREY,N,N,N,LOWER MAINLAND,176 ST & 176 ST OFFRAMP & 176 ST ONRAMP & TRANS-CANADA HWY,TRANS-CANADA HWY,TRANS-CANADA HWY,15:00-17:59,1,0
N,PROPERTY DAMAGE ONLY,HWY 33,N,2023,SUNDAY,REAR END,N,Y,49.88897,-119.386858,N,JUNE,N,KELOWNA,KELOWNA,KELOWNA,N,N,N,SOUTHERN INTERIOR,HWY 33 E & HWY 33 W & RUTLAND RD N & RUTLAND RD S,RUTLAND RD N,RUTLAND RD N,15:00-17:59,1,0
N,PROPERTY DAMAGE ONLY,HWY 91A,N,2023,SUNDAY,SIDE SWIPE - SAME DIRECTION,N,Y,49.172894,-122.955074,N,JUNE,N,DELTA,DELTA,DELTA,N,N,N,LOWER MAINLAND,CLIVEDEN AVE OFFRAMP & HWY 91 & HWY 91A & W CHANNEL BRIDGE,HWY 91,HWY 91,15:00-17:59,1,0
N,PROPERTY DAMAGE ONLY,HYLAND RD,N,2023,SUNDAY,REAR END,N,Y,49.124004,-122.823307,N,JUNE,N,SURREY,SURREY,SURREY,N,N,N,LOWER MAINLAND,144 ST & HYLAND RD,144 ST,144 ST,15:00-17:59,1,0
N,PROPERTY DAMAGE ONLY,IRONWORKERS MEMORIAL BRIDGE,N,2023,SUNDAY,REAR END,N,Y,49.304852,-123.027413,N,JUNE,N,NORTH VANCOUVER,NORTH VANCOUVER,NORTH VANCOUVER,N,N,N,LOWER MAINLAND,DOLLARTON HWY & DOLLARTON HWY OFFRAMP & DOLLARTON HWY ONRAMP & IRONWORKERS MEMORIAL BRIDGE & MAIN ST & MAIN ST OFFRAMP & MAIN ST ONRAMP & PHIBBS EXCHANGE & TRANS-CANADA HWY & EMERGENCY LANE & HIGHWAY RAMP & TURNING LANE,HWY 1,HWY 1,15:00-17:59,1,0
N,PROPERTY DAMAGE ONLY,KING EDWARD ST,N,2023,SUNDAY,SIDE IMPACT,N,Y,49.232734,-122.861588,N,JUNE,N,COQUITLAM,COQUITLAM,COQUITLAM,N,N,N,LOWER MAINLAND,KING EDWARD ST & WOOLRIDGE ST,WOOLRIDGE ST,WOOLRIDGE ST,15:00-17:59,1,0
N,PROPERTY DAMAGE ONLY,KING EDWARD ST,N,2023,SUNDAY,SIDE SWIPE - SAME DIRECTION,N,N,\N,\N,N,JUNE,N,VANCOUVER,VANCOUVER,\N,N,N,N,LOWER MAINLAND,UNKNOWN,GRANVILLE ST,GRANVILLE ST,15:00-17:59,1,0
N,PROPERTY DAMAGE ONLY,KING GEORGE BLVD,N,2023,SUNDAY,HEAD ON,N,Y,49.03401,-122.779214,N,JUNE,N,SURREY,SURREY,SURREY,N,N,N,LOWER MAINLAND,160 ST & KING GEORGE BLVD,160 ST,160 ST,15:00-17:59,1,0
N,PROPERTY DAMAGE ONLY,KING GEORGE BLVD,N,2023,SUNDAY,SINGLE VEHICLE,N,Y,49.136492,-122.845607,N,JUNE,N,SURREY,SURREY,SURREY,N,N,N,LOWER MAINLAND,73A AVE & KING GEORGE BLVD,73A AVE,73A AVE,15:00-17:59,1,0
N,PROPERTY DAMAGE ONLY,KING GEORGE HWY,N,2023,SUNDAY,SIDE IMPACT,N,Y,49.133554,-122.845583,N,JUNE,N,SURREY,SURREY,SURREY,Y,Y,N,LOWER MAINLAND,72 AVE & KING GEORGE BLVD & TURNING LANE,72 AVE,72 AVE,15:00-17:59,1,0
N,PROPERTY DAMAGE ONLY,KNIGHT ST,N,2023,SUNDAY,REAR END,N,Y,49.211079,-123.077129,N,JUNE,N,VANCOUVER,VANCOUVER,VANCOUVER,N,N,N,LOWER MAINLAND,KNIGHT ST & KNIGHT ST BRIDGE & SE MARINE DR & SE MARINE DR OFFRAMP & SE MARINE DR ONRAMP & BUS LANE,SE MARINE DR,SE MARINE DR,15:00-17:59,1,0
N,PROPERTY DAMAGE ONLY,LIBERATOR AVE,N,2023,SUNDAY,UNDETERMINED,N,Y,49.025422,-122.381584,N,JUNE,N,ABBOTSFORD,ABBOTSFORD,ABBOTSFORD,Y,Y,N,LOWER MAINLAND,CORNELL ST & LIBERATOR AVE,CORNELL ST,CORNELL ST,15:00-17:59,1,0
N,PROPERTY DAMAGE ONLY,LONSDALE AVE,N,2023,SUNDAY,REAR END,N,Y,49.331967,-123.072107,N,JUNE,N,NORTH VANCOUVER,NORTH VANCOUVER,NORTH VANCOUVER,N,N,N,LOWER MAINLAND,E 25TH ST & E 25TH ST OFFRAMP & E 25TH ST ONRAMP & LONSDALE AVE & LONSDALE AVE OFFRAMP & LONSDALE AVE ONRAMP & TRANS-CANADA HWY & W 25TH ST & TURNING LANE,HWY 1,HWY 1,15:00-17:59,1,0
N,PROPERTY DAMAGE ONLY,LOUGHEED MERIDIAN RD,N,2023,SUNDAY,SIDE SWIPE - SAME DIRECTION,N,N,\N,\N,N,JUNE,N,PORT COQUITLAM,PORT COQUITLAM,\N,N,N,N,LOWER MAINLAND,UNKNOWN,LOUGHEED HWY,LOUGHEED HWY,15:00-17:59,1,0
N,PROPERTY DAMAGE ONLY,LYNN AVE,N,2023,SUNDAY,SIDE SWIPE - SAME DIRECTION,N,Y,49.306469,-123.036923,N,JUNE,N,NORTH VANCOUVER,NORTH VANCOUVER,NORTH VANCOUVER,N,N,N,LOWER MAINLAND,LYNN AVE & MAIN ST,MAIN ST,MAIN ST,15:00-17:59,1,0
N,PROPERTY DAMAGE ONLY,MACDONALD ST,N,2023,SUNDAY,UNDETERMINED,N,Y,49.227315,-123.16743,N,JUNE,N,VANCOUVER,VANCOUVER,VANCOUVER,N,N,N,LOWER MAINLAND,MACDONALD ST & W 49TH AVE,W 49TH AVE,W 49TH AVE,15:00-17:59,1,0
N,PROPERTY DAMAGE ONLY,MACKENZIE ST,N,2023,SUNDAY,SIDE SWIPE - SAME DIRECTION,N,Y,49.261396,-123.170251,N,JUNE,N,VANCOUVER,VANCOUVER,VANCOUVER,Y,N,N,LOWER MAINLAND,MACKENZIE ST & W 12TH AVE,W 12TH AVE,W 12TH AVE,15:00-17:59,1,0
N,PROPERTY DAMAGE ONLY,MAIN ST,N,2023,SUNDAY,REAR END,N,Y,49.269078,-123.100707,N,JUNE,N,VANCOUVER,VANCOUVER,VANCOUVER,N,N,N,LOWER MAINLAND,E 2ND AVE & MAIN ST,E 2ND AVE,E 2ND AVE,15:00-17:59,1,0
N,PROPERTY DAMAGE ONLY,MARINE PARK DR NE,N,2023,SUNDAY,UNDETERMINED,N,Y,50.704001,-119.280658,N,JUNE,N,SALMON ARM,SALMON ARM,SALMON ARM,Y,Y,N,SOUTHERN INTERIOR,LAKESHORE DR NE & MARINE PARK DR NE,LAKESHORE DR NE,LAKESHORE DR NE,15:00-17:59,1,0
N,PROPERTY DAMAGE ONLY,MARSHALL RD,N,2023,SUNDAY,HEAD ON,N,Y,49.038163,-122.318464,N,JUNE,N,ABBOTSFORD,ABBOTSFORD,ABBOTSFORD,N,N,N,LOWER MAINLAND,EMERSON ST & MARSHALL RD,EMERSON ST,EMERSON ST,15:00-17:59,1,0
N,PROPERTY DAMAGE ONLY,MARY ELLEN DR,N,2023,SUNDAY,REAR END,N,Y,49.24105,-124.054011,N,JUNE,N,NANAIMO,NANAIMO,NANAIMO,N,Y,N,VANCOUVER ISLAND,MARY ELLEN DR & MALL ACCESS & TURNING LANE,ISLAND HWY N,ISLAND HWY N,15:00-17:59,1,0
N,PROPERTY DAMAGE ONLY,MARY HILL BYPASS,N,2023,SUNDAY,REAR END,N,Y,49.240773,-122.761896,N,JUNE,N,PORT COQUITLAM,PORT COQUITLAM,PORT COQUITLAM,N,N,N,LOWER MAINLAND,BROADWAY ST & MARY HILL BYPASS & TURNING LANE,BROADWAY ST,BROADWAY ST,15:00-17:59,1,0
N,PROPERTY DAMAGE ONLY,MCCALLUM RD,N,2023,SUNDAY,REAR END,N,Y,49.034944,-122.2928,N,JUNE,N,ABBOTSFORD,ABBOTSFORD,ABBOTSFORD,N,N,N,LOWER MAINLAND,HAWTHORNE AVE & KING RD & KING RD CONN & KING RD ONRAMP & MCCALLUM RD & MCCALLUM RD OFFRAMP & MCCALLUM RD ONRAMP & TRANS-CANADA HWY,HWY 1,HWY 1,15:00-17:59,1,0
N,PROPERTY DAMAGE ONLY,MCKNIGHT PL,N,2023,SUNDAY,SIDE SWIPE - OPPOSITE DIRECTION,N,Y,49.234111,-124.016947,N,JUNE,N,NANAIMO,NANAIMO,NANAIMO,N,N,N,VANCOUVER ISLAND,HAMMOND BAY RD & MCKNIGHT PL & PARKWAY DR,HAMMOND BAY RD,HAMMOND BAY RD,15:00-17:59,1,0
N,PROPERTY DAMAGE ONLY,MCPHEE AVE,N,2023,SUNDAY,REAR END,N,Y,49.684309,-125.002156,N,JUNE,N,COURTENAY,COURTENAY,COURTENAY,N,N,N,VANCOUVER ISLAND,CUMBERLAND RD & MCPHEE AVE,CUMBERLAND RD,CUMBERLAND RD,15:00-17:59,1,0
N,PROPERTY DAMAGE ONLY,MINTON RD,N,2023,SUNDAY,SINGLE VEHICLE,N,N,\N,\N,N,JUNE,N,FERNIE,FERNIE,\N,N,Y,N,SOUTHERN INTERIOR,UNKNOWN,MT MCLEAN DR,MT MCLEAN DR,15:00-17:59,1,0
N,PROPERTY DAMAGE ONLY,MORRISSEY RD,N,2023,SUNDAY,REAR END,N,Y,49.27936,-122.829047,N,JUNE,N,PORT MOODY,PORT MOODY,PORT MOODY,N,N,N,LOWER MAINLAND,MORRISSEY RD & SUTER BROOK WAY,SUTER BROOK WAY,SUTER BROOK WAY,15:00-17:59,1,0
N,PROPERTY DAMAGE ONLY,MT LEHMAN RD,N,2023,SUNDAY,REAR END,N,Y,49.017099,-122.386541,N,JUNE,N,ABBOTSFORD,ABBOTSFORD,ABBOTSFORD,N,N,N,LOWER MAINLAND,HUNTINGDON RD & MT LEHMAN RD,HUNTINGDON RD,HUNTINGDON RD,15:00-17:59,1,0
N,PROPERTY DAMAGE ONLY,,N,2023,SUNDAY,UNDETERMINED,N,N,\N,\N,N,JUNE,N,KELOWNA,KELOWNA,\N,Y,Y,N,SOUTHERN INTERIOR,UNKNOWN,HWY 97,HWY 97,15:00-17:59,1,0
N,PROPERTY DAMAGE ONLY,NO 5 RD,N,2023,SUNDAY,UNDETERMINED,N,Y,49.133365,-123.092135,N,JUNE,N,RICHMOND,RICHMOND,RICHMOND,Y,Y,N,LOWER MAINLAND,NO 5 RD & STEVESTON HWY & TURNING LANE,STEVESTON HWY,STEVESTON HWY,15:00-17:59,1,0
N,PROPERTY DAMAGE ONLY,NORTH BLUFF RD,N,2023,SUNDAY,SIDE IMPACT,N,Y,49.031066,-122.780663,N,JUNE,N,SURREY,SURREY,SURREY & WHITE ROCK,Y,N,N,LOWER MAINLAND,NORTH BLUFF RD & STEVENS ST,STEVENS ST,STEVENS ST,15:00-17:59,1,0
N,PROPERTY DAMAGE ONLY,OAK ST,N,2023,SUNDAY,SIDE IMPACT,N,Y,49.204906,-123.129668,N,JUNE,N,VANCOUVER,VANCOUVER,VANCOUVER,N,N,N,LOWER MAINLAND,OAK ST & OAK ST BRIDGE & OAK ST OFFRAMP & SW MARINE DR & SW MARINE DR OFFRAMP & W 72ND AVE & TURNING LANE,SW MARINE DR,SW MARINE DR,15:00-17:59,1,0
N,PROPERTY DAMAGE ONLY,OLD ISLAND HWY,N,2023,SUNDAY,SIDE IMPACT,N,Y,48.451963,-123.463389,N,JUNE,N,VIEW ROYAL,VIEW ROYAL,VIEW ROYAL,N,N,N,VANCOUVER ISLAND,ISLAND HWY & WILFERT RD & TURNING LANE,WILFERT RD,WILFERT RD,15:00-17:59,1,0
N,PROPERTY DAMAGE ONLY,OTTAWA ST,N,2023,SUNDAY,CONFLICTED,N,Y,49.255475,-122.747715,N,JUNE,N,PORT COQUITLAM,PORT COQUITLAM,PORT COQUITLAM,Y,Y,N,LOWER MAINLAND,LOUGHEED HWY & OTTAWA ST & TURNING LANE,LOUGHEED HWY,LOUGHEED HWY,15:00-17:59,1,0
N,PROPERTY DAMAGE ONLY,OXFORD ST,N,2023,SUNDAY,UNDETERMINED,N,Y,49.263719,-122.767413,N,JUNE,N,PORT COQUITLAM,PORT COQUITLAM,PORT COQUITLAM,N,N,N,LOWER MAINLAND,LOUGHEED HWY & OXFORD CONN & OXFORD ST & TURNING LANE,LOUGHEED HWY,LOUGHEED HWY,15:00-17:59,1,0
N,PROPERTY DAMAGE ONLY,PARK ST,N,2023,SUNDAY,UNDETERMINED,N,Y,49.132977,-122.319506,N,JUNE,N,MISSION,MISSION,MISSION,N,Y,N,LOWER MAINLAND,LOUGHEED HWY & PARK ST & MALL ACCESS,LOUGHEED HWY,LOUGHEED HWY,15:00-17:59,1,0
N,PROPERTY DAMAGE ONLY,PARKER ST,N,2023,SUNDAY,SIDE SWIPE - SAME DIRECTION,N,Y,49.275759,-123.023534,N,JUNE,N,BURNABY,BURNABY,BURNABY & VANCOUVER,N,N,N,LOWER MAINLAND,BOUNDARY RD & PARKER ST,BOUNDARY RD,BOUNDARY RD,15:00-17:59,1,0
N,PROPERTY DAMAGE ONLY,PAT BAY HWY,N,2023,SUNDAY,REAR END,N,Y,48.537577,-123.389272,N,JUNE,N,SAANICH,SAANICH,SAANICH,N,N,N,VANCOUVER ISLAND,PATRICIA BAY HWY & SAYWARD RD & TURNING LANE,SAYWARD RD,SAYWARD RD,15:00-17:59,1,0
N,PROPERTY DAMAGE ONLY,QUEBEC ST,N,2023,SUNDAY,REAR END,N,Y,49.269212,-123.102714,N,JUNE,N,VANCOUVER,VANCOUVER,VANCOUVER,N,N,N,LOWER MAINLAND,E 2ND AVE & QUEBEC ST,E 2ND AVE,E 2ND AVE,15:00-17:59,1,0
N,PROPERTY DAMAGE ONLY,QUEENBOROUGH CONNECTOR,N,2023,SUNDAY,SINGLE VEHICLE,N,N,\N,\N,N,JUNE,N,NEW WESTMINSTER,NEW WESTMINSTER,\N,N,N,N,LOWER MAINLAND,UNKNOWN,HOWES ST,HOWES ST,15:00-17:59,1,0
N,PROPERTY DAMAGE ONLY,QUESNEL RIVER BRIDGE,N,2023,SUNDAY,SINGLE VEHICLE,N,Y,52.983931,-122.480894,N,JUNE,N,QUESNEL,QUESNEL,QUESNEL,N,N,N,NORTH CENTRAL,HWY 97 & QUESNEL RIVER BRIDGE,HWY 97,HWY 97,15:00-17:59,1,0
N,PROPERTY DAMAGE ONLY,RESERVOIR RD,N,2023,SUNDAY,SIDE IMPACT,N,Y,49.098645,-117.727729,N,JUNE,N,TRAIL,TRAIL,TRAIL,Y,N,N,SOUTHERN INTERIOR,ESLING ST & RESERVOIR RD,ESLING ST,ESLING ST,15:00-17:59,1,0
N,PROPERTY DAMAGE ONLY,RICHMOND ST,N,2023,SUNDAY,UNDETERMINED,N,Y,49.216515,-122.893872,N,JUNE,N,NEW WESTMINSTER,NEW WESTMINSTER,NEW WESTMINSTER,N,N,N,LOWER MAINLAND,E COLUMBIA ST & RICHMOND ST,E COLUMBIA ST,E COLUMBIA ST,15:00-17:59,1,0
N,PROPERTY DAMAGE ONLY,RICHTER ST,N,2023,SUNDAY,REAR END,N,Y,49.855184,-119.490314,N,JUNE,N,KELOWNA,KELOWNA,KELOWNA,N,N,N,SOUTHERN INTERIOR,LAKESHORE RD & RICHTER ST & TURNING LANE,LAKESHORE RD,LAKESHORE RD,15:00-17:59,1,0
N,PROPERTY DAMAGE ONLY,RIVER ROAD,N,2023,SUNDAY,REAR END,N,N,\N,\N,N,JUNE,N,DELTA,DELTA,\N,N,N,N,LOWER MAINLAND,UNKNOWN,HWY 99,HWY 99,15:00-17:59,1,0
N,PROPERTY DAMAGE ONLY,SCHOOLHOUSE ST,N,2023,SUNDAY,SIDE IMPACT,N,Y,49.232628,-122.852676,N,JUNE,N,COQUITLAM,COQUITLAM,COQUITLAM,N,N,N,LOWER MAINLAND,LOUGHEED HWY & SCHOOLHOUSE ST & WOOLRIDGE ST & INSTITUTIONAL ACCESS & TURNING LANE,LOUGHEED HWY,LOUGHEED HWY,15:00-17:59,1,0
N,PROPERTY DAMAGE ONLY,SCOTT RD,N,2023,SUNDAY,SIDE IMPACT,N,Y,49.11933,-122.890416,N,JUNE,N,DELTA,DELTA,DELTA & SURREY,N,Y,N,LOWER MAINLAND,120 ST & 64 AVE,64 AVE,64 AVE,15:00-17:59,1,0
N,PROPERTY DAMAGE ONLY,SEAFORTH DR,Y,2023,SUNDAY,SINGLE VEHICLE,N,Y,49.253145,-123.033804,N,JUNE,N,VANCOUVER,VANCOUVER,VANCOUVER,N,N,N,LOWER MAINLAND,E 19TH AVE & RUPERT ST & SEAFORTH DR,RUPERT ST,RUPERT ST,15:00-17:59,1,0
N,PROPERTY DAMAGE ONLY,SHAUGHNESSY ST,N,2023,SUNDAY,SINGLE VEHICLE,N,Y,49.227198,-122.795647,N,JUNE,N,PORT COQUITLAM,PORT COQUITLAM,PORT COQUITLAM,N,N,N,LOWER MAINLAND,ARGUE ST & MARY HILL BYPASS & SHAUGHNESSY ST & TURNING LANE,MARY HILL BYPASS,MARY HILL BYPASS,15:00-17:59,1,0
N,PROPERTY DAMAGE ONLY,STEVESTON HWY,N,2023,SUNDAY,SIDE IMPACT,N,Y,49.133365,-123.092135,N,JUNE,N,RICHMOND,RICHMOND,RICHMOND,N,Y,N,LOWER MAINLAND,NO 5 RD & STEVESTON HWY & TURNING LANE,NO 5 RD,NO 5 RD,15:00-17:59,1,0
N,PROPERTY DAMAGE ONLY,TAYLOR WAY,N,2023,SUNDAY,REAR END,N,Y,49.32717,-123.134922,N,JUNE,N,WEST VANCOUVER,WEST VANCOUVER,WEST VANCOUVER,N,N,N,LOWER MAINLAND,MARINE DR & TAYLOR WAY & TURNING LANE,MARINE DR,MARINE DR,15:00-17:59,1,0
N,PROPERTY DAMAGE ONLY,UNITED BLVD,N,2023,SUNDAY,REAR END,N,Y,49.219251,-122.812916,N,JUNE,N,COQUITLAM,COQUITLAM,COQUITLAM,N,N,N,LOWER MAINLAND,COLEMAN AVE & COLEMAN AVE ONRP & FAWCETT RD & HWY 7 OFRP & HWY 7B OFRP & LEEDER ST & LOUGHEED HWY & LOUGHEED HWY ONRP & MARY HILL BYPASS & MARY HILL BYPASS ONRP & TRANS-CANADA HWY & TRANS-CANADA HWY OFRP & TRANS-CANADA HWY ONRP & UNITED BLVD & UNITED BLV,HWY 7,HWY 7,15:00-17:59,1,0
N,PROPERTY DAMAGE ONLY,UNKNOWN,N,2023,SUNDAY,SIDE SWIPE - SAME DIRECTION,N,N,\N,\N,N,JUNE,N,VANCOUVER,VANCOUVER,\N,N,N,N,LOWER MAINLAND,UNKNOWN,CAMBIE ST,CAMBIE ST,15:00-17:59,1,0
N,PROPERTY DAMAGE ONLY,W 15TH AVE,N,2023,SUNDAY,SINGLE VEHICLE,N,Y,49.258329,-123.16025,N,JUNE,N,VANCOUVER,VANCOUVER,VANCOUVER,N,N,N,LOWER MAINLAND,BALSAM ST & W 15TH AVE,BALSAM ST,BALSAM ST,15:00-17:59,1,0
N,PROPERTY DAMAGE ONLY,W 29TH AVE,N,2023,SUNDAY,UNDETERMINED,N,Y,49.246166,-123.185255,N,JUNE,N,VANCOUVER,VANCOUVER,VANCOUVER,Y,N,N,LOWER MAINLAND,DUNBAR ST & W 29TH AVE,DUNBAR ST,DUNBAR ST,15:00-17:59,1,0
N,PROPERTY DAMAGE ONLY,W 32ND AVE,N,2023,SUNDAY,UNDETERMINED,N,Y,49.24368,-123.139206,N,JUNE,N,VANCOUVER,VANCOUVER,VANCOUVER,N,N,N,LOWER MAINLAND,GRANVILLE ST & W 32ND AVE,GRANVILLE ST,GRANVILLE ST,15:00-17:59,1,0
N,PROPERTY DAMAGE ONLY,W 41ST AVE,N,2023,SUNDAY,OVERTAKING,N,Y,49.234772,-123.193723,N,JUNE,N,VANCOUVER,VANCOUVER,VANCOUVER,Y,N,N,LOWER MAINLAND,CROWN ST & W 41ST AVE,CROWN ST,CROWN ST,15:00-17:59,1,0
N,PROPERTY DAMAGE ONLY,W 4TH AVE,N,2023,SUNDAY,CONFLICTED,N,Y,49.268607,-123.185686,N,JUNE,N,VANCOUVER,VANCOUVER,VANCOUVER,N,N,N,LOWER MAINLAND,ALMA ST & W 4TH AVE,ALMA ST,ALMA ST,15:00-17:59,1,0
N,PROPERTY DAMAGE ONLY,W 62ND AVE,N,2023,SUNDAY,SINGLE VEHICLE,N,Y,49.215028,-123.14754,N,JUNE,N,VANCOUVER,VANCOUVER,VANCOUVER,N,N,N,LOWER MAINLAND,EAST BOULEVARD & W 62ND AVE,EAST BOULEVARD,EAST BOULEVARD,15:00-17:59,1,0
N,PROPERTY DAMAGE ONLY,W 64TH AVE,N,2023,SUNDAY,HEAD ON,N,Y,49.213135,-123.139029,N,JUNE,N,VANCOUVER,VANCOUVER,VANCOUVER,Y,N,N,LOWER MAINLAND,FRENCH ST & W 64TH AVE,FRENCH ST,FRENCH ST,15:00-17:59,1,0
N,PROPERTY DAMAGE ONLY,W 64TH AVE,N,2023,SUNDAY,SIDE SWIPE - OPPOSITE DIRECTION,N,Y,49.213135,-123.139029,N,JUNE,N,VANCOUVER,VANCOUVER,VANCOUVER,N,N,N,LOWER MAINLAND,FRENCH ST & W 64TH AVE,FRENCH ST,FRENCH ST,15:00-17:59,1,0
N,PROPERTY DAMAGE ONLY,W 70TH AVE,N,2023,SUNDAY,SIDE IMPACT,N,Y,49.208533,-123.134489,N,JUNE,N,VANCOUVER,VANCOUVER,VANCOUVER,Y,N,N,LOWER MAINLAND,HUDSON ST & W 70TH AVE,HUDSON ST,HUDSON ST,15:00-17:59,1,0
N,PROPERTY DAMAGE ONLY,W HASTINGS ST,N,2023,SUNDAY,SIDE IMPACT,N,Y,49.290471,-123.128394,N,JUNE,N,VANCOUVER,VANCOUVER,VANCOUVER,N,N,N,LOWER MAINLAND,NICOLA ST & W HASTINGS ST,NICOLA ST,NICOLA ST,15:00-17:59,1,0
N,PROPERTY DAMAGE ONLY,WHATCOM RD,N,2023,SUNDAY,UNDETERMINED,N,Y,49.038282,-122.219313,N,JUNE,Y,ABBOTSFORD,ABBOTSFORD,ABBOTSFORD,N,N,N,LOWER MAINLAND,SOUTH PARALLEL RD & WHATCOM RD,SOUTH PARALLEL RD,SOUTH PARALLEL RD,15:00-17:59,1,0
N,PROPERTY DAMAGE ONLY,WILLINGDON AVE,N,2023,SUNDAY,SIDE SWIPE - SAME DIRECTION,N,Y,49.281015,-123.003121,N,JUNE,N,BURNABY,BURNABY,BURNABY,N,N,N,LOWER MAINLAND,HASTINGS ST & WILLINGDON AVE,HASTINGS ST,HASTINGS ST,15:00-17:59,1,0
N,PROPERTY DAMAGE ONLY,YATES ST,Y,2023,SUNDAY,SINGLE VEHICLE,N,Y,48.425388,-123.356494,N,JUNE,N,VICTORIA,VICTORIA,VICTORIA,N,N,N,VANCOUVER ISLAND,VANCOUVER ST & YATES ST,VANCOUVER ST,VANCOUVER ST,15:00-17:59,1,0
N,PROPERTY DAMAGE ONLY,YEW ST,N,2023,SUNDAY,SIDE IMPACT,N,Y,49.236476,-123.158473,N,JUNE,N,VANCOUVER,VANCOUVER,VANCOUVER,Y,Y,N,LOWER MAINLAND,W 39TH AVE & YEW ST,W 39TH AVE,W 39TH AVE,15:00-17:59,1,0
N,PROPERTY DAMAGE ONLY,YOUNG ST,N,2023,SUNDAY,SIDE IMPACT,N,Y,49.495452,-119.59927,N,JUNE,N,PENTICTON,PENTICTON,PENTICTON,N,N,N,SOUTHERN INTERIOR,WADE AVE W & YOUNG ST,WADE AVE W,WADE AVE W,15:00-17:59,1,0
Y,CASUALTY CRASH,\N,N,2023,SUNDAY,SINGLE VEHICLE,N,N,\N,\N,N,JUNE,N,MILL BAY,MILL BAY,\N,N,N,N,VANCOUVER ISLAND,UNKNOWN,HWY 1,HWY 1,15:00-17:59,1,1
Y,CASUALTY CRASH,\N,N,2023,SUNDAY,SINGLE VEHICLE,N,N,\N,\N,N,JUNE,N,SHAWNIGAN LAKE,SHAWNIGAN LAKE,\N,N,N,N,VANCOUVER ISLAND,UNKNOWN,TRANSCANADA HWY,TRANSCANADA HWY,15:00-17:59,1,2
Y,PROPERTY DAMAGE ONLY,\N,N,2023,SUNDAY,SINGLE VEHICLE,N,N,\N,\N,N,JUNE,N,CHERRYVILLE,CHERRYVILLE,\N,N,N,N,SOUTHERN INTERIOR,UNKNOWN,HWY 6,HWY 6,15:00-17:59,1,0
Y,PROPERTY DAMAGE ONLY,\N,N,2023,SUNDAY,SINGLE VEHICLE,N,N,\N,\N,N,JUNE,N,CHRISTINA LAKE,CHRISTINA LAKE,\N,N,N,N,SOUTHERN INTERIOR,UNKNOWN,HWY 3,HWY 3,15:00-17:59,1,0
Y,PROPERTY DAMAGE ONLY,\N,N,2023,SUNDAY,SINGLE VEHICLE,N,N,\N,\N,N,JUNE,N,FARMINGTON,FARMINGTON,\N,N,N,N,NORTH CENTRAL,UNKNOWN,ALASKA HWY,ALASKA HWY,15:00-17:59,1,0
Y,PROPERTY DAMAGE ONLY,\N,N,2023,SUNDAY,SINGLE VEHICLE,N,N,\N,\N,N,JUNE,N,FERNIE,FERNIE,\N,N,N,N,SOUTHERN INTERIOR,UNKNOWN,HWY 3,HWY 3,15:00-17:59,1,0
Y,PROPERTY DAMAGE ONLY,\N,N,2023,SUNDAY,SINGLE VEHICLE,N,N,\N,\N,N,JUNE,N,FRASER LAKE,FRASER LAKE,\N,N,N,N,NORTH CENTRAL,UNKNOWN,HWY 16,HWY 16,15:00-17:59,1,0
Y,PROPERTY DAMAGE ONLY,\N,N,2023,SUNDAY,SINGLE VEHICLE,N,N,\N,\N,N,JUNE,N,KELOWNA,KELOWNA,\N,N,N,N,SOUTHERN INTERIOR,UNKNOWN,GLENMORE RD,GLENMORE RD,15:00-17:59,1,0
Y,PROPERTY DAMAGE ONLY,\N,N,2023,SUNDAY,SINGLE VEHICLE,N,N,\N,\N,N,JUNE,N,LONE BUTTE,LONE BUTTE,\N,N,N,N,NORTH CENTRAL,UNKNOWN,HWY 24,HWY 24,15:00-17:59,1,0
Y,PROPERTY DAMAGE ONLY,\N,N,2023,SUNDAY,SINGLE VEHICLE,Y,N,\N,\N,N,JUNE,N,DAWSON CREEK,DAWSON CREEK,\N,N,N,N,NORTH CENTRAL,UNKNOWN,HWY 49,HWY 49,15:00-17:59,1,0
Y,PROPERTY DAMAGE ONLY,200 ST,N,2023,SUNDAY,SINGLE VEHICLE,N,Y,49.271441,-122.666785,N,JUNE,N,PITT MEADOWS,PITT MEADOWS,PITT MEADOWS,N,N,N,LOWER MAINLAND,200 ST & MCNEIL RD,MCNEIL RD,MCNEIL RD,15:00-17:59,1,0
Y,PROPERTY DAMAGE ONLY,CAMOSUN ST,N,2023,SUNDAY,SINGLE VEHICLE,N,Y,49.234777,-123.19622,N,JUNE,N,UBC,UBC,UBC & VANCOUVER,N,N,N,LOWER MAINLAND,CAMOSUN ST & SW MARINE DR & W 41ST AVE & TURNING LANE,SW MARINE DR,SW MARINE DR,15:00-17:59,1,0
Y,PROPERTY DAMAGE ONLY,OLSEN RD,N,2023,SUNDAY,SINGLE VEHICLE,N,Y,48.947186,-123.758855,N,JUNE,N,LADYSMITH,LADYSMITH,LADYSMITH,N,N,N,VANCOUVER ISLAND,OLSEN RD & OYSTER WAY RD,OYSTER WAY RD,OYSTER WAY RD,15:00-17:59,1,0
Y,PROPERTY DAMAGE ONLY,REYNOLDS RD,N,2023,SUNDAY,SINGLE VEHICLE,N,Y,48.787081,-123.432604,N,JUNE,N,SALT SPRING ISLAND,SALT SPRING ISLAND,SALT SPRING ISLAND,N,N,N,VANCOUVER ISLAND,BEAVER POINT RD & REYNOLDS RD,BEAVER POINT RD,BEAVER POINT RD,15:00-17:59,1,0
Y,PROPERTY DAMAGE ONLY,SOPHIA ST,N,2023,SUNDAY,SINGLE VEHICLE,N,Y,49.256545,-123.098439,N,JUNE,N,VANCOUVER,VANCOUVER,VANCOUVER,N,N,N,LOWER MAINLAND,E 16TH AVE & SOPHIA ST,E 16TH AVE,E 16TH AVE,15:00-17:59,1,0
Y,PROPERTY DAMAGE ONLY,SPARWOOD HEIGHTS DR,N,2023,SUNDAY,SINGLE VEHICLE,N,Y,49.755733,-114.887241,N,JUNE,N,SPARWOOD,SPARWOOD,SPARWOOD,N,N,N,SOUTHERN INTERIOR,HWY 43 & SPARWOOD HEIGHTS DR & TURNING LANE,HWY 43,HWY 43,15:00-17:59,1,0
Y,PROPERTY DAMAGE ONLY,THROUP RD,N,2023,SUNDAY,SINGLE VEHICLE,N,Y,48.385622,-123.715393,N,JUNE,N,SOOKE,SOOKE,SOOKE,N,N,N,VANCOUVER ISLAND,CHARTERS RD & THROUP RD,CHARTERS RD,CHARTERS RD,15:00-17:59,1,0
Y,PROPERTY DAMAGE ONLY,UNKNOWN,N,2023,SUNDAY,SINGLE VEHICLE,N,N,\N,\N,N,JUNE,N,WILLIAMS LAKE,WILLIAMS LAKE,\N,N,N,N,NORTH CENTRAL,UNKNOWN,HODGSON RD,HODGSON RD,15:00-17:59,1,0
Y,PROPERTY DAMAGE ONLY,WALLACE DR,N,2023,SUNDAY,SINGLE VEHICLE,N,Y,48.53998,-123.438455,N,JUNE,N,SAANICH,SAANICH,SAANICH,N,N,N,VANCOUVER ISLAND,WALLACE DR & WILLIS POINT RD,WILLIS POINT RD,WILLIS POINT RD,15:00-17:59,1,0
