ANIMAL_FLAG,CRASH_SEVERITY,CROSS_STREET_FULL_NAME,CYCLIST_FLAG,DATE_OF_LOSS_YEAR,DAY_OF_WEEK,DERIVED_CRASH_CONFIGURATION,HEAVY_VEH_FLAG,INTERSECTION_CRASH,LATITUDE,LONGITUDE,MID_BLOCK_CRASH,MONTH_OF_YEAR,MOTORCYCLE_FLAG,Municipality Name (ifnull),MUNICIPALITY_NAME,MUNICIPALITY_WITH_BOUNDARY,PARKED_VEHICLE_FLAG,PARKING_LOT_FLAG,PEDESTRIAN_FLAG,REGION,ROAD_LOCATION_DESCRIPTION,Street Full Name (ifnull),STREET_FULL_NAME,TIME_CATEGORY,TOTAL_CRASHES,TOTAL_VICTIMS
N,CASUALTY CRASH,\N,N,2023,SATURDAY,CONFLICTED,N,N,49.107253,-121.959912,Y,DECEMBER,N,CHILLIWACK,CHILLIWACK,CHILLIWACK,N,Y,N,LOWER MAINLAND,VEDDER RD # 005700 TO 005780,VEDDER RD,VEDDER RD,12:00-14:59,1,1
N,CASUALTY CRASH,\N,N,2023,SATURDAY,CONFLICTED,N,N,49.122602,-122.661894,Y,DECEMBER,N,LANGLEY,LANGLEY,LANGLEY,N,Y,N,LOWER MAINLAND,66 AVE # 020170 TO 020299,66 AVE,66 AVE,12:00-14:59,1,1
N,CASUALTY CRASH,\N,N,2023,SATURDAY,CONFLICTED,N,N,49.749234,-118.984176,Y,DECEMBER,N,BIG WHITE,BIG WHITE,BIG WHITE,N,N,N,SOUTHERN INTERIOR,BIG WHITE RD # 002570 TO 003051,BIG WHITE RD,BIG WHITE RD,12:00-14:59,1,3
N,CASUALTY CRASH,\N,N,2023,SATURDAY,HEAD ON,N,N,\N,\N,N,DECEMBER,N,DELTA,DELTA,\N,N,N,N,LOWER MAINLAND,UNKNOWN,HWY 17,HWY 17,12:00-14:59,1,2
N,CASUALTY CRASH,\N,N,2023,SATURDAY,REAR END,N,N,\N,\N,N,DECEMBER,N,LANGLEY,LANGLEY,\N,N,N,N,LOWER MAINLAND,UNKNOWN,202 ST,202 ST,12:00-14:59,1,2
N,CASUALTY CRASH,\N,N,2023,SATURDAY,REAR END,N,N,\N,\N,N,DECEMBER,N,LANGLEY,LANGLEY,\N,N,N,N,LOWER MAINLAND,UNKNOWN,HWY 1,HWY 1,12:00-14:59,2,4
N,CASUALTY CRASH,\N,N,2023,SATURDAY,REAR END,N,N,\N,\N,N,DECEMBER,N,NORTH VANCOUVER,NORTH VANCOUVER,\N,N,N,N,LOWER MAINLAND,UNKNOWN,HWY 1,HWY 1,12:00-14:59,1,1
N,CASUALTY CRASH,\N,N,2023,SATURDAY,REAR END,N,N,\N,\N,N,DECEMBER,N,SOOKE,SOOKE,\N,N,N,N,VANCOUVER ISLAND,UNKNOWN,SOOKE RD,SOOKE RD,12:00-14:59,1,1
N,CASUALTY CRASH,\N,N,2023,SATURDAY,REAR END,N,N,\N,\N,N,DECEMBER,N,SURREY,SURREY,\N,N,N,N,LOWER MAINLAND,UNKNOWN,HWY 99,HWY 99,12:00-14:59,1,2
N,CASUALTY CRASH,\N,N,2023,SATURDAY,REAR END,N,N,\N,\N,N,DECEMBER,N,VICTORIA,VICTORIA,\N,N,N,N,VANCOUVER ISLAND,UNKNOWN,HWY 1,HWY 1,12:00-14:59,1,1
N,CASUALTY CRASH,\N,N,2023,SATURDAY,REAR END,N,N,49.116822,-122.671702,Y,DECEMBER,N,LANGLEY,LANGLEY,LANGLEY,N,Y,N,LOWER MAINLAND,WILLOWBROOK DR # 019801 TO 019999 odd,WILLOWBROOK DR,WILLOWBROOK DR,12:00-14:59,1,1
N,CASUALTY CRASH,\N,N,2023,SATURDAY,REAR END,N,N,49.152696,-121.79295,Y,DECEMBER,N,CHILLIWACK,CHILLIWACK,CHILLIWACK,Y,N,N,LOWER MAINLAND,ALLAN RD # 051644 TO 052310,ALLAN RD,ALLAN RD,12:00-14:59,1,1
N,CASUALTY CRASH,\N,N,2023,SATURDAY,REAR END,N,N,49.276671,-122.835944,Y,DECEMBER,N,PORT MOODY,PORT MOODY,PORT MOODY,N,Y,N,LOWER MAINLAND,ST JOHNS ST # 003121 TO 003199,ST JOHNS ST,ST JOHNS ST,12:00-14:59,1,1
N,CASUALTY CRASH,\N,N,2023,SATURDAY,REAR END,N,N,49.674385,-124.981688,Y,DECEMBER,N,COURTENAY,COURTENAY,COURTENAY,N,Y,N,VANCOUVER ISLAND,CLIFFE AVE # 002701 TO 002799 odd,CLIFFE AVE,CLIFFE AVE,12:00-14:59,1,1
N,CASUALTY CRASH,\N,N,2023,SATURDAY,REAR TO REAR,N,N,\N,\N,N,DECEMBER,Y,VICTORIA,VICTORIA,\N,N,Y,N,VANCOUVER ISLAND,UNKNOWN,W SAANICH RD,W SAANICH RD,12:00-14:59,1,1
N,CASUALTY CRASH,\N,N,2023,SATURDAY,REAR TO REAR,N,N,49.260652,-123.100984,Y,DECEMBER,N,VANCOUVER,VANCOUVER,VANCOUVER,Y,Y,N,LOWER MAINLAND,MAIN ST # 002700 TO 002798 even,MAIN ST,MAIN ST,12:00-14:59,1,2
N,CASUALTY CRASH,\N,N,2023,SATURDAY,REAR TO REAR,N,N,50.016135,-125.248726,Y,DECEMBER,N,CAMPBELL RIVER,CAMPBELL RIVER,CAMPBELL RIVER,N,Y,N,VANCOUVER ISLAND,ALPINE RD # 000600 TO 000749,ALPINE RD,ALPINE RD,12:00-14:59,1,1
N,CASUALTY CRASH,\N,N,2023,SATURDAY,SIDE IMPACT,N,N,\N,\N,N,DECEMBER,N,SORRENTO,SORRENTO,\N,N,N,N,SOUTHERN INTERIOR,UNKNOWN,HWY 1,HWY 1,12:00-14:59,1,1
N,CASUALTY CRASH,\N,N,2023,SATURDAY,SIDE IMPACT,N,N,49.040202,-122.426549,Y,DECEMBER,N,ABBOTSFORD,ABBOTSFORD,ABBOTSFORD,N,N,N,LOWER MAINLAND,BRADNER RD # 002053 TO 002182,BRADNER RD,BRADNER RD,12:00-14:59,1,1
N,CASUALTY CRASH,\N,N,2023,SATURDAY,SIDE IMPACT,N,N,49.050936,-122.312534,Y,DECEMBER,N,ABBOTSFORD,ABBOTSFORD,ABBOTSFORD,N,Y,N,LOWER MAINLAND,SOUTH FRASER WAY # 032800 TO 032979,SOUTH FRASER WAY,SOUTH FRASER WAY,12:00-14:59,1,1
N,CASUALTY CRASH,\N,N,2023,SATURDAY,SIDE IMPACT,N,N,50.289072,-119.260542,Y,DECEMBER,N,VERNON,VERNON,VERNON,N,Y,N,SOUTHERN INTERIOR,58 AVE # 002000 TO 002499,58 AVE,58 AVE,12:00-14:59,1,1
N,CASUALTY CRASH,\N,N,2023,SATURDAY,SIDE IMPACT,N,N,54.322459,-130.290773,Y,DECEMBER,N,PRINCE RUPERT,PRINCE RUPERT,PRINCE RUPERT,N,N,N,NORTH CENTRAL,INDIA AVE # 001440 TO 001599,INDIA AVE,INDIA AVE,12:00-14:59,1,1
N,CASUALTY CRASH,\N,N,2023,SATURDAY,SIDE SWIPE - OPPOSITE DIRECTION,N,N,49.162756,-122.657772,Y,DECEMBER,N,LANGLEY,LANGLEY,LANGLEY,N,Y,N,LOWER MAINLAND,88 AVE # 020282 TO 020398 even,88 AVE,88 AVE,12:00-14:59,1,1
N,CASUALTY CRASH,\N,N,2023,SATURDAY,SIDE SWIPE - SAME DIRECTION,N,N,49.133487,-123.126163,Y,DECEMBER,N,RICHMOND,RICHMOND,RICHMOND,N,N,N,LOWER MAINLAND,STEVESTON HWY # 008452 TO 009299,STEVESTON HWY,STEVESTON HWY,12:00-14:59,1,1
N,CASUALTY CRASH,\N,N,2023,SATURDAY,SINGLE VEHICLE,N,N,\N,\N,N,DECEMBER,N,CHILLIWACK,CHILLIWACK,\N,N,N,N,LOWER MAINLAND,UNKNOWN,CHILLIWACK LAKE RD,CHILLIWACK LAKE RD,12:00-14:59,1,1
N,CASUALTY CRASH,\N,N,2023,SATURDAY,SINGLE VEHICLE,N,N,\N,\N,N,DECEMBER,N,CLEARWATER,CLEARWATER,\N,N,N,N,SOUTHERN INTERIOR,UNKNOWN,DUNN LAKE RD,DUNN LAKE RD,12:00-14:59,1,1
N,CASUALTY CRASH,\N,N,2023,SATURDAY,SINGLE VEHICLE,N,N,\N,\N,N,DECEMBER,N,CLINTON,CLINTON,\N,N,N,N,NORTH CENTRAL,UNKNOWN,HWY 97,HWY 97,12:00-14:59,1,1
N,CASUALTY CRASH,\N,N,2023,SATURDAY,SINGLE VEHICLE,N,N,\N,\N,N,DECEMBER,N,DELTA,DELTA,\N,N,N,N,LOWER MAINLAND,UNKNOWN,HWY 17,HWY 17,12:00-14:59,1,1
N,CASUALTY CRASH,\N,N,2023,SATURDAY,SINGLE VEHICLE,N,N,\N,\N,N,DECEMBER,N,DUNCAN,DUNCAN,\N,N,N,N,VANCOUVER ISLAND,UNKNOWN,HILL 60,HILL 60,12:00-14:59,1,1
N,CASUALTY CRASH,\N,N,2023,SATURDAY,SINGLE VEHICLE,N,N,\N,\N,N,DECEMBER,N,FAIRMONT HOT SPRINGS,FAIRMONT HOT SPRINGS,\N,N,N,N,SOUTHERN INTERIOR,UNKNOWN,COLUMBIA LAKE RD,COLUMBIA LAKE RD,12:00-14:59,1,1
N,CASUALTY CRASH,\N,N,2023,SATURDAY,SINGLE VEHICLE,N,N,\N,\N,N,DECEMBER,N,PITT MEADOWS,PITT MEADOWS,\N,N,N,N,LOWER MAINLAND,UNKNOWN,HWY 7,HWY 7,12:00-14:59,1,1
N,CASUALTY CRASH,\N,N,2023,SATURDAY,SINGLE VEHICLE,N,N,\N,\N,N,DECEMBER,N,PRINCE GEORGE,PRINCE GEORGE,\N,N,N,N,NORTH CENTRAL,UNKNOWN,LOWER MUD RIVER RD,LOWER MUD RIVER RD,12:00-14:59,1,1
N,CASUALTY CRASH,\N,N,2023,SATURDAY,SINGLE VEHICLE,N,N,\N,\N,N,DECEMBER,N,PRINCETON,PRINCETON,\N,N,N,N,SOUTHERN INTERIOR,UNKNOWN,HWY 3,HWY 3,12:00-14:59,1,1
N,CASUALTY CRASH,\N,N,2023,SATURDAY,SINGLE VEHICLE,N,N,\N,\N,N,DECEMBER,N,SICAMOUS,SICAMOUS,\N,N,N,N,SOUTHERN INTERIOR,UNKNOWN,HWY 97A,HWY 97A,12:00-14:59,1,1
N,CASUALTY CRASH,\N,N,2023,SATURDAY,SINGLE VEHICLE,N,N,\N,\N,N,DECEMBER,N,SPARWOOD,SPARWOOD,\N,N,N,N,SOUTHERN INTERIOR,UNKNOWN,HWY 3,HWY 3,12:00-14:59,1,1
N,CASUALTY CRASH,\N,N,2023,SATURDAY,SINGLE VEHICLE,N,N,\N,\N,N,DECEMBER,N,VAVENBY,VAVENBY,\N,N,N,N,SOUTHERN INTERIOR,UNKNOWN,HWY 5,HWY 5,12:00-14:59,1,1
N,CASUALTY CRASH,\N,N,2023,SATURDAY,SINGLE VEHICLE,N,N,\N,\N,N,DECEMBER,N,WEST KELOWNA,WEST KELOWNA,\N,N,N,N,SOUTHERN INTERIOR,UNKNOWN,HWY 97C,HWY 97C,12:00-14:59,1,1
N,CASUALTY CRASH,\N,N,2023,SATURDAY,SINGLE VEHICLE,N,N,\N,\N,N,DECEMBER,N,WEST KELOWNA,WEST KELOWNA,\N,N,N,N,SOUTHERN INTERIOR,UNKNOWN,SMITH CREEK RD,SMITH CREEK RD,12:00-14:59,1,1
N,CASUALTY CRASH,\N,N,2023,SATURDAY,SINGLE VEHICLE,N,N,\N,\N,N,DECEMBER,N,WHISTLER,WHISTLER,\N,N,N,N,LOWER MAINLAND,UNKNOWN,HWY 99,HWY 99,12:00-14:59,1,1
N,CASUALTY CRASH,\N,N,2023,SATURDAY,SINGLE VEHICLE,N,N,\N,\N,N,DECEMBER,N,WILLIAMS LAKE,WILLIAMS LAKE,\N,N,N,N,NORTH CENTRAL,UNKNOWN,WESTCOAST RD,WESTCOAST RD,12:00-14:59,1,2
N,CASUALTY CRASH,\N,N,2023,SATURDAY,SINGLE VEHICLE,N,N,49.07256,-119.005803,Y,DECEMBER,N,ROCK CREEK,ROCK CREEK,ROCK CREEK,N,N,N,SOUTHERN INTERIOR,HWY 33 # 001756 TO 001851,HWY 33,HWY 33,12:00-14:59,1,1
N,CASUALTY CRASH,\N,N,2023,SATURDAY,SINGLE VEHICLE,N,N,49.213192,-122.900365,Y,DECEMBER,N,NEW WESTMINSTER,NEW WESTMINSTER,NEW WESTMINSTER,N,N,N,LOWER MAINLAND,MCBRIDE BLVD # 000135 TO 000199 odd,MCBRIDE BLVD,MCBRIDE BLVD,12:00-14:59,1,1
N,CASUALTY CRASH,\N,N,2023,SATURDAY,SINGLE VEHICLE,N,N,49.278274,-123.109536,Y,DECEMBER,N,VANCOUVER,VANCOUVER,VANCOUVER,N,Y,N,LOWER MAINLAND,EXPO BLVD # 000604 TO 000696,EXPO BLVD,EXPO BLVD,12:00-14:59,1,1
N,CASUALTY CRASH,\N,N,2023,SATURDAY,UNDETERMINED,N,N,\N,\N,N,DECEMBER,N,CHILLIWACK,CHILLIWACK,\N,N,N,N,LOWER MAINLAND,UNKNOWN,THOMAS RD,THOMAS RD,12:00-14:59,1,1
N,CASUALTY CRASH,\N,N,2023,SATURDAY,UNDETERMINED,N,N,\N,\N,N,DECEMBER,N,DAWSON CREEK,DAWSON CREEK,\N,N,N,N,NORTH CENTRAL,UNKNOWN,HWY 2,HWY 2,12:00-14:59,1,1
N,CASUALTY CRASH,\N,N,2023,SATURDAY,UNDETERMINED,N,N,\N,\N,N,DECEMBER,N,KELOWNA,KELOWNA,\N,N,N,Y,SOUTHERN INTERIOR,UNKNOWN,HWY 97,HWY 97,12:00-14:59,1,1
N,CASUALTY CRASH,\N,N,2023,SATURDAY,UNDETERMINED,N,N,49.183907,-123.09153,Y,DECEMBER,N,RICHMOND,RICHMOND,RICHMOND,Y,Y,N,LOWER MAINLAND,NO 5 RD # 004000 TO 004149,NO 5 RD,NO 5 RD,12:00-14:59,1,1
N,CASUALTY CRASH,\N,N,2023,SATURDAY,UNDETERMINED,N,N,49.243877,-122.892635,Y,DECEMBER,N,BURNABY,BURNABY,BURNABY & COQUITLAM,N,Y,N,LOWER MAINLAND,NORTH RD # 000321 TO 004563 odd,NORTH RD,NORTH RD,12:00-14:59,1,1
N,CASUALTY CRASH,\N,N,2023,SATURDAY,UNDETERMINED,N,N,49.257688,-122.745463,Y,DECEMBER,N,PORT COQUITLAM,PORT COQUITLAM,PORT COQUITLAM,N,Y,N,LOWER MAINLAND,NICOLA AVE # 001096 TO 001129,NICOLA AVE,NICOLA AVE,12:00-14:59,1,1
N,CASUALTY CRASH,\N,N,2023,SATURDAY,UNDETERMINED,N,N,53.902261,-122.759909,Y,DECEMBER,N,PRINCE GEORGE,PRINCE GEORGE,PRINCE GEORGE,Y,Y,N,NORTH CENTRAL,STRATHCONA AVE # 001700 TO 001799,STRATHCONA AVE,STRATHCONA AVE,12:00-14:59,1,1
N,CASUALTY CRASH,\N,Y,2023,SATURDAY,SINGLE VEHICLE,N,N,\N,\N,N,DECEMBER,N,VANCOUVER,VANCOUVER,\N,N,N,N,LOWER MAINLAND,UNKNOWN,UNKNOWN,UNKNOWN,12:00-14:59,1,1
N,CASUALTY CRASH,10 AVE SE,N,2023,SATURDAY,CONFLICTED,N,Y,50.692766,-119.279419,N,DECEMBER,N,SALMON ARM,SALMON ARM,SALMON ARM,N,N,N,SOUTHERN INTERIOR,10 AVE SE & 5 ST SE,5 ST SE,5 ST SE,12:00-14:59,1,2
N,CASUALTY CRASH,10 AVE SE,N,2023,SATURDAY,MULTIPLE IMPACTS,N,Y,50.692766,-119.279419,N,DECEMBER,N,SALMON ARM,SALMON ARM,SALMON ARM,N,N,N,SOUTHERN INTERIOR,10 AVE SE & 5 ST SE,5 ST SE,5 ST SE,12:00-14:59,1,1
N,CASUALTY CRASH,102 AVE,N,2023,SATURDAY,SIDE IMPACT,N,Y,49.187828,-122.845419,N,DECEMBER,N,SURREY,SURREY,SURREY,N,N,N,LOWER MAINLAND,102 AVE & KING GEORGE BLVD,KING GEORGE BLVD,KING GEORGE BLVD,12:00-14:59,1,3
N,CASUALTY CRASH,104 AVE,N,2023,SATURDAY,SIDE IMPACT,N,Y,49.191684,-122.863393,N,DECEMBER,N,SURREY,SURREY,SURREY,N,N,N,LOWER MAINLAND,104 AVE & OLD YALE RD,OLD YALE RD,OLD YALE RD,12:00-14:59,1,5
N,CASUALTY CRASH,105 AVE,N,2023,SATURDAY,REAR END,N,Y,49.193313,-122.795286,N,DECEMBER,N,SURREY,SURREY,SURREY,Y,N,N,LOWER MAINLAND,105 AVE & 154 ST,154 ST,154 ST,12:00-14:59,1,1
N,CASUALTY CRASH,128 ST,N,2023,SATURDAY,REAR END,N,Y,49.108112,-122.867838,N,DECEMBER,N,SURREY,SURREY,SURREY,N,N,N,LOWER MAINLAND,128 ST & 58 AVE,HWY 10,HWY 10,12:00-14:59,1,1
N,CASUALTY CRASH,129 ST,N,2023,SATURDAY,UNDETERMINED,N,Y,49.110103,-122.864857,N,DECEMBER,N,SURREY,SURREY,SURREY,N,N,N,LOWER MAINLAND,129 ST & 59 AVE,59 AVE,59 AVE,12:00-14:59,1,1
N,CASUALTY CRASH,132 ST,N,2023,SATURDAY,REAR END,N,Y,49.108198,-122.856719,N,DECEMBER,N,SURREY,SURREY,SURREY,N,N,N,LOWER MAINLAND,132 ST & 58 AVE,58 AVE,58 AVE,12:00-14:59,1,3
N,CASUALTY CRASH,140 ST,N,2023,SATURDAY,CONFLICTED,Y,Y,49.191455,-122.834176,N,DECEMBER,N,SURREY,SURREY,SURREY,N,N,N,LOWER MAINLAND,104 AVE & 140 ST,104 AVE,104 AVE,12:00-14:59,1,3
N,CASUALTY CRASH,140 ST,N,2023,SATURDAY,REAR END,N,Y,49.184271,-122.834211,N,DECEMBER,N,SURREY,SURREY,SURREY,N,N,N,LOWER MAINLAND,100 AVE & 140 ST,100 AVE,100 AVE,12:00-14:59,2,3
N,CASUALTY CRASH,144 ST,N,2023,SATURDAY,REAR END,N,Y,49.119128,-122.823275,N,DECEMBER,N,SURREY,SURREY,SURREY,N,N,N,LOWER MAINLAND,144 ST & 64 AVE,64 AVE,64 AVE,12:00-14:59,1,1
N,CASUALTY CRASH,150 ST,N,2023,SATURDAY,REAR END,N,Y,49.162833,-122.806961,N,DECEMBER,N,SURREY,SURREY,SURREY,N,N,N,LOWER MAINLAND,150 ST & 88 AVE,88 AVE,88 AVE,12:00-14:59,1,1
N,CASUALTY CRASH,150 ST,N,2023,SATURDAY,REAR END,N,Y,49.168148,-122.806734,N,DECEMBER,N,SURREY,SURREY,SURREY,N,N,N,LOWER MAINLAND,150 ST & FRASER HWY,FRASER HWY,FRASER HWY,12:00-14:59,1,5
N,CASUALTY CRASH,152 ST,N,2023,SATURDAY,REAR END,N,Y,49.176843,-122.801039,N,DECEMBER,N,SURREY,SURREY,SURREY,N,N,N,LOWER MAINLAND,152 ST & 96 AVE,96 AVE,96 AVE,12:00-14:59,1,1
N,CASUALTY CRASH,152 ST,N,2023,SATURDAY,UNDETERMINED,N,Y,49.162842,-122.801493,N,DECEMBER,N,SURREY,SURREY,SURREY,N,N,N,LOWER MAINLAND,152 ST & 88 AVE,88 AVE,88 AVE,12:00-14:59,1,1
N,CASUALTY CRASH,168 ST,N,2023,SATURDAY,REAR END,N,Y,49.147961,-122.756454,N,DECEMBER,N,SURREY,SURREY,SURREY,N,N,N,LOWER MAINLAND,168 ST & FRASER HWY & TURNING LANE,FRASER HWY,FRASER HWY,12:00-14:59,1,1
N,CASUALTY CRASH,176 ST,N,2023,SATURDAY,REAR END,N,Y,49.148038,-122.734796,N,DECEMBER,N,SURREY,SURREY,SURREY,N,N,N,LOWER MAINLAND,176 ST & 80 AVE & TURNING LANE,80 AVE,80 AVE,12:00-14:59,1,1
N,CASUALTY CRASH,18 AVE,N,2023,SATURDAY,CONFLICTED,N,Y,49.034748,-122.801212,N,DECEMBER,N,SURREY,SURREY,SURREY,N,N,N,LOWER MAINLAND,152 ST & 18 AVE,152 ST,152 ST,12:00-14:59,1,1
N,CASUALTY CRASH,182 ST,N,2023,SATURDAY,CONFLICTED,N,Y,49.130946,-122.718155,N,DECEMBER,N,SURREY,SURREY,SURREY,N,N,N,LOWER MAINLAND,182 ST & FRASER HWY & TURNING LANE,FRASER HWY,FRASER HWY,12:00-14:59,1,2
N,CASUALTY CRASH,182 ST,N,2023,SATURDAY,REAR END,N,Y,49.130946,-122.718155,N,DECEMBER,N,SURREY,SURREY,SURREY,N,N,N,LOWER MAINLAND,182 ST & FRASER HWY & TURNING LANE,FRASER HWY,FRASER HWY,12:00-14:59,1,4
N,CASUALTY CRASH,196 ST,N,2023,SATURDAY,SIDE IMPACT,N,Y,49.116669,-122.678382,N,DECEMBER,N,LANGLEY,LANGLEY,LANGLEY,N,N,N,LOWER MAINLAND,196 ST & WILLOWBROOK DR & TURNING LANE,WILLOWBROOK DR,WILLOWBROOK DR,12:00-14:59,1,3
N,CASUALTY CRASH,200 ST,N,2023,SATURDAY,UNDETERMINED,N,Y,49.159194,-122.667905,N,DECEMBER,N,LANGLEY,LANGLEY,LANGLEY,N,N,N,LOWER MAINLAND,200 ST & 86 AVE & TURNING LANE,86 AVE,86 AVE,12:00-14:59,1,1
N,CASUALTY CRASH,203 ST,N,2023,SATURDAY,REAR END,N,Y,49.219239,-122.657635,N,DECEMBER,N,MAPLE RIDGE,MAPLE RIDGE,MAPLE RIDGE,N,N,N,LOWER MAINLAND,203 ST & LOUGHEED HWY,LOUGHEED HWY,LOUGHEED HWY,12:00-14:59,1,3
N,CASUALTY CRASH,24 AVE,N,2023,SATURDAY,REAR END,N,Y,49.045662,-122.735305,N,DECEMBER,N,SURREY,SURREY,SURREY,N,N,N,LOWER MAINLAND,176 ST & 24 AVE,176 ST,176 ST,12:00-14:59,1,2
N,CASUALTY CRASH,24 AVE,N,2023,SATURDAY,REAR END,N,Y,49.045733,-122.834385,N,DECEMBER,N,SURREY,SURREY,SURREY,N,N,N,LOWER MAINLAND,140 ST & 24 AVE,140 ST,140 ST,12:00-14:59,1,1
N,CASUALTY CRASH,24 AVE,N,2023,SATURDAY,SINGLE VEHICLE,N,Y,49.045756,-122.624973,N,DECEMBER,N,LANGLEY,LANGLEY,LANGLEY,N,N,N,LOWER MAINLAND,216 ST & 24 AVE,216 ST,216 ST,12:00-14:59,1,1
N,CASUALTY CRASH,24 ST,N,2023,SATURDAY,SINGLE VEHICLE,N,N,\N,\N,N,DECEMBER,N,CRESTON,CRESTON,\N,N,N,N,SOUTHERN INTERIOR,UNKNOWN,LISTER RD,LISTER RD,12:00-14:59,1,2
N,CASUALTY CRASH,28 AVE,N,2023,SATURDAY,REAR END,N,Y,49.052807,-122.779213,N,DECEMBER,N,SURREY,SURREY,SURREY,N,N,N,LOWER MAINLAND,160 ST & 28 AVE,160 ST,160 ST,12:00-14:59,1,2
N,CASUALTY CRASH,32 AVE,N,2023,SATURDAY,SINGLE VEHICLE,N,Y,49.060159,-122.663966,N,DECEMBER,N,LANGLEY,LANGLEY,LANGLEY,N,N,N,LOWER MAINLAND,202 ST & 32 AVE,202 ST,202 ST,12:00-14:59,1,1
N,CASUALTY CRASH,40 AVE,N,2023,SATURDAY,REAR END,N,Y,49.074652,-122.801145,N,DECEMBER,N,SURREY,SURREY,SURREY,N,N,N,LOWER MAINLAND,152 ST & 40 AVE & TURNING LANE,152 ST,152 ST,12:00-14:59,1,1
N,CASUALTY CRASH,40 ST,N,2023,SATURDAY,SIDE IMPACT,N,Y,50.256452,-119.290401,N,DECEMBER,N,VERNON,VERNON,VERNON,N,N,N,SOUTHERN INTERIOR,40 ST & OKANAGAN AVE,OKANAGAN AVE,OKANAGAN AVE,12:00-14:59,1,2
N,CASUALTY CRASH,44 AVE,N,2023,SATURDAY,SIDE IMPACT,N,Y,49.082007,-122.647136,N,DECEMBER,N,LANGLEY,LANGLEY,LANGLEY,N,N,N,LOWER MAINLAND,208 ST & 44 AVE,208 ST,208 ST,12:00-14:59,1,2
N,CASUALTY CRASH,56 AVE,N,2023,SATURDAY,REAR END,N,Y,49.104342,-122.668826,N,DECEMBER,N,LANGLEY,LANGLEY,LANGLEY,N,N,N,LOWER MAINLAND,200 ST & 56 AVE,200 ST,200 ST,12:00-14:59,1,1
N,CASUALTY CRASH,60 AVE,N,2023,SATURDAY,CONFLICTED,N,Y,49.111493,-122.734863,N,DECEMBER,N,SURREY,SURREY,SURREY,N,N,N,LOWER MAINLAND,176 ST & 60 AVE,176 ST,176 ST,12:00-14:59,1,1
N,CASUALTY CRASH,61A AVE,N,2023,SATURDAY,CONFLICTED,N,Y,49.114813,-122.812251,N,DECEMBER,N,SURREY,SURREY,SURREY,N,N,N,LOWER MAINLAND,148 ST & 61A AVE,148 ST,148 ST,12:00-14:59,1,1
N,CASUALTY CRASH,61A AVE,N,2023,SATURDAY,REAR END,N,Y,49.114813,-122.812251,N,DECEMBER,N,SURREY,SURREY,SURREY,N,N,N,LOWER MAINLAND,148 ST & 61A AVE,148 ST,148 ST,12:00-14:59,1,1
N,CASUALTY CRASH,62 AVE,N,2023,SATURDAY,UNDETERMINED,N,Y,49.11547,-122.866511,N,DECEMBER,N,SURREY,SURREY,SURREY,N,N,N,LOWER MAINLAND,128A ST & 62 AVE & PANORAMA PARK ELEMENTARY SCHOOL ACCESS,128A ST,128A ST,12:00-14:59,1,1
N,CASUALTY CRASH,64 AVE,N,2023,SATURDAY,REAR END,N,Y,49.11897,-122.691352,N,DECEMBER,N,SURREY,SURREY,SURREY,N,N,N,LOWER MAINLAND,64 AVE & FRASER HWY & TURNING LANE,FRASER HWY,FRASER HWY,12:00-14:59,1,1
N,CASUALTY CRASH,64 AVE,N,2023,SATURDAY,REAR END,N,Y,49.119042,-122.845493,N,DECEMBER,N,SURREY,SURREY,SURREY,N,N,N,LOWER MAINLAND,64 AVE & KING GEORGE BLVD & TURNING LANE,KING GEORGE BLVD,KING GEORGE BLVD,12:00-14:59,1,1
N,CASUALTY CRASH,64 AVE,N,2023,SATURDAY,REAR END,N,Y,49.119069,-122.801005,N,DECEMBER,N,SURREY,SURREY,SURREY,N,N,N,LOWER MAINLAND,152 ST & 64 AVE,152 ST,152 ST,12:00-14:59,1,2
N,CASUALTY CRASH,64 AVE,N,2023,SATURDAY,REAR END,N,Y,49.119094,-122.83433,N,DECEMBER,N,SURREY,SURREY,SURREY,N,N,N,LOWER MAINLAND,140 ST & 64 AVE,140 ST,140 ST,12:00-14:59,1,1
N,CASUALTY CRASH,7 ST SE,N,2023,SATURDAY,SIDE IMPACT,N,Y,50.699856,-119.276486,N,DECEMBER,N,SALMON ARM,SALMON ARM,SALMON ARM,Y,N,N,SOUTHERN INTERIOR,7 ST SE & OKANAGAN AVE NE & OKANAGAN AVE SE,OKANAGAN AVE SE,OKANAGAN AVE SE,12:00-14:59,1,1
N,CASUALTY CRASH,73 AVE,N,2023,SATURDAY,REAR END,N,Y,49.135099,-122.845596,N,DECEMBER,N,SURREY,SURREY,SURREY,N,N,N,LOWER MAINLAND,73 AVE & KING GEORGE BLVD,KING GEORGE BLVD,KING GEORGE BLVD,12:00-14:59,1,1
N,CASUALTY CRASH,74 AVE,N,2023,SATURDAY,REAR END,N,Y,49.137218,-122.838681,N,DECEMBER,N,SURREY,SURREY,SURREY,N,N,N,LOWER MAINLAND,138 ST & 74 AVE,138 ST,138 ST,12:00-14:59,1,2
N,CASUALTY CRASH,80 AVE,N,2023,SATURDAY,REAR END,N,Y,49.14815,-122.845687,N,DECEMBER,N,SURREY,SURREY,SURREY,N,N,N,LOWER MAINLAND,80 AVE & KING GEORGE BLVD & TURNING LANE,KING GEORGE HWY,KING GEORGE HWY,12:00-14:59,1,1
N,CASUALTY CRASH,82 AVE,N,2023,SATURDAY,REAR END,N,Y,49.151873,-122.790109,N,DECEMBER,N,SURREY,SURREY,SURREY,N,N,N,LOWER MAINLAND,156 ST & 82 AVE,156 ST,156 ST,12:00-14:59,1,1
N,CASUALTY CRASH,82 AVE,N,2023,SATURDAY,REAR END,N,Y,49.151901,-122.801309,N,DECEMBER,N,SURREY,SURREY,SURREY,N,N,N,LOWER MAINLAND,152 ST & 82 AVE,152 ST,152 ST,12:00-14:59,1,2
N,CASUALTY CRASH,86 AVE,N,2023,SATURDAY,REAR END,N,Y,49.159187,-122.80146,N,DECEMBER,N,SURREY,SURREY,SURREY,N,N,N,LOWER MAINLAND,152 ST & 86 AVE,152 ST,152 ST,12:00-14:59,1,3
N,CASUALTY CRASH,93 AVE,N,2023,SATURDAY,SINGLE VEHICLE,N,Y,49.171821,-122.801209,N,DECEMBER,N,SURREY,SURREY,SURREY,N,N,N,LOWER MAINLAND,152 ST & 93 AVE,152 ST,152 ST,12:00-14:59,1,1
N,CASUALTY CRASH,ALLENBY RD,N,2023,SATURDAY,CONFLICTED,N,Y,48.765207,-123.695947,N,DECEMBER,N,DUNCAN,DUNCAN,DUNCAN,N,N,N,VANCOUVER ISLAND,ALLENBY RD & CHASTER RD & TRANS-CANADA HWY & TURNING LANE,HWY 1,HWY 1,12:00-14:59,1,2
N,CASUALTY CRASH,BAY ST,N,2023,SATURDAY,SIDE IMPACT,N,Y,48.434988,-123.352295,N,DECEMBER,N,VICTORIA,VICTORIA,VICTORIA,N,N,N,VANCOUVER ISLAND,BAY ST & COOK ST,COOK ST,COOK ST,12:00-14:59,1,2
N,CASUALTY CRASH,BERING RD,N,2023,SATURDAY,HEAD ON,N,Y,49.833777,-119.621685,N,DECEMBER,N,WEST KELOWNA,WEST KELOWNA,WEST KELOWNA,N,N,N,SOUTHERN INTERIOR,BERING RD & LOUIE DR,LOUIE DR,LOUIE DR,12:00-14:59,1,2
N,CASUALTY CRASH,BLUERIDGE DR,N,2023,SATURDAY,REAR END,N,Y,49.067694,-122.359821,N,DECEMBER,N,ABBOTSFORD,ABBOTSFORD,ABBOTSFORD,N,N,N,LOWER MAINLAND,BLUERIDGE DR & TOWNLINE RD,TOWNLINE RD,TOWNLINE RD,12:00-14:59,1,2
N,CASUALTY CRASH,BOUNDARY RD,N,2023,SATURDAY,CONFLICTED,N,Y,49.221948,-123.023697,N,DECEMBER,N,BURNABY,BURNABY,BURNABY & VANCOUVER,N,N,N,LOWER MAINLAND,BOUNDARY RD & E 49TH AVE & IMPERIAL ST & TURNING LANE,IMPERIAL ST,IMPERIAL ST,12:00-14:59,1,2
N,CASUALTY CRASH,BOYS RD,N,2023,SATURDAY,CONFLICTED,N,Y,48.769611,-123.698803,N,DECEMBER,N,DUNCAN,DUNCAN,DUNCAN,N,N,N,VANCOUVER ISLAND,BOYS RD & JACOB RD & TRANS-CANADA HWY & TURNING LANE,TRANS-CANADA HWY,TRANS-CANADA HWY,12:00-14:59,1,2
N,CASUALTY CRASH,BRIGHTON AVE,N,2023,SATURDAY,SIDE IMPACT,N,Y,49.250802,-122.919011,N,DECEMBER,N,BURNABY,BURNABY,BURNABY,N,N,N,LOWER MAINLAND,BRIGHTON AVE & GOVERNMENT RD,GOVERNMENT ST,GOVERNMENT ST,12:00-14:59,1,2
N,CASUALTY CRASH,BRUCE AVE,N,2023,SATURDAY,SINGLE VEHICLE,N,Y,49.155136,-123.94956,N,DECEMBER,N,NANAIMO,NANAIMO,NANAIMO,N,N,Y,VANCOUVER ISLAND,BRUCE AVE & FIFTH ST,FIFTH ST,FIFTH ST,12:00-14:59,1,1
N,CASUALTY CRASH,BRUNETTE AVE,N,2023,SATURDAY,SINGLE VEHICLE,N,Y,49.234521,-122.878438,N,DECEMBER,N,COQUITLAM,COQUITLAM,COQUITLAM & NEW WESTMINSTER,N,N,N,LOWER MAINLAND,BRUNETTE AVE & BRUNETTE AVE OFFRAMP & BRUNETTE AVE ONRAMP & TRANS-CANADA HWY,HWY 1,HWY 1,12:00-14:59,1,2
N,CASUALTY CRASH,CARDINAL AVE,N,2023,SATURDAY,REAR END,N,Y,49.059032,-122.375843,N,DECEMBER,N,ABBOTSFORD,ABBOTSFORD,ABBOTSFORD,N,N,N,LOWER MAINLAND,CARDINAL AVE & CURLEW DR & HIGHSTREET ACCESS RD,HIGHSTREET ACCESS RD,HIGHSTREET ACCESS RD,12:00-14:59,1,1
N,CASUALTY CRASH,CEDAR VALLEY CONNECTR,N,2023,SATURDAY,CONFLICTED,N,Y,49.132934,-122.32613,N,DECEMBER,N,MISSION,MISSION,MISSION,N,Y,N,LOWER MAINLAND,CEDAR VALLEY CONN & HWY 11 & LOUGHEED HWY & MALL ACCESS & TURNING LANE,LOUGHEED HWY,LOUGHEED HWY,12:00-14:59,1,1
N,CASUALTY CRASH,CLAREMONT ST,N,2023,SATURDAY,SINGLE VEHICLE,N,Y,49.263065,-122.890475,N,DECEMBER,N,COQUITLAM,COQUITLAM,COQUITLAM,N,N,Y,LOWER MAINLAND,CLAREMONT ST & COMO LAKE AVE,COMO LAKE AVE,COMO LAKE AVE,12:00-14:59,1,2
N,CASUALTY CRASH,CN ACCESS,N,2023,SATURDAY,REAR END,N,N,\N,\N,N,DECEMBER,N,SURREY,SURREY,\N,N,N,N,LOWER MAINLAND,UNKNOWN,GOLDEN EARS CONNECTR,GOLDEN EARS CONNECTR,12:00-14:59,1,1
N,CASUALTY CRASH,COOKS ST,N,2023,SATURDAY,REAR END,N,N,\N,\N,N,DECEMBER,N,VICTORIA,VICTORIA,\N,N,N,N,VANCOUVER ISLAND,UNKNOWN,HAULTAIN ST,HAULTAIN ST,12:00-14:59,1,1
N,CASUALTY CRASH,COONEY RD,N,2023,SATURDAY,CONFLICTED,N,Y,49.171972,-123.131558,N,DECEMBER,N,RICHMOND,RICHMOND,RICHMOND,N,N,N,LOWER MAINLAND,ACKROYD RD & COONEY RD,ACKROYD RD,ACKROYD RD,12:00-14:59,1,1
N,CASUALTY CRASH,CORONATION AVE,N,2023,SATURDAY,REAR END,N,Y,48.778717,-123.698841,N,DECEMBER,N,DUNCAN,DUNCAN,DUNCAN,N,N,N,VANCOUVER ISLAND,CORONATION AVE & TRANS-CANADA HWY,HWY 1,HWY 1,12:00-14:59,1,1
N,CASUALTY CRASH,COTTONWOOD ST,N,2023,SATURDAY,REAR END,N,Y,49.057183,-122.440628,N,DECEMBER,N,ABBOTSFORD,ABBOTSFORD,ABBOTSFORD,N,N,N,LOWER MAINLAND,COTTONWOOD ST & FRASER HWY,FRASER HWY,FRASER HWY,12:00-14:59,1,1
N,CASUALTY CRASH,CRAIGFLOWER RD,N,2023,SATURDAY,REAR END,N,Y,48.441857,-123.402136,N,DECEMBER,N,ESQUIMALT,ESQUIMALT,ESQUIMALT,N,N,N,VANCOUVER ISLAND,CRAIGFLOWER RD & TILLICUM RD,TILLICUM RD,TILLICUM RD,12:00-14:59,1,1
N,CASUALTY CRASH,DEPARTURE BAY RD,N,2023,SATURDAY,CONFLICTED,N,Y,49.190156,-123.965784,N,DECEMBER,N,NANAIMO,NANAIMO,NANAIMO,N,N,N,VANCOUVER ISLAND,DEPARTURE BAY RD & ISLAND HWY N & TURNING LANE,ISLAND HWY N,ISLAND HWY N,12:00-14:59,1,3
N,CASUALTY CRASH,DICKINSON RD,N,2023,SATURDAY,REAR END,N,Y,49.238598,-124.049186,N,DECEMBER,N,NANAIMO,NANAIMO,NANAIMO,N,N,N,VANCOUVER ISLAND,DICKINSON RD & ISLAND HWY N & INDUSTRIAL ACCESS & MALL ACCESS & TURNING LANE,ISLAND HWY N,ISLAND HWY N,12:00-14:59,1,1
N,CASUALTY CRASH,DUFFERIN CRES,N,2023,SATURDAY,REAR END,N,Y,49.183802,-123.982534,N,DECEMBER,N,NANAIMO,NANAIMO,NANAIMO,N,N,N,VANCOUVER ISLAND,BOWEN RD & DUFFERIN CRES,BOWEN RD,BOWEN RD,12:00-14:59,1,1
N,CASUALTY CRASH,E 23RD AVE,N,2023,SATURDAY,SINGLE VEHICLE,N,Y,49.250251,-123.101012,N,DECEMBER,N,VANCOUVER,VANCOUVER,VANCOUVER,N,N,Y,LOWER MAINLAND,E 23RD AVE & MAIN ST,MAIN ST,MAIN ST,12:00-14:59,1,2
N,CASUALTY CRASH,E 24TH AVE,N,2023,SATURDAY,UNDETERMINED,N,Y,49.249435,-123.101047,N,DECEMBER,N,VANCOUVER,VANCOUVER,VANCOUVER,N,N,N,LOWER MAINLAND,E 24TH AVE & MAIN ST,MAIN ST,MAIN ST,12:00-14:59,1,1
N,CASUALTY CRASH,E 28TH AVE,N,2023,SATURDAY,REAR END,N,Y,49.245405,-123.041625,N,DECEMBER,N,VANCOUVER,VANCOUVER,VANCOUVER,N,N,N,LOWER MAINLAND,E 28TH AVE & NOOTKA ST,NOOTKA ST,NOOTKA ST,12:00-14:59,1,1
N,CASUALTY CRASH,E 6TH AVE,N,2023,SATURDAY,SIDE SWIPE - SAME DIRECTION,N,Y,49.265174,-123.077429,N,DECEMBER,N,VANCOUVER,VANCOUVER,VANCOUVER,N,N,N,LOWER MAINLAND,CLARK DR & E 6TH AVE,CLARK DR,CLARK DR,12:00-14:59,1,1
N,CASUALTY CRASH,EAGLERIDGE DR,N,2023,SATURDAY,REAR END,N,Y,49.280723,-122.808318,N,DECEMBER,N,COQUITLAM,COQUITLAM,COQUITLAM,N,N,N,LOWER MAINLAND,EAGLERIDGE DR & HIALEAH CRT & LANSDOWNE DR,LANSDOWNE DR,LANSDOWNE DR,12:00-14:59,1,2
N,CASUALTY CRASH,EDMUND DR,N,2023,SATURDAY,REAR END,N,Y,49.106902,-122.801096,N,DECEMBER,N,SURREY,SURREY,SURREY,N,N,N,LOWER MAINLAND,152 ST & EDMUND DR,152 ST,152 ST,12:00-14:59,1,2
N,CASUALTY CRASH,FERNWOOD RD,N,2023,SATURDAY,SIDE IMPACT,N,Y,48.425448,-123.345443,N,DECEMBER,N,VICTORIA,VICTORIA,VICTORIA,N,N,N,VANCOUVER ISLAND,FERNWOOD RD & JOHNSON ST,JOHNSON ST,JOHNSON ST,12:00-14:59,1,1
N,CASUALTY CRASH,FINN RD,N,2023,SATURDAY,SINGLE VEHICLE,N,Y,51.623343,-121.269151,N,DECEMBER,N,100 MILE HOUSE,100 MILE HOUSE,100 MILE HOUSE,N,N,N,NORTH CENTRAL,FINN RD & HORSE LAKE RD,HORSE LAKE RD,HORSE LAKE RD,12:00-14:59,1,1
N,CASUALTY CRASH,FOREST CROWNE GATE,N,2023,SATURDAY,CONFLICTED,N,Y,49.648154,-115.973087,N,DECEMBER,N,KIMBERLEY,KIMBERLEY,KIMBERLEY,N,N,N,SOUTHERN INTERIOR,FOREST CROWNE GATE & HWY 95A,HWY 95A,HWY 95A,12:00-14:59,1,4
N,CASUALTY CRASH,FORTUNE DR,N,2023,SATURDAY,SINGLE VEHICLE,N,Y,50.695591,-120.356282,N,DECEMBER,N,KAMLOOPS,KAMLOOPS,KAMLOOPS,N,N,N,SOUTHERN INTERIOR,FORTUNE DR & FORTUNE FRTG & VERNON AVE,VERNON AVE,VERNON AVE,12:00-14:59,1,1
N,CASUALTY CRASH,FRASER HWY,N,2023,SATURDAY,REAR END,N,Y,49.11388,-122.679741,N,DECEMBER,N,LANGLEY,LANGLEY,LANGLEY & SURREY,N,N,N,LOWER MAINLAND,196 ST & FRASER HWY & WILLOWBROOK DR & MALL ACCESS & TURNING LANE,WILLOWBROOK DR,WILLOWBROOK DR,12:00-14:59,1,1
N,CASUALTY CRASH,FRASER HWY,N,2023,SATURDAY,REAR END,N,Y,49.138147,-122.734746,N,DECEMBER,N,SURREY,SURREY,SURREY,N,N,N,LOWER MAINLAND,176 ST & FRASER HWY & HARVIE RD & TURNING LANE,176 ST,176 ST,12:00-14:59,1,2
N,CASUALTY CRASH,FRASER HWY,N,2023,SATURDAY,REAR END,N,Y,49.166096,-122.801369,N,DECEMBER,N,SURREY,SURREY,SURREY,N,N,N,LOWER MAINLAND,152 ST & FRASER HWY & TURNING LANE,152 ST,152 ST,12:00-14:59,1,1
N,CASUALTY CRASH,FRAYNE RD,N,2023,SATURDAY,REAR END,N,Y,48.642124,-123.553909,N,DECEMBER,N,MILL BAY,MILL BAY,MILL BAY,N,N,N,VANCOUVER ISLAND,FRAYNE RD & TRANS-CANADA HWY & TURNING LANE,TRANS-CANADA HWY,TRANS-CANADA HWY,12:00-14:59,1,2
N,CASUALTY CRASH,GAGLARDI WAY,N,2023,SATURDAY,REAR END,N,Y,49.276287,-122.930793,N,DECEMBER,N,BURNABY,BURNABY,BURNABY,N,N,N,LOWER MAINLAND,GAGLARDI WAY & UNIVERSITY DR,UNIVERSITY DR,UNIVERSITY DR,12:00-14:59,1,1
N,CASUALTY CRASH,GEORGE FERGUSON WAY,N,2023,SATURDAY,REAR END,N,Y,49.054885,-122.324009,N,DECEMBER,N,ABBOTSFORD,ABBOTSFORD,ABBOTSFORD,N,N,N,LOWER MAINLAND,CRUICKSHANK ST & GEORGE FERGUSON WAY,CRUICKSHANK ST,CRUICKSHANK ST,12:00-14:59,1,2
N,CASUALTY CRASH,GIBSON ST,N,2023,SATURDAY,REAR END,N,Y,49.150667,-125.898128,N,DECEMBER,N,TOFINO,TOFINO,TOFINO,N,N,N,VANCOUVER ISLAND,CAMPBELL ST & GIBSON ST,CAMPBELL ST,CAMPBELL ST,12:00-14:59,1,1
N,CASUALTY CRASH,GOLDEN EARS WAY,N,2023,SATURDAY,REAR END,N,Y,49.176409,-122.734716,N,DECEMBER,N,SURREY,SURREY,SURREY,N,N,N,LOWER MAINLAND,176 ST & 96 AVE & GOLDEN EARS WAY & TURNING LANE,176 ST,176 ST,12:00-14:59,1,1
N,CASUALTY CRASH,GUISACHAN RD,N,2023,SATURDAY,SIDE IMPACT,N,Y,49.872784,-119.476066,N,DECEMBER,N,KELOWNA,KELOWNA,KELOWNA,N,N,N,SOUTHERN INTERIOR,GORDON DR & GUISACHAN RD,GORDON DR,GORDON DR,12:00-14:59,1,1
N,CASUALTY CRASH,HOCKING AVE,N,2023,SATURDAY,SIDE IMPACT,N,Y,49.159091,-121.958646,N,DECEMBER,N,CHILLIWACK,CHILLIWACK,CHILLIWACK,N,N,N,LOWER MAINLAND,HOCKING AVE & YALE RD,YALE RD,YALE RD,12:00-14:59,1,1
N,CASUALTY CRASH,HWY 1,N,2023,SATURDAY,REAR END,N,Y,49.034944,-122.2928,N,DECEMBER,N,ABBOTSFORD,ABBOTSFORD,ABBOTSFORD,N,N,N,LOWER MAINLAND,HAWTHORNE AVE & KING RD & KING RD CONN & KING RD ONRAMP & MCCALLUM RD & MCCALLUM RD OFFRAMP & MCCALLUM RD ONRAMP & TRANS-CANADA HWY,MCCALLUM RD,MCCALLUM RD,12:00-14:59,1,1
N,CASUALTY CRASH,HWY 10,N,2023,SATURDAY,HEAD ON,N,Y,49.104433,-122.801032,N,DECEMBER,N,SURREY,SURREY,SURREY,N,N,N,LOWER MAINLAND,152 ST & 56 AVE,152 ST,152 ST,12:00-14:59,1,1
N,CASUALTY CRASH,HWY 97,N,2023,SATURDAY,REAR END,N,Y,53.897328,-122.768137,N,DECEMBER,N,PRINCE GEORGE,PRINCE GEORGE,PRINCE GEORGE,N,N,N,NORTH CENTRAL,HWY 16 W & HWY 97 S & INDUSTRIAL ACCESS & TURNING LANE,HWY 16,HWY 16,12:00-14:59,1,2
N,CASUALTY CRASH,HWY 99,N,2023,SATURDAY,REAR END,N,Y,49.061285,-122.805074,N,DECEMBER,N,SURREY,SURREY,SURREY,N,N,N,LOWER MAINLAND,32 AVE DIVERSION & 32 AVE DIVERSION OFFRAMP & 32 AVE DIVERSION ONRAMP & 32 AVE OFFRAMP & 32 AVE ONRAMP & HWY 99,32 AVE DIVERS,32 AVE DIVERS,12:00-14:59,1,2
N,CASUALTY CRASH,HWY 99,N,2023,SATURDAY,REAR END,N,Y,49.074258,-122.822829,N,DECEMBER,N,SURREY,SURREY,SURREY,N,N,N,LOWER MAINLAND,HWY 99 & KING GEORGE BLVD & KING GEORGE BLVD OFFRAMP & KING GEORGE BLVD ONRAMP & SOUTH SURREY PARK AND RIDE & TURNING LANE,KING GEORGE BLVD,KING GEORGE BLVD,12:00-14:59,1,1
N,CASUALTY CRASH,INGLIS DR,N,2023,SATURDAY,REAR END,N,Y,49.179797,-123.153524,N,DECEMBER,N,RICHMOND,RICHMOND,RICHMOND,N,N,N,LOWER MAINLAND,INGLIS DR & RUSS BAKER WAY & TURNING LANE,RUSS BAKER WAY,RUSS BAKER WAY,12:00-14:59,1,1
N,CASUALTY CRASH,IOCO RD,N,2023,SATURDAY,CONFLICTED,N,Y,49.277438,-122.826956,N,DECEMBER,N,PORT MOODY,PORT MOODY,PORT MOODY,N,N,N,LOWER MAINLAND,BARNET HWY & BARNET SERVICE RD & IOCO RD & ST JOHNS ST & ACCESS ROAD & TURNING LANE,BARNET HWY,BARNET HWY,12:00-14:59,1,2
N,CASUALTY CRASH,KANE RD,N,2023,SATURDAY,REAR END,N,Y,49.915915,-119.445956,N,DECEMBER,N,KELOWNA,KELOWNA,KELOWNA,N,N,N,SOUTHERN INTERIOR,BALLOU RD & GLENMORE RD & KANE RD,GLENMORE RD,GLENMORE RD,12:00-14:59,1,2
N,CASUALTY CRASH,KINGSWAY AVE,N,2023,SATURDAY,REAR END,N,Y,49.253573,-122.764023,N,DECEMBER,N,PORT COQUITLAM,PORT COQUITLAM,PORT COQUITLAM,N,N,N,LOWER MAINLAND,KINGSWAY AVE & MCLEAN AVE & TURNING LANE,MCLEAN AVE,MCLEAN AVE,12:00-14:59,1,1
N,CASUALTY CRASH,LIONS WAY,N,2023,SATURDAY,REAR END,N,Y,49.266106,-122.777793,N,DECEMBER,N,PORT COQUITLAM,PORT COQUITLAM,PORT COQUITLAM,N,N,N,LOWER MAINLAND,LIONS WAY & SHAUGHNESSY ST & MALL ACCESS,SHAUGHNESSY ST,SHAUGHNESSY ST,12:00-14:59,1,1
N,CASUALTY CRASH,LOUGHEED HWY,N,2023,SATURDAY,SINGLE VEHICLE,N,Y,49.231094,-122.689518,N,DECEMBER,N,PITT MEADOWS,PITT MEADOWS,PITT MEADOWS,N,N,Y,LOWER MAINLAND,HARRIS RD & LOUGHEED HWY & TURNING LANE,HARRIS RD,HARRIS RD,12:00-14:59,1,1
N,CASUALTY CRASH,MACINTOSH ST,N,2023,SATURDAY,UNDETERMINED,N,Y,49.263553,-122.865946,N,DECEMBER,N,COQUITLAM,COQUITLAM,COQUITLAM,N,N,N,LOWER MAINLAND,COMO LAKE AVE & MACINTOSH ST,COMO LAKE AVE,COMO LAKE AVE,12:00-14:59,1,3
N,CASUALTY CRASH,MADISON AVE,N,2023,SATURDAY,CONFLICTED,N,Y,49.266451,-123.008787,N,DECEMBER,N,BURNABY,BURNABY,BURNABY,N,N,N,LOWER MAINLAND,LOUGHEED HWY & MADISON AVE & TURNING LANE,LOUGHEED HWY,LOUGHEED HWY,12:00-14:59,1,5
N,CASUALTY CRASH,MADISON AVE,N,2023,SATURDAY,REAR END,N,Y,49.266451,-123.008787,N,DECEMBER,N,BURNABY,BURNABY,BURNABY,N,N,N,LOWER MAINLAND,LOUGHEED HWY & MADISON AVE & TURNING LANE,LOUGHEED HWY,LOUGHEED HWY,12:00-14:59,1,1
N,CASUALTY CRASH,MAPLE ST,N,2023,SATURDAY,REAR END,N,Y,49.261011,-123.150634,N,DECEMBER,N,VANCOUVER,VANCOUVER,VANCOUVER,N,N,N,LOWER MAINLAND,MAPLE ST & W 12TH AVE,W 12TH AVE,W 12TH AVE,12:00-14:59,1,2
N,CASUALTY CRASH,MARSHALL RD,N,2023,SATURDAY,HEAD ON,N,Y,49.038147,-122.272417,N,DECEMBER,N,ABBOTSFORD,ABBOTSFORD,ABBOTSFORD,N,N,N,LOWER MAINLAND,MARSHALL RD & VEDDER WAY & TURNING LANE,VEDDER WAY,VEDDER WAY,12:00-14:59,1,1
N,CASUALTY CRASH,MARY HILL BYPASS,N,2023,SATURDAY,REAR END,N,Y,49.219251,-122.812916,N,DECEMBER,Y,COQUITLAM,COQUITLAM,COQUITLAM,N,N,N,LOWER MAINLAND,COLEMAN AVE & COLEMAN AVE ONRP & FAWCETT RD & HWY 7 OFRP & HWY 7B OFRP & LEEDER ST & LOUGHEED HWY & LOUGHEED HWY ONRP & MARY HILL BYPASS & MARY HILL BYPASS ONRP & TRANS-CANADA HWY & TRANS-CANADA HWY OFRP & TRANS-CANADA HWY ONRP & UNITED BLVD & UNITED BLV,UNITED BLVD,UNITED BLVD,12:00-14:59,1,1
N,CASUALTY CRASH,MAYBERRY ST,N,2023,SATURDAY,REAR END,N,Y,49.225546,-123.009822,N,DECEMBER,N,BURNABY,BURNABY,BURNABY,N,N,N,LOWER MAINLAND,MAYBERRY ST & WILLINGDON AVE,WILLINGDON AVE,WILLINGDON AVE,12:00-14:59,1,2
N,CASUALTY CRASH,MT SICKER RD,N,2023,SATURDAY,CONFLICTED,N,Y,48.874793,-123.707003,N,DECEMBER,N,CHEMAINUS,CHEMAINUS,CHEMAINUS & WESTHOLME,N,N,N,VANCOUVER ISLAND,MT SICKER RD & TRANS-CANADA HWY & TURNING LANE,HWY 1,HWY 1,12:00-14:59,1,4
N,CASUALTY CRASH,NELSON AVE,N,2023,SATURDAY,REAR END,N,Y,49.20385,-122.999562,N,DECEMBER,N,BURNABY,BURNABY,BURNABY,N,N,N,LOWER MAINLAND,MARINE WAY & NELSON AVE & TURNING LANE,MARINE WAY,MARINE WAY,12:00-14:59,3,5
N,CASUALTY CRASH,NELSON ST,N,2023,SATURDAY,REAR END,N,Y,52.985169,-122.477602,N,DECEMBER,N,QUESNEL,QUESNEL,QUESNEL,N,N,N,NORTH CENTRAL,HWY 97 N & HWY 97 S & NADEAU ST & NELSON ST & TURNING LANE,HWY 97 N,HWY 97 N,12:00-14:59,1,6
N,CASUALTY CRASH,NO 5 RD,N,2023,SATURDAY,SIDE IMPACT,N,Y,49.191975,-123.09148,N,DECEMBER,N,RICHMOND,RICHMOND,RICHMOND,N,N,N,LOWER MAINLAND,BRIDGEPORT RD & NO 5 RD,BRIDGEPORT RD,BRIDGEPORT RD,12:00-14:59,1,1
N,CASUALTY CRASH,NORTH NECHAKO RD,N,2023,SATURDAY,SIDE IMPACT,N,N,\N,\N,N,DECEMBER,N,PRINCE GEORGE,PRINCE GEORGE,\N,N,N,N,NORTH CENTRAL,UNKNOWN,FOOTHILLS BLVD,FOOTHILLS BLVD,12:00-14:59,1,1
N,CASUALTY CRASH,OLUND RD,N,2023,SATURDAY,CONFLICTED,N,Y,49.103543,-122.37093,N,DECEMBER,N,ABBOTSFORD,ABBOTSFORD,ABBOTSFORD,N,N,N,LOWER MAINLAND,HARRIS RD & OLUND RD,HARRIS RD,HARRIS RD,12:00-14:59,1,1
N,CASUALTY CRASH,ONTARIO AVE,Y,2023,SATURDAY,UNDETERMINED,N,Y,49.168411,-121.960197,N,DECEMBER,N,CHILLIWACK,CHILLIWACK,CHILLIWACK,N,N,N,LOWER MAINLAND,MARY ST & ONTARIO AVE,MARY ST,MARY ST,12:00-14:59,1,1
N,CASUALTY CRASH,PANORAMA DR,N,2023,SATURDAY,REAR END,N,Y,49.104465,-122.80617,N,DECEMBER,N,SURREY,SURREY,SURREY,N,N,N,LOWER MAINLAND,56 AVE & PANORAMA DR & TURNING LANE,HWY 10,HWY 10,12:00-14:59,1,1
N,CASUALTY CRASH,PARK RD,N,2023,SATURDAY,REAR END,N,Y,49.406684,-123.523149,N,DECEMBER,N,GIBSONS,GIBSONS,GIBSONS,N,N,N,LOWER MAINLAND,GIBSONS WAY & PARK RD,GIBSONS WAY,GIBSONS WAY,12:00-14:59,1,1
N,CASUALTY CRASH,PEARDONVILLE RD,N,2023,SATURDAY,SINGLE VEHICLE,N,Y,49.039041,-122.381731,N,DECEMBER,N,ABBOTSFORD,ABBOTSFORD,ABBOTSFORD,N,N,N,LOWER MAINLAND,MARSHALL RD EXTENSION & MT LEHMAN RD & PEARDONVILLE RD,MARSHALL RD EXTEN,MARSHALL RD EXTEN,12:00-14:59,1,1
N,CASUALTY CRASH,PITT RIVER RD,N,2023,SATURDAY,REAR END,N,Y,49.234608,-122.769488,N,DECEMBER,N,PORT COQUITLAM,PORT COQUITLAM,PORT COQUITLAM,N,N,N,LOWER MAINLAND,MARY HILL BYPASS & PITT RIVER RD & TURNING LANE,MARY HILL BYPASS,MARY HILL BYPASS,12:00-14:59,1,1
N,CASUALTY CRASH,QUEBEC ST,N,2023,SATURDAY,SIDE IMPACT,N,Y,49.225689,-123.103805,N,DECEMBER,N,VANCOUVER,VANCOUVER,VANCOUVER,N,N,N,LOWER MAINLAND,E 49TH AVE & QUEBEC ST,E 49TH AVE,E 49TH AVE,12:00-14:59,1,1
N,CASUALTY CRASH,QUENEESH RD,N,2023,SATURDAY,REAR END,N,Y,49.678178,-124.958675,N,DECEMBER,N,COURTENAY,COURTENAY,COURTENAY,N,N,N,VANCOUVER ISLAND,COMOX RD & QUENEESH RD,COMOX RD,COMOX RD,12:00-14:59,1,2
N,CASUALTY CRASH,RANGE RD,N,2023,SATURDAY,REAR END,N,Y,53.884447,-122.768968,N,DECEMBER,N,PRINCE GEORGE,PRINCE GEORGE,PRINCE GEORGE,N,N,N,NORTH CENTRAL,HWY 16 W & RANGE RD & CHAINUP & TURNING LANE,HWY 16,HWY 16,12:00-14:59,1,1
N,CASUALTY CRASH,ROBARTS ST,N,2023,SATURDAY,SINGLE VEHICLE,N,Y,49.161313,-123.934837,N,DECEMBER,N,NANAIMO,NANAIMO,NANAIMO,N,N,Y,VANCOUVER ISLAND,ROBARTS ST & VICTORIA RD,VICTORIA RD,VICTORIA RD,12:00-14:59,1,1
N,CASUALTY CRASH,ROTARY WAY,N,2023,SATURDAY,REAR END,N,Y,49.038437,-122.817781,N,DECEMBER,N,SURREY,SURREY,SURREY,N,N,N,LOWER MAINLAND,20 AVE & ROTARY WAY & ACCESS ROAD,20 AVE,20 AVE,12:00-14:59,1,2
N,CASUALTY CRASH,SALISBURY AVE,N,2023,SATURDAY,SIDE IMPACT,N,Y,49.218429,-122.957522,N,DECEMBER,N,BURNABY,BURNABY,BURNABY,N,N,N,LOWER MAINLAND,KINGSWAY & SALISBURY AVE,KINGSWAY,KINGSWAY,12:00-14:59,1,1
N,CASUALTY CRASH,SCOTT RD,N,2023,SATURDAY,UNDETERMINED,N,Y,49.190589,-122.890313,N,DECEMBER,N,SURREY,SURREY,SURREY,N,N,N,LOWER MAINLAND,103A AVE & SCOTT RD & TURNING LANE,103A AVE,103A AVE,12:00-14:59,1,3
N,CASUALTY CRASH,SECOND ST,N,2023,SATURDAY,REAR END,N,Y,49.222306,-122.921408,N,DECEMBER,N,BURNABY,BURNABY,BURNABY & NEW WESTMINSTER,N,N,N,LOWER MAINLAND,10TH AVE & 2ND ST & SECOND ST & TENTH AVE,TENTH AVE,TENTH AVE,12:00-14:59,1,1
N,CASUALTY CRASH,SHAWNIGAN-MILL BAY RD,N,2023,SATURDAY,CONFLICTED,N,Y,48.65739,-123.560881,N,DECEMBER,N,MILL BAY,MILL BAY,MILL BAY,N,N,N,VANCOUVER ISLAND,SHAWNIGAN-MILL BAY RD & TRANS-CANADA HWY & TURNING LANE,TRANS-CANADA HWY,TRANS-CANADA HWY,12:00-14:59,1,3
N,CASUALTY CRASH,SHELBOURNE ST,N,2023,SATURDAY,SIDE IMPACT,N,Y,48.445684,-123.333295,N,DECEMBER,N,VICTORIA,VICTORIA,VICTORIA,N,N,N,VANCOUVER ISLAND,HILLSIDE AVE & SHELBOURNE ST,HILLSIDE AVE,HILLSIDE AVE,12:00-14:59,1,1
N,CASUALTY CRASH,SIMON AVE,N,2023,SATURDAY,CONFLICTED,N,Y,49.053415,-122.321548,N,DECEMBER,N,ABBOTSFORD,ABBOTSFORD,ABBOTSFORD,N,N,N,LOWER MAINLAND,GARDEN ST & SIMON AVE,GARDEN ST,GARDEN ST,12:00-14:59,1,1
N,CASUALTY CRASH,SLOCAN ST,N,2023,SATURDAY,REAR END,N,Y,49.281159,-123.049336,N,DECEMBER,N,VANCOUVER,VANCOUVER,VANCOUVER,N,N,N,LOWER MAINLAND,E HASTINGS ST & SLOCAN ST,E HASTINGS ST,E HASTINGS ST,12:00-14:59,1,1
N,CASUALTY CRASH,SMITH AVE,N,2023,SATURDAY,SIDE IMPACT,N,Y,49.259919,-122.868859,N,DECEMBER,N,COQUITLAM,COQUITLAM,COQUITLAM,N,N,N,LOWER MAINLAND,BLUE MOUNTAIN ST & SMITH AVE,BLUE MOUNTAIN ST,BLUE MOUNTAIN ST,12:00-14:59,1,2
N,CASUALTY CRASH,SMITH AVE,N,2023,SATURDAY,UNDETERMINED,N,Y,49.248819,-123.0198,N,DECEMBER,N,BURNABY,BURNABY,BURNABY,N,N,Y,LOWER MAINLAND,KINCAID ST & SMITH AVE,KINCAID ST,KINCAID ST,12:00-14:59,1,1
N,CASUALTY CRASH,SMITH ST,N,2023,SATURDAY,UNDETERMINED,N,Y,49.193804,-123.125387,N,DECEMBER,N,RICHMOND,RICHMOND,RICHMOND,N,N,N,LOWER MAINLAND,BECKWITH RD & SMITH ST,BECKWITH RD,BECKWITH RD,12:00-14:59,1,1
N,CASUALTY CRASH,SPERLING AVE,N,2023,SATURDAY,SIDE IMPACT,N,Y,49.280354,-122.964671,N,DECEMBER,N,BURNABY,BURNABY,BURNABY,N,N,N,LOWER MAINLAND,HASTINGS ST & SPERLING AVE,HASTINGS ST,HASTINGS ST,12:00-14:59,1,2
N,CASUALTY CRASH,STATION RD,N,2023,SATURDAY,UNDETERMINED,N,Y,49.057649,-122.459765,N,DECEMBER,N,ABBOTSFORD,ABBOTSFORD,ABBOTSFORD & LANGLEY,N,Y,N,LOWER MAINLAND,FRASER HWY & STATION RD & TURNING LANE,FRASER HWY,FRASER HWY,12:00-14:59,1,1
N,CASUALTY CRASH,SUMMIT DR,N,2023,SATURDAY,SIDE IMPACT,N,Y,50.666998,-120.354175,N,DECEMBER,N,KAMLOOPS,KAMLOOPS,KAMLOOPS,N,N,N,SOUTHERN INTERIOR,COLUMBIA ST W & SUMMIT DR & TURNING LANE,COLUMBIA ST W,COLUMBIA ST W,12:00-14:59,1,1
N,CASUALTY CRASH,SUNNYBRAE-CANOE PT RD,N,2023,SATURDAY,SINGLE VEHICLE,N,Y,50.78923,-119.328456,N,DECEMBER,N,TAPPEN,TAPPEN,TAPPEN,N,N,N,SOUTHERN INTERIOR,SUNNYBRAE-CANOE PT RD & TRANS-CANADA HWY,TRANS-CANADA HWY,TRANS-CANADA HWY,12:00-14:59,1,1
N,CASUALTY CRASH,UNKNOWN,N,2023,SATURDAY,SINGLE VEHICLE,N,N,\N,\N,N,DECEMBER,N,ABBOTSFORD,ABBOTSFORD,\N,N,N,N,LOWER MAINLAND,UNKNOWN,DOWNES RD,DOWNES RD,12:00-14:59,1,1
N,CASUALTY CRASH,VANNESS AVE,N,2023,SATURDAY,REAR END,N,Y,49.238241,-123.031848,N,DECEMBER,N,VANCOUVER,VANCOUVER,VANCOUVER,N,N,N,LOWER MAINLAND,JOYCE ST & VANNESS AVE,JOYCE ST,JOYCE ST,12:00-14:59,1,1
N,CASUALTY CRASH,VEDDER RD,N,2023,SATURDAY,REAR END,N,Y,49.122805,-121.959838,N,DECEMBER,N,CHILLIWACK,CHILLIWACK,CHILLIWACK,N,N,N,LOWER MAINLAND,STEVENSON RD & VEDDER RD,STEVENSON RD,STEVENSON RD,12:00-14:59,1,1
N,CASUALTY CRASH,VEDDER RD,N,2023,SATURDAY,UNDETERMINED,N,Y,49.111297,-121.957926,N,DECEMBER,N,CHILLIWACK,CHILLIWACK,CHILLIWACK,N,N,N,LOWER MAINLAND,PROMONTORY RD & VEDDER RD & WATSON RD,PROMONTORY RD,PROMONTORY RD,12:00-14:59,1,1
N,CASUALTY CRASH,VENTURE WAY,N,2023,SATURDAY,CONFLICTED,N,Y,49.158643,-122.782191,N,DECEMBER,N,SURREY,SURREY,SURREY,N,N,N,LOWER MAINLAND,159 ST & FRASER HWY & VENTURE WAY,FRASER HWY,FRASER HWY,12:00-14:59,1,1
N,CASUALTY CRASH,VETERANS MEMORIAL PKY,N,2023,SATURDAY,REAR END,N,Y,48.438273,-123.504515,N,DECEMBER,N,LANGFORD,LANGFORD,LANGFORD,N,N,N,VANCOUVER ISLAND,GALLOPING GOOSE TRAIL & KELLY RD & VETERANS MEMORIAL PKY & TURNING LANE,KELLY RD,KELLY RD,12:00-14:59,1,1
N,CASUALTY CRASH,VICTORIA AVE,N,2023,SATURDAY,SIDE IMPACT,N,Y,49.207839,-124.015236,N,DECEMBER,N,NANAIMO,NANAIMO,NANAIMO,N,N,N,VANCOUVER ISLAND,NORWELL DR & VICTORIA AVE,NORWELL DR,NORWELL DR,12:00-14:59,1,1
N,CASUALTY CRASH,W 10TH AVE,N,2023,SATURDAY,REAR END,N,Y,49.262239,-123.114914,N,DECEMBER,N,VANCOUVER,VANCOUVER,VANCOUVER,N,N,N,LOWER MAINLAND,CAMBIE ST & W 10TH AVE,CAMBIE ST,CAMBIE ST,12:00-14:59,1,1
N,CASUALTY CRASH,W 33RD AVE,N,2023,SATURDAY,REAR END,N,Y,49.241437,-123.127824,N,DECEMBER,N,VANCOUVER,VANCOUVER,VANCOUVER,N,N,N,LOWER MAINLAND,OAK ST & W 33RD AVE,OAK ST,OAK ST,12:00-14:59,1,1
N,CASUALTY CRASH,W 47TH AVE,N,2023,SATURDAY,SIDE IMPACT,N,Y,49.228404,-123.128257,N,DECEMBER,N,VANCOUVER,VANCOUVER,VANCOUVER,N,N,N,LOWER MAINLAND,OAK ST & W 47TH AVE,OAK ST,OAK ST,12:00-14:59,1,1
N,CASUALTY CRASH,W 49TH AVE,N,2023,SATURDAY,SIDE IMPACT,N,Y,49.226543,-123.128296,N,DECEMBER,N,VANCOUVER,VANCOUVER,VANCOUVER,N,N,N,LOWER MAINLAND,OAK ST & W 49TH AVE,OAK ST,OAK ST,12:00-14:59,1,3
N,CASUALTY CRASH,W 7TH AVE,N,2023,SATURDAY,SIDE IMPACT,N,Y,49.26495,-123.114804,N,DECEMBER,N,VANCOUVER,VANCOUVER,VANCOUVER,N,N,N,LOWER MAINLAND,CAMBIE ST & W 7TH AVE,CAMBIE ST,CAMBIE ST,12:00-14:59,1,1
N,CASUALTY CRASH,WARDNER FORT STEEL RD,N,2023,SATURDAY,SINGLE VEHICLE,N,N,\N,\N,N,DECEMBER,N,CRANBROOK,CRANBROOK,\N,N,N,N,SOUTHERN INTERIOR,UNKNOWN,HWY 93,HWY 93,12:00-14:59,1,2
N,CASUALTY CRASH,WARE ST,N,2023,SATURDAY,REAR END,N,Y,49.050434,-122.304426,N,DECEMBER,N,ABBOTSFORD,ABBOTSFORD,ABBOTSFORD,N,N,N,LOWER MAINLAND,SOUTH FRASER WAY & WARE ST & TURNING LANE,SOUTH FRASER WAY,SOUTH FRASER WAY,12:00-14:59,1,1
N,CASUALTY CRASH,WHALLEY BLVD,N,2023,SATURDAY,SIDE SWIPE - SAME DIRECTION,N,Y,49.191551,-122.841905,N,DECEMBER,N,SURREY,SURREY,SURREY,N,N,N,LOWER MAINLAND,104 AVE & WHALLEY BLVD,104 AVE,104 AVE,12:00-14:59,1,1
N,CASUALTY CRASH,WILD RIDGE WAY,N,2023,SATURDAY,REAR END,N,Y,48.409226,-123.540141,N,DECEMBER,N,LANGFORD,LANGFORD,LANGFORD,N,N,N,VANCOUVER ISLAND,CENTRE MOUNTAIN TERR & HAPPY VALLEY RD & WILD RIDGE WAY,HAPPY VALLEY RD,HAPPY VALLEY RD,12:00-14:59,1,1
N,CASUALTY CRASH,WILLOWBROOK DR,N,2023,SATURDAY,SIDE SWIPE - SAME DIRECTION,N,Y,49.11388,-122.679741,N,DECEMBER,N,LANGLEY,LANGLEY,LANGLEY & SURREY,N,N,N,LOWER MAINLAND,196 ST & FRASER HWY & WILLOWBROOK DR & MALL ACCESS & TURNING LANE,FRASER HWY,FRASER HWY,12:00-14:59,1,2
N,CASUALTY CRASH,WYCLIFFE PARK RD,N,2023,SATURDAY,REAR END,N,Y,49.570189,-115.786337,N,DECEMBER,N,CRANBROOK,CRANBROOK,CRANBROOK,N,N,N,SOUTHERN INTERIOR,HWY 95A & WYCLIFFE PARK RD & PRIVATE DRIVEWAY & TURNING LANE,HWY 95A,HWY 95A,12:00-14:59,1,2
N,CASUALTY CRASH,YATES ST,N,2023,SATURDAY,REAR END,N,Y,48.425671,-123.359276,N,DECEMBER,N,VICTORIA,VICTORIA,VICTORIA,N,N,N,VANCOUVER ISLAND,QUADRA ST & YATES ST,QUADRA ST,QUADRA ST,12:00-14:59,1,1
N,CASUALTY CRASH,YATES ST,N,2023,SATURDAY,SINGLE VEHICLE,N,Y,48.426313,-123.364899,N,DECEMBER,N,VICTORIA,VICTORIA,VICTORIA,N,N,Y,VANCOUVER ISLAND,DOUGLAS ST & YATES ST,DOUGLAS ST,DOUGLAS ST,12:00-14:59,1,1
N,PROPERTY DAMAGE ONLY,\N,N,2023,SATURDAY,CONFLICTED,N,N,\N,\N,N,DECEMBER,N,CHILLIWACK,CHILLIWACK,\N,N,N,N,LOWER MAINLAND,UNKNOWN,CHILLIWACK LAKE RD,CHILLIWACK LAKE RD,12:00-14:59,1,0
N,PROPERTY DAMAGE ONLY,\N,N,2023,SATURDAY,CONFLICTED,N,N,\N,\N,N,DECEMBER,N,KAMLOOPS,KAMLOOPS,\N,N,Y,N,SOUTHERN INTERIOR,UNKNOWN,TRANS-CANADA HWY,TRANS-CANADA HWY,12:00-14:59,1,0
N,PROPERTY DAMAGE ONLY,\N,N,2023,SATURDAY,CONFLICTED,N,N,\N,\N,N,DECEMBER,N,SALMON ARM,SALMON ARM,\N,Y,N,N,SOUTHERN INTERIOR,UNKNOWN,KAULT HILL RD,KAULT HILL RD,12:00-14:59,1,0
N,PROPERTY DAMAGE ONLY,\N,N,2023,SATURDAY,CONFLICTED,N,N,\N,\N,N,DECEMBER,N,VICTORIA,VICTORIA,\N,Y,Y,N,VANCOUVER ISLAND,UNKNOWN,MCKENZIE ST,MCKENZIE ST,12:00-14:59,1,0
N,PROPERTY DAMAGE ONLY,\N,N,2023,SATURDAY,CONFLICTED,N,N,\N,\N,N,DECEMBER,N,WEST KELOWNA,WEST KELOWNA,\N,N,N,N,SOUTHERN INTERIOR,UNKNOWN,BEAR MAIN FOREST SERVICE ROAD,BEAR MAIN FOREST SERVICE ROAD,12:00-14:59,1,0
N,PROPERTY DAMAGE ONLY,\N,N,2023,SATURDAY,CONFLICTED,N,N,48.448581,-123.363211,Y,DECEMBER,N,VICTORIA,VICTORIA,VICTORIA,Y,N,N,VANCOUVER ISLAND,GLASGOW ST # 003170 TO 003199,GLASGOW ST,GLASGOW ST,12:00-14:59,1,0
N,PROPERTY DAMAGE ONLY,\N,N,2023,SATURDAY,CONFLICTED,N,N,48.822637,-124.057507,Y,DECEMBER,N,LAKE COWICHAN,LAKE COWICHAN,LAKE COWICHAN,Y,Y,N,VANCOUVER ISLAND,SOUTH SHORE RD # 000130 TO 000149,SOUTH SHORE RD,SOUTH SHORE RD,12:00-14:59,1,0
N,PROPERTY DAMAGE ONLY,\N,N,2023,SATURDAY,CONFLICTED,N,N,49.047264,-122.779262,Y,DECEMBER,N,SURREY,SURREY,SURREY,Y,Y,N,LOWER MAINLAND,160 ST # 002441 TO 002549 odd,160 ST,160 ST,12:00-14:59,1,0
N,PROPERTY DAMAGE ONLY,\N,N,2023,SATURDAY,CONFLICTED,N,N,49.090245,-123.079708,Y,DECEMBER,N,DELTA,DELTA,DELTA,Y,Y,N,LOWER MAINLAND,LADNER TRUNK RD # 005130 TO 005249,48 AVE,48 AVE,12:00-14:59,1,0
N,PROPERTY DAMAGE ONLY,\N,N,2023,SATURDAY,CONFLICTED,N,N,49.103983,-121.95808,Y,DECEMBER,N,CHILLIWACK,CHILLIWACK,CHILLIWACK,Y,Y,N,LOWER MAINLAND,KEITH WILSON RD # 045741 TO 045750,KEITH WILSON RD,KEITH WILSON RD,12:00-14:59,1,0
N,PROPERTY DAMAGE ONLY,\N,N,2023,SATURDAY,CONFLICTED,N,N,49.112489,-122.676859,Y,DECEMBER,N,LANGLEY,LANGLEY,LANGLEY,Y,Y,N,LOWER MAINLAND,FRASER HWY # 019650 TO 019798 even,FRASER HWY,FRASER HWY,12:00-14:59,1,0
N,PROPERTY DAMAGE ONLY,\N,N,2023,SATURDAY,CONFLICTED,N,N,49.123616,-122.895924,Y,DECEMBER,N,DELTA,DELTA,DELTA,Y,N,N,LOWER MAINLAND,WADE RD # 006571 TO 006659,WADE RD,WADE RD,12:00-14:59,1,0
N,PROPERTY DAMAGE ONLY,\N,N,2023,SATURDAY,CONFLICTED,N,N,49.12865,-122.322863,Y,DECEMBER,N,MISSION,MISSION,MISSION,N,Y,N,LOWER MAINLAND,LONDON AVE # 032520 TO 032535,LONDON AVE,LONDON AVE,12:00-14:59,1,0
N,PROPERTY DAMAGE ONLY,\N,N,2023,SATURDAY,CONFLICTED,N,N,49.163724,-121.952573,Y,DECEMBER,N,CHILLIWACK,CHILLIWACK,CHILLIWACK,N,N,N,LOWER MAINLAND,YOUNG RD # 008890 TO 008949,YOUNG RD,YOUNG RD,12:00-14:59,1,0
N,PROPERTY DAMAGE ONLY,\N,N,2023,SATURDAY,CONFLICTED,N,N,49.171995,-123.134012,Y,DECEMBER,N,RICHMOND,RICHMOND,RICHMOND,N,N,N,LOWER MAINLAND,ACKROYD RD # 008100 TO 008399,ACKROYD RD,ACKROYD RD,12:00-14:59,1,0
N,PROPERTY DAMAGE ONLY,\N,N,2023,SATURDAY,CONFLICTED,N,N,49.173896,-123.134106,Y,DECEMBER,N,RICHMOND,RICHMOND,RICHMOND,Y,Y,N,LOWER MAINLAND,LANSDOWNE RD # 008001 TO 008399 odd,LANSDOWNE RD,LANSDOWNE RD,12:00-14:59,1,0
N,PROPERTY DAMAGE ONLY,\N,N,2023,SATURDAY,CONFLICTED,N,N,49.219678,-123.041318,Y,DECEMBER,N,VANCOUVER,VANCOUVER,VANCOUVER,Y,Y,N,LOWER MAINLAND,KERR ST # 007000 TO 007099,KERR ST,KERR ST,12:00-14:59,1,0
N,PROPERTY DAMAGE ONLY,\N,N,2023,SATURDAY,CONFLICTED,N,N,50.239176,-117.80471,Y,DECEMBER,N,NAKUSP,NAKUSP,NAKUSP,Y,Y,N,SOUTHERN INTERIOR,BROADWAY ST W # 000500 TO 000599,BROADWAY ST W,BROADWAY ST W,12:00-14:59,1,0
N,PROPERTY DAMAGE ONLY,\N,N,2023,SATURDAY,CONFLICTED,N,N,50.250987,-119.225225,Y,DECEMBER,N,VERNON,VERNON,VERNON,Y,Y,N,SOUTHERN INTERIOR,POTTERY RD # 000280 TO 000399,POTTERY RD,POTTERY RD,12:00-14:59,1,0
N,PROPERTY DAMAGE ONLY,\N,N,2023,SATURDAY,HEAD ON,N,N,\N,\N,N,DECEMBER,N,ABBOTSFORD,ABBOTSFORD,\N,N,N,N,LOWER MAINLAND,UNKNOWN,GLADWIN RD,GLADWIN RD,12:00-14:59,1,0
N,PROPERTY DAMAGE ONLY,\N,N,2023,SATURDAY,HEAD ON,N,N,48.485463,-123.383531,Y,DECEMBER,N,SAANICH,SAANICH,SAANICH,Y,Y,N,VANCOUVER ISLAND,DIEPPE RD # 004290 TO 004339,DIEPPE RD,DIEPPE RD,12:00-14:59,1,0
N,PROPERTY DAMAGE ONLY,\N,N,2023,SATURDAY,HEAD ON,N,N,48.644163,-123.405564,Y,DECEMBER,N,SIDNEY,SIDNEY,SIDNEY,Y,Y,N,VANCOUVER ISLAND,PATRICIA BAY HWY # 009600 TO 010048 even,PATRICIA BAY HWY,PATRICIA BAY HWY,12:00-14:59,1,0
N,PROPERTY DAMAGE ONLY,\N,N,2023,SATURDAY,HEAD ON,N,N,49.235017,-122.858659,Y,DECEMBER,N,COQUITLAM,COQUITLAM,COQUITLAM,N,N,N,LOWER MAINLAND,SEGUIN DR # 001210 TO 001229,SEGUIN DR,SEGUIN DR,12:00-14:59,1,0
N,PROPERTY DAMAGE ONLY,\N,N,2023,SATURDAY,HEAD ON,N,N,49.242139,-123.101416,Y,DECEMBER,N,VANCOUVER,VANCOUVER,VANCOUVER,Y,Y,N,LOWER MAINLAND,MAIN ST # 004791 TO 004848,MAIN ST,MAIN ST,12:00-14:59,1,0
N,PROPERTY DAMAGE ONLY,\N,N,2023,SATURDAY,HEAD ON,N,N,49.327453,-123.157227,Y,DECEMBER,N,WEST VANCOUVER,WEST VANCOUVER,WEST VANCOUVER,Y,Y,N,LOWER MAINLAND,BELLEVUE AVE # 001500 TO 001549,BELLEVUE AVE,BELLEVUE AVE,12:00-14:59,1,0
N,PROPERTY DAMAGE ONLY,\N,N,2023,SATURDAY,MULTIPLE IMPACTS,N,N,48.453671,-123.374622,Y,DECEMBER,N,SAANICH,SAANICH,SAANICH,Y,Y,N,VANCOUVER ISLAND,SAANICH RD # 003400 TO 003459,SAANICH RD,SAANICH RD,12:00-14:59,1,0
N,PROPERTY DAMAGE ONLY,\N,N,2023,SATURDAY,MULTIPLE IMPACTS,N,N,49.125532,-122.83159,Y,DECEMBER,N,SURREY,SURREY,SURREY,Y,N,N,LOWER MAINLAND,HYLAND RD # 014000 TO 014199,HYLAND RD,HYLAND RD,12:00-14:59,1,0
N,PROPERTY DAMAGE ONLY,\N,N,2023,SATURDAY,MULTIPLE IMPACTS,N,N,49.165613,-123.136632,Y,DECEMBER,N,RICHMOND,RICHMOND,RICHMOND,Y,Y,N,LOWER MAINLAND,NO 3 RD # 006401 TO 006799 odd,NO 3 RD,NO 3 RD,12:00-14:59,1,0
N,PROPERTY DAMAGE ONLY,\N,N,2023,SATURDAY,REAR END,N,N,\N,\N,N,DECEMBER,N,ABBOTSFORD,ABBOTSFORD,\N,N,N,N,LOWER MAINLAND,UNKNOWN,HWY 1,HWY 1,12:00-14:59,1,0
N,PROPERTY DAMAGE ONLY,\N,N,2023,SATURDAY,REAR END,N,N,\N,\N,N,DECEMBER,N,BRIDGE LAKE,BRIDGE LAKE,\N,N,N,N,NORTH CENTRAL,UNKNOWN,HWY 24,HWY 24,12:00-14:59,1,0
N,PROPERTY DAMAGE ONLY,\N,N,2023,SATURDAY,REAR END,N,N,\N,\N,N,DECEMBER,N,BURNABY,BURNABY,\N,N,N,N,LOWER MAINLAND,UNKNOWN,KINGSWAY,KINGSWAY,12:00-14:59,1,0
N,PROPERTY DAMAGE ONLY,\N,N,2023,SATURDAY,REAR END,N,N,\N,\N,N,DECEMBER,N,COURTENAY,COURTENAY,\N,N,N,N,VANCOUVER ISLAND,UNKNOWN,CLIFFE AVE,CLIFFE AVE,12:00-14:59,1,0
N,PROPERTY DAMAGE ONLY,\N,N,2023,SATURDAY,REAR END,N,N,\N,\N,N,DECEMBER,N,LANGLEY,LANGLEY,\N,N,N,N,LOWER MAINLAND,UNKNOWN,200 ST,200 ST,12:00-14:59,1,0
N,PROPERTY DAMAGE ONLY,\N,N,2023,SATURDAY,REAR END,N,N,\N,\N,N,DECEMBER,N,MAPLE RIDGE,MAPLE RIDGE,\N,N,N,N,LOWER MAINLAND,UNKNOWN,HWY 7,HWY 7,12:00-14:59,1,0
N,PROPERTY DAMAGE ONLY,\N,N,2023,SATURDAY,REAR END,N,N,\N,\N,N,DECEMBER,N,NORTH VANCOUVER,NORTH VANCOUVER,\N,N,N,N,LOWER MAINLAND,UNKNOWN,HWY 1,HWY 1,12:00-14:59,2,0
N,PROPERTY DAMAGE ONLY,\N,N,2023,SATURDAY,REAR END,N,N,\N,\N,N,DECEMBER,N,PRINCE GEORGE,PRINCE GEORGE,\N,N,N,N,NORTH CENTRAL,UNKNOWN,HWY 16 W,HWY 16 W,12:00-14:59,1,0
N,PROPERTY DAMAGE ONLY,\N,N,2023,SATURDAY,REAR END,N,N,\N,\N,N,DECEMBER,N,ROBERTS CREEK,ROBERTS CREEK,\N,N,N,N,LOWER MAINLAND,UNKNOWN,HWY 101,HWY 101,12:00-14:59,1,0
N,PROPERTY DAMAGE ONLY,\N,N,2023,SATURDAY,REAR END,N,N,\N,\N,N,DECEMBER,N,SPARWOOD,SPARWOOD,\N,N,N,N,SOUTHERN INTERIOR,UNKNOWN,HWY 3,HWY 3,12:00-14:59,1,0
N,PROPERTY DAMAGE ONLY,\N,N,2023,SATURDAY,REAR END,N,N,\N,\N,N,DECEMBER,N,WEST VANCOUVER,WEST VANCOUVER,\N,N,N,N,LOWER MAINLAND,UNKNOWN,HWY 1,HWY 1,12:00-14:59,1,0
N,PROPERTY DAMAGE ONLY,\N,N,2023,SATURDAY,REAR END,N,N,\N,\N,N,DECEMBER,N,WILLIAMS LAKE,WILLIAMS LAKE,\N,N,N,N,NORTH CENTRAL,UNKNOWN,UNKNOWN,UNKNOWN,12:00-14:59,1,0
N,PROPERTY DAMAGE ONLY,\N,N,2023,SATURDAY,REAR END,N,N,48.423918,-123.362585,Y,DECEMBER,N,VICTORIA,VICTORIA,VICTORIA,Y,N,N,VANCOUVER ISLAND,BLANSHARD ST # 001000 TO 001099,HWY 17,HWY 17,12:00-14:59,1,0
N,PROPERTY DAMAGE ONLY,\N,N,2023,SATURDAY,REAR END,N,N,48.444207,-123.509435,Y,DECEMBER,N,LANGFORD,LANGFORD,LANGFORD,N,Y,N,VANCOUVER ISLAND,JACKLIN RD # 002900 TO 002919,JACKLIN RD,JACKLIN RD,12:00-14:59,1,0
N,PROPERTY DAMAGE ONLY,\N,N,2023,SATURDAY,REAR END,N,N,48.445415,-123.333968,Y,DECEMBER,N,VICTORIA,VICTORIA,VICTORIA,N,Y,N,VANCOUVER ISLAND,HILLSIDE AVE # 001634 TO 001699,HILLSIDE AVE,HILLSIDE AVE,12:00-14:59,1,0
N,PROPERTY DAMAGE ONLY,\N,N,2023,SATURDAY,REAR END,N,N,48.446195,-123.371352,Y,DECEMBER,N,VICTORIA,VICTORIA,VICTORIA,Y,Y,N,VANCOUVER ISLAND,DOUGLAS ST # 003129 TO 003157 odd,DOUGLAS ST,DOUGLAS ST,12:00-14:59,1,0
N,PROPERTY DAMAGE ONLY,\N,N,2023,SATURDAY,REAR END,N,N,48.648888,-123.395997,Y,DECEMBER,N,SIDNEY,SIDNEY,SIDNEY,N,Y,N,VANCOUVER ISLAND,BEACON AVE # 002503 TO 002535 odd,BEACON AVE,BEACON AVE,12:00-14:59,1,0
N,PROPERTY DAMAGE ONLY,\N,N,2023,SATURDAY,REAR END,N,N,49.028468,-122.80111,Y,DECEMBER,N,WHITE ROCK,WHITE ROCK,WHITE ROCK,N,N,N,LOWER MAINLAND,JOHNSTON RD # 001400 TO 001498 even,JOHNSTON RD,JOHNSTON RD,12:00-14:59,1,0
N,PROPERTY DAMAGE ONLY,\N,N,2023,SATURDAY,REAR END,N,N,49.033513,-123.804096,Y,DECEMBER,N,LADYSMITH,LADYSMITH,LADYSMITH,N,N,N,VANCOUVER ISLAND,DOOLE RD # 013011 TO 013249,DOOLE RD,DOOLE RD,12:00-14:59,1,0
N,PROPERTY DAMAGE ONLY,\N,N,2023,SATURDAY,REAR END,N,N,49.050936,-122.312534,Y,DECEMBER,N,ABBOTSFORD,ABBOTSFORD,ABBOTSFORD,Y,Y,N,LOWER MAINLAND,SOUTH FRASER WAY # 032800 TO 032979,SOUTH FRASER WAY,SOUTH FRASER WAY,12:00-14:59,1,0
N,PROPERTY DAMAGE ONLY,\N,N,2023,SATURDAY,REAR END,N,N,49.054579,-122.774643,Y,DECEMBER,N,SURREY,SURREY,SURREY,Y,N,N,LOWER MAINLAND,161B ST # 002850 TO 002939,161B ST,161B ST,12:00-14:59,1,0
N,PROPERTY DAMAGE ONLY,\N,N,2023,SATURDAY,REAR END,N,N,49.05827,-122.381412,Y,DECEMBER,N,ABBOTSFORD,ABBOTSFORD,ABBOTSFORD,N,Y,N,LOWER MAINLAND,MT LEHMAN RD # 003086 TO 003129,MT LEHMAN RD,MT LEHMAN RD,12:00-14:59,1,0
N,PROPERTY DAMAGE ONLY,\N,N,2023,SATURDAY,REAR END,N,N,49.122602,-122.661894,Y,DECEMBER,N,LANGLEY,LANGLEY,LANGLEY,N,Y,N,LOWER MAINLAND,66 AVE # 020170 TO 020299,66 AVE,66 AVE,12:00-14:59,1,0
N,PROPERTY DAMAGE ONLY,\N,N,2023,SATURDAY,REAR END,N,N,49.12563,-122.818167,Y,DECEMBER,N,SURREY,SURREY,SURREY,Y,N,N,LOWER MAINLAND,67B AVE # 014570 TO 014599,67B AVE,67B AVE,12:00-14:59,1,0
N,PROPERTY DAMAGE ONLY,\N,N,2023,SATURDAY,REAR END,N,N,49.139015,-122.845708,Y,DECEMBER,N,SURREY,SURREY,SURREY,Y,Y,N,LOWER MAINLAND,KING GEORGE BLVD # 007401 TO 007599 odd,KING GEORGE BLVD,KING GEORGE BLVD,12:00-14:59,1,0
N,PROPERTY DAMAGE ONLY,\N,N,2023,SATURDAY,REAR END,N,N,49.184128,-123.127013,Y,DECEMBER,N,RICHMOND,RICHMOND,RICHMOND,Y,Y,N,LOWER MAINLAND,ODLIN CRES # 008880 TO 008899,ODLIN CRES,ODLIN CRES,12:00-14:59,1,0
N,PROPERTY DAMAGE ONLY,\N,N,2023,SATURDAY,REAR END,N,N,49.190089,-122.800995,Y,DECEMBER,N,SURREY,SURREY,SURREY,N,Y,N,LOWER MAINLAND,152 ST # 010251 TO 010399 odd,152 ST,152 ST,12:00-14:59,2,0
N,PROPERTY DAMAGE ONLY,\N,N,2023,SATURDAY,REAR END,N,N,49.191464,-122.81483,Y,DECEMBER,N,SURREY,SURREY,SURREY,Y,Y,N,LOWER MAINLAND,104 AVE # 014610 TO 014798 even,104 AVE,104 AVE,12:00-14:59,1,0
N,PROPERTY DAMAGE ONLY,\N,N,2023,SATURDAY,REAR END,N,N,49.193371,-123.082594,Y,DECEMBER,N,RICHMOND,RICHMOND,RICHMOND,Y,Y,N,LOWER MAINLAND,SWEDEN WAY # 002500 TO 003199,SWEDEN WAY,SWEDEN WAY,12:00-14:59,1,0
N,PROPERTY DAMAGE ONLY,\N,N,2023,SATURDAY,REAR END,N,N,49.216862,-122.592962,Y,DECEMBER,N,MAPLE RIDGE,MAPLE RIDGE,MAPLE RIDGE,N,Y,N,LOWER MAINLAND,LOUGHEED HWY # 022700 TO 022757,LOUGHEED HWY,LOUGHEED HWY,12:00-14:59,1,0
N,PROPERTY DAMAGE ONLY,\N,N,2023,SATURDAY,REAR END,N,N,49.221944,-123.000924,Y,DECEMBER,N,BURNABY,BURNABY,BURNABY,N,N,N,LOWER MAINLAND,IMPERIAL ST # 004517 TO 004574,IMPERIAL ST,IMPERIAL ST,12:00-14:59,1,0
N,PROPERTY DAMAGE ONLY,\N,N,2023,SATURDAY,REAR END,N,N,49.224704,-122.673335,Y,DECEMBER,N,PITT MEADOWS,PITT MEADOWS,PITT MEADOWS,Y,Y,N,LOWER MAINLAND,LOUGHEED HWY # 019800 TO 019808 even,LOUGHEED HWY,LOUGHEED HWY,12:00-14:59,1,0
N,PROPERTY DAMAGE ONLY,\N,N,2023,SATURDAY,REAR END,N,N,49.230361,-122.694126,Y,DECEMBER,N,PITT MEADOWS,PITT MEADOWS,PITT MEADOWS,Y,N,N,LOWER MAINLAND,190A ST # 012500 TO 012569,190A ST,190A ST,12:00-14:59,1,0
N,PROPERTY DAMAGE ONLY,\N,N,2023,SATURDAY,REAR END,N,N,49.236,-123.155526,Y,DECEMBER,N,VANCOUVER,VANCOUVER,VANCOUVER,Y,N,N,LOWER MAINLAND,WEST BOULEVARD # 005501 TO 005599 odd,WEST BOULEVARD,WEST BOULEVARD,12:00-14:59,1,0
N,PROPERTY DAMAGE ONLY,\N,N,2023,SATURDAY,REAR END,N,N,49.236982,-122.852503,Y,DECEMBER,N,COQUITLAM,COQUITLAM,COQUITLAM,Y,Y,N,LOWER MAINLAND,SCHOOLHOUSE ST # 000204 TO 000237,SCHOOLHOUSE ST,SCHOOLHOUSE ST,12:00-14:59,1,0
N,PROPERTY DAMAGE ONLY,\N,N,2023,SATURDAY,REAR END,N,N,49.251719,-122.918981,Y,DECEMBER,N,BURNABY,BURNABY,BURNABY,Y,Y,N,LOWER MAINLAND,BRIGHTON AVE # 003400 TO 003599,BRIGHTON AVE,BRIGHTON AVE,12:00-14:59,1,0
N,PROPERTY DAMAGE ONLY,\N,N,2023,SATURDAY,REAR END,N,N,49.257697,-123.165709,Y,DECEMBER,N,VANCOUVER,VANCOUVER,VANCOUVER,Y,N,N,LOWER MAINLAND,W 16TH AVE # 002601 TO 002699 odd,W 16TH AVE,W 16TH AVE,12:00-14:59,1,0
N,PROPERTY DAMAGE ONLY,\N,N,2023,SATURDAY,REAR END,N,N,49.257963,-122.955981,Y,DECEMBER,N,BURNABY,BURNABY,BURNABY,N,Y,N,LOWER MAINLAND,BAINBRIDGE AVE # 002900 TO 002999,BAINBRIDGE AVE,BAINBRIDGE AVE,12:00-14:59,1,0
N,PROPERTY DAMAGE ONLY,\N,N,2023,SATURDAY,REAR END,N,N,49.258194,-123.044726,Y,DECEMBER,N,VANCOUVER,VANCOUVER,VANCOUVER,N,Y,N,LOWER MAINLAND,GRANDVIEW HWY # 002872 TO 002899,GRANDVIEW HWY,GRANDVIEW HWY,12:00-14:59,1,0
N,PROPERTY DAMAGE ONLY,\N,N,2023,SATURDAY,REAR END,N,N,49.277063,-122.800243,Y,DECEMBER,N,COQUITLAM,COQUITLAM,COQUITLAM,N,Y,N,LOWER MAINLAND,BARNET HWY # 002901 TO 002929 odd,BARNET HWY,BARNET HWY,12:00-14:59,1,0
N,PROPERTY DAMAGE ONLY,\N,N,2023,SATURDAY,REAR END,N,N,49.2803,-122.967926,Y,DECEMBER,N,BURNABY,BURNABY,BURNABY,N,Y,N,LOWER MAINLAND,HASTINGS ST # 006500 TO 006628 even,HASTINGS ST,HASTINGS ST,12:00-14:59,1,0
N,PROPERTY DAMAGE ONLY,\N,N,2023,SATURDAY,REAR END,N,N,49.319728,-123.134618,N,DECEMBER,N,VANCOUVER,VANCOUVER,VANCOUVER & WEST VANCOUVER,N,N,N,LOWER MAINLAND,LIONS GATE BRIDGE,LIONS GATE BRIDGE,LIONS GATE BRIDGE,12:00-14:59,1,0
N,PROPERTY DAMAGE ONLY,\N,N,2023,SATURDAY,REAR END,N,N,49.741038,-123.123351,Y,DECEMBER,N,SQUAMISH,SQUAMISH,SQUAMISH,N,N,N,LOWER MAINLAND,SKYLINE PL # 040100 TO 040159,SKYLINE PL,SKYLINE PL,12:00-14:59,1,0
N,PROPERTY DAMAGE ONLY,\N,N,2023,SATURDAY,REAR END,N,N,49.887628,-119.426692,Y,DECEMBER,N,KELOWNA,KELOWNA,KELOWNA,Y,Y,N,SOUTHERN INTERIOR,BANKS RD # 001550 TO 001569,BANKS RD,BANKS RD,12:00-14:59,1,0
N,PROPERTY DAMAGE ONLY,\N,N,2023,SATURDAY,REAR END,N,N,50.120348,-122.956205,Y,DECEMBER,N,WHISTLER,WHISTLER,WHISTLER,Y,Y,N,LOWER MAINLAND,LORIMER RD # 004310 TO 004360 even,LORIMER RD,LORIMER RD,12:00-14:59,1,0
N,PROPERTY DAMAGE ONLY,\N,N,2023,SATURDAY,REAR END,N,N,50.289072,-119.260542,Y,DECEMBER,N,VERNON,VERNON,VERNON,Y,Y,N,SOUTHERN INTERIOR,58 AVE # 002000 TO 002499,58 AVE,58 AVE,12:00-14:59,1,0
N,PROPERTY DAMAGE ONLY,\N,N,2023,SATURDAY,REAR END,N,N,50.652041,-120.380833,Y,DECEMBER,N,KAMLOOPS,KAMLOOPS,KAMLOOPS,N,N,N,SOUTHERN INTERIOR,HUGH ALLAN DR # 001500 TO 001518,HUGH ALLAN DR,HUGH ALLAN DR,12:00-14:59,1,0
N,PROPERTY DAMAGE ONLY,\N,N,2023,SATURDAY,REAR END,N,N,53.899564,-122.779382,Y,DECEMBER,N,PRINCE GEORGE,PRINCE GEORGE,PRINCE GEORGE,N,Y,N,NORTH CENTRAL,MASSEY DR # 002991 TO 003111 odd,MASSEY DR,MASSEY DR,12:00-14:59,1,0
N,PROPERTY DAMAGE ONLY,\N,N,2023,SATURDAY,REAR END,N,N,54.780519,-127.17311,Y,DECEMBER,N,SMITHERS,SMITHERS,SMITHERS,Y,N,N,NORTH CENTRAL,1ST AVE # 003824 TO 003899,1ST AVE,1ST AVE,12:00-14:59,1,0
N,PROPERTY DAMAGE ONLY,\N,N,2023,SATURDAY,REAR END,N,N,55.763206,-120.242561,Y,DECEMBER,N,DAWSON CREEK,DAWSON CREEK,DAWSON CREEK,Y,Y,N,NORTH CENTRAL,ALASKA AVE # 001400 TO 001499,ALASKA HWY,ALASKA HWY,12:00-14:59,1,0
N,PROPERTY DAMAGE ONLY,\N,N,2023,SATURDAY,REAR END,Y,N,\N,\N,N,DECEMBER,N,SALMON ARM,SALMON ARM,\N,N,N,N,SOUTHERN INTERIOR,UNKNOWN,UNKNOWN,UNKNOWN,12:00-14:59,1,0
N,PROPERTY DAMAGE ONLY,\N,N,2023,SATURDAY,REAR TO REAR,N,N,\N,\N,N,DECEMBER,N,VICTORIA,VICTORIA,\N,N,N,N,VANCOUVER ISLAND,UNKNOWN,ROYAL OAK DR,ROYAL OAK DR,12:00-14:59,1,0
N,PROPERTY DAMAGE ONLY,\N,N,2023,SATURDAY,REAR TO REAR,N,N,48.448828,-123.498968,Y,DECEMBER,N,LANGFORD,LANGFORD,LANGFORD,Y,Y,N,VANCOUVER ISLAND,GOLDSTREAM AVE # 000750 TO 000782,GOLDSTREAM AVE,GOLDSTREAM AVE,12:00-14:59,1,0
N,PROPERTY DAMAGE ONLY,\N,N,2023,SATURDAY,REAR TO REAR,N,N,48.498598,-123.382612,Y,DECEMBER,N,SAANICH,SAANICH,SAANICH,Y,Y,N,VANCOUVER ISLAND,ROYAL OAK DR # 000701 TO 000777 odd,ROYAL OAK DR,ROYAL OAK DR,12:00-14:59,1,0
N,PROPERTY DAMAGE ONLY,\N,N,2023,SATURDAY,REAR TO REAR,N,N,49.118926,-122.655649,Y,DECEMBER,N,LANGLEY,LANGLEY,LANGLEY,Y,Y,N,LOWER MAINLAND,64 AVE # 020351 TO 020499 odd,64 AVE,64 AVE,12:00-14:59,1,0
N,PROPERTY DAMAGE ONLY,\N,N,2023,SATURDAY,REAR TO REAR,N,N,49.11899,-122.660893,Y,DECEMBER,N,LANGLEY,LANGLEY,LANGLEY,N,Y,N,LOWER MAINLAND,64 AVE # 020251 TO 020299 odd,64 AVE,64 AVE,12:00-14:59,1,0
N,PROPERTY DAMAGE ONLY,\N,N,2023,SATURDAY,REAR TO REAR,N,N,49.143337,-121.957745,Y,DECEMBER,N,CHILLIWACK,CHILLIWACK,CHILLIWACK,N,Y,N,LOWER MAINLAND,LUCKAKUCK WAY # 045700 TO 045939,LUCKAKUCK WAY,LUCKAKUCK WAY,12:00-14:59,1,0
N,PROPERTY DAMAGE ONLY,\N,N,2023,SATURDAY,REAR TO REAR,N,N,49.145623,-122.912578,Y,DECEMBER,N,DELTA,DELTA,DELTA,Y,Y,N,LOWER MAINLAND,112 ST # 007810 TO 007818,112 ST,112 ST,12:00-14:59,1,0
N,PROPERTY DAMAGE ONLY,\N,N,2023,SATURDAY,REAR TO REAR,N,N,49.151365,-123.957282,Y,DECEMBER,N,NANAIMO,NANAIMO,NANAIMO,Y,N,N,VANCOUVER ISLAND,SIXTH ST # 000608 TO 000639,SIXTH ST,SIXTH ST,12:00-14:59,1,0
N,PROPERTY DAMAGE ONLY,\N,N,2023,SATURDAY,REAR TO REAR,N,N,49.228116,-122.998531,Y,DECEMBER,N,BURNABY,BURNABY,BURNABY,Y,Y,N,LOWER MAINLAND,KINGSWAY # 004700 TO 004749,KINGSWAY,KINGSWAY,12:00-14:59,1,0
N,PROPERTY DAMAGE ONLY,\N,N,2023,SATURDAY,REAR TO REAR,N,N,49.233704,-122.852525,Y,DECEMBER,N,COQUITLAM,COQUITLAM,COQUITLAM,N,Y,N,LOWER MAINLAND,SCHOOLHOUSE ST # 000100 TO 000145,SCHOOLHOUSE ST,SCHOOLHOUSE ST,12:00-14:59,1,0
N,PROPERTY DAMAGE ONLY,\N,N,2023,SATURDAY,REAR TO REAR,N,N,49.235017,-122.858659,Y,DECEMBER,N,COQUITLAM,COQUITLAM,COQUITLAM,N,N,N,LOWER MAINLAND,SEGUIN DR # 001210 TO 001229,SEGUIN DR,SEGUIN DR,12:00-14:59,1,0
N,PROPERTY DAMAGE ONLY,\N,N,2023,SATURDAY,REAR TO REAR,N,N,49.23738,-122.868963,Y,DECEMBER,N,COQUITLAM,COQUITLAM,COQUITLAM,N,Y,N,LOWER MAINLAND,BRUNETTE AVE # 000947 TO 000959,BRUNETTE AVE,BRUNETTE AVE,12:00-14:59,1,0
N,PROPERTY DAMAGE ONLY,\N,N,2023,SATURDAY,REAR TO REAR,N,N,49.238461,-124.054878,Y,DECEMBER,N,NANAIMO,NANAIMO,NANAIMO,N,Y,N,VANCOUVER ISLAND,MARY ELLEN DR # 006670 TO 006679,MARY ELLEN DR,MARY ELLEN DR,12:00-14:59,1,0
N,PROPERTY DAMAGE ONLY,\N,N,2023,SATURDAY,REAR TO REAR,N,N,49.239811,-123.102764,Y,DECEMBER,N,VANCOUVER,VANCOUVER,VANCOUVER,Y,N,N,LOWER MAINLAND,QUEBEC ST # 004900 TO 005099,QUEBEC ST,QUEBEC ST,12:00-14:59,1,0
N,PROPERTY DAMAGE ONLY,\N,N,2023,SATURDAY,REAR TO REAR,N,N,49.240588,-124.055576,Y,DECEMBER,N,NANAIMO,NANAIMO,NANAIMO,Y,Y,N,VANCOUVER ISLAND,ISLAND HWY N # 006930 TO 006968 even,ISLAND HWY N,ISLAND HWY N,12:00-14:59,1,0
N,PROPERTY DAMAGE ONLY,\N,N,2023,SATURDAY,REAR TO REAR,N,N,49.277063,-122.800243,Y,DECEMBER,N,COQUITLAM,COQUITLAM,COQUITLAM,Y,Y,N,LOWER MAINLAND,BARNET HWY # 002901 TO 002929 odd,BARNET HWY,BARNET HWY,12:00-14:59,1,0
N,PROPERTY DAMAGE ONLY,\N,N,2023,SATURDAY,REAR TO REAR,N,N,49.45966,-115.722984,Y,DECEMBER,N,CRANBROOK,CRANBROOK,CRANBROOK,Y,Y,N,SOUTHERN INTERIOR,53RD ST S # 003800 TO 004599,53RD ST S,53RD ST S,12:00-14:59,1,0
N,PROPERTY DAMAGE ONLY,\N,N,2023,SATURDAY,REAR TO REAR,N,N,49.668375,-124.977446,Y,DECEMBER,N,COURTENAY,COURTENAY,COURTENAY,N,Y,N,VANCOUVER ISLAND,CLIFFE AVE # 003040 TO 003299,CLIFFE AVE,CLIFFE AVE,12:00-14:59,1,0
N,PROPERTY DAMAGE ONLY,\N,N,2023,SATURDAY,REAR TO REAR,N,N,49.771317,-124.39485,Y,DECEMBER,N,POWELL RIVER,POWELL RIVER,POWELL RIVER,Y,Y,N,VANCOUVER ISLAND,HWY 101 # 009930 TO 009999,HWY 101,HWY 101,12:00-14:59,1,0
N,PROPERTY DAMAGE ONLY,\N,N,2023,SATURDAY,REAR TO REAR,N,N,50.358719,-119.057044,Y,DECEMBER,N,VERNON,VERNON,VERNON,N,N,N,SOUTHERN INTERIOR,SHORTT ST # 000121 TO 000129 odd,SHORTT ST,SHORTT ST,12:00-14:59,1,0
N,PROPERTY DAMAGE ONLY,\N,N,2023,SATURDAY,REAR TO REAR,N,N,52.113029,-122.121701,Y,DECEMBER,N,WILLIAMS LAKE,WILLIAMS LAKE,WILLIAMS LAKE,Y,Y,N,NORTH CENTRAL,PROSPERITY WAY # 001200 TO 001259,PROSPERITY WAY,PROSPERITY WAY,12:00-14:59,1,0
N,PROPERTY DAMAGE ONLY,\N,N,2023,SATURDAY,REAR TO REAR,N,N,54.223776,-125.750062,Y,DECEMBER,N,BURNS LAKE,BURNS LAKE,BURNS LAKE,Y,Y,N,NORTH CENTRAL,HWY 16 E # 000202 TO 000402,HWY 16,HWY 16,12:00-14:59,1,0
N,PROPERTY DAMAGE ONLY,\N,N,2023,SATURDAY,REAR TO REAR,N,N,56.245233,-120.873571,Y,DECEMBER,N,FORT ST. JOHN,FORT ST. JOHN,FORT ST. JOHN,Y,Y,N,NORTH CENTRAL,OLD FORT RD # 009700 TO 009749,OLD FORT RD,OLD FORT RD,12:00-14:59,1,0
N,PROPERTY DAMAGE ONLY,\N,N,2023,SATURDAY,SIDE IMPACT,N,N,\N,\N,N,DECEMBER,N,BURNS LAKE,BURNS LAKE,\N,N,N,N,NORTH CENTRAL,UNKNOWN,6 MILE,6 MILE,12:00-14:59,1,0
N,PROPERTY DAMAGE ONLY,\N,N,2023,SATURDAY,SIDE IMPACT,N,N,\N,\N,N,DECEMBER,N,COQUITLAM,COQUITLAM,\N,N,N,N,LOWER MAINLAND,UNKNOWN,JASMINE CRT,JASMINE CRT,12:00-14:59,1,0
N,PROPERTY DAMAGE ONLY,\N,N,2023,SATURDAY,SIDE IMPACT,N,N,\N,\N,N,DECEMBER,N,DELTA,DELTA,\N,Y,Y,N,LOWER MAINLAND,UNKNOWN,CANOE PASS WAY,CANOE PASS WAY,12:00-14:59,1,0
N,PROPERTY DAMAGE ONLY,\N,N,2023,SATURDAY,SIDE IMPACT,N,N,\N,\N,N,DECEMBER,N,KAMLOOPS,KAMLOOPS,\N,Y,Y,N,SOUTHERN INTERIOR,UNKNOWN,TRANS-CANADA HWY,TRANS-CANADA HWY,12:00-14:59,1,0
N,PROPERTY DAMAGE ONLY,\N,N,2023,SATURDAY,SIDE IMPACT,N,N,\N,\N,N,DECEMBER,N,NEW WESTMINSTER,NEW WESTMINSTER,\N,N,N,N,LOWER MAINLAND,UNKNOWN,FRONT ST,FRONT ST,12:00-14:59,1,0
N,PROPERTY DAMAGE ONLY,\N,N,2023,SATURDAY,SIDE IMPACT,N,N,\N,\N,N,DECEMBER,N,RICHMOND,RICHMOND,\N,N,Y,N,LOWER MAINLAND,UNKNOWN,PARK ROAD,PARK ROAD,12:00-14:59,1,0
N,PROPERTY DAMAGE ONLY,\N,N,2023,SATURDAY,SIDE IMPACT,N,N,\N,\N,N,DECEMBER,N,SALMON ARM,SALMON ARM,\N,N,N,N,SOUTHERN INTERIOR,UNKNOWN,20 AVE NE,20 AVE NE,12:00-14:59,1,0
N,PROPERTY DAMAGE ONLY,\N,N,2023,SATURDAY,SIDE IMPACT,N,N,\N,\N,N,DECEMBER,N,VANCOUVER,VANCOUVER,\N,N,N,N,LOWER MAINLAND,UNKNOWN,W 3RD AVE,W 3RD AVE,12:00-14:59,1,0
N,PROPERTY DAMAGE ONLY,\N,N,2023,SATURDAY,SIDE IMPACT,N,N,\N,\N,N,DECEMBER,N,VANCOUVER,VANCOUVER,\N,N,Y,N,LOWER MAINLAND,UNKNOWN,EAST 1ST AVENUE,EAST 1ST AVENUE,12:00-14:59,1,0
N,PROPERTY DAMAGE ONLY,\N,N,2023,SATURDAY,SIDE IMPACT,N,N,\N,\N,N,DECEMBER,N,VICTORIA,VICTORIA,\N,N,Y,N,VANCOUVER ISLAND,UNKNOWN,WALE RD,WALE RD,12:00-14:59,1,0
N,PROPERTY DAMAGE ONLY,\N,N,2023,SATURDAY,SIDE IMPACT,N,N,\N,\N,N,DECEMBER,N,VICTORIA,VICTORIA,\N,Y,Y,N,VANCOUVER ISLAND,UNKNOWN,DOUGLAS ST,DOUGLAS ST,12:00-14:59,1,0
N,PROPERTY DAMAGE ONLY,\N,N,2023,SATURDAY,SIDE IMPACT,N,N,\N,\N,N,DECEMBER,N,VICTORIA,VICTORIA,\N,Y,Y,N,VANCOUVER ISLAND,UNKNOWN,ROYAL OAK DRIVE,ROYAL OAK DRIVE,12:00-14:59,1,0
N,PROPERTY DAMAGE ONLY,\N,N,2023,SATURDAY,SIDE IMPACT,N,N,\N,\N,N,DECEMBER,N,VICTORIA,VICTORIA,\N,Y,Y,N,VANCOUVER ISLAND,UNKNOWN,SAANICH RD,SAANICH RD,12:00-14:59,1,0
N,PROPERTY DAMAGE ONLY,\N,N,2023,SATURDAY,SIDE IMPACT,N,N,48.425527,-123.357886,Y,DECEMBER,N,VICTORIA,VICTORIA,VICTORIA,N,N,N,VANCOUVER ISLAND,YATES ST # 000900 TO 000999,YATES ST,YATES ST,12:00-14:59,1,0
N,PROPERTY DAMAGE ONLY,\N,N,2023,SATURDAY,SIDE IMPACT,N,N,48.426481,-123.314789,Y,DECEMBER,N,OAK BAY,OAK BAY,OAK BAY,Y,Y,N,VANCOUVER ISLAND,OAK BAY AVE # 002220 TO 002259,OAK BAY AVE,OAK BAY AVE,12:00-14:59,1,0
N,PROPERTY DAMAGE ONLY,\N,N,2023,SATURDAY,SIDE IMPACT,N,N,48.436758,-123.336158,Y,DECEMBER,N,VICTORIA,VICTORIA,VICTORIA,Y,N,N,VANCOUVER ISLAND,SHAKESPEARE ST # 002600 TO 002699,SHAKESPEARE ST,SHAKESPEARE ST,12:00-14:59,1,0
N,PROPERTY DAMAGE ONLY,\N,N,2023,SATURDAY,SIDE IMPACT,N,N,48.437126,-123.339746,Y,DECEMBER,N,VICTORIA,VICTORIA,VICTORIA,Y,N,N,VANCOUVER ISLAND,BELMONT AVE # 002600 TO 002699,BELMONT AVE,BELMONT AVE,12:00-14:59,1,0
N,PROPERTY DAMAGE ONLY,\N,N,2023,SATURDAY,SIDE IMPACT,N,N,48.44304,-123.507572,Y,DECEMBER,N,LANGFORD,LANGFORD,LANGFORD,Y,Y,N,VANCOUVER ISLAND,LANGFORD PKY # 000860 TO 000879,LANGFORD PKY,LANGFORD PKY,12:00-14:59,1,0
N,PROPERTY DAMAGE ONLY,\N,N,2023,SATURDAY,SIDE IMPACT,N,N,48.444218,-123.336929,Y,DECEMBER,N,VICTORIA,VICTORIA,VICTORIA,N,Y,N,VANCOUVER ISLAND,HILLSIDE AVE # 001531 TO 001599,HILLSIDE AVE,HILLSIDE AVE,12:00-14:59,1,0
N,PROPERTY DAMAGE ONLY,\N,N,2023,SATURDAY,SIDE IMPACT,N,N,48.445415,-123.333968,Y,DECEMBER,N,VICTORIA,VICTORIA,VICTORIA,Y,Y,N,VANCOUVER ISLAND,HILLSIDE AVE # 001634 TO 001699,HILLSIDE AVE,HILLSIDE AVE,12:00-14:59,1,0
N,PROPERTY DAMAGE ONLY,\N,N,2023,SATURDAY,SIDE IMPACT,N,N,48.446195,-123.371352,Y,DECEMBER,N,VICTORIA,VICTORIA,VICTORIA,Y,Y,N,VANCOUVER ISLAND,DOUGLAS ST # 003129 TO 003157 odd,DOUGLAS ST,DOUGLAS ST,12:00-14:59,2,0
N,PROPERTY DAMAGE ONLY,\N,N,2023,SATURDAY,SIDE IMPACT,N,N,48.448969,-123.399127,Y,DECEMBER,N,SAANICH,SAANICH,SAANICH,N,Y,N,VANCOUVER ISLAND,TILLICUM RD # 002940 TO 002979,TILLICUM RD,TILLICUM RD,12:00-14:59,1,0
N,PROPERTY DAMAGE ONLY,\N,N,2023,SATURDAY,SIDE IMPACT,N,N,48.450856,-123.50831,Y,DECEMBER,N,LANGFORD,LANGFORD,LANGFORD,Y,Y,N,VANCOUVER ISLAND,GOLDSTREAM AVE # 000941 TO 000948,GOLDSTREAM AVE,GOLDSTREAM AVE,12:00-14:59,1,0
N,PROPERTY DAMAGE ONLY,\N,N,2023,SATURDAY,SIDE IMPACT,N,N,48.456852,-123.376979,Y,DECEMBER,N,SAANICH,SAANICH,SAANICH,N,Y,N,VANCOUVER ISLAND,RAVINE WAY # 003500 TO 003549,RAVINE WAY,RAVINE WAY,12:00-14:59,1,0
N,PROPERTY DAMAGE ONLY,\N,N,2023,SATURDAY,SIDE IMPACT,N,N,48.652505,-123.558475,Y,DECEMBER,N,MILL BAY,MILL BAY,MILL BAY,Y,N,N,VANCOUVER ISLAND,DELOUME RD # 000800 TO 000819,DELOUME RD,DELOUME RD,12:00-14:59,1,0
N,PROPERTY DAMAGE ONLY,\N,N,2023,SATURDAY,SIDE IMPACT,N,N,48.767165,-123.698166,Y,DECEMBER,N,DUNCAN,DUNCAN,DUNCAN,Y,Y,N,VANCOUVER ISLAND,TRANS-CANADA HWY # 005321 TO 005449 odd,TRANS-CANADA HWY,TRANS-CANADA HWY,12:00-14:59,1,0
N,PROPERTY DAMAGE ONLY,\N,N,2023,SATURDAY,SIDE IMPACT,N,N,48.776757,-123.703971,Y,DECEMBER,N,DUNCAN,DUNCAN,DUNCAN,Y,Y,N,VANCOUVER ISLAND,TRUNK RD # 000050 TO 000298 even,TRUNK RD,TRUNK RD,12:00-14:59,1,0
N,PROPERTY DAMAGE ONLY,\N,N,2023,SATURDAY,SIDE IMPACT,N,N,48.782551,-123.726974,Y,DECEMBER,N,DUNCAN,DUNCAN,DUNCAN,Y,N,N,VANCOUVER ISLAND,BANKS RD # 005790 TO 005869,BANKS RD,BANKS RD,12:00-14:59,1,0
N,PROPERTY DAMAGE ONLY,\N,N,2023,SATURDAY,SIDE IMPACT,N,N,49.007691,-123.132167,Y,DECEMBER,N,DELTA,DELTA,DELTA,Y,Y,N,LOWER MAINLAND,FERRY CAUSEWAY # 000001 TO 000008,FERRY CAUSEWAY,FERRY CAUSEWAY,12:00-14:59,1,0
N,PROPERTY DAMAGE ONLY,\N,N,2023,SATURDAY,SIDE IMPACT,N,N,49.021743,-122.265356,Y,DECEMBER,N,ABBOTSFORD,ABBOTSFORD,ABBOTSFORD,N,Y,N,LOWER MAINLAND,SUMAS WAY # 001000 TO 001189,SUMAS WAY,SUMAS WAY,12:00-14:59,1,0
N,PROPERTY DAMAGE ONLY,\N,N,2023,SATURDAY,SIDE IMPACT,N,N,49.059947,-122.495534,Y,DECEMBER,N,LANGLEY,LANGLEY,LANGLEY,N,Y,N,LOWER MAINLAND,FRASER HWY # 026250 TO 026349,FRASER HWY,FRASER HWY,12:00-14:59,1,0
N,PROPERTY DAMAGE ONLY,\N,N,2023,SATURDAY,SIDE IMPACT,N,N,49.08385,-122.661943,Y,DECEMBER,N,LANGLEY,LANGLEY,LANGLEY,Y,N,N,LOWER MAINLAND,203 ST # 004441 TO 004499,203 ST,203 ST,12:00-14:59,1,0
N,PROPERTY DAMAGE ONLY,\N,N,2023,SATURDAY,SIDE IMPACT,N,N,49.090245,-123.079708,Y,DECEMBER,N,DELTA,DELTA,DELTA,N,Y,N,LOWER MAINLAND,LADNER TRUNK RD # 005130 TO 005249,48 AVE,48 AVE,12:00-14:59,1,0
N,PROPERTY DAMAGE ONLY,\N,N,2023,SATURDAY,SIDE IMPACT,N,N,49.097501,-122.623492,Y,DECEMBER,N,LANGLEY,LANGLEY,LANGLEY,Y,Y,N,LOWER MAINLAND,52 AVE # 021600 TO 021671,52 AVE,52 AVE,12:00-14:59,1,0
N,PROPERTY DAMAGE ONLY,\N,N,2023,SATURDAY,SIDE IMPACT,N,N,49.10403,-122.61545,Y,DECEMBER,N,LANGLEY,LANGLEY,LANGLEY,Y,Y,N,LOWER MAINLAND,56 AVE # 021617 TO 022279,56 AVE,56 AVE,12:00-14:59,1,0
N,PROPERTY DAMAGE ONLY,\N,N,2023,SATURDAY,SIDE IMPACT,N,N,49.108343,-122.756649,Y,DECEMBER,N,SURREY,SURREY,SURREY,Y,N,N,LOWER MAINLAND,168 ST # 005750 TO 005869,168 ST,168 ST,12:00-14:59,1,0
N,PROPERTY DAMAGE ONLY,\N,N,2023,SATURDAY,SIDE IMPACT,N,N,49.113457,-122.666528,Y,DECEMBER,N,LANGLEY,LANGLEY,LANGLEY,Y,Y,N,LOWER MAINLAND,LANGLEY BYPASS # 020001 TO 020149 odd,LANGLEY BYPASS,LANGLEY BYPASS,12:00-14:59,1,0
N,PROPERTY DAMAGE ONLY,\N,N,2023,SATURDAY,SIDE IMPACT,N,N,49.118365,-121.999894,Y,DECEMBER,N,CHILLIWACK,CHILLIWACK,CHILLIWACK,Y,N,N,LOWER MAINLAND,SOUTH SUMAS RD # 044000 TO 044499,SOUTH SUMAS RD,SOUTH SUMAS RD,12:00-14:59,1,0
N,PROPERTY DAMAGE ONLY,\N,N,2023,SATURDAY,SIDE IMPACT,N,N,49.126165,-122.700964,Y,DECEMBER,N,SURREY,SURREY,SURREY,Y,N,N,LOWER MAINLAND,68 AVE # 018800 TO 018829,68 AVE,68 AVE,12:00-14:59,1,0
N,PROPERTY DAMAGE ONLY,\N,N,2023,SATURDAY,SIDE IMPACT,N,N,49.127371,-122.826009,Y,DECEMBER,N,SURREY,SURREY,SURREY,Y,Y,N,LOWER MAINLAND,143 ST # 006820 TO 006883,143 ST,143 ST,12:00-14:59,1,0
N,PROPERTY DAMAGE ONLY,\N,N,2023,SATURDAY,SIDE IMPACT,N,N,49.128833,-122.321258,Y,DECEMBER,N,MISSION,MISSION,MISSION,Y,Y,N,LOWER MAINLAND,LONDON AVE # 032536 TO 032699,LONDON AVE,LONDON AVE,12:00-14:59,1,0
N,PROPERTY DAMAGE ONLY,\N,N,2023,SATURDAY,SIDE IMPACT,N,N,49.131442,-122.890445,Y,DECEMBER,N,DELTA,DELTA,DELTA,N,Y,N,LOWER MAINLAND,120 ST # 007001 TO 007099 odd,120 ST,120 ST,12:00-14:59,1,0
N,PROPERTY DAMAGE ONLY,\N,N,2023,SATURDAY,SIDE IMPACT,N,N,49.133321,-123.094652,Y,DECEMBER,N,RICHMOND,RICHMOND,RICHMOND,Y,Y,N,LOWER MAINLAND,STEVESTON HWY # 011518 TO 012000 even,STEVESTON HWY,STEVESTON HWY,12:00-14:59,1,0
N,PROPERTY DAMAGE ONLY,\N,N,2023,SATURDAY,SIDE IMPACT,N,N,49.133644,-122.85584,Y,DECEMBER,N,SURREY,SURREY,SURREY,N,Y,N,LOWER MAINLAND,72 AVE # 013200 TO 013360 even,72 AVE,72 AVE,12:00-14:59,1,0
N,PROPERTY DAMAGE ONLY,\N,N,2023,SATURDAY,SIDE IMPACT,N,N,49.13862,-122.890433,Y,DECEMBER,N,DELTA,DELTA,DELTA,Y,Y,N,LOWER MAINLAND,120 ST # 007341 TO 007549 odd,120 ST,120 ST,12:00-14:59,1,0
N,PROPERTY DAMAGE ONLY,\N,N,2023,SATURDAY,SIDE IMPACT,N,N,49.139678,-123.136682,Y,DECEMBER,N,RICHMOND,RICHMOND,RICHMOND,N,Y,N,LOWER MAINLAND,NO 3 RD # 010000 TO 010349,NO 3 RD,NO 3 RD,12:00-14:59,1,0
N,PROPERTY DAMAGE ONLY,\N,N,2023,SATURDAY,SIDE IMPACT,N,N,49.144852,-121.986221,Y,DECEMBER,N,CHILLIWACK,CHILLIWACK,CHILLIWACK,Y,Y,N,LOWER MAINLAND,YALE RD # 044630 TO 044851,YALE RD,YALE RD,12:00-14:59,1,0
N,PROPERTY DAMAGE ONLY,\N,N,2023,SATURDAY,SIDE IMPACT,N,N,49.148222,-122.871466,Y,DECEMBER,N,SURREY,SURREY,SURREY,Y,Y,N,LOWER MAINLAND,80 AVE # 012638 TO 012699,80 AVE,80 AVE,12:00-14:59,1,0
N,PROPERTY DAMAGE ONLY,\N,N,2023,SATURDAY,SIDE IMPACT,N,N,49.150371,-122.925282,Y,DECEMBER,N,DELTA,DELTA,DELTA,N,N,N,LOWER MAINLAND,BURBANK DR # 010600 TO 010799,BURBANK DR,BURBANK DR,12:00-14:59,1,0
N,PROPERTY DAMAGE ONLY,\N,N,2023,SATURDAY,SIDE IMPACT,N,N,49.151861,-121.977356,Y,DECEMBER,N,CHILLIWACK,CHILLIWACK,CHILLIWACK,N,Y,N,LOWER MAINLAND,EAGLE LANDING PKY # 008208 TO 008261,EAGLE LANDING PKY,EAGLE LANDING PKY,12:00-14:59,1,0
N,PROPERTY DAMAGE ONLY,\N,N,2023,SATURDAY,SIDE IMPACT,N,N,49.151897,-122.873163,Y,DECEMBER,N,SURREY,SURREY,SURREY,Y,Y,N,LOWER MAINLAND,82 AVE # 012400 TO 012798,82 AVE,82 AVE,12:00-14:59,1,0
N,PROPERTY DAMAGE ONLY,\N,N,2023,SATURDAY,SIDE IMPACT,N,N,49.155436,-121.951402,Y,DECEMBER,N,CHILLIWACK,CHILLIWACK,CHILLIWACK,N,Y,N,LOWER MAINLAND,YOUNG RD # 008400 TO 008485,YOUNG RD,YOUNG RD,12:00-14:59,1,0
N,PROPERTY DAMAGE ONLY,\N,N,2023,SATURDAY,SIDE IMPACT,N,N,49.159071,-122.775338,Y,DECEMBER,N,SURREY,SURREY,SURREY,Y,N,N,LOWER MAINLAND,86 AVE # 016100 TO 016149,86 AVE,86 AVE,12:00-14:59,1,0
N,PROPERTY DAMAGE ONLY,\N,N,2023,SATURDAY,SIDE IMPACT,N,N,49.161475,-121.962304,Y,DECEMBER,N,CHILLIWACK,CHILLIWACK,CHILLIWACK,Y,Y,N,LOWER MAINLAND,MCINTOSH DR # 045480 TO 045699,MCINTOSH DR,MCINTOSH DR,12:00-14:59,1,0
N,PROPERTY DAMAGE ONLY,\N,N,2023,SATURDAY,SIDE IMPACT,N,N,49.169505,-121.952602,Y,DECEMBER,N,CHILLIWACK,CHILLIWACK,CHILLIWACK,Y,Y,N,LOWER MAINLAND,YOUNG RD # 009200 TO 009249,YOUNG RD,YOUNG RD,12:00-14:59,1,0
N,PROPERTY DAMAGE ONLY,\N,N,2023,SATURDAY,SIDE IMPACT,N,N,49.173896,-123.134106,Y,DECEMBER,N,RICHMOND,RICHMOND,RICHMOND,Y,Y,N,LOWER MAINLAND,LANSDOWNE RD # 008001 TO 008399 odd,LANSDOWNE RD,LANSDOWNE RD,12:00-14:59,1,0
N,PROPERTY DAMAGE ONLY,\N,N,2023,SATURDAY,SIDE IMPACT,N,N,49.179262,-122.663145,Y,DECEMBER,N,LANGLEY,LANGLEY,LANGLEY,Y,Y,N,LOWER MAINLAND,97 AVE # 020100 TO 020215,97 AVE,97 AVE,12:00-14:59,1,0
N,PROPERTY DAMAGE ONLY,\N,N,2023,SATURDAY,SIDE IMPACT,N,N,49.1813,-123.136573,Y,DECEMBER,N,RICHMOND,RICHMOND,RICHMOND,Y,Y,N,LOWER MAINLAND,NO 3 RD # 004200 TO 004678 even,NO 3 RD,NO 3 RD,12:00-14:59,1,0
N,PROPERTY DAMAGE ONLY,\N,N,2023,SATURDAY,SIDE IMPACT,N,N,49.181731,-122.844279,Y,DECEMBER,N,SURREY,SURREY,SURREY,N,Y,N,LOWER MAINLAND,GEORGE JUNCTION # 013600 TO 013689,GEORGE JUNCTION,GEORGE JUNCTION,12:00-14:59,1,0
N,PROPERTY DAMAGE ONLY,\N,N,2023,SATURDAY,SIDE IMPACT,N,N,49.186209,-122.990662,Y,DECEMBER,N,BURNABY,BURNABY,BURNABY,Y,N,N,LOWER MAINLAND,FRASER PARK DR # 007708 TO 007999,FRASER PARK DR,FRASER PARK DR,12:00-14:59,1,0
N,PROPERTY DAMAGE ONLY,\N,N,2023,SATURDAY,SIDE IMPACT,N,N,49.187003,-122.845527,Y,DECEMBER,N,SURREY,SURREY,SURREY,Y,Y,N,LOWER MAINLAND,KING GEORGE BLVD # 010153 TO 010199 odd,KING GEORGE BLVD,KING GEORGE BLVD,12:00-14:59,1,0
N,PROPERTY DAMAGE ONLY,\N,N,2023,SATURDAY,SIDE IMPACT,N,N,49.187447,-122.800847,Y,DECEMBER,N,SURREY,SURREY,SURREY,Y,Y,N,LOWER MAINLAND,152 ST # 010100 TO 010248 even,152 ST,152 ST,12:00-14:59,1,0
N,PROPERTY DAMAGE ONLY,\N,N,2023,SATURDAY,SIDE IMPACT,N,N,49.191434,-122.799494,Y,DECEMBER,N,SURREY,SURREY,SURREY,Y,Y,N,LOWER MAINLAND,104 AVE # 015200 TO 015298 even,104 AVE,104 AVE,12:00-14:59,1,0
N,PROPERTY DAMAGE ONLY,\N,N,2023,SATURDAY,SIDE IMPACT,N,N,49.192,-123.114278,Y,DECEMBER,N,RICHMOND,RICHMOND,RICHMOND,Y,Y,N,LOWER MAINLAND,BRIDGEPORT RD # 009700 TO 009799,BRIDGEPORT RD,BRIDGEPORT RD,12:00-14:59,1,0
N,PROPERTY DAMAGE ONLY,\N,N,2023,SATURDAY,SIDE IMPACT,N,N,49.193073,-122.808911,Y,DECEMBER,N,SURREY,SURREY,SURREY,N,N,N,LOWER MAINLAND,105 AVE # 014820 TO 014999,105 AVE,105 AVE,12:00-14:59,1,0
N,PROPERTY DAMAGE ONLY,\N,N,2023,SATURDAY,SIDE IMPACT,N,N,49.204784,-124.003658,Y,DECEMBER,N,NANAIMO,NANAIMO,NANAIMO,N,Y,N,VANCOUVER ISLAND,ISLAND HWY N # 003162 TO 003220 even,ISLAND HWY N,ISLAND HWY N,12:00-14:59,1,0
N,PROPERTY DAMAGE ONLY,\N,N,2023,SATURDAY,SIDE IMPACT,N,N,49.210862,-123.106649,Y,DECEMBER,N,VANCOUVER,VANCOUVER,VANCOUVER,Y,Y,N,LOWER MAINLAND,ONTARIO ST # 008000 TO 008299,ONTARIO ST,ONTARIO ST,12:00-14:59,1,0
N,PROPERTY DAMAGE ONLY,\N,N,2023,SATURDAY,SIDE IMPACT,N,N,49.216862,-122.592962,Y,DECEMBER,N,MAPLE RIDGE,MAPLE RIDGE,MAPLE RIDGE,N,Y,N,LOWER MAINLAND,LOUGHEED HWY # 022700 TO 022757,LOUGHEED HWY,LOUGHEED HWY,12:00-14:59,1,0
N,PROPERTY DAMAGE ONLY,\N,N,2023,SATURDAY,SIDE IMPACT,N,N,49.224557,-122.945909,Y,DECEMBER,N,BURNABY,BURNABY,BURNABY,Y,N,N,LOWER MAINLAND,ROSEWOOD ST # 007500 TO 007649,ROSEWOOD ST,ROSEWOOD ST,12:00-14:59,1,0
N,PROPERTY DAMAGE ONLY,\N,N,2023,SATURDAY,SIDE IMPACT,N,N,49.22738,-123.00506,Y,DECEMBER,N,BURNABY,BURNABY,BURNABY,N,Y,N,LOWER MAINLAND,MCKAY AVE # 006200 TO 006299,MCKAY AVE,MCKAY AVE,12:00-14:59,1,0
N,PROPERTY DAMAGE ONLY,\N,N,2023,SATURDAY,SIDE IMPACT,N,N,49.227818,-123.090688,Y,DECEMBER,N,VANCOUVER,VANCOUVER,VANCOUVER,Y,N,N,LOWER MAINLAND,FRASER ST # 006200 TO 006299,FRASER ST,FRASER ST,12:00-14:59,1,0
N,PROPERTY DAMAGE ONLY,\N,N,2023,SATURDAY,SIDE IMPACT,N,N,49.228347,-123.005383,Y,DECEMBER,N,BURNABY,BURNABY,BURNABY,N,Y,N,LOWER MAINLAND,KINGSBOROUGH ST # 004400 TO 004599,KINGSBOROUGH ST,KINGSBOROUGH ST,12:00-14:59,1,0
N,PROPERTY DAMAGE ONLY,\N,N,2023,SATURDAY,SIDE IMPACT,N,N,49.228705,-122.936908,Y,DECEMBER,N,BURNABY,BURNABY,BURNABY,Y,N,N,LOWER MAINLAND,ROSEWOOD ST # 007900 TO 007999,ROSEWOOD ST,ROSEWOOD ST,12:00-14:59,1,0
N,PROPERTY DAMAGE ONLY,\N,N,2023,SATURDAY,SIDE IMPACT,N,N,49.22873,-122.664544,Y,DECEMBER,N,MAPLE RIDGE,MAPLE RIDGE,MAPLE RIDGE,Y,N,N,LOWER MAINLAND,DAVENPORT DR # 012400 TO 012459,DAVENPORT DR,DAVENPORT DR,12:00-14:59,1,0
N,PROPERTY DAMAGE ONLY,\N,N,2023,SATURDAY,SIDE IMPACT,N,N,49.229466,-122.616737,Y,DECEMBER,N,MAPLE RIDGE,MAPLE RIDGE,MAPLE RIDGE,Y,N,N,LOWER MAINLAND,GRACE ST # 012430 TO 012579,GRACE ST,GRACE ST,12:00-14:59,1,0
N,PROPERTY DAMAGE ONLY,\N,N,2023,SATURDAY,SIDE IMPACT,N,N,49.233361,-123.06549,Y,DECEMBER,N,VANCOUVER,VANCOUVER,VANCOUVER,N,Y,N,LOWER MAINLAND,VICTORIA DR # 005600 TO 005699,VICTORIA DR,VICTORIA DR,12:00-14:59,1,0
N,PROPERTY DAMAGE ONLY,\N,N,2023,SATURDAY,SIDE IMPACT,N,N,49.237561,-124.047492,Y,DECEMBER,N,NANAIMO,NANAIMO,NANAIMO,Y,Y,N,VANCOUVER ISLAND,ISLAND HWY N # 006631 TO 006849 odd,ISLAND HWY N,ISLAND HWY N,12:00-14:59,1,0
N,PROPERTY DAMAGE ONLY,\N,N,2023,SATURDAY,SIDE IMPACT,N,N,49.242153,-122.590978,Y,DECEMBER,N,MAPLE RIDGE,MAPLE RIDGE,MAPLE RIDGE,N,Y,N,LOWER MAINLAND,132 AVE # 022682 TO 022851,132 AVE,132 AVE,12:00-14:59,1,0
N,PROPERTY DAMAGE ONLY,\N,N,2023,SATURDAY,SIDE IMPACT,N,N,49.245299,-122.892751,Y,DECEMBER,N,BURNABY,BURNABY,BURNABY,N,Y,N,LOWER MAINLAND,NORTH RD # 004201 TO 004399 odd,NORTH RD,NORTH RD,12:00-14:59,1,0
N,PROPERTY DAMAGE ONLY,\N,N,2023,SATURDAY,SIDE IMPACT,N,N,49.248457,-123.153206,Y,DECEMBER,N,VANCOUVER,VANCOUVER,VANCOUVER,N,Y,N,LOWER MAINLAND,LAHB AVE # 002100 TO 002101,LAHB AVE,LAHB AVE,12:00-14:59,1,0
N,PROPERTY DAMAGE ONLY,\N,N,2023,SATURDAY,SIDE IMPACT,N,N,49.251687,-122.966462,Y,DECEMBER,N,BURNABY,BURNABY,BURNABY,Y,Y,N,LOWER MAINLAND,KENSINGTON AVE # 003600 TO 003798 even,KENSINGTON AVE,KENSINGTON AVE,12:00-14:59,1,0
N,PROPERTY DAMAGE ONLY,\N,N,2023,SATURDAY,SIDE IMPACT,N,N,49.252337,-123.040354,Y,DECEMBER,N,VANCOUVER,VANCOUVER,VANCOUVER,Y,Y,N,LOWER MAINLAND,E 20TH AVE # 003000 TO 003099,E 20TH AVE,E 20TH AVE,12:00-14:59,1,0
N,PROPERTY DAMAGE ONLY,\N,N,2023,SATURDAY,SIDE IMPACT,N,N,49.25254,-123.115259,Y,DECEMBER,N,VANCOUVER,VANCOUVER,VANCOUVER,Y,Y,N,LOWER MAINLAND,CAMBIE ST # 003600 TO 003699,CAMBIE ST,CAMBIE ST,12:00-14:59,1,0
N,PROPERTY DAMAGE ONLY,\N,N,2023,SATURDAY,SIDE IMPACT,N,N,49.262332,-122.889063,Y,DECEMBER,N,COQUITLAM,COQUITLAM,COQUITLAM,Y,Y,N,LOWER MAINLAND,CLARKE RD # 000566 TO 000599,CLARKE RD,CLARKE RD,12:00-14:59,1,0
N,PROPERTY DAMAGE ONLY,\N,N,2023,SATURDAY,SIDE IMPACT,N,N,49.262664,-122.783368,Y,DECEMBER,N,PORT COQUITLAM,PORT COQUITLAM,PORT COQUITLAM,Y,Y,N,LOWER MAINLAND,WHYTE AVE # 002330 TO 002399,WHYTE AVE,WHYTE AVE,12:00-14:59,1,0
N,PROPERTY DAMAGE ONLY,\N,N,2023,SATURDAY,SIDE IMPACT,N,N,49.263649,-123.223534,Y,DECEMBER,N,UBC,UBC,UBC,Y,Y,N,LOWER MAINLAND,UNIVERSITY BLVD # 004700 TO 005126 even,UNIVERSITY BLVD,UNIVERSITY BLVD,12:00-14:59,1,0
N,PROPERTY DAMAGE ONLY,\N,N,2023,SATURDAY,SIDE IMPACT,N,N,49.27117,-122.763031,Y,DECEMBER,N,PORT COQUITLAM,PORT COQUITLAM,PORT COQUITLAM,Y,N,N,LOWER MAINLAND,PRAIRIE AVE # 001700 TO 001799,PRAIRIE AVE,PRAIRIE AVE,12:00-14:59,1,0
N,PROPERTY DAMAGE ONLY,\N,N,2023,SATURDAY,SIDE IMPACT,N,N,49.276946,-123.084978,Y,DECEMBER,N,VANCOUVER,VANCOUVER,VANCOUVER,Y,N,N,LOWER MAINLAND,CAMPBELL AVE # 000800 TO 000899,CAMPBELL AVE,CAMPBELL AVE,12:00-14:59,1,0
N,PROPERTY DAMAGE ONLY,\N,N,2023,SATURDAY,SIDE IMPACT,N,N,49.285937,-123.122801,Y,DECEMBER,N,VANCOUVER,VANCOUVER,VANCOUVER,Y,N,N,LOWER MAINLAND,THURLOW ST # 000642 TO 000699,THURLOW ST,THURLOW ST,12:00-14:59,1,0
N,PROPERTY DAMAGE ONLY,\N,N,2023,SATURDAY,SIDE IMPACT,N,N,49.327517,-123.138577,Y,DECEMBER,N,WEST VANCOUVER,WEST VANCOUVER,WEST VANCOUVER,N,Y,N,LOWER MAINLAND,PARK ROYAL NORTH # 000801 TO 000849 odd,PARK ROYAL NORTH,PARK ROYAL NORTH,12:00-14:59,1,0
N,PROPERTY DAMAGE ONLY,\N,N,2023,SATURDAY,SIDE IMPACT,N,N,49.327755,-123.072167,Y,DECEMBER,N,NORTH VANCOUVER,NORTH VANCOUVER,NORTH VANCOUVER,N,Y,N,LOWER MAINLAND,LONSDALE AVE # 002000 TO 002099,LONSDALE AVE,LONSDALE AVE,12:00-14:59,1,0
N,PROPERTY DAMAGE ONLY,\N,N,2023,SATURDAY,SIDE IMPACT,N,N,49.472969,-119.586359,Y,DECEMBER,N,PENTICTON,PENTICTON,PENTICTON,N,N,N,SOUTHERN INTERIOR,ATKINSON ST # 002100 TO 002299,ATKINSON ST,ATKINSON ST,12:00-14:59,1,0
N,PROPERTY DAMAGE ONLY,\N,N,2023,SATURDAY,SIDE IMPACT,N,N,49.47857,-123.809725,Y,DECEMBER,N,SECHELT,SECHELT,SECHELT,Y,Y,N,LOWER MAINLAND,NORWEST BAY RD # 006600 TO 006699,NORWEST BAY RD,NORWEST BAY RD,12:00-14:59,1,0
N,PROPERTY DAMAGE ONLY,\N,N,2023,SATURDAY,SIDE IMPACT,N,N,49.493263,-117.290568,Y,DECEMBER,N,NELSON,NELSON,NELSON,Y,Y,N,SOUTHERN INTERIOR,BAKER ST # 000700 TO 000799,BAKER ST,BAKER ST,12:00-14:59,1,0
N,PROPERTY DAMAGE ONLY,\N,N,2023,SATURDAY,SIDE IMPACT,N,N,49.494381,-117.293355,Y,DECEMBER,N,NELSON,NELSON,NELSON,Y,N,N,SOUTHERN INTERIOR,LAKE ST # 000600 TO 000699,LAKE ST,LAKE ST,12:00-14:59,1,0
N,PROPERTY DAMAGE ONLY,\N,N,2023,SATURDAY,SIDE IMPACT,N,N,49.497959,-115.769879,Y,DECEMBER,N,CRANBROOK,CRANBROOK,CRANBROOK,Y,N,N,SOUTHERN INTERIOR,11TH ST S # 000710 TO 000899,11TH ST S,11TH ST S,12:00-14:59,1,0
N,PROPERTY DAMAGE ONLY,\N,N,2023,SATURDAY,SIDE IMPACT,N,N,49.526222,-115.751515,Y,DECEMBER,N,CRANBROOK,CRANBROOK,CRANBROOK,Y,Y,N,SOUTHERN INTERIOR,CRANBROOK ST N # 001500 TO 001528 even,CRANBROOK ST N,CRANBROOK ST N,12:00-14:59,1,0
N,PROPERTY DAMAGE ONLY,\N,N,2023,SATURDAY,SIDE IMPACT,N,N,49.620289,-124.02321,Y,DECEMBER,N,MADEIRA PARK,MADEIRA PARK,MADEIRA PARK,Y,Y,N,LOWER MAINLAND,MADEIRA PARK RD # 012840 TO 012956,MADEIRA PARK RD,MADEIRA PARK RD,12:00-14:59,1,0
N,PROPERTY DAMAGE ONLY,\N,N,2023,SATURDAY,SIDE IMPACT,N,N,49.835296,-119.618662,Y,DECEMBER,N,WEST KELOWNA,WEST KELOWNA,WEST KELOWNA,Y,Y,N,SOUTHERN INTERIOR,LOUIE DR # 003020 TO 003069,LOUIE DR,LOUIE DR,12:00-14:59,1,0
N,PROPERTY DAMAGE ONLY,\N,N,2023,SATURDAY,SIDE IMPACT,N,N,49.880633,-119.461027,Y,DECEMBER,N,KELOWNA,KELOWNA,KELOWNA,N,Y,N,SOUTHERN INTERIOR,DICKSON AVE # 001630 TO 001639,DICKSON AVE,DICKSON AVE,12:00-14:59,1,0
N,PROPERTY DAMAGE ONLY,\N,N,2023,SATURDAY,SIDE IMPACT,N,N,49.884487,-119.556449,Y,DECEMBER,N,WEST KELOWNA,WEST KELOWNA,WEST KELOWNA,Y,N,N,SOUTHERN INTERIOR,OLYMPUS WAY # 001790 TO 001799,OLYMPUS WAY,OLYMPUS WAY,12:00-14:59,1,0
N,PROPERTY DAMAGE ONLY,\N,N,2023,SATURDAY,SIDE IMPACT,N,N,49.890365,-119.493537,Y,DECEMBER,N,KELOWNA,KELOWNA,KELOWNA,N,Y,N,SOUTHERN INTERIOR,ELLIS ST # 001300 TO 001399,ELLIS ST,ELLIS ST,12:00-14:59,1,0
N,PROPERTY DAMAGE ONLY,\N,N,2023,SATURDAY,SIDE IMPACT,N,N,50.033818,-125.250304,Y,DECEMBER,N,CAMPBELL RIVER,CAMPBELL RIVER,CAMPBELL RIVER,Y,Y,N,VANCOUVER ISLAND,ISLAND HWY # 001382 TO 001444 even,ISLAND HWY,ISLAND HWY,12:00-14:59,1,0
N,PROPERTY DAMAGE ONLY,\N,N,2023,SATURDAY,SIDE IMPACT,N,N,50.091118,-123.006987,Y,DECEMBER,N,WHISTLER,WHISTLER,WHISTLER,Y,N,N,LOWER MAINLAND,ALTA LAKE RD # 001199 TO 001201,ALTA LAKE RD,ALTA LAKE RD,12:00-14:59,1,0
N,PROPERTY DAMAGE ONLY,\N,N,2023,SATURDAY,SIDE IMPACT,N,N,50.120274,-122.969512,Y,DECEMBER,N,WHISTLER,WHISTLER,WHISTLER,Y,N,N,LOWER MAINLAND,FALCON CRES # 003530 TO 003599,FALCON CRES,FALCON CRES,12:00-14:59,1,0
N,PROPERTY DAMAGE ONLY,\N,N,2023,SATURDAY,SIDE IMPACT,N,N,50.120348,-122.957257,Y,DECEMBER,N,WHISTLER,WHISTLER,WHISTLER,Y,Y,N,LOWER MAINLAND,LORIMER RD # 004362 TO 004370 even,LORIMER RD,LORIMER RD,12:00-14:59,1,0
N,PROPERTY DAMAGE ONLY,\N,N,2023,SATURDAY,SIDE IMPACT,N,N,50.216857,-119.266007,Y,DECEMBER,N,COLDSTREAM,COLDSTREAM,COLDSTREAM,Y,N,N,SOUTHERN INTERIOR,KIDSTON RD # 012500 TO 012877,KIDSTON RD,KIDSTON RD,12:00-14:59,1,0
N,PROPERTY DAMAGE ONLY,\N,N,2023,SATURDAY,SIDE IMPACT,N,N,50.240376,-119.272176,Y,DECEMBER,N,VERNON,VERNON,VERNON,Y,N,N,SOUTHERN INTERIOR,COUNTRY ESTATE DR # 000221 TO 000273,COUNTRY ESTATE DR,COUNTRY ESTATE DR,12:00-14:59,1,0
N,PROPERTY DAMAGE ONLY,\N,N,2023,SATURDAY,SIDE IMPACT,N,N,50.26378,-119.278173,Y,DECEMBER,N,VERNON,VERNON,VERNON,N,Y,N,SOUTHERN INTERIOR,30 AVE # 003400 TO 003499,30 AVE,30 AVE,12:00-14:59,1,0
N,PROPERTY DAMAGE ONLY,\N,N,2023,SATURDAY,SIDE IMPACT,N,N,50.282738,-119.266716,Y,DECEMBER,N,VERNON,VERNON,VERNON,Y,Y,N,SOUTHERN INTERIOR,27 ST # 004800 TO 004998 even,27 ST,27 ST,12:00-14:59,1,0
N,PROPERTY DAMAGE ONLY,\N,N,2023,SATURDAY,SIDE IMPACT,N,N,50.66592,-120.354176,Y,DECEMBER,N,KAMLOOPS,KAMLOOPS,KAMLOOPS,Y,Y,N,SOUTHERN INTERIOR,COLUMBIA ST W # 001100 TO 001198 even,COLUMBIA ST W,COLUMBIA ST W,12:00-14:59,1,0
N,PROPERTY DAMAGE ONLY,\N,N,2023,SATURDAY,SIDE IMPACT,N,N,50.692323,-119.315148,Y,DECEMBER,N,SALMON ARM,SALMON ARM,SALMON ARM,Y,Y,N,SOUTHERN INTERIOR,10 AVE SW # 002200 TO 002999,10 AVE SW,10 AVE SW,12:00-14:59,1,0
N,PROPERTY DAMAGE ONLY,\N,N,2023,SATURDAY,SIDE IMPACT,N,N,52.143724,-122.156955,Y,DECEMBER,N,WILLIAMS LAKE,WILLIAMS LAKE,WILLIAMS LAKE,Y,Y,N,NORTH CENTRAL,BOUNDARY ST # 001100 TO 001149,BOUNDARY ST,BOUNDARY ST,12:00-14:59,1,0
N,PROPERTY DAMAGE ONLY,\N,N,2023,SATURDAY,SIDE IMPACT,N,N,53.884563,-122.772118,Y,DECEMBER,N,PRINCE GEORGE,PRINCE GEORGE,PRINCE GEORGE,Y,Y,N,NORTH CENTRAL,RANGE RD # 002460 TO 002599,RANGE RD,RANGE RD,12:00-14:59,1,0
N,PROPERTY DAMAGE ONLY,\N,N,2023,SATURDAY,SIDE IMPACT,N,N,53.899564,-122.779382,Y,DECEMBER,N,PRINCE GEORGE,PRINCE GEORGE,PRINCE GEORGE,Y,Y,N,NORTH CENTRAL,MASSEY DR # 002991 TO 003111 odd,MASSEY DR,MASSEY DR,12:00-14:59,1,0
N,PROPERTY DAMAGE ONLY,\N,N,2023,SATURDAY,SIDE IMPACT,N,N,53.915827,-122.741883,Y,DECEMBER,N,PRINCE GEORGE,PRINCE GEORGE,PRINCE GEORGE,Y,N,N,NORTH CENTRAL,3RD AVE # 001000 TO 001099,3RD AVE,3RD AVE,12:00-14:59,1,0
N,PROPERTY DAMAGE ONLY,\N,N,2023,SATURDAY,SIDE IMPACT,N,N,54.224595,-125.753339,Y,DECEMBER,N,BURNS LAKE,BURNS LAKE,BURNS LAKE,N,Y,N,NORTH CENTRAL,HWY 16 E # 000001 TO 000182,HWY 16 E,HWY 16 E,12:00-14:59,1,0
N,PROPERTY DAMAGE ONLY,\N,N,2023,SATURDAY,SIDE IMPACT,N,N,54.787222,-127.178081,Y,DECEMBER,N,SMITHERS,SMITHERS,SMITHERS,N,Y,N,NORTH CENTRAL,3RD AVE # 004200 TO 004299,3RD AVE,3RD AVE,12:00-14:59,1,0
N,PROPERTY DAMAGE ONLY,\N,N,2023,SATURDAY,SIDE IMPACT,Y,N,49.606755,-119.677563,Y,DECEMBER,N,SUMMERLAND,SUMMERLAND,SUMMERLAND,N,Y,N,SOUTHERN INTERIOR,ROSEDALE AVE # 014400 TO 014499,ROSEDALE AVE,ROSEDALE AVE,12:00-14:59,1,0
N,PROPERTY DAMAGE ONLY,\N,N,2023,SATURDAY,SIDE SWIPE - OPPOSITE DIRECTION,N,N,\N,\N,N,DECEMBER,N,BIG WHITE,BIG WHITE,\N,N,N,N,SOUTHERN INTERIOR,UNKNOWN,BIG WHITE ROAD,BIG WHITE ROAD,12:00-14:59,1,0
N,PROPERTY DAMAGE ONLY,\N,N,2023,SATURDAY,SIDE SWIPE - OPPOSITE DIRECTION,N,N,\N,\N,N,DECEMBER,N,KAMLOOPS,KAMLOOPS,\N,N,N,N,SOUTHERN INTERIOR,UNKNOWN,LAC DU BOIS RD,LAC DU BOIS RD,12:00-14:59,1,0
N,PROPERTY DAMAGE ONLY,\N,N,2023,SATURDAY,SIDE SWIPE - OPPOSITE DIRECTION,N,N,\N,\N,N,DECEMBER,N,NORTH VANCOUVER,NORTH VANCOUVER,\N,N,N,N,LOWER MAINLAND,UNKNOWN,LONSDALE AVE,LONSDALE AVE,12:00-14:59,1,0
N,PROPERTY DAMAGE ONLY,\N,N,2023,SATURDAY,SIDE SWIPE - OPPOSITE DIRECTION,N,N,\N,\N,N,DECEMBER,N,SMITHERS,SMITHERS,\N,N,N,N,NORTH CENTRAL,UNKNOWN,TELKWA HIGH RD,TELKWA HIGH RD,12:00-14:59,1,0
N,PROPERTY DAMAGE ONLY,\N,N,2023,SATURDAY,SIDE SWIPE - OPPOSITE DIRECTION,N,N,\N,\N,N,DECEMBER,N,VERNON,VERNON,\N,N,Y,N,SOUTHERN INTERIOR,UNKNOWN,43RD AVE,43RD AVE,12:00-14:59,1,0
N,PROPERTY DAMAGE ONLY,\N,N,2023,SATURDAY,SIDE SWIPE - OPPOSITE DIRECTION,N,N,48.498598,-123.382612,Y,DECEMBER,N,SAANICH,SAANICH,SAANICH,Y,Y,N,VANCOUVER ISLAND,ROYAL OAK DR # 000701 TO 000777 odd,ROYAL OAK DR,ROYAL OAK DR,12:00-14:59,1,0
N,PROPERTY DAMAGE ONLY,\N,N,2023,SATURDAY,SIDE SWIPE - OPPOSITE DIRECTION,N,N,49.055847,-122.370477,Y,DECEMBER,N,ABBOTSFORD,ABBOTSFORD,ABBOTSFORD,Y,Y,N,LOWER MAINLAND,BLUE JAY ST # 002903 TO 002997 odd,BLUE JAY ST,BLUE JAY ST,12:00-14:59,1,0
N,PROPERTY DAMAGE ONLY,\N,N,2023,SATURDAY,SIDE SWIPE - OPPOSITE DIRECTION,N,N,49.097375,-117.71021,Y,DECEMBER,N,TRAIL,TRAIL,TRAIL,N,Y,N,SOUTHERN INTERIOR,VICTORIA ST # 000900 TO 001059,VICTORIA ST,VICTORIA ST,12:00-14:59,1,0
N,PROPERTY DAMAGE ONLY,\N,N,2023,SATURDAY,SIDE SWIPE - OPPOSITE DIRECTION,N,N,49.149472,-123.136672,Y,DECEMBER,N,RICHMOND,RICHMOND,RICHMOND,Y,Y,N,LOWER MAINLAND,NO 3 RD # 008501 TO 008999,NO 3 RD,NO 3 RD,12:00-14:59,1,0
N,PROPERTY DAMAGE ONLY,\N,N,2023,SATURDAY,SIDE SWIPE - OPPOSITE DIRECTION,N,N,49.17073,-123.136614,Y,DECEMBER,N,RICHMOND,RICHMOND,RICHMOND,Y,Y,N,LOWER MAINLAND,NO 3 RD # 005941 TO 005999 odd,NO 3 RD,NO 3 RD,12:00-14:59,1,0
N,PROPERTY DAMAGE ONLY,\N,N,2023,SATURDAY,SIDE SWIPE - OPPOSITE DIRECTION,N,N,49.324897,-123.15018,Y,DECEMBER,N,WEST VANCOUVER,WEST VANCOUVER,WEST VANCOUVER,Y,Y,N,LOWER MAINLAND,ARGYLE AVE # 001130 TO 001227,MARINE DR,MARINE DR,12:00-14:59,1,0
N,PROPERTY DAMAGE ONLY,\N,N,2023,SATURDAY,SIDE SWIPE - OPPOSITE DIRECTION,N,N,50.277186,-119.274406,Y,DECEMBER,N,VERNON,VERNON,VERNON,Y,Y,N,SOUTHERN INTERIOR,32 ST # 004400 TO 004408 even,32 ST,32 ST,12:00-14:59,1,0
N,PROPERTY DAMAGE ONLY,\N,N,2023,SATURDAY,SIDE SWIPE - OPPOSITE DIRECTION,N,N,53.869004,-122.779386,Y,DECEMBER,N,PRINCE GEORGE,PRINCE GEORGE,PRINCE GEORGE,Y,Y,N,NORTH CENTRAL,DOMANO BLVD # 005000 TO 005098 even,DOMANO BLVD,DOMANO BLVD,12:00-14:59,1,0
N,PROPERTY DAMAGE ONLY,\N,N,2023,SATURDAY,SIDE SWIPE - OPPOSITE DIRECTION,N,N,53.990195,-122.790209,Y,DECEMBER,N,PRINCE GEORGE,PRINCE GEORGE,PRINCE GEORGE,N,Y,N,NORTH CENTRAL,MADILL RD # 006700 TO 006799,MADILL RD,MADILL RD,12:00-14:59,1,0
N,PROPERTY DAMAGE ONLY,\N,N,2023,SATURDAY,SIDE SWIPE - SAME DIRECTION,N,N,\N,\N,N,DECEMBER,N,ABBOTSFORD,ABBOTSFORD,\N,N,N,N,LOWER MAINLAND,UNKNOWN,SUMAS WAY,SUMAS WAY,12:00-14:59,1,0
N,PROPERTY DAMAGE ONLY,\N,N,2023,SATURDAY,SIDE SWIPE - SAME DIRECTION,N,N,\N,\N,N,DECEMBER,N,COQUITLAM,COQUITLAM,\N,Y,N,N,LOWER MAINLAND,UNKNOWN,NICOLA,NICOLA,12:00-14:59,1,0
N,PROPERTY DAMAGE ONLY,\N,N,2023,SATURDAY,SIDE SWIPE - SAME DIRECTION,N,N,\N,\N,N,DECEMBER,N,DELTA,DELTA,\N,N,N,N,LOWER MAINLAND,UNKNOWN,HWY 99,HWY 99,12:00-14:59,1,0
N,PROPERTY DAMAGE ONLY,\N,N,2023,SATURDAY,SIDE SWIPE - SAME DIRECTION,N,N,\N,\N,N,DECEMBER,N,FIELD,FIELD,\N,N,N,N,SOUTHERN INTERIOR,UNKNOWN,FIELD RD,FIELD RD,12:00-14:59,1,0
N,PROPERTY DAMAGE ONLY,\N,N,2023,SATURDAY,SIDE SWIPE - SAME DIRECTION,N,N,\N,\N,N,DECEMBER,N,LANGFORD,LANGFORD,\N,N,N,N,VANCOUVER ISLAND,UNKNOWN,JACKLIN RD,JACKLIN RD,12:00-14:59,1,0
N,PROPERTY DAMAGE ONLY,\N,N,2023,SATURDAY,SIDE SWIPE - SAME DIRECTION,N,N,\N,\N,N,DECEMBER,N,MANSONS LANDING,MANSONS LANDING,\N,Y,Y,N,VANCOUVER ISLAND,UNKNOWN,SUTIL POINT RD,SUTIL POINT RD,12:00-14:59,1,0
N,PROPERTY DAMAGE ONLY,\N,N,2023,SATURDAY,SIDE SWIPE - SAME DIRECTION,N,N,\N,\N,N,DECEMBER,N,MERRITT,MERRITT,\N,N,N,N,SOUTHERN INTERIOR,UNKNOWN,HWY 5,HWY 5,12:00-14:59,1,0
N,PROPERTY DAMAGE ONLY,\N,N,2023,SATURDAY,SIDE SWIPE - SAME DIRECTION,N,N,48.446195,-123.371352,Y,DECEMBER,N,VICTORIA,VICTORIA,VICTORIA,N,Y,N,VANCOUVER ISLAND,DOUGLAS ST # 003129 TO 003157 odd,DOUGLAS ST,DOUGLAS ST,12:00-14:59,1,0
N,PROPERTY DAMAGE ONLY,\N,N,2023,SATURDAY,SIDE SWIPE - SAME DIRECTION,N,N,48.465756,-123.345008,Y,DECEMBER,N,SAANICH,SAANICH,SAANICH,Y,Y,N,VANCOUVER ISLAND,BRAEFOOT RD # 003879 TO 003905,BRAEFOOT RD,BRAEFOOT RD,12:00-14:59,1,0
N,PROPERTY DAMAGE ONLY,\N,N,2023,SATURDAY,SIDE SWIPE - SAME DIRECTION,N,N,48.800255,-123.722201,Y,DECEMBER,N,DUNCAN,DUNCAN,DUNCAN,N,N,N,VANCOUVER ISLAND,GREEN RD # 002949 TO 002951 odd,GREEN RD,GREEN RD,12:00-14:59,1,0
N,PROPERTY DAMAGE ONLY,\N,N,2023,SATURDAY,SIDE SWIPE - SAME DIRECTION,N,N,49.055087,-122.351607,Y,DECEMBER,N,ABBOTSFORD,ABBOTSFORD,ABBOTSFORD,N,N,N,LOWER MAINLAND,MACLURE RD # 031380 TO 031578 even,MACLURE RD,MACLURE RD,12:00-14:59,1,0
N,PROPERTY DAMAGE ONLY,\N,N,2023,SATURDAY,SIDE SWIPE - SAME DIRECTION,N,N,49.113314,-122.666531,Y,DECEMBER,N,LANGLEY,LANGLEY,LANGLEY,Y,Y,N,LOWER MAINLAND,LANGLEY BYPASS # 020000 TO 020150 even,LANGLEY BYPASS,LANGLEY BYPASS,12:00-14:59,1,0
N,PROPERTY DAMAGE ONLY,\N,N,2023,SATURDAY,SIDE SWIPE - SAME DIRECTION,N,N,49.122602,-122.661894,Y,DECEMBER,N,LANGLEY,LANGLEY,LANGLEY,Y,Y,N,LOWER MAINLAND,66 AVE # 020170 TO 020299,66 AVE,66 AVE,12:00-14:59,1,0
N,PROPERTY DAMAGE ONLY,\N,N,2023,SATURDAY,SIDE SWIPE - SAME DIRECTION,N,N,49.130842,-123.034325,Y,DECEMBER,N,DELTA,DELTA,DELTA,Y,Y,N,LOWER MAINLAND,68 ST # 006700 TO 007299,68 ST,68 ST,12:00-14:59,1,0
N,PROPERTY DAMAGE ONLY,\N,N,2023,SATURDAY,SIDE SWIPE - SAME DIRECTION,N,N,49.140779,-121.965481,Y,DECEMBER,N,CHILLIWACK,CHILLIWACK,CHILLIWACK,Y,Y,N,LOWER MAINLAND,LUCKAKUCK WAY # 045460 TO 045531,LUCKAKUCK WAY,LUCKAKUCK WAY,12:00-14:59,1,0
N,PROPERTY DAMAGE ONLY,\N,N,2023,SATURDAY,SIDE SWIPE - SAME DIRECTION,N,N,49.151454,-122.886703,Y,DECEMBER,N,SURREY,SURREY,SURREY,N,N,N,LOWER MAINLAND,121A ST # 008114 TO 008199,121A ST,121A ST,12:00-14:59,1,0
N,PROPERTY DAMAGE ONLY,\N,N,2023,SATURDAY,SIDE SWIPE - SAME DIRECTION,N,N,49.165613,-123.136632,Y,DECEMBER,N,RICHMOND,RICHMOND,RICHMOND,Y,Y,N,LOWER MAINLAND,NO 3 RD # 006401 TO 006799 odd,NO 3 RD,NO 3 RD,12:00-14:59,1,0
N,PROPERTY DAMAGE ONLY,\N,N,2023,SATURDAY,SIDE SWIPE - SAME DIRECTION,N,N,49.213499,-122.920763,Y,DECEMBER,N,NEW WESTMINSTER,NEW WESTMINSTER,NEW WESTMINSTER,Y,Y,N,LOWER MAINLAND,SIXTH ST # 000600 TO 000619,SIXTH ST,SIXTH ST,12:00-14:59,1,0
N,PROPERTY DAMAGE ONLY,\N,N,2023,SATURDAY,SIDE SWIPE - SAME DIRECTION,N,N,49.216977,-122.600854,Y,DECEMBER,N,MAPLE RIDGE,MAPLE RIDGE,MAPLE RIDGE,Y,Y,N,LOWER MAINLAND,LOUGHEED HWY # 022400 TO 022459,LOUGHEED HWY,LOUGHEED HWY,12:00-14:59,1,0
N,PROPERTY DAMAGE ONLY,\N,N,2023,SATURDAY,SIDE SWIPE - SAME DIRECTION,N,N,49.232967,-124.797832,Y,DECEMBER,N,PORT ALBERNI,PORT ALBERNI,PORT ALBERNI,Y,Y,N,VANCOUVER ISLAND,10TH AVE # 002940 TO 002959,10TH AVE,10TH AVE,12:00-14:59,1,0
N,PROPERTY DAMAGE ONLY,\N,N,2023,SATURDAY,SIDE SWIPE - SAME DIRECTION,N,N,49.276418,-123.06755,Y,DECEMBER,N,VANCOUVER,VANCOUVER,VANCOUVER,Y,N,N,LOWER MAINLAND,SALSBURY DR # 000900 TO 000951,SALSBURY DR,SALSBURY DR,12:00-14:59,1,0
N,PROPERTY DAMAGE ONLY,\N,N,2023,SATURDAY,SIDE SWIPE - SAME DIRECTION,N,N,49.277063,-122.800243,Y,DECEMBER,N,COQUITLAM,COQUITLAM,COQUITLAM,Y,Y,N,LOWER MAINLAND,BARNET HWY # 002901 TO 002929 odd,BARNET HWY,BARNET HWY,12:00-14:59,1,0
N,PROPERTY DAMAGE ONLY,\N,N,2023,SATURDAY,SIDE SWIPE - SAME DIRECTION,N,N,49.281021,-123.004505,Y,DECEMBER,N,BURNABY,BURNABY,BURNABY,Y,Y,N,LOWER MAINLAND,HASTINGS ST # 004400 TO 004499,HASTINGS ST,HASTINGS ST,12:00-14:59,1,0
N,PROPERTY DAMAGE ONLY,\N,N,2023,SATURDAY,SIDE SWIPE - SAME DIRECTION,N,N,49.290698,-123.146468,Y,DECEMBER,N,VANCOUVER,VANCOUVER,VANCOUVER,Y,N,N,LOWER MAINLAND,BEACH AVE # 002088 TO 002099,BEACH AVE,BEACH AVE,12:00-14:59,1,0
N,PROPERTY DAMAGE ONLY,\N,N,2023,SATURDAY,SIDE SWIPE - SAME DIRECTION,N,N,49.334626,-123.042689,Y,DECEMBER,N,NORTH VANCOUVER,NORTH VANCOUVER,NORTH VANCOUVER,Y,Y,N,LOWER MAINLAND,LYNN VALLEY RD # 001101 TO 001199 odd,LYNN VALLEY RD,LYNN VALLEY RD,12:00-14:59,1,0
N,PROPERTY DAMAGE ONLY,\N,N,2023,SATURDAY,SIDE SWIPE - SAME DIRECTION,N,N,49.474607,-119.582864,Y,DECEMBER,N,PENTICTON,PENTICTON,PENTICTON,Y,Y,N,SOUTHERN INTERIOR,MAIN ST # 002051 TO 002199 odd,MAIN ST,MAIN ST,12:00-14:59,1,0
N,PROPERTY DAMAGE ONLY,\N,N,2023,SATURDAY,SIDE SWIPE - SAME DIRECTION,N,N,49.698539,-124.98795,Y,DECEMBER,N,COURTENAY,COURTENAY,COURTENAY,Y,Y,N,VANCOUVER ISLAND,RYAN RD # 000751 TO 000799 odd,RYAN RD,RYAN RD,12:00-14:59,1,0
N,PROPERTY DAMAGE ONLY,\N,N,2023,SATURDAY,SIDE SWIPE - SAME DIRECTION,N,N,49.713662,-124.96239,Y,DECEMBER,N,COURTENAY,COURTENAY,COURTENAY,Y,Y,N,VANCOUVER ISLAND,CROWN ISLE BLVD # 000440 TO 000599,CROWN ISLE BLVD,CROWN ISLE BLVD,12:00-14:59,1,0
N,PROPERTY DAMAGE ONLY,\N,N,2023,SATURDAY,SIDE SWIPE - SAME DIRECTION,N,N,50.692323,-119.315148,Y,DECEMBER,N,SALMON ARM,SALMON ARM,SALMON ARM,Y,Y,N,SOUTHERN INTERIOR,10 AVE SW # 002200 TO 002999,10 AVE SW,10 AVE SW,12:00-14:59,1,0
N,PROPERTY DAMAGE ONLY,\N,N,2023,SATURDAY,SIDE SWIPE - SAME DIRECTION,N,N,50.698981,-120.360407,Y,DECEMBER,N,KAMLOOPS,KAMLOOPS,KAMLOOPS,Y,N,N,SOUTHERN INTERIOR,FORTUNE DR # 000740 TO 000798 even,FORTUNE DR,FORTUNE DR,12:00-14:59,1,0
N,PROPERTY DAMAGE ONLY,\N,N,2023,SATURDAY,SINGLE VEHICLE,N,N,\N,\N,N,DECEMBER,N,ARMSTRONG,ARMSTRONG,\N,N,Y,N,SOUTHERN INTERIOR,UNKNOWN,TODD PLACE,TODD PLACE,12:00-14:59,1,0
N,PROPERTY DAMAGE ONLY,\N,N,2023,SATURDAY,SINGLE VEHICLE,N,N,\N,\N,N,DECEMBER,N,BEAVERDELL,BEAVERDELL,\N,N,N,N,SOUTHERN INTERIOR,UNKNOWN,BIG WHITE RD,BIG WHITE RD,12:00-14:59,1,0
N,PROPERTY DAMAGE ONLY,\N,N,2023,SATURDAY,SINGLE VEHICLE,N,N,\N,\N,N,DECEMBER,N,CASTLEGAR,CASTLEGAR,\N,N,N,N,SOUTHERN INTERIOR,UNKNOWN,HWY 3,HWY 3,12:00-14:59,1,0
N,PROPERTY DAMAGE ONLY,\N,N,2023,SATURDAY,SINGLE VEHICLE,N,N,\N,\N,N,DECEMBER,N,CASTLEGAR,CASTLEGAR,\N,N,N,N,SOUTHERN INTERIOR,UNKNOWN,UNKNOWN,UNKNOWN,12:00-14:59,1,0
N,PROPERTY DAMAGE ONLY,\N,N,2023,SATURDAY,SINGLE VEHICLE,N,N,\N,\N,N,DECEMBER,N,CHILLIWACK,CHILLIWACK,\N,N,Y,N,LOWER MAINLAND,UNKNOWN,LUCKAKUCK PL,LUCKAKUCK PL,12:00-14:59,1,0
N,PROPERTY DAMAGE ONLY,\N,N,2023,SATURDAY,SINGLE VEHICLE,N,N,\N,\N,N,DECEMBER,N,CRAIGELLACHIE,CRAIGELLACHIE,\N,N,N,N,SOUTHERN INTERIOR,UNKNOWN,TAFT RD,TAFT RD,12:00-14:59,1,0
N,PROPERTY DAMAGE ONLY,\N,N,2023,SATURDAY,SINGLE VEHICLE,N,N,\N,\N,N,DECEMBER,N,CRESTON,CRESTON,\N,N,N,N,SOUTHERN INTERIOR,UNKNOWN,PACKING SHED RD,PACKING SHED RD,12:00-14:59,1,0
N,PROPERTY DAMAGE ONLY,\N,N,2023,SATURDAY,SINGLE VEHICLE,N,N,\N,\N,N,DECEMBER,N,DELTA,DELTA,\N,N,N,N,LOWER MAINLAND,UNKNOWN,HWY 17A,HWY 17A,12:00-14:59,1,0
N,PROPERTY DAMAGE ONLY,\N,N,2023,SATURDAY,SINGLE VEHICLE,N,N,\N,\N,N,DECEMBER,N,HAZELTON,HAZELTON,\N,N,N,N,NORTH CENTRAL,UNKNOWN,FOURTH AVE,FOURTH AVE,12:00-14:59,1,0
N,PROPERTY DAMAGE ONLY,\N,N,2023,SATURDAY,SINGLE VEHICLE,N,N,\N,\N,N,DECEMBER,N,HIXON,HIXON,\N,N,N,N,NORTH CENTRAL,UNKNOWN,HWY 97,HWY 97,12:00-14:59,1,0
N,PROPERTY DAMAGE ONLY,\N,N,2023,SATURDAY,SINGLE VEHICLE,N,N,\N,\N,N,DECEMBER,N,KAMLOOPS,KAMLOOPS,\N,N,Y,N,SOUTHERN INTERIOR,UNKNOWN,TRANS-CANADA HWY,TRANS-CANADA HWY,12:00-14:59,1,0
N,PROPERTY DAMAGE ONLY,\N,N,2023,SATURDAY,SINGLE VEHICLE,N,N,\N,\N,N,DECEMBER,N,KELOWNA,KELOWNA,\N,N,N,N,SOUTHERN INTERIOR,UNKNOWN,SHAYLER CRT,SHAYLER CRT,12:00-14:59,1,0
N,PROPERTY DAMAGE ONLY,\N,N,2023,SATURDAY,SINGLE VEHICLE,N,N,\N,\N,N,DECEMBER,N,KIMBERLEY,KIMBERLEY,\N,N,N,N,SOUTHERN INTERIOR,UNKNOWN,WYCLIFFE PRK RD,WYCLIFFE PRK RD,12:00-14:59,1,0
N,PROPERTY DAMAGE ONLY,\N,N,2023,SATURDAY,SINGLE VEHICLE,N,N,\N,\N,N,DECEMBER,N,LAKE COUNTRY,LAKE COUNTRY,\N,N,N,N,SOUTHERN INTERIOR,UNKNOWN,HWY 97,HWY 97,12:00-14:59,1,0
N,PROPERTY DAMAGE ONLY,\N,N,2023,SATURDAY,SINGLE VEHICLE,N,N,\N,\N,N,DECEMBER,N,LANGLEY,LANGLEY,\N,N,N,N,LOWER MAINLAND,UNKNOWN,HWY 1,HWY 1,12:00-14:59,1,0
N,PROPERTY DAMAGE ONLY,\N,N,2023,SATURDAY,SINGLE VEHICLE,N,N,\N,\N,N,DECEMBER,N,LANGLEY,LANGLEY,\N,N,N,N,LOWER MAINLAND,UNKNOWN,OLD YALE RD,OLD YALE RD,12:00-14:59,1,0
N,PROPERTY DAMAGE ONLY,\N,N,2023,SATURDAY,SINGLE VEHICLE,N,N,\N,\N,N,DECEMBER,N,MCBRIDE,MCBRIDE,\N,N,N,N,NORTH CENTRAL,UNKNOWN,HWY 16,HWY 16,12:00-14:59,1,0
N,PROPERTY DAMAGE ONLY,\N,N,2023,SATURDAY,SINGLE VEHICLE,N,N,\N,\N,N,DECEMBER,N,MERRITT,MERRITT,\N,N,N,N,SOUTHERN INTERIOR,UNKNOWN,COQUIHALLA HWY,COQUIHALLA HWY,12:00-14:59,1,0
N,PROPERTY DAMAGE ONLY,\N,N,2023,SATURDAY,SINGLE VEHICLE,N,N,\N,\N,N,DECEMBER,N,MERRITT,MERRITT,\N,N,N,N,SOUTHERN INTERIOR,UNKNOWN,HWY 5,HWY 5,12:00-14:59,1,0
N,PROPERTY DAMAGE ONLY,\N,N,2023,SATURDAY,SINGLE VEHICLE,N,N,\N,\N,N,DECEMBER,N,NANAIMO,NANAIMO,\N,N,N,N,VANCOUVER ISLAND,UNKNOWN,HWY 1,HWY 1,12:00-14:59,1,0
N,PROPERTY DAMAGE ONLY,\N,N,2023,SATURDAY,SINGLE VEHICLE,N,N,\N,\N,N,DECEMBER,N,NEW WESTMINSTER,NEW WESTMINSTER,\N,N,N,N,LOWER MAINLAND,UNKNOWN,HWY 91,HWY 91,12:00-14:59,1,0
N,PROPERTY DAMAGE ONLY,\N,N,2023,SATURDAY,SINGLE VEHICLE,N,N,\N,\N,N,DECEMBER,N,NORTH VANCOUVER,NORTH VANCOUVER,\N,N,N,N,LOWER MAINLAND,UNKNOWN,HWY 99,HWY 99,12:00-14:59,1,0
N,PROPERTY DAMAGE ONLY,\N,N,2023,SATURDAY,SINGLE VEHICLE,N,N,\N,\N,N,DECEMBER,N,PEMBERTON,PEMBERTON,\N,N,N,N,LOWER MAINLAND,UNKNOWN,HWY 99,HWY 99,12:00-14:59,1,0
N,PROPERTY DAMAGE ONLY,\N,N,2023,SATURDAY,SINGLE VEHICLE,N,N,\N,\N,N,DECEMBER,N,PORT ALBERNI,PORT ALBERNI,\N,N,N,N,VANCOUVER ISLAND,UNKNOWN,HIGHWAY 4,HIGHWAY 4,12:00-14:59,1,0
N,PROPERTY DAMAGE ONLY,\N,N,2023,SATURDAY,SINGLE VEHICLE,N,N,\N,\N,N,DECEMBER,N,PORT MOODY,PORT MOODY,\N,N,Y,N,LOWER MAINLAND,UNKNOWN,CLARKE ST,CLARKE ST,12:00-14:59,1,0
N,PROPERTY DAMAGE ONLY,\N,N,2023,SATURDAY,SINGLE VEHICLE,N,N,\N,\N,N,DECEMBER,N,PORT MOODY,PORT MOODY,\N,N,Y,N,LOWER MAINLAND,UNKNOWN,GUILFORD WAY,GUILFORD WAY,12:00-14:59,1,0
N,PROPERTY DAMAGE ONLY,\N,N,2023,SATURDAY,SINGLE VEHICLE,N,N,\N,\N,N,DECEMBER,N,PRINCE GEORGE,PRINCE GEORGE,\N,N,N,N,NORTH CENTRAL,UNKNOWN,HWY 97,HWY 97,12:00-14:59,1,0
N,PROPERTY DAMAGE ONLY,\N,N,2023,SATURDAY,SINGLE VEHICLE,N,N,\N,\N,N,DECEMBER,N,QUESNEL,QUESNEL,\N,N,N,N,NORTH CENTRAL,UNKNOWN,TANOKA ROAD,TANOKA ROAD,12:00-14:59,1,0
N,PROPERTY DAMAGE ONLY,\N,N,2023,SATURDAY,SINGLE VEHICLE,N,N,\N,\N,N,DECEMBER,N,RICHMOND,RICHMOND,\N,N,N,N,LOWER MAINLAND,UNKNOWN,UNKNOWN,UNKNOWN,12:00-14:59,1,0
N,PROPERTY DAMAGE ONLY,\N,N,2023,SATURDAY,SINGLE VEHICLE,N,N,\N,\N,N,DECEMBER,N,SALMON ARM,SALMON ARM,\N,N,N,N,SOUTHERN INTERIOR,UNKNOWN,TRANS CANADA HWY 1,TRANS CANADA HWY 1,12:00-14:59,1,0
N,PROPERTY DAMAGE ONLY,\N,N,2023,SATURDAY,SINGLE VEHICLE,N,N,\N,\N,N,DECEMBER,N,SURREY,SURREY,\N,N,N,N,LOWER MAINLAND,UNKNOWN,HWY 99,HWY 99,12:00-14:59,1,0
N,PROPERTY DAMAGE ONLY,\N,N,2023,SATURDAY,SINGLE VEHICLE,N,N,\N,\N,N,DECEMBER,N,UNKNOWN,UNKNOWN,\N,N,N,N,UNKNOWN,UNKNOWN,UNKNOWN,UNKNOWN,12:00-14:59,1,0
N,PROPERTY DAMAGE ONLY,\N,N,2023,SATURDAY,SINGLE VEHICLE,N,N,\N,\N,N,DECEMBER,N,VANCOUVER,VANCOUVER,\N,N,N,N,LOWER MAINLAND,UNKNOWN,71ST ST,71ST ST,12:00-14:59,1,0
N,PROPERTY DAMAGE ONLY,\N,N,2023,SATURDAY,SINGLE VEHICLE,N,N,\N,\N,N,DECEMBER,N,VANCOUVER,VANCOUVER,\N,N,Y,N,LOWER MAINLAND,UNKNOWN,BERTON AVE,BERTON AVE,12:00-14:59,1,0
N,PROPERTY DAMAGE ONLY,\N,N,2023,SATURDAY,SINGLE VEHICLE,N,N,\N,\N,N,DECEMBER,N,VERNON,VERNON,\N,N,N,N,SOUTHERN INTERIOR,UNKNOWN,PREDATOR RIDGE DR,PREDATOR RIDGE DR,12:00-14:59,1,0
N,PROPERTY DAMAGE ONLY,\N,N,2023,SATURDAY,SINGLE VEHICLE,N,N,\N,\N,N,DECEMBER,N,VERNON,VERNON,\N,N,N,N,SOUTHERN INTERIOR,UNKNOWN,SPARKLING PL,SPARKLING PL,12:00-14:59,1,0
N,PROPERTY DAMAGE ONLY,\N,N,2023,SATURDAY,SINGLE VEHICLE,N,N,\N,\N,N,DECEMBER,N,VICTORIA,VICTORIA,\N,N,N,N,VANCOUVER ISLAND,UNKNOWN,HANDY CRT,HANDY CRT,12:00-14:59,1,0
N,PROPERTY DAMAGE ONLY,\N,N,2023,SATURDAY,SINGLE VEHICLE,N,N,\N,\N,N,DECEMBER,N,VICTORIA,VICTORIA,\N,N,N,N,VANCOUVER ISLAND,UNKNOWN,ROCKLAND AVE,ROCKLAND AVE,12:00-14:59,1,0
N,PROPERTY DAMAGE ONLY,\N,N,2023,SATURDAY,SINGLE VEHICLE,N,N,\N,\N,N,DECEMBER,N,VICTORIA,VICTORIA,\N,N,Y,N,VANCOUVER ISLAND,UNKNOWN,FALMOUTH RD,FALMOUTH RD,12:00-14:59,1,0
N,PROPERTY DAMAGE ONLY,\N,N,2023,SATURDAY,SINGLE VEHICLE,N,N,\N,\N,N,DECEMBER,N,VICTORIA,VICTORIA,\N,N,Y,N,VANCOUVER ISLAND,UNKNOWN,GLASGOW AVE,GLASGOW AVE,12:00-14:59,1,0
N,PROPERTY DAMAGE ONLY,\N,N,2023,SATURDAY,SINGLE VEHICLE,N,N,\N,\N,N,DECEMBER,N,VICTORIA,VICTORIA,\N,N,Y,N,VANCOUVER ISLAND,UNKNOWN,MCKENZIE ST,MCKENZIE ST,12:00-14:59,1,0
N,PROPERTY DAMAGE ONLY,\N,N,2023,SATURDAY,SINGLE VEHICLE,N,N,\N,\N,N,DECEMBER,N,VICTORIA,VICTORIA,\N,N,Y,N,VANCOUVER ISLAND,UNKNOWN,QUADRA ST,QUADRA ST,12:00-14:59,1,0
N,PROPERTY DAMAGE ONLY,\N,N,2023,SATURDAY,SINGLE VEHICLE,N,N,\N,\N,N,DECEMBER,N,WEST KELOWNA,WEST KELOWNA,\N,N,N,N,SOUTHERN INTERIOR,UNKNOWN,HWY 97,HWY 97,12:00-14:59,1,0
N,PROPERTY DAMAGE ONLY,\N,N,2023,SATURDAY,SINGLE VEHICLE,N,N,\N,\N,N,DECEMBER,N,WHITE ROCK,WHITE ROCK,\N,Y,Y,N,LOWER MAINLAND,UNKNOWN,160 ST,160 ST,12:00-14:59,1,0
N,PROPERTY DAMAGE ONLY,\N,N,2023,SATURDAY,SINGLE VEHICLE,N,N,\N,\N,N,DECEMBER,N,WILLIAMS LAKE,WILLIAMS LAKE,\N,N,N,N,NORTH CENTRAL,UNKNOWN,JACOBSON DR,JACOBSON DR,12:00-14:59,1,0
N,PROPERTY DAMAGE ONLY,\N,N,2023,SATURDAY,SINGLE VEHICLE,N,N,48.417994,-123.298568,Y,DECEMBER,N,OAK BAY,OAK BAY,OAK BAY,N,Y,N,VANCOUVER ISLAND,BEACH DR # 001034 TO 001105,BEACH DR,BEACH DR,12:00-14:59,1,0
N,PROPERTY DAMAGE ONLY,\N,N,2023,SATURDAY,SINGLE VEHICLE,N,N,48.433015,-123.519817,Y,DECEMBER,N,LANGFORD,LANGFORD,LANGFORD,N,Y,N,VANCOUVER ISLAND,SOOKE RD # 002622 TO 002653,SOOKE RD,SOOKE RD,12:00-14:59,1,0
N,PROPERTY DAMAGE ONLY,\N,N,2023,SATURDAY,SINGLE VEHICLE,N,N,48.445415,-123.333968,Y,DECEMBER,N,VICTORIA,VICTORIA,VICTORIA,N,Y,N,VANCOUVER ISLAND,HILLSIDE AVE # 001634 TO 001699,HILLSIDE AVE,HILLSIDE AVE,12:00-14:59,1,0
N,PROPERTY DAMAGE ONLY,\N,N,2023,SATURDAY,SINGLE VEHICLE,N,N,48.454686,-123.373315,Y,DECEMBER,N,SAANICH,SAANICH,SAANICH,N,Y,N,VANCOUVER ISLAND,SAANICH RD # 003430 TO 003508 even,SAANICH RD,SAANICH RD,12:00-14:59,1,0
N,PROPERTY DAMAGE ONLY,\N,N,2023,SATURDAY,SINGLE VEHICLE,N,N,48.465007,-123.361907,Y,DECEMBER,N,SAANICH,SAANICH,SAANICH,N,N,N,VANCOUVER ISLAND,HULFORD ST # 001030 TO 001099,HULFORD ST,HULFORD ST,12:00-14:59,1,0
N,PROPERTY DAMAGE ONLY,\N,N,2023,SATURDAY,SINGLE VEHICLE,N,N,48.995797,-123.818472,Y,DECEMBER,N,LADYSMITH,LADYSMITH,LADYSMITH,N,Y,N,VANCOUVER ISLAND,ESPLANADE AVE # 000700 TO 000798 even,ESPLANADE AVE,ESPLANADE AVE,12:00-14:59,1,0
N,PROPERTY DAMAGE ONLY,\N,N,2023,SATURDAY,SINGLE VEHICLE,N,N,49.003256,-122.73471,Y,DECEMBER,N,SURREY,SURREY,SURREY,N,N,N,LOWER MAINLAND,176 ST # 000000 TO 000064 even,176 ST,176 ST,12:00-14:59,1,0
N,PROPERTY DAMAGE ONLY,\N,N,2023,SATURDAY,SINGLE VEHICLE,N,N,49.01163,-123.079018,Y,DECEMBER,N,DELTA,DELTA,DELTA,N,N,N,LOWER MAINLAND,CONNAUGHT DR # 000450 TO 000519,CONNAUGHT DR,CONNAUGHT DR,12:00-14:59,1,0
N,PROPERTY DAMAGE ONLY,\N,N,2023,SATURDAY,SINGLE VEHICLE,N,N,49.028319,-122.779181,Y,DECEMBER,N,SURREY,SURREY,SURREY & WHITE ROCK,N,Y,N,LOWER MAINLAND,STAYTE RD # 001400 TO 001499,STAYTE RD,STAYTE RD,12:00-14:59,1,0
N,PROPERTY DAMAGE ONLY,\N,N,2023,SATURDAY,SINGLE VEHICLE,N,N,49.0291,-122.293257,Y,DECEMBER,N,ABBOTSFORD,ABBOTSFORD,ABBOTSFORD,N,Y,N,LOWER MAINLAND,MCCALLUM RD # 001450 TO 001503,MCCALLUM RD,MCCALLUM RD,12:00-14:59,1,0
N,PROPERTY DAMAGE ONLY,\N,N,2023,SATURDAY,SINGLE VEHICLE,N,N,49.038357,-122.41271,Y,DECEMBER,N,ABBOTSFORD,ABBOTSFORD,ABBOTSFORD,N,N,N,LOWER MAINLAND,MERLOT BLVD # 001910 TO 002019,MERLOT BLVD,MERLOT BLVD,12:00-14:59,1,0
N,PROPERTY DAMAGE ONLY,\N,N,2023,SATURDAY,SINGLE VEHICLE,N,N,49.049327,-122.752856,Y,DECEMBER,N,SURREY,SURREY,SURREY,N,N,N,LOWER MAINLAND,26 AVE # 016800 TO 017099,26 AVE,26 AVE,12:00-14:59,1,0
N,PROPERTY DAMAGE ONLY,\N,N,2023,SATURDAY,SINGLE VEHICLE,N,N,49.060148,-122.707989,Y,DECEMBER,N,SURREY,SURREY,SURREY,N,N,N,LOWER MAINLAND,32 AVE # 018400 TO 018799,32 AVE,32 AVE,12:00-14:59,1,0
N,PROPERTY DAMAGE ONLY,\N,N,2023,SATURDAY,SINGLE VEHICLE,N,N,49.074535,-122.565967,Y,DECEMBER,N,LANGLEY,LANGLEY,LANGLEY,N,N,N,LOWER MAINLAND,40 AVE # 023616 TO 023959,40 AVE,40 AVE,12:00-14:59,1,0
N,PROPERTY DAMAGE ONLY,\N,N,2023,SATURDAY,SINGLE VEHICLE,N,N,49.096759,-123.073527,Y,DECEMBER,N,DELTA,DELTA,DELTA,N,Y,N,LOWER MAINLAND,CENTRAL AVE # 005140 TO 005165,CENTRAL AVE,CENTRAL AVE,12:00-14:59,1,0
N,PROPERTY DAMAGE ONLY,\N,N,2023,SATURDAY,SINGLE VEHICLE,N,N,49.107253,-121.959912,Y,DECEMBER,N,CHILLIWACK,CHILLIWACK,CHILLIWACK,N,Y,N,LOWER MAINLAND,VEDDER RD # 005700 TO 005780,VEDDER RD,VEDDER RD,12:00-14:59,1,0
N,PROPERTY DAMAGE ONLY,\N,N,2023,SATURDAY,SINGLE VEHICLE,N,N,49.132903,-122.83445,Y,DECEMBER,N,SURREY,SURREY,SURREY,N,N,N,LOWER MAINLAND,140 ST # 007138 TO 007199,140 ST,140 ST,12:00-14:59,1,0
N,PROPERTY DAMAGE ONLY,\N,N,2023,SATURDAY,SINGLE VEHICLE,N,N,49.143439,-121.975272,Y,DECEMBER,N,CHILLIWACK,CHILLIWACK,CHILLIWACK,N,Y,N,LOWER MAINLAND,LUCKAKUCK WAY # 045134 TO 045157,LUCKAKUCK WAY,LUCKAKUCK WAY,12:00-14:59,1,0
N,PROPERTY DAMAGE ONLY,\N,N,2023,SATURDAY,SINGLE VEHICLE,N,N,49.147949,-122.643944,Y,DECEMBER,N,LANGLEY,LANGLEY,LANGLEY,N,N,N,LOWER MAINLAND,80 AVE # 020835 TO 020878,80 AVE,80 AVE,12:00-14:59,1,0
N,PROPERTY DAMAGE ONLY,\N,N,2023,SATURDAY,SINGLE VEHICLE,N,N,49.148487,-122.636847,Y,DECEMBER,N,LANGLEY,LANGLEY,LANGLEY,Y,Y,N,LOWER MAINLAND,80A AVE # 021130 TO 021167,80A AVE,80A AVE,12:00-14:59,1,0
N,PROPERTY DAMAGE ONLY,\N,N,2023,SATURDAY,SINGLE VEHICLE,N,N,49.163679,-123.996329,Y,DECEMBER,N,NANAIMO,NANAIMO,NANAIMO,N,Y,N,VANCOUVER ISLAND,MARLENE PL # 000090 TO 000104 even,MARLENE PL,MARLENE PL,12:00-14:59,1,0
N,PROPERTY DAMAGE ONLY,\N,N,2023,SATURDAY,SINGLE VEHICLE,N,N,49.165613,-123.136632,Y,DECEMBER,N,RICHMOND,RICHMOND,RICHMOND,N,Y,N,LOWER MAINLAND,NO 3 RD # 006401 TO 006799 odd,NO 3 RD,NO 3 RD,12:00-14:59,1,0
N,PROPERTY DAMAGE ONLY,\N,N,2023,SATURDAY,SINGLE VEHICLE,N,N,49.16911,-121.962317,Y,DECEMBER,N,CHILLIWACK,CHILLIWACK,CHILLIWACK,Y,Y,N,LOWER MAINLAND,EDWARD ST # 009150 TO 009249,EDWARD ST,EDWARD ST,12:00-14:59,1,0
N,PROPERTY DAMAGE ONLY,\N,N,2023,SATURDAY,SINGLE VEHICLE,N,N,49.170149,-123.143671,Y,DECEMBER,N,RICHMOND,RICHMOND,RICHMOND,N,Y,N,LOWER MAINLAND,WESTMINSTER HWY # 007200 TO 007328 even,WESTMINSTER HWY,WESTMINSTER HWY,12:00-14:59,1,0
N,PROPERTY DAMAGE ONLY,\N,N,2023,SATURDAY,SINGLE VEHICLE,N,N,49.178209,-122.790367,Y,DECEMBER,N,SURREY,SURREY,SURREY,N,N,N,LOWER MAINLAND,96B AVE # 015570 TO 015599,96B AVE,96B AVE,12:00-14:59,1,0
N,PROPERTY DAMAGE ONLY,\N,N,2023,SATURDAY,SINGLE VEHICLE,N,N,49.183536,-123.133217,Y,DECEMBER,N,RICHMOND,RICHMOND,RICHMOND,N,Y,N,LOWER MAINLAND,HAZELBRIDGE WAY # 004147 TO 004183 odd,HAZELBRIDGE WAY,HAZELBRIDGE WAY,12:00-14:59,1,0
N,PROPERTY DAMAGE ONLY,\N,N,2023,SATURDAY,SINGLE VEHICLE,N,N,49.190307,-117.28595,Y,DECEMBER,N,SALMO,SALMO,SALMO,N,N,N,SOUTHERN INTERIOR,NINTH ST # 000820 TO 000899,NINTH ST,NINTH ST,12:00-14:59,1,0
N,PROPERTY DAMAGE ONLY,\N,N,2023,SATURDAY,SINGLE VEHICLE,N,N,49.208006,-123.134618,Y,DECEMBER,N,VANCOUVER,VANCOUVER,VANCOUVER,N,Y,N,LOWER MAINLAND,HUDSON ST # 008600 TO 008667,HUDSON ST,HUDSON ST,12:00-14:59,1,0
N,PROPERTY DAMAGE ONLY,\N,N,2023,SATURDAY,SINGLE VEHICLE,N,N,49.210862,-123.106649,Y,DECEMBER,N,VANCOUVER,VANCOUVER,VANCOUVER,N,Y,N,LOWER MAINLAND,ONTARIO ST # 008000 TO 008299,ONTARIO ST,ONTARIO ST,12:00-14:59,1,0
N,PROPERTY DAMAGE ONLY,\N,N,2023,SATURDAY,SINGLE VEHICLE,N,N,49.211208,-123.116218,Y,DECEMBER,N,VANCOUVER,VANCOUVER,VANCOUVER,N,N,N,LOWER MAINLAND,NUNAVUT LANE # 008054 TO 008199,NUNAVUT LANE,NUNAVUT LANE,12:00-14:59,1,0
N,PROPERTY DAMAGE ONLY,\N,N,2023,SATURDAY,SINGLE VEHICLE,N,N,49.212063,-123.116188,Y,DECEMBER,N,VANCOUVER,VANCOUVER,VANCOUVER,N,N,N,LOWER MAINLAND,NUNAVUT LANE # 008000 TO 008053,NUNAVUT LANE,NUNAVUT LANE,12:00-14:59,1,0
N,PROPERTY DAMAGE ONLY,\N,N,2023,SATURDAY,SINGLE VEHICLE,N,N,49.212652,-124.035633,Y,DECEMBER,N,NANAIMO,NANAIMO,NANAIMO,N,Y,N,VANCOUVER ISLAND,KAITLYNS WAY # 005100 TO 005249,KAITLYNS WAY,KAITLYNS WAY,12:00-14:59,1,0
N,PROPERTY DAMAGE ONLY,\N,N,2023,SATURDAY,SINGLE VEHICLE,N,N,49.220429,-122.595923,Y,DECEMBER,N,MAPLE RIDGE,MAPLE RIDGE,MAPLE RIDGE,N,Y,N,LOWER MAINLAND,DEWDNEY TRUNK RD # 022540 TO 022699,DEWDNEY TRUNK RD,DEWDNEY TRUNK RD,12:00-14:59,1,0
N,PROPERTY DAMAGE ONLY,\N,N,2023,SATURDAY,SINGLE VEHICLE,N,N,49.22339,-122.690819,Y,DECEMBER,N,PITT MEADOWS,PITT MEADOWS,PITT MEADOWS,N,Y,N,LOWER MAINLAND,191B ST # 012100 TO 012199,191B ST,191B ST,12:00-14:59,1,0
N,PROPERTY DAMAGE ONLY,\N,N,2023,SATURDAY,SINGLE VEHICLE,N,N,49.227076,-122.995313,Y,DECEMBER,N,BURNABY,BURNABY,BURNABY,N,Y,N,LOWER MAINLAND,KINGSWAY # 004800 TO 004899,KINGSWAY,KINGSWAY,12:00-14:59,1,0
N,PROPERTY DAMAGE ONLY,\N,N,2023,SATURDAY,SINGLE VEHICLE,N,N,49.227943,-123.003259,Y,DECEMBER,N,BURNABY,BURNABY,BURNABY,N,Y,N,LOWER MAINLAND,SILVER DR # 006049 TO 006199,SILVER DR,SILVER DR,12:00-14:59,1,0
N,PROPERTY DAMAGE ONLY,\N,N,2023,SATURDAY,SINGLE VEHICLE,N,N,49.228116,-122.998531,Y,DECEMBER,N,BURNABY,BURNABY,BURNABY,N,Y,N,LOWER MAINLAND,KINGSWAY # 004700 TO 004749,KINGSWAY,KINGSWAY,12:00-14:59,1,0
N,PROPERTY DAMAGE ONLY,\N,N,2023,SATURDAY,SINGLE VEHICLE,N,N,49.23563,-122.945207,Y,DECEMBER,N,BURNABY,BURNABY,BURNABY,N,Y,N,LOWER MAINLAND,BURNFIELD CRES # 008004 TO 008061,BURNFIELD CRES,BURNFIELD CRES,12:00-14:59,1,0
N,PROPERTY DAMAGE ONLY,\N,N,2023,SATURDAY,SINGLE VEHICLE,N,N,49.235911,-124.025243,Y,DECEMBER,N,NANAIMO,NANAIMO,NANAIMO,N,Y,N,VANCOUVER ISLAND,KIRSTEN DR # 006100 TO 006129,KIRSTEN DR,KIRSTEN DR,12:00-14:59,1,0
N,PROPERTY DAMAGE ONLY,\N,N,2023,SATURDAY,SINGLE VEHICLE,N,N,49.259075,-122.778159,Y,DECEMBER,N,PORT COQUITLAM,PORT COQUITLAM,PORT COQUITLAM,N,Y,N,LOWER MAINLAND,KELLY AVE # 002180 TO 002199,KELLY AVE,KELLY AVE,12:00-14:59,1,0
N,PROPERTY DAMAGE ONLY,\N,N,2023,SATURDAY,SINGLE VEHICLE,N,N,49.26088,-122.776957,Y,DECEMBER,N,PORT COQUITLAM,PORT COQUITLAM,PORT COQUITLAM,N,Y,N,LOWER MAINLAND,WILSON AVE # 002100 TO 002199,WILSON AVE,WILSON AVE,12:00-14:59,2,0
N,PROPERTY DAMAGE ONLY,\N,N,2023,SATURDAY,SINGLE VEHICLE,N,N,49.261639,-123.134984,Y,DECEMBER,N,VANCOUVER,VANCOUVER,VANCOUVER,N,Y,N,LOWER MAINLAND,W 11TH AVE # 001300 TO 001399,W 11TH AVE,W 11TH AVE,12:00-14:59,1,0
N,PROPERTY DAMAGE ONLY,\N,N,2023,SATURDAY,SINGLE VEHICLE,N,N,49.262191,-123.111959,Y,DECEMBER,N,VANCOUVER,VANCOUVER,VANCOUVER,N,Y,N,LOWER MAINLAND,W 10TH AVE # 000300 TO 000399,W 10TH AVE,W 10TH AVE,12:00-14:59,1,0
N,PROPERTY DAMAGE ONLY,\N,N,2023,SATURDAY,SINGLE VEHICLE,N,N,49.262332,-122.889063,Y,DECEMBER,N,COQUITLAM,COQUITLAM,COQUITLAM,N,Y,N,LOWER MAINLAND,CLARKE RD # 000566 TO 000599,CLARKE RD,CLARKE RD,12:00-14:59,1,0
N,PROPERTY DAMAGE ONLY,\N,N,2023,SATURDAY,SINGLE VEHICLE,N,N,49.264012,-123.163524,Y,DECEMBER,N,VANCOUVER,VANCOUVER,VANCOUVER,N,Y,N,LOWER MAINLAND,W BROADWAY # 002500 TO 002599,W BROADWAY,W BROADWAY,12:00-14:59,1,0
N,PROPERTY DAMAGE ONLY,\N,N,2023,SATURDAY,SINGLE VEHICLE,N,N,49.264196,-123.118644,Y,DECEMBER,N,VANCOUVER,VANCOUVER,VANCOUVER,N,Y,N,LOWER MAINLAND,W 8TH AVE # 000600 TO 000699,W 8TH AVE,W 8TH AVE,12:00-14:59,1,0
N,PROPERTY DAMAGE ONLY,\N,N,2023,SATURDAY,SINGLE VEHICLE,N,N,49.266225,-123.011563,Y,DECEMBER,N,BURNABY,BURNABY,BURNABY,N,N,N,LOWER MAINLAND,LOUGHEED HWY # 004100 TO 004298 even,LOUGHEED HWY,LOUGHEED HWY,12:00-14:59,1,0
N,PROPERTY DAMAGE ONLY,\N,N,2023,SATURDAY,SINGLE VEHICLE,N,N,49.26643,-122.994707,Y,DECEMBER,N,BURNABY,BURNABY,BURNABY,N,Y,N,LOWER MAINLAND,BRENTWOOD DR # 004720 TO 004859,BRENTWOOD DR,BRENTWOOD DR,12:00-14:59,1,0
N,PROPERTY DAMAGE ONLY,\N,N,2023,SATURDAY,SINGLE VEHICLE,N,N,49.269382,-123.045583,Y,DECEMBER,N,VANCOUVER,VANCOUVER,VANCOUVER,N,Y,N,LOWER MAINLAND,E 1ST AVE # 002800 TO 002898 even,E 1ST AVE,E 1ST AVE,12:00-14:59,1,0
N,PROPERTY DAMAGE ONLY,\N,N,2023,SATURDAY,SINGLE VEHICLE,N,N,49.276046,-123.100379,Y,DECEMBER,N,VANCOUVER,VANCOUVER,VANCOUVER,N,Y,N,LOWER MAINLAND,MILROSS AVE # 000160 TO 000199,MILROSS AVE,MILROSS AVE,12:00-14:59,1,0
N,PROPERTY DAMAGE ONLY,\N,N,2023,SATURDAY,SINGLE VEHICLE,N,N,49.277246,-123.109391,Y,DECEMBER,N,VANCOUVER,VANCOUVER,VANCOUVER,N,Y,N,LOWER MAINLAND,GRIFFITHS WAY # 000800 TO 000849,GRIFFITHS WAY,GRIFFITHS WAY,12:00-14:59,1,0
N,PROPERTY DAMAGE ONLY,\N,N,2023,SATURDAY,SINGLE VEHICLE,N,N,49.27767,-123.099391,Y,DECEMBER,N,VANCOUVER,VANCOUVER,VANCOUVER,N,Y,Y,LOWER MAINLAND,UNION ST # 000200 TO 000223,UNION ST,UNION ST,12:00-14:59,1,0
N,PROPERTY DAMAGE ONLY,\N,N,2023,SATURDAY,SINGLE VEHICLE,N,N,49.279031,-122.828355,Y,DECEMBER,N,PORT MOODY,PORT MOODY,PORT MOODY,N,Y,N,LOWER MAINLAND,BREW ST # 000200 TO 000299,BREW ST,BREW ST,12:00-14:59,1,0
N,PROPERTY DAMAGE ONLY,\N,N,2023,SATURDAY,SINGLE VEHICLE,N,N,49.279476,-122.809993,Y,DECEMBER,N,COQUITLAM,COQUITLAM,COQUITLAM,N,N,N,LOWER MAINLAND,BURNSIDE PL # 002600 TO 002699,BURNSIDE PL,BURNSIDE PL,12:00-14:59,1,0
N,PROPERTY DAMAGE ONLY,\N,N,2023,SATURDAY,SINGLE VEHICLE,N,N,49.279862,-122.828356,Y,DECEMBER,N,PORT MOODY,PORT MOODY,PORT MOODY,N,Y,N,LOWER MAINLAND,BREW ST # 000100 TO 000199,BREW ST,BREW ST,12:00-14:59,1,0
N,PROPERTY DAMAGE ONLY,\N,N,2023,SATURDAY,SINGLE VEHICLE,N,N,49.281167,-123.055562,Y,DECEMBER,N,VANCOUVER,VANCOUVER,VANCOUVER,N,Y,N,LOWER MAINLAND,E HASTINGS ST # 002400 TO 002499,E HASTINGS ST,E HASTINGS ST,12:00-14:59,1,0
N,PROPERTY DAMAGE ONLY,\N,N,2023,SATURDAY,SINGLE VEHICLE,N,N,49.284082,-123.120594,Y,DECEMBER,N,VANCOUVER,VANCOUVER,VANCOUVER,N,Y,N,LOWER MAINLAND,W GEORGIA ST # 000900 TO 000999,W GEORGIA ST,W GEORGIA ST,12:00-14:59,1,0
N,PROPERTY DAMAGE ONLY,\N,N,2023,SATURDAY,SINGLE VEHICLE,N,N,49.286068,-122.795895,Y,DECEMBER,N,COQUITLAM,COQUITLAM,COQUITLAM,N,Y,N,LOWER MAINLAND,PRINCESS CRES # 002960 TO 002999,PRINCESS CRES,PRINCESS CRES,12:00-14:59,1,0
N,PROPERTY DAMAGE ONLY,\N,N,2023,SATURDAY,SINGLE VEHICLE,N,N,49.287751,-123.114263,Y,DECEMBER,N,VANCOUVER,VANCOUVER,VANCOUVER,N,Y,N,LOWER MAINLAND,CANADA PL # 000800 TO 000999,CANADA PL,CANADA PL,12:00-14:59,1,0
N,PROPERTY DAMAGE ONLY,\N,N,2023,SATURDAY,SINGLE VEHICLE,N,N,49.289942,-123.13308,Y,DECEMBER,N,VANCOUVER,VANCOUVER,VANCOUVER,N,Y,N,LOWER MAINLAND,ROBSON ST # 001600 TO 001699,ROBSON ST,ROBSON ST,12:00-14:59,1,0
N,PROPERTY DAMAGE ONLY,\N,N,2023,SATURDAY,SINGLE VEHICLE,N,N,49.310392,-123.077921,Y,DECEMBER,N,NORTH VANCOUVER,NORTH VANCOUVER,NORTH VANCOUVER,N,Y,N,LOWER MAINLAND,E ESPLANADE # 000100 TO 000199,E ESPLANADE,E ESPLANADE,12:00-14:59,1,0
N,PROPERTY DAMAGE ONLY,\N,N,2023,SATURDAY,SINGLE VEHICLE,N,N,49.31625,-123.071037,Y,DECEMBER,N,NORTH VANCOUVER,NORTH VANCOUVER,NORTH VANCOUVER,N,Y,N,LOWER MAINLAND,E KEITH RD # 000156 TO 000178 even,E KEITH RD,E KEITH RD,12:00-14:59,1,0
N,PROPERTY DAMAGE ONLY,\N,N,2023,SATURDAY,SINGLE VEHICLE,N,N,49.322558,-124.320649,Y,DECEMBER,N,PARKSVILLE,PARKSVILLE,PARKSVILLE,N,Y,Y,VANCOUVER ISLAND,ISLAND HWY W # 000280 TO 000328 even,ISLAND HWY W,ISLAND HWY W,12:00-14:59,1,0
N,PROPERTY DAMAGE ONLY,\N,N,2023,SATURDAY,SINGLE VEHICLE,N,N,49.323746,-123.101672,Y,DECEMBER,N,NORTH VANCOUVER,NORTH VANCOUVER,NORTH VANCOUVER,N,Y,N,LOWER MAINLAND,MARINE DR # 000990 TO 000998 even,MARINE DR,MARINE DR,12:00-14:59,1,0
N,PROPERTY DAMAGE ONLY,\N,N,2023,SATURDAY,SINGLE VEHICLE,N,N,49.324144,-123.101051,Y,DECEMBER,N,NORTH VANCOUVER,NORTH VANCOUVER,NORTH VANCOUVER,N,Y,N,LOWER MAINLAND,MACKAY AVE # 001620 TO 001699,MACKAY AVE,MACKAY AVE,12:00-14:59,1,0
N,PROPERTY DAMAGE ONLY,\N,N,2023,SATURDAY,SINGLE VEHICLE,N,N,49.325809,-123.139912,Y,DECEMBER,N,WEST VANCOUVER,WEST VANCOUVER,WEST VANCOUVER,N,Y,N,LOWER MAINLAND,PARK ROYAL SOUTH # 001131 TO 003000,PARK ROYAL SOUTH,PARK ROYAL SOUTH,12:00-14:59,1,0
N,PROPERTY DAMAGE ONLY,\N,N,2023,SATURDAY,SINGLE VEHICLE,N,N,49.328618,-123.161238,Y,DECEMBER,N,WEST VANCOUVER,WEST VANCOUVER,WEST VANCOUVER,N,Y,N,LOWER MAINLAND,MARINE DR # 001700 TO 001799,MARINE DR,MARINE DR,12:00-14:59,1,0
N,PROPERTY DAMAGE ONLY,\N,N,2023,SATURDAY,SINGLE VEHICLE,N,N,49.330172,-123.158918,Y,DECEMBER,N,WEST VANCOUVER,WEST VANCOUVER,WEST VANCOUVER,N,Y,N,LOWER MAINLAND,16TH ST # 000600 TO 000699,16TH ST,16TH ST,12:00-14:59,1,0
N,PROPERTY DAMAGE ONLY,\N,N,2023,SATURDAY,SINGLE VEHICLE,N,N,49.335058,-123.102342,Y,DECEMBER,N,NORTH VANCOUVER,NORTH VANCOUVER,NORTH VANCOUVER,N,N,N,LOWER MAINLAND,CRESCENTVIEW DR # 002700 TO 002999,CRESCENTVIEW DR,CRESCENTVIEW DR,12:00-14:59,1,0
N,PROPERTY DAMAGE ONLY,\N,N,2023,SATURDAY,SINGLE VEHICLE,N,N,49.338801,-123.103685,Y,DECEMBER,N,NORTH VANCOUVER,NORTH VANCOUVER,NORTH VANCOUVER,N,Y,N,LOWER MAINLAND,EDGEMONT BLVD # 003200 TO 003269,EDGEMONT BLVD,EDGEMONT BLVD,12:00-14:59,1,0
N,PROPERTY DAMAGE ONLY,\N,N,2023,SATURDAY,SINGLE VEHICLE,N,N,49.373278,-123.276343,Y,DECEMBER,N,WEST VANCOUVER,WEST VANCOUVER,WEST VANCOUVER,N,N,N,LOWER MAINLAND,DOUGLAS ST # 006400 TO 006499,DOUGLAS ST,DOUGLAS ST,12:00-14:59,1,0
N,PROPERTY DAMAGE ONLY,\N,N,2023,SATURDAY,SINGLE VEHICLE,N,N,49.482646,-119.578336,Y,DECEMBER,N,PENTICTON,PENTICTON,PENTICTON,N,Y,N,SOUTHERN INTERIOR,CARMI AVE # 000550 TO 000579,CARMI AVE,CARMI AVE,12:00-14:59,1,0
N,PROPERTY DAMAGE ONLY,\N,N,2023,SATURDAY,SINGLE VEHICLE,N,N,49.502657,-119.587765,Y,DECEMBER,N,PENTICTON,PENTICTON,PENTICTON,N,Y,N,SOUTHERN INTERIOR,ABBOTT ST # 000000 TO 000099,ABBOTT ST,ABBOTT ST,12:00-14:59,1,0
N,PROPERTY DAMAGE ONLY,\N,N,2023,SATURDAY,SINGLE VEHICLE,N,N,49.713662,-124.96239,Y,DECEMBER,N,COURTENAY,COURTENAY,COURTENAY,N,N,N,VANCOUVER ISLAND,CROWN ISLE BLVD # 000440 TO 000599,CROWN ISLE BLVD,CROWN ISLE BLVD,12:00-14:59,1,0
N,PROPERTY DAMAGE ONLY,\N,N,2023,SATURDAY,SINGLE VEHICLE,N,N,49.884203,-119.493499,Y,DECEMBER,N,KELOWNA,KELOWNA,KELOWNA,N,Y,N,SOUTHERN INTERIOR,ELLIS ST # 001650 TO 001699,ELLIS ST,ELLIS ST,12:00-14:59,1,0
N,PROPERTY DAMAGE ONLY,\N,N,2023,SATURDAY,SINGLE VEHICLE,N,N,50.047161,-125.254263,Y,DECEMBER,N,CAMPBELL RIVER,CAMPBELL RIVER,CAMPBELL RIVER,N,N,N,VANCOUVER ISLAND,SPIT RD # 003000 TO 003039,SPIT RD,SPIT RD,12:00-14:59,1,0
N,PROPERTY DAMAGE ONLY,\N,N,2023,SATURDAY,SINGLE VEHICLE,N,N,50.091118,-123.006987,Y,DECEMBER,N,WHISTLER,WHISTLER,WHISTLER,N,Y,N,LOWER MAINLAND,ALTA LAKE RD # 001199 TO 001201,ALTA LAKE RD,ALTA LAKE RD,12:00-14:59,1,0
N,PROPERTY DAMAGE ONLY,\N,N,2023,SATURDAY,SINGLE VEHICLE,N,N,50.108915,-120.790283,Y,DECEMBER,N,MERRITT,MERRITT,MERRITT,N,Y,N,SOUTHERN INTERIOR,VOGHT ST # 001690 TO 001799,VOGHT ST,VOGHT ST,12:00-14:59,1,0
N,PROPERTY DAMAGE ONLY,\N,N,2023,SATURDAY,SINGLE VEHICLE,N,N,50.111656,-120.802634,Y,DECEMBER,N,MERRITT,MERRITT,MERRITT,N,N,N,SOUTHERN INTERIOR,MAIN ST # 001401 TO 001599,MAIN ST,MAIN ST,12:00-14:59,1,0
N,PROPERTY DAMAGE ONLY,\N,N,2023,SATURDAY,SINGLE VEHICLE,N,N,50.117499,-122.94047,Y,DECEMBER,N,WHISTLER,WHISTLER,WHISTLER,N,N,N,LOWER MAINLAND,PAINTED CLIFF RD # 004872 TO 004879,PAINTED CLIFF RD,PAINTED CLIFF RD,12:00-14:59,1,0
N,PROPERTY DAMAGE ONLY,\N,N,2023,SATURDAY,SINGLE VEHICLE,N,N,50.256972,-119.264097,Y,DECEMBER,N,VERNON,VERNON,VERNON,N,Y,N,SOUTHERN INTERIOR,HWY 6 # 002300 TO 002379,HWY 6,HWY 6,12:00-14:59,1,0
N,PROPERTY DAMAGE ONLY,\N,N,2023,SATURDAY,SINGLE VEHICLE,N,N,50.655345,-120.388074,Y,DECEMBER,N,KAMLOOPS,KAMLOOPS,KAMLOOPS,N,Y,N,SOUTHERN INTERIOR,VERSATILE DR # 001600 TO 001699,VERSATILE DR,VERSATILE DR,12:00-14:59,1,0
N,PROPERTY DAMAGE ONLY,\N,N,2023,SATURDAY,SINGLE VEHICLE,N,N,50.67226,-120.231481,Y,DECEMBER,N,KAMLOOPS,KAMLOOPS,KAMLOOPS,N,N,N,SOUTHERN INTERIOR,VALLEYVIEW DR # 002860 TO 002860,VALLEYVIEW DR,VALLEYVIEW DR,12:00-14:59,1,0
N,PROPERTY DAMAGE ONLY,\N,N,2023,SATURDAY,SINGLE VEHICLE,N,N,50.769168,-120.343712,Y,DECEMBER,N,KAMLOOPS,KAMLOOPS,KAMLOOPS,N,N,N,SOUTHERN INTERIOR,JENSEN RD # 000770 TO 000799,JENSEN RD,JENSEN RD,12:00-14:59,1,0
N,PROPERTY DAMAGE ONLY,\N,N,2023,SATURDAY,SINGLE VEHICLE,N,N,50.964379,-119.175616,Y,DECEMBER,N,ANGLEMONT,ANGLEMONT,ANGLEMONT,N,N,N,SOUTHERN INTERIOR,SQUILAX-ANGLEMONT RD # 007686 TO 007779,SQUILAX-ANGLEMONT RD,SQUILAX-ANGLEMONT RD,12:00-14:59,1,0
N,PROPERTY DAMAGE ONLY,\N,N,2023,SATURDAY,SINGLE VEHICLE,N,N,50.99849,-118.235626,Y,DECEMBER,N,REVELSTOKE,REVELSTOKE,REVELSTOKE,N,N,N,SOUTHERN INTERIOR,TUM TUM DR # 000650 TO 000799,TUM TUM RD,TUM TUM RD,12:00-14:59,1,0
N,PROPERTY DAMAGE ONLY,\N,N,2023,SATURDAY,SINGLE VEHICLE,N,N,51.661386,-121.288437,Y,DECEMBER,N,100 MILE HOUSE,100 MILE HOUSE,100 MILE HOUSE,N,N,N,NORTH CENTRAL,EXETER TRUCK RTE # 000552 TO 000850,EXETER TRUCK RTE,EXETER TRUCK RTE,12:00-14:59,1,0
N,PROPERTY DAMAGE ONLY,\N,N,2023,SATURDAY,SINGLE VEHICLE,N,N,53.881582,-122.770839,Y,DECEMBER,N,PRINCE GEORGE,PRINCE GEORGE,PRINCE GEORGE,N,Y,N,NORTH CENTRAL,WALLS AVE # 003800 TO 003999,WALLS AVE,WALLS AVE,12:00-14:59,1,0
N,PROPERTY DAMAGE ONLY,\N,N,2023,SATURDAY,SINGLE VEHICLE,N,N,53.884563,-122.772118,Y,DECEMBER,N,PRINCE GEORGE,PRINCE GEORGE,PRINCE GEORGE,N,Y,N,NORTH CENTRAL,RANGE RD # 002460 TO 002599,RANGE RD,RANGE RD,12:00-14:59,1,0
N,PROPERTY DAMAGE ONLY,\N,N,2023,SATURDAY,SINGLE VEHICLE,N,N,53.899564,-122.779382,Y,DECEMBER,N,PRINCE GEORGE,PRINCE GEORGE,PRINCE GEORGE,N,Y,N,NORTH CENTRAL,MASSEY DR # 002991 TO 003111 odd,MASSEY DR,MASSEY DR,12:00-14:59,1,0
N,PROPERTY DAMAGE ONLY,\N,N,2023,SATURDAY,SINGLE VEHICLE,N,N,54.418539,-124.429756,Y,DECEMBER,N,FORT ST. JAMES,FORT ST. JAMES,FORT ST. JAMES,N,Y,N,NORTH CENTRAL,DICKINSON LOOP RD # 011970 TO 012339,DICKINSON LOOP RD,DICKINSON LOOP RD,12:00-14:59,1,0
N,PROPERTY DAMAGE ONLY,\N,N,2023,SATURDAY,SINGLE VEHICLE,Y,N,50.849605,-118.943467,Y,DECEMBER,N,SICAMOUS,SICAMOUS,SICAMOUS,N,N,N,SOUTHERN INTERIOR,KERR RD # 001800 TO 001929,KERR RD,KERR RD,12:00-14:59,1,0
N,PROPERTY DAMAGE ONLY,\N,N,2023,SATURDAY,UNDETERMINED,N,N,\N,\N,N,DECEMBER,N,ABBOTSFORD,ABBOTSFORD,\N,N,N,N,LOWER MAINLAND,UNKNOWN,UNKNOWN,UNKNOWN,12:00-14:59,1,0
N,PROPERTY DAMAGE ONLY,\N,N,2023,SATURDAY,UNDETERMINED,N,N,\N,\N,N,DECEMBER,N,BURNABY,BURNABY,\N,Y,Y,N,LOWER MAINLAND,UNKNOWN,KINGSWAY,KINGSWAY,12:00-14:59,1,0
N,PROPERTY DAMAGE ONLY,\N,N,2023,SATURDAY,UNDETERMINED,N,N,\N,\N,N,DECEMBER,N,CHILLIWACK,CHILLIWACK,\N,Y,Y,N,LOWER MAINLAND,UNKNOWN,VEDDER RD,VEDDER RD,12:00-14:59,1,0
N,PROPERTY DAMAGE ONLY,\N,N,2023,SATURDAY,UNDETERMINED,N,N,\N,\N,N,DECEMBER,N,COURTENAY,COURTENAY,\N,N,N,N,VANCOUVER ISLAND,UNKNOWN,ISLAND HWY N,ISLAND HWY N,12:00-14:59,1,0
N,PROPERTY DAMAGE ONLY,\N,N,2023,SATURDAY,UNDETERMINED,N,N,\N,\N,N,DECEMBER,N,CROFTON,CROFTON,\N,Y,Y,N,VANCOUVER ISLAND,UNKNOWN,ROBERT ST,ROBERT ST,12:00-14:59,1,0
N,PROPERTY DAMAGE ONLY,\N,N,2023,SATURDAY,UNDETERMINED,N,N,\N,\N,N,DECEMBER,N,INVERMERE,INVERMERE,\N,N,Y,N,SOUTHERN INTERIOR,UNKNOWN,10 AVE,10 AVE,12:00-14:59,1,0
N,PROPERTY DAMAGE ONLY,\N,N,2023,SATURDAY,UNDETERMINED,N,N,\N,\N,N,DECEMBER,N,KAMLOOPS,KAMLOOPS,\N,Y,Y,N,SOUTHERN INTERIOR,UNKNOWN,TRANS-CANADA HWY,TRANS-CANADA HWY,12:00-14:59,1,0
N,PROPERTY DAMAGE ONLY,\N,N,2023,SATURDAY,UNDETERMINED,N,N,\N,\N,N,DECEMBER,N,KELOWNA,KELOWNA,\N,Y,N,N,SOUTHERN INTERIOR,UNKNOWN,DISCOVERY AVE,DISCOVERY AVE,12:00-14:59,1,0
N,PROPERTY DAMAGE ONLY,\N,N,2023,SATURDAY,UNDETERMINED,N,N,\N,\N,N,DECEMBER,N,PORT COQUITLAM,PORT COQUITLAM,\N,Y,N,N,LOWER MAINLAND,UNKNOWN,KINGSWAY AVE,KINGSWAY AVE,12:00-14:59,1,0
N,PROPERTY DAMAGE ONLY,\N,N,2023,SATURDAY,UNDETERMINED,N,N,\N,\N,N,DECEMBER,N,PRINCE GEORGE,PRINCE GEORGE,\N,Y,Y,N,NORTH CENTRAL,UNKNOWN,MASSEY DRIVE,MASSEY DRIVE,12:00-14:59,1,0
N,PROPERTY DAMAGE ONLY,\N,N,2023,SATURDAY,UNDETERMINED,N,N,\N,\N,N,DECEMBER,N,SURREY,SURREY,\N,N,N,N,LOWER MAINLAND,UNKNOWN,HWY 1,HWY 1,12:00-14:59,1,0
N,PROPERTY DAMAGE ONLY,\N,N,2023,SATURDAY,UNDETERMINED,N,N,\N,\N,N,DECEMBER,N,UNKNOWN,UNKNOWN,\N,N,N,N,UNKNOWN,UNKNOWN,UNKKNOWN,UNKKNOWN,12:00-14:59,1,0
N,PROPERTY DAMAGE ONLY,\N,N,2023,SATURDAY,UNDETERMINED,N,N,\N,\N,N,DECEMBER,N,UNKNOWN,UNKNOWN,\N,N,N,N,UNKNOWN,UNKNOWN,UNKNOWN,UNKNOWN,12:00-14:59,3,0
N,PROPERTY DAMAGE ONLY,\N,N,2023,SATURDAY,UNDETERMINED,N,N,\N,\N,N,DECEMBER,N,UNKNOWN,UNKNOWN,\N,Y,N,N,UNKNOWN,UNKNOWN,UNKNOWN,UNKNOWN,12:00-14:59,1,0
N,PROPERTY DAMAGE ONLY,\N,N,2023,SATURDAY,UNDETERMINED,N,N,\N,\N,N,DECEMBER,N,VANCOUVER,VANCOUVER,\N,Y,N,N,LOWER MAINLAND,UNKNOWN,HOMER ST,HOMER ST,12:00-14:59,1,0
N,PROPERTY DAMAGE ONLY,\N,N,2023,SATURDAY,UNDETERMINED,N,N,\N,\N,N,DECEMBER,N,VANCOUVER,VANCOUVER,\N,Y,N,N,LOWER MAINLAND,UNKNOWN,UNKNOWN,UNKNOWN,12:00-14:59,1,0
N,PROPERTY DAMAGE ONLY,\N,N,2023,SATURDAY,UNDETERMINED,N,N,\N,\N,N,DECEMBER,N,VANCOUVER,VANCOUVER,\N,Y,Y,N,LOWER MAINLAND,UNKNOWN,STUDENT UNION BLVD,STUDENT UNION BLVD,12:00-14:59,1,0
N,PROPERTY DAMAGE ONLY,\N,N,2023,SATURDAY,UNDETERMINED,N,N,\N,\N,N,DECEMBER,N,VICTORIA,VICTORIA,\N,Y,N,N,VANCOUVER ISLAND,UNKNOWN,ISLAND RD,ISLAND RD,12:00-14:59,1,0
N,PROPERTY DAMAGE ONLY,\N,N,2023,SATURDAY,UNDETERMINED,N,N,\N,\N,N,DECEMBER,N,VICTORIA,VICTORIA,\N,Y,Y,N,VANCOUVER ISLAND,UNKNOWN,MCKENZIE ST,MCKENZIE ST,12:00-14:59,1,0
N,PROPERTY DAMAGE ONLY,\N,N,2023,SATURDAY,UNDETERMINED,N,N,\N,\N,N,DECEMBER,N,VIEW ROYAL,VIEW ROYAL,\N,N,Y,N,VANCOUVER ISLAND,UNKNOWN,ESQUITMALT,ESQUITMALT,12:00-14:59,1,0
N,PROPERTY DAMAGE ONLY,\N,N,2023,SATURDAY,UNDETERMINED,N,N,48.414472,-123.340542,Y,DECEMBER,N,VICTORIA,VICTORIA,VICTORIA,Y,N,N,VANCOUVER ISLAND,BROOKE ST # 001500 TO 001529,BROOKE ST,BROOKE ST,12:00-14:59,1,0
N,PROPERTY DAMAGE ONLY,\N,N,2023,SATURDAY,UNDETERMINED,N,N,48.427224,-123.335591,Y,DECEMBER,N,VICTORIA,VICTORIA,VICTORIA,Y,Y,N,VANCOUVER ISLAND,FORT ST # 001600 TO 001679,FORT ST,FORT ST,12:00-14:59,1,0
N,PROPERTY DAMAGE ONLY,\N,N,2023,SATURDAY,UNDETERMINED,N,N,48.441757,-123.469911,Y,DECEMBER,N,COLWOOD,COLWOOD,COLWOOD,N,Y,N,VANCOUVER ISLAND,SOOKE RD # 001901 TO 001909 odd,SOOKE RD,SOOKE RD,12:00-14:59,1,0
N,PROPERTY DAMAGE ONLY,\N,N,2023,SATURDAY,UNDETERMINED,N,N,48.443118,-123.468816,Y,DECEMBER,N,COLWOOD,COLWOOD,COLWOOD,N,Y,N,VANCOUVER ISLAND,ISLAND HWY # 001828 TO 001948 even,ISLAND HWY,ISLAND HWY,12:00-14:59,1,0
N,PROPERTY DAMAGE ONLY,\N,N,2023,SATURDAY,UNDETERMINED,N,N,48.443476,-123.517954,Y,DECEMBER,N,LANGFORD,LANGFORD,LANGFORD,N,Y,N,VANCOUVER ISLAND,LANGFORD PKY # 000980 TO 001069,LANGFORD PKY,LANGFORD PKY,12:00-14:59,1,0
N,PROPERTY DAMAGE ONLY,\N,N,2023,SATURDAY,UNDETERMINED,N,N,48.443807,-123.524862,Y,DECEMBER,N,LANGFORD,LANGFORD,LANGFORD,Y,Y,N,VANCOUVER ISLAND,LANGFORD PKY # 001084 TO 001118,LANGFORD PKY,LANGFORD PKY,12:00-14:59,1,0
N,PROPERTY DAMAGE ONLY,\N,N,2023,SATURDAY,UNDETERMINED,N,N,48.445415,-123.333968,Y,DECEMBER,N,VICTORIA,VICTORIA,VICTORIA,N,Y,N,VANCOUVER ISLAND,HILLSIDE AVE # 001634 TO 001699,HILLSIDE AVE,HILLSIDE AVE,12:00-14:59,1,0
N,PROPERTY DAMAGE ONLY,\N,N,2023,SATURDAY,UNDETERMINED,N,N,48.454686,-123.373315,Y,DECEMBER,N,SAANICH,SAANICH,SAANICH,Y,Y,N,VANCOUVER ISLAND,SAANICH RD # 003430 TO 003508 even,SAANICH RD,SAANICH RD,12:00-14:59,1,0
N,PROPERTY DAMAGE ONLY,\N,N,2023,SATURDAY,UNDETERMINED,N,N,48.459981,-123.500307,Y,DECEMBER,N,LANGFORD,LANGFORD,LANGFORD,Y,Y,N,VANCOUVER ISLAND,MCCALLUM RD # 000720 TO 000789,MCCALLUM RD,MCCALLUM RD,12:00-14:59,1,0
N,PROPERTY DAMAGE ONLY,\N,N,2023,SATURDAY,UNDETERMINED,N,N,48.478939,-123.410395,Y,DECEMBER,N,SAANICH,SAANICH,SAANICH,Y,Y,N,VANCOUVER ISLAND,WILKINSON RD # 004140 TO 004144,WILKINSON RD,WILKINSON RD,12:00-14:59,1,0
N,PROPERTY DAMAGE ONLY,\N,N,2023,SATURDAY,UNDETERMINED,N,N,48.649587,-123.40373,Y,DECEMBER,N,SIDNEY,SIDNEY,SIDNEY,Y,Y,N,VANCOUVER ISLAND,SEVENTH ST # 009800 TO 009849,SEVENTH ST,SEVENTH ST,12:00-14:59,1,0
N,PROPERTY DAMAGE ONLY,\N,N,2023,SATURDAY,UNDETERMINED,N,N,48.769184,-123.700954,Y,DECEMBER,N,DUNCAN,DUNCAN,DUNCAN,Y,N,N,VANCOUVER ISLAND,BOYS RD # 002940 TO 002957,BOYS RD,BOYS RD,12:00-14:59,1,0
N,PROPERTY DAMAGE ONLY,\N,N,2023,SATURDAY,UNDETERMINED,N,N,48.803125,-123.723035,Y,DECEMBER,N,DUNCAN,DUNCAN,DUNCAN,Y,N,N,VANCOUVER ISLAND,DRINKWATER RD # 003020 TO 003049,DRINKWATER RD,DRINKWATER RD,12:00-14:59,1,0
N,PROPERTY DAMAGE ONLY,\N,N,2023,SATURDAY,UNDETERMINED,N,N,48.839972,-123.304087,Y,DECEMBER,N,MAYNE ISLAND,MAYNE ISLAND,MAYNE ISLAND,Y,N,N,VANCOUVER ISLAND,COMPANION WAY # 000374 TO 000400 even,COMPANION WAY,COMPANION WAY,12:00-14:59,1,0
N,PROPERTY DAMAGE ONLY,\N,N,2023,SATURDAY,UNDETERMINED,N,N,48.993794,-123.815496,Y,DECEMBER,N,LADYSMITH,LADYSMITH,LADYSMITH,Y,Y,N,VANCOUVER ISLAND,ESPLANADE AVE # 000400 TO 000498 even,ESPLANADE AVE,ESPLANADE AVE,12:00-14:59,1,0
N,PROPERTY DAMAGE ONLY,\N,N,2023,SATURDAY,UNDETERMINED,N,N,49.021743,-122.265356,Y,DECEMBER,N,ABBOTSFORD,ABBOTSFORD,ABBOTSFORD,Y,Y,N,LOWER MAINLAND,SUMAS WAY # 001000 TO 001189,SUMAS WAY,SUMAS WAY,12:00-14:59,1,0
N,PROPERTY DAMAGE ONLY,\N,N,2023,SATURDAY,UNDETERMINED,N,N,49.022451,-118.469416,Y,DECEMBER,N,GRAND FORKS,GRAND FORKS,GRAND FORKS,Y,Y,N,SOUTHERN INTERIOR,27TH ST # 007000 TO 007199,27TH ST,27TH ST,12:00-14:59,1,0
N,PROPERTY DAMAGE ONLY,\N,N,2023,SATURDAY,UNDETERMINED,N,N,49.024036,-122.268412,Y,DECEMBER,N,ABBOTSFORD,ABBOTSFORD,ABBOTSFORD,N,Y,N,LOWER MAINLAND,MCCONNELL RD # 034500 TO 034549,MCCONNELL RD,MCCONNELL RD,12:00-14:59,1,0
N,PROPERTY DAMAGE ONLY,\N,N,2023,SATURDAY,UNDETERMINED,N,N,49.024036,-122.268412,Y,DECEMBER,N,ABBOTSFORD,ABBOTSFORD,ABBOTSFORD,Y,Y,N,LOWER MAINLAND,MCCONNELL RD # 034500 TO 034549,MCCONNELL RD,MCCONNELL RD,12:00-14:59,1,0
N,PROPERTY DAMAGE ONLY,\N,N,2023,SATURDAY,UNDETERMINED,N,N,49.031186,-122.80261899999999,Y,DECEMBER,N,SURREY,SURREY,SURREY,Y,Y,N,LOWER MAINLAND,16 AVE # 015083 TO 015199 odd,16 AVE,16 AVE,12:00-14:59,1,0
N,PROPERTY DAMAGE ONLY,\N,N,2023,SATURDAY,UNDETERMINED,N,N,49.033076,-118.440714,Y,DECEMBER,N,GRAND FORKS,GRAND FORKS,GRAND FORKS,Y,Y,N,SOUTHERN INTERIOR,CENTRAL AVE # 000400 TO 000499,CENTRAL AVE,CENTRAL AVE,12:00-14:59,1,0
N,PROPERTY DAMAGE ONLY,\N,N,2023,SATURDAY,UNDETERMINED,N,N,49.035875,-122.271713,Y,DECEMBER,N,ABBOTSFORD,ABBOTSFORD,ABBOTSFORD,Y,Y,N,LOWER MAINLAND,VEDDER WAY # 001700 TO 001999,VEDDER WAY,VEDDER WAY,12:00-14:59,1,0
N,PROPERTY DAMAGE ONLY,\N,N,2023,SATURDAY,UNDETERMINED,N,N,49.049042,-122.339059,Y,DECEMBER,N,ABBOTSFORD,ABBOTSFORD,ABBOTSFORD,N,Y,N,LOWER MAINLAND,SOUTH FRASER WAY # 031900 TO 031999,SOUTH FRASER WAY,SOUTH FRASER WAY,12:00-14:59,1,0
N,PROPERTY DAMAGE ONLY,\N,N,2023,SATURDAY,UNDETERMINED,N,N,49.050936,-122.312534,Y,DECEMBER,N,ABBOTSFORD,ABBOTSFORD,ABBOTSFORD,Y,Y,N,LOWER MAINLAND,SOUTH FRASER WAY # 032800 TO 032979,SOUTH FRASER WAY,SOUTH FRASER WAY,12:00-14:59,2,0
N,PROPERTY DAMAGE ONLY,\N,N,2023,SATURDAY,UNDETERMINED,N,N,49.051115,-122.316955,Y,DECEMBER,N,ABBOTSFORD,ABBOTSFORD,ABBOTSFORD,Y,Y,N,LOWER MAINLAND,SOUTH FRASER WAY # 032700 TO 032799,SOUTH FRASER WAY,SOUTH FRASER WAY,12:00-14:59,1,0
N,PROPERTY DAMAGE ONLY,\N,N,2023,SATURDAY,UNDETERMINED,N,N,49.053256,-122.327538,Y,DECEMBER,N,ABBOTSFORD,ABBOTSFORD,ABBOTSFORD,N,Y,N,LOWER MAINLAND,VETERANS WAY # 032330 TO 032399,VETERANS WAY,VETERANS WAY,12:00-14:59,1,0
N,PROPERTY DAMAGE ONLY,\N,N,2023,SATURDAY,UNDETERMINED,N,N,49.05827,-122.381412,Y,DECEMBER,N,ABBOTSFORD,ABBOTSFORD,ABBOTSFORD,Y,Y,N,LOWER MAINLAND,MT LEHMAN RD # 003086 TO 003129,MT LEHMAN RD,MT LEHMAN RD,12:00-14:59,1,0
N,PROPERTY DAMAGE ONLY,\N,N,2023,SATURDAY,UNDETERMINED,N,N,49.060136,-122.729541,Y,DECEMBER,N,SURREY,SURREY,SURREY,N,N,N,LOWER MAINLAND,32 AVE # 017600 TO 017999,32 AVE,32 AVE,12:00-14:59,1,0
N,PROPERTY DAMAGE ONLY,\N,N,2023,SATURDAY,UNDETERMINED,N,N,49.06065,-122.80661,Y,DECEMBER,N,SURREY,SURREY,SURREY,N,Y,N,LOWER MAINLAND,32 AVE DIVERS # 015001 TO 015099 odd,32 AVE DIVERS,32 AVE DIVERS,12:00-14:59,1,0
N,PROPERTY DAMAGE ONLY,\N,N,2023,SATURDAY,UNDETERMINED,N,N,49.077755,-117.591814,Y,DECEMBER,N,MONTROSE,MONTROSE,MONTROSE,Y,N,N,SOUTHERN INTERIOR,5TH ST # 000607 TO 000613,5TH ST,5TH ST,12:00-14:59,1,0
N,PROPERTY DAMAGE ONLY,\N,N,2023,SATURDAY,UNDETERMINED,N,N,49.090229,-123.077136,Y,DECEMBER,N,DELTA,DELTA,DELTA,N,Y,N,LOWER MAINLAND,LADNER TRUNK RD # 005240 TO 005299,LADNER TRUNK RD,LADNER TRUNK RD,12:00-14:59,1,0
N,PROPERTY DAMAGE ONLY,\N,N,2023,SATURDAY,UNDETERMINED,N,N,49.104378,-122.802437,Y,DECEMBER,N,SURREY,SURREY,SURREY,Y,Y,N,LOWER MAINLAND,56 AVE # 015094 TO 015198 even,56 AVE,56 AVE,12:00-14:59,1,0
N,PROPERTY DAMAGE ONLY,\N,N,2023,SATURDAY,UNDETERMINED,N,N,49.104745,-121.964142,Y,DECEMBER,N,CHILLIWACK,CHILLIWACK,CHILLIWACK,Y,Y,N,LOWER MAINLAND,MARKET WAY # 045530 TO 045599,MARKET WAY,MARKET WAY,12:00-14:59,1,0
N,PROPERTY DAMAGE ONLY,\N,N,2023,SATURDAY,UNDETERMINED,N,N,49.106652,-122.832172,Y,DECEMBER,N,SURREY,SURREY,SURREY,Y,N,N,LOWER MAINLAND,HALIFAX PL # 014050 TO 014099,HALIFAX PL,HALIFAX PL,12:00-14:59,1,0
N,PROPERTY DAMAGE ONLY,\N,N,2023,SATURDAY,UNDETERMINED,N,N,49.112592,-122.676755,Y,DECEMBER,N,LANGLEY,LANGLEY,LANGLEY,Y,Y,N,LOWER MAINLAND,FRASER HWY # 019683 TO 019799 odd,FRASER HWY,FRASER HWY,12:00-14:59,2,0
N,PROPERTY DAMAGE ONLY,\N,N,2023,SATURDAY,UNDETERMINED,N,N,49.116822,-122.671702,Y,DECEMBER,N,LANGLEY,LANGLEY,LANGLEY,Y,Y,N,LOWER MAINLAND,WILLOWBROOK DR # 019801 TO 019999 odd,WILLOWBROOK DR,WILLOWBROOK DR,12:00-14:59,2,0
N,PROPERTY DAMAGE ONLY,\N,N,2023,SATURDAY,UNDETERMINED,N,N,49.130881,-122.895115,Y,DECEMBER,N,DELTA,DELTA,DELTA,Y,N,N,LOWER MAINLAND,BREWSTER DR E # 007000 TO 007089,BREWSTER DR E,BREWSTER DR E,12:00-14:59,1,0
N,PROPERTY DAMAGE ONLY,\N,N,2023,SATURDAY,UNDETERMINED,N,N,49.131925,-122.805139,Y,DECEMBER,N,SURREY,SURREY,SURREY,N,N,N,LOWER MAINLAND,150A ST # 007050 TO 007199,150A ST,150A ST,12:00-14:59,1,0
N,PROPERTY DAMAGE ONLY,\N,N,2023,SATURDAY,UNDETERMINED,N,N,49.132918,-122.333757,Y,DECEMBER,N,MISSION,MISSION,MISSION,N,Y,N,LOWER MAINLAND,LOUGHEED HWY # 032134 TO 032148 even,LOUGHEED HWY,LOUGHEED HWY,12:00-14:59,1,0
N,PROPERTY DAMAGE ONLY,\N,N,2023,SATURDAY,UNDETERMINED,N,N,49.132981,-122.812979,Y,DECEMBER,N,SURREY,SURREY,SURREY,Y,N,N,LOWER MAINLAND,71A AVE # 014700 TO 014799,71A AVE,71A AVE,12:00-14:59,1,0
N,PROPERTY DAMAGE ONLY,\N,N,2023,SATURDAY,UNDETERMINED,N,N,49.134419,-123.149423,Y,DECEMBER,N,RICHMOND,RICHMOND,RICHMOND,N,Y,N,LOWER MAINLAND,WHISTLER CRT # 010400 TO 010899,WHISTLER CRT,WHISTLER CRT,12:00-14:59,1,0
N,PROPERTY DAMAGE ONLY,\N,N,2023,SATURDAY,UNDETERMINED,N,N,49.13442,-122.308346,Y,DECEMBER,N,MISSION,MISSION,MISSION,Y,Y,N,LOWER MAINLAND,1ST AVE # 033000 TO 033099,1ST AVE,1ST AVE,12:00-14:59,1,0
N,PROPERTY DAMAGE ONLY,\N,N,2023,SATURDAY,UNDETERMINED,N,N,49.138642,-122.31829,Y,DECEMBER,N,MISSION,MISSION,MISSION,N,N,N,LOWER MAINLAND,CEDAR VALLEY CONNECTR # 032469 TO 032585 odd,CEDAR VALLEY CONNECTR,CEDAR VALLEY CONNECTR,12:00-14:59,1,0
N,PROPERTY DAMAGE ONLY,\N,N,2023,SATURDAY,UNDETERMINED,N,N,49.142237,-121.968027,Y,DECEMBER,N,CHILLIWACK,CHILLIWACK,CHILLIWACK,Y,N,N,LOWER MAINLAND,LUCKAKUCK WAY # 045350 TO 045459,LUCKAKUCK WAY,LUCKAKUCK WAY,12:00-14:59,1,0
N,PROPERTY DAMAGE ONLY,\N,N,2023,SATURDAY,UNDETERMINED,N,N,49.143218,-121.973676,Y,DECEMBER,N,CHILLIWACK,CHILLIWACK,CHILLIWACK,N,N,N,LOWER MAINLAND,LUCKAKUCK WAY # 045158 TO 045249,LUCKAKUCK WAY,LUCKAKUCK WAY,12:00-14:59,1,0
N,PROPERTY DAMAGE ONLY,\N,N,2023,SATURDAY,UNDETERMINED,N,N,49.145055,-123.142848,Y,DECEMBER,N,RICHMOND,RICHMOND,RICHMOND,Y,N,N,LOWER MAINLAND,BELAIR DR # 007400 TO 007699,BELAIR DR,BELAIR DR,12:00-14:59,1,0
N,PROPERTY DAMAGE ONLY,\N,N,2023,SATURDAY,UNDETERMINED,N,N,49.151861,-121.977356,Y,DECEMBER,N,CHILLIWACK,CHILLIWACK,CHILLIWACK,N,Y,N,LOWER MAINLAND,EAGLE LANDING PKY # 008208 TO 008261,EAGLE LANDING PKY,EAGLE LANDING PKY,12:00-14:59,1,0
N,PROPERTY DAMAGE ONLY,\N,N,2023,SATURDAY,UNDETERMINED,N,N,49.156441,-122.77643,Y,DECEMBER,N,SURREY,SURREY,SURREY,Y,Y,N,LOWER MAINLAND,FRASER HWY # 016029 TO 016179 odd,FRASER HWY,FRASER HWY,12:00-14:59,1,0
N,PROPERTY DAMAGE ONLY,\N,N,2023,SATURDAY,UNDETERMINED,N,N,49.158219,-123.949523,Y,DECEMBER,N,NANAIMO,NANAIMO,NANAIMO,Y,Y,N,VANCOUVER ISLAND,BRUCE AVE # 000400 TO 000444,BRUCE AVE,BRUCE AVE,12:00-14:59,1,0
N,PROPERTY DAMAGE ONLY,\N,N,2023,SATURDAY,UNDETERMINED,N,N,49.159193,-123.132458,Y,DECEMBER,N,RICHMOND,RICHMOND,RICHMOND,Y,N,N,LOWER MAINLAND,GENERAL CURRIE RD # 008202 TO 008429,GENERAL CURRIE RD,GENERAL CURRIE RD,12:00-14:59,1,0
N,PROPERTY DAMAGE ONLY,\N,N,2023,SATURDAY,UNDETERMINED,N,N,49.164894,-123.935729,Y,DECEMBER,N,NANAIMO,NANAIMO,NANAIMO,Y,Y,N,VANCOUVER ISLAND,GORDON ST # 000100 TO 000199,GORDON ST,GORDON ST,12:00-14:59,1,0
N,PROPERTY DAMAGE ONLY,\N,N,2023,SATURDAY,UNDETERMINED,N,N,49.166833,-122.580761,Y,DECEMBER,N,LANGLEY,LANGLEY,LANGLEY,Y,N,N,LOWER MAINLAND,FRANCIS AVE # 023160 TO 023219,FRANCIS AVE,FRANCIS AVE,12:00-14:59,1,0
N,PROPERTY DAMAGE ONLY,\N,N,2023,SATURDAY,UNDETERMINED,N,N,49.167175,-122.916862,Y,DECEMBER,N,DELTA,DELTA,DELTA,Y,N,N,LOWER MAINLAND,RIVER RD # 010946 TO 010969,RIVER RD,RIVER RD,12:00-14:59,1,0
N,PROPERTY DAMAGE ONLY,\N,N,2023,SATURDAY,UNDETERMINED,N,N,49.169009,-123.937176,Y,DECEMBER,N,NANAIMO,NANAIMO,NANAIMO,Y,N,N,VANCOUVER ISLAND,FRONT ST # 000010 TO 000085,FRONT ST,FRONT ST,12:00-14:59,1,0
N,PROPERTY DAMAGE ONLY,\N,N,2023,SATURDAY,UNDETERMINED,N,N,49.173494,-122.890146,Y,DECEMBER,N,SURREY,SURREY,SURREY,Y,Y,N,LOWER MAINLAND,120 ST # 009350 TO 009398 even,120 ST,120 ST,12:00-14:59,1,0
N,PROPERTY DAMAGE ONLY,\N,N,2023,SATURDAY,UNDETERMINED,N,N,49.17694,-122.662493,Y,DECEMBER,N,LANGLEY,LANGLEY,LANGLEY,Y,Y,N,LOWER MAINLAND,96 AVE # 020100 TO 020292 even,96 AVE,96 AVE,12:00-14:59,1,0
N,PROPERTY DAMAGE ONLY,\N,N,2023,SATURDAY,UNDETERMINED,N,N,49.177893,-123.13652,Y,DECEMBER,N,RICHMOND,RICHMOND,RICHMOND,Y,Y,N,LOWER MAINLAND,NO 3 RD # 004900 TO 004998 even,NO 3 RD,NO 3 RD,12:00-14:59,1,0
N,PROPERTY DAMAGE ONLY,\N,N,2023,SATURDAY,UNDETERMINED,N,N,49.178611,-122.837833,Y,DECEMBER,N,SURREY,SURREY,SURREY,Y,N,N,LOWER MAINLAND,LAUREL DR # 013860 TO 013902,LAUREL DR,LAUREL DR,12:00-14:59,1,0
N,PROPERTY DAMAGE ONLY,\N,N,2023,SATURDAY,UNDETERMINED,N,N,49.179069,-123.094127,Y,DECEMBER,N,RICHMOND,RICHMOND,RICHMOND,Y,N,N,LOWER MAINLAND,DUMONT ST # 004700 TO 004898,DUMONT ST,DUMONT ST,12:00-14:59,1,0
N,PROPERTY DAMAGE ONLY,\N,N,2023,SATURDAY,UNDETERMINED,N,N,49.184301,-122.946556,Y,DECEMBER,N,NEW WESTMINSTER,NEW WESTMINSTER,NEW WESTMINSTER,Y,N,N,LOWER MAINLAND,HAMPTON ST # 000200 TO 000232,HAMPTON ST,HAMPTON ST,12:00-14:59,1,0
N,PROPERTY DAMAGE ONLY,\N,N,2023,SATURDAY,UNDETERMINED,N,N,49.185452,-123.128143,Y,DECEMBER,N,RICHMOND,RICHMOND,RICHMOND,N,Y,N,LOWER MAINLAND,SEXSMITH RD # 003660 TO 003799,SEXSMITH RD,SEXSMITH RD,12:00-14:59,1,0
N,PROPERTY DAMAGE ONLY,\N,N,2023,SATURDAY,UNDETERMINED,N,N,49.185452,-123.128143,Y,DECEMBER,N,RICHMOND,RICHMOND,RICHMOND,Y,Y,N,LOWER MAINLAND,SEXSMITH RD # 003660 TO 003799,SEXSMITH RD,SEXSMITH RD,12:00-14:59,1,0
N,PROPERTY DAMAGE ONLY,\N,N,2023,SATURDAY,UNDETERMINED,N,N,49.18687,-123.137226,Y,DECEMBER,N,RICHMOND,RICHMOND,RICHMOND,Y,Y,N,LOWER MAINLAND,RIVER RD # 007700 TO 008049,RIVER RD,RIVER RD,12:00-14:59,1,0
N,PROPERTY DAMAGE ONLY,\N,N,2023,SATURDAY,UNDETERMINED,N,N,49.191506,-122.823763,Y,DECEMBER,N,SURREY,SURREY,SURREY,N,Y,N,LOWER MAINLAND,104 AVE # 014350 TO 014399,104 AVE,104 AVE,12:00-14:59,1,0
N,PROPERTY DAMAGE ONLY,\N,N,2023,SATURDAY,UNDETERMINED,N,N,49.192014,-123.122024,Y,DECEMBER,N,RICHMOND,RICHMOND,RICHMOND,N,Y,N,LOWER MAINLAND,BRIDGEPORT RD # 009088 TO 009299,BRIDGEPORT RD,BRIDGEPORT RD,12:00-14:59,1,0
N,PROPERTY DAMAGE ONLY,\N,N,2023,SATURDAY,UNDETERMINED,N,N,49.196553,-123.140635,Y,DECEMBER,N,RICHMOND,RICHMOND,RICHMOND,Y,Y,N,LOWER MAINLAND,TEMPLETON STATION RD # 007899 TO 007899 odd,TEMPLETON STATION RD,TEMPLETON STATION RD,12:00-14:59,1,0
N,PROPERTY DAMAGE ONLY,\N,N,2023,SATURDAY,UNDETERMINED,N,N,49.204784,-124.003658,Y,DECEMBER,N,NANAIMO,NANAIMO,NANAIMO,N,Y,N,VANCOUVER ISLAND,ISLAND HWY N # 003162 TO 003220 even,ISLAND HWY N,ISLAND HWY N,12:00-14:59,1,0
N,PROPERTY DAMAGE ONLY,\N,N,2023,SATURDAY,UNDETERMINED,N,N,49.204788,-122.935847,Y,DECEMBER,N,NEW WESTMINSTER,NEW WESTMINSTER,NEW WESTMINSTER,Y,N,N,LOWER MAINLAND,SIXTH AVE # 001418 TO 001599,SIXTH AVE,SIXTH AVE,12:00-14:59,1,0
N,PROPERTY DAMAGE ONLY,\N,N,2023,SATURDAY,UNDETERMINED,N,N,49.210733,-122.951555,Y,DECEMBER,N,BURNABY,BURNABY,BURNABY,Y,N,N,LOWER MAINLAND,18TH ST # 007600 TO 007691,18TH ST,18TH ST,12:00-14:59,1,0
N,PROPERTY DAMAGE ONLY,\N,N,2023,SATURDAY,UNDETERMINED,N,N,49.212655,-122.563044,Y,DECEMBER,N,MAPLE RIDGE,MAPLE RIDGE,MAPLE RIDGE,Y,N,N,LOWER MAINLAND,CREEKSIDE ST # 011550 TO 011599,CREEKSIDE ST,CREEKSIDE ST,12:00-14:59,1,0
N,PROPERTY DAMAGE ONLY,\N,N,2023,SATURDAY,UNDETERMINED,N,N,49.216217,-122.604533,Y,DECEMBER,N,MAPLE RIDGE,MAPLE RIDGE,MAPLE RIDGE,N,Y,N,LOWER MAINLAND,223 ST # 011750 TO 011791,223 ST,223 ST,12:00-14:59,1,0
N,PROPERTY DAMAGE ONLY,\N,N,2023,SATURDAY,UNDETERMINED,N,N,49.21747,-122.952861,Y,DECEMBER,N,BURNABY,BURNABY,BURNABY,N,Y,N,LOWER MAINLAND,EDMONDS ST # 007200 TO 007299,EDMONDS ST,EDMONDS ST,12:00-14:59,1,0
N,PROPERTY DAMAGE ONLY,\N,N,2023,SATURDAY,UNDETERMINED,N,N,49.219644,-122.659523,Y,DECEMBER,N,MAPLE RIDGE,MAPLE RIDGE,MAPLE RIDGE,N,Y,N,LOWER MAINLAND,LOUGHEED HWY # 020220 TO 020349,LOUGHEED HWY,LOUGHEED HWY,12:00-14:59,1,0
N,PROPERTY DAMAGE ONLY,\N,N,2023,SATURDAY,UNDETERMINED,N,N,49.222174,-122.924039,Y,DECEMBER,N,BURNABY,BURNABY,BURNABY,Y,N,N,LOWER MAINLAND,11TH AVE # 008000 TO 008099,11TH AVE,11TH AVE,12:00-14:59,1,0
N,PROPERTY DAMAGE ONLY,\N,N,2023,SATURDAY,UNDETERMINED,N,N,49.223308,-122.983661,Y,DECEMBER,N,BURNABY,BURNABY,BURNABY,Y,Y,N,LOWER MAINLAND,KINGSWAY # 005501 TO 005599,KINGSWAY,KINGSWAY,12:00-14:59,1,0
N,PROPERTY DAMAGE ONLY,\N,N,2023,SATURDAY,UNDETERMINED,N,N,49.22355,-123.062436,Y,DECEMBER,N,VANCOUVER,VANCOUVER,VANCOUVER,Y,N,N,LOWER MAINLAND,GLADSTONE ST # 006600 TO 006699,GLADSTONE ST,GLADSTONE ST,12:00-14:59,1,0
N,PROPERTY DAMAGE ONLY,\N,N,2023,SATURDAY,UNDETERMINED,N,N,49.224557,-122.945909,Y,DECEMBER,N,BURNABY,BURNABY,BURNABY,Y,N,N,LOWER MAINLAND,ROSEWOOD ST # 007500 TO 007649,ROSEWOOD ST,ROSEWOOD ST,12:00-14:59,1,0
N,PROPERTY DAMAGE ONLY,\N,N,2023,SATURDAY,UNDETERMINED,N,N,49.224704,-122.673335,Y,DECEMBER,N,PITT MEADOWS,PITT MEADOWS,PITT MEADOWS,N,Y,N,LOWER MAINLAND,LOUGHEED HWY # 019800 TO 019808 even,LOUGHEED HWY,LOUGHEED HWY,12:00-14:59,1,0
N,PROPERTY DAMAGE ONLY,\N,N,2023,SATURDAY,UNDETERMINED,N,N,49.224704,-122.673335,Y,DECEMBER,N,PITT MEADOWS,PITT MEADOWS,PITT MEADOWS,Y,Y,N,LOWER MAINLAND,LOUGHEED HWY # 019800 TO 019808 even,LOUGHEED HWY,LOUGHEED HWY,12:00-14:59,1,0
N,PROPERTY DAMAGE ONLY,\N,N,2023,SATURDAY,UNDETERMINED,N,N,49.224797,-123.053556,Y,DECEMBER,N,VANCOUVER,VANCOUVER,VANCOUVER,Y,Y,N,LOWER MAINLAND,E 49TH AVE # 002600 TO 002698,E 49TH AVE,E 49TH AVE,12:00-14:59,1,0
N,PROPERTY DAMAGE ONLY,\N,N,2023,SATURDAY,UNDETERMINED,N,N,49.228116,-122.998531,Y,DECEMBER,N,BURNABY,BURNABY,BURNABY,Y,Y,N,LOWER MAINLAND,KINGSWAY # 004700 TO 004749,KINGSWAY,KINGSWAY,12:00-14:59,2,0
N,PROPERTY DAMAGE ONLY,\N,N,2023,SATURDAY,UNDETERMINED,N,N,49.230806,-123.053124,Y,DECEMBER,N,VANCOUVER,VANCOUVER,VANCOUVER,Y,N,N,LOWER MAINLAND,E 43RD AVE # 002534 TO 002661,E 43RD AVE,E 43RD AVE,12:00-14:59,1,0
N,PROPERTY DAMAGE ONLY,\N,N,2023,SATURDAY,UNDETERMINED,N,N,49.233525,-122.857525,Y,DECEMBER,N,COQUITLAM,COQUITLAM,COQUITLAM,Y,Y,N,LOWER MAINLAND,LOUGHEED HWY # 001100 TO 001498 even,LOUGHEED HWY,LOUGHEED HWY,12:00-14:59,1,0
N,PROPERTY DAMAGE ONLY,\N,N,2023,SATURDAY,UNDETERMINED,N,N,49.23475,-123.073172,Y,DECEMBER,N,VANCOUVER,VANCOUVER,VANCOUVER,Y,N,N,LOWER MAINLAND,E 39TH AVE # 001552 TO 001599,E 39TH AVE,E 39TH AVE,12:00-14:59,1,0
N,PROPERTY DAMAGE ONLY,\N,N,2023,SATURDAY,UNDETERMINED,N,N,49.23764,-121.761607,Y,DECEMBER,N,AGASSIZ,AGASSIZ,AGASSIZ,N,Y,N,LOWER MAINLAND,HWY 9 # 001802 TO 001879,AGASSIZ ROSEDALE HWY 9,AGASSIZ ROSEDALE HWY 9,12:00-14:59,1,0
N,PROPERTY DAMAGE ONLY,\N,N,2023,SATURDAY,UNDETERMINED,N,N,49.241734,-122.85251,Y,DECEMBER,N,COQUITLAM,COQUITLAM,COQUITLAM,Y,N,N,LOWER MAINLAND,SCHOOLHOUSE ST # 000310 TO 000319,SCHOOLHOUSE ST,SCHOOLHOUSE ST,12:00-14:59,1,0
N,PROPERTY DAMAGE ONLY,\N,N,2023,SATURDAY,UNDETERMINED,N,N,49.243412,-123.117483,Y,DECEMBER,N,VANCOUVER,VANCOUVER,VANCOUVER,Y,N,N,LOWER MAINLAND,CAMBIE ST # 004600 TO 004698 even,CAMBIE ST,CAMBIE ST,12:00-14:59,1,0
N,PROPERTY DAMAGE ONLY,\N,N,2023,SATURDAY,UNDETERMINED,N,N,49.245339,-122.573624,Y,DECEMBER,N,MAPLE RIDGE,MAPLE RIDGE,MAPLE RIDGE,N,N,N,LOWER MAINLAND,133A AVE # 023400 TO 023429,133A AVE,133A AVE,12:00-14:59,1,0
N,PROPERTY DAMAGE ONLY,\N,N,2023,SATURDAY,UNDETERMINED,N,N,49.245623,-123.066188,Y,DECEMBER,N,VANCOUVER,VANCOUVER,VANCOUVER,Y,Y,N,LOWER MAINLAND,KINGSWAY # 001900 TO 001949,KINGSWAY,KINGSWAY,12:00-14:59,1,0
N,PROPERTY DAMAGE ONLY,\N,N,2023,SATURDAY,UNDETERMINED,N,N,49.252704,-122.893069,Y,DECEMBER,N,BURNABY,BURNABY,BURNABY,Y,Y,N,LOWER MAINLAND,NORTH RD # 003401 TO 003499 odd,NORTH RD,NORTH RD,12:00-14:59,1,0
N,PROPERTY DAMAGE ONLY,\N,N,2023,SATURDAY,UNDETERMINED,N,N,49.253453,-122.898288,Y,DECEMBER,N,BURNABY,BURNABY,BURNABY,N,Y,N,LOWER MAINLAND,CAMERON ST # 009600 TO 009619,CAMERON ST,CAMERON ST,12:00-14:59,1,0
N,PROPERTY DAMAGE ONLY,\N,N,2023,SATURDAY,UNDETERMINED,N,N,49.255103,-122.893123,Y,DECEMBER,N,BURNABY,BURNABY,BURNABY,Y,Y,N,LOWER MAINLAND,NORTH RD # 003047 TO 003399 odd,NORTH RD,NORTH RD,12:00-14:59,1,0
N,PROPERTY DAMAGE ONLY,\N,N,2023,SATURDAY,UNDETERMINED,N,N,49.255485,-122.742182,Y,DECEMBER,N,PORT COQUITLAM,PORT COQUITLAM,PORT COQUITLAM,Y,Y,N,LOWER MAINLAND,NICOLA AVE # 000900 TO 001095,NICOLA AVE,NICOLA AVE,12:00-14:59,1,0
N,PROPERTY DAMAGE ONLY,\N,N,2023,SATURDAY,UNDETERMINED,N,N,49.258684,-123.069523,Y,DECEMBER,N,VANCOUVER,VANCOUVER,VANCOUVER,N,Y,N,LOWER MAINLAND,E 13TH AVE # 001700 TO 001733,E 13TH AVE,E 13TH AVE,12:00-14:59,1,0
N,PROPERTY DAMAGE ONLY,\N,N,2023,SATURDAY,UNDETERMINED,N,N,49.263767,-123.20455,Y,DECEMBER,N,VANCOUVER,VANCOUVER,VANCOUVER,Y,N,N,LOWER MAINLAND,W 10TH AVE # 004300 TO 004399,W 10TH AVE,W 10TH AVE,12:00-14:59,1,0
N,PROPERTY DAMAGE ONLY,\N,N,2023,SATURDAY,UNDETERMINED,N,N,49.264121,-123.115143,Y,DECEMBER,N,VANCOUVER,VANCOUVER,VANCOUVER,Y,N,N,LOWER MAINLAND,W 8TH AVE # 000500 TO 000521,W 8TH AVE,W 8TH AVE,12:00-14:59,1,0
N,PROPERTY DAMAGE ONLY,\N,N,2023,SATURDAY,UNDETERMINED,N,N,49.26589,-124.787587,Y,DECEMBER,N,PORT ALBERNI,PORT ALBERNI,PORT ALBERNI,Y,Y,N,VANCOUVER ISLAND,JOHNSTON RD # 003550 TO 003668 even,JOHNSTON RD,JOHNSTON RD,12:00-14:59,1,0
N,PROPERTY DAMAGE ONLY,\N,N,2023,SATURDAY,UNDETERMINED,N,N,49.266219,-122.843047,Y,DECEMBER,N,COQUITLAM,COQUITLAM,COQUITLAM,Y,N,N,LOWER MAINLAND,HARBOUR DR # 001766 TO 001779,HARBOUR DR,HARBOUR DR,12:00-14:59,1,0
N,PROPERTY DAMAGE ONLY,\N,N,2023,SATURDAY,UNDETERMINED,N,N,49.266332,-123.011562,Y,DECEMBER,N,BURNABY,BURNABY,BURNABY,Y,Y,N,LOWER MAINLAND,LOUGHEED HWY # 004101 TO 004299 odd,LOUGHEED HWY,LOUGHEED HWY,12:00-14:59,1,0
N,PROPERTY DAMAGE ONLY,\N,N,2023,SATURDAY,UNDETERMINED,N,N,49.268179,-123.185707,Y,DECEMBER,N,VANCOUVER,VANCOUVER,VANCOUVER,Y,Y,N,LOWER MAINLAND,ALMA ST # 002000 TO 002099,ALMA ST,ALMA ST,12:00-14:59,1,0
N,PROPERTY DAMAGE ONLY,\N,N,2023,SATURDAY,UNDETERMINED,N,N,49.269382,-123.045583,Y,DECEMBER,N,VANCOUVER,VANCOUVER,VANCOUVER,N,Y,N,LOWER MAINLAND,E 1ST AVE # 002800 TO 002898 even,E 1ST AVE,E 1ST AVE,12:00-14:59,1,0
N,PROPERTY DAMAGE ONLY,\N,N,2023,SATURDAY,UNDETERMINED,N,N,49.270424,-123.048174,Y,DECEMBER,N,VANCOUVER,VANCOUVER,VANCOUVER,Y,N,N,LOWER MAINLAND,GRAVELEY ST # 002700 TO 002799,GRAVELEY ST,GRAVELEY ST,12:00-14:59,1,0
N,PROPERTY DAMAGE ONLY,\N,N,2023,SATURDAY,UNDETERMINED,N,N,49.274413,-122.792884,Y,DECEMBER,N,COQUITLAM,COQUITLAM,COQUITLAM,Y,Y,N,LOWER MAINLAND,LOUGHEED HWY # 002988 TO 003098 even,LOUGHEED HWY,LOUGHEED HWY,12:00-14:59,1,0
N,PROPERTY DAMAGE ONLY,\N,N,2023,SATURDAY,UNDETERMINED,N,N,49.275571,-122.795219,Y,DECEMBER,N,COQUITLAM,COQUITLAM,COQUITLAM,N,Y,N,LOWER MAINLAND,LOUGHEED HWY # 002951 TO 003043 odd,LOUGHEED HWY,LOUGHEED HWY,12:00-14:59,1,0
N,PROPERTY DAMAGE ONLY,\N,N,2023,SATURDAY,UNDETERMINED,N,N,49.276112,-123.116213,Y,DECEMBER,N,VANCOUVER,VANCOUVER,VANCOUVER,Y,Y,N,LOWER MAINLAND,BEATTY ST # 000900 TO 000999,BEATTY ST,BEATTY ST,12:00-14:59,1,0
N,PROPERTY DAMAGE ONLY,\N,N,2023,SATURDAY,UNDETERMINED,N,N,49.276668,-122.833914,Y,DECEMBER,N,PORT MOODY,PORT MOODY,PORT MOODY,Y,Y,N,LOWER MAINLAND,ST JOHNS ST # 003200 TO 003219,ST JOHNS ST,ST JOHNS ST,12:00-14:59,1,0
N,PROPERTY DAMAGE ONLY,\N,N,2023,SATURDAY,UNDETERMINED,N,N,49.276818,-123.13055,Y,DECEMBER,N,VANCOUVER,VANCOUVER,VANCOUVER,Y,N,N,LOWER MAINLAND,HORNBY ST # 001300 TO 001399,HORNBY ST,HORNBY ST,12:00-14:59,1,0
N,PROPERTY DAMAGE ONLY,\N,N,2023,SATURDAY,UNDETERMINED,N,N,49.277063,-122.800243,Y,DECEMBER,N,COQUITLAM,COQUITLAM,COQUITLAM,Y,Y,N,LOWER MAINLAND,BARNET HWY # 002901 TO 002929 odd,BARNET HWY,BARNET HWY,12:00-14:59,1,0
N,PROPERTY DAMAGE ONLY,\N,N,2023,SATURDAY,UNDETERMINED,N,N,49.278274,-123.109536,Y,DECEMBER,N,VANCOUVER,VANCOUVER,VANCOUVER,N,N,N,LOWER MAINLAND,EXPO BLVD # 000604 TO 000696,EXPO BLVD,EXPO BLVD,12:00-14:59,1,0
N,PROPERTY DAMAGE ONLY,\N,N,2023,SATURDAY,UNDETERMINED,N,N,49.281327,-123.075608,Y,DECEMBER,N,VANCOUVER,VANCOUVER,VANCOUVER,Y,Y,N,LOWER MAINLAND,E HASTINGS ST # 001300 TO 001499,E HASTINGS ST,E HASTINGS ST,12:00-14:59,1,0
N,PROPERTY DAMAGE ONLY,\N,N,2023,SATURDAY,UNDETERMINED,N,N,49.281421,-123.103297,Y,DECEMBER,N,VANCOUVER,VANCOUVER,VANCOUVER,N,Y,N,LOWER MAINLAND,E HASTINGS ST # 000000 TO 000099,E HASTINGS ST,E HASTINGS ST,12:00-14:59,1,0
N,PROPERTY DAMAGE ONLY,\N,N,2023,SATURDAY,UNDETERMINED,N,N,49.282712,-122.800221,Y,DECEMBER,N,COQUITLAM,COQUITLAM,COQUITLAM,N,Y,N,LOWER MAINLAND,GLEN DR # 002900 TO 002949,GLEN DR,GLEN DR,12:00-14:59,1,0
N,PROPERTY DAMAGE ONLY,\N,N,2023,SATURDAY,UNDETERMINED,N,N,49.282804,-123.118644,Y,DECEMBER,N,VANCOUVER,VANCOUVER,VANCOUVER,N,Y,N,LOWER MAINLAND,W GEORGIA ST # 000700 TO 000799,W GEORGIA ST,W GEORGIA ST,12:00-14:59,1,0
N,PROPERTY DAMAGE ONLY,\N,N,2023,SATURDAY,UNDETERMINED,N,N,49.322649,-123.098964,Y,DECEMBER,N,NORTH VANCOUVER,NORTH VANCOUVER,NORTH VANCOUVER,Y,Y,N,LOWER MAINLAND,MARINE DR # 000901 TO 000969 odd,MARINE DR,MARINE DR,12:00-14:59,1,0
N,PROPERTY DAMAGE ONLY,\N,N,2023,SATURDAY,UNDETERMINED,N,N,49.325702,-123.072227,Y,DECEMBER,N,NORTH VANCOUVER,NORTH VANCOUVER,NORTH VANCOUVER,Y,Y,N,LOWER MAINLAND,LONSDALE AVE # 001800 TO 001899,LONSDALE AVE,LONSDALE AVE,12:00-14:59,1,0
N,PROPERTY DAMAGE ONLY,\N,N,2023,SATURDAY,UNDETERMINED,N,N,49.325809,-123.139912,Y,DECEMBER,N,WEST VANCOUVER,WEST VANCOUVER,WEST VANCOUVER,Y,Y,N,LOWER MAINLAND,PARK ROYAL SOUTH # 001131 TO 003000,PARK ROYAL SOUTH,PARK ROYAL SOUTH,12:00-14:59,1,0
N,PROPERTY DAMAGE ONLY,\N,N,2023,SATURDAY,UNDETERMINED,N,N,49.32608,-123.059032,Y,DECEMBER,N,NORTH VANCOUVER,NORTH VANCOUVER,NORTH VANCOUVER,Y,N,N,LOWER MAINLAND,E 19TH ST # 000500 TO 000539,E 19TH ST,E 19TH ST,12:00-14:59,1,0
N,PROPERTY DAMAGE ONLY,\N,N,2023,SATURDAY,UNDETERMINED,N,N,49.326693,-123.1464,Y,DECEMBER,N,WEST VANCOUVER,WEST VANCOUVER,WEST VANCOUVER,Y,Y,N,LOWER MAINLAND,MARINE DR # 001018 TO 001092 even,MARINE DR,MARINE DR,12:00-14:59,1,0
N,PROPERTY DAMAGE ONLY,\N,N,2023,SATURDAY,UNDETERMINED,N,N,49.328122,-123.155572,Y,DECEMBER,N,WEST VANCOUVER,WEST VANCOUVER,WEST VANCOUVER,N,N,N,LOWER MAINLAND,MARINE DR # 001400 TO 001499,MARINE DR,MARINE DR,12:00-14:59,1,0
N,PROPERTY DAMAGE ONLY,\N,N,2023,SATURDAY,UNDETERMINED,N,N,49.328624,-123.159572,Y,DECEMBER,N,WEST VANCOUVER,WEST VANCOUVER,WEST VANCOUVER,Y,Y,N,LOWER MAINLAND,MARINE DR # 001600 TO 001699,MARINE DR,MARINE DR,12:00-14:59,1,0
N,PROPERTY DAMAGE ONLY,\N,N,2023,SATURDAY,UNDETERMINED,N,N,49.33261,-123.046629,Y,DECEMBER,N,NORTH VANCOUVER,NORTH VANCOUVER,NORTH VANCOUVER,Y,Y,N,LOWER MAINLAND,LYNN VALLEY RD # 000900 TO 000998 even,LYNN VALLEY RD,LYNN VALLEY RD,12:00-14:59,1,0
N,PROPERTY DAMAGE ONLY,\N,N,2023,SATURDAY,UNDETERMINED,N,N,49.333333,-123.042526,Y,DECEMBER,N,NORTH VANCOUVER,NORTH VANCOUVER,NORTH VANCOUVER,N,Y,N,LOWER MAINLAND,E 27TH ST # 001110 TO 001199,E 27TH ST,E 27TH ST,12:00-14:59,1,0
N,PROPERTY DAMAGE ONLY,\N,N,2023,SATURDAY,UNDETERMINED,N,N,49.349098,-124.370784,Y,DECEMBER,N,PARKSVILLE,PARKSVILLE,PARKSVILLE,N,Y,N,VANCOUVER ISLAND,ISLAND HWY W # 001300 TO 001399,ISLAND HWY W,ISLAND HWY W,12:00-14:59,1,0
N,PROPERTY DAMAGE ONLY,\N,N,2023,SATURDAY,UNDETERMINED,N,N,49.356299,-124.438354,Y,DECEMBER,N,QUALICUM BEACH,QUALICUM BEACH,QUALICUM BEACH,Y,N,N,VANCOUVER ISLAND,ISLAND HWY W # 002678 TO 002698 even,ISLAND HWY W,ISLAND HWY W,12:00-14:59,1,0
N,PROPERTY DAMAGE ONLY,\N,N,2023,SATURDAY,UNDETERMINED,N,N,49.361505,-122.952383,Y,DECEMBER,N,NORTH VANCOUVER,NORTH VANCOUVER,NORTH VANCOUVER,Y,Y,N,LOWER MAINLAND,MT SEYMOUR RD # 001684 TO 001700,MT SEYMOUR RD,MT SEYMOUR RD,12:00-14:59,1,0
N,PROPERTY DAMAGE ONLY,\N,N,2023,SATURDAY,UNDETERMINED,N,N,49.463126,-119.589468,Y,DECEMBER,N,PENTICTON,PENTICTON,PENTICTON,Y,Y,N,SOUTHERN INTERIOR,GREEN AVE W # 000200 TO 000299,GREEN AVE W,GREEN AVE W,12:00-14:59,1,0
N,PROPERTY DAMAGE ONLY,\N,N,2023,SATURDAY,UNDETERMINED,N,N,49.467471,-119.585422,Y,DECEMBER,N,PENTICTON,PENTICTON,PENTICTON,Y,Y,N,SOUTHERN INTERIOR,SKAHA LAKE RD # 002501 TO 002699 odd,SKAHA LAKE RD,SKAHA LAKE RD,12:00-14:59,1,0
N,PROPERTY DAMAGE ONLY,\N,N,2023,SATURDAY,UNDETERMINED,N,N,49.473329,-119.582322,Y,DECEMBER,N,PENTICTON,PENTICTON,PENTICTON,Y,Y,N,SOUTHERN INTERIOR,MAIN ST # 002200 TO 002298 even,MAIN ST,MAIN ST,12:00-14:59,1,0
N,PROPERTY DAMAGE ONLY,\N,N,2023,SATURDAY,UNDETERMINED,N,N,49.665181,-115.973378,Y,DECEMBER,N,KIMBERLEY,KIMBERLEY,KIMBERLEY,N,Y,N,SOUTHERN INTERIOR,WARREN AVE # 002590 TO 002699,WARREN AVE,WARREN AVE,12:00-14:59,1,0
N,PROPERTY DAMAGE ONLY,\N,N,2023,SATURDAY,UNDETERMINED,N,N,49.698539,-124.98795,Y,DECEMBER,N,COURTENAY,COURTENAY,COURTENAY,N,Y,N,VANCOUVER ISLAND,RYAN RD # 000751 TO 000799 odd,RYAN RD,RYAN RD,12:00-14:59,1,0
N,PROPERTY DAMAGE ONLY,\N,N,2023,SATURDAY,UNDETERMINED,N,N,49.796479,-119.507976,Y,DECEMBER,N,KELOWNA,KELOWNA,KELOWNA,Y,N,N,SOUTHERN INTERIOR,WREN PL # 000501 TO 000515 odd,WREN PL,WREN PL,12:00-14:59,1,0
N,PROPERTY DAMAGE ONLY,\N,N,2023,SATURDAY,UNDETERMINED,N,N,49.83324,-119.616864,Y,DECEMBER,N,WEST KELOWNA,WEST KELOWNA,WEST KELOWNA,N,Y,N,SOUTHERN INTERIOR,CARRINGTON RD # 003586 TO 003623,CARRINGTON RD,CARRINGTON RD,12:00-14:59,1,0
N,PROPERTY DAMAGE ONLY,\N,N,2023,SATURDAY,UNDETERMINED,N,N,49.873946,-119.491229,Y,DECEMBER,N,KELOWNA,KELOWNA,KELOWNA,Y,Y,N,SOUTHERN INTERIOR,PANDOSY ST # 002222 TO 002269,PANDOSY ST,PANDOSY ST,12:00-14:59,1,0
N,PROPERTY DAMAGE ONLY,\N,N,2023,SATURDAY,UNDETERMINED,N,N,49.880408,-119.443447,Y,DECEMBER,N,KELOWNA,KELOWNA,KELOWNA,Y,Y,N,SOUTHERN INTERIOR,COOPER RD # 001850 TO 001898 even,COOPER RD,COOPER RD,12:00-14:59,1,0
N,PROPERTY DAMAGE ONLY,\N,N,2023,SATURDAY,UNDETERMINED,N,N,49.881803,-119.439105,Y,DECEMBER,N,KELOWNA,KELOWNA,KELOWNA,N,Y,N,SOUTHERN INTERIOR,HARVEY AVE # 002121 TO 002279 odd,HARVEY AVE,HARVEY AVE,12:00-14:59,1,0
N,PROPERTY DAMAGE ONLY,\N,N,2023,SATURDAY,UNDETERMINED,N,N,49.881803,-119.439105,Y,DECEMBER,N,KELOWNA,KELOWNA,KELOWNA,Y,N,N,SOUTHERN INTERIOR,HARVEY AVE # 002121 TO 002279 odd,HARVEY AVE,HARVEY AVE,12:00-14:59,1,0
N,PROPERTY DAMAGE ONLY,\N,N,2023,SATURDAY,UNDETERMINED,N,N,49.881953,-119.441395,Y,DECEMBER,N,KELOWNA,KELOWNA,KELOWNA,N,Y,N,SOUTHERN INTERIOR,HARVEY AVE # 002100 TO 002156 even,HARVEY AVE,HARVEY AVE,12:00-14:59,1,0
N,PROPERTY DAMAGE ONLY,\N,N,2023,SATURDAY,UNDETERMINED,N,N,50.029137,-125.249335,Y,DECEMBER,N,CAMPBELL RIVER,CAMPBELL RIVER,CAMPBELL RIVER,Y,Y,N,VANCOUVER ISLAND,DOGWOOD ST # 001400 TO 001419,DOGWOOD ST,DOGWOOD ST,12:00-14:59,1,0
N,PROPERTY DAMAGE ONLY,\N,N,2023,SATURDAY,UNDETERMINED,N,N,50.032558,-125.261439,Y,DECEMBER,N,CAMPBELL RIVER,CAMPBELL RIVER,CAMPBELL RIVER,Y,Y,N,VANCOUVER ISLAND,ISLAND HWY # 001477 TO 001489 odd,ISLAND HWY,ISLAND HWY,12:00-14:59,1,0
N,PROPERTY DAMAGE ONLY,\N,N,2023,SATURDAY,UNDETERMINED,N,N,50.033818,-125.250304,Y,DECEMBER,N,CAMPBELL RIVER,CAMPBELL RIVER,CAMPBELL RIVER,Y,Y,N,VANCOUVER ISLAND,ISLAND HWY # 001382 TO 001444 even,ISLAND HWY,ISLAND HWY,12:00-14:59,1,0
N,PROPERTY DAMAGE ONLY,\N,N,2023,SATURDAY,UNDETERMINED,N,N,50.120348,-122.957257,Y,DECEMBER,N,WHISTLER,WHISTLER,WHISTLER,Y,Y,N,LOWER MAINLAND,LORIMER RD # 004362 TO 004370 even,LORIMER RD,LORIMER RD,12:00-14:59,1,0
N,PROPERTY DAMAGE ONLY,\N,N,2023,SATURDAY,UNDETERMINED,N,N,50.231579,-119.276842,Y,DECEMBER,N,COLDSTREAM,COLDSTREAM,COLDSTREAM,Y,N,N,SOUTHERN INTERIOR,EDGEWATER PL # 007200 TO 007242,EDGEWATER PL,EDGEWATER PL,12:00-14:59,1,0
N,PROPERTY DAMAGE ONLY,\N,N,2023,SATURDAY,UNDETERMINED,N,N,50.265684,-119.273786,Y,DECEMBER,N,VERNON,VERNON,VERNON,Y,Y,N,SOUTHERN INTERIOR,32 ST # 003200 TO 003299,32 ST,32 ST,12:00-14:59,1,0
N,PROPERTY DAMAGE ONLY,\N,N,2023,SATURDAY,UNDETERMINED,N,N,50.267503,-119.286599,Y,DECEMBER,N,VERNON,VERNON,VERNON,Y,Y,N,SOUTHERN INTERIOR,38 ST # 003500 TO 003599,38 ST,38 ST,12:00-14:59,1,0
N,PROPERTY DAMAGE ONLY,\N,N,2023,SATURDAY,UNDETERMINED,N,N,50.277186,-119.274406,Y,DECEMBER,N,VERNON,VERNON,VERNON,Y,Y,N,SOUTHERN INTERIOR,32 ST # 004400 TO 004408 even,32 ST,32 ST,12:00-14:59,1,0
N,PROPERTY DAMAGE ONLY,\N,N,2023,SATURDAY,UNDETERMINED,N,N,50.282738,-119.266716,Y,DECEMBER,N,VERNON,VERNON,VERNON,Y,Y,N,SOUTHERN INTERIOR,27 ST # 004800 TO 004998 even,27 ST,27 ST,12:00-14:59,1,0
N,PROPERTY DAMAGE ONLY,\N,N,2023,SATURDAY,UNDETERMINED,N,N,50.500405,-119.557122,Y,DECEMBER,N,FALKLAND,FALKLAND,FALKLAND,N,Y,N,SOUTHERN INTERIOR,HWY 97 # 005710 TO 005749,HWY 97,HWY 97,12:00-14:59,1,0
N,PROPERTY DAMAGE ONLY,\N,N,2023,SATURDAY,UNDETERMINED,N,N,50.652041,-120.380833,Y,DECEMBER,N,KAMLOOPS,KAMLOOPS,KAMLOOPS,Y,Y,N,SOUTHERN INTERIOR,HUGH ALLAN DR # 001500 TO 001518,HUGH ALLAN DR,HUGH ALLAN DR,12:00-14:59,1,0
N,PROPERTY DAMAGE ONLY,\N,N,2023,SATURDAY,UNDETERMINED,N,N,50.665334,-120.350116,Y,DECEMBER,N,KAMLOOPS,KAMLOOPS,KAMLOOPS,Y,Y,N,SOUTHERN INTERIOR,SUMMIT DR # 001210 TO 001378 even,SUMMIT DR,SUMMIT DR,12:00-14:59,1,0
N,PROPERTY DAMAGE ONLY,\N,N,2023,SATURDAY,UNDETERMINED,N,N,50.678043,-120.272309,Y,DECEMBER,N,KAMLOOPS,KAMLOOPS,KAMLOOPS,Y,Y,N,SOUTHERN INTERIOR,ORIOLE RD # 000150 TO 000169,ORIOLE RD,ORIOLE RD,12:00-14:59,1,0
N,PROPERTY DAMAGE ONLY,\N,N,2023,SATURDAY,UNDETERMINED,N,N,50.692591,-119.297908,Y,DECEMBER,N,SALMON ARM,SALMON ARM,SALMON ARM,Y,Y,N,SOUTHERN INTERIOR,10 AVE SW # 001000 TO 001200,10 AVE SW,10 AVE SW,12:00-14:59,1,0
N,PROPERTY DAMAGE ONLY,\N,N,2023,SATURDAY,UNDETERMINED,N,N,52.113585,-122.126525,Y,DECEMBER,N,WILLIAMS LAKE,WILLIAMS LAKE,WILLIAMS LAKE,N,Y,N,NORTH CENTRAL,PROSPERITY WAY # 001180 TO 001185,PROSPERITY WAY,PROSPERITY WAY,12:00-14:59,1,0
N,PROPERTY DAMAGE ONLY,\N,N,2023,SATURDAY,UNDETERMINED,N,N,52.141514,-122.156658,Y,DECEMBER,N,WILLIAMS LAKE,WILLIAMS LAKE,WILLIAMS LAKE,Y,Y,N,NORTH CENTRAL,MACKENZIE AVE N # 000956 TO 001049,MACKENZIE AVE N,MACKENZIE AVE N,12:00-14:59,1,0
N,PROPERTY DAMAGE ONLY,\N,N,2023,SATURDAY,UNDETERMINED,N,N,53.899564,-122.779382,Y,DECEMBER,N,PRINCE GEORGE,PRINCE GEORGE,PRINCE GEORGE,Y,Y,N,NORTH CENTRAL,MASSEY DR # 002991 TO 003111 odd,MASSEY DR,MASSEY DR,12:00-14:59,1,0
N,PROPERTY DAMAGE ONLY,\N,N,2023,SATURDAY,UNDETERMINED,N,N,53.918371,-122.782179,Y,DECEMBER,N,PRINCE GEORGE,PRINCE GEORGE,PRINCE GEORGE,Y,Y,N,NORTH CENTRAL,CENTRAL ST W # 000646 TO 000799,CENTRAL ST W,CENTRAL ST W,12:00-14:59,1,0
N,PROPERTY DAMAGE ONLY,\N,N,2023,SATURDAY,UNDETERMINED,N,N,53.918634,-122.761948,Y,DECEMBER,N,PRINCE GEORGE,PRINCE GEORGE,PRINCE GEORGE,Y,N,N,NORTH CENTRAL,MCBRIDE CRES # 002100 TO 002199,MCBRIDE CRES,MCBRIDE CRES,12:00-14:59,1,0
N,PROPERTY DAMAGE ONLY,\N,N,2023,SATURDAY,UNDETERMINED,N,N,54.392948,-126.651058,Y,DECEMBER,N,HOUSTON,HOUSTON,HOUSTON,Y,Y,N,NORTH CENTRAL,HAGMAN CRES # 003250 TO 003299,HAGMAN CRES,HAGMAN CRES,12:00-14:59,1,0
N,PROPERTY DAMAGE ONLY,\N,N,2023,SATURDAY,UNDETERMINED,N,N,54.512054,-128.579151,Y,DECEMBER,N,TERRACE,TERRACE,TERRACE,Y,Y,N,NORTH CENTRAL,HWY 16 W # 004401 TO 004429 odd,YELLOWHEAD HWY,YELLOWHEAD HWY,12:00-14:59,1,0
N,PROPERTY DAMAGE ONLY,\N,N,2023,SATURDAY,UNDETERMINED,N,N,55.768698,-120.23075,Y,DECEMBER,N,DAWSON CREEK,DAWSON CREEK,DAWSON CREEK,Y,N,N,NORTH CENTRAL,94 AVE # 001000 TO 001029,94 AVE,94 AVE,12:00-14:59,1,0
N,PROPERTY DAMAGE ONLY,\N,N,2023,SATURDAY,UNDETERMINED,Y,N,\N,\N,N,DECEMBER,N,SICAMOUS,SICAMOUS,\N,N,N,N,SOUTHERN INTERIOR,UNKNOWN,HWY 1,HWY 1,12:00-14:59,1,0
N,PROPERTY DAMAGE ONLY,\N,N,2023,SATURDAY,UNDETERMINED,Y,N,48.419998,-123.509564,Y,DECEMBER,N,COLWOOD,COLWOOD,COLWOOD,Y,N,N,VANCOUVER ISLAND,DEMEL PL # 000692 TO 000739,DEMEL PL,DEMEL PL,12:00-14:59,1,0
N,PROPERTY DAMAGE ONLY,\N,N,2023,SATURDAY,UNDETERMINED,Y,N,49.190034,-122.576233,Y,DECEMBER,N,MAPLE RIDGE,MAPLE RIDGE,MAPLE RIDGE,N,Y,N,LOWER MAINLAND,MCKAY AVE # 023200 TO 023299,MCKAY AVE,MCKAY AVE,12:00-14:59,1,0
N,PROPERTY DAMAGE ONLY,\N,N,2023,SATURDAY,UNDETERMINED,Y,N,49.248254,-123.068612,Y,DECEMBER,N,VANCOUVER,VANCOUVER,VANCOUVER,N,N,N,LOWER MAINLAND,MILLER ST # 004030 TO 004221,MILLER ST,MILLER ST,12:00-14:59,1,0
N,PROPERTY DAMAGE ONLY,10 ST SE,N,2023,SATURDAY,REAR END,N,Y,50.692207,-119.273458,N,DECEMBER,N,SALMON ARM,SALMON ARM,SALMON ARM,N,N,N,SOUTHERN INTERIOR,10 AVE SE & 10 ST SE & 12 AVE SE,12 AVE SE,12 AVE SE,12:00-14:59,1,0
N,PROPERTY DAMAGE ONLY,100 AVE,N,2023,SATURDAY,SIDE IMPACT,N,Y,49.184272,-122.845453,N,DECEMBER,N,SURREY,SURREY,SURREY,Y,Y,N,LOWER MAINLAND,100 AVE & KING GEORGE BLVD & OLD YALE RD,KING GEORGE BLVD,KING GEORGE BLVD,12:00-14:59,1,0
N,PROPERTY DAMAGE ONLY,101 AVE,N,2023,SATURDAY,SIDE SWIPE - SAME DIRECTION,N,Y,49.186146,-122.800941,N,DECEMBER,N,SURREY,SURREY,SURREY,N,N,N,LOWER MAINLAND,101 AVE & 152 ST,152 ST,152 ST,12:00-14:59,1,0
N,PROPERTY DAMAGE ONLY,102A AVE,N,2023,SATURDAY,SIDE IMPACT,N,Y,49.188864,-122.806438,N,DECEMBER,N,SURREY,SURREY,SURREY,N,N,N,LOWER MAINLAND,102A AVE & 150 ST,150 ST,150 ST,12:00-14:59,1,0
N,PROPERTY DAMAGE ONLY,103 AVE,N,2023,SATURDAY,SINGLE VEHICLE,N,Y,49.189345,-122.778518,N,DECEMBER,N,SURREY,SURREY,SURREY,N,N,N,LOWER MAINLAND,103 AVE & 160 ST,160 ST,160 ST,12:00-14:59,1,0
N,PROPERTY DAMAGE ONLY,104 AVE,N,2023,SATURDAY,CONFLICTED,N,Y,49.191498,-122.800899,N,DECEMBER,N,SURREY,SURREY,SURREY,N,N,N,LOWER MAINLAND,104 AVE & 152 ST,152 ST,152 ST,12:00-14:59,1,0
N,PROPERTY DAMAGE ONLY,104 AVE,N,2023,SATURDAY,REAR END,N,Y,49.191651,-122.854265,N,DECEMBER,N,SURREY,SURREY,SURREY,Y,N,N,LOWER MAINLAND,104 AVE & 133 ST,133 ST,133 ST,12:00-14:59,1,0
N,PROPERTY DAMAGE ONLY,104 AVE,N,2023,SATURDAY,REAR END,N,Y,49.192103,-122.777815,N,DECEMBER,N,SURREY,SURREY,SURREY,N,N,N,LOWER MAINLAND,104 AVE & 104 AVE OFFRAMP & 104 AVE ONRAMP & 104 AVENUE FLYOVER & 160 ST & 160 ST ONRAMP & 164 ST & 164 ST OFFRAMP & HWY 1 ONRAMP & TRANS-CANADA HWY & EMERGENCY LANE & TURNING LANE,160 ST,160 ST,12:00-14:59,1,0
N,PROPERTY DAMAGE ONLY,10TH AVE N,N,2023,SATURDAY,SIDE IMPACT,N,Y,49.096752,-116.513417,N,DECEMBER,N,CRESTON,CRESTON,CRESTON,N,N,N,SOUTHERN INTERIOR,10TH AVE N & PINE ST,PINE ST,PINE ST,12:00-14:59,1,0
N,PROPERTY DAMAGE ONLY,112B AVE,N,2023,SATURDAY,SIDE IMPACT,N,Y,49.207526,-122.567844,N,DECEMBER,N,MAPLE RIDGE,MAPLE RIDGE,MAPLE RIDGE,N,N,N,LOWER MAINLAND,112B AVE & 236 ST,236 ST,236 ST,12:00-14:59,1,0
N,PROPERTY DAMAGE ONLY,116 ST,N,2023,SATURDAY,REAR END,N,Y,49.152217,-122.901477,N,DECEMBER,N,DELTA,DELTA,DELTA,N,N,N,LOWER MAINLAND,116 ST & 82 AVE,82 AVE,82 AVE,12:00-14:59,1,0
N,PROPERTY DAMAGE ONLY,116 ST,N,2023,SATURDAY,REAR END,N,Y,49.159564,-122.902143,N,DECEMBER,N,DELTA,DELTA,DELTA,N,N,N,LOWER MAINLAND,116 ST & 86 AVE,86 AVE,86 AVE,12:00-14:59,1,0
N,PROPERTY DAMAGE ONLY,116 ST,N,2023,SATURDAY,REAR END,N,Y,49.177123,-122.901192,N,DECEMBER,N,DELTA,DELTA,DELTA & SURREY,N,N,N,LOWER MAINLAND,116 ST & 96 AVE,96 AVE,96 AVE,12:00-14:59,1,0
N,PROPERTY DAMAGE ONLY,120 ST,N,2023,SATURDAY,REAR END,N,Y,49.126719,-122.890371,N,DECEMBER,N,DELTA,DELTA,DELTA & SURREY,N,N,N,LOWER MAINLAND,120 ST & 68 AVE,68 AVE,68 AVE,12:00-14:59,1,0
N,PROPERTY DAMAGE ONLY,120 ST,N,2023,SATURDAY,REAR END,N,Y,49.155982,-122.890393,N,DECEMBER,N,DELTA,DELTA,DELTA & SURREY,N,N,N,LOWER MAINLAND,120 ST & 84 AVE,84 AVE,84 AVE,12:00-14:59,2,0
N,PROPERTY DAMAGE ONLY,124 ST,N,2023,SATURDAY,REAR END,N,Y,49.119235,-122.879036,N,DECEMBER,N,SURREY,SURREY,SURREY,N,N,N,LOWER MAINLAND,124 ST & 64 AVE,64 AVE,64 AVE,12:00-14:59,2,0
N,PROPERTY DAMAGE ONLY,125 ST,N,2023,SATURDAY,REAR END,N,Y,49.133957,-122.876242,N,DECEMBER,N,SURREY,SURREY,SURREY,N,N,N,LOWER MAINLAND,125 ST & 72 AVE,72 AVE,72 AVE,12:00-14:59,1,0
N,PROPERTY DAMAGE ONLY,128 ST,N,2023,SATURDAY,REAR END,N,Y,49.108112,-122.867838,N,DECEMBER,N,SURREY,SURREY,SURREY,N,N,N,LOWER MAINLAND,128 ST & 58 AVE,HWY 10,HWY 10,12:00-14:59,1,0
N,PROPERTY DAMAGE ONLY,128 ST,N,2023,SATURDAY,REAR END,N,Y,49.13388,-122.867854,N,DECEMBER,N,SURREY,SURREY,SURREY,N,N,N,LOWER MAINLAND,128 ST & 72 AVE,72 AVE,72 AVE,12:00-14:59,1,0
N,PROPERTY DAMAGE ONLY,128 ST,N,2023,SATURDAY,SIDE IMPACT,N,Y,49.111809,-122.867838,N,DECEMBER,N,SURREY,SURREY,SURREY,N,N,N,LOWER MAINLAND,128 ST & 60 AVE,60 AVE,60 AVE,12:00-14:59,1,0
N,PROPERTY DAMAGE ONLY,132 ST,N,2023,SATURDAY,REAR END,N,Y,49.119007,-122.856492,N,DECEMBER,N,SURREY,SURREY,SURREY,N,N,N,LOWER MAINLAND,132 ST & 64 AVE,64 AVE,64 AVE,12:00-14:59,1,0
N,PROPERTY DAMAGE ONLY,132 ST,N,2023,SATURDAY,SIDE IMPACT,Y,Y,49.177095,-122.856838,N,DECEMBER,N,SURREY,SURREY,SURREY,N,N,N,LOWER MAINLAND,132 ST & 96 AVE,96 AVE,96 AVE,12:00-14:59,1,0
N,PROPERTY DAMAGE ONLY,134 ST,N,2023,SATURDAY,REAR END,N,Y,49.119024,-122.850994,N,DECEMBER,N,SURREY,SURREY,SURREY,N,N,N,LOWER MAINLAND,134 ST & 64 AVE,64 AVE,64 AVE,12:00-14:59,1,0
N,PROPERTY DAMAGE ONLY,136 ST,N,2023,SATURDAY,SINGLE VEHICLE,N,Y,49.111857,-122.845464,N,DECEMBER,N,SURREY,SURREY,SURREY,N,N,N,LOWER MAINLAND,136 ST & 60 AVE,60 AVE,60 AVE,12:00-14:59,1,0
N,PROPERTY DAMAGE ONLY,143 ST,N,2023,SATURDAY,CONFLICTED,N,Y,49.191485,-122.825863,N,DECEMBER,N,SURREY,SURREY,SURREY,N,N,N,LOWER MAINLAND,104 AVE & 143 ST,104 AVE,104 AVE,12:00-14:59,1,0
N,PROPERTY DAMAGE ONLY,146 ST,N,2023,SATURDAY,HEAD ON,N,Y,49.11544,-122.817753,N,DECEMBER,N,SURREY,SURREY,SURREY,Y,N,N,LOWER MAINLAND,146 ST & 62 AVE,62 AVE,62 AVE,12:00-14:59,1,0
N,PROPERTY DAMAGE ONLY,148 ST,N,2023,SATURDAY,REAR END,N,Y,49.113687,-122.812257,N,DECEMBER,N,SURREY,SURREY,SURREY,N,N,N,LOWER MAINLAND,148 ST & 61 AVE,61 AVE,61 AVE,12:00-14:59,1,0
N,PROPERTY DAMAGE ONLY,148 ST,N,2023,SATURDAY,REAR END,N,Y,49.133742,-122.812146,N,DECEMBER,N,SURREY,SURREY,SURREY,N,N,N,LOWER MAINLAND,148 ST & 72 AVE,72 AVE,72 AVE,12:00-14:59,1,0
N,PROPERTY DAMAGE ONLY,148 ST,N,2023,SATURDAY,UNDETERMINED,N,Y,49.198735,-122.812538,N,DECEMBER,N,SURREY,SURREY,SURREY,N,N,N,LOWER MAINLAND,108 AVE & 148 ST,108 AVE,108 AVE,12:00-14:59,1,0
N,PROPERTY DAMAGE ONLY,15 ST NE,N,2023,SATURDAY,UNDETERMINED,N,Y,50.714392,-119.267132,N,DECEMBER,N,SALMON ARM,SALMON ARM,SALMON ARM,N,N,N,SOUTHERN INTERIOR,15 ST NE & 20 AVE NE & LAKESHORE RD NE,20 AVE NE,20 AVE NE,12:00-14:59,1,0
N,PROPERTY DAMAGE ONLY,152 ST,N,2023,SATURDAY,REAR END,N,Y,49.045632,-122.801205,N,DECEMBER,N,SURREY,SURREY,SURREY,N,N,N,LOWER MAINLAND,152 ST & 24 AVE,24 AVE,24 AVE,12:00-14:59,1,0
N,PROPERTY DAMAGE ONLY,152 ST,N,2023,SATURDAY,REAR END,N,Y,49.051786,-122.801262,N,DECEMBER,N,SURREY,SURREY,SURREY,N,N,N,LOWER MAINLAND,152 ST & KING GEORGE BLVD & TURNING LANE,KING GEORGE BLVD,KING GEORGE BLVD,12:00-14:59,1,0
N,PROPERTY DAMAGE ONLY,152 ST,N,2023,SATURDAY,REAR END,N,Y,49.198752,-122.800842,N,DECEMBER,N,SURREY,SURREY,SURREY,N,N,N,LOWER MAINLAND,108 AVE & 152 ST,108 AVE,108 AVE,12:00-14:59,1,0
N,PROPERTY DAMAGE ONLY,152 ST,N,2023,SATURDAY,SIDE IMPACT,N,Y,49.104433,-122.801032,N,DECEMBER,N,SURREY,SURREY,SURREY,Y,Y,N,LOWER MAINLAND,152 ST & 56 AVE,HWY 10,HWY 10,12:00-14:59,1,0
N,PROPERTY DAMAGE ONLY,152 ST,N,2023,SATURDAY,SINGLE VEHICLE,N,Y,49.104433,-122.801032,N,DECEMBER,N,SURREY,SURREY,SURREY,N,N,N,LOWER MAINLAND,152 ST & 56 AVE,HWY 10,HWY 10,12:00-14:59,1,0
N,PROPERTY DAMAGE ONLY,152 ST,N,2023,SATURDAY,UNDETERMINED,N,Y,49.191498,-122.800899,N,DECEMBER,N,SURREY,SURREY,SURREY,Y,Y,N,LOWER MAINLAND,104 AVE & 152 ST,104 AVE,104 AVE,12:00-14:59,1,0
N,PROPERTY DAMAGE ONLY,156 ST,N,2023,SATURDAY,SIDE SWIPE - SAME DIRECTION,N,Y,49.191551,-122.789744,N,DECEMBER,N,SURREY,SURREY,SURREY,N,N,N,LOWER MAINLAND,104 AVE & 156 ST,104 AVE,104 AVE,12:00-14:59,1,0
N,PROPERTY DAMAGE ONLY,156 ST,N,2023,SATURDAY,UNDETERMINED,N,Y,49.161746,-122.790201,N,DECEMBER,N,SURREY,SURREY,SURREY,N,Y,N,LOWER MAINLAND,156 ST & FRASER HWY & TURNING LANE,FRASER HWY,FRASER HWY,12:00-14:59,1,0
N,PROPERTY DAMAGE ONLY,158 ST,N,2023,SATURDAY,UNDETERMINED,N,Y,49.159838,-122.785186,N,DECEMBER,N,SURREY,SURREY,SURREY,Y,N,N,LOWER MAINLAND,158 ST & FRASER HWY & TURNING LANE,FRASER HWY,FRASER HWY,12:00-14:59,1,0
N,PROPERTY DAMAGE ONLY,16 AVE,N,2023,SATURDAY,SINGLE VEHICLE,N,Y,49.0309,-122.603699,N,DECEMBER,N,LANGLEY,LANGLEY,LANGLEY,N,N,N,LOWER MAINLAND,16 AVE & 224 ST,224 ST,224 ST,12:00-14:59,1,0
N,PROPERTY DAMAGE ONLY,160 ST,N,2023,SATURDAY,REAR END,N,Y,49.15734,-122.778895,N,DECEMBER,N,SURREY,SURREY,SURREY,N,N,N,LOWER MAINLAND,160 ST & FRASER HWY & TURNING LANE,FRASER HWY,FRASER HWY,12:00-14:59,1,0
N,PROPERTY DAMAGE ONLY,160 ST,N,2023,SATURDAY,SIDE IMPACT,N,Y,49.15734,-122.778895,N,DECEMBER,N,SURREY,SURREY,SURREY,N,N,N,LOWER MAINLAND,160 ST & FRASER HWY & TURNING LANE,FRASER HWY,FRASER HWY,12:00-14:59,1,0
N,PROPERTY DAMAGE ONLY,160 ST,N,2023,SATURDAY,SIDE SWIPE - SAME DIRECTION,N,Y,49.040587,-122.779205,N,DECEMBER,N,SURREY,SURREY,SURREY,N,N,N,LOWER MAINLAND,160 ST & CROYDON DR,CROYDON DR,CROYDON DR,12:00-14:59,1,0
N,PROPERTY DAMAGE ONLY,168 ST,N,2023,SATURDAY,SINGLE VEHICLE,N,Y,49.150821,-122.756575,N,DECEMBER,N,SURREY,SURREY,SURREY,N,N,N,LOWER MAINLAND,168 ST & 81A AVE,81A AVE,81A AVE,12:00-14:59,1,0
N,PROPERTY DAMAGE ONLY,168 ST,N,2023,SATURDAY,UNDETERMINED,N,Y,49.06033,-122.756861,N,DECEMBER,N,SURREY,SURREY,SURREY,N,N,N,LOWER MAINLAND,168 ST & 32 AVE,32 AVE,32 AVE,12:00-14:59,1,0
N,PROPERTY DAMAGE ONLY,16TH AVE,N,2023,SATURDAY,SIDE IMPACT,N,Y,49.223841,-122.933743,N,DECEMBER,Y,BURNABY,BURNABY,BURNABY,Y,N,N,LOWER MAINLAND,16TH AVE & 6TH ST,6TH ST,6TH ST,12:00-14:59,1,0
N,PROPERTY DAMAGE ONLY,196,N,2023,SATURDAY,REAR END,N,N,\N,\N,N,DECEMBER,N,LANGLEY,LANGLEY,\N,N,N,N,LOWER MAINLAND,UNKNOWN,56 AVE,56 AVE,12:00-14:59,1,0
N,PROPERTY DAMAGE ONLY,198A ST,N,2023,SATURDAY,UNDETERMINED,N,Y,49.09948,-122.672603,N,DECEMBER,N,LANGLEY,LANGLEY,LANGLEY,N,N,N,LOWER MAINLAND,198A ST & 53A AVE,53A AVE,53A AVE,12:00-14:59,1,0
N,PROPERTY DAMAGE ONLY,2 AVE,N,2023,SATURDAY,REAR END,N,Y,49.005526,-122.735321,N,DECEMBER,N,SURREY,SURREY,SURREY,N,N,N,LOWER MAINLAND,176 ST & 2 AVE,176 ST,176 ST,12:00-14:59,1,0
N,PROPERTY DAMAGE ONLY,20 AVE,N,2023,SATURDAY,REAR END,N,Y,49.038343,-122.790166,N,DECEMBER,N,SURREY,SURREY,SURREY,N,N,N,LOWER MAINLAND,156 ST & 20 AVE,156 ST,156 ST,12:00-14:59,1,0
N,PROPERTY DAMAGE ONLY,20 AVE,N,2023,SATURDAY,SIDE SWIPE - OPPOSITE DIRECTION,N,Y,49.03846,-122.7352,N,DECEMBER,N,SURREY,SURREY,SURREY,N,N,N,LOWER MAINLAND,176 ST & 20 AVE,176 ST,176 ST,12:00-14:59,1,0
N,PROPERTY DAMAGE ONLY,200 ST,N,2023,SATURDAY,REAR END,N,Y,49.122644,-122.668533,N,DECEMBER,N,LANGLEY,LANGLEY,LANGLEY,N,N,N,LOWER MAINLAND,200 ST & 66 AVE & WILLOUGHBY WAY,66 AVE,66 AVE,12:00-14:59,1,0
N,PROPERTY DAMAGE ONLY,2000 RD,N,2023,SATURDAY,SINGLE VEHICLE,N,N,\N,\N,N,DECEMBER,N,PRINCE GEORGE,PRINCE GEORGE,\N,N,N,N,NORTH CENTRAL,UNKNOWN,800 RD,800 RD,12:00-14:59,1,0
N,PROPERTY DAMAGE ONLY,201 ST,N,2023,SATURDAY,REAR END,N,Y,49.161671,-122.665975,N,DECEMBER,N,LANGLEY,LANGLEY,LANGLEY,N,N,N,LOWER MAINLAND,201 ST & 88 AVE & HWY 1 ONRAMP,88 AVE,88 AVE,12:00-14:59,1,0
N,PROPERTY DAMAGE ONLY,202 ST,N,2023,SATURDAY,REAR END,N,Y,49.113321,-122.662264,N,DECEMBER,N,LANGLEY,LANGLEY,LANGLEY,N,N,N,LOWER MAINLAND,202 ST & LANGLEY BYPASS,LANGLEY BYPASS,LANGLEY BYPASS,12:00-14:59,1,0
N,PROPERTY DAMAGE ONLY,208 ST,N,2023,SATURDAY,SIDE IMPACT,N,Y,49.045689,-122.647269,N,DECEMBER,N,LANGLEY,LANGLEY,LANGLEY,N,N,N,LOWER MAINLAND,208 ST & 24 AVE,24 AVE,24 AVE,12:00-14:59,1,0
N,PROPERTY DAMAGE ONLY,216 ST,N,2023,SATURDAY,REAR END,N,Y,49.12645,-122.624898,N,DECEMBER,N,LANGLEY,LANGLEY,LANGLEY,N,N,N,LOWER MAINLAND,216 ST & CRUSH CRES & GLOVER RD,GLOVER RD,GLOVER RD,12:00-14:59,1,0
N,PROPERTY DAMAGE ONLY,225 ST,N,2023,SATURDAY,SINGLE VEHICLE,N,Y,49.217114,-122.598939,N,DECEMBER,N,MAPLE RIDGE,MAPLE RIDGE,MAPLE RIDGE,N,N,N,LOWER MAINLAND,225 ST & LOUGHEED HWY,LOUGHEED HWY,LOUGHEED HWY,12:00-14:59,1,0
N,PROPERTY DAMAGE ONLY,24 AVE,N,2023,SATURDAY,SIDE IMPACT,N,Y,49.045662,-122.735305,N,DECEMBER,N,SURREY,SURREY,SURREY,N,N,N,LOWER MAINLAND,176 ST & 24 AVE,176 ST,176 ST,12:00-14:59,1,0
N,PROPERTY DAMAGE ONLY,24 AVE,N,2023,SATURDAY,SINGLE VEHICLE,N,Y,49.045783,-122.867419,N,DECEMBER,N,SURREY,SURREY,SURREY,N,N,N,LOWER MAINLAND,128 ST & 24 AVE,128 ST,128 ST,12:00-14:59,1,0
N,PROPERTY DAMAGE ONLY,24 AVE,N,2023,SATURDAY,UNDETERMINED,N,Y,49.045662,-122.735305,N,DECEMBER,N,SURREY,SURREY,SURREY,N,N,N,LOWER MAINLAND,176 ST & 24 AVE,176 ST,176 ST,12:00-14:59,1,0
N,PROPERTY DAMAGE ONLY,24 AVENUE,N,2023,SATURDAY,UNDETERMINED,N,N,\N,\N,N,DECEMBER,N,SURREY,SURREY,\N,Y,Y,N,LOWER MAINLAND,UNKNOWN,160 STREET,160 STREET,12:00-14:59,1,0
N,PROPERTY DAMAGE ONLY,244 ST,N,2023,SATURDAY,UNDETERMINED,N,Y,49.107533,-122.548321,N,DECEMBER,N,LANGLEY,LANGLEY,LANGLEY,N,N,N,LOWER MAINLAND,244 ST & 58 AVE,58 AVE,58 AVE,12:00-14:59,1,0
N,PROPERTY DAMAGE ONLY,24TH AVE,N,2023,SATURDAY,REAR END,N,N,\N,\N,N,DECEMBER,N,NORTH VANCOUVER,NORTH VANCOUVER,\N,N,N,N,LOWER MAINLAND,UNKNOWN,LONSDALE AVE,LONSDALE AVE,12:00-14:59,1,0
N,PROPERTY DAMAGE ONLY,26 AVE,N,2023,SATURDAY,REAR END,N,Y,49.04931,-122.735303,N,DECEMBER,N,SURREY,SURREY,SURREY,N,N,N,LOWER MAINLAND,176 ST & 26 AVE,176 ST,176 ST,12:00-14:59,1,0
N,PROPERTY DAMAGE ONLY,26 AVE,N,2023,SATURDAY,UNDETERMINED,N,Y,49.049203,-122.790202,N,DECEMBER,N,SURREY,SURREY,SURREY,N,N,N,LOWER MAINLAND,156 ST & 26 AVE & CRANLEY DR,156 ST,156 ST,12:00-14:59,1,0
N,PROPERTY DAMAGE ONLY,264 ST,N,2023,SATURDAY,CONFLICTED,N,Y,49.060317,-122.492704,N,DECEMBER,N,LANGLEY,LANGLEY,LANGLEY,N,N,N,LOWER MAINLAND,264 ST & 32 AVE,32 AVE,32 AVE,12:00-14:59,1,0
N,PROPERTY DAMAGE ONLY,28 AVE,N,2023,SATURDAY,CONFLICTED,N,Y,49.052807,-122.779213,N,DECEMBER,N,SURREY,SURREY,SURREY,N,N,N,LOWER MAINLAND,160 ST & 28 AVE,160 ST,160 ST,12:00-14:59,1,0
N,PROPERTY DAMAGE ONLY,29 ST,N,2023,SATURDAY,REAR END,N,Y,50.274744,-119.269988,N,DECEMBER,N,VERNON,VERNON,VERNON,N,N,N,SOUTHERN INTERIOR,29 ST & 43 AVE,43 AVE,43 AVE,12:00-14:59,1,0
N,PROPERTY DAMAGE ONLY,32 AVE,N,2023,SATURDAY,CONFLICTED,N,Y,49.060212,-122.814759,N,DECEMBER,N,SURREY,SURREY,SURREY,Y,N,N,LOWER MAINLAND,147 ST & 32 AVE,147 ST,147 ST,12:00-14:59,1,0
N,PROPERTY DAMAGE ONLY,32 AVE,N,2023,SATURDAY,REAR END,N,Y,49.05882,-122.80993,N,DECEMBER,N,SURREY,SURREY,SURREY,N,N,N,LOWER MAINLAND,148 ST & 32 AVE DIVERSION & KING GEORGE BLVD & TURNING LANE,KING GEORGE BLVD,KING GEORGE BLVD,12:00-14:59,1,0
N,PROPERTY DAMAGE ONLY,32 AVE,N,2023,SATURDAY,REAR END,N,Y,49.060147,-122.735396,N,DECEMBER,N,SURREY,SURREY,SURREY,N,N,N,LOWER MAINLAND,176 ST & 32 AVE & TURNING LANE,176 ST,176 ST,12:00-14:59,1,0
N,PROPERTY DAMAGE ONLY,32 AVE,N,2023,SATURDAY,REAR END,N,Y,49.061285,-122.805074,N,DECEMBER,N,SURREY,SURREY,SURREY,N,N,N,LOWER MAINLAND,32 AVE DIVERSION & 32 AVE DIVERSION OFFRAMP & 32 AVE DIVERSION ONRAMP & 32 AVE OFFRAMP & 32 AVE ONRAMP & HWY 99,HWY 99,HWY 99,12:00-14:59,1,0
N,PROPERTY DAMAGE ONLY,32 AVE,N,2023,SATURDAY,SINGLE VEHICLE,N,Y,49.060161,-122.713453,N,DECEMBER,N,SURREY,SURREY,SURREY,N,N,N,LOWER MAINLAND,184 ST & 32 AVE,184 ST,184 ST,12:00-14:59,1,0
N,PROPERTY DAMAGE ONLY,35 AVE,N,2023,SATURDAY,SIDE IMPACT,N,Y,50.267391,-119.273776,N,DECEMBER,N,VERNON,VERNON,VERNON,N,N,N,SOUTHERN INTERIOR,32 ST & 35 AVE,32 ST,32 ST,12:00-14:59,1,0
N,PROPERTY DAMAGE ONLY,4 ST NE,N,2023,SATURDAY,SIDE IMPACT,N,Y,50.701927,-119.279263,N,DECEMBER,N,SALMON ARM,SALMON ARM,SALMON ARM,N,N,N,SOUTHERN INTERIOR,4 ST NE & TRANS-CANADA HWY NE,HWY 1,HWY 1,12:00-14:59,1,0
N,PROPERTY DAMAGE ONLY,40 AVE,N,2023,SATURDAY,REAR END,N,Y,49.074652,-122.801145,N,DECEMBER,N,SURREY,SURREY,SURREY,N,N,N,LOWER MAINLAND,152 ST & 40 AVE & TURNING LANE,152 ST,152 ST,12:00-14:59,1,0
N,PROPERTY DAMAGE ONLY,40 AVE,N,2023,SATURDAY,REAR END,N,Y,49.074893,-122.624723,N,DECEMBER,N,LANGLEY,LANGLEY,LANGLEY,N,N,N,LOWER MAINLAND,216 ST & 40 AVE,216 ST,216 ST,12:00-14:59,1,0
N,PROPERTY DAMAGE ONLY,40 AVE,N,2023,SATURDAY,SIDE IMPACT,N,Y,49.074659,-122.653673,N,DECEMBER,N,LANGLEY,LANGLEY,LANGLEY,N,N,N,LOWER MAINLAND,205B ST & 40 AVE,205B ST,205B ST,12:00-14:59,1,0
N,PROPERTY DAMAGE ONLY,40 AVE,N,2023,SATURDAY,UNDETERMINED,N,Y,49.074652,-122.801145,N,DECEMBER,N,SURREY,SURREY,SURREY,N,N,N,LOWER MAINLAND,152 ST & 40 AVE & TURNING LANE,152 ST,152 ST,12:00-14:59,1,0
N,PROPERTY DAMAGE ONLY,5 AVE SW,N,2023,SATURDAY,CONFLICTED,N,Y,50.696246,-119.285134,N,DECEMBER,N,SALMON ARM,SALMON ARM,SALMON ARM,N,N,N,SOUTHERN INTERIOR,5 AVE SE & 5 AVE SW & SHUSWAP ST SE & SHUSWAP ST SW,SHUSWAP ST SW,SHUSWAP ST SW,12:00-14:59,1,0
N,PROPERTY DAMAGE ONLY,5 ST SE,N,2023,SATURDAY,SINGLE VEHICLE,N,Y,50.692766,-119.279419,N,DECEMBER,N,SALMON ARM,SALMON ARM,SALMON ARM,N,N,N,SOUTHERN INTERIOR,10 AVE SE & 5 ST SE,10 AVE SE,10 AVE SE,12:00-14:59,1,0
N,PROPERTY DAMAGE ONLY,56 AVE,N,2023,SATURDAY,SINGLE VEHICLE,N,Y,49.104475,-122.604319,N,DECEMBER,N,LANGLEY,LANGLEY,LANGLEY,N,N,N,LOWER MAINLAND,224 ST & 56 AVE,224 ST,224 ST,12:00-14:59,1,0
N,PROPERTY DAMAGE ONLY,58 AVE,N,2023,SATURDAY,SIDE IMPACT,N,Y,49.108264,-122.812279,N,DECEMBER,N,SURREY,SURREY,SURREY,Y,Y,N,LOWER MAINLAND,148 ST & 58 AVE,148 ST,148 ST,12:00-14:59,1,0
N,PROPERTY DAMAGE ONLY,5TH ST SE,N,2023,SATURDAY,SINGLE VEHICLE,N,N,\N,\N,N,DECEMBER,N,SALMON ARM,SALMON ARM,\N,N,N,N,SOUTHERN INTERIOR,UNKNOWN,AUTO ROAD,AUTO ROAD,12:00-14:59,1,0
N,PROPERTY DAMAGE ONLY,60 AVE,N,2023,SATURDAY,SIDE SWIPE - OPPOSITE DIRECTION,N,Y,49.111815,-122.823342,N,DECEMBER,N,SURREY,SURREY,SURREY,N,N,N,LOWER MAINLAND,144 ST & 60 AVE,144 ST,144 ST,12:00-14:59,1,0
N,PROPERTY DAMAGE ONLY,60 AVE,N,2023,SATURDAY,UNDETERMINED,N,Y,49.111815,-122.823342,N,DECEMBER,N,SURREY,SURREY,SURREY,N,N,N,LOWER MAINLAND,144 ST & 60 AVE,144 ST,144 ST,12:00-14:59,1,0
N,PROPERTY DAMAGE ONLY,62 AVE,N,2023,SATURDAY,REAR END,N,Y,49.115224,-122.663119,N,DECEMBER,N,LANGLEY,LANGLEY,LANGLEY,N,N,N,LOWER MAINLAND,202 ST & 62 AVE,202 ST,202 ST,12:00-14:59,1,0
N,PROPERTY DAMAGE ONLY,62 AVE,N,2023,SATURDAY,REAR END,N,Y,49.115382,-122.856565,N,DECEMBER,N,SURREY,SURREY,SURREY,N,N,N,LOWER MAINLAND,132 ST & 62 AVE,132 ST,132 ST,12:00-14:59,1,0
N,PROPERTY DAMAGE ONLY,62 AVE,N,2023,SATURDAY,SIDE SWIPE - OPPOSITE DIRECTION,N,Y,49.115424,-122.812252,N,DECEMBER,N,SURREY,SURREY,SURREY,N,N,N,LOWER MAINLAND,148 ST & 62 AVE,148 ST,148 ST,12:00-14:59,1,0
N,PROPERTY DAMAGE ONLY,64 AVE,N,2023,SATURDAY,REAR END,N,Y,49.118684,-122.654322,N,DECEMBER,N,LANGLEY,LANGLEY,LANGLEY,N,N,N,LOWER MAINLAND,204 ST & 64 AVE & MUFFORD CRES & WILLOWBROOK CONN & TURNING LANE,204 ST,204 ST,12:00-14:59,1,0
N,PROPERTY DAMAGE ONLY,64 AVE,N,2023,SATURDAY,REAR END,N,Y,49.119119,-122.867841,N,DECEMBER,N,SURREY,SURREY,SURREY,N,N,N,LOWER MAINLAND,128 ST & 64 AVE,128 ST,128 ST,12:00-14:59,1,0
N,PROPERTY DAMAGE ONLY,7 AVE S,N,2023,SATURDAY,SINGLE VEHICLE,N,N,\N,\N,N,DECEMBER,N,CRESTON,CRESTON,\N,N,N,N,SOUTHERN INTERIOR,UNKNOWN,DUGAN ST,DUGAN ST,12:00-14:59,1,0
N,PROPERTY DAMAGE ONLY,71A AVE,N,2023,SATURDAY,SIDE SWIPE - SAME DIRECTION,N,Y,49.132229,-122.833069,N,DECEMBER,N,SURREY,SURREY,SURREY,N,N,N,LOWER MAINLAND,140A ST & 71A AVE,140A ST,140A ST,12:00-14:59,1,0
N,PROPERTY DAMAGE ONLY,72 AVE,N,2023,SATURDAY,REAR END,N,Y,49.13352,-122.668321,N,DECEMBER,N,LANGLEY,LANGLEY,LANGLEY,N,N,N,LOWER MAINLAND,200 ST & 72 AVE,200 ST,200 ST,12:00-14:59,1,0
N,PROPERTY DAMAGE ONLY,72 AVE,N,2023,SATURDAY,REAR END,N,Y,49.133924,-122.879111,N,DECEMBER,N,SURREY,SURREY,SURREY,N,N,N,LOWER MAINLAND,124 ST & 72 AVE,124 ST,124 ST,12:00-14:59,1,0
N,PROPERTY DAMAGE ONLY,72 AVE,N,2023,SATURDAY,SIDE IMPACT,N,Y,49.1337,-122.856661,N,DECEMBER,N,SURREY,SURREY,SURREY,N,N,N,LOWER MAINLAND,132 ST & 72 AVE,132 ST,132 ST,12:00-14:59,1,0
N,PROPERTY DAMAGE ONLY,72 AVE,N,2023,SATURDAY,SIDE SWIPE - OPPOSITE DIRECTION,N,Y,49.133499,-122.701653,N,DECEMBER,N,SURREY,SURREY,SURREY,N,N,N,LOWER MAINLAND,188 ST & 72 AVE,188 ST,188 ST,12:00-14:59,1,0
N,PROPERTY DAMAGE ONLY,72 AVE,N,2023,SATURDAY,SINGLE VEHICLE,N,Y,49.133543,-122.8428,N,DECEMBER,N,SURREY,SURREY,SURREY,N,N,N,LOWER MAINLAND,137 ST & 72 AVE,137 ST,137 ST,12:00-14:59,1,0
N,PROPERTY DAMAGE ONLY,72 AVE,N,2023,SATURDAY,UNDETERMINED,N,Y,49.13352,-122.668321,N,DECEMBER,N,LANGLEY,LANGLEY,LANGLEY,N,N,N,LOWER MAINLAND,200 ST & 72 AVE,200 ST,200 ST,12:00-14:59,1,0
N,PROPERTY DAMAGE ONLY,74 AVE,N,2023,SATURDAY,REAR END,N,Y,49.13718,-122.845616,N,DECEMBER,N,SURREY,SURREY,SURREY,N,N,N,LOWER MAINLAND,74 AVE & KING GEORGE BLVD & TURNING LANE,KING GEORGE BLVD,KING GEORGE BLVD,12:00-14:59,1,0
N,PROPERTY DAMAGE ONLY,75A AVE,N,2023,SATURDAY,REAR END,N,Y,49.140178,-122.890375,N,DECEMBER,N,DELTA,DELTA,DELTA & SURREY,N,N,N,LOWER MAINLAND,120 ST & 75A AVE,120 ST,120 ST,12:00-14:59,1,0
N,PROPERTY DAMAGE ONLY,76 AVE,N,2023,SATURDAY,REAR END,N,Y,49.141025,-122.867918,N,DECEMBER,N,SURREY,SURREY,SURREY,N,N,N,LOWER MAINLAND,128 ST & 76 AVE,128 ST,128 ST,12:00-14:59,1,0
N,PROPERTY DAMAGE ONLY,76A AVE,N,2023,SATURDAY,REAR END,N,Y,49.142277,-122.888908,N,DECEMBER,N,SURREY,SURREY,SURREY,N,N,N,LOWER MAINLAND,120A ST & 76A AVE,120A ST,120A ST,12:00-14:59,1,0
N,PROPERTY DAMAGE ONLY,78 AVE,N,2023,SATURDAY,REAR END,N,Y,49.144561,-122.834546,N,DECEMBER,N,SURREY,SURREY,SURREY,N,N,N,LOWER MAINLAND,140 ST & 78 AVE,140 ST,140 ST,12:00-14:59,1,0
N,PROPERTY DAMAGE ONLY,7TH ST,N,2023,SATURDAY,REAR END,N,Y,49.507025,-115.065436,N,DECEMBER,N,FERNIE,FERNIE,FERNIE,N,N,N,SOUTHERN INTERIOR,7TH ST & HWY 3,HWY 3,HWY 3,12:00-14:59,1,0
N,PROPERTY DAMAGE ONLY,80 AVE,N,2023,SATURDAY,REAR END,N,Y,49.148176,-122.661374,N,DECEMBER,N,LANGLEY,LANGLEY,LANGLEY,N,N,N,LOWER MAINLAND,202A ST & 80 AVE,202A ST,202A ST,12:00-14:59,1,0
N,PROPERTY DAMAGE ONLY,82 AVE,N,2023,SATURDAY,SIDE IMPACT,N,Y,49.152217,-122.901477,N,DECEMBER,N,DELTA,DELTA,DELTA,N,N,N,LOWER MAINLAND,116 ST & 82 AVE,116 ST,116 ST,12:00-14:59,1,0
N,PROPERTY DAMAGE ONLY,84 AVE,N,2023,SATURDAY,REAR END,N,Y,49.155496,-122.790141,N,DECEMBER,N,SURREY,SURREY,SURREY,N,N,N,LOWER MAINLAND,156 ST & 84 AVE,156 ST,156 ST,12:00-14:59,1,0
N,PROPERTY DAMAGE ONLY,85 AVE,N,2023,SATURDAY,SIDE SWIPE - SAME DIRECTION,Y,Y,49.157419,-122.890372,N,DECEMBER,N,DELTA,DELTA,DELTA & SURREY,N,N,N,LOWER MAINLAND,120 ST & 85 AVE,120 ST,120 ST,12:00-14:59,1,0
N,PROPERTY DAMAGE ONLY,86 AVE,N,2023,SATURDAY,UNDETERMINED,N,Y,49.158947,-122.868015,N,DECEMBER,N,SURREY,SURREY,SURREY,N,N,N,LOWER MAINLAND,128 ST & 86 AVE,128 ST,128 ST,12:00-14:59,1,0
N,PROPERTY DAMAGE ONLY,88 AVE,N,2023,SATURDAY,REAR END,N,Y,49.162744,-122.645797,N,DECEMBER,N,LANGLEY,LANGLEY,LANGLEY,N,N,N,LOWER MAINLAND,208 ST & 88 AVE & TURNING LANE,208 ST,208 ST,12:00-14:59,1,0
N,PROPERTY DAMAGE ONLY,88 AVE,N,2023,SATURDAY,REAR END,N,Y,49.163208,-122.890341,N,DECEMBER,N,DELTA,DELTA,DELTA & SURREY,N,N,N,LOWER MAINLAND,120 ST & 88 AVE,120 ST,120 ST,12:00-14:59,1,0
N,PROPERTY DAMAGE ONLY,88 AVE,N,2023,SATURDAY,UNDETERMINED,N,Y,49.162818,-122.884839,N,DECEMBER,N,SURREY,SURREY,SURREY,N,N,N,LOWER MAINLAND,88 AVE & NORDEL WAY,NORDEL WAY,NORDEL WAY,12:00-14:59,1,0
N,PROPERTY DAMAGE ONLY,96 AVE,N,2023,SATURDAY,REAR END,N,Y,49.176959,-122.669433,N,DECEMBER,N,LANGLEY,LANGLEY,LANGLEY,N,N,N,LOWER MAINLAND,199A ST & 200 ST & 96 AVE,200 ST,200 ST,12:00-14:59,1,0
N,PROPERTY DAMAGE ONLY,ABBOTT ST,N,2023,SATURDAY,UNDETERMINED,N,Y,49.282927,-123.106793,N,DECEMBER,N,VANCOUVER,VANCOUVER,VANCOUVER,Y,N,N,LOWER MAINLAND,ABBOTT ST & W CORDOVA ST,W CORDOVA ST,W CORDOVA ST,12:00-14:59,1,0
N,PROPERTY DAMAGE ONLY,ACADIA ST,N,2023,SATURDAY,SIDE IMPACT,N,Y,49.220537,-122.615567,N,DECEMBER,N,MAPLE RIDGE,MAPLE RIDGE,MAPLE RIDGE,Y,N,N,LOWER MAINLAND,ACADIA ST & DEWDNEY TRUNK RD,DEWDNEY TRUNK RD,DEWDNEY TRUNK RD,12:00-14:59,1,0
N,PROPERTY DAMAGE ONLY,ADAMS RD,N,2023,SATURDAY,SINGLE VEHICLE,N,Y,49.129934,-122.006755,N,DECEMBER,N,CHILLIWACK,CHILLIWACK,CHILLIWACK,N,N,N,LOWER MAINLAND,ADAMS RD & LICKMAN RD,LICKMAN RD,LICKMAN RD,12:00-14:59,1,0
N,PROPERTY DAMAGE ONLY,ALDERBRIDGE WAY,N,2023,SATURDAY,REAR END,N,Y,49.177122,-123.102929,N,DECEMBER,N,RICHMOND,RICHMOND,RICHMOND,N,N,N,LOWER MAINLAND,ALDERBRIDGE WAY & HWY 91 & SHELL RD & TURNING LANE,SHELL RD,SHELL RD,12:00-14:59,1,0
N,PROPERTY DAMAGE ONLY,ALEXANDRA RD,N,2023,SATURDAY,SIDE SWIPE - OPPOSITE DIRECTION,N,Y,49.178328,-123.128716,N,DECEMBER,N,RICHMOND,RICHMOND,RICHMOND,N,N,N,LOWER MAINLAND,ALEXANDRA RD & KWANTLEN ST,KWANTLEN ST,KWANTLEN ST,12:00-14:59,1,0
N,PROPERTY DAMAGE ONLY,ALMA ST,N,2023,SATURDAY,UNDETERMINED,N,Y,49.26437,-123.185879,N,DECEMBER,N,VANCOUVER,VANCOUVER,VANCOUVER,Y,N,N,LOWER MAINLAND,ALMA ST & W BROADWAY,W BROADWAY,W BROADWAY,12:00-14:59,1,0
N,PROPERTY DAMAGE ONLY,BALACLAVA ST,N,2023,SATURDAY,SIDE IMPACT,N,Y,49.264173,-123.173993,N,DECEMBER,N,VANCOUVER,VANCOUVER,VANCOUVER,N,N,N,LOWER MAINLAND,BALACLAVA ST & W BROADWAY,W BROADWAY,W BROADWAY,12:00-14:59,1,0
N,PROPERTY DAMAGE ONLY,BANKS RD,N,2023,SATURDAY,REAR END,N,Y,49.886218,-119.425379,N,DECEMBER,N,KELOWNA,KELOWNA,KELOWNA,N,N,N,SOUTHERN INTERIOR,BANKS RD & HWY 97 N & TURNING LANE,HWY 97,HWY 97,12:00-14:59,1,0
N,PROPERTY DAMAGE ONLY,BELLEVUE AVE,N,2023,SATURDAY,SIDE IMPACT,N,Y,49.333162,-123.179312,N,DECEMBER,N,WEST VANCOUVER,WEST VANCOUVER,WEST VANCOUVER,N,N,N,LOWER MAINLAND,24TH ST & BELLEVUE AVE,24TH ST,24TH ST,12:00-14:59,1,0
N,PROPERTY DAMAGE ONLY,BERTRAM ST,N,2023,SATURDAY,SIDE IMPACT,N,Y,49.888974,-119.490152,N,DECEMBER,N,KELOWNA,KELOWNA,KELOWNA,N,N,N,SOUTHERN INTERIOR,BERTRAM ST & DOYLE AVE,DOYLE AVE,DOYLE AVE,12:00-14:59,1,0
N,PROPERTY DAMAGE ONLY,BLUNDELL RD,N,2023,SATURDAY,SIDE IMPACT,N,Y,49.155579,-123.15893,N,DECEMBER,N,RICHMOND,RICHMOND,RICHMOND,Y,Y,N,LOWER MAINLAND,BLUNDELL RD & NO 2 RD,NO 2 RD,NO 2 RD,12:00-14:59,1,0
N,PROPERTY DAMAGE ONLY,BLUNDELL RD,N,2023,SATURDAY,SIDE IMPACT,N,Y,49.155594,-123.149918,N,DECEMBER,N,RICHMOND,RICHMOND,RICHMOND,N,N,N,LOWER MAINLAND,BLUNDELL RD & MINLER RD,MINLER RD,MINLER RD,12:00-14:59,1,0
N,PROPERTY DAMAGE ONLY,BLUNDELL RD,N,2023,SATURDAY,UNDETERMINED,N,Y,49.155579,-123.15893,N,DECEMBER,N,RICHMOND,RICHMOND,RICHMOND,Y,Y,N,LOWER MAINLAND,BLUNDELL RD & NO 2 RD,NO 2 RD,NO 2 RD,12:00-14:59,1,0
N,PROPERTY DAMAGE ONLY,BOLEY ST,N,2023,SATURDAY,UNDETERMINED,N,Y,49.041082,-122.233046,N,DECEMBER,N,ABBOTSFORD,ABBOTSFORD,ABBOTSFORD,Y,N,N,LOWER MAINLAND,BOLEY ST & CANTERBURY AVE,CANTERBURY AVE,CANTERBURY AVE,12:00-14:59,1,0
N,PROPERTY DAMAGE ONLY,BOLTON RD,N,2023,SATURDAY,SIDE IMPACT,N,Y,50.773194,-119.343646,N,DECEMBER,N,TAPPEN,TAPPEN,TAPPEN,N,N,N,SOUTHERN INTERIOR,BOLTON RD & KAULT HILL RD,KAULT HILL RD,KAULT HILL RD,12:00-14:59,1,0
N,PROPERTY DAMAGE ONLY,BOND ST,N,2023,SATURDAY,UNDETERMINED,N,Y,49.23537,-123.00337,N,DECEMBER,N,BURNABY,BURNABY,BURNABY,N,N,N,LOWER MAINLAND,BOND ST & WILLINGDON AVE,WILLINGDON AVE,WILLINGDON AVE,12:00-14:59,2,0
N,PROPERTY DAMAGE ONLY,BOUNDARY RD,N,2023,SATURDAY,CONFLICTED,N,Y,49.232291,-123.023537,N,DECEMBER,N,BURNABY,BURNABY,BURNABY & VANCOUVER,N,N,N,LOWER MAINLAND,BOUNDARY RD & KINGSWAY & TURNING LANE,KINGSWAY,KINGSWAY,12:00-14:59,1,0
N,PROPERTY DAMAGE ONLY,BOUNDARY RD,N,2023,SATURDAY,SIDE IMPACT,Y,Y,53.855834,-122.714305,N,DECEMBER,N,PRINCE GEORGE,PRINCE GEORGE,PRINCE GEORGE,N,N,N,NORTH CENTRAL,BOUNDARY RD & HWY 97 S & HWY 97 S FRTG & TURNING LANE,HWY 97,HWY 97,12:00-14:59,1,0
N,PROPERTY DAMAGE ONLY,BOWEN RD,N,2023,SATURDAY,REAR END,N,Y,49.204412,-124.001501,N,DECEMBER,N,NANAIMO,NANAIMO,NANAIMO,N,N,N,VANCOUVER ISLAND,BOWEN RD & E AND N TRAIL & ISLAND HWY N & NORWELL DR & TURNING LANE,ISLAND HWY N,ISLAND HWY N,12:00-14:59,1,0
N,PROPERTY DAMAGE ONLY,BOWEN RD,N,2023,SATURDAY,SIDE SWIPE - SAME DIRECTION,N,Y,49.171948,-123.957837,N,DECEMBER,N,NANAIMO,NANAIMO,NANAIMO,Y,N,N,VANCOUVER ISLAND,BOWEN RD & DORIC AVE,DORIC AVE,DORIC AVE,12:00-14:59,1,0
N,PROPERTY DAMAGE ONLY,BOYS RD,N,2023,SATURDAY,REAR END,N,Y,48.769611,-123.698803,N,DECEMBER,N,DUNCAN,DUNCAN,DUNCAN,N,N,N,VANCOUVER ISLAND,BOYS RD & JACOB RD & TRANS-CANADA HWY & TURNING LANE,TRANS-CANADA HWY,TRANS-CANADA HWY,12:00-14:59,1,0
N,PROPERTY DAMAGE ONLY,BRADNER RD,N,2023,SATURDAY,REAR END,N,Y,49.075275,-122.426554,N,DECEMBER,N,ABBOTSFORD,ABBOTSFORD,ABBOTSFORD,N,N,N,LOWER MAINLAND,BRADNER RD & TRANS-CANADA HWY,HWY 1,HWY 1,12:00-14:59,1,0
N,PROPERTY DAMAGE ONLY,BRADNER RD,N,2023,SATURDAY,SINGLE VEHICLE,N,Y,49.01676,-122.426517,N,DECEMBER,N,ABBOTSFORD,ABBOTSFORD,ABBOTSFORD,N,N,N,LOWER MAINLAND,BRADNER RD & HUNTINGDON RD,HUNTINGDON RD,HUNTINGDON RD,12:00-14:59,1,0
N,PROPERTY DAMAGE ONLY,BRAEFOOT ST,N,2023,SATURDAY,CONFLICTED,N,N,\N,\N,N,DECEMBER,N,VICTORIA,VICTORIA,\N,N,N,N,VANCOUVER ISLAND,UNKNOWN,MCKENZIE ST,MCKENZIE ST,12:00-14:59,1,0
N,PROPERTY DAMAGE ONLY,BRANTFORD,N,2023,SATURDAY,REAR END,N,N,\N,\N,N,DECEMBER,N,NEW WESTMINSTER,NEW WESTMINSTER,\N,N,N,N,LOWER MAINLAND,UNKNOWN,6 ST,6 ST,12:00-14:59,1,0
N,PROPERTY DAMAGE ONLY,BROUGHTON ST,N,2023,SATURDAY,UNDETERMINED,N,Y,49.289568,-123.127447,N,DECEMBER,N,VANCOUVER,VANCOUVER,VANCOUVER,N,N,N,LOWER MAINLAND,BROUGHTON ST & W PENDER ST,W PENDER ST,W PENDER ST,12:00-14:59,1,0
N,PROPERTY DAMAGE ONLY,BRUNETTE AVE,N,2023,SATURDAY,REAR END,N,Y,49.234521,-122.878438,N,DECEMBER,N,COQUITLAM,COQUITLAM,COQUITLAM & NEW WESTMINSTER,N,N,N,LOWER MAINLAND,BRUNETTE AVE & BRUNETTE AVE OFFRAMP & BRUNETTE AVE ONRAMP & TRANS-CANADA HWY,HWY 1,HWY 1,12:00-14:59,1,0
N,PROPERTY DAMAGE ONLY,BRUNETTE AVE,N,2023,SATURDAY,UNDETERMINED,N,Y,49.235393,-122.875852,N,DECEMBER,N,COQUITLAM,COQUITLAM,COQUITLAM,N,N,N,LOWER MAINLAND,BERNATCHEY ST & BRUNETTE AVE,BERNATCHEY ST,BERNATCHEY ST,12:00-14:59,1,0
N,PROPERTY DAMAGE ONLY,BURRARD ST,N,2023,SATURDAY,SIDE IMPACT,N,Y,49.279077,-123.129182,N,DECEMBER,N,VANCOUVER,VANCOUVER,VANCOUVER,N,N,N,LOWER MAINLAND,BURRARD ST & DAVIE ST,DAVIE ST,DAVIE ST,12:00-14:59,1,0
N,PROPERTY DAMAGE ONLY,BUSWELL ST,N,2023,SATURDAY,SIDE IMPACT,N,Y,49.16471,-123.133718,N,DECEMBER,N,RICHMOND,RICHMOND,RICHMOND,Y,N,N,LOWER MAINLAND,BUSWELL ST & PARK RD,PARK RD,PARK RD,12:00-14:59,1,0
N,PROPERTY DAMAGE ONLY,CANYON HOT SPRING RESORT,N,2023,SATURDAY,UNDETERMINED,N,N,\N,\N,N,DECEMBER,N,REVELSTOKE,REVELSTOKE,\N,N,N,N,SOUTHERN INTERIOR,UNKNOWN,TRANS-CANADA HWY,TRANS-CANADA HWY,12:00-14:59,1,0
N,PROPERTY DAMAGE ONLY,CARDERO ST,N,2023,SATURDAY,UNDETERMINED,N,Y,49.290575,-123.130597,N,DECEMBER,N,VANCOUVER,VANCOUVER,VANCOUVER,N,N,N,LOWER MAINLAND,CARDERO ST & W GEORGIA ST & W PENDER ST,W GEORGIA ST,W GEORGIA ST,12:00-14:59,1,0
N,PROPERTY DAMAGE ONLY,CARIBOO RD UNDRPASS,N,2023,SATURDAY,SINGLE VEHICLE,N,N,\N,\N,N,DECEMBER,N,BURNABY,BURNABY,\N,N,N,N,LOWER MAINLAND,UNKNOWN,HWY 1,HWY 1,12:00-14:59,1,0
N,PROPERTY DAMAGE ONLY,CENTRAL AVE,N,2023,SATURDAY,UNDETERMINED,N,Y,49.033555,-118.438901,N,DECEMBER,N,GRAND FORKS,GRAND FORKS,GRAND FORKS,Y,Y,N,SOUTHERN INTERIOR,3RD ST & CENTRAL AVE,3RD ST,3RD ST,12:00-14:59,1,0
N,PROPERTY DAMAGE ONLY,CHANNEL PKY,N,2023,SATURDAY,REAR END,N,Y,49.47213,-119.595518,N,DECEMBER,N,PENTICTON,PENTICTON,PENTICTON,N,N,N,SOUTHERN INTERIOR,CHANNEL PKY & WARREN AVE W,WARREN AVE W,WARREN AVE W,12:00-14:59,1,0
N,PROPERTY DAMAGE ONLY,CHILLIWACK MOUNTAIN RD,N,2023,SATURDAY,SINGLE VEHICLE,N,Y,49.161721,-122.011244,N,DECEMBER,N,CHILLIWACK,CHILLIWACK,CHILLIWACK,N,N,N,LOWER MAINLAND,CHILLIWACK MOUNTAIN RD & GRAND VIEW DR,GRAND VIEW DR,GRAND VIEW DR,12:00-14:59,1,0
N,PROPERTY DAMAGE ONLY,CLEARBROOK RD,N,2023,SATURDAY,REAR END,N,Y,49.063861,-122.33804,N,DECEMBER,N,ABBOTSFORD,ABBOTSFORD,ABBOTSFORD,N,N,N,LOWER MAINLAND,BALFOUR DR & CLEARBROOK RD,BALFOUR DR,BALFOUR DR,12:00-14:59,1,0
N,PROPERTY DAMAGE ONLY,CLOVERDALE AVE,N,2023,SATURDAY,SIDE SWIPE - SAME DIRECTION,Y,Y,48.455721,-123.35945,N,DECEMBER,N,SAANICH,SAANICH,SAANICH,N,N,N,VANCOUVER ISLAND,CLOVERDALE AVE & COOK ST & QUADRA ST,QUADRA ST,QUADRA ST,12:00-14:59,1,0
N,PROPERTY DAMAGE ONLY,COLUMBIA ST,N,2023,SATURDAY,UNDETERMINED,Y,Y,49.281401,-123.102263,N,DECEMBER,N,VANCOUVER,VANCOUVER,VANCOUVER,N,N,N,LOWER MAINLAND,COLUMBIA ST & E HASTINGS ST,E HASTINGS ST,E HASTINGS ST,12:00-14:59,1,0
N,PROPERTY DAMAGE ONLY,COOK RD,N,2023,SATURDAY,SINGLE VEHICLE,N,Y,49.845722,-119.487631,N,DECEMBER,N,KELOWNA,KELOWNA,KELOWNA,N,N,N,SOUTHERN INTERIOR,COOK RD & LAKESHORE RD,LAKESHORE RD,LAKESHORE RD,12:00-14:59,1,0
N,PROPERTY DAMAGE ONLY,COPPER RIDGE DR,N,2023,SATURDAY,SIDE IMPACT,N,Y,49.162316,-122.012229,N,DECEMBER,N,CHILLIWACK,CHILLIWACK,CHILLIWACK,N,N,N,LOWER MAINLAND,CHILLIWACK MOUNTAIN RD & COPPER RIDGE DR,CHILLIWACK MOUNTAIN RD,CHILLIWACK MOUNTAIN RD,12:00-14:59,1,0
N,PROPERTY DAMAGE ONLY,COWICHAN AVE W,N,2023,SATURDAY,UNDETERMINED,N,Y,48.822618,-124.052807,N,DECEMBER,N,LAKE COWICHAN,LAKE COWICHAN,LAKE COWICHAN,N,N,N,VANCOUVER ISLAND,COWICHAN AVE E & COWICHAN AVE W & KING GEORGE ST S & SAHTLAM AVE E,KING GEORGE ST S,KING GEORGE ST S,12:00-14:59,1,0
N,PROPERTY DAMAGE ONLY,COYLE ST,N,2023,SATURDAY,SIDE IMPACT,N,Y,53.897443,-122.793484,N,DECEMBER,N,PRINCE GEORGE,PRINCE GEORGE,PRINCE GEORGE,Y,Y,N,NORTH CENTRAL,COYLE ST & FOOT ST & MASSEY DR,MASSEY DR,MASSEY DR,12:00-14:59,1,0
N,PROPERTY DAMAGE ONLY,CROSS CREEK RD,N,2023,SATURDAY,SINGLE VEHICLE,N,Y,49.343007,-123.155589,N,DECEMBER,N,WEST VANCOUVER,WEST VANCOUVER,WEST VANCOUVER,N,N,N,LOWER MAINLAND,15TH ST & 15TH ST OFFRAMP & 15TH ST ONRAMP & CROSS CREEK RD & CROSS CREEK RD OFFRAMP & CROSS CREEK RD ONRAMP & TRANS-CANADA HWY,HWY 99,HWY 99,12:00-14:59,1,0
N,PROPERTY DAMAGE ONLY,DAVID AVE,N,2023,SATURDAY,REAR END,N,Y,49.295482,-122.801859,N,DECEMBER,N,COQUITLAM,COQUITLAM,COQUITLAM,N,N,N,LOWER MAINLAND,DAVID AVE & JOHNSON ST & TURNING LANE,JOHNSON ST,JOHNSON ST,12:00-14:59,1,0
N,PROPERTY DAMAGE ONLY,DAVIE ST,N,2023,SATURDAY,SIDE IMPACT,N,Y,49.279077,-123.129182,N,DECEMBER,N,VANCOUVER,VANCOUVER,VANCOUVER,N,N,N,LOWER MAINLAND,BURRARD ST & DAVIE ST,BURRARD ST,BURRARD ST,12:00-14:59,2,0
N,PROPERTY DAMAGE ONLY,DILWORTH DR,N,2023,SATURDAY,UNDETERMINED,N,Y,49.883241,-119.437713,N,DECEMBER,N,KELOWNA,KELOWNA,KELOWNA,N,N,N,SOUTHERN INTERIOR,DILWORTH DR & ENTERPRISE WAY & TURNING LANE,ENTERPRISE WAY,ENTERPRISE WAY,12:00-14:59,1,0
N,PROPERTY DAMAGE ONLY,DIRKSEN RD,N,2023,SATURDAY,UNDETERMINED,N,Y,49.170259,-123.846785,N,DECEMBER,N,GABRIOLA ISLAND,GABRIOLA ISLAND,GABRIOLA ISLAND,Y,N,N,VANCOUVER ISLAND,DIRKSEN RD & SOUTH RD,SOUTH RD,SOUTH RD,12:00-14:59,1,0
N,PROPERTY DAMAGE ONLY,DOMINION AVE,N,2023,SATURDAY,SIDE IMPACT,N,Y,49.258378,-122.746596,N,DECEMBER,N,PORT COQUITLAM,PORT COQUITLAM,PORT COQUITLAM,N,N,N,LOWER MAINLAND,DOMINION AVE & OTTAWA ST,OTTAWA ST,OTTAWA ST,12:00-14:59,1,0
N,PROPERTY DAMAGE ONLY,DOUGLAS RD,N,2023,SATURDAY,SINGLE VEHICLE,N,Y,49.496685,-117.282568,N,DECEMBER,N,NELSON,NELSON,NELSON,N,N,N,SOUTHERN INTERIOR,DOUGLAS RD & MORGAN ST,MORGAN ST,MORGAN ST,12:00-14:59,1,0
N,PROPERTY DAMAGE ONLY,DOVER ST,N,2023,SATURDAY,REAR END,N,Y,49.229923,-122.9942,N,DECEMBER,N,BURNABY,BURNABY,BURNABY,N,N,N,LOWER MAINLAND,DOVER ST & GRANGE ST & NELSON AVE,NELSON AVE,NELSON AVE,12:00-14:59,1,0
N,PROPERTY DAMAGE ONLY,E 18TH AVE,N,2023,SATURDAY,REAR END,N,Y,49.254735,-123.100895,N,DECEMBER,N,VANCOUVER,VANCOUVER,VANCOUVER,N,N,N,LOWER MAINLAND,E 18TH AVE & MAIN ST & WATSON ST,MAIN ST,MAIN ST,12:00-14:59,1,0
N,PROPERTY DAMAGE ONLY,E 1ST AVE,N,2023,SATURDAY,REAR END,N,Y,49.269586,-123.069675,N,DECEMBER,N,VANCOUVER,VANCOUVER,VANCOUVER,N,N,N,LOWER MAINLAND,COMMERCIAL DR & E 1ST AVE,COMMERCIAL DR,COMMERCIAL DR,12:00-14:59,1,0
N,PROPERTY DAMAGE ONLY,E 1ST AVE,N,2023,SATURDAY,SIDE SWIPE - SAME DIRECTION,N,Y,49.269586,-123.069675,N,DECEMBER,N,VANCOUVER,VANCOUVER,VANCOUVER,N,N,N,LOWER MAINLAND,COMMERCIAL DR & E 1ST AVE,COMMERCIAL DR,COMMERCIAL DR,12:00-14:59,1,0
N,PROPERTY DAMAGE ONLY,E 1ST AVE,N,2023,SATURDAY,UNDETERMINED,N,Y,49.269649,-123.077365,N,DECEMBER,N,VANCOUVER,VANCOUVER,VANCOUVER,N,N,N,LOWER MAINLAND,CLARK DR & E 1ST AVE & GRANDVIEW VIADUCT,CLARK DR,CLARK DR,12:00-14:59,1,0
N,PROPERTY DAMAGE ONLY,E 23RD AVE,N,2023,SATURDAY,REAR END,N,Y,49.249657,-123.033813,N,DECEMBER,N,VANCOUVER,VANCOUVER,VANCOUVER,N,N,N,LOWER MAINLAND,E 23RD AVE & RUPERT ST,RUPERT ST,RUPERT ST,12:00-14:59,1,0
N,PROPERTY DAMAGE ONLY,E 38TH AVE,N,2023,SATURDAY,REAR END,N,Y,49.235922,-123.065471,N,DECEMBER,N,VANCOUVER,VANCOUVER,VANCOUVER,Y,N,N,LOWER MAINLAND,E 38TH AVE & VICTORIA DR,VICTORIA DR,VICTORIA DR,12:00-14:59,1,0
N,PROPERTY DAMAGE ONLY,E 39TH AVE,N,2023,SATURDAY,SIDE SWIPE - SAME DIRECTION,N,Y,49.234792,-123.076994,N,DECEMBER,N,VANCOUVER,VANCOUVER,VANCOUVER,N,N,N,LOWER MAINLAND,E 39TH AVE & KNIGHT ST,KNIGHT ST,KNIGHT ST,12:00-14:59,1,0
N,PROPERTY DAMAGE ONLY,E 3RD ST,N,2023,SATURDAY,UNDETERMINED,N,Y,49.31343,-123.077042,N,DECEMBER,N,NORTH VANCOUVER,NORTH VANCOUVER,NORTH VANCOUVER,N,N,N,LOWER MAINLAND,E 3RD ST & LONSDALE AVE & W 3RD ST,LONSDALE AVE,LONSDALE AVE,12:00-14:59,1,0
N,PROPERTY DAMAGE ONLY,E 41ST AVE,N,2023,SATURDAY,REAR TO REAR,N,Y,49.232747,-123.065518,N,DECEMBER,N,VANCOUVER,VANCOUVER,VANCOUVER,N,Y,N,LOWER MAINLAND,E 41ST AVE & VICTORIA DR,VICTORIA DR,VICTORIA DR,12:00-14:59,1,0
N,PROPERTY DAMAGE ONLY,E 43RD AVE,N,2023,SATURDAY,SIDE IMPACT,N,Y,49.23044,-123.065567,N,DECEMBER,N,VANCOUVER,VANCOUVER,VANCOUVER,Y,N,N,LOWER MAINLAND,E 43RD AVE & E 44TH AVE & VICTORIA DR,VICTORIA DR,VICTORIA DR,12:00-14:59,1,0
N,PROPERTY DAMAGE ONLY,E 45TH AVE,N,2023,SATURDAY,REAR END,N,Y,49.229234,-123.023512,N,DECEMBER,N,BURNABY,BURNABY,BURNABY & VANCOUVER,N,N,N,LOWER MAINLAND,BOUNDARY RD & E 45TH AVE,BOUNDARY RD,BOUNDARY RD,12:00-14:59,1,0
N,PROPERTY DAMAGE ONLY,E 46TH AVE,N,2023,SATURDAY,SIDE IMPACT,N,Y,49.228564,-123.065613,N,DECEMBER,N,VANCOUVER,VANCOUVER,VANCOUVER,Y,N,N,LOWER MAINLAND,E 46TH AVE & VICTORIA DR,VICTORIA DR,VICTORIA DR,12:00-14:59,1,0
N,PROPERTY DAMAGE ONLY,E 48TH AVE,N,2023,SATURDAY,CONFLICTED,N,Y,49.226525,-123.090723,N,DECEMBER,N,VANCOUVER,VANCOUVER,VANCOUVER,N,N,N,LOWER MAINLAND,E 48TH AVE & FRASER ST,FRASER ST,FRASER ST,12:00-14:59,1,0
N,PROPERTY DAMAGE ONLY,E 50TH AVE,N,2023,SATURDAY,SIDE IMPACT,N,Y,49.224773,-123.105915,N,DECEMBER,N,VANCOUVER,VANCOUVER,VANCOUVER,N,Y,N,LOWER MAINLAND,E 50TH AVE & ONTARIO ST,ONTARIO ST,ONTARIO ST,12:00-14:59,1,0
N,PROPERTY DAMAGE ONLY,ELLIOTT ST,N,2023,SATURDAY,UNDETERMINED,N,Y,49.224804,-123.054726,N,DECEMBER,N,VANCOUVER,VANCOUVER,VANCOUVER,N,N,N,LOWER MAINLAND,E 49TH AVE & ELLIOTT ST,E 49TH AVE,E 49TH AVE,12:00-14:59,1,0
N,PROPERTY DAMAGE ONLY,ELLIOTT ST,N,2023,SATURDAY,UNDETERMINED,N,Y,49.224804,-123.054726,N,DECEMBER,N,VANCOUVER,VANCOUVER,VANCOUVER,Y,N,N,LOWER MAINLAND,E 49TH AVE & ELLIOTT ST,E 49TH AVE,E 49TH AVE,12:00-14:59,1,0
N,PROPERTY DAMAGE ONLY,ENTERPRISE WAY,N,2023,SATURDAY,REAR END,N,Y,49.888863,-119.428254,N,DECEMBER,N,KELOWNA,KELOWNA,KELOWNA,N,N,N,SOUTHERN INTERIOR,BANKS RD & ENTERPRISE WAY,BANKS RD,BANKS RD,12:00-14:59,1,0
N,PROPERTY DAMAGE ONLY,FERRY AVE,N,2023,SATURDAY,SIDE IMPACT,N,Y,53.888792,-122.762313,N,DECEMBER,N,PRINCE GEORGE,PRINCE GEORGE,PRINCE GEORGE,N,N,N,NORTH CENTRAL,FERRY AVE & LANSDOWNE RD,LANSDOWNE RD,LANSDOWNE RD,12:00-14:59,1,0
N,PROPERTY DAMAGE ONLY,FLETCHER ST,N,2023,SATURDAY,REAR END,N,Y,49.171831,-121.949453,N,DECEMBER,N,CHILLIWACK,CHILLIWACK,CHILLIWACK,N,N,N,LOWER MAINLAND,FLETCHER ST & YALE RD,YALE RD,YALE RD,12:00-14:59,1,0
N,PROPERTY DAMAGE ONLY,FORBES AVE,N,2023,SATURDAY,REAR END,N,Y,49.317265,-123.085826,N,DECEMBER,N,NORTH VANCOUVER,NORTH VANCOUVER,NORTH VANCOUVER,N,N,N,LOWER MAINLAND,FORBES AVE & W 3RD ST,W 3RD ST,W 3RD ST,12:00-14:59,1,0
N,PROPERTY DAMAGE ONLY,FOREST AVE,N,2023,SATURDAY,UNDETERMINED,N,Y,54.056474,-128.611068,N,DECEMBER,N,KITIMAT,KITIMAT,KITIMAT,N,N,N,NORTH CENTRAL,FOREST AVE & HWY 37,HWY 37,HWY 37,12:00-14:59,1,0
N,PROPERTY DAMAGE ONLY,FORT ST,N,2023,SATURDAY,REAR END,N,Y,48.423825,-123.344922,N,DECEMBER,N,VICTORIA,VICTORIA,VICTORIA,N,N,N,VANCOUVER ISLAND,FORT ST & JOAN CRES,JOAN CRES,JOAN CRES,12:00-14:59,1,0
N,PROPERTY DAMAGE ONLY,FOSTER AVE,N,2023,SATURDAY,REAR END,N,Y,49.256275,-122.868959,N,DECEMBER,N,COQUITLAM,COQUITLAM,COQUITLAM,N,N,N,LOWER MAINLAND,BLUE MOUNTAIN ST & FOSTER AVE,BLUE MOUNTAIN ST,BLUE MOUNTAIN ST,12:00-14:59,1,0
N,PROPERTY DAMAGE ONLY,FOUL BAY  RD,N,2023,SATURDAY,HEAD ON,N,N,\N,\N,N,DECEMBER,N,VICTORIA,VICTORIA,\N,N,N,N,VANCOUVER ISLAND,UNKNOWN,LANSDOWNE RD,LANSDOWNE RD,12:00-14:59,1,0
N,PROPERTY DAMAGE ONLY,FRASER HWY,N,2023,SATURDAY,REAR END,N,Y,49.174588,-122.823388,N,DECEMBER,N,SURREY,SURREY,SURREY,N,N,N,LOWER MAINLAND,144 ST & FRASER HWY,144 ST,144 ST,12:00-14:59,2,0
N,PROPERTY DAMAGE ONLY,FRASER HWY,N,2023,SATURDAY,UNDETERMINED,N,Y,49.059526,-122.49269,N,DECEMBER,N,LANGLEY,LANGLEY,LANGLEY,N,N,N,LOWER MAINLAND,264 ST & FRASER HWY & TURNING LANE,264 ST,264 ST,12:00-14:59,1,0
N,PROPERTY DAMAGE ONLY,FRASER ST,N,2023,SATURDAY,SIDE IMPACT,N,Y,49.243531,-123.090305,N,DECEMBER,N,VANCOUVER,VANCOUVER,VANCOUVER,N,N,N,LOWER MAINLAND,E 30TH AVE & FRASER ST,E 30TH AVE,E 30TH AVE,12:00-14:59,1,0
N,PROPERTY DAMAGE ONLY,GAGLARDI WAY,N,2023,SATURDAY,REAR END,N,Y,49.276287,-122.930793,N,DECEMBER,N,BURNABY,BURNABY,BURNABY,N,N,N,LOWER MAINLAND,GAGLARDI WAY & UNIVERSITY DR,UNIVERSITY DR W,UNIVERSITY DR W,12:00-14:59,1,0
N,PROPERTY DAMAGE ONLY,GALERNO RD,N,2023,SATURDAY,SINGLE VEHICLE,N,Y,49.974983,-125.22732,N,DECEMBER,N,CAMPBELL RIVER,CAMPBELL RIVER,CAMPBELL RIVER,N,N,N,VANCOUVER ISLAND,GALERNO RD & SIMMS RD,SIMMS RD,SIMMS RD,12:00-14:59,1,0
N,PROPERTY DAMAGE ONLY,GEORGE FERGUSON WAY,N,2023,SATURDAY,SIDE IMPACT,N,Y,49.050124,-122.287669,N,DECEMBER,N,ABBOTSFORD,ABBOTSFORD,ABBOTSFORD,N,N,N,LOWER MAINLAND,GEORGE FERGUSON WAY & GLADYS AVE,GLADYS AVE,GLADYS AVE,12:00-14:59,1,0
N,PROPERTY DAMAGE ONLY,GILMORE AVE,N,2023,SATURDAY,SINGLE VEHICLE,N,Y,49.264483,-123.014313,N,DECEMBER,N,BURNABY,BURNABY,BURNABY,N,N,Y,LOWER MAINLAND,DAWSON ST & GILMORE AVE & HENNING DR,DAWSON ST,DAWSON ST,12:00-14:59,1,0
N,PROPERTY DAMAGE ONLY,GORDON AVE,N,2023,SATURDAY,SINGLE VEHICLE,N,Y,52.985958,-122.496186,N,DECEMBER,N,QUESNEL,QUESNEL,QUESNEL,N,N,N,NORTH CENTRAL,GORDON AVE & MCLEAN ST,MCLEAN ST,MCLEAN ST,12:00-14:59,1,0
N,PROPERTY DAMAGE ONLY,GOVERNMENT ST,N,2023,SATURDAY,SIDE IMPACT,N,Y,49.480146,-119.57544,N,DECEMBER,N,PENTICTON,PENTICTON,PENTICTON,N,N,N,SOUTHERN INTERIOR,GOVERNMENT ST & INDUSTRIAL AVE E,INDUSTRIAL AVE E,INDUSTRIAL AVE E,12:00-14:59,1,0
N,PROPERTY DAMAGE ONLY,GRANGE ST,N,2023,SATURDAY,REAR END,N,Y,49.229978,-122.997768,N,DECEMBER,N,BURNABY,BURNABY,BURNABY,N,N,N,LOWER MAINLAND,GRANGE ST & SUSSEX AVE,SUSSEX AVE,SUSSEX AVE,12:00-14:59,1,0
N,PROPERTY DAMAGE ONLY,GRANGE ST,N,2023,SATURDAY,REAR END,N,Y,49.229978,-122.997768,N,DECEMBER,N,BURNABY,BURNABY,BURNABY,Y,N,N,LOWER MAINLAND,GRANGE ST & SUSSEX AVE,SUSSEX AVE,SUSSEX AVE,12:00-14:59,1,0
N,PROPERTY DAMAGE ONLY,GRANVILLE ST,N,2023,SATURDAY,SIDE IMPACT,N,Y,49.226966,-123.13981,N,DECEMBER,N,VANCOUVER,VANCOUVER,VANCOUVER,N,N,N,LOWER MAINLAND,GRANVILLE ST & W 49TH AVE,W 49TH AVE,W 49TH AVE,12:00-14:59,1,0
N,PROPERTY DAMAGE ONLY,GRANVILLE ST,N,2023,SATURDAY,UNDETERMINED,N,Y,49.26171,-123.138572,N,DECEMBER,N,VANCOUVER,VANCOUVER,VANCOUVER,Y,Y,N,LOWER MAINLAND,GRANVILLE ST & W 11TH AVE,W 11TH AVE,W 11TH AVE,12:00-14:59,1,0
N,PROPERTY DAMAGE ONLY,GRANVILLE ST,N,2023,SATURDAY,UNDETERMINED,N,Y,49.281368,-123.119815,N,DECEMBER,N,VANCOUVER,VANCOUVER,VANCOUVER,Y,N,N,LOWER MAINLAND,GRANVILLE ST & ROBSON ST,ROBSON ST,ROBSON ST,12:00-14:59,1,0
N,PROPERTY DAMAGE ONLY,GREAT CANADIAN WAY,N,2023,SATURDAY,SIDE SWIPE - SAME DIRECTION,N,Y,49.191024,-123.124456,N,DECEMBER,N,RICHMOND,RICHMOND,RICHMOND,N,N,N,LOWER MAINLAND,GARDEN CITY RD & GREAT CANADIAN WAY & SEA ISLAND WAY & SEA ISLAND WAY OFFRAMP & TURNING LANE,SEA ISLAND WAY,SEA ISLAND WAY,12:00-14:59,1,0
N,PROPERTY DAMAGE ONLY,HALLEY AVE,N,2023,SATURDAY,UNDETERMINED,N,Y,49.232848,-123.008825,N,DECEMBER,N,BURNABY,BURNABY,BURNABY,N,N,N,LOWER MAINLAND,GRANGE ST & HALLEY AVE,GRANGE ST,GRANGE ST,12:00-14:59,1,0
N,PROPERTY DAMAGE ONLY,HALSTON AVE,N,2023,SATURDAY,SIDE IMPACT,Y,N,\N,\N,N,DECEMBER,N,KAMLOOPS,KAMLOOPS,\N,N,N,N,SOUTHERN INTERIOR,UNKNOWN,HWY 5,HWY 5,12:00-14:59,1,0
N,PROPERTY DAMAGE ONLY,HEATHER ST,N,2023,SATURDAY,REAR END,N,Y,49.207116,-123.124352,N,DECEMBER,N,VANCOUVER,VANCOUVER,VANCOUVER,N,N,N,LOWER MAINLAND,HEATHER ST & SW MARINE DR,SW MARINE DR,SW MARINE DR,12:00-14:59,1,0
N,PROPERTY DAMAGE ONLY,HILLSIDE WAY,N,2023,SATURDAY,SIDE SWIPE - OPPOSITE DIRECTION,N,Y,50.657497,-120.370268,N,DECEMBER,N,KAMLOOPS,KAMLOOPS,KAMLOOPS,N,N,N,SOUTHERN INTERIOR,HILLSIDE DR & HILLSIDE WAY & MALL ACCESS & TURNING LANE,HILLSIDE DR,HILLSIDE DR,12:00-14:59,1,0
N,PROPERTY DAMAGE ONLY,HOLLYBRIDGE WAY,N,2023,SATURDAY,SIDE SWIPE - SAME DIRECTION,N,Y,49.17465,-123.148688,N,DECEMBER,N,RICHMOND,RICHMOND,RICHMOND,N,N,N,LOWER MAINLAND,HOLLYBRIDGE WAY & RIVER RD,RIVER RD,RIVER RD,12:00-14:59,1,0
N,PROPERTY DAMAGE ONLY,HOMER ST,N,2023,SATURDAY,SIDE IMPACT,Y,Y,49.282763,-123.111922,N,DECEMBER,N,VANCOUVER,VANCOUVER,VANCOUVER,N,N,N,LOWER MAINLAND,HOMER ST & W PENDER ST,W PENDER ST,W PENDER ST,12:00-14:59,1,0
N,PROPERTY DAMAGE ONLY,HUDSON AVE,N,2023,SATURDAY,REAR END,N,Y,49.189241,-123.143511,N,DECEMBER,N,RICHMOND,RICHMOND,RICHMOND,N,N,N,LOWER MAINLAND,HUDSON AVE & LANCASTER CRES & RUSS BAKER WAY & TURNING LANE,RUSS BAKER WAY,RUSS BAKER WAY,12:00-14:59,1,0
N,PROPERTY DAMAGE ONLY,HURD ST,N,2023,SATURDAY,SIDE IMPACT,N,Y,49.132955,-122.329181,N,DECEMBER,N,MISSION,MISSION,MISSION,Y,Y,N,LOWER MAINLAND,HURD ST & LOUGHEED HWY & RAI AVE,LOUGHEED HWY,LOUGHEED HWY,12:00-14:59,1,0
N,PROPERTY DAMAGE ONLY,HWY 1,N,2023,SATURDAY,SIDE IMPACT,N,Y,51.009371,-118.216055,N,DECEMBER,N,REVELSTOKE,REVELSTOKE,REVELSTOKE,N,N,N,SOUTHERN INTERIOR,LAFORME BLVD & TRANS-CANADA HWY W & VICTORIA RD W & TURNING LANE,LAFORME BLVD,LAFORME BLVD,12:00-14:59,1,0
N,PROPERTY DAMAGE ONLY,HWY 1,N,2023,SATURDAY,SINGLE VEHICLE,N,Y,50.77237,-119.339852,N,DECEMBER,N,TAPPEN,TAPPEN,TAPPEN,N,N,N,SOUTHERN INTERIOR,BOLTON RD & TRANS-CANADA HWY,BOLTON RD,BOLTON RD,12:00-14:59,1,0
N,PROPERTY DAMAGE ONLY,HWY 10,N,2023,SATURDAY,REAR END,N,Y,49.104152,-122.701651,N,DECEMBER,N,SURREY,SURREY,SURREY,N,N,N,LOWER MAINLAND,188 ST & 56 AVE,188 ST,188 ST,12:00-14:59,1,0
N,PROPERTY DAMAGE ONLY,HWY 10,N,2023,SATURDAY,REAR END,N,Y,49.1045,-122.812297,N,DECEMBER,N,SURREY,SURREY,SURREY,N,N,N,LOWER MAINLAND,148 ST & 56 AVE,148 ST,148 ST,12:00-14:59,1,0
N,PROPERTY DAMAGE ONLY,HWY 10,N,2023,SATURDAY,REAR END,N,Y,49.104511,-122.831256,N,DECEMBER,N,SURREY,SURREY,SURREY,N,N,N,LOWER MAINLAND,56 AVE & 58 AVE & KING GEORGE BLVD & TURNING LANE,KING GEORGE BLVD,KING GEORGE BLVD,12:00-14:59,1,0
N,PROPERTY DAMAGE ONLY,HWY 10,N,2023,SATURDAY,REAR END,N,Y,49.108112,-122.867838,N,DECEMBER,N,SURREY,SURREY,SURREY,N,N,N,LOWER MAINLAND,128 ST & 58 AVE,128 ST,128 ST,12:00-14:59,1,0
N,PROPERTY DAMAGE ONLY,HWY 10,N,2023,SATURDAY,SINGLE VEHICLE,N,Y,49.104433,-122.801032,N,DECEMBER,N,SURREY,SURREY,SURREY,N,Y,N,LOWER MAINLAND,152 ST & 56 AVE,152 ST,152 ST,12:00-14:59,1,0
N,PROPERTY DAMAGE ONLY,HWY 14,N,2023,SATURDAY,UNDETERMINED,N,Y,48.447427,-123.495547,N,DECEMBER,N,LANGFORD,LANGFORD,LANGFORD,N,Y,N,VANCOUVER ISLAND,E AND N RAIL TRAIL & GOLDSTREAM AVE & VETERANS MEMORIAL PKY & TURNING LANE,GOLDSTREAM AVE,GOLDSTREAM AVE,12:00-14:59,1,0
N,PROPERTY DAMAGE ONLY,HWY 15,N,2023,SATURDAY,REAR END,N,Y,49.162548,-122.734712,N,DECEMBER,N,SURREY,SURREY,SURREY,Y,N,N,LOWER MAINLAND,176 ST & 88 AVE & TURNING LANE,88 AVE,88 AVE,12:00-14:59,1,0
N,PROPERTY DAMAGE ONLY,HWY 16,N,2023,SATURDAY,REAR END,N,Y,53.946195,-122.499259,N,DECEMBER,N,FERNDALE-TABOR,FERNDALE-TABOR,FERNDALE-TABOR,N,N,N,NORTH CENTRAL,PRINCE GEORGE HWY 16 E & UPPER FRASER RD,UPPER FRASER RD,UPPER FRASER RD,12:00-14:59,1,0
N,PROPERTY DAMAGE ONLY,HWY 33 W,N,2023,SATURDAY,SINGLE VEHICLE,N,Y,49.889022,-119.399578,N,DECEMBER,N,KELOWNA,KELOWNA,KELOWNA,N,N,N,SOUTHERN INTERIOR,HOLLYWOOD RD N & HOLLYWOOD RD S & HWY 33 W,HOLLYWOOD RD S,HOLLYWOOD RD S,12:00-14:59,1,0
N,PROPERTY DAMAGE ONLY,HWY 37,N,2023,SATURDAY,SINGLE VEHICLE,N,N,\N,\N,N,DECEMBER,N,UNKNOWN,UNKNOWN,\N,N,N,N,UNKNOWN,UNKNOWN,KRUMM AVE,KRUMM AVE,12:00-14:59,1,0
N,PROPERTY DAMAGE ONLY,HWY 7,N,2023,SATURDAY,SIDE SWIPE - SAME DIRECTION,N,Y,49.139688,-122.360088,N,DECEMBER,N,MISSION,MISSION,MISSION,N,N,N,LOWER MAINLAND,LOUGHEED HWY & NELSON ST & TURNING LANE,NELSON ST,NELSON ST,12:00-14:59,1,0
N,PROPERTY DAMAGE ONLY,HWY 91,N,2023,SATURDAY,SIDE IMPACT,N,Y,49.146506,-122.944458,N,DECEMBER,N,DELTA,DELTA,DELTA,N,N,N,LOWER MAINLAND,HWY 17 & HWY 91 & HWY 91 CONN & HWY 91 CONN OFFRAMP & HWY 91 CONN ONRAMP & NORDEL WAY & NORDEL WAY OFFRAMP & NORDEL WAY ONRAMP & NORDEL WAY OVERPASS & WEIGH SCALE RD & SCALE ACCESS & TURNING LANE,NORDEL WAY,NORDEL WAY,12:00-14:59,1,0
N,PROPERTY DAMAGE ONLY,HWY 91 ONRAMP,N,2023,SATURDAY,SINGLE VEHICLE,N,Y,49.133851,-122.927507,N,DECEMBER,N,DELTA,DELTA,DELTA,N,N,N,LOWER MAINLAND,72 AVE & 72 AVE OFFRAMP & 72 AVE ONRAMP & HWY 91 & HWY 91 OFFRAMP & HWY 91 ONRAMP,72 AVE,72 AVE,12:00-14:59,1,0
N,PROPERTY DAMAGE ONLY,HWY 97,N,2023,SATURDAY,CONFLICTED,N,Y,50.27478,-119.273783,N,DECEMBER,N,VERNON,VERNON,VERNON,N,N,N,SOUTHERN INTERIOR,32 ST & 43 AVE & TURNING LANE,43 AVE,43 AVE,12:00-14:59,1,0
N,PROPERTY DAMAGE ONLY,HWY 97,N,2023,SATURDAY,REAR END,N,Y,53.897328,-122.768137,N,DECEMBER,N,PRINCE GEORGE,PRINCE GEORGE,PRINCE GEORGE,N,N,N,NORTH CENTRAL,HWY 16 W & HWY 97 S & INDUSTRIAL ACCESS & TURNING LANE,HWY 16,HWY 16,12:00-14:59,1,0
N,PROPERTY DAMAGE ONLY,HWY 97,N,2023,SATURDAY,SIDE IMPACT,N,Y,50.500317,-119.558535,N,DECEMBER,N,FALKLAND,FALKLAND,FALKLAND,N,N,N,SOUTHERN INTERIOR,CHASE-FALKLAND RD & FALKLAND RD & HWY 97 & STATION RD,CHASE-FALKLAND RD,CHASE-FALKLAND RD,12:00-14:59,1,0
N,PROPERTY DAMAGE ONLY,HWY 97,N,2023,SATURDAY,SIDE IMPACT,N,Y,53.989501,-122.78689,N,DECEMBER,N,PRINCE GEORGE,PRINCE GEORGE,PRINCE GEORGE,N,N,N,NORTH CENTRAL,AUSTIN RD E & AUSTIN RD W & HART HWY & HART HWY FRTG & TURNING LANE,AUSTIN RD E,AUSTIN RD E,12:00-14:59,1,0
N,PROPERTY DAMAGE ONLY,INDUSTRIAL AVE,N,2023,SATURDAY,CONFLICTED,N,Y,49.270507,-123.100591,N,DECEMBER,N,VANCOUVER,VANCOUVER,VANCOUVER,N,N,N,LOWER MAINLAND,INDUSTRIAL AVE & MAIN ST,MAIN ST,MAIN ST,12:00-14:59,1,0
N,PROPERTY DAMAGE ONLY,INMAN AVE,N,2023,SATURDAY,REAR END,N,Y,49.232822,-123.015865,N,DECEMBER,N,BURNABY,BURNABY,BURNABY,N,N,N,LOWER MAINLAND,INMAN AVE & KINGSWAY,KINGSWAY,KINGSWAY,12:00-14:59,1,0
N,PROPERTY DAMAGE ONLY,INVERNESS ST,N,2023,SATURDAY,SIDE SWIPE - SAME DIRECTION,N,Y,49.250866,-123.079949,N,DECEMBER,N,VANCOUVER,VANCOUVER,VANCOUVER,N,N,N,LOWER MAINLAND,E 22ND AVE & INVERNESS ST,E 22ND AVE,E 22ND AVE,12:00-14:59,1,0
N,PROPERTY DAMAGE ONLY,IRONWORKERS MEMORIAL BRIDGE,N,2023,SATURDAY,REAR END,N,Y,49.287032,-123.031028,N,DECEMBER,N,VANCOUVER,VANCOUVER,VANCOUVER,N,N,N,LOWER MAINLAND,BRIDGEWAY OFFRAMP & E HASTINGS ST OFFRAMP & IRONWORKERS MEMORIAL BRIDGE & MCGILL ST & MCGILL ST OFFRAMP & MCGILL ST ONRAMP & TRANS-CANADA HWY,HWY 1,HWY 1,12:00-14:59,1,0
N,PROPERTY DAMAGE ONLY,IRVING ST,N,2023,SATURDAY,REAR END,N,Y,49.226289,-122.988935,N,DECEMBER,N,BURNABY,BURNABY,BURNABY,N,N,N,LOWER MAINLAND,IRVING ST & ROYAL OAK AVE,ROYAL OAK AVE,ROYAL OAK AVE,12:00-14:59,1,0
N,PROPERTY DAMAGE ONLY,JERVIS ST,N,2023,SATURDAY,CONFLICTED,N,Y,49.287001,-123.128536,N,DECEMBER,N,VANCOUVER,VANCOUVER,VANCOUVER,N,N,N,LOWER MAINLAND,JERVIS ST & ROBSON ST,ROBSON ST,ROBSON ST,12:00-14:59,1,0
N,PROPERTY DAMAGE ONLY,JOHN HINDLE RD,N,2023,SATURDAY,REAR END,N,N,\N,\N,N,DECEMBER,N,KELOWNA,KELOWNA,\N,N,N,N,SOUTHERN INTERIOR,UNKNOWN,GLENMORE RD,GLENMORE RD,12:00-14:59,1,0
N,PROPERTY DAMAGE ONLY,JOHNSTON RD,N,2023,SATURDAY,REAR END,N,Y,49.031121,-122.801198,N,DECEMBER,N,SURREY,SURREY,SURREY & WHITE ROCK,Y,N,N,LOWER MAINLAND,152 ST & 16 AVE & JOHNSTON RD & NORTH BLUFF RD,16 AVE,16 AVE,12:00-14:59,1,0
N,PROPERTY DAMAGE ONLY,KEEFER AVE,N,2023,SATURDAY,CONFLICTED,N,Y,49.156495,-123.114101,N,DECEMBER,N,RICHMOND,RICHMOND,RICHMOND,Y,N,N,LOWER MAINLAND,KEEFER AVE & NO 4 RD,NO 4 RD,NO 4 RD,12:00-14:59,1,0
N,PROPERTY DAMAGE ONLY,KERR ST,N,2023,SATURDAY,SIDE SWIPE - SAME DIRECTION,N,Y,49.218171,-123.041377,N,DECEMBER,N,VANCOUVER,VANCOUVER,VANCOUVER,Y,Y,N,LOWER MAINLAND,E 56TH AVE & KERR ST,E 56TH AVE,E 56TH AVE,12:00-14:59,1,0
N,PROPERTY DAMAGE ONLY,KING GEORGE BLVD,N,2023,SATURDAY,REAR END,N,Y,49.032817,-122.777731,N,DECEMBER,N,SURREY,SURREY,SURREY,N,N,N,LOWER MAINLAND,KING GEORGE BLVD & KING GEORGE BLVD FRONTAGE RD,KING GEORGE BLVD FRONTAGE RD,KING GEORGE BLVD FRONTAGE RD,12:00-14:59,1,0
N,PROPERTY DAMAGE ONLY,KING GEORGE BLVD,N,2023,SATURDAY,REAR END,N,Y,49.14815,-122.845687,N,DECEMBER,N,SURREY,SURREY,SURREY,N,N,N,LOWER MAINLAND,80 AVE & KING GEORGE BLVD & TURNING LANE,80 AVE,80 AVE,12:00-14:59,1,0
N,PROPERTY DAMAGE ONLY,KINGSWAY,N,2023,SATURDAY,SIDE IMPACT,N,Y,49.227438,-122.996408,N,DECEMBER,N,BURNABY,BURNABY,BURNABY,N,N,N,LOWER MAINLAND,KINGSWAY & MCMURRAY AVE,MCMURRAY AVE,MCMURRAY AVE,12:00-14:59,1,0
N,PROPERTY DAMAGE ONLY,LAKE PLACID RD,N,2023,SATURDAY,REAR END,N,Y,50.094522,-122.992785,N,DECEMBER,N,WHISTLER,WHISTLER,WHISTLER,N,N,N,LOWER MAINLAND,HWY 99 & LAKE PLACID RD & TURNING LANE,HWY 99,HWY 99,12:00-14:59,1,0
N,PROPERTY DAMAGE ONLY,LAKESHORE RD,N,2023,SATURDAY,UNDETERMINED,N,N,\N,\N,N,DECEMBER,N,SALMON ARM,SALMON ARM,\N,N,N,N,SOUTHERN INTERIOR,UNKNOWN,20 AVE NE,20 AVE NE,12:00-14:59,1,0
N,PROPERTY DAMAGE ONLY,LANGDON ST,N,2023,SATURDAY,REAR END,N,Y,49.051623,-122.330821,N,DECEMBER,N,ABBOTSFORD,ABBOTSFORD,ABBOTSFORD,N,N,N,LOWER MAINLAND,LANGDON ST & OLD YALE RD & SOUTH FRASER WAY,SOUTH FRASER WAY,SOUTH FRASER WAY,12:00-14:59,1,0
N,PROPERTY DAMAGE ONLY,LANGFORD PKY,N,2023,SATURDAY,SIDE SWIPE - SAME DIRECTION,N,Y,48.442868,-123.5102,N,DECEMBER,N,LANGFORD,LANGFORD,LANGFORD,N,N,N,VANCOUVER ISLAND,JACKLIN RD & LANGFORD PKY & TURNING LANE,JACKLIN RD,JACKLIN RD,12:00-14:59,1,0
N,PROPERTY DAMAGE ONLY,LEWIS BAY RD,N,2023,SATURDAY,SINGLE VEHICLE,N,Y,49.470223,-116.767769,N,DECEMBER,N,BOSWELL,BOSWELL,BOSWELL,N,N,N,SOUTHERN INTERIOR,HWY 3A & LEWIS BAY RD,HWY 3A,HWY 3A,12:00-14:59,1,0
N,PROPERTY DAMAGE ONLY,LEXINGTON DR,N,2023,SATURDAY,REAR END,N,Y,49.839657,-119.482241,N,DECEMBER,N,KELOWNA,KELOWNA,KELOWNA,N,N,N,SOUTHERN INTERIOR,GORDON DR & LEXINGTON DR,GORDON DR,GORDON DR,12:00-14:59,1,0
N,PROPERTY DAMAGE ONLY,LINDELL AVE,N,2023,SATURDAY,SINGLE VEHICLE,N,N,\N,\N,N,DECEMBER,N,CHILLIWACK,CHILLIWACK,\N,N,N,N,LOWER MAINLAND,UNKNOWN,COLUMBIA VALLEY RD,COLUMBIA VALLEY RD,12:00-14:59,1,0
N,PROPERTY DAMAGE ONLY,LORNE RD,N,2023,SATURDAY,REAR END,N,N,\N,\N,N,DECEMBER,N,WEST KELOWNA,WEST KELOWNA,\N,N,N,N,SOUTHERN INTERIOR,UNKNOWN,SHANNON LAKE RD,SHANNON LAKE RD,12:00-14:59,1,0
N,PROPERTY DAMAGE ONLY,LOUGHEED HWY,N,2023,SATURDAY,CONFLICTED,N,Y,49.263719,-122.767413,N,DECEMBER,N,PORT COQUITLAM,PORT COQUITLAM,PORT COQUITLAM,N,Y,N,LOWER MAINLAND,LOUGHEED HWY & OXFORD CONN & OXFORD ST & TURNING LANE,OXFORD ST,OXFORD ST,12:00-14:59,1,0
N,PROPERTY DAMAGE ONLY,LOUGHEED HWY,N,2023,SATURDAY,REAR END,N,Y,49.234459,-122.861658,N,DECEMBER,N,COQUITLAM,COQUITLAM,COQUITLAM,N,N,N,LOWER MAINLAND,KING EDWARD ST & LOUGHEED HWY & MALL ACCESS & TURNING LANE,KING EDWARD ST,KING EDWARD ST,12:00-14:59,1,0
N,PROPERTY DAMAGE ONLY,LOUGHEED HWY,N,2023,SATURDAY,REAR END,N,Y,49.267482,-122.77645,N,DECEMBER,N,PORT COQUITLAM,PORT COQUITLAM,PORT COQUITLAM,N,N,N,LOWER MAINLAND,LOUGHEED HWY & SHAUGHNESSY ST & TURNING LANE,SHAUGHNESSY ST,SHAUGHNESSY ST,12:00-14:59,1,0
N,PROPERTY DAMAGE ONLY,LOUGHEED HWY,N,2023,SATURDAY,SIDE IMPACT,N,Y,49.255475,-122.747715,N,DECEMBER,N,PORT COQUITLAM,PORT COQUITLAM,PORT COQUITLAM,N,Y,N,LOWER MAINLAND,LOUGHEED HWY & OTTAWA ST & TURNING LANE,OTTAWA ST,OTTAWA ST,12:00-14:59,1,0
N,PROPERTY DAMAGE ONLY,LOUGHEED HWY OVERPASS,N,2023,SATURDAY,UNDETERMINED,N,N,\N,\N,N,DECEMBER,N,VANCOUVER,VANCOUVER,\N,N,N,N,LOWER MAINLAND,UNKNOWN,HWY 1,HWY 1,12:00-14:59,1,0
N,PROPERTY DAMAGE ONLY,LUCAS RD,N,2023,SATURDAY,SINGLE VEHICLE,N,Y,49.151888,-123.136668,N,DECEMBER,N,RICHMOND,RICHMOND,RICHMOND,N,N,N,LOWER MAINLAND,LUCAS RD & NO 3 RD,NO 3 RD,NO 3 RD,12:00-14:59,1,0
N,PROPERTY DAMAGE ONLY,MACDONALD ST,N,2023,SATURDAY,UNDETERMINED,N,Y,49.26408,-123.16816,N,DECEMBER,N,VANCOUVER,VANCOUVER,VANCOUVER,N,Y,N,LOWER MAINLAND,MACDONALD ST & W BROADWAY,W BROADWAY,W BROADWAY,12:00-14:59,1,0
N,PROPERTY DAMAGE ONLY,MACLURE RD,N,2023,SATURDAY,REAR END,N,Y,49.060111,-122.316064,N,DECEMBER,N,ABBOTSFORD,ABBOTSFORD,ABBOTSFORD,N,N,N,LOWER MAINLAND,GLADWIN RD & MACLURE RD & TURNING LANE,GLADWIN RD,GLADWIN RD,12:00-14:59,1,0
N,PROPERTY DAMAGE ONLY,MADIERA PL,N,2023,SATURDAY,SIDE IMPACT,N,Y,49.040439,-122.337203,N,DECEMBER,N,ABBOTSFORD,ABBOTSFORD,ABBOTSFORD,N,N,N,LOWER MAINLAND,CLEARBROOK RD & MADIERA PL,CLEARBROOK RD,CLEARBROOK RD,12:00-14:59,1,0
N,PROPERTY DAMAGE ONLY,MAIN ST,N,2023,SATURDAY,CONFLICTED,N,Y,49.272815,-123.100019,N,DECEMBER,N,VANCOUVER,VANCOUVER,VANCOUVER,N,N,N,LOWER MAINLAND,MAIN ST & TERMINAL AVE,TERMINAL AVE,TERMINAL AVE,12:00-14:59,1,0
N,PROPERTY DAMAGE ONLY,MAIN ST,N,2023,SATURDAY,UNDETERMINED,N,Y,49.253792,-123.100871,N,DECEMBER,N,VANCOUVER,VANCOUVER,VANCOUVER,N,N,N,LOWER MAINLAND,E 19TH AVE & MAIN ST,E 19TH AVE,E 19TH AVE,12:00-14:59,1,0
N,PROPERTY DAMAGE ONLY,MAPLE ST,N,2023,SATURDAY,REAR END,N,Y,49.264988,-122.781072,N,DECEMBER,N,PORT COQUITLAM,PORT COQUITLAM,PORT COQUITLAM,N,N,N,LOWER MAINLAND,KINGSWAY AVE & MAPLE ST,KINGSWAY AVE,KINGSWAY AVE,12:00-14:59,1,0
N,PROPERTY DAMAGE ONLY,MAPLE ST,N,2023,SATURDAY,SIDE IMPACT,N,Y,49.263782,-123.150543,N,DECEMBER,N,VANCOUVER,VANCOUVER,VANCOUVER,N,N,N,LOWER MAINLAND,MAPLE ST & W BROADWAY,W BROADWAY,W BROADWAY,12:00-14:59,1,0
N,PROPERTY DAMAGE ONLY,MARSHALL RD,N,2023,SATURDAY,UNDETERMINED,N,Y,49.037752,-122.3377,N,DECEMBER,N,ABBOTSFORD,ABBOTSFORD,ABBOTSFORD,N,N,N,LOWER MAINLAND,CLEARBROOK RD & CLEARBROOK RD OFFRAMP & CLEARBROOK RD ONRAMP & MARSHALL RD & MARSHALL RD OFFRAMP & MARSHALL RD ONRAMP & TRANS-CANADA HWY & TURNING LANE,CLEARBROOK RD,CLEARBROOK RD,12:00-14:59,1,0
N,PROPERTY DAMAGE ONLY,MARY HILL BYPASS,N,2023,SATURDAY,REAR END,N,Y,49.240773,-122.761896,N,DECEMBER,N,PORT COQUITLAM,PORT COQUITLAM,PORT COQUITLAM,N,N,N,LOWER MAINLAND,BROADWAY ST & MARY HILL BYPASS & TURNING LANE,BROADWAY ST,BROADWAY ST,12:00-14:59,1,0
N,PROPERTY DAMAGE ONLY,MCCALLUM RD,N,2023,SATURDAY,SINGLE VEHICLE,N,Y,49.039043,-122.293334,N,DECEMBER,N,ABBOTSFORD,ABBOTSFORD,ABBOTSFORD,N,N,N,LOWER MAINLAND,MARSHALL RD & MCCALLUM RD,MARSHALL RD,MARSHALL RD,12:00-14:59,1,0
N,PROPERTY DAMAGE ONLY,MCKENZIE AVE,N,2023,SATURDAY,UNDETERMINED,N,Y,48.468591,-123.324585,N,DECEMBER,N,SAANICH,SAANICH,SAANICH,N,N,N,VANCOUVER ISLAND,LARCHWOOD DR & MCKENZIE AVE,LARCHWOOD DR,LARCHWOOD DR,12:00-14:59,1,0
N,PROPERTY DAMAGE ONLY,MCKENZIE AVE,N,2023,SATURDAY,UNDETERMINED,N,Y,48.468632,-123.332734,N,DECEMBER,N,SAANICH,SAANICH,SAANICH,N,Y,N,VANCOUVER ISLAND,MCKENZIE AVE & SHELBOURNE ST,SHELBOURNE ST,SHELBOURNE ST,12:00-14:59,1,0
N,PROPERTY DAMAGE ONLY,MCRAE AVE,N,2023,SATURDAY,REAR END,N,Y,49.257134,-123.138327,N,DECEMBER,N,VANCOUVER,VANCOUVER,VANCOUVER,N,N,N,LOWER MAINLAND,MARPOLE AVE & MCRAE AVE & TURNING LANE,MARPOLE AVE,MARPOLE AVE,12:00-14:59,1,0
N,PROPERTY DAMAGE ONLY,MILLSTREAM RD,N,2023,SATURDAY,SIDE IMPACT,N,N,\N,\N,N,DECEMBER,N,LANGFORD,LANGFORD,\N,N,N,N,VANCOUVER ISLAND,UNKNOWN,MEAFORD AVE,MEAFORD AVE,12:00-14:59,1,0
N,PROPERTY DAMAGE ONLY,MINTO RD,N,2023,SATURDAY,UNDETERMINED,N,Y,49.25128,-117.6646,N,DECEMBER,N,CASTLEGAR,CASTLEGAR,CASTLEGAR,Y,N,N,SOUTHERN INTERIOR,14TH AVE & MINTO RD,14TH AVE,14TH AVE,12:00-14:59,1,0
N,PROPERTY DAMAGE ONLY,MONTEITH DR,N,2023,SATURDAY,SIDE IMPACT,N,Y,50.646607,-120.35017,N,DECEMBER,N,KAMLOOPS,KAMLOOPS,KAMLOOPS,N,N,N,SOUTHERN INTERIOR,MONTEITH DR & SUMMIT DR,SUMMIT DR,SUMMIT DR,12:00-14:59,1,0
N,PROPERTY DAMAGE ONLY,MOUNT FEE RD,N,2023,SATURDAY,REAR END,N,Y,50.080131,-123.040816,N,DECEMBER,N,WHISTLER,WHISTLER,WHISTLER,N,N,N,LOWER MAINLAND,LEGACY WAY & MOUNT FEE RD & VALLEY TRAIL,LEGACY WAY,LEGACY WAY,12:00-14:59,1,0
N,PROPERTY DAMAGE ONLY,MT LEHMAN RD,N,2023,SATURDAY,REAR END,N,Y,49.07476,-122.381149,N,DECEMBER,N,ABBOTSFORD,ABBOTSFORD,ABBOTSFORD,N,N,N,LOWER MAINLAND,DOWNES RD & MT LEHMAN RD,DOWNES RD,DOWNES RD,12:00-14:59,1,0
N,PROPERTY DAMAGE ONLY,MT LEHMAN RD,N,2023,SATURDAY,UNDETERMINED,N,Y,49.068119,-122.381208,N,DECEMBER,N,ABBOTSFORD,ABBOTSFORD,ABBOTSFORD,N,N,N,LOWER MAINLAND,HERITAGE DR & MT LEHMAN RD,HERITAGE DR,HERITAGE DR,12:00-14:59,1,0
N,PROPERTY DAMAGE ONLY,MT LEHMAN RD,N,2023,SATURDAY,UNDETERMINED,N,Y,49.068119,-122.381208,N,DECEMBER,N,ABBOTSFORD,ABBOTSFORD,ABBOTSFORD,Y,N,N,LOWER MAINLAND,HERITAGE DR & MT LEHMAN RD,HERITAGE DR,HERITAGE DR,12:00-14:59,1,0
N,PROPERTY DAMAGE ONLY,MT SEYMOUR PKY,N,2023,SATURDAY,SIDE SWIPE - SAME DIRECTION,N,Y,49.311704,-123.021179,N,DECEMBER,N,NORTH VANCOUVER,NORTH VANCOUVER,NORTH VANCOUVER,N,N,N,LOWER MAINLAND,MT SEYMOUR PKY & SEYMOUR BLVD & TURNING LANE,SEYMOUR BLVD,SEYMOUR BLVD,12:00-14:59,1,0
N,PROPERTY DAMAGE ONLY,MT SICKER RD,N,2023,SATURDAY,REAR END,N,Y,48.874793,-123.707003,N,DECEMBER,N,CHEMAINUS,CHEMAINUS,CHEMAINUS & WESTHOLME,N,N,N,VANCOUVER ISLAND,MT SICKER RD & TRANS-CANADA HWY & TURNING LANE,HWY 1,HWY 1,12:00-14:59,1,0
N,PROPERTY DAMAGE ONLY,MUTRIE RD,N,2023,SATURDAY,CONFLICTED,N,Y,50.270157,-119.242619,N,DECEMBER,N,VERNON,VERNON,VERNON,N,N,N,SOUTHERN INTERIOR,39 AVE & MUTRIE RD,39 AVE,39 AVE,12:00-14:59,1,0
N,PROPERTY DAMAGE ONLY,N SLOCAN ST,N,2023,SATURDAY,SIDE IMPACT,N,Y,49.288713,-123.049315,N,DECEMBER,N,VANCOUVER,VANCOUVER,VANCOUVER,N,N,N,LOWER MAINLAND,MCGILL ST & N SLOCAN ST,MCGILL ST,MCGILL ST,12:00-14:59,1,0
N,PROPERTY DAMAGE ONLY,NO 2 RD,N,2023,SATURDAY,SINGLE VEHICLE,N,Y,49.17015,-123.158805,N,DECEMBER,N,RICHMOND,RICHMOND,RICHMOND,N,N,N,LOWER MAINLAND,NO 2 RD & WESTMINSTER HWY & TURNING LANE,WESTMINSTER HWY,WESTMINSTER HWY,12:00-14:59,1,0
N,PROPERTY DAMAGE ONLY,NO 3 RD,N,2023,SATURDAY,SINGLE VEHICLE,N,Y,49.089512,-122.12498,N,DECEMBER,N,ABBOTSFORD,ABBOTSFORD,ABBOTSFORD,N,N,N,LOWER MAINLAND,NO 3 RD & NO 3 RD OFFRAMP & NO 3 RD ONRAMP & TRANS-CANADA HWY,HWY 1,HWY 1,12:00-14:59,1,0
N,PROPERTY DAMAGE ONLY,NO 4 RD,N,2023,SATURDAY,UNDETERMINED,N,Y,49.192001,-123.113894,N,DECEMBER,N,RICHMOND,RICHMOND,RICHMOND,Y,Y,N,LOWER MAINLAND,BRIDGEPORT RD & NO 4 RD,BRIDGEPORT RD,BRIDGEPORT RD,12:00-14:59,1,0
N,PROPERTY DAMAGE ONLY,NO 5 RD,N,2023,SATURDAY,SIDE SWIPE - SAME DIRECTION,N,Y,49.133365,-123.092135,N,DECEMBER,N,RICHMOND,RICHMOND,RICHMOND,N,N,N,LOWER MAINLAND,NO 5 RD & STEVESTON HWY & TURNING LANE,STEVESTON HWY,STEVESTON HWY,12:00-14:59,1,0
N,PROPERTY DAMAGE ONLY,OLD DEWDNEY TRUNK RD,N,2023,SATURDAY,REAR END,N,Y,49.242992,-122.719547,N,DECEMBER,N,PITT MEADOWS,PITT MEADOWS,PITT MEADOWS,N,N,N,LOWER MAINLAND,KENNEDY RD & LOUGHEED HWY & OLD DEWDNEY TRUNK RD & TURNING LANE,LOUGHEED HWY,LOUGHEED HWY,12:00-14:59,1,0
N,PROPERTY DAMAGE ONLY,OLIVER RD,N,2023,SATURDAY,UNDETERMINED,N,Y,49.220988,-124.029674,N,DECEMBER,N,NANAIMO,NANAIMO,NANAIMO,N,N,N,VANCOUVER ISLAND,OLIVER RD & UPLANDS DR & TURNING LANE,UPLANDS DR,UPLANDS DR,12:00-14:59,1,0
N,PROPERTY DAMAGE ONLY,ONTARIO ST,N,2023,SATURDAY,SIDE IMPACT,N,Y,49.240576,-123.105362,N,DECEMBER,N,VANCOUVER,VANCOUVER,VANCOUVER,N,N,N,LOWER MAINLAND,E 33RD AVE & ONTARIO ST & W 33RD AVE,W 33RD AVE,W 33RD AVE,12:00-14:59,1,0
N,PROPERTY DAMAGE ONLY,OWEN ST,N,2023,SATURDAY,SIDE SWIPE - SAME DIRECTION,N,Y,49.218136,-122.646567,N,DECEMBER,N,MAPLE RIDGE,MAPLE RIDGE,MAPLE RIDGE,N,N,N,LOWER MAINLAND,LOUGHEED HWY & OWEN ST,LOUGHEED HWY,LOUGHEED HWY,12:00-14:59,1,0
N,PROPERTY DAMAGE ONLY,PACIFIC ST,N,2023,SATURDAY,SIDE IMPACT,N,Y,49.276281,-123.131378,N,DECEMBER,N,VANCOUVER,VANCOUVER,VANCOUVER,N,N,N,LOWER MAINLAND,HORNBY ST & PACIFIC ST,HORNBY ST,HORNBY ST,12:00-14:59,1,0
N,PROPERTY DAMAGE ONLY,PALLISER AVE,N,2023,SATURDAY,UNDETERMINED,N,Y,49.237646,-122.839637,N,DECEMBER,N,COQUITLAM,COQUITLAM,COQUITLAM,Y,N,N,LOWER MAINLAND,MONTGOMERY ST & PALLISER AVE,MONTGOMERY ST,MONTGOMERY ST,12:00-14:59,1,0
N,PROPERTY DAMAGE ONLY,PALOMINO CRES,N,2023,SATURDAY,UNDETERMINED,N,Y,49.112522,-122.718021,N,DECEMBER,N,SURREY,SURREY,SURREY,N,N,N,LOWER MAINLAND,60A AVE & PALOMINO CRES,60A AVE,60A AVE,12:00-14:59,1,0
N,PROPERTY DAMAGE ONLY,PANORAMA DR,N,2023,SATURDAY,SINGLE VEHICLE,N,Y,49.104465,-122.80617,N,DECEMBER,N,SURREY,SURREY,SURREY,N,N,N,LOWER MAINLAND,56 AVE & PANORAMA DR & TURNING LANE,HWY 10,HWY 10,12:00-14:59,1,0
N,PROPERTY DAMAGE ONLY,PENTICTON ST,N,2023,SATURDAY,SIDE SWIPE - SAME DIRECTION,N,Y,49.279101,-123.051991,N,DECEMBER,N,VANCOUVER,VANCOUVER,VANCOUVER,Y,N,N,LOWER MAINLAND,PENTICTON ST & TURNER ST,TURNER ST,TURNER ST,12:00-14:59,1,0
N,PROPERTY DAMAGE ONLY,PLAZA ST,N,2023,SATURDAY,SIDE SWIPE - OPPOSITE DIRECTION,Y,Y,49.220494,-122.605977,N,DECEMBER,N,MAPLE RIDGE,MAPLE RIDGE,MAPLE RIDGE,N,N,N,LOWER MAINLAND,DEWDNEY TRUNK RD & PLAZA ST,DEWDNEY TRUNK RD,DEWDNEY TRUNK RD,12:00-14:59,1,0
N,PROPERTY DAMAGE ONLY,PLAZA ST,N,2023,SATURDAY,SIDE SWIPE - SAME DIRECTION,N,Y,49.220494,-122.605977,N,DECEMBER,N,MAPLE RIDGE,MAPLE RIDGE,MAPLE RIDGE,Y,N,N,LOWER MAINLAND,DEWDNEY TRUNK RD & PLAZA ST,DEWDNEY TRUNK RD,DEWDNEY TRUNK RD,12:00-14:59,1,0
N,PROPERTY DAMAGE ONLY,PREDATOR RIDGE WAY,N,2023,SATURDAY,SINGLE VEHICLE,N,N,\N,\N,N,DECEMBER,N,VERNON,VERNON,\N,N,N,N,SOUTHERN INTERIOR,UNKNOWN,HWY 97,HWY 97,12:00-14:59,1,0
N,PROPERTY DAMAGE ONLY,PREST RD,N,2023,SATURDAY,SINGLE VEHICLE,N,Y,49.155256,-121.918204,N,DECEMBER,N,CHILLIWACK,CHILLIWACK,CHILLIWACK,N,N,N,LOWER MAINLAND,PREST RD & PREST RD OFFRAMP & PREST RD ONRAMP & TRANS-CANADA HWY,HWY 1,HWY 1,12:00-14:59,1,0
N,PROPERTY DAMAGE ONLY,PRINCE ALBERT ST,N,2023,SATURDAY,SIDE IMPACT,N,Y,49.218235,-123.087804,N,DECEMBER,N,VANCOUVER,VANCOUVER,VANCOUVER,Y,N,N,LOWER MAINLAND,E 57TH AVE & PRINCE ALBERT ST,E 57TH AVE,E 57TH AVE,12:00-14:59,1,0
N,PROPERTY DAMAGE ONLY,PRINCESS AVE,N,2023,SATURDAY,SIDE SWIPE - SAME DIRECTION,N,Y,49.27933,-123.091563,N,DECEMBER,N,VANCOUVER,VANCOUVER,VANCOUVER,Y,N,N,LOWER MAINLAND,KEEFER ST & PRINCESS AVE,KEEFER ST,KEEFER ST,12:00-14:59,1,0
N,PROPERTY DAMAGE ONLY,PRIOR ST,N,2023,SATURDAY,SIDE SWIPE - OPPOSITE DIRECTION,N,Y,49.276493,-123.084998,N,DECEMBER,N,VANCOUVER,VANCOUVER,VANCOUVER,N,N,N,LOWER MAINLAND,CAMPBELL AVE & PRIOR ST & VENABLES ST,CAMPBELL AVE,CAMPBELL AVE,12:00-14:59,1,0
N,PROPERTY DAMAGE ONLY,RAVINE WAY,N,2023,SATURDAY,SIDE SWIPE - SAME DIRECTION,N,Y,48.457338,-123.376479,N,DECEMBER,N,SAANICH,SAANICH,SAANICH,N,N,N,VANCOUVER ISLAND,BLANSHARD ST & RAVINE WAY,BLANSHARD ST,BLANSHARD ST,12:00-14:59,1,0
N,PROPERTY DAMAGE ONLY,RENFREW ST,N,2023,SATURDAY,UNDETERMINED,N,Y,49.277464,-123.044105,N,DECEMBER,N,VANCOUVER,VANCOUVER,VANCOUVER,N,N,N,LOWER MAINLAND,ADANAC ST & RENFREW ST,ADANAC ST,ADANAC ST,12:00-14:59,1,0
N,PROPERTY DAMAGE ONLY,RIDGEVIEW DR,N,2023,SATURDAY,MULTIPLE IMPACTS,N,Y,49.067475,-122.348728,N,DECEMBER,N,ABBOTSFORD,ABBOTSFORD,ABBOTSFORD,N,N,N,LOWER MAINLAND,BLUERIDGE DR & HOMESTEAD CRES & RIDGEVIEW DR,BLUERIDGE DR,BLUERIDGE DR,12:00-14:59,1,0
N,PROPERTY DAMAGE ONLY,RIDGEVIEW DR,N,2023,SATURDAY,SIDE SWIPE - SAME DIRECTION,Y,Y,49.067475,-122.348728,N,DECEMBER,N,ABBOTSFORD,ABBOTSFORD,ABBOTSFORD,N,N,N,LOWER MAINLAND,BLUERIDGE DR & HOMESTEAD CRES & RIDGEVIEW DR,BLUERIDGE DR,BLUERIDGE DR,12:00-14:59,1,0
N,PROPERTY DAMAGE ONLY,ROBERTSON CRES,N,2023,SATURDAY,SIDE SWIPE - SAME DIRECTION,N,Y,49.084193,-122.559082,N,DECEMBER,N,LANGLEY,LANGLEY,LANGLEY,N,N,N,LOWER MAINLAND,240 ST & ROBERTSON CRES,240 ST,240 ST,12:00-14:59,1,0
N,PROPERTY DAMAGE ONLY,ROYAL OAK AVE,N,2023,SATURDAY,REAR END,N,Y,49.229914,-122.988907,N,DECEMBER,N,BURNABY,BURNABY,BURNABY,N,N,N,LOWER MAINLAND,DOVER ST & OAKLAND ST & ROYAL OAK AVE,OAKLAND ST,OAKLAND ST,12:00-14:59,1,0
N,PROPERTY DAMAGE ONLY,ROYAL OAK AVE,N,2023,SATURDAY,REAR END,N,Y,49.239829,-122.989004,N,DECEMBER,N,BURNABY,BURNABY,BURNABY,N,N,N,LOWER MAINLAND,DEER LAKE PKY & ROYAL OAK AVE & TURNING LANE,DEER LAKE PKY,DEER LAKE PKY,12:00-14:59,1,0
N,PROPERTY DAMAGE ONLY,SAYWARD RD,N,2023,SATURDAY,SINGLE VEHICLE,N,Y,48.537577,-123.389272,N,DECEMBER,N,SAANICH,SAANICH,SAANICH,N,N,N,VANCOUVER ISLAND,PATRICIA BAY HWY & SAYWARD RD & TURNING LANE,PATRICIA BAY HWY,PATRICIA BAY HWY,12:00-14:59,1,0
N,PROPERTY DAMAGE ONLY,SCHOONER ST,N,2023,SATURDAY,SIDE IMPACT,N,Y,49.228056,-122.839721,N,DECEMBER,N,COQUITLAM,COQUITLAM,COQUITLAM,N,N,N,LOWER MAINLAND,SCHOONER ST & UNITED BLVD,UNITED BLVD,UNITED BLVD,12:00-14:59,1,0
N,PROPERTY DAMAGE ONLY,SE MARINE DR,N,2023,SATURDAY,CONFLICTED,N,Y,49.211079,-123.077129,N,DECEMBER,N,VANCOUVER,VANCOUVER,VANCOUVER,N,N,N,LOWER MAINLAND,KNIGHT ST & KNIGHT ST BRIDGE & SE MARINE DR & SE MARINE DR OFFRAMP & SE MARINE DR ONRAMP & BUS LANE,KNIGHT ST,KNIGHT ST,12:00-14:59,1,0
N,PROPERTY DAMAGE ONLY,SE MARINE DR,Y,2023,SATURDAY,SINGLE VEHICLE,N,Y,49.211118,-123.084037,N,DECEMBER,N,VANCOUVER,VANCOUVER,VANCOUVER,N,N,N,LOWER MAINLAND,ROSS ST & SE MARINE DR,ROSS ST,ROSS ST,12:00-14:59,1,0
N,PROPERTY DAMAGE ONLY,SECOND NARROWS BRIDGE,N,2023,SATURDAY,REAR END,N,N,\N,\N,N,DECEMBER,N,UNKNOWN,UNKNOWN,\N,N,N,N,UNKNOWN,UNKNOWN,HWY 1,HWY 1,12:00-14:59,1,0
N,PROPERTY DAMAGE ONLY,SEYMOUR ST,N,2023,SATURDAY,UNDETERMINED,N,Y,50.674955,-120.334397,N,DECEMBER,N,KAMLOOPS,KAMLOOPS,KAMLOOPS,Y,N,N,SOUTHERN INTERIOR,3RD AVE & SEYMOUR ST,3RD AVE,3RD AVE,12:00-14:59,1,0
N,PROPERTY DAMAGE ONLY,SHAUGHNESSY ST,N,2023,SATURDAY,UNDETERMINED,N,Y,49.262039,-122.781913,N,DECEMBER,N,PORT COQUITLAM,PORT COQUITLAM,PORT COQUITLAM,Y,N,N,LOWER MAINLAND,LEIGH SQUARE PL & SHAUGHNESSY ST & WHYTE AVE,WHYTE AVE,WHYTE AVE,12:00-14:59,1,0
N,PROPERTY DAMAGE ONLY,SHAWNIGAN-MILL BAY RD,N,2023,SATURDAY,REAR END,N,Y,48.65739,-123.560881,N,DECEMBER,N,MILL BAY,MILL BAY,MILL BAY,N,N,N,VANCOUVER ISLAND,SHAWNIGAN-MILL BAY RD & TRANS-CANADA HWY & TURNING LANE,TRANS-CANADA HWY,TRANS-CANADA HWY,12:00-14:59,1,0
N,PROPERTY DAMAGE ONLY,SHELBOURNE ST,N,2023,SATURDAY,SIDE IMPACT,N,Y,48.461268,-123.332958,N,DECEMBER,N,SAANICH,SAANICH,SAANICH,N,N,N,VANCOUVER ISLAND,CEDAR HILL CROSS RD & SHELBOURNE ST,CEDAR HILL CROSS RD,CEDAR HILL CROSS RD,12:00-14:59,1,0
N,PROPERTY DAMAGE ONLY,SIMPSON RD,N,2023,SATURDAY,SINGLE VEHICLE,N,Y,49.046245,-122.40372,N,DECEMBER,N,ABBOTSFORD,ABBOTSFORD,ABBOTSFORD,N,N,N,LOWER MAINLAND,ROSS RD & SIMPSON RD,ROSS RD,ROSS RD,12:00-14:59,1,0
N,PROPERTY DAMAGE ONLY,SKAHA LAKE RD,N,2023,SATURDAY,SIDE IMPACT,N,Y,49.463261,-119.587897,N,DECEMBER,N,PENTICTON,PENTICTON,PENTICTON,N,Y,N,SOUTHERN INTERIOR,GREEN AVE W & SKAHA LAKE RD,GREEN AVE W,GREEN AVE W,12:00-14:59,1,0
N,PROPERTY DAMAGE ONLY,SLOCAN ST,N,2023,SATURDAY,UNDETERMINED,N,Y,49.262006,-123.049586,N,DECEMBER,N,VANCOUVER,VANCOUVER,VANCOUVER,N,N,N,LOWER MAINLAND,E BROADWAY & SLOCAN ST,E BROADWAY,E BROADWAY,12:00-14:59,1,0
N,PROPERTY DAMAGE ONLY,SOUTHERN DR,N,2023,SATURDAY,SIDE IMPACT,N,Y,49.057075,-122.360026,N,DECEMBER,N,ABBOTSFORD,ABBOTSFORD,ABBOTSFORD,N,N,N,LOWER MAINLAND,SOUTHERN DR & TOWNLINE RD,TOWNLINE RD,TOWNLINE RD,12:00-14:59,1,0
N,PROPERTY DAMAGE ONLY,SPENSER DR,N,2023,SATURDAY,SINGLE VEHICLE,N,Y,49.157869,-122.812436,N,DECEMBER,N,SURREY,SURREY,SURREY,N,N,N,LOWER MAINLAND,148 ST & SPENSER DR,148 ST,148 ST,12:00-14:59,1,0
N,PROPERTY DAMAGE ONLY,SPROTT ST,N,2023,SATURDAY,SIDE SWIPE - SAME DIRECTION,N,Y,49.249978,-122.982708,N,DECEMBER,N,BURNABY,BURNABY,BURNABY,N,N,N,LOWER MAINLAND,CANADA WAY & SPROTT ST,CANADA WAY,CANADA WAY,12:00-14:59,1,0
N,PROPERTY DAMAGE ONLY,STEELE RD,N,2023,SATURDAY,SINGLE VEHICLE,N,Y,49.80567,-119.472221,N,DECEMBER,N,KELOWNA,KELOWNA,KELOWNA,N,N,N,SOUTHERN INTERIOR,GORDON DR & STEELE RD,GORDON DR,GORDON DR,12:00-14:59,1,0
N,PROPERTY DAMAGE ONLY,STEVESTON HWY,N,2023,SATURDAY,SIDE SWIPE - SAME DIRECTION,N,Y,49.133385,-123.103242,N,DECEMBER,N,RICHMOND,RICHMOND,RICHMOND,N,N,N,LOWER MAINLAND,SHELL RD & STEVESTON HWY,SHELL RD,SHELL RD,12:00-14:59,1,0
N,PROPERTY DAMAGE ONLY,SUNNYCREST RD,N,2023,SATURDAY,REAR END,N,Y,49.406725,-123.520445,N,DECEMBER,N,GIBSONS,GIBSONS,GIBSONS,N,N,N,LOWER MAINLAND,GIBSONS WAY & SUNNYCREST RD,GIBSONS WAY,GIBSONS WAY,12:00-14:59,1,0
N,PROPERTY DAMAGE ONLY,SUSSEX AVE,N,2023,SATURDAY,SIDE SWIPE - SAME DIRECTION,N,Y,49.221947,-123.004999,N,DECEMBER,N,BURNABY,BURNABY,BURNABY,N,N,N,LOWER MAINLAND,IMPERIAL ST & SUSSEX AVE,IMPERIAL ST,IMPERIAL ST,12:00-14:59,1,0
N,PROPERTY DAMAGE ONLY,SWENSON WAY,N,2023,SATURDAY,SINGLE VEHICLE,N,Y,49.151503,-122.943422,N,DECEMBER,N,DELTA,DELTA,DELTA,N,N,N,LOWER MAINLAND,NORDEL WAY & SWENSON WAY,NORDEL WAY,NORDEL WAY,12:00-14:59,1,0
N,PROPERTY DAMAGE ONLY,TAYLOR PL,N,2023,SATURDAY,REAR END,N,Y,49.333115,-123.134914,N,DECEMBER,N,WEST VANCOUVER,WEST VANCOUVER,WEST VANCOUVER,N,N,N,LOWER MAINLAND,TAYLOR PL & TAYLOR WAY,HWY 99,HWY 99,12:00-14:59,1,0
N,PROPERTY DAMAGE ONLY,TAYLOR WAY,N,2023,SATURDAY,SIDE IMPACT,N,Y,49.32717,-123.134922,N,DECEMBER,N,WEST VANCOUVER,WEST VANCOUVER,WEST VANCOUVER,Y,Y,N,LOWER MAINLAND,MARINE DR & TAYLOR WAY & TURNING LANE,MARINE DR,MARINE DR,12:00-14:59,1,0
N,PROPERTY DAMAGE ONLY,THORNHILL PL,N,2023,SATURDAY,UNDETERMINED,Y,Y,49.066767,-122.344259,N,DECEMBER,N,ABBOTSFORD,ABBOTSFORD,ABBOTSFORD,N,N,N,LOWER MAINLAND,BLUERIDGE DR & THORNHILL PL,BLUERIDGE DR,BLUERIDGE DR,12:00-14:59,1,0
N,PROPERTY DAMAGE ONLY,TOWNLINE ROAD,N,2023,SATURDAY,SINGLE VEHICLE,N,N,\N,\N,N,DECEMBER,N,ABBOTSFORD,ABBOTSFORD,\N,N,N,N,LOWER MAINLAND,UNKNOWN,BLUERIDGE DR,BLUERIDGE DR,12:00-14:59,1,0
N,PROPERTY DAMAGE ONLY,TOWNSHIPLINE RD,N,2023,SATURDAY,UNDETERMINED,N,Y,49.089416,-122.404113,N,DECEMBER,N,ABBOTSFORD,ABBOTSFORD,ABBOTSFORD,N,N,N,LOWER MAINLAND,ROSS RD & TOWNSHIPLINE RD,ROSS RD,ROSS RD,12:00-14:59,1,0
N,PROPERTY DAMAGE ONLY,TRANS-CANADA HWY NE,N,2023,SATURDAY,UNDETERMINED,N,Y,50.707179,-119.250529,N,DECEMBER,N,SALMON ARM,SALMON ARM,SALMON ARM,N,N,N,SOUTHERN INTERIOR,10 AVE NE & 30 ST NE & 9 AVE NE & TRANS-CANADA HWY NE & TURNING LANE,30 ST NE,30 ST NE,12:00-14:59,1,0
N,PROPERTY DAMAGE ONLY,TYEE RD,N,2023,SATURDAY,REAR END,N,Y,48.433781,-123.380574,N,DECEMBER,N,VICTORIA,VICTORIA,VICTORIA,N,N,N,VANCOUVER ISLAND,BAY ST & TYEE RD,BAY ST,BAY ST,12:00-14:59,1,0
N,PROPERTY DAMAGE ONLY,UNKNOWN,N,2023,SATURDAY,SIDE IMPACT,N,N,\N,\N,N,DECEMBER,N,SURREY,SURREY,\N,N,N,N,LOWER MAINLAND,UNKNOWN,UNKNOWN,UNKNOWN,12:00-14:59,1,0
N,PROPERTY DAMAGE ONLY,UNKNOWN,N,2023,SATURDAY,SINGLE VEHICLE,N,N,\N,\N,N,DECEMBER,N,VANCOUVER,VANCOUVER,\N,N,N,N,LOWER MAINLAND,UNKNOWN,E HASTINGS ST,E HASTINGS ST,12:00-14:59,1,0
N,PROPERTY DAMAGE ONLY,UNKNOWN,N,2023,SATURDAY,UNDETERMINED,N,N,\N,\N,N,DECEMBER,N,PENTICTON,PENTICTON,\N,Y,N,N,SOUTHERN INTERIOR,UNKNOWN,MAIN ST,MAIN ST,12:00-14:59,1,0
N,PROPERTY DAMAGE ONLY,UNKNOWN,N,2023,SATURDAY,UNDETERMINED,N,N,\N,\N,N,DECEMBER,N,WEST VANCOUVER,WEST VANCOUVER,\N,Y,N,N,LOWER MAINLAND,UNKNOWN,MARINE DR,MARINE DR,12:00-14:59,1,0
N,PROPERTY DAMAGE ONLY,UPPER MACLURE RD,N,2023,SATURDAY,SIDE SWIPE - SAME DIRECTION,N,Y,49.060397,-122.360028,N,DECEMBER,N,ABBOTSFORD,ABBOTSFORD,ABBOTSFORD,N,N,N,LOWER MAINLAND,TOWNLINE RD & UPPER MACLURE RD,TOWNLINE RD,TOWNLINE RD,12:00-14:59,1,0
N,PROPERTY DAMAGE ONLY,VANCE RD,N,2023,SATURDAY,SIDE SWIPE - SAME DIRECTION,N,Y,53.880948,-122.770053,N,DECEMBER,N,PRINCE GEORGE,PRINCE GEORGE,PRINCE GEORGE,N,N,N,NORTH CENTRAL,COWART RD & HWY 16 W & VANCE RD & CEMETERY ACCESS & TURNING LANE,HWY 16,HWY 16,12:00-14:59,1,0
N,PROPERTY DAMAGE ONLY,VEDDER RD,N,2023,SATURDAY,CONFLICTED,N,Y,49.140842,-121.959972,N,DECEMBER,N,CHILLIWACK,CHILLIWACK,CHILLIWACK,N,Y,N,LOWER MAINLAND,LUCKAKUCK WAY & VEDDER RD & TURNING LANE,LUCKAKUCK WAY,LUCKAKUCK WAY,12:00-14:59,1,0
N,PROPERTY DAMAGE ONLY,VEDDER RD,N,2023,SATURDAY,SIDE SWIPE - OPPOSITE DIRECTION,N,Y,49.140842,-121.959972,N,DECEMBER,N,CHILLIWACK,CHILLIWACK,CHILLIWACK,Y,Y,N,LOWER MAINLAND,LUCKAKUCK WAY & VEDDER RD & TURNING LANE,LUCKAKUCK WAY,LUCKAKUCK WAY,12:00-14:59,1,0
N,PROPERTY DAMAGE ONLY,VICTORIA DR,N,2023,SATURDAY,REAR END,N,Y,49.262291,-123.065917,N,DECEMBER,N,VANCOUVER,VANCOUVER,VANCOUVER,N,N,N,LOWER MAINLAND,E BROADWAY & VICTORIA DR,E BROADWAY,E BROADWAY,12:00-14:59,1,0
N,PROPERTY DAMAGE ONLY,VICTORIA DR,N,2023,SATURDAY,SIDE SWIPE - SAME DIRECTION,N,Y,49.225169,-123.065763,N,DECEMBER,N,VANCOUVER,VANCOUVER,VANCOUVER,N,N,N,LOWER MAINLAND,E 49TH AVE & VICTORIA DR,E 49TH AVE,E 49TH AVE,12:00-14:59,1,0
N,PROPERTY DAMAGE ONLY,VIEW RD,N,2023,SATURDAY,SINGLE VEHICLE,N,Y,50.914257,-119.520821,N,DECEMBER,N,LEE CREEK,LEE CREEK,LEE CREEK,N,N,N,SOUTHERN INTERIOR,LEE CREEK DR & VIEW RD,LEE CREEK DR,LEE CREEK DR,12:00-14:59,1,0
N,PROPERTY DAMAGE ONLY,W 70TH AVE,N,2023,SATURDAY,REAR END,N,Y,49.208534,-123.140534,N,DECEMBER,N,VANCOUVER,VANCOUVER,VANCOUVER,N,N,N,LOWER MAINLAND,GRANVILLE ST & W 70TH AVE,GRANVILLE ST,GRANVILLE ST,12:00-14:59,1,0
N,PROPERTY DAMAGE ONLY,W 71ST AVE,N,2023,SATURDAY,SIDE SWIPE - SAME DIRECTION,N,Y,49.207069,-123.140585,N,DECEMBER,N,VANCOUVER,VANCOUVER,VANCOUVER,N,N,N,LOWER MAINLAND,GRANVILLE ST & W 71ST AVE,GRANVILLE ST,GRANVILLE ST,12:00-14:59,1,0
N,PROPERTY DAMAGE ONLY,WALLACE ST,N,2023,SATURDAY,SIDE IMPACT,N,Y,49.381971,-121.435058,N,DECEMBER,N,HOPE,HOPE,HOPE,Y,Y,N,LOWER MAINLAND,6TH AVE & WALLACE ST,6TH AVE,6TH AVE,12:00-14:59,1,0
N,PROPERTY DAMAGE ONLY,WEEDEN DR,N,2023,SATURDAY,REAR END,N,Y,49.097077,-121.95499,N,DECEMBER,N,CHILLIWACK,CHILLIWACK,CHILLIWACK,Y,N,N,LOWER MAINLAND,CRIMSON RIDGE & WEEDEN DR,CRIMSON RIDGE,CRIMSON RIDGE,12:00-14:59,1,0
N,PROPERTY DAMAGE ONLY,WELLINGTON AVE,N,2023,SATURDAY,REAR END,N,Y,49.24004,-123.030127,N,DECEMBER,N,VANCOUVER,VANCOUVER,VANCOUVER,N,N,N,LOWER MAINLAND,JOYCE ST & WELLINGTON AVE,JOYCE ST,JOYCE ST,12:00-14:59,1,0
N,PROPERTY DAMAGE ONLY,WELLINGTON AVE,N,2023,SATURDAY,SIDE IMPACT,N,Y,49.24004,-123.030127,N,DECEMBER,N,VANCOUVER,VANCOUVER,VANCOUVER,N,N,N,LOWER MAINLAND,JOYCE ST & WELLINGTON AVE,JOYCE ST,JOYCE ST,12:00-14:59,1,0
N,PROPERTY DAMAGE ONLY,WESSEX ST,N,2023,SATURDAY,REAR END,N,Y,49.233191,-123.03407,N,DECEMBER,N,VANCOUVER,VANCOUVER,VANCOUVER,N,N,N,LOWER MAINLAND,KINGSWAY & WESSEX ST,KINGSWAY,KINGSWAY,12:00-14:59,1,0
N,PROPERTY DAMAGE ONLY,WESTRIDGE PL,N,2023,SATURDAY,SINGLE VEHICLE,N,Y,49.068698,-122.359842,N,DECEMBER,N,ABBOTSFORD,ABBOTSFORD,ABBOTSFORD,N,N,N,LOWER MAINLAND,TOWNLINE RD & WESTRIDGE PL,TOWNLINE RD,TOWNLINE RD,12:00-14:59,1,0
N,PROPERTY DAMAGE ONLY,WHITEWATER RD,N,2023,SATURDAY,SINGLE VEHICLE,N,N,\N,\N,N,DECEMBER,N,NELSON,NELSON,\N,N,N,N,SOUTHERN INTERIOR,UNKNOWN,HWY 6,HWY 6,12:00-14:59,1,0
N,PROPERTY DAMAGE ONLY,WILLINGDON AVE,N,2023,SATURDAY,REAR END,N,Y,49.257636,-123.004065,N,DECEMBER,N,BURNABY,BURNABY,BURNABY,N,N,N,LOWER MAINLAND,GRANDVIEW HWY & GRANDVIEW HWY ONRAMP & TRANS-CANADA HWY & TRANS-CANADA HWY ONRAMP & WILLINGDON AVE & WILLINGDON AVE OFFRAMP & EMERGENCY LANE,HWY 1,HWY 1,12:00-14:59,1,0
N,PROPERTY DAMAGE ONLY,WILLINGDON AVE OFFRAMP,N,2023,SATURDAY,REAR END,N,Y,49.257636,-123.004065,N,DECEMBER,N,BURNABY,BURNABY,BURNABY,N,N,N,LOWER MAINLAND,GRANDVIEW HWY & GRANDVIEW HWY ONRAMP & TRANS-CANADA HWY & TRANS-CANADA HWY ONRAMP & WILLINGDON AVE & WILLINGDON AVE OFFRAMP & EMERGENCY LANE,HWY 1,HWY 1,12:00-14:59,1,0
N,PROPERTY DAMAGE ONLY,WINFIELD RD,N,2023,SATURDAY,SIDE SWIPE - OPPOSITE DIRECTION,N,Y,50.022995,-119.404265,N,DECEMBER,N,LAKE COUNTRY,LAKE COUNTRY,LAKE COUNTRY,N,N,N,SOUTHERN INTERIOR,MAIN ST & WINFIELD RD,MAIN ST,MAIN ST,12:00-14:59,1,0
N,PROPERTY DAMAGE ONLY,YATES ST,Y,2023,SATURDAY,SINGLE VEHICLE,N,Y,48.425968,-123.362066,N,DECEMBER,N,VICTORIA,VICTORIA,VICTORIA,N,N,N,VANCOUVER ISLAND,BLANSHARD ST & YATES ST,BLANSHARD ST,BLANSHARD ST,12:00-14:59,1,0
N,PROPERTY DAMAGE ONLY,YEW ST,N,2023,SATURDAY,CONFLICTED,N,Y,49.234628,-123.158501,N,DECEMBER,N,VANCOUVER,VANCOUVER,VANCOUVER,Y,N,N,LOWER MAINLAND,W 41ST AVE & YEW ST,W 41ST AVE,W 41ST AVE,12:00-14:59,1,0
Y,CASUALTY CRASH,\N,N,2023,SATURDAY,SINGLE VEHICLE,N,N,\N,\N,N,DECEMBER,N,OKANAGAN FALLS,OKANAGAN FALLS,\N,N,N,N,SOUTHERN INTERIOR,UNKNOWN,HWY 97,HWY 97,12:00-14:59,1,1
Y,PROPERTY DAMAGE ONLY,\N,N,2023,SATURDAY,SINGLE VEHICLE,N,N,\N,\N,N,DECEMBER,N,ALEXIS CREEK,ALEXIS CREEK,\N,N,N,N,NORTH CENTRAL,UNKNOWN,HWY 20,HWY 20,12:00-14:59,1,0
Y,PROPERTY DAMAGE ONLY,\N,N,2023,SATURDAY,SINGLE VEHICLE,N,N,\N,\N,N,DECEMBER,N,ASHCROFT,ASHCROFT,\N,N,N,N,SOUTHERN INTERIOR,UNKNOWN,HWY 1,HWY 1,12:00-14:59,1,0
Y,PROPERTY DAMAGE ONLY,\N,N,2023,SATURDAY,SINGLE VEHICLE,N,N,\N,\N,N,DECEMBER,N,CHILLIWACK,CHILLIWACK,\N,N,N,N,LOWER MAINLAND,UNKNOWN,YOUNG RD,YOUNG RD,12:00-14:59,1,0
Y,PROPERTY DAMAGE ONLY,\N,N,2023,SATURDAY,SINGLE VEHICLE,N,N,\N,\N,N,DECEMBER,N,COMOX,COMOX,\N,N,N,N,VANCOUVER ISLAND,UNKNOWN,ISLAND HWY,ISLAND HWY,12:00-14:59,1,0
Y,PROPERTY DAMAGE ONLY,\N,N,2023,SATURDAY,SINGLE VEHICLE,N,N,\N,\N,N,DECEMBER,N,CRESTON,CRESTON,\N,N,N,N,SOUTHERN INTERIOR,UNKNOWN,HWY 21,HWY 21,12:00-14:59,1,0
Y,PROPERTY DAMAGE ONLY,\N,N,2023,SATURDAY,SINGLE VEHICLE,N,N,\N,\N,N,DECEMBER,N,NORTH VANCOUVER,NORTH VANCOUVER,\N,N,N,N,LOWER MAINLAND,UNKNOWN,MT SEYMOUR PKY,MT SEYMOUR PKY,12:00-14:59,1,0
Y,PROPERTY DAMAGE ONLY,\N,N,2023,SATURDAY,SINGLE VEHICLE,N,N,\N,\N,N,DECEMBER,N,PARKSVILLE,PARKSVILLE,\N,N,N,N,VANCOUVER ISLAND,UNKNOWN,ALLSBROOK RD,ALLSBROOK RD,12:00-14:59,1,0
Y,PROPERTY DAMAGE ONLY,\N,N,2023,SATURDAY,SINGLE VEHICLE,N,N,\N,\N,N,DECEMBER,N,PEACHLAND,PEACHLAND,\N,N,N,N,SOUTHERN INTERIOR,UNKNOWN,HWY 97,HWY 97,12:00-14:59,1,0
Y,PROPERTY DAMAGE ONLY,\N,N,2023,SATURDAY,SINGLE VEHICLE,N,N,\N,\N,N,DECEMBER,N,PRINCE GEORGE,PRINCE GEORGE,\N,N,N,N,NORTH CENTRAL,UNKNOWN,HWY 16 E,HWY 16 E,12:00-14:59,1,0
Y,PROPERTY DAMAGE ONLY,\N,N,2023,SATURDAY,SINGLE VEHICLE,N,N,\N,\N,N,DECEMBER,N,SOOKE,SOOKE,\N,N,N,N,VANCOUVER ISLAND,UNKNOWN,OTTER POINT RD,OTTER POINT RD,12:00-14:59,1,0
Y,PROPERTY DAMAGE ONLY,WYCLIFFE PARK RD,N,2023,SATURDAY,SINGLE VEHICLE,N,Y,49.605021,-115.863334,N,DECEMBER,N,WYCLIFFE,WYCLIFFE,WYCLIFFE,N,N,N,SOUTHERN INTERIOR,HWY 95A & MISSION-WYCLIFFE RD & WYCLIFFE PARK RD,HWY 95A,HWY 95A,12:00-14:59,1,0
