ANIMAL_FLAG,CRASH_SEVERITY,CROSS_STREET_FULL_NAME,CYCLIST_FLAG,DATE_OF_LOSS_YEAR,DAY_OF_WEEK,DERIVED_CRASH_CONFIGURATION,HEAVY_VEH_FLAG,INTERSECTION_CRASH,LATITUDE,LONGITUDE,MID_BLOCK_CRASH,MONTH_OF_YEAR,MOTORCYCLE_FLAG,Municipality Name (ifnull),MUNICIPALITY_NAME,MUNICIPALITY_WITH_BOUNDARY,PARKED_VEHICLE_FLAG,PARKING_LOT_FLAG,PEDESTRIAN_FLAG,REGION,ROAD_LOCATION_DESCRIPTION,Street Full Name (ifnull),STREET_FULL_NAME,TIME_CATEGORY,TOTAL_CRASHES,TOTAL_VICTIMS
N,CASUALTY CRASH,\N,N,2025,MONDAY,CONFLICTED,N,N,49.1738,-123.13411,Y,MARCH,N,RICHMOND,RICHMOND,RICHMOND,N,N,N,LOWER MAINLAND,LANSDOWNE RD # 008000 TO 008398 even,LANSDOWNE RD,LANSDOWNE RD,15:00-17:59,1,2
N,CASUALTY CRASH,\N,N,2025,MONDAY,HEAD ON,N,N,49.967684,-119.424398,Y,MARCH,N,KELOWNA,KELOWNA,KELOWNA,N,N,N,SOUTHERN INTERIOR,GLENMORE RD N # 002470 TO 002599,GLENMORE RD N,GLENMORE RD N,15:00-17:59,1,1
N,CASUALTY CRASH,\N,N,2025,MONDAY,MULTIPLE IMPACTS,N,N,49.143468,-121.97902,Y,MARCH,N,CHILLIWACK,CHILLIWACK,CHILLIWACK,N,N,N,LOWER MAINLAND,LUCKAKUCK WAY # 045000 TO 045009,LUCKAKUCK WAY,LUCKAKUCK WAY,15:00-17:59,1,1
N,CASUALTY CRASH,\N,N,2025,MONDAY,REAR END,N,N,\N,\N,N,MARCH,N,BURNABY,BURNABY,\N,N,N,N,LOWER MAINLAND,UNKNOWN,HWY 1,HWY 1,15:00-17:59,1,1
N,CASUALTY CRASH,\N,N,2025,MONDAY,REAR END,N,N,\N,\N,N,MARCH,N,COQUITLAM,COQUITLAM,\N,N,N,N,LOWER MAINLAND,UNKNOWN,HWY 1,HWY 1,15:00-17:59,1,1
N,CASUALTY CRASH,\N,N,2025,MONDAY,REAR END,N,N,\N,\N,N,MARCH,N,LANGLEY,LANGLEY,\N,N,N,N,LOWER MAINLAND,UNKNOWN,HWY 1,HWY 1,15:00-17:59,1,1
N,CASUALTY CRASH,\N,N,2025,MONDAY,REAR END,N,N,\N,\N,N,MARCH,N,SURREY,SURREY,\N,N,N,N,LOWER MAINLAND,UNKNOWN,HWY 99,HWY 99,15:00-17:59,1,1
N,CASUALTY CRASH,\N,N,2025,MONDAY,REAR END,N,N,\N,\N,N,MARCH,N,VICTORIA,VICTORIA,\N,N,N,N,VANCOUVER ISLAND,UNKNOWN,TRANS-CANADA HWY,TRANS-CANADA HWY,15:00-17:59,1,1
N,CASUALTY CRASH,\N,N,2025,MONDAY,REAR END,N,N,48.836058,-123.491849,Y,MARCH,N,SALT SPRING ISLAND,SALT SPRING ISLAND,SALT SPRING ISLAND,N,N,N,VANCOUVER ISLAND,CRANBERRY RD # 000160 TO 000169,CRANBERRY RD,CRANBERRY RD,15:00-17:59,1,1
N,CASUALTY CRASH,\N,N,2025,MONDAY,REAR END,N,N,49.273281,-123.116884,Y,MARCH,N,VANCOUVER,VANCOUVER,VANCOUVER,Y,Y,N,LOWER MAINLAND,MARINASIDE CRES # 001030 TO 001069,MARINASIDE CRES,MARINASIDE CRES,15:00-17:59,1,2
N,CASUALTY CRASH,\N,N,2025,MONDAY,REAR END,N,N,49.474237,-123.749999,Y,MARCH,N,SECHELT,SECHELT,SECHELT,N,N,N,LOWER MAINLAND,SUNSHINE COAST HWY # 005551 TO 005589 odd,SUNSHINE COAST HWY,SUNSHINE COAST HWY,15:00-17:59,1,1
N,CASUALTY CRASH,\N,N,2025,MONDAY,SIDE SWIPE - SAME DIRECTION,N,N,\N,\N,N,MARCH,N,ABBOTSFORD,ABBOTSFORD,\N,N,N,N,LOWER MAINLAND,UNKNOWN,HWY 1,HWY 1,15:00-17:59,1,1
N,CASUALTY CRASH,\N,N,2025,MONDAY,SIDE SWIPE - SAME DIRECTION,N,N,48.478631,-123.403754,Y,MARCH,N,SAANICH,SAANICH,SAANICH,Y,N,N,VANCOUVER ISLAND,ROY RD # 001000 TO 001079,ROY RD,ROY RD,15:00-17:59,1,2
N,CASUALTY CRASH,\N,N,2025,MONDAY,SIDE SWIPE - SAME DIRECTION,N,N,49.130832,-123.92292,Y,MARCH,N,NANAIMO,NANAIMO,NANAIMO,Y,Y,N,VANCOUVER ISLAND,TENTH ST # 000050 TO 000078 even,TENTH ST,TENTH ST,15:00-17:59,1,1
N,CASUALTY CRASH,\N,N,2025,MONDAY,SIDE SWIPE - SAME DIRECTION,N,N,49.406736,-123.519661,Y,MARCH,N,GIBSONS,GIBSONS,GIBSONS,Y,Y,N,LOWER MAINLAND,GIBSONS WAY # 000890 TO 000919,GIBSONS WAY,GIBSONS WAY,15:00-17:59,1,1
N,CASUALTY CRASH,\N,N,2025,MONDAY,SINGLE VEHICLE,N,N,\N,\N,N,MARCH,N,CHETWYND,CHETWYND,\N,N,N,N,NORTH CENTRAL,UNKNOWN,HWY 97,HWY 97,15:00-17:59,1,1
N,CASUALTY CRASH,\N,N,2025,MONDAY,SINGLE VEHICLE,N,N,\N,\N,N,MARCH,N,KAMLOOPS,KAMLOOPS,\N,N,N,N,SOUTHERN INTERIOR,UNKNOWN,LAC LE JEUNE RD,LAC LE JEUNE RD,15:00-17:59,1,1
N,CASUALTY CRASH,\N,N,2025,MONDAY,SINGLE VEHICLE,N,N,\N,\N,N,MARCH,N,PARKSVILLE,PARKSVILLE,\N,N,N,N,VANCOUVER ISLAND,UNKNOWN,ISLAND HWY W,ISLAND HWY W,15:00-17:59,1,1
N,CASUALTY CRASH,\N,N,2025,MONDAY,SINGLE VEHICLE,N,N,\N,\N,N,MARCH,N,PRINCE GEORGE,PRINCE GEORGE,\N,N,N,N,NORTH CENTRAL,UNKNOWN,FOOTHILLS BLVD,FOOTHILLS BLVD,15:00-17:59,1,1
N,CASUALTY CRASH,\N,N,2025,MONDAY,SINGLE VEHICLE,N,N,49.109563,-122.844484,Y,MARCH,N,SURREY,SURREY,SURREY,N,N,N,LOWER MAINLAND,58A AVE # 013600 TO 013679,58A AVE,58A AVE,15:00-17:59,1,1
N,CASUALTY CRASH,\N,N,2025,MONDAY,SINGLE VEHICLE,N,N,50.010793,-125.356582,Y,MARCH,N,CAMPBELL RIVER,CAMPBELL RIVER,CAMPBELL RIVER,N,N,N,VANCOUVER ISLAND,GOLD RIVER HWY # 007000 TO 007199,GOLD RIVER HWY,GOLD RIVER HWY,15:00-17:59,1,1
N,CASUALTY CRASH,\N,N,2025,MONDAY,UNDETERMINED,N,N,49.283726,-122.809269,Y,MARCH,N,COQUITLAM,COQUITLAM,COQUITLAM,Y,Y,Y,LOWER MAINLAND,LANSDOWNE DR # 001182 TO 001199,LANSDOWNE DR,LANSDOWNE DR,15:00-17:59,1,1
N,CASUALTY CRASH,\N,N,2025,MONDAY,UNDETERMINED,N,N,50.692569,-119.253511,Y,MARCH,N,SALMON ARM,SALMON ARM,SALMON ARM,N,Y,N,SOUTHERN INTERIOR,10 AVE SE # 002522 TO 002959,10 AVE SE,10 AVE SE,15:00-17:59,1,1
N,CASUALTY CRASH,10 AVE,N,2025,MONDAY,CONFLICTED,N,Y,49.020289,-122.762273,N,MARCH,N,SURREY,SURREY,SURREY,N,N,N,LOWER MAINLAND,10 AVE & KING GEORGE BLVD,KING GEORGE BLVD,KING GEORGE BLVD,15:00-17:59,1,1
N,CASUALTY CRASH,100 AVE,N,2025,MONDAY,REAR END,N,Y,49.184194,-122.800938,N,MARCH,N,SURREY,SURREY,SURREY,N,N,N,LOWER MAINLAND,100 AVE & 152 ST,152 ST,152 ST,15:00-17:59,1,1
N,CASUALTY CRASH,103 AVE,N,2025,MONDAY,REAR END,N,Y,49.189345,-122.778518,N,MARCH,N,SURREY,SURREY,SURREY,N,N,N,LOWER MAINLAND,103 AVE & 160 ST,160 ST,160 ST,15:00-17:59,1,1
N,CASUALTY CRASH,103 AVE,N,2025,MONDAY,SIDE IMPACT,N,Y,56.249272,-120.850946,N,MARCH,N,FORT ST. JOHN,FORT ST. JOHN,FORT ST. JOHN,N,N,N,NORTH CENTRAL,102 ST & 103 AVE,102 ST,102 ST,15:00-17:59,1,2
N,CASUALTY CRASH,105 AVE,N,2025,MONDAY,REAR END,N,Y,49.193208,-122.800877,N,MARCH,N,SURREY,SURREY,SURREY,N,N,N,LOWER MAINLAND,105 AVE & 152 ST,152 ST,152 ST,15:00-17:59,1,1
N,CASUALTY CRASH,108 AVE,N,2025,MONDAY,SIDE IMPACT,N,Y,49.198738,-122.80625,N,MARCH,N,SURREY,SURREY,SURREY,N,N,N,LOWER MAINLAND,108 AVE & 150 ST,150 ST,150 ST,15:00-17:59,1,1
N,CASUALTY CRASH,136 ST,N,2025,MONDAY,CONFLICTED,N,Y,49.108249,-122.845555,N,MARCH,N,SURREY,SURREY,SURREY,N,N,N,LOWER MAINLAND,136 ST & 58 AVE,HWY 10,HWY 10,15:00-17:59,1,1
N,CASUALTY CRASH,137A ST,N,2025,MONDAY,SIDE IMPACT,N,Y,49.166467,-122.841546,N,MARCH,N,SURREY,SURREY,SURREY,N,N,N,LOWER MAINLAND,137A ST & 90 AVE & CRICHTON DR,90 AVE,90 AVE,15:00-17:59,1,1
N,CASUALTY CRASH,144 ST,N,2025,MONDAY,SIDE SWIPE - SAME DIRECTION,N,Y,49.119128,-122.823275,N,MARCH,N,SURREY,SURREY,SURREY,N,N,N,LOWER MAINLAND,144 ST & 64 AVE,64 AVE,64 AVE,15:00-17:59,1,1
N,CASUALTY CRASH,146 ST,N,2025,MONDAY,REAR END,N,Y,49.155517,-122.817569,N,MARCH,N,SURREY,SURREY,SURREY,N,N,N,LOWER MAINLAND,146 ST & 84 AVE,84 AVE,84 AVE,15:00-17:59,1,1
N,CASUALTY CRASH,150 ST,N,2025,MONDAY,REAR END,N,Y,49.198738,-122.80625,N,MARCH,N,SURREY,SURREY,SURREY,N,N,N,LOWER MAINLAND,108 AVE & 150 ST,108 AVE,108 AVE,15:00-17:59,1,2
N,CASUALTY CRASH,16 AVE,N,2025,MONDAY,SINGLE VEHICLE,N,Y,49.032017,-123.068661,N,MARCH,N,DELTA,DELTA,DELTA,N,N,N,LOWER MAINLAND,16 AVE & 56 ST,56 ST,56 ST,15:00-17:59,1,1
N,CASUALTY CRASH,172 ST,N,2025,MONDAY,SINGLE VEHICLE,N,Y,49.111522,-122.746012,N,MARCH,N,SURREY,SURREY,SURREY,N,N,Y,LOWER MAINLAND,172 ST & 60 AVE,60 AVE,60 AVE,15:00-17:59,1,1
N,CASUALTY CRASH,174 ST,N,2025,MONDAY,SIDE IMPACT,N,Y,49.191502,-122.740373,N,MARCH,N,SURREY,SURREY,SURREY,N,N,N,LOWER MAINLAND,104 AVE & 174 ST,104 AVE,104 AVE,15:00-17:59,1,1
N,CASUALTY CRASH,176 ST,N,2025,MONDAY,REAR END,N,Y,49.07457,-122.735588,N,MARCH,N,SURREY,SURREY,SURREY,N,N,N,LOWER MAINLAND,176 ST & 40 AVE,40 AVE,40 AVE,15:00-17:59,1,1
N,CASUALTY CRASH,200 ST,N,2025,MONDAY,SIDE IMPACT,N,Y,49.164209,-122.668857,N,MARCH,N,LANGLEY,LANGLEY,LANGLEY,N,N,N,LOWER MAINLAND,200 ST & 200 ST OFFRAMP & 88 AVE & 88 AVE ONRAMP & HWY 1 ONRAMP & TRANS-CANADA HWY,88 AVE,88 AVE,15:00-17:59,1,2
N,CASUALTY CRASH,202 ST,N,2025,MONDAY,REAR END,N,Y,49.170805,-122.663095,N,MARCH,N,LANGLEY,LANGLEY,LANGLEY,N,N,N,LOWER MAINLAND,202 ST & 92A AVE,92A AVE,92A AVE,15:00-17:59,1,1
N,CASUALTY CRASH,203 ST,N,2025,MONDAY,REAR END,N,Y,49.23238,-122.656702,N,MARCH,N,MAPLE RIDGE,MAPLE RIDGE,MAPLE RIDGE & PITT MEADOWS,N,N,N,LOWER MAINLAND,203 ST & GOLDEN EARS WAY,GOLDEN EARS WAY,GOLDEN EARS WAY,15:00-17:59,1,1
N,CASUALTY CRASH,216 ST,N,2025,MONDAY,CONFLICTED,N,Y,49.089417,-122.624744,N,MARCH,N,LANGLEY,LANGLEY,LANGLEY,N,N,N,LOWER MAINLAND,216 ST & 48 AVE & OLD YALE RD,48 AVE,48 AVE,15:00-17:59,1,1
N,CASUALTY CRASH,216 ST,N,2025,MONDAY,REAR END,N,Y,49.152312,-122.624191,N,MARCH,N,LANGLEY,LANGLEY,LANGLEY,N,N,N,LOWER MAINLAND,216 ST & 216 ST OFFRAMP & TRANS-CANADA HWY & TRANS-CANADA HWY ONRAMP & TURNING LANE,HWY 1,HWY 1,15:00-17:59,1,3
N,CASUALTY CRASH,220 ST,N,2025,MONDAY,REAR END,N,Y,49.216942,-122.612692,N,MARCH,N,MAPLE RIDGE,MAPLE RIDGE,MAPLE RIDGE,N,N,N,LOWER MAINLAND,220 ST & LOUGHEED HWY,LOUGHEED HWY,LOUGHEED HWY,15:00-17:59,1,1
N,CASUALTY CRASH,264 ST,N,2025,MONDAY,CONFLICTED,N,Y,49.101569,-122.492803,N,MARCH,N,LANGLEY,LANGLEY,LANGLEY,N,N,N,LOWER MAINLAND,264 ST & 264 ST OFFRAMP & 264 ST ONRAMP & 56 AVE & 56 AVE OFFRAMP & 56 AVE ONRAMP & TRANS-CANADA HWY & TURNING LANE,HWY 1,HWY 1,15:00-17:59,1,2
N,CASUALTY CRASH,57 AVE,N,2025,MONDAY,REAR END,N,Y,49.105714,-122.805959,N,MARCH,N,SURREY,SURREY,SURREY,N,N,N,LOWER MAINLAND,57 AVE & PANORAMA DR & MALL ACCESS,PANORAMA DR,PANORAMA DR,15:00-17:59,1,2
N,CASUALTY CRASH,66 AVE,N,2025,MONDAY,REAR END,N,Y,49.12371,-122.67988,N,MARCH,N,LANGLEY,LANGLEY,LANGLEY & SURREY,N,N,N,LOWER MAINLAND,196 ST & 66 AVE,196 ST,196 ST,15:00-17:59,1,2
N,CASUALTY CRASH,68 AVE,N,2025,MONDAY,REAR END,N,Y,49.126381,-122.690847,N,MARCH,N,SURREY,SURREY,SURREY,N,N,N,LOWER MAINLAND,192 ST & 68 AVE,192 ST,192 ST,15:00-17:59,1,1
N,CASUALTY CRASH,72 AVE,N,2025,MONDAY,REAR END,N,Y,49.13352,-122.668321,N,MARCH,N,LANGLEY,LANGLEY,LANGLEY,N,N,N,LOWER MAINLAND,200 ST & 72 AVE,200 ST,200 ST,15:00-17:59,1,1
N,CASUALTY CRASH,72 AVE,N,2025,MONDAY,SIDE IMPACT,N,Y,49.133236,-122.645714,N,MARCH,N,LANGLEY,LANGLEY,LANGLEY,N,N,N,LOWER MAINLAND,208 ST & 72 AVE & TURNING LANE,208 ST,208 ST,15:00-17:59,1,1
N,CASUALTY CRASH,74 AVE,N,2025,MONDAY,REAR END,N,Y,49.13718,-122.845616,N,MARCH,N,SURREY,SURREY,SURREY,N,N,N,LOWER MAINLAND,74 AVE & KING GEORGE BLVD & TURNING LANE,KING GEORGE BLVD,KING GEORGE BLVD,15:00-17:59,1,1
N,CASUALTY CRASH,79 AVE,N,2025,MONDAY,SIDE IMPACT,N,Y,49.14642,-122.867959,N,MARCH,N,SURREY,SURREY,SURREY,N,N,N,LOWER MAINLAND,128 ST & 79 AVE,128 ST,128 ST,15:00-17:59,1,2
N,CASUALTY CRASH,80 AVE,N,2025,MONDAY,SIDE IMPACT,N,Y,49.148132,-122.867974,N,MARCH,N,SURREY,SURREY,SURREY,N,N,N,LOWER MAINLAND,128 ST & 80 AVE,128 ST,128 ST,15:00-17:59,1,1
N,CASUALTY CRASH,81A AVE,N,2025,MONDAY,CONFLICTED,N,Y,49.150929,-122.668393,N,MARCH,N,LANGLEY,LANGLEY,LANGLEY,N,N,N,LOWER MAINLAND,200 ST & 81A AVE & TURNING LANE,200 ST,200 ST,15:00-17:59,1,2
N,CASUALTY CRASH,82 AVE,Y,2025,MONDAY,SINGLE VEHICLE,N,Y,49.152226,-122.888541,N,MARCH,N,SURREY,SURREY,SURREY,N,N,N,LOWER MAINLAND,120A ST & 82 AVE,120A ST,120A ST,15:00-17:59,1,1
N,CASUALTY CRASH,82A AVE,N,2025,MONDAY,REAR END,N,Y,49.153084,-122.823387,N,MARCH,N,SURREY,SURREY,SURREY,N,N,N,LOWER MAINLAND,144 ST & 82A AVE,144 ST,144 ST,15:00-17:59,1,1
N,CASUALTY CRASH,88 AVE,N,2025,MONDAY,CONFLICTED,N,Y,49.164209,-122.668857,N,MARCH,N,LANGLEY,LANGLEY,LANGLEY,N,N,N,LOWER MAINLAND,200 ST & 200 ST OFFRAMP & 88 AVE & 88 AVE ONRAMP & HWY 1 ONRAMP & TRANS-CANADA HWY,200 ST,200 ST,15:00-17:59,1,1
N,CASUALTY CRASH,88 AVE,N,2025,MONDAY,REAR END,N,Y,49.164209,-122.668857,N,MARCH,N,LANGLEY,LANGLEY,LANGLEY,N,N,N,LOWER MAINLAND,200 ST & 200 ST OFFRAMP & 88 AVE & 88 AVE ONRAMP & HWY 1 ONRAMP & TRANS-CANADA HWY,200 ST,200 ST,15:00-17:59,1,1
N,CASUALTY CRASH,97 AVE,N,2025,MONDAY,SIDE IMPACT,N,Y,49.178866,-122.887382,N,MARCH,N,SURREY,SURREY,SURREY,N,N,N,LOWER MAINLAND,121 ST & 97 AVE,121 ST,121 ST,15:00-17:59,1,1
N,CASUALTY CRASH,ALEX FRASER BRIDGE,N,2025,MONDAY,REAR END,N,Y,49.170914,-122.951312,N,MARCH,N,DELTA,DELTA,DELTA & RICHMOND,N,N,N,LOWER MAINLAND,ALEX FRASER BRIDGE & CLIVEDEN AVE & CLIVEDEN AVE OFFRAMP & CLIVEDEN AVE ONRAMP & HWY 91,HWY 91,HWY 91,15:00-17:59,2,2
N,CASUALTY CRASH,ALLEN WAY,N,2025,MONDAY,REAR END,N,Y,49.235211,-122.70017,N,MARCH,N,PITT MEADOWS,PITT MEADOWS,PITT MEADOWS,N,N,N,LOWER MAINLAND,ALLEN WAY & LOUGHEED HWY & TURNING LANE,LOUGHEED HWY,LOUGHEED HWY,15:00-17:59,1,1
N,CASUALTY CRASH,ANGUS DR,N,2025,MONDAY,REAR END,N,Y,49.227069,-123.147944,N,MARCH,Y,VANCOUVER,VANCOUVER,VANCOUVER,N,N,N,LOWER MAINLAND,ANGUS DR & W 49TH AVE,W 49TH AVE,W 49TH AVE,15:00-17:59,1,1
N,CASUALTY CRASH,ASHER RD,N,2025,MONDAY,REAR END,N,Y,49.888971,-119.391222,N,MARCH,N,KELOWNA,KELOWNA,KELOWNA,N,N,N,SOUTHERN INTERIOR,ASHER RD & HWY 33 W,HWY 33,HWY 33,15:00-17:59,2,2
N,CASUALTY CRASH,AUSTIN RD,N,2025,MONDAY,SIDE IMPACT,N,Y,49.248993,-122.895858,N,MARCH,N,BURNABY,BURNABY,BURNABY,N,Y,N,LOWER MAINLAND,AUSTIN RD & GATINEAU PL,GATINEAU PL,GATINEAU PL,15:00-17:59,1,2
N,CASUALTY CRASH,BARCLAY ST,N,2025,MONDAY,SIDE IMPACT,N,Y,49.29007,-123.137549,N,MARCH,N,VANCOUVER,VANCOUVER,VANCOUVER,N,N,N,LOWER MAINLAND,BARCLAY ST & DENMAN ST,DENMAN ST,DENMAN ST,15:00-17:59,1,1
N,CASUALTY CRASH,BARON RD,N,2025,MONDAY,SIDE IMPACT,N,Y,49.882914,-119.427697,N,MARCH,N,KELOWNA,KELOWNA,KELOWNA,N,N,N,SOUTHERN INTERIOR,BARON RD & LECKIE RD,LECKIE RD,LECKIE RD,15:00-17:59,1,1
N,CASUALTY CRASH,BEAVER CREEK RD,Y,2025,MONDAY,SINGLE VEHICLE,N,N,\N,\N,N,MARCH,N,PORT ALBERNI,PORT ALBERNI,\N,N,N,N,VANCOUVER ISLAND,UNKNOWN,PACIFIC RIM HWY,PACIFIC RIM HWY,15:00-17:59,1,1
N,CASUALTY CRASH,BEGBIE RD,N,2025,MONDAY,REAR END,N,Y,49.941244,-119.431179,N,MARCH,N,KELOWNA,KELOWNA,KELOWNA,N,N,N,SOUTHERN INTERIOR,BEGBIE RD & GLENMORE RD N,GLENMORE RD N,GLENMORE RD N,15:00-17:59,1,1
N,CASUALTY CRASH,BEGBIE ST,N,2025,MONDAY,SIDE IMPACT,N,Y,48.429666,-123.335138,N,MARCH,N,VICTORIA,VICTORIA,VICTORIA,N,Y,N,VANCOUVER ISLAND,BEGBIE ST & FERN ST,FERN ST,FERN ST,15:00-17:59,1,1
N,CASUALTY CRASH,BOUNDARY RD,N,2025,MONDAY,REAR END,N,Y,49.23776,-123.023496,N,MARCH,N,BURNABY,BURNABY,BURNABY & VANCOUVER,N,N,N,LOWER MAINLAND,BOUNDARY RD & WELLINGTON AVE,WELLINGTON AVE,WELLINGTON AVE,15:00-17:59,1,1
N,CASUALTY CRASH,BOUNDARY RD,N,2025,MONDAY,REAR END,N,Y,49.244426,-123.023636,N,MARCH,N,BURNABY,BURNABY,BURNABY & VANCOUVER,N,N,N,LOWER MAINLAND,BOUNDARY RD & E 29TH AVE & TURNING LANE,E 29TH AVE,E 29TH AVE,15:00-17:59,1,1
N,CASUALTY CRASH,BULLER ST,N,2025,MONDAY,REAR END,N,Y,49.276617,-122.84015,N,MARCH,N,PORT MOODY,PORT MOODY,PORT MOODY,N,N,N,LOWER MAINLAND,BULLER ST & ST JOHNS ST,ST JOHNS ST,ST JOHNS ST,15:00-17:59,1,1
N,CASUALTY CRASH,BURNSIDE RD E,N,2025,MONDAY,REAR END,N,Y,48.441891,-123.369108,N,MARCH,N,VICTORIA,VICTORIA,VICTORIA,N,N,N,VANCOUVER ISLAND,BURNSIDE RD E & DOUGLAS ST & DUNEDIN ST & TURNING LANE,HWY 1,HWY 1,15:00-17:59,1,2
N,CASUALTY CRASH,CAMBIE STEET,N,2025,MONDAY,REAR END,N,N,\N,\N,N,MARCH,N,VANCOUVER,VANCOUVER,\N,N,N,N,LOWER MAINLAND,UNKNOWN,SW MARINE DRIVE,SW MARINE DRIVE,15:00-17:59,1,1
N,CASUALTY CRASH,CARRALL ST,N,2025,MONDAY,REAR END,N,Y,49.278046,-123.106155,N,MARCH,N,VANCOUVER,VANCOUVER,VANCOUVER,N,N,N,LOWER MAINLAND,CARRALL ST & EXPO BLVD,EXPO BLVD,EXPO BLVD,15:00-17:59,1,1
N,CASUALTY CRASH,CASSIAR TUNNEL,N,2025,MONDAY,REAR END,N,Y,49.283845,-123.032038,N,MARCH,N,VANCOUVER,VANCOUVER,VANCOUVER,N,N,N,LOWER MAINLAND,CASSIAR TUNNEL & TRANS-CANADA HWY,HWY 1,HWY 1,15:00-17:59,1,1
N,CASUALTY CRASH,CHESTERFIELD AVE,N,2025,MONDAY,CONFLICTED,N,Y,49.325212,-123.075395,N,MARCH,N,NORTH VANCOUVER,NORTH VANCOUVER,NORTH VANCOUVER,N,N,N,LOWER MAINLAND,CHESTERFIELD AVE & W 18TH ST,W 18TH ST,W 18TH ST,15:00-17:59,1,1
N,CASUALTY CRASH,CHURCH RD,N,2025,MONDAY,HEAD ON,N,Y,49.314212,-124.356964,N,MARCH,N,PARKSVILLE,PARKSVILLE,PARKSVILLE,N,N,N,VANCOUVER ISLAND,CHURCH RD & INLAND ISLAND HWY,HWY 19,HWY 19,15:00-17:59,1,3
N,CASUALTY CRASH,CHURCHILL ST,N,2025,MONDAY,SIDE IMPACT,N,Y,49.234359,-123.141428,N,MARCH,Y,VANCOUVER,VANCOUVER,VANCOUVER,N,N,N,LOWER MAINLAND,CHURCHILL ST & W 41ST AVE,W 41ST AVE,W 41ST AVE,15:00-17:59,1,1
N,CASUALTY CRASH,CITY GATE BLVD,N,2025,MONDAY,REAR END,N,Y,48.458447,-123.504446,N,MARCH,N,LANGFORD,LANGFORD,LANGFORD,N,N,N,VANCOUVER ISLAND,CITY GATE BLVD & MCCALLUM RD & MALL ACCESS,MCCALLUM RD,MCCALLUM RD,15:00-17:59,1,1
N,CASUALTY CRASH,COAST MERIDIAN RD,N,2025,MONDAY,REAR END,N,Y,49.274833,-122.756169,N,MARCH,N,PORT COQUITLAM,PORT COQUITLAM,PORT COQUITLAM,N,N,N,LOWER MAINLAND,COAST MERIDIAN RD & LAURIER AVE,LAURIER AVE,LAURIER AVE,15:00-17:59,1,1
N,CASUALTY CRASH,COOK ST,N,2025,MONDAY,UNDETERMINED,N,Y,49.269031,-123.109955,N,MARCH,N,VANCOUVER,VANCOUVER,VANCOUVER,N,N,N,LOWER MAINLAND,COOK ST & W 2ND AVE,W 2ND AVE,W 2ND AVE,15:00-17:59,1,1
N,CASUALTY CRASH,COUNTESS ST,N,2025,MONDAY,SIDE IMPACT,N,Y,49.048605,-122.340236,N,MARCH,N,ABBOTSFORD,ABBOTSFORD,ABBOTSFORD,N,N,N,LOWER MAINLAND,COUNTESS ST & SOUTH FRASER WAY,SOUTH FRASER WAY,SOUTH FRASER WAY,15:00-17:59,1,1
N,CASUALTY CRASH,CROWN ISLE BLVD,N,2025,MONDAY,CONFLICTED,N,Y,49.712739,-124.961229,N,MARCH,N,COURTENAY,COURTENAY,COURTENAY,N,N,N,VANCOUVER ISLAND,CROWN ISLE BLVD & CROWN ISLE DR & RYAN RD & TURNING LANE,RYAN RD,RYAN RD,15:00-17:59,1,2
N,CASUALTY CRASH,CUSTER CRT,N,2025,MONDAY,REAR END,N,Y,49.263347,-122.838123,N,MARCH,N,COQUITLAM,COQUITLAM,COQUITLAM,N,N,N,LOWER MAINLAND,COMO LAKE AVE & CUSTER CRT,COMO LAKE AVE,COMO LAKE AVE,15:00-17:59,1,1
N,CASUALTY CRASH,DAVIE ST,N,2025,MONDAY,SIDE IMPACT,N,Y,49.276501,-123.125189,N,MARCH,N,VANCOUVER,VANCOUVER,VANCOUVER,N,N,N,LOWER MAINLAND,DAVIE ST & SEYMOUR ST,SEYMOUR ST,SEYMOUR ST,15:00-17:59,1,1
N,CASUALTY CRASH,DOUGLAS RD,N,2025,MONDAY,SINGLE VEHICLE,N,Y,49.258366,-122.983023,N,MARCH,N,BURNABY,BURNABY,BURNABY,N,N,Y,LOWER MAINLAND,DOUGLAS RD & REGENT ST,REGENT ST,REGENT ST,15:00-17:59,1,1
N,CASUALTY CRASH,DOUGLAS ST,N,2025,MONDAY,UNDETERMINED,Y,Y,48.445033,-123.370717,N,MARCH,N,VICTORIA,VICTORIA,VICTORIA,N,N,Y,VANCOUVER ISLAND,DOUGLAS ST & FINLAYSON ST,FINLAYSON ST,FINLAYSON ST,15:00-17:59,1,1
N,CASUALTY CRASH,DRAKE ST,N,2025,MONDAY,CONFLICTED,N,Y,49.275452,-123.126773,N,MARCH,N,VANCOUVER,VANCOUVER,VANCOUVER,N,N,N,LOWER MAINLAND,DRAKE ST & SEYMOUR ST,SEYMOUR ST,SEYMOUR ST,15:00-17:59,1,1
N,CASUALTY CRASH,E 2ND AVE,N,2025,MONDAY,SIDE IMPACT,N,Y,49.2687,-123.069673,N,MARCH,N,VANCOUVER,VANCOUVER,VANCOUVER,N,N,N,LOWER MAINLAND,COMMERCIAL DR & E 2ND AVE,COMMERCIAL DR,COMMERCIAL DR,15:00-17:59,1,1
N,CASUALTY CRASH,E 41ST AVE,N,2025,MONDAY,REAR END,N,Y,49.232692,-123.077064,N,MARCH,N,VANCOUVER,VANCOUVER,VANCOUVER,N,N,N,LOWER MAINLAND,E 41ST AVE & KNIGHT ST,KNIGHT ST,KNIGHT ST,15:00-17:59,1,1
N,CASUALTY CRASH,E 41ST AVE,N,2025,MONDAY,UNDETERMINED,N,Y,49.232603,-123.068684,N,MARCH,N,VANCOUVER,VANCOUVER,VANCOUVER,N,N,N,LOWER MAINLAND,COMMERCIAL ST & E 41ST AVE,COMMERCIAL ST,COMMERCIAL ST,15:00-17:59,1,1
N,CASUALTY CRASH,E 59TH AVE,N,2025,MONDAY,SIDE IMPACT,N,Y,49.216388,-123.077057,N,MARCH,N,VANCOUVER,VANCOUVER,VANCOUVER,N,N,N,LOWER MAINLAND,E 59TH AVE & KNIGHT ST,KNIGHT ST,KNIGHT ST,15:00-17:59,1,1
N,CASUALTY CRASH,ENTERPRISE ST,N,2025,MONDAY,CONFLICTED,N,Y,49.230591,-124.041782,N,MARCH,N,NANAIMO,NANAIMO,NANAIMO,Y,Y,N,VANCOUVER ISLAND,ENTERPRISE ST & ISLAND HWY N & TURNING LANE,ISLAND HWY N,ISLAND HWY N,15:00-17:59,1,3
N,CASUALTY CRASH,ESMOND AVE,N,2025,MONDAY,REAR END,N,Y,49.275716,-123.021037,N,MARCH,N,BURNABY,BURNABY,BURNABY,N,N,N,LOWER MAINLAND,ESMOND AVE & PARKER ST,PARKER ST,PARKER ST,15:00-17:59,1,1
N,CASUALTY CRASH,EXIT 73,N,2025,MONDAY,REAR END,N,N,\N,\N,N,MARCH,N,ABBOTSFORD,ABBOTSFORD,\N,N,N,N,LOWER MAINLAND,UNKNOWN,HWY 1,HWY 1,15:00-17:59,1,1
N,CASUALTY CRASH,FELL AVE,Y,2025,MONDAY,UNDETERMINED,N,Y,49.321159,-123.094648,N,MARCH,N,NORTH VANCOUVER,NORTH VANCOUVER,NORTH VANCOUVER,N,N,N,LOWER MAINLAND,FELL AVE & MARINE DR & TURNING LANE,MARINE DR,MARINE DR,15:00-17:59,1,1
N,CASUALTY CRASH,FORT RUPERT RD,N,2025,MONDAY,SINGLE VEHICLE,N,Y,50.679594,-127.407796,N,MARCH,N,PORT HARDY,PORT HARDY,PORT HARDY,N,N,N,VANCOUVER ISLAND,FORT RUPERT RD & ISLAND HWY,HWY 19,HWY 19,15:00-17:59,1,1
N,CASUALTY CRASH,FORTUNE DR,N,2025,MONDAY,SIDE IMPACT,N,Y,50.696998,-120.35709,N,MARCH,N,KAMLOOPS,KAMLOOPS,KAMLOOPS,N,N,N,SOUTHERN INTERIOR,FORTUNE DR & FORTUNE FRTG & NELSON AVE & MALL ACCESS,NELSON AVE,NELSON AVE,15:00-17:59,1,1
N,CASUALTY CRASH,FRASER HWY,N,2025,MONDAY,REAR END,N,Y,49.166096,-122.801369,N,MARCH,N,SURREY,SURREY,SURREY,N,N,N,LOWER MAINLAND,152 ST & FRASER HWY & TURNING LANE,152 ST,152 ST,15:00-17:59,1,2
N,CASUALTY CRASH,FRASER ST,N,2025,MONDAY,SIDE IMPACT,N,Y,49.232869,-123.09055,N,MARCH,N,VANCOUVER,VANCOUVER,VANCOUVER,N,N,N,LOWER MAINLAND,E 41ST AVE & FRASER ST,E 41ST AVE,E 41ST AVE,15:00-17:59,1,1
N,CASUALTY CRASH,GARDEN CITY RD,N,2025,MONDAY,CONFLICTED,N,Y,49.187769,-123.124771,N,MARCH,N,RICHMOND,RICHMOND,RICHMOND,N,N,N,LOWER MAINLAND,CAPSTAN WAY & GARDEN CITY RD,CAPSTAN WAY,CAPSTAN WAY,15:00-17:59,1,1
N,CASUALTY CRASH,GRANDVIEW HWY N,N,2025,MONDAY,REAR END,N,Y,49.258468,-123.056617,N,MARCH,N,VANCOUVER,VANCOUVER,VANCOUVER,N,N,N,LOWER MAINLAND,GRANDVIEW HWY N & NANAIMO ST,NANAIMO ST,NANAIMO ST,15:00-17:59,1,1
N,CASUALTY CRASH,GRANITE AVE,N,2025,MONDAY,REAR END,N,Y,50.111001,-120.789005,N,MARCH,N,MERRITT,MERRITT,MERRITT,N,N,N,SOUTHERN INTERIOR,GRANITE AVE & VOGHT ST,VOGHT ST,VOGHT ST,15:00-17:59,1,1
N,CASUALTY CRASH,GRANVILLE ST,N,2025,MONDAY,SIDE SWIPE - SAME DIRECTION,N,Y,49.279252,-123.12304,N,MARCH,N,VANCOUVER,VANCOUVER,VANCOUVER,N,N,N,LOWER MAINLAND,GRANVILLE ST & NELSON ST,NELSON ST,NELSON ST,15:00-17:59,1,2
N,CASUALTY CRASH,GRAVELEY ST,N,2025,MONDAY,SINGLE VEHICLE,N,Y,49.270405,-123.056597,N,MARCH,N,VANCOUVER,VANCOUVER,VANCOUVER,N,N,N,LOWER MAINLAND,GRAVELEY ST & NANAIMO ST,NANAIMO ST,NANAIMO ST,15:00-17:59,1,1
N,CASUALTY CRASH,GRIFFITHS WAY,N,2025,MONDAY,SIDE SWIPE - SAME DIRECTION,N,Y,49.277891,-123.110374,N,MARCH,N,VANCOUVER,VANCOUVER,VANCOUVER,N,N,N,LOWER MAINLAND,EXPO BLVD & GRIFFITHS WAY,EXPO BLVD,EXPO BLVD,15:00-17:59,1,1
N,CASUALTY CRASH,HAZELBRIDGE WAY,N,2025,MONDAY,UNDETERMINED,N,Y,49.182934,-123.133455,N,MARCH,N,RICHMOND,RICHMOND,RICHMOND,N,N,N,LOWER MAINLAND,BROWNGATE RD & HAZELBRIDGE WAY,BROWNGATE RD,BROWNGATE RD,15:00-17:59,1,2
N,CASUALTY CRASH,HILLSIDE WAY,N,2025,MONDAY,SIDE IMPACT,N,Y,50.657497,-120.370268,N,MARCH,N,KAMLOOPS,KAMLOOPS,KAMLOOPS,N,N,N,SOUTHERN INTERIOR,HILLSIDE DR & HILLSIDE WAY & MALL ACCESS & TURNING LANE,HILLSIDE DR,HILLSIDE DR,15:00-17:59,1,2
N,CASUALTY CRASH,HWY 11,N,2025,MONDAY,REAR END,N,Y,49.063691,-122.286341,N,MARCH,N,ABBOTSFORD,ABBOTSFORD,ABBOTSFORD,N,N,N,LOWER MAINLAND,HAZELWOOD AVE & HWY 11 & TURNING LANE,HAZELWOOD AVE,HAZELWOOD AVE,15:00-17:59,1,1
N,CASUALTY CRASH,HWY 16,N,2025,MONDAY,SIDE IMPACT,N,Y,53.897328,-122.768137,N,MARCH,N,PRINCE GEORGE,PRINCE GEORGE,PRINCE GEORGE,N,N,N,NORTH CENTRAL,HWY 16 W & HWY 97 S & INDUSTRIAL ACCESS & TURNING LANE,HWY 97,HWY 97,15:00-17:59,1,2
N,CASUALTY CRASH,HWY 2,N,2025,MONDAY,SINGLE VEHICLE,N,Y,55.737673,-120.146789,N,MARCH,N,BRIAR,BRIAR,BRIAR & DAWSON CREEK & POUCE COUPE,N,N,N,NORTH CENTRAL,211 RD & HWY 2 & ROLLA RD,ROLLA RD,ROLLA RD,15:00-17:59,1,1
N,CASUALTY CRASH,HWY 5,N,2025,MONDAY,REAR END,N,Y,50.662254,-120.347388,N,MARCH,N,KAMLOOPS,KAMLOOPS,KAMLOOPS,N,N,N,SOUTHERN INTERIOR,SUMMIT DR & SUMMIT DR OFFRAMP & SUMMIT DR ONRAMP & TRANS-CANADA HWY E,SUMMIT DR,SUMMIT DR,15:00-17:59,1,1
N,CASUALTY CRASH,IRONWORKERS MEMORIAL BRIDGE,N,2025,MONDAY,CONFLICTED,N,Y,49.304852,-123.027413,N,MARCH,N,NORTH VANCOUVER,NORTH VANCOUVER,NORTH VANCOUVER,N,N,N,LOWER MAINLAND,DOLLARTON HWY & DOLLARTON HWY OFFRAMP & DOLLARTON HWY ONRAMP & IRONWORKERS MEMORIAL BRIDGE & MAIN ST & MAIN ST OFFRAMP & MAIN ST ONRAMP & PHIBBS EXCHANGE & TRANS-CANADA HWY & EMERGENCY LANE & HIGHWAY RAMP & TURNING LANE,HWY 1,HWY 1,15:00-17:59,1,1
N,CASUALTY CRASH,ISLAND HWY,N,2025,MONDAY,REAR END,N,Y,50.034266,-125.252088,N,MARCH,N,CAMPBELL RIVER,CAMPBELL RIVER,CAMPBELL RIVER,N,N,N,VANCOUVER ISLAND,ISLAND HWY & SPIT RD & TURNING LANE,SPIT RD,SPIT RD,15:00-17:59,1,1
N,CASUALTY CRASH,KING GEORGE BLVD,N,2025,MONDAY,REAR END,N,Y,49.104511,-122.831256,N,MARCH,N,SURREY,SURREY,SURREY,N,N,N,LOWER MAINLAND,56 AVE & 58 AVE & KING GEORGE BLVD & TURNING LANE,HWY 10,HWY 10,15:00-17:59,1,1
N,CASUALTY CRASH,LONG LAKE RD,N,2025,MONDAY,SINGLE VEHICLE,N,N,\N,\N,N,MARCH,N,KAMLOOPS,KAMLOOPS,\N,N,N,N,SOUTHERN INTERIOR,UNKNOWN,EDITH LAKE RD,EDITH LAKE RD,15:00-17:59,1,1
N,CASUALTY CRASH,LONSDALE AVE,N,2025,MONDAY,REAR END,N,Y,49.331967,-123.072107,N,MARCH,N,NORTH VANCOUVER,NORTH VANCOUVER,NORTH VANCOUVER,N,N,N,LOWER MAINLAND,E 25TH ST & E 25TH ST OFFRAMP & E 25TH ST ONRAMP & LONSDALE AVE & LONSDALE AVE OFFRAMP & LONSDALE AVE ONRAMP & TRANS-CANADA HWY & W 25TH ST & TURNING LANE,HWY 1,HWY 1,15:00-17:59,1,1
N,CASUALTY CRASH,LOUGHEED HWY,N,2025,MONDAY,REAR END,N,Y,49.232628,-122.852676,N,MARCH,N,COQUITLAM,COQUITLAM,COQUITLAM,N,N,N,LOWER MAINLAND,LOUGHEED HWY & SCHOOLHOUSE ST & WOOLRIDGE ST & INSTITUTIONAL ACCESS & TURNING LANE,SCHOOLHOUSE ST,SCHOOLHOUSE ST,15:00-17:59,1,1
N,CASUALTY CRASH,LOUGHEED HWY,N,2025,MONDAY,REAR END,N,Y,49.263091,-122.79815,N,MARCH,N,COQUITLAM,COQUITLAM,COQUITLAM,N,N,N,LOWER MAINLAND,CHILKO DR & COMO LAKE AVE & LOUGHEED HWY & SHARPE ST & TURNING LANE,CHILKO DR,CHILKO DR,15:00-17:59,1,3
N,CASUALTY CRASH,LUCKAKUCK WAY,N,2025,MONDAY,REAR END,N,Y,49.140842,-121.959972,N,MARCH,N,CHILLIWACK,CHILLIWACK,CHILLIWACK,N,N,N,LOWER MAINLAND,LUCKAKUCK WAY & VEDDER RD & TURNING LANE,VEDDER RD,VEDDER RD,15:00-17:59,1,1
N,CASUALTY CRASH,MARGUERITE ST,N,2025,MONDAY,REAR END,N,Y,49.249505,-123.144631,N,MARCH,N,VANCOUVER,VANCOUVER,VANCOUVER,N,N,N,LOWER MAINLAND,MARGUERITE ST & W KING EDWARD AVE,W KING EDWARD AVE,W KING EDWARD AVE,15:00-17:59,1,1
N,CASUALTY CRASH,MARSHALL RD,N,2025,MONDAY,REAR END,N,Y,49.038185,-122.268965,N,MARCH,N,ABBOTSFORD,ABBOTSFORD,ABBOTSFORD,N,N,N,LOWER MAINLAND,MARSHALL RD & SUMAS WAY & TURNING LANE,SUMAS WAY,SUMAS WAY,15:00-17:59,1,5
N,CASUALTY CRASH,MCKENZIE AVE,N,2025,MONDAY,REAR END,N,Y,48.459684,-123.404754,N,MARCH,N,SAANICH,SAANICH,SAANICH,N,N,N,VANCOUVER ISLAND,ADMIRALS RD & ADMIRALS RD OFFRAMP & MCKENZIE AVE & MCKENZIE AVE OFFRAMP & TRANS-CANADA HWY & TRANS-CANADA HWY ONRAMP & TURNING LANE,HWY 1,HWY 1,15:00-17:59,1,1
N,CASUALTY CRASH,MCKENZIE RD,Y,2025,MONDAY,SINGLE VEHICLE,N,Y,49.045374,-122.287627,N,MARCH,N,ABBOTSFORD,ABBOTSFORD,ABBOTSFORD,N,N,N,LOWER MAINLAND,LOBBAN RD & MCKENZIE RD,LOBBAN RD,LOBBAN RD,15:00-17:59,1,1
N,CASUALTY CRASH,NAPIER ST,N,2025,MONDAY,SIDE IMPACT,N,Y,49.274941,-123.077297,N,MARCH,N,VANCOUVER,VANCOUVER,VANCOUVER,N,N,N,LOWER MAINLAND,CLARK DR & NAPIER ST,CLARK DR,CLARK DR,15:00-17:59,1,4
N,CASUALTY CRASH,NELSON AVE,N,2025,MONDAY,REAR END,N,Y,49.226885,-122.994223,N,MARCH,N,BURNABY,BURNABY,BURNABY,N,N,N,LOWER MAINLAND,KINGSWAY & NELSON AVE & NEWTON ST & TURNING LANE,KINGSWAY,KINGSWAY,15:00-17:59,1,3
N,CASUALTY CRASH,NELSON AVE,N,2025,MONDAY,SINGLE VEHICLE,N,Y,49.226885,-122.994223,N,MARCH,N,BURNABY,BURNABY,BURNABY,N,N,Y,LOWER MAINLAND,KINGSWAY & NELSON AVE & NEWTON ST & TURNING LANE,NEWTON ST,NEWTON ST,15:00-17:59,1,1
N,CASUALTY CRASH,NELSON ST,N,2025,MONDAY,REAR END,N,Y,49.187237,-123.972277,N,MARCH,N,NANAIMO,NANAIMO,NANAIMO,N,N,N,VANCOUVER ISLAND,BOUNDARY AVE & NELSON ST,BOUNDARY AVE,BOUNDARY AVE,15:00-17:59,1,1
N,CASUALTY CRASH,NEPTURE/CARGILL OPAS,N,2025,MONDAY,REAR END,N,N,\N,\N,N,MARCH,N,NORTH VANCOUVER,NORTH VANCOUVER,\N,N,N,N,LOWER MAINLAND,UNKNOWN,LOW LEVEL RD,LOW LEVEL RD,15:00-17:59,1,2
N,CASUALTY CRASH,NO 4 RD,N,2025,MONDAY,REAR END,N,Y,49.184639,-123.113974,N,MARCH,N,RICHMOND,RICHMOND,RICHMOND,N,N,N,LOWER MAINLAND,CAMBIE RD & NO 4 RD,CAMBIE RD,CAMBIE RD,15:00-17:59,1,1
N,CASUALTY CRASH,NORDIC DR,N,2025,MONDAY,HEAD ON,N,Y,49.730319,-125.296516,N,MARCH,N,MT WASHINGTON,MT WASHINGTON,MT WASHINGTON,N,N,N,VANCOUVER ISLAND,NORDIC DR & STRATHCONA PKY,STRATHCONA PKY,STRATHCONA PKY,15:00-17:59,1,1
N,CASUALTY CRASH,NORMANDY DR,N,2025,MONDAY,SIDE IMPACT,N,Y,49.2515,-123.023656,N,MARCH,N,BURNABY,BURNABY,BURNABY & VANCOUVER,N,N,N,LOWER MAINLAND,BOUNDARY RD & NITHSDALE ST & NORMANDY DR,BOUNDARY RD,BOUNDARY RD,15:00-17:59,1,2
N,CASUALTY CRASH,NORTH RD,N,2025,MONDAY,REAR END,N,Y,48.806619,-123.754984,N,MARCH,N,DUNCAN,DUNCAN,DUNCAN,N,N,N,VANCOUVER ISLAND,COWICHAN VALLEY HWY & NORTH RD,HWY 18,HWY 18,15:00-17:59,1,3
N,CASUALTY CRASH,PEARDONVILLE RD,N,2025,MONDAY,SIDE SWIPE - SAME DIRECTION,N,Y,49.045751,-122.33697,N,MARCH,N,ABBOTSFORD,ABBOTSFORD,ABBOTSFORD,N,N,N,LOWER MAINLAND,CLEARBROOK RD & PEARDONVILLE RD & TURNING LANE,CLEARBROOK RD,CLEARBROOK RD,15:00-17:59,1,1
N,CASUALTY CRASH,PROMONTORY RD,N,2025,MONDAY,SIDE IMPACT,N,Y,49.111297,-121.957926,N,MARCH,N,CHILLIWACK,CHILLIWACK,CHILLIWACK,N,N,N,LOWER MAINLAND,PROMONTORY RD & VEDDER RD & WATSON RD,VEDDER RD,VEDDER RD,15:00-17:59,1,1
N,CASUALTY CRASH,RECPLACE DR,N,2025,MONDAY,REAR END,N,Y,53.88876,-122.770805,N,MARCH,N,PRINCE GEORGE,PRINCE GEORGE,PRINCE GEORGE,N,N,N,NORTH CENTRAL,FERRY AVE & RECPLACE DR,FERRY AVE,FERRY AVE,15:00-17:59,1,1
N,CASUALTY CRASH,REMINGTON CRES,N,2025,MONDAY,SIDE IMPACT,N,Y,49.106618,-121.956797,N,MARCH,N,CHILLIWACK,CHILLIWACK,CHILLIWACK,N,N,N,LOWER MAINLAND,REMINGTON CRES & THOMAS RD & VILLAGE ST,THOMAS RD,THOMAS RD,15:00-17:59,1,1
N,CASUALTY CRASH,RIDGEVIEW RD,N,2025,MONDAY,SIDE IMPACT,N,Y,49.525113,-115.755071,N,MARCH,N,CRANBROOK,CRANBROOK,CRANBROOK,N,N,N,SOUTHERN INTERIOR,RIDGEVIEW RD & THEATRE RD,THEATRE RD,THEATRE RD,15:00-17:59,1,2
N,CASUALTY CRASH,SIXTH AVE,N,2025,MONDAY,REAR END,N,Y,49.200051,-122.945334,N,MARCH,N,NEW WESTMINSTER,NEW WESTMINSTER,NEW WESTMINSTER,N,N,N,LOWER MAINLAND,MARINE WAY & SIXTH AVE & SIXTH AVE OFFRAMP & SIXTH AVE ONRAMP & TWENTIETH ST & TURNING LANE,TWENTIETH ST,TWENTIETH ST,15:00-17:59,1,1
N,CASUALTY CRASH,SIXTH AVE,N,2025,MONDAY,SIDE IMPACT,N,Y,49.216527,-122.914111,N,MARCH,N,NEW WESTMINSTER,NEW WESTMINSTER,NEW WESTMINSTER,N,N,N,LOWER MAINLAND,SECOND ST & SIXTH AVE,SECOND ST,SECOND ST,15:00-17:59,1,1
N,CASUALTY CRASH,SKEENA ST,N,2025,MONDAY,REAR END,N,Y,49.258138,-123.028533,N,MARCH,N,VANCOUVER,VANCOUVER,VANCOUVER,N,N,N,LOWER MAINLAND,GRANDVIEW HWY & SKEENA ST,GRANDVIEW HWY,GRANDVIEW HWY,15:00-17:59,1,1
N,CASUALTY CRASH,SPERLING AVE,N,2025,MONDAY,SIDE SWIPE - SAME DIRECTION,N,Y,49.239854,-122.964739,N,MARCH,N,BURNABY,BURNABY,BURNABY,N,N,N,LOWER MAINLAND,CANADA WAY & SPERLING AVE & TURNING LANE,CANADA WAY,CANADA WAY,15:00-17:59,1,3
N,CASUALTY CRASH,ST CHARLES ST,N,2025,MONDAY,UNDETERMINED,N,Y,48.425549,-123.33933,N,MARCH,N,VICTORIA,VICTORIA,VICTORIA,N,N,N,VANCOUVER ISLAND,FORT ST & ST CHARLES ST,FORT ST,FORT ST,15:00-17:59,1,1
N,CASUALTY CRASH,SUMMIT DR,N,2025,MONDAY,REAR END,N,Y,50.666998,-120.354175,N,MARCH,N,KAMLOOPS,KAMLOOPS,KAMLOOPS,N,N,N,SOUTHERN INTERIOR,COLUMBIA ST W & SUMMIT DR & TURNING LANE,COLUMBIA ST W,COLUMBIA ST W,15:00-17:59,1,1
N,CASUALTY CRASH,SW MARINE DRIVE,N,2025,MONDAY,UNDETERMINED,N,N,\N,\N,N,MARCH,N,VANCOUVER,VANCOUVER,\N,N,N,N,LOWER MAINLAND,UNKNOWN,OAK ST,OAK ST,15:00-17:59,1,1
N,CASUALTY CRASH,TILLICUM RD,N,2025,MONDAY,SINGLE VEHICLE,N,Y,48.449987,-123.397953,N,MARCH,N,SAANICH,SAANICH,SAANICH,N,N,Y,VANCOUVER ISLAND,OBED AVE & TILLICUM RD,OBED AVE,OBED AVE,15:00-17:59,1,1
N,CASUALTY CRASH,TRANS-CANADA HWY,N,2025,MONDAY,REAR END,N,Y,48.456857,-123.497195,N,MARCH,N,LANGFORD,LANGFORD,LANGFORD,N,N,N,VANCOUVER ISLAND,MILLSTREAM RD & MILLSTREAM RD OFFRAMP & MILLSTREAM RD ONRAMP & TRANS-CANADA HWY & VETERANS MEMORIAL PKY & VETERANS MEMORIAL PKY OFFRAMP & VETERANS MEMORIAL PKY ONRAMP,MILLSTREAM RD,MILLSTREAM RD,15:00-17:59,1,1
N,CASUALTY CRASH,TRANS-CANADA HWY,N,2025,MONDAY,REAR END,N,Y,49.130747,-123.921421,N,MARCH,N,NANAIMO,NANAIMO,NANAIMO,N,N,N,VANCOUVER ISLAND,FRONTAGE RD & ISLAND HWY S & MAKI RD & TENTH ST & TURNING LANE,TENTH ST,TENTH ST,15:00-17:59,1,1
N,CASUALTY CRASH,VANCOUVER ST,N,2025,MONDAY,REAR END,N,Y,55.241727,-127.628061,N,MARCH,N,NEW HAZELTON,NEW HAZELTON,NEW HAZELTON,N,N,N,NORTH CENTRAL,HWY 16 & VANCOUVER ST,HWY 16,HWY 16,15:00-17:59,1,1
N,CASUALTY CRASH,VEDDER RD,N,2025,MONDAY,SIDE SWIPE - SAME DIRECTION,N,Y,49.140842,-121.959972,N,MARCH,N,CHILLIWACK,CHILLIWACK,CHILLIWACK,N,N,N,LOWER MAINLAND,LUCKAKUCK WAY & VEDDER RD & TURNING LANE,LUCKAKUCK WAY,LUCKAKUCK WAY,15:00-17:59,1,2
N,CASUALTY CRASH,VICTORIA DR,N,2025,MONDAY,REAR END,N,Y,49.26956,-123.065769,N,MARCH,N,VANCOUVER,VANCOUVER,VANCOUVER,N,N,N,LOWER MAINLAND,E 1ST AVE & VICTORIA DR,E 1ST AVE,E 1ST AVE,15:00-17:59,1,2
N,CASUALTY CRASH,VICTORIA DR,N,2025,MONDAY,REAR END,N,Y,49.284833,-123.065509,N,MARCH,N,VANCOUVER,VANCOUVER,VANCOUVER,N,N,N,LOWER MAINLAND,POWELL ST & VICTORIA DR,POWELL ST,POWELL ST,15:00-17:59,1,1
N,CASUALTY CRASH,VINE ST,N,2025,MONDAY,SIDE SWIPE - SAME DIRECTION,N,Y,49.234653,-123.159937,N,MARCH,N,VANCOUVER,VANCOUVER,VANCOUVER,N,N,N,LOWER MAINLAND,VINE ST & W 41ST AVE,W 41ST AVE,W 41ST AVE,15:00-17:59,1,1
N,CASUALTY CRASH,W 16TH AVE,N,2025,MONDAY,SIDE IMPACT,N,Y,49.257668,-123.168378,N,MARCH,Y,VANCOUVER,VANCOUVER,VANCOUVER,N,N,N,LOWER MAINLAND,MACDONALD ST & W 16TH AVE,MACDONALD ST,MACDONALD ST,15:00-17:59,1,1
N,CASUALTY CRASH,W 49TH AVE,N,2025,MONDAY,SIDE IMPACT,N,Y,49.22688,-123.137452,N,MARCH,N,VANCOUVER,VANCOUVER,VANCOUVER,N,N,N,LOWER MAINLAND,CARTIER ST & W 49TH AVE,CARTIER ST,CARTIER ST,15:00-17:59,1,1
N,CASUALTY CRASH,W 71ST AVE,N,2025,MONDAY,SIDE IMPACT,N,Y,49.207095,-123.142252,N,MARCH,N,VANCOUVER,VANCOUVER,VANCOUVER,N,N,N,LOWER MAINLAND,SW MARINE DR & W 71ST AVE,SW MARINE DR,SW MARINE DR,15:00-17:59,1,2
N,CASUALTY CRASH,W SAANICH RD,N,2025,MONDAY,HEAD ON,N,N,\N,\N,N,MARCH,N,SAANICH,SAANICH,\N,N,N,N,VANCOUVER ISLAND,UNKNOWN,ROYAL OAK AVE,ROYAL OAK AVE,15:00-17:59,1,1
N,CASUALTY CRASH,WARE ST,N,2025,MONDAY,SIDE IMPACT,N,Y,49.041939,-122.304533,N,MARCH,N,ABBOTSFORD,ABBOTSFORD,ABBOTSFORD,N,N,N,LOWER MAINLAND,BEVAN AVE & WARE ST,BEVAN AVE,BEVAN AVE,15:00-17:59,1,3
N,CASUALTY CRASH,WESSEX ST,N,2025,MONDAY,REAR END,N,Y,49.233191,-123.03407,N,MARCH,N,VANCOUVER,VANCOUVER,VANCOUVER,N,N,N,LOWER MAINLAND,KINGSWAY & WESSEX ST,KINGSWAY,KINGSWAY,15:00-17:59,1,1
N,CASUALTY CRASH,WILLINGDON AVE,N,2025,MONDAY,REAR END,N,Y,49.257636,-123.004065,N,MARCH,N,BURNABY,BURNABY,BURNABY,N,N,N,LOWER MAINLAND,GRANDVIEW HWY & GRANDVIEW HWY ONRAMP & TRANS-CANADA HWY & TRANS-CANADA HWY ONRAMP & WILLINGDON AVE & WILLINGDON AVE OFFRAMP & EMERGENCY LANE,HWY 1,HWY 1,15:00-17:59,1,1
N,CASUALTY CRASH,WILLOWBROOK DR,N,2025,MONDAY,REAR END,N,Y,49.11388,-122.679741,N,MARCH,N,LANGLEY,LANGLEY,LANGLEY & SURREY,N,N,N,LOWER MAINLAND,196 ST & FRASER HWY & WILLOWBROOK DR & MALL ACCESS & TURNING LANE,FRASER HWY,FRASER HWY,15:00-17:59,1,3
N,CASUALTY CRASH,WOOLRIDGE ST,N,2025,MONDAY,SIDE IMPACT,N,Y,49.234628,-122.868677,N,MARCH,N,COQUITLAM,COQUITLAM,COQUITLAM,N,N,N,LOWER MAINLAND,TUPPER AVE & WOOLRIDGE ST,TUPPER AVE,TUPPER AVE,15:00-17:59,1,1
N,CASUALTY CRASH,YALE RD,N,2025,MONDAY,SINGLE VEHICLE,N,Y,49.12979,-122.081713,N,MARCH,N,CHILLIWACK,CHILLIWACK,CHILLIWACK,N,N,N,LOWER MAINLAND,TRANS-CANADA HWY & YALE RD & YALE RD OFFRAMP & YALE RD ONRAMP & TURNING LANE,HWY 1,HWY 1,15:00-17:59,1,1
N,PROPERTY DAMAGE ONLY,\N,N,2025,MONDAY,CONFLICTED,N,N,\N,\N,N,MARCH,N,VERNON,VERNON,\N,Y,N,N,SOUTHERN INTERIOR,UNKNOWN,SOVEREIGN LAKE RD,SOVEREIGN LAKE RD,15:00-17:59,1,0
N,PROPERTY DAMAGE ONLY,\N,N,2025,MONDAY,CONFLICTED,N,N,48.649587,-123.40373,Y,MARCH,N,SIDNEY,SIDNEY,SIDNEY,N,Y,N,VANCOUVER ISLAND,SEVENTH ST # 009800 TO 009849,SEVENTH ST,SEVENTH ST,15:00-17:59,1,0
N,PROPERTY DAMAGE ONLY,\N,N,2025,MONDAY,CONFLICTED,N,N,49.018414,-122.405148,Y,MARCH,N,ABBOTSFORD,ABBOTSFORD,ABBOTSFORD,Y,Y,N,LOWER MAINLAND,PEARDONVILLE RD # 000800 TO 000891,PEARDONVILLE RD,PEARDONVILLE RD,15:00-17:59,1,0
N,PROPERTY DAMAGE ONLY,\N,N,2025,MONDAY,CONFLICTED,N,N,49.02815,-122.771953,Y,MARCH,N,SURREY,SURREY,SURREY,Y,Y,N,LOWER MAINLAND,KING GEORGE BLVD # 001400 TO 001448,KING GEORGE BLVD,KING GEORGE BLVD,15:00-17:59,1,0
N,PROPERTY DAMAGE ONLY,\N,N,2025,MONDAY,CONFLICTED,N,N,49.036599,-122.293243,Y,MARCH,N,ABBOTSFORD,ABBOTSFORD,ABBOTSFORD,N,Y,N,LOWER MAINLAND,MCCALLUM RD # 001890 TO 001915,MCCALLUM RD,MCCALLUM RD,15:00-17:59,1,0
N,PROPERTY DAMAGE ONLY,\N,N,2025,MONDAY,CONFLICTED,N,N,49.049182,-122.26027,Y,MARCH,N,ABBOTSFORD,ABBOTSFORD,ABBOTSFORD,N,Y,N,LOWER MAINLAND,MCMILLAN RD # 002590 TO 002639,MCMILLAN RD,MCMILLAN RD,15:00-17:59,1,0
N,PROPERTY DAMAGE ONLY,\N,N,2025,MONDAY,CONFLICTED,N,N,49.051543,-122.327765,Y,MARCH,N,ABBOTSFORD,ABBOTSFORD,ABBOTSFORD,N,Y,N,LOWER MAINLAND,SOUTH FRASER WAY # 032327 TO 032399,SOUTH FRASER WAY,SOUTH FRASER WAY,15:00-17:59,1,0
N,PROPERTY DAMAGE ONLY,\N,N,2025,MONDAY,CONFLICTED,N,N,49.116711,-122.671703,Y,MARCH,N,LANGLEY,LANGLEY,LANGLEY,Y,Y,N,LOWER MAINLAND,WILLOWBROOK DR # 019800 TO 019998 even,WILLOWBROOK DR,WILLOWBROOK DR,15:00-17:59,1,0
N,PROPERTY DAMAGE ONLY,\N,N,2025,MONDAY,CONFLICTED,N,N,49.149192,-122.86792,Y,MARCH,N,SURREY,SURREY,SURREY,N,Y,N,LOWER MAINLAND,128 ST # 008000 TO 008098 even,128 ST,128 ST,15:00-17:59,1,0
N,PROPERTY DAMAGE ONLY,\N,N,2025,MONDAY,CONFLICTED,N,N,49.191911,-123.973717,Y,MARCH,N,NANAIMO,NANAIMO,NANAIMO,Y,Y,N,VANCOUVER ISLAND,NORTHFIELD RD # 001601 TO 001621,NORTHFIELD RD,NORTHFIELD RD,15:00-17:59,1,0
N,PROPERTY DAMAGE ONLY,\N,N,2025,MONDAY,CONFLICTED,N,N,49.209334,-123.120997,Y,MARCH,N,VANCOUVER,VANCOUVER,VANCOUVER,Y,N,N,LOWER MAINLAND,W 69TH AVE # 000700 TO 000733,W 69TH AVE,W 69TH AVE,15:00-17:59,1,0
N,PROPERTY DAMAGE ONLY,\N,N,2025,MONDAY,CONFLICTED,N,N,49.213301,-123.072035,Y,MARCH,N,VANCOUVER,VANCOUVER,VANCOUVER,Y,Y,N,LOWER MAINLAND,ARGYLE ST # 007800 TO 007899,ARGYLE ST,ARGYLE ST,15:00-17:59,1,0
N,PROPERTY DAMAGE ONLY,\N,N,2025,MONDAY,CONFLICTED,N,N,49.26088,-122.776957,Y,MARCH,N,PORT COQUITLAM,PORT COQUITLAM,PORT COQUITLAM,N,Y,N,LOWER MAINLAND,WILSON AVE # 002100 TO 002199,WILSON AVE,WILSON AVE,15:00-17:59,1,0
N,PROPERTY DAMAGE ONLY,\N,N,2025,MONDAY,CONFLICTED,N,N,49.277063,-122.800243,Y,MARCH,N,COQUITLAM,COQUITLAM,COQUITLAM,Y,Y,N,LOWER MAINLAND,BARNET HWY # 002901 TO 002929 odd,BARNET HWY,BARNET HWY,15:00-17:59,1,0
N,PROPERTY DAMAGE ONLY,\N,N,2025,MONDAY,CONFLICTED,N,N,49.316694,-123.084533,Y,MARCH,N,NORTH VANCOUVER,NORTH VANCOUVER,NORTH VANCOUVER,N,Y,N,LOWER MAINLAND,W 3RD ST # 000300 TO 000399,W 3RD ST,W 3RD ST,15:00-17:59,1,0
N,PROPERTY DAMAGE ONLY,\N,N,2025,MONDAY,CONFLICTED,N,N,50.259352,-119.269061,Y,MARCH,N,VERNON,VERNON,VERNON,Y,Y,N,SOUTHERN INTERIOR,HWY 6 # 002400 TO 002649,HWY 6,HWY 6,15:00-17:59,1,0
N,PROPERTY DAMAGE ONLY,\N,N,2025,MONDAY,CONFLICTED,N,N,52.117087,-121.883737,Y,MARCH,N,150 MILE HOUSE,150 MILE HOUSE,150 MILE HOUSE,Y,N,N,NORTH CENTRAL,BORLAND DR # 000050 TO 000109,BORLAND DR,BORLAND DR,15:00-17:59,1,0
N,PROPERTY DAMAGE ONLY,\N,N,2025,MONDAY,CONFLICTED,N,N,56.2488,-120.827043,Y,MARCH,N,FORT ST. JOHN,FORT ST. JOHN,FORT ST. JOHN,Y,Y,N,NORTH CENTRAL,102 AVE # 008800 TO 008917,102 AVE,102 AVE,15:00-17:59,1,0
N,PROPERTY DAMAGE ONLY,\N,N,2025,MONDAY,HEAD ON,N,N,\N,\N,N,MARCH,N,COQUITLAM,COQUITLAM,\N,Y,Y,N,LOWER MAINLAND,UNKNOWN,BARNET HWY,BARNET HWY,15:00-17:59,1,0
N,PROPERTY DAMAGE ONLY,\N,N,2025,MONDAY,HEAD ON,N,N,49.150886,-122.669324,Y,MARCH,N,LANGLEY,LANGLEY,LANGLEY,N,Y,N,LOWER MAINLAND,81A AVE # 019900 TO 019999,81A AVE,81A AVE,15:00-17:59,1,0
N,PROPERTY DAMAGE ONLY,\N,N,2025,MONDAY,HEAD ON,N,N,50.685412,-120.355487,Y,MARCH,N,KAMLOOPS,KAMLOOPS,KAMLOOPS,N,Y,N,SOUTHERN INTERIOR,TRANQUILLE RD # 000200 TO 000239,TRANQUILLE RD,TRANQUILLE RD,15:00-17:59,1,0
N,PROPERTY DAMAGE ONLY,\N,N,2025,MONDAY,MULTIPLE IMPACTS,N,N,\N,\N,N,MARCH,N,VICTORIA,VICTORIA,\N,Y,N,N,VANCOUVER ISLAND,UNKNOWN,JACKLIN RD,JACKLIN RD,15:00-17:59,1,0
N,PROPERTY DAMAGE ONLY,\N,N,2025,MONDAY,REAR END,N,N,\N,\N,N,MARCH,N,COQUITLAM,COQUITLAM,\N,N,N,N,LOWER MAINLAND,UNKNOWN,HWY 1,HWY 1,15:00-17:59,1,0
N,PROPERTY DAMAGE ONLY,\N,N,2025,MONDAY,REAR END,N,N,\N,\N,N,MARCH,N,KELOWNA,KELOWNA,\N,N,N,N,SOUTHERN INTERIOR,UNKNOWN,GORDON DR,GORDON DR,15:00-17:59,1,0
N,PROPERTY DAMAGE ONLY,\N,N,2025,MONDAY,REAR END,N,N,\N,\N,N,MARCH,N,LANGLEY,LANGLEY,\N,N,N,N,LOWER MAINLAND,UNKNOWN,HWY 1,HWY 1,15:00-17:59,1,0
N,PROPERTY DAMAGE ONLY,\N,N,2025,MONDAY,REAR END,N,N,\N,\N,N,MARCH,N,NORTH VANCOUVER,NORTH VANCOUVER,\N,N,N,N,LOWER MAINLAND,UNKNOWN,MARINE DR,MARINE DR,15:00-17:59,1,0
N,PROPERTY DAMAGE ONLY,\N,N,2025,MONDAY,REAR END,N,N,\N,\N,N,MARCH,N,PARKSVILLE,PARKSVILLE,\N,N,N,N,VANCOUVER ISLAND,UNKNOWN,MCCARTER ST,MCCARTER ST,15:00-17:59,1,0
N,PROPERTY DAMAGE ONLY,\N,N,2025,MONDAY,REAR END,N,N,\N,\N,N,MARCH,N,PARKSVILLE,PARKSVILLE,\N,Y,Y,N,VANCOUVER ISLAND,UNKNOWN,STANDFORD AVE E,STANDFORD AVE E,15:00-17:59,1,0
N,PROPERTY DAMAGE ONLY,\N,N,2025,MONDAY,REAR END,N,N,\N,\N,N,MARCH,N,PORT COQUITLAM,PORT COQUITLAM,\N,N,N,N,LOWER MAINLAND,UNKNOWN,OTTAWA ST,OTTAWA ST,15:00-17:59,1,0
N,PROPERTY DAMAGE ONLY,\N,N,2025,MONDAY,REAR END,N,N,\N,\N,N,MARCH,N,RICHMOND,RICHMOND,\N,N,N,N,LOWER MAINLAND,UNKNOWN,HWY 91,HWY 91,15:00-17:59,1,0
N,PROPERTY DAMAGE ONLY,\N,N,2025,MONDAY,REAR END,N,N,\N,\N,N,MARCH,N,RICHMOND,RICHMOND,\N,Y,N,N,LOWER MAINLAND,UNKNOWN,NO 3 RD,NO 3 RD,15:00-17:59,1,0
N,PROPERTY DAMAGE ONLY,\N,N,2025,MONDAY,REAR END,N,N,\N,\N,N,MARCH,N,SURREY,SURREY,\N,N,N,N,LOWER MAINLAND,UNKNOWN,HWY 10,HWY 10,15:00-17:59,1,0
N,PROPERTY DAMAGE ONLY,\N,N,2025,MONDAY,REAR END,N,N,\N,\N,N,MARCH,N,VANCOUVER,VANCOUVER,\N,N,N,N,LOWER MAINLAND,UNKNOWN,GRANDVIEW HWY,GRANDVIEW HWY,15:00-17:59,1,0
N,PROPERTY DAMAGE ONLY,\N,N,2025,MONDAY,REAR END,N,N,\N,\N,N,MARCH,N,VANCOUVER,VANCOUVER,\N,N,N,N,LOWER MAINLAND,UNKNOWN,HOWE ST,HOWE ST,15:00-17:59,1,0
N,PROPERTY DAMAGE ONLY,\N,N,2025,MONDAY,REAR END,N,N,48.428046,-123.357531,Y,MARCH,N,VICTORIA,VICTORIA,VICTORIA,Y,N,N,VANCOUVER ISLAND,MASON ST # 000900 TO 000999,MASON ST,MASON ST,15:00-17:59,1,0
N,PROPERTY DAMAGE ONLY,\N,N,2025,MONDAY,REAR END,N,N,48.477433,-123.33273,Y,MARCH,N,SAANICH,SAANICH,SAANICH,Y,N,N,VANCOUVER ISLAND,TORQUAY DR # 004100 TO 004109,TORQUAY DR,TORQUAY DR,15:00-17:59,1,0
N,PROPERTY DAMAGE ONLY,\N,N,2025,MONDAY,REAR END,N,N,49.021743,-122.265356,Y,MARCH,N,ABBOTSFORD,ABBOTSFORD,ABBOTSFORD,N,Y,N,LOWER MAINLAND,SUMAS WAY # 001000 TO 001189,SUMAS WAY,SUMAS WAY,15:00-17:59,1,0
N,PROPERTY DAMAGE ONLY,\N,N,2025,MONDAY,REAR END,N,N,49.050778,-122.308714,Y,MARCH,N,ABBOTSFORD,ABBOTSFORD,ABBOTSFORD,N,Y,N,LOWER MAINLAND,SOUTH FRASER WAY # 032980 TO 033079,SOUTH FRASER WAY,SOUTH FRASER WAY,15:00-17:59,1,0
N,PROPERTY DAMAGE ONLY,\N,N,2025,MONDAY,REAR END,N,N,49.172544,-122.845737,Y,MARCH,N,SURREY,SURREY,SURREY,Y,Y,N,LOWER MAINLAND,KING GEORGE BLVD # 009200 TO 009458 even,KING GEORGE BLVD,KING GEORGE BLVD,15:00-17:59,1,0
N,PROPERTY DAMAGE ONLY,\N,N,2025,MONDAY,REAR END,N,N,49.182507,-123.980854,Y,MARCH,N,NANAIMO,NANAIMO,NANAIMO,Y,Y,N,VANCOUVER ISLAND,BOWEN RD # 001800 TO 001808 even,BOWEN RD,BOWEN RD,15:00-17:59,1,0
N,PROPERTY DAMAGE ONLY,\N,N,2025,MONDAY,REAR END,N,N,49.190089,-122.800995,Y,MARCH,N,SURREY,SURREY,SURREY,Y,Y,N,LOWER MAINLAND,152 ST # 010251 TO 010399 odd,152 ST,152 ST,15:00-17:59,1,0
N,PROPERTY DAMAGE ONLY,\N,N,2025,MONDAY,REAR END,N,N,49.197046,-122.971177,Y,MARCH,N,BURNABY,BURNABY,BURNABY,Y,Y,N,LOWER MAINLAND,MARINE WAY # 005821 TO 005899 odd,MARINE WAY,MARINE WAY,15:00-17:59,1,0
N,PROPERTY DAMAGE ONLY,\N,N,2025,MONDAY,REAR END,N,N,49.205973,-123.165355,Y,MARCH,N,RICHMOND,RICHMOND,RICHMOND,N,N,N,LOWER MAINLAND,FERGUSON RD # 005941 TO 005970,FERGUSON RD,FERGUSON RD,15:00-17:59,1,0
N,PROPERTY DAMAGE ONLY,\N,N,2025,MONDAY,REAR END,N,N,49.207148,-123.145214,Y,MARCH,N,VANCOUVER,VANCOUVER,VANCOUVER,Y,N,N,LOWER MAINLAND,BARNARD ST # 008600 TO 008799,BARNARD ST,BARNARD ST,15:00-17:59,1,0
N,PROPERTY DAMAGE ONLY,\N,N,2025,MONDAY,REAR END,N,N,49.266428,-123.001746,Y,MARCH,N,BURNABY,BURNABY,BURNABY,Y,Y,N,LOWER MAINLAND,LOUGHEED HWY # 004501 TO 004599 odd,LOUGHEED HWY,LOUGHEED HWY,15:00-17:59,1,0
N,PROPERTY DAMAGE ONLY,\N,N,2025,MONDAY,REAR END,N,N,49.270983,-122.8003,Y,MARCH,N,COQUITLAM,COQUITLAM,COQUITLAM,Y,N,N,LOWER MAINLAND,NORMAN AVE # 002900 TO 002919,NORMAN AVE,NORMAN AVE,15:00-17:59,1,0
N,PROPERTY DAMAGE ONLY,\N,N,2025,MONDAY,REAR END,N,N,49.278274,-123.109536,Y,MARCH,N,VANCOUVER,VANCOUVER,VANCOUVER,Y,N,N,LOWER MAINLAND,EXPO BLVD # 000604 TO 000696,EXPO BLVD,EXPO BLVD,15:00-17:59,1,0
N,PROPERTY DAMAGE ONLY,\N,N,2025,MONDAY,REAR END,N,N,49.327755,-123.072167,Y,MARCH,N,NORTH VANCOUVER,NORTH VANCOUVER,NORTH VANCOUVER,Y,N,N,LOWER MAINLAND,LONSDALE AVE # 002000 TO 002099,LONSDALE AVE,LONSDALE AVE,15:00-17:59,1,0
N,PROPERTY DAMAGE ONLY,\N,N,2025,MONDAY,REAR END,N,N,49.378787,-121.443514,Y,MARCH,N,HOPE,HOPE,HOPE,Y,N,N,LOWER MAINLAND,WALLACE ST # 000200 TO 000249,WALLACE ST,WALLACE ST,15:00-17:59,1,0
N,PROPERTY DAMAGE ONLY,\N,N,2025,MONDAY,REAR END,N,N,49.683528,-124.935121,Y,MARCH,N,COMOX,COMOX,COMOX,Y,Y,N,VANCOUVER ISLAND,ANDERTON RD # 000500 TO 000573,ANDERTON RD,ANDERTON RD,15:00-17:59,1,0
N,PROPERTY DAMAGE ONLY,\N,N,2025,MONDAY,REAR END,N,N,49.742098,-123.137573,Y,MARCH,N,SQUAMISH,SQUAMISH,SQUAMISH,N,Y,N,LOWER MAINLAND,GOVERNMENT RD # 040345 TO 040519,GOVERNMENT RD,GOVERNMENT RD,15:00-17:59,1,0
N,PROPERTY DAMAGE ONLY,\N,N,2025,MONDAY,REAR END,N,N,50.026021,-125.241444,Y,MARCH,N,CAMPBELL RIVER,CAMPBELL RIVER,CAMPBELL RIVER,Y,N,N,VANCOUVER ISLAND,ISLAND HWY # 000985 TO 001001 odd,ISLAND HWY,ISLAND HWY,15:00-17:59,1,0
N,PROPERTY DAMAGE ONLY,\N,N,2025,MONDAY,REAR END,N,N,50.11185,-122.956949,Y,MARCH,N,WHISTLER,WHISTLER,WHISTLER,Y,Y,N,LOWER MAINLAND,WHISTLER WAY # 004080 TO 004149,WHISTLER WAY,WHISTLER WAY,15:00-17:59,1,0
N,PROPERTY DAMAGE ONLY,\N,N,2025,MONDAY,REAR END,N,N,50.115498,-122.956319,Y,MARCH,N,WHISTLER,WHISTLER,WHISTLER,N,N,N,LOWER MAINLAND,GATEWAY DR # 004190 TO 004225,GATEWAY DR,GATEWAY DR,15:00-17:59,1,0
N,PROPERTY DAMAGE ONLY,\N,N,2025,MONDAY,REAR TO REAR,N,N,48.44304,-123.507572,Y,MARCH,N,LANGFORD,LANGFORD,LANGFORD,N,Y,N,VANCOUVER ISLAND,LANGFORD PKY # 000860 TO 000879,LANGFORD PKY,LANGFORD PKY,15:00-17:59,1,0
N,PROPERTY DAMAGE ONLY,\N,N,2025,MONDAY,REAR TO REAR,N,N,48.461353,-123.297052,Y,MARCH,N,SAANICH,SAANICH,SAANICH,Y,Y,N,VANCOUVER ISLAND,CADBORO BAY RD # 003825 TO 003848,CADBORO BAY RD,CADBORO BAY RD,15:00-17:59,1,0
N,PROPERTY DAMAGE ONLY,\N,N,2025,MONDAY,REAR TO REAR,N,N,48.49405,-123.3838,Y,MARCH,N,SAANICH,SAANICH,SAANICH,N,Y,N,VANCOUVER ISLAND,CHATTERTON WAY # 004490 TO 004499,CHATTERTON WAY,CHATTERTON WAY,15:00-17:59,1,0
N,PROPERTY DAMAGE ONLY,\N,N,2025,MONDAY,REAR TO REAR,N,N,49.050936,-122.312534,Y,MARCH,N,ABBOTSFORD,ABBOTSFORD,ABBOTSFORD,N,Y,N,LOWER MAINLAND,SOUTH FRASER WAY # 032800 TO 032979,SOUTH FRASER WAY,SOUTH FRASER WAY,15:00-17:59,1,0
N,PROPERTY DAMAGE ONLY,\N,N,2025,MONDAY,REAR TO REAR,N,N,49.058123,-122.271868,Y,MARCH,N,ABBOTSFORD,ABBOTSFORD,ABBOTSFORD,Y,Y,N,LOWER MAINLAND,IMMEL ST # 002992 TO 003199,IMMEL ST,IMMEL ST,15:00-17:59,1,0
N,PROPERTY DAMAGE ONLY,\N,N,2025,MONDAY,REAR TO REAR,N,N,49.078456,-123.839691,Y,MARCH,N,NANAIMO,NANAIMO,NANAIMO,Y,N,N,VANCOUVER ISLAND,QUENNELL RD # 002340 TO 002789,QUENNELL RD,QUENNELL RD,15:00-17:59,1,0
N,PROPERTY DAMAGE ONLY,\N,N,2025,MONDAY,REAR TO REAR,N,N,49.177142,-122.866041,Y,MARCH,N,SURREY,SURREY,SURREY,N,Y,N,LOWER MAINLAND,96 AVE # 012800 TO 012939,96 AVE,96 AVE,15:00-17:59,1,0
N,PROPERTY DAMAGE ONLY,\N,N,2025,MONDAY,REAR TO REAR,N,N,49.187829,-123.129723,Y,MARCH,N,RICHMOND,RICHMOND,RICHMOND,Y,Y,N,LOWER MAINLAND,CAPSTAN WAY # 008300 TO 008679,CAPSTAN WAY,CAPSTAN WAY,15:00-17:59,1,0
N,PROPERTY DAMAGE ONLY,\N,N,2025,MONDAY,REAR TO REAR,N,N,49.191977,-123.086051,Y,MARCH,N,RICHMOND,RICHMOND,RICHMOND,N,Y,N,LOWER MAINLAND,BRIDGEPORT RD # 012100 TO 012699,BRIDGEPORT RD,BRIDGEPORT RD,15:00-17:59,1,0
N,PROPERTY DAMAGE ONLY,\N,N,2025,MONDAY,REAR TO REAR,N,N,49.234848,-122.83684,Y,MARCH,N,COQUITLAM,COQUITLAM,COQUITLAM,Y,Y,N,LOWER MAINLAND,FINNIGAN ST # 000153 TO 000171,FINNIGAN ST,FINNIGAN ST,15:00-17:59,1,0
N,PROPERTY DAMAGE ONLY,\N,N,2025,MONDAY,REAR TO REAR,N,N,49.255014,-122.785299,Y,MARCH,N,PORT COQUITLAM,PORT COQUITLAM,PORT COQUITLAM,Y,Y,N,LOWER MAINLAND,ROWLAND ST # 002100 TO 002199,ROWLAND ST,ROWLAND ST,15:00-17:59,1,0
N,PROPERTY DAMAGE ONLY,\N,N,2025,MONDAY,REAR TO REAR,N,N,49.258942,-123.032,Y,MARCH,N,VANCOUVER,VANCOUVER,VANCOUVER,N,Y,N,LOWER MAINLAND,BENTALL ST # 002732 TO 002899,BENTALL ST,BENTALL ST,15:00-17:59,1,0
N,PROPERTY DAMAGE ONLY,\N,N,2025,MONDAY,REAR TO REAR,N,N,49.258942,-123.032,Y,MARCH,N,VANCOUVER,VANCOUVER,VANCOUVER,Y,Y,N,LOWER MAINLAND,BENTALL ST # 002732 TO 002899,BENTALL ST,BENTALL ST,15:00-17:59,1,0
N,PROPERTY DAMAGE ONLY,\N,N,2025,MONDAY,REAR TO REAR,N,N,49.317807,-122.968957,Y,MARCH,N,NORTH VANCOUVER,NORTH VANCOUVER,NORTH VANCOUVER,Y,Y,N,LOWER MAINLAND,MT SEYMOUR RD # 001132 TO 001199,MT SEYMOUR RD,MT SEYMOUR RD,15:00-17:59,1,0
N,PROPERTY DAMAGE ONLY,\N,N,2025,MONDAY,REAR TO REAR,N,N,49.318867,-124.312518,Y,MARCH,N,PARKSVILLE,PARKSVILLE,PARKSVILLE,Y,Y,N,VANCOUVER ISLAND,CRAIG ST # 000150 TO 000199,CRAIG ST,CRAIG ST,15:00-17:59,1,0
N,PROPERTY DAMAGE ONLY,\N,N,2025,MONDAY,REAR TO REAR,N,N,49.321017,-123.071931,Y,MARCH,N,NORTH VANCOUVER,NORTH VANCOUVER,NORTH VANCOUVER,N,Y,N,LOWER MAINLAND,E 14TH ST # 000100 TO 000120,E 14TH ST,E 14TH ST,15:00-17:59,1,0
N,PROPERTY DAMAGE ONLY,\N,N,2025,MONDAY,REAR TO REAR,N,N,49.735015,-123.133931,Y,MARCH,N,SQUAMISH,SQUAMISH,SQUAMISH,Y,Y,N,LOWER MAINLAND,MAMQUAM RD # 001850 TO 001855,MAMQUAM RD,MAMQUAM RD,15:00-17:59,1,0
N,PROPERTY DAMAGE ONLY,\N,N,2025,MONDAY,REAR TO REAR,N,N,53.919776,-122.782166,Y,MARCH,N,PRINCE GEORGE,PRINCE GEORGE,PRINCE GEORGE,Y,Y,N,NORTH CENTRAL,CENTRAL ST W # 000500 TO 000645,CENTRAL ST W,CENTRAL ST W,15:00-17:59,1,0
N,PROPERTY DAMAGE ONLY,\N,N,2025,MONDAY,SIDE IMPACT,N,N,\N,\N,N,MARCH,N,CAMPBELL RIVER,CAMPBELL RIVER,\N,N,N,N,VANCOUVER ISLAND,UNKNOWN,DOGWOOD ST,DOGWOOD ST,15:00-17:59,1,0
N,PROPERTY DAMAGE ONLY,\N,N,2025,MONDAY,SIDE IMPACT,N,N,\N,\N,N,MARCH,N,COQUITLAM,COQUITLAM,\N,N,N,N,LOWER MAINLAND,UNKNOWN,HWY 1,HWY 1,15:00-17:59,1,0
N,PROPERTY DAMAGE ONLY,\N,N,2025,MONDAY,SIDE IMPACT,N,N,\N,\N,N,MARCH,N,DELTA,DELTA,\N,Y,Y,N,LOWER MAINLAND,UNKNOWN,CANOE PASS WAY,CANOE PASS WAY,15:00-17:59,1,0
N,PROPERTY DAMAGE ONLY,\N,N,2025,MONDAY,SIDE IMPACT,N,N,\N,\N,N,MARCH,N,KAMLOOPS,KAMLOOPS,\N,Y,N,N,SOUTHERN INTERIOR,UNKNOWN,ATHABASCA ST E,ATHABASCA ST E,15:00-17:59,1,0
N,PROPERTY DAMAGE ONLY,\N,N,2025,MONDAY,SIDE IMPACT,N,N,\N,\N,N,MARCH,N,KAMLOOPS,KAMLOOPS,\N,Y,N,N,SOUTHERN INTERIOR,UNKNOWN,CARIBOO PL,CARIBOO PL,15:00-17:59,1,0
N,PROPERTY DAMAGE ONLY,\N,N,2025,MONDAY,SIDE IMPACT,N,N,\N,\N,N,MARCH,N,KELOWNA,KELOWNA,\N,N,Y,N,SOUTHERN INTERIOR,UNKNOWN,MILLS RD,MILLS RD,15:00-17:59,1,0
N,PROPERTY DAMAGE ONLY,\N,N,2025,MONDAY,SIDE IMPACT,N,N,\N,\N,N,MARCH,N,NANAIMO,NANAIMO,\N,Y,N,N,VANCOUVER ISLAND,UNKNOWN,CAPRICE PLACE,CAPRICE PLACE,15:00-17:59,1,0
N,PROPERTY DAMAGE ONLY,\N,N,2025,MONDAY,SIDE IMPACT,N,N,\N,\N,N,MARCH,N,PORT MOODY,PORT MOODY,\N,Y,N,N,LOWER MAINLAND,UNKNOWN,BARBER LANE,BARBER LANE,15:00-17:59,1,0
N,PROPERTY DAMAGE ONLY,\N,N,2025,MONDAY,SIDE IMPACT,N,N,\N,\N,N,MARCH,N,QUESNEL,QUESNEL,\N,Y,N,N,NORTH CENTRAL,UNKNOWN,STORK AVE,STORK AVE,15:00-17:59,1,0
N,PROPERTY DAMAGE ONLY,\N,N,2025,MONDAY,SIDE IMPACT,N,N,\N,\N,N,MARCH,N,REVELSTOKE,REVELSTOKE,\N,Y,Y,N,SOUTHERN INTERIOR,UNKNOWN,7TH ST E,7TH ST E,15:00-17:59,1,0
N,PROPERTY DAMAGE ONLY,\N,N,2025,MONDAY,SIDE IMPACT,N,N,\N,\N,N,MARCH,N,SURREY,SURREY,\N,N,N,N,LOWER MAINLAND,UNKNOWN,152 ST,152 ST,15:00-17:59,1,0
N,PROPERTY DAMAGE ONLY,\N,N,2025,MONDAY,SIDE IMPACT,N,N,\N,\N,N,MARCH,N,SURREY,SURREY,\N,N,N,N,LOWER MAINLAND,UNKNOWN,96 AVE,96 AVE,15:00-17:59,1,0
N,PROPERTY DAMAGE ONLY,\N,N,2025,MONDAY,SIDE IMPACT,N,N,\N,\N,N,MARCH,N,VANCOUVER,VANCOUVER,\N,Y,N,N,LOWER MAINLAND,UNKNOWN,E 8 AVE,E 8 AVE,15:00-17:59,1,0
N,PROPERTY DAMAGE ONLY,\N,N,2025,MONDAY,SIDE IMPACT,N,N,\N,\N,N,MARCH,N,VICTORIA,VICTORIA,\N,N,Y,N,VANCOUVER ISLAND,UNKNOWN,ELLERY ST,ELLERY ST,15:00-17:59,1,0
N,PROPERTY DAMAGE ONLY,\N,N,2025,MONDAY,SIDE IMPACT,N,N,\N,\N,N,MARCH,N,VICTORIA,VICTORIA,\N,N,Y,N,VANCOUVER ISLAND,UNKNOWN,LANSDOWNE ROAD,LANSDOWNE ROAD,15:00-17:59,1,0
N,PROPERTY DAMAGE ONLY,\N,N,2025,MONDAY,SIDE IMPACT,N,N,\N,\N,N,MARCH,N,VICTORIA,VICTORIA,\N,Y,Y,N,VANCOUVER ISLAND,UNKNOWN,ELECTRA BLVD,ELECTRA BLVD,15:00-17:59,1,0
N,PROPERTY DAMAGE ONLY,\N,N,2025,MONDAY,SIDE IMPACT,N,N,\N,\N,N,MARCH,N,WEST VANCOUVER,WEST VANCOUVER,\N,N,Y,N,LOWER MAINLAND,UNKNOWN,PARK ROYAL SOUTH,PARK ROYAL SOUTH,15:00-17:59,1,0
N,PROPERTY DAMAGE ONLY,\N,N,2025,MONDAY,SIDE IMPACT,N,N,48.378616,-123.719864,Y,MARCH,N,SOOKE,SOOKE,SOOKE,Y,Y,N,VANCOUVER ISLAND,SOOKE RD # 006620 TO 006645,SOOKE RD,SOOKE RD,15:00-17:59,1,0
N,PROPERTY DAMAGE ONLY,\N,N,2025,MONDAY,SIDE IMPACT,N,N,48.437479,-123.349417,Y,MARCH,N,VICTORIA,VICTORIA,VICTORIA,Y,N,N,VANCOUVER ISLAND,CAPITAL HTS # 002600 TO 002699,CAPITAL HTS,CAPITAL HTS,15:00-17:59,1,0
N,PROPERTY DAMAGE ONLY,\N,N,2025,MONDAY,SIDE IMPACT,N,N,48.443053,-123.515238,Y,MARCH,N,LANGFORD,LANGFORD,LANGFORD,N,Y,N,VANCOUVER ISLAND,LANGFORD PKY # 000970 TO 000979,LANGFORD PKY,LANGFORD PKY,15:00-17:59,1,0
N,PROPERTY DAMAGE ONLY,\N,N,2025,MONDAY,SIDE IMPACT,N,N,48.469023,-123.363787,Y,MARCH,N,SAANICH,SAANICH,SAANICH,N,Y,N,VANCOUVER ISLAND,QUADRA ST # 003960 TO 003999,QUADRA ST,QUADRA ST,15:00-17:59,1,0
N,PROPERTY DAMAGE ONLY,\N,N,2025,MONDAY,SIDE IMPACT,N,N,48.470623,-123.332678,Y,MARCH,N,SAANICH,SAANICH,SAANICH,Y,Y,N,VANCOUVER ISLAND,SHELBOURNE ST # 003950 TO 003999,SHELBOURNE ST,SHELBOURNE ST,15:00-17:59,1,0
N,PROPERTY DAMAGE ONLY,\N,N,2025,MONDAY,SIDE IMPACT,N,N,48.670975,-123.420591,Y,MARCH,N,NORTH SAANICH,NORTH SAANICH,NORTH SAANICH,N,Y,N,VANCOUVER ISLAND,MCDONALD PARK RD # 010636 TO 010649,MCDONALD PARK RD,MCDONALD PARK RD,15:00-17:59,1,0
N,PROPERTY DAMAGE ONLY,\N,N,2025,MONDAY,SIDE IMPACT,N,N,48.913733,-123.747601,Y,MARCH,N,CHEMAINUS,CHEMAINUS,CHEMAINUS,Y,N,N,VANCOUVER ISLAND,RIVER RD # 003420 TO 003579,RIVER RD,RIVER RD,15:00-17:59,1,0
N,PROPERTY DAMAGE ONLY,\N,N,2025,MONDAY,SIDE IMPACT,N,N,49.032344,-122.805296,Y,MARCH,N,SURREY,SURREY,SURREY,Y,Y,N,LOWER MAINLAND,MARTIN DR # 001637 TO 001699,MARTIN DR,MARTIN DR,15:00-17:59,1,0
N,PROPERTY DAMAGE ONLY,\N,N,2025,MONDAY,SIDE IMPACT,N,N,49.046838,-123.759115,Y,MARCH,N,LADYSMITH,LADYSMITH,LADYSMITH,N,N,N,VANCOUVER ISLAND,YELLOW POINT RD # 003572 TO 003599,YELLOW POINT RD,YELLOW POINT RD,15:00-17:59,1,0
N,PROPERTY DAMAGE ONLY,\N,N,2025,MONDAY,SIDE IMPACT,N,N,49.053342,-122.322832,Y,MARCH,N,ABBOTSFORD,ABBOTSFORD,ABBOTSFORD,Y,Y,N,LOWER MAINLAND,SIMON AVE # 032500 TO 032569,SIMON AVE,SIMON AVE,15:00-17:59,1,0
N,PROPERTY DAMAGE ONLY,\N,N,2025,MONDAY,SIDE IMPACT,N,N,49.090127,-117.635169,Y,MARCH,N,TRAIL,TRAIL,TRAIL,Y,Y,N,SOUTHERN INTERIOR,HWY 3B # 008000 TO 008199,HWY 3B,HWY 3B,15:00-17:59,1,0
N,PROPERTY DAMAGE ONLY,\N,N,2025,MONDAY,SIDE IMPACT,N,N,49.098324,-122.767083,Y,MARCH,N,SURREY,SURREY,SURREY,Y,Y,N,LOWER MAINLAND,164 ST # 005200 TO 005369,164 ST,164 ST,15:00-17:59,1,0
N,PROPERTY DAMAGE ONLY,\N,N,2025,MONDAY,SIDE IMPACT,N,N,49.10416,-122.739665,Y,MARCH,N,SURREY,SURREY,SURREY,Y,Y,N,LOWER MAINLAND,56 AVE # 017425 TO 017499 odd,56 AVE,56 AVE,15:00-17:59,1,0
N,PROPERTY DAMAGE ONLY,\N,N,2025,MONDAY,SIDE IMPACT,N,N,49.117005,-122.716164,Y,MARCH,N,SURREY,SURREY,SURREY,Y,N,N,LOWER MAINLAND,SUNDANCE DR # 006300 TO 006339,SUNDANCE DR,SUNDANCE DR,15:00-17:59,1,0
N,PROPERTY DAMAGE ONLY,\N,N,2025,MONDAY,SIDE IMPACT,N,N,49.124847,-122.704161,Y,MARCH,N,SURREY,SURREY,SURREY,Y,N,N,LOWER MAINLAND,FRASER HWY # 018681 TO 018719 odd,FRASER HWY,FRASER HWY,15:00-17:59,1,0
N,PROPERTY DAMAGE ONLY,\N,N,2025,MONDAY,SIDE IMPACT,N,N,49.13326,-122.890435,Y,MARCH,N,DELTA,DELTA,DELTA,Y,Y,N,LOWER MAINLAND,120 ST # 007101 TO 007199 odd,120 ST,120 ST,15:00-17:59,1,0
N,PROPERTY DAMAGE ONLY,\N,N,2025,MONDAY,SIDE IMPACT,N,N,49.13352,-122.84003,Y,MARCH,N,SURREY,SURREY,SURREY,Y,Y,N,LOWER MAINLAND,72 AVE # 013738 TO 013798 even,72 AVE,72 AVE,15:00-17:59,1,0
N,PROPERTY DAMAGE ONLY,\N,N,2025,MONDAY,SIDE IMPACT,N,N,49.134258,-122.84279,Y,MARCH,N,SURREY,SURREY,SURREY,N,N,N,LOWER MAINLAND,137 ST # 007200 TO 007299,137 ST,137 ST,15:00-17:59,1,0
N,PROPERTY DAMAGE ONLY,\N,N,2025,MONDAY,SIDE IMPACT,N,N,49.135386,-122.332692,Y,MARCH,N,MISSION,MISSION,MISSION,Y,Y,N,LOWER MAINLAND,HURD ST # 007320 TO 007359,HURD ST,HURD ST,15:00-17:59,1,0
N,PROPERTY DAMAGE ONLY,\N,N,2025,MONDAY,SIDE IMPACT,N,N,49.137028,-122.866192,Y,MARCH,N,SURREY,SURREY,SURREY,Y,N,N,LOWER MAINLAND,PARKWOOD DR # 007370 TO 007399,PARKWOOD DR,PARKWOOD DR,15:00-17:59,1,0
N,PROPERTY DAMAGE ONLY,\N,N,2025,MONDAY,SIDE IMPACT,N,N,49.139678,-123.136682,Y,MARCH,N,RICHMOND,RICHMOND,RICHMOND,Y,Y,N,LOWER MAINLAND,NO 3 RD # 010000 TO 010349,NO 3 RD,NO 3 RD,15:00-17:59,1,0
N,PROPERTY DAMAGE ONLY,\N,N,2025,MONDAY,SIDE IMPACT,N,N,49.140145,-122.845542,Y,MARCH,N,SURREY,SURREY,SURREY,Y,Y,N,LOWER MAINLAND,KING GEORGE BLVD # 007544 TO 007598 even,KING GEORGE BLVD,KING GEORGE BLVD,15:00-17:59,1,0
N,PROPERTY DAMAGE ONLY,\N,N,2025,MONDAY,SIDE IMPACT,N,N,49.150763,-122.801215,Y,MARCH,N,SURREY,SURREY,SURREY,Y,Y,N,LOWER MAINLAND,152 ST # 008100 TO 008168 even,152 ST,152 ST,15:00-17:59,1,0
N,PROPERTY DAMAGE ONLY,\N,N,2025,MONDAY,SIDE IMPACT,N,N,49.15458,-123.125312,Y,MARCH,N,RICHMOND,RICHMOND,RICHMOND,Y,Y,N,LOWER MAINLAND,GARDEN CITY RD # 008000 TO 008179,GARDEN CITY RD,GARDEN CITY RD,15:00-17:59,1,0
N,PROPERTY DAMAGE ONLY,\N,N,2025,MONDAY,SIDE IMPACT,N,N,49.155587,-123.157543,Y,MARCH,N,RICHMOND,RICHMOND,RICHMOND,N,Y,N,LOWER MAINLAND,BLUNDELL RD # 006000 TO 006199,BLUNDELL RD,BLUNDELL RD,15:00-17:59,1,0
N,PROPERTY DAMAGE ONLY,\N,N,2025,MONDAY,SIDE IMPACT,N,N,49.161603,-122.833349,Y,MARCH,N,SURREY,SURREY,SURREY,Y,N,N,LOWER MAINLAND,140A ST # 008700 TO 008759,140A ST,140A ST,15:00-17:59,1,0
N,PROPERTY DAMAGE ONLY,\N,N,2025,MONDAY,SIDE IMPACT,N,N,49.167197,-122.801279,Y,MARCH,N,SURREY,SURREY,SURREY,N,Y,N,LOWER MAINLAND,152 ST # 009000 TO 009098 even,152 ST,152 ST,15:00-17:59,1,0
N,PROPERTY DAMAGE ONLY,\N,N,2025,MONDAY,SIDE IMPACT,N,N,49.1679,-121.95783,Y,MARCH,N,CHILLIWACK,CHILLIWACK,CHILLIWACK,Y,Y,N,LOWER MAINLAND,YALE RD # 045940 TO 045959,YALE RD,YALE RD,15:00-17:59,1,0
N,PROPERTY DAMAGE ONLY,\N,N,2025,MONDAY,SIDE IMPACT,N,N,49.172171,-122.890293,Y,MARCH,N,DELTA,DELTA,DELTA,Y,Y,N,LOWER MAINLAND,120 ST # 009261 TO 009359 odd,120 ST,120 ST,15:00-17:59,1,0
N,PROPERTY DAMAGE ONLY,\N,N,2025,MONDAY,SIDE IMPACT,N,N,49.174303,-122.845932,Y,MARCH,N,SURREY,SURREY,SURREY,Y,Y,N,LOWER MAINLAND,KING GEORGE BLVD # 009413 TO 009459 odd,KING GEORGE BLVD,KING GEORGE BLVD,15:00-17:59,1,0
N,PROPERTY DAMAGE ONLY,\N,N,2025,MONDAY,SIDE IMPACT,N,N,49.174999,-122.634012,Y,MARCH,N,LANGLEY,LANGLEY,LANGLEY,Y,N,N,LOWER MAINLAND,95 AVE # 021200 TO 021219,95 AVE,95 AVE,15:00-17:59,1,0
N,PROPERTY DAMAGE ONLY,\N,N,2025,MONDAY,SIDE IMPACT,N,N,49.179166,-123.086781,Y,MARCH,N,RICHMOND,RICHMOND,RICHMOND,N,Y,N,LOWER MAINLAND,JACK BELL DR # 012400 TO 012479,JACK BELL DR,JACK BELL DR,15:00-17:59,1,0
N,PROPERTY DAMAGE ONLY,\N,N,2025,MONDAY,SIDE IMPACT,N,N,49.181742,-123.125178,Y,MARCH,N,RICHMOND,RICHMOND,RICHMOND,N,Y,N,LOWER MAINLAND,ODLIN RD # 008738 TO 008799,ODLIN RD,ODLIN RD,15:00-17:59,1,0
N,PROPERTY DAMAGE ONLY,\N,N,2025,MONDAY,SIDE IMPACT,N,N,49.185372,-122.547987,Y,MARCH,N,MAPLE RIDGE,MAPLE RIDGE,MAPLE RIDGE,Y,N,N,LOWER MAINLAND,243A ST # 010050 TO 010099,243A ST,243A ST,15:00-17:59,1,0
N,PROPERTY DAMAGE ONLY,\N,N,2025,MONDAY,SIDE IMPACT,N,N,49.187003,-122.845527,Y,MARCH,N,SURREY,SURREY,SURREY,N,Y,N,LOWER MAINLAND,KING GEORGE BLVD # 010153 TO 010199 odd,KING GEORGE BLVD,KING GEORGE BLVD,15:00-17:59,1,0
N,PROPERTY DAMAGE ONLY,\N,N,2025,MONDAY,SIDE IMPACT,N,N,49.187962,-122.799517,Y,MARCH,N,SURREY,SURREY,SURREY,Y,N,N,LOWER MAINLAND,152A ST # 010163 TO 010249,152A ST,152A ST,15:00-17:59,1,0
N,PROPERTY DAMAGE ONLY,\N,N,2025,MONDAY,SIDE IMPACT,N,N,49.192014,-123.122024,Y,MARCH,N,RICHMOND,RICHMOND,RICHMOND,Y,Y,N,LOWER MAINLAND,BRIDGEPORT RD # 009088 TO 009299,BRIDGEPORT RD,BRIDGEPORT RD,15:00-17:59,1,0
N,PROPERTY DAMAGE ONLY,\N,N,2025,MONDAY,SIDE IMPACT,N,N,49.193371,-123.082594,Y,MARCH,N,RICHMOND,RICHMOND,RICHMOND,Y,Y,N,LOWER MAINLAND,SWEDEN WAY # 002500 TO 003199,SWEDEN WAY,SWEDEN WAY,15:00-17:59,1,0
N,PROPERTY DAMAGE ONLY,\N,N,2025,MONDAY,SIDE IMPACT,N,N,49.207452,-123.008197,Y,MARCH,N,BURNABY,BURNABY,BURNABY,N,Y,N,LOWER MAINLAND,GLENLYON PKY # 008500 TO 008619,GLENLYON PKY,GLENLYON PKY,15:00-17:59,1,0
N,PROPERTY DAMAGE ONLY,\N,N,2025,MONDAY,SIDE IMPACT,N,N,49.209565,-123.063262,Y,MARCH,N,VANCOUVER,VANCOUVER,VANCOUVER,Y,N,N,LOWER MAINLAND,HARRISON DR # 002058 TO 002201,HARRISON DR,HARRISON DR,15:00-17:59,1,0
N,PROPERTY DAMAGE ONLY,\N,N,2025,MONDAY,SIDE IMPACT,N,N,49.210978,-123.092146,Y,MARCH,N,VANCOUVER,VANCOUVER,VANCOUVER,N,Y,N,LOWER MAINLAND,SE MARINE DR # 000608 TO 000698 even,SE MARINE DR,SE MARINE DR,15:00-17:59,1,0
N,PROPERTY DAMAGE ONLY,\N,N,2025,MONDAY,SIDE IMPACT,N,N,49.214897,-122.631925,Y,MARCH,N,MAPLE RIDGE,MAPLE RIDGE,MAPLE RIDGE,Y,Y,N,LOWER MAINLAND,LAITY ST # 011660 TO 011699,LAITY ST,LAITY ST,15:00-17:59,1,0
N,PROPERTY DAMAGE ONLY,\N,N,2025,MONDAY,SIDE IMPACT,N,N,49.219848,-122.65737,Y,MARCH,N,MAPLE RIDGE,MAPLE RIDGE,MAPLE RIDGE,Y,Y,N,LOWER MAINLAND,203 ST # 011900 TO 011969,203 ST,203 ST,15:00-17:59,1,0
N,PROPERTY DAMAGE ONLY,\N,N,2025,MONDAY,SIDE IMPACT,N,N,49.228617,-122.892814,Y,MARCH,N,NEW WESTMINSTER,NEW WESTMINSTER,NEW WESTMINSTER,Y,N,N,LOWER MAINLAND,E COLUMBIA ST # 000400 TO 000438,E COLUMBIA ST,E COLUMBIA ST,15:00-17:59,1,0
N,PROPERTY DAMAGE ONLY,\N,N,2025,MONDAY,SIDE IMPACT,N,N,49.229897,-123.003852,Y,MARCH,N,BURNABY,BURNABY,BURNABY,N,Y,N,LOWER MAINLAND,KINGSWAY # 004500 TO 004555,KINGSWAY,KINGSWAY,15:00-17:59,1,0
N,PROPERTY DAMAGE ONLY,\N,N,2025,MONDAY,SIDE IMPACT,N,N,49.232967,-124.797832,Y,MARCH,N,PORT ALBERNI,PORT ALBERNI,PORT ALBERNI,Y,Y,N,VANCOUVER ISLAND,10TH AVE # 002940 TO 002959,10TH AVE,10TH AVE,15:00-17:59,1,0
N,PROPERTY DAMAGE ONLY,\N,N,2025,MONDAY,SIDE IMPACT,N,N,49.233704,-122.852525,Y,MARCH,N,COQUITLAM,COQUITLAM,COQUITLAM,N,Y,N,LOWER MAINLAND,SCHOOLHOUSE ST # 000100 TO 000145,SCHOOLHOUSE ST,SCHOOLHOUSE ST,15:00-17:59,1,0
N,PROPERTY DAMAGE ONLY,\N,N,2025,MONDAY,SIDE IMPACT,N,N,49.234457,-123.019896,Y,MARCH,N,BURNABY,BURNABY,BURNABY,Y,Y,N,LOWER MAINLAND,SMITH AVE # 005500 TO 005599,SMITH AVE,SMITH AVE,15:00-17:59,1,0
N,PROPERTY DAMAGE ONLY,\N,N,2025,MONDAY,SIDE IMPACT,N,N,49.2491,-122.895415,Y,MARCH,N,BURNABY,BURNABY,BURNABY,N,Y,N,LOWER MAINLAND,AUSTIN RD # 009855 TO 009865 odd,AUSTIN RD,AUSTIN RD,15:00-17:59,1,0
N,PROPERTY DAMAGE ONLY,\N,N,2025,MONDAY,SIDE IMPACT,N,N,49.263166,-122.819791,Y,MARCH,N,COQUITLAM,COQUITLAM,COQUITLAM,N,Y,N,LOWER MAINLAND,COMO LAKE AVE # 002524 TO 002599,COMO LAKE AVE,COMO LAKE AVE,15:00-17:59,1,0
N,PROPERTY DAMAGE ONLY,\N,N,2025,MONDAY,SIDE IMPACT,N,N,49.267701,-122.683687,Y,MARCH,N,PITT MEADOWS,PITT MEADOWS,PITT MEADOWS,Y,N,N,LOWER MAINLAND,FENTON RD # 019200 TO 019599,FENTON RD,FENTON RD,15:00-17:59,1,0
N,PROPERTY DAMAGE ONLY,\N,N,2025,MONDAY,SIDE IMPACT,N,N,49.269382,-123.045583,Y,MARCH,N,VANCOUVER,VANCOUVER,VANCOUVER,Y,Y,N,LOWER MAINLAND,E 1ST AVE # 002800 TO 002898 even,E 1ST AVE,E 1ST AVE,15:00-17:59,1,0
N,PROPERTY DAMAGE ONLY,\N,N,2025,MONDAY,SIDE IMPACT,N,N,49.271519,-123.105327,Y,MARCH,N,VANCOUVER,VANCOUVER,VANCOUVER,Y,Y,N,LOWER MAINLAND,ATHLETES WAY # 000000 TO 000079,ATHLETES WAY,ATHLETES WAY,15:00-17:59,1,0
N,PROPERTY DAMAGE ONLY,\N,N,2025,MONDAY,SIDE IMPACT,N,N,49.274294,-123.064567,Y,MARCH,N,VANCOUVER,VANCOUVER,VANCOUVER,Y,N,N,LOWER MAINLAND,LILY ST # 001100 TO 001199,LILY ST,LILY ST,15:00-17:59,1,0
N,PROPERTY DAMAGE ONLY,\N,N,2025,MONDAY,SIDE IMPACT,N,N,49.274413,-122.792884,Y,MARCH,N,COQUITLAM,COQUITLAM,COQUITLAM,Y,Y,N,LOWER MAINLAND,LOUGHEED HWY # 002988 TO 003098 even,LOUGHEED HWY,LOUGHEED HWY,15:00-17:59,1,0
N,PROPERTY DAMAGE ONLY,\N,N,2025,MONDAY,SIDE IMPACT,N,N,49.275571,-122.795219,Y,MARCH,N,COQUITLAM,COQUITLAM,COQUITLAM,N,Y,N,LOWER MAINLAND,LOUGHEED HWY # 002951 TO 003043 odd,LOUGHEED HWY,LOUGHEED HWY,15:00-17:59,1,0
N,PROPERTY DAMAGE ONLY,\N,N,2025,MONDAY,SIDE IMPACT,N,N,49.280976,-122.92366,Y,MARCH,N,BURNABY,BURNABY,BURNABY,Y,Y,N,LOWER MAINLAND,UNIVERSITY DR # 008700 TO 008888 even,UNIVERSITY DR,UNIVERSITY DR,15:00-17:59,1,0
N,PROPERTY DAMAGE ONLY,\N,N,2025,MONDAY,SIDE IMPACT,N,N,49.28101,-123.001684,Y,MARCH,N,BURNABY,BURNABY,BURNABY,Y,Y,N,LOWER MAINLAND,HASTINGS ST # 004500 TO 004599,HASTINGS ST,HASTINGS ST,15:00-17:59,1,0
N,PROPERTY DAMAGE ONLY,\N,N,2025,MONDAY,SIDE IMPACT,N,N,49.281875,-122.996058,Y,MARCH,N,BURNABY,BURNABY,BURNABY,Y,N,N,LOWER MAINLAND,ALBERT ST # 004700 TO 004799,ALBERT ST,ALBERT ST,15:00-17:59,1,0
N,PROPERTY DAMAGE ONLY,\N,N,2025,MONDAY,SIDE IMPACT,N,N,49.283631,-123.070348,Y,MARCH,N,VANCOUVER,VANCOUVER,VANCOUVER,Y,Y,N,LOWER MAINLAND,COMMERCIAL DR # 000100 TO 000159,COMMERCIAL DR,COMMERCIAL DR,15:00-17:59,1,0
N,PROPERTY DAMAGE ONLY,\N,N,2025,MONDAY,SIDE IMPACT,N,N,49.301077,-122.822449,Y,MARCH,N,COQUITLAM,COQUITLAM,COQUITLAM,Y,N,N,LOWER MAINLAND,PANORAMA DR # 002500 TO 002549,PANORAMA DR,PANORAMA DR,15:00-17:59,1,0
N,PROPERTY DAMAGE ONLY,\N,N,2025,MONDAY,SIDE IMPACT,N,N,49.305084,-122.961807,Y,MARCH,N,NORTH VANCOUVER,NORTH VANCOUVER,NORTH VANCOUVER,Y,N,N,LOWER MAINLAND,BLANTYRE PL # 003900 TO 003999,BLANTYRE PL,BLANTYRE PL,15:00-17:59,1,0
N,PROPERTY DAMAGE ONLY,\N,N,2025,MONDAY,SIDE IMPACT,N,N,49.305165,-123.016456,Y,MARCH,N,NORTH VANCOUVER,NORTH VANCOUVER,NORTH VANCOUVER,Y,Y,N,LOWER MAINLAND,DOLLARTON HWY # 002001 TO 002199 odd,DOLLARTON HWY,DOLLARTON HWY,15:00-17:59,1,0
N,PROPERTY DAMAGE ONLY,\N,N,2025,MONDAY,SIDE IMPACT,N,N,49.325802,-123.137159,Y,MARCH,N,WEST VANCOUVER,WEST VANCOUVER,WEST VANCOUVER,Y,Y,N,LOWER MAINLAND,PARK ROYAL SOUTH # 000900 TO 001130,PARK ROYAL SOUTH,PARK ROYAL SOUTH,15:00-17:59,1,0
N,PROPERTY DAMAGE ONLY,\N,N,2025,MONDAY,SIDE IMPACT,N,N,49.484131,-119.585993,Y,MARCH,N,PENTICTON,PENTICTON,PENTICTON,Y,Y,N,SOUTHERN INTERIOR,MAIN ST # 001300 TO 001399,MAIN ST,MAIN ST,15:00-17:59,1,0
N,PROPERTY DAMAGE ONLY,\N,N,2025,MONDAY,SIDE IMPACT,N,N,49.489304,-117.299695,Y,MARCH,N,NELSON,NELSON,NELSON,Y,Y,N,SOUTHERN INTERIOR,RAILWAY ST # 000400 TO 000569,RAILWAY ST,RAILWAY ST,15:00-17:59,1,0
N,PROPERTY DAMAGE ONLY,\N,N,2025,MONDAY,SIDE IMPACT,N,N,49.722216,-118.922539,Y,MARCH,N,BIG WHITE,BIG WHITE,BIG WHITE,Y,Y,N,SOUTHERN INTERIOR,MOON SHINE CRES # 000190 TO 000201,MOON SHINE CRES,MOON SHINE CRES,15:00-17:59,1,0
N,PROPERTY DAMAGE ONLY,\N,N,2025,MONDAY,SIDE IMPACT,N,N,49.836563,-119.482495,Y,MARCH,N,KELOWNA,KELOWNA,KELOWNA,N,Y,N,SOUTHERN INTERIOR,GORDON DR # 004073 TO 004101 odd,GORDON DR,GORDON DR,15:00-17:59,1,0
N,PROPERTY DAMAGE ONLY,\N,N,2025,MONDAY,SIDE IMPACT,N,N,49.846472,-124.516045,Y,MARCH,N,POWELL RIVER,POWELL RIVER,POWELL RIVER,Y,Y,N,VANCOUVER ISLAND,ALBERNI ST # 007100 TO 007119,ALBERNI ST,ALBERNI ST,15:00-17:59,1,0
N,PROPERTY DAMAGE ONLY,\N,N,2025,MONDAY,SIDE IMPACT,N,N,49.848202,-124.522362,Y,MARCH,N,POWELL RIVER,POWELL RIVER,POWELL RIVER,N,Y,N,VANCOUVER ISLAND,JOYCE AVE # 004871 TO 004899 odd,JOYCE AVE,JOYCE AVE,15:00-17:59,1,0
N,PROPERTY DAMAGE ONLY,\N,N,2025,MONDAY,SIDE IMPACT,N,N,50.010674,-119.391727,Y,MARCH,N,KELOWNA,KELOWNA,KELOWNA,Y,Y,N,SOUTHERN INTERIOR,JIM BAILEY RD # 008851 TO 008999,JIM BAILEY RD,JIM BAILEY RD,15:00-17:59,1,0
N,PROPERTY DAMAGE ONLY,\N,N,2025,MONDAY,SIDE IMPACT,N,N,50.257295,-119.273676,Y,MARCH,N,VERNON,VERNON,VERNON,Y,Y,N,SOUTHERN INTERIOR,32 ST # 002005 TO 002299 odd,32 ST,32 ST,15:00-17:59,1,0
N,PROPERTY DAMAGE ONLY,\N,N,2025,MONDAY,SIDE IMPACT,N,N,50.265361,-119.260068,Y,MARCH,N,VERNON,VERNON,VERNON,Y,Y,N,SOUTHERN INTERIOR,32 AVE # 002100 TO 002199,32 AVE,32 AVE,15:00-17:59,1,0
N,PROPERTY DAMAGE ONLY,\N,N,2025,MONDAY,SIDE IMPACT,N,N,50.582067,-127.071678,Y,MARCH,N,PORT MCNEILL,PORT MCNEILL,PORT MCNEILL,Y,Y,N,VANCOUVER ISLAND,KINGCOME PL # 002500 TO 002589,KINGCOME PL,KINGCOME PL,15:00-17:59,1,0
N,PROPERTY DAMAGE ONLY,\N,N,2025,MONDAY,SIDE IMPACT,N,N,50.669348,-120.22127,Y,MARCH,N,KAMLOOPS,KAMLOOPS,KAMLOOPS,N,Y,N,SOUTHERN INTERIOR,VALLEYVIEW DR # 003200 TO 004000,VALLEYVIEW DR,VALLEYVIEW DR,15:00-17:59,1,0
N,PROPERTY DAMAGE ONLY,\N,N,2025,MONDAY,SIDE IMPACT,N,N,50.698981,-120.360407,Y,MARCH,N,KAMLOOPS,KAMLOOPS,KAMLOOPS,N,Y,N,SOUTHERN INTERIOR,FORTUNE DR # 000740 TO 000798 even,FORTUNE DR,FORTUNE DR,15:00-17:59,1,0
N,PROPERTY DAMAGE ONLY,\N,N,2025,MONDAY,SIDE IMPACT,N,N,50.703975,-119.268997,Y,MARCH,N,SALMON ARM,SALMON ARM,SALMON ARM,N,Y,N,SOUTHERN INTERIOR,14 ST NE # 000500 TO 000590,14 ST NE,14 ST NE,15:00-17:59,1,0
N,PROPERTY DAMAGE ONLY,\N,N,2025,MONDAY,SIDE IMPACT,N,N,53.910738,-122.76357,Y,MARCH,N,PRINCE GEORGE,PRINCE GEORGE,PRINCE GEORGE,Y,Y,N,NORTH CENTRAL,EDMONTON ST # 001424 TO 001499,EDMONTON ST,EDMONTON ST,15:00-17:59,1,0
N,PROPERTY DAMAGE ONLY,\N,N,2025,MONDAY,SIDE IMPACT,N,N,55.737738,-120.216352,Y,MARCH,N,DAWSON CREEK,DAWSON CREEK,DAWSON CREEK,Y,N,N,NORTH CENTRAL,HWY 2 # 000542 TO 000648 even,HWY 2,HWY 2,15:00-17:59,1,0
N,PROPERTY DAMAGE ONLY,\N,N,2025,MONDAY,SIDE IMPACT,Y,N,\N,\N,N,MARCH,N,SOOKE,SOOKE,\N,N,N,N,VANCOUVER ISLAND,UNKNOWN,CLARK RD,CLARK RD,15:00-17:59,1,0
N,PROPERTY DAMAGE ONLY,\N,N,2025,MONDAY,SIDE IMPACT,Y,N,\N,\N,N,MARCH,N,SURREY,SURREY,\N,N,N,N,LOWER MAINLAND,UNKNOWN,HWY 17,HWY 17,15:00-17:59,1,0
N,PROPERTY DAMAGE ONLY,\N,N,2025,MONDAY,SIDE IMPACT,Y,N,49.159825,-122.867971,Y,MARCH,N,SURREY,SURREY,SURREY,Y,Y,N,LOWER MAINLAND,128 ST # 008600 TO 008698 even,128 ST,128 ST,15:00-17:59,1,0
N,PROPERTY DAMAGE ONLY,\N,N,2025,MONDAY,SIDE SWIPE - OPPOSITE DIRECTION,N,N,49.165613,-123.136632,Y,MARCH,N,RICHMOND,RICHMOND,RICHMOND,Y,Y,N,LOWER MAINLAND,NO 3 RD # 006401 TO 006799 odd,NO 3 RD,NO 3 RD,15:00-17:59,1,0
N,PROPERTY DAMAGE ONLY,\N,N,2025,MONDAY,SIDE SWIPE - OPPOSITE DIRECTION,N,N,49.224296,-122.986742,Y,MARCH,N,BURNABY,BURNABY,BURNABY,Y,Y,N,LOWER MAINLAND,KINGSWAY # 005200 TO 005526,KINGSWAY,KINGSWAY,15:00-17:59,1,0
N,PROPERTY DAMAGE ONLY,\N,N,2025,MONDAY,SIDE SWIPE - OPPOSITE DIRECTION,N,N,49.266102,-124.781918,Y,MARCH,N,PORT ALBERNI,PORT ALBERNI,PORT ALBERNI,Y,Y,N,VANCOUVER ISLAND,JOHNSTON RD # 003300 TO 003399,JOHNSTON RD,JOHNSTON RD,15:00-17:59,1,0
N,PROPERTY DAMAGE ONLY,\N,N,2025,MONDAY,SIDE SWIPE - OPPOSITE DIRECTION,N,N,49.278343,-122.903949,Y,MARCH,N,BURNABY,BURNABY,BURNABY,N,N,N,LOWER MAINLAND,UNIVERSITY CRES # 009284 TO 009298 even,UNIVERSITY CRES,UNIVERSITY CRES,15:00-17:59,1,0
N,PROPERTY DAMAGE ONLY,\N,N,2025,MONDAY,SIDE SWIPE - OPPOSITE DIRECTION,N,N,49.370107,-123.425438,Y,MARCH,N,BOWEN ISLAND,BOWEN ISLAND,BOWEN ISLAND,Y,N,N,LOWER MAINLAND,OLIVIA TERRACE # 001750 TO 001802,OLIVIA TERRACE,OLIVIA TERRACE,15:00-17:59,1,0
N,PROPERTY DAMAGE ONLY,\N,N,2025,MONDAY,SIDE SWIPE - OPPOSITE DIRECTION,Y,N,49.102203,-121.925277,Y,MARCH,N,CHILLIWACK,CHILLIWACK,CHILLIWACK,N,N,N,LOWER MAINLAND,SYLVAN DR # 046854 TO 047038,SYLVAN DR,SYLVAN DR,15:00-17:59,1,0
N,PROPERTY DAMAGE ONLY,\N,N,2025,MONDAY,SIDE SWIPE - SAME DIRECTION,N,N,\N,\N,N,MARCH,N,KAMLOOPS,KAMLOOPS,\N,N,N,N,SOUTHERN INTERIOR,UNKNOWN,SPRINGHILL  DR,SPRINGHILL  DR,15:00-17:59,1,0
N,PROPERTY DAMAGE ONLY,\N,N,2025,MONDAY,SIDE SWIPE - SAME DIRECTION,N,N,\N,\N,N,MARCH,N,KELOWNA,KELOWNA,\N,N,N,N,SOUTHERN INTERIOR,UNKNOWN,HWY 97,HWY 97,15:00-17:59,1,0
N,PROPERTY DAMAGE ONLY,\N,N,2025,MONDAY,SIDE SWIPE - SAME DIRECTION,N,N,\N,\N,N,MARCH,N,MAPLE RIDGE,MAPLE RIDGE,\N,N,N,N,LOWER MAINLAND,UNKNOWN,233 ST,233 ST,15:00-17:59,1,0
N,PROPERTY DAMAGE ONLY,\N,N,2025,MONDAY,SIDE SWIPE - SAME DIRECTION,N,N,\N,\N,N,MARCH,N,VANCOUVER,VANCOUVER,\N,N,N,N,LOWER MAINLAND,UNKNOWN,BOUNDARY ROAD,BOUNDARY ROAD,15:00-17:59,1,0
N,PROPERTY DAMAGE ONLY,\N,N,2025,MONDAY,SIDE SWIPE - SAME DIRECTION,N,N,\N,\N,N,MARCH,N,VANCOUVER,VANCOUVER,\N,Y,N,N,LOWER MAINLAND,UNKNOWN,WEST 29TH AVENUE,WEST 29TH AVENUE,15:00-17:59,1,0
N,PROPERTY DAMAGE ONLY,\N,N,2025,MONDAY,SIDE SWIPE - SAME DIRECTION,N,N,48.387564,-123.694879,Y,MARCH,N,SOOKE,SOOKE,SOOKE,N,Y,N,VANCOUVER ISLAND,SOOKE RD # 006110 TO 006229,SOOKE RD,SOOKE RD,15:00-17:59,1,0
N,PROPERTY DAMAGE ONLY,\N,N,2025,MONDAY,SIDE SWIPE - SAME DIRECTION,N,N,48.426196,-123.363978,Y,MARCH,N,VICTORIA,VICTORIA,VICTORIA,Y,Y,N,VANCOUVER ISLAND,YATES ST # 000700 TO 000765,YATES ST,YATES ST,15:00-17:59,1,0
N,PROPERTY DAMAGE ONLY,\N,N,2025,MONDAY,SIDE SWIPE - SAME DIRECTION,N,N,48.42691,-123.533264,Y,MARCH,N,LANGFORD,LANGFORD,LANGFORD,Y,N,N,VANCOUVER ISLAND,MERLIN RD # 003275 TO 003399,MERLIN RD,MERLIN RD,15:00-17:59,1,0
N,PROPERTY DAMAGE ONLY,\N,N,2025,MONDAY,SIDE SWIPE - SAME DIRECTION,N,N,49.044532,-122.28223,Y,MARCH,N,ABBOTSFORD,ABBOTSFORD,ABBOTSFORD,Y,Y,N,LOWER MAINLAND,GLADYS AVE # 033890 TO 034209,GLADYS AVE,GLADYS AVE,15:00-17:59,1,0
N,PROPERTY DAMAGE ONLY,\N,N,2025,MONDAY,SIDE SWIPE - SAME DIRECTION,N,N,49.051115,-122.316955,Y,MARCH,N,ABBOTSFORD,ABBOTSFORD,ABBOTSFORD,Y,Y,N,LOWER MAINLAND,SOUTH FRASER WAY # 032700 TO 032799,SOUTH FRASER WAY,SOUTH FRASER WAY,15:00-17:59,1,0
N,PROPERTY DAMAGE ONLY,\N,N,2025,MONDAY,SIDE SWIPE - SAME DIRECTION,N,N,49.142089,-123.150281,Y,MARCH,N,RICHMOND,RICHMOND,RICHMOND,Y,N,N,LOWER MAINLAND,SHAWNIGAN PL # 006600 TO 006999,SHAWNIGAN PL,SHAWNIGAN PL,15:00-17:59,1,0
N,PROPERTY DAMAGE ONLY,\N,N,2025,MONDAY,SIDE SWIPE - SAME DIRECTION,N,N,49.158247,-122.781299,Y,MARCH,N,SURREY,SURREY,SURREY,Y,Y,N,LOWER MAINLAND,FRASER HWY # 015900 TO 015958 even,FRASER HWY,FRASER HWY,15:00-17:59,1,0
N,PROPERTY DAMAGE ONLY,\N,N,2025,MONDAY,SIDE SWIPE - SAME DIRECTION,N,N,49.173866,-123.146637,Y,MARCH,N,RICHMOND,RICHMOND,RICHMOND,N,Y,N,LOWER MAINLAND,LANSDOWNE RD # 007400 TO 007493,LANSDOWNE RD,LANSDOWNE RD,15:00-17:59,1,0
N,PROPERTY DAMAGE ONLY,\N,N,2025,MONDAY,SIDE SWIPE - SAME DIRECTION,N,N,49.18924,-123.083456,Y,MARCH,N,RICHMOND,RICHMOND,RICHMOND,Y,N,N,LOWER MAINLAND,BATHGATE WAY # 012601 TO 012820,BATHGATE WAY,BATHGATE WAY,15:00-17:59,1,0
N,PROPERTY DAMAGE ONLY,\N,N,2025,MONDAY,SIDE SWIPE - SAME DIRECTION,N,N,49.218716,-123.041366,Y,MARCH,N,VANCOUVER,VANCOUVER,VANCOUVER,Y,Y,N,LOWER MAINLAND,KERR ST # 007100 TO 007185,KERR ST,KERR ST,15:00-17:59,1,0
N,PROPERTY DAMAGE ONLY,\N,N,2025,MONDAY,SIDE SWIPE - SAME DIRECTION,N,N,49.224704,-122.673335,Y,MARCH,N,PITT MEADOWS,PITT MEADOWS,PITT MEADOWS,Y,Y,N,LOWER MAINLAND,LOUGHEED HWY # 019800 TO 019808 even,LOUGHEED HWY,LOUGHEED HWY,15:00-17:59,1,0
N,PROPERTY DAMAGE ONLY,\N,N,2025,MONDAY,SIDE SWIPE - SAME DIRECTION,N,N,49.251719,-122.918981,Y,MARCH,N,BURNABY,BURNABY,BURNABY,N,Y,N,LOWER MAINLAND,BRIGHTON AVE # 003400 TO 003599,BRIGHTON AVE,BRIGHTON AVE,15:00-17:59,1,0
N,PROPERTY DAMAGE ONLY,\N,N,2025,MONDAY,SIDE SWIPE - SAME DIRECTION,N,N,49.260553,-123.123488,Y,MARCH,N,VANCOUVER,VANCOUVER,VANCOUVER,Y,Y,N,LOWER MAINLAND,W 12TH AVE # 000830 TO 000899,W 12TH AVE,W 12TH AVE,15:00-17:59,1,0
N,PROPERTY DAMAGE ONLY,\N,N,2025,MONDAY,SIDE SWIPE - SAME DIRECTION,N,N,49.273095,-123.126924,Y,MARCH,N,VANCOUVER,VANCOUVER,VANCOUVER,Y,N,N,LOWER MAINLAND,STRATHMORE MEWS # 001400 TO 001421,STRATHMORE MEWS,STRATHMORE MEWS,15:00-17:59,1,0
N,PROPERTY DAMAGE ONLY,\N,N,2025,MONDAY,SIDE SWIPE - SAME DIRECTION,N,N,49.274298,-122.961482,Y,MARCH,N,BURNABY,BURNABY,BURNABY,Y,N,N,LOWER MAINLAND,NAPIER ST # 006738 TO 006999,NAPIER ST,NAPIER ST,15:00-17:59,1,0
N,PROPERTY DAMAGE ONLY,\N,N,2025,MONDAY,SIDE SWIPE - SAME DIRECTION,N,N,49.281327,-123.075608,Y,MARCH,N,VANCOUVER,VANCOUVER,VANCOUVER,Y,Y,N,LOWER MAINLAND,E HASTINGS ST # 001300 TO 001499,E HASTINGS ST,E HASTINGS ST,15:00-17:59,1,0
N,PROPERTY DAMAGE ONLY,\N,N,2025,MONDAY,SIDE SWIPE - SAME DIRECTION,N,N,49.284015,-123.014145,Y,MARCH,N,BURNABY,BURNABY,BURNABY,Y,Y,N,LOWER MAINLAND,GILMORE AVE # 000048 TO 000099,GILMORE AVE,GILMORE AVE,15:00-17:59,1,0
N,PROPERTY DAMAGE ONLY,\N,N,2025,MONDAY,SIDE SWIPE - SAME DIRECTION,N,N,49.322649,-123.098964,Y,MARCH,N,NORTH VANCOUVER,NORTH VANCOUVER,NORTH VANCOUVER,N,Y,N,LOWER MAINLAND,MARINE DR # 000901 TO 000969 odd,MARINE DR,MARINE DR,15:00-17:59,1,0
N,PROPERTY DAMAGE ONLY,\N,N,2025,MONDAY,SIDE SWIPE - SAME DIRECTION,N,N,49.322754,-123.099005,Y,MARCH,N,NORTH VANCOUVER,NORTH VANCOUVER,NORTH VANCOUVER,N,N,N,LOWER MAINLAND,MARINE DR # 000900 TO 000970 even,MARINE DR,MARINE DR,15:00-17:59,1,0
N,PROPERTY DAMAGE ONLY,\N,N,2025,MONDAY,SIDE SWIPE - SAME DIRECTION,N,N,49.373495,-123.274029,Y,MARCH,N,WEST VANCOUVER,WEST VANCOUVER,WEST VANCOUVER,Y,N,N,LOWER MAINLAND,BRUCE ST # 006300 TO 006399,BRUCE ST,BRUCE ST,15:00-17:59,1,0
N,PROPERTY DAMAGE ONLY,\N,N,2025,MONDAY,SIDE SWIPE - SAME DIRECTION,N,N,49.490259,-117.298566,Y,MARCH,N,NELSON,NELSON,NELSON,N,Y,N,SOUTHERN INTERIOR,BAKER ST # 000150 TO 000199,BAKER ST,BAKER ST,15:00-17:59,1,0
N,PROPERTY DAMAGE ONLY,\N,N,2025,MONDAY,SIDE SWIPE - SAME DIRECTION,N,N,49.886746,-119.426174,Y,MARCH,N,KELOWNA,KELOWNA,KELOWNA,Y,Y,N,SOUTHERN INTERIOR,BANKS RD # 001570 TO 001599,BANKS RD,BANKS RD,15:00-17:59,1,0
N,PROPERTY DAMAGE ONLY,\N,N,2025,MONDAY,SIDE SWIPE - SAME DIRECTION,N,N,49.963517,-125.230666,Y,MARCH,N,CAMPBELL RIVER,CAMPBELL RIVER,CAMPBELL RIVER,Y,N,N,VANCOUVER ISLAND,GILFORD PL # 002700 TO 002729,GILFORD PL,GILFORD PL,15:00-17:59,1,0
N,PROPERTY DAMAGE ONLY,\N,N,2025,MONDAY,SIDE SWIPE - SAME DIRECTION,N,N,50.078443,-123.043802,Y,MARCH,N,WHISTLER,WHISTLER,WHISTLER,Y,Y,N,LOWER MAINLAND,LEGACY WAY # 001089 TO 001091,LEGACY WAY,LEGACY WAY,15:00-17:59,1,0
N,PROPERTY DAMAGE ONLY,\N,N,2025,MONDAY,SIDE SWIPE - SAME DIRECTION,N,N,53.920694,-122.769666,Y,MARCH,N,PRINCE GEORGE,PRINCE GEORGE,PRINCE GEORGE,Y,Y,N,NORTH CENTRAL,5TH AVE # 002400 TO 002448 even,5TH AVE,5TH AVE,15:00-17:59,1,0
N,PROPERTY DAMAGE ONLY,\N,N,2025,MONDAY,SIDE SWIPE - SAME DIRECTION,Y,N,\N,\N,N,MARCH,N,CHILLIWACK,CHILLIWACK,\N,N,N,N,LOWER MAINLAND,UNKNOWN,HWY 1,HWY 1,15:00-17:59,1,0
N,PROPERTY DAMAGE ONLY,\N,N,2025,MONDAY,SINGLE VEHICLE,N,N,\N,\N,N,MARCH,N,BIG WHITE,BIG WHITE,\N,N,N,N,SOUTHERN INTERIOR,UNKNOWN,KETTLE VIEW RD,KETTLE VIEW RD,15:00-17:59,1,0
N,PROPERTY DAMAGE ONLY,\N,N,2025,MONDAY,SINGLE VEHICLE,N,N,\N,\N,N,MARCH,N,CAMPBELL RIVER,CAMPBELL RIVER,\N,N,Y,N,VANCOUVER ISLAND,UNKNOWN,SHOPPERS ROW,SHOPPERS ROW,15:00-17:59,1,0
N,PROPERTY DAMAGE ONLY,\N,N,2025,MONDAY,SINGLE VEHICLE,N,N,\N,\N,N,MARCH,N,CHILLIWACK,CHILLIWACK,\N,N,N,N,LOWER MAINLAND,UNKNOWN,HWY 1,HWY 1,15:00-17:59,1,0
N,PROPERTY DAMAGE ONLY,\N,N,2025,MONDAY,SINGLE VEHICLE,N,N,\N,\N,N,MARCH,N,COQUITLAM,COQUITLAM,\N,N,N,N,LOWER MAINLAND,UNKNOWN,UNITED BLVD,UNITED BLVD,15:00-17:59,1,0
N,PROPERTY DAMAGE ONLY,\N,N,2025,MONDAY,SINGLE VEHICLE,N,N,\N,\N,N,MARCH,N,FERNIE,FERNIE,\N,N,Y,N,SOUTHERN INTERIOR,UNKNOWN,FERNIE SKI RD,FERNIE SKI RD,15:00-17:59,1,0
N,PROPERTY DAMAGE ONLY,\N,N,2025,MONDAY,SINGLE VEHICLE,N,N,\N,\N,N,MARCH,N,FIELD,FIELD,\N,N,N,N,SOUTHERN INTERIOR,UNKNOWN,HWY 1,HWY 1,15:00-17:59,1,0
N,PROPERTY DAMAGE ONLY,\N,N,2025,MONDAY,SINGLE VEHICLE,N,N,\N,\N,N,MARCH,N,HOPE,HOPE,\N,N,N,N,LOWER MAINLAND,UNKNOWN,HWY 5,HWY 5,15:00-17:59,1,0
N,PROPERTY DAMAGE ONLY,\N,N,2025,MONDAY,SINGLE VEHICLE,N,N,\N,\N,N,MARCH,N,INVERMERE,INVERMERE,\N,N,N,N,SOUTHERN INTERIOR,UNKNOWN,WESTSIDE RD,WESTSIDE RD,15:00-17:59,1,0
N,PROPERTY DAMAGE ONLY,\N,N,2025,MONDAY,SINGLE VEHICLE,N,N,\N,\N,N,MARCH,N,JADE CITY,JADE CITY,\N,N,N,N,NORTH CENTRAL,UNKNOWN,HWY 37,HWY 37,15:00-17:59,1,0
N,PROPERTY DAMAGE ONLY,\N,N,2025,MONDAY,SINGLE VEHICLE,N,N,\N,\N,N,MARCH,N,KALEDEN,KALEDEN,\N,N,N,N,SOUTHERN INTERIOR,UNKNOWN,HWY 97,HWY 97,15:00-17:59,1,0
N,PROPERTY DAMAGE ONLY,\N,N,2025,MONDAY,SINGLE VEHICLE,N,N,\N,\N,N,MARCH,N,KELOWNA,KELOWNA,\N,N,N,N,SOUTHERN INTERIOR,UNKNOWN,TANEMURA CRESCENT,TANEMURA CRESCENT,15:00-17:59,1,0
N,PROPERTY DAMAGE ONLY,\N,N,2025,MONDAY,SINGLE VEHICLE,N,N,\N,\N,N,MARCH,N,KNUTSFORD,KNUTSFORD,\N,N,N,N,SOUTHERN INTERIOR,UNKNOWN,LONG LAKE RD,LONG LAKE RD,15:00-17:59,1,0
N,PROPERTY DAMAGE ONLY,\N,N,2025,MONDAY,SINGLE VEHICLE,N,N,\N,\N,N,MARCH,N,LANGLEY,LANGLEY,\N,N,N,N,LOWER MAINLAND,UNKNOWN,201 ST,201 ST,15:00-17:59,1,0
N,PROPERTY DAMAGE ONLY,\N,N,2025,MONDAY,SINGLE VEHICLE,N,N,\N,\N,N,MARCH,N,LANGLEY,LANGLEY,\N,N,Y,N,LOWER MAINLAND,UNKNOWN,91 AVE,91 AVE,15:00-17:59,1,0
N,PROPERTY DAMAGE ONLY,\N,N,2025,MONDAY,SINGLE VEHICLE,N,N,\N,\N,N,MARCH,N,LAXGALTS AP,LAXGALTS AP,\N,N,N,N,NORTH CENTRAL,UNKNOWN,HWY 113,HWY 113,15:00-17:59,1,0
N,PROPERTY DAMAGE ONLY,\N,N,2025,MONDAY,SINGLE VEHICLE,N,N,\N,\N,N,MARCH,N,LONE BUTTE,LONE BUTTE,\N,N,N,N,NORTH CENTRAL,UNKNOWN,JOHNSTONE RD,JOHNSTONE RD,15:00-17:59,2,0
N,PROPERTY DAMAGE ONLY,\N,N,2025,MONDAY,SINGLE VEHICLE,N,N,\N,\N,N,MARCH,N,MOUNT CURRIE,MOUNT CURRIE,\N,N,N,N,LOWER MAINLAND,UNKNOWN,HWY 99,HWY 99,15:00-17:59,1,0
N,PROPERTY DAMAGE ONLY,\N,N,2025,MONDAY,SINGLE VEHICLE,N,N,\N,\N,N,MARCH,N,NELSON,NELSON,\N,N,N,N,SOUTHERN INTERIOR,UNKNOWN,RIDGEWOOD,RIDGEWOOD,15:00-17:59,1,0
N,PROPERTY DAMAGE ONLY,\N,N,2025,MONDAY,SINGLE VEHICLE,N,N,\N,\N,N,MARCH,N,NEW WESTMINSTER,NEW WESTMINSTER,\N,N,N,N,LOWER MAINLAND,UNKNOWN,HWY 91,HWY 91,15:00-17:59,1,0
N,PROPERTY DAMAGE ONLY,\N,N,2025,MONDAY,SINGLE VEHICLE,N,N,\N,\N,N,MARCH,N,NORTH VANCOUVER,NORTH VANCOUVER,\N,N,N,N,LOWER MAINLAND,UNKNOWN,INTER RIVER PARK ACCESS RD,INTER RIVER PARK ACCESS RD,15:00-17:59,1,0
N,PROPERTY DAMAGE ONLY,\N,N,2025,MONDAY,SINGLE VEHICLE,N,N,\N,\N,N,MARCH,N,NORTH VANCOUVER,NORTH VANCOUVER,\N,N,N,N,LOWER MAINLAND,UNKNOWN,MT SEYMOUR RD,MT SEYMOUR RD,15:00-17:59,1,0
N,PROPERTY DAMAGE ONLY,\N,N,2025,MONDAY,SINGLE VEHICLE,N,N,\N,\N,N,MARCH,N,PARKSVILLE,PARKSVILLE,\N,N,N,N,VANCOUVER ISLAND,UNKNOWN,INLAND ISLAND HWY,INLAND ISLAND HWY,15:00-17:59,1,0
N,PROPERTY DAMAGE ONLY,\N,N,2025,MONDAY,SINGLE VEHICLE,N,N,\N,\N,N,MARCH,N,PRINCE GEORGE,PRINCE GEORGE,\N,N,N,N,NORTH CENTRAL,UNKNOWN,ORVIN PLACE,ORVIN PLACE,15:00-17:59,1,0
N,PROPERTY DAMAGE ONLY,\N,N,2025,MONDAY,SINGLE VEHICLE,N,N,\N,\N,N,MARCH,N,SANDSPIT,SANDSPIT,\N,N,N,N,NORTH CENTRAL,UNKNOWN,ALLIFORD BAY RD,ALLIFORD BAY RD,15:00-17:59,1,0
N,PROPERTY DAMAGE ONLY,\N,N,2025,MONDAY,SINGLE VEHICLE,N,N,\N,\N,N,MARCH,N,SPILLIMACHEEN,SPILLIMACHEEN,\N,N,N,N,SOUTHERN INTERIOR,UNKNOWN,BUGABOO STREET,BUGABOO STREET,15:00-17:59,1,0
N,PROPERTY DAMAGE ONLY,\N,N,2025,MONDAY,SINGLE VEHICLE,N,N,\N,\N,N,MARCH,N,SURREY,SURREY,\N,N,N,N,LOWER MAINLAND,UNKNOWN,HWY 1,HWY 1,15:00-17:59,1,0
N,PROPERTY DAMAGE ONLY,\N,N,2025,MONDAY,SINGLE VEHICLE,N,N,\N,\N,N,MARCH,N,SURREY,SURREY,\N,N,Y,N,LOWER MAINLAND,UNKNOWN,CROYDON DR,CROYDON DR,15:00-17:59,1,0
N,PROPERTY DAMAGE ONLY,\N,N,2025,MONDAY,SINGLE VEHICLE,N,N,\N,\N,N,MARCH,N,VANCOUVER,VANCOUVER,\N,N,N,Y,LOWER MAINLAND,UNKNOWN,E HASTINGS ST,E HASTINGS ST,15:00-17:59,1,0
N,PROPERTY DAMAGE ONLY,\N,N,2025,MONDAY,SINGLE VEHICLE,N,N,\N,\N,N,MARCH,N,VANCOUVER,VANCOUVER,\N,N,Y,N,LOWER MAINLAND,UNKNOWN,EAST 32ND AVENUE,EAST 32ND AVENUE,15:00-17:59,1,0
N,PROPERTY DAMAGE ONLY,\N,N,2025,MONDAY,SINGLE VEHICLE,N,N,\N,\N,N,MARCH,N,VANCOUVER,VANCOUVER,\N,N,Y,N,LOWER MAINLAND,UNKNOWN,EAST BLVD,EAST BLVD,15:00-17:59,1,0
N,PROPERTY DAMAGE ONLY,\N,N,2025,MONDAY,SINGLE VEHICLE,N,N,\N,\N,N,MARCH,N,VANCOUVER,VANCOUVER,\N,N,Y,N,LOWER MAINLAND,UNKNOWN,KING EDWARD AVE,KING EDWARD AVE,15:00-17:59,1,0
N,PROPERTY DAMAGE ONLY,\N,N,2025,MONDAY,SINGLE VEHICLE,N,N,\N,\N,N,MARCH,N,VANCOUVER,VANCOUVER,\N,N,Y,N,LOWER MAINLAND,UNKNOWN,WEST BROADWAY,WEST BROADWAY,15:00-17:59,1,0
N,PROPERTY DAMAGE ONLY,\N,N,2025,MONDAY,SINGLE VEHICLE,N,N,\N,\N,N,MARCH,N,VICTORIA,VICTORIA,\N,N,N,N,VANCOUVER ISLAND,UNKNOWN,HI-MOUNT,HI-MOUNT,15:00-17:59,1,0
N,PROPERTY DAMAGE ONLY,\N,N,2025,MONDAY,SINGLE VEHICLE,N,N,\N,\N,N,MARCH,N,VICTORIA,VICTORIA,\N,N,Y,N,VANCOUVER ISLAND,UNKNOWN,MCKENZIE ST,MCKENZIE ST,15:00-17:59,1,0
N,PROPERTY DAMAGE ONLY,\N,N,2025,MONDAY,SINGLE VEHICLE,N,N,\N,\N,N,MARCH,N,WHISTLER,WHISTLER,\N,N,N,N,LOWER MAINLAND,UNKNOWN,HWY 99,HWY 99,15:00-17:59,1,0
N,PROPERTY DAMAGE ONLY,\N,N,2025,MONDAY,SINGLE VEHICLE,N,N,48.421309,-123.375645,Y,MARCH,N,VICTORIA,VICTORIA,VICTORIA,N,Y,N,VANCOUVER ISLAND,QUEBEC ST # 000300 TO 000399,QUEBEC ST,QUEBEC ST,15:00-17:59,1,0
N,PROPERTY DAMAGE ONLY,\N,N,2025,MONDAY,SINGLE VEHICLE,N,N,48.425035,-123.365209,Y,MARCH,N,VICTORIA,VICTORIA,VICTORIA,N,N,N,VANCOUVER ISLAND,DOUGLAS ST # 001100 TO 001199,DOUGLAS ST,DOUGLAS ST,15:00-17:59,1,0
N,PROPERTY DAMAGE ONLY,\N,N,2025,MONDAY,SINGLE VEHICLE,N,N,48.426638,-123.367852,Y,MARCH,N,VICTORIA,VICTORIA,VICTORIA,N,Y,N,VANCOUVER ISLAND,YATES ST # 000560 TO 000599,YATES ST,YATES ST,15:00-17:59,1,0
N,PROPERTY DAMAGE ONLY,\N,N,2025,MONDAY,SINGLE VEHICLE,N,N,48.595439999999996,-123.418238,Y,MARCH,N,CENTRAL SAANICH,CENTRAL SAANICH,CENTRAL SAANICH,N,Y,N,VANCOUVER ISLAND,WALLACE DR # 007800 TO 007872,WALLACE DR,WALLACE DR,15:00-17:59,1,0
N,PROPERTY DAMAGE ONLY,\N,N,2025,MONDAY,SINGLE VEHICLE,N,N,48.640469,-123.410681,Y,MARCH,N,SIDNEY,SIDNEY,SIDNEY,N,Y,N,VANCOUVER ISLAND,LANNON WAY # 002100 TO 002173,LANNON WAY,LANNON WAY,15:00-17:59,1,0
N,PROPERTY DAMAGE ONLY,\N,N,2025,MONDAY,SINGLE VEHICLE,N,N,48.649579,-123.400305,Y,MARCH,N,SIDNEY,SIDNEY,SIDNEY,N,Y,N,VANCOUVER ISLAND,FIFTH ST # 009800 TO 009849,FIFTH ST,FIFTH ST,15:00-17:59,1,0
N,PROPERTY DAMAGE ONLY,\N,N,2025,MONDAY,SINGLE VEHICLE,N,N,48.67348,-123.474787,Y,MARCH,N,NORTH SAANICH,NORTH SAANICH,NORTH SAANICH,N,N,N,VANCOUVER ISLAND,DOWNEY RD # 000500 TO 000659,DOWNEY RD,DOWNEY RD,15:00-17:59,1,0
N,PROPERTY DAMAGE ONLY,\N,N,2025,MONDAY,SINGLE VEHICLE,N,N,48.799452,-123.572376,Y,MARCH,N,DUNCAN,DUNCAN,DUNCAN,N,N,N,VANCOUVER ISLAND,STONEY HILL RD # 008800 TO 008899,STONEY HILL RD,STONEY HILL RD,15:00-17:59,1,0
N,PROPERTY DAMAGE ONLY,\N,N,2025,MONDAY,SINGLE VEHICLE,N,N,49.016573,-122.782708,Y,MARCH,N,SURREY,SURREY,SURREY & WHITE ROCK,N,Y,N,LOWER MAINLAND,MARINE DR # 015850 TO 015899,MARINE DR,MARINE DR,15:00-17:59,1,0
N,PROPERTY DAMAGE ONLY,\N,N,2025,MONDAY,SINGLE VEHICLE,N,N,49.027302,-123.071628,Y,MARCH,N,DELTA,DELTA,DELTA,N,Y,N,LOWER MAINLAND,13A AVE # 005490 TO 005559,13A AVE,13A AVE,15:00-17:59,1,0
N,PROPERTY DAMAGE ONLY,\N,N,2025,MONDAY,SINGLE VEHICLE,N,N,49.02758,-122.80152,Y,MARCH,N,WHITE ROCK,WHITE ROCK,WHITE ROCK,N,Y,N,LOWER MAINLAND,THRIFT AVE # 015174 TO 015199,THRIFT AVE,THRIFT AVE,15:00-17:59,1,0
N,PROPERTY DAMAGE ONLY,\N,N,2025,MONDAY,SINGLE VEHICLE,N,N,49.028976,-122.808114,Y,MARCH,N,WHITE ROCK,WHITE ROCK,WHITE ROCK,N,N,N,LOWER MAINLAND,VIDAL ST # 001400 TO 001569,VIDAL ST,VIDAL ST,15:00-17:59,1,0
N,PROPERTY DAMAGE ONLY,\N,N,2025,MONDAY,SINGLE VEHICLE,N,N,49.034902,-122.25013,Y,MARCH,N,ABBOTSFORD,ABBOTSFORD,ABBOTSFORD,N,Y,N,LOWER MAINLAND,DELAIR RD # 035120 TO 035249,DELAIR RD,DELAIR RD,15:00-17:59,1,0
N,PROPERTY DAMAGE ONLY,\N,N,2025,MONDAY,SINGLE VEHICLE,N,N,49.082109,-123.991425,Y,MARCH,Y,NANAIMO,NANAIMO,NANAIMO,N,N,N,VANCOUVER ISLAND,SOUTH FORKS RD # 002611 TO 002635,SOUTH FORKS RD,SOUTH FORKS RD,15:00-17:59,1,0
N,PROPERTY DAMAGE ONLY,\N,N,2025,MONDAY,SINGLE VEHICLE,N,N,49.08938,-122.594907,Y,MARCH,N,LANGLEY,LANGLEY,LANGLEY,N,Y,N,LOWER MAINLAND,48 AVE # 022684 TO 022727,48 AVE,48 AVE,15:00-17:59,1,0
N,PROPERTY DAMAGE ONLY,\N,N,2025,MONDAY,SINGLE VEHICLE,N,N,49.117761,-122.82882,Y,MARCH,N,SURREY,SURREY,SURREY,N,N,N,LOWER MAINLAND,142 ST # 006304 TO 006350,142 ST,142 ST,15:00-17:59,1,0
N,PROPERTY DAMAGE ONLY,\N,N,2025,MONDAY,SINGLE VEHICLE,N,N,49.127428,-122.427178,Y,MARCH,N,ABBOTSFORD,ABBOTSFORD,ABBOTSFORD,N,Y,N,LOWER MAINLAND,BRADNER RD # 006832 TO 006990,BRADNER RD,BRADNER RD,15:00-17:59,1,0
N,PROPERTY DAMAGE ONLY,\N,N,2025,MONDAY,SINGLE VEHICLE,N,N,49.133609,-122.84003,Y,MARCH,N,SURREY,SURREY,SURREY,N,Y,N,LOWER MAINLAND,72 AVE # 013735 TO 013799 odd,72 AVE,72 AVE,15:00-17:59,1,0
N,PROPERTY DAMAGE ONLY,\N,N,2025,MONDAY,SINGLE VEHICLE,N,N,49.143337,-121.957745,Y,MARCH,N,CHILLIWACK,CHILLIWACK,CHILLIWACK,N,N,N,LOWER MAINLAND,LUCKAKUCK WAY # 045700 TO 045939,LUCKAKUCK WAY,LUCKAKUCK WAY,15:00-17:59,1,0
N,PROPERTY DAMAGE ONLY,\N,N,2025,MONDAY,SINGLE VEHICLE,N,N,49.157198,-122.845858,Y,MARCH,N,SURREY,SURREY,SURREY,N,N,N,LOWER MAINLAND,KING GEORGE BLVD # 008401 TO 008593 odd,KING GEORGE BLVD,KING GEORGE BLVD,15:00-17:59,1,0
N,PROPERTY DAMAGE ONLY,\N,N,2025,MONDAY,SINGLE VEHICLE,N,N,49.157874,-122.8083,Y,MARCH,N,SURREY,SURREY,SURREY,N,N,N,LOWER MAINLAND,149A ST # 008500 TO 008549,149A ST,149A ST,15:00-17:59,1,0
N,PROPERTY DAMAGE ONLY,\N,N,2025,MONDAY,SINGLE VEHICLE,N,N,49.162584,-122.866675,Y,MARCH,N,SURREY,SURREY,SURREY,Y,Y,N,LOWER MAINLAND,88 AVE # 012800 TO 012899,88 AVE,88 AVE,15:00-17:59,1,0
N,PROPERTY DAMAGE ONLY,\N,N,2025,MONDAY,SINGLE VEHICLE,N,N,49.163211,-122.891446,Y,MARCH,N,DELTA,DELTA,DELTA,N,Y,N,LOWER MAINLAND,88 AVE # 011920 TO 011979,88 AVE,88 AVE,15:00-17:59,1,0
N,PROPERTY DAMAGE ONLY,\N,N,2025,MONDAY,SINGLE VEHICLE,N,N,49.169263,-122.257855,Y,MARCH,N,MISSION,MISSION,MISSION,N,N,N,LOWER MAINLAND,FERNDALE AVE # 034811 TO 034999,FERNDALE AVE,FERNDALE AVE,15:00-17:59,1,0
N,PROPERTY DAMAGE ONLY,\N,N,2025,MONDAY,SINGLE VEHICLE,N,N,49.171144,-123.144626,Y,MARCH,N,RICHMOND,RICHMOND,RICHMOND,N,Y,N,LOWER MAINLAND,ALDERBRIDGE WAY # 005900 TO 006999,ALDERBRIDGE WAY,ALDERBRIDGE WAY,15:00-17:59,1,0
N,PROPERTY DAMAGE ONLY,\N,N,2025,MONDAY,SINGLE VEHICLE,N,N,49.186672,-119.537314,Y,MARCH,N,OLIVER,OLIVER,OLIVER,N,N,N,SOUTHERN INTERIOR,TUCELNUIT DR # 006500 TO 006526,TUCELNUIT DR,TUCELNUIT DR,15:00-17:59,1,0
N,PROPERTY DAMAGE ONLY,\N,N,2025,MONDAY,SINGLE VEHICLE,N,N,49.186934,-122.853983,Y,MARCH,N,SURREY,SURREY,SURREY,N,Y,N,LOWER MAINLAND,OLD YALE RD # 013272 TO 013359,OLD YALE RD,OLD YALE RD,15:00-17:59,1,0
N,PROPERTY DAMAGE ONLY,\N,N,2025,MONDAY,SINGLE VEHICLE,N,N,49.189623,-123.080326,Y,MARCH,N,RICHMOND,RICHMOND,RICHMOND,N,Y,N,LOWER MAINLAND,JACOMBS RD # 003300 TO 003399,JACOMBS RD,JACOMBS RD,15:00-17:59,1,0
N,PROPERTY DAMAGE ONLY,\N,N,2025,MONDAY,SINGLE VEHICLE,N,N,49.196475,-122.792412,Y,MARCH,N,SURREY,SURREY,SURREY,N,N,N,LOWER MAINLAND,TRANS-CANADA HWY # 015440 TO 015598 even,HWY 1,HWY 1,15:00-17:59,1,0
N,PROPERTY DAMAGE ONLY,\N,N,2025,MONDAY,SINGLE VEHICLE,N,N,49.198152,-122.850894,Y,MARCH,N,SURREY,SURREY,SURREY,N,Y,N,LOWER MAINLAND,UNIVERSITY DR # 010721 TO 010799 odd,UNIVERSITY DR,UNIVERSITY DR,15:00-17:59,1,0
N,PROPERTY DAMAGE ONLY,\N,N,2025,MONDAY,SINGLE VEHICLE,N,N,49.204273,-122.913417,Y,MARCH,N,NEW WESTMINSTER,NEW WESTMINSTER,NEW WESTMINSTER,N,Y,N,LOWER MAINLAND,ROYAL AVE # 000700 TO 000804 even,ROYAL AVE,ROYAL AVE,15:00-17:59,1,0
N,PROPERTY DAMAGE ONLY,\N,N,2025,MONDAY,SINGLE VEHICLE,N,N,49.219548,-122.603127,Y,MARCH,N,MAPLE RIDGE,MAPLE RIDGE,MAPLE RIDGE,N,N,N,LOWER MAINLAND,MCINTOSH AVE # 022300 TO 022399,MCINTOSH AVE,MCINTOSH AVE,15:00-17:59,1,0
N,PROPERTY DAMAGE ONLY,\N,N,2025,MONDAY,SINGLE VEHICLE,N,N,49.220446,-122.600705,Y,MARCH,N,MAPLE RIDGE,MAPLE RIDGE,MAPLE RIDGE,N,Y,N,LOWER MAINLAND,DEWDNEY TRUNK RD # 022400 TO 022449,DEWDNEY TRUNK RD,DEWDNEY TRUNK RD,15:00-17:59,1,0
N,PROPERTY DAMAGE ONLY,\N,N,2025,MONDAY,SINGLE VEHICLE,N,N,49.228116,-122.998531,Y,MARCH,N,BURNABY,BURNABY,BURNABY,Y,Y,N,LOWER MAINLAND,KINGSWAY # 004700 TO 004749,KINGSWAY,KINGSWAY,15:00-17:59,1,0
N,PROPERTY DAMAGE ONLY,\N,N,2025,MONDAY,SINGLE VEHICLE,N,N,49.235102,-123.15774,Y,MARCH,N,VANCOUVER,VANCOUVER,VANCOUVER,N,Y,N,LOWER MAINLAND,YEW ST # 005600 TO 005699,YEW ST,YEW ST,15:00-17:59,1,0
N,PROPERTY DAMAGE ONLY,\N,N,2025,MONDAY,SINGLE VEHICLE,N,N,49.238889,-122.861635,Y,MARCH,N,COQUITLAM,COQUITLAM,COQUITLAM,N,Y,N,LOWER MAINLAND,BRUNETTE AVE # 001100 TO 001120,BRUNETTE AVE,BRUNETTE AVE,15:00-17:59,1,0
N,PROPERTY DAMAGE ONLY,\N,N,2025,MONDAY,SINGLE VEHICLE,N,N,49.254526,-122.738383,Y,MARCH,N,PORT COQUITLAM,PORT COQUITLAM,PORT COQUITLAM,N,Y,N,LOWER MAINLAND,HAWKINS ST # 002100 TO 002199,HAWKINS ST,HAWKINS ST,15:00-17:59,1,0
N,PROPERTY DAMAGE ONLY,\N,N,2025,MONDAY,SINGLE VEHICLE,N,N,49.255685,-123.106065,Y,MARCH,N,VANCOUVER,VANCOUVER,VANCOUVER,N,N,N,LOWER MAINLAND,W 17TH AVE # 000000 TO 000099,W 17TH AVE,W 17TH AVE,15:00-17:59,1,0
N,PROPERTY DAMAGE ONLY,\N,N,2025,MONDAY,SINGLE VEHICLE,N,N,49.255685,-123.106065,Y,MARCH,N,VANCOUVER,VANCOUVER,VANCOUVER,Y,N,N,LOWER MAINLAND,W 17TH AVE # 000000 TO 000099,W 17TH AVE,W 17TH AVE,15:00-17:59,1,0
N,PROPERTY DAMAGE ONLY,\N,N,2025,MONDAY,SINGLE VEHICLE,N,N,49.258942,-123.032,Y,MARCH,N,VANCOUVER,VANCOUVER,VANCOUVER,N,Y,N,LOWER MAINLAND,BENTALL ST # 002732 TO 002899,BENTALL ST,BENTALL ST,15:00-17:59,1,0
N,PROPERTY DAMAGE ONLY,\N,N,2025,MONDAY,SINGLE VEHICLE,N,N,49.258942,-123.032,Y,MARCH,N,VANCOUVER,VANCOUVER,VANCOUVER,Y,Y,N,LOWER MAINLAND,BENTALL ST # 002732 TO 002899,BENTALL ST,BENTALL ST,15:00-17:59,1,0
N,PROPERTY DAMAGE ONLY,\N,N,2025,MONDAY,SINGLE VEHICLE,N,N,49.261191,-122.888094,Y,MARCH,N,COQUITLAM,COQUITLAM,COQUITLAM,N,Y,N,LOWER MAINLAND,EMERSON ST # 000550 TO 000569,EMERSON ST,EMERSON ST,15:00-17:59,1,0
N,PROPERTY DAMAGE ONLY,\N,N,2025,MONDAY,SINGLE VEHICLE,N,N,49.262001,-122.886796,Y,MARCH,N,COQUITLAM,COQUITLAM,COQUITLAM,N,Y,N,LOWER MAINLAND,EMERSON ST # 000570 TO 000599,EMERSON ST,EMERSON ST,15:00-17:59,1,0
N,PROPERTY DAMAGE ONLY,\N,N,2025,MONDAY,SINGLE VEHICLE,N,N,49.265849,-122.995299,Y,MARCH,N,BURNABY,BURNABY,BURNABY,N,Y,N,LOWER MAINLAND,LOUGHEED HWY # 004700 TO 004898 even,LOUGHEED HWY,LOUGHEED HWY,15:00-17:59,1,0
N,PROPERTY DAMAGE ONLY,\N,N,2025,MONDAY,SINGLE VEHICLE,N,N,49.266225,-123.011563,Y,MARCH,N,BURNABY,BURNABY,BURNABY,N,Y,N,LOWER MAINLAND,LOUGHEED HWY # 004100 TO 004298 even,LOUGHEED HWY,LOUGHEED HWY,15:00-17:59,1,0
N,PROPERTY DAMAGE ONLY,\N,N,2025,MONDAY,SINGLE VEHICLE,N,N,49.267135,-123.144459,Y,MARCH,N,VANCOUVER,VANCOUVER,VANCOUVER,N,Y,N,LOWER MAINLAND,W 5TH AVE # 001700 TO 001799,W 5TH AVE,W 5TH AVE,15:00-17:59,1,0
N,PROPERTY DAMAGE ONLY,\N,N,2025,MONDAY,SINGLE VEHICLE,N,N,49.267319,-123.101168,Y,MARCH,N,VANCOUVER,VANCOUVER,VANCOUVER,N,N,N,LOWER MAINLAND,E 4TH AVE # 000160 TO 000199,E 4TH AVE,E 4TH AVE,15:00-17:59,1,0
N,PROPERTY DAMAGE ONLY,\N,N,2025,MONDAY,SINGLE VEHICLE,N,N,49.26798,-123.143021,Y,MARCH,N,VANCOUVER,VANCOUVER,VANCOUVER,N,Y,N,LOWER MAINLAND,W 4TH AVE # 001660 TO 001699,W 4TH AVE,W 4TH AVE,15:00-17:59,1,0
N,PROPERTY DAMAGE ONLY,\N,N,2025,MONDAY,SINGLE VEHICLE,N,N,49.273709,-122.954779,Y,MARCH,N,BURNABY,BURNABY,BURNABY,N,N,N,LOWER MAINLAND,RIDLEY DR # 001000 TO 001199,RIDLEY DR,RIDLEY DR,15:00-17:59,1,0
N,PROPERTY DAMAGE ONLY,\N,N,2025,MONDAY,SINGLE VEHICLE,N,N,49.277656,-122.805186,Y,MARCH,N,COQUITLAM,COQUITLAM,COQUITLAM,Y,Y,N,LOWER MAINLAND,BARNET HWY # 002760 TO 002796 even,BARNET HWY,BARNET HWY,15:00-17:59,1,0
N,PROPERTY DAMAGE ONLY,\N,N,2025,MONDAY,SINGLE VEHICLE,N,N,49.280439,-122.957885,Y,MARCH,N,BURNABY,BURNABY,BURNABY,N,N,N,LOWER MAINLAND,HASTINGS ST # 007001 TO 007033 odd,HASTINGS ST,HASTINGS ST,15:00-17:59,1,0
N,PROPERTY DAMAGE ONLY,\N,N,2025,MONDAY,SINGLE VEHICLE,N,N,49.28118,-123.090499,Y,MARCH,N,VANCOUVER,VANCOUVER,VANCOUVER,N,Y,N,LOWER MAINLAND,E HASTINGS ST # 000600 TO 000699,E HASTINGS ST,E HASTINGS ST,15:00-17:59,1,0
N,PROPERTY DAMAGE ONLY,\N,N,2025,MONDAY,SINGLE VEHICLE,N,N,49.282199,-122.793304,Y,MARCH,N,COQUITLAM,COQUITLAM,COQUITLAM,N,N,N,LOWER MAINLAND,PINETREE WAY # 001174 TO 001194 even,PINETREE WAY,PINETREE WAY,15:00-17:59,1,0
N,PROPERTY DAMAGE ONLY,\N,N,2025,MONDAY,SINGLE VEHICLE,N,N,49.286068,-122.795895,Y,MARCH,N,COQUITLAM,COQUITLAM,COQUITLAM,Y,N,N,LOWER MAINLAND,PRINCESS CRES # 002960 TO 002999,PRINCESS CRES,PRINCESS CRES,15:00-17:59,1,0
N,PROPERTY DAMAGE ONLY,\N,N,2025,MONDAY,SINGLE VEHICLE,N,N,49.288364,-123.033347,Y,MARCH,N,VANCOUVER,VANCOUVER,VANCOUVER,N,N,N,LOWER MAINLAND,BRIDGEWAY # 003300 TO 003333,BRIDGEWAY ST,BRIDGEWAY ST,15:00-17:59,1,0
N,PROPERTY DAMAGE ONLY,\N,N,2025,MONDAY,SINGLE VEHICLE,N,N,49.299481,-122.801612,Y,MARCH,N,COQUITLAM,COQUITLAM,COQUITLAM,N,N,N,LOWER MAINLAND,PANORAMA DR # 002990 TO 002999,PANORAMA DR,PANORAMA DR,15:00-17:59,1,0
N,PROPERTY DAMAGE ONLY,\N,N,2025,MONDAY,SINGLE VEHICLE,N,N,49.307907,-123.017527,Y,MARCH,N,NORTH VANCOUVER,NORTH VANCOUVER,NORTH VANCOUVER,N,N,N,LOWER MAINLAND,SEYMOUR RIVER PL # 000320 TO 000339,SEYMOUR RIVER PL,SEYMOUR RIVER PL,15:00-17:59,1,0
N,PROPERTY DAMAGE ONLY,\N,N,2025,MONDAY,SINGLE VEHICLE,N,N,49.324129,-123.121652,Y,MARCH,N,NORTH VANCOUVER,NORTH VANCOUVER,NORTH VANCOUVER,N,N,N,LOWER MAINLAND,MARINE DR # 001960 TO 001998 even,MARINE DR,MARINE DR,15:00-17:59,1,0
N,PROPERTY DAMAGE ONLY,\N,N,2025,MONDAY,SINGLE VEHICLE,N,N,49.328585,-123.167239,Y,MARCH,N,WEST VANCOUVER,WEST VANCOUVER,WEST VANCOUVER,N,Y,N,LOWER MAINLAND,BELLEVUE AVE # 002000 TO 002099,BELLEVUE AVE,BELLEVUE AVE,15:00-17:59,1,0
N,PROPERTY DAMAGE ONLY,\N,N,2025,MONDAY,SINGLE VEHICLE,N,N,49.333333,-123.042526,Y,MARCH,N,NORTH VANCOUVER,NORTH VANCOUVER,NORTH VANCOUVER,N,Y,N,LOWER MAINLAND,E 27TH ST # 001110 TO 001199,E 27TH ST,E 27TH ST,15:00-17:59,1,0
N,PROPERTY DAMAGE ONLY,\N,N,2025,MONDAY,SINGLE VEHICLE,N,N,49.336478,-123.039177,Y,MARCH,N,NORTH VANCOUVER,NORTH VANCOUVER,NORTH VANCOUVER,N,Y,N,LOWER MAINLAND,LYNN VALLEY RD # 001237 TO 001299 odd,LYNN VALLEY RD,LYNN VALLEY RD,15:00-17:59,1,0
N,PROPERTY DAMAGE ONLY,\N,N,2025,MONDAY,SINGLE VEHICLE,N,N,49.474607,-119.582864,Y,MARCH,N,PENTICTON,PENTICTON,PENTICTON,Y,Y,N,SOUTHERN INTERIOR,MAIN ST # 002051 TO 002199 odd,MAIN ST,MAIN ST,15:00-17:59,1,0
N,PROPERTY DAMAGE ONLY,\N,N,2025,MONDAY,SINGLE VEHICLE,N,N,49.527127,-115.750609,Y,MARCH,N,CRANBROOK,CRANBROOK,CRANBROOK,N,Y,N,SOUTHERN INTERIOR,CRANBROOK ST N # 001565 TO 001609 odd,CRANBROOK ST N,CRANBROOK ST N,15:00-17:59,1,0
N,PROPERTY DAMAGE ONLY,\N,N,2025,MONDAY,SINGLE VEHICLE,N,N,49.675885,-124.92954,Y,MARCH,N,COMOX,COMOX,COMOX,N,Y,N,VANCOUVER ISLAND,BUENA VISTA AVE # 001800 TO 001915,BUENA VISTA AVE,BUENA VISTA AVE,15:00-17:59,1,0
N,PROPERTY DAMAGE ONLY,\N,N,2025,MONDAY,SINGLE VEHICLE,N,N,49.708905,-123.153314,Y,MARCH,N,SQUAMISH,SQUAMISH,SQUAMISH,N,Y,N,LOWER MAINLAND,BUCKLEY AVE # 038500 TO 038661,BUCKLEY AVE,BUCKLEY AVE,15:00-17:59,1,0
N,PROPERTY DAMAGE ONLY,\N,N,2025,MONDAY,SINGLE VEHICLE,N,N,49.720298,-123.150491,Y,MARCH,N,SQUAMISH,SQUAMISH,SQUAMISH,N,Y,N,LOWER MAINLAND,DISCOVERY WAY # 039000 TO 039299,DISCOVERY WAY,DISCOVERY WAY,15:00-17:59,1,0
N,PROPERTY DAMAGE ONLY,\N,N,2025,MONDAY,SINGLE VEHICLE,N,N,49.818081,-124.517661,Y,MARCH,N,POWELL RIVER,POWELL RIVER,POWELL RIVER,N,N,N,VANCOUVER ISLAND,QUADRA AVE # 003750 TO 003809,QUADRA AVE,QUADRA AVE,15:00-17:59,1,0
N,PROPERTY DAMAGE ONLY,\N,N,2025,MONDAY,SINGLE VEHICLE,N,N,49.831793,-119.628187,Y,MARCH,N,WEST KELOWNA,WEST KELOWNA,WEST KELOWNA,N,Y,N,SOUTHERN INTERIOR,BROWN RD # 003626 TO 003649,BROWN RD,BROWN RD,15:00-17:59,1,0
N,PROPERTY DAMAGE ONLY,\N,N,2025,MONDAY,SINGLE VEHICLE,N,N,49.843573,-119.616761,Y,MARCH,N,WEST KELOWNA,WEST KELOWNA,WEST KELOWNA,N,N,N,SOUTHERN INTERIOR,OLD OKANAGAN HWY # 002303 TO 002440,OLD OKANAGAN HWY,OLD OKANAGAN HWY,15:00-17:59,1,0
N,PROPERTY DAMAGE ONLY,\N,N,2025,MONDAY,SINGLE VEHICLE,N,N,49.857659,-119.48448,Y,MARCH,N,KELOWNA,KELOWNA,KELOWNA,N,N,N,SOUTHERN INTERIOR,LANFRANCO RD # 000800 TO 000859,LANFRANCO RD,LANFRANCO RD,15:00-17:59,1,0
N,PROPERTY DAMAGE ONLY,\N,N,2025,MONDAY,SINGLE VEHICLE,N,N,49.882958,-119.432154,Y,MARCH,N,KELOWNA,KELOWNA,KELOWNA,N,N,N,SOUTHERN INTERIOR,HWY 97 N # 002300 TO 002398 even,HWY 97,HWY 97,15:00-17:59,1,0
N,PROPERTY DAMAGE ONLY,\N,N,2025,MONDAY,SINGLE VEHICLE,N,N,49.890744,-119.496612,Y,MARCH,N,KELOWNA,KELOWNA,KELOWNA,N,Y,N,SOUTHERN INTERIOR,WATER ST # 001310 TO 001359,WATER ST,WATER ST,15:00-17:59,1,0
N,PROPERTY DAMAGE ONLY,\N,N,2025,MONDAY,SINGLE VEHICLE,N,N,50.017016,-119.404277,Y,MARCH,N,LAKE COUNTRY,LAKE COUNTRY,LAKE COUNTRY,N,N,N,SOUTHERN INTERIOR,HWY 97 # 008948 TO 009498 even,HWY 97,HWY 97,15:00-17:59,1,0
N,PROPERTY DAMAGE ONLY,\N,N,2025,MONDAY,SINGLE VEHICLE,N,N,50.1544,-122.962981,Y,MARCH,N,WHISTLER,WHISTLER,WHISTLER,N,Y,N,LOWER MAINLAND,CHALET DR # 008300 TO 008339,CHALET DR,CHALET DR,15:00-17:59,1,0
N,PROPERTY DAMAGE ONLY,\N,N,2025,MONDAY,SINGLE VEHICLE,N,N,50.23257,-119.254721,Y,MARCH,N,COLDSTREAM,COLDSTREAM,COLDSTREAM,Y,N,N,SOUTHERN INTERIOR,MIDDLETON WAY # 000650 TO 000699,MIDDLETON WAY,MIDDLETON WAY,15:00-17:59,1,0
N,PROPERTY DAMAGE ONLY,\N,N,2025,MONDAY,SINGLE VEHICLE,N,N,50.675866,-120.338981,Y,MARCH,N,KAMLOOPS,KAMLOOPS,KAMLOOPS,N,Y,N,SOUTHERN INTERIOR,1ST AVE # 000150 TO 000299,1ST AVE,1ST AVE,15:00-17:59,1,0
N,PROPERTY DAMAGE ONLY,\N,N,2025,MONDAY,SINGLE VEHICLE,N,N,50.69798,-119.260076,Y,MARCH,N,SALMON ARM,SALMON ARM,SALMON ARM,N,Y,N,SOUTHERN INTERIOR,3 AVE SE # 002000 TO 002299,3 AVE SE,3 AVE SE,15:00-17:59,1,0
N,PROPERTY DAMAGE ONLY,\N,N,2025,MONDAY,SINGLE VEHICLE,N,N,50.751962,-119.228567,Y,MARCH,N,SALMON ARM,SALMON ARM,SALMON ARM,N,N,N,SOUTHERN INTERIOR,49 ST NE # 007000 TO 007398,49 ST NE,49 ST NE,15:00-17:59,1,0
N,PROPERTY DAMAGE ONLY,\N,N,2025,MONDAY,SINGLE VEHICLE,N,N,51.003893,-118.199512,Y,MARCH,N,REVELSTOKE,REVELSTOKE,REVELSTOKE,N,Y,N,SOUTHERN INTERIOR,TRACK ST W # 000600 TO 000799,TRACK ST W,TRACK ST W,15:00-17:59,1,0
N,PROPERTY DAMAGE ONLY,\N,N,2025,MONDAY,SINGLE VEHICLE,N,N,52.976637,-122.495046,Y,MARCH,N,QUESNEL,QUESNEL,QUESNEL,N,Y,N,NORTH CENTRAL,MCLEAN ST # 000200 TO 000299,MCLEAN ST,MCLEAN ST,15:00-17:59,1,0
N,PROPERTY DAMAGE ONLY,\N,N,2025,MONDAY,SINGLE VEHICLE,N,N,53.863578,-122.78377,Y,MARCH,N,PRINCE GEORGE,PRINCE GEORGE,PRINCE GEORGE,Y,Y,N,NORTH CENTRAL,SOUTHRIDGE AVE # 006498 TO 006599,SOUTHRIDGE AVE,SOUTHRIDGE AVE,15:00-17:59,1,0
N,PROPERTY DAMAGE ONLY,\N,N,2025,MONDAY,SINGLE VEHICLE,N,N,53.87458,-122.801072,Y,MARCH,N,PRINCE GEORGE,PRINCE GEORGE,PRINCE GEORGE,N,N,N,NORTH CENTRAL,ROWE ST # 002426 TO 002499,ROWE ST,ROWE ST,15:00-17:59,1,0
N,PROPERTY DAMAGE ONLY,\N,N,2025,MONDAY,SINGLE VEHICLE,N,N,53.888898,-122.770005,Y,MARCH,N,PRINCE GEORGE,PRINCE GEORGE,PRINCE GEORGE,N,Y,N,NORTH CENTRAL,FERRY AVE # 002220 TO 002498 even,FERRY AVE,FERRY AVE,15:00-17:59,1,0
N,PROPERTY DAMAGE ONLY,\N,N,2025,MONDAY,SINGLE VEHICLE,N,N,53.899564,-122.779382,Y,MARCH,N,PRINCE GEORGE,PRINCE GEORGE,PRINCE GEORGE,Y,Y,N,NORTH CENTRAL,MASSEY DR # 002991 TO 003111 odd,MASSEY DR,MASSEY DR,15:00-17:59,1,0
N,PROPERTY DAMAGE ONLY,\N,N,2025,MONDAY,SINGLE VEHICLE,N,N,54.051388,-128.649384,Y,MARCH,N,KITIMAT,KITIMAT,KITIMAT,N,Y,N,NORTH CENTRAL,MOUNTAINVIEW SQUARE # 000550 TO 000678 even,MOUNTAINVIEW SQUARE,MOUNTAINVIEW SQUARE,15:00-17:59,1,0
N,PROPERTY DAMAGE ONLY,\N,N,2025,MONDAY,SINGLE VEHICLE,N,N,54.315116,-130.32498,Y,MARCH,N,PRINCE RUPERT,PRINCE RUPERT,PRINCE RUPERT,N,Y,N,NORTH CENTRAL,1ST AVE W # 000196 TO 000299,1ST AVE W,1ST AVE W,15:00-17:59,1,0
N,PROPERTY DAMAGE ONLY,\N,N,2025,MONDAY,SINGLE VEHICLE,N,N,56.258271,-120.860618,Y,MARCH,N,FORT ST. JOHN,FORT ST. JOHN,FORT ST. JOHN,N,N,N,NORTH CENTRAL,108 ST # 011300 TO 011399,108 ST,108 ST,15:00-17:59,1,0
N,PROPERTY DAMAGE ONLY,\N,N,2025,MONDAY,SINGLE VEHICLE,Y,N,\N,\N,N,MARCH,N,DUNCAN,DUNCAN,\N,N,Y,N,VANCOUVER ISLAND,UNKNOWN,STONEY HILL RD,STONEY HILL RD,15:00-17:59,1,0
N,PROPERTY DAMAGE ONLY,\N,N,2025,MONDAY,SINGLE VEHICLE,Y,N,\N,\N,N,MARCH,N,PITT MEADOWS,PITT MEADOWS,\N,N,Y,N,LOWER MAINLAND,UNKNOWN,196C ST,196C ST,15:00-17:59,1,0
N,PROPERTY DAMAGE ONLY,\N,N,2025,MONDAY,SINGLE VEHICLE,Y,N,49.254674,-123.017441,Y,MARCH,N,BURNABY,BURNABY,BURNABY,N,Y,N,LOWER MAINLAND,CANADA WAY # 003800 TO 003999,CANADA WAY,CANADA WAY,15:00-17:59,1,0
N,PROPERTY DAMAGE ONLY,\N,N,2025,MONDAY,SINGLE VEHICLE,Y,N,49.267209,-123.149218,Y,MARCH,N,VANCOUVER,VANCOUVER,VANCOUVER,N,N,N,LOWER MAINLAND,W 5TH AVE # 001900 TO 001999,W 5TH AVE,W 5TH AVE,15:00-17:59,1,0
N,PROPERTY DAMAGE ONLY,\N,N,2025,MONDAY,UNDETERMINED,N,N,\N,\N,N,MARCH,N,BURNABY,BURNABY,\N,N,N,N,LOWER MAINLAND,UNKNOWN,KINGSWAY,KINGSWAY,15:00-17:59,1,0
N,PROPERTY DAMAGE ONLY,\N,N,2025,MONDAY,UNDETERMINED,N,N,\N,\N,N,MARCH,N,BURNABY,BURNABY,\N,Y,Y,N,LOWER MAINLAND,UNKNOWN,KENSINGTON AVE,KENSINGTON AVE,15:00-17:59,1,0
N,PROPERTY DAMAGE ONLY,\N,N,2025,MONDAY,UNDETERMINED,N,N,\N,\N,N,MARCH,N,CRAWFORD BAY,CRAWFORD BAY,\N,N,N,N,SOUTHERN INTERIOR,UNKNOWN,PILOT BAY RD,PILOT BAY RD,15:00-17:59,1,0
N,PROPERTY DAMAGE ONLY,\N,N,2025,MONDAY,UNDETERMINED,N,N,\N,\N,N,MARCH,N,DAWSON CREEK,DAWSON CREEK,\N,N,N,N,NORTH CENTRAL,UNKNOWN,PEDERSON SUB,PEDERSON SUB,15:00-17:59,1,0
N,PROPERTY DAMAGE ONLY,\N,N,2025,MONDAY,UNDETERMINED,N,N,\N,\N,N,MARCH,N,FORT ST. JOHN,FORT ST. JOHN,\N,Y,Y,N,NORTH CENTRAL,UNKNOWN,107 ST,107 ST,15:00-17:59,1,0
N,PROPERTY DAMAGE ONLY,\N,N,2025,MONDAY,UNDETERMINED,N,N,\N,\N,N,MARCH,N,KAMLOOPS,KAMLOOPS,\N,N,N,N,SOUTHERN INTERIOR,UNKNOWN,FRONTAGE RD,FRONTAGE RD,15:00-17:59,1,0
N,PROPERTY DAMAGE ONLY,\N,N,2025,MONDAY,UNDETERMINED,N,N,\N,\N,N,MARCH,N,KELOWNA,KELOWNA,\N,Y,Y,N,SOUTHERN INTERIOR,UNKNOWN,BIG WHITE RD,BIG WHITE RD,15:00-17:59,1,0
N,PROPERTY DAMAGE ONLY,\N,N,2025,MONDAY,UNDETERMINED,N,N,\N,\N,N,MARCH,N,MISSION,MISSION,\N,Y,Y,N,LOWER MAINLAND,UNKNOWN,PARK STREET,PARK STREET,15:00-17:59,1,0
N,PROPERTY DAMAGE ONLY,\N,N,2025,MONDAY,UNDETERMINED,N,N,\N,\N,N,MARCH,N,NANAIMO,NANAIMO,\N,N,N,N,VANCOUVER ISLAND,UNKNOWN,ISLAND HWY S,ISLAND HWY S,15:00-17:59,1,0
N,PROPERTY DAMAGE ONLY,\N,N,2025,MONDAY,UNDETERMINED,N,N,\N,\N,N,MARCH,N,NEW WESTMINSTER,NEW WESTMINSTER,\N,Y,N,N,LOWER MAINLAND,UNKNOWN,CASINO,CASINO,15:00-17:59,1,0
N,PROPERTY DAMAGE ONLY,\N,N,2025,MONDAY,UNDETERMINED,N,N,\N,\N,N,MARCH,N,ROSSLAND,ROSSLAND,\N,N,N,N,SOUTHERN INTERIOR,UNKNOWN,HWY 3B,HWY 3B,15:00-17:59,1,0
N,PROPERTY DAMAGE ONLY,\N,N,2025,MONDAY,UNDETERMINED,N,N,\N,\N,N,MARCH,N,SAANICH,SAANICH,\N,Y,N,N,VANCOUVER ISLAND,UNKNOWN,KINCAID ST,KINCAID ST,15:00-17:59,1,0
N,PROPERTY DAMAGE ONLY,\N,N,2025,MONDAY,UNDETERMINED,N,N,\N,\N,N,MARCH,N,TERRACE,TERRACE,\N,N,N,N,NORTH CENTRAL,UNKNOWN,LAKELSE AVE,LAKELSE AVE,15:00-17:59,1,0
N,PROPERTY DAMAGE ONLY,\N,N,2025,MONDAY,UNDETERMINED,N,N,\N,\N,N,MARCH,N,VANCOUVER,VANCOUVER,\N,N,N,N,LOWER MAINLAND,UNKNOWN,WESTBROOK MALL RD,WESTBROOK MALL RD,15:00-17:59,1,0
N,PROPERTY DAMAGE ONLY,\N,N,2025,MONDAY,UNDETERMINED,N,N,\N,\N,N,MARCH,N,VANCOUVER,VANCOUVER,\N,Y,N,N,LOWER MAINLAND,UNKNOWN,EAST 60TH AVENUE,EAST 60TH AVENUE,15:00-17:59,1,0
N,PROPERTY DAMAGE ONLY,\N,N,2025,MONDAY,UNDETERMINED,N,N,\N,\N,N,MARCH,N,VICTORIA,VICTORIA,\N,Y,N,N,VANCOUVER ISLAND,UNKNOWN,BLENKINSOP RD,BLENKINSOP RD,15:00-17:59,1,0
N,PROPERTY DAMAGE ONLY,\N,N,2025,MONDAY,UNDETERMINED,N,N,\N,\N,N,MARCH,N,VICTORIA,VICTORIA,\N,Y,N,N,VANCOUVER ISLAND,UNKNOWN,RAINBOW HILL,RAINBOW HILL,15:00-17:59,1,0
N,PROPERTY DAMAGE ONLY,\N,N,2025,MONDAY,UNDETERMINED,N,N,48.408233,-123.488276,Y,MARCH,N,COLWOOD,COLWOOD,COLWOOD,N,Y,N,VANCOUVER ISLAND,LATORIA BLVD # 000200 TO 000346,LATORIA BLVD,LATORIA BLVD,15:00-17:59,1,0
N,PROPERTY DAMAGE ONLY,\N,N,2025,MONDAY,UNDETERMINED,N,N,48.425527,-123.357886,Y,MARCH,N,VICTORIA,VICTORIA,VICTORIA,Y,Y,N,VANCOUVER ISLAND,YATES ST # 000900 TO 000999,YATES ST,YATES ST,15:00-17:59,1,0
N,PROPERTY DAMAGE ONLY,\N,N,2025,MONDAY,UNDETERMINED,N,N,48.428269,-123.535641,Y,MARCH,N,LANGFORD,LANGFORD,LANGFORD,Y,N,N,VANCOUVER ISLAND,LUXTON RD # 003342 TO 003351,LUXTON RD,LUXTON RD,15:00-17:59,1,0
N,PROPERTY DAMAGE ONLY,\N,N,2025,MONDAY,UNDETERMINED,N,N,48.428642,-123.361132,Y,MARCH,N,VICTORIA,VICTORIA,VICTORIA,Y,N,N,VANCOUVER ISLAND,CORMORANT ST # 000800 TO 000839,CORMORANT ST,CORMORANT ST,15:00-17:59,1,0
N,PROPERTY DAMAGE ONLY,\N,N,2025,MONDAY,UNDETERMINED,N,N,48.46077,-123.331487,Y,MARCH,N,SAANICH,SAANICH,SAANICH,N,Y,N,VANCOUVER ISLAND,CEDAR HILL CROSS RD # 001610 TO 001649,CEDAR HILL CROSS RD,CEDAR HILL CROSS RD,15:00-17:59,1,0
N,PROPERTY DAMAGE ONLY,\N,N,2025,MONDAY,UNDETERMINED,N,N,48.6489,-123.402002,Y,MARCH,N,SIDNEY,SIDNEY,SIDNEY,Y,Y,N,VANCOUVER ISLAND,BEACON AVE # 002345 TO 002353 odd,BEACON AVE,BEACON AVE,15:00-17:59,1,0
N,PROPERTY DAMAGE ONLY,\N,N,2025,MONDAY,UNDETERMINED,N,N,48.782099,-123.703639,Y,MARCH,N,DUNCAN,DUNCAN,DUNCAN,Y,Y,N,VANCOUVER ISLAND,JAMES ST # 002680 TO 002695,JAMES ST,JAMES ST,15:00-17:59,1,0
N,PROPERTY DAMAGE ONLY,\N,N,2025,MONDAY,UNDETERMINED,N,N,48.785424,-123.717126,Y,MARCH,N,DUNCAN,DUNCAN,DUNCAN,Y,Y,N,VANCOUVER ISLAND,CAIRNSMORE ST # 000500 TO 000599,CAIRNSMORE ST,CAIRNSMORE ST,15:00-17:59,1,0
N,PROPERTY DAMAGE ONLY,\N,N,2025,MONDAY,UNDETERMINED,N,N,48.7906,-123.735451,Y,MARCH,N,DUNCAN,DUNCAN,DUNCAN,Y,Y,N,VANCOUVER ISLAND,COWICHAN LAKE RD # 003280 TO 003288,COWICHAN LAKE RD,COWICHAN LAKE RD,15:00-17:59,1,0
N,PROPERTY DAMAGE ONLY,\N,N,2025,MONDAY,UNDETERMINED,N,N,49.007691,-123.132167,Y,MARCH,N,DELTA,DELTA,DELTA,Y,Y,N,LOWER MAINLAND,FERRY CAUSEWAY # 000001 TO 000008,FERRY CAUSEWAY,FERRY CAUSEWAY,15:00-17:59,1,0
N,PROPERTY DAMAGE ONLY,\N,N,2025,MONDAY,UNDETERMINED,N,N,49.016654,-122.696729,Y,MARCH,N,SURREY,SURREY,SURREY,N,N,N,LOWER MAINLAND,8 AVE # 018800 TO 019199,8 AVE,8 AVE,15:00-17:59,1,0
N,PROPERTY DAMAGE ONLY,\N,N,2025,MONDAY,UNDETERMINED,N,N,49.021743,-122.265356,Y,MARCH,N,ABBOTSFORD,ABBOTSFORD,ABBOTSFORD,Y,Y,N,LOWER MAINLAND,SUMAS WAY # 001000 TO 001189,SUMAS WAY,SUMAS WAY,15:00-17:59,1,0
N,PROPERTY DAMAGE ONLY,\N,N,2025,MONDAY,UNDETERMINED,N,N,49.050936,-122.312534,Y,MARCH,N,ABBOTSFORD,ABBOTSFORD,ABBOTSFORD,Y,Y,N,LOWER MAINLAND,SOUTH FRASER WAY # 032800 TO 032979,SOUTH FRASER WAY,SOUTH FRASER WAY,15:00-17:59,1,0
N,PROPERTY DAMAGE ONLY,\N,N,2025,MONDAY,UNDETERMINED,N,N,49.051603,-122.245114,Y,MARCH,N,ABBOTSFORD,ABBOTSFORD,ABBOTSFORD,Y,N,N,LOWER MAINLAND,MONTANA PL # 002700 TO 002770,MONTANA PL,MONTANA PL,15:00-17:59,1,0
N,PROPERTY DAMAGE ONLY,\N,N,2025,MONDAY,UNDETERMINED,N,N,49.057143,-122.439046,Y,MARCH,N,ABBOTSFORD,ABBOTSFORD,ABBOTSFORD,Y,Y,N,LOWER MAINLAND,FRASER HWY # 028325 TO 028420,FRASER HWY,FRASER HWY,15:00-17:59,1,0
N,PROPERTY DAMAGE ONLY,\N,N,2025,MONDAY,UNDETERMINED,N,N,49.061048,-122.248952,Y,MARCH,N,ABBOTSFORD,ABBOTSFORD,ABBOTSFORD,Y,N,N,LOWER MAINLAND,MCKEE RD # 035210 TO 035239,MCKEE RD,MCKEE RD,15:00-17:59,1,0
N,PROPERTY DAMAGE ONLY,\N,N,2025,MONDAY,UNDETERMINED,N,N,49.067917,-122.359825,Y,MARCH,N,ABBOTSFORD,ABBOTSFORD,ABBOTSFORD,N,Y,N,LOWER MAINLAND,TOWNLINE RD # 003600 TO 003629,TOWNLINE RD,TOWNLINE RD,15:00-17:59,1,0
N,PROPERTY DAMAGE ONLY,\N,N,2025,MONDAY,UNDETERMINED,N,N,49.078403,-122.634815,Y,MARCH,N,LANGLEY,LANGLEY,LANGLEY,N,Y,N,LOWER MAINLAND,42 AVE # 021220 TO 021275,42 AVE,42 AVE,15:00-17:59,1,0
N,PROPERTY DAMAGE ONLY,\N,N,2025,MONDAY,UNDETERMINED,N,N,49.086694,-116.606957,Y,MARCH,N,CRESTON,CRESTON,CRESTON,Y,Y,N,SOUTHERN INTERIOR,WEST CRESTON RD # 001257 TO 001280,WEST CRESTON RD,WEST CRESTON RD,15:00-17:59,1,0
N,PROPERTY DAMAGE ONLY,\N,N,2025,MONDAY,UNDETERMINED,N,N,49.098459,-122.662444,Y,MARCH,N,LANGLEY,LANGLEY,LANGLEY,N,N,N,LOWER MAINLAND,53 AVE # 020160 TO 020299,53 AVE,53 AVE,15:00-17:59,1,0
N,PROPERTY DAMAGE ONLY,\N,N,2025,MONDAY,UNDETERMINED,N,N,49.106191,-121.941192,Y,MARCH,N,CHILLIWACK,CHILLIWACK,CHILLIWACK,Y,Y,N,LOWER MAINLAND,UPLANDS RD # 046250 TO 046386,UPLANDS RD,UPLANDS RD,15:00-17:59,1,0
N,PROPERTY DAMAGE ONLY,\N,N,2025,MONDAY,UNDETERMINED,N,N,49.113022,-122.672494,Y,MARCH,N,LANGLEY,LANGLEY,LANGLEY,Y,Y,N,LOWER MAINLAND,LANGLEY BYPASS # 019822 TO 019998 even,LANGLEY BYPASS,LANGLEY BYPASS,15:00-17:59,1,0
N,PROPERTY DAMAGE ONLY,\N,N,2025,MONDAY,UNDETERMINED,N,N,49.119038,-122.835797,Y,MARCH,N,SURREY,SURREY,SURREY,Y,N,N,LOWER MAINLAND,64 AVE # 013894 TO 013998 even,64 AVE,64 AVE,15:00-17:59,1,0
N,PROPERTY DAMAGE ONLY,\N,N,2025,MONDAY,UNDETERMINED,N,N,49.120126,-122.681394,Y,MARCH,N,SURREY,SURREY,SURREY,N,Y,N,LOWER MAINLAND,195A ST # 006400 TO 006499,195A ST,195A ST,15:00-17:59,1,0
N,PROPERTY DAMAGE ONLY,\N,N,2025,MONDAY,UNDETERMINED,N,N,49.121195,-122.890475,Y,MARCH,N,DELTA,DELTA,DELTA,Y,Y,N,LOWER MAINLAND,120 ST # 006401 TO 006599 odd,120 ST,120 ST,15:00-17:59,1,0
N,PROPERTY DAMAGE ONLY,\N,N,2025,MONDAY,UNDETERMINED,N,N,49.121546,-122.740656,Y,MARCH,N,SURREY,SURREY,SURREY,Y,Y,N,LOWER MAINLAND,65A AVE # 017200 TO 017599,65A AVE,65A AVE,15:00-17:59,1,0
N,PROPERTY DAMAGE ONLY,\N,N,2025,MONDAY,UNDETERMINED,N,N,49.121741,-122.686394,Y,MARCH,N,SURREY,SURREY,SURREY,Y,Y,N,LOWER MAINLAND,65 AVE # 019360 TO 019388 even,65 AVE,65 AVE,15:00-17:59,1,0
N,PROPERTY DAMAGE ONLY,\N,N,2025,MONDAY,UNDETERMINED,N,N,49.133181,-123.015827,Y,MARCH,N,DELTA,DELTA,DELTA,Y,N,N,LOWER MAINLAND,BROWN ST # 007100 TO 007329,BROWN ST,BROWN ST,15:00-17:59,1,0
N,PROPERTY DAMAGE ONLY,\N,N,2025,MONDAY,UNDETERMINED,N,N,49.133624,-122.848631,Y,MARCH,N,SURREY,SURREY,SURREY,Y,Y,N,LOWER MAINLAND,72 AVE # 013401 TO 013599 odd,72 AVE,72 AVE,15:00-17:59,1,0
N,PROPERTY DAMAGE ONLY,\N,N,2025,MONDAY,UNDETERMINED,N,N,49.140145,-122.845542,Y,MARCH,N,SURREY,SURREY,SURREY,Y,Y,N,LOWER MAINLAND,KING GEORGE BLVD # 007544 TO 007598 even,KING GEORGE BLVD,KING GEORGE BLVD,15:00-17:59,1,0
N,PROPERTY DAMAGE ONLY,\N,N,2025,MONDAY,UNDETERMINED,N,N,49.140794,-121.962222,Y,MARCH,N,CHILLIWACK,CHILLIWACK,CHILLIWACK,Y,Y,N,LOWER MAINLAND,LUCKAKUCK WAY # 045570 TO 045599,LUCKAKUCK WAY,LUCKAKUCK WAY,15:00-17:59,1,0
N,PROPERTY DAMAGE ONLY,\N,N,2025,MONDAY,UNDETERMINED,N,N,49.14309,-122.910188,Y,MARCH,N,DELTA,DELTA,DELTA,Y,N,N,LOWER MAINLAND,77 AVE # 011260 TO 011340,77 AVE,77 AVE,15:00-17:59,1,0
N,PROPERTY DAMAGE ONLY,\N,N,2025,MONDAY,UNDETERMINED,N,N,49.143337,-121.957745,Y,MARCH,N,CHILLIWACK,CHILLIWACK,CHILLIWACK,N,Y,N,LOWER MAINLAND,LUCKAKUCK WAY # 045700 TO 045939,LUCKAKUCK WAY,LUCKAKUCK WAY,15:00-17:59,1,0
N,PROPERTY DAMAGE ONLY,\N,N,2025,MONDAY,UNDETERMINED,N,N,49.144628,-122.79453,Y,MARCH,N,SURREY,SURREY,SURREY,Y,N,N,LOWER MAINLAND,78 AVE # 015400 TO 015442,78 AVE,78 AVE,15:00-17:59,1,0
N,PROPERTY DAMAGE ONLY,\N,N,2025,MONDAY,UNDETERMINED,N,N,49.159641,-122.778907,Y,MARCH,N,SURREY,SURREY,SURREY,Y,Y,N,LOWER MAINLAND,160 ST # 008600 TO 008671,160 ST,160 ST,15:00-17:59,1,0
N,PROPERTY DAMAGE ONLY,\N,N,2025,MONDAY,UNDETERMINED,N,N,49.163077,-122.876824,Y,MARCH,N,SURREY,SURREY,SURREY,Y,Y,N,LOWER MAINLAND,88 AVE # 012450 TO 012499,88 AVE,88 AVE,15:00-17:59,1,0
N,PROPERTY DAMAGE ONLY,\N,N,2025,MONDAY,UNDETERMINED,N,N,49.165436,-122.799603,Y,MARCH,N,SURREY,SURREY,SURREY,Y,N,N,LOWER MAINLAND,FRASER HWY # 015201 TO 015319 odd,FRASER HWY,FRASER HWY,15:00-17:59,1,0
N,PROPERTY DAMAGE ONLY,\N,N,2025,MONDAY,UNDETERMINED,N,N,49.165613,-123.136632,Y,MARCH,N,RICHMOND,RICHMOND,RICHMOND,Y,Y,N,LOWER MAINLAND,NO 3 RD # 006401 TO 006799 odd,NO 3 RD,NO 3 RD,15:00-17:59,2,0
N,PROPERTY DAMAGE ONLY,\N,N,2025,MONDAY,UNDETERMINED,N,N,49.170095,-122.833343,Y,MARCH,N,SURREY,SURREY,SURREY,Y,Y,N,LOWER MAINLAND,92 AVE # 014000 TO 014099,92 AVE,92 AVE,15:00-17:59,1,0
N,PROPERTY DAMAGE ONLY,\N,N,2025,MONDAY,UNDETERMINED,N,N,49.170111,-121.954197,Y,MARCH,N,CHILLIWACK,CHILLIWACK,CHILLIWACK,Y,Y,N,LOWER MAINLAND,YALE RD # 046020 TO 046079,YALE RD,YALE RD,15:00-17:59,1,0
N,PROPERTY DAMAGE ONLY,\N,N,2025,MONDAY,UNDETERMINED,N,N,49.172171,-122.890293,Y,MARCH,N,DELTA,DELTA,DELTA,N,Y,N,LOWER MAINLAND,120 ST # 009261 TO 009359 odd,120 ST,120 ST,15:00-17:59,1,0
N,PROPERTY DAMAGE ONLY,\N,N,2025,MONDAY,UNDETERMINED,N,N,49.181742,-123.125178,Y,MARCH,N,RICHMOND,RICHMOND,RICHMOND,Y,Y,N,LOWER MAINLAND,ODLIN RD # 008738 TO 008799,ODLIN RD,ODLIN RD,15:00-17:59,2,0
N,PROPERTY DAMAGE ONLY,\N,N,2025,MONDAY,UNDETERMINED,N,N,49.183909,-123.972377,Y,MARCH,N,NANAIMO,NANAIMO,NANAIMO,Y,N,N,VANCOUVER ISLAND,BOUNDARY AVE # 001632 TO 001653,BOUNDARY AVE,BOUNDARY AVE,15:00-17:59,1,0
N,PROPERTY DAMAGE ONLY,\N,N,2025,MONDAY,UNDETERMINED,N,N,49.185598,-123.135643,Y,MARCH,N,RICHMOND,RICHMOND,RICHMOND,N,Y,N,LOWER MAINLAND,NO 3 RD # 003700 TO 003998 even,NO 3 RD,NO 3 RD,15:00-17:59,1,0
N,PROPERTY DAMAGE ONLY,\N,N,2025,MONDAY,UNDETERMINED,N,N,49.187003,-122.845527,Y,MARCH,N,SURREY,SURREY,SURREY,N,Y,N,LOWER MAINLAND,KING GEORGE BLVD # 010153 TO 010199 odd,KING GEORGE BLVD,KING GEORGE BLVD,15:00-17:59,1,0
N,PROPERTY DAMAGE ONLY,\N,N,2025,MONDAY,UNDETERMINED,N,N,49.189333,-123.951761,Y,MARCH,N,NANAIMO,NANAIMO,NANAIMO,N,Y,N,VANCOUVER ISLAND,TRANS-CANADA HWY # 000600 TO 000680 even,TRANS-CANADA HWY,TRANS-CANADA HWY,15:00-17:59,1,0
N,PROPERTY DAMAGE ONLY,\N,N,2025,MONDAY,UNDETERMINED,N,N,49.190089,-122.800995,Y,MARCH,N,SURREY,SURREY,SURREY,N,Y,N,LOWER MAINLAND,152 ST # 010251 TO 010399 odd,152 ST,152 ST,15:00-17:59,1,0
N,PROPERTY DAMAGE ONLY,\N,N,2025,MONDAY,UNDETERMINED,N,N,49.190089,-122.800995,Y,MARCH,N,SURREY,SURREY,SURREY,Y,Y,N,LOWER MAINLAND,152 ST # 010251 TO 010399 odd,152 ST,152 ST,15:00-17:59,2,0
N,PROPERTY DAMAGE ONLY,\N,N,2025,MONDAY,UNDETERMINED,N,N,49.193303,-121.975024,Y,MARCH,N,CHILLIWACK,CHILLIWACK,CHILLIWACK,Y,Y,N,LOWER MAINLAND,CARTMELL RD # 044451 TO 045999,CARTMELL RD,CARTMELL RD,15:00-17:59,1,0
N,PROPERTY DAMAGE ONLY,\N,N,2025,MONDAY,UNDETERMINED,N,N,49.194754,-123.178088,Y,MARCH,N,RICHMOND,RICHMOND,RICHMOND,Y,Y,N,LOWER MAINLAND,GRANT MCCONACHIE WAY # 003113 TO 003299 odd,GRANT MCCONACHIE WAY,GRANT MCCONACHIE WAY,15:00-17:59,1,0
N,PROPERTY DAMAGE ONLY,\N,N,2025,MONDAY,UNDETERMINED,N,N,49.202472,-122.827819,Y,MARCH,N,SURREY,SURREY,SURREY,Y,N,N,LOWER MAINLAND,110 AVE # 014200 TO 014249,110 AVE,110 AVE,15:00-17:59,1,0
N,PROPERTY DAMAGE ONLY,\N,N,2025,MONDAY,UNDETERMINED,N,N,49.204784,-124.003658,Y,MARCH,N,NANAIMO,NANAIMO,NANAIMO,Y,Y,N,VANCOUVER ISLAND,ISLAND HWY N # 003162 TO 003220 even,ISLAND HWY N,ISLAND HWY N,15:00-17:59,1,0
N,PROPERTY DAMAGE ONLY,\N,N,2025,MONDAY,UNDETERMINED,N,N,49.206387,-122.950913,Y,MARCH,N,NEW WESTMINSTER,NEW WESTMINSTER,NEW WESTMINSTER,Y,N,N,LOWER MAINLAND,TENTH AVE # 001900 TO 001998 even,TENTH AVE,TENTH AVE,15:00-17:59,1,0
N,PROPERTY DAMAGE ONLY,\N,N,2025,MONDAY,UNDETERMINED,N,N,49.207284,-123.039389,Y,MARCH,N,VANCOUVER,VANCOUVER,VANCOUVER,Y,N,N,LOWER MAINLAND,PIERVIEW CRES # 003100 TO 003263,PIERVIEW CRES,PIERVIEW CRES,15:00-17:59,1,0
N,PROPERTY DAMAGE ONLY,\N,N,2025,MONDAY,UNDETERMINED,N,N,49.207716,-123.096719,Y,MARCH,N,VANCOUVER,VANCOUVER,VANCOUVER,Y,N,N,LOWER MAINLAND,E KENT AVE N # 000400 TO 000459,E KENT AVE N,E KENT AVE N,15:00-17:59,1,0
N,PROPERTY DAMAGE ONLY,\N,N,2025,MONDAY,UNDETERMINED,N,N,49.209524,-123.140498,Y,MARCH,N,VANCOUVER,VANCOUVER,VANCOUVER,Y,Y,N,LOWER MAINLAND,GRANVILLE ST # 008400 TO 008599,GRANVILLE ST,GRANVILLE ST,15:00-17:59,1,0
N,PROPERTY DAMAGE ONLY,\N,N,2025,MONDAY,UNDETERMINED,N,N,49.21041,-122.878582,Y,MARCH,N,SURREY,SURREY,SURREY,Y,N,N,LOWER MAINLAND,124 ST # 011400 TO 011599,124 ST,124 ST,15:00-17:59,1,0
N,PROPERTY DAMAGE ONLY,\N,N,2025,MONDAY,UNDETERMINED,N,N,49.221462,-122.925937,Y,MARCH,N,BURNABY,BURNABY,BURNABY,Y,N,N,LOWER MAINLAND,4TH ST # 007816 TO 007829,4TH ST,4TH ST,15:00-17:59,1,0
N,PROPERTY DAMAGE ONLY,\N,N,2025,MONDAY,UNDETERMINED,N,N,49.227076,-122.995313,Y,MARCH,N,BURNABY,BURNABY,BURNABY,Y,Y,N,LOWER MAINLAND,KINGSWAY # 004800 TO 004899,KINGSWAY,KINGSWAY,15:00-17:59,1,0
N,PROPERTY DAMAGE ONLY,\N,N,2025,MONDAY,UNDETERMINED,N,N,49.233583,-123.119001,Y,MARCH,N,VANCOUVER,VANCOUVER,VANCOUVER,N,Y,N,LOWER MAINLAND,W 41ST AVE # 000500 TO 000708 even,W 41ST AVE,W 41ST AVE,15:00-17:59,1,0
N,PROPERTY DAMAGE ONLY,\N,N,2025,MONDAY,UNDETERMINED,N,N,49.237105,-122.828851,Y,MARCH,N,COQUITLAM,COQUITLAM,COQUITLAM,Y,N,N,LOWER MAINLAND,DAWES HILL RD # 002330 TO 002379,DAWES HILL RD,DAWES HILL RD,15:00-17:59,1,0
N,PROPERTY DAMAGE ONLY,\N,N,2025,MONDAY,UNDETERMINED,N,N,49.23858,-123.050979,Y,MARCH,N,VANCOUVER,VANCOUVER,VANCOUVER,Y,N,N,LOWER MAINLAND,KINGSWAY # 002622 TO 002709,KINGSWAY,KINGSWAY,15:00-17:59,1,0
N,PROPERTY DAMAGE ONLY,\N,N,2025,MONDAY,UNDETERMINED,N,N,49.24351,-123.117774,Y,MARCH,N,VANCOUVER,VANCOUVER,VANCOUVER,Y,Y,N,LOWER MAINLAND,CAMBIE ST # 004601 TO 004699 odd,CAMBIE ST,CAMBIE ST,15:00-17:59,1,0
N,PROPERTY DAMAGE ONLY,\N,N,2025,MONDAY,UNDETERMINED,N,N,49.24898,-122.855219,Y,MARCH,N,COQUITLAM,COQUITLAM,COQUITLAM,Y,Y,N,LOWER MAINLAND,AUSTIN AVE # 001300 TO 001499,AUSTIN AVE,AUSTIN AVE,15:00-17:59,1,0
N,PROPERTY DAMAGE ONLY,\N,N,2025,MONDAY,UNDETERMINED,N,N,49.252488,-123.119912,Y,MARCH,N,VANCOUVER,VANCOUVER,VANCOUVER,Y,N,N,LOWER MAINLAND,W 21ST AVE # 000663 TO 000799,W 21ST AVE,W 21ST AVE,15:00-17:59,1,0
N,PROPERTY DAMAGE ONLY,\N,N,2025,MONDAY,UNDETERMINED,N,N,49.253329,-123.068023,Y,MARCH,N,VANCOUVER,VANCOUVER,VANCOUVER,Y,N,N,LOWER MAINLAND,COMMERCIAL ST # 003400 TO 003599,COMMERCIAL ST,COMMERCIAL ST,15:00-17:59,1,0
N,PROPERTY DAMAGE ONLY,\N,N,2025,MONDAY,UNDETERMINED,N,N,49.254751,-122.846459,Y,MARCH,N,COQUITLAM,COQUITLAM,COQUITLAM,Y,Y,N,LOWER MAINLAND,POIRIER ST # 000600 TO 000645,POIRIER ST,POIRIER ST,15:00-17:59,1,0
N,PROPERTY DAMAGE ONLY,\N,N,2025,MONDAY,UNDETERMINED,N,N,49.261971,-121.824595,Y,MARCH,N,AGASSIZ,AGASSIZ,AGASSIZ,Y,N,N,LOWER MAINLAND,CEMETERY RD # 003120 TO 004732 even,CEMETERY RD,CEMETERY RD,15:00-17:59,1,0
N,PROPERTY DAMAGE ONLY,\N,N,2025,MONDAY,UNDETERMINED,N,N,49.27339,-122.959163,Y,MARCH,N,BURNABY,BURNABY,BURNABY,Y,Y,N,LOWER MAINLAND,AUBREY ST # 006986 TO 006999,AUBREY ST,AUBREY ST,15:00-17:59,1,0
N,PROPERTY DAMAGE ONLY,\N,N,2025,MONDAY,UNDETERMINED,N,N,49.277063,-122.800243,Y,MARCH,N,COQUITLAM,COQUITLAM,COQUITLAM,N,Y,N,LOWER MAINLAND,BARNET HWY # 002901 TO 002929 odd,BARNET HWY,BARNET HWY,15:00-17:59,1,0
N,PROPERTY DAMAGE ONLY,\N,N,2025,MONDAY,UNDETERMINED,N,N,49.321709,-123.096319,Y,MARCH,N,NORTH VANCOUVER,NORTH VANCOUVER,NORTH VANCOUVER,Y,Y,N,LOWER MAINLAND,MARINE DR # 000801 TO 000899 odd,MARINE DR,MARINE DR,15:00-17:59,1,0
N,PROPERTY DAMAGE ONLY,\N,N,2025,MONDAY,UNDETERMINED,N,N,49.323621,-123.072281,Y,MARCH,N,NORTH VANCOUVER,NORTH VANCOUVER,NORTH VANCOUVER,Y,Y,N,LOWER MAINLAND,LONSDALE AVE # 001600 TO 001699,LONSDALE AVE,LONSDALE AVE,15:00-17:59,1,0
N,PROPERTY DAMAGE ONLY,\N,N,2025,MONDAY,UNDETERMINED,N,N,49.328618,-123.161238,Y,MARCH,N,WEST VANCOUVER,WEST VANCOUVER,WEST VANCOUVER,Y,Y,N,LOWER MAINLAND,MARINE DR # 001700 TO 001799,MARINE DR,MARINE DR,15:00-17:59,1,0
N,PROPERTY DAMAGE ONLY,\N,N,2025,MONDAY,UNDETERMINED,N,N,49.331041,-123.103033,Y,MARCH,N,NORTH VANCOUVER,NORTH VANCOUVER,NORTH VANCOUVER,Y,N,N,LOWER MAINLAND,W 23RD ST # 001000 TO 001077,W 23RD ST,W 23RD ST,15:00-17:59,1,0
N,PROPERTY DAMAGE ONLY,\N,N,2025,MONDAY,UNDETERMINED,N,N,49.333431,-123.180901,Y,MARCH,N,WEST VANCOUVER,WEST VANCOUVER,WEST VANCOUVER,Y,N,N,LOWER MAINLAND,BELLEVUE AVE # 002400 TO 002498 even,BELLEVUE AVE,BELLEVUE AVE,15:00-17:59,1,0
N,PROPERTY DAMAGE ONLY,\N,N,2025,MONDAY,UNDETERMINED,N,N,49.334474,-123.088642,Y,MARCH,N,NORTH VANCOUVER,NORTH VANCOUVER,NORTH VANCOUVER,Y,Y,N,LOWER MAINLAND,WESTVIEW PL # 000600 TO 000628,WESTVIEW PL,WESTVIEW PL,15:00-17:59,1,0
N,PROPERTY DAMAGE ONLY,\N,N,2025,MONDAY,UNDETERMINED,N,N,49.334626,-123.042689,Y,MARCH,N,NORTH VANCOUVER,NORTH VANCOUVER,NORTH VANCOUVER,N,Y,N,LOWER MAINLAND,LYNN VALLEY RD # 001101 TO 001199 odd,LYNN VALLEY RD,LYNN VALLEY RD,15:00-17:59,1,0
N,PROPERTY DAMAGE ONLY,\N,N,2025,MONDAY,UNDETERMINED,N,N,49.34004,-123.028061,Y,MARCH,N,NORTH VANCOUVER,NORTH VANCOUVER,NORTH VANCOUVER,Y,N,N,LOWER MAINLAND,PLATT CRES # 001600 TO 001729,PLATT CRES,PLATT CRES,15:00-17:59,1,0
N,PROPERTY DAMAGE ONLY,\N,N,2025,MONDAY,UNDETERMINED,N,N,49.344758,-123.089732,Y,MARCH,N,NORTH VANCOUVER,NORTH VANCOUVER,NORTH VANCOUVER,Y,N,N,LOWER MAINLAND,TRENTON PL # 003850 TO 003999,TRENTON PL,TRENTON PL,15:00-17:59,1,0
N,PROPERTY DAMAGE ONLY,\N,N,2025,MONDAY,UNDETERMINED,N,N,49.473924,-119.559019,Y,MARCH,N,PENTICTON,PENTICTON,PENTICTON,Y,Y,N,SOUTHERN INTERIOR,EVERGREEN DR # 002478 TO 002515,EVERGREEN DR,EVERGREEN DR,15:00-17:59,1,0
N,PROPERTY DAMAGE ONLY,\N,N,2025,MONDAY,UNDETERMINED,N,N,49.602837,-119.667291,Y,MARCH,N,SUMMERLAND,SUMMERLAND,SUMMERLAND,Y,Y,N,SOUTHERN INTERIOR,PRAIRIE VALLEY RD # 007500 TO 008099,PRAIRIE VALLEY RD,PRAIRIE VALLEY RD,15:00-17:59,1,0
N,PROPERTY DAMAGE ONLY,\N,N,2025,MONDAY,UNDETERMINED,N,N,49.738252,-123.126889,Y,MARCH,N,SQUAMISH,SQUAMISH,SQUAMISH,Y,N,N,LOWER MAINLAND,GARIBALDI WAY # 040200 TO 040299,GARIBALDI WAY,GARIBALDI WAY,15:00-17:59,1,0
N,PROPERTY DAMAGE ONLY,\N,N,2025,MONDAY,UNDETERMINED,N,N,49.836411,-119.617665,Y,MARCH,N,WEST KELOWNA,WEST KELOWNA,WEST KELOWNA,Y,Y,N,SOUTHERN INTERIOR,LOUIE DR # 003000 TO 003019,LOUIE DR,LOUIE DR,15:00-17:59,1,0
N,PROPERTY DAMAGE ONLY,\N,N,2025,MONDAY,UNDETERMINED,N,N,49.860065,-119.49121,Y,MARCH,N,KELOWNA,KELOWNA,KELOWNA,Y,Y,N,SOUTHERN INTERIOR,LAKESHORE RD # 003100 TO 003289,LAKESHORE RD,LAKESHORE RD,15:00-17:59,1,0
N,PROPERTY DAMAGE ONLY,\N,N,2025,MONDAY,UNDETERMINED,N,N,49.881803,-119.439105,Y,MARCH,N,KELOWNA,KELOWNA,KELOWNA,Y,Y,N,SOUTHERN INTERIOR,HARVEY AVE # 002121 TO 002279 odd,HARVEY AVE,HARVEY AVE,15:00-17:59,1,0
N,PROPERTY DAMAGE ONLY,\N,N,2025,MONDAY,UNDETERMINED,N,N,49.888969,-119.392032,Y,MARCH,N,KELOWNA,KELOWNA,KELOWNA,Y,N,N,SOUTHERN INTERIOR,HWY 33 W # 000300 TO 000399,HWY 33 W,HWY 33 W,15:00-17:59,1,0
N,PROPERTY DAMAGE ONLY,\N,N,2025,MONDAY,UNDETERMINED,N,N,49.892936,-119.496497,Y,MARCH,N,KELOWNA,KELOWNA,KELOWNA,Y,Y,N,SOUTHERN INTERIOR,WATER ST # 001220 TO 001309,WATER ST,WATER ST,15:00-17:59,1,0
N,PROPERTY DAMAGE ONLY,\N,N,2025,MONDAY,UNDETERMINED,N,N,50.024062,-125.267973,Y,MARCH,N,CAMPBELL RIVER,CAMPBELL RIVER,CAMPBELL RIVER,Y,Y,N,VANCOUVER ISLAND,CHEVIOT RD # 001700 TO 001849,CHEVIOT RD,CHEVIOT RD,15:00-17:59,1,0
N,PROPERTY DAMAGE ONLY,\N,N,2025,MONDAY,UNDETERMINED,N,N,50.068057,-125.177014,Y,MARCH,N,QUATHIASKI COVE,QUATHIASKI COVE,QUATHIASKI COVE,N,Y,N,VANCOUVER ISLAND,TOPCLIFF RD # 001030 TO 001099,TOPCLIFF RD,TOPCLIFF RD,15:00-17:59,1,0
N,PROPERTY DAMAGE ONLY,\N,N,2025,MONDAY,UNDETERMINED,N,N,50.094213,-122.990449,Y,MARCH,N,WHISTLER,WHISTLER,WHISTLER,Y,Y,N,LOWER MAINLAND,LAKE PLACID RD # 002030 TO 002055,LAKE PLACID RD,LAKE PLACID RD,15:00-17:59,1,0
N,PROPERTY DAMAGE ONLY,\N,N,2025,MONDAY,UNDETERMINED,N,N,50.262582,-119.277004,Y,MARCH,N,VERNON,VERNON,VERNON,Y,Y,N,SOUTHERN INTERIOR,34 ST # 002800 TO 002899,34 ST,34 ST,15:00-17:59,1,0
N,PROPERTY DAMAGE ONLY,\N,N,2025,MONDAY,UNDETERMINED,N,N,50.652497,-120.382302,Y,MARCH,N,KAMLOOPS,KAMLOOPS,KAMLOOPS,N,Y,N,SOUTHERN INTERIOR,HUGH ALLAN DR # 001520 TO 001529,HUGH ALLAN DR,HUGH ALLAN DR,15:00-17:59,1,0
N,PROPERTY DAMAGE ONLY,\N,N,2025,MONDAY,UNDETERMINED,N,N,50.655345,-120.388074,Y,MARCH,N,KAMLOOPS,KAMLOOPS,KAMLOOPS,Y,Y,N,SOUTHERN INTERIOR,VERSATILE DR # 001600 TO 001699,VERSATILE DR,VERSATILE DR,15:00-17:59,1,0
N,PROPERTY DAMAGE ONLY,\N,N,2025,MONDAY,UNDETERMINED,N,N,50.67136,-120.312996,Y,MARCH,N,KAMLOOPS,KAMLOOPS,KAMLOOPS,Y,Y,N,SOUTHERN INTERIOR,COLUMBIA ST # 001100 TO 001199,COLUMBIA ST,COLUMBIA ST,15:00-17:59,1,0
N,PROPERTY DAMAGE ONLY,\N,N,2025,MONDAY,UNDETERMINED,N,N,50.722819,-127.493454,Y,MARCH,N,PORT HARDY,PORT HARDY,PORT HARDY,Y,Y,N,VANCOUVER ISLAND,HASTINGS ST # 008700 TO 008799,HASTINGS ST,HASTINGS ST,15:00-17:59,1,0
N,PROPERTY DAMAGE ONLY,\N,N,2025,MONDAY,UNDETERMINED,N,N,50.910825,-119.441188,Y,MARCH,N,SCOTCH CREEK,SCOTCH CREEK,SCOTCH CREEK,Y,Y,N,SOUTHERN INTERIOR,SQUILAX-ANGLEMONT RD # 004000 TO 004119,SQUILAX-ANGLEMONT RD,SQUILAX-ANGLEMONT RD,15:00-17:59,1,0
N,PROPERTY DAMAGE ONLY,\N,N,2025,MONDAY,UNDETERMINED,N,N,51.311426,-116.970806,Y,MARCH,N,GOLDEN,GOLDEN,GOLDEN,N,N,N,SOUTHERN INTERIOR,TRANS-CANADA HWY # 001000 TO 001148 even,HWY 1,HWY 1,15:00-17:59,1,0
N,PROPERTY DAMAGE ONLY,\N,N,2025,MONDAY,UNDETERMINED,N,N,53.888803,-122.769069,Y,MARCH,N,PRINCE GEORGE,PRINCE GEORGE,PRINCE GEORGE,Y,Y,N,NORTH CENTRAL,FERRY AVE # 002121 TO 002299 odd,FERRY AVE,FERRY AVE,15:00-17:59,1,0
N,PROPERTY DAMAGE ONLY,\N,N,2025,MONDAY,UNDETERMINED,N,N,53.899441,-122.789842,Y,MARCH,N,PRINCE GEORGE,PRINCE GEORGE,PRINCE GEORGE,Y,Y,N,NORTH CENTRAL,MASSEY DR # 003601 TO 003699 odd,MASSEY DR,MASSEY DR,15:00-17:59,1,0
N,PROPERTY DAMAGE ONLY,\N,N,2025,MONDAY,UNDETERMINED,N,N,53.908687,-122.781182,Y,MARCH,N,PRINCE GEORGE,PRINCE GEORGE,PRINCE GEORGE,N,N,N,NORTH CENTRAL,CENTRAL ST E # 001546 TO 001799,CENTRAL ST E,CENTRAL ST E,15:00-17:59,1,0
N,PROPERTY DAMAGE ONLY,\N,N,2025,MONDAY,UNDETERMINED,N,N,53.90899,-122.740845,Y,MARCH,N,PRINCE GEORGE,PRINCE GEORGE,PRINCE GEORGE,Y,Y,N,NORTH CENTRAL,INGLEDEW ST # 001600 TO 001699,INGLEDEW ST,INGLEDEW ST,15:00-17:59,1,0
N,PROPERTY DAMAGE ONLY,\N,N,2025,MONDAY,UNDETERMINED,N,N,54.230847,-125.761471,Y,MARCH,N,BURNS LAKE,BURNS LAKE,BURNS LAKE,Y,Y,N,NORTH CENTRAL,4TH AVE # 000050 TO 000149,4TH AVE,4TH AVE,15:00-17:59,1,0
N,PROPERTY DAMAGE ONLY,\N,N,2025,MONDAY,UNDETERMINED,N,N,54.270507,-125.806544,Y,MARCH,N,BURNS LAKE,BURNS LAKE,BURNS LAKE,Y,N,N,NORTH CENTRAL,WILLOWBROOK RD # 003162 TO 003248,WILLOWBROOK RD,WILLOWBROOK RD,15:00-17:59,1,0
N,PROPERTY DAMAGE ONLY,\N,N,2025,MONDAY,UNDETERMINED,N,N,54.508892,-128.545326,Y,MARCH,N,THORNHILL,THORNHILL,THORNHILL,Y,N,N,NORTH CENTRAL,OLD LAKELSE LAKE DR # 003900 TO 003999,OLD LAKELSE LAKE DR,OLD LAKELSE LAKE DR,15:00-17:59,1,0
N,PROPERTY DAMAGE ONLY,\N,N,2025,MONDAY,UNDETERMINED,N,N,55.755522,-120.237522,Y,MARCH,N,DAWSON CREEK,DAWSON CREEK,DAWSON CREEK,N,N,N,NORTH CENTRAL,13 ST # 010518 TO 010699,13 ST,13 ST,15:00-17:59,1,0
N,PROPERTY DAMAGE ONLY,\N,N,2025,MONDAY,UNDETERMINED,N,N,55.766753,-120.242672,Y,MARCH,N,DAWSON CREEK,DAWSON CREEK,DAWSON CREEK,Y,N,N,NORTH CENTRAL,96 AVE # 001420 TO 001499,96 AVE,96 AVE,15:00-17:59,1,0
N,PROPERTY DAMAGE ONLY,\N,N,2025,MONDAY,UNDETERMINED,Y,N,\N,\N,N,MARCH,N,SAANICH,SAANICH,\N,N,N,N,VANCOUVER ISLAND,UNKNOWN,OAK ST,OAK ST,15:00-17:59,1,0
N,PROPERTY DAMAGE ONLY,\N,N,2025,MONDAY,UNDETERMINED,Y,N,\N,\N,N,MARCH,N,UNKNOWN,UNKNOWN,\N,N,N,N,UNKNOWN,UNKNOWN,S FEDERAL WAY,S FEDERAL WAY,15:00-17:59,1,0
N,PROPERTY DAMAGE ONLY,100 AVE,N,2025,MONDAY,REAR END,N,Y,49.184272,-122.845453,N,MARCH,N,SURREY,SURREY,SURREY,N,N,N,LOWER MAINLAND,100 AVE & KING GEORGE BLVD & OLD YALE RD,KING GEORGE BLVD,KING GEORGE BLVD,15:00-17:59,1,0
N,PROPERTY DAMAGE ONLY,101 AVE,N,2025,MONDAY,SINGLE VEHICLE,N,Y,55.761152,-120.250514,N,MARCH,N,DAWSON CREEK,DAWSON CREEK,DAWSON CREEK,N,N,N,NORTH CENTRAL,101 AVE & 17 ST,17 ST,17 ST,15:00-17:59,1,0
N,PROPERTY DAMAGE ONLY,115 AVE,N,2025,MONDAY,SIDE IMPACT,N,N,\N,\N,N,MARCH,N,SURREY,SURREY,\N,N,Y,N,LOWER MAINLAND,UNKNOWN,130 ST,130 ST,15:00-17:59,1,0
N,PROPERTY DAMAGE ONLY,120 ST,N,2025,MONDAY,CONFLICTED,N,Y,49.1761,-122.890182,N,MARCH,N,DELTA,DELTA,DELTA & SURREY,N,N,N,LOWER MAINLAND,120 ST & 95A AVE,95A AVE,95A AVE,15:00-17:59,1,0
N,PROPERTY DAMAGE ONLY,120 ST,N,2025,MONDAY,REAR TO REAR,N,Y,49.11933,-122.890416,N,MARCH,N,DELTA,DELTA,DELTA & SURREY,N,Y,N,LOWER MAINLAND,120 ST & 64 AVE,64 AVE,64 AVE,15:00-17:59,1,0
N,PROPERTY DAMAGE ONLY,128 ST,N,2025,MONDAY,SIDE IMPACT,N,Y,49.148132,-122.867974,N,MARCH,N,SURREY,SURREY,SURREY,N,N,N,LOWER MAINLAND,128 ST & 80 AVE,80 AVE,80 AVE,15:00-17:59,1,0
N,PROPERTY DAMAGE ONLY,128 ST,N,2025,MONDAY,SIDE SWIPE - OPPOSITE DIRECTION,N,Y,49.119119,-122.867841,N,MARCH,N,SURREY,SURREY,SURREY,N,N,N,LOWER MAINLAND,128 ST & 64 AVE,64 AVE,64 AVE,15:00-17:59,1,0
N,PROPERTY DAMAGE ONLY,133 ST,N,2025,MONDAY,UNDETERMINED,N,Y,49.123222,-122.854491,N,MARCH,N,SURREY,SURREY,SURREY,Y,N,N,LOWER MAINLAND,133 ST & 66A AVE,66A AVE,66A AVE,15:00-17:59,1,0
N,PROPERTY DAMAGE ONLY,137A ST,N,2025,MONDAY,REAR END,N,Y,49.187791,-122.841196,N,MARCH,N,SURREY,SURREY,SURREY,Y,N,N,LOWER MAINLAND,102 AVE & 102A AVE & 137A ST,102 AVE,102 AVE,15:00-17:59,1,0
N,PROPERTY DAMAGE ONLY,139 ST,N,2025,MONDAY,SINGLE VEHICLE,N,N,\N,\N,N,MARCH,N,SURREY,SURREY,\N,N,N,N,LOWER MAINLAND,UNKNOWN,105 AVE,105 AVE,15:00-17:59,1,0
N,PROPERTY DAMAGE ONLY,140 ST,N,2025,MONDAY,REAR END,N,Y,49.178795,-122.834372,N,MARCH,N,SURREY,SURREY,SURREY,N,N,N,LOWER MAINLAND,140 ST & FRASER HWY,FRASER HWY,FRASER HWY,15:00-17:59,1,0
N,PROPERTY DAMAGE ONLY,144 ST,N,2025,MONDAY,SIDE SWIPE - SAME DIRECTION,N,Y,49.162858,-122.823427,N,MARCH,N,SURREY,SURREY,SURREY,N,N,N,LOWER MAINLAND,144 ST & 88 AVE,88 AVE,88 AVE,15:00-17:59,1,0
N,PROPERTY DAMAGE ONLY,146 ST,N,2025,MONDAY,REAR END,N,Y,49.119135,-122.817729,N,MARCH,N,SURREY,SURREY,SURREY,N,N,N,LOWER MAINLAND,146 ST & 64 AVE,64 AVE,64 AVE,15:00-17:59,1,0
N,PROPERTY DAMAGE ONLY,148 ST,N,2025,MONDAY,REAR END,N,Y,49.19306,-122.812461,N,MARCH,N,SURREY,SURREY,SURREY,N,N,N,LOWER MAINLAND,105 AVE & 148 ST,105 AVE,105 AVE,15:00-17:59,1,0
N,PROPERTY DAMAGE ONLY,152 ST,N,2025,MONDAY,SIDE IMPACT,N,Y,49.162842,-122.801493,N,MARCH,N,SURREY,SURREY,SURREY,N,N,N,LOWER MAINLAND,152 ST & 88 AVE,88 AVE,88 AVE,15:00-17:59,1,0
N,PROPERTY DAMAGE ONLY,154 ST,N,2025,MONDAY,CONFLICTED,N,Y,49.191514,-122.795304,N,MARCH,N,SURREY,SURREY,SURREY,N,N,N,LOWER MAINLAND,104 AVE & 154 ST,104 AVE,104 AVE,15:00-17:59,1,0
N,PROPERTY DAMAGE ONLY,160 ST,N,2025,MONDAY,SIDE IMPACT,N,Y,49.176897,-122.778867,N,MARCH,N,SURREY,SURREY,SURREY,N,N,N,LOWER MAINLAND,160 ST & 96 AVE,96 AVE,96 AVE,15:00-17:59,1,0
N,PROPERTY DAMAGE ONLY,161 ST,N,2025,MONDAY,UNDETERMINED,N,Y,49.155458,-122.775976,N,MARCH,N,SURREY,SURREY,SURREY,N,N,N,LOWER MAINLAND,161 ST & 84 AVE,84 AVE,84 AVE,15:00-17:59,1,0
N,PROPERTY DAMAGE ONLY,170A ST,N,2025,MONDAY,SIDE SWIPE - SAME DIRECTION,N,Y,49.191567,-122.750113,N,MARCH,N,SURREY,SURREY,SURREY,N,N,N,LOWER MAINLAND,104 AVE & 170A ST,104 AVE,104 AVE,15:00-17:59,1,0
N,PROPERTY DAMAGE ONLY,176 ST,N,2025,MONDAY,REAR END,Y,Y,49.060147,-122.735396,N,MARCH,N,SURREY,SURREY,SURREY,N,N,N,LOWER MAINLAND,176 ST & 32 AVE & TURNING LANE,32 AVE,32 AVE,15:00-17:59,1,0
N,PROPERTY DAMAGE ONLY,188 ST,N,2025,MONDAY,REAR END,N,Y,49.104152,-122.701651,N,MARCH,N,SURREY,SURREY,SURREY,N,N,N,LOWER MAINLAND,188 ST & 56 AVE,HWY 10,HWY 10,15:00-17:59,1,0
N,PROPERTY DAMAGE ONLY,192 ST,N,2025,MONDAY,REAR END,N,Y,49.181041,-122.690324,N,MARCH,N,SURREY,SURREY,SURREY,N,N,N,LOWER MAINLAND,192 ST & GOLDEN EARS WAY & TURNING LANE,GOLDEN EARS WAY,GOLDEN EARS WAY,15:00-17:59,1,0
N,PROPERTY DAMAGE ONLY,193A ST,N,2025,MONDAY,SIDE SWIPE - SAME DIRECTION,N,Y,49.123621,-122.68752,N,MARCH,N,SURREY,SURREY,SURREY,N,N,N,LOWER MAINLAND,193A ST & 66 AVE,66 AVE,66 AVE,15:00-17:59,1,0
N,PROPERTY DAMAGE ONLY,194B ST,N,2025,MONDAY,SIDE IMPACT,N,Y,49.225603,-122.682001,N,MARCH,N,PITT MEADOWS,PITT MEADOWS,PITT MEADOWS,N,N,N,LOWER MAINLAND,194B ST & PARK RD,PARK RD,PARK RD,15:00-17:59,1,0
N,PROPERTY DAMAGE ONLY,196 ST,N,2025,MONDAY,CONFLICTED,N,Y,49.104343,-122.67989,N,MARCH,N,LANGLEY,LANGLEY,LANGLEY & SURREY,N,N,N,LOWER MAINLAND,196 ST & 56 AVE & TURNING LANE,56 AVE,56 AVE,15:00-17:59,1,0
N,PROPERTY DAMAGE ONLY,196 ST,N,2025,MONDAY,REAR END,N,Y,49.119071,-122.679946,N,MARCH,N,LANGLEY,LANGLEY,LANGLEY & SURREY,N,N,N,LOWER MAINLAND,196 ST & 64 AVE,64 AVE,64 AVE,15:00-17:59,1,0
N,PROPERTY DAMAGE ONLY,200 ST,N,2025,MONDAY,CONFLICTED,N,Y,49.104342,-122.668826,N,MARCH,N,LANGLEY,LANGLEY,LANGLEY,N,N,N,LOWER MAINLAND,200 ST & 56 AVE,56 AVE,56 AVE,15:00-17:59,1,0
N,PROPERTY DAMAGE ONLY,200 ST,N,2025,MONDAY,CONFLICTED,N,Y,49.116745,-122.66857,N,MARCH,N,LANGLEY,LANGLEY,LANGLEY,N,N,N,LOWER MAINLAND,200 ST & WILLOWBROOK DR & TURNING LANE,WILLOWBROOK DR,WILLOWBROOK DR,15:00-17:59,1,0
N,PROPERTY DAMAGE ONLY,200 ST,N,2025,MONDAY,SIDE SWIPE - SAME DIRECTION,N,N,\N,\N,N,MARCH,N,LANGLEY,LANGLEY,\N,N,N,N,LOWER MAINLAND,UNKNOWN,56AVE,56AVE,15:00-17:59,1,0
N,PROPERTY DAMAGE ONLY,202 ST,N,2025,MONDAY,UNDETERMINED,N,Y,49.174258,-122.665357,N,MARCH,N,LANGLEY,LANGLEY,LANGLEY,Y,N,N,LOWER MAINLAND,201 ST & 202 ST & TURNING LANE,201 ST,201 ST,15:00-17:59,1,0
N,PROPERTY DAMAGE ONLY,203 ST,N,2025,MONDAY,REAR END,N,Y,49.23238,-122.656702,N,MARCH,N,MAPLE RIDGE,MAPLE RIDGE,MAPLE RIDGE & PITT MEADOWS,N,N,N,LOWER MAINLAND,203 ST & GOLDEN EARS WAY,GOLDEN EARS WAY,GOLDEN EARS WAY,15:00-17:59,1,0
N,PROPERTY DAMAGE ONLY,204 ST,N,2025,MONDAY,SIDE IMPACT,N,Y,49.108765,-122.660074,N,MARCH,N,LANGLEY,LANGLEY,LANGLEY,N,N,N,LOWER MAINLAND,203 ST & 204 ST & DUNCAN WAY & LOGAN AVE & TURNING LANE,LOGAN AVE,LOGAN AVE,15:00-17:59,1,0
N,PROPERTY DAMAGE ONLY,216 ST,N,2025,MONDAY,SIDE SWIPE - OPPOSITE DIRECTION,N,Y,49.052947,-122.624941,N,MARCH,N,LANGLEY,LANGLEY,LANGLEY,N,N,N,LOWER MAINLAND,216 ST & 28 AVE,28 AVE,28 AVE,15:00-17:59,1,0
N,PROPERTY DAMAGE ONLY,21ST ST,N,2025,MONDAY,SIDE IMPACT,N,Y,49.340029,-123.167992,N,MARCH,N,WEST VANCOUVER,WEST VANCOUVER,WEST VANCOUVER,N,N,N,LOWER MAINLAND,21ST ST & OTTAWA AVE,OTTAWA AVE,OTTAWA AVE,15:00-17:59,1,0
N,PROPERTY DAMAGE ONLY,224 ST,N,2025,MONDAY,SIDE SWIPE - SAME DIRECTION,N,Y,49.216929,-122.601543,N,MARCH,N,MAPLE RIDGE,MAPLE RIDGE,MAPLE RIDGE,Y,N,N,LOWER MAINLAND,224 ST & LOUGHEED HWY,LOUGHEED HWY,LOUGHEED HWY,15:00-17:59,1,0
N,PROPERTY DAMAGE ONLY,24 AVE,N,2025,MONDAY,REAR END,N,Y,49.045565,-122.782808,N,MARCH,N,SURREY,SURREY,SURREY,N,N,N,LOWER MAINLAND,24 AVE & CROYDON DR,CROYDON DR,CROYDON DR,15:00-17:59,1,0
N,PROPERTY DAMAGE ONLY,24 AVE,N,2025,MONDAY,REAR TO REAR,N,Y,49.045561,-122.779205,N,MARCH,N,SURREY,SURREY,SURREY,Y,Y,N,LOWER MAINLAND,160 ST & 24 AVE,160 ST,160 ST,15:00-17:59,1,0
N,PROPERTY DAMAGE ONLY,3 ROAD,N,2025,MONDAY,REAR END,N,N,\N,\N,N,MARCH,N,RICHMOND,RICHMOND,\N,N,N,N,LOWER MAINLAND,UNKNOWN,WILLIAMS,WILLIAMS,15:00-17:59,1,0
N,PROPERTY DAMAGE ONLY,40A AVE,N,2025,MONDAY,UNDETERMINED,N,Y,49.076086,-122.669504,N,MARCH,N,LANGLEY,LANGLEY,LANGLEY,N,N,N,LOWER MAINLAND,200 ST & 40A AVE,200 ST,200 ST,15:00-17:59,1,0
N,PROPERTY DAMAGE ONLY,54A ST,N,2025,MONDAY,SIDE SWIPE - SAME DIRECTION,N,Y,49.024695,-123.0728,N,MARCH,N,DELTA,DELTA,DELTA,N,N,N,LOWER MAINLAND,12 AVE & 54A ST,12 AVE,12 AVE,15:00-17:59,1,0
N,PROPERTY DAMAGE ONLY,55 AVE,N,2025,MONDAY,SIDE IMPACT,N,Y,49.102064,-122.67439,N,MARCH,N,LANGLEY,LANGLEY,LANGLEY,Y,N,N,LOWER MAINLAND,198 ST & 55 AVE,198 ST,198 ST,15:00-17:59,1,0
N,PROPERTY DAMAGE ONLY,55A AVE,N,2025,MONDAY,SIDE SWIPE - SAME DIRECTION,N,Y,49.103212,-122.668865,N,MARCH,N,LANGLEY,LANGLEY,LANGLEY,N,N,N,LOWER MAINLAND,200 ST & 55A AVE,200 ST,200 ST,15:00-17:59,1,0
N,PROPERTY DAMAGE ONLY,5TH AVE,N,2025,MONDAY,REAR END,N,Y,53.920612,-122.781668,N,MARCH,N,PRINCE GEORGE,PRINCE GEORGE,PRINCE GEORGE,N,N,N,NORTH CENTRAL,5TH AVE & CENTRAL ST E & HWY 97 S & TURNING LANE,HWY 97,HWY 97,15:00-17:59,1,0
N,PROPERTY DAMAGE ONLY,64 AVE,N,2025,MONDAY,UNDETERMINED,N,Y,49.119443,-122.690253,N,MARCH,N,SURREY,SURREY,SURREY,N,N,N,LOWER MAINLAND,192 ST & 64 AVE,192 ST,192 ST,15:00-17:59,1,0
N,PROPERTY DAMAGE ONLY,66 AVE,N,2025,MONDAY,REAR END,N,Y,49.122543,-122.701703,N,MARCH,N,SURREY,SURREY,SURREY,N,N,N,LOWER MAINLAND,188 ST & 66 AVE,188 ST,188 ST,15:00-17:59,1,0
N,PROPERTY DAMAGE ONLY,66 AVE,N,2025,MONDAY,REAR END,N,Y,49.123004,-122.890373,N,MARCH,N,DELTA,DELTA,DELTA & SURREY,N,N,N,LOWER MAINLAND,120 ST & 66 AVE,120 ST,120 ST,15:00-17:59,1,0
N,PROPERTY DAMAGE ONLY,67 AVE,N,2025,MONDAY,SIDE IMPACT,N,Y,49.124268,-122.851098,N,MARCH,N,SURREY,SURREY,SURREY,N,N,N,LOWER MAINLAND,134 ST & 67 AVE,134 ST,134 ST,15:00-17:59,1,0
N,PROPERTY DAMAGE ONLY,68 AVE,N,2025,MONDAY,SIDE IMPACT,N,Y,49.126498,-122.86220900000001,N,MARCH,N,SURREY,SURREY,SURREY,N,N,N,LOWER MAINLAND,130 ST & 68 AVE,130 ST,130 ST,15:00-17:59,1,0
N,PROPERTY DAMAGE ONLY,70A AVE,N,2025,MONDAY,SINGLE VEHICLE,N,Y,49.130279,-122.845563,N,MARCH,N,SURREY,SURREY,SURREY,N,Y,N,LOWER MAINLAND,70A AVE & KING GEORGE BLVD,KING GEORGE BLVD,KING GEORGE BLVD,15:00-17:59,1,0
N,PROPERTY DAMAGE ONLY,72 AVE,N,2025,MONDAY,SINGLE VEHICLE,N,Y,49.133735,-122.823337,N,MARCH,N,SURREY,SURREY,SURREY,N,N,N,LOWER MAINLAND,144 ST & 72 AVE,144 ST,144 ST,15:00-17:59,1,0
N,PROPERTY DAMAGE ONLY,76 AVE,N,2025,MONDAY,REAR END,N,Y,49.140886,-122.851206,N,MARCH,N,SURREY,SURREY,SURREY,N,N,N,LOWER MAINLAND,134 ST & 76 AVE,134 ST,134 ST,15:00-17:59,1,0
N,PROPERTY DAMAGE ONLY,79 AVE,N,2025,MONDAY,UNDETERMINED,N,Y,49.14642,-122.867959,N,MARCH,N,SURREY,SURREY,SURREY,N,N,N,LOWER MAINLAND,128 ST & 79 AVE,128 ST,128 ST,15:00-17:59,1,0
N,PROPERTY DAMAGE ONLY,80 AVE,N,2025,MONDAY,REAR END,N,Y,49.148166,-122.856771,N,MARCH,N,SURREY,SURREY,SURREY,N,N,N,LOWER MAINLAND,132 ST & 80 AVE,132 ST,132 ST,15:00-17:59,1,0
N,PROPERTY DAMAGE ONLY,80 AVE,N,2025,MONDAY,REAR END,N,Y,49.1486,-122.890378,N,MARCH,N,DELTA,DELTA,DELTA & SURREY,N,N,N,LOWER MAINLAND,120 ST & 80 AVE,120 ST,120 ST,15:00-17:59,1,0
N,PROPERTY DAMAGE ONLY,82 AVE,Y,2025,MONDAY,SINGLE VEHICLE,N,Y,49.152226,-122.888541,N,MARCH,N,SURREY,SURREY,SURREY,N,N,N,LOWER MAINLAND,120A ST & 82 AVE,120A ST,120A ST,15:00-17:59,1,0
N,PROPERTY DAMAGE ONLY,84 AVE,N,2025,MONDAY,CONFLICTED,N,Y,49.155496,-122.790141,N,MARCH,N,SURREY,SURREY,SURREY,N,Y,N,LOWER MAINLAND,156 ST & 84 AVE,156 ST,156 ST,15:00-17:59,1,0
N,PROPERTY DAMAGE ONLY,84 AVE,N,2025,MONDAY,REAR END,N,Y,49.15802,-122.926587,N,MARCH,N,DELTA,DELTA,DELTA,N,N,N,LOWER MAINLAND,84 AVE & NORDEL WAY & TURNING LANE,NORDEL WAY,NORDEL WAY,15:00-17:59,1,0
N,PROPERTY DAMAGE ONLY,84 AVE,N,2025,MONDAY,UNDETERMINED,Y,Y,49.155514,-122.834619,N,MARCH,N,SURREY,SURREY,SURREY,N,N,N,LOWER MAINLAND,140 ST & 84 AVE,140 ST,140 ST,15:00-17:59,1,0
N,PROPERTY DAMAGE ONLY,88 AVE,N,2025,MONDAY,CONFLICTED,N,Y,49.163208,-122.890341,N,MARCH,N,DELTA,DELTA,DELTA & SURREY,Y,Y,N,LOWER MAINLAND,120 ST & 88 AVE,SCOTT RD,SCOTT RD,15:00-17:59,1,0
N,PROPERTY DAMAGE ONLY,88 AVE,N,2025,MONDAY,SIDE IMPACT,N,Y,49.162877,-122.799735,N,MARCH,N,SURREY,SURREY,SURREY,N,N,N,LOWER MAINLAND,152A ST & 88 AVE,152A ST,152A ST,15:00-17:59,1,0
N,PROPERTY DAMAGE ONLY,90 AVE,N,2025,MONDAY,REAR END,N,Y,49.166471,-122.812356,N,MARCH,N,SURREY,SURREY,SURREY,N,N,N,LOWER MAINLAND,148 ST & 90 AVE,148 ST,148 ST,15:00-17:59,1,0
N,PROPERTY DAMAGE ONLY,93 AVE,N,2025,MONDAY,SIDE IMPACT,N,Y,49.171821,-122.801209,N,MARCH,N,SURREY,SURREY,SURREY,N,N,N,LOWER MAINLAND,152 ST & 93 AVE,152 ST,152 ST,15:00-17:59,1,0
N,PROPERTY DAMAGE ONLY,96 AVE,N,2025,MONDAY,REAR END,N,Y,49.176959,-122.669433,N,MARCH,N,LANGLEY,LANGLEY,LANGLEY,N,N,N,LOWER MAINLAND,199A ST & 200 ST & 96 AVE,200 ST,200 ST,15:00-17:59,1,0
N,PROPERTY DAMAGE ONLY,96A ST,N,2025,MONDAY,SIDE IMPACT,N,Y,56.239095,-120.840692,N,MARCH,N,FORT ST. JOHN,FORT ST. JOHN,FORT ST. JOHN,N,N,N,NORTH CENTRAL,93 AVE & 96 ST & 96A ST,93 AVE,93 AVE,15:00-17:59,1,0
N,PROPERTY DAMAGE ONLY,98 AVE,N,2025,MONDAY,SIDE IMPACT,N,Y,49.180535,-122.845559,N,MARCH,N,SURREY,SURREY,SURREY,N,N,N,LOWER MAINLAND,98 AVE & FRASER HWY & KING GEORGE BLVD & TURNING LANE,FRASER HWY,FRASER HWY,15:00-17:59,1,0
N,PROPERTY DAMAGE ONLY,98 AVE,N,2025,MONDAY,SINGLE VEHICLE,N,Y,49.18079,-122.86227,N,MARCH,N,SURREY,SURREY,SURREY,N,N,N,LOWER MAINLAND,130 ST & 98 AVE,130 ST,130 ST,15:00-17:59,1,0
N,PROPERTY DAMAGE ONLY,ALBERTA ST,N,2025,MONDAY,SIDE IMPACT,N,Y,49.263145,-123.110952,N,MARCH,N,VANCOUVER,VANCOUVER,VANCOUVER,N,N,N,LOWER MAINLAND,ALBERTA ST & W BROADWAY,W BROADWAY,W BROADWAY,15:00-17:59,1,0
N,PROPERTY DAMAGE ONLY,ALDERBRIDGE WAY,N,2025,MONDAY,REAR END,N,Y,49.177122,-123.102929,N,MARCH,N,RICHMOND,RICHMOND,RICHMOND,N,N,N,LOWER MAINLAND,ALDERBRIDGE WAY & HWY 91 & SHELL RD & TURNING LANE,SHELL RD,SHELL RD,15:00-17:59,1,0
N,PROPERTY DAMAGE ONLY,ALEX FRASER BRIDGE,N,2025,MONDAY,REAR END,N,Y,49.170914,-122.951312,N,MARCH,N,DELTA,DELTA,DELTA & RICHMOND,N,N,N,LOWER MAINLAND,ALEX FRASER BRIDGE & CLIVEDEN AVE & CLIVEDEN AVE OFFRAMP & CLIVEDEN AVE ONRAMP & HWY 91,HWY 91,HWY 91,15:00-17:59,1,0
N,PROPERTY DAMAGE ONLY,ANZIO DR,N,2025,MONDAY,SIDE IMPACT,N,Y,49.252306,-123.03381,N,MARCH,N,VANCOUVER,VANCOUVER,VANCOUVER,N,N,N,LOWER MAINLAND,ANZIO DR & E 20TH AVE & RUPERT ST,RUPERT ST,RUPERT ST,15:00-17:59,1,0
N,PROPERTY DAMAGE ONLY,ARBUTUS ST,N,2025,MONDAY,UNDETERMINED,Y,Y,49.263821,-123.152938,N,MARCH,N,VANCOUVER,VANCOUVER,VANCOUVER,N,N,N,LOWER MAINLAND,ARBUTUS ST & W BROADWAY,W BROADWAY,W BROADWAY,15:00-17:59,1,0
N,PROPERTY DAMAGE ONLY,ARROWSTONE DR,N,2025,MONDAY,SIDE IMPACT,N,Y,50.666782,-120.351907,N,MARCH,N,KAMLOOPS,KAMLOOPS,KAMLOOPS,N,N,N,SOUTHERN INTERIOR,ARROWSTONE DR & SUMMIT DR & MALL ACCESS,SUMMIT DR,SUMMIT DR,15:00-17:59,1,0
N,PROPERTY DAMAGE ONLY,ARTHUR LAING BRIDGE,N,2025,MONDAY,CONFLICTED,N,Y,49.192621,-123.14231,N,MARCH,N,RICHMOND,RICHMOND,RICHMOND,N,N,N,LOWER MAINLAND,AIRPORT CONNECTOR BRIDGE & AIRPORT STATION & ARTHUR LAING BRIDGE & BRIDGEPORT RD & CESSNA DR & CESSNA DR OFRP & GRANT MCCONACHIE WAY & GRANT MCCONACHIE WAY OFRP & GRANT MCCONACHIE WAY ONRP & MILLER RD & RUSS BAKER WAY & RUSS BAKER WAY OFRP & RUSS BAKER W,GRANT MCCONACHIE WAY,GRANT MCCONACHIE WAY,15:00-17:59,1,0
N,PROPERTY DAMAGE ONLY,ARTHUR LAING BRIDGE,N,2025,MONDAY,REAR END,N,Y,49.202322,-123.134613,N,MARCH,N,VANCOUVER,VANCOUVER,VANCOUVER,N,N,N,LOWER MAINLAND,ARTHUR LAING BRIDGE & GRANVILLE ST OFFRAMP & GRANVILLE ST ONRAMP & SW MARINE DR & SW MARINE DR OFFRAMP & SW MARINE DR ONRAMP,SW MARINE DR,SW MARINE DR,15:00-17:59,1,0
N,PROPERTY DAMAGE ONLY,BALACLAVA ST,N,2025,MONDAY,REAR END,N,Y,49.22908,-123.175831,N,MARCH,N,VANCOUVER,VANCOUVER,VANCOUVER,N,N,N,LOWER MAINLAND,BALACLAVA ST & SW MARINE DR,SW MARINE DR,SW MARINE DR,15:00-17:59,1,0
N,PROPERTY DAMAGE ONLY,BALFOUR DR,N,2025,MONDAY,SIDE IMPACT,N,Y,49.063861,-122.33804,N,MARCH,N,ABBOTSFORD,ABBOTSFORD,ABBOTSFORD,N,N,N,LOWER MAINLAND,BALFOUR DR & CLEARBROOK RD,CLEARBROOK RD,CLEARBROOK RD,15:00-17:59,1,0
N,PROPERTY DAMAGE ONLY,BARNET HWY,N,2025,MONDAY,REAR END,N,Y,49.277438,-122.826956,N,MARCH,N,PORT MOODY,PORT MOODY,PORT MOODY,N,N,N,LOWER MAINLAND,BARNET HWY & BARNET SERVICE RD & IOCO RD & ST JOHNS ST & ACCESS ROAD & TURNING LANE,ST JOHNS ST,ST JOHNS ST,15:00-17:59,1,0
N,PROPERTY DAMAGE ONLY,BEAVER LAKE ROAD,N,2025,MONDAY,SIDE IMPACT,N,N,\N,\N,N,MARCH,N,LAKE COUNTRY,LAKE COUNTRY,\N,N,N,N,SOUTHERN INTERIOR,UNKNOWN,MAIN STREET,MAIN STREET,15:00-17:59,1,0
N,PROPERTY DAMAGE ONLY,BECKWITH RD,N,2025,MONDAY,SIDE IMPACT,Y,Y,49.19379,-123.124434,N,MARCH,N,RICHMOND,RICHMOND,RICHMOND,N,N,N,LOWER MAINLAND,BECKWITH RD & GREAT CANADIAN WAY,GREAT CANADIAN WAY,GREAT CANADIAN WAY,15:00-17:59,1,0
N,PROPERTY DAMAGE ONLY,BLANSHARD ST,N,2025,MONDAY,REAR END,N,Y,48.423515,-123.362685,N,MARCH,N,VICTORIA,VICTORIA,VICTORIA,N,N,N,VANCOUVER ISLAND,BLANSHARD ST & BROUGHTON ST,BROUGHTON ST,BROUGHTON ST,15:00-17:59,1,0
N,PROPERTY DAMAGE ONLY,BLENHEIM ST,N,2025,MONDAY,CONFLICTED,N,Y,49.246153,-123.178596,N,MARCH,N,VANCOUVER,VANCOUVER,VANCOUVER,N,N,N,LOWER MAINLAND,BLENHEIM ST & W 29TH AVE,W 29TH AVE,W 29TH AVE,15:00-17:59,1,0
N,PROPERTY DAMAGE ONLY,BOUNDARY RD,N,2025,MONDAY,REAR END,N,Y,53.906993,-122.679462,N,MARCH,N,PRINCE GEORGE,PRINCE GEORGE,PRINCE GEORGE,N,N,N,NORTH CENTRAL,BOUNDARY RD & HWY 16 E & SABRE RD & TURNING LANE,HWY 16,HWY 16,15:00-17:59,1,0
N,PROPERTY DAMAGE ONLY,BOUNDARY RD,N,2025,MONDAY,SIDE IMPACT,N,Y,49.232291,-123.023537,N,MARCH,N,BURNABY,BURNABY,BURNABY & VANCOUVER,N,N,N,LOWER MAINLAND,BOUNDARY RD & KINGSWAY & TURNING LANE,KINGSWAY,KINGSWAY,15:00-17:59,1,0
N,PROPERTY DAMAGE ONLY,BOUNDARY RD,N,2025,MONDAY,UNDETERMINED,N,Y,49.253309,-123.02365,N,MARCH,N,BURNABY,BURNABY,BURNABY & VANCOUVER,N,N,N,LOWER MAINLAND,BOUNDARY RD & LINWOOD ST,LINWOOD ST,LINWOOD ST,15:00-17:59,1,0
N,PROPERTY DAMAGE ONLY,BOWEN RD,N,2025,MONDAY,SIDE IMPACT,Y,Y,49.199844,-123.99915,N,MARCH,N,NANAIMO,NANAIMO,NANAIMO,N,Y,N,VANCOUVER ISLAND,BOWEN RD & LABIEUX RD & TURNING LANE,LABIEUX RD,LABIEUX RD,15:00-17:59,1,0
N,PROPERTY DAMAGE ONLY,BRIDGEVIEW DR,N,2025,MONDAY,REAR END,N,Y,49.213211,-122.861854,N,MARCH,N,SURREY,SURREY,SURREY,N,N,N,LOWER MAINLAND,130 ST & BRIDGEVIEW DR & BRIDGEVIEW DR OFFRAMP & BRIDGEVIEW DR ONRAMP & HWY 17,HWY 17,HWY 17,15:00-17:59,1,0
N,PROPERTY DAMAGE ONLY,BRIDGEVIEW DR,N,2025,MONDAY,SINGLE VEHICLE,N,Y,49.213211,-122.861854,N,MARCH,N,SURREY,SURREY,SURREY,N,N,N,LOWER MAINLAND,130 ST & BRIDGEVIEW DR & BRIDGEVIEW DR OFFRAMP & BRIDGEVIEW DR ONRAMP & HWY 17,HWY 17,HWY 17,15:00-17:59,1,0
N,PROPERTY DAMAGE ONLY,BROADWAY,N,2025,MONDAY,SINGLE VEHICLE,N,Y,49.261569,-122.964657,N,MARCH,N,BURNABY,BURNABY,BURNABY,N,N,N,LOWER MAINLAND,BROADWAY & SPERLING AVE,SPERLING AVE,SPERLING AVE,15:00-17:59,1,0
N,PROPERTY DAMAGE ONLY,BURR DR,N,2025,MONDAY,UNDETERMINED,N,Y,48.390924,-123.736456,N,MARCH,N,SOOKE,SOOKE,SOOKE,N,N,N,VANCOUVER ISLAND,BURR DR & OTTER POINT RD,OTTER POINT RD,OTTER POINT RD,15:00-17:59,1,0
N,PROPERTY DAMAGE ONLY,BURRARD ST,N,2025,MONDAY,SIDE IMPACT,N,Y,49.273172,-123.144127,N,MARCH,N,VANCOUVER,VANCOUVER,VANCOUVER,N,N,N,LOWER MAINLAND,BURRARD ST & BURRARD ST BRIDGE,BURRARD ST BRIDGE,BURRARD ST BRIDGE,15:00-17:59,1,0
N,PROPERTY DAMAGE ONLY,BURRARD ST,N,2025,MONDAY,UNDETERMINED,N,Y,49.260941,-123.145866,N,MARCH,N,VANCOUVER,VANCOUVER,VANCOUVER,N,N,N,LOWER MAINLAND,BURRARD ST & W 12TH AVE,W 12TH AVE,W 12TH AVE,15:00-17:59,1,0
N,PROPERTY DAMAGE ONLY,BURTCH RD,N,2025,MONDAY,REAR END,N,Y,49.876815,-119.465774,N,MARCH,N,KELOWNA,KELOWNA,KELOWNA,N,N,N,SOUTHERN INTERIOR,BURTCH RD & SPRINGFIELD RD,SPRINGFIELD RD,SPRINGFIELD RD,15:00-17:59,1,0
N,PROPERTY DAMAGE ONLY,BYRNE RD,N,2025,MONDAY,SIDE SWIPE - SAME DIRECTION,N,Y,49.204864,-122.976067,N,MARCH,N,BURNABY,BURNABY,BURNABY,N,N,N,LOWER MAINLAND,BYRNE RD & MARINE DR & SOUTHRIDGE DR & TURNING LANE,MARINE DR,MARINE DR,15:00-17:59,1,0
N,PROPERTY DAMAGE ONLY,CAMBIE RD,N,2025,MONDAY,CONFLICTED,N,Y,49.184567,-123.091518,N,MARCH,N,RICHMOND,RICHMOND,RICHMOND,N,N,N,LOWER MAINLAND,CAMBIE RD & NO 5 RD,NO 5 RD,NO 5 RD,15:00-17:59,1,0
N,PROPERTY DAMAGE ONLY,CANADA WAY,N,2025,MONDAY,SIDE SWIPE - SAME DIRECTION,N,Y,49.222847,-122.939384,N,MARCH,N,BURNABY,BURNABY,BURNABY,N,N,N,LOWER MAINLAND,18TH AVE & CANADA WAY,18TH AVE,18TH AVE,15:00-17:59,1,0
N,PROPERTY DAMAGE ONLY,CANOE PASS WAY,N,2025,MONDAY,REAR END,N,N,\N,\N,N,MARCH,N,DELTA,DELTA,\N,N,N,N,LOWER MAINLAND,UNKNOWN,SALISH SEA DR,SALISH SEA DR,15:00-17:59,1,0
N,PROPERTY DAMAGE ONLY,CAPILANO RD ONRAMP,N,2025,MONDAY,REAR END,N,Y,49.332551,-123.117171,N,MARCH,N,NORTH VANCOUVER,NORTH VANCOUVER,NORTH VANCOUVER,N,N,N,LOWER MAINLAND,BOWSER AVE & CAPILANO RD & CAPILANO RD OFFRAMP & CAPILANO RD ONRAMP & KEITH RD & TRANS-CANADA HWY & TURNING LANE,HWY 1,HWY 1,15:00-17:59,1,0
N,PROPERTY DAMAGE ONLY,CEDAR VALLEY CONNECTR,N,2025,MONDAY,SIDE IMPACT,N,Y,49.132934,-122.32613,N,MARCH,N,MISSION,MISSION,MISSION,N,N,N,LOWER MAINLAND,CEDAR VALLEY CONN & HWY 11 & LOUGHEED HWY & MALL ACCESS & TURNING LANE,HWY 11,HWY 11,15:00-17:59,1,0
N,PROPERTY DAMAGE ONLY,CENTRAL BLVD,N,2025,MONDAY,SIDE IMPACT,N,Y,49.227649,-123.007555,N,MARCH,N,BURNABY,BURNABY,BURNABY,N,N,N,LOWER MAINLAND,CENTRAL BLVD & WILLINGDON AVE,WILLINGDON AVE,WILLINGDON AVE,15:00-17:59,1,0
N,PROPERTY DAMAGE ONLY,CHESTER ST,N,2025,MONDAY,SIDE IMPACT,N,Y,49.211036,-123.089575,N,MARCH,N,VANCOUVER,VANCOUVER,VANCOUVER,N,N,N,LOWER MAINLAND,CHESTER ST & SE MARINE DR,SE MARINE DR,SE MARINE DR,15:00-17:59,1,0
N,PROPERTY DAMAGE ONLY,CHIEF LOUIS WAY,N,2025,MONDAY,SIDE IMPACT,Y,Y,50.709678,-120.326614,N,MARCH,N,KAMLOOPS IR NO 1,KAMLOOPS IR NO 1,KAMLOOPS IR NO 1,N,N,N,SOUTHERN INTERIOR,CHIEF LOUIS WAY & PAUL LAKE RD & TURNING LANE,PAUL LAKE RD,PAUL LAKE RD,15:00-17:59,1,0
N,PROPERTY DAMAGE ONLY,CHILLIWACK RIVER RD,N,2025,MONDAY,CONFLICTED,N,Y,49.118539,-121.938938,N,MARCH,N,CHILLIWACK,CHILLIWACK,CHILLIWACK,N,N,N,LOWER MAINLAND,BAILEY RD & CHILLIWACK RIVER RD,BAILEY RD,BAILEY RD,15:00-17:59,1,0
N,PROPERTY DAMAGE ONLY,CHISELHAMPTON ST,N,2025,MONDAY,REAR END,N,Y,49.239086,-122.961774,N,MARCH,N,BURNABY,BURNABY,BURNABY,N,N,N,LOWER MAINLAND,CANADA WAY & CHISELHAMPTON ST,CANADA WAY,CANADA WAY,15:00-17:59,1,0
N,PROPERTY DAMAGE ONLY,CHISHOLM ST,N,2025,MONDAY,SIDE SWIPE - SAME DIRECTION,N,Y,49.091672,-123.089275,N,MARCH,N,DELTA,DELTA,DELTA,N,N,N,LOWER MAINLAND,CHISHOLM ST & GEORGIA ST,GEORGIA ST,GEORGIA ST,15:00-17:59,1,0
N,PROPERTY DAMAGE ONLY,CLARK DR,N,2025,MONDAY,CONFLICTED,N,Y,49.276759,-123.077265,N,MARCH,N,VANCOUVER,VANCOUVER,VANCOUVER,Y,N,N,LOWER MAINLAND,CLARK DR & VENABLES ST,VENABLES ST,VENABLES ST,15:00-17:59,1,0
N,PROPERTY DAMAGE ONLY,CLEARBROOK RD,N,2025,MONDAY,CONFLICTED,N,Y,49.037752,-122.3377,N,MARCH,N,ABBOTSFORD,ABBOTSFORD,ABBOTSFORD,N,N,N,LOWER MAINLAND,CLEARBROOK RD & CLEARBROOK RD OFFRAMP & CLEARBROOK RD ONRAMP & MARSHALL RD & MARSHALL RD OFFRAMP & MARSHALL RD ONRAMP & TRANS-CANADA HWY & TURNING LANE,MARSHALL RD,MARSHALL RD,15:00-17:59,1,0
N,PROPERTY DAMAGE ONLY,CLIVEDEN AVE,N,2025,MONDAY,SIDE IMPACT,N,Y,49.170914,-122.951312,N,MARCH,N,DELTA,DELTA,DELTA & RICHMOND,N,N,N,LOWER MAINLAND,ALEX FRASER BRIDGE & CLIVEDEN AVE & CLIVEDEN AVE OFFRAMP & CLIVEDEN AVE ONRAMP & HWY 91,HWY 91,HWY 91,15:00-17:59,1,0
N,PROPERTY DAMAGE ONLY,COMMERCIAL DR,N,2025,MONDAY,SIDE IMPACT,N,Y,49.271372,-123.069625,N,MARCH,N,VANCOUVER,VANCOUVER,VANCOUVER,Y,N,N,LOWER MAINLAND,COMMERCIAL DR & GRANT ST,GRANT ST,GRANT ST,15:00-17:59,1,0
N,PROPERTY DAMAGE ONLY,COMOX VALLEY PKY,N,2025,MONDAY,REAR END,N,Y,49.639723000000004,-125.002655,N,MARCH,N,COURTENAY,COURTENAY,COURTENAY,N,N,N,VANCOUVER ISLAND,COMOX VALLEY PKY & MEMORIAL WAY & MINTO RD,MINTO RD,MINTO RD,15:00-17:59,1,0
N,PROPERTY DAMAGE ONLY,COOPER RD,N,2025,MONDAY,CONFLICTED,N,Y,49.877242,-119.443244,N,MARCH,N,KELOWNA,KELOWNA,KELOWNA,N,N,N,SOUTHERN INTERIOR,COOPER RD & SPRINGFIELD RD,SPRINGFIELD RD,SPRINGFIELD RD,15:00-17:59,1,0
N,PROPERTY DAMAGE ONLY,COOPER RD,N,2025,MONDAY,REAR END,N,Y,49.877242,-119.443244,N,MARCH,N,KELOWNA,KELOWNA,KELOWNA,N,N,N,SOUTHERN INTERIOR,COOPER RD & SPRINGFIELD RD,SPRINGFIELD RD,SPRINGFIELD RD,15:00-17:59,1,0
N,PROPERTY DAMAGE ONLY,CRABBE AVE,N,2025,MONDAY,SIDE SWIPE - SAME DIRECTION,N,Y,49.275268,-122.790487,N,MARCH,N,COQUITLAM,COQUITLAM,COQUITLAM & PORT COQUITLAM,N,N,N,LOWER MAINLAND,CRABBE AVE & KITCHENER AVE & WESTWOOD ST & WOODLAND DR,WESTWOOD ST,WESTWOOD ST,15:00-17:59,1,0
N,PROPERTY DAMAGE ONLY,CUMBERLAND ST,N,2025,MONDAY,CONFLICTED,N,Y,49.227292,-122.912147,N,MARCH,N,BURNABY,BURNABY,BURNABY & NEW WESTMINSTER,N,N,N,LOWER MAINLAND,10TH AVE & CUMBERLAND ST & E TENTH AVE,10TH AVE,10TH AVE,15:00-17:59,1,0
N,PROPERTY DAMAGE ONLY,CYPRESS ST,N,2025,MONDAY,SIDE SWIPE - SAME DIRECTION,N,Y,49.242052,-123.149436,N,MARCH,N,VANCOUVER,VANCOUVER,VANCOUVER,N,N,N,LOWER MAINLAND,CYPRESS ST & VALLEY DR & W 33RD AVE,W 33RD AVE,W 33RD AVE,15:00-17:59,1,0
N,PROPERTY DAMAGE ONLY,DAWSON ST,N,2025,MONDAY,REAR END,N,Y,49.264432,-123.003199,N,MARCH,N,BURNABY,BURNABY,BURNABY,N,N,N,LOWER MAINLAND,DAWSON ST & WILLINGDON AVE,WILLINGDON AVE,WILLINGDON AVE,15:00-17:59,1,0
N,PROPERTY DAMAGE ONLY,DEER LAKE PKY,N,2025,MONDAY,SIDE IMPACT,N,Y,49.245548,-122.974614,N,MARCH,N,BURNABY,BURNABY,BURNABY,N,N,N,LOWER MAINLAND,CANADA WAY & DEER LAKE PKY & NORLAND AVE,CANADA WAY,CANADA WAY,15:00-17:59,1,0
N,PROPERTY DAMAGE ONLY,DENMAN RD,N,2025,MONDAY,SINGLE VEHICLE,N,Y,49.534389,-124.758224,N,MARCH,N,DENMAN ISLAND,DENMAN ISLAND,DENMAN ISLAND,N,Y,N,VANCOUVER ISLAND,DENMAN RD & EAST RD,EAST RD,EAST RD,15:00-17:59,1,0
N,PROPERTY DAMAGE ONLY,DIAMOND CRES,N,2025,MONDAY,SIDE IMPACT,N,Y,49.302121,-122.816307,N,MARCH,N,COQUITLAM,COQUITLAM,COQUITLAM,N,N,N,LOWER MAINLAND,DIAMOND CRES & EAGLE MOUNTAIN DR,EAGLE MOUNTAIN DR,EAGLE MOUNTAIN DR,15:00-17:59,1,0
N,PROPERTY DAMAGE ONLY,DOGWOOD ST,N,2025,MONDAY,UNDETERMINED,N,Y,49.25481,-124.797829,N,MARCH,N,PORT ALBERNI,PORT ALBERNI,PORT ALBERNI,N,Y,N,VANCOUVER ISLAND,10TH AVE & DOGWOOD ST,10TH AVE,10TH AVE,15:00-17:59,1,0
N,PROPERTY DAMAGE ONLY,DOUGLAS FIR RD,N,2025,MONDAY,SINGLE VEHICLE,N,Y,49.709168,-114.893715,N,MARCH,N,SPARWOOD,SPARWOOD,SPARWOOD,N,N,N,SOUTHERN INTERIOR,DOUGLAS FIR RD & HWY 3 & INDUSTRIAL ACCESS,HWY 3,HWY 3,15:00-17:59,1,0
N,PROPERTY DAMAGE ONLY,DRAKE ST,N,2025,MONDAY,CONFLICTED,N,Y,49.278037,-123.130786,N,MARCH,N,VANCOUVER,VANCOUVER,VANCOUVER,N,N,N,LOWER MAINLAND,BURRARD ST & DRAKE ST & MAXINE LANE,BURRARD ST,BURRARD ST,15:00-17:59,1,0
N,PROPERTY DAMAGE ONLY,DUNDEE ST,N,2025,MONDAY,SIDE SWIPE - SAME DIRECTION,N,Y,49.237064,-123.047628,N,MARCH,N,VANCOUVER,VANCOUVER,VANCOUVER,Y,N,N,LOWER MAINLAND,DUNDEE ST & KINGSWAY & MOSS ST,KINGSWAY,KINGSWAY,15:00-17:59,1,0
N,PROPERTY DAMAGE ONLY,E 11TH AVE,N,2025,MONDAY,CONFLICTED,N,Y,49.260096,-123.023778,N,MARCH,N,VANCOUVER,VANCOUVER,VANCOUVER,N,N,N,LOWER MAINLAND,BOUNDARY RD & E 11TH AVE,BOUNDARY RD,BOUNDARY RD,15:00-17:59,1,0
N,PROPERTY DAMAGE ONLY,E 15TH ST,N,2025,MONDAY,CONFLICTED,N,Y,49.322069,-123.072318,N,MARCH,N,NORTH VANCOUVER,NORTH VANCOUVER,NORTH VANCOUVER,Y,N,N,LOWER MAINLAND,E 15TH ST & LONSDALE AVE & W 15TH ST,LONSDALE AVE,LONSDALE AVE,15:00-17:59,1,0
N,PROPERTY DAMAGE ONLY,E 20TH ST,N,2025,MONDAY,REAR END,N,Y,49.327252,-123.072188,N,MARCH,N,NORTH VANCOUVER,NORTH VANCOUVER,NORTH VANCOUVER,N,N,N,LOWER MAINLAND,E 20TH ST & LONSDALE AVE & W 20TH ST,LONSDALE AVE,LONSDALE AVE,15:00-17:59,1,0
N,PROPERTY DAMAGE ONLY,E 20TH ST,N,2025,MONDAY,UNDETERMINED,N,Y,49.327209,-123.069067,N,MARCH,N,NORTH VANCOUVER,NORTH VANCOUVER,NORTH VANCOUVER,N,N,N,LOWER MAINLAND,E 20TH ST & ST GEORGES AVE,ST GEORGES AVE,ST GEORGES AVE,15:00-17:59,1,0
N,PROPERTY DAMAGE ONLY,E 27TH AVE,N,2025,MONDAY,REAR END,N,Y,49.247228,-123.10115,N,MARCH,N,VANCOUVER,VANCOUVER,VANCOUVER,N,N,N,LOWER MAINLAND,E 27TH AVE & MAIN ST,MAIN ST,MAIN ST,15:00-17:59,1,0
N,PROPERTY DAMAGE ONLY,E 28TH AVE,N,2025,MONDAY,SIDE SWIPE - SAME DIRECTION,Y,Y,49.245848,-123.101254,N,MARCH,N,VANCOUVER,VANCOUVER,VANCOUVER,N,N,N,LOWER MAINLAND,E 28TH AVE & MAIN ST,MAIN ST,MAIN ST,15:00-17:59,1,0
N,PROPERTY DAMAGE ONLY,E 2ND ST,N,2025,MONDAY,SIDE IMPACT,N,Y,49.311335,-123.074771,N,MARCH,N,NORTH VANCOUVER,NORTH VANCOUVER,NORTH VANCOUVER,N,Y,N,LOWER MAINLAND,E 2ND ST & ST GEORGES AVE,ST GEORGES AVE,ST GEORGES AVE,15:00-17:59,1,0
N,PROPERTY DAMAGE ONLY,E 35TH AVE,N,2025,MONDAY,CONFLICTED,N,Y,49.238236,-123.065418,N,MARCH,N,VANCOUVER,VANCOUVER,VANCOUVER,N,N,N,LOWER MAINLAND,E 35TH AVE & VICTORIA DR,VICTORIA DR,VICTORIA DR,15:00-17:59,1,0
N,PROPERTY DAMAGE ONLY,E 41ST AVE,N,2025,MONDAY,UNDETERMINED,N,Y,49.232747,-123.065518,N,MARCH,N,VANCOUVER,VANCOUVER,VANCOUVER,Y,Y,N,LOWER MAINLAND,E 41ST AVE & VICTORIA DR,VICTORIA DR,VICTORIA DR,15:00-17:59,1,0
N,PROPERTY DAMAGE ONLY,E 47TH AVE,N,2025,MONDAY,CONFLICTED,N,Y,49.227363,-123.0907,N,MARCH,N,VANCOUVER,VANCOUVER,VANCOUVER,N,N,N,LOWER MAINLAND,E 47TH AVE & FRASER ST,FRASER ST,FRASER ST,15:00-17:59,1,0
N,PROPERTY DAMAGE ONLY,E 49TH AVE,N,2025,MONDAY,REAR END,N,Y,49.22528,-123.077324,N,MARCH,N,VANCOUVER,VANCOUVER,VANCOUVER,N,N,N,LOWER MAINLAND,E 49TH AVE & KNIGHT ST,KNIGHT ST,KNIGHT ST,15:00-17:59,1,0
N,PROPERTY DAMAGE ONLY,E 50TH AVE,N,2025,MONDAY,SIDE SWIPE - SAME DIRECTION,N,Y,49.224713,-123.101642,N,MARCH,N,VANCOUVER,VANCOUVER,VANCOUVER,Y,N,N,LOWER MAINLAND,E 50TH AVE & MAIN ST,MAIN ST,MAIN ST,15:00-17:59,1,0
N,PROPERTY DAMAGE ONLY,E 53RD AVE,N,2025,MONDAY,CONFLICTED,N,Y,49.221799,-123.077478,N,MARCH,N,VANCOUVER,VANCOUVER,VANCOUVER,N,N,N,LOWER MAINLAND,E 53RD AVE & KNIGHT ST,KNIGHT ST,KNIGHT ST,15:00-17:59,1,0
N,PROPERTY DAMAGE ONLY,E BROADWAY,N,2025,MONDAY,SIDE IMPACT,N,Y,49.262518,-123.094952,N,MARCH,N,VANCOUVER,VANCOUVER,VANCOUVER,N,N,N,LOWER MAINLAND,E BROADWAY & GUELPH ST,GUELPH ST,GUELPH ST,15:00-17:59,1,0
N,PROPERTY DAMAGE ONLY,EARLES ST,N,2025,MONDAY,SIDE SWIPE - OPPOSITE DIRECTION,N,Y,49.237566,-123.048809,N,MARCH,N,VANCOUVER,VANCOUVER,VANCOUVER,N,Y,N,LOWER MAINLAND,EARLES ST & KINGSWAY,KINGSWAY,KINGSWAY,15:00-17:59,1,0
N,PROPERTY DAMAGE ONLY,EAST BOULEVARD,N,2025,MONDAY,UNDETERMINED,N,Y,49.233602,-123.155027,N,MARCH,N,VANCOUVER,VANCOUVER,VANCOUVER,N,N,N,LOWER MAINLAND,EAST BOULEVARD & W 42ND AVE,W 42ND AVE,W 42ND AVE,15:00-17:59,1,0
N,PROPERTY DAMAGE ONLY,EDDINGTON DR,N,2025,MONDAY,SIDE SWIPE - SAME DIRECTION,N,Y,49.245627,-123.159129,N,MARCH,N,VANCOUVER,VANCOUVER,VANCOUVER,Y,N,N,LOWER MAINLAND,BRAKENRIDGE ST & EDDINGTON DR & PRINCE OF WALES SECONDARY SCHOOL ACCESS,BRAKENRIDGE ST,BRAKENRIDGE ST,15:00-17:59,1,0
N,PROPERTY DAMAGE ONLY,EDMONDS STREET,N,2025,MONDAY,REAR END,N,N,\N,\N,N,MARCH,N,BURNABY,BURNABY,\N,N,N,N,LOWER MAINLAND,UNKNOWN,CANADA WAY,CANADA WAY,15:00-17:59,1,0
N,PROPERTY DAMAGE ONLY,ELECTRONIC AVE,N,2025,MONDAY,REAR END,N,Y,49.278821,-122.841352,N,MARCH,N,PORT MOODY,PORT MOODY,PORT MOODY,N,N,N,LOWER MAINLAND,ELECTRONIC AVE & MURRAY ST,MURRAY ST,MURRAY ST,15:00-17:59,1,0
N,PROPERTY DAMAGE ONLY,ELLIS ST,N,2025,MONDAY,SIDE SWIPE - SAME DIRECTION,N,Y,49.883634,-119.493491,N,MARCH,N,KELOWNA,KELOWNA,KELOWNA,N,N,N,SOUTHERN INTERIOR,ELLIS ST & HARVEY AVE & TURNING LANE,HARVEY AVE,HARVEY AVE,15:00-17:59,1,0
N,PROPERTY DAMAGE ONLY,FARMERS WAY,N,2025,MONDAY,SINGLE VEHICLE,N,Y,49.150003,-121.809198,N,MARCH,N,CHILLIWACK,CHILLIWACK,CHILLIWACK,N,N,N,LOWER MAINLAND,FARMERS WAY & HARVEST PL,HARVEST PL,HARVEST PL,15:00-17:59,1,0
N,PROPERTY DAMAGE ONLY,FARROW ST,N,2025,MONDAY,SIDE IMPACT,N,Y,49.26034,-122.892306,N,MARCH,N,COQUITLAM,COQUITLAM,COQUITLAM,Y,N,N,LOWER MAINLAND,FARROW ST & SMITH AVE,SMITH AVE,SMITH AVE,15:00-17:59,1,0
N,PROPERTY DAMAGE ONLY,FISGARD ST,N,2025,MONDAY,SIDE SWIPE - SAME DIRECTION,N,Y,48.429408,-123.364461,N,MARCH,N,VICTORIA,VICTORIA,VICTORIA,N,N,N,VANCOUVER ISLAND,DOUGLAS ST & FISGARD ST,DOUGLAS ST,DOUGLAS ST,15:00-17:59,1,0
N,PROPERTY DAMAGE ONLY,FOREST ST,N,2025,MONDAY,SIDE SWIPE - SAME DIRECTION,N,Y,49.247912,-123.023676,N,MARCH,N,BURNABY,BURNABY,BURNABY & VANCOUVER,N,N,N,LOWER MAINLAND,BOUNDARY RD & E 25TH AVE & FOREST ST,BOUNDARY RD,BOUNDARY RD,15:00-17:59,1,0
N,PROPERTY DAMAGE ONLY,FRASER HWY,N,2025,MONDAY,REAR END,N,Y,49.1237,-122.701718,N,MARCH,N,SURREY,SURREY,SURREY,N,N,N,LOWER MAINLAND,188 ST & FRASER HWY & TURNING LANE,188 ST,188 ST,15:00-17:59,1,0
N,PROPERTY DAMAGE ONLY,FRASER HWY,N,2025,MONDAY,SINGLE VEHICLE,N,Y,49.09598,-122.624579,N,MARCH,N,LANGLEY,LANGLEY,LANGLEY,N,N,N,LOWER MAINLAND,216 ST & FRASER HWY,216 ST,216 ST,15:00-17:59,1,0
N,PROPERTY DAMAGE ONLY,FRASER ST,N,2025,MONDAY,REAR END,N,Y,49.262482,-123.089134,N,MARCH,N,VANCOUVER,VANCOUVER,VANCOUVER,N,N,N,LOWER MAINLAND,E BROADWAY & FRASER ST,E BROADWAY,E BROADWAY,15:00-17:59,1,0
N,PROPERTY DAMAGE ONLY,FRASER ST,N,2025,MONDAY,SIDE IMPACT,N,Y,49.228273,-123.090675,N,MARCH,N,VANCOUVER,VANCOUVER,VANCOUVER,Y,Y,N,LOWER MAINLAND,E 46TH AVE & FRASER ST,E 46TH AVE,E 46TH AVE,15:00-17:59,1,0
N,PROPERTY DAMAGE ONLY,FRASER ST,N,2025,MONDAY,UNDETERMINED,N,Y,49.213023,-123.091102,N,MARCH,N,VANCOUVER,VANCOUVER,VANCOUVER,N,N,N,LOWER MAINLAND,E 63RD AVE & FRASER ST,E 63RD AVE,E 63RD AVE,15:00-17:59,1,0
N,PROPERTY DAMAGE ONLY,GAGLARDI WAY,N,2025,MONDAY,REAR END,N,Y,49.273648,-122.925652,N,MARCH,N,BURNABY,BURNABY,BURNABY,N,N,N,LOWER MAINLAND,BURNABY MOUNTAIN PKY & BURNABY MOUNTAIN PKY OFFRAMP & GAGLARDI WAY & GAGLARDI WAY OFFRAMP & UNIVERSITY DR & UNIVERSITY DR OFFRAMP,BURNABY MOUNTAIN PKY,BURNABY MOUNTAIN PKY,15:00-17:59,1,0
N,PROPERTY DAMAGE ONLY,GEORGE MASSEY TUNNEL,N,2025,MONDAY,SINGLE VEHICLE,N,Y,49.116848,-123.069522,N,MARCH,N,DELTA,DELTA,DELTA,N,N,N,LOWER MAINLAND,GEORGE MASSEY TUNNEL & HWY 99 & EMERGENCY LANE,HWY 99,HWY 99,15:00-17:59,1,0
N,PROPERTY DAMAGE ONLY,GILMORE AVE,N,2025,MONDAY,SIDE IMPACT,N,Y,49.272074,-123.01427,N,MARCH,N,BURNABY,BURNABY,BURNABY,Y,N,N,LOWER MAINLAND,GILMORE AVE & KITCHENER ST,KITCHENER ST,KITCHENER ST,15:00-17:59,1,0
N,PROPERTY DAMAGE ONLY,GILMORE AVE,N,2025,MONDAY,SIDE SWIPE - OPPOSITE DIRECTION,N,Y,49.280166,-123.014195,N,MARCH,N,BURNABY,BURNABY,BURNABY,N,N,N,LOWER MAINLAND,GILMORE AVE & PENDER ST,PENDER ST,PENDER ST,15:00-17:59,1,0
N,PROPERTY DAMAGE ONLY,GLANFORD AVE,N,2025,MONDAY,REAR END,N,Y,48.466915,-123.387991,N,MARCH,N,SAANICH,SAANICH,SAANICH,N,N,N,VANCOUVER ISLAND,GLANFORD AVE & MCKENZIE AVE & TURNING LANE,MCKENZIE AVE,MCKENZIE AVE,15:00-17:59,1,0
N,PROPERTY DAMAGE ONLY,GOLDEN EARS WAY,N,2025,MONDAY,SIDE SWIPE - SAME DIRECTION,Y,Y,49.181041,-122.690324,N,MARCH,N,SURREY,SURREY,SURREY,N,N,N,LOWER MAINLAND,192 ST & GOLDEN EARS WAY & TURNING LANE,192 ST,192 ST,15:00-17:59,1,0
N,PROPERTY DAMAGE ONLY,GORGE RD E,N,2025,MONDAY,REAR END,N,Y,48.440729,-123.373522,N,MARCH,N,VICTORIA,VICTORIA,VICTORIA,N,N,N,VANCOUVER ISLAND,BRIDGE ST & GORGE RD E,BRIDGE ST,BRIDGE ST,15:00-17:59,1,0
N,PROPERTY DAMAGE ONLY,GRANDVIEW HWY,N,2025,MONDAY,REAR END,N,Y,49.257636,-123.004065,N,MARCH,N,BURNABY,BURNABY,BURNABY,N,N,N,LOWER MAINLAND,GRANDVIEW HWY & GRANDVIEW HWY ONRAMP & TRANS-CANADA HWY & TRANS-CANADA HWY ONRAMP & WILLINGDON AVE & WILLINGDON AVE OFFRAMP & EMERGENCY LANE,HWY 1,HWY 1,15:00-17:59,1,0
N,PROPERTY DAMAGE ONLY,GRANVILLE ST,N,2025,MONDAY,REAR END,N,Y,49.219331,-123.140129,N,MARCH,N,VANCOUVER,VANCOUVER,VANCOUVER,N,N,N,LOWER MAINLAND,GRANVILLE ST & W 57TH AVE,W 57TH AVE,W 57TH AVE,15:00-17:59,1,0
N,PROPERTY DAMAGE ONLY,GRANVILLE ST,N,2025,MONDAY,SIDE IMPACT,N,Y,49.280325,-123.121393,N,MARCH,N,VANCOUVER,VANCOUVER,VANCOUVER,N,N,N,LOWER MAINLAND,GRANVILLE ST & SMITHE ST,SMITHE ST,SMITHE ST,15:00-17:59,1,0
N,PROPERTY DAMAGE ONLY,GRIFFITHS WAY,N,2025,MONDAY,SIDE SWIPE - SAME DIRECTION,N,Y,49.277891,-123.110374,N,MARCH,N,VANCOUVER,VANCOUVER,VANCOUVER,N,N,N,LOWER MAINLAND,EXPO BLVD & GRIFFITHS WAY,EXPO BLVD,EXPO BLVD,15:00-17:59,1,0
N,PROPERTY DAMAGE ONLY,HAMILTON AVE,N,2025,MONDAY,UNDETERMINED,N,Y,49.323112,-123.100131,N,MARCH,N,NORTH VANCOUVER,NORTH VANCOUVER,NORTH VANCOUVER,N,N,N,LOWER MAINLAND,HAMILTON AVE & MARINE DR & W 16TH ST & TURNING LANE,W 16TH ST,W 16TH ST,15:00-17:59,1,0
N,PROPERTY DAMAGE ONLY,HASTINGS ST,N,2025,MONDAY,SIDE IMPACT,Y,Y,49.280358,-122.965824,N,MARCH,N,BURNABY,BURNABY,BURNABY,Y,N,N,LOWER MAINLAND,GROVE AVE & HASTINGS ST,GROVE AVE,GROVE AVE,15:00-17:59,1,0
N,PROPERTY DAMAGE ONLY,HAWKES BLVD,N,2025,MONDAY,SINGLE VEHICLE,N,Y,48.799003,-123.736489,N,MARCH,N,DUNCAN,DUNCAN,DUNCAN,N,N,N,VANCOUVER ISLAND,HAWKES BLVD & SOMENOS RD,SOMENOS RD,SOMENOS RD,15:00-17:59,1,0
N,PROPERTY DAMAGE ONLY,HAZELBRIDGE WAY,N,2025,MONDAY,SIDE IMPACT,N,Y,49.178361,-123.13398,N,MARCH,N,RICHMOND,RICHMOND,RICHMOND,N,N,N,LOWER MAINLAND,ALEXANDRA RD & HAZELBRIDGE WAY,ALEXANDRA RD,ALEXANDRA RD,15:00-17:59,1,0
N,PROPERTY DAMAGE ONLY,HEATHER ST,N,2025,MONDAY,SIDE SWIPE - SAME DIRECTION,N,Y,49.208373,-123.124218,N,MARCH,N,VANCOUVER,VANCOUVER,VANCOUVER,Y,N,N,LOWER MAINLAND,HEATHER ST & W 70TH AVE,W 70TH AVE,W 70TH AVE,15:00-17:59,1,0
N,PROPERTY DAMAGE ONLY,HEATLEY AVE,N,2025,MONDAY,REAR END,N,N,\N,\N,N,MARCH,N,VANCOUVER,VANCOUVER,\N,Y,N,N,LOWER MAINLAND,UNKNOWN,634 E GEORGIA ST,634 E GEORGIA ST,15:00-17:59,1,0
N,PROPERTY DAMAGE ONLY,HICKS LAKE DR,N,2025,MONDAY,CONFLICTED,Y,N,\N,\N,N,MARCH,N,AGASSIZ,AGASSIZ,\N,N,N,N,LOWER MAINLAND,UNKNOWN,ROCKWELL DR,ROCKWELL DR,15:00-17:59,1,0
N,PROPERTY DAMAGE ONLY,HILLCREST AVE,N,2025,MONDAY,SIDE IMPACT,N,Y,49.049492,-122.318098,N,MARCH,N,ABBOTSFORD,ABBOTSFORD,ABBOTSFORD,Y,Y,N,LOWER MAINLAND,EMERSON ST & HILLCREST AVE,EMERSON ST,EMERSON ST,15:00-17:59,1,0
N,PROPERTY DAMAGE ONLY,HILLSIDE AVE,N,2025,MONDAY,UNDETERMINED,Y,Y,48.438353,-123.367175,N,MARCH,N,VICTORIA,VICTORIA,VICTORIA,N,N,N,VANCOUVER ISLAND,DOUGLAS ST & GORGE RD E & GOVERNMENT ST & HILLSIDE AVE & TURNING LANE,GOVERNMENT ST,GOVERNMENT ST,15:00-17:59,1,0
N,PROPERTY DAMAGE ONLY,HORNBY DR,N,2025,MONDAY,REAR END,N,Y,49.090494,-122.959532,N,MARCH,N,DELTA,DELTA,DELTA,N,N,N,LOWER MAINLAND,96 ST & HORNBY DR & HWY 10 & HWY 99 & LADNER TRUNK RD & LADNER TRUNK RD OFFRAMP & LADNER TRUNK RD ONRAMP,LADNER TRUNK RD,LADNER TRUNK RD,15:00-17:59,1,0
N,PROPERTY DAMAGE ONLY,HOWE ST,N,2025,MONDAY,SIDE IMPACT,N,Y,49.277802,-123.127193,N,MARCH,N,VANCOUVER,VANCOUVER,VANCOUVER,N,N,N,LOWER MAINLAND,DAVIE ST & HOWE ST,DAVIE ST,DAVIE ST,15:00-17:59,1,0
N,PROPERTY DAMAGE ONLY,HWY 1,N,2025,MONDAY,REAR END,N,Y,49.170325,-122.692254,N,MARCH,N,SURREY,SURREY,SURREY,N,N,N,LOWER MAINLAND,192 ST & 192 ST OFFRAMP & 192 ST ONRAMP & TRANS-CANADA HWY,192 ST OFFRAMP,192 ST OFFRAMP,15:00-17:59,1,0
N,PROPERTY DAMAGE ONLY,HWY 1,N,2025,MONDAY,REAR END,N,Y,49.332551,-123.117171,N,MARCH,N,NORTH VANCOUVER,NORTH VANCOUVER,NORTH VANCOUVER,N,N,N,LOWER MAINLAND,BOWSER AVE & CAPILANO RD & CAPILANO RD OFFRAMP & CAPILANO RD ONRAMP & KEITH RD & TRANS-CANADA HWY & TURNING LANE,CAPILANO RD ONRAMP,CAPILANO RD ONRAMP,15:00-17:59,1,0
N,PROPERTY DAMAGE ONLY,HWY 1,N,2025,MONDAY,SIDE SWIPE - SAME DIRECTION,N,Y,49.181569,-122.734867,N,MARCH,N,SURREY,SURREY,SURREY,N,N,N,LOWER MAINLAND,176 ST & 176 ST OFFRAMP & 176 ST ONRAMP & TRANS-CANADA HWY,HWY 15,HWY 15,15:00-17:59,1,0
N,PROPERTY DAMAGE ONLY,HWY 1,N,2025,MONDAY,UNDETERMINED,N,Y,49.075275,-122.426554,N,MARCH,N,ABBOTSFORD,ABBOTSFORD,ABBOTSFORD,N,N,N,LOWER MAINLAND,BRADNER RD & TRANS-CANADA HWY,BRADNER RD,BRADNER RD,15:00-17:59,2,0
N,PROPERTY DAMAGE ONLY,HWY 1 ON-RAMP,N,2025,MONDAY,HEAD ON,N,N,\N,\N,N,MARCH,N,LANGLEY,LANGLEY,\N,N,N,N,LOWER MAINLAND,UNKNOWN,216 STREET,216 STREET,15:00-17:59,1,0
N,PROPERTY DAMAGE ONLY,HWY 16,N,2025,MONDAY,REAR END,N,Y,53.888837,-122.767349,N,MARCH,N,PRINCE GEORGE,PRINCE GEORGE,PRINCE GEORGE,N,N,N,NORTH CENTRAL,FERRY AVE & HWY 16 W & TURNING LANE,FERRY AVE,FERRY AVE,15:00-17:59,1,0
N,PROPERTY DAMAGE ONLY,HWY 17,N,2025,MONDAY,REAR END,N,Y,49.095309,-123.026444,N,MARCH,N,DELTA,DELTA,DELTA,N,N,N,LOWER MAINLAND,72 ST & 72 ST OFFRAMP & BURNS DR & BURNS DR ONRAMP & HWY 17 & HWY 17 OFFRAMP & HWY 17 ONRAMP & HWY 17A OFFRAMP & HWY 99,HWY 99,HWY 99,15:00-17:59,1,0
N,PROPERTY DAMAGE ONLY,HWY 17,N,2025,MONDAY,SIDE SWIPE - SAME DIRECTION,Y,Y,49.213211,-122.861854,N,MARCH,N,SURREY,SURREY,SURREY,N,N,N,LOWER MAINLAND,130 ST & BRIDGEVIEW DR & BRIDGEVIEW DR OFFRAMP & BRIDGEVIEW DR ONRAMP & HWY 17,BRIDGEVIEW DR,BRIDGEVIEW DR,15:00-17:59,1,0
N,PROPERTY DAMAGE ONLY,HWY 17A,N,2025,MONDAY,UNDETERMINED,N,Y,49.058798,-123.056278,N,MARCH,N,DELTA,DELTA,DELTA,N,N,N,LOWER MAINLAND,DELTAPORT WAY & DELTAPORT WAY OFFRAMP & DELTAPORT WAY ONRAMP & HWY 17 & HWY 17A & HWY 17A OFFRAMP,HWY 17,HWY 17,15:00-17:59,1,0
N,PROPERTY DAMAGE ONLY,HWY 33,N,2025,MONDAY,SIDE IMPACT,N,Y,49.889022,-119.399578,N,MARCH,N,KELOWNA,KELOWNA,KELOWNA,N,N,N,SOUTHERN INTERIOR,HOLLYWOOD RD N & HOLLYWOOD RD S & HWY 33 W,HOLLYWOOD RD N,HOLLYWOOD RD N,15:00-17:59,1,0
N,PROPERTY DAMAGE ONLY,HWY 37,N,2025,MONDAY,SINGLE VEHICLE,Y,N,\N,\N,N,MARCH,N,BOB QUINN,BOB QUINN,\N,N,N,N,NORTH CENTRAL,UNKNOWN,BOB QUINN CAMP,BOB QUINN CAMP,15:00-17:59,1,0
N,PROPERTY DAMAGE ONLY,HWY 7A,N,2025,MONDAY,REAR END,N,Y,49.276261,-122.797294,N,MARCH,N,COQUITLAM,COQUITLAM,COQUITLAM,N,N,N,LOWER MAINLAND,BARNET HWY & LOUGHEED HWY & PINETREE WAY & TURNING LANE,LOUGHEED HWY,LOUGHEED HWY,15:00-17:59,1,0
N,PROPERTY DAMAGE ONLY,HWY 9,N,2025,MONDAY,REAR END,N,N,\N,\N,N,MARCH,N,CHILLIWACK,CHILLIWACK,\N,N,N,N,LOWER MAINLAND,UNKNOWN,YALE RD,YALE RD,15:00-17:59,1,0
N,PROPERTY DAMAGE ONLY,HWY 91 CONNECTR ONRAMP,N,2025,MONDAY,REAR END,N,Y,49.152072,-122.952431,N,MARCH,N,DELTA,DELTA,DELTA,N,N,N,LOWER MAINLAND,HWY 17 & HWY 91 CONN ONRAMP & RIVER RD & RIVER RD OFFRAMP & RIVER ROAD CONN & RIVER ROAD OFFRAMP & RIVER ROAD ONRAMP,HWY 17,HWY 17,15:00-17:59,1,0
N,PROPERTY DAMAGE ONLY,HWY 91 OFFRAMP,N,2025,MONDAY,REAR END,N,Y,49.092212,-122.894005,N,MARCH,N,DELTA,DELTA,DELTA & SURREY,N,N,N,LOWER MAINLAND,HWY 91 & HWY 91 OFFRAMP & HWY 91 ONRAMP & HWY 99,HWY 99,HWY 99,15:00-17:59,1,0
N,PROPERTY DAMAGE ONLY,HWY 97,N,2025,MONDAY,REAR END,N,N,\N,\N,N,MARCH,N,KELOWNA,KELOWNA,\N,N,N,N,SOUTHERN INTERIOR,UNKNOWN,BEAVER LAKE RD,BEAVER LAKE RD,15:00-17:59,1,0
N,PROPERTY DAMAGE ONLY,HWY 97,N,2025,MONDAY,REAR END,N,Y,49.895388,-119.414322,N,MARCH,N,KELOWNA,KELOWNA,KELOWNA,N,N,N,SOUTHERN INTERIOR,ENTERPRISE WAY & HWY 97 N & LEATHEAD RD & TURNING LANE,ENTERPRISE WAY,ENTERPRISE WAY,15:00-17:59,1,0
N,PROPERTY DAMAGE ONLY,HWY 97 N,N,2025,MONDAY,SIDE IMPACT,N,Y,49.901265,-119.408856,N,MARCH,N,KELOWNA,KELOWNA,KELOWNA,N,N,N,SOUTHERN INTERIOR,HWY 97 N & MCCURDY RD & OKANAGAN RAIL TRAIL & TURNING LANE,MCCURDY RD,MCCURDY RD,15:00-17:59,1,0
N,PROPERTY DAMAGE ONLY,HWY 99,N,2025,MONDAY,REAR END,N,Y,49.133474,-123.086736,N,MARCH,N,RICHMOND,RICHMOND,RICHMOND,N,N,N,LOWER MAINLAND,HWY 99 & HWY 99 ONRAMP & STEVESTON HWY & STEVESTON HWY OFFRAMP & STEVESTON HWY ONRAMP & TOURIST BOOTH RD & BUS LANE & SCALE ACCESS,STEVESTON HWY,STEVESTON HWY,15:00-17:59,1,0
N,PROPERTY DAMAGE ONLY,HWY 99A,N,2025,MONDAY,SIDE SWIPE - SAME DIRECTION,N,Y,49.282763,-123.111922,N,MARCH,N,VANCOUVER,VANCOUVER,VANCOUVER,Y,N,N,LOWER MAINLAND,HOMER ST & W PENDER ST,HOMER ST,HOMER ST,15:00-17:59,1,0
N,PROPERTY DAMAGE ONLY,HYLAND RD,N,2025,MONDAY,REAR END,N,Y,49.124004,-122.823307,N,MARCH,N,SURREY,SURREY,SURREY,N,N,N,LOWER MAINLAND,144 ST & HYLAND RD,144 ST,144 ST,15:00-17:59,1,0
N,PROPERTY DAMAGE ONLY,INDUSTRIAL AVE E,N,2025,MONDAY,REAR END,N,Y,49.480655,-119.584794,N,MARCH,N,PENTICTON,PENTICTON,PENTICTON,N,Y,N,SOUTHERN INTERIOR,INDUSTRIAL AVE E & INDUSTRIAL AVE W & MAIN ST,MAIN ST,MAIN ST,15:00-17:59,1,0
N,PROPERTY DAMAGE ONLY,INVERNESS ST,N,2025,MONDAY,UNDETERMINED,N,N,\N,\N,N,MARCH,N,VANCOUVER,VANCOUVER,\N,N,N,N,LOWER MAINLAND,UNKNOWN,"E 57TH AVE,","E 57TH AVE,",15:00-17:59,1,0
N,PROPERTY DAMAGE ONLY,IRONWORKERS MEMORIAL BRIDGE,N,2025,MONDAY,REAR END,N,Y,49.304852,-123.027413,N,MARCH,N,NORTH VANCOUVER,NORTH VANCOUVER,NORTH VANCOUVER,N,N,N,LOWER MAINLAND,DOLLARTON HWY & DOLLARTON HWY OFFRAMP & DOLLARTON HWY ONRAMP & IRONWORKERS MEMORIAL BRIDGE & MAIN ST & MAIN ST OFFRAMP & MAIN ST ONRAMP & PHIBBS EXCHANGE & TRANS-CANADA HWY & EMERGENCY LANE & HIGHWAY RAMP & TURNING LANE,HWY 1,HWY 1,15:00-17:59,1,0
N,PROPERTY DAMAGE ONLY,JACOMBS RD,N,2025,MONDAY,CONFLICTED,N,Y,49.18565,-123.080293,N,MARCH,N,RICHMOND,RICHMOND,RICHMOND,Y,N,N,LOWER MAINLAND,CLARKE PL & JACOMBS RD,CLARKE PL,CLARKE PL,15:00-17:59,1,0
N,PROPERTY DAMAGE ONLY,JOHNSON RD,N,2025,MONDAY,HEAD ON,N,Y,49.169225,-122.117275,N,MARCH,N,DEROCHE,DEROCHE,DEROCHE & DEWDNEY,N,N,N,LOWER MAINLAND,JOHNSON RD & LOUGHEED HWY,LOUGHEED HWY,LOUGHEED HWY,15:00-17:59,1,0
N,PROPERTY DAMAGE ONLY,KING GEORGE BLVD,N,2025,MONDAY,REAR END,N,Y,49.140852,-122.845634,N,MARCH,N,SURREY,SURREY,SURREY,N,N,N,LOWER MAINLAND,76 AVE & KING GEORGE BLVD & TURNING LANE,76 AVE,76 AVE,15:00-17:59,1,0
N,PROPERTY DAMAGE ONLY,KING GEORGE BLVD,N,2025,MONDAY,REAR END,N,Y,49.14815,-122.845687,N,MARCH,N,SURREY,SURREY,SURREY,N,N,N,LOWER MAINLAND,80 AVE & KING GEORGE BLVD & TURNING LANE,80 AVE,80 AVE,15:00-17:59,1,0
N,PROPERTY DAMAGE ONLY,KING GEORGE BLVD,N,2025,MONDAY,REAR END,N,Y,49.206298,-122.867395,N,MARCH,N,SURREY,SURREY,SURREY,N,N,N,LOWER MAINLAND,112A AVE & 128 ST & BRIDGEVIEW DR & KING GEORGE BLVD & TURNING LANE,BRIDGEVIEW DR,BRIDGEVIEW DR,15:00-17:59,1,0
N,PROPERTY DAMAGE ONLY,KINGSWAY,N,2025,MONDAY,REAR END,N,Y,49.230223,-123.004835,N,MARCH,N,BURNABY,BURNABY,BURNABY,N,N,N,LOWER MAINLAND,KINGSWAY & WILLINGDON AVE & TURNING LANE,WILLINGDON AVE,WILLINGDON AVE,15:00-17:59,1,0
N,PROPERTY DAMAGE ONLY,KINGSWAY,N,2025,MONDAY,SIDE SWIPE - SAME DIRECTION,N,Y,49.264471,-123.100924,N,MARCH,N,VANCOUVER,VANCOUVER,VANCOUVER,N,N,N,LOWER MAINLAND,E 7TH AVE & KINGSWAY & MAIN ST,E 7TH AVE,E 7TH AVE,15:00-17:59,1,0
N,PROPERTY DAMAGE ONLY,KNIGHT,N,2025,MONDAY,UNDETERMINED,N,N,\N,\N,N,MARCH,N,VANCOUVER,VANCOUVER,\N,Y,N,N,LOWER MAINLAND,UNKNOWN,27TH,27TH,15:00-17:59,1,0
N,PROPERTY DAMAGE ONLY,KNIGHT ST,N,2025,MONDAY,SIDE SWIPE - SAME DIRECTION,N,Y,49.218132,-123.077053,N,MARCH,N,VANCOUVER,VANCOUVER,VANCOUVER,N,N,N,LOWER MAINLAND,E 57TH AVE & KNIGHT ST,E 57TH AVE,E 57TH AVE,15:00-17:59,1,0
N,PROPERTY DAMAGE ONLY,KNIGHT ST BRIDGE,N,2025,MONDAY,REAR END,N,Y,49.211079,-123.077129,N,MARCH,N,VANCOUVER,VANCOUVER,VANCOUVER,N,N,N,LOWER MAINLAND,KNIGHT ST & KNIGHT ST BRIDGE & SE MARINE DR & SE MARINE DR OFFRAMP & SE MARINE DR ONRAMP & BUS LANE,KNIGHT ST,KNIGHT ST,15:00-17:59,2,0
N,PROPERTY DAMAGE ONLY,KOOTENAY AVE N,N,2025,MONDAY,SINGLE VEHICLE,N,Y,49.11481,-117.544627,N,MARCH,N,FRUITVALE,FRUITVALE,FRUITVALE,N,N,N,SOUTHERN INTERIOR,KOOTENAY AVE N & KOOTENAY AVE S & MAIN ST,MAIN ST,MAIN ST,15:00-17:59,1,0
N,PROPERTY DAMAGE ONLY,LANFEAR DR,N,2025,MONDAY,REAR END,N,Y,54.521154,-128.612826,N,MARCH,N,TERRACE,TERRACE,TERRACE,N,N,N,NORTH CENTRAL,LANFEAR DR & THOMAS ST,THOMAS ST,THOMAS ST,15:00-17:59,1,0
N,PROPERTY DAMAGE ONLY,LANSDOWNE RD,N,2025,MONDAY,SINGLE VEHICLE,Y,Y,49.173835,-123.124612,N,MARCH,N,RICHMOND,RICHMOND,RICHMOND,N,N,Y,LOWER MAINLAND,GARDEN CITY RD & LANSDOWNE RD & TURNING LANE,GARDEN CITY RD,GARDEN CITY RD,15:00-17:59,1,0
N,PROPERTY DAMAGE ONLY,LARSON RD,N,2025,MONDAY,REAR END,N,Y,49.201219,-122.880165,N,MARCH,N,SURREY,SURREY,SURREY,N,N,N,LOWER MAINLAND,LARSON RD & SCOTT RD,120 ST,120 ST,15:00-17:59,1,0
N,PROPERTY DAMAGE ONLY,LIONS GATE BRIDGE,N,2025,MONDAY,CONFLICTED,N,Y,49.311996,-123.141757,N,MARCH,N,VANCOUVER,VANCOUVER,VANCOUVER,N,N,N,LOWER MAINLAND,ELDON TRAIL & LIONS GATE BRIDGE & STANLEY PARK CAUSEWAY,HWY 1A,HWY 1A,15:00-17:59,1,0
N,PROPERTY DAMAGE ONLY,LIONS GATE BRIDGE,N,2025,MONDAY,REAR END,N,Y,49.326165,-123.128977,N,MARCH,N,WEST VANCOUVER,WEST VANCOUVER,WEST VANCOUVER,N,N,N,LOWER MAINLAND,LIONS GATE BRIDGE & MARINE DR & MARINE DR OFFRAMP & MARINE DR ONRAMP & UTILITY ACCESS,HWY 99,HWY 99,15:00-17:59,1,0
N,PROPERTY DAMAGE ONLY,LIONS GATE BRIDGE,N,2025,MONDAY,SIDE SWIPE - SAME DIRECTION,N,Y,49.311996,-123.141757,N,MARCH,N,VANCOUVER,VANCOUVER,VANCOUVER,N,N,N,LOWER MAINLAND,ELDON TRAIL & LIONS GATE BRIDGE & STANLEY PARK CAUSEWAY,HWY 99,HWY 99,15:00-17:59,1,0
N,PROPERTY DAMAGE ONLY,LLOYD AVE,N,2025,MONDAY,REAR END,N,Y,49.323815,-123.104899,N,MARCH,N,NORTH VANCOUVER,NORTH VANCOUVER,NORTH VANCOUVER,N,N,N,LOWER MAINLAND,LLOYD AVE & MARINE DR,MARINE DR,MARINE DR,15:00-17:59,1,0
N,PROPERTY DAMAGE ONLY,LOCKLEY RD,N,2025,MONDAY,REAR END,N,Y,48.436597,-123.41718,N,MARCH,N,ESQUIMALT,ESQUIMALT,ESQUIMALT,N,N,N,VANCOUVER ISLAND,ADMIRALS RD & LOCKLEY RD & TURNING LANE,ADMIRALS RD,ADMIRALS RD,15:00-17:59,1,0
N,PROPERTY DAMAGE ONLY,LONSDALE AVE,N,2025,MONDAY,UNDETERMINED,N,Y,49.319966,-123.072373,N,MARCH,N,NORTH VANCOUVER,NORTH VANCOUVER,NORTH VANCOUVER,N,N,N,LOWER MAINLAND,E 13TH ST & LONSDALE AVE & W 13TH ST,E 13TH ST,E 13TH ST,15:00-17:59,1,0
N,PROPERTY DAMAGE ONLY,LOUGHEED HWY,N,2025,MONDAY,SIDE SWIPE - OPPOSITE DIRECTION,N,Y,49.274781,-122.793282,N,MARCH,N,COQUITLAM,COQUITLAM,COQUITLAM,N,N,N,LOWER MAINLAND,LOUGHEED HWY & PONDEROSA ST,PONDEROSA ST,PONDEROSA ST,15:00-17:59,1,0
N,PROPERTY DAMAGE ONLY,LOUGHEED HWY,N,2025,MONDAY,SIDE SWIPE - SAME DIRECTION,N,Y,49.203322,-122.579946,N,MARCH,N,MAPLE RIDGE,MAPLE RIDGE,MAPLE RIDGE,N,N,N,LOWER MAINLAND,232 ST & HANEY BYPASS & KANAKA WAY & LOUGHEED HWY & TURNING LANE,HANEY BYPASS,HANEY BYPASS,15:00-17:59,1,0
N,PROPERTY DAMAGE ONLY,LOUGHEED HWY,N,2025,MONDAY,SINGLE VEHICLE,N,Y,49.266544,-123.006015,N,MARCH,N,BURNABY,BURNABY,BURNABY,N,N,N,LOWER MAINLAND,LOUGHEED HWY & ROSSER AVE,ROSSER AVE,ROSSER AVE,15:00-17:59,1,0
N,PROPERTY DAMAGE ONLY,MACLURE RD,N,2025,MONDAY,CONFLICTED,N,Y,49.054195,-122.359983,N,MARCH,N,ABBOTSFORD,ABBOTSFORD,ABBOTSFORD,N,N,N,LOWER MAINLAND,MACLURE RD & TOWNLINE RD & TURNING LANE,TOWNLINE RD,TOWNLINE RD,15:00-17:59,1,0
N,PROPERTY DAMAGE ONLY,MAIN ST,N,2025,MONDAY,SIDE IMPACT,N,Y,49.270128,-123.100736,N,MARCH,N,VANCOUVER,VANCOUVER,VANCOUVER,N,N,N,LOWER MAINLAND,E 1ST AVE & MAIN ST,E 1ST AVE,E 1ST AVE,15:00-17:59,1,0
N,PROPERTY DAMAGE ONLY,MAIN ST,N,2025,MONDAY,UNDETERMINED,N,Y,49.224713,-123.101642,N,MARCH,N,VANCOUVER,VANCOUVER,VANCOUVER,N,N,N,LOWER MAINLAND,E 50TH AVE & MAIN ST,E 50TH AVE,E 50TH AVE,15:00-17:59,1,0
N,PROPERTY DAMAGE ONLY,MAPLE ST,N,2025,MONDAY,REAR END,N,Y,49.257253,-123.150768,N,MARCH,N,VANCOUVER,VANCOUVER,VANCOUVER,N,N,N,LOWER MAINLAND,MAPLE ST & W 16TH AVE,W 16TH AVE,W 16TH AVE,15:00-17:59,1,0
N,PROPERTY DAMAGE ONLY,MARSHALL RD,N,2025,MONDAY,SIDE IMPACT,N,Y,49.038258,-122.273795,N,MARCH,N,ABBOTSFORD,ABBOTSFORD,ABBOTSFORD,N,N,N,LOWER MAINLAND,MARSHALL RD & RIVERSIDE RD & TURNING LANE,RIVERSIDE RD,RIVERSIDE RD,15:00-17:59,1,0
N,PROPERTY DAMAGE ONLY,MARY ST,N,2025,MONDAY,UNDETERMINED,N,Y,48.431279,-123.385974,N,MARCH,N,VICTORIA,VICTORIA,VICTORIA,Y,N,N,VANCOUVER ISLAND,DUNDAS ST & MARY ST,DUNDAS ST,DUNDAS ST,15:00-17:59,1,0
N,PROPERTY DAMAGE ONLY,MASSEY DR,N,2025,MONDAY,REAR END,N,Y,53.904734,-122.773343,N,MARCH,N,PRINCE GEORGE,PRINCE GEORGE,PRINCE GEORGE,N,N,N,NORTH CENTRAL,GRIFFITHS AVE & MASSEY DR,GRIFFITHS AVE,GRIFFITHS AVE,15:00-17:59,1,0
N,PROPERTY DAMAGE ONLY,MCBRIDE BLVD,N,2025,MONDAY,REAR END,N,Y,49.211366,-122.900283,N,MARCH,N,NEW WESTMINSTER,NEW WESTMINSTER,NEW WESTMINSTER,N,N,N,LOWER MAINLAND,BUSHBY ST & COLUMBIA ST & E COLUMBIA ST & E ROYAL AVE & HWY 1A & LEOPOLD PL & MCBRIDE BLVD & ROYAL AVE & HIGHWAY RAMP,COLUMBIA ST,COLUMBIA ST,15:00-17:59,1,0
N,PROPERTY DAMAGE ONLY,MCGILL ST,N,2025,MONDAY,REAR END,N,Y,49.288611,-123.056467,N,MARCH,N,VANCOUVER,VANCOUVER,VANCOUVER,N,N,N,LOWER MAINLAND,MCGILL ST & N NANAIMO ST,N NANAIMO ST,N NANAIMO ST,15:00-17:59,1,0
N,PROPERTY DAMAGE ONLY,MCKIM WAY,N,2025,MONDAY,CONFLICTED,N,Y,49.183583,-123.127027,N,MARCH,N,RICHMOND,RICHMOND,RICHMOND,N,Y,N,LOWER MAINLAND,MCKIM WAY & ODLIN CRES,ODLIN CRES,ODLIN CRES,15:00-17:59,1,0
N,PROPERTY DAMAGE ONLY,MERECROFT RD,N,2025,MONDAY,SIDE IMPACT,N,N,\N,\N,N,MARCH,N,CAMPBELL RIVER,CAMPBELL RIVER,\N,N,N,N,VANCOUVER ISLAND,UNKNOWN,DOGWOOD ST,DOGWOOD ST,15:00-17:59,1,0
N,PROPERTY DAMAGE ONLY,MERRITT AVE,N,2025,MONDAY,SIDE IMPACT,N,Y,49.221919,-122.980245,N,MARCH,N,BURNABY,BURNABY,BURNABY,N,N,N,LOWER MAINLAND,IMPERIAL ST & MERRITT AVE & TURNING LANE,IMPERIAL ST,IMPERIAL ST,15:00-17:59,1,0
N,PROPERTY DAMAGE ONLY,NANAIMO ST,N,2025,MONDAY,REAR END,N,Y,49.244612,-123.056658,N,MARCH,N,VANCOUVER,VANCOUVER,VANCOUVER,N,N,N,LOWER MAINLAND,E 29TH AVE & NANAIMO ST,E 29TH AVE,E 29TH AVE,15:00-17:59,1,0
N,PROPERTY DAMAGE ONLY,NANTON AVE,N,2025,MONDAY,REAR END,N,Y,49.247506,-123.144728,N,MARCH,N,VANCOUVER,VANCOUVER,VANCOUVER,Y,Y,N,LOWER MAINLAND,MARGUERITE ST & NANTON AVE,MARGUERITE ST,MARGUERITE ST,15:00-17:59,1,0
N,PROPERTY DAMAGE ONLY,NELSON ST,N,2025,MONDAY,SIDE IMPACT,N,Y,49.247134,-122.865133,N,MARCH,N,COQUITLAM,COQUITLAM,COQUITLAM,N,N,N,LOWER MAINLAND,DANSEY AVE & NELSON ST,DANSEY AVE,DANSEY AVE,15:00-17:59,1,0
N,PROPERTY DAMAGE ONLY,NO 1 RD,N,2025,MONDAY,SINGLE VEHICLE,N,Y,49.12928,-123.181247,N,MARCH,N,RICHMOND,RICHMOND,RICHMOND,N,N,N,LOWER MAINLAND,GARRY ST & NO 1 RD,GARRY ST,GARRY ST,15:00-17:59,1,0
N,PROPERTY DAMAGE ONLY,NO 2 RD,N,2025,MONDAY,REAR END,N,Y,49.141005,-123.158965,N,MARCH,N,RICHMOND,RICHMOND,RICHMOND,N,N,N,LOWER MAINLAND,NO 2 RD & WILLIAMS RD,WILLIAMS RD,WILLIAMS RD,15:00-17:59,1,0
N,PROPERTY DAMAGE ONLY,NO 3 RD,N,2025,MONDAY,REAR END,N,Y,49.170211,-123.136548,N,MARCH,N,RICHMOND,RICHMOND,RICHMOND,N,N,N,LOWER MAINLAND,NO 3 RD & WESTMINSTER HWY,WESTMINSTER HWY,WESTMINSTER HWY,15:00-17:59,1,0
N,PROPERTY DAMAGE ONLY,NO 5 RD,N,2025,MONDAY,REAR END,N,Y,49.170298,-123.091643,N,MARCH,N,RICHMOND,RICHMOND,RICHMOND,N,N,N,LOWER MAINLAND,NO 5 RD & WESTMINSTER HWY & TURNING LANE,WESTMINSTER HWY,WESTMINSTER HWY,15:00-17:59,1,0
N,PROPERTY DAMAGE ONLY,NO 5 RD,N,2025,MONDAY,SIDE IMPACT,Y,Y,49.131117,-123.092187,N,MARCH,N,RICHMOND,RICHMOND,RICHMOND,N,N,N,LOWER MAINLAND,HORSESHOE WAY & NO 5 RD & RIVERSIDE WAY & TURNING LANE,RIVERSIDE WAY,RIVERSIDE WAY,15:00-17:59,1,0
N,PROPERTY DAMAGE ONLY,NO 8 RD,N,2025,MONDAY,SINGLE VEHICLE,N,Y,49.158187,-123.024202,N,MARCH,N,RICHMOND,RICHMOND,RICHMOND,N,N,N,LOWER MAINLAND,BLUNDELL RD & NO 8 RD,BLUNDELL RD,BLUNDELL RD,15:00-17:59,1,0
N,PROPERTY DAMAGE ONLY,OLD CLAYBURN RD,N,2025,MONDAY,REAR END,N,Y,49.056443,-122.271784,N,MARCH,N,ABBOTSFORD,ABBOTSFORD,ABBOTSFORD,N,N,N,LOWER MAINLAND,IMMEL ST & OLD CLAYBURN RD,IMMEL ST,IMMEL ST,15:00-17:59,1,0
N,PROPERTY DAMAGE ONLY,PACIFIC AVE,N,2025,MONDAY,SINGLE VEHICLE,N,Y,49.023141,-122.799133,N,MARCH,N,WHITE ROCK,WHITE ROCK,WHITE ROCK,N,N,N,LOWER MAINLAND,FIR ST & PACIFIC AVE,FIR ST,FIR ST,15:00-17:59,1,0
N,PROPERTY DAMAGE ONLY,PACIFIC ST,N,2025,MONDAY,REAR END,N,Y,49.28068,-123.138112,N,MARCH,N,VANCOUVER,VANCOUVER,VANCOUVER,N,N,N,LOWER MAINLAND,BEACH AVE & JERVIS ST & PACIFIC ST,BEACH AVE,BEACH AVE,15:00-17:59,1,0
N,PROPERTY DAMAGE ONLY,PANDOSY ST,N,2025,MONDAY,SIDE SWIPE - SAME DIRECTION,N,N,\N,\N,N,MARCH,N,KELOWNA,KELOWNA,\N,N,N,N,SOUTHERN INTERIOR,UNKNOWN,HARVEY AVENUE,HARVEY AVENUE,15:00-17:59,1,0
N,PROPERTY DAMAGE ONLY,PARK DR,N,2025,MONDAY,REAR END,N,Y,49.214459,-123.130023,N,MARCH,N,VANCOUVER,VANCOUVER,VANCOUVER,N,N,N,LOWER MAINLAND,OAK ST & PARK DR,OAK ST,OAK ST,15:00-17:59,1,0
N,PROPERTY DAMAGE ONLY,PENDER ST,N,2025,MONDAY,CONFLICTED,N,Y,49.280098,-123.003157,N,MARCH,N,BURNABY,BURNABY,BURNABY,N,N,N,LOWER MAINLAND,PENDER ST & WILLINGDON AVE,WILLINGDON AVE,WILLINGDON AVE,15:00-17:59,1,0
N,PROPERTY DAMAGE ONLY,PINETREE WAY,N,2025,MONDAY,REAR END,N,Y,49.276261,-122.797294,N,MARCH,N,COQUITLAM,COQUITLAM,COQUITLAM,N,N,N,LOWER MAINLAND,BARNET HWY & LOUGHEED HWY & PINETREE WAY & TURNING LANE,LOUGHEED HWY,LOUGHEED HWY,15:00-17:59,1,0
N,PROPERTY DAMAGE ONLY,PRINCE CHARLES BLVD,N,2025,MONDAY,REAR END,N,Y,49.166588,-122.868051,N,MARCH,N,SURREY,SURREY,SURREY,N,N,N,LOWER MAINLAND,128 ST & PRINCE CHARLES BLVD,128 ST,128 ST,15:00-17:59,1,0
N,PROPERTY DAMAGE ONLY,PROMONTORY RD,N,2025,MONDAY,REAR END,N,Y,49.111291,-121.943482,N,MARCH,N,CHILLIWACK,CHILLIWACK,CHILLIWACK,N,N,N,LOWER MAINLAND,CHILLIWACK RIVER RD & PROMONTORY RD,CHILLIWACK RIVER RD,CHILLIWACK RIVER RD,15:00-17:59,1,0
N,PROPERTY DAMAGE ONLY,QUADRA ST,N,2025,MONDAY,CONFLICTED,N,Y,48.470029,-123.364594,N,MARCH,N,SAANICH,SAANICH,SAANICH,N,N,N,VANCOUVER ISLAND,MCKENZIE AVE & QUADRA ST,MCKENZIE AVE,MCKENZIE AVE,15:00-17:59,1,0
N,PROPERTY DAMAGE ONLY,ROYAL OAK DR OFFRAMP,N,2025,MONDAY,SIDE IMPACT,N,Y,48.498849,-123.385139,N,MARCH,N,SAANICH,SAANICH,SAANICH,N,N,N,VANCOUVER ISLAND,PATRICIA BAY HWY & ROYAL OAK DR & ROYAL OAK DR OFFRAMP & ROYAL OAK DR ONRAMP,HWY 17,HWY 17,15:00-17:59,1,0
N,PROPERTY DAMAGE ONLY,RUPERT ST OFFRAMP,N,2025,MONDAY,REAR END,N,Y,49.269452,-123.027611,N,MARCH,N,VANCOUVER,VANCOUVER,VANCOUVER,N,N,N,LOWER MAINLAND,E 1ST AVE & E 1ST AVE OFFRAMP & E 1ST AVE ONRAMP & RUPERT ST & RUPERT ST OFFRAMP & TRANS-CANADA HWY & BUS LANE & TURNING LANE,HWY 1,HWY 1,15:00-17:59,1,0
N,PROPERTY DAMAGE ONLY,RUSS BAKER WAY,N,2025,MONDAY,REAR END,N,Y,49.192621,-123.14231,N,MARCH,N,RICHMOND,RICHMOND,RICHMOND,N,N,N,LOWER MAINLAND,AIRPORT CONNECTOR BRIDGE & AIRPORT STATION & ARTHUR LAING BRIDGE & BRIDGEPORT RD & CESSNA DR & CESSNA DR OFRP & GRANT MCCONACHIE WAY & GRANT MCCONACHIE WAY OFRP & GRANT MCCONACHIE WAY ONRP & MILLER RD & RUSS BAKER WAY & RUSS BAKER WAY OFRP & RUSS BAKER W,CESSNA DR,CESSNA DR,15:00-17:59,1,0
N,PROPERTY DAMAGE ONLY,SE MARINE DR,N,2025,MONDAY,SIDE IMPACT,N,Y,49.211079,-123.077129,N,MARCH,N,VANCOUVER,VANCOUVER,VANCOUVER,N,N,N,LOWER MAINLAND,KNIGHT ST & KNIGHT ST BRIDGE & SE MARINE DR & SE MARINE DR OFFRAMP & SE MARINE DR ONRAMP & BUS LANE,KNIGHT ST,KNIGHT ST,15:00-17:59,1,0
N,PROPERTY DAMAGE ONLY,SE MARINE DR,N,2025,MONDAY,SIDE SWIPE - SAME DIRECTION,N,Y,49.211099,-123.102224,N,MARCH,N,VANCOUVER,VANCOUVER,VANCOUVER,N,N,N,LOWER MAINLAND,MAIN ST & SE MARINE DR,MAIN ST,MAIN ST,15:00-17:59,1,0
N,PROPERTY DAMAGE ONLY,SHANNON LAKE RD,N,2025,MONDAY,REAR END,N,Y,49.845093,-119.624137,N,MARCH,N,WEST KELOWNA,WEST KELOWNA,WEST KELOWNA,N,N,N,SOUTHERN INTERIOR,OLD OKANAGAN HWY & SHANNON LAKE RD,OLD OKANAGAN HWY,OLD OKANAGAN HWY,15:00-17:59,1,0
N,PROPERTY DAMAGE ONLY,SOUTHGATE ST,N,2025,MONDAY,UNDETERMINED,N,Y,48.416319,-123.355785,N,MARCH,N,VICTORIA,VICTORIA,VICTORIA,N,N,N,VANCOUVER ISLAND,COOK ST & SOUTHGATE ST,COOK ST,COOK ST,15:00-17:59,1,0
N,PROPERTY DAMAGE ONLY,ST GEORGES AVE,N,2025,MONDAY,REAR END,N,Y,49.319934,-123.069253,N,MARCH,N,NORTH VANCOUVER,NORTH VANCOUVER,NORTH VANCOUVER,N,N,N,LOWER MAINLAND,E 13TH ST & ST GEORGES AVE,E 13TH ST,E 13TH ST,15:00-17:59,1,0
N,PROPERTY DAMAGE ONLY,STEVESTON HWY ONRAMP,N,2025,MONDAY,SIDE IMPACT,Y,Y,49.133474,-123.086736,N,MARCH,N,RICHMOND,RICHMOND,RICHMOND,N,N,N,LOWER MAINLAND,HWY 99 & HWY 99 ONRAMP & STEVESTON HWY & STEVESTON HWY OFFRAMP & STEVESTON HWY ONRAMP & TOURIST BOOTH RD & BUS LANE & SCALE ACCESS,HWY 99,HWY 99,15:00-17:59,1,0
N,PROPERTY DAMAGE ONLY,SUMAS WAY,N,2025,MONDAY,REAR END,N,Y,49.036399,-122.267756,N,MARCH,N,ABBOTSFORD,ABBOTSFORD,ABBOTSFORD,N,N,N,LOWER MAINLAND,DELAIR RD & EAST DELAIR RD & SUMAS WAY & TURNING LANE,DELAIR RD,DELAIR RD,15:00-17:59,1,0
N,PROPERTY DAMAGE ONLY,SW MARINE DRIVE,N,2025,MONDAY,REAR END,N,N,\N,\N,N,MARCH,N,VANCOUVER,VANCOUVER,\N,N,N,N,LOWER MAINLAND,UNKNOWN,CAMBIE STREET,CAMBIE STREET,15:00-17:59,1,0
N,PROPERTY DAMAGE ONLY,TABOR BLVD,N,2025,MONDAY,SIDE IMPACT,N,Y,53.910355,-122.807023,N,MARCH,N,PRINCE GEORGE,PRINCE GEORGE,PRINCE GEORGE,N,N,N,NORTH CENTRAL,15TH AVE & TABOR BLVD,15TH AVE,15TH AVE,15:00-17:59,1,0
N,PROPERTY DAMAGE ONLY,TATTERSALL DR,N,2025,MONDAY,SIDE IMPACT,N,Y,48.456362,-123.369465,N,MARCH,N,SAANICH,SAANICH,SAANICH,N,N,N,VANCOUVER ISLAND,CALUMET AVE & SAANICH RD & TATTERSALL DR & TURNING LANE,SAANICH RD,SAANICH RD,15:00-17:59,1,0
N,PROPERTY DAMAGE ONLY,TERMINAL AVE,N,2025,MONDAY,REAR END,N,Y,49.271672,-123.093346,N,MARCH,N,VANCOUVER,VANCOUVER,VANCOUVER,N,N,N,LOWER MAINLAND,TERMINAL AVE & THORNTON ST,THORNTON ST,THORNTON ST,15:00-17:59,1,0
N,PROPERTY DAMAGE ONLY,THURLOW ST,N,2025,MONDAY,CONFLICTED,N,Y,49.286464,-123.121986,N,MARCH,N,VANCOUVER,VANCOUVER,VANCOUVER,N,N,N,LOWER MAINLAND,MELVILLE ST & THURLOW ST,MELVILLE ST,MELVILLE ST,15:00-17:59,1,0
N,PROPERTY DAMAGE ONLY,THURLOW ST,N,2025,MONDAY,SIDE SWIPE - SAME DIRECTION,N,Y,49.285723,-123.123132,N,MARCH,N,VANCOUVER,VANCOUVER,VANCOUVER,N,N,N,LOWER MAINLAND,THURLOW ST & W GEORGIA ST,W GEORGIA ST,W GEORGIA ST,15:00-17:59,1,0
N,PROPERTY DAMAGE ONLY,TILLICUM RD,N,2025,MONDAY,UNDETERMINED,Y,Y,48.449987,-123.397953,N,MARCH,N,SAANICH,SAANICH,SAANICH,N,N,N,VANCOUVER ISLAND,OBED AVE & TILLICUM RD,OBED AVE,OBED AVE,15:00-17:59,1,0
N,PROPERTY DAMAGE ONLY,TRIMBLE ST,N,2025,MONDAY,SIDE IMPACT,N,Y,49.262854,-123.206121,N,MARCH,N,VANCOUVER,VANCOUVER,VANCOUVER,N,N,N,LOWER MAINLAND,TRIMBLE ST & W 11TH AVE,W 11TH AVE,W 11TH AVE,15:00-17:59,1,0
N,PROPERTY DAMAGE ONLY,U/K,N,2025,MONDAY,SIDE SWIPE - SAME DIRECTION,N,N,\N,\N,N,MARCH,N,LANGLEY,LANGLEY,\N,N,N,N,LOWER MAINLAND,UNKNOWN,HWY 1,HWY 1,15:00-17:59,1,0
N,PROPERTY DAMAGE ONLY,UNION ST,N,2025,MONDAY,CONFLICTED,N,Y,49.277633,-123.099816,N,MARCH,N,VANCOUVER,VANCOUVER,VANCOUVER,N,N,N,LOWER MAINLAND,MAIN ST & MAIN ST ONRAMP & UNION ST,MAIN ST,MAIN ST,15:00-17:59,1,0
N,PROPERTY DAMAGE ONLY,VICTORIA DR,N,2025,MONDAY,REAR END,N,Y,49.209688,-123.066111,N,MARCH,N,VANCOUVER,VANCOUVER,VANCOUVER,N,N,N,LOWER MAINLAND,SE MARINE DR & VICTORIA DR,SE MARINE DR,SE MARINE DR,15:00-17:59,1,0
N,PROPERTY DAMAGE ONLY,VICTORIA DR,N,2025,MONDAY,SIDE IMPACT,N,Y,49.25954,-123.065949,N,MARCH,N,VANCOUVER,VANCOUVER,VANCOUVER,N,N,N,LOWER MAINLAND,E 12TH AVE & VICTORIA DR,E 12TH AVE,E 12TH AVE,15:00-17:59,1,0
N,PROPERTY DAMAGE ONLY,VIKING WAY,N,2025,MONDAY,SIDE IMPACT,N,Y,49.197648,-123.073321,N,MARCH,N,RICHMOND,RICHMOND,RICHMOND,N,N,N,LOWER MAINLAND,VIKING WAY & VULCAN WAY & UNNAMED LANE,VULCAN WAY,VULCAN WAY,15:00-17:59,1,0
N,PROPERTY DAMAGE ONLY,W 10TH AVE,N,2025,MONDAY,SIDE IMPACT,N,Y,49.262439,-123.12665,N,MARCH,N,VANCOUVER,VANCOUVER,VANCOUVER,Y,N,N,LOWER MAINLAND,OAK ST & W 10TH AVE,OAK ST,OAK ST,15:00-17:59,1,0
N,PROPERTY DAMAGE ONLY,W 19TH AVE,N,2025,MONDAY,REAR END,N,Y,49.255567,-123.185135,N,MARCH,N,VANCOUVER,VANCOUVER,VANCOUVER,N,N,N,LOWER MAINLAND,DUNBAR ST & W 19TH AVE,DUNBAR ST,DUNBAR ST,15:00-17:59,1,0
N,PROPERTY DAMAGE ONLY,W 41ST AVE,N,2025,MONDAY,SIDE IMPACT,N,Y,49.233812,-123.123875,N,MARCH,N,VANCOUVER,VANCOUVER,VANCOUVER,N,N,N,LOWER MAINLAND,W 41ST AVE & WILLOW ST,WILLOW ST,WILLOW ST,15:00-17:59,1,0
N,PROPERTY DAMAGE ONLY,W 46TH AVE,N,2025,MONDAY,CONFLICTED,Y,Y,49.229691,-123.139701,N,MARCH,N,VANCOUVER,VANCOUVER,VANCOUVER,N,N,N,LOWER MAINLAND,GRANVILLE ST & W 46TH AVE,GRANVILLE ST,GRANVILLE ST,15:00-17:59,1,0
N,PROPERTY DAMAGE ONLY,W 71ST AVE,N,2025,MONDAY,REAR END,N,Y,49.207069,-123.140585,N,MARCH,N,VANCOUVER,VANCOUVER,VANCOUVER,N,N,N,LOWER MAINLAND,GRANVILLE ST & W 71ST AVE,GRANVILLE ST,GRANVILLE ST,15:00-17:59,1,0
N,PROPERTY DAMAGE ONLY,W 72ND AVE,N,2025,MONDAY,CONFLICTED,N,Y,49.20571,-123.134687,N,MARCH,N,VANCOUVER,VANCOUVER,VANCOUVER,Y,N,N,LOWER MAINLAND,HUDSON ST & W 72ND AVE,HUDSON ST,HUDSON ST,15:00-17:59,1,0
N,PROPERTY DAMAGE ONLY,W 7TH AVE,N,2025,MONDAY,UNDETERMINED,N,Y,49.264811,-123.112854,N,MARCH,N,VANCOUVER,VANCOUVER,VANCOUVER,N,N,N,LOWER MAINLAND,W 7TH AVE & YUKON ST,YUKON ST,YUKON ST,15:00-17:59,1,0
N,PROPERTY DAMAGE ONLY,W BOULEVARD,N,2025,MONDAY,SINGLE VEHICLE,N,N,\N,\N,N,MARCH,N,VANCOUVER,VANCOUVER,\N,N,N,N,LOWER MAINLAND,UNKNOWN,W 49 AVENUE,W 49 AVENUE,15:00-17:59,1,0
N,PROPERTY DAMAGE ONLY,W BROADWAY,N,2025,MONDAY,SINGLE VEHICLE,N,Y,49.263205,-123.114853,N,MARCH,N,VANCOUVER,VANCOUVER,VANCOUVER,N,N,Y,LOWER MAINLAND,CAMBIE ST & W BROADWAY,CAMBIE ST,CAMBIE ST,15:00-17:59,1,0
N,PROPERTY DAMAGE ONLY,W GEORGIA ST,N,2025,MONDAY,REAR END,N,Y,49.281825,-123.117138,N,MARCH,N,VANCOUVER,VANCOUVER,VANCOUVER,N,N,N,LOWER MAINLAND,SEYMOUR ST & W GEORGIA ST,SEYMOUR ST,SEYMOUR ST,15:00-17:59,1,0
N,PROPERTY DAMAGE ONLY,W GEORGIA ST,N,2025,MONDAY,SIDE SWIPE - SAME DIRECTION,N,Y,49.285723,-123.123132,N,MARCH,N,VANCOUVER,VANCOUVER,VANCOUVER,N,N,N,LOWER MAINLAND,THURLOW ST & W GEORGIA ST,THURLOW ST,THURLOW ST,15:00-17:59,1,0
N,PROPERTY DAMAGE ONLY,W KEITH RD,N,2025,MONDAY,SIDE IMPACT,N,Y,49.320021,-123.084841,N,MARCH,N,NORTH VANCOUVER,NORTH VANCOUVER,NORTH VANCOUVER,N,N,N,LOWER MAINLAND,FORBES AVE & W KEITH RD,FORBES AVE,FORBES AVE,15:00-17:59,1,0
N,PROPERTY DAMAGE ONLY,W PENDER ST,N,2025,MONDAY,SIDE SWIPE - SAME DIRECTION,Y,Y,49.290575,-123.130597,N,MARCH,N,VANCOUVER,VANCOUVER,VANCOUVER,N,N,N,LOWER MAINLAND,CARDERO ST & W GEORGIA ST & W PENDER ST,W GEORGIA ST,W GEORGIA ST,15:00-17:59,1,0
N,PROPERTY DAMAGE ONLY,WAKESIAH AVE,N,2025,MONDAY,REAR END,N,Y,49.162784,-123.961069,N,MARCH,N,NANAIMO,NANAIMO,NANAIMO,N,N,N,VANCOUVER ISLAND,THIRD ST & WAKESIAH AVE,THIRD ST,THIRD ST,15:00-17:59,1,0
N,PROPERTY DAMAGE ONLY,WILKINSON RD,N,2025,MONDAY,SIDE SWIPE - SAME DIRECTION,N,Y,48.478409,-123.410685,N,MARCH,N,SAANICH,SAANICH,SAANICH,N,N,N,VANCOUVER ISLAND,HASTINGS ST & INTERURBAN RD & WILKINSON RD & MALL ACCESS & TURNING LANE,INTERURBAN RD,INTERURBAN RD,15:00-17:59,1,0
N,PROPERTY DAMAGE ONLY,WILLIAMS RD,N,2025,MONDAY,SIDE SWIPE - SAME DIRECTION,N,Y,49.140885,-123.136704,N,MARCH,N,RICHMOND,RICHMOND,RICHMOND,N,N,N,LOWER MAINLAND,NO 3 RD & WILLIAMS RD,NO 3 RD,NO 3 RD,15:00-17:59,1,0
N,PROPERTY DAMAGE ONLY,WILLINGDON AVE,N,2025,MONDAY,REAR END,N,Y,49.221954,-123.010867,N,MARCH,N,BURNABY,BURNABY,BURNABY,N,N,N,LOWER MAINLAND,IMPERIAL ST & WILLINGDON AVE,IMPERIAL ST,IMPERIAL ST,15:00-17:59,1,0
N,PROPERTY DAMAGE ONLY,WILLINGDON AVE,N,2025,MONDAY,SIDE IMPACT,N,Y,49.221954,-123.010867,N,MARCH,N,BURNABY,BURNABY,BURNABY,N,N,N,LOWER MAINLAND,IMPERIAL ST & WILLINGDON AVE,IMPERIAL ST,IMPERIAL ST,15:00-17:59,1,0
N,PROPERTY DAMAGE ONLY,WILLINGDON AVE,N,2025,MONDAY,SIDE SWIPE - SAME DIRECTION,N,Y,49.227649,-123.007555,N,MARCH,N,BURNABY,BURNABY,BURNABY,N,N,N,LOWER MAINLAND,CENTRAL BLVD & WILLINGDON AVE,CENTRAL BLVD,CENTRAL BLVD,15:00-17:59,1,0
N,PROPERTY DAMAGE ONLY,YOUNG RD,N,2025,MONDAY,SINGLE VEHICLE,N,N,\N,\N,N,MARCH,N,CHILLIWACK,CHILLIWACK,\N,N,N,Y,LOWER MAINLAND,UNKNOWN,1ST AVE,1ST AVE,15:00-17:59,1,0
N,PROPERTY DAMAGE ONLY,YUKON ST,N,2025,MONDAY,REAR END,N,Y,49.260384,-123.112987,N,MARCH,N,VANCOUVER,VANCOUVER,VANCOUVER,N,N,N,LOWER MAINLAND,W 12TH AVE & YUKON ST,W 12TH AVE,W 12TH AVE,15:00-17:59,1,0
Y,CASUALTY CRASH,MCCLURE RD,N,2025,MONDAY,SINGLE VEHICLE,N,Y,49.815822,-119.483075,N,MARCH,N,KELOWNA,KELOWNA,KELOWNA,N,N,N,SOUTHERN INTERIOR,GORDON DR & MCCLURE RD,GORDON DR,GORDON DR,15:00-17:59,1,1
Y,PROPERTY DAMAGE ONLY,\N,N,2025,MONDAY,SINGLE VEHICLE,N,N,\N,\N,N,MARCH,N,ALEXIS CREEK,ALEXIS CREEK,\N,N,N,N,NORTH CENTRAL,UNKNOWN,HWY 20,HWY 20,15:00-17:59,1,0
Y,PROPERTY DAMAGE ONLY,\N,N,2025,MONDAY,SINGLE VEHICLE,N,N,\N,\N,N,MARCH,N,BEAVERDELL,BEAVERDELL,\N,N,N,N,SOUTHERN INTERIOR,UNKNOWN,HWY 33,HWY 33,15:00-17:59,1,0
Y,PROPERTY DAMAGE ONLY,\N,N,2025,MONDAY,SINGLE VEHICLE,N,N,\N,\N,N,MARCH,N,FORT ST. JAMES,FORT ST. JAMES,\N,N,N,N,NORTH CENTRAL,UNKNOWN,HWY 27,HWY 27,15:00-17:59,1,0
Y,PROPERTY DAMAGE ONLY,\N,N,2025,MONDAY,SINGLE VEHICLE,N,N,\N,\N,N,MARCH,N,FORT ST. JOHN,FORT ST. JOHN,\N,N,N,N,NORTH CENTRAL,UNKNOWN,HWY 97,HWY 97,15:00-17:59,1,0
Y,PROPERTY DAMAGE ONLY,\N,N,2025,MONDAY,SINGLE VEHICLE,N,N,\N,\N,N,MARCH,N,FORT STEELE,FORT STEELE,\N,N,N,N,SOUTHERN INTERIOR,UNKNOWN,HWY 93,HWY 93,15:00-17:59,1,0
Y,PROPERTY DAMAGE ONLY,\N,N,2025,MONDAY,SINGLE VEHICLE,N,N,\N,\N,N,MARCH,N,GRAND FORKS,GRAND FORKS,\N,N,N,N,SOUTHERN INTERIOR,UNKNOWN,HWY 3,HWY 3,15:00-17:59,1,0
Y,PROPERTY DAMAGE ONLY,\N,N,2025,MONDAY,SINGLE VEHICLE,N,N,\N,\N,N,MARCH,N,NAKUSP,NAKUSP,\N,N,N,N,SOUTHERN INTERIOR,UNKNOWN,HWY 23,HWY 23,15:00-17:59,1,0
Y,PROPERTY DAMAGE ONLY,\N,N,2025,MONDAY,SINGLE VEHICLE,N,N,\N,\N,N,MARCH,N,NAKUSP,NAKUSP,\N,N,N,N,SOUTHERN INTERIOR,UNKNOWN,HWY 6,HWY 6,15:00-17:59,1,0
Y,PROPERTY DAMAGE ONLY,\N,N,2025,MONDAY,SINGLE VEHICLE,N,N,\N,\N,N,MARCH,N,PORT COQUITLAM,PORT COQUITLAM,\N,N,N,N,LOWER MAINLAND,UNKNOWN,FREMONT ST,FREMONT ST,15:00-17:59,1,0
Y,PROPERTY DAMAGE ONLY,\N,N,2025,MONDAY,SINGLE VEHICLE,N,N,\N,\N,N,MARCH,N,QUALICUM BEACH,QUALICUM BEACH,\N,N,N,N,VANCOUVER ISLAND,UNKNOWN,HWY 19A,HWY 19A,15:00-17:59,1,0
Y,PROPERTY DAMAGE ONLY,\N,N,2025,MONDAY,SINGLE VEHICLE,N,N,52.105953,-122.137636,Y,MARCH,N,WILLIAMS LAKE,WILLIAMS LAKE,WILLIAMS LAKE,N,N,N,NORTH CENTRAL,DOG CREEK RD # 000701 TO 000799,DOG CREEK RD,DOG CREEK RD,15:00-17:59,1,0
Y,PROPERTY DAMAGE ONLY,259 RD,N,2025,MONDAY,SINGLE VEHICLE,N,Y,56.217189,-120.768431,N,MARCH,N,FORT ST. JOHN,FORT ST. JOHN,FORT ST. JOHN,N,N,N,NORTH CENTRAL,259 RD & BARRETTE RD & HWY 97 N & TURNING LANE,ALASKA HWY,ALASKA HWY,15:00-17:59,1,0
Y,PROPERTY DAMAGE ONLY,COLLEGE DR,N,2025,MONDAY,SINGLE VEHICLE,N,Y,49.154391,-123.97182,N,MARCH,N,NANAIMO,NANAIMO,NANAIMO,N,N,N,VANCOUVER ISLAND,COLLEGE DR & COLLEGE DR OFFRAMP & COLLEGE DR ONRAMP & FIFTH ST & FIFTH ST OFFRAMP & FIFTH ST ONRAMP & NANAIMO PKY,NANAIMO PKY,NANAIMO PKY,15:00-17:59,1,0
Y,PROPERTY DAMAGE ONLY,KENEEDY RD,N,2025,MONDAY,SINGLE VEHICLE,N,N,\N,\N,N,MARCH,N,CRANBROOK,CRANBROOK,\N,N,N,N,SOUTHERN INTERIOR,UNKNOWN,HWY 95A,HWY 95A,15:00-17:59,1,0
