ANIMAL_FLAG,CRASH_SEVERITY,CROSS_STREET_FULL_NAME,CYCLIST_FLAG,DATE_OF_LOSS_YEAR,DAY_OF_WEEK,DERIVED_CRASH_CONFIGURATION,HEAVY_VEH_FLAG,INTERSECTION_CRASH,LATITUDE,LONGITUDE,MID_BLOCK_CRASH,MONTH_OF_YEAR,MOTORCYCLE_FLAG,Municipality Name (ifnull),MUNICIPALITY_NAME,MUNICIPALITY_WITH_BOUNDARY,PARKED_VEHICLE_FLAG,PARKING_LOT_FLAG,PEDESTRIAN_FLAG,REGION,ROAD_LOCATION_DESCRIPTION,Street Full Name (ifnull),STREET_FULL_NAME,TIME_CATEGORY,TOTAL_CRASHES,TOTAL_VICTIMS
N,CASUALTY CRASH,\N,N,2023,TUESDAY,CONFLICTED,N,N,\N,\N,N,FEBRUARY,N,VANCOUVER,VANCOUVER,\N,N,N,N,LOWER MAINLAND,UNKNOWN,GRANVILLE ST,GRANVILLE ST,09:00-11:59,1,1
N,CASUALTY CRASH,\N,N,2023,TUESDAY,REAR END,N,N,\N,\N,N,FEBRUARY,N,SURREY,SURREY,\N,N,N,N,LOWER MAINLAND,UNKNOWN,105A AVE,105A AVE,09:00-11:59,1,1
N,CASUALTY CRASH,\N,N,2023,TUESDAY,SIDE IMPACT,N,N,49.039614,-122.220418,Y,FEBRUARY,N,ABBOTSFORD,ABBOTSFORD,ABBOTSFORD,N,Y,N,LOWER MAINLAND,WHATCOM RD # 002050 TO 002068 even,WHATCOM RD,WHATCOM RD,09:00-11:59,1,2
N,CASUALTY CRASH,\N,N,2023,TUESDAY,SIDE IMPACT,N,N,50.706966,-119.253922,Y,FEBRUARY,N,SALMON ARM,SALMON ARM,SALMON ARM,N,Y,N,SOUTHERN INTERIOR,10 AVE NE # 002638 TO 002898 even,10 AVE NE,10 AVE NE,09:00-11:59,1,1
N,CASUALTY CRASH,\N,N,2023,TUESDAY,SIDE SWIPE - SAME DIRECTION,N,N,49.176969,-123.956113,Y,FEBRUARY,N,NANAIMO,NANAIMO,NANAIMO,Y,N,N,VANCOUVER ISLAND,TOWNSITE RD # 000600 TO 000699,TOWNSITE RD,TOWNSITE RD,09:00-11:59,1,1
N,CASUALTY CRASH,\N,N,2023,TUESDAY,SINGLE VEHICLE,N,N,\N,\N,N,FEBRUARY,N,100 MILE HOUSE,100 MILE HOUSE,\N,N,N,N,NORTH CENTRAL,UNKNOWN,HORSE LAKE RD,HORSE LAKE RD,09:00-11:59,1,1
N,CASUALTY CRASH,\N,N,2023,TUESDAY,SINGLE VEHICLE,N,N,\N,\N,N,FEBRUARY,N,HAZELTON,HAZELTON,\N,N,N,N,NORTH CENTRAL,UNKNOWN,HWY 16,HWY 16,09:00-11:59,1,2
N,CASUALTY CRASH,\N,N,2023,TUESDAY,SINGLE VEHICLE,N,N,\N,\N,N,FEBRUARY,N,LONE BUTTE,LONE BUTTE,\N,N,N,N,NORTH CENTRAL,UNKNOWN,HWY 24,HWY 24,09:00-11:59,1,1
N,CASUALTY CRASH,\N,N,2023,TUESDAY,SINGLE VEHICLE,N,N,\N,\N,N,FEBRUARY,N,ROBERTS CREEK,ROBERTS CREEK,\N,N,N,N,LOWER MAINLAND,UNKNOWN,SUNSHINE COAST HWY,SUNSHINE COAST HWY,09:00-11:59,1,1
N,CASUALTY CRASH,\N,N,2023,TUESDAY,SINGLE VEHICLE,N,N,\N,\N,N,FEBRUARY,N,VANCOUVER,VANCOUVER,\N,N,N,N,LOWER MAINLAND,UNKNOWN,SW MARINE DR,SW MARINE DR,09:00-11:59,1,1
N,CASUALTY CRASH,\N,N,2023,TUESDAY,SINGLE VEHICLE,N,N,\N,\N,N,FEBRUARY,N,WEST VANCOUVER,WEST VANCOUVER,\N,N,N,N,LOWER MAINLAND,UNKNOWN,HWY 1,HWY 1,09:00-11:59,1,1
N,CASUALTY CRASH,\N,N,2023,TUESDAY,SINGLE VEHICLE,N,N,48.42849,-123.368985,Y,FEBRUARY,N,VICTORIA,VICTORIA,VICTORIA,N,N,N,VANCOUVER ISLAND,PANDORA AVE # 000500 TO 000551,PANDORA AVE,PANDORA AVE,09:00-11:59,1,1
N,CASUALTY CRASH,\N,N,2023,TUESDAY,SINGLE VEHICLE,N,N,49.049163,-122.342187,Y,FEBRUARY,N,ABBOTSFORD,ABBOTSFORD,ABBOTSFORD,N,Y,Y,LOWER MAINLAND,VICTORIA ST # 002560 TO 002599,VICTORIA ST,VICTORIA ST,09:00-11:59,1,1
N,CASUALTY CRASH,\N,N,2023,TUESDAY,SINGLE VEHICLE,N,N,49.332209,-123.124245,Y,FEBRUARY,N,WEST VANCOUVER,WEST VANCOUVER,WEST VANCOUVER,N,Y,Y,LOWER MAINLAND,3RD ST # 000800 TO 000965,3RD ST,3RD ST,09:00-11:59,1,1
N,CASUALTY CRASH,\N,N,2023,TUESDAY,UNDETERMINED,N,N,49.249042,-122.866624,Y,FEBRUARY,N,COQUITLAM,COQUITLAM,COQUITLAM,N,Y,N,LOWER MAINLAND,AUSTIN AVE # 001001 TO 001019 odd,AUSTIN AVE,AUSTIN AVE,09:00-11:59,1,3
N,CASUALTY CRASH,\N,N,2023,TUESDAY,UNDETERMINED,Y,N,\N,\N,N,FEBRUARY,N,REVELSTOKE,REVELSTOKE,\N,N,N,N,SOUTHERN INTERIOR,UNKNOWN,HWY 1,HWY 1,09:00-11:59,1,1
N,CASUALTY CRASH,\N,Y,2023,TUESDAY,SIDE IMPACT,N,N,\N,\N,N,FEBRUARY,N,VANCOUVER,VANCOUVER,\N,N,N,N,LOWER MAINLAND,UNKNOWN,ONTARIO ST,ONTARIO ST,09:00-11:59,1,1
N,CASUALTY CRASH,103 AVE,N,2023,TUESDAY,CONFLICTED,N,Y,49.189345,-122.778518,N,FEBRUARY,N,SURREY,SURREY,SURREY,N,N,N,LOWER MAINLAND,103 AVE & 160 ST,160 ST,160 ST,09:00-11:59,1,2
N,CASUALTY CRASH,12TH,N,2023,TUESDAY,REAR END,N,N,\N,\N,N,FEBRUARY,N,VANCOUVER,VANCOUVER,\N,N,N,N,LOWER MAINLAND,UNKNOWN,MCDONALD,MCDONALD,09:00-11:59,1,1
N,CASUALTY CRASH,192 ST,N,2023,TUESDAY,SIDE IMPACT,N,Y,49.045665,-122.691402,N,FEBRUARY,N,SURREY,SURREY,SURREY,N,N,N,LOWER MAINLAND,192 ST & 24 AVE,24 AVE,24 AVE,09:00-11:59,1,1
N,CASUALTY CRASH,200 ST,N,2023,TUESDAY,HEAD ON,N,Y,49.155594,-122.668047,N,FEBRUARY,N,LANGLEY,LANGLEY,LANGLEY,N,N,N,LOWER MAINLAND,200 ST & 84 AVE & TURNING LANE,84 AVE,84 AVE,09:00-11:59,1,1
N,CASUALTY CRASH,22ND AVE,N,2023,TUESDAY,SIDE IMPACT,N,Y,53.903641,-122.791796,N,FEBRUARY,N,PRINCE GEORGE,PRINCE GEORGE,PRINCE GEORGE,N,N,N,NORTH CENTRAL,22ND AVE & QUINN ST,QUINN ST,QUINN ST,09:00-11:59,1,1
N,CASUALTY CRASH,24TH AVE N,N,2023,TUESDAY,HEAD ON,N,Y,49.513855,-115.749049,N,FEBRUARY,N,CRANBROOK,CRANBROOK,CRANBROOK,N,N,N,SOUTHERN INTERIOR,24TH AVE N & 2ND ST N & COLLEGE WAY,2ND ST N,2ND ST N,09:00-11:59,1,1
N,CASUALTY CRASH,69A AVE,N,2023,TUESDAY,SINGLE VEHICLE,N,Y,49.129486,-122.867808,N,FEBRUARY,N,SURREY,SURREY,SURREY,N,N,N,LOWER MAINLAND,128 ST & 69A AVE,128 ST,128 ST,09:00-11:59,1,1
N,CASUALTY CRASH,72 AVE,N,2023,TUESDAY,REAR END,N,Y,49.133654,-122.83025,N,FEBRUARY,N,SURREY,SURREY,SURREY,N,N,N,LOWER MAINLAND,141A ST & 72 AVE,141A ST,141A ST,09:00-11:59,1,1
N,CASUALTY CRASH,78A AVE,N,2023,TUESDAY,SIDE IMPACT,N,Y,49.145337,-122.912577,N,FEBRUARY,N,DELTA,DELTA,DELTA,Y,N,N,LOWER MAINLAND,112 ST & 78A AVE,112 ST,112 ST,09:00-11:59,1,1
N,CASUALTY CRASH,82 AVE,N,2023,TUESDAY,CONFLICTED,N,Y,49.151948,-122.668135,N,FEBRUARY,N,LANGLEY,LANGLEY,LANGLEY,N,N,N,LOWER MAINLAND,200 ST & 82 AVE,200 ST,200 ST,09:00-11:59,1,1
N,CASUALTY CRASH,88 AVE,N,2023,TUESDAY,REAR END,N,Y,49.164209,-122.668857,N,FEBRUARY,N,LANGLEY,LANGLEY,LANGLEY,N,N,N,LOWER MAINLAND,200 ST & 200 ST OFFRAMP & 88 AVE & 88 AVE ONRAMP & HWY 1 ONRAMP & TRANS-CANADA HWY,200 ST,200 ST,09:00-11:59,1,4
N,CASUALTY CRASH,92 AVE,N,2023,TUESDAY,CONFLICTED,N,Y,49.169776,-122.868042,N,FEBRUARY,N,SURREY,SURREY,SURREY,N,N,N,LOWER MAINLAND,128 ST & 92 AVE & DAVID BRANKIN ELEMENTARY SCHOOL ACCESS,128 ST,128 ST,09:00-11:59,1,1
N,CASUALTY CRASH,92A AVE,N,2023,TUESDAY,REAR END,N,Y,49.170793,-122.868056,N,FEBRUARY,N,SURREY,SURREY,SURREY,N,N,N,LOWER MAINLAND,128 ST & 92A AVE,128 ST,128 ST,09:00-11:59,1,1
N,CASUALTY CRASH,93 AVE,N,2023,TUESDAY,SIDE IMPACT,N,Y,49.171203,-122.645882,N,FEBRUARY,N,LANGLEY,LANGLEY,LANGLEY,N,N,N,LOWER MAINLAND,208 ST & 93 AVE,208 ST,208 ST,09:00-11:59,1,2
N,CASUALTY CRASH,98 AVE,N,2023,TUESDAY,SIDE IMPACT,N,Y,49.180677,-122.789896,N,FEBRUARY,N,SURREY,SURREY,SURREY,N,N,N,LOWER MAINLAND,156 ST & 98 AVE,156 ST,156 ST,09:00-11:59,1,1
N,CASUALTY CRASH,ANSON AVE,N,2023,TUESDAY,CONFLICTED,N,Y,49.27834,-122.795372,N,FEBRUARY,N,COQUITLAM,COQUITLAM,COQUITLAM,N,N,N,LOWER MAINLAND,ANSON AVE & PINETREE WAY & MALL ACCESS,PINETREE WAY,PINETREE WAY,09:00-11:59,1,3
N,CASUALTY CRASH,BECK RD,N,2023,TUESDAY,HEAD ON,N,Y,49.067189,-123.87792,N,FEBRUARY,N,NANAIMO,NANAIMO,NANAIMO,N,N,N,VANCOUVER ISLAND,BECK RD & CANYON RD & CASSIDY STATION RD & TRANS-CANADA HWY & REST AREA & TURNING LANE,HWY 1,HWY 1,09:00-11:59,1,1
N,CASUALTY CRASH,BROOKS AVE,N,2023,TUESDAY,SIDE IMPACT,N,Y,49.15893,-121.948503,N,FEBRUARY,N,CHILLIWACK,CHILLIWACK,CHILLIWACK,N,N,N,LOWER MAINLAND,BROOKS AVE & ELM DR,ELM DR,ELM DR,09:00-11:59,1,2
N,CASUALTY CRASH,BURNSIDE RD E,N,2023,TUESDAY,REAR END,N,Y,48.441891,-123.369108,N,FEBRUARY,N,VICTORIA,VICTORIA,VICTORIA,N,N,N,VANCOUVER ISLAND,BURNSIDE RD E & DOUGLAS ST & DUNEDIN ST & TURNING LANE,DOUGLAS ST,DOUGLAS ST,09:00-11:59,1,1
N,CASUALTY CRASH,BUTE ST,N,2023,TUESDAY,SIDE IMPACT,N,Y,49.288364,-123.123384,N,FEBRUARY,N,VANCOUVER,VANCOUVER,VANCOUVER,N,N,N,LOWER MAINLAND,BUTE ST & W PENDER ST,W PENDER ST,W PENDER ST,09:00-11:59,1,1
N,CASUALTY CRASH,CAMBIE ST,N,2023,TUESDAY,SINGLE VEHICLE,Y,Y,49.23354,-123.116194,N,FEBRUARY,N,VANCOUVER,VANCOUVER,VANCOUVER,N,N,Y,LOWER MAINLAND,CAMBIE ST & W 41ST AVE,W 41ST AVE,W 41ST AVE,09:00-11:59,1,1
N,CASUALTY CRASH,CLEMENT AVE,N,2023,TUESDAY,REAR END,N,Y,49.893577,-119.476994,N,FEBRUARY,N,KELOWNA,KELOWNA,KELOWNA,N,N,N,SOUTHERN INTERIOR,CLEMENT AVE & GORDON DR & OKANAGAN RAIL TRAIL & TURNING LANE,GORDON DR,GORDON DR,09:00-11:59,1,1
N,CASUALTY CRASH,COAST MERIDIAN RD,N,2023,TUESDAY,SIDE SWIPE - SAME DIRECTION,Y,Y,49.292956,-122.755892,N,FEBRUARY,N,COQUITLAM,COQUITLAM,COQUITLAM,N,N,N,LOWER MAINLAND,COAST MERIDIAN RD & DAVID AVE,DAVID AVE,DAVID AVE,09:00-11:59,1,1
N,CASUALTY CRASH,COPPERHEAD DRIVE,N,2023,TUESDAY,REAR END,N,N,\N,\N,N,FEBRUARY,N,KAMLOOPS,KAMLOOPS,\N,N,N,N,SOUTHERN INTERIOR,UNKNOWN,LAC LE JEUNE RD,LAC LE JEUNE RD,09:00-11:59,1,1
N,CASUALTY CRASH,E 19TH ST,N,2023,TUESDAY,CONFLICTED,N,Y,49.326098,-123.060336,N,FEBRUARY,N,NORTH VANCOUVER,NORTH VANCOUVER,NORTH VANCOUVER,N,N,N,LOWER MAINLAND,E 19TH ST & GRAND BLVD,GRAND BLVD,GRAND BLVD,09:00-11:59,1,1
N,CASUALTY CRASH,E 41ST AVE,N,2023,TUESDAY,REAR END,N,Y,49.232629,-123.071514,N,FEBRUARY,N,VANCOUVER,VANCOUVER,VANCOUVER,N,N,N,LOWER MAINLAND,ARGYLE ST & E 41ST AVE,ARGYLE ST,ARGYLE ST,09:00-11:59,1,2
N,CASUALTY CRASH,E BROADWAY,N,2023,TUESDAY,REAR END,N,Y,49.261898,-123.033733,N,FEBRUARY,N,VANCOUVER,VANCOUVER,VANCOUVER,N,N,N,LOWER MAINLAND,E BROADWAY & RUPERT ST,RUPERT ST,RUPERT ST,09:00-11:59,1,2
N,CASUALTY CRASH,E KEITH RD,N,2023,TUESDAY,UNDETERMINED,N,Y,49.316466,-123.073958,N,FEBRUARY,N,NORTH VANCOUVER,NORTH VANCOUVER,NORTH VANCOUVER,N,N,N,LOWER MAINLAND,E KEITH RD & LONSDALE AVE & W KEITH RD,LONSDALE AVE,LONSDALE AVE,09:00-11:59,1,1
N,CASUALTY CRASH,ETHEL ST,N,2023,TUESDAY,SIDE IMPACT,N,Y,49.889322,-119.482746,N,FEBRUARY,N,KELOWNA,KELOWNA,KELOWNA,N,N,N,SOUTHERN INTERIOR,ETHEL ST & STOCKWELL AVE,STOCKWELL AVE,STOCKWELL AVE,09:00-11:59,1,1
N,CASUALTY CRASH,GLOVER RD,N,2023,TUESDAY,SIDE SWIPE - SAME DIRECTION,N,Y,49.111881,-122.645899,N,FEBRUARY,N,LANGLEY,LANGLEY,LANGLEY,N,N,N,LOWER MAINLAND,GLOVER RD & LANGLEY BYPASS & TURNING LANE,LANGLEY BYPASS,LANGLEY BYPASS,09:00-11:59,1,3
N,CASUALTY CRASH,GOLDEN DR,N,2023,TUESDAY,SIDE SWIPE - OPPOSITE DIRECTION,N,Y,49.23331,-122.81765,N,FEBRUARY,N,COQUITLAM,COQUITLAM,COQUITLAM,Y,N,N,LOWER MAINLAND,GLACIER ST & GOLDEN DR,GLACIER ST,GLACIER ST,09:00-11:59,1,1
N,CASUALTY CRASH,GOVERNMENT ST,N,2023,TUESDAY,REAR END,N,Y,48.777047,-123.708271,N,FEBRUARY,N,DUNCAN,DUNCAN,DUNCAN,N,N,N,VANCOUVER ISLAND,CRAIG ST & GOVERNMENT ST,CRAIG ST,CRAIG ST,09:00-11:59,1,1
N,CASUALTY CRASH,HARRIET RD,N,2023,TUESDAY,SIDE IMPACT,N,Y,48.44945,-123.384629,N,FEBRUARY,N,SAANICH,SAANICH,SAANICH & VICTORIA,N,N,N,VANCOUVER ISLAND,BURNSIDE RD E & BURNSIDE RD W & HARRIET RD,BURNSIDE RD E,BURNSIDE RD E,09:00-11:59,1,1
N,CASUALTY CRASH,HILLSIDE WAY,N,2023,TUESDAY,REAR END,N,Y,50.657497,-120.370268,N,FEBRUARY,N,KAMLOOPS,KAMLOOPS,KAMLOOPS,N,N,N,SOUTHERN INTERIOR,HILLSIDE DR & HILLSIDE WAY & MALL ACCESS & TURNING LANE,HILLSIDE DR,HILLSIDE DR,09:00-11:59,1,1
N,CASUALTY CRASH,HOLDOM AVE,N,2023,TUESDAY,REAR END,N,Y,49.275482,-122.980983,N,FEBRUARY,N,BURNABY,BURNABY,BURNABY,N,N,N,LOWER MAINLAND,CURTIS ST & HOLDOM AVE & PARKER ST,CURTIS ST,CURTIS ST,09:00-11:59,1,2
N,CASUALTY CRASH,HWY 1,N,2023,TUESDAY,CONFLICTED,N,Y,49.257636,-123.004065,N,FEBRUARY,N,BURNABY,BURNABY,BURNABY,N,N,N,LOWER MAINLAND,GRANDVIEW HWY & GRANDVIEW HWY ONRAMP & TRANS-CANADA HWY & TRANS-CANADA HWY ONRAMP & WILLINGDON AVE & WILLINGDON AVE OFFRAMP & EMERGENCY LANE,WILLINGDON AVE,WILLINGDON AVE,09:00-11:59,1,4
N,CASUALTY CRASH,IMPERIAL ST,N,2023,TUESDAY,REAR END,N,Y,49.221954,-123.010867,N,FEBRUARY,N,BURNABY,BURNABY,BURNABY,N,N,N,LOWER MAINLAND,IMPERIAL ST & WILLINGDON AVE,WILLINGDON AVE,WILLINGDON AVE,09:00-11:59,1,1
N,CASUALTY CRASH,INDUSTRIAL WAY,N,2023,TUESDAY,REAR END,N,Y,49.146504,-122.00694,N,FEBRUARY,N,CHILLIWACK,CHILLIWACK,CHILLIWACK,N,N,N,LOWER MAINLAND,INDUSTRIAL WAY & LICKMAN RD & YALE RD & TURNING LANE,LICKMAN RD,LICKMAN RD,09:00-11:59,1,2
N,CASUALTY CRASH,JAMES ST,N,2023,TUESDAY,CONFLICTED,N,Y,49.240546,-123.10409,N,FEBRUARY,N,VANCOUVER,VANCOUVER,VANCOUVER,N,N,N,LOWER MAINLAND,E 33RD AVE & JAMES ST,E 33RD AVE,E 33RD AVE,09:00-11:59,1,1
N,CASUALTY CRASH,JONES AVE,N,2023,TUESDAY,SIDE IMPACT,N,Y,49.31999,-123.081725,N,FEBRUARY,N,NORTH VANCOUVER,NORTH VANCOUVER,NORTH VANCOUVER,N,N,N,LOWER MAINLAND,JONES AVE & W KEITH RD,W KEITH RD,W KEITH RD,09:00-11:59,1,1
N,CASUALTY CRASH,KENSINGTON AVE,N,2023,TUESDAY,REAR END,N,Y,49.243677,-122.967599,N,FEBRUARY,N,BURNABY,BURNABY,BURNABY,N,N,N,LOWER MAINLAND,KENSINGTON AVE & KENSINGTON AVE OFFRAMP & TRANS-CANADA HWY & TRANS-CANADA HWY ONRAMP,HWY 1,HWY 1,09:00-11:59,1,1
N,CASUALTY CRASH,KING GEORGE BLVD,N,2023,TUESDAY,REAR END,Y,Y,49.051786,-122.801262,N,FEBRUARY,N,SURREY,SURREY,SURREY,N,N,N,LOWER MAINLAND,152 ST & KING GEORGE BLVD & TURNING LANE,152 ST,152 ST,09:00-11:59,1,1
N,CASUALTY CRASH,LAKE CITY WAY,N,2023,TUESDAY,REAR END,Y,Y,49.254241,-122.938051,N,FEBRUARY,N,BURNABY,BURNABY,BURNABY,N,N,N,LOWER MAINLAND,LAKE CITY WAY & LOUGHEED HWY,LOUGHEED HWY,LOUGHEED HWY,09:00-11:59,1,1
N,CASUALTY CRASH,LANGLEY BYPASS,N,2023,TUESDAY,REAR END,N,Y,49.113331,-122.656783,N,FEBRUARY,N,LANGLEY,LANGLEY,LANGLEY,N,N,N,LOWER MAINLAND,204 ST & LANGLEY BYPASS,204 ST,204 ST,09:00-11:59,1,1
N,CASUALTY CRASH,LARCH AVE,N,2023,TUESDAY,REAR END,N,Y,52.971611,-122.441024,N,FEBRUARY,N,QUESNEL,QUESNEL,QUESNEL,N,N,N,NORTH CENTRAL,ASH AVE & CEDAR AVE & HWY 97 N & HWY 97 S & JUNIPER RD & LARCH AVE & NEWMAN RD & TURNING LANE,CARIBOO HWY N,CARIBOO HWY N,09:00-11:59,1,1
N,CASUALTY CRASH,LOSETH DR,N,2023,TUESDAY,UNDETERMINED,Y,N,\N,\N,N,FEBRUARY,N,KELOWNA,KELOWNA,\N,N,N,N,SOUTHERN INTERIOR,UNKNOWN,HWY 33,HWY 33,09:00-11:59,1,2
N,CASUALTY CRASH,MACMILLAN BLOEDEL FS RD,N,2023,TUESDAY,REAR END,N,N,\N,\N,N,FEBRUARY,N,CHEMAINUS,CHEMAINUS,\N,N,N,N,VANCOUVER ISLAND,UNKNOWN,HWY 1,HWY 1,09:00-11:59,1,1
N,CASUALTY CRASH,MASSEY DR,N,2023,TUESDAY,REAR END,N,Y,53.898913,-122.790985,N,FEBRUARY,N,PRINCE GEORGE,PRINCE GEORGE,PRINCE GEORGE,N,N,N,NORTH CENTRAL,MASSEY DR & OSPIKA BLVD & TURNING LANE,OSPIKA BLVD,OSPIKA BLVD,09:00-11:59,1,1
N,CASUALTY CRASH,MINTER ST,N,2023,TUESDAY,SIDE IMPACT,Y,Y,49.050964,-122.333901,N,FEBRUARY,N,ABBOTSFORD,ABBOTSFORD,ABBOTSFORD,N,N,N,LOWER MAINLAND,MINTER ST & SOUTH FRASER WAY,SOUTH FRASER WAY,SOUTH FRASER WAY,09:00-11:59,1,1
N,CASUALTY CRASH,MISSION RD,N,2023,TUESDAY,UNDETERMINED,N,Y,49.548628,-115.751338,N,FEBRUARY,N,CRANBROOK,CRANBROOK,CRANBROOK,N,N,N,SOUTHERN INTERIOR,HWY 95A & MISSION RD & THEATRE RD,HWY 95A,HWY 95A,09:00-11:59,1,1
N,CASUALTY CRASH,NORTH RD,N,2023,TUESDAY,SIDE IMPACT,N,Y,49.245916,-122.892678,N,FEBRUARY,N,BURNABY,BURNABY,BURNABY & COQUITLAM,N,N,N,LOWER MAINLAND,LOUGHEED HWY & NORTH RD & TURNING LANE,LOUGHEED HWY,LOUGHEED HWY,09:00-11:59,1,1
N,CASUALTY CRASH,OKANAGAN AVE NE,N,2023,TUESDAY,SIDE IMPACT,N,Y,50.699862,-119.262095,N,FEBRUARY,N,SALMON ARM,SALMON ARM,SALMON ARM,N,N,N,SOUTHERN INTERIOR,20 ST NE & 20 ST SE & OKANAGAN AVE NE & OKANAGAN AVE SE,20 ST NE,20 ST NE,09:00-11:59,1,1
N,CASUALTY CRASH,OLIVER ST,N,2023,TUESDAY,SIDE IMPACT,N,Y,52.12889,-122.143899,N,FEBRUARY,N,WILLIAMS LAKE,WILLIAMS LAKE,WILLIAMS LAKE,N,N,N,NORTH CENTRAL,2ND AVE N & 2ND AVE S & OLIVER ST,2ND AVE N,2ND AVE N,09:00-11:59,1,1
N,CASUALTY CRASH,RENFREW ST,N,2023,TUESDAY,HEAD ON,N,Y,49.273259,-123.04416,N,FEBRUARY,N,VANCOUVER,VANCOUVER,VANCOUVER,N,N,N,LOWER MAINLAND,CHARLES ST & RENFREW ST,CHARLES ST,CHARLES ST,09:00-11:59,1,2
N,CASUALTY CRASH,RIVER RD,N,2023,TUESDAY,SIDE IMPACT,N,Y,48.915351,-123.744771,N,FEBRUARY,N,CHEMAINUS,CHEMAINUS,CHEMAINUS,N,N,N,VANCOUVER ISLAND,RIVER RD & TRANS-CANADA HWY & TURNING LANE,HWY 1,HWY 1,09:00-11:59,1,1
N,CASUALTY CRASH,ROSS RD,N,2023,TUESDAY,CONFLICTED,N,Y,49.057584,-122.403618,N,FEBRUARY,N,ABBOTSFORD,ABBOTSFORD,ABBOTSFORD,N,N,N,LOWER MAINLAND,FRASER HWY & ROSS RD,FRASER HWY,FRASER HWY,09:00-11:59,1,2
N,CASUALTY CRASH,S ALDER ST,Y,2023,TUESDAY,SINGLE VEHICLE,N,N,\N,\N,N,FEBRUARY,N,CAMPBELL RIVER,CAMPBELL RIVER,\N,N,N,N,VANCOUVER ISLAND,UNKNOWN,HOLM RD,HOLM RD,09:00-11:59,1,1
N,CASUALTY CRASH,SHELL RD,N,2023,TUESDAY,CONFLICTED,Y,Y,49.181883,-123.103261,N,FEBRUARY,N,RICHMOND,RICHMOND,RICHMOND,N,N,N,LOWER MAINLAND,HWY 99 & SHELL RD & SHELL RD OFFRAMP & SHELL RD ONRAMP & TURNING LANE,HWY 99,HWY 99,09:00-11:59,1,1
N,CASUALTY CRASH,SOUTHLANDS DR,N,2023,TUESDAY,REAR END,N,Y,49.158242,-121.952297,N,FEBRUARY,N,CHILLIWACK,CHILLIWACK,CHILLIWACK,N,N,N,LOWER MAINLAND,HOCKING AVE & SOUTHLANDS DR & YOUNG RD,YOUNG RD,YOUNG RD,09:00-11:59,1,1
N,CASUALTY CRASH,SPROTT ST,N,2023,TUESDAY,SINGLE VEHICLE,N,Y,49.249952,-122.973637,N,FEBRUARY,N,BURNABY,BURNABY,BURNABY,N,N,N,LOWER MAINLAND,SPROTT ST & TRANS-CANADA HWY,HWY 1,HWY 1,09:00-11:59,1,1
N,CASUALTY CRASH,SPRUCE ST,N,2023,TUESDAY,UNDETERMINED,N,Y,53.905421,-122.757915,N,FEBRUARY,N,PRINCE GEORGE,PRINCE GEORGE,PRINCE GEORGE,N,Y,N,NORTH CENTRAL,20TH AVE & SPRUCE ST,HWY 16,HWY 16,09:00-11:59,1,1
N,CASUALTY CRASH,ST CATHERINES ST,N,2023,TUESDAY,REAR END,N,Y,49.259708,-123.08532,N,FEBRUARY,N,VANCOUVER,VANCOUVER,VANCOUVER,N,N,N,LOWER MAINLAND,E 12TH AVE & ST CATHERINES ST,E 12TH AVE,E 12TH AVE,09:00-11:59,1,1
N,CASUALTY CRASH,THE BOULEVARD,N,2023,TUESDAY,REAR END,N,Y,49.740321,-123.115788,N,FEBRUARY,N,SQUAMISH,SQUAMISH,SQUAMISH,N,N,N,LOWER MAINLAND,BRAEMAR DR & HIGHLANDS WAY N & KINTYRE DR & THE BOULEVARD,HIGHLANDS WAY N,HIGHLANDS WAY N,09:00-11:59,1,1
N,CASUALTY CRASH,TOLMIE AVE,N,2023,TUESDAY,REAR END,N,Y,48.448248,-123.368003,N,FEBRUARY,N,SAANICH,SAANICH,SAANICH & VICTORIA,N,N,N,VANCOUVER ISLAND,BLANSHARD ST & TOLMIE AVE,BLANSHARD ST,BLANSHARD ST,09:00-11:59,1,2
N,CASUALTY CRASH,TOWNLINE RD,N,2023,TUESDAY,SIDE IMPACT,N,Y,49.064778,-122.359902,N,FEBRUARY,N,ABBOTSFORD,ABBOTSFORD,ABBOTSFORD,N,N,N,LOWER MAINLAND,FIRHILL DR & RIDGEVIEW DR & TOWNLINE RD,RIDGEVIEW DR,RIDGEVIEW DR,09:00-11:59,1,1
N,CASUALTY CRASH,UNGLESS WAY,N,2023,TUESDAY,CONFLICTED,N,Y,49.284162,-122.828457,N,FEBRUARY,N,PORT MOODY,PORT MOODY,PORT MOODY,N,N,N,LOWER MAINLAND,HERITAGE MOUNTAIN BLVD & IOCO RD & UNGLESS WAY & TURNING LANE,IOCO RD,IOCO RD,09:00-11:59,1,1
N,CASUALTY CRASH,VENABLES ST,N,2023,TUESDAY,SIDE IMPACT,N,Y,49.276673,-123.070461,N,FEBRUARY,N,VANCOUVER,VANCOUVER,VANCOUVER,N,N,N,LOWER MAINLAND,COMMERCIAL DR & VENABLES ST,COMMERCIAL DR,COMMERCIAL DR,09:00-11:59,1,1
N,CASUALTY CRASH,VETERANS MEMORIAL PKY,N,2023,TUESDAY,REAR END,N,Y,48.441495,-123.502126,N,FEBRUARY,N,LANGFORD,LANGFORD,LANGFORD,N,N,N,VANCOUVER ISLAND,LANGFORD PKY & VETERANS MEMORIAL PKY & TURNING LANE,LANGFORD PKY,LANGFORD PKY,09:00-11:59,1,1
N,CASUALTY CRASH,VISTA RD,N,2023,TUESDAY,CONFLICTED,N,Y,50.211582,-119.306164,N,FEBRUARY,N,VERNON,VERNON,VERNON,N,N,N,SOUTHERN INTERIOR,BIRNIE RD & HWY 97 & VISTA RD & TURNING LANE & UNSIGNED,HWY 97,HWY 97,09:00-11:59,1,1
N,CASUALTY CRASH,W 10TH AVE,N,2023,TUESDAY,REAR END,N,Y,49.263481,-123.185898,N,FEBRUARY,N,VANCOUVER,VANCOUVER,VANCOUVER,N,N,N,LOWER MAINLAND,ALMA ST & W 10TH AVE,ALMA ST,ALMA ST,09:00-11:59,1,1
N,CASUALTY CRASH,W 12TH AVE,N,2023,TUESDAY,SIDE IMPACT,Y,Y,49.2608,-123.138697,N,FEBRUARY,N,VANCOUVER,VANCOUVER,VANCOUVER,N,N,N,LOWER MAINLAND,GRANVILLE ST & W 12TH AVE,GRANVILLE ST,GRANVILLE ST,09:00-11:59,1,1
N,CASUALTY CRASH,W 19TH AVE,N,2023,TUESDAY,SIDE IMPACT,N,Y,49.253799,-123.107232,N,FEBRUARY,N,VANCOUVER,VANCOUVER,VANCOUVER,N,N,N,LOWER MAINLAND,MANITOBA ST & W 19TH AVE,MANITOBA ST,MANITOBA ST,09:00-11:59,1,1
N,CASUALTY CRASH,W BROADWAY,N,2023,TUESDAY,UNDETERMINED,N,Y,49.263519,-123.13372,N,FEBRUARY,N,VANCOUVER,VANCOUVER,VANCOUVER,Y,N,N,LOWER MAINLAND,BIRCH ST & W BROADWAY,BIRCH ST,BIRCH ST,09:00-11:59,1,1
N,CASUALTY CRASH,WESTVIEW TERRACE,N,2023,TUESDAY,SINGLE VEHICLE,N,N,\N,\N,N,FEBRUARY,N,ESQUIMALT,ESQUIMALT,\N,N,N,N,VANCOUVER ISLAND,UNKNOWN,COOPER RD,COOPER RD,09:00-11:59,1,1
N,CASUALTY CRASH,WILFERT RD,Y,2023,TUESDAY,SINGLE VEHICLE,N,Y,48.451963,-123.463389,N,FEBRUARY,N,VIEW ROYAL,VIEW ROYAL,VIEW ROYAL,N,N,N,VANCOUVER ISLAND,ISLAND HWY & WILFERT RD & TURNING LANE,ISLAND HWY,ISLAND HWY,09:00-11:59,1,1
N,CASUALTY CRASH,WINDSOR ST,N,2023,TUESDAY,SIDE IMPACT,N,Y,49.232805,-123.08484,N,FEBRUARY,N,VANCOUVER,VANCOUVER,VANCOUVER,N,N,N,LOWER MAINLAND,E 41ST AVE & WINDSOR ST,E 41ST AVE,E 41ST AVE,09:00-11:59,1,1
N,CASUALTY CRASH,WOODBINE ST,N,2023,TUESDAY,SIDE IMPACT,N,Y,49.176543,-121.937858,N,FEBRUARY,N,CHILLIWACK,CHILLIWACK,CHILLIWACK,N,N,N,LOWER MAINLAND,WOODBINE ST & YALE RD,YALE RD,YALE RD,09:00-11:59,1,1
N,CASUALTY CRASH,YUKON ST,N,2023,TUESDAY,REAR END,N,Y,49.210898,-123.115222,N,FEBRUARY,N,VANCOUVER,VANCOUVER,VANCOUVER,N,N,N,LOWER MAINLAND,SW MARINE DR & YUKON ST,SW MARINE DR,SW MARINE DR,09:00-11:59,1,1
N,PROPERTY DAMAGE ONLY,\N,N,2023,TUESDAY,CONFLICTED,N,N,48.577177,-123.448181,Y,FEBRUARY,N,CENTRAL SAANICH,CENTRAL SAANICH,CENTRAL SAANICH,N,Y,N,VANCOUVER ISLAND,WEST SAANICH RD # 007140 TO 007198 even,WEST SAANICH RD,WEST SAANICH RD,09:00-11:59,1,0
N,PROPERTY DAMAGE ONLY,\N,N,2023,TUESDAY,CONFLICTED,N,N,49.051959,-122.691461,Y,FEBRUARY,N,SURREY,SURREY,SURREY,Y,Y,N,LOWER MAINLAND,192 ST # 002700 TO 002799,192 ST,192 ST,09:00-11:59,1,0
N,PROPERTY DAMAGE ONLY,\N,N,2023,TUESDAY,CONFLICTED,N,N,49.196267,-122.797434,Y,FEBRUARY,N,SURREY,SURREY,SURREY,Y,N,N,LOWER MAINLAND,GUILDFORD DR # 015301 TO 015369 odd,GUILDFORD DR,GUILDFORD DR,09:00-11:59,1,0
N,PROPERTY DAMAGE ONLY,\N,N,2023,TUESDAY,CONFLICTED,N,N,49.220159,-123.040174,Y,FEBRUARY,N,VANCOUVER,VANCOUVER,VANCOUVER,Y,Y,N,LOWER MAINLAND,E 54TH AVE # 003130 TO 003175,E 54TH AVE,E 54TH AVE,09:00-11:59,1,0
N,PROPERTY DAMAGE ONLY,\N,N,2023,TUESDAY,CONFLICTED,N,N,49.226571,-123.083846,Y,FEBRUARY,N,VANCOUVER,VANCOUVER,VANCOUVER,Y,N,N,LOWER MAINLAND,ELGIN ST # 006300 TO 006449,ELGIN ST,ELGIN ST,09:00-11:59,1,0
N,PROPERTY DAMAGE ONLY,\N,N,2023,TUESDAY,CONFLICTED,N,N,49.263387,-123.125397,Y,FEBRUARY,N,VANCOUVER,VANCOUVER,VANCOUVER,Y,Y,N,LOWER MAINLAND,W BROADWAY # 000900 TO 000999,W BROADWAY,W BROADWAY,09:00-11:59,1,0
N,PROPERTY DAMAGE ONLY,\N,N,2023,TUESDAY,CONFLICTED,N,N,49.268045,-123.008027,Y,FEBRUARY,N,BURNABY,BURNABY,BURNABY,N,Y,N,LOWER MAINLAND,HALIFAX ST # 004200 TO 004399,HALIFAX ST,HALIFAX ST,09:00-11:59,1,0
N,PROPERTY DAMAGE ONLY,\N,N,2023,TUESDAY,CONFLICTED,N,N,49.275204,-122.960715,Y,FEBRUARY,N,BURNABY,BURNABY,BURNABY,Y,N,N,LOWER MAINLAND,CURTIS ST # 006813 TO 006999,CURTIS ST,CURTIS ST,09:00-11:59,1,0
N,PROPERTY DAMAGE ONLY,\N,N,2023,TUESDAY,CONFLICTED,N,N,49.307315,-117.658832,Y,FEBRUARY,N,CASTLEGAR,CASTLEGAR,CASTLEGAR,N,N,N,SOUTHERN INTERIOR,COLUMBIA AVE # 001439 TO 001499 odd,COLUMBIA AVE,COLUMBIA AVE,09:00-11:59,1,0
N,PROPERTY DAMAGE ONLY,\N,N,2023,TUESDAY,CONFLICTED,N,N,51.294735,-116.963045,Y,FEBRUARY,N,GOLDEN,GOLDEN,GOLDEN,Y,Y,N,SOUTHERN INTERIOR,10TH AVE S # 001000 TO 001099,10TH AVE S,10TH AVE S,09:00-11:59,1,0
N,PROPERTY DAMAGE ONLY,\N,N,2023,TUESDAY,CONFLICTED,Y,N,49.299505,-123.032211,Y,FEBRUARY,N,NORTH VANCOUVER,NORTH VANCOUVER,NORTH VANCOUVER,Y,Y,N,LOWER MAINLAND,MOUNTAIN HWY # 000000 TO 000049,MOUNTAIN HWY,MOUNTAIN HWY,09:00-11:59,1,0
N,PROPERTY DAMAGE ONLY,\N,N,2023,TUESDAY,HEAD ON,N,N,\N,\N,N,FEBRUARY,N,QUESNEL,QUESNEL,\N,N,N,N,NORTH CENTRAL,UNKNOWN,N STAR RD,N STAR RD,09:00-11:59,1,0
N,PROPERTY DAMAGE ONLY,\N,N,2023,TUESDAY,HEAD ON,N,N,\N,\N,N,FEBRUARY,N,VANCOUVER,VANCOUVER,\N,N,N,N,LOWER MAINLAND,UNKNOWN,ONTARIO ST,ONTARIO ST,09:00-11:59,1,0
N,PROPERTY DAMAGE ONLY,\N,N,2023,TUESDAY,HEAD ON,N,N,48.431323,-123.322463,Y,FEBRUARY,N,OAK BAY,OAK BAY,OAK BAY & VICTORIA,Y,Y,N,VANCOUVER ISLAND,FOUL BAY RD # 001900 TO 001999,FOUL BAY RD,FOUL BAY RD,09:00-11:59,1,0
N,PROPERTY DAMAGE ONLY,\N,N,2023,TUESDAY,HEAD ON,N,N,49.179738,-123.135231,Y,FEBRUARY,N,RICHMOND,RICHMOND,RICHMOND,Y,Y,N,LOWER MAINLAND,LESLIE RD # 008000 TO 008199,LESLIE RD,LESLIE RD,09:00-11:59,1,0
N,PROPERTY DAMAGE ONLY,\N,N,2023,TUESDAY,MULTIPLE IMPACTS,N,N,49.236038,-123.029319,Y,FEBRUARY,N,VANCOUVER,VANCOUVER,VANCOUVER,Y,Y,N,LOWER MAINLAND,CROWLEY DR # 003500 TO 003549,CROWLEY DR,CROWLEY DR,09:00-11:59,1,0
N,PROPERTY DAMAGE ONLY,\N,N,2023,TUESDAY,REAR END,N,N,\N,\N,N,FEBRUARY,N,VANCOUVER,VANCOUVER,\N,N,N,N,LOWER MAINLAND,UNKNOWN,HWY 1,HWY 1,09:00-11:59,1,0
N,PROPERTY DAMAGE ONLY,\N,N,2023,TUESDAY,REAR END,N,N,\N,\N,N,FEBRUARY,N,VANCOUVER,VANCOUVER,\N,Y,N,N,LOWER MAINLAND,UNKNOWN,BIRCH ST,BIRCH ST,09:00-11:59,1,0
N,PROPERTY DAMAGE ONLY,\N,N,2023,TUESDAY,REAR END,N,N,\N,\N,N,FEBRUARY,N,VANCOUVER,VANCOUVER,\N,Y,Y,N,LOWER MAINLAND,UNKNOWN,IONA DR,IONA DR,09:00-11:59,1,0
N,PROPERTY DAMAGE ONLY,\N,N,2023,TUESDAY,REAR END,N,N,49.100346,-122.564754,Y,FEBRUARY,N,LANGLEY,LANGLEY,LANGLEY,Y,N,N,LOWER MAINLAND,238 ST # 005301 TO 005449,238 ST,238 ST,09:00-11:59,1,0
N,PROPERTY DAMAGE ONLY,\N,N,2023,TUESDAY,REAR END,N,N,49.142243,-123.928644,Y,FEBRUARY,N,NANAIMO,NANAIMO,NANAIMO,Y,N,N,VANCOUVER ISLAND,BOWLSBY ST # 000150 TO 000169,BOWLSBY ST,BOWLSBY ST,09:00-11:59,1,0
N,PROPERTY DAMAGE ONLY,\N,N,2023,TUESDAY,REAR END,N,N,49.157335,-122.657609,Y,FEBRUARY,N,LANGLEY,LANGLEY,LANGLEY,N,Y,N,LOWER MAINLAND,85 AVE # 020327 TO 020367 odd,85 AVE,85 AVE,09:00-11:59,1,0
N,PROPERTY DAMAGE ONLY,\N,N,2023,TUESDAY,REAR END,N,N,49.166459,-122.808429,Y,FEBRUARY,N,SURREY,SURREY,SURREY,Y,N,N,LOWER MAINLAND,90 AVE # 014900 TO 014999,90 AVE,90 AVE,09:00-11:59,1,0
N,PROPERTY DAMAGE ONLY,\N,N,2023,TUESDAY,REAR END,N,N,49.177492,-122.842097,Y,FEBRUARY,N,SURREY,SURREY,SURREY,N,N,N,LOWER MAINLAND,137A ST # 009600 TO 009650,137A ST,137A ST,09:00-11:59,1,0
N,PROPERTY DAMAGE ONLY,\N,N,2023,TUESDAY,REAR END,N,N,49.246853,-122.762333,Y,FEBRUARY,N,PORT COQUITLAM,PORT COQUITLAM,PORT COQUITLAM,Y,Y,N,LOWER MAINLAND,BROADWAY ST # 001648 TO 001740,BROADWAY ST,BROADWAY ST,09:00-11:59,1,0
N,PROPERTY DAMAGE ONLY,\N,N,2023,TUESDAY,REAR END,N,N,49.251703,-123.07691,Y,FEBRUARY,N,VANCOUVER,VANCOUVER,VANCOUVER,Y,N,N,LOWER MAINLAND,E 21ST AVE # 001307 TO 001399,E 21ST AVE,E 21ST AVE,09:00-11:59,1,0
N,PROPERTY DAMAGE ONLY,\N,N,2023,TUESDAY,REAR END,N,N,49.263917,-123.018876,Y,FEBRUARY,N,BURNABY,BURNABY,BURNABY,N,Y,N,LOWER MAINLAND,HENNING DR # 003700 TO 004099,HENNING DR,HENNING DR,09:00-11:59,1,0
N,PROPERTY DAMAGE ONLY,\N,N,2023,TUESDAY,REAR END,N,N,49.263932,-123.113827,Y,FEBRUARY,N,VANCOUVER,VANCOUVER,VANCOUVER,Y,Y,N,LOWER MAINLAND,W 8TH AVE # 000400 TO 000499,W 8TH AVE,W 8TH AVE,09:00-11:59,1,0
N,PROPERTY DAMAGE ONLY,\N,N,2023,TUESDAY,REAR END,N,N,49.304884,-123.032072,Y,FEBRUARY,N,NORTH VANCOUVER,NORTH VANCOUVER,NORTH VANCOUVER,Y,Y,N,LOWER MAINLAND,MOUNTAIN HWY # 000180 TO 000199,MOUNTAIN HWY,MOUNTAIN HWY,09:00-11:59,1,0
N,PROPERTY DAMAGE ONLY,\N,N,2023,TUESDAY,REAR END,N,N,49.308093,-123.036849,Y,FEBRUARY,N,NORTH VANCOUVER,NORTH VANCOUVER,NORTH VANCOUVER,Y,Y,N,LOWER MAINLAND,LYNN AVE # 000300 TO 000399,LYNN AVE,LYNN AVE,09:00-11:59,1,0
N,PROPERTY DAMAGE ONLY,\N,N,2023,TUESDAY,REAR END,N,N,49.325809,-123.139912,Y,FEBRUARY,N,WEST VANCOUVER,WEST VANCOUVER,WEST VANCOUVER,Y,Y,N,LOWER MAINLAND,PARK ROYAL SOUTH # 001131 TO 003000,PARK ROYAL SOUTH,PARK ROYAL SOUTH,09:00-11:59,1,0
N,PROPERTY DAMAGE ONLY,\N,N,2023,TUESDAY,REAR END,N,N,49.345365,-123.040175,Y,FEBRUARY,N,NORTH VANCOUVER,NORTH VANCOUVER,NORTH VANCOUVER,Y,N,N,LOWER MAINLAND,CHAMBERLAIN DR # 001120 TO 001299,CHAMBERLAIN DR,CHAMBERLAIN DR,09:00-11:59,1,0
N,PROPERTY DAMAGE ONLY,\N,N,2023,TUESDAY,REAR END,N,N,50.713741,-120.335071,Y,FEBRUARY,N,KAMLOOPS IR NO 1,KAMLOOPS IR NO 1,KAMLOOPS IR NO 1,N,Y,N,SOUTHERN INTERIOR,SALISH RD # 001300 TO 001309,SALISH RD,SALISH RD,09:00-11:59,1,0
N,PROPERTY DAMAGE ONLY,\N,N,2023,TUESDAY,REAR END,Y,N,\N,\N,N,FEBRUARY,N,PORT MOODY,PORT MOODY,\N,N,N,N,LOWER MAINLAND,UNKNOWN,HENRY ST,HENRY ST,09:00-11:59,1,0
N,PROPERTY DAMAGE ONLY,\N,N,2023,TUESDAY,REAR TO REAR,N,N,48.460951,-123.497516,Y,FEBRUARY,N,LANGFORD,LANGFORD,LANGFORD,Y,Y,N,VANCOUVER ISLAND,MILLSTREAM RD # 002401 TO 002429 odd,MILLSTREAM RD,MILLSTREAM RD,09:00-11:59,1,0
N,PROPERTY DAMAGE ONLY,\N,N,2023,TUESDAY,REAR TO REAR,N,N,48.657053,-123.411373,Y,FEBRUARY,N,SIDNEY,SIDNEY,SIDNEY,Y,N,N,VANCOUVER ISLAND,MALAVIEW AVE # 002100 TO 002159,MALAVIEW AVE,MALAVIEW AVE,09:00-11:59,1,0
N,PROPERTY DAMAGE ONLY,\N,N,2023,TUESDAY,REAR TO REAR,N,N,49.133589,-122.842103,Y,FEBRUARY,N,SURREY,SURREY,SURREY,Y,Y,N,LOWER MAINLAND,72 AVE # 013701 TO 013733 odd,72 AVE,72 AVE,09:00-11:59,1,0
N,PROPERTY DAMAGE ONLY,\N,N,2023,TUESDAY,REAR TO REAR,N,N,49.162756,-122.657772,Y,FEBRUARY,N,LANGLEY,LANGLEY,LANGLEY,N,Y,N,LOWER MAINLAND,88 AVE # 020282 TO 020398 even,88 AVE,88 AVE,09:00-11:59,1,0
N,PROPERTY DAMAGE ONLY,\N,N,2023,TUESDAY,REAR TO REAR,N,N,49.174658,-123.136677,Y,FEBRUARY,N,RICHMOND,RICHMOND,RICHMOND,N,Y,N,LOWER MAINLAND,NO 3 RD # 005300 TO 005498 even,NO 3 RD,NO 3 RD,09:00-11:59,1,0
N,PROPERTY DAMAGE ONLY,\N,N,2023,TUESDAY,REAR TO REAR,N,N,49.199009,-122.981737,Y,FEBRUARY,N,BURNABY,BURNABY,BURNABY,N,Y,N,LOWER MAINLAND,MARKET CROSSING # 007240 TO 007599,MARKET CROSSING,MARKET CROSSING,09:00-11:59,1,0
N,PROPERTY DAMAGE ONLY,\N,N,2023,TUESDAY,REAR TO REAR,N,N,49.212949,-122.662442,Y,FEBRUARY,N,MAPLE RIDGE,MAPLE RIDGE,MAPLE RIDGE,Y,Y,N,LOWER MAINLAND,STEWART CRES # 020100 TO 020170,STEWART CRES,STEWART CRES,09:00-11:59,1,0
N,PROPERTY DAMAGE ONLY,\N,N,2023,TUESDAY,REAR TO REAR,N,N,49.228116,-122.998531,Y,FEBRUARY,N,BURNABY,BURNABY,BURNABY,N,Y,N,LOWER MAINLAND,KINGSWAY # 004700 TO 004749,KINGSWAY,KINGSWAY,09:00-11:59,1,0
N,PROPERTY DAMAGE ONLY,\N,N,2023,TUESDAY,REAR TO REAR,N,N,49.248177,-122.939872,Y,FEBRUARY,N,BURNABY,BURNABY,BURNABY,Y,Y,N,LOWER MAINLAND,WINSTON ST # 007600 TO 007799,WINSTON ST,WINSTON ST,09:00-11:59,1,0
N,PROPERTY DAMAGE ONLY,\N,N,2023,TUESDAY,REAR TO REAR,N,N,49.530241,-115.753458,Y,FEBRUARY,N,CRANBROOK,CRANBROOK,CRANBROOK,N,Y,N,SOUTHERN INTERIOR,17TH ST N # 002000 TO 002101,17TH ST N,17TH ST N,09:00-11:59,1,0
N,PROPERTY DAMAGE ONLY,\N,N,2023,TUESDAY,REAR TO REAR,N,N,49.832304,-119.621059,Y,FEBRUARY,N,WEST KELOWNA,WEST KELOWNA,WEST KELOWNA,N,Y,N,SOUTHERN INTERIOR,HWY 97 # 002310 TO 002330 even,HWY 97,HWY 97,09:00-11:59,1,0
N,PROPERTY DAMAGE ONLY,\N,N,2023,TUESDAY,REAR TO REAR,N,N,49.881443,-119.430464,Y,FEBRUARY,N,KELOWNA,KELOWNA,KELOWNA,N,Y,N,SOUTHERN INTERIOR,BARON RD # 002000 TO 002298,BARON RD,BARON RD,09:00-11:59,1,0
N,PROPERTY DAMAGE ONLY,\N,N,2023,TUESDAY,REAR TO REAR,N,N,50.000276,-125.244612,Y,FEBRUARY,N,CAMPBELL RIVER,CAMPBELL RIVER,CAMPBELL RIVER,N,Y,N,VANCOUVER ISLAND,MERECROFT RD # 000410 TO 000649,MERECROFT RD,MERECROFT RD,09:00-11:59,1,0
N,PROPERTY DAMAGE ONLY,\N,N,2023,TUESDAY,REAR TO REAR,N,N,50.69514,-116.136271,Y,FEBRUARY,N,EDGEWATER,EDGEWATER,EDGEWATER,Y,Y,N,SOUTHERN INTERIOR,SINCLAIR ST # 005805 TO 005818,SINCLAIR ST,SINCLAIR ST,09:00-11:59,1,0
N,PROPERTY DAMAGE ONLY,\N,N,2023,TUESDAY,REAR TO REAR,N,N,54.508606,-128.635332,Y,FEBRUARY,N,TERRACE,TERRACE,TERRACE,Y,Y,N,NORTH CENTRAL,SKEENA ST # 002420 TO 002699,SKEENA ST,SKEENA ST,09:00-11:59,1,0
N,PROPERTY DAMAGE ONLY,\N,N,2023,TUESDAY,REAR TO REAR,Y,N,49.058202,-122.47338,Y,FEBRUARY,N,LANGLEY,LANGLEY,LANGLEY,Y,Y,N,LOWER MAINLAND,FRASER HWY # 027070 TO 027149,FRASER HWY,FRASER HWY,09:00-11:59,1,0
N,PROPERTY DAMAGE ONLY,\N,N,2023,TUESDAY,REAR TO REAR,Y,N,49.242979,-123.127739,Y,FEBRUARY,N,VANCOUVER,VANCOUVER,VANCOUVER,Y,Y,N,LOWER MAINLAND,OAK ST # 004700 TO 004799,OAK ST,OAK ST,09:00-11:59,1,0
N,PROPERTY DAMAGE ONLY,\N,N,2023,TUESDAY,SIDE IMPACT,N,N,\N,\N,N,FEBRUARY,N,BURNABY,BURNABY,\N,Y,N,N,LOWER MAINLAND,UNKNOWN,BUCHANAN DR,BUCHANAN DR,09:00-11:59,1,0
N,PROPERTY DAMAGE ONLY,\N,N,2023,TUESDAY,SIDE IMPACT,N,N,\N,\N,N,FEBRUARY,N,KITIMAT,KITIMAT,\N,N,N,N,NORTH CENTRAL,UNKNOWN,CARSWELL ST,CARSWELL ST,09:00-11:59,1,0
N,PROPERTY DAMAGE ONLY,\N,N,2023,TUESDAY,SIDE IMPACT,N,N,\N,\N,N,FEBRUARY,N,POWELL RIVER,POWELL RIVER,\N,Y,N,N,VANCOUVER ISLAND,UNKNOWN,UNKNOWN,UNKNOWN,09:00-11:59,1,0
N,PROPERTY DAMAGE ONLY,\N,N,2023,TUESDAY,SIDE IMPACT,N,N,\N,\N,N,FEBRUARY,N,PRINCE GEORGE,PRINCE GEORGE,\N,N,N,N,NORTH CENTRAL,UNKNOWN,20TH AVE,20TH AVE,09:00-11:59,1,0
N,PROPERTY DAMAGE ONLY,\N,N,2023,TUESDAY,SIDE IMPACT,N,N,\N,\N,N,FEBRUARY,N,PRINCE GEORGE,PRINCE GEORGE,\N,N,N,N,NORTH CENTRAL,UNKNOWN,HWY 97,HWY 97,09:00-11:59,1,0
N,PROPERTY DAMAGE ONLY,\N,N,2023,TUESDAY,SIDE IMPACT,N,N,\N,\N,N,FEBRUARY,N,TERRACE,TERRACE,\N,Y,Y,N,NORTH CENTRAL,UNKNOWN,QUEENSWAY DR,QUEENSWAY DR,09:00-11:59,1,0
N,PROPERTY DAMAGE ONLY,\N,N,2023,TUESDAY,SIDE IMPACT,N,N,\N,\N,N,FEBRUARY,N,VANCOUVER,VANCOUVER,\N,Y,N,N,LOWER MAINLAND,UNKNOWN,SEE-EM-IA LANE,SEE-EM-IA LANE,09:00-11:59,1,0
N,PROPERTY DAMAGE ONLY,\N,N,2023,TUESDAY,SIDE IMPACT,N,N,\N,\N,N,FEBRUARY,N,VICTORIA,VICTORIA,\N,Y,N,N,VANCOUVER ISLAND,UNKNOWN,HIGHLAND PARK TERRACE,HIGHLAND PARK TERRACE,09:00-11:59,1,0
N,PROPERTY DAMAGE ONLY,\N,N,2023,TUESDAY,SIDE IMPACT,N,N,\N,\N,N,FEBRUARY,N,VICTORIA,VICTORIA,\N,Y,Y,N,VANCOUVER ISLAND,UNKNOWN,W SAANICH RD,W SAANICH RD,09:00-11:59,1,0
N,PROPERTY DAMAGE ONLY,\N,N,2023,TUESDAY,SIDE IMPACT,N,N,48.438881,-123.396431,Y,FEBRUARY,N,ESQUIMALT,ESQUIMALT,ESQUIMALT,N,Y,N,VANCOUVER ISLAND,COLVILLE RD # 000840 TO 000869,COLVILLE RD,COLVILLE RD,09:00-11:59,1,0
N,PROPERTY DAMAGE ONLY,\N,N,2023,TUESDAY,SIDE IMPACT,N,N,48.442587,-123.505911,Y,FEBRUARY,N,LANGFORD,LANGFORD,LANGFORD,Y,Y,N,VANCOUVER ISLAND,LANGFORD PKY # 000841 TO 000859 odd,LANGFORD PKY,LANGFORD PKY,09:00-11:59,1,0
N,PROPERTY DAMAGE ONLY,\N,N,2023,TUESDAY,SIDE IMPACT,N,N,48.474578,-123.518448,Y,FEBRUARY,N,LANGFORD,LANGFORD,LANGFORD,Y,Y,N,VANCOUVER ISLAND,BEAR MOUNTAIN PKY # 001101 TO 001119 odd,BEAR MOUNTAIN PKY,BEAR MOUNTAIN PKY,09:00-11:59,1,0
N,PROPERTY DAMAGE ONLY,\N,N,2023,TUESDAY,SIDE IMPACT,N,N,48.480649,-123.313364,Y,FEBRUARY,N,SAANICH,SAANICH,SAANICH,N,N,N,VANCOUVER ISLAND,SAN JUAN AVE # 001875 TO 001884,SAN JUAN AVE,SAN JUAN AVE,09:00-11:59,1,0
N,PROPERTY DAMAGE ONLY,\N,N,2023,TUESDAY,SIDE IMPACT,N,N,48.493874,-123.306327,Y,FEBRUARY,N,SAANICH,SAANICH,SAANICH,Y,N,N,VANCOUVER ISLAND,VANTREIGHT DR # 004600 TO 004649,VANTREIGHT DR,VANTREIGHT DR,09:00-11:59,1,0
N,PROPERTY DAMAGE ONLY,\N,N,2023,TUESDAY,SIDE IMPACT,N,N,48.557193,-123.417238,Y,FEBRUARY,N,CENTRAL SAANICH,CENTRAL SAANICH,CENTRAL SAANICH,N,Y,N,VANCOUVER ISLAND,OLDFIELD RD # 006412 TO 006459,OLDFIELD RD,OLDFIELD RD,09:00-11:59,1,0
N,PROPERTY DAMAGE ONLY,\N,N,2023,TUESDAY,SIDE IMPACT,N,N,48.773565,-123.703103,Y,FEBRUARY,N,DUNCAN,DUNCAN,DUNCAN,Y,Y,N,VANCOUVER ISLAND,COWICHAN WAY # 000100 TO 000299,COWICHAN WAY,COWICHAN WAY,09:00-11:59,1,0
N,PROPERTY DAMAGE ONLY,\N,N,2023,TUESDAY,SIDE IMPACT,N,N,49.024465,-122.38229,Y,FEBRUARY,N,ABBOTSFORD,ABBOTSFORD,ABBOTSFORD,Y,Y,N,LOWER MAINLAND,CORNELL ST # 001150 TO 001269,CORNELL ST,CORNELL ST,09:00-11:59,1,0
N,PROPERTY DAMAGE ONLY,\N,N,2023,TUESDAY,SIDE IMPACT,N,N,49.032057,-122.801282,Y,FEBRUARY,N,SURREY,SURREY,SURREY,N,Y,N,LOWER MAINLAND,152 ST # 001601 TO 001699 odd,152 ST,152 ST,09:00-11:59,1,0
N,PROPERTY DAMAGE ONLY,\N,N,2023,TUESDAY,SIDE IMPACT,N,N,49.046728,-122.783768,Y,FEBRUARY,N,SURREY,SURREY,SURREY,N,Y,N,LOWER MAINLAND,CROYDON DR # 015770 TO 015849,CROYDON DR,CROYDON DR,09:00-11:59,1,0
N,PROPERTY DAMAGE ONLY,\N,N,2023,TUESDAY,SIDE IMPACT,N,N,49.060476,-122.801241,Y,FEBRUARY,N,SURREY,SURREY,SURREY,N,Y,N,LOWER MAINLAND,152 ST # 003201 TO 003249 odd,152 ST,152 ST,09:00-11:59,1,0
N,PROPERTY DAMAGE ONLY,\N,N,2023,TUESDAY,SIDE IMPACT,N,N,49.103187,-122.852661,Y,FEBRUARY,N,SURREY,SURREY,SURREY,Y,Y,N,LOWER MAINLAND,55A AVE # 013250 TO 013448,55A AVE,55A AVE,09:00-11:59,1,0
N,PROPERTY DAMAGE ONLY,\N,N,2023,TUESDAY,SIDE IMPACT,N,N,49.107298,-121.951415,Y,FEBRUARY,N,CHILLIWACK,CHILLIWACK,CHILLIWACK,Y,N,N,LOWER MAINLAND,THOMAS RD # 046000 TO 046078,THOMAS RD,THOMAS RD,09:00-11:59,1,0
N,PROPERTY DAMAGE ONLY,\N,N,2023,TUESDAY,SIDE IMPACT,N,N,49.110668,-121.951403,Y,FEBRUARY,N,CHILLIWACK,CHILLIWACK,CHILLIWACK,Y,Y,N,LOWER MAINLAND,THOMAS RD # 046145 TO 046199,THOMAS RD,THOMAS RD,09:00-11:59,1,0
N,PROPERTY DAMAGE ONLY,\N,N,2023,TUESDAY,SIDE IMPACT,N,N,49.113374,-122.678789,Y,FEBRUARY,N,LANGLEY,LANGLEY,LANGLEY,Y,Y,N,LOWER MAINLAND,FRASER HWY # 019600 TO 019648 even,FRASER HWY,FRASER HWY,09:00-11:59,1,0
N,PROPERTY DAMAGE ONLY,\N,N,2023,TUESDAY,SIDE IMPACT,N,N,49.118926,-122.655649,Y,FEBRUARY,N,LANGLEY,LANGLEY,LANGLEY,N,Y,N,LOWER MAINLAND,64 AVE # 020351 TO 020499 odd,64 AVE,64 AVE,09:00-11:59,1,0
N,PROPERTY DAMAGE ONLY,\N,N,2023,TUESDAY,SIDE IMPACT,N,N,49.14509,-122.856748,Y,FEBRUARY,N,SURREY,SURREY,SURREY,Y,Y,N,LOWER MAINLAND,132 ST # 007800 TO 007886,132 ST,132 ST,09:00-11:59,1,0
N,PROPERTY DAMAGE ONLY,\N,N,2023,TUESDAY,SIDE IMPACT,N,N,49.154554,-122.519992,Y,FEBRUARY,N,LANGLEY,LANGLEY,LANGLEY,Y,Y,N,LOWER MAINLAND,84 AVE # 025200 TO 025599,84 AVE,84 AVE,09:00-11:59,1,0
N,PROPERTY DAMAGE ONLY,\N,N,2023,TUESDAY,SIDE IMPACT,N,N,49.154599,-122.30011,Y,FEBRUARY,N,MISSION,MISSION,MISSION,Y,N,N,LOWER MAINLAND,CHERRY AVE # 033330 TO 033420,CHERRY AVE,CHERRY AVE,09:00-11:59,1,0
N,PROPERTY DAMAGE ONLY,\N,N,2023,TUESDAY,SIDE IMPACT,N,N,49.158241,-122.660354,Y,FEBRUARY,N,LANGLEY,LANGLEY,LANGLEY,N,Y,N,LOWER MAINLAND,202B ST # 008524 TO 008562 even,202B ST,202B ST,09:00-11:59,2,0
N,PROPERTY DAMAGE ONLY,\N,N,2023,TUESDAY,SIDE IMPACT,N,N,49.16176,-123.186709,Y,FEBRUARY,N,RICHMOND,RICHMOND,RICHMOND,Y,N,N,LOWER MAINLAND,LOCKHART RD # 003300 TO 003759,LOCKHART RD,LOCKHART RD,09:00-11:59,1,0
N,PROPERTY DAMAGE ONLY,\N,N,2023,TUESDAY,SIDE IMPACT,N,N,49.164114,-122.866435,Y,FEBRUARY,N,SURREY,SURREY,SURREY,Y,N,N,LOWER MAINLAND,CARLUKE CRES # 012872 TO 012903,CARLUKE CRES,CARLUKE CRES,09:00-11:59,1,0
N,PROPERTY DAMAGE ONLY,\N,N,2023,TUESDAY,SIDE IMPACT,N,N,49.170523,-122.578533,Y,FEBRUARY,N,LANGLEY,LANGLEY,LANGLEY,N,Y,N,LOWER MAINLAND,MAVIS AVE # 023200 TO 023249,MAVIS AVE,MAVIS AVE,09:00-11:59,1,0
N,PROPERTY DAMAGE ONLY,\N,N,2023,TUESDAY,SIDE IMPACT,N,N,49.187772,-123.12561,Y,FEBRUARY,N,RICHMOND,RICHMOND,RICHMOND,Y,Y,N,LOWER MAINLAND,CAPSTAN WAY # 008856 TO 008999,CAPSTAN WAY,CAPSTAN WAY,09:00-11:59,1,0
N,PROPERTY DAMAGE ONLY,\N,N,2023,TUESDAY,SIDE IMPACT,N,N,49.225302,-122.892896,Y,FEBRUARY,N,NEW WESTMINSTER,NEW WESTMINSTER,NEW WESTMINSTER,N,Y,N,LOWER MAINLAND,E COLUMBIA ST # 000241 TO 000299,E COLUMBIA ST,E COLUMBIA ST,09:00-11:59,1,0
N,PROPERTY DAMAGE ONLY,\N,N,2023,TUESDAY,SIDE IMPACT,N,N,49.225304,-122.935595,Y,FEBRUARY,N,BURNABY,BURNABY,BURNABY,Y,Y,N,LOWER MAINLAND,6TH ST # 007360 TO 007399,6TH ST,6TH ST,09:00-11:59,1,0
N,PROPERTY DAMAGE ONLY,\N,N,2023,TUESDAY,SIDE IMPACT,N,N,49.227252,-122.95094,Y,FEBRUARY,N,BURNABY,BURNABY,BURNABY,Y,N,N,LOWER MAINLAND,IMPERIAL ST # 007500 TO 007571,IMPERIAL ST,IMPERIAL ST,09:00-11:59,1,0
N,PROPERTY DAMAGE ONLY,\N,N,2023,TUESDAY,SIDE IMPACT,N,N,49.234674,-123.107137,Y,FEBRUARY,N,VANCOUVER,VANCOUVER,VANCOUVER,Y,N,N,LOWER MAINLAND,W 40TH AVE # 000015 TO 000099,W 40TH AVE,W 40TH AVE,09:00-11:59,1,0
N,PROPERTY DAMAGE ONLY,\N,N,2023,TUESDAY,SIDE IMPACT,N,N,49.234713,-122.955859,Y,FEBRUARY,N,BURNABY,BURNABY,BURNABY,Y,N,N,LOWER MAINLAND,BURRIS ST # 007600 TO 007699,BURRIS ST,BURRIS ST,09:00-11:59,1,0
N,PROPERTY DAMAGE ONLY,\N,N,2023,TUESDAY,SIDE IMPACT,N,N,49.249042,-122.866624,Y,FEBRUARY,N,COQUITLAM,COQUITLAM,COQUITLAM,Y,Y,N,LOWER MAINLAND,AUSTIN AVE # 001001 TO 001019 odd,AUSTIN AVE,AUSTIN AVE,09:00-11:59,1,0
N,PROPERTY DAMAGE ONLY,\N,N,2023,TUESDAY,SIDE IMPACT,N,N,49.258513,-123.12916,Y,FEBRUARY,N,VANCOUVER,VANCOUVER,VANCOUVER,Y,N,N,LOWER MAINLAND,SPRUCE ST # 003000 TO 003053,SPRUCE ST,SPRUCE ST,09:00-11:59,1,0
N,PROPERTY DAMAGE ONLY,\N,N,2023,TUESDAY,SIDE IMPACT,N,N,49.258942,-123.140349,Y,FEBRUARY,N,VANCOUVER,VANCOUVER,VANCOUVER,Y,Y,N,LOWER MAINLAND,W 14TH AVE # 001530 TO 001599,W 14TH AVE,W 14TH AVE,09:00-11:59,1,0
N,PROPERTY DAMAGE ONLY,\N,N,2023,TUESDAY,SIDE IMPACT,N,N,49.263272,-123.118707,Y,FEBRUARY,N,VANCOUVER,VANCOUVER,VANCOUVER,Y,Y,N,LOWER MAINLAND,W BROADWAY # 000600 TO 000699,W BROADWAY,W BROADWAY,09:00-11:59,1,0
N,PROPERTY DAMAGE ONLY,\N,N,2023,TUESDAY,SIDE IMPACT,N,N,49.263841,-123.154118,Y,FEBRUARY,N,VANCOUVER,VANCOUVER,VANCOUVER,Y,Y,N,LOWER MAINLAND,W BROADWAY # 002100 TO 002199,W BROADWAY,W BROADWAY,09:00-11:59,1,0
N,PROPERTY DAMAGE ONLY,\N,N,2023,TUESDAY,SIDE IMPACT,N,N,49.264065,-123.167323,Y,FEBRUARY,N,VANCOUVER,VANCOUVER,VANCOUVER,N,N,N,LOWER MAINLAND,W BROADWAY # 002700 TO 002799,W BROADWAY,W BROADWAY,09:00-11:59,1,0
N,PROPERTY DAMAGE ONLY,\N,N,2023,TUESDAY,SIDE IMPACT,N,N,49.280337,-122.976209,Y,FEBRUARY,N,BURNABY,BURNABY,BURNABY,Y,N,N,LOWER MAINLAND,HASTINGS ST # 006000 TO 006099,HASTINGS ST,HASTINGS ST,09:00-11:59,1,0
N,PROPERTY DAMAGE ONLY,\N,N,2023,TUESDAY,SIDE IMPACT,N,N,49.284691,-122.949691,Y,FEBRUARY,N,BURNABY,BURNABY,BURNABY,Y,N,N,LOWER MAINLAND,RIDGE DR # 007228 TO 007391,RIDGE DR,RIDGE DR,09:00-11:59,1,0
N,PROPERTY DAMAGE ONLY,\N,N,2023,TUESDAY,SIDE IMPACT,N,N,49.28592,-123.118844,Y,FEBRUARY,N,VANCOUVER,VANCOUVER,VANCOUVER,Y,N,N,LOWER MAINLAND,BURRARD ST # 000528 TO 000599,BURRARD ST,BURRARD ST,09:00-11:59,1,0
N,PROPERTY DAMAGE ONLY,\N,N,2023,TUESDAY,SIDE IMPACT,N,N,49.287248,-123.119614,Y,FEBRUARY,N,VANCOUVER,VANCOUVER,VANCOUVER,Y,Y,N,LOWER MAINLAND,W PENDER ST # 001038 TO 001099,W PENDER ST,W PENDER ST,09:00-11:59,1,0
N,PROPERTY DAMAGE ONLY,\N,N,2023,TUESDAY,SIDE IMPACT,N,N,49.287879,-123.11585,Y,FEBRUARY,N,VANCOUVER,VANCOUVER,VANCOUVER,Y,Y,N,LOWER MAINLAND,BURRARD ST # 000200 TO 000299,BURRARD ST,BURRARD ST,09:00-11:59,1,0
N,PROPERTY DAMAGE ONLY,\N,N,2023,TUESDAY,SIDE IMPACT,N,N,49.308895,-123.02363,Y,FEBRUARY,N,NORTH VANCOUVER,NORTH VANCOUVER,NORTH VANCOUVER,Y,Y,N,LOWER MAINLAND,SEYMOUR BLVD # 000315 TO 000399,SEYMOUR BLVD,SEYMOUR BLVD,09:00-11:59,1,0
N,PROPERTY DAMAGE ONLY,\N,N,2023,TUESDAY,SIDE IMPACT,N,N,49.31397,-123.051962,Y,FEBRUARY,N,NORTH VANCOUVER,NORTH VANCOUVER,NORTH VANCOUVER,Y,N,N,LOWER MAINLAND,HENDRY AVE # 000772 TO 000781,HENDRY AVE,HENDRY AVE,09:00-11:59,1,0
N,PROPERTY DAMAGE ONLY,\N,N,2023,TUESDAY,SIDE IMPACT,N,N,49.316047,-122.79785,Y,FEBRUARY,N,COQUITLAM,COQUITLAM,COQUITLAM,Y,N,N,LOWER MAINLAND,BERKSHIRE CRES # 002020 TO 002169,BERKSHIRE CRES,BERKSHIRE CRES,09:00-11:59,1,0
N,PROPERTY DAMAGE ONLY,\N,N,2023,TUESDAY,SIDE IMPACT,N,N,49.319361,-123.090316,Y,FEBRUARY,N,NORTH VANCOUVER,NORTH VANCOUVER,NORTH VANCOUVER,Y,Y,N,LOWER MAINLAND,W 3RD ST # 000600 TO 000699,W 3RD ST,W 3RD ST,09:00-11:59,1,0
N,PROPERTY DAMAGE ONLY,\N,N,2023,TUESDAY,SIDE IMPACT,N,N,49.329566,-123.15015,Y,FEBRUARY,N,WEST VANCOUVER,WEST VANCOUVER,WEST VANCOUVER,Y,N,N,LOWER MAINLAND,DUCHESS AVE # 001200 TO 001299,DUCHESS AVE,DUCHESS AVE,09:00-11:59,1,0
N,PROPERTY DAMAGE ONLY,\N,N,2023,TUESDAY,SIDE IMPACT,N,N,49.474607,-119.582864,Y,FEBRUARY,N,PENTICTON,PENTICTON,PENTICTON,N,Y,N,SOUTHERN INTERIOR,MAIN ST # 002051 TO 002199 odd,MAIN ST,MAIN ST,09:00-11:59,1,0
N,PROPERTY DAMAGE ONLY,\N,N,2023,TUESDAY,SIDE IMPACT,N,N,49.512152,-115.76826,Y,FEBRUARY,N,CRANBROOK,CRANBROOK,CRANBROOK,N,Y,N,SOUTHERN INTERIOR,BAKER ST # 000820 TO 000999,BAKER ST,BAKER ST,09:00-11:59,1,0
N,PROPERTY DAMAGE ONLY,\N,N,2023,TUESDAY,SIDE IMPACT,N,N,49.527088,-115.049988,Y,FEBRUARY,N,FERNIE,FERNIE,FERNIE,Y,N,N,SOUTHERN INTERIOR,KUTENAI RD # 000000 TO 000010,KUTENAI RD,KUTENAI RD,09:00-11:59,1,0
N,PROPERTY DAMAGE ONLY,\N,N,2023,TUESDAY,SIDE IMPACT,N,N,49.711758,-124.967375,Y,FEBRUARY,N,COURTENAY,COURTENAY,COURTENAY,N,Y,N,VANCOUVER ISLAND,LERWICK RD # 000362 TO 000377,LERWICK RD,LERWICK RD,09:00-11:59,1,0
N,PROPERTY DAMAGE ONLY,\N,N,2023,TUESDAY,SIDE IMPACT,N,N,49.714488,-124.970667,Y,FEBRUARY,N,COURTENAY,COURTENAY,COURTENAY,Y,Y,N,VANCOUVER ISLAND,LERWICK RD # 000100 TO 000199,LERWICK RD,LERWICK RD,09:00-11:59,1,0
N,PROPERTY DAMAGE ONLY,\N,N,2023,TUESDAY,SIDE IMPACT,N,N,49.862662,-119.489715,Y,FEBRUARY,N,KELOWNA,KELOWNA,KELOWNA,Y,Y,N,SOUTHERN INTERIOR,TUTT ST # 003000 TO 003099,TUTT ST,TUTT ST,09:00-11:59,1,0
N,PROPERTY DAMAGE ONLY,\N,N,2023,TUESDAY,SIDE IMPACT,N,N,53.894134,-122.771049,Y,FEBRUARY,N,PRINCE GEORGE,PRINCE GEORGE,PRINCE GEORGE,N,Y,N,NORTH CENTRAL,RECPLACE DR # 002634 TO 002849,RECPLACE DR,RECPLACE DR,09:00-11:59,1,0
N,PROPERTY DAMAGE ONLY,\N,N,2023,TUESDAY,SIDE IMPACT,N,N,53.903487,-122.797342,Y,FEBRUARY,N,PRINCE GEORGE,PRINCE GEORGE,PRINCE GEORGE,Y,Y,N,NORTH CENTRAL,OSPIKA BLVD # 002000 TO 002198 even,OSPIKA BLVD,OSPIKA BLVD,09:00-11:59,1,0
N,PROPERTY DAMAGE ONLY,\N,N,2023,TUESDAY,SIDE IMPACT,N,N,55.762189,-120.22844,Y,FEBRUARY,N,DAWSON CREEK,DAWSON CREEK,DAWSON CREEK,N,Y,N,NORTH CENTRAL,100 AVE # 000900 TO 001049,100 AVE,100 AVE,09:00-11:59,1,0
N,PROPERTY DAMAGE ONLY,\N,N,2023,TUESDAY,SIDE IMPACT,Y,N,\N,\N,N,FEBRUARY,N,RICHMOND,RICHMOND,\N,N,N,N,LOWER MAINLAND,UNKNOWN,HWY 99,HWY 99,09:00-11:59,1,0
N,PROPERTY DAMAGE ONLY,\N,N,2023,TUESDAY,SIDE IMPACT,Y,N,\N,\N,N,FEBRUARY,N,SURREY,SURREY,\N,Y,N,N,LOWER MAINLAND,UNKNOWN,97A AVE,97A AVE,09:00-11:59,1,0
N,PROPERTY DAMAGE ONLY,\N,N,2023,TUESDAY,SIDE IMPACT,Y,N,49.250382,-123.041601,Y,FEBRUARY,N,VANCOUVER,VANCOUVER,VANCOUVER,Y,N,N,LOWER MAINLAND,NOOTKA ST # 003800 TO 003849,NOOTKA ST,NOOTKA ST,09:00-11:59,1,0
N,PROPERTY DAMAGE ONLY,\N,N,2023,TUESDAY,SIDE SWIPE - OPPOSITE DIRECTION,N,N,\N,\N,N,FEBRUARY,N,CENTRAL SAANICH,CENTRAL SAANICH,\N,N,N,N,VANCOUVER ISLAND,UNKNOWN,OLD WEST SAANICH RD,OLD WEST SAANICH RD,09:00-11:59,1,0
N,PROPERTY DAMAGE ONLY,\N,N,2023,TUESDAY,SIDE SWIPE - OPPOSITE DIRECTION,N,N,\N,\N,N,FEBRUARY,N,SAANICH,SAANICH,\N,N,N,N,VANCOUVER ISLAND,UNKNOWN,OLD WEST SAANICH RD,OLD WEST SAANICH RD,09:00-11:59,1,0
N,PROPERTY DAMAGE ONLY,\N,N,2023,TUESDAY,SIDE SWIPE - OPPOSITE DIRECTION,N,N,49.144292,-122.006908,N,FEBRUARY,N,CHILLIWACK,CHILLIWACK,CHILLIWACK,Y,N,N,LOWER MAINLAND,LICKMAN RD OVERPASS,LICKMAN RD OVERPASS,LICKMAN RD OVERPASS,09:00-11:59,1,0
N,PROPERTY DAMAGE ONLY,\N,N,2023,TUESDAY,SIDE SWIPE - OPPOSITE DIRECTION,N,N,49.222716,-123.091165,Y,FEBRUARY,N,VANCOUVER,VANCOUVER,VANCOUVER,Y,N,N,LOWER MAINLAND,E 52ND AVE # 000674 TO 000699,E 52ND AVE,E 52ND AVE,09:00-11:59,1,0
N,PROPERTY DAMAGE ONLY,\N,N,2023,TUESDAY,SIDE SWIPE - OPPOSITE DIRECTION,Y,N,49.234159,-123.006197,Y,FEBRUARY,N,BURNABY,BURNABY,BURNABY,Y,Y,N,LOWER MAINLAND,SARDIS ST # 004400 TO 004420,SARDIS ST,SARDIS ST,09:00-11:59,1,0
N,PROPERTY DAMAGE ONLY,\N,N,2023,TUESDAY,SIDE SWIPE - OPPOSITE DIRECTION,Y,N,50.675825,-120.328357,Y,FEBRUARY,N,KAMLOOPS,KAMLOOPS,KAMLOOPS,Y,Y,N,SOUTHERN INTERIOR,VICTORIA ST # 000500 TO 000599,VICTORIA ST,VICTORIA ST,09:00-11:59,1,0
N,PROPERTY DAMAGE ONLY,\N,N,2023,TUESDAY,SIDE SWIPE - SAME DIRECTION,N,N,\N,\N,N,FEBRUARY,N,VICTORIA,VICTORIA,\N,N,N,N,VANCOUVER ISLAND,UNKNOWN,BLANSHARD ST,BLANSHARD ST,09:00-11:59,1,0
N,PROPERTY DAMAGE ONLY,\N,N,2023,TUESDAY,SIDE SWIPE - SAME DIRECTION,N,N,48.442021,-123.354385,Y,FEBRUARY,N,VICTORIA,VICTORIA,VICTORIA,Y,N,N,VANCOUVER ISLAND,BLACKWOOD ST # 002800 TO 002829,BLACKWOOD ST,BLACKWOOD ST,09:00-11:59,1,0
N,PROPERTY DAMAGE ONLY,\N,N,2023,TUESDAY,SIDE SWIPE - SAME DIRECTION,N,N,49.118726,-122.734136,Y,FEBRUARY,N,SURREY,SURREY,SURREY,Y,Y,N,LOWER MAINLAND,64 AVE # 017600 TO 017658 even,64 AVE,64 AVE,09:00-11:59,1,0
N,PROPERTY DAMAGE ONLY,\N,N,2023,TUESDAY,SIDE SWIPE - SAME DIRECTION,N,N,49.237059,-124.048518,Y,FEBRUARY,N,NANAIMO,NANAIMO,NANAIMO,Y,Y,N,VANCOUVER ISLAND,MALL ACCESS # 006631 TO 006631 odd,ISLAND HWY N,ISLAND HWY N,09:00-11:59,1,0
N,PROPERTY DAMAGE ONLY,\N,N,2023,TUESDAY,SIDE SWIPE - SAME DIRECTION,N,N,49.262152,-123.253517,Y,FEBRUARY,N,UBC,UBC,UBC,Y,Y,N,LOWER MAINLAND,WEST MALL # 002200 TO 002299,WEST MALL,WEST MALL,09:00-11:59,1,0
N,PROPERTY DAMAGE ONLY,\N,N,2023,TUESDAY,SIDE SWIPE - SAME DIRECTION,N,N,49.265832,-123.128922,Y,FEBRUARY,N,VANCOUVER,VANCOUVER,VANCOUVER,Y,N,N,LOWER MAINLAND,SPRUCE ST # 002200 TO 002299,SPRUCE ST,SPRUCE ST,09:00-11:59,1,0
N,PROPERTY DAMAGE ONLY,\N,N,2023,TUESDAY,SIDE SWIPE - SAME DIRECTION,N,N,50.701287,-119.283249,Y,FEBRUARY,N,SALMON ARM,SALMON ARM,SALMON ARM,Y,N,N,SOUTHERN INTERIOR,HUDSON AVE NE # 000100 TO 000199,HUDSON AVE NE,HUDSON AVE NE,09:00-11:59,1,0
N,PROPERTY DAMAGE ONLY,\N,N,2023,TUESDAY,SIDE SWIPE - SAME DIRECTION,N,N,53.909329,-122.755133,Y,FEBRUARY,N,PRINCE GEORGE,PRINCE GEORGE,PRINCE GEORGE,Y,Y,N,NORTH CENTRAL,VICTORIA ST # 001501 TO 001699,VICTORIA ST,VICTORIA ST,09:00-11:59,1,0
N,PROPERTY DAMAGE ONLY,\N,N,2023,TUESDAY,SINGLE VEHICLE,N,N,\N,\N,N,FEBRUARY,N,ABBOTSFORD,ABBOTSFORD,\N,N,N,N,LOWER MAINLAND,UNKNOWN,EAGLE PEAK LANE,EAGLE PEAK LANE,09:00-11:59,1,0
N,PROPERTY DAMAGE ONLY,\N,N,2023,TUESDAY,SINGLE VEHICLE,N,N,\N,\N,N,FEBRUARY,N,BEAVERDELL,BEAVERDELL,\N,N,N,N,SOUTHERN INTERIOR,UNKNOWN,BOULDER ROAD,BOULDER ROAD,09:00-11:59,1,0
N,PROPERTY DAMAGE ONLY,\N,N,2023,TUESDAY,SINGLE VEHICLE,N,N,\N,\N,N,FEBRUARY,N,CASTLEGAR,CASTLEGAR,\N,N,N,N,SOUTHERN INTERIOR,UNKNOWN,WANJOFF RD,WANJOFF RD,09:00-11:59,1,0
N,PROPERTY DAMAGE ONLY,\N,N,2023,TUESDAY,SINGLE VEHICLE,N,N,\N,\N,N,FEBRUARY,N,COBBLE HILL,COBBLE HILL,\N,N,N,N,VANCOUVER ISLAND,UNKNOWN,COBBLE HILL RD,COBBLE HILL RD,09:00-11:59,1,0
N,PROPERTY DAMAGE ONLY,\N,N,2023,TUESDAY,SINGLE VEHICLE,N,N,\N,\N,N,FEBRUARY,N,CRESTON,CRESTON,\N,N,Y,N,SOUTHERN INTERIOR,UNKNOWN,36 AVE N,36 AVE N,09:00-11:59,1,0
N,PROPERTY DAMAGE ONLY,\N,N,2023,TUESDAY,SINGLE VEHICLE,N,N,\N,\N,N,FEBRUARY,N,DELTA,DELTA,\N,N,N,N,LOWER MAINLAND,UNKNOWN,HWY 99,HWY 99,09:00-11:59,1,0
N,PROPERTY DAMAGE ONLY,\N,N,2023,TUESDAY,SINGLE VEHICLE,N,N,\N,\N,N,FEBRUARY,N,DUNCAN,DUNCAN,\N,N,N,N,VANCOUVER ISLAND,UNKNOWN,FESTUBERT ST,FESTUBERT ST,09:00-11:59,1,0
N,PROPERTY DAMAGE ONLY,\N,N,2023,TUESDAY,SINGLE VEHICLE,N,N,\N,\N,N,FEBRUARY,N,LAC LA HACHE,LAC LA HACHE,\N,N,N,N,NORTH CENTRAL,UNKNOWN,HWY 97,HWY 97,09:00-11:59,1,0
N,PROPERTY DAMAGE ONLY,\N,N,2023,TUESDAY,SINGLE VEHICLE,N,N,\N,\N,N,FEBRUARY,N,LADYSMITH,LADYSMITH,\N,N,N,N,VANCOUVER ISLAND,UNKNOWN,HWY 1,HWY 1,09:00-11:59,1,0
N,PROPERTY DAMAGE ONLY,\N,N,2023,TUESDAY,SINGLE VEHICLE,N,N,\N,\N,N,FEBRUARY,N,LANGLEY,LANGLEY,\N,N,N,N,LOWER MAINLAND,UNKNOWN,56 AVE,56 AVE,09:00-11:59,1,0
N,PROPERTY DAMAGE ONLY,\N,N,2023,TUESDAY,SINGLE VEHICLE,N,N,\N,\N,N,FEBRUARY,N,LANGLEY,LANGLEY,\N,N,N,N,LOWER MAINLAND,UNKNOWN,59 AVE,59 AVE,09:00-11:59,1,0
N,PROPERTY DAMAGE ONLY,\N,N,2023,TUESDAY,SINGLE VEHICLE,N,N,\N,\N,N,FEBRUARY,N,MERRITT,MERRITT,\N,N,N,N,SOUTHERN INTERIOR,UNKNOWN,COQUIHALLA HWY,COQUIHALLA HWY,09:00-11:59,1,0
N,PROPERTY DAMAGE ONLY,\N,N,2023,TUESDAY,SINGLE VEHICLE,N,N,\N,\N,N,FEBRUARY,N,MERRITT,MERRITT,\N,N,N,N,SOUTHERN INTERIOR,UNKNOWN,HWY 5,HWY 5,09:00-11:59,1,0
N,PROPERTY DAMAGE ONLY,\N,N,2023,TUESDAY,SINGLE VEHICLE,N,N,\N,\N,N,FEBRUARY,N,MILL BAY,MILL BAY,\N,N,N,N,VANCOUVER ISLAND,UNKNOWN,MILL BAY RD,MILL BAY RD,09:00-11:59,1,0
N,PROPERTY DAMAGE ONLY,\N,N,2023,TUESDAY,SINGLE VEHICLE,N,N,\N,\N,N,FEBRUARY,N,MONTROSE,MONTROSE,\N,N,N,N,SOUTHERN INTERIOR,UNKNOWN,NINTH AVE,NINTH AVE,09:00-11:59,1,0
N,PROPERTY DAMAGE ONLY,\N,N,2023,TUESDAY,SINGLE VEHICLE,N,N,\N,\N,N,FEBRUARY,N,NELSON,NELSON,\N,N,N,N,SOUTHERN INTERIOR,UNKNOWN,HWY 3A,HWY 3A,09:00-11:59,1,0
N,PROPERTY DAMAGE ONLY,\N,N,2023,TUESDAY,SINGLE VEHICLE,N,N,\N,\N,N,FEBRUARY,N,NORTH VANCOUVER,NORTH VANCOUVER,\N,N,Y,N,LOWER MAINLAND,UNKNOWN,SEYMOUR BLVD,SEYMOUR BLVD,09:00-11:59,1,0
N,PROPERTY DAMAGE ONLY,\N,N,2023,TUESDAY,SINGLE VEHICLE,N,N,\N,\N,N,FEBRUARY,N,PENDER HARBOUR,PENDER HARBOUR,\N,N,N,N,LOWER MAINLAND,UNKNOWN,MCNEILL FOREST SERVICE ROAD,MCNEILL FOREST SERVICE ROAD,09:00-11:59,1,0
N,PROPERTY DAMAGE ONLY,\N,N,2023,TUESDAY,SINGLE VEHICLE,N,N,\N,\N,N,FEBRUARY,N,QUALICUM BEACH,QUALICUM BEACH,\N,N,N,N,VANCOUVER ISLAND,UNKNOWN,HWY 19A,HWY 19A,09:00-11:59,1,0
N,PROPERTY DAMAGE ONLY,\N,N,2023,TUESDAY,SINGLE VEHICLE,N,N,\N,\N,N,FEBRUARY,N,SURREY,SURREY,\N,N,N,N,LOWER MAINLAND,UNKNOWN,184 ST,184 ST,09:00-11:59,1,0
N,PROPERTY DAMAGE ONLY,\N,N,2023,TUESDAY,SINGLE VEHICLE,N,N,\N,\N,N,FEBRUARY,N,SURREY,SURREY,\N,N,N,N,LOWER MAINLAND,UNKNOWN,HWY 99,HWY 99,09:00-11:59,1,0
N,PROPERTY DAMAGE ONLY,\N,N,2023,TUESDAY,SINGLE VEHICLE,N,N,\N,\N,N,FEBRUARY,N,TAPPEN,TAPPEN,\N,N,N,N,SOUTHERN INTERIOR,UNKNOWN,TRANS-CANADA HWY,TRANS-CANADA HWY,09:00-11:59,1,0
N,PROPERTY DAMAGE ONLY,\N,N,2023,TUESDAY,SINGLE VEHICLE,N,N,\N,\N,N,FEBRUARY,N,TERRACE,TERRACE,\N,N,N,N,NORTH CENTRAL,UNKNOWN,QUEENSWAY DR,QUEENSWAY DR,09:00-11:59,1,0
N,PROPERTY DAMAGE ONLY,\N,N,2023,TUESDAY,SINGLE VEHICLE,N,N,\N,\N,N,FEBRUARY,N,UNKNOWN,UNKNOWN,\N,N,Y,N,UNKNOWN,UNKNOWN,GRIGGS TERRACE,GRIGGS TERRACE,09:00-11:59,1,0
N,PROPERTY DAMAGE ONLY,\N,N,2023,TUESDAY,SINGLE VEHICLE,N,N,\N,\N,N,FEBRUARY,N,VANCOUVER,VANCOUVER,\N,N,N,Y,LOWER MAINLAND,UNKNOWN,MARINE DR,MARINE DR,09:00-11:59,1,0
N,PROPERTY DAMAGE ONLY,\N,N,2023,TUESDAY,SINGLE VEHICLE,N,N,\N,\N,N,FEBRUARY,N,VICTORIA,VICTORIA,\N,N,Y,N,VANCOUVER ISLAND,UNKNOWN,HERITAGE LANE,HERITAGE LANE,09:00-11:59,1,0
N,PROPERTY DAMAGE ONLY,\N,N,2023,TUESDAY,SINGLE VEHICLE,N,N,\N,\N,N,FEBRUARY,N,VICTORIA,VICTORIA,\N,N,Y,N,VANCOUVER ISLAND,UNKNOWN,WILLIAM HEAD RD,WILLIAM HEAD RD,09:00-11:59,1,0
N,PROPERTY DAMAGE ONLY,\N,N,2023,TUESDAY,SINGLE VEHICLE,N,N,\N,\N,N,FEBRUARY,N,VIEW ROYAL,VIEW ROYAL,\N,N,Y,N,VANCOUVER ISLAND,UNKNOWN,SIX MILE RD,SIX MILE RD,09:00-11:59,1,0
N,PROPERTY DAMAGE ONLY,\N,N,2023,TUESDAY,SINGLE VEHICLE,N,N,\N,\N,N,FEBRUARY,N,WILLIAMS LAKE,WILLIAMS LAKE,\N,N,N,N,NORTH CENTRAL,UNKNOWN,BORLAND ST,BORLAND ST,09:00-11:59,1,0
N,PROPERTY DAMAGE ONLY,\N,N,2023,TUESDAY,SINGLE VEHICLE,N,N,\N,\N,N,FEBRUARY,N,WINLAW,WINLAW,\N,N,N,N,SOUTHERN INTERIOR,UNKNOWN,LEMON CREEK ROAD,LEMON CREEK ROAD,09:00-11:59,1,0
N,PROPERTY DAMAGE ONLY,\N,N,2023,TUESDAY,SINGLE VEHICLE,N,N,48.423068,-123.367457,Y,FEBRUARY,N,VICTORIA,VICTORIA,VICTORIA,N,Y,N,VANCOUVER ISLAND,GORDON ST # 000800 TO 000899,GORDON ST,GORDON ST,09:00-11:59,1,0
N,PROPERTY DAMAGE ONLY,\N,N,2023,TUESDAY,SINGLE VEHICLE,N,N,48.427268,-123.312957,Y,FEBRUARY,N,OAK BAY,OAK BAY,OAK BAY,N,Y,N,VANCOUVER ISLAND,CLIVE DR # 001500 TO 001599,CLIVE DR,CLIVE DR,09:00-11:59,1,0
N,PROPERTY DAMAGE ONLY,\N,N,2023,TUESDAY,SINGLE VEHICLE,N,N,48.42763,-123.37433,Y,FEBRUARY,N,VICTORIA,VICTORIA,VICTORIA,N,Y,N,VANCOUVER ISLAND,HARBOUR RD # 000100 TO 000198 even,HARBOUR RD,HARBOUR RD,09:00-11:59,1,0
N,PROPERTY DAMAGE ONLY,\N,N,2023,TUESDAY,SINGLE VEHICLE,N,N,48.428591,-123.36336,Y,FEBRUARY,N,VICTORIA,VICTORIA,VICTORIA,N,Y,N,VANCOUVER ISLAND,CORMORANT ST # 000700 TO 000798,CORMORANT ST,CORMORANT ST,09:00-11:59,1,0
N,PROPERTY DAMAGE ONLY,\N,N,2023,TUESDAY,SINGLE VEHICLE,N,N,48.443761,-123.389135,Y,FEBRUARY,N,VICTORIA,VICTORIA,VICTORIA,N,Y,N,VANCOUVER ISLAND,GORGE RD E # 000000 TO 000039,GORGE RD E,GORGE RD E,09:00-11:59,1,0
N,PROPERTY DAMAGE ONLY,\N,N,2023,TUESDAY,SINGLE VEHICLE,N,N,48.654289,-123.402664,Y,FEBRUARY,N,SIDNEY,SIDNEY,SIDNEY,N,N,N,VANCOUVER ISLAND,RESTHAVEN DR # 010000 TO 010099,RESTHAVEN DR,RESTHAVEN DR,09:00-11:59,1,0
N,PROPERTY DAMAGE ONLY,\N,N,2023,TUESDAY,SINGLE VEHICLE,N,N,48.999277,-123.822215,Y,FEBRUARY,N,LADYSMITH,LADYSMITH,LADYSMITH,N,N,N,VANCOUVER ISLAND,OYSTER BAY DR # 001031 TO 001060,OYSTER BAY DR,OYSTER BAY DR,09:00-11:59,1,0
N,PROPERTY DAMAGE ONLY,\N,N,2023,TUESDAY,SINGLE VEHICLE,N,N,49.013795,-122.274078,Y,FEBRUARY,N,ABBOTSFORD,ABBOTSFORD,ABBOTSFORD,N,N,N,LOWER MAINLAND,INDUSTRIAL WAY # 034250 TO 034399,INDUSTRIAL WAY,INDUSTRIAL WAY,09:00-11:59,1,0
N,PROPERTY DAMAGE ONLY,\N,N,2023,TUESDAY,SINGLE VEHICLE,N,N,49.031241,-118.439778,Y,FEBRUARY,N,GRAND FORKS,GRAND FORKS,GRAND FORKS,N,Y,N,SOUTHERN INTERIOR,MARKET AVE # 000420 TO 000499,MARKET AVE,MARKET AVE,09:00-11:59,1,0
N,PROPERTY DAMAGE ONLY,\N,N,2023,TUESDAY,SINGLE VEHICLE,N,N,49.033291,-122.763617,Y,FEBRUARY,N,SURREY,SURREY,SURREY,N,N,N,LOWER MAINLAND,17A AVE # 016560 TO 016561,17A AVE,17A AVE,09:00-11:59,1,0
N,PROPERTY DAMAGE ONLY,\N,N,2023,TUESDAY,SINGLE VEHICLE,N,N,49.041584,-122.222487,Y,FEBRUARY,N,ABBOTSFORD,ABBOTSFORD,ABBOTSFORD,N,Y,N,LOWER MAINLAND,WHATCOM RD # 002100 TO 002248 even,WHATCOM RD,WHATCOM RD,09:00-11:59,1,0
N,PROPERTY DAMAGE ONLY,\N,N,2023,TUESDAY,SINGLE VEHICLE,N,N,49.049209,-122.782116,Y,FEBRUARY,N,SURREY,SURREY,SURREY,N,Y,N,LOWER MAINLAND,26 AVE # 015830 TO 015888,26 AVE,26 AVE,09:00-11:59,1,0
N,PROPERTY DAMAGE ONLY,\N,N,2023,TUESDAY,SINGLE VEHICLE,N,N,49.063719,-122.801761,Y,FEBRUARY,N,SURREY,SURREY,SURREY,N,Y,N,LOWER MAINLAND,34 AVE # 015150 TO 015199,34 AVE,34 AVE,09:00-11:59,1,0
N,PROPERTY DAMAGE ONLY,\N,N,2023,TUESDAY,SINGLE VEHICLE,N,N,49.066592,-122.23938,Y,FEBRUARY,N,ABBOTSFORD,ABBOTSFORD,ABBOTSFORD,N,N,N,LOWER MAINLAND,MCKEE RD # 035512 TO 035629,MCKEE RD,MCKEE RD,09:00-11:59,1,0
N,PROPERTY DAMAGE ONLY,\N,N,2023,TUESDAY,SINGLE VEHICLE,N,N,49.091318,-122.612968,Y,FEBRUARY,N,LANGLEY,LANGLEY,LANGLEY,N,Y,N,LOWER MAINLAND,49 AVE # 022000 TO 022099,49 AVE,49 AVE,09:00-11:59,1,0
N,PROPERTY DAMAGE ONLY,\N,N,2023,TUESDAY,SINGLE VEHICLE,N,N,49.104246,-122.661144,Y,FEBRUARY,N,LANGLEY,LANGLEY,LANGLEY,N,N,Y,LOWER MAINLAND,56 AVE # 020250 TO 020298 even,56 AVE,56 AVE,09:00-11:59,1,0
N,PROPERTY DAMAGE ONLY,\N,N,2023,TUESDAY,SINGLE VEHICLE,N,N,49.115589,-116.52354,Y,FEBRUARY,N,CRESTON,CRESTON,CRESTON,N,Y,N,SOUTHERN INTERIOR,NORTHWEST BLVD # 001500 TO 001699,NORTHWEST BLVD,NORTHWEST BLVD,09:00-11:59,1,0
N,PROPERTY DAMAGE ONLY,\N,N,2023,TUESDAY,SINGLE VEHICLE,N,N,49.119089,-122.814976,Y,FEBRUARY,N,SURREY,SURREY,SURREY,N,N,N,LOWER MAINLAND,64 AVE # 014600 TO 014798 even,64 AVE,64 AVE,09:00-11:59,1,0
N,PROPERTY DAMAGE ONLY,\N,N,2023,TUESDAY,SINGLE VEHICLE,N,N,49.129166,-122.802538,Y,FEBRUARY,N,SURREY,SURREY,SURREY,N,N,N,LOWER MAINLAND,151A ST # 006910 TO 006968,151A ST,151A ST,09:00-11:59,1,0
N,PROPERTY DAMAGE ONLY,\N,N,2023,TUESDAY,SINGLE VEHICLE,N,N,49.13807,-121.957992,Y,FEBRUARY,N,CHILLIWACK,CHILLIWACK,CHILLIWACK,N,N,N,LOWER MAINLAND,KNIGHT RD # 045700 TO 045769,KNIGHT RD,KNIGHT RD,09:00-11:59,1,0
N,PROPERTY DAMAGE ONLY,\N,N,2023,TUESDAY,SINGLE VEHICLE,N,N,49.141052,-122.811261,Y,FEBRUARY,N,SURREY,SURREY,SURREY,Y,N,N,LOWER MAINLAND,76 AVE # 014800 TO 014899,76 AVE,76 AVE,09:00-11:59,1,0
N,PROPERTY DAMAGE ONLY,\N,N,2023,TUESDAY,SINGLE VEHICLE,N,N,49.149428,-119.586892,Y,FEBRUARY,N,OLIVER,OLIVER,OLIVER,N,N,N,SOUTHERN INTERIOR,TINHORN CREEK RD # 000500 TO 000540,TINHORN CREEK RD,TINHORN CREEK RD,09:00-11:59,1,0
N,PROPERTY DAMAGE ONLY,\N,N,2023,TUESDAY,SINGLE VEHICLE,N,N,49.150048,-123.145137,Y,FEBRUARY,N,RICHMOND,RICHMOND,RICHMOND,Y,N,N,LOWER MAINLAND,CULLEN CRES # 008201 TO 008999,CULLEN CRES,CULLEN CRES,09:00-11:59,1,0
N,PROPERTY DAMAGE ONLY,\N,N,2023,TUESDAY,SINGLE VEHICLE,N,N,49.173442,-123.024273,Y,FEBRUARY,N,RICHMOND,RICHMOND,RICHMOND,N,N,N,LOWER MAINLAND,NO 8 RD # 005000 TO 005999,NO 8 RD,NO 8 RD,09:00-11:59,1,0
N,PROPERTY DAMAGE ONLY,\N,N,2023,TUESDAY,SINGLE VEHICLE,N,N,49.175125,-121.940023,Y,FEBRUARY,N,CHILLIWACK,CHILLIWACK,CHILLIWACK,N,N,N,LOWER MAINLAND,HAZEL ST # 009494 TO 009549,HAZEL ST,HAZEL ST,09:00-11:59,1,0
N,PROPERTY DAMAGE ONLY,\N,N,2023,TUESDAY,SINGLE VEHICLE,N,N,49.176995,-122.841483,Y,FEBRUARY,N,SURREY,SURREY,SURREY,Y,Y,N,LOWER MAINLAND,96 AVE # 013750 TO 013769,96 AVE,96 AVE,09:00-11:59,1,0
N,PROPERTY DAMAGE ONLY,\N,N,2023,TUESDAY,SINGLE VEHICLE,N,N,49.184671,-123.133961,Y,FEBRUARY,N,RICHMOND,RICHMOND,RICHMOND,N,Y,N,LOWER MAINLAND,CAMBIE RD # 008100 TO 008203,CAMBIE RD,CAMBIE RD,09:00-11:59,1,0
N,PROPERTY DAMAGE ONLY,\N,N,2023,TUESDAY,SINGLE VEHICLE,N,N,49.185156,-122.812071,Y,FEBRUARY,N,SURREY,SURREY,SURREY,N,Y,N,LOWER MAINLAND,148 ST # 010000 TO 010099,148 ST,148 ST,09:00-11:59,1,0
N,PROPERTY DAMAGE ONLY,\N,N,2023,TUESDAY,SINGLE VEHICLE,N,N,49.189644,-122.824508,Y,FEBRUARY,N,SURREY,SURREY,SURREY,N,Y,N,LOWER MAINLAND,103 AVE # 014340 TO 014388,103 AVE,103 AVE,09:00-11:59,1,0
N,PROPERTY DAMAGE ONLY,\N,N,2023,TUESDAY,SINGLE VEHICLE,N,N,49.198791,-122.050443,Y,FEBRUARY,N,DEROCHE,DEROCHE,DEROCHE,N,N,N,LOWER MAINLAND,LOUGHEED HWY # 042200 TO 042673,LOUGHEED HWY,LOUGHEED HWY,09:00-11:59,1,0
N,PROPERTY DAMAGE ONLY,\N,N,2023,TUESDAY,SINGLE VEHICLE,N,N,49.212834,-123.994011,Y,FEBRUARY,N,NANAIMO,NANAIMO,NANAIMO,N,Y,N,VANCOUVER ISLAND,ROCK CITY RD # 003200 TO 003299,ROCK CITY RD,ROCK CITY RD,09:00-11:59,1,0
N,PROPERTY DAMAGE ONLY,\N,N,2023,TUESDAY,SINGLE VEHICLE,N,N,49.214085,-123.145267,Y,FEBRUARY,N,VANCOUVER,VANCOUVER,VANCOUVER,N,Y,N,LOWER MAINLAND,W 63RD AVE # 001600 TO 001799,W 63RD AVE,W 63RD AVE,09:00-11:59,1,0
N,PROPERTY DAMAGE ONLY,\N,N,2023,TUESDAY,SINGLE VEHICLE,N,N,49.219297,-122.60453,Y,FEBRUARY,N,MAPLE RIDGE,MAPLE RIDGE,MAPLE RIDGE,N,Y,N,LOWER MAINLAND,223 ST # 011922 TO 011949,223 ST,223 ST,09:00-11:59,1,0
N,PROPERTY DAMAGE ONLY,\N,N,2023,TUESDAY,SINGLE VEHICLE,N,N,49.231572,-122.962442,Y,FEBRUARY,N,BURNABY,BURNABY,BURNABY,N,N,N,LOWER MAINLAND,MALVERN AVE # 005800 TO 005899,MALVERN AVE,MALVERN AVE,09:00-11:59,1,0
N,PROPERTY DAMAGE ONLY,\N,N,2023,TUESDAY,SINGLE VEHICLE,N,N,49.232967,-122.569734,Y,FEBRUARY,N,MAPLE RIDGE,MAPLE RIDGE,MAPLE RIDGE,N,N,N,LOWER MAINLAND,235 ST # 012630 TO 012799,235 ST,235 ST,09:00-11:59,1,0
N,PROPERTY DAMAGE ONLY,\N,N,2023,TUESDAY,SINGLE VEHICLE,N,N,49.233361,-123.06549,Y,FEBRUARY,N,VANCOUVER,VANCOUVER,VANCOUVER,N,Y,N,LOWER MAINLAND,VICTORIA DR # 005600 TO 005699,VICTORIA DR,VICTORIA DR,09:00-11:59,1,0
N,PROPERTY DAMAGE ONLY,\N,N,2023,TUESDAY,SINGLE VEHICLE,N,N,49.242726,-123.118399,Y,FEBRUARY,N,VANCOUVER,VANCOUVER,VANCOUVER,N,N,N,LOWER MAINLAND,CAMBIE ST # 004701 TO 004799 odd,CAMBIE ST,CAMBIE ST,09:00-11:59,1,0
N,PROPERTY DAMAGE ONLY,\N,N,2023,TUESDAY,SINGLE VEHICLE,N,N,49.254751,-122.846459,Y,FEBRUARY,N,COQUITLAM,COQUITLAM,COQUITLAM,Y,Y,N,LOWER MAINLAND,POIRIER ST # 000600 TO 000645,POIRIER ST,POIRIER ST,09:00-11:59,1,0
N,PROPERTY DAMAGE ONLY,\N,N,2023,TUESDAY,SINGLE VEHICLE,N,N,49.260458,-123.133839,Y,FEBRUARY,N,VANCOUVER,VANCOUVER,VANCOUVER,N,N,N,LOWER MAINLAND,BIRCH ST # 002800 TO 002853,BIRCH ST,BIRCH ST,09:00-11:59,1,0
N,PROPERTY DAMAGE ONLY,\N,N,2023,TUESDAY,SINGLE VEHICLE,N,N,49.261561,-122.970797,Y,FEBRUARY,N,BURNABY,BURNABY,BURNABY,N,N,N,LOWER MAINLAND,LOUGHEED HWY # 006350 TO 006586 even,LOUGHEED HWY,LOUGHEED HWY,09:00-11:59,1,0
N,PROPERTY DAMAGE ONLY,\N,N,2023,TUESDAY,SINGLE VEHICLE,N,N,49.261673,-122.997845,Y,FEBRUARY,N,BURNABY,BURNABY,BURNABY,N,Y,N,LOWER MAINLAND,STILL CREEK DR # 004700 TO 004799,STILL CREEK DR,STILL CREEK DR,09:00-11:59,1,0
N,PROPERTY DAMAGE ONLY,\N,N,2023,TUESDAY,SINGLE VEHICLE,N,N,49.263387,-123.125397,Y,FEBRUARY,N,VANCOUVER,VANCOUVER,VANCOUVER,N,Y,N,LOWER MAINLAND,W BROADWAY # 000900 TO 000999,W BROADWAY,W BROADWAY,09:00-11:59,1,0
N,PROPERTY DAMAGE ONLY,\N,N,2023,TUESDAY,SINGLE VEHICLE,N,N,49.270293,-123.071564,Y,FEBRUARY,N,VANCOUVER,VANCOUVER,VANCOUVER,Y,Y,N,LOWER MAINLAND,COTTON DR # 001600 TO 001647,COTTON DR,COTTON DR,09:00-11:59,1,0
N,PROPERTY DAMAGE ONLY,\N,N,2023,TUESDAY,SINGLE VEHICLE,N,N,49.273251,-123.039536,Y,FEBRUARY,N,VANCOUVER,VANCOUVER,VANCOUVER,N,N,N,LOWER MAINLAND,CHARLES ST # 003050 TO 003099,CHARLES ST,CHARLES ST,09:00-11:59,1,0
N,PROPERTY DAMAGE ONLY,\N,N,2023,TUESDAY,SINGLE VEHICLE,N,N,49.277248,-123.036245,Y,FEBRUARY,N,VANCOUVER,VANCOUVER,VANCOUVER,N,N,N,LOWER MAINLAND,WINDERMERE ST # 000800 TO 000827,WINDERMERE ST,WINDERMERE ST,09:00-11:59,1,0
N,PROPERTY DAMAGE ONLY,\N,N,2023,TUESDAY,SINGLE VEHICLE,N,N,49.279177,-123.107635,Y,FEBRUARY,N,VANCOUVER,VANCOUVER,VANCOUVER,N,Y,N,LOWER MAINLAND,ABBOTT ST # 000600 TO 000699,ABBOTT ST,ABBOTT ST,09:00-11:59,1,0
N,PROPERTY DAMAGE ONLY,\N,N,2023,TUESDAY,SINGLE VEHICLE,N,N,49.279941,-122.786936,Y,FEBRUARY,N,COQUITLAM,COQUITLAM,COQUITLAM,Y,Y,N,LOWER MAINLAND,WINDSOR GATE # 003080 TO 003097,WINDSOR GATE,WINDSOR GATE,09:00-11:59,1,0
N,PROPERTY DAMAGE ONLY,\N,N,2023,TUESDAY,SINGLE VEHICLE,N,N,49.282706,-122.79747,Y,FEBRUARY,N,COQUITLAM,COQUITLAM,COQUITLAM,N,Y,N,LOWER MAINLAND,GLEN DR # 002950 TO 002978,GLEN DR,GLEN DR,09:00-11:59,1,0
N,PROPERTY DAMAGE ONLY,\N,N,2023,TUESDAY,SINGLE VEHICLE,N,N,49.285066,-123.122114,Y,FEBRUARY,N,VANCOUVER,VANCOUVER,VANCOUVER,N,Y,N,LOWER MAINLAND,W GEORGIA ST # 001000 TO 001099,W GEORGIA ST,W GEORGIA ST,09:00-11:59,1,0
N,PROPERTY DAMAGE ONLY,\N,N,2023,TUESDAY,SINGLE VEHICLE,N,N,49.288372,-123.121246,Y,FEBRUARY,N,VANCOUVER,VANCOUVER,VANCOUVER,N,Y,N,LOWER MAINLAND,W HASTINGS ST # 001100 TO 001199,W HASTINGS ST,W HASTINGS ST,09:00-11:59,1,0
N,PROPERTY DAMAGE ONLY,\N,N,2023,TUESDAY,SINGLE VEHICLE,N,N,49.297002,-122.802776,Y,FEBRUARY,N,COQUITLAM,COQUITLAM,COQUITLAM,N,N,N,LOWER MAINLAND,PARKWAY BLVD # 001400 TO 001413,PARKWAY BLVD,PARKWAY BLVD,09:00-11:59,1,0
N,PROPERTY DAMAGE ONLY,\N,N,2023,TUESDAY,SINGLE VEHICLE,N,N,49.308074,-123.052269,Y,FEBRUARY,N,NORTH VANCOUVER,NORTH VANCOUVER,NORTH VANCOUVER,N,Y,N,LOWER MAINLAND,LOW LEVEL RD # 001000 TO 001003,LOW LEVEL RD,LOW LEVEL RD,09:00-11:59,1,0
N,PROPERTY DAMAGE ONLY,\N,N,2023,TUESDAY,SINGLE VEHICLE,N,N,49.317376,-124.566279,Y,FEBRUARY,N,QUALICUM BEACH,QUALICUM BEACH,QUALICUM BEACH,Y,N,N,VANCOUVER ISLAND,ASHLING RD # 001802 TO 001841,ASHLING RD,ASHLING RD,09:00-11:59,1,0
N,PROPERTY DAMAGE ONLY,\N,N,2023,TUESDAY,SINGLE VEHICLE,N,N,49.319361,-123.090316,Y,FEBRUARY,N,NORTH VANCOUVER,NORTH VANCOUVER,NORTH VANCOUVER,N,N,N,LOWER MAINLAND,W 3RD ST # 000600 TO 000699,W 3RD ST,W 3RD ST,09:00-11:59,1,0
N,PROPERTY DAMAGE ONLY,\N,N,2023,TUESDAY,SINGLE VEHICLE,N,N,49.321015,-123.07037,Y,FEBRUARY,N,NORTH VANCOUVER,NORTH VANCOUVER,NORTH VANCOUVER,N,Y,N,LOWER MAINLAND,E 14TH ST # 000121 TO 000199,E 14TH ST,E 14TH ST,09:00-11:59,1,0
N,PROPERTY DAMAGE ONLY,\N,N,2023,TUESDAY,SINGLE VEHICLE,N,N,49.321709,-123.096319,Y,FEBRUARY,N,NORTH VANCOUVER,NORTH VANCOUVER,NORTH VANCOUVER,N,Y,N,LOWER MAINLAND,MARINE DR # 000801 TO 000899 odd,MARINE DR,MARINE DR,09:00-11:59,1,0
N,PROPERTY DAMAGE ONLY,\N,N,2023,TUESDAY,SINGLE VEHICLE,N,N,49.328325,-119.557301,Y,FEBRUARY,N,OKANAGAN FALLS,OKANAGAN FALLS,OKANAGAN FALLS,N,Y,N,SOUTHERN INTERIOR,OLIVER RANCH RD # 001930 TO 001999,OLIVER RANCH RD,OLIVER RANCH RD,09:00-11:59,1,0
N,PROPERTY DAMAGE ONLY,\N,N,2023,TUESDAY,SINGLE VEHICLE,N,N,49.328618,-123.161238,Y,FEBRUARY,N,WEST VANCOUVER,WEST VANCOUVER,WEST VANCOUVER,N,N,N,LOWER MAINLAND,MARINE DR # 001700 TO 001799,MARINE DR,MARINE DR,09:00-11:59,1,0
N,PROPERTY DAMAGE ONLY,\N,N,2023,TUESDAY,SINGLE VEHICLE,N,N,49.329667,-123.155521,Y,FEBRUARY,N,WEST VANCOUVER,WEST VANCOUVER,WEST VANCOUVER,Y,N,N,LOWER MAINLAND,DUCHESS AVE # 001400 TO 001499,DUCHESS AVE,DUCHESS AVE,09:00-11:59,1,0
N,PROPERTY DAMAGE ONLY,\N,N,2023,TUESDAY,SINGLE VEHICLE,N,N,49.346979,-123.177069,Y,FEBRUARY,N,WEST VANCOUVER,WEST VANCOUVER,WEST VANCOUVER,N,N,N,LOWER MAINLAND,VARLEY LANE # 002400 TO 002499,VARLEY LANE,VARLEY LANE,09:00-11:59,1,0
N,PROPERTY DAMAGE ONLY,\N,N,2023,TUESDAY,SINGLE VEHICLE,N,N,49.370439,-120.572052,Y,FEBRUARY,N,PRINCETON,PRINCETON,PRINCETON,N,N,N,SOUTHERN INTERIOR,HWY 3 W # 001150 TO 001199,HWY 3,HWY 3,09:00-11:59,1,0
N,PROPERTY DAMAGE ONLY,\N,N,2023,TUESDAY,SINGLE VEHICLE,N,N,49.482646,-119.578336,Y,FEBRUARY,N,PENTICTON,PENTICTON,PENTICTON,N,Y,N,SOUTHERN INTERIOR,CARMI AVE # 000550 TO 000579,CARMI AVE,CARMI AVE,09:00-11:59,1,0
N,PROPERTY DAMAGE ONLY,\N,N,2023,TUESDAY,SINGLE VEHICLE,N,N,49.507554999999996,-115.751379,Y,FEBRUARY,N,CRANBROOK,CRANBROOK,CRANBROOK,N,N,N,SOUTHERN INTERIOR,VICTORIA AVE S # 000200 TO 000299,VICTORIA AVE S,VICTORIA AVE S,09:00-11:59,1,0
N,PROPERTY DAMAGE ONLY,\N,N,2023,TUESDAY,SINGLE VEHICLE,N,N,49.622617,-116.978414,Y,FEBRUARY,N,BALFOUR,BALFOUR,BALFOUR,N,N,N,SOUTHERN INTERIOR,HWY 3A # 007400 TO 007698,HWY 3A,HWY 3A,09:00-11:59,1,0
N,PROPERTY DAMAGE ONLY,\N,N,2023,TUESDAY,SINGLE VEHICLE,N,N,49.746002,-123.114829,Y,FEBRUARY,N,SQUAMISH,SQUAMISH,SQUAMISH,N,N,N,LOWER MAINLAND,GREENWOOD WAY # 002290 TO 002409,GREENWOOD WAY,GREENWOOD WAY,09:00-11:59,1,0
N,PROPERTY DAMAGE ONLY,\N,N,2023,TUESDAY,SINGLE VEHICLE,N,N,49.794908,-125.082176,Y,FEBRUARY,N,MERVILLE,MERVILLE,MERVILLE,N,Y,N,VANCOUVER ISLAND,HILLVIEW RD # 001450 TO 001609,HILLVIEW RD,HILLVIEW RD,09:00-11:59,1,0
N,PROPERTY DAMAGE ONLY,\N,N,2023,TUESDAY,SINGLE VEHICLE,N,N,50.011144,-125.246584,Y,FEBRUARY,N,CAMPBELL RIVER,CAMPBELL RIVER,CAMPBELL RIVER,N,Y,N,VANCOUVER ISLAND,2ND AVE # 000500 TO 000599,2ND AVE,2ND AVE,09:00-11:59,1,0
N,PROPERTY DAMAGE ONLY,\N,N,2023,TUESDAY,SINGLE VEHICLE,N,N,50.109604,-122.947317,Y,FEBRUARY,N,WHISTLER,WHISTLER,WHISTLER,N,Y,N,LOWER MAINLAND,GLACIER LANE # 004802 TO 004804 even,GLACIER LANE,GLACIER LANE,09:00-11:59,1,0
N,PROPERTY DAMAGE ONLY,\N,N,2023,TUESDAY,SINGLE VEHICLE,N,N,50.113958,-122.956948,Y,FEBRUARY,N,WHISTLER,WHISTLER,WHISTLER,N,Y,N,LOWER MAINLAND,VILLAGE GREEN # 004100 TO 004129,VILLAGE GREEN,VILLAGE GREEN,09:00-11:59,1,0
N,PROPERTY DAMAGE ONLY,\N,N,2023,TUESDAY,SINGLE VEHICLE,N,N,50.265318,-119.276046,Y,FEBRUARY,N,VERNON,VERNON,VERNON,N,N,N,SOUTHERN INTERIOR,32 AVE # 003300 TO 003399,32 AVE,32 AVE,09:00-11:59,1,0
N,PROPERTY DAMAGE ONLY,\N,N,2023,TUESDAY,SINGLE VEHICLE,N,N,50.277004,-119.270003,Y,FEBRUARY,N,VERNON,VERNON,VERNON,N,Y,N,SOUTHERN INTERIOR,29 ST # 004318 TO 004499,29 ST,29 ST,09:00-11:59,1,0
N,PROPERTY DAMAGE ONLY,\N,N,2023,TUESDAY,SINGLE VEHICLE,N,N,50.327565,-119.173634,Y,FEBRUARY,N,VERNON,VERNON,VERNON,N,N,N,SOUTHERN INTERIOR,JACKPINE RD # 008000 TO 008225,JACKPINE RD,JACKPINE RD,09:00-11:59,1,0
N,PROPERTY DAMAGE ONLY,\N,N,2023,TUESDAY,SINGLE VEHICLE,N,N,50.812555,-119.691713,Y,FEBRUARY,N,CHASE,CHASE,CHASE,N,Y,N,SOUTHERN INTERIOR,BROOKE DR # 000301 TO 000305 odd,BROOKE DR,BROOKE DR,09:00-11:59,1,0
N,PROPERTY DAMAGE ONLY,\N,N,2023,TUESDAY,SINGLE VEHICLE,N,N,52.046147,-122.057919,Y,FEBRUARY,N,WILLIAMS LAKE,WILLIAMS LAKE,WILLIAMS LAKE,N,Y,N,NORTH CENTRAL,CHIMNEY LAKE RD # 001984 TO 002057,CHIMNEY LAKE RD,CHIMNEY LAKE RD,09:00-11:59,1,0
N,PROPERTY DAMAGE ONLY,\N,N,2023,TUESDAY,SINGLE VEHICLE,N,N,53.902258,-122.761682,Y,FEBRUARY,N,PRINCE GEORGE,PRINCE GEORGE,PRINCE GEORGE,N,N,N,NORTH CENTRAL,STRATHCONA AVE # 001900 TO 001999,STRATHCONA AVE,STRATHCONA AVE,09:00-11:59,1,0
N,PROPERTY DAMAGE ONLY,\N,N,2023,TUESDAY,SINGLE VEHICLE,N,N,53.919174,-122.74806,Y,FEBRUARY,N,PRINCE GEORGE,PRINCE GEORGE,PRINCE GEORGE,N,Y,N,NORTH CENTRAL,VICTORIA ST # 000100 TO 000199,VICTORIA ST,VICTORIA ST,09:00-11:59,1,0
N,PROPERTY DAMAGE ONLY,\N,N,2023,TUESDAY,SINGLE VEHICLE,N,N,55.936193,-130.000866,Y,FEBRUARY,N,STEWART,STEWART,STEWART,N,N,N,NORTH CENTRAL,5TH AVE # 000100 TO 000115,5TH AVE,5TH AVE,09:00-11:59,1,0
N,PROPERTY DAMAGE ONLY,\N,N,2023,TUESDAY,SINGLE VEHICLE,Y,N,49.220159,-123.040174,Y,FEBRUARY,N,VANCOUVER,VANCOUVER,VANCOUVER,N,N,N,LOWER MAINLAND,E 54TH AVE # 003130 TO 003175,E 54TH AVE,E 54TH AVE,09:00-11:59,1,0
N,PROPERTY DAMAGE ONLY,\N,N,2023,TUESDAY,SINGLE VEHICLE,Y,N,49.222199,-123.062875,Y,FEBRUARY,N,VANCOUVER,VANCOUVER,VANCOUVER,N,N,N,LOWER MAINLAND,E 52ND AVE # 002158 TO 002199,E 52ND AVE,E 52ND AVE,09:00-11:59,1,0
N,PROPERTY DAMAGE ONLY,\N,N,2023,TUESDAY,SINGLE VEHICLE,Y,N,49.241495,-123.098779,Y,FEBRUARY,N,VANCOUVER,VANCOUVER,VANCOUVER,N,N,N,LOWER MAINLAND,SOPHIA ST # 004813 TO 004855,SOPHIA ST,SOPHIA ST,09:00-11:59,1,0
N,PROPERTY DAMAGE ONLY,\N,N,2023,TUESDAY,UNDETERMINED,N,N,\N,\N,N,FEBRUARY,N,BURNABY,BURNABY,\N,N,N,N,LOWER MAINLAND,UNKNOWN,WOODHURST CLOSE,WOODHURST CLOSE,09:00-11:59,1,0
N,PROPERTY DAMAGE ONLY,\N,N,2023,TUESDAY,UNDETERMINED,N,N,\N,\N,N,FEBRUARY,N,BURNABY,BURNABY,\N,Y,Y,N,LOWER MAINLAND,UNKNOWN,HALIFAX ST,HALIFAX ST,09:00-11:59,1,0
N,PROPERTY DAMAGE ONLY,\N,N,2023,TUESDAY,UNDETERMINED,N,N,\N,\N,N,FEBRUARY,N,BURNS LAKE,BURNS LAKE,\N,N,N,N,NORTH CENTRAL,UNKNOWN,GOVERNMENT ST,GOVERNMENT ST,09:00-11:59,1,0
N,PROPERTY DAMAGE ONLY,\N,N,2023,TUESDAY,UNDETERMINED,N,N,\N,\N,N,FEBRUARY,N,DUNCAN,DUNCAN,\N,Y,Y,N,VANCOUVER ISLAND,UNKNOWN,HWY 1,HWY 1,09:00-11:59,1,0
N,PROPERTY DAMAGE ONLY,\N,N,2023,TUESDAY,UNDETERMINED,N,N,\N,\N,N,FEBRUARY,N,FERNIE,FERNIE,\N,N,Y,N,SOUTHERN INTERIOR,UNKNOWN,HIGHLINE DR,HIGHLINE DR,09:00-11:59,1,0
N,PROPERTY DAMAGE ONLY,\N,N,2023,TUESDAY,UNDETERMINED,N,N,\N,\N,N,FEBRUARY,N,KAMLOOPS,KAMLOOPS,\N,Y,N,N,SOUTHERN INTERIOR,UNKNOWN,SARCEE ST E,SARCEE ST E,09:00-11:59,1,0
N,PROPERTY DAMAGE ONLY,\N,N,2023,TUESDAY,UNDETERMINED,N,N,\N,\N,N,FEBRUARY,N,KELOWNA,KELOWNA,\N,Y,N,N,SOUTHERN INTERIOR,UNKNOWN,HWY 97 S,HWY 97 S,09:00-11:59,1,0
N,PROPERTY DAMAGE ONLY,\N,N,2023,TUESDAY,UNDETERMINED,N,N,\N,\N,N,FEBRUARY,N,NEW WESTMINSTER,NEW WESTMINSTER,\N,Y,N,N,LOWER MAINLAND,UNKNOWN,LANCASTER ST,LANCASTER ST,09:00-11:59,1,0
N,PROPERTY DAMAGE ONLY,\N,N,2023,TUESDAY,UNDETERMINED,N,N,\N,\N,N,FEBRUARY,N,NORTH VANCOUVER,NORTH VANCOUVER,\N,Y,N,N,LOWER MAINLAND,UNKNOWN,KENSINGTON RD,KENSINGTON RD,09:00-11:59,1,0
N,PROPERTY DAMAGE ONLY,\N,N,2023,TUESDAY,UNDETERMINED,N,N,\N,\N,N,FEBRUARY,N,PRINCE GEORGE,PRINCE GEORGE,\N,N,N,N,NORTH CENTRAL,UNKNOWN,RECREATION AVE,RECREATION AVE,09:00-11:59,1,0
N,PROPERTY DAMAGE ONLY,\N,N,2023,TUESDAY,UNDETERMINED,N,N,\N,\N,N,FEBRUARY,N,SALMON ARM,SALMON ARM,\N,N,N,N,SOUTHERN INTERIOR,UNKNOWN,HWY 97B,HWY 97B,09:00-11:59,1,0
N,PROPERTY DAMAGE ONLY,\N,N,2023,TUESDAY,UNDETERMINED,N,N,\N,\N,N,FEBRUARY,N,SMITHERS,SMITHERS,\N,N,N,N,NORTH CENTRAL,UNKNOWN,HWY 16,HWY 16,09:00-11:59,1,0
N,PROPERTY DAMAGE ONLY,\N,N,2023,TUESDAY,UNDETERMINED,N,N,\N,\N,N,FEBRUARY,N,SURREY,SURREY,\N,N,N,N,LOWER MAINLAND,UNKNOWN,127 ST,127 ST,09:00-11:59,1,0
N,PROPERTY DAMAGE ONLY,\N,N,2023,TUESDAY,UNDETERMINED,N,N,\N,\N,N,FEBRUARY,N,SURREY,SURREY,\N,N,N,N,LOWER MAINLAND,UNKNOWN,128 ST,128 ST,09:00-11:59,1,0
N,PROPERTY DAMAGE ONLY,\N,N,2023,TUESDAY,UNDETERMINED,N,N,\N,\N,N,FEBRUARY,N,SURREY,SURREY,\N,Y,N,N,LOWER MAINLAND,UNKNOWN,145 ST,145 ST,09:00-11:59,1,0
N,PROPERTY DAMAGE ONLY,\N,N,2023,TUESDAY,UNDETERMINED,N,N,\N,\N,N,FEBRUARY,N,UNKNOWN,UNKNOWN,\N,N,N,N,UNKNOWN,UNKNOWN,Unknown,\N,09:00-11:59,1,0
N,PROPERTY DAMAGE ONLY,\N,N,2023,TUESDAY,UNDETERMINED,N,N,\N,\N,N,FEBRUARY,N,VANCOUVER,VANCOUVER,\N,Y,N,N,LOWER MAINLAND,UNKNOWN,ALBERTA STREET,ALBERTA STREET,09:00-11:59,1,0
N,PROPERTY DAMAGE ONLY,\N,N,2023,TUESDAY,UNDETERMINED,N,N,\N,\N,N,FEBRUARY,N,VICTORIA,VICTORIA,\N,Y,Y,N,VANCOUVER ISLAND,UNKNOWN,SHELLBOURNE,SHELLBOURNE,09:00-11:59,1,0
N,PROPERTY DAMAGE ONLY,\N,N,2023,TUESDAY,UNDETERMINED,N,N,48.378428,-123.722102,Y,FEBRUARY,N,SOOKE,SOOKE,SOOKE,N,Y,N,VANCOUVER ISLAND,SOOKE RD # 006646 TO 006678,SOOKE RD,SOOKE RD,09:00-11:59,1,0
N,PROPERTY DAMAGE ONLY,\N,N,2023,TUESDAY,UNDETERMINED,N,N,48.414317,-123.356611,Y,FEBRUARY,N,VICTORIA,VICTORIA,VICTORIA,Y,N,N,VANCOUVER ISLAND,COOK ST # 000240 TO 000319,COOK ST,COOK ST,09:00-11:59,1,0
N,PROPERTY DAMAGE ONLY,\N,N,2023,TUESDAY,UNDETERMINED,N,N,48.45553,-123.372619,Y,FEBRUARY,N,SAANICH,SAANICH,SAANICH,Y,Y,N,VANCOUVER ISLAND,BLANSHARD ST # 003500 TO 003525,BLANSHARD ST,BLANSHARD ST,09:00-11:59,1,0
N,PROPERTY DAMAGE ONLY,\N,N,2023,TUESDAY,UNDETERMINED,N,N,48.496922,-123.380073,Y,FEBRUARY,N,SAANICH,SAANICH,SAANICH,N,N,N,VANCOUVER ISLAND,CHATTERTON WAY # 004574 TO 004599,CHATTERTON WAY,CHATTERTON WAY,09:00-11:59,1,0
N,PROPERTY DAMAGE ONLY,\N,N,2023,TUESDAY,UNDETERMINED,N,N,48.589157,-123.419235,Y,FEBRUARY,N,CENTRAL SAANICH,CENTRAL SAANICH,CENTRAL SAANICH,Y,N,N,VANCOUVER ISLAND,EAST SAANICH RD # 007611 TO 007629,EAST SAANICH RD,EAST SAANICH RD,09:00-11:59,1,0
N,PROPERTY DAMAGE ONLY,\N,N,2023,TUESDAY,UNDETERMINED,N,N,48.774516,-123.698752,Y,FEBRUARY,N,DUNCAN,DUNCAN,DUNCAN,N,Y,N,VANCOUVER ISLAND,TRANS-CANADA HWY # 000100 TO 000190 even,TRANS-CANADA HWY,TRANS-CANADA HWY,09:00-11:59,1,0
N,PROPERTY DAMAGE ONLY,\N,N,2023,TUESDAY,UNDETERMINED,N,N,48.776218,-123.698755,Y,FEBRUARY,N,DUNCAN,DUNCAN,DUNCAN,Y,Y,N,VANCOUVER ISLAND,TRANS-CANADA HWY # 000200 TO 000298 even,TRANS-CANADA HWY,TRANS-CANADA HWY,09:00-11:59,1,0
N,PROPERTY DAMAGE ONLY,\N,N,2023,TUESDAY,UNDETERMINED,N,N,48.784925,-123.699637,Y,FEBRUARY,N,DUNCAN,DUNCAN,DUNCAN,Y,Y,N,VANCOUVER ISLAND,BEVERLY ST # 002600 TO 002609,BEVERLY ST,BEVERLY ST,09:00-11:59,1,0
N,PROPERTY DAMAGE ONLY,\N,N,2023,TUESDAY,UNDETERMINED,N,N,49.005207,-119.34395,Y,FEBRUARY,N,OSOYOOS,OSOYOOS,OSOYOOS,Y,N,N,SOUTHERN INTERIOR,EAGLE PL # 000750 TO 000999,EAGLE PL,EAGLE PL,09:00-11:59,1,0
N,PROPERTY DAMAGE ONLY,\N,N,2023,TUESDAY,UNDETERMINED,N,N,49.021638,-122.802304,Y,FEBRUARY,N,WHITE ROCK,WHITE ROCK,WHITE ROCK,N,N,N,LOWER MAINLAND,COLUMBIA AVE # 015100 TO 015199,COLUMBIA AVE,COLUMBIA AVE,09:00-11:59,1,0
N,PROPERTY DAMAGE ONLY,\N,N,2023,TUESDAY,UNDETERMINED,N,N,49.035875,-122.271713,Y,FEBRUARY,N,ABBOTSFORD,ABBOTSFORD,ABBOTSFORD,Y,Y,N,LOWER MAINLAND,VEDDER WAY # 001700 TO 001999,VEDDER WAY,VEDDER WAY,09:00-11:59,1,0
N,PROPERTY DAMAGE ONLY,\N,N,2023,TUESDAY,UNDETERMINED,N,N,49.039658,-122.277035,Y,FEBRUARY,N,ABBOTSFORD,ABBOTSFORD,ABBOTSFORD,Y,Y,N,LOWER MAINLAND,ABBOTSFORD WAY # 002000 TO 002179,ABBOTSFORD WAY,ABBOTSFORD WAY,09:00-11:59,1,0
N,PROPERTY DAMAGE ONLY,\N,N,2023,TUESDAY,UNDETERMINED,N,N,49.045361,-122.223644,Y,FEBRUARY,N,ABBOTSFORD,ABBOTSFORD,ABBOTSFORD,Y,Y,N,LOWER MAINLAND,WHATCOM RD # 002350 TO 002398 even,WHATCOM RD,WHATCOM RD,09:00-11:59,1,0
N,PROPERTY DAMAGE ONLY,\N,N,2023,TUESDAY,UNDETERMINED,N,N,49.067115,-122.531938,Y,FEBRUARY,N,LANGLEY,LANGLEY,LANGLEY,Y,N,N,LOWER MAINLAND,36 AVE # 024800 TO 025179,36 AVE,36 AVE,09:00-11:59,1,0
N,PROPERTY DAMAGE ONLY,\N,N,2023,TUESDAY,UNDETERMINED,N,N,49.082086,-122.055859,Y,FEBRUARY,N,CHILLIWACK,CHILLIWACK,CHILLIWACK,Y,Y,N,LOWER MAINLAND,YARROW CENTRAL RD # 042200 TO 042249,YARROW CENTRAL RD,YARROW CENTRAL RD,09:00-11:59,1,0
N,PROPERTY DAMAGE ONLY,\N,N,2023,TUESDAY,UNDETERMINED,N,N,49.085935,-123.064144,Y,FEBRUARY,N,DELTA,DELTA,DELTA,Y,Y,N,LOWER MAINLAND,HARVEST DR # 004501 TO 004601 odd,HARVEST DR,HARVEST DR,09:00-11:59,1,0
N,PROPERTY DAMAGE ONLY,\N,N,2023,TUESDAY,UNDETERMINED,N,N,49.110377,-122.857869,Y,FEBRUARY,N,SURREY,SURREY,SURREY,Y,N,N,LOWER MAINLAND,131A ST # 005850 TO 005999,131A ST,131A ST,09:00-11:59,1,0
N,PROPERTY DAMAGE ONLY,\N,N,2023,TUESDAY,UNDETERMINED,N,N,49.126276,-122.818675,Y,FEBRUARY,N,SURREY,SURREY,SURREY,Y,N,N,LOWER MAINLAND,68 AVE # 014554 TO 014599,68 AVE,68 AVE,09:00-11:59,1,0
N,PROPERTY DAMAGE ONLY,\N,N,2023,TUESDAY,UNDETERMINED,N,N,49.132918,-122.333757,Y,FEBRUARY,N,MISSION,MISSION,MISSION,Y,Y,N,LOWER MAINLAND,LOUGHEED HWY # 032134 TO 032148 even,LOUGHEED HWY,LOUGHEED HWY,09:00-11:59,1,0
N,PROPERTY DAMAGE ONLY,\N,N,2023,TUESDAY,UNDETERMINED,N,N,49.133624,-122.848631,Y,FEBRUARY,N,SURREY,SURREY,SURREY,Y,Y,N,LOWER MAINLAND,72 AVE # 013401 TO 013599 odd,72 AVE,72 AVE,09:00-11:59,1,0
N,PROPERTY DAMAGE ONLY,\N,N,2023,TUESDAY,UNDETERMINED,N,N,49.142831,-122.870842,Y,FEBRUARY,N,SURREY,SURREY,SURREY,Y,N,N,LOWER MAINLAND,127 ST # 007600 TO 007799,127 ST,127 ST,09:00-11:59,1,0
N,PROPERTY DAMAGE ONLY,\N,N,2023,TUESDAY,UNDETERMINED,N,N,49.142847,-122.812303,Y,FEBRUARY,N,SURREY,SURREY,SURREY,Y,N,N,LOWER MAINLAND,148 ST # 007600 TO 007799,148 ST,148 ST,09:00-11:59,1,0
N,PROPERTY DAMAGE ONLY,\N,N,2023,TUESDAY,UNDETERMINED,N,N,49.14754,-123.948178,Y,FEBRUARY,N,NANAIMO,NANAIMO,NANAIMO,Y,Y,N,VANCOUVER ISLAND,SEVENTH ST # 000439 TO 000499,SEVENTH ST,SEVENTH ST,09:00-11:59,1,0
N,PROPERTY DAMAGE ONLY,\N,N,2023,TUESDAY,UNDETERMINED,N,N,49.150867,-122.906976,Y,FEBRUARY,N,DELTA,DELTA,DELTA,Y,N,N,LOWER MAINLAND,114 ST # 008100 TO 008149,114 ST,114 ST,09:00-11:59,1,0
N,PROPERTY DAMAGE ONLY,\N,N,2023,TUESDAY,UNDETERMINED,N,N,49.151861,-121.977356,Y,FEBRUARY,N,CHILLIWACK,CHILLIWACK,CHILLIWACK,Y,Y,N,LOWER MAINLAND,EAGLE LANDING PKY # 008208 TO 008261,EAGLE LANDING PKY,EAGLE LANDING PKY,09:00-11:59,1,0
N,PROPERTY DAMAGE ONLY,\N,N,2023,TUESDAY,UNDETERMINED,N,N,49.156702,-122.89046,Y,FEBRUARY,N,DELTA,DELTA,DELTA,N,Y,N,LOWER MAINLAND,120 ST # 008401 TO 008499 odd,120 ST,120 ST,09:00-11:59,1,0
N,PROPERTY DAMAGE ONLY,\N,N,2023,TUESDAY,UNDETERMINED,N,N,49.156702,-122.89046,Y,FEBRUARY,N,DELTA,DELTA,DELTA,Y,N,N,LOWER MAINLAND,120 ST # 008401 TO 008499 odd,120 ST,120 ST,09:00-11:59,1,0
N,PROPERTY DAMAGE ONLY,\N,N,2023,TUESDAY,UNDETERMINED,N,N,49.158241,-122.660354,Y,FEBRUARY,N,LANGLEY,LANGLEY,LANGLEY,Y,N,N,LOWER MAINLAND,202B ST # 008524 TO 008562 even,202B ST,202B ST,09:00-11:59,1,0
N,PROPERTY DAMAGE ONLY,\N,N,2023,TUESDAY,UNDETERMINED,N,N,49.159009,-122.749409,Y,FEBRUARY,N,SURREY,SURREY,SURREY,Y,N,N,LOWER MAINLAND,RICHARDSON DR # 008504 TO 008551,RICHARDSON DR,RICHARDSON DR,09:00-11:59,1,0
N,PROPERTY DAMAGE ONLY,\N,N,2023,TUESDAY,UNDETERMINED,N,N,49.159685,-122.916886,Y,FEBRUARY,N,DELTA,DELTA,DELTA,Y,N,N,LOWER MAINLAND,86 AVE # 010960 TO 011099,86 AVE,86 AVE,09:00-11:59,1,0
N,PROPERTY DAMAGE ONLY,\N,N,2023,TUESDAY,UNDETERMINED,N,N,49.162629,-122.868885,Y,FEBRUARY,N,SURREY,SURREY,SURREY,N,N,N,LOWER MAINLAND,88 AVE # 012748 TO 012799,88 AVE,88 AVE,09:00-11:59,1,0
N,PROPERTY DAMAGE ONLY,\N,N,2023,TUESDAY,UNDETERMINED,N,N,49.165488,-123.154441,Y,FEBRUARY,N,RICHMOND,RICHMOND,RICHMOND,N,Y,N,LOWER MAINLAND,MADRONA CRES # 006000 TO 006598,MADRONA CRES,MADRONA CRES,09:00-11:59,1,0
N,PROPERTY DAMAGE ONLY,\N,N,2023,TUESDAY,UNDETERMINED,N,N,49.170111,-121.954197,Y,FEBRUARY,N,CHILLIWACK,CHILLIWACK,CHILLIWACK,Y,Y,N,LOWER MAINLAND,YALE RD # 046020 TO 046079,YALE RD,YALE RD,09:00-11:59,1,0
N,PROPERTY DAMAGE ONLY,\N,N,2023,TUESDAY,UNDETERMINED,N,N,49.171995,-123.134012,Y,FEBRUARY,N,RICHMOND,RICHMOND,RICHMOND,Y,Y,N,LOWER MAINLAND,ACKROYD RD # 008100 TO 008399,ACKROYD RD,ACKROYD RD,09:00-11:59,1,0
N,PROPERTY DAMAGE ONLY,\N,N,2023,TUESDAY,UNDETERMINED,N,N,49.174008,-122.87365,Y,FEBRUARY,N,SURREY,SURREY,SURREY,Y,N,N,LOWER MAINLAND,126 ST # 009400 TO 009455,126 ST,126 ST,09:00-11:59,1,0
N,PROPERTY DAMAGE ONLY,\N,N,2023,TUESDAY,UNDETERMINED,N,N,49.175506,-123.9494,Y,FEBRUARY,N,NANAIMO,NANAIMO,NANAIMO,Y,N,N,VANCOUVER ISLAND,HOLLY AVE # 000305 TO 000399,HOLLY AVE,HOLLY AVE,09:00-11:59,1,0
N,PROPERTY DAMAGE ONLY,\N,N,2023,TUESDAY,UNDETERMINED,N,N,49.190881,-123.172831,Y,FEBRUARY,N,RICHMOND,RICHMOND,RICHMOND,Y,Y,N,LOWER MAINLAND,MILLER RD # 004800 TO 004899,MILLER RD,MILLER RD,09:00-11:59,1,0
N,PROPERTY DAMAGE ONLY,\N,N,2023,TUESDAY,UNDETERMINED,N,N,49.191771,-122.875805,Y,FEBRUARY,N,SURREY,SURREY,SURREY,N,N,N,LOWER MAINLAND,104 AVE # 012500 TO 012549,104 AVE,104 AVE,09:00-11:59,1,0
N,PROPERTY DAMAGE ONLY,\N,N,2023,TUESDAY,UNDETERMINED,N,N,49.196493,-122.533964,Y,FEBRUARY,N,MAPLE RIDGE,MAPLE RIDGE,MAPLE RIDGE,Y,N,N,LOWER MAINLAND,106B AVE # 024810 TO 024839,106B AVE,106B AVE,09:00-11:59,1,0
N,PROPERTY DAMAGE ONLY,\N,N,2023,TUESDAY,UNDETERMINED,N,N,49.197012,-122.834142,Y,FEBRUARY,N,SURREY,SURREY,SURREY,Y,N,N,LOWER MAINLAND,140 ST # 010600 TO 010799,140 ST,140 ST,09:00-11:59,1,0
N,PROPERTY DAMAGE ONLY,\N,N,2023,TUESDAY,UNDETERMINED,N,N,49.197028,-123.095198,Y,FEBRUARY,N,RICHMOND,RICHMOND,RICHMOND,Y,Y,N,LOWER MAINLAND,RIVER RD # 011350 TO 011999,RIVER RD,RIVER RD,09:00-11:59,1,0
N,PROPERTY DAMAGE ONLY,\N,N,2023,TUESDAY,UNDETERMINED,N,N,49.198849,-122.834897,Y,FEBRUARY,N,SURREY,SURREY,SURREY,N,Y,N,LOWER MAINLAND,108 AVE # 013950 TO 013999,108 AVE,108 AVE,09:00-11:59,1,0
N,PROPERTY DAMAGE ONLY,\N,N,2023,TUESDAY,UNDETERMINED,N,N,49.218802,-122.601721,Y,FEBRUARY,N,MAPLE RIDGE,MAPLE RIDGE,MAPLE RIDGE,Y,N,N,LOWER MAINLAND,224 ST # 011900 TO 011915,224 ST,224 ST,09:00-11:59,1,0
N,PROPERTY DAMAGE ONLY,\N,N,2023,TUESDAY,UNDETERMINED,N,N,49.220036,-122.59403,Y,FEBRUARY,N,MAPLE RIDGE,MAPLE RIDGE,MAPLE RIDGE,Y,N,N,LOWER MAINLAND,227 ST # 011950 TO 011999,227 ST,227 ST,09:00-11:59,1,0
N,PROPERTY DAMAGE ONLY,\N,N,2023,TUESDAY,UNDETERMINED,N,N,49.221654,-123.13646,Y,FEBRUARY,N,VANCOUVER,VANCOUVER,VANCOUVER,Y,Y,N,LOWER MAINLAND,W 54TH AVE # 001300 TO 001399,W 54TH AVE,W 54TH AVE,09:00-11:59,1,0
N,PROPERTY DAMAGE ONLY,\N,N,2023,TUESDAY,UNDETERMINED,N,N,49.224557,-122.945909,Y,FEBRUARY,N,BURNABY,BURNABY,BURNABY,Y,N,N,LOWER MAINLAND,ROSEWOOD ST # 007500 TO 007649,ROSEWOOD ST,ROSEWOOD ST,09:00-11:59,1,0
N,PROPERTY DAMAGE ONLY,\N,N,2023,TUESDAY,UNDETERMINED,N,N,49.224809,-123.055432,Y,FEBRUARY,N,VANCOUVER,VANCOUVER,VANCOUVER,Y,Y,N,LOWER MAINLAND,E 49TH AVE # 002500 TO 002599,E 49TH AVE,E 49TH AVE,09:00-11:59,1,0
N,PROPERTY DAMAGE ONLY,\N,N,2023,TUESDAY,UNDETERMINED,N,N,49.234448,-122.83957,Y,FEBRUARY,N,COQUITLAM,COQUITLAM,COQUITLAM,Y,N,N,LOWER MAINLAND,MONTGOMERY ST # 000140 TO 000161,MONTGOMERY ST,MONTGOMERY ST,09:00-11:59,1,0
N,PROPERTY DAMAGE ONLY,\N,N,2023,TUESDAY,UNDETERMINED,N,N,49.23758,-122.867956,Y,FEBRUARY,N,COQUITLAM,COQUITLAM,COQUITLAM,Y,Y,N,LOWER MAINLAND,BRUNETTE AVE # 000960 TO 000999,BRUNETTE AVE,BRUNETTE AVE,09:00-11:59,1,0
N,PROPERTY DAMAGE ONLY,\N,N,2023,TUESDAY,UNDETERMINED,N,N,49.238598,-122.819388,Y,FEBRUARY,N,COQUITLAM,COQUITLAM,COQUITLAM,Y,N,N,LOWER MAINLAND,CAPE HORN AVE # 002600 TO 002665,CAPE HORN AVE,CAPE HORN AVE,09:00-11:59,1,0
N,PROPERTY DAMAGE ONLY,\N,N,2023,TUESDAY,UNDETERMINED,N,N,49.254283,-123.056613,Y,FEBRUARY,N,VANCOUVER,VANCOUVER,VANCOUVER,Y,N,N,LOWER MAINLAND,NANAIMO ST # 003300 TO 003399,NANAIMO ST,NANAIMO ST,09:00-11:59,1,0
N,PROPERTY DAMAGE ONLY,\N,N,2023,TUESDAY,UNDETERMINED,N,N,49.260281,-123.106009,Y,FEBRUARY,N,VANCOUVER,VANCOUVER,VANCOUVER,Y,Y,N,LOWER MAINLAND,W 12TH AVE # 000000 TO 000099,W 12TH AVE,W 12TH AVE,09:00-11:59,1,0
N,PROPERTY DAMAGE ONLY,\N,N,2023,TUESDAY,UNDETERMINED,N,N,49.266083,-124.803026,Y,FEBRUARY,N,PORT ALBERNI,PORT ALBERNI,PORT ALBERNI,Y,Y,N,VANCOUVER ISLAND,GLENSIDE RD # 004300 TO 004399,GLENSIDE RD,GLENSIDE RD,09:00-11:59,1,0
N,PROPERTY DAMAGE ONLY,\N,N,2023,TUESDAY,UNDETERMINED,N,N,49.268924,-123.018711,Y,FEBRUARY,N,BURNABY,BURNABY,BURNABY,Y,N,N,LOWER MAINLAND,INGLETON AVE # 001700 TO 001799,INGLETON AVE,INGLETON AVE,09:00-11:59,1,0
N,PROPERTY DAMAGE ONLY,\N,N,2023,TUESDAY,UNDETERMINED,N,N,49.26939,-123.110371,Y,FEBRUARY,N,VANCOUVER,VANCOUVER,VANCOUVER,N,N,N,LOWER MAINLAND,COOK ST # 001700 TO 001799,COOK ST,COOK ST,09:00-11:59,1,0
N,PROPERTY DAMAGE ONLY,\N,N,2023,TUESDAY,UNDETERMINED,N,N,49.273205,-123.01868,Y,FEBRUARY,N,BURNABY,BURNABY,BURNABY,Y,N,N,LOWER MAINLAND,INGLETON AVE # 001200 TO 001299,INGLETON AVE,INGLETON AVE,09:00-11:59,1,0
N,PROPERTY DAMAGE ONLY,\N,N,2023,TUESDAY,UNDETERMINED,N,N,49.277063,-122.800243,Y,FEBRUARY,N,COQUITLAM,COQUITLAM,COQUITLAM,Y,Y,N,LOWER MAINLAND,BARNET HWY # 002901 TO 002929 odd,BARNET HWY,BARNET HWY,09:00-11:59,2,0
N,PROPERTY DAMAGE ONLY,\N,N,2023,TUESDAY,UNDETERMINED,N,N,49.277426,-123.026522,Y,FEBRUARY,N,VANCOUVER,VANCOUVER,VANCOUVER,N,N,N,LOWER MAINLAND,ADANAC ST # 003541 TO 003599,ADANAC ST,ADANAC ST,09:00-11:59,1,0
N,PROPERTY DAMAGE ONLY,\N,N,2023,TUESDAY,UNDETERMINED,N,N,49.280846,-123.120604,Y,FEBRUARY,N,VANCOUVER,VANCOUVER,VANCOUVER,Y,Y,N,LOWER MAINLAND,GRANVILLE ST # 000800 TO 000899,GRANVILLE ST,GRANVILLE ST,09:00-11:59,1,0
N,PROPERTY DAMAGE ONLY,\N,N,2023,TUESDAY,UNDETERMINED,N,N,49.305268,-123.016496,Y,FEBRUARY,N,NORTH VANCOUVER,NORTH VANCOUVER,NORTH VANCOUVER,N,Y,N,LOWER MAINLAND,DOLLARTON HWY # 002000 TO 002198 even,DOLLARTON HWY,DOLLARTON HWY,09:00-11:59,1,0
N,PROPERTY DAMAGE ONLY,\N,N,2023,TUESDAY,UNDETERMINED,N,N,49.32203,-123.068113,Y,FEBRUARY,N,NORTH VANCOUVER,NORTH VANCOUVER,NORTH VANCOUVER,N,Y,N,LOWER MAINLAND,E 15TH ST # 000214 TO 000235,E 15TH ST,E 15TH ST,09:00-11:59,1,0
N,PROPERTY DAMAGE ONLY,\N,N,2023,TUESDAY,UNDETERMINED,N,N,49.327599,-123.15231,Y,FEBRUARY,N,WEST VANCOUVER,WEST VANCOUVER,WEST VANCOUVER,Y,N,N,LOWER MAINLAND,MARINE DR # 001300 TO 001348 even,MARINE DR,MARINE DR,09:00-11:59,1,0
N,PROPERTY DAMAGE ONLY,\N,N,2023,TUESDAY,UNDETERMINED,N,N,49.327919,-123.160239,Y,FEBRUARY,N,WEST VANCOUVER,WEST VANCOUVER,WEST VANCOUVER,N,Y,N,LOWER MAINLAND,17TH ST # 000200 TO 000249,17TH ST,17TH ST,09:00-11:59,1,0
N,PROPERTY DAMAGE ONLY,\N,N,2023,TUESDAY,UNDETERMINED,N,N,49.328253,-123.071474,Y,FEBRUARY,N,NORTH VANCOUVER,NORTH VANCOUVER,NORTH VANCOUVER,Y,N,N,LOWER MAINLAND,E 21ST ST # 000100 TO 000131,E 21ST ST,E 21ST ST,09:00-11:59,1,0
N,PROPERTY DAMAGE ONLY,\N,N,2023,TUESDAY,UNDETERMINED,N,N,49.328865,-123.029002,Y,FEBRUARY,N,NORTH VANCOUVER,NORTH VANCOUVER,NORTH VANCOUVER,Y,N,N,LOWER MAINLAND,KILMARNOCK CRES # 002300 TO 002429,KILMARNOCK CRES,KILMARNOCK CRES,09:00-11:59,1,0
N,PROPERTY DAMAGE ONLY,\N,N,2023,TUESDAY,UNDETERMINED,N,N,49.470485,-123.762076,Y,FEBRUARY,N,SECHELT,SECHELT,SECHELT,Y,N,N,LOWER MAINLAND,OCEAN AVE # 005450 TO 005469,OCEAN AVE,OCEAN AVE,09:00-11:59,1,0
N,PROPERTY DAMAGE ONLY,\N,N,2023,TUESDAY,UNDETERMINED,N,N,49.492754,-117.291926,Y,FEBRUARY,N,NELSON,NELSON,NELSON,Y,N,N,SOUTHERN INTERIOR,BAKER ST # 000600 TO 000699,BAKER ST,BAKER ST,09:00-11:59,1,0
N,PROPERTY DAMAGE ONLY,\N,N,2023,TUESDAY,UNDETERMINED,N,N,49.495974,-115.754092,Y,FEBRUARY,N,CRANBROOK,CRANBROOK,CRANBROOK,Y,Y,N,SOUTHERN INTERIOR,20TH AVE S # 001300 TO 001343,20TH AVE S,20TH AVE S,09:00-11:59,1,0
N,PROPERTY DAMAGE ONLY,\N,N,2023,TUESDAY,UNDETERMINED,N,N,49.49962,-119.592897,Y,FEBRUARY,N,PENTICTON,PENTICTON,PENTICTON,Y,N,N,SOUTHERN INTERIOR,MAIN ST # 000200 TO 000299,MAIN ST,MAIN ST,09:00-11:59,1,0
N,PROPERTY DAMAGE ONLY,\N,N,2023,TUESDAY,UNDETERMINED,N,N,49.499832,-117.289278,Y,FEBRUARY,N,NELSON,NELSON,NELSON,N,Y,N,SOUTHERN INTERIOR,LAKESIDE DR # 001000 TO 001189,LAKESIDE DR,LAKESIDE DR,09:00-11:59,1,0
N,PROPERTY DAMAGE ONLY,\N,N,2023,TUESDAY,UNDETERMINED,N,N,49.530241,-115.753458,Y,FEBRUARY,N,CRANBROOK,CRANBROOK,CRANBROOK,Y,Y,N,SOUTHERN INTERIOR,17TH ST N # 002000 TO 002101,17TH ST N,17TH ST N,09:00-11:59,1,0
N,PROPERTY DAMAGE ONLY,\N,N,2023,TUESDAY,UNDETERMINED,N,N,49.701603,-123.15326,Y,FEBRUARY,N,SQUAMISH,SQUAMISH,SQUAMISH,N,Y,N,LOWER MAINLAND,PEMBERTON AVE # 001300 TO 001349,PEMBERTON AVE,PEMBERTON AVE,09:00-11:59,1,0
N,PROPERTY DAMAGE ONLY,\N,N,2023,TUESDAY,UNDETERMINED,N,N,49.734723,-123.118266,Y,FEBRUARY,N,SQUAMISH,SQUAMISH,SQUAMISH,Y,Y,N,LOWER MAINLAND,MAMQUAM RD # 002450 TO 002499,MAMQUAM RD,MAMQUAM RD,09:00-11:59,1,0
N,PROPERTY DAMAGE ONLY,\N,N,2023,TUESDAY,UNDETERMINED,N,N,49.836893,-124.528573,Y,FEBRUARY,N,POWELL RIVER,POWELL RIVER,POWELL RIVER,Y,Y,N,VANCOUVER ISLAND,WILLINGDON AVE # 004446 TO 004499,WILLINGDON AVE,WILLINGDON AVE,09:00-11:59,1,0
N,PROPERTY DAMAGE ONLY,\N,N,2023,TUESDAY,UNDETERMINED,N,N,49.858903,-119.552802,Y,FEBRUARY,N,WEST KELOWNA,WEST KELOWNA,WEST KELOWNA,Y,N,N,SOUTHERN INTERIOR,STEVENSON RD # 000800 TO 000920,STEVENSON RD,STEVENSON RD,09:00-11:59,1,0
N,PROPERTY DAMAGE ONLY,\N,N,2023,TUESDAY,UNDETERMINED,N,N,49.862640999999996,-119.565144,Y,FEBRUARY,N,WEST KELOWNA,WEST KELOWNA,WEST KELOWNA,Y,Y,N,SOUTHERN INTERIOR,HUDSON RD # 001200 TO 001299,HUDSON RD,HUDSON RD,09:00-11:59,1,0
N,PROPERTY DAMAGE ONLY,\N,N,2023,TUESDAY,UNDETERMINED,N,N,49.970712,-125.215379,Y,FEBRUARY,N,CAMPBELL RIVER,CAMPBELL RIVER,CAMPBELL RIVER,Y,Y,N,VANCOUVER ISLAND,ISLAND HWY S # 002220 TO 002276,ISLAND HWY S,ISLAND HWY S,09:00-11:59,1,0
N,PROPERTY DAMAGE ONLY,\N,N,2023,TUESDAY,UNDETERMINED,N,N,49.994915,-125.236564,Y,FEBRUARY,N,CAMPBELL RIVER,CAMPBELL RIVER,CAMPBELL RIVER,Y,Y,N,VANCOUVER ISLAND,ROBRON RD # 000300 TO 000349,ROBRON RD,ROBRON RD,09:00-11:59,1,0
N,PROPERTY DAMAGE ONLY,\N,N,2023,TUESDAY,UNDETERMINED,N,N,50.017016,-119.404277,Y,FEBRUARY,N,LAKE COUNTRY,LAKE COUNTRY,LAKE COUNTRY,N,Y,N,SOUTHERN INTERIOR,HWY 97 # 008948 TO 009498 even,HWY 97,HWY 97,09:00-11:59,1,0
N,PROPERTY DAMAGE ONLY,\N,N,2023,TUESDAY,UNDETERMINED,N,N,50.033818,-125.250304,Y,FEBRUARY,N,CAMPBELL RIVER,CAMPBELL RIVER,CAMPBELL RIVER,Y,Y,N,VANCOUVER ISLAND,ISLAND HWY # 001382 TO 001444 even,ISLAND HWY,ISLAND HWY,09:00-11:59,1,0
N,PROPERTY DAMAGE ONLY,\N,N,2023,TUESDAY,UNDETERMINED,N,N,50.11644,-122.957439,Y,FEBRUARY,N,WHISTLER,WHISTLER,WHISTLER,Y,Y,N,LOWER MAINLAND,NORTHLANDS BLVD # 004300 TO 004305,NORTHLANDS BLVD,NORTHLANDS BLVD,09:00-11:59,1,0
N,PROPERTY DAMAGE ONLY,\N,N,2023,TUESDAY,UNDETERMINED,N,N,50.266188,-119.280956,Y,FEBRUARY,N,VERNON,VERNON,VERNON,Y,Y,N,SOUTHERN INTERIOR,CENTENNIAL DR # 003200 TO 003505,CENTENNIAL DR,CENTENNIAL DR,09:00-11:59,1,0
N,PROPERTY DAMAGE ONLY,\N,N,2023,TUESDAY,UNDETERMINED,N,N,50.266401,-119.273782,Y,FEBRUARY,N,VERNON,VERNON,VERNON,Y,Y,N,SOUTHERN INTERIOR,32 ST # 003300 TO 003399,32 ST,32 ST,09:00-11:59,1,0
N,PROPERTY DAMAGE ONLY,\N,N,2023,TUESDAY,UNDETERMINED,N,N,50.289072,-119.260542,Y,FEBRUARY,N,VERNON,VERNON,VERNON,Y,N,N,SOUTHERN INTERIOR,58 AVE # 002000 TO 002499,58 AVE,58 AVE,09:00-11:59,1,0
N,PROPERTY DAMAGE ONLY,\N,N,2023,TUESDAY,UNDETERMINED,N,N,50.358719,-119.057044,Y,FEBRUARY,N,VERNON,VERNON,VERNON,N,Y,N,SOUTHERN INTERIOR,SHORTT ST # 000121 TO 000129 odd,SHORTT ST,SHORTT ST,09:00-11:59,1,0
N,PROPERTY DAMAGE ONLY,\N,N,2023,TUESDAY,UNDETERMINED,N,N,50.444741,-119.184115,Y,FEBRUARY,N,ARMSTRONG,ARMSTRONG,ARMSTRONG,Y,Y,N,SOUTHERN INTERIOR,SMITH DR # 003000 TO 003249,SMITH DR,SMITH DR,09:00-11:59,1,0
N,PROPERTY DAMAGE ONLY,\N,N,2023,TUESDAY,UNDETERMINED,N,N,50.652593,-120.367574,Y,FEBRUARY,N,KAMLOOPS,KAMLOOPS,KAMLOOPS,N,Y,N,SOUTHERN INTERIOR,HWY 5A # 001801 TO 001813 odd,PRINCETON-KAMLOOPS HWY 5A,PRINCETON-KAMLOOPS HWY 5A,09:00-11:59,1,0
N,PROPERTY DAMAGE ONLY,\N,N,2023,TUESDAY,UNDETERMINED,N,N,50.654353,-120.173618,Y,FEBRUARY,N,KAMLOOPS,KAMLOOPS,KAMLOOPS,Y,N,N,SOUTHERN INTERIOR,COOLRIDGE PL # 005620 TO 005664 even,COOLRIDGE PL,COOLRIDGE PL,09:00-11:59,1,0
N,PROPERTY DAMAGE ONLY,\N,N,2023,TUESDAY,UNDETERMINED,N,N,50.655345,-120.388074,Y,FEBRUARY,N,KAMLOOPS,KAMLOOPS,KAMLOOPS,Y,Y,N,SOUTHERN INTERIOR,VERSATILE DR # 001600 TO 001699,VERSATILE DR,VERSATILE DR,09:00-11:59,1,0
N,PROPERTY DAMAGE ONLY,\N,N,2023,TUESDAY,UNDETERMINED,N,N,50.658511,-120.438711,Y,FEBRUARY,N,KAMLOOPS,KAMLOOPS,KAMLOOPS,N,Y,N,SOUTHERN INTERIOR,BOWERS PL # 002821 TO 002969,BOWERS PL,BOWERS PL,09:00-11:59,1,0
N,PROPERTY DAMAGE ONLY,\N,N,2023,TUESDAY,UNDETERMINED,N,N,50.995048,-118.163807,Y,FEBRUARY,N,REVELSTOKE,REVELSTOKE,REVELSTOKE,Y,N,N,SOUTHERN INTERIOR,OAK DR # 000938 TO 002155,OAK DR,OAK DR,09:00-11:59,1,0
N,PROPERTY DAMAGE ONLY,\N,N,2023,TUESDAY,UNDETERMINED,N,N,51.642619,-121.297482,Y,FEBRUARY,N,100 MILE HOUSE,100 MILE HOUSE,100 MILE HOUSE,N,Y,N,NORTH CENTRAL,TAYLOR AVE # 000340 TO 000418 even,TAYLOR AVE,TAYLOR AVE,09:00-11:59,1,0
N,PROPERTY DAMAGE ONLY,\N,N,2023,TUESDAY,UNDETERMINED,N,N,53.917494,-122.749412,Y,FEBRUARY,N,PRINCE GEORGE,PRINCE GEORGE,PRINCE GEORGE,N,N,N,NORTH CENTRAL,VICTORIA ST # 000300 TO 000399,VICTORIA ST,VICTORIA ST,09:00-11:59,1,0
N,PROPERTY DAMAGE ONLY,\N,N,2023,TUESDAY,UNDETERMINED,N,N,53.917494,-122.749412,Y,FEBRUARY,N,PRINCE GEORGE,PRINCE GEORGE,PRINCE GEORGE,Y,N,N,NORTH CENTRAL,VICTORIA ST # 000300 TO 000399,VICTORIA ST,VICTORIA ST,09:00-11:59,1,0
N,PROPERTY DAMAGE ONLY,\N,N,2023,TUESDAY,UNDETERMINED,N,N,53.987640999999996,-122.785989,Y,FEBRUARY,N,PRINCE GEORGE,PRINCE GEORGE,PRINCE GEORGE,Y,N,N,NORTH CENTRAL,HAZEL DR # 003450 TO 003669,HAZEL DR,HAZEL DR,09:00-11:59,1,0
N,PROPERTY DAMAGE ONLY,\N,N,2023,TUESDAY,UNDETERMINED,N,N,53.998912,-123.995153,Y,FEBRUARY,N,VANDERHOOF,VANDERHOOF,VANDERHOOF,N,N,N,NORTH CENTRAL,SPEEDWAY RD # 001210 TO 001229,SPEEDWAY RD,SPEEDWAY RD,09:00-11:59,1,0
N,PROPERTY DAMAGE ONLY,\N,N,2023,TUESDAY,UNDETERMINED,N,N,54.313058,-130.326274,Y,FEBRUARY,N,PRINCE RUPERT,PRINCE RUPERT,PRINCE RUPERT,Y,N,N,NORTH CENTRAL,2ND AVE W # 000400 TO 000499,2ND AVE W,2ND AVE W,09:00-11:59,1,0
N,PROPERTY DAMAGE ONLY,\N,N,2023,TUESDAY,UNDETERMINED,N,N,58.799419,-122.71207,Y,FEBRUARY,N,FORT NELSON,FORT NELSON,FORT NELSON,Y,Y,N,NORTH CENTRAL,55TH ST # 004500 TO 004599,55TH ST,55TH ST,09:00-11:59,1,0
N,PROPERTY DAMAGE ONLY,\N,N,2023,TUESDAY,UNDETERMINED,Y,N,\N,\N,N,FEBRUARY,N,VERNON,VERNON,\N,Y,N,N,SOUTHERN INTERIOR,UNKNOWN,SOVEREIGN LAKE RD,SOVEREIGN LAKE RD,09:00-11:59,1,0
N,PROPERTY DAMAGE ONLY,\N,N,2023,TUESDAY,UNDETERMINED,Y,N,\N,\N,N,FEBRUARY,N,VICTORIA,VICTORIA,\N,N,Y,N,VANCOUVER ISLAND,UNKNOWN,MCKENZIE ST,MCKENZIE ST,09:00-11:59,1,0
N,PROPERTY DAMAGE ONLY,\N,N,2023,TUESDAY,UNDETERMINED,Y,N,49.07803,-119.500067,Y,FEBRUARY,N,OLIVER,OLIVER,OLIVER,N,N,N,SOUTHERN INTERIOR,RADIO TOWER RD # 002400 TO 002493,RADIO TOWER RD,RADIO TOWER RD,09:00-11:59,1,0
N,PROPERTY DAMAGE ONLY,\N,N,2023,TUESDAY,UNDETERMINED,Y,N,49.190602,-122.885532,Y,FEBRUARY,N,SURREY,SURREY,SURREY,N,Y,N,LOWER MAINLAND,103A AVE # 012100 TO 012199,103A AVE,103A AVE,09:00-11:59,1,0
N,PROPERTY DAMAGE ONLY,\N,N,2023,TUESDAY,UNDETERMINED,Y,N,49.229548,-122.817453,Y,FEBRUARY,N,COQUITLAM,COQUITLAM,COQUITLAM,Y,N,N,LOWER MAINLAND,GLACIER ST # 000050 TO 000079,GLACIER ST,GLACIER ST,09:00-11:59,1,0
N,PROPERTY DAMAGE ONLY,\N,N,2023,TUESDAY,UNDETERMINED,Y,N,54.487222,-126.679382,Y,FEBRUARY,N,HOUSTON,HOUSTON,HOUSTON,Y,N,N,NORTH CENTRAL,SUMMIT LAKE RD W # 008904 TO 008949,SUMMIT LAKE RD W,SUMMIT LAKE RD W,09:00-11:59,1,0
N,PROPERTY DAMAGE ONLY,104,N,2023,TUESDAY,REAR END,N,N,\N,\N,N,FEBRUARY,N,SURREY,SURREY,\N,N,N,N,LOWER MAINLAND,UNKNOWN,SCOTT ROAD,SCOTT ROAD,09:00-11:59,1,0
N,PROPERTY DAMAGE ONLY,114 ST,N,2023,TUESDAY,UNDETERMINED,N,N,\N,\N,N,FEBRUARY,N,SURREY,SURREY,\N,N,Y,N,LOWER MAINLAND,UNKNOWN,88 AVE,88 AVE,09:00-11:59,1,0
N,PROPERTY DAMAGE ONLY,116 ST,N,2023,TUESDAY,REAR END,N,Y,49.148612,-122.901433,N,FEBRUARY,N,DELTA,DELTA,DELTA,N,N,N,LOWER MAINLAND,116 ST & 80 AVE,80 AVE,80 AVE,09:00-11:59,1,0
N,PROPERTY DAMAGE ONLY,120 ST,N,2023,TUESDAY,CONFLICTED,N,Y,49.13252,-122.890367,N,FEBRUARY,N,DELTA,DELTA,DELTA & SURREY,N,N,N,LOWER MAINLAND,120 ST & MALL ACCESS,MALL ACCESS,MALL ACCESS,09:00-11:59,1,0
N,PROPERTY DAMAGE ONLY,120 ST,N,2023,TUESDAY,SINGLE VEHICLE,N,Y,49.163208,-122.890341,N,FEBRUARY,N,DELTA,DELTA,DELTA & SURREY,N,N,N,LOWER MAINLAND,120 ST & 88 AVE,88 AVE,88 AVE,09:00-11:59,1,0
N,PROPERTY DAMAGE ONLY,125 ST,N,2023,TUESDAY,REAR END,N,Y,49.191765,-122.87524,N,FEBRUARY,N,SURREY,SURREY,SURREY,N,N,N,LOWER MAINLAND,104 AVE & 125 ST & 125A ST,104 AVE,104 AVE,09:00-11:59,1,0
N,PROPERTY DAMAGE ONLY,128 ST,N,2023,TUESDAY,REAR END,N,Y,49.206298,-122.867395,N,FEBRUARY,N,SURREY,SURREY,SURREY,N,N,N,LOWER MAINLAND,112A AVE & 128 ST & BRIDGEVIEW DR & KING GEORGE BLVD & TURNING LANE,KING GEORGE BLVD,KING GEORGE BLVD,09:00-11:59,1,0
N,PROPERTY DAMAGE ONLY,138 ST,N,2023,TUESDAY,REAR END,N,Y,49.133576,-122.838651,N,FEBRUARY,N,SURREY,SURREY,SURREY,N,N,N,LOWER MAINLAND,138 ST & 72 AVE,72 AVE,72 AVE,09:00-11:59,1,0
N,PROPERTY DAMAGE ONLY,13TH AVE,N,2023,TUESDAY,CONFLICTED,N,Y,53.912525,-122.7636,N,FEBRUARY,N,PRINCE GEORGE,PRINCE GEORGE,PRINCE GEORGE,Y,N,N,NORTH CENTRAL,13TH AVE & LETHBRIDGE ST & HOSPITAL ACCESS,LETHBRIDGE ST,LETHBRIDGE ST,09:00-11:59,1,0
N,PROPERTY DAMAGE ONLY,144 ST,N,2023,TUESDAY,UNDETERMINED,N,Y,49.104545,-122.823441,N,FEBRUARY,N,SURREY,SURREY,SURREY,N,N,N,LOWER MAINLAND,144 ST & 56 AVE,HWY 10,HWY 10,09:00-11:59,1,0
N,PROPERTY DAMAGE ONLY,146 ST,N,2023,TUESDAY,SINGLE VEHICLE,N,Y,49.151951,-122.817597,N,FEBRUARY,N,SURREY,SURREY,SURREY,N,N,N,LOWER MAINLAND,146 ST & 82 AVE & JANICE CHURCHILL ELEMENTARY SCHOOL ACCESS,82 AVE,82 AVE,09:00-11:59,1,0
N,PROPERTY DAMAGE ONLY,152 ST OFFRAMP,N,2023,TUESDAY,SIDE IMPACT,N,Y,49.059132,-122.802526,N,FEBRUARY,N,SURREY,SURREY,SURREY,N,N,N,LOWER MAINLAND,152 ST & 152 ST OFFRAMP & HWY 99,HWY 99,HWY 99,09:00-11:59,1,0
N,PROPERTY DAMAGE ONLY,156 ST,N,2023,TUESDAY,REAR END,N,Y,49.042763,-122.790072,N,FEBRUARY,N,SURREY,SURREY,SURREY,N,N,N,LOWER MAINLAND,156 ST & KING GEORGE BLVD & TURNING LANE & UNNAMED LANE,KING GEORGE BLVD,KING GEORGE BLVD,09:00-11:59,1,0
N,PROPERTY DAMAGE ONLY,15TH ST,N,2023,TUESDAY,SIDE SWIPE - OPPOSITE DIRECTION,Y,Y,49.332501,-123.157006,N,FEBRUARY,N,WEST VANCOUVER,WEST VANCOUVER,WEST VANCOUVER,N,N,N,LOWER MAINLAND,15TH ST & GORDON AVE,GORDON AVE,GORDON AVE,09:00-11:59,1,0
N,PROPERTY DAMAGE ONLY,16 AVE,N,2023,TUESDAY,SINGLE VEHICLE,N,Y,49.031046,-122.769313,N,FEBRUARY,N,SURREY,SURREY,SURREY,N,N,N,LOWER MAINLAND,16 AVE & 16 AVE OFFRAMP & HWY 99 & HWY 99 ONRAMP,HWY 99,HWY 99,09:00-11:59,1,0
N,PROPERTY DAMAGE ONLY,164 ST,N,2023,TUESDAY,SIDE IMPACT,N,Y,49.151829,-122.767766,N,FEBRUARY,N,SURREY,SURREY,SURREY,N,Y,N,LOWER MAINLAND,164 ST & 82 AVE,82 AVE,82 AVE,09:00-11:59,1,0
N,PROPERTY DAMAGE ONLY,168 ST,N,2023,TUESDAY,REAR END,N,Y,49.147961,-122.756454,N,FEBRUARY,N,SURREY,SURREY,SURREY,N,N,N,LOWER MAINLAND,168 ST & FRASER HWY & TURNING LANE,FRASER HWY,FRASER HWY,09:00-11:59,1,0
N,PROPERTY DAMAGE ONLY,16TH AVE,N,2023,TUESDAY,REAR END,N,N,\N,\N,N,FEBRUARY,N,LANGLEY,LANGLEY,\N,N,N,N,LOWER MAINLAND,UNKNOWN,240 ST,240 ST,09:00-11:59,1,0
N,PROPERTY DAMAGE ONLY,176 ST,N,2023,TUESDAY,REAR END,N,Y,49.031207,-122.735181,N,FEBRUARY,N,SURREY,SURREY,SURREY,N,N,N,LOWER MAINLAND,16 AVE & 176 ST,16 AVE,16 AVE,09:00-11:59,1,0
N,PROPERTY DAMAGE ONLY,176A ST,N,2023,TUESDAY,UNDETERMINED,N,Y,49.002162,-122.73113,N,FEBRUARY,N,SURREY,SURREY,SURREY,Y,N,N,LOWER MAINLAND,0 AVE & 176A ST,0 AVE,0 AVE,09:00-11:59,1,0
N,PROPERTY DAMAGE ONLY,17TH ST,N,2023,TUESDAY,CONFLICTED,N,N,\N,\N,N,FEBRUARY,N,COURTENAY,COURTENAY,\N,N,N,N,VANCOUVER ISLAND,UNKNOWN,COMOX RD,COMOX RD,09:00-11:59,1,0
N,PROPERTY DAMAGE ONLY,18TH ST,N,2023,TUESDAY,CONFLICTED,N,Y,49.681864,-124.990912,N,FEBRUARY,N,COURTENAY,COURTENAY,COURTENAY,N,N,N,VANCOUVER ISLAND,18TH ST & FITZGERALD AVE,FITZGERALD AVE,FITZGERALD AVE,09:00-11:59,1,0
N,PROPERTY DAMAGE ONLY,192 ST,N,2023,TUESDAY,SIDE SWIPE - SAME DIRECTION,N,Y,49.119443,-122.690253,N,FEBRUARY,N,SURREY,SURREY,SURREY,Y,N,N,LOWER MAINLAND,192 ST & 64 AVE,64 AVE,64 AVE,09:00-11:59,1,0
N,PROPERTY DAMAGE ONLY,198A ST,N,2023,TUESDAY,REAR END,Y,N,\N,\N,N,FEBRUARY,N,LANGLEY,LANGLEY,\N,N,N,N,LOWER MAINLAND,UNKNOWN,72 AVE,72 AVE,09:00-11:59,1,0
N,PROPERTY DAMAGE ONLY,200 ST,N,2023,TUESDAY,CONFLICTED,N,Y,49.078299,-122.669346,N,FEBRUARY,N,LANGLEY,LANGLEY,LANGLEY,N,N,N,LOWER MAINLAND,200 ST & 42 AVE,42 AVE,42 AVE,09:00-11:59,1,0
N,PROPERTY DAMAGE ONLY,20TH AVE,N,2023,TUESDAY,REAR END,N,Y,53.905413,-122.759237,N,FEBRUARY,N,PRINCE GEORGE,PRINCE GEORGE,PRINCE GEORGE,N,N,N,NORTH CENTRAL,20TH AVE & TAMARACK ST,TAMARACK ST,TAMARACK ST,09:00-11:59,1,0
N,PROPERTY DAMAGE ONLY,232 ST,N,2023,TUESDAY,SINGLE VEHICLE,N,Y,49.234894,-122.579338,N,FEBRUARY,N,MAPLE RIDGE,MAPLE RIDGE,MAPLE RIDGE,N,N,N,LOWER MAINLAND,128 AVE & 232 ST,128 AVE,128 AVE,09:00-11:59,1,0
N,PROPERTY DAMAGE ONLY,24 AVE,N,2023,TUESDAY,UNDETERMINED,N,Y,49.045783,-122.867419,N,FEBRUARY,N,SURREY,SURREY,SURREY,N,N,N,LOWER MAINLAND,128 ST & 24 AVE,128 ST,128 ST,09:00-11:59,1,0
N,PROPERTY DAMAGE ONLY,28 AVE,N,2023,TUESDAY,UNDETERMINED,N,Y,49.052932,-122.812178,N,FEBRUARY,N,SURREY,SURREY,SURREY,N,N,N,LOWER MAINLAND,148 ST & 28 AVE & SEMIAHMOO TRAIL,148 ST,148 ST,09:00-11:59,1,0
N,PROPERTY DAMAGE ONLY,3 AVE SW,N,2023,TUESDAY,UNDETERMINED,Y,Y,50.697637,-119.288353,N,FEBRUARY,N,SALMON ARM,SALMON ARM,SALMON ARM,N,N,N,SOUTHERN INTERIOR,3 AVE SW & 3 ST SW,3 ST SW,3 ST SW,09:00-11:59,1,0
N,PROPERTY DAMAGE ONLY,34 ST,N,2023,TUESDAY,CONFLICTED,N,Y,50.264576,-119.276973,N,FEBRUARY,N,VERNON,VERNON,VERNON,N,N,N,SOUTHERN INTERIOR,31 AVE & 34 ST,31 AVE,31 AVE,09:00-11:59,1,0
N,PROPERTY DAMAGE ONLY,36 AVE,N,2023,TUESDAY,SINGLE VEHICLE,N,Y,49.06737,-122.788737,N,FEBRUARY,N,SURREY,SURREY,SURREY,N,N,N,LOWER MAINLAND,156A ST & 36 AVE,156A ST,156A ST,09:00-11:59,1,0
N,PROPERTY DAMAGE ONLY,42 AVE,N,2023,TUESDAY,REAR END,N,Y,49.078299,-122.669346,N,FEBRUARY,N,LANGLEY,LANGLEY,LANGLEY,N,N,N,LOWER MAINLAND,200 ST & 42 AVE,200 ST,200 ST,09:00-11:59,1,0
N,PROPERTY DAMAGE ONLY,48 AVE,N,2023,TUESDAY,UNDETERMINED,N,Y,49.089417,-122.624744,N,FEBRUARY,N,LANGLEY,LANGLEY,LANGLEY,N,N,N,LOWER MAINLAND,216 ST & 48 AVE & OLD YALE RD,216 ST,216 ST,09:00-11:59,1,0
N,PROPERTY DAMAGE ONLY,56 AVE,N,2023,TUESDAY,REAR END,N,Y,49.104475,-122.604319,N,FEBRUARY,N,LANGLEY,LANGLEY,LANGLEY,N,N,N,LOWER MAINLAND,224 ST & 56 AVE,224 ST,224 ST,09:00-11:59,1,0
N,PROPERTY DAMAGE ONLY,5TH AVE,N,2023,TUESDAY,SIDE IMPACT,N,Y,53.920651,-122.765031,N,FEBRUARY,N,PRINCE GEORGE,PRINCE GEORGE,PRINCE GEORGE,N,N,N,NORTH CENTRAL,5TH AVE & WAINWRIGHT ST,WAINWRIGHT ST,WAINWRIGHT ST,09:00-11:59,1,0
N,PROPERTY DAMAGE ONLY,63B AVE,N,2023,TUESDAY,SINGLE VEHICLE,N,Y,49.118043,-122.696393,N,FEBRUARY,N,SURREY,SURREY,SURREY,N,N,N,LOWER MAINLAND,190 ST & 63B AVE,190 ST,190 ST,09:00-11:59,1,0
N,PROPERTY DAMAGE ONLY,64 AVE,N,2023,TUESDAY,CONFLICTED,Y,Y,49.119042,-122.845493,N,FEBRUARY,N,SURREY,SURREY,SURREY,N,N,N,LOWER MAINLAND,64 AVE & KING GEORGE BLVD & TURNING LANE,KING GEORGE BLVD,KING GEORGE BLVD,09:00-11:59,1,0
N,PROPERTY DAMAGE ONLY,64 AVE,N,2023,TUESDAY,REAR END,N,Y,49.119069,-122.801005,N,FEBRUARY,N,SURREY,SURREY,SURREY,N,N,N,LOWER MAINLAND,152 ST & 64 AVE,152 ST,152 ST,09:00-11:59,1,0
N,PROPERTY DAMAGE ONLY,64 AVE,N,2023,TUESDAY,SIDE SWIPE - SAME DIRECTION,N,Y,49.11933,-122.890416,N,FEBRUARY,N,DELTA,DELTA,DELTA & SURREY,N,N,N,LOWER MAINLAND,120 ST & 64 AVE,120 ST,120 ST,09:00-11:59,1,0
N,PROPERTY DAMAGE ONLY,6TH ST N,N,2023,TUESDAY,REAR END,N,Y,49.518024,-115.761542,N,FEBRUARY,N,CRANBROOK,CRANBROOK,CRANBROOK,N,N,N,SOUTHERN INTERIOR,6TH ST N & CRANBROOK ST N,HWY 95,HWY 95,09:00-11:59,1,0
N,PROPERTY DAMAGE ONLY,72 AVE,N,2023,TUESDAY,CONFLICTED,N,Y,49.133554,-122.845583,N,FEBRUARY,N,SURREY,SURREY,SURREY,N,N,N,LOWER MAINLAND,72 AVE & KING GEORGE BLVD & TURNING LANE,KING GEORGE BLVD,KING GEORGE BLVD,09:00-11:59,1,0
N,PROPERTY DAMAGE ONLY,72 AVE,N,2023,TUESDAY,REAR END,N,Y,49.13372,-122.806661,N,FEBRUARY,N,SURREY,SURREY,SURREY,N,N,N,LOWER MAINLAND,150 ST & 72 AVE,150 ST,150 ST,09:00-11:59,1,0
N,PROPERTY DAMAGE ONLY,7TH ST,N,2023,TUESDAY,REAR END,N,Y,49.504682,-115.059945,N,FEBRUARY,N,FERNIE,FERNIE,FERNIE,Y,N,N,SOUTHERN INTERIOR,2ND AVE & 7TH ST,2ND AVE,2ND AVE,09:00-11:59,1,0
N,PROPERTY DAMAGE ONLY,80 AVE,N,2023,TUESDAY,CONFLICTED,N,Y,49.148132,-122.867974,N,FEBRUARY,N,SURREY,SURREY,SURREY,Y,Y,N,LOWER MAINLAND,128 ST & 80 AVE,128 ST,128 ST,09:00-11:59,1,0
N,PROPERTY DAMAGE ONLY,80 AVE,N,2023,TUESDAY,SIDE SWIPE - OPPOSITE DIRECTION,N,Y,49.148156,-122.853977,N,FEBRUARY,N,SURREY,SURREY,SURREY,N,N,N,LOWER MAINLAND,133 ST & 80 AVE,133 ST,133 ST,09:00-11:59,1,0
N,PROPERTY DAMAGE ONLY,88 AVE,N,2023,TUESDAY,CONFLICTED,Y,Y,49.164209,-122.668857,N,FEBRUARY,N,LANGLEY,LANGLEY,LANGLEY,N,N,N,LOWER MAINLAND,200 ST & 200 ST OFFRAMP & 88 AVE & 88 AVE ONRAMP & HWY 1 ONRAMP & TRANS-CANADA HWY,200 ST,200 ST,09:00-11:59,1,0
N,PROPERTY DAMAGE ONLY,89A AVE,N,2023,TUESDAY,REAR END,N,Y,49.165442,-122.828236,N,FEBRUARY,N,SURREY,SURREY,SURREY,Y,N,N,LOWER MAINLAND,142A ST & 89A AVE,142A ST,142A ST,09:00-11:59,1,0
N,PROPERTY DAMAGE ONLY,ABBOTT ST,N,2023,TUESDAY,SINGLE VEHICLE,N,Y,49.504097,-119.587809,N,FEBRUARY,N,PENTICTON,PENTICTON,PENTICTON,N,N,N,SOUTHERN INTERIOR,ABBOTT ST & MARINA WAY,MARINA WAY,MARINA WAY,09:00-11:59,1,0
N,PROPERTY DAMAGE ONLY,AGNES ST,N,2023,TUESDAY,REAR END,N,Y,49.202847,-122.913531,N,FEBRUARY,N,NEW WESTMINSTER,NEW WESTMINSTER,NEW WESTMINSTER,N,N,N,LOWER MAINLAND,AGNES ST & EIGHTH ST,EIGHTH ST,EIGHTH ST,09:00-11:59,1,0
N,PROPERTY DAMAGE ONLY,ALASKA HWY,N,2023,TUESDAY,SINGLE VEHICLE,Y,N,\N,\N,N,FEBRUARY,N,TAYLOR,TAYLOR,\N,N,N,N,NORTH CENTRAL,UNKNOWN,JOHNSON RD,JOHNSON RD,09:00-11:59,1,0
N,PROPERTY DAMAGE ONLY,ALBERNI ST,N,2023,TUESDAY,CONFLICTED,N,Y,49.845881,-124.520756,N,FEBRUARY,N,POWELL RIVER,POWELL RIVER,POWELL RIVER,N,N,N,VANCOUVER ISLAND,ALBERNI ST & JOYCE AVE,JOYCE AVE,JOYCE AVE,09:00-11:59,1,0
N,PROPERTY DAMAGE ONLY,ALDERBRIDGE WAY,N,2023,TUESDAY,REAR END,N,Y,49.17738,-123.136585,N,FEBRUARY,N,RICHMOND,RICHMOND,RICHMOND,N,N,N,LOWER MAINLAND,ALDERBRIDGE WAY & NO 3 RD,NO 3 RD,NO 3 RD,09:00-11:59,1,0
N,PROPERTY DAMAGE ONLY,ANGUS DR,N,2023,TUESDAY,SIDE IMPACT,N,Y,49.254557,-123.138912,N,FEBRUARY,N,VANCOUVER,VANCOUVER,VANCOUVER,N,N,N,LOWER MAINLAND,ANGUS DR & GRANVILLE ST,GRANVILLE ST,GRANVILLE ST,09:00-11:59,1,0
N,PROPERTY DAMAGE ONLY,ARGYLE ST,N,2023,TUESDAY,SINGLE VEHICLE,N,Y,49.23843,-123.071317,N,FEBRUARY,N,VANCOUVER,VANCOUVER,VANCOUVER,N,N,N,LOWER MAINLAND,ARGYLE ST & E 35TH AVE,E 35TH AVE,E 35TH AVE,09:00-11:59,1,0
N,PROPERTY DAMAGE ONLY,BAYVIEW AVE,N,2023,TUESDAY,SIDE IMPACT,N,Y,48.987789,-123.811794,N,FEBRUARY,N,LADYSMITH,LADYSMITH,LADYSMITH,N,N,N,VANCOUVER ISLAND,BAYVIEW AVE & GIFFORD RD,GIFFORD RD,GIFFORD RD,09:00-11:59,1,0
N,PROPERTY DAMAGE ONLY,BEACH AVE,N,2023,TUESDAY,SIDE IMPACT,N,Y,49.27473,-123.131812,N,FEBRUARY,N,VANCOUVER,VANCOUVER,VANCOUVER,Y,N,N,LOWER MAINLAND,BEACH AVE & HOWE ST,HOWE ST,HOWE ST,09:00-11:59,1,0
N,PROPERTY DAMAGE ONLY,BERESFORD ST,N,2023,TUESDAY,SIDE IMPACT,N,Y,49.217549,-122.97356,N,FEBRUARY,N,BURNABY,BURNABY,BURNABY,N,N,N,LOWER MAINLAND,BERESFORD ST & RANDOLPH AVE,RANDOLPH AVE,RANDOLPH AVE,09:00-11:59,1,0
N,PROPERTY DAMAGE ONLY,BOUNDARY RD,N,2023,TUESDAY,CONFLICTED,N,Y,49.205426,-123.023441,N,FEBRUARY,N,BURNABY,BURNABY,BURNABY & VANCOUVER,N,N,N,LOWER MAINLAND,BOUNDARY RD & MARINE WAY & TURNING LANE,MARINE WAY,MARINE WAY,09:00-11:59,1,0
N,PROPERTY DAMAGE ONLY,BRADLEY ST,N,2023,TUESDAY,UNDETERMINED,N,Y,49.175093,-123.950373,N,FEBRUARY,N,NANAIMO,NANAIMO,NANAIMO,N,N,N,VANCOUVER ISLAND,BRADLEY ST & WALL ST,WALL ST,WALL ST,09:00-11:59,1,0
N,PROPERTY DAMAGE ONLY,BROADWAY,N,2023,TUESDAY,SIDE IMPACT,N,N,\N,\N,N,FEBRUARY,N,VANCOUVER,VANCOUVER,\N,N,N,N,LOWER MAINLAND,UNKNOWN,OAK ST,OAK ST,09:00-11:59,1,0
N,PROPERTY DAMAGE ONLY,BURRARD ST,N,2023,TUESDAY,SIDE SWIPE - OPPOSITE DIRECTION,N,Y,49.257179,-123.145979,N,FEBRUARY,N,VANCOUVER,VANCOUVER,VANCOUVER,N,N,N,LOWER MAINLAND,BURRARD ST & W 16TH AVE,W 16TH AVE,W 16TH AVE,09:00-11:59,1,0
N,PROPERTY DAMAGE ONLY,BUSWELL ST,N,2023,TUESDAY,SIDE IMPACT,N,Y,49.16471,-123.133718,N,FEBRUARY,N,RICHMOND,RICHMOND,RICHMOND,Y,N,N,LOWER MAINLAND,BUSWELL ST & PARK RD,PARK RD,PARK RD,09:00-11:59,1,0
N,PROPERTY DAMAGE ONLY,CADBORO BAY RD,N,2023,TUESDAY,REAR END,N,Y,48.432995,-123.318003,N,FEBRUARY,N,OAK BAY,OAK BAY,OAK BAY,Y,N,N,VANCOUVER ISLAND,CADBORO BAY RD & CRANMORE RD,CRANMORE RD,CRANMORE RD,09:00-11:59,1,0
N,PROPERTY DAMAGE ONLY,CAMBIE RD,N,2023,TUESDAY,REAR END,N,Y,49.184541,-123.080306,N,FEBRUARY,N,RICHMOND,RICHMOND,RICHMOND,N,N,N,LOWER MAINLAND,CAMBIE RD & JACOMBS RD,JACOMBS RD,JACOMBS RD,09:00-11:59,1,0
N,PROPERTY DAMAGE ONLY,CAMBRIDGE ST,N,2023,TUESDAY,SIDE IMPACT,N,Y,49.286665,-123.056527,N,FEBRUARY,N,VANCOUVER,VANCOUVER,VANCOUVER,N,N,N,LOWER MAINLAND,CAMBRIDGE ST & N NANAIMO ST,N NANAIMO ST,N NANAIMO ST,09:00-11:59,1,0
N,PROPERTY DAMAGE ONLY,CANYON ST,N,2023,TUESDAY,SIDE IMPACT,N,Y,49.095542,-116.506914,N,FEBRUARY,N,CRESTON,CRESTON,CRESTON,N,N,N,SOUTHERN INTERIOR,16TH AVE N & 16TH AVE S & CANYON ST,16TH AVE S,16TH AVE S,09:00-11:59,1,0
N,PROPERTY DAMAGE ONLY,CANYON ST,N,2023,TUESDAY,UNDETERMINED,N,Y,49.095542,-116.506914,N,FEBRUARY,N,CRESTON,CRESTON,CRESTON,N,N,N,SOUTHERN INTERIOR,16TH AVE N & 16TH AVE S & CANYON ST,16TH AVE S,16TH AVE S,09:00-11:59,1,0
N,PROPERTY DAMAGE ONLY,CAPILANO RD,N,2023,TUESDAY,REAR END,N,Y,49.324292,-123.122442,N,FEBRUARY,N,NORTH VANCOUVER,NORTH VANCOUVER,NORTH VANCOUVER,N,N,N,LOWER MAINLAND,CAPILANO RD & MARINE DR & MATHIAS RD & TURNING LANE,MARINE DR,MARINE DR,09:00-11:59,1,0
N,PROPERTY DAMAGE ONLY,CARRALL ST,N,2023,TUESDAY,SIDE SWIPE - SAME DIRECTION,Y,Y,49.281474,-123.104327,N,FEBRUARY,N,VANCOUVER,VANCOUVER,VANCOUVER,N,N,N,LOWER MAINLAND,CARRALL ST & E HASTINGS ST & W HASTINGS ST,E HASTINGS ST,E HASTINGS ST,09:00-11:59,1,0
N,PROPERTY DAMAGE ONLY,CHRISTMAS WAY,N,2023,TUESDAY,UNDETERMINED,N,Y,49.272371,-122.793304,N,FEBRUARY,N,COQUITLAM,COQUITLAM,COQUITLAM,Y,Y,N,LOWER MAINLAND,CHRISTMAS WAY & GORDON AVE,GORDON AVE,GORDON AVE,09:00-11:59,1,0
N,PROPERTY DAMAGE ONLY,CHURCH AVE,N,2023,TUESDAY,SIDE IMPACT,N,Y,54.020934,-124.011495,N,FEBRUARY,N,VANDERHOOF,VANDERHOOF,VANDERHOOF,N,N,N,NORTH CENTRAL,CHURCH AVE & OMINECA ST,OMINECA ST,OMINECA ST,09:00-11:59,1,0
N,PROPERTY DAMAGE ONLY,COWART RD,N,2023,TUESDAY,REAR END,N,Y,53.880948,-122.770053,N,FEBRUARY,N,PRINCE GEORGE,PRINCE GEORGE,PRINCE GEORGE,N,N,N,NORTH CENTRAL,COWART RD & HWY 16 W & VANCE RD & CEMETERY ACCESS & TURNING LANE,HWY 16,HWY 16,09:00-11:59,1,0
N,PROPERTY DAMAGE ONLY,CROYDON DR,N,2023,TUESDAY,REAR END,N,Y,49.045565,-122.782808,N,FEBRUARY,N,SURREY,SURREY,SURREY,N,N,N,LOWER MAINLAND,24 AVE & CROYDON DR,24 AVE,24 AVE,09:00-11:59,1,0
N,PROPERTY DAMAGE ONLY,DAVIS RD,N,2023,TUESDAY,SINGLE VEHICLE,N,Y,48.977648,-123.802274,N,FEBRUARY,N,LADYSMITH,LADYSMITH,LADYSMITH,N,N,N,VANCOUVER ISLAND,CHEMAINUS RD & DAVIS RD & DAVIS RD OFFRAMP & DAVIS RD ONRAMP & TRANS-CANADA HWY,TRANS-CANADA HWY,TRANS-CANADA HWY,09:00-11:59,1,0
N,PROPERTY DAMAGE ONLY,DEERHORN PL,N,2023,TUESDAY,SIDE SWIPE - OPPOSITE DIRECTION,N,Y,50.16265,-122.93097,N,FEBRUARY,N,WHISTLER,WHISTLER,WHISTLER,N,N,N,LOWER MAINLAND,DEERHORN PL & EMERALD DR,EMERALD DR,EMERALD DR,09:00-11:59,1,0
N,PROPERTY DAMAGE ONLY,DOGWOOD ST,N,2023,TUESDAY,UNDETERMINED,N,Y,49.263446,-122.883516,N,FEBRUARY,N,COQUITLAM,COQUITLAM,COQUITLAM,Y,N,N,LOWER MAINLAND,COMO LAKE AVE & DOGWOOD ST,COMO LAKE AVE,COMO LAKE AVE,09:00-11:59,1,0
N,PROPERTY DAMAGE ONLY,DUNBAR ST,N,2023,TUESDAY,REAR END,N,Y,49.234768,-123.185324,N,FEBRUARY,N,VANCOUVER,VANCOUVER,VANCOUVER,N,N,N,LOWER MAINLAND,DUNBAR ST & W 41ST AVE,W 41ST AVE,W 41ST AVE,09:00-11:59,1,0
N,PROPERTY DAMAGE ONLY,DUNDAS ST,N,2023,TUESDAY,REAR END,N,Y,49.284779,-123.056525,N,FEBRUARY,N,VANCOUVER,VANCOUVER,VANCOUVER,N,N,N,LOWER MAINLAND,DUNDAS ST & N NANAIMO ST & NANAIMO ST,NANAIMO ST,NANAIMO ST,09:00-11:59,1,0
N,PROPERTY DAMAGE ONLY,DURANLEAU ST,N,2023,TUESDAY,SINGLE VEHICLE,N,Y,49.272653,-123.135932,N,FEBRUARY,N,VANCOUVER,VANCOUVER,VANCOUVER,N,Y,N,LOWER MAINLAND,DURANLEAU ST & JOHNSTON ST,JOHNSTON ST,JOHNSTON ST,09:00-11:59,1,0
N,PROPERTY DAMAGE ONLY,E 11TH AVE,N,2023,TUESDAY,SIDE SWIPE - SAME DIRECTION,N,Y,49.261116,-123.101137,N,FEBRUARY,N,VANCOUVER,VANCOUVER,VANCOUVER,N,N,N,LOWER MAINLAND,E 11TH AVE & MAIN ST,MAIN ST,MAIN ST,09:00-11:59,1,0
N,PROPERTY DAMAGE ONLY,E 1ST AVE,N,2023,TUESDAY,SINGLE VEHICLE,N,Y,49.270157,-123.102714,N,FEBRUARY,N,VANCOUVER,VANCOUVER,VANCOUVER,N,Y,N,LOWER MAINLAND,E 1ST AVE & QUEBEC ST,QUEBEC ST,QUEBEC ST,09:00-11:59,1,0
N,PROPERTY DAMAGE ONLY,E 26TH AVE,N,2023,TUESDAY,SINGLE VEHICLE,N,Y,49.247848,-123.073387,N,FEBRUARY,N,VANCOUVER,VANCOUVER,VANCOUVER,N,N,N,LOWER MAINLAND,DUMFRIES ST & E 26TH AVE,DUMFRIES ST,DUMFRIES ST,09:00-11:59,1,0
N,PROPERTY DAMAGE ONLY,E 29TH AVE,N,2023,TUESDAY,SIDE IMPACT,N,Y,49.244612,-123.056658,N,FEBRUARY,N,VANCOUVER,VANCOUVER,VANCOUVER,N,N,N,LOWER MAINLAND,E 29TH AVE & NANAIMO ST,NANAIMO ST,NANAIMO ST,09:00-11:59,1,0
N,PROPERTY DAMAGE ONLY,E 36TH AVE,N,2023,TUESDAY,REAR END,N,Y,49.238154,-123.101592,N,FEBRUARY,N,VANCOUVER,VANCOUVER,VANCOUVER,N,N,N,LOWER MAINLAND,E 36TH AVE & MAIN ST,MAIN ST,MAIN ST,09:00-11:59,1,0
N,PROPERTY DAMAGE ONLY,E 57TH AVE,N,2023,TUESDAY,SIDE SWIPE - SAME DIRECTION,N,Y,49.218132,-123.077053,N,FEBRUARY,N,VANCOUVER,VANCOUVER,VANCOUVER,N,N,N,LOWER MAINLAND,E 57TH AVE & KNIGHT ST,KNIGHT ST,KNIGHT ST,09:00-11:59,1,0
N,PROPERTY DAMAGE ONLY,E CAMPUS RD,N,2023,TUESDAY,UNDETERMINED,N,Y,49.280264,-122.910552,N,FEBRUARY,N,BURNABY,BURNABY,BURNABY,N,N,N,LOWER MAINLAND,E CAMPUS RD & UNIVERSITY DR,UNIVERSITY DR E,UNIVERSITY DR E,09:00-11:59,1,0
N,PROPERTY DAMAGE ONLY,E HASTINGS,N,2023,TUESDAY,SIDE IMPACT,N,N,\N,\N,N,FEBRUARY,N,VANCOUVER,VANCOUVER,\N,N,N,N,LOWER MAINLAND,UNKNOWN,JACKSON ST,JACKSON ST,09:00-11:59,1,0
N,PROPERTY DAMAGE ONLY,FSR ROAD 2,N,2023,TUESDAY,CONFLICTED,N,N,\N,\N,N,FEBRUARY,N,CLEARWATER,CLEARWATER,\N,N,N,N,SOUTHERN INTERIOR,UNKNOWN,FSR ROAD 3,FSR ROAD 3,09:00-11:59,1,0
N,PROPERTY DAMAGE ONLY,GAGE RD,N,2023,TUESDAY,REAR END,N,Y,49.192019,-123.12021,N,FEBRUARY,N,RICHMOND,RICHMOND,RICHMOND,N,N,N,LOWER MAINLAND,BRIDGEPORT RD & GAGE RD,BRIDGEPORT RD,BRIDGEPORT RD,09:00-11:59,1,0
N,PROPERTY DAMAGE ONLY,GARDEN AVE,N,2023,TUESDAY,SIDE SWIPE - SAME DIRECTION,N,Y,49.327249,-123.119194,N,FEBRUARY,N,NORTH VANCOUVER,NORTH VANCOUVER,NORTH VANCOUVER,N,N,N,LOWER MAINLAND,CAPILANO RD & GARDEN AVE,CAPILANO RD,CAPILANO RD,09:00-11:59,1,0
N,PROPERTY DAMAGE ONLY,GARDEN CITY RD,N,2023,TUESDAY,REAR END,N,Y,49.162867,-123.125539,N,FEBRUARY,N,RICHMOND,RICHMOND,RICHMOND,N,N,N,LOWER MAINLAND,GARDEN CITY RD & GRANVILLE AVE & TURNING LANE,GRANVILLE AVE,GRANVILLE AVE,09:00-11:59,1,0
N,PROPERTY DAMAGE ONLY,GARDEN CITY RD,N,2023,TUESDAY,REAR END,N,Y,49.170137,-123.124629,N,FEBRUARY,N,RICHMOND,RICHMOND,RICHMOND,N,N,N,LOWER MAINLAND,GARDEN CITY RD & WESTMINSTER HWY,WESTMINSTER HWY,WESTMINSTER HWY,09:00-11:59,1,0
N,PROPERTY DAMAGE ONLY,GILPIN ST,N,2023,TUESDAY,SIDE SWIPE - SAME DIRECTION,N,Y,49.241304,-123.019802,N,FEBRUARY,N,BURNABY,BURNABY,BURNABY,N,N,N,LOWER MAINLAND,GILPIN ST & SMITH AVE,SMITH AVE,SMITH AVE,09:00-11:59,1,0
N,PROPERTY DAMAGE ONLY,GOVERNMENT ST,N,2023,TUESDAY,UNDETERMINED,N,Y,48.438353,-123.367175,N,FEBRUARY,N,VICTORIA,VICTORIA,VICTORIA,N,N,N,VANCOUVER ISLAND,DOUGLAS ST & GORGE RD E & GOVERNMENT ST & HILLSIDE AVE & TURNING LANE,GORGE RD E,GORGE RD E,09:00-11:59,1,0
N,PROPERTY DAMAGE ONLY,GRANDVIEW HWY,N,2023,TUESDAY,SIDE IMPACT,N,Y,49.258127,-123.033793,N,FEBRUARY,N,VANCOUVER,VANCOUVER,VANCOUVER,N,N,N,LOWER MAINLAND,GRANDVIEW HWY & RUPERT ST,RUPERT ST,RUPERT ST,09:00-11:59,1,0
N,PROPERTY DAMAGE ONLY,GRANT RD,N,2023,TUESDAY,SIDE SWIPE - SAME DIRECTION,N,Y,53.971221,-122.768059,N,FEBRUARY,N,PRINCE GEORGE,PRINCE GEORGE,PRINCE GEORGE,Y,N,N,NORTH CENTRAL,COLLINS RD & GRANT RD & HART HWY & RANDLE RD,JOHN HART HWY,JOHN HART HWY,09:00-11:59,1,0
N,PROPERTY DAMAGE ONLY,GRANT ST,N,2023,TUESDAY,SINGLE VEHICLE,N,Y,49.271445,-123.073437,N,FEBRUARY,N,VANCOUVER,VANCOUVER,VANCOUVER,N,N,N,LOWER MAINLAND,GRANT ST & WOODLAND DR,WOODLAND DR,WOODLAND DR,09:00-11:59,1,0
N,PROPERTY DAMAGE ONLY,GREIG AVE,N,2023,TUESDAY,REAR END,N,Y,54.515687,-128.59631100000001,N,FEBRUARY,N,TERRACE,TERRACE,TERRACE,N,N,N,NORTH CENTRAL,GREIG AVE & HWY 16 & HWY 16 W & TURNING LANE,HWY 16,HWY 16,09:00-11:59,1,0
N,PROPERTY DAMAGE ONLY,HARBINGER AVE,N,2023,TUESDAY,SIDE IMPACT,Y,Y,48.419109,-123.35013,N,FEBRUARY,N,VICTORIA,VICTORIA,VICTORIA,Y,N,N,VANCOUVER ISLAND,HARBINGER AVE & RICHARDSON ST,RICHARDSON ST,RICHARDSON ST,09:00-11:59,1,0
N,PROPERTY DAMAGE ONLY,HARVEY AVE,N,2023,TUESDAY,REAR END,N,Y,49.883544,-119.476957,N,FEBRUARY,N,KELOWNA,KELOWNA,KELOWNA,N,N,N,SOUTHERN INTERIOR,GORDON DR & HARVEY AVE & TURNING LANE,GORDON DR,GORDON DR,09:00-11:59,1,0
N,PROPERTY DAMAGE ONLY,HARVIE RD,N,2023,TUESDAY,REAR END,N,Y,49.154129,-122.711301,N,FEBRUARY,N,SURREY,SURREY,SURREY,N,N,N,LOWER MAINLAND,184 ST & HARVIE RD,184 ST,184 ST,09:00-11:59,1,0
N,PROPERTY DAMAGE ONLY,HEMLOCK ST,N,2023,TUESDAY,SINGLE VEHICLE,N,Y,49.257963,-123.136307,N,FEBRUARY,N,VANCOUVER,VANCOUVER,VANCOUVER,N,N,N,LOWER MAINLAND,HEMLOCK ST & MARPOLE AVE & W 15TH AVE,W 15TH AVE,W 15TH AVE,09:00-11:59,1,0
N,PROPERTY DAMAGE ONLY,HIGHLAND BLVD,N,2023,TUESDAY,UNDETERMINED,N,Y,49.19255,-123.972139,N,FEBRUARY,N,NANAIMO,NANAIMO,NANAIMO,N,N,N,VANCOUVER ISLAND,HIGHLAND BLVD & WINDSOR AVE,WINDSOR AVE,WINDSOR AVE,09:00-11:59,1,0
N,PROPERTY DAMAGE ONLY,HODGINS AVE,N,2023,TUESDAY,SIDE SWIPE - SAME DIRECTION,N,Y,49.167954,-121.965974,N,FEBRUARY,N,CHILLIWACK,CHILLIWACK,CHILLIWACK,Y,N,N,LOWER MAINLAND,HODGINS AVE & NEWMAN RD,NEWMAN RD,NEWMAN RD,09:00-11:59,1,0
N,PROPERTY DAMAGE ONLY,HOWES ST OFFRAMP,N,2023,TUESDAY,SIDE SWIPE - SAME DIRECTION,N,Y,49.188122,-122.94821,N,FEBRUARY,N,NEW WESTMINSTER,NEW WESTMINSTER,NEW WESTMINSTER,N,N,N,LOWER MAINLAND,HOWES ST & HOWES ST OFFRAMP & HOWES ST ONRAMP & HWY 91A & TURNING LANE,HWY 91A,HWY 91A,09:00-11:59,1,0
N,PROPERTY DAMAGE ONLY,HWY 1,N,2023,TUESDAY,UNDETERMINED,N,N,\N,\N,N,FEBRUARY,N,CHASE,CHASE,\N,Y,N,N,SOUTHERN INTERIOR,UNKNOWN,FOOTHILLS ROAD,FOOTHILLS ROAD,09:00-11:59,1,0
N,PROPERTY DAMAGE ONLY,HWY 3,N,2023,TUESDAY,SINGLE VEHICLE,N,Y,49.035748,-119.476906,N,FEBRUARY,N,OSOYOOS,OSOYOOS,OSOYOOS,N,N,N,SOUTHERN INTERIOR,97TH ST & HWY 3 & HWY 97 & MAIN ST & TURNING LANE,HWY 97,HWY 97,09:00-11:59,1,0
N,PROPERTY DAMAGE ONLY,HWY 7B,N,2023,TUESDAY,SIDE SWIPE - SAME DIRECTION,N,Y,49.234608,-122.769488,N,FEBRUARY,N,PORT COQUITLAM,PORT COQUITLAM,PORT COQUITLAM,N,N,N,LOWER MAINLAND,MARY HILL BYPASS & PITT RIVER RD & TURNING LANE,PITT RIVER RD,PITT RIVER RD,09:00-11:59,1,0
N,PROPERTY DAMAGE ONLY,HWY 97,N,2023,TUESDAY,CONFLICTED,Y,Y,56.236993,-120.847555,N,FEBRUARY,N,FORT ST. JOHN,FORT ST. JOHN,FORT ST. JOHN,N,N,N,NORTH CENTRAL,100 ST & HWY 97 N & TURNING LANE,100 ST,100 ST,09:00-11:59,1,0
N,PROPERTY DAMAGE ONLY,HWY 97,N,2023,TUESDAY,REAR END,N,Y,53.897328,-122.768137,N,FEBRUARY,N,PRINCE GEORGE,PRINCE GEORGE,PRINCE GEORGE,N,N,N,NORTH CENTRAL,HWY 16 W & HWY 97 S & INDUSTRIAL ACCESS & TURNING LANE,HWY 16,HWY 16,09:00-11:59,1,0
N,PROPERTY DAMAGE ONLY,HWY 99,N,2023,TUESDAY,REAR END,N,Y,49.718229,-123.147896,N,FEBRUARY,N,SQUAMISH,SQUAMISH,SQUAMISH,N,N,N,LOWER MAINLAND,FINCH DR & HWY 99 & INDUSTRIAL WAY & TURNING LANE,INDUSTRIAL WAY,INDUSTRIAL WAY,09:00-11:59,1,0
N,PROPERTY DAMAGE ONLY,INDUSTRIAL RD C,N,2023,TUESDAY,HEAD ON,N,Y,49.524057,-115.768978,N,FEBRUARY,N,CRANBROOK,CRANBROOK,CRANBROOK,N,N,N,SOUTHERN INTERIOR,INDUSTRIAL NO 3 RD & INDUSTRIAL RD C,INDUSTRIAL NO 3 RD,INDUSTRIAL NO 3 RD,09:00-11:59,1,0
N,PROPERTY DAMAGE ONLY,JOHN HINDLE DR,N,2023,TUESDAY,REAR END,N,Y,49.938509,-119.401666,N,FEBRUARY,N,KELOWNA,KELOWNA,KELOWNA,N,N,N,SOUTHERN INTERIOR,ACADEMY WAY & JOHN HINDLE DR & UPPER CAMPUS WAY,ACADEMY WAY,ACADEMY WAY,09:00-11:59,1,0
N,PROPERTY DAMAGE ONLY,KALMAR RD,N,2023,TUESDAY,SINGLE VEHICLE,N,Y,49.204913,-122.837305,N,FEBRUARY,N,SURREY,SURREY,SURREY,N,N,N,LOWER MAINLAND,HANSEN RD & KALMAR RD,HANSEN RD,HANSEN RD,09:00-11:59,1,0
N,PROPERTY DAMAGE ONLY,KEITH,N,2023,TUESDAY,UNDETERMINED,N,N,\N,\N,N,FEBRUARY,N,NORTH VANCOUVER,NORTH VANCOUVER,\N,Y,N,N,LOWER MAINLAND,UNKNOWN,ST GEORGES AVE,ST GEORGES AVE,09:00-11:59,1,0
N,PROPERTY DAMAGE ONLY,KENSINGTON AVE,N,2023,TUESDAY,REAR END,N,Y,49.275203,-122.970086,N,FEBRUARY,N,BURNABY,BURNABY,BURNABY,N,N,N,LOWER MAINLAND,CURTIS ST & KENSINGTON AVE,CURTIS ST,CURTIS ST,09:00-11:59,1,0
N,PROPERTY DAMAGE ONLY,KETTLE VALLEY SOUTH RD,N,2023,TUESDAY,SINGLE VEHICLE,N,Y,49.05951,-119.002142,N,FEBRUARY,N,ROCK CREEK,ROCK CREEK,ROCK CREEK,N,N,N,SOUTHERN INTERIOR,HWY 33 & KETTLE VALLEY SOUTH RD,HWY 33,HWY 33,09:00-11:59,1,0
N,PROPERTY DAMAGE ONLY,KING GEORGE BLVD,N,2023,TUESDAY,SINGLE VEHICLE,N,Y,49.101256,-122.821176,N,FEBRUARY,N,SURREY,SURREY,SURREY,N,N,N,LOWER MAINLAND,144A ST & KING GEORGE BLVD,144A ST,144A ST,09:00-11:59,1,0
N,PROPERTY DAMAGE ONLY,KING GEORGE HWY,N,2023,TUESDAY,REAR END,N,Y,49.191598,-122.845362,N,FEBRUARY,N,SURREY,SURREY,SURREY,N,N,N,LOWER MAINLAND,104 AVE & KING GEORGE BLVD,104 AVE,104 AVE,09:00-11:59,1,0
N,PROPERTY DAMAGE ONLY,KINGSVIEW RD,N,2023,TUESDAY,SINGLE VEHICLE,N,Y,48.799266,-123.645463,N,FEBRUARY,N,DUNCAN,DUNCAN,DUNCAN,N,N,N,VANCOUVER ISLAND,KINGSVIEW RD & MAPLE BAY RD,MAPLE BAY RD,MAPLE BAY RD,09:00-11:59,1,0
N,PROPERTY DAMAGE ONLY,KINGSWAY,N,2023,TUESDAY,REAR END,N,Y,49.220984,-122.976235,N,FEBRUARY,N,BURNABY,BURNABY,BURNABY,N,N,N,LOWER MAINLAND,KINGSWAY & WALTHAM AVE,WALTHAM AVE,WALTHAM AVE,09:00-11:59,1,0
N,PROPERTY DAMAGE ONLY,KINGSWAY,N,2023,TUESDAY,SIDE SWIPE - SAME DIRECTION,N,Y,49.264471,-123.100924,N,FEBRUARY,N,VANCOUVER,VANCOUVER,VANCOUVER,N,N,N,LOWER MAINLAND,E 7TH AVE & KINGSWAY & MAIN ST,E 7TH AVE,E 7TH AVE,09:00-11:59,1,0
N,PROPERTY DAMAGE ONLY,KINGSWAY AVE,N,2023,TUESDAY,CONFLICTED,N,Y,49.265127,-122.79073,N,FEBRUARY,N,COQUITLAM,COQUITLAM,COQUITLAM & PORT COQUITLAM,N,N,N,LOWER MAINLAND,KINGSWAY AVE & WESTWOOD ST & TURNING LANE,WESTWOOD ST,WESTWOOD ST,09:00-11:59,1,0
N,PROPERTY DAMAGE ONLY,KINGSWAY AVE,N,2023,TUESDAY,SIDE SWIPE - SAME DIRECTION,N,Y,49.265303,-122.788814,N,FEBRUARY,N,PORT COQUITLAM,PORT COQUITLAM,PORT COQUITLAM,Y,N,N,LOWER MAINLAND,BURLEIGH AVE & KINGSWAY AVE,BURLEIGH AVE,BURLEIGH AVE,09:00-11:59,1,0
N,PROPERTY DAMAGE ONLY,KITCHENER ST,N,2023,TUESDAY,REAR END,N,Y,49.271949,-123.003195,N,FEBRUARY,N,BURNABY,BURNABY,BURNABY,N,N,N,LOWER MAINLAND,KITCHENER ST & WILLINGDON AVE,WILLINGDON AVE,WILLINGDON AVE,09:00-11:59,1,0
N,PROPERTY DAMAGE ONLY,KNIGHT ST,N,2023,TUESDAY,HEAD ON,N,Y,49.232692,-123.077064,N,FEBRUARY,N,VANCOUVER,VANCOUVER,VANCOUVER,N,N,N,LOWER MAINLAND,E 41ST AVE & KNIGHT ST,E 41ST AVE,E 41ST AVE,09:00-11:59,1,0
N,PROPERTY DAMAGE ONLY,KNIGHT ST BRIDGE,N,2023,TUESDAY,SIDE SWIPE - SAME DIRECTION,Y,Y,49.211079,-123.077129,N,FEBRUARY,N,VANCOUVER,VANCOUVER,VANCOUVER,N,N,N,LOWER MAINLAND,KNIGHT ST & KNIGHT ST BRIDGE & SE MARINE DR & SE MARINE DR OFFRAMP & SE MARINE DR ONRAMP & BUS LANE,SE MARINE DR ONRAMP,SE MARINE DR ONRAMP,09:00-11:59,1,0
N,PROPERTY DAMAGE ONLY,LIONS GATE BRIDGE,N,2023,TUESDAY,REAR END,N,Y,49.311996,-123.141757,N,FEBRUARY,N,VANCOUVER,VANCOUVER,VANCOUVER,N,N,N,LOWER MAINLAND,ELDON TRAIL & LIONS GATE BRIDGE & STANLEY PARK CAUSEWAY,HWY 99,HWY 99,09:00-11:59,1,0
N,PROPERTY DAMAGE ONLY,LIVINGSTONE AVE,N,2023,TUESDAY,REAR END,N,Y,49.055201,-122.370416,N,FEBRUARY,N,ABBOTSFORD,ABBOTSFORD,ABBOTSFORD,N,N,N,LOWER MAINLAND,BLUE JAY ST & FRASER HWY & LIVINGSTONE AVE & MACLURE RD,FRASER HWY,FRASER HWY,09:00-11:59,1,0
N,PROPERTY DAMAGE ONLY,LOST LAKE RD,N,2023,TUESDAY,SINGLE VEHICLE,N,Y,49.230318,-124.004704,N,FEBRUARY,N,NANAIMO,NANAIMO,NANAIMO,N,N,N,VANCOUVER ISLAND,DEWAR RD & LOST LAKE RD,DEWAR RD,DEWAR RD,09:00-11:59,1,0
N,PROPERTY DAMAGE ONLY,LOUGHEED HWY,N,2023,TUESDAY,CONFLICTED,N,Y,49.252391,-122.912547,N,FEBRUARY,N,BURNABY,BURNABY,BURNABY,N,N,N,LOWER MAINLAND,GAGLARDI WAY & LOUGHEED HWY & TURNING LANE,GAGLARDI WAY,GAGLARDI WAY,09:00-11:59,1,0
N,PROPERTY DAMAGE ONLY,MACDONALD ST,N,2023,TUESDAY,REAR END,N,Y,49.257668,-123.168378,N,FEBRUARY,N,VANCOUVER,VANCOUVER,VANCOUVER,N,N,N,LOWER MAINLAND,MACDONALD ST & W 16TH AVE,W 16TH AVE,W 16TH AVE,09:00-11:59,1,0
N,PROPERTY DAMAGE ONLY,MACDONALD ST,N,2023,TUESDAY,SINGLE VEHICLE,N,Y,49.227315,-123.16743,N,FEBRUARY,N,VANCOUVER,VANCOUVER,VANCOUVER,N,N,N,LOWER MAINLAND,MACDONALD ST & W 49TH AVE,W 49TH AVE,W 49TH AVE,09:00-11:59,1,0
N,PROPERTY DAMAGE ONLY,MACPHERSON AVE,N,2023,TUESDAY,SIDE SWIPE - OPPOSITE DIRECTION,N,Y,49.214859,-122.982898,N,FEBRUARY,N,BURNABY,BURNABY,BURNABY,N,N,N,LOWER MAINLAND,MACPHERSON AVE & RUMBLE ST,RUMBLE ST,RUMBLE ST,09:00-11:59,1,0
N,PROPERTY DAMAGE ONLY,MAIN ST,N,2023,TUESDAY,REAR END,N,Y,49.269078,-123.100707,N,FEBRUARY,N,VANCOUVER,VANCOUVER,VANCOUVER,N,N,N,LOWER MAINLAND,E 2ND AVE & MAIN ST,E 2ND AVE,E 2ND AVE,09:00-11:59,1,0
N,PROPERTY DAMAGE ONLY,MANNERING AVE,N,2023,TUESDAY,SIDE IMPACT,N,Y,49.24065,-123.058688,N,FEBRUARY,N,VANCOUVER,VANCOUVER,VANCOUVER,N,N,N,LOWER MAINLAND,E 30TH AVE & MANNERING AVE & NANAIMO ST,NANAIMO ST,NANAIMO ST,09:00-11:59,1,0
N,PROPERTY DAMAGE ONLY,MASSEY DR,N,2023,TUESDAY,SIDE IMPACT,N,Y,53.899561,-122.782221,N,FEBRUARY,N,PRINCE GEORGE,PRINCE GEORGE,PRINCE GEORGE,N,N,N,NORTH CENTRAL,MASSEY DR & WESTWOOD DR & TURNING LANE,WESTWOOD DR,WESTWOOD DR,09:00-11:59,1,0
N,PROPERTY DAMAGE ONLY,MAY DR,N,2023,TUESDAY,SIDE IMPACT,N,Y,49.180352,-123.118541,N,FEBRUARY,N,RICHMOND,RICHMOND,RICHMOND,Y,N,N,LOWER MAINLAND,MAY DR & TOMICKI AVE,TOMICKI AVE,TOMICKI AVE,09:00-11:59,1,0
N,PROPERTY DAMAGE ONLY,MCCORKELL DR,N,2023,TUESDAY,REAR END,N,Y,49.039968,-122.245175,N,FEBRUARY,N,ABBOTSFORD,ABBOTSFORD,ABBOTSFORD,Y,N,N,LOWER MAINLAND,MCCORKELL DR & MUNROE AVE,MUNROE AVE,MUNROE AVE,09:00-11:59,1,0
N,PROPERTY DAMAGE ONLY,MCCURDY RD,N,2023,TUESDAY,CONFLICTED,N,Y,49.90116,-119.386823,N,FEBRUARY,N,KELOWNA,KELOWNA,KELOWNA,Y,N,N,SOUTHERN INTERIOR,MCCURDY RD & MCCURDY RD E & RUTLAND RD N,RUTLAND RD N,RUTLAND RD N,09:00-11:59,1,0
N,PROPERTY DAMAGE ONLY,MCCURDY RD,N,2023,TUESDAY,REAR END,N,Y,49.901265,-119.408856,N,FEBRUARY,N,KELOWNA,KELOWNA,KELOWNA,N,N,N,SOUTHERN INTERIOR,HWY 97 N & MCCURDY RD & OKANAGAN RAIL TRAIL & TURNING LANE,HWY 97,HWY 97,09:00-11:59,1,0
N,PROPERTY DAMAGE ONLY,MCGILL RD,N,2023,TUESDAY,REAR END,N,Y,50.668918,-120.35782,N,FEBRUARY,N,KAMLOOPS,KAMLOOPS,KAMLOOPS,N,N,N,SOUTHERN INTERIOR,MCGILL RD & SUMMIT DR & BRAKE CHECK & TURNING LANE,SUMMIT DR,SUMMIT DR,09:00-11:59,1,0
N,PROPERTY DAMAGE ONLY,MOSS ST,N,2023,TUESDAY,SIDE IMPACT,N,Y,49.237064,-123.047628,N,FEBRUARY,N,VANCOUVER,VANCOUVER,VANCOUVER,Y,N,N,LOWER MAINLAND,DUNDEE ST & KINGSWAY & MOSS ST,KINGSWAY,KINGSWAY,09:00-11:59,1,0
N,PROPERTY DAMAGE ONLY,MURRAY ST,N,2023,TUESDAY,UNDETERMINED,N,Y,49.278821,-122.841352,N,FEBRUARY,N,PORT MOODY,PORT MOODY,PORT MOODY,N,N,N,LOWER MAINLAND,ELECTRONIC AVE & MURRAY ST,ELECTRONIC AVE,ELECTRONIC AVE,09:00-11:59,1,0
N,PROPERTY DAMAGE ONLY,NATIONAL AVE,N,2023,TUESDAY,REAR END,N,Y,49.274948,-123.101941,N,FEBRUARY,N,VANCOUVER,VANCOUVER,VANCOUVER,N,N,N,LOWER MAINLAND,NATIONAL AVE & QUEBEC ST,QUEBEC ST,QUEBEC ST,09:00-11:59,1,0
N,PROPERTY DAMAGE ONLY,NELSON ST,N,2023,TUESDAY,UNDETERMINED,N,Y,49.274156,-123.115036,N,FEBRUARY,N,VANCOUVER,VANCOUVER,VANCOUVER,N,N,N,LOWER MAINLAND,MARINASIDE CRES & NELSON ST & PACIFIC BLVD,PACIFIC BLVD,PACIFIC BLVD,09:00-11:59,1,0
N,PROPERTY DAMAGE ONLY,NELSON ST,N,2023,TUESDAY,UNDETERMINED,N,Y,49.276965,-123.119511,N,FEBRUARY,N,VANCOUVER,VANCOUVER,VANCOUVER,Y,Y,N,LOWER MAINLAND,HAMILTON ST & NELSON ST,HAMILTON ST,HAMILTON ST,09:00-11:59,1,0
N,PROPERTY DAMAGE ONLY,NO 4 RD,N,2023,TUESDAY,REAR END,N,Y,49.170146,-123.113991,N,FEBRUARY,N,RICHMOND,RICHMOND,RICHMOND,N,N,N,LOWER MAINLAND,NO 4 RD & WESTMINSTER HWY,WESTMINSTER HWY,WESTMINSTER HWY,09:00-11:59,1,0
N,PROPERTY DAMAGE ONLY,NO 8 RD,N,2023,TUESDAY,SIDE SWIPE - SAME DIRECTION,Y,N,\N,\N,N,FEBRUARY,N,RICHMOND,RICHMOND,\N,N,N,N,LOWER MAINLAND,UNKNOWN,HWY 91,HWY 91,09:00-11:59,1,0
N,PROPERTY DAMAGE ONLY,NORANDA RD E,N,2023,TUESDAY,SIDE SWIPE - SAME DIRECTION,Y,Y,53.965515,-122.767327,N,FEBRUARY,N,PRINCE GEORGE,PRINCE GEORGE,PRINCE GEORGE,N,N,N,NORTH CENTRAL,FEHR RD & HART HWY & NORANDA RD E & NORANDA RD E ONRAMP & NORANDA RD W & NORANDA RD W ONRAMP,JOHN HART HWY,JOHN HART HWY,09:00-11:59,1,0
N,PROPERTY DAMAGE ONLY,NORTH FRASER WAY,N,2023,TUESDAY,REAR END,N,Y,49.196613,-122.968537,N,FEBRUARY,N,BURNABY,BURNABY,BURNABY,N,N,N,LOWER MAINLAND,MARINE WAY & NORTH FRASER WAY & TURNING LANE,MARINE WAY,MARINE WAY,09:00-11:59,1,0
N,PROPERTY DAMAGE ONLY,ONTARIO ST,N,2023,TUESDAY,CONFLICTED,N,Y,49.212334,-123.106574,N,FEBRUARY,N,VANCOUVER,VANCOUVER,VANCOUVER,N,N,N,LOWER MAINLAND,ONTARIO ST & SE MARINE DR & SW MARINE DR,SE MARINE DR,SE MARINE DR,09:00-11:59,1,0
N,PROPERTY DAMAGE ONLY,ONTARIO ST,N,2023,TUESDAY,CONFLICTED,N,Y,49.256637,-123.105058,N,FEBRUARY,N,VANCOUVER,VANCOUVER,VANCOUVER,Y,N,N,LOWER MAINLAND,E 16TH AVE & ONTARIO ST & W 16TH AVE,E 16TH AVE,E 16TH AVE,09:00-11:59,1,0
N,PROPERTY DAMAGE ONLY,PACIFIC ST,N,2023,TUESDAY,SIDE IMPACT,N,Y,49.275046,-123.129407,N,FEBRUARY,N,VANCOUVER,VANCOUVER,VANCOUVER,N,N,N,LOWER MAINLAND,GRANVILLE BRIDGE & GRANVILLE ST & HOWE ST ONRAMP & PACIFIC ST & SEYMOUR ST OFFRAMP,GRANVILLE ST,GRANVILLE ST,09:00-11:59,1,0
N,PROPERTY DAMAGE ONLY,PANDOSY ST,N,2023,TUESDAY,HEAD ON,N,Y,49.883555,-119.49626,N,FEBRUARY,N,KELOWNA,KELOWNA,KELOWNA,N,N,N,SOUTHERN INTERIOR,HARVEY AVE & PANDOSY ST & WATER ST & TURNING LANE,HARVEY AVE,HARVEY AVE,09:00-11:59,1,0
N,PROPERTY DAMAGE ONLY,PARK DR,N,2023,TUESDAY,SIDE IMPACT,N,Y,49.214459,-123.130023,N,FEBRUARY,N,VANCOUVER,VANCOUVER,VANCOUVER,N,N,N,LOWER MAINLAND,OAK ST & PARK DR,OAK ST,OAK ST,09:00-11:59,1,0
N,PROPERTY DAMAGE ONLY,PENDRELL ST,N,2023,TUESDAY,UNDETERMINED,N,Y,49.286981,-123.139176,N,FEBRUARY,N,VANCOUVER,VANCOUVER,VANCOUVER,Y,N,N,LOWER MAINLAND,BIDWELL ST & PENDRELL ST,BIDWELL ST,BIDWELL ST,09:00-11:59,1,0
N,PROPERTY DAMAGE ONLY,PHILIP AVE,N,2023,TUESDAY,SIDE SWIPE - SAME DIRECTION,N,Y,49.323893,-123.113368,N,FEBRUARY,N,NORTH VANCOUVER,NORTH VANCOUVER,NORTH VANCOUVER,N,N,N,LOWER MAINLAND,MARINE DR & PHILIP AVE,MARINE DR,MARINE DR,09:00-11:59,1,0
N,PROPERTY DAMAGE ONLY,QUADLING AVE,N,2023,TUESDAY,CONFLICTED,N,Y,49.240802,-122.87296,N,FEBRUARY,N,COQUITLAM,COQUITLAM,COQUITLAM,N,N,N,LOWER MAINLAND,BLUE MOUNTAIN ST & QUADLING AVE,BLUE MOUNTAIN ST,BLUE MOUNTAIN ST,09:00-11:59,1,0
N,PROPERTY DAMAGE ONLY,QUEENSWAY,N,2023,TUESDAY,UNDETERMINED,N,Y,49.887309,-119.495058,N,FEBRUARY,N,KELOWNA,KELOWNA,KELOWNA,Y,N,N,SOUTHERN INTERIOR,PANDOSY ST & QUEENSWAY & BUS LANE,PANDOSY ST,PANDOSY ST,09:00-11:59,1,0
N,PROPERTY DAMAGE ONLY,RANDOLPH AVE,N,2023,TUESDAY,SIDE SWIPE - SAME DIRECTION,N,Y,49.222033,-122.973325,N,FEBRUARY,N,BURNABY,BURNABY,BURNABY,Y,N,N,LOWER MAINLAND,IMPERIAL ST & RANDOLPH AVE,IMPERIAL ST,IMPERIAL ST,09:00-11:59,1,0
N,PROPERTY DAMAGE ONLY,RICHTER ST,N,2023,TUESDAY,REAR END,N,Y,49.876316,-119.488228,N,FEBRUARY,N,KELOWNA,KELOWNA,KELOWNA,N,N,N,SOUTHERN INTERIOR,CADDER AVE & RICHTER ST,CADDER AVE,CADDER AVE,09:00-11:59,1,0
N,PROPERTY DAMAGE ONLY,RIVIERA PL,N,2023,TUESDAY,SINGLE VEHICLE,N,Y,48.468414,-123.537901,N,FEBRUARY,N,LANGFORD,LANGFORD,LANGFORD,N,N,N,VANCOUVER ISLAND,BEAR MOUNTAIN PKY & RIVIERA PL,BEAR MOUNTAIN PKY,BEAR MOUNTAIN PKY,09:00-11:59,1,0
N,PROPERTY DAMAGE ONLY,ROBSON DR,N,2023,TUESDAY,SIDE IMPACT,N,Y,49.29892,-122.778107,N,FEBRUARY,N,COQUITLAM,COQUITLAM,COQUITLAM,Y,N,N,LOWER MAINLAND,PIPELINE RD & ROBSON DR,PIPELINE RD,PIPELINE RD,09:00-11:59,1,0
N,PROPERTY DAMAGE ONLY,RUPERT ST,N,2023,TUESDAY,SINGLE VEHICLE,N,Y,49.27042,-123.033801,N,FEBRUARY,N,VANCOUVER,VANCOUVER,VANCOUVER,N,N,N,LOWER MAINLAND,GRAVELEY ST & RUPERT ST,GRAVELEY ST,GRAVELEY ST,09:00-11:59,1,0
N,PROPERTY DAMAGE ONLY,RYAN ST,N,2023,TUESDAY,SIDE IMPACT,N,Y,48.439998,-123.333487,N,FEBRUARY,N,VICTORIA,VICTORIA,VICTORIA,Y,N,N,VANCOUVER ISLAND,RYAN ST & SHELBOURNE ST,SHELBOURNE ST,SHELBOURNE ST,09:00-11:59,1,0
N,PROPERTY DAMAGE ONLY,SEXSMITH RD,N,2023,TUESDAY,CONFLICTED,N,Y,49.184677,-123.128143,N,FEBRUARY,N,RICHMOND,RICHMOND,RICHMOND,N,Y,N,LOWER MAINLAND,CAMBIE RD & SEXSMITH RD,CAMBIE RD,CAMBIE RD,09:00-11:59,1,0
N,PROPERTY DAMAGE ONLY,SEYMOUR ST,N,2023,TUESDAY,SIDE IMPACT,N,Y,49.280722,-123.118797,N,FEBRUARY,N,VANCOUVER,VANCOUVER,VANCOUVER,N,N,N,LOWER MAINLAND,ROBSON ST & SEYMOUR ST,ROBSON ST,ROBSON ST,09:00-11:59,1,0
N,PROPERTY DAMAGE ONLY,SHAUGHNESSY ST,N,2023,TUESDAY,MULTIPLE IMPACTS,N,Y,49.227198,-122.795647,N,FEBRUARY,N,PORT COQUITLAM,PORT COQUITLAM,PORT COQUITLAM,N,N,N,LOWER MAINLAND,ARGUE ST & MARY HILL BYPASS & SHAUGHNESSY ST & TURNING LANE,MARY HILL BYPASS,MARY HILL BYPASS,09:00-11:59,1,0
N,PROPERTY DAMAGE ONLY,SHELL RD,N,2023,TUESDAY,SINGLE VEHICLE,N,Y,49.18982,-123.102688,N,FEBRUARY,N,RICHMOND,RICHMOND,RICHMOND,N,N,N,LOWER MAINLAND,BIRD RD & SHELL RD,BIRD RD,BIRD RD,09:00-11:59,1,0
N,PROPERTY DAMAGE ONLY,SOUTH FRASER WAY,N,2023,TUESDAY,REAR END,N,Y,49.050434,-122.304426,N,FEBRUARY,N,ABBOTSFORD,ABBOTSFORD,ABBOTSFORD,N,N,N,LOWER MAINLAND,SOUTH FRASER WAY & WARE ST & TURNING LANE,WARE ST,WARE ST,09:00-11:59,1,0
N,PROPERTY DAMAGE ONLY,SOUTH FRASER WAY,N,2023,TUESDAY,SIDE IMPACT,N,Y,49.04651,-122.346051,N,FEBRUARY,N,ABBOTSFORD,ABBOTSFORD,ABBOTSFORD,Y,N,N,LOWER MAINLAND,HILL-TOUT ST & SOUTH FRASER WAY,HILL-TOUT ST,HILL-TOUT ST,09:00-11:59,1,0
N,PROPERTY DAMAGE ONLY,SPERLING AVE,N,2023,TUESDAY,SIDE IMPACT,Y,Y,49.239854,-122.964739,N,FEBRUARY,N,BURNABY,BURNABY,BURNABY,N,N,N,LOWER MAINLAND,CANADA WAY & SPERLING AVE & TURNING LANE,CANADA WAY,CANADA WAY,09:00-11:59,1,0
N,PROPERTY DAMAGE ONLY,SPRUCE ST,N,2023,TUESDAY,REAR END,N,Y,53.905421,-122.757915,N,FEBRUARY,N,PRINCE GEORGE,PRINCE GEORGE,PRINCE GEORGE,N,N,N,NORTH CENTRAL,20TH AVE & SPRUCE ST,20TH AVE,20TH AVE,09:00-11:59,2,0
N,PROPERTY DAMAGE ONLY,STEVESTON HWY,N,2023,TUESDAY,SIDE SWIPE - SAME DIRECTION,Y,Y,49.133365,-123.092135,N,FEBRUARY,N,RICHMOND,RICHMOND,RICHMOND,N,N,N,LOWER MAINLAND,NO 5 RD & STEVESTON HWY & TURNING LANE,NO 5 RD,NO 5 RD,09:00-11:59,1,0
N,PROPERTY DAMAGE ONLY,SUNNYCREST RD,N,2023,TUESDAY,SIDE SWIPE - SAME DIRECTION,N,Y,49.406725,-123.520445,N,FEBRUARY,N,GIBSONS,GIBSONS,GIBSONS,N,N,N,LOWER MAINLAND,GIBSONS WAY & SUNNYCREST RD,GIBSONS WAY,GIBSONS WAY,09:00-11:59,1,0
N,PROPERTY DAMAGE ONLY,SUNSHINE FALLS LANE,N,2023,TUESDAY,SINGLE VEHICLE,N,Y,49.345913,-122.924209,N,FEBRUARY,N,NORTH VANCOUVER,NORTH VANCOUVER,NORTH VANCOUVER,N,N,N,LOWER MAINLAND,SASAMAT LANE & SUNSHINE FALLS LANE,SASAMAT LANE,SASAMAT LANE,09:00-11:59,1,0
N,PROPERTY DAMAGE ONLY,SUTHERLAND AVE,N,2023,TUESDAY,CONFLICTED,N,Y,49.87999,-119.477014,N,FEBRUARY,N,KELOWNA,KELOWNA,KELOWNA,N,N,N,SOUTHERN INTERIOR,GORDON DR & SUTHERLAND AVE & TURNING LANE,GORDON DR,GORDON DR,09:00-11:59,1,0
N,PROPERTY DAMAGE ONLY,TAYLOR WAY OFFRAMP,N,2023,TUESDAY,REAR END,N,Y,49.337695,-123.13481,N,FEBRUARY,N,WEST VANCOUVER,WEST VANCOUVER,WEST VANCOUVER,N,N,N,LOWER MAINLAND,TAYLOR WAY & TAYLOR WAY OFFRAMP & TAYLOR WAY ONRAMP & TRANS-CANADA HWY & TRANS-CANADA HWY ONRAMP & WESTCOT RD & TURNING LANE,TRANS-CANADA HWY,TRANS-CANADA HWY,09:00-11:59,1,0
N,PROPERTY DAMAGE ONLY,THIRD AVE,N,2023,TUESDAY,SIDE SWIPE - SAME DIRECTION,Y,Y,49.202359,-122.92643,N,FEBRUARY,N,NEW WESTMINSTER,NEW WESTMINSTER,NEW WESTMINSTER,N,N,N,LOWER MAINLAND,STEWARDSON WAY & THIRD AVE,STEWARDSON WAY,STEWARDSON WAY,09:00-11:59,1,0
N,PROPERTY DAMAGE ONLY,THOMAS RD,N,2023,TUESDAY,SIDE IMPACT,N,Y,49.106623,-121.960305,N,FEBRUARY,N,CHILLIWACK,CHILLIWACK,CHILLIWACK,N,N,N,LOWER MAINLAND,THOMAS RD & VEDDER RD & MALL ACCESS,VEDDER RD,VEDDER RD,09:00-11:59,1,0
N,PROPERTY DAMAGE ONLY,TORONTO ST,N,2023,TUESDAY,UNDETERMINED,N,Y,48.415684,-123.369065,N,FEBRUARY,N,VICTORIA,VICTORIA,VICTORIA,Y,N,N,VANCOUVER ISLAND,GOVERNMENT ST & TORONTO ST,GOVERNMENT ST,GOVERNMENT ST,09:00-11:59,1,0
N,PROPERTY DAMAGE ONLY,TRANQUILLE RD,N,2023,TUESDAY,OVERTAKING,N,Y,50.684716,-120.351893,N,FEBRUARY,N,KAMLOOPS,KAMLOOPS,KAMLOOPS,N,N,N,SOUTHERN INTERIOR,LARKSPUR ST & TRANQUILLE RD,LARKSPUR ST,LARKSPUR ST,09:00-11:59,1,0
N,PROPERTY DAMAGE ONLY,UNKNOWN,N,2023,TUESDAY,SIDE SWIPE - OPPOSITE DIRECTION,Y,N,\N,\N,N,FEBRUARY,N,FORT ST. JAMES,FORT ST. JAMES,\N,N,N,N,NORTH CENTRAL,UNKNOWN,GERMANSEN LANDING RD,GERMANSEN LANDING RD,09:00-11:59,1,0
N,PROPERTY DAMAGE ONLY,VICTORIA ST,N,2023,TUESDAY,UNDETERMINED,Y,Y,53.900965,-122.755111,N,FEBRUARY,N,PRINCE GEORGE,PRINCE GEORGE,PRINCE GEORGE,N,N,N,NORTH CENTRAL,MILBURN AVE & VICTORIA ST,MILBURN AVE,MILBURN AVE,09:00-11:59,1,0
N,PROPERTY DAMAGE ONLY,VYE RD,N,2023,TUESDAY,SIDE IMPACT,Y,Y,49.01687,-122.29372,N,FEBRUARY,N,ABBOTSFORD,ABBOTSFORD,ABBOTSFORD,N,Y,N,LOWER MAINLAND,HUNTINGDON RD & MCCALLUM RD & VYE RD,MCCALLUM RD,MCCALLUM RD,09:00-11:59,1,0
N,PROPERTY DAMAGE ONLY,W 12TH AVE,N,2023,TUESDAY,SIDE SWIPE - SAME DIRECTION,N,Y,49.261378,-123.168264,N,FEBRUARY,N,VANCOUVER,VANCOUVER,VANCOUVER,N,N,N,LOWER MAINLAND,MACDONALD ST & W 12TH AVE,MACDONALD ST,MACDONALD ST,09:00-11:59,1,0
N,PROPERTY DAMAGE ONLY,W 41ST AVE,N,2023,TUESDAY,SIDE IMPACT,N,Y,49.234485,-123.149229,N,FEBRUARY,N,VANCOUVER,VANCOUVER,VANCOUVER,N,N,N,LOWER MAINLAND,CYPRESS ST & W 41ST AVE,CYPRESS ST,CYPRESS ST,09:00-11:59,1,0
N,PROPERTY DAMAGE ONLY,W 41ST AVE,N,2023,TUESDAY,SIDE IMPACT,N,Y,49.234628,-123.158501,N,FEBRUARY,N,VANCOUVER,VANCOUVER,VANCOUVER,N,N,N,LOWER MAINLAND,W 41ST AVE & YEW ST,YEW ST,YEW ST,09:00-11:59,1,0
N,PROPERTY DAMAGE ONLY,W 41ST AVE,N,2023,TUESDAY,SINGLE VEHICLE,N,N,\N,\N,N,FEBRUARY,N,RICHMOND,RICHMOND,\N,N,N,Y,LOWER MAINLAND,UNKNOWN,CAMBIE RD,CAMBIE RD,09:00-11:59,1,0
N,PROPERTY DAMAGE ONLY,W 45TH AVE,N,2023,TUESDAY,SINGLE VEHICLE,N,Y,49.230648,-123.141535,N,FEBRUARY,N,VANCOUVER,VANCOUVER,VANCOUVER,N,N,N,LOWER MAINLAND,CHURCHILL ST & W 45TH AVE,CHURCHILL ST,CHURCHILL ST,09:00-11:59,1,0
N,PROPERTY DAMAGE ONLY,W 52ND AVE,N,2023,TUESDAY,SIDE IMPACT,N,Y,49.22408,-123.139929,N,FEBRUARY,N,VANCOUVER,VANCOUVER,VANCOUVER,N,N,N,LOWER MAINLAND,GRANVILLE ST & W 52ND AVE,GRANVILLE ST,GRANVILLE ST,09:00-11:59,1,0
N,PROPERTY DAMAGE ONLY,W 67TH AVE,N,2023,TUESDAY,SIDE IMPACT,N,Y,49.210743,-123.130188,N,FEBRUARY,N,VANCOUVER,VANCOUVER,VANCOUVER,N,N,N,LOWER MAINLAND,OAK ST & W 67TH AVE,OAK ST,OAK ST,09:00-11:59,1,0
N,PROPERTY DAMAGE ONLY,W 8TH AVE,N,2023,TUESDAY,SINGLE VEHICLE,N,Y,49.264216,-123.119826,N,FEBRUARY,N,VANCOUVER,VANCOUVER,VANCOUVER,N,Y,N,LOWER MAINLAND,HEATHER ST & W 8TH AVE,HEATHER ST,HEATHER ST,09:00-11:59,1,0
N,PROPERTY DAMAGE ONLY,W BROADWAY,N,2023,TUESDAY,REAR END,N,Y,49.263614,-123.141026,N,FEBRUARY,N,VANCOUVER,VANCOUVER,VANCOUVER,Y,N,N,LOWER MAINLAND,FIR ST & W BROADWAY,FIR ST,FIR ST,09:00-11:59,1,0
N,PROPERTY DAMAGE ONLY,WALCOTT RD,N,2023,TUESDAY,CONFLICTED,N,Y,54.577127,-126.808959,N,FEBRUARY,N,TELKWA,TELKWA,TELKWA,N,N,N,NORTH CENTRAL,HWY 16 E & WALCOTT RD,HWY 16,HWY 16,09:00-11:59,1,0
N,PROPERTY DAMAGE ONLY,WESTMINSTER HWY OFFRAMP,N,2023,TUESDAY,SIDE SWIPE - SAME DIRECTION,N,Y,49.169678,-122.972456,N,FEBRUARY,N,RICHMOND,RICHMOND,RICHMOND,N,N,N,LOWER MAINLAND,HWY 91 & HWY 91 ONRAMP & WESTMINSTER HWY & WESTMINSTER HWY OFFRAMP & WESTMINSTER HWY ONRAMP,HWY 91,HWY 91,09:00-11:59,1,0
N,PROPERTY DAMAGE ONLY,WHATCOM RD,N,2023,TUESDAY,SINGLE VEHICLE,N,Y,49.038989,-122.219833,N,FEBRUARY,N,ABBOTSFORD,ABBOTSFORD,ABBOTSFORD,N,N,N,LOWER MAINLAND,TRANS-CANADA HWY & WHATCOM RD & WHATCOM RD OFFRAMP & WHATCOM RD ONRAMP,HWY 1,HWY 1,09:00-11:59,1,0
N,PROPERTY DAMAGE ONLY,WILLIAMSON LAKE RD,N,2023,TUESDAY,SINGLE VEHICLE,N,Y,50.96862,-118.175332,N,FEBRUARY,N,REVELSTOKE,REVELSTOKE,REVELSTOKE,N,N,N,SOUTHERN INTERIOR,AIRPORT WAY & WILLIAMSON LAKE RD,AIRPORT WAY,AIRPORT WAY,09:00-11:59,1,0
N,PROPERTY DAMAGE ONLY,WILLOW ST,N,2023,TUESDAY,SIDE IMPACT,N,Y,49.265083,-123.121774,N,FEBRUARY,N,VANCOUVER,VANCOUVER,VANCOUVER,Y,N,N,LOWER MAINLAND,W 7TH AVE & WILLOW ST,W 7TH AVE,W 7TH AVE,09:00-11:59,1,0
N,PROPERTY DAMAGE ONLY,WILLS RD,N,2023,TUESDAY,SIDE SWIPE - SAME DIRECTION,N,Y,49.213895,-124.026495,N,FEBRUARY,N,NANAIMO,NANAIMO,NANAIMO,Y,Y,N,VANCOUVER ISLAND,WILLS RD & ACCESS ROAD,RUTHERFORD RD,RUTHERFORD RD,09:00-11:59,1,0
N,PROPERTY DAMAGE ONLY,WREN ST,N,2023,TUESDAY,SIDE IMPACT,N,Y,49.133121,-122.338229,N,FEBRUARY,N,MISSION,MISSION,MISSION,Y,N,N,LOWER MAINLAND,LOUGHEED HWY & RAI AVE & WREN ST,LOUGHEED HWY,LOUGHEED HWY,09:00-11:59,1,0
N,PROPERTY DAMAGE ONLY,YALE RD,N,2023,TUESDAY,REAR END,N,Y,49.159091,-121.958646,N,FEBRUARY,N,CHILLIWACK,CHILLIWACK,CHILLIWACK,N,N,N,LOWER MAINLAND,HOCKING AVE & YALE RD,HOCKING AVE,HOCKING AVE,09:00-11:59,1,0
Y,PROPERTY DAMAGE ONLY,\N,N,2023,TUESDAY,SINGLE VEHICLE,N,N,\N,\N,N,FEBRUARY,N,GALLOWAY,GALLOWAY,\N,N,N,N,SOUTHERN INTERIOR,UNKNOWN,HWY 93,HWY 93,09:00-11:59,1,0
Y,PROPERTY DAMAGE ONLY,\N,N,2023,TUESDAY,SINGLE VEHICLE,N,N,\N,\N,N,FEBRUARY,N,PORT ALBERNI,PORT ALBERNI,\N,N,N,N,VANCOUVER ISLAND,UNKNOWN,HWY 4,HWY 4,09:00-11:59,1,0
Y,PROPERTY DAMAGE ONLY,\N,N,2023,TUESDAY,SINGLE VEHICLE,N,N,50.094213,-122.990449,Y,FEBRUARY,N,WHISTLER,WHISTLER,WHISTLER,N,Y,N,LOWER MAINLAND,LAKE PLACID RD # 002030 TO 002055,LAKE PLACID RD,LAKE PLACID RD,09:00-11:59,1,0
Y,PROPERTY DAMAGE ONLY,\N,N,2023,TUESDAY,SINGLE VEHICLE,Y,N,\N,\N,N,FEBRUARY,N,GIBSONS,GIBSONS,\N,N,N,N,LOWER MAINLAND,UNKNOWN,SUNSHINE COAST HWY,SUNSHINE COAST HWY,09:00-11:59,1,0
Y,PROPERTY DAMAGE ONLY,BARLOW AVE,N,2023,TUESDAY,SINGLE VEHICLE,N,Y,52.977528,-122.49371,N,FEBRUARY,N,QUESNEL,QUESNEL,QUESNEL,N,N,N,NORTH CENTRAL,BARLOW AVE & KINCHANT ST,KINCHANT ST,KINCHANT ST,09:00-11:59,1,0
