ANIMAL_FLAG,CRASH_SEVERITY,CROSS_STREET_FULL_NAME,CYCLIST_FLAG,DATE_OF_LOSS_YEAR,DAY_OF_WEEK,DERIVED_CRASH_CONFIGURATION,HEAVY_VEH_FLAG,INTERSECTION_CRASH,LATITUDE,LONGITUDE,MID_BLOCK_CRASH,MONTH_OF_YEAR,MOTORCYCLE_FLAG,Municipality Name (ifnull),MUNICIPALITY_NAME,MUNICIPALITY_WITH_BOUNDARY,PARKED_VEHICLE_FLAG,PARKING_LOT_FLAG,PEDESTRIAN_FLAG,REGION,ROAD_LOCATION_DESCRIPTION,Street Full Name (ifnull),STREET_FULL_NAME,TIME_CATEGORY,TOTAL_CRASHES,TOTAL_VICTIMS
N,CASUALTY CRASH,\N,N,2022,MONDAY,HEAD ON,N,N,\N,\N,N,JULY,N,SALMON ARM,SALMON ARM,\N,N,N,N,SOUTHERN INTERIOR,UNKNOWN,HWY 1,HWY 1,12:00-14:59,1,3
N,CASUALTY CRASH,\N,N,2022,MONDAY,REAR END,N,N,\N,\N,N,JULY,N,PENTICTON,PENTICTON,\N,N,N,N,SOUTHERN INTERIOR,UNKNOWN,HWY 97,HWY 97,12:00-14:59,1,1
N,CASUALTY CRASH,\N,N,2022,MONDAY,REAR END,N,N,\N,\N,N,JULY,N,SURREY,SURREY,\N,N,N,N,LOWER MAINLAND,UNKNOWN,HWY 1,HWY 1,12:00-14:59,1,1
N,CASUALTY CRASH,\N,N,2022,MONDAY,REAR END,N,N,\N,\N,N,JULY,N,THRUMS,THRUMS,\N,N,N,N,SOUTHERN INTERIOR,UNKNOWN,HWY 3A,HWY 3A,12:00-14:59,1,1
N,CASUALTY CRASH,\N,N,2022,MONDAY,REAR END,N,N,48.774516,-123.698752,Y,JULY,N,DUNCAN,DUNCAN,DUNCAN,N,Y,N,VANCOUVER ISLAND,TRANS-CANADA HWY # 000100 TO 000190 even,TRANS-CANADA HWY,TRANS-CANADA HWY,12:00-14:59,1,1
N,CASUALTY CRASH,\N,N,2022,MONDAY,REAR END,N,N,49.156327,-123.933994,Y,JULY,N,NANAIMO,NANAIMO,NANAIMO,N,Y,N,VANCOUVER ISLAND,NICOL ST # 000255 TO 000299,NICOL ST,NICOL ST,12:00-14:59,1,1
N,CASUALTY CRASH,\N,N,2022,MONDAY,REAR END,N,N,49.434895,-123.478573,Y,JULY,N,LANGDALE,LANGDALE,LANGDALE,Y,Y,N,LOWER MAINLAND,PORT MELLON HWY # 001376 TO 001398 even,PORT MELLON HWY,PORT MELLON HWY,12:00-14:59,1,1
N,CASUALTY CRASH,\N,N,2022,MONDAY,REAR END,N,N,50.665334,-120.350116,Y,JULY,N,KAMLOOPS,KAMLOOPS,KAMLOOPS,N,Y,N,SOUTHERN INTERIOR,SUMMIT DR # 001210 TO 001378 even,SUMMIT DR,SUMMIT DR,12:00-14:59,1,1
N,CASUALTY CRASH,\N,N,2022,MONDAY,REAR END,Y,N,49.163482,-122.961934,Y,JULY,N,DELTA,DELTA,DELTA,N,Y,N,LOWER MAINLAND,EATON WAY # 000700 TO 000719,EATON WAY,EATON WAY,12:00-14:59,1,1
N,CASUALTY CRASH,\N,N,2022,MONDAY,SIDE IMPACT,N,N,\N,\N,N,JULY,N,DELTA,DELTA,\N,N,Y,N,LOWER MAINLAND,UNKNOWN,CANOE PASS WAY,CANOE PASS WAY,12:00-14:59,1,1
N,CASUALTY CRASH,\N,N,2022,MONDAY,SIDE IMPACT,N,N,49.166367,-121.965019,Y,JULY,N,CHILLIWACK,CHILLIWACK,CHILLIWACK,N,Y,N,LOWER MAINLAND,MENHOLM RD # 045450 TO 045599,MENHOLM RD,MENHOLM RD,12:00-14:59,1,1
N,CASUALTY CRASH,\N,N,2022,MONDAY,SIDE IMPACT,N,N,49.200655,-122.920057,Y,JULY,N,NEW WESTMINSTER,NEW WESTMINSTER,NEW WESTMINSTER,N,N,N,LOWER MAINLAND,ROYAL AVE # 001100 TO 001179,ROYAL AVE,ROYAL AVE,12:00-14:59,1,1
N,CASUALTY CRASH,\N,N,2022,MONDAY,SIDE IMPACT,N,N,49.321709,-123.096319,Y,JULY,N,NORTH VANCOUVER,NORTH VANCOUVER,NORTH VANCOUVER,N,Y,N,LOWER MAINLAND,MARINE DR # 000801 TO 000899 odd,MARINE DR,MARINE DR,12:00-14:59,1,1
N,CASUALTY CRASH,\N,N,2022,MONDAY,SIDE IMPACT,N,N,50.444741,-119.184115,Y,JULY,N,ARMSTRONG,ARMSTRONG,ARMSTRONG,N,Y,N,SOUTHERN INTERIOR,SMITH DR # 003000 TO 003249,SMITH DR,SMITH DR,12:00-14:59,1,1
N,CASUALTY CRASH,\N,N,2022,MONDAY,SIDE SWIPE - OPPOSITE DIRECTION,N,N,49.231012,-121.863059,Y,JULY,Y,AGASSIZ,AGASSIZ,AGASSIZ,Y,N,N,LOWER MAINLAND,LOUGHEED HWY # 003050 TO 003699,HWY 7,HWY 7,12:00-14:59,1,1
N,CASUALTY CRASH,\N,N,2022,MONDAY,SINGLE VEHICLE,N,N,\N,\N,N,JULY,N,CELISTA,CELISTA,\N,N,N,N,SOUTHERN INTERIOR,UNKNOWN,SQUILAX-ANGLEMONT RD,SQUILAX-ANGLEMONT RD,12:00-14:59,1,1
N,CASUALTY CRASH,\N,N,2022,MONDAY,SINGLE VEHICLE,N,N,\N,\N,N,JULY,Y,KITIMAT,KITIMAT,\N,N,N,N,NORTH CENTRAL,UNKNOWN,QUATSINO BLVD,QUATSINO BLVD,12:00-14:59,1,1
N,CASUALTY CRASH,\N,N,2022,MONDAY,SINGLE VEHICLE,N,N,48.574849,-123.403495,Y,JULY,N,CENTRAL SAANICH,CENTRAL SAANICH,CENTRAL SAANICH,N,Y,Y,VANCOUVER ISLAND,CENTRAL SAANICH RD # 007034 TO 007199,CENTRAL SAANICH RD,CENTRAL SAANICH RD,12:00-14:59,1,1
N,CASUALTY CRASH,\N,N,2022,MONDAY,SINGLE VEHICLE,N,N,48.632856,-123.634251,Y,JULY,N,SHAWNIGAN LAKE,SHAWNIGAN LAKE,SHAWNIGAN LAKE,N,N,N,VANCOUVER ISLAND,STOWOOD RD # 002200 TO 002359,STOWOOD RD,STOWOOD RD,12:00-14:59,1,1
N,CASUALTY CRASH,\N,N,2022,MONDAY,SINGLE VEHICLE,N,N,49.228116,-122.998531,Y,JULY,N,BURNABY,BURNABY,BURNABY,N,N,Y,LOWER MAINLAND,KINGSWAY # 004700 TO 004749,KINGSWAY,KINGSWAY,12:00-14:59,1,2
N,CASUALTY CRASH,\N,N,2022,MONDAY,UNDETERMINED,N,N,49.264687,-123.105803,Y,JULY,N,VANCOUVER,VANCOUVER,VANCOUVER,N,Y,N,LOWER MAINLAND,W 7TH AVE # 000000 TO 000099,W 7TH AVE,W 7TH AVE,12:00-14:59,1,1
N,CASUALTY CRASH,10 AVE NE,N,2022,MONDAY,REAR END,N,Y,50.707143,-119.227431,N,JULY,N,SALMON ARM,SALMON ARM,SALMON ARM,N,N,N,SOUTHERN INTERIOR,10 AVE NE & HWY 97B NE & TURNING LANE,HWY 97B,HWY 97B,12:00-14:59,1,1
N,CASUALTY CRASH,100 AVE,N,2022,MONDAY,REAR END,N,Y,49.184185,-122.803912,N,JULY,N,SURREY,SURREY,SURREY,N,N,N,LOWER MAINLAND,100 AVE & 151 ST,151 ST,151 ST,12:00-14:59,1,2
N,CASUALTY CRASH,102 AVE,N,2022,MONDAY,REAR END,N,Y,49.187828,-122.845419,N,JULY,N,SURREY,SURREY,SURREY,N,N,N,LOWER MAINLAND,102 AVE & KING GEORGE BLVD,KING GEORGE BLVD,KING GEORGE BLVD,12:00-14:59,1,1
N,CASUALTY CRASH,103 AVE,N,2022,MONDAY,SIDE IMPACT,N,Y,49.189821,-122.81199,N,JULY,N,SURREY,SURREY,SURREY,N,N,N,LOWER MAINLAND,103 AVE & 148 ST,148 ST,148 ST,12:00-14:59,1,1
N,CASUALTY CRASH,108 AVE,N,2022,MONDAY,SIDE IMPACT,Y,Y,49.198752,-122.800842,N,JULY,N,SURREY,SURREY,SURREY,N,N,N,LOWER MAINLAND,108 AVE & 152 ST,152 ST,152 ST,12:00-14:59,1,1
N,CASUALTY CRASH,120 ST,N,2022,MONDAY,SIDE IMPACT,N,Y,49.134037,-122.890359,N,JULY,N,DELTA,DELTA,DELTA & SURREY,N,Y,N,LOWER MAINLAND,120 ST & 72 AVE,72 AVE,72 AVE,12:00-14:59,1,3
N,CASUALTY CRASH,134 ST,N,2022,MONDAY,REAR END,N,Y,49.177066,-122.85131,N,JULY,N,SURREY,SURREY,SURREY,N,N,N,LOWER MAINLAND,134 ST & 96 AVE,96 AVE,96 AVE,12:00-14:59,1,2
N,CASUALTY CRASH,134A ST,N,2022,MONDAY,REAR END,Y,Y,49.140875,-122.850081,N,JULY,N,SURREY,SURREY,SURREY,N,N,N,LOWER MAINLAND,134A ST & 76 AVE,76 AVE,76 AVE,12:00-14:59,1,2
N,CASUALTY CRASH,144 ST,N,2022,MONDAY,SIDE IMPACT,N,Y,49.198795,-122.823043,N,JULY,N,SURREY,SURREY,SURREY,N,N,N,LOWER MAINLAND,108 AVE & 144 ST,108 AVE,108 AVE,12:00-14:59,1,1
N,CASUALTY CRASH,152 ST,N,2022,MONDAY,SIDE IMPACT,N,Y,49.10169,-122.80106,N,JULY,N,SURREY,SURREY,SURREY,N,N,N,LOWER MAINLAND,152 ST & 54A AVE,54A AVE,54A AVE,12:00-14:59,1,1
N,CASUALTY CRASH,160 ST,N,2022,MONDAY,REAR END,N,Y,49.198792,-122.778659,N,JULY,N,SURREY,SURREY,SURREY,N,N,N,LOWER MAINLAND,108 AVE & 160 ST,108 AVE,108 AVE,12:00-14:59,1,3
N,CASUALTY CRASH,168 ST,N,2022,MONDAY,CONFLICTED,N,Y,49.104286,-122.756658,N,JULY,N,SURREY,SURREY,SURREY,N,N,N,LOWER MAINLAND,168 ST & 56 AVE,HWY 10,HWY 10,12:00-14:59,1,1
N,CASUALTY CRASH,176 ST,N,2022,MONDAY,REAR END,N,Y,49.118761,-122.734941,N,JULY,N,SURREY,SURREY,SURREY,N,N,N,LOWER MAINLAND,176 ST & 64 AVE,64 AVE,64 AVE,12:00-14:59,1,1
N,CASUALTY CRASH,177B ST,N,2022,MONDAY,SIDE IMPACT,Y,Y,49.111467,-122.730296,N,JULY,N,SURREY,SURREY,SURREY,N,N,N,LOWER MAINLAND,177B ST & 60 AVE,60 AVE,60 AVE,12:00-14:59,1,2
N,CASUALTY CRASH,184 ST,N,2022,MONDAY,SIDE SWIPE - OPPOSITE DIRECTION,N,Y,49.03121,-122.713357,N,JULY,N,SURREY,SURREY,SURREY,N,N,N,LOWER MAINLAND,16 AVE & 184 ST,16 AVE,16 AVE,12:00-14:59,1,2
N,CASUALTY CRASH,200 ST OFFRAMP,N,2022,MONDAY,REAR END,N,Y,49.164209,-122.668857,N,JULY,N,LANGLEY,LANGLEY,LANGLEY,N,N,N,LOWER MAINLAND,200 ST & 200 ST OFFRAMP & 88 AVE & 88 AVE ONRAMP & HWY 1 ONRAMP & TRANS-CANADA HWY,HWY 1,HWY 1,12:00-14:59,1,1
N,CASUALTY CRASH,232 ST,N,2022,MONDAY,REAR END,N,Y,49.136327,-122.581328,N,JULY,N,LANGLEY,LANGLEY,LANGLEY,N,N,N,LOWER MAINLAND,232 ST & 232 ST OFFRAMP & 232 ST ONRAMP & 72 AVE & 72 AVE ONRAMP & TRANS-CANADA HWY,HWY 1,HWY 1,12:00-14:59,1,1
N,CASUALTY CRASH,53 AVE,N,2022,MONDAY,SIDE IMPACT,N,Y,50.285186,-119.263281,N,JULY,N,VERNON,VERNON,VERNON,N,Y,N,SOUTHERN INTERIOR,24 ST & 53 AVE,24 ST,24 ST,12:00-14:59,1,1
N,CASUALTY CRASH,64 AVE,N,2022,MONDAY,SIDE SWIPE - SAME DIRECTION,N,Y,49.119042,-122.845493,N,JULY,N,SURREY,SURREY,SURREY,N,N,N,LOWER MAINLAND,64 AVE & KING GEORGE BLVD & TURNING LANE,KING GEORGE BLVD,KING GEORGE BLVD,12:00-14:59,1,1
N,CASUALTY CRASH,68 AVE,N,2022,MONDAY,SINGLE VEHICLE,N,Y,49.126719,-122.890371,N,JULY,N,DELTA,DELTA,DELTA & SURREY,N,N,Y,LOWER MAINLAND,120 ST & 68 AVE,120 ST,120 ST,12:00-14:59,1,1
N,CASUALTY CRASH,6TH AVE,N,2022,MONDAY,REAR END,N,Y,50.67669,-120.327123,N,JULY,N,KAMLOOPS,KAMLOOPS,KAMLOOPS,N,N,N,SOUTHERN INTERIOR,6TH AVE & LANSDOWNE ST,LANSDOWNE ST,LANSDOWNE ST,12:00-14:59,1,1
N,CASUALTY CRASH,6TH AVE,N,2022,MONDAY,REAR END,Y,Y,50.67669,-120.327123,N,JULY,N,KAMLOOPS,KAMLOOPS,KAMLOOPS,N,N,N,SOUTHERN INTERIOR,6TH AVE & LANSDOWNE ST,LANSDOWNE ST,LANSDOWNE ST,12:00-14:59,1,1
N,CASUALTY CRASH,72 AVE,N,2022,MONDAY,REAR END,N,Y,49.133543,-122.8428,N,JULY,N,SURREY,SURREY,SURREY,N,N,N,LOWER MAINLAND,137 ST & 72 AVE,137 ST,137 ST,12:00-14:59,1,2
N,CASUALTY CRASH,7500 BC-3,N,2022,MONDAY,CONFLICTED,N,N,\N,\N,N,JULY,N,HOPE,HOPE,\N,N,N,N,LOWER MAINLAND,UNKNOWN,HWY 3,HWY 3,12:00-14:59,1,2
N,CASUALTY CRASH,7TH AVE,N,2022,MONDAY,SIDE SWIPE - OPPOSITE DIRECTION,N,Y,49.140215,-122.319856,N,JULY,N,MISSION,MISSION,MISSION,N,N,N,LOWER MAINLAND,7TH AVE & EIDER ST,EIDER ST,EIDER ST,12:00-14:59,1,2
N,CASUALTY CRASH,81 AVE,N,2022,MONDAY,REAR END,N,Y,49.150081,-122.856783,N,JULY,N,SURREY,SURREY,SURREY,N,N,N,LOWER MAINLAND,132 ST & 81 AVE,132 ST,132 ST,12:00-14:59,1,1
N,CASUALTY CRASH,88 AVE,N,2022,MONDAY,REAR END,N,Y,49.162634,-122.856917,N,JULY,N,SURREY,SURREY,SURREY,N,N,N,LOWER MAINLAND,132 ST & 88 AVE,132 ST,132 ST,12:00-14:59,1,1
N,CASUALTY CRASH,96 AVE,N,2022,MONDAY,UNDETERMINED,N,Y,49.176409,-122.734716,N,JULY,N,SURREY,SURREY,SURREY,N,N,N,LOWER MAINLAND,176 ST & 96 AVE & GOLDEN EARS WAY & TURNING LANE,HWY 15,HWY 15,12:00-14:59,1,3
N,CASUALTY CRASH,96A AVE,N,2022,MONDAY,SIDE IMPACT,N,Y,49.177921,-122.86795,N,JULY,N,SURREY,SURREY,SURREY,N,N,N,LOWER MAINLAND,128 ST & 96A AVE,128 ST,128 ST,12:00-14:59,1,2
N,CASUALTY CRASH,ASH ST,N,2022,MONDAY,UNDETERMINED,N,Y,49.265893,-123.117416,N,JULY,N,VANCOUVER,VANCOUVER,VANCOUVER,N,N,N,LOWER MAINLAND,ASH ST & W 2ND AVE & W 6TH AVE,W 2ND AVE,W 2ND AVE,12:00-14:59,1,1
N,CASUALTY CRASH,ATKINSON RD ONRAMP,N,2022,MONDAY,REAR END,Y,Y,49.061307,-122.171266,N,JULY,N,ABBOTSFORD,ABBOTSFORD,ABBOTSFORD,N,N,N,LOWER MAINLAND,ATKINSON RD ONRAMP & TRANS-CANADA HWY,HWY 1,HWY 1,12:00-14:59,1,1
N,CASUALTY CRASH,AUDLEY ST,N,2022,MONDAY,REAR END,N,Y,48.450951,-123.374378,N,JULY,N,SAANICH,SAANICH,SAANICH,N,N,N,VANCOUVER ISLAND,ARDERSIER RD & AUDLEY ST & DOUGLAS ST & TURNING LANE,DOUGLAS ST,DOUGLAS ST,12:00-14:59,1,1
N,CASUALTY CRASH,BAY RD,N,2022,MONDAY,SIDE IMPACT,N,Y,49.447644,-123.725916,N,JULY,N,SECHELT,SECHELT,SECHELT,N,N,N,LOWER MAINLAND,BAY RD & LAUREL AVE,LAUREL AVE,LAUREL AVE,12:00-14:59,1,1
N,CASUALTY CRASH,BEGBIE ST,Y,2022,MONDAY,SINGLE VEHICLE,N,Y,48.426783,-123.343687,N,JULY,N,VICTORIA,VICTORIA,VICTORIA,N,N,N,VANCOUVER ISLAND,BEGBIE ST & HARRISON ST & PANDORA AVE,PANDORA AVE,PANDORA AVE,12:00-14:59,1,1
N,CASUALTY CRASH,BLANCHARD ST,N,2022,MONDAY,REAR END,N,N,\N,\N,N,JULY,N,VICTORIA,VICTORIA,\N,N,N,N,VANCOUVER ISLAND,UNKNOWN,TOLMIE AVE,TOLMIE AVE,12:00-14:59,1,1
N,CASUALTY CRASH,BLANSHARD ST,N,2022,MONDAY,REAR END,N,Y,48.457338,-123.376479,N,JULY,N,SAANICH,SAANICH,SAANICH,N,N,N,VANCOUVER ISLAND,BLANSHARD ST & RAVINE WAY,RAVINE WAY,RAVINE WAY,12:00-14:59,1,1
N,CASUALTY CRASH,BOUNDARY RD,N,2022,MONDAY,CONFLICTED,N,Y,49.263661,-123.023609,N,JULY,N,BURNABY,BURNABY,BURNABY & VANCOUVER,Y,N,N,LOWER MAINLAND,BOUNDARY RD & HENNING DR,HENNING DR,HENNING DR,12:00-14:59,1,1
N,CASUALTY CRASH,BOUNDARY RD,N,2022,MONDAY,REAR END,N,Y,49.205426,-123.023441,N,JULY,N,BURNABY,BURNABY,BURNABY & VANCOUVER,N,N,N,LOWER MAINLAND,BOUNDARY RD & MARINE WAY & TURNING LANE,MARINE WAY,MARINE WAY,12:00-14:59,1,1
N,CASUALTY CRASH,CAMBIE ST,N,2022,MONDAY,SIDE IMPACT,N,Y,49.276078,-123.118097,N,JULY,N,VANCOUVER,VANCOUVER,VANCOUVER,N,N,N,LOWER MAINLAND,CAMBIE ST & NELSON ST,NELSON ST,NELSON ST,12:00-14:59,1,1
N,CASUALTY CRASH,CAREY RD,N,2022,MONDAY,REAR END,N,Y,48.463355,-123.385842,N,JULY,N,SAANICH,SAANICH,SAANICH,N,N,N,VANCOUVER ISLAND,CAREY RD & TILLICUM RD,TILLICUM RD,TILLICUM RD,12:00-14:59,1,2
N,CASUALTY CRASH,CHADSEY RD,N,2022,MONDAY,REAR END,N,Y,49.103867,-122.067405,N,JULY,N,CHILLIWACK,CHILLIWACK,CHILLIWACK,N,N,N,LOWER MAINLAND,CHADSEY RD & KEITH WILSON RD,KEITH WILSON RD,KEITH WILSON RD,12:00-14:59,1,1
N,CASUALTY CRASH,CHANCELLOR BLVD,N,2022,MONDAY,SIDE IMPACT,N,Y,49.27337,-123.247183,N,JULY,N,UBC,UBC,UBC,N,N,N,LOWER MAINLAND,CHANCELLOR BLVD & WESTERN CRES & WESTERN PKY,WESTERN PKY,WESTERN PKY,12:00-14:59,1,1
N,CASUALTY CRASH,COMMERCIAL DR,N,2022,MONDAY,SIDE IMPACT,N,Y,49.265079,-123.06974,N,JULY,N,VANCOUVER,VANCOUVER,VANCOUVER,N,N,N,LOWER MAINLAND,COMMERCIAL DR & E 6TH AVE,E 6TH AVE,E 6TH AVE,12:00-14:59,1,1
N,CASUALTY CRASH,DAVIE ST,N,2022,MONDAY,CONFLICTED,N,Y,49.274047,-123.121365,N,JULY,N,VANCOUVER,VANCOUVER,VANCOUVER,N,N,N,LOWER MAINLAND,DAVIE ST & PACIFIC BLVD,PACIFIC BLVD,PACIFIC BLVD,12:00-14:59,1,1
N,CASUALTY CRASH,DEANS AVE,N,2022,MONDAY,REAR END,N,N,\N,\N,N,JULY,N,CHILLIWACK,CHILLIWACK,\N,N,N,N,LOWER MAINLAND,UNKNOWN,EAGLE LANDING PKY,EAGLE LANDING PKY,12:00-14:59,1,1
N,CASUALTY CRASH,E 25TH ST,N,2022,MONDAY,REAR END,N,Y,49.331967,-123.072107,N,JULY,N,NORTH VANCOUVER,NORTH VANCOUVER,NORTH VANCOUVER,N,N,N,LOWER MAINLAND,E 25TH ST & E 25TH ST OFFRAMP & E 25TH ST ONRAMP & LONSDALE AVE & LONSDALE AVE OFFRAMP & LONSDALE AVE ONRAMP & TRANS-CANADA HWY & W 25TH ST & TURNING LANE,LONSDALE AVE,LONSDALE AVE,12:00-14:59,1,3
N,CASUALTY CRASH,E 33RD AVE,N,2022,MONDAY,REAR END,N,Y,49.240503,-123.101467,N,JULY,N,VANCOUVER,VANCOUVER,VANCOUVER,N,N,N,LOWER MAINLAND,E 33RD AVE & MAIN ST,MAIN ST,MAIN ST,12:00-14:59,1,1
N,CASUALTY CRASH,E 33RD AVE,N,2022,MONDAY,REAR END,Y,Y,49.240211,-123.076367,N,JULY,N,VANCOUVER,VANCOUVER,VANCOUVER,N,N,N,LOWER MAINLAND,E 33RD AVE & KNIGHT ST,KNIGHT ST,KNIGHT ST,12:00-14:59,1,3
N,CASUALTY CRASH,E 35TH AVE,N,2022,MONDAY,SIDE IMPACT,N,Y,49.238219,-123.082427,N,JULY,N,VANCOUVER,VANCOUVER,VANCOUVER,N,N,N,LOWER MAINLAND,E 35TH AVE & ROSS ST,ROSS ST,ROSS ST,12:00-14:59,1,1
N,CASUALTY CRASH,E 53RD AVE,N,2022,MONDAY,SIDE IMPACT,N,Y,49.221816,-123.078809,N,JULY,N,VANCOUVER,VANCOUVER,VANCOUVER,Y,N,N,LOWER MAINLAND,CULLODEN ST & E 53RD AVE,CULLODEN ST,CULLODEN ST,12:00-14:59,1,2
N,CASUALTY CRASH,E 57TH AVE,N,2022,MONDAY,UNDETERMINED,N,Y,49.218274,-123.090942,N,JULY,N,VANCOUVER,VANCOUVER,VANCOUVER,Y,N,N,LOWER MAINLAND,E 57TH AVE & FRASER ST,FRASER ST,FRASER ST,12:00-14:59,1,1
N,CASUALTY CRASH,E KING EDWARD AVE,N,2022,MONDAY,CONFLICTED,N,Y,49.248662,-123.090155,N,JULY,N,VANCOUVER,VANCOUVER,VANCOUVER,N,N,N,LOWER MAINLAND,E KING EDWARD AVE & FRASER ST,FRASER ST,FRASER ST,12:00-14:59,1,2
N,CASUALTY CRASH,EVERGREEN RD,N,2022,MONDAY,REAR END,N,Y,50.007511,-125.241826,N,JULY,Y,CAMPBELL RIVER,CAMPBELL RIVER,CAMPBELL RIVER,N,N,N,VANCOUVER ISLAND,BIRCH ST & BIRCH ST S & EVERGREEN RD,BIRCH ST,BIRCH ST,12:00-14:59,1,1
N,CASUALTY CRASH,FELL AVE,N,2022,MONDAY,CONFLICTED,N,Y,49.280339,-122.975541,N,JULY,N,BURNABY,BURNABY,BURNABY,N,N,N,LOWER MAINLAND,FELL AVE & HASTINGS ST,HASTINGS ST,HASTINGS ST,12:00-14:59,1,1
N,CASUALTY CRASH,FRANCIS PENINSULA RD,N,2022,MONDAY,SIDE SWIPE - OPPOSITE DIRECTION,Y,Y,49.608209,-124.02171,N,JULY,N,MADEIRA PARK,MADEIRA PARK,MADEIRA PARK,N,N,N,LOWER MAINLAND,FRANCIS PENINSULA RD & SUNSHINE COAST HWY,HWY 101,HWY 101,12:00-14:59,1,1
N,CASUALTY CRASH,FRASER HWY,N,2022,MONDAY,SIDE IMPACT,N,Y,49.0915,-122.607852,N,JULY,N,LANGLEY,LANGLEY,LANGLEY,N,N,N,LOWER MAINLAND,222 ST & FRASER HWY,222 ST,222 ST,12:00-14:59,1,1
N,CASUALTY CRASH,GELLATLY RD,N,2022,MONDAY,SIDE IMPACT,N,Y,49.823541,-119.617738,N,JULY,N,WEST KELOWNA,WEST KELOWNA,WEST KELOWNA,N,N,N,SOUTHERN INTERIOR,ANGUS DR & BOUCHERIE RD & GELLATLY RD & TURNING LANE,BOUCHERIE RD,BOUCHERIE RD,12:00-14:59,1,1
N,CASUALTY CRASH,GILLEY AVE,N,2022,MONDAY,REAR END,N,Y,49.205418,-122.978272,N,JULY,N,BURNABY,BURNABY,BURNABY,N,N,N,LOWER MAINLAND,GILLEY AVE & MARINE DR,MARINE DR,MARINE DR,12:00-14:59,1,1
N,CASUALTY CRASH,GORDON DR,N,2022,MONDAY,REAR END,N,Y,49.883544,-119.476957,N,JULY,N,KELOWNA,KELOWNA,KELOWNA,N,N,N,SOUTHERN INTERIOR,GORDON DR & HARVEY AVE & TURNING LANE,HARVEY AVE,HARVEY AVE,12:00-14:59,1,2
N,CASUALTY CRASH,GORDON HEAD RD,N,2022,MONDAY,REAR END,N,Y,48.468569,-123.319482,N,JULY,N,SAANICH,SAANICH,SAANICH,N,N,N,VANCOUVER ISLAND,GORDON HEAD RD & MCKENZIE AVE & TURNING LANE,MCKENZIE AVE,MCKENZIE AVE,12:00-14:59,1,1
N,CASUALTY CRASH,GRAHAM AVE,N,2022,MONDAY,REAR END,N,Y,49.221016,-122.936983,N,JULY,N,BURNABY,BURNABY,BURNABY,N,N,N,LOWER MAINLAND,CANADA WAY & GRAHAM AVE,CANADA WAY,CANADA WAY,12:00-14:59,1,1
N,CASUALTY CRASH,HAMMOND BAY RD,N,2022,MONDAY,SINGLE VEHICLE,N,Y,49.234394,-124.044425,N,JULY,N,NANAIMO,NANAIMO,NANAIMO,N,N,N,VANCOUVER ISLAND,AULDS RD & HAMMOND BAY RD & ISLAND HWY N & TURNING LANE,HWY 19A,HWY 19A,12:00-14:59,1,1
N,CASUALTY CRASH,HWY 1A,N,2022,MONDAY,SIDE IMPACT,N,Y,49.09598,-122.624579,N,JULY,N,LANGLEY,LANGLEY,LANGLEY,N,N,N,LOWER MAINLAND,216 ST & FRASER HWY,216 ST,216 ST,12:00-14:59,1,1
N,CASUALTY CRASH,HWY 97,N,2022,MONDAY,REAR END,N,Y,49.862661,-119.575937,N,JULY,N,WEST KELOWNA,WEST KELOWNA,WEST KELOWNA,N,N,N,SOUTHERN INTERIOR,HWY 97 & ROSS RD & TURNING LANE,ROSS RD,ROSS RD,12:00-14:59,1,1
N,CASUALTY CRASH,IRONWORKERS MEMORIAL BRIDGE,N,2022,MONDAY,SIDE SWIPE - SAME DIRECTION,N,Y,49.304852,-123.027413,N,JULY,N,NORTH VANCOUVER,NORTH VANCOUVER,NORTH VANCOUVER,N,N,N,LOWER MAINLAND,DOLLARTON HWY & DOLLARTON HWY OFFRAMP & DOLLARTON HWY ONRAMP & IRONWORKERS MEMORIAL BRIDGE & MAIN ST & MAIN ST OFFRAMP & MAIN ST ONRAMP & PHIBBS EXCHANGE & TRANS-CANADA HWY & EMERGENCY LANE & HIGHWAY RAMP & TURNING LANE,HWY 1,HWY 1,12:00-14:59,1,1
N,CASUALTY CRASH,KILDARE DR,N,2022,MONDAY,REAR END,N,Y,49.111145,-122.796024,N,JULY,N,SURREY,SURREY,SURREY,N,N,N,LOWER MAINLAND,KILDARE CLOSE & KILDARE DR & KILLARNEY DR,KILLARNEY DR,KILLARNEY DR,12:00-14:59,1,1
N,CASUALTY CRASH,KING EDWARD ST,N,2022,MONDAY,UNDETERMINED,N,Y,49.235683,-122.861649,N,JULY,N,COQUITLAM,COQUITLAM,COQUITLAM,N,N,N,LOWER MAINLAND,KING EDWARD ST & SEGUIN DR,SEGUIN DR,SEGUIN DR,12:00-14:59,1,1
N,CASUALTY CRASH,KING GEORGE BLVD,N,2022,MONDAY,REAR END,N,Y,49.031077,-122.775565,N,JULY,N,SURREY,SURREY,SURREY,N,N,N,LOWER MAINLAND,16 AVE & KING GEORGE BLVD,16 AVE,16 AVE,12:00-14:59,1,1
N,CASUALTY CRASH,KING GEORGE BLVD,N,2022,MONDAY,REAR END,N,Y,49.131215,-122.845661,N,JULY,N,SURREY,SURREY,SURREY,N,N,N,LOWER MAINLAND,HALL RD & KING GEORGE BLVD & TURNING LANE,HALL RD,HALL RD,12:00-14:59,1,1
N,CASUALTY CRASH,KING GEORGE BLVD,N,2022,MONDAY,REAR END,N,Y,49.13718,-122.845616,N,JULY,N,SURREY,SURREY,SURREY,N,N,N,LOWER MAINLAND,74 AVE & KING GEORGE BLVD & TURNING LANE,74 AVE,74 AVE,12:00-14:59,1,1
N,CASUALTY CRASH,KINGSWAY,N,2022,MONDAY,REAR END,N,Y,49.230223,-123.004835,N,JULY,N,BURNABY,BURNABY,BURNABY,N,N,N,LOWER MAINLAND,KINGSWAY & WILLINGDON AVE & TURNING LANE,WILLINGDON AVE,WILLINGDON AVE,12:00-14:59,1,1
N,CASUALTY CRASH,LAITY ST,N,2022,MONDAY,HEAD ON,N,Y,49.220558,-122.631841,N,JULY,N,MAPLE RIDGE,MAPLE RIDGE,MAPLE RIDGE,N,N,N,LOWER MAINLAND,DEWDNEY TRUNK RD & LAITY ST,DEWDNEY TRUNK RD,DEWDNEY TRUNK RD,12:00-14:59,1,1
N,CASUALTY CRASH,LEFEUVRE RD,N,2022,MONDAY,CONFLICTED,N,Y,49.057313,-122.448685,N,JULY,N,ABBOTSFORD,ABBOTSFORD,ABBOTSFORD,N,N,N,LOWER MAINLAND,FRASER HWY & LEFEUVRE RD & TURNING LANE,FRASER HWY,FRASER HWY,12:00-14:59,1,2
N,CASUALTY CRASH,MACLURE RD,N,2022,MONDAY,REAR END,N,Y,49.060111,-122.316064,N,JULY,N,ABBOTSFORD,ABBOTSFORD,ABBOTSFORD,N,N,N,LOWER MAINLAND,GLADWIN RD & MACLURE RD & TURNING LANE,GLADWIN RD,GLADWIN RD,12:00-14:59,1,2
N,CASUALTY CRASH,MAIN ST,N,2022,MONDAY,REAR END,N,Y,49.250251,-123.101012,N,JULY,N,VANCOUVER,VANCOUVER,VANCOUVER,N,N,N,LOWER MAINLAND,E 23RD AVE & MAIN ST,E 23RD AVE,E 23RD AVE,12:00-14:59,1,1
N,CASUALTY CRASH,MAIN ST STRATA RD,N,2022,MONDAY,SINGLE VEHICLE,N,Y,49.033046,-119.471702,N,JULY,Y,OSOYOOS,OSOYOOS,OSOYOOS,N,N,N,SOUTHERN INTERIOR,FINCH CRES & MAIN ST,HWY 3,HWY 3,12:00-14:59,1,1
N,CASUALTY CRASH,MANITOBA ST,N,2022,MONDAY,UNDETERMINED,N,Y,49.248892,-123.10745,N,JULY,N,VANCOUVER,VANCOUVER,VANCOUVER,N,N,N,LOWER MAINLAND,MANITOBA ST & W KING EDWARD AVE,W KING EDWARD AVE,W KING EDWARD AVE,12:00-14:59,1,2
N,CASUALTY CRASH,MARINE DR,N,2022,MONDAY,REAR END,N,Y,49.204864,-122.976067,N,JULY,N,BURNABY,BURNABY,BURNABY,N,N,N,LOWER MAINLAND,BYRNE RD & MARINE DR & SOUTHRIDGE DR & TURNING LANE,BYRNE RD,BYRNE RD,12:00-14:59,1,1
N,CASUALTY CRASH,MARY ST,N,2022,MONDAY,REAR END,N,Y,49.276717,-122.854662,N,JULY,N,PORT MOODY,PORT MOODY,PORT MOODY,N,N,N,LOWER MAINLAND,MARY ST & ST JOHNS ST,ST JOHNS ST,ST JOHNS ST,12:00-14:59,1,1
N,CASUALTY CRASH,MCBRIDE BLVD,N,2022,MONDAY,REAR END,N,Y,49.211366,-122.900283,N,JULY,N,NEW WESTMINSTER,NEW WESTMINSTER,NEW WESTMINSTER,N,N,N,LOWER MAINLAND,BUSHBY ST & COLUMBIA ST & E COLUMBIA ST & E ROYAL AVE & HWY 1A & LEOPOLD PL & MCBRIDE BLVD & ROYAL AVE & HIGHWAY RAMP,E COLUMBIA ST,E COLUMBIA ST,12:00-14:59,1,1
N,CASUALTY CRASH,MCCALLUM RD,N,2022,MONDAY,REAR END,N,Y,49.034944,-122.2928,N,JULY,N,ABBOTSFORD,ABBOTSFORD,ABBOTSFORD,N,N,N,LOWER MAINLAND,HAWTHORNE AVE & KING RD & KING RD CONN & KING RD ONRAMP & MCCALLUM RD & MCCALLUM RD OFFRAMP & MCCALLUM RD ONRAMP & TRANS-CANADA HWY,HWY 1,HWY 1,12:00-14:59,1,1
N,CASUALTY CRASH,MCLEAN DR,N,2022,MONDAY,SINGLE VEHICLE,N,Y,49.283239,-123.074053,N,JULY,N,VANCOUVER,VANCOUVER,VANCOUVER,N,N,Y,LOWER MAINLAND,MCLEAN DR & POWELL ST,POWELL ST,POWELL ST,12:00-14:59,1,1
N,CASUALTY CRASH,MILTON ST,N,2022,MONDAY,REAR END,N,Y,49.205303,-123.140462,N,JULY,N,VANCOUVER,VANCOUVER,VANCOUVER,N,N,N,LOWER MAINLAND,GRANVILLE ST & MILTON ST & SW MARINE DR,SW MARINE DR,SW MARINE DR,12:00-14:59,1,1
N,CASUALTY CRASH,MINTO CRES,N,2022,MONDAY,REAR END,N,Y,49.242821,-123.139234,N,JULY,N,VANCOUVER,VANCOUVER,VANCOUVER,N,N,N,LOWER MAINLAND,GRANVILLE ST & MINTO CRES,GRANVILLE ST,GRANVILLE ST,12:00-14:59,1,1
N,CASUALTY CRASH,MORLEY ST,N,2022,MONDAY,CONFLICTED,N,Y,49.230777,-122.949062,N,JULY,N,BURNABY,BURNABY,BURNABY,N,N,N,LOWER MAINLAND,CANADA WAY & MORLEY ST,CANADA WAY,CANADA WAY,12:00-14:59,1,1
N,CASUALTY CRASH,MT LEHMAN RD,N,2022,MONDAY,REAR END,N,Y,49.057775,-122.381509,N,JULY,N,ABBOTSFORD,ABBOTSFORD,ABBOTSFORD,N,N,N,LOWER MAINLAND,FRASER HWY OFFRAMP & HIGHSTREET ACCESS RD & MT LEHMAN RD & MT LEHMAN RD OFFRAMP & TRANS-CANADA HWY & TRANS-CANADA HWY ONRAMP,HWY 1,HWY 1,12:00-14:59,1,1
N,CASUALTY CRASH,NELSON RD,N,2022,MONDAY,REAR END,N,Y,49.169866999999996,-123.012915,N,JULY,N,RICHMOND,RICHMOND,RICHMOND,N,N,N,LOWER MAINLAND,NELSON RD & NELSON RD OFFRAMP & WESTMINSTER HWY,WESTMINSTER HWY,WESTMINSTER HWY,12:00-14:59,1,1
N,CASUALTY CRASH,NO 3 RD,N,2022,MONDAY,REAR END,N,Y,49.190991,-123.130485,N,JULY,N,RICHMOND,RICHMOND,RICHMOND,N,N,N,LOWER MAINLAND,NO 3 RD & SEA ISLAND WAY & TURNING LANE,SEA ISLAND WAY,SEA ISLAND WAY,12:00-14:59,1,1
N,CASUALTY CRASH,NOONS CREEK DR,Y,2022,MONDAY,SINGLE VEHICLE,N,Y,49.287239,-122.824726,N,JULY,N,PORT MOODY,PORT MOODY,PORT MOODY,N,N,Y,LOWER MAINLAND,FALCON DR & NOONS CREEK DR & TURNING LANE,FALCON DR,FALCON DR,12:00-14:59,1,1
N,CASUALTY CRASH,NORMANDY DR,N,2022,MONDAY,SIDE IMPACT,N,Y,49.2515,-123.023656,N,JULY,N,BURNABY,BURNABY,BURNABY & VANCOUVER,N,N,N,LOWER MAINLAND,BOUNDARY RD & NITHSDALE ST & NORMANDY DR,BOUNDARY RD,BOUNDARY RD,12:00-14:59,1,2
N,CASUALTY CRASH,OLD YALE RD,N,2022,MONDAY,SIDE IMPACT,N,Y,49.079355,-122.581379,N,JULY,N,LANGLEY,LANGLEY,LANGLEY,N,N,N,LOWER MAINLAND,232 ST & OLD YALE RD,232 ST,232 ST,12:00-14:59,1,1
N,CASUALTY CRASH,PORT ALBERNI HWY,N,2022,MONDAY,REAR END,N,Y,49.263499,-124.76167,N,JULY,N,PORT ALBERNI,PORT ALBERNI,PORT ALBERNI,N,N,N,VANCOUVER ISLAND,DUNDALK AVE S & PORT ALBERNI HWY,DUNDALK AVE S,DUNDALK AVE S,12:00-14:59,1,1
N,CASUALTY CRASH,PRIDEAUX ST,N,2022,MONDAY,SIDE SWIPE - SAME DIRECTION,N,Y,49.170304,-123.945524,N,JULY,N,NANAIMO,NANAIMO,NANAIMO,N,N,N,VANCOUVER ISLAND,COMOX RD & PRIDEAUX ST,COMOX RD,COMOX RD,12:00-14:59,1,1
N,CASUALTY CRASH,PRINCESS CRES,Y,2022,MONDAY,UNDETERMINED,N,Y,54.780038,-127.161096,N,JULY,N,SMITHERS,SMITHERS,SMITHERS,N,N,N,NORTH CENTRAL,PRINCESS CRES & PRINCESS ST,PRINCESS ST,PRINCESS ST,12:00-14:59,1,1
N,CASUALTY CRASH,ROUSSEAU ST,N,2022,MONDAY,REAR END,N,Y,49.23164,-122.886229,N,JULY,N,NEW WESTMINSTER,NEW WESTMINSTER,NEW WESTMINSTER,N,N,N,LOWER MAINLAND,BRAID ST & ROUSSEAU ST & TURNING LANE,BRAID ST,BRAID ST,12:00-14:59,1,1
N,CASUALTY CRASH,ROYAL AVE,N,2022,MONDAY,UNDETERMINED,N,Y,49.209998,-122.902705,N,JULY,N,NEW WESTMINSTER,NEW WESTMINSTER,NEW WESTMINSTER,N,N,N,LOWER MAINLAND,FIRST ST & ROYAL AVE,FIRST ST,FIRST ST,12:00-14:59,1,1
N,CASUALTY CRASH,SCOTT RD,N,2022,MONDAY,REAR END,N,Y,49.162019,-122.890338,N,JULY,N,DELTA,DELTA,DELTA & SURREY,N,N,N,LOWER MAINLAND,120 ST & NORDEL WAY,NORDEL WAY,NORDEL WAY,12:00-14:59,1,3
N,CASUALTY CRASH,SOUTH SUMAS RD,N,2022,MONDAY,SIDE IMPACT,N,Y,49.118446,-121.958572,N,JULY,N,CHILLIWACK,CHILLIWACK,CHILLIWACK,N,N,N,LOWER MAINLAND,SOUTH SUMAS RD & VEDDER RD,VEDDER RD,VEDDER RD,12:00-14:59,1,1
N,CASUALTY CRASH,STEVESTON HWY ONRAMP,N,2022,MONDAY,CONFLICTED,N,Y,49.133474,-123.086736,N,JULY,N,RICHMOND,RICHMOND,RICHMOND,N,N,N,LOWER MAINLAND,HWY 99 & HWY 99 ONRAMP & STEVESTON HWY & STEVESTON HWY OFFRAMP & STEVESTON HWY ONRAMP & TOURIST BOOTH RD & BUS LANE & SCALE ACCESS,HWY 99,HWY 99,12:00-14:59,1,1
N,CASUALTY CRASH,SUMMIT CRES,N,2022,MONDAY,REAR END,N,Y,49.119464,-122.90147,N,JULY,N,DELTA,DELTA,DELTA,N,N,N,LOWER MAINLAND,64 AVE & SUMMIT CRES,64 AVE,64 AVE,12:00-14:59,1,1
N,CASUALTY CRASH,TATLOW AVE,N,2022,MONDAY,SIDE IMPACT,N,Y,49.322143,-123.117563,N,JULY,N,NORTH VANCOUVER,NORTH VANCOUVER,NORTH VANCOUVER,N,N,N,LOWER MAINLAND,TATLOW AVE & W 15TH ST,W 15TH ST,W 15TH ST,12:00-14:59,1,2
N,CASUALTY CRASH,TOWNSHIPLINE RD,N,2022,MONDAY,REAR END,N,Y,49.089263,-122.316363,N,JULY,N,ABBOTSFORD,ABBOTSFORD,ABBOTSFORD,N,N,N,LOWER MAINLAND,GLADWIN RD & TOWNSHIPLINE RD,GLADWIN RD,GLADWIN RD,12:00-14:59,1,1
N,CASUALTY CRASH,VICTORIA ST,N,2022,MONDAY,REAR END,N,Y,50.674909,-120.318278,N,JULY,N,KAMLOOPS,KAMLOOPS,KAMLOOPS,N,N,N,SOUTHERN INTERIOR,SEYMOUR ST & VICTORIA ST,SEYMOUR ST,SEYMOUR ST,12:00-14:59,1,2
N,CASUALTY CRASH,W 10TH AVE,N,2022,MONDAY,CONFLICTED,N,Y,49.262638,-123.138541,N,JULY,N,VANCOUVER,VANCOUVER,VANCOUVER,N,N,N,LOWER MAINLAND,GRANVILLE ST & W 10TH AVE,GRANVILLE ST,GRANVILLE ST,12:00-14:59,1,1
N,CASUALTY CRASH,W 1ST ST,N,2022,MONDAY,REAR END,N,Y,49.316573,-123.113659,N,JULY,N,NORTH VANCOUVER,NORTH VANCOUVER,NORTH VANCOUVER,N,N,N,LOWER MAINLAND,PHILIP AVE & W 1ST ST & ACCESS ROAD,PHILIP AVE,PHILIP AVE,12:00-14:59,1,1
N,CASUALTY CRASH,W 33RD AVE,N,2022,MONDAY,SIDE IMPACT,N,Y,49.241437,-123.127824,N,JULY,N,VANCOUVER,VANCOUVER,VANCOUVER,N,N,N,LOWER MAINLAND,OAK ST & W 33RD AVE,OAK ST,OAK ST,12:00-14:59,1,1
N,CASUALTY CRASH,W 3RD AVE,N,2022,MONDAY,REAR END,N,Y,49.268844,-123.138417,N,JULY,N,VANCOUVER,VANCOUVER,VANCOUVER,N,N,N,LOWER MAINLAND,ANDERSON ST & W 3RD AVE,ANDERSON ST,ANDERSON ST,12:00-14:59,1,3
N,CASUALTY CRASH,W 42ND AVE,N,2022,MONDAY,SIDE IMPACT,N,Y,49.23358,-123.155564,N,JULY,N,VANCOUVER,VANCOUVER,VANCOUVER,N,N,N,LOWER MAINLAND,W 42ND AVE & WEST BOULEVARD,WEST BOULEVARD,WEST BOULEVARD,12:00-14:59,1,2
N,CASUALTY CRASH,W 8TH AVE,N,2022,MONDAY,SIDE IMPACT,N,Y,49.264327,-123.126585,N,JULY,N,VANCOUVER,VANCOUVER,VANCOUVER,N,N,N,LOWER MAINLAND,OAK ST & W 8TH AVE,OAK ST,OAK ST,12:00-14:59,1,2
N,CASUALTY CRASH,WEST SAANICH RD,N,2022,MONDAY,UNDETERMINED,N,Y,48.677099,-123.457767,N,JULY,N,NORTH SAANICH,NORTH SAANICH,NORTH SAANICH,N,N,N,VANCOUVER ISLAND,WAIN RD & WEST SAANICH RD,WAIN RD,WAIN RD,12:00-14:59,1,3
N,CASUALTY CRASH,WESTWOOD ST,N,2022,MONDAY,REAR END,N,Y,49.27352,-122.790547,N,JULY,N,COQUITLAM,COQUITLAM,COQUITLAM & PORT COQUITLAM,N,N,N,LOWER MAINLAND,LOUGHEED HWY & WESTWOOD ST & TURNING LANE,LOUGHEED HWY,LOUGHEED HWY,12:00-14:59,1,1
N,CASUALTY CRASH,WREN AVE,N,2022,MONDAY,UNDETERMINED,N,N,\N,\N,N,JULY,N,TERRACE,TERRACE,\N,N,N,N,NORTH CENTRAL,UNKNOWN,RIVER DR,RIVER DR,12:00-14:59,1,1
N,PROPERTY DAMAGE ONLY,\N,N,2022,MONDAY,CONFLICTED,N,N,\N,\N,N,JULY,N,ABBOTSFORD,ABBOTSFORD,\N,N,Y,N,LOWER MAINLAND,UNKNOWN,WHATCOM RD,WHATCOM RD,12:00-14:59,1,0
N,PROPERTY DAMAGE ONLY,\N,N,2022,MONDAY,CONFLICTED,N,N,\N,\N,N,JULY,N,CHILLIWACK,CHILLIWACK,\N,N,N,N,LOWER MAINLAND,UNKNOWN,YALE RD,YALE RD,12:00-14:59,1,0
N,PROPERTY DAMAGE ONLY,\N,N,2022,MONDAY,CONFLICTED,N,N,48.787195,-123.709719,Y,JULY,N,DUNCAN,DUNCAN,DUNCAN,N,Y,N,VANCOUVER ISLAND,CANADA AVE # 000950 TO 001099,CANADA AVE,CANADA AVE,12:00-14:59,1,0
N,PROPERTY DAMAGE ONLY,\N,N,2022,MONDAY,CONFLICTED,N,N,49.050936,-122.312534,Y,JULY,N,ABBOTSFORD,ABBOTSFORD,ABBOTSFORD,Y,Y,N,LOWER MAINLAND,SOUTH FRASER WAY # 032800 TO 032979,SOUTH FRASER WAY,SOUTH FRASER WAY,12:00-14:59,1,0
N,PROPERTY DAMAGE ONLY,\N,N,2022,MONDAY,CONFLICTED,N,N,49.113253,-122.652961,Y,JULY,N,LANGLEY,LANGLEY,LANGLEY,N,N,N,LOWER MAINLAND,LANGLEY BYPASS # 020431 TO 020699 odd,HWY 10,HWY 10,12:00-14:59,1,0
N,PROPERTY DAMAGE ONLY,\N,N,2022,MONDAY,CONFLICTED,N,N,49.158696,-122.282809,Y,JULY,N,MISSION,MISSION,MISSION,Y,Y,N,LOWER MAINLAND,STAVE LAKE ST # 008600 TO 008645,STAVE LAKE ST,STAVE LAKE ST,12:00-14:59,1,0
N,PROPERTY DAMAGE ONLY,\N,N,2022,MONDAY,CONFLICTED,N,N,49.166508,-122.624033,Y,JULY,N,LANGLEY,LANGLEY,LANGLEY,N,Y,N,LOWER MAINLAND,216 ST # 009000 TO 009028,216 ST,216 ST,12:00-14:59,1,0
N,PROPERTY DAMAGE ONLY,\N,N,2022,MONDAY,CONFLICTED,N,N,49.181378,-122.951222,Y,JULY,N,NEW WESTMINSTER,NEW WESTMINSTER,NEW WESTMINSTER,Y,Y,N,LOWER MAINLAND,SUZUKI ST # 000200 TO 000219,SUZUKI ST,SUZUKI ST,12:00-14:59,1,0
N,PROPERTY DAMAGE ONLY,\N,N,2022,MONDAY,CONFLICTED,N,N,49.233403,-123.048783,Y,JULY,N,VANCOUVER,VANCOUVER,VANCOUVER,Y,N,N,LOWER MAINLAND,EARLES ST # 005590 TO 005699,EARLES ST,EARLES ST,12:00-14:59,1,0
N,PROPERTY DAMAGE ONLY,\N,N,2022,MONDAY,CONFLICTED,N,N,49.249836,-123.167834,Y,JULY,N,VANCOUVER,VANCOUVER,VANCOUVER,Y,Y,N,LOWER MAINLAND,MACDONALD ST # 004100 TO 004145,MACDONALD ST,MACDONALD ST,12:00-14:59,1,0
N,PROPERTY DAMAGE ONLY,\N,N,2022,MONDAY,CONFLICTED,N,N,49.257683,-123.096433,Y,JULY,N,VANCOUVER,VANCOUVER,VANCOUVER,Y,Y,N,LOWER MAINLAND,PRINCE EDWARD ST # 003046 TO 003099,PRINCE EDWARD ST,PRINCE EDWARD ST,12:00-14:59,1,0
N,PROPERTY DAMAGE ONLY,\N,N,2022,MONDAY,CONFLICTED,N,N,49.490082,-123.802385,Y,JULY,N,SECHELT,SECHELT,SECHELT,Y,Y,N,LOWER MAINLAND,MASON RD # 005900 TO 006121,MASON RD,MASON RD,12:00-14:59,1,0
N,PROPERTY DAMAGE ONLY,\N,N,2022,MONDAY,CONFLICTED,N,N,49.830152,-119.620433,Y,JULY,N,WEST KELOWNA,WEST KELOWNA,WEST KELOWNA,Y,Y,N,SOUTHERN INTERIOR,CARRINGTON RD # 002300 TO 002319,CARRINGTON RD,CARRINGTON RD,12:00-14:59,1,0
N,PROPERTY DAMAGE ONLY,\N,N,2022,MONDAY,CONFLICTED,N,N,52.152573,-122.155196,Y,JULY,N,WILLIAMS LAKE,WILLIAMS LAKE,WILLIAMS LAKE,Y,Y,N,NORTH CENTRAL,MIDNIGHT DR # 000700 TO 000999,MIDNIGHT DR,MIDNIGHT DR,12:00-14:59,1,0
N,PROPERTY DAMAGE ONLY,\N,N,2022,MONDAY,CONFLICTED,Y,N,49.101712,-122.805498,Y,JULY,N,SURREY,SURREY,SURREY,Y,Y,N,LOWER MAINLAND,54A AVE # 015040 TO 015095,54A AVE,54A AVE,12:00-14:59,1,0
N,PROPERTY DAMAGE ONLY,\N,N,2022,MONDAY,HEAD ON,N,N,49.236351,-124.045794,Y,JULY,N,NANAIMO,NANAIMO,NANAIMO,Y,Y,N,VANCOUVER ISLAND,ISLAND HWY N # 006584 TO 006748 even,ISLAND HWY N,ISLAND HWY N,12:00-14:59,1,0
N,PROPERTY DAMAGE ONLY,\N,N,2022,MONDAY,HEAD ON,N,N,49.881676,-119.476945,Y,JULY,N,KELOWNA,KELOWNA,KELOWNA,Y,Y,N,SOUTHERN INTERIOR,GORDON DR # 001801 TO 001849 odd,GORDON DR,GORDON DR,12:00-14:59,1,0
N,PROPERTY DAMAGE ONLY,\N,N,2022,MONDAY,MULTIPLE IMPACTS,N,N,49.288564,-123.119643,Y,JULY,N,VANCOUVER,VANCOUVER,VANCOUVER,Y,N,N,LOWER MAINLAND,W CORDOVA ST # 001101 TO 001149 odd,W CORDOVA ST,W CORDOVA ST,12:00-14:59,1,0
N,PROPERTY DAMAGE ONLY,\N,N,2022,MONDAY,MULTIPLE IMPACTS,N,N,50.120348,-122.957257,Y,JULY,N,WHISTLER,WHISTLER,WHISTLER,Y,Y,N,LOWER MAINLAND,LORIMER RD # 004362 TO 004370 even,LORIMER RD,LORIMER RD,12:00-14:59,1,0
N,PROPERTY DAMAGE ONLY,\N,N,2022,MONDAY,REAR END,N,N,\N,\N,N,JULY,N,ABBOTSFORD,ABBOTSFORD,\N,N,N,N,LOWER MAINLAND,UNKNOWN,HWY 1,HWY 1,12:00-14:59,1,0
N,PROPERTY DAMAGE ONLY,\N,N,2022,MONDAY,REAR END,N,N,\N,\N,N,JULY,N,BURNABY,BURNABY,\N,N,N,N,LOWER MAINLAND,UNKNOWN,CANADA WAY,CANADA WAY,12:00-14:59,1,0
N,PROPERTY DAMAGE ONLY,\N,N,2022,MONDAY,REAR END,N,N,\N,\N,N,JULY,N,BURNABY,BURNABY,\N,N,N,N,LOWER MAINLAND,UNKNOWN,GAGLARDI WAY,GAGLARDI WAY,12:00-14:59,1,0
N,PROPERTY DAMAGE ONLY,\N,N,2022,MONDAY,REAR END,N,N,\N,\N,N,JULY,N,HOPE,HOPE,\N,N,N,N,LOWER MAINLAND,UNKNOWN,HWY 5,HWY 5,12:00-14:59,1,0
N,PROPERTY DAMAGE ONLY,\N,N,2022,MONDAY,REAR END,N,N,\N,\N,N,JULY,N,MERRITT,MERRITT,\N,N,N,N,SOUTHERN INTERIOR,UNKNOWN,PRINCETON-KAMLOOPS HWY 5A,PRINCETON-KAMLOOPS HWY 5A,12:00-14:59,1,0
N,PROPERTY DAMAGE ONLY,\N,N,2022,MONDAY,REAR END,N,N,\N,\N,N,JULY,N,MONTE LAKE,MONTE LAKE,\N,N,N,N,SOUTHERN INTERIOR,UNKNOWN,HWY 97,HWY 97,12:00-14:59,1,0
N,PROPERTY DAMAGE ONLY,\N,N,2022,MONDAY,REAR END,N,N,\N,\N,N,JULY,N,NORTH VANCOUVER,NORTH VANCOUVER,\N,N,N,N,LOWER MAINLAND,UNKNOWN,HWY 1,HWY 1,12:00-14:59,2,0
N,PROPERTY DAMAGE ONLY,\N,N,2022,MONDAY,REAR END,N,N,\N,\N,N,JULY,N,UNKNOWN,UNKNOWN,\N,N,N,N,UNKNOWN,UNKNOWN,GRANDVIEW HWY,GRANDVIEW HWY,12:00-14:59,1,0
N,PROPERTY DAMAGE ONLY,\N,N,2022,MONDAY,REAR END,N,N,\N,\N,N,JULY,N,UNKNOWN,UNKNOWN,\N,Y,Y,N,UNKNOWN,UNKNOWN,CHILCOTIN,CHILCOTIN,12:00-14:59,1,0
N,PROPERTY DAMAGE ONLY,\N,N,2022,MONDAY,REAR END,N,N,\N,\N,N,JULY,N,UNKNOWN,UNKNOWN,\N,Y,Y,N,UNKNOWN,UNKNOWN,ISLAND HWY WEST,ISLAND HWY WEST,12:00-14:59,1,0
N,PROPERTY DAMAGE ONLY,\N,N,2022,MONDAY,REAR END,N,N,\N,\N,N,JULY,N,VANCOUVER,VANCOUVER,\N,Y,N,N,LOWER MAINLAND,UNKNOWN,FIR ST,FIR ST,12:00-14:59,1,0
N,PROPERTY DAMAGE ONLY,\N,N,2022,MONDAY,REAR END,N,N,48.6489,-123.402002,Y,JULY,N,SIDNEY,SIDNEY,SIDNEY,N,Y,N,VANCOUVER ISLAND,BEACON AVE # 002345 TO 002353 odd,BEACON AVE,BEACON AVE,12:00-14:59,1,0
N,PROPERTY DAMAGE ONLY,\N,N,2022,MONDAY,REAR END,N,N,49.120125,-122.823281,Y,JULY,N,SURREY,SURREY,SURREY,Y,N,N,LOWER MAINLAND,144 ST # 006400 TO 006499,144 ST,144 ST,12:00-14:59,1,0
N,PROPERTY DAMAGE ONLY,\N,N,2022,MONDAY,REAR END,N,N,49.165613,-123.136632,Y,JULY,N,RICHMOND,RICHMOND,RICHMOND,Y,Y,N,LOWER MAINLAND,NO 3 RD # 006401 TO 006799 odd,NO 3 RD,NO 3 RD,12:00-14:59,1,0
N,PROPERTY DAMAGE ONLY,\N,N,2022,MONDAY,REAR END,N,N,49.176219,-122.96905,Y,JULY,N,RICHMOND,RICHMOND,RICHMOND,Y,Y,N,LOWER MAINLAND,WESTMINSTER HWY # 022801 TO 022999,WESTMINSTER HWY,WESTMINSTER HWY,12:00-14:59,1,0
N,PROPERTY DAMAGE ONLY,\N,N,2022,MONDAY,REAR END,N,N,49.18248,-123.953728,Y,JULY,N,NANAIMO,NANAIMO,NANAIMO,N,Y,N,VANCOUVER ISLAND,TERMINAL AVE N # 001100 TO 001148 even,TERMINAL AVE N,TERMINAL AVE N,12:00-14:59,1,0
N,PROPERTY DAMAGE ONLY,\N,N,2022,MONDAY,REAR END,N,N,49.206127,-123.017906,Y,JULY,N,BURNABY,BURNABY,BURNABY,Y,Y,N,LOWER MAINLAND,GREENALL AVE # 008600 TO 008699,GREENALL AVE,GREENALL AVE,12:00-14:59,1,0
N,PROPERTY DAMAGE ONLY,\N,N,2022,MONDAY,REAR END,N,N,49.229897,-123.003852,Y,JULY,N,BURNABY,BURNABY,BURNABY,N,N,N,LOWER MAINLAND,KINGSWAY # 004500 TO 004555,KINGSWAY,KINGSWAY,12:00-14:59,1,0
N,PROPERTY DAMAGE ONLY,\N,N,2022,MONDAY,REAR END,N,N,49.254019,-124.79907,Y,JULY,N,PORT ALBERNI,PORT ALBERNI,PORT ALBERNI,Y,N,N,VANCOUVER ISLAND,ROGER ST # 004300 TO 004499,ROGER ST,ROGER ST,12:00-14:59,1,0
N,PROPERTY DAMAGE ONLY,\N,N,2022,MONDAY,REAR END,N,N,49.263544,-122.864568,Y,JULY,N,COQUITLAM,COQUITLAM,COQUITLAM,Y,N,N,LOWER MAINLAND,COMO LAKE AVE # 001010 TO 001041,COMO LAKE AVE,COMO LAKE AVE,12:00-14:59,1,0
N,PROPERTY DAMAGE ONLY,\N,N,2022,MONDAY,REAR END,N,N,49.286429,-123.124231,Y,JULY,N,VANCOUVER,VANCOUVER,VANCOUVER,Y,Y,N,LOWER MAINLAND,W GEORGIA ST # 001100 TO 001199,W GEORGIA ST,W GEORGIA ST,12:00-14:59,1,0
N,PROPERTY DAMAGE ONLY,\N,N,2022,MONDAY,REAR END,N,N,49.304585,-122.789381,Y,JULY,N,COQUITLAM,COQUITLAM,COQUITLAM,Y,N,N,LOWER MAINLAND,YELLOWCEDAR PL # 003082 TO 003099,YELLOWCEDAR PL,YELLOWCEDAR PL,12:00-14:59,1,0
N,PROPERTY DAMAGE ONLY,\N,N,2022,MONDAY,REAR END,N,N,49.343559,-123.19212,Y,JULY,N,WEST VANCOUVER,WEST VANCOUVER,WEST VANCOUVER,Y,N,N,LOWER MAINLAND,TOWER HILL CRES # 002901 TO 002939 odd,TOWER HILL CRES,TOWER HILL CRES,12:00-14:59,1,0
N,PROPERTY DAMAGE ONLY,\N,N,2022,MONDAY,REAR END,N,N,49.881996,-119.451963,Y,JULY,N,KELOWNA,KELOWNA,KELOWNA,Y,Y,N,SOUTHERN INTERIOR,HARVEY AVE # 001900 TO 002018 even,HARVEY AVE,HARVEY AVE,12:00-14:59,1,0
N,PROPERTY DAMAGE ONLY,\N,N,2022,MONDAY,REAR END,N,N,50.032558,-125.261439,Y,JULY,N,CAMPBELL RIVER,CAMPBELL RIVER,CAMPBELL RIVER,N,N,N,VANCOUVER ISLAND,ISLAND HWY # 001477 TO 001489 odd,ISLAND HWY,ISLAND HWY,12:00-14:59,1,0
N,PROPERTY DAMAGE ONLY,\N,N,2022,MONDAY,REAR END,N,N,50.034111,-125.27494,Y,JULY,N,CAMPBELL RIVER,CAMPBELL RIVER,CAMPBELL RIVER,N,Y,N,VANCOUVER ISLAND,ISLAND HWY # 002108 TO 002119,ISLAND HWY,ISLAND HWY,12:00-14:59,1,0
N,PROPERTY DAMAGE ONLY,\N,N,2022,MONDAY,REAR END,N,N,50.108784,-122.969949,Y,JULY,N,WHISTLER,WHISTLER,WHISTLER,Y,N,N,LOWER MAINLAND,ARBUTUS DR # 003250 TO 003289,ARBUTUS DR,ARBUTUS DR,12:00-14:59,1,0
N,PROPERTY DAMAGE ONLY,\N,N,2022,MONDAY,REAR END,N,N,50.282967,-119.253553,Y,JULY,N,VERNON,VERNON,VERNON,N,Y,N,SOUTHERN INTERIOR,PLEASANT VALLEY RD # 004800 TO 005099,PLEASANT VALLEY RD,PLEASANT VALLEY RD,12:00-14:59,1,0
N,PROPERTY DAMAGE ONLY,\N,N,2022,MONDAY,REAR END,N,N,50.690151,-121.92033,Y,JULY,N,LILLOOET,LILLOOET,LILLOOET,Y,Y,N,SOUTHERN INTERIOR,HWY 99 N # 001822 TO 001881,HWY 99,HWY 99,12:00-14:59,1,0
N,PROPERTY DAMAGE ONLY,\N,N,2022,MONDAY,REAR END,N,N,51.64802,-121.296285,Y,JULY,N,100 MILE HOUSE,100 MILE HOUSE,100 MILE HOUSE,Y,Y,N,NORTH CENTRAL,HWY 97 # 000088 TO 000095,HWY 97,HWY 97,12:00-14:59,1,0
N,PROPERTY DAMAGE ONLY,\N,N,2022,MONDAY,REAR END,N,N,53.252823,-132.070747,Y,JULY,N,DAAJING GIIDS,DAAJING GIIDS,DAAJING GIIDS,Y,Y,N,NORTH CENTRAL,CAUSEWAY ST # 000100 TO 000199,CAUSEWAY ST,CAUSEWAY ST,12:00-14:59,1,0
N,PROPERTY DAMAGE ONLY,\N,N,2022,MONDAY,REAR END,N,N,53.892602,-122.76399,Y,JULY,N,PRINCE GEORGE,PRINCE GEORGE,PRINCE GEORGE,Y,N,N,NORTH CENTRAL,MCKENZIE AVE # 000110 TO 000199,MCKENZIE AVE,MCKENZIE AVE,12:00-14:59,1,0
N,PROPERTY DAMAGE ONLY,\N,N,2022,MONDAY,REAR END,Y,N,\N,\N,N,JULY,N,DELTA,DELTA,\N,N,N,N,LOWER MAINLAND,UNKNOWN,UNKNOWN,UNKNOWN,12:00-14:59,1,0
N,PROPERTY DAMAGE ONLY,\N,N,2022,MONDAY,REAR END,Y,N,49.235101,-122.868686,Y,JULY,N,COQUITLAM,COQUITLAM,COQUITLAM,Y,Y,N,LOWER MAINLAND,WOOLRIDGE ST # 000110 TO 000129,WOOLRIDGE ST,WOOLRIDGE ST,12:00-14:59,1,0
N,PROPERTY DAMAGE ONLY,\N,N,2022,MONDAY,REAR TO REAR,N,N,\N,\N,N,JULY,N,MAPLE RIDGE,MAPLE RIDGE,\N,N,Y,N,LOWER MAINLAND,UNKNOWN,LOUGHEED HWY,LOUGHEED HWY,12:00-14:59,1,0
N,PROPERTY DAMAGE ONLY,\N,N,2022,MONDAY,REAR TO REAR,N,N,49.049314,-122.737959,Y,JULY,N,SURREY,SURREY,SURREY,Y,N,N,LOWER MAINLAND,26 AVE # 017400 TO 017599,26 AVE,26 AVE,12:00-14:59,1,0
N,PROPERTY DAMAGE ONLY,\N,N,2022,MONDAY,REAR TO REAR,N,N,49.094763,-116.507608,Y,JULY,N,CRESTON,CRESTON,CRESTON,N,Y,N,SOUTHERN INTERIOR,COOK ST # 001500 TO 001549,COOK ST,COOK ST,12:00-14:59,1,0
N,PROPERTY DAMAGE ONLY,\N,N,2022,MONDAY,REAR TO REAR,N,N,49.12939,-123.095819,Y,JULY,N,RICHMOND,RICHMOND,RICHMOND,Y,Y,N,LOWER MAINLAND,HORSESHOE WAY # 011122 TO 011498 even,HORSESHOE WAY,HORSESHOE WAY,12:00-14:59,1,0
N,PROPERTY DAMAGE ONLY,\N,N,2022,MONDAY,REAR TO REAR,N,N,49.161914,-122.88731,Y,JULY,N,SURREY,SURREY,SURREY,N,Y,N,LOWER MAINLAND,NORDEL WAY # 012000 TO 012198 even,NORDEL WAY,NORDEL WAY,12:00-14:59,1,0
N,PROPERTY DAMAGE ONLY,\N,N,2022,MONDAY,REAR TO REAR,N,N,49.274413,-122.792884,Y,JULY,N,COQUITLAM,COQUITLAM,COQUITLAM,Y,Y,N,LOWER MAINLAND,LOUGHEED HWY # 002988 TO 003098 even,LOUGHEED HWY,LOUGHEED HWY,12:00-14:59,1,0
N,PROPERTY DAMAGE ONLY,\N,N,2022,MONDAY,REAR TO REAR,N,N,49.284776,-123.029597,Y,JULY,N,VANCOUVER,VANCOUVER,VANCOUVER,N,N,N,LOWER MAINLAND,DUNDAS ST # 003400 TO 003499,DUNDAS ST,DUNDAS ST,12:00-14:59,1,0
N,PROPERTY DAMAGE ONLY,\N,N,2022,MONDAY,REAR TO REAR,N,N,49.702298,-124.982861,Y,JULY,N,COURTENAY,COURTENAY,COURTENAY,Y,Y,N,VANCOUVER ISLAND,CENTENNIAL DR # 000120 TO 000249,CENTENNIAL DR,CENTENNIAL DR,12:00-14:59,1,0
N,PROPERTY DAMAGE ONLY,\N,N,2022,MONDAY,REAR TO REAR,N,N,49.845117,-119.480403,Y,JULY,N,KELOWNA,KELOWNA,KELOWNA,N,Y,N,SOUTHERN INTERIOR,GORDON DR # 003800 TO 003819,GORDON DR,GORDON DR,12:00-14:59,1,0
N,PROPERTY DAMAGE ONLY,\N,N,2022,MONDAY,REAR TO REAR,N,N,49.877023,-119.456373,Y,JULY,N,KELOWNA,KELOWNA,KELOWNA,N,Y,N,SOUTHERN INTERIOR,SPRINGFIELD RD # 001751 TO 001899,SPRINGFIELD RD,SPRINGFIELD RD,12:00-14:59,1,0
N,PROPERTY DAMAGE ONLY,\N,N,2022,MONDAY,REAR TO REAR,N,N,50.026278,-125.24775700000001,Y,JULY,N,CAMPBELL RIVER,CAMPBELL RIVER,CAMPBELL RIVER,Y,Y,N,VANCOUVER ISLAND,11TH AVE # 000500 TO 000639,11TH AVE,11TH AVE,12:00-14:59,1,0
N,PROPERTY DAMAGE ONLY,\N,N,2022,MONDAY,REAR TO REAR,N,N,50.033818,-125.250304,Y,JULY,N,CAMPBELL RIVER,CAMPBELL RIVER,CAMPBELL RIVER,Y,Y,N,VANCOUVER ISLAND,ISLAND HWY # 001382 TO 001444 even,ISLAND HWY,ISLAND HWY,12:00-14:59,1,0
N,PROPERTY DAMAGE ONLY,\N,N,2022,MONDAY,REAR TO REAR,N,N,50.665442,-120.372747,Y,JULY,N,KAMLOOPS,KAMLOOPS,KAMLOOPS,N,Y,N,SOUTHERN INTERIOR,HILLSIDE DR # 001018 TO 001058 even,HILLSIDE DR,HILLSIDE DR,12:00-14:59,1,0
N,PROPERTY DAMAGE ONLY,\N,N,2022,MONDAY,REAR TO REAR,N,N,53.991424,-122.795973,Y,JULY,N,PRINCE GEORGE,PRINCE GEORGE,PRINCE GEORGE,Y,N,N,NORTH CENTRAL,RICHET ST # 003800 TO 004399,RICHET ST,RICHET ST,12:00-14:59,1,0
N,PROPERTY DAMAGE ONLY,\N,N,2022,MONDAY,SIDE IMPACT,N,N,\N,\N,N,JULY,N,CHILLIWACK,CHILLIWACK,\N,N,N,N,LOWER MAINLAND,UNKNOWN,LUCKAKUCK WAY,LUCKAKUCK WAY,12:00-14:59,1,0
N,PROPERTY DAMAGE ONLY,\N,N,2022,MONDAY,SIDE IMPACT,N,N,\N,\N,N,JULY,N,CHILLIWACK,CHILLIWACK,\N,Y,Y,N,LOWER MAINLAND,UNKNOWN,VEDDER PARK TRAIL PARKING LOT,VEDDER PARK TRAIL PARKING LOT,12:00-14:59,1,0
N,PROPERTY DAMAGE ONLY,\N,N,2022,MONDAY,SIDE IMPACT,N,N,\N,\N,N,JULY,N,COQUITLAM,COQUITLAM,\N,Y,N,N,LOWER MAINLAND,UNKNOWN,SPRICE AVENUE,SPRICE AVENUE,12:00-14:59,1,0
N,PROPERTY DAMAGE ONLY,\N,N,2022,MONDAY,SIDE IMPACT,N,N,\N,\N,N,JULY,N,DEASE LAKE,DEASE LAKE,\N,Y,Y,N,NORTH CENTRAL,UNKNOWN,DEACONS ST,DEACONS ST,12:00-14:59,1,0
N,PROPERTY DAMAGE ONLY,\N,N,2022,MONDAY,SIDE IMPACT,N,N,\N,\N,N,JULY,N,LAC LE JEUNE,LAC LE JEUNE,\N,Y,Y,N,SOUTHERN INTERIOR,UNKNOWN,MEADOW CREEK RD,MEADOW CREEK RD,12:00-14:59,1,0
N,PROPERTY DAMAGE ONLY,\N,N,2022,MONDAY,SIDE IMPACT,N,N,\N,\N,N,JULY,N,MAPLE RIDGE,MAPLE RIDGE,\N,N,N,N,LOWER MAINLAND,UNKNOWN,LOUGHEED HWY,LOUGHEED HWY,12:00-14:59,1,0
N,PROPERTY DAMAGE ONLY,\N,N,2022,MONDAY,SIDE IMPACT,N,N,\N,\N,N,JULY,N,NANAIMO,NANAIMO,\N,N,N,N,VANCOUVER ISLAND,UNKNOWN,GROVELAND DRIVE,GROVELAND DRIVE,12:00-14:59,1,0
N,PROPERTY DAMAGE ONLY,\N,N,2022,MONDAY,SIDE IMPACT,N,N,\N,\N,N,JULY,N,NORTH VANCOUVER,NORTH VANCOUVER,\N,Y,N,N,LOWER MAINLAND,UNKNOWN,FELL AVE,FELL AVE,12:00-14:59,1,0
N,PROPERTY DAMAGE ONLY,\N,N,2022,MONDAY,SIDE IMPACT,N,N,\N,\N,N,JULY,N,QUESNEL,QUESNEL,\N,N,N,N,NORTH CENTRAL,UNKNOWN,HWY 97,HWY 97,12:00-14:59,1,0
N,PROPERTY DAMAGE ONLY,\N,N,2022,MONDAY,SIDE IMPACT,N,N,\N,\N,N,JULY,N,REVELSTOKE,REVELSTOKE,\N,Y,N,N,SOUTHERN INTERIOR,UNKNOWN,HWY 23 N,HWY 23 N,12:00-14:59,1,0
N,PROPERTY DAMAGE ONLY,\N,N,2022,MONDAY,SIDE IMPACT,N,N,\N,\N,N,JULY,N,SOOKE,SOOKE,\N,N,N,N,VANCOUVER ISLAND,UNKNOWN,SOOKE RIVER RD,SOOKE RIVER RD,12:00-14:59,1,0
N,PROPERTY DAMAGE ONLY,\N,N,2022,MONDAY,SIDE IMPACT,N,N,\N,\N,N,JULY,N,SURREY,SURREY,\N,Y,N,N,LOWER MAINLAND,UNKNOWN,UNKNOWN,UNKNOWN,12:00-14:59,2,0
N,PROPERTY DAMAGE ONLY,\N,N,2022,MONDAY,SIDE IMPACT,N,N,\N,\N,N,JULY,N,TRAIL,TRAIL,\N,N,N,N,SOUTHERN INTERIOR,UNKNOWN,HWY 22A,HWY 22A,12:00-14:59,1,0
N,PROPERTY DAMAGE ONLY,\N,N,2022,MONDAY,SIDE IMPACT,N,N,\N,\N,N,JULY,N,VANCOUVER,VANCOUVER,\N,Y,N,N,LOWER MAINLAND,UNKNOWN,TYNE STREET,TYNE STREET,12:00-14:59,1,0
N,PROPERTY DAMAGE ONLY,\N,N,2022,MONDAY,SIDE IMPACT,N,N,\N,\N,N,JULY,N,VANCOUVER,VANCOUVER,\N,Y,Y,N,LOWER MAINLAND,UNKNOWN,LARKIN DR,LARKIN DR,12:00-14:59,1,0
N,PROPERTY DAMAGE ONLY,\N,N,2022,MONDAY,SIDE IMPACT,N,N,\N,\N,N,JULY,N,VICTORIA,VICTORIA,\N,Y,Y,N,VANCOUVER ISLAND,UNKNOWN,BLANSHARD ST,BLANSHARD ST,12:00-14:59,1,0
N,PROPERTY DAMAGE ONLY,\N,N,2022,MONDAY,SIDE IMPACT,N,N,\N,\N,N,JULY,Y,AGASSIZ,AGASSIZ,\N,Y,N,N,LOWER MAINLAND,UNKNOWN,HWY 9,HWY 9,12:00-14:59,1,0
N,PROPERTY DAMAGE ONLY,\N,N,2022,MONDAY,SIDE IMPACT,N,N,48.395105,-123.627881,Y,JULY,N,SOOKE,SOOKE,SOOKE,Y,Y,N,VANCOUVER ISLAND,SOOKE RD # 005121 TO 005129,SOOKE RD,SOOKE RD,12:00-14:59,1,0
N,PROPERTY DAMAGE ONLY,\N,N,2022,MONDAY,SIDE IMPACT,N,N,48.421852,-123.365622,Y,JULY,N,VICTORIA,VICTORIA,VICTORIA,Y,N,N,VANCOUVER ISLAND,HUMBOLDT ST # 000700 TO 000739,HUMBOLDT ST,HUMBOLDT ST,12:00-14:59,1,0
N,PROPERTY DAMAGE ONLY,\N,N,2022,MONDAY,SIDE IMPACT,N,N,48.423638,-123.363796,Y,JULY,N,VICTORIA,VICTORIA,VICTORIA,N,N,N,VANCOUVER ISLAND,BROUGHTON ST # 000722 TO 000799,BROUGHTON ST,BROUGHTON ST,12:00-14:59,1,0
N,PROPERTY DAMAGE ONLY,\N,N,2022,MONDAY,SIDE IMPACT,N,N,48.431736,-123.379113,Y,JULY,N,VICTORIA,VICTORIA,VICTORIA,N,Y,N,VANCOUVER ISLAND,TYEE RD # 000386 TO 000449,TYEE RD,TYEE RD,12:00-14:59,1,0
N,PROPERTY DAMAGE ONLY,\N,N,2022,MONDAY,SIDE IMPACT,N,N,48.44164,-123.510888,Y,JULY,N,LANGFORD,LANGFORD,LANGFORD,Y,Y,N,VANCOUVER ISLAND,JACKLIN RD # 002937 TO 002979,JACKLIN RD,JACKLIN RD,12:00-14:59,1,0
N,PROPERTY DAMAGE ONLY,\N,N,2022,MONDAY,SIDE IMPACT,N,N,48.527086,-123.367777,Y,JULY,N,SAANICH,SAANICH,SAANICH,Y,N,N,VANCOUVER ISLAND,FENN AVE # 001000 TO 001029,FENN AVE,FENN AVE,12:00-14:59,1,0
N,PROPERTY DAMAGE ONLY,\N,N,2022,MONDAY,SIDE IMPACT,N,N,48.663992,-123.410165,Y,JULY,N,SIDNEY,SIDNEY,SIDNEY,Y,N,N,VANCOUVER ISLAND,BOWERBANK RD # 010350 TO 010399,BOWERBANK RD,BOWERBANK RD,12:00-14:59,1,0
N,PROPERTY DAMAGE ONLY,\N,N,2022,MONDAY,SIDE IMPACT,N,N,48.690935,-123.451164,Y,JULY,N,NORTH SAANICH,NORTH SAANICH,NORTH SAANICH,Y,N,N,VANCOUVER ISLAND,HIGHVIEW PL # 001120 TO 001129,HIGHVIEW PL,HIGHVIEW PL,12:00-14:59,1,0
N,PROPERTY DAMAGE ONLY,\N,N,2022,MONDAY,SIDE IMPACT,N,N,48.881216,-123.355611,Y,JULY,N,GALIANO ISLAND,GALIANO ISLAND,GALIANO ISLAND,N,N,N,VANCOUVER ISLAND,MONTAGUE RD # 000000 TO 000737,MONTAGUE RD,MONTAGUE RD,12:00-14:59,1,0
N,PROPERTY DAMAGE ONLY,\N,N,2022,MONDAY,SIDE IMPACT,N,N,49.031413,-119.463262,Y,JULY,N,OSOYOOS,OSOYOOS,OSOYOOS,N,Y,N,SOUTHERN INTERIOR,MAIN ST # 008130 TO 008139,MAIN ST,MAIN ST,12:00-14:59,1,0
N,PROPERTY DAMAGE ONLY,\N,N,2022,MONDAY,SIDE IMPACT,N,N,49.033744,-119.474643,Y,JULY,N,OSOYOOS,OSOYOOS,OSOYOOS,Y,Y,N,SOUTHERN INTERIOR,EAGLE CRT # 000010 TO 000019,EAGLE CRT,EAGLE CRT,12:00-14:59,1,0
N,PROPERTY DAMAGE ONLY,\N,N,2022,MONDAY,SIDE IMPACT,N,N,49.035875,-122.271713,Y,JULY,N,ABBOTSFORD,ABBOTSFORD,ABBOTSFORD,Y,Y,N,LOWER MAINLAND,VEDDER WAY # 001700 TO 001999,VEDDER WAY,VEDDER WAY,12:00-14:59,1,0
N,PROPERTY DAMAGE ONLY,\N,N,2022,MONDAY,SIDE IMPACT,N,N,49.038481,-122.842216,Y,JULY,N,SURREY,SURREY,SURREY,Y,Y,N,LOWER MAINLAND,20 AVE # 013706 TO 013749,20 AVE,20 AVE,12:00-14:59,1,0
N,PROPERTY DAMAGE ONLY,\N,N,2022,MONDAY,SIDE IMPACT,N,N,49.055245,-122.319127,Y,JULY,N,ABBOTSFORD,ABBOTSFORD,ABBOTSFORD,N,Y,N,LOWER MAINLAND,GEORGE FERGUSON WAY # 032590 TO 032759,GEORGE FERGUSON WAY,GEORGE FERGUSON WAY,12:00-14:59,1,0
N,PROPERTY DAMAGE ONLY,\N,N,2022,MONDAY,SIDE IMPACT,N,N,49.056663,-122.758665,Y,JULY,N,SURREY,SURREY,SURREY,Y,N,N,LOWER MAINLAND,MCNAIR DR # 016700 TO 016759,MCNAIR DR,MCNAIR DR,12:00-14:59,1,0
N,PROPERTY DAMAGE ONLY,\N,N,2022,MONDAY,SIDE IMPACT,N,N,49.095379,-117.708628,Y,JULY,N,TRAIL,TRAIL,TRAIL,Y,Y,N,SOUTHERN INTERIOR,CEDAR AVE # 001300 TO 001399,CEDAR AVE,CEDAR AVE,12:00-14:59,1,0
N,PROPERTY DAMAGE ONLY,\N,N,2022,MONDAY,SIDE IMPACT,N,N,49.104142,-122.732679,Y,JULY,N,SURREY,SURREY,SURREY,Y,Y,N,LOWER MAINLAND,56 AVE # 017650 TO 017728 even,56 AVE,56 AVE,12:00-14:59,1,0
N,PROPERTY DAMAGE ONLY,\N,N,2022,MONDAY,SIDE IMPACT,N,N,49.104585,-122.641445,Y,JULY,N,LANGLEY,LANGLEY,LANGLEY,N,Y,N,LOWER MAINLAND,56 AVE # 020901 TO 021049,56 AVE,56 AVE,12:00-14:59,1,0
N,PROPERTY DAMAGE ONLY,\N,N,2022,MONDAY,SIDE IMPACT,N,N,49.113637,-117.55424,Y,JULY,N,FRUITVALE,FRUITVALE,FRUITVALE,Y,N,N,SOUTHERN INTERIOR,FOURTH ST # 001830 TO 001851,4TH ST,4TH ST,12:00-14:59,1,0
N,PROPERTY DAMAGE ONLY,\N,N,2022,MONDAY,SIDE IMPACT,N,N,49.122524,-122.70429,Y,JULY,N,SURREY,SURREY,SURREY,N,N,N,LOWER MAINLAND,66 AVE # 018701 TO 018708,66 AVE,66 AVE,12:00-14:59,1,0
N,PROPERTY DAMAGE ONLY,\N,N,2022,MONDAY,SIDE IMPACT,N,N,49.133487,-123.126163,Y,JULY,N,RICHMOND,RICHMOND,RICHMOND,Y,Y,N,LOWER MAINLAND,STEVESTON HWY # 008452 TO 009299,STEVESTON HWY,STEVESTON HWY,12:00-14:59,1,0
N,PROPERTY DAMAGE ONLY,\N,N,2022,MONDAY,SIDE IMPACT,N,N,49.135796,-122.845496,Y,JULY,N,SURREY,SURREY,SURREY,N,Y,N,LOWER MAINLAND,KING GEORGE BLVD # 007300 TO 007388 even,KING GEORGE BLVD,KING GEORGE BLVD,12:00-14:59,1,0
N,PROPERTY DAMAGE ONLY,\N,N,2022,MONDAY,SIDE IMPACT,N,N,49.139015,-122.845708,Y,JULY,N,SURREY,SURREY,SURREY,N,Y,N,LOWER MAINLAND,KING GEORGE BLVD # 007401 TO 007599 odd,KING GEORGE BLVD,KING GEORGE BLVD,12:00-14:59,1,0
N,PROPERTY DAMAGE ONLY,\N,N,2022,MONDAY,SIDE IMPACT,N,N,49.143337,-121.957745,Y,JULY,N,CHILLIWACK,CHILLIWACK,CHILLIWACK,Y,Y,N,LOWER MAINLAND,LUCKAKUCK WAY # 045700 TO 045939,LUCKAKUCK WAY,LUCKAKUCK WAY,12:00-14:59,1,0
N,PROPERTY DAMAGE ONLY,\N,N,2022,MONDAY,SIDE IMPACT,N,N,49.14643,-122.918838,Y,JULY,N,DELTA,DELTA,DELTA,Y,Y,N,LOWER MAINLAND,110 ST # 007800 TO 007959,110 ST,110 ST,12:00-14:59,1,0
N,PROPERTY DAMAGE ONLY,\N,N,2022,MONDAY,SIDE IMPACT,N,N,49.151861,-121.977356,Y,JULY,N,CHILLIWACK,CHILLIWACK,CHILLIWACK,Y,Y,N,LOWER MAINLAND,EAGLE LANDING PKY # 008208 TO 008261,EAGLE LANDING PKY,EAGLE LANDING PKY,12:00-14:59,1,0
N,PROPERTY DAMAGE ONLY,\N,N,2022,MONDAY,SIDE IMPACT,N,N,49.152801,-122.867944,Y,JULY,N,SURREY,SURREY,SURREY,Y,Y,N,LOWER MAINLAND,128 ST # 008100 TO 008398 even,128 ST,128 ST,12:00-14:59,1,0
N,PROPERTY DAMAGE ONLY,\N,N,2022,MONDAY,SIDE IMPACT,N,N,49.161964,-123.175602,Y,JULY,N,RICHMOND,RICHMOND,RICHMOND,Y,N,N,LOWER MAINLAND,CABOT DR # 004297 TO 004759,CABOT DR,CABOT DR,12:00-14:59,1,0
N,PROPERTY DAMAGE ONLY,\N,N,2022,MONDAY,SIDE IMPACT,N,N,49.163701,-123.934537,Y,JULY,N,NANAIMO,NANAIMO,NANAIMO,N,Y,N,VANCOUVER ISLAND,TERMINAL AVE # 000628 TO 000651,TERMINAL AVE,TERMINAL AVE,12:00-14:59,1,0
N,PROPERTY DAMAGE ONLY,\N,N,2022,MONDAY,SIDE IMPACT,N,N,49.16469,-122.786194,Y,JULY,N,SURREY,SURREY,SURREY,Y,N,N,LOWER MAINLAND,89 AVE # 015720 TO 015749,89 AVE,89 AVE,12:00-14:59,1,0
N,PROPERTY DAMAGE ONLY,\N,N,2022,MONDAY,SIDE IMPACT,N,N,49.165613,-123.136632,Y,JULY,N,RICHMOND,RICHMOND,RICHMOND,Y,Y,N,LOWER MAINLAND,NO 3 RD # 006401 TO 006799 odd,NO 3 RD,NO 3 RD,12:00-14:59,1,0
N,PROPERTY DAMAGE ONLY,\N,N,2022,MONDAY,SIDE IMPACT,N,N,49.166133,-122.635726,Y,JULY,N,LANGLEY,LANGLEY,LANGLEY,N,Y,N,LOWER MAINLAND,WALNUT GROVE DR # 009008 TO 009041,WALNUT GROVE DR,WALNUT GROVE DR,12:00-14:59,1,0
N,PROPERTY DAMAGE ONLY,\N,N,2022,MONDAY,SIDE IMPACT,N,N,49.170241,-123.133994,Y,JULY,N,RICHMOND,RICHMOND,RICHMOND,N,Y,N,LOWER MAINLAND,WESTMINSTER HWY # 008001 TO 008399 odd,WESTMINSTER HWY,WESTMINSTER HWY,12:00-14:59,1,0
N,PROPERTY DAMAGE ONLY,\N,N,2022,MONDAY,SIDE IMPACT,N,N,49.173565,-123.076607,Y,JULY,N,RICHMOND,RICHMOND,RICHMOND,Y,Y,N,LOWER MAINLAND,PARKWOOD CRES # 005600 TO 005680 even,PARKWOOD CRES,PARKWOOD CRES,12:00-14:59,1,0
N,PROPERTY DAMAGE ONLY,\N,N,2022,MONDAY,SIDE IMPACT,N,N,49.173916,-123.077952,Y,JULY,N,RICHMOND,RICHMOND,RICHMOND,Y,Y,N,LOWER MAINLAND,PARKWOOD WAY # 005560 TO 005690,PARKWOOD WAY,PARKWOOD WAY,12:00-14:59,1,0
N,PROPERTY DAMAGE ONLY,\N,N,2022,MONDAY,SIDE IMPACT,N,N,49.174289,-122.455552,Y,JULY,N,MAPLE RIDGE,MAPLE RIDGE,MAPLE RIDGE,Y,N,N,LOWER MAINLAND,LOUGHEED HWY # 027274 TO 028099,LOUGHEED HWY,LOUGHEED HWY,12:00-14:59,1,0
N,PROPERTY DAMAGE ONLY,\N,N,2022,MONDAY,SIDE IMPACT,N,N,49.184579,-123.10181,Y,JULY,N,RICHMOND,RICHMOND,RICHMOND,Y,N,N,LOWER MAINLAND,CAMBIE RD # 011000 TO 011149,CAMBIE RD,CAMBIE RD,12:00-14:59,1,0
N,PROPERTY DAMAGE ONLY,\N,N,2022,MONDAY,SIDE IMPACT,N,N,49.187003,-122.845527,Y,JULY,N,SURREY,SURREY,SURREY,N,Y,N,LOWER MAINLAND,KING GEORGE BLVD # 010153 TO 010199 odd,KING GEORGE BLVD,KING GEORGE BLVD,12:00-14:59,1,0
N,PROPERTY DAMAGE ONLY,\N,N,2022,MONDAY,SIDE IMPACT,N,N,49.187889,-122.798084,Y,JULY,N,SURREY,SURREY,SURREY,Y,Y,N,LOWER MAINLAND,153 ST # 010150 TO 010249,153 ST,153 ST,12:00-14:59,1,0
N,PROPERTY DAMAGE ONLY,\N,N,2022,MONDAY,SIDE IMPACT,N,N,49.192014,-123.122024,Y,JULY,N,RICHMOND,RICHMOND,RICHMOND,N,Y,N,LOWER MAINLAND,BRIDGEPORT RD # 009088 TO 009299,BRIDGEPORT RD,BRIDGEPORT RD,12:00-14:59,1,0
N,PROPERTY DAMAGE ONLY,\N,N,2022,MONDAY,SIDE IMPACT,N,N,49.205947,-123.042298,Y,JULY,N,VANCOUVER,VANCOUVER,VANCOUVER,N,Y,N,LOWER MAINLAND,KERR ST # 008600 TO 008699,KERR ST,KERR ST,12:00-14:59,1,0
N,PROPERTY DAMAGE ONLY,\N,N,2022,MONDAY,SIDE IMPACT,N,N,49.207995,-123.122118,Y,JULY,N,VANCOUVER,VANCOUVER,VANCOUVER,Y,Y,N,LOWER MAINLAND,SW MARINE DR # 000700 TO 000752 even,SW MARINE DR,SW MARINE DR,12:00-14:59,1,0
N,PROPERTY DAMAGE ONLY,\N,N,2022,MONDAY,SIDE IMPACT,N,N,49.210462,-123.116122,Y,JULY,N,VANCOUVER,VANCOUVER,VANCOUVER,Y,Y,N,LOWER MAINLAND,SW MARINE DR # 000400 TO 000498 even,SW MARINE DR,SW MARINE DR,12:00-14:59,1,0
N,PROPERTY DAMAGE ONLY,\N,N,2022,MONDAY,SIDE IMPACT,N,N,49.22573,-122.892885,Y,JULY,N,NEW WESTMINSTER,NEW WESTMINSTER,NEW WESTMINSTER,Y,Y,N,LOWER MAINLAND,E COLUMBIA ST # 000300 TO 000308,E COLUMBIA ST,E COLUMBIA ST,12:00-14:59,1,0
N,PROPERTY DAMAGE ONLY,\N,N,2022,MONDAY,SIDE IMPACT,N,N,49.229551,-122.945243,Y,JULY,N,BURNABY,BURNABY,BURNABY,N,N,N,LOWER MAINLAND,MAYFIELD ST # 007720 TO 007819,MAYFIELD ST,MAYFIELD ST,12:00-14:59,1,0
N,PROPERTY DAMAGE ONLY,\N,N,2022,MONDAY,SIDE IMPACT,N,N,49.229897,-123.003852,Y,JULY,N,BURNABY,BURNABY,BURNABY,Y,Y,N,LOWER MAINLAND,KINGSWAY # 004500 TO 004555,KINGSWAY,KINGSWAY,12:00-14:59,1,0
N,PROPERTY DAMAGE ONLY,\N,N,2022,MONDAY,SIDE IMPACT,N,N,49.234641,-123.159219,Y,JULY,N,VANCOUVER,VANCOUVER,VANCOUVER,Y,Y,N,LOWER MAINLAND,W 41ST AVE # 002200 TO 002303,W 41ST AVE,W 41ST AVE,12:00-14:59,1,0
N,PROPERTY DAMAGE ONLY,\N,N,2022,MONDAY,SIDE IMPACT,N,N,49.239209,-124.054568,Y,JULY,N,NANAIMO,NANAIMO,NANAIMO,N,Y,N,VANCOUVER ISLAND,MARY ELLEN DR # 006680 TO 006699,MARY ELLEN DR,MARY ELLEN DR,12:00-14:59,1,0
N,PROPERTY DAMAGE ONLY,\N,N,2022,MONDAY,SIDE IMPACT,N,N,49.239868,-124.075925,Y,JULY,N,LANTZVILLE,LANTZVILLE,LANTZVILLE,Y,N,N,VANCOUVER ISLAND,HASE PL # 007180 TO 007230,HASE PL,HASE PL,12:00-14:59,1,0
N,PROPERTY DAMAGE ONLY,\N,N,2022,MONDAY,SIDE IMPACT,N,N,49.243414,-122.762353,Y,JULY,N,PORT COQUITLAM,PORT COQUITLAM,PORT COQUITLAM,Y,Y,N,LOWER MAINLAND,BROADWAY ST # 001500 TO 001649,BROADWAY ST,BROADWAY ST,12:00-14:59,1,0
N,PROPERTY DAMAGE ONLY,\N,N,2022,MONDAY,SIDE IMPACT,N,N,49.255772,-123.111138,Y,JULY,N,VANCOUVER,VANCOUVER,VANCOUVER,Y,N,N,LOWER MAINLAND,W 17TH AVE # 000200 TO 000399,W 17TH AVE,W 17TH AVE,12:00-14:59,1,0
N,PROPERTY DAMAGE ONLY,\N,N,2022,MONDAY,SIDE IMPACT,N,N,49.261809,-123.002392,Y,JULY,N,BURNABY,BURNABY,BURNABY,N,Y,N,LOWER MAINLAND,STILL CREEK DR # 004500 TO 004599,STILL CREEK DR,STILL CREEK DR,12:00-14:59,1,0
N,PROPERTY DAMAGE ONLY,\N,N,2022,MONDAY,SIDE IMPACT,N,N,49.263415,-122.984011,Y,JULY,N,BURNABY,BURNABY,BURNABY,Y,Y,N,LOWER MAINLAND,GORING ST # 005300 TO 005699,GORING ST,GORING ST,12:00-14:59,1,0
N,PROPERTY DAMAGE ONLY,\N,N,2022,MONDAY,SIDE IMPACT,N,N,49.263917,-123.018876,Y,JULY,N,BURNABY,BURNABY,BURNABY,Y,Y,N,LOWER MAINLAND,HENNING DR # 003700 TO 004099,HENNING DR,HENNING DR,12:00-14:59,1,0
N,PROPERTY DAMAGE ONLY,\N,N,2022,MONDAY,SIDE IMPACT,N,N,49.265217,-122.784177,Y,JULY,N,PORT COQUITLAM,PORT COQUITLAM,PORT COQUITLAM,Y,N,N,LOWER MAINLAND,GATELY AVE # 002400 TO 002469,GATELY AVE,GATELY AVE,12:00-14:59,1,0
N,PROPERTY DAMAGE ONLY,\N,N,2022,MONDAY,SIDE IMPACT,N,N,49.268179,-123.185707,Y,JULY,N,VANCOUVER,VANCOUVER,VANCOUVER,N,Y,N,LOWER MAINLAND,ALMA ST # 002000 TO 002099,ALMA ST,ALMA ST,12:00-14:59,1,0
N,PROPERTY DAMAGE ONLY,\N,N,2022,MONDAY,SIDE IMPACT,N,N,49.272098,-123.020686,Y,JULY,N,BURNABY,BURNABY,BURNABY,Y,Y,N,LOWER MAINLAND,KITCHENER ST # 003732 TO 003899,KITCHENER ST,KITCHENER ST,12:00-14:59,1,0
N,PROPERTY DAMAGE ONLY,\N,N,2022,MONDAY,SIDE IMPACT,N,N,49.274413,-122.792884,Y,JULY,N,COQUITLAM,COQUITLAM,COQUITLAM,N,Y,N,LOWER MAINLAND,LOUGHEED HWY # 002988 TO 003098 even,LOUGHEED HWY,LOUGHEED HWY,12:00-14:59,1,0
N,PROPERTY DAMAGE ONLY,\N,N,2022,MONDAY,SIDE IMPACT,N,N,49.277063,-122.800243,Y,JULY,N,COQUITLAM,COQUITLAM,COQUITLAM,N,Y,N,LOWER MAINLAND,BARNET HWY # 002901 TO 002929 odd,BARNET HWY,BARNET HWY,12:00-14:59,1,0
N,PROPERTY DAMAGE ONLY,\N,N,2022,MONDAY,SIDE IMPACT,N,N,49.281045,-123.012783,Y,JULY,N,BURNABY,BURNABY,BURNABY,N,Y,N,LOWER MAINLAND,HASTINGS ST # 004100 TO 004199,HASTINGS ST,HASTINGS ST,12:00-14:59,1,0
N,PROPERTY DAMAGE ONLY,\N,N,2022,MONDAY,SIDE IMPACT,N,N,49.305535,-124.42366,Y,JULY,N,COOMBS,COOMBS,COOMBS,N,Y,N,VANCOUVER ISLAND,ALBERNI HWY # 002312 TO 002329,ALBERNI HWY,ALBERNI HWY,12:00-14:59,1,0
N,PROPERTY DAMAGE ONLY,\N,N,2022,MONDAY,SIDE IMPACT,N,N,49.30789,-124.309367,Y,JULY,N,PARKSVILLE,PARKSVILLE,PARKSVILLE,Y,N,N,VANCOUVER ISLAND,HAMILTON AVE # 000110 TO 000199,HAMILTON AVE,HAMILTON AVE,12:00-14:59,1,0
N,PROPERTY DAMAGE ONLY,\N,N,2022,MONDAY,SIDE IMPACT,N,N,49.323885,-123.11197,Y,JULY,N,NORTH VANCOUVER,NORTH VANCOUVER,NORTH VANCOUVER,N,Y,N,LOWER MAINLAND,MARINE DR # 001300 TO 001399,MARINE DR,MARINE DR,12:00-14:59,1,0
N,PROPERTY DAMAGE ONLY,\N,N,2022,MONDAY,SIDE IMPACT,N,N,49.324125,-123.070318,Y,JULY,N,NORTH VANCOUVER,NORTH VANCOUVER,NORTH VANCOUVER,N,Y,N,LOWER MAINLAND,E 17TH ST # 000140 TO 000152,E 17TH ST,E 17TH ST,12:00-14:59,1,0
N,PROPERTY DAMAGE ONLY,\N,N,2022,MONDAY,SIDE IMPACT,N,N,49.328414,-124.340495,Y,JULY,N,PARKSVILLE,PARKSVILLE,PARKSVILLE,Y,N,N,VANCOUVER ISLAND,WEMBLEY RD # 000350 TO 000389,WEMBLEY RD,WEMBLEY RD,12:00-14:59,1,0
N,PROPERTY DAMAGE ONLY,\N,N,2022,MONDAY,SIDE IMPACT,N,N,49.347357,-123.210075,Y,JULY,N,WEST VANCOUVER,WEST VANCOUVER,WEST VANCOUVER,Y,Y,N,LOWER MAINLAND,CYPRESS PL # 003300 TO 003399,CYPRESS PL,CYPRESS PL,12:00-14:59,1,0
N,PROPERTY DAMAGE ONLY,\N,N,2022,MONDAY,SIDE IMPACT,N,N,49.448982,-119.614982,Y,JULY,N,PENTICTON,PENTICTON,PENTICTON,Y,Y,N,SOUTHERN INTERIOR,SANDHILL RD # 000151 TO 000199,SANDHILL RD,SANDHILL RD,12:00-14:59,1,0
N,PROPERTY DAMAGE ONLY,\N,N,2022,MONDAY,SIDE IMPACT,N,N,49.474078,-123.753099,Y,JULY,N,SECHELT,SECHELT,SECHELT,N,N,N,LOWER MAINLAND,SUNSHINE COAST HWY # 005611 TO 005619 odd,SUNSHINE COAST HWY,SUNSHINE COAST HWY,12:00-14:59,1,0
N,PROPERTY DAMAGE ONLY,\N,N,2022,MONDAY,SIDE IMPACT,N,N,49.507604,-115.773153,Y,JULY,N,CRANBROOK,CRANBROOK,CRANBROOK,Y,N,N,SOUTHERN INTERIOR,6TH AVE S # 000200 TO 000299,6TH AVE S,6TH AVE S,12:00-14:59,1,0
N,PROPERTY DAMAGE ONLY,\N,N,2022,MONDAY,SIDE IMPACT,N,N,49.530241,-115.753458,Y,JULY,N,CRANBROOK,CRANBROOK,CRANBROOK,Y,Y,N,SOUTHERN INTERIOR,17TH ST N # 002000 TO 002101,17TH ST N,17TH ST N,12:00-14:59,1,0
N,PROPERTY DAMAGE ONLY,\N,N,2022,MONDAY,SIDE IMPACT,N,N,49.60939,-119.683105,Y,JULY,N,SUMMERLAND,SUMMERLAND,SUMMERLAND,Y,Y,N,SOUTHERN INTERIOR,VICTORIA RD N # 014810 TO 015299,VICTORIA RD N,VICTORIA RD N,12:00-14:59,1,0
N,PROPERTY DAMAGE ONLY,\N,N,2022,MONDAY,SIDE IMPACT,N,N,49.805339000000004,-119.478039,Y,JULY,N,KELOWNA,KELOWNA,KELOWNA,Y,N,N,SOUTHERN INTERIOR,WINDSONG CRES # 005072 TO 005099,WINDSONG CRES,WINDSONG CRES,12:00-14:59,1,0
N,PROPERTY DAMAGE ONLY,\N,N,2022,MONDAY,SIDE IMPACT,N,N,49.825231,-119.587641,Y,JULY,N,WEST KELOWNA,WEST KELOWNA,WEST KELOWNA,Y,N,N,SOUTHERN INTERIOR,MILFORD RD # 003900 TO 003999,MILFORD RD,MILFORD RD,12:00-14:59,1,0
N,PROPERTY DAMAGE ONLY,\N,N,2022,MONDAY,SIDE IMPACT,N,N,50.012959,-125.247411,Y,JULY,N,CAMPBELL RIVER,CAMPBELL RIVER,CAMPBELL RIVER,N,Y,N,VANCOUVER ISLAND,DOGWOOD ST # 000200 TO 000399,DOGWOOD ST,DOGWOOD ST,12:00-14:59,1,0
N,PROPERTY DAMAGE ONLY,\N,N,2022,MONDAY,SIDE IMPACT,N,N,50.020417,-119.404207,Y,JULY,N,LAKE COUNTRY,LAKE COUNTRY,LAKE COUNTRY,N,Y,N,SOUTHERN INTERIOR,MAIN ST # 009500 TO 009529,MAIN ST,MAIN ST,12:00-14:59,1,0
N,PROPERTY DAMAGE ONLY,\N,N,2022,MONDAY,SIDE IMPACT,N,N,50.59014,-127.088366,Y,JULY,N,PORT MCNEILL,PORT MCNEILL,PORT MCNEILL,Y,Y,N,VANCOUVER ISLAND,BEACH DR # 001540 TO 001599,BEACH DR,BEACH DR,12:00-14:59,1,0
N,PROPERTY DAMAGE ONLY,\N,N,2022,MONDAY,SIDE IMPACT,N,N,50.698981,-120.360407,Y,JULY,N,KAMLOOPS,KAMLOOPS,KAMLOOPS,N,Y,N,SOUTHERN INTERIOR,FORTUNE DR # 000740 TO 000798 even,FORTUNE DR,FORTUNE DR,12:00-14:59,1,0
N,PROPERTY DAMAGE ONLY,\N,N,2022,MONDAY,SIDE IMPACT,N,N,50.701609,-120.371454,Y,JULY,N,KAMLOOPS,KAMLOOPS,KAMLOOPS,Y,N,N,SOUTHERN INTERIOR,SURREY AVE # 001100 TO 001199,SURREY AVE,SURREY AVE,12:00-14:59,1,0
N,PROPERTY DAMAGE ONLY,\N,N,2022,MONDAY,SIDE IMPACT,N,N,53.835326,-122.833408,Y,JULY,N,PRINCE GEORGE,PRINCE GEORGE,PRINCE GEORGE,N,Y,N,NORTH CENTRAL,BIRCHILL CRES # 009300 TO 009849,BIRCHILL CRES,BIRCHILL CRES,12:00-14:59,1,0
N,PROPERTY DAMAGE ONLY,\N,N,2022,MONDAY,SIDE IMPACT,N,N,53.884563,-122.772118,Y,JULY,N,PRINCE GEORGE,PRINCE GEORGE,PRINCE GEORGE,Y,Y,N,NORTH CENTRAL,RANGE RD # 002460 TO 002599,RANGE RD,RANGE RD,12:00-14:59,1,0
N,PROPERTY DAMAGE ONLY,\N,N,2022,MONDAY,SIDE IMPACT,N,N,53.916985,-122.739867,Y,JULY,N,PRINCE GEORGE,PRINCE GEORGE,PRINCE GEORGE,Y,Y,N,NORTH CENTRAL,QUEENSWAY # 000100 TO 000199,QUEENSWAY,QUEENSWAY,12:00-14:59,1,0
N,PROPERTY DAMAGE ONLY,\N,N,2022,MONDAY,SIDE IMPACT,N,N,54.018286,-124.009217,Y,JULY,N,VANDERHOOF,VANDERHOOF,VANDERHOOF,Y,Y,N,NORTH CENTRAL,BURRARD AVE # 002601 TO 002699 odd,BURRARD AVE,BURRARD AVE,12:00-14:59,1,0
N,PROPERTY DAMAGE ONLY,\N,N,2022,MONDAY,SIDE IMPACT,Y,N,\N,\N,N,JULY,N,KAMLOOPS,KAMLOOPS,\N,Y,N,N,SOUTHERN INTERIOR,UNKNOWN,GALA DR,GALA DR,12:00-14:59,1,0
N,PROPERTY DAMAGE ONLY,\N,N,2022,MONDAY,SIDE IMPACT,Y,N,\N,\N,N,JULY,N,NEW WESTMINSTER,NEW WESTMINSTER,\N,N,N,N,LOWER MAINLAND,UNKNOWN,HWY 91A,HWY 91A,12:00-14:59,1,0
N,PROPERTY DAMAGE ONLY,\N,N,2022,MONDAY,SIDE IMPACT,Y,N,49.247066,-123.171563,Y,JULY,N,VANCOUVER,VANCOUVER,VANCOUVER,Y,N,N,LOWER MAINLAND,W 28TH AVE # 002900 TO 002999,W 28TH AVE,W 28TH AVE,12:00-14:59,1,0
N,PROPERTY DAMAGE ONLY,\N,N,2022,MONDAY,SIDE SWIPE - OPPOSITE DIRECTION,N,N,49.153095,-125.908857,Y,JULY,N,TOFINO,TOFINO,TOFINO,Y,N,N,VANCOUVER ISLAND,FIRST ST # 000100 TO 000149,FIRST ST,FIRST ST,12:00-14:59,1,0
N,PROPERTY DAMAGE ONLY,\N,N,2022,MONDAY,SIDE SWIPE - OPPOSITE DIRECTION,N,N,49.15458,-123.125312,Y,JULY,N,RICHMOND,RICHMOND,RICHMOND,N,N,N,LOWER MAINLAND,GARDEN CITY RD # 008000 TO 008179,GARDEN CITY RD,GARDEN CITY RD,12:00-14:59,1,0
N,PROPERTY DAMAGE ONLY,\N,N,2022,MONDAY,SIDE SWIPE - OPPOSITE DIRECTION,N,N,49.190405,-122.853187,Y,JULY,N,SURREY,SURREY,SURREY,Y,Y,N,LOWER MAINLAND,CENTRAL AVE # 013300 TO 013359,CENTRAL AVE,CENTRAL AVE,12:00-14:59,1,0
N,PROPERTY DAMAGE ONLY,\N,N,2022,MONDAY,SIDE SWIPE - OPPOSITE DIRECTION,N,N,49.192014,-123.122024,Y,JULY,N,RICHMOND,RICHMOND,RICHMOND,Y,Y,N,LOWER MAINLAND,BRIDGEPORT RD # 009088 TO 009299,BRIDGEPORT RD,BRIDGEPORT RD,12:00-14:59,1,0
N,PROPERTY DAMAGE ONLY,\N,N,2022,MONDAY,SIDE SWIPE - SAME DIRECTION,N,N,\N,\N,N,JULY,N,KAMLOOPS,KAMLOOPS,\N,N,N,N,SOUTHERN INTERIOR,UNKNOWN,HALSTON AVE,HALSTON AVE,12:00-14:59,1,0
N,PROPERTY DAMAGE ONLY,\N,N,2022,MONDAY,SIDE SWIPE - SAME DIRECTION,N,N,\N,\N,N,JULY,N,KITWANGA,KITWANGA,\N,Y,Y,N,NORTH CENTRAL,UNKNOWN,HWY 16,HWY 16,12:00-14:59,1,0
N,PROPERTY DAMAGE ONLY,\N,N,2022,MONDAY,SIDE SWIPE - SAME DIRECTION,N,N,\N,\N,N,JULY,N,LANGLEY,LANGLEY,\N,N,N,N,LOWER MAINLAND,UNKNOWN,LANGLEY BYPASS,LANGLEY BYPASS,12:00-14:59,1,0
N,PROPERTY DAMAGE ONLY,\N,N,2022,MONDAY,SIDE SWIPE - SAME DIRECTION,N,N,49.044479,-122.779184,Y,JULY,N,SURREY,SURREY,SURREY,Y,Y,N,LOWER MAINLAND,160 ST # 002270 TO 002398 even,160 ST,160 ST,12:00-14:59,1,0
N,PROPERTY DAMAGE ONLY,\N,N,2022,MONDAY,SIDE SWIPE - SAME DIRECTION,N,N,49.095379,-117.708628,Y,JULY,N,TRAIL,TRAIL,TRAIL,N,N,N,SOUTHERN INTERIOR,CEDAR AVE # 001300 TO 001399,CEDAR AVE,CEDAR AVE,12:00-14:59,1,0
N,PROPERTY DAMAGE ONLY,\N,N,2022,MONDAY,SIDE SWIPE - SAME DIRECTION,N,N,49.137914,-123.037871,Y,JULY,N,DELTA,DELTA,DELTA,Y,Y,N,LOWER MAINLAND,MACDONALD RD # 007500 TO 007629,MACDONALD RD,MACDONALD RD,12:00-14:59,1,0
N,PROPERTY DAMAGE ONLY,\N,N,2022,MONDAY,SIDE SWIPE - SAME DIRECTION,N,N,49.183572,-123.125837,Y,JULY,N,RICHMOND,RICHMOND,RICHMOND,Y,Y,N,LOWER MAINLAND,MCKIM WAY # 008700 TO 008799,MCKIM WAY,MCKIM WAY,12:00-14:59,1,0
N,PROPERTY DAMAGE ONLY,\N,N,2022,MONDAY,SIDE SWIPE - SAME DIRECTION,N,N,49.232138,-123.162836,Y,JULY,N,VANCOUVER,VANCOUVER,VANCOUVER,Y,N,N,LOWER MAINLAND,LARCH ST # 005900 TO 006051,LARCH ST,LARCH ST,12:00-14:59,1,0
N,PROPERTY DAMAGE ONLY,\N,N,2022,MONDAY,SIDE SWIPE - SAME DIRECTION,N,N,49.261809,-123.002392,Y,JULY,N,BURNABY,BURNABY,BURNABY,N,Y,N,LOWER MAINLAND,STILL CREEK DR # 004500 TO 004599,STILL CREEK DR,STILL CREEK DR,12:00-14:59,1,0
N,PROPERTY DAMAGE ONLY,\N,N,2022,MONDAY,SIDE SWIPE - SAME DIRECTION,N,N,49.267983,-122.971425,Y,JULY,N,BURNABY,BURNABY,BURNABY,Y,N,N,LOWER MAINLAND,HALIFAX ST # 006300 TO 006499,HALIFAX ST,HALIFAX ST,12:00-14:59,1,0
N,PROPERTY DAMAGE ONLY,\N,N,2022,MONDAY,SIDE SWIPE - SAME DIRECTION,N,N,49.373875,-123.272954,Y,JULY,N,WEST VANCOUVER,WEST VANCOUVER,WEST VANCOUVER,Y,N,N,LOWER MAINLAND,KEITH RD # 006600 TO 006768,KEITH RD,KEITH RD,12:00-14:59,1,0
N,PROPERTY DAMAGE ONLY,\N,N,2022,MONDAY,SIDE SWIPE - SAME DIRECTION,N,N,49.842398,-124.528216,Y,JULY,N,POWELL RIVER,POWELL RIVER,POWELL RIVER,Y,Y,N,VANCOUVER ISLAND,MARINE AVE # 004650 TO 004699,MARINE AVE,MARINE AVE,12:00-14:59,1,0
N,PROPERTY DAMAGE ONLY,\N,N,2022,MONDAY,SIDE SWIPE - SAME DIRECTION,N,N,49.843836,-124.520695,Y,JULY,N,POWELL RIVER,POWELL RIVER,POWELL RIVER,Y,Y,N,VANCOUVER ISLAND,JOYCE AVE # 004650 TO 004798 even,JOYCE AVE,JOYCE AVE,12:00-14:59,1,0
N,PROPERTY DAMAGE ONLY,\N,N,2022,MONDAY,SIDE SWIPE - SAME DIRECTION,N,N,50.282738,-119.266716,Y,JULY,N,VERNON,VERNON,VERNON,Y,Y,N,SOUTHERN INTERIOR,27 ST # 004800 TO 004998 even,27 ST,27 ST,12:00-14:59,1,0
N,PROPERTY DAMAGE ONLY,\N,N,2022,MONDAY,SIDE SWIPE - SAME DIRECTION,N,N,50.289072,-119.260542,Y,JULY,N,VERNON,VERNON,VERNON,Y,Y,N,SOUTHERN INTERIOR,58 AVE # 002000 TO 002499,58 AVE,58 AVE,12:00-14:59,1,0
N,PROPERTY DAMAGE ONLY,\N,N,2022,MONDAY,SIDE SWIPE - SAME DIRECTION,N,N,52.113029,-122.121701,Y,JULY,N,WILLIAMS LAKE,WILLIAMS LAKE,WILLIAMS LAKE,Y,Y,N,NORTH CENTRAL,PROSPERITY WAY # 001200 TO 001259,PROSPERITY WAY,PROSPERITY WAY,12:00-14:59,1,0
N,PROPERTY DAMAGE ONLY,\N,N,2022,MONDAY,SIDE SWIPE - SAME DIRECTION,N,N,55.747342,-120.250477,Y,JULY,N,DAWSON CREEK,DAWSON CREEK,DAWSON CREEK,Y,N,N,NORTH CENTRAL,17 ST # 011300 TO 011313,17 ST,17 ST,12:00-14:59,1,0
N,PROPERTY DAMAGE ONLY,\N,N,2022,MONDAY,SIDE SWIPE - SAME DIRECTION,Y,N,\N,\N,N,JULY,N,RICHMOND,RICHMOND,\N,N,N,N,LOWER MAINLAND,UNKNOWN,SEA ISLAND WAY,SEA ISLAND WAY,12:00-14:59,1,0
N,PROPERTY DAMAGE ONLY,\N,N,2022,MONDAY,SIDE SWIPE - SAME DIRECTION,Y,N,49.275973,-122.96463,Y,JULY,N,BURNABY,BURNABY,BURNABY,Y,N,N,LOWER MAINLAND,SPERLING AVE # 000882 TO 000999,SPERLING AVE,SPERLING AVE,12:00-14:59,1,0
N,PROPERTY DAMAGE ONLY,\N,N,2022,MONDAY,SIDE SWIPE - SAME DIRECTION,Y,N,50.319027,-122.752443,Y,JULY,N,PEMBERTON,PEMBERTON,PEMBERTON,Y,N,N,LOWER MAINLAND,SEVEN OCLOCK DR # 007620 TO 007655,SEVEN OCLOCK DR,SEVEN OCLOCK DR,12:00-14:59,1,0
N,PROPERTY DAMAGE ONLY,\N,N,2022,MONDAY,SINGLE VEHICLE,N,N,\N,\N,N,JULY,N,BLACK CREEK,BLACK CREEK,\N,N,N,N,VANCOUVER ISLAND,UNKNOWN,ISLAND HWY N,ISLAND HWY N,12:00-14:59,1,0
N,PROPERTY DAMAGE ONLY,\N,N,2022,MONDAY,SINGLE VEHICLE,N,N,\N,\N,N,JULY,N,BURNABY,BURNABY,\N,Y,N,N,LOWER MAINLAND,UNKNOWN,MCKAY AVE,MCKAY AVE,12:00-14:59,1,0
N,PROPERTY DAMAGE ONLY,\N,N,2022,MONDAY,SINGLE VEHICLE,N,N,\N,\N,N,JULY,N,COURTENAY,COURTENAY,\N,N,N,N,VANCOUVER ISLAND,UNKNOWN,CLIFFE AVE,CLIFFE AVE,12:00-14:59,1,0
N,PROPERTY DAMAGE ONLY,\N,N,2022,MONDAY,SINGLE VEHICLE,N,N,\N,\N,N,JULY,N,COURTENAY,COURTENAY,\N,N,N,N,VANCOUVER ISLAND,UNKNOWN,COMOX VALLEY PKY,COMOX VALLEY PKY,12:00-14:59,1,0
N,PROPERTY DAMAGE ONLY,\N,N,2022,MONDAY,SINGLE VEHICLE,N,N,\N,\N,N,JULY,N,CRANBROOK,CRANBROOK,\N,N,N,N,SOUTHERN INTERIOR,UNKNOWN,HWY 95,HWY 95,12:00-14:59,1,0
N,PROPERTY DAMAGE ONLY,\N,N,2022,MONDAY,SINGLE VEHICLE,N,N,\N,\N,N,JULY,N,HOPE,HOPE,\N,N,N,N,LOWER MAINLAND,UNKNOWN,HWY 3,HWY 3,12:00-14:59,1,0
N,PROPERTY DAMAGE ONLY,\N,N,2022,MONDAY,SINGLE VEHICLE,N,N,\N,\N,N,JULY,N,KAMLOOPS,KAMLOOPS,\N,N,N,N,SOUTHERN INTERIOR,UNKNOWN,WHITESHIELD CRES S,WHITESHIELD CRES S,12:00-14:59,1,0
N,PROPERTY DAMAGE ONLY,\N,N,2022,MONDAY,SINGLE VEHICLE,N,N,\N,\N,N,JULY,N,LANGLEY,LANGLEY,\N,N,N,N,LOWER MAINLAND,UNKNOWN,HWY 1,HWY 1,12:00-14:59,1,0
N,PROPERTY DAMAGE ONLY,\N,N,2022,MONDAY,SINGLE VEHICLE,N,N,\N,\N,N,JULY,N,LANGLEY,LANGLEY,\N,N,N,N,LOWER MAINLAND,UNKNOWN,UNKNOWN,UNKNOWN,12:00-14:59,1,0
N,PROPERTY DAMAGE ONLY,\N,N,2022,MONDAY,SINGLE VEHICLE,N,N,\N,\N,N,JULY,N,LILLOOET,LILLOOET,\N,N,N,N,SOUTHERN INTERIOR,UNKNOWN,HWY 99,HWY 99,12:00-14:59,1,0
N,PROPERTY DAMAGE ONLY,\N,N,2022,MONDAY,SINGLE VEHICLE,N,N,\N,\N,N,JULY,N,LIONS BAY,LIONS BAY,\N,N,N,N,LOWER MAINLAND,UNKNOWN,OCEANVIEW RD,OCEANVIEW RD,12:00-14:59,1,0
N,PROPERTY DAMAGE ONLY,\N,N,2022,MONDAY,SINGLE VEHICLE,N,N,\N,\N,N,JULY,N,MILL BAY,MILL BAY,\N,N,N,N,VANCOUVER ISLAND,UNKNOWN,HOLLINGS RD,HOLLINGS RD,12:00-14:59,1,0
N,PROPERTY DAMAGE ONLY,\N,N,2022,MONDAY,SINGLE VEHICLE,N,N,\N,\N,N,JULY,N,MISSION,MISSION,\N,N,N,N,LOWER MAINLAND,UNKNOWN,VICKERY ST.,VICKERY ST.,12:00-14:59,1,0
N,PROPERTY DAMAGE ONLY,\N,N,2022,MONDAY,SINGLE VEHICLE,N,N,\N,\N,N,JULY,N,MOUNT CURRIE,MOUNT CURRIE,\N,N,N,N,LOWER MAINLAND,UNKNOWN,IN-SHUCK-CH FOREST SERVICE RD,IN-SHUCK-CH FOREST SERVICE RD,12:00-14:59,1,0
N,PROPERTY DAMAGE ONLY,\N,N,2022,MONDAY,SINGLE VEHICLE,N,N,\N,\N,N,JULY,N,MOUNT ROBSON,MOUNT ROBSON,\N,N,N,N,NORTH CENTRAL,UNKNOWN,HWY 16 MOUNT ROBSON,HWY 16 MOUNT ROBSON,12:00-14:59,1,0
N,PROPERTY DAMAGE ONLY,\N,N,2022,MONDAY,SINGLE VEHICLE,N,N,\N,\N,N,JULY,N,NAKUSP,NAKUSP,\N,N,N,N,SOUTHERN INTERIOR,UNKNOWN,HWY 6,HWY 6,12:00-14:59,1,0
N,PROPERTY DAMAGE ONLY,\N,N,2022,MONDAY,SINGLE VEHICLE,N,N,\N,\N,N,JULY,N,NEW WESTMINSTER,NEW WESTMINSTER,\N,N,N,N,LOWER MAINLAND,UNKNOWN,HWY 99A,HWY 99A,12:00-14:59,1,0
N,PROPERTY DAMAGE ONLY,\N,N,2022,MONDAY,SINGLE VEHICLE,N,N,\N,\N,N,JULY,N,NORTH VANCOUVER,NORTH VANCOUVER,\N,N,N,N,LOWER MAINLAND,UNKNOWN,LANGDALE DR,LANGDALE DR,12:00-14:59,1,0
N,PROPERTY DAMAGE ONLY,\N,N,2022,MONDAY,SINGLE VEHICLE,N,N,\N,\N,N,JULY,N,NORTH VANCOUVER,NORTH VANCOUVER,\N,N,Y,N,LOWER MAINLAND,UNKNOWN,1ST ST W,1ST ST W,12:00-14:59,1,0
N,PROPERTY DAMAGE ONLY,\N,N,2022,MONDAY,SINGLE VEHICLE,N,N,\N,\N,N,JULY,N,OLIVER,OLIVER,\N,N,N,N,SOUTHERN INTERIOR,UNKNOWN,HWY 97,HWY 97,12:00-14:59,1,0
N,PROPERTY DAMAGE ONLY,\N,N,2022,MONDAY,SINGLE VEHICLE,N,N,\N,\N,N,JULY,N,OLIVER,OLIVER,\N,N,Y,N,SOUTHERN INTERIOR,UNKNOWN,HWY 97,HWY 97,12:00-14:59,1,0
N,PROPERTY DAMAGE ONLY,\N,N,2022,MONDAY,SINGLE VEHICLE,N,N,\N,\N,N,JULY,N,OSOYOOS,OSOYOOS,\N,N,N,N,SOUTHERN INTERIOR,UNKNOWN,HWY 3,HWY 3,12:00-14:59,1,0
N,PROPERTY DAMAGE ONLY,\N,N,2022,MONDAY,SINGLE VEHICLE,N,N,\N,\N,N,JULY,N,OSOYOOS,OSOYOOS,\N,N,Y,N,SOUTHERN INTERIOR,UNKNOWN,UK,UK,12:00-14:59,1,0
N,PROPERTY DAMAGE ONLY,\N,N,2022,MONDAY,SINGLE VEHICLE,N,N,\N,\N,N,JULY,N,PENDER ISLAND,PENDER ISLAND,\N,N,N,N,VANCOUVER ISLAND,UNKNOWN,XXX,XXX,12:00-14:59,1,0
N,PROPERTY DAMAGE ONLY,\N,N,2022,MONDAY,SINGLE VEHICLE,N,N,\N,\N,N,JULY,N,PRINCE GEORGE,PRINCE GEORGE,\N,Y,Y,N,NORTH CENTRAL,UNKNOWN,BAY RD,BAY RD,12:00-14:59,1,0
N,PROPERTY DAMAGE ONLY,\N,N,2022,MONDAY,SINGLE VEHICLE,N,N,\N,\N,N,JULY,N,PRINCETON,PRINCETON,\N,N,N,N,SOUTHERN INTERIOR,UNKNOWN,HWY 5A,HWY 5A,12:00-14:59,1,0
N,PROPERTY DAMAGE ONLY,\N,N,2022,MONDAY,SINGLE VEHICLE,N,N,\N,\N,N,JULY,N,RICHMOND,RICHMOND,\N,N,N,N,LOWER MAINLAND,UNKNOWN,NO. 1 RD,NO. 1 RD,12:00-14:59,1,0
N,PROPERTY DAMAGE ONLY,\N,N,2022,MONDAY,SINGLE VEHICLE,N,N,\N,\N,N,JULY,N,SALMO,SALMO,\N,N,N,N,SOUTHERN INTERIOR,UNKNOWN,UNKNOWN,UNKNOWN,12:00-14:59,1,0
N,PROPERTY DAMAGE ONLY,\N,N,2022,MONDAY,SINGLE VEHICLE,N,N,\N,\N,N,JULY,N,SURREY,SURREY,\N,N,N,N,LOWER MAINLAND,UNKNOWN,TRANS-CANADA HWY,TRANS-CANADA HWY,12:00-14:59,1,0
N,PROPERTY DAMAGE ONLY,\N,N,2022,MONDAY,SINGLE VEHICLE,N,N,\N,\N,N,JULY,N,SURREY,SURREY,\N,N,N,N,LOWER MAINLAND,UNKNOWN,UNKNOWN,UNKNOWN,12:00-14:59,1,0
N,PROPERTY DAMAGE ONLY,\N,N,2022,MONDAY,SINGLE VEHICLE,N,N,\N,\N,N,JULY,N,TOFINO,TOFINO,\N,N,N,N,VANCOUVER ISLAND,UNKNOWN,HELLESEN DR,HELLESEN DR,12:00-14:59,1,0
N,PROPERTY DAMAGE ONLY,\N,N,2022,MONDAY,SINGLE VEHICLE,N,N,\N,\N,N,JULY,N,UNKNOWN,UNKNOWN,\N,N,N,N,UNKNOWN,UNKNOWN,BERRY POINT RD,BERRY POINT RD,12:00-14:59,1,0
N,PROPERTY DAMAGE ONLY,\N,N,2022,MONDAY,SINGLE VEHICLE,N,N,\N,\N,N,JULY,N,UNKNOWN,UNKNOWN,\N,N,N,N,UNKNOWN,UNKNOWN,UNKNOWN,UNKNOWN,12:00-14:59,4,0
N,PROPERTY DAMAGE ONLY,\N,N,2022,MONDAY,SINGLE VEHICLE,N,N,\N,\N,N,JULY,N,VANCOUVER,VANCOUVER,\N,N,N,N,LOWER MAINLAND,UNKNOWN,15TH AVE E,15TH AVE E,12:00-14:59,1,0
N,PROPERTY DAMAGE ONLY,\N,N,2022,MONDAY,SINGLE VEHICLE,N,N,\N,\N,N,JULY,N,VANCOUVER,VANCOUVER,\N,N,N,N,LOWER MAINLAND,UNKNOWN,SASAMAT ST,SASAMAT ST,12:00-14:59,1,0
N,PROPERTY DAMAGE ONLY,\N,N,2022,MONDAY,SINGLE VEHICLE,N,N,\N,\N,N,JULY,N,VANCOUVER,VANCOUVER,\N,N,N,N,LOWER MAINLAND,UNKNOWN,SHAUGHNESSY ST,SHAUGHNESSY ST,12:00-14:59,1,0
N,PROPERTY DAMAGE ONLY,\N,N,2022,MONDAY,SINGLE VEHICLE,N,N,\N,\N,N,JULY,N,VERNON,VERNON,\N,N,Y,N,SOUTHERN INTERIOR,UNKNOWN,27TH CRESCENT,27TH CRESCENT,12:00-14:59,1,0
N,PROPERTY DAMAGE ONLY,\N,N,2022,MONDAY,SINGLE VEHICLE,N,N,\N,\N,N,JULY,N,VICTORIA,VICTORIA,\N,N,Y,N,VANCOUVER ISLAND,UNKNOWN,FELTHAM RD,FELTHAM RD,12:00-14:59,1,0
N,PROPERTY DAMAGE ONLY,\N,N,2022,MONDAY,SINGLE VEHICLE,N,N,\N,\N,N,JULY,N,WEST KELOWNA,WEST KELOWNA,\N,N,N,N,SOUTHERN INTERIOR,UNKNOWN,HWY 97,HWY 97,12:00-14:59,1,0
N,PROPERTY DAMAGE ONLY,\N,N,2022,MONDAY,SINGLE VEHICLE,N,N,\N,\N,N,JULY,N,WEST KELOWNA,WEST KELOWNA,\N,N,N,N,SOUTHERN INTERIOR,UNKNOWN,SKYVIEW LANE,SKYVIEW LANE,12:00-14:59,1,0
N,PROPERTY DAMAGE ONLY,\N,N,2022,MONDAY,SINGLE VEHICLE,N,N,48.425815,-123.352047,Y,JULY,N,VICTORIA,VICTORIA,VICTORIA,N,N,N,VANCOUVER ISLAND,JOHNSON ST # 001100 TO 001199,JOHNSON ST,JOHNSON ST,12:00-14:59,1,0
N,PROPERTY DAMAGE ONLY,\N,N,2022,MONDAY,SINGLE VEHICLE,N,N,48.43811,-123.371904,Y,JULY,N,VICTORIA,VICTORIA,VICTORIA,N,Y,N,VANCOUVER ISLAND,DAVID ST # 000500 TO 000599,DAVID ST,DAVID ST,12:00-14:59,1,0
N,PROPERTY DAMAGE ONLY,\N,N,2022,MONDAY,SINGLE VEHICLE,N,N,48.44744,-123.506069,Y,JULY,N,LANGFORD,LANGFORD,LANGFORD,N,Y,N,VANCOUVER ISLAND,ORONO AVE # 000840 TO 000869,ORONO AVE,ORONO AVE,12:00-14:59,1,0
N,PROPERTY DAMAGE ONLY,\N,N,2022,MONDAY,SINGLE VEHICLE,N,N,48.663212,-123.405896,Y,JULY,N,SIDNEY,SIDNEY,SIDNEY,N,N,N,VANCOUVER ISLAND,MARKINCH PL # 002240 TO 002266,MARKINCH PL,MARKINCH PL,12:00-14:59,1,0
N,PROPERTY DAMAGE ONLY,\N,N,2022,MONDAY,SINGLE VEHICLE,N,N,48.792101,-123.727711,Y,JULY,N,DUNCAN,DUNCAN,DUNCAN,N,Y,N,VANCOUVER ISLAND,SHERMAN RD # 003120 TO 003149,SHERMAN RD,SHERMAN RD,12:00-14:59,1,0
N,PROPERTY DAMAGE ONLY,\N,N,2022,MONDAY,SINGLE VEHICLE,N,N,49.032987,-122.806467,Y,JULY,N,SURREY,SURREY,SURREY,N,Y,N,LOWER MAINLAND,SOUTHMERE CRES # 001720 TO 001748,SOUTHMERE CRES,SOUTHMERE CRES,12:00-14:59,1,0
N,PROPERTY DAMAGE ONLY,\N,N,2022,MONDAY,SINGLE VEHICLE,N,N,49.049051,-122.28101,Y,JULY,N,ABBOTSFORD,ABBOTSFORD,ABBOTSFORD,N,N,N,LOWER MAINLAND,PARK DR # 002555 TO 002619,PARK DR,PARK DR,12:00-14:59,1,0
N,PROPERTY DAMAGE ONLY,\N,N,2022,MONDAY,SINGLE VEHICLE,N,N,49.049328,-122.745563,Y,JULY,N,SURREY,SURREY,SURREY,N,Y,N,LOWER MAINLAND,26 AVE # 017148 TO 017299,26 AVE,26 AVE,12:00-14:59,1,0
N,PROPERTY DAMAGE ONLY,\N,N,2022,MONDAY,SINGLE VEHICLE,N,N,49.056786,-122.315517,Y,JULY,N,ABBOTSFORD,ABBOTSFORD,ABBOTSFORD,N,Y,N,LOWER MAINLAND,GLADWIN RD # 002900 TO 003069,GLADWIN RD,GLADWIN RD,12:00-14:59,1,0
N,PROPERTY DAMAGE ONLY,\N,N,2022,MONDAY,SINGLE VEHICLE,N,N,49.057603,-122.337907,Y,JULY,N,ABBOTSFORD,ABBOTSFORD,ABBOTSFORD,N,N,N,LOWER MAINLAND,CLEARBROOK RD # 003000 TO 003099,CLEARBROOK RD,CLEARBROOK RD,12:00-14:59,1,0
N,PROPERTY DAMAGE ONLY,\N,N,2022,MONDAY,SINGLE VEHICLE,N,N,49.103076,-121.984695,Y,JULY,N,CHILLIWACK,CHILLIWACK,CHILLIWACK,N,Y,N,LOWER MAINLAND,CARTER RD # 005550 TO 005569,CARTER RD,CARTER RD,12:00-14:59,1,0
N,PROPERTY DAMAGE ONLY,\N,N,2022,MONDAY,SINGLE VEHICLE,N,N,49.103476,-122.656253,Y,JULY,N,LANGLEY,LANGLEY,LANGLEY,N,Y,N,LOWER MAINLAND,DOUGLAS CRES # 020400 TO 020408 even,DOUGLAS CRES,DOUGLAS CRES,12:00-14:59,1,0
N,PROPERTY DAMAGE ONLY,\N,N,2022,MONDAY,SINGLE VEHICLE,N,N,49.107819,-122.741705,Y,JULY,N,SURREY,SURREY,SURREY,Y,N,N,LOWER MAINLAND,58 AVE # 017300 TO 017399,58 AVE,58 AVE,12:00-14:59,1,0
N,PROPERTY DAMAGE ONLY,\N,N,2022,MONDAY,SINGLE VEHICLE,N,N,49.116138,-122.823299,Y,JULY,N,SURREY,SURREY,SURREY,N,Y,N,LOWER MAINLAND,144 ST # 006250 TO 006299,144 ST,144 ST,12:00-14:59,1,0
N,PROPERTY DAMAGE ONLY,\N,N,2022,MONDAY,SINGLE VEHICLE,N,N,49.12188,-122.668439,Y,JULY,N,LANGLEY,LANGLEY,LANGLEY,Y,Y,N,LOWER MAINLAND,200 ST # 006500 TO 006598 even,200 ST,200 ST,12:00-14:59,1,0
N,PROPERTY DAMAGE ONLY,\N,N,2022,MONDAY,SINGLE VEHICLE,N,N,49.122524,-122.70429,Y,JULY,N,SURREY,SURREY,SURREY,N,Y,N,LOWER MAINLAND,66 AVE # 018701 TO 018708,66 AVE,66 AVE,12:00-14:59,1,0
N,PROPERTY DAMAGE ONLY,\N,N,2022,MONDAY,SINGLE VEHICLE,N,N,49.132971,-122.887796,Y,JULY,N,SURREY,SURREY,SURREY,N,N,N,LOWER MAINLAND,121 ST # 007151 TO 007171 odd,121 ST,121 ST,12:00-14:59,1,0
N,PROPERTY DAMAGE ONLY,\N,N,2022,MONDAY,SINGLE VEHICLE,N,N,49.137143,-122.006829,Y,JULY,N,CHILLIWACK,CHILLIWACK,CHILLIWACK,N,N,N,LOWER MAINLAND,LICKMAN RD # 007240 TO 007699,LICKMAN RD,LICKMAN RD,12:00-14:59,1,0
N,PROPERTY DAMAGE ONLY,\N,N,2022,MONDAY,SINGLE VEHICLE,N,N,49.146218,-122.773154,Y,JULY,N,SURREY,SURREY,SURREY,N,Y,N,LOWER MAINLAND,162 ST # 007800 TO 007899,162 ST,162 ST,12:00-14:59,1,0
N,PROPERTY DAMAGE ONLY,\N,N,2022,MONDAY,SINGLE VEHICLE,N,N,49.150421,-122.888174,Y,JULY,N,SURREY,SURREY,SURREY,N,Y,N,LOWER MAINLAND,120A ST # 008000 TO 008199,120A ST,120A ST,12:00-14:59,1,0
N,PROPERTY DAMAGE ONLY,\N,N,2022,MONDAY,SINGLE VEHICLE,N,N,49.157198,-122.845858,Y,JULY,N,SURREY,SURREY,SURREY,N,Y,N,LOWER MAINLAND,KING GEORGE BLVD # 008401 TO 008593 odd,KING GEORGE BLVD,KING GEORGE BLVD,12:00-14:59,1,0
N,PROPERTY DAMAGE ONLY,\N,N,2022,MONDAY,SINGLE VEHICLE,N,N,49.162505,-123.119846,Y,JULY,N,RICHMOND,RICHMOND,RICHMOND,N,N,N,LOWER MAINLAND,ASH ST # 007000 TO 007059,ASH ST,ASH ST,12:00-14:59,1,0
N,PROPERTY DAMAGE ONLY,\N,N,2022,MONDAY,SINGLE VEHICLE,N,N,49.162778,-123.135125,Y,JULY,N,RICHMOND,RICHMOND,RICHMOND,N,Y,N,LOWER MAINLAND,GRANVILLE AVE # 008001 TO 008199 odd,GRANVILLE AVE,GRANVILLE AVE,12:00-14:59,1,0
N,PROPERTY DAMAGE ONLY,\N,N,2022,MONDAY,SINGLE VEHICLE,N,N,49.170177,-122.918913,Y,JULY,N,DELTA,DELTA,DELTA,N,Y,N,LOWER MAINLAND,NORUM CRES # 009140 TO 009208,NORUM CRES,NORUM CRES,12:00-14:59,1,0
N,PROPERTY DAMAGE ONLY,\N,N,2022,MONDAY,SINGLE VEHICLE,N,N,49.17073,-123.136614,Y,JULY,N,RICHMOND,RICHMOND,RICHMOND,N,Y,N,LOWER MAINLAND,NO 3 RD # 005941 TO 005999 odd,NO 3 RD,NO 3 RD,12:00-14:59,1,0
N,PROPERTY DAMAGE ONLY,\N,N,2022,MONDAY,SINGLE VEHICLE,N,N,49.187003,-122.845527,Y,JULY,N,SURREY,SURREY,SURREY,N,Y,N,LOWER MAINLAND,KING GEORGE BLVD # 010153 TO 010199 odd,KING GEORGE BLVD,KING GEORGE BLVD,12:00-14:59,1,0
N,PROPERTY DAMAGE ONLY,\N,N,2022,MONDAY,SINGLE VEHICLE,N,N,49.187829,-123.129723,Y,JULY,N,RICHMOND,RICHMOND,RICHMOND,N,N,N,LOWER MAINLAND,CAPSTAN WAY # 008300 TO 008679,CAPSTAN WAY,CAPSTAN WAY,12:00-14:59,1,0
N,PROPERTY DAMAGE ONLY,\N,N,2022,MONDAY,SINGLE VEHICLE,N,N,49.194873,-122.536384,Y,JULY,N,MAPLE RIDGE,MAPLE RIDGE,MAPLE RIDGE,N,N,N,LOWER MAINLAND,JACKSON RD # 010550 TO 010639,JACKSON RD,JACKSON RD,12:00-14:59,1,0
N,PROPERTY DAMAGE ONLY,\N,N,2022,MONDAY,SINGLE VEHICLE,N,N,49.211762,-122.922941,Y,JULY,N,NEW WESTMINSTER,NEW WESTMINSTER,NEW WESTMINSTER,N,N,N,LOWER MAINLAND,SIXTH AVE # 000700 TO 000799,SIXTH AVE,SIXTH AVE,12:00-14:59,1,0
N,PROPERTY DAMAGE ONLY,\N,N,2022,MONDAY,SINGLE VEHICLE,N,N,49.219676,-122.590284,Y,JULY,N,MAPLE RIDGE,MAPLE RIDGE,MAPLE RIDGE,N,Y,N,LOWER MAINLAND,228 ST # 011920 TO 011999,228 ST,228 ST,12:00-14:59,1,0
N,PROPERTY DAMAGE ONLY,\N,N,2022,MONDAY,SINGLE VEHICLE,N,N,49.219772,-122.95754,Y,JULY,N,BURNABY,BURNABY,BURNABY,N,Y,N,LOWER MAINLAND,SALISBURY AVE # 007000 TO 007099,SALISBURY AVE,SALISBURY AVE,12:00-14:59,1,0
N,PROPERTY DAMAGE ONLY,\N,N,2022,MONDAY,SINGLE VEHICLE,N,N,49.227644,-122.997061,Y,JULY,N,BURNABY,BURNABY,BURNABY,N,Y,N,LOWER MAINLAND,KINGSWAY # 004750 TO 004799,KINGSWAY,KINGSWAY,12:00-14:59,1,0
N,PROPERTY DAMAGE ONLY,\N,N,2022,MONDAY,SINGLE VEHICLE,N,N,49.228116,-122.998531,Y,JULY,N,BURNABY,BURNABY,BURNABY,N,N,Y,LOWER MAINLAND,KINGSWAY # 004700 TO 004749,KINGSWAY,KINGSWAY,12:00-14:59,1,0
N,PROPERTY DAMAGE ONLY,\N,N,2022,MONDAY,SINGLE VEHICLE,N,N,49.228116,-122.998531,Y,JULY,N,BURNABY,BURNABY,BURNABY,N,Y,N,LOWER MAINLAND,KINGSWAY # 004700 TO 004749,KINGSWAY,KINGSWAY,12:00-14:59,1,0
N,PROPERTY DAMAGE ONLY,\N,N,2022,MONDAY,SINGLE VEHICLE,N,N,49.235051,-122.946741,Y,JULY,N,BURNABY,BURNABY,BURNABY,N,N,N,LOWER MAINLAND,FIELD PL # 006200 TO 006299,FIELD PL,FIELD PL,12:00-14:59,1,0
N,PROPERTY DAMAGE ONLY,\N,N,2022,MONDAY,SINGLE VEHICLE,N,N,49.240608,-123.032224,Y,JULY,N,VANCOUVER,VANCOUVER,VANCOUVER,N,Y,N,LOWER MAINLAND,MCGEER ST # 004900 TO 004950,MCGEER ST,MCGEER ST,12:00-14:59,1,0
N,PROPERTY DAMAGE ONLY,\N,N,2022,MONDAY,SINGLE VEHICLE,N,N,49.244103,-123.153385,Y,JULY,N,VANCOUVER,VANCOUVER,VANCOUVER,Y,Y,N,LOWER MAINLAND,ARBUTUS ST # 004500 TO 004799,ARBUTUS ST,ARBUTUS ST,12:00-14:59,1,0
N,PROPERTY DAMAGE ONLY,\N,N,2022,MONDAY,SINGLE VEHICLE,N,N,49.245839,-122.814814,Y,JULY,N,COQUITLAM,COQUITLAM,COQUITLAM,N,Y,N,LOWER MAINLAND,ATLIN PL # 002700 TO 002721,ATLIN PL,ATLIN PL,12:00-14:59,1,0
N,PROPERTY DAMAGE ONLY,\N,N,2022,MONDAY,SINGLE VEHICLE,N,N,49.246494,-123.157704,Y,JULY,N,VANCOUVER,VANCOUVER,VANCOUVER,N,N,N,LOWER MAINLAND,EDDINGTON DR # 002200 TO 002249,EDDINGTON DR,EDDINGTON DR,12:00-14:59,1,0
N,PROPERTY DAMAGE ONLY,\N,N,2022,MONDAY,SINGLE VEHICLE,N,N,49.247294,-123.15331,Y,JULY,N,VANCOUVER,VANCOUVER,VANCOUVER,N,N,N,LOWER MAINLAND,ARBUTUS ST # 004301 TO 004399 odd,ARBUTUS ST,ARBUTUS ST,12:00-14:59,1,0
N,PROPERTY DAMAGE ONLY,\N,N,2022,MONDAY,SINGLE VEHICLE,N,N,49.24886,-122.933145,Y,JULY,N,BURNABY,BURNABY,BURNABY,N,N,N,LOWER MAINLAND,WINLAKE CRES # 003820 TO 003899,WINLAKE CRES,WINLAKE CRES,12:00-14:59,1,0
N,PROPERTY DAMAGE ONLY,\N,N,2022,MONDAY,SINGLE VEHICLE,N,N,49.250501,-122.815751,Y,JULY,N,COQUITLAM,COQUITLAM,COQUITLAM,N,N,N,LOWER MAINLAND,MARINER WAY # 000500 TO 000548 even,MARINER WAY,MARINER WAY,12:00-14:59,1,0
N,PROPERTY DAMAGE ONLY,\N,N,2022,MONDAY,SINGLE VEHICLE,N,N,49.254526,-122.738383,Y,JULY,N,PORT COQUITLAM,PORT COQUITLAM,PORT COQUITLAM,N,Y,N,LOWER MAINLAND,HAWKINS ST # 002100 TO 002199,HAWKINS ST,HAWKINS ST,12:00-14:59,1,0
N,PROPERTY DAMAGE ONLY,\N,N,2022,MONDAY,SINGLE VEHICLE,N,N,49.260419,-123.116342,Y,JULY,N,VANCOUVER,VANCOUVER,VANCOUVER,N,Y,N,LOWER MAINLAND,W 12TH AVE # 000500 TO 000599,W 12TH AVE,W 12TH AVE,12:00-14:59,1,0
N,PROPERTY DAMAGE ONLY,\N,N,2022,MONDAY,SINGLE VEHICLE,N,N,49.260875,-122.786488,Y,JULY,N,PORT COQUITLAM,PORT COQUITLAM,PORT COQUITLAM,N,Y,N,LOWER MAINLAND,WILSON AVE # 002400 TO 002499,WILSON AVE,WILSON AVE,12:00-14:59,1,0
N,PROPERTY DAMAGE ONLY,\N,N,2022,MONDAY,SINGLE VEHICLE,N,N,49.264121,-123.115143,Y,JULY,N,VANCOUVER,VANCOUVER,VANCOUVER,N,Y,N,LOWER MAINLAND,W 8TH AVE # 000500 TO 000521,W 8TH AVE,W 8TH AVE,12:00-14:59,1,0
N,PROPERTY DAMAGE ONLY,\N,N,2022,MONDAY,SINGLE VEHICLE,N,N,49.265399,-123.142172,Y,JULY,N,VANCOUVER,VANCOUVER,VANCOUVER,N,N,N,LOWER MAINLAND,W 7TH AVE # 001600 TO 001699,W 7TH AVE,W 7TH AVE,12:00-14:59,1,0
N,PROPERTY DAMAGE ONLY,\N,N,2022,MONDAY,SINGLE VEHICLE,N,N,49.266407,-123.004655,Y,JULY,N,BURNABY,BURNABY,BURNABY,N,Y,N,LOWER MAINLAND,LOUGHEED HWY # 004400 TO 004498 even,LOUGHEED HWY,LOUGHEED HWY,12:00-14:59,1,0
N,PROPERTY DAMAGE ONLY,\N,N,2022,MONDAY,SINGLE VEHICLE,N,N,49.266537,-123.007121,Y,JULY,N,BURNABY,BURNABY,BURNABY,N,Y,N,LOWER MAINLAND,LOUGHEED HWY # 004301 TO 004399 odd,LOUGHEED HWY,LOUGHEED HWY,12:00-14:59,1,0
N,PROPERTY DAMAGE ONLY,\N,N,2022,MONDAY,SINGLE VEHICLE,N,N,49.268774,-122.868533,Y,JULY,N,COQUITLAM,COQUITLAM,COQUITLAM,N,N,N,LOWER MAINLAND,BLUE MOUNTAIN ST # 000960 TO 000981,BLUE MOUNTAIN ST,BLUE MOUNTAIN ST,12:00-14:59,1,0
N,PROPERTY DAMAGE ONLY,\N,N,2022,MONDAY,SINGLE VEHICLE,N,N,49.270443,-123.145503,Y,JULY,N,VANCOUVER,VANCOUVER,VANCOUVER,N,N,N,LOWER MAINLAND,BURRARD ST # 001700 TO 001751,BURRARD ST,BURRARD ST,12:00-14:59,1,0
N,PROPERTY DAMAGE ONLY,\N,N,2022,MONDAY,SINGLE VEHICLE,N,N,49.27298,-123.000127,Y,JULY,N,BURNABY,BURNABY,BURNABY,N,Y,N,LOWER MAINLAND,WESTLAWN DR # 004612 TO 004699,WESTLAWN DR,WESTLAWN DR,12:00-14:59,1,0
N,PROPERTY DAMAGE ONLY,\N,N,2022,MONDAY,SINGLE VEHICLE,N,N,49.273,-123.100861,Y,JULY,N,VANCOUVER,VANCOUVER,VANCOUVER,N,Y,N,LOWER MAINLAND,TERMINAL AVE # 000101 TO 000199 odd,TERMINAL AVE,TERMINAL AVE,12:00-14:59,1,0
N,PROPERTY DAMAGE ONLY,\N,N,2022,MONDAY,SINGLE VEHICLE,N,N,49.279316,-123.090616,Y,JULY,N,VANCOUVER,VANCOUVER,VANCOUVER,Y,Y,N,LOWER MAINLAND,KEEFER ST # 000600 TO 000699,KEEFER ST,KEEFER ST,12:00-14:59,1,0
N,PROPERTY DAMAGE ONLY,\N,N,2022,MONDAY,SINGLE VEHICLE,N,N,49.280661,-123.11703,Y,JULY,N,VANCOUVER,VANCOUVER,VANCOUVER,N,Y,N,LOWER MAINLAND,RICHARDS ST # 000700 TO 000799,RICHARDS ST,RICHARDS ST,12:00-14:59,1,0
N,PROPERTY DAMAGE ONLY,\N,N,2022,MONDAY,SINGLE VEHICLE,N,N,49.282804,-123.118644,Y,JULY,N,VANCOUVER,VANCOUVER,VANCOUVER,N,Y,N,LOWER MAINLAND,W GEORGIA ST # 000700 TO 000799,W GEORGIA ST,W GEORGIA ST,12:00-14:59,1,0
N,PROPERTY DAMAGE ONLY,\N,N,2022,MONDAY,SINGLE VEHICLE,N,N,49.286288,-123.115341,Y,JULY,N,VANCOUVER,VANCOUVER,VANCOUVER,N,Y,N,LOWER MAINLAND,W HASTINGS ST # 000800 TO 000899,W HASTINGS ST,W HASTINGS ST,12:00-14:59,1,0
N,PROPERTY DAMAGE ONLY,\N,N,2022,MONDAY,SINGLE VEHICLE,N,N,49.287456,-123.139988,Y,JULY,N,VANCOUVER,VANCOUVER,VANCOUVER,N,N,N,LOWER MAINLAND,PENDRELL ST # 001700 TO 001799,PENDRELL ST,PENDRELL ST,12:00-14:59,1,0
N,PROPERTY DAMAGE ONLY,\N,N,2022,MONDAY,SINGLE VEHICLE,N,N,49.290711,-123.047985,Y,JULY,N,VANCOUVER,VANCOUVER,VANCOUVER,N,N,N,LOWER MAINLAND,YALE ST # 002700 TO 002799,YALE ST,YALE ST,12:00-14:59,1,0
N,PROPERTY DAMAGE ONLY,\N,N,2022,MONDAY,SINGLE VEHICLE,N,N,49.310208,-123.078468,Y,JULY,N,NORTH VANCOUVER,NORTH VANCOUVER,NORTH VANCOUVER,N,Y,N,LOWER MAINLAND,VICTORY SHIP WAY # 000112 TO 000155,VICTORY SHIP WAY,VICTORY SHIP WAY,12:00-14:59,1,0
N,PROPERTY DAMAGE ONLY,\N,N,2022,MONDAY,SINGLE VEHICLE,N,N,49.318417,-123.072424,Y,JULY,N,NORTH VANCOUVER,NORTH VANCOUVER,NORTH VANCOUVER,N,Y,N,LOWER MAINLAND,LONSDALE AVE # 001100 TO 001199,LONSDALE AVE,LONSDALE AVE,12:00-14:59,1,0
N,PROPERTY DAMAGE ONLY,\N,N,2022,MONDAY,SINGLE VEHICLE,N,N,49.321103,-123.074474,Y,JULY,N,NORTH VANCOUVER,NORTH VANCOUVER,NORTH VANCOUVER,N,N,N,LOWER MAINLAND,W 14TH ST # 000104 TO 000150 even,W 14TH ST,W 14TH ST,12:00-14:59,1,0
N,PROPERTY DAMAGE ONLY,\N,N,2022,MONDAY,SINGLE VEHICLE,N,N,49.32423,-123.080411,Y,JULY,N,NORTH VANCOUVER,NORTH VANCOUVER,NORTH VANCOUVER,N,N,N,LOWER MAINLAND,W 17TH ST # 000324 TO 000399,W 17TH ST,W 17TH ST,12:00-14:59,1,0
N,PROPERTY DAMAGE ONLY,\N,N,2022,MONDAY,SINGLE VEHICLE,N,N,49.33489,-123.072027,Y,JULY,N,NORTH VANCOUVER,NORTH VANCOUVER,NORTH VANCOUVER,N,Y,N,LOWER MAINLAND,LONSDALE AVE # 002700 TO 002899,LONSDALE AVE,LONSDALE AVE,12:00-14:59,1,0
N,PROPERTY DAMAGE ONLY,\N,N,2022,MONDAY,SINGLE VEHICLE,N,N,49.354466,-123.08031,Y,JULY,N,NORTH VANCOUVER,NORTH VANCOUVER,NORTH VANCOUVER,N,N,N,LOWER MAINLAND,VENTURA CRES # 000460 TO 000559,VENTURA CRES,VENTURA CRES,12:00-14:59,1,0
N,PROPERTY DAMAGE ONLY,\N,N,2022,MONDAY,SINGLE VEHICLE,N,N,49.373875,-123.272954,Y,JULY,N,WEST VANCOUVER,WEST VANCOUVER,WEST VANCOUVER,N,N,N,LOWER MAINLAND,KEITH RD # 006600 TO 006768,KEITH RD,KEITH RD,12:00-14:59,1,0
N,PROPERTY DAMAGE ONLY,\N,N,2022,MONDAY,SINGLE VEHICLE,N,N,49.475524,-123.754449,Y,JULY,N,SECHELT,SECHELT,SECHELT,N,Y,N,LOWER MAINLAND,WHARF AVE # 005560 TO 005649,WHARF AVE,WHARF AVE,12:00-14:59,1,0
N,PROPERTY DAMAGE ONLY,\N,N,2022,MONDAY,SINGLE VEHICLE,N,N,49.491124,-119.574282,Y,JULY,N,PENTICTON,PENTICTON,PENTICTON,N,N,N,SOUTHERN INTERIOR,KENSINGTON ST # 000974 TO 001099,KENSINGTON ST,KENSINGTON ST,12:00-14:59,1,0
N,PROPERTY DAMAGE ONLY,\N,N,2022,MONDAY,SINGLE VEHICLE,N,N,49.702799,-123.147795,Y,JULY,N,SQUAMISH,SQUAMISH,SQUAMISH,N,Y,N,LOWER MAINLAND,HUNTER PL # 001200 TO 001249,HUNTER PL,HUNTER PL,12:00-14:59,1,0
N,PROPERTY DAMAGE ONLY,\N,N,2022,MONDAY,SINGLE VEHICLE,N,N,49.774428,-124.433355,Y,JULY,N,POWELL RIVER,POWELL RIVER,POWELL RIVER,N,Y,N,VANCOUVER ISLAND,WHALEN RD # 002160 TO 002219,WHALEN RD,WHALEN RD,12:00-14:59,1,0
N,PROPERTY DAMAGE ONLY,\N,N,2022,MONDAY,SINGLE VEHICLE,N,N,49.808255,-119.499525,Y,JULY,N,KELOWNA,KELOWNA,KELOWNA,N,Y,N,SOUTHERN INTERIOR,CHUTE LAKE RD # 004800 TO 004923,CHUTE LAKE RD,CHUTE LAKE RD,12:00-14:59,1,0
N,PROPERTY DAMAGE ONLY,\N,N,2022,MONDAY,SINGLE VEHICLE,N,N,49.868486,-119.552511,Y,JULY,N,WEST KELOWNA,WEST KELOWNA,WEST KELOWNA,N,N,N,SOUTHERN INTERIOR,BOUCHERIE RD # 002300 TO 002481,BOUCHERIE RD,BOUCHERIE RD,12:00-14:59,1,0
N,PROPERTY DAMAGE ONLY,\N,N,2022,MONDAY,SINGLE VEHICLE,N,N,49.873946,-119.491229,Y,JULY,N,KELOWNA,KELOWNA,KELOWNA,N,Y,N,SOUTHERN INTERIOR,PANDOSY ST # 002222 TO 002269,PANDOSY ST,PANDOSY ST,12:00-14:59,1,0
N,PROPERTY DAMAGE ONLY,\N,N,2022,MONDAY,SINGLE VEHICLE,N,N,49.882056,-119.467554,Y,JULY,N,KELOWNA,KELOWNA,KELOWNA,N,Y,N,SOUTHERN INTERIOR,HARVEY AVE # 001382 TO 001498 even,HARVEY AVE,HARVEY AVE,12:00-14:59,1,0
N,PROPERTY DAMAGE ONLY,\N,N,2022,MONDAY,SINGLE VEHICLE,N,N,49.887332,-119.485607,Y,JULY,N,KELOWNA,KELOWNA,KELOWNA,N,N,N,SOUTHERN INTERIOR,LAWSON AVE # 000700 TO 000899,LAWSON AVE,LAWSON AVE,12:00-14:59,1,0
N,PROPERTY DAMAGE ONLY,\N,N,2022,MONDAY,SINGLE VEHICLE,N,N,49.888987,-119.492667,Y,JULY,N,KELOWNA,KELOWNA,KELOWNA,N,N,N,SOUTHERN INTERIOR,DOYLE AVE # 000500 TO 000549,DOYLE AVE,DOYLE AVE,12:00-14:59,1,0
N,PROPERTY DAMAGE ONLY,\N,N,2022,MONDAY,SINGLE VEHICLE,N,N,49.896735,-119.498633,Y,JULY,N,KELOWNA,KELOWNA,KELOWNA,N,N,N,SOUTHERN INTERIOR,SUNSET DR # 001000 TO 001073,SUNSET DR,SUNSET DR,12:00-14:59,1,0
N,PROPERTY DAMAGE ONLY,\N,N,2022,MONDAY,SINGLE VEHICLE,N,N,49.912249,-119.337465,Y,JULY,N,KELOWNA,KELOWNA,KELOWNA,N,Y,N,SOUTHERN INTERIOR,TOWER RANCH DR # 001680 TO 001900,TOWER RANCH DR,TOWER RANCH DR,12:00-14:59,1,0
N,PROPERTY DAMAGE ONLY,\N,N,2022,MONDAY,SINGLE VEHICLE,N,N,49.951014,-119.383524,Y,JULY,N,KELOWNA,KELOWNA,KELOWNA,N,Y,N,SOUTHERN INTERIOR,AIRPORT WAY # 005531 TO 005535 odd,AIRPORT WAY,AIRPORT WAY,12:00-14:59,1,0
N,PROPERTY DAMAGE ONLY,\N,N,2022,MONDAY,SINGLE VEHICLE,N,N,50.486284,-119.533691,Y,JULY,N,FALKLAND,FALKLAND,FALKLAND,N,N,N,SOUTHERN INTERIOR,HWY 97 # 005400 TO 005415,HWY 97,HWY 97,12:00-14:59,1,0
N,PROPERTY DAMAGE ONLY,\N,N,2022,MONDAY,SINGLE VEHICLE,N,N,51.646001,-121.296344,Y,JULY,N,100 MILE HOUSE,100 MILE HOUSE,100 MILE HOUSE,Y,Y,N,NORTH CENTRAL,HWY 97 # 000104 TO 000199,HWY 97,HWY 97,12:00-14:59,1,0
N,PROPERTY DAMAGE ONLY,\N,N,2022,MONDAY,SINGLE VEHICLE,N,N,53.887302,-122.815947,Y,JULY,N,PRINCE GEORGE,PRINCE GEORGE,PRINCE GEORGE,N,Y,N,NORTH CENTRAL,UNIVERSITY WAY # 003300 TO 003339,UNIVERSITY WAY,UNIVERSITY WAY,12:00-14:59,1,0
N,PROPERTY DAMAGE ONLY,\N,N,2022,MONDAY,SINGLE VEHICLE,N,N,53.938375,-122.804663,Y,JULY,N,PRINCE GEORGE,PRINCE GEORGE,PRINCE GEORGE,N,N,N,NORTH CENTRAL,STIRLING DR # 001100 TO 001199,STIRLING DR,STIRLING DR,12:00-14:59,1,0
N,PROPERTY DAMAGE ONLY,\N,N,2022,MONDAY,SINGLE VEHICLE,N,N,54.520545,-128.602011,Y,JULY,N,TERRACE,TERRACE,TERRACE,N,N,N,NORTH CENTRAL,WALSH AVE # 004800 TO 004841,WALSH AVE,WALSH AVE,12:00-14:59,1,0
N,PROPERTY DAMAGE ONLY,\N,N,2022,MONDAY,SINGLE VEHICLE,N,N,55.335527,-123.081084,Y,JULY,N,MACKENZIE,MACKENZIE,MACKENZIE,Y,N,N,NORTH CENTRAL,PINE CRES # 000023 TO 000029 odd,PINE CRES,PINE CRES,12:00-14:59,1,0
N,PROPERTY DAMAGE ONLY,\N,N,2022,MONDAY,SINGLE VEHICLE,N,N,56.249758,-120.847476,Y,JULY,N,FORT ST. JOHN,FORT ST. JOHN,FORT ST. JOHN,N,N,N,NORTH CENTRAL,100 ST # 010300 TO 010399,100 ST,100 ST,12:00-14:59,1,0
N,PROPERTY DAMAGE ONLY,\N,N,2022,MONDAY,SINGLE VEHICLE,Y,N,\N,\N,N,JULY,N,HOPE,HOPE,\N,N,N,N,LOWER MAINLAND,UNKNOWN,EXIT 170,EXIT 170,12:00-14:59,1,0
N,PROPERTY DAMAGE ONLY,\N,N,2022,MONDAY,SINGLE VEHICLE,Y,N,\N,\N,N,JULY,N,QUESNEL,QUESNEL,\N,N,N,N,NORTH CENTRAL,UNKNOWN,BARKERVILLE HWY,BARKERVILLE HWY,12:00-14:59,1,0
N,PROPERTY DAMAGE ONLY,\N,N,2022,MONDAY,SINGLE VEHICLE,Y,N,49.071606,-122.377458,Y,JULY,N,ABBOTSFORD,ABBOTSFORD,ABBOTSFORD,N,N,N,LOWER MAINLAND,BROOKSIDE AVE # 030400 TO 030699,BROOKSIDE AVE,BROOKSIDE AVE,12:00-14:59,1,0
N,PROPERTY DAMAGE ONLY,\N,N,2022,MONDAY,SINGLE VEHICLE,Y,N,49.209844,-123.131576,Y,JULY,N,VANCOUVER,VANCOUVER,VANCOUVER,N,N,N,LOWER MAINLAND,OSLER ST # 008300 TO 008588,OSLER ST,OSLER ST,12:00-14:59,1,0
N,PROPERTY DAMAGE ONLY,\N,N,2022,MONDAY,SINGLE VEHICLE,Y,N,49.246413,-123.074493,Y,JULY,N,VANCOUVER,VANCOUVER,VANCOUVER,N,Y,N,LOWER MAINLAND,E 27TH AVE # 001414 TO 001499,E 27TH AVE,E 27TH AVE,12:00-14:59,1,0
N,PROPERTY DAMAGE ONLY,\N,N,2022,MONDAY,SINGLE VEHICLE,Y,N,49.28592,-123.118844,Y,JULY,N,VANCOUVER,VANCOUVER,VANCOUVER,N,N,N,LOWER MAINLAND,BURRARD ST # 000528 TO 000599,BURRARD ST,BURRARD ST,12:00-14:59,1,0
N,PROPERTY DAMAGE ONLY,\N,N,2022,MONDAY,SINGLE VEHICLE,Y,N,49.320949,-124.312141,Y,JULY,N,PARKSVILLE,PARKSVILLE,PARKSVILLE,N,N,N,VANCOUVER ISLAND,ISLAND HWY E # 000101 TO 000105 odd,ISLAND HWY E,ISLAND HWY E,12:00-14:59,1,0
N,PROPERTY DAMAGE ONLY,\N,N,2022,MONDAY,SINGLE VEHICLE,Y,N,49.67038,-124.978944,Y,JULY,N,COURTENAY,COURTENAY,COURTENAY,N,N,N,VANCOUVER ISLAND,CLIFFE AVE # 003020 TO 003028 even,CLIFFE AVE,CLIFFE AVE,12:00-14:59,1,0
N,PROPERTY DAMAGE ONLY,\N,N,2022,MONDAY,UNDETERMINED,N,N,\N,\N,N,JULY,N,100 MILE HOUSE,100 MILE HOUSE,\N,Y,Y,N,NORTH CENTRAL,UNKNOWN,SALLOWS CRES,SALLOWS CRES,12:00-14:59,1,0
N,PROPERTY DAMAGE ONLY,\N,N,2022,MONDAY,UNDETERMINED,N,N,\N,\N,N,JULY,N,ARMSTRONG,ARMSTRONG,\N,N,N,N,SOUTHERN INTERIOR,UNKNOWN,MCLEERY RD,MCLEERY RD,12:00-14:59,1,0
N,PROPERTY DAMAGE ONLY,\N,N,2022,MONDAY,UNDETERMINED,N,N,\N,\N,N,JULY,N,CASTLEGAR,CASTLEGAR,\N,Y,N,N,SOUTHERN INTERIOR,UNKNOWN,6TH AVE,6TH AVE,12:00-14:59,1,0
N,PROPERTY DAMAGE ONLY,\N,N,2022,MONDAY,UNDETERMINED,N,N,\N,\N,N,JULY,N,CRESTON,CRESTON,\N,N,N,N,SOUTHERN INTERIOR,UNKNOWN,WELLSPRING RD,WELLSPRING RD,12:00-14:59,1,0
N,PROPERTY DAMAGE ONLY,\N,N,2022,MONDAY,UNDETERMINED,N,N,\N,\N,N,JULY,N,DUNCAN,DUNCAN,\N,Y,N,N,VANCOUVER ISLAND,UNKNOWN,UNKNOWN,UNKNOWN,12:00-14:59,1,0
N,PROPERTY DAMAGE ONLY,\N,N,2022,MONDAY,UNDETERMINED,N,N,\N,\N,N,JULY,N,ESQUIMALT,ESQUIMALT,\N,Y,N,N,VANCOUVER ISLAND,UNKNOWN,ESQUIMALT RD,ESQUIMALT RD,12:00-14:59,1,0
N,PROPERTY DAMAGE ONLY,\N,N,2022,MONDAY,UNDETERMINED,N,N,\N,\N,N,JULY,N,FORT ST. JAMES,FORT ST. JAMES,\N,Y,N,N,NORTH CENTRAL,UNKNOWN,UNKNOWN,UNKNOWN,12:00-14:59,1,0
N,PROPERTY DAMAGE ONLY,\N,N,2022,MONDAY,UNDETERMINED,N,N,\N,\N,N,JULY,N,FORT ST. JOHN,FORT ST. JOHN,\N,N,N,N,NORTH CENTRAL,UNKNOWN,100 AVE,100 AVE,12:00-14:59,1,0
N,PROPERTY DAMAGE ONLY,\N,N,2022,MONDAY,UNDETERMINED,N,N,\N,\N,N,JULY,N,GITWINKSIHLKW,GITWINKSIHLKW,\N,Y,N,N,NORTH CENTRAL,UNKNOWN,NASS RIVER,NASS RIVER,12:00-14:59,1,0
N,PROPERTY DAMAGE ONLY,\N,N,2022,MONDAY,UNDETERMINED,N,N,\N,\N,N,JULY,N,HOPE,HOPE,\N,Y,N,N,LOWER MAINLAND,UNKNOWN,SILVER SKAGIT RD,SILVER SKAGIT RD,12:00-14:59,1,0
N,PROPERTY DAMAGE ONLY,\N,N,2022,MONDAY,UNDETERMINED,N,N,\N,\N,N,JULY,N,KAMLOOPS,KAMLOOPS,\N,Y,Y,N,SOUTHERN INTERIOR,UNKNOWN,TRANS-CANADA HWY EAST,TRANS-CANADA HWY EAST,12:00-14:59,1,0
N,PROPERTY DAMAGE ONLY,\N,N,2022,MONDAY,UNDETERMINED,N,N,\N,\N,N,JULY,N,KELOWNA,KELOWNA,\N,Y,Y,N,SOUTHERN INTERIOR,UNKNOWN,SUTHERLAND DR,SUTHERLAND DR,12:00-14:59,1,0
N,PROPERTY DAMAGE ONLY,\N,N,2022,MONDAY,UNDETERMINED,N,N,\N,\N,N,JULY,N,LAC LA HACHE,LAC LA HACHE,\N,Y,N,N,NORTH CENTRAL,UNKNOWN,WAITE RD,WAITE RD,12:00-14:59,1,0
N,PROPERTY DAMAGE ONLY,\N,N,2022,MONDAY,UNDETERMINED,N,N,\N,\N,N,JULY,N,LANGFORD,LANGFORD,\N,Y,Y,N,VANCOUVER ISLAND,UNKNOWN,MERCHANT WAY,MERCHANT WAY,12:00-14:59,1,0
N,PROPERTY DAMAGE ONLY,\N,N,2022,MONDAY,UNDETERMINED,N,N,\N,\N,N,JULY,N,LANGLEY,LANGLEY,\N,Y,Y,N,LOWER MAINLAND,UNKNOWN,GLOVER ROAD,GLOVER ROAD,12:00-14:59,1,0
N,PROPERTY DAMAGE ONLY,\N,N,2022,MONDAY,UNDETERMINED,N,N,\N,\N,N,JULY,N,NANAIMO,NANAIMO,\N,Y,N,N,VANCOUVER ISLAND,UNKNOWN,JINGLE POT RD,JINGLE POT RD,12:00-14:59,1,0
N,PROPERTY DAMAGE ONLY,\N,N,2022,MONDAY,UNDETERMINED,N,N,\N,\N,N,JULY,N,NEW WESTMINSTER,NEW WESTMINSTER,\N,Y,N,N,LOWER MAINLAND,UNKNOWN,SEVENTEENTH ST,SEVENTEENTH ST,12:00-14:59,1,0
N,PROPERTY DAMAGE ONLY,\N,N,2022,MONDAY,UNDETERMINED,N,N,\N,\N,N,JULY,N,NORTH VANCOUVER,NORTH VANCOUVER,\N,N,N,N,LOWER MAINLAND,UNKNOWN,FORESTER ST,FORESTER ST,12:00-14:59,1,0
N,PROPERTY DAMAGE ONLY,\N,N,2022,MONDAY,UNDETERMINED,N,N,\N,\N,N,JULY,N,PARKSVILLE,PARKSVILLE,\N,Y,Y,N,VANCOUVER ISLAND,UNKNOWN,EAST ISLAND HIWAY,EAST ISLAND HIWAY,12:00-14:59,1,0
N,PROPERTY DAMAGE ONLY,\N,N,2022,MONDAY,UNDETERMINED,N,N,\N,\N,N,JULY,N,PORT COQUITLAM,PORT COQUITLAM,\N,Y,N,N,LOWER MAINLAND,UNKNOWN,NICOLA AVE,NICOLA AVE,12:00-14:59,1,0
N,PROPERTY DAMAGE ONLY,\N,N,2022,MONDAY,UNDETERMINED,N,N,\N,\N,N,JULY,N,REVELSTOKE,REVELSTOKE,\N,N,Y,N,SOUTHERN INTERIOR,UNKNOWN,4TH ST E,4TH ST E,12:00-14:59,1,0
N,PROPERTY DAMAGE ONLY,\N,N,2022,MONDAY,UNDETERMINED,N,N,\N,\N,N,JULY,N,SAANICH,SAANICH,\N,N,Y,N,VANCOUVER ISLAND,UNKNOWN,SAANICH RD W,SAANICH RD W,12:00-14:59,1,0
N,PROPERTY DAMAGE ONLY,\N,N,2022,MONDAY,UNDETERMINED,N,N,\N,\N,N,JULY,N,SAANICH,SAANICH,\N,Y,N,N,VANCOUVER ISLAND,UNKNOWN,QU'APPELLE ST,QU'APPELLE ST,12:00-14:59,1,0
N,PROPERTY DAMAGE ONLY,\N,N,2022,MONDAY,UNDETERMINED,N,N,\N,\N,N,JULY,N,SHAWNIGAN LAKE,SHAWNIGAN LAKE,\N,Y,Y,N,VANCOUVER ISLAND,UNKNOWN,RECREATION ROAD,RECREATION ROAD,12:00-14:59,1,0
N,PROPERTY DAMAGE ONLY,\N,N,2022,MONDAY,UNDETERMINED,N,N,\N,\N,N,JULY,N,SIDNEY,SIDNEY,\N,Y,Y,N,VANCOUVER ISLAND,UNKNOWN,PATRICIA BAY HWY,PATRICIA BAY HWY,12:00-14:59,1,0
N,PROPERTY DAMAGE ONLY,\N,N,2022,MONDAY,UNDETERMINED,N,N,\N,\N,N,JULY,N,TAYLOR,TAYLOR,\N,Y,N,N,NORTH CENTRAL,UNKNOWN,HWY 97 N,HWY 97 N,12:00-14:59,1,0
N,PROPERTY DAMAGE ONLY,\N,N,2022,MONDAY,UNDETERMINED,N,N,\N,\N,N,JULY,N,UNKNOWN,UNKNOWN,\N,N,N,N,UNKNOWN,UNKNOWN,GRANVILLE ISLAND,GRANVILLE ISLAND,12:00-14:59,1,0
N,PROPERTY DAMAGE ONLY,\N,N,2022,MONDAY,UNDETERMINED,N,N,\N,\N,N,JULY,N,UNKNOWN,UNKNOWN,\N,N,N,N,UNKNOWN,UNKNOWN,UNKNOWN,UNKNOWN,12:00-14:59,3,0
N,PROPERTY DAMAGE ONLY,\N,N,2022,MONDAY,UNDETERMINED,N,N,\N,\N,N,JULY,N,UNKNOWN,UNKNOWN,\N,Y,N,N,UNKNOWN,UNKNOWN,GOWER POINT RD,GOWER POINT RD,12:00-14:59,1,0
N,PROPERTY DAMAGE ONLY,\N,N,2022,MONDAY,UNDETERMINED,N,N,\N,\N,N,JULY,N,UNKNOWN,UNKNOWN,\N,Y,N,N,UNKNOWN,UNKNOWN,PATBURNS AVE,PATBURNS AVE,12:00-14:59,1,0
N,PROPERTY DAMAGE ONLY,\N,N,2022,MONDAY,UNDETERMINED,N,N,\N,\N,N,JULY,N,VANCOUVER,VANCOUVER,\N,Y,N,N,LOWER MAINLAND,UNKNOWN,W 4TH AVE,W 4TH AVE,12:00-14:59,1,0
N,PROPERTY DAMAGE ONLY,\N,N,2022,MONDAY,UNDETERMINED,N,N,\N,\N,N,JULY,N,VERNON,VERNON,\N,Y,N,N,SOUTHERN INTERIOR,UNKNOWN,KALAMALKA LAKE RD,KALAMALKA LAKE RD,12:00-14:59,1,0
N,PROPERTY DAMAGE ONLY,\N,N,2022,MONDAY,UNDETERMINED,N,N,\N,\N,N,JULY,N,VICTORIA,VICTORIA,\N,N,N,N,VANCOUVER ISLAND,UNKNOWN,GORGE VIEW RD,GORGE VIEW RD,12:00-14:59,1,0
N,PROPERTY DAMAGE ONLY,\N,N,2022,MONDAY,UNDETERMINED,N,N,\N,\N,N,JULY,N,VICTORIA,VICTORIA,\N,Y,Y,N,VANCOUVER ISLAND,UNKNOWN,FISGARD ST,FISGARD ST,12:00-14:59,1,0
N,PROPERTY DAMAGE ONLY,\N,N,2022,MONDAY,UNDETERMINED,N,N,\N,\N,N,JULY,N,VICTORIA,VICTORIA,\N,Y,Y,N,VANCOUVER ISLAND,UNKNOWN,ROYAL OAK DR,ROYAL OAK DR,12:00-14:59,1,0
N,PROPERTY DAMAGE ONLY,\N,N,2022,MONDAY,UNDETERMINED,N,N,\N,\N,N,JULY,Y,CENTRAL SAANICH,CENTRAL SAANICH,\N,Y,Y,N,VANCOUVER ISLAND,UNKNOWN,EAST SAANICH RD,EAST SAANICH RD,12:00-14:59,1,0
N,PROPERTY DAMAGE ONLY,\N,N,2022,MONDAY,UNDETERMINED,N,N,\N,\N,N,JULY,Y,ENDERBY,ENDERBY,\N,N,N,N,SOUTHERN INTERIOR,UNKNOWN,BACK ENDERBY RD,BACK ENDERBY RD,12:00-14:59,1,0
N,PROPERTY DAMAGE ONLY,\N,N,2022,MONDAY,UNDETERMINED,N,N,48.378428,-123.722102,Y,JULY,N,SOOKE,SOOKE,SOOKE,Y,Y,N,VANCOUVER ISLAND,SOOKE RD # 006646 TO 006678,SOOKE RD,SOOKE RD,12:00-14:59,1,0
N,PROPERTY DAMAGE ONLY,\N,N,2022,MONDAY,UNDETERMINED,N,N,48.427448,-123.366912,Y,JULY,N,VICTORIA,VICTORIA,VICTORIA,N,N,N,VANCOUVER ISLAND,JOHNSON ST # 000600 TO 000615,JOHNSON ST,JOHNSON ST,12:00-14:59,1,0
N,PROPERTY DAMAGE ONLY,\N,N,2022,MONDAY,UNDETERMINED,N,N,48.427448,-123.366912,Y,JULY,N,VICTORIA,VICTORIA,VICTORIA,Y,N,N,VANCOUVER ISLAND,JOHNSON ST # 000600 TO 000615,JOHNSON ST,JOHNSON ST,12:00-14:59,1,0
N,PROPERTY DAMAGE ONLY,\N,N,2022,MONDAY,UNDETERMINED,N,N,48.429301,-123.325613,Y,JULY,N,VICTORIA,VICTORIA,VICTORIA,Y,N,N,VANCOUVER ISLAND,LEE AVE # 001700 TO 001799,LEE AVE,LEE AVE,12:00-14:59,1,0
N,PROPERTY DAMAGE ONLY,\N,N,2022,MONDAY,UNDETERMINED,N,N,48.43811,-123.371904,Y,JULY,N,VICTORIA,VICTORIA,VICTORIA,Y,N,N,VANCOUVER ISLAND,DAVID ST # 000500 TO 000599,DAVID ST,DAVID ST,12:00-14:59,1,0
N,PROPERTY DAMAGE ONLY,\N,N,2022,MONDAY,UNDETERMINED,N,N,48.445415,-123.333968,Y,JULY,N,VICTORIA,VICTORIA,VICTORIA,N,Y,N,VANCOUVER ISLAND,HILLSIDE AVE # 001634 TO 001699,HILLSIDE AVE,HILLSIDE AVE,12:00-14:59,1,0
N,PROPERTY DAMAGE ONLY,\N,N,2022,MONDAY,UNDETERMINED,N,N,48.453671,-123.374622,Y,JULY,N,SAANICH,SAANICH,SAANICH,N,Y,N,VANCOUVER ISLAND,SAANICH RD # 003400 TO 003459,SAANICH RD,SAANICH RD,12:00-14:59,1,0
N,PROPERTY DAMAGE ONLY,\N,N,2022,MONDAY,UNDETERMINED,N,N,48.773565,-123.703103,Y,JULY,N,DUNCAN,DUNCAN,DUNCAN,N,Y,N,VANCOUVER ISLAND,COWICHAN WAY # 000100 TO 000299,COWICHAN WAY,COWICHAN WAY,12:00-14:59,1,0
N,PROPERTY DAMAGE ONLY,\N,N,2022,MONDAY,UNDETERMINED,N,N,48.803125,-123.723035,Y,JULY,N,DUNCAN,DUNCAN,DUNCAN,Y,Y,N,VANCOUVER ISLAND,DRINKWATER RD # 003020 TO 003049,DRINKWATER RD,DRINKWATER RD,12:00-14:59,1,0
N,PROPERTY DAMAGE ONLY,\N,N,2022,MONDAY,UNDETERMINED,N,N,48.857257,-123.639375,Y,JULY,N,CROFTON,CROFTON,CROFTON,N,N,N,VANCOUVER ISLAND,HILLTOP CLOSE # 001490 TO 001499,HILLTOP CLOSE,HILLTOP CLOSE,12:00-14:59,1,0
N,PROPERTY DAMAGE ONLY,\N,N,2022,MONDAY,UNDETERMINED,N,N,49.008447,-123.043404,Y,JULY,N,DELTA,DELTA,DELTA,Y,N,N,LOWER MAINLAND,3 AVE # 006500 TO 006505,3 AVE,3 AVE,12:00-14:59,1,0
N,PROPERTY DAMAGE ONLY,\N,N,2022,MONDAY,UNDETERMINED,N,N,49.037613,-122.828296,Y,JULY,N,SURREY,SURREY,SURREY,Y,N,N,LOWER MAINLAND,19A AVE # 014224 TO 014251,19A AVE,19A AVE,12:00-14:59,1,0
N,PROPERTY DAMAGE ONLY,\N,N,2022,MONDAY,UNDETERMINED,N,N,49.045901,-122.779183,Y,JULY,N,SURREY,SURREY,SURREY,N,Y,N,LOWER MAINLAND,160 ST # 002400 TO 002418 even,160 ST,160 ST,12:00-14:59,1,0
N,PROPERTY DAMAGE ONLY,\N,N,2022,MONDAY,UNDETERMINED,N,N,49.046224,-122.779267,Y,JULY,N,SURREY,SURREY,SURREY,Y,Y,N,LOWER MAINLAND,160 ST # 002401 TO 002439 odd,160 ST,160 ST,12:00-14:59,1,0
N,PROPERTY DAMAGE ONLY,\N,N,2022,MONDAY,UNDETERMINED,N,N,49.055482,-118.218414,Y,JULY,N,CHRISTINA LAKE,CHRISTINA LAKE,CHRISTINA LAKE,Y,N,N,SOUTHERN INTERIOR,JOHNSON RD # 000040 TO 000069,JOHNSON RD,JOHNSON RD,12:00-14:59,1,0
N,PROPERTY DAMAGE ONLY,\N,N,2022,MONDAY,UNDETERMINED,N,N,49.061523,-122.799342,Y,JULY,N,SURREY,SURREY,SURREY,Y,Y,N,LOWER MAINLAND,32 AVE DIVERS # 015200 TO 015298 even,32 AVE,32 AVE,12:00-14:59,1,0
N,PROPERTY DAMAGE ONLY,\N,N,2022,MONDAY,UNDETERMINED,N,N,49.079344,-122.821371,Y,JULY,N,SURREY,SURREY,SURREY,Y,Y,N,LOWER MAINLAND,KING GEORGE BLVD # 004201 TO 004343 odd,KING GEORGE BLVD,KING GEORGE BLVD,12:00-14:59,1,0
N,PROPERTY DAMAGE ONLY,\N,N,2022,MONDAY,UNDETERMINED,N,N,49.093967,-122.616893,Y,JULY,N,LANGLEY,LANGLEY,LANGLEY,N,Y,N,LOWER MAINLAND,FRASER HWY # 021703 TO 022051 odd,FRASER HWY,FRASER HWY,12:00-14:59,1,0
N,PROPERTY DAMAGE ONLY,\N,N,2022,MONDAY,UNDETERMINED,N,N,49.100273,-122.658262,Y,JULY,N,LANGLEY,LANGLEY,LANGLEY,Y,Y,N,LOWER MAINLAND,54 AVE # 020300 TO 020399,54 AVE,54 AVE,12:00-14:59,1,0
N,PROPERTY DAMAGE ONLY,\N,N,2022,MONDAY,UNDETERMINED,N,N,49.104123,-122.730995,Y,JULY,N,SURREY,SURREY,SURREY,N,Y,N,LOWER MAINLAND,56 AVE # 017730 TO 017768 even,56 AVE,56 AVE,12:00-14:59,1,0
N,PROPERTY DAMAGE ONLY,\N,N,2022,MONDAY,UNDETERMINED,N,N,49.106916,-122.812289,Y,JULY,N,SURREY,SURREY,SURREY,Y,N,N,LOWER MAINLAND,148 ST # 005700 TO 005749,148 ST,148 ST,12:00-14:59,1,0
N,PROPERTY DAMAGE ONLY,\N,N,2022,MONDAY,UNDETERMINED,N,N,49.108665,-121.959034,Y,JULY,N,CHILLIWACK,CHILLIWACK,CHILLIWACK,Y,Y,N,LOWER MAINLAND,VEDDER RD # 005812 TO 005865,VEDDER RD,VEDDER RD,12:00-14:59,1,0
N,PROPERTY DAMAGE ONLY,\N,N,2022,MONDAY,UNDETERMINED,N,N,49.110302,-121.937832,Y,JULY,N,CHILLIWACK,CHILLIWACK,CHILLIWACK,N,Y,N,LOWER MAINLAND,RIVERSTONE ST # 005920 TO 005999,RIVERSTONE ST,RIVERSTONE ST,12:00-14:59,1,0
N,PROPERTY DAMAGE ONLY,\N,N,2022,MONDAY,UNDETERMINED,N,N,49.118452,-121.951861,Y,JULY,N,CHILLIWACK,CHILLIWACK,CHILLIWACK,Y,N,N,LOWER MAINLAND,SOUTH SUMAS RD # 045896 TO 045900,SOUTH SUMAS RD,SOUTH SUMAS RD,12:00-14:59,1,0
N,PROPERTY DAMAGE ONLY,\N,N,2022,MONDAY,UNDETERMINED,N,N,49.118671,-119.730284,Y,JULY,N,CAWSTON,CAWSTON,CAWSTON,N,N,N,SOUTHERN INTERIOR,HWY 3 # 001368 TO 001505,HWY 3,HWY 3,12:00-14:59,1,0
N,PROPERTY DAMAGE ONLY,\N,N,2022,MONDAY,UNDETERMINED,N,N,49.118805,-122.732931,Y,JULY,N,SURREY,SURREY,SURREY,Y,Y,N,LOWER MAINLAND,64 AVE # 017651 TO 017699 odd,64 AVE,64 AVE,12:00-14:59,1,0
N,PROPERTY DAMAGE ONLY,\N,N,2022,MONDAY,UNDETERMINED,N,N,49.121497,-122.89276,Y,JULY,N,DELTA,DELTA,DELTA,Y,N,N,LOWER MAINLAND,SUNWOOD DR # 006510 TO 006540,SUNWOOD DR,SUNWOOD DR,12:00-14:59,1,0
N,PROPERTY DAMAGE ONLY,\N,N,2022,MONDAY,UNDETERMINED,N,N,49.123569,-122.624281,Y,JULY,N,LANGLEY,LANGLEY,LANGLEY,Y,Y,N,LOWER MAINLAND,216 ST # 006530 TO 006789,216 ST,216 ST,12:00-14:59,1,0
N,PROPERTY DAMAGE ONLY,\N,N,2022,MONDAY,UNDETERMINED,N,N,49.137138,-122.700283,Y,JULY,N,SURREY,SURREY,SURREY,N,Y,N,LOWER MAINLAND,74 AVE # 018500 TO 019199,74 AVE,74 AVE,12:00-14:59,1,0
N,PROPERTY DAMAGE ONLY,\N,N,2022,MONDAY,UNDETERMINED,N,N,49.149127,-123.151632,Y,JULY,N,RICHMOND,RICHMOND,RICHMOND,Y,N,N,LOWER MAINLAND,DUNSANY PL # 006700 TO 006999,DUNSANY PL,DUNSANY PL,12:00-14:59,1,0
N,PROPERTY DAMAGE ONLY,\N,N,2022,MONDAY,UNDETERMINED,N,N,49.151358,-122.890447,Y,JULY,N,DELTA,DELTA,DELTA,Y,Y,N,LOWER MAINLAND,120 ST # 008101 TO 008199 odd,120 ST,120 ST,12:00-14:59,1,0
N,PROPERTY DAMAGE ONLY,\N,N,2022,MONDAY,UNDETERMINED,N,N,49.151861,-121.977356,Y,JULY,N,CHILLIWACK,CHILLIWACK,CHILLIWACK,Y,Y,N,LOWER MAINLAND,EAGLE LANDING PKY # 008208 TO 008261,EAGLE LANDING PKY,EAGLE LANDING PKY,12:00-14:59,1,0
N,PROPERTY DAMAGE ONLY,\N,N,2022,MONDAY,UNDETERMINED,N,N,49.16267,-123.135127,Y,JULY,N,RICHMOND,RICHMOND,RICHMOND,Y,Y,N,LOWER MAINLAND,GRANVILLE AVE # 008000 TO 008198 even,GRANVILLE AVE,GRANVILLE AVE,12:00-14:59,1,0
N,PROPERTY DAMAGE ONLY,\N,N,2022,MONDAY,UNDETERMINED,N,N,49.163451,-122.974504,Y,JULY,N,DELTA,DELTA,DELTA,Y,Y,N,LOWER MAINLAND,FOSTERS WAY # 001610 TO 001699,FOSTERS WAY,FOSTERS WAY,12:00-14:59,1,0
N,PROPERTY DAMAGE ONLY,\N,N,2022,MONDAY,UNDETERMINED,N,N,49.164671,-123.940772,Y,JULY,N,NANAIMO,NANAIMO,NANAIMO,Y,N,N,VANCOUVER ISLAND,WESLEY ST # 000300 TO 000399,WESLEY ST,WESLEY ST,12:00-14:59,1,0
N,PROPERTY DAMAGE ONLY,\N,N,2022,MONDAY,UNDETERMINED,N,N,49.164713,-123.135101,Y,JULY,N,RICHMOND,RICHMOND,RICHMOND,Y,Y,N,LOWER MAINLAND,PARK RD # 008000 TO 008199,PARK RD,PARK RD,12:00-14:59,1,0
N,PROPERTY DAMAGE ONLY,\N,N,2022,MONDAY,UNDETERMINED,N,N,49.169477,-122.946684,Y,JULY,N,DELTA,DELTA,DELTA,Y,Y,N,LOWER MAINLAND,CHESTER RD # 000500 TO 000699,CHESTER RD,CHESTER RD,12:00-14:59,1,0
N,PROPERTY DAMAGE ONLY,\N,N,2022,MONDAY,UNDETERMINED,N,N,49.170241,-123.133994,Y,JULY,N,RICHMOND,RICHMOND,RICHMOND,Y,Y,N,LOWER MAINLAND,WESTMINSTER HWY # 008001 TO 008399 odd,WESTMINSTER HWY,WESTMINSTER HWY,12:00-14:59,1,0
N,PROPERTY DAMAGE ONLY,\N,N,2022,MONDAY,UNDETERMINED,N,N,49.171477,-123.147403,Y,JULY,N,RICHMOND,RICHMOND,RICHMOND,Y,Y,N,LOWER MAINLAND,GILBERT RD # 005700 TO 005998 even,GILBERT RD,GILBERT RD,12:00-14:59,1,0
N,PROPERTY DAMAGE ONLY,\N,N,2022,MONDAY,UNDETERMINED,N,N,49.183767,-122.867702,Y,JULY,N,SURREY,SURREY,SURREY,Y,N,N,LOWER MAINLAND,128 ST # 009922 TO 009999,128 ST,128 ST,12:00-14:59,1,0
N,PROPERTY DAMAGE ONLY,\N,N,2022,MONDAY,UNDETERMINED,N,N,49.184997,-122.845351,Y,JULY,N,SURREY,SURREY,SURREY,Y,Y,N,LOWER MAINLAND,KING GEORGE BLVD # 010000 TO 010080 even,KING GEORGE BLVD,KING GEORGE BLVD,12:00-14:59,1,0
N,PROPERTY DAMAGE ONLY,\N,N,2022,MONDAY,UNDETERMINED,N,N,49.190792,-122.928011,Y,JULY,N,NEW WESTMINSTER,NEW WESTMINSTER,NEW WESTMINSTER,N,N,N,LOWER MAINLAND,SALTER ST # 000262 TO 000320,SALTER ST,SALTER ST,12:00-14:59,1,0
N,PROPERTY DAMAGE ONLY,\N,N,2022,MONDAY,UNDETERMINED,N,N,49.191434,-122.799494,Y,JULY,N,SURREY,SURREY,SURREY,Y,Y,N,LOWER MAINLAND,104 AVE # 015200 TO 015298 even,104 AVE,104 AVE,12:00-14:59,1,0
N,PROPERTY DAMAGE ONLY,\N,N,2022,MONDAY,UNDETERMINED,N,N,49.191452,-122.796741,Y,JULY,N,SURREY,SURREY,SURREY,N,N,N,LOWER MAINLAND,104 AVE # 015300 TO 015398 even,104 AVE,104 AVE,12:00-14:59,1,0
N,PROPERTY DAMAGE ONLY,\N,N,2022,MONDAY,UNDETERMINED,N,N,49.191973,-123.090511,Y,JULY,N,RICHMOND,RICHMOND,RICHMOND,Y,Y,N,LOWER MAINLAND,BRIDGEPORT RD # 012000 TO 012149,BRIDGEPORT RD,BRIDGEPORT RD,12:00-14:59,1,0
N,PROPERTY DAMAGE ONLY,\N,N,2022,MONDAY,UNDETERMINED,N,N,49.192196,-122.845238,Y,JULY,N,SURREY,SURREY,SURREY,N,Y,N,LOWER MAINLAND,KING GEORGE BLVD # 010400 TO 010448 even,KING GEORGE BLVD,KING GEORGE BLVD,12:00-14:59,1,0
N,PROPERTY DAMAGE ONLY,\N,N,2022,MONDAY,UNDETERMINED,N,N,49.19289,-123.161328,Y,JULY,N,RICHMOND,RICHMOND,RICHMOND,Y,Y,N,LOWER MAINLAND,GRANT MCCONACHIE WAY # 005115 TO 006249 odd,GRANT MCCONACHIE WAY,GRANT MCCONACHIE WAY,12:00-14:59,1,0
N,PROPERTY DAMAGE ONLY,\N,N,2022,MONDAY,UNDETERMINED,N,N,49.198792,-122.779196,Y,JULY,N,SURREY,SURREY,SURREY,Y,Y,N,LOWER MAINLAND,108 AVE # 015940 TO 015999,108 AVE,108 AVE,12:00-14:59,1,0
N,PROPERTY DAMAGE ONLY,\N,N,2022,MONDAY,UNDETERMINED,N,N,49.201955,-123.103295,Y,JULY,N,RICHMOND,RICHMOND,RICHMOND,Y,Y,N,LOWER MAINLAND,TWIGG PL # 011290 TO 011399,TWIGG PL,TWIGG PL,12:00-14:59,1,0
N,PROPERTY DAMAGE ONLY,\N,N,2022,MONDAY,UNDETERMINED,N,N,49.21549,-122.645807,Y,JULY,N,MAPLE RIDGE,MAPLE RIDGE,MAPLE RIDGE,Y,N,N,LOWER MAINLAND,GRAVES ST # 011720 TO 011769,GRAVES ST,GRAVES ST,12:00-14:59,1,0
N,PROPERTY DAMAGE ONLY,\N,N,2022,MONDAY,UNDETERMINED,N,N,49.220446,-122.600705,Y,JULY,N,MAPLE RIDGE,MAPLE RIDGE,MAPLE RIDGE,Y,Y,N,LOWER MAINLAND,DEWDNEY TRUNK RD # 022400 TO 022449,DEWDNEY TRUNK RD,DEWDNEY TRUNK RD,12:00-14:59,1,0
N,PROPERTY DAMAGE ONLY,\N,N,2022,MONDAY,UNDETERMINED,N,N,49.225113,-124.036502,Y,JULY,N,NANAIMO,NANAIMO,NANAIMO,N,Y,N,VANCOUVER ISLAND,TURNER RD # 005782 TO 005808 even,TURNER RD,TURNER RD,12:00-14:59,1,0
N,PROPERTY DAMAGE ONLY,\N,N,2022,MONDAY,UNDETERMINED,N,N,49.227076,-122.995313,Y,JULY,N,BURNABY,BURNABY,BURNABY,N,Y,N,LOWER MAINLAND,KINGSWAY # 004800 TO 004899,KINGSWAY,KINGSWAY,12:00-14:59,1,0
N,PROPERTY DAMAGE ONLY,\N,N,2022,MONDAY,UNDETERMINED,N,N,49.227076,-122.995313,Y,JULY,N,BURNABY,BURNABY,BURNABY,Y,Y,N,LOWER MAINLAND,KINGSWAY # 004800 TO 004899,KINGSWAY,KINGSWAY,12:00-14:59,1,0
N,PROPERTY DAMAGE ONLY,\N,N,2022,MONDAY,UNDETERMINED,N,N,49.228116,-122.998531,Y,JULY,N,BURNABY,BURNABY,BURNABY,Y,N,N,LOWER MAINLAND,KINGSWAY # 004700 TO 004749,KINGSWAY,KINGSWAY,12:00-14:59,1,0
N,PROPERTY DAMAGE ONLY,\N,N,2022,MONDAY,UNDETERMINED,N,N,49.228116,-122.998531,Y,JULY,N,BURNABY,BURNABY,BURNABY,Y,Y,N,LOWER MAINLAND,KINGSWAY # 004700 TO 004749,KINGSWAY,KINGSWAY,12:00-14:59,2,0
N,PROPERTY DAMAGE ONLY,\N,N,2022,MONDAY,UNDETERMINED,N,N,49.231327,-123.055211,Y,JULY,N,VANCOUVER,VANCOUVER,VANCOUVER,Y,N,N,LOWER MAINLAND,CLARENDON ST # 005751 TO 005829,CLARENDON ST,CLARENDON ST,12:00-14:59,1,0
N,PROPERTY DAMAGE ONLY,\N,N,2022,MONDAY,UNDETERMINED,N,N,49.234435,-123.161351,Y,JULY,N,VANCOUVER,VANCOUVER,VANCOUVER,Y,N,N,LOWER MAINLAND,BALSAM ST # 005700 TO 005751,BALSAM ST,BALSAM ST,12:00-14:59,1,0
N,PROPERTY DAMAGE ONLY,\N,N,2022,MONDAY,UNDETERMINED,N,N,49.241279,-123.059615,Y,JULY,N,VANCOUVER,VANCOUVER,VANCOUVER,Y,N,N,LOWER MAINLAND,E 30TH AVE # 002252 TO 002285,E 30TH AVE,E 30TH AVE,12:00-14:59,1,0
N,PROPERTY DAMAGE ONLY,\N,N,2022,MONDAY,UNDETERMINED,N,N,49.244911,-122.756121,Y,JULY,N,PORT COQUITLAM,PORT COQUITLAM,PORT COQUITLAM,N,Y,N,LOWER MAINLAND,COAST MERIDIAN RD # 001546 TO 001699,COAST MERIDIAN RD,COAST MERIDIAN RD,12:00-14:59,1,0
N,PROPERTY DAMAGE ONLY,\N,N,2022,MONDAY,UNDETERMINED,N,N,49.246586,-124.087335,Y,JULY,N,LANTZVILLE,LANTZVILLE,LANTZVILLE,Y,Y,N,VANCOUVER ISLAND,INDUSTRIAL RD # 007384 TO 007456,INDUSTRIAL RD,INDUSTRIAL RD,12:00-14:59,1,0
N,PROPERTY DAMAGE ONLY,\N,N,2022,MONDAY,UNDETERMINED,N,N,49.2491,-122.895415,Y,JULY,N,BURNABY,BURNABY,BURNABY,N,Y,N,LOWER MAINLAND,AUSTIN RD # 009855 TO 009865 odd,AUSTIN RD,AUSTIN RD,12:00-14:59,1,0
N,PROPERTY DAMAGE ONLY,\N,N,2022,MONDAY,UNDETERMINED,N,N,49.251491,-122.866988,Y,JULY,N,COQUITLAM,COQUITLAM,COQUITLAM,Y,Y,N,LOWER MAINLAND,KING ALBERT AVE # 000966 TO 001029,KING ALBERT AVE,KING ALBERT AVE,12:00-14:59,1,0
N,PROPERTY DAMAGE ONLY,\N,N,2022,MONDAY,UNDETERMINED,N,N,49.258119,-123.037802,Y,JULY,N,VANCOUVER,VANCOUVER,VANCOUVER,Y,Y,N,LOWER MAINLAND,GRANDVIEW HWY # 003100 TO 003199,GRANDVIEW HWY,GRANDVIEW HWY,12:00-14:59,1,0
N,PROPERTY DAMAGE ONLY,\N,N,2022,MONDAY,UNDETERMINED,N,N,49.260553,-123.123488,Y,JULY,N,VANCOUVER,VANCOUVER,VANCOUVER,Y,Y,N,LOWER MAINLAND,W 12TH AVE # 000830 TO 000899,W 12TH AVE,W 12TH AVE,12:00-14:59,1,0
N,PROPERTY DAMAGE ONLY,\N,N,2022,MONDAY,UNDETERMINED,N,N,49.261662,-122.845107,Y,JULY,N,COQUITLAM,COQUITLAM,COQUITLAM,Y,N,N,LOWER MAINLAND,REGAN AVE # 001700 TO 001799,REGAN AVE,REGAN AVE,12:00-14:59,1,0
N,PROPERTY DAMAGE ONLY,\N,N,2022,MONDAY,UNDETERMINED,N,N,49.263229,-123.116223,Y,JULY,N,VANCOUVER,VANCOUVER,VANCOUVER,Y,N,N,LOWER MAINLAND,W BROADWAY # 000500 TO 000599,W BROADWAY,W BROADWAY,12:00-14:59,1,0
N,PROPERTY DAMAGE ONLY,\N,N,2022,MONDAY,UNDETERMINED,N,N,49.263917,-123.018876,Y,JULY,N,BURNABY,BURNABY,BURNABY,Y,Y,N,LOWER MAINLAND,HENNING DR # 003700 TO 004099,HENNING DR,HENNING DR,12:00-14:59,1,0
N,PROPERTY DAMAGE ONLY,\N,N,2022,MONDAY,UNDETERMINED,N,N,49.268161,-123.16829,Y,JULY,N,VANCOUVER,VANCOUVER,VANCOUVER,Y,N,N,LOWER MAINLAND,MACDONALD ST # 002000 TO 002047,MACDONALD ST,MACDONALD ST,12:00-14:59,1,0
N,PROPERTY DAMAGE ONLY,\N,N,2022,MONDAY,UNDETERMINED,N,N,49.269246,-123.101735,Y,JULY,N,VANCOUVER,VANCOUVER,VANCOUVER,Y,Y,N,LOWER MAINLAND,E 2ND AVE # 000101 TO 000199 odd,E 2ND AVE,E 2ND AVE,12:00-14:59,1,0
N,PROPERTY DAMAGE ONLY,\N,N,2022,MONDAY,UNDETERMINED,N,N,49.269382,-123.045583,Y,JULY,N,VANCOUVER,VANCOUVER,VANCOUVER,Y,Y,N,LOWER MAINLAND,E 1ST AVE # 002800 TO 002898 even,E 1ST AVE,E 1ST AVE,12:00-14:59,1,0
N,PROPERTY DAMAGE ONLY,\N,N,2022,MONDAY,UNDETERMINED,N,N,49.275351,-123.148901,Y,JULY,N,VANCOUVER,VANCOUVER,VANCOUVER,Y,N,N,LOWER MAINLAND,WHYTE AVE # 001900 TO 001999,WHYTE AVE,WHYTE AVE,12:00-14:59,1,0
N,PROPERTY DAMAGE ONLY,\N,N,2022,MONDAY,UNDETERMINED,N,N,49.276458,-123.121928,Y,JULY,N,VANCOUVER,VANCOUVER,VANCOUVER,Y,N,N,LOWER MAINLAND,HELMCKEN ST # 000400 TO 000450,HELMCKEN ST,HELMCKEN ST,12:00-14:59,1,0
N,PROPERTY DAMAGE ONLY,\N,N,2022,MONDAY,UNDETERMINED,N,N,49.277063,-122.800243,Y,JULY,N,COQUITLAM,COQUITLAM,COQUITLAM,Y,Y,N,LOWER MAINLAND,BARNET HWY # 002901 TO 002929 odd,BARNET HWY,BARNET HWY,12:00-14:59,1,0
N,PROPERTY DAMAGE ONLY,\N,N,2022,MONDAY,UNDETERMINED,N,N,49.287204,-123.114952,Y,JULY,N,VANCOUVER,VANCOUVER,VANCOUVER,N,Y,N,LOWER MAINLAND,W CORDOVA ST # 000800 TO 000999,W CORDOVA ST,W CORDOVA ST,12:00-14:59,1,0
N,PROPERTY DAMAGE ONLY,\N,N,2022,MONDAY,UNDETERMINED,N,N,49.291824,-123.129933,Y,JULY,N,VANCOUVER,VANCOUVER,VANCOUVER,Y,Y,N,LOWER MAINLAND,BAYSHORE DR # 001600 TO 001639,BAYSHORE DR,BAYSHORE DR,12:00-14:59,1,0
N,PROPERTY DAMAGE ONLY,\N,N,2022,MONDAY,UNDETERMINED,N,N,49.306146,-123.035565,Y,JULY,N,NORTH VANCOUVER,NORTH VANCOUVER,NORTH VANCOUVER,Y,Y,N,LOWER MAINLAND,MAIN ST # 001340 TO 001399,MAIN ST,MAIN ST,12:00-14:59,1,0
N,PROPERTY DAMAGE ONLY,\N,N,2022,MONDAY,UNDETERMINED,N,N,49.313286,-123.076714,Y,JULY,N,NORTH VANCOUVER,NORTH VANCOUVER,NORTH VANCOUVER,Y,N,N,LOWER MAINLAND,E 3RD ST # 000100 TO 000121,E 3RD ST,E 3RD ST,12:00-14:59,1,0
N,PROPERTY DAMAGE ONLY,\N,N,2022,MONDAY,UNDETERMINED,N,N,49.317714,-123.055206,Y,JULY,N,NORTH VANCOUVER,NORTH VANCOUVER,NORTH VANCOUVER,Y,N,N,LOWER MAINLAND,E 11TH ST # 000618 TO 000699,E 11TH ST,E 11TH ST,12:00-14:59,1,0
N,PROPERTY DAMAGE ONLY,\N,N,2022,MONDAY,UNDETERMINED,N,N,49.325688,-123.141414,Y,JULY,N,WEST VANCOUVER,WEST VANCOUVER,WEST VANCOUVER,N,Y,N,LOWER MAINLAND,MAIN ST # 000811 TO 000899,MAIN ST,MAIN ST,12:00-14:59,1,0
N,PROPERTY DAMAGE ONLY,\N,N,2022,MONDAY,UNDETERMINED,N,N,49.350246,-124.392538,Y,JULY,N,QUALICUM BEACH,QUALICUM BEACH,QUALICUM BEACH,N,N,N,VANCOUVER ISLAND,STYMIE CLOSE # 001100 TO 001139,STYMIE CLOSE,STYMIE CLOSE,12:00-14:59,1,0
N,PROPERTY DAMAGE ONLY,\N,N,2022,MONDAY,UNDETERMINED,N,N,49.373875,-123.272954,Y,JULY,N,WEST VANCOUVER,WEST VANCOUVER,WEST VANCOUVER,N,N,N,LOWER MAINLAND,KEITH RD # 006600 TO 006768,KEITH RD,KEITH RD,12:00-14:59,1,0
N,PROPERTY DAMAGE ONLY,\N,N,2022,MONDAY,UNDETERMINED,N,N,49.375371,-115.301531,Y,JULY,N,JAFFRAY,JAFFRAY,JAFFRAY,Y,Y,N,SOUTHERN INTERIOR,ASPEN DR # 001870 TO 001919,ASPEN DR,ASPEN DR,12:00-14:59,1,0
N,PROPERTY DAMAGE ONLY,\N,N,2022,MONDAY,UNDETERMINED,N,N,49.481651,-119.585149,Y,JULY,N,PENTICTON,PENTICTON,PENTICTON,N,Y,N,SOUTHERN INTERIOR,MAIN ST # 001500 TO 001573,MAIN ST,MAIN ST,12:00-14:59,1,0
N,PROPERTY DAMAGE ONLY,\N,N,2022,MONDAY,UNDETERMINED,N,N,49.602349,-119.687679,Y,JULY,N,SUMMERLAND,SUMMERLAND,SUMMERLAND,N,Y,N,SOUTHERN INTERIOR,BARCLAY ST # 010900 TO 011299,BARCLAY ST,BARCLAY ST,12:00-14:59,1,0
N,PROPERTY DAMAGE ONLY,\N,N,2022,MONDAY,UNDETERMINED,N,N,49.671956,-124.926282,Y,JULY,N,COMOX,COMOX,COMOX,Y,Y,N,VANCOUVER ISLAND,PORT AUGUSTA ST # 000119 TO 000139,PORT AUGUSTA ST,PORT AUGUSTA ST,12:00-14:59,1,0
N,PROPERTY DAMAGE ONLY,\N,N,2022,MONDAY,UNDETERMINED,N,N,49.707857,-124.962381,Y,JULY,N,COURTENAY,COURTENAY,COURTENAY,Y,Y,N,VANCOUVER ISLAND,LERWICK RD # 000400 TO 001149,LERWICK RD,LERWICK RD,12:00-14:59,1,0
N,PROPERTY DAMAGE ONLY,\N,N,2022,MONDAY,UNDETERMINED,N,N,49.739367,-124.92532,Y,JULY,N,COMOX,COMOX,COMOX,N,Y,N,VANCOUVER ISLAND,ELLENOR RD # 001300 TO 001320 even,ELLENOR RD,ELLENOR RD,12:00-14:59,1,0
N,PROPERTY DAMAGE ONLY,\N,N,2022,MONDAY,UNDETERMINED,N,N,49.78141,-125.052229,Y,JULY,N,MERVILLE,MERVILLE,MERVILLE,Y,Y,N,VANCOUVER ISLAND,ISLAND HWY N # 006450 TO 006639,ISLAND HWY N,ISLAND HWY N,12:00-14:59,1,0
N,PROPERTY DAMAGE ONLY,\N,N,2022,MONDAY,UNDETERMINED,N,N,49.791401,-119.528193,Y,JULY,N,KELOWNA,KELOWNA,KELOWNA,Y,Y,N,SOUTHERN INTERIOR,TANAGER CRT # 005386 TO 005412 even,TANAGER CRT,TANAGER CRT,12:00-14:59,1,0
N,PROPERTY DAMAGE ONLY,\N,N,2022,MONDAY,UNDETERMINED,N,N,49.824943,-119.628162,Y,JULY,N,WEST KELOWNA,WEST KELOWNA,WEST KELOWNA,Y,N,N,SOUTHERN INTERIOR,BROWN RD # 003800 TO 003858,BROWN RD,BROWN RD,12:00-14:59,1,0
N,PROPERTY DAMAGE ONLY,\N,N,2022,MONDAY,UNDETERMINED,N,N,49.858902,-119.582499,Y,JULY,N,WEST KELOWNA,WEST KELOWNA,WEST KELOWNA,Y,Y,N,SOUTHERN INTERIOR,CAMERON RD # 002750 TO 002761,CAMERON RD,CAMERON RD,12:00-14:59,1,0
N,PROPERTY DAMAGE ONLY,\N,N,2022,MONDAY,UNDETERMINED,N,N,49.8754,-119.467426,Y,JULY,N,KELOWNA,KELOWNA,KELOWNA,N,N,N,SOUTHERN INTERIOR,KASLO CRT # 002100 TO 002150,KASLO CRT,KASLO CRT,12:00-14:59,1,0
N,PROPERTY DAMAGE ONLY,\N,N,2022,MONDAY,UNDETERMINED,N,N,49.88044,-119.453499,Y,JULY,N,KELOWNA,KELOWNA,KELOWNA,Y,Y,N,SOUTHERN INTERIOR,WINDSOR RD # 001900 TO 001949,WINDSOR RD,WINDSOR RD,12:00-14:59,1,0
N,PROPERTY DAMAGE ONLY,\N,N,2022,MONDAY,UNDETERMINED,N,N,49.88536,-119.49582,Y,JULY,N,KELOWNA,KELOWNA,KELOWNA,Y,N,N,SOUTHERN INTERIOR,LAWRENCE AVE # 000300 TO 000399,LAWRENCE AVE,LAWRENCE AVE,12:00-14:59,1,0
N,PROPERTY DAMAGE ONLY,\N,N,2022,MONDAY,UNDETERMINED,N,N,49.89538,-119.404637,Y,JULY,N,KELOWNA,KELOWNA,KELOWNA,N,Y,N,SOUTHERN INTERIOR,LEATHEAD RD # 000863 TO 000979,LEATHEAD RD,LEATHEAD RD,12:00-14:59,1,0
N,PROPERTY DAMAGE ONLY,\N,N,2022,MONDAY,UNDETERMINED,N,N,49.898011,-119.411983,Y,JULY,N,KELOWNA,KELOWNA,KELOWNA,N,N,N,SOUTHERN INTERIOR,HWY 97 N # 002700 TO 002784 even,HWY 97,HWY 97,12:00-14:59,1,0
N,PROPERTY DAMAGE ONLY,\N,N,2022,MONDAY,UNDETERMINED,N,N,49.905179,-119.492118,Y,JULY,N,KELOWNA,KELOWNA,KELOWNA,Y,Y,N,SOUTHERN INTERIOR,KNOX MOUNTAIN DR # 000450 TO 000599,KNOX MOUNTAIN DR,KNOX MOUNTAIN DR,12:00-14:59,1,0
N,PROPERTY DAMAGE ONLY,\N,N,2022,MONDAY,UNDETERMINED,N,N,49.909336,-116.90628,Y,JULY,N,KASLO,KASLO,KASLO,N,Y,N,SOUTHERN INTERIOR,KANE ST # 000600 TO 000699,KANE ST,KANE ST,12:00-14:59,1,0
N,PROPERTY DAMAGE ONLY,\N,N,2022,MONDAY,UNDETERMINED,N,N,49.919916,-119.396039,Y,JULY,N,KELOWNA,KELOWNA,KELOWNA,Y,Y,N,SOUTHERN INTERIOR,PINTO RD # 000166 TO 000199,PINTO RD,PINTO RD,12:00-14:59,1,0
N,PROPERTY DAMAGE ONLY,\N,N,2022,MONDAY,UNDETERMINED,N,N,49.962503,-125.217161,Y,JULY,N,CAMPBELL RIVER,CAMPBELL RIVER,CAMPBELL RIVER,N,N,N,VANCOUVER ISLAND,ERICKSON RD # 000400 TO 000449,ERICKSON RD,ERICKSON RD,12:00-14:59,1,0
N,PROPERTY DAMAGE ONLY,\N,N,2022,MONDAY,UNDETERMINED,N,N,49.99361,-125.231766,Y,JULY,N,CAMPBELL RIVER,CAMPBELL RIVER,CAMPBELL RIVER,Y,N,N,VANCOUVER ISLAND,ASH ST # 000666 TO 000799,ASH ST,ASH ST,12:00-14:59,1,0
N,PROPERTY DAMAGE ONLY,\N,N,2022,MONDAY,UNDETERMINED,N,N,50.068935,-119.414875,Y,JULY,N,LAKE COUNTRY,LAKE COUNTRY,LAKE COUNTRY,Y,N,N,SOUTHERN INTERIOR,CLIFFSHORE DR # 012669 TO 012801,CLIFFSHORE DR,CLIFFSHORE DR,12:00-14:59,1,0
N,PROPERTY DAMAGE ONLY,\N,N,2022,MONDAY,UNDETERMINED,N,N,50.108987,-120.777845,Y,JULY,N,MERRITT,MERRITT,MERRITT,Y,N,N,SOUTHERN INTERIOR,NICOLA AVE # 002432 TO 002539,NICOLA AVE,NICOLA AVE,12:00-14:59,1,0
N,PROPERTY DAMAGE ONLY,\N,N,2022,MONDAY,UNDETERMINED,N,N,50.264943,-119.270724,Y,JULY,N,VERNON,VERNON,VERNON,Y,N,N,SOUTHERN INTERIOR,30 ST # 003100 TO 003199,30 ST,30 ST,12:00-14:59,1,0
N,PROPERTY DAMAGE ONLY,\N,N,2022,MONDAY,UNDETERMINED,N,N,50.665443,-120.372597,Y,JULY,N,KAMLOOPS,KAMLOOPS,KAMLOOPS,Y,Y,N,SOUTHERN INTERIOR,HILLSIDE DR # 001017 TO 001059 odd,HILLSIDE DR,HILLSIDE DR,12:00-14:59,1,0
N,PROPERTY DAMAGE ONLY,\N,N,2022,MONDAY,UNDETERMINED,N,N,50.67136,-120.312996,Y,JULY,N,KAMLOOPS,KAMLOOPS,KAMLOOPS,Y,Y,N,SOUTHERN INTERIOR,COLUMBIA ST # 001100 TO 001199,COLUMBIA ST,COLUMBIA ST,12:00-14:59,1,0
N,PROPERTY DAMAGE ONLY,\N,N,2022,MONDAY,UNDETERMINED,N,N,50.671371,-120.317815,Y,JULY,N,KAMLOOPS,KAMLOOPS,KAMLOOPS,Y,Y,N,SOUTHERN INTERIOR,COLUMBIA ST # 000900 TO 000999,COLUMBIA ST,COLUMBIA ST,12:00-14:59,1,0
N,PROPERTY DAMAGE ONLY,\N,N,2022,MONDAY,UNDETERMINED,N,N,50.673355,-120.376433,Y,JULY,N,KAMLOOPS,KAMLOOPS,KAMLOOPS,Y,Y,N,SOUTHERN INTERIOR,CONCORDIA WAY # 000900 TO 000955,CONCORDIA WAY,CONCORDIA WAY,12:00-14:59,1,0
N,PROPERTY DAMAGE ONLY,\N,N,2022,MONDAY,UNDETERMINED,N,N,52.157552,-128.146287,Y,JULY,N,BELLA BELLA,BELLA BELLA,BELLA BELLA,Y,N,N,NORTH CENTRAL,NAMU PL # 000260 TO 000269,NAMU PL,NAMU PL,12:00-14:59,1,0
N,PROPERTY DAMAGE ONLY,\N,N,2022,MONDAY,UNDETERMINED,N,N,53.888001,-122.765,Y,JULY,N,PRINCE GEORGE,PRINCE GEORGE,PRINCE GEORGE,Y,N,N,NORTH CENTRAL,MEMORIAL PARK LANE # 003200 TO 003303,MEMORIAL PARK LANE,MEMORIAL PARK LANE,12:00-14:59,1,0
N,PROPERTY DAMAGE ONLY,\N,N,2022,MONDAY,UNDETERMINED,N,N,53.916135,-122.750516,Y,JULY,N,PRINCE GEORGE,PRINCE GEORGE,PRINCE GEORGE,Y,Y,N,NORTH CENTRAL,VICTORIA ST # 000500 TO 000551,VICTORIA ST,VICTORIA ST,12:00-14:59,1,0
N,PROPERTY DAMAGE ONLY,\N,N,2022,MONDAY,UNDETERMINED,N,N,54.313151,-130.32412,Y,JULY,N,PRINCE RUPERT,PRINCE RUPERT,PRINCE RUPERT,Y,Y,N,NORTH CENTRAL,3RD AVE W # 000300 TO 000399,3RD AVE W,3RD AVE W,12:00-14:59,1,0
N,PROPERTY DAMAGE ONLY,\N,N,2022,MONDAY,UNDETERMINED,N,N,54.447865,-124.26428,Y,JULY,N,FORT ST. JAMES,FORT ST. JAMES,FORT ST. JAMES,N,Y,N,NORTH CENTRAL,STUART DR W # 000700 TO 000749,STUART DR W,STUART DR W,12:00-14:59,1,0
N,PROPERTY DAMAGE ONLY,\N,N,2022,MONDAY,UNDETERMINED,N,N,54.447865,-124.26428,Y,JULY,N,FORT ST. JAMES,FORT ST. JAMES,FORT ST. JAMES,Y,Y,N,NORTH CENTRAL,STUART DR W # 000700 TO 000749,STUART DR W,STUART DR W,12:00-14:59,1,0
N,PROPERTY DAMAGE ONLY,\N,N,2022,MONDAY,UNDETERMINED,N,N,54.516427,-128.585302,Y,JULY,N,TERRACE,TERRACE,TERRACE,Y,Y,N,NORTH CENTRAL,LAKELSE AVE # 004531 TO 004599,LAKELSE AVE,LAKELSE AVE,12:00-14:59,1,0
N,PROPERTY DAMAGE ONLY,\N,N,2022,MONDAY,UNDETERMINED,N,N,55.75803,-120.229014,Y,JULY,N,DAWSON CREEK,DAWSON CREEK,DAWSON CREEK,N,N,N,NORTH CENTRAL,10 ST # 010200 TO 010299,10 ST,10 ST,12:00-14:59,1,0
N,PROPERTY DAMAGE ONLY,\N,N,2022,MONDAY,UNDETERMINED,Y,N,\N,\N,N,JULY,N,GOLDEN,GOLDEN,\N,N,N,N,SOUTHERN INTERIOR,UNKNOWN,UNKNOWN,UNKNOWN,12:00-14:59,1,0
N,PROPERTY DAMAGE ONLY,\N,N,2022,MONDAY,UNDETERMINED,Y,N,\N,\N,N,JULY,N,NORTH VANCOUVER,NORTH VANCOUVER,\N,N,N,N,LOWER MAINLAND,UNKNOWN,E 13TH ST,E 13TH ST,12:00-14:59,1,0
N,PROPERTY DAMAGE ONLY,\N,N,2022,MONDAY,UNDETERMINED,Y,N,\N,\N,N,JULY,N,WILLIAMS LAKE,WILLIAMS LAKE,\N,Y,Y,N,NORTH CENTRAL,UNKNOWN,ROSE ST,ROSE ST,12:00-14:59,1,0
N,PROPERTY DAMAGE ONLY,\N,N,2022,MONDAY,UNDETERMINED,Y,N,49.138632,-123.019806,Y,JULY,N,DELTA,DELTA,DELTA,N,Y,N,LOWER MAINLAND,RIVER RD # 007200 TO 007558,RIVER RD,RIVER RD,12:00-14:59,1,0
N,PROPERTY DAMAGE ONLY,\N,N,2022,MONDAY,UNDETERMINED,Y,N,49.155401,-122.859578,Y,JULY,N,SURREY,SURREY,SURREY,Y,Y,N,LOWER MAINLAND,84 AVE # 013000 TO 013199,84 AVE,84 AVE,12:00-14:59,1,0
N,PROPERTY DAMAGE ONLY,\N,N,2022,MONDAY,UNDETERMINED,Y,N,49.191237,-123.158699,Y,JULY,N,RICHMOND,RICHMOND,RICHMOND,N,Y,N,LOWER MAINLAND,JERICHO RD # 003000 TO 003598,JERICHO RD,JERICHO RD,12:00-14:59,1,0
N,PROPERTY DAMAGE ONLY,\N,N,2022,MONDAY,UNDETERMINED,Y,N,49.199891,-122.892224,Y,JULY,N,SURREY,SURREY,SURREY,Y,Y,N,LOWER MAINLAND,TIMBERLAND RD # 010730 TO 010999,TIMBERLAND RD,TIMBERLAND RD,12:00-14:59,1,0
N,PROPERTY DAMAGE ONLY,\N,N,2022,MONDAY,UNDETERMINED,Y,N,49.273798,-123.007045,Y,JULY,N,BURNABY,BURNABY,BURNABY,N,N,N,LOWER MAINLAND,WILLIAM ST # 004326 TO 004399,WILLIAM ST,WILLIAM ST,12:00-14:59,1,0
N,PROPERTY DAMAGE ONLY,\N,N,2022,MONDAY,UNDETERMINED,Y,N,49.30191,-117.65921,Y,JULY,N,CASTLEGAR,CASTLEGAR,CASTLEGAR,N,Y,N,SOUTHERN INTERIOR,17TH ST # 000700 TO 000719,17TH ST,17TH ST,12:00-14:59,1,0
N,PROPERTY DAMAGE ONLY,\N,N,2022,MONDAY,UNDETERMINED,Y,N,49.31995,-123.070813,Y,JULY,N,NORTH VANCOUVER,NORTH VANCOUVER,NORTH VANCOUVER,N,Y,N,LOWER MAINLAND,E 13TH ST # 000100 TO 000199,E 13TH ST,E 13TH ST,12:00-14:59,1,0
N,PROPERTY DAMAGE ONLY,\N,N,2022,MONDAY,UNDETERMINED,Y,N,49.355164,-123.03186,Y,JULY,N,NORTH VANCOUVER,NORTH VANCOUVER,NORTH VANCOUVER,N,N,N,LOWER MAINLAND,MCNAIR DR # 001516 TO 001576 even,MCNAIR DR,MCNAIR DR,12:00-14:59,1,0
N,PROPERTY DAMAGE ONLY,\N,N,2022,MONDAY,UNDETERMINED,Y,N,50.11713,-122.953697,Y,JULY,N,WHISTLER,WHISTLER,WHISTLER,N,Y,N,LOWER MAINLAND,BLACKCOMB WAY # 004317 TO 004325 odd,BLACKCOMB WAY,BLACKCOMB WAY,12:00-14:59,1,0
N,PROPERTY DAMAGE ONLY,\N,Y,2022,MONDAY,SIDE IMPACT,N,N,49.249665,-123.115372,Y,JULY,N,VANCOUVER,VANCOUVER,VANCOUVER,N,N,N,LOWER MAINLAND,CAMBIE ST # 004000 TO 004099,CAMBIE ST,CAMBIE ST,12:00-14:59,1,0
N,PROPERTY DAMAGE ONLY,104 AVE,N,2022,MONDAY,SIDE IMPACT,Y,Y,49.191684,-122.863393,N,JULY,N,SURREY,SURREY,SURREY,N,N,N,LOWER MAINLAND,104 AVE & OLD YALE RD,OLD YALE RD,OLD YALE RD,12:00-14:59,1,0
N,PROPERTY DAMAGE ONLY,104 AVE,N,2022,MONDAY,SINGLE VEHICLE,N,Y,49.191498,-122.800899,N,JULY,N,SURREY,SURREY,SURREY,N,Y,N,LOWER MAINLAND,104 AVE & 152 ST,152 ST,152 ST,12:00-14:59,1,0
N,PROPERTY DAMAGE ONLY,11TH AVE,N,2022,MONDAY,UNDETERMINED,N,Y,49.327487,-117.664202,N,JULY,N,CASTLEGAR,CASTLEGAR,CASTLEGAR,Y,N,N,SOUTHERN INTERIOR,11TH AVE & 2ND ST,2ND ST,2ND ST,12:00-14:59,1,0
N,PROPERTY DAMAGE ONLY,120 ST,N,2022,MONDAY,SIDE SWIPE - SAME DIRECTION,N,Y,49.163208,-122.890341,N,JULY,N,DELTA,DELTA,DELTA & SURREY,N,N,N,LOWER MAINLAND,120 ST & 88 AVE,88 AVE,88 AVE,12:00-14:59,1,0
N,PROPERTY DAMAGE ONLY,128 ST,N,2022,MONDAY,REAR END,N,Y,49.162584,-122.868025,N,JULY,N,SURREY,SURREY,SURREY,N,N,N,LOWER MAINLAND,128 ST & 88 AVE,88 AVE,88 AVE,12:00-14:59,1,0
N,PROPERTY DAMAGE ONLY,12TH,N,2022,MONDAY,UNDETERMINED,N,N,\N,\N,N,JULY,N,VANCOUVER,VANCOUVER,\N,Y,N,N,LOWER MAINLAND,UNKNOWN,RAYMUR AVE,RAYMUR AVE,12:00-14:59,1,0
N,PROPERTY DAMAGE ONLY,137 ST,N,2022,MONDAY,REAR END,N,Y,49.133543,-122.8428,N,JULY,N,SURREY,SURREY,SURREY,N,Y,N,LOWER MAINLAND,137 ST & 72 AVE,72 AVE,72 AVE,12:00-14:59,1,0
N,PROPERTY DAMAGE ONLY,14TH AVE S,N,2022,MONDAY,SIDE IMPACT,N,Y,49.488727,-115.759848,N,JULY,N,CRANBROOK,CRANBROOK,CRANBROOK,Y,N,N,SOUTHERN INTERIOR,14TH AVE S & SOUTHVIEW DR,SOUTHVIEW DR,SOUTHVIEW DR,12:00-14:59,1,0
N,PROPERTY DAMAGE ONLY,14TH ST,N,2022,MONDAY,REAR END,N,Y,49.68643,-124.992922,N,JULY,Y,COURTENAY,COURTENAY,COURTENAY,N,N,N,VANCOUVER ISLAND,14TH ST & CLIFFE AVE,CLIFFE AVE,CLIFFE AVE,12:00-14:59,1,0
N,PROPERTY DAMAGE ONLY,152 ST,N,2022,MONDAY,REAR END,Y,Y,49.191498,-122.800899,N,JULY,N,SURREY,SURREY,SURREY,N,N,N,LOWER MAINLAND,104 AVE & 152 ST,104 AVE,104 AVE,12:00-14:59,1,0
N,PROPERTY DAMAGE ONLY,153 ST,N,2022,MONDAY,SINGLE VEHICLE,N,Y,49.150148,-122.798463,N,JULY,N,SURREY,SURREY,SURREY,N,N,N,LOWER MAINLAND,153 ST & 81 AVE,81 AVE,81 AVE,12:00-14:59,1,0
N,PROPERTY DAMAGE ONLY,15TH ST,N,2022,MONDAY,SIDE IMPACT,N,Y,49.328779,-123.156762,N,JULY,N,WEST VANCOUVER,WEST VANCOUVER,WEST VANCOUVER,N,N,N,LOWER MAINLAND,15TH ST & CLYDE AVE,CLYDE AVE,CLYDE AVE,12:00-14:59,1,0
N,PROPERTY DAMAGE ONLY,16 AVE,N,2022,MONDAY,CONFLICTED,N,Y,49.031191,-122.834357,N,JULY,N,SURREY,SURREY,SURREY & WHITE ROCK,N,N,N,LOWER MAINLAND,140 ST & NICHOL RD & NORTH BLUFF RD,140 ST,140 ST,12:00-14:59,1,0
N,PROPERTY DAMAGE ONLY,176 ST,N,2022,MONDAY,REAR END,N,Y,49.104149,-122.734962,N,JULY,N,SURREY,SURREY,SURREY,Y,N,N,LOWER MAINLAND,176 ST & 56 AVE,HWY 10,HWY 10,12:00-14:59,1,0
N,PROPERTY DAMAGE ONLY,176 ST,N,2022,MONDAY,REAR END,N,Y,49.118761,-122.734941,N,JULY,N,SURREY,SURREY,SURREY,N,N,N,LOWER MAINLAND,176 ST & 64 AVE,64 AVE,64 AVE,12:00-14:59,1,0
N,PROPERTY DAMAGE ONLY,201ST,N,2022,MONDAY,SIDE IMPACT,N,N,\N,\N,N,JULY,N,LANGLEY,LANGLEY,\N,N,N,N,LOWER MAINLAND,UNKNOWN,66AVE,66AVE,12:00-14:59,1,0
N,PROPERTY DAMAGE ONLY,216 ST,N,2022,MONDAY,REAR END,Y,Y,49.152312,-122.624191,N,JULY,N,LANGLEY,LANGLEY,LANGLEY,N,N,N,LOWER MAINLAND,216 ST & 216 ST OFFRAMP & TRANS-CANADA HWY & TRANS-CANADA HWY ONRAMP & TURNING LANE,HWY 1,HWY 1,12:00-14:59,1,0
N,PROPERTY DAMAGE ONLY,224 ST,N,2022,MONDAY,SIDE IMPACT,N,Y,49.220463,-122.601689,N,JULY,N,MAPLE RIDGE,MAPLE RIDGE,MAPLE RIDGE,N,Y,N,LOWER MAINLAND,224 ST & DEWDNEY TRUNK RD,DEWDNEY TRUNK RD,DEWDNEY TRUNK RD,12:00-14:59,1,0
N,PROPERTY DAMAGE ONLY,227 ST,N,2022,MONDAY,REAR END,N,Y,49.217049,-122.594116,N,JULY,N,MAPLE RIDGE,MAPLE RIDGE,MAPLE RIDGE,N,Y,N,LOWER MAINLAND,227 ST & LOUGHEED HWY,LOUGHEED HWY,LOUGHEED HWY,12:00-14:59,2,0
N,PROPERTY DAMAGE ONLY,24 AVE,N,2022,MONDAY,UNDETERMINED,N,Y,49.045577,-122.798459,N,JULY,N,SURREY,SURREY,SURREY,N,N,N,LOWER MAINLAND,153 ST & 24 AVE,153 ST,153 ST,12:00-14:59,1,0
N,PROPERTY DAMAGE ONLY,264 ST,N,2022,MONDAY,CONFLICTED,N,Y,49.101569,-122.492803,N,JULY,N,LANGLEY,LANGLEY,LANGLEY,N,N,N,LOWER MAINLAND,264 ST & 264 ST OFFRAMP & 264 ST ONRAMP & 56 AVE & 56 AVE OFFRAMP & 56 AVE ONRAMP & TRANS-CANADA HWY & TURNING LANE,HWY 1,HWY 1,12:00-14:59,1,0
N,PROPERTY DAMAGE ONLY,264 ST,N,2022,MONDAY,REAR END,Y,Y,49.101569,-122.492803,N,JULY,N,LANGLEY,LANGLEY,LANGLEY,N,N,N,LOWER MAINLAND,264 ST & 264 ST OFFRAMP & 264 ST ONRAMP & 56 AVE & 56 AVE OFFRAMP & 56 AVE ONRAMP & TRANS-CANADA HWY & TURNING LANE,56 AVE,56 AVE,12:00-14:59,1,0
N,PROPERTY DAMAGE ONLY,2ND AVE,N,2022,MONDAY,REAR END,N,Y,50.676664,-120.336652,N,JULY,N,KAMLOOPS,KAMLOOPS,KAMLOOPS,N,N,N,SOUTHERN INTERIOR,2ND AVE & LANSDOWNE ST,LANSDOWNE ST,LANSDOWNE ST,12:00-14:59,1,0
N,PROPERTY DAMAGE ONLY,2ND ST E,N,2022,MONDAY,SIDE IMPACT,N,N,\N,\N,N,JULY,N,REVELSTOKE,REVELSTOKE,\N,N,N,N,SOUTHERN INTERIOR,UNKNOWN,ROBSON AVE,ROBSON AVE,12:00-14:59,1,0
N,PROPERTY DAMAGE ONLY,31 AVE,N,2022,MONDAY,SINGLE VEHICLE,N,Y,50.264568,-119.26909,N,JULY,N,VERNON,VERNON,VERNON,N,N,N,SOUTHERN INTERIOR,29 ST & 31 AVE,29 ST,29 ST,12:00-14:59,1,0
N,PROPERTY DAMAGE ONLY,56 AVE,N,2022,MONDAY,SIDE IMPACT,N,Y,49.105038,-122.657815,N,JULY,N,LANGLEY,LANGLEY,LANGLEY,N,Y,N,LOWER MAINLAND,56 AVE & FRASER HWY & MALL ACCESS,FRASER HWY,FRASER HWY,12:00-14:59,1,0
N,PROPERTY DAMAGE ONLY,64 AVE,N,2022,MONDAY,REAR END,N,Y,49.119042,-122.845493,N,JULY,N,SURREY,SURREY,SURREY,N,N,N,LOWER MAINLAND,64 AVE & KING GEORGE BLVD & TURNING LANE,KING GEORGE BLVD,KING GEORGE BLVD,12:00-14:59,1,0
N,PROPERTY DAMAGE ONLY,6TH ST,N,2022,MONDAY,SIDE IMPACT,Y,Y,49.218965,-122.92762,N,JULY,N,BURNABY,BURNABY,BURNABY & NEW WESTMINSTER,N,N,N,LOWER MAINLAND,10TH AVE & 6TH ST & SIXTH ST & TENTH AVE,10TH AVE,10TH AVE,12:00-14:59,1,0
N,PROPERTY DAMAGE ONLY,72 AVE,N,2022,MONDAY,SIDE IMPACT,N,Y,49.133808,-122.862312,N,JULY,N,SURREY,SURREY,SURREY,N,N,N,LOWER MAINLAND,130 ST & 72 AVE,130 ST,130 ST,12:00-14:59,1,0
N,PROPERTY DAMAGE ONLY,73 AVE,N,2022,MONDAY,REAR END,N,Y,49.135542,-122.812167,N,JULY,N,SURREY,SURREY,SURREY,N,N,N,LOWER MAINLAND,148 ST & 73 AVE,148 ST,148 ST,12:00-14:59,1,0
N,PROPERTY DAMAGE ONLY,74 AVE,N,2022,MONDAY,SIDE IMPACT,N,Y,49.137186,-122.842828,N,JULY,N,SURREY,SURREY,SURREY,N,N,N,LOWER MAINLAND,137 ST & 74 AVE,137 ST,137 ST,12:00-14:59,1,0
N,PROPERTY DAMAGE ONLY,74 AVE,N,2022,MONDAY,UNDETERMINED,N,Y,49.13718,-122.845616,N,JULY,N,SURREY,SURREY,SURREY,N,Y,N,LOWER MAINLAND,74 AVE & KING GEORGE BLVD & TURNING LANE,KING GEORGE BLVD,KING GEORGE BLVD,12:00-14:59,1,0
N,PROPERTY DAMAGE ONLY,7TH AVE,N,2022,MONDAY,SIDE SWIPE - SAME DIRECTION,N,Y,49.140209,-122.31644,N,JULY,N,MISSION,MISSION,MISSION,N,N,N,LOWER MAINLAND,7TH AVE & CEDAR ST,CEDAR ST,CEDAR ST,12:00-14:59,1,0
N,PROPERTY DAMAGE ONLY,80 AVE,N,2022,MONDAY,REAR END,N,Y,49.148132,-122.867974,N,JULY,N,SURREY,SURREY,SURREY,Y,Y,N,LOWER MAINLAND,128 ST & 80 AVE,128 ST,128 ST,12:00-14:59,1,0
N,PROPERTY DAMAGE ONLY,84 AVE,N,2022,MONDAY,SIDE IMPACT,N,Y,49.15535,-122.868017,N,JULY,N,SURREY,SURREY,SURREY,N,N,N,LOWER MAINLAND,128 ST & 84 AVE,128 ST,128 ST,12:00-14:59,1,0
N,PROPERTY DAMAGE ONLY,88 AVE,N,2022,MONDAY,REAR END,N,Y,49.163208,-122.890341,N,JULY,N,DELTA,DELTA,DELTA & SURREY,N,N,N,LOWER MAINLAND,120 ST & 88 AVE,120 ST,120 ST,12:00-14:59,1,0
N,PROPERTY DAMAGE ONLY,96 AVE,N,2022,MONDAY,REAR END,N,Y,49.177017,-122.843355,N,JULY,N,SURREY,SURREY,SURREY,Y,Y,N,LOWER MAINLAND,137 ST & 96 AVE & HOSPITAL ACCESS,137 ST,137 ST,12:00-14:59,1,0
N,PROPERTY DAMAGE ONLY,96 AVE,N,2022,MONDAY,SIDE IMPACT,N,Y,49.176996,-122.698933,N,JULY,N,SURREY,SURREY,SURREY,N,N,N,LOWER MAINLAND,189 ST & 96 AVE,189 ST,189 ST,12:00-14:59,1,0
N,PROPERTY DAMAGE ONLY,96 AVE,N,2022,MONDAY,SIDE SWIPE - SAME DIRECTION,N,Y,49.176897,-122.778867,N,JULY,N,SURREY,SURREY,SURREY,N,N,N,LOWER MAINLAND,160 ST & 96 AVE,160 ST,160 ST,12:00-14:59,1,0
N,PROPERTY DAMAGE ONLY,98B AVE,N,2022,MONDAY,SIDE SWIPE - SAME DIRECTION,N,Y,49.182426,-122.851341,N,JULY,N,SURREY,SURREY,SURREY,N,N,N,LOWER MAINLAND,134 ST & 98B AVE,134 ST,134 ST,12:00-14:59,1,0
N,PROPERTY DAMAGE ONLY,9TH AVE,N,2022,MONDAY,REAR END,Y,Y,49.516016,-115.059921,N,JULY,N,FERNIE,FERNIE,FERNIE,N,N,N,SOUTHERN INTERIOR,9TH AVE & HWY 3,HWY 3,HWY 3,12:00-14:59,1,0
N,PROPERTY DAMAGE ONLY,ALDER CROSSING,N,2022,MONDAY,REAR END,N,Y,49.266112,-123.1321,N,JULY,N,VANCOUVER,VANCOUVER,VANCOUVER,N,N,N,LOWER MAINLAND,ALDER CROSSING & W 6TH AVE,W 6TH AVE,W 6TH AVE,12:00-14:59,1,0
N,PROPERTY DAMAGE ONLY,ALLENBY RD,N,2022,MONDAY,REAR END,N,Y,48.776844,-123.707438,N,JULY,N,DUNCAN,DUNCAN,DUNCAN,N,N,N,VANCOUVER ISLAND,GOVERNMENT ST & TRUNK RD & UNDERWOOD ST & TURNING LANE,GOVERNMENT ST,GOVERNMENT ST,12:00-14:59,1,0
N,PROPERTY DAMAGE ONLY,ATHALMER RD,N,2022,MONDAY,REAR END,N,N,\N,\N,N,JULY,N,INVERMERE,INVERMERE,\N,N,N,N,SOUTHERN INTERIOR,UNKNOWN,HWY 93,HWY 93,12:00-14:59,1,0
N,PROPERTY DAMAGE ONLY,BELL AVE,N,2022,MONDAY,SIDE SWIPE - SAME DIRECTION,N,Y,49.251219,-122.904293,N,JULY,N,BURNABY,BURNABY,BURNABY,N,N,N,LOWER MAINLAND,BELL AVE & LOUGHEED HWY,LOUGHEED HWY,LOUGHEED HWY,12:00-14:59,1,0
N,PROPERTY DAMAGE ONLY,BETA AVE,N,2022,MONDAY,UNDETERMINED,Y,Y,49.268318,-122.997154,N,JULY,N,BURNABY,BURNABY,BURNABY,N,N,N,LOWER MAINLAND,BETA AVE & BRENTLAWN DR,BRENTLAWN DR,BRENTLAWN DR,12:00-14:59,1,0
N,PROPERTY DAMAGE ONLY,BLENKINSOP RD,N,2022,MONDAY,REAR END,N,Y,48.466918,-123.34974,N,JULY,N,SAANICH,SAANICH,SAANICH,N,N,N,VANCOUVER ISLAND,BLENKINSOP RD & CEDAR HILL CROSS RD & TURNING LANE,CEDAR HILL CROSS RD,CEDAR HILL CROSS RD,12:00-14:59,1,0
N,PROPERTY DAMAGE ONLY,BRIDGEPORT RD,N,2022,MONDAY,UNDETERMINED,Y,Y,49.191975,-123.09148,N,JULY,N,RICHMOND,RICHMOND,RICHMOND,Y,Y,N,LOWER MAINLAND,BRIDGEPORT RD & NO 5 RD,NO 5 RD,NO 5 RD,12:00-14:59,1,0
N,PROPERTY DAMAGE ONLY,BRUNETTE AVE ONRAMP,N,2022,MONDAY,REAR END,N,Y,49.234521,-122.878438,N,JULY,N,COQUITLAM,COQUITLAM,COQUITLAM & NEW WESTMINSTER,N,N,N,LOWER MAINLAND,BRUNETTE AVE & BRUNETTE AVE OFFRAMP & BRUNETTE AVE ONRAMP & TRANS-CANADA HWY,HWY 1,HWY 1,12:00-14:59,1,0
N,PROPERTY DAMAGE ONLY,BURNSIDE RD W,N,2022,MONDAY,SIDE IMPACT,N,Y,48.454222,-123.393141,N,JULY,N,SAANICH,SAANICH,SAANICH,N,Y,N,VANCOUVER ISLAND,BURNSIDE RD W & TILLICUM RD & TURNING LANE,TILLICUM RD,TILLICUM RD,12:00-14:59,1,0
N,PROPERTY DAMAGE ONLY,BUSWELL ST,N,2022,MONDAY,SIDE SWIPE - OPPOSITE DIRECTION,N,Y,49.166492,-123.133694,N,JULY,N,RICHMOND,RICHMOND,RICHMOND,Y,Y,N,LOWER MAINLAND,BUSWELL ST & COOK RD,COOK RD,COOK RD,12:00-14:59,1,0
N,PROPERTY DAMAGE ONLY,CAMBIE ST,N,2022,MONDAY,UNDETERMINED,N,Y,49.26405,-123.114821,N,JULY,N,VANCOUVER,VANCOUVER,VANCOUVER,Y,Y,N,LOWER MAINLAND,CAMBIE ST & W 8TH AVE,W 8TH AVE,W 8TH AVE,12:00-14:59,1,0
N,PROPERTY DAMAGE ONLY,CAMPBELL ST,N,2022,MONDAY,REAR END,N,Y,49.152691,-125.908561,N,JULY,N,TOFINO,TOFINO,TOFINO,N,N,N,VANCOUVER ISLAND,CAMPBELL ST & FIRST ST,FIRST ST,FIRST ST,12:00-14:59,1,0
N,PROPERTY DAMAGE ONLY,CAMROSE ST,N,2022,MONDAY,REAR TO REAR,N,Y,49.479416,-119.578558,N,JULY,N,PENTICTON,PENTICTON,PENTICTON,N,N,N,SOUTHERN INTERIOR,CAMROSE ST & ROSETOWN AVE,ROSETOWN AVE,ROSETOWN AVE,12:00-14:59,1,0
N,PROPERTY DAMAGE ONLY,CANADA WAY,N,2022,MONDAY,REAR END,N,Y,49.254637,-123.004255,N,JULY,N,BURNABY,BURNABY,BURNABY,N,N,N,LOWER MAINLAND,CANADA WAY & WILLINGDON AVE,WILLINGDON AVE,WILLINGDON AVE,12:00-14:59,1,0
N,PROPERTY DAMAGE ONLY,CANADA WAY,N,2022,MONDAY,SIDE IMPACT,N,Y,49.254725,-123.023504,N,JULY,N,BURNABY,BURNABY,BURNABY & VANCOUVER,Y,N,N,LOWER MAINLAND,BOUNDARY RD & CANADA WAY,BOUNDARY RD,BOUNDARY RD,12:00-14:59,1,0
N,PROPERTY DAMAGE ONLY,CLARKE RD,N,2022,MONDAY,SIDE IMPACT,Y,Y,49.276053,-122.875276,N,JULY,N,PORT MOODY,PORT MOODY,PORT MOODY,N,N,N,LOWER MAINLAND,CECILE DR & STEIN LANE,CECILE DR,CECILE DR,12:00-14:59,1,0
N,PROPERTY DAMAGE ONLY,COLUMBIA ST,N,2022,MONDAY,SIDE IMPACT,Y,Y,54.784759,-127.170472,N,JULY,N,SMITHERS,SMITHERS,SMITHERS,N,N,N,NORTH CENTRAL,COLUMBIA ST & HWY 16 & N BUSINESS FRTG & TURNING LANE,HWY 16,HWY 16,12:00-14:59,1,0
N,PROPERTY DAMAGE ONLY,COMMERCIAL DR,N,2022,MONDAY,UNDETERMINED,N,Y,49.266982,-123.069697,N,JULY,N,VANCOUVER,VANCOUVER,VANCOUVER,N,N,N,LOWER MAINLAND,COMMERCIAL DR & E 4TH AVE,E 4TH AVE,E 4TH AVE,12:00-14:59,1,0
N,PROPERTY DAMAGE ONLY,COOPERAGE WAY,N,2022,MONDAY,UNDETERMINED,N,Y,49.274504,-123.11252,N,JULY,N,VANCOUVER,VANCOUVER,VANCOUVER,Y,N,N,LOWER MAINLAND,COOPERAGE WAY & SMITHE MEWS & SMITHE ST,SMITHE ST,SMITHE ST,12:00-14:59,1,0
N,PROPERTY DAMAGE ONLY,COWICHAN BAY RD,N,2022,MONDAY,SIDE SWIPE - SAME DIRECTION,N,Y,48.75577,-123.675701,N,JULY,N,COWICHAN BAY,COWICHAN BAY,COWICHAN BAY & DUNCAN,N,N,N,VANCOUVER ISLAND,COWICHAN BAY RD & TRANS-CANADA HWY & WILSON RD & TURNING LANE,TRANS-CANADA HWY,TRANS-CANADA HWY,12:00-14:59,1,0
N,PROPERTY DAMAGE ONLY,CROWE ST,N,2022,MONDAY,CONFLICTED,N,Y,49.268259,-123.1115,N,JULY,N,VANCOUVER,VANCOUVER,VANCOUVER,N,N,N,LOWER MAINLAND,CROWE ST & W 2ND AVE,W 2ND AVE,W 2ND AVE,12:00-14:59,1,0
N,PROPERTY DAMAGE ONLY,DAVID AVE,N,2022,MONDAY,REAR END,N,Y,49.292831,-122.781174,N,JULY,N,COQUITLAM,COQUITLAM,COQUITLAM,N,N,N,LOWER MAINLAND,DAVID AVE & PIPELINE RD & TURNING LANE,PIPELINE RD,PIPELINE RD,12:00-14:59,1,0
N,PROPERTY DAMAGE ONLY,DENMAN ST,N,2022,MONDAY,REAR END,N,Y,49.292623,-123.133718,N,JULY,N,VANCOUVER,VANCOUVER,VANCOUVER,N,N,N,LOWER MAINLAND,DENMAN ST & W GEORGIA ST,W GEORGIA ST,W GEORGIA ST,12:00-14:59,1,0
N,PROPERTY DAMAGE ONLY,DUNBAR ST,N,2022,MONDAY,UNDETERMINED,Y,Y,49.268585,-123.183636,N,JULY,N,VANCOUVER,VANCOUVER,VANCOUVER,N,N,N,LOWER MAINLAND,DUNBAR ST & W 4TH AVE,W 4TH AVE,W 4TH AVE,12:00-14:59,1,0
N,PROPERTY DAMAGE ONLY,E 28TH AVE,N,2022,MONDAY,SIDE IMPACT,N,Y,49.245848,-123.101254,N,JULY,N,VANCOUVER,VANCOUVER,VANCOUVER,N,N,N,LOWER MAINLAND,E 28TH AVE & MAIN ST,MAIN ST,MAIN ST,12:00-14:59,1,0
N,PROPERTY DAMAGE ONLY,E 41ST AVE,N,2022,MONDAY,REAR END,N,Y,49.232747,-123.065518,N,JULY,N,VANCOUVER,VANCOUVER,VANCOUVER,N,N,N,LOWER MAINLAND,E 41ST AVE & VICTORIA DR,VICTORIA DR,VICTORIA DR,12:00-14:59,1,0
N,PROPERTY DAMAGE ONLY,E 53RD AVE,N,2022,MONDAY,SIDE IMPACT,N,Y,49.221799,-123.077478,N,JULY,N,VANCOUVER,VANCOUVER,VANCOUVER,N,N,N,LOWER MAINLAND,E 53RD AVE & KNIGHT ST,KNIGHT ST,KNIGHT ST,12:00-14:59,1,0
N,PROPERTY DAMAGE ONLY,E HASTINGS ST,N,2022,MONDAY,REAR END,N,Y,49.281344,-123.0771,N,JULY,N,VANCOUVER,VANCOUVER,VANCOUVER,N,N,N,LOWER MAINLAND,CLARK DR & E HASTINGS ST,CLARK DR,CLARK DR,12:00-14:59,1,0
N,PROPERTY DAMAGE ONLY,E HASTINGS ST,N,2022,MONDAY,SIDE SWIPE - SAME DIRECTION,Y,Y,49.281344,-123.0771,N,JULY,N,VANCOUVER,VANCOUVER,VANCOUVER,N,N,N,LOWER MAINLAND,CLARK DR & E HASTINGS ST,CLARK DR,CLARK DR,12:00-14:59,1,0
N,PROPERTY DAMAGE ONLY,E HASTINGS ST,N,2022,MONDAY,UNDETERMINED,Y,Y,49.281347,-123.099687,N,JULY,N,VANCOUVER,VANCOUVER,VANCOUVER,N,N,N,LOWER MAINLAND,E HASTINGS ST & MAIN ST,MAIN ST,MAIN ST,12:00-14:59,1,0
N,PROPERTY DAMAGE ONLY,ECKHARDT W,N,2022,MONDAY,REAR END,N,N,\N,\N,N,JULY,N,PENTICTON,PENTICTON,\N,N,N,N,SOUTHERN INTERIOR,UNKNOWN,VEES DRIVE,VEES DRIVE,12:00-14:59,1,0
N,PROPERTY DAMAGE ONLY,EIGHTH ST,N,2022,MONDAY,SIDE SWIPE - SAME DIRECTION,Y,Y,49.203693,-122.914608,N,JULY,N,NEW WESTMINSTER,NEW WESTMINSTER,NEW WESTMINSTER,N,N,N,LOWER MAINLAND,EIGHTH ST & ROYAL AVE,ROYAL AVE,ROYAL AVE,12:00-14:59,1,0
N,PROPERTY DAMAGE ONLY,FINLAYSON ST,N,2022,MONDAY,SIDE SWIPE - SAME DIRECTION,N,Y,48.445033,-123.370717,N,JULY,N,VICTORIA,VICTORIA,VICTORIA,N,Y,N,VANCOUVER ISLAND,DOUGLAS ST & FINLAYSON ST,DOUGLAS ST,DOUGLAS ST,12:00-14:59,1,0
N,PROPERTY DAMAGE ONLY,FRANSON RD,N,2022,MONDAY,REAR END,N,Y,49.059642,-118.213141,N,JULY,N,CHRISTINA LAKE,CHRISTINA LAKE,CHRISTINA LAKE,N,N,N,SOUTHERN INTERIOR,FRANSON RD & HWY 3,HWY 3,HWY 3,12:00-14:59,1,0
N,PROPERTY DAMAGE ONLY,FRASER HWY,N,2022,MONDAY,REAR END,N,Y,49.058044,-122.470744,N,JULY,N,LANGLEY,LANGLEY,LANGLEY,N,N,N,LOWER MAINLAND,272 ST & FRASER HWY,272 ST,272 ST,12:00-14:59,1,0
N,PROPERTY DAMAGE ONLY,FRASER HWY,N,2022,MONDAY,SIDE IMPACT,N,Y,49.058044,-122.470744,N,JULY,N,LANGLEY,LANGLEY,LANGLEY,N,N,N,LOWER MAINLAND,272 ST & FRASER HWY,272 ST,272 ST,12:00-14:59,1,0
N,PROPERTY DAMAGE ONLY,FRASER HWY,N,2022,MONDAY,UNDETERMINED,N,Y,49.057313,-122.448685,N,JULY,N,ABBOTSFORD,ABBOTSFORD,ABBOTSFORD,N,N,N,LOWER MAINLAND,FRASER HWY & LEFEUVRE RD & TURNING LANE,LEFEUVRE RD,LEFEUVRE RD,12:00-14:59,1,0
N,PROPERTY DAMAGE ONLY,FRASERWOOD PL,N,2022,MONDAY,SIDE SWIPE - SAME DIRECTION,Y,Y,49.167622,-122.983611,N,JULY,N,RICHMOND,RICHMOND,RICHMOND,Y,Y,N,LOWER MAINLAND,FRASERWOOD PL & GORDON WAY,GORDON WAY,GORDON WAY,12:00-14:59,1,0
N,PROPERTY DAMAGE ONLY,FRONT ST,N,2022,MONDAY,REAR END,N,Y,52.975662,-122.49794,N,JULY,N,QUESNEL,QUESNEL,QUESNEL,N,N,N,NORTH CENTRAL,CARSON AVE & FRASER RIVER WALKING BRIDGE & FRONT ST,CARSON AVE,CARSON AVE,12:00-14:59,1,0
N,PROPERTY DAMAGE ONLY,FRONT ST,N,2022,MONDAY,UNDETERMINED,N,Y,49.496464,-117.290615,N,JULY,N,NELSON,NELSON,NELSON,Y,N,N,SOUTHERN INTERIOR,CEDAR ST & FRONT ST,CEDAR ST,CEDAR ST,12:00-14:59,1,0
N,PROPERTY DAMAGE ONLY,GAGLARDI WAY,N,2022,MONDAY,REAR END,N,Y,49.246118,-122.914166,N,JULY,N,BURNABY,BURNABY,BURNABY,N,N,N,LOWER MAINLAND,CARIBOO RD & GAGLARDI WAY,CARIBOO RD,CARIBOO RD,12:00-14:59,1,0
N,PROPERTY DAMAGE ONLY,GARDEN CITY RD,N,2022,MONDAY,CONFLICTED,N,Y,49.177297,-123.124564,N,JULY,N,RICHMOND,RICHMOND,RICHMOND,N,N,N,LOWER MAINLAND,ALDERBRIDGE WAY & GARDEN CITY RD & TURNING LANE,ALDERBRIDGE WAY,ALDERBRIDGE WAY,12:00-14:59,1,0
N,PROPERTY DAMAGE ONLY,GILLEY AVE,N,2022,MONDAY,SIDE IMPACT,N,Y,49.214721,-122.972004,N,JULY,N,BURNABY,BURNABY,BURNABY,Y,N,N,LOWER MAINLAND,GILLEY AVE & RUMBLE ST,RUMBLE ST,RUMBLE ST,12:00-14:59,1,0
N,PROPERTY DAMAGE ONLY,GLOVER RD,N,2022,MONDAY,SINGLE VEHICLE,Y,Y,49.143926,-122.60136,N,JULY,N,LANGLEY,LANGLEY,LANGLEY,N,N,N,LOWER MAINLAND,GLOVER RD & TRANS-CANADA HWY,HWY 1,HWY 1,12:00-14:59,1,0
N,PROPERTY DAMAGE ONLY,GRANVILLE BRIDGE,N,2022,MONDAY,REAR END,N,Y,49.275046,-123.129407,N,JULY,N,VANCOUVER,VANCOUVER,VANCOUVER,N,N,N,LOWER MAINLAND,GRANVILLE BRIDGE & GRANVILLE ST & HOWE ST ONRAMP & PACIFIC ST & SEYMOUR ST OFFRAMP,HWY 99,HWY 99,12:00-14:59,1,0
N,PROPERTY DAMAGE ONLY,GRANVILLE ST,N,2022,MONDAY,SIDE IMPACT,N,Y,49.234343,-123.139623,N,JULY,N,VANCOUVER,VANCOUVER,VANCOUVER,N,N,N,LOWER MAINLAND,GRANVILLE ST & W 41ST AVE,W 41ST AVE,W 41ST AVE,12:00-14:59,1,0
N,PROPERTY DAMAGE ONLY,GREEN LAKE SOUTH RD,N,2022,MONDAY,SINGLE VEHICLE,N,N,\N,\N,N,JULY,N,70 MILE HOUSE,70 MILE HOUSE,\N,N,N,N,NORTH CENTRAL,UNKNOWN,CARIBOO HWY,CARIBOO HWY,12:00-14:59,1,0
N,PROPERTY DAMAGE ONLY,HALL AVE,N,2022,MONDAY,CONFLICTED,N,Y,49.219304,-122.954895,N,JULY,N,BURNABY,BURNABY,BURNABY,Y,Y,Y,LOWER MAINLAND,ARCOLA ST & ARCOLA WAY & HALL AVE,ARCOLA ST,ARCOLA ST,12:00-14:59,1,0
N,PROPERTY DAMAGE ONLY,HAMILTON ST,N,2022,MONDAY,SIDE SWIPE - SAME DIRECTION,N,Y,49.279937,-123.114255,N,JULY,N,VANCOUVER,VANCOUVER,VANCOUVER,N,N,N,LOWER MAINLAND,HAMILTON ST & W GEORGIA ST,W GEORGIA ST,W GEORGIA ST,12:00-14:59,1,0
N,PROPERTY DAMAGE ONLY,HASTINGS,N,2022,MONDAY,REAR END,N,N,\N,\N,N,JULY,N,VANCOUVER,VANCOUVER,\N,N,N,N,LOWER MAINLAND,UNKNOWN,VICTORIA,VICTORIA,12:00-14:59,1,0
N,PROPERTY DAMAGE ONLY,HASTINGS ST,N,2022,MONDAY,SIDE SWIPE - SAME DIRECTION,N,Y,49.281047,-123.014159,N,JULY,N,BURNABY,BURNABY,BURNABY,N,N,N,LOWER MAINLAND,GILMORE AVE & HASTINGS ST,GILMORE AVE,GILMORE AVE,12:00-14:59,1,0
N,PROPERTY DAMAGE ONLY,HEBERT RD,N,2022,MONDAY,REAR END,N,Y,49.828426,-119.633899,N,JULY,N,WEST KELOWNA,WEST KELOWNA,WEST KELOWNA,N,N,N,SOUTHERN INTERIOR,DOBBIN RD & HEBERT RD,DOBBIN RD,DOBBIN RD,12:00-14:59,1,0
N,PROPERTY DAMAGE ONLY,HILLSIDE DR,N,2022,MONDAY,SIDE IMPACT,N,Y,50.65485,-120.37778,N,JULY,N,KAMLOOPS,KAMLOOPS,KAMLOOPS,N,Y,N,SOUTHERN INTERIOR,HILLSIDE DR & PACIFIC WAY & TURNING LANE,PACIFIC WAY,PACIFIC WAY,12:00-14:59,1,0
N,PROPERTY DAMAGE ONLY,HOLDOM AVE,N,2022,MONDAY,SIDE SWIPE - SAME DIRECTION,Y,Y,49.280335,-122.980945,N,JULY,N,BURNABY,BURNABY,BURNABY,Y,N,N,LOWER MAINLAND,HASTINGS ST & HOLDOM AVE,HASTINGS ST,HASTINGS ST,12:00-14:59,1,0
N,PROPERTY DAMAGE ONLY,HOWE ST,N,2022,MONDAY,SIDE IMPACT,N,Y,49.279909,-123.124039,N,JULY,N,VANCOUVER,VANCOUVER,VANCOUVER,N,N,N,LOWER MAINLAND,HOWE ST & NELSON ST,NELSON ST,NELSON ST,12:00-14:59,1,0
N,PROPERTY DAMAGE ONLY,HOWE ST,N,2022,MONDAY,SIDE IMPACT,N,Y,49.280985,-123.122436,N,JULY,N,VANCOUVER,VANCOUVER,VANCOUVER,N,N,N,LOWER MAINLAND,HOWE ST & SMITHE ST,SMITHE ST,SMITHE ST,12:00-14:59,1,0
N,PROPERTY DAMAGE ONLY,HOWE ST,N,2022,MONDAY,UNDETERMINED,N,Y,49.283132,-123.119153,N,JULY,N,VANCOUVER,VANCOUVER,VANCOUVER,N,N,N,LOWER MAINLAND,HOWE ST & W GEORGIA ST,W GEORGIA ST,W GEORGIA ST,12:00-14:59,1,0
N,PROPERTY DAMAGE ONLY,HWY 17A,N,2022,MONDAY,REAR END,N,Y,48.535706,-123.437368,N,JULY,N,SAANICH,SAANICH,SAANICH,N,N,N,VANCOUVER ISLAND,WALLACE DR & WEST SAANICH RD & TURNING LANE,WALLACE DR,WALLACE DR,12:00-14:59,1,0
N,PROPERTY DAMAGE ONLY,HWY 33,N,2022,MONDAY,REAR END,N,Y,49.889036,-119.417573,N,JULY,N,KELOWNA,KELOWNA,KELOWNA,N,N,N,SOUTHERN INTERIOR,HWY 33 W & MAYDEN RD & MILLS RD & ZIPRICK RD & TURNING LANE,ZIPRICK RD,ZIPRICK RD,12:00-14:59,1,0
N,PROPERTY DAMAGE ONLY,HWY 91,N,2022,MONDAY,REAR END,N,Y,49.16863,-122.973755,N,JULY,N,RICHMOND,RICHMOND,RICHMOND,N,N,N,LOWER MAINLAND,HWY 91 & HWY 91 ONRAMP & WESTMINSTER HWY & WESTMINSTER HWY ONRAMP,WESTMINSTER HWY,WESTMINSTER HWY,12:00-14:59,1,0
N,PROPERTY DAMAGE ONLY,HWY 91,N,2022,MONDAY,SIDE SWIPE - SAME DIRECTION,N,Y,49.146506,-122.944458,N,JULY,N,DELTA,DELTA,DELTA,N,N,N,LOWER MAINLAND,HWY 17 & HWY 91 & HWY 91 CONN & HWY 91 CONN OFFRAMP & HWY 91 CONN ONRAMP & NORDEL WAY & NORDEL WAY OFFRAMP & NORDEL WAY ONRAMP & NORDEL WAY OVERPASS & WEIGH SCALE RD & SCALE ACCESS & TURNING LANE,NORDEL WAY OVERPASS,NORDEL WAY OVERPASS,12:00-14:59,1,0
N,PROPERTY DAMAGE ONLY,HWY 97A,N,2022,MONDAY,REAR END,N,Y,50.551105,-119.140126,N,JULY,N,ENDERBY,ENDERBY,ENDERBY,N,N,N,SOUTHERN INTERIOR,GEORGE ST & MILL AVE,MILL AVE,MILL AVE,12:00-14:59,1,0
N,PROPERTY DAMAGE ONLY,HWY 99,N,2022,MONDAY,CONFLICTED,N,Y,49.061285,-122.805074,N,JULY,N,SURREY,SURREY,SURREY,N,N,N,LOWER MAINLAND,32 AVE DIVERSION & 32 AVE DIVERSION OFFRAMP & 32 AVE DIVERSION ONRAMP & 32 AVE OFFRAMP & 32 AVE ONRAMP & HWY 99,32 AVE,32 AVE,12:00-14:59,1,0
N,PROPERTY DAMAGE ONLY,IOCO RD,N,2022,MONDAY,SIDE IMPACT,N,Y,49.277438,-122.826956,N,JULY,N,PORT MOODY,PORT MOODY,PORT MOODY,N,N,N,LOWER MAINLAND,BARNET HWY & BARNET SERVICE RD & IOCO RD & ST JOHNS ST & ACCESS ROAD & TURNING LANE,ST JOHNS ST,ST JOHNS ST,12:00-14:59,1,0
N,PROPERTY DAMAGE ONLY,IRONWORKERS MEMORIAL BRIDGE,N,2022,MONDAY,SIDE SWIPE - SAME DIRECTION,N,Y,49.304852,-123.027413,N,JULY,N,NORTH VANCOUVER,NORTH VANCOUVER,NORTH VANCOUVER,N,N,N,LOWER MAINLAND,DOLLARTON HWY & DOLLARTON HWY OFFRAMP & DOLLARTON HWY ONRAMP & IRONWORKERS MEMORIAL BRIDGE & MAIN ST & MAIN ST OFFRAMP & MAIN ST ONRAMP & PHIBBS EXCHANGE & TRANS-CANADA HWY & EMERGENCY LANE & HIGHWAY RAMP & TURNING LANE,HWY 1,HWY 1,12:00-14:59,1,0
N,PROPERTY DAMAGE ONLY,IRONWORKERS MEMORIAL BRIDGE,N,2022,MONDAY,UNDETERMINED,N,Y,49.304852,-123.027413,N,JULY,N,NORTH VANCOUVER,NORTH VANCOUVER,NORTH VANCOUVER,N,N,N,LOWER MAINLAND,DOLLARTON HWY & DOLLARTON HWY OFFRAMP & DOLLARTON HWY ONRAMP & IRONWORKERS MEMORIAL BRIDGE & MAIN ST & MAIN ST OFFRAMP & MAIN ST ONRAMP & PHIBBS EXCHANGE & TRANS-CANADA HWY & EMERGENCY LANE & HIGHWAY RAMP & TURNING LANE,HWY 1,HWY 1,12:00-14:59,1,0
N,PROPERTY DAMAGE ONLY,JORDAN AVE,N,2022,MONDAY,SIDE IMPACT,N,Y,49.211508,-124.035074,N,JULY,N,NANAIMO,NANAIMO,NANAIMO,N,N,N,VANCOUVER ISLAND,JORDAN AVE & MAUREEN WAY & MOSTAR RD & TURNING LANE,MOSTAR RD,MOSTAR RD,12:00-14:59,1,0
N,PROPERTY DAMAGE ONLY,KELLY RD,N,2022,MONDAY,REAR END,Y,N,\N,\N,N,JULY,N,LANGFORD,LANGFORD,\N,N,N,N,VANCOUVER ISLAND,UNKNOWN,SOOKE RD,SOOKE RD,12:00-14:59,1,0
N,PROPERTY DAMAGE ONLY,KENSINGTON AVE,N,2022,MONDAY,REAR END,N,Y,49.275203,-122.970086,N,JULY,N,BURNABY,BURNABY,BURNABY,N,N,N,LOWER MAINLAND,CURTIS ST & KENSINGTON AVE,CURTIS ST,CURTIS ST,12:00-14:59,1,0
N,PROPERTY DAMAGE ONLY,KING GEORGE BLVD,N,2022,MONDAY,REAR END,N,Y,49.05882,-122.80993,N,JULY,N,SURREY,SURREY,SURREY,N,Y,N,LOWER MAINLAND,148 ST & 32 AVE DIVERSION & KING GEORGE BLVD & TURNING LANE,148 ST,148 ST,12:00-14:59,1,0
N,PROPERTY DAMAGE ONLY,KING GEORGE BLVD,N,2022,MONDAY,REAR END,N,Y,49.162742,-122.845798,N,JULY,N,SURREY,SURREY,SURREY,N,N,N,LOWER MAINLAND,88 AVE & KING GEORGE BLVD & TURNING LANE,88 AVE,88 AVE,12:00-14:59,1,0
N,PROPERTY DAMAGE ONLY,KINGSWAY,N,2022,MONDAY,REAR END,N,Y,49.217432,-122.945859,N,JULY,N,BURNABY,BURNABY,BURNABY,N,N,N,LOWER MAINLAND,16TH AVE & KINGSWAY,16TH AVE,16TH AVE,12:00-14:59,1,0
N,PROPERTY DAMAGE ONLY,KINGSWAY,N,2022,MONDAY,REAR END,N,Y,49.230223,-123.004835,N,JULY,N,BURNABY,BURNABY,BURNABY,N,N,N,LOWER MAINLAND,KINGSWAY & WILLINGDON AVE & TURNING LANE,WILLINGDON AVE,WILLINGDON AVE,12:00-14:59,1,0
N,PROPERTY DAMAGE ONLY,KITCHENER ST,N,2022,MONDAY,SIDE SWIPE - SAME DIRECTION,N,Y,49.272138,-123.069607,N,JULY,N,VANCOUVER,VANCOUVER,VANCOUVER,Y,N,N,LOWER MAINLAND,COMMERCIAL DR & KITCHENER ST,COMMERCIAL DR,COMMERCIAL DR,12:00-14:59,1,0
N,PROPERTY DAMAGE ONLY,KNIGHT ST BRIDGE,N,2022,MONDAY,CONFLICTED,N,Y,49.211079,-123.077129,N,JULY,N,VANCOUVER,VANCOUVER,VANCOUVER,N,N,N,LOWER MAINLAND,KNIGHT ST & KNIGHT ST BRIDGE & SE MARINE DR & SE MARINE DR OFFRAMP & SE MARINE DR ONRAMP & BUS LANE,SE MARINE DR,SE MARINE DR,12:00-14:59,1,0
N,PROPERTY DAMAGE ONLY,KOOTENAY RIVER RD,N,2022,MONDAY,SINGLE VEHICLE,N,Y,49.102672,-116.525476,N,JULY,N,CRESTON,CRESTON,CRESTON,N,N,N,SOUTHERN INTERIOR,HWY 21 N & KOOTENAY RIVER RD,HWY 21,HWY 21,12:00-14:59,1,0
N,PROPERTY DAMAGE ONLY,LANGLEY BYPASS,N,2022,MONDAY,SIDE IMPACT,N,Y,49.113414,-122.668651,N,JULY,N,LANGLEY,LANGLEY,LANGLEY,N,N,N,LOWER MAINLAND,200 ST & LANGLEY BYPASS & TURNING LANE,200 ST,200 ST,12:00-14:59,1,0
N,PROPERTY DAMAGE ONLY,LANSDOWNE DR,N,2022,MONDAY,REAR END,N,Y,49.278805,-122.808335,N,JULY,N,COQUITLAM,COQUITLAM,COQUITLAM,N,N,N,LOWER MAINLAND,LANSDOWNE DR & RUNNEL DR & MALL ACCESS,RUNNEL DR,RUNNEL DR,12:00-14:59,1,0
N,PROPERTY DAMAGE ONLY,LANSDOWNE RD,N,2022,MONDAY,REAR END,N,Y,49.173863,-123.136744,N,JULY,N,RICHMOND,RICHMOND,RICHMOND,N,N,N,LOWER MAINLAND,LANSDOWNE RD & NO 3 RD,NO 3 RD,NO 3 RD,12:00-14:59,1,0
N,PROPERTY DAMAGE ONLY,LEATHEAD RD,N,2022,MONDAY,UNDETERMINED,N,Y,49.895382,-119.409423,N,JULY,N,KELOWNA,KELOWNA,KELOWNA,N,N,N,SOUTHERN INTERIOR,DEASE RD & LEATHEAD RD,DEASE RD,DEASE RD,12:00-14:59,1,0
N,PROPERTY DAMAGE ONLY,LEGACY WAY,N,2022,MONDAY,SINGLE VEHICLE,N,Y,50.081167,-123.039306,N,JULY,N,WHISTLER,WHISTLER,WHISTLER,N,Y,N,LOWER MAINLAND,JANE LAKES RD & LEGACY WAY,JANE LAKES RD,JANE LAKES RD,12:00-14:59,1,0
N,PROPERTY DAMAGE ONLY,LIONS GATE BRIDGE,N,2022,MONDAY,CONFLICTED,N,Y,49.326165,-123.128977,N,JULY,N,WEST VANCOUVER,WEST VANCOUVER,WEST VANCOUVER,N,N,N,LOWER MAINLAND,LIONS GATE BRIDGE & MARINE DR & MARINE DR OFFRAMP & MARINE DR ONRAMP & UTILITY ACCESS,MARINE DR,MARINE DR,12:00-14:59,1,0
N,PROPERTY DAMAGE ONLY,LONSDALE AVE,N,2022,MONDAY,SIDE IMPACT,N,Y,49.323097,-123.072295,N,JULY,N,NORTH VANCOUVER,NORTH VANCOUVER,NORTH VANCOUVER,N,N,N,LOWER MAINLAND,LONSDALE AVE & W 16TH ST,W 16TH ST,W 16TH ST,12:00-14:59,1,0
N,PROPERTY DAMAGE ONLY,LORNE CRES,N,2022,MONDAY,REAR END,N,Y,53.897493,-122.780747,N,JULY,N,PRINCE GEORGE,PRINCE GEORGE,PRINCE GEORGE,N,N,N,NORTH CENTRAL,LORNE CRES & WESTWOOD DR & MALL ACCESS,WESTWOOD DR,WESTWOOD DR,12:00-14:59,1,0
N,PROPERTY DAMAGE ONLY,LOUGHEED HWY,N,2022,MONDAY,CONFLICTED,N,Y,49.216929,-122.601543,N,JULY,N,MAPLE RIDGE,MAPLE RIDGE,MAPLE RIDGE,N,N,N,LOWER MAINLAND,224 ST & LOUGHEED HWY,224 ST,224 ST,12:00-14:59,1,0
N,PROPERTY DAMAGE ONLY,MACCLURE RD,N,2022,MONDAY,REAR END,N,N,\N,\N,N,JULY,N,ABBOTSFORD,ABBOTSFORD,\N,N,N,N,LOWER MAINLAND,UNKNOWN,HWY 11,HWY 11,12:00-14:59,1,0
N,PROPERTY DAMAGE ONLY,MAIN ST,N,2022,MONDAY,SIDE IMPACT,N,Y,49.244458,-123.101309,N,JULY,N,VANCOUVER,VANCOUVER,VANCOUVER,N,N,N,LOWER MAINLAND,E 29TH AVE & MAIN ST,E 29TH AVE,E 29TH AVE,12:00-14:59,1,0
N,PROPERTY DAMAGE ONLY,MAIN ST,N,2022,MONDAY,SIDE SWIPE - SAME DIRECTION,N,Y,49.262912,-123.100967,N,JULY,N,VANCOUVER,VANCOUVER,VANCOUVER,N,N,N,LOWER MAINLAND,E BROADWAY & MAIN ST,E BROADWAY,E BROADWAY,12:00-14:59,1,0
N,PROPERTY DAMAGE ONLY,MAIN ST,N,2022,MONDAY,UNDETERMINED,Y,Y,49.211099,-123.102224,N,JULY,N,VANCOUVER,VANCOUVER,VANCOUVER,N,N,N,LOWER MAINLAND,MAIN ST & SE MARINE DR,SE MARINE DR,SE MARINE DR,12:00-14:59,1,0
N,PROPERTY DAMAGE ONLY,MARINE DR,N,2022,MONDAY,SIDE IMPACT,N,Y,49.328629,-123.160238,N,JULY,N,WEST VANCOUVER,WEST VANCOUVER,WEST VANCOUVER,Y,Y,N,LOWER MAINLAND,17TH ST & MARINE DR,17TH ST,17TH ST,12:00-14:59,1,0
N,PROPERTY DAMAGE ONLY,MARLBOROUGH AVE,N,2022,MONDAY,REAR END,N,Y,49.225847,-122.991551,N,JULY,N,BURNABY,BURNABY,BURNABY,N,N,N,LOWER MAINLAND,KINGSWAY & MARLBOROUGH AVE,KINGSWAY,KINGSWAY,12:00-14:59,1,0
N,PROPERTY DAMAGE ONLY,MARY HILL BYPASS,N,2022,MONDAY,HEAD ON,N,Y,49.246496,-122.748006,N,JULY,N,PORT COQUITLAM,PORT COQUITLAM,PORT COQUITLAM,N,N,N,LOWER MAINLAND,KINGSWAY AVE & MARY HILL BYPASS & TURNING LANE,KINGSWAY AVE,KINGSWAY AVE,12:00-14:59,1,0
N,PROPERTY DAMAGE ONLY,MARY HILL BYPASS,N,2022,MONDAY,UNDETERMINED,N,Y,49.240773,-122.761896,N,JULY,N,PORT COQUITLAM,PORT COQUITLAM,PORT COQUITLAM,N,N,N,LOWER MAINLAND,BROADWAY ST & MARY HILL BYPASS & TURNING LANE,BROADWAY ST,BROADWAY ST,12:00-14:59,1,0
N,PROPERTY DAMAGE ONLY,MAYFAIR RD,N,2022,MONDAY,REAR END,N,Y,49.90118,-119.402341,N,JULY,N,KELOWNA,KELOWNA,KELOWNA,N,N,N,SOUTHERN INTERIOR,MAYFAIR RD & MCCURDY RD,MCCURDY RD,MCCURDY RD,12:00-14:59,1,0
N,PROPERTY DAMAGE ONLY,MCBRIDE BLVD,N,2022,MONDAY,REAR END,Y,Y,49.211366,-122.900283,N,JULY,N,NEW WESTMINSTER,NEW WESTMINSTER,NEW WESTMINSTER,N,N,N,LOWER MAINLAND,BUSHBY ST & COLUMBIA ST & E COLUMBIA ST & E ROYAL AVE & HWY 1A & LEOPOLD PL & MCBRIDE BLVD & ROYAL AVE & HIGHWAY RAMP,E COLUMBIA ST,E COLUMBIA ST,12:00-14:59,1,0
N,PROPERTY DAMAGE ONLY,MCDOUGALL ST,N,2022,MONDAY,CONFLICTED,N,Y,49.878644,-119.498726,N,JULY,N,KELOWNA,KELOWNA,KELOWNA,Y,Y,N,SOUTHERN INTERIOR,BEACH AVE & MCDOUGALL ST,BEACH AVE,BEACH AVE,12:00-14:59,1,0
N,PROPERTY DAMAGE ONLY,MCKENZIE AVE OFFRAMP,N,2022,MONDAY,UNDETERMINED,N,Y,48.467881,-123.381515,N,JULY,N,SAANICH,SAANICH,SAANICH,N,N,N,VANCOUVER ISLAND,DOUGLAS ST & MCKENZIE AVE & MCKENZIE AVE OFFRAMP & MCKENZIE AVE ONRAMP & PATRICIA BAY HWY & PATRICIA BAY HWY ONRAMP & TURNING LANE,PAT BAY HWY,PAT BAY HWY,12:00-14:59,1,0
N,PROPERTY DAMAGE ONLY,MILLSTREAM RD,N,2022,MONDAY,REAR END,Y,Y,48.460388,-123.497264,N,JULY,N,LANGFORD,LANGFORD,LANGFORD,N,N,N,VANCOUVER ISLAND,MCCALLUM RD & MILLSTREAM RD & TURNING LANE,MCCALLUM RD,MCCALLUM RD,12:00-14:59,1,0
N,PROPERTY DAMAGE ONLY,MOUNTAIN HWY,N,2022,MONDAY,SINGLE VEHICLE,N,Y,49.337044,-123.038214,N,JULY,N,NORTH VANCOUVER,NORTH VANCOUVER,NORTH VANCOUVER,N,N,N,LOWER MAINLAND,LYNN VALLEY RD & MOUNTAIN HWY & TURNING LANE & UNNAMED LANE,LYNN VALLEY RD,LYNN VALLEY RD,12:00-14:59,1,0
N,PROPERTY DAMAGE ONLY,NANAIMO ST,N,2022,MONDAY,UNDETERMINED,N,Y,49.284779,-123.056525,N,JULY,N,VANCOUVER,VANCOUVER,VANCOUVER,N,N,N,LOWER MAINLAND,DUNDAS ST & N NANAIMO ST & NANAIMO ST,DUNDAS ST,DUNDAS ST,12:00-14:59,1,0
N,PROPERTY DAMAGE ONLY,NANCEE WAY,N,2022,MONDAY,UNDETERMINED,N,Y,49.878039,-119.535966,N,JULY,N,WEST KELOWNA,WEST KELOWNA,WEST KELOWNA,Y,Y,N,SOUTHERN INTERIOR,NANCEE WAY & SNEENA RD,SNEENA RD,SNEENA RD,12:00-14:59,1,0
N,PROPERTY DAMAGE ONLY,NARCISSE ST NW,N,2022,MONDAY,UNDETERMINED,Y,Y,50.700848,-119.289923,N,JULY,N,SALMON ARM,SALMON ARM,SALMON ARM,N,N,N,SOUTHERN INTERIOR,BEATTY AVE NW & NARCISSE ST NW,BEATTY AVE NW,BEATTY AVE NW,12:00-14:59,1,0
N,PROPERTY DAMAGE ONLY,NEAR MUNDELL PARK,N,2022,MONDAY,UNDETERMINED,N,N,\N,\N,N,JULY,N,VANCOUVER,VANCOUVER,\N,N,N,N,LOWER MAINLAND,UNKNOWN,BIRNEY AVENUE,BIRNEY AVENUE,12:00-14:59,1,0
N,PROPERTY DAMAGE ONLY,NELSON ST,N,2022,MONDAY,REAR END,N,Y,49.279909,-123.124039,N,JULY,N,VANCOUVER,VANCOUVER,VANCOUVER,N,N,N,LOWER MAINLAND,HOWE ST & NELSON ST,HOWE ST,HOWE ST,12:00-14:59,1,0
N,PROPERTY DAMAGE ONLY,NITHSDALE ST,N,2022,MONDAY,SIDE SWIPE - OPPOSITE DIRECTION,N,Y,49.250907,-123.013152,N,JULY,N,BURNABY,BURNABY,BURNABY,N,N,N,LOWER MAINLAND,KALYK AVE & NITHSDALE ST,KALYK AVE,KALYK AVE,12:00-14:59,1,0
N,PROPERTY DAMAGE ONLY,NO 3 RD,N,2022,MONDAY,SIDE IMPACT,N,Y,49.172017,-123.136554,N,JULY,N,RICHMOND,RICHMOND,RICHMOND,N,Y,N,LOWER MAINLAND,ACKROYD RD & NO 3 RD,ACKROYD RD,ACKROYD RD,12:00-14:59,1,0
N,PROPERTY DAMAGE ONLY,NO 3 RD,N,2022,MONDAY,SIDE IMPACT,N,Y,49.172017,-123.136554,N,JULY,N,RICHMOND,RICHMOND,RICHMOND,Y,Y,N,LOWER MAINLAND,ACKROYD RD & NO 3 RD,ACKROYD RD,ACKROYD RD,12:00-14:59,1,0
N,PROPERTY DAMAGE ONLY,NO 3 RD,N,2022,MONDAY,UNDETERMINED,N,Y,49.184649,-123.136506,N,JULY,N,RICHMOND,RICHMOND,RICHMOND,N,Y,N,LOWER MAINLAND,CAMBIE RD & NO 3 RD,CAMBIE RD,CAMBIE RD,12:00-14:59,1,0
N,PROPERTY DAMAGE ONLY,OAK ST,N,2022,MONDAY,SIDE IMPACT,N,Y,49.219207,-123.128556,N,JULY,N,VANCOUVER,VANCOUVER,VANCOUVER,N,N,N,LOWER MAINLAND,OAK ST & W 57TH AVE,W 57TH AVE,W 57TH AVE,12:00-14:59,1,0
N,PROPERTY DAMAGE ONLY,OKANAGAN AVE W,N,2022,MONDAY,REAR END,N,Y,49.477395,-119.583689,N,JULY,N,PENTICTON,PENTICTON,PENTICTON,N,N,N,SOUTHERN INTERIOR,MAIN ST & OKANAGAN AVE E & OKANAGAN AVE W,MAIN ST,MAIN ST,12:00-14:59,1,0
N,PROPERTY DAMAGE ONLY,PRINCE GEORGE PULPMILL ROAD,N,2022,MONDAY,UNDETERMINED,N,N,\N,\N,N,JULY,N,PRINCE GEORGE,PRINCE GEORGE,\N,N,N,N,NORTH CENTRAL,UNKNOWN,CAMERON ST,CAMERON ST,12:00-14:59,1,0
N,PROPERTY DAMAGE ONLY,PULLOCK LANE,N,2022,MONDAY,UNDETERMINED,N,Y,48.589603,-123.388339,N,JULY,N,CENTRAL SAANICH,CENTRAL SAANICH,CENTRAL SAANICH,Y,N,N,VANCOUVER ISLAND,PULLOCK LANE & PULLOCK LANE W & PULLOCK RD,PULLOCK RD,PULLOCK RD,12:00-14:59,1,0
N,PROPERTY DAMAGE ONLY,QUEENSBURY AVE,N,2022,MONDAY,UNDETERMINED,N,Y,48.460577,-123.350723,N,JULY,N,SAANICH,SAANICH,SAANICH,N,N,N,VANCOUVER ISLAND,BLENKINSOP RD & CARINA PL & QUEENSBURY AVE,BLENKINSOP RD,BLENKINSOP RD,12:00-14:59,1,0
N,PROPERTY DAMAGE ONLY,REDFORD ST,N,2022,MONDAY,REAR END,N,Y,49.245201,-124.797826,N,JULY,N,PORT ALBERNI,PORT ALBERNI,PORT ALBERNI,Y,Y,N,VANCOUVER ISLAND,10TH AVE & REDFORD ST,10TH AVE,10TH AVE,12:00-14:59,1,0
N,PROPERTY DAMAGE ONLY,ROBERTS AVE,N,2022,MONDAY,SIDE IMPACT,N,Y,49.049359,-122.295477,N,JULY,N,ABBOTSFORD,ABBOTSFORD,ABBOTSFORD,N,N,N,LOWER MAINLAND,ROBERTS AVE & SOUTH FRASER WAY,SOUTH FRASER WAY,SOUTH FRASER WAY,12:00-14:59,1,0
N,PROPERTY DAMAGE ONLY,RUMBLE AVE,N,2022,MONDAY,REAR END,N,Y,49.214803,-123.023636,N,JULY,N,BURNABY,BURNABY,BURNABY & VANCOUVER,N,N,N,LOWER MAINLAND,BOUNDARY RD & RUMBLE AVE & RUMBLE ST & TURNING LANE,BOUNDARY RD,BOUNDARY RD,12:00-14:59,1,0
N,PROPERTY DAMAGE ONLY,RUSS BAKER WAY,N,2022,MONDAY,SIDE SWIPE - SAME DIRECTION,N,Y,49.192621,-123.14231,N,JULY,N,RICHMOND,RICHMOND,RICHMOND,N,N,N,LOWER MAINLAND,AIRPORT CONNECTOR BRIDGE & AIRPORT STATION & ARTHUR LAING BRIDGE & BRIDGEPORT RD & CESSNA DR & CESSNA DR OFRP & GRANT MCCONACHIE WAY & GRANT MCCONACHIE WAY OFRP & GRANT MCCONACHIE WAY ONRP & MILLER RD & RUSS BAKER WAY & RUSS BAKER WAY OFRP & RUSS BAKER W,SEA ISLAND WAY,SEA ISLAND WAY,12:00-14:59,1,0
N,PROPERTY DAMAGE ONLY,RUTLAND RD N,N,2022,MONDAY,UNDETERMINED,N,Y,49.88897,-119.386858,N,JULY,N,KELOWNA,KELOWNA,KELOWNA,Y,N,N,SOUTHERN INTERIOR,HWY 33 E & HWY 33 W & RUTLAND RD N & RUTLAND RD S,HWY 33,HWY 33,12:00-14:59,1,0
N,PROPERTY DAMAGE ONLY,SHELBOURNE ST,N,2022,MONDAY,HEAD ON,N,Y,48.448149,-123.333242,N,JULY,N,SAANICH,SAANICH,SAANICH & VICTORIA,N,Y,N,VANCOUVER ISLAND,NORTH DAIRY RD & SHELBOURNE ST,NORTH DAIRY RD,NORTH DAIRY RD,12:00-14:59,1,0
N,PROPERTY DAMAGE ONLY,SIX MILE RD,N,2022,MONDAY,REAR TO REAR,N,Y,48.462654,-123.466222,N,JULY,N,VIEW ROYAL,VIEW ROYAL,VIEW ROYAL,N,Y,N,VANCOUVER ISLAND,SIX MILE RD & WEST PARK LANE,WEST PARK LANE,WEST PARK LANE,12:00-14:59,1,0
N,PROPERTY DAMAGE ONLY,SKEENA ST,N,2022,MONDAY,REAR END,N,Y,49.258138,-123.028533,N,JULY,N,VANCOUVER,VANCOUVER,VANCOUVER,N,N,N,LOWER MAINLAND,GRANDVIEW HWY & SKEENA ST,GRANDVIEW HWY,GRANDVIEW HWY,12:00-14:59,1,0
N,PROPERTY DAMAGE ONLY,SOOKE RD,N,2022,MONDAY,REAR END,N,Y,48.429523,-123.502945,N,JULY,N,COLWOOD,COLWOOD,COLWOOD,N,N,N,VANCOUVER ISLAND,SOOKE RD & VETERANS MEMORIAL PKY & TURNING LANE,VETERANS MEMORIAL PKY,VETERANS MEMORIAL PKY,12:00-14:59,1,0
N,PROPERTY DAMAGE ONLY,SOOKE RD,N,2022,MONDAY,SIDE IMPACT,N,Y,48.436232,-123.488027,N,JULY,N,COLWOOD,COLWOOD,COLWOOD,N,N,N,VANCOUVER ISLAND,MOUNT VIEW AVE & SOOKE RD,MOUNT VIEW AVE,MOUNT VIEW AVE,12:00-14:59,1,0
N,PROPERTY DAMAGE ONLY,SOUTH FRASER WAY,N,2022,MONDAY,REAR TO REAR,N,Y,49.050843,-122.310008,N,JULY,N,ABBOTSFORD,ABBOTSFORD,ABBOTSFORD,Y,Y,N,LOWER MAINLAND,BOURQUIN CRES W & SOUTH FRASER WAY,BOURQUIN CRES W,BOURQUIN CRES W,12:00-14:59,1,0
N,PROPERTY DAMAGE ONLY,SPERLING AVE,N,2022,MONDAY,SIDE SWIPE - SAME DIRECTION,N,Y,49.218451,-122.964774,N,JULY,N,BURNABY,BURNABY,BURNABY,N,N,N,LOWER MAINLAND,KINGSWAY & SOUTHOAKS CRES & SPERLING AVE,KINGSWAY,KINGSWAY,12:00-14:59,1,0
N,PROPERTY DAMAGE ONLY,SPRINGFIELD RD,N,2022,MONDAY,REAR END,N,Y,49.877203,-119.436472,N,JULY,N,KELOWNA,KELOWNA,KELOWNA,N,N,N,SOUTHERN INTERIOR,BENVOULIN RD & DILWORTH DR & SPRINGFIELD RD & TURNING LANE,DILWORTH DR,DILWORTH DR,12:00-14:59,1,0
N,PROPERTY DAMAGE ONLY,SPRINGFIELD RD,N,2022,MONDAY,REAR END,N,Y,49.87808,-119.387507,N,JULY,N,KELOWNA,KELOWNA,KELOWNA,N,N,N,SOUTHERN INTERIOR,RUTLAND RD S & SPRINGFIELD RD,RUTLAND RD S,RUTLAND RD S,12:00-14:59,1,0
N,PROPERTY DAMAGE ONLY,STAUTW RD,N,2022,MONDAY,SIDE IMPACT,N,Y,48.592459,-123.390235,N,JULY,N,CENTRAL SAANICH,CENTRAL SAANICH,CENTRAL SAANICH,N,Y,N,VANCOUVER ISLAND,MT NEWTON CROSS RD & STAUTW RD & TETAYUT RD,TETAYUT RD,TETAYUT RD,12:00-14:59,1,0
N,PROPERTY DAMAGE ONLY,SUMAS WAY OFFRAMP,N,2022,MONDAY,REAR END,N,Y,49.033431,-122.266381,N,JULY,N,ABBOTSFORD,ABBOTSFORD,ABBOTSFORD,N,N,N,LOWER MAINLAND,LONZO RD & SUMAS WAY & SUMAS WAY OFFRAMP & SUMAS WAY ONRAMP & TRANS-CANADA HWY & TURNING LANE,HWY 1,HWY 1,12:00-14:59,1,0
N,PROPERTY DAMAGE ONLY,TAYLOR WAY,N,2022,MONDAY,CONFLICTED,Y,Y,49.32717,-123.134922,N,JULY,N,WEST VANCOUVER,WEST VANCOUVER,WEST VANCOUVER,N,N,N,LOWER MAINLAND,MARINE DR & TAYLOR WAY & TURNING LANE,MARINE DR,MARINE DR,12:00-14:59,1,0
N,PROPERTY DAMAGE ONLY,TAYLOR WAY,N,2022,MONDAY,REAR END,N,Y,49.32717,-123.134922,N,JULY,N,WEST VANCOUVER,WEST VANCOUVER,WEST VANCOUVER,N,N,N,LOWER MAINLAND,MARINE DR & TAYLOR WAY & TURNING LANE,MARINE DR,MARINE DR,12:00-14:59,1,0
N,PROPERTY DAMAGE ONLY,TODD RD,N,2022,MONDAY,SIDE IMPACT,N,Y,50.651648,-120.156821,N,JULY,N,KAMLOOPS,KAMLOOPS,KAMLOOPS,N,N,N,SOUTHERN INTERIOR,BARNHARTVALE RD & TODD RD,BARNHARTVALE RD,BARNHARTVALE RD,12:00-14:59,1,0
N,PROPERTY DAMAGE ONLY,TRANS CANADA HWY,N,2022,MONDAY,REAR END,N,N,\N,\N,N,JULY,N,VICTORIA,VICTORIA,\N,N,N,N,VANCOUVER ISLAND,UNKNOWN,ISLAND HWY,ISLAND HWY,12:00-14:59,1,0
N,PROPERTY DAMAGE ONLY,TRANS-CANADA HWY,N,2022,MONDAY,SINGLE VEHICLE,N,Y,48.776846,-123.698837,N,JULY,N,DUNCAN,DUNCAN,DUNCAN,N,N,N,VANCOUVER ISLAND,TRANS-CANADA HWY & TRUNK RD,TRUNK RD,TRUNK RD,12:00-14:59,1,0
N,PROPERTY DAMAGE ONLY,TYNER BLVD,N,2022,MONDAY,CONFLICTED,N,Y,53.869202,-122.780417,N,JULY,N,PRINCE GEORGE,PRINCE GEORGE,PRINCE GEORGE,N,N,N,NORTH CENTRAL,DOMANO BLVD & HWY 16 W & TYNER BLVD & TURNING LANE,HWY 16,HWY 16,12:00-14:59,1,0
N,PROPERTY DAMAGE ONLY,UNKNOWN,N,2022,MONDAY,SINGLE VEHICLE,N,N,\N,\N,N,JULY,N,MERRITT,MERRITT,\N,N,N,N,SOUTHERN INTERIOR,UNKNOWN,NEILSON ST,NEILSON ST,12:00-14:59,1,0
N,PROPERTY DAMAGE ONLY,VALLEYVIEW DR,N,2022,MONDAY,REAR END,N,Y,50.67251,-120.30098,N,JULY,N,KAMLOOPS,KAMLOOPS,KAMLOOPS,N,N,N,SOUTHERN INTERIOR,BATTLE ST & BATTLE ST OFFRAMP & BATTLE ST ONRAMP & HWY 5 OFFRAMP & HWY 5 ONRAMP & TRANS-CANADA HWY E & VALLEYVIEW DR & VALLEYVIEW DR ONRAMP & YELLOWHEAD HWY & YELLOWHEAD HWY OFFRAMP,BATTLE ST,BATTLE ST,12:00-14:59,1,0
N,PROPERTY DAMAGE ONLY,VICTORIA DR,N,2022,MONDAY,CONFLICTED,N,N,\N,\N,N,JULY,N,VANCOUVER,VANCOUVER,\N,N,N,N,LOWER MAINLAND,UNKNOWN,1ST AVE,1ST AVE,12:00-14:59,1,0
N,PROPERTY DAMAGE ONLY,VICTORIA DR,N,2022,MONDAY,SIDE IMPACT,N,Y,49.225169,-123.065763,N,JULY,N,VANCOUVER,VANCOUVER,VANCOUVER,N,N,N,LOWER MAINLAND,E 49TH AVE & VICTORIA DR,E 49TH AVE,E 49TH AVE,12:00-14:59,1,0
N,PROPERTY DAMAGE ONLY,W 12TH AVE,N,2022,MONDAY,SIDE SWIPE - SAME DIRECTION,N,Y,49.260718,-123.133828,N,JULY,N,VANCOUVER,VANCOUVER,VANCOUVER,Y,N,N,LOWER MAINLAND,BIRCH ST & W 12TH AVE,BIRCH ST,BIRCH ST,12:00-14:59,1,0
N,PROPERTY DAMAGE ONLY,W 16TH AVE,N,2022,MONDAY,SIDE SWIPE - SAME DIRECTION,N,Y,49.257288,-123.152709,N,JULY,N,VANCOUVER,VANCOUVER,VANCOUVER,N,N,N,LOWER MAINLAND,ARBUTUS GREENWAY & ARBUTUS ST & EAST BOULEVARD & W 16TH AVE,ARBUTUS ST,ARBUTUS ST,12:00-14:59,1,0
N,PROPERTY DAMAGE ONLY,W 1ST AVE,N,2022,MONDAY,UNDETERMINED,N,Y,49.270821,-123.155043,N,JULY,N,VANCOUVER,VANCOUVER,VANCOUVER,Y,N,N,LOWER MAINLAND,W 1ST AVE & YEW ST,YEW ST,YEW ST,12:00-14:59,1,0
N,PROPERTY DAMAGE ONLY,W 26TH AVE,N,2022,MONDAY,SINGLE VEHICLE,N,Y,49.248332,-123.139148,N,JULY,N,VANCOUVER,VANCOUVER,VANCOUVER,N,N,N,LOWER MAINLAND,GRANVILLE ST & W 26TH AVE,GRANVILLE ST,GRANVILLE ST,12:00-14:59,1,0
N,PROPERTY DAMAGE ONLY,W 42ND AVE,N,2022,MONDAY,CONFLICTED,N,Y,49.233547,-123.152076,N,JULY,N,VANCOUVER,VANCOUVER,VANCOUVER,Y,N,N,LOWER MAINLAND,MAPLE ST & W 42ND AVE,MAPLE ST,MAPLE ST,12:00-14:59,1,0
N,PROPERTY DAMAGE ONLY,W GEORGIA ST,N,2022,MONDAY,SINGLE VEHICLE,Y,Y,49.281825,-123.117138,N,JULY,N,VANCOUVER,VANCOUVER,VANCOUVER,N,N,N,LOWER MAINLAND,SEYMOUR ST & W GEORGIA ST,SEYMOUR ST,SEYMOUR ST,12:00-14:59,1,0
N,PROPERTY DAMAGE ONLY,W KING EDWARD AVE,N,2022,MONDAY,SINGLE VEHICLE,N,Y,49.249411,-123.139097,N,JULY,N,VANCOUVER,VANCOUVER,VANCOUVER,N,N,N,LOWER MAINLAND,GRANVILLE ST & W KING EDWARD AVE,GRANVILLE ST,GRANVILLE ST,12:00-14:59,1,0
N,PROPERTY DAMAGE ONLY,WALLACE ST,N,2022,MONDAY,UNDETERMINED,Y,Y,49.379482,-121.441652,N,JULY,N,HOPE,HOPE,HOPE,N,N,N,LOWER MAINLAND,3RD AVE & WALLACE ST,3RD AVE,3RD AVE,12:00-14:59,1,0
N,PROPERTY DAMAGE ONLY,WESTVIEW DR,N,2022,MONDAY,REAR END,N,Y,49.33199,-123.088135,N,JULY,N,NORTH VANCOUVER,NORTH VANCOUVER,NORTH VANCOUVER,N,N,N,LOWER MAINLAND,MOSQUITO CREEK BRIDGE & TRANS-CANADA HWY & WESTVIEW DR & WESTVIEW DR OFFRAMP & WESTVIEW DR ONRAMP & TURNING LANE,HWY 1,HWY 1,12:00-14:59,1,0
N,PROPERTY DAMAGE ONLY,WHATCOM RD,N,2022,MONDAY,REAR END,N,Y,49.038989,-122.219833,N,JULY,N,ABBOTSFORD,ABBOTSFORD,ABBOTSFORD,N,N,N,LOWER MAINLAND,TRANS-CANADA HWY & WHATCOM RD & WHATCOM RD OFFRAMP & WHATCOM RD ONRAMP,HWY 1,HWY 1,12:00-14:59,1,0
N,PROPERTY DAMAGE ONLY,YALE RD,N,2022,MONDAY,REAR END,N,Y,49.163129,-121.958994,N,JULY,N,CHILLIWACK,CHILLIWACK,CHILLIWACK,Y,N,N,LOWER MAINLAND,BERNARD AVE & RAILWAY AVE & YALE RD,RAILWAY AVE,RAILWAY AVE,12:00-14:59,1,0
N,PROPERTY DAMAGE ONLY,YALE RD W,N,2022,MONDAY,MULTIPLE IMPACTS,N,Y,49.145179,-121.977627,N,JULY,N,CHILLIWACK,CHILLIWACK,CHILLIWACK,N,N,N,LOWER MAINLAND,EVANS RD & YALE RD,EVANS RD,EVANS RD,12:00-14:59,1,0
N,PROPERTY DAMAGE ONLY,YEW ST,N,2022,MONDAY,SINGLE VEHICLE,N,Y,49.268152,-123.155141,N,JULY,N,VANCOUVER,VANCOUVER,VANCOUVER,N,N,N,LOWER MAINLAND,W 4TH AVE & YEW ST,W 4TH AVE,W 4TH AVE,12:00-14:59,1,0
Y,CASUALTY CRASH,\N,N,2022,MONDAY,SINGLE VEHICLE,N,N,\N,\N,N,JULY,N,MERRITT,MERRITT,\N,N,N,N,SOUTHERN INTERIOR,UNKNOWN,COQUIHALLA HWY,COQUIHALLA HWY,12:00-14:59,1,4
Y,CASUALTY CRASH,\N,N,2022,MONDAY,SINGLE VEHICLE,N,N,\N,\N,N,JULY,N,OLIVER,OLIVER,\N,N,N,N,SOUTHERN INTERIOR,UNKNOWN,MCKINNEY RD,MCKINNEY RD,12:00-14:59,1,1
Y,CASUALTY CRASH,232 ST,N,2022,MONDAY,SINGLE VEHICLE,N,Y,49.103963,-122.581157,N,JULY,N,LANGLEY,LANGLEY,LANGLEY,N,N,N,LOWER MAINLAND,232 ST & 56 AVE,56 AVE,56 AVE,12:00-14:59,1,1
Y,PROPERTY DAMAGE ONLY,\N,N,2022,MONDAY,SINGLE VEHICLE,N,N,\N,\N,N,JULY,N,100 MILE HOUSE,100 MILE HOUSE,\N,N,N,N,NORTH CENTRAL,UNKNOWN,HORSE LAKE RD,HORSE LAKE RD,12:00-14:59,1,0
Y,PROPERTY DAMAGE ONLY,\N,N,2022,MONDAY,SINGLE VEHICLE,N,N,\N,\N,N,JULY,N,103 MILE HOUSE,103 MILE HOUSE,\N,N,N,N,NORTH CENTRAL,UNKNOWN,HWY 97,HWY 97,12:00-14:59,1,0
Y,PROPERTY DAMAGE ONLY,\N,N,2022,MONDAY,SINGLE VEHICLE,N,N,\N,\N,N,JULY,N,CHETWYND,CHETWYND,\N,N,N,N,NORTH CENTRAL,UNKNOWN,HWY 29,HWY 29,12:00-14:59,1,0
Y,PROPERTY DAMAGE ONLY,\N,N,2022,MONDAY,SINGLE VEHICLE,N,N,\N,\N,N,JULY,N,HORNBY ISLAND,HORNBY ISLAND,\N,N,N,N,VANCOUVER ISLAND,UNKNOWN,SHINGLE SPIT RD,SHINGLE SPIT RD,12:00-14:59,1,0
Y,PROPERTY DAMAGE ONLY,\N,N,2022,MONDAY,SINGLE VEHICLE,N,N,\N,\N,N,JULY,N,KIMBERLEY,KIMBERLEY,\N,N,N,N,SOUTHERN INTERIOR,UNKNOWN,HWY 95A,HWY 95A,12:00-14:59,1,0
Y,PROPERTY DAMAGE ONLY,\N,N,2022,MONDAY,SINGLE VEHICLE,N,N,\N,\N,N,JULY,N,MCLEESE LAKE,MCLEESE LAKE,\N,N,N,N,NORTH CENTRAL,UNKNOWN,HIGHWAY 97,HIGHWAY 97,12:00-14:59,1,0
Y,PROPERTY DAMAGE ONLY,\N,N,2022,MONDAY,SINGLE VEHICLE,N,N,\N,\N,N,JULY,N,OSOYOOS,OSOYOOS,\N,N,N,N,SOUTHERN INTERIOR,UNKNOWN,HWY 3,HWY 3,12:00-14:59,1,0
Y,PROPERTY DAMAGE ONLY,\N,N,2022,MONDAY,SINGLE VEHICLE,N,N,\N,\N,N,JULY,N,RICHMOND,RICHMOND,\N,N,N,N,LOWER MAINLAND,UNKNOWN,HWY 91,HWY 91,12:00-14:59,1,0
Y,PROPERTY DAMAGE ONLY,\N,N,2022,MONDAY,SINGLE VEHICLE,N,N,\N,\N,N,JULY,N,SPARWOOD,SPARWOOD,\N,N,N,N,SOUTHERN INTERIOR,UNKNOWN,HWY 3,HWY 3,12:00-14:59,1,0
Y,PROPERTY DAMAGE ONLY,\N,N,2022,MONDAY,SINGLE VEHICLE,N,N,\N,\N,N,JULY,N,UNKNOWN,UNKNOWN,\N,N,N,N,UNKNOWN,UNKNOWN,UNKNOWN,UNKNOWN,12:00-14:59,1,0
Y,PROPERTY DAMAGE ONLY,EDGEWOOD,N,2022,MONDAY,SINGLE VEHICLE,N,N,\N,\N,N,JULY,N,EDGEWOOD,EDGEWOOD,\N,N,N,N,SOUTHERN INTERIOR,UNKNOWN,BC-6,BC-6,12:00-14:59,1,0
Y,PROPERTY DAMAGE ONLY,NORTHFIELD RD,N,2022,MONDAY,SINGLE VEHICLE,N,Y,49.188393,-124.002473,N,JULY,N,NANAIMO,NANAIMO,NANAIMO,N,N,N,VANCOUVER ISLAND,NANAIMO PKY & NORTHFIELD RD & NORTHFIELD RD OFFRAMP & NORTHFIELD RD ONRAMP,HWY 19,HWY 19,12:00-14:59,1,0
Y,PROPERTY DAMAGE ONLY,SHEARME RD,N,2022,MONDAY,SINGLE VEHICLE,N,Y,49.306376,-124.395618,N,JULY,N,COOMBS,COOMBS,COOMBS,N,N,N,VANCOUVER ISLAND,ALBERNI HWY & SHEARME RD,HWY 4A,HWY 4A,12:00-14:59,1,0
Y,PROPERTY DAMAGE ONLY,UNKNOW,N,2022,MONDAY,SINGLE VEHICLE,N,N,\N,\N,N,JULY,N,MUD RIVER,MUD RIVER,\N,N,N,N,NORTH CENTRAL,UNKNOWN,HWY 16,HWY 16,12:00-14:59,1,0
Y,PROPERTY DAMAGE ONLY,UNKNOWN,N,2022,MONDAY,SINGLE VEHICLE,N,N,\N,\N,N,JULY,N,SICAMOUS,SICAMOUS,\N,N,N,N,SOUTHERN INTERIOR,UNKNOWN,HWY 1,HWY 1,12:00-14:59,1,0
