ANIMAL_FLAG,CRASH_SEVERITY,CROSS_STREET_FULL_NAME,CYCLIST_FLAG,DATE_OF_LOSS_YEAR,DAY_OF_WEEK,DERIVED_CRASH_CONFIGURATION,HEAVY_VEH_FLAG,INTERSECTION_CRASH,LATITUDE,LONGITUDE,MID_BLOCK_CRASH,MONTH_OF_YEAR,MOTORCYCLE_FLAG,Municipality Name (ifnull),MUNICIPALITY_NAME,MUNICIPALITY_WITH_BOUNDARY,PARKED_VEHICLE_FLAG,PARKING_LOT_FLAG,PEDESTRIAN_FLAG,REGION,ROAD_LOCATION_DESCRIPTION,Street Full Name (ifnull),STREET_FULL_NAME,TIME_CATEGORY,TOTAL_CRASHES,TOTAL_VICTIMS
N,CASUALTY CRASH,\N,N,2021,FRIDAY,MULTIPLE IMPACTS,N,N,\N,\N,N,APRIL,N,WOSS,WOSS,\N,N,N,N,VANCOUVER ISLAND,UNKNOWN,HWY 19,HWY 19,12:00-14:59,1,1
N,CASUALTY CRASH,\N,N,2021,FRIDAY,REAR END,N,N,\N,\N,N,APRIL,N,DELTA,DELTA,\N,N,N,N,LOWER MAINLAND,UNKNOWN,HWY 91 CONNECTR,HWY 91 CONNECTR,12:00-14:59,1,1
N,CASUALTY CRASH,\N,N,2021,FRIDAY,REAR END,N,N,48.44164,-123.510888,Y,APRIL,N,LANGFORD,LANGFORD,LANGFORD,N,Y,N,VANCOUVER ISLAND,JACKLIN RD # 002937 TO 002979,JACKLIN RD,JACKLIN RD,12:00-14:59,1,1
N,CASUALTY CRASH,\N,N,2021,FRIDAY,REAR END,N,N,49.222938,-122.912555,Y,APRIL,N,NEW WESTMINSTER,NEW WESTMINSTER,NEW WESTMINSTER,N,Y,N,LOWER MAINLAND,MCBRIDE BLVD # 000801 TO 000839 odd,MCBRIDE BLVD,MCBRIDE BLVD,12:00-14:59,1,1
N,CASUALTY CRASH,\N,N,2021,FRIDAY,REAR END,N,N,50.659626,-120.341264,Y,APRIL,N,KAMLOOPS,KAMLOOPS,KAMLOOPS,N,N,N,SOUTHERN INTERIOR,SUMMIT DR # 001500 TO 001549,SUMMIT DR,SUMMIT DR,12:00-14:59,1,1
N,CASUALTY CRASH,\N,N,2021,FRIDAY,REAR END,N,N,53.94042,-122.760714,Y,APRIL,N,PRINCE GEORGE,PRINCE GEORGE,PRINCE GEORGE,N,N,N,NORTH CENTRAL,HART HWY # 001570 TO 002048 even,HART HWY,HART HWY,12:00-14:59,1,1
N,CASUALTY CRASH,\N,N,2021,FRIDAY,SIDE IMPACT,N,N,\N,\N,N,APRIL,N,VANCOUVER,VANCOUVER,\N,N,N,N,LOWER MAINLAND,UNKNOWN,SPRUCE ST,SPRUCE ST,12:00-14:59,1,1
N,CASUALTY CRASH,\N,N,2021,FRIDAY,SIDE IMPACT,N,N,48.444334,-123.381166,Y,APRIL,N,VICTORIA,VICTORIA,VICTORIA,N,N,N,VANCOUVER ISLAND,WASHINGTON AVE # 003000 TO 003099,WASHINGTON AVE,WASHINGTON AVE,12:00-14:59,1,1
N,CASUALTY CRASH,\N,N,2021,FRIDAY,SINGLE VEHICLE,N,N,\N,\N,N,APRIL,N,BAMFIELD,BAMFIELD,\N,N,N,N,VANCOUVER ISLAND,UNKNOWN,FLORA MAIN,FLORA MAIN,12:00-14:59,1,2
N,CASUALTY CRASH,\N,N,2021,FRIDAY,SINGLE VEHICLE,N,N,\N,\N,N,APRIL,N,OSOYOOS,OSOYOOS,\N,N,N,N,SOUTHERN INTERIOR,UNKNOWN,HWY 3,HWY 3,12:00-14:59,1,1
N,CASUALTY CRASH,\N,N,2021,FRIDAY,SINGLE VEHICLE,N,N,\N,\N,N,APRIL,Y,COQUITLAM,COQUITLAM,\N,N,N,N,LOWER MAINLAND,UNKNOWN,PIPELINE RD,PIPELINE RD,12:00-14:59,1,1
N,CASUALTY CRASH,\N,N,2021,FRIDAY,SINGLE VEHICLE,N,N,\N,\N,N,APRIL,Y,KELOWNA,KELOWNA,\N,N,N,N,SOUTHERN INTERIOR,UNKNOWN,POSTILL LAKE RD,POSTILL LAKE RD,12:00-14:59,1,1
N,CASUALTY CRASH,\N,N,2021,FRIDAY,SINGLE VEHICLE,N,N,50.297896,-119.25579,Y,APRIL,N,VERNON,VERNON,VERNON,N,Y,Y,SOUTHERN INTERIOR,STICKLE RD # 006300 TO 006369,STICKLE RD,STICKLE RD,12:00-14:59,1,1
N,CASUALTY CRASH,\N,N,2021,FRIDAY,SINGLE VEHICLE,N,N,50.654704,-120.376999,Y,APRIL,N,KAMLOOPS,KAMLOOPS,KAMLOOPS,N,Y,Y,SOUTHERN INTERIOR,HILLSIDE DR # 001372 TO 001398 even,HILLSIDE DR,HILLSIDE DR,12:00-14:59,1,1
N,CASUALTY CRASH,\N,N,2021,FRIDAY,SINGLE VEHICLE,N,N,50.725438,-121.27922,Y,APRIL,N,ASHCROFT,ASHCROFT,ASHCROFT,N,Y,N,SOUTHERN INTERIOR,RAILWAY AVE # 000100 TO 000199,RAILWAY AVE,RAILWAY AVE,12:00-14:59,1,1
N,CASUALTY CRASH,\N,N,2021,FRIDAY,UNDETERMINED,N,N,\N,\N,N,APRIL,N,VICTORIA,VICTORIA,\N,N,Y,N,VANCOUVER ISLAND,UNKNOWN,BROOKE ST,BROOKE ST,12:00-14:59,1,1
N,CASUALTY CRASH,\N,N,2021,FRIDAY,UNDETERMINED,N,N,48.430707,-123.506911,Y,APRIL,Y,COLWOOD,COLWOOD,COLWOOD,N,N,N,VANCOUVER ISLAND,SOOKE RD # 002440 TO 002463,SOOKE RD,SOOKE RD,12:00-14:59,1,2
N,CASUALTY CRASH,\N,N,2021,FRIDAY,UNDETERMINED,N,N,49.269382,-123.045583,Y,APRIL,N,VANCOUVER,VANCOUVER,VANCOUVER,Y,Y,N,LOWER MAINLAND,E 1ST AVE # 002800 TO 002898 even,E 1ST AVE,E 1ST AVE,12:00-14:59,1,2
N,CASUALTY CRASH,\N,N,2021,FRIDAY,UNDETERMINED,Y,N,49.264655,-123.103858,Y,APRIL,N,VANCOUVER,VANCOUVER,VANCOUVER,Y,Y,N,LOWER MAINLAND,E 7TH AVE # 000000 TO 000099,E 7TH AVE,E 7TH AVE,12:00-14:59,1,1
N,CASUALTY CRASH,\N,N,2021,FRIDAY,UNDETERMINED,Y,N,49.282712,-122.800221,Y,APRIL,N,COQUITLAM,COQUITLAM,COQUITLAM,N,Y,N,LOWER MAINLAND,GLEN DR # 002900 TO 002949,GLEN DR,GLEN DR,12:00-14:59,1,2
N,CASUALTY CRASH,\N,Y,2021,FRIDAY,SINGLE VEHICLE,N,N,\N,\N,N,APRIL,N,VANCOUVER,VANCOUVER,\N,N,N,N,LOWER MAINLAND,UNKNOWN,MCLEAN DR,MCLEAN DR,12:00-14:59,1,1
N,CASUALTY CRASH,\N,Y,2021,FRIDAY,SINGLE VEHICLE,N,N,49.311271,-123.140319,Y,APRIL,N,VANCOUVER,VANCOUVER,VANCOUVER,N,N,N,LOWER MAINLAND,STANLEY PARK DR # 004110 TO 004993,STANLEY PARK DR,STANLEY PARK DR,12:00-14:59,1,1
N,CASUALTY CRASH,\N,Y,2021,FRIDAY,SINGLE VEHICLE,N,N,49.351098,-123.096826,Y,APRIL,N,NORTH VANCOUVER,NORTH VANCOUVER,NORTH VANCOUVER,N,N,N,LOWER MAINLAND,LIONS AVE # 004400 TO 004449,LIONS AVE,LIONS AVE,12:00-14:59,1,1
N,CASUALTY CRASH,104 AVE,N,2021,FRIDAY,SIDE IMPACT,N,Y,49.191455,-122.834176,N,APRIL,N,SURREY,SURREY,SURREY,N,N,N,LOWER MAINLAND,104 AVE & 140 ST,140 ST,140 ST,12:00-14:59,1,3
N,CASUALTY CRASH,104 AVE,N,2021,FRIDAY,SIDE SWIPE - SAME DIRECTION,N,Y,49.193875,-122.888755,N,APRIL,N,SURREY,SURREY,SURREY,N,N,N,LOWER MAINLAND,104 AVE & SCOTT RD & TANNERY RD & TURNING LANE,SCOTT RD,SCOTT RD,12:00-14:59,1,1
N,CASUALTY CRASH,112 ST,N,2021,FRIDAY,REAR END,N,Y,49.133891,-122.91264,N,APRIL,N,DELTA,DELTA,DELTA,N,N,N,LOWER MAINLAND,112 ST & 72 AVE,72 AVE,72 AVE,12:00-14:59,1,1
N,CASUALTY CRASH,116 ST,N,2021,FRIDAY,REAR END,N,Y,49.13396,-122.901322,N,APRIL,N,DELTA,DELTA,DELTA,N,N,N,LOWER MAINLAND,116 ST & 72 AVE & TURNING LANE,72 AVE,72 AVE,12:00-14:59,1,2
N,CASUALTY CRASH,119 AVE,N,2021,FRIDAY,REAR END,N,Y,49.218915,-122.60704,N,APRIL,N,MAPLE RIDGE,MAPLE RIDGE,MAPLE RIDGE,N,N,N,LOWER MAINLAND,119 AVE & 222 ST,222 ST,222 ST,12:00-14:59,1,1
N,CASUALTY CRASH,120 ST,N,2021,FRIDAY,REAR END,N,Y,49.112901,-122.890417,N,APRIL,N,DELTA,DELTA,DELTA & SURREY,N,N,N,LOWER MAINLAND,120 ST & BOUNDARY PARK GATE & SUNWOOD DR,SUNWOOD DR,SUNWOOD DR,12:00-14:59,1,1
N,CASUALTY CRASH,122A ST,N,2021,FRIDAY,REAR END,N,Y,49.14846,-122.883211,N,APRIL,N,SURREY,SURREY,SURREY,N,N,N,LOWER MAINLAND,122A ST & 80 AVE,80 AVE,80 AVE,12:00-14:59,1,1
N,CASUALTY CRASH,130 ST,N,2021,FRIDAY,CONFLICTED,N,Y,49.126498,-122.86220900000001,N,APRIL,N,SURREY,SURREY,SURREY,N,N,N,LOWER MAINLAND,130 ST & 68 AVE,68 AVE,68 AVE,12:00-14:59,1,5
N,CASUALTY CRASH,136A ST,N,2021,FRIDAY,SINGLE VEHICLE,N,Y,49.191526,-122.843309,N,APRIL,N,SURREY,SURREY,SURREY,N,N,Y,LOWER MAINLAND,104 AVE & 136A ST,104 AVE,104 AVE,12:00-14:59,1,1
N,CASUALTY CRASH,138 ST,N,2021,FRIDAY,REAR END,N,Y,49.198863,-122.83962,N,APRIL,N,SURREY,SURREY,SURREY,N,N,N,LOWER MAINLAND,108 AVE & 138 ST,108 AVE,108 AVE,12:00-14:59,1,1
N,CASUALTY CRASH,144 ST,N,2021,FRIDAY,REAR END,N,Y,49.124004,-122.823307,N,APRIL,N,SURREY,SURREY,SURREY,N,N,N,LOWER MAINLAND,144 ST & HYLAND RD,HYLAND RD,HYLAND RD,12:00-14:59,1,2
N,CASUALTY CRASH,152 ST,N,2021,FRIDAY,REAR END,N,Y,49.133661,-122.801101,N,APRIL,N,SURREY,SURREY,SURREY,N,N,N,LOWER MAINLAND,152 ST & 72 AVE,72 AVE,72 AVE,12:00-14:59,1,2
N,CASUALTY CRASH,156 ST,N,2021,FRIDAY,SINGLE VEHICLE,N,Y,49.074643,-122.790077,N,APRIL,N,SURREY,SURREY,SURREY,N,N,N,LOWER MAINLAND,156 ST & 40 AVE,40 AVE,40 AVE,12:00-14:59,1,1
N,CASUALTY CRASH,200 ST,N,2021,FRIDAY,REAR END,N,Y,49.170846,-122.668069,N,APRIL,N,LANGLEY,LANGLEY,LANGLEY,N,N,N,LOWER MAINLAND,200 ST & 92A AVE & TURNING LANE,92A AVE,92A AVE,12:00-14:59,1,1
N,CASUALTY CRASH,206 ST,N,2021,FRIDAY,REAR END,N,Y,49.160959,-122.65137,N,APRIL,N,LANGLEY,LANGLEY,LANGLEY,Y,N,N,LOWER MAINLAND,206 ST & 87 AVE,87 AVE,87 AVE,12:00-14:59,1,1
N,CASUALTY CRASH,244 STREET,N,2021,FRIDAY,SINGLE VEHICLE,N,N,\N,\N,N,APRIL,N,MAPLE RIDGE,MAPLE RIDGE,\N,N,N,N,LOWER MAINLAND,UNKNOWN,GOLDEN EARS PARK RD,GOLDEN EARS PARK RD,12:00-14:59,1,2
N,CASUALTY CRASH,34 ST,N,2021,FRIDAY,SIDE IMPACT,N,Y,50.258188,-119.2762,N,APRIL,Y,VERNON,VERNON,VERNON,N,N,N,SOUTHERN INTERIOR,23 AVE & 34 ST & OKANAGAN AVE,OKANAGAN AVE,OKANAGAN AVE,12:00-14:59,1,2
N,CASUALTY CRASH,48 AVE,N,2021,FRIDAY,REAR END,N,Y,50.281967,-119.266623,N,APRIL,N,VERNON,VERNON,VERNON,N,N,N,SOUTHERN INTERIOR,27 ST & 48 AVE & TURNING LANE,27 ST,27 ST,12:00-14:59,1,4
N,CASUALTY CRASH,56 AVE,N,2021,FRIDAY,SIDE SWIPE - SAME DIRECTION,N,Y,49.104304,-122.664144,N,APRIL,N,LANGLEY,LANGLEY,LANGLEY,N,N,N,LOWER MAINLAND,201A ST & 56 AVE,201A ST,201A ST,12:00-14:59,1,1
N,CASUALTY CRASH,58 CRES,N,2021,FRIDAY,SIDE IMPACT,N,Y,49.103482,-122.462878,N,APRIL,N,LANGLEY,LANGLEY,LANGLEY,N,N,N,LOWER MAINLAND,56 AVE & 58 CRES,56 AVE,56 AVE,12:00-14:59,1,1
N,CASUALTY CRASH,64 AVE,N,2021,FRIDAY,SIDE IMPACT,N,Y,49.118995,-122.668532,N,APRIL,N,LANGLEY,LANGLEY,LANGLEY,N,N,N,LOWER MAINLAND,200 ST & 64 AVE,200 ST,200 ST,12:00-14:59,1,1
N,CASUALTY CRASH,72 AVE,N,2021,FRIDAY,REAR END,N,Y,49.133605,-122.67955,N,APRIL,N,LANGLEY,LANGLEY,LANGLEY & SURREY,N,N,N,LOWER MAINLAND,196 ST & 72 AVE,196 ST,196 ST,12:00-14:59,1,2
N,CASUALTY CRASH,81A AVE,N,2021,FRIDAY,SIDE SWIPE - SAME DIRECTION,N,Y,49.150793,-122.856787,N,APRIL,N,SURREY,SURREY,SURREY,N,N,N,LOWER MAINLAND,132 ST & 81A AVE,132 ST,132 ST,12:00-14:59,1,1
N,CASUALTY CRASH,82 AVE,N,2021,FRIDAY,REAR END,N,Y,49.151873,-122.790109,N,APRIL,N,SURREY,SURREY,SURREY,N,N,N,LOWER MAINLAND,156 ST & 82 AVE,156 ST,156 ST,12:00-14:59,1,1
N,CASUALTY CRASH,86 AVE,N,2021,FRIDAY,REAR END,N,Y,49.159584,-122.890346,N,APRIL,N,DELTA,DELTA,DELTA & SURREY,N,N,N,LOWER MAINLAND,120 ST & 86 AVE,120 ST,120 ST,12:00-14:59,1,1
N,CASUALTY CRASH,88 AVE,N,2021,FRIDAY,REAR END,N,Y,49.163052,-122.79362,N,APRIL,N,SURREY,SURREY,SURREY,N,N,N,LOWER MAINLAND,154A ST & 154B ST & 88 AVE & FRASER HWY & TURNING LANE,FRASER HWY,FRASER HWY,12:00-14:59,1,1
N,CASUALTY CRASH,88TH AVENUE,N,2021,FRIDAY,REAR END,N,N,\N,\N,N,APRIL,N,SURREY,SURREY,\N,N,N,N,LOWER MAINLAND,UNKNOWN,HWY 15,HWY 15,12:00-14:59,1,2
N,CASUALTY CRASH,89 AVE,N,2021,FRIDAY,REAR END,N,Y,49.164629,-122.813601,N,APRIL,N,SURREY,SURREY,SURREY,N,N,N,LOWER MAINLAND,147A ST & 89 AVE & ASHFORD PL,ASHFORD PL,ASHFORD PL,12:00-14:59,1,1
N,CASUALTY CRASH,8TH AVE,N,2021,FRIDAY,UNDETERMINED,N,N,\N,\N,N,APRIL,N,NEW WESTMINSTER,NEW WESTMINSTER,\N,N,N,N,LOWER MAINLAND,UNKNOWN,MCBRIDE BLVD,MCBRIDE BLVD,12:00-14:59,1,2
N,CASUALTY CRASH,92 AVE,N,2021,FRIDAY,REAR END,N,Y,49.169776,-122.868042,N,APRIL,N,SURREY,SURREY,SURREY,N,N,N,LOWER MAINLAND,128 ST & 92 AVE & DAVID BRANKIN ELEMENTARY SCHOOL ACCESS,128 ST,128 ST,12:00-14:59,1,1
N,CASUALTY CRASH,92 AVE,N,2021,FRIDAY,SINGLE VEHICLE,N,Y,49.170071,-122.841413,N,APRIL,N,SURREY,SURREY,SURREY,N,N,N,LOWER MAINLAND,137A ST & 92 AVE,137A ST,137A ST,12:00-14:59,1,2
N,CASUALTY CRASH,96 AVE,N,2021,FRIDAY,CONFLICTED,N,Y,49.176409,-122.734716,N,APRIL,N,SURREY,SURREY,SURREY,N,N,N,LOWER MAINLAND,176 ST & 96 AVE & GOLDEN EARS WAY & TURNING LANE,176 ST,176 ST,12:00-14:59,1,1
N,CASUALTY CRASH,ASH ST,N,2021,FRIDAY,REAR END,N,Y,49.140789,-123.119764,N,APRIL,N,RICHMOND,RICHMOND,RICHMOND,N,N,N,LOWER MAINLAND,ASH ST & WILLIAMS RD,WILLIAMS RD,WILLIAMS RD,12:00-14:59,1,1
N,CASUALTY CRASH,BENTLEY RD,N,2021,FRIDAY,UNDETERMINED,N,Y,49.200235,-122.847188,N,APRIL,N,SURREY,SURREY,SURREY,Y,N,N,LOWER MAINLAND,BENTLEY RD & KING GEORGE BLVD,KING GEORGE BLVD,KING GEORGE BLVD,12:00-14:59,1,2
N,CASUALTY CRASH,BERNARD AVE,N,2021,FRIDAY,REAR END,N,Y,49.886271,-119.477006,N,APRIL,N,KELOWNA,KELOWNA,KELOWNA,N,N,N,SOUTHERN INTERIOR,BERNARD AVE & GORDON DR,GORDON DR,GORDON DR,12:00-14:59,1,1
N,CASUALTY CRASH,BIRCH ST,N,2021,FRIDAY,SINGLE VEHICLE,N,Y,49.263519,-123.13372,N,APRIL,N,VANCOUVER,VANCOUVER,VANCOUVER,N,N,Y,LOWER MAINLAND,BIRCH ST & W BROADWAY,W BROADWAY,W BROADWAY,12:00-14:59,1,1
N,CASUALTY CRASH,BOWEN RD,N,2021,FRIDAY,REAR END,N,Y,49.192014,-123.992169,N,APRIL,N,NANAIMO,NANAIMO,NANAIMO,N,N,N,VANCOUVER ISLAND,BOWEN RD & NORTHFIELD RD & TURNING LANE,NORTHFIELD RD,NORTHFIELD RD,12:00-14:59,1,2
N,CASUALTY CRASH,BRIDGEPORT RD ONRAMP,N,2021,FRIDAY,REAR END,Y,Y,49.191996,-123.077454,N,APRIL,N,RICHMOND,RICHMOND,RICHMOND,N,N,N,LOWER MAINLAND,BRIDGEPORT RD & BRIDGEPORT RD OFFRAMP & BRIDGEPORT RD ONRAMP & KNIGHT ST & KNIGHT ST BRIDGE & MANNINI WAY & TURNING LANE,KNIGHT ST,KNIGHT ST,12:00-14:59,1,1
N,CASUALTY CRASH,BROMLEY ST,N,2021,FRIDAY,REAR END,N,Y,49.249091,-122.818827,N,APRIL,N,COQUITLAM,COQUITLAM,COQUITLAM,N,N,N,LOWER MAINLAND,AUSTIN AVE & BROMLEY ST,AUSTIN AVE,AUSTIN AVE,12:00-14:59,1,2
N,CASUALTY CRASH,CADDER AVE,Y,2021,FRIDAY,SIDE IMPACT,N,Y,49.876316,-119.488228,N,APRIL,N,KELOWNA,KELOWNA,KELOWNA,N,N,N,SOUTHERN INTERIOR,CADDER AVE & RICHTER ST,RICHTER ST,RICHTER ST,12:00-14:59,1,1
N,CASUALTY CRASH,CALINDA ST,N,2021,FRIDAY,REAR END,N,Y,49.234331,-124.040168,N,APRIL,N,NANAIMO,NANAIMO,NANAIMO,N,N,N,VANCOUVER ISLAND,CALINDA ST & HAMMOND BAY RD,HAMMOND BAY RD,HAMMOND BAY RD,12:00-14:59,1,1
N,CASUALTY CRASH,CAMERON ST,N,2021,FRIDAY,SIDE SWIPE - SAME DIRECTION,N,Y,49.2534,-122.892975,N,APRIL,N,BURNABY,BURNABY,BURNABY & COQUITLAM,N,N,N,LOWER MAINLAND,CAMERON ST & NORTH RD,NORTH RD,NORTH RD,12:00-14:59,1,2
N,CASUALTY CRASH,COAST MERIDIAN RD,N,2021,FRIDAY,UNDETERMINED,Y,Y,49.259848,-122.756931,N,APRIL,N,PORT COQUITLAM,PORT COQUITLAM,PORT COQUITLAM,N,N,N,LOWER MAINLAND,COAST MERIDIAN OVERPASS & COAST MERIDIAN RD & LOUGHEED HWY & LOUGHEED MERIDIAN CONN & ACCESS ROAD & INDUSTRIAL ACCESS & MALL ACCESS & PRIVATE DRIVEWAY & TURNING LANE,LOUGHEED HWY,LOUGHEED HWY,12:00-14:59,1,3
N,CASUALTY CRASH,COMO LAKE AVE,N,2021,FRIDAY,REAR END,N,Y,49.262888,-122.893127,N,APRIL,N,BURNABY,BURNABY,BURNABY & COQUITLAM,N,N,N,LOWER MAINLAND,BROADWAY & COMO LAKE AVE & NORTH RD,NORTH RD,NORTH RD,12:00-14:59,1,1
N,CASUALTY CRASH,CONNIE RD,N,2021,FRIDAY,REAR END,N,Y,48.396201,-123.624916,N,APRIL,N,SOOKE,SOOKE,SOOKE,N,N,N,VANCOUVER ISLAND,CONNIE RD & GILLESPIE LOOP RD & GILLESPIE RD & SOOKE RD & TURNING LANE,SOOKE RD,SOOKE RD,12:00-14:59,1,1
N,CASUALTY CRASH,DEANS AVE,N,2021,FRIDAY,REAR END,N,Y,49.159936,-121.976211,N,APRIL,N,CHILLIWACK,CHILLIWACK,CHILLIWACK,N,N,N,LOWER MAINLAND,ASHWELL RD & DEANS AVE & EVANS RD,ASHWELL RD,ASHWELL RD,12:00-14:59,1,1
N,CASUALTY CRASH,DEEP CREEK ROAD,N,2021,FRIDAY,REAR END,N,N,\N,\N,N,APRIL,N,ENDERBY,ENDERBY,\N,N,N,N,SOUTHERN INTERIOR,UNKNOWN,HWY 97B,HWY 97B,12:00-14:59,1,1
N,CASUALTY CRASH,DEPARTURE BAY RD,N,2021,FRIDAY,SIDE IMPACT,N,Y,49.193426,-123.968795,N,APRIL,N,NANAIMO,NANAIMO,NANAIMO,N,N,N,VANCOUVER ISLAND,DEPARTURE BAY RD & MONTROSE AVE,MONTROSE AVE,MONTROSE AVE,12:00-14:59,1,2
N,CASUALTY CRASH,DUNBAR ST,N,2021,FRIDAY,REAR END,N,Y,49.257924,-123.185117,N,APRIL,N,VANCOUVER,VANCOUVER,VANCOUVER,N,N,N,LOWER MAINLAND,DUNBAR ST & W 16TH AVE,W 16TH AVE,W 16TH AVE,12:00-14:59,1,1
N,CASUALTY CRASH,E 29TH AVE,N,2021,FRIDAY,REAR END,N,Y,49.244654,-123.090273,N,APRIL,N,VANCOUVER,VANCOUVER,VANCOUVER,N,N,N,LOWER MAINLAND,E 29TH AVE & FRASER ST,FRASER ST,FRASER ST,12:00-14:59,1,3
N,CASUALTY CRASH,E 37TH AVE,N,2021,FRIDAY,REAR END,N,Y,49.236835,-123.076912,N,APRIL,N,VANCOUVER,VANCOUVER,VANCOUVER,N,N,N,LOWER MAINLAND,E 37TH AVE & KNIGHT ST,KNIGHT ST,KNIGHT ST,12:00-14:59,1,2
N,CASUALTY CRASH,E 47TH AVE,N,2021,FRIDAY,CONFLICTED,N,Y,49.227639,-123.065659,N,APRIL,N,VANCOUVER,VANCOUVER,VANCOUVER,N,N,N,LOWER MAINLAND,E 47TH AVE & VICTORIA DR,VICTORIA DR,VICTORIA DR,12:00-14:59,1,1
N,CASUALTY CRASH,E 49TH AVE,N,2021,FRIDAY,CONFLICTED,N,Y,49.224804,-123.054726,N,APRIL,N,VANCOUVER,VANCOUVER,VANCOUVER,Y,N,N,LOWER MAINLAND,E 49TH AVE & ELLIOTT ST,ELLIOTT ST,ELLIOTT ST,12:00-14:59,1,2
N,CASUALTY CRASH,E 49TH AVE,N,2021,FRIDAY,SIDE IMPACT,N,Y,49.22528,-123.077324,N,APRIL,N,VANCOUVER,VANCOUVER,VANCOUVER,N,N,N,LOWER MAINLAND,E 49TH AVE & KNIGHT ST,KNIGHT ST,KNIGHT ST,12:00-14:59,1,1
N,CASUALTY CRASH,E 4TH AVE,N,2021,FRIDAY,CONFLICTED,N,Y,49.266943,-123.077407,N,APRIL,N,VANCOUVER,VANCOUVER,VANCOUVER,N,N,N,LOWER MAINLAND,CLARK DR & E 4TH AVE,CLARK DR,CLARK DR,12:00-14:59,1,1
N,CASUALTY CRASH,E 51ST AVE,N,2021,FRIDAY,UNDETERMINED,N,Y,49.223326,-123.071826,N,APRIL,N,VANCOUVER,VANCOUVER,VANCOUVER,N,N,N,LOWER MAINLAND,ARGYLE ST & E 51ST AVE,ARGYLE ST,ARGYLE ST,12:00-14:59,1,1
N,CASUALTY CRASH,E HASTINGS ST,N,2021,FRIDAY,SIDE IMPACT,N,Y,49.281168,-123.056544,N,APRIL,N,VANCOUVER,VANCOUVER,VANCOUVER,N,N,N,LOWER MAINLAND,E HASTINGS ST & NANAIMO ST,NANAIMO ST,NANAIMO ST,12:00-14:59,1,1
N,CASUALTY CRASH,ELDORADO RD,N,2021,FRIDAY,REAR END,N,Y,49.820304,-119.491268,N,APRIL,N,KELOWNA,KELOWNA,KELOWNA,N,N,N,SOUTHERN INTERIOR,ANNE MCCLYMONT ELEMENTARY SCHOOL ACCESS & ELDORADO RD & LAKESHORE RD,LAKESHORE RD,LAKESHORE RD,12:00-14:59,1,1
N,CASUALTY CRASH,ELK RD,N,2021,FRIDAY,REAR END,Y,Y,49.840005,-119.610538,N,APRIL,N,WEST KELOWNA,WEST KELOWNA,WEST KELOWNA,N,N,N,SOUTHERN INTERIOR,ELK RD & HWY 97 & MOOSE RD & TURNING LANE,HWY 97,HWY 97,12:00-14:59,1,1
N,CASUALTY CRASH,ELLIS ST,N,2021,FRIDAY,SIDE IMPACT,N,Y,49.883634,-119.493491,N,APRIL,N,KELOWNA,KELOWNA,KELOWNA,N,N,N,SOUTHERN INTERIOR,ELLIS ST & HARVEY AVE & TURNING LANE,HARVEY AVE,HARVEY AVE,12:00-14:59,1,2
N,CASUALTY CRASH,FRANCIS RD,N,2021,FRIDAY,SIDE IMPACT,N,Y,49.148393,-123.169815,N,APRIL,N,RICHMOND,RICHMOND,RICHMOND,N,N,N,LOWER MAINLAND,FRANCIS RD & RAILWAY AVE,RAILWAY AVE,RAILWAY AVE,12:00-14:59,1,2
N,CASUALTY CRASH,FRASER RD,N,2021,FRIDAY,REAR END,N,Y,49.663972,-124.972862,N,APRIL,N,COURTENAY,COURTENAY,COURTENAY,N,N,N,VANCOUVER ISLAND,FRASER RD & ISLAND HWY S,HWY 19A,HWY 19A,12:00-14:59,1,2
N,CASUALTY CRASH,FRASERWOOD PL,N,2021,FRIDAY,REAR END,N,Y,49.169353,-122.983704,N,APRIL,N,RICHMOND,RICHMOND,RICHMOND,N,N,N,LOWER MAINLAND,FRASERWOOD PL & WESTMINSTER HWY,WESTMINSTER HWY,WESTMINSTER HWY,12:00-14:59,1,1
N,CASUALTY CRASH,GARDEN DR,N,2021,FRIDAY,SIDE IMPACT,N,Y,49.262242,-123.058157,N,APRIL,N,VANCOUVER,VANCOUVER,VANCOUVER,N,N,N,LOWER MAINLAND,E BROADWAY & GARDEN DR,E BROADWAY,E BROADWAY,12:00-14:59,1,2
N,CASUALTY CRASH,GEORGE ST,N,2021,FRIDAY,SIDE IMPACT,N,Y,49.027553,-122.799747,N,APRIL,N,WHITE ROCK,WHITE ROCK,WHITE ROCK,N,N,N,LOWER MAINLAND,GEORGE ST & THRIFT AVE,THRIFT AVE,THRIFT AVE,12:00-14:59,1,1
N,CASUALTY CRASH,GLEN DR,N,2021,FRIDAY,SIDE SWIPE - SAME DIRECTION,N,Y,49.282675,-122.793195,N,APRIL,N,COQUITLAM,COQUITLAM,COQUITLAM,N,N,N,LOWER MAINLAND,GLEN DR & PINETREE WAY,PINETREE WAY,PINETREE WAY,12:00-14:59,1,1
N,CASUALTY CRASH,GOLDEN EARS CONNECTR,N,2021,FRIDAY,REAR END,Y,Y,49.191205,-122.73449,N,APRIL,N,SURREY,SURREY,SURREY,N,N,N,LOWER MAINLAND,104 AVE & 176 ST & GOLDEN EARS CONN & INDUSTRIAL ACCESS & TURNING LANE,104 AVE,104 AVE,12:00-14:59,1,2
N,CASUALTY CRASH,GORDON DR,N,2021,FRIDAY,CONFLICTED,N,Y,49.860927,-119.474307,N,APRIL,N,KELOWNA,KELOWNA,KELOWNA,N,N,N,SOUTHERN INTERIOR,GORDON DR & KLO RD & TURNING LANE,KLO RD,KLO RD,12:00-14:59,1,3
N,CASUALTY CRASH,HALIBURTON RD,N,2021,FRIDAY,REAR END,N,Y,48.51428,-123.384319,N,APRIL,N,SAANICH,SAANICH,SAANICH,N,N,N,VANCOUVER ISLAND,CHERRY TREE BEND & ELK LAKE DR & HALIBURTON RD & PATRICIA BAY HWY & TURNING LANE,PAT BAY HWY,PAT BAY HWY,12:00-14:59,1,1
N,CASUALTY CRASH,HAMILTON AVE,N,2021,FRIDAY,SIDE IMPACT,N,Y,54.02954,-124.003746,N,APRIL,N,VANDERHOOF,VANDERHOOF,VANDERHOOF,N,N,N,NORTH CENTRAL,HAMILTON AVE & VANDERVIEW DR,VANDERVIEW DR,VANDERVIEW DR,12:00-14:59,1,2
N,CASUALTY CRASH,HILLSIDE AVE,N,2021,FRIDAY,REAR END,N,Y,48.445684,-123.333295,N,APRIL,N,VICTORIA,VICTORIA,VICTORIA,N,N,N,VANCOUVER ISLAND,HILLSIDE AVE & SHELBOURNE ST,SHELBOURNE ST,SHELBOURNE ST,12:00-14:59,1,1
N,CASUALTY CRASH,HORNBY ST,N,2021,FRIDAY,SINGLE VEHICLE,N,Y,49.278406,-123.128134,N,APRIL,N,VANCOUVER,VANCOUVER,VANCOUVER,N,N,Y,LOWER MAINLAND,DAVIE ST & HORNBY ST,DAVIE ST,DAVIE ST,12:00-14:59,1,1
N,CASUALTY CRASH,HOWARD AVE,N,2021,FRIDAY,REAR END,N,Y,49.171191,-123.955175,N,APRIL,N,NANAIMO,NANAIMO,NANAIMO,N,N,N,VANCOUVER ISLAND,BOWEN RD & HOWARD AVE & PARK ACCESS,BOWEN RD,BOWEN RD,12:00-14:59,1,1
N,CASUALTY CRASH,HWY 1,N,2021,FRIDAY,REAR END,N,Y,49.101569,-122.492803,N,APRIL,N,LANGLEY,LANGLEY,LANGLEY,N,N,N,LOWER MAINLAND,264 ST & 264 ST OFFRAMP & 264 ST ONRAMP & 56 AVE & 56 AVE OFFRAMP & 56 AVE ONRAMP & TRANS-CANADA HWY & TURNING LANE,264 ST,264 ST,12:00-14:59,1,1
N,CASUALTY CRASH,HWY 11,N,2021,FRIDAY,REAR END,N,Y,49.066108,-122.286247,N,APRIL,N,ABBOTSFORD,ABBOTSFORD,ABBOTSFORD,N,N,N,LOWER MAINLAND,HWY 11 & MCCALLUM RD & TURNING LANE,MCCALLUM RD,MCCALLUM RD,12:00-14:59,1,2
N,CASUALTY CRASH,HWY 17,N,2021,FRIDAY,REAR END,N,Y,49.140603,-122.995894,N,APRIL,N,DELTA,DELTA,DELTA,N,N,N,LOWER MAINLAND,80 ST CONN & 80 ST CONN OFFRAMP & 80 ST CONN ONRAMP & HWY 17,80 ST CONNECTR,80 ST CONNECTR,12:00-14:59,1,1
N,CASUALTY CRASH,HWY 19,N,2021,FRIDAY,SIDE IMPACT,N,Y,50.014027,-125.282717,N,APRIL,N,CAMPBELL RIVER,CAMPBELL RIVER,CAMPBELL RIVER,N,N,N,VANCOUVER ISLAND,INLAND ISLAND HWY & INLAND ISLAND HWY ONRAMP & WILLIS RD & WILLIS RD OFFRAMP,WILLIS RD,WILLIS RD,12:00-14:59,1,1
N,CASUALTY CRASH,HWY 4A,N,2021,FRIDAY,REAR END,N,Y,49.321077,-124.313654,N,APRIL,N,PARKSVILLE,PARKSVILLE,PARKSVILLE,N,N,N,VANCOUVER ISLAND,ALBERNI HWY & ISLAND HWY W & MORISON AVE,HWY 19A,HWY 19A,12:00-14:59,1,2
N,CASUALTY CRASH,INDUSTRIAL WAY,N,2021,FRIDAY,REAR END,N,Y,49.146504,-122.00694,N,APRIL,N,CHILLIWACK,CHILLIWACK,CHILLIWACK,N,N,N,LOWER MAINLAND,INDUSTRIAL WAY & LICKMAN RD & YALE RD & TURNING LANE,LICKMAN RD,LICKMAN RD,12:00-14:59,1,1
N,CASUALTY CRASH,KENSINGTON AVE,N,2021,FRIDAY,REAR END,N,Y,49.243677,-122.967599,N,APRIL,N,BURNABY,BURNABY,BURNABY,N,N,N,LOWER MAINLAND,KENSINGTON AVE & KENSINGTON AVE OFFRAMP & TRANS-CANADA HWY & TRANS-CANADA HWY ONRAMP,HWY 1,HWY 1,12:00-14:59,1,1
N,CASUALTY CRASH,KING EDWARD ST,N,2021,FRIDAY,REAR END,N,Y,49.234459,-122.861658,N,APRIL,N,COQUITLAM,COQUITLAM,COQUITLAM,N,N,N,LOWER MAINLAND,KING EDWARD ST & LOUGHEED HWY & MALL ACCESS & TURNING LANE,LOUGHEED HWY,LOUGHEED HWY,12:00-14:59,1,1
N,CASUALTY CRASH,KING GEORGE BLVD,N,2021,FRIDAY,REAR END,N,Y,49.162742,-122.845798,N,APRIL,N,SURREY,SURREY,SURREY,N,N,N,LOWER MAINLAND,88 AVE & KING GEORGE BLVD & TURNING LANE,88 AVE,88 AVE,12:00-14:59,1,1
N,CASUALTY CRASH,KINGSWAY,N,2021,FRIDAY,REAR END,N,Y,49.250151,-123.07606,N,APRIL,N,VANCOUVER,VANCOUVER,VANCOUVER,N,N,N,LOWER MAINLAND,KINGSWAY & KNIGHT ST,KNIGHT ST,KNIGHT ST,12:00-14:59,1,1
N,CASUALTY CRASH,KOKSILAH RD,N,2021,FRIDAY,REAR END,N,Y,48.729831,-123.640671,N,APRIL,N,COWICHAN BAY,COWICHAN BAY,COWICHAN BAY & DUNCAN,N,N,N,VANCOUVER ISLAND,KOKSILAH RD & TRANS-CANADA HWY & TURNING LANE,HWY 1,HWY 1,12:00-14:59,1,1
N,CASUALTY CRASH,KYLE ST,N,2021,FRIDAY,REAR END,N,Y,49.276728,-122.85662,N,APRIL,N,PORT MOODY,PORT MOODY,PORT MOODY,N,N,N,LOWER MAINLAND,KYLE ST & ST JOHNS ST,ST JOHNS ST,ST JOHNS ST,12:00-14:59,1,3
N,CASUALTY CRASH,LONSDALE AVE,N,2021,FRIDAY,SIDE IMPACT,N,Y,49.331967,-123.072107,N,APRIL,N,NORTH VANCOUVER,NORTH VANCOUVER,NORTH VANCOUVER,Y,N,N,LOWER MAINLAND,E 25TH ST & E 25TH ST OFFRAMP & E 25TH ST ONRAMP & LONSDALE AVE & LONSDALE AVE OFFRAMP & LONSDALE AVE ONRAMP & TRANS-CANADA HWY & W 25TH ST & TURNING LANE,UPPER LEVELS HWY,UPPER LEVELS HWY,12:00-14:59,1,1
N,CASUALTY CRASH,LOUGHEED HWY,Y,2021,FRIDAY,REAR END,N,Y,49.266408,-123.003199,N,APRIL,N,BURNABY,BURNABY,BURNABY,N,N,N,LOWER MAINLAND,LOUGHEED HWY & WILLINGDON AVE,WILLINGDON AVE,WILLINGDON AVE,12:00-14:59,1,2
N,CASUALTY CRASH,MARINE WAY,N,2021,FRIDAY,REAR END,N,Y,49.205426,-123.023441,N,APRIL,N,BURNABY,BURNABY,BURNABY & VANCOUVER,N,N,N,LOWER MAINLAND,BOUNDARY RD & MARINE WAY & TURNING LANE,BOUNDARY RD,BOUNDARY RD,12:00-14:59,1,1
N,CASUALTY CRASH,MARMONT ST,N,2021,FRIDAY,SIDE IMPACT,N,Y,49.25055,-122.862192,N,APRIL,N,COQUITLAM,COQUITLAM,COQUITLAM,N,N,N,LOWER MAINLAND,HOWIE AVE & MARMONT ST,HOWIE AVE,HOWIE AVE,12:00-14:59,1,4
N,CASUALTY CRASH,MCGILL RD,N,2021,FRIDAY,CONFLICTED,N,Y,50.667942,-120.370052,N,APRIL,N,KAMLOOPS,KAMLOOPS,KAMLOOPS,N,N,N,SOUTHERN INTERIOR,HILLSIDE DR & MCGILL RD & UNIVERSITY DR & TURNING LANE,HILLSIDE DR,HILLSIDE DR,12:00-14:59,1,1
N,CASUALTY CRASH,MCLEAN AVE,N,2021,FRIDAY,REAR END,N,Y,49.253573,-122.764023,N,APRIL,N,PORT COQUITLAM,PORT COQUITLAM,PORT COQUITLAM,N,N,N,LOWER MAINLAND,KINGSWAY AVE & MCLEAN AVE & TURNING LANE,KINGSWAY AVE,KINGSWAY AVE,12:00-14:59,1,1
N,CASUALTY CRASH,MT SEYMOUR PKY,N,2021,FRIDAY,UNDETERMINED,N,Y,49.315935,-122.968956,N,APRIL,N,NORTH VANCOUVER,NORTH VANCOUVER,NORTH VANCOUVER,N,N,N,LOWER MAINLAND,MT SEYMOUR PKY & MT SEYMOUR RD & ROCHE POINT DR,ROCHE POINT DR,ROCHE POINT DR,12:00-14:59,1,1
N,CASUALTY CRASH,MT SEYMOUR RD,Y,2021,FRIDAY,SINGLE VEHICLE,N,Y,49.321359,-122.969077,N,APRIL,N,NORTH VANCOUVER,NORTH VANCOUVER,NORTH VANCOUVER,N,N,N,LOWER MAINLAND,INDIAN RIVER DR & MT SEYMOUR RD,INDIAN RIVER DR,INDIAN RIVER DR,12:00-14:59,1,1
N,CASUALTY CRASH,NAPIER ST,N,2021,FRIDAY,REAR END,N,Y,49.274941,-123.077297,N,APRIL,N,VANCOUVER,VANCOUVER,VANCOUVER,N,N,N,LOWER MAINLAND,CLARK DR & NAPIER ST,CLARK DR,CLARK DR,12:00-14:59,1,1
N,CASUALTY CRASH,OAK BAY AVE,N,2021,FRIDAY,REAR END,N,Y,48.426444,-123.322724,N,APRIL,N,OAK BAY,OAK BAY,OAK BAY & VICTORIA,N,N,N,VANCOUVER ISLAND,FOUL BAY RD & OAK BAY AVE,FOUL BAY RD,FOUL BAY RD,12:00-14:59,1,1
N,CASUALTY CRASH,OCEOLA RD,N,2021,FRIDAY,REAR END,N,Y,50.053687,-119.410827,N,APRIL,N,LAKE COUNTRY,LAKE COUNTRY,LAKE COUNTRY,N,N,N,SOUTHERN INTERIOR,HWY 97 & OCEOLA RD & WOODSDALE RD & TURNING LANE,HWY 97,HWY 97,12:00-14:59,1,1
N,CASUALTY CRASH,OLD YALE RD,N,2021,FRIDAY,REAR END,N,Y,49.051921,-122.33777,N,APRIL,N,ABBOTSFORD,ABBOTSFORD,ABBOTSFORD,N,N,N,LOWER MAINLAND,CLEARBROOK RD & OLD YALE RD,CLEARBROOK RD,CLEARBROOK RD,12:00-14:59,1,3
N,CASUALTY CRASH,OTTAWA ST,N,2021,FRIDAY,SIDE IMPACT,N,Y,53.913514,-122.737025,N,APRIL,N,PRINCE GEORGE,PRINCE GEORGE,PRINCE GEORGE,N,N,N,NORTH CENTRAL,4TH AVE & OTTAWA ST,4TH AVE,4TH AVE,12:00-14:59,1,2
N,CASUALTY CRASH,PANDOSY ST,N,2021,FRIDAY,CONFLICTED,N,Y,49.883555,-119.49626,N,APRIL,N,KELOWNA,KELOWNA,KELOWNA,N,N,N,SOUTHERN INTERIOR,HARVEY AVE & PANDOSY ST & WATER ST & TURNING LANE,HWY 97 N,HWY 97 N,12:00-14:59,1,2
N,CASUALTY CRASH,PEMBERTON RD,N,2021,FRIDAY,SIDE IMPACT,N,Y,49.256136,-124.808853,N,APRIL,N,PORT ALBERNI,PORT ALBERNI,PORT ALBERNI,N,N,N,VANCOUVER ISLAND,GERTRUDE ST & PEMBERTON RD,GERTRUDE ST,GERTRUDE ST,12:00-14:59,1,1
N,CASUALTY CRASH,PENDRELL ST,N,2021,FRIDAY,CONFLICTED,N,Y,49.287956,-123.140773,N,APRIL,N,VANCOUVER,VANCOUVER,VANCOUVER,Y,N,N,LOWER MAINLAND,DENMAN ST & PENDRELL ST,DENMAN ST,DENMAN ST,12:00-14:59,1,1
N,CASUALTY CRASH,PINE ST,N,2021,FRIDAY,SIDE IMPACT,N,Y,49.25714,-123.143598,N,APRIL,N,VANCOUVER,VANCOUVER,VANCOUVER,N,N,N,LOWER MAINLAND,PINE ST & W 16TH AVE,W 16TH AVE,W 16TH AVE,12:00-14:59,1,1
N,CASUALTY CRASH,QUEBEC ST,N,2021,FRIDAY,SINGLE VEHICLE,N,Y,49.272985,-123.101732,N,APRIL,N,VANCOUVER,VANCOUVER,VANCOUVER,N,N,Y,LOWER MAINLAND,QUEBEC ST & TERMINAL AVE,TERMINAL AVE,TERMINAL AVE,12:00-14:59,1,1
N,CASUALTY CRASH,QUEENS AVE,N,2021,FRIDAY,REAR END,N,Y,48.434081,-123.362739,N,APRIL,N,VICTORIA,VICTORIA,VICTORIA,N,N,N,VANCOUVER ISLAND,BLANSHARD ST & QUEENS AVE & TURNING LANE,BLANSHARD ST,BLANSHARD ST,12:00-14:59,1,1
N,CASUALTY CRASH,RIDGE ESTATES DR,N,2021,FRIDAY,CONFLICTED,N,Y,49.831376,-119.594649,N,APRIL,N,WEST KELOWNA,WEST KELOWNA,WEST KELOWNA,N,N,N,SOUTHERN INTERIOR,BOUCHERIE RD & RIDGE ESTATES DR & TURNING LANE,BOUCHERIE RD,BOUCHERIE RD,12:00-14:59,1,1
N,CASUALTY CRASH,RIVERSIDE ST,N,2021,FRIDAY,REAR END,Y,Y,49.117082,-122.294325,N,APRIL,N,ABBOTSFORD,ABBOTSFORD,ABBOTSFORD,N,N,N,LOWER MAINLAND,HWY 11 & RIVERSIDE ST & RIVERSIDE ST OFFRAMP & RIVERSIDE ST ONRAMP & TURNING LANE,HWY 11,HWY 11,12:00-14:59,1,5
N,CASUALTY CRASH,RIVERSIDE ST,N,2021,FRIDAY,SIDE IMPACT,N,Y,49.103753,-122.294152,N,APRIL,N,ABBOTSFORD,ABBOTSFORD,ABBOTSFORD,N,N,N,LOWER MAINLAND,HARRIS RD & RIVERSIDE ST,HARRIS RD,HARRIS RD,12:00-14:59,1,2
N,CASUALTY CRASH,ROCHESTER AVE,N,2021,FRIDAY,CONFLICTED,Y,Y,49.245358,-122.872845,N,APRIL,N,COQUITLAM,COQUITLAM,COQUITLAM,N,N,N,LOWER MAINLAND,BLUE MOUNTAIN ST & ROCHESTER AVE,BLUE MOUNTAIN ST,BLUE MOUNTAIN ST,12:00-14:59,1,2
N,CASUALTY CRASH,SIXTH AVE ONRAMP,N,2021,FRIDAY,REAR END,N,Y,49.200051,-122.945334,N,APRIL,N,NEW WESTMINSTER,NEW WESTMINSTER,NEW WESTMINSTER,N,N,N,LOWER MAINLAND,MARINE WAY & SIXTH AVE & SIXTH AVE OFFRAMP & SIXTH AVE ONRAMP & TWENTIETH ST & TURNING LANE,TWENTIETH ST,TWENTIETH ST,12:00-14:59,1,2
N,CASUALTY CRASH,SPRAGGETT RD,N,2021,FRIDAY,UNDETERMINED,N,Y,49.022234,-118.474721,N,APRIL,N,GRAND FORKS,GRAND FORKS,GRAND FORKS,N,N,N,SOUTHERN INTERIOR,CENTRAL AVE & HWY 3 & NORTH FORK RD & SPRAGGETT RD & TURNING LANE,HWY 3,HWY 3,12:00-14:59,1,2
N,CASUALTY CRASH,STADACONA AVE,N,2021,FRIDAY,REAR END,N,Y,48.426554,-123.33995,N,APRIL,N,VICTORIA,VICTORIA,VICTORIA,N,N,N,VANCOUVER ISLAND,PANDORA AVE & STADACONA AVE,PANDORA AVE,PANDORA AVE,12:00-14:59,1,1
N,CASUALTY CRASH,SUMMIT DR,N,2021,FRIDAY,REAR END,N,Y,50.666998,-120.354175,N,APRIL,N,KAMLOOPS,KAMLOOPS,KAMLOOPS,N,N,N,SOUTHERN INTERIOR,COLUMBIA ST W & SUMMIT DR & TURNING LANE,COLUMBIA ST W,COLUMBIA ST W,12:00-14:59,1,1
N,CASUALTY CRASH,TENTH AVE,N,2021,FRIDAY,REAR END,N,Y,49.218965,-122.92762,N,APRIL,N,BURNABY,BURNABY,BURNABY & NEW WESTMINSTER,N,N,N,LOWER MAINLAND,10TH AVE & 6TH ST & SIXTH ST & TENTH AVE,SIXTH ST,SIXTH ST,12:00-14:59,1,2
N,CASUALTY CRASH,TOWNLINE RD,N,2021,FRIDAY,UNDETERMINED,N,Y,49.064778,-122.359902,N,APRIL,N,ABBOTSFORD,ABBOTSFORD,ABBOTSFORD,N,N,N,LOWER MAINLAND,FIRHILL DR & RIDGEVIEW DR & TOWNLINE RD,RIDGEVIEW DR,RIDGEVIEW DR,12:00-14:59,1,1
N,CASUALTY CRASH,TYNER ST,N,2021,FRIDAY,UNDETERMINED,N,Y,49.257023,-122.775314,N,APRIL,N,PORT COQUITLAM,PORT COQUITLAM,PORT COQUITLAM,N,N,N,LOWER MAINLAND,HAWTHORNE AVE & TYNER ST,HAWTHORNE AVE,HAWTHORNE AVE,12:00-14:59,1,2
N,CASUALTY CRASH,UNDERHILL ST,N,2021,FRIDAY,SIDE IMPACT,N,Y,49.88179,-119.434985,N,APRIL,N,KELOWNA,KELOWNA,KELOWNA,N,Y,N,SOUTHERN INTERIOR,HARVEY AVE & HWY 97 N & UNDERHILL ST & TURNING LANE,HARVEY AVE,HARVEY AVE,12:00-14:59,1,1
N,CASUALTY CRASH,UNIVERSITY WAY,N,2021,FRIDAY,REAR END,N,N,\N,\N,N,APRIL,N,KELOWNA,KELOWNA,\N,N,N,N,SOUTHERN INTERIOR,UNKNOWN,HOLLYWOOD RD N,HOLLYWOOD RD N,12:00-14:59,1,1
N,CASUALTY CRASH,UNKNOWN,N,2021,FRIDAY,REAR END,N,N,\N,\N,N,APRIL,N,VANCOUVER,VANCOUVER,\N,N,N,N,LOWER MAINLAND,UNKNOWN,KINGSWAY,KINGSWAY,12:00-14:59,1,1
N,CASUALTY CRASH,UPPER LEVELS HWY,N,2021,FRIDAY,REAR END,N,Y,49.337695,-123.13481,N,APRIL,N,WEST VANCOUVER,WEST VANCOUVER,WEST VANCOUVER,N,N,N,LOWER MAINLAND,TAYLOR WAY & TAYLOR WAY OFFRAMP & TAYLOR WAY ONRAMP & TRANS-CANADA HWY & TRANS-CANADA HWY ONRAMP & WESTCOT RD & TURNING LANE,TAYLOR WAY OFFRAMP,TAYLOR WAY OFFRAMP,12:00-14:59,1,2
N,CASUALTY CRASH,VENABLES ST,N,2021,FRIDAY,SIDE IMPACT,N,Y,49.276759,-123.077265,N,APRIL,Y,VANCOUVER,VANCOUVER,VANCOUVER,N,N,N,LOWER MAINLAND,CLARK DR & VENABLES ST,CLARK DR,CLARK DR,12:00-14:59,1,1
N,CASUALTY CRASH,W 41ST AVE,N,2021,FRIDAY,SIDE SWIPE - SAME DIRECTION,N,Y,49.234343,-123.139623,N,APRIL,N,VANCOUVER,VANCOUVER,VANCOUVER,N,N,N,LOWER MAINLAND,GRANVILLE ST & W 41ST AVE,GRANVILLE ST,GRANVILLE ST,12:00-14:59,1,1
N,CASUALTY CRASH,W GEORGIA ST,N,2021,FRIDAY,REAR END,N,Y,49.290575,-123.130597,N,APRIL,N,VANCOUVER,VANCOUVER,VANCOUVER,N,N,N,LOWER MAINLAND,CARDERO ST & W GEORGIA ST & W PENDER ST,W PENDER ST,W PENDER ST,12:00-14:59,1,1
N,CASUALTY CRASH,WADE AVE E,Y,2021,FRIDAY,UNDETERMINED,N,Y,49.49732,-119.590451,N,APRIL,N,PENTICTON,PENTICTON,PENTICTON,N,N,N,SOUTHERN INTERIOR,ELLIS ST & WADE AVE E,ELLIS ST,ELLIS ST,12:00-14:59,1,1
N,CASUALTY CRASH,WHITE LAKE ROAD,N,2021,FRIDAY,SINGLE VEHICLE,N,N,\N,\N,N,APRIL,N,OKANAGAN FALLS,OKANAGAN FALLS,\N,N,N,N,SOUTHERN INTERIOR,UNKNOWN,TWIN LAKES,TWIN LAKES,12:00-14:59,1,1
N,CASUALTY CRASH,WYLIE ST,N,2021,FRIDAY,REAR END,N,Y,49.267587,-123.112702,N,APRIL,N,VANCOUVER,VANCOUVER,VANCOUVER,N,N,N,LOWER MAINLAND,W 2ND AVE & W 4TH AVE & WYLIE ST & YUKON ST,W 2ND AVE,W 2ND AVE,12:00-14:59,1,1
N,CASUALTY CRASH,YUKON ST,N,2021,FRIDAY,REAR END,N,Y,49.210898,-123.115222,N,APRIL,N,VANCOUVER,VANCOUVER,VANCOUVER,N,N,N,LOWER MAINLAND,SW MARINE DR & YUKON ST,SW MARINE DR,SW MARINE DR,12:00-14:59,1,2
N,PROPERTY DAMAGE ONLY,\N,N,2021,FRIDAY,CONFLICTED,N,N,\N,\N,N,APRIL,N,QUALICUM BEACH,QUALICUM BEACH,\N,Y,N,N,VANCOUVER ISLAND,UNKNOWN,FIR ST,FIR ST,12:00-14:59,1,0
N,PROPERTY DAMAGE ONLY,\N,N,2021,FRIDAY,CONFLICTED,N,N,\N,\N,N,APRIL,N,WEST VANCOUVER,WEST VANCOUVER,\N,N,N,N,LOWER MAINLAND,UNKNOWN,HWY 1,HWY 1,12:00-14:59,1,0
N,PROPERTY DAMAGE ONLY,\N,N,2021,FRIDAY,CONFLICTED,N,N,48.458967,-123.503043,Y,APRIL,N,LANGFORD,LANGFORD,LANGFORD,N,Y,N,VANCOUVER ISLAND,MCCALLUM RD # 000790 TO 000799,MCCALLUM RD,MCCALLUM RD,12:00-14:59,1,0
N,PROPERTY DAMAGE ONLY,\N,N,2021,FRIDAY,CONFLICTED,N,N,48.565132,-123.414763,Y,APRIL,N,CENTRAL SAANICH,CENTRAL SAANICH,CENTRAL SAANICH,Y,Y,N,VANCOUVER ISLAND,KEATING CROSS RD # 002040 TO 002069,KEATING CROSS RD,KEATING CROSS RD,12:00-14:59,1,0
N,PROPERTY DAMAGE ONLY,\N,N,2021,FRIDAY,CONFLICTED,N,N,49.057896,-122.318933,Y,APRIL,N,ABBOTSFORD,ABBOTSFORD,ABBOTSFORD,Y,Y,N,LOWER MAINLAND,GARIBALDI DR # 032690 TO 032695,GARIBALDI DR,GARIBALDI DR,12:00-14:59,1,0
N,PROPERTY DAMAGE ONLY,\N,N,2021,FRIDAY,CONFLICTED,N,N,49.128965,-123.924824,Y,APRIL,N,NANAIMO,NANAIMO,NANAIMO,N,Y,N,VANCOUVER ISLAND,TWELFTH ST # 000080 TO 000109,TWELFTH ST,TWELFTH ST,12:00-14:59,1,0
N,PROPERTY DAMAGE ONLY,\N,N,2021,FRIDAY,CONFLICTED,N,N,49.139015,-122.845708,Y,APRIL,N,SURREY,SURREY,SURREY,Y,Y,N,LOWER MAINLAND,KING GEORGE BLVD # 007401 TO 007599 odd,KING GEORGE BLVD,KING GEORGE BLVD,12:00-14:59,1,0
N,PROPERTY DAMAGE ONLY,\N,N,2021,FRIDAY,CONFLICTED,N,N,49.220351,-122.559178,Y,APRIL,N,MAPLE RIDGE,MAPLE RIDGE,MAPLE RIDGE,Y,Y,N,LOWER MAINLAND,DEWDNEY TRUNK RD # 023860 TO 023999,DEWDNEY TRUNK RD,DEWDNEY TRUNK RD,12:00-14:59,1,0
N,PROPERTY DAMAGE ONLY,\N,N,2021,FRIDAY,CONFLICTED,N,N,49.274032,-123.113523,Y,APRIL,N,VANCOUVER,VANCOUVER,VANCOUVER,Y,N,N,LOWER MAINLAND,COOPERAGE WAY # 000900 TO 000999,COOPERAGE WAY,COOPERAGE WAY,12:00-14:59,1,0
N,PROPERTY DAMAGE ONLY,\N,N,2021,FRIDAY,CONFLICTED,N,N,49.972065,-125.218144,Y,APRIL,N,CAMPBELL RIVER,CAMPBELL RIVER,CAMPBELL RIVER,Y,Y,N,VANCOUVER ISLAND,ISLAND HWY S # 002000 TO 002198,ISLAND HWY S,ISLAND HWY S,12:00-14:59,1,0
N,PROPERTY DAMAGE ONLY,\N,N,2021,FRIDAY,CONFLICTED,N,N,49.979762,-125.239534,Y,APRIL,N,CAMPBELL RIVER,CAMPBELL RIVER,CAMPBELL RIVER,Y,Y,N,VANCOUVER ISLAND,JASMINE CRES # 000500 TO 000599,JASMINE CRES,JASMINE CRES,12:00-14:59,1,0
N,PROPERTY DAMAGE ONLY,\N,N,2021,FRIDAY,CONFLICTED,N,N,50.677305,-120.248235,Y,APRIL,N,KAMLOOPS,KAMLOOPS,KAMLOOPS,Y,N,N,SOUTHERN INTERIOR,PAUL RD # 000080 TO 000109,PAUL RD,PAUL RD,12:00-14:59,1,0
N,PROPERTY DAMAGE ONLY,\N,N,2021,FRIDAY,CONFLICTED,N,N,54.223776,-125.750062,Y,APRIL,N,BURNS LAKE,BURNS LAKE,BURNS LAKE,Y,Y,N,NORTH CENTRAL,HWY 16 E # 000202 TO 000402,HWY 16,HWY 16,12:00-14:59,1,0
N,PROPERTY DAMAGE ONLY,\N,N,2021,FRIDAY,CONFLICTED,Y,N,50.770083,-120.343517,Y,APRIL,N,KAMLOOPS,KAMLOOPS,KAMLOOPS,Y,Y,N,SOUTHERN INTERIOR,WESTSYDE RD # 003340 TO 003369,WESTSYDE RD,WESTSYDE RD,12:00-14:59,1,0
N,PROPERTY DAMAGE ONLY,\N,N,2021,FRIDAY,HEAD ON,N,N,49.023672,-123.068741,Y,APRIL,N,DELTA,DELTA,DELTA,Y,Y,N,LOWER MAINLAND,56 ST # 001091 TO 001199 odd,56 ST,56 ST,12:00-14:59,1,0
N,PROPERTY DAMAGE ONLY,\N,N,2021,FRIDAY,HEAD ON,N,N,49.832026,-124.525622,Y,APRIL,N,POWELL RIVER,POWELL RIVER,POWELL RIVER,Y,Y,N,VANCOUVER ISLAND,GERRARD ST # 006850 TO 006919,GERRARD ST,GERRARD ST,12:00-14:59,1,0
N,PROPERTY DAMAGE ONLY,\N,N,2021,FRIDAY,MULTIPLE IMPACTS,N,N,\N,\N,N,APRIL,N,PRINCE RUPERT,PRINCE RUPERT,\N,Y,N,N,NORTH CENTRAL,UNKNOWN,HWY 16,HWY 16,12:00-14:59,1,0
N,PROPERTY DAMAGE ONLY,\N,N,2021,FRIDAY,MULTIPLE IMPACTS,N,N,49.170101,-122.817178,Y,APRIL,N,SURREY,SURREY,SURREY,Y,Y,N,LOWER MAINLAND,92 AVE # 014600 TO 014649,92 AVE,92 AVE,12:00-14:59,1,0
N,PROPERTY DAMAGE ONLY,\N,N,2021,FRIDAY,MULTIPLE IMPACTS,N,N,49.602292,-119.6836,Y,APRIL,N,SUMMERLAND,SUMMERLAND,SUMMERLAND,Y,N,N,SOUTHERN INTERIOR,VICTORIA RD N # 013011 TO 013499,VICTORIA RD N,VICTORIA RD N,12:00-14:59,1,0
N,PROPERTY DAMAGE ONLY,\N,N,2021,FRIDAY,REAR END,N,N,\N,\N,N,APRIL,N,ABBOTSFORD,ABBOTSFORD,\N,N,N,N,LOWER MAINLAND,UNKNOWN,MACLURE RD,MACLURE RD,12:00-14:59,1,0
N,PROPERTY DAMAGE ONLY,\N,N,2021,FRIDAY,REAR END,N,N,\N,\N,N,APRIL,N,CASTLEGAR,CASTLEGAR,\N,N,N,N,SOUTHERN INTERIOR,UNKNOWN,COLUMBIA AVE,COLUMBIA AVE,12:00-14:59,1,0
N,PROPERTY DAMAGE ONLY,\N,N,2021,FRIDAY,REAR END,N,N,\N,\N,N,APRIL,N,CENTRAL SAANICH,CENTRAL SAANICH,\N,Y,N,N,VANCOUVER ISLAND,UNKNOWN,UNKNOWN,UNKNOWN,12:00-14:59,1,0
N,PROPERTY DAMAGE ONLY,\N,N,2021,FRIDAY,REAR END,N,N,\N,\N,N,APRIL,N,CHETWYND,CHETWYND,\N,Y,N,N,NORTH CENTRAL,UNKNOWN,49TH AVE NW,49TH AVE NW,12:00-14:59,1,0
N,PROPERTY DAMAGE ONLY,\N,N,2021,FRIDAY,REAR END,N,N,\N,\N,N,APRIL,N,LAKE COUNTRY,LAKE COUNTRY,\N,Y,N,N,SOUTHERN INTERIOR,UNKNOWN,HWY 97 N,HWY 97 N,12:00-14:59,1,0
N,PROPERTY DAMAGE ONLY,\N,N,2021,FRIDAY,REAR END,N,N,\N,\N,N,APRIL,N,NORTH VANCOUVER,NORTH VANCOUVER,\N,N,N,N,LOWER MAINLAND,UNKNOWN,HWY 1,HWY 1,12:00-14:59,1,0
N,PROPERTY DAMAGE ONLY,\N,N,2021,FRIDAY,REAR END,N,N,\N,\N,N,APRIL,N,VANCOUVER,VANCOUVER,\N,N,N,N,LOWER MAINLAND,UNKNOWN,BOUNDARY RD,BOUNDARY RD,12:00-14:59,1,0
N,PROPERTY DAMAGE ONLY,\N,N,2021,FRIDAY,REAR END,N,N,\N,\N,N,APRIL,N,VICTORIA,VICTORIA,\N,Y,Y,N,VANCOUVER ISLAND,UNKNOWN,OAK BAY AVE,OAK BAY AVE,12:00-14:59,1,0
N,PROPERTY DAMAGE ONLY,\N,N,2021,FRIDAY,REAR END,N,N,48.437759,-123.42087,Y,APRIL,N,ESQUIMALT,ESQUIMALT,ESQUIMALT,N,Y,N,VANCOUVER ISLAND,ADMIRALS RD # 000825 TO 000869,ADMIRALS RD,ADMIRALS RD,12:00-14:59,1,0
N,PROPERTY DAMAGE ONLY,\N,N,2021,FRIDAY,REAR END,N,N,48.439183,-123.369592,Y,APRIL,N,VICTORIA,VICTORIA,VICTORIA,Y,Y,N,VANCOUVER ISLAND,GORGE RD E # 000600 TO 000649,GORGE RD E,GORGE RD E,12:00-14:59,1,0
N,PROPERTY DAMAGE ONLY,\N,N,2021,FRIDAY,REAR END,N,N,48.443118,-123.468816,Y,APRIL,N,COLWOOD,COLWOOD,COLWOOD,Y,Y,N,VANCOUVER ISLAND,ISLAND HWY # 001828 TO 001948 even,ISLAND HWY,ISLAND HWY,12:00-14:59,1,0
N,PROPERTY DAMAGE ONLY,\N,N,2021,FRIDAY,REAR END,N,N,48.445415,-123.333968,Y,APRIL,N,VICTORIA,VICTORIA,VICTORIA,N,Y,N,VANCOUVER ISLAND,HILLSIDE AVE # 001634 TO 001699,HILLSIDE AVE,HILLSIDE AVE,12:00-14:59,1,0
N,PROPERTY DAMAGE ONLY,\N,N,2021,FRIDAY,REAR END,N,N,48.650715,-123.399053,Y,APRIL,N,SIDNEY,SIDNEY,SIDNEY,Y,Y,N,VANCOUVER ISLAND,FOURTH ST # 009850 TO 009899,FOURTH ST,FOURTH ST,12:00-14:59,1,0
N,PROPERTY DAMAGE ONLY,\N,N,2021,FRIDAY,REAR END,N,N,48.767165,-123.698166,Y,APRIL,N,DUNCAN,DUNCAN,DUNCAN,N,N,N,VANCOUVER ISLAND,TRANS-CANADA HWY # 005321 TO 005449 odd,TRANS-CANADA HWY,TRANS-CANADA HWY,12:00-14:59,1,0
N,PROPERTY DAMAGE ONLY,\N,N,2021,FRIDAY,REAR END,N,N,49.049003,-122.28404,Y,APRIL,N,ABBOTSFORD,ABBOTSFORD,ABBOTSFORD,Y,Y,N,LOWER MAINLAND,ESSENDENE AVE # 033940 TO 033973,ESSENDENE AVE,ESSENDENE AVE,12:00-14:59,1,0
N,PROPERTY DAMAGE ONLY,\N,N,2021,FRIDAY,REAR END,N,N,49.117067,-122.66335,Y,APRIL,N,LANGLEY,LANGLEY,LANGLEY,Y,Y,N,LOWER MAINLAND,202 ST # 006200 TO 006399,202 ST,202 ST,12:00-14:59,1,0
N,PROPERTY DAMAGE ONLY,\N,N,2021,FRIDAY,REAR END,N,N,49.133104,-123.04072,Y,APRIL,N,DELTA,DELTA,DELTA,N,N,N,LOWER MAINLAND,RIVER RD # 006400 TO 006799,RIVER RD,RIVER RD,12:00-14:59,1,0
N,PROPERTY DAMAGE ONLY,\N,N,2021,FRIDAY,REAR END,N,N,49.2064,-124.013722,Y,APRIL,N,NANAIMO,NANAIMO,NANAIMO,N,N,N,VANCOUVER ISLAND,ISLAND HWY N # 003700 TO 003998 even,ISLAND HWY N,ISLAND HWY N,12:00-14:59,1,0
N,PROPERTY DAMAGE ONLY,\N,N,2021,FRIDAY,REAR END,N,N,49.222661,-122.994966,Y,APRIL,N,BURNABY,BURNABY,BURNABY,Y,Y,N,LOWER MAINLAND,JUBILEE AVE # 006600 TO 006799,JUBILEE AVE,JUBILEE AVE,12:00-14:59,1,0
N,PROPERTY DAMAGE ONLY,\N,N,2021,FRIDAY,REAR END,N,N,49.22738,-123.00506,Y,APRIL,N,BURNABY,BURNABY,BURNABY,N,Y,N,LOWER MAINLAND,MCKAY AVE # 006200 TO 006299,MCKAY AVE,MCKAY AVE,12:00-14:59,1,0
N,PROPERTY DAMAGE ONLY,\N,N,2021,FRIDAY,REAR END,N,N,49.231485,-122.690731,Y,APRIL,N,PITT MEADOWS,PITT MEADOWS,PITT MEADOWS,N,Y,N,LOWER MAINLAND,LOUGHEED HWY # 019100 TO 019198 even,LOUGHEED HWY,LOUGHEED HWY,12:00-14:59,1,0
N,PROPERTY DAMAGE ONLY,\N,N,2021,FRIDAY,REAR END,N,N,49.233144,-123.155605,Y,APRIL,N,VANCOUVER,VANCOUVER,VANCOUVER,Y,N,N,LOWER MAINLAND,WEST BOULEVARD # 005801 TO 005899 odd,WEST BOULEVARD,WEST BOULEVARD,12:00-14:59,1,0
N,PROPERTY DAMAGE ONLY,\N,N,2021,FRIDAY,REAR END,N,N,49.257772,-123.071791,Y,APRIL,N,VANCOUVER,VANCOUVER,VANCOUVER,Y,Y,N,LOWER MAINLAND,E 14TH AVE # 001500 TO 001699,E 14TH AVE,E 14TH AVE,12:00-14:59,1,0
N,PROPERTY DAMAGE ONLY,\N,N,2021,FRIDAY,REAR END,N,N,49.322558,-124.320649,Y,APRIL,N,PARKSVILLE,PARKSVILLE,PARKSVILLE,N,Y,N,VANCOUVER ISLAND,ISLAND HWY W # 000280 TO 000328 even,ISLAND HWY W,ISLAND HWY W,12:00-14:59,1,0
N,PROPERTY DAMAGE ONLY,\N,N,2021,FRIDAY,REAR END,N,N,49.68828,-124.933857,Y,APRIL,N,COMOX,COMOX,COMOX,N,Y,N,VANCOUVER ISLAND,GUTHRIE RD # 001960 TO 001999,GUTHRIE RD,GUTHRIE RD,12:00-14:59,1,0
N,PROPERTY DAMAGE ONLY,\N,N,2021,FRIDAY,REAR END,N,N,49.897696,-119.386848,Y,APRIL,N,KELOWNA,KELOWNA,KELOWNA,Y,Y,N,SOUTHERN INTERIOR,RUTLAND RD N # 000707 TO 000760,RUTLAND RD N,RUTLAND RD N,12:00-14:59,1,0
N,PROPERTY DAMAGE ONLY,\N,N,2021,FRIDAY,REAR END,N,N,50.702288,-119.279641,Y,APRIL,N,SALMON ARM,SALMON ARM,SALMON ARM,N,Y,N,SOUTHERN INTERIOR,4 ST NE # 000251 TO 000299,4 ST NE,4 ST NE,12:00-14:59,1,0
N,PROPERTY DAMAGE ONLY,\N,N,2021,FRIDAY,REAR END,N,N,52.106881,-121.990571,Y,APRIL,N,WILLIAMS LAKE,WILLIAMS LAKE,WILLIAMS LAKE,Y,N,N,NORTH CENTRAL,INDIAN DR # 002706 TO 002739,INDIAN DR,INDIAN DR,12:00-14:59,1,0
N,PROPERTY DAMAGE ONLY,\N,N,2021,FRIDAY,REAR END,N,N,53.905412,-122.759906,Y,APRIL,N,PRINCE GEORGE,PRINCE GEORGE,PRINCE GEORGE,N,N,N,NORTH CENTRAL,20TH AVE # 001700 TO 001799,20TH AVE,20TH AVE,12:00-14:59,1,0
N,PROPERTY DAMAGE ONLY,\N,N,2021,FRIDAY,REAR END,N,N,54.516777,-128.590883,Y,APRIL,N,TERRACE,TERRACE,TERRACE,Y,Y,N,NORTH CENTRAL,LAKELSE AVE # 004630 TO 004669,LAKELSE AVE,LAKELSE AVE,12:00-14:59,1,0
N,PROPERTY DAMAGE ONLY,\N,N,2021,FRIDAY,REAR END,N,N,54.783238,-127.165338,Y,APRIL,N,SMITHERS,SMITHERS,SMITHERS,Y,N,N,NORTH CENTRAL,7TH AVE # 003848 TO 003899,7TH AVE,7TH AVE,12:00-14:59,1,0
N,PROPERTY DAMAGE ONLY,\N,N,2021,FRIDAY,REAR END,Y,N,49.881953,-119.441395,Y,APRIL,N,KELOWNA,KELOWNA,KELOWNA,N,Y,N,SOUTHERN INTERIOR,HARVEY AVE # 002100 TO 002156 even,HARVEY AVE,HARVEY AVE,12:00-14:59,1,0
N,PROPERTY DAMAGE ONLY,\N,N,2021,FRIDAY,REAR TO REAR,N,N,\N,\N,N,APRIL,N,KAMLOOPS,KAMLOOPS,\N,N,Y,N,SOUTHERN INTERIOR,UNKNOWN,TRANS-CANADA HWY,TRANS-CANADA HWY,12:00-14:59,1,0
N,PROPERTY DAMAGE ONLY,\N,N,2021,FRIDAY,REAR TO REAR,N,N,\N,\N,N,APRIL,N,VICTORIA,VICTORIA,\N,N,Y,N,VANCOUVER ISLAND,UNKNOWN,BLANSHARD ST,BLANSHARD ST,12:00-14:59,1,0
N,PROPERTY DAMAGE ONLY,\N,N,2021,FRIDAY,REAR TO REAR,N,N,\N,\N,N,APRIL,N,VICTORIA,VICTORIA,\N,Y,N,N,VANCOUVER ISLAND,UNKNOWN,ONYX,ONYX,12:00-14:59,1,0
N,PROPERTY DAMAGE ONLY,\N,N,2021,FRIDAY,REAR TO REAR,N,N,48.443118,-123.468816,Y,APRIL,N,COLWOOD,COLWOOD,COLWOOD,N,Y,N,VANCOUVER ISLAND,ISLAND HWY # 001828 TO 001948 even,ISLAND HWY,ISLAND HWY,12:00-14:59,1,0
N,PROPERTY DAMAGE ONLY,\N,N,2021,FRIDAY,REAR TO REAR,N,N,48.803136,-123.717937,Y,APRIL,N,DUNCAN,DUNCAN,DUNCAN,N,Y,N,VANCOUVER ISLAND,DRINKWATER RD # 002900 TO 002971,DRINKWATER RD,DRINKWATER RD,12:00-14:59,1,0
N,PROPERTY DAMAGE ONLY,\N,N,2021,FRIDAY,REAR TO REAR,N,N,49.046004,-122.363757,Y,APRIL,N,ABBOTSFORD,ABBOTSFORD,ABBOTSFORD,N,Y,N,LOWER MAINLAND,PEARDONVILLE RD # 030900 TO 031199,PEARDONVILLE RD,PEARDONVILLE RD,12:00-14:59,1,0
N,PROPERTY DAMAGE ONLY,\N,N,2021,FRIDAY,REAR TO REAR,N,N,49.05335,-122.337872,Y,APRIL,N,ABBOTSFORD,ABBOTSFORD,ABBOTSFORD,Y,Y,N,LOWER MAINLAND,CLEARBROOK RD # 002800 TO 002849,CLEARBROOK RD,CLEARBROOK RD,12:00-14:59,1,0
N,PROPERTY DAMAGE ONLY,\N,N,2021,FRIDAY,REAR TO REAR,N,N,49.119915,-122.665803,Y,APRIL,N,LANGLEY,LANGLEY,LANGLEY,Y,Y,N,LOWER MAINLAND,201 ST # 006400 TO 006499,201 ST,201 ST,12:00-14:59,1,0
N,PROPERTY DAMAGE ONLY,\N,N,2021,FRIDAY,REAR TO REAR,N,N,49.209568,-122.838343,Y,APRIL,N,SURREY,SURREY,SURREY,Y,N,N,LOWER MAINLAND,114 AVE # 013800 TO 013899,114 AVE,114 AVE,12:00-14:59,1,0
N,PROPERTY DAMAGE ONLY,\N,N,2021,FRIDAY,REAR TO REAR,N,N,49.216862,-122.592962,Y,APRIL,N,MAPLE RIDGE,MAPLE RIDGE,MAPLE RIDGE,Y,Y,N,LOWER MAINLAND,LOUGHEED HWY # 022700 TO 022757,LOUGHEED HWY,LOUGHEED HWY,12:00-14:59,1,0
N,PROPERTY DAMAGE ONLY,\N,N,2021,FRIDAY,REAR TO REAR,N,N,49.227493,-122.819835,Y,APRIL,N,COQUITLAM,COQUITLAM,COQUITLAM,N,N,N,LOWER MAINLAND,UNITED BLVD # 000000 TO 000008 even,UNITED BLVD,UNITED BLVD,12:00-14:59,1,0
N,PROPERTY DAMAGE ONLY,\N,N,2021,FRIDAY,REAR TO REAR,N,N,49.250625,-123.042871,Y,APRIL,N,VANCOUVER,VANCOUVER,VANCOUVER,N,Y,N,LOWER MAINLAND,E 22ND AVE # 002900 TO 002999,E 22ND AVE,E 22ND AVE,12:00-14:59,1,0
N,PROPERTY DAMAGE ONLY,\N,N,2021,FRIDAY,REAR TO REAR,N,N,49.258853,-123.135092,Y,APRIL,N,VANCOUVER,VANCOUVER,VANCOUVER,N,N,N,LOWER MAINLAND,W 14TH AVE # 001300 TO 001399,W 14TH AVE,W 14TH AVE,12:00-14:59,1,0
N,PROPERTY DAMAGE ONLY,\N,N,2021,FRIDAY,REAR TO REAR,N,N,49.262746,-122.974155,Y,APRIL,N,BURNABY,BURNABY,BURNABY,N,Y,N,LOWER MAINLAND,LOUGHEED HWY # 006200 TO 006348 even,LOUGHEED HWY,LOUGHEED HWY,12:00-14:59,1,0
N,PROPERTY DAMAGE ONLY,\N,N,2021,FRIDAY,REAR TO REAR,N,N,49.266165,-124.785984,Y,APRIL,N,PORT ALBERNI,PORT ALBERNI,PORT ALBERNI,Y,Y,N,VANCOUVER ISLAND,JOHNSTON RD # 003523 TO 003573 odd,JOHNSTON RD,JOHNSTON RD,12:00-14:59,1,0
N,PROPERTY DAMAGE ONLY,\N,N,2021,FRIDAY,REAR TO REAR,N,N,49.315857,-124.282604,Y,APRIL,N,PARKSVILLE,PARKSVILLE,PARKSVILLE,Y,Y,N,VANCOUVER ISLAND,ISLAND HWY E # 000754 TO 000882,ISLAND HWY E,ISLAND HWY E,12:00-14:59,1,0
N,PROPERTY DAMAGE ONLY,\N,N,2021,FRIDAY,REAR TO REAR,N,N,49.445302,-123.71129,Y,APRIL,N,SECHELT,SECHELT,SECHELT,Y,N,N,LOWER MAINLAND,CAMEO RD # 004340 TO 004399,CAMEO RD,CAMEO RD,12:00-14:59,1,0
N,PROPERTY DAMAGE ONLY,\N,N,2021,FRIDAY,REAR TO REAR,N,N,50.028493,-119.404447,Y,APRIL,N,LAKE COUNTRY,LAKE COUNTRY,LAKE COUNTRY,Y,Y,N,SOUTHERN INTERIOR,HWY 97 # 010041 TO 010099 odd,HWY 97,HWY 97,12:00-14:59,1,0
N,PROPERTY DAMAGE ONLY,\N,N,2021,FRIDAY,REAR TO REAR,N,N,53.908937,-122.689822,Y,APRIL,N,PRINCE GEORGE,PRINCE GEORGE,PRINCE GEORGE,Y,Y,N,NORTH CENTRAL,HWY 16 E # 001000 TO 002939,HWY 16,HWY 16,12:00-14:59,1,0
N,PROPERTY DAMAGE ONLY,\N,N,2021,FRIDAY,REAR TO REAR,N,N,53.919776,-122.782166,Y,APRIL,N,PRINCE GEORGE,PRINCE GEORGE,PRINCE GEORGE,Y,Y,N,NORTH CENTRAL,CENTRAL ST W # 000500 TO 000645,CENTRAL ST W,CENTRAL ST W,12:00-14:59,1,0
N,PROPERTY DAMAGE ONLY,\N,N,2021,FRIDAY,REAR TO REAR,N,N,54.017353,-124.009216,Y,APRIL,N,VANDERHOOF,VANDERHOOF,VANDERHOOF,Y,Y,N,NORTH CENTRAL,BURRARD AVE # 002501 TO 002599 odd,BURRARD AVE,BURRARD AVE,12:00-14:59,1,0
N,PROPERTY DAMAGE ONLY,\N,N,2021,FRIDAY,REAR TO REAR,N,N,55.340224,-123.094545,Y,APRIL,N,MACKENZIE,MACKENZIE,MACKENZIE,Y,Y,N,NORTH CENTRAL,MACKENZIE BLVD # 000400 TO 000999,MACKENZIE BLVD,MACKENZIE BLVD,12:00-14:59,2,0
N,PROPERTY DAMAGE ONLY,\N,N,2021,FRIDAY,SIDE IMPACT,N,N,\N,\N,N,APRIL,N,ABBOTSFORD,ABBOTSFORD,\N,Y,N,N,LOWER MAINLAND,UNKNOWN,STEVENSON ST,STEVENSON ST,12:00-14:59,1,0
N,PROPERTY DAMAGE ONLY,\N,N,2021,FRIDAY,SIDE IMPACT,N,N,\N,\N,N,APRIL,N,CAMPBELL RIVER,CAMPBELL RIVER,\N,N,N,N,VANCOUVER ISLAND,UNKNOWN,CHATHAM POINT ROAD,CHATHAM POINT ROAD,12:00-14:59,1,0
N,PROPERTY DAMAGE ONLY,\N,N,2021,FRIDAY,SIDE IMPACT,N,N,\N,\N,N,APRIL,N,DAWSON CREEK,DAWSON CREEK,\N,N,N,N,NORTH CENTRAL,UNKNOWN,10 ST,10 ST,12:00-14:59,1,0
N,PROPERTY DAMAGE ONLY,\N,N,2021,FRIDAY,SIDE IMPACT,N,N,\N,\N,N,APRIL,N,KAMLOOPS,KAMLOOPS,\N,Y,N,N,SOUTHERN INTERIOR,UNKNOWN,MCBETH PL,MCBETH PL,12:00-14:59,1,0
N,PROPERTY DAMAGE ONLY,\N,N,2021,FRIDAY,SIDE IMPACT,N,N,\N,\N,N,APRIL,N,KELOWNA,KELOWNA,\N,Y,N,N,SOUTHERN INTERIOR,UNKNOWN,WATSON RD,WATSON RD,12:00-14:59,1,0
N,PROPERTY DAMAGE ONLY,\N,N,2021,FRIDAY,SIDE IMPACT,N,N,\N,\N,N,APRIL,N,LANGLEY,LANGLEY,\N,N,N,N,LOWER MAINLAND,UNKNOWN,95TH,95TH,12:00-14:59,1,0
N,PROPERTY DAMAGE ONLY,\N,N,2021,FRIDAY,SIDE IMPACT,N,N,\N,\N,N,APRIL,N,LANGLEY,LANGLEY,\N,N,N,N,LOWER MAINLAND,UNKNOWN,HWY 1,HWY 1,12:00-14:59,1,0
N,PROPERTY DAMAGE ONLY,\N,N,2021,FRIDAY,SIDE IMPACT,N,N,\N,\N,N,APRIL,N,LANGLEY,LANGLEY,\N,Y,N,N,LOWER MAINLAND,UNKNOWN,209 ST,209 ST,12:00-14:59,1,0
N,PROPERTY DAMAGE ONLY,\N,N,2021,FRIDAY,SIDE IMPACT,N,N,\N,\N,N,APRIL,N,NORTH VANCOUVER,NORTH VANCOUVER,\N,Y,N,N,LOWER MAINLAND,UNKNOWN,W 3RD ST W,W 3RD ST W,12:00-14:59,1,0
N,PROPERTY DAMAGE ONLY,\N,N,2021,FRIDAY,SIDE IMPACT,N,N,\N,\N,N,APRIL,N,PENTICTON,PENTICTON,\N,Y,N,N,SOUTHERN INTERIOR,UNKNOWN,SKAHA LAKE RD,SKAHA LAKE RD,12:00-14:59,1,0
N,PROPERTY DAMAGE ONLY,\N,N,2021,FRIDAY,SIDE IMPACT,N,N,\N,\N,N,APRIL,N,QUALICUM BEACH,QUALICUM BEACH,\N,Y,N,N,VANCOUVER ISLAND,UNKNOWN,MARCHLAND RD,MARCHLAND RD,12:00-14:59,1,0
N,PROPERTY DAMAGE ONLY,\N,N,2021,FRIDAY,SIDE IMPACT,N,N,\N,\N,N,APRIL,N,QUESNEL,QUESNEL,\N,Y,N,N,NORTH CENTRAL,UNKNOWN,LANGLEY RD,LANGLEY RD,12:00-14:59,1,0
N,PROPERTY DAMAGE ONLY,\N,N,2021,FRIDAY,SIDE IMPACT,N,N,\N,\N,N,APRIL,N,SURREY,SURREY,\N,Y,Y,N,LOWER MAINLAND,UNKNOWN,152 ST,152 ST,12:00-14:59,1,0
N,PROPERTY DAMAGE ONLY,\N,N,2021,FRIDAY,SIDE IMPACT,N,N,\N,\N,N,APRIL,N,VANCOUVER,VANCOUVER,\N,Y,N,N,LOWER MAINLAND,UNKNOWN,8 AVENUE,8 AVENUE,12:00-14:59,1,0
N,PROPERTY DAMAGE ONLY,\N,N,2021,FRIDAY,SIDE IMPACT,N,N,\N,\N,N,APRIL,N,VANCOUVER,VANCOUVER,\N,Y,N,N,LOWER MAINLAND,UNKNOWN,E 53RD AVE,E 53RD AVE,12:00-14:59,1,0
N,PROPERTY DAMAGE ONLY,\N,N,2021,FRIDAY,SIDE IMPACT,N,N,\N,\N,N,APRIL,N,VANCOUVER,VANCOUVER,\N,Y,N,N,LOWER MAINLAND,UNKNOWN,SHRUM LANE,SHRUM LANE,12:00-14:59,1,0
N,PROPERTY DAMAGE ONLY,\N,N,2021,FRIDAY,SIDE IMPACT,N,N,\N,\N,N,APRIL,N,VICTORIA,VICTORIA,\N,N,Y,N,VANCOUVER ISLAND,UNKNOWN,OLD ISLAND HWY,OLD ISLAND HWY,12:00-14:59,1,0
N,PROPERTY DAMAGE ONLY,\N,N,2021,FRIDAY,SIDE IMPACT,N,N,\N,\N,N,APRIL,N,VICTORIA,VICTORIA,\N,Y,Y,N,VANCOUVER ISLAND,UNKNOWN,JACKLIN RD,JACKLIN RD,12:00-14:59,1,0
N,PROPERTY DAMAGE ONLY,\N,N,2021,FRIDAY,SIDE IMPACT,N,N,48.376833,-123.724283,Y,APRIL,N,SOOKE,SOOKE,SOOKE,Y,Y,N,VANCOUVER ISLAND,WEST COAST RD # 006700 TO 006719,SOOKE RD,SOOKE RD,12:00-14:59,1,0
N,PROPERTY DAMAGE ONLY,\N,N,2021,FRIDAY,SIDE IMPACT,N,N,48.415705,-123.324879,Y,APRIL,N,VICTORIA,VICTORIA,VICTORIA,Y,Y,N,VANCOUVER ISLAND,FAIRFIELD RD # 001960 TO 001988,FAIRFIELD RD,FAIRFIELD RD,12:00-14:59,1,0
N,PROPERTY DAMAGE ONLY,\N,N,2021,FRIDAY,SIDE IMPACT,N,N,48.421787,-123.475677,Y,APRIL,N,COLWOOD,COLWOOD,COLWOOD,Y,Y,N,VANCOUVER ISLAND,SELLECK WAY # 003220 TO 003239,SELLECK WAY,SELLECK WAY,12:00-14:59,1,0
N,PROPERTY DAMAGE ONLY,\N,N,2021,FRIDAY,SIDE IMPACT,N,N,48.430952,-123.406618,Y,APRIL,N,ESQUIMALT,ESQUIMALT,ESQUIMALT,Y,Y,N,VANCOUVER ISLAND,NORMA CRT # 001100 TO 001129,NORMA CRT,NORMA CRT,12:00-14:59,1,0
N,PROPERTY DAMAGE ONLY,\N,N,2021,FRIDAY,SIDE IMPACT,N,N,48.440421,-123.475123,Y,APRIL,N,COLWOOD,COLWOOD,COLWOOD,Y,Y,N,VANCOUVER ISLAND,SOOKE RD # 001930 TO 001959,SOOKE RD,SOOKE RD,12:00-14:59,1,0
N,PROPERTY DAMAGE ONLY,\N,N,2021,FRIDAY,SIDE IMPACT,N,N,48.447526,-123.426363,Y,APRIL,N,VIEW ROYAL,VIEW ROYAL,VIEW ROYAL,Y,Y,N,VANCOUVER ISLAND,ADMIRALS RD # 001491 TO 001505,ADMIRALS RD,ADMIRALS RD,12:00-14:59,1,0
N,PROPERTY DAMAGE ONLY,\N,N,2021,FRIDAY,SIDE IMPACT,N,N,48.69246,-123.541058,Y,APRIL,N,COBBLE HILL,COBBLE HILL,COBBLE HILL,N,Y,N,VANCOUVER ISLAND,FAIRWAYS PL # 000530 TO 000600,FAIRWAYS PL,FAIRWAYS PL,12:00-14:59,1,0
N,PROPERTY DAMAGE ONLY,\N,N,2021,FRIDAY,SIDE IMPACT,N,N,48.779291,-123.691268,Y,APRIL,N,DUNCAN,DUNCAN,DUNCAN,Y,Y,N,VANCOUVER ISLAND,TRUNK RD # 000800 TO 000899,TRUNK RD,TRUNK RD,12:00-14:59,1,0
N,PROPERTY DAMAGE ONLY,\N,N,2021,FRIDAY,SIDE IMPACT,N,N,48.827493,-124.050311,Y,APRIL,N,LAKE COWICHAN,LAKE COWICHAN,LAKE COWICHAN,Y,Y,N,VANCOUVER ISLAND,COWICHAN LAKE RD # 000083 TO 000099,COWICHAN LAKE RD,COWICHAN LAKE RD,12:00-14:59,1,0
N,PROPERTY DAMAGE ONLY,\N,N,2021,FRIDAY,SIDE IMPACT,N,N,48.995136,-123.835977,Y,APRIL,N,LADYSMITH,LADYSMITH,LADYSMITH,N,N,N,VANCOUVER ISLAND,WALKEM RD # 000610 TO 000649,WALKEM RD,WALKEM RD,12:00-14:59,1,0
N,PROPERTY DAMAGE ONLY,\N,N,2021,FRIDAY,SIDE IMPACT,N,N,49.02349,-122.800203,Y,APRIL,N,WHITE ROCK,WHITE ROCK,WHITE ROCK,Y,Y,N,LOWER MAINLAND,PACIFIC AVE # 015200 TO 015269,PACIFIC AVE,PACIFIC AVE,12:00-14:59,1,0
N,PROPERTY DAMAGE ONLY,\N,N,2021,FRIDAY,SIDE IMPACT,N,N,49.038162,-122.31345,Y,APRIL,N,ABBOTSFORD,ABBOTSFORD,ABBOTSFORD,Y,Y,N,LOWER MAINLAND,MARSHALL RD # 032800 TO 032953,MARSHALL RD,MARSHALL RD,12:00-14:59,1,0
N,PROPERTY DAMAGE ONLY,\N,N,2021,FRIDAY,SIDE IMPACT,N,N,49.040893,-122.34624,Y,APRIL,N,ABBOTSFORD,ABBOTSFORD,ABBOTSFORD,Y,N,N,LOWER MAINLAND,PARAMOUNT CRES # 002000 TO 002199,PARAMOUNT CRES,PARAMOUNT CRES,12:00-14:59,1,0
N,PROPERTY DAMAGE ONLY,\N,N,2021,FRIDAY,SIDE IMPACT,N,N,49.04416,-122.779264,Y,APRIL,N,SURREY,SURREY,SURREY,Y,Y,N,LOWER MAINLAND,160 ST # 002271 TO 002359 odd,160 ST,160 ST,12:00-14:59,1,0
N,PROPERTY DAMAGE ONLY,\N,N,2021,FRIDAY,SIDE IMPACT,N,N,49.047264,-122.779262,Y,APRIL,N,SURREY,SURREY,SURREY,Y,Y,N,LOWER MAINLAND,160 ST # 002441 TO 002549 odd,160 ST,160 ST,12:00-14:59,1,0
N,PROPERTY DAMAGE ONLY,\N,N,2021,FRIDAY,SIDE IMPACT,N,N,49.050936,-122.312534,Y,APRIL,N,ABBOTSFORD,ABBOTSFORD,ABBOTSFORD,Y,Y,N,LOWER MAINLAND,SOUTH FRASER WAY # 032800 TO 032979,SOUTH FRASER WAY,SOUTH FRASER WAY,12:00-14:59,1,0
N,PROPERTY DAMAGE ONLY,\N,N,2021,FRIDAY,SIDE IMPACT,N,N,49.051603,-122.245114,Y,APRIL,N,ABBOTSFORD,ABBOTSFORD,ABBOTSFORD,Y,Y,N,LOWER MAINLAND,MONTANA PL # 002700 TO 002770,MONTANA PL,MONTANA PL,12:00-14:59,1,0
N,PROPERTY DAMAGE ONLY,\N,N,2021,FRIDAY,SIDE IMPACT,N,N,49.057689,-122.50087,Y,APRIL,N,LANGLEY,LANGLEY,LANGLEY,Y,Y,N,LOWER MAINLAND,30A AVE # 026000 TO 026199,30A AVE,30A AVE,12:00-14:59,1,0
N,PROPERTY DAMAGE ONLY,\N,N,2021,FRIDAY,SIDE IMPACT,N,N,49.058745,-122.294474,Y,APRIL,N,ABBOTSFORD,ABBOTSFORD,ABBOTSFORD,Y,Y,N,LOWER MAINLAND,MACLURE RD # 033551 TO 033599 odd,MACLURE RD,MACLURE RD,12:00-14:59,1,0
N,PROPERTY DAMAGE ONLY,\N,N,2021,FRIDAY,SIDE IMPACT,N,N,49.059947,-122.495534,Y,APRIL,N,LANGLEY,LANGLEY,LANGLEY,Y,Y,N,LOWER MAINLAND,FRASER HWY # 026250 TO 026349,FRASER HWY,FRASER HWY,12:00-14:59,1,0
N,PROPERTY DAMAGE ONLY,\N,N,2021,FRIDAY,SIDE IMPACT,N,N,49.060472,-122.250131,Y,APRIL,N,ABBOTSFORD,ABBOTSFORD,ABBOTSFORD,Y,N,N,LOWER MAINLAND,HIGH DR # 035180 TO 035209,HIGH DR,HIGH DR,12:00-14:59,1,0
N,PROPERTY DAMAGE ONLY,\N,N,2021,FRIDAY,SIDE IMPACT,N,N,49.09502,-121.982578,Y,APRIL,N,CHILLIWACK,CHILLIWACK,CHILLIWACK,Y,Y,N,LOWER MAINLAND,VEDDER MOUNTAIN RD # 044480 TO 045249,VEDDER MOUNTAIN RD,VEDDER MOUNTAIN RD,12:00-14:59,1,0
N,PROPERTY DAMAGE ONLY,\N,N,2021,FRIDAY,SIDE IMPACT,N,N,49.103745,-122.485242,Y,APRIL,N,LANGLEY,LANGLEY,LANGLEY,N,Y,N,LOWER MAINLAND,56 AVE # 026501 TO 026799,56 AVE,56 AVE,12:00-14:59,1,0
N,PROPERTY DAMAGE ONLY,\N,N,2021,FRIDAY,SIDE IMPACT,N,N,49.110417,-122.664166,Y,APRIL,N,LANGLEY,LANGLEY,LANGLEY,N,Y,N,LOWER MAINLAND,LOGAN AVE # 020001 TO 020299,LOGAN AVE,LOGAN AVE,12:00-14:59,1,0
N,PROPERTY DAMAGE ONLY,\N,N,2021,FRIDAY,SIDE IMPACT,N,N,49.113314,-122.666531,Y,APRIL,N,LANGLEY,LANGLEY,LANGLEY,Y,Y,N,LOWER MAINLAND,LANGLEY BYPASS # 020000 TO 020150 even,LANGLEY BYPASS,LANGLEY BYPASS,12:00-14:59,1,0
N,PROPERTY DAMAGE ONLY,\N,N,2021,FRIDAY,SIDE IMPACT,N,N,49.115677,-117.71552199999999,Y,APRIL,N,TRAIL,TRAIL,TRAIL,Y,N,N,SOUTHERN INTERIOR,HILLSIDE DR # 000010 TO 000019,HILLSIDE DR,HILLSIDE DR,12:00-14:59,1,0
N,PROPERTY DAMAGE ONLY,\N,N,2021,FRIDAY,SIDE IMPACT,N,N,49.120512,-123.158867,Y,APRIL,N,RICHMOND,RICHMOND,RICHMOND,N,Y,N,LOWER MAINLAND,NO 2 RD # 012322 TO 013019,NO 2 RD,NO 2 RD,12:00-14:59,1,0
N,PROPERTY DAMAGE ONLY,\N,N,2021,FRIDAY,SIDE IMPACT,N,N,49.124501,-122.679167,Y,APRIL,N,LANGLEY,LANGLEY,LANGLEY,Y,N,N,LOWER MAINLAND,196A CRT # 006700 TO 006739,196A CRT,196A CRT,12:00-14:59,1,0
N,PROPERTY DAMAGE ONLY,\N,N,2021,FRIDAY,SIDE IMPACT,N,N,49.13326,-122.890296,Y,APRIL,N,SURREY,SURREY,SURREY,N,Y,N,LOWER MAINLAND,120 ST # 007100 TO 007198 even,120 ST,120 ST,12:00-14:59,1,0
N,PROPERTY DAMAGE ONLY,\N,N,2021,FRIDAY,SIDE IMPACT,N,N,49.133321,-123.094652,Y,APRIL,N,RICHMOND,RICHMOND,RICHMOND,N,Y,N,LOWER MAINLAND,STEVESTON HWY # 011518 TO 012000 even,STEVESTON HWY,STEVESTON HWY,12:00-14:59,1,0
N,PROPERTY DAMAGE ONLY,\N,N,2021,FRIDAY,SIDE IMPACT,N,N,49.133321,-123.094652,Y,APRIL,N,RICHMOND,RICHMOND,RICHMOND,Y,Y,N,LOWER MAINLAND,STEVESTON HWY # 011518 TO 012000 even,STEVESTON HWY,STEVESTON HWY,12:00-14:59,1,0
N,PROPERTY DAMAGE ONLY,\N,N,2021,FRIDAY,SIDE IMPACT,N,N,49.14557,-122.867988,Y,APRIL,N,SURREY,SURREY,SURREY,N,Y,N,LOWER MAINLAND,128 ST # 007801 TO 007909 odd,128 ST,128 ST,12:00-14:59,1,0
N,PROPERTY DAMAGE ONLY,\N,N,2021,FRIDAY,SIDE IMPACT,N,N,49.155532,-122.820257,Y,APRIL,N,SURREY,SURREY,SURREY,Y,N,N,LOWER MAINLAND,84 AVE # 014504 TO 014535,84 AVE,84 AVE,12:00-14:59,1,0
N,PROPERTY DAMAGE ONLY,\N,N,2021,FRIDAY,SIDE IMPACT,N,N,49.158692,-123.114082,Y,APRIL,N,RICHMOND,RICHMOND,RICHMOND,Y,Y,N,LOWER MAINLAND,NO 4 RD # 007409 TO 007511,NO 4 RD,NO 4 RD,12:00-14:59,1,0
N,PROPERTY DAMAGE ONLY,\N,N,2021,FRIDAY,SIDE IMPACT,N,N,49.160532,-122.766582,Y,APRIL,N,SURREY,SURREY,SURREY,Y,N,N,LOWER MAINLAND,86B AVE # 016400 TO 016499,86B AVE,86B AVE,12:00-14:59,1,0
N,PROPERTY DAMAGE ONLY,\N,N,2021,FRIDAY,SIDE IMPACT,N,N,49.161816,-123.136519,Y,APRIL,N,RICHMOND,RICHMOND,RICHMOND,Y,Y,N,LOWER MAINLAND,NO 3 RD # 007000 TO 007218 even,NO 3 RD,NO 3 RD,12:00-14:59,1,0
N,PROPERTY DAMAGE ONLY,\N,N,2021,FRIDAY,SIDE IMPACT,N,N,49.170135,-123.14697,Y,APRIL,N,RICHMOND,RICHMOND,RICHMOND,N,Y,N,LOWER MAINLAND,WESTMINSTER HWY # 007000 TO 007000 even,WESTMINSTER HWY,WESTMINSTER HWY,12:00-14:59,1,0
N,PROPERTY DAMAGE ONLY,\N,N,2021,FRIDAY,SIDE IMPACT,N,N,49.177331,-123.122877,Y,APRIL,N,RICHMOND,RICHMOND,RICHMOND,Y,Y,N,LOWER MAINLAND,ALDERBRIDGE WAY # 009001 TO 009299 odd,ALDERBRIDGE WAY,ALDERBRIDGE WAY,12:00-14:59,1,0
N,PROPERTY DAMAGE ONLY,\N,N,2021,FRIDAY,SIDE IMPACT,N,N,49.181301,-123.136662,Y,APRIL,N,RICHMOND,RICHMOND,RICHMOND,Y,Y,N,LOWER MAINLAND,NO 3 RD # 004201 TO 004679 odd,NO 3 RD,NO 3 RD,12:00-14:59,1,0
N,PROPERTY DAMAGE ONLY,\N,N,2021,FRIDAY,SIDE IMPACT,N,N,49.183068,-121.941129,Y,APRIL,N,CHILLIWACK,CHILLIWACK,CHILLIWACK,Y,N,N,LOWER MAINLAND,FAIRBANKS CRES # 009970 TO 010019,FAIRBANKS CRES,FAIRBANKS CRES,12:00-14:59,1,0
N,PROPERTY DAMAGE ONLY,\N,N,2021,FRIDAY,SIDE IMPACT,N,N,49.183245,-123.946977,Y,APRIL,N,NANAIMO,NANAIMO,NANAIMO,Y,Y,N,VANCOUVER ISLAND,STEWART AVE # 001170 TO 001331,STEWART AVE,STEWART AVE,12:00-14:59,1,0
N,PROPERTY DAMAGE ONLY,\N,N,2021,FRIDAY,SIDE IMPACT,N,N,49.186049,-122.845339,Y,APRIL,N,SURREY,SURREY,SURREY,Y,Y,N,LOWER MAINLAND,KING GEORGE BLVD # 010082 TO 010118 even,KING GEORGE BLVD,KING GEORGE BLVD,12:00-14:59,1,0
N,PROPERTY DAMAGE ONLY,\N,N,2021,FRIDAY,SIDE IMPACT,N,N,49.190089,-122.800995,Y,APRIL,N,SURREY,SURREY,SURREY,Y,Y,N,LOWER MAINLAND,152 ST # 010251 TO 010399 odd,152 ST,152 ST,12:00-14:59,1,0
N,PROPERTY DAMAGE ONLY,\N,N,2021,FRIDAY,SIDE IMPACT,N,N,49.191535,-123.128155,Y,APRIL,N,RICHMOND,RICHMOND,RICHMOND,Y,Y,N,LOWER MAINLAND,SEXSMITH RD # 003000 TO 003099,SEXSMITH RD,SEXSMITH RD,12:00-14:59,1,0
N,PROPERTY DAMAGE ONLY,\N,N,2021,FRIDAY,SIDE IMPACT,N,N,49.192384,-122.800785,Y,APRIL,N,SURREY,SURREY,SURREY,N,Y,N,LOWER MAINLAND,152 ST # 010400 TO 010498 even,152 ST,152 ST,12:00-14:59,1,0
N,PROPERTY DAMAGE ONLY,\N,N,2021,FRIDAY,SIDE IMPACT,N,N,49.193927,-122.814363,Y,APRIL,N,SURREY,SURREY,SURREY,Y,Y,N,LOWER MAINLAND,105A AVE # 014653 TO 014799,105A AVE,105A AVE,12:00-14:59,1,0
N,PROPERTY DAMAGE ONLY,\N,N,2021,FRIDAY,SIDE IMPACT,N,N,49.216385,-123.0763,Y,APRIL,N,VANCOUVER,VANCOUVER,VANCOUVER,Y,Y,N,LOWER MAINLAND,E 59TH AVE # 001400 TO 001499,E 59TH AVE,E 59TH AVE,12:00-14:59,1,0
N,PROPERTY DAMAGE ONLY,\N,N,2021,FRIDAY,SIDE IMPACT,N,N,49.216862,-122.592962,Y,APRIL,N,MAPLE RIDGE,MAPLE RIDGE,MAPLE RIDGE,N,Y,N,LOWER MAINLAND,LOUGHEED HWY # 022700 TO 022757,LOUGHEED HWY,LOUGHEED HWY,12:00-14:59,1,0
N,PROPERTY DAMAGE ONLY,\N,N,2021,FRIDAY,SIDE IMPACT,N,N,49.218238,-123.041376,Y,APRIL,N,VANCOUVER,VANCOUVER,VANCOUVER,N,Y,N,LOWER MAINLAND,KERR ST # 007186 TO 007199,KERR ST,KERR ST,12:00-14:59,1,0
N,PROPERTY DAMAGE ONLY,\N,N,2021,FRIDAY,SIDE IMPACT,N,N,49.220659,-122.988649,Y,APRIL,N,BURNABY,BURNABY,BURNABY,N,N,N,LOWER MAINLAND,ROYAL OAK AVE # 006846 TO 006999,ROYAL OAK AVE,ROYAL OAK AVE,12:00-14:59,1,0
N,PROPERTY DAMAGE ONLY,\N,N,2021,FRIDAY,SIDE IMPACT,N,N,49.224704,-122.673335,Y,APRIL,N,PITT MEADOWS,PITT MEADOWS,PITT MEADOWS,N,Y,N,LOWER MAINLAND,LOUGHEED HWY # 019800 TO 019808 even,LOUGHEED HWY,LOUGHEED HWY,12:00-14:59,1,0
N,PROPERTY DAMAGE ONLY,\N,N,2021,FRIDAY,SIDE IMPACT,N,N,49.224704,-122.673335,Y,APRIL,N,PITT MEADOWS,PITT MEADOWS,PITT MEADOWS,Y,Y,N,LOWER MAINLAND,LOUGHEED HWY # 019800 TO 019808 even,LOUGHEED HWY,LOUGHEED HWY,12:00-14:59,1,0
N,PROPERTY DAMAGE ONLY,\N,N,2021,FRIDAY,SIDE IMPACT,N,N,49.225132,-122.939037,Y,APRIL,N,BURNABY,BURNABY,BURNABY,Y,Y,N,LOWER MAINLAND,EDMONDS ST # 007700 TO 007899,EDMONDS ST,EDMONDS ST,12:00-14:59,1,0
N,PROPERTY DAMAGE ONLY,\N,N,2021,FRIDAY,SIDE IMPACT,N,N,49.228116,-122.998531,Y,APRIL,N,BURNABY,BURNABY,BURNABY,Y,Y,N,LOWER MAINLAND,KINGSWAY # 004700 TO 004749,KINGSWAY,KINGSWAY,12:00-14:59,1,0
N,PROPERTY DAMAGE ONLY,\N,N,2021,FRIDAY,SIDE IMPACT,N,N,49.243877,-122.892635,Y,APRIL,N,BURNABY,BURNABY,BURNABY & COQUITLAM,Y,Y,N,LOWER MAINLAND,NORTH RD # 000321 TO 004563 odd,NORTH RD,NORTH RD,12:00-14:59,1,0
N,PROPERTY DAMAGE ONLY,\N,N,2021,FRIDAY,SIDE IMPACT,N,N,49.250968,-123.069422,Y,APRIL,N,VANCOUVER,VANCOUVER,VANCOUVER,Y,N,N,LOWER MAINLAND,WELWYN ST # 003710 TO 003899,WELWYN ST,WELWYN ST,12:00-14:59,1,0
N,PROPERTY DAMAGE ONLY,\N,N,2021,FRIDAY,SIDE IMPACT,N,N,49.251719,-122.918981,Y,APRIL,N,BURNABY,BURNABY,BURNABY,Y,Y,N,LOWER MAINLAND,BRIGHTON AVE # 003400 TO 003599,BRIGHTON AVE,BRIGHTON AVE,12:00-14:59,1,0
N,PROPERTY DAMAGE ONLY,\N,N,2021,FRIDAY,SIDE IMPACT,N,N,49.257485,-123.099511,Y,APRIL,N,VANCOUVER,VANCOUVER,VANCOUVER,Y,Y,N,LOWER MAINLAND,E 15TH AVE # 000206 TO 000299,E 15TH AVE,E 15TH AVE,12:00-14:59,1,0
N,PROPERTY DAMAGE ONLY,\N,N,2021,FRIDAY,SIDE IMPACT,N,N,49.260853,-122.960444,Y,APRIL,N,BURNABY,BURNABY,BURNABY,Y,N,N,LOWER MAINLAND,MARIO CRT # 006900 TO 006975,MARIO CRT,MARIO CRT,12:00-14:59,1,0
N,PROPERTY DAMAGE ONLY,\N,N,2021,FRIDAY,SIDE IMPACT,N,N,49.269628,-123.074456,Y,APRIL,N,VANCOUVER,VANCOUVER,VANCOUVER,Y,N,N,LOWER MAINLAND,E 1ST AVE # 001400 TO 001499,E 1ST AVE,E 1ST AVE,12:00-14:59,1,0
N,PROPERTY DAMAGE ONLY,\N,N,2021,FRIDAY,SIDE IMPACT,N,N,49.28372,-123.066907,Y,APRIL,N,VANCOUVER,VANCOUVER,VANCOUVER,Y,N,N,LOWER MAINLAND,TRIUMPH ST # 001800 TO 001899,TRIUMPH ST,TRIUMPH ST,12:00-14:59,1,0
N,PROPERTY DAMAGE ONLY,\N,N,2021,FRIDAY,SIDE IMPACT,N,N,49.286068,-122.795895,Y,APRIL,N,COQUITLAM,COQUITLAM,COQUITLAM,N,Y,N,LOWER MAINLAND,PRINCESS CRES # 002960 TO 002999,PRINCESS CRES,PRINCESS CRES,12:00-14:59,1,0
N,PROPERTY DAMAGE ONLY,\N,N,2021,FRIDAY,SIDE IMPACT,N,N,49.297846,-122.841578,Y,APRIL,N,PORT MOODY,PORT MOODY,PORT MOODY,N,Y,N,LOWER MAINLAND,DAVID AVE # 001300 TO 001385,DAVID AVE,DAVID AVE,12:00-14:59,1,0
N,PROPERTY DAMAGE ONLY,\N,N,2021,FRIDAY,SIDE IMPACT,N,N,49.297846,-122.841578,Y,APRIL,N,PORT MOODY,PORT MOODY,PORT MOODY,Y,Y,N,LOWER MAINLAND,DAVID AVE # 001300 TO 001385,DAVID AVE,DAVID AVE,12:00-14:59,1,0
N,PROPERTY DAMAGE ONLY,\N,N,2021,FRIDAY,SIDE IMPACT,N,N,49.304087,-122.95743,Y,APRIL,N,NORTH VANCOUVER,NORTH VANCOUVER,NORTH VANCOUVER,Y,Y,N,LOWER MAINLAND,DOLLARTON HWY # 004130 TO 004149,DOLLARTON HWY,DOLLARTON HWY,12:00-14:59,1,0
N,PROPERTY DAMAGE ONLY,\N,N,2021,FRIDAY,SIDE IMPACT,N,N,49.308412,-123.047506,Y,APRIL,N,NORTH VANCOUVER,NORTH VANCOUVER,NORTH VANCOUVER,Y,N,N,LOWER MAINLAND,E 3RD ST # 001100 TO 001124 even,E 3RD ST,E 3RD ST,12:00-14:59,1,0
N,PROPERTY DAMAGE ONLY,\N,N,2021,FRIDAY,SIDE IMPACT,N,N,49.308895,-123.02363,Y,APRIL,N,NORTH VANCOUVER,NORTH VANCOUVER,NORTH VANCOUVER,Y,Y,N,LOWER MAINLAND,SEYMOUR BLVD # 000315 TO 000399,SEYMOUR BLVD,SEYMOUR BLVD,12:00-14:59,1,0
N,PROPERTY DAMAGE ONLY,\N,N,2021,FRIDAY,SIDE IMPACT,N,N,49.322302,-123.095955,Y,APRIL,N,NORTH VANCOUVER,NORTH VANCOUVER,NORTH VANCOUVER,Y,Y,N,LOWER MAINLAND,W 15TH ST # 000800 TO 000899,W 15TH ST,W 15TH ST,12:00-14:59,1,0
N,PROPERTY DAMAGE ONLY,\N,N,2021,FRIDAY,SIDE IMPACT,N,N,49.326945,-123.138557,Y,APRIL,N,WEST VANCOUVER,WEST VANCOUVER,WEST VANCOUVER,N,Y,N,LOWER MAINLAND,MARINE DR # 000800 TO 000848 even,MARINE DR,MARINE DR,12:00-14:59,1,0
N,PROPERTY DAMAGE ONLY,\N,N,2021,FRIDAY,SIDE IMPACT,N,N,49.346012,-123.145834,Y,APRIL,N,WEST VANCOUVER,WEST VANCOUVER,WEST VANCOUVER,Y,Y,N,LOWER MAINLAND,CROSS CREEK RD # 000900 TO 000950,CROSS CREEK RD,CROSS CREEK RD,12:00-14:59,1,0
N,PROPERTY DAMAGE ONLY,\N,N,2021,FRIDAY,SIDE IMPACT,N,N,49.473728,-123.74778,Y,APRIL,N,SECHELT,SECHELT,SECHELT,Y,Y,N,LOWER MAINLAND,SUNSHINE COAST HWY # 005490 TO 005540 even,SUNSHINE COAST HWY,SUNSHINE COAST HWY,12:00-14:59,1,0
N,PROPERTY DAMAGE ONLY,\N,N,2021,FRIDAY,SIDE IMPACT,N,N,49.508256,-115.064214,Y,APRIL,N,FERNIE,FERNIE,FERNIE,N,Y,N,SOUTHERN INTERIOR,HWY 3 # 000800 TO 000899,HWY 3,HWY 3,12:00-14:59,1,0
N,PROPERTY DAMAGE ONLY,\N,N,2021,FRIDAY,SIDE IMPACT,N,N,49.668375,-124.977446,Y,APRIL,N,COURTENAY,COURTENAY,COURTENAY,Y,Y,N,VANCOUVER ISLAND,CLIFFE AVE # 003040 TO 003299,CLIFFE AVE,CLIFFE AVE,12:00-14:59,1,0
N,PROPERTY DAMAGE ONLY,\N,N,2021,FRIDAY,SIDE IMPACT,N,N,49.729318,-123.152826,Y,APRIL,N,SQUAMISH,SQUAMISH,SQUAMISH,N,Y,N,LOWER MAINLAND,GOVERNMENT RD # 039756 TO 039759,GOVERNMENT RD,GOVERNMENT RD,12:00-14:59,1,0
N,PROPERTY DAMAGE ONLY,\N,N,2021,FRIDAY,SIDE IMPACT,N,N,49.893169,-119.395955,Y,APRIL,N,KELOWNA,KELOWNA,KELOWNA,Y,N,N,SOUTHERN INTERIOR,FILUK CRT # 000350 TO 000449,FILUK CRT,FILUK CRT,12:00-14:59,1,0
N,PROPERTY DAMAGE ONLY,\N,N,2021,FRIDAY,SIDE IMPACT,N,N,49.993611,-125.236629,Y,APRIL,N,CAMPBELL RIVER,CAMPBELL RIVER,CAMPBELL RIVER,Y,N,N,VANCOUVER ISLAND,NANCY GREENE DR # 000700 TO 000795,NANCY GREENE DR,NANCY GREENE DR,12:00-14:59,1,0
N,PROPERTY DAMAGE ONLY,\N,N,2021,FRIDAY,SIDE IMPACT,N,N,50.029137,-125.249335,Y,APRIL,N,CAMPBELL RIVER,CAMPBELL RIVER,CAMPBELL RIVER,N,Y,N,VANCOUVER ISLAND,DOGWOOD ST # 001400 TO 001419,DOGWOOD ST,DOGWOOD ST,12:00-14:59,1,0
N,PROPERTY DAMAGE ONLY,\N,N,2021,FRIDAY,SIDE IMPACT,N,N,50.102642,-122.983276,Y,APRIL,N,WHISTLER,WHISTLER,WHISTLER,Y,Y,N,LOWER MAINLAND,NORDIC DR # 002100 TO 002103,NORDIC DR,NORDIC DR,12:00-14:59,1,0
N,PROPERTY DAMAGE ONLY,\N,N,2021,FRIDAY,SIDE IMPACT,N,N,50.122865,-120.763793,Y,APRIL,N,MERRITT,MERRITT,MERRITT,Y,Y,N,SOUTHERN INTERIOR,RIVER RANCH RD # 003350 TO 003369,RIVER RANCH RD,RIVER RANCH RD,12:00-14:59,1,0
N,PROPERTY DAMAGE ONLY,\N,N,2021,FRIDAY,SIDE IMPACT,N,N,50.255356,-119.307264,Y,APRIL,N,VERNON,VERNON,VERNON,Y,Y,N,SOUTHERN INTERIOR,25 AVE # 005300 TO 005329,25 AVE,25 AVE,12:00-14:59,1,0
N,PROPERTY DAMAGE ONLY,\N,N,2021,FRIDAY,SIDE IMPACT,N,N,50.652593,-120.367574,Y,APRIL,N,KAMLOOPS,KAMLOOPS,KAMLOOPS,Y,Y,N,SOUTHERN INTERIOR,HWY 5A # 001801 TO 001813 odd,HWY 5A,HWY 5A,12:00-14:59,1,0
N,PROPERTY DAMAGE ONLY,\N,N,2021,FRIDAY,SIDE IMPACT,N,N,50.663669,-120.355266,Y,APRIL,N,KAMLOOPS,KAMLOOPS,KAMLOOPS,Y,Y,N,SOUTHERN INTERIOR,NOTRE DAME DR # 000600 TO 000698 even,NOTRE DAME DR,NOTRE DAME DR,12:00-14:59,1,0
N,PROPERTY DAMAGE ONLY,\N,N,2021,FRIDAY,SIDE IMPACT,N,N,50.666925,-120.352659,Y,APRIL,N,KAMLOOPS,KAMLOOPS,KAMLOOPS,Y,Y,N,SOUTHERN INTERIOR,SUMMIT DR # 001200 TO 001208 even,SUMMIT DR,SUMMIT DR,12:00-14:59,1,0
N,PROPERTY DAMAGE ONLY,\N,N,2021,FRIDAY,SIDE IMPACT,N,N,50.67137,-120.333222,Y,APRIL,N,KAMLOOPS,KAMLOOPS,KAMLOOPS,Y,Y,N,SOUTHERN INTERIOR,COLUMBIA ST # 000301 TO 000399 odd,COLUMBIA ST,COLUMBIA ST,12:00-14:59,1,0
N,PROPERTY DAMAGE ONLY,\N,N,2021,FRIDAY,SIDE IMPACT,N,N,50.698937,-119.283726,Y,APRIL,N,SALMON ARM,SALMON ARM,SALMON ARM,N,Y,N,SOUTHERN INTERIOR,1 ST SE # 000000 TO 000199,1 ST SE,1 ST SE,12:00-14:59,1,0
N,PROPERTY DAMAGE ONLY,\N,N,2021,FRIDAY,SIDE IMPACT,N,N,51.63026,-121.300959,Y,APRIL,N,100 MILE HOUSE,100 MILE HOUSE,100 MILE HOUSE,Y,Y,N,NORTH CENTRAL,ALPINE AVE # 000900 TO 000998 even,ALPINE AVE,ALPINE AVE,12:00-14:59,1,0
N,PROPERTY DAMAGE ONLY,\N,N,2021,FRIDAY,SIDE IMPACT,N,N,53.26297,-131.993939,Y,APRIL,N,SKIDEGATE,SKIDEGATE,SKIDEGATE,Y,Y,N,NORTH CENTRAL,HWY 16 # 000792 TO 000899,HWY 16,HWY 16,12:00-14:59,1,0
N,PROPERTY DAMAGE ONLY,\N,N,2021,FRIDAY,SIDE IMPACT,N,N,53.863578,-122.78377,Y,APRIL,N,PRINCE GEORGE,PRINCE GEORGE,PRINCE GEORGE,Y,Y,N,NORTH CENTRAL,SOUTHRIDGE AVE # 006498 TO 006599,SOUTHRIDGE AVE,SOUTHRIDGE AVE,12:00-14:59,1,0
N,PROPERTY DAMAGE ONLY,\N,N,2021,FRIDAY,SIDE IMPACT,N,N,54.376997,-126.665625,Y,APRIL,N,HOUSTON,HOUSTON,HOUSTON,Y,Y,N,NORTH CENTRAL,GRENADA RD # 003000 TO 003019,GRENADA RD,GRENADA RD,12:00-14:59,1,0
N,PROPERTY DAMAGE ONLY,\N,N,2021,FRIDAY,SIDE IMPACT,N,N,54.777151,-127.170687,Y,APRIL,N,SMITHERS,SMITHERS,SMITHERS,Y,Y,N,NORTH CENTRAL,BROADWAY AVE # 003551 TO 003699,BROADWAY AVE,BROADWAY AVE,12:00-14:59,1,0
N,PROPERTY DAMAGE ONLY,\N,N,2021,FRIDAY,SIDE IMPACT,N,N,55.69671,-121.638134,Y,APRIL,N,CHETWYND,CHETWYND,CHETWYND,Y,N,N,NORTH CENTRAL,54 ST NW # 004800 TO 004849,54 ST NW,54 ST NW,12:00-14:59,1,0
N,PROPERTY DAMAGE ONLY,\N,N,2021,FRIDAY,SIDE IMPACT,Y,N,\N,\N,N,APRIL,N,UNKNOWN,UNKNOWN,\N,N,N,N,UNKNOWN,UNKNOWN,UNKNOWN,UNKNOWN,12:00-14:59,1,0
N,PROPERTY DAMAGE ONLY,\N,N,2021,FRIDAY,SIDE IMPACT,Y,N,49.568538,-119.657531,Y,APRIL,N,SUMMERLAND,SUMMERLAND,SUMMERLAND,Y,Y,N,SOUTHERN INTERIOR,CANYON VIEW RD # 006200 TO 006751,CANYON VIEW RD,CANYON VIEW RD,12:00-14:59,1,0
N,PROPERTY DAMAGE ONLY,\N,N,2021,FRIDAY,SIDE SWIPE - OPPOSITE DIRECTION,N,N,49.219057,-122.950413,Y,APRIL,N,BURNABY,BURNABY,BURNABY,N,Y,N,LOWER MAINLAND,EDMONDS ST # 007326 TO 007360,EDMONDS ST,EDMONDS ST,12:00-14:59,1,0
N,PROPERTY DAMAGE ONLY,\N,N,2021,FRIDAY,SIDE SWIPE - OPPOSITE DIRECTION,N,N,49.258942,-123.032,Y,APRIL,N,VANCOUVER,VANCOUVER,VANCOUVER,N,Y,N,LOWER MAINLAND,BENTALL ST # 002732 TO 002899,BENTALL ST,BENTALL ST,12:00-14:59,1,0
N,PROPERTY DAMAGE ONLY,\N,N,2021,FRIDAY,SIDE SWIPE - OPPOSITE DIRECTION,N,N,49.264769,-123.168347,Y,APRIL,N,VANCOUVER,VANCOUVER,VANCOUVER,Y,N,N,LOWER MAINLAND,MACDONALD ST # 002400 TO 002445,MACDONALD ST,MACDONALD ST,12:00-14:59,1,0
N,PROPERTY DAMAGE ONLY,\N,N,2021,FRIDAY,SIDE SWIPE - OPPOSITE DIRECTION,N,N,49.271463,-123.127058,Y,APRIL,N,VANCOUVER,VANCOUVER,VANCOUVER,N,Y,N,LOWER MAINLAND,HOMER MEWS # 001500 TO 001599,HOMER MEWS,HOMER MEWS,12:00-14:59,1,0
N,PROPERTY DAMAGE ONLY,\N,N,2021,FRIDAY,SIDE SWIPE - OPPOSITE DIRECTION,N,N,53.884563,-122.772118,Y,APRIL,N,PRINCE GEORGE,PRINCE GEORGE,PRINCE GEORGE,Y,Y,N,NORTH CENTRAL,RANGE RD # 002460 TO 002599,RANGE RD,RANGE RD,12:00-14:59,1,0
N,PROPERTY DAMAGE ONLY,\N,N,2021,FRIDAY,SIDE SWIPE - OPPOSITE DIRECTION,Y,N,\N,\N,N,APRIL,N,NANOOSE BAY,NANOOSE BAY,\N,Y,Y,N,VANCOUVER ISLAND,UNKNOWN,NW BAY LOGGING RD,NW BAY LOGGING RD,12:00-14:59,1,0
N,PROPERTY DAMAGE ONLY,\N,N,2021,FRIDAY,SIDE SWIPE - SAME DIRECTION,N,N,\N,\N,N,APRIL,N,BURNABY,BURNABY,\N,Y,Y,N,LOWER MAINLAND,UNKNOWN,EAST 1ST AVE,EAST 1ST AVE,12:00-14:59,1,0
N,PROPERTY DAMAGE ONLY,\N,N,2021,FRIDAY,SIDE SWIPE - SAME DIRECTION,N,N,\N,\N,N,APRIL,N,MERRITT,MERRITT,\N,N,N,N,SOUTHERN INTERIOR,UNKNOWN,COQUIHALLA HWY,COQUIHALLA HWY,12:00-14:59,1,0
N,PROPERTY DAMAGE ONLY,\N,N,2021,FRIDAY,SIDE SWIPE - SAME DIRECTION,N,N,\N,\N,N,APRIL,N,RICHMOND,RICHMOND,\N,N,N,N,LOWER MAINLAND,UNKNOWN,STEVESTON HWY,STEVESTON HWY,12:00-14:59,1,0
N,PROPERTY DAMAGE ONLY,\N,N,2021,FRIDAY,SIDE SWIPE - SAME DIRECTION,N,N,48.400724,-123.637329,Y,APRIL,N,SOOKE,SOOKE,SOOKE,Y,Y,N,VANCOUVER ISLAND,GLINZ LAKE RD # 005016 TO 005034,GLINZ LAKE RD,GLINZ LAKE RD,12:00-14:59,1,0
N,PROPERTY DAMAGE ONLY,\N,N,2021,FRIDAY,SIDE SWIPE - SAME DIRECTION,N,N,48.462187,-123.329978,Y,APRIL,N,SAANICH,SAANICH,SAANICH,Y,N,N,VANCOUVER ISLAND,KISBER AVE # 001600 TO 001699,KISBER AVE,KISBER AVE,12:00-14:59,1,0
N,PROPERTY DAMAGE ONLY,\N,N,2021,FRIDAY,SIDE SWIPE - SAME DIRECTION,N,N,49.171694,-121.949929,Y,APRIL,N,CHILLIWACK,CHILLIWACK,CHILLIWACK,N,N,N,LOWER MAINLAND,YALE RD # 046200 TO 046239,YALE RD,YALE RD,12:00-14:59,1,0
N,PROPERTY DAMAGE ONLY,\N,N,2021,FRIDAY,SIDE SWIPE - SAME DIRECTION,N,N,49.177492,-122.842097,Y,APRIL,N,SURREY,SURREY,SURREY,Y,Y,N,LOWER MAINLAND,137A ST # 009600 TO 009650,137A ST,137A ST,12:00-14:59,1,0
N,PROPERTY DAMAGE ONLY,\N,N,2021,FRIDAY,SIDE SWIPE - SAME DIRECTION,N,N,49.23891,-123.151912,Y,APRIL,N,VANCOUVER,VANCOUVER,VANCOUVER,Y,N,N,LOWER MAINLAND,MAPLE ST # 005200 TO 005249,MAPLE ST,MAPLE ST,12:00-14:59,1,0
N,PROPERTY DAMAGE ONLY,\N,N,2021,FRIDAY,SIDE SWIPE - SAME DIRECTION,N,N,49.263361,-122.839477,Y,APRIL,N,COQUITLAM,COQUITLAM,COQUITLAM,Y,Y,N,LOWER MAINLAND,COMO LAKE AVE # 001900 TO 001959,COMO LAKE AVE,COMO LAKE AVE,12:00-14:59,1,0
N,PROPERTY DAMAGE ONLY,\N,N,2021,FRIDAY,SIDE SWIPE - SAME DIRECTION,N,N,49.411412,-123.602192,Y,APRIL,N,ROBERTS CREEK,ROBERTS CREEK,ROBERTS CREEK,Y,N,N,LOWER MAINLAND,MASKELL RD # 000780 TO 000799,MASKELL RD,MASKELL RD,12:00-14:59,1,0
N,PROPERTY DAMAGE ONLY,\N,N,2021,FRIDAY,SIDE SWIPE - SAME DIRECTION,N,N,49.491478,-117.292612,Y,APRIL,N,NELSON,NELSON,NELSON,Y,N,N,SOUTHERN INTERIOR,VICTORIA ST # 000500 TO 000599,VICTORIA ST,VICTORIA ST,12:00-14:59,1,0
N,PROPERTY DAMAGE ONLY,\N,N,2021,FRIDAY,SIDE SWIPE - SAME DIRECTION,N,N,50.257885,-119.259785,Y,APRIL,N,VERNON,VERNON,VERNON,Y,N,N,SOUTHERN INTERIOR,23 AVE # 002100 TO 002199,23 AVE,23 AVE,12:00-14:59,1,0
N,PROPERTY DAMAGE ONLY,\N,N,2021,FRIDAY,SIDE SWIPE - SAME DIRECTION,N,N,52.113029,-122.121701,Y,APRIL,N,WILLIAMS LAKE,WILLIAMS LAKE,WILLIAMS LAKE,Y,Y,N,NORTH CENTRAL,PROSPERITY WAY # 001200 TO 001259,PROSPERITY WAY,PROSPERITY WAY,12:00-14:59,1,0
N,PROPERTY DAMAGE ONLY,\N,N,2021,FRIDAY,SIDE SWIPE - SAME DIRECTION,Y,N,49.210455,-123.065211,Y,APRIL,N,VANCOUVER,VANCOUVER,VANCOUVER,Y,N,N,LOWER MAINLAND,HARRISON DR # 002020 TO 002039,HARRISON DR,HARRISON DR,12:00-14:59,1,0
N,PROPERTY DAMAGE ONLY,\N,N,2021,FRIDAY,SINGLE VEHICLE,N,N,\N,\N,N,APRIL,N,BURNABY,BURNABY,\N,N,N,N,LOWER MAINLAND,UNKNOWN,HWY 1,HWY 1,12:00-14:59,1,0
N,PROPERTY DAMAGE ONLY,\N,N,2021,FRIDAY,SINGLE VEHICLE,N,N,\N,\N,N,APRIL,N,CACHE CREEK,CACHE CREEK,\N,N,N,N,SOUTHERN INTERIOR,UNKNOWN,UNKNOWN,UNKNOWN,12:00-14:59,1,0
N,PROPERTY DAMAGE ONLY,\N,N,2021,FRIDAY,SINGLE VEHICLE,N,N,\N,\N,N,APRIL,N,COQUITLAM,COQUITLAM,\N,N,N,N,LOWER MAINLAND,UNKNOWN,COMO LAKE AVE,COMO LAKE AVE,12:00-14:59,1,0
N,PROPERTY DAMAGE ONLY,\N,N,2021,FRIDAY,SINGLE VEHICLE,N,N,\N,\N,N,APRIL,N,DUNCAN,DUNCAN,\N,N,N,N,VANCOUVER ISLAND,UNKNOWN,MCKINSTRY RD,MCKINSTRY RD,12:00-14:59,1,0
N,PROPERTY DAMAGE ONLY,\N,N,2021,FRIDAY,SINGLE VEHICLE,N,N,\N,\N,N,APRIL,N,FORT ST. JOHN,FORT ST. JOHN,\N,N,N,N,NORTH CENTRAL,UNKNOWN,HUDSON HOPE RD,HUDSON HOPE RD,12:00-14:59,1,0
N,PROPERTY DAMAGE ONLY,\N,N,2021,FRIDAY,SINGLE VEHICLE,N,N,\N,\N,N,APRIL,N,GOLD BRIDGE,GOLD BRIDGE,\N,N,N,N,SOUTHERN INTERIOR,UNKNOWN,HWY 40,HWY 40,12:00-14:59,1,0
N,PROPERTY DAMAGE ONLY,\N,N,2021,FRIDAY,SINGLE VEHICLE,N,N,\N,\N,N,APRIL,N,KAMLOOPS,KAMLOOPS,\N,N,N,N,SOUTHERN INTERIOR,UNKNOWN,HWY 1,HWY 1,12:00-14:59,1,0
N,PROPERTY DAMAGE ONLY,\N,N,2021,FRIDAY,SINGLE VEHICLE,N,N,\N,\N,N,APRIL,N,KELOWNA,KELOWNA,\N,N,N,N,SOUTHERN INTERIOR,UNKNOWN,160 ST,160 ST,12:00-14:59,1,0
N,PROPERTY DAMAGE ONLY,\N,N,2021,FRIDAY,SINGLE VEHICLE,N,N,\N,\N,N,APRIL,N,LANGLEY,LANGLEY,\N,N,N,N,LOWER MAINLAND,UNKNOWN,FRASER HWY,FRASER HWY,12:00-14:59,2,0
N,PROPERTY DAMAGE ONLY,\N,N,2021,FRIDAY,SINGLE VEHICLE,N,N,\N,\N,N,APRIL,N,LILLOOET,LILLOOET,\N,N,N,N,SOUTHERN INTERIOR,UNKNOWN,HWY 99,HWY 99,12:00-14:59,1,0
N,PROPERTY DAMAGE ONLY,\N,N,2021,FRIDAY,SINGLE VEHICLE,N,N,\N,\N,N,APRIL,N,MAPLE RIDGE,MAPLE RIDGE,\N,N,N,N,LOWER MAINLAND,UNKNOWN,COTTONWOOD DR,COTTONWOOD DR,12:00-14:59,1,0
N,PROPERTY DAMAGE ONLY,\N,N,2021,FRIDAY,SINGLE VEHICLE,N,N,\N,\N,N,APRIL,N,MISSION,MISSION,\N,N,Y,N,LOWER MAINLAND,UNKNOWN,EDGE ST,EDGE ST,12:00-14:59,1,0
N,PROPERTY DAMAGE ONLY,\N,N,2021,FRIDAY,SINGLE VEHICLE,N,N,\N,\N,N,APRIL,N,NANAIMO,NANAIMO,\N,N,N,N,VANCOUVER ISLAND,UNKNOWN,HWY 19,HWY 19,12:00-14:59,1,0
N,PROPERTY DAMAGE ONLY,\N,N,2021,FRIDAY,SINGLE VEHICLE,N,N,\N,\N,N,APRIL,N,NANAIMO,NANAIMO,\N,N,Y,N,VANCOUVER ISLAND,UNKNOWN,NORTH ISLAND HIGHWAY,NORTH ISLAND HIGHWAY,12:00-14:59,1,0
N,PROPERTY DAMAGE ONLY,\N,N,2021,FRIDAY,SINGLE VEHICLE,N,N,\N,\N,N,APRIL,N,NORTH VANCOUVER,NORTH VANCOUVER,\N,N,N,N,LOWER MAINLAND,UNKNOWN,MT SEYMOUR RD,MT SEYMOUR RD,12:00-14:59,1,0
N,PROPERTY DAMAGE ONLY,\N,N,2021,FRIDAY,SINGLE VEHICLE,N,N,\N,\N,N,APRIL,N,NORTH VANCOUVER,NORTH VANCOUVER,\N,N,N,N,LOWER MAINLAND,UNKNOWN,W KINGS RD,W KINGS RD,12:00-14:59,1,0
N,PROPERTY DAMAGE ONLY,\N,N,2021,FRIDAY,SINGLE VEHICLE,N,N,\N,\N,N,APRIL,N,PITT MEADOWS,PITT MEADOWS,\N,N,N,N,LOWER MAINLAND,UNKNOWN,HWY 7,HWY 7,12:00-14:59,1,0
N,PROPERTY DAMAGE ONLY,\N,N,2021,FRIDAY,SINGLE VEHICLE,N,N,\N,\N,N,APRIL,N,POWELL RIVER,POWELL RIVER,\N,N,N,N,VANCOUVER ISLAND,UNKNOWN,STILLWATER RD,STILLWATER RD,12:00-14:59,1,0
N,PROPERTY DAMAGE ONLY,\N,N,2021,FRIDAY,SINGLE VEHICLE,N,N,\N,\N,N,APRIL,N,PRINCE GEORGE,PRINCE GEORGE,\N,N,N,N,NORTH CENTRAL,UNKNOWN,PURDUE ROAD EAST,PURDUE ROAD EAST,12:00-14:59,1,0
N,PROPERTY DAMAGE ONLY,\N,N,2021,FRIDAY,SINGLE VEHICLE,N,N,\N,\N,N,APRIL,N,SAANICH,SAANICH,\N,N,N,N,VANCOUVER ISLAND,UNKNOWN,HWY 17,HWY 17,12:00-14:59,1,0
N,PROPERTY DAMAGE ONLY,\N,N,2021,FRIDAY,SINGLE VEHICLE,N,N,\N,\N,N,APRIL,N,SALMON ARM,SALMON ARM,\N,N,N,N,SOUTHERN INTERIOR,UNKNOWN,HWY 1,HWY 1,12:00-14:59,1,0
N,PROPERTY DAMAGE ONLY,\N,N,2021,FRIDAY,SINGLE VEHICLE,N,N,\N,\N,N,APRIL,N,SECHELT,SECHELT,\N,N,N,N,LOWER MAINLAND,UNKNOWN,HWY 101,HWY 101,12:00-14:59,1,0
N,PROPERTY DAMAGE ONLY,\N,N,2021,FRIDAY,SINGLE VEHICLE,N,N,\N,\N,N,APRIL,N,SORRENTO,SORRENTO,\N,N,N,N,SOUTHERN INTERIOR,UNKNOWN,HWY 1,HWY 1,12:00-14:59,1,0
N,PROPERTY DAMAGE ONLY,\N,N,2021,FRIDAY,SINGLE VEHICLE,N,N,\N,\N,N,APRIL,N,SUMMERLAND,SUMMERLAND,\N,N,N,N,SOUTHERN INTERIOR,UNKNOWN,PRINCETON-SUMMERLAND RD,PRINCETON-SUMMERLAND RD,12:00-14:59,1,0
N,PROPERTY DAMAGE ONLY,\N,N,2021,FRIDAY,SINGLE VEHICLE,N,N,\N,\N,N,APRIL,N,TERRACE,TERRACE,\N,N,Y,N,NORTH CENTRAL,UNKNOWN,HWY 16,HWY 16,12:00-14:59,1,0
N,PROPERTY DAMAGE ONLY,\N,N,2021,FRIDAY,SINGLE VEHICLE,N,N,\N,\N,N,APRIL,N,TERRACE,TERRACE,\N,N,Y,N,NORTH CENTRAL,UNKNOWN,HWY 16 W,HWY 16 W,12:00-14:59,1,0
N,PROPERTY DAMAGE ONLY,\N,N,2021,FRIDAY,SINGLE VEHICLE,N,N,\N,\N,N,APRIL,N,UNKNOWN,UNKNOWN,\N,N,N,N,UNKNOWN,UNKNOWN,256 ST,256 ST,12:00-14:59,1,0
N,PROPERTY DAMAGE ONLY,\N,N,2021,FRIDAY,SINGLE VEHICLE,N,N,\N,\N,N,APRIL,N,UNKNOWN,UNKNOWN,\N,N,N,N,UNKNOWN,UNKNOWN,UNKNOWN,UNKNOWN,12:00-14:59,4,0
N,PROPERTY DAMAGE ONLY,\N,N,2021,FRIDAY,SINGLE VEHICLE,N,N,\N,\N,N,APRIL,N,VANCOUVER,VANCOUVER,\N,N,N,N,LOWER MAINLAND,UNKNOWN,UNKNOWN,UNKNOWN,12:00-14:59,1,0
N,PROPERTY DAMAGE ONLY,\N,N,2021,FRIDAY,SINGLE VEHICLE,N,N,\N,\N,N,APRIL,N,VANCOUVER,VANCOUVER,\N,N,N,N,LOWER MAINLAND,UNKNOWN,WEST 1ST AVENUE,WEST 1ST AVENUE,12:00-14:59,1,0
N,PROPERTY DAMAGE ONLY,\N,N,2021,FRIDAY,SINGLE VEHICLE,N,N,\N,\N,N,APRIL,N,VANCOUVER,VANCOUVER,\N,N,Y,N,LOWER MAINLAND,UNKNOWN,CARDERO,CARDERO,12:00-14:59,1,0
N,PROPERTY DAMAGE ONLY,\N,N,2021,FRIDAY,SINGLE VEHICLE,N,N,\N,\N,N,APRIL,N,VICTORIA,VICTORIA,\N,N,N,N,VANCOUVER ISLAND,UNKNOWN,QUEENSWOOD DRIVE,QUEENSWOOD DRIVE,12:00-14:59,1,0
N,PROPERTY DAMAGE ONLY,\N,N,2021,FRIDAY,SINGLE VEHICLE,N,N,\N,\N,N,APRIL,N,VICTORIA,VICTORIA,\N,N,Y,N,VANCOUVER ISLAND,UNKNOWN,CEDAR HILL RD,CEDAR HILL RD,12:00-14:59,1,0
N,PROPERTY DAMAGE ONLY,\N,N,2021,FRIDAY,SINGLE VEHICLE,N,N,\N,\N,N,APRIL,N,WEST KELOWNA,WEST KELOWNA,\N,N,N,N,SOUTHERN INTERIOR,UNKNOWN,SADDLEBACK WAY,SADDLEBACK WAY,12:00-14:59,1,0
N,PROPERTY DAMAGE ONLY,\N,N,2021,FRIDAY,SINGLE VEHICLE,N,N,\N,\N,N,APRIL,N,WEST VANCOUVER,WEST VANCOUVER,\N,N,N,N,LOWER MAINLAND,UNKNOWN,HWY 1,HWY 1,12:00-14:59,1,0
N,PROPERTY DAMAGE ONLY,\N,N,2021,FRIDAY,SINGLE VEHICLE,N,N,\N,\N,N,APRIL,N,WHITE ROCK,WHITE ROCK,\N,N,Y,N,LOWER MAINLAND,UNKNOWN,JOHNSON RD,JOHNSON RD,12:00-14:59,1,0
N,PROPERTY DAMAGE ONLY,\N,N,2021,FRIDAY,SINGLE VEHICLE,N,N,\N,\N,N,APRIL,Y,BARRIERE,BARRIERE,\N,N,Y,N,SOUTHERN INTERIOR,UNKNOWN,UNKNOWN,UNKNOWN,12:00-14:59,1,0
N,PROPERTY DAMAGE ONLY,\N,N,2021,FRIDAY,SINGLE VEHICLE,N,N,\N,\N,N,APRIL,Y,COURTENAY,COURTENAY,\N,N,N,N,VANCOUVER ISLAND,UNKNOWN,Unknown,\N,12:00-14:59,1,0
N,PROPERTY DAMAGE ONLY,\N,N,2021,FRIDAY,SINGLE VEHICLE,N,N,48.412133,-123.537527,Y,APRIL,N,LANGFORD,LANGFORD,LANGFORD,N,N,N,VANCOUVER ISLAND,BELSIZE CLOSE # 003599 TO 003625,BELSIZE CLOSE,BELSIZE CLOSE,12:00-14:59,1,0
N,PROPERTY DAMAGE ONLY,\N,N,2021,FRIDAY,SINGLE VEHICLE,N,N,48.4619,-123.384008,Y,APRIL,N,SAANICH,SAANICH,SAANICH,N,N,N,VANCOUVER ISLAND,CAREY RD # 003850 TO 003869,CAREY RD,CAREY RD,12:00-14:59,1,0
N,PROPERTY DAMAGE ONLY,\N,N,2021,FRIDAY,SINGLE VEHICLE,N,N,48.523855,-123.511169,Y,APRIL,N,HIGHLANDS,HIGHLANDS,HIGHLANDS,N,N,N,VANCOUVER ISLAND,MILLSTREAM RD # 001192 TO 001249,MILLSTREAM RD,MILLSTREAM RD,12:00-14:59,1,0
N,PROPERTY DAMAGE ONLY,\N,N,2021,FRIDAY,SINGLE VEHICLE,N,N,48.777805,-123.698758,Y,APRIL,N,DUNCAN,DUNCAN,DUNCAN,N,N,N,VANCOUVER ISLAND,TRANS-CANADA HWY # 000300 TO 000398 even,HWY 1,HWY 1,12:00-14:59,1,0
N,PROPERTY DAMAGE ONLY,\N,N,2021,FRIDAY,SINGLE VEHICLE,N,N,49.032008,-123.082207,Y,APRIL,N,DELTA,DELTA,DELTA,N,Y,N,LOWER MAINLAND,SPRINGS BLVD # 005079 TO 005155,SPRINGS BLVD,SPRINGS BLVD,12:00-14:59,1,0
N,PROPERTY DAMAGE ONLY,\N,N,2021,FRIDAY,SINGLE VEHICLE,N,N,49.03286,-122.805571,Y,APRIL,N,SURREY,SURREY,SURREY,N,Y,N,LOWER MAINLAND,SOUTHMERE CRES # 001700 TO 001719,SOUTHMERE CRES,SOUTHMERE CRES,12:00-14:59,1,0
N,PROPERTY DAMAGE ONLY,\N,N,2021,FRIDAY,SINGLE VEHICLE,N,N,49.047724,-122.801229,Y,APRIL,N,SURREY,SURREY,SURREY,N,N,N,LOWER MAINLAND,152 ST # 002500 TO 002531,152 ST,152 ST,12:00-14:59,1,0
N,PROPERTY DAMAGE ONLY,\N,N,2021,FRIDAY,SINGLE VEHICLE,N,N,49.050778,-122.308714,Y,APRIL,N,ABBOTSFORD,ABBOTSFORD,ABBOTSFORD,N,Y,N,LOWER MAINLAND,SOUTH FRASER WAY # 032980 TO 033079,SOUTH FRASER WAY,SOUTH FRASER WAY,12:00-14:59,1,0
N,PROPERTY DAMAGE ONLY,\N,N,2021,FRIDAY,SINGLE VEHICLE,N,N,49.055831,-122.316673,Y,APRIL,N,ABBOTSFORD,ABBOTSFORD,ABBOTSFORD,N,Y,N,LOWER MAINLAND,DAHLSTROM PL # 002900 TO 002979,DAHLSTROM PL,DAHLSTROM PL,12:00-14:59,1,0
N,PROPERTY DAMAGE ONLY,\N,N,2021,FRIDAY,SINGLE VEHICLE,N,N,49.104409,-122.774346,Y,APRIL,N,SURREY,SURREY,SURREY,N,Y,N,LOWER MAINLAND,56 AVE # 016000 TO 016354 even,HWY 10,HWY 10,12:00-14:59,1,0
N,PROPERTY DAMAGE ONLY,\N,N,2021,FRIDAY,SINGLE VEHICLE,N,N,49.104635,-122.734955,Y,APRIL,N,SURREY,SURREY,SURREY,N,Y,N,LOWER MAINLAND,176 ST # 005600 TO 005649,176 ST,176 ST,12:00-14:59,1,0
N,PROPERTY DAMAGE ONLY,\N,N,2021,FRIDAY,SINGLE VEHICLE,N,N,49.10601,-122.66229,Y,APRIL,N,LANGLEY,LANGLEY,LANGLEY,N,N,N,LOWER MAINLAND,FRASER HWY # 020151 TO 020299,FRASER HWY,FRASER HWY,12:00-14:59,1,0
N,PROPERTY DAMAGE ONLY,\N,N,2021,FRIDAY,SINGLE VEHICLE,N,N,49.110709,-122.677827,Y,APRIL,N,LANGLEY,LANGLEY,LANGLEY,Y,N,N,LOWER MAINLAND,LANGLEY BYPASS # 019600 TO 019798 even,LANGLEY BYPASS,LANGLEY BYPASS,12:00-14:59,1,0
N,PROPERTY DAMAGE ONLY,\N,N,2021,FRIDAY,SINGLE VEHICLE,N,N,49.127033,-122.702387,Y,APRIL,N,SURREY,SURREY,SURREY,N,N,N,LOWER MAINLAND,68A AVE # 018750 TO 018778,68A AVE,68A AVE,12:00-14:59,1,0
N,PROPERTY DAMAGE ONLY,\N,N,2021,FRIDAY,SINGLE VEHICLE,N,N,49.129635,-122.89029,Y,APRIL,N,SURREY,SURREY,SURREY,N,Y,N,LOWER MAINLAND,120 ST # 006950 TO 006998 even,120 ST,120 ST,12:00-14:59,1,0
N,PROPERTY DAMAGE ONLY,\N,N,2021,FRIDAY,SINGLE VEHICLE,N,N,49.133321,-123.094652,Y,APRIL,N,RICHMOND,RICHMOND,RICHMOND,N,Y,N,LOWER MAINLAND,STEVESTON HWY # 011518 TO 012000 even,STEVESTON HWY,STEVESTON HWY,12:00-14:59,1,0
N,PROPERTY DAMAGE ONLY,\N,N,2021,FRIDAY,SINGLE VEHICLE,N,N,49.134854,-122.324339,Y,APRIL,N,MISSION,MISSION,MISSION,N,N,N,LOWER MAINLAND,FRASER CRES # 032470 TO 032539,FRASER CRES,FRASER CRES,12:00-14:59,1,0
N,PROPERTY DAMAGE ONLY,\N,N,2021,FRIDAY,SINGLE VEHICLE,N,N,49.135327,-122.306287,Y,APRIL,N,MISSION,MISSION,MISSION,N,Y,N,LOWER MAINLAND,2ND AVE # 033100 TO 033169,2ND AVE,2ND AVE,12:00-14:59,1,0
N,PROPERTY DAMAGE ONLY,\N,N,2021,FRIDAY,SINGLE VEHICLE,N,N,49.148175,-122.859526,Y,APRIL,N,SURREY,SURREY,SURREY,N,Y,N,LOWER MAINLAND,80 AVE # 013000 TO 013199,80 AVE,80 AVE,12:00-14:59,1,0
N,PROPERTY DAMAGE ONLY,\N,N,2021,FRIDAY,SINGLE VEHICLE,N,N,49.148517,-122.88568,Y,APRIL,N,SURREY,SURREY,SURREY,N,N,N,LOWER MAINLAND,80 AVE # 012100 TO 012199,80 AVE,80 AVE,12:00-14:59,1,0
N,PROPERTY DAMAGE ONLY,\N,N,2021,FRIDAY,SINGLE VEHICLE,N,N,49.153648,-122.946318,Y,APRIL,N,DELTA,DELTA,DELTA,N,N,N,LOWER MAINLAND,RIVER RD # 009924 TO 010025,RIVER RD,RIVER RD,12:00-14:59,1,0
N,PROPERTY DAMAGE ONLY,\N,N,2021,FRIDAY,SINGLE VEHICLE,N,N,49.165401,-119.546334,Y,APRIL,N,OLIVER,OLIVER,OLIVER,N,N,N,SOUTHERN INTERIOR,SAWMILL RD # 005600 TO 005699,SAWMILL RD,SAWMILL RD,12:00-14:59,1,0
N,PROPERTY DAMAGE ONLY,\N,N,2021,FRIDAY,SINGLE VEHICLE,N,N,49.16717,-123.141196,Y,APRIL,N,RICHMOND,RICHMOND,RICHMOND,N,N,N,LOWER MAINLAND,MURDOCH AVE # 007333 TO 007399 odd,MURDOCH AVE,MURDOCH AVE,12:00-14:59,1,0
N,PROPERTY DAMAGE ONLY,\N,N,2021,FRIDAY,SINGLE VEHICLE,N,N,49.180343,-123.120511,Y,APRIL,N,RICHMOND,RICHMOND,RICHMOND,N,Y,N,LOWER MAINLAND,TOMICKI AVE # 009198 TO 009400,TOMICKI AVE,TOMICKI AVE,12:00-14:59,1,0
N,PROPERTY DAMAGE ONLY,\N,N,2021,FRIDAY,SINGLE VEHICLE,N,N,49.183037,-123.954529,Y,APRIL,N,NANAIMO,NANAIMO,NANAIMO,N,Y,N,VANCOUVER ISLAND,TERMINAL AVE N # 001150 TO 001198 even,TERMINAL AVE N,TERMINAL AVE N,12:00-14:59,1,0
N,PROPERTY DAMAGE ONLY,\N,N,2021,FRIDAY,SINGLE VEHICLE,N,N,49.186102,-123.130149,Y,APRIL,N,RICHMOND,RICHMOND,RICHMOND,N,N,N,LOWER MAINLAND,BROWN RD # 003331 TO 003333 odd,BROWN RD,BROWN RD,12:00-14:59,1,0
N,PROPERTY DAMAGE ONLY,\N,N,2021,FRIDAY,SINGLE VEHICLE,N,N,49.189021,-123.126501,Y,APRIL,N,RICHMOND,RICHMOND,RICHMOND,N,Y,N,LOWER MAINLAND,KETCHESON RD # 003300 TO 003329,KETCHESON RD,KETCHESON RD,12:00-14:59,1,0
N,PROPERTY DAMAGE ONLY,\N,N,2021,FRIDAY,SINGLE VEHICLE,N,N,49.209154,-122.927753,Y,APRIL,N,NEW WESTMINSTER,NEW WESTMINSTER,NEW WESTMINSTER,N,N,N,LOWER MAINLAND,SIXTH AVE # 001000 TO 001073,SIXTH AVE,SIXTH AVE,12:00-14:59,1,0
N,PROPERTY DAMAGE ONLY,\N,N,2021,FRIDAY,SINGLE VEHICLE,N,N,49.219514,-122.954894,Y,APRIL,N,BURNABY,BURNABY,BURNABY,N,Y,N,LOWER MAINLAND,HALL AVE # 007052 TO 007099,HALL AVE,HALL AVE,12:00-14:59,1,0
N,PROPERTY DAMAGE ONLY,\N,N,2021,FRIDAY,SINGLE VEHICLE,N,N,49.220656,-122.951957,Y,APRIL,N,BURNABY,BURNABY,BURNABY,N,Y,N,LOWER MAINLAND,LINDEN AVE # 006900 TO 007199,LINDEN AVE,LINDEN AVE,12:00-14:59,1,0
N,PROPERTY DAMAGE ONLY,\N,N,2021,FRIDAY,SINGLE VEHICLE,N,N,49.221915,-122.987899,Y,APRIL,N,BURNABY,BURNABY,BURNABY,N,Y,N,LOWER MAINLAND,IMPERIAL ST # 005200 TO 005299,IMPERIAL ST,IMPERIAL ST,12:00-14:59,1,0
N,PROPERTY DAMAGE ONLY,\N,N,2021,FRIDAY,SINGLE VEHICLE,N,N,49.229073,-123.001389,Y,APRIL,N,BURNABY,BURNABY,BURNABY,N,Y,N,LOWER MAINLAND,KINGSWAY # 004632 TO 004650,KINGSWAY,KINGSWAY,12:00-14:59,1,0
N,PROPERTY DAMAGE ONLY,\N,N,2021,FRIDAY,SINGLE VEHICLE,N,N,49.229274,-124.04357,Y,APRIL,N,NANAIMO,NANAIMO,NANAIMO,N,N,N,VANCOUVER ISLAND,METRAL DR # 006300 TO 006325,METRAL DR,METRAL DR,12:00-14:59,1,0
N,PROPERTY DAMAGE ONLY,\N,N,2021,FRIDAY,SINGLE VEHICLE,N,N,49.238641,-124.039118,Y,APRIL,N,NANAIMO,NANAIMO,NANAIMO,N,Y,N,VANCOUVER ISLAND,MCROBB AVE # 006300 TO 006310,MCROBB AVE,MCROBB AVE,12:00-14:59,1,0
N,PROPERTY DAMAGE ONLY,\N,N,2021,FRIDAY,SINGLE VEHICLE,N,N,49.240882,-122.856971,Y,APRIL,N,COQUITLAM,COQUITLAM,COQUITLAM,N,N,N,LOWER MAINLAND,LAVAL SQ # 000828 TO 001306 even,LAVAL SQ,LAVAL SQ,12:00-14:59,1,0
N,PROPERTY DAMAGE ONLY,\N,N,2021,FRIDAY,SINGLE VEHICLE,N,N,49.24244,-122.854843,Y,APRIL,N,COQUITLAM,COQUITLAM,COQUITLAM,N,Y,N,LOWER MAINLAND,CASEY ST # 000320 TO 000329,CASEY ST,CASEY ST,12:00-14:59,1,0
N,PROPERTY DAMAGE ONLY,\N,N,2021,FRIDAY,SINGLE VEHICLE,N,N,49.248982,-122.860071,Y,APRIL,N,COQUITLAM,COQUITLAM,COQUITLAM,N,Y,N,LOWER MAINLAND,AUSTIN AVE # 001100 TO 001299,AUSTIN AVE,AUSTIN AVE,12:00-14:59,1,0
N,PROPERTY DAMAGE ONLY,\N,N,2021,FRIDAY,SINGLE VEHICLE,N,N,49.2491,-122.895415,Y,APRIL,N,BURNABY,BURNABY,BURNABY,N,Y,N,LOWER MAINLAND,AUSTIN RD # 009855 TO 009865 odd,AUSTIN RD,AUSTIN RD,12:00-14:59,1,0
N,PROPERTY DAMAGE ONLY,\N,N,2021,FRIDAY,SINGLE VEHICLE,N,N,49.255485,-122.742182,Y,APRIL,N,PORT COQUITLAM,PORT COQUITLAM,PORT COQUITLAM,N,Y,N,LOWER MAINLAND,NICOLA AVE # 000900 TO 001095,NICOLA AVE,NICOLA AVE,12:00-14:59,1,0
N,PROPERTY DAMAGE ONLY,\N,N,2021,FRIDAY,SINGLE VEHICLE,N,N,49.260281,-123.106009,Y,APRIL,N,VANCOUVER,VANCOUVER,VANCOUVER,N,Y,N,LOWER MAINLAND,W 12TH AVE # 000000 TO 000099,W 12TH AVE,W 12TH AVE,12:00-14:59,1,0
N,PROPERTY DAMAGE ONLY,\N,N,2021,FRIDAY,SINGLE VEHICLE,N,N,49.261768000000004,-123.098463,Y,APRIL,N,VANCOUVER,VANCOUVER,VANCOUVER,N,N,N,LOWER MAINLAND,KINGSWAY # 000200 TO 000248,KINGSWAY,KINGSWAY,12:00-14:59,1,0
N,PROPERTY DAMAGE ONLY,\N,N,2021,FRIDAY,SINGLE VEHICLE,N,N,49.263025999999996,-122.916864,Y,APRIL,N,BURNABY,BURNABY,BURNABY,N,N,N,LOWER MAINLAND,WOODRIDGE PL # 008550 TO 008599,WOODRIDGE PL,WOODRIDGE PL,12:00-14:59,1,0
N,PROPERTY DAMAGE ONLY,\N,N,2021,FRIDAY,SINGLE VEHICLE,N,N,49.263387,-123.125397,Y,APRIL,N,VANCOUVER,VANCOUVER,VANCOUVER,N,Y,N,LOWER MAINLAND,W BROADWAY # 000900 TO 000999,W BROADWAY,W BROADWAY,12:00-14:59,1,0
N,PROPERTY DAMAGE ONLY,\N,N,2021,FRIDAY,SINGLE VEHICLE,N,N,49.267802,-123.070917,Y,APRIL,N,VANCOUVER,VANCOUVER,VANCOUVER,N,N,N,LOWER MAINLAND,E 3RD AVE # 001600 TO 001673,E 3RD AVE,E 3RD AVE,12:00-14:59,1,0
N,PROPERTY DAMAGE ONLY,\N,N,2021,FRIDAY,SINGLE VEHICLE,N,N,49.268169,-123.156321,Y,APRIL,N,VANCOUVER,VANCOUVER,VANCOUVER,N,Y,N,LOWER MAINLAND,W 4TH AVE # 002200 TO 002299,W 4TH AVE,W 4TH AVE,12:00-14:59,1,0
N,PROPERTY DAMAGE ONLY,\N,N,2021,FRIDAY,SINGLE VEHICLE,N,N,49.271856,-124.275537,Y,APRIL,N,NANOOSE BAY,NANOOSE BAY,NANOOSE BAY,N,N,N,VANCOUVER ISLAND,PETERSON RD # 002400 TO 002449,PETERSON RD,PETERSON RD,12:00-14:59,1,0
N,PROPERTY DAMAGE ONLY,\N,N,2021,FRIDAY,SINGLE VEHICLE,N,N,49.273209,-124.832622,Y,APRIL,N,PORT ALBERNI,PORT ALBERNI,PORT ALBERNI,N,Y,N,VANCOUVER ISLAND,PIERCE RD # 005600 TO 005719,PIERCE RD,PIERCE RD,12:00-14:59,1,0
N,PROPERTY DAMAGE ONLY,\N,N,2021,FRIDAY,SINGLE VEHICLE,N,N,49.274694,-123.075899,Y,APRIL,N,VANCOUVER,VANCOUVER,VANCOUVER,N,Y,N,LOWER MAINLAND,ODLUM DR # 001100 TO 001149,ODLUM DR,ODLUM DR,12:00-14:59,1,0
N,PROPERTY DAMAGE ONLY,\N,N,2021,FRIDAY,SINGLE VEHICLE,N,N,49.275706,-122.880738,Y,APRIL,N,PORT MOODY,PORT MOODY,PORT MOODY,N,Y,N,LOWER MAINLAND,GLENAYRE DR # 001000 TO 001099,GLENAYRE DR,GLENAYRE DR,12:00-14:59,1,0
N,PROPERTY DAMAGE ONLY,\N,N,2021,FRIDAY,SINGLE VEHICLE,N,N,49.279862,-122.828356,Y,APRIL,N,PORT MOODY,PORT MOODY,PORT MOODY,N,Y,N,LOWER MAINLAND,BREW ST # 000100 TO 000199,BREW ST,BREW ST,12:00-14:59,1,0
N,PROPERTY DAMAGE ONLY,\N,N,2021,FRIDAY,SINGLE VEHICLE,N,N,49.280184,-123.119605,Y,APRIL,N,VANCOUVER,VANCOUVER,VANCOUVER,N,N,N,LOWER MAINLAND,SEYMOUR ST # 000800 TO 000899,SEYMOUR ST,SEYMOUR ST,12:00-14:59,1,0
N,PROPERTY DAMAGE ONLY,\N,N,2021,FRIDAY,SINGLE VEHICLE,N,N,49.282572,-123.123891,Y,APRIL,N,VANCOUVER,VANCOUVER,VANCOUVER,N,Y,N,LOWER MAINLAND,BURRARD ST # 000834 TO 000899,BURRARD ST,BURRARD ST,12:00-14:59,1,0
N,PROPERTY DAMAGE ONLY,\N,N,2021,FRIDAY,SINGLE VEHICLE,N,N,49.284038,-122.794528,Y,APRIL,N,COQUITLAM,COQUITLAM,COQUITLAM,N,Y,N,LOWER MAINLAND,BURLINGTON DR # 002980 TO 003009,BURLINGTON DR,BURLINGTON DR,12:00-14:59,1,0
N,PROPERTY DAMAGE ONLY,\N,N,2021,FRIDAY,SINGLE VEHICLE,N,N,49.284739,-122.798088,Y,APRIL,N,COQUITLAM,COQUITLAM,COQUITLAM,N,Y,N,LOWER MAINLAND,PACIFIC ST # 001200 TO 001219,PACIFIC ST,PACIFIC ST,12:00-14:59,1,0
N,PROPERTY DAMAGE ONLY,\N,N,2021,FRIDAY,SINGLE VEHICLE,N,N,49.288161,-123.128165,Y,APRIL,N,VANCOUVER,VANCOUVER,VANCOUVER,N,Y,N,LOWER MAINLAND,ALBERNI ST # 001300 TO 001399,ALBERNI ST,ALBERNI ST,12:00-14:59,1,0
N,PROPERTY DAMAGE ONLY,\N,N,2021,FRIDAY,SINGLE VEHICLE,N,N,49.291824,-123.129933,Y,APRIL,N,VANCOUVER,VANCOUVER,VANCOUVER,N,N,N,LOWER MAINLAND,BAYSHORE DR # 001600 TO 001639,BAYSHORE DR,BAYSHORE DR,12:00-14:59,1,0
N,PROPERTY DAMAGE ONLY,\N,N,2021,FRIDAY,SINGLE VEHICLE,N,N,49.305268,-123.016496,Y,APRIL,N,NORTH VANCOUVER,NORTH VANCOUVER,NORTH VANCOUVER,N,Y,N,LOWER MAINLAND,DOLLARTON HWY # 002000 TO 002198 even,DOLLARTON HWY,DOLLARTON HWY,12:00-14:59,1,0
N,PROPERTY DAMAGE ONLY,\N,N,2021,FRIDAY,SINGLE VEHICLE,N,N,49.312754,-123.083358,Y,APRIL,N,NORTH VANCOUVER,NORTH VANCOUVER,NORTH VANCOUVER,N,Y,N,LOWER MAINLAND,W ESPLANADE # 000200 TO 000249,W ESPLANADE,W ESPLANADE,12:00-14:59,1,0
N,PROPERTY DAMAGE ONLY,\N,N,2021,FRIDAY,SINGLE VEHICLE,N,N,49.319815,-123.105038,Y,APRIL,N,NORTH VANCOUVER,NORTH VANCOUVER,NORTH VANCOUVER,N,Y,N,LOWER MAINLAND,LLOYD AVE # 000240 TO 000299,LLOYD AVE,LLOYD AVE,12:00-14:59,1,0
N,PROPERTY DAMAGE ONLY,\N,N,2021,FRIDAY,SINGLE VEHICLE,N,N,49.320965,-123.091337,Y,APRIL,N,NORTH VANCOUVER,NORTH VANCOUVER,NORTH VANCOUVER,N,N,N,LOWER MAINLAND,BEWICKE AVE # 000326 TO 000351,BEWICKE AVE,BEWICKE AVE,12:00-14:59,1,0
N,PROPERTY DAMAGE ONLY,\N,N,2021,FRIDAY,SINGLE VEHICLE,N,N,49.324129,-123.121652,Y,APRIL,N,NORTH VANCOUVER,NORTH VANCOUVER,NORTH VANCOUVER,Y,Y,N,LOWER MAINLAND,MARINE DR # 001960 TO 001998 even,MARINE DR,MARINE DR,12:00-14:59,1,0
N,PROPERTY DAMAGE ONLY,\N,N,2021,FRIDAY,SINGLE VEHICLE,N,N,49.380307,-121.426874,Y,APRIL,N,HOPE,HOPE,HOPE,N,Y,N,LOWER MAINLAND,KAWKAWA LAKE RD # 000700 TO 000817,KAWKAWA LAKE RD,KAWKAWA LAKE RD,12:00-14:59,1,0
N,PROPERTY DAMAGE ONLY,\N,N,2021,FRIDAY,SINGLE VEHICLE,N,N,49.420287,-123.579694,Y,APRIL,N,ROBERTS CREEK,ROBERTS CREEK,ROBERTS CREEK,N,N,N,LOWER MAINLAND,PIXTON RD # 001920 TO 002105,PIXTON RD,PIXTON RD,12:00-14:59,1,0
N,PROPERTY DAMAGE ONLY,\N,N,2021,FRIDAY,SINGLE VEHICLE,N,N,49.471409,-119.587838,Y,APRIL,Y,PENTICTON,PENTICTON,PENTICTON,Y,Y,N,SOUTHERN INTERIOR,KINNEY AVE # 000100 TO 000249,KINNEY AVE,KINNEY AVE,12:00-14:59,1,0
N,PROPERTY DAMAGE ONLY,\N,N,2021,FRIDAY,SINGLE VEHICLE,N,N,49.551058,-117.690889,Y,APRIL,N,PASSMORE,PASSMORE,PASSMORE,N,N,N,SOUTHERN INTERIOR,PASSMORE UPPER RD # 004250 TO 004271,PASSMORE UPPER RD,PASSMORE UPPER RD,12:00-14:59,1,0
N,PROPERTY DAMAGE ONLY,\N,N,2021,FRIDAY,SINGLE VEHICLE,N,N,49.678632,-125.005964,Y,APRIL,N,COURTENAY,COURTENAY,COURTENAY,N,Y,N,VANCOUVER ISLAND,WILLEMAR AVE # 001400 TO 001599,WILLEMAR AVE,WILLEMAR AVE,12:00-14:59,1,0
N,PROPERTY DAMAGE ONLY,\N,N,2021,FRIDAY,SINGLE VEHICLE,N,N,49.693975,-124.999351,Y,APRIL,N,COURTENAY,COURTENAY,COURTENAY,N,N,N,VANCOUVER ISLAND,CLIFFE AVE # 000100 TO 000199,CLIFFE AVE,CLIFFE AVE,12:00-14:59,1,0
N,PROPERTY DAMAGE ONLY,\N,N,2021,FRIDAY,SINGLE VEHICLE,N,N,49.740792,-123.136472,Y,APRIL,N,SQUAMISH,SQUAMISH,SQUAMISH,N,Y,N,LOWER MAINLAND,GARIBALDI WAY # 001800 TO 001899,GARIBALDI WAY,GARIBALDI WAY,12:00-14:59,1,0
N,PROPERTY DAMAGE ONLY,\N,N,2021,FRIDAY,SINGLE VEHICLE,N,N,49.799022,-119.481079,Y,APRIL,N,KELOWNA,KELOWNA,KELOWNA,N,N,N,SOUTHERN INTERIOR,CROZIER AVE # 000720 TO 000819,CROZIER AVE,CROZIER AVE,12:00-14:59,1,0
N,PROPERTY DAMAGE ONLY,\N,N,2021,FRIDAY,SINGLE VEHICLE,N,N,49.881803,-119.439105,Y,APRIL,N,KELOWNA,KELOWNA,KELOWNA,N,Y,N,SOUTHERN INTERIOR,HARVEY AVE # 002121 TO 002279 odd,HARVEY AVE,HARVEY AVE,12:00-14:59,1,0
N,PROPERTY DAMAGE ONLY,\N,N,2021,FRIDAY,SINGLE VEHICLE,N,N,49.888987,-119.492667,Y,APRIL,N,KELOWNA,KELOWNA,KELOWNA,N,Y,N,SOUTHERN INTERIOR,DOYLE AVE # 000500 TO 000549,DOYLE AVE,DOYLE AVE,12:00-14:59,1,0
N,PROPERTY DAMAGE ONLY,\N,N,2021,FRIDAY,SINGLE VEHICLE,N,N,49.890769,-119.395647,Y,APRIL,N,KELOWNA,KELOWNA,KELOWNA,N,Y,N,SOUTHERN INTERIOR,AURORA CRES # 000100 TO 000299,AURORA CRES,AURORA CRES,12:00-14:59,1,0
N,PROPERTY DAMAGE ONLY,\N,N,2021,FRIDAY,SINGLE VEHICLE,N,N,49.918191,-119.404406,Y,APRIL,N,KELOWNA,KELOWNA,KELOWNA,Y,Y,N,SOUTHERN INTERIOR,SEXSMITH RD # 002960 TO 003059,SEXSMITH RD,SEXSMITH RD,12:00-14:59,1,0
N,PROPERTY DAMAGE ONLY,\N,N,2021,FRIDAY,SINGLE VEHICLE,N,N,50.03656,-125.285168,Y,APRIL,N,CAMPBELL RIVER,CAMPBELL RIVER,CAMPBELL RIVER,N,N,N,VANCOUVER ISLAND,CAMPBELL RIVER RD # 002400 TO 002499,CAMPBELL RIVER RD,CAMPBELL RIVER RD,12:00-14:59,1,0
N,PROPERTY DAMAGE ONLY,\N,N,2021,FRIDAY,SINGLE VEHICLE,N,N,50.217104,-119.267312,Y,APRIL,N,COLDSTREAM,COLDSTREAM,COLDSTREAM,N,N,N,SOUTHERN INTERIOR,KINLOCH DR # 012500 TO 013085,KINLOCH DR,KINLOCH DR,12:00-14:59,1,0
N,PROPERTY DAMAGE ONLY,\N,N,2021,FRIDAY,SINGLE VEHICLE,N,N,50.239176,-117.80471,Y,APRIL,N,NAKUSP,NAKUSP,NAKUSP,Y,Y,N,SOUTHERN INTERIOR,BROADWAY ST W # 000500 TO 000599,BROADWAY ST W,BROADWAY ST W,12:00-14:59,1,0
N,PROPERTY DAMAGE ONLY,\N,N,2021,FRIDAY,SINGLE VEHICLE,N,N,50.655345,-120.388074,Y,APRIL,N,KAMLOOPS,KAMLOOPS,KAMLOOPS,Y,Y,N,SOUTHERN INTERIOR,VERSATILE DR # 001600 TO 001699,VERSATILE DR,VERSATILE DR,12:00-14:59,1,0
N,PROPERTY DAMAGE ONLY,\N,N,2021,FRIDAY,SINGLE VEHICLE,N,N,50.661407,-120.350536,Y,APRIL,N,KAMLOOPS,KAMLOOPS,KAMLOOPS,N,N,N,SOUTHERN INTERIOR,SPRINGHILL DR # 001490 TO 001578,SPRINGHILL DR,SPRINGHILL DR,12:00-14:59,1,0
N,PROPERTY DAMAGE ONLY,\N,N,2021,FRIDAY,SINGLE VEHICLE,N,N,52.915695,-122.340956,Y,APRIL,N,QUESNEL,QUESNEL,QUESNEL,N,N,N,NORTH CENTRAL,QUESNEL-HYDRAULIC RD # 004586 TO 004589,QUESNEL-HYDRAULIC RD,QUESNEL-HYDRAULIC RD,12:00-14:59,1,0
N,PROPERTY DAMAGE ONLY,\N,N,2021,FRIDAY,SINGLE VEHICLE,N,N,53.868558,-122.768813,Y,APRIL,N,PRINCE GEORGE,PRINCE GEORGE,PRINCE GEORGE,N,Y,N,NORTH CENTRAL,MCGRATH PL # 005620 TO 005648 even,MCGRATH PL,MCGRATH PL,12:00-14:59,1,0
N,PROPERTY DAMAGE ONLY,\N,N,2021,FRIDAY,SINGLE VEHICLE,N,N,53.905444,-122.761379,Y,APRIL,N,PRINCE GEORGE,PRINCE GEORGE,PRINCE GEORGE,N,N,N,NORTH CENTRAL,20TH AVE # 001800 TO 001898 even,20TH AVE,20TH AVE,12:00-14:59,1,0
N,PROPERTY DAMAGE ONLY,\N,N,2021,FRIDAY,SINGLE VEHICLE,N,N,53.912078,-122.815343,Y,APRIL,N,PRINCE GEORGE,PRINCE GEORGE,PRINCE GEORGE,Y,Y,N,NORTH CENTRAL,CASCADE AVE # 004510 TO 004599,CASCADE AVE,CASCADE AVE,12:00-14:59,1,0
N,PROPERTY DAMAGE ONLY,\N,N,2021,FRIDAY,SINGLE VEHICLE,Y,N,\N,\N,N,APRIL,N,ALEXANDRIA,ALEXANDRIA,\N,N,N,N,NORTH CENTRAL,UNKNOWN,FRIDLINGTON RD,FRIDLINGTON RD,12:00-14:59,1,0
N,PROPERTY DAMAGE ONLY,\N,N,2021,FRIDAY,SINGLE VEHICLE,Y,N,\N,\N,N,APRIL,N,VICTORIA,VICTORIA,\N,N,N,N,VANCOUVER ISLAND,UNKNOWN,SHELLBOURNE STREET,SHELLBOURNE STREET,12:00-14:59,1,0
N,PROPERTY DAMAGE ONLY,\N,N,2021,FRIDAY,SINGLE VEHICLE,Y,N,\N,\N,N,APRIL,N,VICTORIA,VICTORIA,\N,N,Y,N,VANCOUVER ISLAND,UNKNOWN,BURNSIDE RD W,BURNSIDE RD W,12:00-14:59,1,0
N,PROPERTY DAMAGE ONLY,\N,N,2021,FRIDAY,SINGLE VEHICLE,Y,N,48.650633,-123.410929,Y,APRIL,N,SIDNEY,SIDNEY,SIDNEY,N,N,N,VANCOUVER ISLAND,SKYLARK LANE # 002090 TO 002169,SKYLARK LANE,SKYLARK LANE,12:00-14:59,1,0
N,PROPERTY DAMAGE ONLY,\N,N,2021,FRIDAY,SINGLE VEHICLE,Y,N,49.01659,-122.331955,Y,APRIL,N,ABBOTSFORD,ABBOTSFORD,ABBOTSFORD,N,Y,N,LOWER MAINLAND,HUNTINGDON RD # 032000 TO 032399,HUNTINGDON RD,HUNTINGDON RD,12:00-14:59,1,0
N,PROPERTY DAMAGE ONLY,\N,N,2021,FRIDAY,SINGLE VEHICLE,Y,N,49.036561,-122.80234,Y,APRIL,N,SURREY,SURREY,SURREY,N,Y,N,LOWER MAINLAND,19 AVE # 015120 TO 015199,19 AVE,19 AVE,12:00-14:59,1,0
N,PROPERTY DAMAGE ONLY,\N,N,2021,FRIDAY,SINGLE VEHICLE,Y,N,49.116061,-122.649058,Y,APRIL,N,LANGLEY,LANGLEY,LANGLEY,N,N,N,LOWER MAINLAND,MUFFORD CRES # 020624 TO 020749,MUFFORD CRES,MUFFORD CRES,12:00-14:59,1,0
N,PROPERTY DAMAGE ONLY,\N,N,2021,FRIDAY,SINGLE VEHICLE,Y,N,49.180207,-122.672406,Y,APRIL,N,LANGLEY,LANGLEY,LANGLEY,N,Y,N,LOWER MAINLAND,198B ST # 009720 TO 009818 even,198B ST,198B ST,12:00-14:59,1,0
N,PROPERTY DAMAGE ONLY,\N,N,2021,FRIDAY,SINGLE VEHICLE,Y,N,49.27042,-123.086369,Y,APRIL,N,VANCOUVER,VANCOUVER,VANCOUVER,N,Y,N,LOWER MAINLAND,TERMINAL AVE # 000750 TO 000838 even,TERMINAL AVE,TERMINAL AVE,12:00-14:59,1,0
N,PROPERTY DAMAGE ONLY,\N,N,2021,FRIDAY,SINGLE VEHICLE,Y,N,49.271504,-123.079183,Y,APRIL,N,VANCOUVER,VANCOUVER,VANCOUVER,N,N,N,LOWER MAINLAND,GRANT ST # 001100 TO 001199,GRANT ST,GRANT ST,12:00-14:59,1,0
N,PROPERTY DAMAGE ONLY,\N,N,2021,FRIDAY,SINGLE VEHICLE,Y,N,49.277063,-122.800243,Y,APRIL,N,COQUITLAM,COQUITLAM,COQUITLAM,N,Y,N,LOWER MAINLAND,BARNET HWY # 002901 TO 002929 odd,BARNET HWY,BARNET HWY,12:00-14:59,1,0
N,PROPERTY DAMAGE ONLY,\N,N,2021,FRIDAY,SINGLE VEHICLE,Y,N,50.811742,-121.318606,Y,APRIL,N,CACHE CREEK,CACHE CREEK,CACHE CREEK,N,Y,N,SOUTHERN INTERIOR,TRANS-CANADA HWY # 001200 TO 001509,HWY 1,HWY 1,12:00-14:59,1,0
N,PROPERTY DAMAGE ONLY,\N,N,2021,FRIDAY,UNDETERMINED,N,N,\N,\N,N,APRIL,N,ABBOTSFORD,ABBOTSFORD,\N,Y,Y,N,LOWER MAINLAND,UNKNOWN,ATKINSON RD,ATKINSON RD,12:00-14:59,1,0
N,PROPERTY DAMAGE ONLY,\N,N,2021,FRIDAY,UNDETERMINED,N,N,\N,\N,N,APRIL,N,ABBOTSFORD,ABBOTSFORD,\N,Y,Y,N,LOWER MAINLAND,UNKNOWN,FRASER HWY,FRASER HWY,12:00-14:59,1,0
N,PROPERTY DAMAGE ONLY,\N,N,2021,FRIDAY,UNDETERMINED,N,N,\N,\N,N,APRIL,N,CHILLIWACK,CHILLIWACK,\N,N,N,N,LOWER MAINLAND,UNKNOWN,HWY 1,HWY 1,12:00-14:59,1,0
N,PROPERTY DAMAGE ONLY,\N,N,2021,FRIDAY,UNDETERMINED,N,N,\N,\N,N,APRIL,N,COQUITLAM,COQUITLAM,\N,N,N,N,LOWER MAINLAND,UNKNOWN,UNKNOWN,UNKNOWN,12:00-14:59,1,0
N,PROPERTY DAMAGE ONLY,\N,N,2021,FRIDAY,UNDETERMINED,N,N,\N,\N,N,APRIL,N,CUMBERLAND,CUMBERLAND,\N,Y,N,N,VANCOUVER ISLAND,UNKNOWN,2 ST,2 ST,12:00-14:59,1,0
N,PROPERTY DAMAGE ONLY,\N,N,2021,FRIDAY,UNDETERMINED,N,N,\N,\N,N,APRIL,N,HARRISON HOT SPRINGS,HARRISON HOT SPRINGS,\N,Y,N,N,LOWER MAINLAND,UNKNOWN,NAISMITH AVE,NAISMITH AVE,12:00-14:59,1,0
N,PROPERTY DAMAGE ONLY,\N,N,2021,FRIDAY,UNDETERMINED,N,N,\N,\N,N,APRIL,N,KAMLOOPS,KAMLOOPS,\N,N,N,N,SOUTHERN INTERIOR,UNKNOWN,HWY 5,HWY 5,12:00-14:59,1,0
N,PROPERTY DAMAGE ONLY,\N,N,2021,FRIDAY,UNDETERMINED,N,N,\N,\N,N,APRIL,N,KELOWNA,KELOWNA,\N,Y,N,N,SOUTHERN INTERIOR,UNKNOWN,BERARD RD,BERARD RD,12:00-14:59,1,0
N,PROPERTY DAMAGE ONLY,\N,N,2021,FRIDAY,UNDETERMINED,N,N,\N,\N,N,APRIL,N,LANGLEY,LANGLEY,\N,Y,N,N,LOWER MAINLAND,UNKNOWN,64 AVE,64 AVE,12:00-14:59,1,0
N,PROPERTY DAMAGE ONLY,\N,N,2021,FRIDAY,UNDETERMINED,N,N,\N,\N,N,APRIL,N,NANAIMO,NANAIMO,\N,N,N,N,VANCOUVER ISLAND,UNKNOWN,ISLAND HWY N,ISLAND HWY N,12:00-14:59,1,0
N,PROPERTY DAMAGE ONLY,\N,N,2021,FRIDAY,UNDETERMINED,N,N,\N,\N,N,APRIL,N,NEW WESTMINSTER,NEW WESTMINSTER,\N,N,N,N,LOWER MAINLAND,UNKNOWN,ST PATRICK ST,ST PATRICK ST,12:00-14:59,1,0
N,PROPERTY DAMAGE ONLY,\N,N,2021,FRIDAY,UNDETERMINED,N,N,\N,\N,N,APRIL,N,NORTH VANCOUVER,NORTH VANCOUVER,\N,N,N,N,LOWER MAINLAND,UNKNOWN,MT SEYMOUR PKY,MT SEYMOUR PKY,12:00-14:59,1,0
N,PROPERTY DAMAGE ONLY,\N,N,2021,FRIDAY,UNDETERMINED,N,N,\N,\N,N,APRIL,N,NORTH VANCOUVER,NORTH VANCOUVER,\N,Y,N,N,LOWER MAINLAND,UNKNOWN,HEYWOOD ST,HEYWOOD ST,12:00-14:59,1,0
N,PROPERTY DAMAGE ONLY,\N,N,2021,FRIDAY,UNDETERMINED,N,N,\N,\N,N,APRIL,N,NORTH VANCOUVER,NORTH VANCOUVER,\N,Y,Y,N,LOWER MAINLAND,UNKNOWN,MT SEYMOUR RD,MT SEYMOUR RD,12:00-14:59,1,0
N,PROPERTY DAMAGE ONLY,\N,N,2021,FRIDAY,UNDETERMINED,N,N,\N,\N,N,APRIL,N,NORTH VANCOUVER,NORTH VANCOUVER,\N,Y,Y,N,LOWER MAINLAND,UNKNOWN,WOODBINE DR,WOODBINE DR,12:00-14:59,1,0
N,PROPERTY DAMAGE ONLY,\N,N,2021,FRIDAY,UNDETERMINED,N,N,\N,\N,N,APRIL,N,PENTICTON,PENTICTON,\N,N,N,N,SOUTHERN INTERIOR,UNKNOWN,VIEW PLACE,VIEW PLACE,12:00-14:59,1,0
N,PROPERTY DAMAGE ONLY,\N,N,2021,FRIDAY,UNDETERMINED,N,N,\N,\N,N,APRIL,N,PRINCE GEORGE,PRINCE GEORGE,\N,Y,Y,N,NORTH CENTRAL,UNKNOWN,O GRADY RD,O GRADY RD,12:00-14:59,1,0
N,PROPERTY DAMAGE ONLY,\N,N,2021,FRIDAY,UNDETERMINED,N,N,\N,\N,N,APRIL,N,SAANICH,SAANICH,\N,Y,Y,N,VANCOUVER ISLAND,UNKNOWN,SAANICH RD,SAANICH RD,12:00-14:59,1,0
N,PROPERTY DAMAGE ONLY,\N,N,2021,FRIDAY,UNDETERMINED,N,N,\N,\N,N,APRIL,N,SURREY,SURREY,\N,Y,N,N,LOWER MAINLAND,UNKNOWN,162 ST,162 ST,12:00-14:59,1,0
N,PROPERTY DAMAGE ONLY,\N,N,2021,FRIDAY,UNDETERMINED,N,N,\N,\N,N,APRIL,N,SURREY,SURREY,\N,Y,N,N,LOWER MAINLAND,UNKNOWN,UNKNOWN,UNKNOWN,12:00-14:59,1,0
N,PROPERTY DAMAGE ONLY,\N,N,2021,FRIDAY,UNDETERMINED,N,N,\N,\N,N,APRIL,N,SURREY,SURREY,\N,Y,Y,N,LOWER MAINLAND,UNKNOWN,120 ST STRATA RD,120 ST STRATA RD,12:00-14:59,1,0
N,PROPERTY DAMAGE ONLY,\N,N,2021,FRIDAY,UNDETERMINED,N,N,\N,\N,N,APRIL,N,UNKNOWN,UNKNOWN,\N,N,N,N,UNKNOWN,UNKNOWN,UNKNOWN,UNKNOWN,12:00-14:59,2,0
N,PROPERTY DAMAGE ONLY,\N,N,2021,FRIDAY,UNDETERMINED,N,N,\N,\N,N,APRIL,N,UNKNOWN,UNKNOWN,\N,Y,N,N,UNKNOWN,UNKNOWN,UNKNOWN,UNKNOWN,12:00-14:59,1,0
N,PROPERTY DAMAGE ONLY,\N,N,2021,FRIDAY,UNDETERMINED,N,N,\N,\N,N,APRIL,N,VANCOUVER,VANCOUVER,\N,N,N,N,LOWER MAINLAND,UNKNOWN,STANLEY PARK DR,STANLEY PARK DR,12:00-14:59,1,0
N,PROPERTY DAMAGE ONLY,\N,N,2021,FRIDAY,UNDETERMINED,N,N,\N,\N,N,APRIL,N,VANCOUVER,VANCOUVER,\N,N,N,N,LOWER MAINLAND,UNKNOWN,UNKNWOWN,UNKNWOWN,12:00-14:59,1,0
N,PROPERTY DAMAGE ONLY,\N,N,2021,FRIDAY,UNDETERMINED,N,N,\N,\N,N,APRIL,N,VANCOUVER,VANCOUVER,\N,N,Y,N,LOWER MAINLAND,UNKNOWN,54TH E,54TH E,12:00-14:59,1,0
N,PROPERTY DAMAGE ONLY,\N,N,2021,FRIDAY,UNDETERMINED,N,N,\N,\N,N,APRIL,N,VERNON,VERNON,\N,Y,N,N,SOUTHERN INTERIOR,UNKNOWN,NERIE RD,NERIE RD,12:00-14:59,1,0
N,PROPERTY DAMAGE ONLY,\N,N,2021,FRIDAY,UNDETERMINED,N,N,\N,\N,N,APRIL,N,VERNON,VERNON,\N,Y,N,N,SOUTHERN INTERIOR,UNKNOWN,PURCELL DR,PURCELL DR,12:00-14:59,1,0
N,PROPERTY DAMAGE ONLY,\N,N,2021,FRIDAY,UNDETERMINED,N,N,\N,\N,N,APRIL,N,VICTORIA,VICTORIA,\N,Y,N,N,VANCOUVER ISLAND,UNKNOWN,VETERANS MEMORIAL WAY,VETERANS MEMORIAL WAY,12:00-14:59,1,0
N,PROPERTY DAMAGE ONLY,\N,N,2021,FRIDAY,UNDETERMINED,N,N,\N,\N,N,APRIL,N,VICTORIA,VICTORIA,\N,Y,Y,N,VANCOUVER ISLAND,UNKNOWN,MCKENZIE AVE,MCKENZIE AVE,12:00-14:59,1,0
N,PROPERTY DAMAGE ONLY,\N,N,2021,FRIDAY,UNDETERMINED,N,N,\N,\N,N,APRIL,N,WEST KELOWNA,WEST KELOWNA,\N,N,N,N,SOUTHERN INTERIOR,UNKNOWN,VINEYARD DR,VINEYARD DR,12:00-14:59,1,0
N,PROPERTY DAMAGE ONLY,\N,N,2021,FRIDAY,UNDETERMINED,N,N,\N,\N,N,APRIL,N,WEST VANCOUVER,WEST VANCOUVER,\N,N,N,N,LOWER MAINLAND,UNKNOWN,W 49TH,W 49TH,12:00-14:59,1,0
N,PROPERTY DAMAGE ONLY,\N,N,2021,FRIDAY,UNDETERMINED,N,N,\N,\N,N,APRIL,N,WHITE ROCK,WHITE ROCK,\N,N,N,N,LOWER MAINLAND,UNKNOWN,160 ST,160 ST,12:00-14:59,1,0
N,PROPERTY DAMAGE ONLY,\N,N,2021,FRIDAY,UNDETERMINED,N,N,48.426504,-123.31637,Y,APRIL,N,OAK BAY,OAK BAY,OAK BAY,Y,Y,N,VANCOUVER ISLAND,OAK BAY AVE # 002180 TO 002199,OAK BAY AVE,OAK BAY AVE,12:00-14:59,1,0
N,PROPERTY DAMAGE ONLY,\N,N,2021,FRIDAY,UNDETERMINED,N,N,48.459759,-123.332968,Y,APRIL,N,SAANICH,SAANICH,SAANICH,Y,Y,N,VANCOUVER ISLAND,SHELBOURNE ST # 003640 TO 003699,SHELBOURNE ST,SHELBOURNE ST,12:00-14:59,1,0
N,PROPERTY DAMAGE ONLY,\N,N,2021,FRIDAY,UNDETERMINED,N,N,48.466122,-123.366931,Y,APRIL,N,SAANICH,SAANICH,SAANICH,Y,N,N,VANCOUVER ISLAND,GREENRIDGE CRES # 000960 TO 001009,GREENRIDGE CRES,GREENRIDGE CRES,12:00-14:59,1,0
N,PROPERTY DAMAGE ONLY,\N,N,2021,FRIDAY,UNDETERMINED,N,N,48.486335,-123.381897,Y,APRIL,N,SAANICH,SAANICH,SAANICH,N,Y,N,VANCOUVER ISLAND,CHATTERTON WAY # 004400 TO 004409,CHATTERTON WAY,CHATTERTON WAY,12:00-14:59,1,0
N,PROPERTY DAMAGE ONLY,\N,N,2021,FRIDAY,UNDETERMINED,N,N,48.526843,-123.435323,Y,APRIL,N,SAANICH,SAANICH,SAANICH,Y,Y,N,VANCOUVER ISLAND,WEST SAANICH RD # 005372 TO 005387,WEST SAANICH RD,WEST SAANICH RD,12:00-14:59,1,0
N,PROPERTY DAMAGE ONLY,\N,N,2021,FRIDAY,UNDETERMINED,N,N,48.565128,-123.411444,Y,APRIL,N,CENTRAL SAANICH,CENTRAL SAANICH,CENTRAL SAANICH,Y,Y,N,VANCOUVER ISLAND,KEATING CROSS RD # 002126 TO 002179,KEATING CROSS RD,KEATING CROSS RD,12:00-14:59,1,0
N,PROPERTY DAMAGE ONLY,\N,N,2021,FRIDAY,UNDETERMINED,N,N,48.648962,-123.401443,Y,APRIL,N,SIDNEY,SIDNEY,SIDNEY,Y,Y,N,VANCOUVER ISLAND,BEACON AVE # 002340 TO 002398 even,BEACON AVE,BEACON AVE,12:00-14:59,1,0
N,PROPERTY DAMAGE ONLY,\N,N,2021,FRIDAY,UNDETERMINED,N,N,48.663654,-123.405646,Y,APRIL,N,SIDNEY,SIDNEY,SIDNEY,N,Y,N,VANCOUVER ISLAND,RESTHAVEN DR # 010340 TO 010399,RESTHAVEN DR,RESTHAVEN DR,12:00-14:59,1,0
N,PROPERTY DAMAGE ONLY,\N,N,2021,FRIDAY,UNDETERMINED,N,N,48.803633,-123.443116,Y,APRIL,N,SALT SPRING ISLAND,SALT SPRING ISLAND,SALT SPRING ISLAND,Y,N,N,VANCOUVER ISLAND,STEWART RD # 000323 TO 000417,STEWART RD,STEWART RD,12:00-14:59,1,0
N,PROPERTY DAMAGE ONLY,\N,N,2021,FRIDAY,UNDETERMINED,N,N,49.021743,-122.265356,Y,APRIL,N,ABBOTSFORD,ABBOTSFORD,ABBOTSFORD,Y,Y,N,LOWER MAINLAND,SUMAS WAY # 001000 TO 001189,SUMAS WAY,SUMAS WAY,12:00-14:59,2,0
N,PROPERTY DAMAGE ONLY,\N,N,2021,FRIDAY,UNDETERMINED,N,N,49.027677,-122.821322,Y,APRIL,N,WHITE ROCK,WHITE ROCK,WHITE ROCK,Y,N,N,LOWER MAINLAND,MALABAR CRES # 014430 TO 014509,MALABAR CRES,MALABAR CRES,12:00-14:59,1,0
N,PROPERTY DAMAGE ONLY,\N,N,2021,FRIDAY,UNDETERMINED,N,N,49.035875,-122.271713,Y,APRIL,N,ABBOTSFORD,ABBOTSFORD,ABBOTSFORD,N,Y,N,LOWER MAINLAND,VEDDER WAY # 001700 TO 001999,VEDDER WAY,VEDDER WAY,12:00-14:59,1,0
N,PROPERTY DAMAGE ONLY,\N,N,2021,FRIDAY,UNDETERMINED,N,N,49.035875,-122.271713,Y,APRIL,N,ABBOTSFORD,ABBOTSFORD,ABBOTSFORD,Y,Y,N,LOWER MAINLAND,VEDDER WAY # 001700 TO 001999,VEDDER WAY,VEDDER WAY,12:00-14:59,3,0
N,PROPERTY DAMAGE ONLY,\N,N,2021,FRIDAY,UNDETERMINED,N,N,49.036067,-123.068688,Y,APRIL,N,DELTA,DELTA,DELTA,Y,Y,N,LOWER MAINLAND,56 ST # 001801 TO 001899 odd,56 ST,56 ST,12:00-14:59,1,0
N,PROPERTY DAMAGE ONLY,\N,N,2021,FRIDAY,UNDETERMINED,N,N,49.037478,-122.293284,Y,APRIL,N,ABBOTSFORD,ABBOTSFORD,ABBOTSFORD,N,Y,N,LOWER MAINLAND,MCCALLUM RD # 001900 TO 001959,MCCALLUM RD,MCCALLUM RD,12:00-14:59,1,0
N,PROPERTY DAMAGE ONLY,\N,N,2021,FRIDAY,UNDETERMINED,N,N,49.038433,-122.820597,Y,APRIL,N,SURREY,SURREY,SURREY,N,Y,N,LOWER MAINLAND,20 AVE # 014400 TO 014624,20 AVE,20 AVE,12:00-14:59,1,0
N,PROPERTY DAMAGE ONLY,\N,N,2021,FRIDAY,UNDETERMINED,N,N,49.04416,-122.779264,Y,APRIL,N,SURREY,SURREY,SURREY,Y,Y,N,LOWER MAINLAND,160 ST # 002271 TO 002359 odd,160 ST,160 ST,12:00-14:59,1,0
N,PROPERTY DAMAGE ONLY,\N,N,2021,FRIDAY,UNDETERMINED,N,N,49.044424,-123.843406,Y,APRIL,N,LADYSMITH,LADYSMITH,LADYSMITH,N,N,N,VANCOUVER ISLAND,CEDAR RD # 013466 TO 013499,CEDAR RD,CEDAR RD,12:00-14:59,1,0
N,PROPERTY DAMAGE ONLY,\N,N,2021,FRIDAY,UNDETERMINED,N,N,49.045534,-122.777923,Y,APRIL,N,SURREY,SURREY,SURREY,Y,Y,N,LOWER MAINLAND,24 AVE # 016000 TO 016098 even,24 AVE,24 AVE,12:00-14:59,1,0
N,PROPERTY DAMAGE ONLY,\N,N,2021,FRIDAY,UNDETERMINED,N,N,49.047939,-122.333025,Y,APRIL,N,ABBOTSFORD,ABBOTSFORD,ABBOTSFORD,Y,Y,N,LOWER MAINLAND,HILLCREST AVE # 032150 TO 032199,HILLCREST AVE,HILLCREST AVE,12:00-14:59,1,0
N,PROPERTY DAMAGE ONLY,\N,N,2021,FRIDAY,UNDETERMINED,N,N,49.059264,-122.470722,Y,APRIL,N,LANGLEY,LANGLEY,LANGLEY,Y,Y,N,LOWER MAINLAND,272 ST # 003100 TO 003199,272 ST,272 ST,12:00-14:59,1,0
N,PROPERTY DAMAGE ONLY,\N,N,2021,FRIDAY,UNDETERMINED,N,N,49.06153,-122.384942,Y,APRIL,N,ABBOTSFORD,ABBOTSFORD,ABBOTSFORD,Y,Y,N,LOWER MAINLAND,AUTOMALL DR # 030280 TO 030399,AUTOMALL DR,AUTOMALL DR,12:00-14:59,1,0
N,PROPERTY DAMAGE ONLY,\N,N,2021,FRIDAY,UNDETERMINED,N,N,49.07638,-122.669547,Y,APRIL,N,LANGLEY,LANGLEY,LANGLEY,N,Y,N,LOWER MAINLAND,200 ST # 004061 TO 004099 odd,200 ST,200 ST,12:00-14:59,1,0
N,PROPERTY DAMAGE ONLY,\N,N,2021,FRIDAY,UNDETERMINED,N,N,49.095684,-122.623284,Y,APRIL,N,LANGLEY,LANGLEY,LANGLEY,Y,Y,N,LOWER MAINLAND,FRASER HWY # 021601 TO 021701 odd,FRASER HWY,FRASER HWY,12:00-14:59,1,0
N,PROPERTY DAMAGE ONLY,\N,N,2021,FRIDAY,UNDETERMINED,N,N,49.104836,-122.654223,Y,APRIL,N,LANGLEY,LANGLEY,LANGLEY,Y,Y,N,LOWER MAINLAND,56 AVE # 020498 TO 020544,56 AVE,56 AVE,12:00-14:59,1,0
N,PROPERTY DAMAGE ONLY,\N,N,2021,FRIDAY,UNDETERMINED,N,N,49.107054,-122.655835,Y,APRIL,N,LANGLEY,LANGLEY,LANGLEY,Y,Y,N,LOWER MAINLAND,LOGAN AVE # 020344 TO 020598,LOGAN AVE,LOGAN AVE,12:00-14:59,1,0
N,PROPERTY DAMAGE ONLY,\N,N,2021,FRIDAY,UNDETERMINED,N,N,49.109474,-122.702291,Y,APRIL,N,SURREY,SURREY,SURREY,Y,N,N,LOWER MAINLAND,59 AVE # 018750 TO 018799,59 AVE,59 AVE,12:00-14:59,1,0
N,PROPERTY DAMAGE ONLY,\N,N,2021,FRIDAY,UNDETERMINED,N,N,49.112592,-122.676755,Y,APRIL,N,LANGLEY,LANGLEY,LANGLEY,N,Y,N,LOWER MAINLAND,FRASER HWY # 019683 TO 019799 odd,FRASER HWY,FRASER HWY,12:00-14:59,1,0
N,PROPERTY DAMAGE ONLY,\N,N,2021,FRIDAY,UNDETERMINED,N,N,49.112592,-122.676755,Y,APRIL,N,LANGLEY,LANGLEY,LANGLEY,Y,Y,N,LOWER MAINLAND,FRASER HWY # 019683 TO 019799 odd,FRASER HWY,FRASER HWY,12:00-14:59,1,0
N,PROPERTY DAMAGE ONLY,\N,N,2021,FRIDAY,UNDETERMINED,N,N,49.113457,-122.666528,Y,APRIL,N,LANGLEY,LANGLEY,LANGLEY,Y,Y,N,LOWER MAINLAND,LANGLEY BYPASS # 020001 TO 020149 odd,LANGLEY BYPASS,LANGLEY BYPASS,12:00-14:59,1,0
N,PROPERTY DAMAGE ONLY,\N,N,2021,FRIDAY,UNDETERMINED,N,N,49.118044,-122.705154,Y,APRIL,N,SURREY,SURREY,SURREY,Y,N,N,LOWER MAINLAND,63A AVE # 018650 TO 018699,63A AVE,63A AVE,12:00-14:59,1,0
N,PROPERTY DAMAGE ONLY,\N,N,2021,FRIDAY,UNDETERMINED,N,N,49.119037,-122.675851,Y,APRIL,N,LANGLEY,LANGLEY,LANGLEY,N,Y,N,LOWER MAINLAND,64 AVE # 019700 TO 019799,64 AVE,64 AVE,12:00-14:59,1,0
N,PROPERTY DAMAGE ONLY,\N,N,2021,FRIDAY,UNDETERMINED,N,N,49.12188,-122.668439,Y,APRIL,N,LANGLEY,LANGLEY,LANGLEY,Y,Y,N,LOWER MAINLAND,200 ST # 006500 TO 006598 even,200 ST,200 ST,12:00-14:59,1,0
N,PROPERTY DAMAGE ONLY,\N,N,2021,FRIDAY,UNDETERMINED,N,N,49.139015,-122.845708,Y,APRIL,N,SURREY,SURREY,SURREY,Y,Y,N,LOWER MAINLAND,KING GEORGE BLVD # 007401 TO 007599 odd,KING GEORGE BLVD,KING GEORGE BLVD,12:00-14:59,1,0
N,PROPERTY DAMAGE ONLY,\N,N,2021,FRIDAY,UNDETERMINED,N,N,49.141869,-123.11851,Y,APRIL,N,RICHMOND,RICHMOND,RICHMOND,Y,N,N,LOWER MAINLAND,PINEWELL CRES # 009500 TO 009699,PINEWELL CRES,PINEWELL CRES,12:00-14:59,1,0
N,PROPERTY DAMAGE ONLY,\N,N,2021,FRIDAY,UNDETERMINED,N,N,49.143189,-122.834536,Y,APRIL,N,SURREY,SURREY,SURREY,Y,N,N,LOWER MAINLAND,140 ST # 007700 TO 007749,140 ST,140 ST,12:00-14:59,1,0
N,PROPERTY DAMAGE ONLY,\N,N,2021,FRIDAY,UNDETERMINED,N,N,49.149344,-123.123964,Y,APRIL,N,RICHMOND,RICHMOND,RICHMOND,Y,Y,N,LOWER MAINLAND,DOLPHIN CRT # 008600 TO 008899,DOLPHIN CRT,DOLPHIN CRT,12:00-14:59,1,0
N,PROPERTY DAMAGE ONLY,\N,N,2021,FRIDAY,UNDETERMINED,N,N,49.150542,-122.31603,Y,APRIL,N,MISSION,MISSION,MISSION,Y,N,N,LOWER MAINLAND,CEDAR ST # 008150 TO 008199,CEDAR ST,CEDAR ST,12:00-14:59,1,0
N,PROPERTY DAMAGE ONLY,\N,N,2021,FRIDAY,UNDETERMINED,N,N,49.155458,-122.77742,Y,APRIL,N,SURREY,SURREY,SURREY,Y,Y,N,LOWER MAINLAND,84 AVE # 016010 TO 016099,84 AVE,84 AVE,12:00-14:59,1,0
N,PROPERTY DAMAGE ONLY,\N,N,2021,FRIDAY,UNDETERMINED,N,N,49.159176,-122.757977,Y,APRIL,N,SURREY,SURREY,SURREY,Y,N,N,LOWER MAINLAND,86 AVE # 016700 TO 016799,86 AVE,86 AVE,12:00-14:59,1,0
N,PROPERTY DAMAGE ONLY,\N,N,2021,FRIDAY,UNDETERMINED,N,N,49.162482,-123.932152,Y,APRIL,N,NANAIMO,NANAIMO,NANAIMO,N,Y,N,VANCOUVER ISLAND,ESPLANADE # 000020 TO 000059,ESPLANADE,ESPLANADE,12:00-14:59,1,0
N,PROPERTY DAMAGE ONLY,\N,N,2021,FRIDAY,UNDETERMINED,N,N,49.163123,-122.637723,Y,APRIL,N,LANGLEY,LANGLEY,LANGLEY,Y,Y,N,LOWER MAINLAND,210 ST # 008800 TO 008849,210 ST,210 ST,12:00-14:59,1,0
N,PROPERTY DAMAGE ONLY,\N,N,2021,FRIDAY,UNDETERMINED,N,N,49.167197,-122.801279,Y,APRIL,N,SURREY,SURREY,SURREY,Y,Y,N,LOWER MAINLAND,152 ST # 009000 TO 009098 even,152 ST,152 ST,12:00-14:59,1,0
N,PROPERTY DAMAGE ONLY,\N,N,2021,FRIDAY,UNDETERMINED,N,N,49.182602,-122.858031,Y,APRIL,N,SURREY,SURREY,SURREY,Y,N,N,LOWER MAINLAND,99 AVE # 013100 TO 013199,99 AVE,99 AVE,12:00-14:59,1,0
N,PROPERTY DAMAGE ONLY,\N,N,2021,FRIDAY,UNDETERMINED,N,N,49.184671,-123.133961,Y,APRIL,N,RICHMOND,RICHMOND,RICHMOND,Y,Y,N,LOWER MAINLAND,CAMBIE RD # 008100 TO 008203,CAMBIE RD,CAMBIE RD,12:00-14:59,1,0
N,PROPERTY DAMAGE ONLY,\N,N,2021,FRIDAY,UNDETERMINED,N,N,49.184811,-122.661966,Y,APRIL,N,LANGLEY,LANGLEY,LANGLEY,Y,N,N,LOWER MAINLAND,100A AVE # 020110 TO 020319,100A AVE,100A AVE,12:00-14:59,1,0
N,PROPERTY DAMAGE ONLY,\N,N,2021,FRIDAY,UNDETERMINED,N,N,49.187003,-122.845527,Y,APRIL,N,SURREY,SURREY,SURREY,Y,Y,N,LOWER MAINLAND,KING GEORGE BLVD # 010153 TO 010199 odd,KING GEORGE BLVD,KING GEORGE BLVD,12:00-14:59,1,0
N,PROPERTY DAMAGE ONLY,\N,N,2021,FRIDAY,UNDETERMINED,N,N,49.188989,-122.845509,Y,APRIL,N,SURREY,SURREY,SURREY,Y,Y,N,LOWER MAINLAND,KING GEORGE BLVD # 010201 TO 010305 odd,KING GEORGE BLVD,KING GEORGE BLVD,12:00-14:59,1,0
N,PROPERTY DAMAGE ONLY,\N,N,2021,FRIDAY,UNDETERMINED,N,N,49.190174,-122.737447,Y,APRIL,N,SURREY,SURREY,SURREY,Y,N,N,LOWER MAINLAND,175 ST # 010350 TO 010369,175 ST,175 ST,12:00-14:59,1,0
N,PROPERTY DAMAGE ONLY,\N,N,2021,FRIDAY,UNDETERMINED,N,N,49.192014,-123.122024,Y,APRIL,N,RICHMOND,RICHMOND,RICHMOND,Y,Y,N,LOWER MAINLAND,BRIDGEPORT RD # 009088 TO 009299,BRIDGEPORT RD,BRIDGEPORT RD,12:00-14:59,2,0
N,PROPERTY DAMAGE ONLY,\N,N,2021,FRIDAY,UNDETERMINED,N,N,49.197375,-122.797879,Y,APRIL,N,SURREY,SURREY,SURREY,Y,Y,N,LOWER MAINLAND,GUILDFORD DR # 010700 TO 010781,GUILDFORD DR,GUILDFORD DR,12:00-14:59,1,0
N,PROPERTY DAMAGE ONLY,\N,N,2021,FRIDAY,UNDETERMINED,N,N,49.199643,-122.814952,Y,APRIL,N,SURREY,SURREY,SURREY,Y,N,N,LOWER MAINLAND,108A AVE # 014600 TO 014799,108A AVE,108A AVE,12:00-14:59,1,0
N,PROPERTY DAMAGE ONLY,\N,N,2021,FRIDAY,UNDETERMINED,N,N,49.210084,-122.9463,Y,APRIL,N,BURNABY,BURNABY,BURNABY,Y,Y,N,LOWER MAINLAND,11TH AVE # 007160 TO 007199,11TH AVE,11TH AVE,12:00-14:59,1,0
N,PROPERTY DAMAGE ONLY,\N,N,2021,FRIDAY,UNDETERMINED,N,N,49.211654,-122.98301,Y,APRIL,N,BURNABY,BURNABY,BURNABY,Y,N,N,LOWER MAINLAND,MACPHERSON AVE # 007900 TO 007999,MACPHERSON AVE,MACPHERSON AVE,12:00-14:59,1,0
N,PROPERTY DAMAGE ONLY,\N,N,2021,FRIDAY,UNDETERMINED,N,N,49.213927,-122.984398,Y,APRIL,N,BURNABY,BURNABY,BURNABY,Y,N,N,LOWER MAINLAND,NEVILLE ST # 005400 TO 005599,NEVILLE ST,NEVILLE ST,12:00-14:59,1,0
N,PROPERTY DAMAGE ONLY,\N,N,2021,FRIDAY,UNDETERMINED,N,N,49.219678,-123.041318,Y,APRIL,N,VANCOUVER,VANCOUVER,VANCOUVER,Y,Y,N,LOWER MAINLAND,KERR ST # 007000 TO 007099,KERR ST,KERR ST,12:00-14:59,1,0
N,PROPERTY DAMAGE ONLY,\N,N,2021,FRIDAY,UNDETERMINED,N,N,49.221097,-123.076083,Y,APRIL,N,VANCOUVER,VANCOUVER,VANCOUVER,Y,N,N,LOWER MAINLAND,LANARK ST # 006900 TO 006999,LANARK ST,LANARK ST,12:00-14:59,1,0
N,PROPERTY DAMAGE ONLY,\N,N,2021,FRIDAY,UNDETERMINED,N,N,49.223587,-122.913851,Y,APRIL,N,NEW WESTMINSTER,NEW WESTMINSTER,NEW WESTMINSTER,Y,Y,N,LOWER MAINLAND,MCBRIDE BLVD # 000800 TO 000998 even,MCBRIDE BLVD,MCBRIDE BLVD,12:00-14:59,1,0
N,PROPERTY DAMAGE ONLY,\N,N,2021,FRIDAY,UNDETERMINED,N,N,49.228849,-122.689543,Y,APRIL,N,PITT MEADOWS,PITT MEADOWS,PITT MEADOWS,Y,Y,N,LOWER MAINLAND,HARRIS RD # 012401 TO 012499 odd,HARRIS RD,HARRIS RD,12:00-14:59,1,0
N,PROPERTY DAMAGE ONLY,\N,N,2021,FRIDAY,UNDETERMINED,N,N,49.231485,-122.690731,Y,APRIL,N,PITT MEADOWS,PITT MEADOWS,PITT MEADOWS,Y,Y,N,LOWER MAINLAND,LOUGHEED HWY # 019100 TO 019198 even,LOUGHEED HWY,LOUGHEED HWY,12:00-14:59,1,0
N,PROPERTY DAMAGE ONLY,\N,N,2021,FRIDAY,UNDETERMINED,N,N,49.231911,-123.174452,Y,APRIL,N,VANCOUVER,VANCOUVER,VANCOUVER,Y,N,N,LOWER MAINLAND,W 44TH AVE # 003000 TO 003199,W 44TH AVE,W 44TH AVE,12:00-14:59,1,0
N,PROPERTY DAMAGE ONLY,\N,N,2021,FRIDAY,UNDETERMINED,N,N,49.233758,-123.171671,Y,APRIL,N,VANCOUVER,VANCOUVER,VANCOUVER,Y,N,N,LOWER MAINLAND,W 42ND AVE # 002900 TO 002999,W 42ND AVE,W 42ND AVE,12:00-14:59,1,0
N,PROPERTY DAMAGE ONLY,\N,N,2021,FRIDAY,UNDETERMINED,N,N,49.234338,-124.049091,Y,APRIL,N,NANAIMO,NANAIMO,NANAIMO,Y,Y,N,VANCOUVER ISLAND,AULDS RD # 006553 TO 006581 odd,AULDS RD,AULDS RD,12:00-14:59,1,0
N,PROPERTY DAMAGE ONLY,\N,N,2021,FRIDAY,UNDETERMINED,N,N,49.236351,-124.045794,Y,APRIL,N,NANAIMO,NANAIMO,NANAIMO,Y,Y,N,VANCOUVER ISLAND,ISLAND HWY N # 006584 TO 006748 even,ISLAND HWY N,ISLAND HWY N,12:00-14:59,1,0
N,PROPERTY DAMAGE ONLY,\N,N,2021,FRIDAY,UNDETERMINED,N,N,49.241714,-122.881029,Y,APRIL,N,COQUITLAM,COQUITLAM,COQUITLAM,Y,N,N,LOWER MAINLAND,DELESTRE AVE # 000700 TO 000703,DELESTRE AVE,DELESTRE AVE,12:00-14:59,1,0
N,PROPERTY DAMAGE ONLY,\N,N,2021,FRIDAY,UNDETERMINED,N,N,49.243264,-123.061156,Y,APRIL,N,VANCOUVER,VANCOUVER,VANCOUVER,Y,Y,N,LOWER MAINLAND,KINGSWAY # 002200 TO 002233,KINGSWAY,KINGSWAY,12:00-14:59,1,0
N,PROPERTY DAMAGE ONLY,\N,N,2021,FRIDAY,UNDETERMINED,N,N,49.243877,-122.892635,Y,APRIL,N,BURNABY,BURNABY,BURNABY & COQUITLAM,Y,Y,N,LOWER MAINLAND,NORTH RD # 000321 TO 004563 odd,NORTH RD,NORTH RD,12:00-14:59,1,0
N,PROPERTY DAMAGE ONLY,\N,N,2021,FRIDAY,UNDETERMINED,N,N,49.246534,-123.012503,Y,APRIL,N,BURNABY,BURNABY,BURNABY,Y,N,N,LOWER MAINLAND,CARLETON AVE # 004200 TO 004299,CARLETON AVE,CARLETON AVE,12:00-14:59,1,0
N,PROPERTY DAMAGE ONLY,\N,N,2021,FRIDAY,UNDETERMINED,N,N,49.249042,-122.868408,Y,APRIL,N,COQUITLAM,COQUITLAM,COQUITLAM,N,Y,N,LOWER MAINLAND,AUSTIN AVE # 000953 TO 000999 odd,AUSTIN AVE,AUSTIN AVE,12:00-14:59,1,0
N,PROPERTY DAMAGE ONLY,\N,N,2021,FRIDAY,UNDETERMINED,N,N,49.251719,-122.918981,Y,APRIL,N,BURNABY,BURNABY,BURNABY,Y,Y,N,LOWER MAINLAND,BRIGHTON AVE # 003400 TO 003599,BRIGHTON AVE,BRIGHTON AVE,12:00-14:59,2,0
N,PROPERTY DAMAGE ONLY,\N,N,2021,FRIDAY,UNDETERMINED,N,N,49.251846,-122.73567800000001,Y,APRIL,N,PORT COQUITLAM,PORT COQUITLAM,PORT COQUITLAM,Y,Y,N,LOWER MAINLAND,VILLAGE DR # 000800 TO 000870,VILLAGE DR,VILLAGE DR,12:00-14:59,1,0
N,PROPERTY DAMAGE ONLY,\N,N,2021,FRIDAY,UNDETERMINED,N,N,49.252558,-122.903677,Y,APRIL,N,BURNABY,BURNABY,BURNABY,Y,Y,N,LOWER MAINLAND,SALISH CRT # 009200 TO 009453,SALISH CRT,SALISH CRT,12:00-14:59,1,0
N,PROPERTY DAMAGE ONLY,\N,N,2021,FRIDAY,UNDETERMINED,N,N,49.257278,-122.746598,Y,APRIL,N,PORT COQUITLAM,PORT COQUITLAM,PORT COQUITLAM,Y,Y,N,LOWER MAINLAND,OTTAWA ST # 002350 TO 002389,OTTAWA ST,OTTAWA ST,12:00-14:59,1,0
N,PROPERTY DAMAGE ONLY,\N,N,2021,FRIDAY,UNDETERMINED,N,N,49.259725,-124.807681,Y,APRIL,N,PORT ALBERNI,PORT ALBERNI,PORT ALBERNI,Y,Y,N,VANCOUVER ISLAND,JOHNSTON RD # 004600 TO 004699,JOHNSTON RD,JOHNSTON RD,12:00-14:59,1,0
N,PROPERTY DAMAGE ONLY,\N,N,2021,FRIDAY,UNDETERMINED,N,N,49.263689,-123.128992,Y,APRIL,N,VANCOUVER,VANCOUVER,VANCOUVER,Y,N,N,LOWER MAINLAND,SPRUCE ST # 002446 TO 002499,SPRUCE ST,SPRUCE ST,12:00-14:59,1,0
N,PROPERTY DAMAGE ONLY,\N,N,2021,FRIDAY,UNDETERMINED,N,N,49.264188,-123.174946,Y,APRIL,N,VANCOUVER,VANCOUVER,VANCOUVER,Y,Y,N,LOWER MAINLAND,W BROADWAY # 003100 TO 003199,W BROADWAY,W BROADWAY,12:00-14:59,1,0
N,PROPERTY DAMAGE ONLY,\N,N,2021,FRIDAY,UNDETERMINED,N,N,49.267962,-122.953016,Y,APRIL,N,BURNABY,BURNABY,BURNABY,Y,Y,N,LOWER MAINLAND,HALIFAX ST # 007200 TO 007229,HALIFAX ST,HALIFAX ST,12:00-14:59,1,0
N,PROPERTY DAMAGE ONLY,\N,N,2021,FRIDAY,UNDETERMINED,N,N,49.273275,-123.053074,Y,APRIL,N,VANCOUVER,VANCOUVER,VANCOUVER,Y,N,N,LOWER MAINLAND,CHARLES ST # 002522 TO 002599,CHARLES ST,CHARLES ST,12:00-14:59,1,0
N,PROPERTY DAMAGE ONLY,\N,N,2021,FRIDAY,UNDETERMINED,N,N,49.273976,-123.072447,Y,APRIL,N,VANCOUVER,VANCOUVER,VANCOUVER,N,N,N,LOWER MAINLAND,WILLIAM ST # 001500 TO 001599,WILLIAM ST,WILLIAM ST,12:00-14:59,1,0
N,PROPERTY DAMAGE ONLY,\N,N,2021,FRIDAY,UNDETERMINED,N,N,49.276445,-123.12029,Y,APRIL,N,VANCOUVER,VANCOUVER,VANCOUVER,Y,N,N,LOWER MAINLAND,HAMILTON ST # 001000 TO 001099,HAMILTON ST,HAMILTON ST,12:00-14:59,1,0
N,PROPERTY DAMAGE ONLY,\N,N,2021,FRIDAY,UNDETERMINED,N,N,49.277063,-122.800243,Y,APRIL,N,COQUITLAM,COQUITLAM,COQUITLAM,Y,Y,N,LOWER MAINLAND,BARNET HWY # 002901 TO 002929 odd,BARNET HWY,BARNET HWY,12:00-14:59,1,0
N,PROPERTY DAMAGE ONLY,\N,N,2021,FRIDAY,UNDETERMINED,N,N,49.279774,-123.108059,Y,APRIL,N,VANCOUVER,VANCOUVER,VANCOUVER,Y,N,N,LOWER MAINLAND,KEEFER PL # 000100 TO 000199,KEEFER PL,KEEFER PL,12:00-14:59,2,0
N,PROPERTY DAMAGE ONLY,\N,N,2021,FRIDAY,UNDETERMINED,N,N,49.280338,-122.982993,Y,APRIL,N,BURNABY,BURNABY,BURNABY,Y,N,N,LOWER MAINLAND,HASTINGS ST # 005500 TO 005599,HASTINGS ST,HASTINGS ST,12:00-14:59,1,0
N,PROPERTY DAMAGE ONLY,\N,N,2021,FRIDAY,UNDETERMINED,N,N,49.281068,-123.017451,Y,APRIL,N,BURNABY,BURNABY,BURNABY,Y,Y,N,LOWER MAINLAND,HASTINGS ST # 003900 TO 003999,HASTINGS ST,HASTINGS ST,12:00-14:59,1,0
N,PROPERTY DAMAGE ONLY,\N,N,2021,FRIDAY,UNDETERMINED,N,N,49.283726,-122.809269,Y,APRIL,N,COQUITLAM,COQUITLAM,COQUITLAM,N,Y,N,LOWER MAINLAND,LANSDOWNE DR # 001182 TO 001199,LANSDOWNE DR,LANSDOWNE DR,12:00-14:59,1,0
N,PROPERTY DAMAGE ONLY,\N,N,2021,FRIDAY,UNDETERMINED,N,N,49.283905,-122.790392,Y,APRIL,N,COQUITLAM,COQUITLAM,COQUITLAM,Y,Y,N,LOWER MAINLAND,WESTWOOD ST # 001188 TO 001199,WESTWOOD ST,WESTWOOD ST,12:00-14:59,1,0
N,PROPERTY DAMAGE ONLY,\N,N,2021,FRIDAY,UNDETERMINED,N,N,49.315707,-123.110132,Y,APRIL,N,NORTH VANCOUVER,NORTH VANCOUVER,NORTH VANCOUVER,Y,Y,N,LOWER MAINLAND,MCKEEN AVE # 001200 TO 001349,MCKEEN AVE,MCKEEN AVE,12:00-14:59,1,0
N,PROPERTY DAMAGE ONLY,\N,N,2021,FRIDAY,UNDETERMINED,N,N,49.324503,-123.081586,Y,APRIL,N,NORTH VANCOUVER,NORTH VANCOUVER,NORTH VANCOUVER,Y,N,N,LOWER MAINLAND,JONES AVE # 001700 TO 001749,JONES AVE,JONES AVE,12:00-14:59,1,0
N,PROPERTY DAMAGE ONLY,\N,N,2021,FRIDAY,UNDETERMINED,N,N,49.324727,-122.947929,Y,APRIL,N,NORTH VANCOUVER,NORTH VANCOUVER,NORTH VANCOUVER,Y,Y,N,LOWER MAINLAND,ROCKCLIFF RD # 001900 TO 002099,ROCKCLIFF RD,ROCKCLIFF RD,12:00-14:59,1,0
N,PROPERTY DAMAGE ONLY,\N,N,2021,FRIDAY,UNDETERMINED,N,N,49.350375,-123.253107,Y,APRIL,N,WEST VANCOUVER,WEST VANCOUVER,WEST VANCOUVER,Y,Y,N,LOWER MAINLAND,HEADLAND DR # 005251 TO 005399,HEADLAND DR,HEADLAND DR,12:00-14:59,1,0
N,PROPERTY DAMAGE ONLY,\N,N,2021,FRIDAY,UNDETERMINED,N,N,49.463126,-119.589468,Y,APRIL,N,PENTICTON,PENTICTON,PENTICTON,Y,N,N,SOUTHERN INTERIOR,GREEN AVE W # 000200 TO 000299,GREEN AVE W,GREEN AVE W,12:00-14:59,1,0
N,PROPERTY DAMAGE ONLY,\N,N,2021,FRIDAY,UNDETERMINED,N,N,49.4813,-119.563112,Y,APRIL,N,PENTICTON,PENTICTON,PENTICTON,Y,Y,N,SOUTHERN INTERIOR,COMMERCIAL WAY # 001300 TO 001389,COMMERCIAL WAY,COMMERCIAL WAY,12:00-14:59,1,0
N,PROPERTY DAMAGE ONLY,\N,N,2021,FRIDAY,UNDETERMINED,N,N,49.495272,-119.589385,Y,APRIL,N,PENTICTON,PENTICTON,PENTICTON,Y,N,N,SOUTHERN INTERIOR,ELLIS ST # 000500 TO 000599,ELLIS ST,ELLIS ST,12:00-14:59,1,0
N,PROPERTY DAMAGE ONLY,\N,N,2021,FRIDAY,UNDETERMINED,N,N,49.526283,-115.751628,Y,APRIL,N,CRANBROOK,CRANBROOK,CRANBROOK,N,Y,N,SOUTHERN INTERIOR,CRANBROOK ST N # 001501 TO 001519 odd,CRANBROOK ST N,CRANBROOK ST N,12:00-14:59,1,0
N,PROPERTY DAMAGE ONLY,\N,N,2021,FRIDAY,UNDETERMINED,N,N,49.739373,-124.928253,Y,APRIL,N,COMOX,COMOX,COMOX,N,Y,N,VANCOUVER ISLAND,WILKINSON RD # 001350 TO 001485,WILKINSON RD,WILKINSON RD,12:00-14:59,1,0
N,PROPERTY DAMAGE ONLY,\N,N,2021,FRIDAY,UNDETERMINED,N,N,49.829574,-119.629596,Y,APRIL,N,WEST KELOWNA,WEST KELOWNA,WEST KELOWNA,Y,N,N,SOUTHERN INTERIOR,MAIN ST # 002450 TO 002499,MAIN ST,MAIN ST,12:00-14:59,1,0
N,PROPERTY DAMAGE ONLY,\N,N,2021,FRIDAY,UNDETERMINED,N,N,49.83155,-124.518416,Y,APRIL,N,POWELL RIVER,POWELL RIVER,POWELL RIVER,Y,N,N,VANCOUVER ISLAND,GLACIER ST # 007050 TO 007069,GLACIER ST,GLACIER ST,12:00-14:59,1,0
N,PROPERTY DAMAGE ONLY,\N,N,2021,FRIDAY,UNDETERMINED,N,N,49.839966,-119.604678,Y,APRIL,N,WEST KELOWNA,WEST KELOWNA,WEST KELOWNA,Y,N,N,SOUTHERN INTERIOR,ACORN DR # 003409 TO 003422,ACORN DR,ACORN DR,12:00-14:59,1,0
N,PROPERTY DAMAGE ONLY,\N,N,2021,FRIDAY,UNDETERMINED,N,N,49.846811,-124.521269,Y,APRIL,N,POWELL RIVER,POWELL RIVER,POWELL RIVER,Y,Y,N,VANCOUVER ISLAND,JOYCE AVE # 004800 TO 004868 even,JOYCE AVE,JOYCE AVE,12:00-14:59,1,0
N,PROPERTY DAMAGE ONLY,\N,N,2021,FRIDAY,UNDETERMINED,N,N,49.85659,-119.489379,Y,APRIL,N,KELOWNA,KELOWNA,KELOWNA,Y,Y,N,SOUTHERN INTERIOR,RICHTER ST # 003300 TO 003355,RICHTER ST,RICHTER ST,12:00-14:59,1,0
N,PROPERTY DAMAGE ONLY,\N,N,2021,FRIDAY,UNDETERMINED,N,N,49.862640999999996,-119.565144,Y,APRIL,N,WEST KELOWNA,WEST KELOWNA,WEST KELOWNA,Y,Y,N,SOUTHERN INTERIOR,HUDSON RD # 001200 TO 001299,HUDSON RD,HUDSON RD,12:00-14:59,1,0
N,PROPERTY DAMAGE ONLY,\N,N,2021,FRIDAY,UNDETERMINED,N,N,49.887359000000004,-119.430448,Y,APRIL,N,KELOWNA,KELOWNA,KELOWNA,Y,Y,N,SOUTHERN INTERIOR,ENTERPRISE WAY # 002500 TO 002549,ENTERPRISE WAY,ENTERPRISE WAY,12:00-14:59,1,0
N,PROPERTY DAMAGE ONLY,\N,N,2021,FRIDAY,UNDETERMINED,N,N,50.032558,-125.261439,Y,APRIL,N,CAMPBELL RIVER,CAMPBELL RIVER,CAMPBELL RIVER,Y,Y,N,VANCOUVER ISLAND,ISLAND HWY # 001477 TO 001489 odd,ISLAND HWY,ISLAND HWY,12:00-14:59,1,0
N,PROPERTY DAMAGE ONLY,\N,N,2021,FRIDAY,UNDETERMINED,N,N,50.285957,-119.271871,Y,APRIL,N,VERNON,VERNON,VERNON,Y,Y,N,SOUTHERN INTERIOR,ANDERSON WAY # 004800 TO 005601,ANDERSON WAY,ANDERSON WAY,12:00-14:59,1,0
N,PROPERTY DAMAGE ONLY,\N,N,2021,FRIDAY,UNDETERMINED,N,N,50.31574,-122.797246,Y,APRIL,N,PEMBERTON,PEMBERTON,PEMBERTON,Y,N,N,LOWER MAINLAND,VINE RD # 001404 TO 001451,VINE RD,VINE RD,12:00-14:59,1,0
N,PROPERTY DAMAGE ONLY,\N,N,2021,FRIDAY,UNDETERMINED,N,N,50.665334,-120.350116,Y,APRIL,N,KAMLOOPS,KAMLOOPS,KAMLOOPS,Y,Y,N,SOUTHERN INTERIOR,SUMMIT DR # 001210 TO 001378 even,SUMMIT DR,SUMMIT DR,12:00-14:59,1,0
N,PROPERTY DAMAGE ONLY,\N,N,2021,FRIDAY,UNDETERMINED,N,N,50.698118,-120.362208,Y,APRIL,N,KAMLOOPS,KAMLOOPS,KAMLOOPS,Y,N,N,SOUTHERN INTERIOR,TRANQUILLE RD # 000710 TO 000768 even,TRANQUILLE RD,TRANQUILLE RD,12:00-14:59,1,0
N,PROPERTY DAMAGE ONLY,\N,N,2021,FRIDAY,UNDETERMINED,N,N,50.702075,-119.283011,Y,APRIL,N,SALMON ARM,SALMON ARM,SALMON ARM,Y,N,N,SOUTHERN INTERIOR,ALEXANDER ST NE # 000301 TO 000399,ALEXANDER ST NE,ALEXANDER ST NE,12:00-14:59,1,0
N,PROPERTY DAMAGE ONLY,\N,N,2021,FRIDAY,UNDETERMINED,N,N,52.128297,-122.139513,Y,APRIL,N,WILLIAMS LAKE,WILLIAMS LAKE,WILLIAMS LAKE,N,Y,N,NORTH CENTRAL,OLIVER ST # 000400 TO 000499,OLIVER ST,OLIVER ST,12:00-14:59,1,0
N,PROPERTY DAMAGE ONLY,\N,N,2021,FRIDAY,UNDETERMINED,N,N,52.975142,-122.497852,Y,APRIL,N,QUESNEL,QUESNEL,QUESNEL,Y,Y,N,NORTH CENTRAL,FRONT ST # 000100 TO 000199,FRONT ST,FRONT ST,12:00-14:59,1,0
N,PROPERTY DAMAGE ONLY,\N,N,2021,FRIDAY,UNDETERMINED,N,N,52.987607,-122.445187,Y,APRIL,N,QUESNEL,QUESNEL,QUESNEL,N,Y,N,NORTH CENTRAL,WESTLAND RD # 000600 TO 000699,WESTLAND RD,WESTLAND RD,12:00-14:59,1,0
N,PROPERTY DAMAGE ONLY,\N,N,2021,FRIDAY,UNDETERMINED,N,N,53.857694,-122.777512,Y,APRIL,N,PRINCE GEORGE,PRINCE GEORGE,PRINCE GEORGE,Y,N,N,NORTH CENTRAL,ST ANNE AVE # 002860 TO 002985,ST ANNE AVE,ST ANNE AVE,12:00-14:59,1,0
N,PROPERTY DAMAGE ONLY,\N,N,2021,FRIDAY,UNDETERMINED,N,N,53.863578,-122.78377,Y,APRIL,N,PRINCE GEORGE,PRINCE GEORGE,PRINCE GEORGE,Y,Y,N,NORTH CENTRAL,SOUTHRIDGE AVE # 006498 TO 006599,SOUTHRIDGE AVE,SOUTHRIDGE AVE,12:00-14:59,1,0
N,PROPERTY DAMAGE ONLY,\N,N,2021,FRIDAY,UNDETERMINED,N,N,53.869004,-122.779386,Y,APRIL,N,PRINCE GEORGE,PRINCE GEORGE,PRINCE GEORGE,Y,Y,N,NORTH CENTRAL,DOMANO BLVD # 005000 TO 005098 even,DOMANO BLVD,DOMANO BLVD,12:00-14:59,1,0
N,PROPERTY DAMAGE ONLY,\N,N,2021,FRIDAY,UNDETERMINED,N,N,53.871032,-122.768152,Y,APRIL,N,PRINCE GEORGE,PRINCE GEORGE,PRINCE GEORGE,Y,N,N,NORTH CENTRAL,YORK DR # 005500 TO 005579,YORK DR,YORK DR,12:00-14:59,1,0
N,PROPERTY DAMAGE ONLY,\N,N,2021,FRIDAY,UNDETERMINED,N,N,53.905468,-122.789221,Y,APRIL,N,PRINCE GEORGE,PRINCE GEORGE,PRINCE GEORGE,Y,Y,N,NORTH CENTRAL,OGILVIE ST # 001800 TO 002199,OGILVIE ST,OGILVIE ST,12:00-14:59,1,0
N,PROPERTY DAMAGE ONLY,\N,N,2021,FRIDAY,UNDETERMINED,N,N,55.695798,-121.616169,Y,APRIL,N,CHETWYND,CHETWYND,CHETWYND,N,N,N,NORTH CENTRAL,ACCESS RD N # 004600 TO 004798 even,ACCESS RD N,ACCESS RD N,12:00-14:59,1,0
N,PROPERTY DAMAGE ONLY,\N,N,2021,FRIDAY,UNDETERMINED,Y,N,\N,\N,N,APRIL,N,CHILLIWACK,CHILLIWACK,\N,N,N,N,LOWER MAINLAND,UNKNOWN,VEDDER RD,VEDDER RD,12:00-14:59,1,0
N,PROPERTY DAMAGE ONLY,\N,N,2021,FRIDAY,UNDETERMINED,Y,N,\N,\N,N,APRIL,N,COQUITLAM,COQUITLAM,\N,N,N,N,LOWER MAINLAND,UNKNOWN,HWY 1,HWY 1,12:00-14:59,1,0
N,PROPERTY DAMAGE ONLY,\N,N,2021,FRIDAY,UNDETERMINED,Y,N,\N,\N,N,APRIL,N,SURREY,SURREY,\N,N,N,N,LOWER MAINLAND,UNKNOWN,100 AVE,100 AVE,12:00-14:59,1,0
N,PROPERTY DAMAGE ONLY,\N,N,2021,FRIDAY,UNDETERMINED,Y,N,\N,\N,N,APRIL,N,VANCOUVER,VANCOUVER,\N,N,N,N,LOWER MAINLAND,UNKNOWN,UNKNOWN,UNKNOWN,12:00-14:59,1,0
N,PROPERTY DAMAGE ONLY,\N,N,2021,FRIDAY,UNDETERMINED,Y,N,49.029146,-122.403771,Y,APRIL,N,ABBOTSFORD,ABBOTSFORD,ABBOTSFORD,Y,Y,N,LOWER MAINLAND,ROSS RD # 000900 TO 002020,ROSS RD,ROSS RD,12:00-14:59,1,0
N,PROPERTY DAMAGE ONLY,\N,N,2021,FRIDAY,UNDETERMINED,Y,N,49.125802,-123.182727,Y,APRIL,N,RICHMOND,RICHMOND,RICHMOND,N,Y,N,LOWER MAINLAND,1ST AVE # 012000 TO 012179,1ST AVE,1ST AVE,12:00-14:59,1,0
N,PROPERTY DAMAGE ONLY,\N,N,2021,FRIDAY,UNDETERMINED,Y,N,49.149123,-122.856777,Y,APRIL,N,SURREY,SURREY,SURREY,N,N,N,LOWER MAINLAND,132 ST # 008000 TO 008099,132 ST,132 ST,12:00-14:59,1,0
N,PROPERTY DAMAGE ONLY,\N,Y,2021,FRIDAY,SINGLE VEHICLE,N,N,\N,\N,N,APRIL,N,PENTICTON,PENTICTON,\N,Y,N,N,SOUTHERN INTERIOR,UNKNOWN,MAIN ST,MAIN ST,12:00-14:59,1,0
N,PROPERTY DAMAGE ONLY,\N,Y,2021,FRIDAY,SINGLE VEHICLE,N,N,\N,\N,N,APRIL,N,VANCOUVER,VANCOUVER,\N,N,N,N,LOWER MAINLAND,UNKNOWN,ROBSON ST,ROBSON ST,12:00-14:59,1,0
N,PROPERTY DAMAGE ONLY,\N,Y,2021,FRIDAY,UNDETERMINED,N,N,49.830257,-119.628204,Y,APRIL,N,WEST KELOWNA,WEST KELOWNA,WEST KELOWNA,N,Y,N,SOUTHERN INTERIOR,BROWN RD # 003670 TO 003685,BROWN RD,BROWN RD,12:00-14:59,1,0
N,PROPERTY DAMAGE ONLY,?,N,2021,FRIDAY,REAR END,N,N,\N,\N,N,APRIL,N,KAMLOOPS,KAMLOOPS,\N,Y,Y,N,SOUTHERN INTERIOR,UNKNOWN,LORNE ST,LORNE ST,12:00-14:59,1,0
N,PROPERTY DAMAGE ONLY,?,N,2021,FRIDAY,SINGLE VEHICLE,N,N,\N,\N,N,APRIL,N,RICHMOND,RICHMOND,\N,N,N,N,LOWER MAINLAND,UNKNOWN,RIVER RD,RIVER RD,12:00-14:59,1,0
N,PROPERTY DAMAGE ONLY,????,N,2021,FRIDAY,SINGLE VEHICLE,N,N,\N,\N,N,APRIL,N,COQUIHALLA,COQUIHALLA,\N,N,N,N,SOUTHERN INTERIOR,UNKNOWN,FALLS LAKE RD,FALLS LAKE RD,12:00-14:59,1,0
N,PROPERTY DAMAGE ONLY,100 AVE,N,2021,FRIDAY,SIDE IMPACT,N,Y,49.184272,-122.845453,N,APRIL,N,SURREY,SURREY,SURREY,N,Y,N,LOWER MAINLAND,100 AVE & KING GEORGE BLVD & OLD YALE RD,KING GEORGE BLVD,KING GEORGE BLVD,12:00-14:59,1,0
N,PROPERTY DAMAGE ONLY,102A AVE,N,2021,FRIDAY,SIDE SWIPE - SAME DIRECTION,N,Y,49.188742,-122.800921,N,APRIL,N,SURREY,SURREY,SURREY,N,N,N,LOWER MAINLAND,102A AVE & 152 ST & MALL ACCESS,152 ST,152 ST,12:00-14:59,1,0
N,PROPERTY DAMAGE ONLY,104 AVE,N,2021,FRIDAY,REAR END,N,Y,49.191494,-122.812448,N,APRIL,N,SURREY,SURREY,SURREY,N,N,N,LOWER MAINLAND,104 AVE & 148 ST,148 ST,148 ST,12:00-14:59,1,0
N,PROPERTY DAMAGE ONLY,104 AVE,N,2021,FRIDAY,REAR END,N,Y,49.191598,-122.845362,N,APRIL,N,SURREY,SURREY,SURREY,N,N,N,LOWER MAINLAND,104 AVE & KING GEORGE BLVD,KING GEORGE BLVD,KING GEORGE BLVD,12:00-14:59,1,0
N,PROPERTY DAMAGE ONLY,108 ST,N,2021,FRIDAY,REAR END,N,Y,56.246461,-120.860624,N,APRIL,N,FORT ST. JOHN,FORT ST. JOHN,FORT ST. JOHN,N,N,N,NORTH CENTRAL,100 AVE & 108 ST,100 AVE,100 AVE,12:00-14:59,1,0
N,PROPERTY DAMAGE ONLY,10TH AVE,N,2021,FRIDAY,REAR END,N,N,\N,\N,N,APRIL,N,NANAIMO,NANAIMO,\N,N,N,N,VANCOUVER ISLAND,UNKNOWN,ISLAND HWY N,ISLAND HWY N,12:00-14:59,1,0
N,PROPERTY DAMAGE ONLY,120 ST,N,2021,FRIDAY,SIDE IMPACT,N,Y,49.134037,-122.890359,N,APRIL,N,DELTA,DELTA,DELTA & SURREY,Y,Y,N,LOWER MAINLAND,120 ST & 72 AVE,72 AVE,72 AVE,12:00-14:59,1,0
N,PROPERTY DAMAGE ONLY,123 ST,N,2021,FRIDAY,SIDE SWIPE - SAME DIRECTION,N,Y,49.17713,-122.881872,N,APRIL,N,SURREY,SURREY,SURREY,N,N,N,LOWER MAINLAND,123 ST & 96 AVE,96 AVE,96 AVE,12:00-14:59,1,0
N,PROPERTY DAMAGE ONLY,124 ST,N,2021,FRIDAY,UNDETERMINED,N,Y,49.163272,-122.879055,N,APRIL,N,SURREY,SURREY,SURREY,N,Y,N,LOWER MAINLAND,124 ST & 88 AVE & INDUSTRIAL ACCESS & TURNING LANE,88 AVE,88 AVE,12:00-14:59,1,0
N,PROPERTY DAMAGE ONLY,12TH AVE,N,2021,FRIDAY,SIDE IMPACT,N,Y,49.21483,-122.939881,N,APRIL,N,BURNABY,BURNABY,BURNABY,N,N,N,LOWER MAINLAND,12TH AVE & KINGSWAY,KINGSWAY,KINGSWAY,12:00-14:59,1,0
N,PROPERTY DAMAGE ONLY,134 ST,N,2021,FRIDAY,UNDETERMINED,N,Y,49.178908,-122.851309,N,APRIL,N,SURREY,SURREY,SURREY,N,N,N,LOWER MAINLAND,134 ST & 97 AVE,97 AVE,97 AVE,12:00-14:59,1,0
N,PROPERTY DAMAGE ONLY,148 ST,N,2021,FRIDAY,SIDE IMPACT,N,Y,49.031154,-122.812218,N,APRIL,N,SURREY,SURREY,SURREY & WHITE ROCK,N,N,N,LOWER MAINLAND,148 ST & NORTH BLUFF RD & OXFORD ST,16 AVE,16 AVE,12:00-14:59,1,0
N,PROPERTY DAMAGE ONLY,148 ST,N,2021,FRIDAY,SIDE IMPACT,N,Y,49.05882,-122.80993,N,APRIL,N,SURREY,SURREY,SURREY,Y,Y,N,LOWER MAINLAND,148 ST & 32 AVE DIVERSION & KING GEORGE BLVD & TURNING LANE,KING GEORGE BLVD,KING GEORGE BLVD,12:00-14:59,1,0
N,PROPERTY DAMAGE ONLY,152 ST,N,2021,FRIDAY,REAR END,N,Y,49.186146,-122.800941,N,APRIL,N,SURREY,SURREY,SURREY,N,Y,N,LOWER MAINLAND,101 AVE & 152 ST,101 AVE,101 AVE,12:00-14:59,1,0
N,PROPERTY DAMAGE ONLY,152 ST,N,2021,FRIDAY,SIDE SWIPE - SAME DIRECTION,N,Y,49.184194,-122.800938,N,APRIL,N,SURREY,SURREY,SURREY,Y,Y,N,LOWER MAINLAND,100 AVE & 152 ST,100 AVE,100 AVE,12:00-14:59,1,0
N,PROPERTY DAMAGE ONLY,168 ST,N,2021,FRIDAY,REAR END,Y,Y,49.031059,-122.757133,N,APRIL,N,SURREY,SURREY,SURREY,N,N,N,LOWER MAINLAND,16 AVE & 168 ST,16 AVE,16 AVE,12:00-14:59,1,0
N,PROPERTY DAMAGE ONLY,17 AVE,N,2021,FRIDAY,UNDETERMINED,N,Y,49.032929,-122.801212,N,APRIL,N,SURREY,SURREY,SURREY,N,N,N,LOWER MAINLAND,152 ST & 17 AVE,152 ST,152 ST,12:00-14:59,1,0
N,PROPERTY DAMAGE ONLY,17TH ST,N,2021,FRIDAY,REAR END,N,Y,49.327683,-123.160238,N,APRIL,N,WEST VANCOUVER,WEST VANCOUVER,WEST VANCOUVER,Y,Y,N,LOWER MAINLAND,17TH ST & BELLEVUE AVE,BELLEVUE AVE,BELLEVUE AVE,12:00-14:59,1,0
N,PROPERTY DAMAGE ONLY,18 ST,N,2021,FRIDAY,UNDETERMINED,N,Y,50.265353,-119.255304,N,APRIL,N,VERNON,VERNON,VERNON,Y,N,N,SOUTHERN INTERIOR,18 ST & 32 AVE,32 AVE,32 AVE,12:00-14:59,1,0
N,PROPERTY DAMAGE ONLY,18TH AVE,N,2021,FRIDAY,UNDETERMINED,Y,N,\N,\N,N,APRIL,N,WHITE ROCK,WHITE ROCK,\N,N,N,N,LOWER MAINLAND,UNKNOWN,152ND ST,152ND ST,12:00-14:59,1,0
N,PROPERTY DAMAGE ONLY,196 ST,N,2021,FRIDAY,REAR END,N,Y,49.133605,-122.67955,N,APRIL,N,LANGLEY,LANGLEY,LANGLEY & SURREY,N,N,N,LOWER MAINLAND,196 ST & 72 AVE,72 AVE,72 AVE,12:00-14:59,1,0
N,PROPERTY DAMAGE ONLY,198 ST,N,2021,FRIDAY,SIDE SWIPE - SAME DIRECTION,N,Y,49.119019,-122.674716,N,APRIL,N,LANGLEY,LANGLEY,LANGLEY,N,N,N,LOWER MAINLAND,198 ST & 64 AVE,64 AVE,64 AVE,12:00-14:59,2,0
N,PROPERTY DAMAGE ONLY,200 ST,N,2021,FRIDAY,REAR END,N,Y,49.078299,-122.669346,N,APRIL,N,LANGLEY,LANGLEY,LANGLEY,N,N,N,LOWER MAINLAND,200 ST & 42 AVE,42 AVE,42 AVE,12:00-14:59,1,0
N,PROPERTY DAMAGE ONLY,200 ST,N,2021,FRIDAY,SIDE IMPACT,N,Y,49.113414,-122.668651,N,APRIL,N,LANGLEY,LANGLEY,LANGLEY,N,N,N,LOWER MAINLAND,200 ST & LANGLEY BYPASS & TURNING LANE,HWY 10,HWY 10,12:00-14:59,1,0
N,PROPERTY DAMAGE ONLY,201 ST,N,2021,FRIDAY,UNDETERMINED,N,Y,49.173334,-122.667481,N,APRIL,N,LANGLEY,LANGLEY,LANGLEY,N,N,N,LOWER MAINLAND,200 ST & 201 ST & TURNING LANE,200 ST,200 ST,12:00-14:59,1,0
N,PROPERTY DAMAGE ONLY,203 ST,N,2021,FRIDAY,REAR END,N,Y,49.219239,-122.657635,N,APRIL,N,MAPLE RIDGE,MAPLE RIDGE,MAPLE RIDGE,N,N,N,LOWER MAINLAND,203 ST & LOUGHEED HWY,LOUGHEED HWY,LOUGHEED HWY,12:00-14:59,1,0
N,PROPERTY DAMAGE ONLY,204 ST,N,2021,FRIDAY,REAR TO REAR,N,Y,49.104688,-122.656269,N,APRIL,N,LANGLEY,LANGLEY,LANGLEY,N,Y,N,LOWER MAINLAND,204 ST & FRASER HWY & GLOVER RD,FRASER HWY,FRASER HWY,12:00-14:59,1,0
N,PROPERTY DAMAGE ONLY,204 ST,N,2021,FRIDAY,SINGLE VEHICLE,N,N,\N,\N,N,APRIL,N,UNKNOWN,UNKNOWN,\N,N,N,N,UNKNOWN,UNKNOWN,88 AVE,88 AVE,12:00-14:59,1,0
N,PROPERTY DAMAGE ONLY,216 ST,N,2021,FRIDAY,SIDE SWIPE - SAME DIRECTION,N,Y,49.220566,-122.622749,N,APRIL,N,MAPLE RIDGE,MAPLE RIDGE,MAPLE RIDGE,N,N,N,LOWER MAINLAND,216 ST & DEWDNEY TRUNK RD,DEWDNEY TRUNK RD,DEWDNEY TRUNK RD,12:00-14:59,1,0
N,PROPERTY DAMAGE ONLY,21ST ST,N,2021,FRIDAY,REAR END,N,Y,49.329877,-123.168076,N,APRIL,N,WEST VANCOUVER,WEST VANCOUVER,WEST VANCOUVER,N,N,N,LOWER MAINLAND,21ST ST & MARINE DR,MARINE DR,MARINE DR,12:00-14:59,1,0
N,PROPERTY DAMAGE ONLY,24 AVE,N,2021,FRIDAY,REAR END,N,Y,49.045667,-122.746201,N,APRIL,N,SURREY,SURREY,SURREY,N,N,N,LOWER MAINLAND,172 ST & 24 AVE,172 ST,172 ST,12:00-14:59,1,0
N,PROPERTY DAMAGE ONLY,243 ST,N,2021,FRIDAY,SIDE SWIPE - SAME DIRECTION,N,Y,49.205771,-122.549773,N,APRIL,N,MAPLE RIDGE,MAPLE RIDGE,MAPLE RIDGE,Y,N,N,LOWER MAINLAND,112 AVE & 243 ST,112 AVE,112 AVE,12:00-14:59,1,0
N,PROPERTY DAMAGE ONLY,32 AVE,N,2021,FRIDAY,SIDE IMPACT,N,Y,49.060125,-122.680548,N,APRIL,N,LANGLEY,LANGLEY,LANGLEY & SURREY,N,N,N,LOWER MAINLAND,196 ST & 32 AVE,196 ST,196 ST,12:00-14:59,1,0
N,PROPERTY DAMAGE ONLY,33 ST,N,2021,FRIDAY,SIDE SWIPE - SAME DIRECTION,N,Y,50.265316,-119.275116,N,APRIL,N,VERNON,VERNON,VERNON,N,N,N,SOUTHERN INTERIOR,32 AVE & 33 ST,32 AVE,32 AVE,12:00-14:59,1,0
N,PROPERTY DAMAGE ONLY,4TH AVE,N,2021,FRIDAY,SIDE SWIPE - SAME DIRECTION,N,Y,53.917113,-122.74972,N,APRIL,N,PRINCE GEORGE,PRINCE GEORGE,PRINCE GEORGE,Y,N,N,NORTH CENTRAL,4TH AVE & VICTORIA ST,VICTORIA ST,VICTORIA ST,12:00-14:59,1,0
N,PROPERTY DAMAGE ONLY,64 AVE,N,2021,FRIDAY,REAR END,N,Y,49.118731,-122.71259,N,APRIL,N,SURREY,SURREY,SURREY,N,N,N,LOWER MAINLAND,184 ST & 64 AVE,184 ST,184 ST,12:00-14:59,1,0
N,PROPERTY DAMAGE ONLY,64 AVE,N,2021,FRIDAY,REAR END,N,Y,49.119069,-122.801005,N,APRIL,N,SURREY,SURREY,SURREY,N,N,N,LOWER MAINLAND,152 ST & 64 AVE,152 ST,152 ST,12:00-14:59,1,0
N,PROPERTY DAMAGE ONLY,71B AVE,N,2021,FRIDAY,SIDE IMPACT,N,Y,49.13269,-122.645953,N,APRIL,N,LANGLEY,LANGLEY,LANGLEY,N,N,N,LOWER MAINLAND,208 ST & 71B AVE,208 ST,208 ST,12:00-14:59,1,0
N,PROPERTY DAMAGE ONLY,72 AVE,N,2021,FRIDAY,UNDETERMINED,N,Y,49.133576,-122.838651,N,APRIL,N,SURREY,SURREY,SURREY,N,N,N,LOWER MAINLAND,138 ST & 72 AVE,138 ST,138 ST,12:00-14:59,1,0
N,PROPERTY DAMAGE ONLY,8 AVE,N,2021,FRIDAY,SIDE IMPACT,N,Y,49.01659,-122.668836,N,APRIL,N,LANGLEY,LANGLEY,LANGLEY,Y,Y,N,LOWER MAINLAND,200 ST & 8 AVE,200 ST,200 ST,12:00-14:59,1,0
N,PROPERTY DAMAGE ONLY,80 ST,N,2021,FRIDAY,SIDE SWIPE - SAME DIRECTION,Y,Y,49.140166,-123.000915,N,APRIL,N,DELTA,DELTA,DELTA,N,N,N,LOWER MAINLAND,80 ST & 80 ST CONN & PROGRESS WAY & UNSIGNED,PROGRESS WAY,PROGRESS WAY,12:00-14:59,1,0
N,PROPERTY DAMAGE ONLY,82 AVE,N,2021,FRIDAY,REAR END,N,Y,49.152259,-122.890381,N,APRIL,N,DELTA,DELTA,DELTA & SURREY,N,N,N,LOWER MAINLAND,120 ST & 82 AVE,SCOTT RD,SCOTT RD,12:00-14:59,1,0
N,PROPERTY DAMAGE ONLY,84 AVE,N,2021,FRIDAY,REAR END,N,Y,49.15802,-122.926587,N,APRIL,N,DELTA,DELTA,DELTA,N,N,N,LOWER MAINLAND,84 AVE & NORDEL WAY & TURNING LANE,NORDEL WAY,NORDEL WAY,12:00-14:59,1,0
N,PROPERTY DAMAGE ONLY,84 AVE,N,2021,FRIDAY,SIDE IMPACT,N,Y,49.155967,-122.906954,N,APRIL,N,DELTA,DELTA,DELTA,Y,Y,N,LOWER MAINLAND,114 ST & 84 AVE,114 ST,114 ST,12:00-14:59,1,0
N,PROPERTY DAMAGE ONLY,88 AVE,N,2021,FRIDAY,CONFLICTED,N,Y,49.163254,-122.90214,N,APRIL,N,DELTA,DELTA,DELTA,N,N,N,LOWER MAINLAND,116 ST & 88 AVE,116 ST,116 ST,12:00-14:59,1,0
N,PROPERTY DAMAGE ONLY,88 AVE,N,2021,FRIDAY,SIDE SWIPE - SAME DIRECTION,N,Y,49.162877,-122.799735,N,APRIL,N,SURREY,SURREY,SURREY,Y,N,N,LOWER MAINLAND,152A ST & 88 AVE,152A ST,152A ST,12:00-14:59,1,0
N,PROPERTY DAMAGE ONLY,8TH ST,N,2021,FRIDAY,REAR END,N,Y,50.709562,-120.365074,N,APRIL,N,KAMLOOPS,KAMLOOPS,KAMLOOPS,N,N,N,SOUTHERN INTERIOR,8TH ST & 8TH ST ONRAMP & BATCHELOR DR & HALSTON AVE & HALSTON AVE OFFRAMP & HALSTON AVE ONRAMP & TURNING LANE,HALSTON AVE,HALSTON AVE,12:00-14:59,1,0
N,PROPERTY DAMAGE ONLY,8TH ST,N,2021,FRIDAY,SIDE SWIPE - OPPOSITE DIRECTION,N,Y,50.705332,-120.364034,N,APRIL,N,KAMLOOPS,KAMLOOPS,KAMLOOPS,N,N,N,SOUTHERN INTERIOR,8TH ST & LETHBRIDGE AVE,LETHBRIDGE AVE,LETHBRIDGE AVE,12:00-14:59,1,0
N,PROPERTY DAMAGE ONLY,92 AVE,N,2021,FRIDAY,REAR END,N,Y,49.170083,-122.801281,N,APRIL,N,SURREY,SURREY,SURREY,N,N,N,LOWER MAINLAND,152 ST & 92 AVE,152 ST,152 ST,12:00-14:59,1,0
N,PROPERTY DAMAGE ONLY,96 AVE,N,2021,FRIDAY,SINGLE VEHICLE,N,Y,49.176959,-122.669433,N,APRIL,N,LANGLEY,LANGLEY,LANGLEY,N,N,N,LOWER MAINLAND,199A ST & 200 ST & 96 AVE,199A ST,199A ST,12:00-14:59,1,0
N,PROPERTY DAMAGE ONLY,96 AVE,N,2021,FRIDAY,UNDETERMINED,N,Y,49.17713,-122.881872,N,APRIL,N,SURREY,SURREY,SURREY,N,N,N,LOWER MAINLAND,123 ST & 96 AVE,123 ST,123 ST,12:00-14:59,1,0
N,PROPERTY DAMAGE ONLY,96 ST,N,2021,FRIDAY,REAR END,Y,Y,49.152882,-122.956188,N,APRIL,N,DELTA,DELTA,DELTA,N,N,N,LOWER MAINLAND,96 ST & RIVER RD & TURNING LANE,RIVER RD,RIVER RD,12:00-14:59,1,0
N,PROPERTY DAMAGE ONLY,9TH AVE S,N,2021,FRIDAY,SIDE IMPACT,N,Y,49.51215,-115.768959,N,APRIL,N,CRANBROOK,CRANBROOK,CRANBROOK,N,N,N,SOUTHERN INTERIOR,9TH AVE S & BAKER ST,BAKER ST,BAKER ST,12:00-14:59,1,0
N,PROPERTY DAMAGE ONLY,ACKROYD RD,N,2021,FRIDAY,SIDE SWIPE - SAME DIRECTION,N,Y,49.172017,-123.136554,N,APRIL,N,RICHMOND,RICHMOND,RICHMOND,N,N,N,LOWER MAINLAND,ACKROYD RD & NO 3 RD,NO 3 RD,NO 3 RD,12:00-14:59,1,0
N,PROPERTY DAMAGE ONLY,ALMA ST,N,2021,FRIDAY,UNDETERMINED,N,Y,49.263481,-123.185898,N,APRIL,N,VANCOUVER,VANCOUVER,VANCOUVER,N,Y,N,LOWER MAINLAND,ALMA ST & W 10TH AVE,W 10TH AVE,W 10TH AVE,12:00-14:59,1,0
N,PROPERTY DAMAGE ONLY,ARENA RD,N,2021,FRIDAY,UNDETERMINED,Y,Y,48.451857,-123.395831,N,APRIL,N,SAANICH,SAANICH,SAANICH,N,N,N,VANCOUVER ISLAND,ARENA RD & MADDOCK AVE W & TILLICUM RD,TILLICUM RD,TILLICUM RD,12:00-14:59,1,0
N,PROPERTY DAMAGE ONLY,AUSTIN AVE,N,2021,FRIDAY,REAR END,N,Y,49.248997,-122.862166,N,APRIL,N,COQUITLAM,COQUITLAM,COQUITLAM,N,N,N,LOWER MAINLAND,AUSTIN AVE & MARMONT ST,MARMONT ST,MARMONT ST,12:00-14:59,1,0
N,PROPERTY DAMAGE ONLY,AVEBURY AVE,N,2021,FRIDAY,SIDE SWIPE - SAME DIRECTION,N,Y,48.43619,-123.342265,N,APRIL,N,VICTORIA,VICTORIA,VICTORIA,N,N,N,VANCOUVER ISLAND,AVEBURY AVE & HAULTAIN ST,HAULTAIN ST,HAULTAIN ST,12:00-14:59,1,0
N,PROPERTY DAMAGE ONLY,BENTALL ST,N,2021,FRIDAY,SIDE IMPACT,N,Y,49.258131,-123.031992,N,APRIL,N,VANCOUVER,VANCOUVER,VANCOUVER,N,N,N,LOWER MAINLAND,BENTALL ST & GRANDVIEW HWY,GRANDVIEW HWY,GRANDVIEW HWY,12:00-14:59,1,0
N,PROPERTY DAMAGE ONLY,BERTRAM ST,N,2021,FRIDAY,REAR END,N,Y,49.886314,-119.490014,N,APRIL,N,KELOWNA,KELOWNA,KELOWNA,Y,N,N,SOUTHERN INTERIOR,BERNARD AVE & BERTRAM ST,BERNARD AVE,BERNARD AVE,12:00-14:59,1,0
N,PROPERTY DAMAGE ONLY,BEVERLY ST,N,2021,FRIDAY,REAR END,N,Y,48.786627,-123.706189,N,APRIL,N,DUNCAN,DUNCAN,DUNCAN,N,N,N,VANCOUVER ISLAND,BEVERLY ST & TRANS-CANADA HWY & TURNING LANE,HWY 1,HWY 1,12:00-14:59,1,0
N,PROPERTY DAMAGE ONLY,BLANSHARD ST,N,2021,FRIDAY,SINGLE VEHICLE,N,Y,48.423515,-123.362685,N,APRIL,N,VICTORIA,VICTORIA,VICTORIA,N,Y,N,VANCOUVER ISLAND,BLANSHARD ST & BROUGHTON ST,BROUGHTON ST,BROUGHTON ST,12:00-14:59,1,0
N,PROPERTY DAMAGE ONLY,BLENHEIM ST,N,2021,FRIDAY,REAR END,N,Y,49.23012,-123.178705,N,APRIL,N,VANCOUVER,VANCOUVER,VANCOUVER,N,N,N,LOWER MAINLAND,BLENHEIM ST & SW MARINE DR,SW MARINE DR,SW MARINE DR,12:00-14:59,1,0
N,PROPERTY DAMAGE ONLY,BONSON RD,N,2021,FRIDAY,SINGLE VEHICLE,N,Y,49.208391,-122.678349,N,APRIL,N,PITT MEADOWS,PITT MEADOWS,PITT MEADOWS,N,N,N,LOWER MAINLAND,AIRPORT WAY & BONSON RD,AIRPORT WAY,AIRPORT WAY,12:00-14:59,1,0
N,PROPERTY DAMAGE ONLY,BOURQUIN CRES W,Y,2021,FRIDAY,SINGLE VEHICLE,N,Y,49.050843,-122.310008,N,APRIL,N,ABBOTSFORD,ABBOTSFORD,ABBOTSFORD,N,N,N,LOWER MAINLAND,BOURQUIN CRES W & SOUTH FRASER WAY,SOUTH FRASER WAY,SOUTH FRASER WAY,12:00-14:59,1,0
N,PROPERTY DAMAGE ONLY,BOWEN RD,N,2021,FRIDAY,CONFLICTED,N,N,\N,\N,N,APRIL,N,NANAIMO,NANAIMO,\N,N,N,N,VANCOUVER ISLAND,UNKNOWN,ROSSTOWN RD,ROSSTOWN RD,12:00-14:59,1,0
N,PROPERTY DAMAGE ONLY,BRAID ST,N,2021,FRIDAY,SIDE IMPACT,Y,Y,49.231356,-122.882908,N,APRIL,N,NEW WESTMINSTER,NEW WESTMINSTER,NEW WESTMINSTER,N,N,N,LOWER MAINLAND,BRAID ST & BRUNETTE AVE,BRUNETTE AVE,BRUNETTE AVE,12:00-14:59,1,0
N,PROPERTY DAMAGE ONLY,BREDIN RD,N,2021,FRIDAY,SIDE IMPACT,N,Y,49.880444,-119.452429,N,APRIL,N,KELOWNA,KELOWNA,KELOWNA,Y,Y,N,SOUTHERN INTERIOR,BREDIN RD & WINDSOR RD,WINDSOR RD,WINDSOR RD,12:00-14:59,1,0
N,PROPERTY DAMAGE ONLY,BRIGHTON AVE,N,2021,FRIDAY,UNDETERMINED,N,Y,49.250802,-122.919011,N,APRIL,N,BURNABY,BURNABY,BURNABY,Y,Y,N,LOWER MAINLAND,BRIGHTON AVE & GOVERNMENT RD,GOVERNMENT ST,GOVERNMENT ST,12:00-14:59,1,0
N,PROPERTY DAMAGE ONLY,BROMLEY ST,N,2021,FRIDAY,SINGLE VEHICLE,N,Y,49.249091,-122.818827,N,APRIL,N,COQUITLAM,COQUITLAM,COQUITLAM,N,Y,N,LOWER MAINLAND,AUSTIN AVE & BROMLEY ST,AUSTIN AVE,AUSTIN AVE,12:00-14:59,1,0
N,PROPERTY DAMAGE ONLY,BRUNETTE AVE,N,2021,FRIDAY,SIDE SWIPE - SAME DIRECTION,Y,Y,49.222322,-122.892805,N,APRIL,N,NEW WESTMINSTER,NEW WESTMINSTER,NEW WESTMINSTER,N,N,N,LOWER MAINLAND,BRUNETTE AVE & DEBECK ST & E COLUMBIA ST & STRAND AVE & TURNING LANE,E COLUMBIA ST,E COLUMBIA ST,12:00-14:59,1,0
N,PROPERTY DAMAGE ONLY,BRUNETTE AVE,N,2021,FRIDAY,SINGLE VEHICLE,N,Y,49.234521,-122.878438,N,APRIL,N,COQUITLAM,COQUITLAM,COQUITLAM & NEW WESTMINSTER,N,N,N,LOWER MAINLAND,BRUNETTE AVE & BRUNETTE AVE OFFRAMP & BRUNETTE AVE ONRAMP & TRANS-CANADA HWY,HWY 1,HWY 1,12:00-14:59,2,0
N,PROPERTY DAMAGE ONLY,BRUNETTE AVE OFFRAMP,N,2021,FRIDAY,REAR END,N,Y,49.234521,-122.878438,N,APRIL,N,COQUITLAM,COQUITLAM,COQUITLAM & NEW WESTMINSTER,N,N,N,LOWER MAINLAND,BRUNETTE AVE & BRUNETTE AVE OFFRAMP & BRUNETTE AVE ONRAMP & TRANS-CANADA HWY,HWY 1,HWY 1,12:00-14:59,1,0
N,PROPERTY DAMAGE ONLY,BURNSIDE RD W,N,2021,FRIDAY,SINGLE VEHICLE,N,Y,48.454222,-123.393141,N,APRIL,N,SAANICH,SAANICH,SAANICH,N,Y,N,VANCOUVER ISLAND,BURNSIDE RD W & TILLICUM RD & TURNING LANE,TILLICUM RD,TILLICUM RD,12:00-14:59,1,0
N,PROPERTY DAMAGE ONLY,BURRARD ST,N,2021,FRIDAY,UNDETERMINED,N,N,\N,\N,N,APRIL,N,VANCOUVER,VANCOUVER,\N,Y,N,N,LOWER MAINLAND,UNKNOWN,WHYTE AVE,WHYTE AVE,12:00-14:59,1,0
N,PROPERTY DAMAGE ONLY,CAMBIE RD,N,2021,FRIDAY,SIDE SWIPE - OPPOSITE DIRECTION,N,Y,49.184685,-123.132463,N,APRIL,N,RICHMOND,RICHMOND,RICHMOND,N,Y,N,LOWER MAINLAND,CAMBIE RD & HAZELBRIDGE WAY,HAZELBRIDGE WAY,HAZELBRIDGE WAY,12:00-14:59,1,0
N,PROPERTY DAMAGE ONLY,CAMBIE ST,N,2021,FRIDAY,SIDE IMPACT,N,Y,49.241084,-123.118437,N,APRIL,N,VANCOUVER,VANCOUVER,VANCOUVER,N,N,N,LOWER MAINLAND,CAMBIE ST & W 33RD AVE,W 33RD AVE,W 33RD AVE,12:00-14:59,1,0
N,PROPERTY DAMAGE ONLY,CARDINAL AVE,N,2021,FRIDAY,SINGLE VEHICLE,N,Y,49.056536,-122.37044,N,APRIL,N,ABBOTSFORD,ABBOTSFORD,ABBOTSFORD,N,N,N,LOWER MAINLAND,BLUE JAY ST & CARDINAL AVE,BLUE JAY ST,BLUE JAY ST,12:00-14:59,1,0
N,PROPERTY DAMAGE ONLY,CARIBOO RD,N,2021,FRIDAY,SINGLE VEHICLE,N,Y,49.238846,-122.907176,N,APRIL,N,BURNABY,BURNABY,BURNABY,N,N,N,LOWER MAINLAND,16TH AVE & CARIBOO RD,16TH AVE,16TH AVE,12:00-14:59,1,0
N,PROPERTY DAMAGE ONLY,CARRINGTON RD,N,2021,FRIDAY,REAR END,N,Y,49.839239,-119.608553,N,APRIL,N,WEST KELOWNA,WEST KELOWNA,WEST KELOWNA,N,N,N,SOUTHERN INTERIOR,CARRINGTON RD & ELK RD,ELK RD,ELK RD,12:00-14:59,1,0
N,PROPERTY DAMAGE ONLY,CEDAR VALLEY CONNECTR,N,2021,FRIDAY,REAR END,N,Y,49.132934,-122.32613,N,APRIL,N,MISSION,MISSION,MISSION,N,N,N,LOWER MAINLAND,CEDAR VALLEY CONN & HWY 11 & LOUGHEED HWY & MALL ACCESS & TURNING LANE,LOUGHEED HWY,LOUGHEED HWY,12:00-14:59,1,0
N,PROPERTY DAMAGE ONLY,CHANNEL PKY,N,2021,FRIDAY,REAR END,N,Y,49.47213,-119.595518,N,APRIL,N,PENTICTON,PENTICTON,PENTICTON,N,N,N,SOUTHERN INTERIOR,CHANNEL PKY & WARREN AVE W,WARREN AVE W,WARREN AVE W,12:00-14:59,1,0
N,PROPERTY DAMAGE ONLY,CHERRY CREEK RD,N,2021,FRIDAY,SIDE IMPACT,N,Y,49.265794,-124.788449,N,APRIL,N,PORT ALBERNI,PORT ALBERNI,PORT ALBERNI,Y,Y,N,VANCOUVER ISLAND,CHERRY CREEK RD & JOHNSTON RD & TURNING LANE,JOHNSTON RD,JOHNSTON RD,12:00-14:59,1,0
N,PROPERTY DAMAGE ONLY,CHESTERFIELD AVE,N,2021,FRIDAY,REAR END,N,Y,48.784783,-123.692558,N,APRIL,N,DUNCAN,DUNCAN,DUNCAN,N,N,N,VANCOUVER ISLAND,BEVERLY ST & CHESTERFIELD AVE,BEVERLY ST,BEVERLY ST,12:00-14:59,1,0
N,PROPERTY DAMAGE ONLY,CLARK DR,N,2021,FRIDAY,SINGLE VEHICLE,N,Y,49.262392,-123.077552,N,APRIL,N,VANCOUVER,VANCOUVER,VANCOUVER,N,N,N,LOWER MAINLAND,CLARK DR & E BROADWAY,E BROADWAY,E BROADWAY,12:00-14:59,1,0
N,PROPERTY DAMAGE ONLY,CLIFFE AVE STRATA RD,N,2021,FRIDAY,REAR END,N,Y,49.670884,-124.979416,N,APRIL,N,COURTENAY,COURTENAY,COURTENAY,N,N,N,VANCOUVER ISLAND,CLIFFE AVE,HWY 19A,HWY 19A,12:00-14:59,1,0
N,PROPERTY DAMAGE ONLY,COLUMBIA ST,N,2021,FRIDAY,SIDE IMPACT,N,Y,49.26923,-123.109427,N,APRIL,N,VANCOUVER,VANCOUVER,VANCOUVER,N,N,N,LOWER MAINLAND,COLUMBIA ST & W 2ND AVE,W 2ND AVE,W 2ND AVE,12:00-14:59,1,0
N,PROPERTY DAMAGE ONLY,COLUMBIA ST,N,2021,FRIDAY,SIDE SWIPE - SAME DIRECTION,N,Y,49.229622,-123.11086,N,APRIL,N,VANCOUVER,VANCOUVER,VANCOUVER,N,N,N,LOWER MAINLAND,COLUMBIA ST & W 45TH AVE,W 45TH AVE,W 45TH AVE,12:00-14:59,1,0
N,PROPERTY DAMAGE ONLY,COMMERCIAL DR,N,2021,FRIDAY,REAR END,N,Y,49.262326,-123.069794,N,APRIL,N,VANCOUVER,VANCOUVER,VANCOUVER,N,N,N,LOWER MAINLAND,COMMERCIAL DR & E BROADWAY,E BROADWAY,E BROADWAY,12:00-14:59,1,0
N,PROPERTY DAMAGE ONLY,COMMERCIAL DRIVE,N,2021,FRIDAY,UNDETERMINED,N,N,\N,\N,N,APRIL,N,VANCOUVER,VANCOUVER,\N,Y,N,N,LOWER MAINLAND,UNKNOWN,W 5TH AVE,W 5TH AVE,12:00-14:59,1,0
N,PROPERTY DAMAGE ONLY,CONCORD RD,N,2021,FRIDAY,SIDE SWIPE - OPPOSITE DIRECTION,Y,Y,49.862834,-119.563583,N,APRIL,N,WEST KELOWNA,WEST KELOWNA,WEST KELOWNA,N,N,N,SOUTHERN INTERIOR,CONCORD RD & HUDSON RD,HUDSON RD,HUDSON RD,12:00-14:59,1,0
N,PROPERTY DAMAGE ONLY,CONDUCTOR DR,N,2021,FRIDAY,UNDETERMINED,N,Y,49.058314,-122.448782,N,APRIL,N,ABBOTSFORD,ABBOTSFORD,ABBOTSFORD,Y,N,N,LOWER MAINLAND,CONDUCTOR DR & LEFEUVRE RD,LEFEUVRE RD,LEFEUVRE RD,12:00-14:59,1,0
N,PROPERTY DAMAGE ONLY,COWRIE ST,N,2021,FRIDAY,UNDETERMINED,N,Y,49.47239,-123.759112,N,APRIL,N,SECHELT,SECHELT,SECHELT,N,N,N,LOWER MAINLAND,COWRIE ST & TRAIL AVE,TRAIL AVE,TRAIL AVE,12:00-14:59,1,0
N,PROPERTY DAMAGE ONLY,DAWSON ST,N,2021,FRIDAY,REAR TO REAR,N,Y,49.264444,-123.008764,N,APRIL,N,BURNABY,BURNABY,BURNABY,N,N,N,LOWER MAINLAND,DAWSON ST & MADISON AVE,MADISON AVE,MADISON AVE,12:00-14:59,1,0
N,PROPERTY DAMAGE ONLY,DEWDNEY TRUNK RD,N,2021,FRIDAY,REAR END,N,Y,49.220463,-122.601689,N,APRIL,N,MAPLE RIDGE,MAPLE RIDGE,MAPLE RIDGE,N,N,N,LOWER MAINLAND,224 ST & DEWDNEY TRUNK RD,224 ST,224 ST,12:00-14:59,1,0
N,PROPERTY DAMAGE ONLY,DUNCAN ST,N,2021,FRIDAY,UNDETERMINED,N,Y,49.8359,-124.51913,N,APRIL,N,POWELL RIVER,POWELL RIVER,POWELL RIVER,Y,Y,N,VANCOUVER ISLAND,DUNCAN ST & FRANKLIN AVE,FRANKLIN AVE,FRANKLIN AVE,12:00-14:59,1,0
N,PROPERTY DAMAGE ONLY,E 19TH ST,N,2021,FRIDAY,UNDETERMINED,N,Y,49.326226,-123.072214,N,APRIL,N,NORTH VANCOUVER,NORTH VANCOUVER,NORTH VANCOUVER,Y,Y,N,LOWER MAINLAND,E 19TH ST & LONSDALE AVE & W 19TH ST,LONSDALE AVE,LONSDALE AVE,12:00-14:59,1,0
N,PROPERTY DAMAGE ONLY,E 22ND AVE,N,2021,FRIDAY,REAR TO REAR,Y,Y,49.250607,-123.033814,N,APRIL,N,VANCOUVER,VANCOUVER,VANCOUVER,Y,N,N,LOWER MAINLAND,E 22ND AVE & RUPERT ST,RUPERT ST,RUPERT ST,12:00-14:59,1,0
N,PROPERTY DAMAGE ONLY,E 2ND AVE,N,2021,FRIDAY,SIDE SWIPE - OPPOSITE DIRECTION,Y,Y,49.268754,-123.077385,N,APRIL,N,VANCOUVER,VANCOUVER,VANCOUVER,N,N,N,LOWER MAINLAND,CLARK DR & E 2ND AVE,CLARK DR,CLARK DR,12:00-14:59,1,0
N,PROPERTY DAMAGE ONLY,E 3RD AVE,N,2021,FRIDAY,UNDETERMINED,Y,Y,49.267849,-123.07738,N,APRIL,N,VANCOUVER,VANCOUVER,VANCOUVER,N,N,N,LOWER MAINLAND,CLARK DR & E 3RD AVE,CLARK DR,CLARK DR,12:00-14:59,1,0
N,PROPERTY DAMAGE ONLY,E 41ST AVE,N,2021,FRIDAY,CONFLICTED,Y,Y,49.232692,-123.077064,N,APRIL,N,VANCOUVER,VANCOUVER,VANCOUVER,N,N,N,LOWER MAINLAND,E 41ST AVE & KNIGHT ST,KNIGHT ST,KNIGHT ST,12:00-14:59,1,0
N,PROPERTY DAMAGE ONLY,E 54TH AVE,N,2021,FRIDAY,SIDE IMPACT,N,Y,49.220159,-123.041281,N,APRIL,N,VANCOUVER,VANCOUVER,VANCOUVER,Y,Y,N,LOWER MAINLAND,E 54TH AVE & KERR ST,KERR ST,KERR ST,12:00-14:59,1,0
N,PROPERTY DAMAGE ONLY,E 5TH ST,Y,2021,FRIDAY,SINGLE VEHICLE,N,Y,49.266413,-123.100788,N,APRIL,N,VANCOUVER,VANCOUVER,VANCOUVER,N,N,N,LOWER MAINLAND,E 5TH AVE & E 5TH ST & MAIN ST,MAIN ST,MAIN ST,12:00-14:59,1,0
N,PROPERTY DAMAGE ONLY,E 61ST AVE,N,2021,FRIDAY,REAR END,Y,Y,49.214627,-123.077086,N,APRIL,N,VANCOUVER,VANCOUVER,VANCOUVER,N,N,N,LOWER MAINLAND,E 61ST AVE & KNIGHT ST,KNIGHT ST,KNIGHT ST,12:00-14:59,1,0
N,PROPERTY DAMAGE ONLY,E BROADWAY,N,2021,FRIDAY,SIDE SWIPE - SAME DIRECTION,N,Y,49.261898,-123.033733,N,APRIL,N,VANCOUVER,VANCOUVER,VANCOUVER,N,N,N,LOWER MAINLAND,E BROADWAY & RUPERT ST,RUPERT ST,RUPERT ST,12:00-14:59,1,0
N,PROPERTY DAMAGE ONLY,E BROADWAY,N,2021,FRIDAY,SINGLE VEHICLE,Y,Y,49.262891,-123.100284,N,APRIL,N,VANCOUVER,VANCOUVER,VANCOUVER,N,N,N,LOWER MAINLAND,E BROADWAY & WATSON ST,WATSON ST,WATSON ST,12:00-14:59,1,0
N,PROPERTY DAMAGE ONLY,E HASTINGS ST,N,2021,FRIDAY,SINGLE VEHICLE,N,Y,49.28117,-123.031463,N,APRIL,N,VANCOUVER,VANCOUVER,VANCOUVER,N,N,N,LOWER MAINLAND,BRIDGEWAY & CASSIAR CONN & E HASTINGS ST & E HASTINGS ST OFFRAMP & E HASTINGS ST ONRAMP & TRANS-CANADA HWY & TURNING LANE,CASSIAR CONNECTR,CASSIAR CONNECTR,12:00-14:59,1,0
N,PROPERTY DAMAGE ONLY,E KEITH RD,N,2021,FRIDAY,CONFLICTED,N,Y,49.313499,-123.05712,N,APRIL,N,NORTH VANCOUVER,NORTH VANCOUVER,NORTH VANCOUVER,N,N,N,LOWER MAINLAND,E KEITH RD & QUEENSBURY AVE,QUEENSBURY AVE,QUEENSBURY AVE,12:00-14:59,1,0
N,PROPERTY DAMAGE ONLY,FIFTH ST,N,2021,FRIDAY,SIDE SWIPE - OPPOSITE DIRECTION,N,Y,48.648937,-123.400296,N,APRIL,N,SIDNEY,SIDNEY,SIDNEY,Y,N,N,VANCOUVER ISLAND,BEACON AVE & FIFTH ST,BEACON AVE,BEACON AVE,12:00-14:59,1,0
N,PROPERTY DAMAGE ONLY,FLEMING ST,N,2021,FRIDAY,REAR END,N,Y,49.225257,-123.073161,N,APRIL,N,VANCOUVER,VANCOUVER,VANCOUVER,N,N,N,LOWER MAINLAND,E 49TH AVE & FLEMING ST,E 49TH AVE,E 49TH AVE,12:00-14:59,1,0
N,PROPERTY DAMAGE ONLY,FRANCIS RD,N,2021,FRIDAY,CONFLICTED,N,Y,49.148331,-123.18133,N,APRIL,N,RICHMOND,RICHMOND,RICHMOND,N,N,N,LOWER MAINLAND,FRANCIS RD & NO 1 RD,NO 1 RD,NO 1 RD,12:00-14:59,1,0
N,PROPERTY DAMAGE ONLY,FRASER HWY,N,2021,FRIDAY,UNDETERMINED,N,Y,49.166096,-122.801369,N,APRIL,N,SURREY,SURREY,SURREY,N,Y,N,LOWER MAINLAND,152 ST & FRASER HWY & TURNING LANE,152 ST,152 ST,12:00-14:59,1,0
N,PROPERTY DAMAGE ONLY,GARDEN CITY RD,N,2021,FRIDAY,UNDETERMINED,N,Y,49.177297,-123.124564,N,APRIL,N,RICHMOND,RICHMOND,RICHMOND,N,N,N,LOWER MAINLAND,ALDERBRIDGE WAY & GARDEN CITY RD & TURNING LANE,ALDERBRIDGE WAY,ALDERBRIDGE WAY,12:00-14:59,1,0
N,PROPERTY DAMAGE ONLY,GEORGIA ST,N,2021,FRIDAY,REAR END,N,N,\N,\N,N,APRIL,N,VANCOUVER,VANCOUVER,\N,Y,Y,N,LOWER MAINLAND,UNKNOWN,JERVIS ST,JERVIS ST,12:00-14:59,1,0
N,PROPERTY DAMAGE ONLY,GILMORE AVE,N,2021,FRIDAY,CONFLICTED,N,N,\N,\N,N,APRIL,N,BURNABY,BURNABY,\N,N,N,N,LOWER MAINLAND,UNKNOWN,E HASTINGS ST,E HASTINGS ST,12:00-14:59,1,0
N,PROPERTY DAMAGE ONLY,GILMORE AVE,N,2021,FRIDAY,UNDETERMINED,N,Y,49.268469,-123.014282,N,APRIL,N,BURNABY,BURNABY,BURNABY,N,N,N,LOWER MAINLAND,2ND AVE & GILMORE AVE,2ND AVE,2ND AVE,12:00-14:59,1,0
N,PROPERTY DAMAGE ONLY,GLADSTONE ST,N,2021,FRIDAY,SIDE SWIPE - SAME DIRECTION,N,Y,49.243562,-123.06181,N,APRIL,N,VANCOUVER,VANCOUVER,VANCOUVER,Y,N,N,LOWER MAINLAND,GLADSTONE ST & KINGSWAY,KINGSWAY,KINGSWAY,12:00-14:59,1,0
N,PROPERTY DAMAGE ONLY,GLEN DR,N,2021,FRIDAY,UNDETERMINED,N,Y,49.252948,-123.081798,N,APRIL,N,VANCOUVER,VANCOUVER,VANCOUVER,N,N,N,LOWER MAINLAND,GLEN DR & KINGSWAY,KINGSWAY,KINGSWAY,12:00-14:59,1,0
N,PROPERTY DAMAGE ONLY,GLENAYRE DR,N,2021,FRIDAY,SIDE SWIPE - SAME DIRECTION,N,Y,49.270011,-122.879339,N,APRIL,N,COQUITLAM,COQUITLAM,COQUITLAM,N,N,N,LOWER MAINLAND,CLARKE RD & GLENAYRE DR,CLARKE RD,CLARKE RD,12:00-14:59,1,0
N,PROPERTY DAMAGE ONLY,GRANVILLE AVE,N,2021,FRIDAY,REAR END,N,Y,49.162822,-123.181203,N,APRIL,N,RICHMOND,RICHMOND,RICHMOND,N,N,N,LOWER MAINLAND,GRANVILLE AVE & NO 1 RD,NO 1 RD,NO 1 RD,12:00-14:59,1,0
N,PROPERTY DAMAGE ONLY,GRANVILLE AVE,N,2021,FRIDAY,SIDE SWIPE - SAME DIRECTION,N,Y,49.162725,-123.136579,N,APRIL,N,RICHMOND,RICHMOND,RICHMOND,N,N,N,LOWER MAINLAND,GRANVILLE AVE & NO 3 RD,NO 3 RD,NO 3 RD,12:00-14:59,1,0
N,PROPERTY DAMAGE ONLY,GRANVILLE ST,N,2021,FRIDAY,SINGLE VEHICLE,Y,Y,49.228775,-123.139736,N,APRIL,N,VANCOUVER,VANCOUVER,VANCOUVER,N,N,N,LOWER MAINLAND,GRANVILLE ST & W 47TH AVE,W 47TH AVE,W 47TH AVE,12:00-14:59,1,0
N,PROPERTY DAMAGE ONLY,GRAVELEY ST,N,2021,FRIDAY,SIDE SWIPE - SAME DIRECTION,N,Y,49.270328,-123.026886,N,APRIL,N,VANCOUVER,VANCOUVER,VANCOUVER,N,N,N,LOWER MAINLAND,GRAVELEY ST & KOOTENAY ST,KOOTENAY ST,KOOTENAY ST,12:00-14:59,1,0
N,PROPERTY DAMAGE ONLY,GROVES AVE,N,2021,FRIDAY,REAR END,N,Y,49.863682,-119.491228,N,APRIL,N,KELOWNA,KELOWNA,KELOWNA,N,N,N,SOUTHERN INTERIOR,GROVES AVE & PANDOSY ST,PANDOSY ST,PANDOSY ST,12:00-14:59,1,0
N,PROPERTY DAMAGE ONLY,GUILDFORD WAY,N,2021,FRIDAY,UNDETERMINED,N,Y,49.285168,-122.801625,N,APRIL,N,COQUITLAM,COQUITLAM,COQUITLAM,N,N,N,LOWER MAINLAND,GUILDFORD WAY & JOHNSON ST,JOHNSON ST,JOHNSON ST,12:00-14:59,1,0
N,PROPERTY DAMAGE ONLY,HARBOURFRONT DR NE,N,2021,FRIDAY,SIDE IMPACT,N,Y,50.704435,-119.283776,N,APRIL,N,SALMON ARM,SALMON ARM,SALMON ARM,N,N,N,SOUTHERN INTERIOR,HARBOURFRONT DR NE & ROSS ST NE,ROSS ST NE,ROSS ST NE,12:00-14:59,1,0
N,PROPERTY DAMAGE ONLY,HARO ST,N,2021,FRIDAY,UNDETERMINED,N,Y,49.283895,-123.125911,N,APRIL,N,VANCOUVER,VANCOUVER,VANCOUVER,Y,N,N,LOWER MAINLAND,HARO ST & THURLOW ST,THURLOW ST,THURLOW ST,12:00-14:59,1,0
N,PROPERTY DAMAGE ONLY,HAROLD ST,N,2021,FRIDAY,SIDE IMPACT,N,Y,49.233626,-123.03491,N,APRIL,N,VANCOUVER,VANCOUVER,VANCOUVER,N,Y,N,LOWER MAINLAND,HAROLD ST & KINGSWAY,KINGSWAY,KINGSWAY,12:00-14:59,1,0
N,PROPERTY DAMAGE ONLY,HARVEY AVE,N,2021,FRIDAY,CONFLICTED,N,Y,49.881947,-119.454569,N,APRIL,N,KELOWNA,KELOWNA,KELOWNA,N,Y,N,SOUTHERN INTERIOR,HARVEY AVE & SPALL RD & TURNING LANE,SPALL RD,SPALL RD,12:00-14:59,1,0
N,PROPERTY DAMAGE ONLY,HASTINGS ST,N,2021,FRIDAY,REAR END,N,Y,49.270082,-122.782324,N,APRIL,N,PORT COQUITLAM,PORT COQUITLAM,PORT COQUITLAM,N,N,N,LOWER MAINLAND,HASTINGS ST & LOUGHEED HWY & TURNING LANE,LOUGHEED HWY,LOUGHEED HWY,12:00-14:59,1,0
N,PROPERTY DAMAGE ONLY,HIGH STREET,N,2021,FRIDAY,SIDE SWIPE - SAME DIRECTION,N,N,\N,\N,N,APRIL,N,ABBOTSFORD,ABBOTSFORD,\N,N,N,N,LOWER MAINLAND,UNKNOWN,MOUNT LEHMAN,MOUNT LEHMAN,12:00-14:59,1,0
N,PROPERTY DAMAGE ONLY,HIGHBURY ST,N,2021,FRIDAY,UNDETERMINED,N,Y,49.262577,-123.187847,N,APRIL,N,VANCOUVER,VANCOUVER,VANCOUVER,N,N,N,LOWER MAINLAND,HIGHBURY ST & W 11TH AVE,W 11TH AVE,W 11TH AVE,12:00-14:59,1,0
N,PROPERTY DAMAGE ONLY,HILLSIDE AVE,N,2021,FRIDAY,UNDETERMINED,N,Y,48.44373,-123.338151,N,APRIL,N,VICTORIA,VICTORIA,VICTORIA,N,N,N,VANCOUVER ISLAND,DONCASTER DR & HILLSIDE AVE,DONCASTER DR,DONCASTER DR,12:00-14:59,1,0
N,PROPERTY DAMAGE ONLY,HOMER ST,N,2021,FRIDAY,HEAD ON,N,Y,49.279473,-123.116882,N,APRIL,N,VANCOUVER,VANCOUVER,VANCOUVER,N,N,N,LOWER MAINLAND,HOMER ST & ROBSON ST,ROBSON ST,ROBSON ST,12:00-14:59,1,0
N,PROPERTY DAMAGE ONLY,HORNBY DR,N,2021,FRIDAY,SIDE IMPACT,N,Y,49.090494,-122.959532,N,APRIL,Y,DELTA,DELTA,DELTA,N,N,N,LOWER MAINLAND,96 ST & HORNBY DR & HWY 10 & HWY 99 & LADNER TRUNK RD & LADNER TRUNK RD OFFRAMP & LADNER TRUNK RD ONRAMP,LADNER TRUNK RD,LADNER TRUNK RD,12:00-14:59,1,0
N,PROPERTY DAMAGE ONLY,HWY 1,N,2021,FRIDAY,CONFLICTED,Y,Y,49.144793,-121.962073,N,APRIL,N,CHILLIWACK,CHILLIWACK,CHILLIWACK,N,N,N,LOWER MAINLAND,TRANS-CANADA HWY & VEDDER RD & VEDDER RD OFFRAMP & VEDDER RD ONRAMP,VEDDER RD,VEDDER RD,12:00-14:59,1,0
N,PROPERTY DAMAGE ONLY,HWY 1,N,2021,FRIDAY,SINGLE VEHICLE,N,Y,49.033431,-122.266381,N,APRIL,N,ABBOTSFORD,ABBOTSFORD,ABBOTSFORD,N,N,N,LOWER MAINLAND,LONZO RD & SUMAS WAY & SUMAS WAY OFFRAMP & SUMAS WAY ONRAMP & TRANS-CANADA HWY & TURNING LANE,SUMAS WAY,SUMAS WAY,12:00-14:59,1,0
N,PROPERTY DAMAGE ONLY,HWY 1,N,2021,FRIDAY,UNDETERMINED,N,Y,49.33199,-123.088135,N,APRIL,N,NORTH VANCOUVER,NORTH VANCOUVER,NORTH VANCOUVER,N,N,N,LOWER MAINLAND,MOSQUITO CREEK BRIDGE & TRANS-CANADA HWY & WESTVIEW DR & WESTVIEW DR OFFRAMP & WESTVIEW DR ONRAMP & TURNING LANE,WESTVIEW DR,WESTVIEW DR,12:00-14:59,1,0
N,PROPERTY DAMAGE ONLY,HWY 10,N,2021,FRIDAY,REAR END,N,Y,49.104511,-122.831256,N,APRIL,N,SURREY,SURREY,SURREY,N,N,N,LOWER MAINLAND,56 AVE & 58 AVE & KING GEORGE BLVD & TURNING LANE,KING GEORGE BLVD,KING GEORGE BLVD,12:00-14:59,1,0
N,PROPERTY DAMAGE ONLY,HWY 33,N,2021,FRIDAY,UNDETERMINED,N,Y,49.889477,-119.420504,N,APRIL,N,KELOWNA,KELOWNA,KELOWNA,Y,Y,N,SOUTHERN INTERIOR,HWY 33 W & HWY 97 N & TURNING LANE,HWY 97,HWY 97,12:00-14:59,1,0
N,PROPERTY DAMAGE ONLY,HWY 97,N,2021,FRIDAY,REAR END,N,N,\N,\N,N,APRIL,N,WEST KELOWNA,WEST KELOWNA,\N,N,N,N,SOUTHERN INTERIOR,UNKNOWN,UNKNOWN,UNKNOWN,12:00-14:59,1,0
N,PROPERTY DAMAGE ONLY,HWY 97,N,2021,FRIDAY,REAR END,N,N,\N,\N,N,APRIL,N,WILLIAMS LAKE,WILLIAMS LAKE,\N,N,N,N,NORTH CENTRAL,UNKNOWN,HWY 20,HWY 20,12:00-14:59,1,0
N,PROPERTY DAMAGE ONLY,HWY 99 ONRAMP,N,2021,FRIDAY,SIDE SWIPE - SAME DIRECTION,N,Y,49.031046,-122.769313,N,APRIL,N,SURREY,SURREY,SURREY,N,N,N,LOWER MAINLAND,16 AVE & 16 AVE OFFRAMP & HWY 99 & HWY 99 ONRAMP,16 AVE,16 AVE,12:00-14:59,1,0
N,PROPERTY DAMAGE ONLY,HYLAND RD,Y,2021,FRIDAY,SINGLE VEHICLE,N,Y,49.126435,-122.841571,N,APRIL,N,SURREY,SURREY,SURREY,N,N,Y,LOWER MAINLAND,137A ST & 138 ST & 68 AVE & HYLAND RD,138 ST,138 ST,12:00-14:59,1,0
N,PROPERTY DAMAGE ONLY,IMPERIAL ST,N,2021,FRIDAY,REAR END,N,Y,49.221947,-122.995826,N,APRIL,N,BURNABY,BURNABY,BURNABY,Y,N,N,LOWER MAINLAND,IMPERIAL ST & JUBILEE AVE,JUBILEE AVE,JUBILEE AVE,12:00-14:59,1,0
N,PROPERTY DAMAGE ONLY,IRONWORKERS MEMORIAL BRIDGE,N,2021,FRIDAY,REAR END,N,Y,49.304852,-123.027413,N,APRIL,N,NORTH VANCOUVER,NORTH VANCOUVER,NORTH VANCOUVER,N,N,N,LOWER MAINLAND,DOLLARTON HWY & DOLLARTON HWY OFFRAMP & DOLLARTON HWY ONRAMP & IRONWORKERS MEMORIAL BRIDGE & MAIN ST & MAIN ST OFFRAMP & MAIN ST ONRAMP & PHIBBS EXCHANGE & TRANS-CANADA HWY & EMERGENCY LANE & HIGHWAY RAMP & TURNING LANE,HWY 1,HWY 1,12:00-14:59,2,0
N,PROPERTY DAMAGE ONLY,JAMES ST,N,2021,FRIDAY,SIDE IMPACT,N,Y,49.134414,-122.307161,N,APRIL,N,MISSION,MISSION,MISSION,N,N,N,LOWER MAINLAND,1ST AVE & JAMES ST,1ST AVE,1ST AVE,12:00-14:59,1,0
N,PROPERTY DAMAGE ONLY,JINGLE POT RD,N,2021,FRIDAY,SIDE SWIPE - SAME DIRECTION,Y,Y,49.207107,-124.016742,N,APRIL,N,NANAIMO,NANAIMO,NANAIMO,N,N,N,VANCOUVER ISLAND,103RD ST & CORUNNA AVE & ISLAND HWY N & JINGLE POT RD & NORWELL DR & TURNING LANE,ISLAND HWY N,ISLAND HWY N,12:00-14:59,1,0
N,PROPERTY DAMAGE ONLY,KANAKA WAY,N,2021,FRIDAY,SIDE IMPACT,N,Y,49.205828,-122.55667,N,APRIL,N,MAPLE RIDGE,MAPLE RIDGE,MAPLE RIDGE,Y,Y,N,LOWER MAINLAND,112 AVE & 240 ST & KANAKA WAY,240 ST,240 ST,12:00-14:59,1,0
N,PROPERTY DAMAGE ONLY,KANGAROO RD,N,2021,FRIDAY,SINGLE VEHICLE,N,N,\N,\N,N,APRIL,N,VICTORIA,VICTORIA,\N,N,N,N,VANCOUVER ISLAND,UNKNOWN,SOOKE RD,SOOKE RD,12:00-14:59,1,0
N,PROPERTY DAMAGE ONLY,KASLO ST,N,2021,FRIDAY,CONFLICTED,N,Y,49.25819,-123.046994,N,APRIL,N,VANCOUVER,VANCOUVER,VANCOUVER,N,N,N,LOWER MAINLAND,GRANDVIEW HWY & KASLO ST,GRANDVIEW HWY,GRANDVIEW HWY,12:00-14:59,1,0
N,PROPERTY DAMAGE ONLY,KENSINGTON AVE OFFRAMP,N,2021,FRIDAY,SIDE SWIPE - SAME DIRECTION,Y,Y,49.243677,-122.967599,N,APRIL,N,BURNABY,BURNABY,BURNABY,N,N,N,LOWER MAINLAND,KENSINGTON AVE & KENSINGTON AVE OFFRAMP & TRANS-CANADA HWY & TRANS-CANADA HWY ONRAMP,HWY 1,HWY 1,12:00-14:59,1,0
N,PROPERTY DAMAGE ONLY,KEVIN PL,N,2021,FRIDAY,SINGLE VEHICLE,N,Y,49.247434,-123.201215,N,APRIL,N,UBC,UBC,UBC & VANCOUVER,N,N,N,LOWER MAINLAND,KEVIN PL & W 29TH AVE,W 29TH AVE,W 29TH AVE,12:00-14:59,1,0
N,PROPERTY DAMAGE ONLY,KILLARNEY ST,N,2021,FRIDAY,SIDE IMPACT,N,Y,49.236377,-123.045735,N,APRIL,N,VANCOUVER,VANCOUVER,VANCOUVER,N,N,N,LOWER MAINLAND,KILLARNEY ST & KINGSWAY,KINGSWAY,KINGSWAY,12:00-14:59,1,0
N,PROPERTY DAMAGE ONLY,KING GEORGE BLVD,N,2021,FRIDAY,REAR END,N,Y,49.162742,-122.845798,N,APRIL,N,SURREY,SURREY,SURREY,N,N,N,LOWER MAINLAND,88 AVE & KING GEORGE BLVD & TURNING LANE,88 AVE,88 AVE,12:00-14:59,1,0
N,PROPERTY DAMAGE ONLY,KING GEORGE HWY,N,2021,FRIDAY,CONFLICTED,N,Y,49.119042,-122.845493,N,APRIL,N,SURREY,SURREY,SURREY,N,N,N,LOWER MAINLAND,64 AVE & KING GEORGE BLVD & TURNING LANE,64 AVE,64 AVE,12:00-14:59,1,0
N,PROPERTY DAMAGE ONLY,KINGSWAY,N,2021,FRIDAY,CONFLICTED,N,Y,49.264471,-123.100924,N,APRIL,N,VANCOUVER,VANCOUVER,VANCOUVER,N,N,N,LOWER MAINLAND,E 7TH AVE & KINGSWAY & MAIN ST,MAIN ST,MAIN ST,12:00-14:59,1,0
N,PROPERTY DAMAGE ONLY,KINGSWAY,N,2021,FRIDAY,REAR END,N,Y,49.259878,-123.096571,N,APRIL,N,VANCOUVER,VANCOUVER,VANCOUVER,N,N,N,LOWER MAINLAND,E 12TH AVE & KINGSWAY,E 12TH AVE,E 12TH AVE,12:00-14:59,1,0
N,PROPERTY DAMAGE ONLY,KINGSWAY,N,2021,FRIDAY,SIDE IMPACT,N,Y,49.243562,-123.06181,N,APRIL,N,VANCOUVER,VANCOUVER,VANCOUVER,Y,Y,N,LOWER MAINLAND,GLADSTONE ST & KINGSWAY,GLADSTONE ST,GLADSTONE ST,12:00-14:59,1,0
N,PROPERTY DAMAGE ONLY,KIRKPATRICK CRES,N,2021,FRIDAY,CONFLICTED,N,Y,48.565136,-123.419894,N,APRIL,N,CENTRAL SAANICH,CENTRAL SAANICH,CENTRAL SAANICH,Y,N,N,VANCOUVER ISLAND,BUTLER CRES & KEATING CROSS RD & KIRKPATRICK CRES,KEATING CROSS RD,KEATING CROSS RD,12:00-14:59,1,0
N,PROPERTY DAMAGE ONLY,KLO RD,N,2021,FRIDAY,UNDETERMINED,N,Y,49.861989,-119.491229,N,APRIL,N,KELOWNA,KELOWNA,KELOWNA,N,Y,N,SOUTHERN INTERIOR,CEDAR AVE & KLO RD & LAKESHORE RD & PANDOSY ST,LAKESHORE RD,LAKESHORE RD,12:00-14:59,1,0
N,PROPERTY DAMAGE ONLY,KLO RD,N,2021,FRIDAY,UNDETERMINED,N,Y,49.861989,-119.491229,N,APRIL,N,KELOWNA,KELOWNA,KELOWNA,Y,Y,N,SOUTHERN INTERIOR,CEDAR AVE & KLO RD & LAKESHORE RD & PANDOSY ST,LAKESHORE RD,LAKESHORE RD,12:00-14:59,1,0
N,PROPERTY DAMAGE ONLY,KNIGHT ST,N,2021,FRIDAY,REAR END,N,Y,49.191996,-123.077454,N,APRIL,N,RICHMOND,RICHMOND,RICHMOND,N,N,N,LOWER MAINLAND,BRIDGEPORT RD & BRIDGEPORT RD OFFRAMP & BRIDGEPORT RD ONRAMP & KNIGHT ST & KNIGHT ST BRIDGE & MANNINI WAY & TURNING LANE,BRIDGEPORT RD,BRIDGEPORT RD,12:00-14:59,1,0
N,PROPERTY DAMAGE ONLY,LANSDOWNE DR,N,2021,FRIDAY,SIDE IMPACT,N,Y,49.278805,-122.808335,N,APRIL,N,COQUITLAM,COQUITLAM,COQUITLAM,N,N,N,LOWER MAINLAND,LANSDOWNE DR & RUNNEL DR & MALL ACCESS,RUNNEL DR,RUNNEL DR,12:00-14:59,1,0
N,PROPERTY DAMAGE ONLY,LANSDOWNE ST,N,2021,FRIDAY,REAR END,N,Y,50.676677,-120.331992,N,APRIL,N,KAMLOOPS,KAMLOOPS,KAMLOOPS,N,N,N,SOUTHERN INTERIOR,4TH AVE & LANSDOWNE ST & MALL ACCESS,4TH AVE,4TH AVE,12:00-14:59,1,0
N,PROPERTY DAMAGE ONLY,LECKIE RD,N,2021,FRIDAY,UNDETERMINED,N,Y,49.885924,-119.437725,N,APRIL,N,KELOWNA,KELOWNA,KELOWNA,N,N,N,SOUTHERN INTERIOR,DILWORTH DR & LECKIE PL & LECKIE RD,DILWORTH DR,DILWORTH DR,12:00-14:59,1,0
N,PROPERTY DAMAGE ONLY,LICKMAN RD OFFRAMP,N,2021,FRIDAY,REAR END,N,Y,49.144351,-122.006908,N,APRIL,N,CHILLIWACK,CHILLIWACK,CHILLIWACK,N,N,N,LOWER MAINLAND,LICKMAN RD & LICKMAN RD OFFRAMP & LICKMAN RD ONRAMP & TRANS-CANADA HWY & TURNING LANE,HWY 1,HWY 1,12:00-14:59,1,0
N,PROPERTY DAMAGE ONLY,LOUGHEED HWY,N,2021,FRIDAY,SIDE IMPACT,N,Y,49.132934,-122.32613,N,APRIL,N,MISSION,MISSION,MISSION,N,Y,N,LOWER MAINLAND,CEDAR VALLEY CONN & HWY 11 & LOUGHEED HWY & MALL ACCESS & TURNING LANE,CEDAR VALLEY CONNECTR,CEDAR VALLEY CONNECTR,12:00-14:59,1,0
N,PROPERTY DAMAGE ONLY,LOUGHEED HWY,N,2021,FRIDAY,SIDE IMPACT,N,Y,49.267482,-122.77645,N,APRIL,N,PORT COQUITLAM,PORT COQUITLAM,PORT COQUITLAM,N,Y,N,LOWER MAINLAND,LOUGHEED HWY & SHAUGHNESSY ST & TURNING LANE,SHAUGHNESSY ST,SHAUGHNESSY ST,12:00-14:59,1,0
N,PROPERTY DAMAGE ONLY,LOUGHEED HWY,N,2021,FRIDAY,SIDE SWIPE - SAME DIRECTION,N,Y,49.234459,-122.861658,N,APRIL,N,COQUITLAM,COQUITLAM,COQUITLAM,N,N,N,LOWER MAINLAND,KING EDWARD ST & LOUGHEED HWY & MALL ACCESS & TURNING LANE,KING EDWARD ST,KING EDWARD ST,12:00-14:59,1,0
N,PROPERTY DAMAGE ONLY,LOUGHEED HWY,N,2021,FRIDAY,SIDE SWIPE - SAME DIRECTION,N,Y,49.254241,-122.938051,N,APRIL,N,BURNABY,BURNABY,BURNABY,N,N,N,LOWER MAINLAND,LAKE CITY WAY & LOUGHEED HWY,LAKE CITY WAY,LAKE CITY WAY,12:00-14:59,1,0
N,PROPERTY DAMAGE ONLY,LUCILLE STARR DR,N,2021,FRIDAY,UNDETERMINED,N,Y,49.236198,-122.852517,N,APRIL,N,COQUITLAM,COQUITLAM,COQUITLAM,Y,N,N,LOWER MAINLAND,LUCILLE STARR DR & SCHOOLHOUSE ST,SCHOOLHOUSE ST,SCHOOLHOUSE ST,12:00-14:59,1,0
N,PROPERTY DAMAGE ONLY,LUCKAKUCK WAY,N,2021,FRIDAY,REAR END,N,Y,49.140842,-121.959972,N,APRIL,N,CHILLIWACK,CHILLIWACK,CHILLIWACK,N,N,N,LOWER MAINLAND,LUCKAKUCK WAY & VEDDER RD & TURNING LANE,VEDDER RD,VEDDER RD,12:00-14:59,2,0
N,PROPERTY DAMAGE ONLY,MACKAY AVE,N,2021,FRIDAY,REAR END,N,Y,49.32359,-123.10122,N,APRIL,N,NORTH VANCOUVER,NORTH VANCOUVER,NORTH VANCOUVER,N,N,N,LOWER MAINLAND,MACKAY AVE & MARINE DR,MARINE DR,MARINE DR,12:00-14:59,1,0
N,PROPERTY DAMAGE ONLY,MADRONA DR,N,2021,FRIDAY,UNDETERMINED,N,Y,49.041128,-122.795746,N,APRIL,N,SURREY,SURREY,SURREY,N,N,N,LOWER MAINLAND,154 ST & MADRONA DR,154 ST,154 ST,12:00-14:59,1,0
N,PROPERTY DAMAGE ONLY,MAIN ST,N,2021,FRIDAY,REAR END,Y,Y,49.262912,-123.100967,N,APRIL,N,VANCOUVER,VANCOUVER,VANCOUVER,N,N,N,LOWER MAINLAND,E BROADWAY & MAIN ST,E BROADWAY,E BROADWAY,12:00-14:59,1,0
N,PROPERTY DAMAGE ONLY,MAIN ST,N,2021,FRIDAY,SIDE IMPACT,N,Y,49.475476,-119.583087,N,APRIL,N,PENTICTON,PENTICTON,PENTICTON,N,N,N,SOUTHERN INTERIOR,MAIN ST & WARREN AVE E & WARREN AVE W,WARREN AVE W,WARREN AVE W,12:00-14:59,1,0
N,PROPERTY DAMAGE ONLY,MANITOBA ST,N,2021,FRIDAY,SIDE IMPACT,N,Y,49.209523,-123.11013,N,APRIL,N,VANCOUVER,VANCOUVER,VANCOUVER,N,N,N,LOWER MAINLAND,MANITOBA ST & W 69TH AVE,W 69TH AVE,W 69TH AVE,12:00-14:59,1,0
N,PROPERTY DAMAGE ONLY,MARINE DR,N,2021,FRIDAY,REAR END,N,Y,49.328619,-123.158906,N,APRIL,N,WEST VANCOUVER,WEST VANCOUVER,WEST VANCOUVER,N,N,N,LOWER MAINLAND,16TH ST & MARINE DR,16TH ST,16TH ST,12:00-14:59,1,0
N,PROPERTY DAMAGE ONLY,MARINE DR,N,2021,FRIDAY,UNDETERMINED,N,Y,49.323845,-123.107769,N,APRIL,N,NORTH VANCOUVER,NORTH VANCOUVER,NORTH VANCOUVER,Y,N,N,LOWER MAINLAND,MARINE DR & PEMBERTON AVE,PEMBERTON AVE,PEMBERTON AVE,12:00-14:59,1,0
N,PROPERTY DAMAGE ONLY,MARINE DR,N,2021,FRIDAY,UNDETERMINED,N,Y,49.328619,-123.158906,N,APRIL,N,WEST VANCOUVER,WEST VANCOUVER,WEST VANCOUVER,N,Y,N,LOWER MAINLAND,16TH ST & MARINE DR,16TH ST,16TH ST,12:00-14:59,1,0
N,PROPERTY DAMAGE ONLY,MARINE WAY,N,2021,FRIDAY,UNDETERMINED,N,Y,49.20201,-122.981899,N,APRIL,N,BURNABY,BURNABY,BURNABY,Y,Y,N,LOWER MAINLAND,BYRNE RD & MARINE WAY & TURNING LANE,BYRNE RD,BYRNE RD,12:00-14:59,1,0
N,PROPERTY DAMAGE ONLY,MARKET ST,N,2021,FRIDAY,SIDE SWIPE - SAME DIRECTION,N,Y,48.439741,-123.363673,N,APRIL,N,VICTORIA,VICTORIA,VICTORIA,N,N,N,VANCOUVER ISLAND,BLANSHARD ST & MARKET ST,BLANSHARD ST,BLANSHARD ST,12:00-14:59,1,0
N,PROPERTY DAMAGE ONLY,MARSHALL RD,N,2021,FRIDAY,REAR END,N,Y,49.049493,-122.227657,N,APRIL,N,ABBOTSFORD,ABBOTSFORD,ABBOTSFORD,N,N,N,LOWER MAINLAND,MARSHALL RD & WHATCOM RD,WHATCOM RD,WHATCOM RD,12:00-14:59,1,0
N,PROPERTY DAMAGE ONLY,MCCALLUM RD,N,2021,FRIDAY,SINGLE VEHICLE,N,Y,49.048997,-122.292984,N,APRIL,N,ABBOTSFORD,ABBOTSFORD,ABBOTSFORD,N,N,Y,LOWER MAINLAND,ESSENDENE AVE & MCCALLUM RD & SOUTH FRASER WAY & PARKING LOT & TURNING LANE,SOUTH FRASER WAY,SOUTH FRASER WAY,12:00-14:59,1,0
N,PROPERTY DAMAGE ONLY,MCCALLUM RD,N,2021,FRIDAY,UNDETERMINED,Y,Y,49.034944,-122.2928,N,APRIL,N,ABBOTSFORD,ABBOTSFORD,ABBOTSFORD,N,N,N,LOWER MAINLAND,HAWTHORNE AVE & KING RD & KING RD CONN & KING RD ONRAMP & MCCALLUM RD & MCCALLUM RD OFFRAMP & MCCALLUM RD ONRAMP & TRANS-CANADA HWY,HWY 1,HWY 1,12:00-14:59,1,0
N,PROPERTY DAMAGE ONLY,MCKENZIE AVE,N,2021,FRIDAY,SIDE IMPACT,N,Y,48.470029,-123.364594,N,APRIL,N,SAANICH,SAANICH,SAANICH,N,Y,N,VANCOUVER ISLAND,MCKENZIE AVE & QUADRA ST,QUADRA ST,QUADRA ST,12:00-14:59,1,0
N,PROPERTY DAMAGE ONLY,MCROBB AVE,N,2021,FRIDAY,CONFLICTED,N,Y,49.239728,-124.042829,N,APRIL,N,NANAIMO,NANAIMO,NANAIMO,N,N,N,VANCOUVER ISLAND,APPLECROSS RD & MCROBB AVE & PORTSMOUTH RD,APPLECROSS RD,APPLECROSS RD,12:00-14:59,1,0
N,PROPERTY DAMAGE ONLY,MILLSTREAM RD,N,2021,FRIDAY,REAR END,N,Y,48.471392,-123.505354,N,APRIL,N,LANGFORD,LANGFORD,LANGFORD,N,N,N,VANCOUVER ISLAND,BEAR MOUNTAIN PKY & KODIAK WAY & MILLSTREAM RD,BEAR MOUNTAIN PKY,BEAR MOUNTAIN PKY,12:00-14:59,1,0
N,PROPERTY DAMAGE ONLY,MONCTON ST,N,2021,FRIDAY,REAR END,N,Y,49.12518,-123.181201,N,APRIL,N,RICHMOND,RICHMOND,RICHMOND,N,N,N,LOWER MAINLAND,MONCTON ST & NO 1 RD,NO 1 RD,NO 1 RD,12:00-14:59,1,0
N,PROPERTY DAMAGE ONLY,MOUNTAIN HWY,N,2021,FRIDAY,UNDETERMINED,N,Y,49.337044,-123.038214,N,APRIL,N,NORTH VANCOUVER,NORTH VANCOUVER,NORTH VANCOUVER,Y,N,N,LOWER MAINLAND,LYNN VALLEY RD & MOUNTAIN HWY & TURNING LANE & UNNAMED LANE,LYNN VALLEY RD,LYNN VALLEY RD,12:00-14:59,1,0
N,PROPERTY DAMAGE ONLY,NELSON ST,N,2021,FRIDAY,UNDETERMINED,N,Y,49.277347,-123.120093,N,APRIL,N,VANCOUVER,VANCOUVER,VANCOUVER,N,Y,N,LOWER MAINLAND,HOMER ST & NELSON ST,HOMER ST,HOMER ST,12:00-14:59,1,0
N,PROPERTY DAMAGE ONLY,NO 3 RD,N,2021,FRIDAY,SIDE IMPACT,N,Y,49.172017,-123.136554,N,APRIL,N,RICHMOND,RICHMOND,RICHMOND,N,Y,N,LOWER MAINLAND,ACKROYD RD & NO 3 RD,ACKROYD RD,ACKROYD RD,12:00-14:59,1,0
N,PROPERTY DAMAGE ONLY,NO 5 RD,N,2021,FRIDAY,HEAD ON,N,Y,49.133365,-123.092135,N,APRIL,N,RICHMOND,RICHMOND,RICHMOND,N,N,N,LOWER MAINLAND,NO 5 RD & STEVESTON HWY & TURNING LANE,STEVESTON HWY,STEVESTON HWY,12:00-14:59,1,0
N,PROPERTY DAMAGE ONLY,NOBLE LANE,N,2021,FRIDAY,UNDETERMINED,N,Y,49.219812,-122.949008,N,APRIL,N,BURNABY,BURNABY,BURNABY,N,N,N,LOWER MAINLAND,EDMONDS ST & FULTON AVE & NOBLE LANE,EDMONDS ST,EDMONDS ST,12:00-14:59,1,0
N,PROPERTY DAMAGE ONLY,NORTH RD,N,2021,FRIDAY,SIDE IMPACT,N,Y,49.242365,-122.892602,N,APRIL,N,BURNABY,BURNABY,BURNABY & COQUITLAM,N,N,N,LOWER MAINLAND,NORTH RD & TRANS-CANADA HWY,HWY 1,HWY 1,12:00-14:59,1,0
N,PROPERTY DAMAGE ONLY,NORTHFIELD RD,N,2021,FRIDAY,REAR END,N,Y,49.192014,-123.992169,N,APRIL,N,NANAIMO,NANAIMO,NANAIMO,N,N,N,VANCOUVER ISLAND,BOWEN RD & NORTHFIELD RD & TURNING LANE,BOWEN RD,BOWEN RD,12:00-14:59,1,0
N,PROPERTY DAMAGE ONLY,OLD ISLAND HWY,N,2021,FRIDAY,REAR END,N,Y,49.696746,-124.992007,N,APRIL,N,COURTENAY,COURTENAY,COURTENAY,N,N,N,VANCOUVER ISLAND,OLD ISLAND HWY & RYAN RD & TURNING LANE,RYAN RD,RYAN RD,12:00-14:59,1,0
N,PROPERTY DAMAGE ONLY,OLD YALE RD,N,2021,FRIDAY,SIDE IMPACT,N,Y,49.051991,-122.343517,N,APRIL,N,ABBOTSFORD,ABBOTSFORD,ABBOTSFORD,N,N,N,LOWER MAINLAND,OLD YALE RD & PRINCESS ST,PRINCESS ST,PRINCESS ST,12:00-14:59,1,0
N,PROPERTY DAMAGE ONLY,ONTARIO ST,N,2021,FRIDAY,UNDETERMINED,N,Y,49.260247,-123.105031,N,APRIL,N,VANCOUVER,VANCOUVER,VANCOUVER,N,N,N,LOWER MAINLAND,E 12TH AVE & ONTARIO ST & W 12TH AVE,W 12TH AVE,W 12TH AVE,12:00-14:59,1,0
N,PROPERTY DAMAGE ONLY,OXFORD ST,N,2021,FRIDAY,REAR END,N,Y,49.263719,-122.767413,N,APRIL,N,PORT COQUITLAM,PORT COQUITLAM,PORT COQUITLAM,N,N,N,LOWER MAINLAND,LOUGHEED HWY & OXFORD CONN & OXFORD ST & TURNING LANE,LOUGHEED HWY,LOUGHEED HWY,12:00-14:59,1,0
N,PROPERTY DAMAGE ONLY,PANDORA ST,N,2021,FRIDAY,SIDE IMPACT,N,Y,49.282854,-123.00863,N,APRIL,N,BURNABY,BURNABY,BURNABY,N,N,N,LOWER MAINLAND,MADISON AVE & PANDORA ST,MADISON AVE,MADISON AVE,12:00-14:59,1,0
N,PROPERTY DAMAGE ONLY,PAULINE ST,N,2021,FRIDAY,SIDE SWIPE - SAME DIRECTION,N,Y,49.048999,-122.29164,N,APRIL,N,ABBOTSFORD,ABBOTSFORD,ABBOTSFORD,N,N,N,LOWER MAINLAND,ESSENDENE AVE & PAULINE ST,ESSENDENE AVE,ESSENDENE AVE,12:00-14:59,1,0
N,PROPERTY DAMAGE ONLY,PENTICTON ST,N,2021,FRIDAY,SIDE IMPACT,N,Y,49.281162,-123.051974,N,APRIL,N,VANCOUVER,VANCOUVER,VANCOUVER,Y,Y,N,LOWER MAINLAND,E HASTINGS ST & PENTICTON ST,E HASTINGS ST,E HASTINGS ST,12:00-14:59,1,0
N,PROPERTY DAMAGE ONLY,PENTICTON ST,N,2021,FRIDAY,SIDE SWIPE - SAME DIRECTION,N,Y,49.248823,-123.052233,N,APRIL,N,VANCOUVER,VANCOUVER,VANCOUVER,N,N,N,LOWER MAINLAND,E 24TH AVE & PENTICTON ST,E 24TH AVE,E 24TH AVE,12:00-14:59,1,0
N,PROPERTY DAMAGE ONLY,PIER MAC WAY,N,2021,FRIDAY,SIDE IMPACT,N,Y,49.952013,-119.389674,N,APRIL,N,KELOWNA,KELOWNA,KELOWNA,N,N,N,SOUTHERN INTERIOR,AIRPORT WAY & INNOVATION DR & PIER MAC WAY,AIRPORT WAY,AIRPORT WAY,12:00-14:59,1,0
N,PROPERTY DAMAGE ONLY,PINETREE,N,2021,FRIDAY,UNDETERMINED,N,N,\N,\N,N,APRIL,N,COQUITLAM,COQUITLAM,\N,Y,Y,N,LOWER MAINLAND,UNKNOWN,BARNET HWY,BARNET HWY,12:00-14:59,1,0
N,PROPERTY DAMAGE ONLY,PORT MANN BRIDGE,N,2021,FRIDAY,UNDETERMINED,Y,Y,49.211315,-122.808608,N,APRIL,N,SURREY,SURREY,SURREY,N,N,N,LOWER MAINLAND,PORT MANN BRIDGE & PORT MANN EAST SERVICE RD & TRANS-CANADA HWY,HWY 1,HWY 1,12:00-14:59,1,0
N,PROPERTY DAMAGE ONLY,PRODUCTION WAY,N,2021,FRIDAY,UNDETERMINED,Y,Y,49.25327,-122.918953,N,APRIL,N,BURNABY,BURNABY,BURNABY,N,N,N,LOWER MAINLAND,BRIGHTON AVE & LOUGHEED HWY & PRODUCTION WAY & TURNING LANE,LOUGHEED HWY,LOUGHEED HWY,12:00-14:59,1,0
N,PROPERTY DAMAGE ONLY,PROMONTORY RD,N,2021,FRIDAY,SIDE IMPACT,N,Y,49.111297,-121.957926,N,APRIL,N,CHILLIWACK,CHILLIWACK,CHILLIWACK,N,Y,N,LOWER MAINLAND,PROMONTORY RD & VEDDER RD & WATSON RD,VEDDER RD,VEDDER RD,12:00-14:59,1,0
N,PROPERTY DAMAGE ONLY,REDWOOD ST,N,2021,FRIDAY,CONFLICTED,N,Y,53.905426,-122.756434,N,APRIL,N,PRINCE GEORGE,PRINCE GEORGE,PRINCE GEORGE,N,N,N,NORTH CENTRAL,20TH AVE & REDWOOD ST & VICTORIA ST,20TH AVE,20TH AVE,12:00-14:59,1,0
N,PROPERTY DAMAGE ONLY,RODERICK AVE,N,2021,FRIDAY,SIDE IMPACT,N,Y,49.237061,-122.880218,N,APRIL,N,COQUITLAM,COQUITLAM,COQUITLAM,N,N,N,LOWER MAINLAND,HART ST & RODERICK AVE,HART ST,HART ST,12:00-14:59,1,0
N,PROPERTY DAMAGE ONLY,SAANICH RD,N,2021,FRIDAY,REAR END,N,Y,48.455214,-123.37208,N,APRIL,N,SAANICH,SAANICH,SAANICH,N,N,N,VANCOUVER ISLAND,BLANSHARD ST & SAANICH RD & TURNING LANE,BLANSHARD ST,BLANSHARD ST,12:00-14:59,1,0
N,PROPERTY DAMAGE ONLY,SE MARINE DR,N,2021,FRIDAY,SINGLE VEHICLE,N,Y,49.211099,-123.102224,N,APRIL,N,VANCOUVER,VANCOUVER,VANCOUVER,N,Y,N,LOWER MAINLAND,MAIN ST & SE MARINE DR,MAIN ST,MAIN ST,12:00-14:59,1,0
N,PROPERTY DAMAGE ONLY,SIXTH AVE,N,2021,FRIDAY,REAR END,N,Y,49.213826,-122.919101,N,APRIL,N,NEW WESTMINSTER,NEW WESTMINSTER,NEW WESTMINSTER,Y,N,N,LOWER MAINLAND,FIFTH ST & SIXTH AVE,FIFTH ST,FIFTH ST,12:00-14:59,1,0
N,PROPERTY DAMAGE ONLY,SIXTH AVE,N,2021,FRIDAY,SIDE SWIPE - SAME DIRECTION,N,Y,49.213826,-122.919101,N,APRIL,N,NEW WESTMINSTER,NEW WESTMINSTER,NEW WESTMINSTER,Y,N,N,LOWER MAINLAND,FIFTH ST & SIXTH AVE,FIFTH ST,FIFTH ST,12:00-14:59,1,0
N,PROPERTY DAMAGE ONLY,SMITHE ST,N,2021,FRIDAY,UNDETERMINED,N,Y,49.279049,-123.119478,N,APRIL,N,VANCOUVER,VANCOUVER,VANCOUVER,N,N,N,LOWER MAINLAND,RICHARDS ST & SMITHE ST,RICHARDS ST,RICHARDS ST,12:00-14:59,1,0
N,PROPERTY DAMAGE ONLY,SPERLING AVE,N,2021,FRIDAY,SINGLE VEHICLE,Y,Y,49.260593,-122.968008,N,APRIL,N,BURNABY,BURNABY,BURNABY,N,N,N,LOWER MAINLAND,KENSINGTON AVE & KENSINGTON AVE OFFRAMP & KENSINGTON AVE ONRAMP & LOUGHEED HWY & SPERLING AVE & SPERLING AVE OFFRAMP & WINSTON ST & TURNING LANE,WINSTON ST,WINSTON ST,12:00-14:59,1,0
N,PROPERTY DAMAGE ONLY,SPRINGFIELD RD,N,2021,FRIDAY,REAR TO REAR,N,Y,49.87723,-119.45454,N,APRIL,N,KELOWNA,KELOWNA,KELOWNA,N,Y,N,SOUTHERN INTERIOR,SPALL RD & SPRINGFIELD RD,SPALL RD,SPALL RD,12:00-14:59,1,0
N,PROPERTY DAMAGE ONLY,SPRINGFIELD RD,N,2021,FRIDAY,REAR TO REAR,N,Y,49.877242,-119.443244,N,APRIL,N,KELOWNA,KELOWNA,KELOWNA,Y,Y,N,SOUTHERN INTERIOR,COOPER RD & SPRINGFIELD RD,COOPER RD,COOPER RD,12:00-14:59,1,0
N,PROPERTY DAMAGE ONLY,SPROTT ST,N,2021,FRIDAY,REAR END,N,Y,49.249919,-122.96650700000001,N,APRIL,N,BURNABY,BURNABY,BURNABY,N,N,N,LOWER MAINLAND,KENSINGTON AVE & SPROTT ST,KENSINGTON AVE,KENSINGTON AVE,12:00-14:59,1,0
N,PROPERTY DAMAGE ONLY,SPROTT ST,N,2021,FRIDAY,REAR END,N,Y,49.249952,-122.973637,N,APRIL,N,BURNABY,BURNABY,BURNABY,N,N,N,LOWER MAINLAND,SPROTT ST & TRANS-CANADA HWY,HWY 1,HWY 1,12:00-14:59,1,0
N,PROPERTY DAMAGE ONLY,STATION ST,N,2021,FRIDAY,UNDETERMINED,N,Y,49.272485,-123.098097,N,APRIL,N,VANCOUVER,VANCOUVER,VANCOUVER,Y,Y,N,LOWER MAINLAND,STATION ST & TERMINAL AVE,TERMINAL AVE,TERMINAL AVE,12:00-14:59,1,0
N,PROPERTY DAMAGE ONLY,STEVENSON RD,N,2021,FRIDAY,REAR END,N,Y,49.122805,-121.959838,N,APRIL,N,CHILLIWACK,CHILLIWACK,CHILLIWACK,N,N,N,LOWER MAINLAND,STEVENSON RD & VEDDER RD,VEDDER RD,VEDDER RD,12:00-14:59,1,0
N,PROPERTY DAMAGE ONLY,SUTLEJ ST,N,2021,FRIDAY,SIDE IMPACT,N,Y,48.414555,-123.356499,N,APRIL,N,VICTORIA,VICTORIA,VICTORIA,Y,N,N,VANCOUVER ISLAND,COOK ST & SUTLEJ ST,COOK ST,COOK ST,12:00-14:59,1,0
N,PROPERTY DAMAGE ONLY,TATLOW AVE,N,2021,FRIDAY,CONFLICTED,N,Y,49.323938,-123.117544,N,APRIL,N,NORTH VANCOUVER,NORTH VANCOUVER,NORTH VANCOUVER,N,N,N,LOWER MAINLAND,MARINE DR & TATLOW AVE,MARINE DR,MARINE DR,12:00-14:59,1,0
N,PROPERTY DAMAGE ONLY,TERMINAL AVE,N,2021,FRIDAY,REAR END,N,Y,49.272815,-123.100019,N,APRIL,N,VANCOUVER,VANCOUVER,VANCOUVER,N,N,N,LOWER MAINLAND,MAIN ST & TERMINAL AVE,MAIN ST,MAIN ST,12:00-14:59,1,0
N,PROPERTY DAMAGE ONLY,THURLOW ST,N,2021,FRIDAY,SIDE SWIPE - SAME DIRECTION,N,Y,49.280383,-123.131214,N,APRIL,N,VANCOUVER,VANCOUVER,VANCOUVER,N,N,N,LOWER MAINLAND,DAVIE ST & THURLOW ST,DAVIE ST,DAVIE ST,12:00-14:59,1,0
N,PROPERTY DAMAGE ONLY,TRIMBLE ST,N,2021,FRIDAY,SIDE SWIPE - SAME DIRECTION,N,Y,49.26379,-123.20609,N,APRIL,N,VANCOUVER,VANCOUVER,VANCOUVER,Y,N,N,LOWER MAINLAND,TRIMBLE ST & W 10TH AVE,W 10TH AVE,W 10TH AVE,12:00-14:59,1,0
N,PROPERTY DAMAGE ONLY,TRUNK RD,N,2021,FRIDAY,SINGLE VEHICLE,N,Y,48.776846,-123.698837,N,APRIL,N,DUNCAN,DUNCAN,DUNCAN,N,N,N,VANCOUVER ISLAND,TRANS-CANADA HWY & TRUNK RD,TRANS-CANADA HWY,TRANS-CANADA HWY,12:00-14:59,1,0
N,PROPERTY DAMAGE ONLY,TYEE RD,N,2021,FRIDAY,SINGLE VEHICLE,N,Y,48.433781,-123.380574,N,APRIL,N,VICTORIA,VICTORIA,VICTORIA,N,N,N,VANCOUVER ISLAND,BAY ST & TYEE RD,BAY ST,BAY ST,12:00-14:59,1,0
N,PROPERTY DAMAGE ONLY,TYNER ST,N,2021,FRIDAY,HEAD ON,N,Y,49.257023,-122.775314,N,APRIL,N,PORT COQUITLAM,PORT COQUITLAM,PORT COQUITLAM,N,N,N,LOWER MAINLAND,HAWTHORNE AVE & TYNER ST,HAWTHORNE AVE,HAWTHORNE AVE,12:00-14:59,1,0
N,PROPERTY DAMAGE ONLY,UNION ST,Y,2021,FRIDAY,SINGLE VEHICLE,N,Y,49.277617,-123.096963,N,APRIL,N,VANCOUVER,VANCOUVER,VANCOUVER,Y,N,N,LOWER MAINLAND,GORE AVE & UNION ST,GORE AVE,GORE AVE,12:00-14:59,1,0
N,PROPERTY DAMAGE ONLY,UNITED BLVD,N,2021,FRIDAY,SIDE SWIPE - SAME DIRECTION,N,N,\N,\N,N,APRIL,N,BURNABY,BURNABY,\N,N,N,N,LOWER MAINLAND,UNKNOWN,HWY 1,HWY 1,12:00-14:59,1,0
N,PROPERTY DAMAGE ONLY,UNITED BLVD,N,2021,FRIDAY,SINGLE VEHICLE,N,Y,49.219251,-122.812916,N,APRIL,N,COQUITLAM,COQUITLAM,COQUITLAM,N,N,N,LOWER MAINLAND,COLEMAN AVE & COLEMAN AVE ONRP & FAWCETT RD & HWY 7 OFRP & HWY 7B OFRP & LEEDER ST & LOUGHEED HWY & LOUGHEED HWY ONRP & MARY HILL BYPASS & MARY HILL BYPASS ONRP & TRANS-CANADA HWY & TRANS-CANADA HWY OFRP & TRANS-CANADA HWY ONRP & UNITED BLVD & UNITED BLV,HWY 1,HWY 1,12:00-14:59,1,0
N,PROPERTY DAMAGE ONLY,UNKNOWN,N,2021,FRIDAY,REAR END,N,N,\N,\N,N,APRIL,N,QUESNEL,QUESNEL,\N,N,N,N,NORTH CENTRAL,UNKNOWN,HWY 97 N,HWY 97 N,12:00-14:59,1,0
N,PROPERTY DAMAGE ONLY,UNKNOWN,N,2021,FRIDAY,SINGLE VEHICLE,N,N,\N,\N,N,APRIL,N,CHILLIWACK,CHILLIWACK,\N,N,N,N,LOWER MAINLAND,UNKNOWN,PROMONTORY RD,PROMONTORY RD,12:00-14:59,1,0
N,PROPERTY DAMAGE ONLY,UPPER LEVELS HWY,N,2021,FRIDAY,HEAD ON,N,Y,49.33199,-123.088135,N,APRIL,N,NORTH VANCOUVER,NORTH VANCOUVER,NORTH VANCOUVER,N,N,N,LOWER MAINLAND,MOSQUITO CREEK BRIDGE & TRANS-CANADA HWY & WESTVIEW DR & WESTVIEW DR OFFRAMP & WESTVIEW DR ONRAMP & TURNING LANE,WESTVIEW DR,WESTVIEW DR,12:00-14:59,1,0
N,PROPERTY DAMAGE ONLY,VALLEY DR,N,2021,FRIDAY,UNDETERMINED,Y,Y,49.245181,-123.153329,N,APRIL,N,VANCOUVER,VANCOUVER,VANCOUVER,N,N,N,LOWER MAINLAND,ARBUTUS ST & VALLEY DR,ARBUTUS ST,ARBUTUS ST,12:00-14:59,1,0
N,PROPERTY DAMAGE ONLY,VANNESS AVE,N,2021,FRIDAY,REAR END,N,Y,49.234324,-123.023534,N,APRIL,N,BURNABY,BURNABY,BURNABY & VANCOUVER,N,N,N,LOWER MAINLAND,BOUNDARY RD & VANNESS AVE,BOUNDARY RD,BOUNDARY RD,12:00-14:59,1,0
N,PROPERTY DAMAGE ONLY,VENABLES ST,N,2021,FRIDAY,REAR END,N,Y,49.276759,-123.077265,N,APRIL,N,VANCOUVER,VANCOUVER,VANCOUVER,N,N,N,LOWER MAINLAND,CLARK DR & VENABLES ST,CLARK DR,CLARK DR,12:00-14:59,1,0
N,PROPERTY DAMAGE ONLY,VICTORIA DR,N,2021,FRIDAY,MULTIPLE IMPACTS,N,Y,49.251867,-123.065218,N,APRIL,N,VANCOUVER,VANCOUVER,VANCOUVER,Y,N,N,LOWER MAINLAND,HULL ST & VICTORIA DR,HULL ST,HULL ST,12:00-14:59,1,0
N,PROPERTY DAMAGE ONLY,W 16TH AVE,N,2021,FRIDAY,CONFLICTED,N,Y,49.257053,-123.138793,N,APRIL,N,VANCOUVER,VANCOUVER,VANCOUVER,N,N,N,LOWER MAINLAND,GRANVILLE ST & MARPOLE AVE & W 16TH AVE,GRANVILLE ST,GRANVILLE ST,12:00-14:59,1,0
N,PROPERTY DAMAGE ONLY,W 19TH ST,N,2021,FRIDAY,REAR END,N,Y,49.326389,-123.089468,N,APRIL,N,NORTH VANCOUVER,NORTH VANCOUVER,NORTH VANCOUVER,N,N,N,LOWER MAINLAND,W 19TH ST & WESTVIEW DR,WESTVIEW DR,WESTVIEW DR,12:00-14:59,1,0
N,PROPERTY DAMAGE ONLY,W 20TH AVE,N,2021,FRIDAY,CONFLICTED,N,Y,49.254683,-123.185141,N,APRIL,N,VANCOUVER,VANCOUVER,VANCOUVER,N,N,N,LOWER MAINLAND,DUNBAR ST & W 20TH AVE,DUNBAR ST,DUNBAR ST,12:00-14:59,1,0
N,PROPERTY DAMAGE ONLY,W 28TH AVE,N,2021,FRIDAY,REAR END,N,Y,49.24713,-123.186751,N,APRIL,N,VANCOUVER,VANCOUVER,VANCOUVER,Y,N,N,LOWER MAINLAND,ALMA ST & W 28TH AVE,ALMA ST,ALMA ST,12:00-14:59,1,0
N,PROPERTY DAMAGE ONLY,W 41ST AVE,N,2021,FRIDAY,UNDETERMINED,N,Y,49.234628,-123.158501,N,APRIL,N,VANCOUVER,VANCOUVER,VANCOUVER,N,N,N,LOWER MAINLAND,W 41ST AVE & YEW ST,YEW ST,YEW ST,12:00-14:59,1,0
N,PROPERTY DAMAGE ONLY,W 57TH AVE,N,2021,FRIDAY,CONFLICTED,N,Y,49.219331,-123.140129,N,APRIL,N,VANCOUVER,VANCOUVER,VANCOUVER,N,N,N,LOWER MAINLAND,GRANVILLE ST & W 57TH AVE,GRANVILLE ST,GRANVILLE ST,12:00-14:59,1,0
N,PROPERTY DAMAGE ONLY,W CORDOVA ST,N,2021,FRIDAY,SIDE IMPACT,N,Y,49.285326,-123.111851,N,APRIL,N,VANCOUVER,VANCOUVER,VANCOUVER,Y,Y,N,LOWER MAINLAND,SEYMOUR ST & W CORDOVA ST,SEYMOUR ST,SEYMOUR ST,12:00-14:59,1,0
N,PROPERTY DAMAGE ONLY,W GEORGIA ST,N,2021,FRIDAY,UNDETERMINED,N,Y,49.280576,-123.115205,N,APRIL,N,VANCOUVER,VANCOUVER,VANCOUVER,N,N,N,LOWER MAINLAND,HOMER ST & W GEORGIA ST,HOMER ST,HOMER ST,12:00-14:59,1,0
N,PROPERTY DAMAGE ONLY,WARREN AVE W,N,2021,FRIDAY,REAR END,N,Y,49.475476,-119.583087,N,APRIL,N,PENTICTON,PENTICTON,PENTICTON,N,N,N,SOUTHERN INTERIOR,MAIN ST & WARREN AVE E & WARREN AVE W,MAIN ST,MAIN ST,12:00-14:59,1,0
N,PROPERTY DAMAGE ONLY,WELLS RD,N,2021,FRIDAY,SINGLE VEHICLE,N,Y,49.134781,-121.977627,N,APRIL,N,CHILLIWACK,CHILLIWACK,CHILLIWACK,N,N,N,LOWER MAINLAND,EVANS RD & WELLS RD,EVANS RD,EVANS RD,12:00-14:59,1,0
N,PROPERTY DAMAGE ONLY,WELWYN ST,N,2021,FRIDAY,SIDE IMPACT,N,Y,49.254294,-123.069337,N,APRIL,N,VANCOUVER,VANCOUVER,VANCOUVER,Y,N,N,LOWER MAINLAND,E 18TH AVE & WELWYN ST,E 18TH AVE,E 18TH AVE,12:00-14:59,1,0
N,PROPERTY DAMAGE ONLY,WEST BOULEVARD,N,2021,FRIDAY,REAR END,N,Y,49.235567,-123.15554,N,APRIL,N,VANCOUVER,VANCOUVER,VANCOUVER,N,N,N,LOWER MAINLAND,W 40TH AVE & WEST BOULEVARD,W 40TH AVE,W 40TH AVE,12:00-14:59,1,0
N,PROPERTY DAMAGE ONLY,WESTMINSTER HWY,N,2021,FRIDAY,SIDE SWIPE - SAME DIRECTION,N,Y,49.169913,-123.024276,N,APRIL,N,RICHMOND,RICHMOND,RICHMOND,N,N,N,LOWER MAINLAND,NO 8 RD & WESTMINSTER HWY,NO 8 RD,NO 8 RD,12:00-14:59,1,0
N,PROPERTY DAMAGE ONLY,WESTMINSTER HWY,N,2021,FRIDAY,SIDE SWIPE - SAME DIRECTION,N,Y,49.170298,-123.091643,N,APRIL,N,RICHMOND,RICHMOND,RICHMOND,Y,Y,N,LOWER MAINLAND,NO 5 RD & WESTMINSTER HWY & TURNING LANE,NO 5 RD,NO 5 RD,12:00-14:59,1,0
N,PROPERTY DAMAGE ONLY,WESTVIEW DR,N,2021,FRIDAY,REAR END,N,Y,49.33199,-123.088135,N,APRIL,N,NORTH VANCOUVER,NORTH VANCOUVER,NORTH VANCOUVER,N,N,N,LOWER MAINLAND,MOSQUITO CREEK BRIDGE & TRANS-CANADA HWY & WESTVIEW DR & WESTVIEW DR OFFRAMP & WESTVIEW DR ONRAMP & TURNING LANE,HWY 1,HWY 1,12:00-14:59,1,0
N,PROPERTY DAMAGE ONLY,WILLIAM R BENNETT FLOATING BRIDGE,N,2021,FRIDAY,SINGLE VEHICLE,N,Y,49.880866,-119.504201,N,APRIL,N,KELOWNA,KELOWNA,KELOWNA,N,N,N,SOUTHERN INTERIOR,HARVEY AVE & WILLIAM R BENNETT FLOATING BRIDGE,HWY 97,HWY 97,12:00-14:59,1,0
N,PROPERTY DAMAGE ONLY,WILLIAMS RD,N,2021,FRIDAY,CONFLICTED,N,Y,49.140885,-123.136704,N,APRIL,N,RICHMOND,RICHMOND,RICHMOND,N,Y,N,LOWER MAINLAND,NO 3 RD & WILLIAMS RD,NO 3 RD,NO 3 RD,12:00-14:59,1,0
N,PROPERTY DAMAGE ONLY,WILLINGDON AVE,N,2021,FRIDAY,REAR END,N,Y,49.259988,-123.00406,N,APRIL,N,BURNABY,BURNABY,BURNABY,N,N,N,LOWER MAINLAND,STILL CREEK AVE & WILLINGDON AVE,STILL CREEK AVE,STILL CREEK AVE,12:00-14:59,1,0
N,PROPERTY DAMAGE ONLY,WILLINGDON AVE,N,2021,FRIDAY,SINGLE VEHICLE,N,Y,49.281015,-123.003121,N,APRIL,N,BURNABY,BURNABY,BURNABY,N,N,N,LOWER MAINLAND,HASTINGS ST & WILLINGDON AVE,HASTINGS ST,HASTINGS ST,12:00-14:59,1,0
N,PROPERTY DAMAGE ONLY,WILLOWBROOK DR,N,2021,FRIDAY,UNDETERMINED,N,Y,49.11388,-122.679741,N,APRIL,N,LANGLEY,LANGLEY,LANGLEY & SURREY,Y,N,N,LOWER MAINLAND,196 ST & FRASER HWY & WILLOWBROOK DR & MALL ACCESS & TURNING LANE,FRASER HWY,FRASER HWY,12:00-14:59,1,0
N,PROPERTY DAMAGE ONLY,WOODLAND DR,N,2021,FRIDAY,CONFLICTED,N,Y,49.259606,-123.073693,N,APRIL,N,VANCOUVER,VANCOUVER,VANCOUVER,N,N,N,LOWER MAINLAND,E 12TH AVE & WOODLAND DR,E 12TH AVE,E 12TH AVE,12:00-14:59,1,0
N,PROPERTY DAMAGE ONLY,YALE RD,N,2021,FRIDAY,REAR END,N,Y,49.169055,-121.956048,N,APRIL,N,CHILLIWACK,CHILLIWACK,CHILLIWACK,N,N,N,LOWER MAINLAND,SPADINA AVE & YALE RD,SPADINA AVE,SPADINA AVE,12:00-14:59,1,0
N,PROPERTY DAMAGE ONLY,YEW ST,N,2021,FRIDAY,UNDETERMINED,Y,Y,49.272585,-123.154979,N,APRIL,N,VANCOUVER,VANCOUVER,VANCOUVER,N,N,N,LOWER MAINLAND,CORNWALL AVE & YEW ST,CORNWALL AVE,CORNWALL AVE,12:00-14:59,1,0
N,PROPERTY DAMAGE ONLY,YORK RD,N,2021,FRIDAY,UNDETERMINED,N,N,\N,\N,N,APRIL,N,RICHMOND,RICHMOND,\N,N,N,N,LOWER MAINLAND,UNKNOWN,BUNDELL RD,BUNDELL RD,12:00-14:59,1,0
N,PROPERTY DAMAGE ONLY,YOUNG RD,N,2021,FRIDAY,REAR END,N,Y,49.154765,-121.951386,N,APRIL,N,CHILLIWACK,CHILLIWACK,CHILLIWACK,N,Y,N,LOWER MAINLAND,AIRPORT RD & YOUNG RD,AIRPORT RD,AIRPORT RD,12:00-14:59,1,0
Y,PROPERTY DAMAGE ONLY,\N,N,2021,FRIDAY,SINGLE VEHICLE,N,N,\N,\N,N,APRIL,N,100 MILE HOUSE,100 MILE HOUSE,\N,N,N,N,NORTH CENTRAL,UNKNOWN,HWY 97,HWY 97,12:00-14:59,1,0
Y,PROPERTY DAMAGE ONLY,\N,N,2021,FRIDAY,SINGLE VEHICLE,N,N,\N,\N,N,APRIL,N,CHETWYND,CHETWYND,\N,N,N,N,NORTH CENTRAL,UNKNOWN,HWY 97,HWY 97,12:00-14:59,1,0
Y,PROPERTY DAMAGE ONLY,\N,N,2021,FRIDAY,SINGLE VEHICLE,N,N,\N,\N,N,APRIL,N,GRAND FORKS,GRAND FORKS,\N,N,N,N,SOUTHERN INTERIOR,UNKNOWN,HWY 3,HWY 3,12:00-14:59,1,0
Y,PROPERTY DAMAGE ONLY,\N,N,2021,FRIDAY,SINGLE VEHICLE,N,N,\N,\N,N,APRIL,N,HOUSTON,HOUSTON,\N,N,N,N,NORTH CENTRAL,UNKNOWN,N ROAD,N ROAD,12:00-14:59,1,0
Y,PROPERTY DAMAGE ONLY,\N,N,2021,FRIDAY,SINGLE VEHICLE,N,N,\N,\N,N,APRIL,N,KIMBERLEY,KIMBERLEY,\N,N,N,N,SOUTHERN INTERIOR,UNKNOWN,HWY 95A,HWY 95A,12:00-14:59,1,0
Y,PROPERTY DAMAGE ONLY,\N,N,2021,FRIDAY,SINGLE VEHICLE,N,N,\N,\N,N,APRIL,N,PEMBERTON,PEMBERTON,\N,N,N,N,LOWER MAINLAND,UNKNOWN,HWY 99,HWY 99,12:00-14:59,1,0
Y,PROPERTY DAMAGE ONLY,\N,N,2021,FRIDAY,SINGLE VEHICLE,N,N,\N,\N,N,APRIL,N,SKOOKUMCHUCK,SKOOKUMCHUCK,\N,N,N,N,SOUTHERN INTERIOR,UNKNOWN,HWY 95,HWY 95,12:00-14:59,1,0
Y,PROPERTY DAMAGE ONLY,\N,N,2021,FRIDAY,SINGLE VEHICLE,N,N,\N,\N,N,APRIL,N,UNION BAY,UNION BAY,\N,N,N,N,VANCOUVER ISLAND,UNKNOWN,HWY 19,HWY 19,12:00-14:59,1,0
Y,PROPERTY DAMAGE ONLY,\N,N,2021,FRIDAY,SINGLE VEHICLE,N,N,\N,\N,N,APRIL,N,VICTORIA,VICTORIA,\N,N,N,N,VANCOUVER ISLAND,UNKNOWN,FELTHAM RD,FELTHAM RD,12:00-14:59,1,0
Y,PROPERTY DAMAGE ONLY,AIRPORT ACCESS RD,N,2021,FRIDAY,SINGLE VEHICLE,N,Y,49.587144,-115.810968,N,APRIL,N,CRANBROOK,CRANBROOK,CRANBROOK & WYCLIFFE,N,N,N,SOUTHERN INTERIOR,AIRPORT ACCESS RD & HWY 95A,HWY 95A,HWY 95A,12:00-14:59,1,0
Y,PROPERTY DAMAGE ONLY,HYLLESTAD,N,2021,FRIDAY,SINGLE VEHICLE,N,N,\N,\N,N,APRIL,N,FAIRMONT HOT SPRINGS,FAIRMONT HOT SPRINGS,\N,N,N,N,SOUTHERN INTERIOR,UNKNOWN,HWY 93,HWY 93,12:00-14:59,1,0
