ANIMAL_FLAG,CRASH_SEVERITY,CROSS_STREET_FULL_NAME,CYCLIST_FLAG,DATE_OF_LOSS_YEAR,DAY_OF_WEEK,DERIVED_CRASH_CONFIGURATION,HEAVY_VEH_FLAG,INTERSECTION_CRASH,LATITUDE,LONGITUDE,MID_BLOCK_CRASH,MONTH_OF_YEAR,MOTORCYCLE_FLAG,Municipality Name (ifnull),MUNICIPALITY_NAME,MUNICIPALITY_WITH_BOUNDARY,PARKED_VEHICLE_FLAG,PARKING_LOT_FLAG,PEDESTRIAN_FLAG,REGION,ROAD_LOCATION_DESCRIPTION,Street Full Name (ifnull),STREET_FULL_NAME,TIME_CATEGORY,TOTAL_CRASHES,TOTAL_VICTIMS
N,CASUALTY CRASH,\N,N,2021,SATURDAY,CONFLICTED,N,N,49.158918,-123.934132,Y,DECEMBER,N,NANAIMO,NANAIMO,NANAIMO,N,N,N,VANCOUVER ISLAND,NICOL ST # 000100 TO 000199,NICOL ST,NICOL ST,09:00-11:59,1,1
N,CASUALTY CRASH,\N,N,2021,SATURDAY,CONFLICTED,Y,N,\N,\N,N,DECEMBER,N,FORT ST. JOHN,FORT ST. JOHN,\N,N,N,N,NORTH CENTRAL,UNKNOWN,THE CABIN ROAD,THE CABIN ROAD,09:00-11:59,1,1
N,CASUALTY CRASH,\N,N,2021,SATURDAY,HEAD ON,N,N,\N,\N,N,DECEMBER,N,CLEARWATER,CLEARWATER,\N,N,N,N,SOUTHERN INTERIOR,UNKNOWN,HWY 5,HWY 5,09:00-11:59,1,2
N,CASUALTY CRASH,\N,N,2021,SATURDAY,REAR END,N,N,\N,\N,N,DECEMBER,N,KAMLOOPS,KAMLOOPS,\N,N,Y,N,SOUTHERN INTERIOR,UNKNOWN,W TRANS-CANADA HWY,W TRANS-CANADA HWY,09:00-11:59,1,1
N,CASUALTY CRASH,\N,N,2021,SATURDAY,REAR END,N,N,\N,\N,N,DECEMBER,N,WHITE ROCK,WHITE ROCK,\N,N,N,N,LOWER MAINLAND,UNKNOWN,NO STREET NAME,NO STREET NAME,09:00-11:59,1,1
N,CASUALTY CRASH,\N,N,2021,SATURDAY,REAR END,N,N,48.567549,-123.54628,Y,DECEMBER,N,MALAHAT,MALAHAT,MALAHAT,N,N,N,VANCOUVER ISLAND,TRANS-CANADA HWY # 000901 TO 000929 odd,HWY 1,HWY 1,09:00-11:59,1,2
N,CASUALTY CRASH,\N,N,2021,SATURDAY,REAR END,N,N,49.139015,-122.845708,Y,DECEMBER,N,SURREY,SURREY,SURREY,N,Y,N,LOWER MAINLAND,KING GEORGE BLVD # 007401 TO 007599 odd,KING GEORGE BLVD,KING GEORGE BLVD,09:00-11:59,1,1
N,CASUALTY CRASH,\N,N,2021,SATURDAY,REAR END,N,N,49.373875,-123.272954,Y,DECEMBER,N,WEST VANCOUVER,WEST VANCOUVER,WEST VANCOUVER,Y,Y,N,LOWER MAINLAND,KEITH RD # 006600 TO 006768,KEITH RD,KEITH RD,09:00-11:59,1,2
N,CASUALTY CRASH,\N,N,2021,SATURDAY,REAR END,N,N,50.669273,-120.30553,Y,DECEMBER,N,KAMLOOPS,KAMLOOPS,KAMLOOPS,N,Y,N,SOUTHERN INTERIOR,TRANS-CANADA HWY E # 001351 TO 001499 odd,HWY 1,HWY 1,09:00-11:59,1,2
N,CASUALTY CRASH,\N,N,2021,SATURDAY,SIDE IMPACT,N,N,\N,\N,N,DECEMBER,N,BURNABY,BURNABY,\N,N,N,N,LOWER MAINLAND,UNKNOWN,HWY 1,HWY 1,09:00-11:59,1,2
N,CASUALTY CRASH,\N,N,2021,SATURDAY,SIDE IMPACT,N,N,\N,\N,N,DECEMBER,N,ELKO,ELKO,\N,N,N,N,SOUTHERN INTERIOR,UNKNOWN,HWY 3,HWY 3,09:00-11:59,1,1
N,CASUALTY CRASH,\N,N,2021,SATURDAY,SIDE IMPACT,N,N,49.044252,-122.223398,Y,DECEMBER,N,ABBOTSFORD,ABBOTSFORD,ABBOTSFORD,N,Y,N,LOWER MAINLAND,WHATCOM RD # 002300 TO 002348 even,WHATCOM RD,WHATCOM RD,09:00-11:59,1,1
N,CASUALTY CRASH,\N,N,2021,SATURDAY,SIDE IMPACT,N,N,49.151861,-121.977356,Y,DECEMBER,N,CHILLIWACK,CHILLIWACK,CHILLIWACK,N,Y,N,LOWER MAINLAND,EAGLE LANDING PKY # 008208 TO 008261,EAGLE LANDING PKY,EAGLE LANDING PKY,09:00-11:59,1,1
N,CASUALTY CRASH,\N,N,2021,SATURDAY,SIDE IMPACT,N,N,49.173924,-123.15071,Y,DECEMBER,N,RICHMOND,RICHMOND,RICHMOND,N,Y,N,LOWER MAINLAND,RIVER RD # 006091 TO 006200,RIVER RD,RIVER RD,09:00-11:59,1,1
N,CASUALTY CRASH,\N,N,2021,SATURDAY,SIDE IMPACT,N,N,50.262857,-119.279344,Y,DECEMBER,N,VERNON,VERNON,VERNON,N,Y,N,SOUTHERN INTERIOR,35 ST # 002800 TO 002994,35 ST,35 ST,09:00-11:59,1,1
N,CASUALTY CRASH,\N,N,2021,SATURDAY,SIDE SWIPE - SAME DIRECTION,N,N,48.458967,-123.503043,Y,DECEMBER,N,LANGFORD,LANGFORD,LANGFORD,N,Y,N,VANCOUVER ISLAND,MCCALLUM RD # 000790 TO 000799,MCCALLUM RD,MCCALLUM RD,09:00-11:59,1,1
N,CASUALTY CRASH,\N,N,2021,SATURDAY,SINGLE VEHICLE,N,N,\N,\N,N,DECEMBER,N,CACHE CREEK,CACHE CREEK,\N,N,N,N,SOUTHERN INTERIOR,UNKNOWN,HWY 1,HWY 1,09:00-11:59,1,1
N,CASUALTY CRASH,\N,N,2021,SATURDAY,SINGLE VEHICLE,N,N,\N,\N,N,DECEMBER,N,CHEMAINUS,CHEMAINUS,\N,N,N,N,VANCOUVER ISLAND,UNKNOWN,HWY 1,HWY 1,09:00-11:59,1,1
N,CASUALTY CRASH,\N,N,2021,SATURDAY,SINGLE VEHICLE,N,N,\N,\N,N,DECEMBER,N,DELTA,DELTA,\N,N,N,N,LOWER MAINLAND,UNKNOWN,HWY 91,HWY 91,09:00-11:59,1,2
N,CASUALTY CRASH,\N,N,2021,SATURDAY,SINGLE VEHICLE,N,N,\N,\N,N,DECEMBER,N,DONALD,DONALD,\N,N,N,N,SOUTHERN INTERIOR,UNKNOWN,HWY 1,HWY 1,09:00-11:59,1,1
N,CASUALTY CRASH,\N,N,2021,SATURDAY,SINGLE VEHICLE,N,N,\N,\N,N,DECEMBER,N,HONEYMOON BAY,HONEYMOON BAY,\N,N,N,N,VANCOUVER ISLAND,UNKNOWN,SOUTH SHORE RD,SOUTH SHORE RD,09:00-11:59,1,1
N,CASUALTY CRASH,\N,N,2021,SATURDAY,SINGLE VEHICLE,N,N,\N,\N,N,DECEMBER,N,KITIMAT,KITIMAT,\N,N,N,N,NORTH CENTRAL,UNKNOWN,HWY 37,HWY 37,09:00-11:59,1,1
N,CASUALTY CRASH,\N,N,2021,SATURDAY,SINGLE VEHICLE,N,N,\N,\N,N,DECEMBER,N,LANGLEY,LANGLEY,\N,N,N,N,LOWER MAINLAND,UNKNOWN,HWY 1,HWY 1,09:00-11:59,1,1
N,CASUALTY CRASH,\N,N,2021,SATURDAY,SINGLE VEHICLE,N,N,\N,\N,N,DECEMBER,N,PORT ALBERNI,PORT ALBERNI,\N,N,N,N,VANCOUVER ISLAND,UNKNOWN,FRANKLIN RIVER RD,FRANKLIN RIVER RD,09:00-11:59,1,1
N,CASUALTY CRASH,\N,N,2021,SATURDAY,SINGLE VEHICLE,N,N,\N,\N,N,DECEMBER,N,PORT MOODY,PORT MOODY,\N,N,N,N,LOWER MAINLAND,UNKNOWN,RAVINE DR,RAVINE DR,09:00-11:59,1,2
N,CASUALTY CRASH,\N,N,2021,SATURDAY,SINGLE VEHICLE,N,N,\N,\N,N,DECEMBER,N,RICHMOND,RICHMOND,\N,N,N,N,LOWER MAINLAND,UNKNOWN,UNKNOWN,UNKNOWN,09:00-11:59,1,1
N,CASUALTY CRASH,\N,N,2021,SATURDAY,SINGLE VEHICLE,N,N,\N,\N,N,DECEMBER,N,SMITHERS,SMITHERS,\N,N,N,N,NORTH CENTRAL,UNKNOWN,YELLOWHEAD HWY,YELLOWHEAD HWY,09:00-11:59,1,1
N,CASUALTY CRASH,\N,N,2021,SATURDAY,SINGLE VEHICLE,N,N,\N,\N,N,DECEMBER,N,SPARWOOD,SPARWOOD,\N,N,N,N,SOUTHERN INTERIOR,UNKNOWN,HWY 3,HWY 3,09:00-11:59,1,1
N,CASUALTY CRASH,\N,N,2021,SATURDAY,UNDETERMINED,N,N,49.14918,-122.941976,Y,DECEMBER,N,DELTA,DELTA,DELTA,N,Y,N,LOWER MAINLAND,NORDEL CRT # 010100 TO 010199,NORDEL CRT,NORDEL CRT,09:00-11:59,1,2
N,CASUALTY CRASH,100 AVE,N,2021,SATURDAY,SIDE SWIPE - OPPOSITE DIRECTION,N,Y,49.184094,-122.823089,N,DECEMBER,N,SURREY,SURREY,SURREY,N,N,N,LOWER MAINLAND,100 AVE & 144 ST,144 ST,144 ST,09:00-11:59,1,2
N,CASUALTY CRASH,104 AVE ONRAMP,N,2021,SATURDAY,CONFLICTED,N,Y,49.192103,-122.777815,N,DECEMBER,N,SURREY,SURREY,SURREY,N,N,N,LOWER MAINLAND,104 AVE & 104 AVE OFFRAMP & 104 AVE ONRAMP & 104 AVENUE FLYOVER & 160 ST & 160 ST ONRAMP & 164 ST & 164 ST OFFRAMP & HWY 1 ONRAMP & TRANS-CANADA HWY & EMERGENCY LANE & TURNING LANE,HWY 1,HWY 1,09:00-11:59,1,1
N,CASUALTY CRASH,120 ST,N,2021,SATURDAY,SIDE IMPACT,N,Y,49.193875,-122.888755,N,DECEMBER,N,SURREY,SURREY,SURREY,N,N,N,LOWER MAINLAND,104 AVE & SCOTT RD & TANNERY RD & TURNING LANE,104 AVE,104 AVE,09:00-11:59,1,3
N,CASUALTY CRASH,128 ST,N,2021,SATURDAY,REAR END,Y,Y,49.108112,-122.867838,N,DECEMBER,N,SURREY,SURREY,SURREY,N,N,N,LOWER MAINLAND,128 ST & 58 AVE,HWY 10,HWY 10,09:00-11:59,1,1
N,CASUALTY CRASH,12TH ST SE,N,2021,SATURDAY,SINGLE VEHICLE,N,N,\N,\N,N,DECEMBER,N,SALMON ARM,SALMON ARM,\N,N,N,N,SOUTHERN INTERIOR,UNKNOWN,AUTO RD SE,AUTO RD SE,09:00-11:59,1,1
N,CASUALTY CRASH,140 ST,N,2021,SATURDAY,REAR END,N,Y,49.191455,-122.834176,N,DECEMBER,N,SURREY,SURREY,SURREY,N,N,N,LOWER MAINLAND,104 AVE & 140 ST,104 AVE,104 AVE,09:00-11:59,1,1
N,CASUALTY CRASH,149 ST,N,2021,SATURDAY,SIDE IMPACT,N,Y,49.163696,-122.81001,N,DECEMBER,N,SURREY,SURREY,SURREY,N,N,N,LOWER MAINLAND,149 ST & 88A AVE,88A AVE,88A AVE,09:00-11:59,1,1
N,CASUALTY CRASH,152 ST,N,2021,SATURDAY,REAR END,N,Y,49.104433,-122.801032,N,DECEMBER,N,SURREY,SURREY,SURREY,N,N,N,LOWER MAINLAND,152 ST & 56 AVE,HWY 10,HWY 10,09:00-11:59,1,1
N,CASUALTY CRASH,152 ST,N,2021,SATURDAY,REAR END,N,Y,49.19698,-122.800532,N,DECEMBER,N,SURREY,SURREY,SURREY,N,N,N,LOWER MAINLAND,152 ST & 152 ST OFFRAMP & 152 ST ONRAMP & FERGUSON DIVERSION & GUILDFORD DR & TURNING LANE,FERGUSON DIVERS,FERGUSON DIVERS,09:00-11:59,1,2
N,CASUALTY CRASH,160 ST,N,2021,SATURDAY,REAR END,N,Y,49.0601,-122.779145,N,DECEMBER,N,SURREY,SURREY,SURREY,N,N,N,LOWER MAINLAND,160 ST & 32 AVE & MORGAN CREEK WAY,32 AVE,32 AVE,09:00-11:59,1,1
N,CASUALTY CRASH,16TH,N,2021,SATURDAY,UNDETERMINED,N,N,\N,\N,N,DECEMBER,N,SURREY,SURREY,\N,N,N,N,LOWER MAINLAND,UNKNOWN,184 ST,184 ST,09:00-11:59,1,1
N,CASUALTY CRASH,184 ST,N,2021,SATURDAY,REAR END,N,Y,49.118731,-122.71259,N,DECEMBER,N,SURREY,SURREY,SURREY,N,N,N,LOWER MAINLAND,184 ST & 64 AVE,64 AVE,64 AVE,09:00-11:59,1,2
N,CASUALTY CRASH,1ST AVE,N,2021,SATURDAY,MULTIPLE IMPACTS,N,Y,49.269363,-123.014259,N,DECEMBER,N,BURNABY,BURNABY,BURNABY,N,N,N,LOWER MAINLAND,1ST AVE & DOUGLAS RD & GILMORE AVE,GILMORE AVE,GILMORE AVE,09:00-11:59,1,1
N,CASUALTY CRASH,216 ST,N,2021,SATURDAY,SINGLE VEHICLE,N,Y,49.09598,-122.624579,N,DECEMBER,N,LANGLEY,LANGLEY,LANGLEY,N,N,N,LOWER MAINLAND,216 ST & FRASER HWY,FRASER HWY,FRASER HWY,09:00-11:59,1,1
N,CASUALTY CRASH,224 ST,N,2021,SATURDAY,SINGLE VEHICLE,N,Y,49.104475,-122.604319,N,DECEMBER,N,LANGLEY,LANGLEY,LANGLEY,N,N,N,LOWER MAINLAND,224 ST & 56 AVE,56 AVE,56 AVE,09:00-11:59,1,2
N,CASUALTY CRASH,3RD AVE,N,2021,SATURDAY,MULTIPLE IMPACTS,N,Y,49.326338,-117.654735,N,DECEMBER,N,CASTLEGAR,CASTLEGAR,CASTLEGAR,N,N,N,SOUTHERN INTERIOR,3RD AVE & 3RD ST,3RD ST,3RD ST,09:00-11:59,1,1
N,CASUALTY CRASH,56 AVE,N,2021,SATURDAY,REAR END,N,Y,49.104433,-122.801032,N,DECEMBER,N,SURREY,SURREY,SURREY,N,N,N,LOWER MAINLAND,152 ST & 56 AVE,152 ST,152 ST,09:00-11:59,1,1
N,CASUALTY CRASH,68A AVE,N,2021,SATURDAY,SIDE IMPACT,N,Y,49.127249,-122.734805,N,DECEMBER,N,SURREY,SURREY,SURREY,N,N,N,LOWER MAINLAND,176 ST & 68A AVE & TURNING LANE,176 ST,176 ST,09:00-11:59,1,4
N,CASUALTY CRASH,72 AVE,N,2021,SATURDAY,CONFLICTED,N,Y,49.134037,-122.890359,N,DECEMBER,N,DELTA,DELTA,DELTA & SURREY,N,N,N,LOWER MAINLAND,120 ST & 72 AVE,SCOTT RD,SCOTT RD,09:00-11:59,1,1
N,CASUALTY CRASH,80 AVE,N,2021,SATURDAY,REAR END,N,Y,49.148132,-122.867974,N,DECEMBER,N,SURREY,SURREY,SURREY,N,N,N,LOWER MAINLAND,128 ST & 80 AVE,128 ST,128 ST,09:00-11:59,1,1
N,CASUALTY CRASH,82A AVE,N,2021,SATURDAY,SIDE IMPACT,N,Y,49.152784,-122.690661,N,DECEMBER,N,SURREY,SURREY,SURREY,N,N,N,LOWER MAINLAND,192 ST & 82A AVE,192 ST,192 ST,09:00-11:59,1,2
N,CASUALTY CRASH,96 AVE,N,2021,SATURDAY,SINGLE VEHICLE,N,Y,55.766771,-120.214956,N,DECEMBER,N,DAWSON CREEK,DAWSON CREEK,DAWSON CREEK,N,N,N,NORTH CENTRAL,3 ST & 96 AVE,3 ST,3 ST,09:00-11:59,1,1
N,CASUALTY CRASH,ARBOT RD,N,2021,SATURDAY,SINGLE VEHICLE,N,Y,49.166628,-123.988801,N,DECEMBER,N,NANAIMO,NANAIMO,NANAIMO,N,N,N,VANCOUVER ISLAND,ARBOT RD & HARWELL RD,HARWELL RD,HARWELL RD,09:00-11:59,1,1
N,CASUALTY CRASH,ASH ST,N,2021,SATURDAY,REAR END,N,Y,49.265893,-123.117416,N,DECEMBER,N,VANCOUVER,VANCOUVER,VANCOUVER,N,N,N,LOWER MAINLAND,ASH ST & W 2ND AVE & W 6TH AVE,W 6TH AVE,W 6TH AVE,09:00-11:59,1,1
N,CASUALTY CRASH,BATTLE ST,N,2021,SATURDAY,UNDETERMINED,N,Y,50.672998,-120.305908,N,DECEMBER,N,KAMLOOPS,KAMLOOPS,KAMLOOPS,N,N,N,SOUTHERN INTERIOR,BATTLE ST & BATTLE ST OFFRAMP & COLUMBIA ST,COLUMBIA ST,COLUMBIA ST,09:00-11:59,1,1
N,CASUALTY CRASH,BERNARD AVE,N,2021,SATURDAY,SINGLE VEHICLE,N,N,\N,\N,N,DECEMBER,N,KELOWNA,KELOWNA,\N,N,N,N,SOUTHERN INTERIOR,UNKNOWN,GLENMORE RD,GLENMORE RD,09:00-11:59,1,1
N,CASUALTY CRASH,BERTRAM ST,N,2021,SATURDAY,SINGLE VEHICLE,N,Y,49.885369,-119.489887,N,DECEMBER,N,KELOWNA,KELOWNA,KELOWNA,N,N,Y,SOUTHERN INTERIOR,BERTRAM ST & LAWRENCE AVE,LAWRENCE AVE,LAWRENCE AVE,09:00-11:59,1,1
N,CASUALTY CRASH,BRITTANY DR,N,2021,SATURDAY,SIDE IMPACT,N,Y,48.438222,-123.507132,N,DECEMBER,N,LANGFORD,LANGFORD,LANGFORD,N,N,N,VANCOUVER ISLAND,BRITTANY DR & KELLY RD & PHIPPS RD,KELLY RD,KELLY RD,09:00-11:59,1,2
N,CASUALTY CRASH,BRUNETTE AVE ONRAMP,N,2021,SATURDAY,REAR END,N,Y,49.234521,-122.878438,N,DECEMBER,N,COQUITLAM,COQUITLAM,COQUITLAM & NEW WESTMINSTER,N,N,N,LOWER MAINLAND,BRUNETTE AVE & BRUNETTE AVE OFFRAMP & BRUNETTE AVE ONRAMP & TRANS-CANADA HWY,HWY 1,HWY 1,09:00-11:59,1,6
N,CASUALTY CRASH,CENTRAL BLVD,N,2021,SATURDAY,SIDE SWIPE - SAME DIRECTION,N,Y,49.227649,-123.007555,N,DECEMBER,N,BURNABY,BURNABY,BURNABY,N,N,N,LOWER MAINLAND,CENTRAL BLVD & WILLINGDON AVE,WILLINGDON AVE,WILLINGDON AVE,09:00-11:59,1,1
N,CASUALTY CRASH,CLIFFE AVE,N,2021,SATURDAY,REAR END,N,Y,49.684178,-124.990381,N,DECEMBER,N,COURTENAY,COURTENAY,COURTENAY,N,N,N,VANCOUVER ISLAND,17TH ST & CLIFFE AVE & TURNING LANE,17TH ST,17TH ST,09:00-11:59,1,1
N,CASUALTY CRASH,COALMONT RD,N,2021,SATURDAY,SINGLE VEHICLE,N,Y,49.881552,-120.629418,N,DECEMBER,N,ASPEN GROVE,ASPEN GROVE,ASPEN GROVE,N,N,N,SOUTHERN INTERIOR,COALMONT RD & MERRITT-PRINCETON HWY 5A,HWY 5A,HWY 5A,09:00-11:59,1,1
N,CASUALTY CRASH,COLONIAL DR,N,2021,SATURDAY,SINGLE VEHICLE,N,Y,49.155635,-123.172262,N,DECEMBER,N,RICHMOND,RICHMOND,RICHMOND,Y,N,N,LOWER MAINLAND,BLUNDELL RD & COLONIAL DR,BLUNDELL RD,BLUNDELL RD,09:00-11:59,1,1
N,CASUALTY CRASH,COMPLEX WAY,N,2021,SATURDAY,HEAD ON,N,Y,49.852247,-124.519359,N,DECEMBER,N,POWELL RIVER,POWELL RIVER,POWELL RIVER,N,N,N,VANCOUVER ISLAND,COMPLEX WAY & JOYCE AVE & PAT THOMPSON WAY,JOYCE AVE,JOYCE AVE,09:00-11:59,1,1
N,CASUALTY CRASH,DALHOUSIE DR,N,2021,SATURDAY,REAR END,N,Y,50.663464,-120.363903,N,DECEMBER,N,KAMLOOPS,KAMLOOPS,KAMLOOPS,N,N,N,SOUTHERN INTERIOR,DALHOUSIE DR & NOTRE DAME DR,NOTRE DAME DR,NOTRE DAME DR,09:00-11:59,1,4
N,CASUALTY CRASH,DEWDNEY TRUNK RD,N,2021,SATURDAY,CONFLICTED,N,Y,49.220346,-122.557124,N,DECEMBER,N,MAPLE RIDGE,MAPLE RIDGE,MAPLE RIDGE,N,N,N,LOWER MAINLAND,240 ST & DEWDNEY TRUNK RD,240 ST,240 ST,09:00-11:59,1,2
N,CASUALTY CRASH,FINLAYSON ST,N,2021,SATURDAY,SIDE SWIPE - SAME DIRECTION,Y,Y,48.445569,-123.366493,N,DECEMBER,N,VICTORIA,VICTORIA,VICTORIA,N,N,N,VANCOUVER ISLAND,BLANSHARD ST & FINLAYSON ST & TURNING LANE,BLANSHARD ST,BLANSHARD ST,09:00-11:59,1,2
N,CASUALTY CRASH,FRASER HWY,N,2021,SATURDAY,CONFLICTED,N,Y,49.180726,-122.841328,N,DECEMBER,N,SURREY,SURREY,SURREY,N,N,N,LOWER MAINLAND,FRASER HWY & WHALLEY BLVD,WHALLEY BLVD,WHALLEY BLVD,09:00-11:59,1,1
N,CASUALTY CRASH,GAGLARDI WAY OFFRAMP,N,2021,SATURDAY,SIDE IMPACT,N,Y,49.242746,-122.914684,N,DECEMBER,N,BURNABY,BURNABY,BURNABY,N,N,N,LOWER MAINLAND,GAGLARDI WAY & GAGLARDI WAY OFFRAMP & GAGLARDI WAY ONRAMP & TRANS-CANADA HWY,HWY 1,HWY 1,09:00-11:59,1,3
N,CASUALTY CRASH,GREIG AVE,N,2021,SATURDAY,REAR END,N,Y,54.515687,-128.59631100000001,N,DECEMBER,N,TERRACE,TERRACE,TERRACE,N,N,N,NORTH CENTRAL,GREIG AVE & HWY 16 & HWY 16 W & TURNING LANE,HWY 16,HWY 16,09:00-11:59,1,3
N,CASUALTY CRASH,GRIFFITHS AVE,N,2021,SATURDAY,CONFLICTED,N,Y,49.218374,-122.961081,N,DECEMBER,N,BURNABY,BURNABY,BURNABY,N,N,N,LOWER MAINLAND,GRIFFITHS AVE & GRIFFITHS DR & KINGSWAY & TURNING LANE,KINGSWAY,KINGSWAY,09:00-11:59,1,1
N,CASUALTY CRASH,HAYWOOD AVE,N,2021,SATURDAY,REAR END,N,Y,49.333582,-123.168038,N,DECEMBER,Y,WEST VANCOUVER,WEST VANCOUVER,WEST VANCOUVER,Y,N,N,LOWER MAINLAND,21ST ST & HAYWOOD AVE,21ST ST,21ST ST,09:00-11:59,1,1
N,CASUALTY CRASH,HEFFLEY LOUIS CREEK ROAD,N,2021,SATURDAY,SINGLE VEHICLE,N,N,\N,\N,N,DECEMBER,N,HEFFLEY CREEK,HEFFLEY CREEK,\N,N,N,N,SOUTHERN INTERIOR,UNKNOWN,TOD MOUNTAIN RD,TOD MOUNTAIN RD,09:00-11:59,1,1
N,CASUALTY CRASH,HWY 1,N,2021,SATURDAY,REAR END,N,Y,48.977648,-123.802274,N,DECEMBER,N,LADYSMITH,LADYSMITH,LADYSMITH,N,N,N,VANCOUVER ISLAND,CHEMAINUS RD & DAVIS RD & DAVIS RD OFFRAMP & DAVIS RD ONRAMP & TRANS-CANADA HWY,CHEMAINUS RD,CHEMAINUS RD,09:00-11:59,1,3
N,CASUALTY CRASH,HWY 1,N,2021,SATURDAY,REAR END,N,Y,49.242746,-122.914684,N,DECEMBER,N,BURNABY,BURNABY,BURNABY,Y,N,N,LOWER MAINLAND,GAGLARDI WAY & GAGLARDI WAY OFFRAMP & GAGLARDI WAY ONRAMP & TRANS-CANADA HWY,GAGLARDI WAY OFFRAMP,GAGLARDI WAY OFFRAMP,09:00-11:59,1,2
N,CASUALTY CRASH,HWY 1,N,2021,SATURDAY,REAR END,N,Y,49.257636,-123.004065,N,DECEMBER,N,BURNABY,BURNABY,BURNABY,N,N,N,LOWER MAINLAND,GRANDVIEW HWY & GRANDVIEW HWY ONRAMP & TRANS-CANADA HWY & TRANS-CANADA HWY ONRAMP & WILLINGDON AVE & WILLINGDON AVE OFFRAMP & EMERGENCY LANE,WILLINGDON AVE,WILLINGDON AVE,09:00-11:59,1,2
N,CASUALTY CRASH,HWY 10,N,2021,SATURDAY,REAR END,N,Y,49.111887,-122.675391,N,DECEMBER,N,LANGLEY,LANGLEY,LANGLEY,N,N,N,LOWER MAINLAND,FRASER HWY & LANGLEY BYPASS & TURNING LANE,FRASER HWY,FRASER HWY,09:00-11:59,1,1
N,CASUALTY CRASH,HWY 97,N,2021,SATURDAY,CONFLICTED,N,Y,49.889477,-119.420504,N,DECEMBER,N,KELOWNA,KELOWNA,KELOWNA,N,N,N,SOUTHERN INTERIOR,HWY 33 W & HWY 97 N & TURNING LANE,HWY 33,HWY 33,09:00-11:59,1,2
N,CASUALTY CRASH,INVERNESS ST,N,2021,SATURDAY,REAR END,N,Y,49.232729,-123.079807,N,DECEMBER,N,VANCOUVER,VANCOUVER,VANCOUVER,N,N,N,LOWER MAINLAND,E 41ST AVE & INVERNESS ST,E 41ST AVE,E 41ST AVE,09:00-11:59,1,1
N,CASUALTY CRASH,JINGLE POT RD,N,2021,SATURDAY,REAR END,N,Y,49.16875,-123.982077,N,DECEMBER,N,NANAIMO,NANAIMO,NANAIMO,N,N,N,VANCOUVER ISLAND,JINGLE POT RD & JINGLE POT RD OFFRAMP & JINGLE POT RD ONRAMP & NANAIMO PKY & PARKWAY TRAIL,NANAIMO PKY,NANAIMO PKY,09:00-11:59,1,1
N,CASUALTY CRASH,JOHNSON ST,N,2021,SATURDAY,SIDE IMPACT,N,Y,49.278548,-122.80176,N,DECEMBER,N,COQUITLAM,COQUITLAM,COQUITLAM,N,N,N,LOWER MAINLAND,CONLEY CRES & JOHNSON ST,CONLEY CRES,CONLEY CRES,09:00-11:59,1,2
N,CASUALTY CRASH,JUNG LANE,Y,2021,SATURDAY,SINGLE VEHICLE,N,Y,49.27736,-123.131816,N,DECEMBER,N,VANCOUVER,VANCOUVER,VANCOUVER,N,N,N,LOWER MAINLAND,BURRARD ST & JUNG LANE,BURRARD ST,BURRARD ST,09:00-11:59,1,1
N,CASUALTY CRASH,KENSINGTON AVE,N,2021,SATURDAY,SIDE IMPACT,N,Y,49.241592,-122.968214,N,DECEMBER,N,BURNABY,BURNABY,BURNABY,N,N,N,LOWER MAINLAND,CANADA WAY & GILPIN ST & KENSINGTON AVE & TURNING LANE,CANADA WAY,CANADA WAY,09:00-11:59,1,2
N,CASUALTY CRASH,KINCAID ST,N,2021,SATURDAY,CONFLICTED,N,Y,49.248458,-122.989046,N,DECEMBER,N,BURNABY,BURNABY,BURNABY,N,N,N,LOWER MAINLAND,KINCAID ST & ROYAL OAK AVE,ROYAL OAK AVE,ROYAL OAK AVE,09:00-11:59,1,1
N,CASUALTY CRASH,KINGSFORD AVE,N,2021,SATURDAY,HEAD ON,N,Y,49.26145,-122.96249,N,DECEMBER,N,BURNABY,BURNABY,BURNABY,N,N,N,LOWER MAINLAND,BROADWAY & KINGSFORD AVE,BROADWAY,BROADWAY,09:00-11:59,1,1
N,CASUALTY CRASH,KINGSWAY,N,2021,SATURDAY,REAR END,N,Y,49.259878,-123.096571,N,DECEMBER,N,VANCOUVER,VANCOUVER,VANCOUVER,N,N,N,LOWER MAINLAND,E 12TH AVE & KINGSWAY,E 12TH AVE,E 12TH AVE,09:00-11:59,1,1
N,CASUALTY CRASH,LECKIE RD,N,2021,SATURDAY,REAR END,N,Y,49.884331,-119.42902,N,DECEMBER,N,KELOWNA,KELOWNA,KELOWNA,N,N,N,SOUTHERN INTERIOR,HWY 97 N & LECKIE RD & TURNING LANE,HWY 97,HWY 97,09:00-11:59,1,1
N,CASUALTY CRASH,LOUGHEED HWY,N,2021,SATURDAY,REAR END,N,N,\N,\N,N,DECEMBER,N,BURNABY,BURNABY,\N,N,N,N,LOWER MAINLAND,UNKNOWN,ROCHESTER ST,ROCHESTER ST,09:00-11:59,1,1
N,CASUALTY CRASH,LOUGHEED HWY,N,2021,SATURDAY,SIDE IMPACT,N,Y,49.219251,-122.812916,N,DECEMBER,N,COQUITLAM,COQUITLAM,COQUITLAM,N,N,N,LOWER MAINLAND,COLEMAN AVE & COLEMAN AVE ONRP & FAWCETT RD & HWY 7 OFRP & HWY 7B OFRP & LEEDER ST & LOUGHEED HWY & LOUGHEED HWY ONRP & MARY HILL BYPASS & MARY HILL BYPASS ONRP & TRANS-CANADA HWY & TRANS-CANADA HWY OFRP & TRANS-CANADA HWY ONRP & UNITED BLVD & UNITED BLV,UNITED BLVD,UNITED BLVD,09:00-11:59,1,2
N,CASUALTY CRASH,MCKENZIE AVE,N,2021,SATURDAY,SIDE IMPACT,N,Y,48.47043,-123.361205,N,DECEMBER,N,SAANICH,SAANICH,SAANICH,N,Y,N,VANCOUVER ISLAND,BORDEN ST & LOCHSIDE TRAIL & MCKENZIE AVE,BORDEN ST,BORDEN ST,09:00-11:59,1,2
N,CASUALTY CRASH,MCKINNON ST,N,2021,SATURDAY,SIDE SWIPE - SAME DIRECTION,N,Y,49.220161,-123.03905,N,DECEMBER,N,VANCOUVER,VANCOUVER,VANCOUVER,N,N,N,LOWER MAINLAND,E 54TH AVE & MCKINNON ST,E 54TH AVE,E 54TH AVE,09:00-11:59,1,1
N,CASUALTY CRASH,MONTROSE AVE,N,2021,SATURDAY,REAR END,N,Y,49.048987,-122.290332,N,DECEMBER,N,ABBOTSFORD,ABBOTSFORD,ABBOTSFORD,N,N,N,LOWER MAINLAND,ESSENDENE AVE & MONTROSE AVE,ESSENDENE AVE,ESSENDENE AVE,09:00-11:59,1,2
N,CASUALTY CRASH,MT LEHMAN RD,N,2021,SATURDAY,REAR END,N,Y,49.055796,-122.381184,N,DECEMBER,N,ABBOTSFORD,ABBOTSFORD,ABBOTSFORD,N,N,N,LOWER MAINLAND,FRASER HWY & MT LEHMAN RD & TURNING LANE,FRASER HWY,FRASER HWY,09:00-11:59,1,1
N,CASUALTY CRASH,NELSON ST,N,2021,SATURDAY,SINGLE VEHICLE,N,Y,49.275686,-123.116851,N,DECEMBER,N,VANCOUVER,VANCOUVER,VANCOUVER,N,N,Y,LOWER MAINLAND,BEATTY ST & NELSON ST,BEATTY ST,BEATTY ST,09:00-11:59,1,1
N,CASUALTY CRASH,NO 3 RD,N,2021,SATURDAY,CONFLICTED,N,Y,49.173863,-123.136744,N,DECEMBER,N,RICHMOND,RICHMOND,RICHMOND,N,N,N,LOWER MAINLAND,LANSDOWNE RD & NO 3 RD,LANSDOWNE RD,LANSDOWNE RD,09:00-11:59,1,1
N,CASUALTY CRASH,OAKLAND ST,N,2021,SATURDAY,REAR END,N,Y,49.229914,-122.988907,N,DECEMBER,N,BURNABY,BURNABY,BURNABY,N,N,N,LOWER MAINLAND,DOVER ST & OAKLAND ST & ROYAL OAK AVE,ROYAL OAK AVE,ROYAL OAK AVE,09:00-11:59,1,1
N,CASUALTY CRASH,OLD YALE ROAD,N,2021,SATURDAY,SINGLE VEHICLE,N,N,\N,\N,N,DECEMBER,N,SURREY,SURREY,\N,N,N,N,LOWER MAINLAND,UNKNOWN,17 HWY,17 HWY,09:00-11:59,1,1
N,CASUALTY CRASH,ROBSON ST,N,2021,SATURDAY,SIDE SWIPE - SAME DIRECTION,N,Y,49.281368,-123.119815,N,DECEMBER,N,VANCOUVER,VANCOUVER,VANCOUVER,N,N,N,LOWER MAINLAND,GRANVILLE ST & ROBSON ST,GRANVILLE ST,GRANVILLE ST,09:00-11:59,1,1
N,CASUALTY CRASH,ROSS DR,N,2021,SATURDAY,UNDETERMINED,N,Y,49.254174,-123.241094,N,DECEMBER,N,UBC,UBC,UBC,N,N,N,LOWER MAINLAND,EAST MALL & ROSS DR & W 16TH AVE,W 16TH AVE,W 16TH AVE,09:00-11:59,1,1
N,CASUALTY CRASH,ROYAL OAK AVE,N,2021,SATURDAY,REAR END,N,Y,49.225,-122.988934,N,DECEMBER,N,BURNABY,BURNABY,BURNABY,N,N,N,LOWER MAINLAND,KINGSWAY & ROYAL OAK AVE,KINGSWAY,KINGSWAY,09:00-11:59,1,1
N,CASUALTY CRASH,SECOND ST,N,2021,SATURDAY,SINGLE VEHICLE,N,Y,49.16656,-123.961034,N,DECEMBER,N,NANAIMO,NANAIMO,NANAIMO,N,N,N,VANCOUVER ISLAND,JINGLE POT RD & SECOND ST & WAKESIAH AVE,JINGLE POT RD,JINGLE POT RD,09:00-11:59,1,1
N,CASUALTY CRASH,SHAUGHNESSY ST,N,2021,SATURDAY,REAR END,N,Y,49.267482,-122.77645,N,DECEMBER,N,PORT COQUITLAM,PORT COQUITLAM,PORT COQUITLAM,N,N,N,LOWER MAINLAND,LOUGHEED HWY & SHAUGHNESSY ST & TURNING LANE,LOUGHEED HWY,LOUGHEED HWY,09:00-11:59,1,1
N,CASUALTY CRASH,SPITFIRE RD,N,2021,SATURDAY,CONFLICTED,N,Y,49.053732,-123.877489,N,DECEMBER,N,NANAIMO,NANAIMO,NANAIMO,N,N,N,VANCOUVER ISLAND,SPITFIRE RD & TRANS-CANADA HWY & TURNING LANE,HWY 1,HWY 1,09:00-11:59,1,1
N,CASUALTY CRASH,SUNSET DR,N,2021,SATURDAY,SINGLE VEHICLE,N,Y,49.026501,-122.823318,N,DECEMBER,N,WHITE ROCK,WHITE ROCK,WHITE ROCK,N,N,N,LOWER MAINLAND,ARCHIBALD RD & SUNSET DR,ARCHIBALD RD,ARCHIBALD RD,09:00-11:59,1,1
N,CASUALTY CRASH,TENTH AVE,N,2021,SATURDAY,SIDE IMPACT,N,Y,49.216589,-122.932023,N,DECEMBER,N,BURNABY,BURNABY,BURNABY & NEW WESTMINSTER,N,N,N,LOWER MAINLAND,10TH AVE & HEDGE AVE & TENTH AVE,10TH AVE,10TH AVE,09:00-11:59,1,1
N,CASUALTY CRASH,TRANQUILLE RD,N,2021,SATURDAY,REAR END,N,Y,50.689957,-120.358376,N,DECEMBER,N,KAMLOOPS,KAMLOOPS,KAMLOOPS,N,N,N,SOUTHERN INTERIOR,MACKENZIE AVE & TRANQUILLE RD,MACKENZIE AVE,MACKENZIE AVE,09:00-11:59,1,1
N,CASUALTY CRASH,UNKNOWN,N,2021,SATURDAY,SINGLE VEHICLE,N,N,\N,\N,N,DECEMBER,N,LILLOOET,LILLOOET,\N,N,N,N,SOUTHERN INTERIOR,UNKNOWN,HWY 99,HWY 99,09:00-11:59,1,1
N,CASUALTY CRASH,VALLEYVIEW DR,N,2021,SATURDAY,REAR END,N,Y,50.676353,-120.262177,N,DECEMBER,N,KAMLOOPS,KAMLOOPS,KAMLOOPS,N,N,N,SOUTHERN INTERIOR,HIGHLAND RD & VALLEYVIEW DR,HIGHLAND RD,HIGHLAND RD,09:00-11:59,1,1
N,CASUALTY CRASH,VICTORIA DR,N,2021,SATURDAY,REAR END,N,Y,49.26956,-123.065769,N,DECEMBER,N,VANCOUVER,VANCOUVER,VANCOUVER,N,N,N,LOWER MAINLAND,E 1ST AVE & VICTORIA DR,E 1ST AVE,E 1ST AVE,09:00-11:59,1,1
N,CASUALTY CRASH,W 16TH AVE,N,2021,SATURDAY,CONFLICTED,N,Y,49.257288,-123.152709,N,DECEMBER,N,VANCOUVER,VANCOUVER,VANCOUVER,Y,N,N,LOWER MAINLAND,ARBUTUS GREENWAY & ARBUTUS ST & EAST BOULEVARD & W 16TH AVE,ARBUTUS ST,ARBUTUS ST,09:00-11:59,1,1
N,CASUALTY CRASH,W 25TH ST,N,2021,SATURDAY,REAR END,N,Y,49.331967,-123.072107,N,DECEMBER,N,NORTH VANCOUVER,NORTH VANCOUVER,NORTH VANCOUVER,N,N,N,LOWER MAINLAND,E 25TH ST & E 25TH ST OFFRAMP & E 25TH ST ONRAMP & LONSDALE AVE & LONSDALE AVE OFFRAMP & LONSDALE AVE ONRAMP & TRANS-CANADA HWY & W 25TH ST & TURNING LANE,LONSDALE AVE,LONSDALE AVE,09:00-11:59,2,2
N,CASUALTY CRASH,W 27TH AVE,N,2021,SATURDAY,REAR END,N,Y,49.248074,-123.185231,N,DECEMBER,N,VANCOUVER,VANCOUVER,VANCOUVER,N,N,N,LOWER MAINLAND,DUNBAR ST & W 27TH AVE,DUNBAR ST,DUNBAR ST,09:00-11:59,1,3
N,CASUALTY CRASH,WASCANA ST,N,2021,SATURDAY,REAR END,N,Y,48.445436,-123.393109,N,DECEMBER,N,SAANICH,SAANICH,SAANICH,Y,N,N,VANCOUVER ISLAND,GORGE RD W & WASCANA ST,GORGE RD W,GORGE RD W,09:00-11:59,1,2
N,CASUALTY CRASH,YOUNG RD,N,2021,SATURDAY,CONFLICTED,N,Y,49.174662,-121.952603,N,DECEMBER,N,CHILLIWACK,CHILLIWACK,CHILLIWACK,Y,N,N,LOWER MAINLAND,MELLARD AVE & YOUNG RD,MELLARD AVE,MELLARD AVE,09:00-11:59,1,1
N,PROPERTY DAMAGE ONLY,\N,N,2021,SATURDAY,CONFLICTED,N,N,\N,\N,N,DECEMBER,N,COMOX,COMOX,\N,Y,Y,N,VANCOUVER ISLAND,UNKNOWN,UNKNOWN,UNKNOWN,09:00-11:59,1,0
N,PROPERTY DAMAGE ONLY,\N,N,2021,SATURDAY,CONFLICTED,N,N,\N,\N,N,DECEMBER,N,HOSMER,HOSMER,\N,N,N,N,SOUTHERN INTERIOR,UNKNOWN,HWY 3,HWY 3,09:00-11:59,1,0
N,PROPERTY DAMAGE ONLY,\N,N,2021,SATURDAY,CONFLICTED,N,N,49.203746,-122.864716,Y,DECEMBER,N,SURREY,SURREY,SURREY,Y,Y,N,LOWER MAINLAND,129 ST # 011000 TO 011099,129 ST,129 ST,09:00-11:59,1,0
N,PROPERTY DAMAGE ONLY,\N,N,2021,SATURDAY,CONFLICTED,N,N,49.224041,-122.915417,Y,DECEMBER,N,NEW WESTMINSTER,NEW WESTMINSTER,NEW WESTMINSTER,Y,N,N,LOWER MAINLAND,MCBRIDE BLVD # 000901 TO 000999 odd,MCBRIDE BLVD,MCBRIDE BLVD,09:00-11:59,1,0
N,PROPERTY DAMAGE ONLY,\N,N,2021,SATURDAY,CONFLICTED,N,N,49.224797,-123.053556,Y,DECEMBER,N,VANCOUVER,VANCOUVER,VANCOUVER,Y,Y,N,LOWER MAINLAND,E 49TH AVE # 002600 TO 002698,E 49TH AVE,E 49TH AVE,09:00-11:59,1,0
N,PROPERTY DAMAGE ONLY,\N,N,2021,SATURDAY,CONFLICTED,N,N,49.239825,-122.886479,Y,DECEMBER,N,COQUITLAM,COQUITLAM,COQUITLAM,Y,N,N,LOWER MAINLAND,ALDERSON AVE # 000570 TO 000609,ALDERSON AVE,ALDERSON AVE,09:00-11:59,1,0
N,PROPERTY DAMAGE ONLY,\N,N,2021,SATURDAY,CONFLICTED,N,N,49.265155,-123.114737,Y,DECEMBER,N,VANCOUVER,VANCOUVER,VANCOUVER,Y,Y,N,LOWER MAINLAND,CAMBIE ST # 002200 TO 002298 even,CAMBIE ST,CAMBIE ST,09:00-11:59,1,0
N,PROPERTY DAMAGE ONLY,\N,N,2021,SATURDAY,CONFLICTED,N,N,49.521135,-115.757768,Y,DECEMBER,N,CRANBROOK,CRANBROOK,CRANBROOK,N,Y,N,SOUTHERN INTERIOR,CRANBROOK ST N # 000700 TO 001198 even,CRANBROOK ST N,CRANBROOK ST N,09:00-11:59,1,0
N,PROPERTY DAMAGE ONLY,\N,N,2021,SATURDAY,CONFLICTED,N,N,50.027455,-125.249362,Y,DECEMBER,N,CAMPBELL RIVER,CAMPBELL RIVER,CAMPBELL RIVER,N,Y,N,VANCOUVER ISLAND,DOGWOOD ST # 001171 TO 001299,DOGWOOD ST,DOGWOOD ST,09:00-11:59,1,0
N,PROPERTY DAMAGE ONLY,\N,N,2021,SATURDAY,CONFLICTED,N,N,50.660327,-120.39211,Y,DECEMBER,N,KAMLOOPS,KAMLOOPS,KAMLOOPS,Y,N,N,SOUTHERN INTERIOR,HILLSIDE DR # 001770 TO 001853,HILLSIDE DR,HILLSIDE DR,09:00-11:59,1,0
N,PROPERTY DAMAGE ONLY,\N,N,2021,SATURDAY,CONFLICTED,Y,N,\N,\N,N,DECEMBER,N,SORRENTO,SORRENTO,\N,N,N,N,SOUTHERN INTERIOR,UNKNOWN,NOTCH HILL RD,NOTCH HILL RD,09:00-11:59,1,0
N,PROPERTY DAMAGE ONLY,\N,N,2021,SATURDAY,HEAD ON,N,N,49.1813,-123.136573,Y,DECEMBER,N,RICHMOND,RICHMOND,RICHMOND,N,Y,N,LOWER MAINLAND,NO 3 RD # 004200 TO 004678 even,NO 3 RD,NO 3 RD,09:00-11:59,1,0
N,PROPERTY DAMAGE ONLY,\N,N,2021,SATURDAY,HEAD ON,N,N,49.181301,-123.136662,Y,DECEMBER,N,RICHMOND,RICHMOND,RICHMOND,Y,Y,N,LOWER MAINLAND,NO 3 RD # 004201 TO 004679 odd,NO 3 RD,NO 3 RD,09:00-11:59,1,0
N,PROPERTY DAMAGE ONLY,\N,N,2021,SATURDAY,HEAD ON,N,N,49.247697,-123.158906,Y,DECEMBER,N,VANCOUVER,VANCOUVER,VANCOUVER,Y,N,N,LOWER MAINLAND,MCMULLEN AVE # 002250 TO 002299,MCMULLEN AVE,MCMULLEN AVE,09:00-11:59,1,0
N,PROPERTY DAMAGE ONLY,\N,N,2021,SATURDAY,REAR END,N,N,\N,\N,N,DECEMBER,N,LAKE COUNTRY,LAKE COUNTRY,\N,N,N,N,SOUTHERN INTERIOR,UNKNOWN,HWY 97,HWY 97,09:00-11:59,1,0
N,PROPERTY DAMAGE ONLY,\N,N,2021,SATURDAY,REAR END,N,N,\N,\N,N,DECEMBER,N,POWELL RIVER,POWELL RIVER,\N,Y,N,N,VANCOUVER ISLAND,UNKNOWN,KIWANIS AVE,KIWANIS AVE,09:00-11:59,1,0
N,PROPERTY DAMAGE ONLY,\N,N,2021,SATURDAY,REAR END,N,N,\N,\N,N,DECEMBER,N,VICTORIA,VICTORIA,\N,Y,N,N,VANCOUVER ISLAND,UNKNOWN,ISLAND HWY,ISLAND HWY,09:00-11:59,1,0
N,PROPERTY DAMAGE ONLY,\N,N,2021,SATURDAY,REAR END,N,N,\N,\N,N,DECEMBER,N,WHISTLER,WHISTLER,\N,N,N,N,LOWER MAINLAND,UNKNOWN,EASY ST,EASY ST,09:00-11:59,1,0
N,PROPERTY DAMAGE ONLY,\N,N,2021,SATURDAY,REAR END,N,N,48.425358,-123.36436,Y,DECEMBER,N,VICTORIA,VICTORIA,VICTORIA,Y,N,N,VANCOUVER ISLAND,VIEW ST # 000700 TO 000739,VIEW ST,VIEW ST,09:00-11:59,1,0
N,PROPERTY DAMAGE ONLY,\N,N,2021,SATURDAY,REAR END,N,N,48.431111,-123.363251,Y,DECEMBER,N,VICTORIA,VICTORIA,VICTORIA,Y,Y,N,VANCOUVER ISLAND,CALEDONIA AVE # 000700 TO 000791,CALEDONIA AVE,CALEDONIA AVE,09:00-11:59,1,0
N,PROPERTY DAMAGE ONLY,\N,N,2021,SATURDAY,REAR END,N,N,48.455296,-123.554348,Y,DECEMBER,N,LANGFORD,LANGFORD,LANGFORD,Y,N,N,VANCOUVER ISLAND,CRESSIDA CRES # 002910 TO 002929,CRESSIDA CRES,CRESSIDA CRES,09:00-11:59,1,0
N,PROPERTY DAMAGE ONLY,\N,N,2021,SATURDAY,REAR END,N,N,48.81552,-123.713345,Y,DECEMBER,N,DUNCAN,DUNCAN,DUNCAN,Y,N,N,VANCOUVER ISLAND,BELL MCKINNON RD # 006700 TO 006839,BELL MCKINNON RD,BELL MCKINNON RD,09:00-11:59,1,0
N,PROPERTY DAMAGE ONLY,\N,N,2021,SATURDAY,REAR END,N,N,49.115739,-122.856553,Y,DECEMBER,N,SURREY,SURREY,SURREY,N,Y,N,LOWER MAINLAND,132 ST # 006200 TO 006239,132 ST,132 ST,09:00-11:59,1,0
N,PROPERTY DAMAGE ONLY,\N,N,2021,SATURDAY,REAR END,N,N,49.147969,-122.884681,Y,DECEMBER,N,SURREY,SURREY,SURREY,Y,N,N,LOWER MAINLAND,122 ST # 007952 TO 007999,122 ST,122 ST,09:00-11:59,1,0
N,PROPERTY DAMAGE ONLY,\N,N,2021,SATURDAY,REAR END,N,N,49.151861,-121.977356,Y,DECEMBER,N,CHILLIWACK,CHILLIWACK,CHILLIWACK,N,Y,N,LOWER MAINLAND,EAGLE LANDING PKY # 008208 TO 008261,EAGLE LANDING PKY,EAGLE LANDING PKY,09:00-11:59,1,0
N,PROPERTY DAMAGE ONLY,\N,N,2021,SATURDAY,REAR END,N,N,49.158267,-122.667841,Y,DECEMBER,N,LANGLEY,LANGLEY,LANGLEY,N,Y,N,LOWER MAINLAND,200 ST # 008482 TO 008598 even,200 ST,200 ST,09:00-11:59,1,0
N,PROPERTY DAMAGE ONLY,\N,N,2021,SATURDAY,REAR END,N,N,49.165613,-123.136632,Y,DECEMBER,N,RICHMOND,RICHMOND,RICHMOND,N,Y,N,LOWER MAINLAND,NO 3 RD # 006401 TO 006799 odd,NO 3 RD,NO 3 RD,09:00-11:59,1,0
N,PROPERTY DAMAGE ONLY,\N,N,2021,SATURDAY,REAR END,N,N,49.205249,-122.911621,Y,DECEMBER,N,NEW WESTMINSTER,NEW WESTMINSTER,NEW WESTMINSTER,Y,Y,N,LOWER MAINLAND,ROYAL AVE # 000600 TO 000698 even,ROYAL AVE,ROYAL AVE,09:00-11:59,1,0
N,PROPERTY DAMAGE ONLY,\N,N,2021,SATURDAY,REAR END,N,N,49.229897,-123.003852,Y,DECEMBER,N,BURNABY,BURNABY,BURNABY,Y,Y,N,LOWER MAINLAND,KINGSWAY # 004500 TO 004555,KINGSWAY,KINGSWAY,09:00-11:59,1,0
N,PROPERTY DAMAGE ONLY,\N,N,2021,SATURDAY,REAR END,N,N,49.234504,-123.116328,Y,DECEMBER,N,VANCOUVER,VANCOUVER,VANCOUVER,N,Y,N,LOWER MAINLAND,CAMBIE ST # 005501 TO 005699 odd,CAMBIE ST,CAMBIE ST,09:00-11:59,1,0
N,PROPERTY DAMAGE ONLY,\N,N,2021,SATURDAY,REAR END,N,N,49.244747,-123.011475,Y,DECEMBER,N,BURNABY,BURNABY,BURNABY,Y,N,N,LOWER MAINLAND,FIR ST # 004150 TO 004199,FIR ST,FIR ST,09:00-11:59,1,0
N,PROPERTY DAMAGE ONLY,\N,N,2021,SATURDAY,REAR END,N,N,49.248136,-123.09016,Y,DECEMBER,N,VANCOUVER,VANCOUVER,VANCOUVER,Y,Y,N,LOWER MAINLAND,FRASER ST # 004100 TO 004199,FRASER ST,FRASER ST,09:00-11:59,1,0
N,PROPERTY DAMAGE ONLY,\N,N,2021,SATURDAY,REAR END,N,N,49.25328,-123.082504,Y,DECEMBER,N,VANCOUVER,VANCOUVER,VANCOUVER,Y,Y,N,LOWER MAINLAND,KINGSWAY # 001030 TO 001099,KINGSWAY,KINGSWAY,09:00-11:59,1,0
N,PROPERTY DAMAGE ONLY,\N,N,2021,SATURDAY,REAR END,N,N,49.2718,-122.756133,Y,DECEMBER,N,PORT COQUITLAM,PORT COQUITLAM,PORT COQUITLAM,Y,Y,N,LOWER MAINLAND,COAST MERIDIAN RD # 003200 TO 003299,COAST MERIDIAN RD,COAST MERIDIAN RD,09:00-11:59,1,0
N,PROPERTY DAMAGE ONLY,\N,N,2021,SATURDAY,REAR END,N,N,49.308551,-123.040477,Y,DECEMBER,N,NORTH VANCOUVER,NORTH VANCOUVER,NORTH VANCOUVER,N,Y,N,LOWER MAINLAND,BROOKSBANK AVE # 000300 TO 000349,BROOKSBANK AVE,BROOKSBANK AVE,09:00-11:59,1,0
N,PROPERTY DAMAGE ONLY,\N,N,2021,SATURDAY,REAR END,N,N,49.373875,-123.272954,Y,DECEMBER,N,WEST VANCOUVER,WEST VANCOUVER,WEST VANCOUVER,N,Y,N,LOWER MAINLAND,KEITH RD # 006600 TO 006768,KEITH RD,KEITH RD,09:00-11:59,1,0
N,PROPERTY DAMAGE ONLY,\N,N,2021,SATURDAY,REAR END,N,N,49.491775,-117.283781,Y,DECEMBER,N,NELSON,NELSON,NELSON,N,N,N,SOUTHERN INTERIOR,MILL ST # 001000 TO 001099,MILL ST,MILL ST,09:00-11:59,1,0
N,PROPERTY DAMAGE ONLY,\N,N,2021,SATURDAY,REAR END,N,N,49.523905,-115.754511,Y,DECEMBER,N,CRANBROOK,CRANBROOK,CRANBROOK,N,N,N,SOUTHERN INTERIOR,CRANBROOK ST N # 001201 TO 001299 odd,CRANBROOK ST N,CRANBROOK ST N,09:00-11:59,1,0
N,PROPERTY DAMAGE ONLY,\N,N,2021,SATURDAY,REAR END,N,N,50.662851,-120.350065,Y,DECEMBER,N,KAMLOOPS,KAMLOOPS,KAMLOOPS,N,Y,N,SOUTHERN INTERIOR,NOTRE DAME DR # 000500 TO 000548 even,NOTRE DAME DR,NOTRE DAME DR,09:00-11:59,1,0
N,PROPERTY DAMAGE ONLY,\N,N,2021,SATURDAY,REAR END,N,N,51.094535,-121.579958,Y,DECEMBER,N,CLINTON,CLINTON,CLINTON,Y,N,N,NORTH CENTRAL,HWY 97 # 001620 TO 001713,HWY 97,HWY 97,09:00-11:59,1,0
N,PROPERTY DAMAGE ONLY,\N,N,2021,SATURDAY,REAR END,Y,N,\N,\N,N,DECEMBER,N,PRINCETON,PRINCETON,\N,N,N,N,SOUTHERN INTERIOR,UNKNOWN,HWY 2,HWY 2,09:00-11:59,1,0
N,PROPERTY DAMAGE ONLY,\N,N,2021,SATURDAY,REAR END,Y,N,\N,\N,N,DECEMBER,N,WOSS,WOSS,\N,N,N,N,VANCOUVER ISLAND,UNKNOWN,HWY 19,HWY 19,09:00-11:59,1,0
N,PROPERTY DAMAGE ONLY,\N,N,2021,SATURDAY,REAR TO REAR,N,N,49.10104,-122.45696,Y,DECEMBER,N,ABBOTSFORD,ABBOTSFORD,ABBOTSFORD,N,N,N,LOWER MAINLAND,BAYNES ST # 005320 TO 005599,BAYNES ST,BAYNES ST,09:00-11:59,1,0
N,PROPERTY DAMAGE ONLY,\N,N,2021,SATURDAY,REAR TO REAR,N,N,49.106489,-122.660181,Y,DECEMBER,N,LANGLEY,LANGLEY,LANGLEY,Y,Y,N,LOWER MAINLAND,203 ST # 005723 TO 005739 odd,203 ST,203 ST,09:00-11:59,1,0
N,PROPERTY DAMAGE ONLY,\N,N,2021,SATURDAY,REAR TO REAR,N,N,49.118926,-122.655649,Y,DECEMBER,N,LANGLEY,LANGLEY,LANGLEY,Y,Y,N,LOWER MAINLAND,64 AVE # 020351 TO 020499 odd,64 AVE,64 AVE,09:00-11:59,1,0
N,PROPERTY DAMAGE ONLY,\N,N,2021,SATURDAY,REAR TO REAR,N,N,49.279583,-123.106871,Y,DECEMBER,N,VANCOUVER,VANCOUVER,VANCOUVER,Y,Y,N,LOWER MAINLAND,KEEFER PL # 000030 TO 000099,KEEFER PL,KEEFER PL,09:00-11:59,1,0
N,PROPERTY DAMAGE ONLY,\N,N,2021,SATURDAY,REAR TO REAR,N,N,49.33328,-123.082981,Y,DECEMBER,N,NORTH VANCOUVER,NORTH VANCOUVER,NORTH VANCOUVER,Y,N,N,LOWER MAINLAND,W 26TH ST # 000400 TO 000499,W 26TH ST,W 26TH ST,09:00-11:59,1,0
N,PROPERTY DAMAGE ONLY,\N,N,2021,SATURDAY,REAR TO REAR,N,N,49.737211,-123.133457,Y,DECEMBER,N,SQUAMISH,SQUAMISH,SQUAMISH,Y,Y,N,LOWER MAINLAND,GLENALDER PL # 040195 TO 040216,GLENALDER PL,GLENALDER PL,09:00-11:59,1,0
N,PROPERTY DAMAGE ONLY,\N,N,2021,SATURDAY,REAR TO REAR,N,N,49.951014,-119.383524,Y,DECEMBER,N,KELOWNA,KELOWNA,KELOWNA,Y,Y,N,SOUTHERN INTERIOR,AIRPORT WAY # 005531 TO 005535 odd,AIRPORT WAY,AIRPORT WAY,09:00-11:59,1,0
N,PROPERTY DAMAGE ONLY,\N,N,2021,SATURDAY,REAR TO REAR,N,N,50.020417,-119.404207,Y,DECEMBER,N,LAKE COUNTRY,LAKE COUNTRY,LAKE COUNTRY,Y,Y,N,SOUTHERN INTERIOR,MAIN ST # 009500 TO 009529,MAIN ST,MAIN ST,09:00-11:59,1,0
N,PROPERTY DAMAGE ONLY,\N,N,2021,SATURDAY,SIDE IMPACT,N,N,\N,\N,N,DECEMBER,N,ABBOTSFORD,ABBOTSFORD,\N,Y,Y,N,LOWER MAINLAND,UNKNOWN,MOUNT LEHMAN RD,MOUNT LEHMAN RD,09:00-11:59,1,0
N,PROPERTY DAMAGE ONLY,\N,N,2021,SATURDAY,SIDE IMPACT,N,N,\N,\N,N,DECEMBER,N,CHERRYVILLE,CHERRYVILLE,\N,Y,N,N,SOUTHERN INTERIOR,UNKNOWN,SUGAR LAKE RD,SUGAR LAKE RD,09:00-11:59,1,0
N,PROPERTY DAMAGE ONLY,\N,N,2021,SATURDAY,SIDE IMPACT,N,N,\N,\N,N,DECEMBER,N,COURTENAY,COURTENAY,\N,N,N,N,VANCOUVER ISLAND,UNKNOWN,4TH ST,4TH ST,09:00-11:59,1,0
N,PROPERTY DAMAGE ONLY,\N,N,2021,SATURDAY,SIDE IMPACT,N,N,\N,\N,N,DECEMBER,N,COURTENAY,COURTENAY,\N,N,N,N,VANCOUVER ISLAND,UNKNOWN,FITZGERALD AVE,FITZGERALD AVE,09:00-11:59,1,0
N,PROPERTY DAMAGE ONLY,\N,N,2021,SATURDAY,SIDE IMPACT,N,N,\N,\N,N,DECEMBER,N,NORTH VANCOUVER,NORTH VANCOUVER,\N,Y,N,N,LOWER MAINLAND,UNKNOWN,UNKNOWN,UNKNOWN,09:00-11:59,1,0
N,PROPERTY DAMAGE ONLY,\N,N,2021,SATURDAY,SIDE IMPACT,N,N,\N,\N,N,DECEMBER,N,SAANICH,SAANICH,\N,Y,N,N,VANCOUVER ISLAND,UNKNOWN,FALAISE PL,FALAISE PL,09:00-11:59,1,0
N,PROPERTY DAMAGE ONLY,\N,N,2021,SATURDAY,SIDE IMPACT,N,N,\N,\N,N,DECEMBER,N,SALMON ARM,SALMON ARM,\N,N,N,N,SOUTHERN INTERIOR,UNKNOWN,11TH AVE,11TH AVE,09:00-11:59,1,0
N,PROPERTY DAMAGE ONLY,\N,N,2021,SATURDAY,SIDE IMPACT,N,N,\N,\N,N,DECEMBER,N,SURREY,SURREY,\N,N,N,N,LOWER MAINLAND,UNKNOWN,69 AVE,69 AVE,09:00-11:59,1,0
N,PROPERTY DAMAGE ONLY,\N,N,2021,SATURDAY,SIDE IMPACT,N,N,\N,\N,N,DECEMBER,N,SURREY,SURREY,\N,Y,N,N,LOWER MAINLAND,UNKNOWN,81B AVE,81B AVE,09:00-11:59,1,0
N,PROPERTY DAMAGE ONLY,\N,N,2021,SATURDAY,SIDE IMPACT,N,N,\N,\N,N,DECEMBER,N,VICTORIA,VICTORIA,\N,Y,Y,N,VANCOUVER ISLAND,UNKNOWN,ZEALOUS CRES,ZEALOUS CRES,09:00-11:59,1,0
N,PROPERTY DAMAGE ONLY,\N,N,2021,SATURDAY,SIDE IMPACT,N,N,48.406253,-123.351629,Y,DECEMBER,N,VICTORIA,VICTORIA,VICTORIA,Y,Y,N,VANCOUVER ISLAND,DALLAS RD # 001250 TO 001299,DALLAS RD,DALLAS RD,09:00-11:59,1,0
N,PROPERTY DAMAGE ONLY,\N,N,2021,SATURDAY,SIDE IMPACT,N,N,48.426407,-123.398578,Y,DECEMBER,N,ESQUIMALT,ESQUIMALT,ESQUIMALT,Y,Y,N,VANCOUVER ISLAND,HEAD ST # 000451 TO 000469,HEAD ST,HEAD ST,09:00-11:59,1,0
N,PROPERTY DAMAGE ONLY,\N,N,2021,SATURDAY,SIDE IMPACT,N,N,48.426446,-123.325398,Y,DECEMBER,N,VICTORIA,VICTORIA,VICTORIA,Y,Y,N,VANCOUVER ISLAND,OAK BAY AVE # 001900 TO 001939,OAK BAY AVE,OAK BAY AVE,09:00-11:59,1,0
N,PROPERTY DAMAGE ONLY,\N,N,2021,SATURDAY,SIDE IMPACT,N,N,48.432868,-123.385373,Y,DECEMBER,N,VICTORIA,VICTORIA,VICTORIA,Y,N,N,VANCOUVER ISLAND,WILSON ST # 000300 TO 000399,WILSON ST,WILSON ST,09:00-11:59,1,0
N,PROPERTY DAMAGE ONLY,\N,N,2021,SATURDAY,SIDE IMPACT,N,N,48.799073,-123.619952,Y,DECEMBER,N,DUNCAN,DUNCAN,DUNCAN,Y,N,N,VANCOUVER ISLAND,NEVILANE DR # 006260 TO 006348,NEVILANE DR,NEVILANE DR,09:00-11:59,1,0
N,PROPERTY DAMAGE ONLY,\N,N,2021,SATURDAY,SIDE IMPACT,N,N,48.832995,-124.133032,Y,DECEMBER,N,LAKE COWICHAN,LAKE COWICHAN,LAKE COWICHAN,Y,N,N,VANCOUVER ISLAND,LAKEFRONT DR # 007285 TO 007399,LAKEFRONT DR,LAKEFRONT DR,09:00-11:59,1,0
N,PROPERTY DAMAGE ONLY,\N,N,2021,SATURDAY,SIDE IMPACT,N,N,49.032057,-122.801282,Y,DECEMBER,N,SURREY,SURREY,SURREY,Y,Y,N,LOWER MAINLAND,152 ST # 001601 TO 001699 odd,152 ST,152 ST,09:00-11:59,1,0
N,PROPERTY DAMAGE ONLY,\N,N,2021,SATURDAY,SIDE IMPACT,N,N,49.051232,-122.33315,Y,DECEMBER,N,ABBOTSFORD,ABBOTSFORD,ABBOTSFORD,Y,Y,N,LOWER MAINLAND,SOUTH FRASER WAY # 032150 TO 032199,SOUTH FRASER WAY,SOUTH FRASER WAY,09:00-11:59,1,0
N,PROPERTY DAMAGE ONLY,\N,N,2021,SATURDAY,SIDE IMPACT,N,N,49.08443,-122.645533,Y,DECEMBER,N,LANGLEY,LANGLEY,LANGLEY,Y,N,N,LOWER MAINLAND,45A AVE # 020800 TO 020908,45A AVE,45A AVE,09:00-11:59,1,0
N,PROPERTY DAMAGE ONLY,\N,N,2021,SATURDAY,SIDE IMPACT,N,N,49.097135,-122.787938,Y,DECEMBER,N,SURREY,SURREY,SURREY,Y,N,N,LOWER MAINLAND,157 ST # 005050 TO 005299,157 ST,157 ST,09:00-11:59,1,0
N,PROPERTY DAMAGE ONLY,\N,N,2021,SATURDAY,SIDE IMPACT,N,N,49.133731,-122.815948,Y,DECEMBER,N,SURREY,SURREY,SURREY,Y,Y,N,LOWER MAINLAND,72 AVE # 014640 TO 014695,72 AVE,72 AVE,09:00-11:59,1,0
N,PROPERTY DAMAGE ONLY,\N,N,2021,SATURDAY,SIDE IMPACT,N,N,49.133865,-122.876264,Y,DECEMBER,N,SURREY,SURREY,SURREY,Y,N,N,LOWER MAINLAND,72 AVE # 012400 TO 012598 even,72 AVE,72 AVE,09:00-11:59,1,0
N,PROPERTY DAMAGE ONLY,\N,N,2021,SATURDAY,SIDE IMPACT,N,N,49.145028,-121.997493,Y,DECEMBER,N,CHILLIWACK,CHILLIWACK,CHILLIWACK,N,N,N,LOWER MAINLAND,YALE RD # 044230 TO 044409,YALE RD,YALE RD,09:00-11:59,1,0
N,PROPERTY DAMAGE ONLY,\N,N,2021,SATURDAY,SIDE IMPACT,N,N,49.149313,-123.181287,Y,DECEMBER,N,RICHMOND,RICHMOND,RICHMOND,N,Y,N,LOWER MAINLAND,NO 1 RD # 008571 TO 008999,NO 1 RD,NO 1 RD,09:00-11:59,1,0
N,PROPERTY DAMAGE ONLY,\N,N,2021,SATURDAY,SIDE IMPACT,N,N,49.162794,-123.145411,Y,DECEMBER,N,RICHMOND,RICHMOND,RICHMOND,N,Y,N,LOWER MAINLAND,GRANVILLE AVE # 007001 TO 007299 odd,GRANVILLE AVE,GRANVILLE AVE,09:00-11:59,1,0
N,PROPERTY DAMAGE ONLY,\N,N,2021,SATURDAY,SIDE IMPACT,N,N,49.163717,-123.142072,Y,DECEMBER,N,RICHMOND,RICHMOND,RICHMOND,N,Y,N,LOWER MAINLAND,MINORU GATE # 007560 TO 007799,MINORU GATE,MINORU GATE,09:00-11:59,1,0
N,PROPERTY DAMAGE ONLY,\N,N,2021,SATURDAY,SIDE IMPACT,N,N,49.165241,-123.988828,Y,DECEMBER,N,NANAIMO,NANAIMO,NANAIMO,Y,N,N,VANCOUVER ISLAND,WOODTHRUSH PL # 002100 TO 002199,WOODTHRUSH PL,WOODTHRUSH PL,09:00-11:59,1,0
N,PROPERTY DAMAGE ONLY,\N,N,2021,SATURDAY,SIDE IMPACT,N,N,49.170105,-123.182265,Y,DECEMBER,N,RICHMOND,RICHMOND,RICHMOND,N,Y,N,LOWER MAINLAND,WESTMINSTER HWY # 003601 TO 003999,WESTMINSTER HWY,WESTMINSTER HWY,09:00-11:59,1,0
N,PROPERTY DAMAGE ONLY,\N,N,2021,SATURDAY,SIDE IMPACT,N,N,49.185452,-123.128143,Y,DECEMBER,N,RICHMOND,RICHMOND,RICHMOND,Y,Y,N,LOWER MAINLAND,SEXSMITH RD # 003660 TO 003799,SEXSMITH RD,SEXSMITH RD,09:00-11:59,1,0
N,PROPERTY DAMAGE ONLY,\N,N,2021,SATURDAY,SIDE IMPACT,N,N,49.191431,-122.728308,Y,DECEMBER,N,SURREY,SURREY,SURREY,Y,N,N,LOWER MAINLAND,104 AVE # 017800 TO 017899,104 AVE,104 AVE,09:00-11:59,1,0
N,PROPERTY DAMAGE ONLY,\N,N,2021,SATURDAY,SIDE IMPACT,N,N,49.192197,-121.937959,Y,DECEMBER,N,CHILLIWACK,CHILLIWACK,CHILLIWACK,N,N,N,LOWER MAINLAND,MCDONALD RD # 010400 TO 010528,MCDONALD RD,MCDONALD RD,09:00-11:59,1,0
N,PROPERTY DAMAGE ONLY,\N,N,2021,SATURDAY,SIDE IMPACT,N,N,49.202301,-122.912849,Y,DECEMBER,N,NEW WESTMINSTER,NEW WESTMINSTER,NEW WESTMINSTER,Y,Y,N,LOWER MAINLAND,EIGHTH ST # 000051 TO 000066,EIGHTH ST,EIGHTH ST,09:00-11:59,1,0
N,PROPERTY DAMAGE ONLY,\N,N,2021,SATURDAY,SIDE IMPACT,N,N,49.211513,-122.938004,Y,DECEMBER,N,NEW WESTMINSTER,NEW WESTMINSTER,NEW WESTMINSTER,Y,N,N,LOWER MAINLAND,THIRTEENTH ST # 000873 TO 000919,THIRTEENTH ST,THIRTEENTH ST,09:00-11:59,1,0
N,PROPERTY DAMAGE ONLY,\N,N,2021,SATURDAY,SIDE IMPACT,N,N,49.214188,-122.936531,Y,DECEMBER,N,BURNABY,BURNABY,BURNABY,Y,Y,N,LOWER MAINLAND,10TH AVE # 007449 TO 007499 odd,10TH AVE,10TH AVE,09:00-11:59,1,0
N,PROPERTY DAMAGE ONLY,\N,N,2021,SATURDAY,SIDE IMPACT,N,N,49.214845,-122.563296,Y,DECEMBER,N,MAPLE RIDGE,MAPLE RIDGE,MAPLE RIDGE,Y,N,N,LOWER MAINLAND,CREEKSIDE ST # 011600 TO 011785,CREEKSIDE ST,CREEKSIDE ST,09:00-11:59,1,0
N,PROPERTY DAMAGE ONLY,\N,N,2021,SATURDAY,SIDE IMPACT,N,N,49.218716,-123.041366,Y,DECEMBER,N,VANCOUVER,VANCOUVER,VANCOUVER,Y,Y,N,LOWER MAINLAND,KERR ST # 007100 TO 007185,KERR ST,KERR ST,09:00-11:59,1,0
N,PROPERTY DAMAGE ONLY,\N,N,2021,SATURDAY,SIDE IMPACT,N,N,49.220446,-122.600705,Y,DECEMBER,N,MAPLE RIDGE,MAPLE RIDGE,MAPLE RIDGE,Y,Y,N,LOWER MAINLAND,DEWDNEY TRUNK RD # 022400 TO 022449,DEWDNEY TRUNK RD,DEWDNEY TRUNK RD,09:00-11:59,1,0
N,PROPERTY DAMAGE ONLY,\N,N,2021,SATURDAY,SIDE IMPACT,N,N,49.222001,-123.105003,Y,DECEMBER,N,VANCOUVER,VANCOUVER,VANCOUVER,Y,N,N,LOWER MAINLAND,E 53RD AVE # 000028 TO 000069,E 53RD AVE,E 53RD AVE,09:00-11:59,1,0
N,PROPERTY DAMAGE ONLY,\N,N,2021,SATURDAY,SIDE IMPACT,N,N,49.256332,-122.746975,Y,DECEMBER,N,PORT COQUITLAM,PORT COQUITLAM,PORT COQUITLAM,Y,Y,N,LOWER MAINLAND,OTTAWA ST # 002300 TO 002349,OTTAWA ST,OTTAWA ST,09:00-11:59,1,0
N,PROPERTY DAMAGE ONLY,\N,N,2021,SATURDAY,SIDE IMPACT,N,N,49.258942,-123.032,Y,DECEMBER,N,VANCOUVER,VANCOUVER,VANCOUVER,N,Y,N,LOWER MAINLAND,BENTALL ST # 002732 TO 002899,BENTALL ST,BENTALL ST,09:00-11:59,1,0
N,PROPERTY DAMAGE ONLY,\N,N,2021,SATURDAY,SIDE IMPACT,N,N,49.263343,-122.83771,Y,DECEMBER,N,COQUITLAM,COQUITLAM,COQUITLAM,Y,Y,N,LOWER MAINLAND,COMO LAKE AVE # 001960 TO 001989,COMO LAKE AVE,COMO LAKE AVE,09:00-11:59,1,0
N,PROPERTY DAMAGE ONLY,\N,N,2021,SATURDAY,SIDE IMPACT,N,N,49.264448,-123.009385,Y,DECEMBER,N,BURNABY,BURNABY,BURNABY,Y,Y,N,LOWER MAINLAND,DAWSON ST # 004266 TO 004299,DAWSON ST,DAWSON ST,09:00-11:59,1,0
N,PROPERTY DAMAGE ONLY,\N,N,2021,SATURDAY,SIDE IMPACT,N,N,49.266082,-124.785022,Y,DECEMBER,N,PORT ALBERNI,PORT ALBERNI,PORT ALBERNI,Y,N,N,VANCOUVER ISLAND,JOHNSTON RD # 003400 TO 003548 even,JOHNSTON RD,JOHNSTON RD,09:00-11:59,1,0
N,PROPERTY DAMAGE ONLY,\N,N,2021,SATURDAY,SIDE IMPACT,N,N,49.322649,-123.098964,Y,DECEMBER,N,NORTH VANCOUVER,NORTH VANCOUVER,NORTH VANCOUVER,Y,Y,N,LOWER MAINLAND,MARINE DR # 000901 TO 000969 odd,MARINE DR,MARINE DR,09:00-11:59,1,0
N,PROPERTY DAMAGE ONLY,\N,N,2021,SATURDAY,SIDE IMPACT,N,N,49.323885,-123.11197,Y,DECEMBER,N,NORTH VANCOUVER,NORTH VANCOUVER,NORTH VANCOUVER,Y,Y,N,LOWER MAINLAND,MARINE DR # 001300 TO 001399,MARINE DR,MARINE DR,09:00-11:59,1,0
N,PROPERTY DAMAGE ONLY,\N,N,2021,SATURDAY,SIDE IMPACT,N,N,49.347183,-124.442998,Y,DECEMBER,N,QUALICUM BEACH,QUALICUM BEACH,QUALICUM BEACH,Y,N,N,VANCOUVER ISLAND,SECOND AVE W # 000112 TO 000137,SECOND AVE W,SECOND AVE W,09:00-11:59,1,0
N,PROPERTY DAMAGE ONLY,\N,N,2021,SATURDAY,SIDE IMPACT,N,N,49.356415,-123.263601,Y,DECEMBER,N,WEST VANCOUVER,WEST VANCOUVER,WEST VANCOUVER,Y,N,N,LOWER MAINLAND,MARINE DR # 005650 TO 005699,MARINE DR,MARINE DR,09:00-11:59,1,0
N,PROPERTY DAMAGE ONLY,\N,N,2021,SATURDAY,SIDE IMPACT,N,N,49.487984,-117.280214,Y,DECEMBER,N,NELSON,NELSON,NELSON,Y,N,N,SOUTHERN INTERIOR,GORE ST # 001000 TO 001101,GORE ST,GORE ST,09:00-11:59,1,0
N,PROPERTY DAMAGE ONLY,\N,N,2021,SATURDAY,SIDE IMPACT,N,N,49.492074,-117.295891,Y,DECEMBER,N,NELSON,NELSON,NELSON,Y,N,N,SOUTHERN INTERIOR,STANLEY ST # 000400 TO 000449,STANLEY ST,STANLEY ST,09:00-11:59,1,0
N,PROPERTY DAMAGE ONLY,\N,N,2021,SATURDAY,SIDE IMPACT,N,N,49.701603,-123.15326,Y,DECEMBER,N,SQUAMISH,SQUAMISH,SQUAMISH,Y,Y,N,LOWER MAINLAND,PEMBERTON AVE # 001300 TO 001349,PEMBERTON AVE,PEMBERTON AVE,09:00-11:59,1,0
N,PROPERTY DAMAGE ONLY,\N,N,2021,SATURDAY,SIDE IMPACT,N,N,49.705008,-123.151478,Y,DECEMBER,N,SQUAMISH,SQUAMISH,SQUAMISH,Y,N,N,LOWER MAINLAND,BUCKLEY AVE # 038325 TO 038399,BUCKLEY AVE,BUCKLEY AVE,09:00-11:59,1,0
N,PROPERTY DAMAGE ONLY,\N,N,2021,SATURDAY,SIDE IMPACT,N,N,49.707857,-124.962381,Y,DECEMBER,N,COURTENAY,COURTENAY,COURTENAY,N,Y,N,VANCOUVER ISLAND,LERWICK RD # 000400 TO 001149,LERWICK RD,LERWICK RD,09:00-11:59,1,0
N,PROPERTY DAMAGE ONLY,\N,N,2021,SATURDAY,SIDE IMPACT,N,N,49.843836,-124.520798,Y,DECEMBER,N,POWELL RIVER,POWELL RIVER,POWELL RIVER,N,Y,N,VANCOUVER ISLAND,JOYCE AVE # 004651 TO 004799 odd,JOYCE AVE,JOYCE AVE,09:00-11:59,1,0
N,PROPERTY DAMAGE ONLY,\N,N,2021,SATURDAY,SIDE IMPACT,N,N,49.844352,-119.606922,Y,DECEMBER,N,WEST KELOWNA,WEST KELOWNA,WEST KELOWNA,Y,Y,N,SOUTHERN INTERIOR,LOUIE DR # 002000 TO 002071,LOUIE DR,LOUIE DR,09:00-11:59,1,0
N,PROPERTY DAMAGE ONLY,\N,N,2021,SATURDAY,SIDE IMPACT,N,N,49.879497,-119.45457,Y,DECEMBER,N,KELOWNA,KELOWNA,KELOWNA,Y,Y,N,SOUTHERN INTERIOR,SPALL RD # 001850 TO 001920,SPALL RD,SPALL RD,09:00-11:59,1,0
N,PROPERTY DAMAGE ONLY,\N,N,2021,SATURDAY,SIDE IMPACT,N,N,49.881803,-119.439105,Y,DECEMBER,N,KELOWNA,KELOWNA,KELOWNA,Y,Y,N,SOUTHERN INTERIOR,HARVEY AVE # 002121 TO 002279 odd,HARVEY AVE,HARVEY AVE,09:00-11:59,1,0
N,PROPERTY DAMAGE ONLY,\N,N,2021,SATURDAY,SIDE IMPACT,N,N,49.973881,-125.244663,Y,DECEMBER,N,CAMPBELL RIVER,CAMPBELL RIVER,CAMPBELL RIVER,Y,Y,N,VANCOUVER ISLAND,HILCHEY RD # 000700 TO 000899,HILCHEY RD,HILCHEY RD,09:00-11:59,1,0
N,PROPERTY DAMAGE ONLY,\N,N,2021,SATURDAY,SIDE IMPACT,N,N,50.066923,-119.419555,Y,DECEMBER,N,LAKE COUNTRY,LAKE COUNTRY,LAKE COUNTRY,Y,N,N,SOUTHERN INTERIOR,DRIFTWOOD CRT # 012550 TO 012689,DRIFTWOOD CRT,DRIFTWOOD CRT,09:00-11:59,1,0
N,PROPERTY DAMAGE ONLY,\N,N,2021,SATURDAY,SIDE IMPACT,N,N,50.26118,-119.264215,Y,DECEMBER,N,VERNON,VERNON,VERNON,Y,N,N,SOUTHERN INTERIOR,25 ST # 002500 TO 002789,25 ST,25 ST,09:00-11:59,1,0
N,PROPERTY DAMAGE ONLY,\N,N,2021,SATURDAY,SIDE IMPACT,N,N,50.673753,-120.356645,Y,DECEMBER,N,KAMLOOPS,KAMLOOPS,KAMLOOPS,Y,N,N,SOUTHERN INTERIOR,DALGLEISH DR # 000400 TO 000620,DALGLEISH DR,DALGLEISH DR,09:00-11:59,1,0
N,PROPERTY DAMAGE ONLY,\N,N,2021,SATURDAY,SIDE IMPACT,N,N,50.706966,-119.253922,Y,DECEMBER,N,SALMON ARM,SALMON ARM,SALMON ARM,Y,Y,N,SOUTHERN INTERIOR,10 AVE NE # 002638 TO 002898 even,10 AVE NE,10 AVE NE,09:00-11:59,1,0
N,PROPERTY DAMAGE ONLY,\N,N,2021,SATURDAY,SIDE IMPACT,N,N,51.013329,-118.217257,Y,DECEMBER,N,REVELSTOKE,REVELSTOKE,REVELSTOKE,Y,N,N,SOUTHERN INTERIOR,ECHO PL # 001880 TO 001909,ECHO PL,ECHO PL,09:00-11:59,1,0
N,PROPERTY DAMAGE ONLY,\N,N,2021,SATURDAY,SIDE IMPACT,N,N,54.371728,-128.544608,Y,DECEMBER,N,LAKELSE LAKE,LAKELSE LAKE,LAKELSE LAKE,N,Y,N,NORTH CENTRAL,FIRST AVE # 002400 TO 002463,FIRST AVE,FIRST AVE,09:00-11:59,1,0
N,PROPERTY DAMAGE ONLY,\N,N,2021,SATURDAY,SIDE IMPACT,Y,N,\N,\N,N,DECEMBER,N,WHISTLER,WHISTLER,\N,Y,Y,N,LOWER MAINLAND,UNKNOWN,ALTA LAKE RD,ALTA LAKE RD,09:00-11:59,1,0
N,PROPERTY DAMAGE ONLY,\N,N,2021,SATURDAY,SIDE IMPACT,Y,N,49.204784,-124.003658,Y,DECEMBER,N,NANAIMO,NANAIMO,NANAIMO,N,Y,N,VANCOUVER ISLAND,ISLAND HWY N # 003162 TO 003220 even,ISLAND HWY N,ISLAND HWY N,09:00-11:59,1,0
N,PROPERTY DAMAGE ONLY,\N,N,2021,SATURDAY,SIDE IMPACT,Y,N,49.830667,-124.516962,Y,DECEMBER,N,POWELL RIVER,POWELL RIVER,POWELL RIVER,Y,N,N,VANCOUVER ISLAND,HAZELTON ST # 007050 TO 007139,HAZELTON ST,HAZELTON ST,09:00-11:59,1,0
N,PROPERTY DAMAGE ONLY,\N,N,2021,SATURDAY,SIDE IMPACT,Y,N,50.715269,-120.368616,Y,DECEMBER,N,KAMLOOPS,KAMLOOPS,KAMLOOPS,Y,N,N,SOUTHERN INTERIOR,HILLCREST AVE # 001650 TO 001699,HILLCREST AVE,HILLCREST AVE,09:00-11:59,1,0
N,PROPERTY DAMAGE ONLY,\N,N,2021,SATURDAY,SIDE SWIPE - OPPOSITE DIRECTION,N,N,\N,\N,N,DECEMBER,N,ABBOTSFORD,ABBOTSFORD,\N,N,N,N,LOWER MAINLAND,UNKNOWN,HAMPSHIRE PL,HAMPSHIRE PL,09:00-11:59,1,0
N,PROPERTY DAMAGE ONLY,\N,N,2021,SATURDAY,SIDE SWIPE - OPPOSITE DIRECTION,N,N,\N,\N,N,DECEMBER,N,NANAIMO,NANAIMO,\N,N,N,N,VANCOUVER ISLAND,UNKNOWN,AULDS RD,AULDS RD,09:00-11:59,1,0
N,PROPERTY DAMAGE ONLY,\N,N,2021,SATURDAY,SIDE SWIPE - OPPOSITE DIRECTION,N,N,\N,\N,N,DECEMBER,N,SURREY,SURREY,\N,N,Y,N,LOWER MAINLAND,UNKNOWN,152,152,09:00-11:59,1,0
N,PROPERTY DAMAGE ONLY,\N,N,2021,SATURDAY,SIDE SWIPE - OPPOSITE DIRECTION,N,N,48.4349,-123.510986,Y,DECEMBER,N,COLWOOD,COLWOOD,COLWOOD,Y,N,N,VANCOUVER ISLAND,FLANNAGAN PL # 003120 TO 003159,FLANNAGAN PL,FLANNAGAN PL,09:00-11:59,1,0
N,PROPERTY DAMAGE ONLY,\N,N,2021,SATURDAY,SIDE SWIPE - OPPOSITE DIRECTION,N,N,49.841787,-124.516341,Y,DECEMBER,N,POWELL RIVER,POWELL RIVER,POWELL RIVER,Y,Y,N,VANCOUVER ISLAND,BARNET ST # 007066 TO 007129,BARNET ST,BARNET ST,09:00-11:59,1,0
N,PROPERTY DAMAGE ONLY,\N,N,2021,SATURDAY,SIDE SWIPE - OPPOSITE DIRECTION,N,N,49.886286,-119.376793,Y,DECEMBER,N,KELOWNA,KELOWNA,KELOWNA,Y,N,N,SOUTHERN INTERIOR,HARROP AVE # 000470 TO 000559,HARROP AVE,HARROP AVE,09:00-11:59,1,0
N,PROPERTY DAMAGE ONLY,\N,N,2021,SATURDAY,SIDE SWIPE - OPPOSITE DIRECTION,N,N,49.929944,-119.445148,Y,DECEMBER,N,KELOWNA,KELOWNA,KELOWNA,N,N,N,SOUTHERN INTERIOR,TERRACE HILL CRT # 000150 TO 000199,TERRACE HILL CRT,TERRACE HILL CRT,09:00-11:59,1,0
N,PROPERTY DAMAGE ONLY,\N,N,2021,SATURDAY,SIDE SWIPE - OPPOSITE DIRECTION,N,N,50.673753,-120.356645,Y,DECEMBER,N,KAMLOOPS,KAMLOOPS,KAMLOOPS,Y,N,N,SOUTHERN INTERIOR,DALGLEISH DR # 000400 TO 000620,DALGLEISH DR,DALGLEISH DR,09:00-11:59,1,0
N,PROPERTY DAMAGE ONLY,\N,N,2021,SATURDAY,SIDE SWIPE - SAME DIRECTION,N,N,\N,\N,N,DECEMBER,N,NANAIMO,NANAIMO,\N,N,N,N,VANCOUVER ISLAND,UNKNOWN,ISLAND HIGHWAY,ISLAND HIGHWAY,09:00-11:59,1,0
N,PROPERTY DAMAGE ONLY,\N,N,2021,SATURDAY,SIDE SWIPE - SAME DIRECTION,N,N,\N,\N,N,DECEMBER,N,REVELSTOKE,REVELSTOKE,\N,N,N,N,SOUTHERN INTERIOR,UNKNOWN,HWY 1,HWY 1,09:00-11:59,1,0
N,PROPERTY DAMAGE ONLY,\N,N,2021,SATURDAY,SIDE SWIPE - SAME DIRECTION,N,N,48.643784,-123.568906,Y,DECEMBER,N,MILL BAY,MILL BAY,MILL BAY,Y,N,N,VANCOUVER ISLAND,KINNOULL CRES # 002500 TO 002552,KINNOULL CRES,KINNOULL CRES,09:00-11:59,1,0
N,PROPERTY DAMAGE ONLY,\N,N,2021,SATURDAY,SIDE SWIPE - SAME DIRECTION,N,N,49.145071,-125.891331,Y,DECEMBER,N,TOFINO,TOFINO,TOFINO,Y,Y,N,VANCOUVER ISLAND,CAMPBELL ST # 000790 TO 000803,CAMPBELL ST,CAMPBELL ST,09:00-11:59,1,0
N,PROPERTY DAMAGE ONLY,\N,N,2021,SATURDAY,SIDE SWIPE - SAME DIRECTION,N,N,49.165861,-121.963244,Y,DECEMBER,N,CHILLIWACK,CHILLIWACK,CHILLIWACK,Y,Y,N,LOWER MAINLAND,MENHOLM RD # 045600 TO 045657,MENHOLM RD,MENHOLM RD,09:00-11:59,1,0
N,PROPERTY DAMAGE ONLY,\N,N,2021,SATURDAY,SIDE SWIPE - SAME DIRECTION,N,N,49.209565,-123.063262,Y,DECEMBER,N,VANCOUVER,VANCOUVER,VANCOUVER,Y,N,N,LOWER MAINLAND,HARRISON DR # 002058 TO 002201,HARRISON DR,HARRISON DR,09:00-11:59,1,0
N,PROPERTY DAMAGE ONLY,\N,N,2021,SATURDAY,SIDE SWIPE - SAME DIRECTION,N,N,49.238808,-122.910435,Y,DECEMBER,N,BURNABY,BURNABY,BURNABY,Y,N,N,LOWER MAINLAND,MULBERRY PL # 007400 TO 007499,MULBERRY PL,MULBERRY PL,09:00-11:59,1,0
N,PROPERTY DAMAGE ONLY,\N,N,2021,SATURDAY,SIDE SWIPE - SAME DIRECTION,N,N,49.249859,-122.905982,Y,DECEMBER,N,BURNABY,BURNABY,BURNABY,Y,N,N,LOWER MAINLAND,HORNE ST # 008880 TO 009059,HORNE ST,HORNE ST,09:00-11:59,1,0
N,PROPERTY DAMAGE ONLY,\N,N,2021,SATURDAY,SIDE SWIPE - SAME DIRECTION,N,N,49.256584,-123.049531,Y,DECEMBER,N,VANCOUVER,VANCOUVER,VANCOUVER,N,Y,N,LOWER MAINLAND,SLOCAN ST # 003013 TO 003099,SLOCAN ST,SLOCAN ST,09:00-11:59,1,0
N,PROPERTY DAMAGE ONLY,\N,N,2021,SATURDAY,SIDE SWIPE - SAME DIRECTION,N,N,49.881803,-119.439105,Y,DECEMBER,N,KELOWNA,KELOWNA,KELOWNA,Y,Y,N,SOUTHERN INTERIOR,HARVEY AVE # 002121 TO 002279 odd,HARVEY AVE,HARVEY AVE,09:00-11:59,1,0
N,PROPERTY DAMAGE ONLY,\N,N,2021,SATURDAY,SIDE SWIPE - SAME DIRECTION,N,N,50.054536,-119.411357,Y,DECEMBER,N,LAKE COUNTRY,LAKE COUNTRY,LAKE COUNTRY,Y,Y,N,SOUTHERN INTERIOR,OCEOLA RD # 007400 TO 011899,OCEOLA RD,OCEOLA RD,09:00-11:59,1,0
N,PROPERTY DAMAGE ONLY,\N,N,2021,SATURDAY,SIDE SWIPE - SAME DIRECTION,Y,N,\N,\N,N,DECEMBER,N,ABBOTSFORD,ABBOTSFORD,\N,N,N,N,LOWER MAINLAND,UNKNOWN,FRASER HWY,FRASER HWY,09:00-11:59,1,0
N,PROPERTY DAMAGE ONLY,\N,N,2021,SATURDAY,SIDE SWIPE - SAME DIRECTION,Y,N,49.248662,-123.090476,Y,DECEMBER,N,VANCOUVER,VANCOUVER,VANCOUVER,Y,N,N,LOWER MAINLAND,E KING EDWARD AVE # 000668 TO 000699,E KING EDWARD AVE,E KING EDWARD AVE,09:00-11:59,1,0
N,PROPERTY DAMAGE ONLY,\N,N,2021,SATURDAY,SINGLE VEHICLE,N,N,\N,\N,N,DECEMBER,N,ABBOTSFORD,ABBOTSFORD,\N,N,N,N,LOWER MAINLAND,UNKNOWN,CLAYBURN AVE,CLAYBURN AVE,09:00-11:59,1,0
N,PROPERTY DAMAGE ONLY,\N,N,2021,SATURDAY,SINGLE VEHICLE,N,N,\N,\N,N,DECEMBER,N,ABBOTSFORD,ABBOTSFORD,\N,N,N,N,LOWER MAINLAND,UNKNOWN,HWY 1,HWY 1,09:00-11:59,1,0
N,PROPERTY DAMAGE ONLY,\N,N,2021,SATURDAY,SINGLE VEHICLE,N,N,\N,\N,N,DECEMBER,N,ABBOTSFORD,ABBOTSFORD,\N,N,Y,N,LOWER MAINLAND,UNKNOWN,HAIDA DR,HAIDA DR,09:00-11:59,1,0
N,PROPERTY DAMAGE ONLY,\N,N,2021,SATURDAY,SINGLE VEHICLE,N,N,\N,\N,N,DECEMBER,N,BURNABY,BURNABY,\N,N,Y,N,LOWER MAINLAND,UNKNOWN,CENTRAL BLVD,CENTRAL BLVD,09:00-11:59,1,0
N,PROPERTY DAMAGE ONLY,\N,N,2021,SATURDAY,SINGLE VEHICLE,N,N,\N,\N,N,DECEMBER,N,BURNABY,BURNABY,\N,Y,N,N,LOWER MAINLAND,UNKNOWN,?,?,09:00-11:59,1,0
N,PROPERTY DAMAGE ONLY,\N,N,2021,SATURDAY,SINGLE VEHICLE,N,N,\N,\N,N,DECEMBER,N,CACHE CREEK,CACHE CREEK,\N,N,N,N,SOUTHERN INTERIOR,UNKNOWN,HWY 1,HWY 1,09:00-11:59,1,0
N,PROPERTY DAMAGE ONLY,\N,N,2021,SATURDAY,SINGLE VEHICLE,N,N,\N,\N,N,DECEMBER,N,CHILLIWACK,CHILLIWACK,\N,N,N,N,LOWER MAINLAND,UNKNOWN,GRAND VIEW DR,GRAND VIEW DR,09:00-11:59,1,0
N,PROPERTY DAMAGE ONLY,\N,N,2021,SATURDAY,SINGLE VEHICLE,N,N,\N,\N,N,DECEMBER,N,CHILLIWACK,CHILLIWACK,\N,N,N,N,LOWER MAINLAND,UNKNOWN,HWY 1,HWY 1,09:00-11:59,1,0
N,PROPERTY DAMAGE ONLY,\N,N,2021,SATURDAY,SINGLE VEHICLE,N,N,\N,\N,N,DECEMBER,N,COQUITLAM,COQUITLAM,\N,N,N,N,LOWER MAINLAND,UNKNOWN,COMO LAKE AVE,COMO LAKE AVE,09:00-11:59,1,0
N,PROPERTY DAMAGE ONLY,\N,N,2021,SATURDAY,SINGLE VEHICLE,N,N,\N,\N,N,DECEMBER,N,COQUITLAM,COQUITLAM,\N,N,N,N,LOWER MAINLAND,UNKNOWN,HWY 1,HWY 1,09:00-11:59,2,0
N,PROPERTY DAMAGE ONLY,\N,N,2021,SATURDAY,SINGLE VEHICLE,N,N,\N,\N,N,DECEMBER,N,COQUITLAM,COQUITLAM,\N,N,N,N,LOWER MAINLAND,UNKNOWN,RIVERBEND DR,RIVERBEND DR,09:00-11:59,1,0
N,PROPERTY DAMAGE ONLY,\N,N,2021,SATURDAY,SINGLE VEHICLE,N,N,\N,\N,N,DECEMBER,N,COURTENAY,COURTENAY,\N,N,N,N,VANCOUVER ISLAND,UNKNOWN,9-10TH STREET ALLEY,9-10TH STREET ALLEY,09:00-11:59,1,0
N,PROPERTY DAMAGE ONLY,\N,N,2021,SATURDAY,SINGLE VEHICLE,N,N,\N,\N,N,DECEMBER,N,COWICHAN BAY,COWICHAN BAY,\N,N,N,N,VANCOUVER ISLAND,UNKNOWN,COWICHAN BAY RD,COWICHAN BAY RD,09:00-11:59,1,0
N,PROPERTY DAMAGE ONLY,\N,N,2021,SATURDAY,SINGLE VEHICLE,N,N,\N,\N,N,DECEMBER,N,CRESTON,CRESTON,\N,N,N,N,SOUTHERN INTERIOR,UNKNOWN,ERICKSON RD,ERICKSON RD,09:00-11:59,1,0
N,PROPERTY DAMAGE ONLY,\N,N,2021,SATURDAY,SINGLE VEHICLE,N,N,\N,\N,N,DECEMBER,N,DELTA,DELTA,\N,N,N,N,LOWER MAINLAND,UNKNOWN,CLIVEDEN AVE,CLIVEDEN AVE,09:00-11:59,1,0
N,PROPERTY DAMAGE ONLY,\N,N,2021,SATURDAY,SINGLE VEHICLE,N,N,\N,\N,N,DECEMBER,N,DELTA,DELTA,\N,N,N,N,LOWER MAINLAND,UNKNOWN,HWY 91,HWY 91,09:00-11:59,1,0
N,PROPERTY DAMAGE ONLY,\N,N,2021,SATURDAY,SINGLE VEHICLE,N,N,\N,\N,N,DECEMBER,N,KAMLOOPS,KAMLOOPS,\N,N,N,N,SOUTHERN INTERIOR,UNKNOWN,FRONTAGE RD,FRONTAGE RD,09:00-11:59,1,0
N,PROPERTY DAMAGE ONLY,\N,N,2021,SATURDAY,SINGLE VEHICLE,N,N,\N,\N,N,DECEMBER,N,KAMLOOPS,KAMLOOPS,\N,N,N,N,SOUTHERN INTERIOR,UNKNOWN,HWY 1,HWY 1,09:00-11:59,1,0
N,PROPERTY DAMAGE ONLY,\N,N,2021,SATURDAY,SINGLE VEHICLE,N,N,\N,\N,N,DECEMBER,N,MISSION,MISSION,\N,N,N,N,LOWER MAINLAND,UNKNOWN,HWY 11,HWY 11,09:00-11:59,1,0
N,PROPERTY DAMAGE ONLY,\N,N,2021,SATURDAY,SINGLE VEHICLE,N,N,\N,\N,N,DECEMBER,N,NEW WESTMINSTER,NEW WESTMINSTER,\N,N,N,N,LOWER MAINLAND,UNKNOWN,EIGHTH ST,EIGHTH ST,09:00-11:59,1,0
N,PROPERTY DAMAGE ONLY,\N,N,2021,SATURDAY,SINGLE VEHICLE,N,N,\N,\N,N,DECEMBER,N,PARKSVILLE,PARKSVILLE,\N,N,N,N,VANCOUVER ISLAND,UNKNOWN,DESPARD AVE,DESPARD AVE,09:00-11:59,1,0
N,PROPERTY DAMAGE ONLY,\N,N,2021,SATURDAY,SINGLE VEHICLE,N,N,\N,\N,N,DECEMBER,N,PARKSVILLE,PARKSVILLE,\N,N,N,N,VANCOUVER ISLAND,UNKNOWN,WEMBLEY RD,WEMBLEY RD,09:00-11:59,1,0
N,PROPERTY DAMAGE ONLY,\N,N,2021,SATURDAY,SINGLE VEHICLE,N,N,\N,\N,N,DECEMBER,N,PITT MEADOWS,PITT MEADOWS,\N,Y,N,N,LOWER MAINLAND,UNKNOWN,KOERNER RD,KOERNER RD,09:00-11:59,1,0
N,PROPERTY DAMAGE ONLY,\N,N,2021,SATURDAY,SINGLE VEHICLE,N,N,\N,\N,N,DECEMBER,N,PORT ALBERNI,PORT ALBERNI,\N,N,N,N,VANCOUVER ISLAND,UNKNOWN,FRANKLIN RIVER RD,FRANKLIN RIVER RD,09:00-11:59,1,0
N,PROPERTY DAMAGE ONLY,\N,N,2021,SATURDAY,SINGLE VEHICLE,N,N,\N,\N,N,DECEMBER,N,PORT COQUITLAM,PORT COQUITLAM,\N,N,N,N,LOWER MAINLAND,UNKNOWN,OXFORD CONNECTR,OXFORD CONNECTR,09:00-11:59,1,0
N,PROPERTY DAMAGE ONLY,\N,N,2021,SATURDAY,SINGLE VEHICLE,N,N,\N,\N,N,DECEMBER,N,POUCE COUPE,POUCE COUPE,\N,N,N,N,NORTH CENTRAL,UNKNOWN,HWY 2,HWY 2,09:00-11:59,1,0
N,PROPERTY DAMAGE ONLY,\N,N,2021,SATURDAY,SINGLE VEHICLE,N,N,\N,\N,N,DECEMBER,N,PRINCE GEORGE,PRINCE GEORGE,\N,N,N,N,NORTH CENTRAL,UNKNOWN,WHENUN RD,WHENUN RD,09:00-11:59,1,0
N,PROPERTY DAMAGE ONLY,\N,N,2021,SATURDAY,SINGLE VEHICLE,N,N,\N,\N,N,DECEMBER,N,SAANICH,SAANICH,\N,N,Y,N,VANCOUVER ISLAND,UNKNOWN,TILLICUM RD,TILLICUM RD,09:00-11:59,1,0
N,PROPERTY DAMAGE ONLY,\N,N,2021,SATURDAY,SINGLE VEHICLE,N,N,\N,\N,N,DECEMBER,N,SALMON ARM,SALMON ARM,\N,N,N,N,SOUTHERN INTERIOR,UNKNOWN,4 AVE NE,4 AVE NE,09:00-11:59,1,0
N,PROPERTY DAMAGE ONLY,\N,N,2021,SATURDAY,SINGLE VEHICLE,N,N,\N,\N,N,DECEMBER,N,SAYWARD,SAYWARD,\N,N,N,N,VANCOUVER ISLAND,UNKNOWN,HIGHWAY 19,HIGHWAY 19,09:00-11:59,1,0
N,PROPERTY DAMAGE ONLY,\N,N,2021,SATURDAY,SINGLE VEHICLE,N,N,\N,\N,N,DECEMBER,N,SOOKE,SOOKE,\N,N,N,N,VANCOUVER ISLAND,UNKNOWN,SOOKE RD,SOOKE RD,09:00-11:59,1,0
N,PROPERTY DAMAGE ONLY,\N,N,2021,SATURDAY,SINGLE VEHICLE,N,N,\N,\N,N,DECEMBER,N,SQUAMISH,SQUAMISH,\N,N,Y,N,LOWER MAINLAND,UNKNOWN,3AVE,3AVE,09:00-11:59,1,0
N,PROPERTY DAMAGE ONLY,\N,N,2021,SATURDAY,SINGLE VEHICLE,N,N,\N,\N,N,DECEMBER,N,SURREY,SURREY,\N,N,N,N,LOWER MAINLAND,UNKNOWN,2 AVE,2 AVE,09:00-11:59,1,0
N,PROPERTY DAMAGE ONLY,\N,N,2021,SATURDAY,SINGLE VEHICLE,N,N,\N,\N,N,DECEMBER,N,SURREY,SURREY,\N,N,N,N,LOWER MAINLAND,UNKNOWN,HWY 10,HWY 10,09:00-11:59,1,0
N,PROPERTY DAMAGE ONLY,\N,N,2021,SATURDAY,SINGLE VEHICLE,N,N,\N,\N,N,DECEMBER,N,SURREY,SURREY,\N,N,Y,N,LOWER MAINLAND,UNKNOWN,136A ST,136A ST,09:00-11:59,1,0
N,PROPERTY DAMAGE ONLY,\N,N,2021,SATURDAY,SINGLE VEHICLE,N,N,\N,\N,N,DECEMBER,N,TELKWA,TELKWA,\N,N,N,N,NORTH CENTRAL,UNKNOWN,WALCOTT QUICK RD,WALCOTT QUICK RD,09:00-11:59,1,0
N,PROPERTY DAMAGE ONLY,\N,N,2021,SATURDAY,SINGLE VEHICLE,N,N,\N,\N,N,DECEMBER,N,UNION BAY,UNION BAY,\N,N,N,N,VANCOUVER ISLAND,UNKNOWN,SOUTH ISLAND HWY,SOUTH ISLAND HWY,09:00-11:59,1,0
N,PROPERTY DAMAGE ONLY,\N,N,2021,SATURDAY,SINGLE VEHICLE,N,N,\N,\N,N,DECEMBER,N,VERNON,VERNON,\N,N,N,N,SOUTHERN INTERIOR,UNKNOWN,HWY 97,HWY 97,09:00-11:59,1,0
N,PROPERTY DAMAGE ONLY,\N,N,2021,SATURDAY,SINGLE VEHICLE,N,N,\N,\N,N,DECEMBER,N,VERNON,VERNON,\N,Y,N,N,SOUTHERN INTERIOR,UNKNOWN,MT. IDA DRIVE,MT. IDA DRIVE,09:00-11:59,1,0
N,PROPERTY DAMAGE ONLY,\N,N,2021,SATURDAY,SINGLE VEHICLE,N,N,\N,\N,N,DECEMBER,N,WEST VANCOUVER,WEST VANCOUVER,\N,Y,N,N,LOWER MAINLAND,UNKNOWN,SEA TO SKY HWY,SEA TO SKY HWY,09:00-11:59,1,0
N,PROPERTY DAMAGE ONLY,\N,N,2021,SATURDAY,SINGLE VEHICLE,N,N,48.427336,-123.355846,Y,DECEMBER,N,VICTORIA,VICTORIA,VICTORIA,N,Y,N,VANCOUVER ISLAND,PANDORA AVE # 001000 TO 001016 even,PANDORA AVE,PANDORA AVE,09:00-11:59,1,0
N,PROPERTY DAMAGE ONLY,\N,N,2021,SATURDAY,SINGLE VEHICLE,N,N,48.428108,-123.365133,Y,DECEMBER,N,VICTORIA,VICTORIA,VICTORIA,Y,Y,N,VANCOUVER ISLAND,PANDORA AVE # 000620 TO 000699,PANDORA AVE,PANDORA AVE,09:00-11:59,1,0
N,PROPERTY DAMAGE ONLY,\N,N,2021,SATURDAY,SINGLE VEHICLE,N,N,48.442987,-123.421532,Y,DECEMBER,N,ESQUIMALT,ESQUIMALT,ESQUIMALT,N,Y,N,VANCOUVER ISLAND,ALEXANDER RD # 000900 TO 000959,ALEXANDER RD,ALEXANDER RD,09:00-11:59,1,0
N,PROPERTY DAMAGE ONLY,\N,N,2021,SATURDAY,SINGLE VEHICLE,N,N,48.45004,-123.400181,Y,DECEMBER,N,SAANICH,SAANICH,SAANICH,N,N,N,VANCOUVER ISLAND,WALTER AVE # 000300 TO 000399,WALTER AVE,WALTER AVE,09:00-11:59,1,0
N,PROPERTY DAMAGE ONLY,\N,N,2021,SATURDAY,SINGLE VEHICLE,N,N,49.04416,-122.779264,Y,DECEMBER,N,SURREY,SURREY,SURREY,N,Y,N,LOWER MAINLAND,160 ST # 002271 TO 002359 odd,160 ST,160 ST,09:00-11:59,1,0
N,PROPERTY DAMAGE ONLY,\N,N,2021,SATURDAY,SINGLE VEHICLE,N,N,49.049409,-122.877439,Y,DECEMBER,N,SURREY,SURREY,SURREY,N,N,N,LOWER MAINLAND,CEDAR DR # 002522 TO 002635,CEDAR DR,CEDAR DR,09:00-11:59,1,0
N,PROPERTY DAMAGE ONLY,\N,N,2021,SATURDAY,SINGLE VEHICLE,N,N,49.057591,-122.255745,Y,DECEMBER,N,ABBOTSFORD,ABBOTSFORD,ABBOTSFORD,N,Y,N,LOWER MAINLAND,CASSIAR PL # 003010 TO 003049,CASSIAR PL,CASSIAR PL,09:00-11:59,1,0
N,PROPERTY DAMAGE ONLY,\N,N,2021,SATURDAY,SINGLE VEHICLE,N,N,49.092406,-121.993656,Y,DECEMBER,N,CHILLIWACK,CHILLIWACK,CHILLIWACK,N,N,N,LOWER MAINLAND,VEDDER MOUNTAIN RD # 044448 TO 044497,VEDDER MOUNTAIN RD,VEDDER MOUNTAIN RD,09:00-11:59,1,0
N,PROPERTY DAMAGE ONLY,\N,N,2021,SATURDAY,SINGLE VEHICLE,N,N,49.108753,-122.746067,Y,DECEMBER,N,SURREY,SURREY,SURREY,N,N,N,LOWER MAINLAND,172 ST # 005800 TO 005897,172 ST,172 ST,09:00-11:59,1,0
N,PROPERTY DAMAGE ONLY,\N,N,2021,SATURDAY,SINGLE VEHICLE,N,N,49.134697,-122.658603,Y,DECEMBER,N,LANGLEY,LANGLEY,LANGLEY,N,Y,N,LOWER MAINLAND,72B AVE # 020327 TO 020362,72B AVE,72B AVE,09:00-11:59,1,0
N,PROPERTY DAMAGE ONLY,\N,N,2021,SATURDAY,SINGLE VEHICLE,N,N,49.153554,-122.648028,Y,DECEMBER,N,LANGLEY,LANGLEY,LANGLEY,N,N,N,LOWER MAINLAND,207A ST # 008200 TO 008399,207A ST,207A ST,09:00-11:59,1,0
N,PROPERTY DAMAGE ONLY,\N,N,2021,SATURDAY,SINGLE VEHICLE,N,N,49.164036,-122.589904,Y,DECEMBER,N,LANGLEY,LANGLEY,LANGLEY,N,N,N,LOWER MAINLAND,TRATTLE ST # 008800 TO 008939,TRATTLE ST,TRATTLE ST,09:00-11:59,1,0
N,PROPERTY DAMAGE ONLY,\N,N,2021,SATURDAY,SINGLE VEHICLE,N,N,49.171995,-123.134012,Y,DECEMBER,N,RICHMOND,RICHMOND,RICHMOND,Y,Y,N,LOWER MAINLAND,ACKROYD RD # 008100 TO 008399,ACKROYD RD,ACKROYD RD,09:00-11:59,1,0
N,PROPERTY DAMAGE ONLY,\N,N,2021,SATURDAY,SINGLE VEHICLE,N,N,49.174848,-124.060653,Y,DECEMBER,N,NANAIMO,NANAIMO,NANAIMO,N,N,N,VANCOUVER ISLAND,NORTHWOOD RD # 003117 TO 003129,NORTHWOOD RD,NORTHWOOD RD,09:00-11:59,1,0
N,PROPERTY DAMAGE ONLY,\N,N,2021,SATURDAY,SINGLE VEHICLE,N,N,49.180461,-121.951449,Y,DECEMBER,N,CHILLIWACK,CHILLIWACK,CHILLIWACK,N,N,N,LOWER MAINLAND,RIVERSIDE DR # 046020 TO 046029,RIVERSIDE DR,RIVERSIDE DR,09:00-11:59,1,0
N,PROPERTY DAMAGE ONLY,\N,N,2021,SATURDAY,SINGLE VEHICLE,N,N,49.183536,-123.133217,Y,DECEMBER,N,RICHMOND,RICHMOND,RICHMOND,N,Y,N,LOWER MAINLAND,HAZELBRIDGE WAY # 004147 TO 004183 odd,HAZELBRIDGE WAY,HAZELBRIDGE WAY,09:00-11:59,1,0
N,PROPERTY DAMAGE ONLY,\N,N,2021,SATURDAY,SINGLE VEHICLE,N,N,49.190635,-124.039785,Y,DECEMBER,N,NANAIMO,NANAIMO,NANAIMO,N,N,N,VANCOUVER ISLAND,JINGLE POT RD # 003529 TO 003643,JINGLE POT RD,JINGLE POT RD,09:00-11:59,1,0
N,PROPERTY DAMAGE ONLY,\N,N,2021,SATURDAY,SINGLE VEHICLE,N,N,49.190635,-124.039785,Y,DECEMBER,N,NANAIMO,NANAIMO,NANAIMO,N,Y,N,VANCOUVER ISLAND,JINGLE POT RD # 003529 TO 003643,JINGLE POT RD,JINGLE POT RD,09:00-11:59,1,0
N,PROPERTY DAMAGE ONLY,\N,N,2021,SATURDAY,SINGLE VEHICLE,N,N,49.204279,-123.133783,Y,DECEMBER,N,VANCOUVER,VANCOUVER,VANCOUVER,N,Y,N,LOWER MAINLAND,W 73RD AVE # 001200 TO 001249,W 73RD AVE,W 73RD AVE,09:00-11:59,1,0
N,PROPERTY DAMAGE ONLY,\N,N,2021,SATURDAY,SINGLE VEHICLE,N,N,49.220486,-122.662504,Y,DECEMBER,N,MAPLE RIDGE,MAPLE RIDGE,MAPLE RIDGE,N,N,N,LOWER MAINLAND,LOUGHEED HWY # 020120 TO 020218 even,LOUGHEED HWY,LOUGHEED HWY,09:00-11:59,1,0
N,PROPERTY DAMAGE ONLY,\N,N,2021,SATURDAY,SINGLE VEHICLE,N,N,49.228116,-122.998531,Y,DECEMBER,N,BURNABY,BURNABY,BURNABY,N,Y,N,LOWER MAINLAND,KINGSWAY # 004700 TO 004749,KINGSWAY,KINGSWAY,09:00-11:59,1,0
N,PROPERTY DAMAGE ONLY,\N,N,2021,SATURDAY,SINGLE VEHICLE,N,N,49.249082,-122.817533,Y,DECEMBER,N,COQUITLAM,COQUITLAM,COQUITLAM,N,Y,N,LOWER MAINLAND,AUSTIN AVE # 002642 TO 002699,AUSTIN AVE,AUSTIN AVE,09:00-11:59,1,0
N,PROPERTY DAMAGE ONLY,\N,N,2021,SATURDAY,SINGLE VEHICLE,N,N,49.266164,-124.19818,Y,DECEMBER,N,NANOOSE BAY,NANOOSE BAY,NANOOSE BAY,N,N,N,VANCOUVER ISLAND,NORTHWEST BAY RD # 003078 TO 003199,NORTHWEST BAY RD,NORTHWEST BAY RD,09:00-11:59,1,0
N,PROPERTY DAMAGE ONLY,\N,N,2021,SATURDAY,SINGLE VEHICLE,N,N,49.269143,-123.161028,Y,DECEMBER,N,VANCOUVER,VANCOUVER,VANCOUVER,N,Y,N,LOWER MAINLAND,W 3RD AVE # 002400 TO 002499,W 3RD AVE,W 3RD AVE,09:00-11:59,1,0
N,PROPERTY DAMAGE ONLY,\N,N,2021,SATURDAY,SINGLE VEHICLE,N,N,49.271188,-122.772358,Y,DECEMBER,N,PORT COQUITLAM,PORT COQUITLAM,PORT COQUITLAM,N,N,N,LOWER MAINLAND,PRAIRIE AVE # 002100 TO 002169,PRAIRIE AVE,PRAIRIE AVE,09:00-11:59,1,0
N,PROPERTY DAMAGE ONLY,\N,N,2021,SATURDAY,SINGLE VEHICLE,N,N,49.275191,-123.131144,Y,DECEMBER,N,VANCOUVER,VANCOUVER,VANCOUVER,N,N,N,LOWER MAINLAND,HOWE ST # 001400 TO 001499,HOWE ST,HOWE ST,09:00-11:59,1,0
N,PROPERTY DAMAGE ONLY,\N,N,2021,SATURDAY,SINGLE VEHICLE,N,N,49.275583,-122.842785,Y,DECEMBER,N,PORT MOODY,PORT MOODY,PORT MOODY,N,Y,N,LOWER MAINLAND,ST GEORGE ST # 003000 TO 003119,ST GEORGE ST,ST GEORGE ST,09:00-11:59,1,0
N,PROPERTY DAMAGE ONLY,\N,N,2021,SATURDAY,SINGLE VEHICLE,N,N,49.287013,-124.788346,Y,DECEMBER,N,PORT ALBERNI,PORT ALBERNI,PORT ALBERNI,N,N,N,VANCOUVER ISLAND,CHERRY CREEK RD # 006250 TO 006479,CHERRY CREEK RD,CHERRY CREEK RD,09:00-11:59,1,0
N,PROPERTY DAMAGE ONLY,\N,N,2021,SATURDAY,SINGLE VEHICLE,N,N,49.287333,-122.988953,Y,DECEMBER,N,BURNABY,BURNABY,BURNABY,N,N,N,LOWER MAINLAND,N GLYNDE AVE # 000200 TO 000499,N GLYNDE AVE,N GLYNDE AVE,09:00-11:59,1,0
N,PROPERTY DAMAGE ONLY,\N,N,2021,SATURDAY,SINGLE VEHICLE,N,N,49.288447,-122.73852,Y,DECEMBER,N,COQUITLAM,COQUITLAM,COQUITLAM,N,Y,N,LOWER MAINLAND,BAYCREST AVE # 003519 TO 003549,BAYCREST AVE,BAYCREST AVE,09:00-11:59,1,0
N,PROPERTY DAMAGE ONLY,\N,N,2021,SATURDAY,SINGLE VEHICLE,N,N,49.288787,-123.142626,Y,DECEMBER,N,VANCOUVER,VANCOUVER,VANCOUVER,N,Y,N,LOWER MAINLAND,GILFORD ST # 001150 TO 001199,GILFORD ST,GILFORD ST,09:00-11:59,1,0
N,PROPERTY DAMAGE ONLY,\N,N,2021,SATURDAY,SINGLE VEHICLE,N,N,49.296958,-122.804099,Y,DECEMBER,N,COQUITLAM,COQUITLAM,COQUITLAM,N,Y,N,LOWER MAINLAND,PARKWAY BLVD # 001414 TO 001425,PARKWAY BLVD,PARKWAY BLVD,09:00-11:59,1,0
N,PROPERTY DAMAGE ONLY,\N,N,2021,SATURDAY,SINGLE VEHICLE,N,N,49.308551,-123.040477,Y,DECEMBER,N,NORTH VANCOUVER,NORTH VANCOUVER,NORTH VANCOUVER,N,N,N,LOWER MAINLAND,BROOKSBANK AVE # 000300 TO 000349,BROOKSBANK AVE,BROOKSBANK AVE,09:00-11:59,1,0
N,PROPERTY DAMAGE ONLY,\N,N,2021,SATURDAY,SINGLE VEHICLE,N,N,49.31894,-122.970716,Y,DECEMBER,N,NORTH VANCOUVER,NORTH VANCOUVER,NORTH VANCOUVER,N,Y,N,LOWER MAINLAND,BANFF CRT # 003670 TO 003690 even,BANFF CRT,BANFF CRT,09:00-11:59,1,0
N,PROPERTY DAMAGE ONLY,\N,N,2021,SATURDAY,SINGLE VEHICLE,N,N,49.31902,-123.092403,Y,DECEMBER,N,NORTH VANCOUVER,NORTH VANCOUVER,NORTH VANCOUVER,N,Y,N,LOWER MAINLAND,W 2ND ST # 000700 TO 000749,W 2ND ST,W 2ND ST,09:00-11:59,1,0
N,PROPERTY DAMAGE ONLY,\N,N,2021,SATURDAY,SINGLE VEHICLE,N,N,49.342824,-123.074968,Y,DECEMBER,N,NORTH VANCOUVER,NORTH VANCOUVER,NORTH VANCOUVER,N,N,N,LOWER MAINLAND,CARISBROOKE CRES # 000236 TO 000299,CARISBROOKE CRES,CARISBROOKE CRES,09:00-11:59,1,0
N,PROPERTY DAMAGE ONLY,\N,N,2021,SATURDAY,SINGLE VEHICLE,N,N,49.392664,-119.906353,Y,DECEMBER,N,APEX,APEX,APEX,N,Y,N,SOUTHERN INTERIOR,APEX MOUNTAIN RD # 001190 TO 001199,APEX MOUNTAIN RD,APEX MOUNTAIN RD,09:00-11:59,1,0
N,PROPERTY DAMAGE ONLY,\N,N,2021,SATURDAY,SINGLE VEHICLE,N,N,49.497272,-117.276638,Y,DECEMBER,N,NELSON,NELSON,NELSON,N,N,N,SOUTHERN INTERIOR,TREVOR ST # 001200 TO 001449,TREVOR ST,TREVOR ST,09:00-11:59,1,0
N,PROPERTY DAMAGE ONLY,\N,N,2021,SATURDAY,SINGLE VEHICLE,N,N,49.522119,-123.778468,Y,DECEMBER,N,SECHELT,SECHELT,SECHELT,N,Y,N,LOWER MAINLAND,CORACLE DR # 006020 TO 006189,CORACLE DR,CORACLE DR,09:00-11:59,1,0
N,PROPERTY DAMAGE ONLY,\N,N,2021,SATURDAY,SINGLE VEHICLE,N,N,49.701551,-123.14722,Y,DECEMBER,N,SQUAMISH,SQUAMISH,SQUAMISH,N,Y,N,LOWER MAINLAND,PEMBERTON AVE # 001458 TO 001599,PEMBERTON AVE,PEMBERTON AVE,09:00-11:59,1,0
N,PROPERTY DAMAGE ONLY,\N,N,2021,SATURDAY,SINGLE VEHICLE,N,N,49.859945,-119.413356,Y,DECEMBER,N,KELOWNA,KELOWNA,KELOWNA,N,Y,N,SOUTHERN INTERIOR,POOLEY RD # 003174 TO 003217,POOLEY RD,POOLEY RD,09:00-11:59,1,0
N,PROPERTY DAMAGE ONLY,\N,N,2021,SATURDAY,SINGLE VEHICLE,N,N,49.886794,-119.479812,Y,DECEMBER,N,KELOWNA,KELOWNA,KELOWNA,N,N,N,SOUTHERN INTERIOR,GRAHAM ST # 001450 TO 001499,GRAHAM ST,GRAHAM ST,09:00-11:59,1,0
N,PROPERTY DAMAGE ONLY,\N,N,2021,SATURDAY,SINGLE VEHICLE,N,N,49.914677,-119.441635,Y,DECEMBER,N,KELOWNA,KELOWNA,KELOWNA,N,Y,N,SOUTHERN INTERIOR,KANE RD # 001950 TO 001999,KANE RD,KANE RD,09:00-11:59,1,0
N,PROPERTY DAMAGE ONLY,\N,N,2021,SATURDAY,SINGLE VEHICLE,N,N,50.089165,-123.011023,Y,DECEMBER,N,WHISTLER,WHISTLER,WHISTLER,N,N,N,LOWER MAINLAND,CLIFFTOP LANE # 002775 TO 002879,CLIFFTOP LANE,CLIFFTOP LANE,09:00-11:59,1,0
N,PROPERTY DAMAGE ONLY,\N,N,2021,SATURDAY,SINGLE VEHICLE,N,N,50.323604,-119.234313,Y,DECEMBER,N,VERNON,VERNON,VERNON,N,N,N,SOUTHERN INTERIOR,L AND A RD # 007200 TO 007379,L AND A RD,L AND A RD,09:00-11:59,1,0
N,PROPERTY DAMAGE ONLY,\N,N,2021,SATURDAY,SINGLE VEHICLE,N,N,50.665485,-120.346643,Y,DECEMBER,N,KAMLOOPS,KAMLOOPS,KAMLOOPS,N,N,N,SOUTHERN INTERIOR,ARROWSTONE DR # 000244 TO 000299,ARROWSTONE DR,ARROWSTONE DR,09:00-11:59,1,0
N,PROPERTY DAMAGE ONLY,\N,N,2021,SATURDAY,SINGLE VEHICLE,N,N,50.724067,-127.511169,Y,DECEMBER,N,PORT HARDY,PORT HARDY,PORT HARDY,N,N,N,VANCOUVER ISLAND,TEAKERNE DR # 007284 TO 007379,TEAKERNE DR,TEAKERNE DR,09:00-11:59,1,0
N,PROPERTY DAMAGE ONLY,\N,N,2021,SATURDAY,SINGLE VEHICLE,N,N,50.796148,-120.318895,Y,DECEMBER,N,KAMLOOPS,KAMLOOPS,KAMLOOPS,N,N,N,SOUTHERN INTERIOR,MONTEGO RD # 000200 TO 000299,MONTEGO RD,MONTEGO RD,09:00-11:59,1,0
N,PROPERTY DAMAGE ONLY,\N,N,2021,SATURDAY,SINGLE VEHICLE,N,N,50.876497,-119.384974,Y,DECEMBER,N,BLIND BAY,BLIND BAY,BLIND BAY,N,N,N,SOUTHERN INTERIOR,WAVERLY DR # 002370 TO 002449,WAVERLY DR,WAVERLY DR,09:00-11:59,1,0
N,PROPERTY DAMAGE ONLY,\N,N,2021,SATURDAY,SINGLE VEHICLE,N,N,50.879204,-119.387133,Y,DECEMBER,N,BLIND BAY,BLIND BAY,BLIND BAY,N,N,N,SOUTHERN INTERIOR,PLEASANT DALE RD # 002350 TO 002399,PLEASANT DALE RD,PLEASANT DALE RD,09:00-11:59,1,0
N,PROPERTY DAMAGE ONLY,\N,N,2021,SATURDAY,SINGLE VEHICLE,N,N,51.646001,-121.296344,Y,DECEMBER,N,100 MILE HOUSE,100 MILE HOUSE,100 MILE HOUSE,N,Y,N,NORTH CENTRAL,HWY 97 # 000104 TO 000199,HWY 97,HWY 97,09:00-11:59,1,0
N,PROPERTY DAMAGE ONLY,\N,N,2021,SATURDAY,SINGLE VEHICLE,N,N,52.128881,-122.144709,Y,DECEMBER,N,WILLIAMS LAKE,WILLIAMS LAKE,WILLIAMS LAKE,N,N,N,NORTH CENTRAL,OLIVER ST # 000100 TO 000199,OLIVER ST,OLIVER ST,09:00-11:59,1,0
N,PROPERTY DAMAGE ONLY,\N,N,2021,SATURDAY,SINGLE VEHICLE,N,N,52.147577,-122.170436,Y,DECEMBER,N,WILLIAMS LAKE,WILLIAMS LAKE,WILLIAMS LAKE,N,N,N,NORTH CENTRAL,MACKENZIE AVE N # 003014 TO 003049,MACKENZIE AVE N,MACKENZIE AVE N,09:00-11:59,1,0
N,PROPERTY DAMAGE ONLY,\N,N,2021,SATURDAY,SINGLE VEHICLE,N,N,54.223776,-125.750062,Y,DECEMBER,N,BURNS LAKE,BURNS LAKE,BURNS LAKE,N,Y,N,NORTH CENTRAL,HWY 16 E # 000202 TO 000402,YELLOWHEAD HWY,YELLOWHEAD HWY,09:00-11:59,1,0
N,PROPERTY DAMAGE ONLY,\N,N,2021,SATURDAY,UNDETERMINED,N,N,\N,\N,N,DECEMBER,N,ABBOTSFORD,ABBOTSFORD,\N,Y,Y,N,LOWER MAINLAND,UNKNOWN,SUMAS WAY,SUMAS WAY,09:00-11:59,1,0
N,PROPERTY DAMAGE ONLY,\N,N,2021,SATURDAY,UNDETERMINED,N,N,\N,\N,N,DECEMBER,N,BURNABY,BURNABY,\N,N,N,N,LOWER MAINLAND,UNKNOWN,EDMONDS ST,EDMONDS ST,09:00-11:59,1,0
N,PROPERTY DAMAGE ONLY,\N,N,2021,SATURDAY,UNDETERMINED,N,N,\N,\N,N,DECEMBER,N,CHILLIWACK,CHILLIWACK,\N,Y,N,N,LOWER MAINLAND,UNKNOWN,HUDSON RD,HUDSON RD,09:00-11:59,1,0
N,PROPERTY DAMAGE ONLY,\N,N,2021,SATURDAY,UNDETERMINED,N,N,\N,\N,N,DECEMBER,N,COURTENAY,COURTENAY,\N,N,N,N,VANCOUVER ISLAND,UNKNOWN,COPPERFIELD RD,COPPERFIELD RD,09:00-11:59,1,0
N,PROPERTY DAMAGE ONLY,\N,N,2021,SATURDAY,UNDETERMINED,N,N,\N,\N,N,DECEMBER,N,FRUITVALE,FRUITVALE,\N,Y,N,N,SOUTHERN INTERIOR,UNKNOWN,ROSS SPUR RD,ROSS SPUR RD,09:00-11:59,1,0
N,PROPERTY DAMAGE ONLY,\N,N,2021,SATURDAY,UNDETERMINED,N,N,\N,\N,N,DECEMBER,N,RICHMOND,RICHMOND,\N,N,N,N,LOWER MAINLAND,UNKNOWN,HWY 91,HWY 91,09:00-11:59,1,0
N,PROPERTY DAMAGE ONLY,\N,N,2021,SATURDAY,UNDETERMINED,N,N,\N,\N,N,DECEMBER,N,RICHMOND,RICHMOND,\N,N,N,N,LOWER MAINLAND,UNKNOWN,NO 3 RD,NO 3 RD,09:00-11:59,1,0
N,PROPERTY DAMAGE ONLY,\N,N,2021,SATURDAY,UNDETERMINED,N,N,\N,\N,N,DECEMBER,N,SALMON ARM,SALMON ARM,\N,N,N,N,SOUTHERN INTERIOR,UNKNOWN,HWY 1,HWY 1,09:00-11:59,1,0
N,PROPERTY DAMAGE ONLY,\N,N,2021,SATURDAY,UNDETERMINED,N,N,\N,\N,N,DECEMBER,N,SURREY,SURREY,\N,N,Y,N,LOWER MAINLAND,UNKNOWN,101A AVE,101A AVE,09:00-11:59,1,0
N,PROPERTY DAMAGE ONLY,\N,N,2021,SATURDAY,UNDETERMINED,N,N,\N,\N,N,DECEMBER,N,VANCOUVER,VANCOUVER,\N,Y,N,N,LOWER MAINLAND,UNKNOWN,E 63RD AVE,E 63RD AVE,09:00-11:59,1,0
N,PROPERTY DAMAGE ONLY,\N,N,2021,SATURDAY,UNDETERMINED,N,N,\N,\N,N,DECEMBER,N,VANCOUVER,VANCOUVER,\N,Y,N,N,LOWER MAINLAND,UNKNOWN,SMITHE ST,SMITHE ST,09:00-11:59,1,0
N,PROPERTY DAMAGE ONLY,\N,N,2021,SATURDAY,UNDETERMINED,N,N,\N,\N,N,DECEMBER,N,VICTORIA,VICTORIA,\N,Y,N,N,VANCOUVER ISLAND,UNKNOWN,SHELBOURNE ST,SHELBOURNE ST,09:00-11:59,1,0
N,PROPERTY DAMAGE ONLY,\N,N,2021,SATURDAY,UNDETERMINED,N,N,\N,\N,N,DECEMBER,N,VICTORIA,VICTORIA,\N,Y,Y,N,VANCOUVER ISLAND,UNKNOWN,DOCK ST,DOCK ST,09:00-11:59,1,0
N,PROPERTY DAMAGE ONLY,\N,N,2021,SATURDAY,UNDETERMINED,N,N,48.417654,-123.374486,Y,DECEMBER,N,VICTORIA,VICTORIA,VICTORIA,Y,N,N,VANCOUVER ISLAND,MICHIGAN ST # 000330 TO 000499,MICHIGAN ST,MICHIGAN ST,09:00-11:59,1,0
N,PROPERTY DAMAGE ONLY,\N,N,2021,SATURDAY,UNDETERMINED,N,N,48.429941,-123.342183,Y,DECEMBER,N,VICTORIA,VICTORIA,VICTORIA,Y,N,N,VANCOUVER ISLAND,STANLEY AVE # 001900 TO 001999,STANLEY AVE,STANLEY AVE,09:00-11:59,1,0
N,PROPERTY DAMAGE ONLY,\N,N,2021,SATURDAY,UNDETERMINED,N,N,48.441791,-123.34069,Y,DECEMBER,N,VICTORIA,VICTORIA,VICTORIA,Y,N,N,VANCOUVER ISLAND,MYRTLE AVE # 001410 TO 001499,MYRTLE AVE,MYRTLE AVE,09:00-11:59,1,0
N,PROPERTY DAMAGE ONLY,\N,N,2021,SATURDAY,UNDETERMINED,N,N,48.445136,-123.319572,Y,DECEMBER,N,OAK BAY,OAK BAY,OAK BAY,N,N,N,VANCOUVER ISLAND,WESTDOWNE RD # 003000 TO 003099,WESTDOWNE RD,WESTDOWNE RD,09:00-11:59,1,0
N,PROPERTY DAMAGE ONLY,\N,N,2021,SATURDAY,UNDETERMINED,N,N,48.455257,-123.342716,Y,DECEMBER,N,SAANICH,SAANICH,SAANICH,Y,Y,N,VANCOUVER ISLAND,DERBY RD # 001400 TO 001433,DERBY RD,DERBY RD,09:00-11:59,1,0
N,PROPERTY DAMAGE ONLY,\N,N,2021,SATURDAY,UNDETERMINED,N,N,48.709491,-123.607783,Y,DECEMBER,N,COBBLE HILL,COBBLE HILL,COBBLE HILL,N,Y,N,VANCOUVER ISLAND,COWICHAN BAY RD # 001400 TO 001405,COWICHAN BAY RD,COWICHAN BAY RD,09:00-11:59,1,0
N,PROPERTY DAMAGE ONLY,\N,N,2021,SATURDAY,UNDETERMINED,N,N,49.046069,-122.794112,Y,DECEMBER,N,SURREY,SURREY,SURREY,Y,Y,N,LOWER MAINLAND,KING GEORGE BLVD # 002400 TO 002450 even,KING GEORGE BLVD,KING GEORGE BLVD,09:00-11:59,1,0
N,PROPERTY DAMAGE ONLY,\N,N,2021,SATURDAY,UNDETERMINED,N,N,49.047019,-122.786299,Y,DECEMBER,N,SURREY,SURREY,SURREY,Y,Y,N,LOWER MAINLAND,CROYDON DR # 015700 TO 015769,CROYDON DR,CROYDON DR,09:00-11:59,1,0
N,PROPERTY DAMAGE ONLY,\N,N,2021,SATURDAY,UNDETERMINED,N,N,49.054709,-122.691486,Y,DECEMBER,N,SURREY,SURREY,SURREY,Y,Y,N,LOWER MAINLAND,192 ST # 002800 TO 002999,192 ST,192 ST,09:00-11:59,1,0
N,PROPERTY DAMAGE ONLY,\N,N,2021,SATURDAY,UNDETERMINED,N,N,49.08364,-117.797032,Y,DECEMBER,N,ROSSLAND,ROSSLAND,ROSSLAND,Y,Y,N,SOUTHERN INTERIOR,ELMORE AVE # 002100 TO 002199,ELMORE AVE,ELMORE AVE,09:00-11:59,1,0
N,PROPERTY DAMAGE ONLY,\N,N,2021,SATURDAY,UNDETERMINED,N,N,49.104712,-121.974455,Y,DECEMBER,N,CHILLIWACK,CHILLIWACK,CHILLIWACK,Y,N,N,LOWER MAINLAND,KATHLEEN DR # 005630 TO 005658 even,KATHLEEN DR,KATHLEEN DR,09:00-11:59,1,0
N,PROPERTY DAMAGE ONLY,\N,N,2021,SATURDAY,UNDETERMINED,N,N,49.121558,-122.88741,Y,DECEMBER,N,SURREY,SURREY,SURREY,Y,N,N,LOWER MAINLAND,121 ST # 006520 TO 006538,121 ST,121 ST,09:00-11:59,1,0
N,PROPERTY DAMAGE ONLY,\N,N,2021,SATURDAY,UNDETERMINED,N,N,49.139015,-122.845708,Y,DECEMBER,N,SURREY,SURREY,SURREY,N,Y,N,LOWER MAINLAND,KING GEORGE BLVD # 007401 TO 007599 odd,KING GEORGE BLVD,KING GEORGE BLVD,09:00-11:59,1,0
N,PROPERTY DAMAGE ONLY,\N,N,2021,SATURDAY,UNDETERMINED,N,N,49.141225,-122.904304,Y,DECEMBER,N,DELTA,DELTA,DELTA,Y,N,N,LOWER MAINLAND,115 ST # 007550 TO 007650,115 ST,115 ST,09:00-11:59,1,0
N,PROPERTY DAMAGE ONLY,\N,N,2021,SATURDAY,UNDETERMINED,N,N,49.144391,-122.823058,Y,DECEMBER,N,SURREY,SURREY,SURREY,Y,N,N,LOWER MAINLAND,78 AVE # 014400 TO 014425,78 AVE,78 AVE,09:00-11:59,1,0
N,PROPERTY DAMAGE ONLY,\N,N,2021,SATURDAY,UNDETERMINED,N,N,49.151887,-122.792566,Y,DECEMBER,N,SURREY,SURREY,SURREY,Y,N,N,LOWER MAINLAND,82 AVE # 015450 TO 015499,82 AVE,82 AVE,09:00-11:59,1,0
N,PROPERTY DAMAGE ONLY,\N,N,2021,SATURDAY,UNDETERMINED,N,N,49.154651,-122.81961,Y,DECEMBER,N,SURREY,SURREY,SURREY,Y,N,N,LOWER MAINLAND,83A AVE # 014500 TO 014549,83A AVE,83A AVE,09:00-11:59,1,0
N,PROPERTY DAMAGE ONLY,\N,N,2021,SATURDAY,UNDETERMINED,N,N,49.164245,-122.784516,Y,DECEMBER,N,SURREY,SURREY,SURREY,Y,N,N,LOWER MAINLAND,158 ST # 008850 TO 008899,158 ST,158 ST,09:00-11:59,1,0
N,PROPERTY DAMAGE ONLY,\N,N,2021,SATURDAY,UNDETERMINED,N,N,49.176682,-123.947143,Y,DECEMBER,N,NANAIMO,NANAIMO,NANAIMO,Y,Y,N,VANCOUVER ISLAND,TERMINAL AVE N # 000400 TO 000499,TERMINAL AVE N,TERMINAL AVE N,09:00-11:59,1,0
N,PROPERTY DAMAGE ONLY,\N,N,2021,SATURDAY,UNDETERMINED,N,N,49.178889,-119.551799,Y,DECEMBER,N,OLIVER,OLIVER,OLIVER,Y,Y,N,SOUTHERN INTERIOR,MAIN ST # 005900 TO 005999,MAIN ST,MAIN ST,09:00-11:59,1,0
N,PROPERTY DAMAGE ONLY,\N,N,2021,SATURDAY,UNDETERMINED,N,N,49.179599,-123.976312,Y,DECEMBER,N,NANAIMO,NANAIMO,NANAIMO,Y,Y,N,VANCOUVER ISLAND,BOWEN RD # 001621 TO 001699 odd,BOWEN RD,BOWEN RD,09:00-11:59,1,0
N,PROPERTY DAMAGE ONLY,\N,N,2021,SATURDAY,UNDETERMINED,N,N,49.185452,-123.128143,Y,DECEMBER,N,RICHMOND,RICHMOND,RICHMOND,Y,Y,N,LOWER MAINLAND,SEXSMITH RD # 003660 TO 003799,SEXSMITH RD,SEXSMITH RD,09:00-11:59,1,0
N,PROPERTY DAMAGE ONLY,\N,N,2021,SATURDAY,UNDETERMINED,N,N,49.207677,-122.869161,Y,DECEMBER,N,SURREY,SURREY,SURREY,Y,N,N,LOWER MAINLAND,112B AVE # 012670 TO 012799,112B AVE,112B AVE,09:00-11:59,1,0
N,PROPERTY DAMAGE ONLY,\N,N,2021,SATURDAY,UNDETERMINED,N,N,49.210726,-123.099335,Y,DECEMBER,N,VANCOUVER,VANCOUVER,VANCOUVER,Y,Y,N,LOWER MAINLAND,SE MARINE DR # 000300 TO 000388 even,SE MARINE DR,SE MARINE DR,09:00-11:59,1,0
N,PROPERTY DAMAGE ONLY,\N,N,2021,SATURDAY,UNDETERMINED,N,N,49.22075,-122.949998,Y,DECEMBER,N,BURNABY,BURNABY,BURNABY,Y,Y,N,LOWER MAINLAND,FULTON AVE # 007100 TO 007199,FULTON AVE,FULTON AVE,09:00-11:59,1,0
N,PROPERTY DAMAGE ONLY,\N,N,2021,SATURDAY,UNDETERMINED,N,N,49.224097,-123.074587,Y,DECEMBER,N,VANCOUVER,VANCOUVER,VANCOUVER,Y,N,N,LOWER MAINLAND,DUMFRIES ST # 006544 TO 006699,DUMFRIES ST,DUMFRIES ST,09:00-11:59,1,0
N,PROPERTY DAMAGE ONLY,\N,N,2021,SATURDAY,UNDETERMINED,N,N,49.228116,-122.998531,Y,DECEMBER,N,BURNABY,BURNABY,BURNABY,N,Y,N,LOWER MAINLAND,KINGSWAY # 004700 TO 004749,KINGSWAY,KINGSWAY,09:00-11:59,1,0
N,PROPERTY DAMAGE ONLY,\N,N,2021,SATURDAY,UNDETERMINED,N,N,49.229897,-123.003852,Y,DECEMBER,N,BURNABY,BURNABY,BURNABY,N,Y,N,LOWER MAINLAND,KINGSWAY # 004500 TO 004555,KINGSWAY,KINGSWAY,09:00-11:59,1,0
N,PROPERTY DAMAGE ONLY,\N,N,2021,SATURDAY,UNDETERMINED,N,N,49.230127,-123.00153,Y,DECEMBER,N,BURNABY,BURNABY,BURNABY,Y,N,N,LOWER MAINLAND,HAZEL ST # 004600 TO 004619,HAZEL ST,HAZEL ST,09:00-11:59,1,0
N,PROPERTY DAMAGE ONLY,\N,N,2021,SATURDAY,UNDETERMINED,N,N,49.231993,-123.030926,Y,DECEMBER,N,VANCOUVER,VANCOUVER,VANCOUVER,Y,N,N,LOWER MAINLAND,KINGSWAY # 003450 TO 003484,KINGSWAY,KINGSWAY,09:00-11:59,1,0
N,PROPERTY DAMAGE ONLY,\N,N,2021,SATURDAY,UNDETERMINED,N,N,49.234459,-122.911039,Y,DECEMBER,N,BURNABY,BURNABY,BURNABY,Y,N,N,LOWER MAINLAND,COLDICUTT ST # 007600 TO 007648,COLDICUTT ST,COLDICUTT ST,09:00-11:59,1,0
N,PROPERTY DAMAGE ONLY,\N,N,2021,SATURDAY,UNDETERMINED,N,N,49.254526,-122.738383,Y,DECEMBER,N,PORT COQUITLAM,PORT COQUITLAM,PORT COQUITLAM,Y,Y,N,LOWER MAINLAND,HAWKINS ST # 002100 TO 002199,HAWKINS ST,HAWKINS ST,09:00-11:59,2,0
N,PROPERTY DAMAGE ONLY,\N,N,2021,SATURDAY,UNDETERMINED,N,N,49.257278,-122.746598,Y,DECEMBER,N,PORT COQUITLAM,PORT COQUITLAM,PORT COQUITLAM,Y,Y,N,LOWER MAINLAND,OTTAWA ST # 002350 TO 002389,OTTAWA ST,OTTAWA ST,09:00-11:59,1,0
N,PROPERTY DAMAGE ONLY,\N,N,2021,SATURDAY,UNDETERMINED,N,N,49.261809,-123.002392,Y,DECEMBER,N,BURNABY,BURNABY,BURNABY,N,Y,N,LOWER MAINLAND,STILL CREEK DR # 004500 TO 004599,STILL CREEK DR,STILL CREEK DR,09:00-11:59,1,0
N,PROPERTY DAMAGE ONLY,\N,N,2021,SATURDAY,UNDETERMINED,N,N,49.262923,-123.040307,Y,DECEMBER,N,VANCOUVER,VANCOUVER,VANCOUVER,Y,N,N,LOWER MAINLAND,E 8TH AVE # 003000 TO 003099,E 8TH AVE,E 8TH AVE,09:00-11:59,1,0
N,PROPERTY DAMAGE ONLY,\N,N,2021,SATURDAY,UNDETERMINED,N,N,49.269382,-123.045583,Y,DECEMBER,N,VANCOUVER,VANCOUVER,VANCOUVER,Y,Y,N,LOWER MAINLAND,E 1ST AVE # 002800 TO 002898 even,E 1ST AVE,E 1ST AVE,09:00-11:59,1,0
N,PROPERTY DAMAGE ONLY,\N,N,2021,SATURDAY,UNDETERMINED,N,N,49.270588,-123.168203,Y,DECEMBER,N,VANCOUVER,VANCOUVER,VANCOUVER,Y,N,N,LOWER MAINLAND,MACDONALD ST # 001700 TO 001799,MACDONALD ST,MACDONALD ST,09:00-11:59,1,0
N,PROPERTY DAMAGE ONLY,\N,N,2021,SATURDAY,UNDETERMINED,N,N,49.27651,-123.007354,Y,DECEMBER,N,BURNABY,BURNABY,BURNABY,Y,N,N,LOWER MAINLAND,VENABLES ST # 004300 TO 004399,VENABLES ST,VENABLES ST,09:00-11:59,1,0
N,PROPERTY DAMAGE ONLY,\N,N,2021,SATURDAY,UNDETERMINED,N,N,49.277063,-122.800243,Y,DECEMBER,N,COQUITLAM,COQUITLAM,COQUITLAM,Y,Y,N,LOWER MAINLAND,BARNET HWY # 002901 TO 002929 odd,BARNET HWY,BARNET HWY,09:00-11:59,2,0
N,PROPERTY DAMAGE ONLY,\N,N,2021,SATURDAY,UNDETERMINED,N,N,49.281155,-123.045346,Y,DECEMBER,N,VANCOUVER,VANCOUVER,VANCOUVER,Y,Y,N,LOWER MAINLAND,E HASTINGS ST # 002800 TO 002899,E HASTINGS ST,E HASTINGS ST,09:00-11:59,1,0
N,PROPERTY DAMAGE ONLY,\N,N,2021,SATURDAY,UNDETERMINED,N,N,49.310063,-122.957186,Y,DECEMBER,N,NORTH VANCOUVER,NORTH VANCOUVER,NORTH VANCOUVER,Y,N,N,LOWER MAINLAND,FAIRWAY DR # 000500 TO 000699,FAIRWAY DR,FAIRWAY DR,09:00-11:59,1,0
N,PROPERTY DAMAGE ONLY,\N,N,2021,SATURDAY,UNDETERMINED,N,N,49.318209,-123.021444,Y,DECEMBER,N,NORTH VANCOUVER,NORTH VANCOUVER,NORTH VANCOUVER,Y,Y,N,LOWER MAINLAND,PURCELL WAY # 002000 TO 002088 even,PURCELL WAY,PURCELL WAY,09:00-11:59,1,0
N,PROPERTY DAMAGE ONLY,\N,N,2021,SATURDAY,UNDETERMINED,N,N,49.323777,-122.96186,Y,DECEMBER,N,NORTH VANCOUVER,NORTH VANCOUVER,NORTH VANCOUVER,Y,N,N,LOWER MAINLAND,INDIAN RIVER CRES # 001902 TO 001944,INDIAN RIVER CRES,INDIAN RIVER CRES,09:00-11:59,1,0
N,PROPERTY DAMAGE ONLY,\N,N,2021,SATURDAY,UNDETERMINED,N,N,49.325809,-123.139912,Y,DECEMBER,N,WEST VANCOUVER,WEST VANCOUVER,WEST VANCOUVER,Y,Y,N,LOWER MAINLAND,PARK ROYAL SOUTH # 001131 TO 003000,PARK ROYAL SOUTH,PARK ROYAL SOUTH,09:00-11:59,1,0
N,PROPERTY DAMAGE ONLY,\N,N,2021,SATURDAY,UNDETERMINED,N,N,49.346817,-123.076482,Y,DECEMBER,N,NORTH VANCOUVER,NORTH VANCOUVER,NORTH VANCOUVER,Y,N,N,LOWER MAINLAND,NORWOOD AVE # 004050 TO 004219,NORWOOD AVE,NORWOOD AVE,09:00-11:59,1,0
N,PROPERTY DAMAGE ONLY,\N,N,2021,SATURDAY,UNDETERMINED,N,N,49.349635,-123.142134,Y,DECEMBER,N,WEST VANCOUVER,WEST VANCOUVER,WEST VANCOUVER,Y,N,N,LOWER MAINLAND,KING GEORGES WAY # 000830 TO 001059,KING GEORGES WAY,KING GEORGES WAY,09:00-11:59,1,0
N,PROPERTY DAMAGE ONLY,\N,N,2021,SATURDAY,UNDETERMINED,N,N,49.692981,-124.949968,Y,DECEMBER,N,COURTENAY,COURTENAY,COURTENAY,Y,N,N,VANCOUVER ISLAND,CARSTAIRS DR # 002540 TO 002699,CARSTAIRS DR,CARSTAIRS DR,09:00-11:59,1,0
N,PROPERTY DAMAGE ONLY,\N,N,2021,SATURDAY,UNDETERMINED,N,N,49.699829,-124.985503,Y,DECEMBER,N,COURTENAY,COURTENAY,COURTENAY,N,Y,N,VANCOUVER ISLAND,RYAN RD # 001001 TO 001199 odd,RYAN RD,RYAN RD,09:00-11:59,1,0
N,PROPERTY DAMAGE ONLY,\N,N,2021,SATURDAY,UNDETERMINED,N,N,49.839231,-119.092606,Y,DECEMBER,N,KELOWNA,KELOWNA,KELOWNA,N,N,N,SOUTHERN INTERIOR,HWY 33 # 013503 TO 014001,HWY 33,HWY 33,09:00-11:59,1,0
N,PROPERTY DAMAGE ONLY,\N,N,2021,SATURDAY,UNDETERMINED,N,N,49.846472,-124.516045,Y,DECEMBER,N,POWELL RIVER,POWELL RIVER,POWELL RIVER,Y,Y,N,VANCOUVER ISLAND,ALBERNI ST # 007100 TO 007119,ALBERNI ST,ALBERNI ST,09:00-11:59,1,0
N,PROPERTY DAMAGE ONLY,\N,N,2021,SATURDAY,UNDETERMINED,N,N,49.867207,-119.409184,Y,DECEMBER,N,KELOWNA,KELOWNA,KELOWNA,Y,Y,N,SOUTHERN INTERIOR,EAST KELOWNA RD # 003200 TO 003435,EAST KELOWNA RD,EAST KELOWNA RD,09:00-11:59,1,0
N,PROPERTY DAMAGE ONLY,\N,N,2021,SATURDAY,UNDETERMINED,N,N,49.880795,-119.536579,Y,DECEMBER,N,WEST KELOWNA,WEST KELOWNA,WEST KELOWNA,Y,Y,N,SOUTHERN INTERIOR,HWY 97 # 000517 TO 000561 odd,HWY 97,HWY 97,09:00-11:59,1,0
N,PROPERTY DAMAGE ONLY,\N,N,2021,SATURDAY,UNDETERMINED,N,N,49.88536,-119.498017,Y,DECEMBER,N,KELOWNA,KELOWNA,KELOWNA,Y,Y,N,SOUTHERN INTERIOR,LAWRENCE AVE # 000200 TO 000299,LAWRENCE AVE,LAWRENCE AVE,09:00-11:59,1,0
N,PROPERTY DAMAGE ONLY,\N,N,2021,SATURDAY,UNDETERMINED,N,N,49.990252,-125.235886,Y,DECEMBER,N,CAMPBELL RIVER,CAMPBELL RIVER,CAMPBELL RIVER,Y,N,N,VANCOUVER ISLAND,KALMAR RD # 000851 TO 000999,KALMAR RD,KALMAR RD,09:00-11:59,1,0
N,PROPERTY DAMAGE ONLY,\N,N,2021,SATURDAY,UNDETERMINED,N,N,50.020417,-119.404207,Y,DECEMBER,N,LAKE COUNTRY,LAKE COUNTRY,LAKE COUNTRY,N,Y,N,SOUTHERN INTERIOR,MAIN ST # 009500 TO 009529,MAIN ST,MAIN ST,09:00-11:59,1,0
N,PROPERTY DAMAGE ONLY,\N,N,2021,SATURDAY,UNDETERMINED,N,N,50.14859,-122.962984,Y,DECEMBER,N,WHISTLER,WHISTLER,WHISTLER,Y,Y,N,LOWER MAINLAND,MCKEEVERS PL # 008103 TO 008121,MCKEEVERS PL,MCKEEVERS PL,09:00-11:59,1,0
N,PROPERTY DAMAGE ONLY,\N,N,2021,SATURDAY,UNDETERMINED,N,N,50.277186,-119.274406,Y,DECEMBER,N,VERNON,VERNON,VERNON,Y,Y,N,SOUTHERN INTERIOR,32 ST # 004400 TO 004408 even,32 ST,32 ST,09:00-11:59,1,0
N,PROPERTY DAMAGE ONLY,\N,N,2021,SATURDAY,UNDETERMINED,N,N,50.654473,-120.286428,Y,DECEMBER,N,KAMLOOPS,KAMLOOPS,KAMLOOPS,N,N,N,SOUTHERN INTERIOR,HIGH RICARDO WAY # 001700 TO 001799,HIGH RICARDO WAY,HIGH RICARDO WAY,09:00-11:59,1,0
N,PROPERTY DAMAGE ONLY,\N,N,2021,SATURDAY,UNDETERMINED,N,N,50.655102,-120.37423,Y,DECEMBER,N,KAMLOOPS,KAMLOOPS,KAMLOOPS,N,N,N,SOUTHERN INTERIOR,HILLSIDE DR # 001276 TO 001348 even,HILLSIDE DR,HILLSIDE DR,09:00-11:59,1,0
N,PROPERTY DAMAGE ONLY,\N,N,2021,SATURDAY,UNDETERMINED,N,N,52.124443,-122.137631,Y,DECEMBER,N,WILLIAMS LAKE,WILLIAMS LAKE,WILLIAMS LAKE,Y,N,N,NORTH CENTRAL,PINCHBECK ST # 000440 TO 000699,PINCHBECK ST,PINCHBECK ST,09:00-11:59,1,0
N,PROPERTY DAMAGE ONLY,\N,N,2021,SATURDAY,UNDETERMINED,N,N,54.300347,-130.333099,Y,DECEMBER,N,PRINCE RUPERT,PRINCE RUPERT,PRINCE RUPERT,Y,Y,N,NORTH CENTRAL,OMINECA AVE # 001500 TO 001629,OMINECA AVE,OMINECA AVE,09:00-11:59,1,0
N,PROPERTY DAMAGE ONLY,\N,N,2021,SATURDAY,UNDETERMINED,N,N,54.394308,-126.66009,Y,DECEMBER,N,HOUSTON,HOUSTON,HOUSTON,N,N,N,NORTH CENTRAL,PEARSON RD # 002890 TO 003099,PEARSON RD,PEARSON RD,09:00-11:59,1,0
N,PROPERTY DAMAGE ONLY,\N,N,2021,SATURDAY,UNDETERMINED,Y,N,49.232887,-123.088966,Y,DECEMBER,N,VANCOUVER,VANCOUVER,VANCOUVER,Y,N,N,LOWER MAINLAND,E 41ST AVE # 000751 TO 000791 odd,E 41ST AVE,E 41ST AVE,09:00-11:59,1,0
N,PROPERTY DAMAGE ONLY,106B AVE,N,2021,SATURDAY,SINGLE VEHICLE,N,Y,49.196056,-122.553947,N,DECEMBER,N,MAPLE RIDGE,MAPLE RIDGE,MAPLE RIDGE,N,N,N,LOWER MAINLAND,106B AVE & MCCLURE DR,MCCLURE DR,MCCLURE DR,09:00-11:59,1,0
N,PROPERTY DAMAGE ONLY,108 AVE,N,2021,SATURDAY,REAR END,N,Y,49.198752,-122.800842,N,DECEMBER,N,SURREY,SURREY,SURREY,N,N,N,LOWER MAINLAND,108 AVE & 152 ST,152 ST,152 ST,09:00-11:59,1,0
N,PROPERTY DAMAGE ONLY,110 AVE,N,2021,SATURDAY,SIDE IMPACT,N,Y,49.202714,-122.86835,N,DECEMBER,N,SURREY,SURREY,SURREY,N,N,N,LOWER MAINLAND,110 AVE & 128 ST,128 ST,128 ST,09:00-11:59,1,0
N,PROPERTY DAMAGE ONLY,128 ST,N,2021,SATURDAY,SINGLE VEHICLE,N,Y,49.206298,-122.867395,N,DECEMBER,N,SURREY,SURREY,SURREY,N,N,N,LOWER MAINLAND,112A AVE & 128 ST & BRIDGEVIEW DR & KING GEORGE BLVD & TURNING LANE,KING GEORGE BLVD,KING GEORGE BLVD,09:00-11:59,1,0
N,PROPERTY DAMAGE ONLY,128A ST,N,2021,SATURDAY,SINGLE VEHICLE,N,Y,49.206208,-122.866272,N,DECEMBER,N,SURREY,SURREY,SURREY,N,N,N,LOWER MAINLAND,112 AVE & 128A ST,112 AVE,112 AVE,09:00-11:59,1,0
N,PROPERTY DAMAGE ONLY,136 ST,N,2021,SATURDAY,SINGLE VEHICLE,N,Y,49.027159,-122.845438,N,DECEMBER,N,SURREY,SURREY,SURREY & WHITE ROCK,N,N,N,LOWER MAINLAND,136 ST & MARINE DR,MARINE DR,MARINE DR,09:00-11:59,1,0
N,PROPERTY DAMAGE ONLY,140 ST,N,2021,SATURDAY,CONFLICTED,N,Y,49.137273,-122.834495,N,DECEMBER,N,SURREY,SURREY,SURREY,N,N,N,LOWER MAINLAND,140 ST & 74 AVE,74 AVE,74 AVE,09:00-11:59,1,0
N,PROPERTY DAMAGE ONLY,144 ST,N,2021,SATURDAY,SIDE SWIPE - SAME DIRECTION,N,Y,49.184094,-122.823089,N,DECEMBER,N,SURREY,SURREY,SURREY,N,N,N,LOWER MAINLAND,100 AVE & 144 ST,100 AVE,100 AVE,09:00-11:59,1,0
N,PROPERTY DAMAGE ONLY,145B ST,N,2021,SATURDAY,UNDETERMINED,N,Y,49.125625,-122.818588,N,DECEMBER,N,SURREY,SURREY,SURREY,Y,N,N,LOWER MAINLAND,145B ST & 67B AVE,67B AVE,67B AVE,09:00-11:59,1,0
N,PROPERTY DAMAGE ONLY,146 ST,N,2021,SATURDAY,REAR END,N,Y,49.198772,-122.817446,N,DECEMBER,N,SURREY,SURREY,SURREY,N,N,N,LOWER MAINLAND,108 AVE & 146 ST,108 AVE,108 AVE,09:00-11:59,1,0
N,PROPERTY DAMAGE ONLY,149 ST,N,2021,SATURDAY,SIDE IMPACT,N,Y,49.049554,-122.80965,N,DECEMBER,N,SURREY,SURREY,SURREY,Y,N,N,LOWER MAINLAND,149 ST & 26 AVE,26 AVE,26 AVE,09:00-11:59,1,0
N,PROPERTY DAMAGE ONLY,149 ST,N,2021,SATURDAY,SIDE IMPACT,N,Y,49.191487,-122.809229,N,DECEMBER,N,SURREY,SURREY,SURREY,Y,N,N,LOWER MAINLAND,104 AVE & 149 ST,104 AVE,104 AVE,09:00-11:59,1,0
N,PROPERTY DAMAGE ONLY,152 ST,N,2021,SATURDAY,REAR END,N,Y,49.166096,-122.801369,N,DECEMBER,N,SURREY,SURREY,SURREY,N,N,N,LOWER MAINLAND,152 ST & FRASER HWY & TURNING LANE,FRASER HWY,FRASER HWY,09:00-11:59,1,0
N,PROPERTY DAMAGE ONLY,152 ST OFFRAMP,N,2021,SATURDAY,UNDETERMINED,Y,Y,49.20134,-122.797928,N,DECEMBER,N,SURREY,SURREY,SURREY,N,N,N,LOWER MAINLAND,152 ST OFFRAMP & 152 ST ONRAMP & TRANS-CANADA HWY,HWY 1,HWY 1,09:00-11:59,1,0
N,PROPERTY DAMAGE ONLY,162 ST,N,2021,SATURDAY,CONFLICTED,N,N,\N,\N,N,DECEMBER,N,SURREY,SURREY,\N,N,N,N,LOWER MAINLAND,UNKNOWN,85 ST,85 ST,09:00-11:59,1,0
N,PROPERTY DAMAGE ONLY,177B ST,N,2021,SATURDAY,SINGLE VEHICLE,N,Y,49.111467,-122.730296,N,DECEMBER,N,SURREY,SURREY,SURREY,N,N,N,LOWER MAINLAND,177B ST & 60 AVE,60 AVE,60 AVE,09:00-11:59,1,0
N,PROPERTY DAMAGE ONLY,17A AVE,N,2021,SATURDAY,SIDE SWIPE - SAME DIRECTION,N,Y,49.033849,-122.801212,N,DECEMBER,N,SURREY,SURREY,SURREY,N,N,N,LOWER MAINLAND,152 ST & 17A AVE,152 ST,152 ST,09:00-11:59,1,0
N,PROPERTY DAMAGE ONLY,192 ST,N,2021,SATURDAY,REAR END,N,Y,49.173395,-122.690557,N,DECEMBER,N,SURREY,SURREY,SURREY,N,N,N,LOWER MAINLAND,192 ST & 94 AVE,94 AVE,94 AVE,09:00-11:59,1,0
N,PROPERTY DAMAGE ONLY,1ST AVE,N,2021,SATURDAY,REAR END,N,Y,54.228481,-125.762394,N,DECEMBER,N,BURNS LAKE,BURNS LAKE,BURNS LAKE,N,N,N,NORTH CENTRAL,1ST AVE & HWY 16 W,HWY 16,HWY 16,09:00-11:59,1,0
N,PROPERTY DAMAGE ONLY,1ST AVE,N,2021,SATURDAY,UNDETERMINED,N,Y,50.674495,-120.338971,N,DECEMBER,N,KAMLOOPS,KAMLOOPS,KAMLOOPS,Y,Y,N,SOUTHERN INTERIOR,1ST AVE & ST PAUL ST & ST PAUL ST W,ST PAUL ST,ST PAUL ST,09:00-11:59,1,0
N,PROPERTY DAMAGE ONLY,20 AVE SE,N,2021,SATURDAY,SIDE SWIPE - SAME DIRECTION,N,Y,50.685299,-119.204598,N,DECEMBER,N,SALMON ARM,SALMON ARM,SALMON ARM,N,N,N,SOUTHERN INTERIOR,20 AVE SE & 70 ST SE,70 ST SE,70 ST SE,09:00-11:59,1,0
N,PROPERTY DAMAGE ONLY,200 ST,N,2021,SATURDAY,SINGLE VEHICLE,N,Y,49.271441,-122.666785,N,DECEMBER,N,PITT MEADOWS,PITT MEADOWS,PITT MEADOWS,N,N,N,LOWER MAINLAND,200 ST & MCNEIL RD,MCNEIL RD,MCNEIL RD,09:00-11:59,1,0
N,PROPERTY DAMAGE ONLY,202 ST,N,2021,SATURDAY,SINGLE VEHICLE,N,Y,49.162834,-122.659762,N,DECEMBER,N,LANGLEY,LANGLEY,LANGLEY,N,N,N,LOWER MAINLAND,202 ST & 88 AVE,88 AVE,88 AVE,09:00-11:59,1,0
N,PROPERTY DAMAGE ONLY,221A ST,N,2021,SATURDAY,SIDE SWIPE - SAME DIRECTION,N,Y,49.092986,-122.610138,N,DECEMBER,N,LANGLEY,LANGLEY,LANGLEY,Y,N,N,LOWER MAINLAND,221A ST & 50 AVE,50 AVE,50 AVE,09:00-11:59,1,0
N,PROPERTY DAMAGE ONLY,228 ST,N,2021,SATURDAY,CONFLICTED,N,Y,49.215886,-122.590316,N,DECEMBER,N,MAPLE RIDGE,MAPLE RIDGE,MAPLE RIDGE,Y,Y,N,LOWER MAINLAND,228 ST & LOUGHEED HWY & RITCHIE AVE & TURNING LANE,LOUGHEED HWY,LOUGHEED HWY,09:00-11:59,1,0
N,PROPERTY DAMAGE ONLY,24 AVE,N,2021,SATURDAY,REAR END,N,Y,49.045632,-122.801205,N,DECEMBER,N,SURREY,SURREY,SURREY,N,N,N,LOWER MAINLAND,152 ST & 24 AVE,152 ST,152 ST,09:00-11:59,1,0
N,PROPERTY DAMAGE ONLY,240 ST,N,2021,SATURDAY,REAR END,N,Y,49.074356,-122.559182,N,DECEMBER,N,LANGLEY,LANGLEY,LANGLEY,N,N,N,LOWER MAINLAND,240 ST & 40 AVE & FRASER HWY & TURNING LANE,40 AVE,40 AVE,09:00-11:59,1,0
N,PROPERTY DAMAGE ONLY,45A AVE,N,2021,SATURDAY,CONFLICTED,N,Y,49.084812,-122.611584,N,DECEMBER,N,LANGLEY,LANGLEY,LANGLEY,Y,N,N,LOWER MAINLAND,221A ST & 45A AVE,221A ST,221A ST,09:00-11:59,1,0
N,PROPERTY DAMAGE ONLY,49 AVE,N,2021,SATURDAY,SINGLE VEHICLE,N,Y,49.091331,-122.611569,N,DECEMBER,N,LANGLEY,LANGLEY,LANGLEY,N,N,N,LOWER MAINLAND,221 ST & 49 AVE,221 ST,221 ST,09:00-11:59,1,0
N,PROPERTY DAMAGE ONLY,58 AVE,N,2021,SATURDAY,CONFLICTED,N,Y,50.28842,-119.262735,N,DECEMBER,N,VERNON,VERNON,VERNON,N,N,N,SOUTHERN INTERIOR,24 ST & 58 AVE,24 ST,24 ST,09:00-11:59,1,0
N,PROPERTY DAMAGE ONLY,59 AVE,N,2021,SATURDAY,HEAD ON,N,Y,49.109785,-122.768415,N,DECEMBER,N,SURREY,SURREY,SURREY,Y,N,N,LOWER MAINLAND,163B ST & 59 AVE,163B ST,163B ST,09:00-11:59,1,0
N,PROPERTY DAMAGE ONLY,5TH ST,N,2021,SATURDAY,UNDETERMINED,N,Y,49.505584999999996,-115.067674,N,DECEMBER,N,FERNIE,FERNIE,FERNIE,N,N,N,SOUTHERN INTERIOR,5TH ST & 7TH AVE & HWY 3,HWY 3,HWY 3,09:00-11:59,1,0
N,PROPERTY DAMAGE ONLY,68 AVE,N,2021,SATURDAY,SIDE IMPACT,N,Y,49.126204,-122.823309,N,DECEMBER,N,SURREY,SURREY,SURREY,N,N,N,LOWER MAINLAND,144 ST & 68 AVE,144 ST,144 ST,09:00-11:59,1,0
N,PROPERTY DAMAGE ONLY,68 AVE,N,2021,SATURDAY,UNDETERMINED,N,Y,49.126198,-122.664671,N,DECEMBER,N,LANGLEY,LANGLEY,LANGLEY,Y,N,N,LOWER MAINLAND,201 ST & 68 AVE,201 ST,201 ST,09:00-11:59,1,0
N,PROPERTY DAMAGE ONLY,6TH AVE,N,2021,SATURDAY,SINGLE VEHICLE,N,Y,49.78672,-119.72818,N,DECEMBER,N,PEACHLAND,PEACHLAND,PEACHLAND,N,N,N,SOUTHERN INTERIOR,6TH AVE & PONDEROSA DR,PONDEROSA DR,PONDEROSA DR,09:00-11:59,1,0
N,PROPERTY DAMAGE ONLY,72 AVE,N,2021,SATURDAY,SIDE IMPACT,N,Y,49.133224,-122.536781,N,DECEMBER,N,LANGLEY,LANGLEY,LANGLEY,N,N,N,LOWER MAINLAND,248 ST & 72 AVE & TELEGRAPH TRAIL,248 ST,248 ST,09:00-11:59,1,0
N,PROPERTY DAMAGE ONLY,73 AVE,N,2021,SATURDAY,HEAD ON,N,Y,49.135384,-122.832952,N,DECEMBER,N,SURREY,SURREY,SURREY,Y,N,N,LOWER MAINLAND,140A ST & 73 AVE & TODD CRES,TODD CRES,TODD CRES,09:00-11:59,1,0
N,PROPERTY DAMAGE ONLY,73 AVE,N,2021,SATURDAY,SINGLE VEHICLE,N,Y,49.135488,-122.683766,N,DECEMBER,N,SURREY,SURREY,SURREY,N,N,N,LOWER MAINLAND,194A ST & 73 AVE,194A ST,194A ST,09:00-11:59,1,0
N,PROPERTY DAMAGE ONLY,80 AVE,N,2021,SATURDAY,SIDE IMPACT,N,Y,49.147902,-122.712389,N,DECEMBER,N,SURREY,SURREY,SURREY,N,N,N,LOWER MAINLAND,184 ST & 80 AVE,184 ST,184 ST,09:00-11:59,1,0
N,PROPERTY DAMAGE ONLY,80 AVE,N,2021,SATURDAY,UNDETERMINED,N,Y,49.147902,-122.712389,N,DECEMBER,N,SURREY,SURREY,SURREY,N,N,N,LOWER MAINLAND,184 ST & 80 AVE,184 ST,184 ST,09:00-11:59,1,0
N,PROPERTY DAMAGE ONLY,84 AVE,N,2021,SATURDAY,REAR END,N,Y,49.155231,-122.773476,N,DECEMBER,N,SURREY,SURREY,SURREY,N,N,N,LOWER MAINLAND,162 ST & 84 AVE & FRASER HWY & TURNING LANE,FRASER HWY,FRASER HWY,09:00-11:59,1,0
N,PROPERTY DAMAGE ONLY,86A AVE,N,2021,SATURDAY,SINGLE VEHICLE,N,Y,49.159925,-122.639422,N,DECEMBER,N,LANGLEY,LANGLEY,LANGLEY,N,N,N,LOWER MAINLAND,86A AVE & WALNUT GROVE DR,WALNUT GROVE DR,WALNUT GROVE DR,09:00-11:59,1,0
N,PROPERTY DAMAGE ONLY,88 AVE,N,2021,SATURDAY,SINGLE VEHICLE,N,Y,49.162789,-122.834662,N,DECEMBER,N,SURREY,SURREY,SURREY,N,N,N,LOWER MAINLAND,140 ST & 88 AVE,140 ST,140 ST,09:00-11:59,1,0
N,PROPERTY DAMAGE ONLY,88 AVE,N,2021,SATURDAY,SINGLE VEHICLE,N,Y,49.164209,-122.668857,N,DECEMBER,N,LANGLEY,LANGLEY,LANGLEY,N,N,N,LOWER MAINLAND,200 ST & 200 ST OFFRAMP & 88 AVE & 88 AVE ONRAMP & HWY 1 ONRAMP & TRANS-CANADA HWY,200 ST,200 ST,09:00-11:59,1,0
N,PROPERTY DAMAGE ONLY,8TH AVE,N,2021,SATURDAY,SINGLE VEHICLE,N,N,\N,\N,N,DECEMBER,N,SALMON ARM,SALMON ARM,\N,N,N,N,SOUTHERN INTERIOR,UNKNOWN,32 ST SE,32 ST SE,09:00-11:59,1,0
N,PROPERTY DAMAGE ONLY,96 AVE,N,2021,SATURDAY,REAR END,N,Y,49.168366,-122.58016,N,DECEMBER,N,LANGLEY,LANGLEY,LANGLEY,N,N,N,LOWER MAINLAND,96 AVE & GLOVER RD & TURNING LANE,GLOVER RD,GLOVER RD,09:00-11:59,1,0
N,PROPERTY DAMAGE ONLY,96 AVE,N,2021,SATURDAY,SINGLE VEHICLE,N,N,\N,\N,N,DECEMBER,N,LANGLEY,LANGLEY,\N,N,N,N,LOWER MAINLAND,UNKNOWN,192 ST,192 ST,09:00-11:59,1,0
N,PROPERTY DAMAGE ONLY,96 AVE,N,2021,SATURDAY,SINGLE VEHICLE,N,Y,49.173869,-122.592334,N,DECEMBER,N,LANGLEY,LANGLEY,LANGLEY,N,N,N,LOWER MAINLAND,96 AVE & BILLY BROWN RD & TURNING LANE,BILLY BROWN RD,BILLY BROWN RD,09:00-11:59,1,0
N,PROPERTY DAMAGE ONLY,AIRPORT WAY,N,2021,SATURDAY,SIDE IMPACT,N,Y,49.952028,-119.386407,N,DECEMBER,N,KELOWNA,KELOWNA,KELOWNA,N,N,N,SOUTHERN INTERIOR,AIRPORT WAY & HWY 97 N & TURNING LANE,HWY 97 N,HWY 97 N,09:00-11:59,1,0
N,PROPERTY DAMAGE ONLY,ALPINE PL,N,2021,SATURDAY,UNDETERMINED,N,N,\N,\N,N,DECEMBER,N,COQUITLAM,COQUITLAM,\N,Y,N,N,LOWER MAINLAND,UNKNOWN,NOONS CREEK DR,NOONS CREEK DR,09:00-11:59,1,0
N,PROPERTY DAMAGE ONLY,ARBUTUS GREENWAY,N,2021,SATURDAY,UNDETERMINED,N,Y,49.234575,-123.155268,N,DECEMBER,N,VANCOUVER,VANCOUVER,VANCOUVER,N,N,N,LOWER MAINLAND,ARBUTUS GREENWAY & EAST BOULEVARD & W 41ST AVE & WEST BOULEVARD,W 41ST AVE,W 41ST AVE,09:00-11:59,1,0
N,PROPERTY DAMAGE ONLY,ASHLEY ROAD,N,2021,SATURDAY,SINGLE VEHICLE,N,N,\N,\N,N,DECEMBER,N,KNUTSFORD,KNUTSFORD,\N,N,N,N,SOUTHERN INTERIOR,UNKNOWN,WEIR ROAD,WEIR ROAD,09:00-11:59,1,0
N,PROPERTY DAMAGE ONLY,BAKER PL,N,2021,SATURDAY,SIDE IMPACT,N,Y,49.19455,-122.550759,N,DECEMBER,N,MAPLE RIDGE,MAPLE RIDGE,MAPLE RIDGE,Y,N,N,LOWER MAINLAND,BAKER PL & MCCLURE DR,MCCLURE DR,MCCLURE DR,09:00-11:59,1,0
N,PROPERTY DAMAGE ONLY,BAKER ST,N,2021,SATURDAY,SIDE SWIPE - OPPOSITE DIRECTION,N,Y,49.51215,-115.768959,N,DECEMBER,N,CRANBROOK,CRANBROOK,CRANBROOK,N,N,N,SOUTHERN INTERIOR,9TH AVE S & BAKER ST,9TH AVE S,9TH AVE S,09:00-11:59,1,0
N,PROPERTY DAMAGE ONLY,BAY ST,N,2021,SATURDAY,REAR END,N,Y,48.435581,-123.362734,N,DECEMBER,N,VICTORIA,VICTORIA,VICTORIA,N,N,N,VANCOUVER ISLAND,BAY ST & BLANSHARD ST & TURNING LANE,HWY 17,HWY 17,09:00-11:59,1,0
N,PROPERTY DAMAGE ONLY,BEAU RIDGE DR,N,2021,SATURDAY,SINGLE VEHICLE,N,N,\N,\N,N,DECEMBER,N,SOOKE,SOOKE,\N,N,N,N,VANCOUVER ISLAND,UNKNOWN,OTTER RIDGE 5,OTTER RIDGE 5,09:00-11:59,1,0
N,PROPERTY DAMAGE ONLY,BETA AVE,N,2021,SATURDAY,SINGLE VEHICLE,N,Y,49.264473,-122.997622,N,DECEMBER,N,BURNABY,BURNABY,BURNABY,N,N,N,LOWER MAINLAND,BETA AVE & DAWSON ST,DAWSON ST,DAWSON ST,09:00-11:59,1,0
N,PROPERTY DAMAGE ONLY,BLUNDELL RD,N,2021,SATURDAY,REAR END,N,Y,49.155579,-123.15893,N,DECEMBER,N,RICHMOND,RICHMOND,RICHMOND,N,N,N,LOWER MAINLAND,BLUNDELL RD & NO 2 RD,NO 2 RD,NO 2 RD,09:00-11:59,1,0
N,PROPERTY DAMAGE ONLY,BOUNDARY RD,N,2021,SATURDAY,UNDETERMINED,N,Y,49.254725,-123.023504,N,DECEMBER,N,BURNABY,BURNABY,BURNABY & VANCOUVER,Y,Y,N,LOWER MAINLAND,BOUNDARY RD & CANADA WAY,CANADA WAY,CANADA WAY,09:00-11:59,1,0
N,PROPERTY DAMAGE ONLY,BOYD ST,N,2021,SATURDAY,REAR END,Y,Y,49.190086,-122.948533,N,DECEMBER,N,NEW WESTMINSTER,NEW WESTMINSTER,NEW WESTMINSTER,N,N,N,LOWER MAINLAND,BOYD ST & HOWES ST & TURNING LANE,HOWES ST,HOWES ST,09:00-11:59,1,0
N,PROPERTY DAMAGE ONLY,BRIDGEVIEW DR,N,2021,SATURDAY,SINGLE VEHICLE,N,Y,49.213211,-122.861854,N,DECEMBER,N,SURREY,SURREY,SURREY,N,N,N,LOWER MAINLAND,130 ST & BRIDGEVIEW DR & BRIDGEVIEW DR OFFRAMP & BRIDGEVIEW DR ONRAMP & HWY 17,HWY 17,HWY 17,09:00-11:59,1,0
N,PROPERTY DAMAGE ONLY,BRIGANTINE DR,N,2021,SATURDAY,SIDE SWIPE - SAME DIRECTION,N,Y,49.228948,-122.848549,N,DECEMBER,N,COQUITLAM,COQUITLAM,COQUITLAM,N,N,N,LOWER MAINLAND,BRIGANTINE DR & UNITED BLVD,UNITED BLVD,UNITED BLVD,09:00-11:59,1,0
N,PROPERTY DAMAGE ONLY,BROUGHTON ST,N,2021,SATURDAY,SIDE SWIPE - SAME DIRECTION,N,Y,49.289005,-123.128224,N,DECEMBER,N,VANCOUVER,VANCOUVER,VANCOUVER,N,N,N,LOWER MAINLAND,BROUGHTON ST & W GEORGIA ST,W GEORGIA ST,W GEORGIA ST,09:00-11:59,1,0
N,PROPERTY DAMAGE ONLY,BRUNETTE AVE,N,2021,SATURDAY,REAR END,N,Y,49.240436,-122.854832,N,DECEMBER,N,COQUITLAM,COQUITLAM,COQUITLAM,Y,N,N,LOWER MAINLAND,BRUNETTE AVE & CASEY ST,CASEY ST,CASEY ST,09:00-11:59,1,0
N,PROPERTY DAMAGE ONLY,BURTCH RD,N,2021,SATURDAY,REAR END,N,Y,49.88192,-119.465773,N,DECEMBER,N,KELOWNA,KELOWNA,KELOWNA,N,N,N,SOUTHERN INTERIOR,BURTCH RD & HARVEY AVE & TURNING LANE,HARVEY AVE,HARVEY AVE,09:00-11:59,1,0
N,PROPERTY DAMAGE ONLY,BUTE ST,N,2021,SATURDAY,UNDETERMINED,N,Y,49.288794,-123.12276,N,DECEMBER,N,VANCOUVER,VANCOUVER,VANCOUVER,N,N,N,LOWER MAINLAND,BUTE ST & W HASTINGS ST,W HASTINGS ST,W HASTINGS ST,09:00-11:59,1,0
N,PROPERTY DAMAGE ONLY,CAMBIE ST,N,2021,SATURDAY,CONFLICTED,N,Y,49.263205,-123.114853,N,DECEMBER,N,VANCOUVER,VANCOUVER,VANCOUVER,N,N,N,LOWER MAINLAND,CAMBIE ST & W BROADWAY,W BROADWAY,W BROADWAY,09:00-11:59,1,0
N,PROPERTY DAMAGE ONLY,CARSON DR STRATA RD,N,2021,SATURDAY,SIDE IMPACT,N,Y,52.134909,-122.139114,N,DECEMBER,N,WILLIAMS LAKE,WILLIAMS LAKE,WILLIAMS LAKE,N,N,N,NORTH CENTRAL,CARSON DR,CARSON DR,CARSON DR,09:00-11:59,1,0
N,PROPERTY DAMAGE ONLY,CENTRAL ST W,N,2021,SATURDAY,SIDE SWIPE - SAME DIRECTION,N,Y,53.916383,-122.781886,N,DECEMBER,N,PRINCE GEORGE,PRINCE GEORGE,PRINCE GEORGE,N,N,N,NORTH CENTRAL,CENTRAL ST W & HWY 97 S & TURNING LANE,HWY 97,HWY 97,09:00-11:59,1,0
N,PROPERTY DAMAGE ONLY,CHERRY ST,N,2021,SATURDAY,SIDE IMPACT,N,Y,49.492041,-117.283088,N,DECEMBER,N,NELSON,NELSON,NELSON,Y,N,N,SOUTHERN INTERIOR,CHERRY ST & MILL ST,MILL ST,MILL ST,09:00-11:59,1,0
N,PROPERTY DAMAGE ONLY,CLARENCE TAYLOR CRES,N,2021,SATURDAY,UNDETERMINED,N,Y,49.084689,-123.059667,N,DECEMBER,N,DELTA,DELTA,DELTA,Y,N,N,LOWER MAINLAND,CLARENCE TAYLOR CRES & MOUNTAIN VIEW BLVD,MOUNTAIN VIEW BLVD,MOUNTAIN VIEW BLVD,09:00-11:59,1,0
N,PROPERTY DAMAGE ONLY,CLARK DR,N,2021,SATURDAY,UNDETERMINED,N,Y,49.276759,-123.077265,N,DECEMBER,N,VANCOUVER,VANCOUVER,VANCOUVER,N,N,N,LOWER MAINLAND,CLARK DR & VENABLES ST,VENABLES ST,VENABLES ST,09:00-11:59,1,0
N,PROPERTY DAMAGE ONLY,CLARKSON ST,N,2021,SATURDAY,SINGLE VEHICLE,N,Y,49.206154,-122.903681,N,DECEMBER,N,NEW WESTMINSTER,NEW WESTMINSTER,NEW WESTMINSTER,N,N,N,LOWER MAINLAND,CLARKSON ST & MERIVALE ST,MERIVALE ST,MERIVALE ST,09:00-11:59,1,0
N,PROPERTY DAMAGE ONLY,CLEARBROOK RD,N,2021,SATURDAY,SINGLE VEHICLE,N,Y,49.060115,-122.337921,N,DECEMBER,N,ABBOTSFORD,ABBOTSFORD,ABBOTSFORD,N,N,N,LOWER MAINLAND,CLEARBROOK RD & MACLURE RD,MACLURE RD,MACLURE RD,09:00-11:59,1,0
N,PROPERTY DAMAGE ONLY,CLOVERDALE,N,2021,SATURDAY,SIDE SWIPE - SAME DIRECTION,N,N,\N,\N,N,DECEMBER,N,VICTORIA,VICTORIA,\N,N,N,N,VANCOUVER ISLAND,UNKNOWN,DOUGLAS ST,DOUGLAS ST,09:00-11:59,1,0
N,PROPERTY DAMAGE ONLY,COLLEGE DR,N,2021,SATURDAY,SINGLE VEHICLE,N,Y,50.669275999999996,-120.360339,N,DECEMBER,N,KAMLOOPS,KAMLOOPS,KAMLOOPS,N,N,N,SOUTHERN INTERIOR,COLLEGE DR & UNIVERSITY DR,UNIVERSITY DR,UNIVERSITY DR,09:00-11:59,1,0
N,PROPERTY DAMAGE ONLY,COOK ST,N,2021,SATURDAY,SINGLE VEHICLE,N,Y,48.447733,-123.349818,N,DECEMBER,N,VICTORIA,VICTORIA,VICTORIA,N,Y,N,VANCOUVER ISLAND,COOK ST & FINLAYSON ST,FINLAYSON ST,FINLAYSON ST,09:00-11:59,1,0
N,PROPERTY DAMAGE ONLY,CRABBE AVE,N,2021,SATURDAY,UNDETERMINED,Y,Y,49.275268,-122.790487,N,DECEMBER,N,COQUITLAM,COQUITLAM,COQUITLAM & PORT COQUITLAM,N,Y,N,LOWER MAINLAND,CRABBE AVE & KITCHENER AVE & WESTWOOD ST & WOODLAND DR,WESTWOOD ST,WESTWOOD ST,09:00-11:59,1,0
N,PROPERTY DAMAGE ONLY,DALHOUSIE DR,N,2021,SATURDAY,SIDE IMPACT,N,Y,50.663464,-120.363903,N,DECEMBER,N,KAMLOOPS,KAMLOOPS,KAMLOOPS,N,N,N,SOUTHERN INTERIOR,DALHOUSIE DR & NOTRE DAME DR,NOTRE DAME DR,NOTRE DAME DR,09:00-11:59,1,0
N,PROPERTY DAMAGE ONLY,DANSKIN,N,2021,SATURDAY,SINGLE VEHICLE,N,N,\N,\N,N,DECEMBER,N,BURNS LAKE,BURNS LAKE,\N,N,N,N,NORTH CENTRAL,UNKNOWN,KEITH LANDING ROAD,KEITH LANDING ROAD,09:00-11:59,1,0
N,PROPERTY DAMAGE ONLY,DAVIDSON RD,N,2021,SATURDAY,SINGLE VEHICLE,N,Y,50.874411,-119.469932,N,DECEMBER,N,SORRENTO,SORRENTO,SORRENTO,N,N,N,SOUTHERN INTERIOR,DAVIDSON RD & DILWORTH RD,DILWORTH RD,DILWORTH RD,09:00-11:59,1,0
N,PROPERTY DAMAGE ONLY,DAVIE ST,N,2021,SATURDAY,CONFLICTED,N,Y,49.279077,-123.129182,N,DECEMBER,N,VANCOUVER,VANCOUVER,VANCOUVER,N,Y,N,LOWER MAINLAND,BURRARD ST & DAVIE ST,BURRARD ST,BURRARD ST,09:00-11:59,1,0
N,PROPERTY DAMAGE ONLY,DEWDNEY TRUNK RD,N,2021,SATURDAY,REAR END,N,Y,49.221211,-122.664242,N,DECEMBER,N,MAPLE RIDGE,MAPLE RIDGE,MAPLE RIDGE,N,N,N,LOWER MAINLAND,DEWDNEY TRUNK RD & LOUGHEED HWY & MAPLE MEADOWS WAY & WEST ST & TURNING LANE,HWY 7,HWY 7,09:00-11:59,1,0
N,PROPERTY DAMAGE ONLY,DEWDNEY TRUNK RD,N,2021,SATURDAY,SINGLE VEHICLE,N,Y,49.270921,-122.801559,N,DECEMBER,N,COQUITLAM,COQUITLAM,COQUITLAM,N,N,N,LOWER MAINLAND,DEWDNEY TRUNK RD & NORMAN AVE,NORMAN AVE,NORMAN AVE,09:00-11:59,1,0
N,PROPERTY DAMAGE ONLY,DISCOVERY AVE,N,2021,SATURDAY,SIDE IMPACT,N,Y,59.575086,-133.702681,N,DECEMBER,N,ATLIN,ATLIN,ATLIN,N,N,N,NORTH CENTRAL,3RD ST & DISCOVERY AVE,3RD ST,3RD ST,09:00-11:59,1,0
N,PROPERTY DAMAGE ONLY,DOMANO BLVD,N,2021,SATURDAY,REAR END,N,Y,53.869202,-122.780417,N,DECEMBER,N,PRINCE GEORGE,PRINCE GEORGE,PRINCE GEORGE,N,N,N,NORTH CENTRAL,DOMANO BLVD & HWY 16 W & TYNER BLVD & TURNING LANE,HWY 16,HWY 16,09:00-11:59,1,0
N,PROPERTY DAMAGE ONLY,DOUGLAS CRES,N,2021,SATURDAY,SIDE IMPACT,N,Y,49.103515,-122.656565,N,DECEMBER,N,LANGLEY,LANGLEY,LANGLEY,N,N,N,LOWER MAINLAND,204 ST & DOUGLAS CRES,204 ST,204 ST,09:00-11:59,1,0
N,PROPERTY DAMAGE ONLY,DUBBERT ST,N,2021,SATURDAY,SIDE IMPACT,N,Y,49.181766,-123.122488,N,DECEMBER,N,RICHMOND,RICHMOND,RICHMOND,N,N,N,LOWER MAINLAND,DUBBERT ST & ODLIN RD,ODLIN RD,ODLIN RD,09:00-11:59,1,0
N,PROPERTY DAMAGE ONLY,DUFFERIN CRES,N,2021,SATURDAY,SIDE IMPACT,N,Y,49.183162,-123.9724,N,DECEMBER,N,NANAIMO,NANAIMO,NANAIMO,Y,Y,N,VANCOUVER ISLAND,BOUNDARY AVE & BOUNDARY CRES & DUFFERIN CRES,BOUNDARY AVE,BOUNDARY AVE,09:00-11:59,1,0
N,PROPERTY DAMAGE ONLY,DUNBAR ST,N,2021,SATURDAY,SIDE IMPACT,N,Y,49.234768,-123.185324,N,DECEMBER,N,VANCOUVER,VANCOUVER,VANCOUVER,Y,N,N,LOWER MAINLAND,DUNBAR ST & W 41ST AVE,W 41ST AVE,W 41ST AVE,09:00-11:59,1,0
N,PROPERTY DAMAGE ONLY,E 12TH AVE,N,2021,SATURDAY,SINGLE VEHICLE,N,Y,49.260247,-123.105031,N,DECEMBER,N,VANCOUVER,VANCOUVER,VANCOUVER,N,N,N,LOWER MAINLAND,E 12TH AVE & ONTARIO ST & W 12TH AVE,ONTARIO ST,ONTARIO ST,09:00-11:59,1,0
N,PROPERTY DAMAGE ONLY,E 16TH AVE,N,2021,SATURDAY,CONFLICTED,N,Y,49.255564,-123.033851,N,DECEMBER,N,VANCOUVER,VANCOUVER,VANCOUVER,Y,N,N,LOWER MAINLAND,E 16TH AVE & RUPERT ST,RUPERT ST,RUPERT ST,09:00-11:59,1,0
N,PROPERTY DAMAGE ONLY,E 1ST AVE,N,2021,SATURDAY,REAR END,N,Y,49.269397,-123.023574,N,DECEMBER,N,BURNABY,BURNABY,BURNABY & VANCOUVER,N,N,N,LOWER MAINLAND,1ST AVE & BOUNDARY RD & E 1ST AVE,BOUNDARY RD,BOUNDARY RD,09:00-11:59,1,0
N,PROPERTY DAMAGE ONLY,E 43RD AVE,N,2021,SATURDAY,SIDE IMPACT,N,Y,49.23044,-123.065567,N,DECEMBER,N,VANCOUVER,VANCOUVER,VANCOUVER,N,N,N,LOWER MAINLAND,E 43RD AVE & E 44TH AVE & VICTORIA DR,VICTORIA DR,VICTORIA DR,09:00-11:59,1,0
N,PROPERTY DAMAGE ONLY,E 49TH AVE,N,2021,SATURDAY,SIDE SWIPE - SAME DIRECTION,Y,Y,49.225649,-123.10164,N,DECEMBER,N,VANCOUVER,VANCOUVER,VANCOUVER,N,N,N,LOWER MAINLAND,E 49TH AVE & MAIN ST,MAIN ST,MAIN ST,09:00-11:59,1,0
N,PROPERTY DAMAGE ONLY,E 4TH AVE,N,2021,SATURDAY,UNDETERMINED,N,Y,49.267313,-123.100756,N,DECEMBER,N,VANCOUVER,VANCOUVER,VANCOUVER,N,N,N,LOWER MAINLAND,E 4TH AVE & MAIN ST,MAIN ST,MAIN ST,09:00-11:59,1,0
N,PROPERTY DAMAGE ONLY,E HASTINGS ST,N,2021,SATURDAY,REAR END,N,Y,49.281162,-123.051974,N,DECEMBER,N,VANCOUVER,VANCOUVER,VANCOUVER,Y,N,N,LOWER MAINLAND,E HASTINGS ST & PENTICTON ST,PENTICTON ST,PENTICTON ST,09:00-11:59,1,0
N,PROPERTY DAMAGE ONLY,E HASTINGS ST,N,2021,SATURDAY,SIDE IMPACT,N,Y,49.281173,-123.059764,N,DECEMBER,N,VANCOUVER,VANCOUVER,VANCOUVER,N,N,N,LOWER MAINLAND,E HASTINGS ST & TEMPLETON DR,TEMPLETON DR,TEMPLETON DR,09:00-11:59,1,0
N,PROPERTY DAMAGE ONLY,E PENDER ST,N,2021,SATURDAY,SIDE SWIPE - SAME DIRECTION,N,Y,49.280335,-123.097304,N,DECEMBER,N,VANCOUVER,VANCOUVER,VANCOUVER,Y,Y,N,LOWER MAINLAND,E PENDER ST & GORE AVE,GORE AVE,GORE AVE,09:00-11:59,1,0
N,PROPERTY DAMAGE ONLY,ETCH FRONTAGE,N,2021,SATURDAY,SINGLE VEHICLE,N,N,\N,\N,N,DECEMBER,N,KAMLOOPS,KAMLOOPS,\N,N,N,N,SOUTHERN INTERIOR,UNKNOWN,FLAMINGO RD,FLAMINGO RD,09:00-11:59,1,0
N,PROPERTY DAMAGE ONLY,FAIRWAY ST,N,2021,SATURDAY,SINGLE VEHICLE,N,Y,49.118449,-121.952292,N,DECEMBER,N,CHILLIWACK,CHILLIWACK,CHILLIWACK,N,Y,N,LOWER MAINLAND,FAIRWAY ST & SOUTH SUMAS RD,SOUTH SUMAS RD,SOUTH SUMAS RD,09:00-11:59,1,0
N,PROPERTY DAMAGE ONLY,FAIRWAYS DR,N,2021,SATURDAY,SIDE SWIPE - SAME DIRECTION,N,Y,50.882857,-119.890042,N,DECEMBER,N,SUN PEAKS,SUN PEAKS,SUN PEAKS,Y,Y,N,SOUTHERN INTERIOR,CREEKSIDE WAY & FAIRWAYS DR & SUN PEAKS RD & UNSIGNED,SUN PEAKS RD,SUN PEAKS RD,09:00-11:59,1,0
N,PROPERTY DAMAGE ONLY,FERNIE PL,N,2021,SATURDAY,CONFLICTED,N,Y,50.678355,-120.363188,N,DECEMBER,N,KAMLOOPS,KAMLOOPS,KAMLOOPS,N,N,N,SOUTHERN INTERIOR,FERNIE PL & FERNIE RD,FERNIE RD,FERNIE RD,09:00-11:59,1,0
N,PROPERTY DAMAGE ONLY,FERNIE SKI HILL ROAD,N,2021,SATURDAY,SINGLE VEHICLE,N,N,\N,\N,N,DECEMBER,N,FERNIE,FERNIE,\N,N,N,N,SOUTHERN INTERIOR,UNKNOWN,HIGHLINE DRIVE,HIGHLINE DRIVE,09:00-11:59,1,0
N,PROPERTY DAMAGE ONLY,FINNERTY RD,N,2021,SATURDAY,CONFLICTED,N,Y,48.467008,-123.307635,N,DECEMBER,N,SAANICH,SAANICH,SAANICH,N,Y,N,VANCOUVER ISLAND,FINNERTY RD & MCKENZIE AVE & SINCLAIR RD,SINCLAIR RD,SINCLAIR RD,09:00-11:59,1,0
N,PROPERTY DAMAGE ONLY,FLAMINGO RD,N,2021,SATURDAY,SIDE IMPACT,N,Y,50.679183,-120.260881,N,DECEMBER,N,KAMLOOPS,KAMLOOPS,KAMLOOPS,N,N,N,SOUTHERN INTERIOR,E TRANS-CANADA HWY FRTG & FLAMINGO RD & HIGHLAND RD & TRANS-CANADA HWY E & TURNING LANE,E TRANS-CANADA HWY FRTG,E TRANS-CANADA HWY FRTG,09:00-11:59,1,0
N,PROPERTY DAMAGE ONLY,FORT ST,N,2021,SATURDAY,UNDETERMINED,N,Y,48.424322,-123.362485,N,DECEMBER,N,VICTORIA,VICTORIA,VICTORIA,Y,Y,N,VANCOUVER ISLAND,BLANSHARD ST & FORT ST,BLANSHARD ST,BLANSHARD ST,09:00-11:59,1,0
N,PROPERTY DAMAGE ONLY,FRASER AVE,N,2021,SATURDAY,SINGLE VEHICLE,N,Y,49.175316,-121.931577,N,DECEMBER,N,CHILLIWACK,CHILLIWACK,CHILLIWACK,N,N,N,LOWER MAINLAND,COOTE ST & FRASER AVE,COOTE ST,COOTE ST,09:00-11:59,1,0
N,PROPERTY DAMAGE ONLY,FRASER HWY,N,2021,SATURDAY,SIDE IMPACT,N,Y,49.105522,-122.660161,N,DECEMBER,N,LANGLEY,LANGLEY,LANGLEY,N,N,N,LOWER MAINLAND,203 ST & FRASER HWY,203 ST,203 ST,09:00-11:59,1,0
N,PROPERTY DAMAGE ONLY,FRASER HWY,N,2021,SATURDAY,SINGLE VEHICLE,N,Y,49.09598,-122.624579,N,DECEMBER,N,LANGLEY,LANGLEY,LANGLEY,N,N,N,LOWER MAINLAND,216 ST & FRASER HWY,216 ST,216 ST,09:00-11:59,1,0
N,PROPERTY DAMAGE ONLY,GILMORE AVE,N,2021,SATURDAY,SIDE IMPACT,N,Y,49.269363,-123.014259,N,DECEMBER,N,BURNABY,BURNABY,BURNABY,N,N,N,LOWER MAINLAND,1ST AVE & DOUGLAS RD & GILMORE AVE,1ST AVE,1ST AVE,09:00-11:59,1,0
N,PROPERTY DAMAGE ONLY,GLEN DR,N,2021,SATURDAY,SINGLE VEHICLE,N,Y,49.282714,-122.808669,N,DECEMBER,N,COQUITLAM,COQUITLAM,COQUITLAM,N,N,N,LOWER MAINLAND,GLEN DR & HEATH CRES & LANSDOWNE DR,LANSDOWNE DR,LANSDOWNE DR,09:00-11:59,1,0
N,PROPERTY DAMAGE ONLY,GLENWOOD AVE,N,2021,SATURDAY,SINGLE VEHICLE,N,Y,49.875421,-119.491241,N,DECEMBER,N,KELOWNA,KELOWNA,KELOWNA,Y,Y,N,SOUTHERN INTERIOR,GLENWOOD AVE & PANDOSY ST,PANDOSY ST,PANDOSY ST,09:00-11:59,1,0
N,PROPERTY DAMAGE ONLY,GLENWOOD DR,N,2021,SATURDAY,SIDE IMPACT,Y,Y,50.679185,-120.263684,N,DECEMBER,N,KAMLOOPS,KAMLOOPS,KAMLOOPS,N,N,N,SOUTHERN INTERIOR,E TRANS-CANADA HWY FRTG & FLAMINGO RD & GLENWOOD DR,FLAMINGO RD,FLAMINGO RD,09:00-11:59,1,0
N,PROPERTY DAMAGE ONLY,GLENWOOD DR,N,2021,SATURDAY,SINGLE VEHICLE,N,Y,50.679185,-120.263684,N,DECEMBER,N,KAMLOOPS,KAMLOOPS,KAMLOOPS,N,N,N,SOUTHERN INTERIOR,E TRANS-CANADA HWY FRTG & FLAMINGO RD & GLENWOOD DR,FLAMINGO RD,FLAMINGO RD,09:00-11:59,1,0
N,PROPERTY DAMAGE ONLY,GLOUCESTER ST,N,2021,SATURDAY,SIDE IMPACT,N,Y,49.205618,-122.913359,N,DECEMBER,N,NEW WESTMINSTER,NEW WESTMINSTER,NEW WESTMINSTER,N,N,N,LOWER MAINLAND,GLOUCESTER ST & SEVENTH ST,SEVENTH ST,SEVENTH ST,09:00-11:59,1,0
N,PROPERTY DAMAGE ONLY,GORDON DR,N,2021,SATURDAY,SIDE IMPACT,N,Y,49.883544,-119.476957,N,DECEMBER,N,KELOWNA,KELOWNA,KELOWNA,N,Y,N,SOUTHERN INTERIOR,GORDON DR & HARVEY AVE & TURNING LANE,HARVEY AVE,HARVEY AVE,09:00-11:59,1,0
N,PROPERTY DAMAGE ONLY,GRANDVIEW HWY,N,2021,SATURDAY,SINGLE VEHICLE,N,Y,49.257636,-123.004065,N,DECEMBER,N,BURNABY,BURNABY,BURNABY,N,N,N,LOWER MAINLAND,GRANDVIEW HWY & GRANDVIEW HWY ONRAMP & TRANS-CANADA HWY & TRANS-CANADA HWY ONRAMP & WILLINGDON AVE & WILLINGDON AVE OFFRAMP & EMERGENCY LANE,HWY 1,HWY 1,09:00-11:59,1,0
N,PROPERTY DAMAGE ONLY,GRANDVIEW TERRACE,N,2021,SATURDAY,UNDETERMINED,N,Y,50.675033,-120.354384,N,DECEMBER,N,KAMLOOPS,KAMLOOPS,KAMLOOPS,Y,N,N,SOUTHERN INTERIOR,DALGLEISH DR & GRANDVIEW TERR,DALGLEISH DR,DALGLEISH DR,09:00-11:59,1,0
N,PROPERTY DAMAGE ONLY,GRANVILLE ST,N,2021,SATURDAY,UNDETERMINED,N,Y,49.257053,-123.138793,N,DECEMBER,N,VANCOUVER,VANCOUVER,VANCOUVER,N,N,N,LOWER MAINLAND,GRANVILLE ST & MARPOLE AVE & W 16TH AVE,W 16TH AVE,W 16TH AVE,09:00-11:59,1,0
N,PROPERTY DAMAGE ONLY,GREIG AVE,N,2021,SATURDAY,CONFLICTED,N,Y,54.515687,-128.59631100000001,N,DECEMBER,N,TERRACE,TERRACE,TERRACE,N,N,N,NORTH CENTRAL,GREIG AVE & HWY 16 & HWY 16 W & TURNING LANE,HWY 16,HWY 16,09:00-11:59,1,0
N,PROPERTY DAMAGE ONLY,GREIG AVE,N,2021,SATURDAY,SINGLE VEHICLE,N,Y,54.515687,-128.59631100000001,N,DECEMBER,N,TERRACE,TERRACE,TERRACE,N,N,N,NORTH CENTRAL,GREIG AVE & HWY 16 & HWY 16 W & TURNING LANE,HWY 16,HWY 16,09:00-11:59,1,0
N,PROPERTY DAMAGE ONLY,HOUSTON ST,N,2021,SATURDAY,UNDETERMINED,N,Y,49.484602,-117.283828,N,DECEMBER,N,NELSON,NELSON,NELSON,N,N,N,SOUTHERN INTERIOR,HALL ST & HOUSTON ST,HALL ST,HALL ST,09:00-11:59,1,0
N,PROPERTY DAMAGE ONLY,HOWARD AVE,N,2021,SATURDAY,SIDE IMPACT,N,Y,49.147575,-123.955432,N,DECEMBER,N,NANAIMO,NANAIMO,NANAIMO,N,N,N,VANCOUVER ISLAND,HOWARD AVE & SEVENTH ST,SEVENTH ST,SEVENTH ST,09:00-11:59,1,0
N,PROPERTY DAMAGE ONLY,HUGH ALLAN DR,N,2021,SATURDAY,SIDE IMPACT,Y,Y,50.6495,-120.372369,N,DECEMBER,N,KAMLOOPS,KAMLOOPS,KAMLOOPS,Y,N,N,SOUTHERN INTERIOR,HARRISON WAY & HUGH ALLAN DR,HARRISON WAY,HARRISON WAY,09:00-11:59,1,0
N,PROPERTY DAMAGE ONLY,HWY 1,N,2021,SATURDAY,REAR END,N,Y,49.219251,-122.812916,N,DECEMBER,N,COQUITLAM,COQUITLAM,COQUITLAM,N,N,N,LOWER MAINLAND,COLEMAN AVE & COLEMAN AVE ONRP & FAWCETT RD & HWY 7 OFRP & HWY 7B OFRP & LEEDER ST & LOUGHEED HWY & LOUGHEED HWY ONRP & MARY HILL BYPASS & MARY HILL BYPASS ONRP & TRANS-CANADA HWY & TRANS-CANADA HWY OFRP & TRANS-CANADA HWY ONRP & UNITED BLVD & UNITED BLV,UNITED BLVD OFFRAMP,UNITED BLVD OFFRAMP,09:00-11:59,1,0
N,PROPERTY DAMAGE ONLY,HWY 1,N,2021,SATURDAY,REAR END,N,Y,49.28117,-123.031463,N,DECEMBER,N,VANCOUVER,VANCOUVER,VANCOUVER,N,N,N,LOWER MAINLAND,BRIDGEWAY & CASSIAR CONN & E HASTINGS ST & E HASTINGS ST OFFRAMP & E HASTINGS ST ONRAMP & TRANS-CANADA HWY & TURNING LANE,E HASTINGS ST,E HASTINGS ST,09:00-11:59,1,0
N,PROPERTY DAMAGE ONLY,HWY 1,N,2021,SATURDAY,REAR END,N,Y,49.328871,-123.053569,N,DECEMBER,N,NORTH VANCOUVER,NORTH VANCOUVER,NORTH VANCOUVER,N,N,N,LOWER MAINLAND,BOULEVARD CRES & E 21ST ST & GRAND BLVD OFFRAMP & GRAND BLVD ONRAMP & LYNN VALLEY RD & LYNN VALLEY RD ONRAMP & TRANS-CANADA HWY & WILLIAM AVE OFFRAMP & TURNING LANE,LYNN VALLEY RD ONRAMP,LYNN VALLEY RD ONRAMP,09:00-11:59,1,0
N,PROPERTY DAMAGE ONLY,HWY 1,N,2021,SATURDAY,REAR END,N,Y,50.653654,-120.067543,N,DECEMBER,N,KAMLOOPS,KAMLOOPS,KAMLOOPS,N,N,N,SOUTHERN INTERIOR,DALLAS DR & DALLAS DR OFFRAMP & DALLAS DR ONRAMP & LAFARGE RD & TRANS-CANADA HWY & TRANS-CANADA HWY E & TURNING LANE,LAFARGE RD,LAFARGE RD,09:00-11:59,1,0
N,PROPERTY DAMAGE ONLY,HWY 10,N,2021,SATURDAY,REAR END,N,Y,49.104433,-122.801032,N,DECEMBER,N,SURREY,SURREY,SURREY,N,N,N,LOWER MAINLAND,152 ST & 56 AVE,152 ST,152 ST,09:00-11:59,1,0
N,PROPERTY DAMAGE ONLY,HWY 20,N,2021,SATURDAY,SINGLE VEHICLE,N,Y,52.076958,-123.263237,N,DECEMBER,N,ALEXIS CREEK,ALEXIS CREEK,ALEXIS CREEK,N,N,N,NORTH CENTRAL,CHILCOTIN-BELLA COOLA HWY 20 & CHRISTIE RD,CHRISTIE RD,CHRISTIE RD,09:00-11:59,1,0
N,PROPERTY DAMAGE ONLY,HWY 33,N,2021,SATURDAY,SIDE IMPACT,N,Y,49.864479,-119.280814,N,DECEMBER,N,KELOWNA,KELOWNA,KELOWNA,Y,N,N,SOUTHERN INTERIOR,GOUDIE RD & HWY 33,GOUDIE RD,GOUDIE RD,09:00-11:59,1,0
N,PROPERTY DAMAGE ONLY,HWY 7,N,2021,SATURDAY,SINGLE VEHICLE,N,Y,49.134281,-122.299931,N,DECEMBER,N,MISSION,MISSION,MISSION,Y,N,N,LOWER MAINLAND,1ST AVE & GLASGOW AVE & MURRAY ST & TURNING LANE,MURRAY ST,MURRAY ST,09:00-11:59,1,0
N,PROPERTY DAMAGE ONLY,HWY 95,N,2021,SATURDAY,REAR END,N,Y,49.518024,-115.761542,N,DECEMBER,N,CRANBROOK,CRANBROOK,CRANBROOK,N,N,N,SOUTHERN INTERIOR,6TH ST N & CRANBROOK ST N,6TH ST N,6TH ST N,09:00-11:59,1,0
N,PROPERTY DAMAGE ONLY,HWY 97,N,2021,SATURDAY,SINGLE VEHICLE,N,Y,50.80883,-121.325377,N,DECEMBER,N,CACHE CREEK,CACHE CREEK,CACHE CREEK,N,N,N,SOUTHERN INTERIOR,HWY 97 & STEPHENSON RD & TODD RD & TODD RD OFFRAMP & TRANS-CANADA HWY & TRANS-CANADA HWY FRTG & TRANS-CANADA HWY ONRAMP,HWY 1,HWY 1,09:00-11:59,1,0
N,PROPERTY DAMAGE ONLY,HWY 97 N,N,2021,SATURDAY,SIDE SWIPE - SAME DIRECTION,N,Y,49.881947,-119.454569,N,DECEMBER,N,KELOWNA,KELOWNA,KELOWNA,N,N,N,SOUTHERN INTERIOR,HARVEY AVE & SPALL RD & TURNING LANE,SPALL RD,SPALL RD,09:00-11:59,1,0
N,PROPERTY DAMAGE ONLY,HYLAND RD,N,2021,SATURDAY,SINGLE VEHICLE,N,Y,49.126435,-122.841571,N,DECEMBER,N,SURREY,SURREY,SURREY,N,N,N,LOWER MAINLAND,137A ST & 138 ST & 68 AVE & HYLAND RD,138 ST,138 ST,09:00-11:59,1,0
N,PROPERTY DAMAGE ONLY,IOCO RD,N,2021,SATURDAY,REAR END,N,Y,49.284162,-122.828457,N,DECEMBER,N,PORT MOODY,PORT MOODY,PORT MOODY,N,N,N,LOWER MAINLAND,HERITAGE MOUNTAIN BLVD & IOCO RD & UNGLESS WAY & TURNING LANE,UNGLESS WAY,UNGLESS WAY,09:00-11:59,1,0
N,PROPERTY DAMAGE ONLY,IOCO RD,N,2021,SATURDAY,SINGLE VEHICLE,N,Y,49.289726,-122.842416,N,DECEMBER,N,PORT MOODY,PORT MOODY,PORT MOODY,N,N,N,LOWER MAINLAND,IOCO RD & MERCIER RD & SAN REMO DR,MERCIER RD,MERCIER RD,09:00-11:59,1,0
N,PROPERTY DAMAGE ONLY,IRON WORKERS MEMORIAL BRIDGE,N,2021,SATURDAY,SIDE SWIPE - SAME DIRECTION,N,Y,49.287032,-123.031028,N,DECEMBER,N,VANCOUVER,VANCOUVER,VANCOUVER,N,N,N,LOWER MAINLAND,BRIDGEWAY OFFRAMP & E HASTINGS ST OFFRAMP & IRONWORKERS MEMORIAL BRIDGE & MCGILL ST & MCGILL ST OFFRAMP & MCGILL ST ONRAMP & TRANS-CANADA HWY,HWY 1,HWY 1,09:00-11:59,1,0
N,PROPERTY DAMAGE ONLY,JINGLE POT RD,N,2021,SATURDAY,SINGLE VEHICLE,N,Y,49.16875,-123.982077,N,DECEMBER,N,NANAIMO,NANAIMO,NANAIMO,N,N,N,VANCOUVER ISLAND,JINGLE POT RD & JINGLE POT RD OFFRAMP & JINGLE POT RD ONRAMP & NANAIMO PKY & PARKWAY TRAIL,HWY 19,HWY 19,09:00-11:59,1,0
N,PROPERTY DAMAGE ONLY,JOHN HINDLE,N,2021,SATURDAY,SINGLE VEHICLE,N,N,\N,\N,N,DECEMBER,N,KELOWNA,KELOWNA,\N,N,N,N,SOUTHERN INTERIOR,UNKNOWN,GLENMORE RD,GLENMORE RD,09:00-11:59,1,0
N,PROPERTY DAMAGE ONLY,JOHNSON ST,N,2021,SATURDAY,REAR END,N,Y,48.427887,-123.370037,N,DECEMBER,N,VICTORIA,VICTORIA,VICTORIA,N,Y,N,VANCOUVER ISLAND,JOHNSON ST & JOHNSON ST BRIDGE & PANDORA AVE & STORE ST & WADDINGTON ALLEY & WHARF ST & TURNING LANE,STORE ST,STORE ST,09:00-11:59,1,0
N,PROPERTY DAMAGE ONLY,JONES AVE,N,2021,SATURDAY,SIDE IMPACT,N,Y,49.335154,-123.081359,N,DECEMBER,N,NORTH VANCOUVER,NORTH VANCOUVER,NORTH VANCOUVER,N,N,N,LOWER MAINLAND,JONES AVE & W 28TH ST,W 28TH ST,W 28TH ST,09:00-11:59,1,0
N,PROPERTY DAMAGE ONLY,KANAKA WAY,N,2021,SATURDAY,SINGLE VEHICLE,N,Y,49.204176,-122.570003,N,DECEMBER,N,MAPLE RIDGE,MAPLE RIDGE,MAPLE RIDGE,N,N,N,LOWER MAINLAND,GILKER HILL RD & KANAKA WAY,GILKER HILL RD,GILKER HILL RD,09:00-11:59,1,0
N,PROPERTY DAMAGE ONLY,KENNETH ST,N,2021,SATURDAY,CONFLICTED,N,Y,48.778465,-123.710451,N,DECEMBER,N,DUNCAN,DUNCAN,DUNCAN,N,N,N,VANCOUVER ISLAND,JUBILEE ST & KENNETH ST,JUBILEE ST,JUBILEE ST,09:00-11:59,1,0
N,PROPERTY DAMAGE ONLY,KING GEORGE HWY,N,2021,SATURDAY,SINGLE VEHICLE,N,Y,49.162742,-122.845798,N,DECEMBER,N,SURREY,SURREY,SURREY,N,N,N,LOWER MAINLAND,88 AVE & KING GEORGE BLVD & TURNING LANE,88 AVE,88 AVE,09:00-11:59,1,0
N,PROPERTY DAMAGE ONLY,KINGSWAY,N,2021,SATURDAY,MULTIPLE IMPACTS,N,Y,49.259878,-123.096571,N,DECEMBER,N,VANCOUVER,VANCOUVER,VANCOUVER,N,N,N,LOWER MAINLAND,E 12TH AVE & KINGSWAY,E 12TH AVE,E 12TH AVE,09:00-11:59,1,0
N,PROPERTY DAMAGE ONLY,KNIGHT RD,N,2021,SATURDAY,SINGLE VEHICLE,N,Y,49.13806,-121.958738,N,DECEMBER,N,CHILLIWACK,CHILLIWACK,CHILLIWACK,N,N,N,LOWER MAINLAND,KNIGHT RD & VEDDER RD,VEDDER RD,VEDDER RD,09:00-11:59,1,0
N,PROPERTY DAMAGE ONLY,KNIGHT RD,N,2021,SATURDAY,UNDETERMINED,N,Y,49.139979,-121.977616,N,DECEMBER,N,CHILLIWACK,CHILLIWACK,CHILLIWACK,N,N,N,LOWER MAINLAND,EVANS RD & KNIGHT RD,EVANS RD,EVANS RD,09:00-11:59,1,0
N,PROPERTY DAMAGE ONLY,L AND A RD,N,2021,SATURDAY,SINGLE VEHICLE,N,Y,50.319535,-119.233943,N,DECEMBER,N,VERNON,VERNON,VERNON,N,N,N,SOUTHERN INTERIOR,L AND A RD & MCLENNAN RD,MCLENNAN RD,MCLENNAN RD,09:00-11:59,1,0
N,PROPERTY DAMAGE ONLY,LAFARGE RD,N,2021,SATURDAY,SINGLE VEHICLE,N,Y,50.653654,-120.067543,N,DECEMBER,N,KAMLOOPS,KAMLOOPS,KAMLOOPS,N,N,N,SOUTHERN INTERIOR,DALLAS DR & DALLAS DR OFFRAMP & DALLAS DR ONRAMP & LAFARGE RD & TRANS-CANADA HWY & TRANS-CANADA HWY E & TURNING LANE,HWY 1,HWY 1,09:00-11:59,1,0
N,PROPERTY DAMAGE ONLY,LANGLEY BYPASS,N,2021,SATURDAY,REAR END,N,Y,49.111881,-122.645899,N,DECEMBER,N,LANGLEY,LANGLEY,LANGLEY,N,N,N,LOWER MAINLAND,GLOVER RD & LANGLEY BYPASS & TURNING LANE,GLOVER RD,GLOVER RD,09:00-11:59,1,0
N,PROPERTY DAMAGE ONLY,LATIMER ST,N,2021,SATURDAY,SINGLE VEHICLE,Y,Y,49.488682,-117.289235,N,DECEMBER,N,NELSON,NELSON,NELSON,N,N,N,SOUTHERN INTERIOR,JOSEPHINE ST & LATIMER ST,JOSEPHINE ST,JOSEPHINE ST,09:00-11:59,1,0
N,PROPERTY DAMAGE ONLY,LECKIE RD,N,2021,SATURDAY,REAR END,N,Y,49.884331,-119.42902,N,DECEMBER,N,KELOWNA,KELOWNA,KELOWNA,N,N,N,SOUTHERN INTERIOR,HWY 97 N & LECKIE RD & TURNING LANE,HWY 97,HWY 97,09:00-11:59,1,0
N,PROPERTY DAMAGE ONLY,LINCOLN AVE,N,2021,SATURDAY,SIDE IMPACT,N,Y,49.279597,-122.794238,N,DECEMBER,N,COQUITLAM,COQUITLAM,COQUITLAM,Y,Y,N,LOWER MAINLAND,LINCOLN AVE & PINETREE WAY & MALL ACCESS,PINETREE WAY,PINETREE WAY,09:00-11:59,1,0
N,PROPERTY DAMAGE ONLY,LONSDALE AVE,N,2021,SATURDAY,REAR END,N,Y,49.331967,-123.072107,N,DECEMBER,N,NORTH VANCOUVER,NORTH VANCOUVER,NORTH VANCOUVER,N,N,N,LOWER MAINLAND,E 25TH ST & E 25TH ST OFFRAMP & E 25TH ST ONRAMP & LONSDALE AVE & LONSDALE AVE OFFRAMP & LONSDALE AVE ONRAMP & TRANS-CANADA HWY & W 25TH ST & TURNING LANE,HWY 1,HWY 1,09:00-11:59,1,0
N,PROPERTY DAMAGE ONLY,LOUGHEED HWY,N,2021,SATURDAY,SINGLE VEHICLE,N,Y,49.133121,-122.338229,N,DECEMBER,N,MISSION,MISSION,MISSION,N,N,N,LOWER MAINLAND,LOUGHEED HWY & RAI AVE & WREN ST,WREN ST,WREN ST,09:00-11:59,1,0
N,PROPERTY DAMAGE ONLY,LYALL ST,N,2021,SATURDAY,UNDETERMINED,N,Y,48.428302,-123.418213,N,DECEMBER,N,ESQUIMALT,ESQUIMALT,ESQUIMALT,Y,N,N,VANCOUVER ISLAND,CONSTANCE AVE & LYALL ST,CONSTANCE AVE,CONSTANCE AVE,09:00-11:59,1,0
N,PROPERTY DAMAGE ONLY,LYNAS LANE,N,2021,SATURDAY,CONFLICTED,N,Y,49.170137,-123.164497,N,DECEMBER,N,RICHMOND,RICHMOND,RICHMOND,N,N,N,LOWER MAINLAND,LYNAS LANE & WESTMINSTER HWY,WESTMINSTER HWY,WESTMINSTER HWY,09:00-11:59,1,0
N,PROPERTY DAMAGE ONLY,MADILL RD,N,2021,SATURDAY,SIDE IMPACT,N,Y,53.988864,-122.790226,N,DECEMBER,N,PRINCE GEORGE,PRINCE GEORGE,PRINCE GEORGE,N,N,N,NORTH CENTRAL,AUSTIN RD W & MADILL RD,AUSTIN RD W,AUSTIN RD W,09:00-11:59,1,0
N,PROPERTY DAMAGE ONLY,MARIFIELD AVE,N,2021,SATURDAY,SIDE IMPACT,N,Y,48.414801,-123.369579,N,DECEMBER,N,VICTORIA,VICTORIA,VICTORIA,N,N,N,VANCOUVER ISLAND,GOVERNMENT ST & MARIFIELD AVE,GOVERNMENT ST,GOVERNMENT ST,09:00-11:59,1,0
N,PROPERTY DAMAGE ONLY,MARTIN RD,N,2021,SATURDAY,UNDETERMINED,N,Y,49.404632,-123.507657,N,DECEMBER,N,GIBSONS,GIBSONS,GIBSONS,N,N,N,LOWER MAINLAND,CORLETT RD & MARTIN RD,CORLETT RD,CORLETT RD,09:00-11:59,1,0
N,PROPERTY DAMAGE ONLY,MARY AVE,N,2021,SATURDAY,UNDETERMINED,N,Y,49.221934,-122.945049,N,DECEMBER,N,BURNABY,BURNABY,BURNABY,N,N,N,LOWER MAINLAND,EDMONDS ST & MARY AVE,EDMONDS ST,EDMONDS ST,09:00-11:59,1,0
N,PROPERTY DAMAGE ONLY,MCLEAN ST,N,2021,SATURDAY,SIDE IMPACT,N,Y,50.707856,-120.410459,N,DECEMBER,N,KAMLOOPS,KAMLOOPS,KAMLOOPS,N,N,N,SOUTHERN INTERIOR,MCLEAN ST & PARKCREST AVE,PARKCREST AVE,PARKCREST AVE,09:00-11:59,1,0
N,PROPERTY DAMAGE ONLY,MILL LAKE RD,N,2021,SATURDAY,CONFLICTED,N,Y,49.048023,-122.308349,N,DECEMBER,N,ABBOTSFORD,ABBOTSFORD,ABBOTSFORD,N,N,N,LOWER MAINLAND,BOURQUIN CRES W & MILL LAKE RD & BUS LANE,BOURQUIN CRES W,BOURQUIN CRES W,09:00-11:59,1,0
N,PROPERTY DAMAGE ONLY,MILTON ST,N,2021,SATURDAY,REAR END,N,Y,49.205303,-123.140462,N,DECEMBER,N,VANCOUVER,VANCOUVER,VANCOUVER,N,N,N,LOWER MAINLAND,GRANVILLE ST & MILTON ST & SW MARINE DR,SW MARINE DR,SW MARINE DR,09:00-11:59,1,0
N,PROPERTY DAMAGE ONLY,MOODY AVE,N,2021,SATURDAY,REAR END,N,Y,49.313525,-123.060116,N,DECEMBER,N,NORTH VANCOUVER,NORTH VANCOUVER,NORTH VANCOUVER,N,N,N,LOWER MAINLAND,E KEITH RD & MOODY AVE,E KEITH RD,E KEITH RD,09:00-11:59,1,0
N,PROPERTY DAMAGE ONLY,MOUNT NEWTON CROSS RD,N,2021,SATURDAY,SINGLE VEHICLE,N,Y,48.594657,-123.419416,N,DECEMBER,N,CENTRAL SAANICH,CENTRAL SAANICH,CENTRAL SAANICH,N,N,N,VANCOUVER ISLAND,MT NEWTON CROSS RD & WALLACE DR,WALLACE DR,WALLACE DR,09:00-11:59,1,0
N,PROPERTY DAMAGE ONLY,NO 2 RD,N,2021,SATURDAY,CONFLICTED,N,Y,49.17015,-123.158805,N,DECEMBER,N,RICHMOND,RICHMOND,RICHMOND,N,N,N,LOWER MAINLAND,NO 2 RD & WESTMINSTER HWY & TURNING LANE,WESTMINSTER HWY,WESTMINSTER HWY,09:00-11:59,1,0
N,PROPERTY DAMAGE ONLY,NO 3 RD,N,2021,SATURDAY,CONFLICTED,N,Y,49.155579,-123.136646,N,DECEMBER,N,RICHMOND,RICHMOND,RICHMOND,N,N,N,LOWER MAINLAND,BLUNDELL RD & NO 3 RD,BLUNDELL RD,BLUNDELL RD,09:00-11:59,1,0
N,PROPERTY DAMAGE ONLY,NO 3 RD,N,2021,SATURDAY,REAR TO REAR,N,Y,49.08209,-122.064958,N,DECEMBER,N,CHILLIWACK,CHILLIWACK,CHILLIWACK,N,Y,N,LOWER MAINLAND,NO 3 RD & YARROW CENTRAL RD,YARROW CENTRAL RD,YARROW CENTRAL RD,09:00-11:59,1,0
N,PROPERTY DAMAGE ONLY,NO 5 RD,N,2021,SATURDAY,CONFLICTED,Y,Y,49.191975,-123.09148,N,DECEMBER,N,RICHMOND,RICHMOND,RICHMOND,N,N,N,LOWER MAINLAND,BRIDGEPORT RD & NO 5 RD,BRIDGEPORT RD,BRIDGEPORT RD,09:00-11:59,1,0
N,PROPERTY DAMAGE ONLY,NORCROSS RD,N,2021,SATURDAY,CONFLICTED,N,Y,48.80568,-123.716623,N,DECEMBER,N,DUNCAN,DUNCAN,DUNCAN,N,N,N,VANCOUVER ISLAND,NORCROSS RD & TRANS-CANADA HWY,HWY 1,HWY 1,09:00-11:59,1,0
N,PROPERTY DAMAGE ONLY,NORMANDY DRIVE,N,2021,SATURDAY,SIDE IMPACT,N,N,\N,\N,N,DECEMBER,N,VANCOUVER,VANCOUVER,\N,N,N,N,LOWER MAINLAND,UNKNOWN,BOUNDARY ROAD,BOUNDARY ROAD,09:00-11:59,1,0
N,PROPERTY DAMAGE ONLY,NORWELL DR,N,2021,SATURDAY,SINGLE VEHICLE,N,Y,49.204412,-124.001501,N,DECEMBER,N,NANAIMO,NANAIMO,NANAIMO,N,N,N,VANCOUVER ISLAND,BOWEN RD & E AND N TRAIL & ISLAND HWY N & NORWELL DR & TURNING LANE,BOWEN RD,BOWEN RD,09:00-11:59,1,0
N,PROPERTY DAMAGE ONLY,OLD OKANAGAN HWY,N,2021,SATURDAY,SIDE IMPACT,N,Y,49.856663,-119.596255,N,DECEMBER,N,WEST KELOWNA,WEST KELOWNA,WEST KELOWNA,N,N,N,SOUTHERN INTERIOR,BYLAND RD & DAIMLER DR & OLD OKANAGAN HWY & TURNING LANE,DAIMLER DR,DAIMLER DR,09:00-11:59,1,0
N,PROPERTY DAMAGE ONLY,OLD YALE RD,N,2021,SATURDAY,SIDE IMPACT,N,Y,49.051921,-122.33777,N,DECEMBER,N,ABBOTSFORD,ABBOTSFORD,ABBOTSFORD,N,N,N,LOWER MAINLAND,CLEARBROOK RD & OLD YALE RD,CLEARBROOK RD,CLEARBROOK RD,09:00-11:59,1,0
N,PROPERTY DAMAGE ONLY,PACIFIC ST,Y,2021,SATURDAY,SINGLE VEHICLE,N,Y,49.276982,-123.132453,N,DECEMBER,N,VANCOUVER,VANCOUVER,VANCOUVER,N,N,N,LOWER MAINLAND,BURRARD ST & BURRARD ST BRIDGE & PACIFIC ST,BURRARD ST,BURRARD ST,09:00-11:59,1,0
N,PROPERTY DAMAGE ONLY,PATRICIA BAY HWY,N,2021,SATURDAY,REAR END,N,Y,48.625403,-123.410437,N,DECEMBER,N,NORTH SAANICH,NORTH SAANICH,NORTH SAANICH,N,N,N,VANCOUVER ISLAND,MCTAVISH RD OFFRAMP & PATRICIA BAY HWY,MCTAVISH RD OFFRAMP,MCTAVISH RD OFFRAMP,09:00-11:59,1,0
N,PROPERTY DAMAGE ONLY,PINETREE WAY,N,2021,SATURDAY,REAR END,N,Y,49.294211,-122.789997,N,DECEMBER,N,COQUITLAM,COQUITLAM,COQUITLAM,N,N,N,LOWER MAINLAND,DAVID AVE & PINETREE WAY & TURNING LANE,DAVID AVE,DAVID AVE,09:00-11:59,1,0
N,PROPERTY DAMAGE ONLY,PORT MANN BRIDGE,N,2021,SATURDAY,REAR END,N,Y,49.211315,-122.808608,N,DECEMBER,N,SURREY,SURREY,SURREY,Y,N,N,LOWER MAINLAND,PORT MANN BRIDGE & PORT MANN EAST SERVICE RD & TRANS-CANADA HWY,HWY 1,HWY 1,09:00-11:59,1,0
N,PROPERTY DAMAGE ONLY,PREST RD,N,2021,SATURDAY,SINGLE VEHICLE,N,Y,49.155256,-121.918204,N,DECEMBER,N,CHILLIWACK,CHILLIWACK,CHILLIWACK,N,N,N,LOWER MAINLAND,PREST RD & PREST RD OFFRAMP & PREST RD ONRAMP & TRANS-CANADA HWY,HWY 1,HWY 1,09:00-11:59,1,0
N,PROPERTY DAMAGE ONLY,QUAPPELLE BLVD,N,2021,SATURDAY,SIDE SWIPE - SAME DIRECTION,N,Y,50.661414,-120.268255,N,DECEMBER,N,KAMLOOPS,KAMLOOPS,KAMLOOPS,N,N,N,SOUTHERN INTERIOR,GALORE CRES & QUAPPELLE BLVD,GALORE CRES,GALORE CRES,09:00-11:59,1,0
N,PROPERTY DAMAGE ONLY,QUEENSBOROUGH BRIDGE,N,2021,SATURDAY,REAR END,Y,Y,49.197808,-122.948705,N,DECEMBER,N,BURNABY,BURNABY,BURNABY & NEW WESTMINSTER,N,N,N,LOWER MAINLAND,HWY 91A & MARINE WAY & MARINE WAY OFFRAMP & MARINE WAY ONRAMP & QUEENSBOROUGH BRIDGE & SIXTH AVE OFFRAMP & SIXTH AVE ONRAMP & STEWARDSON WAY & STEWARDSON WAY OFFRAMP & STEWARDSON WAY ONRAMP & TWENTY-THIRD ST & EMERGENCY LANE,STEWARDSON WAY,STEWARDSON WAY,09:00-11:59,1,0
N,PROPERTY DAMAGE ONLY,RAILWAY AVE,N,2021,SATURDAY,UNDETERMINED,N,Y,49.155611,-123.169835,N,DECEMBER,N,RICHMOND,RICHMOND,RICHMOND,N,N,N,LOWER MAINLAND,BLUNDELL RD & RAILWAY AVE,BLUNDELL RD,BLUNDELL RD,09:00-11:59,1,0
N,PROPERTY DAMAGE ONLY,RESTHAVEN DR,N,2021,SATURDAY,SINGLE VEHICLE,N,Y,48.648931,-123.402296,N,DECEMBER,N,SIDNEY,SIDNEY,SIDNEY,N,N,Y,VANCOUVER ISLAND,BEACON AVE & RESTHAVEN DR & MALL ACCESS,BEACON AVE,BEACON AVE,09:00-11:59,1,0
N,PROPERTY DAMAGE ONLY,RHODO WAY,N,2021,SATURDAY,SINGLE VEHICLE,N,Y,49.234331,-124.052474,N,DECEMBER,N,LANTZVILLE,LANTZVILLE,LANTZVILLE & NANAIMO,N,N,N,VANCOUVER ISLAND,AULDS RD & AULDS RD OFFRAMP & AULDS RD ONRAMP & NANAIMO PKY & PARKWAY TRAIL & RHODO WAY,AULDS RD,AULDS RD,09:00-11:59,1,0
N,PROPERTY DAMAGE ONLY,RIVERSIDE DR,N,2021,SATURDAY,SINGLE VEHICLE,N,Y,49.311036,-123.014719,N,DECEMBER,N,NORTH VANCOUVER,NORTH VANCOUVER,NORTH VANCOUVER,N,N,N,LOWER MAINLAND,MT SEYMOUR PKY & RIVERSIDE DR & TURNING LANE,MT SEYMOUR PKY,MT SEYMOUR PKY,09:00-11:59,1,0
N,PROPERTY DAMAGE ONLY,ROBERTSON ST,N,2021,SATURDAY,SINGLE VEHICLE,N,Y,49.193653,-122.536239,N,DECEMBER,N,MAPLE RIDGE,MAPLE RIDGE,MAPLE RIDGE,N,N,N,LOWER MAINLAND,105A AVE & ROBERTSON ST,105A AVE,105A AVE,09:00-11:59,1,0
N,PROPERTY DAMAGE ONLY,ROBSON ST,N,2021,SATURDAY,UNDETERMINED,N,Y,49.280109,-123.11787,N,DECEMBER,N,VANCOUVER,VANCOUVER,VANCOUVER,N,N,N,LOWER MAINLAND,RICHARDS ST & ROBSON ST,RICHARDS ST,RICHARDS ST,09:00-11:59,1,0
N,PROPERTY DAMAGE ONLY,ROSEWOOD ST,N,2021,SATURDAY,SINGLE VEHICLE,N,Y,49.265603,-122.754808,N,DECEMBER,N,PORT COQUITLAM,PORT COQUITLAM,PORT COQUITLAM,N,N,N,LOWER MAINLAND,BIRCHLAND AVE & ROSEWOOD ST,BIRCHLAND AVE,BIRCHLAND AVE,09:00-11:59,1,0
N,PROPERTY DAMAGE ONLY,RUMMING RD,N,2021,SATURDAY,SINGLE VEHICLE,N,Y,49.249768,-124.141797,N,DECEMBER,N,LANTZVILLE,LANTZVILLE,LANTZVILLE,N,N,N,VANCOUVER ISLAND,BAYVIEW PARK DR & ISLAND HWY & ISLAND HWY E & ISLAND HWY N & RUMMING RD & TURNING LANE,ISLAND HWY,ISLAND HWY,09:00-11:59,2,0
N,PROPERTY DAMAGE ONLY,RUSS BAKER WAY,N,2021,SATURDAY,REAR END,N,Y,49.192621,-123.14231,N,DECEMBER,N,RICHMOND,RICHMOND,RICHMOND,N,N,N,LOWER MAINLAND,AIRPORT CONNECTOR BRIDGE & AIRPORT STATION & ARTHUR LAING BRIDGE & BRIDGEPORT RD & CESSNA DR & CESSNA DR OFRP & GRANT MCCONACHIE WAY & GRANT MCCONACHIE WAY OFRP & GRANT MCCONACHIE WAY ONRP & MILLER RD & RUSS BAKER WAY & RUSS BAKER WAY OFRP & RUSS BAKER W,MILLER RD,MILLER RD,09:00-11:59,1,0
N,PROPERTY DAMAGE ONLY,RUTLAND RD N,N,2021,SATURDAY,SINGLE VEHICLE,N,Y,49.88897,-119.386858,N,DECEMBER,N,KELOWNA,KELOWNA,KELOWNA,N,N,N,SOUTHERN INTERIOR,HWY 33 E & HWY 33 W & RUTLAND RD N & RUTLAND RD S,HWY 33,HWY 33,09:00-11:59,1,0
N,PROPERTY DAMAGE ONLY,SAANICH RD,N,2021,SATURDAY,REAR END,N,Y,48.454201,-123.374304,N,DECEMBER,N,SAANICH,SAANICH,SAANICH,N,N,N,VANCOUVER ISLAND,OAK ST & SAANICH RD & UPTOWN BLVD & TURNING LANE,OAK ST,OAK ST,09:00-11:59,1,0
N,PROPERTY DAMAGE ONLY,SCHOOL AVE,N,2021,SATURDAY,SIDE SWIPE - OPPOSITE DIRECTION,Y,Y,49.234881,-123.041692,N,DECEMBER,N,VANCOUVER,VANCOUVER,VANCOUVER,N,N,N,LOWER MAINLAND,LANCASTER ST & SCHOOL AVE,LANCASTER ST,LANCASTER ST,09:00-11:59,1,0
N,PROPERTY DAMAGE ONLY,SHAUGHNESSY ST,N,2021,SATURDAY,SINGLE VEHICLE,N,Y,49.227198,-122.795647,N,DECEMBER,N,PORT COQUITLAM,PORT COQUITLAM,PORT COQUITLAM,N,N,N,LOWER MAINLAND,ARGUE ST & MARY HILL BYPASS & SHAUGHNESSY ST & TURNING LANE,MARY HILL BYPASS,MARY HILL BYPASS,09:00-11:59,1,0
N,PROPERTY DAMAGE ONLY,SILVER STAR RD,N,2021,SATURDAY,SIDE IMPACT,N,Y,50.290524,-119.223146,N,DECEMBER,N,VERNON,VERNON,VERNON,N,N,N,SOUTHERN INTERIOR,E VERNON RD & SILVER STAR RD,E VERNON RD,E VERNON RD,09:00-11:59,1,0
N,PROPERTY DAMAGE ONLY,SILVER STAR RD,N,2021,SATURDAY,SINGLE VEHICLE,N,Y,50.28364,-119.231128,N,DECEMBER,N,VERNON,VERNON,VERNON,N,N,N,SOUTHERN INTERIOR,L AND A RD & SILVER STAR RD,L AND A RD,L AND A RD,09:00-11:59,1,0
N,PROPERTY DAMAGE ONLY,SOUTHPOINT DR,N,2021,SATURDAY,SINGLE VEHICLE,N,Y,49.209868,-122.95832,N,DECEMBER,N,BURNABY,BURNABY,BURNABY,N,N,N,LOWER MAINLAND,SOUTHPOINT DR & STATION HILL DR,STATION HILL DR,STATION HILL DR,09:00-11:59,1,0
N,PROPERTY DAMAGE ONLY,SPIRIT TRAIL,N,2021,SATURDAY,SIDE IMPACT,N,Y,49.327267,-123.160993,N,DECEMBER,N,WEST VANCOUVER,WEST VANCOUVER,WEST VANCOUVER,Y,Y,N,LOWER MAINLAND,ARGYLE AVE & SPIRIT TRAIL,ARGYLE AVE,ARGYLE AVE,09:00-11:59,1,0
N,PROPERTY DAMAGE ONLY,ST GEORGES AVE,N,2021,SATURDAY,SIDE SWIPE - SAME DIRECTION,N,Y,49.312105,-123.074018,N,DECEMBER,N,NORTH VANCOUVER,NORTH VANCOUVER,NORTH VANCOUVER,N,N,N,LOWER MAINLAND,E 3RD ST & ST GEORGES AVE,E 3RD ST,E 3RD ST,09:00-11:59,1,0
N,PROPERTY DAMAGE ONLY,STAGECOACH DR,N,2021,SATURDAY,SINGLE VEHICLE,N,Y,50.726611,-120.365615,N,DECEMBER,N,KAMLOOPS,KAMLOOPS,KAMLOOPS,N,N,N,SOUTHERN INTERIOR,GRASSLANDS BLVD & STAGECOACH DR,GRASSLANDS BLVD,GRASSLANDS BLVD,09:00-11:59,1,0
N,PROPERTY DAMAGE ONLY,STEVENSON RD,N,2021,SATURDAY,SINGLE VEHICLE,N,Y,49.122796,-121.964086,N,DECEMBER,N,CHILLIWACK,CHILLIWACK,CHILLIWACK,N,N,N,LOWER MAINLAND,STEVENSON RD & WILTSHIRE ST,WILTSHIRE ST,WILTSHIRE ST,09:00-11:59,1,0
N,PROPERTY DAMAGE ONLY,STOLBERG ST,N,2021,SATURDAY,SINGLE VEHICLE,N,Y,49.186811,-123.119844,N,DECEMBER,N,RICHMOND,RICHMOND,RICHMOND,N,N,N,LOWER MAINLAND,CAPSTAN WAY & STOLBERG ST,CAPSTAN WAY,CAPSTAN WAY,09:00-11:59,1,0
N,PROPERTY DAMAGE ONLY,SUMAS WAY,N,2021,SATURDAY,UNDETERMINED,N,Y,49.036399,-122.267756,N,DECEMBER,N,ABBOTSFORD,ABBOTSFORD,ABBOTSFORD,N,N,N,LOWER MAINLAND,DELAIR RD & EAST DELAIR RD & SUMAS WAY & TURNING LANE,DELAIR RD,DELAIR RD,09:00-11:59,1,0
N,PROPERTY DAMAGE ONLY,SUPERIOR RD,N,2021,SATURDAY,SINGLE VEHICLE,N,Y,49.253108,-124.101702,N,DECEMBER,N,LANTZVILLE,LANTZVILLE,LANTZVILLE,N,N,N,VANCOUVER ISLAND,LANTZVILLE RD & SUPERIOR RD,LANTZVILLE RD,LANTZVILLE RD,09:00-11:59,1,0
N,PROPERTY DAMAGE ONLY,SWAINSON RD,N,2021,SATURDAY,SINGLE VEHICLE,N,Y,49.893362,-119.359155,N,DECEMBER,N,KELOWNA,KELOWNA,KELOWNA,N,N,N,SOUTHERN INTERIOR,MCKENZIE RD & SWAINSON RD,MCKENZIE RD,MCKENZIE RD,09:00-11:59,1,0
N,PROPERTY DAMAGE ONLY,TANNERY RD,N,2021,SATURDAY,SINGLE VEHICLE,N,Y,49.196182,-122.893087,N,DECEMBER,N,SURREY,SURREY,SURREY,N,N,N,LOWER MAINLAND,103A AVE & HWY 17 & HWY 17 OFFRAMP & HWY 17 ONRAMP & TANNERY RD & TANNERY RD OFFRAMP & TURNING LANE,HWY 17,HWY 17,09:00-11:59,1,0
N,PROPERTY DAMAGE ONLY,THORNTON ST,N,2021,SATURDAY,SIDE IMPACT,Y,Y,49.275364,-123.091971,N,DECEMBER,N,VANCOUVER,VANCOUVER,VANCOUVER,Y,N,N,LOWER MAINLAND,MALKIN AVE & THORNTON ST,MALKIN AVE,MALKIN AVE,09:00-11:59,1,0
N,PROPERTY DAMAGE ONLY,TIMS ST,N,2021,SATURDAY,SIDE IMPACT,N,Y,49.054951,-122.332253,N,DECEMBER,N,ABBOTSFORD,ABBOTSFORD,ABBOTSFORD,N,N,N,LOWER MAINLAND,GEORGE FERGUSON WAY & TIMS ST,GEORGE FERGUSON WAY,GEORGE FERGUSON WAY,09:00-11:59,1,0
N,PROPERTY DAMAGE ONLY,TRANQUILLE RD,N,2021,SATURDAY,HEAD ON,N,Y,50.701742,-120.416086,N,DECEMBER,N,KAMLOOPS,KAMLOOPS,KAMLOOPS,N,N,N,SOUTHERN INTERIOR,SCHREINER ST & TRANQUILLE RD,SCHREINER ST,SCHREINER ST,09:00-11:59,1,0
N,PROPERTY DAMAGE ONLY,UNKNOWN,N,2021,SATURDAY,SINGLE VEHICLE,N,N,\N,\N,N,DECEMBER,N,COLWOOD,COLWOOD,\N,N,Y,N,VANCOUVER ISLAND,UNKNOWN,WALE RD,WALE RD,09:00-11:59,1,0
N,PROPERTY DAMAGE ONLY,UNKNOWN,N,2021,SATURDAY,UNDETERMINED,Y,N,\N,\N,N,DECEMBER,N,LANGLEY,LANGLEY,\N,N,N,N,LOWER MAINLAND,UNKNOWN,3555 FORD RD,3555 FORD RD,09:00-11:59,1,0
N,PROPERTY DAMAGE ONLY,VALLEYVIEW DR,N,2021,SATURDAY,SINGLE VEHICLE,N,Y,50.675392,-120.257152,N,DECEMBER,N,KAMLOOPS,KAMLOOPS,KAMLOOPS,N,N,N,SOUTHERN INTERIOR,PARK DR & VALLEYVIEW DR,PARK DR,PARK DR,09:00-11:59,1,0
N,PROPERTY DAMAGE ONLY,VEDDER RD,N,2021,SATURDAY,SIDE IMPACT,N,Y,49.140842,-121.959972,N,DECEMBER,N,CHILLIWACK,CHILLIWACK,CHILLIWACK,N,N,N,LOWER MAINLAND,LUCKAKUCK WAY & VEDDER RD & TURNING LANE,LUCKAKUCK WAY,LUCKAKUCK WAY,09:00-11:59,1,0
N,PROPERTY DAMAGE ONLY,VEDDER WAY,N,2021,SATURDAY,REAR END,N,Y,49.038147,-122.272417,N,DECEMBER,N,ABBOTSFORD,ABBOTSFORD,ABBOTSFORD,N,N,N,LOWER MAINLAND,MARSHALL RD & VEDDER WAY & TURNING LANE,MARSHALL RD,MARSHALL RD,09:00-11:59,1,0
N,PROPERTY DAMAGE ONLY,VICTORIA ST,N,2021,SATURDAY,REAR END,N,Y,50.675878,-120.336663,N,DECEMBER,N,KAMLOOPS,KAMLOOPS,KAMLOOPS,Y,N,N,SOUTHERN INTERIOR,2ND AVE & VICTORIA ST,2ND AVE,2ND AVE,09:00-11:59,1,0
N,PROPERTY DAMAGE ONLY,VICTORIA ST,N,2021,SATURDAY,UNDETERMINED,N,Y,53.910495,-122.754973,N,DECEMBER,N,PRINCE GEORGE,PRINCE GEORGE,PRINCE GEORGE,Y,Y,N,NORTH CENTRAL,15TH AVE & PATRICIA BLVD & VICTORIA ST & TURNING LANE,15TH AVE,15TH AVE,09:00-11:59,1,0
N,PROPERTY DAMAGE ONLY,VISTA VIEW CRES,N,2021,SATURDAY,SINGLE VEHICLE,N,Y,49.231366,-123.981134,N,DECEMBER,N,NANAIMO,NANAIMO,NANAIMO,N,N,N,VANCOUVER ISLAND,FRONTAGE RD & HAMMOND BAY RD & VISTA VIEW CRES,HAMMOND BAY RD,HAMMOND BAY RD,09:00-11:59,1,0
N,PROPERTY DAMAGE ONLY,VYE RD,N,2021,SATURDAY,UNDETERMINED,Y,Y,49.016827,-122.282404,N,DECEMBER,N,ABBOTSFORD,ABBOTSFORD,ABBOTSFORD,N,N,N,LOWER MAINLAND,MCKENZIE RD & VYE RD,MCKENZIE RD,MCKENZIE RD,09:00-11:59,1,0
N,PROPERTY DAMAGE ONLY,W 10TH AVE,N,2021,SATURDAY,UNDETERMINED,N,Y,49.262105,-123.106872,N,DECEMBER,N,VANCOUVER,VANCOUVER,VANCOUVER,Y,N,N,LOWER MAINLAND,MANITOBA ST & W 10TH AVE,MANITOBA ST,MANITOBA ST,09:00-11:59,1,0
N,PROPERTY DAMAGE ONLY,W 15TH AVE,N,2021,SATURDAY,SIDE IMPACT,N,Y,49.258096,-123.145972,N,DECEMBER,N,VANCOUVER,VANCOUVER,VANCOUVER,N,N,N,LOWER MAINLAND,BURRARD ST & W 15TH AVE,BURRARD ST,BURRARD ST,09:00-11:59,1,0
N,PROPERTY DAMAGE ONLY,W 27TH AVE,N,2021,SATURDAY,REAR END,N,Y,49.248074,-123.185231,N,DECEMBER,N,VANCOUVER,VANCOUVER,VANCOUVER,N,N,N,LOWER MAINLAND,DUNBAR ST & W 27TH AVE,DUNBAR ST,DUNBAR ST,09:00-11:59,1,0
N,PROPERTY DAMAGE ONLY,W 2ND AVE,N,2021,SATURDAY,SIDE SWIPE - SAME DIRECTION,N,Y,49.270085,-123.164479,N,DECEMBER,N,VANCOUVER,VANCOUVER,VANCOUVER,Y,N,N,LOWER MAINLAND,TRAFALGAR ST & W 2ND AVE,TRAFALGAR ST,TRAFALGAR ST,09:00-11:59,1,0
N,PROPERTY DAMAGE ONLY,W 41ST AVE,N,2021,SATURDAY,REAR END,Y,Y,49.23354,-123.116194,N,DECEMBER,N,VANCOUVER,VANCOUVER,VANCOUVER,N,N,N,LOWER MAINLAND,CAMBIE ST & W 41ST AVE,CAMBIE ST,CAMBIE ST,09:00-11:59,1,0
N,PROPERTY DAMAGE ONLY,WAKESIAH AVE,N,2021,SATURDAY,CONFLICTED,N,Y,49.152811,-123.961136,N,DECEMBER,N,NANAIMO,NANAIMO,NANAIMO,N,N,N,VANCOUVER ISLAND,HAREWOOD RD & NANAIMO LAKES RD & WAKESIAH AVE,NANAIMO LAKES RD,NANAIMO LAKES RD,09:00-11:59,1,0
N,PROPERTY DAMAGE ONLY,WASHINGTON WAY,N,2021,SATURDAY,SINGLE VEHICLE,N,Y,49.736882,-125.300056,N,DECEMBER,N,MT WASHINGTON,MT WASHINGTON,MT WASHINGTON,N,N,N,VANCOUVER ISLAND,STRATHCONA PKY & WASHINGTON WAY,STRATHCONA PKY,STRATHCONA PKY,09:00-11:59,1,0
N,PROPERTY DAMAGE ONLY,WATSON RD,N,2021,SATURDAY,SINGLE VEHICLE,N,Y,49.111297,-121.957926,N,DECEMBER,N,CHILLIWACK,CHILLIWACK,CHILLIWACK,N,N,N,LOWER MAINLAND,PROMONTORY RD & VEDDER RD & WATSON RD,VEDDER RD,VEDDER RD,09:00-11:59,1,0
N,PROPERTY DAMAGE ONLY,WESSEX ST,N,2021,SATURDAY,REAR END,N,Y,49.233191,-123.03407,N,DECEMBER,N,VANCOUVER,VANCOUVER,VANCOUVER,N,N,N,LOWER MAINLAND,KINGSWAY & WESSEX ST,KINGSWAY,KINGSWAY,09:00-11:59,1,0
N,PROPERTY DAMAGE ONLY,WESTMINSTER HWY,N,2021,SATURDAY,SIDE IMPACT,N,Y,49.170171,-123.147705,N,DECEMBER,N,RICHMOND,RICHMOND,RICHMOND,Y,Y,N,LOWER MAINLAND,GILBERT RD & WESTMINSTER HWY,GILBERT RD,GILBERT RD,09:00-11:59,1,0
N,PROPERTY DAMAGE ONLY,WHATCOM RD,N,2021,SATURDAY,SINGLE VEHICLE,N,Y,49.065872,-122.241734,N,DECEMBER,N,ABBOTSFORD,ABBOTSFORD,ABBOTSFORD,N,N,N,LOWER MAINLAND,MCKEE RD & WHATCOM RD,MCKEE RD,MCKEE RD,09:00-11:59,1,0
N,PROPERTY DAMAGE ONLY,WILLINGDON AVE,N,2021,SATURDAY,SINGLE VEHICLE,N,Y,49.257636,-123.004065,N,DECEMBER,N,BURNABY,BURNABY,BURNABY,N,N,N,LOWER MAINLAND,GRANDVIEW HWY & GRANDVIEW HWY ONRAMP & TRANS-CANADA HWY & TRANS-CANADA HWY ONRAMP & WILLINGDON AVE & WILLINGDON AVE OFFRAMP & EMERGENCY LANE,HWY 1,HWY 1,09:00-11:59,1,0
N,PROPERTY DAMAGE ONLY,WOOD ST,N,2021,SATURDAY,SIDE IMPACT,N,Y,50.688692,-120.357871,N,DECEMBER,N,KAMLOOPS,KAMLOOPS,KAMLOOPS,N,N,N,SOUTHERN INTERIOR,TRANQUILLE RD & WOOD ST,TRANQUILLE RD,TRANQUILLE RD,09:00-11:59,1,0
Y,PROPERTY DAMAGE ONLY,\N,N,2021,SATURDAY,SINGLE VEHICLE,N,N,\N,\N,N,DECEMBER,N,CLEARWATER,CLEARWATER,\N,N,N,N,SOUTHERN INTERIOR,UNKNOWN,HWY 5,HWY 5,09:00-11:59,1,0
Y,PROPERTY DAMAGE ONLY,\N,N,2021,SATURDAY,SINGLE VEHICLE,N,N,\N,\N,N,DECEMBER,N,VALEMOUNT,VALEMOUNT,\N,N,N,N,NORTH CENTRAL,UNKNOWN,HWY 5,HWY 5,09:00-11:59,1,0
Y,PROPERTY DAMAGE ONLY,\N,N,2021,SATURDAY,UNDETERMINED,N,N,\N,\N,N,DECEMBER,N,LADYSMITH,LADYSMITH,\N,N,N,N,VANCOUVER ISLAND,UNKNOWN,YELLOW POINT RD,YELLOW POINT RD,09:00-11:59,1,0
