ANIMAL_FLAG,CRASH_SEVERITY,CROSS_STREET_FULL_NAME,CYCLIST_FLAG,DATE_OF_LOSS_YEAR,DAY_OF_WEEK,DERIVED_CRASH_CONFIGURATION,HEAVY_VEH_FLAG,INTERSECTION_CRASH,LATITUDE,LONGITUDE,MID_BLOCK_CRASH,MONTH_OF_YEAR,MOTORCYCLE_FLAG,Municipality Name (ifnull),MUNICIPALITY_NAME,MUNICIPALITY_WITH_BOUNDARY,PARKED_VEHICLE_FLAG,PARKING_LOT_FLAG,PEDESTRIAN_FLAG,REGION,ROAD_LOCATION_DESCRIPTION,Street Full Name (ifnull),STREET_FULL_NAME,TIME_CATEGORY,TOTAL_CRASHES,TOTAL_VICTIMS
N,CASUALTY CRASH,\N,N,2023,MONDAY,REAR END,N,N,49.150566,-121.976759,Y,MARCH,N,CHILLIWACK,CHILLIWACK,CHILLIWACK,N,N,N,LOWER MAINLAND,EAGLE LANDING PKY # 008160 TO 008207,EAGLE LANDING PKY,EAGLE LANDING PKY,12:00-14:59,1,2
N,CASUALTY CRASH,\N,N,2023,MONDAY,REAR END,N,N,49.17833,-122.84551,Y,MARCH,N,SURREY,SURREY,SURREY,N,N,N,LOWER MAINLAND,KING GEORGE BLVD # 009600 TO 009718 even,KING GEORGE HWY,KING GEORGE HWY,12:00-14:59,1,1
N,CASUALTY CRASH,\N,N,2023,MONDAY,SIDE IMPACT,N,N,49.128833,-122.321258,Y,MARCH,N,MISSION,MISSION,MISSION,N,Y,N,LOWER MAINLAND,LONDON AVE # 032536 TO 032699,LONDON AVE,LONDON AVE,12:00-14:59,1,1
N,CASUALTY CRASH,\N,N,2023,MONDAY,SIDE IMPACT,N,N,49.164311,-122.801382,Y,MARCH,N,SURREY,SURREY,SURREY,N,Y,N,LOWER MAINLAND,152 ST # 008800 TO 008998 even,152 ST,152 ST,12:00-14:59,1,1
N,CASUALTY CRASH,\N,N,2023,MONDAY,SIDE IMPACT,N,N,49.236982,-122.852503,Y,MARCH,N,COQUITLAM,COQUITLAM,COQUITLAM,N,Y,N,LOWER MAINLAND,SCHOOLHOUSE ST # 000204 TO 000237,SCHOOLHOUSE ST,SCHOOLHOUSE ST,12:00-14:59,1,2
N,CASUALTY CRASH,\N,N,2023,MONDAY,SIDE IMPACT,N,N,49.321709,-123.096319,Y,MARCH,N,NORTH VANCOUVER,NORTH VANCOUVER,NORTH VANCOUVER,N,Y,N,LOWER MAINLAND,MARINE DR # 000801 TO 000899 odd,MARINE DR,MARINE DR,12:00-14:59,1,1
N,CASUALTY CRASH,\N,N,2023,MONDAY,SIDE IMPACT,N,N,53.888889,-122.768726,Y,MARCH,N,PRINCE GEORGE,PRINCE GEORGE,PRINCE GEORGE,N,Y,N,NORTH CENTRAL,FERRY AVE # 002120 TO 002218 even,FERRY AVE,FERRY AVE,12:00-14:59,1,1
N,CASUALTY CRASH,\N,N,2023,MONDAY,SINGLE VEHICLE,N,N,\N,\N,N,MARCH,N,LILLOOET,LILLOOET,\N,N,N,N,SOUTHERN INTERIOR,UNKNOWN,HWY 99,HWY 99,12:00-14:59,1,1
N,CASUALTY CRASH,\N,N,2023,MONDAY,SINGLE VEHICLE,N,N,\N,\N,N,MARCH,N,MILL BAY,MILL BAY,\N,N,N,N,VANCOUVER ISLAND,UNKNOWN,UNKNOWN,UNKNOWN,12:00-14:59,1,1
N,CASUALTY CRASH,\N,N,2023,MONDAY,SINGLE VEHICLE,N,N,48.777854,-123.698917,Y,MARCH,N,DUNCAN,DUNCAN,DUNCAN,N,Y,N,VANCOUVER ISLAND,TRANS-CANADA HWY # 000353 TO 000365 odd,TRANS-CANADA HWY,TRANS-CANADA HWY,12:00-14:59,1,1
N,CASUALTY CRASH,\N,N,2023,MONDAY,SINGLE VEHICLE,N,N,49.210862,-123.106649,Y,MARCH,N,VANCOUVER,VANCOUVER,VANCOUVER,N,Y,N,LOWER MAINLAND,ONTARIO ST # 008000 TO 008299,ONTARIO ST,ONTARIO ST,12:00-14:59,1,1
N,CASUALTY CRASH,\N,N,2023,MONDAY,SINGLE VEHICLE,N,N,49.836814,-119.627531,Y,MARCH,N,WEST KELOWNA,WEST KELOWNA,WEST KELOWNA,N,N,N,SOUTHERN INTERIOR,BUTT RD # 002425 TO 002449,BUTT RD,BUTT RD,12:00-14:59,1,2
N,CASUALTY CRASH,\N,N,2023,MONDAY,UNDETERMINED,N,N,49.30781,-117.659206,Y,MARCH,N,CASTLEGAR,CASTLEGAR,CASTLEGAR,N,Y,N,SOUTHERN INTERIOR,COLUMBIA AVE # 001400 TO 001498 even,COLUMBIA AVE,COLUMBIA AVE,12:00-14:59,1,1
N,CASUALTY CRASH,100 AVE,N,2023,MONDAY,REAR END,Y,Y,49.18428,-122.843225,N,MARCH,N,SURREY,SURREY,SURREY,N,N,N,LOWER MAINLAND,100 AVE & WHALLEY BLVD,WHALLEY BLVD,WHALLEY BLVD,12:00-14:59,1,1
N,CASUALTY CRASH,102A AVE,N,2023,MONDAY,SIDE IMPACT,N,Y,49.188742,-122.800921,N,MARCH,N,SURREY,SURREY,SURREY,N,N,N,LOWER MAINLAND,102A AVE & 152 ST & MALL ACCESS,152 ST,152 ST,12:00-14:59,1,1
N,CASUALTY CRASH,108 AVE,N,2023,MONDAY,REAR END,N,Y,49.198842,-122.789752,N,MARCH,N,SURREY,SURREY,SURREY,N,N,N,LOWER MAINLAND,108 AVE & 156 ST,156 ST,156 ST,12:00-14:59,1,2
N,CASUALTY CRASH,122 ST,N,2023,MONDAY,CONFLICTED,N,Y,49.133997,-122.884833,N,MARCH,N,SURREY,SURREY,SURREY,N,N,N,LOWER MAINLAND,122 ST & 72 AVE,72 AVE,72 AVE,12:00-14:59,1,1
N,CASUALTY CRASH,128 ST,N,2023,MONDAY,REAR END,N,Y,49.13388,-122.867854,N,MARCH,N,SURREY,SURREY,SURREY,N,N,N,LOWER MAINLAND,128 ST & 72 AVE,72 AVE,72 AVE,12:00-14:59,1,2
N,CASUALTY CRASH,128 ST,N,2023,MONDAY,REAR END,N,Y,49.206298,-122.867395,N,MARCH,N,SURREY,SURREY,SURREY,N,N,N,LOWER MAINLAND,112A AVE & 128 ST & BRIDGEVIEW DR & KING GEORGE BLVD & TURNING LANE,KING GEORGE BLVD,KING GEORGE BLVD,12:00-14:59,1,2
N,CASUALTY CRASH,138 ST,N,2023,MONDAY,SIDE IMPACT,N,Y,49.176987,-122.839944,N,MARCH,N,SURREY,SURREY,SURREY,N,N,N,LOWER MAINLAND,138 ST & 96 AVE,96 AVE,96 AVE,12:00-14:59,1,1
N,CASUALTY CRASH,168 ST,N,2023,MONDAY,SIDE IMPACT,N,Y,49.104286,-122.756658,N,MARCH,N,SURREY,SURREY,SURREY,N,N,N,LOWER MAINLAND,168 ST & 56 AVE,HWY 10,HWY 10,12:00-14:59,1,2
N,CASUALTY CRASH,16TH AVE,N,2023,MONDAY,SINGLE VEHICLE,N,Y,49.238846,-122.907176,N,MARCH,N,BURNABY,BURNABY,BURNABY,N,N,N,LOWER MAINLAND,16TH AVE & CARIBOO RD,CARIBOO RD,CARIBOO RD,12:00-14:59,1,1
N,CASUALTY CRASH,176 ST,N,2023,MONDAY,REAR END,N,Y,49.118761,-122.734941,N,MARCH,N,SURREY,SURREY,SURREY,N,N,N,LOWER MAINLAND,176 ST & 64 AVE,64 AVE,64 AVE,12:00-14:59,1,2
N,CASUALTY CRASH,200 RD,N,2023,MONDAY,REAR END,Y,N,\N,\N,N,MARCH,N,FELLERS HEIGHTS,FELLERS HEIGHTS,\N,N,N,N,NORTH CENTRAL,UNKNOWN,HWY 52,HWY 52,12:00-14:59,1,1
N,CASUALTY CRASH,200 ST,N,2023,MONDAY,CONFLICTED,N,Y,49.129877,-122.668381,N,MARCH,N,LANGLEY,LANGLEY,LANGLEY,N,Y,N,LOWER MAINLAND,200 ST & 70 AVE,70 AVE,70 AVE,12:00-14:59,1,1
N,CASUALTY CRASH,200 ST,N,2023,MONDAY,SIDE IMPACT,N,Y,49.116745,-122.66857,N,MARCH,N,LANGLEY,LANGLEY,LANGLEY,N,N,N,LOWER MAINLAND,200 ST & WILLOWBROOK DR & TURNING LANE,WILLOWBROOK DR,WILLOWBROOK DR,12:00-14:59,1,1
N,CASUALTY CRASH,232 ST,N,2023,MONDAY,REAR END,N,Y,49.136327,-122.581328,N,MARCH,N,LANGLEY,LANGLEY,LANGLEY,N,N,N,LOWER MAINLAND,232 ST & 232 ST OFFRAMP & 232 ST ONRAMP & 72 AVE & 72 AVE ONRAMP & TRANS-CANADA HWY,HWY 1,HWY 1,12:00-14:59,1,1
N,CASUALTY CRASH,248 ST,N,2023,MONDAY,REAR END,N,Y,49.069418,-122.536944,N,MARCH,N,LANGLEY,LANGLEY,LANGLEY,N,N,N,LOWER MAINLAND,248 ST & FRASER HWY,FRASER HWY,FRASER HWY,12:00-14:59,1,1
N,CASUALTY CRASH,264 ST,N,2023,MONDAY,REAR END,N,Y,49.101569,-122.492803,N,MARCH,N,LANGLEY,LANGLEY,LANGLEY,N,N,N,LOWER MAINLAND,264 ST & 264 ST OFFRAMP & 264 ST ONRAMP & 56 AVE & 56 AVE OFFRAMP & 56 AVE ONRAMP & TRANS-CANADA HWY & TURNING LANE,HWY 1,HWY 1,12:00-14:59,1,1
N,CASUALTY CRASH,32 AVE,N,2023,MONDAY,REAR END,N,Y,49.060147,-122.735396,N,MARCH,N,SURREY,SURREY,SURREY,N,N,N,LOWER MAINLAND,176 ST & 32 AVE & TURNING LANE,HWY 15,HWY 15,12:00-14:59,1,1
N,CASUALTY CRASH,34B AVE,N,2023,MONDAY,REAR END,N,Y,49.065286,-123.077039,N,MARCH,N,DELTA,DELTA,DELTA,N,N,N,LOWER MAINLAND,34B AVE & 53 ST & ARTHUR DR,ARTHUR DR,ARTHUR DR,12:00-14:59,1,1
N,CASUALTY CRASH,3RD AVE,Y,2023,MONDAY,SINGLE VEHICLE,N,Y,49.238338,-124.807653,N,MARCH,N,PORT ALBERNI,PORT ALBERNI,PORT ALBERNI,N,N,N,VANCOUVER ISLAND,3RD AVE & DUNBAR ST & KINGSWAY AVE & TURNING LANE,DUNBAR ST,DUNBAR ST,12:00-14:59,1,1
N,CASUALTY CRASH,3RD ST W,N,2023,MONDAY,SIDE IMPACT,N,N,\N,\N,N,MARCH,N,NORTH VANCOUVER,NORTH VANCOUVER,\N,N,N,N,LOWER MAINLAND,UNKNOWN,MACKAY RD,MACKAY RD,12:00-14:59,1,2
N,CASUALTY CRASH,4TH ST,N,2023,MONDAY,REAR END,N,Y,49.220334,-122.925085,N,MARCH,N,BURNABY,BURNABY,BURNABY & NEW WESTMINSTER,N,N,N,LOWER MAINLAND,10TH AVE & FOURTH ST & TENTH AVE,10TH AVE,10TH AVE,12:00-14:59,1,1
N,CASUALTY CRASH,4TH ST,N,2023,MONDAY,SINGLE VEHICLE,Y,Y,49.222047,-122.926674,N,MARCH,N,BURNABY,BURNABY,BURNABY,N,N,Y,LOWER MAINLAND,12TH AVE & 4TH ST,12TH AVE,12TH AVE,12:00-14:59,1,1
N,CASUALTY CRASH,72 AVE,N,2023,MONDAY,REAR END,N,Y,49.133236,-122.645714,N,MARCH,N,LANGLEY,LANGLEY,LANGLEY,N,N,N,LOWER MAINLAND,208 ST & 72 AVE & TURNING LANE,208 ST,208 ST,12:00-14:59,1,1
N,CASUALTY CRASH,8 AVE,N,2023,MONDAY,UNDETERMINED,N,Y,49.016653,-122.735303,N,MARCH,N,SURREY,SURREY,SURREY,N,N,N,LOWER MAINLAND,176 ST & 8 AVE & TURNING LANE,176 ST,176 ST,12:00-14:59,1,2
N,CASUALTY CRASH,80 AVE,N,2023,MONDAY,SIDE IMPACT,N,Y,49.148038,-122.734796,N,MARCH,N,SURREY,SURREY,SURREY,N,N,N,LOWER MAINLAND,176 ST & 80 AVE & TURNING LANE,176 ST,176 ST,12:00-14:59,1,1
N,CASUALTY CRASH,84 AVE,N,2023,MONDAY,REAR END,N,Y,49.15535,-122.868017,N,MARCH,N,SURREY,SURREY,SURREY,N,N,N,LOWER MAINLAND,128 ST & 84 AVE,128 ST,128 ST,12:00-14:59,1,1
N,CASUALTY CRASH,92 AVE,N,2023,MONDAY,UNDETERMINED,N,Y,49.169776,-122.868042,N,MARCH,N,SURREY,SURREY,SURREY,N,N,N,LOWER MAINLAND,128 ST & 92 AVE & DAVID BRANKIN ELEMENTARY SCHOOL ACCESS,128 ST,128 ST,12:00-14:59,1,1
N,CASUALTY CRASH,96 AVE,N,2023,MONDAY,REAR END,N,Y,49.177035,-122.845713,N,MARCH,N,SURREY,SURREY,SURREY,N,N,N,LOWER MAINLAND,96 AVE & KING GEORGE BLVD & TURNING LANE,KING GEORGE BLVD,KING GEORGE BLVD,12:00-14:59,1,2
N,CASUALTY CRASH,ALBERT WAY,N,2023,MONDAY,UNDETERMINED,N,Y,49.050199,-122.346658,N,MARCH,N,ABBOTSFORD,ABBOTSFORD,ABBOTSFORD,Y,N,N,LOWER MAINLAND,ALBERT WAY & HILL-TOUT ST,HILL-TOUT ST,HILL-TOUT ST,12:00-14:59,1,2
N,CASUALTY CRASH,ASPEN ST,N,2023,MONDAY,SIDE IMPACT,N,Y,50.690853,-120.358727,N,MARCH,N,KAMLOOPS,KAMLOOPS,KAMLOOPS,N,Y,N,SOUTHERN INTERIOR,ASPEN ST & TRANQUILLE RD,TRANQUILLE RD,TRANQUILLE RD,12:00-14:59,1,3
N,CASUALTY CRASH,AUSTIN RD,N,2023,MONDAY,UNDETERMINED,N,Y,49.249073,-122.892859,N,MARCH,N,BURNABY,BURNABY,BURNABY & COQUITLAM,N,Y,N,LOWER MAINLAND,AUSTIN AVE & AUSTIN RD & NORTH RD,NORTH RD,NORTH RD,12:00-14:59,1,1
N,CASUALTY CRASH,BARKER CRES,N,2023,MONDAY,REAR END,N,Y,49.24295,-123.00498,N,MARCH,N,BURNABY,BURNABY,BURNABY,N,N,N,LOWER MAINLAND,BARKER CRES & MOSCROP SECONDARY SCHOOL ACCESS & MOSCROP ST,MOSCROP ST,MOSCROP ST,12:00-14:59,1,4
N,CASUALTY CRASH,BERING RD,N,2023,MONDAY,REAR END,N,Y,49.831861,-119.618955,N,MARCH,N,WEST KELOWNA,WEST KELOWNA,WEST KELOWNA,N,N,N,SOUTHERN INTERIOR,BERING RD & CARRINGTON RD,CARRINGTON RD,CARRINGTON RD,12:00-14:59,1,2
N,CASUALTY CRASH,BIDWELL ST,N,2023,MONDAY,REAR END,N,Y,49.290467,-123.133879,N,MARCH,N,VANCOUVER,VANCOUVER,VANCOUVER,N,N,N,LOWER MAINLAND,BIDWELL ST & ROBSON ST,ROBSON ST,ROBSON ST,12:00-14:59,1,1
N,CASUALTY CRASH,BOLTON RD,N,2023,MONDAY,REAR END,N,Y,50.77237,-119.339852,N,MARCH,N,TAPPEN,TAPPEN,TAPPEN,N,N,N,SOUTHERN INTERIOR,BOLTON RD & TRANS-CANADA HWY,TRANS-CANADA HWY,TRANS-CANADA HWY,12:00-14:59,1,2
N,CASUALTY CRASH,BOUNDARY RD,N,2023,MONDAY,CONFLICTED,N,Y,49.242984,-123.023627,N,MARCH,N,BURNABY,BURNABY,BURNABY & VANCOUVER,N,N,N,LOWER MAINLAND,BOUNDARY RD & MOSCROP ST,MOSCROP ST,MOSCROP ST,12:00-14:59,1,2
N,CASUALTY CRASH,BOWEN RD,N,2023,MONDAY,REAR END,N,N,49.179696,-123.985858,N,MARCH,N,NANAIMO,NANAIMO,NANAIMO,N,N,N,VANCOUVER ISLAND,E WELLINGTON RD UNDRPASS,E WELLINGTON RD UNDRPASS,E WELLINGTON RD UNDRPASS,12:00-14:59,1,1
N,CASUALTY CRASH,BRIDGEPORT RD,N,2023,MONDAY,UNDETERMINED,N,Y,49.191975,-123.09148,N,MARCH,N,RICHMOND,RICHMOND,RICHMOND,N,N,N,LOWER MAINLAND,BRIDGEPORT RD & NO 5 RD,NO 5 RD,NO 5 RD,12:00-14:59,1,2
N,CASUALTY CRASH,BUTT RD,N,2023,MONDAY,REAR END,Y,Y,49.836813,-119.625456,N,MARCH,N,WEST KELOWNA,WEST KELOWNA,WEST KELOWNA,N,N,N,SOUTHERN INTERIOR,BUTT RD & OLD OKANAGAN HWY,OLD OKANAGAN HWY,OLD OKANAGAN HWY,12:00-14:59,1,1
N,CASUALTY CRASH,CAMBIE ST,N,2023,MONDAY,REAR END,N,Y,49.283537,-123.109152,N,MARCH,N,VANCOUVER,VANCOUVER,VANCOUVER,N,N,N,LOWER MAINLAND,CAMBIE ST & W CORDOVA ST,W CORDOVA ST,W CORDOVA ST,12:00-14:59,1,1
N,CASUALTY CRASH,CLIFFE AVE,N,2023,MONDAY,SIDE SWIPE - SAME DIRECTION,N,Y,49.684178,-124.990381,N,MARCH,N,COURTENAY,COURTENAY,COURTENAY,N,N,N,VANCOUVER ISLAND,17TH ST & CLIFFE AVE & TURNING LANE,17TH ST,17TH ST,12:00-14:59,1,1
N,CASUALTY CRASH,CLOVERDALE AVE,N,2023,MONDAY,CONFLICTED,N,Y,48.450974,-123.369658,N,MARCH,N,SAANICH,SAANICH,SAANICH,N,N,N,VANCOUVER ISLAND,BLANSHARD ST & CLOVERDALE AVE & TURNING LANE,BLANSHARD ST,BLANSHARD ST,12:00-14:59,1,3
N,CASUALTY CRASH,COWICHAN BAY RD,N,2023,MONDAY,REAR END,N,Y,48.707722,-123.607557,N,MARCH,N,COBBLE HILL,COBBLE HILL,COBBLE HILL,N,N,N,VANCOUVER ISLAND,COBBLE HILL RD & COWICHAN BAY RD & TRANS-CANADA HWY & TURNING LANE,HWY 1,HWY 1,12:00-14:59,1,1
N,CASUALTY CRASH,DENMAN ST,N,2023,MONDAY,REAR END,N,Y,49.292623,-123.133718,N,MARCH,N,VANCOUVER,VANCOUVER,VANCOUVER,N,N,N,LOWER MAINLAND,DENMAN ST & W GEORGIA ST,W GEORGIA ST,W GEORGIA ST,12:00-14:59,1,2
N,CASUALTY CRASH,DOUGLAS ST,N,2023,MONDAY,SIDE IMPACT,N,Y,48.452759,-123.375427,N,MARCH,N,SAANICH,SAANICH,SAANICH,N,N,N,VANCOUVER ISLAND,BOLESKINE RD & DOUGLAS ST & SAANICH RD & TURNING LANE,SAANICH RD,SAANICH RD,12:00-14:59,1,1
N,CASUALTY CRASH,E 22ND ST,N,2023,MONDAY,REAR END,N,Y,49.32925,-123.069037,N,MARCH,N,NORTH VANCOUVER,NORTH VANCOUVER,NORTH VANCOUVER,N,N,N,LOWER MAINLAND,E 22ND ST & ST GEORGES AVE,ST GEORGES AVE,ST GEORGES AVE,12:00-14:59,1,1
N,CASUALTY CRASH,FIFTH ST,N,2023,MONDAY,REAR END,N,Y,48.647645,-123.400307,N,MARCH,N,SIDNEY,SIDNEY,SIDNEY,Y,N,N,VANCOUVER ISLAND,BEVAN AVE & FIFTH ST,BEVAN AVE,BEVAN AVE,12:00-14:59,1,1
N,CASUALTY CRASH,FRASER HWY,N,2023,MONDAY,SIDE IMPACT,N,Y,49.16472,-122.797925,N,MARCH,N,SURREY,SURREY,SURREY,N,N,N,LOWER MAINLAND,FLEETWOOD WAY & FRASER HWY,FLEETWOOD WAY,FLEETWOOD WAY,12:00-14:59,1,2
N,CASUALTY CRASH,GILBERT RD,N,2023,MONDAY,SIDE IMPACT,N,Y,49.155594,-123.1478,N,MARCH,N,RICHMOND,RICHMOND,RICHMOND,N,N,N,LOWER MAINLAND,BLUNDELL RD & GILBERT RD,BLUNDELL RD,BLUNDELL RD,12:00-14:59,1,2
N,CASUALTY CRASH,GLADYS AVE,N,2023,MONDAY,SIDE IMPACT,N,Y,49.050124,-122.287669,N,MARCH,N,ABBOTSFORD,ABBOTSFORD,ABBOTSFORD,N,N,N,LOWER MAINLAND,GEORGE FERGUSON WAY & GLADYS AVE,GEORGE FERGUSON WAY,GEORGE FERGUSON WAY,12:00-14:59,1,1
N,CASUALTY CRASH,GOLDFINCH ST,N,2023,MONDAY,SINGLE VEHICLE,N,Y,49.065764,-122.377114,N,MARCH,N,ABBOTSFORD,ABBOTSFORD,ABBOTSFORD,N,N,N,LOWER MAINLAND,BLUERIDGE DR & CRESTVIEW AVE & GOLDFINCH ST,BLUERIDGE DR,BLUERIDGE DR,12:00-14:59,1,1
N,CASUALTY CRASH,GRIFFITHS DR,N,2023,MONDAY,REAR END,N,Y,49.215082,-122.960328,N,MARCH,N,BURNABY,BURNABY,BURNABY,N,N,N,LOWER MAINLAND,GRIFFITHS DR & RUMBLE ST,RUMBLE ST,RUMBLE ST,12:00-14:59,1,2
N,CASUALTY CRASH,HARVEY AVE,N,2023,MONDAY,REAR END,N,Y,49.881936,-119.462547,N,MARCH,N,KELOWNA,KELOWNA,KELOWNA,N,N,N,SOUTHERN INTERIOR,HARVEY AVE & SUTHERLAND AVE & TURNING LANE,SUTHERLAND AVE,SUTHERLAND AVE,12:00-14:59,1,1
N,CASUALTY CRASH,HWY 1,N,2023,MONDAY,REAR END,N,Y,49.143763,-121.977656,N,MARCH,N,CHILLIWACK,CHILLIWACK,CHILLIWACK,N,N,N,LOWER MAINLAND,EVANS RD & EVANS RD OFFRAMP & EVANS RD ONRAMP & TRANS-CANADA HWY,EVANS RD,EVANS RD,12:00-14:59,1,1
N,CASUALTY CRASH,HWY 10,N,2023,MONDAY,REAR END,N,Y,49.104149,-122.734962,N,MARCH,N,SURREY,SURREY,SURREY,N,N,N,LOWER MAINLAND,176 ST & 56 AVE,176 ST,176 ST,12:00-14:59,1,1
N,CASUALTY CRASH,HWY 16,N,2023,MONDAY,REAR END,N,Y,53.869202,-122.780417,N,MARCH,N,PRINCE GEORGE,PRINCE GEORGE,PRINCE GEORGE,N,N,N,NORTH CENTRAL,DOMANO BLVD & HWY 16 W & TYNER BLVD & TURNING LANE,TYNER BLVD,TYNER BLVD,12:00-14:59,1,1
N,CASUALTY CRASH,HWY 17,N,2023,MONDAY,SIDE IMPACT,N,Y,49.140603,-122.995894,N,MARCH,N,DELTA,DELTA,DELTA,N,N,N,LOWER MAINLAND,80 ST CONN & 80 ST CONN OFFRAMP & 80 ST CONN ONRAMP & HWY 17,80 ST CONNECTR,80 ST CONNECTR,12:00-14:59,1,2
N,CASUALTY CRASH,HWY 17A,N,2023,MONDAY,REAR END,N,Y,49.090175,-123.056956,N,MARCH,N,DELTA,DELTA,DELTA,N,N,N,LOWER MAINLAND,HWY 17A & LADNER TRUNK RD & TURNING LANE,LADNER TRUNK RD,LADNER TRUNK RD,12:00-14:59,1,2
N,CASUALTY CRASH,HWY 33,N,2023,MONDAY,REAR END,N,Y,49.889036,-119.417573,N,MARCH,N,KELOWNA,KELOWNA,KELOWNA,N,N,N,SOUTHERN INTERIOR,HWY 33 W & MAYDEN RD & MILLS RD & ZIPRICK RD & TURNING LANE,ZIPRICK RD,ZIPRICK RD,12:00-14:59,1,3
N,CASUALTY CRASH,HWY 33,N,2023,MONDAY,REAR END,N,Y,49.889477,-119.420504,N,MARCH,N,KELOWNA,KELOWNA,KELOWNA,N,N,N,SOUTHERN INTERIOR,HWY 33 W & HWY 97 N & TURNING LANE,HWY 97,HWY 97,12:00-14:59,1,1
N,CASUALTY CRASH,HWY 7,N,2023,MONDAY,REAR END,N,Y,49.252391,-122.912547,N,MARCH,N,BURNABY,BURNABY,BURNABY,N,N,N,LOWER MAINLAND,GAGLARDI WAY & LOUGHEED HWY & TURNING LANE,GAGLARDI WAY,GAGLARDI WAY,12:00-14:59,1,1
N,CASUALTY CRASH,HWY 97,N,2023,MONDAY,SIDE IMPACT,N,Y,50.053687,-119.410827,N,MARCH,N,LAKE COUNTRY,LAKE COUNTRY,LAKE COUNTRY,N,N,N,SOUTHERN INTERIOR,HWY 97 & OCEOLA RD & WOODSDALE RD & TURNING LANE,WOODSDALE RD,WOODSDALE RD,12:00-14:59,1,1
N,CASUALTY CRASH,IRONWORKERS MEMORIAL BRIDGE,N,2023,MONDAY,REAR END,N,Y,49.287032,-123.031028,N,MARCH,N,VANCOUVER,VANCOUVER,VANCOUVER,N,N,N,LOWER MAINLAND,BRIDGEWAY OFFRAMP & E HASTINGS ST OFFRAMP & IRONWORKERS MEMORIAL BRIDGE & MCGILL ST & MCGILL ST OFFRAMP & MCGILL ST ONRAMP & TRANS-CANADA HWY,HWY 1,HWY 1,12:00-14:59,1,5
N,CASUALTY CRASH,ISLAND HWY N,N,2023,MONDAY,REAR END,N,Y,49.24105,-124.054011,N,MARCH,N,NANAIMO,NANAIMO,NANAIMO,N,N,N,VANCOUVER ISLAND,MARY ELLEN DR & MALL ACCESS & TURNING LANE,MARY ELLEN DR,MARY ELLEN DR,12:00-14:59,1,1
N,CASUALTY CRASH,ISLAND HWY W,N,2023,MONDAY,UNDETERMINED,N,Y,49.323394,-124.323711,N,MARCH,N,PARKSVILLE,PARKSVILLE,PARKSVILLE,N,N,Y,VANCOUVER ISLAND,ISLAND HWY W & MOILLIET ST N,MOILLIET ST N,MOILLIET ST N,12:00-14:59,1,2
N,CASUALTY CRASH,JACKLIN RD,N,2023,MONDAY,REAR END,N,Y,48.433882,-123.515046,N,MARCH,N,COLWOOD,COLWOOD,COLWOOD & LANGFORD,N,N,N,VANCOUVER ISLAND,JACKLIN RD & SOOKE RD & TURNING LANE,SOOKE RD,SOOKE RD,12:00-14:59,1,1
N,CASUALTY CRASH,KIRKMOND RD,N,2023,MONDAY,SIDE IMPACT,N,Y,49.148313,-123.188919,N,MARCH,N,RICHMOND,RICHMOND,RICHMOND,N,N,N,LOWER MAINLAND,FRANCIS RD & KIRKMOND RD,FRANCIS RD,FRANCIS RD,12:00-14:59,1,1
N,CASUALTY CRASH,KNIGHT RD,N,2023,MONDAY,REAR END,N,Y,49.139979,-121.977616,N,MARCH,N,CHILLIWACK,CHILLIWACK,CHILLIWACK,N,N,N,LOWER MAINLAND,EVANS RD & KNIGHT RD,EVANS RD,EVANS RD,12:00-14:59,1,2
N,CASUALTY CRASH,KNIGHT ST,N,2023,MONDAY,REAR END,N,Y,49.232692,-123.077064,N,MARCH,N,VANCOUVER,VANCOUVER,VANCOUVER,N,N,N,LOWER MAINLAND,E 41ST AVE & KNIGHT ST,E 41ST AVE,E 41ST AVE,12:00-14:59,1,1
N,CASUALTY CRASH,LADNER TRUNK RD,N,2023,MONDAY,SIDE IMPACT,N,Y,49.090175,-123.056956,N,MARCH,N,DELTA,DELTA,DELTA,N,N,N,LOWER MAINLAND,HWY 17A & LADNER TRUNK RD & TURNING LANE,HWY 17A,HWY 17A,12:00-14:59,1,2
N,CASUALTY CRASH,MACKENZIE AVE S,N,2023,MONDAY,CONFLICTED,N,Y,52.124223,-122.143058,N,MARCH,N,WILLIAMS LAKE,WILLIAMS LAKE,WILLIAMS LAKE,N,N,N,NORTH CENTRAL,3RD AVE S & MACKENZIE AVE S,3RD AVE S,3RD AVE S,12:00-14:59,1,1
N,CASUALTY CRASH,MACKENZIE AVE S,N,2023,MONDAY,SIDE IMPACT,N,Y,52.125104,-122.120314,N,MARCH,N,WILLIAMS LAKE,WILLIAMS LAKE,WILLIAMS LAKE,N,N,N,NORTH CENTRAL,BROADWAY AVE S & HWY 97 & MACKENZIE AVE S & TURNING LANE,HWY 97,HWY 97,12:00-14:59,1,1
N,CASUALTY CRASH,MACLURE RD,N,2023,MONDAY,REAR END,N,Y,49.055201,-122.370416,N,MARCH,N,ABBOTSFORD,ABBOTSFORD,ABBOTSFORD,N,N,N,LOWER MAINLAND,BLUE JAY ST & FRASER HWY & LIVINGSTONE AVE & MACLURE RD,LIVINGSTONE AVE,LIVINGSTONE AVE,12:00-14:59,1,2
N,CASUALTY CRASH,MAIN ST,N,2023,MONDAY,UNDETERMINED,N,Y,49.325803,-123.140403,N,MARCH,N,WEST VANCOUVER,WEST VANCOUVER,WEST VANCOUVER,N,Y,N,LOWER MAINLAND,MAIN ST & PARK ROYAL SOUTH & MALL ACCESS,PARK ROYAL SOUTH,PARK ROYAL SOUTH,12:00-14:59,1,1
N,CASUALTY CRASH,MORRISON AVE,N,2023,MONDAY,REAR END,N,Y,49.265649,-122.884852,N,MARCH,N,COQUITLAM,COQUITLAM,COQUITLAM,N,N,N,LOWER MAINLAND,CLARKE RD & MORRISON AVE,CLARKE RD,CLARKE RD,12:00-14:59,1,1
N,CASUALTY CRASH,MUFFORD CRES,N,2023,MONDAY,REAR END,N,Y,49.118684,-122.654322,N,MARCH,N,LANGLEY,LANGLEY,LANGLEY,N,N,N,LOWER MAINLAND,204 ST & 64 AVE & MUFFORD CRES & WILLOWBROOK CONN & TURNING LANE,204 ST,204 ST,12:00-14:59,1,1
N,CASUALTY CRASH,NOURSE SUBDIVISION 1,N,2023,MONDAY,REAR END,N,Y,54.203663,-125.749701,N,MARCH,N,BURNS LAKE,BURNS LAKE,BURNS LAKE,N,N,N,NORTH CENTRAL,HWY 35 & NOURSE SUBDIVISION 1,HWY 35,HWY 35,12:00-14:59,1,1
N,CASUALTY CRASH,OAK ST,N,2023,MONDAY,UNDETERMINED,N,Y,49.260586,-123.126708,N,MARCH,N,VANCOUVER,VANCOUVER,VANCOUVER,N,N,Y,LOWER MAINLAND,OAK ST & W 12TH AVE,W 12TH AVE,W 12TH AVE,12:00-14:59,1,1
N,CASUALTY CRASH,ORCHID DR,N,2023,MONDAY,REAR END,N,Y,49.260269,-122.79782,N,MARCH,N,COQUITLAM,COQUITLAM,COQUITLAM,N,N,N,LOWER MAINLAND,LOUGHEED HWY & ORCHID DR & TURNING LANE,LOUGHEED HWY,LOUGHEED HWY,12:00-14:59,1,2
N,CASUALTY CRASH,QUEBEC ST,N,2023,MONDAY,UNDETERMINED,N,Y,49.264635,-123.102895,N,MARCH,N,VANCOUVER,VANCOUVER,VANCOUVER,N,N,N,LOWER MAINLAND,E 7TH AVE & QUEBEC ST,E 7TH AVE,E 7TH AVE,12:00-14:59,1,1
N,CASUALTY CRASH,ROSS RD,N,2023,MONDAY,UNDETERMINED,N,Y,49.057584,-122.403618,N,MARCH,N,ABBOTSFORD,ABBOTSFORD,ABBOTSFORD,N,N,N,LOWER MAINLAND,FRASER HWY & ROSS RD,FRASER HWY,FRASER HWY,12:00-14:59,1,1
N,CASUALTY CRASH,ROSSER AVE,N,2023,MONDAY,CONFLICTED,N,Y,49.281027,-123.005889,N,MARCH,N,BURNABY,BURNABY,BURNABY,N,N,N,LOWER MAINLAND,HASTINGS ST & ROSSER AVE,HASTINGS ST,HASTINGS ST,12:00-14:59,1,1
N,CASUALTY CRASH,S ISLAND HWY,N,2023,MONDAY,SIDE IMPACT,Y,N,\N,\N,N,MARCH,N,CAMPBELL RIVER,CAMPBELL RIVER,\N,N,N,N,VANCOUVER ISLAND,UNKNOWN,SHOPPERS ROW,SHOPPERS ROW,12:00-14:59,1,1
N,CASUALTY CRASH,SEYMOUR ST,N,2023,MONDAY,SIDE IMPACT,N,Y,50.674955,-120.334397,N,MARCH,N,KAMLOOPS,KAMLOOPS,KAMLOOPS,N,N,N,SOUTHERN INTERIOR,3RD AVE & SEYMOUR ST,3RD AVE,3RD AVE,12:00-14:59,1,1
N,CASUALTY CRASH,SOOKE RD,N,2023,MONDAY,SINGLE VEHICLE,N,Y,48.440611,-123.473746,N,MARCH,N,COLWOOD,COLWOOD,COLWOOD,N,N,Y,VANCOUVER ISLAND,COLWOOD CRES & SOOKE RD,COLWOOD CRES,COLWOOD CRES,12:00-14:59,1,1
N,CASUALTY CRASH,SPOKANE ST,N,2023,MONDAY,REAR END,N,Y,49.094501,-117.709217,N,MARCH,N,TRAIL,TRAIL,TRAIL,N,N,N,SOUTHERN INTERIOR,PINE AVE & SPOKANE ST,PINE AVE,PINE AVE,12:00-14:59,1,1
N,CASUALTY CRASH,STAVE LAKE ST,N,2023,MONDAY,REAR END,N,Y,49.134725,-122.292784,N,MARCH,N,MISSION,MISSION,MISSION,N,N,N,LOWER MAINLAND,1ST AVE & STAVE LAKE ST,1ST AVE,1ST AVE,12:00-14:59,1,3
N,CASUALTY CRASH,SUMAS WAY,N,2023,MONDAY,REAR END,N,Y,49.040074,-122.27126,N,MARCH,N,ABBOTSFORD,ABBOTSFORD,ABBOTSFORD,N,N,N,LOWER MAINLAND,SOUTH FRASER WAY & SUMAS WAY & MALL ACCESS & TURNING LANE,SOUTH FRASER WAY,SOUTH FRASER WAY,12:00-14:59,1,1
N,CASUALTY CRASH,UDY RD,N,2023,MONDAY,SIDE IMPACT,N,Y,49.160201,-123.158882,N,MARCH,N,RICHMOND,RICHMOND,RICHMOND,N,N,N,LOWER MAINLAND,NO 2 RD & UDY RD,NO 2 RD,NO 2 RD,12:00-14:59,1,1
N,CASUALTY CRASH,UNKNOWN,Y,2023,MONDAY,SINGLE VEHICLE,N,N,\N,\N,N,MARCH,N,VANCOUVER,VANCOUVER,\N,N,N,N,LOWER MAINLAND,UNKNOWN,W 39TH AVE,W 39TH AVE,12:00-14:59,1,1
N,CASUALTY CRASH,VANNESS AVE,N,2023,MONDAY,REAR END,N,Y,49.234324,-123.023534,N,MARCH,N,BURNABY,BURNABY,BURNABY & VANCOUVER,N,N,N,LOWER MAINLAND,BOUNDARY RD & VANNESS AVE,BOUNDARY RD,BOUNDARY RD,12:00-14:59,1,1
N,CASUALTY CRASH,VETERANS MEMORIAL PKY,N,2023,MONDAY,SINGLE VEHICLE,N,Y,48.447427,-123.495547,N,MARCH,Y,LANGFORD,LANGFORD,LANGFORD,N,N,N,VANCOUVER ISLAND,E AND N RAIL TRAIL & GOLDSTREAM AVE & VETERANS MEMORIAL PKY & TURNING LANE,GOLDSTREAM AVE,GOLDSTREAM AVE,12:00-14:59,1,1
N,CASUALTY CRASH,W 1ST ST,N,2023,MONDAY,REAR END,N,Y,49.313211,-123.081809,N,MARCH,N,NORTH VANCOUVER,NORTH VANCOUVER,NORTH VANCOUVER,Y,N,N,LOWER MAINLAND,CHESTERFIELD AVE & W 1ST ST,CHESTERFIELD AVE,CHESTERFIELD AVE,12:00-14:59,1,3
N,CASUALTY CRASH,W 33RD AVE,N,2023,MONDAY,REAR END,Y,Y,49.241437,-123.127824,N,MARCH,N,VANCOUVER,VANCOUVER,VANCOUVER,N,N,N,LOWER MAINLAND,OAK ST & W 33RD AVE,OAK ST,OAK ST,12:00-14:59,1,1
N,CASUALTY CRASH,W 8TH AVE,N,2023,MONDAY,REAR END,N,Y,49.26405,-123.114821,N,MARCH,N,VANCOUVER,VANCOUVER,VANCOUVER,N,N,N,LOWER MAINLAND,CAMBIE ST & W 8TH AVE,CAMBIE ST,CAMBIE ST,12:00-14:59,1,1
N,CASUALTY CRASH,WESTMINSTER HWY,N,2023,MONDAY,REAR END,N,Y,49.170298,-123.091643,N,MARCH,N,RICHMOND,RICHMOND,RICHMOND,N,N,N,LOWER MAINLAND,NO 5 RD & WESTMINSTER HWY & TURNING LANE,NO 5 RD,NO 5 RD,12:00-14:59,1,1
N,CASUALTY CRASH,WILLIAMS RD,N,2023,MONDAY,SIDE SWIPE - SAME DIRECTION,N,Y,49.140885,-123.136704,N,MARCH,N,RICHMOND,RICHMOND,RICHMOND,N,N,N,LOWER MAINLAND,NO 3 RD & WILLIAMS RD,NO 3 RD,NO 3 RD,12:00-14:59,1,1
N,CASUALTY CRASH,WILLINGDON AVE,N,2023,MONDAY,REAR END,N,Y,49.254637,-123.004255,N,MARCH,N,BURNABY,BURNABY,BURNABY,N,N,N,LOWER MAINLAND,CANADA WAY & WILLINGDON AVE,CANADA WAY,CANADA WAY,12:00-14:59,1,1
N,CASUALTY CRASH,WILLINGDON AVE,N,2023,MONDAY,REAR END,N,Y,49.257636,-123.004065,N,MARCH,N,BURNABY,BURNABY,BURNABY,N,N,N,LOWER MAINLAND,GRANDVIEW HWY & GRANDVIEW HWY ONRAMP & TRANS-CANADA HWY & TRANS-CANADA HWY ONRAMP & WILLINGDON AVE & WILLINGDON AVE OFFRAMP & EMERGENCY LANE,TRANS-CANADA HWY,TRANS-CANADA HWY,12:00-14:59,1,1
N,PROPERTY DAMAGE ONLY,\N,N,2023,MONDAY,CONFLICTED,N,N,\N,\N,N,MARCH,N,MAPLE RIDGE,MAPLE RIDGE,\N,N,N,N,LOWER MAINLAND,UNKNOWN,RIVER RD,RIVER RD,12:00-14:59,1,0
N,PROPERTY DAMAGE ONLY,\N,N,2023,MONDAY,CONFLICTED,N,N,\N,\N,N,MARCH,N,PRINCE GEORGE,PRINCE GEORGE,\N,Y,Y,N,NORTH CENTRAL,UNKNOWN,O GRADY RD,O GRADY RD,12:00-14:59,1,0
N,PROPERTY DAMAGE ONLY,\N,N,2023,MONDAY,CONFLICTED,N,N,48.412317,-123.338528,Y,MARCH,N,VICTORIA,VICTORIA,VICTORIA,N,Y,N,VANCOUVER ISLAND,FAIRFIELD RD # 001512 TO 001599,FAIRFIELD RD,FAIRFIELD RD,12:00-14:59,1,0
N,PROPERTY DAMAGE ONLY,\N,N,2023,MONDAY,CONFLICTED,N,N,48.419677,-123.299678,Y,MARCH,N,OAK BAY,OAK BAY,OAK BAY,Y,Y,N,VANCOUVER ISLAND,BEACH DR # 001106 TO 001199,BEACH DR,BEACH DR,12:00-14:59,1,0
N,PROPERTY DAMAGE ONLY,\N,N,2023,MONDAY,CONFLICTED,N,N,48.445415,-123.333968,Y,MARCH,N,VICTORIA,VICTORIA,VICTORIA,Y,Y,N,VANCOUVER ISLAND,HILLSIDE AVE # 001634 TO 001699,HILLSIDE AVE,HILLSIDE AVE,12:00-14:59,1,0
N,PROPERTY DAMAGE ONLY,\N,N,2023,MONDAY,CONFLICTED,N,N,48.445435,-123.371039,Y,MARCH,N,VICTORIA,VICTORIA,VICTORIA,Y,Y,N,VANCOUVER ISLAND,DOUGLAS ST # 003100 TO 003148 even,DOUGLAS ST,DOUGLAS ST,12:00-14:59,1,0
N,PROPERTY DAMAGE ONLY,\N,N,2023,MONDAY,CONFLICTED,N,N,49.039658,-122.277035,Y,MARCH,N,ABBOTSFORD,ABBOTSFORD,ABBOTSFORD,N,Y,N,LOWER MAINLAND,ABBOTSFORD WAY # 002000 TO 002179,ABBOTSFORD WAY,ABBOTSFORD WAY,12:00-14:59,1,0
N,PROPERTY DAMAGE ONLY,\N,N,2023,MONDAY,CONFLICTED,N,N,49.134258,-122.84279,Y,MARCH,N,SURREY,SURREY,SURREY,N,Y,N,LOWER MAINLAND,137 ST # 007200 TO 007299,137 ST,137 ST,12:00-14:59,1,0
N,PROPERTY DAMAGE ONLY,\N,N,2023,MONDAY,CONFLICTED,N,N,49.14839,-123.170416,Y,MARCH,N,RICHMOND,RICHMOND,RICHMOND,N,Y,N,LOWER MAINLAND,FRANCIS RD # 004900 TO 004999,FRANCIS RD,FRANCIS RD,12:00-14:59,1,0
N,PROPERTY DAMAGE ONLY,\N,N,2023,MONDAY,CONFLICTED,N,N,49.165195,-121.9589,Y,MARCH,N,CHILLIWACK,CHILLIWACK,CHILLIWACK,N,Y,N,LOWER MAINLAND,YALE RD # 045820 TO 045899,YALE RD,YALE RD,12:00-14:59,1,0
N,PROPERTY DAMAGE ONLY,\N,N,2023,MONDAY,CONFLICTED,N,N,49.196553,-123.140635,Y,MARCH,N,RICHMOND,RICHMOND,RICHMOND,Y,Y,N,LOWER MAINLAND,TEMPLETON STATION RD # 007899 TO 007899 odd,TEMPLETON STATION RD,TEMPLETON STATION RD,12:00-14:59,1,0
N,PROPERTY DAMAGE ONLY,\N,N,2023,MONDAY,CONFLICTED,N,N,49.207929,-123.115226,Y,MARCH,N,VANCOUVER,VANCOUVER,VANCOUVER,Y,Y,N,LOWER MAINLAND,YUKON ST # 008420 TO 008699,YUKON ST,YUKON ST,12:00-14:59,1,0
N,PROPERTY DAMAGE ONLY,\N,N,2023,MONDAY,CONFLICTED,N,N,49.220446,-122.600705,Y,MARCH,N,MAPLE RIDGE,MAPLE RIDGE,MAPLE RIDGE,Y,Y,N,LOWER MAINLAND,DEWDNEY TRUNK RD # 022400 TO 022449,DEWDNEY TRUNK RD,DEWDNEY TRUNK RD,12:00-14:59,1,0
N,PROPERTY DAMAGE ONLY,\N,N,2023,MONDAY,CONFLICTED,N,N,49.26657,-122.777226,Y,MARCH,N,PORT COQUITLAM,PORT COQUITLAM,PORT COQUITLAM,N,Y,N,LOWER MAINLAND,SHAUGHNESSY ST # 002850 TO 002874 even,SHAUGHNESSY ST,SHAUGHNESSY ST,12:00-14:59,1,0
N,PROPERTY DAMAGE ONLY,\N,N,2023,MONDAY,CONFLICTED,N,N,49.406655,-123.525287,Y,MARCH,N,GIBSONS,GIBSONS,GIBSONS,Y,Y,N,LOWER MAINLAND,GIBSONS WAY # 000990 TO 001009,GIBSONS WAY,GIBSONS WAY,12:00-14:59,1,0
N,PROPERTY DAMAGE ONLY,\N,N,2023,MONDAY,CONFLICTED,N,N,49.440219,-123.707246,Y,MARCH,N,SECHELT,SECHELT,SECHELT,N,Y,N,LOWER MAINLAND,SUNSHINE COAST HWY # 004300 TO 004335,SUNSHINE COAST HWY,SUNSHINE COAST HWY,12:00-14:59,1,0
N,PROPERTY DAMAGE ONLY,\N,N,2023,MONDAY,CONFLICTED,N,N,49.874526,-119.495843,Y,MARCH,N,KELOWNA,KELOWNA,KELOWNA,Y,Y,N,SOUTHERN INTERIOR,ROYAL AVE # 000300 TO 000399,ROYAL AVE,ROYAL AVE,12:00-14:59,1,0
N,PROPERTY DAMAGE ONLY,\N,N,2023,MONDAY,CONFLICTED,N,N,49.881803,-119.439105,Y,MARCH,N,KELOWNA,KELOWNA,KELOWNA,Y,Y,N,SOUTHERN INTERIOR,HARVEY AVE # 002121 TO 002279 odd,HARVEY AVE,HARVEY AVE,12:00-14:59,1,0
N,PROPERTY DAMAGE ONLY,\N,N,2023,MONDAY,HEAD ON,N,N,\N,\N,N,MARCH,N,COQUITLAM,COQUITLAM,\N,N,N,N,LOWER MAINLAND,UNKNOWN,SCHOOLHOUSE ST,SCHOOLHOUSE ST,12:00-14:59,1,0
N,PROPERTY DAMAGE ONLY,\N,N,2023,MONDAY,HEAD ON,N,N,\N,\N,N,MARCH,N,KAMLOOPS,KAMLOOPS,\N,Y,N,N,SOUTHERN INTERIOR,UNKNOWN,DURANGO DR,DURANGO DR,12:00-14:59,1,0
N,PROPERTY DAMAGE ONLY,\N,N,2023,MONDAY,HEAD ON,N,N,49.05827,-122.381412,Y,MARCH,N,ABBOTSFORD,ABBOTSFORD,ABBOTSFORD,Y,Y,N,LOWER MAINLAND,MT LEHMAN RD # 003086 TO 003129,MT LEHMAN RD,MT LEHMAN RD,12:00-14:59,1,0
N,PROPERTY DAMAGE ONLY,\N,N,2023,MONDAY,HEAD ON,N,N,49.138657,-122.845533,Y,MARCH,N,SURREY,SURREY,SURREY,Y,Y,N,LOWER MAINLAND,KING GEORGE BLVD # 007400 TO 007542 even,KING GEORGE BLVD,KING GEORGE BLVD,12:00-14:59,1,0
N,PROPERTY DAMAGE ONLY,\N,N,2023,MONDAY,HEAD ON,N,N,49.314128,-123.061663,Y,MARCH,N,NORTH VANCOUVER,NORTH VANCOUVER,NORTH VANCOUVER,Y,N,N,LOWER MAINLAND,LYON PL # 000400 TO 000499,LYON PL,LYON PL,12:00-14:59,1,0
N,PROPERTY DAMAGE ONLY,\N,N,2023,MONDAY,HEAD ON,N,N,52.987491,-122.499403,Y,MARCH,N,QUESNEL,QUESNEL,QUESNEL,Y,Y,N,NORTH CENTRAL,SUTHERLAND AVE # 000110 TO 000201,SUTHERLAND AVE,SUTHERLAND AVE,12:00-14:59,1,0
N,PROPERTY DAMAGE ONLY,\N,N,2023,MONDAY,REAR END,N,N,\N,\N,N,MARCH,N,CASTLEGAR,CASTLEGAR,\N,Y,Y,N,SOUTHERN INTERIOR,UNKNOWN,FRANK BEINDER WAY,FRANK BEINDER WAY,12:00-14:59,1,0
N,PROPERTY DAMAGE ONLY,\N,N,2023,MONDAY,REAR END,N,N,\N,\N,N,MARCH,N,CHASE RURAL,CHASE RURAL,\N,N,N,N,SOUTHERN INTERIOR,UNKNOWN,PAQUETTE RD,PAQUETTE RD,12:00-14:59,1,0
N,PROPERTY DAMAGE ONLY,\N,N,2023,MONDAY,REAR END,N,N,\N,\N,N,MARCH,N,GABRIOLA ISLAND,GABRIOLA ISLAND,\N,N,N,N,VANCOUVER ISLAND,UNKNOWN,TAYLOR BAY RD,TAYLOR BAY RD,12:00-14:59,1,0
N,PROPERTY DAMAGE ONLY,\N,N,2023,MONDAY,REAR END,N,N,\N,\N,N,MARCH,N,KAMLOOPS,KAMLOOPS,\N,N,N,N,SOUTHERN INTERIOR,UNKNOWN,BRENTWOOD AVE,BRENTWOOD AVE,12:00-14:59,1,0
N,PROPERTY DAMAGE ONLY,\N,N,2023,MONDAY,REAR END,N,N,\N,\N,N,MARCH,N,KITIMAT,KITIMAT,\N,Y,Y,N,NORTH CENTRAL,UNKNOWN,MOUNTAIN VIEW SQUARE,MOUNTAIN VIEW SQUARE,12:00-14:59,1,0
N,PROPERTY DAMAGE ONLY,\N,N,2023,MONDAY,REAR END,N,N,\N,\N,N,MARCH,N,MALAKWA,MALAKWA,\N,N,N,N,SOUTHERN INTERIOR,UNKNOWN,HWY 1,HWY 1,12:00-14:59,1,0
N,PROPERTY DAMAGE ONLY,\N,N,2023,MONDAY,REAR END,N,N,\N,\N,N,MARCH,N,NORTH VANCOUVER,NORTH VANCOUVER,\N,N,N,N,LOWER MAINLAND,UNKNOWN,EVERGLADE PL,EVERGLADE PL,12:00-14:59,1,0
N,PROPERTY DAMAGE ONLY,\N,N,2023,MONDAY,REAR END,N,N,\N,\N,N,MARCH,N,PEMBERTON,PEMBERTON,\N,N,N,N,LOWER MAINLAND,UNKNOWN,PEMBERTON MEADOWS RD,PEMBERTON MEADOWS RD,12:00-14:59,1,0
N,PROPERTY DAMAGE ONLY,\N,N,2023,MONDAY,REAR END,N,N,\N,\N,N,MARCH,N,SIDNEY,SIDNEY,\N,N,Y,N,VANCOUVER ISLAND,UNKNOWN,PATRICIA BAY HWY,PATRICIA BAY HWY,12:00-14:59,1,0
N,PROPERTY DAMAGE ONLY,\N,N,2023,MONDAY,REAR END,N,N,\N,\N,N,MARCH,N,SURREY,SURREY,\N,N,N,N,LOWER MAINLAND,UNKNOWN,24 AVE,24 AVE,12:00-14:59,1,0
N,PROPERTY DAMAGE ONLY,\N,N,2023,MONDAY,REAR END,N,N,\N,\N,N,MARCH,N,SURREY,SURREY,\N,N,N,N,LOWER MAINLAND,UNKNOWN,HALL RD,HALL RD,12:00-14:59,1,0
N,PROPERTY DAMAGE ONLY,\N,N,2023,MONDAY,REAR END,N,N,\N,\N,N,MARCH,N,UNKNOWN,UNKNOWN,\N,N,N,N,UNKNOWN,UNKNOWN,UNKNONW,UNKNONW,12:00-14:59,1,0
N,PROPERTY DAMAGE ONLY,\N,N,2023,MONDAY,REAR END,N,N,\N,\N,N,MARCH,N,VANCOUVER,VANCOUVER,\N,Y,N,N,LOWER MAINLAND,UNKNOWN,E HASTINGS ST,E HASTINGS ST,12:00-14:59,1,0
N,PROPERTY DAMAGE ONLY,\N,N,2023,MONDAY,REAR END,N,N,\N,\N,N,MARCH,N,VICTORIA,VICTORIA,\N,N,Y,N,VANCOUVER ISLAND,UNKNOWN,CRAIGFLOWER RD,CRAIGFLOWER RD,12:00-14:59,1,0
N,PROPERTY DAMAGE ONLY,\N,N,2023,MONDAY,REAR END,N,N,48.433642,-123.329143,Y,MARCH,N,SAANICH,SAANICH,SAANICH & VICTORIA,Y,Y,N,VANCOUVER ISLAND,BAY ST # 001900 TO 001999,BAY ST,BAY ST,12:00-14:59,1,0
N,PROPERTY DAMAGE ONLY,\N,N,2023,MONDAY,REAR END,N,N,48.539424,-123.562393,Y,MARCH,N,MALAHAT,MALAHAT,MALAHAT,Y,N,N,VANCOUVER ISLAND,TRANS-CANADA HWY # 000087 TO 000239 odd,HWY 1,HWY 1,12:00-14:59,1,0
N,PROPERTY DAMAGE ONLY,\N,N,2023,MONDAY,REAR END,N,N,49.109726,-122.712644,Y,MARCH,N,SURREY,SURREY,SURREY,Y,N,N,LOWER MAINLAND,184 ST # 005880 TO 005941,184 ST,184 ST,12:00-14:59,1,0
N,PROPERTY DAMAGE ONLY,\N,N,2023,MONDAY,REAR END,N,N,49.143337,-121.957745,Y,MARCH,N,CHILLIWACK,CHILLIWACK,CHILLIWACK,Y,Y,N,LOWER MAINLAND,LUCKAKUCK WAY # 045700 TO 045939,LUCKAKUCK WAY,LUCKAKUCK WAY,12:00-14:59,1,0
N,PROPERTY DAMAGE ONLY,\N,N,2023,MONDAY,REAR END,N,N,49.150566,-121.976759,Y,MARCH,N,CHILLIWACK,CHILLIWACK,CHILLIWACK,N,Y,N,LOWER MAINLAND,EAGLE LANDING PKY # 008160 TO 008207,EAGLE LANDING PKY,EAGLE LANDING PKY,12:00-14:59,1,0
N,PROPERTY DAMAGE ONLY,\N,N,2023,MONDAY,REAR END,N,N,49.155158,-122.912386,Y,MARCH,N,DELTA,DELTA,DELTA,N,N,N,LOWER MAINLAND,112 ST # 008300 TO 008399,112 ST,112 ST,12:00-14:59,1,0
N,PROPERTY DAMAGE ONLY,\N,N,2023,MONDAY,REAR END,N,N,49.171546,-121.947217,Y,MARCH,N,CHILLIWACK,CHILLIWACK,CHILLIWACK,Y,N,N,LOWER MAINLAND,MARGARET AVE # 046100 TO 046199,MARGARET AVE,MARGARET AVE,12:00-14:59,1,0
N,PROPERTY DAMAGE ONLY,\N,N,2023,MONDAY,REAR END,N,N,49.174716,-123.143777,Y,MARCH,N,RICHMOND,RICHMOND,RICHMOND,Y,Y,N,LOWER MAINLAND,ALDERBRIDGE WAY # 007500 TO 007739,ALDERBRIDGE WAY,ALDERBRIDGE WAY,12:00-14:59,1,0
N,PROPERTY DAMAGE ONLY,\N,N,2023,MONDAY,REAR END,N,N,49.177025,-122.666922,Y,MARCH,N,LANGLEY,LANGLEY,LANGLEY,N,Y,N,LOWER MAINLAND,96 AVE # 019941 TO 020099 odd,96 AVE,96 AVE,12:00-14:59,1,0
N,PROPERTY DAMAGE ONLY,\N,N,2023,MONDAY,REAR END,N,N,49.180726,-123.169928,Y,MARCH,N,RICHMOND,RICHMOND,RICHMOND,Y,Y,N,LOWER MAINLAND,COWLEY CRES # 004300 TO 004462 even,COWLEY CRES,COWLEY CRES,12:00-14:59,1,0
N,PROPERTY DAMAGE ONLY,\N,N,2023,MONDAY,REAR END,N,N,49.181534,-122.663218,Y,MARCH,N,LANGLEY,LANGLEY,LANGLEY,Y,Y,N,LOWER MAINLAND,98 AVE # 020100 TO 020199,98 AVE,98 AVE,12:00-14:59,1,0
N,PROPERTY DAMAGE ONLY,\N,N,2023,MONDAY,REAR END,N,N,49.185452,-123.128143,Y,MARCH,N,RICHMOND,RICHMOND,RICHMOND,N,N,N,LOWER MAINLAND,SEXSMITH RD # 003660 TO 003799,SEXSMITH RD,SEXSMITH RD,12:00-14:59,1,0
N,PROPERTY DAMAGE ONLY,\N,N,2023,MONDAY,REAR END,N,N,49.191973,-123.093627,Y,MARCH,N,RICHMOND,RICHMOND,RICHMOND,N,Y,N,LOWER MAINLAND,BRIDGEPORT RD # 011500 TO 011999,BRIDGEPORT RD,BRIDGEPORT RD,12:00-14:59,1,0
N,PROPERTY DAMAGE ONLY,\N,N,2023,MONDAY,REAR END,N,N,49.192014,-123.122024,Y,MARCH,N,RICHMOND,RICHMOND,RICHMOND,N,Y,N,LOWER MAINLAND,BRIDGEPORT RD # 009088 TO 009299,BRIDGEPORT RD,BRIDGEPORT RD,12:00-14:59,1,0
N,PROPERTY DAMAGE ONLY,\N,N,2023,MONDAY,REAR END,N,N,49.202087,-122.915004,Y,MARCH,N,NEW WESTMINSTER,NEW WESTMINSTER,NEW WESTMINSTER,Y,N,N,LOWER MAINLAND,AGNES ST # 000810 TO 000899,AGNES ST,AGNES ST,12:00-14:59,1,0
N,PROPERTY DAMAGE ONLY,\N,N,2023,MONDAY,REAR END,N,N,49.218419,-122.95662,Y,MARCH,N,BURNABY,BURNABY,BURNABY,Y,Y,N,LOWER MAINLAND,KINGSWAY # 007100 TO 007179,KINGSWAY,KINGSWAY,12:00-14:59,1,0
N,PROPERTY DAMAGE ONLY,\N,N,2023,MONDAY,REAR END,N,N,49.218716,-123.041366,Y,MARCH,N,VANCOUVER,VANCOUVER,VANCOUVER,N,Y,N,LOWER MAINLAND,KERR ST # 007100 TO 007185,KERR ST,KERR ST,12:00-14:59,1,0
N,PROPERTY DAMAGE ONLY,\N,N,2023,MONDAY,REAR END,N,N,49.221418,-122.655018,Y,MARCH,N,MAPLE RIDGE,MAPLE RIDGE,MAPLE RIDGE,N,Y,N,LOWER MAINLAND,DEWDNEY TRUNK RD # 020350 TO 020511,DEWDNEY TRUNK RD,DEWDNEY TRUNK RD,12:00-14:59,1,0
N,PROPERTY DAMAGE ONLY,\N,N,2023,MONDAY,REAR END,N,N,49.224296,-122.986742,Y,MARCH,N,BURNABY,BURNABY,BURNABY,Y,Y,N,LOWER MAINLAND,KINGSWAY # 005200 TO 005526,KINGSWAY,KINGSWAY,12:00-14:59,1,0
N,PROPERTY DAMAGE ONLY,\N,N,2023,MONDAY,REAR END,N,N,49.232167,-123.031905,Y,MARCH,N,VANCOUVER,VANCOUVER,VANCOUVER,N,Y,N,LOWER MAINLAND,KINGSWAY # 003401 TO 003449,KINGSWAY,KINGSWAY,12:00-14:59,1,0
N,PROPERTY DAMAGE ONLY,\N,N,2023,MONDAY,REAR END,N,N,49.235256,-122.876428,Y,MARCH,N,COQUITLAM,COQUITLAM,COQUITLAM,N,N,N,LOWER MAINLAND,BRUNETTE AVE # 000701 TO 000799 odd,BRUNETTE AVE,BRUNETTE AVE,12:00-14:59,1,0
N,PROPERTY DAMAGE ONLY,\N,N,2023,MONDAY,REAR END,N,N,49.296167,-117.654121,Y,MARCH,N,CASTLEGAR,CASTLEGAR,CASTLEGAR,N,Y,N,SOUTHERN INTERIOR,COLUMBIA AVE # 001931 TO 001999 odd,COLUMBIA AVE,COLUMBIA AVE,12:00-14:59,1,0
N,PROPERTY DAMAGE ONLY,\N,N,2023,MONDAY,REAR END,N,N,49.312644,-123.069043,Y,MARCH,N,NORTH VANCOUVER,NORTH VANCOUVER,NORTH VANCOUVER,Y,N,N,LOWER MAINLAND,ST ANDREWS AVE # 000500 TO 000549,ST ANDREWS AVE,ST ANDREWS AVE,12:00-14:59,1,0
N,PROPERTY DAMAGE ONLY,\N,N,2023,MONDAY,REAR END,N,N,49.320696,-124.31086,Y,MARCH,N,PARKSVILLE,PARKSVILLE,PARKSVILLE,N,Y,N,VANCOUVER ISLAND,ISLAND HWY E # 000110 TO 000158 even,ISLAND HWY E,ISLAND HWY E,12:00-14:59,1,0
N,PROPERTY DAMAGE ONLY,\N,N,2023,MONDAY,REAR END,N,N,49.325809,-123.139912,Y,MARCH,N,WEST VANCOUVER,WEST VANCOUVER,WEST VANCOUVER,N,Y,N,LOWER MAINLAND,PARK ROYAL SOUTH # 001131 TO 003000,PARK ROYAL SOUTH,PARK ROYAL SOUTH,12:00-14:59,1,0
N,PROPERTY DAMAGE ONLY,\N,N,2023,MONDAY,REAR END,N,N,49.516571,-115.753565,Y,MARCH,N,CRANBROOK,CRANBROOK,CRANBROOK,Y,Y,N,SOUTHERN INTERIOR,VICTORIA AVE N # 000400 TO 000599,VICTORIA AVE N,VICTORIA AVE N,12:00-14:59,1,0
N,PROPERTY DAMAGE ONLY,\N,N,2023,MONDAY,REAR END,N,N,49.739292,-125.002579,Y,MARCH,N,COURTENAY,COURTENAY,COURTENAY,N,N,N,VANCOUVER ISLAND,ISLAND HWY N # 005249 TO 005499,ISLAND HWY N,ISLAND HWY N,12:00-14:59,1,0
N,PROPERTY DAMAGE ONLY,\N,N,2023,MONDAY,REAR END,N,N,49.86046,-119.480837,Y,MARCH,N,KELOWNA,KELOWNA,KELOWNA,N,Y,N,SOUTHERN INTERIOR,DE MONTREUIL CRT # 003100 TO 003189,DE MONTREUIL CRT,DE MONTREUIL CRT,12:00-14:59,1,0
N,PROPERTY DAMAGE ONLY,\N,N,2023,MONDAY,REAR END,N,N,53.881485,-122.78678,Y,MARCH,N,PRINCE GEORGE,PRINCE GEORGE,PRINCE GEORGE,Y,Y,N,NORTH CENTRAL,ELLINGTON CRT # 002900 TO 002999,ELLINGTON CRT,ELLINGTON CRT,12:00-14:59,1,0
N,PROPERTY DAMAGE ONLY,\N,N,2023,MONDAY,REAR END,N,N,53.899564,-122.779382,Y,MARCH,N,PRINCE GEORGE,PRINCE GEORGE,PRINCE GEORGE,N,N,N,NORTH CENTRAL,MASSEY DR # 002991 TO 003111 odd,MASSEY DR,MASSEY DR,12:00-14:59,1,0
N,PROPERTY DAMAGE ONLY,\N,N,2023,MONDAY,REAR END,N,N,54.048647,-128.649849,Y,MARCH,N,KITIMAT,KITIMAT,KITIMAT,Y,Y,N,NORTH CENTRAL,S LAHAKAS BLVD # 000869 TO 000928,S LAHAKAS BLVD,S LAHAKAS BLVD,12:00-14:59,1,0
N,PROPERTY DAMAGE ONLY,\N,N,2023,MONDAY,REAR END,Y,N,\N,\N,N,MARCH,N,ABBOTSFORD,ABBOTSFORD,\N,N,N,N,LOWER MAINLAND,UNKNOWN,HARRIS RD,HARRIS RD,12:00-14:59,1,0
N,PROPERTY DAMAGE ONLY,\N,N,2023,MONDAY,REAR END,Y,N,\N,\N,N,MARCH,N,BURNABY,BURNABY,\N,N,N,N,LOWER MAINLAND,UNKNOWN,BOUNDARY RD,BOUNDARY RD,12:00-14:59,1,0
N,PROPERTY DAMAGE ONLY,\N,N,2023,MONDAY,REAR END,Y,N,56.243138,-120.864101,Y,MARCH,N,FORT ST. JOHN,FORT ST. JOHN,FORT ST. JOHN,N,Y,N,NORTH CENTRAL,ALASKA RD N # 010800 TO 011298 even,ALASKA RD N,ALASKA RD N,12:00-14:59,1,0
N,PROPERTY DAMAGE ONLY,\N,N,2023,MONDAY,REAR TO REAR,N,N,\N,\N,N,MARCH,N,UNKNOWN,UNKNOWN,\N,N,N,N,UNKNOWN,UNKNOWN,Unknown,\N,12:00-14:59,1,0
N,PROPERTY DAMAGE ONLY,\N,N,2023,MONDAY,REAR TO REAR,N,N,49.148149,-122.866161,Y,MARCH,N,SURREY,SURREY,SURREY,N,Y,N,LOWER MAINLAND,80 AVE # 012800 TO 012923,80 AVE,80 AVE,12:00-14:59,1,0
N,PROPERTY DAMAGE ONLY,\N,N,2023,MONDAY,REAR TO REAR,N,N,49.171489,-119.556101,Y,MARCH,N,OLIVER,OLIVER,OLIVER,N,Y,N,SOUTHERN INTERIOR,MAIN ST # 005700 TO 005749,MAIN ST,MAIN ST,12:00-14:59,1,0
N,PROPERTY DAMAGE ONLY,\N,N,2023,MONDAY,REAR TO REAR,N,N,49.174077,-123.843294,Y,MARCH,N,GABRIOLA ISLAND,GABRIOLA ISLAND,GABRIOLA ISLAND,N,Y,N,VANCOUVER ISLAND,NORTH RD # 000550 TO 000647,NORTH RD,NORTH RD,12:00-14:59,1,0
N,PROPERTY DAMAGE ONLY,\N,N,2023,MONDAY,REAR TO REAR,N,N,49.177142,-122.866041,Y,MARCH,N,SURREY,SURREY,SURREY,Y,Y,N,LOWER MAINLAND,96 AVE # 012800 TO 012939,96 AVE,96 AVE,12:00-14:59,1,0
N,PROPERTY DAMAGE ONLY,\N,N,2023,MONDAY,REAR TO REAR,N,N,49.264081,-122.744648,Y,MARCH,N,PORT COQUITLAM,PORT COQUITLAM,PORT COQUITLAM,Y,Y,N,LOWER MAINLAND,RIVERWOOD GATE # 001000 TO 001199,RIVERWOOD GATE,RIVERWOOD GATE,12:00-14:59,1,0
N,PROPERTY DAMAGE ONLY,\N,N,2023,MONDAY,REAR TO REAR,N,N,49.327755,-123.072167,Y,MARCH,N,NORTH VANCOUVER,NORTH VANCOUVER,NORTH VANCOUVER,N,Y,N,LOWER MAINLAND,LONSDALE AVE # 002000 TO 002099,LONSDALE AVE,LONSDALE AVE,12:00-14:59,1,0
N,PROPERTY DAMAGE ONLY,\N,N,2023,MONDAY,REAR TO REAR,N,N,49.473329,-119.582322,Y,MARCH,N,PENTICTON,PENTICTON,PENTICTON,Y,Y,N,SOUTHERN INTERIOR,MAIN ST # 002200 TO 002298 even,MAIN ST,MAIN ST,12:00-14:59,1,0
N,PROPERTY DAMAGE ONLY,\N,N,2023,MONDAY,REAR TO REAR,N,N,50.020417,-119.404207,Y,MARCH,N,LAKE COUNTRY,LAKE COUNTRY,LAKE COUNTRY,Y,Y,N,SOUTHERN INTERIOR,MAIN ST # 009500 TO 009529,MAIN ST,MAIN ST,12:00-14:59,1,0
N,PROPERTY DAMAGE ONLY,\N,N,2023,MONDAY,REAR TO REAR,N,N,56.233738,-120.836771,Y,MARCH,N,FORT ST. JOHN,FORT ST. JOHN,FORT ST. JOHN,N,Y,N,NORTH CENTRAL,ALASKA RD N # 009200 TO 009598 even,ALASKA RD N,ALASKA RD N,12:00-14:59,1,0
N,PROPERTY DAMAGE ONLY,\N,N,2023,MONDAY,SIDE IMPACT,N,N,\N,\N,N,MARCH,N,BEAVERDELL,BEAVERDELL,\N,Y,N,N,SOUTHERN INTERIOR,UNKNOWN,FEATHERTOP RD,FEATHERTOP RD,12:00-14:59,1,0
N,PROPERTY DAMAGE ONLY,\N,N,2023,MONDAY,SIDE IMPACT,N,N,\N,\N,N,MARCH,N,DELTA,DELTA,\N,Y,N,N,LOWER MAINLAND,UNKNOWN,48B AVE,48B AVE,12:00-14:59,1,0
N,PROPERTY DAMAGE ONLY,\N,N,2023,MONDAY,SIDE IMPACT,N,N,\N,\N,N,MARCH,N,INVERMERE,INVERMERE,\N,N,Y,N,SOUTHERN INTERIOR,UNKNOWN,10 AVE,10 AVE,12:00-14:59,1,0
N,PROPERTY DAMAGE ONLY,\N,N,2023,MONDAY,SIDE IMPACT,N,N,\N,\N,N,MARCH,N,KAMLOOPS,KAMLOOPS,\N,Y,Y,N,SOUTHERN INTERIOR,UNKNOWN,TRANS-CANADA HWY,TRANS-CANADA HWY,12:00-14:59,2,0
N,PROPERTY DAMAGE ONLY,\N,N,2023,MONDAY,SIDE IMPACT,N,N,\N,\N,N,MARCH,N,OLIVER,OLIVER,\N,Y,N,N,SOUTHERN INTERIOR,UNKNOWN,BETTISON RD,BETTISON RD,12:00-14:59,1,0
N,PROPERTY DAMAGE ONLY,\N,N,2023,MONDAY,SIDE IMPACT,N,N,\N,\N,N,MARCH,N,POWELL RIVER,POWELL RIVER,\N,Y,Y,N,VANCOUVER ISLAND,UNKNOWN,HWY 101,HWY 101,12:00-14:59,1,0
N,PROPERTY DAMAGE ONLY,\N,N,2023,MONDAY,SIDE IMPACT,N,N,\N,\N,N,MARCH,N,VICTORIA,VICTORIA,\N,Y,N,N,VANCOUVER ISLAND,UNKNOWN,HAPPY VALLEY RD,HAPPY VALLEY RD,12:00-14:59,1,0
N,PROPERTY DAMAGE ONLY,\N,N,2023,MONDAY,SIDE IMPACT,N,N,48.378616,-123.719864,Y,MARCH,N,SOOKE,SOOKE,SOOKE,Y,Y,N,VANCOUVER ISLAND,SOOKE RD # 006620 TO 006645,SOOKE RD,SOOKE RD,12:00-14:59,1,0
N,PROPERTY DAMAGE ONLY,\N,N,2023,MONDAY,SIDE IMPACT,N,N,48.436789,-123.366047,Y,MARCH,N,VICTORIA,VICTORIA,VICTORIA,Y,Y,N,VANCOUVER ISLAND,DOUGLAS ST # 002600 TO 002645,DOUGLAS ST,DOUGLAS ST,12:00-14:59,1,0
N,PROPERTY DAMAGE ONLY,\N,N,2023,MONDAY,SIDE IMPACT,N,N,48.462253,-123.410852,Y,MARCH,N,SAANICH,SAANICH,SAANICH,Y,N,N,VANCOUVER ISLAND,GRANGE RD # 003730 TO 003754,GRANGE RD,GRANGE RD,12:00-14:59,1,0
N,PROPERTY DAMAGE ONLY,\N,N,2023,MONDAY,SIDE IMPACT,N,N,48.498598,-123.382612,Y,MARCH,N,SAANICH,SAANICH,SAANICH,Y,Y,N,VANCOUVER ISLAND,ROYAL OAK DR # 000701 TO 000777 odd,ROYAL OAK DR,ROYAL OAK DR,12:00-14:59,1,0
N,PROPERTY DAMAGE ONLY,\N,N,2023,MONDAY,SIDE IMPACT,N,N,49.024752,-122.818157,Y,MARCH,N,WHITE ROCK,WHITE ROCK,WHITE ROCK,Y,Y,N,LOWER MAINLAND,MARINE DR # 014570 TO 014599,MARINE DR,MARINE DR,12:00-14:59,1,0
N,PROPERTY DAMAGE ONLY,\N,N,2023,MONDAY,SIDE IMPACT,N,N,49.035957,-122.29326,Y,MARCH,N,ABBOTSFORD,ABBOTSFORD,ABBOTSFORD,N,Y,N,LOWER MAINLAND,MCCALLUM RD # 001800 TO 001889,MCCALLUM RD,MCCALLUM RD,12:00-14:59,1,0
N,PROPERTY DAMAGE ONLY,\N,N,2023,MONDAY,SIDE IMPACT,N,N,49.045596,-122.304504,Y,MARCH,N,ABBOTSFORD,ABBOTSFORD,ABBOTSFORD,Y,Y,N,LOWER MAINLAND,WARE ST # 002380 TO 002439,WARE ST,WARE ST,12:00-14:59,1,0
N,PROPERTY DAMAGE ONLY,\N,N,2023,MONDAY,SIDE IMPACT,N,N,49.090152,-123.064172,Y,MARCH,N,DELTA,DELTA,DELTA,Y,Y,N,LOWER MAINLAND,LADNER TRUNK RD # 005700 TO 005798 even,LADNER TRUNK RD,LADNER TRUNK RD,12:00-14:59,1,0
N,PROPERTY DAMAGE ONLY,\N,N,2023,MONDAY,SIDE IMPACT,N,N,49.100892,-117.69378,Y,MARCH,N,TRAIL,TRAIL,TRAIL,Y,Y,N,SOUTHERN INTERIOR,SEVENTH AVE # 001921 TO 001999,SEVENTH AVE,SEVENTH AVE,12:00-14:59,1,0
N,PROPERTY DAMAGE ONLY,\N,N,2023,MONDAY,SIDE IMPACT,N,N,49.104481,-122.798988,Y,MARCH,N,SURREY,SURREY,SURREY,Y,Y,N,LOWER MAINLAND,56 AVE # 015201 TO 015379 odd,56 AVE,56 AVE,12:00-14:59,1,0
N,PROPERTY DAMAGE ONLY,\N,N,2023,MONDAY,SIDE IMPACT,N,N,49.113022,-122.672494,Y,MARCH,N,LANGLEY,LANGLEY,LANGLEY,Y,Y,N,LOWER MAINLAND,LANGLEY BYPASS # 019822 TO 019998 even,LANGLEY BYPASS,LANGLEY BYPASS,12:00-14:59,1,0
N,PROPERTY DAMAGE ONLY,\N,N,2023,MONDAY,SIDE IMPACT,N,N,49.113408,-122.663243,Y,MARCH,N,LANGLEY,LANGLEY,LANGLEY,N,Y,N,LOWER MAINLAND,LANGLEY BYPASS # 020151 TO 020247 odd,LANGLEY BYPASS,LANGLEY BYPASS,12:00-14:59,1,0
N,PROPERTY DAMAGE ONLY,\N,N,2023,MONDAY,SIDE IMPACT,N,N,49.119507,-122.692443,Y,MARCH,N,SURREY,SURREY,SURREY,N,Y,N,LOWER MAINLAND,FRASER HWY # 019161 TO 019161 odd,FRASER HWY,FRASER HWY,12:00-14:59,1,0
N,PROPERTY DAMAGE ONLY,\N,N,2023,MONDAY,SIDE IMPACT,N,N,49.139678,-123.136682,Y,MARCH,N,RICHMOND,RICHMOND,RICHMOND,Y,Y,N,LOWER MAINLAND,NO 3 RD # 010000 TO 010349,NO 3 RD,NO 3 RD,12:00-14:59,1,0
N,PROPERTY DAMAGE ONLY,\N,N,2023,MONDAY,SIDE IMPACT,N,N,49.144512,-122.849296,Y,MARCH,N,SURREY,SURREY,SURREY,N,Y,N,LOWER MAINLAND,78 AVE # 013400 TO 013545,78 AVE,78 AVE,12:00-14:59,1,0
N,PROPERTY DAMAGE ONLY,\N,N,2023,MONDAY,SIDE IMPACT,N,N,49.144512,-122.849296,Y,MARCH,N,SURREY,SURREY,SURREY,Y,Y,N,LOWER MAINLAND,78 AVE # 013400 TO 013545,78 AVE,78 AVE,12:00-14:59,1,0
N,PROPERTY DAMAGE ONLY,\N,N,2023,MONDAY,SIDE IMPACT,N,N,49.161363,-122.999848,Y,MARCH,N,RICHMOND,RICHMOND,RICHMOND,Y,Y,N,LOWER MAINLAND,NO 9 RD # 007100 TO 007857,NO 9 RD,NO 9 RD,12:00-14:59,1,0
N,PROPERTY DAMAGE ONLY,\N,N,2023,MONDAY,SIDE IMPACT,N,N,49.161487,-123.935454,Y,MARCH,N,NANAIMO,NANAIMO,NANAIMO,Y,N,N,VANCOUVER ISLAND,ROBARTS ST # 000050 TO 000099,ROBARTS ST,ROBARTS ST,12:00-14:59,1,0
N,PROPERTY DAMAGE ONLY,\N,N,2023,MONDAY,SIDE IMPACT,N,N,49.162733,-123.942572,Y,MARCH,N,NANAIMO,NANAIMO,NANAIMO,Y,N,N,VANCOUVER ISLAND,FRANKLYN ST # 000600 TO 000647,FRANKLYN ST,FRANKLYN ST,12:00-14:59,1,0
N,PROPERTY DAMAGE ONLY,\N,N,2023,MONDAY,SIDE IMPACT,N,N,49.165195,-121.9589,Y,MARCH,N,CHILLIWACK,CHILLIWACK,CHILLIWACK,N,Y,N,LOWER MAINLAND,YALE RD # 045820 TO 045899,YALE RD,YALE RD,12:00-14:59,1,0
N,PROPERTY DAMAGE ONLY,\N,N,2023,MONDAY,SIDE IMPACT,N,N,49.170146,-123.132579,Y,MARCH,N,RICHMOND,RICHMOND,RICHMOND,Y,Y,N,LOWER MAINLAND,WESTMINSTER HWY # 008252 TO 008398 even,WESTMINSTER HWY,WESTMINSTER HWY,12:00-14:59,1,0
N,PROPERTY DAMAGE ONLY,\N,N,2023,MONDAY,SIDE IMPACT,N,N,49.173084,-122.687835,Y,MARCH,N,SURREY,SURREY,SURREY,Y,Y,N,LOWER MAINLAND,193 ST # 009340 TO 009399,193 ST,193 ST,12:00-14:59,1,0
N,PROPERTY DAMAGE ONLY,\N,N,2023,MONDAY,SIDE IMPACT,N,N,49.187003,-122.845527,Y,MARCH,N,SURREY,SURREY,SURREY,Y,Y,N,LOWER MAINLAND,KING GEORGE BLVD # 010153 TO 010199 odd,KING GEORGE BLVD,KING GEORGE BLVD,12:00-14:59,1,0
N,PROPERTY DAMAGE ONLY,\N,N,2023,MONDAY,SIDE IMPACT,N,N,49.187829,-123.129723,Y,MARCH,N,RICHMOND,RICHMOND,RICHMOND,Y,Y,N,LOWER MAINLAND,CAPSTAN WAY # 008300 TO 008679,CAPSTAN WAY,CAPSTAN WAY,12:00-14:59,1,0
N,PROPERTY DAMAGE ONLY,\N,N,2023,MONDAY,SIDE IMPACT,N,N,49.188139,-122.88857,Y,MARCH,N,SURREY,SURREY,SURREY,Y,N,N,LOWER MAINLAND,102 AVE # 012000 TO 012099,102 AVE,102 AVE,12:00-14:59,1,0
N,PROPERTY DAMAGE ONLY,\N,N,2023,MONDAY,SIDE IMPACT,N,N,49.18821,-122.385098,Y,MARCH,N,MISSION,MISSION,MISSION,Y,N,N,LOWER MAINLAND,MALQUIST AVE # 030100 TO 030499,MALQUIST AVE,MALQUIST AVE,12:00-14:59,1,0
N,PROPERTY DAMAGE ONLY,\N,N,2023,MONDAY,SIDE IMPACT,N,N,49.189756,-123.987051,Y,MARCH,N,NANAIMO,NANAIMO,NANAIMO,Y,N,N,VANCOUVER ISLAND,LATIMER RD # 002031 TO 002050,LATIMER RD,LATIMER RD,12:00-14:59,1,0
N,PROPERTY DAMAGE ONLY,\N,N,2023,MONDAY,SIDE IMPACT,N,N,49.190089,-122.800995,Y,MARCH,N,SURREY,SURREY,SURREY,Y,Y,N,LOWER MAINLAND,152 ST # 010251 TO 010399 odd,152 ST,152 ST,12:00-14:59,2,0
N,PROPERTY DAMAGE ONLY,\N,N,2023,MONDAY,SIDE IMPACT,N,N,49.191535,-123.128155,Y,MARCH,N,RICHMOND,RICHMOND,RICHMOND,Y,Y,N,LOWER MAINLAND,SEXSMITH RD # 003000 TO 003099,SEXSMITH RD,SEXSMITH RD,12:00-14:59,1,0
N,PROPERTY DAMAGE ONLY,\N,N,2023,MONDAY,SIDE IMPACT,N,N,49.192014,-123.122024,Y,MARCH,N,RICHMOND,RICHMOND,RICHMOND,N,Y,N,LOWER MAINLAND,BRIDGEPORT RD # 009088 TO 009299,BRIDGEPORT RD,BRIDGEPORT RD,12:00-14:59,1,0
N,PROPERTY DAMAGE ONLY,\N,N,2023,MONDAY,SIDE IMPACT,N,N,49.206845,-123.107596,Y,MARCH,N,VANCOUVER,VANCOUVER,VANCOUVER,Y,N,N,LOWER MAINLAND,W KENT AVE N # 000000 TO 000099,W KENT AVE N,W KENT AVE N,12:00-14:59,1,0
N,PROPERTY DAMAGE ONLY,\N,N,2023,MONDAY,SIDE IMPACT,N,N,49.218168,-122.646929,Y,MARCH,N,MAPLE RIDGE,MAPLE RIDGE,MAPLE RIDGE,N,Y,N,LOWER MAINLAND,LOUGHEED HWY # 020700 TO 020749,LOUGHEED HWY,LOUGHEED HWY,12:00-14:59,1,0
N,PROPERTY DAMAGE ONLY,\N,N,2023,MONDAY,SIDE IMPACT,N,N,49.218419,-122.95662,Y,MARCH,N,BURNABY,BURNABY,BURNABY,N,Y,N,LOWER MAINLAND,KINGSWAY # 007100 TO 007179,KINGSWAY,KINGSWAY,12:00-14:59,1,0
N,PROPERTY DAMAGE ONLY,\N,N,2023,MONDAY,SIDE IMPACT,N,N,49.222889,-122.590301,Y,MARCH,N,MAPLE RIDGE,MAPLE RIDGE,MAPLE RIDGE,Y,N,N,LOWER MAINLAND,228 ST # 012030 TO 012239,228 ST,228 ST,12:00-14:59,1,0
N,PROPERTY DAMAGE ONLY,\N,N,2023,MONDAY,SIDE IMPACT,N,N,49.223644,-122.923076,Y,MARCH,N,BURNABY,BURNABY,BURNABY,N,N,N,LOWER MAINLAND,2ND ST # 007800 TO 007827,2ND ST,2ND ST,12:00-14:59,1,0
N,PROPERTY DAMAGE ONLY,\N,N,2023,MONDAY,SIDE IMPACT,N,N,49.228116,-122.998531,Y,MARCH,N,BURNABY,BURNABY,BURNABY,Y,Y,N,LOWER MAINLAND,KINGSWAY # 004700 TO 004749,KINGSWAY,KINGSWAY,12:00-14:59,1,0
N,PROPERTY DAMAGE ONLY,\N,N,2023,MONDAY,SIDE IMPACT,N,N,49.229166,-122.870657,Y,MARCH,N,COQUITLAM,COQUITLAM,COQUITLAM,N,Y,N,LOWER MAINLAND,UNITED BLVD # 000800 TO 001023,UNITED BLVD,UNITED BLVD,12:00-14:59,1,0
N,PROPERTY DAMAGE ONLY,\N,N,2023,MONDAY,SIDE IMPACT,N,N,49.232263,-123.024221,Y,MARCH,N,VANCOUVER,VANCOUVER,VANCOUVER,Y,Y,N,LOWER MAINLAND,KINGSWAY # 003646 TO 003699,KINGSWAY,KINGSWAY,12:00-14:59,1,0
N,PROPERTY DAMAGE ONLY,\N,N,2023,MONDAY,SIDE IMPACT,N,N,49.233626,-122.85721,Y,MARCH,N,COQUITLAM,COQUITLAM,COQUITLAM,Y,Y,N,LOWER MAINLAND,LOUGHEED HWY # 001101 TO 001499 odd,LOUGHEED HWY,LOUGHEED HWY,12:00-14:59,1,0
N,PROPERTY DAMAGE ONLY,\N,N,2023,MONDAY,SIDE IMPACT,N,N,49.242325,-123.073569,Y,MARCH,N,VANCOUVER,VANCOUVER,VANCOUVER,Y,N,N,LOWER MAINLAND,DUMFRIES ST # 004700 TO 004799,DUMFRIES ST,DUMFRIES ST,12:00-14:59,1,0
N,PROPERTY DAMAGE ONLY,\N,N,2023,MONDAY,SIDE IMPACT,N,N,49.243539,-123.10799,Y,MARCH,N,VANCOUVER,VANCOUVER,VANCOUVER,Y,Y,N,LOWER MAINLAND,CLANCY LORANGER WAY # 004500 TO 004599,CLANCY LORANGER WAY,CLANCY LORANGER WAY,12:00-14:59,1,0
N,PROPERTY DAMAGE ONLY,\N,N,2023,MONDAY,SIDE IMPACT,N,N,49.246746,-122.897897,Y,MARCH,N,BURNABY,BURNABY,BURNABY,Y,N,N,LOWER MAINLAND,MANCHESTER DR # 009500 TO 009899,MANCHESTER DR,MANCHESTER DR,12:00-14:59,1,0
N,PROPERTY DAMAGE ONLY,\N,N,2023,MONDAY,SIDE IMPACT,N,N,49.257042,-123.122872,Y,MARCH,N,VANCOUVER,VANCOUVER,VANCOUVER,Y,N,N,LOWER MAINLAND,W 16TH AVE # 000800 TO 000871,W 16TH AVE,W 16TH AVE,12:00-14:59,1,0
N,PROPERTY DAMAGE ONLY,\N,N,2023,MONDAY,SIDE IMPACT,N,N,49.265285,-123.134863,Y,MARCH,N,VANCOUVER,VANCOUVER,VANCOUVER,Y,N,N,LOWER MAINLAND,W 7TH AVE # 001300 TO 001399,W 7TH AVE,W 7TH AVE,12:00-14:59,1,0
N,PROPERTY DAMAGE ONLY,\N,N,2023,MONDAY,SIDE IMPACT,N,N,49.265873,-123.121159,Y,MARCH,N,VANCOUVER,VANCOUVER,VANCOUVER,Y,N,N,LOWER MAINLAND,W 6TH AVE # 000712 TO 000772 even,W 6TH AVE,W 6TH AVE,12:00-14:59,1,0
N,PROPERTY DAMAGE ONLY,\N,N,2023,MONDAY,SIDE IMPACT,N,N,49.269382,-123.045583,Y,MARCH,N,VANCOUVER,VANCOUVER,VANCOUVER,Y,Y,N,LOWER MAINLAND,E 1ST AVE # 002800 TO 002898 even,E 1ST AVE,E 1ST AVE,12:00-14:59,1,0
N,PROPERTY DAMAGE ONLY,\N,N,2023,MONDAY,SIDE IMPACT,N,N,49.277063,-122.800243,Y,MARCH,N,COQUITLAM,COQUITLAM,COQUITLAM,Y,Y,N,LOWER MAINLAND,BARNET HWY # 002901 TO 002929 odd,BARNET HWY,BARNET HWY,12:00-14:59,2,0
N,PROPERTY DAMAGE ONLY,\N,N,2023,MONDAY,SIDE IMPACT,N,N,49.278274,-123.109536,Y,MARCH,N,VANCOUVER,VANCOUVER,VANCOUVER,Y,Y,N,LOWER MAINLAND,EXPO BLVD # 000604 TO 000696,EXPO BLVD,EXPO BLVD,12:00-14:59,1,0
N,PROPERTY DAMAGE ONLY,\N,N,2023,MONDAY,SIDE IMPACT,N,N,49.27857,-123.078234,Y,MARCH,N,VANCOUVER,VANCOUVER,VANCOUVER,Y,Y,N,LOWER MAINLAND,E GEORGIA ST # 001200 TO 001299,E GEORGIA ST,E GEORGIA ST,12:00-14:59,1,0
N,PROPERTY DAMAGE ONLY,\N,N,2023,MONDAY,SIDE IMPACT,N,N,49.283594,-123.119849,Y,MARCH,N,VANCOUVER,VANCOUVER,VANCOUVER,N,Y,N,LOWER MAINLAND,W GEORGIA ST # 000848 TO 000899,W GEORGIA ST,W GEORGIA ST,12:00-14:59,1,0
N,PROPERTY DAMAGE ONLY,\N,N,2023,MONDAY,SIDE IMPACT,N,N,49.283617,-122.992345,Y,MARCH,N,BURNABY,BURNABY,BURNABY,Y,Y,N,LOWER MAINLAND,TRIUMPH ST # 004848 TO 004899,TRIUMPH ST,TRIUMPH ST,12:00-14:59,1,0
N,PROPERTY DAMAGE ONLY,\N,N,2023,MONDAY,SIDE IMPACT,N,N,49.31873,-124.336392,Y,MARCH,N,PARKSVILLE,PARKSVILLE,PARKSVILLE,Y,N,N,VANCOUVER ISLAND,ERMINESKIN AVE # 000660 TO 000688 even,ERMINESKIN AVE,ERMINESKIN AVE,12:00-14:59,1,0
N,PROPERTY DAMAGE ONLY,\N,N,2023,MONDAY,SIDE IMPACT,N,N,49.322754,-123.099005,Y,MARCH,N,NORTH VANCOUVER,NORTH VANCOUVER,NORTH VANCOUVER,N,Y,N,LOWER MAINLAND,MARINE DR # 000900 TO 000970 even,MARINE DR,MARINE DR,12:00-14:59,1,0
N,PROPERTY DAMAGE ONLY,\N,N,2023,MONDAY,SIDE IMPACT,N,N,49.328624,-123.159572,Y,MARCH,N,WEST VANCOUVER,WEST VANCOUVER,WEST VANCOUVER,Y,N,N,LOWER MAINLAND,MARINE DR # 001600 TO 001699,MARINE DR,MARINE DR,12:00-14:59,1,0
N,PROPERTY DAMAGE ONLY,\N,N,2023,MONDAY,SIDE IMPACT,N,N,49.463126,-119.589468,Y,MARCH,N,PENTICTON,PENTICTON,PENTICTON,Y,Y,N,SOUTHERN INTERIOR,GREEN AVE W # 000200 TO 000299,GREEN AVE W,GREEN AVE W,12:00-14:59,1,0
N,PROPERTY DAMAGE ONLY,\N,N,2023,MONDAY,SIDE IMPACT,N,N,49.50017,-117.286806,Y,MARCH,N,NELSON,NELSON,NELSON,Y,Y,N,SOUTHERN INTERIOR,LAKESIDE DR # 001190 TO 001201,LAKESIDE DR,LAKESIDE DR,12:00-14:59,1,0
N,PROPERTY DAMAGE ONLY,\N,N,2023,MONDAY,SIDE IMPACT,N,N,49.881443,-119.430464,Y,MARCH,N,KELOWNA,KELOWNA,KELOWNA,N,Y,N,SOUTHERN INTERIOR,BARON RD # 002000 TO 002298,BARON RD,BARON RD,12:00-14:59,1,0
N,PROPERTY DAMAGE ONLY,\N,N,2023,MONDAY,SIDE IMPACT,N,N,49.881996,-119.463869,Y,MARCH,N,KELOWNA,KELOWNA,KELOWNA,Y,Y,N,SOUTHERN INTERIOR,HARVEY AVE # 001500 TO 001634 even,HARVEY AVE,HARVEY AVE,12:00-14:59,1,0
N,PROPERTY DAMAGE ONLY,\N,N,2023,MONDAY,SIDE IMPACT,N,N,49.887359000000004,-119.430448,Y,MARCH,N,KELOWNA,KELOWNA,KELOWNA,Y,Y,N,SOUTHERN INTERIOR,ENTERPRISE WAY # 002500 TO 002549,ENTERPRISE WAY,ENTERPRISE WAY,12:00-14:59,2,0
N,PROPERTY DAMAGE ONLY,\N,N,2023,MONDAY,SIDE IMPACT,N,N,49.899899,-119.380274,Y,MARCH,N,KELOWNA,KELOWNA,KELOWNA,N,Y,N,SOUTHERN INTERIOR,HARTMAN RD # 000354 TO 000439,HARTMAN RD,HARTMAN RD,12:00-14:59,1,0
N,PROPERTY DAMAGE ONLY,\N,N,2023,MONDAY,SIDE IMPACT,N,N,50.033818,-125.250304,Y,MARCH,N,CAMPBELL RIVER,CAMPBELL RIVER,CAMPBELL RIVER,Y,Y,N,VANCOUVER ISLAND,ISLAND HWY # 001382 TO 001444 even,ISLAND HWY,ISLAND HWY,12:00-14:59,1,0
N,PROPERTY DAMAGE ONLY,\N,N,2023,MONDAY,SIDE IMPACT,N,N,50.26378,-119.278173,Y,MARCH,N,VERNON,VERNON,VERNON,Y,Y,N,SOUTHERN INTERIOR,30 AVE # 003400 TO 003499,30 AVE,30 AVE,12:00-14:59,1,0
N,PROPERTY DAMAGE ONLY,\N,N,2023,MONDAY,SIDE IMPACT,N,N,50.264573,-119.273028,Y,MARCH,N,VERNON,VERNON,VERNON,Y,Y,N,SOUTHERN INTERIOR,31 AVE # 003100 TO 003199,31 AVE,31 AVE,12:00-14:59,1,0
N,PROPERTY DAMAGE ONLY,\N,N,2023,MONDAY,SIDE IMPACT,N,N,50.267437,-119.251839,Y,MARCH,N,VERNON,VERNON,VERNON,N,Y,N,SOUTHERN INTERIOR,35 AVE # 001500 TO 001599,35 AVE,35 AVE,12:00-14:59,1,0
N,PROPERTY DAMAGE ONLY,\N,N,2023,MONDAY,SIDE IMPACT,N,N,50.557298,-119.141497,Y,MARCH,N,ENDERBY,ENDERBY,ENDERBY,Y,Y,N,SOUTHERN INTERIOR,GEORGE ST # 001700 TO 001809,GEORGE ST,GEORGE ST,12:00-14:59,1,0
N,PROPERTY DAMAGE ONLY,\N,N,2023,MONDAY,SIDE IMPACT,N,N,50.665334,-120.350116,Y,MARCH,N,KAMLOOPS,KAMLOOPS,KAMLOOPS,Y,Y,N,SOUTHERN INTERIOR,SUMMIT DR # 001210 TO 001378 even,SUMMIT DR,SUMMIT DR,12:00-14:59,1,0
N,PROPERTY DAMAGE ONLY,\N,N,2023,MONDAY,SIDE IMPACT,N,N,50.669174,-120.354482,Y,MARCH,N,KAMLOOPS,KAMLOOPS,KAMLOOPS,Y,N,N,SOUTHERN INTERIOR,COLUMBIA ST W # 000900 TO 000998 even,COLUMBIA ST W,COLUMBIA ST W,12:00-14:59,1,0
N,PROPERTY DAMAGE ONLY,\N,N,2023,MONDAY,SIDE IMPACT,N,N,50.695997,-121.937126,Y,MARCH,N,LILLOOET,LILLOOET,LILLOOET,Y,N,N,SOUTHERN INTERIOR,VICTORIA ST # 000390 TO 000499,VICTORIA ST,VICTORIA ST,12:00-14:59,1,0
N,PROPERTY DAMAGE ONLY,\N,N,2023,MONDAY,SIDE IMPACT,N,N,50.701041000000004,-120.373455,Y,MARCH,N,KAMLOOPS,KAMLOOPS,KAMLOOPS,Y,Y,N,SOUTHERN INTERIOR,TRANQUILLE RD # 001200 TO 001298 even,TRANQUILLE RD,TRANQUILLE RD,12:00-14:59,1,0
N,PROPERTY DAMAGE ONLY,\N,N,2023,MONDAY,SIDE IMPACT,N,N,51.770474,-120.899395,Y,MARCH,N,CANIM LAKE,CANIM LAKE,CANIM LAKE,Y,Y,N,NORTH CENTRAL,NEWALL RD # 004450 TO 004469,NEWALL RD,NEWALL RD,12:00-14:59,1,0
N,PROPERTY DAMAGE ONLY,\N,N,2023,MONDAY,SIDE IMPACT,N,N,52.121098,-122.159778,Y,MARCH,N,WILLIAMS LAKE,WILLIAMS LAKE,WILLIAMS LAKE,Y,N,N,NORTH CENTRAL,FOSTER WAY # 000130 TO 000349,FOSTER WAY,FOSTER WAY,12:00-14:59,1,0
N,PROPERTY DAMAGE ONLY,\N,N,2023,MONDAY,SIDE IMPACT,N,N,52.978269,-122.495276,Y,MARCH,N,QUESNEL,QUESNEL,QUESNEL,Y,Y,N,NORTH CENTRAL,MCLEAN ST # 000300 TO 000399,MCLEAN ST,MCLEAN ST,12:00-14:59,1,0
N,PROPERTY DAMAGE ONLY,\N,N,2023,MONDAY,SIDE IMPACT,N,N,52.979045,-122.496155,Y,MARCH,N,QUESNEL,QUESNEL,QUESNEL,Y,Y,N,NORTH CENTRAL,ST LAURENT AVE # 000200 TO 000299,ST LAURENT AVE,ST LAURENT AVE,12:00-14:59,1,0
N,PROPERTY DAMAGE ONLY,\N,N,2023,MONDAY,SIDE IMPACT,N,N,53.001563,-122.514227,Y,MARCH,N,QUESNEL,QUESNEL,QUESNEL,Y,N,N,NORTH CENTRAL,ROBIN RD # 003450 TO 003599,ROBIN RD,ROBIN RD,12:00-14:59,1,0
N,PROPERTY DAMAGE ONLY,\N,N,2023,MONDAY,SIDE IMPACT,N,N,53.899564,-122.779382,Y,MARCH,N,PRINCE GEORGE,PRINCE GEORGE,PRINCE GEORGE,N,Y,N,NORTH CENTRAL,MASSEY DR # 002991 TO 003111 odd,MASSEY DR,MASSEY DR,12:00-14:59,1,0
N,PROPERTY DAMAGE ONLY,\N,N,2023,MONDAY,SIDE IMPACT,N,N,54.313058,-130.326274,Y,MARCH,N,PRINCE RUPERT,PRINCE RUPERT,PRINCE RUPERT,Y,N,N,NORTH CENTRAL,2ND AVE W # 000400 TO 000499,2ND AVE W,2ND AVE W,12:00-14:59,1,0
N,PROPERTY DAMAGE ONLY,\N,N,2023,MONDAY,SIDE IMPACT,Y,N,49.172232,-121.949672,Y,MARCH,N,CHILLIWACK,CHILLIWACK,CHILLIWACK,Y,N,N,LOWER MAINLAND,FLETCHER ST # 009350 TO 009399,FLETCHER ST,FLETCHER ST,12:00-14:59,1,0
N,PROPERTY DAMAGE ONLY,\N,N,2023,MONDAY,SIDE IMPACT,Y,N,49.201126,-122.916211,Y,MARCH,N,NEW WESTMINSTER,NEW WESTMINSTER,NEW WESTMINSTER,Y,N,N,LOWER MAINLAND,TENTH ST # 000060 TO 000079,10TH ST,10TH ST,12:00-14:59,1,0
N,PROPERTY DAMAGE ONLY,\N,N,2023,MONDAY,SIDE IMPACT,Y,N,49.253867,-122.744245,Y,MARCH,N,PORT COQUITLAM,PORT COQUITLAM,PORT COQUITLAM,Y,Y,N,LOWER MAINLAND,LOUGHEED HWY # 000880 TO 001070 even,LOUGHEED HWY,LOUGHEED HWY,12:00-14:59,1,0
N,PROPERTY DAMAGE ONLY,\N,N,2023,MONDAY,SIDE SWIPE - OPPOSITE DIRECTION,N,N,49.150366,-122.648889,Y,MARCH,N,LANGLEY,LANGLEY,LANGLEY,N,N,N,LOWER MAINLAND,207 ST # 008069 TO 008159,207 ST,207 ST,12:00-14:59,1,0
N,PROPERTY DAMAGE ONLY,\N,N,2023,MONDAY,SIDE SWIPE - OPPOSITE DIRECTION,N,N,49.223587,-122.913851,Y,MARCH,N,NEW WESTMINSTER,NEW WESTMINSTER,NEW WESTMINSTER,N,Y,N,LOWER MAINLAND,MCBRIDE BLVD # 000800 TO 000998 even,MCBRIDE BLVD,MCBRIDE BLVD,12:00-14:59,1,0
N,PROPERTY DAMAGE ONLY,\N,N,2023,MONDAY,SIDE SWIPE - OPPOSITE DIRECTION,N,N,49.836293,-119.612054,Y,MARCH,N,WEST KELOWNA,WEST KELOWNA,WEST KELOWNA,Y,Y,N,SOUTHERN INTERIOR,CARRINGTON RD # 003540 TO 003557,CARRINGTON RD,CARRINGTON RD,12:00-14:59,1,0
N,PROPERTY DAMAGE ONLY,\N,N,2023,MONDAY,SIDE SWIPE - OPPOSITE DIRECTION,N,N,49.873946,-119.491229,Y,MARCH,N,KELOWNA,KELOWNA,KELOWNA,N,Y,N,SOUTHERN INTERIOR,PANDOSY ST # 002222 TO 002269,PANDOSY ST,PANDOSY ST,12:00-14:59,1,0
N,PROPERTY DAMAGE ONLY,\N,N,2023,MONDAY,SIDE SWIPE - OPPOSITE DIRECTION,N,N,50.83092,-118.987272,Y,MARCH,N,SICAMOUS,SICAMOUS,SICAMOUS,Y,N,N,SOUTHERN INTERIOR,MARTIN ST # 000200 TO 000299,MARTIN ST,MARTIN ST,12:00-14:59,1,0
N,PROPERTY DAMAGE ONLY,\N,N,2023,MONDAY,SIDE SWIPE - OPPOSITE DIRECTION,Y,N,49.250333,-122.914237,Y,MARCH,N,BURNABY,BURNABY,BURNABY,Y,Y,N,LOWER MAINLAND,CARIBOO RD # 006700 TO 006761,CARIBOO RD,CARIBOO RD,12:00-14:59,1,0
N,PROPERTY DAMAGE ONLY,\N,N,2023,MONDAY,SIDE SWIPE - SAME DIRECTION,N,N,\N,\N,N,MARCH,N,PRINCE GEORGE,PRINCE GEORGE,\N,Y,Y,N,NORTH CENTRAL,UNKNOWN,FERRY,FERRY,12:00-14:59,1,0
N,PROPERTY DAMAGE ONLY,\N,N,2023,MONDAY,SIDE SWIPE - SAME DIRECTION,N,N,48.412095,-123.340637,Y,MARCH,N,VICTORIA,VICTORIA,VICTORIA,Y,Y,N,VANCOUVER ISLAND,FAIRFIELD RD # 001500 TO 001511,FAIRFIELD RD,FAIRFIELD RD,12:00-14:59,1,0
N,PROPERTY DAMAGE ONLY,\N,N,2023,MONDAY,SIDE SWIPE - SAME DIRECTION,N,N,48.446776,-123.483048,Y,MARCH,N,LANGFORD,LANGFORD,LANGFORD,N,N,N,VANCOUVER ISLAND,PENELOPE PL # 002760 TO 002789,PENELOPE PL,PENELOPE PL,12:00-14:59,1,0
N,PROPERTY DAMAGE ONLY,\N,N,2023,MONDAY,SIDE SWIPE - SAME DIRECTION,N,N,49.007708,-123.069669,Y,MARCH,N,DELTA,DELTA,DELTA,Y,N,N,LOWER MAINLAND,ROSEHILL WYND # 000300 TO 000355,ROSEHILL WYND,ROSEHILL WYND,12:00-14:59,1,0
N,PROPERTY DAMAGE ONLY,\N,N,2023,MONDAY,SIDE SWIPE - SAME DIRECTION,N,N,49.17561,-122.776099,Y,MARCH,N,SURREY,SURREY,SURREY,Y,N,N,LOWER MAINLAND,161 ST # 009491 TO 009549,161 ST,161 ST,12:00-14:59,1,0
N,PROPERTY DAMAGE ONLY,\N,N,2023,MONDAY,SIDE SWIPE - SAME DIRECTION,N,N,49.185598,-123.135643,Y,MARCH,N,RICHMOND,RICHMOND,RICHMOND,N,N,N,LOWER MAINLAND,NO 3 RD # 003700 TO 003998 even,NO 3 RD,NO 3 RD,12:00-14:59,1,0
N,PROPERTY DAMAGE ONLY,\N,N,2023,MONDAY,SIDE SWIPE - SAME DIRECTION,N,N,49.192849,-123.992431,Y,MARCH,N,NANAIMO,NANAIMO,NANAIMO,Y,Y,N,VANCOUVER ISLAND,BOWEN RD # 002200 TO 002238 even,BOWEN RD,BOWEN RD,12:00-14:59,1,0
N,PROPERTY DAMAGE ONLY,\N,N,2023,MONDAY,SIDE SWIPE - SAME DIRECTION,N,N,49.21934,-123.140485,Y,MARCH,N,VANCOUVER,VANCOUVER,VANCOUVER,Y,N,N,LOWER MAINLAND,W 57TH AVE # 001500 TO 001519,W 57TH AVE,W 57TH AVE,12:00-14:59,1,0
N,PROPERTY DAMAGE ONLY,\N,N,2023,MONDAY,SIDE SWIPE - SAME DIRECTION,N,N,49.250619,-123.056191,Y,MARCH,N,VANCOUVER,VANCOUVER,VANCOUVER,Y,N,N,LOWER MAINLAND,E 22ND AVE # 002400 TO 002434 even,E 22ND AVE,E 22ND AVE,12:00-14:59,1,0
N,PROPERTY DAMAGE ONLY,\N,N,2023,MONDAY,SIDE SWIPE - SAME DIRECTION,N,N,49.251937,-123.183189,Y,MARCH,N,VANCOUVER,VANCOUVER,VANCOUVER,Y,N,N,LOWER MAINLAND,W 23RD AVE # 003500 TO 003596,W 23RD AVE,W 23RD AVE,12:00-14:59,1,0
N,PROPERTY DAMAGE ONLY,\N,N,2023,MONDAY,SIDE SWIPE - SAME DIRECTION,N,N,49.256133,-122.985689,Y,MARCH,N,BURNABY,BURNABY,BURNABY,Y,N,N,LOWER MAINLAND,DOMINION ST # 005200 TO 005599,DOMINION ST,DOMINION ST,12:00-14:59,1,0
N,PROPERTY DAMAGE ONLY,\N,N,2023,MONDAY,SIDE SWIPE - SAME DIRECTION,N,N,49.258119,-123.037802,Y,MARCH,N,VANCOUVER,VANCOUVER,VANCOUVER,Y,Y,N,LOWER MAINLAND,GRANDVIEW HWY # 003100 TO 003199,GRANDVIEW HWY,GRANDVIEW HWY,12:00-14:59,1,0
N,PROPERTY DAMAGE ONLY,\N,N,2023,MONDAY,SIDE SWIPE - SAME DIRECTION,N,N,49.269382,-123.045583,Y,MARCH,N,VANCOUVER,VANCOUVER,VANCOUVER,Y,Y,N,LOWER MAINLAND,E 1ST AVE # 002800 TO 002898 even,E 1ST AVE,E 1ST AVE,12:00-14:59,1,0
N,PROPERTY DAMAGE ONLY,\N,N,2023,MONDAY,SIDE SWIPE - SAME DIRECTION,N,N,49.269764,-123.144365,Y,MARCH,N,VANCOUVER,VANCOUVER,VANCOUVER,Y,Y,N,LOWER MAINLAND,W 2ND AVE # 001700 TO 001799,W 2ND AVE,W 2ND AVE,12:00-14:59,1,0
N,PROPERTY DAMAGE ONLY,\N,N,2023,MONDAY,SIDE SWIPE - SAME DIRECTION,N,N,49.274413,-122.792884,Y,MARCH,N,COQUITLAM,COQUITLAM,COQUITLAM,Y,Y,N,LOWER MAINLAND,LOUGHEED HWY # 002988 TO 003098 even,LOUGHEED HWY,LOUGHEED HWY,12:00-14:59,1,0
N,PROPERTY DAMAGE ONLY,\N,N,2023,MONDAY,SIDE SWIPE - SAME DIRECTION,N,N,49.277508,-123.120343,Y,MARCH,N,VANCOUVER,VANCOUVER,VANCOUVER,Y,N,N,LOWER MAINLAND,NELSON ST # 000400 TO 000449,NELSON ST,NELSON ST,12:00-14:59,1,0
N,PROPERTY DAMAGE ONLY,\N,N,2023,MONDAY,SIDE SWIPE - SAME DIRECTION,N,N,49.323746,-123.101672,Y,MARCH,N,NORTH VANCOUVER,NORTH VANCOUVER,NORTH VANCOUVER,Y,Y,N,LOWER MAINLAND,MARINE DR # 000990 TO 000998 even,MARINE DR,MARINE DR,12:00-14:59,1,0
N,PROPERTY DAMAGE ONLY,\N,N,2023,MONDAY,SIDE SWIPE - SAME DIRECTION,N,N,53.909329,-122.755133,Y,MARCH,N,PRINCE GEORGE,PRINCE GEORGE,PRINCE GEORGE,Y,N,N,NORTH CENTRAL,VICTORIA ST # 001501 TO 001699,VICTORIA ST,VICTORIA ST,12:00-14:59,1,0
N,PROPERTY DAMAGE ONLY,\N,N,2023,MONDAY,SIDE SWIPE - SAME DIRECTION,N,N,53.993915,-122.807442,Y,MARCH,N,PRINCE GEORGE,PRINCE GEORGE,PRINCE GEORGE,N,N,N,NORTH CENTRAL,HEATHER PARK RD # 007020 TO 007151,HEATHER PARK RD,HEATHER PARK RD,12:00-14:59,1,0
N,PROPERTY DAMAGE ONLY,\N,N,2023,MONDAY,SIDE SWIPE - SAME DIRECTION,Y,N,49.400383,-120.564257,Y,MARCH,N,PRINCETON,PRINCETON,PRINCETON,N,N,N,SOUTHERN INTERIOR,HWY 3 W # 000900 TO 000905,HWY 3,HWY 3,12:00-14:59,1,0
N,PROPERTY DAMAGE ONLY,\N,N,2023,MONDAY,SINGLE VEHICLE,N,N,\N,\N,N,MARCH,N,ABBOTSFORD,ABBOTSFORD,\N,N,N,N,LOWER MAINLAND,UNKNOWN,UNKNOWN,UNKNOWN,12:00-14:59,1,0
N,PROPERTY DAMAGE ONLY,\N,N,2023,MONDAY,SINGLE VEHICLE,N,N,\N,\N,N,MARCH,N,BURNABY,BURNABY,\N,Y,N,N,LOWER MAINLAND,UNKNOWN,KINGSWAY,KINGSWAY,12:00-14:59,1,0
N,PROPERTY DAMAGE ONLY,\N,N,2023,MONDAY,SINGLE VEHICLE,N,N,\N,\N,N,MARCH,N,BURNS LAKE,BURNS LAKE,\N,N,N,N,NORTH CENTRAL,UNKNOWN,HWY 16,HWY 16,12:00-14:59,1,0
N,PROPERTY DAMAGE ONLY,\N,N,2023,MONDAY,SINGLE VEHICLE,N,N,\N,\N,N,MARCH,N,CAMPBELL RIVER,CAMPBELL RIVER,\N,N,Y,N,VANCOUVER ISLAND,UNKNOWN,ISLAND HWY N,ISLAND HWY N,12:00-14:59,1,0
N,PROPERTY DAMAGE ONLY,\N,N,2023,MONDAY,SINGLE VEHICLE,N,N,\N,\N,N,MARCH,N,CECIL LAKE,CECIL LAKE,\N,N,N,N,NORTH CENTRAL,UNKNOWN,249 RD,249 RD,12:00-14:59,1,0
N,PROPERTY DAMAGE ONLY,\N,N,2023,MONDAY,SINGLE VEHICLE,N,N,\N,\N,N,MARCH,N,CHILLIWACK,CHILLIWACK,\N,N,N,N,LOWER MAINLAND,UNKNOWN,HWY 1,HWY 1,12:00-14:59,1,0
N,PROPERTY DAMAGE ONLY,\N,N,2023,MONDAY,SINGLE VEHICLE,N,N,\N,\N,N,MARCH,N,COURTENAY,COURTENAY,\N,N,N,N,VANCOUVER ISLAND,UNKNOWN,STRATHCONA PKWY,STRATHCONA PKWY,12:00-14:59,1,0
N,PROPERTY DAMAGE ONLY,\N,N,2023,MONDAY,SINGLE VEHICLE,N,N,\N,\N,N,MARCH,N,KELOWNA,KELOWNA,\N,N,N,N,SOUTHERN INTERIOR,UNKNOWN,BIG WHITE RD,BIG WHITE RD,12:00-14:59,1,0
N,PROPERTY DAMAGE ONLY,\N,N,2023,MONDAY,SINGLE VEHICLE,N,N,\N,\N,N,MARCH,N,KELOWNA,KELOWNA,\N,N,N,N,SOUTHERN INTERIOR,UNKNOWN,FIRWOOD,FIRWOOD,12:00-14:59,1,0
N,PROPERTY DAMAGE ONLY,\N,N,2023,MONDAY,SINGLE VEHICLE,N,N,\N,\N,N,MARCH,N,LANGLEY,LANGLEY,\N,N,N,N,LOWER MAINLAND,UNKNOWN,72 AVE,72 AVE,12:00-14:59,1,0
N,PROPERTY DAMAGE ONLY,\N,N,2023,MONDAY,SINGLE VEHICLE,N,N,\N,\N,N,MARCH,N,LANGLEY,LANGLEY,\N,N,Y,N,LOWER MAINLAND,UNKNOWN,UK,UK,12:00-14:59,1,0
N,PROPERTY DAMAGE ONLY,\N,N,2023,MONDAY,SINGLE VEHICLE,N,N,\N,\N,N,MARCH,N,LILLOOET,LILLOOET,\N,N,N,N,SOUTHERN INTERIOR,UNKNOWN,HWY 99,HWY 99,12:00-14:59,2,0
N,PROPERTY DAMAGE ONLY,\N,N,2023,MONDAY,SINGLE VEHICLE,N,N,\N,\N,N,MARCH,N,MACKENZIE,MACKENZIE,\N,N,N,N,NORTH CENTRAL,UNKNOWN,HWY 39,HWY 39,12:00-14:59,1,0
N,PROPERTY DAMAGE ONLY,\N,N,2023,MONDAY,SINGLE VEHICLE,N,N,\N,\N,N,MARCH,N,MANNING PARK,MANNING PARK,\N,N,N,N,SOUTHERN INTERIOR,UNKNOWN,HWY 3,HWY 3,12:00-14:59,1,0
N,PROPERTY DAMAGE ONLY,\N,N,2023,MONDAY,SINGLE VEHICLE,N,N,\N,\N,N,MARCH,N,MAPLE RIDGE,MAPLE RIDGE,\N,N,N,N,LOWER MAINLAND,UNKNOWN,U/K,U/K,12:00-14:59,1,0
N,PROPERTY DAMAGE ONLY,\N,N,2023,MONDAY,SINGLE VEHICLE,N,N,\N,\N,N,MARCH,N,MASSET,MASSET,\N,N,N,N,NORTH CENTRAL,UNKNOWN,HIGHWAY 16,HIGHWAY 16,12:00-14:59,1,0
N,PROPERTY DAMAGE ONLY,\N,N,2023,MONDAY,SINGLE VEHICLE,N,N,\N,\N,N,MARCH,N,MERRITT,MERRITT,\N,N,N,N,SOUTHERN INTERIOR,UNKNOWN,HWY 5,HWY 5,12:00-14:59,1,0
N,PROPERTY DAMAGE ONLY,\N,N,2023,MONDAY,SINGLE VEHICLE,N,N,\N,\N,N,MARCH,N,PORT MOODY,PORT MOODY,\N,N,N,N,LOWER MAINLAND,UNKNOWN,MORRISSEY RD,MORRISSEY RD,12:00-14:59,1,0
N,PROPERTY DAMAGE ONLY,\N,N,2023,MONDAY,SINGLE VEHICLE,N,N,\N,\N,N,MARCH,N,PRINCETON,PRINCETON,\N,N,N,N,SOUTHERN INTERIOR,UNKNOWN,PRINCETON CEMETERY RD,PRINCETON CEMETERY RD,12:00-14:59,1,0
N,PROPERTY DAMAGE ONLY,\N,N,2023,MONDAY,SINGLE VEHICLE,N,N,\N,\N,N,MARCH,N,SALMO,SALMO,\N,N,N,N,SOUTHERN INTERIOR,UNKNOWN,CROWSNET HWY,CROWSNET HWY,12:00-14:59,1,0
N,PROPERTY DAMAGE ONLY,\N,N,2023,MONDAY,SINGLE VEHICLE,N,N,\N,\N,N,MARCH,N,TOFINO,TOFINO,\N,N,Y,N,VANCOUVER ISLAND,UNKNOWN,JOHNSTON RD,JOHNSTON RD,12:00-14:59,1,0
N,PROPERTY DAMAGE ONLY,\N,N,2023,MONDAY,SINGLE VEHICLE,N,N,\N,\N,N,MARCH,N,UNKNOWN,UNKNOWN,\N,N,Y,N,UNKNOWN,UNKNOWN,RYAN RD,RYAN RD,12:00-14:59,1,0
N,PROPERTY DAMAGE ONLY,\N,N,2023,MONDAY,SINGLE VEHICLE,N,N,\N,\N,N,MARCH,N,VICTORIA,VICTORIA,\N,N,Y,N,VANCOUVER ISLAND,UNKNOWN,FERRY TERMINAL,FERRY TERMINAL,12:00-14:59,1,0
N,PROPERTY DAMAGE ONLY,\N,N,2023,MONDAY,SINGLE VEHICLE,N,N,\N,\N,N,MARCH,N,VICTORIA,VICTORIA,\N,N,Y,N,VANCOUVER ISLAND,UNKNOWN,OAK BAY AVE,OAK BAY AVE,12:00-14:59,1,0
N,PROPERTY DAMAGE ONLY,\N,N,2023,MONDAY,SINGLE VEHICLE,N,N,\N,\N,N,MARCH,N,VICTORIA,VICTORIA,\N,N,Y,N,VANCOUVER ISLAND,UNKNOWN,WEST SAANICH RD,WEST SAANICH RD,12:00-14:59,1,0
N,PROPERTY DAMAGE ONLY,\N,N,2023,MONDAY,SINGLE VEHICLE,N,N,\N,\N,N,MARCH,N,WHISTLER,WHISTLER,\N,N,N,N,LOWER MAINLAND,UNKNOWN,CAL CHEAK SERVICE ROAD,CAL CHEAK SERVICE ROAD,12:00-14:59,1,0
N,PROPERTY DAMAGE ONLY,\N,N,2023,MONDAY,SINGLE VEHICLE,N,N,\N,\N,N,MARCH,N,WHISTLER,WHISTLER,\N,N,Y,N,LOWER MAINLAND,UNKNOWN,LAKE PLACID RD,LAKE PLACID RD,12:00-14:59,1,0
N,PROPERTY DAMAGE ONLY,\N,N,2023,MONDAY,SINGLE VEHICLE,N,N,48.419677,-123.299678,Y,MARCH,N,OAK BAY,OAK BAY,OAK BAY,N,Y,N,VANCOUVER ISLAND,BEACH DR # 001106 TO 001199,BEACH DR,BEACH DR,12:00-14:59,1,0
N,PROPERTY DAMAGE ONLY,\N,N,2023,MONDAY,SINGLE VEHICLE,N,N,48.425531,-123.33803,Y,MARCH,N,VICTORIA,VICTORIA,VICTORIA,N,Y,N,VANCOUVER ISLAND,BELMONT AVE # 001032 TO 001079,BELMONT AVE,BELMONT AVE,12:00-14:59,1,0
N,PROPERTY DAMAGE ONLY,\N,N,2023,MONDAY,SINGLE VEHICLE,N,N,48.427224,-123.335591,Y,MARCH,N,VICTORIA,VICTORIA,VICTORIA,Y,N,N,VANCOUVER ISLAND,FORT ST # 001600 TO 001679,FORT ST,FORT ST,12:00-14:59,1,0
N,PROPERTY DAMAGE ONLY,\N,N,2023,MONDAY,SINGLE VEHICLE,N,N,48.467146,-123.389515,Y,MARCH,N,SAANICH,SAANICH,SAANICH,N,N,N,VANCOUVER ISLAND,MALIBU PL # 004000 TO 004119,MALIBU PL,MALIBU PL,12:00-14:59,1,0
N,PROPERTY DAMAGE ONLY,\N,N,2023,MONDAY,SINGLE VEHICLE,N,N,48.996868,-123.827842,Y,MARCH,N,LADYSMITH,LADYSMITH,LADYSMITH,N,N,N,VANCOUVER ISLAND,3RD AVE # 001100 TO 001143,3RD AVE,3RD AVE,12:00-14:59,1,0
N,PROPERTY DAMAGE ONLY,\N,N,2023,MONDAY,SINGLE VEHICLE,N,N,49.044291,-122.34396,Y,MARCH,N,ABBOTSFORD,ABBOTSFORD,ABBOTSFORD,N,Y,N,LOWER MAINLAND,GRANT ST # 002240 TO 002399,GRANT ST,GRANT ST,12:00-14:59,1,0
N,PROPERTY DAMAGE ONLY,\N,N,2023,MONDAY,SINGLE VEHICLE,N,N,49.045629,-122.79188,Y,MARCH,N,SURREY,SURREY,SURREY,N,N,N,LOWER MAINLAND,24 AVE # 015501 TO 015599 odd,24 AVE,24 AVE,12:00-14:59,1,0
N,PROPERTY DAMAGE ONLY,\N,N,2023,MONDAY,SINGLE VEHICLE,N,N,49.04782,-122.33718,Y,MARCH,N,ABBOTSFORD,ABBOTSFORD,ABBOTSFORD,N,Y,N,LOWER MAINLAND,CLEARBROOK RD # 002496 TO 002518 even,CLEARBROOK RD,CLEARBROOK RD,12:00-14:59,1,0
N,PROPERTY DAMAGE ONLY,\N,N,2023,MONDAY,SINGLE VEHICLE,N,N,49.05805,-122.808895,Y,MARCH,N,SURREY,SURREY,SURREY,N,Y,N,LOWER MAINLAND,KING GEORGE BLVD # 003076 TO 003108 even,KING GEORGE BLVD,KING GEORGE BLVD,12:00-14:59,1,0
N,PROPERTY DAMAGE ONLY,\N,N,2023,MONDAY,SINGLE VEHICLE,N,N,49.05827,-122.381412,Y,MARCH,N,ABBOTSFORD,ABBOTSFORD,ABBOTSFORD,N,Y,N,LOWER MAINLAND,MT LEHMAN RD # 003086 TO 003129,MT LEHMAN RD,MT LEHMAN RD,12:00-14:59,1,0
N,PROPERTY DAMAGE ONLY,\N,N,2023,MONDAY,SINGLE VEHICLE,N,N,49.116822,-122.671702,Y,MARCH,N,LANGLEY,LANGLEY,LANGLEY,N,Y,N,LOWER MAINLAND,WILLOWBROOK DR # 019801 TO 019999 odd,WILLOWBROOK DR,WILLOWBROOK DR,12:00-14:59,1,0
N,PROPERTY DAMAGE ONLY,\N,N,2023,MONDAY,SINGLE VEHICLE,N,N,49.128341,-123.096656,Y,MARCH,N,RICHMOND,RICHMOND,RICHMOND,Y,N,N,LOWER MAINLAND,BLACKSMITH PL # 011400 TO 011499,BLACKSMITH PL,BLACKSMITH PL,12:00-14:59,1,0
N,PROPERTY DAMAGE ONLY,\N,N,2023,MONDAY,SINGLE VEHICLE,N,N,49.133509,-122.844227,Y,MARCH,N,SURREY,SURREY,SURREY,Y,Y,N,LOWER MAINLAND,72 AVE # 013600 TO 013668 even,72 AVE,72 AVE,12:00-14:59,1,0
N,PROPERTY DAMAGE ONLY,\N,N,2023,MONDAY,SINGLE VEHICLE,N,N,49.145463,-122.644692,Y,MARCH,N,LANGLEY,LANGLEY,LANGLEY,N,Y,N,LOWER MAINLAND,78B AVE # 020800 TO 020853,78B AVE,78B AVE,12:00-14:59,1,0
N,PROPERTY DAMAGE ONLY,\N,N,2023,MONDAY,SINGLE VEHICLE,N,N,49.151358,-122.890447,Y,MARCH,N,DELTA,DELTA,DELTA,N,Y,N,LOWER MAINLAND,120 ST # 008101 TO 008199 odd,120 ST,120 ST,12:00-14:59,1,0
N,PROPERTY DAMAGE ONLY,\N,N,2023,MONDAY,SINGLE VEHICLE,N,N,49.162842,-122.696908,Y,MARCH,N,SURREY,SURREY,SURREY,N,N,N,LOWER MAINLAND,88 AVE # 018900 TO 019041,88 AVE,88 AVE,12:00-14:59,1,0
N,PROPERTY DAMAGE ONLY,\N,N,2023,MONDAY,SINGLE VEHICLE,N,N,49.165613,-123.136632,Y,MARCH,N,RICHMOND,RICHMOND,RICHMOND,N,Y,N,LOWER MAINLAND,NO 3 RD # 006401 TO 006799 odd,NO 3 RD,NO 3 RD,12:00-14:59,1,0
N,PROPERTY DAMAGE ONLY,\N,N,2023,MONDAY,SINGLE VEHICLE,N,N,49.176995,-122.841483,Y,MARCH,N,SURREY,SURREY,SURREY,N,Y,N,LOWER MAINLAND,96 AVE # 013750 TO 013769,96 AVE,96 AVE,12:00-14:59,2,0
N,PROPERTY DAMAGE ONLY,\N,N,2023,MONDAY,SINGLE VEHICLE,N,N,49.188631,-123.972234,Y,MARCH,N,NANAIMO,NANAIMO,NANAIMO,N,Y,N,VANCOUVER ISLAND,BOUNDARY AVE # 002100 TO 002103,BOUNDARY AVE,BOUNDARY AVE,12:00-14:59,1,0
N,PROPERTY DAMAGE ONLY,\N,N,2023,MONDAY,SINGLE VEHICLE,N,N,49.198697,-122.915761,Y,MARCH,N,NEW WESTMINSTER,NEW WESTMINSTER,NEW WESTMINSTER,N,Y,N,LOWER MAINLAND,K DE K CRT # 000000 TO 000099,K DE K CRT,K DE K CRT,12:00-14:59,1,0
N,PROPERTY DAMAGE ONLY,\N,N,2023,MONDAY,SINGLE VEHICLE,N,N,49.201356,-122.91129,Y,MARCH,N,NEW WESTMINSTER,NEW WESTMINSTER,NEW WESTMINSTER,N,Y,N,LOWER MAINLAND,COLUMBIA ST # 000760 TO 000799,COLUMBIA ST,COLUMBIA ST,12:00-14:59,1,0
N,PROPERTY DAMAGE ONLY,\N,N,2023,MONDAY,SINGLE VEHICLE,N,N,49.212973,-122.949734,Y,MARCH,N,BURNABY,BURNABY,BURNABY,N,Y,N,LOWER MAINLAND,14TH AVE # 007100 TO 007259,14TH AVE,14TH AVE,12:00-14:59,1,0
N,PROPERTY DAMAGE ONLY,\N,N,2023,MONDAY,SINGLE VEHICLE,N,N,49.225113,-124.036502,Y,MARCH,N,NANAIMO,NANAIMO,NANAIMO,N,N,N,VANCOUVER ISLAND,TURNER RD # 005782 TO 005808 even,TURNER RD,TURNER RD,12:00-14:59,1,0
N,PROPERTY DAMAGE ONLY,\N,N,2023,MONDAY,SINGLE VEHICLE,N,N,49.226417,-122.994213,Y,MARCH,N,BURNABY,BURNABY,BURNABY,N,N,N,LOWER MAINLAND,NELSON AVE # 006400 TO 006444,NELSON AVE,NELSON AVE,12:00-14:59,1,0
N,PROPERTY DAMAGE ONLY,\N,N,2023,MONDAY,SINGLE VEHICLE,N,N,49.229897,-123.003852,Y,MARCH,N,BURNABY,BURNABY,BURNABY,N,Y,N,LOWER MAINLAND,KINGSWAY # 004500 TO 004555,KINGSWAY,KINGSWAY,12:00-14:59,1,0
N,PROPERTY DAMAGE ONLY,\N,N,2023,MONDAY,SINGLE VEHICLE,N,N,49.247315,-122.892858,Y,MARCH,N,BURNABY,BURNABY,BURNABY,N,N,N,LOWER MAINLAND,NORTH RD # 004001 TO 004199 odd,NORTH RD,NORTH RD,12:00-14:59,1,0
N,PROPERTY DAMAGE ONLY,\N,N,2023,MONDAY,SINGLE VEHICLE,N,N,49.248982,-122.860071,Y,MARCH,N,COQUITLAM,COQUITLAM,COQUITLAM,N,Y,N,LOWER MAINLAND,AUSTIN AVE # 001100 TO 001299,AUSTIN AVE,AUSTIN AVE,12:00-14:59,1,0
N,PROPERTY DAMAGE ONLY,\N,N,2023,MONDAY,SINGLE VEHICLE,N,N,49.251929,-123.180534,Y,MARCH,N,VANCOUVER,VANCOUVER,VANCOUVER,N,N,N,LOWER MAINLAND,W 23RD AVE # 003336 TO 003499,W 23RD AVE,W 23RD AVE,12:00-14:59,1,0
N,PROPERTY DAMAGE ONLY,\N,N,2023,MONDAY,SINGLE VEHICLE,N,N,49.259873,-123.142352,Y,MARCH,N,VANCOUVER,VANCOUVER,VANCOUVER,N,Y,N,LOWER MAINLAND,W 13TH AVE # 001600 TO 001699,W 13TH AVE,W 13TH AVE,12:00-14:59,1,0
N,PROPERTY DAMAGE ONLY,\N,N,2023,MONDAY,SINGLE VEHICLE,N,N,49.260419,-123.116342,Y,MARCH,N,VANCOUVER,VANCOUVER,VANCOUVER,N,Y,N,LOWER MAINLAND,W 12TH AVE # 000500 TO 000599,W 12TH AVE,W 12TH AVE,12:00-14:59,2,0
N,PROPERTY DAMAGE ONLY,\N,N,2023,MONDAY,SINGLE VEHICLE,N,N,49.263682,-123.144585,Y,MARCH,N,VANCOUVER,VANCOUVER,VANCOUVER,N,Y,N,LOWER MAINLAND,W BROADWAY # 001700 TO 001799,W BROADWAY,W BROADWAY,12:00-14:59,1,0
N,PROPERTY DAMAGE ONLY,\N,N,2023,MONDAY,SINGLE VEHICLE,N,N,49.265932,-122.772557,Y,MARCH,N,PORT COQUITLAM,PORT COQUITLAM,PORT COQUITLAM,N,Y,N,LOWER MAINLAND,LOUGHEED HWY # 002011 TO 002099 odd,LOUGHEED HWY,LOUGHEED HWY,12:00-14:59,1,0
N,PROPERTY DAMAGE ONLY,\N,N,2023,MONDAY,SINGLE VEHICLE,N,N,49.266948,-122.99901,Y,MARCH,N,BURNABY,BURNABY,BURNABY,N,Y,N,LOWER MAINLAND,BRENTWOOD BLVD # 004607 TO 004669,BRENTWOOD BLVD,BRENTWOOD BLVD,12:00-14:59,1,0
N,PROPERTY DAMAGE ONLY,\N,N,2023,MONDAY,SINGLE VEHICLE,N,N,49.266994,-123.006006,Y,MARCH,N,BURNABY,BURNABY,BURNABY,N,Y,N,LOWER MAINLAND,ROSSER AVE # 001900 TO 001999,ROSSER AVE,ROSSER AVE,12:00-14:59,1,0
N,PROPERTY DAMAGE ONLY,\N,N,2023,MONDAY,SINGLE VEHICLE,N,N,49.26939,-123.110371,Y,MARCH,N,VANCOUVER,VANCOUVER,VANCOUVER,N,Y,N,LOWER MAINLAND,COOK ST # 001700 TO 001799,COOK ST,COOK ST,12:00-14:59,1,0
N,PROPERTY DAMAGE ONLY,\N,N,2023,MONDAY,SINGLE VEHICLE,N,N,49.274168,-123.146275,Y,MARCH,N,VANCOUVER,VANCOUVER,VANCOUVER,N,N,N,LOWER MAINLAND,CHESTNUT ST # 001280 TO 001331,CHESTNUT ST,CHESTNUT ST,12:00-14:59,1,0
N,PROPERTY DAMAGE ONLY,\N,N,2023,MONDAY,SINGLE VEHICLE,N,N,49.277741,-122.851286,Y,MARCH,N,PORT MOODY,PORT MOODY,PORT MOODY,N,Y,N,LOWER MAINLAND,CLARKE ST # 002700 TO 002799,CLARKE ST,CLARKE ST,12:00-14:59,1,0
N,PROPERTY DAMAGE ONLY,\N,N,2023,MONDAY,SINGLE VEHICLE,N,N,49.281624,-122.79316,Y,MARCH,N,COQUITLAM,COQUITLAM,COQUITLAM,N,Y,N,LOWER MAINLAND,PINETREE WAY # 001169 TO 001169 odd,PINETREE WAY,PINETREE WAY,12:00-14:59,1,0
N,PROPERTY DAMAGE ONLY,\N,N,2023,MONDAY,SINGLE VEHICLE,N,N,49.283055,-123.117261,Y,MARCH,N,VANCOUVER,VANCOUVER,VANCOUVER,N,Y,N,LOWER MAINLAND,GRANVILLE ST # 000600 TO 000699,GRANVILLE ST,GRANVILLE ST,12:00-14:59,1,0
N,PROPERTY DAMAGE ONLY,\N,N,2023,MONDAY,SINGLE VEHICLE,N,N,49.285332,-122.786324,Y,MARCH,N,COQUITLAM,COQUITLAM,COQUITLAM,N,Y,N,LOWER MAINLAND,GUILDFORD WAY # 003080 TO 003098 even,GUILDFORD WAY,GUILDFORD WAY,12:00-14:59,1,0
N,PROPERTY DAMAGE ONLY,\N,N,2023,MONDAY,SINGLE VEHICLE,N,N,49.286895,-123.132636,Y,MARCH,N,VANCOUVER,VANCOUVER,VANCOUVER,N,Y,N,LOWER MAINLAND,BARCLAY ST # 001400 TO 001499,BARCLAY ST,BARCLAY ST,12:00-14:59,1,0
N,PROPERTY DAMAGE ONLY,\N,N,2023,MONDAY,SINGLE VEHICLE,N,N,49.302323,-124.253203,Y,MARCH,N,PARKSVILLE,PARKSVILLE,PARKSVILLE,N,N,N,VANCOUVER ISLAND,GABRIOLA DR # 001300 TO 001369,GABRIOLA DR,GABRIOLA DR,12:00-14:59,1,0
N,PROPERTY DAMAGE ONLY,\N,N,2023,MONDAY,SINGLE VEHICLE,N,N,49.310805,-123.081107,Y,MARCH,N,NORTH VANCOUVER,NORTH VANCOUVER,NORTH VANCOUVER,N,Y,N,LOWER MAINLAND,CARRIE CATES CRT # 000113 TO 000149,CARRIE CATES CRT,CARRIE CATES CRT,12:00-14:59,1,0
N,PROPERTY DAMAGE ONLY,\N,N,2023,MONDAY,SINGLE VEHICLE,N,N,49.315948,-123.09881,Y,MARCH,N,NORTH VANCOUVER,NORTH VANCOUVER,NORTH VANCOUVER,N,N,N,LOWER MAINLAND,AUTOMALL DR # 000831 TO 000847 odd,AUTOMALL DR,AUTOMALL DR,12:00-14:59,1,0
N,PROPERTY DAMAGE ONLY,\N,N,2023,MONDAY,SINGLE VEHICLE,N,N,49.402158,-123.504665,Y,MARCH,N,GIBSONS,GIBSONS,GIBSONS,N,Y,N,LOWER MAINLAND,MARINE DR # 000400 TO 000459,MARINE DR,MARINE DR,12:00-14:59,1,0
N,PROPERTY DAMAGE ONLY,\N,N,2023,MONDAY,SINGLE VEHICLE,N,N,49.474607,-119.582864,Y,MARCH,N,PENTICTON,PENTICTON,PENTICTON,Y,Y,N,SOUTHERN INTERIOR,MAIN ST # 002051 TO 002199 odd,MAIN ST,MAIN ST,12:00-14:59,1,0
N,PROPERTY DAMAGE ONLY,\N,N,2023,MONDAY,SINGLE VEHICLE,N,N,49.487001,-117.300817,Y,MARCH,N,NELSON,NELSON,NELSON,N,Y,N,SOUTHERN INTERIOR,HWY 3A AND 6 # 000550 TO 000739,HWY 3A,HWY 3A,12:00-14:59,1,0
N,PROPERTY DAMAGE ONLY,\N,N,2023,MONDAY,SINGLE VEHICLE,N,N,49.491729,-117.294664,Y,MARCH,N,NELSON,NELSON,NELSON,N,Y,N,SOUTHERN INTERIOR,BAKER ST # 000400 TO 000499,BAKER ST,BAKER ST,12:00-14:59,1,0
N,PROPERTY DAMAGE ONLY,\N,N,2023,MONDAY,SINGLE VEHICLE,N,N,49.565099000000004,-119.693856,Y,MARCH,N,SUMMERLAND,SUMMERLAND,SUMMERLAND,N,N,N,SOUTHERN INTERIOR,MOUNTAIN AVE # 003866 TO 004499,MOUNTAIN AVE,MOUNTAIN AVE,12:00-14:59,1,0
N,PROPERTY DAMAGE ONLY,\N,N,2023,MONDAY,SINGLE VEHICLE,N,N,49.618927,-124.026658,Y,MARCH,N,MADEIRA PARK,MADEIRA PARK,MADEIRA PARK,N,Y,N,LOWER MAINLAND,LAGOON RD # 012800 TO 012919,LAGOON RD,LAGOON RD,12:00-14:59,1,0
N,PROPERTY DAMAGE ONLY,\N,N,2023,MONDAY,SINGLE VEHICLE,N,N,49.711952,-124.981234,Y,MARCH,N,COURTENAY,COURTENAY,COURTENAY,N,Y,N,VANCOUVER ISLAND,ALDERWOOD PL # 004670 TO 004769,ALDERWOOD PL,ALDERWOOD PL,12:00-14:59,1,0
N,PROPERTY DAMAGE ONLY,\N,N,2023,MONDAY,SINGLE VEHICLE,N,N,49.828708,-119.630974,Y,MARCH,N,WEST KELOWNA,WEST KELOWNA,WEST KELOWNA,N,N,N,SOUTHERN INTERIOR,ELLIOTT RD # 003715 TO 003729,ELLIOTT RD,ELLIOTT RD,12:00-14:59,1,0
N,PROPERTY DAMAGE ONLY,\N,N,2023,MONDAY,SINGLE VEHICLE,N,N,49.880274,-119.467336,Y,MARCH,N,KELOWNA,KELOWNA,KELOWNA,N,Y,N,SOUTHERN INTERIOR,SUTHERLAND AVE # 001400 TO 001499,SUTHERLAND AVE,SUTHERLAND AVE,12:00-14:59,1,0
N,PROPERTY DAMAGE ONLY,\N,N,2023,MONDAY,SINGLE VEHICLE,N,N,50.133228,-122.952786,Y,MARCH,N,WHISTLER,WHISTLER,WHISTLER,N,Y,N,LOWER MAINLAND,MONS RD # 008006 TO 008011,MONS RD,MONS RD,12:00-14:59,1,0
N,PROPERTY DAMAGE ONLY,\N,N,2023,MONDAY,SINGLE VEHICLE,N,N,54.78468,-127.178673,Y,MARCH,N,SMITHERS,SMITHERS,SMITHERS,N,Y,N,NORTH CENTRAL,1ST AVE # 004100 TO 004199,1ST AVE,1ST AVE,12:00-14:59,1,0
N,PROPERTY DAMAGE ONLY,\N,N,2023,MONDAY,SINGLE VEHICLE,Y,N,49.31821,-124.309209,Y,MARCH,N,PARKSVILLE,PARKSVILLE,PARKSVILLE,N,N,N,VANCOUVER ISLAND,JENSEN AVE E # 000150 TO 000199,JENSEN AVE E,JENSEN AVE E,12:00-14:59,1,0
N,PROPERTY DAMAGE ONLY,\N,N,2023,MONDAY,SINGLE VEHICLE,Y,N,49.5292,-115.74791,Y,MARCH,N,CRANBROOK,CRANBROOK,CRANBROOK,N,Y,N,SOUTHERN INTERIOR,CRANBROOK ST N # 001800 TO 001816 even,CRANBROOK ST N,CRANBROOK ST N,12:00-14:59,1,0
N,PROPERTY DAMAGE ONLY,\N,N,2023,MONDAY,UNDETERMINED,N,N,\N,\N,N,MARCH,N,ABBOTSFORD,ABBOTSFORD,\N,N,N,N,LOWER MAINLAND,UNKNOWN,MOUNT LEHMAN RD,MOUNT LEHMAN RD,12:00-14:59,1,0
N,PROPERTY DAMAGE ONLY,\N,N,2023,MONDAY,UNDETERMINED,N,N,\N,\N,N,MARCH,N,CRANBROOK,CRANBROOK,\N,N,N,N,SOUTHERN INTERIOR,UNKNOWN,STOPKEY RD,STOPKEY RD,12:00-14:59,1,0
N,PROPERTY DAMAGE ONLY,\N,N,2023,MONDAY,UNDETERMINED,N,N,\N,\N,N,MARCH,N,KAMLOOPS,KAMLOOPS,\N,Y,Y,N,SOUTHERN INTERIOR,UNKNOWN,CARRIER ST,CARRIER ST,12:00-14:59,1,0
N,PROPERTY DAMAGE ONLY,\N,N,2023,MONDAY,UNDETERMINED,N,N,\N,\N,N,MARCH,N,KAMLOOPS,KAMLOOPS,\N,Y,Y,N,SOUTHERN INTERIOR,UNKNOWN,TRANS-CANADA HWY,TRANS-CANADA HWY,12:00-14:59,1,0
N,PROPERTY DAMAGE ONLY,\N,N,2023,MONDAY,UNDETERMINED,N,N,\N,\N,N,MARCH,N,LANGLEY,LANGLEY,\N,N,N,N,LOWER MAINLAND,UNKNOWN,U/K,U/K,12:00-14:59,1,0
N,PROPERTY DAMAGE ONLY,\N,N,2023,MONDAY,UNDETERMINED,N,N,\N,\N,N,MARCH,N,NELSON,NELSON,\N,N,N,N,SOUTHERN INTERIOR,UNKNOWN,UNKNOWN,UNKNOWN,12:00-14:59,1,0
N,PROPERTY DAMAGE ONLY,\N,N,2023,MONDAY,UNDETERMINED,N,N,\N,\N,N,MARCH,N,PORT ALBERNI,PORT ALBERNI,\N,N,N,N,VANCOUVER ISLAND,UNKNOWN,RIVER RD,RIVER RD,12:00-14:59,1,0
N,PROPERTY DAMAGE ONLY,\N,N,2023,MONDAY,UNDETERMINED,N,N,\N,\N,N,MARCH,N,PORT HARDY,PORT HARDY,\N,Y,N,N,VANCOUVER ISLAND,UNKNOWN,RESERVE,RESERVE,12:00-14:59,1,0
N,PROPERTY DAMAGE ONLY,\N,N,2023,MONDAY,UNDETERMINED,N,N,\N,\N,N,MARCH,N,PRINCE GEORGE,PRINCE GEORGE,\N,N,N,N,NORTH CENTRAL,UNKNOWN,UNKNOWN,UNKNOWN,12:00-14:59,1,0
N,PROPERTY DAMAGE ONLY,\N,N,2023,MONDAY,UNDETERMINED,N,N,\N,\N,N,MARCH,N,REVELSTOKE,REVELSTOKE,\N,Y,Y,N,SOUTHERN INTERIOR,UNKNOWN,1ST ST E,1ST ST E,12:00-14:59,1,0
N,PROPERTY DAMAGE ONLY,\N,N,2023,MONDAY,UNDETERMINED,N,N,\N,\N,N,MARCH,N,REVELSTOKE,REVELSTOKE,\N,Y,Y,N,SOUTHERN INTERIOR,UNKNOWN,HWY 23N,HWY 23N,12:00-14:59,1,0
N,PROPERTY DAMAGE ONLY,\N,N,2023,MONDAY,UNDETERMINED,N,N,\N,\N,N,MARCH,N,RICHMOND,RICHMOND,\N,Y,N,N,LOWER MAINLAND,UNKNOWN,ROCHDALE DR,ROCHDALE DR,12:00-14:59,1,0
N,PROPERTY DAMAGE ONLY,\N,N,2023,MONDAY,UNDETERMINED,N,N,\N,\N,N,MARCH,N,SURREY,SURREY,\N,Y,N,N,LOWER MAINLAND,UNKNOWN,152 ST,152 ST,12:00-14:59,1,0
N,PROPERTY DAMAGE ONLY,\N,N,2023,MONDAY,UNDETERMINED,N,N,\N,\N,N,MARCH,N,SURREY,SURREY,\N,Y,N,N,LOWER MAINLAND,UNKNOWN,UNKNOWN,UNKNOWN,12:00-14:59,1,0
N,PROPERTY DAMAGE ONLY,\N,N,2023,MONDAY,UNDETERMINED,N,N,\N,\N,N,MARCH,N,UNKNOWN,UNKNOWN,\N,N,N,N,UNKNOWN,UNKNOWN,HWY 1,HWY 1,12:00-14:59,1,0
N,PROPERTY DAMAGE ONLY,\N,N,2023,MONDAY,UNDETERMINED,N,N,\N,\N,N,MARCH,N,UNKNOWN,UNKNOWN,\N,Y,N,N,UNKNOWN,UNKNOWN,U/K,U/K,12:00-14:59,1,0
N,PROPERTY DAMAGE ONLY,\N,N,2023,MONDAY,UNDETERMINED,N,N,\N,\N,N,MARCH,N,VANCOUVER,VANCOUVER,\N,Y,Y,N,LOWER MAINLAND,UNKNOWN,KERR ST,KERR ST,12:00-14:59,1,0
N,PROPERTY DAMAGE ONLY,\N,N,2023,MONDAY,UNDETERMINED,N,N,\N,\N,N,MARCH,N,VICTORIA,VICTORIA,\N,N,N,N,VANCOUVER ISLAND,UNKNOWN,EALES RD,EALES RD,12:00-14:59,1,0
N,PROPERTY DAMAGE ONLY,\N,N,2023,MONDAY,UNDETERMINED,N,N,\N,\N,N,MARCH,N,VICTORIA,VICTORIA,\N,Y,Y,N,VANCOUVER ISLAND,UNKNOWN,CEATON ST,CEATON ST,12:00-14:59,1,0
N,PROPERTY DAMAGE ONLY,\N,N,2023,MONDAY,UNDETERMINED,N,N,\N,\N,N,MARCH,N,VICTORIA,VICTORIA,\N,Y,Y,N,VANCOUVER ISLAND,UNKNOWN,ESQUIMALT RD,ESQUIMALT RD,12:00-14:59,1,0
N,PROPERTY DAMAGE ONLY,\N,N,2023,MONDAY,UNDETERMINED,N,N,\N,\N,N,MARCH,N,WYNNDEL,WYNNDEL,\N,Y,N,N,SOUTHERN INTERIOR,UNKNOWN,UNKNOWN,UNKNOWN,12:00-14:59,1,0
N,PROPERTY DAMAGE ONLY,\N,N,2023,MONDAY,UNDETERMINED,N,N,48.433642,-123.329143,Y,MARCH,N,SAANICH,SAANICH,SAANICH & VICTORIA,Y,N,N,VANCOUVER ISLAND,BAY ST # 001900 TO 001999,BAY ST,BAY ST,12:00-14:59,1,0
N,PROPERTY DAMAGE ONLY,\N,N,2023,MONDAY,UNDETERMINED,N,N,48.43426,-123.314744,Y,MARCH,N,OAK BAY,OAK BAY,OAK BAY,Y,Y,N,VANCOUVER ISLAND,BOWKER AVE # 002200 TO 002299,BOWKER AVE,BOWKER AVE,12:00-14:59,1,0
N,PROPERTY DAMAGE ONLY,\N,N,2023,MONDAY,UNDETERMINED,N,N,48.445415,-123.333968,Y,MARCH,N,VICTORIA,VICTORIA,VICTORIA,Y,Y,N,VANCOUVER ISLAND,HILLSIDE AVE # 001634 TO 001699,HILLSIDE AVE,HILLSIDE AVE,12:00-14:59,1,0
N,PROPERTY DAMAGE ONLY,\N,N,2023,MONDAY,UNDETERMINED,N,N,48.448079,-123.497125,Y,MARCH,N,LANGFORD,LANGFORD,LANGFORD,N,N,N,VANCOUVER ISLAND,GOLDSTREAM AVE # 000700 TO 000749,GOLDSTREAM AVE,GOLDSTREAM AVE,12:00-14:59,1,0
N,PROPERTY DAMAGE ONLY,\N,N,2023,MONDAY,UNDETERMINED,N,N,48.484336,-123.388893,Y,MARCH,N,SAANICH,SAANICH,SAANICH,Y,Y,N,VANCOUVER ISLAND,GLANFORD AVE # 004250 TO 004261,GLANFORD AVE,GLANFORD AVE,12:00-14:59,1,0
N,PROPERTY DAMAGE ONLY,\N,N,2023,MONDAY,UNDETERMINED,N,N,48.493808,-123.389423,Y,MARCH,N,SAANICH,SAANICH,SAANICH,Y,Y,N,VANCOUVER ISLAND,VIEWMONT AVE # 004410 TO 004499,VIEWMONT AVE,VIEWMONT AVE,12:00-14:59,1,0
N,PROPERTY DAMAGE ONLY,\N,N,2023,MONDAY,UNDETERMINED,N,N,48.65149,-123.557402,Y,MARCH,N,MILL BAY,MILL BAY,MILL BAY,Y,Y,N,VANCOUVER ISLAND,MILL BAY RD # 002700 TO 002733,MILL BAY RD,MILL BAY RD,12:00-14:59,1,0
N,PROPERTY DAMAGE ONLY,\N,N,2023,MONDAY,UNDETERMINED,N,N,48.774518,-123.698924,Y,MARCH,N,DUNCAN,DUNCAN,DUNCAN,Y,Y,N,VANCOUVER ISLAND,TRANS-CANADA HWY # 000101 TO 000199 odd,TRANS-CANADA HWY,TRANS-CANADA HWY,12:00-14:59,1,0
N,PROPERTY DAMAGE ONLY,\N,N,2023,MONDAY,UNDETERMINED,N,N,48.776757,-123.703971,Y,MARCH,N,DUNCAN,DUNCAN,DUNCAN,Y,Y,N,VANCOUVER ISLAND,TRUNK RD # 000050 TO 000298 even,TRUNK RD,TRUNK RD,12:00-14:59,1,0
N,PROPERTY DAMAGE ONLY,\N,N,2023,MONDAY,UNDETERMINED,N,N,49.023015,-122.380771,Y,MARCH,N,ABBOTSFORD,ABBOTSFORD,ABBOTSFORD,Y,Y,N,LOWER MAINLAND,LIBERATOR AVE # 030440 TO 030448 even,LIBERATOR AVE,LIBERATOR AVE,12:00-14:59,1,0
N,PROPERTY DAMAGE ONLY,\N,N,2023,MONDAY,UNDETERMINED,N,N,49.032057,-122.801282,Y,MARCH,N,SURREY,SURREY,SURREY,Y,Y,N,LOWER MAINLAND,152 ST # 001601 TO 001699 odd,152 ST,152 ST,12:00-14:59,1,0
N,PROPERTY DAMAGE ONLY,\N,N,2023,MONDAY,UNDETERMINED,N,N,49.034152,-122.26231,Y,MARCH,N,ABBOTSFORD,ABBOTSFORD,ABBOTSFORD,Y,Y,N,LOWER MAINLAND,DELAIR RD # 034600 TO 034909,DELAIR RD,DELAIR RD,12:00-14:59,1,0
N,PROPERTY DAMAGE ONLY,\N,N,2023,MONDAY,UNDETERMINED,N,N,49.037462,-122.801122,Y,MARCH,N,SURREY,SURREY,SURREY,N,Y,N,LOWER MAINLAND,152 ST # 001900 TO 001998 even,152 ST,152 ST,12:00-14:59,1,0
N,PROPERTY DAMAGE ONLY,\N,N,2023,MONDAY,UNDETERMINED,N,N,49.04416,-122.779264,Y,MARCH,N,SURREY,SURREY,SURREY,Y,Y,N,LOWER MAINLAND,160 ST # 002271 TO 002359 odd,160 ST,160 ST,12:00-14:59,1,0
N,PROPERTY DAMAGE ONLY,\N,N,2023,MONDAY,UNDETERMINED,N,N,49.049042,-122.339059,Y,MARCH,N,ABBOTSFORD,ABBOTSFORD,ABBOTSFORD,N,Y,N,LOWER MAINLAND,SOUTH FRASER WAY # 031900 TO 031999,SOUTH FRASER WAY,SOUTH FRASER WAY,12:00-14:59,1,0
N,PROPERTY DAMAGE ONLY,\N,N,2023,MONDAY,UNDETERMINED,N,N,49.054669,-122.315171,Y,MARCH,N,ABBOTSFORD,ABBOTSFORD,ABBOTSFORD,Y,Y,N,LOWER MAINLAND,GLADWIN RD # 002850 TO 002899,GLADWIN RD,GLADWIN RD,12:00-14:59,1,0
N,PROPERTY DAMAGE ONLY,\N,N,2023,MONDAY,UNDETERMINED,N,N,49.074473,-122.549772,Y,MARCH,N,LANGLEY,LANGLEY,LANGLEY,Y,Y,N,LOWER MAINLAND,40 AVE # 024280 TO 024399,40 AVE,40 AVE,12:00-14:59,1,0
N,PROPERTY DAMAGE ONLY,\N,N,2023,MONDAY,UNDETERMINED,N,N,49.096485,-117.711982,Y,MARCH,N,TRAIL,TRAIL,TRAIL,Y,Y,N,SOUTHERN INTERIOR,VICTORIA ST # 000700 TO 000799,VICTORIA ST,VICTORIA ST,12:00-14:59,1,0
N,PROPERTY DAMAGE ONLY,\N,N,2023,MONDAY,UNDETERMINED,N,N,49.097391,-117.708672,Y,MARCH,N,TRAIL,TRAIL,TRAIL,Y,Y,N,SOUTHERN INTERIOR,DEWDNEY AVE # 001100 TO 001199,DEWDNEY AVE,DEWDNEY AVE,12:00-14:59,1,0
N,PROPERTY DAMAGE ONLY,\N,N,2023,MONDAY,UNDETERMINED,N,N,49.106214,-122.687091,Y,MARCH,N,SURREY,SURREY,SURREY,Y,N,N,LOWER MAINLAND,LANGLEY BYPASS # 019201 TO 019451 odd,LANGLEY BYPASS,LANGLEY BYPASS,12:00-14:59,1,0
N,PROPERTY DAMAGE ONLY,\N,N,2023,MONDAY,UNDETERMINED,N,N,49.106707,-121.983582,Y,MARCH,N,CHILLIWACK,CHILLIWACK,CHILLIWACK,Y,N,N,LOWER MAINLAND,GILLIAN PL # 005690 TO 005849,GILLIAN PL,GILLIAN PL,12:00-14:59,1,0
N,PROPERTY DAMAGE ONLY,\N,N,2023,MONDAY,UNDETERMINED,N,N,49.10696,-122.72705,Y,MARCH,N,SURREY,SURREY,SURREY,Y,Y,N,LOWER MAINLAND,57A AVE # 017800 TO 017969,57A AVE,57A AVE,12:00-14:59,1,0
N,PROPERTY DAMAGE ONLY,\N,N,2023,MONDAY,UNDETERMINED,N,N,49.112592,-122.676755,Y,MARCH,N,LANGLEY,LANGLEY,LANGLEY,Y,Y,N,LOWER MAINLAND,FRASER HWY # 019683 TO 019799 odd,FRASER HWY,FRASER HWY,12:00-14:59,1,0
N,PROPERTY DAMAGE ONLY,\N,N,2023,MONDAY,UNDETERMINED,N,N,49.114699,-122.839877,Y,MARCH,N,SURREY,SURREY,SURREY,Y,N,N,LOWER MAINLAND,138 ST # 006110 TO 006199,138 ST,138 ST,12:00-14:59,1,0
N,PROPERTY DAMAGE ONLY,\N,N,2023,MONDAY,UNDETERMINED,N,N,49.115273,-122.678742,Y,MARCH,N,LANGLEY,LANGLEY,LANGLEY,N,Y,N,LOWER MAINLAND,WILLOWBROOK DR # 019601 TO 019669 odd,WILLOWBROOK DR,WILLOWBROOK DR,12:00-14:59,1,0
N,PROPERTY DAMAGE ONLY,\N,N,2023,MONDAY,UNDETERMINED,N,N,49.115589,-116.52354,Y,MARCH,N,CRESTON,CRESTON,CRESTON,N,Y,N,SOUTHERN INTERIOR,NORTHWEST BLVD # 001500 TO 001699,NORTHWEST BLVD,NORTHWEST BLVD,12:00-14:59,1,0
N,PROPERTY DAMAGE ONLY,\N,N,2023,MONDAY,UNDETERMINED,N,N,49.117879,-122.66866,Y,MARCH,N,LANGLEY,LANGLEY,LANGLEY,Y,Y,N,LOWER MAINLAND,200 ST # 006281 TO 006399 odd,200 ST,200 ST,12:00-14:59,1,0
N,PROPERTY DAMAGE ONLY,\N,N,2023,MONDAY,UNDETERMINED,N,N,49.123855,-123.181961,Y,MARCH,N,RICHMOND,RICHMOND,RICHMOND,N,N,N,LOWER MAINLAND,BAYVIEW ST # 003900 TO 003999,BAYVIEW ST,BAYVIEW ST,12:00-14:59,1,0
N,PROPERTY DAMAGE ONLY,\N,N,2023,MONDAY,UNDETERMINED,N,N,49.126355,-122.853846,Y,MARCH,N,SURREY,SURREY,SURREY,Y,N,N,LOWER MAINLAND,68 AVE # 013200 TO 013399,68 AVE,68 AVE,12:00-14:59,1,0
N,PROPERTY DAMAGE ONLY,\N,N,2023,MONDAY,UNDETERMINED,N,N,49.13326,-122.890435,Y,MARCH,N,DELTA,DELTA,DELTA,Y,Y,N,LOWER MAINLAND,120 ST # 007101 TO 007199 odd,SCOTT RD,SCOTT RD,12:00-14:59,1,0
N,PROPERTY DAMAGE ONLY,\N,N,2023,MONDAY,UNDETERMINED,N,N,49.133326,-123.098458,Y,MARCH,N,RICHMOND,RICHMOND,RICHMOND,N,Y,N,LOWER MAINLAND,STEVESTON HWY # 011260 TO 011498 even,STEVESTON HWY,STEVESTON HWY,12:00-14:59,1,0
N,PROPERTY DAMAGE ONLY,\N,N,2023,MONDAY,UNDETERMINED,N,N,49.136735,-122.863117,Y,MARCH,N,SURREY,SURREY,SURREY,Y,Y,N,LOWER MAINLAND,73B AVE # 012950 TO 012999,73B AVE,73B AVE,12:00-14:59,1,0
N,PROPERTY DAMAGE ONLY,\N,N,2023,MONDAY,UNDETERMINED,N,N,49.138414,-122.876131,Y,MARCH,N,SURREY,SURREY,SURREY,Y,N,N,LOWER MAINLAND,74A AVE # 012458 TO 012549,74A AVE,74A AVE,12:00-14:59,1,0
N,PROPERTY DAMAGE ONLY,\N,N,2023,MONDAY,UNDETERMINED,N,N,49.138918,-121.95915,Y,MARCH,N,CHILLIWACK,CHILLIWACK,CHILLIWACK,Y,Y,N,LOWER MAINLAND,VEDDER RD # 007491 TO 007599 odd,VEDDER RD,VEDDER RD,12:00-14:59,1,0
N,PROPERTY DAMAGE ONLY,\N,N,2023,MONDAY,UNDETERMINED,N,N,49.139015,-122.845708,Y,MARCH,N,SURREY,SURREY,SURREY,Y,Y,N,LOWER MAINLAND,KING GEORGE BLVD # 007401 TO 007599 odd,KING GEORGE BLVD,KING GEORGE BLVD,12:00-14:59,1,0
N,PROPERTY DAMAGE ONLY,\N,N,2023,MONDAY,UNDETERMINED,N,N,49.157809,-122.779893,Y,MARCH,N,SURREY,SURREY,SURREY,Y,Y,N,LOWER MAINLAND,FRASER HWY # 015951 TO 015959 odd,FRASER HWY,FRASER HWY,12:00-14:59,1,0
N,PROPERTY DAMAGE ONLY,\N,N,2023,MONDAY,UNDETERMINED,N,N,49.159569,-122.852382,Y,MARCH,N,SURREY,SURREY,SURREY,Y,N,N,LOWER MAINLAND,TULSY CRES # 008600 TO 008659,TULSY CRES,TULSY CRES,12:00-14:59,1,0
N,PROPERTY DAMAGE ONLY,\N,N,2023,MONDAY,UNDETERMINED,N,N,49.161919,-121.950704,Y,MARCH,N,CHILLIWACK,CHILLIWACK,CHILLIWACK,N,Y,N,LOWER MAINLAND,CHILLIWACK CENTRAL RD # 046000 TO 046109,CHILLIWACK CENTRAL RD,CHILLIWACK CENTRAL RD,12:00-14:59,1,0
N,PROPERTY DAMAGE ONLY,\N,N,2023,MONDAY,UNDETERMINED,N,N,49.163234,-122.896402,Y,MARCH,N,DELTA,DELTA,DELTA,N,Y,N,LOWER MAINLAND,88 AVE # 011750 TO 011819,88 AVE,88 AVE,12:00-14:59,1,0
N,PROPERTY DAMAGE ONLY,\N,N,2023,MONDAY,UNDETERMINED,N,N,49.171995,-123.134012,Y,MARCH,N,RICHMOND,RICHMOND,RICHMOND,Y,Y,N,LOWER MAINLAND,ACKROYD RD # 008100 TO 008399,ACKROYD RD,ACKROYD RD,12:00-14:59,1,0
N,PROPERTY DAMAGE ONLY,\N,N,2023,MONDAY,UNDETERMINED,N,N,49.174362,-122.783202,Y,MARCH,N,SURREY,SURREY,SURREY,Y,N,N,LOWER MAINLAND,158A ST # 009400 TO 009499,158A ST,158A ST,12:00-14:59,1,0
N,PROPERTY DAMAGE ONLY,\N,N,2023,MONDAY,UNDETERMINED,N,N,49.174809,-122.772024,Y,MARCH,N,SURREY,SURREY,SURREY,Y,N,N,LOWER MAINLAND,162A ST # 009400 TO 009549,162A ST,162A ST,12:00-14:59,1,0
N,PROPERTY DAMAGE ONLY,\N,N,2023,MONDAY,UNDETERMINED,N,N,49.1813,-123.136573,Y,MARCH,N,RICHMOND,RICHMOND,RICHMOND,N,Y,N,LOWER MAINLAND,NO 3 RD # 004200 TO 004678 even,NO 3 RD,NO 3 RD,12:00-14:59,1,0
N,PROPERTY DAMAGE ONLY,\N,N,2023,MONDAY,UNDETERMINED,N,N,49.187003,-122.845527,Y,MARCH,N,SURREY,SURREY,SURREY,Y,Y,N,LOWER MAINLAND,KING GEORGE BLVD # 010153 TO 010199 odd,KING GEORGE BLVD,KING GEORGE BLVD,12:00-14:59,1,0
N,PROPERTY DAMAGE ONLY,\N,N,2023,MONDAY,UNDETERMINED,N,N,49.18837,-122.84531,Y,MARCH,N,SURREY,SURREY,SURREY,N,Y,N,LOWER MAINLAND,KING GEORGE BLVD # 010200 TO 010254 even,KING GEORGE BLVD,KING GEORGE BLVD,12:00-14:59,1,0
N,PROPERTY DAMAGE ONLY,\N,N,2023,MONDAY,UNDETERMINED,N,N,49.190089,-122.800995,Y,MARCH,N,SURREY,SURREY,SURREY,Y,Y,N,LOWER MAINLAND,152 ST # 010251 TO 010399 odd,152 ST,152 ST,12:00-14:59,1,0
N,PROPERTY DAMAGE ONLY,\N,N,2023,MONDAY,UNDETERMINED,N,N,49.190637,-122.94719,Y,MARCH,N,NEW WESTMINSTER,NEW WESTMINSTER,NEW WESTMINSTER,Y,Y,N,LOWER MAINLAND,BOYD ST # 000780 TO 000928,BOYD ST,BOYD ST,12:00-14:59,1,0
N,PROPERTY DAMAGE ONLY,\N,N,2023,MONDAY,UNDETERMINED,N,N,49.192014,-123.122024,Y,MARCH,N,RICHMOND,RICHMOND,RICHMOND,Y,Y,N,LOWER MAINLAND,BRIDGEPORT RD # 009088 TO 009299,BRIDGEPORT RD,BRIDGEPORT RD,12:00-14:59,1,0
N,PROPERTY DAMAGE ONLY,\N,N,2023,MONDAY,UNDETERMINED,N,N,49.193866,-123.086973,Y,MARCH,N,RICHMOND,RICHMOND,RICHMOND,Y,N,N,LOWER MAINLAND,VULCAN WAY # 012000 TO 012619,VULCAN WAY,VULCAN WAY,12:00-14:59,1,0
N,PROPERTY DAMAGE ONLY,\N,N,2023,MONDAY,UNDETERMINED,N,N,49.196456,-122.885478,Y,MARCH,N,SURREY,SURREY,SURREY,Y,Y,N,LOWER MAINLAND,SCOTT RD # 010472 TO 010818 even,SCOTT RD,SCOTT RD,12:00-14:59,1,0
N,PROPERTY DAMAGE ONLY,\N,N,2023,MONDAY,UNDETERMINED,N,N,49.200894,-122.864072,Y,MARCH,N,SURREY,SURREY,SURREY,Y,N,N,LOWER MAINLAND,109 AVE # 012900 TO 012949,109 AVE,109 AVE,12:00-14:59,1,0
N,PROPERTY DAMAGE ONLY,\N,N,2023,MONDAY,UNDETERMINED,N,N,49.202629,-122.874113,Y,MARCH,N,SURREY,SURREY,SURREY,Y,Y,N,LOWER MAINLAND,110 AVE # 012500 TO 012626,110 AVE,110 AVE,12:00-14:59,1,0
N,PROPERTY DAMAGE ONLY,\N,N,2023,MONDAY,UNDETERMINED,N,N,49.2028,-122.679084,Y,MARCH,N,PITT MEADOWS,PITT MEADOWS,PITT MEADOWS,Y,N,N,LOWER MAINLAND,FRASER WAY # 019572 TO 019598 even,FRASER WAY,FRASER WAY,12:00-14:59,1,0
N,PROPERTY DAMAGE ONLY,\N,N,2023,MONDAY,UNDETERMINED,N,N,49.206591,-123.17074,Y,MARCH,N,RICHMOND,RICHMOND,RICHMOND,Y,Y,N,LOWER MAINLAND,FERGUSON RD # 005000 TO 005940,FERGUSON RD,FERGUSON RD,12:00-14:59,1,0
N,PROPERTY DAMAGE ONLY,\N,N,2023,MONDAY,UNDETERMINED,N,N,49.209986,-122.586629,Y,MARCH,N,MAPLE RIDGE,MAPLE RIDGE,MAPLE RIDGE,Y,Y,N,LOWER MAINLAND,TELOSKY AVE # 022842 TO 022879,TELOSKY AVE,TELOSKY AVE,12:00-14:59,1,0
N,PROPERTY DAMAGE ONLY,\N,N,2023,MONDAY,UNDETERMINED,N,N,49.210862,-123.106649,Y,MARCH,N,VANCOUVER,VANCOUVER,VANCOUVER,Y,Y,N,LOWER MAINLAND,ONTARIO ST # 008000 TO 008299,ONTARIO ST,ONTARIO ST,12:00-14:59,1,0
N,PROPERTY DAMAGE ONLY,\N,N,2023,MONDAY,UNDETERMINED,N,N,49.21459,-123.029902,Y,MARCH,N,VANCOUVER,VANCOUVER,VANCOUVER,Y,Y,N,LOWER MAINLAND,CHAMPLAIN CRES # 007740 TO 007853,CHAMPLAIN CRES,CHAMPLAIN CRES,12:00-14:59,1,0
N,PROPERTY DAMAGE ONLY,\N,N,2023,MONDAY,UNDETERMINED,N,N,49.220433,-122.599817,Y,MARCH,N,MAPLE RIDGE,MAPLE RIDGE,MAPLE RIDGE,Y,Y,N,LOWER MAINLAND,DEWDNEY TRUNK RD # 022450 TO 022509,DEWDNEY TRUNK RD,DEWDNEY TRUNK RD,12:00-14:59,1,0
N,PROPERTY DAMAGE ONLY,\N,N,2023,MONDAY,UNDETERMINED,N,N,49.220915,-123.041241,Y,MARCH,N,VANCOUVER,VANCOUVER,VANCOUVER,Y,N,N,LOWER MAINLAND,KERR ST # 006900 TO 006991,KERR ST,KERR ST,12:00-14:59,1,0
N,PROPERTY DAMAGE ONLY,\N,N,2023,MONDAY,UNDETERMINED,N,N,49.221996,-124.034022,Y,MARCH,N,NANAIMO,NANAIMO,NANAIMO,Y,Y,N,VANCOUVER ISLAND,EDGEWATER LANE # 005648 TO 005670 even,EDGEWATER LANE,EDGEWATER LANE,12:00-14:59,1,0
N,PROPERTY DAMAGE ONLY,\N,N,2023,MONDAY,UNDETERMINED,N,N,49.224296,-122.986742,Y,MARCH,N,BURNABY,BURNABY,BURNABY,Y,Y,N,LOWER MAINLAND,KINGSWAY # 005200 TO 005526,KINGSWAY,KINGSWAY,12:00-14:59,1,0
N,PROPERTY DAMAGE ONLY,\N,N,2023,MONDAY,UNDETERMINED,N,N,49.227076,-122.995313,Y,MARCH,N,BURNABY,BURNABY,BURNABY,Y,Y,N,LOWER MAINLAND,KINGSWAY # 004800 TO 004899,KINGSWAY,KINGSWAY,12:00-14:59,1,0
N,PROPERTY DAMAGE ONLY,\N,N,2023,MONDAY,UNDETERMINED,N,N,49.227644,-122.997061,Y,MARCH,N,BURNABY,BURNABY,BURNABY,Y,Y,N,LOWER MAINLAND,KINGSWAY # 004750 TO 004799,KINGSWAY,KINGSWAY,12:00-14:59,1,0
N,PROPERTY DAMAGE ONLY,\N,N,2023,MONDAY,UNDETERMINED,N,N,49.231529,-123.008839,Y,MARCH,N,BURNABY,BURNABY,BURNABY,N,Y,N,LOWER MAINLAND,KINGSWAY # 004250 TO 004330,KINGSWAY,KINGSWAY,12:00-14:59,1,0
N,PROPERTY DAMAGE ONLY,\N,N,2023,MONDAY,UNDETERMINED,N,N,49.232465,-123.007215,Y,MARCH,N,BURNABY,BURNABY,BURNABY,Y,Y,N,LOWER MAINLAND,GRANGE ST # 004345 TO 004399,GRANGE ST,GRANGE ST,12:00-14:59,1,0
N,PROPERTY DAMAGE ONLY,\N,N,2023,MONDAY,UNDETERMINED,N,N,49.233178,-123.964784,Y,MARCH,N,NANAIMO,NANAIMO,NANAIMO,Y,Y,N,VANCOUVER ISLAND,MORNINGSIDE DR # 001054 TO 002704,MORNINGSIDE DR,MORNINGSIDE DR,12:00-14:59,1,0
N,PROPERTY DAMAGE ONLY,\N,N,2023,MONDAY,UNDETERMINED,N,N,49.234323,-124.043102,Y,MARCH,N,NANAIMO,NANAIMO,NANAIMO,N,Y,N,VANCOUVER ISLAND,HAMMOND BAY RD # 006365 TO 006425 odd,HAMMOND BAY RD,HAMMOND BAY RD,12:00-14:59,1,0
N,PROPERTY DAMAGE ONLY,\N,N,2023,MONDAY,UNDETERMINED,N,N,49.238968,-123.044893,Y,MARCH,N,VANCOUVER,VANCOUVER,VANCOUVER,Y,Y,N,LOWER MAINLAND,HORLEY ST # 002920 TO 002979,HORLEY ST,HORLEY ST,12:00-14:59,1,0
N,PROPERTY DAMAGE ONLY,\N,N,2023,MONDAY,UNDETERMINED,N,N,49.239169,-124.028376,Y,MARCH,N,NANAIMO,NANAIMO,NANAIMO,Y,N,N,VANCOUVER ISLAND,SIERRA WAY # 006020 TO 006059,SIERRA WAY,SIERRA WAY,12:00-14:59,1,0
N,PROPERTY DAMAGE ONLY,\N,N,2023,MONDAY,UNDETERMINED,N,N,49.240588,-124.055576,Y,MARCH,N,NANAIMO,NANAIMO,NANAIMO,N,Y,N,VANCOUVER ISLAND,ISLAND HWY N # 006930 TO 006968 even,ISLAND HWY N,ISLAND HWY N,12:00-14:59,1,0
N,PROPERTY DAMAGE ONLY,\N,N,2023,MONDAY,UNDETERMINED,N,N,49.249025,-123.187006,Y,MARCH,N,VANCOUVER,VANCOUVER,VANCOUVER,Y,N,N,LOWER MAINLAND,W 26TH AVE # 003626 TO 003799,W 26TH AVE,W 26TH AVE,12:00-14:59,1,0
N,PROPERTY DAMAGE ONLY,\N,N,2023,MONDAY,UNDETERMINED,N,N,49.249966,-122.83213,Y,MARCH,N,COQUITLAM,COQUITLAM,COQUITLAM,Y,N,N,LOWER MAINLAND,HAVERSLEY AVE # 002150 TO 002331,HAVERSLEY AVE,HAVERSLEY AVE,12:00-14:59,1,0
N,PROPERTY DAMAGE ONLY,\N,N,2023,MONDAY,UNDETERMINED,N,N,49.251892,-123.089672,Y,MARCH,N,VANCOUVER,VANCOUVER,VANCOUVER,Y,Y,N,LOWER MAINLAND,E 21ST AVE # 000700 TO 000733,E 21ST AVE,E 21ST AVE,12:00-14:59,1,0
N,PROPERTY DAMAGE ONLY,\N,N,2023,MONDAY,UNDETERMINED,N,N,49.253298,-123.018667,Y,MARCH,N,BURNABY,BURNABY,BURNABY,Y,N,N,LOWER MAINLAND,LINWOOD ST # 003800 TO 003899,LINWOOD ST,LINWOOD ST,12:00-14:59,1,0
N,PROPERTY DAMAGE ONLY,\N,N,2023,MONDAY,UNDETERMINED,N,N,49.257278,-122.746598,Y,MARCH,N,PORT COQUITLAM,PORT COQUITLAM,PORT COQUITLAM,Y,Y,N,LOWER MAINLAND,OTTAWA ST # 002350 TO 002389,OTTAWA ST,OTTAWA ST,12:00-14:59,1,0
N,PROPERTY DAMAGE ONLY,\N,N,2023,MONDAY,UNDETERMINED,N,N,49.262379,-123.123028,Y,MARCH,N,VANCOUVER,VANCOUVER,VANCOUVER,Y,Y,N,LOWER MAINLAND,W 10TH AVE # 000800 TO 000899,W 10TH AVE,W 10TH AVE,12:00-14:59,1,0
N,PROPERTY DAMAGE ONLY,\N,N,2023,MONDAY,UNDETERMINED,N,N,49.263569,-123.247281,Y,MARCH,N,UBC,UBC,UBC,Y,Y,N,LOWER MAINLAND,HEALTH SCIENCES MALL # 002200 TO 002299,HEALTH SCIENCES MALL,HEALTH SCIENCES MALL,12:00-14:59,1,0
N,PROPERTY DAMAGE ONLY,\N,N,2023,MONDAY,UNDETERMINED,N,N,49.26363,-123.194784,Y,MARCH,N,VANCOUVER,VANCOUVER,VANCOUVER,Y,N,N,LOWER MAINLAND,W 10TH AVE # 004000 TO 004055,W 10TH AVE,W 10TH AVE,12:00-14:59,1,0
N,PROPERTY DAMAGE ONLY,\N,N,2023,MONDAY,UNDETERMINED,N,N,49.275312,-123.069538,Y,MARCH,N,VANCOUVER,VANCOUVER,VANCOUVER,Y,Y,N,LOWER MAINLAND,COMMERCIAL DR # 001000 TO 001099,COMMERCIAL DR,COMMERCIAL DR,12:00-14:59,1,0
N,PROPERTY DAMAGE ONLY,\N,N,2023,MONDAY,UNDETERMINED,N,N,49.275571,-122.795219,Y,MARCH,N,COQUITLAM,COQUITLAM,COQUITLAM,Y,Y,N,LOWER MAINLAND,LOUGHEED HWY # 002951 TO 003043 odd,LOUGHEED HWY,LOUGHEED HWY,12:00-14:59,1,0
N,PROPERTY DAMAGE ONLY,\N,N,2023,MONDAY,UNDETERMINED,N,N,49.277063,-122.800243,Y,MARCH,N,COQUITLAM,COQUITLAM,COQUITLAM,N,Y,N,LOWER MAINLAND,BARNET HWY # 002901 TO 002929 odd,BARNET HWY,BARNET HWY,12:00-14:59,1,0
N,PROPERTY DAMAGE ONLY,\N,N,2023,MONDAY,UNDETERMINED,N,N,49.279143,-123.093519,Y,MARCH,N,VANCOUVER,VANCOUVER,VANCOUVER,N,N,N,LOWER MAINLAND,JACKSON AVE # 000600 TO 000649,JACKSON AVE,JACKSON AVE,12:00-14:59,1,0
N,PROPERTY DAMAGE ONLY,\N,N,2023,MONDAY,UNDETERMINED,N,N,49.27918,-122.784304,Y,MARCH,N,COQUITLAM,COQUITLAM,COQUITLAM,N,N,N,LOWER MAINLAND,KENSAL PL # 001102 TO 001139,KENSAL PL,KENSAL PL,12:00-14:59,1,0
N,PROPERTY DAMAGE ONLY,\N,N,2023,MONDAY,UNDETERMINED,N,N,49.282706,-122.79747,Y,MARCH,N,COQUITLAM,COQUITLAM,COQUITLAM,Y,N,N,LOWER MAINLAND,GLEN DR # 002950 TO 002978,GLEN DR,GLEN DR,12:00-14:59,1,0
N,PROPERTY DAMAGE ONLY,\N,N,2023,MONDAY,UNDETERMINED,N,N,49.283252,-123.065548,Y,MARCH,N,VANCOUVER,VANCOUVER,VANCOUVER,Y,Y,N,LOWER MAINLAND,VICTORIA DR # 000152 TO 000199,VICTORIA DR,VICTORIA DR,12:00-14:59,1,0
N,PROPERTY DAMAGE ONLY,\N,N,2023,MONDAY,UNDETERMINED,N,N,49.30352,-121.786537,Y,MARCH,N,HARRISON HOT SPRINGS,HARRISON HOT SPRINGS,HARRISON HOT SPRINGS,Y,Y,N,LOWER MAINLAND,ESPLANADE AVE # 000100 TO 000199,ESPLANADE AVE,ESPLANADE AVE,12:00-14:59,1,0
N,PROPERTY DAMAGE ONLY,\N,N,2023,MONDAY,UNDETERMINED,N,N,49.308895,-123.02363,Y,MARCH,N,NORTH VANCOUVER,NORTH VANCOUVER,NORTH VANCOUVER,N,Y,N,LOWER MAINLAND,SEYMOUR BLVD # 000315 TO 000399,SEYMOUR BLVD,SEYMOUR BLVD,12:00-14:59,1,0
N,PROPERTY DAMAGE ONLY,\N,N,2023,MONDAY,UNDETERMINED,N,N,49.319251,-124.31123,Y,MARCH,N,PARKSVILLE,PARKSVILLE,PARKSVILLE,Y,N,N,VANCOUVER ISLAND,HIRST AVE E # 000100 TO 000159,HIRST AVE E,HIRST AVE E,12:00-14:59,1,0
N,PROPERTY DAMAGE ONLY,\N,N,2023,MONDAY,UNDETERMINED,N,N,49.325809,-123.139912,Y,MARCH,N,WEST VANCOUVER,WEST VANCOUVER,WEST VANCOUVER,Y,Y,N,LOWER MAINLAND,PARK ROYAL SOUTH # 001131 TO 003000,PARK ROYAL SOUTH,PARK ROYAL SOUTH,12:00-14:59,1,0
N,PROPERTY DAMAGE ONLY,\N,N,2023,MONDAY,UNDETERMINED,N,N,49.347825,-123.023886,Y,MARCH,N,NORTH VANCOUVER,NORTH VANCOUVER,NORTH VANCOUVER,Y,N,N,LOWER MAINLAND,DEMPSEY RD # 001700 TO 001765,DEMPSEY RD,DEMPSEY RD,12:00-14:59,1,0
N,PROPERTY DAMAGE ONLY,\N,N,2023,MONDAY,UNDETERMINED,N,N,49.466371,-119.572043,Y,MARCH,N,PENTICTON,PENTICTON,PENTICTON,Y,Y,N,SOUTHERN INTERIOR,GREEN AVE E # 000266 TO 000399,GREEN AVE E,GREEN AVE E,12:00-14:59,1,0
N,PROPERTY DAMAGE ONLY,\N,N,2023,MONDAY,UNDETERMINED,N,N,49.483752,-119.577592,Y,MARCH,N,PENTICTON,PENTICTON,PENTICTON,Y,N,N,SOUTHERN INTERIOR,GOVERNMENT ST # 001400 TO 001499,GOVERNMENT ST,GOVERNMENT ST,12:00-14:59,1,0
N,PROPERTY DAMAGE ONLY,\N,N,2023,MONDAY,UNDETERMINED,N,N,49.484131,-119.585993,Y,MARCH,N,PENTICTON,PENTICTON,PENTICTON,Y,Y,N,SOUTHERN INTERIOR,MAIN ST # 001300 TO 001399,MAIN ST,MAIN ST,12:00-14:59,1,0
N,PROPERTY DAMAGE ONLY,\N,N,2023,MONDAY,UNDETERMINED,N,N,49.493263,-117.290568,Y,MARCH,N,NELSON,NELSON,NELSON,Y,Y,N,SOUTHERN INTERIOR,BAKER ST # 000700 TO 000799,BAKER ST,BAKER ST,12:00-14:59,1,0
N,PROPERTY DAMAGE ONLY,\N,N,2023,MONDAY,UNDETERMINED,N,N,49.513895,-115.76303,Y,MARCH,N,CRANBROOK,CRANBROOK,CRANBROOK,Y,Y,N,SOUTHERN INTERIOR,2ND ST N # 001200 TO 001399,2ND ST N,2ND ST N,12:00-14:59,1,0
N,PROPERTY DAMAGE ONLY,\N,N,2023,MONDAY,UNDETERMINED,N,N,49.620289,-124.02321,Y,MARCH,N,MADEIRA PARK,MADEIRA PARK,MADEIRA PARK,Y,Y,N,LOWER MAINLAND,MADEIRA PARK RD # 012840 TO 012956,MADEIRA PARK RD,MADEIRA PARK RD,12:00-14:59,1,0
N,PROPERTY DAMAGE ONLY,\N,N,2023,MONDAY,UNDETERMINED,N,N,49.696996,-124.989965,Y,MARCH,N,COURTENAY,COURTENAY,COURTENAY,Y,Y,N,VANCOUVER ISLAND,PUNTLEDGE RD # 000485 TO 000499,PUNTLEDGE RD,PUNTLEDGE RD,12:00-14:59,1,0
N,PROPERTY DAMAGE ONLY,\N,N,2023,MONDAY,UNDETERMINED,N,N,49.698539,-124.98795,Y,MARCH,N,COURTENAY,COURTENAY,COURTENAY,Y,Y,N,VANCOUVER ISLAND,RYAN RD # 000751 TO 000799 odd,RYAN RD,RYAN RD,12:00-14:59,1,0
N,PROPERTY DAMAGE ONLY,\N,N,2023,MONDAY,UNDETERMINED,N,N,49.707857,-124.962381,Y,MARCH,N,COURTENAY,COURTENAY,COURTENAY,N,Y,N,VANCOUVER ISLAND,LERWICK RD # 000400 TO 001149,LERWICK RD,LERWICK RD,12:00-14:59,1,0
N,PROPERTY DAMAGE ONLY,\N,N,2023,MONDAY,UNDETERMINED,N,N,49.713662,-124.96239,Y,MARCH,N,COURTENAY,COURTENAY,COURTENAY,N,Y,N,VANCOUVER ISLAND,CROWN ISLE BLVD # 000440 TO 000599,CROWN ISLE BLVD,CROWN ISLE BLVD,12:00-14:59,1,0
N,PROPERTY DAMAGE ONLY,\N,N,2023,MONDAY,UNDETERMINED,N,N,49.73322,-114.895505,Y,MARCH,N,SPARWOOD,SPARWOOD,SPARWOOD,Y,Y,N,SOUTHERN INTERIOR,PINE AVE # 000361 TO 000369 odd,PINE AVE,PINE AVE,12:00-14:59,1,0
N,PROPERTY DAMAGE ONLY,\N,N,2023,MONDAY,UNDETERMINED,N,N,49.789037,-119.507889,Y,MARCH,N,KELOWNA,KELOWNA,KELOWNA,Y,N,N,SOUTHERN INTERIOR,UPPER MISSION DR # 005471 TO 005480,UPPER MISSION DR,UPPER MISSION DR,12:00-14:59,1,0
N,PROPERTY DAMAGE ONLY,\N,N,2023,MONDAY,UNDETERMINED,N,N,49.837344,-124.522093,Y,MARCH,N,POWELL RIVER,POWELL RIVER,POWELL RIVER,N,N,N,VANCOUVER ISLAND,CUMBERLAND PL # 004450 TO 004499,CUMBERLAND PL,CUMBERLAND PL,12:00-14:59,1,0
N,PROPERTY DAMAGE ONLY,\N,N,2023,MONDAY,UNDETERMINED,N,N,49.841539,-119.605818,Y,MARCH,N,WEST KELOWNA,WEST KELOWNA,WEST KELOWNA,N,N,N,SOUTHERN INTERIOR,CARRINGTON RD # 003350 TO 003388 even,CARRINGTON RD,CARRINGTON RD,12:00-14:59,1,0
N,PROPERTY DAMAGE ONLY,\N,N,2023,MONDAY,UNDETERMINED,N,N,49.843836,-124.520695,Y,MARCH,N,POWELL RIVER,POWELL RIVER,POWELL RIVER,N,Y,N,VANCOUVER ISLAND,JOYCE AVE # 004650 TO 004798 even,JOYCE AVE,JOYCE AVE,12:00-14:59,1,0
N,PROPERTY DAMAGE ONLY,\N,N,2023,MONDAY,UNDETERMINED,N,N,49.846472,-124.516045,Y,MARCH,N,POWELL RIVER,POWELL RIVER,POWELL RIVER,Y,Y,N,VANCOUVER ISLAND,ALBERNI ST # 007100 TO 007119,ALBERNI ST,ALBERNI ST,12:00-14:59,1,0
N,PROPERTY DAMAGE ONLY,\N,N,2023,MONDAY,UNDETERMINED,N,N,49.881675,-119.477064,Y,MARCH,N,KELOWNA,KELOWNA,KELOWNA,Y,N,N,SOUTHERN INTERIOR,GORDON DR # 001800 TO 001848 even,GORDON DR,GORDON DR,12:00-14:59,1,0
N,PROPERTY DAMAGE ONLY,\N,N,2023,MONDAY,UNDETERMINED,N,N,49.881868,-119.451987,Y,MARCH,N,KELOWNA,KELOWNA,KELOWNA,Y,Y,N,SOUTHERN INTERIOR,HARVEY AVE # 001901 TO 001999 odd,HARVEY AVE,HARVEY AVE,12:00-14:59,1,0
N,PROPERTY DAMAGE ONLY,\N,N,2023,MONDAY,UNDETERMINED,N,N,49.887359000000004,-119.430448,Y,MARCH,N,KELOWNA,KELOWNA,KELOWNA,Y,Y,N,SOUTHERN INTERIOR,ENTERPRISE WAY # 002500 TO 002549,ENTERPRISE WAY,ENTERPRISE WAY,12:00-14:59,1,0
N,PROPERTY DAMAGE ONLY,\N,N,2023,MONDAY,UNDETERMINED,N,N,49.893975,-119.482767,Y,MARCH,N,KELOWNA,KELOWNA,KELOWNA,Y,Y,N,SOUTHERN INTERIOR,ETHEL ST # 001150 TO 001199,ETHEL ST,ETHEL ST,12:00-14:59,1,0
N,PROPERTY DAMAGE ONLY,\N,N,2023,MONDAY,UNDETERMINED,N,N,49.91517,-119.443327,Y,MARCH,N,KELOWNA,KELOWNA,KELOWNA,Y,Y,N,SOUTHERN INTERIOR,KANE RD # 001940 TO 001949,KANE RD,KANE RD,12:00-14:59,1,0
N,PROPERTY DAMAGE ONLY,\N,N,2023,MONDAY,UNDETERMINED,N,N,49.916165,-119.445696,Y,MARCH,N,KELOWNA,KELOWNA,KELOWNA,Y,Y,N,SOUTHERN INTERIOR,GLENMORE RD # 000391 TO 000399 odd,GLENMORE RD,GLENMORE RD,12:00-14:59,1,0
N,PROPERTY DAMAGE ONLY,\N,N,2023,MONDAY,UNDETERMINED,N,N,49.951014,-119.383524,Y,MARCH,N,KELOWNA,KELOWNA,KELOWNA,N,N,N,SOUTHERN INTERIOR,AIRPORT WAY # 005531 TO 005535 odd,AIRPORT WAY,AIRPORT WAY,12:00-14:59,1,0
N,PROPERTY DAMAGE ONLY,\N,N,2023,MONDAY,UNDETERMINED,N,N,50.026777,-119.403716,Y,MARCH,N,LAKE COUNTRY,LAKE COUNTRY,LAKE COUNTRY,N,Y,N,SOUTHERN INTERIOR,MAIN ST # 009940 TO 010001,MAIN ST,MAIN ST,12:00-14:59,1,0
N,PROPERTY DAMAGE ONLY,\N,N,2023,MONDAY,UNDETERMINED,N,N,50.120348,-122.957257,Y,MARCH,N,WHISTLER,WHISTLER,WHISTLER,N,Y,N,LOWER MAINLAND,LORIMER RD # 004362 TO 004370 even,LORIMER RD,LORIMER RD,12:00-14:59,1,0
N,PROPERTY DAMAGE ONLY,\N,N,2023,MONDAY,UNDETERMINED,N,N,50.123113,-120.751442,Y,MARCH,N,MERRITT,MERRITT,MERRITT,Y,Y,N,SOUTHERN INTERIOR,CRAWFORD AVE # 003900 TO 003939,CRAWFORD AVE,CRAWFORD AVE,12:00-14:59,1,0
N,PROPERTY DAMAGE ONLY,\N,N,2023,MONDAY,UNDETERMINED,N,N,50.282738,-119.266716,Y,MARCH,N,VERNON,VERNON,VERNON,Y,Y,N,SOUTHERN INTERIOR,27 ST # 004800 TO 004998 even,27 ST,27 ST,12:00-14:59,1,0
N,PROPERTY DAMAGE ONLY,\N,N,2023,MONDAY,UNDETERMINED,N,N,50.285957,-119.271871,Y,MARCH,N,VERNON,VERNON,VERNON,Y,Y,N,SOUTHERN INTERIOR,ANDERSON WAY # 004800 TO 005601,ANDERSON WAY,ANDERSON WAY,12:00-14:59,1,0
N,PROPERTY DAMAGE ONLY,\N,N,2023,MONDAY,UNDETERMINED,N,N,50.662851,-120.350065,Y,MARCH,N,KAMLOOPS,KAMLOOPS,KAMLOOPS,Y,Y,N,SOUTHERN INTERIOR,NOTRE DAME DR # 000500 TO 000548 even,NOTRE DAME DR,NOTRE DAME DR,12:00-14:59,1,0
N,PROPERTY DAMAGE ONLY,\N,N,2023,MONDAY,UNDETERMINED,N,N,50.676681,-120.330784,Y,MARCH,N,KAMLOOPS,KAMLOOPS,KAMLOOPS,Y,Y,N,SOUTHERN INTERIOR,LANSDOWNE ST # 000400 TO 000499,LANSDOWNE ST,LANSDOWNE ST,12:00-14:59,1,0
N,PROPERTY DAMAGE ONLY,\N,N,2023,MONDAY,UNDETERMINED,N,N,50.697053,-120.360994,Y,MARCH,N,KAMLOOPS,KAMLOOPS,KAMLOOPS,N,Y,N,SOUTHERN INTERIOR,TRANQUILLE RD # 000670 TO 000708 even,TRANQUILLE RD,TRANQUILLE RD,12:00-14:59,2,0
N,PROPERTY DAMAGE ONLY,\N,N,2023,MONDAY,UNDETERMINED,N,N,50.70181,-119.281963,Y,MARCH,N,SALMON ARM,SALMON ARM,SALMON ARM,Y,N,N,SOUTHERN INTERIOR,HUDSON AVE NE # 000200 TO 000299,HUDSON AVE NE,HUDSON AVE NE,12:00-14:59,1,0
N,PROPERTY DAMAGE ONLY,\N,N,2023,MONDAY,UNDETERMINED,N,N,50.858053,-120.257692,Y,MARCH,N,KAMLOOPS,KAMLOOPS,KAMLOOPS,Y,N,N,SOUTHERN INTERIOR,LISTER RD # 000611 TO 000669,LISTER RD,LISTER RD,12:00-14:59,1,0
N,PROPERTY DAMAGE ONLY,\N,N,2023,MONDAY,UNDETERMINED,N,N,53.891246,-122.787204,Y,MARCH,N,PRINCE GEORGE,PRINCE GEORGE,PRINCE GEORGE,Y,N,N,NORTH CENTRAL,NICOLE AVE # 002900 TO 002999,NICOLE AVE,NICOLE AVE,12:00-14:59,1,0
N,PROPERTY DAMAGE ONLY,\N,N,2023,MONDAY,UNDETERMINED,N,N,53.899621,-122.784014,Y,MARCH,N,PRINCE GEORGE,PRINCE GEORGE,PRINCE GEORGE,Y,Y,N,NORTH CENTRAL,MASSEY DR # 003300 TO 003498 even,MASSEY DR,MASSEY DR,12:00-14:59,1,0
N,PROPERTY DAMAGE ONLY,\N,N,2023,MONDAY,UNDETERMINED,N,N,53.910243,-122.784133,Y,MARCH,N,PRINCE GEORGE,PRINCE GEORGE,PRINCE GEORGE,Y,N,N,NORTH CENTRAL,15TH AVE # 003309 TO 003399 odd,15TH AVE,15TH AVE,12:00-14:59,2,0
N,PROPERTY DAMAGE ONLY,\N,N,2023,MONDAY,UNDETERMINED,N,N,53.912396,-122.791781,Y,MARCH,N,PRINCE GEORGE,PRINCE GEORGE,PRINCE GEORGE,Y,N,N,NORTH CENTRAL,KELLOGG AVE # 001300 TO 001399,KELLOGG AVE,KELLOGG AVE,12:00-14:59,1,0
N,PROPERTY DAMAGE ONLY,\N,N,2023,MONDAY,UNDETERMINED,N,N,53.913867,-122.776745,Y,MARCH,N,PRINCE GEORGE,PRINCE GEORGE,PRINCE GEORGE,Y,Y,N,NORTH CENTRAL,HARPER ST # 001106 TO 001201,HARPER ST,HARPER ST,12:00-14:59,1,0
N,PROPERTY DAMAGE ONLY,\N,N,2023,MONDAY,UNDETERMINED,N,N,53.921145,-122.791759,Y,MARCH,N,PRINCE GEORGE,PRINCE GEORGE,PRINCE GEORGE,Y,N,N,NORTH CENTRAL,QUINN ST # 000400 TO 000499,QUINN ST,QUINN ST,12:00-14:59,1,0
N,PROPERTY DAMAGE ONLY,\N,N,2023,MONDAY,UNDETERMINED,N,N,54.499074,-126.271993,Y,MARCH,N,TOPLEY,TOPLEY,TOPLEY,Y,N,N,NORTH CENTRAL,VALLEY VIEW RD # 011550 TO 012649,VALLEY VIEW RD,VALLEY VIEW RD,12:00-14:59,1,0
N,PROPERTY DAMAGE ONLY,\N,N,2023,MONDAY,UNDETERMINED,N,N,54.527685,-128.595537,Y,MARCH,N,TERRACE,TERRACE,TERRACE,Y,N,N,NORTH CENTRAL,MCCONNELL AVE # 004700 TO 004799,MCCONNELL AVE,MCCONNELL AVE,12:00-14:59,1,0
N,PROPERTY DAMAGE ONLY,\N,N,2023,MONDAY,UNDETERMINED,N,N,55.758882,-120.228295,Y,MARCH,N,DAWSON CREEK,DAWSON CREEK,DAWSON CREEK,N,Y,N,NORTH CENTRAL,10 ST # 010100 TO 010199,10 ST,10 ST,12:00-14:59,1,0
N,PROPERTY DAMAGE ONLY,\N,N,2023,MONDAY,UNDETERMINED,Y,N,\N,\N,N,MARCH,N,GOLDEN,GOLDEN,\N,N,N,N,SOUTHERN INTERIOR,UNKNOWN,HWY 1,HWY 1,12:00-14:59,1,0
N,PROPERTY DAMAGE ONLY,\N,N,2023,MONDAY,UNDETERMINED,Y,N,\N,\N,N,MARCH,N,WONOWON,WONOWON,\N,N,N,N,NORTH CENTRAL,UNKNOWN,INGA LAKE RD,INGA LAKE RD,12:00-14:59,1,0
N,PROPERTY DAMAGE ONLY,\N,N,2023,MONDAY,UNDETERMINED,Y,N,49.042477,-122.76706,Y,MARCH,N,SURREY,SURREY,SURREY,Y,N,N,LOWER MAINLAND,164A ST # 002200 TO 002239,164A ST,164A ST,12:00-14:59,1,0
N,PROPERTY DAMAGE ONLY,\N,N,2023,MONDAY,UNDETERMINED,Y,N,49.887107,-119.434394,Y,MARCH,N,KELOWNA,KELOWNA,KELOWNA,Y,Y,N,SOUTHERN INTERIOR,HUNTER CRT # 001400 TO 001429,HUNTER CRT,HUNTER CRT,12:00-14:59,1,0
N,PROPERTY DAMAGE ONLY,\N,N,2023,MONDAY,UNDETERMINED,Y,N,50.660718,-120.118548,Y,MARCH,N,KAMLOOPS,KAMLOOPS,KAMLOOPS,Y,Y,N,SOUTHERN INTERIOR,KOKANEE WAY # 000171 TO 000175 odd,KOKANEE WAY,KOKANEE WAY,12:00-14:59,1,0
N,PROPERTY DAMAGE ONLY,100 ST,N,2023,MONDAY,SIDE SWIPE - SAME DIRECTION,N,Y,56.246461,-120.847486,N,MARCH,N,FORT ST. JOHN,FORT ST. JOHN,FORT ST. JOHN,N,N,N,NORTH CENTRAL,100 AVE & 100 ST,100 AVE,100 AVE,12:00-14:59,1,0
N,PROPERTY DAMAGE ONLY,102 AVE,N,2023,MONDAY,SIDE IMPACT,Y,Y,49.187828,-122.845419,N,MARCH,N,SURREY,SURREY,SURREY,N,N,N,LOWER MAINLAND,102 AVE & KING GEORGE BLVD,KING GEORGE HWY,KING GEORGE HWY,12:00-14:59,1,0
N,PROPERTY DAMAGE ONLY,104A AVE,N,2023,MONDAY,CONFLICTED,N,Y,49.192754,-122.845215,N,MARCH,N,SURREY,SURREY,SURREY,N,N,N,LOWER MAINLAND,104A AVE & KING GEORGE BLVD,KING GEORGE BLVD,KING GEORGE BLVD,12:00-14:59,1,0
N,PROPERTY DAMAGE ONLY,112 AVE,N,2023,MONDAY,SIDE SWIPE - SAME DIRECTION,N,Y,55.749033,-120.224544,N,MARCH,N,DAWSON CREEK,DAWSON CREEK,DAWSON CREEK,N,N,N,NORTH CENTRAL,112 AVE & 8 ST,HWY 2,HWY 2,12:00-14:59,1,0
N,PROPERTY DAMAGE ONLY,120 ST,N,2023,MONDAY,UNDETERMINED,N,Y,49.134037,-122.890359,N,MARCH,N,DELTA,DELTA,DELTA & SURREY,N,Y,N,LOWER MAINLAND,120 ST & 72 AVE,72 AVE,72 AVE,12:00-14:59,1,0
N,PROPERTY DAMAGE ONLY,124 ST,N,2023,MONDAY,SIDE SWIPE - SAME DIRECTION,N,Y,49.197528,-122.878718,N,MARCH,N,SURREY,SURREY,SURREY,Y,N,N,LOWER MAINLAND,124 ST & OLD YALE RD,OLD YALE RD,OLD YALE RD,12:00-14:59,1,0
N,PROPERTY DAMAGE ONLY,128 ST,N,2023,MONDAY,CONFLICTED,N,Y,49.177155,-122.867999,N,MARCH,N,SURREY,SURREY,SURREY,N,N,N,LOWER MAINLAND,128 ST & 96 AVE,96 AVE,96 AVE,12:00-14:59,1,0
N,PROPERTY DAMAGE ONLY,128 ST,N,2023,MONDAY,REAR END,N,Y,49.162584,-122.868025,N,MARCH,N,SURREY,SURREY,SURREY,N,N,N,LOWER MAINLAND,128 ST & 88 AVE,88 AVE,88 AVE,12:00-14:59,1,0
N,PROPERTY DAMAGE ONLY,128 ST,N,2023,MONDAY,SIDE IMPACT,N,Y,49.104493,-122.867858,N,MARCH,N,SURREY,SURREY,SURREY,N,N,N,LOWER MAINLAND,128 ST & 56 AVE,56 AVE,56 AVE,12:00-14:59,1,0
N,PROPERTY DAMAGE ONLY,129A ST,N,2023,MONDAY,SIDE IMPACT,N,Y,49.140997,-122.863742,N,MARCH,N,SURREY,SURREY,SURREY,N,N,N,LOWER MAINLAND,129A ST & 76 AVE,76 AVE,76 AVE,12:00-14:59,1,0
N,PROPERTY DAMAGE ONLY,146 ST,N,2023,MONDAY,SINGLE VEHICLE,N,Y,49.19151,-122.817512,N,MARCH,N,SURREY,SURREY,SURREY,N,Y,N,LOWER MAINLAND,104 AVE & 146 ST,104 AVE,104 AVE,12:00-14:59,1,0
N,PROPERTY DAMAGE ONLY,15TH AVE,N,2023,MONDAY,SIDE SWIPE - SAME DIRECTION,N,Y,53.910359,-122.769249,N,MARCH,N,PRINCE GEORGE,PRINCE GEORGE,PRINCE GEORGE,N,N,N,NORTH CENTRAL,15TH AVE & CARNEY ST,CARNEY ST,CARNEY ST,12:00-14:59,1,0
N,PROPERTY DAMAGE ONLY,16 AVE,N,2023,MONDAY,REAR END,N,Y,49.032017,-123.068661,N,MARCH,N,DELTA,DELTA,DELTA,Y,Y,N,LOWER MAINLAND,16 AVE & 56 ST,56 ST,56 ST,12:00-14:59,1,0
N,PROPERTY DAMAGE ONLY,168 ST,N,2023,MONDAY,SIDE IMPACT,N,Y,49.045663,-122.757,N,MARCH,N,SURREY,SURREY,SURREY,Y,Y,N,LOWER MAINLAND,168 ST & 24 AVE,24 AVE,24 AVE,12:00-14:59,1,0
N,PROPERTY DAMAGE ONLY,17 ST,N,2023,MONDAY,REAR END,N,Y,55.765326,-120.25052,N,MARCH,N,DAWSON CREEK,DAWSON CREEK,DAWSON CREEK,N,N,N,NORTH CENTRAL,17 ST & ALASKA AVE,ALASKA AVE,ALASKA AVE,12:00-14:59,1,0
N,PROPERTY DAMAGE ONLY,172 ST,N,2023,MONDAY,REAR END,N,Y,49.104159,-122.746089,N,MARCH,N,SURREY,SURREY,SURREY,N,N,N,LOWER MAINLAND,172 ST & 56 AVE,HWY 10,HWY 10,12:00-14:59,1,0
N,PROPERTY DAMAGE ONLY,192 ST ONRAMP,N,2023,MONDAY,SINGLE VEHICLE,N,Y,49.170325,-122.692254,N,MARCH,N,SURREY,SURREY,SURREY,N,N,N,LOWER MAINLAND,192 ST & 192 ST OFFRAMP & 192 ST ONRAMP & TRANS-CANADA HWY,HWY 1,HWY 1,12:00-14:59,1,0
N,PROPERTY DAMAGE ONLY,200 ST,N,2023,MONDAY,SIDE SWIPE - SAME DIRECTION,Y,Y,49.148264,-122.668222,N,MARCH,N,LANGLEY,LANGLEY,LANGLEY,N,N,N,LOWER MAINLAND,200 ST & 80 AVE,80 AVE,80 AVE,12:00-14:59,1,0
N,PROPERTY DAMAGE ONLY,203 ST,N,2023,MONDAY,SIDE SWIPE - SAME DIRECTION,N,Y,49.106711,-122.660085,N,MARCH,N,LANGLEY,LANGLEY,LANGLEY,Y,Y,N,LOWER MAINLAND,203 ST & INDUSTRIAL AVE,INDUSTRIAL AVE,INDUSTRIAL AVE,12:00-14:59,1,0
N,PROPERTY DAMAGE ONLY,203 ST,N,2023,MONDAY,UNDETERMINED,N,Y,49.219239,-122.657635,N,MARCH,N,MAPLE RIDGE,MAPLE RIDGE,MAPLE RIDGE,Y,Y,N,LOWER MAINLAND,203 ST & LOUGHEED HWY,LOUGHEED HWY,LOUGHEED HWY,12:00-14:59,1,0
N,PROPERTY DAMAGE ONLY,216 ST,N,2023,MONDAY,SIDE IMPACT,N,Y,49.152312,-122.624191,N,MARCH,N,LANGLEY,LANGLEY,LANGLEY,N,N,N,LOWER MAINLAND,216 ST & 216 ST OFFRAMP & TRANS-CANADA HWY & TRANS-CANADA HWY ONRAMP & TURNING LANE,HWY 1,HWY 1,12:00-14:59,1,0
N,PROPERTY DAMAGE ONLY,216 STREET,N,2023,MONDAY,UNDETERMINED,Y,N,\N,\N,N,MARCH,N,UNKNOWN,UNKNOWN,\N,N,N,N,UNKNOWN,UNKNOWN,128 AVE,128 AVE,12:00-14:59,1,0
N,PROPERTY DAMAGE ONLY,228 ST,N,2023,MONDAY,SIDE IMPACT,N,Y,49.220426,-122.590283,N,MARCH,N,MAPLE RIDGE,MAPLE RIDGE,MAPLE RIDGE,N,N,N,LOWER MAINLAND,228 ST & DEWDNEY TRUNK RD,DEWDNEY TRUNK RD,DEWDNEY TRUNK RD,12:00-14:59,1,0
N,PROPERTY DAMAGE ONLY,232 ST,N,2023,MONDAY,REAR END,N,Y,49.141581,-122.58127,N,MARCH,N,LANGLEY,LANGLEY,LANGLEY,N,N,N,LOWER MAINLAND,232 ST & 76A AVE,76A AVE,76A AVE,12:00-14:59,1,0
N,PROPERTY DAMAGE ONLY,264 ST,N,2023,MONDAY,REAR END,N,Y,49.101569,-122.492803,N,MARCH,N,LANGLEY,LANGLEY,LANGLEY,N,N,N,LOWER MAINLAND,264 ST & 264 ST OFFRAMP & 264 ST ONRAMP & 56 AVE & 56 AVE OFFRAMP & 56 AVE ONRAMP & TRANS-CANADA HWY & TURNING LANE,HWY 1,HWY 1,12:00-14:59,1,0
N,PROPERTY DAMAGE ONLY,28 A,N,2023,MONDAY,SIDE IMPACT,Y,N,\N,\N,N,MARCH,N,LANGLEY,LANGLEY,\N,N,N,N,LOWER MAINLAND,UNKNOWN,202A ST,202A ST,12:00-14:59,1,0
N,PROPERTY DAMAGE ONLY,32 AVE,N,2023,MONDAY,SINGLE VEHICLE,N,Y,49.060123,-122.691534,N,MARCH,N,SURREY,SURREY,SURREY,N,N,N,LOWER MAINLAND,192 ST & 32 AVE,192 ST,192 ST,12:00-14:59,1,0
N,PROPERTY DAMAGE ONLY,5TH ST,N,2023,MONDAY,SIDE IMPACT,N,Y,49.503022,-115.061622,N,MARCH,N,FERNIE,FERNIE,FERNIE,Y,N,N,SOUTHERN INTERIOR,2ND AVE & 5TH ST,2ND AVE,2ND AVE,12:00-14:59,1,0
N,PROPERTY DAMAGE ONLY,72 AVE,N,2023,MONDAY,UNDETERMINED,N,Y,49.134037,-122.890359,N,MARCH,N,DELTA,DELTA,DELTA & SURREY,N,N,N,LOWER MAINLAND,120 ST & 72 AVE,120 ST,120 ST,12:00-14:59,1,0
N,PROPERTY DAMAGE ONLY,76 AVE,N,2023,MONDAY,CONFLICTED,N,Y,49.140852,-122.845634,N,MARCH,N,SURREY,SURREY,SURREY,Y,Y,N,LOWER MAINLAND,76 AVE & KING GEORGE BLVD & TURNING LANE,KING GEORGE BLVD,KING GEORGE BLVD,12:00-14:59,1,0
N,PROPERTY DAMAGE ONLY,78 AVE,N,2023,MONDAY,HEAD ON,N,Y,49.144521,-122.851197,N,MARCH,N,SURREY,SURREY,SURREY,N,N,N,LOWER MAINLAND,134 ST & 78 AVE,134 ST,134 ST,12:00-14:59,1,0
N,PROPERTY DAMAGE ONLY,79B AVE,N,2023,MONDAY,SIDE IMPACT,N,Y,49.147401,-122.76194,N,MARCH,N,SURREY,SURREY,SURREY,Y,N,N,LOWER MAINLAND,166 ST & 79B AVE,166 ST,166 ST,12:00-14:59,1,0
N,PROPERTY DAMAGE ONLY,82 AVE,N,2023,MONDAY,REAR END,Y,Y,49.150255,-122.867964,N,MARCH,N,SURREY,SURREY,SURREY,N,N,N,LOWER MAINLAND,128 ST & 82 AVE & TURNING LANE,128 ST,128 ST,12:00-14:59,1,0
N,PROPERTY DAMAGE ONLY,84 AVE,N,2023,MONDAY,SIDE IMPACT,Y,Y,49.15535,-122.868017,N,MARCH,N,SURREY,SURREY,SURREY,N,N,N,LOWER MAINLAND,128 ST & 84 AVE,128 ST,128 ST,12:00-14:59,1,0
N,PROPERTY DAMAGE ONLY,88 AVE,N,2023,MONDAY,SIDE IMPACT,N,Y,49.162742,-122.845798,N,MARCH,N,SURREY,SURREY,SURREY,N,N,N,LOWER MAINLAND,88 AVE & KING GEORGE BLVD & TURNING LANE,KING GEORGE BLVD,KING GEORGE BLVD,12:00-14:59,1,0
N,PROPERTY DAMAGE ONLY,88 AVE,N,2023,MONDAY,UNDETERMINED,N,Y,49.163237,-122.897367,N,MARCH,N,DELTA,DELTA,DELTA,Y,N,N,LOWER MAINLAND,117A ST & 88 AVE,117A ST,117A ST,12:00-14:59,1,0
N,PROPERTY DAMAGE ONLY,88 AVE E,N,2023,MONDAY,UNDETERMINED,Y,N,\N,\N,N,MARCH,N,LANGLEY,LANGLEY,\N,N,N,N,LOWER MAINLAND,UNKNOWN,200 ST,200 ST,12:00-14:59,1,0
N,PROPERTY DAMAGE ONLY,8TH ST,N,2023,MONDAY,SIDE IMPACT,N,N,\N,\N,N,MARCH,N,NEW WESTMINSTER,NEW WESTMINSTER,\N,N,N,N,LOWER MAINLAND,UNKNOWN,CUMBERLAND ST,CUMBERLAND ST,12:00-14:59,1,0
N,PROPERTY DAMAGE ONLY,90 AVE,N,2023,MONDAY,SIDE IMPACT,N,Y,49.166467,-122.834642,N,MARCH,N,SURREY,SURREY,SURREY,N,N,N,LOWER MAINLAND,140 ST & 90 AVE,140 ST,140 ST,12:00-14:59,1,0
N,PROPERTY DAMAGE ONLY,96 AVE,N,2023,MONDAY,CONFLICTED,Y,Y,49.176986,-122.725752,N,MARCH,N,SURREY,SURREY,SURREY,N,N,N,LOWER MAINLAND,179 ST & 96 AVE,179 ST,179 ST,12:00-14:59,1,0
N,PROPERTY DAMAGE ONLY,9TH AVE,N,2023,MONDAY,HEAD ON,N,Y,50.023187,-125.255061,N,MARCH,N,CAMPBELL RIVER,CAMPBELL RIVER,CAMPBELL RIVER,N,N,N,VANCOUVER ISLAND,9TH AVE & IRONWOOD ST & MAPLE RD,IRONWOOD ST,IRONWOOD ST,12:00-14:59,1,0
N,PROPERTY DAMAGE ONLY,ALASKA HWY,N,2023,MONDAY,REAR END,N,Y,55.758606,-120.224529,N,MARCH,N,DAWSON CREEK,DAWSON CREEK,DAWSON CREEK,N,N,N,NORTH CENTRAL,8 ST & ALASKA AVE & ALASKA HWY & HWY 49,8 ST,8 ST,12:00-14:59,1,0
N,PROPERTY DAMAGE ONLY,ALBERT ST,N,2023,MONDAY,SINGLE VEHICLE,N,Y,49.281939,-123.008652,N,MARCH,N,BURNABY,BURNABY,BURNABY,N,N,N,LOWER MAINLAND,ALBERT ST & MADISON AVE,MADISON AVE,MADISON AVE,12:00-14:59,1,0
N,PROPERTY DAMAGE ONLY,ALDERGROVE EXIT,N,2023,MONDAY,REAR END,N,N,\N,\N,N,MARCH,N,LANGLEY,LANGLEY,\N,N,N,N,LOWER MAINLAND,UNKNOWN,HWY 1,HWY 1,12:00-14:59,1,0
N,PROPERTY DAMAGE ONLY,ANSON RD,N,2023,MONDAY,UNDETERMINED,N,Y,49.767616,-124.976015,N,MARCH,N,COURTENAY,COURTENAY,COURTENAY,Y,N,N,VANCOUVER ISLAND,ANSON RD & BATES RD,BATES RD,BATES RD,12:00-14:59,1,0
N,PROPERTY DAMAGE ONLY,ARBUTUS ST,N,2023,MONDAY,SINGLE VEHICLE,N,Y,49.242116,-123.153482,N,MARCH,N,VANCOUVER,VANCOUVER,VANCOUVER,N,N,N,LOWER MAINLAND,ARBUTUS ST & W 33RD AVE,W 33RD AVE,W 33RD AVE,12:00-14:59,1,0
N,PROPERTY DAMAGE ONLY,AVIATION AVE,N,2023,MONDAY,UNDETERMINED,N,Y,49.192628,-123.166922,N,MARCH,N,RICHMOND,RICHMOND,RICHMOND,N,N,N,LOWER MAINLAND,AVIATION AVE & GRANT MCCONACHIE WAY & MILLER RD & TURNING LANE,GRANT MCCONACHIE WAY,GRANT MCCONACHIE WAY,12:00-14:59,1,0
N,PROPERTY DAMAGE ONLY,BAY ST,N,2023,MONDAY,SIDE SWIPE - SAME DIRECTION,Y,Y,48.4353,-123.358006,N,MARCH,N,VICTORIA,VICTORIA,VICTORIA,N,N,N,VANCOUVER ISLAND,BAY ST & QUADRA ST,QUADRA ST,QUADRA ST,12:00-14:59,1,0
N,PROPERTY DAMAGE ONLY,BEACON AVE,N,2023,MONDAY,SIDE IMPACT,N,Y,48.648931,-123.402296,N,MARCH,N,SIDNEY,SIDNEY,SIDNEY,N,Y,N,VANCOUVER ISLAND,BEACON AVE & RESTHAVEN DR & MALL ACCESS,RESTHAVEN DR,RESTHAVEN DR,12:00-14:59,1,0
N,PROPERTY DAMAGE ONLY,BENVOULIN RD,N,2023,MONDAY,SIDE SWIPE - SAME DIRECTION,N,Y,49.877203,-119.436472,N,MARCH,N,KELOWNA,KELOWNA,KELOWNA,N,N,N,SOUTHERN INTERIOR,BENVOULIN RD & DILWORTH DR & SPRINGFIELD RD & TURNING LANE,SPRINGFIELD RD,SPRINGFIELD RD,12:00-14:59,1,0
N,PROPERTY DAMAGE ONLY,BEVAN AVE,N,2023,MONDAY,SIDE IMPACT,N,Y,49.041844,-122.318387,N,MARCH,N,ABBOTSFORD,ABBOTSFORD,ABBOTSFORD,N,Y,N,LOWER MAINLAND,BEVAN AVE & EMERSON ST,EMERSON ST,EMERSON ST,12:00-14:59,1,0
N,PROPERTY DAMAGE ONLY,BIRCH ST,N,2023,MONDAY,SIDE IMPACT,N,Y,49.263519,-123.13372,N,MARCH,N,VANCOUVER,VANCOUVER,VANCOUVER,N,N,N,LOWER MAINLAND,BIRCH ST & W BROADWAY,W BROADWAY,W BROADWAY,12:00-14:59,1,0
N,PROPERTY DAMAGE ONLY,BLACKCOMB WAY,N,2023,MONDAY,UNDETERMINED,N,Y,50.114262,-122.949368,N,MARCH,N,WHISTLER,WHISTLER,WHISTLER,N,N,N,LOWER MAINLAND,BLACKCOMB WAY & GLACIER DR,GLACIER DR,GLACIER DR,12:00-14:59,1,0
N,PROPERTY DAMAGE ONLY,BLANCA ST,N,2023,MONDAY,CONFLICTED,N,Y,49.263927,-123.215243,N,MARCH,N,UBC,UBC,UBC & VANCOUVER,N,N,N,LOWER MAINLAND,BLANCA ST & UNIVERSITY BLVD & W 10TH AVE,W 10TH AVE,W 10TH AVE,12:00-14:59,1,0
N,PROPERTY DAMAGE ONLY,BLANSHARD ST,N,2023,MONDAY,REAR END,N,Y,48.438914,-123.363309,N,MARCH,N,VICTORIA,VICTORIA,VICTORIA,N,N,N,VANCOUVER ISLAND,BLANSHARD ST & HILLSIDE AVE & TURNING LANE,HILLSIDE AVE,HILLSIDE AVE,12:00-14:59,1,0
N,PROPERTY DAMAGE ONLY,BOUNDARY RD,N,2023,MONDAY,SIDE IMPACT,N,Y,49.274011,-123.023539,N,MARCH,N,BURNABY,BURNABY,BURNABY & VANCOUVER,N,N,N,LOWER MAINLAND,BOUNDARY RD & WILLIAM ST,WILLIAM ST,WILLIAM ST,12:00-14:59,1,0
N,PROPERTY DAMAGE ONLY,BOUNDARY RD,N,2023,MONDAY,UNDETERMINED,N,Y,49.232291,-123.023537,N,MARCH,N,BURNABY,BURNABY,BURNABY & VANCOUVER,Y,N,N,LOWER MAINLAND,BOUNDARY RD & KINGSWAY & TURNING LANE,KINGSWAY,KINGSWAY,12:00-14:59,1,0
N,PROPERTY DAMAGE ONLY,BROADWAY ST,N,2023,MONDAY,REAR END,N,Y,49.240773,-122.761896,N,MARCH,N,PORT COQUITLAM,PORT COQUITLAM,PORT COQUITLAM,N,N,N,LOWER MAINLAND,BROADWAY ST & MARY HILL BYPASS & TURNING LANE,MARY HILL BYPASS,MARY HILL BYPASS,12:00-14:59,1,0
N,PROPERTY DAMAGE ONLY,CADDER AVE,N,2023,MONDAY,SIDE SWIPE - SAME DIRECTION,N,Y,49.876317,-119.491241,N,MARCH,N,KELOWNA,KELOWNA,KELOWNA,N,N,N,SOUTHERN INTERIOR,CADDER AVE & PANDOSY ST,PANDOSY ST,PANDOSY ST,12:00-14:59,2,0
N,PROPERTY DAMAGE ONLY,CALINDA ST,N,2023,MONDAY,REAR END,N,Y,49.234331,-124.040168,N,MARCH,N,NANAIMO,NANAIMO,NANAIMO,N,N,N,VANCOUVER ISLAND,CALINDA ST & HAMMOND BAY RD,HAMMOND BAY RD,HAMMOND BAY RD,12:00-14:59,1,0
N,PROPERTY DAMAGE ONLY,CAMBIE ST,N,2023,MONDAY,REAR END,N,Y,49.26405,-123.114821,N,MARCH,N,VANCOUVER,VANCOUVER,VANCOUVER,N,N,N,LOWER MAINLAND,CAMBIE ST & W 8TH AVE,W 8TH AVE,W 8TH AVE,12:00-14:59,1,0
N,PROPERTY DAMAGE ONLY,CAMBIE ST,N,2023,MONDAY,UNDETERMINED,N,Y,49.240397,-123.118341,N,MARCH,N,VANCOUVER,VANCOUVER,VANCOUVER,Y,N,N,LOWER MAINLAND,CAMBIE ST & MCGUIGAN AVE,MCGUIGAN AVE,MCGUIGAN AVE,12:00-14:59,1,0
N,PROPERTY DAMAGE ONLY,CAMBIE ST,N,2023,MONDAY,UNDETERMINED,N,Y,49.26405,-123.114821,N,MARCH,N,VANCOUVER,VANCOUVER,VANCOUVER,Y,N,N,LOWER MAINLAND,CAMBIE ST & W 8TH AVE,W 8TH AVE,W 8TH AVE,12:00-14:59,1,0
N,PROPERTY DAMAGE ONLY,CARRALL ST,N,2023,MONDAY,UNDETERMINED,N,Y,49.280492,-123.104378,N,MARCH,N,VANCOUVER,VANCOUVER,VANCOUVER,Y,N,N,LOWER MAINLAND,CARRALL ST & E PENDER ST & W PENDER ST,E PENDER ST,E PENDER ST,12:00-14:59,1,0
N,PROPERTY DAMAGE ONLY,CEDAR HILL RD,N,2023,MONDAY,SIDE SWIPE - SAME DIRECTION,Y,Y,48.468644,-123.335332,N,MARCH,N,SAANICH,SAANICH,SAANICH,N,N,N,VANCOUVER ISLAND,CEDAR HILL RD & MCKENZIE AVE,MCKENZIE AVE,MCKENZIE AVE,12:00-14:59,1,0
N,PROPERTY DAMAGE ONLY,CLARK DR,N,2023,MONDAY,SIDE IMPACT,N,Y,49.259628,-123.077527,N,MARCH,N,VANCOUVER,VANCOUVER,VANCOUVER,N,N,N,LOWER MAINLAND,CLARK DR & E 12TH AVE,E 12TH AVE,E 12TH AVE,12:00-14:59,1,0
N,PROPERTY DAMAGE ONLY,CLARK DR,N,2023,MONDAY,UNDETERMINED,Y,Y,49.283068,-123.077088,N,MARCH,N,VANCOUVER,VANCOUVER,VANCOUVER,N,N,N,LOWER MAINLAND,CLARK DR & POWELL ST,POWELL ST,POWELL ST,12:00-14:59,1,0
N,PROPERTY DAMAGE ONLY,CLIPPER ST,N,2023,MONDAY,SIDE IMPACT,N,Y,49.229357,-122.852568,N,MARCH,N,COQUITLAM,COQUITLAM,COQUITLAM,N,N,N,LOWER MAINLAND,CLIPPER ST & UNITED BLVD,UNITED BLVD,UNITED BLVD,12:00-14:59,1,0
N,PROPERTY DAMAGE ONLY,COONEY RD,N,2023,MONDAY,UNDETERMINED,N,Y,49.170184,-123.131506,N,MARCH,N,RICHMOND,RICHMOND,RICHMOND,Y,Y,N,LOWER MAINLAND,COONEY RD & WESTMINSTER HWY & TURNING LANE,WESTMINSTER HWY,WESTMINSTER HWY,12:00-14:59,1,0
N,PROPERTY DAMAGE ONLY,CRABBE AVE,N,2023,MONDAY,SIDE SWIPE - SAME DIRECTION,N,Y,49.275268,-122.790487,N,MARCH,N,COQUITLAM,COQUITLAM,COQUITLAM & PORT COQUITLAM,N,N,N,LOWER MAINLAND,CRABBE AVE & KITCHENER AVE & WESTWOOD ST & WOODLAND DR,WESTWOOD ST,WESTWOOD ST,12:00-14:59,1,0
N,PROPERTY DAMAGE ONLY,CUMBERLAND ST,N,2023,MONDAY,REAR END,N,Y,49.227292,-122.912147,N,MARCH,N,BURNABY,BURNABY,BURNABY & NEW WESTMINSTER,N,N,N,LOWER MAINLAND,10TH AVE & CUMBERLAND ST & E TENTH AVE,10TH AVE,10TH AVE,12:00-14:59,1,0
N,PROPERTY DAMAGE ONLY,DAVIS RD,N,2023,MONDAY,SIDE IMPACT,N,Y,48.969577,-123.800065,N,MARCH,N,LADYSMITH,LADYSMITH,LADYSMITH,Y,Y,N,VANCOUVER ISLAND,DAVIS RD & HALL RD,HALL RD,HALL RD,12:00-14:59,1,0
N,PROPERTY DAMAGE ONLY,DELOUME RD,N,2023,MONDAY,REAR END,N,Y,48.652506,-123.56007,N,MARCH,N,MILL BAY,MILL BAY,MILL BAY,N,N,N,VANCOUVER ISLAND,BARRY RD & DELOUME RD & TRANS-CANADA HWY & TURNING LANE,HWY 1,HWY 1,12:00-14:59,1,0
N,PROPERTY DAMAGE ONLY,DELTAPORT WAY,N,2023,MONDAY,UNDETERMINED,Y,Y,49.059641,-123.063362,N,MARCH,N,DELTA,DELTA,DELTA,N,N,N,LOWER MAINLAND,57B ST & DELTAPORT WAY & TURNING LANE,57B ST,57B ST,12:00-14:59,1,0
N,PROPERTY DAMAGE ONLY,DUBBERT ST,N,2023,MONDAY,CONFLICTED,N,Y,49.178835,-123.122459,N,MARCH,N,RICHMOND,RICHMOND,RICHMOND,N,N,N,LOWER MAINLAND,ALEXANDRA RD & DUBBERT ST,ALEXANDRA RD,ALEXANDRA RD,12:00-14:59,1,0
N,PROPERTY DAMAGE ONLY,E 11TH AVE,N,2023,MONDAY,HEAD ON,N,Y,49.260106,-123.028512,N,MARCH,N,VANCOUVER,VANCOUVER,VANCOUVER,N,Y,N,LOWER MAINLAND,E 11TH AVE & SKEENA ST,SKEENA ST,SKEENA ST,12:00-14:59,1,0
N,PROPERTY DAMAGE ONLY,E 20TH ST,N,2023,MONDAY,SIDE IMPACT,N,Y,49.327252,-123.072188,N,MARCH,N,NORTH VANCOUVER,NORTH VANCOUVER,NORTH VANCOUVER,Y,N,N,LOWER MAINLAND,E 20TH ST & LONSDALE AVE & W 20TH ST,LONSDALE AVE,LONSDALE AVE,12:00-14:59,1,0
N,PROPERTY DAMAGE ONLY,E 29TH ST,N,2023,MONDAY,UNDETERMINED,N,Y,49.335253,-123.041583,N,MARCH,N,NORTH VANCOUVER,NORTH VANCOUVER,NORTH VANCOUVER,Y,Y,N,LOWER MAINLAND,E 29TH ST & LYNN VALLEY RD & VALLEY CENTRE AVE,LYNN VALLEY RD,LYNN VALLEY RD,12:00-14:59,1,0
N,PROPERTY DAMAGE ONLY,E 41ST AVE,N,2023,MONDAY,SIDE SWIPE - SAME DIRECTION,N,Y,49.232692,-123.077064,N,MARCH,N,VANCOUVER,VANCOUVER,VANCOUVER,N,N,N,LOWER MAINLAND,E 41ST AVE & KNIGHT ST,KNIGHT ST,KNIGHT ST,12:00-14:59,1,0
N,PROPERTY DAMAGE ONLY,E 58TH AVE,N,2023,MONDAY,SIDE IMPACT,N,Y,49.217316,-123.083095,N,MARCH,N,VANCOUVER,VANCOUVER,VANCOUVER,Y,N,N,LOWER MAINLAND,E 58TH AVE & ROSS ST,ROSS ST,ROSS ST,12:00-14:59,1,0
N,PROPERTY DAMAGE ONLY,E 6TH AVE,N,2023,MONDAY,REAR END,N,Y,49.2655,-123.100847,N,MARCH,N,VANCOUVER,VANCOUVER,VANCOUVER,N,N,N,LOWER MAINLAND,E 6TH AVE & MAIN ST,MAIN ST,MAIN ST,12:00-14:59,1,0
N,PROPERTY DAMAGE ONLY,FALLS ST,N,2023,MONDAY,SINGLE VEHICLE,N,Y,49.490145,-117.297722,N,MARCH,N,NELSON,NELSON,NELSON,N,N,N,SOUTHERN INTERIOR,FALLS ST & HERRIDGE LANE & UNNAMED LANE,HERRIDGE LANE,HERRIDGE LANE,12:00-14:59,1,0
N,PROPERTY DAMAGE ONLY,FLEMING ST,N,2023,MONDAY,SIDE SWIPE - SAME DIRECTION,N,Y,49.241609,-123.07219,N,MARCH,N,VANCOUVER,VANCOUVER,VANCOUVER,Y,N,N,LOWER MAINLAND,E 32ND AVE & FLEMING ST,E 32ND AVE,E 32ND AVE,12:00-14:59,1,0
N,PROPERTY DAMAGE ONLY,FOREST PARK WAY,N,2023,MONDAY,UNDETERMINED,Y,Y,49.304321,-122.830356,N,MARCH,N,PORT MOODY,PORT MOODY,PORT MOODY,N,N,N,LOWER MAINLAND,FOREST PARK WAY & PANORAMA DR,PANORAMA DR,PANORAMA DR,12:00-14:59,1,0
N,PROPERTY DAMAGE ONLY,FRASER ST,N,2023,MONDAY,SIDE IMPACT,N,Y,49.261517,-123.089152,N,MARCH,N,VANCOUVER,VANCOUVER,VANCOUVER,Y,N,N,LOWER MAINLAND,E 10TH AVE & FRASER ST,E 10TH AVE,E 10TH AVE,12:00-14:59,1,0
N,PROPERTY DAMAGE ONLY,GILMORE AVE,N,2023,MONDAY,CONFLICTED,N,Y,49.260836,-123.014251,N,MARCH,N,BURNABY,BURNABY,BURNABY,N,N,N,LOWER MAINLAND,GILMORE AVE & GILMORE AVE DIVERSION & STILL CREEK AVE & TURNING LANE,STILL CREEK AVE,STILL CREEK AVE,12:00-14:59,1,0
N,PROPERTY DAMAGE ONLY,GOLDEN EARS CONNECTR,N,2023,MONDAY,UNDETERMINED,N,Y,49.186431,-122.725048,N,MARCH,N,SURREY,SURREY,SURREY,N,N,N,LOWER MAINLAND,179 ST & GOLDEN EARS CONN,179 ST,179 ST,12:00-14:59,1,0
N,PROPERTY DAMAGE ONLY,GRANDVIEW HWY,N,2023,MONDAY,SIDE IMPACT,N,Y,49.258127,-123.033793,N,MARCH,N,VANCOUVER,VANCOUVER,VANCOUVER,N,N,N,LOWER MAINLAND,GRANDVIEW HWY & RUPERT ST,RUPERT ST,RUPERT ST,12:00-14:59,1,0
N,PROPERTY DAMAGE ONLY,GRANDVIEW HWY,N,2023,MONDAY,SIDE IMPACT,N,Y,49.258209,-123.023636,N,MARCH,N,BURNABY,BURNABY,BURNABY & VANCOUVER,N,N,N,LOWER MAINLAND,BOUNDARY RD & GRANDVIEW HWY & GRANDVIEW HWY ONRAMP,BOUNDARY RD,BOUNDARY RD,12:00-14:59,1,0
N,PROPERTY DAMAGE ONLY,GRANVILLE ST,N,2023,MONDAY,REAR END,N,Y,49.208534,-123.140534,N,MARCH,N,VANCOUVER,VANCOUVER,VANCOUVER,N,N,N,LOWER MAINLAND,GRANVILLE ST & W 70TH AVE,W 70TH AVE,W 70TH AVE,12:00-14:59,1,0
N,PROPERTY DAMAGE ONLY,GRANVILLE ST,N,2023,MONDAY,REAR END,N,Y,49.257053,-123.138793,N,MARCH,N,VANCOUVER,VANCOUVER,VANCOUVER,N,N,N,LOWER MAINLAND,GRANVILLE ST & MARPOLE AVE & W 16TH AVE,MARPOLE AVE,MARPOLE AVE,12:00-14:59,1,0
N,PROPERTY DAMAGE ONLY,GRASSMERE ST,N,2023,MONDAY,CONFLICTED,N,Y,49.238626,-123.00337,N,MARCH,N,BURNABY,BURNABY,BURNABY,N,N,N,LOWER MAINLAND,GRASSMERE ST & PRICE CRES & WILLINGDON AVE,WILLINGDON AVE,WILLINGDON AVE,12:00-14:59,1,0
N,PROPERTY DAMAGE ONLY,HALL AVE,N,2023,MONDAY,REAR END,N,Y,49.218394,-122.954927,N,MARCH,N,BURNABY,BURNABY,BURNABY,Y,N,N,LOWER MAINLAND,HALL AVE & KINGSWAY,KINGSWAY,KINGSWAY,12:00-14:59,1,0
N,PROPERTY DAMAGE ONLY,HALLOWELL RD,N,2023,MONDAY,SIDE SWIPE - SAME DIRECTION,N,Y,48.446615,-123.426569,N,MARCH,N,VIEW ROYAL,VIEW ROYAL,VIEW ROYAL,N,N,N,VANCOUVER ISLAND,ADMIRALS RD & HALLOWELL RD & LEKWAMMEN DR & TURNING LANE,ADMIRALS RD,ADMIRALS RD,12:00-14:59,1,0
N,PROPERTY DAMAGE ONLY,HARRIET RD,N,2023,MONDAY,REAR END,N,Y,48.44945,-123.384629,N,MARCH,N,SAANICH,SAANICH,SAANICH & VICTORIA,N,N,N,VANCOUVER ISLAND,BURNSIDE RD E & BURNSIDE RD W & HARRIET RD,BURNSIDE RD W,BURNSIDE RD W,12:00-14:59,1,0
N,PROPERTY DAMAGE ONLY,HARVEY AVE,N,2023,MONDAY,REAR END,N,Y,49.881947,-119.454569,N,MARCH,N,KELOWNA,KELOWNA,KELOWNA,N,N,N,SOUTHERN INTERIOR,HARVEY AVE & SPALL RD & TURNING LANE,SPALL RD,SPALL RD,12:00-14:59,1,0
N,PROPERTY DAMAGE ONLY,HELMCKEN ST,N,2023,MONDAY,SIDE SWIPE - SAME DIRECTION,Y,Y,49.275925,-123.121068,N,MARCH,N,VANCOUVER,VANCOUVER,VANCOUVER,Y,N,N,LOWER MAINLAND,HAMILTON ST & HELMCKEN ST,HAMILTON ST,HAMILTON ST,12:00-14:59,1,0
N,PROPERTY DAMAGE ONLY,HEMLOCK ST,N,2023,MONDAY,REAR END,N,Y,49.267228,-123.136137,N,MARCH,N,VANCOUVER,VANCOUVER,VANCOUVER,N,N,N,LOWER MAINLAND,HEMLOCK ST & W 4TH AVE,W 4TH AVE,W 4TH AVE,12:00-14:59,1,0
N,PROPERTY DAMAGE ONLY,HOLDEN CORSO RD,N,2023,MONDAY,UNDETERMINED,N,Y,49.115493,-123.864246,N,MARCH,N,NANAIMO,NANAIMO,NANAIMO,N,N,N,VANCOUVER ISLAND,HOLDEN CORSO RD & MACMILLAN RD,MACMILLAN RD,MACMILLAN RD,12:00-14:59,1,0
N,PROPERTY DAMAGE ONLY,HOLLYWOOD RD N,N,2023,MONDAY,REAR END,Y,Y,49.889022,-119.399578,N,MARCH,N,KELOWNA,KELOWNA,KELOWNA,Y,Y,N,SOUTHERN INTERIOR,HOLLYWOOD RD N & HOLLYWOOD RD S & HWY 33 W,HWY 33,HWY 33,12:00-14:59,1,0
N,PROPERTY DAMAGE ONLY,HOLLYWOOD RD S,N,2023,MONDAY,REAR END,N,Y,49.889022,-119.399578,N,MARCH,N,KELOWNA,KELOWNA,KELOWNA,N,N,N,SOUTHERN INTERIOR,HOLLYWOOD RD N & HOLLYWOOD RD S & HWY 33 W,HWY 33 W,HWY 33 W,12:00-14:59,1,0
N,PROPERTY DAMAGE ONLY,HOWE ST,N,2023,MONDAY,REAR END,N,Y,49.283132,-123.119153,N,MARCH,N,VANCOUVER,VANCOUVER,VANCOUVER,N,N,N,LOWER MAINLAND,HOWE ST & W GEORGIA ST,W GEORGIA ST,W GEORGIA ST,12:00-14:59,1,0
N,PROPERTY DAMAGE ONLY,HWY 1,N,2023,MONDAY,REAR END,N,Y,48.652506,-123.56007,N,MARCH,N,MILL BAY,MILL BAY,MILL BAY,N,N,N,VANCOUVER ISLAND,BARRY RD & DELOUME RD & TRANS-CANADA HWY & TURNING LANE,DELOUME RD,DELOUME RD,12:00-14:59,1,0
N,PROPERTY DAMAGE ONLY,HWY 16,N,2023,MONDAY,SIDE IMPACT,N,Y,53.866568,-122.784227,N,MARCH,N,PRINCE GEORGE,PRINCE GEORGE,PRINCE GEORGE,N,N,N,NORTH CENTRAL,HWY 16 W & SOUTHRIDGE AVE & SOUTHRIDGE AVE OFFRAMP & SOUTHRIDGE AVE ONRAMP & TURNING LANE,SOUTHRIDGE AVE,SOUTHRIDGE AVE,12:00-14:59,1,0
N,PROPERTY DAMAGE ONLY,HWY 19A,N,2023,MONDAY,REAR END,Y,Y,49.697978,-124.989077,N,MARCH,N,COURTENAY,COURTENAY,COURTENAY,N,N,N,VANCOUVER ISLAND,ISLAND HWY N & RYAN RD & MALL ACCESS & TURNING LANE,RYAN RD,RYAN RD,12:00-14:59,1,0
N,PROPERTY DAMAGE ONLY,HWY 2,N,2023,MONDAY,REAR END,N,Y,55.765326,-120.25052,N,MARCH,N,DAWSON CREEK,DAWSON CREEK,DAWSON CREEK,N,N,N,NORTH CENTRAL,17 ST & ALASKA AVE,17 ST,17 ST,12:00-14:59,1,0
N,PROPERTY DAMAGE ONLY,HWY 3B,N,2023,MONDAY,REAR END,Y,Y,49.097608,-117.70973,N,MARCH,N,TRAIL,TRAIL,TRAIL,N,N,N,SOUTHERN INTERIOR,BAILEY ST & BAY AVE & VICTORIA ST,BAY AVE,BAY AVE,12:00-14:59,1,0
N,PROPERTY DAMAGE ONLY,HWY 97,N,2023,MONDAY,CONFLICTED,N,Y,49.831067,-119.622603,N,MARCH,N,WEST KELOWNA,WEST KELOWNA,WEST KELOWNA,N,N,N,SOUTHERN INTERIOR,GELLATLY RD & GOSSETT RD & HWY 97 & MAIN ST & TURNING LANE,GELLATLY RD,GELLATLY RD,12:00-14:59,1,0
N,PROPERTY DAMAGE ONLY,HWY 97,N,2023,MONDAY,REAR END,N,Y,49.840005,-119.610538,N,MARCH,N,WEST KELOWNA,WEST KELOWNA,WEST KELOWNA,N,N,N,SOUTHERN INTERIOR,ELK RD & HWY 97 & MOOSE RD & TURNING LANE,ELK RD,ELK RD,12:00-14:59,2,0
N,PROPERTY DAMAGE ONLY,HWY 97,N,2023,MONDAY,REAR END,N,Y,49.886218,-119.425379,N,MARCH,N,KELOWNA,KELOWNA,KELOWNA,N,N,N,SOUTHERN INTERIOR,BANKS RD & HWY 97 N & TURNING LANE,BANKS RD,BANKS RD,12:00-14:59,1,0
N,PROPERTY DAMAGE ONLY,INVERNESS ST,N,2023,MONDAY,CONFLICTED,N,Y,49.252062,-123.079895,N,MARCH,N,VANCOUVER,VANCOUVER,VANCOUVER,N,N,N,LOWER MAINLAND,INVERNESS ST & KINGSWAY,KINGSWAY,KINGSWAY,12:00-14:59,1,0
N,PROPERTY DAMAGE ONLY,ISLAND HWY E,N,2023,MONDAY,REAR END,N,Y,49.320269,-124.307115,N,MARCH,N,PARKSVILLE,PARKSVILLE,PARKSVILLE,N,N,N,VANCOUVER ISLAND,CORFIELD ST N & CORFIELD ST S & ISLAND HWY E,CORFIELD ST N,CORFIELD ST N,12:00-14:59,1,0
N,PROPERTY DAMAGE ONLY,ISLAND HWY N,N,2023,MONDAY,CONFLICTED,N,Y,49.224263,-124.03734,N,MARCH,N,NANAIMO,NANAIMO,NANAIMO,N,N,N,VANCOUVER ISLAND,ISLAND HWY N & TURNER RD & TURNING LANE,TURNER RD,TURNER RD,12:00-14:59,1,0
N,PROPERTY DAMAGE ONLY,JINGLE POT RD,N,2023,MONDAY,REAR END,N,Y,49.16875,-123.982077,N,MARCH,N,NANAIMO,NANAIMO,NANAIMO,N,N,N,VANCOUVER ISLAND,JINGLE POT RD & JINGLE POT RD OFFRAMP & JINGLE POT RD ONRAMP & NANAIMO PKY & PARKWAY TRAIL,HWY 19,HWY 19,12:00-14:59,1,0
N,PROPERTY DAMAGE ONLY,JOHNSTON RD,N,2023,MONDAY,REAR TO REAR,N,Y,49.258478,-124.81096,N,MARCH,N,PORT ALBERNI,PORT ALBERNI,PORT ALBERNI,N,N,N,VANCOUVER ISLAND,GERTRUDE ST & JOHNSTON RD,GERTRUDE ST,GERTRUDE ST,12:00-14:59,1,0
N,PROPERTY DAMAGE ONLY,JUTLAND RD,N,2023,MONDAY,SIDE IMPACT,N,Y,48.4419,-123.376606,N,MARCH,N,VICTORIA,VICTORIA,VICTORIA,N,N,N,VANCOUVER ISLAND,GORGE RD E & JUTLAND RD & TURNING LANE,GORGE RD E,GORGE RD E,12:00-14:59,1,0
N,PROPERTY DAMAGE ONLY,KALUM ST,N,2023,MONDAY,SIDE IMPACT,N,N,\N,\N,N,MARCH,N,TERRACE,TERRACE,\N,N,N,N,NORTH CENTRAL,UNKNOWN,HWY 16,HWY 16,12:00-14:59,1,0
N,PROPERTY DAMAGE ONLY,KEATING CROSS RD,N,2023,MONDAY,SIDE IMPACT,N,Y,48.565136,-123.403538,N,MARCH,N,CENTRAL SAANICH,CENTRAL SAANICH,CENTRAL SAANICH,N,N,N,VANCOUVER ISLAND,CENTRAL SAANICH RD & KEATING CROSS RD,CENTRAL SAANICH RD,CENTRAL SAANICH RD,12:00-14:59,1,0
N,PROPERTY DAMAGE ONLY,KING GEORGE BLVD,N,2023,MONDAY,REAR END,N,Y,49.104511,-122.831256,N,MARCH,N,SURREY,SURREY,SURREY,N,N,N,LOWER MAINLAND,56 AVE & 58 AVE & KING GEORGE BLVD & TURNING LANE,56 AVE,56 AVE,12:00-14:59,1,0
N,PROPERTY DAMAGE ONLY,KING GEORGE BLVD,N,2023,MONDAY,REAR END,N,Y,49.119042,-122.845493,N,MARCH,N,SURREY,SURREY,SURREY,N,N,N,LOWER MAINLAND,64 AVE & KING GEORGE BLVD & TURNING LANE,64 AVE,64 AVE,12:00-14:59,1,0
N,PROPERTY DAMAGE ONLY,KING GEORGE BLVD,N,2023,MONDAY,UNDETERMINED,N,Y,49.162742,-122.845798,N,MARCH,N,SURREY,SURREY,SURREY,N,N,N,LOWER MAINLAND,88 AVE & KING GEORGE BLVD & TURNING LANE,88 AVE,88 AVE,12:00-14:59,1,0
N,PROPERTY DAMAGE ONLY,KINGSWAY,N,2023,MONDAY,REAR END,N,Y,49.218316,-122.951539,N,MARCH,N,BURNABY,BURNABY,BURNABY,N,N,N,LOWER MAINLAND,EDMONDS ST & KINGSWAY & TURNING LANE,EDMONDS ST,EDMONDS ST,12:00-14:59,1,0
N,PROPERTY DAMAGE ONLY,KINGSWAY,N,2023,MONDAY,REAR END,N,Y,49.235939,-123.042334,N,MARCH,N,VANCOUVER,VANCOUVER,VANCOUVER,N,N,N,LOWER MAINLAND,KINGSWAY & RUPERT ST,RUPERT ST,RUPERT ST,12:00-14:59,1,0
N,PROPERTY DAMAGE ONLY,KINGSWAY,N,2023,MONDAY,SIDE IMPACT,N,Y,49.230223,-123.004835,N,MARCH,N,BURNABY,BURNABY,BURNABY,N,Y,N,LOWER MAINLAND,KINGSWAY & WILLINGDON AVE & TURNING LANE,WILLINGDON AVE,WILLINGDON AVE,12:00-14:59,1,0
N,PROPERTY DAMAGE ONLY,KINGSWAY,N,2023,MONDAY,UNDETERMINED,N,Y,49.232751,-123.017035,N,MARCH,N,BURNABY,BURNABY,BURNABY,Y,N,N,LOWER MAINLAND,JERSEY AVE & KINGSWAY,JERSEY AVE,JERSEY AVE,12:00-14:59,1,0
N,PROPERTY DAMAGE ONLY,KLO RD,N,2023,MONDAY,SIDE IMPACT,N,Y,49.861989,-119.491229,N,MARCH,N,KELOWNA,KELOWNA,KELOWNA,N,N,N,SOUTHERN INTERIOR,CEDAR AVE & KLO RD & LAKESHORE RD & PANDOSY ST,PANDOSY ST,PANDOSY ST,12:00-14:59,1,0
N,PROPERTY DAMAGE ONLY,KNIGHT ST BRIDGE,N,2023,MONDAY,UNDETERMINED,N,Y,49.211079,-123.077129,N,MARCH,N,VANCOUVER,VANCOUVER,VANCOUVER,N,N,N,LOWER MAINLAND,KNIGHT ST & KNIGHT ST BRIDGE & SE MARINE DR & SE MARINE DR OFFRAMP & SE MARINE DR ONRAMP & BUS LANE,KNIGHT ST,KNIGHT ST,12:00-14:59,1,0
N,PROPERTY DAMAGE ONLY,KWANTLEN ST,N,2023,MONDAY,REAR END,N,Y,49.17383,-123.128682,N,MARCH,N,RICHMOND,RICHMOND,RICHMOND,N,N,N,LOWER MAINLAND,KWANTLEN ST & LANSDOWNE RD,LANSDOWNE RD,LANSDOWNE RD,12:00-14:59,1,0
N,PROPERTY DAMAGE ONLY,L AND A RD,N,2023,MONDAY,REAR END,N,Y,50.28364,-119.231128,N,MARCH,N,VERNON,VERNON,VERNON,N,N,N,SOUTHERN INTERIOR,L AND A RD & SILVER STAR RD,SILVER STAR RD,SILVER STAR RD,12:00-14:59,1,0
N,PROPERTY DAMAGE ONLY,LANSDOWNE RD,N,2023,MONDAY,REAR END,N,Y,53.888792,-122.762313,N,MARCH,N,PRINCE GEORGE,PRINCE GEORGE,PRINCE GEORGE,N,N,N,NORTH CENTRAL,FERRY AVE & LANSDOWNE RD,FERRY AVE,FERRY AVE,12:00-14:59,1,0
N,PROPERTY DAMAGE ONLY,LAUREL ST,N,2023,MONDAY,SINGLE VEHICLE,N,Y,49.264288,-123.124138,N,MARCH,N,VANCOUVER,VANCOUVER,VANCOUVER,N,N,N,LOWER MAINLAND,LAUREL ST & W 8TH AVE,W 8TH AVE,W 8TH AVE,12:00-14:59,1,0
N,PROPERTY DAMAGE ONLY,LICKMAN RD,N,2023,MONDAY,REAR END,N,Y,49.146504,-122.00694,N,MARCH,N,CHILLIWACK,CHILLIWACK,CHILLIWACK,N,N,N,LOWER MAINLAND,INDUSTRIAL WAY & LICKMAN RD & YALE RD & TURNING LANE,INDUSTRIAL WAY,INDUSTRIAL WAY,12:00-14:59,1,0
N,PROPERTY DAMAGE ONLY,LINDEN AVE,N,2023,MONDAY,SIDE SWIPE - SAME DIRECTION,N,Y,49.219203,-122.950141,N,MARCH,N,BURNABY,BURNABY,BURNABY,Y,N,N,LOWER MAINLAND,EDMONDS ST & LINDEN AVE,EDMONDS ST,EDMONDS ST,12:00-14:59,1,0
N,PROPERTY DAMAGE ONLY,LOCKYER RD,N,2023,MONDAY,SINGLE VEHICLE,N,Y,49.435112,-123.656541,N,MARCH,N,ROBERTS CREEK,ROBERTS CREEK,ROBERTS CREEK,N,N,N,LOWER MAINLAND,LOCKYER RD & TANAGER PL & PRIVATE DRIVEWAY,TANAGER PL,TANAGER PL,12:00-14:59,1,0
N,PROPERTY DAMAGE ONLY,LOUGHEED HWY,N,2023,MONDAY,CONFLICTED,N,Y,49.266408,-123.003199,N,MARCH,N,BURNABY,BURNABY,BURNABY,Y,Y,N,LOWER MAINLAND,LOUGHEED HWY & WILLINGDON AVE,WILLINGDON AVE,WILLINGDON AVE,12:00-14:59,1,0
N,PROPERTY DAMAGE ONLY,LOUGHEED HWY,N,2023,MONDAY,HEAD ON,N,Y,49.132934,-122.32613,N,MARCH,N,MISSION,MISSION,MISSION,N,N,N,LOWER MAINLAND,CEDAR VALLEY CONN & HWY 11 & LOUGHEED HWY & MALL ACCESS & TURNING LANE,CEDAR VALLEY CONNECTR,CEDAR VALLEY CONNECTR,12:00-14:59,1,0
N,PROPERTY DAMAGE ONLY,LOUGHEED HWY,N,2023,MONDAY,REAR END,N,Y,49.234459,-122.861658,N,MARCH,N,COQUITLAM,COQUITLAM,COQUITLAM,N,N,N,LOWER MAINLAND,KING EDWARD ST & LOUGHEED HWY & MALL ACCESS & TURNING LANE,KING EDWARD ST,KING EDWARD ST,12:00-14:59,1,0
N,PROPERTY DAMAGE ONLY,LOUGHEED HWY,N,2023,MONDAY,SIDE SWIPE - SAME DIRECTION,N,Y,49.266065,-123.014346,N,MARCH,N,BURNABY,BURNABY,BURNABY,N,N,N,LOWER MAINLAND,GILMORE AVE & LOUGHEED HWY & TURNING LANE,GILMORE AVE,GILMORE AVE,12:00-14:59,1,0
N,PROPERTY DAMAGE ONLY,LYNN VALLEY RD,N,2023,MONDAY,REAR END,N,Y,49.337044,-123.038214,N,MARCH,N,NORTH VANCOUVER,NORTH VANCOUVER,NORTH VANCOUVER,N,N,N,LOWER MAINLAND,LYNN VALLEY RD & MOUNTAIN HWY & TURNING LANE & UNNAMED LANE,MOUNTAIN HWY,MOUNTAIN HWY,12:00-14:59,1,0
N,PROPERTY DAMAGE ONLY,MAIN ST,N,2023,MONDAY,SIDE SWIPE - SAME DIRECTION,N,Y,49.211099,-123.102224,N,MARCH,N,VANCOUVER,VANCOUVER,VANCOUVER,N,N,N,LOWER MAINLAND,MAIN ST & SE MARINE DR,SE MARINE DR,SE MARINE DR,12:00-14:59,1,0
N,PROPERTY DAMAGE ONLY,MALL ACCESS,N,2023,MONDAY,REAR END,N,N,\N,\N,N,MARCH,N,DELTA,DELTA,\N,N,N,N,LOWER MAINLAND,UNKNOWN,CANOE PASS WAY,CANOE PASS WAY,12:00-14:59,1,0
N,PROPERTY DAMAGE ONLY,MALL ACCESS,N,2023,MONDAY,SIDE IMPACT,N,Y,49.1189,-122.657098,N,MARCH,N,LANGLEY,LANGLEY,LANGLEY,N,N,N,LOWER MAINLAND,64 AVE & MALL ACCESS,64 AVE,64 AVE,12:00-14:59,1,0
N,PROPERTY DAMAGE ONLY,MANITOBA ST,N,2023,MONDAY,SINGLE VEHICLE,Y,Y,49.269277,-123.106627,N,MARCH,N,VANCOUVER,VANCOUVER,VANCOUVER,N,N,N,LOWER MAINLAND,MANITOBA ST & W 2ND AVE,W 2ND AVE,W 2ND AVE,12:00-14:59,1,0
N,PROPERTY DAMAGE ONLY,MAPLE ST,N,2023,MONDAY,SIDE SWIPE - OPPOSITE DIRECTION,N,Y,49.268989,-123.150354,N,MARCH,N,VANCOUVER,VANCOUVER,VANCOUVER,N,N,N,LOWER MAINLAND,MAPLE ST & W 3RD AVE,W 3RD AVE,W 3RD AVE,12:00-14:59,1,0
N,PROPERTY DAMAGE ONLY,MARGUERITE ST,N,2023,MONDAY,HEAD ON,N,Y,49.234413,-123.144722,N,MARCH,N,VANCOUVER,VANCOUVER,VANCOUVER,Y,N,N,LOWER MAINLAND,MARGUERITE ST & W 41ST AVE,W 41ST AVE,W 41ST AVE,12:00-14:59,1,0
N,PROPERTY DAMAGE ONLY,MARSHALL RD,N,2023,MONDAY,UNDETERMINED,N,Y,49.049493,-122.227657,N,MARCH,N,ABBOTSFORD,ABBOTSFORD,ABBOTSFORD,Y,Y,N,LOWER MAINLAND,MARSHALL RD & WHATCOM RD,WHATCOM RD,WHATCOM RD,12:00-14:59,1,0
N,PROPERTY DAMAGE ONLY,MCBRIDE BLVD,N,2023,MONDAY,REAR END,N,Y,49.211366,-122.900283,N,MARCH,N,NEW WESTMINSTER,NEW WESTMINSTER,NEW WESTMINSTER,N,N,N,LOWER MAINLAND,BUSHBY ST & COLUMBIA ST & E COLUMBIA ST & E ROYAL AVE & HWY 1A & LEOPOLD PL & MCBRIDE BLVD & ROYAL AVE & HIGHWAY RAMP,ROYAL AVE,ROYAL AVE,12:00-14:59,1,0
N,PROPERTY DAMAGE ONLY,MCCALLUM RD,N,2023,MONDAY,REAR TO REAR,N,Y,49.046593,-122.29352,N,MARCH,N,ABBOTSFORD,ABBOTSFORD,ABBOTSFORD,Y,Y,N,LOWER MAINLAND,BRAUN AVE & HOMEVIEW ST & MCCALLUM RD,HOMEVIEW ST,HOMEVIEW ST,12:00-14:59,1,0
N,PROPERTY DAMAGE ONLY,MCKAY AVE,N,2023,MONDAY,REAR END,N,Y,49.230842,-123.001161,N,MARCH,N,BURNABY,BURNABY,BURNABY,N,N,N,LOWER MAINLAND,GRANGE ST & MCKAY AVE,GRANGE ST,GRANGE ST,12:00-14:59,1,0
N,PROPERTY DAMAGE ONLY,MCKENZIE ST,N,2023,MONDAY,REAR END,N,Y,49.202665,-122.908869,N,MARCH,N,NEW WESTMINSTER,NEW WESTMINSTER,NEW WESTMINSTER,N,N,N,LOWER MAINLAND,COLUMBIA ST & MCKENZIE ST,COLUMBIA ST,COLUMBIA ST,12:00-14:59,1,0
N,PROPERTY DAMAGE ONLY,METRAL DR,N,2023,MONDAY,SIDE IMPACT,N,Y,49.234345,-124.046741,N,MARCH,N,NANAIMO,NANAIMO,NANAIMO,N,Y,N,VANCOUVER ISLAND,AULDS RD & METRAL DR,AULDS RD,AULDS RD,12:00-14:59,1,0
N,PROPERTY DAMAGE ONLY,MOSS ST,N,2023,MONDAY,SIDE IMPACT,N,Y,48.411385,-123.349777,N,MARCH,N,VICTORIA,VICTORIA,VICTORIA,Y,N,N,VANCOUVER ISLAND,MAY ST & MOSS ST,MAY ST,MAY ST,12:00-14:59,1,0
N,PROPERTY DAMAGE ONLY,NANAIMO ST,N,2023,MONDAY,SINGLE VEHICLE,N,Y,49.282995,-123.056534,N,MARCH,N,VANCOUVER,VANCOUVER,VANCOUVER,N,N,N,LOWER MAINLAND,NANAIMO ST & PANDORA ST,PANDORA ST,PANDORA ST,12:00-14:59,1,0
N,PROPERTY DAMAGE ONLY,NANAIMO ST,N,2023,MONDAY,UNDETERMINED,N,Y,49.269481,-123.056605,N,MARCH,N,VANCOUVER,VANCOUVER,VANCOUVER,N,N,N,LOWER MAINLAND,E 1ST AVE & NANAIMO ST,E 1ST AVE,E 1ST AVE,12:00-14:59,1,0
N,PROPERTY DAMAGE ONLY,NANTON AVE,N,2023,MONDAY,UNDETERMINED,Y,Y,49.247416,-123.139168,N,MARCH,N,VANCOUVER,VANCOUVER,VANCOUVER,N,N,N,LOWER MAINLAND,GRANVILLE ST & NANTON AVE,GRANVILLE ST,GRANVILLE ST,12:00-14:59,1,0
N,PROPERTY DAMAGE ONLY,NAPIER ST,N,2023,MONDAY,SIDE IMPACT,N,Y,49.274804,-123.059865,N,MARCH,N,VANCOUVER,VANCOUVER,VANCOUVER,Y,N,N,LOWER MAINLAND,NAPIER ST & TEMPLETON DR,TEMPLETON DR,TEMPLETON DR,12:00-14:59,1,0
N,PROPERTY DAMAGE ONLY,NELSON AVE,N,2023,MONDAY,REAR END,N,Y,49.226885,-122.994223,N,MARCH,N,BURNABY,BURNABY,BURNABY,N,N,N,LOWER MAINLAND,KINGSWAY & NELSON AVE & NEWTON ST & TURNING LANE,KINGSWAY,KINGSWAY,12:00-14:59,1,0
N,PROPERTY DAMAGE ONLY,NICHOLSON ST,N,2023,MONDAY,SIDE SWIPE - SAME DIRECTION,N,Y,53.910265,-122.786938,N,MARCH,N,PRINCE GEORGE,PRINCE GEORGE,PRINCE GEORGE,N,N,N,NORTH CENTRAL,15TH AVE & NICHOLSON ST,15TH AVE,15TH AVE,12:00-14:59,1,0
N,PROPERTY DAMAGE ONLY,NO 4 RD,N,2023,MONDAY,UNDETERMINED,N,Y,49.177286,-123.114002,N,MARCH,N,RICHMOND,RICHMOND,RICHMOND,N,N,N,LOWER MAINLAND,ALDERBRIDGE WAY & NO 4 RD & TURNING LANE,ALDERBRIDGE WAY,ALDERBRIDGE WAY,12:00-14:59,1,0
N,PROPERTY DAMAGE ONLY,NO 5 RD,N,2023,MONDAY,REAR END,N,Y,49.191975,-123.09148,N,MARCH,N,RICHMOND,RICHMOND,RICHMOND,N,N,N,LOWER MAINLAND,BRIDGEPORT RD & NO 5 RD,BRIDGEPORT RD,BRIDGEPORT RD,12:00-14:59,1,0
N,PROPERTY DAMAGE ONLY,NORTH TAYLOR HILL,N,2023,MONDAY,UNDETERMINED,Y,N,\N,\N,N,MARCH,N,FORT ST. JOHN,FORT ST. JOHN,\N,N,N,N,NORTH CENTRAL,UNKNOWN,HWY 97,HWY 97,12:00-14:59,1,0
N,PROPERTY DAMAGE ONLY,NOTRE DAME DR,N,2023,MONDAY,SIDE IMPACT,N,Y,50.66277,-120.370629,N,MARCH,N,KAMLOOPS,KAMLOOPS,KAMLOOPS,N,N,N,SOUTHERN INTERIOR,HILLSIDE DR & NOTRE DAME DR & TURNING LANE,HILLSIDE DR,HILLSIDE DR,12:00-14:59,1,0
N,PROPERTY DAMAGE ONLY,OAK ST,N,2023,MONDAY,REAR END,N,Y,49.249237,-123.127511,N,MARCH,N,VANCOUVER,VANCOUVER,VANCOUVER,N,N,N,LOWER MAINLAND,OAK ST & W KING EDWARD AVE,W KING EDWARD AVE,W KING EDWARD AVE,12:00-14:59,1,0
N,PROPERTY DAMAGE ONLY,OLD LAKELSE LAKE DR,N,2023,MONDAY,SIDE IMPACT,N,Y,54.5051,-128.515434,N,MARCH,N,THORNHILL,THORNHILL,THORNHILL,N,N,N,NORTH CENTRAL,OLD LAKELSE LAKE DR & THORNHILL ST,THORNHILL ST,THORNHILL ST,12:00-14:59,1,0
N,PROPERTY DAMAGE ONLY,OTTAWA ST,N,2023,MONDAY,CONFLICTED,N,Y,49.255475,-122.747715,N,MARCH,N,PORT COQUITLAM,PORT COQUITLAM,PORT COQUITLAM,N,Y,N,LOWER MAINLAND,LOUGHEED HWY & OTTAWA ST & TURNING LANE,LOUGHEED HWY,LOUGHEED HWY,12:00-14:59,1,0
N,PROPERTY DAMAGE ONLY,PACIFIC ST,N,2023,MONDAY,SIDE IMPACT,N,Y,49.282715,-122.798832,N,MARCH,N,COQUITLAM,COQUITLAM,COQUITLAM,N,Y,N,LOWER MAINLAND,GLEN DR & PACIFIC ST,GLEN DR,GLEN DR,12:00-14:59,1,0
N,PROPERTY DAMAGE ONLY,PITT RIVER RD,N,2023,MONDAY,CONFLICTED,N,Y,49.250608,-122.801299,N,MARCH,N,COQUITLAM,COQUITLAM,COQUITLAM,N,N,N,LOWER MAINLAND,LOUGHEED HWY & PITT RIVER RD,LOUGHEED HWY,LOUGHEED HWY,12:00-14:59,1,0
N,PROPERTY DAMAGE ONLY,PITT RIVER RD,N,2023,MONDAY,SINGLE VEHICLE,N,Y,49.250608,-122.801299,N,MARCH,N,COQUITLAM,COQUITLAM,COQUITLAM,N,N,N,LOWER MAINLAND,LOUGHEED HWY & PITT RIVER RD,LOUGHEED HWY,LOUGHEED HWY,12:00-14:59,1,0
N,PROPERTY DAMAGE ONLY,PORT MANN BRIDGE,N,2023,MONDAY,UNDETERMINED,N,Y,49.211315,-122.808608,N,MARCH,N,SURREY,SURREY,SURREY,N,N,N,LOWER MAINLAND,PORT MANN BRIDGE & PORT MANN EAST SERVICE RD & TRANS-CANADA HWY,HWY 1,HWY 1,12:00-14:59,1,0
N,PROPERTY DAMAGE ONLY,PROSPECT LAKE RD,N,2023,MONDAY,REAR END,N,Y,48.523955,-123.431168,N,MARCH,N,SAANICH,SAANICH,SAANICH,Y,Y,N,VANCOUVER ISLAND,INTERURBAN RD & PROSPECT LAKE RD & SPARTON RD & WEST SAANICH RD & TURNING LANE,WEST SAANICH RD,WEST SAANICH RD,12:00-14:59,1,0
N,PROPERTY DAMAGE ONLY,QUEENSBOROUGH BRIDGE,N,2023,MONDAY,SIDE SWIPE - SAME DIRECTION,Y,Y,49.197808,-122.948705,N,MARCH,N,BURNABY,BURNABY,BURNABY & NEW WESTMINSTER,N,N,N,LOWER MAINLAND,HWY 91A & MARINE WAY & MARINE WAY OFFRAMP & MARINE WAY ONRAMP & QUEENSBOROUGH BRIDGE & SIXTH AVE OFFRAMP & SIXTH AVE ONRAMP & STEWARDSON WAY & STEWARDSON WAY OFFRAMP & STEWARDSON WAY ONRAMP & TWENTY-THIRD ST & EMERGENCY LANE,HWY 91A,HWY 91A,12:00-14:59,1,0
N,PROPERTY DAMAGE ONLY,RAVEN RD,N,2023,MONDAY,SIDE IMPACT,N,N,\N,\N,N,MARCH,N,LANTZVILLE,LANTZVILLE,\N,N,N,N,VANCOUVER ISLAND,UNKNOWN,BEAR ST,BEAR ST,12:00-14:59,1,0
N,PROPERTY DAMAGE ONLY,RICHMOND ST,N,2023,MONDAY,SIDE SWIPE - OPPOSITE DIRECTION,N,Y,49.223718,-122.898697,N,MARCH,N,NEW WESTMINSTER,NEW WESTMINSTER,NEW WESTMINSTER,N,N,N,LOWER MAINLAND,ALBERTA ST & RICHMOND ST,ALBERTA ST,ALBERTA ST,12:00-14:59,1,0
N,PROPERTY DAMAGE ONLY,RIDGEWAY AVE,N,2023,MONDAY,SIDE IMPACT,N,Y,49.31358,-123.063189,N,MARCH,N,NORTH VANCOUVER,NORTH VANCOUVER,NORTH VANCOUVER,Y,N,N,LOWER MAINLAND,E KEITH RD & RIDGEWAY AVE,E KEITH RD,E KEITH RD,12:00-14:59,1,0
N,PROPERTY DAMAGE ONLY,SCOTT RD,N,2023,MONDAY,SIDE SWIPE - SAME DIRECTION,N,Y,49.162019,-122.890338,N,MARCH,N,DELTA,DELTA,DELTA & SURREY,N,N,N,LOWER MAINLAND,120 ST & NORDEL WAY,NORDEL WAY,NORDEL WAY,12:00-14:59,1,0
N,PROPERTY DAMAGE ONLY,SEVENTH ST,N,2023,MONDAY,REAR END,N,Y,49.147548,-123.949632,N,MARCH,N,NANAIMO,NANAIMO,NANAIMO,N,N,N,VANCOUVER ISLAND,BRUCE AVE & SEVENTH ST,BRUCE AVE,BRUCE AVE,12:00-14:59,1,0
N,PROPERTY DAMAGE ONLY,SHAUGHNESSY ST,N,2023,MONDAY,REAR END,N,Y,49.267482,-122.77645,N,MARCH,N,PORT COQUITLAM,PORT COQUITLAM,PORT COQUITLAM,N,N,N,LOWER MAINLAND,LOUGHEED HWY & SHAUGHNESSY ST & TURNING LANE,LOUGHEED HWY,LOUGHEED HWY,12:00-14:59,1,0
N,PROPERTY DAMAGE ONLY,SMITHE ST,N,2023,MONDAY,SIDE IMPACT,N,Y,49.277167,-123.116587,N,MARCH,N,VANCOUVER,VANCOUVER,VANCOUVER,N,N,N,LOWER MAINLAND,CAMBIE ST & SMITHE ST,CAMBIE ST,CAMBIE ST,12:00-14:59,1,0
N,PROPERTY DAMAGE ONLY,SOUTH FRASER PERIMETER RD,N,2023,MONDAY,SIDE IMPACT,N,Y,49.201839,-122.887817,N,MARCH,N,SURREY,SURREY,SURREY,N,N,N,LOWER MAINLAND,BRIDGE RD & HWY 17 & OLD YALE RD,OLD YALE RD,OLD YALE RD,12:00-14:59,1,0
N,PROPERTY DAMAGE ONLY,SUNDAY SUMMIT FRST SERVICE RD,N,2023,MONDAY,SINGLE VEHICLE,N,N,\N,\N,N,MARCH,N,MANNING PARK,MANNING PARK,\N,N,N,N,SOUTHERN INTERIOR,UNKNOWN,HWY 3,HWY 3,12:00-14:59,1,0
N,PROPERTY DAMAGE ONLY,TED NORTHE LANE,N,2023,MONDAY,SIDE IMPACT,N,Y,49.288705,-123.136506,N,MARCH,N,VANCOUVER,VANCOUVER,VANCOUVER,Y,N,N,LOWER MAINLAND,BIDWELL ST & TED NORTHE LANE,BIDWELL ST,BIDWELL ST,12:00-14:59,1,0
N,PROPERTY DAMAGE ONLY,TRANS-CANADA HWY,N,2023,MONDAY,SIDE IMPACT,N,Y,48.78125,-123.698856,N,MARCH,N,DUNCAN,DUNCAN,DUNCAN,N,Y,N,VANCOUVER ISLAND,ALEXANDER ST & TRANS-CANADA HWY & YORK RD,YORK RD,YORK RD,12:00-14:59,1,0
N,PROPERTY DAMAGE ONLY,TWELFTH ST,N,2023,MONDAY,SIDE IMPACT,N,Y,49.208276,-122.931345,N,MARCH,N,NEW WESTMINSTER,NEW WESTMINSTER,NEW WESTMINSTER,N,N,N,LOWER MAINLAND,NANAIMO ST & TWELFTH ST,NANAIMO ST,NANAIMO ST,12:00-14:59,1,0
N,PROPERTY DAMAGE ONLY,UNDERWOOD ST,N,2023,MONDAY,SIDE SWIPE - SAME DIRECTION,N,Y,48.776844,-123.707438,N,MARCH,N,DUNCAN,DUNCAN,DUNCAN,N,N,N,VANCOUVER ISLAND,GOVERNMENT ST & TRUNK RD & UNDERWOOD ST & TURNING LANE,GOVERNMENT ST,GOVERNMENT ST,12:00-14:59,1,0
N,PROPERTY DAMAGE ONLY,UNKNOWN,N,2023,MONDAY,SIDE IMPACT,N,N,\N,\N,N,MARCH,N,PORT COQUITLAM,PORT COQUITLAM,\N,N,N,N,LOWER MAINLAND,UNKNOWN,KINGSWAY AVE,KINGSWAY AVE,12:00-14:59,1,0
N,PROPERTY DAMAGE ONLY,VENABLES ST,N,2023,MONDAY,SIDE SWIPE - SAME DIRECTION,N,Y,49.276759,-123.077265,N,MARCH,N,VANCOUVER,VANCOUVER,VANCOUVER,N,N,N,LOWER MAINLAND,CLARK DR & VENABLES ST,CLARK DR,CLARK DR,12:00-14:59,1,0
N,PROPERTY DAMAGE ONLY,VINE STREET,N,2023,MONDAY,UNDETERMINED,N,N,\N,\N,N,MARCH,N,VANCOUVER,VANCOUVER,\N,Y,Y,N,LOWER MAINLAND,UNKNOWN,3562 WEST 1ST AVENUE,3562 WEST 1ST AVENUE,12:00-14:59,1,0
N,PROPERTY DAMAGE ONLY,W 12TH AVE,N,2023,MONDAY,UNDETERMINED,N,Y,49.260572,-123.125443,N,MARCH,N,VANCOUVER,VANCOUVER,VANCOUVER,N,Y,N,LOWER MAINLAND,LAUREL ST & W 12TH AVE & EMERGENCY LANE,LAUREL ST,LAUREL ST,12:00-14:59,1,0
N,PROPERTY DAMAGE ONLY,W 15TH ST,N,2023,MONDAY,SIDE IMPACT,N,Y,49.322016,-123.104963,N,MARCH,N,NORTH VANCOUVER,NORTH VANCOUVER,NORTH VANCOUVER,N,N,N,LOWER MAINLAND,LLOYD AVE & ROOSEVELT CRES & W 15TH ST,LLOYD AVE,LLOYD AVE,12:00-14:59,1,0
N,PROPERTY DAMAGE ONLY,W 16TH AVE,N,2023,MONDAY,SIDE SWIPE - SAME DIRECTION,Y,Y,49.256905,-123.115083,N,MARCH,N,VANCOUVER,VANCOUVER,VANCOUVER,N,N,N,LOWER MAINLAND,CAMBIE ST & W 16TH AVE,CAMBIE ST,CAMBIE ST,12:00-14:59,1,0
N,PROPERTY DAMAGE ONLY,W 4TH AVE,N,2023,MONDAY,CONFLICTED,N,Y,49.268607,-123.185686,N,MARCH,N,VANCOUVER,VANCOUVER,VANCOUVER,N,N,N,LOWER MAINLAND,ALMA ST & W 4TH AVE,ALMA ST,ALMA ST,12:00-14:59,1,0
N,PROPERTY DAMAGE ONLY,W 63RD AVE,N,2023,MONDAY,UNDETERMINED,N,Y,49.213204,-123.117009,N,MARCH,N,VANCOUVER,VANCOUVER,VANCOUVER,N,N,N,LOWER MAINLAND,CAMBIE ST & W 63RD AVE,CAMBIE ST,CAMBIE ST,12:00-14:59,1,0
N,PROPERTY DAMAGE ONLY,W BROADWAY,N,2023,MONDAY,CONFLICTED,N,Y,49.263145,-123.110952,N,MARCH,N,VANCOUVER,VANCOUVER,VANCOUVER,Y,N,N,LOWER MAINLAND,ALBERTA ST & W BROADWAY,ALBERTA ST,ALBERTA ST,12:00-14:59,1,0
N,PROPERTY DAMAGE ONLY,W QUEENS RD,N,2023,MONDAY,SIDE IMPACT,N,Y,49.336565,-123.088076,N,MARCH,N,NORTH VANCOUVER,NORTH VANCOUVER,NORTH VANCOUVER,Y,N,N,LOWER MAINLAND,DELBROOK AVE & W QUEENS RD & WESTVIEW DR,DELBROOK AVE,DELBROOK AVE,12:00-14:59,1,0
N,PROPERTY DAMAGE ONLY,WEST MALL,N,2023,MONDAY,REAR END,N,Y,49.26401,-123.255027,N,MARCH,N,UBC,UBC,UBC,N,N,N,LOWER MAINLAND,UNIVERSITY BLVD & WEST MALL,UNIVERSITY BLVD,UNIVERSITY BLVD,12:00-14:59,1,0
N,PROPERTY DAMAGE ONLY,WESTVIEW DR,N,2023,MONDAY,REAR END,N,Y,49.33199,-123.088135,N,MARCH,N,NORTH VANCOUVER,NORTH VANCOUVER,NORTH VANCOUVER,N,N,N,LOWER MAINLAND,MOSQUITO CREEK BRIDGE & TRANS-CANADA HWY & WESTVIEW DR & WESTVIEW DR OFFRAMP & WESTVIEW DR ONRAMP & TURNING LANE,HWY 1,HWY 1,12:00-14:59,1,0
N,PROPERTY DAMAGE ONLY,WESTWOOD ST,N,2023,MONDAY,REAR END,N,Y,49.265127,-122.79073,N,MARCH,N,COQUITLAM,COQUITLAM,COQUITLAM & PORT COQUITLAM,N,N,N,LOWER MAINLAND,KINGSWAY AVE & WESTWOOD ST & TURNING LANE,KINGSWAY AVE,KINGSWAY AVE,12:00-14:59,1,0
N,PROPERTY DAMAGE ONLY,WESTWOOD ST,N,2023,MONDAY,SIDE SWIPE - SAME DIRECTION,N,Y,49.27352,-122.790547,N,MARCH,N,COQUITLAM,COQUITLAM,COQUITLAM & PORT COQUITLAM,N,N,N,LOWER MAINLAND,LOUGHEED HWY & WESTWOOD ST & TURNING LANE,LOUGHEED HWY,LOUGHEED HWY,12:00-14:59,1,0
N,PROPERTY DAMAGE ONLY,WHATCOM RD,N,2023,MONDAY,SIDE IMPACT,Y,Y,49.038989,-122.219833,N,MARCH,N,ABBOTSFORD,ABBOTSFORD,ABBOTSFORD,N,N,N,LOWER MAINLAND,TRANS-CANADA HWY & WHATCOM RD & WHATCOM RD OFFRAMP & WHATCOM RD ONRAMP,HWY 1,HWY 1,12:00-14:59,1,0
N,PROPERTY DAMAGE ONLY,WHATCOM RD,N,2023,MONDAY,UNDETERMINED,N,Y,49.038989,-122.219833,N,MARCH,N,ABBOTSFORD,ABBOTSFORD,ABBOTSFORD,N,N,N,LOWER MAINLAND,TRANS-CANADA HWY & WHATCOM RD & WHATCOM RD OFFRAMP & WHATCOM RD ONRAMP,HWY 1,HWY 1,12:00-14:59,1,0
N,PROPERTY DAMAGE ONLY,WILLIAMS ST,N,2023,MONDAY,SINGLE VEHICLE,N,Y,49.178059,-121.946495,N,MARCH,N,CHILLIWACK,CHILLIWACK,CHILLIWACK,N,N,N,LOWER MAINLAND,PORTAGE AVE & WILLIAMS ST,PORTAGE AVE,PORTAGE AVE,12:00-14:59,1,0
N,PROPERTY DAMAGE ONLY,WILLINGDON AVE,N,2023,MONDAY,REAR END,N,Y,49.261823,-123.003369,N,MARCH,N,BURNABY,BURNABY,BURNABY,N,N,N,LOWER MAINLAND,STILL CREEK DR & WILLINGDON AVE,STILL CREEK DR,STILL CREEK DR,12:00-14:59,1,0
N,PROPERTY DAMAGE ONLY,WILLINGDON AVE,N,2023,MONDAY,SIDE IMPACT,N,Y,49.228783,-123.006355,N,MARCH,N,BURNABY,BURNABY,BURNABY,N,N,N,LOWER MAINLAND,KINGSBOROUGH ST & WILLINGDON AVE,KINGSBOROUGH ST,KINGSBOROUGH ST,12:00-14:59,1,0
N,PROPERTY DAMAGE ONLY,YALE RD,N,2023,MONDAY,REAR END,N,Y,49.166369,-121.958703,N,MARCH,N,CHILLIWACK,CHILLIWACK,CHILLIWACK,N,N,N,LOWER MAINLAND,CHEAM AVE & HODGINS AVE & YALE RD,CHEAM AVE,CHEAM AVE,12:00-14:59,1,0
N,PROPERTY DAMAGE ONLY,YALE RD,N,2023,MONDAY,SIDE IMPACT,N,Y,49.145179,-121.977627,N,MARCH,N,CHILLIWACK,CHILLIWACK,CHILLIWACK,N,N,N,LOWER MAINLAND,EVANS RD & YALE RD,EVANS RD,EVANS RD,12:00-14:59,1,0
Y,PROPERTY DAMAGE ONLY,\N,N,2023,MONDAY,SINGLE VEHICLE,N,N,\N,\N,N,MARCH,N,100 MILE HOUSE,100 MILE HOUSE,\N,N,N,N,NORTH CENTRAL,UNKNOWN,CANIM-HENDRIX LAKE RD,CANIM-HENDRIX LAKE RD,12:00-14:59,1,0
Y,PROPERTY DAMAGE ONLY,\N,N,2023,MONDAY,SINGLE VEHICLE,N,N,\N,\N,N,MARCH,N,COURTENAY,COURTENAY,\N,N,N,N,VANCOUVER ISLAND,UNKNOWN,SPINDRIFT RD,SPINDRIFT RD,12:00-14:59,1,0
Y,PROPERTY DAMAGE ONLY,\N,N,2023,MONDAY,SINGLE VEHICLE,N,N,\N,\N,N,MARCH,N,KAMLOOPS,KAMLOOPS,\N,N,N,N,SOUTHERN INTERIOR,UNKNOWN,HWY 5,HWY 5,12:00-14:59,1,0
Y,PROPERTY DAMAGE ONLY,MAIN ST,N,2023,MONDAY,SINGLE VEHICLE,N,Y,49.272815,-123.100019,N,MARCH,N,VANCOUVER,VANCOUVER,VANCOUVER,N,N,N,LOWER MAINLAND,MAIN ST & TERMINAL AVE,TERMINAL AVE,TERMINAL AVE,12:00-14:59,1,0
Y,PROPERTY DAMAGE ONLY,STIRTON RD,N,2023,MONDAY,SINGLE VEHICLE,N,Y,49.62905,-115.9324,N,MARCH,N,KIMBERLEY,KIMBERLEY,KIMBERLEY,N,N,N,SOUTHERN INTERIOR,HWY 95A & STIRTON RD,HWY 95A,HWY 95A,12:00-14:59,1,0
