ANIMAL_FLAG,CRASH_SEVERITY,CROSS_STREET_FULL_NAME,CYCLIST_FLAG,DATE_OF_LOSS_YEAR,DAY_OF_WEEK,DERIVED_CRASH_CONFIGURATION,HEAVY_VEH_FLAG,INTERSECTION_CRASH,LATITUDE,LONGITUDE,MID_BLOCK_CRASH,MONTH_OF_YEAR,MOTORCYCLE_FLAG,Municipality Name (ifnull),MUNICIPALITY_NAME,MUNICIPALITY_WITH_BOUNDARY,PARKED_VEHICLE_FLAG,PARKING_LOT_FLAG,PEDESTRIAN_FLAG,REGION,ROAD_LOCATION_DESCRIPTION,Street Full Name (ifnull),STREET_FULL_NAME,TIME_CATEGORY,TOTAL_CRASHES,TOTAL_VICTIMS
N,CASUALTY CRASH,\N,N,2025,FRIDAY,CONFLICTED,N,N,\N,\N,N,MAY,N,OSOYOOS,OSOYOOS,\N,N,N,N,SOUTHERN INTERIOR,UNKNOWN,HWY 97,HWY 97,12:00-14:59,1,1
N,CASUALTY CRASH,\N,N,2025,FRIDAY,CONFLICTED,N,N,48.44492,-123.335218,Y,MAY,N,VICTORIA,VICTORIA,VICTORIA,N,Y,N,VANCOUVER ISLAND,HILLSIDE AVE # 001600 TO 001629,HILLSIDE AVE,HILLSIDE AVE,12:00-14:59,1,1
N,CASUALTY CRASH,\N,N,2025,FRIDAY,CONFLICTED,N,N,49.035466,-119.465847,Y,MAY,N,OSOYOOS,OSOYOOS,OSOYOOS,N,Y,N,SOUTHERN INTERIOR,JONAGOLD PL # 000000 TO 000010,JONAGOLD PL,JONAGOLD PL,12:00-14:59,1,1
N,CASUALTY CRASH,\N,N,2025,FRIDAY,CONFLICTED,Y,N,\N,\N,N,MAY,N,HOPE,HOPE,\N,N,N,N,LOWER MAINLAND,UNKNOWN,HWY 3,HWY 3,12:00-14:59,1,1
N,CASUALTY CRASH,\N,N,2025,FRIDAY,REAR END,N,N,\N,\N,N,MAY,N,DELTA,DELTA,\N,N,N,N,LOWER MAINLAND,UNKNOWN,HWY 91,HWY 91,12:00-14:59,1,1
N,CASUALTY CRASH,\N,N,2025,FRIDAY,REAR END,N,N,\N,\N,N,MAY,N,PRINCE GEORGE,PRINCE GEORGE,\N,N,Y,N,NORTH CENTRAL,UNKNOWN,VICTORIA STREET,VICTORIA STREET,12:00-14:59,1,1
N,CASUALTY CRASH,\N,N,2025,FRIDAY,REAR END,N,N,49.05827,-122.381412,Y,MAY,N,ABBOTSFORD,ABBOTSFORD,ABBOTSFORD,N,N,N,LOWER MAINLAND,MT LEHMAN RD # 003086 TO 003129,MT LEHMAN RD,MT LEHMAN RD,12:00-14:59,1,1
N,CASUALTY CRASH,\N,N,2025,FRIDAY,REAR END,N,N,49.206591,-123.17074,Y,MAY,N,RICHMOND,RICHMOND,RICHMOND,N,Y,N,LOWER MAINLAND,FERGUSON RD # 005000 TO 005940,FERGUSON RD,FERGUSON RD,12:00-14:59,1,1
N,CASUALTY CRASH,\N,N,2025,FRIDAY,REAR END,N,N,49.233626,-122.85721,Y,MAY,N,COQUITLAM,COQUITLAM,COQUITLAM,N,Y,N,LOWER MAINLAND,LOUGHEED HWY # 001101 TO 001499 odd,LOUGHEED HWY,LOUGHEED HWY,12:00-14:59,1,1
N,CASUALTY CRASH,\N,N,2025,FRIDAY,REAR END,N,N,49.318896,-124.301452,Y,MAY,N,PARKSVILLE,PARKSVILLE,PARKSVILLE,N,Y,N,VANCOUVER ISLAND,ISLAND HWY E # 000350 TO 000398 even,ISLAND HWY E,ISLAND HWY E,12:00-14:59,1,1
N,CASUALTY CRASH,\N,N,2025,FRIDAY,REAR END,N,N,49.880795,-119.536579,Y,MAY,N,WEST KELOWNA,WEST KELOWNA,WEST KELOWNA,N,N,N,SOUTHERN INTERIOR,HWY 97 # 000517 TO 000561 odd,HWY 97,HWY 97,12:00-14:59,1,1
N,CASUALTY CRASH,\N,N,2025,FRIDAY,REAR TO REAR,N,N,48.449355,-123.333174,Y,MAY,N,SAANICH,SAANICH,SAANICH,N,Y,N,VANCOUVER ISLAND,SHELBOURNE ST # 003200 TO 003289,SHELBOURNE ST,SHELBOURNE ST,12:00-14:59,1,1
N,CASUALTY CRASH,\N,N,2025,FRIDAY,REAR TO REAR,N,N,49.047264,-122.779262,Y,MAY,N,SURREY,SURREY,SURREY,Y,Y,N,LOWER MAINLAND,160 ST # 002441 TO 002549 odd,160 ST,160 ST,12:00-14:59,1,1
N,CASUALTY CRASH,\N,N,2025,FRIDAY,REAR TO REAR,N,N,49.218157,-122.601678,Y,MAY,N,MAPLE RIDGE,MAPLE RIDGE,MAPLE RIDGE,N,Y,N,LOWER MAINLAND,224 ST # 011850 TO 011899,224 ST,224 ST,12:00-14:59,1,1
N,CASUALTY CRASH,\N,N,2025,FRIDAY,REAR TO REAR,N,N,49.889787,-119.389763,Y,MAY,N,KELOWNA,KELOWNA,KELOWNA,Y,Y,N,SOUTHERN INTERIOR,ROXBY RD # 000100 TO 000215,ROXBY RD,ROXBY RD,12:00-14:59,1,1
N,CASUALTY CRASH,\N,N,2025,FRIDAY,SIDE IMPACT,N,N,\N,\N,N,MAY,N,PORT ALBERNI,PORT ALBERNI,\N,N,N,N,VANCOUVER ISLAND,UNKNOWN,HWY 4,HWY 4,12:00-14:59,1,1
N,CASUALTY CRASH,\N,N,2025,FRIDAY,SIDE IMPACT,N,N,\N,\N,N,MAY,N,SURREY,SURREY,\N,N,N,N,LOWER MAINLAND,UNKNOWN,78 AVE,78 AVE,12:00-14:59,1,2
N,CASUALTY CRASH,\N,N,2025,FRIDAY,SIDE IMPACT,N,N,\N,\N,N,MAY,N,VANCOUVER,VANCOUVER,\N,N,N,N,LOWER MAINLAND,UNKNOWN,ST GEORGE ST,ST GEORGE ST,12:00-14:59,1,1
N,CASUALTY CRASH,\N,N,2025,FRIDAY,SIDE IMPACT,N,N,49.06175,-122.254645,Y,MAY,N,ABBOTSFORD,ABBOTSFORD,ABBOTSFORD,N,Y,N,LOWER MAINLAND,OLD CLAYBURN RD # 034986 TO 035111,OLD CLAYBURN RD,OLD CLAYBURN RD,12:00-14:59,1,1
N,CASUALTY CRASH,\N,N,2025,FRIDAY,SIDE IMPACT,N,N,49.110494,-122.756651,Y,MAY,N,SURREY,SURREY,SURREY,Y,N,N,LOWER MAINLAND,168 ST # 005870 TO 005999,168 ST,168 ST,12:00-14:59,1,1
N,CASUALTY CRASH,\N,N,2025,FRIDAY,SIDE SWIPE - OPPOSITE DIRECTION,N,N,49.206177,-122.617596,Y,MAY,Y,LANGLEY,LANGLEY,LANGLEY,N,Y,N,LOWER MAINLAND,ALLARD CRES # 021774 TO 021839,ALLARD CRES,ALLARD CRES,12:00-14:59,1,2
N,CASUALTY CRASH,\N,N,2025,FRIDAY,SIDE SWIPE - SAME DIRECTION,Y,N,\N,\N,N,MAY,N,COMOX,COMOX,\N,N,N,N,VANCOUVER ISLAND,UNKNOWN,GUTHRIE RD,GUTHRIE RD,12:00-14:59,1,1
N,CASUALTY CRASH,\N,N,2025,FRIDAY,SINGLE VEHICLE,N,N,\N,\N,N,MAY,N,ARGENTA,ARGENTA,\N,N,N,N,SOUTHERN INTERIOR,UNKNOWN,DUNCAN LAKE FSR,DUNCAN LAKE FSR,12:00-14:59,1,1
N,CASUALTY CRASH,\N,N,2025,FRIDAY,SINGLE VEHICLE,N,N,\N,\N,N,MAY,N,CASTLEGAR,CASTLEGAR,\N,N,N,N,SOUTHERN INTERIOR,UNKNOWN,HWY 3,HWY 3,12:00-14:59,1,1
N,CASUALTY CRASH,\N,N,2025,FRIDAY,SINGLE VEHICLE,N,N,\N,\N,N,MAY,N,HEFFLEY CREEK,HEFFLEY CREEK,\N,N,N,N,SOUTHERN INTERIOR,UNKNOWN,ORCHARD LAKE ROAD,ORCHARD LAKE ROAD,12:00-14:59,1,1
N,CASUALTY CRASH,\N,N,2025,FRIDAY,SINGLE VEHICLE,N,N,\N,\N,N,MAY,N,POPKUM,POPKUM,\N,N,N,N,LOWER MAINLAND,UNKNOWN,BRIDAL FALLS RD,BRIDAL FALLS RD,12:00-14:59,1,1
N,CASUALTY CRASH,\N,N,2025,FRIDAY,SINGLE VEHICLE,N,N,\N,\N,N,MAY,N,PRINCE GEORGE,PRINCE GEORGE,\N,N,N,N,NORTH CENTRAL,UNKNOWN,SALMON VALLEY RD,SALMON VALLEY RD,12:00-14:59,1,1
N,CASUALTY CRASH,\N,N,2025,FRIDAY,SINGLE VEHICLE,N,N,\N,\N,N,MAY,N,TATLA LAKE,TATLA LAKE,\N,N,N,N,NORTH CENTRAL,UNKNOWN,TATLAYOKO ROAD,TATLAYOKO ROAD,12:00-14:59,1,1
N,CASUALTY CRASH,\N,N,2025,FRIDAY,SINGLE VEHICLE,N,N,\N,\N,N,MAY,Y,SALMON ARM,SALMON ARM,\N,N,N,N,SOUTHERN INTERIOR,UNKNOWN,DEEP CREEK RD,DEEP CREEK RD,12:00-14:59,1,1
N,CASUALTY CRASH,\N,N,2025,FRIDAY,SINGLE VEHICLE,N,N,49.860065,-119.49121,Y,MAY,N,KELOWNA,KELOWNA,KELOWNA,N,Y,Y,SOUTHERN INTERIOR,LAKESHORE RD # 003100 TO 003289,LAKESHORE RD,LAKESHORE RD,12:00-14:59,1,1
N,CASUALTY CRASH,\N,N,2025,FRIDAY,UNDETERMINED,N,N,\N,\N,N,MAY,N,KELOWNA,KELOWNA,\N,N,N,N,SOUTHERN INTERIOR,UNKNOWN,GLENMORE ROAD,GLENMORE ROAD,12:00-14:59,1,1
N,CASUALTY CRASH,\N,N,2025,FRIDAY,UNDETERMINED,N,N,49.261809,-123.002392,Y,MAY,N,BURNABY,BURNABY,BURNABY,N,Y,N,LOWER MAINLAND,STILL CREEK DR # 004500 TO 004599,STILL CREEK DR,STILL CREEK DR,12:00-14:59,1,1
N,CASUALTY CRASH,\N,N,2025,FRIDAY,UNDETERMINED,N,N,49.263323,-122.8357,Y,MAY,N,COQUITLAM,COQUITLAM,COQUITLAM,Y,Y,N,LOWER MAINLAND,COMO LAKE AVE # 002000 TO 002150,COMO LAKE AVE,COMO LAKE AVE,12:00-14:59,1,1
N,CASUALTY CRASH,\N,N,2025,FRIDAY,UNDETERMINED,N,N,49.879602,-119.43338,Y,MAY,N,KELOWNA,KELOWNA,KELOWNA,N,N,N,SOUTHERN INTERIOR,BARON RD # 002201 TO 002310,BARON RD,BARON RD,12:00-14:59,1,1
N,CASUALTY CRASH,\N,N,2025,FRIDAY,UNDETERMINED,Y,N,49.173446,-122.948887,Y,MAY,N,DELTA,DELTA,DELTA,Y,N,N,LOWER MAINLAND,CHESTER RD # 000700 TO 000799,CHESTER RD,CHESTER RD,12:00-14:59,1,1
N,CASUALTY CRASH,\N,Y,2025,FRIDAY,SINGLE VEHICLE,N,N,\N,\N,N,MAY,N,SQUAMISH,SQUAMISH,\N,N,N,N,LOWER MAINLAND,UNKNOWN,DEPOT RD,DEPOT RD,12:00-14:59,1,1
N,CASUALTY CRASH,\N,Y,2025,FRIDAY,SINGLE VEHICLE,N,N,49.255485,-122.742182,Y,MAY,N,PORT COQUITLAM,PORT COQUITLAM,PORT COQUITLAM,N,N,N,LOWER MAINLAND,NICOLA AVE # 000900 TO 001095,NICOLA AVE,NICOLA AVE,12:00-14:59,1,1
N,CASUALTY CRASH,\N,Y,2025,FRIDAY,SINGLE VEHICLE,Y,N,49.731404,-123.104981,Y,MAY,N,SQUAMISH,SQUAMISH,SQUAMISH,N,N,N,LOWER MAINLAND,MAMQUAM RD # 002554 TO 002991,MAMQUAM RD,MAMQUAM RD,12:00-14:59,1,1
N,CASUALTY CRASH,104 AVE OFFRAMP,N,2025,FRIDAY,SINGLE VEHICLE,N,Y,49.192103,-122.777815,N,MAY,N,SURREY,SURREY,SURREY,N,N,N,LOWER MAINLAND,104 AVE & 104 AVE OFFRAMP & 104 AVE ONRAMP & 104 AVENUE FLYOVER & 160 ST & 160 ST ONRAMP & 164 ST & 164 ST OFFRAMP & HWY 1 ONRAMP & TRANS-CANADA HWY & EMERGENCY LANE & TURNING LANE,HWY 1,HWY 1,12:00-14:59,1,1
N,CASUALTY CRASH,116 AVE,N,2025,FRIDAY,REAR END,N,Y,49.213381,-122.84032,N,MAY,N,SURREY,SURREY,SURREY,N,N,N,LOWER MAINLAND,116 AVE & KING RD,KING RD,KING RD,12:00-14:59,1,1
N,CASUALTY CRASH,116 ST,N,2025,FRIDAY,CONFLICTED,N,Y,49.179939,-122.901254,N,MAY,N,SURREY,SURREY,SURREY,Y,N,N,LOWER MAINLAND,116 ST & 97A AVE,97A AVE,97A AVE,12:00-14:59,1,1
N,CASUALTY CRASH,128 ST,N,2025,FRIDAY,REAR END,N,Y,49.119119,-122.867841,N,MAY,N,SURREY,SURREY,SURREY,N,N,N,LOWER MAINLAND,128 ST & 64 AVE,64 AVE,64 AVE,12:00-14:59,1,2
N,CASUALTY CRASH,128 ST,N,2025,FRIDAY,SIDE IMPACT,N,Y,49.12659,-122.867795,N,MAY,N,SURREY,SURREY,SURREY,N,N,N,LOWER MAINLAND,128 ST & 68 AVE,68 AVE,68 AVE,12:00-14:59,1,5
N,CASUALTY CRASH,128 ST,N,2025,FRIDAY,SIDE IMPACT,N,Y,49.14642,-122.867959,N,MAY,N,SURREY,SURREY,SURREY,N,N,N,LOWER MAINLAND,128 ST & 79 AVE,79 AVE,79 AVE,12:00-14:59,1,1
N,CASUALTY CRASH,152 ST,N,2025,FRIDAY,REAR END,N,Y,49.166096,-122.801369,N,MAY,N,SURREY,SURREY,SURREY,N,N,N,LOWER MAINLAND,152 ST & FRASER HWY & TURNING LANE,FRASER HWY,FRASER HWY,12:00-14:59,1,1
N,CASUALTY CRASH,160 ST,N,2025,FRIDAY,CONFLICTED,N,Y,49.15734,-122.778895,N,MAY,N,SURREY,SURREY,SURREY,N,N,N,LOWER MAINLAND,160 ST & FRASER HWY & TURNING LANE,FRASER HWY,FRASER HWY,12:00-14:59,1,3
N,CASUALTY CRASH,160 ST,N,2025,FRIDAY,REAR END,N,Y,49.155458,-122.778863,N,MAY,N,SURREY,SURREY,SURREY,N,N,N,LOWER MAINLAND,160 ST & 84 AVE,84 AVE,84 AVE,12:00-14:59,1,1
N,CASUALTY CRASH,166 ST,N,2025,FRIDAY,SIDE SWIPE - SAME DIRECTION,N,Y,49.118919,-122.762389,N,MAY,N,SURREY,SURREY,SURREY,N,N,N,LOWER MAINLAND,166 ST & 64 AVE,64 AVE,64 AVE,12:00-14:59,1,1
N,CASUALTY CRASH,168 ST,N,2025,FRIDAY,SIDE IMPACT,N,Y,49.19161,-122.756468,N,MAY,N,SURREY,SURREY,SURREY,N,N,N,LOWER MAINLAND,104 AVE & 168 ST,104 AVE,104 AVE,12:00-14:59,1,2
N,CASUALTY CRASH,184 ST,Y,2025,FRIDAY,SIDE IMPACT,N,Y,49.111421,-122.712628,N,MAY,N,SURREY,SURREY,SURREY,N,N,N,LOWER MAINLAND,184 ST & 60 AVE,60 AVE,60 AVE,12:00-14:59,1,1
N,CASUALTY CRASH,188 ST,N,2025,FRIDAY,CONFLICTED,N,Y,49.11896,-122.701715,N,MAY,N,SURREY,SURREY,SURREY,N,N,N,LOWER MAINLAND,188 ST & 64 AVE,64 AVE,64 AVE,12:00-14:59,1,2
N,CASUALTY CRASH,192 ST,N,2025,FRIDAY,REAR END,N,Y,49.104481,-122.691136,N,MAY,N,SURREY,SURREY,SURREY,N,N,N,LOWER MAINLAND,192 ST & 56 AVE & LANGLEY BYPASS & TURNING LANE,HWY 10,HWY 10,12:00-14:59,1,1
N,CASUALTY CRASH,194 ST,N,2025,FRIDAY,REAR END,N,Y,49.126331,-122.685235,N,MAY,N,SURREY,SURREY,SURREY,N,N,N,LOWER MAINLAND,194 ST & 68 AVE,68 AVE,68 AVE,12:00-14:59,1,1
N,CASUALTY CRASH,222 ST,N,2025,FRIDAY,SIDE IMPACT,N,Y,49.089385,-122.608114,N,MAY,N,LANGLEY,LANGLEY,LANGLEY,N,N,N,LOWER MAINLAND,222 ST & 48 AVE,48 AVE,48 AVE,12:00-14:59,1,1
N,CASUALTY CRASH,24 AVE,N,2025,FRIDAY,SIDE SWIPE - SAME DIRECTION,Y,Y,49.045565,-122.782808,N,MAY,N,SURREY,SURREY,SURREY,N,Y,N,LOWER MAINLAND,24 AVE & CROYDON DR,CROYDON DR,CROYDON DR,12:00-14:59,1,1
N,CASUALTY CRASH,248 ST,N,2025,FRIDAY,CONFLICTED,N,Y,49.119175,-122.537029,N,MAY,N,LANGLEY,LANGLEY,LANGLEY,N,N,N,LOWER MAINLAND,248 ST & TRANS-CANADA HWY,HWY 1,HWY 1,12:00-14:59,1,1
N,CASUALTY CRASH,264 ST,N,2025,FRIDAY,REAR END,N,Y,49.101569,-122.492803,N,MAY,N,LANGLEY,LANGLEY,LANGLEY,N,N,N,LOWER MAINLAND,264 ST & 264 ST OFFRAMP & 264 ST ONRAMP & 56 AVE & 56 AVE OFFRAMP & 56 AVE ONRAMP & TRANS-CANADA HWY & TURNING LANE,HWY 1,HWY 1,12:00-14:59,1,1
N,CASUALTY CRASH,29A AVE,N,2025,FRIDAY,SIDE IMPACT,N,Y,49.055441,-122.80112,N,MAY,N,SURREY,SURREY,SURREY,N,N,N,LOWER MAINLAND,152 ST & 29A AVE,152 ST,152 ST,12:00-14:59,1,2
N,CASUALTY CRASH,64 AVE,N,2025,FRIDAY,REAR END,N,Y,49.11897,-122.691352,N,MAY,N,SURREY,SURREY,SURREY,N,N,N,LOWER MAINLAND,64 AVE & FRASER HWY & TURNING LANE,FRASER HWY,FRASER HWY,12:00-14:59,1,1
N,CASUALTY CRASH,68 AVE,N,2025,FRIDAY,REAR END,N,Y,49.126361,-122.801063,N,MAY,N,SURREY,SURREY,SURREY,N,N,N,LOWER MAINLAND,152 ST & 68 AVE,152 ST,152 ST,12:00-14:59,1,2
N,CASUALTY CRASH,72 AVE,N,2025,FRIDAY,SIDE SWIPE - SAME DIRECTION,N,Y,49.1337,-122.856661,N,MAY,N,SURREY,SURREY,SURREY,N,N,N,LOWER MAINLAND,132 ST & 72 AVE,132 ST,132 ST,12:00-14:59,1,1
N,CASUALTY CRASH,76 AVE,N,2025,FRIDAY,REAR END,N,Y,49.140852,-122.845634,N,MAY,N,SURREY,SURREY,SURREY,N,N,N,LOWER MAINLAND,76 AVE & KING GEORGE BLVD & TURNING LANE,KING GEORGE BLVD,KING GEORGE BLVD,12:00-14:59,1,1
N,CASUALTY CRASH,80 AVE,N,2025,FRIDAY,SIDE IMPACT,N,Y,49.147403,-122.624197,N,MAY,N,LANGLEY,LANGLEY,LANGLEY,N,N,N,LOWER MAINLAND,216 ST & 80 AVE & UNIVERSITY DR,216 ST,216 ST,12:00-14:59,1,2
N,CASUALTY CRASH,82 AVE,N,2025,FRIDAY,REAR END,N,Y,49.152217,-122.901477,N,MAY,N,DELTA,DELTA,DELTA,N,N,N,LOWER MAINLAND,116 ST & 82 AVE,116 ST,116 ST,12:00-14:59,1,2
N,CASUALTY CRASH,84 AVE,N,2025,FRIDAY,REAR END,N,Y,49.15535,-122.868017,N,MAY,N,SURREY,SURREY,SURREY,N,N,N,LOWER MAINLAND,128 ST & 84 AVE,128 ST,128 ST,12:00-14:59,1,3
N,CASUALTY CRASH,96 AVE,N,2025,FRIDAY,REAR END,N,Y,49.176409,-122.734716,N,MAY,N,SURREY,SURREY,SURREY,N,N,N,LOWER MAINLAND,176 ST & 96 AVE & GOLDEN EARS WAY & TURNING LANE,176 ST,176 ST,12:00-14:59,1,2
N,CASUALTY CRASH,98 ST,N,2025,FRIDAY,CONFLICTED,N,Y,56.231922,-120.843836,N,MAY,N,FORT ST. JOHN,FORT ST. JOHN,FORT ST. JOHN,N,N,N,NORTH CENTRAL,85 AVE & 98 ST,85 AVE,85 AVE,12:00-14:59,1,1
N,CASUALTY CRASH,ALEX FRASER BRIDGE,N,2025,FRIDAY,CONFLICTED,N,Y,49.170914,-122.951312,N,MAY,N,DELTA,DELTA,DELTA & RICHMOND,N,N,N,LOWER MAINLAND,ALEX FRASER BRIDGE & CLIVEDEN AVE & CLIVEDEN AVE OFFRAMP & CLIVEDEN AVE ONRAMP & HWY 91,HWY 91,HWY 91,12:00-14:59,1,6
N,CASUALTY CRASH,ATKINSON ST,N,2025,FRIDAY,SIDE IMPACT,N,Y,49.476801,-119.587663,N,MAY,N,PENTICTON,PENTICTON,PENTICTON,N,N,N,SOUTHERN INTERIOR,ATKINSON ST & OKANAGAN AVE W,OKANAGAN AVE W,OKANAGAN AVE W,12:00-14:59,1,3
N,CASUALTY CRASH,ATTREE AVE,N,2025,FRIDAY,SINGLE VEHICLE,N,Y,48.443643,-123.509789,N,MAY,N,LANGFORD,LANGFORD,LANGFORD,N,N,Y,VANCOUVER ISLAND,ATTREE AVE & JACKLIN RD,JACKLIN RD,JACKLIN RD,12:00-14:59,1,1
N,CASUALTY CRASH,BEATTY ST,N,2025,FRIDAY,CONFLICTED,Y,Y,49.276538,-123.115575,N,MAY,N,VANCOUVER,VANCOUVER,VANCOUVER,N,N,N,LOWER MAINLAND,BEATTY ST & SMITHE ST,SMITHE ST,SMITHE ST,12:00-14:59,1,1
N,CASUALTY CRASH,BERNATCHEY ST,N,2025,FRIDAY,REAR END,N,Y,49.235393,-122.875852,N,MAY,N,COQUITLAM,COQUITLAM,COQUITLAM,N,N,N,LOWER MAINLAND,BERNATCHEY ST & BRUNETTE AVE,BRUNETTE AVE,BRUNETTE AVE,12:00-14:59,1,1
N,CASUALTY CRASH,BEVAN AVE,N,2025,FRIDAY,REAR END,N,Y,49.041939,-122.304533,N,MAY,N,ABBOTSFORD,ABBOTSFORD,ABBOTSFORD,N,N,N,LOWER MAINLAND,BEVAN AVE & WARE ST,WARE ST,WARE ST,12:00-14:59,1,2
N,CASUALTY CRASH,BIRCH AVE,N,2025,FRIDAY,SIDE IMPACT,N,Y,49.496716,-119.602477,N,MAY,N,PENTICTON,PENTICTON,PENTICTON,N,N,N,SOUTHERN INTERIOR,BASSETT ST & BIRCH AVE & QUEENS PARK ELEMENTARY SCHOOL ACCESS,BASSETT ST,BASSETT ST,12:00-14:59,1,1
N,CASUALTY CRASH,BOUNDARY AVE,N,2025,FRIDAY,SINGLE VEHICLE,N,Y,49.191933,-123.971695,N,MAY,N,NANAIMO,NANAIMO,NANAIMO,N,N,Y,VANCOUVER ISLAND,BOUNDARY AVE & E AND N TRAIL & ISLAND HWY N & NORTHFIELD RD & TURNING LANE,NORTHFIELD RD,NORTHFIELD RD,12:00-14:59,1,1
N,CASUALTY CRASH,BOUNDARY RD,Y,2025,FRIDAY,UNDETERMINED,N,Y,49.229234,-123.023512,N,MAY,N,BURNABY,BURNABY,BURNABY & VANCOUVER,N,N,N,LOWER MAINLAND,BOUNDARY RD & E 45TH AVE,E 45TH AVE,E 45TH AVE,12:00-14:59,1,1
N,CASUALTY CRASH,CANADA WAY,N,2025,FRIDAY,REAR END,N,Y,49.249978,-122.982708,N,MAY,N,BURNABY,BURNABY,BURNABY,N,N,N,LOWER MAINLAND,CANADA WAY & SPROTT ST,SPROTT ST,SPROTT ST,12:00-14:59,1,1
N,CASUALTY CRASH,CAROLINA ST,Y,2025,FRIDAY,SINGLE VEHICLE,N,Y,49.257326,-123.091813,N,MAY,N,VANCOUVER,VANCOUVER,VANCOUVER,N,N,N,LOWER MAINLAND,CAROLINA ST & E 15TH AVE & KINGSWAY,KINGSWAY,KINGSWAY,12:00-14:59,1,1
N,CASUALTY CRASH,CEDAR HILL RD,N,2025,FRIDAY,REAR END,N,Y,48.468644,-123.335332,N,MAY,N,SAANICH,SAANICH,SAANICH,N,N,N,VANCOUVER ISLAND,CEDAR HILL RD & MCKENZIE AVE,MCKENZIE AVE,MCKENZIE AVE,12:00-14:59,1,1
N,CASUALTY CRASH,COLUMBIA ST,N,2025,FRIDAY,REAR END,N,Y,49.211366,-122.900283,N,MAY,N,NEW WESTMINSTER,NEW WESTMINSTER,NEW WESTMINSTER,N,N,N,LOWER MAINLAND,BUSHBY ST & COLUMBIA ST & E COLUMBIA ST & E ROYAL AVE & HWY 1A & LEOPOLD PL & MCBRIDE BLVD & ROYAL AVE & HIGHWAY RAMP,MCBRIDE BLVD,MCBRIDE BLVD,12:00-14:59,1,1
N,CASUALTY CRASH,COMOX ST,N,2025,FRIDAY,REAR END,N,Y,49.280479,-123.127078,N,MAY,N,VANCOUVER,VANCOUVER,VANCOUVER,N,N,N,LOWER MAINLAND,BURRARD ST & COMOX ST,BURRARD ST,BURRARD ST,12:00-14:59,1,1
N,CASUALTY CRASH,CUMBERLAND ST,N,2025,FRIDAY,REAR END,N,Y,49.227292,-122.912147,N,MAY,N,BURNABY,BURNABY,BURNABY & NEW WESTMINSTER,N,N,N,LOWER MAINLAND,10TH AVE & CUMBERLAND ST & E TENTH AVE,E TENTH AVE,E TENTH AVE,12:00-14:59,1,2
N,CASUALTY CRASH,CUMBERLAND ST,N,2025,FRIDAY,REAR END,N,Y,49.231915,-122.917869,N,MAY,N,BURNABY,BURNABY,BURNABY,N,N,N,LOWER MAINLAND,16TH AVE & CUMBERLAND ST,16TH AVE,16TH AVE,12:00-14:59,1,1
N,CASUALTY CRASH,CURRAGH AVE,N,2025,FRIDAY,SIDE IMPACT,N,Y,49.220582,-122.974759,N,MAY,N,BURNABY,BURNABY,BURNABY,N,N,N,LOWER MAINLAND,CURRAGH AVE & KINGSWAY,KINGSWAY,KINGSWAY,12:00-14:59,1,1
N,CASUALTY CRASH,DAVID AVE,N,2025,FRIDAY,REAR END,N,Y,49.292831,-122.781174,N,MAY,N,COQUITLAM,COQUITLAM,COQUITLAM,N,N,N,LOWER MAINLAND,DAVID AVE & PIPELINE RD & TURNING LANE,PIPELINE RD,PIPELINE RD,12:00-14:59,1,1
N,CASUALTY CRASH,E 18TH AVE,N,2025,FRIDAY,SIDE IMPACT,N,Y,49.254402,-123.075904,N,MAY,N,VANCOUVER,VANCOUVER,VANCOUVER,N,N,N,LOWER MAINLAND,E 18TH AVE & E 18TH ST & KNIGHT ST,KNIGHT ST,KNIGHT ST,12:00-14:59,1,1
N,CASUALTY CRASH,E 1ST AVE OFFRAMP,N,2025,FRIDAY,REAR END,N,Y,49.269452,-123.027611,N,MAY,N,VANCOUVER,VANCOUVER,VANCOUVER,N,N,N,LOWER MAINLAND,E 1ST AVE & E 1ST AVE OFFRAMP & E 1ST AVE ONRAMP & RUPERT ST & RUPERT ST OFFRAMP & TRANS-CANADA HWY & BUS LANE & TURNING LANE,HWY 1,HWY 1,12:00-14:59,1,2
N,CASUALTY CRASH,E 31ST AVE,N,2025,FRIDAY,SIDE IMPACT,N,Y,49.242826,-123.065268,N,MAY,N,VANCOUVER,VANCOUVER,VANCOUVER,N,N,N,LOWER MAINLAND,E 31ST AVE & VICTORIA DR,VICTORIA DR,VICTORIA DR,12:00-14:59,1,1
N,CASUALTY CRASH,E 33RD AVE,N,2025,FRIDAY,UNDETERMINED,N,Y,49.240059,-123.065367,N,MAY,N,VANCOUVER,VANCOUVER,VANCOUVER,N,N,N,LOWER MAINLAND,E 33RD AVE & VICTORIA DR,VICTORIA DR,VICTORIA DR,12:00-14:59,1,1
N,CASUALTY CRASH,E 59TH AVE,N,2025,FRIDAY,SIDE IMPACT,N,Y,49.216388,-123.077057,N,MAY,N,VANCOUVER,VANCOUVER,VANCOUVER,N,N,N,LOWER MAINLAND,E 59TH AVE & KNIGHT ST,KNIGHT ST,KNIGHT ST,12:00-14:59,1,1
N,CASUALTY CRASH,E KEITH RD,N,2025,FRIDAY,REAR END,N,Y,49.313299,-123.040514,N,MAY,N,NORTH VANCOUVER,NORTH VANCOUVER,NORTH VANCOUVER,N,N,N,LOWER MAINLAND,BROOKSBANK AVE & E KEITH RD & HEYWOOD ST & MOUNTAIN HWY,MOUNTAIN HWY,MOUNTAIN HWY,12:00-14:59,1,1
N,CASUALTY CRASH,ELK LAKE DR,N,2025,FRIDAY,REAR END,N,Y,48.51428,-123.384319,N,MAY,N,SAANICH,SAANICH,SAANICH,N,N,N,VANCOUVER ISLAND,CHERRY TREE BEND & ELK LAKE DR & HALIBURTON RD & PATRICIA BAY HWY & TURNING LANE,PATRICIA BAY HWY,PATRICIA BAY HWY,12:00-14:59,1,1
N,CASUALTY CRASH,ELK LAKES RD N,N,2025,FRIDAY,SINGLE VEHICLE,N,Y,50.029638,-114.925473,N,MAY,N,ELKFORD,ELKFORD,ELKFORD,N,N,N,SOUTHERN INTERIOR,ELK LAKES RD N & ELK VALLEY HWY,HWY 43,HWY 43,12:00-14:59,1,1
N,CASUALTY CRASH,FORT ST,N,2025,FRIDAY,REAR END,N,Y,48.423232,-123.346989,N,MAY,N,VICTORIA,VICTORIA,VICTORIA,N,N,N,VANCOUVER ISLAND,CENTRAL MIDDLE SCHOOL ACCESS & FORT ST & MOSS ST,MOSS ST,MOSS ST,12:00-14:59,1,3
N,CASUALTY CRASH,FORT ST,N,2025,FRIDAY,SIDE IMPACT,N,Y,48.432172,-123.322417,N,MAY,N,OAK BAY,OAK BAY,OAK BAY & VICTORIA,N,N,N,VANCOUVER ISLAND,CADBORO BAY RD & FORT ST & FOUL BAY RD,FOUL BAY RD,FOUL BAY RD,12:00-14:59,1,2
N,CASUALTY CRASH,FRASER ST,N,2025,FRIDAY,REAR END,N,Y,49.211023,-123.091135,N,MAY,N,VANCOUVER,VANCOUVER,VANCOUVER,N,N,N,LOWER MAINLAND,FRASER ST & SE MARINE DR,SE MARINE DR,SE MARINE DR,12:00-14:59,1,2
N,CASUALTY CRASH,GAGLARDI WAY,N,2025,FRIDAY,REAR END,N,Y,49.246118,-122.914166,N,MAY,N,BURNABY,BURNABY,BURNABY,N,N,N,LOWER MAINLAND,CARIBOO RD & GAGLARDI WAY,CARIBOO RD,CARIBOO RD,12:00-14:59,1,1
N,CASUALTY CRASH,GARDEN AVE,N,2025,FRIDAY,REAR END,Y,Y,49.327249,-123.119194,N,MAY,N,NORTH VANCOUVER,NORTH VANCOUVER,NORTH VANCOUVER,N,N,N,LOWER MAINLAND,CAPILANO RD & GARDEN AVE,CAPILANO RD,CAPILANO RD,12:00-14:59,1,1
N,CASUALTY CRASH,GILMORE AVE,N,2025,FRIDAY,REAR END,N,Y,49.281047,-123.014159,N,MAY,N,BURNABY,BURNABY,BURNABY,N,N,N,LOWER MAINLAND,GILMORE AVE & HASTINGS ST,HASTINGS ST,HASTINGS ST,12:00-14:59,1,1
N,CASUALTY CRASH,GLADWIN RD,N,2025,FRIDAY,SINGLE VEHICLE,N,Y,49.051029,-122.315111,N,MAY,N,ABBOTSFORD,ABBOTSFORD,ABBOTSFORD,N,Y,N,LOWER MAINLAND,GLADWIN RD & SOUTH FRASER WAY & TURNING LANE,SOUTH FRASER WAY,SOUTH FRASER WAY,12:00-14:59,1,1
N,CASUALTY CRASH,GORDON DR,N,2025,FRIDAY,SIDE IMPACT,N,Y,49.883544,-119.476957,N,MAY,N,KELOWNA,KELOWNA,KELOWNA,N,N,N,SOUTHERN INTERIOR,GORDON DR & HARVEY AVE & TURNING LANE,HWY 97 N,HWY 97 N,12:00-14:59,1,1
N,CASUALTY CRASH,GORGE RD W,N,2025,FRIDAY,REAR END,N,Y,48.443908,-123.390479,N,MAY,N,SAANICH,SAANICH,SAANICH & VICTORIA,N,N,N,VANCOUVER ISLAND,GORGE RD E & GORGE RD W & HARRIET RD,HARRIET RD,HARRIET RD,12:00-14:59,1,1
N,CASUALTY CRASH,GRAINGER RD,N,2025,FRIDAY,REAR END,N,Y,48.446412,-123.489224,N,MAY,N,LANGFORD,LANGFORD,LANGFORD,N,N,N,VANCOUVER ISLAND,FAIRWAY AVE & GOLDSTREAM AVE & GRAINGER RD,GOLDSTREAM AVE,GOLDSTREAM AVE,12:00-14:59,1,1
N,CASUALTY CRASH,GRANDVIEW HWY ONRAMP,N,2025,FRIDAY,REAR END,N,Y,49.257636,-123.004065,N,MAY,N,BURNABY,BURNABY,BURNABY,N,N,N,LOWER MAINLAND,GRANDVIEW HWY & GRANDVIEW HWY ONRAMP & TRANS-CANADA HWY & TRANS-CANADA HWY ONRAMP & WILLINGDON AVE & WILLINGDON AVE OFFRAMP & EMERGENCY LANE,WILLINGDON AVE,WILLINGDON AVE,12:00-14:59,1,1
N,CASUALTY CRASH,GRANVILLE ST,N,2025,FRIDAY,SIDE SWIPE - SAME DIRECTION,N,Y,49.282477,-123.118135,N,MAY,N,VANCOUVER,VANCOUVER,VANCOUVER,N,N,N,LOWER MAINLAND,GRANVILLE ST & W GEORGIA ST,W GEORGIA ST,W GEORGIA ST,12:00-14:59,1,1
N,CASUALTY CRASH,GUTHRIE RD,N,2025,FRIDAY,SINGLE VEHICLE,N,Y,49.687496,-124.909723,N,MAY,N,COMOX,COMOX,COMOX,N,N,N,VANCOUVER ISLAND,GUTHRIE RD & TORRENCE RD,TORRENCE RD,TORRENCE RD,12:00-14:59,1,1
N,CASUALTY CRASH,HAMILTON AVE,N,2025,FRIDAY,SINGLE VEHICLE,N,Y,49.323112,-123.100131,N,MAY,N,NORTH VANCOUVER,NORTH VANCOUVER,NORTH VANCOUVER,N,N,N,LOWER MAINLAND,HAMILTON AVE & MARINE DR & W 16TH ST & TURNING LANE,W 16TH ST,W 16TH ST,12:00-14:59,1,1
N,CASUALTY CRASH,HANES AVE,Y,2025,FRIDAY,SINGLE VEHICLE,N,Y,49.322336,-123.097965,N,MAY,N,NORTH VANCOUVER,NORTH VANCOUVER,NORTH VANCOUVER,N,N,N,LOWER MAINLAND,FELL LANE & HANES AVE & MARINE DR,MARINE DR,MARINE DR,12:00-14:59,1,1
N,CASUALTY CRASH,HARRIS RD,N,2025,FRIDAY,REAR END,N,Y,49.231094,-122.689518,N,MAY,N,PITT MEADOWS,PITT MEADOWS,PITT MEADOWS,N,N,N,LOWER MAINLAND,HARRIS RD & LOUGHEED HWY & TURNING LANE,LOUGHEED HWY,LOUGHEED HWY,12:00-14:59,1,1
N,CASUALTY CRASH,HARVIE RD,N,2025,FRIDAY,CONFLICTED,N,Y,49.147959,-122.720075,N,MAY,N,SURREY,SURREY,SURREY,N,N,N,LOWER MAINLAND,80 AVE & HARVIE RD,80 AVE,80 AVE,12:00-14:59,1,1
N,CASUALTY CRASH,HARWOOD ST,Y,2025,FRIDAY,UNDETERMINED,N,Y,49.277669,-123.131347,N,MAY,Y,VANCOUVER,VANCOUVER,VANCOUVER,N,N,N,LOWER MAINLAND,BURRARD ST & HARWOOD ST,BURRARD ST,BURRARD ST,12:00-14:59,1,1
N,CASUALTY CRASH,HOLLAND AVE,Y,2025,FRIDAY,SINGLE VEHICLE,N,Y,48.469932,-123.42254199999999,N,MAY,N,SAANICH,SAANICH,SAANICH,N,N,N,VANCOUVER ISLAND,HELMCKEN RD & HOLLAND AVE,HELMCKEN RD,HELMCKEN RD,12:00-14:59,1,1
N,CASUALTY CRASH,HOLT ST,N,2025,FRIDAY,SIDE IMPACT,N,Y,50.702072,-120.388786,N,MAY,N,KAMLOOPS,KAMLOOPS,KAMLOOPS,N,N,N,SOUTHERN INTERIOR,HOLT ST & TRANQUILLE RD,TRANQUILLE RD,TRANQUILLE RD,12:00-14:59,1,2
N,CASUALTY CRASH,HUDSON RD,N,2025,FRIDAY,REAR END,N,Y,49.863618,-119.564607,N,MAY,N,WEST KELOWNA,WEST KELOWNA,WEST KELOWNA,N,N,N,SOUTHERN INTERIOR,HUDSON RD & HWY 97 & WESTLAKE RD & TURNING LANE,HWY 97,HWY 97,12:00-14:59,1,2
N,CASUALTY CRASH,HWY 1,N,2025,FRIDAY,REAR END,Y,Y,51.009371,-118.216055,N,MAY,N,REVELSTOKE,REVELSTOKE,REVELSTOKE,N,N,N,SOUTHERN INTERIOR,LAFORME BLVD & TRANS-CANADA HWY W & VICTORIA RD W & TURNING LANE,VICTORIA RD W,VICTORIA RD W,12:00-14:59,1,2
N,CASUALTY CRASH,HWY 10,N,2025,FRIDAY,REAR END,N,Y,49.113321,-122.662264,N,MAY,N,LANGLEY,LANGLEY,LANGLEY,N,N,N,LOWER MAINLAND,202 ST & LANGLEY BYPASS,202 ST,202 ST,12:00-14:59,1,2
N,CASUALTY CRASH,HWY 10,N,2025,FRIDAY,SIDE IMPACT,N,Y,49.13044,-122.5817,N,MAY,N,LANGLEY,LANGLEY,LANGLEY,N,N,N,LOWER MAINLAND,232 ST & HWY 10 & TURNING LANE,SPRINGBROOK RD,SPRINGBROOK RD,12:00-14:59,1,1
N,CASUALTY CRASH,HWY 14,N,2025,FRIDAY,HEAD ON,N,Y,48.438273,-123.504515,N,MAY,N,LANGFORD,LANGFORD,LANGFORD,N,N,N,VANCOUVER ISLAND,GALLOPING GOOSE TRAIL & KELLY RD & VETERANS MEMORIAL PKY & TURNING LANE,KELLY RD,KELLY RD,12:00-14:59,1,1
N,CASUALTY CRASH,HWY 7,N,2025,FRIDAY,REAR END,N,Y,49.132934,-122.32613,N,MAY,N,MISSION,MISSION,MISSION,N,N,N,LOWER MAINLAND,CEDAR VALLEY CONN & HWY 11 & LOUGHEED HWY & MALL ACCESS & TURNING LANE,CEDAR VALLEY CONNECTR,CEDAR VALLEY CONNECTR,12:00-14:59,1,1
N,CASUALTY CRASH,HWY 7,N,2025,FRIDAY,UNDETERMINED,N,Y,49.219251,-122.812916,N,MAY,N,COQUITLAM,COQUITLAM,COQUITLAM,N,N,N,LOWER MAINLAND,COLEMAN AVE & COLEMAN AVE ONRP & FAWCETT RD & HWY 7 OFRP & HWY 7B OFRP & LEEDER ST & LOUGHEED HWY & LOUGHEED HWY ONRP & MARY HILL BYPASS & MARY HILL BYPASS ONRP & TRANS-CANADA HWY & TRANS-CANADA HWY OFRP & TRANS-CANADA HWY ONRP & UNITED BLVD & UNITED BLV,UNITED BLVD,UNITED BLVD,12:00-14:59,1,1
N,CASUALTY CRASH,HWY 7A,N,2025,FRIDAY,CONFLICTED,N,Y,49.281145,-123.031766,N,MAY,N,VANCOUVER,VANCOUVER,VANCOUVER,N,N,N,LOWER MAINLAND,CASSIAR TUNNEL & E HASTINGS ST,CASSIAR TUNNEL,CASSIAR TUNNEL,12:00-14:59,1,1
N,CASUALTY CRASH,HWY 91A,N,2025,FRIDAY,CONFLICTED,N,Y,49.197808,-122.948705,N,MAY,N,BURNABY,BURNABY,BURNABY & NEW WESTMINSTER,N,N,N,LOWER MAINLAND,HWY 91A & MARINE WAY & MARINE WAY OFFRAMP & MARINE WAY ONRAMP & QUEENSBOROUGH BRIDGE & SIXTH AVE OFFRAMP & SIXTH AVE ONRAMP & STEWARDSON WAY & STEWARDSON WAY OFFRAMP & STEWARDSON WAY ONRAMP & TWENTY-THIRD ST & EMERGENCY LANE,MARINE WAY ONRAMP,MARINE WAY ONRAMP,12:00-14:59,1,1
N,CASUALTY CRASH,HWY 97,N,2025,FRIDAY,REAR END,N,Y,49.901265,-119.408856,N,MAY,N,KELOWNA,KELOWNA,KELOWNA,N,N,N,SOUTHERN INTERIOR,HWY 97 N & MCCURDY RD & OKANAGAN RAIL TRAIL & TURNING LANE,MCCURDY RD,MCCURDY RD,12:00-14:59,1,1
N,CASUALTY CRASH,HWY 97,N,2025,FRIDAY,REAR END,N,Y,50.27478,-119.273783,N,MAY,N,VERNON,VERNON,VERNON,N,N,N,SOUTHERN INTERIOR,32 ST & 43 AVE & TURNING LANE,43 AVE,43 AVE,12:00-14:59,1,2
N,CASUALTY CRASH,HWY 97,N,2025,FRIDAY,REAR END,N,Y,52.125104,-122.120314,N,MAY,N,WILLIAMS LAKE,WILLIAMS LAKE,WILLIAMS LAKE,N,N,N,NORTH CENTRAL,BROADWAY AVE S & HWY 97 & MACKENZIE AVE S & TURNING LANE,MACKENZIE AVE S,MACKENZIE AVE S,12:00-14:59,1,1
N,CASUALTY CRASH,HWY 97 N,N,2025,FRIDAY,SINGLE VEHICLE,N,Y,49.881947,-119.454569,N,MAY,N,KELOWNA,KELOWNA,KELOWNA,N,N,Y,SOUTHERN INTERIOR,HARVEY AVE & SPALL RD & TURNING LANE,SPALL RD,SPALL RD,12:00-14:59,1,1
N,CASUALTY CRASH,IMPERIAL ST,N,2025,FRIDAY,CONFLICTED,N,Y,49.221948,-123.023697,N,MAY,N,BURNABY,BURNABY,BURNABY & VANCOUVER,N,N,N,LOWER MAINLAND,BOUNDARY RD & E 49TH AVE & IMPERIAL ST & TURNING LANE,BOUNDARY RD,BOUNDARY RD,12:00-14:59,1,1
N,CASUALTY CRASH,IRONWORKERS MEMORIAL BRIDGE,N,2025,FRIDAY,REAR END,N,Y,49.304852,-123.027413,N,MAY,N,NORTH VANCOUVER,NORTH VANCOUVER,NORTH VANCOUVER,N,N,N,LOWER MAINLAND,DOLLARTON HWY & DOLLARTON HWY OFFRAMP & DOLLARTON HWY ONRAMP & IRONWORKERS MEMORIAL BRIDGE & MAIN ST & MAIN ST OFFRAMP & MAIN ST ONRAMP & PHIBBS EXCHANGE & TRANS-CANADA HWY & EMERGENCY LANE & HIGHWAY RAMP & TURNING LANE,TRANS-CANADA HWY,TRANS-CANADA HWY,12:00-14:59,1,1
N,CASUALTY CRASH,ISLAND HWY W,N,2025,FRIDAY,REAR END,N,Y,49.35047,-124.404507,N,MAY,N,QUALICUM BEACH,QUALICUM BEACH,QUALICUM BEACH,N,N,N,VANCOUVER ISLAND,COUNTRY CLUB DR & ISLAND HWY W & VILLAGE WAY & TURNING LANE,VILLAGE WAY,VILLAGE WAY,12:00-14:59,1,1
N,CASUALTY CRASH,KING GEORGE HWY,N,2025,FRIDAY,SIDE IMPACT,N,Y,49.027662,-122.771316,N,MAY,N,SURREY,SURREY,SURREY,N,N,N,LOWER MAINLAND,14 AVE & KING GEORGE BLVD,14 AVE,14 AVE,12:00-14:59,1,1
N,CASUALTY CRASH,KINGSWAY,N,2025,FRIDAY,CONFLICTED,N,Y,49.225,-122.988934,N,MAY,N,BURNABY,BURNABY,BURNABY,N,N,N,LOWER MAINLAND,KINGSWAY & ROYAL OAK AVE,ROYAL OAK AVE,ROYAL OAK AVE,12:00-14:59,1,1
N,CASUALTY CRASH,KINGSWAY,N,2025,FRIDAY,SIDE SWIPE - SAME DIRECTION,N,Y,49.264471,-123.100924,N,MAY,N,VANCOUVER,VANCOUVER,VANCOUVER,N,N,N,LOWER MAINLAND,E 7TH AVE & KINGSWAY & MAIN ST,E 7TH AVE,E 7TH AVE,12:00-14:59,1,1
N,CASUALTY CRASH,KNIGHT ST BRIDGE,N,2025,FRIDAY,REAR END,N,Y,49.191996,-123.077454,N,MAY,N,RICHMOND,RICHMOND,RICHMOND,N,N,N,LOWER MAINLAND,BRIDGEPORT RD & BRIDGEPORT RD OFFRAMP & BRIDGEPORT RD ONRAMP & KNIGHT ST & KNIGHT ST BRIDGE & MANNINI WAY & TURNING LANE,KNIGHT ST,KNIGHT ST,12:00-14:59,1,1
N,CASUALTY CRASH,KNIGHT ST BRIDGE,N,2025,FRIDAY,REAR END,N,Y,49.211079,-123.077129,N,MAY,N,VANCOUVER,VANCOUVER,VANCOUVER,N,N,N,LOWER MAINLAND,KNIGHT ST & KNIGHT ST BRIDGE & SE MARINE DR & SE MARINE DR OFFRAMP & SE MARINE DR ONRAMP & BUS LANE,KNIGHT ST,KNIGHT ST,12:00-14:59,1,2
N,CASUALTY CRASH,LAKE CITY WAY,N,2025,FRIDAY,REAR END,N,Y,49.254241,-122.938051,N,MAY,N,BURNABY,BURNABY,BURNABY,N,N,N,LOWER MAINLAND,LAKE CITY WAY & LOUGHEED HWY,LOUGHEED HWY,LOUGHEED HWY,12:00-14:59,1,1
N,CASUALTY CRASH,LAKEWOOD DR,N,2025,FRIDAY,CONFLICTED,Y,Y,49.26226,-123.06203,N,MAY,N,VANCOUVER,VANCOUVER,VANCOUVER,N,N,N,LOWER MAINLAND,E BROADWAY & LAKEWOOD DR,E BROADWAY,E BROADWAY,12:00-14:59,1,1
N,CASUALTY CRASH,MAIN ST,N,2025,FRIDAY,REAR END,N,Y,49.23306,-123.101517,N,MAY,N,VANCOUVER,VANCOUVER,VANCOUVER,N,N,N,LOWER MAINLAND,E 41ST AVE & MAIN ST,E 41ST AVE,E 41ST AVE,12:00-14:59,1,1
N,CASUALTY CRASH,MALAHAT FRTG,N,2025,FRIDAY,REAR END,N,Y,48.544,-123.564784,N,MAY,N,MALAHAT,MALAHAT,MALAHAT,N,N,N,VANCOUVER ISLAND,MALAHAT FRTG & TRANS-CANADA HWY,HWY 1,HWY 1,12:00-14:59,1,2
N,CASUALTY CRASH,MARINE DR,N,2025,FRIDAY,CONFLICTED,N,Y,49.32717,-123.134922,N,MAY,N,WEST VANCOUVER,WEST VANCOUVER,WEST VANCOUVER,N,N,N,LOWER MAINLAND,MARINE DR & TAYLOR WAY & TURNING LANE,TAYLOR WAY,TAYLOR WAY,12:00-14:59,1,1
N,CASUALTY CRASH,MARPOLE AVE,N,2025,FRIDAY,REAR END,N,Y,49.257053,-123.138793,N,MAY,N,VANCOUVER,VANCOUVER,VANCOUVER,N,N,N,LOWER MAINLAND,GRANVILLE ST & MARPOLE AVE & W 16TH AVE,GRANVILLE ST,GRANVILLE ST,12:00-14:59,1,1
N,CASUALTY CRASH,MARSHALL RD,N,2025,FRIDAY,SIDE IMPACT,N,Y,49.039043,-122.293334,N,MAY,N,ABBOTSFORD,ABBOTSFORD,ABBOTSFORD,N,Y,N,LOWER MAINLAND,MARSHALL RD & MCCALLUM RD,MCCALLUM RD,MCCALLUM RD,12:00-14:59,1,1
N,CASUALTY CRASH,MARSHALL RD,N,2025,FRIDAY,SIDE SWIPE - SAME DIRECTION,N,Y,49.038185,-122.268965,N,MAY,N,ABBOTSFORD,ABBOTSFORD,ABBOTSFORD,N,N,N,LOWER MAINLAND,MARSHALL RD & SUMAS WAY & TURNING LANE,HWY 11,HWY 11,12:00-14:59,1,1
N,CASUALTY CRASH,MILLER ST,N,2025,FRIDAY,REAR END,N,Y,49.246909,-123.068908,N,MAY,N,VANCOUVER,VANCOUVER,VANCOUVER,N,N,N,LOWER MAINLAND,KINGSWAY & MILLER ST,KINGSWAY,KINGSWAY,12:00-14:59,1,1
N,CASUALTY CRASH,MINORU BLVD,N,2025,FRIDAY,REAR END,N,Y,49.162737,-123.140216,N,MAY,N,RICHMOND,RICHMOND,RICHMOND,N,N,N,LOWER MAINLAND,GRANVILLE AVE & MINORU BLVD,GRANVILLE AVE,GRANVILLE AVE,12:00-14:59,1,2
N,CASUALTY CRASH,MORAY ST,N,2025,FRIDAY,REAR END,N,Y,49.276678,-122.834844,N,MAY,N,PORT MOODY,PORT MOODY,PORT MOODY,N,N,N,LOWER MAINLAND,MORAY ST & ST JOHNS ST,ST JOHNS ST,ST JOHNS ST,12:00-14:59,1,1
N,CASUALTY CRASH,MOUNTAIN HWY,N,2025,FRIDAY,SIDE IMPACT,N,Y,49.308812,-123.031974,N,MAY,N,NORTH VANCOUVER,NORTH VANCOUVER,NORTH VANCOUVER,N,N,N,LOWER MAINLAND,CROWN ST & MOUNTAIN HWY,CROWN ST,CROWN ST,12:00-14:59,1,2
N,CASUALTY CRASH,MOUNTVIEW RD,N,2025,FRIDAY,CONFLICTED,N,Y,50.252925,-119.251062,N,MAY,N,VERNON,VERNON,VERNON,N,N,N,SOUTHERN INTERIOR,15 ST & MOUNTVIEW RD,15 ST,15 ST,12:00-14:59,1,1
N,CASUALTY CRASH,MT PAUL WAY,N,2025,FRIDAY,REAR END,N,Y,50.693584,-120.321562,N,MAY,N,KAMLOOPS IR NO 1,KAMLOOPS IR NO 1,KAMLOOPS IR NO 1,N,N,N,SOUTHERN INTERIOR,MT PAUL WAY & YELLOWHEAD HWY & TURNING LANE,HWY 5,HWY 5,12:00-14:59,1,1
N,CASUALTY CRASH,MT SEYMOUR PKY,N,2025,FRIDAY,CONFLICTED,N,Y,49.311704,-123.021179,N,MAY,N,NORTH VANCOUVER,NORTH VANCOUVER,NORTH VANCOUVER,N,N,N,LOWER MAINLAND,MT SEYMOUR PKY & SEYMOUR BLVD & TURNING LANE,SEYMOUR BLVD,SEYMOUR BLVD,12:00-14:59,1,1
N,CASUALTY CRASH,NELSON ST,N,2025,FRIDAY,REAR END,N,Y,49.276628,-123.118973,N,MAY,N,VANCOUVER,VANCOUVER,VANCOUVER,N,N,N,LOWER MAINLAND,MAINLAND ST & NELSON ST,MAINLAND ST,MAINLAND ST,12:00-14:59,1,1
N,CASUALTY CRASH,NO 2 RD,N,2025,FRIDAY,CONFLICTED,N,Y,49.155579,-123.15893,N,MAY,N,RICHMOND,RICHMOND,RICHMOND,Y,Y,N,LOWER MAINLAND,BLUNDELL RD & NO 2 RD,BLUNDELL RD,BLUNDELL RD,12:00-14:59,1,2
N,CASUALTY CRASH,NO 5 RD,N,2025,FRIDAY,REAR END,N,Y,49.184567,-123.091518,N,MAY,N,RICHMOND,RICHMOND,RICHMOND,N,N,N,LOWER MAINLAND,CAMBIE RD & NO 5 RD,CAMBIE RD,CAMBIE RD,12:00-14:59,1,2
N,CASUALTY CRASH,NO 5 RD,N,2025,FRIDAY,SIDE IMPACT,N,Y,49.183246,-123.091542,N,MAY,N,RICHMOND,RICHMOND,RICHMOND,N,N,N,LOWER MAINLAND,NO 5 RD & THORPE RD,THORPE RD,THORPE RD,12:00-14:59,1,1
N,CASUALTY CRASH,NO 5 RD,N,2025,FRIDAY,UNDETERMINED,N,Y,49.183246,-123.091542,N,MAY,N,RICHMOND,RICHMOND,RICHMOND,N,N,N,LOWER MAINLAND,NO 5 RD & THORPE RD,THORPE RD,THORPE RD,12:00-14:59,1,2
N,CASUALTY CRASH,OLD DEWDNEY TRUNK RD,N,2025,FRIDAY,REAR END,N,Y,49.244127,-122.689525,N,MAY,N,PITT MEADOWS,PITT MEADOWS,PITT MEADOWS,N,N,N,LOWER MAINLAND,HARRIS RD & OLD DEWDNEY TRUNK RD,HARRIS RD,HARRIS RD,12:00-14:59,1,1
N,CASUALTY CRASH,OXFORD ST,N,2025,FRIDAY,SIDE IMPACT,N,Y,49.285546,-123.008571,N,MAY,N,BURNABY,BURNABY,BURNABY,N,N,N,LOWER MAINLAND,N MADISON AVE & OXFORD ST,N MADISON AVE,N MADISON AVE,12:00-14:59,1,1
N,CASUALTY CRASH,PATRICIA BAY HWY,N,2025,FRIDAY,REAR END,N,Y,48.459373,-123.377663,N,MAY,N,SAANICH,SAANICH,SAANICH,N,N,N,VANCOUVER ISLAND,BLANSHARD ST & PATRICIA BAY HWY & VERNON AVE & ACCESS ROAD,VERNON AVE,VERNON AVE,12:00-14:59,1,1
N,CASUALTY CRASH,PINETREE WAY,N,2025,FRIDAY,REAR END,N,Y,49.294211,-122.789997,N,MAY,N,COQUITLAM,COQUITLAM,COQUITLAM,N,N,N,LOWER MAINLAND,DAVID AVE & PINETREE WAY & TURNING LANE,DAVID AVE,DAVID AVE,12:00-14:59,1,2
N,CASUALTY CRASH,PRINCESS AVE,Y,2025,FRIDAY,UNDETERMINED,N,Y,48.433553,-123.367237,N,MAY,N,VICTORIA,VICTORIA,VICTORIA,N,N,N,VANCOUVER ISLAND,GOVERNMENT ST & PRINCESS AVE,GOVERNMENT ST,GOVERNMENT ST,12:00-14:59,1,1
N,CASUALTY CRASH,QUEENSBOROUGH BRIDGE,N,2025,FRIDAY,SIDE SWIPE - SAME DIRECTION,N,Y,49.197808,-122.948705,N,MAY,N,BURNABY,BURNABY,BURNABY & NEW WESTMINSTER,N,N,N,LOWER MAINLAND,HWY 91A & MARINE WAY & MARINE WAY OFFRAMP & MARINE WAY ONRAMP & QUEENSBOROUGH BRIDGE & SIXTH AVE OFFRAMP & SIXTH AVE ONRAMP & STEWARDSON WAY & STEWARDSON WAY OFFRAMP & STEWARDSON WAY ONRAMP & TWENTY-THIRD ST & EMERGENCY LANE,HWY 91A,HWY 91A,12:00-14:59,1,1
N,CASUALTY CRASH,RANGER AVE,Y,2025,FRIDAY,UNDETERMINED,N,Y,49.356271,-123.090583,N,MAY,N,NORTH VANCOUVER,NORTH VANCOUVER,NORTH VANCOUVER,N,N,N,LOWER MAINLAND,MONTROYAL BLVD & RANGER AVE,MONTROYAL BLVD,MONTROYAL BLVD,12:00-14:59,1,1
N,CASUALTY CRASH,RENFREW ST,N,2025,FRIDAY,SINGLE VEHICLE,N,Y,49.268482,-123.044234,N,MAY,N,VANCOUVER,VANCOUVER,VANCOUVER,N,N,Y,LOWER MAINLAND,E 2ND AVE & RENFREW ST,E 2ND AVE,E 2ND AVE,12:00-14:59,1,1
N,CASUALTY CRASH,ROBSON ST,N,2025,FRIDAY,SIDE IMPACT,N,Y,49.287001,-123.128536,N,MAY,N,VANCOUVER,VANCOUVER,VANCOUVER,N,N,N,LOWER MAINLAND,JERVIS ST & ROBSON ST,JERVIS ST,JERVIS ST,12:00-14:59,1,2
N,CASUALTY CRASH,SCHOOLHOUSE ST,N,2025,FRIDAY,REAR END,Y,Y,49.232628,-122.852676,N,MAY,N,COQUITLAM,COQUITLAM,COQUITLAM,N,N,N,LOWER MAINLAND,LOUGHEED HWY & SCHOOLHOUSE ST & WOOLRIDGE ST & INSTITUTIONAL ACCESS & TURNING LANE,LOUGHEED HWY,LOUGHEED HWY,12:00-14:59,1,2
N,CASUALTY CRASH,SCOTT RD ONRAMP,N,2025,FRIDAY,REAR END,N,Y,49.205908,-122.874956,N,MAY,N,SURREY,SURREY,SURREY,N,N,N,LOWER MAINLAND,120 ST & KING GEORGE BLVD & SCOTT RD & SCOTT RD OFFRAMP & SCOTT RD ONRAMP & TURNING LANE,120 ST,120 ST,12:00-14:59,1,1
N,CASUALTY CRASH,SE MARINE DR,N,2025,FRIDAY,SIDE IMPACT,N,Y,49.211071,-123.074013,N,MAY,N,VANCOUVER,VANCOUVER,VANCOUVER,N,N,N,LOWER MAINLAND,BORDEN ST & SE MARINE DR,BORDEN ST,BORDEN ST,12:00-14:59,1,3
N,CASUALTY CRASH,SHAUGHNESSY ST,N,2025,FRIDAY,REAR END,N,Y,49.227198,-122.795647,N,MAY,N,PORT COQUITLAM,PORT COQUITLAM,PORT COQUITLAM,N,N,N,LOWER MAINLAND,ARGUE ST & MARY HILL BYPASS & SHAUGHNESSY ST & TURNING LANE,MARY HILL BYPASS,MARY HILL BYPASS,12:00-14:59,1,1
N,CASUALTY CRASH,SIGNAL CRT,N,2025,FRIDAY,SIDE IMPACT,N,Y,49.053368,-122.45881,N,MAY,N,ABBOTSFORD,ABBOTSFORD,ABBOTSFORD,N,N,N,LOWER MAINLAND,PLATFORM CRES & SIGNAL CRT & STATION RD,STATION RD,STATION RD,12:00-14:59,1,1
N,CASUALTY CRASH,SIMMONS RD,N,2025,FRIDAY,SINGLE VEHICLE,N,Y,49.083184,-122.031736,N,MAY,N,CHILLIWACK,CHILLIWACK,CHILLIWACK,N,N,N,LOWER MAINLAND,SIMMONS RD & VEDDER MOUNTAIN RD,VEDDER MOUNTAIN RD,VEDDER MOUNTAIN RD,12:00-14:59,1,1
N,CASUALTY CRASH,SIMPSON BLVD,N,2025,FRIDAY,REAR END,Y,Y,54.547472,-130.434042,N,MAY,N,LAX KW'ALAAMS,LAX KW'ALAAMS,LAX KW'ALAAMS,N,N,N,NORTH CENTRAL,MOUNTVIEW DR & SIMPSON BLVD,MOUNTVIEW DR,MOUNTVIEW DR,12:00-14:59,1,1
N,CASUALTY CRASH,SINCLAIR CRES,N,2025,FRIDAY,SIDE IMPACT,N,Y,49.141002,-122.86518,N,MAY,N,SURREY,SURREY,SURREY,N,N,N,LOWER MAINLAND,76 AVE & SINCLAIR CRES,76 AVE,76 AVE,12:00-14:59,1,1
N,CASUALTY CRASH,SINCLAIR CRES,N,2025,FRIDAY,SIDE IMPACT,N,Y,49.141002,-122.86518,N,MAY,N,SURREY,SURREY,SURREY,N,Y,N,LOWER MAINLAND,76 AVE & SINCLAIR CRES,76 AVE,76 AVE,12:00-14:59,1,1
N,CASUALTY CRASH,SLOCAN ST,N,2025,FRIDAY,CONFLICTED,N,Y,49.240009,-123.054067,N,MAY,N,VANCOUVER,VANCOUVER,VANCOUVER,N,N,N,LOWER MAINLAND,KINGSWAY & SLOCAN ST,KINGSWAY,KINGSWAY,12:00-14:59,1,3
N,CASUALTY CRASH,SUMAS WAY,N,2025,FRIDAY,REAR END,Y,Y,49.033431,-122.266381,N,MAY,N,ABBOTSFORD,ABBOTSFORD,ABBOTSFORD,N,N,N,LOWER MAINLAND,LONZO RD & SUMAS WAY & SUMAS WAY OFFRAMP & SUMAS WAY ONRAMP & TRANS-CANADA HWY & TURNING LANE,HWY 1,HWY 1,12:00-14:59,1,2
N,CASUALTY CRASH,TRANS-CANADA HWY,N,2025,FRIDAY,UNDETERMINED,N,Y,48.769611,-123.698803,N,MAY,N,DUNCAN,DUNCAN,DUNCAN,N,N,N,VANCOUVER ISLAND,BOYS RD & JACOB RD & TRANS-CANADA HWY & TURNING LANE,BOYS RD,BOYS RD,12:00-14:59,1,1
N,CASUALTY CRASH,TRETHEWEY ST,N,2025,FRIDAY,SINGLE VEHICLE,N,Y,49.064735,-122.327542,N,MAY,N,ABBOTSFORD,ABBOTSFORD,ABBOTSFORD,N,N,Y,LOWER MAINLAND,GOLDEN AVE & TRETHEWEY ST,GOLDEN AVE,GOLDEN AVE,12:00-14:59,1,2
N,CASUALTY CRASH,VICTORIA AVE N,N,2025,FRIDAY,REAR END,N,Y,49.524379,-115.753839,N,MAY,N,CRANBROOK,CRANBROOK,CRANBROOK,N,N,N,SOUTHERN INTERIOR,CRANBROOK ST N & THEATRE RD & VICTORIA AVE N & MALL ACCESS & TURNING LANE,CRANBROOK ST N,CRANBROOK ST N,12:00-14:59,1,1
N,CASUALTY CRASH,W 37TH AVE,N,2025,FRIDAY,UNDETERMINED,Y,Y,49.238574,-123.185249,N,MAY,N,VANCOUVER,VANCOUVER,VANCOUVER,N,N,N,LOWER MAINLAND,DUNBAR ST & W 37TH AVE,DUNBAR ST,DUNBAR ST,12:00-14:59,1,1
N,CASUALTY CRASH,W 70TH AVE,N,2025,FRIDAY,REAR END,N,Y,49.208473,-123.130257,N,MAY,N,VANCOUVER,VANCOUVER,VANCOUVER,N,N,N,LOWER MAINLAND,OAK ST & W 70TH AVE,OAK ST,OAK ST,12:00-14:59,1,2
N,CASUALTY CRASH,W KING EDWARD AVE,N,2025,FRIDAY,REAR END,N,Y,49.248986,-123.115396,N,MAY,N,VANCOUVER,VANCOUVER,VANCOUVER,N,N,N,LOWER MAINLAND,CAMBIE ST & W KING EDWARD AVE,CAMBIE ST,CAMBIE ST,12:00-14:59,1,1
N,CASUALTY CRASH,WALFRED RD,Y,2025,FRIDAY,SINGLE VEHICLE,N,Y,48.431085,-123.527716,N,MAY,N,LANGFORD,LANGFORD,LANGFORD,N,N,N,VANCOUVER ISLAND,HAPPY VALLEY RD & WALFRED RD,HAPPY VALLEY RD,HAPPY VALLEY RD,12:00-14:59,1,1
N,CASUALTY CRASH,WALNUT AVE,N,2025,FRIDAY,SIDE IMPACT,N,Y,50.69323,-120.355002,N,MAY,N,KAMLOOPS,KAMLOOPS,KAMLOOPS,N,N,N,SOUTHERN INTERIOR,FORTUNE DR & WALNUT AVE,FORTUNE DR,FORTUNE DR,12:00-14:59,1,1
N,CASUALTY CRASH,WESTMINSTER HWY,N,2025,FRIDAY,SINGLE VEHICLE,N,Y,49.170137,-123.124629,N,MAY,N,RICHMOND,RICHMOND,RICHMOND,N,N,Y,LOWER MAINLAND,GARDEN CITY RD & WESTMINSTER HWY,GARDEN CITY RD,GARDEN CITY RD,12:00-14:59,1,1
N,CASUALTY CRASH,WILLOW ST,N,2025,FRIDAY,SIDE IMPACT,N,Y,50.030821,-125.274778,N,MAY,N,CAMPBELL RIVER,CAMPBELL RIVER,CAMPBELL RIVER,N,N,N,VANCOUVER ISLAND,16TH AVE & WILLOW ST,16TH AVE,16TH AVE,12:00-14:59,1,1
N,CASUALTY CRASH,WILLOWBROOK DR,N,2025,FRIDAY,CONFLICTED,N,Y,49.116745,-122.66857,N,MAY,N,LANGLEY,LANGLEY,LANGLEY,N,N,N,LOWER MAINLAND,200 ST & WILLOWBROOK DR & TURNING LANE,200 ST,200 ST,12:00-14:59,1,1
N,CASUALTY CRASH,YATES ST,N,2025,FRIDAY,REAR END,N,Y,48.426313,-123.364899,N,MAY,N,VICTORIA,VICTORIA,VICTORIA,N,N,N,VANCOUVER ISLAND,DOUGLAS ST & YATES ST,DOUGLAS ST,DOUGLAS ST,12:00-14:59,1,1
N,CASUALTY CRASH,YOUNG RD,N,2025,FRIDAY,SINGLE VEHICLE,N,Y,49.164263,-121.952582,N,MAY,N,CHILLIWACK,CHILLIWACK,CHILLIWACK,N,N,Y,LOWER MAINLAND,RAILWAY AVE & YOUNG RD,RAILWAY AVE,RAILWAY AVE,12:00-14:59,1,1
N,CASUALTY CRASH,YOUNG RD,Y,2025,FRIDAY,SINGLE VEHICLE,N,Y,49.158242,-121.952297,N,MAY,N,CHILLIWACK,CHILLIWACK,CHILLIWACK,N,Y,N,LOWER MAINLAND,HOCKING AVE & SOUTHLANDS DR & YOUNG RD,HOCKING AVE,HOCKING AVE,12:00-14:59,1,2
N,PROPERTY DAMAGE ONLY,\N,N,2025,FRIDAY,CONFLICTED,N,N,\N,\N,N,MAY,N,FRUITVALE,FRUITVALE,\N,Y,N,N,SOUTHERN INTERIOR,UNKNOWN,CHAMPION LAKES ROAD,CHAMPION LAKES ROAD,12:00-14:59,1,0
N,PROPERTY DAMAGE ONLY,\N,N,2025,FRIDAY,CONFLICTED,N,N,\N,\N,N,MAY,N,SURREY,SURREY,\N,Y,Y,N,LOWER MAINLAND,UNKNOWN,GEORGE JCT,GEORGE JCT,12:00-14:59,1,0
N,PROPERTY DAMAGE ONLY,\N,N,2025,FRIDAY,CONFLICTED,N,N,\N,\N,N,MAY,N,VICTORIA,VICTORIA,\N,Y,Y,N,VANCOUVER ISLAND,UNKNOWN,CALEB PIKE RD,CALEB PIKE RD,12:00-14:59,1,0
N,PROPERTY DAMAGE ONLY,\N,N,2025,FRIDAY,CONFLICTED,N,N,\N,\N,N,MAY,N,VICTORIA,VICTORIA,\N,Y,Y,N,VANCOUVER ISLAND,UNKNOWN,SAANICH RD W,SAANICH RD W,12:00-14:59,1,0
N,PROPERTY DAMAGE ONLY,\N,N,2025,FRIDAY,CONFLICTED,N,N,\N,\N,N,MAY,Y,MERRITT,MERRITT,\N,N,N,N,SOUTHERN INTERIOR,UNKNOWN,JUNIPER DRIVE,JUNIPER DRIVE,12:00-14:59,1,0
N,PROPERTY DAMAGE ONLY,\N,N,2025,FRIDAY,CONFLICTED,N,N,48.380446,-123.530618,Y,MAY,N,METCHOSIN,METCHOSIN,METCHOSIN,Y,Y,N,VANCOUVER ISLAND,METCHOSIN RD # 004324 TO 004399,METCHOSIN RD,METCHOSIN RD,12:00-14:59,1,0
N,PROPERTY DAMAGE ONLY,\N,N,2025,FRIDAY,CONFLICTED,N,N,49.021743,-122.265356,Y,MAY,N,ABBOTSFORD,ABBOTSFORD,ABBOTSFORD,N,N,N,LOWER MAINLAND,SUMAS WAY # 001000 TO 001189,SUMAS WAY,SUMAS WAY,12:00-14:59,1,0
N,PROPERTY DAMAGE ONLY,\N,N,2025,FRIDAY,CONFLICTED,N,N,49.021743,-122.265356,Y,MAY,N,ABBOTSFORD,ABBOTSFORD,ABBOTSFORD,N,Y,N,LOWER MAINLAND,SUMAS WAY # 001000 TO 001189,SUMAS WAY,SUMAS WAY,12:00-14:59,1,0
N,PROPERTY DAMAGE ONLY,\N,N,2025,FRIDAY,CONFLICTED,N,N,49.031306,-122.865902,Y,MAY,N,SURREY,SURREY,SURREY,N,Y,N,LOWER MAINLAND,16 AVE # 012840 TO 012879,16 AVE,16 AVE,12:00-14:59,1,0
N,PROPERTY DAMAGE ONLY,\N,N,2025,FRIDAY,CONFLICTED,N,N,49.031355,-122.286871,Y,MAY,N,ABBOTSFORD,ABBOTSFORD,ABBOTSFORD,Y,Y,N,LOWER MAINLAND,KING RD # 033800 TO 033859,KING RD,KING RD,12:00-14:59,1,0
N,PROPERTY DAMAGE ONLY,\N,N,2025,FRIDAY,CONFLICTED,N,N,49.111232,-122.679132,Y,MAY,N,LANGLEY,LANGLEY,LANGLEY,Y,Y,N,LOWER MAINLAND,60 AVE # 019600 TO 019649,60 AVE,60 AVE,12:00-14:59,1,0
N,PROPERTY DAMAGE ONLY,\N,N,2025,FRIDAY,CONFLICTED,N,N,49.11696,-123.059779,Y,MAY,N,DELTA,DELTA,DELTA,Y,Y,N,LOWER MAINLAND,RIVER RD # 006251 TO 006359,RIVER RD,RIVER RD,12:00-14:59,1,0
N,PROPERTY DAMAGE ONLY,\N,N,2025,FRIDAY,CONFLICTED,N,N,49.118926,-122.655649,Y,MAY,N,LANGLEY,LANGLEY,LANGLEY,N,Y,N,LOWER MAINLAND,64 AVE # 020351 TO 020499 odd,64 AVE,64 AVE,12:00-14:59,1,0
N,PROPERTY DAMAGE ONLY,\N,N,2025,FRIDAY,CONFLICTED,N,N,49.144821,-122.009285,Y,MAY,N,CHILLIWACK,CHILLIWACK,CHILLIWACK,Y,Y,N,LOWER MAINLAND,INDUSTRIAL WAY # 043800 TO 043998,INDUSTRIAL WAY,INDUSTRIAL WAY,12:00-14:59,1,0
N,PROPERTY DAMAGE ONLY,\N,N,2025,FRIDAY,CONFLICTED,N,N,49.155466,-123.123947,Y,MAY,N,RICHMOND,RICHMOND,RICHMOND,Y,Y,N,LOWER MAINLAND,BLUNDELL RD # 009000 TO 009159,BLUNDELL RD,BLUNDELL RD,12:00-14:59,1,0
N,PROPERTY DAMAGE ONLY,\N,N,2025,FRIDAY,CONFLICTED,N,N,49.156702,-122.89046,Y,MAY,N,DELTA,DELTA,DELTA,Y,Y,N,LOWER MAINLAND,120 ST # 008401 TO 008499 odd,120 ST,120 ST,12:00-14:59,1,0
N,PROPERTY DAMAGE ONLY,\N,N,2025,FRIDAY,CONFLICTED,N,N,49.192718,-123.161664,Y,MAY,N,RICHMOND,RICHMOND,RICHMOND,N,N,N,LOWER MAINLAND,GRANT MCCONACHIE WAY # 005000 TO 006248 even,GRANT MCCONACHIE WAY,GRANT MCCONACHIE WAY,12:00-14:59,1,0
N,PROPERTY DAMAGE ONLY,\N,N,2025,FRIDAY,CONFLICTED,N,N,49.224195,-122.613501,Y,MAY,N,MAPLE RIDGE,MAPLE RIDGE,MAPLE RIDGE,Y,Y,N,LOWER MAINLAND,122 AVE # 021900 TO 021999,122 AVE,122 AVE,12:00-14:59,1,0
N,PROPERTY DAMAGE ONLY,\N,N,2025,FRIDAY,CONFLICTED,N,N,49.227818,-123.090688,Y,MAY,N,VANCOUVER,VANCOUVER,VANCOUVER,Y,Y,N,LOWER MAINLAND,FRASER ST # 006200 TO 006299,FRASER ST,FRASER ST,12:00-14:59,1,0
N,PROPERTY DAMAGE ONLY,\N,N,2025,FRIDAY,CONFLICTED,N,N,49.228347,-123.005383,Y,MAY,N,BURNABY,BURNABY,BURNABY,Y,Y,N,LOWER MAINLAND,KINGSBOROUGH ST # 004400 TO 004599,KINGSBOROUGH ST,KINGSBOROUGH ST,12:00-14:59,1,0
N,PROPERTY DAMAGE ONLY,\N,N,2025,FRIDAY,CONFLICTED,N,N,49.233409,-123.03449,Y,MAY,N,VANCOUVER,VANCOUVER,VANCOUVER,Y,Y,N,LOWER MAINLAND,KINGSWAY # 003320 TO 003363,KINGSWAY,KINGSWAY,12:00-14:59,1,0
N,PROPERTY DAMAGE ONLY,\N,N,2025,FRIDAY,CONFLICTED,N,N,49.244548,-123.145499,Y,MAY,N,VANCOUVER,VANCOUVER,VANCOUVER,Y,N,N,LOWER MAINLAND,ANGUS DR # 004500 TO 004699,ANGUS DR,ANGUS DR,12:00-14:59,1,0
N,PROPERTY DAMAGE ONLY,\N,N,2025,FRIDAY,CONFLICTED,N,N,49.244962,-123.129981,Y,MAY,N,VANCOUVER,VANCOUVER,VANCOUVER,Y,N,N,LOWER MAINLAND,OSLER ST # 004500 TO 004599,OSLER ST,OSLER ST,12:00-14:59,1,0
N,PROPERTY DAMAGE ONLY,\N,N,2025,FRIDAY,CONFLICTED,N,N,49.251719,-122.918981,Y,MAY,N,BURNABY,BURNABY,BURNABY,Y,Y,N,LOWER MAINLAND,BRIGHTON AVE # 003400 TO 003599,BRIGHTON AVE,BRIGHTON AVE,12:00-14:59,1,0
N,PROPERTY DAMAGE ONLY,\N,N,2025,FRIDAY,CONFLICTED,N,N,49.260296,-123.153087,Y,MAY,N,VANCOUVER,VANCOUVER,VANCOUVER,Y,Y,N,LOWER MAINLAND,ARBUTUS ST # 002848 TO 002899,ARBUTUS ST,ARBUTUS ST,12:00-14:59,1,0
N,PROPERTY DAMAGE ONLY,\N,N,2025,FRIDAY,CONFLICTED,N,N,49.267219,-122.813787,Y,MAY,N,COQUITLAM,COQUITLAM,COQUITLAM,N,N,N,LOWER MAINLAND,MARINER WAY # 003000 TO 003109,MARINER WAY,MARINER WAY,12:00-14:59,1,0
N,PROPERTY DAMAGE ONLY,\N,N,2025,FRIDAY,CONFLICTED,N,N,49.308551,-123.040477,Y,MAY,N,NORTH VANCOUVER,NORTH VANCOUVER,NORTH VANCOUVER,N,Y,N,LOWER MAINLAND,BROOKSBANK AVE # 000300 TO 000349,BROOKSBANK AVE,BROOKSBANK AVE,12:00-14:59,1,0
N,PROPERTY DAMAGE ONLY,\N,N,2025,FRIDAY,CONFLICTED,N,N,49.501427,-119.609519,Y,MAY,N,PENTICTON,PENTICTON,PENTICTON,N,N,N,SOUTHERN INTERIOR,LAKESHORE DR W # 000976 TO 001089,LAKESHORE DR W,LAKESHORE DR W,12:00-14:59,1,0
N,PROPERTY DAMAGE ONLY,\N,N,2025,FRIDAY,CONFLICTED,N,N,49.673553,-124.926809,Y,MAY,N,COMOX,COMOX,COMOX,Y,Y,N,VANCOUVER ISLAND,COMOX AVE # 001770 TO 001819,COMOX AVE,COMOX AVE,12:00-14:59,1,0
N,PROPERTY DAMAGE ONLY,\N,N,2025,FRIDAY,CONFLICTED,N,N,49.885343,-119.479912,Y,MAY,N,KELOWNA,KELOWNA,KELOWNA,N,N,N,SOUTHERN INTERIOR,LAWRENCE AVE # 000900 TO 001099,LAWRENCE AVE,LAWRENCE AVE,12:00-14:59,1,0
N,PROPERTY DAMAGE ONLY,\N,N,2025,FRIDAY,CONFLICTED,N,N,49.893346,-119.389039,Y,MAY,N,KELOWNA,KELOWNA,KELOWNA,Y,Y,N,SOUTHERN INTERIOR,PONTO RD # 000100 TO 000299,PONTO RD,PONTO RD,12:00-14:59,1,0
N,PROPERTY DAMAGE ONLY,\N,N,2025,FRIDAY,CONFLICTED,N,N,49.905828,-119.386806,Y,MAY,N,KELOWNA,KELOWNA,KELOWNA,N,N,N,SOUTHERN INTERIOR,RUTLAND RD N # 001300 TO 001359,RUTLAND RD N,RUTLAND RD N,12:00-14:59,1,0
N,PROPERTY DAMAGE ONLY,\N,N,2025,FRIDAY,CONFLICTED,N,N,49.921894,-119.385022,Y,MAY,N,KELOWNA,KELOWNA,KELOWNA,Y,Y,N,SOUTHERN INTERIOR,PENNO RD # 000124 TO 000249,PENNO RD,PENNO RD,12:00-14:59,1,0
N,PROPERTY DAMAGE ONLY,\N,N,2025,FRIDAY,CONFLICTED,N,N,50.11048,-120.7906,Y,MAY,N,MERRITT,MERRITT,MERRITT,N,Y,N,SOUTHERN INTERIOR,QUILCHENA AVE # 001900 TO 001999,QUILCHENA AVE,QUILCHENA AVE,12:00-14:59,1,0
N,PROPERTY DAMAGE ONLY,\N,N,2025,FRIDAY,CONFLICTED,N,N,54.77984,-127.168206,Y,MAY,N,SMITHERS,SMITHERS,SMITHERS,N,Y,N,NORTH CENTRAL,3RD AVE # 003700 TO 003773,3RD AVE,3RD AVE,12:00-14:59,1,0
N,PROPERTY DAMAGE ONLY,\N,N,2025,FRIDAY,HEAD ON,N,N,49.043099,-122.355368,Y,MAY,N,ABBOTSFORD,ABBOTSFORD,ABBOTSFORD,Y,N,N,LOWER MAINLAND,WINDSOR ST # 002238 TO 002273,WINDSOR ST,WINDSOR ST,12:00-14:59,1,0
N,PROPERTY DAMAGE ONLY,\N,N,2025,FRIDAY,HEAD ON,N,N,49.13904,-123.172049,Y,MAY,N,RICHMOND,RICHMOND,RICHMOND,Y,N,N,LOWER MAINLAND,FRESHWATER DR # 010150 TO 010499,FRESHWATER DR,FRESHWATER DR,12:00-14:59,1,0
N,PROPERTY DAMAGE ONLY,\N,N,2025,FRIDAY,HEAD ON,N,N,49.153566,-123.15893,Y,MAY,N,RICHMOND,RICHMOND,RICHMOND,Y,Y,N,LOWER MAINLAND,NO 2 RD # 008000 TO 008451,NO 2 RD,NO 2 RD,12:00-14:59,1,0
N,PROPERTY DAMAGE ONLY,\N,N,2025,FRIDAY,HEAD ON,N,N,49.171995,-123.134012,Y,MAY,N,RICHMOND,RICHMOND,RICHMOND,Y,Y,N,LOWER MAINLAND,ACKROYD RD # 008100 TO 008399,ACKROYD RD,ACKROYD RD,12:00-14:59,1,0
N,PROPERTY DAMAGE ONLY,\N,N,2025,FRIDAY,HEAD ON,N,N,49.17687,-121.962423,Y,MAY,N,CHILLIWACK,CHILLIWACK,CHILLIWACK,Y,Y,N,LOWER MAINLAND,FERNWAY AVE # 045550 TO 045679,FERNWAY AVE,FERNWAY AVE,12:00-14:59,1,0
N,PROPERTY DAMAGE ONLY,\N,N,2025,FRIDAY,HEAD ON,N,N,49.28222,-122.796103,Y,MAY,N,COQUITLAM,COQUITLAM,COQUITLAM,Y,N,N,LOWER MAINLAND,THE HIGH ST # 001156 TO 001179,THE HIGH ST,THE HIGH ST,12:00-14:59,1,0
N,PROPERTY DAMAGE ONLY,\N,N,2025,FRIDAY,MULTIPLE IMPACTS,N,N,\N,\N,N,MAY,N,PORT COQUITLAM,PORT COQUITLAM,\N,Y,Y,N,LOWER MAINLAND,UNKNOWN,NICOLA AVENUE,NICOLA AVENUE,12:00-14:59,1,0
N,PROPERTY DAMAGE ONLY,\N,N,2025,FRIDAY,REAR END,N,N,\N,\N,N,MAY,N,ABBOTSFORD,ABBOTSFORD,\N,Y,Y,N,LOWER MAINLAND,UNKNOWN,MOUNT LEHMAN RD,MOUNT LEHMAN RD,12:00-14:59,1,0
N,PROPERTY DAMAGE ONLY,\N,N,2025,FRIDAY,REAR END,N,N,\N,\N,N,MAY,N,CHILLIWACK,CHILLIWACK,\N,N,Y,N,LOWER MAINLAND,UNKNOWN,YALE RD.,YALE RD.,12:00-14:59,1,0
N,PROPERTY DAMAGE ONLY,\N,N,2025,FRIDAY,REAR END,N,N,\N,\N,N,MAY,N,NORTH VANCOUVER,NORTH VANCOUVER,\N,N,N,N,LOWER MAINLAND,UNKNOWN,MOUNTAIN HWY,MOUNTAIN HWY,12:00-14:59,1,0
N,PROPERTY DAMAGE ONLY,\N,N,2025,FRIDAY,REAR END,N,N,\N,\N,N,MAY,N,SURREY,SURREY,\N,Y,Y,N,LOWER MAINLAND,UNKNOWN,120-1959 152ND STREET,120-1959 152ND STREET,12:00-14:59,1,0
N,PROPERTY DAMAGE ONLY,\N,N,2025,FRIDAY,REAR END,N,N,\N,\N,N,MAY,N,UBC,UBC,\N,Y,N,N,LOWER MAINLAND,UNKNOWN,WESBROOK MALL,WESBROOK MALL,12:00-14:59,1,0
N,PROPERTY DAMAGE ONLY,\N,N,2025,FRIDAY,REAR END,N,N,48.426512,-123.334598,Y,MAY,N,VICTORIA,VICTORIA,VICTORIA,Y,N,N,VANCOUVER ISLAND,OAK BAY AVE # 001610 TO 001649,OAK BAY AVE,OAK BAY AVE,12:00-14:59,1,0
N,PROPERTY DAMAGE ONLY,\N,N,2025,FRIDAY,REAR END,N,N,48.454686,-123.373315,Y,MAY,N,SAANICH,SAANICH,SAANICH,N,Y,N,VANCOUVER ISLAND,SAANICH RD # 003430 TO 003508 even,SAANICH RD,SAANICH RD,12:00-14:59,1,0
N,PROPERTY DAMAGE ONLY,\N,N,2025,FRIDAY,REAR END,N,N,48.458967,-123.503043,Y,MAY,N,LANGFORD,LANGFORD,LANGFORD,Y,Y,N,VANCOUVER ISLAND,MCCALLUM RD # 000790 TO 000799,MCCALLUM RD,MCCALLUM RD,12:00-14:59,1,0
N,PROPERTY DAMAGE ONLY,\N,N,2025,FRIDAY,REAR END,N,N,49.002979,-119.464249,Y,MAY,N,OSOYOOS,OSOYOOS,OSOYOOS,N,N,N,SOUTHERN INTERIOR,HWY 97 # 000600 TO 001099,HWY 97,HWY 97,12:00-14:59,1,0
N,PROPERTY DAMAGE ONLY,\N,N,2025,FRIDAY,REAR END,N,N,49.026658,-122.80116,Y,MAY,N,WHITE ROCK,WHITE ROCK,WHITE ROCK,Y,Y,N,LOWER MAINLAND,JOHNSTON RD # 001300 TO 001399,JOHNSTON RD,JOHNSTON RD,12:00-14:59,1,0
N,PROPERTY DAMAGE ONLY,\N,N,2025,FRIDAY,REAR END,N,N,49.047019,-122.786299,Y,MAY,N,SURREY,SURREY,SURREY,Y,Y,N,LOWER MAINLAND,CROYDON DR # 015700 TO 015769,CROYDON DR,CROYDON DR,12:00-14:59,1,0
N,PROPERTY DAMAGE ONLY,\N,N,2025,FRIDAY,REAR END,N,N,49.049042,-122.339059,Y,MAY,N,ABBOTSFORD,ABBOTSFORD,ABBOTSFORD,Y,Y,N,LOWER MAINLAND,SOUTH FRASER WAY # 031900 TO 031999,SOUTH FRASER WAY,SOUTH FRASER WAY,12:00-14:59,1,0
N,PROPERTY DAMAGE ONLY,\N,N,2025,FRIDAY,REAR END,N,N,49.061774,-122.381216,Y,MAY,N,ABBOTSFORD,ABBOTSFORD,ABBOTSFORD,N,Y,N,LOWER MAINLAND,MT LEHMAN RD # 003200 TO 003319,MT LEHMAN RD,MT LEHMAN RD,12:00-14:59,1,0
N,PROPERTY DAMAGE ONLY,\N,N,2025,FRIDAY,REAR END,N,N,49.067795,-122.139345,Y,MAY,N,ABBOTSFORD,ABBOTSFORD,ABBOTSFORD,Y,Y,N,LOWER MAINLAND,MARION RD # 003200 TO 003999,MARION RD,MARION RD,12:00-14:59,1,0
N,PROPERTY DAMAGE ONLY,\N,N,2025,FRIDAY,REAR END,N,N,49.090152,-123.064172,Y,MAY,N,DELTA,DELTA,DELTA,N,N,N,LOWER MAINLAND,LADNER TRUNK RD # 005700 TO 005798 even,LADNER TRUNK RD,LADNER TRUNK RD,12:00-14:59,1,0
N,PROPERTY DAMAGE ONLY,\N,N,2025,FRIDAY,REAR END,N,N,49.097073,-122.62885,Y,MAY,N,LANGLEY,LANGLEY,LANGLEY,N,Y,N,LOWER MAINLAND,FRASER HWY # 021322 TO 021598 even,FRASER HWY,FRASER HWY,12:00-14:59,1,0
N,PROPERTY DAMAGE ONLY,\N,N,2025,FRIDAY,REAR END,N,N,49.124845,-122.795454,Y,MAY,N,SURREY,SURREY,SURREY,N,Y,N,LOWER MAINLAND,154 ST # 006701 TO 006749,154 ST,154 ST,12:00-14:59,1,0
N,PROPERTY DAMAGE ONLY,\N,N,2025,FRIDAY,REAR END,N,N,49.134512,-122.845485,Y,MAY,N,SURREY,SURREY,SURREY,N,N,N,LOWER MAINLAND,KING GEORGE BLVD # 007200 TO 007298 even,KING GEORGE BLVD,KING GEORGE BLVD,12:00-14:59,1,0
N,PROPERTY DAMAGE ONLY,\N,N,2025,FRIDAY,REAR END,N,N,49.140212,-122.318148,Y,MAY,N,MISSION,MISSION,MISSION,Y,Y,N,LOWER MAINLAND,7TH AVE # 032680 TO 032799,7TH AVE,7TH AVE,12:00-14:59,1,0
N,PROPERTY DAMAGE ONLY,\N,N,2025,FRIDAY,REAR END,N,N,49.158918,-123.934132,Y,MAY,N,NANAIMO,NANAIMO,NANAIMO,N,Y,N,VANCOUVER ISLAND,NICOL ST # 000100 TO 000199,NICOL ST,NICOL ST,12:00-14:59,1,0
N,PROPERTY DAMAGE ONLY,\N,N,2025,FRIDAY,REAR END,N,N,49.178366,-123.13525,Y,MAY,N,RICHMOND,RICHMOND,RICHMOND,Y,Y,N,LOWER MAINLAND,ALEXANDRA RD # 008000 TO 008159,ALEXANDRA RD,ALEXANDRA RD,12:00-14:59,1,0
N,PROPERTY DAMAGE ONLY,\N,N,2025,FRIDAY,REAR END,N,N,49.224704,-122.673335,Y,MAY,N,PITT MEADOWS,PITT MEADOWS,PITT MEADOWS,N,Y,N,LOWER MAINLAND,LOUGHEED HWY # 019800 TO 019808 even,LOUGHEED HWY,LOUGHEED HWY,12:00-14:59,1,0
N,PROPERTY DAMAGE ONLY,\N,N,2025,FRIDAY,REAR END,N,N,49.226349,-122.675738,Y,MAY,N,PITT MEADOWS,PITT MEADOWS,PITT MEADOWS,Y,Y,N,LOWER MAINLAND,MEADOW GARDENS WAY # 019672 TO 019679,MEADOW GARDENS WAY,MEADOW GARDENS WAY,12:00-14:59,1,0
N,PROPERTY DAMAGE ONLY,\N,N,2025,FRIDAY,REAR END,N,N,49.229897,-123.003852,Y,MAY,N,BURNABY,BURNABY,BURNABY,Y,Y,N,LOWER MAINLAND,KINGSWAY # 004500 TO 004555,KINGSWAY,KINGSWAY,12:00-14:59,1,0
N,PROPERTY DAMAGE ONLY,\N,N,2025,FRIDAY,REAR END,N,N,49.237059,-124.048518,Y,MAY,N,NANAIMO,NANAIMO,NANAIMO,N,Y,N,VANCOUVER ISLAND,MALL ACCESS # 006631 TO 006631 odd,ISLAND HWY N,ISLAND HWY N,12:00-14:59,1,0
N,PROPERTY DAMAGE ONLY,\N,N,2025,FRIDAY,REAR END,N,N,49.240225,-123.021687,Y,MAY,N,BURNABY,BURNABY,BURNABY,Y,Y,N,LOWER MAINLAND,PRICE ST # 003700 TO 003799,PRICE ST,PRICE ST,12:00-14:59,1,0
N,PROPERTY DAMAGE ONLY,\N,N,2025,FRIDAY,REAR END,N,N,49.259406,-123.061076,Y,MAY,N,VANCOUVER,VANCOUVER,VANCOUVER,N,Y,N,LOWER MAINLAND,GRANDVIEW HWY S # 002110 TO 002199,E 12TH AVE,E 12TH AVE,12:00-14:59,1,0
N,PROPERTY DAMAGE ONLY,\N,N,2025,FRIDAY,REAR END,N,N,49.259757,-123.092069,Y,MAY,N,VANCOUVER,VANCOUVER,VANCOUVER,Y,Y,N,LOWER MAINLAND,E 12TH AVE # 000500 TO 000599,E 12TH AVE,E 12TH AVE,12:00-14:59,1,0
N,PROPERTY DAMAGE ONLY,\N,N,2025,FRIDAY,REAR END,N,N,49.261809,-123.002392,Y,MAY,N,BURNABY,BURNABY,BURNABY,Y,Y,N,LOWER MAINLAND,STILL CREEK DR # 004500 TO 004599,STILL CREEK DR,STILL CREEK DR,12:00-14:59,1,0
N,PROPERTY DAMAGE ONLY,\N,N,2025,FRIDAY,REAR END,N,N,49.262664,-123.140224,Y,MAY,N,VANCOUVER,VANCOUVER,VANCOUVER,Y,N,N,LOWER MAINLAND,W 10TH AVE # 001534 TO 001599,W 10TH AVE,W 10TH AVE,12:00-14:59,1,0
N,PROPERTY DAMAGE ONLY,\N,N,2025,FRIDAY,REAR END,N,N,49.268505,-123.075446,Y,MAY,N,VANCOUVER,VANCOUVER,VANCOUVER,Y,N,N,LOWER MAINLAND,MCLEAN DR # 001800 TO 001851,MCLEAN DR,MCLEAN DR,12:00-14:59,1,0
N,PROPERTY DAMAGE ONLY,\N,N,2025,FRIDAY,REAR END,N,N,49.325809,-123.139912,Y,MAY,N,WEST VANCOUVER,WEST VANCOUVER,WEST VANCOUVER,N,Y,N,LOWER MAINLAND,PARK ROYAL SOUTH # 001131 TO 003000,PARK ROYAL SOUTH,PARK ROYAL SOUTH,12:00-14:59,1,0
N,PROPERTY DAMAGE ONLY,\N,N,2025,FRIDAY,REAR END,N,N,49.602837,-119.667291,Y,MAY,N,SUMMERLAND,SUMMERLAND,SUMMERLAND,Y,Y,N,SOUTHERN INTERIOR,PRAIRIE VALLEY RD # 007500 TO 008099,PRAIRIE VALLEY RD,PRAIRIE VALLEY RD,12:00-14:59,1,0
N,PROPERTY DAMAGE ONLY,\N,N,2025,FRIDAY,REAR END,N,N,49.707857,-124.962381,Y,MAY,N,COURTENAY,COURTENAY,COURTENAY,N,Y,N,VANCOUVER ISLAND,LERWICK RD # 000400 TO 001149,LERWICK RD,LERWICK RD,12:00-14:59,1,0
N,PROPERTY DAMAGE ONLY,\N,N,2025,FRIDAY,REAR END,N,N,49.846472,-124.516045,Y,MAY,N,POWELL RIVER,POWELL RIVER,POWELL RIVER,Y,Y,N,VANCOUVER ISLAND,ALBERNI ST # 007100 TO 007119,ALBERNI ST,ALBERNI ST,12:00-14:59,1,0
N,PROPERTY DAMAGE ONLY,\N,N,2025,FRIDAY,REAR END,N,N,49.881676,-119.476945,Y,MAY,N,KELOWNA,KELOWNA,KELOWNA,Y,Y,N,SOUTHERN INTERIOR,GORDON DR # 001801 TO 001849 odd,GORDON DR,GORDON DR,12:00-14:59,1,0
N,PROPERTY DAMAGE ONLY,\N,N,2025,FRIDAY,REAR END,N,N,49.88835,-119.375259,Y,MAY,N,KELOWNA,KELOWNA,KELOWNA,N,Y,N,SOUTHERN INTERIOR,HWY 33 E # 000531 TO 000599,HWY 33,HWY 33,12:00-14:59,1,0
N,PROPERTY DAMAGE ONLY,\N,N,2025,FRIDAY,REAR END,N,N,50.282738,-119.266716,Y,MAY,N,VERNON,VERNON,VERNON,Y,Y,N,SOUTHERN INTERIOR,27 ST # 004800 TO 004998 even,27 ST,27 ST,12:00-14:59,1,0
N,PROPERTY DAMAGE ONLY,\N,N,2025,FRIDAY,REAR END,N,N,52.925729,-119.363599,Y,MAY,N,TETE JAUNE,TETE JAUNE,TETE JAUNE,N,Y,N,NORTH CENTRAL,HWY 5 N # 009686 TO 011299,YELLOWHEAD HWY,YELLOWHEAD HWY,12:00-14:59,1,0
N,PROPERTY DAMAGE ONLY,\N,N,2025,FRIDAY,REAR END,Y,N,\N,\N,N,MAY,N,WHITE ROCK,WHITE ROCK,\N,N,N,N,LOWER MAINLAND,UNKNOWN,UNKNOWN,UNKNOWN,12:00-14:59,1,0
N,PROPERTY DAMAGE ONLY,\N,N,2025,FRIDAY,REAR END,Y,N,49.016876,-122.438712,Y,MAY,N,ABBOTSFORD,ABBOTSFORD,ABBOTSFORD,N,N,N,LOWER MAINLAND,HUNTINGDON RD # 028328 TO 028410,HUNTINGDON RD,HUNTINGDON RD,12:00-14:59,1,0
N,PROPERTY DAMAGE ONLY,\N,N,2025,FRIDAY,REAR END,Y,N,49.209887,-122.897265,Y,MAY,N,NEW WESTMINSTER,NEW WESTMINSTER,NEW WESTMINSTER,N,N,N,LOWER MAINLAND,FRONT ST # 000000 TO 000099,FRONT ST,FRONT ST,12:00-14:59,1,0
N,PROPERTY DAMAGE ONLY,\N,N,2025,FRIDAY,REAR END,Y,N,49.220492,-122.605243,Y,MAY,N,MAPLE RIDGE,MAPLE RIDGE,MAPLE RIDGE,Y,Y,N,LOWER MAINLAND,DEWDNEY TRUNK RD # 022250 TO 022298,DEWDNEY TRUNK RD,DEWDNEY TRUNK RD,12:00-14:59,1,0
N,PROPERTY DAMAGE ONLY,\N,N,2025,FRIDAY,REAR END,Y,N,49.887303,-119.476367,Y,MAY,N,KELOWNA,KELOWNA,KELOWNA,Y,Y,N,SOUTHERN INTERIOR,LAWSON AVE # 001100 TO 001139,LAWSON AVE,LAWSON AVE,12:00-14:59,1,0
N,PROPERTY DAMAGE ONLY,\N,N,2025,FRIDAY,REAR TO REAR,N,N,\N,\N,N,MAY,N,LADYSMITH,LADYSMITH,\N,Y,Y,N,VANCOUVER ISLAND,UNKNOWN,DAVID RD,DAVID RD,12:00-14:59,1,0
N,PROPERTY DAMAGE ONLY,\N,N,2025,FRIDAY,REAR TO REAR,N,N,\N,\N,N,MAY,N,VANCOUVER,VANCOUVER,\N,Y,Y,N,LOWER MAINLAND,UNKNOWN,GRANDVIEW HWY,GRANDVIEW HWY,12:00-14:59,1,0
N,PROPERTY DAMAGE ONLY,\N,N,2025,FRIDAY,REAR TO REAR,N,N,48.42711,-123.319303,Y,MAY,N,OAK BAY,OAK BAY,OAK BAY,Y,Y,N,VANCOUVER ISLAND,ELGIN RD # 001570 TO 001599,ELGIN RD,ELGIN RD,12:00-14:59,1,0
N,PROPERTY DAMAGE ONLY,\N,N,2025,FRIDAY,REAR TO REAR,N,N,48.427692,-123.546618,Y,MAY,N,LANGFORD,LANGFORD,LANGFORD,Y,Y,N,VANCOUVER ISLAND,WEST SHORE PKY # 004360 TO 004402,WEST SHORE PKY,WEST SHORE PKY,12:00-14:59,1,0
N,PROPERTY DAMAGE ONLY,\N,N,2025,FRIDAY,REAR TO REAR,N,N,48.436456,-123.503401,Y,MAY,N,COLWOOD,COLWOOD,COLWOOD,Y,N,N,VANCOUVER ISLAND,CHANTEL PL # 003030 TO 003049,CHANTEL PL,CHANTEL PL,12:00-14:59,1,0
N,PROPERTY DAMAGE ONLY,\N,N,2025,FRIDAY,REAR TO REAR,N,N,49.052726,-122.310404,Y,MAY,N,ABBOTSFORD,ABBOTSFORD,ABBOTSFORD,Y,Y,N,LOWER MAINLAND,BOURQUIN CRES W # 002760 TO 002791,BOURQUIN CRES W,BOURQUIN CRES W,12:00-14:59,1,0
N,PROPERTY DAMAGE ONLY,\N,N,2025,FRIDAY,REAR TO REAR,N,N,49.122602,-122.661894,Y,MAY,N,LANGLEY,LANGLEY,LANGLEY,Y,Y,N,LOWER MAINLAND,66 AVE # 020170 TO 020299,66 AVE,66 AVE,12:00-14:59,1,0
N,PROPERTY DAMAGE ONLY,\N,N,2025,FRIDAY,REAR TO REAR,N,N,49.142237,-121.968027,Y,MAY,N,CHILLIWACK,CHILLIWACK,CHILLIWACK,Y,Y,N,LOWER MAINLAND,LUCKAKUCK WAY # 045350 TO 045459,LUCKAKUCK WAY,LUCKAKUCK WAY,12:00-14:59,1,0
N,PROPERTY DAMAGE ONLY,\N,N,2025,FRIDAY,REAR TO REAR,N,N,49.181301,-123.136662,Y,MAY,N,RICHMOND,RICHMOND,RICHMOND,N,Y,N,LOWER MAINLAND,NO 3 RD # 004201 TO 004679 odd,NO 3 RD,NO 3 RD,12:00-14:59,1,0
N,PROPERTY DAMAGE ONLY,\N,N,2025,FRIDAY,REAR TO REAR,N,N,49.181742,-123.125178,Y,MAY,N,RICHMOND,RICHMOND,RICHMOND,N,Y,N,LOWER MAINLAND,ODLIN RD # 008738 TO 008799,ODLIN RD,ODLIN RD,12:00-14:59,1,0
N,PROPERTY DAMAGE ONLY,\N,N,2025,FRIDAY,REAR TO REAR,N,N,49.187003,-122.845527,Y,MAY,N,SURREY,SURREY,SURREY,Y,Y,N,LOWER MAINLAND,KING GEORGE BLVD # 010153 TO 010199 odd,KING GEORGE BLVD,KING GEORGE BLVD,12:00-14:59,1,0
N,PROPERTY DAMAGE ONLY,\N,N,2025,FRIDAY,REAR TO REAR,N,N,49.190637,-122.94719,Y,MAY,N,NEW WESTMINSTER,NEW WESTMINSTER,NEW WESTMINSTER,Y,Y,N,LOWER MAINLAND,BOYD ST # 000780 TO 000928,BOYD ST,BOYD ST,12:00-14:59,1,0
N,PROPERTY DAMAGE ONLY,\N,N,2025,FRIDAY,REAR TO REAR,N,N,49.20474,-122.770382,Y,MAY,N,SURREY,SURREY,SURREY,N,N,N,LOWER MAINLAND,163 ST # 011060 TO 011149,163 ST,163 ST,12:00-14:59,1,0
N,PROPERTY DAMAGE ONLY,\N,N,2025,FRIDAY,REAR TO REAR,N,N,49.204784,-124.003658,Y,MAY,N,NANAIMO,NANAIMO,NANAIMO,N,Y,N,VANCOUVER ISLAND,ISLAND HWY N # 003162 TO 003220 even,ISLAND HWY N,ISLAND HWY N,12:00-14:59,1,0
N,PROPERTY DAMAGE ONLY,\N,N,2025,FRIDAY,REAR TO REAR,N,N,49.210726,-123.099335,Y,MAY,N,VANCOUVER,VANCOUVER,VANCOUVER,Y,Y,N,LOWER MAINLAND,SE MARINE DR # 000300 TO 000388 even,SE MARINE DR,SE MARINE DR,12:00-14:59,1,0
N,PROPERTY DAMAGE ONLY,\N,N,2025,FRIDAY,REAR TO REAR,N,N,49.256153,-122.856342,Y,MAY,N,COQUITLAM,COQUITLAM,COQUITLAM,N,Y,N,LOWER MAINLAND,FOSTER AVE # 001300 TO 001402,FOSTER AVE,FOSTER AVE,12:00-14:59,1,0
N,PROPERTY DAMAGE ONLY,\N,N,2025,FRIDAY,REAR TO REAR,N,N,49.257484,-122.977654,Y,MAY,N,BURNABY,BURNABY,BURNABY,Y,Y,N,LOWER MAINLAND,NORLAND AVE # 002700 TO 003399,NORLAND AVE,NORLAND AVE,12:00-14:59,1,0
N,PROPERTY DAMAGE ONLY,\N,N,2025,FRIDAY,REAR TO REAR,N,N,49.257945,-122.79843,Y,MAY,N,COQUITLAM,COQUITLAM,COQUITLAM,Y,Y,N,LOWER MAINLAND,LOUGHEED HWY # 002708 TO 002749,LOUGHEED HWY,LOUGHEED HWY,12:00-14:59,1,0
N,PROPERTY DAMAGE ONLY,\N,N,2025,FRIDAY,REAR TO REAR,N,N,49.325809,-123.139912,Y,MAY,N,WEST VANCOUVER,WEST VANCOUVER,WEST VANCOUVER,N,Y,N,LOWER MAINLAND,PARK ROYAL SOUTH # 001131 TO 003000,PARK ROYAL SOUTH,PARK ROYAL SOUTH,12:00-14:59,1,0
N,PROPERTY DAMAGE ONLY,\N,N,2025,FRIDAY,REAR TO REAR,N,N,49.473329,-119.582322,Y,MAY,N,PENTICTON,PENTICTON,PENTICTON,Y,Y,N,SOUTHERN INTERIOR,MAIN ST # 002200 TO 002298 even,MAIN ST,MAIN ST,12:00-14:59,1,0
N,PROPERTY DAMAGE ONLY,\N,N,2025,FRIDAY,REAR TO REAR,N,N,49.475501,-119.57938,Y,MAY,N,PENTICTON,PENTICTON,PENTICTON,N,Y,N,SOUTHERN INTERIOR,WARREN AVE E # 000102 TO 000299,WARREN AVE E,WARREN AVE E,12:00-14:59,1,0
N,PROPERTY DAMAGE ONLY,\N,N,2025,FRIDAY,REAR TO REAR,N,N,49.49518,-117.296749,Y,MAY,N,NELSON,NELSON,NELSON,N,Y,N,SOUTHERN INTERIOR,LAKESIDE DR # 000208 TO 000699,LAKESIDE DR,LAKESIDE DR,12:00-14:59,1,0
N,PROPERTY DAMAGE ONLY,\N,N,2025,FRIDAY,REAR TO REAR,N,N,49.496172,-119.592377,Y,MAY,N,PENTICTON,PENTICTON,PENTICTON,Y,Y,N,SOUTHERN INTERIOR,MARTIN ST # 000400 TO 000499,MARTIN ST,MARTIN ST,12:00-14:59,1,0
N,PROPERTY DAMAGE ONLY,\N,N,2025,FRIDAY,REAR TO REAR,N,N,49.737211,-123.133457,Y,MAY,N,SQUAMISH,SQUAMISH,SQUAMISH,N,Y,N,LOWER MAINLAND,GLENALDER PL # 040195 TO 040216,GLENALDER PL,GLENALDER PL,12:00-14:59,1,0
N,PROPERTY DAMAGE ONLY,\N,N,2025,FRIDAY,REAR TO REAR,N,N,49.83324,-119.616864,Y,MAY,N,WEST KELOWNA,WEST KELOWNA,WEST KELOWNA,Y,Y,N,SOUTHERN INTERIOR,CARRINGTON RD # 003586 TO 003623,CARRINGTON RD,CARRINGTON RD,12:00-14:59,1,0
N,PROPERTY DAMAGE ONLY,\N,N,2025,FRIDAY,REAR TO REAR,N,N,49.844242,-124.528844,Y,MAY,N,POWELL RIVER,POWELL RIVER,POWELL RIVER,N,Y,N,VANCOUVER ISLAND,ALBERNI ST # 006800 TO 006813,ALBERNI ST,ALBERNI ST,12:00-14:59,1,0
N,PROPERTY DAMAGE ONLY,\N,N,2025,FRIDAY,REAR TO REAR,N,N,49.860065,-119.49121,Y,MAY,N,KELOWNA,KELOWNA,KELOWNA,Y,Y,N,SOUTHERN INTERIOR,LAKESHORE RD # 003100 TO 003289,LAKESHORE RD,LAKESHORE RD,12:00-14:59,1,0
N,PROPERTY DAMAGE ONLY,\N,N,2025,FRIDAY,REAR TO REAR,N,N,49.879497,-119.45457,Y,MAY,N,KELOWNA,KELOWNA,KELOWNA,N,Y,N,SOUTHERN INTERIOR,SPALL RD # 001850 TO 001920,SPALL RD,SPALL RD,12:00-14:59,1,0
N,PROPERTY DAMAGE ONLY,\N,N,2025,FRIDAY,REAR TO REAR,N,N,49.892149,-119.40412,Y,MAY,N,KELOWNA,KELOWNA,KELOWNA,Y,Y,N,SOUTHERN INTERIOR,HOUGHTON RD # 000800 TO 000999,HOUGHTON RD,HOUGHTON RD,12:00-14:59,1,0
N,PROPERTY DAMAGE ONLY,\N,N,2025,FRIDAY,REAR TO REAR,N,N,50.033818,-125.250304,Y,MAY,N,CAMPBELL RIVER,CAMPBELL RIVER,CAMPBELL RIVER,N,Y,N,VANCOUVER ISLAND,ISLAND HWY # 001382 TO 001444 even,ISLAND HWY,ISLAND HWY,12:00-14:59,1,0
N,PROPERTY DAMAGE ONLY,\N,N,2025,FRIDAY,REAR TO REAR,N,N,50.282738,-119.266716,Y,MAY,N,VERNON,VERNON,VERNON,Y,Y,N,SOUTHERN INTERIOR,27 ST # 004800 TO 004998 even,27 ST,27 ST,12:00-14:59,1,0
N,PROPERTY DAMAGE ONLY,\N,N,2025,FRIDAY,REAR TO REAR,N,N,50.689325,-120.358123,Y,MAY,N,KAMLOOPS,KAMLOOPS,KAMLOOPS,Y,Y,N,SOUTHERN INTERIOR,TRANQUILLE RD # 000350 TO 000399,TRANQUILLE RD,TRANQUILLE RD,12:00-14:59,1,0
N,PROPERTY DAMAGE ONLY,\N,N,2025,FRIDAY,REAR TO REAR,N,N,50.993127,-118.192838,Y,MAY,N,REVELSTOKE,REVELSTOKE,REVELSTOKE,Y,Y,N,SOUTHERN INTERIOR,VICTORIA RD E # 000550 TO 000599,VICTORIA RD E,VICTORIA RD E,12:00-14:59,1,0
N,PROPERTY DAMAGE ONLY,\N,N,2025,FRIDAY,SIDE IMPACT,N,N,\N,\N,N,MAY,N,ARMSTRONG,ARMSTRONG,\N,N,Y,N,SOUTHERN INTERIOR,UNKNOWN,SMITH DRIVE,SMITH DRIVE,12:00-14:59,1,0
N,PROPERTY DAMAGE ONLY,\N,N,2025,FRIDAY,SIDE IMPACT,N,N,\N,\N,N,MAY,N,CACHE CREEK,CACHE CREEK,\N,Y,Y,N,SOUTHERN INTERIOR,UNKNOWN,HWY 97,HWY 97,12:00-14:59,1,0
N,PROPERTY DAMAGE ONLY,\N,N,2025,FRIDAY,SIDE IMPACT,N,N,\N,\N,N,MAY,N,CASTLEGAR,CASTLEGAR,\N,N,N,N,SOUTHERN INTERIOR,UNKNOWN,COLUMBIA AVE,COLUMBIA AVE,12:00-14:59,1,0
N,PROPERTY DAMAGE ONLY,\N,N,2025,FRIDAY,SIDE IMPACT,N,N,\N,\N,N,MAY,N,DELTA,DELTA,\N,Y,N,N,LOWER MAINLAND,UNKNOWN,STAHAKEN PL,STAHAKEN PL,12:00-14:59,1,0
N,PROPERTY DAMAGE ONLY,\N,N,2025,FRIDAY,SIDE IMPACT,N,N,\N,\N,N,MAY,N,DUNCAN,DUNCAN,\N,N,N,N,VANCOUVER ISLAND,UNKNOWN,GIBBINS RD,GIBBINS RD,12:00-14:59,1,0
N,PROPERTY DAMAGE ONLY,\N,N,2025,FRIDAY,SIDE IMPACT,N,N,\N,\N,N,MAY,N,HARRISON MILLS,HARRISON MILLS,\N,N,N,N,LOWER MAINLAND,UNKNOWN,CHEHALIS FSR,CHEHALIS FSR,12:00-14:59,1,0
N,PROPERTY DAMAGE ONLY,\N,N,2025,FRIDAY,SIDE IMPACT,N,N,\N,\N,N,MAY,N,JAFFRAY,JAFFRAY,\N,N,N,N,SOUTHERN INTERIOR,UNKNOWN,JAFFRAY SHOP RD,JAFFRAY SHOP RD,12:00-14:59,1,0
N,PROPERTY DAMAGE ONLY,\N,N,2025,FRIDAY,SIDE IMPACT,N,N,\N,\N,N,MAY,N,NORTH VANCOUVER,NORTH VANCOUVER,\N,Y,Y,N,LOWER MAINLAND,UNKNOWN,HWY 1,HWY 1,12:00-14:59,1,0
N,PROPERTY DAMAGE ONLY,\N,N,2025,FRIDAY,SIDE IMPACT,N,N,\N,\N,N,MAY,N,PRINCE RUPERT,PRINCE RUPERT,\N,N,N,N,NORTH CENTRAL,UNKNOWN,WANTAGE RD,WANTAGE RD,12:00-14:59,1,0
N,PROPERTY DAMAGE ONLY,\N,N,2025,FRIDAY,SIDE IMPACT,N,N,\N,\N,N,MAY,N,PRINCE RUPERT,PRINCE RUPERT,\N,N,Y,N,NORTH CENTRAL,UNKNOWN,2 AVE W,2 AVE W,12:00-14:59,1,0
N,PROPERTY DAMAGE ONLY,\N,N,2025,FRIDAY,SIDE IMPACT,N,N,\N,\N,N,MAY,N,QUALICUM BEACH,QUALICUM BEACH,\N,N,N,N,VANCOUVER ISLAND,UNKNOWN,HWY 19A,HWY 19A,12:00-14:59,1,0
N,PROPERTY DAMAGE ONLY,\N,N,2025,FRIDAY,SIDE IMPACT,N,N,\N,\N,N,MAY,N,QUALICUM BEACH,QUALICUM BEACH,\N,N,N,N,VANCOUVER ISLAND,UNKNOWN,MEMORIAL AVE,MEMORIAL AVE,12:00-14:59,1,0
N,PROPERTY DAMAGE ONLY,\N,N,2025,FRIDAY,SIDE IMPACT,N,N,\N,\N,N,MAY,N,RICHMOND,RICHMOND,\N,Y,N,N,LOWER MAINLAND,UNKNOWN,LANSDOWNE RD,LANSDOWNE RD,12:00-14:59,1,0
N,PROPERTY DAMAGE ONLY,\N,N,2025,FRIDAY,SIDE IMPACT,N,N,\N,\N,N,MAY,N,RICHMOND,RICHMOND,\N,Y,Y,N,LOWER MAINLAND,UNKNOWN,CAMBIE RD,CAMBIE RD,12:00-14:59,1,0
N,PROPERTY DAMAGE ONLY,\N,N,2025,FRIDAY,SIDE IMPACT,N,N,\N,\N,N,MAY,N,SURREY,SURREY,\N,N,Y,N,LOWER MAINLAND,UNKNOWN,16TH AVE,16TH AVE,12:00-14:59,1,0
N,PROPERTY DAMAGE ONLY,\N,N,2025,FRIDAY,SIDE IMPACT,N,N,\N,\N,N,MAY,N,SURREY,SURREY,\N,Y,N,N,LOWER MAINLAND,UNKNOWN,152 ST,152 ST,12:00-14:59,1,0
N,PROPERTY DAMAGE ONLY,\N,N,2025,FRIDAY,SIDE IMPACT,N,N,\N,\N,N,MAY,N,SURREY,SURREY,\N,Y,Y,N,LOWER MAINLAND,UNKNOWN,132ST,132ST,12:00-14:59,1,0
N,PROPERTY DAMAGE ONLY,\N,N,2025,FRIDAY,SIDE IMPACT,N,N,\N,\N,N,MAY,N,SURREY,SURREY,\N,Y,Y,N,LOWER MAINLAND,UNKNOWN,57A AVENUE,57A AVENUE,12:00-14:59,1,0
N,PROPERTY DAMAGE ONLY,\N,N,2025,FRIDAY,SIDE IMPACT,N,N,\N,\N,N,MAY,N,UBC,UBC,\N,Y,N,N,LOWER MAINLAND,UNKNOWN,WESBROOK MALL,WESBROOK MALL,12:00-14:59,1,0
N,PROPERTY DAMAGE ONLY,\N,N,2025,FRIDAY,SIDE IMPACT,N,N,\N,\N,N,MAY,N,VANCOUVER,VANCOUVER,\N,N,N,N,LOWER MAINLAND,UNKNOWN,W BROADWAY,W BROADWAY,12:00-14:59,1,0
N,PROPERTY DAMAGE ONLY,\N,N,2025,FRIDAY,SIDE IMPACT,N,N,\N,\N,N,MAY,N,VANCOUVER,VANCOUVER,\N,Y,N,N,LOWER MAINLAND,UNKNOWN,GEORGE ST,GEORGE ST,12:00-14:59,1,0
N,PROPERTY DAMAGE ONLY,\N,N,2025,FRIDAY,SIDE IMPACT,N,N,\N,\N,N,MAY,N,VICTORIA,VICTORIA,\N,N,Y,N,VANCOUVER ISLAND,UNKNOWN,ESQUIMALT RD,ESQUIMALT RD,12:00-14:59,1,0
N,PROPERTY DAMAGE ONLY,\N,N,2025,FRIDAY,SIDE IMPACT,N,N,\N,\N,N,MAY,N,WHISTLER,WHISTLER,\N,Y,Y,N,LOWER MAINLAND,UNKNOWN,MAIN ST,MAIN ST,12:00-14:59,1,0
N,PROPERTY DAMAGE ONLY,\N,N,2025,FRIDAY,SIDE IMPACT,N,N,48.424022,-123.341377,Y,MAY,N,VICTORIA,VICTORIA,VICTORIA,Y,N,N,VANCOUVER ISLAND,PEMBERTON RD # 001000 TO 001024,PEMBERTON RD,PEMBERTON RD,12:00-14:59,1,0
N,PROPERTY DAMAGE ONLY,\N,N,2025,FRIDAY,SIDE IMPACT,N,N,48.440557,-123.366203,Y,MAY,N,VICTORIA,VICTORIA,VICTORIA,Y,Y,N,VANCOUVER ISLAND,QUESNEL ST # 002800 TO 002899,QUESNEL ST,QUESNEL ST,12:00-14:59,1,0
N,PROPERTY DAMAGE ONLY,\N,N,2025,FRIDAY,SIDE IMPACT,N,N,48.444693,-123.333327,Y,MAY,N,VICTORIA,VICTORIA,VICTORIA,Y,Y,N,VANCOUVER ISLAND,SHELBOURNE ST # 003000 TO 003099,SHELBOURNE ST,SHELBOURNE ST,12:00-14:59,1,0
N,PROPERTY DAMAGE ONLY,\N,N,2025,FRIDAY,SIDE IMPACT,N,N,48.445415,-123.333968,Y,MAY,N,VICTORIA,VICTORIA,VICTORIA,N,Y,N,VANCOUVER ISLAND,HILLSIDE AVE # 001634 TO 001699,HILLSIDE AVE,HILLSIDE AVE,12:00-14:59,1,0
N,PROPERTY DAMAGE ONLY,\N,N,2025,FRIDAY,SIDE IMPACT,N,N,48.448196,-123.422165,Y,MAY,N,VIEW ROYAL,VIEW ROYAL,VIEW ROYAL,Y,Y,N,VANCOUVER ISLAND,MIDDLE RD # 001565 TO 001581 odd,MIDDLE RD,MIDDLE RD,12:00-14:59,1,0
N,PROPERTY DAMAGE ONLY,\N,N,2025,FRIDAY,SIDE IMPACT,N,N,48.45553,-123.372619,Y,MAY,N,SAANICH,SAANICH,SAANICH,N,Y,N,VANCOUVER ISLAND,BLANSHARD ST # 003500 TO 003525,BLANSHARD ST,BLANSHARD ST,12:00-14:59,1,0
N,PROPERTY DAMAGE ONLY,\N,N,2025,FRIDAY,SIDE IMPACT,N,N,48.486095,-123.387945,Y,MAY,N,SAANICH,SAANICH,SAANICH,Y,Y,N,VANCOUVER ISLAND,GLANFORD AVE # 004280 TO 004299,GLANFORD AVE,GLANFORD AVE,12:00-14:59,1,0
N,PROPERTY DAMAGE ONLY,\N,N,2025,FRIDAY,SIDE IMPACT,N,N,48.65149,-123.557402,Y,MAY,N,MILL BAY,MILL BAY,MILL BAY,Y,Y,N,VANCOUVER ISLAND,MILL BAY RD # 002700 TO 002733,MILL BAY RD,MILL BAY RD,12:00-14:59,1,0
N,PROPERTY DAMAGE ONLY,\N,N,2025,FRIDAY,SIDE IMPACT,N,N,48.661145,-123.409868,Y,MAY,N,SIDNEY,SIDNEY,SIDNEY,Y,N,N,VANCOUVER ISLAND,BOWERBANK RD # 010250 TO 010319,BOWERBANK RD,BOWERBANK RD,12:00-14:59,1,0
N,PROPERTY DAMAGE ONLY,\N,N,2025,FRIDAY,SIDE IMPACT,N,N,49.029897,-122.812212,Y,MAY,N,WHITE ROCK,WHITE ROCK,WHITE ROCK,Y,Y,N,LOWER MAINLAND,OXFORD ST # 001500 TO 001550,OXFORD ST,OXFORD ST,12:00-14:59,1,0
N,PROPERTY DAMAGE ONLY,\N,N,2025,FRIDAY,SIDE IMPACT,N,N,49.032057,-122.801282,Y,MAY,N,SURREY,SURREY,SURREY,Y,Y,N,LOWER MAINLAND,152 ST # 001601 TO 001699 odd,152 ST,152 ST,12:00-14:59,1,0
N,PROPERTY DAMAGE ONLY,\N,N,2025,FRIDAY,SIDE IMPACT,N,N,49.034299,-122.80129,Y,MAY,N,SURREY,SURREY,SURREY,N,Y,N,LOWER MAINLAND,152 ST # 001751 TO 001799 odd,152 ST,152 ST,12:00-14:59,1,0
N,PROPERTY DAMAGE ONLY,\N,N,2025,FRIDAY,SIDE IMPACT,N,N,49.046959,-122.774912,Y,MAY,N,SURREY,SURREY,SURREY,Y,Y,N,LOWER MAINLAND,161A ST # 002441 TO 002479,161A ST,161A ST,12:00-14:59,1,0
N,PROPERTY DAMAGE ONLY,\N,N,2025,FRIDAY,SIDE IMPACT,N,N,49.047019,-122.786299,Y,MAY,N,SURREY,SURREY,SURREY,Y,Y,N,LOWER MAINLAND,CROYDON DR # 015700 TO 015769,CROYDON DR,CROYDON DR,12:00-14:59,1,0
N,PROPERTY DAMAGE ONLY,\N,N,2025,FRIDAY,SIDE IMPACT,N,N,49.05827,-122.381412,Y,MAY,N,ABBOTSFORD,ABBOTSFORD,ABBOTSFORD,Y,Y,N,LOWER MAINLAND,MT LEHMAN RD # 003086 TO 003129,MT LEHMAN RD,MT LEHMAN RD,12:00-14:59,1,0
N,PROPERTY DAMAGE ONLY,\N,N,2025,FRIDAY,SIDE IMPACT,N,N,49.063429,-122.691566,Y,MAY,N,SURREY,SURREY,SURREY,N,Y,N,LOWER MAINLAND,192 ST # 003300 TO 003439,192 ST,192 ST,12:00-14:59,1,0
N,PROPERTY DAMAGE ONLY,\N,N,2025,FRIDAY,SIDE IMPACT,N,N,49.067367,-122.270426,Y,MAY,N,ABBOTSFORD,ABBOTSFORD,ABBOTSFORD,Y,N,N,LOWER MAINLAND,THOREAU AVE # 034410 TO 034489,THOREAU AVE,THOREAU AVE,12:00-14:59,1,0
N,PROPERTY DAMAGE ONLY,\N,N,2025,FRIDAY,SIDE IMPACT,N,N,49.081383,-122.820749,Y,MAY,N,SURREY,SURREY,SURREY,N,Y,N,LOWER MAINLAND,KING GEORGE BLVD # 004345 TO 004399 odd,KING GEORGE BLVD,KING GEORGE BLVD,12:00-14:59,1,0
N,PROPERTY DAMAGE ONLY,\N,N,2025,FRIDAY,SIDE IMPACT,N,N,49.090245,-123.079708,Y,MAY,N,DELTA,DELTA,DELTA,Y,Y,N,LOWER MAINLAND,LADNER TRUNK RD # 005130 TO 005249,48 AVE,48 AVE,12:00-14:59,1,0
N,PROPERTY DAMAGE ONLY,\N,N,2025,FRIDAY,SIDE IMPACT,N,N,49.118926,-122.655649,Y,MAY,N,LANGLEY,LANGLEY,LANGLEY,Y,Y,N,LOWER MAINLAND,64 AVE # 020351 TO 020499 odd,64 AVE,64 AVE,12:00-14:59,1,0
N,PROPERTY DAMAGE ONLY,\N,N,2025,FRIDAY,SIDE IMPACT,N,N,49.130832,-123.92292,Y,MAY,N,NANAIMO,NANAIMO,NANAIMO,Y,Y,N,VANCOUVER ISLAND,TENTH ST # 000050 TO 000078 even,TENTH ST,TENTH ST,12:00-14:59,1,0
N,PROPERTY DAMAGE ONLY,\N,N,2025,FRIDAY,SIDE IMPACT,N,N,49.132358,-122.838708,Y,MAY,N,SURREY,SURREY,SURREY,Y,N,N,LOWER MAINLAND,138 ST # 007101 TO 007199 odd,138 ST,138 ST,12:00-14:59,1,0
N,PROPERTY DAMAGE ONLY,\N,N,2025,FRIDAY,SIDE IMPACT,N,N,49.133384,-123.101429,Y,MAY,N,RICHMOND,RICHMOND,RICHMOND,Y,Y,N,LOWER MAINLAND,STEVESTON HWY # 011000 TO 011249,STEVESTON HWY,STEVESTON HWY,12:00-14:59,1,0
N,PROPERTY DAMAGE ONLY,\N,N,2025,FRIDAY,SIDE IMPACT,N,N,49.134512,-122.845485,Y,MAY,N,SURREY,SURREY,SURREY,N,Y,N,LOWER MAINLAND,KING GEORGE BLVD # 007200 TO 007298 even,KING GEORGE BLVD,KING GEORGE BLVD,12:00-14:59,1,0
N,PROPERTY DAMAGE ONLY,\N,N,2025,FRIDAY,SIDE IMPACT,N,N,49.138657,-122.845533,Y,MAY,N,SURREY,SURREY,SURREY,Y,Y,N,LOWER MAINLAND,KING GEORGE BLVD # 007400 TO 007542 even,KING GEORGE BLVD,KING GEORGE BLVD,12:00-14:59,1,0
N,PROPERTY DAMAGE ONLY,\N,N,2025,FRIDAY,SIDE IMPACT,N,N,49.140145,-122.845542,Y,MAY,N,SURREY,SURREY,SURREY,N,Y,N,LOWER MAINLAND,KING GEORGE BLVD # 007544 TO 007598 even,KING GEORGE BLVD,KING GEORGE BLVD,12:00-14:59,1,0
N,PROPERTY DAMAGE ONLY,\N,N,2025,FRIDAY,SIDE IMPACT,N,N,49.1408,-121.961042,Y,MAY,N,CHILLIWACK,CHILLIWACK,CHILLIWACK,N,N,N,LOWER MAINLAND,LUCKAKUCK WAY # 045600 TO 045699,LUCKAKUCK WAY,LUCKAKUCK WAY,12:00-14:59,1,0
N,PROPERTY DAMAGE ONLY,\N,N,2025,FRIDAY,SIDE IMPACT,N,N,49.151784,-122.862305,Y,MAY,N,SURREY,SURREY,SURREY,Y,Y,N,LOWER MAINLAND,130 ST # 008000 TO 008399,130 ST,130 ST,12:00-14:59,1,0
N,PROPERTY DAMAGE ONLY,\N,N,2025,FRIDAY,SIDE IMPACT,N,N,49.152801,-122.867944,Y,MAY,N,SURREY,SURREY,SURREY,Y,Y,N,LOWER MAINLAND,128 ST # 008100 TO 008398 even,128 ST,128 ST,12:00-14:59,2,0
N,PROPERTY DAMAGE ONLY,\N,N,2025,FRIDAY,SIDE IMPACT,N,N,49.153554,-122.648028,Y,MAY,N,LANGLEY,LANGLEY,LANGLEY,Y,N,N,LOWER MAINLAND,207A ST # 008200 TO 008399,207A ST,207A ST,12:00-14:59,1,0
N,PROPERTY DAMAGE ONLY,\N,N,2025,FRIDAY,SIDE IMPACT,N,N,49.154731,-122.888514,Y,MAY,N,SURREY,SURREY,SURREY,N,N,N,LOWER MAINLAND,120A ST # 008260 TO 008399,120A ST,120A ST,12:00-14:59,1,0
N,PROPERTY DAMAGE ONLY,\N,N,2025,FRIDAY,SIDE IMPACT,N,N,49.161988,-122.887357,Y,MAY,N,SURREY,SURREY,SURREY,Y,Y,N,LOWER MAINLAND,NORDEL WAY # 012001 TO 012199 odd,NORDEL WAY,NORDEL WAY,12:00-14:59,1,0
N,PROPERTY DAMAGE ONLY,\N,N,2025,FRIDAY,SIDE IMPACT,N,N,49.162825,-122.692495,Y,MAY,N,SURREY,SURREY,SURREY,N,N,N,LOWER MAINLAND,88 AVE # 019062 TO 019199,88 AVE,88 AVE,12:00-14:59,1,0
N,PROPERTY DAMAGE ONLY,\N,N,2025,FRIDAY,SIDE IMPACT,N,N,49.163701,-123.934537,Y,MAY,N,NANAIMO,NANAIMO,NANAIMO,Y,Y,N,VANCOUVER ISLAND,TERMINAL AVE # 000628 TO 000651,TERMINAL AVE,TERMINAL AVE,12:00-14:59,1,0
N,PROPERTY DAMAGE ONLY,\N,N,2025,FRIDAY,SIDE IMPACT,N,N,49.165613,-123.136632,Y,MAY,N,RICHMOND,RICHMOND,RICHMOND,Y,Y,N,LOWER MAINLAND,NO 3 RD # 006401 TO 006799 odd,NO 3 RD,NO 3 RD,12:00-14:59,1,0
N,PROPERTY DAMAGE ONLY,\N,N,2025,FRIDAY,SIDE IMPACT,N,N,49.16795,-122.657061,Y,MAY,N,LANGLEY,LANGLEY,LANGLEY,N,Y,N,LOWER MAINLAND,204 ST # 009050 TO 009139,204 ST,204 ST,12:00-14:59,1,0
N,PROPERTY DAMAGE ONLY,\N,N,2025,FRIDAY,SIDE IMPACT,N,N,49.168771,-123.946691,Y,MAY,N,NANAIMO,NANAIMO,NANAIMO,Y,N,N,VANCOUVER ISLAND,MILTON ST # 000015 TO 000099,MILTON ST,MILTON ST,12:00-14:59,1,0
N,PROPERTY DAMAGE ONLY,\N,N,2025,FRIDAY,SIDE IMPACT,N,N,49.169163,-123.179346,Y,MAY,N,RICHMOND,RICHMOND,RICHMOND,Y,N,N,LOWER MAINLAND,FORSYTH CRES # 006000 TO 006229,FORSYTH CRES,FORSYTH CRES,12:00-14:59,1,0
N,PROPERTY DAMAGE ONLY,\N,N,2025,FRIDAY,SIDE IMPACT,N,N,49.173941,-121.939995,Y,MAY,N,CHILLIWACK,CHILLIWACK,CHILLIWACK,Y,N,N,LOWER MAINLAND,HAZEL ST # 009455 TO 009472,HAZEL ST,HAZEL ST,12:00-14:59,1,0
N,PROPERTY DAMAGE ONLY,\N,N,2025,FRIDAY,SIDE IMPACT,N,N,49.176995,-122.841483,Y,MAY,N,SURREY,SURREY,SURREY,Y,Y,N,LOWER MAINLAND,96 AVE # 013750 TO 013769,96 AVE,96 AVE,12:00-14:59,1,0
N,PROPERTY DAMAGE ONLY,\N,N,2025,FRIDAY,SIDE IMPACT,N,N,49.177492,-122.842097,Y,MAY,N,SURREY,SURREY,SURREY,Y,Y,N,LOWER MAINLAND,137A ST # 009600 TO 009650,137A ST,137A ST,12:00-14:59,1,0
N,PROPERTY DAMAGE ONLY,\N,N,2025,FRIDAY,SIDE IMPACT,N,N,49.180154,-122.960016,Y,MAY,N,RICHMOND,RICHMOND,RICHMOND,N,N,N,LOWER MAINLAND,THOMPSON RD # 004200 TO 004699,THOMPSON RD,THOMPSON RD,12:00-14:59,1,0
N,PROPERTY DAMAGE ONLY,\N,N,2025,FRIDAY,SIDE IMPACT,N,N,49.182715,-122.424825,Y,MAY,N,MAPLE RIDGE,MAPLE RIDGE,MAPLE RIDGE,Y,Y,N,LOWER MAINLAND,287 ST # 009950 TO 010069,287 ST,287 ST,12:00-14:59,1,0
N,PROPERTY DAMAGE ONLY,\N,N,2025,FRIDAY,SIDE IMPACT,N,N,49.184275,-122.844292,Y,MAY,N,SURREY,SURREY,SURREY,N,Y,N,LOWER MAINLAND,100 AVE # 013600 TO 013679,100 AVE,100 AVE,12:00-14:59,1,0
N,PROPERTY DAMAGE ONLY,\N,N,2025,FRIDAY,SIDE IMPACT,N,N,49.184576,-123.094218,Y,MAY,N,RICHMOND,RICHMOND,RICHMOND,Y,Y,N,LOWER MAINLAND,CAMBIE RD # 011400 TO 011999,CAMBIE RD,CAMBIE RD,12:00-14:59,1,0
N,PROPERTY DAMAGE ONLY,\N,N,2025,FRIDAY,SIDE IMPACT,N,N,49.187884,-122.937948,Y,MAY,N,NEW WESTMINSTER,NEW WESTMINSTER,NEW WESTMINSTER,Y,Y,N,LOWER MAINLAND,WOOD ST # 000200 TO 000281,WOOD ST,WOOD ST,12:00-14:59,1,0
N,PROPERTY DAMAGE ONLY,\N,N,2025,FRIDAY,SIDE IMPACT,N,N,49.189756,-123.987051,Y,MAY,N,NANAIMO,NANAIMO,NANAIMO,Y,Y,N,VANCOUVER ISLAND,LATIMER RD # 002031 TO 002050,LATIMER RD,LATIMER RD,12:00-14:59,1,0
N,PROPERTY DAMAGE ONLY,\N,N,2025,FRIDAY,SIDE IMPACT,N,N,49.193371,-123.082594,Y,MAY,N,RICHMOND,RICHMOND,RICHMOND,Y,Y,N,LOWER MAINLAND,SWEDEN WAY # 002500 TO 003199,SWEDEN WAY,SWEDEN WAY,12:00-14:59,1,0
N,PROPERTY DAMAGE ONLY,\N,N,2025,FRIDAY,SIDE IMPACT,N,N,49.196753,-122.846814,Y,MAY,N,SURREY,SURREY,SURREY,Y,Y,N,LOWER MAINLAND,135A ST # 010654 TO 010723,135A ST,135A ST,12:00-14:59,1,0
N,PROPERTY DAMAGE ONLY,\N,N,2025,FRIDAY,SIDE IMPACT,N,N,49.208162,-122.695238,Y,MAY,N,PITT MEADOWS,PITT MEADOWS,PITT MEADOWS,Y,N,N,LOWER MAINLAND,AIRPORT WAY # 018800 TO 019199,AIRPORT WAY,AIRPORT WAY,12:00-14:59,1,0
N,PROPERTY DAMAGE ONLY,\N,N,2025,FRIDAY,SIDE IMPACT,N,N,49.217946,-122.896463,Y,MAY,N,NEW WESTMINSTER,NEW WESTMINSTER,NEW WESTMINSTER,N,N,N,LOWER MAINLAND,RICHMOND ST # 000040 TO 000079,RICHMOND ST,RICHMOND ST,12:00-14:59,1,0
N,PROPERTY DAMAGE ONLY,\N,N,2025,FRIDAY,SIDE IMPACT,N,N,49.219394,-122.969542,Y,MAY,N,BURNABY,BURNABY,BURNABY,Y,Y,N,LOWER MAINLAND,KINGSWAY # 006400 TO 006599,KINGSWAY,KINGSWAY,12:00-14:59,1,0
N,PROPERTY DAMAGE ONLY,\N,N,2025,FRIDAY,SIDE IMPACT,N,N,49.219406,-122.680793,Y,MAY,N,PITT MEADOWS,PITT MEADOWS,PITT MEADOWS,Y,N,N,LOWER MAINLAND,BONSON RD # 011840 TO 012009,BONSON RD,BONSON RD,12:00-14:59,1,0
N,PROPERTY DAMAGE ONLY,\N,N,2025,FRIDAY,SIDE IMPACT,N,N,49.220345,-122.569559,Y,MAY,N,MAPLE RIDGE,MAPLE RIDGE,MAPLE RIDGE,N,N,N,LOWER MAINLAND,DEWDNEY TRUNK RD # 023500 TO 023599,DEWDNEY TRUNK RD,DEWDNEY TRUNK RD,12:00-14:59,1,0
N,PROPERTY DAMAGE ONLY,\N,N,2025,FRIDAY,SIDE IMPACT,N,N,49.226282,-122.992886,Y,MAY,N,BURNABY,BURNABY,BURNABY,N,Y,N,LOWER MAINLAND,KINGSWAY # 004900 TO 005049,KINGSWAY,KINGSWAY,12:00-14:59,1,0
N,PROPERTY DAMAGE ONLY,\N,N,2025,FRIDAY,SIDE IMPACT,N,N,49.228116,-122.998531,Y,MAY,N,BURNABY,BURNABY,BURNABY,Y,Y,N,LOWER MAINLAND,KINGSWAY # 004700 TO 004749,KINGSWAY,KINGSWAY,12:00-14:59,1,0
N,PROPERTY DAMAGE ONLY,\N,N,2025,FRIDAY,SIDE IMPACT,N,N,49.228759,-122.860525,Y,MAY,N,COQUITLAM,COQUITLAM,COQUITLAM,Y,Y,N,LOWER MAINLAND,LUMBER ALLEY # 001150 TO 001150 even,LUMBER ALLEY,LUMBER ALLEY,12:00-14:59,1,0
N,PROPERTY DAMAGE ONLY,\N,N,2025,FRIDAY,SIDE IMPACT,N,N,49.233568,-123.153209,Y,MAY,N,VANCOUVER,VANCOUVER,VANCOUVER,N,Y,N,LOWER MAINLAND,W 42ND AVE # 002000 TO 002075,W 42ND AVE,W 42ND AVE,12:00-14:59,1,0
N,PROPERTY DAMAGE ONLY,\N,N,2025,FRIDAY,SIDE IMPACT,N,N,49.234665,-123.16064,Y,MAY,N,VANCOUVER,VANCOUVER,VANCOUVER,N,N,N,LOWER MAINLAND,W 41ST AVE # 002300 TO 002399,W 41ST AVE,W 41ST AVE,12:00-14:59,1,0
N,PROPERTY DAMAGE ONLY,\N,N,2025,FRIDAY,SIDE IMPACT,N,N,49.235282,-123.00745,Y,MAY,N,BURNABY,BURNABY,BURNABY,Y,N,N,LOWER MAINLAND,CHAFFEY AVE # 005280 TO 005599,CHAFFEY AVE,CHAFFEY AVE,12:00-14:59,1,0
N,PROPERTY DAMAGE ONLY,\N,N,2025,FRIDAY,SIDE IMPACT,N,N,49.235314,-122.770199,Y,MAY,N,PORT COQUITLAM,PORT COQUITLAM,PORT COQUITLAM,N,Y,N,LOWER MAINLAND,PITT RIVER RD # 001180 TO 001199,PITT RIVER RD,PITT RIVER RD,12:00-14:59,1,0
N,PROPERTY DAMAGE ONLY,\N,N,2025,FRIDAY,SIDE IMPACT,N,N,49.241029,-122.973027,Y,MAY,N,BURNABY,BURNABY,BURNABY,Y,N,N,LOWER MAINLAND,ROWAN AVE # 004800 TO 004999,ROWAN AVE,ROWAN AVE,12:00-14:59,1,0
N,PROPERTY DAMAGE ONLY,\N,N,2025,FRIDAY,SIDE IMPACT,N,N,49.242955,-123.014655,Y,MAY,N,BURNABY,BURNABY,BURNABY,Y,Y,N,LOWER MAINLAND,MOSCROP ST # 004000 TO 004092,MOSCROP ST,MOSCROP ST,12:00-14:59,1,0
N,PROPERTY DAMAGE ONLY,\N,N,2025,FRIDAY,SIDE IMPACT,N,N,49.242998,-123.004191,Y,MAY,N,BURNABY,BURNABY,BURNABY,Y,Y,N,LOWER MAINLAND,MOSCROP ST # 004401 TO 004499 odd,MOSCROP ST,MOSCROP ST,12:00-14:59,1,0
N,PROPERTY DAMAGE ONLY,\N,N,2025,FRIDAY,SIDE IMPACT,N,N,49.244587,-124.797828,Y,MAY,N,PORT ALBERNI,PORT ALBERNI,PORT ALBERNI,Y,Y,N,VANCOUVER ISLAND,10TH AVE # 003730 TO 003799,10TH AVE,10TH AVE,12:00-14:59,1,0
N,PROPERTY DAMAGE ONLY,\N,N,2025,FRIDAY,SIDE IMPACT,N,N,49.246023,-122.782874,Y,MAY,N,PORT COQUITLAM,PORT COQUITLAM,PORT COQUITLAM,Y,N,N,LOWER MAINLAND,SHAUGHNESSY ST # 001605 TO 001616,SHAUGHNESSY ST,SHAUGHNESSY ST,12:00-14:59,1,0
N,PROPERTY DAMAGE ONLY,\N,N,2025,FRIDAY,SIDE IMPACT,N,N,49.246261,-123.060426,Y,MAY,N,VANCOUVER,VANCOUVER,VANCOUVER,Y,N,N,LOWER MAINLAND,GLADSTONE ST # 004300 TO 004399,GLADSTONE ST,GLADSTONE ST,12:00-14:59,1,0
N,PROPERTY DAMAGE ONLY,\N,N,2025,FRIDAY,SIDE IMPACT,N,N,49.248082,-123.187111,Y,MAY,N,VANCOUVER,VANCOUVER,VANCOUVER,Y,N,N,LOWER MAINLAND,W 27TH AVE # 003700 TO 003753,W 27TH AVE,W 27TH AVE,12:00-14:59,1,0
N,PROPERTY DAMAGE ONLY,\N,N,2025,FRIDAY,SIDE IMPACT,N,N,49.257688,-122.745463,Y,MAY,N,PORT COQUITLAM,PORT COQUITLAM,PORT COQUITLAM,Y,Y,N,LOWER MAINLAND,NICOLA AVE # 001096 TO 001129,NICOLA AVE,NICOLA AVE,12:00-14:59,1,0
N,PROPERTY DAMAGE ONLY,\N,N,2025,FRIDAY,SIDE IMPACT,N,N,49.258149,-122.783041,Y,MAY,N,PORT COQUITLAM,PORT COQUITLAM,PORT COQUITLAM,Y,Y,N,LOWER MAINLAND,WELCHER AVE # 002300 TO 002325,WELCHER AVE,WELCHER AVE,12:00-14:59,1,0
N,PROPERTY DAMAGE ONLY,\N,N,2025,FRIDAY,SIDE IMPACT,N,N,49.258173,-123.026161,Y,MAY,N,VANCOUVER,VANCOUVER,VANCOUVER,N,Y,N,LOWER MAINLAND,GRANDVIEW HWY # 003500 TO 003699,GRANDVIEW HWY,GRANDVIEW HWY,12:00-14:59,1,0
N,PROPERTY DAMAGE ONLY,\N,N,2025,FRIDAY,SIDE IMPACT,N,N,49.259406,-123.108299,Y,MAY,N,VANCOUVER,VANCOUVER,VANCOUVER,Y,N,N,LOWER MAINLAND,W 13TH AVE # 000100 TO 000199,W 13TH AVE,W 13TH AVE,12:00-14:59,1,0
N,PROPERTY DAMAGE ONLY,\N,N,2025,FRIDAY,SIDE IMPACT,N,N,49.260419,-123.116342,Y,MAY,N,VANCOUVER,VANCOUVER,VANCOUVER,Y,Y,N,LOWER MAINLAND,W 12TH AVE # 000500 TO 000599,W 12TH AVE,W 12TH AVE,12:00-14:59,1,0
N,PROPERTY DAMAGE ONLY,\N,N,2025,FRIDAY,SIDE IMPACT,N,N,49.263775,-124.805419,Y,MAY,N,PORT ALBERNI,PORT ALBERNI,PORT ALBERNI,Y,N,N,VANCOUVER ISLAND,LATHOM RD # 004400 TO 004499,LATHOM RD,LATHOM RD,12:00-14:59,1,0
N,PROPERTY DAMAGE ONLY,\N,N,2025,FRIDAY,SIDE IMPACT,N,N,49.263917,-123.018876,Y,MAY,N,BURNABY,BURNABY,BURNABY,Y,Y,N,LOWER MAINLAND,HENNING DR # 003700 TO 004099,HENNING DR,HENNING DR,12:00-14:59,1,0
N,PROPERTY DAMAGE ONLY,\N,N,2025,FRIDAY,SIDE IMPACT,N,N,49.266428,-123.001746,Y,MAY,N,BURNABY,BURNABY,BURNABY,N,Y,N,LOWER MAINLAND,LOUGHEED HWY # 004501 TO 004599 odd,LOUGHEED HWY,LOUGHEED HWY,12:00-14:59,1,0
N,PROPERTY DAMAGE ONLY,\N,N,2025,FRIDAY,SIDE IMPACT,N,N,49.266428,-123.001746,Y,MAY,N,BURNABY,BURNABY,BURNABY,Y,Y,N,LOWER MAINLAND,LOUGHEED HWY # 004501 TO 004599 odd,LOUGHEED HWY,LOUGHEED HWY,12:00-14:59,1,0
N,PROPERTY DAMAGE ONLY,\N,N,2025,FRIDAY,SIDE IMPACT,N,N,49.266622,-123.167384,Y,MAY,N,VANCOUVER,VANCOUVER,VANCOUVER,Y,N,N,LOWER MAINLAND,W 6TH AVE # 002700 TO 002799,W 6TH AVE,W 6TH AVE,12:00-14:59,1,0
N,PROPERTY DAMAGE ONLY,\N,N,2025,FRIDAY,SIDE IMPACT,N,N,49.266804,-122.790693,Y,MAY,N,COQUITLAM,COQUITLAM,COQUITLAM & PORT COQUITLAM,Y,Y,N,LOWER MAINLAND,WESTWOOD ST # 000880 TO 003098 even,WESTWOOD ST,WESTWOOD ST,12:00-14:59,1,0
N,PROPERTY DAMAGE ONLY,\N,N,2025,FRIDAY,SIDE IMPACT,N,N,49.269382,-123.045583,Y,MAY,N,VANCOUVER,VANCOUVER,VANCOUVER,N,Y,N,LOWER MAINLAND,E 1ST AVE # 002800 TO 002898 even,E 1ST AVE,E 1ST AVE,12:00-14:59,1,0
N,PROPERTY DAMAGE ONLY,\N,N,2025,FRIDAY,SIDE IMPACT,N,N,49.270802,-123.153856,Y,MAY,N,VANCOUVER,VANCOUVER,VANCOUVER,Y,N,N,LOWER MAINLAND,W 1ST AVE # 002100 TO 002199,W 1ST AVE,W 1ST AVE,12:00-14:59,1,0
N,PROPERTY DAMAGE ONLY,\N,N,2025,FRIDAY,SIDE IMPACT,N,N,49.272426,-123.120671,Y,MAY,N,VANCOUVER,VANCOUVER,VANCOUVER,Y,Y,N,LOWER MAINLAND,MARINASIDE CRES # 001200 TO 001299,MARINASIDE CRES,MARINASIDE CRES,12:00-14:59,1,0
N,PROPERTY DAMAGE ONLY,\N,N,2025,FRIDAY,SIDE IMPACT,N,N,49.273014,-122.756153,Y,MAY,N,PORT COQUITLAM,PORT COQUITLAM,PORT COQUITLAM,N,Y,N,LOWER MAINLAND,COAST MERIDIAN RD # 003300 TO 003399,COAST MERIDIAN RD,COAST MERIDIAN RD,12:00-14:59,1,0
N,PROPERTY DAMAGE ONLY,\N,N,2025,FRIDAY,SIDE IMPACT,N,N,49.288479,-123.116889,Y,MAY,N,VANCOUVER,VANCOUVER,VANCOUVER,Y,N,N,LOWER MAINLAND,CANADA PL # 001000 TO 001099,CANADA PL,CANADA PL,12:00-14:59,1,0
N,PROPERTY DAMAGE ONLY,\N,N,2025,FRIDAY,SIDE IMPACT,N,N,49.288479,-123.116889,Y,MAY,N,VANCOUVER,VANCOUVER,VANCOUVER,Y,Y,N,LOWER MAINLAND,CANADA PL # 001000 TO 001099,CANADA PL,CANADA PL,12:00-14:59,1,0
N,PROPERTY DAMAGE ONLY,\N,N,2025,FRIDAY,SIDE IMPACT,N,N,49.318901,-123.107877,Y,MAY,N,NORTH VANCOUVER,NORTH VANCOUVER,NORTH VANCOUVER,Y,Y,N,LOWER MAINLAND,PEMBERTON AVE # 000150 TO 000299,PEMBERTON AVE,PEMBERTON AVE,12:00-14:59,1,0
N,PROPERTY DAMAGE ONLY,\N,N,2025,FRIDAY,SIDE IMPACT,N,N,49.322027,-123.106015,Y,MAY,N,NORTH VANCOUVER,NORTH VANCOUVER,NORTH VANCOUVER,Y,N,N,LOWER MAINLAND,W 15TH ST # 001100 TO 001175,W 15TH ST,W 15TH ST,12:00-14:59,1,0
N,PROPERTY DAMAGE ONLY,\N,N,2025,FRIDAY,SIDE IMPACT,N,N,49.322649,-123.098964,Y,MAY,N,NORTH VANCOUVER,NORTH VANCOUVER,NORTH VANCOUVER,Y,Y,N,LOWER MAINLAND,MARINE DR # 000901 TO 000969 odd,MARINE DR,MARINE DR,12:00-14:59,1,0
N,PROPERTY DAMAGE ONLY,\N,N,2025,FRIDAY,SIDE IMPACT,N,N,49.324125,-123.070318,Y,MAY,N,NORTH VANCOUVER,NORTH VANCOUVER,NORTH VANCOUVER,Y,N,N,LOWER MAINLAND,E 17TH ST # 000140 TO 000152,E 17TH ST,E 17TH ST,12:00-14:59,1,0
N,PROPERTY DAMAGE ONLY,\N,N,2025,FRIDAY,SIDE IMPACT,N,N,49.330656,-123.167258,Y,MAY,N,WEST VANCOUVER,WEST VANCOUVER,WEST VANCOUVER,Y,N,N,LOWER MAINLAND,ESQUIMALT AVE # 002000 TO 002099,ESQUIMALT AVE,ESQUIMALT AVE,12:00-14:59,1,0
N,PROPERTY DAMAGE ONLY,\N,N,2025,FRIDAY,SIDE IMPACT,N,N,49.334626,-123.042689,Y,MAY,N,NORTH VANCOUVER,NORTH VANCOUVER,NORTH VANCOUVER,Y,Y,N,LOWER MAINLAND,LYNN VALLEY RD # 001101 TO 001199 odd,LYNN VALLEY RD,LYNN VALLEY RD,12:00-14:59,1,0
N,PROPERTY DAMAGE ONLY,\N,N,2025,FRIDAY,SIDE IMPACT,N,N,49.347204,-124.447411,Y,MAY,N,QUALICUM BEACH,QUALICUM BEACH,QUALICUM BEACH,N,Y,N,VANCOUVER ISLAND,SECOND AVE W # 000200 TO 000215,SECOND AVE W,SECOND AVE W,12:00-14:59,1,0
N,PROPERTY DAMAGE ONLY,\N,N,2025,FRIDAY,SIDE IMPACT,N,N,49.380591,-121.438686,Y,MAY,N,HOPE,HOPE,HOPE,N,Y,N,LOWER MAINLAND,WALLACE ST # 000400 TO 000499,WALLACE ST,WALLACE ST,12:00-14:59,1,0
N,PROPERTY DAMAGE ONLY,\N,N,2025,FRIDAY,SIDE IMPACT,N,N,49.442515,-123.710083,Y,MAY,N,SECHELT,SECHELT,SECHELT,Y,Y,N,LOWER MAINLAND,FIELD RD # 001600 TO 001729,FIELD RD,FIELD RD,12:00-14:59,1,0
N,PROPERTY DAMAGE ONLY,\N,N,2025,FRIDAY,SIDE IMPACT,N,N,49.484973,-119.559623,Y,MAY,N,PENTICTON,PENTICTON,PENTICTON,Y,N,N,SOUTHERN INTERIOR,COLUMBIA ST # 001450 TO 001499,COLUMBIA ST,COLUMBIA ST,12:00-14:59,1,0
N,PROPERTY DAMAGE ONLY,\N,N,2025,FRIDAY,SIDE IMPACT,N,N,49.502832,-117.279392,Y,MAY,N,NELSON,NELSON,NELSON,N,Y,N,SOUTHERN INTERIOR,NELSON AVE # 000500 TO 000599,NELSON AVE,NELSON AVE,12:00-14:59,1,0
N,PROPERTY DAMAGE ONLY,\N,N,2025,FRIDAY,SIDE IMPACT,N,N,49.505054,-117.279396,Y,MAY,N,NELSON,NELSON,NELSON,N,Y,N,SOUTHERN INTERIOR,NELSON AVE # 000700 TO 000799,NELSON AVE,NELSON AVE,12:00-14:59,1,0
N,PROPERTY DAMAGE ONLY,\N,N,2025,FRIDAY,SIDE IMPACT,N,N,49.520806,-115.74539,Y,MAY,N,CRANBROOK,CRANBROOK,CRANBROOK,Y,N,N,SOUTHERN INTERIOR,MCLEARY CRES N # 002500 TO 002599,MCLEARY CRES N,MCLEARY CRES N,12:00-14:59,1,0
N,PROPERTY DAMAGE ONLY,\N,N,2025,FRIDAY,SIDE IMPACT,N,N,49.524849,-115.054805,Y,MAY,N,FERNIE,FERNIE,FERNIE,Y,Y,N,SOUTHERN INTERIOR,COMMERCE RD # 000080 TO 000149,COMMERCE RD,COMMERCE RD,12:00-14:59,1,0
N,PROPERTY DAMAGE ONLY,\N,N,2025,FRIDAY,SIDE IMPACT,N,N,49.5299,-115.750016,Y,MAY,N,CRANBROOK,CRANBROOK,CRANBROOK,N,Y,N,SOUTHERN INTERIOR,WILLOWBROOK DR # 002050 TO 002101,WILLOWBROOK DR,WILLOWBROOK DR,12:00-14:59,1,0
N,PROPERTY DAMAGE ONLY,\N,N,2025,FRIDAY,SIDE IMPACT,N,N,49.618927,-124.026658,Y,MAY,N,MADEIRA PARK,MADEIRA PARK,MADEIRA PARK,N,Y,N,LOWER MAINLAND,LAGOON RD # 012800 TO 012919,LAGOON RD,LAGOON RD,12:00-14:59,1,0
N,PROPERTY DAMAGE ONLY,\N,N,2025,FRIDAY,SIDE IMPACT,N,N,49.6682,-125.005113,Y,MAY,N,COURTENAY,COURTENAY,COURTENAY,Y,Y,N,VANCOUVER ISLAND,LAMBERT DR # 002200 TO 002305,LAMBERT DR,LAMBERT DR,12:00-14:59,1,0
N,PROPERTY DAMAGE ONLY,\N,N,2025,FRIDAY,SIDE IMPACT,N,N,49.688873,-124.934835,Y,MAY,N,COMOX,COMOX,COMOX,Y,Y,N,VANCOUVER ISLAND,ANDERTON RD # 000710 TO 000749,ANDERTON RD,ANDERTON RD,12:00-14:59,1,0
N,PROPERTY DAMAGE ONLY,\N,N,2025,FRIDAY,SIDE IMPACT,N,N,49.689569,-124.946777,Y,MAY,N,COMOX,COMOX,COMOX,Y,Y,N,VANCOUVER ISLAND,GUTHRIE RD # 002251 TO 002299 odd,GUTHRIE RD,GUTHRIE RD,12:00-14:59,1,0
N,PROPERTY DAMAGE ONLY,\N,N,2025,FRIDAY,SIDE IMPACT,N,N,49.955989,-119.387588,Y,MAY,N,KELOWNA,KELOWNA,KELOWNA,Y,Y,N,SOUTHERN INTERIOR,PIER MAC WAY # 001851 TO 002058,PIER MAC WAY,PIER MAC WAY,12:00-14:59,1,0
N,PROPERTY DAMAGE ONLY,\N,N,2025,FRIDAY,SIDE IMPACT,N,N,50.025179,-125.244401,Y,MAY,N,CAMPBELL RIVER,CAMPBELL RIVER,CAMPBELL RIVER,Y,Y,N,VANCOUVER ISLAND,ALDER ST # 000960 TO 000999,ALDER ST,ALDER ST,12:00-14:59,1,0
N,PROPERTY DAMAGE ONLY,\N,N,2025,FRIDAY,SIDE IMPACT,N,N,50.027087,-125.246999,Y,MAY,N,CAMPBELL RIVER,CAMPBELL RIVER,CAMPBELL RIVER,N,Y,N,VANCOUVER ISLAND,CEDAR ST # 001100 TO 001299,CEDAR ST,CEDAR ST,12:00-14:59,1,0
N,PROPERTY DAMAGE ONLY,\N,N,2025,FRIDAY,SIDE IMPACT,N,N,50.117091,-122.956861,Y,MAY,N,WHISTLER,WHISTLER,WHISTLER,N,Y,N,LOWER MAINLAND,MAIN ST # 004300 TO 004329,MAIN ST,MAIN ST,12:00-14:59,1,0
N,PROPERTY DAMAGE ONLY,\N,N,2025,FRIDAY,SIDE IMPACT,N,N,50.289072,-119.260542,Y,MAY,N,VERNON,VERNON,VERNON,N,Y,N,SOUTHERN INTERIOR,58 AVE # 002000 TO 002499,58 AVE,58 AVE,12:00-14:59,1,0
N,PROPERTY DAMAGE ONLY,\N,N,2025,FRIDAY,SIDE IMPACT,N,N,50.289072,-119.260542,Y,MAY,N,VERNON,VERNON,VERNON,Y,Y,N,SOUTHERN INTERIOR,58 AVE # 002000 TO 002499,58 AVE,58 AVE,12:00-14:59,1,0
N,PROPERTY DAMAGE ONLY,\N,N,2025,FRIDAY,SIDE IMPACT,N,N,50.337477,-115.856395,Y,MAY,N,FAIRMONT HOT SPRINGS,FAIRMONT HOT SPRINGS,FAIRMONT HOT SPRINGS,Y,Y,N,SOUTHERN INTERIOR,FAIRMONT FRONTAGE RD # 004970 TO 005014 even,FAIRMONT FRONTAGE RD,FAIRMONT FRONTAGE RD,12:00-14:59,1,0
N,PROPERTY DAMAGE ONLY,\N,N,2025,FRIDAY,SIDE IMPACT,N,N,50.663648,-120.35609,Y,MAY,N,KAMLOOPS,KAMLOOPS,KAMLOOPS,Y,Y,N,SOUTHERN INTERIOR,NOTRE DAME DR # 000700 TO 000708 even,NOTRE DAME DR,NOTRE DAME DR,12:00-14:59,1,0
N,PROPERTY DAMAGE ONLY,\N,N,2025,FRIDAY,SIDE IMPACT,N,N,50.665442,-120.372747,Y,MAY,N,KAMLOOPS,KAMLOOPS,KAMLOOPS,Y,Y,N,SOUTHERN INTERIOR,HILLSIDE DR # 001018 TO 001058 even,HILLSIDE DR,HILLSIDE DR,12:00-14:59,2,0
N,PROPERTY DAMAGE ONLY,\N,N,2025,FRIDAY,SIDE IMPACT,N,N,50.675834,-120.330788,Y,MAY,N,KAMLOOPS,KAMLOOPS,KAMLOOPS,N,Y,N,SOUTHERN INTERIOR,VICTORIA ST # 000400 TO 000499,VICTORIA ST,VICTORIA ST,12:00-14:59,1,0
N,PROPERTY DAMAGE ONLY,\N,N,2025,FRIDAY,SIDE IMPACT,N,N,50.702525,-119.281886,Y,MAY,N,SALMON ARM,SALMON ARM,SALMON ARM,Y,Y,N,SOUTHERN INTERIOR,ROSS ST NE # 000300 TO 000399,ROSS ST NE,ROSS ST NE,12:00-14:59,1,0
N,PROPERTY DAMAGE ONLY,\N,N,2025,FRIDAY,SIDE IMPACT,N,N,51.673998,-121.294538,Y,MAY,N,100 MILE HOUSE,100 MILE HOUSE,100 MILE HOUSE,Y,Y,N,NORTH CENTRAL,HWY 97 # 000001 TO 000019 odd,HWY 97,HWY 97,12:00-14:59,1,0
N,PROPERTY DAMAGE ONLY,\N,N,2025,FRIDAY,SIDE IMPACT,N,N,52.969576,-122.441194,Y,MAY,N,QUESNEL,QUESNEL,QUESNEL,Y,Y,N,NORTH CENTRAL,NEWMAN RD # 000500 TO 000699,NEWMAN RD,NEWMAN RD,12:00-14:59,1,0
N,PROPERTY DAMAGE ONLY,\N,N,2025,FRIDAY,SIDE IMPACT,N,N,53.884563,-122.772118,Y,MAY,N,PRINCE GEORGE,PRINCE GEORGE,PRINCE GEORGE,N,Y,N,NORTH CENTRAL,RANGE RD # 002460 TO 002599,RANGE RD,RANGE RD,12:00-14:59,1,0
N,PROPERTY DAMAGE ONLY,\N,N,2025,FRIDAY,SIDE IMPACT,N,N,53.888803,-122.769069,Y,MAY,N,PRINCE GEORGE,PRINCE GEORGE,PRINCE GEORGE,Y,Y,N,NORTH CENTRAL,FERRY AVE # 002121 TO 002299 odd,FERRY AVE,FERRY AVE,12:00-14:59,1,0
N,PROPERTY DAMAGE ONLY,\N,N,2025,FRIDAY,SIDE IMPACT,N,N,53.899682,-122.779364,Y,MAY,N,PRINCE GEORGE,PRINCE GEORGE,PRINCE GEORGE,N,Y,N,NORTH CENTRAL,MASSEY DR # 003000 TO 003048 even,MASSEY DR,MASSEY DR,12:00-14:59,1,0
N,PROPERTY DAMAGE ONLY,\N,N,2025,FRIDAY,SIDE IMPACT,N,N,54.00502,-123.993841,Y,MAY,N,VANDERHOOF,VANDERHOOF,VANDERHOOF,Y,Y,N,NORTH CENTRAL,HWY 16 E # 001440 TO 001499,HWY 16,HWY 16,12:00-14:59,1,0
N,PROPERTY DAMAGE ONLY,\N,N,2025,FRIDAY,SIDE IMPACT,N,N,54.013876,-124.007094,Y,MAY,N,VANDERHOOF,VANDERHOOF,VANDERHOOF,N,N,N,NORTH CENTRAL,1ST ST E # 000100 TO 000199,1ST ST E,1ST ST E,12:00-14:59,1,0
N,PROPERTY DAMAGE ONLY,\N,N,2025,FRIDAY,SIDE IMPACT,N,N,54.78041,-127.166965,Y,MAY,N,SMITHERS,SMITHERS,SMITHERS,Y,Y,N,NORTH CENTRAL,4TH AVE # 003700 TO 003775,4TH AVE,4TH AVE,12:00-14:59,1,0
N,PROPERTY DAMAGE ONLY,\N,N,2025,FRIDAY,SIDE IMPACT,N,N,56.553172,-120.847037,Y,MAY,N,ROSE PRAIRIE,ROSE PRAIRIE,ROSE PRAIRIE,Y,Y,N,NORTH CENTRAL,265 RD # 016812 TO 016813,265 RD,265 RD,12:00-14:59,1,0
N,PROPERTY DAMAGE ONLY,\N,N,2025,FRIDAY,SIDE IMPACT,Y,N,\N,\N,N,MAY,N,VANDERHOOF,VANDERHOOF,\N,Y,Y,N,NORTH CENTRAL,UNKNOWN,1ST ST,1ST ST,12:00-14:59,1,0
N,PROPERTY DAMAGE ONLY,\N,N,2025,FRIDAY,SIDE IMPACT,Y,N,49.029034,-122.77524,Y,MAY,N,SURREY,SURREY,SURREY,Y,N,N,LOWER MAINLAND,161B ST # 001473 TO 001519,161B ST,161B ST,12:00-14:59,1,0
N,PROPERTY DAMAGE ONLY,\N,N,2025,FRIDAY,SIDE IMPACT,Y,N,49.204473,-123.086073,Y,MAY,N,RICHMOND,RICHMOND,RICHMOND,N,N,N,LOWER MAINLAND,MITCHELL RD # 011930 TO 012948,MITCHELL RD,MITCHELL RD,12:00-14:59,1,0
N,PROPERTY DAMAGE ONLY,\N,N,2025,FRIDAY,SIDE IMPACT,Y,N,49.219475,-122.949636,Y,MAY,N,BURNABY,BURNABY,BURNABY,Y,Y,N,LOWER MAINLAND,EDMONDS ST # 007351 TO 007389,EDMONDS ST,EDMONDS ST,12:00-14:59,1,0
N,PROPERTY DAMAGE ONLY,\N,N,2025,FRIDAY,SIDE IMPACT,Y,N,49.2626,-123.023505,Y,MAY,N,BURNABY,BURNABY,BURNABY,Y,Y,N,LOWER MAINLAND,BOUNDARY RD # 002400 TO 002598 even,BOUNDARY RD,BOUNDARY RD,12:00-14:59,1,0
N,PROPERTY DAMAGE ONLY,\N,N,2025,FRIDAY,SIDE IMPACT,Y,N,49.263415,-122.984011,Y,MAY,N,BURNABY,BURNABY,BURNABY,Y,Y,N,LOWER MAINLAND,GORING ST # 005300 TO 005699,GORING ST,GORING ST,12:00-14:59,1,0
N,PROPERTY DAMAGE ONLY,\N,N,2025,FRIDAY,SIDE IMPACT,Y,N,50.029217,-125.26845900000001,Y,MAY,N,CAMPBELL RIVER,CAMPBELL RIVER,CAMPBELL RIVER,N,Y,N,VANCOUVER ISLAND,REDWOOD ST # 001400 TO 001451,REDWOOD ST,REDWOOD ST,12:00-14:59,1,0
N,PROPERTY DAMAGE ONLY,\N,N,2025,FRIDAY,SIDE IMPACT,Y,N,50.876912,-119.467734,Y,MAY,N,SORRENTO,SORRENTO,SORRENTO,N,Y,N,SOUTHERN INTERIOR,TRANS-CANADA HWY # 001240 TO 001265,TRANS-CANADA HWY,TRANS-CANADA HWY,12:00-14:59,1,0
N,PROPERTY DAMAGE ONLY,\N,N,2025,FRIDAY,SIDE IMPACT,Y,N,54.230156,-130.288794,Y,MAY,N,PORT EDWARD,PORT EDWARD,PORT EDWARD,Y,Y,N,NORTH CENTRAL,SKEENA DR # 000000 TO 000299,SKEENA DR,SKEENA DR,12:00-14:59,1,0
N,PROPERTY DAMAGE ONLY,\N,N,2025,FRIDAY,SIDE SWIPE - OPPOSITE DIRECTION,N,N,\N,\N,N,MAY,N,LAKE COWICHAN,LAKE COWICHAN,\N,N,N,N,VANCOUVER ISLAND,UNKNOWN,S SHORE RD,S SHORE RD,12:00-14:59,1,0
N,PROPERTY DAMAGE ONLY,\N,N,2025,FRIDAY,SIDE SWIPE - OPPOSITE DIRECTION,N,N,49.139015,-122.845708,Y,MAY,N,SURREY,SURREY,SURREY,N,Y,N,LOWER MAINLAND,KING GEORGE BLVD # 007401 TO 007599 odd,KING GEORGE BLVD,KING GEORGE BLVD,12:00-14:59,1,0
N,PROPERTY DAMAGE ONLY,\N,N,2025,FRIDAY,SIDE SWIPE - OPPOSITE DIRECTION,N,N,49.152872,-121.963475,Y,MAY,N,CHILLIWACK,CHILLIWACK,CHILLIWACK,Y,Y,N,LOWER MAINLAND,YALE RD # 045522 TO 045629,YALE RD,YALE RD,12:00-14:59,1,0
N,PROPERTY DAMAGE ONLY,\N,N,2025,FRIDAY,SIDE SWIPE - OPPOSITE DIRECTION,N,N,49.165613,-123.136632,Y,MAY,N,RICHMOND,RICHMOND,RICHMOND,Y,Y,N,LOWER MAINLAND,NO 3 RD # 006401 TO 006799 odd,NO 3 RD,NO 3 RD,12:00-14:59,1,0
N,PROPERTY DAMAGE ONLY,\N,N,2025,FRIDAY,SIDE SWIPE - OPPOSITE DIRECTION,N,N,49.233583,-123.119001,Y,MAY,N,VANCOUVER,VANCOUVER,VANCOUVER,Y,Y,N,LOWER MAINLAND,W 41ST AVE # 000500 TO 000708 even,W 41ST AVE,W 41ST AVE,12:00-14:59,1,0
N,PROPERTY DAMAGE ONLY,\N,N,2025,FRIDAY,SIDE SWIPE - OPPOSITE DIRECTION,N,N,49.23743,-122.78664,Y,MAY,N,PORT COQUITLAM,PORT COQUITLAM,PORT COQUITLAM,Y,N,N,LOWER MAINLAND,BENNECK WAY # 001252 TO 001299,BENNECK WAY,BENNECK WAY,12:00-14:59,1,0
N,PROPERTY DAMAGE ONLY,\N,N,2025,FRIDAY,SIDE SWIPE - OPPOSITE DIRECTION,N,N,49.323621,-123.072281,Y,MAY,N,NORTH VANCOUVER,NORTH VANCOUVER,NORTH VANCOUVER,Y,N,N,LOWER MAINLAND,LONSDALE AVE # 001600 TO 001699,LONSDALE AVE,LONSDALE AVE,12:00-14:59,1,0
N,PROPERTY DAMAGE ONLY,\N,N,2025,FRIDAY,SIDE SWIPE - OPPOSITE DIRECTION,N,N,49.323897,-123.113722,Y,MAY,N,NORTH VANCOUVER,NORTH VANCOUVER,NORTH VANCOUVER,Y,Y,N,LOWER MAINLAND,MARINE DR # 001400 TO 001449,MARINE DR,MARINE DR,12:00-14:59,1,0
N,PROPERTY DAMAGE ONLY,\N,N,2025,FRIDAY,SIDE SWIPE - OPPOSITE DIRECTION,N,N,49.45663,-120.507863,Y,MAY,N,PRINCETON,PRINCETON,PRINCETON,N,Y,N,SOUTHERN INTERIOR,HWY 3 W # 000234 TO 000239,HWY 3,HWY 3,12:00-14:59,1,0
N,PROPERTY DAMAGE ONLY,\N,N,2025,FRIDAY,SIDE SWIPE - OPPOSITE DIRECTION,N,N,50.263796,-119.282442,Y,MAY,N,VERNON,VERNON,VERNON,Y,Y,N,SOUTHERN INTERIOR,30 AVE # 003504 TO 003699,30 AVE,30 AVE,12:00-14:59,1,0
N,PROPERTY DAMAGE ONLY,\N,N,2025,FRIDAY,SIDE SWIPE - OPPOSITE DIRECTION,N,N,50.663806,-120.315697,Y,MAY,N,KAMLOOPS,KAMLOOPS,KAMLOOPS,Y,Y,N,SOUTHERN INTERIOR,TRANS-CANADA HWY E # 000600 TO 001398 even,HWY 1,HWY 1,12:00-14:59,1,0
N,PROPERTY DAMAGE ONLY,\N,N,2025,FRIDAY,SIDE SWIPE - OPPOSITE DIRECTION,N,N,51.639396,-121.293567,Y,MAY,N,100 MILE HOUSE,100 MILE HOUSE,100 MILE HOUSE,Y,Y,N,NORTH CENTRAL,CEDAR AVE # 000489 TO 000583,CEDAR AVE,CEDAR AVE,12:00-14:59,1,0
N,PROPERTY DAMAGE ONLY,\N,N,2025,FRIDAY,SIDE SWIPE - OPPOSITE DIRECTION,N,N,54.516777,-128.590883,Y,MAY,N,TERRACE,TERRACE,TERRACE,N,Y,N,NORTH CENTRAL,LAKELSE AVE # 004630 TO 004669,LAKELSE AVE,LAKELSE AVE,12:00-14:59,1,0
N,PROPERTY DAMAGE ONLY,\N,N,2025,FRIDAY,SIDE SWIPE - SAME DIRECTION,N,N,\N,\N,N,MAY,N,KAMLOOPS,KAMLOOPS,\N,Y,N,N,SOUTHERN INTERIOR,UNKNOWN,NICOLA ST,NICOLA ST,12:00-14:59,1,0
N,PROPERTY DAMAGE ONLY,\N,N,2025,FRIDAY,SIDE SWIPE - SAME DIRECTION,N,N,\N,\N,N,MAY,N,KELOWNA,KELOWNA,\N,Y,Y,N,SOUTHERN INTERIOR,UNKNOWN,GORDON DRIVE,GORDON DRIVE,12:00-14:59,1,0
N,PROPERTY DAMAGE ONLY,\N,N,2025,FRIDAY,SIDE SWIPE - SAME DIRECTION,N,N,\N,\N,N,MAY,N,LANGLEY,LANGLEY,\N,Y,Y,N,LOWER MAINLAND,UNKNOWN,200TH,200TH,12:00-14:59,1,0
N,PROPERTY DAMAGE ONLY,\N,N,2025,FRIDAY,SIDE SWIPE - SAME DIRECTION,N,N,\N,\N,N,MAY,N,MAPLE RIDGE,MAPLE RIDGE,\N,Y,N,N,LOWER MAINLAND,UNKNOWN,DON'T KNOW,DON'T KNOW,12:00-14:59,1,0
N,PROPERTY DAMAGE ONLY,\N,N,2025,FRIDAY,SIDE SWIPE - SAME DIRECTION,N,N,\N,\N,N,MAY,N,VANCOUVER,VANCOUVER,\N,N,N,N,LOWER MAINLAND,UNKNOWN,HWY 1,HWY 1,12:00-14:59,1,0
N,PROPERTY DAMAGE ONLY,\N,N,2025,FRIDAY,SIDE SWIPE - SAME DIRECTION,N,N,\N,\N,N,MAY,N,VANCOUVER,VANCOUVER,\N,Y,Y,N,LOWER MAINLAND,UNKNOWN,UNIVERSITY BLVD,UNIVERSITY BLVD,12:00-14:59,1,0
N,PROPERTY DAMAGE ONLY,\N,N,2025,FRIDAY,SIDE SWIPE - SAME DIRECTION,N,N,48.438477,-123.365975,Y,MAY,N,VICTORIA,VICTORIA,VICTORIA,Y,Y,N,VANCOUVER ISLAND,HILLSIDE AVE # 000700 TO 000759,HILLSIDE AVE,HILLSIDE AVE,12:00-14:59,1,0
N,PROPERTY DAMAGE ONLY,\N,N,2025,FRIDAY,SIDE SWIPE - SAME DIRECTION,N,N,48.44492,-123.335218,Y,MAY,N,VICTORIA,VICTORIA,VICTORIA,Y,Y,N,VANCOUVER ISLAND,HILLSIDE AVE # 001600 TO 001629,HILLSIDE AVE,HILLSIDE AVE,12:00-14:59,1,0
N,PROPERTY DAMAGE ONLY,\N,N,2025,FRIDAY,SIDE SWIPE - SAME DIRECTION,N,N,48.449565,-123.342901,Y,MAY,N,SAANICH,SAANICH,SAANICH,N,N,N,VANCOUVER ISLAND,CEDAR HILL RD # 003200 TO 003249,CEDAR HILL RD,CEDAR HILL RD,12:00-14:59,1,0
N,PROPERTY DAMAGE ONLY,\N,N,2025,FRIDAY,SIDE SWIPE - SAME DIRECTION,N,N,48.453068,-123.394517,Y,MAY,N,SAANICH,SAANICH,SAANICH,Y,Y,N,VANCOUVER ISLAND,TILLICUM RD # 003156 TO 003246 even,TILLICUM RD,TILLICUM RD,12:00-14:59,1,0
N,PROPERTY DAMAGE ONLY,\N,N,2025,FRIDAY,SIDE SWIPE - SAME DIRECTION,N,N,48.498598,-123.382612,Y,MAY,N,SAANICH,SAANICH,SAANICH,Y,Y,N,VANCOUVER ISLAND,ROYAL OAK DR # 000701 TO 000777 odd,ROYAL OAK DR,ROYAL OAK DR,12:00-14:59,1,0
N,PROPERTY DAMAGE ONLY,\N,N,2025,FRIDAY,SIDE SWIPE - SAME DIRECTION,N,N,49.050294,-122.303292,Y,MAY,N,ABBOTSFORD,ABBOTSFORD,ABBOTSFORD,Y,Y,N,LOWER MAINLAND,SOUTH FRASER WAY # 033200 TO 033289,SOUTH FRASER WAY,SOUTH FRASER WAY,12:00-14:59,1,0
N,PROPERTY DAMAGE ONLY,\N,N,2025,FRIDAY,SIDE SWIPE - SAME DIRECTION,N,N,49.077676,-123.079519,Y,MAY,N,DELTA,DELTA,DELTA,Y,Y,N,LOWER MAINLAND,ARTHUR DR # 003974 TO 004229,ARTHUR DR,ARTHUR DR,12:00-14:59,1,0
N,PROPERTY DAMAGE ONLY,\N,N,2025,FRIDAY,SIDE SWIPE - SAME DIRECTION,N,N,49.105514,-122.733696,Y,MAY,N,SURREY,SURREY,SURREY,Y,Y,N,LOWER MAINLAND,176A ST # 005650 TO 005699,176A ST,176A ST,12:00-14:59,1,0
N,PROPERTY DAMAGE ONLY,\N,N,2025,FRIDAY,SIDE SWIPE - SAME DIRECTION,N,N,49.115273,-122.678742,Y,MAY,N,LANGLEY,LANGLEY,LANGLEY,Y,Y,N,LOWER MAINLAND,WILLOWBROOK DR # 019601 TO 019669 odd,WILLOWBROOK DR,WILLOWBROOK DR,12:00-14:59,1,0
N,PROPERTY DAMAGE ONLY,\N,N,2025,FRIDAY,SIDE SWIPE - SAME DIRECTION,N,N,49.137125,-123.175768,Y,MAY,N,RICHMOND,RICHMOND,RICHMOND,Y,N,N,LOWER MAINLAND,HERMITAGE DR # 004490 TO 004559,HERMITAGE DR,HERMITAGE DR,12:00-14:59,1,0
N,PROPERTY DAMAGE ONLY,\N,N,2025,FRIDAY,SIDE SWIPE - SAME DIRECTION,N,N,49.13862,-122.890301,Y,MAY,N,SURREY,SURREY,SURREY,Y,Y,N,LOWER MAINLAND,120 ST # 007400 TO 007498 even,120 ST,120 ST,12:00-14:59,1,0
N,PROPERTY DAMAGE ONLY,\N,N,2025,FRIDAY,SIDE SWIPE - SAME DIRECTION,N,N,49.14442,-122.649581,Y,MAY,N,LANGLEY,LANGLEY,LANGLEY,Y,N,N,LOWER MAINLAND,78 AVE # 020582 TO 020699,78 AVE,78 AVE,12:00-14:59,1,0
N,PROPERTY DAMAGE ONLY,\N,N,2025,FRIDAY,SIDE SWIPE - SAME DIRECTION,N,N,49.146359,-122.887499,Y,MAY,N,SURREY,SURREY,SURREY,N,N,N,LOWER MAINLAND,120A ST # 007839 TO 007923,120A ST,120A ST,12:00-14:59,1,0
N,PROPERTY DAMAGE ONLY,\N,N,2025,FRIDAY,SIDE SWIPE - SAME DIRECTION,N,N,49.155532,-122.820257,Y,MAY,N,SURREY,SURREY,SURREY,N,Y,N,LOWER MAINLAND,84 AVE # 014504 TO 014535,84 AVE,84 AVE,12:00-14:59,1,0
N,PROPERTY DAMAGE ONLY,\N,N,2025,FRIDAY,SIDE SWIPE - SAME DIRECTION,N,N,49.165613,-123.136632,Y,MAY,N,RICHMOND,RICHMOND,RICHMOND,N,Y,N,LOWER MAINLAND,NO 3 RD # 006401 TO 006799 odd,NO 3 RD,NO 3 RD,12:00-14:59,1,0
N,PROPERTY DAMAGE ONLY,\N,N,2025,FRIDAY,SIDE SWIPE - SAME DIRECTION,N,N,49.183572,-123.125837,Y,MAY,N,RICHMOND,RICHMOND,RICHMOND,Y,Y,N,LOWER MAINLAND,MCKIM WAY # 008700 TO 008799,MCKIM WAY,MCKIM WAY,12:00-14:59,1,0
N,PROPERTY DAMAGE ONLY,\N,N,2025,FRIDAY,SIDE SWIPE - SAME DIRECTION,N,N,49.189333,-123.951761,Y,MAY,N,NANAIMO,NANAIMO,NANAIMO,N,N,N,VANCOUVER ISLAND,TRANS-CANADA HWY # 000600 TO 000680 even,TRANS-CANADA HWY,TRANS-CANADA HWY,12:00-14:59,1,0
N,PROPERTY DAMAGE ONLY,\N,N,2025,FRIDAY,SIDE SWIPE - SAME DIRECTION,N,N,49.190089,-122.800995,Y,MAY,N,SURREY,SURREY,SURREY,N,Y,N,LOWER MAINLAND,152 ST # 010251 TO 010399 odd,152 ST,152 ST,12:00-14:59,1,0
N,PROPERTY DAMAGE ONLY,\N,N,2025,FRIDAY,SIDE SWIPE - SAME DIRECTION,N,N,49.202777,-124.005073,Y,MAY,N,NANAIMO,NANAIMO,NANAIMO,N,Y,N,VANCOUVER ISLAND,KENWORTH RD # 002481 TO 002493,KENWORTH RD,KENWORTH RD,12:00-14:59,1,0
N,PROPERTY DAMAGE ONLY,\N,N,2025,FRIDAY,SIDE SWIPE - SAME DIRECTION,N,N,49.210462,-123.116122,Y,MAY,N,VANCOUVER,VANCOUVER,VANCOUVER,N,N,N,LOWER MAINLAND,SW MARINE DR # 000400 TO 000498 even,SW MARINE DR,SW MARINE DR,12:00-14:59,1,0
N,PROPERTY DAMAGE ONLY,\N,N,2025,FRIDAY,SIDE SWIPE - SAME DIRECTION,N,N,49.213192,-122.935995,Y,MAY,N,NEW WESTMINSTER,NEW WESTMINSTER,NEW WESTMINSTER,Y,N,N,LOWER MAINLAND,LONDON ST # 001100 TO 001199,LONDON ST,LONDON ST,12:00-14:59,1,0
N,PROPERTY DAMAGE ONLY,\N,N,2025,FRIDAY,SIDE SWIPE - SAME DIRECTION,N,N,49.216616,-122.598935,Y,MAY,N,MAPLE RIDGE,MAPLE RIDGE,MAPLE RIDGE,Y,N,N,LOWER MAINLAND,225 ST # 011760 TO 011799,225 ST,225 ST,12:00-14:59,1,0
N,PROPERTY DAMAGE ONLY,\N,N,2025,FRIDAY,SIDE SWIPE - SAME DIRECTION,N,N,49.220362,-122.572547,Y,MAY,N,MAPLE RIDGE,MAPLE RIDGE,MAPLE RIDGE,N,N,N,LOWER MAINLAND,DEWDNEY TRUNK RD # 023400 TO 023499,DEWDNEY TRUNK RD,DEWDNEY TRUNK RD,12:00-14:59,1,0
N,PROPERTY DAMAGE ONLY,\N,N,2025,FRIDAY,SIDE SWIPE - SAME DIRECTION,N,N,49.223928,-122.935526,Y,MAY,N,BURNABY,BURNABY,BURNABY,Y,N,N,LOWER MAINLAND,17TH AVE # 007800 TO 007899,17TH AVE,17TH AVE,12:00-14:59,1,0
N,PROPERTY DAMAGE ONLY,\N,N,2025,FRIDAY,SIDE SWIPE - SAME DIRECTION,N,N,49.230092,-123.00444,Y,MAY,N,BURNABY,BURNABY,BURNABY,Y,N,N,LOWER MAINLAND,KINGSWAY # 004501 TO 004531 odd,KINGSWAY,KINGSWAY,12:00-14:59,1,0
N,PROPERTY DAMAGE ONLY,\N,N,2025,FRIDAY,SIDE SWIPE - SAME DIRECTION,N,N,49.235256,-122.876428,Y,MAY,N,COQUITLAM,COQUITLAM,COQUITLAM,N,N,N,LOWER MAINLAND,BRUNETTE AVE # 000701 TO 000799 odd,BRUNETTE AVE,BRUNETTE AVE,12:00-14:59,1,0
N,PROPERTY DAMAGE ONLY,\N,N,2025,FRIDAY,SIDE SWIPE - SAME DIRECTION,N,N,49.243308,-123.182288,Y,MAY,N,VANCOUVER,VANCOUVER,VANCOUVER,Y,N,N,LOWER MAINLAND,W 32ND AVE # 003500 TO 003521,W 32ND AVE,W 32ND AVE,12:00-14:59,1,0
N,PROPERTY DAMAGE ONLY,\N,N,2025,FRIDAY,SIDE SWIPE - SAME DIRECTION,N,N,49.244945,-123.127654,Y,MAY,N,VANCOUVER,VANCOUVER,VANCOUVER,Y,Y,N,LOWER MAINLAND,OAK ST # 004500 TO 004599,OAK ST,OAK ST,12:00-14:59,1,0
N,PROPERTY DAMAGE ONLY,\N,N,2025,FRIDAY,SIDE SWIPE - SAME DIRECTION,N,N,49.246716,-123.059171,Y,MAY,N,VANCOUVER,VANCOUVER,VANCOUVER,Y,N,N,LOWER MAINLAND,E 27TH AVE # 002221 TO 002303,E 27TH AVE,E 27TH AVE,12:00-14:59,1,0
N,PROPERTY DAMAGE ONLY,\N,N,2025,FRIDAY,SIDE SWIPE - SAME DIRECTION,N,N,49.2491,-122.895415,Y,MAY,N,BURNABY,BURNABY,BURNABY,Y,Y,N,LOWER MAINLAND,AUSTIN RD # 009855 TO 009865 odd,AUSTIN RD,AUSTIN RD,12:00-14:59,1,0
N,PROPERTY DAMAGE ONLY,\N,N,2025,FRIDAY,SIDE SWIPE - SAME DIRECTION,N,N,49.251575,-123.065563,Y,MAY,N,VANCOUVER,VANCOUVER,VANCOUVER,Y,Y,N,LOWER MAINLAND,STAINSBURY AVE # 001938 TO 001999,STAINSBURY AVE,STAINSBURY AVE,12:00-14:59,1,0
N,PROPERTY DAMAGE ONLY,\N,N,2025,FRIDAY,SIDE SWIPE - SAME DIRECTION,N,N,49.271328,-123.134257,Y,MAY,N,VANCOUVER,VANCOUVER,VANCOUVER,Y,Y,N,LOWER MAINLAND,JOHNSTON ST # 001400 TO 001499,JOHNSTON ST,JOHNSTON ST,12:00-14:59,1,0
N,PROPERTY DAMAGE ONLY,\N,N,2025,FRIDAY,SIDE SWIPE - SAME DIRECTION,N,N,49.276546,-123.07727,Y,MAY,N,VANCOUVER,VANCOUVER,VANCOUVER,Y,Y,N,LOWER MAINLAND,CLARK DR # 000900 TO 000947,CLARK DR,CLARK DR,12:00-14:59,1,0
N,PROPERTY DAMAGE ONLY,\N,N,2025,FRIDAY,SIDE SWIPE - SAME DIRECTION,N,N,49.277278,-123.12799,Y,MAY,N,VANCOUVER,VANCOUVER,VANCOUVER,N,N,N,LOWER MAINLAND,HOWE ST # 001200 TO 001299,HOWE ST,HOWE ST,12:00-14:59,1,0
N,PROPERTY DAMAGE ONLY,\N,N,2025,FRIDAY,SIDE SWIPE - SAME DIRECTION,N,N,49.289803,-123.128233,Y,MAY,N,VANCOUVER,VANCOUVER,VANCOUVER,Y,Y,N,LOWER MAINLAND,W PENDER ST # 001400 TO 001499,W PENDER ST,W PENDER ST,12:00-14:59,1,0
N,PROPERTY DAMAGE ONLY,\N,N,2025,FRIDAY,SIDE SWIPE - SAME DIRECTION,N,N,49.330549,-124.343596,Y,MAY,N,PARKSVILLE,PARKSVILLE,PARKSVILLE,Y,Y,N,VANCOUVER ISLAND,ISLAND HWY W # 000800 TO 000829,ISLAND HWY W,ISLAND HWY W,12:00-14:59,1,0
N,PROPERTY DAMAGE ONLY,\N,N,2025,FRIDAY,SIDE SWIPE - SAME DIRECTION,N,N,49.460417,-119.590907,Y,MAY,N,PENTICTON,PENTICTON,PENTICTON,Y,N,N,SOUTHERN INTERIOR,PARIS ST # 003100 TO 003159,PARIS ST,PARIS ST,12:00-14:59,1,0
N,PROPERTY DAMAGE ONLY,\N,N,2025,FRIDAY,SIDE SWIPE - SAME DIRECTION,N,N,49.90916,-119.374771,Y,MAY,N,KELOWNA,KELOWNA,KELOWNA,Y,N,N,SOUTHERN INTERIOR,MOYER RD # 000400 TO 000899,MOYER RD,MOYER RD,12:00-14:59,1,0
N,PROPERTY DAMAGE ONLY,\N,N,2025,FRIDAY,SIDE SWIPE - SAME DIRECTION,N,N,50.009388,-125.253044,Y,MAY,N,CAMPBELL RIVER,CAMPBELL RIVER,CAMPBELL RIVER,Y,N,N,VANCOUVER ISLAND,MCPHEDRAN RD # 000100 TO 000119,MCPHEDRAN RD,MCPHEDRAN RD,12:00-14:59,1,0
N,PROPERTY DAMAGE ONLY,\N,N,2025,FRIDAY,SIDE SWIPE - SAME DIRECTION,N,N,50.094349,-122.992201,Y,MAY,N,WHISTLER,WHISTLER,WHISTLER,Y,Y,N,LOWER MAINLAND,LAKE PLACID RD # 002071 TO 002099 odd,LAKE PLACID RD,LAKE PLACID RD,12:00-14:59,1,0
N,PROPERTY DAMAGE ONLY,\N,N,2025,FRIDAY,SIDE SWIPE - SAME DIRECTION,N,N,50.665443,-120.372597,Y,MAY,N,KAMLOOPS,KAMLOOPS,KAMLOOPS,Y,Y,N,SOUTHERN INTERIOR,HILLSIDE DR # 001017 TO 001059 odd,HILLSIDE DR,HILLSIDE DR,12:00-14:59,1,0
N,PROPERTY DAMAGE ONLY,\N,N,2025,FRIDAY,SIDE SWIPE - SAME DIRECTION,N,N,50.677104,-120.245419,Y,MAY,N,KAMLOOPS,KAMLOOPS,KAMLOOPS,Y,Y,N,SOUTHERN INTERIOR,MARSH RD # 002500 TO 002559,MARSH RD,MARSH RD,12:00-14:59,1,0
N,PROPERTY DAMAGE ONLY,\N,N,2025,FRIDAY,SIDE SWIPE - SAME DIRECTION,N,N,51.639396,-121.293567,Y,MAY,N,100 MILE HOUSE,100 MILE HOUSE,100 MILE HOUSE,Y,Y,N,NORTH CENTRAL,CEDAR AVE # 000489 TO 000583,CEDAR AVE,CEDAR AVE,12:00-14:59,1,0
N,PROPERTY DAMAGE ONLY,\N,N,2025,FRIDAY,SIDE SWIPE - SAME DIRECTION,N,N,51.649396,-120.044438,Y,MAY,N,CLEARWATER,CLEARWATER,CLEARWATER,Y,Y,N,SOUTHERN INTERIOR,MURTLE CRES # 000300 TO 000311,MURTLE CRES,MURTLE CRES,12:00-14:59,1,0
N,PROPERTY DAMAGE ONLY,\N,N,2025,FRIDAY,SIDE SWIPE - SAME DIRECTION,N,N,52.124522,-122.117323,Y,MAY,N,WILLIAMS LAKE,WILLIAMS LAKE,WILLIAMS LAKE,N,Y,N,NORTH CENTRAL,BROADWAY AVE S # 001300 TO 001499,BROADWAY AVE S,BROADWAY AVE S,12:00-14:59,1,0
N,PROPERTY DAMAGE ONLY,\N,N,2025,FRIDAY,SIDE SWIPE - SAME DIRECTION,N,N,53.909802,-122.7586,Y,MAY,N,PRINCE GEORGE,PRINCE GEORGE,PRINCE GEORGE,Y,Y,N,NORTH CENTRAL,15TH AVE # 001600 TO 001708 even,15TH AVE,15TH AVE,12:00-14:59,1,0
N,PROPERTY DAMAGE ONLY,\N,N,2025,FRIDAY,SIDE SWIPE - SAME DIRECTION,Y,N,49.161938,-121.954217,Y,MAY,N,CHILLIWACK,CHILLIWACK,CHILLIWACK,Y,N,N,LOWER MAINLAND,ROWAT AVE # 045861 TO 045988,ROWAT AVE,ROWAT AVE,12:00-14:59,1,0
N,PROPERTY DAMAGE ONLY,\N,N,2025,FRIDAY,SINGLE VEHICLE,N,N,\N,\N,N,MAY,N,100 MILE HOUSE,100 MILE HOUSE,\N,N,N,N,NORTH CENTRAL,UNKNOWN,UNKNOWN,UNKNOWN,12:00-14:59,1,0
N,PROPERTY DAMAGE ONLY,\N,N,2025,FRIDAY,SINGLE VEHICLE,N,N,\N,\N,N,MAY,N,ALERT BAY,ALERT BAY,\N,N,N,N,VANCOUVER ISLAND,UNKNOWN,ALDER RD,ALDER RD,12:00-14:59,1,0
N,PROPERTY DAMAGE ONLY,\N,N,2025,FRIDAY,SINGLE VEHICLE,N,N,\N,\N,N,MAY,N,ANAHIM LAKE,ANAHIM LAKE,\N,N,N,N,NORTH CENTRAL,UNKNOWN,HWY 20,HWY 20,12:00-14:59,1,0
N,PROPERTY DAMAGE ONLY,\N,N,2025,FRIDAY,SINGLE VEHICLE,N,N,\N,\N,N,MAY,N,BURNABY,BURNABY,\N,N,Y,N,LOWER MAINLAND,UNKNOWN,NORTH RD,NORTH RD,12:00-14:59,1,0
N,PROPERTY DAMAGE ONLY,\N,N,2025,FRIDAY,SINGLE VEHICLE,N,N,\N,\N,N,MAY,N,CANAL FLATS,CANAL FLATS,\N,N,N,N,SOUTHERN INTERIOR,UNKNOWN,WHITESWAN LAKE FSR,WHITESWAN LAKE FSR,12:00-14:59,1,0
N,PROPERTY DAMAGE ONLY,\N,N,2025,FRIDAY,SINGLE VEHICLE,N,N,\N,\N,N,MAY,N,CASTLEGAR,CASTLEGAR,\N,N,N,N,SOUTHERN INTERIOR,UNKNOWN,FILIPOFF ROAD,FILIPOFF ROAD,12:00-14:59,1,0
N,PROPERTY DAMAGE ONLY,\N,N,2025,FRIDAY,SINGLE VEHICLE,N,N,\N,\N,N,MAY,N,CLEARWATER,CLEARWATER,\N,N,N,N,SOUTHERN INTERIOR,UNKNOWN,CLEARWATER VALLEY RD,CLEARWATER VALLEY RD,12:00-14:59,1,0
N,PROPERTY DAMAGE ONLY,\N,N,2025,FRIDAY,SINGLE VEHICLE,N,N,\N,\N,N,MAY,N,CRESTON,CRESTON,\N,N,N,N,SOUTHERN INTERIOR,UNKNOWN,HWY 3,HWY 3,12:00-14:59,1,0
N,PROPERTY DAMAGE ONLY,\N,N,2025,FRIDAY,SINGLE VEHICLE,N,N,\N,\N,N,MAY,N,CULTUS LAKE,CULTUS LAKE,\N,N,N,N,LOWER MAINLAND,UNKNOWN,CULTUS LAKE RD,CULTUS LAKE RD,12:00-14:59,1,0
N,PROPERTY DAMAGE ONLY,\N,N,2025,FRIDAY,SINGLE VEHICLE,N,N,\N,\N,N,MAY,N,DAWSON CREEK,DAWSON CREEK,\N,N,N,N,NORTH CENTRAL,UNKNOWN,BIG BAM RD,BIG BAM RD,12:00-14:59,1,0
N,PROPERTY DAMAGE ONLY,\N,N,2025,FRIDAY,SINGLE VEHICLE,N,N,\N,\N,N,MAY,N,DELTA,DELTA,\N,N,N,N,LOWER MAINLAND,UNKNOWN,45 AVE,45 AVE,12:00-14:59,1,0
N,PROPERTY DAMAGE ONLY,\N,N,2025,FRIDAY,SINGLE VEHICLE,N,N,\N,\N,N,MAY,N,GARDEN BAY,GARDEN BAY,\N,N,N,N,LOWER MAINLAND,UNKNOWN,IRVINES LANDING RD,IRVINES LANDING RD,12:00-14:59,1,0
N,PROPERTY DAMAGE ONLY,\N,N,2025,FRIDAY,SINGLE VEHICLE,N,N,\N,\N,N,MAY,N,HARRISON MILLS,HARRISON MILLS,\N,N,N,N,LOWER MAINLAND,UNKNOWN,SKWELLEPIL CREEK REC SITE,SKWELLEPIL CREEK REC SITE,12:00-14:59,1,0
N,PROPERTY DAMAGE ONLY,\N,N,2025,FRIDAY,SINGLE VEHICLE,N,N,\N,\N,N,MAY,N,KAMLOOPS,KAMLOOPS,\N,N,N,N,SOUTHERN INTERIOR,UNKNOWN,MCGILL ROAD,MCGILL ROAD,12:00-14:59,1,0
N,PROPERTY DAMAGE ONLY,\N,N,2025,FRIDAY,SINGLE VEHICLE,N,N,\N,\N,N,MAY,N,KELOWNA,KELOWNA,\N,N,N,N,SOUTHERN INTERIOR,UNKNOWN,LARKSPUR COURT,LARKSPUR COURT,12:00-14:59,1,0
N,PROPERTY DAMAGE ONLY,\N,N,2025,FRIDAY,SINGLE VEHICLE,N,N,\N,\N,N,MAY,N,KIMBERLEY,KIMBERLEY,\N,N,Y,N,SOUTHERN INTERIOR,UNKNOWN,STIRTON RD,STIRTON RD,12:00-14:59,1,0
N,PROPERTY DAMAGE ONLY,\N,N,2025,FRIDAY,SINGLE VEHICLE,N,N,\N,\N,N,MAY,N,LANGLEY,LANGLEY,\N,N,N,N,LOWER MAINLAND,UNKNOWN,80 AVE,80 AVE,12:00-14:59,1,0
N,PROPERTY DAMAGE ONLY,\N,N,2025,FRIDAY,SINGLE VEHICLE,N,N,\N,\N,N,MAY,N,LANGLEY,LANGLEY,\N,N,Y,N,LOWER MAINLAND,UNKNOWN,200 STREET,200 STREET,12:00-14:59,1,0
N,PROPERTY DAMAGE ONLY,\N,N,2025,FRIDAY,SINGLE VEHICLE,N,N,\N,\N,N,MAY,N,MERRITT,MERRITT,\N,N,N,N,SOUTHERN INTERIOR,UNKNOWN,HWY 5,HWY 5,12:00-14:59,1,0
N,PROPERTY DAMAGE ONLY,\N,N,2025,FRIDAY,SINGLE VEHICLE,N,N,\N,\N,N,MAY,N,MILL BAY,MILL BAY,\N,N,N,N,VANCOUVER ISLAND,UNKNOWN,HWY 1,HWY 1,12:00-14:59,1,0
N,PROPERTY DAMAGE ONLY,\N,N,2025,FRIDAY,SINGLE VEHICLE,N,N,\N,\N,N,MAY,N,PENTICTON,PENTICTON,\N,N,N,N,SOUTHERN INTERIOR,UNKNOWN,FARLEIGH LAKE ROAD,FARLEIGH LAKE ROAD,12:00-14:59,1,0
N,PROPERTY DAMAGE ONLY,\N,N,2025,FRIDAY,SINGLE VEHICLE,N,N,\N,\N,N,MAY,N,PITT MEADOWS,PITT MEADOWS,\N,N,Y,N,LOWER MAINLAND,UNKNOWN,FORD RD,FORD RD,12:00-14:59,1,0
N,PROPERTY DAMAGE ONLY,\N,N,2025,FRIDAY,SINGLE VEHICLE,N,N,\N,\N,N,MAY,N,PRINCE GEORGE,PRINCE GEORGE,\N,N,N,N,NORTH CENTRAL,UNKNOWN,OTWAY RD,OTWAY RD,12:00-14:59,1,0
N,PROPERTY DAMAGE ONLY,\N,N,2025,FRIDAY,SINGLE VEHICLE,N,N,\N,\N,N,MAY,N,QUALICUM BEACH,QUALICUM BEACH,\N,N,N,N,VANCOUVER ISLAND,UNKNOWN,HWY 19A,HWY 19A,12:00-14:59,1,0
N,PROPERTY DAMAGE ONLY,\N,N,2025,FRIDAY,SINGLE VEHICLE,N,N,\N,\N,N,MAY,N,SAANICH,SAANICH,\N,N,N,N,VANCOUVER ISLAND,UNKNOWN,GLENDENNING RD,GLENDENNING RD,12:00-14:59,1,0
N,PROPERTY DAMAGE ONLY,\N,N,2025,FRIDAY,SINGLE VEHICLE,N,N,\N,\N,N,MAY,N,SALT SPRING ISLAND,SALT SPRING ISLAND,\N,N,N,N,VANCOUVER ISLAND,UNKNOWN,BLACKBURN RD,BLACKBURN RD,12:00-14:59,1,0
N,PROPERTY DAMAGE ONLY,\N,N,2025,FRIDAY,SINGLE VEHICLE,N,N,\N,\N,N,MAY,N,SIDNEY,SIDNEY,\N,N,Y,N,VANCOUVER ISLAND,UNKNOWN,ELECTRA BLVD,ELECTRA BLVD,12:00-14:59,1,0
N,PROPERTY DAMAGE ONLY,\N,N,2025,FRIDAY,SINGLE VEHICLE,N,N,\N,\N,N,MAY,N,SPALLUMCHEEN,SPALLUMCHEEN,\N,N,Y,N,SOUTHERN INTERIOR,UNKNOWN,PARKINSON ROAD,PARKINSON ROAD,12:00-14:59,1,0
N,PROPERTY DAMAGE ONLY,\N,N,2025,FRIDAY,SINGLE VEHICLE,N,N,\N,\N,N,MAY,N,TEXADA ISLAND,TEXADA ISLAND,\N,N,N,N,VANCOUVER ISLAND,UNKNOWN,SHINGLES BEACH,SHINGLES BEACH,12:00-14:59,1,0
N,PROPERTY DAMAGE ONLY,\N,N,2025,FRIDAY,SINGLE VEHICLE,N,N,\N,\N,N,MAY,N,UNKNOWN,UNKNOWN,\N,N,N,N,UNKNOWN,UNKNOWN,UNKNOWN,UNKNOWN,12:00-14:59,1,0
N,PROPERTY DAMAGE ONLY,\N,N,2025,FRIDAY,SINGLE VEHICLE,N,N,\N,\N,N,MAY,N,UNKNOWN,UNKNOWN,\N,N,Y,N,UNKNOWN,UNKNOWN,UNKNOWN,UNKNOWN,12:00-14:59,1,0
N,PROPERTY DAMAGE ONLY,\N,N,2025,FRIDAY,SINGLE VEHICLE,N,N,\N,\N,N,MAY,N,VICTORIA,VICTORIA,\N,N,N,N,VANCOUVER ISLAND,UNKNOWN,ELK LAKE OVERFLOW PARKING,ELK LAKE OVERFLOW PARKING,12:00-14:59,1,0
N,PROPERTY DAMAGE ONLY,\N,N,2025,FRIDAY,SINGLE VEHICLE,N,N,\N,\N,N,MAY,N,VICTORIA,VICTORIA,\N,N,N,N,VANCOUVER ISLAND,UNKNOWN,KENNETH STREET,KENNETH STREET,12:00-14:59,1,0
N,PROPERTY DAMAGE ONLY,\N,N,2025,FRIDAY,SINGLE VEHICLE,N,N,\N,\N,N,MAY,N,VICTORIA,VICTORIA,\N,N,N,N,VANCOUVER ISLAND,UNKNOWN,PATRICIA BAY,PATRICIA BAY,12:00-14:59,1,0
N,PROPERTY DAMAGE ONLY,\N,N,2025,FRIDAY,SINGLE VEHICLE,N,N,\N,\N,N,MAY,N,VICTORIA,VICTORIA,\N,N,Y,N,VANCOUVER ISLAND,UNKNOWN,HELMCKEN RD,HELMCKEN RD,12:00-14:59,1,0
N,PROPERTY DAMAGE ONLY,\N,N,2025,FRIDAY,SINGLE VEHICLE,N,N,\N,\N,N,MAY,N,VICTORIA,VICTORIA,\N,N,Y,N,VANCOUVER ISLAND,UNKNOWN,SAANICH ROAD,SAANICH ROAD,12:00-14:59,1,0
N,PROPERTY DAMAGE ONLY,\N,N,2025,FRIDAY,SINGLE VEHICLE,N,N,\N,\N,N,MAY,N,WINLAW,WINLAW,\N,N,Y,N,SOUTHERN INTERIOR,UNKNOWN,POPOU RD,POPOU RD,12:00-14:59,1,0
N,PROPERTY DAMAGE ONLY,\N,N,2025,FRIDAY,SINGLE VEHICLE,N,N,48.367474,-123.731614,Y,MAY,N,SOOKE,SOOKE,SOOKE,N,Y,N,VANCOUVER ISLAND,WEST COAST RD # 006900 TO 006978,WEST COAST RD,WEST COAST RD,12:00-14:59,1,0
N,PROPERTY DAMAGE ONLY,\N,N,2025,FRIDAY,SINGLE VEHICLE,N,N,48.375918,-123.724875,Y,MAY,N,SOOKE,SOOKE,SOOKE,N,N,N,VANCOUVER ISLAND,WEST COAST RD # 006720 TO 006734,WEST COAST RD,WEST COAST RD,12:00-14:59,1,0
N,PROPERTY DAMAGE ONLY,\N,N,2025,FRIDAY,SINGLE VEHICLE,N,N,48.400724,-123.637329,Y,MAY,N,SOOKE,SOOKE,SOOKE,N,N,N,VANCOUVER ISLAND,GLINZ LAKE RD # 005016 TO 005034,GLINZ LAKE RD,GLINZ LAKE RD,12:00-14:59,1,0
N,PROPERTY DAMAGE ONLY,\N,N,2025,FRIDAY,SINGLE VEHICLE,N,N,48.4252,-123.362952,Y,MAY,N,VICTORIA,VICTORIA,VICTORIA,N,Y,N,VANCOUVER ISLAND,VIEW ST # 000740 TO 000799,VIEW ST,VIEW ST,12:00-14:59,1,0
N,PROPERTY DAMAGE ONLY,\N,N,2025,FRIDAY,SINGLE VEHICLE,N,N,48.426514,-123.31872,Y,MAY,N,OAK BAY,OAK BAY,OAK BAY,N,Y,N,VANCOUVER ISLAND,OAK BAY AVE # 002100 TO 002149,OAK BAY AVE,OAK BAY AVE,12:00-14:59,1,0
N,PROPERTY DAMAGE ONLY,\N,N,2025,FRIDAY,SINGLE VEHICLE,N,N,48.445415,-123.333968,Y,MAY,N,VICTORIA,VICTORIA,VICTORIA,N,Y,N,VANCOUVER ISLAND,HILLSIDE AVE # 001634 TO 001699,HILLSIDE AVE,HILLSIDE AVE,12:00-14:59,1,0
N,PROPERTY DAMAGE ONLY,\N,N,2025,FRIDAY,SINGLE VEHICLE,N,N,48.454686,-123.373315,Y,MAY,N,SAANICH,SAANICH,SAANICH,N,Y,N,VANCOUVER ISLAND,SAANICH RD # 003430 TO 003508 even,SAANICH RD,SAANICH RD,12:00-14:59,1,0
N,PROPERTY DAMAGE ONLY,\N,N,2025,FRIDAY,SINGLE VEHICLE,N,N,48.501812,-123.375796,Y,MAY,N,SAANICH,SAANICH,SAANICH,N,N,N,VANCOUVER ISLAND,BEARWOOD LANE # 000920 TO 000933,BEARWOOD LANE,BEARWOOD LANE,12:00-14:59,1,0
N,PROPERTY DAMAGE ONLY,\N,N,2025,FRIDAY,SINGLE VEHICLE,N,N,48.847947,-123.499032,Y,MAY,N,SALT SPRING ISLAND,SALT SPRING ISLAND,SALT SPRING ISLAND,N,N,N,VANCOUVER ISLAND,ALDERS AVE # 000118 TO 000175,ALDERS AVE,ALDERS AVE,12:00-14:59,1,0
N,PROPERTY DAMAGE ONLY,\N,N,2025,FRIDAY,SINGLE VEHICLE,N,N,48.85117,-123.29817,Y,MAY,N,MAYNE ISLAND,MAYNE ISLAND,MAYNE ISLAND,N,Y,N,VANCOUVER ISLAND,FERNHILL RD # 000420 TO 000425,FERNHILL RD,FERNHILL RD,12:00-14:59,1,0
N,PROPERTY DAMAGE ONLY,\N,N,2025,FRIDAY,SINGLE VEHICLE,N,N,48.925647,-123.736762,Y,MAY,N,CHEMAINUS,CHEMAINUS,CHEMAINUS,N,N,N,VANCOUVER ISLAND,CHANNEL BLVD # 003219 TO 003233 odd,CHANNEL BLVD,CHANNEL BLVD,12:00-14:59,1,0
N,PROPERTY DAMAGE ONLY,\N,N,2025,FRIDAY,SINGLE VEHICLE,N,N,49.028142,-122.265414,Y,MAY,N,ABBOTSFORD,ABBOTSFORD,ABBOTSFORD,N,Y,N,LOWER MAINLAND,SUMAS WAY # 001300 TO 001436,SUMAS WAY,SUMAS WAY,12:00-14:59,1,0
N,PROPERTY DAMAGE ONLY,\N,N,2025,FRIDAY,SINGLE VEHICLE,N,N,49.029251,-122.792916,Y,MAY,N,WHITE ROCK,WHITE ROCK,WHITE ROCK,Y,Y,N,LOWER MAINLAND,RUSSELL AVE # 015450 TO 015589,RUSSELL AVE,RUSSELL AVE,12:00-14:59,1,0
N,PROPERTY DAMAGE ONLY,\N,N,2025,FRIDAY,SINGLE VEHICLE,N,N,49.032899,-123.068701,Y,MAY,N,DELTA,DELTA,DELTA,N,Y,N,LOWER MAINLAND,56 ST # 001601 TO 001679 odd,56 ST,56 ST,12:00-14:59,1,0
N,PROPERTY DAMAGE ONLY,\N,N,2025,FRIDAY,SINGLE VEHICLE,N,N,49.041033,-122.783824,Y,MAY,N,SURREY,SURREY,SURREY,N,N,N,LOWER MAINLAND,ESSEX PL # 015800 TO 015849,ESSEX PL,ESSEX PL,12:00-14:59,1,0
N,PROPERTY DAMAGE ONLY,\N,N,2025,FRIDAY,SINGLE VEHICLE,N,N,49.046944,-122.290368,Y,MAY,N,ABBOTSFORD,ABBOTSFORD,ABBOTSFORD,Y,Y,N,LOWER MAINLAND,MONTROSE AVE # 002460 TO 002485,MONTROSE AVE,MONTROSE AVE,12:00-14:59,1,0
N,PROPERTY DAMAGE ONLY,\N,N,2025,FRIDAY,SINGLE VEHICLE,N,N,49.047883,-122.260224,Y,MAY,N,ABBOTSFORD,ABBOTSFORD,ABBOTSFORD,N,Y,N,LOWER MAINLAND,MCMILLAN RD # 002498 TO 002589,MCMILLAN RD,MCMILLAN RD,12:00-14:59,1,0
N,PROPERTY DAMAGE ONLY,\N,N,2025,FRIDAY,SINGLE VEHICLE,N,N,49.071918,-122.536932,Y,MAY,N,LANGLEY,LANGLEY,LANGLEY,N,Y,N,LOWER MAINLAND,248 ST # 003760 TO 003999,248 ST,248 ST,12:00-14:59,1,0
N,PROPERTY DAMAGE ONLY,\N,N,2025,FRIDAY,SINGLE VEHICLE,N,N,49.077557,-117.800194,Y,MAY,N,ROSSLAND,ROSSLAND,ROSSLAND,N,N,N,SOUTHERN INTERIOR,WASHINGTON ST # 002000 TO 002099,WASHINGTON ST,WASHINGTON ST,12:00-14:59,1,0
N,PROPERTY DAMAGE ONLY,\N,N,2025,FRIDAY,SINGLE VEHICLE,N,N,49.093502,-117.636935,Y,MAY,N,TRAIL,TRAIL,TRAIL,N,N,N,SOUTHERN INTERIOR,DEVITO DR # 007951 TO 008125,DEVITO DR,DEVITO DR,12:00-14:59,1,0
N,PROPERTY DAMAGE ONLY,\N,N,2025,FRIDAY,SINGLE VEHICLE,N,N,49.11148,-122.674324,Y,MAY,N,LANGLEY,LANGLEY,LANGLEY,N,Y,N,LOWER MAINLAND,FRASER HWY # 019809 TO 019849 odd,FRASER HWY,FRASER HWY,12:00-14:59,1,0
N,PROPERTY DAMAGE ONLY,\N,N,2025,FRIDAY,SINGLE VEHICLE,N,N,49.115476,-121.870825,Y,MAY,N,CHILLIWACK,CHILLIWACK,CHILLIWACK,N,N,N,LOWER MAINLAND,ELK VIEW RD # 048791 TO 048998,ELK VIEW RD,ELK VIEW RD,12:00-14:59,1,0
N,PROPERTY DAMAGE ONLY,\N,N,2025,FRIDAY,SINGLE VEHICLE,N,N,49.131529,-125.895175,Y,MAY,N,TOFINO,TOFINO,TOFINO,N,Y,N,VANCOUVER ISLAND,PACIFIC RIM HWY # 001100 TO 001120,PACIFIC RIM HWY,PACIFIC RIM HWY,12:00-14:59,1,0
N,PROPERTY DAMAGE ONLY,\N,N,2025,FRIDAY,SINGLE VEHICLE,N,N,49.133404,-122.319512,Y,MAY,N,MISSION,MISSION,MISSION,N,Y,N,LOWER MAINLAND,PARK ST # 007200 TO 007231,PARK ST,PARK ST,12:00-14:59,1,0
N,PROPERTY DAMAGE ONLY,\N,N,2025,FRIDAY,SINGLE VEHICLE,N,N,49.140429,-122.814579,Y,MAY,N,SURREY,SURREY,SURREY,N,N,N,LOWER MAINLAND,75A AVE # 014656 TO 014759,75A AVE,75A AVE,12:00-14:59,1,0
N,PROPERTY DAMAGE ONLY,\N,N,2025,FRIDAY,SINGLE VEHICLE,N,N,49.147993,-122.645186,Y,MAY,N,LANGLEY,LANGLEY,LANGLEY,N,Y,N,LOWER MAINLAND,80 AVE # 020800 TO 020834,80 AVE,80 AVE,12:00-14:59,1,0
N,PROPERTY DAMAGE ONLY,\N,N,2025,FRIDAY,SINGLE VEHICLE,N,N,49.150373,-122.595692,Y,MAY,N,LANGLEY,LANGLEY,LANGLEY,N,Y,N,LOWER MAINLAND,TELEGRAPH TRAIL # 022550 TO 022699,TELEGRAPH TRAIL,TELEGRAPH TRAIL,12:00-14:59,1,0
N,PROPERTY DAMAGE ONLY,\N,N,2025,FRIDAY,SINGLE VEHICLE,N,N,49.165613,-123.136632,Y,MAY,N,RICHMOND,RICHMOND,RICHMOND,Y,Y,N,LOWER MAINLAND,NO 3 RD # 006401 TO 006799 odd,NO 3 RD,NO 3 RD,12:00-14:59,1,0
N,PROPERTY DAMAGE ONLY,\N,N,2025,FRIDAY,SINGLE VEHICLE,N,N,49.168732,-122.663421,Y,MAY,N,LANGLEY,LANGLEY,LANGLEY,N,Y,N,LOWER MAINLAND,91A AVE # 020150 TO 020199,91A AVE,91A AVE,12:00-14:59,1,0
N,PROPERTY DAMAGE ONLY,\N,N,2025,FRIDAY,SINGLE VEHICLE,N,N,49.171395,-123.076828,Y,MAY,N,RICHMOND,RICHMOND,RICHMOND,N,Y,N,LOWER MAINLAND,SMALLWOOD PL # 013100 TO 013699,SMALLWOOD PL,SMALLWOOD PL,12:00-14:59,1,0
N,PROPERTY DAMAGE ONLY,\N,N,2025,FRIDAY,SINGLE VEHICLE,N,N,49.171995,-123.134012,Y,MAY,N,RICHMOND,RICHMOND,RICHMOND,Y,Y,N,LOWER MAINLAND,ACKROYD RD # 008100 TO 008399,ACKROYD RD,ACKROYD RD,12:00-14:59,1,0
N,PROPERTY DAMAGE ONLY,\N,N,2025,FRIDAY,SINGLE VEHICLE,N,N,49.173672,-123.147678,Y,MAY,N,RICHMOND,RICHMOND,RICHMOND,N,Y,N,LOWER MAINLAND,HOLLYBRIDGE WAY # 005485 TO 005610,HOLLYBRIDGE WAY,HOLLYBRIDGE WAY,12:00-14:59,1,0
N,PROPERTY DAMAGE ONLY,\N,N,2025,FRIDAY,SINGLE VEHICLE,N,N,49.187758,-122.836856,Y,MAY,N,SURREY,SURREY,SURREY,N,Y,N,LOWER MAINLAND,102 AVE # 013895 TO 013909,102 AVE,102 AVE,12:00-14:59,1,0
N,PROPERTY DAMAGE ONLY,\N,N,2025,FRIDAY,SINGLE VEHICLE,N,N,49.190089,-122.800995,Y,MAY,N,SURREY,SURREY,SURREY,N,Y,N,LOWER MAINLAND,152 ST # 010251 TO 010399 odd,152 ST,152 ST,12:00-14:59,1,0
N,PROPERTY DAMAGE ONLY,\N,N,2025,FRIDAY,SINGLE VEHICLE,N,N,49.191535,-123.128155,Y,MAY,N,RICHMOND,RICHMOND,RICHMOND,Y,Y,N,LOWER MAINLAND,SEXSMITH RD # 003000 TO 003099,SEXSMITH RD,SEXSMITH RD,12:00-14:59,1,0
N,PROPERTY DAMAGE ONLY,\N,N,2025,FRIDAY,SINGLE VEHICLE,N,N,49.199428,-122.915018,Y,MAY,N,NEW WESTMINSTER,NEW WESTMINSTER,NEW WESTMINSTER,N,Y,N,LOWER MAINLAND,QUAYSIDE DR # 000900 TO 001019,QUAYSIDE DR,QUAYSIDE DR,12:00-14:59,1,0
N,PROPERTY DAMAGE ONLY,\N,N,2025,FRIDAY,SINGLE VEHICLE,N,N,49.201962,-122.912864,Y,MAY,N,NEW WESTMINSTER,NEW WESTMINSTER,NEW WESTMINSTER,N,Y,N,LOWER MAINLAND,CARNARVON ST # 000800 TO 000809,CARNARVON ST,CARNARVON ST,12:00-14:59,1,0
N,PROPERTY DAMAGE ONLY,\N,N,2025,FRIDAY,SINGLE VEHICLE,N,N,49.203181,-122.880085,Y,MAY,N,SURREY,SURREY,SURREY,N,Y,N,LOWER MAINLAND,PATTULLO PL # 012320 TO 012399,PATTULLO PL,PATTULLO PL,12:00-14:59,1,0
N,PROPERTY DAMAGE ONLY,\N,N,2025,FRIDAY,SINGLE VEHICLE,N,N,49.203333,-124.004495,Y,MAY,N,NANAIMO,NANAIMO,NANAIMO,N,N,N,VANCOUVER ISLAND,HAYES RD # 002370 TO 002459,HAYES RD,HAYES RD,12:00-14:59,1,0
N,PROPERTY DAMAGE ONLY,\N,N,2025,FRIDAY,SINGLE VEHICLE,N,N,49.204229,-122.625147,Y,MAY,N,LANGLEY,LANGLEY,LANGLEY,N,N,N,LOWER MAINLAND,ALLARD CRES # 021290 TO 021773,ALLARD CRES,ALLARD CRES,12:00-14:59,1,0
N,PROPERTY DAMAGE ONLY,\N,N,2025,FRIDAY,SINGLE VEHICLE,N,N,49.204615,-123.13176,Y,MAY,N,VANCOUVER,VANCOUVER,VANCOUVER,N,Y,N,LOWER MAINLAND,OSLER ST # 008854 TO 008899,OSLER ST,OSLER ST,12:00-14:59,1,0
N,PROPERTY DAMAGE ONLY,\N,N,2025,FRIDAY,SINGLE VEHICLE,N,N,49.21549,-122.924885,Y,MAY,N,NEW WESTMINSTER,NEW WESTMINSTER,NEW WESTMINSTER,N,Y,N,LOWER MAINLAND,EIGHTH AVE # 000600 TO 000703,EIGHTH AVE,EIGHTH AVE,12:00-14:59,1,0
N,PROPERTY DAMAGE ONLY,\N,N,2025,FRIDAY,SINGLE VEHICLE,N,N,49.219705,-122.607025,Y,MAY,N,MAPLE RIDGE,MAPLE RIDGE,MAPLE RIDGE,N,Y,N,LOWER MAINLAND,222 ST # 011920 TO 011999,222 ST,222 ST,12:00-14:59,1,0
N,PROPERTY DAMAGE ONLY,\N,N,2025,FRIDAY,SINGLE VEHICLE,N,N,49.225515,-123.188414,Y,MAY,N,VANCOUVER,VANCOUVER,VANCOUVER,N,N,N,LOWER MAINLAND,W 51ST AVE # 003600 TO 003869,W 51ST AVE,W 51ST AVE,12:00-14:59,1,0
N,PROPERTY DAMAGE ONLY,\N,N,2025,FRIDAY,SINGLE VEHICLE,N,N,49.225915,-122.601319,Y,MAY,N,MAPLE RIDGE,MAPLE RIDGE,MAPLE RIDGE,N,Y,N,LOWER MAINLAND,224 ST # 012200 TO 012399,224 ST,224 ST,12:00-14:59,1,0
N,PROPERTY DAMAGE ONLY,\N,N,2025,FRIDAY,SINGLE VEHICLE,N,N,49.226976,-123.140321,Y,MAY,N,VANCOUVER,VANCOUVER,VANCOUVER,N,Y,N,LOWER MAINLAND,W 49TH AVE # 001500 TO 001555,W 49TH AVE,W 49TH AVE,12:00-14:59,1,0
N,PROPERTY DAMAGE ONLY,\N,N,2025,FRIDAY,SINGLE VEHICLE,N,N,49.229116,-122.590323,Y,MAY,N,MAPLE RIDGE,MAPLE RIDGE,MAPLE RIDGE,Y,N,N,LOWER MAINLAND,228 ST # 012441 TO 012529,228 ST,228 ST,12:00-14:59,1,0
N,PROPERTY DAMAGE ONLY,\N,N,2025,FRIDAY,SINGLE VEHICLE,N,N,49.232067,-123.100038,Y,MAY,N,VANCOUVER,VANCOUVER,VANCOUVER,N,Y,N,LOWER MAINLAND,CREE ST # 005700 TO 005899,CREE ST,CREE ST,12:00-14:59,1,0
N,PROPERTY DAMAGE ONLY,\N,N,2025,FRIDAY,SINGLE VEHICLE,N,N,49.239473,-122.963208,Y,MAY,N,BURNABY,BURNABY,BURNABY,N,Y,N,LOWER MAINLAND,CANADA WAY # 005001 TO 005199,CANADA WAY,CANADA WAY,12:00-14:59,1,0
N,PROPERTY DAMAGE ONLY,\N,N,2025,FRIDAY,SINGLE VEHICLE,N,N,49.243264,-123.061156,Y,MAY,N,VANCOUVER,VANCOUVER,VANCOUVER,N,Y,N,LOWER MAINLAND,KINGSWAY # 002200 TO 002233,KINGSWAY,KINGSWAY,12:00-14:59,1,0
N,PROPERTY DAMAGE ONLY,\N,N,2025,FRIDAY,SINGLE VEHICLE,N,N,49.251687,-122.966597,Y,MAY,N,BURNABY,BURNABY,BURNABY,Y,Y,N,LOWER MAINLAND,KENSINGTON AVE # 003601 TO 003799 odd,KENSINGTON AVE,KENSINGTON AVE,12:00-14:59,1,0
N,PROPERTY DAMAGE ONLY,\N,N,2025,FRIDAY,SINGLE VEHICLE,N,N,49.253364,-123.175946,Y,MAY,N,VANCOUVER,VANCOUVER,VANCOUVER,N,N,N,LOWER MAINLAND,QUESNEL DR # 003700 TO 003789,QUESNEL DR,QUESNEL DR,12:00-14:59,1,0
N,PROPERTY DAMAGE ONLY,\N,N,2025,FRIDAY,SINGLE VEHICLE,N,N,49.254526,-122.738383,Y,MAY,N,PORT COQUITLAM,PORT COQUITLAM,PORT COQUITLAM,Y,Y,N,LOWER MAINLAND,HAWKINS ST # 002100 TO 002199,HAWKINS ST,HAWKINS ST,12:00-14:59,1,0
N,PROPERTY DAMAGE ONLY,\N,N,2025,FRIDAY,SINGLE VEHICLE,N,N,49.254828,-124.790921,Y,MAY,N,PORT ALBERNI,PORT ALBERNI,PORT ALBERNI,Y,Y,N,VANCOUVER ISLAND,ROGER ST # 003700 TO 004011,ROGER ST,ROGER ST,12:00-14:59,1,0
N,PROPERTY DAMAGE ONLY,\N,N,2025,FRIDAY,SINGLE VEHICLE,N,N,49.259491,-123.131528,Y,MAY,N,VANCOUVER,VANCOUVER,VANCOUVER,Y,N,N,LOWER MAINLAND,ALDER ST # 002900 TO 002947,ALDER ST,ALDER ST,12:00-14:59,1,0
N,PROPERTY DAMAGE ONLY,\N,N,2025,FRIDAY,SINGLE VEHICLE,N,N,49.260419,-123.116342,Y,MAY,N,VANCOUVER,VANCOUVER,VANCOUVER,N,Y,N,LOWER MAINLAND,W 12TH AVE # 000500 TO 000599,W 12TH AVE,W 12TH AVE,12:00-14:59,1,0
N,PROPERTY DAMAGE ONLY,\N,N,2025,FRIDAY,SINGLE VEHICLE,N,N,49.260553,-123.123488,Y,MAY,N,VANCOUVER,VANCOUVER,VANCOUVER,N,Y,N,LOWER MAINLAND,W 12TH AVE # 000830 TO 000899,W 12TH AVE,W 12TH AVE,12:00-14:59,1,0
N,PROPERTY DAMAGE ONLY,\N,N,2025,FRIDAY,SINGLE VEHICLE,N,N,49.26088,-122.776957,Y,MAY,N,PORT COQUITLAM,PORT COQUITLAM,PORT COQUITLAM,N,Y,N,LOWER MAINLAND,WILSON AVE # 002100 TO 002199,WILSON AVE,WILSON AVE,12:00-14:59,1,0
N,PROPERTY DAMAGE ONLY,\N,N,2025,FRIDAY,SINGLE VEHICLE,N,N,49.261511,-123.125398,Y,MAY,N,VANCOUVER,VANCOUVER,VANCOUVER,N,Y,N,LOWER MAINLAND,LAUREL ST # 002600 TO 002799,LAUREL ST,LAUREL ST,12:00-14:59,1,0
N,PROPERTY DAMAGE ONLY,\N,N,2025,FRIDAY,SINGLE VEHICLE,N,N,49.264065,-123.167323,Y,MAY,N,VANCOUVER,VANCOUVER,VANCOUVER,N,Y,N,LOWER MAINLAND,W BROADWAY # 002700 TO 002799,W BROADWAY,W BROADWAY,12:00-14:59,1,0
N,PROPERTY DAMAGE ONLY,\N,N,2025,FRIDAY,SINGLE VEHICLE,N,N,49.264121,-123.115143,Y,MAY,N,VANCOUVER,VANCOUVER,VANCOUVER,N,Y,N,LOWER MAINLAND,W 8TH AVE # 000500 TO 000521,W 8TH AVE,W 8TH AVE,12:00-14:59,1,0
N,PROPERTY DAMAGE ONLY,\N,N,2025,FRIDAY,SINGLE VEHICLE,N,N,49.266637,-123.024693,Y,MAY,N,VANCOUVER,VANCOUVER,VANCOUVER,N,Y,N,LOWER MAINLAND,E 4TH AVE # 003600 TO 003699,E 4TH AVE,E 4TH AVE,12:00-14:59,1,0
N,PROPERTY DAMAGE ONLY,\N,N,2025,FRIDAY,SINGLE VEHICLE,N,N,49.269246,-123.101735,Y,MAY,N,VANCOUVER,VANCOUVER,VANCOUVER,N,Y,N,LOWER MAINLAND,E 2ND AVE # 000101 TO 000199 odd,E 2ND AVE,E 2ND AVE,12:00-14:59,1,0
N,PROPERTY DAMAGE ONLY,\N,N,2025,FRIDAY,SINGLE VEHICLE,N,N,49.273108,-123.056583,Y,MAY,N,VANCOUVER,VANCOUVER,VANCOUVER,N,N,N,LOWER MAINLAND,NANAIMO ST # 001300 TO 001329,NANAIMO ST,NANAIMO ST,12:00-14:59,1,0
N,PROPERTY DAMAGE ONLY,\N,N,2025,FRIDAY,SINGLE VEHICLE,N,N,49.276048,-123.114371,Y,MAY,N,VANCOUVER,VANCOUVER,VANCOUVER,N,Y,N,LOWER MAINLAND,EXPO BLVD # 000860 TO 000899,EXPO BLVD,EXPO BLVD,12:00-14:59,1,0
N,PROPERTY DAMAGE ONLY,\N,N,2025,FRIDAY,SINGLE VEHICLE,N,N,49.277392,-122.906931,Y,MAY,N,BURNABY,BURNABY,BURNABY,N,Y,N,LOWER MAINLAND,UNIVERSITY HIGH ST # 009150 TO 009398 even,UNIVERSITY HIGH ST,UNIVERSITY HIGH ST,12:00-14:59,1,0
N,PROPERTY DAMAGE ONLY,\N,N,2025,FRIDAY,SINGLE VEHICLE,N,N,49.279015,-123.112765,Y,MAY,N,VANCOUVER,VANCOUVER,VANCOUVER,N,Y,N,LOWER MAINLAND,W GEORGIA ST # 000152 TO 000199,W GEORGIA ST,W GEORGIA ST,12:00-14:59,1,0
N,PROPERTY DAMAGE ONLY,\N,N,2025,FRIDAY,SINGLE VEHICLE,N,N,49.282604,-123.112161,Y,MAY,N,VANCOUVER,VANCOUVER,VANCOUVER,N,Y,N,LOWER MAINLAND,HOMER ST # 000500 TO 000531,HOMER ST,HOMER ST,12:00-14:59,1,0
N,PROPERTY DAMAGE ONLY,\N,N,2025,FRIDAY,SINGLE VEHICLE,N,N,49.282725,-123.113911,Y,MAY,N,VANCOUVER,VANCOUVER,VANCOUVER,N,Y,N,LOWER MAINLAND,RICHARDS ST # 000532 TO 000599,RICHARDS ST,RICHARDS ST,12:00-14:59,1,0
N,PROPERTY DAMAGE ONLY,\N,N,2025,FRIDAY,SINGLE VEHICLE,N,N,49.287248,-123.119614,Y,MAY,N,VANCOUVER,VANCOUVER,VANCOUVER,N,Y,N,LOWER MAINLAND,W PENDER ST # 001038 TO 001099,W PENDER ST,W PENDER ST,12:00-14:59,1,0
N,PROPERTY DAMAGE ONLY,\N,N,2025,FRIDAY,SINGLE VEHICLE,N,N,49.291824,-123.129933,Y,MAY,N,VANCOUVER,VANCOUVER,VANCOUVER,N,Y,N,LOWER MAINLAND,BAYSHORE DR # 001600 TO 001639,BAYSHORE DR,BAYSHORE DR,12:00-14:59,1,0
N,PROPERTY DAMAGE ONLY,\N,N,2025,FRIDAY,SINGLE VEHICLE,N,N,49.293751,-122.747518,Y,MAY,N,COQUITLAM,COQUITLAM,COQUITLAM,N,N,N,LOWER MAINLAND,DAVID AVE # 003447 TO 003450,DAVID AVE,DAVID AVE,12:00-14:59,1,0
N,PROPERTY DAMAGE ONLY,\N,N,2025,FRIDAY,SINGLE VEHICLE,N,N,49.308591,-123.071076,Y,MAY,N,NORTH VANCOUVER,NORTH VANCOUVER,NORTH VANCOUVER,N,N,N,LOWER MAINLAND,E 1ST ST # 000300 TO 000399,E 1ST ST,E 1ST ST,12:00-14:59,1,0
N,PROPERTY DAMAGE ONLY,\N,N,2025,FRIDAY,SINGLE VEHICLE,N,N,49.312335,-123.079796,Y,MAY,N,NORTH VANCOUVER,NORTH VANCOUVER,NORTH VANCOUVER,N,N,N,LOWER MAINLAND,W 1ST ST # 000116 TO 000139,W 1ST ST,W 1ST ST,12:00-14:59,1,0
N,PROPERTY DAMAGE ONLY,\N,N,2025,FRIDAY,SINGLE VEHICLE,N,N,49.324381,-123.069139,Y,MAY,N,NORTH VANCOUVER,NORTH VANCOUVER,NORTH VANCOUVER,N,Y,N,LOWER MAINLAND,ST GEORGES AVE # 001700 TO 001749,ST GEORGES AVE,ST GEORGES AVE,12:00-14:59,1,0
N,PROPERTY DAMAGE ONLY,\N,N,2025,FRIDAY,SINGLE VEHICLE,N,N,49.338481,-123.187139,Y,MAY,N,WEST VANCOUVER,WEST VANCOUVER,WEST VANCOUVER,Y,Y,N,LOWER MAINLAND,MATHERS AVE # 002600 TO 002699,MATHERS AVE,MATHERS AVE,12:00-14:59,1,0
N,PROPERTY DAMAGE ONLY,\N,N,2025,FRIDAY,SINGLE VEHICLE,N,N,49.33938,-123.040756,Y,MAY,N,NORTH VANCOUVER,NORTH VANCOUVER,NORTH VANCOUVER,N,N,N,LOWER MAINLAND,BAIRD RD # 003348 TO 003379,BAIRD RD,BAIRD RD,12:00-14:59,1,0
N,PROPERTY DAMAGE ONLY,\N,N,2025,FRIDAY,SINGLE VEHICLE,N,N,49.407236,-123.526662,Y,MAY,N,GIBSONS,GIBSONS,GIBSONS,N,Y,N,LOWER MAINLAND,SEAMOUNT WAY # 001010 TO 001049,SEAMOUNT WAY,SEAMOUNT WAY,12:00-14:59,2,0
N,PROPERTY DAMAGE ONLY,\N,N,2025,FRIDAY,SINGLE VEHICLE,N,N,49.47707,-117.286234,Y,MAY,N,NELSON,NELSON,NELSON,N,N,N,SOUTHERN INTERIOR,FALLS ST # 002200 TO 002301,FALLS ST,FALLS ST,12:00-14:59,1,0
N,PROPERTY DAMAGE ONLY,\N,N,2025,FRIDAY,SINGLE VEHICLE,N,N,49.482646,-119.578336,Y,MAY,N,PENTICTON,PENTICTON,PENTICTON,N,Y,N,SOUTHERN INTERIOR,CARMI AVE # 000550 TO 000579,CARMI AVE,CARMI AVE,12:00-14:59,1,0
N,PROPERTY DAMAGE ONLY,\N,N,2025,FRIDAY,SINGLE VEHICLE,N,N,49.491697,-115.800466,Y,MAY,N,CRANBROOK,CRANBROOK,CRANBROOK,N,N,N,SOUTHERN INTERIOR,CALDWELL RD # 001600 TO 001998 even,CALDWELL RD,CALDWELL RD,12:00-14:59,1,0
N,PROPERTY DAMAGE ONLY,\N,N,2025,FRIDAY,SINGLE VEHICLE,N,N,49.496193,-117.291298,Y,MAY,N,NELSON,NELSON,NELSON,N,Y,N,SOUTHERN INTERIOR,FRONT ST # 000800 TO 000899,FRONT ST,FRONT ST,12:00-14:59,1,0
N,PROPERTY DAMAGE ONLY,\N,N,2025,FRIDAY,SINGLE VEHICLE,N,N,49.643461,-124.954476,Y,MAY,N,ROYSTON,ROYSTON,ROYSTON,N,Y,N,VANCOUVER ISLAND,HYLAND RD # 003900 TO 003933,HYLAND RD,HYLAND RD,12:00-14:59,1,0
N,PROPERTY DAMAGE ONLY,\N,N,2025,FRIDAY,SINGLE VEHICLE,N,N,49.687387,-123.148842,Y,MAY,N,SQUAMISH,SQUAMISH,SQUAMISH,N,Y,N,LOWER MAINLAND,HWY 99 # 036744 TO 037258 even,HWY 99,HWY 99,12:00-14:59,1,0
N,PROPERTY DAMAGE ONLY,\N,N,2025,FRIDAY,SINGLE VEHICLE,N,N,49.846011,-119.483256,Y,MAY,N,KELOWNA,KELOWNA,KELOWNA,N,Y,N,SOUTHERN INTERIOR,BIRD PL # 003780 TO 003789,BIRD PL,BIRD PL,12:00-14:59,1,0
N,PROPERTY DAMAGE ONLY,\N,N,2025,FRIDAY,SINGLE VEHICLE,N,N,49.846472,-124.516045,Y,MAY,N,POWELL RIVER,POWELL RIVER,POWELL RIVER,N,Y,N,VANCOUVER ISLAND,ALBERNI ST # 007100 TO 007119,ALBERNI ST,ALBERNI ST,12:00-14:59,1,0
N,PROPERTY DAMAGE ONLY,\N,N,2025,FRIDAY,SINGLE VEHICLE,N,N,50.008636,-125.241832,Y,MAY,N,CAMPBELL RIVER,CAMPBELL RIVER,CAMPBELL RIVER,N,Y,N,VANCOUVER ISLAND,BIRCH ST # 000046 TO 000123,BIRCH ST,BIRCH ST,12:00-14:59,1,0
N,PROPERTY DAMAGE ONLY,\N,N,2025,FRIDAY,SINGLE VEHICLE,N,N,50.094213,-122.990449,Y,MAY,N,WHISTLER,WHISTLER,WHISTLER,N,Y,N,LOWER MAINLAND,LAKE PLACID RD # 002030 TO 002055,LAKE PLACID RD,LAKE PLACID RD,12:00-14:59,1,0
N,PROPERTY DAMAGE ONLY,\N,N,2025,FRIDAY,SINGLE VEHICLE,N,N,50.117616,-122.94686,Y,MAY,N,WHISTLER,WHISTLER,WHISTLER,N,Y,N,LOWER MAINLAND,CHATEAU BLVD # 004550 TO 004585,CHATEAU BLVD,CHATEAU BLVD,12:00-14:59,1,0
N,PROPERTY DAMAGE ONLY,\N,N,2025,FRIDAY,SINGLE VEHICLE,N,N,50.118489,-122.956295,Y,MAY,N,WHISTLER,WHISTLER,WHISTLER,N,Y,N,LOWER MAINLAND,MAIN ST # 004314 TO 004369,MAIN ST,MAIN ST,12:00-14:59,1,0
N,PROPERTY DAMAGE ONLY,\N,N,2025,FRIDAY,SINGLE VEHICLE,N,N,50.286822,-119.258495,Y,MAY,N,VERNON,VERNON,VERNON,N,N,N,SOUTHERN INTERIOR,20 ST # 005500 TO 005511,20 ST,20 ST,12:00-14:59,1,0
N,PROPERTY DAMAGE ONLY,\N,N,2025,FRIDAY,SINGLE VEHICLE,N,N,50.700381,-120.369075,Y,MAY,N,KAMLOOPS,KAMLOOPS,KAMLOOPS,N,N,N,SOUTHERN INTERIOR,TRANQUILLE RD # 001000 TO 001098 even,TRANQUILLE RD,TRANQUILLE RD,12:00-14:59,1,0
N,PROPERTY DAMAGE ONLY,\N,N,2025,FRIDAY,SINGLE VEHICLE,N,N,50.833607,-118.980611,Y,MAY,N,SICAMOUS,SICAMOUS,SICAMOUS,N,Y,N,SOUTHERN INTERIOR,EAGLE PASS WAY # 001121 TO 001127 odd,EAGLE PASS WAY,EAGLE PASS WAY,12:00-14:59,1,0
N,PROPERTY DAMAGE ONLY,\N,N,2025,FRIDAY,SINGLE VEHICLE,N,N,50.988422,-118.187004,Y,MAY,N,REVELSTOKE,REVELSTOKE,REVELSTOKE,Y,N,N,SOUTHERN INTERIOR,MOSS ST # 000500 TO 000900,MOSS ST,MOSS ST,12:00-14:59,1,0
N,PROPERTY DAMAGE ONLY,\N,N,2025,FRIDAY,SINGLE VEHICLE,N,N,53.861365,-122.803924,Y,MAY,N,PRINCE GEORGE,PRINCE GEORGE,PRINCE GEORGE,N,Y,N,NORTH CENTRAL,BRODDY RD # 006500 TO 006559,BRODDY RD,BRODDY RD,12:00-14:59,1,0
N,PROPERTY DAMAGE ONLY,\N,N,2025,FRIDAY,SINGLE VEHICLE,N,N,53.868972,-122.778061,Y,MAY,N,PRINCE GEORGE,PRINCE GEORGE,PRINCE GEORGE,N,N,N,NORTH CENTRAL,DOMANO BLVD # 005001 TO 005199 odd,DOMANO BLVD,DOMANO BLVD,12:00-14:59,1,0
N,PROPERTY DAMAGE ONLY,\N,N,2025,FRIDAY,SINGLE VEHICLE,N,N,54.312472,-130.327235,Y,MAY,N,PRINCE RUPERT,PRINCE RUPERT,PRINCE RUPERT,Y,Y,N,NORTH CENTRAL,2ND AVE W # 000500 TO 000599,2ND AVE W,2ND AVE W,12:00-14:59,1,0
N,PROPERTY DAMAGE ONLY,\N,N,2025,FRIDAY,SINGLE VEHICLE,N,N,56.227556,-120.834113,Y,MAY,N,FORT ST. JOHN,FORT ST. JOHN,FORT ST. JOHN,N,Y,N,NORTH CENTRAL,93 ST # 007900 TO 008099,93 ST,93 ST,12:00-14:59,1,0
N,PROPERTY DAMAGE ONLY,\N,N,2025,FRIDAY,SINGLE VEHICLE,Y,N,48.424973,-123.360887,Y,MAY,N,VICTORIA,VICTORIA,VICTORIA,N,Y,N,VANCOUVER ISLAND,VIEW ST # 000800 TO 000899,VIEW ST,VIEW ST,12:00-14:59,1,0
N,PROPERTY DAMAGE ONLY,\N,N,2025,FRIDAY,SINGLE VEHICLE,Y,N,48.46084,-123.48305,Y,MAY,N,LANGFORD,LANGFORD,LANGFORD,N,N,N,VANCOUVER ISLAND,LANGVISTA DR # 000500 TO 000529,LANGVISTA DR,LANGVISTA DR,12:00-14:59,1,0
N,PROPERTY DAMAGE ONLY,\N,N,2025,FRIDAY,SINGLE VEHICLE,Y,N,48.665312,-123.408111,Y,MAY,N,SIDNEY,SIDNEY,SIDNEY,N,N,N,VANCOUVER ISLAND,HARBOUR RD # 002200 TO 002239,HARBOUR RD,HARBOUR RD,12:00-14:59,1,0
N,PROPERTY DAMAGE ONLY,\N,N,2025,FRIDAY,SINGLE VEHICLE,Y,N,49.147303,-122.439848,Y,MAY,N,ABBOTSFORD,ABBOTSFORD,ABBOTSFORD,N,N,N,LOWER MAINLAND,MARSH MCCORMICK RD # 028100 TO 028599,MARSH MCCORMICK RD,MARSH MCCORMICK RD,12:00-14:59,1,0
N,PROPERTY DAMAGE ONLY,\N,N,2025,FRIDAY,SINGLE VEHICLE,Y,N,49.247874,-123.139158,Y,MAY,N,VANCOUVER,VANCOUVER,VANCOUVER,N,N,N,LOWER MAINLAND,GRANVILLE ST # 004200 TO 004299,GRANVILLE ST,GRANVILLE ST,12:00-14:59,1,0
N,PROPERTY DAMAGE ONLY,\N,N,2025,FRIDAY,SINGLE VEHICLE,Y,N,49.248065,-123.136761,Y,MAY,N,VANCOUVER,VANCOUVER,VANCOUVER,N,N,N,LOWER MAINLAND,CARTIER ST # 004200 TO 004249,CARTIER ST,CARTIER ST,12:00-14:59,1,0
N,PROPERTY DAMAGE ONLY,\N,N,2025,FRIDAY,SINGLE VEHICLE,Y,N,49.278757,-123.083196,Y,MAY,N,VANCOUVER,VANCOUVER,VANCOUVER,N,N,N,LOWER MAINLAND,RAYMUR AVE # 000500 TO 000799,RAYMUR AVE,RAYMUR AVE,12:00-14:59,1,0
N,PROPERTY DAMAGE ONLY,\N,N,2025,FRIDAY,SINGLE VEHICLE,Y,N,49.373875,-123.272954,Y,MAY,N,WEST VANCOUVER,WEST VANCOUVER,WEST VANCOUVER,N,N,N,LOWER MAINLAND,KEITH RD # 006600 TO 006768,KEITH RD,KEITH RD,12:00-14:59,1,0
N,PROPERTY DAMAGE ONLY,\N,N,2025,FRIDAY,SINGLE VEHICLE,Y,N,51.725268,-121.354696,Y,MAY,N,108 MILE RANCH,108 MILE RANCH,108 MILE RANCH,N,N,N,NORTH CENTRAL,MEESQUONAS TRAIL # 005300 TO 005349,MEESQUONAS TRAIL,MEESQUONAS TRAIL,12:00-14:59,1,0
N,PROPERTY DAMAGE ONLY,\N,N,2025,FRIDAY,UNDETERMINED,N,N,\N,\N,N,MAY,N,CHASE,CHASE,\N,N,Y,N,SOUTHERN INTERIOR,UNKNOWN,SQUILAX-ANGLEMONT RD,SQUILAX-ANGLEMONT RD,12:00-14:59,1,0
N,PROPERTY DAMAGE ONLY,\N,N,2025,FRIDAY,UNDETERMINED,N,N,\N,\N,N,MAY,N,ESQUIMALT,ESQUIMALT,\N,Y,N,N,VANCOUVER ISLAND,UNKNOWN,ESQUIMALT RD,ESQUIMALT RD,12:00-14:59,1,0
N,PROPERTY DAMAGE ONLY,\N,N,2025,FRIDAY,UNDETERMINED,N,N,\N,\N,N,MAY,N,JAFFRAY,JAFFRAY,\N,Y,Y,N,SOUTHERN INTERIOR,UNKNOWN,LLOYD RD,LLOYD RD,12:00-14:59,1,0
N,PROPERTY DAMAGE ONLY,\N,N,2025,FRIDAY,UNDETERMINED,N,N,\N,\N,N,MAY,N,KELOWNA,KELOWNA,\N,N,N,N,SOUTHERN INTERIOR,UNKNOWN,UNKNOWN,UNKNOWN,12:00-14:59,1,0
N,PROPERTY DAMAGE ONLY,\N,N,2025,FRIDAY,UNDETERMINED,N,N,\N,\N,N,MAY,N,KELOWNA,KELOWNA,\N,Y,N,N,SOUTHERN INTERIOR,UNKNOWN,LAKEVIEW COVE RD,LAKEVIEW COVE RD,12:00-14:59,1,0
N,PROPERTY DAMAGE ONLY,\N,N,2025,FRIDAY,UNDETERMINED,N,N,\N,\N,N,MAY,N,LANGLEY,LANGLEY,\N,N,Y,N,LOWER MAINLAND,UNKNOWN,LANGLEY BYPASS,LANGLEY BYPASS,12:00-14:59,1,0
N,PROPERTY DAMAGE ONLY,\N,N,2025,FRIDAY,UNDETERMINED,N,N,\N,\N,N,MAY,N,LANGLEY,LANGLEY,\N,Y,Y,N,LOWER MAINLAND,UNKNOWN,77A AVE.,77A AVE.,12:00-14:59,1,0
N,PROPERTY DAMAGE ONLY,\N,N,2025,FRIDAY,UNDETERMINED,N,N,\N,\N,N,MAY,N,MAPLE RIDGE,MAPLE RIDGE,\N,Y,N,N,LOWER MAINLAND,UNKNOWN,105 AVE,105 AVE,12:00-14:59,1,0
N,PROPERTY DAMAGE ONLY,\N,N,2025,FRIDAY,UNDETERMINED,N,N,\N,\N,N,MAY,N,NORTH VANCOUVER,NORTH VANCOUVER,\N,Y,Y,N,LOWER MAINLAND,UNKNOWN,MT SEYMOUR PKY,MT SEYMOUR PKY,12:00-14:59,1,0
N,PROPERTY DAMAGE ONLY,\N,N,2025,FRIDAY,UNDETERMINED,N,N,\N,\N,N,MAY,N,QUESNEL,QUESNEL,\N,N,N,N,NORTH CENTRAL,UNKNOWN,ELM ST,ELM ST,12:00-14:59,1,0
N,PROPERTY DAMAGE ONLY,\N,N,2025,FRIDAY,UNDETERMINED,N,N,\N,\N,N,MAY,N,QUESNEL,QUESNEL,\N,Y,N,N,NORTH CENTRAL,UNKNOWN,DALE LAKE RD,DALE LAKE RD,12:00-14:59,1,0
N,PROPERTY DAMAGE ONLY,\N,N,2025,FRIDAY,UNDETERMINED,N,N,\N,\N,N,MAY,N,RICHMOND,RICHMOND,\N,Y,Y,N,LOWER MAINLAND,UNKNOWN,BLUNDELL RD,BLUNDELL RD,12:00-14:59,1,0
N,PROPERTY DAMAGE ONLY,\N,N,2025,FRIDAY,UNDETERMINED,N,N,\N,\N,N,MAY,N,SURREY,SURREY,\N,Y,Y,N,LOWER MAINLAND,UNKNOWN,120 ST,120 ST,12:00-14:59,1,0
N,PROPERTY DAMAGE ONLY,\N,N,2025,FRIDAY,UNDETERMINED,N,N,\N,\N,N,MAY,N,UNKNOWN,UNKNOWN,\N,N,N,N,UNKNOWN,UNKNOWN,UNKNOWN,UNKNOWN,12:00-14:59,1,0
N,PROPERTY DAMAGE ONLY,\N,N,2025,FRIDAY,UNDETERMINED,N,N,\N,\N,N,MAY,N,UNKNOWN,UNKNOWN,\N,N,Y,N,UNKNOWN,UNKNOWN,UNKNOWN,UNKNOWN,12:00-14:59,1,0
N,PROPERTY DAMAGE ONLY,\N,N,2025,FRIDAY,UNDETERMINED,N,N,\N,\N,N,MAY,N,VANCOUVER,VANCOUVER,\N,N,N,N,LOWER MAINLAND,UNKNOWN,8TH AVE,8TH AVE,12:00-14:59,1,0
N,PROPERTY DAMAGE ONLY,\N,N,2025,FRIDAY,UNDETERMINED,N,N,\N,\N,N,MAY,N,VANCOUVER,VANCOUVER,\N,Y,N,N,LOWER MAINLAND,UNKNOWN,DINMONT AVENUE,DINMONT AVENUE,12:00-14:59,1,0
N,PROPERTY DAMAGE ONLY,\N,N,2025,FRIDAY,UNDETERMINED,N,N,\N,\N,N,MAY,N,VANCOUVER,VANCOUVER,\N,Y,N,N,LOWER MAINLAND,UNKNOWN,SLOCAN STREET,SLOCAN STREET,12:00-14:59,1,0
N,PROPERTY DAMAGE ONLY,\N,N,2025,FRIDAY,UNDETERMINED,N,N,\N,\N,N,MAY,N,VANCOUVER,VANCOUVER,\N,Y,N,N,LOWER MAINLAND,UNKNOWN,W 31ST AVE,W 31ST AVE,12:00-14:59,1,0
N,PROPERTY DAMAGE ONLY,\N,N,2025,FRIDAY,UNDETERMINED,N,N,\N,\N,N,MAY,N,VERNON,VERNON,\N,Y,N,N,SOUTHERN INTERIOR,UNKNOWN,U/K,U/K,12:00-14:59,1,0
N,PROPERTY DAMAGE ONLY,\N,N,2025,FRIDAY,UNDETERMINED,N,N,\N,\N,N,MAY,N,VICTORIA,VICTORIA,\N,N,N,N,VANCOUVER ISLAND,UNKNOWN,HWY 1,HWY 1,12:00-14:59,1,0
N,PROPERTY DAMAGE ONLY,\N,N,2025,FRIDAY,UNDETERMINED,N,N,\N,\N,N,MAY,N,VICTORIA,VICTORIA,\N,N,N,N,VANCOUVER ISLAND,UNKNOWN,UNKNOWN,UNKNOWN,12:00-14:59,1,0
N,PROPERTY DAMAGE ONLY,\N,N,2025,FRIDAY,UNDETERMINED,N,N,48.436537,-123.367337,Y,MAY,N,VICTORIA,VICTORIA,VICTORIA,Y,Y,N,VANCOUVER ISLAND,GOVERNMENT ST # 002500 TO 002599,GOVERNMENT ST,GOVERNMENT ST,12:00-14:59,1,0
N,PROPERTY DAMAGE ONLY,\N,N,2025,FRIDAY,UNDETERMINED,N,N,48.448828,-123.498968,Y,MAY,N,LANGFORD,LANGFORD,LANGFORD,Y,Y,N,VANCOUVER ISLAND,GOLDSTREAM AVE # 000750 TO 000782,GOLDSTREAM AVE,GOLDSTREAM AVE,12:00-14:59,1,0
N,PROPERTY DAMAGE ONLY,\N,N,2025,FRIDAY,UNDETERMINED,N,N,48.450559,-123.370525,Y,MAY,N,SAANICH,SAANICH,SAANICH,Y,Y,N,VANCOUVER ISLAND,CLOVERDALE AVE # 000800 TO 000839,CLOVERDALE AVE,CLOVERDALE AVE,12:00-14:59,1,0
N,PROPERTY DAMAGE ONLY,\N,N,2025,FRIDAY,UNDETERMINED,N,N,48.46353,-123.395796,Y,MAY,N,SAANICH,SAANICH,SAANICH,Y,Y,N,VANCOUVER ISLAND,CARNATION PL # 000550 TO 000599,CARNATION PL,CARNATION PL,12:00-14:59,1,0
N,PROPERTY DAMAGE ONLY,\N,N,2025,FRIDAY,UNDETERMINED,N,N,48.6489,-123.402002,Y,MAY,N,SIDNEY,SIDNEY,SIDNEY,Y,Y,N,VANCOUVER ISLAND,BEACON AVE # 002345 TO 002353 odd,BEACON AVE,BEACON AVE,12:00-14:59,1,0
N,PROPERTY DAMAGE ONLY,\N,N,2025,FRIDAY,UNDETERMINED,N,N,48.763831,-123.693173,Y,MAY,N,DUNCAN,DUNCAN,DUNCAN,Y,Y,N,VANCOUVER ISLAND,TRANS-CANADA HWY # 005297 TO 005319 odd,TRANS-CANADA HWY,TRANS-CANADA HWY,12:00-14:59,1,0
N,PROPERTY DAMAGE ONLY,\N,N,2025,FRIDAY,UNDETERMINED,N,N,49.027284,-123.080519,Y,MAY,N,DELTA,DELTA,DELTA,Y,Y,N,LOWER MAINLAND,CLIFF DR # 005150 TO 005199,CLIFF DR,CLIFF DR,12:00-14:59,1,0
N,PROPERTY DAMAGE ONLY,\N,N,2025,FRIDAY,UNDETERMINED,N,N,49.035875,-122.271713,Y,MAY,N,ABBOTSFORD,ABBOTSFORD,ABBOTSFORD,Y,Y,N,LOWER MAINLAND,VEDDER WAY # 001700 TO 001999,VEDDER WAY,VEDDER WAY,12:00-14:59,3,0
N,PROPERTY DAMAGE ONLY,\N,N,2025,FRIDAY,UNDETERMINED,N,N,49.041584,-122.222487,Y,MAY,N,ABBOTSFORD,ABBOTSFORD,ABBOTSFORD,N,Y,N,LOWER MAINLAND,WHATCOM RD # 002100 TO 002248 even,WHATCOM RD,WHATCOM RD,12:00-14:59,1,0
N,PROPERTY DAMAGE ONLY,\N,N,2025,FRIDAY,UNDETERMINED,N,N,49.0447,-122.770309,Y,MAY,N,SURREY,SURREY,SURREY,Y,N,N,LOWER MAINLAND,23A AVE # 016314 TO 016337,23A AVE,23A AVE,12:00-14:59,1,0
N,PROPERTY DAMAGE ONLY,\N,N,2025,FRIDAY,UNDETERMINED,N,N,49.047019,-122.786299,Y,MAY,N,SURREY,SURREY,SURREY,Y,Y,N,LOWER MAINLAND,CROYDON DR # 015700 TO 015769,CROYDON DR,CROYDON DR,12:00-14:59,1,0
N,PROPERTY DAMAGE ONLY,\N,N,2025,FRIDAY,UNDETERMINED,N,N,49.050633,-122.3064,Y,MAY,N,ABBOTSFORD,ABBOTSFORD,ABBOTSFORD,Y,Y,N,LOWER MAINLAND,SOUTH FRASER WAY # 033080 TO 033199,SOUTH FRASER WAY,SOUTH FRASER WAY,12:00-14:59,2,0
N,PROPERTY DAMAGE ONLY,\N,N,2025,FRIDAY,UNDETERMINED,N,N,49.051399,-122.324371,Y,MAY,N,ABBOTSFORD,ABBOTSFORD,ABBOTSFORD,Y,N,N,LOWER MAINLAND,SOUTH FRASER WAY # 032400 TO 032530,SOUTH FRASER WAY,SOUTH FRASER WAY,12:00-14:59,1,0
N,PROPERTY DAMAGE ONLY,\N,N,2025,FRIDAY,UNDETERMINED,N,N,49.05943,-122.490886,Y,MAY,N,LANGLEY,LANGLEY,LANGLEY,N,Y,N,LOWER MAINLAND,FRASER HWY # 026401 TO 026499 odd,FRASER HWY,FRASER HWY,12:00-14:59,1,0
N,PROPERTY DAMAGE ONLY,\N,N,2025,FRIDAY,UNDETERMINED,N,N,49.062067,-122.478984,Y,MAY,N,LANGLEY,LANGLEY,LANGLEY,Y,N,N,LOWER MAINLAND,33 AVE # 026800 TO 026999,33 AVE,33 AVE,12:00-14:59,1,0
N,PROPERTY DAMAGE ONLY,\N,N,2025,FRIDAY,UNDETERMINED,N,N,49.065518,-122.788725,Y,MAY,N,SURREY,SURREY,SURREY,Y,N,N,LOWER MAINLAND,156A ST # 003400 TO 003599,156A ST,156A ST,12:00-14:59,1,0
N,PROPERTY DAMAGE ONLY,\N,N,2025,FRIDAY,UNDETERMINED,N,N,49.094694,-122.557624,Y,MAY,N,LANGLEY,LANGLEY,LANGLEY,Y,Y,N,LOWER MAINLAND,51 AVE # 024000 TO 024099,51 AVE,51 AVE,12:00-14:59,1,0
N,PROPERTY DAMAGE ONLY,\N,N,2025,FRIDAY,UNDETERMINED,N,N,49.097391,-117.708672,Y,MAY,N,TRAIL,TRAIL,TRAIL,Y,Y,N,SOUTHERN INTERIOR,DEWDNEY AVE # 001100 TO 001199,DEWDNEY AVE,DEWDNEY AVE,12:00-14:59,1,0
N,PROPERTY DAMAGE ONLY,\N,N,2025,FRIDAY,UNDETERMINED,N,N,49.10383,-122.490551,Y,MAY,N,LANGLEY,LANGLEY,LANGLEY,Y,Y,N,LOWER MAINLAND,56 AVE # 026452 TO 026479,56 AVE,56 AVE,12:00-14:59,1,0
N,PROPERTY DAMAGE ONLY,\N,N,2025,FRIDAY,UNDETERMINED,N,N,49.113085,-122.651896,Y,MAY,N,LANGLEY,LANGLEY,LANGLEY,Y,Y,N,LOWER MAINLAND,LANGLEY BYPASS # 020432 TO 020732 even,LANGLEY BYPASS,LANGLEY BYPASS,12:00-14:59,1,0
N,PROPERTY DAMAGE ONLY,\N,N,2025,FRIDAY,UNDETERMINED,N,N,49.113607,-122.7348,Y,MAY,N,SURREY,SURREY,SURREY,Y,Y,N,LOWER MAINLAND,176 ST # 006000 TO 006198 even,176 ST,176 ST,12:00-14:59,2,0
N,PROPERTY DAMAGE ONLY,\N,N,2025,FRIDAY,UNDETERMINED,N,N,49.115067,-122.655579,Y,MAY,N,LANGLEY,LANGLEY,LANGLEY,Y,Y,N,LOWER MAINLAND,62 AVE # 020400 TO 020499,62 AVE,62 AVE,12:00-14:59,1,0
N,PROPERTY DAMAGE ONLY,\N,N,2025,FRIDAY,UNDETERMINED,N,N,49.11796,-122.677026,Y,MAY,N,LANGLEY,LANGLEY,LANGLEY,Y,Y,N,LOWER MAINLAND,197 ST # 006320 TO 006399,197 ST,197 ST,12:00-14:59,1,0
N,PROPERTY DAMAGE ONLY,\N,N,2025,FRIDAY,UNDETERMINED,N,N,49.130925,-122.683816,Y,MAY,N,SURREY,SURREY,SURREY,Y,N,N,LOWER MAINLAND,194A ST # 007038 TO 007099,194A ST,194A ST,12:00-14:59,1,0
N,PROPERTY DAMAGE ONLY,\N,N,2025,FRIDAY,UNDETERMINED,N,N,49.135081,-123.120988,Y,MAY,N,RICHMOND,RICHMOND,RICHMOND,Y,N,N,LOWER MAINLAND,MORTFIELD RD # 010941 TO 010999 odd,MORTFIELD RD,MORTFIELD RD,12:00-14:59,1,0
N,PROPERTY DAMAGE ONLY,\N,N,2025,FRIDAY,UNDETERMINED,N,N,49.139015,-122.845708,Y,MAY,N,SURREY,SURREY,SURREY,Y,Y,N,LOWER MAINLAND,KING GEORGE BLVD # 007401 TO 007599 odd,KING GEORGE BLVD,KING GEORGE BLVD,12:00-14:59,1,0
N,PROPERTY DAMAGE ONLY,\N,N,2025,FRIDAY,UNDETERMINED,N,N,49.1408,-121.961042,Y,MAY,N,CHILLIWACK,CHILLIWACK,CHILLIWACK,N,Y,N,LOWER MAINLAND,LUCKAKUCK WAY # 045600 TO 045699,LUCKAKUCK WAY,LUCKAKUCK WAY,12:00-14:59,1,0
N,PROPERTY DAMAGE ONLY,\N,N,2025,FRIDAY,UNDETERMINED,N,N,49.14096,-122.859285,Y,MAY,N,SURREY,SURREY,SURREY,N,Y,N,LOWER MAINLAND,76 AVE # 013000 TO 013199,76 AVE,76 AVE,12:00-14:59,1,0
N,PROPERTY DAMAGE ONLY,\N,N,2025,FRIDAY,UNDETERMINED,N,N,49.142237,-121.968027,Y,MAY,N,CHILLIWACK,CHILLIWACK,CHILLIWACK,Y,Y,N,LOWER MAINLAND,LUCKAKUCK WAY # 045350 TO 045459,LUCKAKUCK WAY,LUCKAKUCK WAY,12:00-14:59,1,0
N,PROPERTY DAMAGE ONLY,\N,N,2025,FRIDAY,UNDETERMINED,N,N,49.148222,-122.871466,Y,MAY,N,SURREY,SURREY,SURREY,Y,Y,N,LOWER MAINLAND,80 AVE # 012638 TO 012699,80 AVE,80 AVE,12:00-14:59,1,0
N,PROPERTY DAMAGE ONLY,\N,N,2025,FRIDAY,UNDETERMINED,N,N,49.14845,-122.921863,Y,MAY,N,DELTA,DELTA,DELTA,Y,N,N,LOWER MAINLAND,80 AVE # 010800 TO 010927,80 AVE,80 AVE,12:00-14:59,1,0
N,PROPERTY DAMAGE ONLY,\N,N,2025,FRIDAY,UNDETERMINED,N,N,49.151358,-122.890447,Y,MAY,N,DELTA,DELTA,DELTA,Y,Y,N,LOWER MAINLAND,120 ST # 008101 TO 008199 odd,120 ST,120 ST,12:00-14:59,1,0
N,PROPERTY DAMAGE ONLY,\N,N,2025,FRIDAY,UNDETERMINED,N,N,49.151448,-119.736194,Y,MAY,N,CAWSTON,CAWSTON,CAWSTON,Y,N,N,SOUTHERN INTERIOR,HWY 3 # 001736 TO 001821,HWY 3,HWY 3,12:00-14:59,1,0
N,PROPERTY DAMAGE ONLY,\N,N,2025,FRIDAY,UNDETERMINED,N,N,49.154049,-122.316017,Y,MAY,N,MISSION,MISSION,MISSION,N,N,N,LOWER MAINLAND,CEDAR ST # 008350 TO 008399,CEDAR ST,CEDAR ST,12:00-14:59,1,0
N,PROPERTY DAMAGE ONLY,\N,N,2025,FRIDAY,UNDETERMINED,N,N,49.163332,-122.873539,Y,MAY,N,SURREY,SURREY,SURREY,Y,Y,N,LOWER MAINLAND,126 ST # 008800 TO 008849,126 ST,126 ST,12:00-14:59,1,0
N,PROPERTY DAMAGE ONLY,\N,N,2025,FRIDAY,UNDETERMINED,N,N,49.165031,-122.665651,Y,MAY,N,LANGLEY,LANGLEY,LANGLEY,Y,Y,N,LOWER MAINLAND,88 AVE # 020101 TO 020159 odd,88 AVE,88 AVE,12:00-14:59,1,0
N,PROPERTY DAMAGE ONLY,\N,N,2025,FRIDAY,UNDETERMINED,N,N,49.165228,-123.939119,Y,MAY,N,NANAIMO,NANAIMO,NANAIMO,Y,N,N,VANCOUVER ISLAND,WALLACE ST # 000300 TO 000399,WALLACE ST,WALLACE ST,12:00-14:59,1,0
N,PROPERTY DAMAGE ONLY,\N,N,2025,FRIDAY,UNDETERMINED,N,N,49.171477,-123.147403,Y,MAY,N,RICHMOND,RICHMOND,RICHMOND,Y,Y,N,LOWER MAINLAND,GILBERT RD # 005700 TO 005998 even,GILBERT RD,GILBERT RD,12:00-14:59,1,0
N,PROPERTY DAMAGE ONLY,\N,N,2025,FRIDAY,UNDETERMINED,N,N,49.171995,-123.134012,Y,MAY,N,RICHMOND,RICHMOND,RICHMOND,Y,Y,N,LOWER MAINLAND,ACKROYD RD # 008100 TO 008399,ACKROYD RD,ACKROYD RD,12:00-14:59,1,0
N,PROPERTY DAMAGE ONLY,\N,N,2025,FRIDAY,UNDETERMINED,N,N,49.174202,-122.898384,Y,MAY,N,DELTA,DELTA,DELTA,Y,N,N,LOWER MAINLAND,94A AVE # 011600 TO 011799,94A AVE,94A AVE,12:00-14:59,1,0
N,PROPERTY DAMAGE ONLY,\N,N,2025,FRIDAY,UNDETERMINED,N,N,49.174658,-123.136677,Y,MAY,N,RICHMOND,RICHMOND,RICHMOND,Y,Y,N,LOWER MAINLAND,NO 3 RD # 005300 TO 005498 even,NO 3 RD,NO 3 RD,12:00-14:59,1,0
N,PROPERTY DAMAGE ONLY,\N,N,2025,FRIDAY,UNDETERMINED,N,N,49.178782,-122.690409,Y,MAY,N,SURREY,SURREY,SURREY,Y,Y,N,LOWER MAINLAND,192 ST # 009601 TO 009849 odd,192 ST,192 ST,12:00-14:59,1,0
N,PROPERTY DAMAGE ONLY,\N,N,2025,FRIDAY,UNDETERMINED,N,N,49.178889,-119.551799,Y,MAY,N,OLIVER,OLIVER,OLIVER,Y,Y,N,SOUTHERN INTERIOR,MAIN ST # 005900 TO 005999,MAIN ST,MAIN ST,12:00-14:59,1,0
N,PROPERTY DAMAGE ONLY,\N,N,2025,FRIDAY,UNDETERMINED,N,N,49.184465,-122.894716,Y,MAY,N,SURREY,SURREY,SURREY,Y,N,N,LOWER MAINLAND,100 AVE # 011740 TO 011909,100 AVE,100 AVE,12:00-14:59,1,0
N,PROPERTY DAMAGE ONLY,\N,N,2025,FRIDAY,UNDETERMINED,N,N,49.184804,-119.550389,Y,MAY,N,OLIVER,OLIVER,OLIVER,Y,N,N,SOUTHERN INTERIOR,MAIN ST # 006300 TO 006399,MAIN ST,MAIN ST,12:00-14:59,1,0
N,PROPERTY DAMAGE ONLY,\N,N,2025,FRIDAY,UNDETERMINED,N,N,49.187076,-122.845327,Y,MAY,Y,SURREY,SURREY,SURREY,Y,Y,N,LOWER MAINLAND,KING GEORGE BLVD # 010120 TO 010198 even,KING GEORGE BLVD,KING GEORGE BLVD,12:00-14:59,1,0
N,PROPERTY DAMAGE ONLY,\N,N,2025,FRIDAY,UNDETERMINED,N,N,49.189887,-122.760802,Y,MAY,N,SURREY,SURREY,SURREY,Y,N,N,LOWER MAINLAND,103 AVE # 016650 TO 016679,103 AVE,103 AVE,12:00-14:59,1,0
N,PROPERTY DAMAGE ONLY,\N,N,2025,FRIDAY,UNDETERMINED,N,N,49.190089,-122.800995,Y,MAY,N,SURREY,SURREY,SURREY,Y,Y,N,LOWER MAINLAND,152 ST # 010251 TO 010399 odd,152 ST,152 ST,12:00-14:59,1,0
N,PROPERTY DAMAGE ONLY,\N,N,2025,FRIDAY,UNDETERMINED,N,N,49.191535,-123.128155,Y,MAY,N,RICHMOND,RICHMOND,RICHMOND,Y,Y,N,LOWER MAINLAND,SEXSMITH RD # 003000 TO 003099,SEXSMITH RD,SEXSMITH RD,12:00-14:59,1,0
N,PROPERTY DAMAGE ONLY,\N,N,2025,FRIDAY,UNDETERMINED,N,N,49.194754,-123.178088,Y,MAY,N,RICHMOND,RICHMOND,RICHMOND,Y,Y,N,LOWER MAINLAND,GRANT MCCONACHIE WAY # 003113 TO 003299 odd,GRANT MCCONACHIE WAY,GRANT MCCONACHIE WAY,12:00-14:59,1,0
N,PROPERTY DAMAGE ONLY,\N,N,2025,FRIDAY,UNDETERMINED,N,N,49.198457,-123.110837,Y,MAY,N,RICHMOND,RICHMOND,RICHMOND,Y,N,N,LOWER MAINLAND,RIVER DR # 010000 TO 010498,RIVER DR,RIVER DR,12:00-14:59,1,0
N,PROPERTY DAMAGE ONLY,\N,N,2025,FRIDAY,UNDETERMINED,N,N,49.200145,-122.983204,Y,MAY,N,BURNABY,BURNABY,BURNABY,Y,N,N,LOWER MAINLAND,MARKET CROSSING # 007200 TO 007239,MARKET CROSSING,MARKET CROSSING,12:00-14:59,1,0
N,PROPERTY DAMAGE ONLY,\N,N,2025,FRIDAY,UNDETERMINED,N,N,49.207518,-123.117244,Y,MAY,N,VANCOUVER,VANCOUVER,VANCOUVER,Y,N,N,LOWER MAINLAND,CAMBIE ST # 008480 TO 008799,CAMBIE ST,CAMBIE ST,12:00-14:59,1,0
N,PROPERTY DAMAGE ONLY,\N,N,2025,FRIDAY,UNDETERMINED,N,N,49.210138,-122.934821,Y,MAY,N,NEW WESTMINSTER,NEW WESTMINSTER,NEW WESTMINSTER,Y,N,N,LOWER MAINLAND,EIGHTH AVE # 001200 TO 001298,EIGHTH AVE,EIGHTH AVE,12:00-14:59,1,0
N,PROPERTY DAMAGE ONLY,\N,N,2025,FRIDAY,UNDETERMINED,N,N,49.21214,-123.08319,Y,MAY,N,VANCOUVER,VANCOUVER,VANCOUVER,Y,Y,N,LOWER MAINLAND,ROSS ST # 008000 TO 008085,ROSS ST,ROSS ST,12:00-14:59,1,0
N,PROPERTY DAMAGE ONLY,\N,N,2025,FRIDAY,UNDETERMINED,N,N,49.217113,-122.601564,Y,MAY,N,MAPLE RIDGE,MAPLE RIDGE,MAPLE RIDGE,Y,Y,N,LOWER MAINLAND,224 ST # 011800 TO 011823,224 ST,224 ST,12:00-14:59,1,0
N,PROPERTY DAMAGE ONLY,\N,N,2025,FRIDAY,UNDETERMINED,N,N,49.218157,-122.601678,Y,MAY,N,MAPLE RIDGE,MAPLE RIDGE,MAPLE RIDGE,Y,Y,N,LOWER MAINLAND,224 ST # 011850 TO 011899,224 ST,224 ST,12:00-14:59,1,0
N,PROPERTY DAMAGE ONLY,\N,N,2025,FRIDAY,UNDETERMINED,N,N,49.21852,-122.557043,Y,MAY,N,MAPLE RIDGE,MAPLE RIDGE,MAPLE RIDGE,Y,Y,N,LOWER MAINLAND,240 ST # 011800 TO 011999,240 ST,240 ST,12:00-14:59,1,0
N,PROPERTY DAMAGE ONLY,\N,N,2025,FRIDAY,UNDETERMINED,N,N,49.223501,-122.94211,Y,MAY,N,BURNABY,BURNABY,BURNABY,Y,Y,N,LOWER MAINLAND,EDMONDS ST # 007600 TO 007699,EDMONDS ST,EDMONDS ST,12:00-14:59,1,0
N,PROPERTY DAMAGE ONLY,\N,N,2025,FRIDAY,UNDETERMINED,N,N,49.224896,-123.011415,Y,MAY,N,BURNABY,BURNABY,BURNABY,Y,Y,N,LOWER MAINLAND,MAYWOOD ST # 004100 TO 004199,MAYWOOD ST,MAYWOOD ST,12:00-14:59,1,0
N,PROPERTY DAMAGE ONLY,\N,N,2025,FRIDAY,UNDETERMINED,N,N,49.226282,-122.992886,Y,MAY,N,BURNABY,BURNABY,BURNABY,N,Y,N,LOWER MAINLAND,KINGSWAY # 004900 TO 005049,KINGSWAY,KINGSWAY,12:00-14:59,1,0
N,PROPERTY DAMAGE ONLY,\N,N,2025,FRIDAY,UNDETERMINED,N,N,49.226303,-123.045614,Y,MAY,N,VANCOUVER,VANCOUVER,VANCOUVER,Y,Y,N,LOWER MAINLAND,KILLARNEY ST # 006228 TO 006399,KILLARNEY ST,KILLARNEY ST,12:00-14:59,1,0
N,PROPERTY DAMAGE ONLY,\N,N,2025,FRIDAY,UNDETERMINED,N,N,49.226934,-122.990575,Y,MAY,N,BURNABY,BURNABY,BURNABY,Y,Y,N,LOWER MAINLAND,NEWTON ST # 005000 TO 005149,NEWTON ST,NEWTON ST,12:00-14:59,1,0
N,PROPERTY DAMAGE ONLY,\N,N,2025,FRIDAY,UNDETERMINED,N,N,49.227638,-123.155373,Y,MAY,N,VANCOUVER,VANCOUVER,VANCOUVER,Y,Y,N,LOWER MAINLAND,WEST BOULEVARD # 006401 TO 006499 odd,WEST BOULEVARD,WEST BOULEVARD,12:00-14:59,1,0
N,PROPERTY DAMAGE ONLY,\N,N,2025,FRIDAY,UNDETERMINED,N,N,49.228451,-122.844145,Y,MAY,N,COQUITLAM,COQUITLAM,COQUITLAM,Y,Y,N,LOWER MAINLAND,UNITED BLVD # 001450 TO 001998 even,UNITED BLVD,UNITED BLVD,12:00-14:59,1,0
N,PROPERTY DAMAGE ONLY,\N,N,2025,FRIDAY,UNDETERMINED,N,N,49.232167,-123.031905,Y,MAY,N,VANCOUVER,VANCOUVER,VANCOUVER,Y,Y,N,LOWER MAINLAND,KINGSWAY # 003401 TO 003449,KINGSWAY,KINGSWAY,12:00-14:59,1,0
N,PROPERTY DAMAGE ONLY,\N,N,2025,FRIDAY,UNDETERMINED,N,N,49.233884,-123.035403,Y,MAY,N,VANCOUVER,VANCOUVER,VANCOUVER,Y,Y,N,LOWER MAINLAND,KINGSWAY # 003300 TO 003329,KINGSWAY,KINGSWAY,12:00-14:59,1,0
N,PROPERTY DAMAGE ONLY,\N,N,2025,FRIDAY,UNDETERMINED,N,N,49.233969,-122.696766,Y,MAY,N,PITT MEADOWS,PITT MEADOWS,PITT MEADOWS,Y,Y,N,LOWER MAINLAND,LOUGHEED HWY # 018853 TO 019099 odd,LOUGHEED HWY,LOUGHEED HWY,12:00-14:59,1,0
N,PROPERTY DAMAGE ONLY,\N,N,2025,FRIDAY,UNDETERMINED,N,N,49.244945,-123.127654,Y,MAY,N,VANCOUVER,VANCOUVER,VANCOUVER,Y,Y,N,LOWER MAINLAND,OAK ST # 004500 TO 004599,OAK ST,OAK ST,12:00-14:59,1,0
N,PROPERTY DAMAGE ONLY,\N,N,2025,FRIDAY,UNDETERMINED,N,N,49.250625,-123.042871,Y,MAY,N,VANCOUVER,VANCOUVER,VANCOUVER,Y,Y,N,LOWER MAINLAND,E 22ND AVE # 002900 TO 002999,E 22ND AVE,E 22ND AVE,12:00-14:59,1,0
N,PROPERTY DAMAGE ONLY,\N,N,2025,FRIDAY,UNDETERMINED,N,N,49.254185,-123.021305,Y,MAY,N,BURNABY,BURNABY,BURNABY,Y,Y,N,LOWER MAINLAND,LAUREL ST # 003718 TO 003799,LAUREL ST,LAUREL ST,12:00-14:59,1,0
N,PROPERTY DAMAGE ONLY,\N,N,2025,FRIDAY,UNDETERMINED,N,N,49.257278,-122.746598,Y,MAY,N,PORT COQUITLAM,PORT COQUITLAM,PORT COQUITLAM,Y,Y,N,LOWER MAINLAND,OTTAWA ST # 002350 TO 002389,OTTAWA ST,OTTAWA ST,12:00-14:59,1,0
N,PROPERTY DAMAGE ONLY,\N,N,2025,FRIDAY,UNDETERMINED,N,N,49.257688,-122.745463,Y,MAY,N,PORT COQUITLAM,PORT COQUITLAM,PORT COQUITLAM,Y,Y,N,LOWER MAINLAND,NICOLA AVE # 001096 TO 001129,NICOLA AVE,NICOLA AVE,12:00-14:59,1,0
N,PROPERTY DAMAGE ONLY,\N,N,2025,FRIDAY,UNDETERMINED,N,N,49.258119,-123.037802,Y,MAY,N,VANCOUVER,VANCOUVER,VANCOUVER,Y,Y,N,LOWER MAINLAND,GRANDVIEW HWY # 003100 TO 003199,GRANDVIEW HWY,GRANDVIEW HWY,12:00-14:59,1,0
N,PROPERTY DAMAGE ONLY,\N,N,2025,FRIDAY,UNDETERMINED,N,N,49.26155,-123.093991,Y,MAY,N,VANCOUVER,VANCOUVER,VANCOUVER,N,N,N,LOWER MAINLAND,E 10TH AVE # 000430 TO 000499,E 10TH AVE,E 10TH AVE,12:00-14:59,1,0
N,PROPERTY DAMAGE ONLY,\N,N,2025,FRIDAY,UNDETERMINED,N,N,49.261785,-123.104926,Y,MAY,N,VANCOUVER,VANCOUVER,VANCOUVER,Y,Y,N,LOWER MAINLAND,ONTARIO ST # 002600 TO 002699,ONTARIO ST,ONTARIO ST,12:00-14:59,1,0
N,PROPERTY DAMAGE ONLY,\N,N,2025,FRIDAY,UNDETERMINED,N,N,49.262732,-123.14463,Y,MAY,N,VANCOUVER,VANCOUVER,VANCOUVER,N,Y,N,LOWER MAINLAND,W 10TH AVE # 001700 TO 001799,W 10TH AVE,W 10TH AVE,12:00-14:59,1,0
N,PROPERTY DAMAGE ONLY,\N,N,2025,FRIDAY,UNDETERMINED,N,N,49.263342,-123.122997,Y,MAY,N,VANCOUVER,VANCOUVER,VANCOUVER,Y,N,N,LOWER MAINLAND,W BROADWAY # 000800 TO 000899,W BROADWAY,W BROADWAY,12:00-14:59,1,0
N,PROPERTY DAMAGE ONLY,\N,N,2025,FRIDAY,UNDETERMINED,N,N,49.266537,-123.007121,Y,MAY,N,BURNABY,BURNABY,BURNABY,Y,Y,N,LOWER MAINLAND,LOUGHEED HWY # 004301 TO 004399 odd,LOUGHEED HWY,LOUGHEED HWY,12:00-14:59,1,0
N,PROPERTY DAMAGE ONLY,\N,N,2025,FRIDAY,UNDETERMINED,N,N,49.268025,-123.146809,Y,MAY,N,VANCOUVER,VANCOUVER,VANCOUVER,Y,Y,N,LOWER MAINLAND,W 4TH AVE # 001800 TO 001899,W 4TH AVE,W 4TH AVE,12:00-14:59,1,0
N,PROPERTY DAMAGE ONLY,\N,N,2025,FRIDAY,UNDETERMINED,N,N,49.277063,-122.800243,Y,MAY,N,COQUITLAM,COQUITLAM,COQUITLAM,Y,Y,N,LOWER MAINLAND,BARNET HWY # 002901 TO 002929 odd,BARNET HWY,BARNET HWY,12:00-14:59,2,0
N,PROPERTY DAMAGE ONLY,\N,N,2025,FRIDAY,UNDETERMINED,N,N,49.27883,-122.840842,Y,MAY,N,PORT MOODY,PORT MOODY,PORT MOODY,N,N,N,LOWER MAINLAND,MURRAY ST # 003100 TO 003149,MURRAY ST,MURRAY ST,12:00-14:59,1,0
N,PROPERTY DAMAGE ONLY,\N,N,2025,FRIDAY,UNDETERMINED,N,N,49.281156,-123.047997,Y,MAY,N,VANCOUVER,VANCOUVER,VANCOUVER,Y,Y,N,LOWER MAINLAND,E HASTINGS ST # 002700 TO 002799,E HASTINGS ST,E HASTINGS ST,12:00-14:59,1,0
N,PROPERTY DAMAGE ONLY,\N,N,2025,FRIDAY,UNDETERMINED,N,N,49.285596,-123.116354,Y,MAY,N,VANCOUVER,VANCOUVER,VANCOUVER,Y,Y,N,LOWER MAINLAND,W PENDER ST # 000800 TO 000899,W PENDER ST,W PENDER ST,12:00-14:59,1,0
N,PROPERTY DAMAGE ONLY,\N,N,2025,FRIDAY,UNDETERMINED,N,N,49.287927,-122.767174,Y,MAY,N,COQUITLAM,COQUITLAM,COQUITLAM & PORT COQUITLAM,Y,N,N,LOWER MAINLAND,SHAUGHNESSY ST # 001210 TO 004254 even,SHAUGHNESSY ST,SHAUGHNESSY ST,12:00-14:59,1,0
N,PROPERTY DAMAGE ONLY,\N,N,2025,FRIDAY,UNDETERMINED,N,N,49.290973,-123.134677,Y,MAY,N,VANCOUVER,VANCOUVER,VANCOUVER,N,N,N,LOWER MAINLAND,ROBSON ST # 001700 TO 001799,ROBSON ST,ROBSON ST,12:00-14:59,1,0
N,PROPERTY DAMAGE ONLY,\N,N,2025,FRIDAY,UNDETERMINED,N,N,49.310029,-124.26525,Y,MAY,N,PARKSVILLE,PARKSVILLE,PARKSVILLE,Y,Y,N,VANCOUVER ISLAND,RESORT DR # 001155 TO 001178,RESORT DR,RESORT DR,12:00-14:59,1,0
N,PROPERTY DAMAGE ONLY,\N,N,2025,FRIDAY,UNDETERMINED,N,N,49.318109,-123.100653,Y,MAY,N,NORTH VANCOUVER,NORTH VANCOUVER,NORTH VANCOUVER,Y,Y,N,LOWER MAINLAND,W 1ST ST # 000900 TO 000999,W 1ST ST,W 1ST ST,12:00-14:59,1,0
N,PROPERTY DAMAGE ONLY,\N,N,2025,FRIDAY,UNDETERMINED,N,N,49.32383,-123.106334,Y,MAY,N,NORTH VANCOUVER,NORTH VANCOUVER,NORTH VANCOUVER,Y,Y,N,LOWER MAINLAND,MARINE DR # 001100 TO 001199,MARINE DR,MARINE DR,12:00-14:59,1,0
N,PROPERTY DAMAGE ONLY,\N,N,2025,FRIDAY,UNDETERMINED,N,N,49.323897,-123.113722,Y,MAY,N,NORTH VANCOUVER,NORTH VANCOUVER,NORTH VANCOUVER,Y,Y,N,LOWER MAINLAND,MARINE DR # 001400 TO 001449,MARINE DR,MARINE DR,12:00-14:59,1,0
N,PROPERTY DAMAGE ONLY,\N,N,2025,FRIDAY,UNDETERMINED,N,N,49.328325,-119.557301,Y,MAY,N,OKANAGAN FALLS,OKANAGAN FALLS,OKANAGAN FALLS,N,Y,N,SOUTHERN INTERIOR,OLIVER RANCH RD # 001930 TO 001999,OLIVER RANCH RD,OLIVER RANCH RD,12:00-14:59,1,0
N,PROPERTY DAMAGE ONLY,\N,N,2025,FRIDAY,UNDETERMINED,N,N,49.328951,-123.117102,Y,MAY,N,NORTH VANCOUVER,NORTH VANCOUVER,NORTH VANCOUVER,Y,N,N,LOWER MAINLAND,W 21ST ST # 001660 TO 001689,W 21ST ST,W 21ST ST,12:00-14:59,1,0
N,PROPERTY DAMAGE ONLY,\N,N,2025,FRIDAY,UNDETERMINED,N,N,49.335766,-123.040719,Y,MAY,N,NORTH VANCOUVER,NORTH VANCOUVER,NORTH VANCOUVER,Y,Y,N,LOWER MAINLAND,LYNN VALLEY RD # 001200 TO 001234 even,LYNN VALLEY RD,LYNN VALLEY RD,12:00-14:59,1,0
N,PROPERTY DAMAGE ONLY,\N,N,2025,FRIDAY,UNDETERMINED,N,N,49.337355,-123.102138,Y,MAY,N,NORTH VANCOUVER,NORTH VANCOUVER,NORTH VANCOUVER,Y,N,N,LOWER MAINLAND,HIGHLAND BLVD # 003050 TO 003099,HIGHLAND BLVD,HIGHLAND BLVD,12:00-14:59,1,0
N,PROPERTY DAMAGE ONLY,\N,N,2025,FRIDAY,UNDETERMINED,N,N,49.346012,-123.145834,Y,MAY,N,WEST VANCOUVER,WEST VANCOUVER,WEST VANCOUVER,Y,Y,N,LOWER MAINLAND,CROSS CREEK RD # 000900 TO 000950,CROSS CREEK RD,CROSS CREEK RD,12:00-14:59,1,0
N,PROPERTY DAMAGE ONLY,\N,N,2025,FRIDAY,UNDETERMINED,N,N,49.350375,-123.253107,Y,MAY,N,WEST VANCOUVER,WEST VANCOUVER,WEST VANCOUVER,Y,Y,N,LOWER MAINLAND,HEADLAND DR # 005251 TO 005399,HEADLAND DR,HEADLAND DR,12:00-14:59,1,0
N,PROPERTY DAMAGE ONLY,\N,N,2025,FRIDAY,UNDETERMINED,N,N,49.369216,-124.567724,Y,MAY,N,QUALICUM BEACH,QUALICUM BEACH,QUALICUM BEACH,Y,Y,N,VANCOUVER ISLAND,FOWLER RD # 002240 TO 002269,FOWLER RD,FOWLER RD,12:00-14:59,1,0
N,PROPERTY DAMAGE ONLY,\N,N,2025,FRIDAY,UNDETERMINED,N,N,49.406736,-123.519661,Y,MAY,N,GIBSONS,GIBSONS,GIBSONS,Y,Y,N,LOWER MAINLAND,GIBSONS WAY # 000890 TO 000919,GIBSONS WAY,GIBSONS WAY,12:00-14:59,1,0
N,PROPERTY DAMAGE ONLY,\N,N,2025,FRIDAY,UNDETERMINED,N,N,49.429273,-123.646104,Y,MAY,N,ROBERTS CREEK,ROBERTS CREEK,ROBERTS CREEK,Y,Y,N,LOWER MAINLAND,SUNSHINE COAST HWY # 003170 TO 003209,HWY 101,HWY 101,12:00-14:59,1,0
N,PROPERTY DAMAGE ONLY,\N,N,2025,FRIDAY,UNDETERMINED,N,N,49.471244,-123.757743,Y,MAY,N,SECHELT,SECHELT,SECHELT,Y,Y,N,LOWER MAINLAND,TEREDO ST # 005660 TO 005729,TEREDO ST,TEREDO ST,12:00-14:59,1,0
N,PROPERTY DAMAGE ONLY,\N,N,2025,FRIDAY,UNDETERMINED,N,N,49.471409,-119.587838,Y,MAY,N,PENTICTON,PENTICTON,PENTICTON,Y,Y,N,SOUTHERN INTERIOR,KINNEY AVE # 000100 TO 000249,KINNEY AVE,KINNEY AVE,12:00-14:59,1,0
N,PROPERTY DAMAGE ONLY,\N,N,2025,FRIDAY,UNDETERMINED,N,N,49.498198,-119.586398,Y,MAY,N,PENTICTON,PENTICTON,PENTICTON,Y,N,N,SOUTHERN INTERIOR,NORTON ST # 000300 TO 000399,NORTON ST,NORTON ST,12:00-14:59,1,0
N,PROPERTY DAMAGE ONLY,\N,N,2025,FRIDAY,UNDETERMINED,N,N,49.503084,-115.063132,Y,MAY,N,FERNIE,FERNIE,FERNIE,Y,N,N,SOUTHERN INTERIOR,3RD AVE # 000400 TO 000499,3RD AVE,3RD AVE,12:00-14:59,1,0
N,PROPERTY DAMAGE ONLY,\N,N,2025,FRIDAY,UNDETERMINED,N,N,49.513968,-115.76644,Y,MAY,N,CRANBROOK,CRANBROOK,CRANBROOK,Y,Y,N,SOUTHERN INTERIOR,CRANBROOK ST N # 000100 TO 000199,CRANBROOK ST N,CRANBROOK ST N,12:00-14:59,1,0
N,PROPERTY DAMAGE ONLY,\N,N,2025,FRIDAY,UNDETERMINED,N,N,49.531672,-115.744901,Y,MAY,N,CRANBROOK,CRANBROOK,CRANBROOK,Y,N,N,SOUTHERN INTERIOR,CRANBROOK ST N # 001932 TO 002216 even,CRANBROOK ST N,CRANBROOK ST N,12:00-14:59,1,0
N,PROPERTY DAMAGE ONLY,\N,N,2025,FRIDAY,UNDETERMINED,N,N,49.674073,-124.925001,Y,MAY,N,COMOX,COMOX,COMOX,Y,Y,N,VANCOUVER ISLAND,PORT AUGUSTA ST # 000200 TO 000259,PORT AUGUSTA ST,PORT AUGUSTA ST,12:00-14:59,1,0
N,PROPERTY DAMAGE ONLY,\N,N,2025,FRIDAY,UNDETERMINED,N,N,49.714488,-124.970667,Y,MAY,N,COURTENAY,COURTENAY,COURTENAY,Y,Y,N,VANCOUVER ISLAND,LERWICK RD # 000100 TO 000199,LERWICK RD,LERWICK RD,12:00-14:59,1,0
N,PROPERTY DAMAGE ONLY,\N,N,2025,FRIDAY,UNDETERMINED,N,N,49.840761,-119.380169,Y,MAY,N,KELOWNA,KELOWNA,KELOWNA,Y,Y,N,SOUTHERN INTERIOR,GALLAGHERS DR W # 004000 TO 004335,GALLAGHERS DR W,GALLAGHERS DR W,12:00-14:59,1,0
N,PROPERTY DAMAGE ONLY,\N,N,2025,FRIDAY,UNDETERMINED,N,N,49.881443,-119.430464,Y,MAY,N,KELOWNA,KELOWNA,KELOWNA,Y,Y,N,SOUTHERN INTERIOR,BARON RD # 002000 TO 002298,BARON RD,BARON RD,12:00-14:59,1,0
N,PROPERTY DAMAGE ONLY,\N,N,2025,FRIDAY,UNDETERMINED,N,N,49.882958,-119.432154,Y,MAY,N,KELOWNA,KELOWNA,KELOWNA,N,Y,N,SOUTHERN INTERIOR,HWY 97 N # 002300 TO 002398 even,HWY 97,HWY 97,12:00-14:59,1,0
N,PROPERTY DAMAGE ONLY,\N,N,2025,FRIDAY,UNDETERMINED,N,N,49.887401,-119.423451,Y,MAY,N,KELOWNA,KELOWNA,KELOWNA,Y,Y,N,SOUTHERN INTERIOR,HWY 97 N # 002441 TO 002481 odd,HWY 97 N,HWY 97 N,12:00-14:59,1,0
N,PROPERTY DAMAGE ONLY,\N,N,2025,FRIDAY,UNDETERMINED,N,N,50.07542,-119.420225,Y,MAY,N,LAKE COUNTRY,LAKE COUNTRY,LAKE COUNTRY,N,N,N,SOUTHERN INTERIOR,APEX DR # 013150 TO 013269,APEX DR,APEX DR,12:00-14:59,1,0
N,PROPERTY DAMAGE ONLY,\N,N,2025,FRIDAY,UNDETERMINED,N,N,50.094109,-122.992793,Y,MAY,N,WHISTLER,WHISTLER,WHISTLER,N,Y,N,LOWER MAINLAND,INNSBRUCK DR # 002000 TO 002019,INNSBRUCK DR,INNSBRUCK DR,12:00-14:59,1,0
N,PROPERTY DAMAGE ONLY,\N,N,2025,FRIDAY,UNDETERMINED,N,N,50.676681,-120.330784,Y,MAY,N,KAMLOOPS,KAMLOOPS,KAMLOOPS,N,Y,N,SOUTHERN INTERIOR,LANSDOWNE ST # 000400 TO 000499,LANSDOWNE ST,LANSDOWNE ST,12:00-14:59,1,0
N,PROPERTY DAMAGE ONLY,\N,N,2025,FRIDAY,UNDETERMINED,N,N,50.715037,-120.360271,Y,MAY,N,KAMLOOPS,KAMLOOPS,KAMLOOPS,Y,Y,N,SOUTHERN INTERIOR,SHERIDAN DR # 001600 TO 001687,SHERIDAN DR,SHERIDAN DR,12:00-14:59,1,0
N,PROPERTY DAMAGE ONLY,\N,N,2025,FRIDAY,UNDETERMINED,N,N,50.77199,-120.342271,Y,MAY,N,KAMLOOPS,KAMLOOPS,KAMLOOPS,Y,Y,N,SOUTHERN INTERIOR,WESTSYDE RD # 003400 TO 003459,WESTSYDE RD,WESTSYDE RD,12:00-14:59,1,0
N,PROPERTY DAMAGE ONLY,\N,N,2025,FRIDAY,UNDETERMINED,N,N,50.980445,-118.180595,Y,MAY,N,REVELSTOKE,REVELSTOKE,REVELSTOKE,N,N,N,SOUTHERN INTERIOR,MOUNTAIN VIEW DR # 001500 TO 001599,MOUNTAIN VIEW DR,MOUNTAIN VIEW DR,12:00-14:59,1,0
N,PROPERTY DAMAGE ONLY,\N,N,2025,FRIDAY,UNDETERMINED,N,N,53.868253,-122.774536,Y,MAY,N,PRINCE GEORGE,PRINCE GEORGE,PRINCE GEORGE,Y,Y,N,NORTH CENTRAL,DOMANO BLVD # 005214 TO 005240 even,DOMANO BLVD,DOMANO BLVD,12:00-14:59,1,0
N,PROPERTY DAMAGE ONLY,\N,N,2025,FRIDAY,UNDETERMINED,N,N,53.888898,-122.770005,Y,MAY,N,PRINCE GEORGE,PRINCE GEORGE,PRINCE GEORGE,Y,Y,N,NORTH CENTRAL,FERRY AVE # 002220 TO 002498 even,FERRY AVE,FERRY AVE,12:00-14:59,1,0
N,PROPERTY DAMAGE ONLY,\N,N,2025,FRIDAY,UNDETERMINED,N,N,54.511633,-128.594664,Y,MAY,N,TERRACE,TERRACE,TERRACE,Y,Y,N,NORTH CENTRAL,TETRAULT ST # 002800 TO 002800 even,TETRAULT ST,TETRAULT ST,12:00-14:59,1,0
N,PROPERTY DAMAGE ONLY,\N,N,2025,FRIDAY,UNDETERMINED,N,N,55.770577,-120.280516,Y,MAY,N,DAWSON CREEK,DAWSON CREEK,DAWSON CREEK,Y,Y,N,NORTH CENTRAL,92 AVE # 002600 TO 002699,92 AVE,92 AVE,12:00-14:59,1,0
N,PROPERTY DAMAGE ONLY,\N,N,2025,FRIDAY,UNDETERMINED,Y,N,\N,\N,N,MAY,N,DELTA,DELTA,\N,N,N,N,LOWER MAINLAND,UNKNOWN,HWY 91,HWY 91,12:00-14:59,1,0
N,PROPERTY DAMAGE ONLY,\N,N,2025,FRIDAY,UNDETERMINED,Y,N,\N,\N,N,MAY,N,SURREY,SURREY,\N,N,Y,N,LOWER MAINLAND,UNKNOWN,UNKNOWN,UNKNOWN,12:00-14:59,1,0
N,PROPERTY DAMAGE ONLY,\N,N,2025,FRIDAY,UNDETERMINED,Y,N,\N,\N,N,MAY,N,UNKNOWN,UNKNOWN,\N,N,N,N,UNKNOWN,UNKNOWN,OLD ISLAND HWY,OLD ISLAND HWY,12:00-14:59,1,0
N,PROPERTY DAMAGE ONLY,\N,N,2025,FRIDAY,UNDETERMINED,Y,N,49.104023,-122.520648,Y,MAY,N,LANGLEY,LANGLEY,LANGLEY,N,Y,N,LOWER MAINLAND,56 AVE # 025200 TO 025599,56 AVE,56 AVE,12:00-14:59,1,0
N,PROPERTY DAMAGE ONLY,\N,N,2025,FRIDAY,UNDETERMINED,Y,N,49.132991,-122.327877,Y,MAY,N,MISSION,MISSION,MISSION,N,Y,N,LOWER MAINLAND,LOUGHEED HWY # 032251 TO 032449 odd,LOUGHEED HWY,LOUGHEED HWY,12:00-14:59,1,0
N,PROPERTY DAMAGE ONLY,\N,N,2025,FRIDAY,UNDETERMINED,Y,N,49.248065,-123.136761,Y,MAY,N,VANCOUVER,VANCOUVER,VANCOUVER,N,N,N,LOWER MAINLAND,CARTIER ST # 004200 TO 004249,CARTIER ST,CARTIER ST,12:00-14:59,1,0
N,PROPERTY DAMAGE ONLY,\N,N,2025,FRIDAY,UNDETERMINED,Y,N,49.334061,-123.039031,Y,MAY,N,NORTH VANCOUVER,NORTH VANCOUVER,NORTH VANCOUVER,N,N,N,LOWER MAINLAND,LIBRARY LANE # 002701 TO 002880,LIBRARY LANE,LIBRARY LANE,12:00-14:59,1,0
N,PROPERTY DAMAGE ONLY,\N,Y,2025,FRIDAY,SINGLE VEHICLE,N,N,\N,\N,N,MAY,N,VANCOUVER,VANCOUVER,\N,N,N,N,LOWER MAINLAND,UNKNOWN,13TH ST,13TH ST,12:00-14:59,1,0
N,PROPERTY DAMAGE ONLY,\N,Y,2025,FRIDAY,SINGLE VEHICLE,N,N,49.192014,-123.122024,Y,MAY,N,RICHMOND,RICHMOND,RICHMOND,N,Y,N,LOWER MAINLAND,BRIDGEPORT RD # 009088 TO 009299,BRIDGEPORT RD,BRIDGEPORT RD,12:00-14:59,1,0
N,PROPERTY DAMAGE ONLY,\N,Y,2025,FRIDAY,SINGLE VEHICLE,N,N,49.233583,-123.119001,Y,MAY,N,VANCOUVER,VANCOUVER,VANCOUVER,N,N,N,LOWER MAINLAND,W 41ST AVE # 000500 TO 000708 even,W 41ST AVE,W 41ST AVE,12:00-14:59,1,0
N,PROPERTY DAMAGE ONLY,102 AVE,N,2025,FRIDAY,SIDE IMPACT,N,Y,49.188095,-122.876853,N,MAY,N,SURREY,SURREY,SURREY,N,N,N,LOWER MAINLAND,102 AVE & 124A ST & BEAVER DR,124A ST,124A ST,12:00-14:59,1,0
N,PROPERTY DAMAGE ONLY,103 AVE,N,2025,FRIDAY,SIDE SWIPE - SAME DIRECTION,N,Y,49.189345,-122.778518,N,MAY,N,SURREY,SURREY,SURREY,N,N,N,LOWER MAINLAND,103 AVE & 160 ST,160 ST,160 ST,12:00-14:59,1,0
N,PROPERTY DAMAGE ONLY,104 AVE,N,2025,FRIDAY,SIDE IMPACT,N,Y,49.191466,-122.738252,N,MAY,N,SURREY,SURREY,SURREY,N,N,N,LOWER MAINLAND,104 AVE & 104 AVE ONRAMP & HWY 17 & TURNING LANE,HWY 17,HWY 17,12:00-14:59,1,0
N,PROPERTY DAMAGE ONLY,10TH ST,N,2025,FRIDAY,SIDE IMPACT,N,Y,50.706953,-120.367765,N,MAY,N,KAMLOOPS,KAMLOOPS,KAMLOOPS,N,N,N,SOUTHERN INTERIOR,10TH ST & SUDBURY AVE,SUDBURY AVE,SUDBURY AVE,12:00-14:59,1,0
N,PROPERTY DAMAGE ONLY,115 AVE,N,2025,FRIDAY,UNDETERMINED,N,Y,49.211247,-122.859097,N,MAY,N,SURREY,SURREY,SURREY,Y,Y,N,LOWER MAINLAND,115 AVE & 131 ST,131 ST,131 ST,12:00-14:59,1,0
N,PROPERTY DAMAGE ONLY,116 AVE,N,2025,FRIDAY,SIDE IMPACT,N,Y,56.261923,-120.827773,N,MAY,Y,FORT ST. JOHN,FORT ST. JOHN,FORT ST. JOHN,N,N,N,NORTH CENTRAL,116 AVE & 89A ST,89A ST,89A ST,12:00-14:59,1,0
N,PROPERTY DAMAGE ONLY,120 ST,N,2025,FRIDAY,SIDE SWIPE - SAME DIRECTION,N,Y,49.162019,-122.890338,N,MAY,N,DELTA,DELTA,DELTA & SURREY,N,N,N,LOWER MAINLAND,120 ST & NORDEL WAY,NORDEL WAY,NORDEL WAY,12:00-14:59,1,0
N,PROPERTY DAMAGE ONLY,132 ST,N,2025,FRIDAY,REAR END,N,Y,49.140936,-122.856719,N,MAY,N,SURREY,SURREY,SURREY,N,N,N,LOWER MAINLAND,132 ST & 76 AVE,76 AVE,76 AVE,12:00-14:59,1,0
N,PROPERTY DAMAGE ONLY,138 ST,N,2025,FRIDAY,SIDE IMPACT,N,Y,49.206126,-122.839779,N,MAY,N,SURREY,SURREY,SURREY,N,N,N,LOWER MAINLAND,112 AVE & 138 ST,112 AVE,112 AVE,12:00-14:59,1,0
N,PROPERTY DAMAGE ONLY,140B ST,N,2025,FRIDAY,CONFLICTED,N,Y,49.191448,-122.832143,N,MAY,N,SURREY,SURREY,SURREY,N,N,N,LOWER MAINLAND,104 AVE & 140B ST,104 AVE,104 AVE,12:00-14:59,1,0
N,PROPERTY DAMAGE ONLY,144 ST,N,2025,FRIDAY,REAR END,N,Y,49.133735,-122.823337,N,MAY,N,SURREY,SURREY,SURREY,N,N,N,LOWER MAINLAND,144 ST & 72 AVE,72 AVE,72 AVE,12:00-14:59,1,0
N,PROPERTY DAMAGE ONLY,148 ST,N,2025,FRIDAY,SIDE SWIPE - SAME DIRECTION,N,Y,49.162822,-122.812386,N,MAY,N,SURREY,SURREY,SURREY,N,N,N,LOWER MAINLAND,148 ST & 88 AVE,88 AVE,88 AVE,12:00-14:59,1,0
N,PROPERTY DAMAGE ONLY,150 ST,N,2025,FRIDAY,SIDE SWIPE - SAME DIRECTION,N,Y,49.191492,-122.806447,N,MAY,N,SURREY,SURREY,SURREY,N,N,N,LOWER MAINLAND,104 AVE & 150 ST,104 AVE,104 AVE,12:00-14:59,1,0
N,PROPERTY DAMAGE ONLY,156TH,N,2025,FRIDAY,REAR END,N,N,\N,\N,N,MAY,N,WHITE ROCK,WHITE ROCK,\N,N,N,N,LOWER MAINLAND,UNKNOWN,20 ST,20 ST,12:00-14:59,1,0
N,PROPERTY DAMAGE ONLY,15TH ST,N,2025,FRIDAY,SIDE SWIPE - SAME DIRECTION,N,Y,49.327816,-123.15677,N,MAY,N,WEST VANCOUVER,WEST VANCOUVER,WEST VANCOUVER,Y,Y,N,LOWER MAINLAND,15TH ST & AMBLESIDE LANE,AMBLESIDE LANE,AMBLESIDE LANE,12:00-14:59,1,0
N,PROPERTY DAMAGE ONLY,166 ST,N,2025,FRIDAY,SIDE SWIPE - SAME DIRECTION,N,Y,49.150766,-122.762088,N,MAY,N,SURREY,SURREY,SURREY,N,N,N,LOWER MAINLAND,166 ST & FRASER HWY & TURNING LANE,FRASER HWY,FRASER HWY,12:00-14:59,1,0
N,PROPERTY DAMAGE ONLY,16TH AVE,N,2025,FRIDAY,REAR END,N,Y,50.030448,-125.249315,N,MAY,N,CAMPBELL RIVER,CAMPBELL RIVER,CAMPBELL RIVER,N,N,N,VANCOUVER ISLAND,16TH AVE & DOGWOOD ST,DOGWOOD ST,DOGWOOD ST,12:00-14:59,1,0
N,PROPERTY DAMAGE ONLY,172 ST,N,2025,FRIDAY,SIDE IMPACT,N,Y,49.107845,-122.746084,N,MAY,N,SURREY,SURREY,SURREY,N,N,N,LOWER MAINLAND,172 ST & 58 AVE,58 AVE,58 AVE,12:00-14:59,1,0
N,PROPERTY DAMAGE ONLY,176A ST,N,2025,FRIDAY,UNDETERMINED,N,Y,49.122354,-122.733517,N,MAY,N,SURREY,SURREY,SURREY,Y,N,N,LOWER MAINLAND,176A ST & 66 AVE,66 AVE,66 AVE,12:00-14:59,1,0
N,PROPERTY DAMAGE ONLY,18 AVE,N,2025,FRIDAY,UNDETERMINED,N,Y,49.03481,-122.8725,N,MAY,N,SURREY,SURREY,SURREY,Y,N,N,LOWER MAINLAND,126 ST & 18 AVE,126 ST,126 ST,12:00-14:59,1,0
N,PROPERTY DAMAGE ONLY,188 ST,N,2025,FRIDAY,SIDE IMPACT,N,Y,49.11896,-122.701715,N,MAY,N,SURREY,SURREY,SURREY,N,N,N,LOWER MAINLAND,188 ST & 64 AVE,64 AVE,64 AVE,12:00-14:59,1,0
N,PROPERTY DAMAGE ONLY,1ST ST,N,2025,FRIDAY,UNDETERMINED,N,Y,49.597739,-119.602968,N,MAY,N,NARAMATA,NARAMATA,NARAMATA,Y,Y,N,SOUTHERN INTERIOR,1ST ST & ROBINSON AVE,ROBINSON AVE,ROBINSON AVE,12:00-14:59,1,0
N,PROPERTY DAMAGE ONLY,200 ST,N,2025,FRIDAY,REAR END,N,Y,49.164209,-122.668857,N,MAY,N,LANGLEY,LANGLEY,LANGLEY,N,N,N,LOWER MAINLAND,200 ST & 200 ST OFFRAMP & 88 AVE & 88 AVE ONRAMP & HWY 1 ONRAMP & TRANS-CANADA HWY,88 AVE,88 AVE,12:00-14:59,1,0
N,PROPERTY DAMAGE ONLY,200 ST,N,2025,FRIDAY,SIDE IMPACT,N,Y,49.116745,-122.66857,N,MAY,N,LANGLEY,LANGLEY,LANGLEY,Y,Y,N,LOWER MAINLAND,200 ST & WILLOWBROOK DR & TURNING LANE,WILLOWBROOK DR,WILLOWBROOK DR,12:00-14:59,1,0
N,PROPERTY DAMAGE ONLY,200 ST,N,2025,FRIDAY,SIDE IMPACT,N,Y,49.155594,-122.668047,N,MAY,N,LANGLEY,LANGLEY,LANGLEY,N,N,N,LOWER MAINLAND,200 ST & 84 AVE & TURNING LANE,84 AVE,84 AVE,12:00-14:59,1,0
N,PROPERTY DAMAGE ONLY,200 ST OFFRAMP,N,2025,FRIDAY,REAR END,N,Y,49.164209,-122.668857,N,MAY,N,LANGLEY,LANGLEY,LANGLEY,N,N,N,LOWER MAINLAND,200 ST & 200 ST OFFRAMP & 88 AVE & 88 AVE ONRAMP & HWY 1 ONRAMP & TRANS-CANADA HWY,HWY 1,HWY 1,12:00-14:59,1,0
N,PROPERTY DAMAGE ONLY,200 ST OFFRAMP,N,2025,FRIDAY,SINGLE VEHICLE,N,Y,49.164209,-122.668857,N,MAY,N,LANGLEY,LANGLEY,LANGLEY,N,N,N,LOWER MAINLAND,200 ST & 200 ST OFFRAMP & 88 AVE & 88 AVE ONRAMP & HWY 1 ONRAMP & TRANS-CANADA HWY,TRANS-CANADA HWY,TRANS-CANADA HWY,12:00-14:59,1,0
N,PROPERTY DAMAGE ONLY,203 ST,N,2025,FRIDAY,CONFLICTED,N,Y,49.104113,-122.660326,N,MAY,N,LANGLEY,LANGLEY,LANGLEY,N,Y,N,LOWER MAINLAND,203 ST & 56 AVE & DOUGLAS CRES & TURNING LANE,56 AVE,56 AVE,12:00-14:59,1,0
N,PROPERTY DAMAGE ONLY,221 RD,N,2025,FRIDAY,SINGLE VEHICLE,N,Y,55.782236,-120.279038,N,MAY,N,DAWSON CREEK,DAWSON CREEK,DAWSON CREEK & KILKERRAN,N,N,N,NORTH CENTRAL,221 RD & ALASKA HWY & ALASKA HWY FRTG & DANGEROUS GOODS RTE & HWY 97 & SCALE ACCESS & TURNING LANE,HWY 97,HWY 97,12:00-14:59,1,0
N,PROPERTY DAMAGE ONLY,224 ST,N,2025,FRIDAY,REAR END,N,Y,49.220463,-122.601689,N,MAY,N,MAPLE RIDGE,MAPLE RIDGE,MAPLE RIDGE,Y,N,N,LOWER MAINLAND,224 ST & DEWDNEY TRUNK RD,DEWDNEY TRUNK RD,DEWDNEY TRUNK RD,12:00-14:59,1,0
N,PROPERTY DAMAGE ONLY,232 ST,N,2025,FRIDAY,REAR END,Y,Y,49.082213,-122.581347,N,MAY,N,LANGLEY,LANGLEY,LANGLEY,N,N,N,LOWER MAINLAND,232 ST & FRASER HWY,FRASER HWY,FRASER HWY,12:00-14:59,1,0
N,PROPERTY DAMAGE ONLY,24 AVE,N,2025,FRIDAY,CONFLICTED,N,Y,49.045632,-122.801205,N,MAY,N,SURREY,SURREY,SURREY,N,N,N,LOWER MAINLAND,152 ST & 24 AVE,152 ST,152 ST,12:00-14:59,1,0
N,PROPERTY DAMAGE ONLY,248 ST,N,2025,FRIDAY,SINGLE VEHICLE,N,Y,49.133224,-122.536781,N,MAY,N,LANGLEY,LANGLEY,LANGLEY,N,N,N,LOWER MAINLAND,248 ST & 72 AVE & TELEGRAPH TRAIL,72 AVE,72 AVE,12:00-14:59,1,0
N,PROPERTY DAMAGE ONLY,264 ST,N,2025,FRIDAY,CONFLICTED,N,Y,49.101569,-122.492803,N,MAY,N,LANGLEY,LANGLEY,LANGLEY,N,N,N,LOWER MAINLAND,264 ST & 264 ST OFFRAMP & 264 ST ONRAMP & 56 AVE & 56 AVE OFFRAMP & 56 AVE ONRAMP & TRANS-CANADA HWY & TURNING LANE,56 AVE,56 AVE,12:00-14:59,1,0
N,PROPERTY DAMAGE ONLY,268 ST,N,2025,FRIDAY,SIDE SWIPE - SAME DIRECTION,Y,Y,49.058741,-122.481704,N,MAY,N,LANGLEY,LANGLEY,LANGLEY,N,N,N,LOWER MAINLAND,268 ST & FRASER HWY & OLD YALE RD,FRASER HWY,FRASER HWY,12:00-14:59,1,0
N,PROPERTY DAMAGE ONLY,2ND AVE,N,2025,FRIDAY,SINGLE VEHICLE,N,Y,49.125184,-123.184245,N,MAY,N,RICHMOND,RICHMOND,RICHMOND,N,Y,N,LOWER MAINLAND,2ND AVE & MONCTON ST,MONCTON ST,MONCTON ST,12:00-14:59,1,0
N,PROPERTY DAMAGE ONLY,2ND ST S,N,2025,FRIDAY,SIDE SWIPE - OPPOSITE DIRECTION,N,Y,49.508567,-115.777098,N,MAY,N,CRANBROOK,CRANBROOK,CRANBROOK,N,N,N,SOUTHERN INTERIOR,2ND ST S & VAN HORNE ST S & TURNING LANE,VAN HORNE ST S,VAN HORNE ST S,12:00-14:59,1,0
N,PROPERTY DAMAGE ONLY,30 ST,N,2025,FRIDAY,CONFLICTED,N,Y,50.265318,-119.270727,N,MAY,N,VERNON,VERNON,VERNON,Y,Y,N,SOUTHERN INTERIOR,30 ST & 32 AVE,32 AVE,32 AVE,12:00-14:59,1,0
N,PROPERTY DAMAGE ONLY,31 AVE,N,2025,FRIDAY,UNDETERMINED,N,Y,50.264579,-119.273795,N,MAY,N,VERNON,VERNON,VERNON,N,N,N,SOUTHERN INTERIOR,31 AVE & 32 ST,32 ST,32 ST,12:00-14:59,1,0
N,PROPERTY DAMAGE ONLY,32 AVE,N,2025,FRIDAY,REAR END,N,Y,49.0601,-122.779145,N,MAY,N,SURREY,SURREY,SURREY,N,N,N,LOWER MAINLAND,160 ST & 32 AVE & MORGAN CREEK WAY,160 ST,160 ST,12:00-14:59,1,0
N,PROPERTY DAMAGE ONLY,33 AVE,N,2025,FRIDAY,SINGLE VEHICLE,N,Y,50.26603,-119.270723,N,MAY,N,VERNON,VERNON,VERNON,N,N,N,SOUTHERN INTERIOR,30 ST & 33 AVE,30 ST,30 ST,12:00-14:59,1,0
N,PROPERTY DAMAGE ONLY,34 ST,N,2025,FRIDAY,CONFLICTED,N,Y,50.263776,-119.276973,N,MAY,N,VERNON,VERNON,VERNON,N,N,N,SOUTHERN INTERIOR,30 AVE & 34 ST,30 AVE,30 AVE,12:00-14:59,1,0
N,PROPERTY DAMAGE ONLY,40 AVE,N,2025,FRIDAY,SINGLE VEHICLE,N,Y,49.074652,-122.801145,N,MAY,N,SURREY,SURREY,SURREY,N,N,N,LOWER MAINLAND,152 ST & 40 AVE & TURNING LANE,152 ST,152 ST,12:00-14:59,1,0
N,PROPERTY DAMAGE ONLY,48 AVE,N,2025,FRIDAY,REAR END,N,Y,50.281999,-119.273702,N,MAY,N,VERNON,VERNON,VERNON,N,N,N,SOUTHERN INTERIOR,48 AVE & ANDERSON WAY,ANDERSON WAY,ANDERSON WAY,12:00-14:59,1,0
N,PROPERTY DAMAGE ONLY,4TH AVE N,N,2025,FRIDAY,SIDE IMPACT,N,Y,52.135963,-122.14453,N,MAY,N,WILLIAMS LAKE,WILLIAMS LAKE,WILLIAMS LAKE,N,N,N,NORTH CENTRAL,4TH AVE N & COMER ST,COMER ST,COMER ST,12:00-14:59,1,0
N,PROPERTY DAMAGE ONLY,56 AVE,N,2025,FRIDAY,CONFLICTED,N,Y,49.104144,-122.72384,N,MAY,N,SURREY,SURREY,SURREY,N,N,N,LOWER MAINLAND,180 ST & 56 AVE,180 ST,180 ST,12:00-14:59,1,0
N,PROPERTY DAMAGE ONLY,60 AVE,N,2025,FRIDAY,SIDE IMPACT,N,Y,49.111237,-122.680001,N,MAY,N,LANGLEY,LANGLEY,LANGLEY & SURREY,N,N,N,LOWER MAINLAND,196 ST & 60 AVE,196 ST,196 ST,12:00-14:59,1,0
N,PROPERTY DAMAGE ONLY,61A AVE,N,2025,FRIDAY,SIDE IMPACT,N,Y,49.113761,-122.735857,N,MAY,N,SURREY,SURREY,SURREY,N,N,N,LOWER MAINLAND,175B ST & 61A AVE,175B ST,175B ST,12:00-14:59,1,0
N,PROPERTY DAMAGE ONLY,61A AVE,N,2025,FRIDAY,UNDETERMINED,N,Y,49.113761,-122.735857,N,MAY,N,SURREY,SURREY,SURREY,N,N,N,LOWER MAINLAND,175B ST & 61A AVE,175B ST,175B ST,12:00-14:59,1,0
N,PROPERTY DAMAGE ONLY,62 AVE,N,2025,FRIDAY,SIDE IMPACT,N,Y,49.115098,-122.656711,N,MAY,N,LANGLEY,LANGLEY,LANGLEY,N,N,N,LOWER MAINLAND,204 ST & 62 AVE & TURNING LANE,204 ST,204 ST,12:00-14:59,1,0
N,PROPERTY DAMAGE ONLY,64 AVE,N,2025,FRIDAY,CONFLICTED,N,Y,49.119069,-122.801005,N,MAY,N,SURREY,SURREY,SURREY,N,N,N,LOWER MAINLAND,152 ST & 64 AVE,152 ST,152 ST,12:00-14:59,1,0
N,PROPERTY DAMAGE ONLY,64 AVE,N,2025,FRIDAY,UNDETERMINED,N,Y,49.11933,-122.890416,N,MAY,N,DELTA,DELTA,DELTA & SURREY,N,Y,N,LOWER MAINLAND,120 ST & 64 AVE,120 ST,120 ST,12:00-14:59,1,0
N,PROPERTY DAMAGE ONLY,7 AVE N,N,2025,FRIDAY,SIDE IMPACT,N,N,\N,\N,N,MAY,N,WILLIAMS LAKE,WILLIAMS LAKE,\N,Y,Y,N,NORTH CENTRAL,UNKNOWN,OLIVER ST,OLIVER ST,12:00-14:59,1,0
N,PROPERTY DAMAGE ONLY,71 AVE,N,2025,FRIDAY,SIDE IMPACT,N,Y,49.131335,-122.838671,N,MAY,N,SURREY,SURREY,SURREY,N,N,N,LOWER MAINLAND,138 ST & 71 AVE,138 ST,138 ST,12:00-14:59,1,0
N,PROPERTY DAMAGE ONLY,72 AVE,N,2025,FRIDAY,REAR END,N,Y,49.133924,-122.879111,N,MAY,N,SURREY,SURREY,SURREY,N,N,N,LOWER MAINLAND,124 ST & 72 AVE,124 ST,124 ST,12:00-14:59,1,0
N,PROPERTY DAMAGE ONLY,72 AVE,N,2025,FRIDAY,REAR END,N,Y,49.134037,-122.890359,N,MAY,N,DELTA,DELTA,DELTA & SURREY,Y,Y,N,LOWER MAINLAND,120 ST & 72 AVE,120 ST,120 ST,12:00-14:59,1,0
N,PROPERTY DAMAGE ONLY,72 AVE,N,2025,FRIDAY,SIDE SWIPE - SAME DIRECTION,N,Y,49.134018,-122.887572,N,MAY,N,SURREY,SURREY,SURREY,N,N,N,LOWER MAINLAND,121 ST & 72 AVE,121 ST,121 ST,12:00-14:59,1,0
N,PROPERTY DAMAGE ONLY,72 AVE,N,2025,FRIDAY,UNDETERMINED,N,Y,49.134037,-122.890359,N,MAY,N,DELTA,DELTA,DELTA & SURREY,Y,Y,N,LOWER MAINLAND,120 ST & 72 AVE,120 ST,120 ST,12:00-14:59,1,0
N,PROPERTY DAMAGE ONLY,8 AVE,N,2025,FRIDAY,REAR END,N,Y,49.016653,-122.735303,N,MAY,N,SURREY,SURREY,SURREY,N,N,N,LOWER MAINLAND,176 ST & 8 AVE & TURNING LANE,176 ST,176 ST,12:00-14:59,1,0
N,PROPERTY DAMAGE ONLY,80 AVE,N,2025,FRIDAY,HEAD ON,N,Y,49.148427,-122.918232,N,MAY,N,DELTA,DELTA,DELTA,N,N,N,LOWER MAINLAND,110 ST & 80 AVE,110 ST,110 ST,12:00-14:59,1,0
N,PROPERTY DAMAGE ONLY,80 AVE,N,2025,FRIDAY,REAR END,N,Y,49.148132,-122.867974,N,MAY,N,SURREY,SURREY,SURREY,N,N,N,LOWER MAINLAND,128 ST & 80 AVE,128 ST,128 ST,12:00-14:59,1,0
N,PROPERTY DAMAGE ONLY,80 AVE,N,2025,FRIDAY,SIDE SWIPE - SAME DIRECTION,Y,Y,49.1486,-122.890378,N,MAY,N,DELTA,DELTA,DELTA & SURREY,N,N,N,LOWER MAINLAND,120 ST & 80 AVE,SCOTT RD,SCOTT RD,12:00-14:59,1,0
N,PROPERTY DAMAGE ONLY,80 AVE,N,2025,FRIDAY,SINGLE VEHICLE,N,Y,49.148176,-122.661374,N,MAY,N,LANGLEY,LANGLEY,LANGLEY,N,N,N,LOWER MAINLAND,202A ST & 80 AVE,202A ST,202A ST,12:00-14:59,1,0
N,PROPERTY DAMAGE ONLY,80 AVE,N,2025,FRIDAY,UNDETERMINED,Y,Y,49.148185,-122.86228,N,MAY,N,SURREY,SURREY,SURREY,Y,N,N,LOWER MAINLAND,130 ST & 80 AVE,130 ST,130 ST,12:00-14:59,1,0
N,PROPERTY DAMAGE ONLY,83 AVE,N,2025,FRIDAY,SINGLE VEHICLE,N,Y,49.153756,-122.668094,N,MAY,N,LANGLEY,LANGLEY,LANGLEY,N,Y,N,LOWER MAINLAND,200 ST & 83 AVE,200 ST,200 ST,12:00-14:59,1,0
N,PROPERTY DAMAGE ONLY,84 AVE,N,2025,FRIDAY,SIDE IMPACT,N,Y,49.155427,-122.84574,N,MAY,N,SURREY,SURREY,SURREY,N,N,N,LOWER MAINLAND,84 AVE & KING GEORGE BLVD,KING GEORGE BLVD,KING GEORGE BLVD,12:00-14:59,1,0
N,PROPERTY DAMAGE ONLY,87A AVE,N,2025,FRIDAY,SIDE IMPACT,N,Y,49.162517,-122.902158,N,MAY,N,DELTA,DELTA,DELTA,N,N,N,LOWER MAINLAND,116 ST & 87A AVE,116 ST,116 ST,12:00-14:59,1,0
N,PROPERTY DAMAGE ONLY,88 AVE,N,2025,FRIDAY,CONFLICTED,N,Y,49.162849,-122.698855,N,MAY,N,SURREY,SURREY,SURREY,N,N,N,LOWER MAINLAND,88 AVE & HARVIE RD,HARVIE RD,HARVIE RD,12:00-14:59,1,0
N,PROPERTY DAMAGE ONLY,88 AVE,N,2025,FRIDAY,REAR END,N,Y,49.162548,-122.734712,N,MAY,N,SURREY,SURREY,SURREY,N,N,N,LOWER MAINLAND,176 ST & 88 AVE & TURNING LANE,176 ST,176 ST,12:00-14:59,1,0
N,PROPERTY DAMAGE ONLY,89 AVE,N,2025,FRIDAY,REAR END,Y,Y,49.164502,-122.856912,N,MAY,N,SURREY,SURREY,SURREY,N,N,N,LOWER MAINLAND,132 ST & 89 AVE,132 ST,132 ST,12:00-14:59,1,0
N,PROPERTY DAMAGE ONLY,90 AVE,N,2025,FRIDAY,SIDE SWIPE - SAME DIRECTION,Y,Y,49.166458,-122.695102,N,MAY,N,SURREY,SURREY,SURREY,N,N,N,LOWER MAINLAND,90 AVE & HARVIE RD,HARVIE RD,HARVIE RD,12:00-14:59,1,0
N,PROPERTY DAMAGE ONLY,96 AVE,N,2025,FRIDAY,SIDE IMPACT,N,Y,49.176959,-122.669433,N,MAY,N,LANGLEY,LANGLEY,LANGLEY,N,N,N,LOWER MAINLAND,199A ST & 200 ST & 96 AVE,199A ST,199A ST,12:00-14:59,1,0
N,PROPERTY DAMAGE ONLY,96 AVE,N,2025,FRIDAY,SIDE IMPACT,N,Y,49.177035,-122.845713,N,MAY,N,SURREY,SURREY,SURREY,N,Y,N,LOWER MAINLAND,96 AVE & KING GEORGE BLVD & TURNING LANE,KING GEORGE BLVD,KING GEORGE BLVD,12:00-14:59,1,0
N,PROPERTY DAMAGE ONLY,96 AVE,N,2025,FRIDAY,SINGLE VEHICLE,N,Y,49.177057,-122.849912,N,MAY,N,SURREY,SURREY,SURREY,Y,N,N,LOWER MAINLAND,134A ST & 96 AVE,134A ST,134A ST,12:00-14:59,1,0
N,PROPERTY DAMAGE ONLY,9TH AVE,N,2025,FRIDAY,REAR END,N,Y,49.14154,-122.292782,N,MAY,N,MISSION,MISSION,MISSION,N,N,N,LOWER MAINLAND,9TH AVE & ECOLE DES DEUX RIVES SCHOOL ACCESS & STAVE LAKE ST,STAVE LAKE ST,STAVE LAKE ST,12:00-14:59,1,0
N,PROPERTY DAMAGE ONLY,ABBOTT ST,N,2025,FRIDAY,SINGLE VEHICLE,N,Y,49.281065,-123.107583,N,MAY,N,VANCOUVER,VANCOUVER,VANCOUVER,N,Y,N,LOWER MAINLAND,ABBOTT ST & W PENDER ST,W PENDER ST,W PENDER ST,12:00-14:59,1,0
N,PROPERTY DAMAGE ONLY,ADMIRALS RD,N,2025,FRIDAY,REAR END,N,Y,48.451144,-123.424888,N,MAY,N,VIEW ROYAL,VIEW ROYAL,VIEW ROYAL,N,N,N,VANCOUVER ISLAND,ADMIRALS RD & CRAIGFLOWER RD & ISLAND HWY & TURNING LANE,CRAIGFLOWER RD,CRAIGFLOWER RD,12:00-14:59,1,0
N,PROPERTY DAMAGE ONLY,AGASSIZ BYPASS,N,2025,FRIDAY,CONFLICTED,N,Y,49.235615,-121.746547,N,MAY,N,AGASSIZ,AGASSIZ,AGASSIZ,N,N,N,LOWER MAINLAND,AGASSIZ BYPASS & MORROW RD & PIXLEY LANE & SCOTT RD & TURNING LANE,MORROW RD,MORROW RD,12:00-14:59,1,0
N,PROPERTY DAMAGE ONLY,ALEX FRASER BRIDGE,N,2025,FRIDAY,CONFLICTED,Y,Y,49.170914,-122.951312,N,MAY,N,DELTA,DELTA,DELTA & RICHMOND,N,N,N,LOWER MAINLAND,ALEX FRASER BRIDGE & CLIVEDEN AVE & CLIVEDEN AVE OFFRAMP & CLIVEDEN AVE ONRAMP & HWY 91,HWY 91,HWY 91,12:00-14:59,1,0
N,PROPERTY DAMAGE ONLY,ALEX FRASER BRIDGE,N,2025,FRIDAY,REAR END,N,Y,49.170914,-122.951312,N,MAY,N,DELTA,DELTA,DELTA & RICHMOND,N,N,N,LOWER MAINLAND,ALEX FRASER BRIDGE & CLIVEDEN AVE & CLIVEDEN AVE OFFRAMP & CLIVEDEN AVE ONRAMP & HWY 91,HWY 91,HWY 91,12:00-14:59,1,0
N,PROPERTY DAMAGE ONLY,ALEX FRASER BRIDGE,N,2025,FRIDAY,SIDE SWIPE - SAME DIRECTION,N,N,\N,\N,N,MAY,Y,DELTA,DELTA,\N,N,N,N,LOWER MAINLAND,UNKNOWN,HIGHWAY 91,HIGHWAY 91,12:00-14:59,1,0
N,PROPERTY DAMAGE ONLY,ALEX FRASER BRIDGE,N,2025,FRIDAY,SIDE SWIPE - SAME DIRECTION,N,Y,49.170914,-122.951312,N,MAY,N,DELTA,DELTA,DELTA & RICHMOND,N,N,N,LOWER MAINLAND,ALEX FRASER BRIDGE & CLIVEDEN AVE & CLIVEDEN AVE OFFRAMP & CLIVEDEN AVE ONRAMP & HWY 91,HWY 91,HWY 91,12:00-14:59,1,0
N,PROPERTY DAMAGE ONLY,ALEX FRASER BRIDGE,N,2025,FRIDAY,SINGLE VEHICLE,N,N,\N,\N,N,MAY,N,DELTA,DELTA,\N,N,N,N,LOWER MAINLAND,UNKNOWN,HIGHWAY 91,HIGHWAY 91,12:00-14:59,1,0
N,PROPERTY DAMAGE ONLY,ALEX FRASER BRIDGE,N,2025,FRIDAY,SINGLE VEHICLE,N,Y,49.170914,-122.951312,N,MAY,N,DELTA,DELTA,DELTA & RICHMOND,N,N,N,LOWER MAINLAND,ALEX FRASER BRIDGE & CLIVEDEN AVE & CLIVEDEN AVE OFFRAMP & CLIVEDEN AVE ONRAMP & HWY 91,HWY 91,HWY 91,12:00-14:59,1,0
N,PROPERTY DAMAGE ONLY,ALEXANDER ST,N,2025,FRIDAY,SIDE SWIPE - SAME DIRECTION,N,Y,48.78125,-123.698856,N,MAY,N,DUNCAN,DUNCAN,DUNCAN,N,N,N,VANCOUVER ISLAND,ALEXANDER ST & TRANS-CANADA HWY & YORK RD,HWY 1,HWY 1,12:00-14:59,1,0
N,PROPERTY DAMAGE ONLY,ARBUTUS ST,N,2025,FRIDAY,SIDE IMPACT,Y,Y,49.268116,-123.152773,N,MAY,N,VANCOUVER,VANCOUVER,VANCOUVER,N,N,N,LOWER MAINLAND,ARBUTUS ST & W 4TH AVE,W 4TH AVE,W 4TH AVE,12:00-14:59,1,0
N,PROPERTY DAMAGE ONLY,ASH ST,N,2025,FRIDAY,REAR END,N,Y,49.235451,-123.117805,N,MAY,N,VANCOUVER,VANCOUVER,VANCOUVER,N,N,N,LOWER MAINLAND,ASH ST & W 39TH AVE,W 39TH AVE,W 39TH AVE,12:00-14:59,1,0
N,PROPERTY DAMAGE ONLY,AUBURN DR,N,2025,FRIDAY,SIDE SWIPE - SAME DIRECTION,N,Y,49.146336,-123.104166,N,MAY,N,RICHMOND,RICHMOND,RICHMOND,Y,N,N,LOWER MAINLAND,ALTONA PL & AUBURN DR,ALTONA PL,ALTONA PL,12:00-14:59,1,0
N,PROPERTY DAMAGE ONLY,AULDS RD,N,2025,FRIDAY,REAR END,N,Y,49.234331,-124.052474,N,MAY,N,LANTZVILLE,LANTZVILLE,LANTZVILLE & NANAIMO,N,N,N,VANCOUVER ISLAND,AULDS RD & AULDS RD OFFRAMP & AULDS RD ONRAMP & NANAIMO PKY & PARKWAY TRAIL & RHODO WAY,NANAIMO PKY,NANAIMO PKY,12:00-14:59,1,0
N,PROPERTY DAMAGE ONLY,AVIATION AVE,N,2025,FRIDAY,REAR END,N,N,\N,\N,N,MAY,N,RICHMOND,RICHMOND,\N,Y,Y,N,LOWER MAINLAND,UNKNOWN,N SERVICE RD,N SERVICE RD,12:00-14:59,1,0
N,PROPERTY DAMAGE ONLY,BARON RD,N,2025,FRIDAY,SIDE SWIPE - OPPOSITE DIRECTION,N,Y,49.882914,-119.427697,N,MAY,N,KELOWNA,KELOWNA,KELOWNA,N,Y,N,SOUTHERN INTERIOR,BARON RD & LECKIE RD,LECKIE RD,LECKIE RD,12:00-14:59,1,0
N,PROPERTY DAMAGE ONLY,BICKFORD LANE,N,2025,FRIDAY,SIDE IMPACT,Y,Y,48.572436,-123.460297,N,MAY,N,CENTRAL SAANICH,CENTRAL SAANICH,CENTRAL SAANICH,N,N,N,VANCOUVER ISLAND,BICKFORD LANE & MARCHANT RD,MARCHANT RD,MARCHANT RD,12:00-14:59,1,0
N,PROPERTY DAMAGE ONLY,BLACKWOOD ST,N,2025,FRIDAY,SIDE SWIPE - SAME DIRECTION,N,Y,49.204934,-122.904657,N,MAY,N,NEW WESTMINSTER,NEW WESTMINSTER,NEW WESTMINSTER,N,N,N,LOWER MAINLAND,BLACKWOOD ST & COLUMBIA ST,COLUMBIA ST,COLUMBIA ST,12:00-14:59,1,0
N,PROPERTY DAMAGE ONLY,BLANCA ST,N,2025,FRIDAY,REAR END,N,Y,49.263927,-123.215243,N,MAY,N,UBC,UBC,UBC & VANCOUVER,N,N,N,LOWER MAINLAND,BLANCA ST & UNIVERSITY BLVD & W 10TH AVE,W 10TH AVE,W 10TH AVE,12:00-14:59,1,0
N,PROPERTY DAMAGE ONLY,BLANSHARD ST,N,2025,FRIDAY,SIDE SWIPE - SAME DIRECTION,N,Y,48.450974,-123.369658,N,MAY,N,SAANICH,SAANICH,SAANICH,N,N,N,VANCOUVER ISLAND,BLANSHARD ST & CLOVERDALE AVE & TURNING LANE,CLOVERDALE AVE,CLOVERDALE AVE,12:00-14:59,1,0
N,PROPERTY DAMAGE ONLY,BLANSHARD ST,N,2025,FRIDAY,SIDE SWIPE - SAME DIRECTION,Y,Y,48.424322,-123.362485,N,MAY,N,VICTORIA,VICTORIA,VICTORIA,Y,N,N,VANCOUVER ISLAND,BLANSHARD ST & FORT ST,FORT ST,FORT ST,12:00-14:59,1,0
N,PROPERTY DAMAGE ONLY,BOUNDARY RD,N,2025,FRIDAY,SIDE SWIPE - SAME DIRECTION,N,Y,49.269397,-123.023574,N,MAY,N,BURNABY,BURNABY,BURNABY & VANCOUVER,N,N,N,LOWER MAINLAND,1ST AVE & BOUNDARY RD & E 1ST AVE,1ST AVE,1ST AVE,12:00-14:59,1,0
N,PROPERTY DAMAGE ONLY,BOUNDARY RD,N,2025,FRIDAY,SIDE SWIPE - SAME DIRECTION,Y,Y,49.221948,-123.023697,N,MAY,N,BURNABY,BURNABY,BURNABY & VANCOUVER,N,N,N,LOWER MAINLAND,BOUNDARY RD & E 49TH AVE & IMPERIAL ST & TURNING LANE,E 49TH AVE,E 49TH AVE,12:00-14:59,1,0
N,PROPERTY DAMAGE ONLY,BOYD ST,N,2025,FRIDAY,UNDETERMINED,N,Y,49.190086,-122.948533,N,MAY,N,NEW WESTMINSTER,NEW WESTMINSTER,NEW WESTMINSTER,N,N,N,LOWER MAINLAND,BOYD ST & HOWES ST & TURNING LANE,HOWES ST,HOWES ST,12:00-14:59,1,0
N,PROPERTY DAMAGE ONLY,BROOKSBANK AVE,N,2025,FRIDAY,REAR END,N,N,\N,\N,N,MAY,N,NORTH VANCOUVER,NORTH VANCOUVER,\N,N,N,N,LOWER MAINLAND,UNKNOWN,MAIN ST,MAIN ST,12:00-14:59,1,0
N,PROPERTY DAMAGE ONLY,BULLER AVE,N,2025,FRIDAY,SIDE IMPACT,N,N,\N,\N,N,MAY,N,VANCOUVER,VANCOUVER,\N,N,N,N,LOWER MAINLAND,UNKNOWN,KINGSWAY,KINGSWAY,12:00-14:59,1,0
N,PROPERTY DAMAGE ONLY,BURIS,N,2025,FRIDAY,REAR END,N,N,\N,\N,N,MAY,N,BURNABY,BURNABY,\N,N,N,N,LOWER MAINLAND,UNKNOWN,CANADA WAY,CANADA WAY,12:00-14:59,1,0
N,PROPERTY DAMAGE ONLY,BURRARD ST,N,2025,FRIDAY,SIDE SWIPE - SAME DIRECTION,N,Y,49.261827,-123.145828,N,MAY,N,VANCOUVER,VANCOUVER,VANCOUVER,Y,N,N,LOWER MAINLAND,BURRARD ST & W 11TH AVE,W 11TH AVE,W 11TH AVE,12:00-14:59,1,0
N,PROPERTY DAMAGE ONLY,BURRARD ST,N,2025,FRIDAY,UNDETERMINED,N,Y,49.263701,-123.145756,N,MAY,N,VANCOUVER,VANCOUVER,VANCOUVER,Y,N,N,LOWER MAINLAND,BURRARD ST & W BROADWAY,W BROADWAY,W BROADWAY,12:00-14:59,1,0
N,PROPERTY DAMAGE ONLY,BURRARD ST,N,2025,FRIDAY,UNDETERMINED,N,Y,49.2689,-123.145594,N,MAY,N,VANCOUVER,VANCOUVER,VANCOUVER,Y,N,N,LOWER MAINLAND,BURRARD ST & W 3RD AVE,W 3RD AVE,W 3RD AVE,12:00-14:59,1,0
N,PROPERTY DAMAGE ONLY,BURRARD ST,N,2025,FRIDAY,UNDETERMINED,N,Y,49.269782,-123.145561,N,MAY,N,VANCOUVER,VANCOUVER,VANCOUVER,N,N,N,LOWER MAINLAND,BURRARD ST & W 2ND AVE,W 2ND AVE,W 2ND AVE,12:00-14:59,1,0
N,PROPERTY DAMAGE ONLY,BURRARD STREET,N,2025,FRIDAY,SIDE SWIPE - SAME DIRECTION,N,N,\N,\N,N,MAY,N,VANCOUVER,VANCOUVER,\N,N,N,N,LOWER MAINLAND,UNKNOWN,NELSON STREET,NELSON STREET,12:00-14:59,1,0
N,PROPERTY DAMAGE ONLY,BUTE ST,N,2025,FRIDAY,UNDETERMINED,N,Y,49.282527,-123.132325,N,MAY,N,VANCOUVER,VANCOUVER,VANCOUVER,Y,N,N,LOWER MAINLAND,BUTE ST & PENDRELL ST,PENDRELL ST,PENDRELL ST,12:00-14:59,1,0
N,PROPERTY DAMAGE ONLY,BYRNS RD,N,2025,FRIDAY,SINGLE VEHICLE,N,Y,49.87097,-119.445802,N,MAY,N,KELOWNA,KELOWNA,KELOWNA,N,N,N,SOUTHERN INTERIOR,BENVOULIN RD & BYRNS RD,BENVOULIN RD,BENVOULIN RD,12:00-14:59,1,0
N,PROPERTY DAMAGE ONLY,CAMBIE RD,N,2025,FRIDAY,REAR END,N,Y,49.184685,-123.132463,N,MAY,N,RICHMOND,RICHMOND,RICHMOND,N,N,N,LOWER MAINLAND,CAMBIE RD & HAZELBRIDGE WAY,HAZELBRIDGE WAY,HAZELBRIDGE WAY,12:00-14:59,1,0
N,PROPERTY DAMAGE ONLY,CAMBIE ST,N,2025,FRIDAY,SIDE IMPACT,N,Y,49.255869,-123.115114,N,MAY,N,VANCOUVER,VANCOUVER,VANCOUVER,N,N,N,LOWER MAINLAND,CAMBIE ST & W 17TH AVE,W 17TH AVE,W 17TH AVE,12:00-14:59,1,0
N,PROPERTY DAMAGE ONLY,CAMBIE ST,N,2025,FRIDAY,UNDETERMINED,N,Y,49.253984,-123.11521,N,MAY,N,VANCOUVER,VANCOUVER,VANCOUVER,N,N,N,LOWER MAINLAND,CAMBIE ST & W 19TH AVE,W 19TH AVE,W 19TH AVE,12:00-14:59,1,0
N,PROPERTY DAMAGE ONLY,CARRALL RD,N,2025,FRIDAY,UNDETERMINED,N,Y,49.824949,-119.61096,N,MAY,N,WEST KELOWNA,WEST KELOWNA,WEST KELOWNA,Y,N,N,SOUTHERN INTERIOR,BOUCHERIE RD & CARRALL RD,BOUCHERIE RD,BOUCHERIE RD,12:00-14:59,1,0
N,PROPERTY DAMAGE ONLY,CARRALL ST,N,2025,FRIDAY,SIDE IMPACT,N,Y,49.281474,-123.104327,N,MAY,N,VANCOUVER,VANCOUVER,VANCOUVER,N,N,N,LOWER MAINLAND,CARRALL ST & E HASTINGS ST & W HASTINGS ST,W HASTINGS ST,W HASTINGS ST,12:00-14:59,1,0
N,PROPERTY DAMAGE ONLY,CASSIAR CONNECTOR,N,2025,FRIDAY,REAR END,N,N,\N,\N,N,MAY,N,VANCOUVER,VANCOUVER,\N,N,N,N,LOWER MAINLAND,UNKNOWN,CASSIAR CONNECTR,CASSIAR CONNECTR,12:00-14:59,1,0
N,PROPERTY DAMAGE ONLY,CHARLES ST,N,2025,FRIDAY,CONFLICTED,N,Y,49.273027,-123.067623,N,MAY,N,VANCOUVER,VANCOUVER,VANCOUVER,N,N,N,LOWER MAINLAND,CHARLES ST & SALSBURY DR,SALSBURY DR,SALSBURY DR,12:00-14:59,1,0
N,PROPERTY DAMAGE ONLY,CHEMAINUS RD,N,2025,FRIDAY,REAR END,N,N,\N,\N,N,MAY,N,CROFTON,CROFTON,\N,N,N,N,VANCOUVER ISLAND,UNKNOWN,CROFTON RD,CROFTON RD,12:00-14:59,1,0
N,PROPERTY DAMAGE ONLY,CLEMENTS AVE,N,2025,FRIDAY,CONFLICTED,Y,Y,49.358056,-123.096872,N,MAY,N,NORTH VANCOUVER,NORTH VANCOUVER,NORTH VANCOUVER,N,N,N,LOWER MAINLAND,CLEMENTS AVE & SHIRLEY AVE,SHIRLEY AVE,SHIRLEY AVE,12:00-14:59,1,0
N,PROPERTY DAMAGE ONLY,CLEVELAND AVE,N,2025,FRIDAY,SIDE SWIPE - SAME DIRECTION,N,Y,49.704443,-123.145404,N,MAY,N,SQUAMISH,SQUAMISH,SQUAMISH,N,N,N,LOWER MAINLAND,CLEVELAND AVE & HWY 99 & LOGGERS LANE & RIVER RD & TURNING LANE,HWY 99,HWY 99,12:00-14:59,1,0
N,PROPERTY DAMAGE ONLY,COAST MERIDIAN CONNECTR,N,2025,FRIDAY,REAR END,N,N,\N,\N,N,MAY,N,PORT COQUITLAM,PORT COQUITLAM,\N,N,N,N,LOWER MAINLAND,UNKNOWN,LOUGHEED HWY,LOUGHEED HWY,12:00-14:59,1,0
N,PROPERTY DAMAGE ONLY,COAST MERIDIAN RD,N,2025,FRIDAY,SIDE SWIPE - SAME DIRECTION,N,Y,49.259848,-122.756931,N,MAY,N,PORT COQUITLAM,PORT COQUITLAM,PORT COQUITLAM,N,N,N,LOWER MAINLAND,COAST MERIDIAN OVERPASS & COAST MERIDIAN RD & LOUGHEED HWY & LOUGHEED MERIDIAN CONN & ACCESS ROAD & INDUSTRIAL ACCESS & MALL ACCESS & PRIVATE DRIVEWAY & TURNING LANE,LOUGHEED HWY,LOUGHEED HWY,12:00-14:59,1,0
N,PROPERTY DAMAGE ONLY,COCHRANE AVE,N,2025,FRIDAY,SIDE IMPACT,N,N,\N,\N,N,MAY,N,BURNABY,BURNABY,\N,N,N,N,LOWER MAINLAND,UNKNOWN,AUSTIN RD,AUSTIN RD,12:00-14:59,1,0
N,PROPERTY DAMAGE ONLY,COLUMBIA ST,N,2025,FRIDAY,SIDE SWIPE - SAME DIRECTION,N,Y,49.203218,-122.907839,N,MAY,N,NEW WESTMINSTER,NEW WESTMINSTER,NEW WESTMINSTER,N,N,N,LOWER MAINLAND,COLUMBIA ST & SIXTH ST,SIXTH ST,SIXTH ST,12:00-14:59,1,0
N,PROPERTY DAMAGE ONLY,COMMERCIAL DR,N,2025,FRIDAY,REAR END,N,Y,49.269586,-123.069675,N,MAY,N,VANCOUVER,VANCOUVER,VANCOUVER,N,N,N,LOWER MAINLAND,COMMERCIAL DR & E 1ST AVE,E 1ST AVE,E 1ST AVE,12:00-14:59,1,0
N,PROPERTY DAMAGE ONLY,COMMERCIAL DR,N,2025,FRIDAY,SINGLE VEHICLE,N,Y,49.262326,-123.069794,N,MAY,N,VANCOUVER,VANCOUVER,VANCOUVER,N,N,N,LOWER MAINLAND,COMMERCIAL DR & E BROADWAY,E BROADWAY,E BROADWAY,12:00-14:59,1,0
N,PROPERTY DAMAGE ONLY,COMOX RD,N,2025,FRIDAY,REAR END,N,Y,49.170155,-123.9423,N,MAY,N,NANAIMO,NANAIMO,NANAIMO,N,Y,N,VANCOUVER ISLAND,COMOX RD & WALLACE ST & ACCESS ROAD & TURNING LANE,WALLACE ST,WALLACE ST,12:00-14:59,1,0
N,PROPERTY DAMAGE ONLY,CRESCENT RD,N,2025,FRIDAY,SINGLE VEHICLE,N,Y,49.06748,-122.820668,N,MAY,N,SURREY,SURREY,SURREY,N,N,N,LOWER MAINLAND,CRESCENT RD & KING GEORGE BLVD & WINTER CRES,KING GEORGE BLVD,KING GEORGE BLVD,12:00-14:59,1,0
N,PROPERTY DAMAGE ONLY,CYRIL ST,N,2025,FRIDAY,REAR END,N,Y,49.048953,-122.286439,N,MAY,N,ABBOTSFORD,ABBOTSFORD,ABBOTSFORD,N,N,N,LOWER MAINLAND,CYRIL ST & ESSENDENE AVE,ESSENDENE AVE,ESSENDENE AVE,12:00-14:59,1,0
N,PROPERTY DAMAGE ONLY,DAVIS BAY RD,N,2025,FRIDAY,REAR END,N,Y,49.443313,-123.728456,N,MAY,N,SECHELT,SECHELT,SECHELT,N,N,N,LOWER MAINLAND,DAVIS BAY RD & SUNSHINE COAST HWY,HWY 101,HWY 101,12:00-14:59,1,0
N,PROPERTY DAMAGE ONLY,DAYE RD,N,2025,FRIDAY,REAR END,N,Y,49.703446,-124.934174,N,MAY,N,COMOX,COMOX,COMOX,N,N,N,VANCOUVER ISLAND,ANDERTON RD & DAYE RD,ANDERTON RD,ANDERTON RD,12:00-14:59,1,0
N,PROPERTY DAMAGE ONLY,DECCA RD,N,2025,FRIDAY,SINGLE VEHICLE,N,Y,48.651574,-123.639709,N,MAY,N,SHAWNIGAN LAKE,SHAWNIGAN LAKE,SHAWNIGAN LAKE,N,N,N,VANCOUVER ISLAND,DECCA RD & RENFREW RD,RENFREW RD,RENFREW RD,12:00-14:59,1,0
N,PROPERTY DAMAGE ONLY,DOUGLAS RD,N,2025,FRIDAY,CONFLICTED,N,Y,49.27643,-123.023522,N,MAY,N,BURNABY,BURNABY,BURNABY & VANCOUVER,N,N,N,LOWER MAINLAND,BOUNDARY RD & DOUGLAS RD & VENABLES ST,BOUNDARY RD,BOUNDARY RD,12:00-14:59,1,0
N,PROPERTY DAMAGE ONLY,DOUGLAS ST,N,2025,FRIDAY,REAR END,N,Y,48.445033,-123.370717,N,MAY,N,VICTORIA,VICTORIA,VICTORIA,N,N,N,VANCOUVER ISLAND,DOUGLAS ST & FINLAYSON ST,FINLAYSON ST,FINLAYSON ST,12:00-14:59,1,0
N,PROPERTY DAMAGE ONLY,DOUGLAS ST,N,2025,FRIDAY,SIDE SWIPE - SAME DIRECTION,N,Y,48.424632,-123.365339,N,MAY,N,VICTORIA,VICTORIA,VICTORIA,N,N,N,VANCOUVER ISLAND,DOUGLAS ST & FORT ST,FORT ST,FORT ST,12:00-14:59,1,0
N,PROPERTY DAMAGE ONLY,DOUGLAS ST,N,2025,FRIDAY,SIDE SWIPE - SAME DIRECTION,N,Y,48.435715,-123.365452,N,MAY,N,VICTORIA,VICTORIA,VICTORIA,N,N,N,VANCOUVER ISLAND,BAY ST & DOUGLAS ST,BAY ST,BAY ST,12:00-14:59,1,0
N,PROPERTY DAMAGE ONLY,DRAKE ST,N,2025,FRIDAY,SIDE IMPACT,N,Y,49.273446,-123.123668,N,MAY,N,VANCOUVER,VANCOUVER,VANCOUVER,Y,N,N,LOWER MAINLAND,DRAKE ST & PACIFIC BLVD,PACIFIC BLVD,PACIFIC BLVD,12:00-14:59,1,0
N,PROPERTY DAMAGE ONLY,DUFFERIN CRES,N,2025,FRIDAY,UNDETERMINED,N,Y,49.183162,-123.9724,N,MAY,N,NANAIMO,NANAIMO,NANAIMO,Y,N,N,VANCOUVER ISLAND,BOUNDARY AVE & BOUNDARY CRES & DUFFERIN CRES,BOUNDARY AVE,BOUNDARY AVE,12:00-14:59,1,0
N,PROPERTY DAMAGE ONLY,E 11TH AVE,N,2025,FRIDAY,SIDE IMPACT,N,Y,49.261071,-123.097763,N,MAY,N,VANCOUVER,VANCOUVER,VANCOUVER,N,N,N,LOWER MAINLAND,E 11TH AVE & KINGSWAY,KINGSWAY,KINGSWAY,12:00-14:59,1,0
N,PROPERTY DAMAGE ONLY,E 12TH AVE,N,2025,FRIDAY,REAR END,N,Y,49.259735,-123.089186,N,MAY,N,VANCOUVER,VANCOUVER,VANCOUVER,N,N,N,LOWER MAINLAND,E 12TH AVE & FRASER ST,FRASER ST,FRASER ST,12:00-14:59,1,0
N,PROPERTY DAMAGE ONLY,E 14TH AVE,N,2025,FRIDAY,UNDETERMINED,N,Y,49.257754,-123.069867,N,MAY,N,VANCOUVER,VANCOUVER,VANCOUVER,N,N,N,LOWER MAINLAND,COMMERCIAL DR & E 14TH AVE,COMMERCIAL DR,COMMERCIAL DR,12:00-14:59,1,0
N,PROPERTY DAMAGE ONLY,E 18TH AVE,N,2025,FRIDAY,SIDE SWIPE - SAME DIRECTION,N,Y,49.254735,-123.100895,N,MAY,N,VANCOUVER,VANCOUVER,VANCOUVER,N,N,N,LOWER MAINLAND,E 18TH AVE & MAIN ST & WATSON ST,MAIN ST,MAIN ST,12:00-14:59,1,0
N,PROPERTY DAMAGE ONLY,E 1ST AVE,N,2025,FRIDAY,SIDE IMPACT,N,Y,49.269649,-123.077365,N,MAY,N,VANCOUVER,VANCOUVER,VANCOUVER,N,N,N,LOWER MAINLAND,CLARK DR & E 1ST AVE & GRANDVIEW VIADUCT,CLARK DR,CLARK DR,12:00-14:59,1,0
N,PROPERTY DAMAGE ONLY,E 2ND AVE,N,2025,FRIDAY,REAR END,N,Y,49.269078,-123.100707,N,MAY,N,VANCOUVER,VANCOUVER,VANCOUVER,N,N,N,LOWER MAINLAND,E 2ND AVE & MAIN ST,MAIN ST,MAIN ST,12:00-14:59,1,0
N,PROPERTY DAMAGE ONLY,E 2ND AVE,N,2025,FRIDAY,SIDE IMPACT,N,Y,49.268754,-123.077385,N,MAY,N,VANCOUVER,VANCOUVER,VANCOUVER,N,N,N,LOWER MAINLAND,CLARK DR & E 2ND AVE,CLARK DR,CLARK DR,12:00-14:59,1,0
N,PROPERTY DAMAGE ONLY,E 39TH AVE,N,2025,FRIDAY,CONFLICTED,N,Y,49.234917,-123.0655,N,MAY,N,VANCOUVER,VANCOUVER,VANCOUVER,Y,N,N,LOWER MAINLAND,E 39TH AVE & VICTORIA DR,VICTORIA DR,VICTORIA DR,12:00-14:59,1,0
N,PROPERTY DAMAGE ONLY,E 41ST AVE,N,2025,FRIDAY,REAR END,N,Y,49.232759,-123.048784,N,MAY,N,VANCOUVER,VANCOUVER,VANCOUVER,N,N,N,LOWER MAINLAND,E 41ST AVE & EARLES ST,EARLES ST,EARLES ST,12:00-14:59,1,0
N,PROPERTY DAMAGE ONLY,E 43RD AVE,N,2025,FRIDAY,SIDE SWIPE - SAME DIRECTION,N,Y,49.23044,-123.065567,N,MAY,N,VANCOUVER,VANCOUVER,VANCOUVER,N,N,N,LOWER MAINLAND,E 43RD AVE & E 44TH AVE & VICTORIA DR,VICTORIA DR,VICTORIA DR,12:00-14:59,1,0
N,PROPERTY DAMAGE ONLY,E 46TH AVE,N,2025,FRIDAY,REAR END,N,Y,49.228273,-123.090675,N,MAY,N,VANCOUVER,VANCOUVER,VANCOUVER,N,N,N,LOWER MAINLAND,E 46TH AVE & FRASER ST,FRASER ST,FRASER ST,12:00-14:59,1,0
N,PROPERTY DAMAGE ONLY,E 52ND AVE,N,2025,FRIDAY,SIDE SWIPE - SAME DIRECTION,Y,Y,49.222717,-123.090841,N,MAY,N,VANCOUVER,VANCOUVER,VANCOUVER,N,N,N,LOWER MAINLAND,E 52ND AVE & FRASER ST,FRASER ST,FRASER ST,12:00-14:59,1,0
N,PROPERTY DAMAGE ONLY,E 54TH AVE,N,2025,FRIDAY,SIDE IMPACT,N,Y,49.220122,-123.03239,N,MAY,N,VANCOUVER,VANCOUVER,VANCOUVER,N,Y,N,LOWER MAINLAND,CHAMPLAIN CRES & E 54TH AVE & TYNE ST,TYNE ST,TYNE ST,12:00-14:59,1,0
N,PROPERTY DAMAGE ONLY,E 59TH AVE,N,2025,FRIDAY,SIDE IMPACT,N,Y,49.216388,-123.077057,N,MAY,N,VANCOUVER,VANCOUVER,VANCOUVER,N,N,N,LOWER MAINLAND,E 59TH AVE & KNIGHT ST,KNIGHT ST,KNIGHT ST,12:00-14:59,1,0
N,PROPERTY DAMAGE ONLY,E BROADWAY,N,2025,FRIDAY,CONFLICTED,N,Y,49.262131,-123.056591,N,MAY,N,VANCOUVER,VANCOUVER,VANCOUVER,N,N,N,LOWER MAINLAND,E BROADWAY & NANAIMO ST,NANAIMO ST,NANAIMO ST,12:00-14:59,1,0
N,PROPERTY DAMAGE ONLY,E BROADWAY,N,2025,FRIDAY,SIDE SWIPE - SAME DIRECTION,N,Y,49.262326,-123.069794,N,MAY,N,VANCOUVER,VANCOUVER,VANCOUVER,N,N,N,LOWER MAINLAND,COMMERCIAL DR & E BROADWAY,COMMERCIAL DR,COMMERCIAL DR,12:00-14:59,1,0
N,PROPERTY DAMAGE ONLY,E BROADWAY,N,2025,FRIDAY,UNDETERMINED,N,Y,49.262392,-123.077552,N,MAY,N,VANCOUVER,VANCOUVER,VANCOUVER,N,N,N,LOWER MAINLAND,CLARK DR & E BROADWAY,CLARK DR,CLARK DR,12:00-14:59,1,0
N,PROPERTY DAMAGE ONLY,E PENDER ST,N,2025,FRIDAY,SIDE SWIPE - SAME DIRECTION,N,Y,49.280222,-123.049336,N,MAY,N,VANCOUVER,VANCOUVER,VANCOUVER,N,N,N,LOWER MAINLAND,E PENDER ST & SLOCAN ST,SLOCAN ST,SLOCAN ST,12:00-14:59,1,0
N,PROPERTY DAMAGE ONLY,EDMONDS ST,N,2025,FRIDAY,UNDETERMINED,N,Y,49.218316,-122.951539,N,MAY,N,BURNABY,BURNABY,BURNABY,Y,N,N,LOWER MAINLAND,EDMONDS ST & KINGSWAY & TURNING LANE,KINGSWAY,KINGSWAY,12:00-14:59,1,0
N,PROPERTY DAMAGE ONLY,EIGHTH ST,N,2025,FRIDAY,CONFLICTED,N,Y,49.203693,-122.914608,N,MAY,N,NEW WESTMINSTER,NEW WESTMINSTER,NEW WESTMINSTER,N,N,N,LOWER MAINLAND,EIGHTH ST & ROYAL AVE,ROYAL AVE,ROYAL AVE,12:00-14:59,1,0
N,PROPERTY DAMAGE ONLY,ELK LAKE DR,N,2025,FRIDAY,REAR END,N,Y,48.51428,-123.384319,N,MAY,N,SAANICH,SAANICH,SAANICH,Y,N,N,VANCOUVER ISLAND,CHERRY TREE BEND & ELK LAKE DR & HALIBURTON RD & PATRICIA BAY HWY & TURNING LANE,HWY 17,HWY 17,12:00-14:59,1,0
N,PROPERTY DAMAGE ONLY,ENGLAND AVE,N,2025,FRIDAY,SIDE IMPACT,N,Y,49.690464,-125.000077,N,MAY,N,COURTENAY,COURTENAY,COURTENAY,N,N,N,VANCOUVER ISLAND,5TH ST & ENGLAND AVE,5TH ST,5TH ST,12:00-14:59,1,0
N,PROPERTY DAMAGE ONLY,EVANS RD,N,2025,FRIDAY,UNDETERMINED,N,Y,49.148455,-121.976839,N,MAY,N,CHILLIWACK,CHILLIWACK,CHILLIWACK,N,N,N,LOWER MAINLAND,COMMERCIAL CRT & EVANS RD,COMMERCIAL CRT,COMMERCIAL CRT,12:00-14:59,1,0
N,PROPERTY DAMAGE ONLY,FAIRVIEW PL,N,2025,FRIDAY,UNDETERMINED,N,Y,49.480035,-119.595438,N,MAY,N,PENTICTON,PENTICTON,PENTICTON,N,N,N,SOUTHERN INTERIOR,FAIRVIEW PL & FAIRVIEW RD & INDUSTRIAL AVE W,FAIRVIEW RD,FAIRVIEW RD,12:00-14:59,1,0
N,PROPERTY DAMAGE ONLY,FIR ST,N,2025,FRIDAY,UNDETERMINED,N,Y,49.263614,-123.141026,N,MAY,N,VANCOUVER,VANCOUVER,VANCOUVER,Y,Y,N,LOWER MAINLAND,FIR ST & W BROADWAY,W BROADWAY,W BROADWAY,12:00-14:59,1,0
N,PROPERTY DAMAGE ONLY,FOOTHILLS BLVD,N,2025,FRIDAY,REAR END,N,Y,53.943338,-122.817863,N,MAY,N,PRINCE GEORGE,PRINCE GEORGE,PRINCE GEORGE,N,N,N,NORTH CENTRAL,FOOTHILLS BLVD & OTWAY RD,OTWAY RD,OTWAY RD,12:00-14:59,1,0
N,PROPERTY DAMAGE ONLY,FORT ST,N,2025,FRIDAY,SIDE SWIPE - SAME DIRECTION,N,Y,48.424632,-123.365339,N,MAY,N,VICTORIA,VICTORIA,VICTORIA,N,N,N,VANCOUVER ISLAND,DOUGLAS ST & FORT ST,DOUGLAS ST,DOUGLAS ST,12:00-14:59,1,0
N,PROPERTY DAMAGE ONLY,FOUL BAY RD,N,2025,FRIDAY,SIDE IMPACT,N,Y,48.427266,-123.322648,N,MAY,N,OAK BAY,OAK BAY,OAK BAY & VICTORIA,N,N,N,VANCOUVER ISLAND,CHAUCER ST & FOUL BAY RD,CHAUCER ST,CHAUCER ST,12:00-14:59,1,0
N,PROPERTY DAMAGE ONLY,FRASER HWY,N,2025,FRIDAY,CONFLICTED,N,Y,49.16472,-122.797925,N,MAY,N,SURREY,SURREY,SURREY,N,N,N,LOWER MAINLAND,FLEETWOOD WAY & FRASER HWY,FLEETWOOD WAY,FLEETWOOD WAY,12:00-14:59,1,0
N,PROPERTY DAMAGE ONLY,FRASER HWY,N,2025,FRIDAY,CONFLICTED,Y,Y,49.11388,-122.679741,N,MAY,N,LANGLEY,LANGLEY,LANGLEY & SURREY,N,N,N,LOWER MAINLAND,196 ST & FRASER HWY & WILLOWBROOK DR & MALL ACCESS & TURNING LANE,196 ST,196 ST,12:00-14:59,1,0
N,PROPERTY DAMAGE ONLY,FRASER HWY,N,2025,FRIDAY,REAR END,N,Y,49.105522,-122.660161,N,MAY,N,LANGLEY,LANGLEY,LANGLEY,N,N,N,LOWER MAINLAND,203 ST & FRASER HWY,203 ST,203 ST,12:00-14:59,1,0
N,PROPERTY DAMAGE ONLY,FRASER HWY,N,2025,FRIDAY,REAR END,N,Y,49.11897,-122.691352,N,MAY,N,SURREY,SURREY,SURREY,N,N,N,LOWER MAINLAND,64 AVE & FRASER HWY & TURNING LANE,64 AVE,64 AVE,12:00-14:59,1,0
N,PROPERTY DAMAGE ONLY,FRASER HWY,N,2025,FRIDAY,REAR END,N,Y,49.176537,-122.828469,N,MAY,N,SURREY,SURREY,SURREY,N,N,N,LOWER MAINLAND,96 AVE & FRASER HWY & GREEN TIMBERS GREENWAY & TURNING LANE,96 AVE,96 AVE,12:00-14:59,2,0
N,PROPERTY DAMAGE ONLY,FRASER HWY,N,2025,FRIDAY,UNDETERMINED,N,Y,49.059526,-122.49269,N,MAY,N,LANGLEY,LANGLEY,LANGLEY,N,N,N,LOWER MAINLAND,264 ST & FRASER HWY & TURNING LANE,264 ST,264 ST,12:00-14:59,1,0
N,PROPERTY DAMAGE ONLY,FRASER ST,N,2025,FRIDAY,REAR END,N,Y,49.240302,-123.090377,N,MAY,Y,VANCOUVER,VANCOUVER,VANCOUVER,N,N,N,LOWER MAINLAND,E 33RD AVE & FRASER ST,E 33RD AVE,E 33RD AVE,12:00-14:59,1,0
N,PROPERTY DAMAGE ONLY,FRY RD,N,2025,FRIDAY,SINGLE VEHICLE,N,N,\N,\N,N,MAY,N,LADYSMITH,LADYSMITH,\N,N,N,N,VANCOUVER ISLAND,UNKNOWN,HWY 1,HWY 1,12:00-14:59,1,0
N,PROPERTY DAMAGE ONLY,GAGLARDI WAY,N,2025,FRIDAY,REAR END,N,Y,49.252391,-122.912547,N,MAY,N,BURNABY,BURNABY,BURNABY,N,N,N,LOWER MAINLAND,GAGLARDI WAY & LOUGHEED HWY & TURNING LANE,LOUGHEED HWY,LOUGHEED HWY,12:00-14:59,1,0
N,PROPERTY DAMAGE ONLY,GARDEN AVE,N,2025,FRIDAY,REAR END,N,Y,49.323939,-123.118907,N,MAY,N,NORTH VANCOUVER,NORTH VANCOUVER,NORTH VANCOUVER,N,N,N,LOWER MAINLAND,GARDEN AVE & MARINE DR,MARINE DR,MARINE DR,12:00-14:59,1,0
N,PROPERTY DAMAGE ONLY,GATINEAU PL,N,2025,FRIDAY,REAR END,N,Y,49.248993,-122.895858,N,MAY,N,BURNABY,BURNABY,BURNABY,N,N,N,LOWER MAINLAND,AUSTIN RD & GATINEAU PL,AUSTIN RD,AUSTIN RD,12:00-14:59,1,0
N,PROPERTY DAMAGE ONLY,GIBSONS WAY,N,2025,FRIDAY,REAR END,N,Y,49.406824,-123.513362,N,MAY,N,GIBSONS,GIBSONS,GIBSONS,N,N,N,LOWER MAINLAND,GIBSONS WAY & NORTH RD & SCHOOL RD & TURNING LANE,NORTH RD,NORTH RD,12:00-14:59,1,0
N,PROPERTY DAMAGE ONLY,GILMORE AVE,N,2025,FRIDAY,HEAD ON,N,Y,49.281047,-123.014159,N,MAY,N,BURNABY,BURNABY,BURNABY,N,N,N,LOWER MAINLAND,GILMORE AVE & HASTINGS ST,HASTINGS ST,HASTINGS ST,12:00-14:59,1,0
N,PROPERTY DAMAGE ONLY,GLOVER RD,N,2025,FRIDAY,REAR END,N,Y,49.10609,-122.653406,N,MAY,N,LANGLEY,LANGLEY,LANGLEY,N,Y,N,LOWER MAINLAND,GLOVER RD & LOGAN AVE,LOGAN AVE,LOGAN AVE,12:00-14:59,1,0
N,PROPERTY DAMAGE ONLY,GLOVER RD,N,2025,FRIDAY,REAR END,N,Y,49.16919,-122.579077,N,MAY,N,LANGLEY,LANGLEY,LANGLEY,N,Y,N,LOWER MAINLAND,GLOVER RD & MARY AVE,MARY AVE,MARY AVE,12:00-14:59,1,0
N,PROPERTY DAMAGE ONLY,GRAFTON RD,N,2025,FRIDAY,SIDE IMPACT,N,Y,49.380515,-123.342208,N,MAY,N,BOWEN ISLAND,BOWEN ISLAND,BOWEN ISLAND,Y,N,N,LOWER MAINLAND,BOWEN ISLAND TRUNK RD & GRAFTON RD & MOUNT GARDNER RD & TURNING LANE,MT GARDNER RD,MT GARDNER RD,12:00-14:59,1,0
N,PROPERTY DAMAGE ONLY,GRANVILLE AVE,N,2025,FRIDAY,REAR END,N,Y,49.162867,-123.125539,N,MAY,N,RICHMOND,RICHMOND,RICHMOND,N,N,N,LOWER MAINLAND,GARDEN CITY RD & GRANVILLE AVE & TURNING LANE,GARDEN CITY RD,GARDEN CITY RD,12:00-14:59,1,0
N,PROPERTY DAMAGE ONLY,GRAVELEY ST,N,2025,FRIDAY,UNDETERMINED,N,Y,49.270289,-123.023569,N,MAY,N,BURNABY,BURNABY,BURNABY & VANCOUVER,N,N,N,LOWER MAINLAND,BOUNDARY RD & GRAVELEY ST,BOUNDARY RD,BOUNDARY RD,12:00-14:59,1,0
N,PROPERTY DAMAGE ONLY,GRIFFITHS AVE,N,2025,FRIDAY,UNDETERMINED,N,Y,49.2202,-122.960995,N,MAY,N,BURNABY,BURNABY,BURNABY,N,N,N,LOWER MAINLAND,BALMORAL ST & GRIFFITHS AVE,BALMORAL ST,BALMORAL ST,12:00-14:59,1,0
N,PROPERTY DAMAGE ONLY,GUILBY ST,N,2025,FRIDAY,SIDE IMPACT,N,Y,49.249055,-122.885425,N,MAY,N,COQUITLAM,COQUITLAM,COQUITLAM,Y,N,N,LOWER MAINLAND,AUSTIN AVE & GUILBY ST,AUSTIN AVE,AUSTIN AVE,12:00-14:59,1,0
N,PROPERTY DAMAGE ONLY,HAMM RD,N,2025,FRIDAY,SINGLE VEHICLE,N,Y,49.849618,-125.13338,N,MAY,N,BLACK CREEK,BLACK CREEK,BLACK CREEK,N,N,N,VANCOUVER ISLAND,HAMM RD & ISLAND HWY N & TURNING LANE,ISLAND HWY N,ISLAND HWY N,12:00-14:59,1,0
N,PROPERTY DAMAGE ONLY,HARRIS RD,N,2025,FRIDAY,CONFLICTED,N,Y,49.231094,-122.689518,N,MAY,N,PITT MEADOWS,PITT MEADOWS,PITT MEADOWS,N,Y,N,LOWER MAINLAND,HARRIS RD & LOUGHEED HWY & TURNING LANE,LOUGHEED HWY,LOUGHEED HWY,12:00-14:59,1,0
N,PROPERTY DAMAGE ONLY,HENRY ST,N,2025,FRIDAY,SINGLE VEHICLE,Y,Y,49.274633,-122.852478,N,MAY,N,PORT MOODY,PORT MOODY,PORT MOODY,N,N,N,LOWER MAINLAND,GRANT ST & HENRY ST,GRANT ST,GRANT ST,12:00-14:59,1,0
N,PROPERTY DAMAGE ONLY,HERD RD,N,2025,FRIDAY,REAR END,N,Y,48.81669,-123.718085,N,MAY,N,DUNCAN,DUNCAN,DUNCAN,N,N,N,VANCOUVER ISLAND,COWICHAN VALLEY HWY & HERD RD & TRANS-CANADA HWY & TURNING LANE,TRANS-CANADA HWY,TRANS-CANADA HWY,12:00-14:59,1,0
N,PROPERTY DAMAGE ONLY,HOLLAND AVE,Y,2025,FRIDAY,UNDETERMINED,N,Y,48.469932,-123.42254199999999,N,MAY,N,SAANICH,SAANICH,SAANICH,N,N,N,VANCOUVER ISLAND,HELMCKEN RD & HOLLAND AVE,HELMCKEN RD,HELMCKEN RD,12:00-14:59,1,0
N,PROPERTY DAMAGE ONLY,HOLLYBRIDGE WAY,N,2025,FRIDAY,SIDE SWIPE - SAME DIRECTION,N,Y,49.17465,-123.148688,N,MAY,N,RICHMOND,RICHMOND,RICHMOND,N,N,N,LOWER MAINLAND,HOLLYBRIDGE WAY & RIVER RD,RIVER RD,RIVER RD,12:00-14:59,1,0
N,PROPERTY DAMAGE ONLY,HOMER ST,N,2025,FRIDAY,REAR END,N,Y,49.275246,-123.123273,N,MAY,N,VANCOUVER,VANCOUVER,VANCOUVER,N,N,N,LOWER MAINLAND,DAVIE ST & HOMER ST,DAVIE ST,DAVIE ST,12:00-14:59,1,0
N,PROPERTY DAMAGE ONLY,HOWE ST,N,2025,FRIDAY,REAR END,N,Y,49.279909,-123.124039,N,MAY,N,VANCOUVER,VANCOUVER,VANCOUVER,N,N,N,LOWER MAINLAND,HOWE ST & NELSON ST,NELSON ST,NELSON ST,12:00-14:59,1,0
N,PROPERTY DAMAGE ONLY,HWY 1,N,2025,FRIDAY,CONFLICTED,N,Y,48.454898,-123.519289,N,MAY,N,LANGFORD,LANGFORD,LANGFORD,N,N,N,VANCOUVER ISLAND,LEIGH RD & LEIGH RD OFFRAMP & LEIGH RD ONRAMP & TRANS-CANADA HWY,LEIGH RD,LEIGH RD,12:00-14:59,1,0
N,PROPERTY DAMAGE ONLY,HWY 1,N,2025,FRIDAY,REAR END,N,Y,48.463964,-123.430959,N,MAY,N,VIEW ROYAL,VIEW ROYAL,VIEW ROYAL,N,N,N,VANCOUVER ISLAND,GALLOPING GOOSE TRAIL & HELMCKEN RD & HELMCKEN RD OFFRAMP & HELMCKEN RD ONRAMP & HOSPITAL WAY & TRANS-CANADA HWY & TURNING LANE,HELMCKEN RD OFFRAMP,HELMCKEN RD OFFRAMP,12:00-14:59,1,0
N,PROPERTY DAMAGE ONLY,HWY 1,N,2025,FRIDAY,REAR END,N,Y,49.124623,-123.916569,N,MAY,N,NANAIMO,NANAIMO,NANAIMO,N,N,N,VANCOUVER ISLAND,CEDAR RD & CRANBERRY AVE & ISLAND HWY S & NANAIMO PKY & NANAIMO PKY ONRAMP & TRANS-CANADA HWY & TRANS-CANADA HWY ONRAMP & TURNING LANE,NANAIMO PKY,NANAIMO PKY,12:00-14:59,1,0
N,PROPERTY DAMAGE ONLY,HWY 1,N,2025,FRIDAY,REAR END,N,Y,49.243677,-122.967599,N,MAY,N,BURNABY,BURNABY,BURNABY,N,N,N,LOWER MAINLAND,KENSINGTON AVE & KENSINGTON AVE OFFRAMP & TRANS-CANADA HWY & TRANS-CANADA HWY ONRAMP,KENSINGTON AVE,KENSINGTON AVE,12:00-14:59,1,0
N,PROPERTY DAMAGE ONLY,HWY 1,N,2025,FRIDAY,REAR END,N,Y,49.332551,-123.117171,N,MAY,N,NORTH VANCOUVER,NORTH VANCOUVER,NORTH VANCOUVER,N,N,N,LOWER MAINLAND,BOWSER AVE & CAPILANO RD & CAPILANO RD OFFRAMP & CAPILANO RD ONRAMP & KEITH RD & TRANS-CANADA HWY & TURNING LANE,CAPILANO RD ONRAMP,CAPILANO RD ONRAMP,12:00-14:59,1,0
N,PROPERTY DAMAGE ONLY,HWY 1,N,2025,FRIDAY,REAR END,N,Y,50.707179,-119.250529,N,MAY,N,SALMON ARM,SALMON ARM,SALMON ARM,N,N,N,SOUTHERN INTERIOR,10 AVE NE & 30 ST NE & 9 AVE NE & TRANS-CANADA HWY NE & TURNING LANE,30 ST NE,30 ST NE,12:00-14:59,1,0
N,PROPERTY DAMAGE ONLY,HWY 1,N,2025,FRIDAY,SIDE IMPACT,N,Y,49.33199,-123.088135,N,MAY,N,NORTH VANCOUVER,NORTH VANCOUVER,NORTH VANCOUVER,N,N,N,LOWER MAINLAND,MOSQUITO CREEK BRIDGE & TRANS-CANADA HWY & WESTVIEW DR & WESTVIEW DR OFFRAMP & WESTVIEW DR ONRAMP & TURNING LANE,WESTVIEW DR,WESTVIEW DR,12:00-14:59,1,0
N,PROPERTY DAMAGE ONLY,HWY 1,N,2025,FRIDAY,SIDE SWIPE - SAME DIRECTION,Y,Y,49.234521,-122.878438,N,MAY,N,COQUITLAM,COQUITLAM,COQUITLAM & NEW WESTMINSTER,N,N,N,LOWER MAINLAND,BRUNETTE AVE & BRUNETTE AVE OFFRAMP & BRUNETTE AVE ONRAMP & TRANS-CANADA HWY,BRUNETTE AVE OFFRAMP,BRUNETTE AVE OFFRAMP,12:00-14:59,1,0
N,PROPERTY DAMAGE ONLY,HWY 17,N,2025,FRIDAY,REAR END,N,Y,49.090066,-123.024571,N,MAY,N,DELTA,DELTA,DELTA,N,N,N,LOWER MAINLAND,HWY 17 & LADNER TRUNK RD,LADNER TRUNK RD,LADNER TRUNK RD,12:00-14:59,1,0
N,PROPERTY DAMAGE ONLY,HWY 17A,N,2025,FRIDAY,REAR END,N,Y,48.498263,-123.393955,N,MAY,N,SAANICH,SAANICH,SAANICH,N,N,N,VANCOUVER ISLAND,ROYAL OAK DR & WEST SAANICH RD & WILKINSON RD & TURNING LANE,WILKINSON RD,WILKINSON RD,12:00-14:59,1,0
N,PROPERTY DAMAGE ONLY,HWY 19A,N,2025,FRIDAY,REAR END,N,Y,49.305518,-124.261422,N,MAY,N,PARKSVILLE,PARKSVILLE,PARKSVILLE,N,N,N,VANCOUVER ISLAND,FRANKLINS GULL RD & ISLAND HWY E & TURNING LANE,FRANKLINS GULL RD,FRANKLINS GULL RD,12:00-14:59,1,0
N,PROPERTY DAMAGE ONLY,HWY 1A,N,2025,FRIDAY,SIDE SWIPE - SAME DIRECTION,Y,Y,49.211366,-122.900283,N,MAY,N,NEW WESTMINSTER,NEW WESTMINSTER,NEW WESTMINSTER,N,N,N,LOWER MAINLAND,BUSHBY ST & COLUMBIA ST & E COLUMBIA ST & E ROYAL AVE & HWY 1A & LEOPOLD PL & MCBRIDE BLVD & ROYAL AVE & HIGHWAY RAMP,ROYAL AVE,ROYAL AVE,12:00-14:59,1,0
N,PROPERTY DAMAGE ONLY,HWY 33,N,2025,FRIDAY,HEAD ON,N,Y,49.88901,-119.402378,N,MAY,N,KELOWNA,KELOWNA,KELOWNA,N,N,N,SOUTHERN INTERIOR,FRANKLYN RD & HWY 33 W,FRANKLYN RD,FRANKLYN RD,12:00-14:59,1,0
N,PROPERTY DAMAGE ONLY,HWY 6,N,2025,FRIDAY,REAR END,N,Y,50.250692,-119.251165,N,MAY,N,VERNON,VERNON,VERNON,N,N,N,SOUTHERN INTERIOR,15 ST & HWY 6 & MIDDLETON WAY & SARSONS RD & TURNING LANE,MIDDLETON WAY,MIDDLETON WAY,12:00-14:59,1,0
N,PROPERTY DAMAGE ONLY,HWY 91,N,2025,FRIDAY,UNDETERMINED,N,Y,49.146506,-122.944458,N,MAY,N,DELTA,DELTA,DELTA,N,N,N,LOWER MAINLAND,HWY 17 & HWY 91 & HWY 91 CONN & HWY 91 CONN OFFRAMP & HWY 91 CONN ONRAMP & NORDEL WAY & NORDEL WAY OFFRAMP & NORDEL WAY ONRAMP & NORDEL WAY OVERPASS & WEIGH SCALE RD & SCALE ACCESS & TURNING LANE,HWY 17,HWY 17,12:00-14:59,1,0
N,PROPERTY DAMAGE ONLY,HWY 97,N,2025,FRIDAY,REAR END,N,N,\N,\N,N,MAY,N,VERNON,VERNON,\N,N,N,N,SOUTHERN INTERIOR,UNKNOWN,48 AVENUE,48 AVENUE,12:00-14:59,1,0
N,PROPERTY DAMAGE ONLY,HWY 97,N,2025,FRIDAY,REAR END,N,Y,49.603001,-119.665822,N,MAY,N,SUMMERLAND,SUMMERLAND,SUMMERLAND,N,N,N,SOUTHERN INTERIOR,HWY 97 & PRAIRIE VALLEY RD & SOLLY RD & TURNING LANE,PRAIRIE VALLEY RD,PRAIRIE VALLEY RD,12:00-14:59,1,0
N,PROPERTY DAMAGE ONLY,HWY 97,N,2025,FRIDAY,REAR END,N,Y,49.873684,-119.544146,N,MAY,N,WEST KELOWNA,WEST KELOWNA,WEST KELOWNA,N,N,N,SOUTHERN INTERIOR,BOUCHERIE RD & HORIZON DR & HORIZON DR E & HWY 97 & TURNING LANE,HORIZON DR,HORIZON DR,12:00-14:59,1,0
N,PROPERTY DAMAGE ONLY,HYLAND RD,N,2025,FRIDAY,CONFLICTED,N,Y,49.125304,-122.834374,N,MAY,N,SURREY,SURREY,SURREY,N,N,N,LOWER MAINLAND,140 ST & HYLAND RD,140 ST,140 ST,12:00-14:59,1,0
N,PROPERTY DAMAGE ONLY,IMPERIAL ST,N,2025,FRIDAY,CONFLICTED,N,Y,49.221988,-122.988822,N,MAY,N,BURNABY,BURNABY,BURNABY,N,N,N,LOWER MAINLAND,IMPERIAL ST & ROYAL OAK AVE & TURNING LANE,ROYAL OAK AVE,ROYAL OAK AVE,12:00-14:59,1,0
N,PROPERTY DAMAGE ONLY,IMPERIAL ST,N,2025,FRIDAY,SIDE IMPACT,N,Y,49.221948,-123.023697,N,MAY,N,BURNABY,BURNABY,BURNABY & VANCOUVER,N,N,N,LOWER MAINLAND,BOUNDARY RD & E 49TH AVE & IMPERIAL ST & TURNING LANE,BOUNDARY RD,BOUNDARY RD,12:00-14:59,1,0
N,PROPERTY DAMAGE ONLY,INCH LOGAN RD,N,2025,FRIDAY,SINGLE VEHICLE,N,Y,50.581354,-119.116914,N,MAY,N,ENDERBY,ENDERBY,ENDERBY,N,N,N,SOUTHERN INTERIOR,ENDERBY GRINDROD RD & INCH LOGAN RD,ENDERBY GRINDROD RD,ENDERBY GRINDROD RD,12:00-14:59,1,0
N,PROPERTY DAMAGE ONLY,ISLAND HWY S,N,2025,FRIDAY,REAR END,N,Y,49.124623,-123.916569,N,MAY,N,NANAIMO,NANAIMO,NANAIMO,N,N,N,VANCOUVER ISLAND,CEDAR RD & CRANBERRY AVE & ISLAND HWY S & NANAIMO PKY & NANAIMO PKY ONRAMP & TRANS-CANADA HWY & TRANS-CANADA HWY ONRAMP & TURNING LANE,CEDAR RD,CEDAR RD,12:00-14:59,1,0
N,PROPERTY DAMAGE ONLY,JAMES ST,N,2025,FRIDAY,CONFLICTED,N,Y,48.782154,-123.699142,N,MAY,N,DUNCAN,DUNCAN,DUNCAN,N,N,N,VANCOUVER ISLAND,JAMES ST & TRANS-CANADA HWY & YORK RD & TURNING LANE,ISLAND HWY S,ISLAND HWY S,12:00-14:59,1,0
N,PROPERTY DAMAGE ONLY,JOHNSTON RD,N,2025,FRIDAY,SINGLE VEHICLE,N,Y,49.024781,-122.80116,N,MAY,N,WHITE ROCK,WHITE ROCK,WHITE ROCK,N,N,N,LOWER MAINLAND,JOHNSTON RD & PROSPECT AVE,PROSPECT AVE,PROSPECT AVE,12:00-14:59,1,0
N,PROPERTY DAMAGE ONLY,KEIGHLEY RD,N,2025,FRIDAY,REAR END,N,Y,49.210163,-123.985366,N,MAY,N,NANAIMO,NANAIMO,NANAIMO,N,N,N,VANCOUVER ISLAND,DEPARTURE BAY RD & KEIGHLEY RD,DEPARTURE BAY RD,DEPARTURE BAY RD,12:00-14:59,1,0
N,PROPERTY DAMAGE ONLY,KELLY RD,N,2025,FRIDAY,REAR TO REAR,N,Y,48.438222,-123.507132,N,MAY,N,LANGFORD,LANGFORD,LANGFORD,Y,Y,N,VANCOUVER ISLAND,BRITTANY DR & KELLY RD & PHIPPS RD,PHIPPS RD,PHIPPS RD,12:00-14:59,1,0
N,PROPERTY DAMAGE ONLY,KERR ST,N,2025,FRIDAY,SIDE SWIPE - SAME DIRECTION,N,Y,49.220159,-123.041281,N,MAY,N,VANCOUVER,VANCOUVER,VANCOUVER,N,N,N,LOWER MAINLAND,E 54TH AVE & KERR ST,E 54TH AVE,E 54TH AVE,12:00-14:59,1,0
N,PROPERTY DAMAGE ONLY,KETTLE RIVER,N,2025,FRIDAY,SINGLE VEHICLE,N,N,\N,\N,N,MAY,N,CHERRYVILLE,CHERRYVILLE,\N,N,N,N,SOUTHERN INTERIOR,UNKNOWN,KEEFER LAKE FSR,KEEFER LAKE FSR,12:00-14:59,1,0
N,PROPERTY DAMAGE ONLY,KING EDWARD ST,N,2025,FRIDAY,REAR END,N,Y,49.234459,-122.861658,N,MAY,N,COQUITLAM,COQUITLAM,COQUITLAM,N,N,N,LOWER MAINLAND,KING EDWARD ST & LOUGHEED HWY & MALL ACCESS & TURNING LANE,LOUGHEED HWY,LOUGHEED HWY,12:00-14:59,1,0
N,PROPERTY DAMAGE ONLY,KING EDWARD ST,N,2025,FRIDAY,UNDETERMINED,N,Y,49.234459,-122.861658,N,MAY,N,COQUITLAM,COQUITLAM,COQUITLAM,N,Y,N,LOWER MAINLAND,KING EDWARD ST & LOUGHEED HWY & MALL ACCESS & TURNING LANE,LOUGHEED HWY,LOUGHEED HWY,12:00-14:59,1,0
N,PROPERTY DAMAGE ONLY,KING GEORGE BLVD,N,2025,FRIDAY,UNDETERMINED,N,Y,49.045585,-122.793584,N,MAY,N,SURREY,SURREY,SURREY,Y,Y,N,LOWER MAINLAND,24 AVE & KING GEORGE BLVD & TURNING LANE,24 AVE,24 AVE,12:00-14:59,1,0
N,PROPERTY DAMAGE ONLY,KINGSWAY,N,2025,FRIDAY,CONFLICTED,N,Y,49.237566,-123.048809,N,MAY,N,VANCOUVER,VANCOUVER,VANCOUVER,Y,N,N,LOWER MAINLAND,EARLES ST & KINGSWAY,EARLES ST,EARLES ST,12:00-14:59,1,0
N,PROPERTY DAMAGE ONLY,KINGSWAY,N,2025,FRIDAY,HEAD ON,N,Y,49.241871,-123.058121,N,MAY,N,VANCOUVER,VANCOUVER,VANCOUVER,N,N,N,LOWER MAINLAND,KINGSWAY & NANAIMO ST,NANAIMO ST,NANAIMO ST,12:00-14:59,1,0
N,PROPERTY DAMAGE ONLY,KINGSWAY,N,2025,FRIDAY,SIDE IMPACT,N,Y,49.241871,-123.058121,N,MAY,N,VANCOUVER,VANCOUVER,VANCOUVER,N,N,N,LOWER MAINLAND,KINGSWAY & NANAIMO ST,NANAIMO ST,NANAIMO ST,12:00-14:59,1,0
N,PROPERTY DAMAGE ONLY,KINGSWAY,N,2025,FRIDAY,SIDE SWIPE - SAME DIRECTION,N,Y,49.218316,-122.951539,N,MAY,N,BURNABY,BURNABY,BURNABY,N,N,N,LOWER MAINLAND,EDMONDS ST & KINGSWAY & TURNING LANE,EDMONDS ST,EDMONDS ST,12:00-14:59,1,0
N,PROPERTY DAMAGE ONLY,KLO RD,N,2025,FRIDAY,SIDE IMPACT,N,Y,49.861989,-119.491229,N,MAY,N,KELOWNA,KELOWNA,KELOWNA,N,Y,N,SOUTHERN INTERIOR,CEDAR AVE & KLO RD & LAKESHORE RD & PANDOSY ST,LAKESHORE RD,LAKESHORE RD,12:00-14:59,1,0
N,PROPERTY DAMAGE ONLY,KNIGHT ST,N,2025,FRIDAY,REAR END,N,Y,49.191996,-123.077454,N,MAY,N,RICHMOND,RICHMOND,RICHMOND,N,N,N,LOWER MAINLAND,BRIDGEPORT RD & BRIDGEPORT RD OFFRAMP & BRIDGEPORT RD ONRAMP & KNIGHT ST & KNIGHT ST BRIDGE & MANNINI WAY & TURNING LANE,BRIDGEPORT RD,BRIDGEPORT RD,12:00-14:59,1,0
N,PROPERTY DAMAGE ONLY,KNIGHT ST,N,2025,FRIDAY,SIDE IMPACT,N,Y,49.250151,-123.07606,N,MAY,N,VANCOUVER,VANCOUVER,VANCOUVER,N,N,N,LOWER MAINLAND,KINGSWAY & KNIGHT ST,KINGSWAY,KINGSWAY,12:00-14:59,1,0
N,PROPERTY DAMAGE ONLY,KNIGHT ST BRIDGE,N,2025,FRIDAY,CONFLICTED,N,Y,49.211079,-123.077129,N,MAY,N,VANCOUVER,VANCOUVER,VANCOUVER,N,N,N,LOWER MAINLAND,KNIGHT ST & KNIGHT ST BRIDGE & SE MARINE DR & SE MARINE DR OFFRAMP & SE MARINE DR ONRAMP & BUS LANE,KNIGHT ST,KNIGHT ST,12:00-14:59,1,0
N,PROPERTY DAMAGE ONLY,KNIGHT ST BRIDGE,N,2025,FRIDAY,CONFLICTED,Y,Y,49.191996,-123.077454,N,MAY,N,RICHMOND,RICHMOND,RICHMOND,N,N,N,LOWER MAINLAND,BRIDGEPORT RD & BRIDGEPORT RD OFFRAMP & BRIDGEPORT RD ONRAMP & KNIGHT ST & KNIGHT ST BRIDGE & MANNINI WAY & TURNING LANE,KNIGHT ST,KNIGHT ST,12:00-14:59,1,0
N,PROPERTY DAMAGE ONLY,LAITY ST,N,2025,FRIDAY,REAR END,N,Y,49.217099,-122.631897,N,MAY,N,MAPLE RIDGE,MAPLE RIDGE,MAPLE RIDGE,N,N,N,LOWER MAINLAND,LAITY ST & LOUGHEED HWY,LOUGHEED HWY,LOUGHEED HWY,12:00-14:59,1,0
N,PROPERTY DAMAGE ONLY,LAKEWOOD DR,N,2025,FRIDAY,REAR END,N,Y,49.259523,-123.06207,N,MAY,N,VANCOUVER,VANCOUVER,VANCOUVER,N,N,N,LOWER MAINLAND,E 12TH AVE & GRANDVIEW HWY S & LAKEWOOD DR,E 12TH AVE,E 12TH AVE,12:00-14:59,1,0
N,PROPERTY DAMAGE ONLY,LANGLEY BYPASS,N,2025,FRIDAY,SIDE SWIPE - SAME DIRECTION,N,Y,49.104596,-122.642843,N,MAY,N,LANGLEY,LANGLEY,LANGLEY,N,N,N,LOWER MAINLAND,56 AVE & LANGLEY BYPASS & TURNING LANE,56 AVE,56 AVE,12:00-14:59,1,0
N,PROPERTY DAMAGE ONLY,LAWRENCE AVE,N,2025,FRIDAY,SIDE IMPACT,N,Y,49.88536,-119.496606,N,MAY,N,KELOWNA,KELOWNA,KELOWNA,Y,N,N,SOUTHERN INTERIOR,LAWRENCE AVE & WATER ST,WATER ST,WATER ST,12:00-14:59,1,0
N,PROPERTY DAMAGE ONLY,LEON AVE,N,2025,FRIDAY,SIDE IMPACT,N,Y,49.884488,-119.4935,N,MAY,N,KELOWNA,KELOWNA,KELOWNA,N,N,N,SOUTHERN INTERIOR,ELLIS ST & LEON AVE,ELLIS ST,ELLIS ST,12:00-14:59,1,0
N,PROPERTY DAMAGE ONLY,LESLIE RD,N,2025,FRIDAY,SIDE SWIPE - SAME DIRECTION,N,Y,49.179742,-123.136655,N,MAY,N,RICHMOND,RICHMOND,RICHMOND,N,N,N,LOWER MAINLAND,LESLIE RD & NO 3 RD,NO 3 RD,NO 3 RD,12:00-14:59,1,0
N,PROPERTY DAMAGE ONLY,LIONS GATE BRIDGE,N,2025,FRIDAY,SINGLE VEHICLE,N,Y,49.311996,-123.141757,N,MAY,N,VANCOUVER,VANCOUVER,VANCOUVER,N,N,N,LOWER MAINLAND,ELDON TRAIL & LIONS GATE BRIDGE & STANLEY PARK CAUSEWAY,HWY 1A,HWY 1A,12:00-14:59,1,0
N,PROPERTY DAMAGE ONLY,LOGAN AVE,N,2025,FRIDAY,REAR END,N,Y,49.108765,-122.660074,N,MAY,N,LANGLEY,LANGLEY,LANGLEY,N,N,N,LOWER MAINLAND,203 ST & 204 ST & DUNCAN WAY & LOGAN AVE & TURNING LANE,203 ST,203 ST,12:00-14:59,1,0
N,PROPERTY DAMAGE ONLY,LONSDALE AVE,N,2025,FRIDAY,SINGLE VEHICLE,N,N,\N,\N,N,MAY,N,NORTH VANCOUVER,NORTH VANCOUVER,\N,N,Y,N,LOWER MAINLAND,UNKNOWN,20TH ST E,20TH ST E,12:00-14:59,1,0
N,PROPERTY DAMAGE ONLY,LOUGHEED HWY,N,2025,FRIDAY,SIDE SWIPE - SAME DIRECTION,N,Y,49.219239,-122.657635,N,MAY,N,MAPLE RIDGE,MAPLE RIDGE,MAPLE RIDGE,N,N,N,LOWER MAINLAND,203 ST & LOUGHEED HWY,203 ST,203 ST,12:00-14:59,1,0
N,PROPERTY DAMAGE ONLY,LOUGHEED HWY OFFRAMP,N,2025,FRIDAY,REAR END,N,Y,49.223463,-122.670028,N,MAY,N,PITT MEADOWS,PITT MEADOWS,PITT MEADOWS,N,N,N,LOWER MAINLAND,GOLDEN EARS WAY & LOUGHEED HWY & LOUGHEED HWY OFFRAMP & LOUGHEED HWY ONRAMP & MEADOWTOWN CENTER WAY & TURNING LANE,GOLDEN EARS WAY,GOLDEN EARS WAY,12:00-14:59,1,0
N,PROPERTY DAMAGE ONLY,MACKENZIE ST,N,2025,FRIDAY,MULTIPLE IMPACTS,N,Y,49.234719,-123.170253,N,MAY,N,VANCOUVER,VANCOUVER,VANCOUVER,N,N,N,LOWER MAINLAND,MACKENZIE ST & W 41ST AVE,W 41ST AVE,W 41ST AVE,12:00-14:59,1,0
N,PROPERTY DAMAGE ONLY,MACLURE RD,N,2025,FRIDAY,UNDETERMINED,N,Y,49.060115,-122.337921,N,MAY,N,ABBOTSFORD,ABBOTSFORD,ABBOTSFORD,N,N,N,LOWER MAINLAND,CLEARBROOK RD & MACLURE RD,CLEARBROOK RD,CLEARBROOK RD,12:00-14:59,1,0
N,PROPERTY DAMAGE ONLY,MAIN ST,N,2025,FRIDAY,REAR END,N,Y,49.281347,-123.099687,N,MAY,N,VANCOUVER,VANCOUVER,VANCOUVER,N,N,N,LOWER MAINLAND,E HASTINGS ST & MAIN ST,E HASTINGS ST,E HASTINGS ST,12:00-14:59,1,0
N,PROPERTY DAMAGE ONLY,MAIN ST,N,2025,FRIDAY,SIDE SWIPE - SAME DIRECTION,N,Y,49.264471,-123.100924,N,MAY,N,VANCOUVER,VANCOUVER,VANCOUVER,N,N,N,LOWER MAINLAND,E 7TH AVE & KINGSWAY & MAIN ST,E 7TH AVE,E 7TH AVE,12:00-14:59,1,0
N,PROPERTY DAMAGE ONLY,MAINLAND ST,N,2025,FRIDAY,SIDE SWIPE - SAME DIRECTION,Y,Y,49.276628,-123.118973,N,MAY,N,VANCOUVER,VANCOUVER,VANCOUVER,N,N,N,LOWER MAINLAND,MAINLAND ST & NELSON ST,NELSON ST,NELSON ST,12:00-14:59,1,0
N,PROPERTY DAMAGE ONLY,MARINE DR,N,2025,FRIDAY,REAR END,N,Y,49.323815,-123.104899,N,MAY,N,NORTH VANCOUVER,NORTH VANCOUVER,NORTH VANCOUVER,N,N,N,LOWER MAINLAND,LLOYD AVE & MARINE DR,LLOYD AVE,LLOYD AVE,12:00-14:59,1,0
N,PROPERTY DAMAGE ONLY,MARINE DR,N,2025,FRIDAY,SIDE IMPACT,N,Y,49.328619,-123.158906,N,MAY,N,WEST VANCOUVER,WEST VANCOUVER,WEST VANCOUVER,N,N,N,LOWER MAINLAND,16TH ST & MARINE DR,16TH ST,16TH ST,12:00-14:59,1,0
N,PROPERTY DAMAGE ONLY,MARINE DR,N,2025,FRIDAY,UNDETERMINED,N,Y,49.32381,-123.102143,N,MAY,N,NORTH VANCOUVER,NORTH VANCOUVER,NORTH VANCOUVER,Y,N,N,LOWER MAINLAND,MACKAY RD & MARINE DR,MACKAY RD,MACKAY RD,12:00-14:59,1,0
N,PROPERTY DAMAGE ONLY,MARINE WAY,N,2025,FRIDAY,REAR END,N,Y,49.207002,-123.03355,N,MAY,N,VANCOUVER,VANCOUVER,VANCOUVER,N,N,N,LOWER MAINLAND,MARINE WAY & SAWMILL CRES,SAWMILL CRES,SAWMILL CRES,12:00-14:59,1,0
N,PROPERTY DAMAGE ONLY,MARINE WAY,N,2025,FRIDAY,UNDETERMINED,N,Y,49.20385,-122.999562,N,MAY,N,BURNABY,BURNABY,BURNABY,N,Y,N,LOWER MAINLAND,MARINE WAY & NELSON AVE & TURNING LANE,NELSON AVE,NELSON AVE,12:00-14:59,1,0
N,PROPERTY DAMAGE ONLY,MARSHALL RD,N,2025,FRIDAY,REAR END,N,Y,49.039043,-122.293334,N,MAY,N,ABBOTSFORD,ABBOTSFORD,ABBOTSFORD,Y,Y,N,LOWER MAINLAND,MARSHALL RD & MCCALLUM RD,MCCALLUM RD,MCCALLUM RD,12:00-14:59,1,0
N,PROPERTY DAMAGE ONLY,MARY HILL BYPASS,N,2025,FRIDAY,REAR END,N,Y,49.219251,-122.812916,N,MAY,N,COQUITLAM,COQUITLAM,COQUITLAM,N,N,N,LOWER MAINLAND,COLEMAN AVE & COLEMAN AVE ONRP & FAWCETT RD & HWY 7 OFRP & HWY 7B OFRP & LEEDER ST & LOUGHEED HWY & LOUGHEED HWY ONRP & MARY HILL BYPASS & MARY HILL BYPASS ONRP & TRANS-CANADA HWY & TRANS-CANADA HWY OFRP & TRANS-CANADA HWY ONRP & UNITED BLVD & UNITED BLV,UNITED BLVD,UNITED BLVD,12:00-14:59,1,0
N,PROPERTY DAMAGE ONLY,MCCALLUM RD,N,2025,FRIDAY,CONFLICTED,N,Y,49.039043,-122.293334,N,MAY,N,ABBOTSFORD,ABBOTSFORD,ABBOTSFORD,N,N,N,LOWER MAINLAND,MARSHALL RD & MCCALLUM RD,MARSHALL RD,MARSHALL RD,12:00-14:59,1,0
N,PROPERTY DAMAGE ONLY,MCCALLUM RD,N,2025,FRIDAY,UNDETERMINED,N,Y,49.039043,-122.293334,N,MAY,N,ABBOTSFORD,ABBOTSFORD,ABBOTSFORD,Y,Y,N,LOWER MAINLAND,MARSHALL RD & MCCALLUM RD,MARSHALL RD,MARSHALL RD,12:00-14:59,1,0
N,PROPERTY DAMAGE ONLY,MCCLELLAND RD,N,2025,FRIDAY,SIDE IMPACT,N,Y,49.177282,-123.12128,N,MAY,N,RICHMOND,RICHMOND,RICHMOND,N,N,N,LOWER MAINLAND,ALDERBRIDGE WAY & MCCLELLAND RD,ALDERBRIDGE WAY,ALDERBRIDGE WAY,12:00-14:59,1,0
N,PROPERTY DAMAGE ONLY,MCGILL ST OFFRAMP,N,2025,FRIDAY,SIDE SWIPE - SAME DIRECTION,N,Y,49.287032,-123.031028,N,MAY,N,VANCOUVER,VANCOUVER,VANCOUVER,N,N,N,LOWER MAINLAND,BRIDGEWAY OFFRAMP & E HASTINGS ST OFFRAMP & IRONWORKERS MEMORIAL BRIDGE & MCGILL ST & MCGILL ST OFFRAMP & MCGILL ST ONRAMP & TRANS-CANADA HWY,HWY 1,HWY 1,12:00-14:59,1,0
N,PROPERTY DAMAGE ONLY,MCMURRAY,N,2025,FRIDAY,UNDETERMINED,N,N,\N,\N,N,MAY,N,BURNABY,BURNABY,\N,N,Y,N,LOWER MAINLAND,UNKNOWN,KINGSWAY,KINGSWAY,12:00-14:59,1,0
N,PROPERTY DAMAGE ONLY,MEAFORD AVE,N,2025,FRIDAY,SIDE SWIPE - SAME DIRECTION,N,Y,48.444205,-123.497341,N,MAY,N,COLWOOD,COLWOOD,COLWOOD & LANGFORD,N,N,N,VANCOUVER ISLAND,MEAFORD AVE & STATION AVE & VETERANS MEMORIAL PKY,VETERANS MEMORIAL PKY,VETERANS MEMORIAL PKY,12:00-14:59,1,0
N,PROPERTY DAMAGE ONLY,METRAL DR,N,2025,FRIDAY,REAR END,N,Y,49.234345,-124.046741,N,MAY,N,NANAIMO,NANAIMO,NANAIMO,N,N,N,VANCOUVER ISLAND,AULDS RD & METRAL DR,AULDS RD,AULDS RD,12:00-14:59,1,0
N,PROPERTY DAMAGE ONLY,MILLER RD,N,2025,FRIDAY,REAR END,N,Y,48.759404,-123.684181,N,MAY,N,DUNCAN,DUNCAN,DUNCAN & KOKSILAH,N,N,N,VANCOUVER ISLAND,FRANCIS ST & MILLER RD & TRANS-CANADA HWY & TURNING LANE,HWY 1,HWY 1,12:00-14:59,1,0
N,PROPERTY DAMAGE ONLY,MILLER ST,N,2025,FRIDAY,SIDE IMPACT,N,Y,49.246909,-123.068908,N,MAY,N,VANCOUVER,VANCOUVER,VANCOUVER,N,N,N,LOWER MAINLAND,KINGSWAY & MILLER ST,KINGSWAY,KINGSWAY,12:00-14:59,1,0
N,PROPERTY DAMAGE ONLY,MOUNT NEWTON CROSS RD,N,2025,FRIDAY,SINGLE VEHICLE,N,Y,48.59919,-123.465896,N,MAY,N,CENTRAL SAANICH,CENTRAL SAANICH,CENTRAL SAANICH,N,N,N,VANCOUVER ISLAND,MT NEWTON CROSS RD & WEST SAANICH RD,WEST SAANICH RD,WEST SAANICH RD,12:00-14:59,1,0
N,PROPERTY DAMAGE ONLY,MOUNTAIN,N,2025,FRIDAY,REAR END,N,N,\N,\N,N,MAY,N,NORTH VANCOUVER,NORTH VANCOUVER,\N,N,N,N,LOWER MAINLAND,UNKNOWN,DOLLARTON HWY,DOLLARTON HWY,12:00-14:59,1,0
N,PROPERTY DAMAGE ONLY,MT LEHMAN RD,N,2025,FRIDAY,SIDE SWIPE - SAME DIRECTION,N,Y,49.057775,-122.381509,N,MAY,N,ABBOTSFORD,ABBOTSFORD,ABBOTSFORD,N,N,N,LOWER MAINLAND,FRASER HWY OFFRAMP & HIGHSTREET ACCESS RD & MT LEHMAN RD & MT LEHMAN RD OFFRAMP & TRANS-CANADA HWY & TRANS-CANADA HWY ONRAMP,HWY 1,HWY 1,12:00-14:59,1,0
N,PROPERTY DAMAGE ONLY,NATIONAL AVE,N,2025,FRIDAY,CONFLICTED,N,Y,49.274934,-123.099923,N,MAY,N,VANCOUVER,VANCOUVER,VANCOUVER,N,N,N,LOWER MAINLAND,MAIN ST & NATIONAL AVE,MAIN ST,MAIN ST,12:00-14:59,1,0
N,PROPERTY DAMAGE ONLY,NO 3 RD,N,2025,FRIDAY,SIDE SWIPE - SAME DIRECTION,N,Y,49.173863,-123.136744,N,MAY,N,RICHMOND,RICHMOND,RICHMOND,N,N,N,LOWER MAINLAND,LANSDOWNE RD & NO 3 RD,LANSDOWNE RD,LANSDOWNE RD,12:00-14:59,1,0
N,PROPERTY DAMAGE ONLY,NO 4 RD,N,2025,FRIDAY,SIDE SWIPE - SAME DIRECTION,N,Y,49.177286,-123.114002,N,MAY,N,RICHMOND,RICHMOND,RICHMOND,N,N,N,LOWER MAINLAND,ALDERBRIDGE WAY & NO 4 RD & TURNING LANE,ALDERBRIDGE WAY,ALDERBRIDGE WAY,12:00-14:59,1,0
N,PROPERTY DAMAGE ONLY,NO 6 RD,N,2025,FRIDAY,SIDE IMPACT,N,Y,49.179556,-123.069191,N,MAY,N,RICHMOND,RICHMOND,RICHMOND,N,N,N,LOWER MAINLAND,MAYCREST WAY & NO 6 RD,MAYCREST WAY,MAYCREST WAY,12:00-14:59,1,0
N,PROPERTY DAMAGE ONLY,NORFOLK ST,N,2025,FRIDAY,UNDETERMINED,N,Y,49.255404,-123.013937,N,MAY,N,BURNABY,BURNABY,BURNABY,Y,N,N,LOWER MAINLAND,GILMORE AVE & NORFOLK ST,GILMORE AVE,GILMORE AVE,12:00-14:59,1,0
N,PROPERTY DAMAGE ONLY,NORTH STAR RD,N,2025,FRIDAY,UNDETERMINED,Y,Y,52.986169,-122.471259,N,MAY,N,QUESNEL,QUESNEL,QUESNEL,N,N,N,NORTH CENTRAL,HWY 97 N & HWY 97 S & NORTH STAR RD & NORTH STAR RD OFFRAMP & NORTH STAR RD ONRAMP,HWY 97 S,HWY 97 S,12:00-14:59,1,0
N,PROPERTY DAMAGE ONLY,OAK ST,N,2025,FRIDAY,CONFLICTED,Y,Y,49.212983,-123.130098,N,MAY,N,VANCOUVER,VANCOUVER,VANCOUVER,N,N,N,LOWER MAINLAND,OAK ST & W 64TH AVE,W 64TH AVE,W 64TH AVE,12:00-14:59,1,0
N,PROPERTY DAMAGE ONLY,OAK ST,N,2025,FRIDAY,SIDE SWIPE - SAME DIRECTION,N,Y,49.249237,-123.127511,N,MAY,N,VANCOUVER,VANCOUVER,VANCOUVER,N,N,N,LOWER MAINLAND,OAK ST & W KING EDWARD AVE,W KING EDWARD AVE,W KING EDWARD AVE,12:00-14:59,1,0
N,PROPERTY DAMAGE ONLY,OAKLAND ST,N,2025,FRIDAY,REAR END,N,Y,49.229914,-122.988907,N,MAY,N,BURNABY,BURNABY,BURNABY,N,N,N,LOWER MAINLAND,DOVER ST & OAKLAND ST & ROYAL OAK AVE,ROYAL OAK AVE,ROYAL OAK AVE,12:00-14:59,1,0
N,PROPERTY DAMAGE ONLY,OLIVE AVE,N,2025,FRIDAY,REAR END,N,Y,49.231847,-123.009817,N,MAY,N,BURNABY,BURNABY,BURNABY,N,N,N,LOWER MAINLAND,KINGSWAY & OLIVE AVE,KINGSWAY,KINGSWAY,12:00-14:59,2,0
N,PROPERTY DAMAGE ONLY,ORMIDALE ST,N,2025,FRIDAY,SIDE SWIPE - SAME DIRECTION,N,Y,49.235015,-123.024812,N,MAY,N,VANCOUVER,VANCOUVER,VANCOUVER,N,N,N,LOWER MAINLAND,ORMIDALE ST & VANNESS AVE,VANNESS AVE,VANNESS AVE,12:00-14:59,1,0
N,PROPERTY DAMAGE ONLY,PARK DR,N,2025,FRIDAY,SIDE SWIPE - SAME DIRECTION,N,Y,49.214459,-123.130023,N,MAY,N,VANCOUVER,VANCOUVER,VANCOUVER,N,N,N,LOWER MAINLAND,OAK ST & PARK DR,OAK ST,OAK ST,12:00-14:59,1,0
N,PROPERTY DAMAGE ONLY,PARKER DR,N,2025,FRIDAY,SIDE SWIPE - OPPOSITE DIRECTION,N,Y,50.121925,-120.786272,N,MAY,N,MERRITT,MERRITT,MERRITT,N,N,N,SOUTHERN INTERIOR,JUNIPER DR & PARKER DR,JUNIPER DR,JUNIPER DR,12:00-14:59,1,0
N,PROPERTY DAMAGE ONLY,PAT BAY HWY,N,2025,FRIDAY,REAR END,N,Y,48.459373,-123.377663,N,MAY,N,SAANICH,SAANICH,SAANICH,N,N,N,VANCOUVER ISLAND,BLANSHARD ST & PATRICIA BAY HWY & VERNON AVE & ACCESS ROAD,VERNON AVE,VERNON AVE,12:00-14:59,1,0
N,PROPERTY DAMAGE ONLY,PEARSON ST,N,2025,FRIDAY,SIDE IMPACT,N,Y,51.003803,-118.201498,N,MAY,N,REVELSTOKE,REVELSTOKE,REVELSTOKE,N,N,N,SOUTHERN INTERIOR,LONG ST & PEARSON ST & VICTORIA RD W,VICTORIA RD W,VICTORIA RD W,12:00-14:59,1,0
N,PROPERTY DAMAGE ONLY,PEATT RD,N,2025,FRIDAY,UNDETERMINED,Y,Y,48.45293,-123.498477,N,MAY,N,LANGFORD,LANGFORD,LANGFORD,N,N,N,VANCOUVER ISLAND,BROCK AVE & LARKHALL RD & PEATT RD,LARKHALL RD,LARKHALL RD,12:00-14:59,1,0
N,PROPERTY DAMAGE ONLY,PINE AVE,N,2025,FRIDAY,UNDETERMINED,N,Y,49.736551,-114.896681,N,MAY,N,SPARWOOD,SPARWOOD,SPARWOOD,Y,Y,N,SOUTHERN INTERIOR,BLUE SPRUCE CRES & PINE AVE,BLUE SPRUCE CRES,BLUE SPRUCE CRES,12:00-14:59,1,0
N,PROPERTY DAMAGE ONLY,PINE CENTRE RD,N,2025,FRIDAY,SIDE SWIPE - SAME DIRECTION,N,Y,53.899948,-122.778464,N,MAY,N,PRINCE GEORGE,PRINCE GEORGE,PRINCE GEORGE,N,N,N,NORTH CENTRAL,HWY 97 S & MASSEY DR & PINE CENTRE RD & PINE CENTRE RD OFFRAMP & MALL ACCESS & TURNING LANE,MASSEY DR,MASSEY DR,12:00-14:59,1,0
N,PROPERTY DAMAGE ONLY,PIONEER RD,N,2025,FRIDAY,REAR END,N,Y,49.852751,-119.466132,N,MAY,N,KELOWNA,KELOWNA,KELOWNA,N,N,N,SOUTHERN INTERIOR,BENVOULIN RD & PIONEER RD,BENVOULIN RD,BENVOULIN RD,12:00-14:59,1,0
N,PROPERTY DAMAGE ONLY,PRITCHARD RD,N,2025,FRIDAY,REAR END,N,Y,49.687935,-124.916967,N,MAY,N,COMOX,COMOX,COMOX,N,N,N,VANCOUVER ISLAND,GUTHRIE RD & PRITCHARD RD,GUTHRIE RD,GUTHRIE RD,12:00-14:59,1,0
N,PROPERTY DAMAGE ONLY,QUEBEC ST,N,2025,FRIDAY,CONFLICTED,Y,Y,49.274948,-123.101941,N,MAY,N,VANCOUVER,VANCOUVER,VANCOUVER,N,N,N,LOWER MAINLAND,NATIONAL AVE & QUEBEC ST,NATIONAL AVE,NATIONAL AVE,12:00-14:59,1,0
N,PROPERTY DAMAGE ONLY,RANDOLPH RD,N,2025,FRIDAY,SINGLE VEHICLE,N,Y,49.517729,-119.557076,N,MAY,N,PENTICTON,PENTICTON,PENTICTON,N,N,N,SOUTHERN INTERIOR,NARAMATA RD & RANDOLPH RD,NARAMATA RD,NARAMATA RD,12:00-14:59,1,0
N,PROPERTY DAMAGE ONLY,RESTHAVEN DR,N,2025,FRIDAY,CONFLICTED,N,Y,48.648931,-123.402296,N,MAY,N,SIDNEY,SIDNEY,SIDNEY,N,N,N,VANCOUVER ISLAND,BEACON AVE & RESTHAVEN DR & MALL ACCESS,BEACON AVE,BEACON AVE,12:00-14:59,1,0
N,PROPERTY DAMAGE ONLY,RIDGEVIEW RD,N,2025,FRIDAY,SIDE IMPACT,N,Y,49.52967,-115.749572,N,MAY,N,CRANBROOK,CRANBROOK,CRANBROOK,N,N,N,SOUTHERN INTERIOR,RIDGEVIEW RD & WILLOWBROOK DR,WILLOWBROOK DR,WILLOWBROOK DR,12:00-14:59,1,0
N,PROPERTY DAMAGE ONLY,RIVER RD,N,2025,FRIDAY,SIDE IMPACT,N,N,\N,\N,N,MAY,N,KAMLOOPS,KAMLOOPS,\N,N,N,N,SOUTHERN INTERIOR,UNKNOWN,FRONTAGE RD,FRONTAGE RD,12:00-14:59,1,0
N,PROPERTY DAMAGE ONLY,RIVERSIDE DR W,N,2025,FRIDAY,SIDE SWIPE - SAME DIRECTION,N,N,\N,\N,N,MAY,N,NORTH VANCOUVER,NORTH VANCOUVER,\N,N,N,N,LOWER MAINLAND,UNKNOWN,DOLLARTON HWY,DOLLARTON HWY,12:00-14:59,1,0
N,PROPERTY DAMAGE ONLY,ROBSON ST,N,2025,FRIDAY,REAR END,N,Y,49.291479,-123.135476,N,MAY,N,VANCOUVER,VANCOUVER,VANCOUVER,N,N,N,LOWER MAINLAND,DENMAN ST & ROBSON ST,DENMAN ST,DENMAN ST,12:00-14:59,1,0
N,PROPERTY DAMAGE ONLY,ROGERS PASS,N,2025,FRIDAY,SINGLE VEHICLE,N,N,\N,\N,N,MAY,N,REVELSTOKE,REVELSTOKE,\N,N,Y,N,SOUTHERN INTERIOR,UNKNOWN,HWY 1,HWY 1,12:00-14:59,1,0
N,PROPERTY DAMAGE ONLY,ROSS ST,N,2025,FRIDAY,SIDE SWIPE - SAME DIRECTION,Y,Y,49.232763,-123.082575,N,MAY,N,VANCOUVER,VANCOUVER,VANCOUVER,N,N,N,LOWER MAINLAND,E 41ST AVE & ROSS ST,E 41ST AVE,E 41ST AVE,12:00-14:59,1,0
N,PROPERTY DAMAGE ONLY,ROUTE 9,N,2025,FRIDAY,SINGLE VEHICLE,N,N,\N,\N,N,MAY,N,HOPE,HOPE,\N,Y,N,N,LOWER MAINLAND,UNKNOWN,ROUTE 1,ROUTE 1,12:00-14:59,1,0
N,PROPERTY DAMAGE ONLY,ROYAL AVE,N,2025,FRIDAY,SINGLE VEHICLE,N,Y,49.874511,-119.491231,N,MAY,N,KELOWNA,KELOWNA,KELOWNA,N,Y,N,SOUTHERN INTERIOR,PANDOSY ST & ROYAL AVE,PANDOSY ST,PANDOSY ST,12:00-14:59,1,0
N,PROPERTY DAMAGE ONLY,ROYAL OAK AVE,N,2025,FRIDAY,SINGLE VEHICLE,N,Y,49.229914,-122.988907,N,MAY,N,BURNABY,BURNABY,BURNABY,N,N,N,LOWER MAINLAND,DOVER ST & OAKLAND ST & ROYAL OAK AVE,DOVER ST,DOVER ST,12:00-14:59,1,0
N,PROPERTY DAMAGE ONLY,SAANICH RD,N,2025,FRIDAY,REAR END,N,Y,48.454201,-123.374304,N,MAY,N,SAANICH,SAANICH,SAANICH,N,N,N,VANCOUVER ISLAND,OAK ST & SAANICH RD & UPTOWN BLVD & TURNING LANE,OAK ST,OAK ST,12:00-14:59,1,0
N,PROPERTY DAMAGE ONLY,SALISBURY AVE,N,2025,FRIDAY,UNDETERMINED,N,Y,49.218429,-122.957522,N,MAY,N,BURNABY,BURNABY,BURNABY,Y,Y,N,LOWER MAINLAND,KINGSWAY & SALISBURY AVE,KINGSWAY,KINGSWAY,12:00-14:59,1,0
N,PROPERTY DAMAGE ONLY,SCHOU ST,N,2025,FRIDAY,REAR END,N,Y,49.254236,-122.990001,N,MAY,N,BURNABY,BURNABY,BURNABY,N,N,N,LOWER MAINLAND,CANADA WAY & SCHOU ST,CANADA WAY,CANADA WAY,12:00-14:59,1,0
N,PROPERTY DAMAGE ONLY,SCOTT RD OFFRAMP,N,2025,FRIDAY,REAR END,N,Y,49.205908,-122.874956,N,MAY,N,SURREY,SURREY,SURREY,N,N,N,LOWER MAINLAND,120 ST & KING GEORGE BLVD & SCOTT RD & SCOTT RD OFFRAMP & SCOTT RD ONRAMP & TURNING LANE,KING GEORGE BLVD,KING GEORGE BLVD,12:00-14:59,1,0
N,PROPERTY DAMAGE ONLY,SEVENTH ST,N,2025,FRIDAY,SIDE IMPACT,N,Y,49.21235,-122.92186,N,MAY,N,NEW WESTMINSTER,NEW WESTMINSTER,NEW WESTMINSTER,N,N,N,LOWER MAINLAND,SEVENTH ST & SIXTH AVE,SIXTH AVE,SIXTH AVE,12:00-14:59,1,0
N,PROPERTY DAMAGE ONLY,SHELBOURNE ST,N,2025,FRIDAY,UNDETERMINED,N,Y,48.443702,-123.333351,N,MAY,N,VICTORIA,VICTORIA,VICTORIA,N,N,N,VANCOUVER ISLAND,MYRTLE AVE & SHELBOURNE ST,MYRTLE AVE,MYRTLE AVE,12:00-14:59,1,0
N,PROPERTY DAMAGE ONLY,SINCLAIR CRES,N,2025,FRIDAY,SIDE IMPACT,N,Y,49.141002,-122.86518,N,MAY,N,SURREY,SURREY,SURREY,N,N,N,LOWER MAINLAND,76 AVE & SINCLAIR CRES,76 AVE,76 AVE,12:00-14:59,1,0
N,PROPERTY DAMAGE ONLY,SLOCAN ST,N,2025,FRIDAY,SIDE IMPACT,N,Y,49.278278,-123.04934,N,MAY,N,VANCOUVER,VANCOUVER,VANCOUVER,N,N,N,LOWER MAINLAND,E GEORGIA ST & SLOCAN ST,E GEORGIA ST,E GEORGIA ST,12:00-14:59,1,0
N,PROPERTY DAMAGE ONLY,SMITH AVE,N,2025,FRIDAY,REAR END,N,Y,49.221334,-122.53475,N,MAY,N,MAPLE RIDGE,MAPLE RIDGE,MAPLE RIDGE,N,N,N,LOWER MAINLAND,248 ST & GARIBALDI SECONDARY SCHOOL ACCESS & SMITH AVE,248 ST,248 ST,12:00-14:59,1,0
N,PROPERTY DAMAGE ONLY,SMITHS RD,N,2025,FRIDAY,UNDETERMINED,N,Y,50.04604,-125.179418,N,MAY,N,QUATHIASKI COVE,QUATHIASKI COVE,QUATHIASKI COVE,N,N,N,VANCOUVER ISLAND,CEDAR DR & FIR DR & SMITHS RD,CEDAR DR,CEDAR DR,12:00-14:59,1,0
N,PROPERTY DAMAGE ONLY,SOPHIA STREET,N,2025,FRIDAY,SIDE IMPACT,N,N,\N,\N,N,MAY,N,VANCOUVER,VANCOUVER,\N,Y,N,N,LOWER MAINLAND,UNKNOWN,EAST 51 AVENUE,EAST 51 AVENUE,12:00-14:59,1,0
N,PROPERTY DAMAGE ONLY,SPECTRUM LANE,N,2025,FRIDAY,SIDE SWIPE - OPPOSITE DIRECTION,Y,Y,48.463237,-123.408118,N,MAY,N,SAANICH,SAANICH,SAANICH,N,N,N,VANCOUVER ISLAND,BURNSIDE RD W & SPECTRUM LANE,BURNSIDE RD W,BURNSIDE RD W,12:00-14:59,1,0
N,PROPERTY DAMAGE ONLY,SPERLING AVE,N,2025,FRIDAY,REAR END,N,Y,49.239854,-122.964739,N,MAY,N,BURNABY,BURNABY,BURNABY,N,N,N,LOWER MAINLAND,CANADA WAY & SPERLING AVE & TURNING LANE,CANADA WAY,CANADA WAY,12:00-14:59,1,0
N,PROPERTY DAMAGE ONLY,SPRINGFIELD RD,N,2025,FRIDAY,REAR END,N,Y,49.877203,-119.436472,N,MAY,N,KELOWNA,KELOWNA,KELOWNA,N,N,N,SOUTHERN INTERIOR,BENVOULIN RD & DILWORTH DR & SPRINGFIELD RD & TURNING LANE,DILWORTH DR,DILWORTH DR,12:00-14:59,1,0
N,PROPERTY DAMAGE ONLY,SPRUCE ST,N,2025,FRIDAY,SIDE SWIPE - OPPOSITE DIRECTION,N,Y,49.261562,-123.129067,N,MAY,N,VANCOUVER,VANCOUVER,VANCOUVER,Y,N,N,LOWER MAINLAND,SPRUCE ST & W 11TH AVE,W 11TH AVE,W 11TH AVE,12:00-14:59,1,0
N,PROPERTY DAMAGE ONLY,ST CATHERINES ST,N,2025,FRIDAY,REAR END,N,Y,49.254746,-123.085636,N,MAY,N,VANCOUVER,VANCOUVER,VANCOUVER,N,N,N,LOWER MAINLAND,KINGSWAY & ST CATHERINES ST,KINGSWAY,KINGSWAY,12:00-14:59,1,0
N,PROPERTY DAMAGE ONLY,STANLEY ST,N,2025,FRIDAY,SIDE SWIPE - SAME DIRECTION,N,Y,49.229311,-122.956789,N,MAY,N,BURNABY,BURNABY,BURNABY,Y,N,N,LOWER MAINLAND,BUCKINGHAM DR & STANLEY ST,BUCKINGHAM DR,BUCKINGHAM DR,12:00-14:59,1,0
N,PROPERTY DAMAGE ONLY,STEVESTON HWY,N,2025,FRIDAY,REAR END,Y,Y,49.133474,-123.086736,N,MAY,N,RICHMOND,RICHMOND,RICHMOND,N,N,N,LOWER MAINLAND,HWY 99 & HWY 99 ONRAMP & STEVESTON HWY & STEVESTON HWY OFFRAMP & STEVESTON HWY ONRAMP & TOURIST BOOTH RD & BUS LANE & SCALE ACCESS,HWY 99,HWY 99,12:00-14:59,1,0
N,PROPERTY DAMAGE ONLY,SUMMIT DR,N,2025,FRIDAY,UNDETERMINED,N,Y,50.668918,-120.35782,N,MAY,N,KAMLOOPS,KAMLOOPS,KAMLOOPS,N,N,N,SOUTHERN INTERIOR,MCGILL RD & SUMMIT DR & BRAKE CHECK & TURNING LANE,MCGILL RD,MCGILL RD,12:00-14:59,1,0
N,PROPERTY DAMAGE ONLY,SUSSEX AVE,N,2025,FRIDAY,SIDE SWIPE - SAME DIRECTION,N,Y,49.228382,-122.99935,N,MAY,N,BURNABY,BURNABY,BURNABY,N,N,N,LOWER MAINLAND,KINGSWAY & SUSSEX AVE,KINGSWAY,KINGSWAY,12:00-14:59,1,0
N,PROPERTY DAMAGE ONLY,TAYLOR RD,N,2025,FRIDAY,REAR END,N,Y,49.88903,-119.413552,N,MAY,N,KELOWNA,KELOWNA,KELOWNA,N,N,N,SOUTHERN INTERIOR,HWY 33 W & TAYLOR RD,HWY 33,HWY 33,12:00-14:59,1,0
N,PROPERTY DAMAGE ONLY,TAYLOR WAY,N,2025,FRIDAY,CONFLICTED,N,Y,49.32717,-123.134922,N,MAY,N,WEST VANCOUVER,WEST VANCOUVER,WEST VANCOUVER,N,N,N,LOWER MAINLAND,MARINE DR & TAYLOR WAY & TURNING LANE,MARINE DR,MARINE DR,12:00-14:59,1,0
N,PROPERTY DAMAGE ONLY,TAYLOR WAY OFFRAMP,N,2025,FRIDAY,REAR END,N,Y,49.337695,-123.13481,N,MAY,N,WEST VANCOUVER,WEST VANCOUVER,WEST VANCOUVER,N,N,N,LOWER MAINLAND,TAYLOR WAY & TAYLOR WAY OFFRAMP & TAYLOR WAY ONRAMP & TRANS-CANADA HWY & TRANS-CANADA HWY ONRAMP & WESTCOT RD & TURNING LANE,TAYLOR WAY,TAYLOR WAY,12:00-14:59,1,0
N,PROPERTY DAMAGE ONLY,TILLICUM RD,N,2025,FRIDAY,REAR END,N,N,\N,\N,N,MAY,N,VICTORIA,VICTORIA,\N,N,N,N,VANCOUVER ISLAND,UNKNOWN,TRANS CANADA HWY,TRANS CANADA HWY,12:00-14:59,1,0
N,PROPERTY DAMAGE ONLY,TRIUMPH ST,N,2025,FRIDAY,SIDE IMPACT,N,Y,49.283919,-123.06165,N,MAY,N,VANCOUVER,VANCOUVER,VANCOUVER,N,N,N,LOWER MAINLAND,LAKEWOOD DR & TRIUMPH ST,LAKEWOOD DR,LAKEWOOD DR,12:00-14:59,1,0
N,PROPERTY DAMAGE ONLY,TWIN LAKES RD,N,2025,FRIDAY,CONFLICTED,N,Y,49.342666,-119.722865,N,MAY,N,KALEDEN,KALEDEN,KALEDEN,N,N,N,SOUTHERN INTERIOR,HWY 3A & TWIN LAKES RD,HWY 3A,HWY 3A,12:00-14:59,1,0
N,PROPERTY DAMAGE ONLY,UNKNOWN,N,2025,FRIDAY,REAR END,N,N,\N,\N,N,MAY,N,VANCOUVER,VANCOUVER,\N,N,N,N,LOWER MAINLAND,UNKNOWN,E 54TH AVE,E 54TH AVE,12:00-14:59,1,0
N,PROPERTY DAMAGE ONLY,VICTORIA DR,N,2025,FRIDAY,REAR END,Y,Y,49.262291,-123.065917,N,MAY,N,VANCOUVER,VANCOUVER,VANCOUVER,N,N,N,LOWER MAINLAND,E BROADWAY & VICTORIA DR,E BROADWAY,E BROADWAY,12:00-14:59,1,0
N,PROPERTY DAMAGE ONLY,VICTORIA DR,N,2025,FRIDAY,SINGLE VEHICLE,N,Y,49.245143,-123.065173,N,MAY,N,VANCOUVER,VANCOUVER,VANCOUVER,N,Y,N,LOWER MAINLAND,KINGSWAY & VICTORIA DR,KINGSWAY,KINGSWAY,12:00-14:59,1,0
N,PROPERTY DAMAGE ONLY,VICTORIA QUAY,N,2025,FRIDAY,SIDE IMPACT,N,Y,49.257465,-124.813567,N,MAY,N,PORT ALBERNI,PORT ALBERNI,PORT ALBERNI,N,N,N,VANCOUVER ISLAND,JOHNSTON RD & RIVER RD & VICTORIA QUAY,JOHNSTON RD,JOHNSTON RD,12:00-14:59,1,0
N,PROPERTY DAMAGE ONLY,VICTORIA ST,N,2025,FRIDAY,CONFLICTED,N,Y,53.905426,-122.756434,N,MAY,N,PRINCE GEORGE,PRINCE GEORGE,PRINCE GEORGE,N,N,N,NORTH CENTRAL,20TH AVE & REDWOOD ST & VICTORIA ST,20TH AVE,20TH AVE,12:00-14:59,1,0
N,PROPERTY DAMAGE ONLY,VIEWMONT AVE,N,2025,FRIDAY,REAR END,N,N,\N,\N,N,MAY,N,SAANICH,SAANICH,\N,N,N,N,VANCOUVER ISLAND,UNKNOWN,W SAANICH RD,W SAANICH RD,12:00-14:59,1,0
N,PROPERTY DAMAGE ONLY,VINE ST,N,2025,FRIDAY,SIDE SWIPE - OPPOSITE DIRECTION,Y,Y,49.264814,-123.157634,N,MAY,N,VANCOUVER,VANCOUVER,VANCOUVER,N,N,N,LOWER MAINLAND,VINE ST & W 8TH AVE,W 8TH AVE,W 8TH AVE,12:00-14:59,1,0
N,PROPERTY DAMAGE ONLY,W 11TH AVE,N,2025,FRIDAY,CONFLICTED,N,Y,49.261529,-123.126679,N,MAY,N,VANCOUVER,VANCOUVER,VANCOUVER,Y,N,N,LOWER MAINLAND,OAK ST & W 11TH AVE,OAK ST,OAK ST,12:00-14:59,1,0
N,PROPERTY DAMAGE ONLY,W 11TH AVE,N,2025,FRIDAY,CONFLICTED,N,Y,49.261623,-123.133793,N,MAY,N,VANCOUVER,VANCOUVER,VANCOUVER,Y,N,N,LOWER MAINLAND,BIRCH ST & W 11TH AVE,BIRCH ST,BIRCH ST,12:00-14:59,1,0
N,PROPERTY DAMAGE ONLY,W 12 ST,N,2025,FRIDAY,SIDE IMPACT,N,N,\N,\N,N,MAY,N,VANCOUVER,VANCOUVER,\N,Y,Y,N,LOWER MAINLAND,UNKNOWN,MAIN ST,MAIN ST,12:00-14:59,1,0
N,PROPERTY DAMAGE ONLY,W 12TH AVE,N,2025,FRIDAY,CONFLICTED,N,Y,49.260572,-123.125443,N,MAY,N,VANCOUVER,VANCOUVER,VANCOUVER,Y,N,N,LOWER MAINLAND,LAUREL ST & W 12TH AVE & EMERGENCY LANE,LAUREL ST,LAUREL ST,12:00-14:59,1,0
N,PROPERTY DAMAGE ONLY,W 12TH AVE,N,2025,FRIDAY,REAR END,N,Y,49.260396,-123.114989,N,MAY,N,VANCOUVER,VANCOUVER,VANCOUVER,N,N,N,LOWER MAINLAND,CAMBIE ST & W 12TH AVE,CAMBIE ST,CAMBIE ST,12:00-14:59,1,0
N,PROPERTY DAMAGE ONLY,W 12TH AVE,N,2025,FRIDAY,SIDE SWIPE - SAME DIRECTION,N,Y,49.261003,-123.15306,N,MAY,N,VANCOUVER,VANCOUVER,VANCOUVER,N,N,N,LOWER MAINLAND,ARBUTUS ST & W 12TH AVE,ARBUTUS ST,ARBUTUS ST,12:00-14:59,1,0
N,PROPERTY DAMAGE ONLY,W 16TH AVE,N,2025,FRIDAY,SIDE IMPACT,N,Y,49.257053,-123.138793,N,MAY,N,VANCOUVER,VANCOUVER,VANCOUVER,N,N,N,LOWER MAINLAND,GRANVILLE ST & MARPOLE AVE & W 16TH AVE,GRANVILLE ST,GRANVILLE ST,12:00-14:59,1,0
N,PROPERTY DAMAGE ONLY,W 26TH AVE,N,2025,FRIDAY,UNDETERMINED,N,Y,49.247745,-123.105051,N,MAY,N,VANCOUVER,VANCOUVER,VANCOUVER,Y,N,N,LOWER MAINLAND,ONTARIO ST & W 26TH AVE,ONTARIO ST,ONTARIO ST,12:00-14:59,1,0
N,PROPERTY DAMAGE ONLY,W 29TH AVE,N,2025,FRIDAY,CONFLICTED,N,Y,49.245163,-123.115602,N,MAY,N,VANCOUVER,VANCOUVER,VANCOUVER,N,N,N,LOWER MAINLAND,CAMBIE ST & W 29TH AVE & TURNING LANE,CAMBIE ST,CAMBIE ST,12:00-14:59,1,0
N,PROPERTY DAMAGE ONLY,W 29TH AVE,N,2025,FRIDAY,SINGLE VEHICLE,N,Y,49.245163,-123.115602,N,MAY,N,VANCOUVER,VANCOUVER,VANCOUVER,N,N,N,LOWER MAINLAND,CAMBIE ST & W 29TH AVE & TURNING LANE,CAMBIE ST,CAMBIE ST,12:00-14:59,1,0
N,PROPERTY DAMAGE ONLY,W 37TH AVE,N,2025,FRIDAY,REAR END,N,Y,49.237648,-123.127951,N,MAY,N,VANCOUVER,VANCOUVER,VANCOUVER,N,N,N,LOWER MAINLAND,OAK ST & W 37TH AVE,OAK ST,OAK ST,12:00-14:59,1,0
N,PROPERTY DAMAGE ONLY,W 37TH AVE,N,2025,FRIDAY,SIDE IMPACT,N,Y,49.237648,-123.127951,N,MAY,N,VANCOUVER,VANCOUVER,VANCOUVER,N,Y,N,LOWER MAINLAND,OAK ST & W 37TH AVE,OAK ST,OAK ST,12:00-14:59,1,0
N,PROPERTY DAMAGE ONLY,W 37TH AVE,N,2025,FRIDAY,SIDE IMPACT,N,Y,49.23842,-123.162606,N,MAY,N,VANCOUVER,VANCOUVER,VANCOUVER,N,N,N,LOWER MAINLAND,LARCH ST & W 37TH AVE,LARCH ST,LARCH ST,12:00-14:59,1,0
N,PROPERTY DAMAGE ONLY,W 49TH AVE,N,2025,FRIDAY,SIDE IMPACT,N,Y,49.227153,-123.154798,N,MAY,N,VANCOUVER,VANCOUVER,VANCOUVER,N,N,N,LOWER MAINLAND,ARBUTUS GREENWAY & ARBUTUS ST & EAST BOULEVARD & W 49TH AVE & WEST BOULEVARD,EAST BOULEVARD,EAST BOULEVARD,12:00-14:59,1,0
N,PROPERTY DAMAGE ONLY,W 6TH AVE,N,2025,FRIDAY,UNDETERMINED,N,Y,49.266629,-123.114844,N,MAY,N,VANCOUVER,VANCOUVER,VANCOUVER,Y,Y,N,LOWER MAINLAND,CAMBIE ST & CAMBIE ST BRIDGE & W 2ND AVE & W 2ND AVE OFFRAMP & W 6TH AVE & TURNING LANE,CAMBIE ST,CAMBIE ST,12:00-14:59,1,0
N,PROPERTY DAMAGE ONLY,W 70TH AVE,N,2025,FRIDAY,UNDETERMINED,N,Y,49.208534,-123.140534,N,MAY,N,VANCOUVER,VANCOUVER,VANCOUVER,Y,Y,N,LOWER MAINLAND,GRANVILLE ST & W 70TH AVE,GRANVILLE ST,GRANVILLE ST,12:00-14:59,1,0
N,PROPERTY DAMAGE ONLY,W 7TH AVE,N,2025,FRIDAY,SIDE SWIPE - SAME DIRECTION,N,Y,49.265454,-123.145708,N,MAY,N,VANCOUVER,VANCOUVER,VANCOUVER,N,N,N,LOWER MAINLAND,BURRARD ST & W 7TH AVE,BURRARD ST,BURRARD ST,12:00-14:59,1,0
N,PROPERTY DAMAGE ONLY,W BROADWAY,Y,2025,FRIDAY,SINGLE VEHICLE,N,Y,49.263406,-123.126619,N,MAY,N,VANCOUVER,VANCOUVER,VANCOUVER,N,N,N,LOWER MAINLAND,OAK ST & W BROADWAY,OAK ST,OAK ST,12:00-14:59,1,0
N,PROPERTY DAMAGE ONLY,W GEORGIA ST,N,2025,FRIDAY,SIDE SWIPE - SAME DIRECTION,N,Y,49.287135,-123.12533,N,MAY,N,VANCOUVER,VANCOUVER,VANCOUVER,Y,N,N,LOWER MAINLAND,BUTE ST & W GEORGIA ST,BUTE ST,BUTE ST,12:00-14:59,1,0
N,PROPERTY DAMAGE ONLY,W KING EDWARD AVE,N,2025,FRIDAY,CONFLICTED,N,Y,49.249411,-123.139097,N,MAY,N,VANCOUVER,VANCOUVER,VANCOUVER,N,N,N,LOWER MAINLAND,GRANVILLE ST & W KING EDWARD AVE,GRANVILLE ST,GRANVILLE ST,12:00-14:59,1,0
N,PROPERTY DAMAGE ONLY,W KING EDWARD AVE,N,2025,FRIDAY,SIDE IMPACT,N,Y,49.249411,-123.139097,N,MAY,N,VANCOUVER,VANCOUVER,VANCOUVER,N,N,N,LOWER MAINLAND,GRANVILLE ST & W KING EDWARD AVE,GRANVILLE ST,GRANVILLE ST,12:00-14:59,1,0
N,PROPERTY DAMAGE ONLY,WATERFRONT CRES,N,2025,FRIDAY,SINGLE VEHICLE,N,Y,48.440256,-123.379453,N,MAY,N,VICTORIA,VICTORIA,VICTORIA,N,N,N,VANCOUVER ISLAND,JACKLADDER LANE & WATERFRONT CRES,JACKLADDER LANE,JACKLADDER LANE,12:00-14:59,1,0
N,PROPERTY DAMAGE ONLY,WEST GEORGIA,N,2025,FRIDAY,CONFLICTED,N,N,\N,\N,N,MAY,N,VANCOUVER,VANCOUVER,\N,N,N,N,LOWER MAINLAND,UNKNOWN,CITADEL PARADE,CITADEL PARADE,12:00-14:59,1,0
N,PROPERTY DAMAGE ONLY,WILLIAM ST,N,2025,FRIDAY,SIDE SWIPE - OPPOSITE DIRECTION,N,Y,49.273951,-123.069559,N,MAY,N,VANCOUVER,VANCOUVER,VANCOUVER,N,N,N,LOWER MAINLAND,COMMERCIAL DR & WILLIAM ST,COMMERCIAL DR,COMMERCIAL DR,12:00-14:59,1,0
N,PROPERTY DAMAGE ONLY,WILLINGDON AVE,N,2025,FRIDAY,REAR END,N,Y,49.259988,-123.00406,N,MAY,N,BURNABY,BURNABY,BURNABY,N,N,N,LOWER MAINLAND,STILL CREEK AVE & WILLINGDON AVE,STILL CREEK AVE,STILL CREEK AVE,12:00-14:59,1,0
N,PROPERTY DAMAGE ONLY,WILLINGDON AVE,N,2025,FRIDAY,SIDE SWIPE - SAME DIRECTION,N,Y,49.242961,-123.003329,N,MAY,N,BURNABY,BURNABY,BURNABY,N,N,N,LOWER MAINLAND,DEER LAKE PKY & MOSCROP ST & WILLINGDON AVE,DEER LAKE PKY,DEER LAKE PKY,12:00-14:59,1,0
N,PROPERTY DAMAGE ONLY,WILLOW ST,N,2025,FRIDAY,SIDE IMPACT,N,Y,49.343891,-119.572919,N,MAY,N,OKANAGAN FALLS,OKANAGAN FALLS,OKANAGAN FALLS,N,N,N,SOUTHERN INTERIOR,10TH AVE & WILLOW ST,10TH AVE,10TH AVE,12:00-14:59,1,0
N,PROPERTY DAMAGE ONLY,YATES ST,N,2025,FRIDAY,REAR END,N,Y,48.426313,-123.364899,N,MAY,N,VICTORIA,VICTORIA,VICTORIA,N,N,N,VANCOUVER ISLAND,DOUGLAS ST & YATES ST,DOUGLAS ST,DOUGLAS ST,12:00-14:59,1,0
Y,CASUALTY CRASH,\N,N,2025,FRIDAY,SINGLE VEHICLE,N,N,49.091777,-118.677425,Y,MAY,N,GREENWOOD,GREENWOOD,GREENWOOD,N,N,N,SOUTHERN INTERIOR,S COPPER AVE # 000100 TO 000149,HWY 3,HWY 3,12:00-14:59,1,1
Y,CASUALTY CRASH,WEST FRASER MILLS,N,2025,FRIDAY,SINGLE VEHICLE,N,N,\N,\N,N,MAY,N,JACKFISH LAKE,JACKFISH LAKE,\N,N,N,N,NORTH CENTRAL,UNKNOWN,JACKFISH LAKE RD,JACKFISH LAKE RD,12:00-14:59,1,1
Y,PROPERTY DAMAGE ONLY,\N,N,2025,FRIDAY,SINGLE VEHICLE,N,N,\N,\N,N,MAY,N,100 MILE HOUSE,100 MILE HOUSE,\N,N,N,N,NORTH CENTRAL,UNKNOWN,HWY 97,HWY 97,12:00-14:59,1,0
Y,PROPERTY DAMAGE ONLY,\N,N,2025,FRIDAY,SINGLE VEHICLE,N,N,\N,\N,N,MAY,N,CLINTON,CLINTON,\N,N,N,N,NORTH CENTRAL,UNKNOWN,HWY 97,HWY 97,12:00-14:59,1,0
Y,PROPERTY DAMAGE ONLY,\N,N,2025,FRIDAY,SINGLE VEHICLE,N,N,\N,\N,N,MAY,N,ENDERBY,ENDERBY,\N,N,N,N,SOUTHERN INTERIOR,UNKNOWN,MABEL LAKE RD,MABEL LAKE RD,12:00-14:59,1,0
Y,PROPERTY DAMAGE ONLY,\N,N,2025,FRIDAY,SINGLE VEHICLE,N,N,\N,\N,N,MAY,N,FAUQUIER,FAUQUIER,\N,N,N,N,SOUTHERN INTERIOR,UNKNOWN,HWY 6,HWY 6,12:00-14:59,1,0
Y,PROPERTY DAMAGE ONLY,\N,N,2025,FRIDAY,SINGLE VEHICLE,N,N,\N,\N,N,MAY,N,KELOWNA,KELOWNA,\N,N,N,N,SOUTHERN INTERIOR,UNKNOWN,HWY 33,HWY 33,12:00-14:59,1,0
Y,PROPERTY DAMAGE ONLY,\N,N,2025,FRIDAY,SINGLE VEHICLE,N,N,\N,\N,N,MAY,N,LAC LA HACHE,LAC LA HACHE,\N,N,N,N,NORTH CENTRAL,UNKNOWN,CANIM ROAD SOUTH,CANIM ROAD SOUTH,12:00-14:59,1,0
Y,PROPERTY DAMAGE ONLY,\N,N,2025,FRIDAY,SINGLE VEHICLE,N,N,\N,\N,N,MAY,N,LUMBY,LUMBY,\N,N,N,N,SOUTHERN INTERIOR,UNKNOWN,LUMBY MABLE LAKE ROAD,LUMBY MABLE LAKE ROAD,12:00-14:59,1,0
Y,PROPERTY DAMAGE ONLY,\N,N,2025,FRIDAY,SINGLE VEHICLE,N,N,\N,\N,N,MAY,N,PRINCETON,PRINCETON,\N,N,N,N,SOUTHERN INTERIOR,UNKNOWN,PRINCETON-SUMMERLAND RD,PRINCETON-SUMMERLAND RD,12:00-14:59,1,0
Y,PROPERTY DAMAGE ONLY,\N,N,2025,FRIDAY,SINGLE VEHICLE,N,N,\N,\N,N,MAY,N,QUALICUM BEACH,QUALICUM BEACH,\N,N,N,N,VANCOUVER ISLAND,UNKNOWN,MEADOWOOD WAY,MEADOWOOD WAY,12:00-14:59,1,0
Y,PROPERTY DAMAGE ONLY,\N,N,2025,FRIDAY,SINGLE VEHICLE,N,N,\N,\N,N,MAY,N,QUESNEL,QUESNEL,\N,N,N,N,NORTH CENTRAL,UNKNOWN,HWY 97 S,HWY 97 S,12:00-14:59,1,0
Y,PROPERTY DAMAGE ONLY,\N,N,2025,FRIDAY,SINGLE VEHICLE,N,N,\N,\N,N,MAY,N,REVELSTOKE,REVELSTOKE,\N,N,N,N,SOUTHERN INTERIOR,UNKNOWN,HWY 1,HWY 1,12:00-14:59,1,0
Y,PROPERTY DAMAGE ONLY,\N,N,2025,FRIDAY,SINGLE VEHICLE,N,N,\N,\N,N,MAY,N,ROCK CREEK,ROCK CREEK,\N,N,N,N,SOUTHERN INTERIOR,UNKNOWN,HWY 3,HWY 3,12:00-14:59,1,0
Y,PROPERTY DAMAGE ONLY,\N,N,2025,FRIDAY,SINGLE VEHICLE,N,N,\N,\N,N,MAY,N,UNKNOWN,UNKNOWN,\N,N,N,N,UNKNOWN,UNKNOWN,BC 19,BC 19,12:00-14:59,1,0
Y,PROPERTY DAMAGE ONLY,\N,N,2025,FRIDAY,SINGLE VEHICLE,N,N,\N,\N,N,MAY,N,UNKNOWN,UNKNOWN,\N,N,N,N,UNKNOWN,UNKNOWN,HIGHWAY 19,HIGHWAY 19,12:00-14:59,1,0
Y,PROPERTY DAMAGE ONLY,\N,N,2025,FRIDAY,SINGLE VEHICLE,N,N,\N,\N,N,MAY,N,VERNON,VERNON,\N,N,N,N,SOUTHERN INTERIOR,UNKNOWN,HWY 97,HWY 97,12:00-14:59,1,0
Y,PROPERTY DAMAGE ONLY,HWY 97,N,2025,FRIDAY,SINGLE VEHICLE,N,Y,50.80883,-121.325377,N,MAY,N,CACHE CREEK,CACHE CREEK,CACHE CREEK,N,N,N,SOUTHERN INTERIOR,HWY 97 & STEPHENSON RD & TODD RD & TODD RD OFFRAMP & TRANS-CANADA HWY & TRANS-CANADA HWY FRTG & TRANS-CANADA HWY ONRAMP,HWY 1,HWY 1,12:00-14:59,1,0
