ANIMAL_FLAG,CRASH_SEVERITY,CROSS_STREET_FULL_NAME,CYCLIST_FLAG,DATE_OF_LOSS_YEAR,DAY_OF_WEEK,DERIVED_CRASH_CONFIGURATION,HEAVY_VEH_FLAG,INTERSECTION_CRASH,LATITUDE,LONGITUDE,MID_BLOCK_CRASH,MONTH_OF_YEAR,MOTORCYCLE_FLAG,Municipality Name (ifnull),MUNICIPALITY_NAME,MUNICIPALITY_WITH_BOUNDARY,PARKED_VEHICLE_FLAG,PARKING_LOT_FLAG,PEDESTRIAN_FLAG,REGION,ROAD_LOCATION_DESCRIPTION,Street Full Name (ifnull),STREET_FULL_NAME,TIME_CATEGORY,TOTAL_CRASHES,TOTAL_VICTIMS
N,CASUALTY CRASH,\N,N,2024,TUESDAY,CONFLICTED,N,N,49.254463,-123.023505,Y,APRIL,N,BURNABY,BURNABY,BURNABY,N,Y,N,LOWER MAINLAND,BOUNDARY RD # 003300 TO 003398 even,BOUNDARY RD,BOUNDARY RD,09:00-11:59,1,1
N,CASUALTY CRASH,\N,N,2024,TUESDAY,HEAD ON,N,N,49.25768,-123.051259,Y,APRIL,N,VANCOUVER,VANCOUVER,VANCOUVER,N,N,N,LOWER MAINLAND,GRANDVIEW HWY S # 002600 TO 002699,GRANDVIEW HWY S,GRANDVIEW HWY S,09:00-11:59,1,3
N,CASUALTY CRASH,\N,N,2024,TUESDAY,REAR END,N,N,\N,\N,N,APRIL,N,BURNABY,BURNABY,\N,N,N,N,LOWER MAINLAND,UNKNOWN,KINGSWAY,KINGSWAY,09:00-11:59,1,1
N,CASUALTY CRASH,\N,N,2024,TUESDAY,REAR END,N,N,\N,\N,N,APRIL,N,KAMLOOPS,KAMLOOPS,\N,N,N,N,SOUTHERN INTERIOR,UNKNOWN,HWY 1,HWY 1,09:00-11:59,1,1
N,CASUALTY CRASH,\N,N,2024,TUESDAY,REAR END,N,N,\N,\N,N,APRIL,N,NANOOSE BAY,NANOOSE BAY,\N,N,N,N,VANCOUVER ISLAND,UNKNOWN,HWY 19,HWY 19,09:00-11:59,1,2
N,CASUALTY CRASH,\N,N,2024,TUESDAY,REAR END,N,N,\N,\N,N,APRIL,N,NORTH VANCOUVER,NORTH VANCOUVER,\N,N,N,N,LOWER MAINLAND,UNKNOWN,HWY 1,HWY 1,09:00-11:59,1,1
N,CASUALTY CRASH,\N,N,2024,TUESDAY,REAR END,N,N,49.113022,-122.672494,Y,APRIL,N,LANGLEY,LANGLEY,LANGLEY,N,Y,N,LOWER MAINLAND,LANGLEY BYPASS # 019822 TO 019998 even,LANGLEY BYPASS,LANGLEY BYPASS,09:00-11:59,1,1
N,CASUALTY CRASH,\N,N,2024,TUESDAY,REAR END,N,N,49.14354,-122.867864,Y,APRIL,N,SURREY,SURREY,SURREY,N,N,N,LOWER MAINLAND,128 ST # 007672 TO 007798 even,128 ST,128 ST,09:00-11:59,1,3
N,CASUALTY CRASH,\N,N,2024,TUESDAY,REAR TO REAR,N,N,48.45553,-123.372619,Y,APRIL,N,SAANICH,SAANICH,SAANICH,N,Y,N,VANCOUVER ISLAND,BLANSHARD ST # 003500 TO 003525,BLANSHARD ST,BLANSHARD ST,09:00-11:59,1,1
N,CASUALTY CRASH,\N,N,2024,TUESDAY,REAR TO REAR,N,N,49.140794,-121.962222,Y,APRIL,N,CHILLIWACK,CHILLIWACK,CHILLIWACK,N,Y,N,LOWER MAINLAND,LUCKAKUCK WAY # 045570 TO 045599,LUCKAKUCK WAY,LUCKAKUCK WAY,09:00-11:59,1,1
N,CASUALTY CRASH,\N,N,2024,TUESDAY,SIDE IMPACT,N,N,49.045047,-122.284499,Y,APRIL,N,ABBOTSFORD,ABBOTSFORD,ABBOTSFORD,N,N,N,LOWER MAINLAND,WEST RAILWAY ST # 002281 TO 002459,WEST RAILWAY ST,WEST RAILWAY ST,09:00-11:59,1,1
N,CASUALTY CRASH,\N,N,2024,TUESDAY,SIDE IMPACT,N,N,49.143337,-121.957745,Y,APRIL,N,CHILLIWACK,CHILLIWACK,CHILLIWACK,N,Y,N,LOWER MAINLAND,LUCKAKUCK WAY # 045700 TO 045939,LUCKAKUCK WAY,LUCKAKUCK WAY,09:00-11:59,1,1
N,CASUALTY CRASH,\N,N,2024,TUESDAY,SIDE SWIPE - SAME DIRECTION,N,N,\N,\N,N,APRIL,N,SURREY,SURREY,\N,N,N,N,LOWER MAINLAND,UNKNOWN,120 ST,120 ST,09:00-11:59,1,1
N,CASUALTY CRASH,\N,N,2024,TUESDAY,SIDE SWIPE - SAME DIRECTION,N,N,49.104498,-122.802434,Y,APRIL,N,SURREY,SURREY,SURREY,N,Y,N,LOWER MAINLAND,56 AVE # 015151 TO 015199 odd,HWY 10,HWY 10,09:00-11:59,1,1
N,CASUALTY CRASH,\N,N,2024,TUESDAY,SIDE SWIPE - SAME DIRECTION,Y,N,49.185485,-122.948547,Y,APRIL,N,NEW WESTMINSTER,NEW WESTMINSTER,NEW WESTMINSTER,N,N,N,LOWER MAINLAND,EWEN AVE # 001020 TO 001099,EWEN AVE,EWEN AVE,09:00-11:59,1,1
N,CASUALTY CRASH,\N,N,2024,TUESDAY,SINGLE VEHICLE,N,N,\N,\N,N,APRIL,N,MALAKWA,MALAKWA,\N,N,N,N,SOUTHERN INTERIOR,UNKNOWN,HWY 1,HWY 1,09:00-11:59,1,1
N,CASUALTY CRASH,\N,N,2024,TUESDAY,SINGLE VEHICLE,N,N,\N,\N,N,APRIL,N,SQUAMISH,SQUAMISH,\N,N,N,N,LOWER MAINLAND,UNKNOWN,HWY 99,HWY 99,09:00-11:59,1,1
N,CASUALTY CRASH,\N,N,2024,TUESDAY,SINGLE VEHICLE,N,N,\N,\N,N,APRIL,N,VANCOUVER,VANCOUVER,\N,N,Y,N,LOWER MAINLAND,UNKNOWN,STUDENT UNION BLVD,STUDENT UNION BLVD,09:00-11:59,1,1
N,CASUALTY CRASH,\N,N,2024,TUESDAY,SINGLE VEHICLE,N,N,48.430569,-123.419158,Y,APRIL,N,ESQUIMALT,ESQUIMALT,ESQUIMALT,N,N,Y,VANCOUVER ISLAND,NELSON ST # 000610 TO 000619,NELSON ST,NELSON ST,09:00-11:59,1,1
N,CASUALTY CRASH,\N,N,2024,TUESDAY,SINGLE VEHICLE,N,N,49.160362,-122.791248,Y,APRIL,N,SURREY,SURREY,SURREY,N,N,N,LOWER MAINLAND,86B AVE # 015526 TO 015599,86B AVE,86B AVE,09:00-11:59,1,1
N,CASUALTY CRASH,\N,N,2024,TUESDAY,SINGLE VEHICLE,N,N,49.262389,-123.077103,Y,APRIL,N,VANCOUVER,VANCOUVER,VANCOUVER,N,N,Y,LOWER MAINLAND,E BROADWAY # 001300 TO 001339,E BROADWAY,E BROADWAY,09:00-11:59,1,1
N,CASUALTY CRASH,\N,N,2024,TUESDAY,SINGLE VEHICLE,N,N,49.278515,-123.120279,Y,APRIL,N,VANCOUVER,VANCOUVER,VANCOUVER,N,Y,N,LOWER MAINLAND,RICHARDS ST # 000900 TO 000999,RICHARDS ST,RICHARDS ST,09:00-11:59,1,1
N,CASUALTY CRASH,\N,N,2024,TUESDAY,UNDETERMINED,N,N,49.200407,-123.061796,Y,APRIL,N,RICHMOND,RICHMOND,RICHMOND,N,N,N,LOWER MAINLAND,VALMONT WAY # 001600 TO 001999,VALMONT WAY,VALMONT WAY,09:00-11:59,1,1
N,CASUALTY CRASH,\N,N,2024,TUESDAY,UNDETERMINED,N,N,50.676681,-120.330784,Y,APRIL,N,KAMLOOPS,KAMLOOPS,KAMLOOPS,N,Y,N,SOUTHERN INTERIOR,LANSDOWNE ST # 000400 TO 000499,LANSDOWNE ST,LANSDOWNE ST,09:00-11:59,1,1
N,CASUALTY CRASH,10TH AVE,N,2024,TUESDAY,REAR END,N,Y,49.216882,-122.931469,N,APRIL,N,BURNABY,BURNABY,BURNABY & NEW WESTMINSTER,N,N,N,LOWER MAINLAND,10TH AVE & CANADA WAY & EIGHTH ST & TENTH AVE,CANADA WAY,CANADA WAY,09:00-11:59,1,1
N,CASUALTY CRASH,122 ST,N,2024,TUESDAY,REAR END,N,Y,49.177154,-122.884596,N,APRIL,N,SURREY,SURREY,SURREY,N,N,N,LOWER MAINLAND,122 ST & 96 AVE,96 AVE,96 AVE,09:00-11:59,1,1
N,CASUALTY CRASH,132 ST,N,2024,TUESDAY,REAR END,N,Y,49.108198,-122.856719,N,APRIL,N,SURREY,SURREY,SURREY,N,N,N,LOWER MAINLAND,132 ST & 58 AVE,HWY 10,HWY 10,09:00-11:59,1,1
N,CASUALTY CRASH,152 ST,N,2024,TUESDAY,REAR END,N,Y,49.045632,-122.801205,N,APRIL,N,SURREY,SURREY,SURREY,N,N,N,LOWER MAINLAND,152 ST & 24 AVE,24 AVE,24 AVE,09:00-11:59,1,1
N,CASUALTY CRASH,188 ST,N,2024,TUESDAY,SIDE IMPACT,N,Y,49.126148,-122.701692,N,APRIL,N,SURREY,SURREY,SURREY,N,N,N,LOWER MAINLAND,188 ST & 68 AVE,68 AVE,68 AVE,09:00-11:59,1,1
N,CASUALTY CRASH,201A ST,N,2024,TUESDAY,SIDE IMPACT,N,Y,49.106788,-122.664131,N,APRIL,N,LANGLEY,LANGLEY,LANGLEY,N,N,N,LOWER MAINLAND,201A ST & FRASER HWY,FRASER HWY,FRASER HWY,09:00-11:59,1,1
N,CASUALTY CRASH,264 ST,N,2024,TUESDAY,REAR END,N,Y,49.059526,-122.49269,N,APRIL,N,LANGLEY,LANGLEY,LANGLEY,N,N,N,LOWER MAINLAND,264 ST & FRASER HWY & TURNING LANE,FRASER HWY,FRASER HWY,09:00-11:59,1,1
N,CASUALTY CRASH,29 AVE,N,2024,TUESDAY,SIDE IMPACT,N,Y,49.055429,-122.492665,N,APRIL,N,LANGLEY,LANGLEY,LANGLEY,N,N,N,LOWER MAINLAND,264 ST & 29 AVE,264 ST,264 ST,09:00-11:59,1,1
N,CASUALTY CRASH,32 AVE,N,2024,TUESDAY,REAR END,N,Y,49.06158,-122.801183,N,APRIL,N,SURREY,SURREY,SURREY,N,N,N,LOWER MAINLAND,152 ST & 32 AVE DIVERSION & TURNING LANE,152 ST,152 ST,09:00-11:59,1,1
N,CASUALTY CRASH,52 AVE,N,2024,TUESDAY,REAR END,N,Y,49.096882,-122.610295,N,APRIL,N,LANGLEY,LANGLEY,LANGLEY,N,Y,N,LOWER MAINLAND,221A ST & 52 AVE,221A ST,221A ST,09:00-11:59,1,1
N,CASUALTY CRASH,73 AVE,N,2024,TUESDAY,CONFLICTED,N,Y,49.135099,-122.845596,N,APRIL,N,SURREY,SURREY,SURREY,N,N,N,LOWER MAINLAND,73 AVE & KING GEORGE BLVD,KING GEORGE BLVD,KING GEORGE BLVD,09:00-11:59,1,1
N,CASUALTY CRASH,8 AVE,N,2024,TUESDAY,REAR END,N,Y,49.016759,-122.4926,N,APRIL,N,LANGLEY,LANGLEY,LANGLEY,N,N,N,LOWER MAINLAND,264 ST & 8 AVE,264 ST,264 ST,09:00-11:59,1,1
N,CASUALTY CRASH,85A AVE,N,2024,TUESDAY,SINGLE VEHICLE,N,Y,49.158274,-122.795902,N,APRIL,N,SURREY,SURREY,SURREY,N,N,Y,LOWER MAINLAND,154 ST & 85A AVE,154 ST,154 ST,09:00-11:59,1,1
N,CASUALTY CRASH,88 AVE,N,2024,TUESDAY,REAR END,N,Y,49.16277,-122.841678,N,APRIL,N,SURREY,SURREY,SURREY,N,N,N,LOWER MAINLAND,88 AVE & LAUDER DR,LAUDER DR,LAUDER DR,09:00-11:59,1,1
N,CASUALTY CRASH,92A AVE,N,2024,TUESDAY,REAR END,Y,Y,49.170846,-122.668069,N,APRIL,N,LANGLEY,LANGLEY,LANGLEY,N,N,N,LOWER MAINLAND,200 ST & 92A AVE & TURNING LANE,200 ST,200 ST,09:00-11:59,1,1
N,CASUALTY CRASH,ALEXANDER ST NE,N,2024,TUESDAY,REAR END,N,Y,50.700902,-119.28184,N,APRIL,N,SALMON ARM,SALMON ARM,SALMON ARM,N,N,N,SOUTHERN INTERIOR,ALEXANDER ST NE & TRANS-CANADA HWY NE,HWY 1,HWY 1,09:00-11:59,1,1
N,CASUALTY CRASH,ARGYLE ST,N,2024,TUESDAY,SIDE IMPACT,N,Y,49.211013,-123.071303,N,APRIL,N,VANCOUVER,VANCOUVER,VANCOUVER,N,N,N,LOWER MAINLAND,ARGYLE ST & SE MARINE DR,SE MARINE DR,SE MARINE DR,09:00-11:59,1,1
N,CASUALTY CRASH,ATKINSON ST,N,2024,TUESDAY,CONFLICTED,N,Y,49.474254,-119.586793,N,APRIL,N,PENTICTON,PENTICTON,PENTICTON,N,N,N,SOUTHERN INTERIOR,ATKINSON ST & WARREN AVE W,WARREN AVE W,WARREN AVE W,09:00-11:59,1,1
N,CASUALTY CRASH,BIDWELL ST,N,2024,TUESDAY,SIDE IMPACT,N,Y,49.291606,-123.132114,N,APRIL,N,VANCOUVER,VANCOUVER,VANCOUVER,N,N,N,LOWER MAINLAND,BIDWELL ST & W GEORGIA ST,W GEORGIA ST,W GEORGIA ST,09:00-11:59,1,1
N,CASUALTY CRASH,BLUNDELL RD,N,2024,TUESDAY,REAR END,N,Y,49.158187,-123.024202,N,APRIL,N,RICHMOND,RICHMOND,RICHMOND,N,N,N,LOWER MAINLAND,BLUNDELL RD & NO 8 RD,NO 8 RD,NO 8 RD,09:00-11:59,1,2
N,CASUALTY CRASH,BURRARD ST,N,2024,TUESDAY,SIDE IMPACT,N,Y,49.261827,-123.145828,N,APRIL,N,VANCOUVER,VANCOUVER,VANCOUVER,N,N,N,LOWER MAINLAND,BURRARD ST & W 11TH AVE,W 11TH AVE,W 11TH AVE,09:00-11:59,1,1
N,CASUALTY CRASH,CHANNEL PKY,Y,2024,TUESDAY,SINGLE VEHICLE,N,Y,49.452911,-119.596997,N,APRIL,N,PENTICTON,PENTICTON,PENTICTON,N,N,N,SOUTHERN INTERIOR,CHANNEL PKY & HWY 97 & SKAHA LAKE BRIDGE & SKAHA LAKE RD,SKAHA LAKE RD,SKAHA LAKE RD,09:00-11:59,1,1
N,CASUALTY CRASH,DEPARTURE BAY RD,N,2024,TUESDAY,CONFLICTED,N,Y,49.206781,-123.970204,N,APRIL,N,NANAIMO,NANAIMO,NANAIMO,N,N,N,VANCOUVER ISLAND,DEPARTURE BAY RD & HAMMOND BAY RD & TURNING LANE,HAMMOND BAY RD,HAMMOND BAY RD,09:00-11:59,1,2
N,CASUALTY CRASH,DESPARD AVE E,N,2024,TUESDAY,SIDE IMPACT,N,Y,49.312189,-124.307093,N,APRIL,N,PARKSVILLE,PARKSVILLE,PARKSVILLE,N,N,N,VANCOUVER ISLAND,CORFIELD ST S & DESPARD AVE E,CORFIELD ST S,CORFIELD ST S,09:00-11:59,1,3
N,CASUALTY CRASH,E 34TH AVE,N,2024,TUESDAY,SIDE SWIPE - SAME DIRECTION,N,Y,49.239054,-123.05201,N,APRIL,N,VANCOUVER,VANCOUVER,VANCOUVER,N,N,N,LOWER MAINLAND,E 34TH AVE & KINGSWAY,KINGSWAY,KINGSWAY,09:00-11:59,1,1
N,CASUALTY CRASH,E 8TH AVE,N,2024,TUESDAY,REAR END,N,N,\N,\N,N,APRIL,N,NEW WESTMINSTER,NEW WESTMINSTER,\N,N,N,N,LOWER MAINLAND,UNKNOWN,RICHMOND ST,RICHMOND ST,09:00-11:59,1,1
N,CASUALTY CRASH,E PENDER ST,N,2024,TUESDAY,SIDE IMPACT,N,Y,49.280298,-123.095441,N,APRIL,N,VANCOUVER,VANCOUVER,VANCOUVER,N,N,N,LOWER MAINLAND,DUNLEVY AVE & E PENDER ST,DUNLEVY AVE,DUNLEVY AVE,09:00-11:59,1,1
N,CASUALTY CRASH,FIR ST,N,2024,TUESDAY,CONFLICTED,N,Y,49.257099,-123.141293,N,APRIL,N,VANCOUVER,VANCOUVER,VANCOUVER,N,N,N,LOWER MAINLAND,FIR ST & W 16TH AVE,W 16TH AVE,W 16TH AVE,09:00-11:59,1,1
N,CASUALTY CRASH,GAGLARDI WAY,N,2024,TUESDAY,REAR END,N,Y,49.264089,-122.900334,N,APRIL,N,BURNABY,BURNABY,BURNABY,N,N,N,LOWER MAINLAND,BROADWAY & GAGLARDI WAY & TURNING LANE,BROADWAY,BROADWAY,09:00-11:59,1,2
N,CASUALTY CRASH,GARDEN CITY RD,N,2024,TUESDAY,SINGLE VEHICLE,N,Y,49.184667,-123.124542,N,APRIL,N,RICHMOND,RICHMOND,RICHMOND,N,N,Y,LOWER MAINLAND,CAMBIE RD & GARDEN CITY RD,CAMBIE RD,CAMBIE RD,09:00-11:59,1,1
N,CASUALTY CRASH,GATINEAU PL,N,2024,TUESDAY,REAR END,N,Y,49.248046,-122.892802,N,APRIL,N,BURNABY,BURNABY,BURNABY & COQUITLAM,N,N,N,LOWER MAINLAND,GATINEAU PL & NORTH RD,NORTH RD,NORTH RD,09:00-11:59,1,1
N,CASUALTY CRASH,GLEN DR,N,2024,TUESDAY,SIDE IMPACT,N,Y,49.280967,-123.081304,N,APRIL,N,VANCOUVER,VANCOUVER,VANCOUVER,N,N,N,LOWER MAINLAND,E HASTINGS ST & GLEN DR,E HASTINGS ST,E HASTINGS ST,09:00-11:59,1,1
N,CASUALTY CRASH,HARVEY AVE,N,2024,TUESDAY,CONFLICTED,N,Y,49.881885,-119.443242,N,APRIL,N,KELOWNA,KELOWNA,KELOWNA,N,N,N,SOUTHERN INTERIOR,COOPER RD & HARVEY AVE & TURNING LANE,COOPER RD,COOPER RD,09:00-11:59,1,2
N,CASUALTY CRASH,HARVEY AVE,N,2024,TUESDAY,REAR END,N,Y,49.88192,-119.465773,N,APRIL,N,KELOWNA,KELOWNA,KELOWNA,N,N,N,SOUTHERN INTERIOR,BURTCH RD & HARVEY AVE & TURNING LANE,BURTCH RD,BURTCH RD,09:00-11:59,1,1
N,CASUALTY CRASH,HIGHLAND RD,N,2024,TUESDAY,SIDE IMPACT,N,Y,50.676353,-120.262177,N,APRIL,N,KAMLOOPS,KAMLOOPS,KAMLOOPS,N,N,N,SOUTHERN INTERIOR,HIGHLAND RD & VALLEYVIEW DR,VALLEYVIEW DR,VALLEYVIEW DR,09:00-11:59,1,1
N,CASUALTY CRASH,HWY 16,N,2024,TUESDAY,REAR END,N,Y,53.86117,-122.801926,N,APRIL,N,PRINCE GEORGE,PRINCE GEORGE,PRINCE GEORGE,N,N,N,NORTH CENTRAL,HWY 16 W & KONRATH RD & WESTGATE AVE & TURNING LANE,WESTGATE AVE,WESTGATE AVE,09:00-11:59,1,1
N,CASUALTY CRASH,HYRA RD,N,2024,TUESDAY,SINGLE VEHICLE,N,N,\N,\N,N,APRIL,N,100 MILE HOUSE,100 MILE HOUSE,\N,N,N,N,NORTH CENTRAL,UNKNOWN,HWY 97,HWY 97,09:00-11:59,1,1
N,CASUALTY CRASH,JOHNSON ST,N,2024,TUESDAY,UNDETERMINED,N,Y,49.285168,-122.801625,N,APRIL,N,COQUITLAM,COQUITLAM,COQUITLAM,N,N,Y,LOWER MAINLAND,GUILDFORD WAY & JOHNSON ST,GUILDFORD WAY,GUILDFORD WAY,09:00-11:59,1,1
N,CASUALTY CRASH,KING GEORGE BLVD,N,2024,TUESDAY,CONFLICTED,N,Y,49.191598,-122.845362,N,APRIL,N,SURREY,SURREY,SURREY,N,N,N,LOWER MAINLAND,104 AVE & KING GEORGE BLVD,104 AVE,104 AVE,09:00-11:59,1,1
N,CASUALTY CRASH,KING GEORGE BLVD,N,2024,TUESDAY,REAR END,N,Y,49.177035,-122.845713,N,APRIL,N,SURREY,SURREY,SURREY,N,N,N,LOWER MAINLAND,96 AVE & KING GEORGE BLVD & TURNING LANE,96 AVE,96 AVE,09:00-11:59,1,1
N,CASUALTY CRASH,KINGSWAY,N,2024,TUESDAY,UNDETERMINED,N,Y,49.256565,-123.089884,N,APRIL,N,VANCOUVER,VANCOUVER,VANCOUVER,N,N,N,LOWER MAINLAND,E 16TH AVE & FRASER ST & KINGSWAY & TURNING LANE,FRASER ST,FRASER ST,09:00-11:59,1,1
N,CASUALTY CRASH,KLO RD,N,2024,TUESDAY,SIDE IMPACT,N,Y,49.860926,-119.456517,N,APRIL,N,KELOWNA,KELOWNA,KELOWNA,N,N,N,SOUTHERN INTERIOR,BENVOULIN RD & KLO RD & TURNING LANE,BENVOULIN RD,BENVOULIN RD,09:00-11:59,1,2
N,CASUALTY CRASH,KNIGHT ST BRIDGE,N,2024,TUESDAY,REAR END,N,Y,49.191996,-123.077454,N,APRIL,N,RICHMOND,RICHMOND,RICHMOND,N,N,N,LOWER MAINLAND,BRIDGEPORT RD & BRIDGEPORT RD OFFRAMP & BRIDGEPORT RD ONRAMP & KNIGHT ST & KNIGHT ST BRIDGE & MANNINI WAY & TURNING LANE,KNIGHT ST,KNIGHT ST,09:00-11:59,1,1
N,CASUALTY CRASH,LARCHWOOD DR,N,2024,TUESDAY,SIDE IMPACT,N,Y,48.473232,-123.325148,N,APRIL,N,SAANICH,SAANICH,SAANICH,N,N,N,VANCOUVER ISLAND,LARCHWOOD DR & LAVAL AVE,LAVAL AVE,LAVAL AVE,09:00-11:59,1,1
N,CASUALTY CRASH,LEATHEAD RD,N,2024,TUESDAY,SIDE IMPACT,N,Y,49.895344,-119.389898,N,APRIL,N,KELOWNA,KELOWNA,KELOWNA,N,N,N,SOUTHERN INTERIOR,LEATHEAD RD & PINETREE RD,PINETREE RD,PINETREE RD,09:00-11:59,1,2
N,CASUALTY CRASH,LEFEUVRE RD,N,2024,TUESDAY,SIDE IMPACT,N,Y,49.057313,-122.448685,N,APRIL,N,ABBOTSFORD,ABBOTSFORD,ABBOTSFORD,N,N,N,LOWER MAINLAND,FRASER HWY & LEFEUVRE RD & TURNING LANE,FRASER HWY,FRASER HWY,09:00-11:59,1,1
N,CASUALTY CRASH,LILLOOET ST,N,2024,TUESDAY,SIDE IMPACT,N,Y,49.261899,-123.039083,N,APRIL,N,VANCOUVER,VANCOUVER,VANCOUVER,N,N,N,LOWER MAINLAND,E BROADWAY & LILLOOET ST,E BROADWAY,E BROADWAY,09:00-11:59,1,3
N,CASUALTY CRASH,LONZO RD,N,2024,TUESDAY,REAR END,N,Y,49.033431,-122.266381,N,APRIL,N,ABBOTSFORD,ABBOTSFORD,ABBOTSFORD,N,N,N,LOWER MAINLAND,LONZO RD & SUMAS WAY & SUMAS WAY OFFRAMP & SUMAS WAY ONRAMP & TRANS-CANADA HWY & TURNING LANE,SUMAS WAY,SUMAS WAY,09:00-11:59,1,2
N,CASUALTY CRASH,LOUGHEED HWY,N,2024,TUESDAY,REAR END,N,Y,49.183312,-122.556831,N,APRIL,N,MAPLE RIDGE,MAPLE RIDGE,MAPLE RIDGE,N,N,N,LOWER MAINLAND,240 ST & LOUGHEED HWY & TURNING LANE,240 ST,240 ST,09:00-11:59,1,1
N,CASUALTY CRASH,LOUGHEED HWY,N,2024,TUESDAY,REAR END,N,Y,49.25327,-122.918953,N,APRIL,N,BURNABY,BURNABY,BURNABY,N,N,N,LOWER MAINLAND,BRIGHTON AVE & LOUGHEED HWY & PRODUCTION WAY & TURNING LANE,PRODUCTION WAY,PRODUCTION WAY,09:00-11:59,1,2
N,CASUALTY CRASH,LOUGHEED HWY,N,2024,TUESDAY,SIDE IMPACT,N,Y,49.245916,-122.892678,N,APRIL,N,BURNABY,BURNABY,BURNABY & COQUITLAM,N,Y,N,LOWER MAINLAND,LOUGHEED HWY & NORTH RD & TURNING LANE,NORTH RD,NORTH RD,09:00-11:59,1,1
N,CASUALTY CRASH,LUCKAKUCK WAY,N,2024,TUESDAY,CONFLICTED,N,Y,49.140842,-121.959972,N,APRIL,N,CHILLIWACK,CHILLIWACK,CHILLIWACK,N,N,N,LOWER MAINLAND,LUCKAKUCK WAY & VEDDER RD & TURNING LANE,VEDDER RD,VEDDER RD,09:00-11:59,1,2
N,CASUALTY CRASH,MAIN ST,N,2024,TUESDAY,SIDE SWIPE - SAME DIRECTION,N,Y,49.264471,-123.100924,N,APRIL,N,VANCOUVER,VANCOUVER,VANCOUVER,N,N,N,LOWER MAINLAND,E 7TH AVE & KINGSWAY & MAIN ST,E 7TH AVE,E 7TH AVE,09:00-11:59,1,1
N,CASUALTY CRASH,MARINE WAY,N,2024,TUESDAY,OVERTAKING,N,Y,49.196613,-122.968537,N,APRIL,Y,BURNABY,BURNABY,BURNABY,N,N,N,LOWER MAINLAND,MARINE WAY & NORTH FRASER WAY & TURNING LANE,NORTH FRASER WAY,NORTH FRASER WAY,09:00-11:59,1,1
N,CASUALTY CRASH,MARINE WAY,N,2024,TUESDAY,REAR END,N,Y,49.20385,-122.999562,N,APRIL,N,BURNABY,BURNABY,BURNABY,N,N,N,LOWER MAINLAND,MARINE WAY & NELSON AVE & TURNING LANE,NELSON AVE,NELSON AVE,09:00-11:59,1,1
N,CASUALTY CRASH,MCCALLUM RD,N,2024,TUESDAY,REAR END,N,Y,49.258746,-121.783313,N,APRIL,N,AGASSIZ,AGASSIZ,AGASSIZ,N,N,N,LOWER MAINLAND,HOT SPRINGS RD & MCCALLUM RD & STRIKER CRES & PRIVATE DRIVEWAY,HOT SPRINGS RD,HOT SPRINGS RD,09:00-11:59,1,2
N,CASUALTY CRASH,MOSTAR RD,N,2024,TUESDAY,CONFLICTED,N,Y,49.205957,-124.035074,N,APRIL,N,NANAIMO,NANAIMO,NANAIMO,N,N,N,VANCOUVER ISLAND,JINGLE POT RD & JINGLE POT RD OFFRAMP & JINGLE POT RD ONRAMP & MOSTAR RD & MOSTAR RD OFFRAMP & MOSTAR RD ONRAMP & NANAIMO PKY & PARKWAY TRAIL,HWY 19,HWY 19,09:00-11:59,1,1
N,CASUALTY CRASH,NANAIMO ST,N,2024,TUESDAY,SINGLE VEHICLE,N,Y,49.262131,-123.056591,N,APRIL,N,VANCOUVER,VANCOUVER,VANCOUVER,N,N,Y,LOWER MAINLAND,E BROADWAY & NANAIMO ST,E BROADWAY,E BROADWAY,09:00-11:59,1,1
N,CASUALTY CRASH,NANTON AVE,N,2024,TUESDAY,UNDETERMINED,N,Y,49.247666,-123.153243,N,APRIL,N,VANCOUVER,VANCOUVER,VANCOUVER,N,N,Y,LOWER MAINLAND,ARBUTUS ST & NANTON AVE,ARBUTUS ST,ARBUTUS ST,09:00-11:59,1,1
N,CASUALTY CRASH,NORLAND AVE,N,2024,TUESDAY,REAR END,Y,Y,49.245548,-122.974614,N,APRIL,N,BURNABY,BURNABY,BURNABY,N,N,N,LOWER MAINLAND,CANADA WAY & DEER LAKE PKY & NORLAND AVE,CANADA WAY,CANADA WAY,09:00-11:59,1,1
N,CASUALTY CRASH,PINE ST,N,2024,TUESDAY,UNDETERMINED,N,Y,49.155157,-123.935952,N,APRIL,N,NANAIMO,NANAIMO,NANAIMO,N,N,N,VANCOUVER ISLAND,PINE ST & VICTORIA RD,VICTORIA RD,VICTORIA RD,09:00-11:59,1,1
N,CASUALTY CRASH,PINNEL RD,N,2024,TUESDAY,UNDETERMINED,Y,N,\N,\N,N,APRIL,N,WILLIAMS LAKE,WILLIAMS LAKE,\N,N,N,N,NORTH CENTRAL,UNKNOWN,CARIBOO HWY N,CARIBOO HWY N,09:00-11:59,1,2
N,CASUALTY CRASH,PORT MANN BRIDGE,N,2024,TUESDAY,CONFLICTED,N,Y,49.211315,-122.808608,N,APRIL,N,SURREY,SURREY,SURREY,N,N,N,LOWER MAINLAND,PORT MANN BRIDGE & PORT MANN EAST SERVICE RD & TRANS-CANADA HWY,HWY 1,HWY 1,09:00-11:59,1,1
N,CASUALTY CRASH,SPALL RD,N,2024,TUESDAY,REAR END,N,Y,49.881947,-119.454569,N,APRIL,Y,KELOWNA,KELOWNA,KELOWNA,N,N,N,SOUTHERN INTERIOR,HARVEY AVE & SPALL RD & TURNING LANE,HARVEY AVE,HARVEY AVE,09:00-11:59,1,1
N,CASUALTY CRASH,STATION ST,Y,2024,TUESDAY,SINGLE VEHICLE,N,Y,49.271815,-123.098054,N,APRIL,N,VANCOUVER,VANCOUVER,VANCOUVER,N,N,N,LOWER MAINLAND,NORTHERN ST & STATION ST & UNNAMED LANE,NORTHERN ST,NORTHERN ST,09:00-11:59,1,1
N,CASUALTY CRASH,W 16TH AVE,N,2024,TUESDAY,REAR END,N,Y,49.256905,-123.115083,N,APRIL,N,VANCOUVER,VANCOUVER,VANCOUVER,N,N,N,LOWER MAINLAND,CAMBIE ST & W 16TH AVE,CAMBIE ST,CAMBIE ST,09:00-11:59,1,1
N,CASUALTY CRASH,W GEORGIA ST,N,2024,TUESDAY,SINGLE VEHICLE,N,Y,49.283132,-123.119153,N,APRIL,N,VANCOUVER,VANCOUVER,VANCOUVER,N,N,Y,LOWER MAINLAND,HOWE ST & W GEORGIA ST,HOWE ST,HOWE ST,09:00-11:59,1,1
N,CASUALTY CRASH,W GEORGIA ST,N,2024,TUESDAY,UNDETERMINED,N,Y,49.283132,-123.119153,N,APRIL,N,VANCOUVER,VANCOUVER,VANCOUVER,N,N,Y,LOWER MAINLAND,HOWE ST & W GEORGIA ST,HOWE ST,HOWE ST,09:00-11:59,1,1
N,CASUALTY CRASH,W HASTINGS ST,N,2024,TUESDAY,CONFLICTED,N,Y,49.285971,-123.114856,N,APRIL,N,VANCOUVER,VANCOUVER,VANCOUVER,N,N,N,LOWER MAINLAND,HOWE ST & W HASTINGS ST,HOWE ST,HOWE ST,09:00-11:59,1,1
N,CASUALTY CRASH,WESTMINSTER HWY,N,2024,TUESDAY,REAR END,N,Y,49.170211,-123.136548,N,APRIL,N,RICHMOND,RICHMOND,RICHMOND,N,N,N,LOWER MAINLAND,NO 3 RD & WESTMINSTER HWY,NO 3 RD,NO 3 RD,09:00-11:59,1,1
N,CASUALTY CRASH,WESTVIEW DR,N,2024,TUESDAY,REAR END,N,Y,49.33199,-123.088135,N,APRIL,N,NORTH VANCOUVER,NORTH VANCOUVER,NORTH VANCOUVER,N,N,N,LOWER MAINLAND,MOSQUITO CREEK BRIDGE & TRANS-CANADA HWY & WESTVIEW DR & WESTVIEW DR OFFRAMP & WESTVIEW DR ONRAMP & TURNING LANE,HWY 1,HWY 1,09:00-11:59,1,1
N,CASUALTY CRASH,WILLOW ST,N,2024,TUESDAY,UNDETERMINED,N,Y,49.259553,-123.121988,N,APRIL,N,VANCOUVER,VANCOUVER,VANCOUVER,N,N,N,LOWER MAINLAND,W 13TH AVE & WILLOW ST,W 13TH AVE,W 13TH AVE,09:00-11:59,1,1
N,PROPERTY DAMAGE ONLY,\N,N,2024,TUESDAY,CONFLICTED,N,N,\N,\N,N,APRIL,N,PENTICTON,PENTICTON,\N,N,N,N,SOUTHERN INTERIOR,UNKNOWN,SKAHA LAKE RD,SKAHA LAKE RD,09:00-11:59,1,0
N,PROPERTY DAMAGE ONLY,\N,N,2024,TUESDAY,CONFLICTED,N,N,48.443037,-123.36959,Y,APRIL,N,VICTORIA,VICTORIA,VICTORIA,Y,Y,N,VANCOUVER ISLAND,DOUGLAS ST # 002950 TO 002988 even,DOUGLAS ST,DOUGLAS ST,09:00-11:59,1,0
N,PROPERTY DAMAGE ONLY,\N,N,2024,TUESDAY,CONFLICTED,N,N,48.443476,-123.517954,Y,APRIL,N,LANGFORD,LANGFORD,LANGFORD,Y,Y,N,VANCOUVER ISLAND,LANGFORD PKY # 000980 TO 001069,LANGFORD PKY,LANGFORD PKY,09:00-11:59,1,0
N,PROPERTY DAMAGE ONLY,\N,N,2024,TUESDAY,CONFLICTED,N,N,48.443829,-123.399957,Y,APRIL,N,ESQUIMALT,ESQUIMALT,ESQUIMALT,Y,Y,N,VANCOUVER ISLAND,UGANDA AVE # 000300 TO 000329,UGANDA AVE,UGANDA AVE,09:00-11:59,1,0
N,PROPERTY DAMAGE ONLY,\N,N,2024,TUESDAY,CONFLICTED,N,N,48.803125,-123.723035,Y,APRIL,N,DUNCAN,DUNCAN,DUNCAN,Y,Y,N,VANCOUVER ISLAND,DRINKWATER RD # 003020 TO 003049,DRINKWATER RD,DRINKWATER RD,09:00-11:59,1,0
N,PROPERTY DAMAGE ONLY,\N,N,2024,TUESDAY,CONFLICTED,N,N,49.112713,-123.071264,Y,APRIL,N,DELTA,DELTA,DELTA,Y,Y,N,LOWER MAINLAND,ADMIRAL WAY # 005500 TO 005567,ADMIRAL WAY,ADMIRAL WAY,09:00-11:59,1,0
N,PROPERTY DAMAGE ONLY,\N,N,2024,TUESDAY,CONFLICTED,N,N,49.126357,-122.799635,Y,APRIL,N,SURREY,SURREY,SURREY,Y,Y,N,LOWER MAINLAND,68 AVE # 015200 TO 015301,68 AVE,68 AVE,09:00-11:59,1,0
N,PROPERTY DAMAGE ONLY,\N,N,2024,TUESDAY,CONFLICTED,N,N,49.135796,-122.845496,Y,APRIL,N,SURREY,SURREY,SURREY,Y,Y,N,LOWER MAINLAND,KING GEORGE BLVD # 007300 TO 007388 even,KING GEORGE BLVD,KING GEORGE BLVD,09:00-11:59,1,0
N,PROPERTY DAMAGE ONLY,\N,N,2024,TUESDAY,CONFLICTED,N,N,49.139015,-122.845708,Y,APRIL,N,SURREY,SURREY,SURREY,N,Y,N,LOWER MAINLAND,KING GEORGE BLVD # 007401 TO 007599 odd,KING GEORGE BLVD,KING GEORGE BLVD,09:00-11:59,1,0
N,PROPERTY DAMAGE ONLY,\N,N,2024,TUESDAY,CONFLICTED,N,N,49.1408,-121.961042,Y,APRIL,N,CHILLIWACK,CHILLIWACK,CHILLIWACK,N,Y,N,LOWER MAINLAND,LUCKAKUCK WAY # 045600 TO 045699,LUCKAKUCK WAY,LUCKAKUCK WAY,09:00-11:59,1,0
N,PROPERTY DAMAGE ONLY,\N,N,2024,TUESDAY,CONFLICTED,N,N,49.140836,-123.126733,Y,APRIL,N,RICHMOND,RICHMOND,RICHMOND,Y,Y,N,LOWER MAINLAND,WILLIAMS RD # 008713 TO 008924,WILLIAMS RD,WILLIAMS RD,09:00-11:59,1,0
N,PROPERTY DAMAGE ONLY,\N,N,2024,TUESDAY,CONFLICTED,N,N,49.151861,-121.977356,Y,APRIL,N,CHILLIWACK,CHILLIWACK,CHILLIWACK,Y,Y,N,LOWER MAINLAND,EAGLE LANDING PKY # 008208 TO 008261,EAGLE LANDING PKY,EAGLE LANDING PKY,09:00-11:59,1,0
N,PROPERTY DAMAGE ONLY,\N,N,2024,TUESDAY,CONFLICTED,N,N,49.159165,-122.662312,Y,APRIL,N,LANGLEY,LANGLEY,LANGLEY,N,N,N,LOWER MAINLAND,86 AVE # 020178 TO 020225,86 AVE,86 AVE,09:00-11:59,1,0
N,PROPERTY DAMAGE ONLY,\N,N,2024,TUESDAY,CONFLICTED,N,N,49.163575,-121.959045,Y,APRIL,N,CHILLIWACK,CHILLIWACK,CHILLIWACK,N,Y,N,LOWER MAINLAND,YALE RD # 045810 TO 045819,YALE RD,YALE RD,09:00-11:59,1,0
N,PROPERTY DAMAGE ONLY,\N,N,2024,TUESDAY,CONFLICTED,N,N,49.171133,-123.136472,Y,APRIL,N,RICHMOND,RICHMOND,RICHMOND,Y,Y,N,LOWER MAINLAND,NO 3 RD # 005800 TO 005998 even,NO 3 RD,NO 3 RD,09:00-11:59,1,0
N,PROPERTY DAMAGE ONLY,\N,N,2024,TUESDAY,CONFLICTED,N,N,49.192211,-123.166483,Y,APRIL,N,RICHMOND,RICHMOND,RICHMOND,Y,Y,N,LOWER MAINLAND,MILLER RD # 005200 TO 005520 even,MILLER RD,MILLER RD,09:00-11:59,1,0
N,PROPERTY DAMAGE ONLY,\N,N,2024,TUESDAY,CONFLICTED,N,N,49.213135,-122.66531,Y,APRIL,N,MAPLE RIDGE,MAPLE RIDGE,MAPLE RIDGE,Y,N,N,LOWER MAINLAND,KINGSTON ST # 011500 TO 011599,KINGSTON ST,KINGSTON ST,09:00-11:59,1,0
N,PROPERTY DAMAGE ONLY,\N,N,2024,TUESDAY,CONFLICTED,N,N,49.232382,-123.06552,Y,APRIL,N,VANCOUVER,VANCOUVER,VANCOUVER,Y,N,N,LOWER MAINLAND,VICTORIA DR # 005700 TO 005759,VICTORIA DR,VICTORIA DR,09:00-11:59,1,0
N,PROPERTY DAMAGE ONLY,\N,N,2024,TUESDAY,CONFLICTED,N,N,49.24964,-123.004243,Y,APRIL,N,BURNABY,BURNABY,BURNABY,Y,Y,N,LOWER MAINLAND,WILLINGDON AVE # 003682 TO 003798 even,WILLINGDON AVE,WILLINGDON AVE,09:00-11:59,1,0
N,PROPERTY DAMAGE ONLY,\N,N,2024,TUESDAY,CONFLICTED,N,N,49.263306,-123.120857,Y,APRIL,N,VANCOUVER,VANCOUVER,VANCOUVER,Y,Y,N,LOWER MAINLAND,W BROADWAY # 000700 TO 000799,W BROADWAY,W BROADWAY,09:00-11:59,1,0
N,PROPERTY DAMAGE ONLY,\N,N,2024,TUESDAY,CONFLICTED,N,N,49.266656,-122.777368,Y,APRIL,N,PORT COQUITLAM,PORT COQUITLAM,PORT COQUITLAM,N,Y,N,LOWER MAINLAND,SHAUGHNESSY ST # 002801 TO 002885 odd,SHAUGHNESSY ST,SHAUGHNESSY ST,09:00-11:59,1,0
N,PROPERTY DAMAGE ONLY,\N,N,2024,TUESDAY,CONFLICTED,N,N,49.272684,-122.788379,Y,APRIL,N,PORT COQUITLAM,PORT COQUITLAM,PORT COQUITLAM,N,Y,N,LOWER MAINLAND,LOUGHEED HWY # 002701 TO 002757 odd,LOUGHEED HWY,LOUGHEED HWY,09:00-11:59,1,0
N,PROPERTY DAMAGE ONLY,\N,N,2024,TUESDAY,CONFLICTED,N,N,49.276597,-123.01747,Y,APRIL,Y,BURNABY,BURNABY,BURNABY,Y,N,N,LOWER MAINLAND,VENABLES ST # 003900 TO 003999,VENABLES ST,VENABLES ST,09:00-11:59,1,0
N,PROPERTY DAMAGE ONLY,\N,N,2024,TUESDAY,CONFLICTED,N,N,49.280976,-122.92366,Y,APRIL,N,BURNABY,BURNABY,BURNABY,Y,Y,N,LOWER MAINLAND,UNIVERSITY DR # 008700 TO 008888 even,UNIVERSITY DR W,UNIVERSITY DR W,09:00-11:59,1,0
N,PROPERTY DAMAGE ONLY,\N,N,2024,TUESDAY,CONFLICTED,N,N,49.337894,-123.097953,Y,APRIL,N,NORTH VANCOUVER,NORTH VANCOUVER,NORTH VANCOUVER,Y,N,N,LOWER MAINLAND,COLWOOD DR # 003100 TO 003185,COLWOOD DR,COLWOOD DR,09:00-11:59,1,0
N,PROPERTY DAMAGE ONLY,\N,N,2024,TUESDAY,CONFLICTED,N,N,49.880408,-119.443447,Y,APRIL,N,KELOWNA,KELOWNA,KELOWNA,Y,Y,N,SOUTHERN INTERIOR,COOPER RD # 001850 TO 001898 even,COOPER RD,COOPER RD,09:00-11:59,1,0
N,PROPERTY DAMAGE ONLY,\N,N,2024,TUESDAY,CONFLICTED,N,N,52.124978,-122.142688,Y,APRIL,N,WILLIAMS LAKE,WILLIAMS LAKE,WILLIAMS LAKE,Y,N,N,NORTH CENTRAL,3RD AVE S # 000200 TO 000335,3RD AVE S,3RD AVE S,09:00-11:59,1,0
N,PROPERTY DAMAGE ONLY,\N,N,2024,TUESDAY,CONFLICTED,Y,N,49.197901,-123.136473,N,APRIL,N,RICHMOND,RICHMOND,RICHMOND & VANCOUVER,N,N,N,LOWER MAINLAND,ARTHUR LAING BRIDGE,ARTHUR LAING BRIDGE,ARTHUR LAING BRIDGE,09:00-11:59,1,0
N,PROPERTY DAMAGE ONLY,\N,N,2024,TUESDAY,CONFLICTED,Y,N,49.256159,-122.897608,Y,APRIL,N,BURNABY,BURNABY,BURNABY,Y,N,N,LOWER MAINLAND,DAVID DR # 009554 TO 009799,DAVID DR,DAVID DR,09:00-11:59,1,0
N,PROPERTY DAMAGE ONLY,\N,N,2024,TUESDAY,HEAD ON,N,N,49.140145,-122.845542,Y,APRIL,N,SURREY,SURREY,SURREY,Y,Y,N,LOWER MAINLAND,KING GEORGE BLVD # 007544 TO 007598 even,KING GEORGE HWY,KING GEORGE HWY,09:00-11:59,1,0
N,PROPERTY DAMAGE ONLY,\N,N,2024,TUESDAY,HEAD ON,N,N,49.155652,-123.175329,Y,APRIL,N,RICHMOND,RICHMOND,RICHMOND,Y,Y,N,LOWER MAINLAND,BLUNDELL RD # 004401 TO 004460,BLUNDELL RD,BLUNDELL RD,09:00-11:59,1,0
N,PROPERTY DAMAGE ONLY,\N,N,2024,TUESDAY,HEAD ON,N,N,49.251719,-122.918981,Y,APRIL,N,BURNABY,BURNABY,BURNABY,Y,Y,N,LOWER MAINLAND,BRIGHTON AVE # 003400 TO 003599,BRIGHTON AVE,BRIGHTON AVE,09:00-11:59,1,0
N,PROPERTY DAMAGE ONLY,\N,N,2024,TUESDAY,HEAD ON,N,N,51.116835,-116.721132,Y,APRIL,N,GOLDEN,GOLDEN,GOLDEN,N,Y,N,SOUTHERN INTERIOR,HWY 95 # 002788 TO 002835,HWY 95,HWY 95,09:00-11:59,1,0
N,PROPERTY DAMAGE ONLY,\N,N,2024,TUESDAY,MULTIPLE IMPACTS,N,N,49.249442,-122.997074,Y,APRIL,N,BURNABY,BURNABY,BURNABY,Y,N,N,LOWER MAINLAND,WILLOWDALE PL # 004752 TO 004772 even,WILLOWDALE PL,WILLOWDALE PL,09:00-11:59,1,0
N,PROPERTY DAMAGE ONLY,\N,N,2024,TUESDAY,MULTIPLE IMPACTS,Y,N,54.473353,-128.577174,Y,APRIL,N,TERRACE,TERRACE,TERRACE,Y,Y,N,NORTH CENTRAL,BRISTOL RD # 004380 TO 004409,BRISTOL RD,BRISTOL RD,09:00-11:59,1,0
N,PROPERTY DAMAGE ONLY,\N,N,2024,TUESDAY,REAR END,N,N,\N,\N,N,APRIL,N,LANGLEY,LANGLEY,\N,N,N,N,LOWER MAINLAND,UNKNOWN,199A ST CONNECTR,199A ST CONNECTR,09:00-11:59,1,0
N,PROPERTY DAMAGE ONLY,\N,N,2024,TUESDAY,REAR END,N,N,\N,\N,N,APRIL,N,RICHMOND,RICHMOND,\N,N,N,N,LOWER MAINLAND,UNKNOWN,HWY 99,HWY 99,09:00-11:59,1,0
N,PROPERTY DAMAGE ONLY,\N,N,2024,TUESDAY,REAR END,N,N,\N,\N,N,APRIL,N,SURREY,SURREY,\N,N,N,N,LOWER MAINLAND,UNKNOWN,UNKNOWN,UNKNOWN,09:00-11:59,1,0
N,PROPERTY DAMAGE ONLY,\N,N,2024,TUESDAY,REAR END,N,N,48.378428,-123.722102,Y,APRIL,N,SOOKE,SOOKE,SOOKE,Y,Y,N,VANCOUVER ISLAND,SOOKE RD # 006646 TO 006678,SOOKE RD,SOOKE RD,09:00-11:59,1,0
N,PROPERTY DAMAGE ONLY,\N,N,2024,TUESDAY,REAR END,N,N,48.424846,-123.35153,Y,APRIL,N,VICTORIA,VICTORIA,VICTORIA,Y,Y,N,VANCOUVER ISLAND,YATES ST # 001100 TO 001199,YATES ST,YATES ST,09:00-11:59,1,0
N,PROPERTY DAMAGE ONLY,\N,N,2024,TUESDAY,REAR END,N,N,48.429985,-123.360224,Y,APRIL,N,VICTORIA,VICTORIA,VICTORIA,Y,N,N,VANCOUVER ISLAND,NORTH PARK ST # 000800 TO 000899,NORTH PARK ST,NORTH PARK ST,09:00-11:59,1,0
N,PROPERTY DAMAGE ONLY,\N,N,2024,TUESDAY,REAR END,N,N,48.448831,-123.465279,Y,APRIL,N,COLWOOD,COLWOOD,COLWOOD,N,Y,N,VANCOUVER ISLAND,ISLAND HWY # 001734 TO 001758 even,ISLAND HWY,ISLAND HWY,09:00-11:59,1,0
N,PROPERTY DAMAGE ONLY,\N,N,2024,TUESDAY,REAR END,N,N,48.498598,-123.382612,Y,APRIL,N,SAANICH,SAANICH,SAANICH,N,Y,N,VANCOUVER ISLAND,ROYAL OAK DR # 000701 TO 000777 odd,ROYAL OAK DR,ROYAL OAK DR,09:00-11:59,1,0
N,PROPERTY DAMAGE ONLY,\N,N,2024,TUESDAY,REAR END,N,N,48.6489,-123.402002,Y,APRIL,N,SIDNEY,SIDNEY,SIDNEY,Y,Y,N,VANCOUVER ISLAND,BEACON AVE # 002345 TO 002353 odd,BEACON AVE,BEACON AVE,09:00-11:59,1,0
N,PROPERTY DAMAGE ONLY,\N,N,2024,TUESDAY,REAR END,N,N,49.035957,-122.29326,Y,APRIL,N,ABBOTSFORD,ABBOTSFORD,ABBOTSFORD,Y,Y,N,LOWER MAINLAND,MCCALLUM RD # 001800 TO 001889,MCCALLUM RD,MCCALLUM RD,09:00-11:59,1,0
N,PROPERTY DAMAGE ONLY,\N,N,2024,TUESDAY,REAR END,N,N,49.057224,-122.417748,Y,APRIL,N,ABBOTSFORD,ABBOTSFORD,ABBOTSFORD,N,N,N,LOWER MAINLAND,FRASER HWY # 028800 TO 029393,FRASER HWY,FRASER HWY,09:00-11:59,1,0
N,PROPERTY DAMAGE ONLY,\N,N,2024,TUESDAY,REAR END,N,N,49.104502,-122.804704,Y,APRIL,N,SURREY,SURREY,SURREY,Y,Y,N,LOWER MAINLAND,56 AVE # 015101 TO 015149 odd,56 AVE,56 AVE,09:00-11:59,1,0
N,PROPERTY DAMAGE ONLY,\N,N,2024,TUESDAY,REAR END,N,N,49.113953,-122.803012,Y,APRIL,N,SURREY,SURREY,SURREY,Y,N,N,LOWER MAINLAND,61A AVE # 015100 TO 015149,61A AVE,61A AVE,09:00-11:59,1,0
N,PROPERTY DAMAGE ONLY,\N,N,2024,TUESDAY,REAR END,N,N,49.12188,-122.668439,Y,APRIL,N,LANGLEY,LANGLEY,LANGLEY,Y,Y,N,LOWER MAINLAND,200 ST # 006500 TO 006598 even,200 ST,200 ST,09:00-11:59,1,0
N,PROPERTY DAMAGE ONLY,\N,N,2024,TUESDAY,REAR END,N,N,49.122602,-122.661894,Y,APRIL,N,LANGLEY,LANGLEY,LANGLEY,Y,Y,N,LOWER MAINLAND,66 AVE # 020170 TO 020299,66 AVE,66 AVE,09:00-11:59,1,0
N,PROPERTY DAMAGE ONLY,\N,N,2024,TUESDAY,REAR END,N,N,49.141167,-123.109141,Y,APRIL,N,RICHMOND,RICHMOND,RICHMOND,Y,N,N,LOWER MAINLAND,AQUILA RD # 009900 TO 009999,AQUILA RD,AQUILA RD,09:00-11:59,1,0
N,PROPERTY DAMAGE ONLY,\N,N,2024,TUESDAY,REAR END,N,N,49.165031,-122.665651,Y,APRIL,N,LANGLEY,LANGLEY,LANGLEY,Y,Y,N,LOWER MAINLAND,88 AVE # 020101 TO 020159 odd,88 AVE,88 AVE,09:00-11:59,1,0
N,PROPERTY DAMAGE ONLY,\N,N,2024,TUESDAY,REAR END,N,N,49.170853,-122.67127,Y,APRIL,N,LANGLEY,LANGLEY,LANGLEY,Y,Y,N,LOWER MAINLAND,92A AVE # 019800 TO 019999,92A AVE,92A AVE,09:00-11:59,1,0
N,PROPERTY DAMAGE ONLY,\N,N,2024,TUESDAY,REAR END,N,N,49.179738,-123.135231,Y,APRIL,N,RICHMOND,RICHMOND,RICHMOND,Y,Y,N,LOWER MAINLAND,LESLIE RD # 008000 TO 008199,LESLIE RD,LESLIE RD,09:00-11:59,1,0
N,PROPERTY DAMAGE ONLY,\N,N,2024,TUESDAY,REAR END,N,N,49.218157,-122.601678,Y,APRIL,N,MAPLE RIDGE,MAPLE RIDGE,MAPLE RIDGE,Y,Y,N,LOWER MAINLAND,224 ST # 011850 TO 011899,224 ST,224 ST,09:00-11:59,1,0
N,PROPERTY DAMAGE ONLY,\N,N,2024,TUESDAY,REAR END,N,N,49.231773,-124.044187,Y,APRIL,N,NANAIMO,NANAIMO,NANAIMO,N,Y,N,VANCOUVER ISLAND,METRAL DR # 006421 TO 006449 odd,METRAL DR,METRAL DR,09:00-11:59,1,0
N,PROPERTY DAMAGE ONLY,\N,N,2024,TUESDAY,REAR END,N,N,49.233361,-123.06549,Y,APRIL,N,VANCOUVER,VANCOUVER,VANCOUVER,Y,Y,N,LOWER MAINLAND,VICTORIA DR # 005600 TO 005699,VICTORIA DR,VICTORIA DR,09:00-11:59,1,0
N,PROPERTY DAMAGE ONLY,\N,N,2024,TUESDAY,REAR END,N,N,49.236105,-122.541035,Y,APRIL,N,MAPLE RIDGE,MAPLE RIDGE,MAPLE RIDGE,Y,N,N,LOWER MAINLAND,ALOUETTE RD # 012800 TO 012929,ALOUETTE RD,ALOUETTE RD,09:00-11:59,1,0
N,PROPERTY DAMAGE ONLY,\N,N,2024,TUESDAY,REAR END,N,N,49.244945,-123.127654,Y,APRIL,N,VANCOUVER,VANCOUVER,VANCOUVER,N,Y,N,LOWER MAINLAND,OAK ST # 004500 TO 004599,OAK ST,OAK ST,09:00-11:59,1,0
N,PROPERTY DAMAGE ONLY,\N,N,2024,TUESDAY,REAR END,N,N,49.245574,-122.865129,Y,APRIL,N,COQUITLAM,COQUITLAM,COQUITLAM,Y,N,N,LOWER MAINLAND,NELSON ST # 000400 TO 000405,NELSON ST,NELSON ST,09:00-11:59,1,0
N,PROPERTY DAMAGE ONLY,\N,N,2024,TUESDAY,REAR END,N,N,49.257697,-123.165709,Y,APRIL,N,VANCOUVER,VANCOUVER,VANCOUVER,N,Y,N,LOWER MAINLAND,W 16TH AVE # 002601 TO 002699 odd,W 16TH AVE,W 16TH AVE,09:00-11:59,1,0
N,PROPERTY DAMAGE ONLY,\N,N,2024,TUESDAY,REAR END,N,N,49.257716,-124.812919,Y,APRIL,N,PORT ALBERNI,PORT ALBERNI,PORT ALBERNI,Y,Y,N,VANCOUVER ISLAND,JOHNSTON RD # 005000 TO 005099,JOHNSTON RD,JOHNSTON RD,09:00-11:59,1,0
N,PROPERTY DAMAGE ONLY,\N,N,2024,TUESDAY,REAR END,N,N,49.261511,-123.125398,Y,APRIL,N,VANCOUVER,VANCOUVER,VANCOUVER,N,Y,N,LOWER MAINLAND,LAUREL ST # 002600 TO 002799,LAUREL ST,LAUREL ST,09:00-11:59,1,0
N,PROPERTY DAMAGE ONLY,\N,N,2024,TUESDAY,REAR END,N,N,49.263917,-123.018876,Y,APRIL,N,BURNABY,BURNABY,BURNABY,Y,Y,N,LOWER MAINLAND,HENNING DR # 003700 TO 004099,HENNING DR,HENNING DR,09:00-11:59,1,0
N,PROPERTY DAMAGE ONLY,\N,N,2024,TUESDAY,REAR END,N,N,49.274413,-122.792884,Y,APRIL,N,COQUITLAM,COQUITLAM,COQUITLAM,Y,Y,N,LOWER MAINLAND,LOUGHEED HWY # 002988 TO 003098 even,LOUGHEED HWY,LOUGHEED HWY,09:00-11:59,1,0
N,PROPERTY DAMAGE ONLY,\N,N,2024,TUESDAY,REAR END,N,N,49.275888,-122.856621,Y,APRIL,N,PORT MOODY,PORT MOODY,PORT MOODY,Y,Y,N,LOWER MAINLAND,KYLE ST # 000120 TO 000129,KYLE ST,KYLE ST,09:00-11:59,1,0
N,PROPERTY DAMAGE ONLY,\N,N,2024,TUESDAY,REAR END,N,N,49.332793,-124.341367,Y,APRIL,N,PARKSVILLE,PARKSVILLE,PARKSVILLE,Y,N,N,VANCOUVER ISLAND,BELSON ST # 000540 TO 000599,BELSON ST,BELSON ST,09:00-11:59,1,0
N,PROPERTY DAMAGE ONLY,\N,N,2024,TUESDAY,REAR END,N,N,49.336991,-123.110049,Y,APRIL,N,NORTH VANCOUVER,NORTH VANCOUVER,NORTH VANCOUVER,Y,N,N,LOWER MAINLAND,PAISLEY RD # 003000 TO 003091,PAISLEY RD,PAISLEY RD,09:00-11:59,1,0
N,PROPERTY DAMAGE ONLY,\N,N,2024,TUESDAY,REAR END,N,N,49.877712,-119.482767,Y,APRIL,N,KELOWNA,KELOWNA,KELOWNA,N,N,N,SOUTHERN INTERIOR,ETHEL ST # 001994 TO 002049,ETHEL ST,ETHEL ST,09:00-11:59,1,0
N,PROPERTY DAMAGE ONLY,\N,N,2024,TUESDAY,REAR END,N,N,49.880408,-119.443447,Y,APRIL,N,KELOWNA,KELOWNA,KELOWNA,N,Y,N,SOUTHERN INTERIOR,COOPER RD # 001850 TO 001898 even,COOPER RD,COOPER RD,09:00-11:59,1,0
N,PROPERTY DAMAGE ONLY,\N,N,2024,TUESDAY,REAR END,N,N,49.905288,-119.456039,Y,APRIL,N,KELOWNA,KELOWNA,KELOWNA,Y,N,N,SOUTHERN INTERIOR,GLENMEADOWS RD # 000594 TO 000615,GLENMEADOWS RD,GLENMEADOWS RD,09:00-11:59,1,0
N,PROPERTY DAMAGE ONLY,\N,N,2024,TUESDAY,REAR END,N,N,50.282738,-119.266716,Y,APRIL,N,VERNON,VERNON,VERNON,Y,Y,N,SOUTHERN INTERIOR,27 ST # 004800 TO 004998 even,27 ST,27 ST,09:00-11:59,1,0
N,PROPERTY DAMAGE ONLY,\N,N,2024,TUESDAY,REAR END,N,N,50.287419,-119.262651,Y,APRIL,N,VERNON,VERNON,VERNON,Y,Y,N,SOUTHERN INTERIOR,24 ST # 005500 TO 005721,24 ST,24 ST,09:00-11:59,1,0
N,PROPERTY DAMAGE ONLY,\N,N,2024,TUESDAY,REAR END,Y,N,\N,\N,N,APRIL,N,SURREY,SURREY,\N,N,N,N,LOWER MAINLAND,UNKNOWN,PACIFIC HWY,PACIFIC HWY,09:00-11:59,1,0
N,PROPERTY DAMAGE ONLY,\N,N,2024,TUESDAY,REAR END,Y,N,\N,\N,N,APRIL,N,WEST KELOWNA,WEST KELOWNA,\N,Y,N,N,SOUTHERN INTERIOR,UNKNOWN,MAIN ST,MAIN ST,09:00-11:59,1,0
N,PROPERTY DAMAGE ONLY,\N,N,2024,TUESDAY,REAR END,Y,N,49.141965,-121.960461,Y,APRIL,N,CHILLIWACK,CHILLIWACK,CHILLIWACK,Y,Y,N,LOWER MAINLAND,VEDDER RD # 007650 TO 007790 even,VEDDER RD,VEDDER RD,09:00-11:59,1,0
N,PROPERTY DAMAGE ONLY,\N,N,2024,TUESDAY,REAR END,Y,N,55.355929,-127.688715,Y,APRIL,N,KISPIOX,KISPIOX,KISPIOX,Y,Y,N,NORTH CENTRAL,MARY BLACKWATER DR # 001416 TO 001455,MARY BLACKWATER DR,MARY BLACKWATER DR,09:00-11:59,1,0
N,PROPERTY DAMAGE ONLY,\N,N,2024,TUESDAY,REAR TO REAR,N,N,49.142995,-123.114131,Y,APRIL,N,RICHMOND,RICHMOND,RICHMOND,Y,Y,N,LOWER MAINLAND,NO 4 RD # 009452 TO 009733,NO 4 RD,NO 4 RD,09:00-11:59,1,0
N,PROPERTY DAMAGE ONLY,\N,N,2024,TUESDAY,REAR TO REAR,N,N,49.172236,-123.145716,Y,APRIL,N,RICHMOND,RICHMOND,RICHMOND,N,Y,N,LOWER MAINLAND,ELMBRIDGE WAY # 007100 TO 007308,ELMBRIDGE WAY,ELMBRIDGE WAY,09:00-11:59,1,0
N,PROPERTY DAMAGE ONLY,\N,N,2024,TUESDAY,REAR TO REAR,N,N,49.177142,-122.866041,Y,APRIL,N,SURREY,SURREY,SURREY,Y,Y,N,LOWER MAINLAND,96 AVE # 012800 TO 012939,96 AVE,96 AVE,09:00-11:59,1,0
N,PROPERTY DAMAGE ONLY,\N,N,2024,TUESDAY,REAR TO REAR,N,N,49.178512,-121.93361,Y,APRIL,N,CHILLIWACK,CHILLIWACK,CHILLIWACK,N,Y,N,LOWER MAINLAND,MENZIES ST # 009700 TO 009711,MENZIES ST,MENZIES ST,09:00-11:59,1,0
N,PROPERTY DAMAGE ONLY,\N,N,2024,TUESDAY,REAR TO REAR,N,N,49.207491,-124.023692,Y,APRIL,N,NANAIMO,NANAIMO,NANAIMO,Y,Y,N,VANCOUVER ISLAND,WELLINGTON RD # 004322 TO 004433,WELLINGTON RD,WELLINGTON RD,09:00-11:59,1,0
N,PROPERTY DAMAGE ONLY,\N,N,2024,TUESDAY,REAR TO REAR,N,N,49.2145,-123.06567,Y,APRIL,N,VANCOUVER,VANCOUVER,VANCOUVER,Y,N,N,LOWER MAINLAND,E 61ST AVE # 002000 TO 002035,E 61ST AVE,E 61ST AVE,09:00-11:59,1,0
N,PROPERTY DAMAGE ONLY,\N,N,2024,TUESDAY,REAR TO REAR,N,N,49.233864,-122.774181,Y,APRIL,N,PORT COQUITLAM,PORT COQUITLAM,PORT COQUITLAM,N,N,N,LOWER MAINLAND,FRASERVIEW ST # 001030 TO 001199,FRASERVIEW ST,FRASERVIEW ST,09:00-11:59,1,0
N,PROPERTY DAMAGE ONLY,\N,N,2024,TUESDAY,REAR TO REAR,N,N,49.258172,-123.042894,Y,APRIL,N,VANCOUVER,VANCOUVER,VANCOUVER,Y,Y,N,LOWER MAINLAND,GRANDVIEW HWY # 002900 TO 002999,GRANDVIEW HWY,GRANDVIEW HWY,09:00-11:59,1,0
N,PROPERTY DAMAGE ONLY,\N,N,2024,TUESDAY,REAR TO REAR,N,N,49.260308,-123.138713,Y,APRIL,N,VANCOUVER,VANCOUVER,VANCOUVER,Y,N,N,LOWER MAINLAND,GRANVILLE ST # 002800 TO 002899,GRANVILLE ST,GRANVILLE ST,09:00-11:59,1,0
N,PROPERTY DAMAGE ONLY,\N,N,2024,TUESDAY,REAR TO REAR,N,N,49.300839,-122.757517,Y,APRIL,N,COQUITLAM,COQUITLAM,COQUITLAM,N,N,N,LOWER MAINLAND,AVONDALE ST # 001450 TO 001465,AVONDALE ST,AVONDALE ST,09:00-11:59,1,0
N,PROPERTY DAMAGE ONLY,\N,N,2024,TUESDAY,REAR TO REAR,N,N,49.854082,-119.47543,Y,APRIL,N,KELOWNA,KELOWNA,KELOWNA,N,Y,N,SOUTHERN INTERIOR,BARNES AVE # 001060 TO 001099,BARNES AVE,BARNES AVE,09:00-11:59,1,0
N,PROPERTY DAMAGE ONLY,\N,N,2024,TUESDAY,REAR TO REAR,Y,N,49.831327,-119.590615,Y,APRIL,N,WEST KELOWNA,WEST KELOWNA,WEST KELOWNA,Y,Y,N,SOUTHERN INTERIOR,BOUCHERIE RD # 001751 TO 001836,BOUCHERIE RD,BOUCHERIE RD,09:00-11:59,1,0
N,PROPERTY DAMAGE ONLY,\N,N,2024,TUESDAY,SIDE IMPACT,N,N,\N,\N,N,APRIL,N,BURNABY,BURNABY,\N,Y,Y,N,LOWER MAINLAND,UNKNOWN,HASTINGS STREET,HASTINGS STREET,09:00-11:59,1,0
N,PROPERTY DAMAGE ONLY,\N,N,2024,TUESDAY,SIDE IMPACT,N,N,\N,\N,N,APRIL,N,DUNCAN,DUNCAN,\N,Y,Y,N,VANCOUVER ISLAND,UNKNOWN,4TH ST,4TH ST,09:00-11:59,1,0
N,PROPERTY DAMAGE ONLY,\N,N,2024,TUESDAY,SIDE IMPACT,N,N,\N,\N,N,APRIL,N,KELOWNA,KELOWNA,\N,Y,N,N,SOUTHERN INTERIOR,UNKNOWN,MADRID WAY,MADRID WAY,09:00-11:59,1,0
N,PROPERTY DAMAGE ONLY,\N,N,2024,TUESDAY,SIDE IMPACT,N,N,\N,\N,N,APRIL,N,KEREMEOS,KEREMEOS,\N,N,N,N,SOUTHERN INTERIOR,UNKNOWN,HWY3,HWY3,09:00-11:59,1,0
N,PROPERTY DAMAGE ONLY,\N,N,2024,TUESDAY,SIDE IMPACT,N,N,\N,\N,N,APRIL,N,MERRITT,MERRITT,\N,N,N,N,SOUTHERN INTERIOR,UNKNOWN,COQUIHALLA HWY,COQUIHALLA HWY,09:00-11:59,1,0
N,PROPERTY DAMAGE ONLY,\N,N,2024,TUESDAY,SIDE IMPACT,N,N,\N,\N,N,APRIL,N,PRINCE GEORGE,PRINCE GEORGE,\N,Y,Y,N,NORTH CENTRAL,UNKNOWN,HWY 16 W,HWY 16 W,09:00-11:59,1,0
N,PROPERTY DAMAGE ONLY,\N,N,2024,TUESDAY,SIDE IMPACT,N,N,\N,\N,N,APRIL,N,PRINCE RUPERT,PRINCE RUPERT,\N,Y,Y,N,NORTH CENTRAL,UNKNOWN,E 3RD AVE,E 3RD AVE,09:00-11:59,1,0
N,PROPERTY DAMAGE ONLY,\N,N,2024,TUESDAY,SIDE IMPACT,N,N,\N,\N,N,APRIL,N,QUESNEL,QUESNEL,\N,N,N,N,NORTH CENTRAL,UNKNOWN,CARIBOO HWY,CARIBOO HWY,09:00-11:59,1,0
N,PROPERTY DAMAGE ONLY,\N,N,2024,TUESDAY,SIDE IMPACT,N,N,\N,\N,N,APRIL,N,RICHMOND,RICHMOND,\N,Y,Y,N,LOWER MAINLAND,UNKNOWN,HORSESHOE WAY,HORSESHOE WAY,09:00-11:59,1,0
N,PROPERTY DAMAGE ONLY,\N,N,2024,TUESDAY,SIDE IMPACT,N,N,\N,\N,N,APRIL,N,SOOKE,SOOKE,\N,Y,Y,N,VANCOUVER ISLAND,UNKNOWN,SOOKE ROAD,SOOKE ROAD,09:00-11:59,1,0
N,PROPERTY DAMAGE ONLY,\N,N,2024,TUESDAY,SIDE IMPACT,N,N,\N,\N,N,APRIL,N,VANCOUVER,VANCOUVER,\N,Y,Y,N,LOWER MAINLAND,UNKNOWN,DAVIE STREET,DAVIE STREET,09:00-11:59,1,0
N,PROPERTY DAMAGE ONLY,\N,N,2024,TUESDAY,SIDE IMPACT,N,N,\N,\N,N,APRIL,N,WEST KELOWNA,WEST KELOWNA,\N,Y,N,N,SOUTHERN INTERIOR,UNKNOWN,?,?,09:00-11:59,1,0
N,PROPERTY DAMAGE ONLY,\N,N,2024,TUESDAY,SIDE IMPACT,N,N,48.423139,-123.312893,Y,APRIL,N,OAK BAY,OAK BAY,OAK BAY,Y,N,N,VANCOUVER ISLAND,OLIVER ST # 001100 TO 001299,OLIVER ST,OLIVER ST,09:00-11:59,1,0
N,PROPERTY DAMAGE ONLY,\N,N,2024,TUESDAY,SIDE IMPACT,N,N,48.439622,-123.373245,Y,APRIL,N,VICTORIA,VICTORIA,VICTORIA,Y,Y,N,VANCOUVER ISLAND,BRIDGE ST # 002900 TO 002989,BRIDGE ST,BRIDGE ST,09:00-11:59,1,0
N,PROPERTY DAMAGE ONLY,\N,N,2024,TUESDAY,SIDE IMPACT,N,N,48.441996,-123.50364,Y,APRIL,N,LANGFORD,LANGFORD,LANGFORD,Y,Y,N,VANCOUVER ISLAND,LANGFORD PKY # 000801 TO 000839 odd,LANGFORD PKY,LANGFORD PKY,09:00-11:59,1,0
N,PROPERTY DAMAGE ONLY,\N,N,2024,TUESDAY,SIDE IMPACT,N,N,48.490535,-123.317132,Y,APRIL,N,SAANICH,SAANICH,SAANICH,Y,Y,N,VANCOUVER ISLAND,TYNDALL AVE # 004481 TO 004489,TYNDALL AVE,TYNDALL AVE,09:00-11:59,1,0
N,PROPERTY DAMAGE ONLY,\N,N,2024,TUESDAY,SIDE IMPACT,N,N,48.803125,-123.723035,Y,APRIL,N,DUNCAN,DUNCAN,DUNCAN,N,Y,N,VANCOUVER ISLAND,DRINKWATER RD # 003020 TO 003049,DRINKWATER RD,DRINKWATER RD,09:00-11:59,1,0
N,PROPERTY DAMAGE ONLY,\N,N,2024,TUESDAY,SIDE IMPACT,N,N,49.032057,-122.801282,Y,APRIL,N,SURREY,SURREY,SURREY,Y,Y,N,LOWER MAINLAND,152 ST # 001601 TO 001699 odd,152 ST,152 ST,09:00-11:59,1,0
N,PROPERTY DAMAGE ONLY,\N,N,2024,TUESDAY,SIDE IMPACT,N,N,49.053021,-122.31499,Y,APRIL,N,ABBOTSFORD,ABBOTSFORD,ABBOTSFORD,N,Y,N,LOWER MAINLAND,GLADWIN RD # 002770 TO 002829,GLADWIN RD,GLADWIN RD,09:00-11:59,1,0
N,PROPERTY DAMAGE ONLY,\N,N,2024,TUESDAY,SIDE IMPACT,N,N,49.057828,-122.318485,Y,APRIL,N,ABBOTSFORD,ABBOTSFORD,ABBOTSFORD,N,Y,N,LOWER MAINLAND,GARIBALDI DR # 032696 TO 032719,GARIBALDI DR,GARIBALDI DR,09:00-11:59,1,0
N,PROPERTY DAMAGE ONLY,\N,N,2024,TUESDAY,SIDE IMPACT,N,N,49.057836,-122.801149,Y,APRIL,N,SURREY,SURREY,SURREY,N,Y,N,LOWER MAINLAND,152 ST # 003050 TO 003089,152 ST,152 ST,09:00-11:59,1,0
N,PROPERTY DAMAGE ONLY,\N,N,2024,TUESDAY,SIDE IMPACT,N,N,49.059096,-122.882144,Y,APRIL,N,SURREY,SURREY,SURREY,Y,Y,N,LOWER MAINLAND,MCBRIDE AVE # 003120 TO 003141,MCBRIDE AVE,MCBRIDE AVE,09:00-11:59,1,0
N,PROPERTY DAMAGE ONLY,\N,N,2024,TUESDAY,SIDE IMPACT,N,N,49.078548,-122.647308,Y,APRIL,N,LANGLEY,LANGLEY,LANGLEY,Y,Y,N,LOWER MAINLAND,208 ST # 004200 TO 004239,208 ST,208 ST,09:00-11:59,1,0
N,PROPERTY DAMAGE ONLY,\N,N,2024,TUESDAY,SIDE IMPACT,N,N,49.090216,-123.083196,Y,APRIL,N,DELTA,DELTA,DELTA,N,Y,N,LOWER MAINLAND,48 AVE # 005041 TO 005099,48 AVE,48 AVE,09:00-11:59,1,0
N,PROPERTY DAMAGE ONLY,\N,N,2024,TUESDAY,SIDE IMPACT,N,N,49.106759,-122.705248,Y,APRIL,N,SURREY,SURREY,SURREY,N,N,N,LOWER MAINLAND,57 AVE # 018650 TO 018699,57 AVE,57 AVE,09:00-11:59,1,0
N,PROPERTY DAMAGE ONLY,\N,N,2024,TUESDAY,SIDE IMPACT,N,N,49.112592,-122.676755,Y,APRIL,N,LANGLEY,LANGLEY,LANGLEY,Y,Y,N,LOWER MAINLAND,FRASER HWY # 019683 TO 019799 odd,FRASER HWY,FRASER HWY,09:00-11:59,1,0
N,PROPERTY DAMAGE ONLY,\N,N,2024,TUESDAY,SIDE IMPACT,N,N,49.132991,-122.327877,Y,APRIL,N,MISSION,MISSION,MISSION,N,Y,N,LOWER MAINLAND,LOUGHEED HWY # 032251 TO 032449 odd,LOUGHEED HWY,LOUGHEED HWY,09:00-11:59,1,0
N,PROPERTY DAMAGE ONLY,\N,N,2024,TUESDAY,SIDE IMPACT,N,N,49.138657,-122.845533,Y,APRIL,N,SURREY,SURREY,SURREY,Y,Y,N,LOWER MAINLAND,KING GEORGE BLVD # 007400 TO 007542 even,KING GEORGE BLVD,KING GEORGE BLVD,09:00-11:59,1,0
N,PROPERTY DAMAGE ONLY,\N,N,2024,TUESDAY,SIDE IMPACT,N,N,49.140429,-122.881509,Y,APRIL,N,SURREY,SURREY,SURREY,Y,N,N,LOWER MAINLAND,123 ST # 007550 TO 007599,123 ST,123 ST,09:00-11:59,1,0
N,PROPERTY DAMAGE ONLY,\N,N,2024,TUESDAY,SIDE IMPACT,N,N,49.146278,-122.992892,Y,APRIL,N,DELTA,DELTA,DELTA,Y,Y,N,LOWER MAINLAND,RIVER WAY # 008270 TO 008358,RIVER WAY,RIVER WAY,09:00-11:59,1,0
N,PROPERTY DAMAGE ONLY,\N,N,2024,TUESDAY,SIDE IMPACT,N,N,49.146585,-123.106359,Y,APRIL,N,RICHMOND,RICHMOND,RICHMOND,Y,N,N,LOWER MAINLAND,ARROWSMITH DR # 009179 TO 009279 odd,ARROWSMITH DR,ARROWSMITH DR,09:00-11:59,1,0
N,PROPERTY DAMAGE ONLY,\N,N,2024,TUESDAY,SIDE IMPACT,N,N,49.147069,-122.790061,Y,APRIL,N,SURREY,SURREY,SURREY,Y,N,N,LOWER MAINLAND,156 ST # 007940 TO 007943,156 ST,156 ST,09:00-11:59,1,0
N,PROPERTY DAMAGE ONLY,\N,N,2024,TUESDAY,SIDE IMPACT,N,N,49.153831,-122.963009,Y,APRIL,N,DELTA,DELTA,DELTA,Y,Y,N,LOWER MAINLAND,RIVER RD # 009200 TO 009549,RIVER RD,RIVER RD,09:00-11:59,1,0
N,PROPERTY DAMAGE ONLY,\N,N,2024,TUESDAY,SIDE IMPACT,N,N,49.162794,-123.145411,Y,APRIL,N,RICHMOND,RICHMOND,RICHMOND,Y,Y,N,LOWER MAINLAND,GRANVILLE AVE # 007001 TO 007299 odd,GRANVILLE AVE,GRANVILLE AVE,09:00-11:59,1,0
N,PROPERTY DAMAGE ONLY,\N,N,2024,TUESDAY,SIDE IMPACT,N,N,49.164685,-122.819008,Y,APRIL,N,SURREY,SURREY,SURREY,Y,N,N,LOWER MAINLAND,89 AVE # 014500 TO 014599,89 AVE,89 AVE,09:00-11:59,1,0
N,PROPERTY DAMAGE ONLY,\N,N,2024,TUESDAY,SIDE IMPACT,N,N,49.165031,-122.665651,Y,APRIL,N,LANGLEY,LANGLEY,LANGLEY,N,Y,N,LOWER MAINLAND,88 AVE # 020101 TO 020159 odd,88 AVE,88 AVE,09:00-11:59,1,0
N,PROPERTY DAMAGE ONLY,\N,N,2024,TUESDAY,SIDE IMPACT,N,N,49.165195,-121.9589,Y,APRIL,N,CHILLIWACK,CHILLIWACK,CHILLIWACK,N,Y,N,LOWER MAINLAND,YALE RD # 045820 TO 045899,YALE RD,YALE RD,09:00-11:59,1,0
N,PROPERTY DAMAGE ONLY,\N,N,2024,TUESDAY,SIDE IMPACT,N,N,49.165601,-123.133706,Y,APRIL,N,RICHMOND,RICHMOND,RICHMOND,Y,Y,N,LOWER MAINLAND,BUSWELL ST # 006500 TO 006699,BUSWELL ST,BUSWELL ST,09:00-11:59,2,0
N,PROPERTY DAMAGE ONLY,\N,N,2024,TUESDAY,SIDE IMPACT,N,N,49.181742,-123.125178,Y,APRIL,N,RICHMOND,RICHMOND,RICHMOND,N,Y,N,LOWER MAINLAND,ODLIN RD # 008738 TO 008799,ODLIN RD,ODLIN RD,09:00-11:59,1,0
N,PROPERTY DAMAGE ONLY,\N,N,2024,TUESDAY,SIDE IMPACT,N,N,49.18485,-123.962643,Y,APRIL,N,NANAIMO,NANAIMO,NANAIMO,Y,Y,N,VANCOUVER ISLAND,WADDINGTON RD # 001400 TO 001451,WADDINGTON RD,WADDINGTON RD,09:00-11:59,1,0
N,PROPERTY DAMAGE ONLY,\N,N,2024,TUESDAY,SIDE IMPACT,N,N,49.185598,-123.135643,Y,APRIL,N,RICHMOND,RICHMOND,RICHMOND,Y,Y,N,LOWER MAINLAND,NO 3 RD # 003700 TO 003998 even,NO 3 RD,NO 3 RD,09:00-11:59,1,0
N,PROPERTY DAMAGE ONLY,\N,N,2024,TUESDAY,SIDE IMPACT,N,N,49.18809,-123.112081,Y,APRIL,N,RICHMOND,RICHMOND,RICHMOND,Y,N,N,LOWER MAINLAND,ST EDWARDS DR # 010134 TO 010211,ST EDWARDS DR,ST EDWARDS DR,09:00-11:59,1,0
N,PROPERTY DAMAGE ONLY,\N,N,2024,TUESDAY,SIDE IMPACT,N,N,49.190089,-122.800995,Y,APRIL,N,SURREY,SURREY,SURREY,Y,Y,N,LOWER MAINLAND,152 ST # 010251 TO 010399 odd,152 ST,152 ST,09:00-11:59,1,0
N,PROPERTY DAMAGE ONLY,\N,N,2024,TUESDAY,SIDE IMPACT,N,N,49.204784,-124.003658,Y,APRIL,N,NANAIMO,NANAIMO,NANAIMO,Y,Y,N,VANCOUVER ISLAND,ISLAND HWY N # 003162 TO 003220 even,ISLAND HWY N,ISLAND HWY N,09:00-11:59,1,0
N,PROPERTY DAMAGE ONLY,\N,N,2024,TUESDAY,SIDE IMPACT,N,N,49.206969,-122.905969,Y,APRIL,N,NEW WESTMINSTER,NEW WESTMINSTER,NEW WESTMINSTER,Y,N,N,LOWER MAINLAND,AGNES ST # 000300 TO 000319,AGNES ST,AGNES ST,09:00-11:59,1,0
N,PROPERTY DAMAGE ONLY,\N,N,2024,TUESDAY,SIDE IMPACT,N,N,49.209817,-122.900646,Y,APRIL,N,NEW WESTMINSTER,NEW WESTMINSTER,NEW WESTMINSTER,Y,Y,N,LOWER MAINLAND,AGNES ST # 000000 TO 000044,AGNES ST,AGNES ST,09:00-11:59,1,0
N,PROPERTY DAMAGE ONLY,\N,N,2024,TUESDAY,SIDE IMPACT,N,N,49.210726,-123.099335,Y,APRIL,N,VANCOUVER,VANCOUVER,VANCOUVER,Y,Y,N,LOWER MAINLAND,SE MARINE DR # 000300 TO 000388 even,SE MARINE DR,SE MARINE DR,09:00-11:59,1,0
N,PROPERTY DAMAGE ONLY,\N,N,2024,TUESDAY,SIDE IMPACT,N,N,49.210837,-122.645338,Y,APRIL,N,MAPLE RIDGE,MAPLE RIDGE,MAPLE RIDGE,N,N,N,LOWER MAINLAND,GOLF LANE # 020730 TO 020889,GOLF LANE,GOLF LANE,09:00-11:59,1,0
N,PROPERTY DAMAGE ONLY,\N,N,2024,TUESDAY,SIDE IMPACT,N,N,49.210938,-123.101289,Y,APRIL,N,VANCOUVER,VANCOUVER,VANCOUVER,N,Y,N,LOWER MAINLAND,SE MARINE DR # 000201 TO 000299 odd,SE MARINE DR,SE MARINE DR,09:00-11:59,1,0
N,PROPERTY DAMAGE ONLY,\N,N,2024,TUESDAY,SIDE IMPACT,N,N,49.210981,-123.090353,Y,APRIL,N,VANCOUVER,VANCOUVER,VANCOUVER,Y,Y,N,LOWER MAINLAND,SE MARINE DR # 000700 TO 000748 even,SE MARINE DR,SE MARINE DR,09:00-11:59,1,0
N,PROPERTY DAMAGE ONLY,\N,N,2024,TUESDAY,SIDE IMPACT,N,N,49.211352,-122.919318,Y,APRIL,N,NEW WESTMINSTER,NEW WESTMINSTER,NEW WESTMINSTER,Y,N,N,LOWER MAINLAND,FIFTH AVE # 000600 TO 000699,FIFTH AVE,FIFTH AVE,09:00-11:59,1,0
N,PROPERTY DAMAGE ONLY,\N,N,2024,TUESDAY,SIDE IMPACT,N,N,49.220042,-123.095939,Y,APRIL,N,VANCOUVER,VANCOUVER,VANCOUVER,Y,N,N,LOWER MAINLAND,E 55TH AVE # 000407 TO 000498,E 55TH AVE,E 55TH AVE,09:00-11:59,1,0
N,PROPERTY DAMAGE ONLY,\N,N,2024,TUESDAY,SIDE IMPACT,N,N,49.226728,-124.043176,Y,APRIL,N,NANAIMO,NANAIMO,NANAIMO,Y,Y,N,VANCOUVER ISLAND,METRAL DR # 006130 TO 006153,METRAL DR,METRAL DR,09:00-11:59,1,0
N,PROPERTY DAMAGE ONLY,\N,N,2024,TUESDAY,SIDE IMPACT,N,N,49.227903,-123.116308,Y,APRIL,N,VANCOUVER,VANCOUVER,VANCOUVER,Y,N,N,LOWER MAINLAND,CAMBIE ST # 006200 TO 006398 even,CAMBIE ST,CAMBIE ST,09:00-11:59,1,0
N,PROPERTY DAMAGE ONLY,\N,N,2024,TUESDAY,SIDE IMPACT,N,N,49.232396,-122.983966,Y,APRIL,N,BURNABY,BURNABY,BURNABY,Y,N,N,LOWER MAINLAND,OAKMOUNT CRES # 005200 TO 005279,OAKMOUNT CRES,OAKMOUNT CRES,09:00-11:59,1,0
N,PROPERTY DAMAGE ONLY,\N,N,2024,TUESDAY,SIDE IMPACT,N,N,49.234641,-123.159219,Y,APRIL,N,VANCOUVER,VANCOUVER,VANCOUVER,N,Y,N,LOWER MAINLAND,W 41ST AVE # 002200 TO 002303,W 41ST AVE,W 41ST AVE,09:00-11:59,1,0
N,PROPERTY DAMAGE ONLY,\N,N,2024,TUESDAY,SIDE IMPACT,N,N,49.243315,-123.183594,Y,APRIL,N,VANCOUVER,VANCOUVER,VANCOUVER,Y,N,N,LOWER MAINLAND,W 32ND AVE # 003522 TO 003588,W 32ND AVE,W 32ND AVE,09:00-11:59,1,0
N,PROPERTY DAMAGE ONLY,\N,N,2024,TUESDAY,SIDE IMPACT,N,N,49.246796,-123.06867,Y,APRIL,N,VANCOUVER,VANCOUVER,VANCOUVER,Y,N,N,LOWER MAINLAND,KINGSWAY # 001740 TO 001773,KINGSWAY,KINGSWAY,09:00-11:59,1,0
N,PROPERTY DAMAGE ONLY,\N,N,2024,TUESDAY,SIDE IMPACT,N,N,49.259075,-122.778159,Y,APRIL,N,PORT COQUITLAM,PORT COQUITLAM,PORT COQUITLAM,N,N,N,LOWER MAINLAND,KELLY AVE # 002180 TO 002199,KELLY AVE,KELLY AVE,09:00-11:59,1,0
N,PROPERTY DAMAGE ONLY,\N,N,2024,TUESDAY,SIDE IMPACT,N,N,49.259963,-122.780965,Y,APRIL,N,PORT COQUITLAM,PORT COQUITLAM,PORT COQUITLAM,Y,N,N,LOWER MAINLAND,ATKINS AVE # 002216 TO 002299,ATKINS AVE,ATKINS AVE,09:00-11:59,1,0
N,PROPERTY DAMAGE ONLY,\N,N,2024,TUESDAY,SIDE IMPACT,N,N,49.259976,-123.194373,Y,APRIL,N,VANCOUVER,VANCOUVER,VANCOUVER,Y,N,N,LOWER MAINLAND,W 14TH AVE # 004000 TO 004021,W 14TH AVE,W 14TH AVE,09:00-11:59,1,0
N,PROPERTY DAMAGE ONLY,\N,N,2024,TUESDAY,SIDE IMPACT,N,N,49.263464,-122.853091,Y,APRIL,N,COQUITLAM,COQUITLAM,COQUITLAM,Y,Y,N,LOWER MAINLAND,COMO LAKE AVE # 001400 TO 001422,COMO LAKE AVE,COMO LAKE AVE,09:00-11:59,1,0
N,PROPERTY DAMAGE ONLY,\N,N,2024,TUESDAY,SIDE IMPACT,N,N,49.26657,-122.777226,Y,APRIL,N,PORT COQUITLAM,PORT COQUITLAM,PORT COQUITLAM,Y,Y,N,LOWER MAINLAND,SHAUGHNESSY ST # 002850 TO 002874 even,SHAUGHNESSY ST,SHAUGHNESSY ST,09:00-11:59,1,0
N,PROPERTY DAMAGE ONLY,\N,N,2024,TUESDAY,SIDE IMPACT,N,N,49.268671,-123.066108,Y,APRIL,N,VANCOUVER,VANCOUVER,VANCOUVER,Y,N,N,LOWER MAINLAND,E 2ND AVE # 001868 TO 001899,E 2ND AVE,E 2ND AVE,09:00-11:59,1,0
N,PROPERTY DAMAGE ONLY,\N,N,2024,TUESDAY,SIDE IMPACT,N,N,49.27325,-123.147777,Y,APRIL,N,VANCOUVER,VANCOUVER,VANCOUVER,Y,N,N,LOWER MAINLAND,CYPRESS ST # 001400 TO 001451,CYPRESS ST,CYPRESS ST,09:00-11:59,1,0
N,PROPERTY DAMAGE ONLY,\N,N,2024,TUESDAY,SIDE IMPACT,N,N,49.274413,-122.792884,Y,APRIL,N,COQUITLAM,COQUITLAM,COQUITLAM,Y,Y,N,LOWER MAINLAND,LOUGHEED HWY # 002988 TO 003098 even,LOUGHEED HWY,LOUGHEED HWY,09:00-11:59,1,0
N,PROPERTY DAMAGE ONLY,\N,N,2024,TUESDAY,SIDE IMPACT,N,N,49.277441,-122.824953,Y,APRIL,N,PORT MOODY,PORT MOODY,PORT MOODY,Y,Y,N,LOWER MAINLAND,BARNET SERVICE RD # 002392 TO 002458 even,BARNET HWY,BARNET HWY,09:00-11:59,1,0
N,PROPERTY DAMAGE ONLY,\N,N,2024,TUESDAY,SIDE IMPACT,N,N,49.280837,-122.867792,Y,APRIL,N,PORT MOODY,PORT MOODY,PORT MOODY,Y,N,N,LOWER MAINLAND,VIEW ST # 001769 TO 001803,VIEW ST,VIEW ST,09:00-11:59,1,0
N,PROPERTY DAMAGE ONLY,\N,N,2024,TUESDAY,SIDE IMPACT,N,N,49.286381,-122.995709,Y,APRIL,N,BURNABY,BURNABY,BURNABY,Y,N,N,LOWER MAINLAND,CAMBRIDGE ST # 004700 TO 004799,CAMBRIDGE ST,CAMBRIDGE ST,09:00-11:59,1,0
N,PROPERTY DAMAGE ONLY,\N,N,2024,TUESDAY,SIDE IMPACT,N,N,49.287714,-123.048,Y,APRIL,N,VANCOUVER,VANCOUVER,VANCOUVER,N,N,N,LOWER MAINLAND,ETON ST # 002700 TO 002799,ETON ST,ETON ST,09:00-11:59,1,0
N,PROPERTY DAMAGE ONLY,\N,N,2024,TUESDAY,SIDE IMPACT,N,N,49.288808,-123.035287,Y,APRIL,N,VANCOUVER,VANCOUVER,VANCOUVER,Y,Y,N,LOWER MAINLAND,NEW BRIGHTON RD # 003200 TO 003349,NEW BRIGHTON RD,NEW BRIGHTON RD,09:00-11:59,1,0
N,PROPERTY DAMAGE ONLY,\N,N,2024,TUESDAY,SIDE IMPACT,N,N,49.288862,-123.139407,Y,APRIL,N,VANCOUVER,VANCOUVER,VANCOUVER,Y,Y,N,LOWER MAINLAND,DENMAN ST # 001024 TO 001074,DENMAN ST,DENMAN ST,09:00-11:59,1,0
N,PROPERTY DAMAGE ONLY,\N,N,2024,TUESDAY,SIDE IMPACT,N,N,49.297002,-122.802776,Y,APRIL,N,COQUITLAM,COQUITLAM,COQUITLAM,Y,Y,N,LOWER MAINLAND,PARKWAY BLVD # 001400 TO 001413,PARKWAY BLVD,PARKWAY BLVD,09:00-11:59,1,0
N,PROPERTY DAMAGE ONLY,\N,N,2024,TUESDAY,SIDE IMPACT,N,N,49.308551,-123.040477,Y,APRIL,N,NORTH VANCOUVER,NORTH VANCOUVER,NORTH VANCOUVER,Y,Y,N,LOWER MAINLAND,BROOKSBANK AVE # 000300 TO 000349,BROOKSBANK AVE,BROOKSBANK AVE,09:00-11:59,1,0
N,PROPERTY DAMAGE ONLY,\N,N,2024,TUESDAY,SIDE IMPACT,N,N,49.314992,-123.07995,Y,APRIL,N,NORTH VANCOUVER,NORTH VANCOUVER,NORTH VANCOUVER,N,Y,N,LOWER MAINLAND,CHESTERFIELD AVE # 000300 TO 000349,CHESTERFIELD AVE,CHESTERFIELD AVE,09:00-11:59,1,0
N,PROPERTY DAMAGE ONLY,\N,N,2024,TUESDAY,SIDE IMPACT,N,N,49.325702,-123.072227,Y,APRIL,N,NORTH VANCOUVER,NORTH VANCOUVER,NORTH VANCOUVER,Y,Y,N,LOWER MAINLAND,LONSDALE AVE # 001800 TO 001899,LONSDALE AVE,LONSDALE AVE,09:00-11:59,1,0
N,PROPERTY DAMAGE ONLY,\N,N,2024,TUESDAY,SIDE IMPACT,N,N,49.328122,-123.155572,Y,APRIL,N,WEST VANCOUVER,WEST VANCOUVER,WEST VANCOUVER,N,Y,N,LOWER MAINLAND,MARINE DR # 001400 TO 001499,MARINE DR,MARINE DR,09:00-11:59,1,0
N,PROPERTY DAMAGE ONLY,\N,N,2024,TUESDAY,SIDE IMPACT,N,N,49.575502,-119.642074,Y,APRIL,N,SUMMERLAND,SUMMERLAND,SUMMERLAND,Y,Y,N,SOUTHERN INTERIOR,GARTRELL RD # 003600 TO 004199,GARTRELL RD,GARTRELL RD,09:00-11:59,1,0
N,PROPERTY DAMAGE ONLY,\N,N,2024,TUESDAY,SIDE IMPACT,N,N,49.673553,-124.926809,Y,APRIL,N,COMOX,COMOX,COMOX,N,Y,N,VANCOUVER ISLAND,COMOX AVE # 001770 TO 001819,COMOX AVE,COMOX AVE,09:00-11:59,1,0
N,PROPERTY DAMAGE ONLY,\N,N,2024,TUESDAY,SIDE IMPACT,N,N,49.673553,-124.926809,Y,APRIL,N,COMOX,COMOX,COMOX,Y,N,N,VANCOUVER ISLAND,COMOX AVE # 001770 TO 001819,COMOX AVE,COMOX AVE,09:00-11:59,1,0
N,PROPERTY DAMAGE ONLY,\N,N,2024,TUESDAY,SIDE IMPACT,N,N,49.714504,-124.926028,Y,APRIL,N,COMOX,COMOX,COMOX,Y,Y,N,VANCOUVER ISLAND,WILTSHIRE RD # 001640 TO 001700,WILTSHIRE RD,WILTSHIRE RD,09:00-11:59,1,0
N,PROPERTY DAMAGE ONLY,\N,N,2024,TUESDAY,SIDE IMPACT,N,N,49.85659,-119.489379,Y,APRIL,N,KELOWNA,KELOWNA,KELOWNA,Y,Y,N,SOUTHERN INTERIOR,RICHTER ST # 003300 TO 003355,RICHTER ST,RICHTER ST,09:00-11:59,1,0
N,PROPERTY DAMAGE ONLY,\N,N,2024,TUESDAY,SIDE IMPACT,N,N,49.881803,-119.439105,Y,APRIL,N,KELOWNA,KELOWNA,KELOWNA,Y,Y,N,SOUTHERN INTERIOR,HARVEY AVE # 002121 TO 002279 odd,HARVEY AVE,HARVEY AVE,09:00-11:59,1,0
N,PROPERTY DAMAGE ONLY,\N,N,2024,TUESDAY,SIDE IMPACT,N,N,49.890658,-119.416888,Y,APRIL,N,KELOWNA,KELOWNA,KELOWNA,Y,N,N,SOUTHERN INTERIOR,KEEHN RD # 001500 TO 001599,KEEHN RD,KEEHN RD,09:00-11:59,1,0
N,PROPERTY DAMAGE ONLY,\N,N,2024,TUESDAY,SIDE IMPACT,N,N,50.032558,-125.261439,Y,APRIL,N,CAMPBELL RIVER,CAMPBELL RIVER,CAMPBELL RIVER,Y,Y,N,VANCOUVER ISLAND,ISLAND HWY # 001477 TO 001489 odd,ISLAND HWY,ISLAND HWY,09:00-11:59,1,0
N,PROPERTY DAMAGE ONLY,\N,N,2024,TUESDAY,SIDE IMPACT,N,N,50.10451,-120.791104,Y,APRIL,N,MERRITT,MERRITT,MERRITT,N,N,N,SOUTHERN INTERIOR,GARCIA ST # 001200 TO 001299,GARCIA ST,GARCIA ST,09:00-11:59,1,0
N,PROPERTY DAMAGE ONLY,\N,N,2024,TUESDAY,SIDE IMPACT,N,N,50.241964,-119.265833,Y,APRIL,N,VERNON,VERNON,VERNON,Y,Y,N,SOUTHERN INTERIOR,KALAMALKA LAKE RD # 000101 TO 000611,KALAMALKA LAKE RD,KALAMALKA LAKE RD,09:00-11:59,1,0
N,PROPERTY DAMAGE ONLY,\N,N,2024,TUESDAY,SIDE IMPACT,N,N,50.665442,-120.372747,Y,APRIL,N,KAMLOOPS,KAMLOOPS,KAMLOOPS,Y,Y,N,SOUTHERN INTERIOR,HILLSIDE DR # 001018 TO 001058 even,HILLSIDE DR,HILLSIDE DR,09:00-11:59,1,0
N,PROPERTY DAMAGE ONLY,\N,N,2024,TUESDAY,SIDE IMPACT,N,N,51.294735,-116.963045,Y,APRIL,N,GOLDEN,GOLDEN,GOLDEN,N,Y,N,SOUTHERN INTERIOR,10TH AVE S # 001000 TO 001099,10TH AVE S,10TH AVE S,09:00-11:59,1,0
N,PROPERTY DAMAGE ONLY,\N,N,2024,TUESDAY,SIDE IMPACT,N,N,53.916135,-122.750516,Y,APRIL,N,PRINCE GEORGE,PRINCE GEORGE,PRINCE GEORGE,Y,N,N,NORTH CENTRAL,VICTORIA ST # 000500 TO 000551,VICTORIA ST,VICTORIA ST,09:00-11:59,1,0
N,PROPERTY DAMAGE ONLY,\N,N,2024,TUESDAY,SIDE IMPACT,N,N,55.759545,-120.242569,Y,APRIL,N,DAWSON CREEK,DAWSON CREEK,DAWSON CREEK,Y,N,N,NORTH CENTRAL,102 AVE # 001400 TO 001499,102 AVE,102 AVE,09:00-11:59,1,0
N,PROPERTY DAMAGE ONLY,\N,N,2024,TUESDAY,SIDE IMPACT,Y,N,49.071563,-122.194583,Y,APRIL,N,ABBOTSFORD,ABBOTSFORD,ABBOTSFORD,Y,N,N,LOWER MAINLAND,WARD RD # 037190 TO 037213,WARD RD,WARD RD,09:00-11:59,1,0
N,PROPERTY DAMAGE ONLY,\N,N,2024,TUESDAY,SIDE IMPACT,Y,N,49.151897,-122.873163,Y,APRIL,N,SURREY,SURREY,SURREY,Y,Y,N,LOWER MAINLAND,82 AVE # 012400 TO 012798,82 AVE,82 AVE,09:00-11:59,1,0
N,PROPERTY DAMAGE ONLY,\N,N,2024,TUESDAY,SIDE IMPACT,Y,N,49.18057,-122.676252,Y,APRIL,N,LANGLEY,LANGLEY,LANGLEY,Y,Y,N,LOWER MAINLAND,98 AVE # 019650 TO 019779,98 AVE,98 AVE,09:00-11:59,1,0
N,PROPERTY DAMAGE ONLY,\N,N,2024,TUESDAY,SIDE IMPACT,Y,N,49.477824,-119.569892,Y,APRIL,N,PENTICTON,PENTICTON,PENTICTON,N,Y,N,SOUTHERN INTERIOR,DARTMOUTH RD # 001900 TO 002099,DARTMOUTH RD,DARTMOUTH RD,09:00-11:59,1,0
N,PROPERTY DAMAGE ONLY,\N,N,2024,TUESDAY,SIDE SWIPE - OPPOSITE DIRECTION,N,N,49.149605,-122.646688,Y,APRIL,N,LANGLEY,LANGLEY,LANGLEY,Y,Y,N,LOWER MAINLAND,207 ST # 000047 TO 000052,207 ST,207 ST,09:00-11:59,1,0
N,PROPERTY DAMAGE ONLY,\N,N,2024,TUESDAY,SIDE SWIPE - OPPOSITE DIRECTION,N,N,49.17343,-122.809332,Y,APRIL,N,SURREY,SURREY,SURREY,Y,N,N,LOWER MAINLAND,94 AVE # 014850 TO 014949,94 AVE,94 AVE,09:00-11:59,1,0
N,PROPERTY DAMAGE ONLY,\N,N,2024,TUESDAY,SIDE SWIPE - OPPOSITE DIRECTION,N,N,49.191593,-122.788342,Y,APRIL,N,SURREY,SURREY,SURREY,Y,Y,N,LOWER MAINLAND,104 AVE # 015601 TO 015699 odd,104 AVE,104 AVE,09:00-11:59,1,0
N,PROPERTY DAMAGE ONLY,\N,N,2024,TUESDAY,SIDE SWIPE - OPPOSITE DIRECTION,N,N,49.232748,-123.077737,Y,APRIL,N,VANCOUVER,VANCOUVER,VANCOUVER,Y,Y,N,LOWER MAINLAND,E 41ST AVE # 001351 TO 001399 odd,E 41ST AVE,E 41ST AVE,09:00-11:59,1,0
N,PROPERTY DAMAGE ONLY,\N,N,2024,TUESDAY,SIDE SWIPE - OPPOSITE DIRECTION,N,N,49.236304,-123.065461,Y,APRIL,N,VANCOUVER,VANCOUVER,VANCOUVER,Y,Y,N,LOWER MAINLAND,VICTORIA DR # 005310 TO 005398,VICTORIA DR,VICTORIA DR,09:00-11:59,1,0
N,PROPERTY DAMAGE ONLY,\N,N,2024,TUESDAY,SIDE SWIPE - OPPOSITE DIRECTION,N,N,49.247114,-123.09018,Y,APRIL,N,VANCOUVER,VANCOUVER,VANCOUVER,N,Y,N,LOWER MAINLAND,FRASER ST # 004200 TO 004299,FRASER ST,FRASER ST,09:00-11:59,1,0
N,PROPERTY DAMAGE ONLY,\N,N,2024,TUESDAY,SIDE SWIPE - OPPOSITE DIRECTION,N,N,49.266428,-123.001746,Y,APRIL,N,BURNABY,BURNABY,BURNABY,Y,Y,N,LOWER MAINLAND,LOUGHEED HWY # 004501 TO 004599 odd,LOUGHEED HWY,LOUGHEED HWY,09:00-11:59,1,0
N,PROPERTY DAMAGE ONLY,\N,N,2024,TUESDAY,SIDE SWIPE - OPPOSITE DIRECTION,N,N,49.874526,-119.495843,Y,APRIL,N,KELOWNA,KELOWNA,KELOWNA,N,Y,N,SOUTHERN INTERIOR,ROYAL AVE # 000300 TO 000399,ROYAL AVE,ROYAL AVE,09:00-11:59,1,0
N,PROPERTY DAMAGE ONLY,\N,N,2024,TUESDAY,SIDE SWIPE - OPPOSITE DIRECTION,N,N,53.919412,-122.781145,Y,APRIL,N,PRINCE GEORGE,PRINCE GEORGE,PRINCE GEORGE,Y,Y,N,NORTH CENTRAL,CENTRAL ST E # 000500 TO 000735,CENTRAL ST E,CENTRAL ST E,09:00-11:59,1,0
N,PROPERTY DAMAGE ONLY,\N,N,2024,TUESDAY,SIDE SWIPE - SAME DIRECTION,N,N,\N,\N,N,APRIL,N,FALKLAND,FALKLAND,\N,N,N,N,SOUTHERN INTERIOR,UNKNOWN,HWY 97,HWY 97,09:00-11:59,1,0
N,PROPERTY DAMAGE ONLY,\N,N,2024,TUESDAY,SIDE SWIPE - SAME DIRECTION,N,N,\N,\N,N,APRIL,N,LADYSMITH,LADYSMITH,\N,N,N,N,VANCOUVER ISLAND,UNKNOWN,HWY 1,HWY 1,09:00-11:59,1,0
N,PROPERTY DAMAGE ONLY,\N,N,2024,TUESDAY,SIDE SWIPE - SAME DIRECTION,N,N,\N,\N,N,APRIL,N,LAKE COWICHAN,LAKE COWICHAN,\N,N,N,N,VANCOUVER ISLAND,UNKNOWN,HWY 18,HWY 18,09:00-11:59,1,0
N,PROPERTY DAMAGE ONLY,\N,N,2024,TUESDAY,SIDE SWIPE - SAME DIRECTION,N,N,48.491723,-123.337237,Y,APRIL,N,SAANICH,SAANICH,SAANICH,Y,Y,N,VANCOUVER ISLAND,CEDAR HILL RD # 004456 TO 004517,CEDAR HILL RD,CEDAR HILL RD,09:00-11:59,1,0
N,PROPERTY DAMAGE ONLY,\N,N,2024,TUESDAY,SIDE SWIPE - SAME DIRECTION,N,N,48.665312,-123.408111,Y,APRIL,N,SIDNEY,SIDNEY,SIDNEY,N,Y,N,VANCOUVER ISLAND,HARBOUR RD # 002200 TO 002239,HARBOUR RD,HARBOUR RD,09:00-11:59,1,0
N,PROPERTY DAMAGE ONLY,\N,N,2024,TUESDAY,SIDE SWIPE - SAME DIRECTION,N,N,48.776175,-123.708686,Y,APRIL,N,DUNCAN,DUNCAN,DUNCAN,Y,Y,N,VANCOUVER ISLAND,ALLENBY RD # 005750 TO 005769,ALLENBY RD,ALLENBY RD,09:00-11:59,1,0
N,PROPERTY DAMAGE ONLY,\N,N,2024,TUESDAY,SIDE SWIPE - SAME DIRECTION,N,N,49.056748,-122.801205,Y,APRIL,N,SURREY,SURREY,SURREY,Y,Y,N,LOWER MAINLAND,152 ST # 003001 TO 003049 odd,152 ST,152 ST,09:00-11:59,1,0
N,PROPERTY DAMAGE ONLY,\N,N,2024,TUESDAY,SIDE SWIPE - SAME DIRECTION,N,N,49.08797,-123.060675,Y,APRIL,N,DELTA,DELTA,DELTA,Y,Y,N,LOWER MAINLAND,CLARENCE TAYLOR CRES # 004590 TO 004699,CLARENCE TAYLOR CRES,CLARENCE TAYLOR CRES,09:00-11:59,1,0
N,PROPERTY DAMAGE ONLY,\N,N,2024,TUESDAY,SIDE SWIPE - SAME DIRECTION,N,N,49.192132,-123.15237,Y,APRIL,N,RICHMOND,RICHMOND,RICHMOND,Y,Y,N,LOWER MAINLAND,MILLER RD # 006300 TO 006599,MILLER RD,MILLER RD,09:00-11:59,1,0
N,PROPERTY DAMAGE ONLY,\N,N,2024,TUESDAY,SIDE SWIPE - SAME DIRECTION,N,N,49.194754,-123.178088,Y,APRIL,N,RICHMOND,RICHMOND,RICHMOND,N,Y,N,LOWER MAINLAND,GRANT MCCONACHIE WAY # 003113 TO 003299 odd,GRANT MCCONACHIE WAY,GRANT MCCONACHIE WAY,09:00-11:59,1,0
N,PROPERTY DAMAGE ONLY,\N,N,2024,TUESDAY,SIDE SWIPE - SAME DIRECTION,N,N,49.214835,-124.027673,Y,APRIL,N,NANAIMO,NANAIMO,NANAIMO,Y,Y,N,VANCOUVER ISLAND,RUTHERFORD RD # 004750 TO 004750 even,RUTHERFORD RD,RUTHERFORD RD,09:00-11:59,1,0
N,PROPERTY DAMAGE ONLY,\N,N,2024,TUESDAY,SIDE SWIPE - SAME DIRECTION,N,N,49.230506,-123.065913,Y,APRIL,N,VANCOUVER,VANCOUVER,VANCOUVER,Y,N,N,LOWER MAINLAND,E 43RD AVE # 001950 TO 001999,E 43RD AVE,E 43RD AVE,09:00-11:59,1,0
N,PROPERTY DAMAGE ONLY,\N,N,2024,TUESDAY,SIDE SWIPE - SAME DIRECTION,N,N,49.243877,-122.892635,Y,APRIL,N,BURNABY,BURNABY,BURNABY & COQUITLAM,Y,Y,N,LOWER MAINLAND,NORTH RD # 000321 TO 004563 odd,NORTH RD,NORTH RD,09:00-11:59,1,0
N,PROPERTY DAMAGE ONLY,\N,N,2024,TUESDAY,SIDE SWIPE - SAME DIRECTION,N,N,49.245696,-123.185249,Y,APRIL,N,VANCOUVER,VANCOUVER,VANCOUVER,Y,N,N,LOWER MAINLAND,DUNBAR ST # 004500 TO 004599,DUNBAR ST,DUNBAR ST,09:00-11:59,1,0
N,PROPERTY DAMAGE ONLY,\N,N,2024,TUESDAY,SIDE SWIPE - SAME DIRECTION,N,N,49.250845,-122.976698,Y,APRIL,N,BURNABY,BURNABY,BURNABY,N,N,N,LOWER MAINLAND,WOODSWORTH ST # 005900 TO 006067,WOODSWORTH ST,WOODSWORTH ST,09:00-11:59,1,0
N,PROPERTY DAMAGE ONLY,\N,N,2024,TUESDAY,SIDE SWIPE - SAME DIRECTION,N,N,49.252615,-123.076988,Y,APRIL,N,VANCOUVER,VANCOUVER,VANCOUVER,Y,N,N,LOWER MAINLAND,E 20TH AVE # 001300 TO 001399,E 20TH AVE,E 20TH AVE,09:00-11:59,1,0
N,PROPERTY DAMAGE ONLY,\N,N,2024,TUESDAY,SIDE SWIPE - SAME DIRECTION,N,N,49.254734,-123.108496,Y,APRIL,N,VANCOUVER,VANCOUVER,VANCOUVER,Y,N,N,LOWER MAINLAND,W 18TH AVE # 000100 TO 000199,W 18TH AVE,W 18TH AVE,09:00-11:59,1,0
N,PROPERTY DAMAGE ONLY,\N,N,2024,TUESDAY,SIDE SWIPE - SAME DIRECTION,N,N,49.276692,-122.851311,Y,APRIL,N,PORT MOODY,PORT MOODY,PORT MOODY,Y,N,N,LOWER MAINLAND,ST JOHNS ST # 002700 TO 002799,ST JOHNS ST,ST JOHNS ST,09:00-11:59,1,0
N,PROPERTY DAMAGE ONLY,\N,N,2024,TUESDAY,SIDE SWIPE - SAME DIRECTION,N,N,49.287456,-123.139988,Y,APRIL,N,VANCOUVER,VANCOUVER,VANCOUVER,N,N,N,LOWER MAINLAND,PENDRELL ST # 001700 TO 001799,PENDRELL ST,PENDRELL ST,09:00-11:59,1,0
N,PROPERTY DAMAGE ONLY,\N,N,2024,TUESDAY,SIDE SWIPE - SAME DIRECTION,N,N,49.327393,-123.156055,Y,APRIL,N,WEST VANCOUVER,WEST VANCOUVER,WEST VANCOUVER,Y,N,N,LOWER MAINLAND,BELLEVUE AVE # 001451 TO 001499 odd,BELLEVUE AVE,BELLEVUE AVE,09:00-11:59,1,0
N,PROPERTY DAMAGE ONLY,\N,N,2024,TUESDAY,SIDE SWIPE - SAME DIRECTION,N,N,49.467471,-119.585422,Y,APRIL,N,PENTICTON,PENTICTON,PENTICTON,N,N,N,SOUTHERN INTERIOR,SKAHA LAKE RD # 002501 TO 002699 odd,SKAHA LAKE RD,SKAHA LAKE RD,09:00-11:59,1,0
N,PROPERTY DAMAGE ONLY,\N,N,2024,TUESDAY,SIDE SWIPE - SAME DIRECTION,N,N,49.603484,-119.683341,Y,APRIL,N,SUMMERLAND,SUMMERLAND,SUMMERLAND,Y,Y,N,SOUTHERN INTERIOR,VICTORIA RD N # 013600 TO 013609,VICTORIA RD N,VICTORIA RD N,09:00-11:59,1,0
N,PROPERTY DAMAGE ONLY,\N,N,2024,TUESDAY,SIDE SWIPE - SAME DIRECTION,N,N,49.918117,-119.365859,Y,APRIL,N,KELOWNA,KELOWNA,KELOWNA,Y,Y,N,SOUTHERN INTERIOR,OLD VERNON RD # 000900 TO 002299,OLD VERNON RD,OLD VERNON RD,09:00-11:59,1,0
N,PROPERTY DAMAGE ONLY,\N,N,2024,TUESDAY,SIDE SWIPE - SAME DIRECTION,Y,N,\N,\N,N,APRIL,N,UNKNOWN,UNKNOWN,\N,Y,Y,N,UNKNOWN,UNKNOWN,E KENT AVE S,E KENT AVE S,09:00-11:59,1,0
N,PROPERTY DAMAGE ONLY,\N,N,2024,TUESDAY,SIDE SWIPE - SAME DIRECTION,Y,N,49.269773,-122.961469,Y,APRIL,N,BURNABY,BURNABY,BURNABY,Y,N,N,LOWER MAINLAND,WINCH ST # 006740 TO 006999,WINCH ST,WINCH ST,09:00-11:59,1,0
N,PROPERTY DAMAGE ONLY,\N,N,2024,TUESDAY,SINGLE VEHICLE,N,N,\N,\N,N,APRIL,N,ABBOTSFORD,ABBOTSFORD,\N,N,N,N,LOWER MAINLAND,UNKNOWN,HWY 1,HWY 1,09:00-11:59,1,0
N,PROPERTY DAMAGE ONLY,\N,N,2024,TUESDAY,SINGLE VEHICLE,N,N,\N,\N,N,APRIL,N,AGASSIZ,AGASSIZ,\N,N,N,N,LOWER MAINLAND,UNKNOWN,LOUGHEED HWY,LOUGHEED HWY,09:00-11:59,1,0
N,PROPERTY DAMAGE ONLY,\N,N,2024,TUESDAY,SINGLE VEHICLE,N,N,\N,\N,N,APRIL,N,CHILLIWACK,CHILLIWACK,\N,N,Y,N,LOWER MAINLAND,UNKNOWN,GARRISON CROSSING CHILLIWACK,GARRISON CROSSING CHILLIWACK,09:00-11:59,1,0
N,PROPERTY DAMAGE ONLY,\N,N,2024,TUESDAY,SINGLE VEHICLE,N,N,\N,\N,N,APRIL,N,COURTENAY,COURTENAY,\N,N,N,N,VANCOUVER ISLAND,UNKNOWN,ARRAN RD,ARRAN RD,09:00-11:59,1,0
N,PROPERTY DAMAGE ONLY,\N,N,2024,TUESDAY,SINGLE VEHICLE,N,N,\N,\N,N,APRIL,N,ENDERBY,ENDERBY,\N,N,N,N,SOUTHERN INTERIOR,UNKNOWN,WALKER RD,WALKER RD,09:00-11:59,1,0
N,PROPERTY DAMAGE ONLY,\N,N,2024,TUESDAY,SINGLE VEHICLE,N,N,\N,\N,N,APRIL,N,KAMLOOPS,KAMLOOPS,\N,N,N,N,SOUTHERN INTERIOR,UNKNOWN,HIGHLAND RD,HIGHLAND RD,09:00-11:59,1,0
N,PROPERTY DAMAGE ONLY,\N,N,2024,TUESDAY,SINGLE VEHICLE,N,N,\N,\N,N,APRIL,N,KELOWNA,KELOWNA,\N,N,N,N,SOUTHERN INTERIOR,UNKNOWN,ELLIS ST,ELLIS ST,09:00-11:59,1,0
N,PROPERTY DAMAGE ONLY,\N,N,2024,TUESDAY,SINGLE VEHICLE,N,N,\N,\N,N,APRIL,N,KELOWNA,KELOWNA,\N,N,N,N,SOUTHERN INTERIOR,UNKNOWN,HWY 97,HWY 97,09:00-11:59,1,0
N,PROPERTY DAMAGE ONLY,\N,N,2024,TUESDAY,SINGLE VEHICLE,N,N,\N,\N,N,APRIL,N,LANGLEY,LANGLEY,\N,N,N,N,LOWER MAINLAND,UNKNOWN,HWY 1,HWY 1,09:00-11:59,1,0
N,PROPERTY DAMAGE ONLY,\N,N,2024,TUESDAY,SINGLE VEHICLE,N,N,\N,\N,N,APRIL,N,NANAIMO,NANAIMO,\N,N,N,N,VANCOUVER ISLAND,UNKNOWN,HWY 1,HWY 1,09:00-11:59,1,0
N,PROPERTY DAMAGE ONLY,\N,N,2024,TUESDAY,SINGLE VEHICLE,N,N,\N,\N,N,APRIL,N,NORTH VANCOUVER,NORTH VANCOUVER,\N,N,N,N,LOWER MAINLAND,UNKNOWN,SUNSET BLVD,SUNSET BLVD,09:00-11:59,1,0
N,PROPERTY DAMAGE ONLY,\N,N,2024,TUESDAY,SINGLE VEHICLE,N,N,\N,\N,N,APRIL,N,PORT CLEMENTS,PORT CLEMENTS,\N,N,N,N,NORTH CENTRAL,UNKNOWN,HWY 16,HWY 16,09:00-11:59,1,0
N,PROPERTY DAMAGE ONLY,\N,N,2024,TUESDAY,SINGLE VEHICLE,N,N,\N,\N,N,APRIL,N,PRINCE RUPERT,PRINCE RUPERT,\N,N,Y,N,NORTH CENTRAL,UNKNOWN,UNKNOWN,UNKNOWN,09:00-11:59,1,0
N,PROPERTY DAMAGE ONLY,\N,N,2024,TUESDAY,SINGLE VEHICLE,N,N,\N,\N,N,APRIL,N,SURREY,SURREY,\N,N,N,N,LOWER MAINLAND,UNKNOWN,TANNERY RD,TANNERY RD,09:00-11:59,1,0
N,PROPERTY DAMAGE ONLY,\N,N,2024,TUESDAY,SINGLE VEHICLE,N,N,\N,\N,N,APRIL,N,TERRACE,TERRACE,\N,N,N,N,NORTH CENTRAL,UNKNOWN,WEST KALUM FSR,WEST KALUM FSR,09:00-11:59,1,0
N,PROPERTY DAMAGE ONLY,\N,N,2024,TUESDAY,SINGLE VEHICLE,N,N,\N,\N,N,APRIL,N,TUMBLER RIDGE,TUMBLER RIDGE,\N,N,N,N,NORTH CENTRAL,UNKNOWN,NORTH GRIZZLY ROAD,NORTH GRIZZLY ROAD,09:00-11:59,1,0
N,PROPERTY DAMAGE ONLY,\N,N,2024,TUESDAY,SINGLE VEHICLE,N,N,\N,\N,N,APRIL,N,VANCOUVER,VANCOUVER,\N,N,N,N,LOWER MAINLAND,UNKNOWN,UNKNOWN,UNKNOWN,09:00-11:59,1,0
N,PROPERTY DAMAGE ONLY,\N,N,2024,TUESDAY,SINGLE VEHICLE,N,N,\N,\N,N,APRIL,N,VICTORIA,VICTORIA,\N,N,N,N,VANCOUVER ISLAND,UNKNOWN,BAILEY PL,BAILEY PL,09:00-11:59,1,0
N,PROPERTY DAMAGE ONLY,\N,N,2024,TUESDAY,SINGLE VEHICLE,N,N,\N,\N,N,APRIL,N,VICTORIA,VICTORIA,\N,N,N,N,VANCOUVER ISLAND,UNKNOWN,FINLAYSON ST,FINLAYSON ST,09:00-11:59,1,0
N,PROPERTY DAMAGE ONLY,\N,N,2024,TUESDAY,SINGLE VEHICLE,N,N,\N,\N,N,APRIL,N,VICTORIA,VICTORIA,\N,N,Y,N,VANCOUVER ISLAND,UNKNOWN,E SAANICH RD,E SAANICH RD,09:00-11:59,1,0
N,PROPERTY DAMAGE ONLY,\N,N,2024,TUESDAY,SINGLE VEHICLE,N,N,\N,\N,N,APRIL,N,VICTORIA,VICTORIA,\N,N,Y,N,VANCOUVER ISLAND,UNKNOWN,SHELBOURNE ST,SHELBOURNE ST,09:00-11:59,1,0
N,PROPERTY DAMAGE ONLY,\N,N,2024,TUESDAY,SINGLE VEHICLE,N,N,\N,\N,N,APRIL,N,WEST VANCOUVER,WEST VANCOUVER,\N,N,N,N,LOWER MAINLAND,UNKNOWN,TWIN CREEK PL,TWIN CREEK PL,09:00-11:59,1,0
N,PROPERTY DAMAGE ONLY,\N,N,2024,TUESDAY,SINGLE VEHICLE,N,N,48.5067,-123.395897,Y,APRIL,N,SAANICH,SAANICH,SAANICH,N,Y,N,VANCOUVER ISLAND,BEAVER LAKE RD # 000720 TO 000821,BEAVER LAKE RD,BEAVER LAKE RD,09:00-11:59,1,0
N,PROPERTY DAMAGE ONLY,\N,N,2024,TUESDAY,SINGLE VEHICLE,N,N,48.563822,-123.419238,Y,APRIL,N,CENTRAL SAANICH,CENTRAL SAANICH,CENTRAL SAANICH,N,N,N,VANCOUVER ISLAND,BUTLER CRES # 006647 TO 006729,BUTLER CRES,BUTLER CRES,09:00-11:59,1,0
N,PROPERTY DAMAGE ONLY,\N,N,2024,TUESDAY,SINGLE VEHICLE,N,N,49.08523,-122.546926,Y,APRIL,N,LANGLEY,LANGLEY,LANGLEY,N,Y,N,LOWER MAINLAND,SADDLEHORN CRES # 004601 TO 004691,SADDLEHORN CRES,SADDLEHORN CRES,09:00-11:59,1,0
N,PROPERTY DAMAGE ONLY,\N,N,2024,TUESDAY,SINGLE VEHICLE,N,N,49.089486,-122.119171,Y,APRIL,N,ABBOTSFORD,ABBOTSFORD,ABBOTSFORD,N,Y,N,LOWER MAINLAND,NO 3 RD # 039800 TO 039951,NO 3 RD,NO 3 RD,09:00-11:59,1,0
N,PROPERTY DAMAGE ONLY,\N,N,2024,TUESDAY,SINGLE VEHICLE,N,N,49.112489,-122.676859,Y,APRIL,N,LANGLEY,LANGLEY,LANGLEY,N,N,N,LOWER MAINLAND,FRASER HWY # 019650 TO 019798 even,FRASER HWY,FRASER HWY,09:00-11:59,1,0
N,PROPERTY DAMAGE ONLY,\N,N,2024,TUESDAY,SINGLE VEHICLE,N,N,49.116314,-122.844839,Y,APRIL,N,SURREY,SURREY,SURREY,N,Y,N,LOWER MAINLAND,KING GEORGE BLVD # 006200 TO 006278 even,KING GEORGE BLVD,KING GEORGE BLVD,09:00-11:59,1,0
N,PROPERTY DAMAGE ONLY,\N,N,2024,TUESDAY,SINGLE VEHICLE,N,N,49.152603,-122.797745,Y,APRIL,N,SURREY,SURREY,SURREY,N,N,N,LOWER MAINLAND,82A AVE # 015300 TO 015369,82A AVE,82A AVE,09:00-11:59,1,0
N,PROPERTY DAMAGE ONLY,\N,N,2024,TUESDAY,SINGLE VEHICLE,N,N,49.153151,-118.982297,Y,APRIL,N,WESTBRIDGE,WESTBRIDGE,WESTBRIDGE,N,N,N,SOUTHERN INTERIOR,HWY 33 # 002708 TO 002729,HWY 33,HWY 33,09:00-11:59,1,0
N,PROPERTY DAMAGE ONLY,\N,N,2024,TUESDAY,SINGLE VEHICLE,N,N,49.153831,-122.963009,Y,APRIL,N,DELTA,DELTA,DELTA,N,Y,N,LOWER MAINLAND,RIVER RD # 009200 TO 009549,RIVER RD,RIVER RD,09:00-11:59,1,0
N,PROPERTY DAMAGE ONLY,\N,N,2024,TUESDAY,SINGLE VEHICLE,N,N,49.15457,-122.667219,Y,APRIL,N,LANGLEY,LANGLEY,LANGLEY,N,Y,N,LOWER MAINLAND,83A AVE # 020000 TO 020050,83A AVE,83A AVE,09:00-11:59,1,0
N,PROPERTY DAMAGE ONLY,\N,N,2024,TUESDAY,SINGLE VEHICLE,N,N,49.157412,-123.134775,Y,APRIL,N,RICHMOND,RICHMOND,RICHMOND,N,Y,N,LOWER MAINLAND,JONES RD # 008000 TO 008257,JONES RD,JONES RD,09:00-11:59,1,0
N,PROPERTY DAMAGE ONLY,\N,N,2024,TUESDAY,SINGLE VEHICLE,N,N,49.176995,-122.841483,Y,APRIL,N,SURREY,SURREY,SURREY,N,Y,N,LOWER MAINLAND,96 AVE # 013750 TO 013769,96 AVE,96 AVE,09:00-11:59,2,0
N,PROPERTY DAMAGE ONLY,\N,N,2024,TUESDAY,SINGLE VEHICLE,N,N,49.181301,-123.136662,Y,APRIL,N,RICHMOND,RICHMOND,RICHMOND,N,Y,N,LOWER MAINLAND,NO 3 RD # 004201 TO 004679 odd,NO 3 RD,NO 3 RD,09:00-11:59,1,0
N,PROPERTY DAMAGE ONLY,\N,N,2024,TUESDAY,SINGLE VEHICLE,N,N,49.181463,-122.841691,Y,APRIL,N,SURREY,SURREY,SURREY,N,Y,N,LOWER MAINLAND,WHALLEY BLVD # 009800 TO 009872 even,WHALLEY BLVD,WHALLEY BLVD,09:00-11:59,1,0
N,PROPERTY DAMAGE ONLY,\N,N,2024,TUESDAY,SINGLE VEHICLE,N,N,49.183536,-123.133217,Y,APRIL,N,RICHMOND,RICHMOND,RICHMOND,N,Y,N,LOWER MAINLAND,HAZELBRIDGE WAY # 004147 TO 004183 odd,HAZELBRIDGE WAY,HAZELBRIDGE WAY,09:00-11:59,1,0
N,PROPERTY DAMAGE ONLY,\N,N,2024,TUESDAY,SINGLE VEHICLE,N,N,49.192055,-123.997214,Y,APRIL,N,NANAIMO,NANAIMO,NANAIMO,N,N,N,VANCOUVER ISLAND,NORTHFIELD RD # 002300 TO 002304 even,NORTHFIELD RD,NORTHFIELD RD,09:00-11:59,1,0
N,PROPERTY DAMAGE ONLY,\N,N,2024,TUESDAY,SINGLE VEHICLE,N,N,49.197012,-122.834142,Y,APRIL,N,SURREY,SURREY,SURREY,N,Y,N,LOWER MAINLAND,140 ST # 010600 TO 010799,140 ST,140 ST,09:00-11:59,1,0
N,PROPERTY DAMAGE ONLY,\N,N,2024,TUESDAY,SINGLE VEHICLE,N,N,49.198954,-122.858559,Y,APRIL,N,SURREY,SURREY,SURREY,N,Y,N,LOWER MAINLAND,108 AVE # 013050 TO 013199,108 AVE,108 AVE,09:00-11:59,1,0
N,PROPERTY DAMAGE ONLY,\N,N,2024,TUESDAY,SINGLE VEHICLE,N,N,49.214691,-122.594673,Y,APRIL,N,MAPLE RIDGE,MAPLE RIDGE,MAPLE RIDGE,N,N,N,LOWER MAINLAND,227 ST # 011605 TO 011659,227 ST,227 ST,09:00-11:59,1,0
N,PROPERTY DAMAGE ONLY,\N,N,2024,TUESDAY,SINGLE VEHICLE,N,N,49.215628,-122.980143,Y,APRIL,N,BURNABY,BURNABY,BURNABY,N,Y,N,LOWER MAINLAND,IRMIN ST # 005600 TO 005899,IRMIN ST,IRMIN ST,09:00-11:59,1,0
N,PROPERTY DAMAGE ONLY,\N,N,2024,TUESDAY,SINGLE VEHICLE,N,N,49.219289,-122.594052,Y,APRIL,N,MAPLE RIDGE,MAPLE RIDGE,MAPLE RIDGE,N,N,N,LOWER MAINLAND,227 ST # 011920 TO 011949,227 ST,227 ST,09:00-11:59,1,0
N,PROPERTY DAMAGE ONLY,\N,N,2024,TUESDAY,SINGLE VEHICLE,N,N,49.219775,-122.689538,Y,APRIL,N,PITT MEADOWS,PITT MEADOWS,PITT MEADOWS,N,Y,N,LOWER MAINLAND,HARRIS RD # 011920 TO 011998 even,HARRIS RD,HARRIS RD,09:00-11:59,1,0
N,PROPERTY DAMAGE ONLY,\N,N,2024,TUESDAY,SINGLE VEHICLE,N,N,49.220486,-122.662504,Y,APRIL,N,MAPLE RIDGE,MAPLE RIDGE,MAPLE RIDGE,N,Y,N,LOWER MAINLAND,LOUGHEED HWY # 020120 TO 020218 even,LOUGHEED HWY,LOUGHEED HWY,09:00-11:59,1,0
N,PROPERTY DAMAGE ONLY,\N,N,2024,TUESDAY,SINGLE VEHICLE,N,N,49.220814,-124.025828,Y,APRIL,N,NANAIMO,NANAIMO,NANAIMO,N,N,N,VANCOUVER ISLAND,RALSTON DR # 005880 TO 005959,RALSTON DR,RALSTON DR,09:00-11:59,1,0
N,PROPERTY DAMAGE ONLY,\N,N,2024,TUESDAY,SINGLE VEHICLE,N,N,49.22573,-122.892885,Y,APRIL,N,NEW WESTMINSTER,NEW WESTMINSTER,NEW WESTMINSTER,N,Y,N,LOWER MAINLAND,E COLUMBIA ST # 000300 TO 000308,E COLUMBIA ST,E COLUMBIA ST,09:00-11:59,1,0
N,PROPERTY DAMAGE ONLY,\N,N,2024,TUESDAY,SINGLE VEHICLE,N,N,49.228116,-122.998531,Y,APRIL,N,BURNABY,BURNABY,BURNABY,N,Y,N,LOWER MAINLAND,KINGSWAY # 004700 TO 004749,KINGSWAY,KINGSWAY,09:00-11:59,1,0
N,PROPERTY DAMAGE ONLY,\N,N,2024,TUESDAY,SINGLE VEHICLE,N,N,49.234555,-123.15353,Y,APRIL,N,VANCOUVER,VANCOUVER,VANCOUVER,N,N,N,LOWER MAINLAND,W 41ST AVE # 002000 TO 002099,W 41ST AVE,W 41ST AVE,09:00-11:59,1,0
N,PROPERTY DAMAGE ONLY,\N,N,2024,TUESDAY,SINGLE VEHICLE,N,N,49.244583,-122.998144,Y,APRIL,N,BURNABY,BURNABY,BURNABY,N,Y,N,LOWER MAINLAND,WAYBURNE DR # 004367 TO 004515 odd,WAYBURNE DR,WAYBURNE DR,09:00-11:59,1,0
N,PROPERTY DAMAGE ONLY,\N,N,2024,TUESDAY,SINGLE VEHICLE,N,N,49.247601,-123.150062,Y,APRIL,N,VANCOUVER,VANCOUVER,VANCOUVER,N,Y,N,LOWER MAINLAND,NANTON AVE # 002000 TO 002003,NANTON AVE,NANTON AVE,09:00-11:59,1,0
N,PROPERTY DAMAGE ONLY,\N,N,2024,TUESDAY,SINGLE VEHICLE,N,N,49.249047,-122.833292,Y,APRIL,N,COQUITLAM,COQUITLAM,COQUITLAM,N,N,N,LOWER MAINLAND,AUSTIN AVE # 002215 TO 002234,AUSTIN AVE,AUSTIN AVE,09:00-11:59,1,0
N,PROPERTY DAMAGE ONLY,\N,N,2024,TUESDAY,SINGLE VEHICLE,N,N,49.263425,-123.127811,Y,APRIL,N,VANCOUVER,VANCOUVER,VANCOUVER,N,Y,N,LOWER MAINLAND,W BROADWAY # 001000 TO 001099,W BROADWAY,W BROADWAY,09:00-11:59,1,0
N,PROPERTY DAMAGE ONLY,\N,N,2024,TUESDAY,SINGLE VEHICLE,N,N,49.263713,-123.117492,Y,APRIL,N,VANCOUVER,VANCOUVER,VANCOUVER,N,Y,N,LOWER MAINLAND,ASH ST # 002400 TO 002499,ASH ST,ASH ST,09:00-11:59,1,0
N,PROPERTY DAMAGE ONLY,\N,N,2024,TUESDAY,SINGLE VEHICLE,N,N,49.266537,-123.007121,Y,APRIL,N,BURNABY,BURNABY,BURNABY,Y,Y,N,LOWER MAINLAND,LOUGHEED HWY # 004301 TO 004399 odd,LOUGHEED HWY,LOUGHEED HWY,09:00-11:59,1,0
N,PROPERTY DAMAGE ONLY,\N,N,2024,TUESDAY,SINGLE VEHICLE,N,N,49.267121,-123.014315,Y,APRIL,N,BURNABY,BURNABY,BURNABY,N,Y,N,LOWER MAINLAND,GILMORE AVE # 001800 TO 001999,GILMORE AVE,GILMORE AVE,09:00-11:59,1,0
N,PROPERTY DAMAGE ONLY,\N,N,2024,TUESDAY,SINGLE VEHICLE,N,N,49.270031,-123.109409,Y,APRIL,N,VANCOUVER,VANCOUVER,VANCOUVER,N,Y,N,LOWER MAINLAND,COLUMBIA ST # 001700 TO 001743,COLUMBIA ST,COLUMBIA ST,09:00-11:59,1,0
N,PROPERTY DAMAGE ONLY,\N,N,2024,TUESDAY,SINGLE VEHICLE,N,N,49.271419,-124.194354,Y,APRIL,N,NANOOSE BAY,NANOOSE BAY,NANOOSE BAY,N,Y,N,VANCOUVER ISLAND,GLENN PL # 002440 TO 002499,GLENN PL,GLENN PL,09:00-11:59,1,0
N,PROPERTY DAMAGE ONLY,\N,N,2024,TUESDAY,SINGLE VEHICLE,N,N,49.275049,-123.121329,Y,APRIL,N,VANCOUVER,VANCOUVER,VANCOUVER,N,Y,N,LOWER MAINLAND,MAINLAND ST # 001100 TO 001199,MAINLAND ST,MAINLAND ST,09:00-11:59,1,0
N,PROPERTY DAMAGE ONLY,\N,N,2024,TUESDAY,SINGLE VEHICLE,N,N,49.27788,-123.128928,Y,APRIL,N,VANCOUVER,VANCOUVER,VANCOUVER,N,Y,N,LOWER MAINLAND,HORNBY ST # 001200 TO 001299,HORNBY ST,HORNBY ST,09:00-11:59,1,0
N,PROPERTY DAMAGE ONLY,\N,N,2024,TUESDAY,SINGLE VEHICLE,N,N,49.278198,-123.130537,Y,APRIL,N,VANCOUVER,VANCOUVER,VANCOUVER,N,Y,N,LOWER MAINLAND,BURRARD ST # 001270 TO 001299,BURRARD ST,BURRARD ST,09:00-11:59,1,0
N,PROPERTY DAMAGE ONLY,\N,N,2024,TUESDAY,SINGLE VEHICLE,N,N,49.278522,-122.78502,Y,APRIL,N,COQUITLAM,COQUITLAM,COQUITLAM,N,Y,N,LOWER MAINLAND,LINCOLN AVE # 003101 TO 003109 odd,LINCOLN AVE,LINCOLN AVE,09:00-11:59,1,0
N,PROPERTY DAMAGE ONLY,\N,N,2024,TUESDAY,SINGLE VEHICLE,N,N,49.280468,-123.103324,Y,APRIL,N,VANCOUVER,VANCOUVER,VANCOUVER,N,Y,N,LOWER MAINLAND,E PENDER ST # 000000 TO 000099,E PENDER ST,E PENDER ST,09:00-11:59,1,0
N,PROPERTY DAMAGE ONLY,\N,N,2024,TUESDAY,SINGLE VEHICLE,N,N,49.28053,-123.109498,Y,APRIL,N,VANCOUVER,VANCOUVER,VANCOUVER,N,Y,N,LOWER MAINLAND,BEATTY ST # 000500 TO 000599,BEATTY ST,BEATTY ST,09:00-11:59,1,0
N,PROPERTY DAMAGE ONLY,\N,N,2024,TUESDAY,SINGLE VEHICLE,N,N,49.282572,-123.123891,Y,APRIL,N,VANCOUVER,VANCOUVER,VANCOUVER,N,Y,N,LOWER MAINLAND,BURRARD ST # 000834 TO 000899,BURRARD ST,BURRARD ST,09:00-11:59,1,0
N,PROPERTY DAMAGE ONLY,\N,N,2024,TUESDAY,SINGLE VEHICLE,N,N,49.28482,-123.06453,Y,APRIL,N,VANCOUVER,VANCOUVER,VANCOUVER,N,N,N,LOWER MAINLAND,POWELL ST # 001900 TO 001999,POWELL ST,POWELL ST,09:00-11:59,1,0
N,PROPERTY DAMAGE ONLY,\N,N,2024,TUESDAY,SINGLE VEHICLE,N,N,49.285066,-123.122114,Y,APRIL,N,VANCOUVER,VANCOUVER,VANCOUVER,N,N,Y,LOWER MAINLAND,W GEORGIA ST # 001000 TO 001099,W GEORGIA ST,W GEORGIA ST,09:00-11:59,1,0
N,PROPERTY DAMAGE ONLY,\N,N,2024,TUESDAY,SINGLE VEHICLE,N,N,49.288862,-123.139407,Y,APRIL,N,VANCOUVER,VANCOUVER,VANCOUVER,N,Y,N,LOWER MAINLAND,DENMAN ST # 001024 TO 001074,DENMAN ST,DENMAN ST,09:00-11:59,1,0
N,PROPERTY DAMAGE ONLY,\N,N,2024,TUESDAY,SINGLE VEHICLE,N,N,49.305268,-123.016496,Y,APRIL,N,NORTH VANCOUVER,NORTH VANCOUVER,NORTH VANCOUVER,N,Y,N,LOWER MAINLAND,DOLLARTON HWY # 002000 TO 002198 even,DOLLARTON HWY,DOLLARTON HWY,09:00-11:59,1,0
N,PROPERTY DAMAGE ONLY,\N,N,2024,TUESDAY,SINGLE VEHICLE,N,N,49.305535,-124.42366,Y,APRIL,N,COOMBS,COOMBS,COOMBS,N,Y,N,VANCOUVER ISLAND,ALBERNI HWY # 002312 TO 002329,ALBERNI HWY,ALBERNI HWY,09:00-11:59,1,0
N,PROPERTY DAMAGE ONLY,\N,N,2024,TUESDAY,SINGLE VEHICLE,N,N,49.313014,-123.081995,Y,APRIL,N,NORTH VANCOUVER,NORTH VANCOUVER,NORTH VANCOUVER,N,Y,N,LOWER MAINLAND,CHESTERFIELD AVE # 000083 TO 000099,CHESTERFIELD AVE,CHESTERFIELD AVE,09:00-11:59,1,0
N,PROPERTY DAMAGE ONLY,\N,N,2024,TUESDAY,SINGLE VEHICLE,N,N,49.319362,-124.315685,Y,APRIL,N,PARKSVILLE,PARKSVILLE,PARKSVILLE,N,N,N,VANCOUVER ISLAND,HIRST AVE W # 000158 TO 000202,HIRST AVE W,HIRST AVE W,09:00-11:59,1,0
N,PROPERTY DAMAGE ONLY,\N,N,2024,TUESDAY,SINGLE VEHICLE,N,N,49.31995,-123.070813,Y,APRIL,N,NORTH VANCOUVER,NORTH VANCOUVER,NORTH VANCOUVER,N,Y,N,LOWER MAINLAND,E 13TH ST # 000100 TO 000199,E 13TH ST,E 13TH ST,09:00-11:59,1,0
N,PROPERTY DAMAGE ONLY,\N,N,2024,TUESDAY,SINGLE VEHICLE,N,N,49.321709,-123.096319,Y,APRIL,N,NORTH VANCOUVER,NORTH VANCOUVER,NORTH VANCOUVER,N,Y,N,LOWER MAINLAND,MARINE DR # 000801 TO 000899 odd,MARINE DR,MARINE DR,09:00-11:59,1,0
N,PROPERTY DAMAGE ONLY,\N,N,2024,TUESDAY,SINGLE VEHICLE,N,N,49.324661,-123.072254,Y,APRIL,N,NORTH VANCOUVER,NORTH VANCOUVER,NORTH VANCOUVER,N,Y,N,LOWER MAINLAND,LONSDALE AVE # 001700 TO 001799,LONSDALE AVE,LONSDALE AVE,09:00-11:59,1,0
N,PROPERTY DAMAGE ONLY,\N,N,2024,TUESDAY,SINGLE VEHICLE,N,N,49.325809,-123.139912,Y,APRIL,N,WEST VANCOUVER,WEST VANCOUVER,WEST VANCOUVER,Y,Y,N,LOWER MAINLAND,PARK ROYAL SOUTH # 001131 TO 003000,PARK ROYAL SOUTH,PARK ROYAL SOUTH,09:00-11:59,1,0
N,PROPERTY DAMAGE ONLY,\N,N,2024,TUESDAY,SINGLE VEHICLE,N,N,49.372301,-124.530126,Y,APRIL,N,QUALICUM BEACH,QUALICUM BEACH,QUALICUM BEACH,N,N,N,VANCOUVER ISLAND,FERNDOWNE RD # 000140 TO 000157,FERNDOWNE RD,FERNDOWNE RD,09:00-11:59,1,0
N,PROPERTY DAMAGE ONLY,\N,N,2024,TUESDAY,SINGLE VEHICLE,N,N,49.434895,-123.478573,Y,APRIL,N,LANGDALE,LANGDALE,LANGDALE,N,N,N,LOWER MAINLAND,PORT MELLON HWY # 001376 TO 001398 even,PORT MELLON HWY,PORT MELLON HWY,09:00-11:59,1,0
N,PROPERTY DAMAGE ONLY,\N,N,2024,TUESDAY,SINGLE VEHICLE,N,N,49.472396,-119.582434,Y,APRIL,N,PENTICTON,PENTICTON,PENTICTON,N,Y,N,SOUTHERN INTERIOR,SKAHA LAKE RD # 002300 TO 002328 even,SKAHA LAKE RD,SKAHA LAKE RD,09:00-11:59,1,0
N,PROPERTY DAMAGE ONLY,\N,N,2024,TUESDAY,SINGLE VEHICLE,N,N,49.800994,-119.484648,Y,APRIL,N,KELOWNA,KELOWNA,KELOWNA,N,Y,N,SOUTHERN INTERIOR,ARROWLEAF LANE # 000622 TO 000641,ARROWLEAF LANE,ARROWLEAF LANE,09:00-11:59,1,0
N,PROPERTY DAMAGE ONLY,\N,N,2024,TUESDAY,SINGLE VEHICLE,N,N,49.860623,-119.588904,Y,APRIL,N,WEST KELOWNA,WEST KELOWNA,WEST KELOWNA,N,N,N,SOUTHERN INTERIOR,ROSS RD # 001700 TO 001782,ROSS RD,ROSS RD,09:00-11:59,1,0
N,PROPERTY DAMAGE ONLY,\N,N,2024,TUESDAY,SINGLE VEHICLE,N,N,49.862640999999996,-119.565144,Y,APRIL,N,WEST KELOWNA,WEST KELOWNA,WEST KELOWNA,N,N,N,SOUTHERN INTERIOR,HUDSON RD # 001200 TO 001299,HUDSON RD,HUDSON RD,09:00-11:59,1,0
N,PROPERTY DAMAGE ONLY,\N,N,2024,TUESDAY,SINGLE VEHICLE,N,N,49.873946,-119.491229,Y,APRIL,N,KELOWNA,KELOWNA,KELOWNA,N,Y,N,SOUTHERN INTERIOR,PANDOSY ST # 002222 TO 002269,PANDOSY ST,PANDOSY ST,09:00-11:59,1,0
N,PROPERTY DAMAGE ONLY,\N,N,2024,TUESDAY,SINGLE VEHICLE,N,N,49.889007,-119.397615,Y,APRIL,N,KELOWNA,KELOWNA,KELOWNA,N,Y,N,SOUTHERN INTERIOR,HWY 33 W # 000500 TO 000699,HWY 33 W,HWY 33 W,09:00-11:59,1,0
N,PROPERTY DAMAGE ONLY,\N,N,2024,TUESDAY,SINGLE VEHICLE,N,N,49.890305,-119.392826,Y,APRIL,N,KELOWNA,KELOWNA,KELOWNA,N,N,N,SOUTHERN INTERIOR,DOUGALL RD N # 000183 TO 000205,DOUGALL RD N,DOUGALL RD N,09:00-11:59,1,0
N,PROPERTY DAMAGE ONLY,\N,N,2024,TUESDAY,SINGLE VEHICLE,N,N,49.918166,-119.391431,Y,APRIL,N,KELOWNA,KELOWNA,KELOWNA,N,N,N,SOUTHERN INTERIOR,SEXSMITH RD # 003345 TO 003479,SEXSMITH RD,SEXSMITH RD,09:00-11:59,1,0
N,PROPERTY DAMAGE ONLY,\N,N,2024,TUESDAY,SINGLE VEHICLE,N,N,49.989304,-125.226698,Y,APRIL,N,CAMPBELL RIVER,CAMPBELL RIVER,CAMPBELL RIVER,N,Y,N,VANCOUVER ISLAND,ISLAND HWY S # 000698 TO 001369,ISLAND HWY S,ISLAND HWY S,09:00-11:59,1,0
N,PROPERTY DAMAGE ONLY,\N,N,2024,TUESDAY,SINGLE VEHICLE,N,N,50.252866,-118.970864,Y,APRIL,N,LUMBY,LUMBY,LUMBY,N,N,N,SOUTHERN INTERIOR,LEBLANC ST # 002200 TO 002301,LEBLANC ST,LEBLANC ST,09:00-11:59,1,0
N,PROPERTY DAMAGE ONLY,\N,N,2024,TUESDAY,SINGLE VEHICLE,N,N,50.277005,-119.266634,Y,APRIL,N,VERNON,VERNON,VERNON,N,N,N,SOUTHERN INTERIOR,27 ST # 004400 TO 004499,27 ST,27 ST,09:00-11:59,1,0
N,PROPERTY DAMAGE ONLY,\N,N,2024,TUESDAY,SINGLE VEHICLE,N,N,50.569465,-119.124154,Y,APRIL,N,ENDERBY,ENDERBY,ENDERBY,N,N,N,SOUTHERN INTERIOR,DALE RD # 000000 TO 000099,DALE RD,DALE RD,09:00-11:59,1,0
N,PROPERTY DAMAGE ONLY,\N,N,2024,TUESDAY,SINGLE VEHICLE,N,N,50.593499,-126.931346,Y,APRIL,N,ALERT BAY,ALERT BAY,ALERT BAY,N,N,N,VANCOUVER ISLAND,GATU RD # 000004 TO 000019,GATU RD,GATU RD,09:00-11:59,1,0
N,PROPERTY DAMAGE ONLY,\N,N,2024,TUESDAY,SINGLE VEHICLE,N,N,50.659227,-120.260965,Y,APRIL,N,KAMLOOPS,KAMLOOPS,KAMLOOPS,N,Y,N,SOUTHERN INTERIOR,COLDWATER DR # 001700 TO 001899,COLDWATER DR,COLDWATER DR,09:00-11:59,1,0
N,PROPERTY DAMAGE ONLY,\N,N,2024,TUESDAY,SINGLE VEHICLE,N,N,50.669278,-120.163314,Y,APRIL,N,KAMLOOPS,KAMLOOPS,KAMLOOPS,N,N,N,SOUTHERN INTERIOR,URBAN RD # 000075 TO 000179,URBAN RD,URBAN RD,09:00-11:59,1,0
N,PROPERTY DAMAGE ONLY,\N,N,2024,TUESDAY,SINGLE VEHICLE,N,N,50.669348,-120.22127,Y,APRIL,N,KAMLOOPS,KAMLOOPS,KAMLOOPS,N,Y,N,SOUTHERN INTERIOR,VALLEYVIEW DR # 003200 TO 004000,VALLEYVIEW DR,VALLEYVIEW DR,09:00-11:59,1,0
N,PROPERTY DAMAGE ONLY,\N,N,2024,TUESDAY,SINGLE VEHICLE,N,N,50.709475,-119.267094,Y,APRIL,N,SALMON ARM,SALMON ARM,SALMON ARM,N,Y,N,SOUTHERN INTERIOR,16 ST NE # 001100 TO 001699,16 ST NE,16 ST NE,09:00-11:59,1,0
N,PROPERTY DAMAGE ONLY,\N,N,2024,TUESDAY,SINGLE VEHICLE,N,N,50.717075,-120.363249,Y,APRIL,N,KAMLOOPS,KAMLOOPS,KAMLOOPS,N,N,N,SOUTHERN INTERIOR,NORTH RIVER DR # 001730 TO 001809,NORTH RIVER DR,NORTH RIVER DR,09:00-11:59,1,0
N,PROPERTY DAMAGE ONLY,\N,N,2024,TUESDAY,SINGLE VEHICLE,N,N,52.128448,-122.122998,Y,APRIL,N,WILLIAMS LAKE,WILLIAMS LAKE,WILLIAMS LAKE,Y,N,N,NORTH CENTRAL,TOWER CRES # 001100 TO 001227,TOWER CRES,TOWER CRES,09:00-11:59,1,0
N,PROPERTY DAMAGE ONLY,\N,N,2024,TUESDAY,SINGLE VEHICLE,N,N,53.910815,-122.781177,Y,APRIL,N,PRINCE GEORGE,PRINCE GEORGE,PRINCE GEORGE,N,Y,N,NORTH CENTRAL,CENTRAL ST E # 001423 TO 001499,CENTRAL ST E,CENTRAL ST E,09:00-11:59,1,0
N,PROPERTY DAMAGE ONLY,\N,N,2024,TUESDAY,SINGLE VEHICLE,N,N,53.916465,-122.742423,Y,APRIL,N,PRINCE GEORGE,PRINCE GEORGE,PRINCE GEORGE,N,Y,N,NORTH CENTRAL,GEORGE ST # 000200 TO 000299,GEORGE ST,GEORGE ST,09:00-11:59,1,0
N,PROPERTY DAMAGE ONLY,\N,N,2024,TUESDAY,SINGLE VEHICLE,N,N,53.929405,-122.776028,Y,APRIL,N,PRINCE GEORGE,PRINCE GEORGE,PRINCE GEORGE,N,N,N,NORTH CENTRAL,TOMLIN RD # 000500 TO 000699,TOMLIN RD,TOMLIN RD,09:00-11:59,1,0
N,PROPERTY DAMAGE ONLY,\N,N,2024,TUESDAY,SINGLE VEHICLE,Y,N,49.016798,-122.41549,Y,APRIL,N,ABBOTSFORD,ABBOTSFORD,ABBOTSFORD,N,Y,N,LOWER MAINLAND,HUNTINGDON RD # 028850 TO 029499,HUNTINGDON RD,HUNTINGDON RD,09:00-11:59,1,0
N,PROPERTY DAMAGE ONLY,\N,N,2024,TUESDAY,SINGLE VEHICLE,Y,N,49.132918,-122.333757,Y,APRIL,N,MISSION,MISSION,MISSION,N,Y,N,LOWER MAINLAND,LOUGHEED HWY # 032134 TO 032148 even,LOUGHEED HWY,LOUGHEED HWY,09:00-11:59,1,0
N,PROPERTY DAMAGE ONLY,\N,N,2024,TUESDAY,SINGLE VEHICLE,Y,N,49.138088,-121.955449,Y,APRIL,N,CHILLIWACK,CHILLIWACK,CHILLIWACK,N,N,N,LOWER MAINLAND,KNIGHT RD # 045770 TO 045917,KNIGHT RD,KNIGHT RD,09:00-11:59,1,0
N,PROPERTY DAMAGE ONLY,\N,N,2024,TUESDAY,SINGLE VEHICLE,Y,N,49.229045,-122.934057,Y,APRIL,N,BURNABY,BURNABY,BURNABY,N,Y,N,LOWER MAINLAND,4TH ST # 007000 TO 007188,4TH ST,4TH ST,09:00-11:59,1,0
N,PROPERTY DAMAGE ONLY,\N,N,2024,TUESDAY,SINGLE VEHICLE,Y,N,49.253572,-123.080825,Y,APRIL,N,VANCOUVER,VANCOUVER,VANCOUVER,N,N,N,LOWER MAINLAND,E 19TH AVE # 001100 TO 001199,E 19TH AVE,E 19TH AVE,09:00-11:59,1,0
N,PROPERTY DAMAGE ONLY,\N,N,2024,TUESDAY,SINGLE VEHICLE,Y,N,49.289779,-123.12712,Y,APRIL,N,VANCOUVER,VANCOUVER,VANCOUVER,N,N,N,LOWER MAINLAND,BROUGHTON ST # 000500 TO 000599,BROUGHTON ST,BROUGHTON ST,09:00-11:59,1,0
N,PROPERTY DAMAGE ONLY,\N,N,2024,TUESDAY,UNDETERMINED,N,N,\N,\N,N,APRIL,N,BURNABY,BURNABY,\N,Y,N,N,LOWER MAINLAND,UNKNOWN,AUSTIN AVE,AUSTIN AVE,09:00-11:59,1,0
N,PROPERTY DAMAGE ONLY,\N,N,2024,TUESDAY,UNDETERMINED,N,N,\N,\N,N,APRIL,N,BURNABY,BURNABY,\N,Y,Y,N,LOWER MAINLAND,UNKNOWN,SKYLINE LN,SKYLINE LN,09:00-11:59,1,0
N,PROPERTY DAMAGE ONLY,\N,N,2024,TUESDAY,UNDETERMINED,N,N,\N,\N,N,APRIL,N,COQUITLAM,COQUITLAM,\N,N,N,N,LOWER MAINLAND,UNKNOWN,LOUGHEED HWY,LOUGHEED HWY,09:00-11:59,1,0
N,PROPERTY DAMAGE ONLY,\N,N,2024,TUESDAY,UNDETERMINED,N,N,\N,\N,N,APRIL,N,ERRINGTON,ERRINGTON,\N,Y,N,N,VANCOUVER ISLAND,UNKNOWN,WHIBLEY RD,WHIBLEY RD,09:00-11:59,1,0
N,PROPERTY DAMAGE ONLY,\N,N,2024,TUESDAY,UNDETERMINED,N,N,\N,\N,N,APRIL,N,KALEDEN,KALEDEN,\N,N,N,N,SOUTHERN INTERIOR,UNKNOWN,LOMBARDY PL,LOMBARDY PL,09:00-11:59,1,0
N,PROPERTY DAMAGE ONLY,\N,N,2024,TUESDAY,UNDETERMINED,N,N,\N,\N,N,APRIL,N,RICHMOND,RICHMOND,\N,Y,Y,N,LOWER MAINLAND,UNKNOWN,BLUNDELL RD,BLUNDELL RD,09:00-11:59,1,0
N,PROPERTY DAMAGE ONLY,\N,N,2024,TUESDAY,UNDETERMINED,N,N,\N,\N,N,APRIL,N,SURREY,SURREY,\N,Y,N,N,LOWER MAINLAND,UNKNOWN,UNKNOWN,UNKNOWN,09:00-11:59,1,0
N,PROPERTY DAMAGE ONLY,\N,N,2024,TUESDAY,UNDETERMINED,N,N,\N,\N,N,APRIL,N,TERRACE,TERRACE,\N,N,N,N,NORTH CENTRAL,UNKNOWN,HWY 16,HWY 16,09:00-11:59,1,0
N,PROPERTY DAMAGE ONLY,\N,N,2024,TUESDAY,UNDETERMINED,N,N,\N,\N,N,APRIL,N,VANCOUVER,VANCOUVER,\N,Y,N,N,LOWER MAINLAND,UNKNOWN,BERTON AVE,BERTON AVE,09:00-11:59,1,0
N,PROPERTY DAMAGE ONLY,\N,N,2024,TUESDAY,UNDETERMINED,N,N,\N,\N,N,APRIL,N,VANCOUVER,VANCOUVER,\N,Y,Y,N,LOWER MAINLAND,UNKNOWN,57TH AVE E,57TH AVE E,09:00-11:59,1,0
N,PROPERTY DAMAGE ONLY,\N,N,2024,TUESDAY,UNDETERMINED,N,N,\N,\N,N,APRIL,N,VICTORIA,VICTORIA,\N,Y,Y,N,VANCOUVER ISLAND,UNKNOWN,SAANICH RD,SAANICH RD,09:00-11:59,1,0
N,PROPERTY DAMAGE ONLY,\N,N,2024,TUESDAY,UNDETERMINED,N,N,48.410576,-123.351151,Y,APRIL,N,VICTORIA,VICTORIA,VICTORIA,Y,N,N,VANCOUVER ISLAND,HOWE ST # 000100 TO 000199,HOWE ST,HOWE ST,09:00-11:59,1,0
N,PROPERTY DAMAGE ONLY,\N,N,2024,TUESDAY,UNDETERMINED,N,N,48.431566,-123.305427,Y,APRIL,N,OAK BAY,OAK BAY,OAK BAY,Y,N,N,VANCOUVER ISLAND,BOWKER AVE # 002750 TO 002799,BOWKER AVE,BOWKER AVE,09:00-11:59,1,0
N,PROPERTY DAMAGE ONLY,\N,N,2024,TUESDAY,UNDETERMINED,N,N,48.44277,-123.370911,Y,APRIL,N,VICTORIA,VICTORIA,VICTORIA,Y,Y,N,VANCOUVER ISLAND,BURNSIDE RD E # 000580 TO 000599,BURNSIDE RD E,BURNSIDE RD E,09:00-11:59,1,0
N,PROPERTY DAMAGE ONLY,\N,N,2024,TUESDAY,UNDETERMINED,N,N,48.443391,-123.353096,Y,APRIL,N,VICTORIA,VICTORIA,VICTORIA,Y,Y,N,VANCOUVER ISLAND,TOPAZ AVE # 001200 TO 001299,TOPAZ AVE,TOPAZ AVE,09:00-11:59,1,0
N,PROPERTY DAMAGE ONLY,\N,N,2024,TUESDAY,UNDETERMINED,N,N,48.444837,-123.293482,Y,APRIL,N,OAK BAY,OAK BAY,OAK BAY,Y,N,N,VANCOUVER ISLAND,BEACH DR # 003100 TO 003199,BEACH DR,BEACH DR,09:00-11:59,1,0
N,PROPERTY DAMAGE ONLY,\N,N,2024,TUESDAY,UNDETERMINED,N,N,48.455532,-123.31437,Y,APRIL,N,OAK BAY,OAK BAY,OAK BAY,N,N,N,VANCOUVER ISLAND,HENDERSON RD # 003500 TO 003514,HENDERSON RD,HENDERSON RD,09:00-11:59,1,0
N,PROPERTY DAMAGE ONLY,\N,N,2024,TUESDAY,UNDETERMINED,N,N,48.774516,-123.698752,Y,APRIL,N,DUNCAN,DUNCAN,DUNCAN,N,Y,N,VANCOUVER ISLAND,TRANS-CANADA HWY # 000100 TO 000190 even,TRANS-CANADA HWY,TRANS-CANADA HWY,09:00-11:59,1,0
N,PROPERTY DAMAGE ONLY,\N,N,2024,TUESDAY,UNDETERMINED,N,N,49.023119,-122.795782,Y,APRIL,N,WHITE ROCK,WHITE ROCK,WHITE ROCK,Y,N,N,LOWER MAINLAND,SEMIAHMOO AVE # 015360 TO 015429,SEMIAHMOO AVE,SEMIAHMOO AVE,09:00-11:59,1,0
N,PROPERTY DAMAGE ONLY,\N,N,2024,TUESDAY,UNDETERMINED,N,N,49.031186,-122.80261899999999,Y,APRIL,N,SURREY,SURREY,SURREY,Y,Y,N,LOWER MAINLAND,16 AVE # 015083 TO 015199 odd,16 AVE,16 AVE,09:00-11:59,1,0
N,PROPERTY DAMAGE ONLY,\N,N,2024,TUESDAY,UNDETERMINED,N,N,49.035957,-122.29326,Y,APRIL,N,ABBOTSFORD,ABBOTSFORD,ABBOTSFORD,Y,Y,N,LOWER MAINLAND,MCCALLUM RD # 001800 TO 001889,MCCALLUM RD,MCCALLUM RD,09:00-11:59,1,0
N,PROPERTY DAMAGE ONLY,\N,N,2024,TUESDAY,UNDETERMINED,N,N,49.038162,-122.31345,Y,APRIL,N,ABBOTSFORD,ABBOTSFORD,ABBOTSFORD,N,Y,N,LOWER MAINLAND,MARSHALL RD # 032800 TO 032953,MARSHALL RD,MARSHALL RD,09:00-11:59,2,0
N,PROPERTY DAMAGE ONLY,\N,N,2024,TUESDAY,UNDETERMINED,N,N,49.055031,-122.32822,Y,APRIL,N,ABBOTSFORD,ABBOTSFORD,ABBOTSFORD,N,Y,N,LOWER MAINLAND,GEORGE FERGUSON WAY # 032300 TO 032399,GEORGE FERGUSON WAY,GEORGE FERGUSON WAY,09:00-11:59,1,0
N,PROPERTY DAMAGE ONLY,\N,N,2024,TUESDAY,UNDETERMINED,N,N,49.057224,-122.417748,Y,APRIL,N,ABBOTSFORD,ABBOTSFORD,ABBOTSFORD,Y,Y,N,LOWER MAINLAND,FRASER HWY # 028800 TO 029393,FRASER HWY,FRASER HWY,09:00-11:59,1,0
N,PROPERTY DAMAGE ONLY,\N,N,2024,TUESDAY,UNDETERMINED,N,N,49.057278,-122.444503,Y,APRIL,N,ABBOTSFORD,ABBOTSFORD,ABBOTSFORD,Y,Y,N,LOWER MAINLAND,FRASER HWY # 028000 TO 028324,FRASER HWY,FRASER HWY,09:00-11:59,1,0
N,PROPERTY DAMAGE ONLY,\N,N,2024,TUESDAY,UNDETERMINED,N,N,49.088654,-122.599357,Y,APRIL,N,LANGLEY,LANGLEY,LANGLEY,N,Y,N,LOWER MAINLAND,FRASER HWY # 022500 TO 022509,FRASER HWY,FRASER HWY,09:00-11:59,1,0
N,PROPERTY DAMAGE ONLY,\N,N,2024,TUESDAY,UNDETERMINED,N,N,49.101649,-122.711266,Y,APRIL,N,SURREY,SURREY,SURREY,Y,N,N,LOWER MAINLAND,184A ST # 005400 TO 005499,184A ST,184A ST,09:00-11:59,1,0
N,PROPERTY DAMAGE ONLY,\N,N,2024,TUESDAY,UNDETERMINED,N,N,49.104246,-122.661144,Y,APRIL,N,LANGLEY,LANGLEY,LANGLEY,Y,Y,N,LOWER MAINLAND,56 AVE # 020250 TO 020298 even,56 AVE,56 AVE,09:00-11:59,1,0
N,PROPERTY DAMAGE ONLY,\N,N,2024,TUESDAY,UNDETERMINED,N,N,49.11148,-122.734243,Y,APRIL,N,SURREY,SURREY,SURREY,Y,Y,N,LOWER MAINLAND,60 AVE # 017600 TO 017649,60 AVE,60 AVE,09:00-11:59,1,0
N,PROPERTY DAMAGE ONLY,\N,N,2024,TUESDAY,UNDETERMINED,N,N,49.111515,-122.740939,Y,APRIL,N,SURREY,SURREY,SURREY,Y,Y,N,LOWER MAINLAND,60 AVE # 017360 TO 017399,60 AVE,60 AVE,09:00-11:59,1,0
N,PROPERTY DAMAGE ONLY,\N,N,2024,TUESDAY,UNDETERMINED,N,N,49.114418,-121.910104,Y,APRIL,N,CHILLIWACK,CHILLIWACK,CHILLIWACK,Y,N,N,LOWER MAINLAND,REXFORD DR # 006200 TO 006269,REXFORD DR,REXFORD DR,09:00-11:59,1,0
N,PROPERTY DAMAGE ONLY,\N,N,2024,TUESDAY,UNDETERMINED,N,N,49.125072,-122.816969,Y,APRIL,N,SURREY,SURREY,SURREY,Y,N,N,LOWER MAINLAND,67A AVE # 014560 TO 014679,67A AVE,67A AVE,09:00-11:59,1,0
N,PROPERTY DAMAGE ONLY,\N,N,2024,TUESDAY,UNDETERMINED,N,N,49.125174,-123.180001,Y,APRIL,N,RICHMOND,RICHMOND,RICHMOND,Y,Y,N,LOWER MAINLAND,MONCTON ST # 004000 TO 004298,MONCTON ST,MONCTON ST,09:00-11:59,1,0
N,PROPERTY DAMAGE ONLY,\N,N,2024,TUESDAY,UNDETERMINED,N,N,49.132918,-122.333757,Y,APRIL,N,MISSION,MISSION,MISSION,Y,Y,N,LOWER MAINLAND,LOUGHEED HWY # 032134 TO 032148 even,LOUGHEED HWY,LOUGHEED HWY,09:00-11:59,1,0
N,PROPERTY DAMAGE ONLY,\N,N,2024,TUESDAY,UNDETERMINED,N,N,49.134226,-122.670326,Y,APRIL,N,LANGLEY,LANGLEY,LANGLEY,Y,Y,N,LOWER MAINLAND,199A ST # 007200 TO 007255,199A ST,199A ST,09:00-11:59,1,0
N,PROPERTY DAMAGE ONLY,\N,N,2024,TUESDAY,UNDETERMINED,N,N,49.139015,-122.845708,Y,APRIL,N,SURREY,SURREY,SURREY,N,Y,N,LOWER MAINLAND,KING GEORGE BLVD # 007401 TO 007599 odd,KING GEORGE BLVD,KING GEORGE BLVD,09:00-11:59,1,0
N,PROPERTY DAMAGE ONLY,\N,N,2024,TUESDAY,UNDETERMINED,N,N,49.1404,-122.888913,Y,APRIL,N,SURREY,SURREY,SURREY,Y,N,N,LOWER MAINLAND,120A ST # 007500 TO 007599,120A ST,120A ST,09:00-11:59,1,0
N,PROPERTY DAMAGE ONLY,\N,N,2024,TUESDAY,UNDETERMINED,N,N,49.140904,-122.833911,Y,APRIL,N,SURREY,SURREY,SURREY,Y,Y,N,LOWER MAINLAND,76 AVE # 014000 TO 014049,76 AVE,76 AVE,09:00-11:59,1,0
N,PROPERTY DAMAGE ONLY,\N,N,2024,TUESDAY,UNDETERMINED,N,N,49.148596,-122.892046,Y,APRIL,N,DELTA,DELTA,DELTA,N,Y,N,LOWER MAINLAND,80 AVE # 011900 TO 011999,80 AVE,80 AVE,09:00-11:59,1,0
N,PROPERTY DAMAGE ONLY,\N,N,2024,TUESDAY,UNDETERMINED,N,N,49.148596,-122.892046,Y,APRIL,N,DELTA,DELTA,DELTA,Y,Y,N,LOWER MAINLAND,80 AVE # 011900 TO 011999,80 AVE,80 AVE,09:00-11:59,1,0
N,PROPERTY DAMAGE ONLY,\N,N,2024,TUESDAY,UNDETERMINED,N,N,49.152872,-121.963475,Y,APRIL,N,CHILLIWACK,CHILLIWACK,CHILLIWACK,Y,Y,N,LOWER MAINLAND,YALE RD # 045522 TO 045629,YALE RD,YALE RD,09:00-11:59,1,0
N,PROPERTY DAMAGE ONLY,\N,N,2024,TUESDAY,UNDETERMINED,N,N,49.154353,-122.930299,Y,APRIL,N,DELTA,DELTA,DELTA,Y,N,N,LOWER MAINLAND,DELSOM CRES # 010374 TO 010500,DELSOM CRES,DELSOM CRES,09:00-11:59,1,0
N,PROPERTY DAMAGE ONLY,\N,N,2024,TUESDAY,UNDETERMINED,N,N,49.155371,-123.968168,Y,APRIL,N,NANAIMO,NANAIMO,NANAIMO,Y,Y,N,VANCOUVER ISLAND,FIFTH ST # 000852 TO 000905,FIFTH ST,FIFTH ST,09:00-11:59,1,0
N,PROPERTY DAMAGE ONLY,\N,N,2024,TUESDAY,UNDETERMINED,N,N,49.155401,-122.859578,Y,APRIL,N,SURREY,SURREY,SURREY,N,Y,N,LOWER MAINLAND,84 AVE # 013000 TO 013199,84 AVE,84 AVE,09:00-11:59,1,0
N,PROPERTY DAMAGE ONLY,\N,N,2024,TUESDAY,UNDETERMINED,N,N,49.156909,-121.975491,Y,APRIL,N,CHILLIWACK,CHILLIWACK,CHILLIWACK,Y,Y,N,LOWER MAINLAND,EAGLE LANDING PKY # 008404 TO 008499,EAGLE LANDING PKY,EAGLE LANDING PKY,09:00-11:59,1,0
N,PROPERTY DAMAGE ONLY,\N,N,2024,TUESDAY,UNDETERMINED,N,N,49.162419,-123.940162,Y,APRIL,N,NANAIMO,NANAIMO,NANAIMO,N,N,N,VANCOUVER ISLAND,SELBY ST # 000400 TO 000499,SELBY ST,SELBY ST,09:00-11:59,1,0
N,PROPERTY DAMAGE ONLY,\N,N,2024,TUESDAY,UNDETERMINED,N,N,49.168305,-123.158904,Y,APRIL,N,RICHMOND,RICHMOND,RICHMOND,N,N,N,LOWER MAINLAND,NO 2 RD # 006001 TO 006379 odd,NO 2 RD,NO 2 RD,09:00-11:59,1,0
N,PROPERTY DAMAGE ONLY,\N,N,2024,TUESDAY,UNDETERMINED,N,N,49.171395,-123.076828,Y,APRIL,N,RICHMOND,RICHMOND,RICHMOND,Y,Y,N,LOWER MAINLAND,SMALLWOOD PL # 013100 TO 013699,SMALLWOOD PL,SMALLWOOD PL,09:00-11:59,1,0
N,PROPERTY DAMAGE ONLY,\N,N,2024,TUESDAY,UNDETERMINED,N,N,49.171776,-121.952607,Y,APRIL,N,CHILLIWACK,CHILLIWACK,CHILLIWACK,N,Y,N,LOWER MAINLAND,YOUNG RD # 009330 TO 009349,YOUNG RD,YOUNG RD,09:00-11:59,1,0
N,PROPERTY DAMAGE ONLY,\N,N,2024,TUESDAY,UNDETERMINED,N,N,49.174658,-123.136677,Y,APRIL,N,RICHMOND,RICHMOND,RICHMOND,Y,Y,N,LOWER MAINLAND,NO 3 RD # 005300 TO 005498 even,NO 3 RD,NO 3 RD,09:00-11:59,1,0
N,PROPERTY DAMAGE ONLY,\N,N,2024,TUESDAY,UNDETERMINED,N,N,49.17626,-122.886037,Y,APRIL,N,SURREY,SURREY,SURREY,Y,N,N,LOWER MAINLAND,95A AVE # 012100 TO 012199,95A AVE,95A AVE,09:00-11:59,1,0
N,PROPERTY DAMAGE ONLY,\N,N,2024,TUESDAY,UNDETERMINED,N,N,49.178081,-123.121298,Y,APRIL,N,RICHMOND,RICHMOND,RICHMOND,Y,Y,N,LOWER MAINLAND,MCCLELLAND RD # 004700 TO 004799,MCCLELLAND RD,MCCLELLAND RD,09:00-11:59,1,0
N,PROPERTY DAMAGE ONLY,\N,N,2024,TUESDAY,UNDETERMINED,N,N,49.181731,-122.844279,Y,APRIL,N,SURREY,SURREY,SURREY,Y,Y,N,LOWER MAINLAND,GEORGE JUNCTION # 013600 TO 013689,GEORGE JUNCTION,GEORGE JUNCTION,09:00-11:59,1,0
N,PROPERTY DAMAGE ONLY,\N,N,2024,TUESDAY,UNDETERMINED,N,N,49.185989,-122.499147,Y,APRIL,N,MAPLE RIDGE,MAPLE RIDGE,MAPLE RIDGE,Y,N,N,LOWER MAINLAND,102 AVE # 026000 TO 026199,102 AVE,102 AVE,09:00-11:59,1,0
N,PROPERTY DAMAGE ONLY,\N,N,2024,TUESDAY,UNDETERMINED,N,N,49.187784,-122.840224,Y,APRIL,N,SURREY,SURREY,SURREY,Y,Y,N,LOWER MAINLAND,102 AVE # 013750 TO 013832,102 AVE,102 AVE,09:00-11:59,1,0
N,PROPERTY DAMAGE ONLY,\N,N,2024,TUESDAY,UNDETERMINED,N,N,49.191977,-123.086051,Y,APRIL,N,RICHMOND,RICHMOND,RICHMOND,Y,N,N,LOWER MAINLAND,BRIDGEPORT RD # 012100 TO 012699,BRIDGEPORT RD,BRIDGEPORT RD,09:00-11:59,1,0
N,PROPERTY DAMAGE ONLY,\N,N,2024,TUESDAY,UNDETERMINED,N,N,49.192014,-123.122024,Y,APRIL,N,RICHMOND,RICHMOND,RICHMOND,Y,Y,N,LOWER MAINLAND,BRIDGEPORT RD # 009088 TO 009299,BRIDGEPORT RD,BRIDGEPORT RD,09:00-11:59,1,0
N,PROPERTY DAMAGE ONLY,\N,N,2024,TUESDAY,UNDETERMINED,N,N,49.192384,-122.800785,Y,APRIL,N,SURREY,SURREY,SURREY,N,Y,N,LOWER MAINLAND,152 ST # 010400 TO 010498 even,152 ST,152 ST,09:00-11:59,1,0
N,PROPERTY DAMAGE ONLY,\N,N,2024,TUESDAY,UNDETERMINED,N,N,49.196044,-122.815022,Y,APRIL,N,SURREY,SURREY,SURREY,Y,N,N,LOWER MAINLAND,106A AVE # 014600 TO 014799,106A AVE,106A AVE,09:00-11:59,1,0
N,PROPERTY DAMAGE ONLY,\N,N,2024,TUESDAY,UNDETERMINED,N,N,49.205614,-122.929954,Y,APRIL,N,NEW WESTMINSTER,NEW WESTMINSTER,NEW WESTMINSTER,Y,N,N,LOWER MAINLAND,FIFTH AVE # 001211 TO 001299,FIFTH AVE,FIFTH AVE,09:00-11:59,1,0
N,PROPERTY DAMAGE ONLY,\N,N,2024,TUESDAY,UNDETERMINED,N,N,49.206129,-123.134679,Y,APRIL,N,VANCOUVER,VANCOUVER,VANCOUVER,N,N,N,LOWER MAINLAND,HUDSON ST # 008734 TO 008799,HUDSON ST,HUDSON ST,09:00-11:59,1,0
N,PROPERTY DAMAGE ONLY,\N,N,2024,TUESDAY,UNDETERMINED,N,N,49.209528,-123.081439,Y,APRIL,N,VANCOUVER,VANCOUVER,VANCOUVER,N,Y,N,LOWER MAINLAND,E 67TH AVE # 001200 TO 001299,E 67TH AVE,E 67TH AVE,09:00-11:59,1,0
N,PROPERTY DAMAGE ONLY,\N,N,2024,TUESDAY,UNDETERMINED,N,N,49.214835,-124.027673,Y,APRIL,N,NANAIMO,NANAIMO,NANAIMO,N,Y,N,VANCOUVER ISLAND,RUTHERFORD RD # 004750 TO 004750 even,RUTHERFORD RD,RUTHERFORD RD,09:00-11:59,1,0
N,PROPERTY DAMAGE ONLY,\N,N,2024,TUESDAY,UNDETERMINED,N,N,49.217114,-122.59762,Y,APRIL,N,MAPLE RIDGE,MAPLE RIDGE,MAPLE RIDGE,Y,Y,N,LOWER MAINLAND,LOUGHEED HWY # 022500 TO 022599,LOUGHEED HWY,LOUGHEED HWY,09:00-11:59,1,0
N,PROPERTY DAMAGE ONLY,\N,N,2024,TUESDAY,UNDETERMINED,N,N,49.2177,-122.955716,Y,APRIL,N,BURNABY,BURNABY,BURNABY,Y,Y,N,LOWER MAINLAND,ACORN AVE # 007200 TO 007299,ACORN AVE,ACORN AVE,09:00-11:59,1,0
N,PROPERTY DAMAGE ONLY,\N,N,2024,TUESDAY,UNDETERMINED,N,N,49.218157,-122.601678,Y,APRIL,N,MAPLE RIDGE,MAPLE RIDGE,MAPLE RIDGE,Y,Y,N,LOWER MAINLAND,224 ST # 011850 TO 011899,224 ST,224 ST,09:00-11:59,1,0
N,PROPERTY DAMAGE ONLY,\N,N,2024,TUESDAY,UNDETERMINED,N,N,49.222319,-122.980568,Y,APRIL,N,BURNABY,BURNABY,BURNABY,N,Y,N,LOWER MAINLAND,KINGSWAY # 005700 TO 005778,KINGSWAY,KINGSWAY,09:00-11:59,1,0
N,PROPERTY DAMAGE ONLY,\N,N,2024,TUESDAY,UNDETERMINED,N,N,49.223587,-122.913851,Y,APRIL,N,NEW WESTMINSTER,NEW WESTMINSTER,NEW WESTMINSTER,N,Y,N,LOWER MAINLAND,MCBRIDE BLVD # 000800 TO 000998 even,MCBRIDE BLVD,MCBRIDE BLVD,09:00-11:59,1,0
N,PROPERTY DAMAGE ONLY,\N,N,2024,TUESDAY,UNDETERMINED,N,N,49.22372,-123.100339,Y,APRIL,N,VANCOUVER,VANCOUVER,VANCOUVER,Y,N,N,LOWER MAINLAND,E 51ST AVE # 000211 TO 000299,E 51ST AVE,E 51ST AVE,09:00-11:59,1,0
N,PROPERTY DAMAGE ONLY,\N,N,2024,TUESDAY,UNDETERMINED,N,N,49.226282,-122.992886,Y,APRIL,N,BURNABY,BURNABY,BURNABY,Y,Y,N,LOWER MAINLAND,KINGSWAY # 004900 TO 005049,KINGSWAY,KINGSWAY,09:00-11:59,1,0
N,PROPERTY DAMAGE ONLY,\N,N,2024,TUESDAY,UNDETERMINED,N,N,49.228116,-122.998531,Y,APRIL,N,BURNABY,BURNABY,BURNABY,Y,Y,N,LOWER MAINLAND,KINGSWAY # 004700 TO 004749,KINGSWAY,KINGSWAY,09:00-11:59,1,0
N,PROPERTY DAMAGE ONLY,\N,N,2024,TUESDAY,UNDETERMINED,N,N,49.231221,-122.694119,Y,APRIL,N,PITT MEADOWS,PITT MEADOWS,PITT MEADOWS,Y,Y,N,LOWER MAINLAND,190A ST # 012570 TO 012655,190A ST,190A ST,09:00-11:59,1,0
N,PROPERTY DAMAGE ONLY,\N,N,2024,TUESDAY,UNDETERMINED,N,N,49.232438,-122.782523,Y,APRIL,N,PORT COQUITLAM,PORT COQUITLAM,PORT COQUITLAM,Y,N,N,LOWER MAINLAND,CITADEL DR # 000874 TO 000999,CITADEL DR,CITADEL DR,09:00-11:59,1,0
N,PROPERTY DAMAGE ONLY,\N,N,2024,TUESDAY,UNDETERMINED,N,N,49.237311,-123.108909,Y,APRIL,N,VANCOUVER,VANCOUVER,VANCOUVER,N,N,N,LOWER MAINLAND,W 37TH AVE # 000125 TO 000168,W 37TH AVE,W 37TH AVE,09:00-11:59,1,0
N,PROPERTY DAMAGE ONLY,\N,N,2024,TUESDAY,UNDETERMINED,N,N,49.242343,-123.074861,Y,APRIL,N,VANCOUVER,VANCOUVER,VANCOUVER,N,Y,N,LOWER MAINLAND,LANARK ST # 004700 TO 004799,LANARK ST,LANARK ST,09:00-11:59,1,0
N,PROPERTY DAMAGE ONLY,\N,N,2024,TUESDAY,UNDETERMINED,N,N,49.242784,-123.101387,Y,APRIL,N,VANCOUVER,VANCOUVER,VANCOUVER,Y,N,N,LOWER MAINLAND,MAIN ST # 004600 TO 004798,MAIN ST,MAIN ST,09:00-11:59,1,0
N,PROPERTY DAMAGE ONLY,\N,N,2024,TUESDAY,UNDETERMINED,N,N,49.243556,-123.150754,Y,APRIL,N,VANCOUVER,VANCOUVER,VANCOUVER,Y,Y,N,LOWER MAINLAND,VALLEY DR # 004626 TO 004893,VALLEY DR,VALLEY DR,09:00-11:59,1,0
N,PROPERTY DAMAGE ONLY,\N,N,2024,TUESDAY,UNDETERMINED,N,N,49.243735,-124.797831,Y,APRIL,N,PORT ALBERNI,PORT ALBERNI,PORT ALBERNI,N,Y,N,VANCOUVER ISLAND,10TH AVE # 003700 TO 003729,10TH AVE,10TH AVE,09:00-11:59,1,0
N,PROPERTY DAMAGE ONLY,\N,N,2024,TUESDAY,UNDETERMINED,N,N,49.244945,-123.127654,Y,APRIL,N,VANCOUVER,VANCOUVER,VANCOUVER,Y,Y,N,LOWER MAINLAND,OAK ST # 004500 TO 004599,OAK ST,OAK ST,09:00-11:59,1,0
N,PROPERTY DAMAGE ONLY,\N,N,2024,TUESDAY,UNDETERMINED,N,N,49.248321,-123.041618,Y,APRIL,N,VANCOUVER,VANCOUVER,VANCOUVER,Y,N,N,LOWER MAINLAND,NOOTKA ST # 004000 TO 004099,NOOTKA ST,NOOTKA ST,09:00-11:59,1,0
N,PROPERTY DAMAGE ONLY,\N,N,2024,TUESDAY,UNDETERMINED,N,N,49.251719,-122.918981,Y,APRIL,N,BURNABY,BURNABY,BURNABY,N,Y,N,LOWER MAINLAND,BRIGHTON AVE # 003400 TO 003599,BRIGHTON AVE,BRIGHTON AVE,09:00-11:59,1,0
N,PROPERTY DAMAGE ONLY,\N,N,2024,TUESDAY,UNDETERMINED,N,N,49.25238,-123.076018,Y,APRIL,N,VANCOUVER,VANCOUVER,VANCOUVER,Y,N,N,LOWER MAINLAND,KNIGHT ST # 003593 TO 003641 odd,KNIGHT ST,KNIGHT ST,09:00-11:59,1,0
N,PROPERTY DAMAGE ONLY,\N,N,2024,TUESDAY,UNDETERMINED,N,N,49.257278,-122.746598,Y,APRIL,N,PORT COQUITLAM,PORT COQUITLAM,PORT COQUITLAM,N,N,N,LOWER MAINLAND,OTTAWA ST # 002350 TO 002389,OTTAWA ST,OTTAWA ST,09:00-11:59,1,0
N,PROPERTY DAMAGE ONLY,\N,N,2024,TUESDAY,UNDETERMINED,N,N,49.257278,-122.746598,Y,APRIL,N,PORT COQUITLAM,PORT COQUITLAM,PORT COQUITLAM,N,Y,N,LOWER MAINLAND,OTTAWA ST # 002350 TO 002389,OTTAWA ST,OTTAWA ST,09:00-11:59,1,0
N,PROPERTY DAMAGE ONLY,\N,N,2024,TUESDAY,UNDETERMINED,N,N,49.257278,-122.746598,Y,APRIL,N,PORT COQUITLAM,PORT COQUITLAM,PORT COQUITLAM,Y,Y,N,LOWER MAINLAND,OTTAWA ST # 002350 TO 002389,OTTAWA ST,OTTAWA ST,09:00-11:59,1,0
N,PROPERTY DAMAGE ONLY,\N,N,2024,TUESDAY,UNDETERMINED,N,N,49.258119,-123.037802,Y,APRIL,N,VANCOUVER,VANCOUVER,VANCOUVER,Y,Y,N,LOWER MAINLAND,GRANDVIEW HWY # 003100 TO 003199,GRANDVIEW HWY,GRANDVIEW HWY,09:00-11:59,1,0
N,PROPERTY DAMAGE ONLY,\N,N,2024,TUESDAY,UNDETERMINED,N,N,49.258843,-122.89245,Y,APRIL,N,COQUITLAM,COQUITLAM,COQUITLAM,N,Y,N,LOWER MAINLAND,COTTONWOOD AVE # 000500 TO 000509,COTTONWOOD AVE,COTTONWOOD AVE,09:00-11:59,1,0
N,PROPERTY DAMAGE ONLY,\N,N,2024,TUESDAY,UNDETERMINED,N,N,49.258942,-123.140349,Y,APRIL,N,VANCOUVER,VANCOUVER,VANCOUVER,Y,N,N,LOWER MAINLAND,W 14TH AVE # 001530 TO 001599,W 14TH AVE,W 14TH AVE,09:00-11:59,1,0
N,PROPERTY DAMAGE ONLY,\N,N,2024,TUESDAY,UNDETERMINED,N,N,49.260114,-123.002597,Y,APRIL,N,BURNABY,BURNABY,BURNABY,Y,Y,N,LOWER MAINLAND,STILL CREEK AVE # 004500 TO 004599,STILL CREEK AVE,STILL CREEK AVE,09:00-11:59,1,0
N,PROPERTY DAMAGE ONLY,\N,N,2024,TUESDAY,UNDETERMINED,N,N,49.263839,-122.79919,Y,APRIL,N,COQUITLAM,COQUITLAM,COQUITLAM,Y,N,N,LOWER MAINLAND,SHARPE ST # 000804 TO 000849,SHARPE ST,SHARPE ST,09:00-11:59,1,0
N,PROPERTY DAMAGE ONLY,\N,N,2024,TUESDAY,UNDETERMINED,N,N,49.263898,-123.170091,Y,APRIL,N,VANCOUVER,VANCOUVER,VANCOUVER,Y,N,N,LOWER MAINLAND,MACKENZIE ST # 002500 TO 002545,MACKENZIE ST,MACKENZIE ST,09:00-11:59,1,0
N,PROPERTY DAMAGE ONLY,\N,N,2024,TUESDAY,UNDETERMINED,N,N,49.266315,-122.740144,Y,APRIL,N,PORT COQUITLAM,PORT COQUITLAM,PORT COQUITLAM,Y,N,N,LOWER MAINLAND,TULAMEEN PL # 000900 TO 000949,TULAMEEN PL,TULAMEEN PL,09:00-11:59,1,0
N,PROPERTY DAMAGE ONLY,\N,N,2024,TUESDAY,UNDETERMINED,N,N,49.268173,-123.21044499999999,Y,APRIL,N,VANCOUVER,VANCOUVER,VANCOUVER,Y,N,N,LOWER MAINLAND,W 5TH AVE # 004500 TO 004599,W 5TH AVE,W 5TH AVE,09:00-11:59,1,0
N,PROPERTY DAMAGE ONLY,\N,N,2024,TUESDAY,UNDETERMINED,N,N,49.269226,-122.760274,Y,APRIL,N,PORT COQUITLAM,PORT COQUITLAM,PORT COQUITLAM,Y,Y,N,LOWER MAINLAND,FRASER AVE # 001600 TO 001699,FRASER AVE,FRASER AVE,09:00-11:59,1,0
N,PROPERTY DAMAGE ONLY,\N,N,2024,TUESDAY,UNDETERMINED,N,N,49.270314,-123.100596,Y,APRIL,N,VANCOUVER,VANCOUVER,VANCOUVER,Y,Y,N,LOWER MAINLAND,MAIN ST # 001676 TO 001698 even,MAIN ST,MAIN ST,09:00-11:59,1,0
N,PROPERTY DAMAGE ONLY,\N,N,2024,TUESDAY,UNDETERMINED,N,N,49.270879,-123.158586,Y,APRIL,N,VANCOUVER,VANCOUVER,VANCOUVER,Y,Y,N,LOWER MAINLAND,W 1ST AVE # 002300 TO 002399,W 1ST AVE,W 1ST AVE,09:00-11:59,1,0
N,PROPERTY DAMAGE ONLY,\N,N,2024,TUESDAY,UNDETERMINED,N,N,49.272728,-123.147797,Y,APRIL,N,VANCOUVER,VANCOUVER,VANCOUVER,N,N,N,LOWER MAINLAND,CYPRESS ST # 001452 TO 001499,CYPRESS ST,CYPRESS ST,09:00-11:59,1,0
N,PROPERTY DAMAGE ONLY,\N,N,2024,TUESDAY,UNDETERMINED,N,N,49.275318,-123.146958,Y,APRIL,N,VANCOUVER,VANCOUVER,VANCOUVER,Y,N,N,LOWER MAINLAND,WHYTE AVE # 001800 TO 001899,WHYTE AVE,WHYTE AVE,09:00-11:59,1,0
N,PROPERTY DAMAGE ONLY,\N,N,2024,TUESDAY,UNDETERMINED,N,N,49.278362,-122.970923,Y,APRIL,N,BURNABY,BURNABY,BURNABY,N,Y,N,LOWER MAINLAND,HAMMARSKJOLD DR # 000730 TO 000799,HAMMARSKJOLD DR,HAMMARSKJOLD DR,09:00-11:59,1,0
N,PROPERTY DAMAGE ONLY,\N,N,2024,TUESDAY,UNDETERMINED,N,N,49.281027,-123.126281,Y,APRIL,N,VANCOUVER,VANCOUVER,VANCOUVER,Y,Y,N,LOWER MAINLAND,BURRARD ST # 001000 TO 001023,BURRARD ST,BURRARD ST,09:00-11:59,1,0
N,PROPERTY DAMAGE ONLY,\N,N,2024,TUESDAY,UNDETERMINED,N,N,49.285017,-123.111385,Y,APRIL,N,VANCOUVER,VANCOUVER,VANCOUVER,Y,Y,N,LOWER MAINLAND,W CORDOVA ST # 000500 TO 000599,W CORDOVA ST,W CORDOVA ST,09:00-11:59,1,0
N,PROPERTY DAMAGE ONLY,\N,N,2024,TUESDAY,UNDETERMINED,N,N,49.290082,-123.145187,Y,APRIL,N,VANCOUVER,VANCOUVER,VANCOUVER,Y,Y,N,LOWER MAINLAND,BEACH AVE # 002000 TO 002087,BEACH AVE,BEACH AVE,09:00-11:59,1,0
N,PROPERTY DAMAGE ONLY,\N,N,2024,TUESDAY,UNDETERMINED,N,N,49.297592,-122.808671,Y,APRIL,N,COQUITLAM,COQUITLAM,COQUITLAM,Y,N,N,LOWER MAINLAND,PANORAMA DR # 002900 TO 002943,PANORAMA DR,PANORAMA DR,09:00-11:59,1,0
N,PROPERTY DAMAGE ONLY,\N,N,2024,TUESDAY,UNDETERMINED,N,N,49.307792,-123.06328,Y,APRIL,N,NORTH VANCOUVER,NORTH VANCOUVER,NORTH VANCOUVER,Y,Y,N,LOWER MAINLAND,RIDGEWAY AVE # 000200 TO 000247,RIDGEWAY AVE,RIDGEWAY AVE,09:00-11:59,1,0
N,PROPERTY DAMAGE ONLY,\N,N,2024,TUESDAY,UNDETERMINED,N,N,49.323546,-123.064493,Y,APRIL,N,NORTH VANCOUVER,NORTH VANCOUVER,NORTH VANCOUVER,Y,N,N,LOWER MAINLAND,E 16TH LANE # 000300 TO 000350,E 16TH LANE,E 16TH LANE,09:00-11:59,1,0
N,PROPERTY DAMAGE ONLY,\N,N,2024,TUESDAY,UNDETERMINED,N,N,49.326739,-123.072201,Y,APRIL,N,NORTH VANCOUVER,NORTH VANCOUVER,NORTH VANCOUVER,Y,Y,N,LOWER MAINLAND,LONSDALE AVE # 001900 TO 001999,LONSDALE AVE,LONSDALE AVE,09:00-11:59,1,0
N,PROPERTY DAMAGE ONLY,\N,N,2024,TUESDAY,UNDETERMINED,N,N,49.346784,-119.568221,Y,APRIL,N,OKANAGAN FALLS,OKANAGAN FALLS,OKANAGAN FALLS,Y,N,N,SOUTHERN INTERIOR,7TH AVE # 004700 TO 004799,7TH AVE,7TH AVE,09:00-11:59,1,0
N,PROPERTY DAMAGE ONLY,\N,N,2024,TUESDAY,UNDETERMINED,N,N,49.350283,-124.369107,Y,APRIL,N,PARKSVILLE,PARKSVILLE,PARKSVILLE,Y,Y,N,VANCOUVER ISLAND,DALMATIAN DR # 001560 TO 001609,DALMATIAN DR,DALMATIAN DR,09:00-11:59,1,0
N,PROPERTY DAMAGE ONLY,\N,N,2024,TUESDAY,UNDETERMINED,N,N,49.48325,-119.564385,Y,APRIL,N,PENTICTON,PENTICTON,PENTICTON,Y,N,N,SOUTHERN INTERIOR,DUNANT CRES # 000140 TO 000169,DUNANT CRES,DUNANT CRES,09:00-11:59,1,0
N,PROPERTY DAMAGE ONLY,\N,N,2024,TUESDAY,UNDETERMINED,N,N,49.674385,-124.981688,Y,APRIL,N,COURTENAY,COURTENAY,COURTENAY,N,Y,N,VANCOUVER ISLAND,CLIFFE AVE # 002701 TO 002799 odd,CLIFFE AVE,CLIFFE AVE,09:00-11:59,1,0
N,PROPERTY DAMAGE ONLY,\N,N,2024,TUESDAY,UNDETERMINED,N,N,49.845224,-119.577869,Y,APRIL,N,WEST KELOWNA,WEST KELOWNA,WEST KELOWNA,Y,N,N,SOUTHERN INTERIOR,CHASSELAS CRT # 003273 TO 003284,CHASSELAS CRT,CHASSELAS CRT,09:00-11:59,1,0
N,PROPERTY DAMAGE ONLY,\N,N,2024,TUESDAY,UNDETERMINED,N,N,49.881996,-119.463869,Y,APRIL,N,KELOWNA,KELOWNA,KELOWNA,Y,N,N,SOUTHERN INTERIOR,HARVEY AVE # 001500 TO 001634 even,HARVEY AVE,HARVEY AVE,09:00-11:59,1,0
N,PROPERTY DAMAGE ONLY,\N,N,2024,TUESDAY,UNDETERMINED,N,N,49.887628,-119.426692,Y,APRIL,N,KELOWNA,KELOWNA,KELOWNA,Y,Y,N,SOUTHERN INTERIOR,BANKS RD # 001550 TO 001569,BANKS RD,BANKS RD,09:00-11:59,1,0
N,PROPERTY DAMAGE ONLY,\N,N,2024,TUESDAY,UNDETERMINED,N,N,49.890365,-119.493537,Y,APRIL,N,KELOWNA,KELOWNA,KELOWNA,Y,Y,N,SOUTHERN INTERIOR,ELLIS ST # 001300 TO 001399,ELLIS ST,ELLIS ST,09:00-11:59,1,0
N,PROPERTY DAMAGE ONLY,\N,N,2024,TUESDAY,UNDETERMINED,N,N,49.985366,-125.239281,Y,APRIL,N,CAMPBELL RIVER,CAMPBELL RIVER,CAMPBELL RIVER,Y,N,N,VANCOUVER ISLAND,SPRINGBOK RD # 000554 TO 000565,SPRINGBOK RD,SPRINGBOK RD,09:00-11:59,1,0
N,PROPERTY DAMAGE ONLY,\N,N,2024,TUESDAY,UNDETERMINED,N,N,50.029137,-125.249335,Y,APRIL,N,CAMPBELL RIVER,CAMPBELL RIVER,CAMPBELL RIVER,Y,Y,N,VANCOUVER ISLAND,DOGWOOD ST # 001400 TO 001419,DOGWOOD ST,DOGWOOD ST,09:00-11:59,1,0
N,PROPERTY DAMAGE ONLY,\N,N,2024,TUESDAY,UNDETERMINED,N,N,50.070571,-119.414674,Y,APRIL,N,LAKE COUNTRY,LAKE COUNTRY,LAKE COUNTRY,Y,N,N,SOUTHERN INTERIOR,CLIFFSHORE DR # 012800 TO 012835,CLIFFSHORE DR,CLIFFSHORE DR,09:00-11:59,1,0
N,PROPERTY DAMAGE ONLY,\N,N,2024,TUESDAY,UNDETERMINED,N,N,50.259674,-119.277912,Y,APRIL,N,VERNON,VERNON,VERNON,N,N,N,SOUTHERN INTERIOR,34A ST # 002400 TO 002408,34A ST,34A ST,09:00-11:59,1,0
N,PROPERTY DAMAGE ONLY,\N,N,2024,TUESDAY,UNDETERMINED,N,N,50.26641,-119.27513,Y,APRIL,N,VERNON,VERNON,VERNON,Y,N,N,SOUTHERN INTERIOR,33 ST # 003300 TO 003399,33 ST,33 ST,09:00-11:59,1,0
N,PROPERTY DAMAGE ONLY,\N,N,2024,TUESDAY,UNDETERMINED,N,N,50.277005,-119.266634,Y,APRIL,N,VERNON,VERNON,VERNON,Y,Y,N,SOUTHERN INTERIOR,27 ST # 004400 TO 004499,27 ST,27 ST,09:00-11:59,1,0
N,PROPERTY DAMAGE ONLY,\N,N,2024,TUESDAY,UNDETERMINED,N,N,50.277186,-119.274406,Y,APRIL,N,VERNON,VERNON,VERNON,Y,Y,N,SOUTHERN INTERIOR,32 ST # 004400 TO 004408 even,32 ST,32 ST,09:00-11:59,1,0
N,PROPERTY DAMAGE ONLY,\N,N,2024,TUESDAY,UNDETERMINED,N,N,50.301221,-119.25248,Y,APRIL,N,VERNON,VERNON,VERNON,Y,N,N,SOUTHERN INTERIOR,HWY 97 # 006301 TO 006699 odd,HWY 97,HWY 97,09:00-11:59,1,0
N,PROPERTY DAMAGE ONLY,\N,N,2024,TUESDAY,UNDETERMINED,N,N,50.676105,-120.337824,Y,APRIL,N,KAMLOOPS,KAMLOOPS,KAMLOOPS,Y,Y,N,SOUTHERN INTERIOR,VICTORIA ST # 000100 TO 000199,VICTORIA ST,VICTORIA ST,09:00-11:59,1,0
N,PROPERTY DAMAGE ONLY,\N,N,2024,TUESDAY,UNDETERMINED,N,N,50.676681,-120.330784,Y,APRIL,N,KAMLOOPS,KAMLOOPS,KAMLOOPS,Y,Y,N,SOUTHERN INTERIOR,LANSDOWNE ST # 000400 TO 000499,LANSDOWNE ST,LANSDOWNE ST,09:00-11:59,1,0
N,PROPERTY DAMAGE ONLY,\N,N,2024,TUESDAY,UNDETERMINED,N,N,50.70512,-119.279122,Y,APRIL,N,SALMON ARM,SALMON ARM,SALMON ARM,N,Y,N,SOUTHERN INTERIOR,HARBOURFRONT DR NE # 000450 TO 000707,HARBOURFRONT DR NE,HARBOURFRONT DR NE,09:00-11:59,1,0
N,PROPERTY DAMAGE ONLY,\N,N,2024,TUESDAY,UNDETERMINED,N,N,50.886709,-119.40377,Y,APRIL,N,BLIND BAY,BLIND BAY,BLIND BAY,Y,N,N,SOUTHERN INTERIOR,BLIND BAY RD # 002100 TO 002159,BLIND BAY RD,BLIND BAY RD,09:00-11:59,1,0
N,PROPERTY DAMAGE ONLY,\N,N,2024,TUESDAY,UNDETERMINED,N,N,51.644812,-121.295273,Y,APRIL,N,100 MILE HOUSE,100 MILE HOUSE,100 MILE HOUSE,N,Y,N,NORTH CENTRAL,BIRCH AVE # 000200 TO 000299,BIRCH AVE,BIRCH AVE,09:00-11:59,1,0
N,PROPERTY DAMAGE ONLY,\N,N,2024,TUESDAY,UNDETERMINED,N,N,53.884458,-122.672528,Y,APRIL,N,PRINCE GEORGE,PRINCE GEORGE,PRINCE GEORGE,Y,Y,N,NORTH CENTRAL,AIRPORT RD # 004104 TO 004199,AIRPORT RD,AIRPORT RD,09:00-11:59,1,0
N,PROPERTY DAMAGE ONLY,\N,N,2024,TUESDAY,UNDETERMINED,N,N,53.988588,-122.785309,Y,APRIL,N,PRINCE GEORGE,PRINCE GEORGE,PRINCE GEORGE,Y,Y,N,NORTH CENTRAL,HART HWY # 006401 TO 006699 odd,JOHN HART HWY,JOHN HART HWY,09:00-11:59,1,0
N,PROPERTY DAMAGE ONLY,\N,N,2024,TUESDAY,UNDETERMINED,N,N,54.006507,-123.976105,Y,APRIL,N,VANDERHOOF,VANDERHOOF,VANDERHOOF,Y,Y,N,NORTH CENTRAL,ASPEN DR # 001529 TO 001582,ASPEN DR,ASPEN DR,09:00-11:59,1,0
N,PROPERTY DAMAGE ONLY,\N,N,2024,TUESDAY,UNDETERMINED,N,N,54.01269,-124.008182,Y,APRIL,N,VANDERHOOF,VANDERHOOF,VANDERHOOF,Y,Y,N,NORTH CENTRAL,RYLEY AVE # 002100 TO 002199,RYLEY AVE,RYLEY AVE,09:00-11:59,1,0
N,PROPERTY DAMAGE ONLY,\N,N,2024,TUESDAY,UNDETERMINED,Y,N,\N,\N,N,APRIL,N,ARMSTRONG,ARMSTRONG,\N,N,N,N,SOUTHERN INTERIOR,UNKNOWN,OTTER LAKE RD,OTTER LAKE RD,09:00-11:59,1,0
N,PROPERTY DAMAGE ONLY,\N,N,2024,TUESDAY,UNDETERMINED,Y,N,\N,\N,N,APRIL,N,NEW WESTMINSTER,NEW WESTMINSTER,\N,Y,Y,N,LOWER MAINLAND,UNKNOWN,DERWENT WAY,DERWENT WAY,09:00-11:59,1,0
N,PROPERTY DAMAGE ONLY,\N,N,2024,TUESDAY,UNDETERMINED,Y,N,\N,\N,N,APRIL,N,VANCOUVER,VANCOUVER,\N,N,N,N,LOWER MAINLAND,UNKNOWN,UNKNOWN,UNKNOWN,09:00-11:59,1,0
N,PROPERTY DAMAGE ONLY,\N,N,2024,TUESDAY,UNDETERMINED,Y,N,49.058202,-122.47338,Y,APRIL,N,LANGLEY,LANGLEY,LANGLEY,N,N,N,LOWER MAINLAND,FRASER HWY # 027070 TO 027149,FRASER HWY,FRASER HWY,09:00-11:59,1,0
N,PROPERTY DAMAGE ONLY,\N,N,2024,TUESDAY,UNDETERMINED,Y,N,49.096449,-122.260901,Y,APRIL,N,ABBOTSFORD,ABBOTSFORD,ABBOTSFORD,Y,Y,N,LOWER MAINLAND,HALLERT RD # 034400 TO 035199,HALLERT RD,HALLERT RD,09:00-11:59,1,0
N,PROPERTY DAMAGE ONLY,\N,N,2024,TUESDAY,UNDETERMINED,Y,N,49.14261,-122.898706,Y,APRIL,N,DELTA,DELTA,DELTA,Y,N,N,LOWER MAINLAND,117 ST # 007623 TO 007699,117 ST,117 ST,09:00-11:59,1,0
N,PROPERTY DAMAGE ONLY,\N,N,2024,TUESDAY,UNDETERMINED,Y,N,49.153465,-122.00129,Y,APRIL,N,CHILLIWACK,CHILLIWACK,CHILLIWACK,Y,N,N,LOWER MAINLAND,PROGRESS WAY # 044000 TO 044449,PROGRESS WAY,PROGRESS WAY,09:00-11:59,1,0
N,PROPERTY DAMAGE ONLY,\N,N,2024,TUESDAY,UNDETERMINED,Y,N,49.246235,-123.042703,Y,APRIL,N,VANCOUVER,VANCOUVER,VANCOUVER,Y,N,N,LOWER MAINLAND,E 27TH AVE # 002900 TO 002999,E 27TH AVE,E 27TH AVE,09:00-11:59,1,0
N,PROPERTY DAMAGE ONLY,\N,N,2024,TUESDAY,UNDETERMINED,Y,N,50.242368,-119.237951,Y,APRIL,N,COLDSTREAM,COLDSTREAM,COLDSTREAM,Y,N,N,SOUTHERN INTERIOR,INVERNESS DR # 000250 TO 000349,INVERNESS DR,INVERNESS DR,09:00-11:59,1,0
N,PROPERTY DAMAGE ONLY,\N,Y,2024,TUESDAY,SINGLE VEHICLE,N,N,\N,\N,N,APRIL,N,NANAIMO,NANAIMO,\N,N,N,N,VANCOUVER ISLAND,UNKNOWN,BOWEN RD,BOWEN RD,09:00-11:59,1,0
N,PROPERTY DAMAGE ONLY,\N,Y,2024,TUESDAY,SINGLE VEHICLE,N,N,48.428925,-123.357419,Y,APRIL,N,VICTORIA,VICTORIA,VICTORIA,Y,N,N,VANCOUVER ISLAND,BALMORAL RD # 000900 TO 000999,BALMORAL RD,BALMORAL RD,09:00-11:59,1,0
N,PROPERTY DAMAGE ONLY,\N,Y,2024,TUESDAY,SINGLE VEHICLE,N,N,49.674435,-124.981564,Y,APRIL,N,COURTENAY,COURTENAY,COURTENAY,N,N,N,VANCOUVER ISLAND,CLIFFE AVE # 002760 TO 002798 even,CLIFFE AVE,CLIFFE AVE,09:00-11:59,1,0
N,PROPERTY DAMAGE ONLY,101 AVE,N,2024,TUESDAY,SIDE SWIPE - SAME DIRECTION,N,Y,49.186146,-122.800941,N,APRIL,N,SURREY,SURREY,SURREY,N,Y,N,LOWER MAINLAND,101 AVE & 152 ST,152 ST,152 ST,09:00-11:59,1,0
N,PROPERTY DAMAGE ONLY,102 ST,N,2024,TUESDAY,SIDE SWIPE - SAME DIRECTION,N,Y,56.246462,-120.850955,N,APRIL,N,FORT ST. JOHN,FORT ST. JOHN,FORT ST. JOHN,N,N,N,NORTH CENTRAL,100 AVE & 102 ST,100 AVE,100 AVE,09:00-11:59,1,0
N,PROPERTY DAMAGE ONLY,104 AVE,N,2024,TUESDAY,SIDE IMPACT,Y,Y,49.191551,-122.841905,N,APRIL,N,SURREY,SURREY,SURREY,N,N,N,LOWER MAINLAND,104 AVE & WHALLEY BLVD,WHALLEY BLVD,WHALLEY BLVD,09:00-11:59,1,0
N,PROPERTY DAMAGE ONLY,104 AVE,N,2024,TUESDAY,SIDE SWIPE - SAME DIRECTION,N,Y,49.191498,-122.800899,N,APRIL,N,SURREY,SURREY,SURREY,N,N,N,LOWER MAINLAND,104 AVE & 152 ST,152 ST,152 ST,09:00-11:59,2,0
N,PROPERTY DAMAGE ONLY,10TH AVE,N,2024,TUESDAY,SIDE SWIPE - SAME DIRECTION,N,Y,49.515986,-115.061604,N,APRIL,N,FERNIE,FERNIE,FERNIE,Y,N,N,SOUTHERN INTERIOR,10TH AVE & 16TH ST,16TH ST,16TH ST,09:00-11:59,1,0
N,PROPERTY DAMAGE ONLY,126 ST,N,2024,TUESDAY,REAR END,N,Y,49.162905,-122.873543,N,APRIL,N,SURREY,SURREY,SURREY,N,N,N,LOWER MAINLAND,126 ST & 88 AVE,88 AVE,88 AVE,09:00-11:59,1,0
N,PROPERTY DAMAGE ONLY,13TH ST,N,2024,TUESDAY,REAR END,N,Y,49.781865,-119.723215,N,APRIL,N,PEACHLAND,PEACHLAND,PEACHLAND,N,N,N,SOUTHERN INTERIOR,13TH ST & BEACH AVE,BEACH AVE,BEACH AVE,09:00-11:59,1,0
N,PROPERTY DAMAGE ONLY,144 ST,N,2024,TUESDAY,REAR END,N,Y,49.119128,-122.823275,N,APRIL,N,SURREY,SURREY,SURREY,N,N,N,LOWER MAINLAND,144 ST & 64 AVE,64 AVE,64 AVE,09:00-11:59,1,0
N,PROPERTY DAMAGE ONLY,149 ST,N,2024,TUESDAY,SIDE IMPACT,N,Y,49.128346,-122.809352,N,APRIL,N,SURREY,SURREY,SURREY,Y,N,N,LOWER MAINLAND,149 ST & 69 AVE,69 AVE,69 AVE,09:00-11:59,1,0
N,PROPERTY DAMAGE ONLY,152 ST,N,2024,TUESDAY,REAR END,N,Y,49.166096,-122.801369,N,APRIL,N,SURREY,SURREY,SURREY,N,N,N,LOWER MAINLAND,152 ST & FRASER HWY & TURNING LANE,FRASER HWY,FRASER HWY,09:00-11:59,1,0
N,PROPERTY DAMAGE ONLY,152 ST,N,2024,TUESDAY,UNDETERMINED,N,Y,49.123517,-122.801037,N,APRIL,N,SURREY,SURREY,SURREY,N,N,N,LOWER MAINLAND,152 ST & 66A AVE,66A AVE,66A AVE,09:00-11:59,1,0
N,PROPERTY DAMAGE ONLY,16 AVE,N,2024,TUESDAY,REAR END,N,Y,49.031152,-122.746134,N,APRIL,N,SURREY,SURREY,SURREY,N,N,N,LOWER MAINLAND,16 AVE & 172 ST,172 ST,172 ST,09:00-11:59,1,0
N,PROPERTY DAMAGE ONLY,176 ST,N,2024,TUESDAY,REAR END,N,Y,49.060147,-122.735396,N,APRIL,N,SURREY,SURREY,SURREY,N,N,N,LOWER MAINLAND,176 ST & 32 AVE & TURNING LANE,32 AVE,32 AVE,09:00-11:59,1,0
N,PROPERTY DAMAGE ONLY,176 ST,N,2024,TUESDAY,REAR END,N,Y,49.07457,-122.735588,N,APRIL,N,SURREY,SURREY,SURREY,N,N,N,LOWER MAINLAND,176 ST & 40 AVE,40 AVE,40 AVE,09:00-11:59,1,0
N,PROPERTY DAMAGE ONLY,184 ST,N,2024,TUESDAY,SIDE IMPACT,N,Y,49.118731,-122.71259,N,APRIL,N,SURREY,SURREY,SURREY,N,N,N,LOWER MAINLAND,184 ST & 64 AVE,64 AVE,64 AVE,09:00-11:59,1,0
N,PROPERTY DAMAGE ONLY,192 ST,N,2024,TUESDAY,UNDETERMINED,N,Y,49.181041,-122.690324,N,APRIL,N,SURREY,SURREY,SURREY,N,N,N,LOWER MAINLAND,192 ST & GOLDEN EARS WAY & TURNING LANE,GOLDEN EARS WAY,GOLDEN EARS WAY,09:00-11:59,1,0
N,PROPERTY DAMAGE ONLY,200 ST,N,2024,TUESDAY,UNDETERMINED,N,Y,49.13352,-122.668321,N,APRIL,N,LANGLEY,LANGLEY,LANGLEY,Y,N,N,LOWER MAINLAND,200 ST & 72 AVE,72 AVE,72 AVE,09:00-11:59,1,0
N,PROPERTY DAMAGE ONLY,202 ST,N,2024,TUESDAY,SIDE SWIPE - SAME DIRECTION,N,Y,49.174258,-122.665357,N,APRIL,N,LANGLEY,LANGLEY,LANGLEY,N,N,N,LOWER MAINLAND,201 ST & 202 ST & TURNING LANE,201 ST,201 ST,09:00-11:59,1,0
N,PROPERTY DAMAGE ONLY,203 ST,N,2024,TUESDAY,CONFLICTED,N,Y,49.217366,-122.658456,N,APRIL,N,MAPLE RIDGE,MAPLE RIDGE,MAPLE RIDGE,Y,N,N,LOWER MAINLAND,118 AVE & 203 ST,118 AVE,118 AVE,09:00-11:59,1,0
N,PROPERTY DAMAGE ONLY,20TH AVE,N,2024,TUESDAY,REAR END,Y,Y,53.905456,-122.742258,N,APRIL,N,PRINCE GEORGE,PRINCE GEORGE,PRINCE GEORGE,N,N,N,NORTH CENTRAL,20TH AVE & QUEENSWAY,QUEENSWAY,QUEENSWAY,09:00-11:59,1,0
N,PROPERTY DAMAGE ONLY,24 AVE,N,2024,TUESDAY,CONFLICTED,N,Y,49.045561,-122.779205,N,APRIL,N,SURREY,SURREY,SURREY,Y,Y,N,LOWER MAINLAND,160 ST & 24 AVE,160 ST,160 ST,09:00-11:59,1,0
N,PROPERTY DAMAGE ONLY,24 AVE,N,2024,TUESDAY,REAR END,N,Y,49.045632,-122.801205,N,APRIL,N,SURREY,SURREY,SURREY,N,N,N,LOWER MAINLAND,152 ST & 24 AVE,152 ST,152 ST,09:00-11:59,1,0
N,PROPERTY DAMAGE ONLY,24 AVE,N,2024,TUESDAY,SIDE IMPACT,N,Y,49.045663,-122.757,N,APRIL,N,SURREY,SURREY,SURREY,N,Y,N,LOWER MAINLAND,168 ST & 24 AVE,168 ST,168 ST,09:00-11:59,1,0
N,PROPERTY DAMAGE ONLY,24 AVE,N,2024,TUESDAY,SINGLE VEHICLE,N,N,\N,\N,N,APRIL,N,CASTLEGAR,CASTLEGAR,\N,N,Y,N,SOUTHERN INTERIOR,UNKNOWN,HWY 3 A,HWY 3 A,09:00-11:59,1,0
N,PROPERTY DAMAGE ONLY,272 ST,N,2024,TUESDAY,UNDETERMINED,N,Y,49.219923,-122.457788,N,APRIL,N,MAPLE RIDGE,MAPLE RIDGE,MAPLE RIDGE,N,N,N,LOWER MAINLAND,272 ST & DEWDNEY TRUNK RD & TURNING LANE,DEWDNEY TRUNK RD,DEWDNEY TRUNK RD,09:00-11:59,1,0
N,PROPERTY DAMAGE ONLY,2ND AVE,N,2024,TUESDAY,SINGLE VEHICLE,N,Y,50.675878,-120.336663,N,APRIL,N,KAMLOOPS,KAMLOOPS,KAMLOOPS,N,Y,Y,SOUTHERN INTERIOR,2ND AVE & VICTORIA ST,VICTORIA ST,VICTORIA ST,09:00-11:59,1,0
N,PROPERTY DAMAGE ONLY,2ND AVE,N,2024,TUESDAY,UNDETERMINED,N,Y,49.135321,-122.302325,N,APRIL,N,MISSION,MISSION,MISSION,Y,N,N,LOWER MAINLAND,2ND AVE & HORNE ST,HORNE ST,HORNE ST,09:00-11:59,1,0
N,PROPERTY DAMAGE ONLY,2ND AVE,N,2024,TUESDAY,UNDETERMINED,N,Y,53.916373,-122.74036,N,APRIL,N,PRINCE GEORGE,PRINCE GEORGE,PRINCE GEORGE,N,N,N,NORTH CENTRAL,2ND AVE & QUEENSWAY,QUEENSWAY,QUEENSWAY,09:00-11:59,1,0
N,PROPERTY DAMAGE ONLY,32 AVE,N,2024,TUESDAY,UNDETERMINED,N,Y,49.06158,-122.801183,N,APRIL,N,SURREY,SURREY,SURREY,Y,N,N,LOWER MAINLAND,152 ST & 32 AVE DIVERSION & TURNING LANE,152 ST,152 ST,09:00-11:59,1,0
N,PROPERTY DAMAGE ONLY,3RD AVE,N,2024,TUESDAY,SIDE IMPACT,N,Y,49.384214,-121.445888,N,APRIL,N,HOPE,HOPE,HOPE,N,N,N,LOWER MAINLAND,3RD AVE & KING ST,KING ST,KING ST,09:00-11:59,1,0
N,PROPERTY DAMAGE ONLY,4TH AVE,N,2024,TUESDAY,SIDE IMPACT,N,Y,53.915301,-122.743373,N,APRIL,N,PRINCE GEORGE,PRINCE GEORGE,PRINCE GEORGE,N,N,N,NORTH CENTRAL,4TH AVE & GEORGE ST,GEORGE ST,GEORGE ST,09:00-11:59,1,0
N,PROPERTY DAMAGE ONLY,76 AVE,N,2024,TUESDAY,SIDE IMPACT,N,Y,49.140852,-122.845634,N,APRIL,N,SURREY,SURREY,SURREY,N,N,N,LOWER MAINLAND,76 AVE & KING GEORGE BLVD & TURNING LANE,KING GEORGE BLVD,KING GEORGE BLVD,09:00-11:59,1,0
N,PROPERTY DAMAGE ONLY,80 AVE,N,2024,TUESDAY,SINGLE VEHICLE,N,Y,49.147902,-122.712389,N,APRIL,N,SURREY,SURREY,SURREY,N,N,N,LOWER MAINLAND,184 ST & 80 AVE,184 ST,184 ST,09:00-11:59,1,0
N,PROPERTY DAMAGE ONLY,80 AVE,N,2024,TUESDAY,SINGLE VEHICLE,N,Y,49.148198,-122.760108,N,APRIL,N,SURREY,SURREY,SURREY,N,N,N,LOWER MAINLAND,166B ST & 80 AVE,166B ST,166B ST,09:00-11:59,1,0
N,PROPERTY DAMAGE ONLY,84 AVE,N,2024,TUESDAY,HEAD ON,N,Y,49.155231,-122.773476,N,APRIL,N,SURREY,SURREY,SURREY,N,N,N,LOWER MAINLAND,162 ST & 84 AVE & FRASER HWY & TURNING LANE,FRASER HWY,FRASER HWY,09:00-11:59,1,0
N,PROPERTY DAMAGE ONLY,84 AVE,N,2024,TUESDAY,SIDE IMPACT,N,Y,49.155383,-122.86233,N,APRIL,N,SURREY,SURREY,SURREY,N,Y,N,LOWER MAINLAND,130 ST & 84 AVE,130 ST,130 ST,09:00-11:59,1,0
N,PROPERTY DAMAGE ONLY,88 AVE,N,2024,TUESDAY,UNDETERMINED,N,Y,49.16275,-122.778863,N,APRIL,N,SURREY,SURREY,SURREY,N,N,N,LOWER MAINLAND,160 ST & 88 AVE,160 ST,160 ST,09:00-11:59,1,0
N,PROPERTY DAMAGE ONLY,AIRPORT RD,N,2024,TUESDAY,SIDE SWIPE - SAME DIRECTION,N,Y,49.182892,-123.149518,N,APRIL,N,RICHMOND,RICHMOND,RICHMOND,N,N,N,LOWER MAINLAND,AIRPORT RD & RUSS BAKER WAY & TURNING LANE,RUSS BAKER WAY,RUSS BAKER WAY,09:00-11:59,1,0
N,PROPERTY DAMAGE ONLY,AIRPORT WAY,N,2024,TUESDAY,SINGLE VEHICLE,N,Y,49.952028,-119.386407,N,APRIL,N,KELOWNA,KELOWNA,KELOWNA,N,N,N,SOUTHERN INTERIOR,AIRPORT WAY & HWY 97 N & TURNING LANE,HWY 97,HWY 97,09:00-11:59,1,0
N,PROPERTY DAMAGE ONLY,ALBERTA ST,N,2024,TUESDAY,SIDE SWIPE - SAME DIRECTION,N,Y,49.233437,-123.113459,N,APRIL,N,VANCOUVER,VANCOUVER,VANCOUVER,N,N,N,LOWER MAINLAND,ALBERTA ST & W 41ST AVE,W 41ST AVE,W 41ST AVE,09:00-11:59,1,0
N,PROPERTY DAMAGE ONLY,ALMA ST,N,2024,TUESDAY,SIDE SWIPE - SAME DIRECTION,N,Y,49.268607,-123.185686,N,APRIL,N,VANCOUVER,VANCOUVER,VANCOUVER,N,N,N,LOWER MAINLAND,ALMA ST & W 4TH AVE,W 4TH AVE,W 4TH AVE,09:00-11:59,1,0
N,PROPERTY DAMAGE ONLY,AMHERST ST,N,2024,TUESDAY,REAR TO REAR,N,Y,49.478914,-119.582093,N,APRIL,N,PENTICTON,PENTICTON,PENTICTON,N,Y,N,SOUTHERN INTERIOR,AMHERST ST & ROSETOWN AVE,ROSETOWN AVE,ROSETOWN AVE,09:00-11:59,1,0
N,PROPERTY DAMAGE ONLY,ANDERTON RD,N,2024,TUESDAY,SINGLE VEHICLE,N,Y,49.67583,-124.935196,N,APRIL,N,COMOX,COMOX,COMOX,N,Y,N,VANCOUVER ISLAND,ANDERTON RD & COMOX AVE,COMOX AVE,COMOX AVE,09:00-11:59,1,0
N,PROPERTY DAMAGE ONLY,ANSELL RD,N,2024,TUESDAY,SIDE SWIPE - OPPOSITE DIRECTION,N,Y,48.464924,-123.323934,N,APRIL,N,SAANICH,SAANICH,SAANICH,N,N,N,VANCOUVER ISLAND,ANSELL RD & MORTIMER ST,MORTIMER ST,MORTIMER ST,09:00-11:59,1,0
N,PROPERTY DAMAGE ONLY,ASH ST,N,2024,TUESDAY,UNDETERMINED,N,Y,49.26325,-123.11752,N,APRIL,N,VANCOUVER,VANCOUVER,VANCOUVER,N,Y,N,LOWER MAINLAND,ASH ST & W BROADWAY,W BROADWAY,W BROADWAY,09:00-11:59,1,0
N,PROPERTY DAMAGE ONLY,AUDLEY BLVD,N,2024,TUESDAY,CONFLICTED,Y,Y,49.175862,-122.932506,N,APRIL,N,DELTA,DELTA,DELTA,Y,N,N,LOWER MAINLAND,AUDLEY BLVD & DERWENT WAY,DERWENT WAY,DERWENT WAY,09:00-11:59,1,0
N,PROPERTY DAMAGE ONLY,BARCLAY ST,N,2024,TUESDAY,CONFLICTED,N,Y,49.289058,-123.135977,N,APRIL,N,VANCOUVER,VANCOUVER,VANCOUVER,Y,N,N,LOWER MAINLAND,BARCLAY ST & BIDWELL ST,BIDWELL ST,BIDWELL ST,09:00-11:59,1,0
N,PROPERTY DAMAGE ONLY,BAY ST,N,2024,TUESDAY,REAR END,N,Y,48.43564,-123.364149,N,APRIL,N,VICTORIA,VICTORIA,VICTORIA,Y,N,N,VANCOUVER ISLAND,BAY ST & WESTBOURNE PL,WESTBOURNE PL,WESTBOURNE PL,09:00-11:59,1,0
N,PROPERTY DAMAGE ONLY,BEACH AVE,N,2024,TUESDAY,REAR END,N,Y,49.302361,-122.870685,N,APRIL,N,PORT MOODY,PORT MOODY,PORT MOODY,N,N,N,LOWER MAINLAND,BEACH AVE & IOCO RD,IOCO RD,IOCO RD,09:00-11:59,1,0
N,PROPERTY DAMAGE ONLY,BIDWELL ST,N,2024,TUESDAY,UNDETERMINED,N,Y,49.290467,-123.133879,N,APRIL,N,VANCOUVER,VANCOUVER,VANCOUVER,N,N,N,LOWER MAINLAND,BIDWELL ST & ROBSON ST,ROBSON ST,ROBSON ST,09:00-11:59,1,0
N,PROPERTY DAMAGE ONLY,BLAKE DR,N,2024,TUESDAY,SIDE IMPACT,N,Y,49.133936,-122.917348,N,APRIL,N,DELTA,DELTA,DELTA,N,N,N,LOWER MAINLAND,72 AVE & BLAKE DR,72 AVE,72 AVE,09:00-11:59,1,0
N,PROPERTY DAMAGE ONLY,BLENHEIM ST,N,2024,TUESDAY,SINGLE VEHICLE,N,Y,49.264235,-123.177798,N,APRIL,N,VANCOUVER,VANCOUVER,VANCOUVER,N,Y,N,LOWER MAINLAND,BLENHEIM ST & W BROADWAY,W BROADWAY,W BROADWAY,09:00-11:59,1,0
N,PROPERTY DAMAGE ONLY,BORDEN ST,N,2024,TUESDAY,SIDE SWIPE - SAME DIRECTION,N,Y,49.211071,-123.074013,N,APRIL,N,VANCOUVER,VANCOUVER,VANCOUVER,N,N,N,LOWER MAINLAND,BORDEN ST & SE MARINE DR,SE MARINE DR,SE MARINE DR,09:00-11:59,1,0
N,PROPERTY DAMAGE ONLY,BOUNDARY RD,N,2024,TUESDAY,SIDE IMPACT,N,Y,49.18383,-122.957232,N,APRIL,N,NEW WESTMINSTER,NEW WESTMINSTER,NEW WESTMINSTER & RICHMOND,N,N,N,LOWER MAINLAND,BOUNDARY RD & BOYD ST & WESTMINSTER HWY & TURNING LANE,WESTMINSTER HWY,WESTMINSTER HWY,09:00-11:59,1,0
N,PROPERTY DAMAGE ONLY,BURRARD ST,Y,2024,TUESDAY,SINGLE VEHICLE,N,Y,49.279077,-123.129182,N,APRIL,N,VANCOUVER,VANCOUVER,VANCOUVER,N,N,N,LOWER MAINLAND,BURRARD ST & DAVIE ST,DAVIE ST,DAVIE ST,09:00-11:59,1,0
N,PROPERTY DAMAGE ONLY,CAMBIE RD,N,2024,TUESDAY,UNDETERMINED,N,Y,49.184627,-123.073274,N,APRIL,N,RICHMOND,RICHMOND,RICHMOND,Y,N,N,LOWER MAINLAND,CAMBIE RD & VIKING WAY,VIKING WAY,VIKING WAY,09:00-11:59,1,0
N,PROPERTY DAMAGE ONLY,CAMBIE ST,N,2024,TUESDAY,CONFLICTED,N,Y,49.226076,-123.116515,N,APRIL,N,VANCOUVER,VANCOUVER,VANCOUVER,N,N,N,LOWER MAINLAND,CAMBIE ST & W 49TH AVE & TURNING LANE,W 49TH AVE,W 49TH AVE,09:00-11:59,1,0
N,PROPERTY DAMAGE ONLY,CAMBIE ST,N,2024,TUESDAY,CONFLICTED,Y,Y,49.266629,-123.114844,N,APRIL,N,VANCOUVER,VANCOUVER,VANCOUVER,N,N,N,LOWER MAINLAND,CAMBIE ST & CAMBIE ST BRIDGE & W 2ND AVE & W 2ND AVE OFFRAMP & W 6TH AVE & TURNING LANE,W 2ND AVE,W 2ND AVE,09:00-11:59,1,0
N,PROPERTY DAMAGE ONLY,CAMBIE ST,N,2024,TUESDAY,REAR END,N,Y,49.263205,-123.114853,N,APRIL,N,VANCOUVER,VANCOUVER,VANCOUVER,N,N,N,LOWER MAINLAND,CAMBIE ST & W BROADWAY,W BROADWAY,W BROADWAY,09:00-11:59,1,0
N,PROPERTY DAMAGE ONLY,CAMBIE ST,N,2024,TUESDAY,REAR END,N,Y,49.266629,-123.114844,N,APRIL,N,VANCOUVER,VANCOUVER,VANCOUVER,N,N,N,LOWER MAINLAND,CAMBIE ST & CAMBIE ST BRIDGE & W 2ND AVE & W 2ND AVE OFFRAMP & W 6TH AVE & TURNING LANE,W 6TH AVE,W 6TH AVE,09:00-11:59,1,0
N,PROPERTY DAMAGE ONLY,CAMBIE ST,N,2024,TUESDAY,SIDE IMPACT,N,Y,49.23354,-123.116194,N,APRIL,N,VANCOUVER,VANCOUVER,VANCOUVER,N,N,N,LOWER MAINLAND,CAMBIE ST & W 41ST AVE,W 41ST AVE,W 41ST AVE,09:00-11:59,1,0
N,PROPERTY DAMAGE ONLY,CAPILANO RD,N,2024,TUESDAY,REAR END,N,Y,49.332551,-123.117171,N,APRIL,N,NORTH VANCOUVER,NORTH VANCOUVER,NORTH VANCOUVER,N,N,N,LOWER MAINLAND,BOWSER AVE & CAPILANO RD & CAPILANO RD OFFRAMP & CAPILANO RD ONRAMP & KEITH RD & TRANS-CANADA HWY & TURNING LANE,HWY 1,HWY 1,09:00-11:59,1,0
N,PROPERTY DAMAGE ONLY,CAPILANO RD ONRAMP,N,2024,TUESDAY,REAR END,N,Y,49.332551,-123.117171,N,APRIL,N,NORTH VANCOUVER,NORTH VANCOUVER,NORTH VANCOUVER,N,N,N,LOWER MAINLAND,BOWSER AVE & CAPILANO RD & CAPILANO RD OFFRAMP & CAPILANO RD ONRAMP & KEITH RD & TRANS-CANADA HWY & TURNING LANE,HWY 1,HWY 1,09:00-11:59,1,0
N,PROPERTY DAMAGE ONLY,CARDERO ST,N,2024,TUESDAY,SIDE SWIPE - SAME DIRECTION,N,Y,49.290575,-123.130597,N,APRIL,N,VANCOUVER,VANCOUVER,VANCOUVER,N,N,N,LOWER MAINLAND,CARDERO ST & W GEORGIA ST & W PENDER ST,W GEORGIA ST,W GEORGIA ST,09:00-11:59,1,0
N,PROPERTY DAMAGE ONLY,CASSIAR TUNNEL,N,2024,TUESDAY,REAR END,N,Y,49.283845,-123.032038,N,APRIL,N,VANCOUVER,VANCOUVER,VANCOUVER,N,N,N,LOWER MAINLAND,CASSIAR TUNNEL & TRANS-CANADA HWY,HWY 1,HWY 1,09:00-11:59,1,0
N,PROPERTY DAMAGE ONLY,CHEAM AVE,N,2024,TUESDAY,SIDE IMPACT,N,Y,49.238152,-121.761718,N,APRIL,N,AGASSIZ,AGASSIZ,AGASSIZ,N,Y,N,LOWER MAINLAND,CHEAM AVE & HWY 9 & PARK ST,PARK ST,PARK ST,09:00-11:59,1,0
N,PROPERTY DAMAGE ONLY,CLARENCE TAYLOR CRES,N,2024,TUESDAY,SIDE IMPACT,N,Y,49.084689,-123.059667,N,APRIL,N,DELTA,DELTA,DELTA,Y,Y,N,LOWER MAINLAND,CLARENCE TAYLOR CRES & MOUNTAIN VIEW BLVD,MOUNTAIN VIEW BLVD,MOUNTAIN VIEW BLVD,09:00-11:59,1,0
N,PROPERTY DAMAGE ONLY,CLARKE RD,N,2024,TUESDAY,UNDETERMINED,N,Y,49.260338,-122.891594,N,APRIL,N,COQUITLAM,COQUITLAM,COQUITLAM,N,Y,N,LOWER MAINLAND,CLARKE RD & SMITH AVE,SMITH AVE,SMITH AVE,09:00-11:59,1,0
N,PROPERTY DAMAGE ONLY,CLEARBROOK RD,N,2024,TUESDAY,SIDE SWIPE - SAME DIRECTION,Y,Y,49.037752,-122.3377,N,APRIL,N,ABBOTSFORD,ABBOTSFORD,ABBOTSFORD,N,N,N,LOWER MAINLAND,CLEARBROOK RD & CLEARBROOK RD OFFRAMP & CLEARBROOK RD ONRAMP & MARSHALL RD & MARSHALL RD OFFRAMP & MARSHALL RD ONRAMP & TRANS-CANADA HWY & TURNING LANE,MARSHALL RD,MARSHALL RD,09:00-11:59,1,0
N,PROPERTY DAMAGE ONLY,COLEBROOK RD,N,2024,TUESDAY,SIDE SWIPE - OPPOSITE DIRECTION,N,Y,49.096837,-122.800974,N,APRIL,N,SURREY,SURREY,SURREY,N,N,N,LOWER MAINLAND,152 ST & 152 ST FRTG E & COLEBROOK RD,152 ST,152 ST,09:00-11:59,1,0
N,PROPERTY DAMAGE ONLY,COLLISTER DR,N,2024,TUESDAY,SIDE IMPACT,N,Y,49.257305,-122.954713,N,APRIL,N,BURNABY,BURNABY,BURNABY,N,N,N,LOWER MAINLAND,COLLISTER DR & COVENTRY PL,COVENTRY PL,COVENTRY PL,09:00-11:59,1,0
N,PROPERTY DAMAGE ONLY,COMMERCIAL DR,N,2024,TUESDAY,REAR END,Y,Y,49.283863,-123.070348,N,APRIL,N,VANCOUVER,VANCOUVER,VANCOUVER,Y,N,N,LOWER MAINLAND,COMMERCIAL DR & POWELL ST,POWELL ST,POWELL ST,09:00-11:59,1,0
N,PROPERTY DAMAGE ONLY,COMMOX AVE,N,2024,TUESDAY,UNDETERMINED,N,N,\N,\N,N,APRIL,N,COURTENAY,COURTENAY,\N,Y,N,N,VANCOUVER ISLAND,UNKNOWN,BEAUFORT AVE,BEAUFORT AVE,09:00-11:59,1,0
N,PROPERTY DAMAGE ONLY,COMOX RD,N,2024,TUESDAY,SIDE IMPACT,N,Y,49.170412,-123.951817,N,APRIL,N,NANAIMO,NANAIMO,NANAIMO,N,N,N,VANCOUVER ISLAND,COMOX RD & PINE ST & TURNING LANE,PINE ST,PINE ST,09:00-11:59,1,0
N,PROPERTY DAMAGE ONLY,COOK RD,N,2024,TUESDAY,UNDETERMINED,N,Y,49.166509,-123.136548,N,APRIL,N,RICHMOND,RICHMOND,RICHMOND,Y,Y,N,LOWER MAINLAND,COOK RD & NO 3 RD & MALL ACCESS,NO 3 RD,NO 3 RD,09:00-11:59,1,0
N,PROPERTY DAMAGE ONLY,CROFT RD,N,2024,TUESDAY,SIDE IMPACT,N,Y,49.342537,-123.040085,N,APRIL,N,NORTH VANCOUVER,NORTH VANCOUVER,NORTH VANCOUVER,Y,N,N,LOWER MAINLAND,BAIRD RD & CROFT RD,BAIRD RD,BAIRD RD,09:00-11:59,1,0
N,PROPERTY DAMAGE ONLY,CROYDON DR,N,2024,TUESDAY,CONFLICTED,N,Y,49.060643,-122.797402,N,APRIL,N,SURREY,SURREY,SURREY,Y,Y,N,LOWER MAINLAND,154 ST & 32 AVE & 32 AVE DIVERSION & CROYDON DR,32 AVE,32 AVE,09:00-11:59,1,0
N,PROPERTY DAMAGE ONLY,CRUSH CRES,N,2024,TUESDAY,UNDETERMINED,N,Y,49.12645,-122.624898,N,APRIL,N,LANGLEY,LANGLEY,LANGLEY,Y,Y,N,LOWER MAINLAND,216 ST & CRUSH CRES & GLOVER RD,GLOVER RD,GLOVER RD,09:00-11:59,1,0
N,PROPERTY DAMAGE ONLY,CUMBERLAND ST,N,2024,TUESDAY,SIDE IMPACT,N,N,\N,\N,N,APRIL,N,NEW WESTMINSTER,NEW WESTMINSTER,\N,N,N,N,LOWER MAINLAND,UNKNOWN,E 8TH AVE,E 8TH AVE,09:00-11:59,1,0
N,PROPERTY DAMAGE ONLY,DEWDNEY TRUNK RD,N,2024,TUESDAY,REAR END,N,Y,49.220363,-122.579239,N,APRIL,N,MAPLE RIDGE,MAPLE RIDGE,MAPLE RIDGE,N,N,N,LOWER MAINLAND,232 ST & DEWDNEY TRUNK RD,232 ST,232 ST,09:00-11:59,1,0
N,PROPERTY DAMAGE ONLY,DILWORTH DR,N,2024,TUESDAY,REAR END,N,Y,49.881851,-119.437406,N,APRIL,N,KELOWNA,KELOWNA,KELOWNA,N,N,N,SOUTHERN INTERIOR,DILWORTH DR & HARVEY AVE & TURNING LANE,HARVEY AVE,HARVEY AVE,09:00-11:59,1,0
N,PROPERTY DAMAGE ONLY,DOLLAR RD,N,2024,TUESDAY,CONFLICTED,N,Y,49.307923,-122.953064,N,APRIL,N,NORTH VANCOUVER,NORTH VANCOUVER,NORTH VANCOUVER,Y,N,N,LOWER MAINLAND,DOLLAR RD & N DOLLARTON HWY,N DOLLARTON HWY,N DOLLARTON HWY,09:00-11:59,1,0
N,PROPERTY DAMAGE ONLY,DOMINION ST,N,2024,TUESDAY,SIDE SWIPE - SAME DIRECTION,N,Y,49.256427,-123.023649,N,APRIL,N,BURNABY,BURNABY,BURNABY & VANCOUVER,N,N,N,LOWER MAINLAND,BOUNDARY RD & DOMINION ST,BOUNDARY RD,BOUNDARY RD,09:00-11:59,1,0
N,PROPERTY DAMAGE ONLY,DOUGLAS CRES,N,2024,TUESDAY,SIDE SWIPE - SAME DIRECTION,N,Y,49.254412,-123.12733,N,APRIL,N,VANCOUVER,VANCOUVER,VANCOUVER,N,N,N,LOWER MAINLAND,DOUGLAS CRES & OAK ST & W 19TH AVE,OAK ST,OAK ST,09:00-11:59,1,0
N,PROPERTY DAMAGE ONLY,DUNSMUIR ST,N,2024,TUESDAY,UNDETERMINED,Y,Y,49.284275,-123.117371,N,APRIL,N,VANCOUVER,VANCOUVER,VANCOUVER,N,N,N,LOWER MAINLAND,DUNSMUIR ST & HOWE ST,HOWE ST,HOWE ST,09:00-11:59,1,0
N,PROPERTY DAMAGE ONLY,E 11TH AVE,N,2024,TUESDAY,UNDETERMINED,N,Y,49.260518,-123.077534,N,APRIL,N,VANCOUVER,VANCOUVER,VANCOUVER,Y,N,N,LOWER MAINLAND,CLARK DR & E 11TH AVE,CLARK DR,CLARK DR,09:00-11:59,1,0
N,PROPERTY DAMAGE ONLY,E 55TH AVE,N,2024,TUESDAY,UNDETERMINED,N,Y,49.220024,-123.094832,N,APRIL,N,VANCOUVER,VANCOUVER,VANCOUVER,Y,N,N,LOWER MAINLAND,E 55TH AVE & ST GEORGE ST,ST GEORGE ST,ST GEORGE ST,09:00-11:59,1,0
N,PROPERTY DAMAGE ONLY,E 57TH AVE,N,2024,TUESDAY,SIDE SWIPE - SAME DIRECTION,N,Y,49.218132,-123.077053,N,APRIL,Y,VANCOUVER,VANCOUVER,VANCOUVER,N,N,N,LOWER MAINLAND,E 57TH AVE & KNIGHT ST,KNIGHT ST,KNIGHT ST,09:00-11:59,1,0
N,PROPERTY DAMAGE ONLY,E 60TH AVE,N,2024,TUESDAY,REAR END,N,Y,49.215478,-123.07707,N,APRIL,N,VANCOUVER,VANCOUVER,VANCOUVER,N,N,N,LOWER MAINLAND,E 60TH AVE & KNIGHT ST,KNIGHT ST,KNIGHT ST,09:00-11:59,1,0
N,PROPERTY DAMAGE ONLY,E BROADWAY,N,2024,TUESDAY,CONFLICTED,N,Y,49.262002,-123.04704,N,APRIL,N,VANCOUVER,VANCOUVER,VANCOUVER,N,N,N,LOWER MAINLAND,E BROADWAY & KASLO ST,KASLO ST,KASLO ST,09:00-11:59,1,0
N,PROPERTY DAMAGE ONLY,E HASTINGS ST,N,2024,TUESDAY,UNDETERMINED,Y,Y,49.281115,-123.079159,N,APRIL,N,VANCOUVER,VANCOUVER,VANCOUVER,N,N,N,LOWER MAINLAND,E HASTINGS ST & VERNON DR,VERNON DR,VERNON DR,09:00-11:59,1,0
N,PROPERTY DAMAGE ONLY,ELMWOOD ST,N,2024,TUESDAY,UNDETERMINED,N,Y,49.265739,-122.886434,N,APRIL,N,COQUITLAM,COQUITLAM,COQUITLAM,Y,N,N,LOWER MAINLAND,ELMWOOD ST & WESTLEY AVE,WESTLEY AVE,WESTLEY AVE,09:00-11:59,1,0
N,PROPERTY DAMAGE ONLY,FIFTH AVE,N,2024,TUESDAY,REAR END,N,Y,49.203961,-122.933784,N,APRIL,N,NEW WESTMINSTER,NEW WESTMINSTER,NEW WESTMINSTER,N,N,N,LOWER MAINLAND,FIFTH AVE & STEWARDSON WAY,STEWARDSON WAY,STEWARDSON WAY,09:00-11:59,1,0
N,PROPERTY DAMAGE ONLY,FIFTH ST,N,2024,TUESDAY,SIDE SWIPE - SAME DIRECTION,N,Y,49.213826,-122.919101,N,APRIL,N,NEW WESTMINSTER,NEW WESTMINSTER,NEW WESTMINSTER,Y,N,N,LOWER MAINLAND,FIFTH ST & SIXTH AVE,SIXTH AVE,SIXTH AVE,09:00-11:59,1,0
N,PROPERTY DAMAGE ONLY,FIR ST,N,2024,TUESDAY,REAR END,N,Y,49.263614,-123.141026,N,APRIL,N,VANCOUVER,VANCOUVER,VANCOUVER,N,N,N,LOWER MAINLAND,FIR ST & W BROADWAY,W BROADWAY,W BROADWAY,09:00-11:59,1,0
N,PROPERTY DAMAGE ONLY,FLEMING ST,N,2024,TUESDAY,REAR END,N,Y,49.218119,-123.074,N,APRIL,N,VANCOUVER,VANCOUVER,VANCOUVER,N,N,N,LOWER MAINLAND,E 57TH AVE & FLEMING ST,E 57TH AVE,E 57TH AVE,09:00-11:59,1,0
N,PROPERTY DAMAGE ONLY,FORT ST,N,2024,TUESDAY,SIDE IMPACT,N,Y,48.422958,-123.349781,N,APRIL,N,VICTORIA,VICTORIA,VICTORIA,Y,N,N,VANCOUVER ISLAND,FORT ST & ORMOND ST,ORMOND ST,ORMOND ST,09:00-11:59,1,0
N,PROPERTY DAMAGE ONLY,FOUL BAY RD,N,2024,TUESDAY,CONFLICTED,N,Y,48.432172,-123.322417,N,APRIL,N,OAK BAY,OAK BAY,OAK BAY & VICTORIA,Y,Y,N,VANCOUVER ISLAND,CADBORO BAY RD & FORT ST & FOUL BAY RD,FORT ST,FORT ST,09:00-11:59,1,0
N,PROPERTY DAMAGE ONLY,FRASER HWY,N,2024,TUESDAY,SIDE SWIPE - SAME DIRECTION,N,Y,49.130946,-122.718155,N,APRIL,N,SURREY,SURREY,SURREY,N,N,N,LOWER MAINLAND,182 ST & FRASER HWY & TURNING LANE,182 ST,182 ST,09:00-11:59,1,0
N,PROPERTY DAMAGE ONLY,FRASER HWY,N,2024,TUESDAY,SIDE SWIPE - SAME DIRECTION,Y,Y,49.111887,-122.675391,N,APRIL,N,LANGLEY,LANGLEY,LANGLEY,N,N,N,LOWER MAINLAND,FRASER HWY & LANGLEY BYPASS & TURNING LANE,LANGLEY BYPASS,LANGLEY BYPASS,09:00-11:59,1,0
N,PROPERTY DAMAGE ONLY,FRASER ST,N,2024,TUESDAY,SIDE SWIPE - SAME DIRECTION,N,Y,49.263417,-123.0891,N,APRIL,N,VANCOUVER,VANCOUVER,VANCOUVER,N,N,N,LOWER MAINLAND,E 8TH AVE & FRASER ST,E 8TH AVE,E 8TH AVE,09:00-11:59,1,0
N,PROPERTY DAMAGE ONLY,FRASER ST,N,2024,TUESDAY,SINGLE VEHICLE,N,Y,49.211023,-123.091135,N,APRIL,N,VANCOUVER,VANCOUVER,VANCOUVER,N,N,N,LOWER MAINLAND,FRASER ST & SE MARINE DR,SE MARINE DR,SE MARINE DR,09:00-11:59,1,0
N,PROPERTY DAMAGE ONLY,GAGLARDI WAY,N,2024,TUESDAY,REAR END,N,Y,49.252391,-122.912547,N,APRIL,N,BURNABY,BURNABY,BURNABY,N,N,N,LOWER MAINLAND,GAGLARDI WAY & LOUGHEED HWY & TURNING LANE,LOUGHEED HWY,LOUGHEED HWY,09:00-11:59,1,0
N,PROPERTY DAMAGE ONLY,GARDEN CITY RD,N,2024,TUESDAY,REAR END,N,Y,49.191024,-123.124456,N,APRIL,N,RICHMOND,RICHMOND,RICHMOND,N,N,N,LOWER MAINLAND,GARDEN CITY RD & GREAT CANADIAN WAY & SEA ISLAND WAY & SEA ISLAND WAY OFFRAMP & TURNING LANE,SEA ISLAND WAY,SEA ISLAND WAY,09:00-11:59,1,0
N,PROPERTY DAMAGE ONLY,GEORGE FERGUSON WAY,N,2024,TUESDAY,SIDE IMPACT,N,Y,49.05536,-122.315258,N,APRIL,N,ABBOTSFORD,ABBOTSFORD,ABBOTSFORD,N,N,N,LOWER MAINLAND,GEORGE FERGUSON WAY & GLADWIN RD & TURNING LANE,GLADWIN RD,GLADWIN RD,09:00-11:59,1,0
N,PROPERTY DAMAGE ONLY,GLADSTONE ST,N,2024,TUESDAY,SIDE SWIPE - SAME DIRECTION,N,Y,49.243562,-123.06181,N,APRIL,N,VANCOUVER,VANCOUVER,VANCOUVER,N,N,N,LOWER MAINLAND,GLADSTONE ST & KINGSWAY,KINGSWAY,KINGSWAY,09:00-11:59,1,0
N,PROPERTY DAMAGE ONLY,GLADWIN RD,N,2024,TUESDAY,CONFLICTED,N,Y,49.051029,-122.315111,N,APRIL,N,ABBOTSFORD,ABBOTSFORD,ABBOTSFORD,N,N,N,LOWER MAINLAND,GLADWIN RD & SOUTH FRASER WAY & TURNING LANE,SOUTH FRASER WAY,SOUTH FRASER WAY,09:00-11:59,1,0
N,PROPERTY DAMAGE ONLY,GOLDEN EARS BRIDGE,N,2024,TUESDAY,UNDETERMINED,N,Y,49.208845,-122.668656,N,APRIL,N,MAPLE RIDGE,MAPLE RIDGE,MAPLE RIDGE & PITT MEADOWS,N,N,N,LOWER MAINLAND,113B AVE & 113B AVE OFFRAMP & 113B AVE ONRAMP & AIRPORT WAY & GOLDEN EARS BRIDGE & GOLDEN EARS WAY,GOLDEN EARS WAY,GOLDEN EARS WAY,09:00-11:59,1,0
N,PROPERTY DAMAGE ONLY,GRANT MCCONACHIE WAY,N,2024,TUESDAY,SIDE SWIPE - SAME DIRECTION,N,Y,49.192628,-123.166922,N,APRIL,N,RICHMOND,RICHMOND,RICHMOND,N,N,N,LOWER MAINLAND,AVIATION AVE & GRANT MCCONACHIE WAY & MILLER RD & TURNING LANE,AVIATION AVE,AVIATION AVE,09:00-11:59,1,0
N,PROPERTY DAMAGE ONLY,GRANVILLE BRIDGE,N,2024,TUESDAY,SIDE SWIPE - SAME DIRECTION,N,Y,49.275046,-123.129407,N,APRIL,N,VANCOUVER,VANCOUVER,VANCOUVER,N,N,N,LOWER MAINLAND,GRANVILLE BRIDGE & GRANVILLE ST & HOWE ST ONRAMP & PACIFIC ST & SEYMOUR ST OFFRAMP,HWY 99,HWY 99,09:00-11:59,1,0
N,PROPERTY DAMAGE ONLY,GRANVILLE ST,N,2024,TUESDAY,CONFLICTED,N,Y,49.279252,-123.12304,N,APRIL,N,VANCOUVER,VANCOUVER,VANCOUVER,Y,N,N,LOWER MAINLAND,GRANVILLE ST & NELSON ST,NELSON ST,NELSON ST,09:00-11:59,1,0
N,PROPERTY DAMAGE ONLY,GRANVILLE ST,N,2024,TUESDAY,SIDE SWIPE - SAME DIRECTION,Y,Y,49.285312,-123.113845,N,APRIL,N,VANCOUVER,VANCOUVER,VANCOUVER,N,N,N,LOWER MAINLAND,GRANVILLE ST & W HASTINGS ST,W HASTINGS ST,W HASTINGS ST,09:00-11:59,1,0
N,PROPERTY DAMAGE ONLY,GRANVILLE ST,N,2024,TUESDAY,UNDETERMINED,N,Y,49.274115,-123.130809,N,APRIL,N,VANCOUVER,VANCOUVER,VANCOUVER,Y,Y,N,LOWER MAINLAND,BEACH AVE & BEACH CRES & GRANVILLE ST,BEACH AVE,BEACH AVE,09:00-11:59,1,0
N,PROPERTY DAMAGE ONLY,HARDY ST,N,2024,TUESDAY,REAR END,N,Y,49.883235,-119.447561,N,APRIL,N,KELOWNA,KELOWNA,KELOWNA,N,N,N,SOUTHERN INTERIOR,ENTERPRISE WAY & HARDY ST,ENTERPRISE WAY,ENTERPRISE WAY,09:00-11:59,1,0
N,PROPERTY DAMAGE ONLY,HAWKS AVE,N,2024,TUESDAY,SIDE SWIPE - SAME DIRECTION,N,Y,49.281092,-123.087162,N,APRIL,N,VANCOUVER,VANCOUVER,VANCOUVER,N,N,N,LOWER MAINLAND,E HASTINGS ST & HAWKS AVE,E HASTINGS ST,E HASTINGS ST,09:00-11:59,1,0
N,PROPERTY DAMAGE ONLY,HILLSIDE AVE,N,2024,TUESDAY,SIDE IMPACT,N,Y,48.438353,-123.367175,N,APRIL,N,VICTORIA,VICTORIA,VICTORIA,N,N,N,VANCOUVER ISLAND,DOUGLAS ST & GORGE RD E & GOVERNMENT ST & HILLSIDE AVE & TURNING LANE,GOVERNMENT ST,GOVERNMENT ST,09:00-11:59,1,0
N,PROPERTY DAMAGE ONLY,HORIZON DR,N,2024,TUESDAY,SINGLE VEHICLE,N,N,\N,\N,N,APRIL,N,LAKE COUNTRY,LAKE COUNTRY,\N,N,N,N,SOUTHERN INTERIOR,UNKNOWN,HWY 97,HWY 97,09:00-11:59,1,0
N,PROPERTY DAMAGE ONLY,HWY 1,N,2024,TUESDAY,CONFLICTED,N,Y,49.332551,-123.117171,N,APRIL,N,NORTH VANCOUVER,NORTH VANCOUVER,NORTH VANCOUVER,N,N,N,LOWER MAINLAND,BOWSER AVE & CAPILANO RD & CAPILANO RD OFFRAMP & CAPILANO RD ONRAMP & KEITH RD & TRANS-CANADA HWY & TURNING LANE,CAPILANO RD,CAPILANO RD,09:00-11:59,1,0
N,PROPERTY DAMAGE ONLY,HWY 1,N,2024,TUESDAY,CONFLICTED,Y,Y,49.034944,-122.2928,N,APRIL,N,ABBOTSFORD,ABBOTSFORD,ABBOTSFORD,N,N,N,LOWER MAINLAND,HAWTHORNE AVE & KING RD & KING RD CONN & KING RD ONRAMP & MCCALLUM RD & MCCALLUM RD OFFRAMP & MCCALLUM RD ONRAMP & TRANS-CANADA HWY,MCCALLUM RD,MCCALLUM RD,09:00-11:59,1,0
N,PROPERTY DAMAGE ONLY,HWY 10,N,2024,TUESDAY,REAR END,N,Y,49.111887,-122.675391,N,APRIL,N,LANGLEY,LANGLEY,LANGLEY,N,N,N,LOWER MAINLAND,FRASER HWY & LANGLEY BYPASS & TURNING LANE,FRASER HWY,FRASER HWY,09:00-11:59,1,0
N,PROPERTY DAMAGE ONLY,HWY 10,N,2024,TUESDAY,SIDE SWIPE - SAME DIRECTION,N,Y,49.104433,-122.801032,N,APRIL,N,SURREY,SURREY,SURREY,Y,Y,N,LOWER MAINLAND,152 ST & 56 AVE,152 ST,152 ST,09:00-11:59,1,0
N,PROPERTY DAMAGE ONLY,HWY 16,N,2024,TUESDAY,CONFLICTED,N,Y,53.880948,-122.770053,N,APRIL,N,PRINCE GEORGE,PRINCE GEORGE,PRINCE GEORGE,N,N,N,NORTH CENTRAL,COWART RD & HWY 16 W & VANCE RD & CEMETERY ACCESS & TURNING LANE,VANCE RD,VANCE RD,09:00-11:59,1,0
N,PROPERTY DAMAGE ONLY,HWY 16,N,2024,TUESDAY,SINGLE VEHICLE,N,N,\N,\N,N,APRIL,N,TERRACE,TERRACE,\N,N,N,N,NORTH CENTRAL,UNKNOWN,LAKELSE AVE,LAKELSE AVE,09:00-11:59,1,0
N,PROPERTY DAMAGE ONLY,HWY 19,N,2024,TUESDAY,REAR END,N,Y,50.033433,-125.275032,N,APRIL,N,CAMPBELL RIVER,CAMPBELL RIVER,CAMPBELL RIVER,N,N,N,VANCOUVER ISLAND,CAMPBELL RIVER RD & ISLAND HWY & WILLOW ST,HWY 28,HWY 28,09:00-11:59,1,0
N,PROPERTY DAMAGE ONLY,HWY 19A,N,2024,TUESDAY,CONFLICTED,N,Y,50.033094,-125.248679,N,APRIL,N,CAMPBELL RIVER,CAMPBELL RIVER,CAMPBELL RIVER,N,Y,N,VANCOUVER ISLAND,DOGWOOD ST & ISLAND HWY & TURNING LANE,DOGWOOD ST,DOGWOOD ST,09:00-11:59,1,0
N,PROPERTY DAMAGE ONLY,HWY 35,N,2024,TUESDAY,SINGLE VEHICLE,N,Y,54.223451,-125.762632,N,APRIL,N,BURNS LAKE,BURNS LAKE,BURNS LAKE,N,N,N,NORTH CENTRAL,FRANCOIS LAKE DR & HWY 35 & PARK ST,FRANCOIS LAKE DR,FRANCOIS LAKE DR,09:00-11:59,1,0
N,PROPERTY DAMAGE ONLY,HWY 91 CONNECTR,N,2024,TUESDAY,REAR END,N,Y,49.146506,-122.944458,N,APRIL,N,DELTA,DELTA,DELTA,N,N,N,LOWER MAINLAND,HWY 17 & HWY 91 & HWY 91 CONN & HWY 91 CONN OFFRAMP & HWY 91 CONN ONRAMP & NORDEL WAY & NORDEL WAY OFFRAMP & NORDEL WAY ONRAMP & NORDEL WAY OVERPASS & WEIGH SCALE RD & SCALE ACCESS & TURNING LANE,HWY 17,HWY 17,09:00-11:59,1,0
N,PROPERTY DAMAGE ONLY,HWY 97,N,2024,TUESDAY,REAR END,N,Y,49.242939,-119.524514,N,APRIL,N,OLIVER,OLIVER,OLIVER,N,N,N,SOUTHERN INTERIOR,GALLAGER LAKE FRTG & GALLAGHER LAKE FRTG & GALLAGHER LAKE RD & HWY 97,GALLAGER LAKE FRTG,GALLAGER LAKE FRTG,09:00-11:59,1,0
N,PROPERTY DAMAGE ONLY,HWY 97,N,2024,TUESDAY,REAR END,N,Y,49.579359,-119.641046,N,APRIL,N,SUMMERLAND,SUMMERLAND,SUMMERLAND,N,N,N,SOUTHERN INTERIOR,ARKELL RD & HWY 97 & LANDRY CRES & THORNBER ST & TURNING LANE,THORNBER ST,THORNBER ST,09:00-11:59,1,0
N,PROPERTY DAMAGE ONLY,HWY 97,N,2024,TUESDAY,REAR END,N,Y,49.901265,-119.408856,N,APRIL,N,KELOWNA,KELOWNA,KELOWNA,N,N,N,SOUTHERN INTERIOR,HWY 97 N & MCCURDY RD & OKANAGAN RAIL TRAIL & TURNING LANE,MCCURDY RD,MCCURDY RD,09:00-11:59,1,0
N,PROPERTY DAMAGE ONLY,HWY 97,N,2024,TUESDAY,SIDE SWIPE - SAME DIRECTION,Y,Y,49.901265,-119.408856,N,APRIL,N,KELOWNA,KELOWNA,KELOWNA,N,N,N,SOUTHERN INTERIOR,HWY 97 N & MCCURDY RD & OKANAGAN RAIL TRAIL & TURNING LANE,MCCURDY RD,MCCURDY RD,09:00-11:59,1,0
N,PROPERTY DAMAGE ONLY,INDUSTRIAL AVE W,N,2024,TUESDAY,SIDE IMPACT,N,Y,49.480655,-119.584794,N,APRIL,N,PENTICTON,PENTICTON,PENTICTON,N,N,N,SOUTHERN INTERIOR,INDUSTRIAL AVE E & INDUSTRIAL AVE W & MAIN ST,MAIN ST,MAIN ST,09:00-11:59,1,0
N,PROPERTY DAMAGE ONLY,ISLAND HWY N,N,2024,TUESDAY,REAR END,N,Y,49.234394,-124.044425,N,APRIL,N,NANAIMO,NANAIMO,NANAIMO,N,N,N,VANCOUVER ISLAND,AULDS RD & HAMMOND BAY RD & ISLAND HWY N & TURNING LANE,HAMMOND BAY RD,HAMMOND BAY RD,09:00-11:59,1,0
N,PROPERTY DAMAGE ONLY,JIM ROBSON WAY,N,2024,TUESDAY,SIDE IMPACT,N,Y,49.192614,-122.572723,N,APRIL,N,MAPLE RIDGE,MAPLE RIDGE,MAPLE RIDGE,N,N,N,LOWER MAINLAND,JIM ROBSON WAY & LOUGHEED HWY & TURNING LANE,LOUGHEED HWY,LOUGHEED HWY,09:00-11:59,1,0
N,PROPERTY DAMAGE ONLY,JOHNSON ST,N,2024,TUESDAY,REAR END,N,Y,49.277254,-122.801671,N,APRIL,N,COQUITLAM,COQUITLAM,COQUITLAM,N,N,N,LOWER MAINLAND,BARNET HWY & JOHNSON ST & MARINER WAY & TURNING LANE,BARNET HWY,BARNET HWY,09:00-11:59,1,0
N,PROPERTY DAMAGE ONLY,JOHNSON ST,N,2024,TUESDAY,SIDE SWIPE - SAME DIRECTION,N,Y,49.280924,-122.801684,N,APRIL,N,COQUITLAM,COQUITLAM,COQUITLAM,Y,Y,N,LOWER MAINLAND,ATLANTIC AVE & JOHNSON ST,ATLANTIC AVE,ATLANTIC AVE,09:00-11:59,1,0
N,PROPERTY DAMAGE ONLY,KEEHN RD,N,2024,TUESDAY,SIDE SWIPE - SAME DIRECTION,N,Y,49.890835,-119.418751,N,APRIL,N,KELOWNA,KELOWNA,KELOWNA,N,N,N,SOUTHERN INTERIOR,HWY 97 N & KEEHN RD,HWY 97,HWY 97,09:00-11:59,1,0
N,PROPERTY DAMAGE ONLY,KING GEORGE BLVD,N,2024,TUESDAY,CONFLICTED,N,Y,49.177035,-122.845713,N,APRIL,N,SURREY,SURREY,SURREY,N,N,N,LOWER MAINLAND,96 AVE & KING GEORGE BLVD & TURNING LANE,96 AVE,96 AVE,09:00-11:59,1,0
N,PROPERTY DAMAGE ONLY,KINGSWAY,N,2024,TUESDAY,SIDE IMPACT,N,Y,49.213429,-122.937862,N,APRIL,N,BURNABY,BURNABY,BURNABY & NEW WESTMINSTER,N,N,N,LOWER MAINLAND,10TH AVE & KINGSWAY & TENTH AVE & TWELFTH ST,10TH AVE,10TH AVE,09:00-11:59,1,0
N,PROPERTY DAMAGE ONLY,KLASSEN RD,N,2024,TUESDAY,UNDETERMINED,N,Y,49.906884,-119.386797,N,APRIL,N,KELOWNA,KELOWNA,KELOWNA,N,N,N,SOUTHERN INTERIOR,KLASSEN RD & RUTLAND RD N,RUTLAND RD N,RUTLAND RD N,09:00-11:59,1,0
N,PROPERTY DAMAGE ONLY,KNIGHT ST,N,2024,TUESDAY,REAR END,N,Y,49.211079,-123.077129,N,APRIL,N,VANCOUVER,VANCOUVER,VANCOUVER,N,N,N,LOWER MAINLAND,KNIGHT ST & KNIGHT ST BRIDGE & SE MARINE DR & SE MARINE DR OFFRAMP & SE MARINE DR ONRAMP & BUS LANE,SE MARINE DR,SE MARINE DR,09:00-11:59,2,0
N,PROPERTY DAMAGE ONLY,LAUREL ST,N,2024,TUESDAY,SINGLE VEHICLE,N,Y,49.219173,-123.126122,N,APRIL,N,VANCOUVER,VANCOUVER,VANCOUVER,N,N,N,LOWER MAINLAND,LAUREL ST & W 57TH AVE,W 57TH AVE,W 57TH AVE,09:00-11:59,1,0
N,PROPERTY DAMAGE ONLY,LOUGHEED HWY,N,2024,TUESDAY,CONFLICTED,N,Y,49.263719,-122.767413,N,APRIL,N,PORT COQUITLAM,PORT COQUITLAM,PORT COQUITLAM,N,Y,N,LOWER MAINLAND,LOUGHEED HWY & OXFORD CONN & OXFORD ST & TURNING LANE,OXFORD ST,OXFORD ST,09:00-11:59,1,0
N,PROPERTY DAMAGE ONLY,LOUGHEED HWY,N,2024,TUESDAY,CONFLICTED,N,Y,49.266065,-123.014346,N,APRIL,N,BURNABY,BURNABY,BURNABY,N,N,N,LOWER MAINLAND,GILMORE AVE & LOUGHEED HWY & TURNING LANE,GILMORE AVE,GILMORE AVE,09:00-11:59,1,0
N,PROPERTY DAMAGE ONLY,LOUGHEED HWY,N,2024,TUESDAY,REAR TO REAR,Y,Y,49.218251,-122.647897,N,APRIL,N,MAPLE RIDGE,MAPLE RIDGE,MAPLE RIDGE,Y,Y,N,LOWER MAINLAND,207 ST & LOUGHEED HWY,207 ST,207 ST,09:00-11:59,1,0
N,PROPERTY DAMAGE ONLY,LOUGHEED HWY,N,2024,TUESDAY,SIDE SWIPE - SAME DIRECTION,N,Y,49.263485,-123.028483,N,APRIL,N,VANCOUVER,VANCOUVER,VANCOUVER,Y,N,N,LOWER MAINLAND,LOUGHEED HWY & SKEENA ST,SKEENA ST,SKEENA ST,09:00-11:59,1,0
N,PROPERTY DAMAGE ONLY,LOUGHEED HWY ONRAMP,N,2024,TUESDAY,REAR END,N,Y,49.219251,-122.812916,N,APRIL,N,COQUITLAM,COQUITLAM,COQUITLAM,N,N,N,LOWER MAINLAND,COLEMAN AVE & COLEMAN AVE ONRP & FAWCETT RD & HWY 7 OFRP & HWY 7B OFRP & LEEDER ST & LOUGHEED HWY & LOUGHEED HWY ONRP & MARY HILL BYPASS & MARY HILL BYPASS ONRP & TRANS-CANADA HWY & TRANS-CANADA HWY OFRP & TRANS-CANADA HWY ONRP & UNITED BLVD & UNITED BLV,HWY 1,HWY 1,09:00-11:59,1,0
N,PROPERTY DAMAGE ONLY,LOUIE DR,N,2024,TUESDAY,UNDETERMINED,Y,Y,49.833777,-119.621685,N,APRIL,N,WEST KELOWNA,WEST KELOWNA,WEST KELOWNA,N,N,N,SOUTHERN INTERIOR,BERING RD & LOUIE DR,BERING RD,BERING RD,09:00-11:59,1,0
N,PROPERTY DAMAGE ONLY,LUCKAKUCK WAY,N,2024,TUESDAY,REAR END,N,Y,49.140842,-121.959972,N,APRIL,N,CHILLIWACK,CHILLIWACK,CHILLIWACK,N,N,N,LOWER MAINLAND,LUCKAKUCK WAY & VEDDER RD & TURNING LANE,VEDDER RD,VEDDER RD,09:00-11:59,1,0
N,PROPERTY DAMAGE ONLY,MAIN ST,N,2024,TUESDAY,REAR END,N,Y,49.211099,-123.102224,N,APRIL,N,VANCOUVER,VANCOUVER,VANCOUVER,N,N,N,LOWER MAINLAND,MAIN ST & SE MARINE DR,SE MARINE DR,SE MARINE DR,09:00-11:59,1,0
N,PROPERTY DAMAGE ONLY,MAIN ST,N,2024,TUESDAY,SIDE IMPACT,N,Y,49.269078,-123.100707,N,APRIL,N,VANCOUVER,VANCOUVER,VANCOUVER,N,N,N,LOWER MAINLAND,E 2ND AVE & MAIN ST,E 2ND AVE,E 2ND AVE,09:00-11:59,1,0
N,PROPERTY DAMAGE ONLY,MANITOBA ST,N,2024,TUESDAY,SIDE IMPACT,N,Y,49.263048,-123.106831,N,APRIL,N,VANCOUVER,VANCOUVER,VANCOUVER,N,N,N,LOWER MAINLAND,MANITOBA ST & W BROADWAY,W BROADWAY,W BROADWAY,09:00-11:59,1,0
N,PROPERTY DAMAGE ONLY,MARSHALL RD,N,2024,TUESDAY,SIDE SWIPE - SAME DIRECTION,N,Y,49.039043,-122.293334,N,APRIL,N,ABBOTSFORD,ABBOTSFORD,ABBOTSFORD,N,N,N,LOWER MAINLAND,MARSHALL RD & MCCALLUM RD,MCCALLUM RD,MCCALLUM RD,09:00-11:59,1,0
N,PROPERTY DAMAGE ONLY,MARTIN DR,N,2024,TUESDAY,UNDETERMINED,N,Y,49.03113,-122.805309,N,APRIL,N,SURREY,SURREY,SURREY & WHITE ROCK,N,Y,N,LOWER MAINLAND,16 AVE & MARTIN DR & MARTIN ST & NORTH BLUFF RD,NORTH BLUFF RD,NORTH BLUFF RD,09:00-11:59,1,0
N,PROPERTY DAMAGE ONLY,MATAPAN CRES,N,2024,TUESDAY,UNDETERMINED,N,Y,49.257269,-123.028537,N,APRIL,N,VANCOUVER,VANCOUVER,VANCOUVER,N,N,N,LOWER MAINLAND,MATAPAN CRES & SKEENA ST,SKEENA ST,SKEENA ST,09:00-11:59,1,0
N,PROPERTY DAMAGE ONLY,MCGILL RD,N,2024,TUESDAY,SIDE SWIPE - SAME DIRECTION,N,Y,50.668918,-120.35782,N,APRIL,N,KAMLOOPS,KAMLOOPS,KAMLOOPS,N,N,N,SOUTHERN INTERIOR,MCGILL RD & SUMMIT DR & BRAKE CHECK & TURNING LANE,SUMMIT DR,SUMMIT DR,09:00-11:59,1,0
N,PROPERTY DAMAGE ONLY,MCKENZIE AVE,N,2024,TUESDAY,SIDE SWIPE - SAME DIRECTION,N,Y,48.468632,-123.332734,N,APRIL,N,SAANICH,SAANICH,SAANICH,N,N,N,VANCOUVER ISLAND,MCKENZIE AVE & SHELBOURNE ST,SHELBOURNE ST,SHELBOURNE ST,09:00-11:59,1,0
N,PROPERTY DAMAGE ONLY,MEAFORD AVE,N,2024,TUESDAY,SIDE SWIPE - SAME DIRECTION,N,Y,48.444205,-123.497341,N,APRIL,N,COLWOOD,COLWOOD,COLWOOD & LANGFORD,N,N,N,VANCOUVER ISLAND,MEAFORD AVE & STATION AVE & VETERANS MEMORIAL PKY,VETERANS MEMORIAL PKY,VETERANS MEMORIAL PKY,09:00-11:59,1,0
N,PROPERTY DAMAGE ONLY,MEREDITH RD,N,2024,TUESDAY,SIDE SWIPE - SAME DIRECTION,N,Y,49.188237,-123.987264,N,APRIL,N,NANAIMO,NANAIMO,NANAIMO,N,N,N,VANCOUVER ISLAND,BOWEN RD & MEREDITH RD & ROBBIE PL & TURNING LANE & UNNAMED LANE,BOWEN RD,BOWEN RD,09:00-11:59,1,0
N,PROPERTY DAMAGE ONLY,METCHOSIN RD,N,2024,TUESDAY,REAR END,N,Y,48.432678,-123.496118,N,APRIL,N,COLWOOD,COLWOOD,COLWOOD,N,N,N,VANCOUVER ISLAND,LANGHOLME DR & METCHOSIN RD & SOOKE RD & TURNING LANE,SOOKE RD,SOOKE RD,09:00-11:59,1,0
N,PROPERTY DAMAGE ONLY,MISSION AVE,N,2024,TUESDAY,SIDE IMPACT,N,Y,49.207966,-122.961782,N,APRIL,N,BURNABY,BURNABY,BURNABY,N,N,N,LOWER MAINLAND,MISSION AVE & SOUTHPOINT DR,SOUTHPOINT DR,SOUTHPOINT DR,09:00-11:59,1,0
N,PROPERTY DAMAGE ONLY,MONTROSE AVE,N,2024,TUESDAY,REAR END,N,Y,49.048987,-122.290332,N,APRIL,N,ABBOTSFORD,ABBOTSFORD,ABBOTSFORD,N,N,N,LOWER MAINLAND,ESSENDENE AVE & MONTROSE AVE,ESSENDENE AVE,ESSENDENE AVE,09:00-11:59,1,0
N,PROPERTY DAMAGE ONLY,MONTROSE AVE,N,2024,TUESDAY,SIDE SWIPE - OPPOSITE DIRECTION,N,Y,49.050149,-122.290277,N,APRIL,N,ABBOTSFORD,ABBOTSFORD,ABBOTSFORD,N,N,N,LOWER MAINLAND,GEORGE FERGUSON WAY & MONTROSE AVE,GEORGE FERGUSON WAY,GEORGE FERGUSON WAY,09:00-11:59,1,0
N,PROPERTY DAMAGE ONLY,NANAIMO ST,N,2024,TUESDAY,CONFLICTED,N,Y,49.284779,-123.056525,N,APRIL,N,VANCOUVER,VANCOUVER,VANCOUVER,N,N,N,LOWER MAINLAND,DUNDAS ST & N NANAIMO ST & NANAIMO ST,DUNDAS ST,DUNDAS ST,09:00-11:59,1,0
N,PROPERTY DAMAGE ONLY,NANAIMO ST,N,2024,TUESDAY,REAR END,N,Y,49.284779,-123.056525,N,APRIL,N,VANCOUVER,VANCOUVER,VANCOUVER,N,N,N,LOWER MAINLAND,DUNDAS ST & N NANAIMO ST & NANAIMO ST,DUNDAS ST,DUNDAS ST,09:00-11:59,1,0
N,PROPERTY DAMAGE ONLY,NANAIMO ST,N,2024,TUESDAY,SIDE SWIPE - SAME DIRECTION,Y,Y,49.281168,-123.056544,N,APRIL,N,VANCOUVER,VANCOUVER,VANCOUVER,N,N,N,LOWER MAINLAND,E HASTINGS ST & NANAIMO ST,E HASTINGS ST,E HASTINGS ST,09:00-11:59,1,0
N,PROPERTY DAMAGE ONLY,NECHAKO RIVER BRIDGE,N,2024,TUESDAY,SINGLE VEHICLE,N,N,\N,\N,N,APRIL,N,PRINCE GEORGE,PRINCE GEORGE,\N,N,N,N,NORTH CENTRAL,UNKNOWN,FOOTHILLS BLVD,FOOTHILLS BLVD,09:00-11:59,1,0
N,PROPERTY DAMAGE ONLY,NEIL ST,N,2024,TUESDAY,REAR TO REAR,N,Y,48.441688,-123.314567,N,APRIL,N,OAK BAY,OAK BAY,OAK BAY,N,N,N,VANCOUVER ISLAND,EASTDOWNE RD & NEIL ST,EASTDOWNE RD,EASTDOWNE RD,09:00-11:59,1,0
N,PROPERTY DAMAGE ONLY,NO 3 RD,N,2024,TUESDAY,SIDE SWIPE - SAME DIRECTION,N,Y,49.184649,-123.136506,N,APRIL,N,RICHMOND,RICHMOND,RICHMOND,N,N,N,LOWER MAINLAND,CAMBIE RD & NO 3 RD,CAMBIE RD,CAMBIE RD,09:00-11:59,1,0
N,PROPERTY DAMAGE ONLY,NORTH FRASER WAY,N,2024,TUESDAY,UNDETERMINED,N,Y,49.194855,-122.994944,N,APRIL,N,BURNABY,BURNABY,BURNABY,Y,N,N,LOWER MAINLAND,BYRNE RD & NORTH FRASER WAY,BYRNE RD,BYRNE RD,09:00-11:59,1,0
N,PROPERTY DAMAGE ONLY,OAK BAY AVE,N,2024,TUESDAY,SIDE IMPACT,N,Y,48.4265,-123.319336,N,APRIL,N,OAK BAY,OAK BAY,OAK BAY,Y,Y,N,VANCOUVER ISLAND,ELGIN RD & OAK BAY AVE,ELGIN RD,ELGIN RD,09:00-11:59,1,0
N,PROPERTY DAMAGE ONLY,OAK ST,Y,2024,TUESDAY,SINGLE VEHICLE,N,Y,49.260586,-123.126708,N,APRIL,N,VANCOUVER,VANCOUVER,VANCOUVER,N,N,N,LOWER MAINLAND,OAK ST & W 12TH AVE,W 12TH AVE,W 12TH AVE,09:00-11:59,1,0
N,PROPERTY DAMAGE ONLY,ONTARIO ST,N,2024,TUESDAY,SIDE IMPACT,N,Y,49.265564,-123.104788,N,APRIL,N,VANCOUVER,VANCOUVER,VANCOUVER,N,N,N,LOWER MAINLAND,E 6TH AVE & ONTARIO ST & W 6TH AVE,E 6TH AVE,E 6TH AVE,09:00-11:59,1,0
N,PROPERTY DAMAGE ONLY,PANORAMA DR,N,2024,TUESDAY,SIDE IMPACT,Y,Y,49.104465,-122.80617,N,APRIL,N,SURREY,SURREY,SURREY,N,N,N,LOWER MAINLAND,56 AVE & PANORAMA DR & TURNING LANE,HWY 10,HWY 10,09:00-11:59,1,0
N,PROPERTY DAMAGE ONLY,PAULSON X-COUNTRY REC SITE,N,2024,TUESDAY,SINGLE VEHICLE,Y,N,\N,\N,N,APRIL,N,ROSSLAND,ROSSLAND,\N,N,N,N,SOUTHERN INTERIOR,UNKNOWN,HWY 3,HWY 3,09:00-11:59,1,0
N,PROPERTY DAMAGE ONLY,PORT MANN BRIDGE,N,2024,TUESDAY,CONFLICTED,N,Y,49.227104,-122.819872,N,APRIL,N,COQUITLAM,COQUITLAM,COQUITLAM,N,N,N,LOWER MAINLAND,MARY HILL BYPASS ONRAMP & PORT MANN BRIDGE & TRANS-CANADA HWY & UNITED BLVD,HWY 1,HWY 1,09:00-11:59,1,0
N,PROPERTY DAMAGE ONLY,POWELL ST,N,2024,TUESDAY,CONFLICTED,N,Y,49.283068,-123.077088,N,APRIL,N,VANCOUVER,VANCOUVER,VANCOUVER,Y,Y,N,LOWER MAINLAND,CLARK DR & POWELL ST,CLARK DR,CLARK DR,09:00-11:59,1,0
N,PROPERTY DAMAGE ONLY,PROSPECT AVE,N,2024,TUESDAY,UNDETERMINED,Y,Y,49.359072,-123.090569,N,APRIL,N,NORTH VANCOUVER,NORTH VANCOUVER,NORTH VANCOUVER,N,N,N,LOWER MAINLAND,PROSPECT AVE & RANGER AVE,RANGER AVE,RANGER AVE,09:00-11:59,1,0
N,PROPERTY DAMAGE ONLY,RICHMOND RD,N,2024,TUESDAY,SIDE IMPACT,N,Y,48.433644,-123.329192,N,APRIL,N,SAANICH,SAANICH,SAANICH & VICTORIA,N,N,N,VANCOUVER ISLAND,BAY ST & RICHMOND RD,BAY ST,BAY ST,09:00-11:59,1,0
N,PROPERTY DAMAGE ONLY,ROSEBERRY AVE,N,2024,TUESDAY,SIDE IMPACT,N,Y,48.434429,-123.343649,N,APRIL,N,VICTORIA,VICTORIA,VICTORIA,N,N,N,VANCOUVER ISLAND,BAY ST & ROSEBERRY AVE,BAY ST,BAY ST,09:00-11:59,1,0
N,PROPERTY DAMAGE ONLY,ROSEDALE AVE,N,2024,TUESDAY,SIDE IMPACT,N,Y,49.60139,-119.677715,N,APRIL,N,SUMMERLAND,SUMMERLAND,SUMMERLAND,Y,Y,N,SOUTHERN INTERIOR,MAIN ST & ROSEDALE AVE,MAIN ST,MAIN ST,09:00-11:59,1,0
N,PROPERTY DAMAGE ONLY,ROSSER AVE,N,2024,TUESDAY,SIDE IMPACT,N,Y,49.268062,-123.005989,N,APRIL,N,BURNABY,BURNABY,BURNABY,N,N,N,LOWER MAINLAND,HALIFAX ST & ROSSER AVE,HALIFAX ST,HALIFAX ST,09:00-11:59,1,0
N,PROPERTY DAMAGE ONLY,RYAN RD,N,2024,TUESDAY,REAR END,N,Y,49.712739,-124.961229,N,APRIL,N,COURTENAY,COURTENAY,COURTENAY,N,N,N,VANCOUVER ISLAND,CROWN ISLE BLVD & CROWN ISLE DR & RYAN RD & TURNING LANE,CROWN ISLE BLVD,CROWN ISLE BLVD,09:00-11:59,1,0
N,PROPERTY DAMAGE ONLY,SCOTT RD,N,2024,TUESDAY,SIDE IMPACT,N,Y,49.11933,-122.890416,N,APRIL,N,DELTA,DELTA,DELTA & SURREY,N,Y,N,LOWER MAINLAND,120 ST & 64 AVE,64 AVE,64 AVE,09:00-11:59,1,0
N,PROPERTY DAMAGE ONLY,SEVENTEENTH ST,N,2024,TUESDAY,SIDE SWIPE - SAME DIRECTION,N,Y,49.208312,-122.945042,N,APRIL,N,NEW WESTMINSTER,NEW WESTMINSTER,NEW WESTMINSTER,Y,N,N,LOWER MAINLAND,LONDON ST & SEVENTEENTH ST,LONDON ST,LONDON ST,09:00-11:59,1,0
N,PROPERTY DAMAGE ONLY,SEYMOUR ST,N,2024,TUESDAY,UNDETERMINED,Y,Y,50.674965,-120.336682,N,APRIL,N,KAMLOOPS,KAMLOOPS,KAMLOOPS,N,Y,N,SOUTHERN INTERIOR,2ND AVE & SEYMOUR ST,2ND AVE,2ND AVE,09:00-11:59,1,0
N,PROPERTY DAMAGE ONLY,SHANNON RD,N,2024,TUESDAY,SINGLE VEHICLE,Y,Y,49.208899,-123.192168,N,APRIL,N,RICHMOND,RICHMOND,RICHMOND,N,N,N,LOWER MAINLAND,FERGUSON RD & SHANNON RD,FERGUSON RD,FERGUSON RD,09:00-11:59,1,0
N,PROPERTY DAMAGE ONLY,SHAUGHNESSY ST,N,2024,TUESDAY,REAR END,N,Y,49.227198,-122.795647,N,APRIL,N,PORT COQUITLAM,PORT COQUITLAM,PORT COQUITLAM,N,N,N,LOWER MAINLAND,ARGUE ST & MARY HILL BYPASS & SHAUGHNESSY ST & TURNING LANE,MARY HILL BYPASS,MARY HILL BYPASS,09:00-11:59,1,0
N,PROPERTY DAMAGE ONLY,SHAUGHNESSY ST,N,2024,TUESDAY,REAR END,N,Y,49.267482,-122.77645,N,APRIL,N,PORT COQUITLAM,PORT COQUITLAM,PORT COQUITLAM,N,N,N,LOWER MAINLAND,LOUGHEED HWY & SHAUGHNESSY ST & TURNING LANE,LOUGHEED HWY,LOUGHEED HWY,09:00-11:59,1,0
N,PROPERTY DAMAGE ONLY,SHELBOURNE ST,N,2024,TUESDAY,CONFLICTED,N,Y,48.468632,-123.332734,N,APRIL,N,SAANICH,SAANICH,SAANICH,N,N,N,VANCOUVER ISLAND,MCKENZIE AVE & SHELBOURNE ST,MCKENZIE AVE,MCKENZIE AVE,09:00-11:59,1,0
N,PROPERTY DAMAGE ONLY,SIXTH AVE,N,2024,TUESDAY,SIDE SWIPE - OPPOSITE DIRECTION,N,Y,49.217577,-122.912125,N,APRIL,N,NEW WESTMINSTER,NEW WESTMINSTER,NEW WESTMINSTER,N,N,N,LOWER MAINLAND,FIRST ST & SIXTH AVE,FIRST ST,FIRST ST,09:00-11:59,1,0
N,PROPERTY DAMAGE ONLY,SOUTH FRASER WAY,N,2024,TUESDAY,CONFLICTED,Y,Y,49.053549,-122.381182,N,APRIL,N,ABBOTSFORD,ABBOTSFORD,ABBOTSFORD,N,N,N,LOWER MAINLAND,MT LEHMAN RD & SOUTH FRASER WAY,MT LEHMAN RD,MT LEHMAN RD,09:00-11:59,1,0
N,PROPERTY DAMAGE ONLY,SOUTH FRASER WAY,N,2024,TUESDAY,REAR END,N,Y,49.051029,-122.315111,N,APRIL,N,ABBOTSFORD,ABBOTSFORD,ABBOTSFORD,N,N,N,LOWER MAINLAND,GLADWIN RD & SOUTH FRASER WAY & TURNING LANE,GLADWIN RD,GLADWIN RD,09:00-11:59,1,0
N,PROPERTY DAMAGE ONLY,SOUTH FRASER WAY,N,2024,TUESDAY,SIDE IMPACT,N,Y,49.049624,-122.337482,N,APRIL,N,ABBOTSFORD,ABBOTSFORD,ABBOTSFORD,N,N,N,LOWER MAINLAND,CLEARBROOK RD & SOUTH FRASER WAY & TURNING LANE,CLEARBROOK RD,CLEARBROOK RD,09:00-11:59,2,0
N,PROPERTY DAMAGE ONLY,SW MARINE DR ONRAMP,N,2024,TUESDAY,UNDETERMINED,N,Y,49.202322,-123.134613,N,APRIL,N,VANCOUVER,VANCOUVER,VANCOUVER,N,N,N,LOWER MAINLAND,ARTHUR LAING BRIDGE & GRANVILLE ST OFFRAMP & GRANVILLE ST ONRAMP & SW MARINE DR & SW MARINE DR OFFRAMP & SW MARINE DR ONRAMP,ARTHUR LAING BRIDGE,ARTHUR LAING BRIDGE,09:00-11:59,1,0
N,PROPERTY DAMAGE ONLY,SYMONDS ST,N,2024,TUESDAY,CONFLICTED,N,Y,48.994762,-123.827221,N,APRIL,N,LADYSMITH,LADYSMITH,LADYSMITH,N,N,N,VANCOUVER ISLAND,4TH AVE & SYMONDS ST,4TH AVE,4TH AVE,09:00-11:59,1,0
N,PROPERTY DAMAGE ONLY,TAYLOR WAY,N,2024,TUESDAY,REAR END,N,Y,49.337695,-123.13481,N,APRIL,N,WEST VANCOUVER,WEST VANCOUVER,WEST VANCOUVER,N,N,N,LOWER MAINLAND,TAYLOR WAY & TAYLOR WAY OFFRAMP & TAYLOR WAY ONRAMP & TRANS-CANADA HWY & TRANS-CANADA HWY ONRAMP & WESTCOT RD & TURNING LANE,HWY 99,HWY 99,09:00-11:59,1,0
N,PROPERTY DAMAGE ONLY,TAYLOR WAY,N,2024,TUESDAY,SIDE SWIPE - SAME DIRECTION,N,Y,49.325801,-123.134894,N,APRIL,N,WEST VANCOUVER,WEST VANCOUVER,WEST VANCOUVER,N,Y,N,LOWER MAINLAND,PARK ROYAL SOUTH & TAYLOR WAY,PARK ROYAL SOUTH,PARK ROYAL SOUTH,09:00-11:59,1,0
N,PROPERTY DAMAGE ONLY,TERMINAL AVE N,N,2024,TUESDAY,CONFLICTED,N,Y,49.188358,-123.962491,N,APRIL,N,NANAIMO,NANAIMO,NANAIMO,N,N,N,VANCOUVER ISLAND,E AND N TRAIL & ISLAND HWY N & STRATHMORE ST & TERMINAL AVE N & WADDINGTON RD & TURNING LANE,WADDINGTON RD,WADDINGTON RD,09:00-11:59,1,0
N,PROPERTY DAMAGE ONLY,UPPER CACHE RD,N,2024,TUESDAY,SINGLE VEHICLE,N,Y,56.2417,-121.400029,N,APRIL,N,ATTACHIE,ATTACHIE,ATTACHIE,N,N,N,NORTH CENTRAL,HWY 29 N & UPPER CACHE RD,HWY 29,HWY 29,09:00-11:59,1,0
N,PROPERTY DAMAGE ONLY,VEDDER MOUNTAIN RD,N,2024,TUESDAY,REAR END,N,Y,49.097884,-121.963855,N,APRIL,N,CHILLIWACK,CHILLIWACK,CHILLIWACK,N,N,N,LOWER MAINLAND,CHILLIWACK LAKE RD & VEDDER MOUNTAIN RD & VEDDER RD,VEDDER RD,VEDDER RD,09:00-11:59,1,0
N,PROPERTY DAMAGE ONLY,W 14TH AVE,N,2024,TUESDAY,SIDE IMPACT,Y,Y,49.258921,-123.138726,N,APRIL,N,VANCOUVER,VANCOUVER,VANCOUVER,N,N,N,LOWER MAINLAND,GRANVILLE ST & W 14TH AVE,GRANVILLE ST,GRANVILLE ST,09:00-11:59,1,0
N,PROPERTY DAMAGE ONLY,W 17TH AVE,N,2024,TUESDAY,REAR END,N,Y,49.256156,-123.127255,N,APRIL,N,VANCOUVER,VANCOUVER,VANCOUVER,N,N,N,LOWER MAINLAND,OAK ST & RICHELIEU AVE & W 17TH AVE,OAK ST,OAK ST,09:00-11:59,1,0
N,PROPERTY DAMAGE ONLY,W 2ND AVE,N,2024,TUESDAY,SIDE IMPACT,N,Y,49.26923,-123.109427,N,APRIL,N,VANCOUVER,VANCOUVER,VANCOUVER,N,N,N,LOWER MAINLAND,COLUMBIA ST & W 2ND AVE,COLUMBIA ST,COLUMBIA ST,09:00-11:59,1,0
N,PROPERTY DAMAGE ONLY,W 33RD AVE,N,2024,TUESDAY,REAR END,N,Y,49.241887,-123.139312,N,APRIL,N,VANCOUVER,VANCOUVER,VANCOUVER,N,N,N,LOWER MAINLAND,GRANVILLE ST & W 33RD AVE,GRANVILLE ST,GRANVILLE ST,09:00-11:59,1,0
N,PROPERTY DAMAGE ONLY,W 41ST AVE,N,2024,TUESDAY,SIDE IMPACT,N,Y,49.233437,-123.113459,N,APRIL,N,VANCOUVER,VANCOUVER,VANCOUVER,N,N,N,LOWER MAINLAND,ALBERTA ST & W 41ST AVE,ALBERTA ST,ALBERTA ST,09:00-11:59,1,0
N,PROPERTY DAMAGE ONLY,W 41ST AVE,N,2024,TUESDAY,SIDE SWIPE - SAME DIRECTION,N,Y,49.233947,-123.128076,N,APRIL,N,VANCOUVER,VANCOUVER,VANCOUVER,N,N,N,LOWER MAINLAND,OAK ST & W 41ST AVE,OAK ST,OAK ST,09:00-11:59,1,0
N,PROPERTY DAMAGE ONLY,W 49TH AVE,N,2024,TUESDAY,REAR END,N,Y,49.226966,-123.13981,N,APRIL,N,VANCOUVER,VANCOUVER,VANCOUVER,N,N,N,LOWER MAINLAND,GRANVILLE ST & W 49TH AVE,GRANVILLE ST,GRANVILLE ST,09:00-11:59,1,0
N,PROPERTY DAMAGE ONLY,W BROADWAY,N,2024,TUESDAY,UNDETERMINED,N,Y,49.263861,-123.155298,N,APRIL,N,VANCOUVER,VANCOUVER,VANCOUVER,Y,N,N,LOWER MAINLAND,W BROADWAY & YEW ST,YEW ST,YEW ST,09:00-11:59,1,0
N,PROPERTY DAMAGE ONLY,W CAMPUS RD,N,2024,TUESDAY,SIDE IMPACT,N,Y,49.279903,-122.928575,N,APRIL,N,BURNABY,BURNABY,BURNABY,Y,Y,N,LOWER MAINLAND,RESIDENCE LANE & W CAMPUS RD,RESIDENCE LANE,RESIDENCE LANE,09:00-11:59,1,0
N,PROPERTY DAMAGE ONLY,W GEORGIA ST,N,2024,TUESDAY,SIDE IMPACT,N,Y,49.279937,-123.114255,N,APRIL,N,VANCOUVER,VANCOUVER,VANCOUVER,N,N,N,LOWER MAINLAND,HAMILTON ST & W GEORGIA ST,HAMILTON ST,HAMILTON ST,09:00-11:59,1,0
N,PROPERTY DAMAGE ONLY,W GEORGIA ST,N,2024,TUESDAY,SIDE IMPACT,N,Y,49.283132,-123.119153,N,APRIL,N,VANCOUVER,VANCOUVER,VANCOUVER,N,N,N,LOWER MAINLAND,HOWE ST & W GEORGIA ST,HOWE ST,HOWE ST,09:00-11:59,1,0
N,PROPERTY DAMAGE ONLY,W HASTINGS ST,N,2024,TUESDAY,REAR END,N,Y,49.282001,-123.107193,N,APRIL,N,VANCOUVER,VANCOUVER,VANCOUVER,N,N,N,LOWER MAINLAND,ABBOTT ST & W HASTINGS ST,ABBOTT ST,ABBOTT ST,09:00-11:59,1,0
N,PROPERTY DAMAGE ONLY,W HASTINGS ST,N,2024,TUESDAY,UNDETERMINED,Y,Y,49.285312,-123.113845,N,APRIL,N,VANCOUVER,VANCOUVER,VANCOUVER,N,N,N,LOWER MAINLAND,GRANVILLE ST & W HASTINGS ST,GRANVILLE ST,GRANVILLE ST,09:00-11:59,1,0
N,PROPERTY DAMAGE ONLY,WESTGATE AVE,N,2024,TUESDAY,REAR END,N,Y,53.86117,-122.801926,N,APRIL,N,PRINCE GEORGE,PRINCE GEORGE,PRINCE GEORGE,N,N,N,NORTH CENTRAL,HWY 16 W & KONRATH RD & WESTGATE AVE & TURNING LANE,HWY 16,HWY 16,09:00-11:59,1,0
N,PROPERTY DAMAGE ONLY,WESTVIEW DR,N,2024,TUESDAY,SIDE SWIPE - SAME DIRECTION,N,Y,49.325164,-123.089494,N,APRIL,N,NORTH VANCOUVER,NORTH VANCOUVER,NORTH VANCOUVER,N,N,N,LOWER MAINLAND,FIR ST & LARSON RD & WESTVIEW DR,LARSON RD,LARSON RD,09:00-11:59,1,0
N,PROPERTY DAMAGE ONLY,WILLINGDON AVE,N,2024,TUESDAY,SINGLE VEHICLE,Y,Y,49.281015,-123.003121,N,APRIL,N,BURNABY,BURNABY,BURNABY,N,N,N,LOWER MAINLAND,HASTINGS ST & WILLINGDON AVE,HASTINGS ST,HASTINGS ST,09:00-11:59,1,0
N,PROPERTY DAMAGE ONLY,WOODMERE RD,N,2024,TUESDAY,SINGLE VEHICLE,N,Y,54.664655,-126.909509,N,APRIL,N,TELKWA,TELKWA,TELKWA,N,N,N,NORTH CENTRAL,ROUND LAKE RD & WOODMERE RD,ROUND LAKE RD,ROUND LAKE RD,09:00-11:59,1,0
N,PROPERTY DAMAGE ONLY,WOOLRIDGE ST,N,2024,TUESDAY,SINGLE VEHICLE,N,Y,49.235972,-122.86863,N,APRIL,N,COQUITLAM,COQUITLAM,COQUITLAM,N,N,N,LOWER MAINLAND,LOUGHEED HWY & WOOLRIDGE ST & TURNING LANE,LOUGHEED HWY,LOUGHEED HWY,09:00-11:59,1,0
N,PROPERTY DAMAGE ONLY,YOUNG RD,N,2024,TUESDAY,CONFLICTED,N,Y,49.154765,-121.951386,N,APRIL,N,CHILLIWACK,CHILLIWACK,CHILLIWACK,N,N,N,LOWER MAINLAND,AIRPORT RD & YOUNG RD,AIRPORT RD,AIRPORT RD,09:00-11:59,1,0
Y,PROPERTY DAMAGE ONLY,\N,N,2024,TUESDAY,SINGLE VEHICLE,N,N,\N,\N,N,APRIL,N,BEAVERDELL,BEAVERDELL,\N,N,N,N,SOUTHERN INTERIOR,UNKNOWN,HWY 33,HWY 33,09:00-11:59,1,0
Y,PROPERTY DAMAGE ONLY,\N,N,2024,TUESDAY,SINGLE VEHICLE,N,N,\N,\N,N,APRIL,N,BOSTON BAR,BOSTON BAR,\N,N,N,N,LOWER MAINLAND,UNKNOWN,HWY 1,HWY 1,09:00-11:59,1,0
Y,PROPERTY DAMAGE ONLY,\N,N,2024,TUESDAY,SINGLE VEHICLE,N,N,\N,\N,N,APRIL,N,VANDERHOOF,VANDERHOOF,\N,N,N,N,NORTH CENTRAL,UNKNOWN,MAPES RD,MAPES RD,09:00-11:59,1,0
Y,PROPERTY DAMAGE ONLY,3RD ST S,N,2024,TUESDAY,SINGLE VEHICLE,N,Y,49.506647,-115.751333,N,APRIL,N,CRANBROOK,CRANBROOK,CRANBROOK,N,N,N,SOUTHERN INTERIOR,3RD ST S & VICTORIA AVE S,VICTORIA AVE S,VICTORIA AVE S,09:00-11:59,1,0
Y,PROPERTY DAMAGE ONLY,ALPINE AVE,N,2024,TUESDAY,SINGLE VEHICLE,N,Y,51.629074,-121.301064,N,APRIL,N,100 MILE HOUSE,100 MILE HOUSE,100 MILE HOUSE,N,N,N,NORTH CENTRAL,ALDER AVE & ALPINE AVE & HWY 97,HWY 97,HWY 97,09:00-11:59,1,0
Y,PROPERTY DAMAGE ONLY,BRIAR RD,N,2024,TUESDAY,SINGLE VEHICLE,N,Y,49.239877,-122.90719,N,APRIL,N,BURNABY,BURNABY,BURNABY,N,N,N,LOWER MAINLAND,BRIAR RD & CARIBOO RD,CARIBOO RD,CARIBOO RD,09:00-11:59,1,0
Y,PROPERTY DAMAGE ONLY,DOUGLAS ST,N,2024,TUESDAY,SINGLE VEHICLE,N,Y,48.41858,-123.365641,N,APRIL,N,VICTORIA,VICTORIA,VICTORIA,N,N,N,VANCOUVER ISLAND,BLANSHARD ST & DOUGLAS ST & SOUTHGATE ST & SUPERIOR ST,SOUTHGATE ST,SOUTHGATE ST,09:00-11:59,1,0
Y,PROPERTY DAMAGE ONLY,HAMM RD,N,2024,TUESDAY,SINGLE VEHICLE,N,N,\N,\N,N,APRIL,N,CAMPBELL RIVER,CAMPBELL RIVER,\N,N,N,N,VANCOUVER ISLAND,UNKNOWN,HWY 19A,HWY 19A,09:00-11:59,1,0
Y,PROPERTY DAMAGE ONLY,SAYWARD RD,N,2024,TUESDAY,SINGLE VEHICLE,N,Y,50.311808,-125.919047,N,APRIL,N,SAYWARD,SAYWARD,SAYWARD,N,N,N,VANCOUVER ISLAND,DYER RD & ISLAND HWY & SAYWARD RD & TURNING LANE,HWY 19,HWY 19,09:00-11:59,1,0
Y,PROPERTY DAMAGE ONLY,SPOKIN LAKE RD,N,2024,TUESDAY,SINGLE VEHICLE,N,Y,52.203725,-121.866001,N,APRIL,N,150 MILE HOUSE,150 MILE HOUSE,150 MILE HOUSE & SPOKIN LAKE,N,N,N,NORTH CENTRAL,HORSEFLY RD & SPOKIN LAKE RD,HORSEFLY RD,HORSEFLY RD,09:00-11:59,1,0
