ANIMAL_FLAG,CRASH_SEVERITY,CROSS_STREET_FULL_NAME,CYCLIST_FLAG,DATE_OF_LOSS_YEAR,DAY_OF_WEEK,DERIVED_CRASH_CONFIGURATION,HEAVY_VEH_FLAG,INTERSECTION_CRASH,LATITUDE,LONGITUDE,MID_BLOCK_CRASH,MONTH_OF_YEAR,MOTORCYCLE_FLAG,Municipality Name (ifnull),MUNICIPALITY_NAME,MUNICIPALITY_WITH_BOUNDARY,PARKED_VEHICLE_FLAG,PARKING_LOT_FLAG,PEDESTRIAN_FLAG,REGION,ROAD_LOCATION_DESCRIPTION,Street Full Name (ifnull),STREET_FULL_NAME,TIME_CATEGORY,TOTAL_CRASHES,TOTAL_VICTIMS
N,CASUALTY CRASH,\N,N,2022,WEDNESDAY,HEAD ON,Y,N,50.927194,-120.236108,Y,FEBRUARY,N,VINSULLA,VINSULLA,VINSULLA,N,N,N,SOUTHERN INTERIOR,COLT RD # 008450 TO 008535,COLT RD,COLT RD,09:00-11:59,1,1
N,CASUALTY CRASH,\N,N,2022,WEDNESDAY,REAR END,N,N,49.208577,-123.144347,Y,FEBRUARY,N,VANCOUVER,VANCOUVER,VANCOUVER,N,Y,N,LOWER MAINLAND,SW MARINE DR # 001600 TO 001607,SW MARINE DR,SW MARINE DR,09:00-11:59,1,2
N,CASUALTY CRASH,\N,N,2022,WEDNESDAY,SIDE IMPACT,N,N,\N,\N,N,FEBRUARY,N,BURNABY,BURNABY,\N,N,N,N,LOWER MAINLAND,UNKNOWN,MADISON AVE,MADISON AVE,09:00-11:59,1,2
N,CASUALTY CRASH,\N,N,2022,WEDNESDAY,SIDE IMPACT,N,N,49.05943,-122.490886,Y,FEBRUARY,N,LANGLEY,LANGLEY,LANGLEY,N,Y,N,LOWER MAINLAND,FRASER HWY # 026401 TO 026499 odd,FRASER HWY,FRASER HWY,09:00-11:59,1,1
N,CASUALTY CRASH,\N,N,2022,WEDNESDAY,SINGLE VEHICLE,N,N,\N,\N,N,FEBRUARY,N,LITTLE FORT,LITTLE FORT,\N,N,N,N,SOUTHERN INTERIOR,UNKNOWN,HWY 24,HWY 24,09:00-11:59,1,2
N,CASUALTY CRASH,\N,N,2022,WEDNESDAY,SINGLE VEHICLE,N,N,49.254751,-122.846459,Y,FEBRUARY,N,COQUITLAM,COQUITLAM,COQUITLAM,N,Y,N,LOWER MAINLAND,POIRIER ST # 000600 TO 000645,POIRIER ST,POIRIER ST,09:00-11:59,1,2
N,CASUALTY CRASH,\N,N,2022,WEDNESDAY,SINGLE VEHICLE,N,N,49.318925,-122.795311,Y,FEBRUARY,N,COQUITLAM,COQUITLAM,COQUITLAM,N,Y,N,LOWER MAINLAND,PARKWAY BLVD # 002170 TO 002379,PARKWAY BLVD,PARKWAY BLVD,09:00-11:59,1,1
N,CASUALTY CRASH,\N,N,2022,WEDNESDAY,SINGLE VEHICLE,Y,N,48.633267000000004,-123.635308,Y,FEBRUARY,N,SHAWNIGAN LAKE,SHAWNIGAN LAKE,SHAWNIGAN LAKE,Y,Y,Y,VANCOUVER ISLAND,SHAWNIGAN LAKE RD # 002200 TO 002356,SHAWNIGAN LAKE RD,SHAWNIGAN LAKE RD,09:00-11:59,1,1
N,CASUALTY CRASH,\N,N,2022,WEDNESDAY,UNDETERMINED,N,N,49.13442,-122.308346,Y,FEBRUARY,N,MISSION,MISSION,MISSION,N,Y,Y,LOWER MAINLAND,1ST AVE # 033000 TO 033099,1ST AVE,1ST AVE,09:00-11:59,1,1
N,CASUALTY CRASH,102 ST,N,2022,WEDNESDAY,UNDETERMINED,N,Y,56.246462,-120.850955,N,FEBRUARY,N,FORT ST. JOHN,FORT ST. JOHN,FORT ST. JOHN,N,N,N,NORTH CENTRAL,100 AVE & 102 ST,100 AVE,100 AVE,09:00-11:59,1,1
N,CASUALTY CRASH,126 ST,N,2022,WEDNESDAY,SIDE SWIPE - SAME DIRECTION,N,Y,49.133915,-122.873417,N,FEBRUARY,N,SURREY,SURREY,SURREY,N,N,N,LOWER MAINLAND,126 ST & 72 AVE,72 AVE,72 AVE,09:00-11:59,1,1
N,CASUALTY CRASH,16TH AVE,N,2022,WEDNESDAY,REAR END,N,Y,49.221656,-122.937843,N,FEBRUARY,N,BURNABY,BURNABY,BURNABY,N,N,N,LOWER MAINLAND,16TH AVE & CANADA WAY,CANADA WAY,CANADA WAY,09:00-11:59,1,2
N,CASUALTY CRASH,199A ST,N,2022,WEDNESDAY,SIDE IMPACT,N,Y,49.176959,-122.669433,N,FEBRUARY,N,LANGLEY,LANGLEY,LANGLEY,N,N,N,LOWER MAINLAND,199A ST & 200 ST & 96 AVE,96 AVE,96 AVE,09:00-11:59,1,1
N,CASUALTY CRASH,200 ST,N,2022,WEDNESDAY,CONFLICTED,Y,Y,49.111203,-122.668709,N,FEBRUARY,N,LANGLEY,LANGLEY,LANGLEY,N,N,N,LOWER MAINLAND,200 ST & LOGAN AVE & PRODUCTION WAY & TURNING LANE,LOGAN AVE,LOGAN AVE,09:00-11:59,1,1
N,CASUALTY CRASH,216 ST,N,2022,WEDNESDAY,REAR END,N,Y,49.220566,-122.622749,N,FEBRUARY,N,MAPLE RIDGE,MAPLE RIDGE,MAPLE RIDGE,N,N,N,LOWER MAINLAND,216 ST & DEWDNEY TRUNK RD,DEWDNEY TRUNK RD,DEWDNEY TRUNK RD,09:00-11:59,1,1
N,CASUALTY CRASH,248 ST,N,2022,WEDNESDAY,REAR END,N,Y,49.119175,-122.537029,N,FEBRUARY,N,LANGLEY,LANGLEY,LANGLEY,N,N,N,LOWER MAINLAND,248 ST & TRANS-CANADA HWY,HWY 1,HWY 1,09:00-11:59,2,2
N,CASUALTY CRASH,64 AVE,N,2022,WEDNESDAY,REAR END,N,Y,49.119128,-122.823275,N,FEBRUARY,N,SURREY,SURREY,SURREY,N,N,N,LOWER MAINLAND,144 ST & 64 AVE,144 ST,144 ST,09:00-11:59,1,1
N,CASUALTY CRASH,86 AVE,N,2022,WEDNESDAY,REAR END,N,Y,49.159194,-122.667905,N,FEBRUARY,N,LANGLEY,LANGLEY,LANGLEY,N,N,N,LOWER MAINLAND,200 ST & 86 AVE & TURNING LANE,200 ST,200 ST,09:00-11:59,1,1
N,CASUALTY CRASH,86 AVE,N,2022,WEDNESDAY,UNDETERMINED,N,Y,49.159584,-122.890346,N,FEBRUARY,N,DELTA,DELTA,DELTA & SURREY,N,N,N,LOWER MAINLAND,120 ST & 86 AVE,120 ST,120 ST,09:00-11:59,1,1
N,CASUALTY CRASH,96 AVE,N,2022,WEDNESDAY,SINGLE VEHICLE,Y,Y,49.177035,-122.845713,N,FEBRUARY,N,SURREY,SURREY,SURREY,N,N,Y,LOWER MAINLAND,96 AVE & KING GEORGE BLVD & TURNING LANE,KING GEORGE HWY,KING GEORGE HWY,09:00-11:59,1,1
N,CASUALTY CRASH,AIRPORT WAY,N,2022,WEDNESDAY,SIDE IMPACT,N,Y,49.952021,-119.390952,N,FEBRUARY,N,KELOWNA,KELOWNA,KELOWNA,N,N,N,SOUTHERN INTERIOR,AIRPORT WAY & QUAIL RIDGE BLVD,QUAIL RIDGE BLVD,QUAIL RIDGE BLVD,09:00-11:59,1,1
N,CASUALTY CRASH,BEGG ST,N,2022,WEDNESDAY,SIDE SWIPE - SAME DIRECTION,N,Y,49.270683,-123.087441,N,FEBRUARY,N,VANCOUVER,VANCOUVER,VANCOUVER,N,N,N,LOWER MAINLAND,BEGG ST & TERMINAL AVE,TERMINAL AVE,TERMINAL AVE,09:00-11:59,1,1
N,CASUALTY CRASH,BENVOULIN RD,N,2022,WEDNESDAY,SIDE IMPACT,N,Y,49.877203,-119.436472,N,FEBRUARY,N,KELOWNA,KELOWNA,KELOWNA,N,N,N,SOUTHERN INTERIOR,BENVOULIN RD & DILWORTH DR & SPRINGFIELD RD & TURNING LANE,SPRINGFIELD RD,SPRINGFIELD RD,09:00-11:59,1,1
N,CASUALTY CRASH,BLENHEIM ST,N,2022,WEDNESDAY,SIDE IMPACT,N,Y,49.264235,-123.177798,N,FEBRUARY,N,VANCOUVER,VANCOUVER,VANCOUVER,N,N,N,LOWER MAINLAND,BLENHEIM ST & W BROADWAY,W BROADWAY,W BROADWAY,09:00-11:59,1,1
N,CASUALTY CRASH,CHERRY AVE,N,2022,WEDNESDAY,SIDE IMPACT,N,Y,49.154619,-122.301373,N,FEBRUARY,N,MISSION,MISSION,MISSION,N,N,N,LOWER MAINLAND,CADE BARR ST & CHERRY AVE,CADE BARR ST,CADE BARR ST,09:00-11:59,1,1
N,CASUALTY CRASH,COMO LAKE AVE,N,2022,WEDNESDAY,REAR END,N,Y,49.26319,-122.887975,N,FEBRUARY,N,COQUITLAM,COQUITLAM,COQUITLAM,N,N,N,LOWER MAINLAND,CLARKE RD & COMO LAKE AVE,CLARKE RD,CLARKE RD,09:00-11:59,1,1
N,CASUALTY CRASH,DERWENT WAY,N,2022,WEDNESDAY,UNDETERMINED,N,Y,49.191752,-122.933499,N,FEBRUARY,N,NEW WESTMINSTER,NEW WESTMINSTER,NEW WESTMINSTER,N,N,N,LOWER MAINLAND,BOYD ST & DERWENT WAY & EWEN AVE,EWEN AVE,EWEN AVE,09:00-11:59,1,1
N,CASUALTY CRASH,DIXON ST,N,2022,WEDNESDAY,REAR END,N,Y,49.265707,-122.786801,N,FEBRUARY,N,PORT COQUITLAM,PORT COQUITLAM,PORT COQUITLAM,N,N,N,LOWER MAINLAND,DIXON ST & KINGSWAY AVE,KINGSWAY AVE,KINGSWAY AVE,09:00-11:59,1,1
N,CASUALTY CRASH,E 24TH ST,N,2022,WEDNESDAY,REAR END,N,Y,49.330453,-123.03803,N,FEBRUARY,N,NORTH VANCOUVER,NORTH VANCOUVER,NORTH VANCOUVER,N,N,N,LOWER MAINLAND,E 24TH ST & EMERY PL & MOUNTAIN HWY,MOUNTAIN HWY,MOUNTAIN HWY,09:00-11:59,1,1
N,CASUALTY CRASH,FRASER ST,N,2022,WEDNESDAY,CONFLICTED,N,Y,49.232869,-123.09055,N,FEBRUARY,N,VANCOUVER,VANCOUVER,VANCOUVER,N,N,N,LOWER MAINLAND,E 41ST AVE & FRASER ST,E 41ST AVE,E 41ST AVE,09:00-11:59,1,6
N,CASUALTY CRASH,FRASER ST,N,2022,WEDNESDAY,SIDE SWIPE - SAME DIRECTION,N,Y,49.256565,-123.089884,N,FEBRUARY,N,VANCOUVER,VANCOUVER,VANCOUVER,Y,N,N,LOWER MAINLAND,E 16TH AVE & FRASER ST & KINGSWAY & TURNING LANE,KINGSWAY,KINGSWAY,09:00-11:59,1,1
N,CASUALTY CRASH,FULFORD-GANGES RD,N,2022,WEDNESDAY,SINGLE VEHICLE,N,Y,48.808419,-123.478857,N,FEBRUARY,N,SALT SPRING ISLAND,SALT SPRING ISLAND,SALT SPRING ISLAND,N,N,N,VANCOUVER ISLAND,DUKES RD & FULFORD-GANGES RD,DUKES RD,DUKES RD,09:00-11:59,1,1
N,CASUALTY CRASH,GILMORE AVE,N,2022,WEDNESDAY,SIDE IMPACT,N,Y,49.264483,-123.014313,N,FEBRUARY,N,BURNABY,BURNABY,BURNABY,N,N,N,LOWER MAINLAND,DAWSON ST & GILMORE AVE & HENNING DR,DAWSON ST,DAWSON ST,09:00-11:59,1,1
N,CASUALTY CRASH,GRANDVIEW HWY,N,2022,WEDNESDAY,CONFLICTED,Y,Y,49.258209,-123.023636,N,FEBRUARY,N,BURNABY,BURNABY,BURNABY & VANCOUVER,Y,N,N,LOWER MAINLAND,BOUNDARY RD & GRANDVIEW HWY & GRANDVIEW HWY ONRAMP,BOUNDARY RD,BOUNDARY RD,09:00-11:59,1,3
N,CASUALTY CRASH,GRANDVIEW HWY N,Y,2022,WEDNESDAY,SINGLE VEHICLE,N,Y,49.266296,-123.077412,N,FEBRUARY,N,VANCOUVER,VANCOUVER,VANCOUVER,N,N,N,LOWER MAINLAND,CLARK DR & GRANDVIEW HWY N,CLARK DR,CLARK DR,09:00-11:59,1,1
N,CASUALTY CRASH,HARVEY AVE,N,2022,WEDNESDAY,SIDE IMPACT,N,Y,49.881947,-119.454569,N,FEBRUARY,N,KELOWNA,KELOWNA,KELOWNA,N,N,N,SOUTHERN INTERIOR,HARVEY AVE & SPALL RD & TURNING LANE,SPALL RD,SPALL RD,09:00-11:59,1,2
N,CASUALTY CRASH,HWY 17,N,2022,WEDNESDAY,REAR END,Y,N,\N,\N,N,FEBRUARY,N,TERRACE,TERRACE,\N,N,N,N,NORTH CENTRAL,UNKNOWN,HWY 37,HWY 37,09:00-11:59,1,1
N,CASUALTY CRASH,INDUSTRIAL AVE,N,2022,WEDNESDAY,SIDE IMPACT,N,Y,49.270507,-123.100591,N,FEBRUARY,N,VANCOUVER,VANCOUVER,VANCOUVER,N,N,N,LOWER MAINLAND,INDUSTRIAL AVE & MAIN ST,MAIN ST,MAIN ST,09:00-11:59,1,1
N,CASUALTY CRASH,KNIGHT ST,N,2022,WEDNESDAY,REAR END,N,Y,49.250151,-123.07606,N,FEBRUARY,N,VANCOUVER,VANCOUVER,VANCOUVER,N,N,N,LOWER MAINLAND,KINGSWAY & KNIGHT ST,HWY 99A,HWY 99A,09:00-11:59,1,1
N,CASUALTY CRASH,LAURENTIAN CRES,N,2022,WEDNESDAY,UNDETERMINED,N,Y,49.248993,-122.843978,N,FEBRUARY,N,COQUITLAM,COQUITLAM,COQUITLAM,N,N,N,LOWER MAINLAND,AUSTIN AVE & LAURENTIAN CRES,AUSTIN AVE,AUSTIN AVE,09:00-11:59,1,2
N,CASUALTY CRASH,LONSDALE,N,2022,WEDNESDAY,UNDETERMINED,N,N,\N,\N,N,FEBRUARY,N,NORTH VANCOUVER,NORTH VANCOUVER,\N,Y,N,N,LOWER MAINLAND,UNKNOWN,E 14TH AVE,E 14TH AVE,09:00-11:59,1,1
N,CASUALTY CRASH,MAXWELL CRES,N,2022,WEDNESDAY,REAR END,N,Y,49.128217,-122.622331,N,FEBRUARY,N,LANGLEY,LANGLEY,LANGLEY,N,N,N,LOWER MAINLAND,GLOVER RD & MAXWELL CRES,GLOVER RD,GLOVER RD,09:00-11:59,1,1
N,CASUALTY CRASH,MCCLURE DR,N,2022,WEDNESDAY,REAR END,N,Y,49.196967,-122.55672,N,FEBRUARY,N,MAPLE RIDGE,MAPLE RIDGE,MAPLE RIDGE,N,N,N,LOWER MAINLAND,240 ST & MCCLURE AVE & MCCLURE DR,240 ST,240 ST,09:00-11:59,1,1
N,CASUALTY CRASH,N KASLO ST,N,2022,WEDNESDAY,REAR END,N,Y,49.288718,-123.046701,N,FEBRUARY,N,VANCOUVER,VANCOUVER,VANCOUVER,N,N,N,LOWER MAINLAND,MCGILL ST & N KASLO ST,MCGILL ST,MCGILL ST,09:00-11:59,1,1
N,CASUALTY CRASH,NIGHTINGALE CRES,N,2022,WEDNESDAY,CONFLICTED,N,Y,49.185398,-123.972333,N,FEBRUARY,N,NANAIMO,NANAIMO,NANAIMO,N,N,N,VANCOUVER ISLAND,BOUNDARY AVE & NIGHTINGALE CRES,BOUNDARY AVE,BOUNDARY AVE,09:00-11:59,1,1
N,CASUALTY CRASH,PANDOSY ST,N,2022,WEDNESDAY,SIDE IMPACT,N,Y,49.864812,-119.491227,N,FEBRUARY,N,KELOWNA,KELOWNA,KELOWNA,N,N,N,SOUTHERN INTERIOR,PANDOSY ST & WEST AVE,WEST AVE,WEST AVE,09:00-11:59,1,1
N,CASUALTY CRASH,PIPER AVE,N,2022,WEDNESDAY,UNDETERMINED,N,Y,49.248229,-122.935306,N,FEBRUARY,N,BURNABY,BURNABY,BURNABY,N,N,N,LOWER MAINLAND,PIPER AVE & WINSTON ST,WINSTON ST,WINSTON ST,09:00-11:59,1,2
N,CASUALTY CRASH,QUENEESH RD,N,2022,WEDNESDAY,REAR END,Y,Y,49.678178,-124.958675,N,FEBRUARY,N,COURTENAY,COURTENAY,COURTENAY,N,N,N,VANCOUVER ISLAND,COMOX RD & QUENEESH RD,COMOX RD,COMOX RD,09:00-11:59,1,1
N,CASUALTY CRASH,RECREATION PLACE DR,N,2022,WEDNESDAY,REAR END,N,Y,53.88876,-122.770805,N,FEBRUARY,N,PRINCE GEORGE,PRINCE GEORGE,PRINCE GEORGE,N,N,N,NORTH CENTRAL,FERRY AVE & RECPLACE DR,FERRY AVE,FERRY AVE,09:00-11:59,1,1
N,CASUALTY CRASH,RICHTER ST,N,2022,WEDNESDAY,REAR END,N,Y,49.861929,-119.488245,N,FEBRUARY,N,KELOWNA,KELOWNA,KELOWNA,N,N,N,SOUTHERN INTERIOR,KLO RD & RICHTER ST,KLO RD,KLO RD,09:00-11:59,1,1
N,CASUALTY CRASH,SHELBOURNE ST,N,2022,WEDNESDAY,REAR END,N,Y,48.461268,-123.332958,N,FEBRUARY,N,SAANICH,SAANICH,SAANICH,N,N,N,VANCOUVER ISLAND,CEDAR HILL CROSS RD & SHELBOURNE ST,CEDAR HILL CROSS RD,CEDAR HILL CROSS RD,09:00-11:59,1,1
N,CASUALTY CRASH,SHELBOURNE ST,Y,2022,WEDNESDAY,SINGLE VEHICLE,N,Y,48.468632,-123.332734,N,FEBRUARY,N,SAANICH,SAANICH,SAANICH,N,N,N,VANCOUVER ISLAND,MCKENZIE AVE & SHELBOURNE ST,MCKENZIE AVE,MCKENZIE AVE,09:00-11:59,1,1
N,CASUALTY CRASH,SHUSWAP ST NE,N,2022,WEDNESDAY,SINGLE VEHICLE,N,Y,50.700663,-119.285051,N,FEBRUARY,N,SALMON ARM,SALMON ARM,SALMON ARM,N,N,Y,SOUTHERN INTERIOR,HUDSON AVE NE & HUDSON AVE NW & SHUSWAP ST NE & SHUSWAP ST NW,HUDSON AVE NE,HUDSON AVE NE,09:00-11:59,1,1
N,CASUALTY CRASH,SPRUCE ST,N,2022,WEDNESDAY,SIDE IMPACT,N,Y,50.028977,-125.270777,N,FEBRUARY,N,CAMPBELL RIVER,CAMPBELL RIVER,CAMPBELL RIVER,N,N,N,VANCOUVER ISLAND,14TH AVE & SPRUCE ST,14TH AVE,14TH AVE,09:00-11:59,1,1
N,CASUALTY CRASH,SW MARINE DR,N,2022,WEDNESDAY,REAR END,N,Y,49.205303,-123.140462,N,FEBRUARY,N,VANCOUVER,VANCOUVER,VANCOUVER,N,N,N,LOWER MAINLAND,GRANVILLE ST & MILTON ST & SW MARINE DR,MILTON ST,MILTON ST,09:00-11:59,1,1
N,CASUALTY CRASH,W 37TH AVE,Y,2022,WEDNESDAY,SINGLE VEHICLE,N,Y,49.23812,-123.144265,N,FEBRUARY,N,VANCOUVER,VANCOUVER,VANCOUVER,N,N,N,LOWER MAINLAND,MARGUERITE ST & W 37TH AVE,MARGUERITE ST,MARGUERITE ST,09:00-11:59,1,1
N,CASUALTY CRASH,WESTMINSTER HWY,N,2022,WEDNESDAY,REAR END,N,Y,49.170171,-123.147705,N,FEBRUARY,N,RICHMOND,RICHMOND,RICHMOND,N,N,N,LOWER MAINLAND,GILBERT RD & WESTMINSTER HWY,GILBERT RD,GILBERT RD,09:00-11:59,1,1
N,CASUALTY CRASH,WILDWOOD AVE,N,2022,WEDNESDAY,SIDE IMPACT,N,Y,48.413232,-123.333952,N,FEBRUARY,N,VICTORIA,VICTORIA,VICTORIA,N,N,N,VANCOUVER ISLAND,FAIRFIELD RD & LILLIAN RD & WILDWOOD AVE,LILLIAN RD,LILLIAN RD,09:00-11:59,1,1
N,CASUALTY CRASH,WILLIAMS ST,N,2022,WEDNESDAY,SIDE SWIPE - OPPOSITE DIRECTION,N,Y,49.276643,-122.845378,N,FEBRUARY,N,PORT MOODY,PORT MOODY,PORT MOODY,N,N,N,LOWER MAINLAND,ST JOHNS ST & WILLIAMS ST,ST JOHNS ST,ST JOHNS ST,09:00-11:59,1,1
N,CASUALTY CRASH,WILLINGDON AVE,N,2022,WEDNESDAY,SINGLE VEHICLE,N,Y,49.281888,-123.003135,N,FEBRUARY,N,BURNABY,BURNABY,BURNABY,N,N,Y,LOWER MAINLAND,ALBERT ST & WILLINGDON AVE,ALBERT ST,ALBERT ST,09:00-11:59,1,1
N,CASUALTY CRASH,ZIEGLER RD,N,2022,WEDNESDAY,SINGLE VEHICLE,N,N,\N,\N,N,FEBRUARY,N,TERRACE,TERRACE,\N,N,N,N,NORTH CENTRAL,UNKNOWN,OLD LAKELSE LAKE DR,OLD LAKELSE LAKE DR,09:00-11:59,1,1
N,PROPERTY DAMAGE ONLY,\N,N,2022,WEDNESDAY,CONFLICTED,N,N,\N,\N,N,FEBRUARY,N,PINEVIEW,PINEVIEW,\N,Y,N,N,NORTH CENTRAL,UNKNOWN,BENDIXON RD.,BENDIXON RD.,09:00-11:59,1,0
N,PROPERTY DAMAGE ONLY,\N,N,2022,WEDNESDAY,CONFLICTED,N,N,48.433163,-123.369789,Y,FEBRUARY,N,VICTORIA,VICTORIA,VICTORIA,Y,N,N,VANCOUVER ISLAND,STORE ST # 002100 TO 002199,STORE ST,STORE ST,09:00-11:59,1,0
N,PROPERTY DAMAGE ONLY,\N,N,2022,WEDNESDAY,CONFLICTED,N,N,49.114431,-122.789829,Y,FEBRUARY,N,SURREY,SURREY,SURREY,Y,N,N,LOWER MAINLAND,156 ST # 005900 TO 006399,156 ST,156 ST,09:00-11:59,1,0
N,PROPERTY DAMAGE ONLY,\N,N,2022,WEDNESDAY,CONFLICTED,N,N,49.142902,-122.863103,Y,FEBRUARY,N,SURREY,SURREY,SURREY,N,Y,N,LOWER MAINLAND,ANVIL WAY # 007600 TO 007800,129A ST,129A ST,09:00-11:59,1,0
N,PROPERTY DAMAGE ONLY,\N,N,2022,WEDNESDAY,CONFLICTED,N,N,49.169477,-123.939451,Y,FEBRUARY,N,NANAIMO,NANAIMO,NANAIMO,Y,N,N,VANCOUVER ISLAND,CLIFF ST # 000010 TO 000089,CLIFF ST,CLIFF ST,09:00-11:59,1,0
N,PROPERTY DAMAGE ONLY,\N,N,2022,WEDNESDAY,CONFLICTED,N,N,49.185598,-123.135643,Y,FEBRUARY,N,RICHMOND,RICHMOND,RICHMOND,N,Y,N,LOWER MAINLAND,NO 3 RD # 003700 TO 003998 even,NO 3 RD,NO 3 RD,09:00-11:59,1,0
N,PROPERTY DAMAGE ONLY,\N,N,2022,WEDNESDAY,CONFLICTED,N,N,49.217114,-122.59762,Y,FEBRUARY,N,MAPLE RIDGE,MAPLE RIDGE,MAPLE RIDGE,Y,Y,N,LOWER MAINLAND,LOUGHEED HWY # 022500 TO 022599,LOUGHEED HWY,LOUGHEED HWY,09:00-11:59,1,0
N,PROPERTY DAMAGE ONLY,\N,N,2022,WEDNESDAY,CONFLICTED,N,N,49.243539,-123.10799,Y,FEBRUARY,N,VANCOUVER,VANCOUVER,VANCOUVER,Y,Y,N,LOWER MAINLAND,CLANCY LORANGER WAY # 004500 TO 004599,CLANCY LORANGER WAY,CLANCY LORANGER WAY,09:00-11:59,1,0
N,PROPERTY DAMAGE ONLY,\N,N,2022,WEDNESDAY,CONFLICTED,N,N,49.501531,-119.593881,Y,FEBRUARY,N,PENTICTON,PENTICTON,PENTICTON,Y,N,N,SOUTHERN INTERIOR,MAIN ST # 000000 TO 000198,MAIN ST,MAIN ST,09:00-11:59,1,0
N,PROPERTY DAMAGE ONLY,\N,N,2022,WEDNESDAY,CONFLICTED,N,N,49.831958,-124.481535,Y,FEBRUARY,N,POWELL RIVER,POWELL RIVER,POWELL RIVER,N,Y,N,VANCOUVER ISLAND,PADGETT RD # 004192 TO 004305,PADGETT RD,PADGETT RD,09:00-11:59,1,0
N,PROPERTY DAMAGE ONLY,\N,N,2022,WEDNESDAY,CONFLICTED,N,N,53.888803,-122.769069,Y,FEBRUARY,N,PRINCE GEORGE,PRINCE GEORGE,PRINCE GEORGE,N,Y,N,NORTH CENTRAL,FERRY AVE # 002121 TO 002299 odd,FERRY AVE,FERRY AVE,09:00-11:59,1,0
N,PROPERTY DAMAGE ONLY,\N,N,2022,WEDNESDAY,CONFLICTED,N,N,53.916985,-122.739867,Y,FEBRUARY,N,PRINCE GEORGE,PRINCE GEORGE,PRINCE GEORGE,Y,Y,N,NORTH CENTRAL,QUEENSWAY # 000100 TO 000199,QUEENSWAY,QUEENSWAY,09:00-11:59,1,0
N,PROPERTY DAMAGE ONLY,\N,N,2022,WEDNESDAY,CONFLICTED,Y,N,\N,\N,N,FEBRUARY,N,VANCOUVER,VANCOUVER,\N,N,N,N,LOWER MAINLAND,UNKNOWN,E 41ST AVE,E 41ST AVE,09:00-11:59,1,0
N,PROPERTY DAMAGE ONLY,\N,N,2022,WEDNESDAY,CONFLICTED,Y,N,49.079847,-122.441098,Y,FEBRUARY,N,ABBOTSFORD,ABBOTSFORD,ABBOTSFORD,Y,N,N,LOWER MAINLAND,LAYMAN AVE # 028220 TO 028399,LAYMAN AVE,LAYMAN AVE,09:00-11:59,1,0
N,PROPERTY DAMAGE ONLY,\N,N,2022,WEDNESDAY,HEAD ON,N,N,49.157068,-121.959459,Y,FEBRUARY,N,CHILLIWACK,CHILLIWACK,CHILLIWACK,Y,Y,N,LOWER MAINLAND,YALE RD # 045630 TO 045739,YALE RD,YALE RD,09:00-11:59,1,0
N,PROPERTY DAMAGE ONLY,\N,N,2022,WEDNESDAY,HEAD ON,N,N,50.266402,-119.25394,Y,FEBRUARY,N,VERNON,VERNON,VERNON,N,N,N,SOUTHERN INTERIOR,17 ST # 003200 TO 003499,17 ST,17 ST,09:00-11:59,1,0
N,PROPERTY DAMAGE ONLY,\N,N,2022,WEDNESDAY,HEAD ON,N,N,50.877586,-119.909107,Y,FEBRUARY,N,SUN PEAKS,SUN PEAKS,SUN PEAKS,Y,Y,N,SOUTHERN INTERIOR,ALPINE RD # 001200 TO 001299,ALPINE RD,ALPINE RD,09:00-11:59,1,0
N,PROPERTY DAMAGE ONLY,\N,N,2022,WEDNESDAY,HEAD ON,Y,N,48.93176,-123.734903,Y,FEBRUARY,N,CHEMAINUS,CHEMAINUS,CHEMAINUS,Y,N,N,VANCOUVER ISLAND,COOK ST # 003150 TO 003249,COOK ST,COOK ST,09:00-11:59,1,0
N,PROPERTY DAMAGE ONLY,\N,N,2022,WEDNESDAY,MULTIPLE IMPACTS,N,N,49.243848,-123.006999,Y,FEBRUARY,N,BURNABY,BURNABY,BURNABY,Y,N,N,LOWER MAINLAND,HUXLEY AVE # 004400 TO 004699,HUXLEY AVE,HUXLEY AVE,09:00-11:59,1,0
N,PROPERTY DAMAGE ONLY,\N,N,2022,WEDNESDAY,OVERTAKING,N,N,\N,\N,N,FEBRUARY,N,SQUAMISH,SQUAMISH,\N,N,N,N,LOWER MAINLAND,UNKNOWN,DISCOVERY WAY,DISCOVERY WAY,09:00-11:59,1,0
N,PROPERTY DAMAGE ONLY,\N,N,2022,WEDNESDAY,REAR END,N,N,\N,\N,N,FEBRUARY,N,LANGLEY,LANGLEY,\N,N,N,N,LOWER MAINLAND,UNKNOWN,HWY 1,HWY 1,09:00-11:59,1,0
N,PROPERTY DAMAGE ONLY,\N,N,2022,WEDNESDAY,REAR END,N,N,\N,\N,N,FEBRUARY,N,WEST VANCOUVER,WEST VANCOUVER,\N,N,Y,N,LOWER MAINLAND,UNKNOWN,CYPRESS BOWL LANE,CYPRESS BOWL LANE,09:00-11:59,1,0
N,PROPERTY DAMAGE ONLY,\N,N,2022,WEDNESDAY,REAR END,N,N,48.431445,-123.321271,Y,FEBRUARY,N,OAK BAY,OAK BAY,OAK BAY,Y,Y,N,VANCOUVER ISLAND,BEE ST # 001900 TO 002099,BEE ST,BEE ST,09:00-11:59,1,0
N,PROPERTY DAMAGE ONLY,\N,N,2022,WEDNESDAY,REAR END,N,N,49.14918,-122.941976,Y,FEBRUARY,N,DELTA,DELTA,DELTA,Y,Y,N,LOWER MAINLAND,NORDEL CRT # 010100 TO 010199,NORDEL CRT,NORDEL CRT,09:00-11:59,1,0
N,PROPERTY DAMAGE ONLY,\N,N,2022,WEDNESDAY,REAR END,N,N,49.157592,-122.779642,Y,FEBRUARY,N,SURREY,SURREY,SURREY,N,Y,N,LOWER MAINLAND,FRASER HWY # 015960 TO 015998 even,FRASER HWY,FRASER HWY,09:00-11:59,1,0
N,PROPERTY DAMAGE ONLY,\N,N,2022,WEDNESDAY,REAR END,N,N,49.159504,-123.068774,Y,FEBRUARY,N,RICHMOND,RICHMOND,RICHMOND,Y,Y,N,LOWER MAINLAND,NO 6 RD # 006652 TO 007999,NO 6 RD,NO 6 RD,09:00-11:59,1,0
N,PROPERTY DAMAGE ONLY,\N,N,2022,WEDNESDAY,REAR END,N,N,49.176978,-122.687418,Y,FEBRUARY,N,SURREY,SURREY,SURREY,N,Y,N,LOWER MAINLAND,96 AVE # 019200 TO 019429,96 AVE,96 AVE,09:00-11:59,1,0
N,PROPERTY DAMAGE ONLY,\N,N,2022,WEDNESDAY,REAR END,N,N,49.225855,-123.109563,Y,FEBRUARY,N,VANCOUVER,VANCOUVER,VANCOUVER,N,Y,N,LOWER MAINLAND,W 49TH AVE # 000100 TO 000199,W 49TH AVE,W 49TH AVE,09:00-11:59,1,0
N,PROPERTY DAMAGE ONLY,\N,N,2022,WEDNESDAY,REAR END,N,N,49.228116,-122.998531,Y,FEBRUARY,N,BURNABY,BURNABY,BURNABY,Y,Y,N,LOWER MAINLAND,KINGSWAY # 004700 TO 004749,KINGSWAY,KINGSWAY,09:00-11:59,1,0
N,PROPERTY DAMAGE ONLY,\N,N,2022,WEDNESDAY,REAR END,N,N,49.254623,-122.995151,Y,FEBRUARY,N,BURNABY,BURNABY,BURNABY,N,Y,N,LOWER MAINLAND,CANADA WAY # 004600 TO 004621,CANADA WAY,CANADA WAY,09:00-11:59,1,0
N,PROPERTY DAMAGE ONLY,\N,N,2022,WEDNESDAY,REAR END,N,N,49.303747,-122.834144,Y,FEBRUARY,N,PORT MOODY,PORT MOODY,PORT MOODY,Y,N,N,LOWER MAINLAND,BIRCHWOOD CRES # 000000 TO 000045,BIRCHWOOD CRES,BIRCHWOOD CRES,09:00-11:59,1,0
N,PROPERTY DAMAGE ONLY,\N,N,2022,WEDNESDAY,REAR END,N,N,49.327755,-123.072167,Y,FEBRUARY,N,NORTH VANCOUVER,NORTH VANCOUVER,NORTH VANCOUVER,Y,Y,N,LOWER MAINLAND,LONSDALE AVE # 002000 TO 002099,LONSDALE AVE,LONSDALE AVE,09:00-11:59,1,0
N,PROPERTY DAMAGE ONLY,\N,N,2022,WEDNESDAY,REAR END,N,N,49.347541,-124.441646,Y,FEBRUARY,N,QUALICUM BEACH,QUALICUM BEACH,QUALICUM BEACH,Y,N,N,VANCOUVER ISLAND,MEMORIAL AVE # 000660 TO 000679,MEMORIAL AVE,MEMORIAL AVE,09:00-11:59,1,0
N,PROPERTY DAMAGE ONLY,\N,N,2022,WEDNESDAY,REAR END,N,N,49.471947,-123.764727,Y,FEBRUARY,N,SECHELT,SECHELT,SECHELT,N,Y,N,LOWER MAINLAND,SHORNCLIFFE AVE # 005500 TO 005509,SHORNCLIFFE AVE,SHORNCLIFFE AVE,09:00-11:59,1,0
N,PROPERTY DAMAGE ONLY,\N,N,2022,WEDNESDAY,REAR END,N,N,49.482646,-119.578336,Y,FEBRUARY,N,PENTICTON,PENTICTON,PENTICTON,Y,Y,N,SOUTHERN INTERIOR,CARMI AVE # 000550 TO 000579,CARMI AVE,CARMI AVE,09:00-11:59,1,0
N,PROPERTY DAMAGE ONLY,\N,N,2022,WEDNESDAY,REAR END,N,N,49.515101,-115.060894,Y,FEBRUARY,N,FERNIE,FERNIE,FERNIE,Y,Y,N,SOUTHERN INTERIOR,9TH AVE # 001500 TO 001599,9TH AVE,9TH AVE,09:00-11:59,1,0
N,PROPERTY DAMAGE ONLY,\N,N,2022,WEDNESDAY,REAR END,N,N,49.751073,-125.05113,Y,FEBRUARY,N,COURTENAY,COURTENAY,COURTENAY,N,N,N,VANCOUVER ISLAND,HEADQUARTERS RD # 006000 TO 006069,HEADQUARTERS RD,HEADQUARTERS RD,09:00-11:59,1,0
N,PROPERTY DAMAGE ONLY,\N,N,2022,WEDNESDAY,REAR END,N,N,49.860065,-119.49121,Y,FEBRUARY,N,KELOWNA,KELOWNA,KELOWNA,N,Y,N,SOUTHERN INTERIOR,LAKESHORE RD # 003100 TO 003289,LAKESHORE RD,LAKESHORE RD,09:00-11:59,1,0
N,PROPERTY DAMAGE ONLY,\N,N,2022,WEDNESDAY,REAR END,N,N,53.884563,-122.772118,Y,FEBRUARY,N,PRINCE GEORGE,PRINCE GEORGE,PRINCE GEORGE,Y,Y,N,NORTH CENTRAL,RANGE RD # 002460 TO 002599,RANGE RD,RANGE RD,09:00-11:59,1,0
N,PROPERTY DAMAGE ONLY,\N,N,2022,WEDNESDAY,REAR END,N,N,53.925578,-122.740189,Y,FEBRUARY,N,PRINCE GEORGE,PRINCE GEORGE,PRINCE GEORGE,Y,N,N,NORTH CENTRAL,KELLIHER RD # 001300 TO 001399,KELLIHER RD,KELLIHER RD,09:00-11:59,1,0
N,PROPERTY DAMAGE ONLY,\N,N,2022,WEDNESDAY,REAR END,Y,N,\N,\N,N,FEBRUARY,N,MCLEESE LAKE,MCLEESE LAKE,\N,N,N,N,NORTH CENTRAL,UNKNOWN,HWY 97,HWY 97,09:00-11:59,1,0
N,PROPERTY DAMAGE ONLY,\N,N,2022,WEDNESDAY,REAR END,Y,N,49.229582,-122.685542,Y,FEBRUARY,N,PITT MEADOWS,PITT MEADOWS,PITT MEADOWS,Y,Y,N,LOWER MAINLAND,LOUGHEED HWY # 019201 TO 019485 odd,LOUGHEED HWY,LOUGHEED HWY,09:00-11:59,1,0
N,PROPERTY DAMAGE ONLY,\N,N,2022,WEDNESDAY,REAR TO REAR,N,N,48.788366,-123.709364,Y,FEBRUARY,N,DUNCAN,DUNCAN,DUNCAN,N,Y,N,VANCOUVER ISLAND,TRANS-CANADA HWY # 005900 TO 006044 even,TRANS-CANADA HWY,TRANS-CANADA HWY,09:00-11:59,1,0
N,PROPERTY DAMAGE ONLY,\N,N,2022,WEDNESDAY,REAR TO REAR,N,N,49.067306,-122.325991,Y,FEBRUARY,N,ABBOTSFORD,ABBOTSFORD,ABBOTSFORD,Y,Y,N,LOWER MAINLAND,HAIDA DR # 032400 TO 032449,HAIDA DR,HAIDA DR,09:00-11:59,1,0
N,PROPERTY DAMAGE ONLY,\N,N,2022,WEDNESDAY,REAR TO REAR,N,N,49.259815,-123.153101,Y,FEBRUARY,N,VANCOUVER,VANCOUVER,VANCOUVER,N,Y,N,LOWER MAINLAND,ARBUTUS ST # 002900 TO 002951,ARBUTUS ST,ARBUTUS ST,09:00-11:59,1,0
N,PROPERTY DAMAGE ONLY,\N,N,2022,WEDNESDAY,REAR TO REAR,N,N,49.276671,-122.835944,Y,FEBRUARY,N,PORT MOODY,PORT MOODY,PORT MOODY,N,Y,N,LOWER MAINLAND,ST JOHNS ST # 003121 TO 003199,ST JOHNS ST,ST JOHNS ST,09:00-11:59,1,0
N,PROPERTY DAMAGE ONLY,\N,N,2022,WEDNESDAY,REAR TO REAR,N,N,49.315865,-122.997294,Y,FEBRUARY,N,NORTH VANCOUVER,NORTH VANCOUVER,NORTH VANCOUVER,Y,N,N,LOWER MAINLAND,MT SEYMOUR PKY # 002750 TO 002804 even,MT SEYMOUR PKY,MT SEYMOUR PKY,09:00-11:59,1,0
N,PROPERTY DAMAGE ONLY,\N,N,2022,WEDNESDAY,REAR TO REAR,N,N,50.697179,-119.280357,Y,FEBRUARY,N,SALMON ARM,SALMON ARM,SALMON ARM,N,Y,N,SOUTHERN INTERIOR,4 AVE SE # 000300 TO 000499,4 AVE SE,4 AVE SE,09:00-11:59,1,0
N,PROPERTY DAMAGE ONLY,\N,N,2022,WEDNESDAY,REAR TO REAR,Y,N,\N,\N,N,FEBRUARY,N,BIG WHITE,BIG WHITE,\N,N,N,N,SOUTHERN INTERIOR,UNKNOWN,FEATHERTOP WAY,FEATHERTOP WAY,09:00-11:59,1,0
N,PROPERTY DAMAGE ONLY,\N,N,2022,WEDNESDAY,SIDE IMPACT,N,N,\N,\N,N,FEBRUARY,N,ABBOTSFORD,ABBOTSFORD,\N,N,Y,N,LOWER MAINLAND,UNKNOWN,N PARALLEL RD,N PARALLEL RD,09:00-11:59,1,0
N,PROPERTY DAMAGE ONLY,\N,N,2022,WEDNESDAY,SIDE IMPACT,N,N,\N,\N,N,FEBRUARY,N,INVERMERE,INVERMERE,\N,N,N,N,SOUTHERN INTERIOR,UNKNOWN,7TH AVE,7TH AVE,09:00-11:59,1,0
N,PROPERTY DAMAGE ONLY,\N,N,2022,WEDNESDAY,SIDE IMPACT,N,N,\N,\N,N,FEBRUARY,N,LANGLEY,LANGLEY,\N,Y,N,N,LOWER MAINLAND,UNKNOWN,45A CRES,45A CRES,09:00-11:59,1,0
N,PROPERTY DAMAGE ONLY,\N,N,2022,WEDNESDAY,SIDE IMPACT,N,N,\N,\N,N,FEBRUARY,N,NEW WESTMINSTER,NEW WESTMINSTER,\N,Y,N,N,LOWER MAINLAND,UNKNOWN,FIRST STREET,FIRST STREET,09:00-11:59,1,0
N,PROPERTY DAMAGE ONLY,\N,N,2022,WEDNESDAY,SIDE IMPACT,N,N,\N,\N,N,FEBRUARY,N,PRINCE GEORGE,PRINCE GEORGE,\N,N,Y,N,NORTH CENTRAL,UNKNOWN,20 AVE,20 AVE,09:00-11:59,1,0
N,PROPERTY DAMAGE ONLY,\N,N,2022,WEDNESDAY,SIDE IMPACT,N,N,\N,\N,N,FEBRUARY,N,VANCOUVER,VANCOUVER,\N,Y,N,N,LOWER MAINLAND,UNKNOWN,W 3RD AVE,W 3RD AVE,09:00-11:59,1,0
N,PROPERTY DAMAGE ONLY,\N,N,2022,WEDNESDAY,SIDE IMPACT,N,N,48.4252,-123.362952,Y,FEBRUARY,N,VICTORIA,VICTORIA,VICTORIA,N,N,N,VANCOUVER ISLAND,VIEW ST # 000740 TO 000799,VIEW ST,VIEW ST,09:00-11:59,1,0
N,PROPERTY DAMAGE ONLY,\N,N,2022,WEDNESDAY,SIDE IMPACT,N,N,48.428133,-123.342275,Y,FEBRUARY,N,VICTORIA,VICTORIA,VICTORIA,Y,N,N,VANCOUVER ISLAND,STANLEY AVE # 001700 TO 001799,STANLEY AVE,STANLEY AVE,09:00-11:59,1,0
N,PROPERTY DAMAGE ONLY,\N,N,2022,WEDNESDAY,SIDE IMPACT,N,N,48.433508,-123.358254,Y,FEBRUARY,N,VICTORIA,VICTORIA,VICTORIA,Y,Y,N,VANCOUVER ISLAND,QUADRA ST # 002200 TO 002299,QUADRA ST,QUADRA ST,09:00-11:59,1,0
N,PROPERTY DAMAGE ONLY,\N,N,2022,WEDNESDAY,SIDE IMPACT,N,N,48.433704,-123.396356,Y,FEBRUARY,N,ESQUIMALT,ESQUIMALT,ESQUIMALT,N,Y,N,VANCOUVER ISLAND,VIEWFIELD RD # 000800 TO 000879,VIEWFIELD RD,VIEWFIELD RD,09:00-11:59,1,0
N,PROPERTY DAMAGE ONLY,\N,N,2022,WEDNESDAY,SIDE IMPACT,N,N,48.458967,-123.503043,Y,FEBRUARY,N,LANGFORD,LANGFORD,LANGFORD,N,Y,N,VANCOUVER ISLAND,MCCALLUM RD # 000790 TO 000799,MCCALLUM RD,MCCALLUM RD,09:00-11:59,1,0
N,PROPERTY DAMAGE ONLY,\N,N,2022,WEDNESDAY,SIDE IMPACT,N,N,48.488653,-123.41725,Y,FEBRUARY,N,SAANICH,SAANICH,SAANICH,Y,Y,N,VANCOUVER ISLAND,INTERURBAN RD # 004370 TO 004379,INTERURBAN RD,INTERURBAN RD,09:00-11:59,1,0
N,PROPERTY DAMAGE ONLY,\N,N,2022,WEDNESDAY,SIDE IMPACT,N,N,48.747774,-123.653805,Y,FEBRUARY,N,COWICHAN BAY,COWICHAN BAY,COWICHAN BAY,N,N,N,VANCOUVER ISLAND,COWICHAN BAY RD # 002201 TO 002239,COWICHAN BAY RD,COWICHAN BAY RD,09:00-11:59,1,0
N,PROPERTY DAMAGE ONLY,\N,N,2022,WEDNESDAY,SIDE IMPACT,N,N,49.002303,-122.475809,Y,FEBRUARY,N,LANGLEY,LANGLEY,LANGLEY,Y,Y,N,LOWER MAINLAND,0 AVE # 027110 TO 027199,0 AVE,0 AVE,09:00-11:59,1,0
N,PROPERTY DAMAGE ONLY,\N,N,2022,WEDNESDAY,SIDE IMPACT,N,N,49.021743,-122.265356,Y,FEBRUARY,N,ABBOTSFORD,ABBOTSFORD,ABBOTSFORD,N,Y,N,LOWER MAINLAND,SUMAS WAY # 001000 TO 001189,SUMAS WAY,SUMAS WAY,09:00-11:59,1,0
N,PROPERTY DAMAGE ONLY,\N,N,2022,WEDNESDAY,SIDE IMPACT,N,N,49.074601,-122.308124,Y,FEBRUARY,N,ABBOTSFORD,ABBOTSFORD,ABBOTSFORD,Y,N,N,LOWER MAINLAND,DOWNES RD # 032984 TO 033199,DOWNES RD,DOWNES RD,09:00-11:59,1,0
N,PROPERTY DAMAGE ONLY,\N,N,2022,WEDNESDAY,SIDE IMPACT,N,N,49.090245,-123.079708,Y,FEBRUARY,N,DELTA,DELTA,DELTA,Y,Y,N,LOWER MAINLAND,LADNER TRUNK RD # 005130 TO 005249,LADNER TRUNK RD,LADNER TRUNK RD,09:00-11:59,1,0
N,PROPERTY DAMAGE ONLY,\N,N,2022,WEDNESDAY,SIDE IMPACT,N,N,49.097391,-117.708672,Y,FEBRUARY,N,TRAIL,TRAIL,TRAIL,Y,Y,N,SOUTHERN INTERIOR,DEWDNEY AVE # 001100 TO 001199,DEWDNEY AVE,DEWDNEY AVE,09:00-11:59,1,0
N,PROPERTY DAMAGE ONLY,\N,N,2022,WEDNESDAY,SIDE IMPACT,N,N,49.118926,-122.655649,Y,FEBRUARY,N,LANGLEY,LANGLEY,LANGLEY,N,Y,N,LOWER MAINLAND,64 AVE # 020351 TO 020499 odd,64 AVE,64 AVE,09:00-11:59,1,0
N,PROPERTY DAMAGE ONLY,\N,N,2022,WEDNESDAY,SIDE IMPACT,N,N,49.124769,-122.704243,Y,FEBRUARY,N,SURREY,SURREY,SURREY,N,Y,N,LOWER MAINLAND,FRASER HWY # 018680 TO 018718 even,FRASER HWY,FRASER HWY,09:00-11:59,1,0
N,PROPERTY DAMAGE ONLY,\N,N,2022,WEDNESDAY,SIDE IMPACT,N,N,49.135386,-122.332692,Y,FEBRUARY,N,MISSION,MISSION,MISSION,N,Y,N,LOWER MAINLAND,HURD ST # 007320 TO 007359,HURD ST,HURD ST,09:00-11:59,1,0
N,PROPERTY DAMAGE ONLY,\N,N,2022,WEDNESDAY,SIDE IMPACT,N,N,49.139325,-123.091783,Y,FEBRUARY,N,RICHMOND,RICHMOND,RICHMOND,Y,Y,N,LOWER MAINLAND,NO 5 RD # 010000 TO 010249,NO 5 RD,NO 5 RD,09:00-11:59,1,0
N,PROPERTY DAMAGE ONLY,\N,N,2022,WEDNESDAY,SIDE IMPACT,N,N,49.140842,-123.129568,Y,FEBRUARY,N,RICHMOND,RICHMOND,RICHMOND,Y,Y,N,LOWER MAINLAND,WILLIAMS RD # 008361 TO 008778,WILLIAMS RD,WILLIAMS RD,09:00-11:59,1,0
N,PROPERTY DAMAGE ONLY,\N,N,2022,WEDNESDAY,SIDE IMPACT,N,N,49.153777,-122.801103,Y,FEBRUARY,N,SURREY,SURREY,SURREY,Y,Y,N,LOWER MAINLAND,152 ST # 008260 TO 008350 even,152 ST,152 ST,09:00-11:59,1,0
N,PROPERTY DAMAGE ONLY,\N,N,2022,WEDNESDAY,SIDE IMPACT,N,N,49.163077,-122.876824,Y,FEBRUARY,N,SURREY,SURREY,SURREY,N,Y,N,LOWER MAINLAND,88 AVE # 012450 TO 012499,88 AVE,88 AVE,09:00-11:59,1,0
N,PROPERTY DAMAGE ONLY,\N,N,2022,WEDNESDAY,SIDE IMPACT,N,N,49.168617,-123.12331,Y,FEBRUARY,N,RICHMOND,RICHMOND,RICHMOND,Y,N,N,LOWER MAINLAND,FERNDALE RD # 009000 TO 009249,FERNDALE RD,FERNDALE RD,09:00-11:59,1,0
N,PROPERTY DAMAGE ONLY,\N,N,2022,WEDNESDAY,SIDE IMPACT,N,N,49.184275,-122.844292,Y,FEBRUARY,N,SURREY,SURREY,SURREY,Y,Y,N,LOWER MAINLAND,100 AVE # 013600 TO 013679,100 AVE,100 AVE,09:00-11:59,1,0
N,PROPERTY DAMAGE ONLY,\N,N,2022,WEDNESDAY,SIDE IMPACT,N,N,49.185881,-123.10912,Y,FEBRUARY,N,RICHMOND,RICHMOND,RICHMOND,Y,Y,N,LOWER MAINLAND,ST EDWARDS DR # 010212 TO 010551,ST EDWARDS DR,ST EDWARDS DR,09:00-11:59,1,0
N,PROPERTY DAMAGE ONLY,\N,N,2022,WEDNESDAY,SIDE IMPACT,N,N,49.187442,-122.801015,Y,FEBRUARY,N,SURREY,SURREY,SURREY,N,Y,N,LOWER MAINLAND,152 ST # 010101 TO 010249 odd,152 ST,152 ST,09:00-11:59,1,0
N,PROPERTY DAMAGE ONLY,\N,N,2022,WEDNESDAY,SIDE IMPACT,N,N,49.190842,-122.847671,Y,FEBRUARY,N,SURREY,SURREY,SURREY,Y,Y,N,LOWER MAINLAND,CITY PKY # 010303 TO 010399,CITY PKY,CITY PKY,09:00-11:59,1,0
N,PROPERTY DAMAGE ONLY,\N,N,2022,WEDNESDAY,SIDE IMPACT,N,N,49.207908,-123.029033,Y,FEBRUARY,N,VANCOUVER,VANCOUVER,VANCOUVER,Y,Y,N,LOWER MAINLAND,SE MARINE DR # 003500 TO 003511,SE MARINE DR,SE MARINE DR,09:00-11:59,1,0
N,PROPERTY DAMAGE ONLY,\N,N,2022,WEDNESDAY,SIDE IMPACT,N,N,49.21907,-122.599575,Y,FEBRUARY,N,MAPLE RIDGE,MAPLE RIDGE,MAPLE RIDGE,N,Y,N,LOWER MAINLAND,HANEY PL # 011900 TO 011968,HANEY PL,HANEY PL,09:00-11:59,1,0
N,PROPERTY DAMAGE ONLY,\N,N,2022,WEDNESDAY,SIDE IMPACT,N,N,49.233983,-124.807508,Y,FEBRUARY,N,PORT ALBERNI,PORT ALBERNI,PORT ALBERNI,Y,N,N,VANCOUVER ISLAND,3RD AVE # 003001 TO 003099 odd,3RD AVE,3RD AVE,09:00-11:59,1,0
N,PROPERTY DAMAGE ONLY,\N,N,2022,WEDNESDAY,SIDE IMPACT,N,N,49.238377,-122.76147,Y,FEBRUARY,N,PORT COQUITLAM,PORT COQUITLAM,PORT COQUITLAM,Y,Y,N,LOWER MAINLAND,KEBET WAY # 001600 TO 001699,KEBET WAY,KEBET WAY,09:00-11:59,1,0
N,PROPERTY DAMAGE ONLY,\N,N,2022,WEDNESDAY,SIDE IMPACT,N,N,49.24002,-123.150298,Y,FEBRUARY,N,VANCOUVER,VANCOUVER,VANCOUVER,Y,Y,N,LOWER MAINLAND,W 35TH AVE # 001900 TO 001999,W 35TH AVE,W 35TH AVE,09:00-11:59,1,0
N,PROPERTY DAMAGE ONLY,\N,N,2022,WEDNESDAY,SIDE IMPACT,N,N,49.26136,-123.117599,Y,FEBRUARY,N,VANCOUVER,VANCOUVER,VANCOUVER,Y,Y,N,LOWER MAINLAND,ASH ST # 002600 TO 002799,ASH ST,ASH ST,09:00-11:59,1,0
N,PROPERTY DAMAGE ONLY,\N,N,2022,WEDNESDAY,SIDE IMPACT,N,N,49.264065,-123.167323,Y,FEBRUARY,N,VANCOUVER,VANCOUVER,VANCOUVER,Y,Y,N,LOWER MAINLAND,W BROADWAY # 002700 TO 002799,W BROADWAY,W BROADWAY,09:00-11:59,1,0
N,PROPERTY DAMAGE ONLY,\N,N,2022,WEDNESDAY,SIDE IMPACT,N,N,49.266665,-123.043894,Y,FEBRUARY,N,VANCOUVER,VANCOUVER,VANCOUVER,Y,Y,N,LOWER MAINLAND,E 4TH AVE # 002900 TO 002927,E 4TH AVE,E 4TH AVE,09:00-11:59,1,0
N,PROPERTY DAMAGE ONLY,\N,N,2022,WEDNESDAY,SIDE IMPACT,N,N,49.268511,-122.860263,Y,FEBRUARY,N,COQUITLAM,COQUITLAM,COQUITLAM,N,N,N,LOWER MAINLAND,LILLIAN ST # 000960 TO 000965,LILLIAN ST,LILLIAN ST,09:00-11:59,1,0
N,PROPERTY DAMAGE ONLY,\N,N,2022,WEDNESDAY,SIDE IMPACT,N,N,49.275398,-124.167189,Y,FEBRUARY,N,NANOOSE BAY,NANOOSE BAY,NANOOSE BAY,Y,N,N,VANCOUVER ISLAND,CHAIN WAY # 002300 TO 002449,CHAIN WAY,CHAIN WAY,09:00-11:59,1,0
N,PROPERTY DAMAGE ONLY,\N,N,2022,WEDNESDAY,SIDE IMPACT,N,N,49.279664,-123.062695,Y,FEBRUARY,N,VANCOUVER,VANCOUVER,VANCOUVER,Y,N,N,LOWER MAINLAND,FERNDALE ST # 002000 TO 002099,FERNDALE ST,FERNDALE ST,09:00-11:59,1,0
N,PROPERTY DAMAGE ONLY,\N,N,2022,WEDNESDAY,SIDE IMPACT,N,N,49.283726,-122.809269,Y,FEBRUARY,N,COQUITLAM,COQUITLAM,COQUITLAM,Y,Y,N,LOWER MAINLAND,LANSDOWNE DR # 001182 TO 001199,LANSDOWNE DR,LANSDOWNE DR,09:00-11:59,1,0
N,PROPERTY DAMAGE ONLY,\N,N,2022,WEDNESDAY,SIDE IMPACT,N,N,49.313274,-124.321549,Y,FEBRUARY,N,PARKSVILLE,PARKSVILLE,PARKSVILLE,N,Y,N,VANCOUVER ISLAND,ALBERNI HWY # 000350 TO 000399,ALBERNI HWY,ALBERNI HWY,09:00-11:59,1,0
N,PROPERTY DAMAGE ONLY,\N,N,2022,WEDNESDAY,SIDE IMPACT,N,N,49.328624,-123.159572,Y,FEBRUARY,N,WEST VANCOUVER,WEST VANCOUVER,WEST VANCOUVER,Y,Y,N,LOWER MAINLAND,MARINE DR # 001600 TO 001699,MARINE DR,MARINE DR,09:00-11:59,1,0
N,PROPERTY DAMAGE ONLY,\N,N,2022,WEDNESDAY,SIDE IMPACT,N,N,49.359748,-123.259085,Y,FEBRUARY,N,WEST VANCOUVER,WEST VANCOUVER,WEST VANCOUVER,Y,Y,N,LOWER MAINLAND,WESTPORT RD # 005641 TO 005652,WESTPORT RD,WESTPORT RD,09:00-11:59,1,0
N,PROPERTY DAMAGE ONLY,\N,N,2022,WEDNESDAY,SIDE IMPACT,N,N,49.474607,-119.582864,Y,FEBRUARY,N,PENTICTON,PENTICTON,PENTICTON,Y,Y,N,SOUTHERN INTERIOR,MAIN ST # 002051 TO 002199 odd,MAIN ST,MAIN ST,09:00-11:59,1,0
N,PROPERTY DAMAGE ONLY,\N,N,2022,WEDNESDAY,SIDE IMPACT,N,N,49.668375,-124.977446,Y,FEBRUARY,N,COURTENAY,COURTENAY,COURTENAY,Y,Y,N,VANCOUVER ISLAND,CLIFFE AVE # 003040 TO 003299,CLIFFE AVE,CLIFFE AVE,09:00-11:59,1,0
N,PROPERTY DAMAGE ONLY,\N,N,2022,WEDNESDAY,SIDE IMPACT,N,N,49.686422,-124.934955,Y,FEBRUARY,N,COMOX,COMOX,COMOX,Y,N,N,VANCOUVER ISLAND,ANDERTON RD # 000574 TO 000709,ANDERTON RD,ANDERTON RD,09:00-11:59,1,0
N,PROPERTY DAMAGE ONLY,\N,N,2022,WEDNESDAY,SIDE IMPACT,N,N,49.842088,-119.609973,Y,FEBRUARY,N,WEST KELOWNA,WEST KELOWNA,WEST KELOWNA,Y,Y,N,SOUTHERN INTERIOR,LOUIE DR # 002072 TO 002179,LOUIE DR,LOUIE DR,09:00-11:59,1,0
N,PROPERTY DAMAGE ONLY,\N,N,2022,WEDNESDAY,SIDE IMPACT,N,N,49.88004,-119.437324,Y,FEBRUARY,N,KELOWNA,KELOWNA,KELOWNA,Y,Y,N,SOUTHERN INTERIOR,DILWORTH DR # 001851 TO 001899 odd,DILWORTH DR,DILWORTH DR,09:00-11:59,1,0
N,PROPERTY DAMAGE ONLY,\N,N,2022,WEDNESDAY,SIDE IMPACT,N,N,50.282738,-119.266716,Y,FEBRUARY,N,VERNON,VERNON,VERNON,Y,Y,N,SOUTHERN INTERIOR,27 ST # 004800 TO 004998 even,27 ST,27 ST,09:00-11:59,1,0
N,PROPERTY DAMAGE ONLY,\N,N,2022,WEDNESDAY,SIDE IMPACT,N,N,50.446777,-119.1949,Y,FEBRUARY,N,ARMSTRONG,ARMSTRONG,ARMSTRONG,Y,Y,N,SOUTHERN INTERIOR,PATTERSON AVE # 002600 TO 002899,PATTERSON AVE,PATTERSON AVE,09:00-11:59,1,0
N,PROPERTY DAMAGE ONLY,\N,N,2022,WEDNESDAY,SIDE IMPACT,N,N,50.665443,-120.372597,Y,FEBRUARY,N,KAMLOOPS,KAMLOOPS,KAMLOOPS,N,Y,N,SOUTHERN INTERIOR,HILLSIDE DR # 001017 TO 001059 odd,HILLSIDE DR,HILLSIDE DR,09:00-11:59,1,0
N,PROPERTY DAMAGE ONLY,\N,N,2022,WEDNESDAY,SIDE IMPACT,N,N,51.317466,-121.391099,Y,FEBRUARY,N,70 MILE HOUSE,70 MILE HOUSE,70 MILE HOUSE,Y,Y,N,NORTH CENTRAL,WILLOW DR # 002460 TO 002499,WILLOW DR,WILLOW DR,09:00-11:59,1,0
N,PROPERTY DAMAGE ONLY,\N,N,2022,WEDNESDAY,SIDE IMPACT,N,N,53.862646,-122.76101,Y,FEBRUARY,N,PRINCE GEORGE,PRINCE GEORGE,PRINCE GEORGE,Y,N,N,NORTH CENTRAL,DELHI PL # 006400 TO 006509,DELHI PL,DELHI PL,09:00-11:59,1,0
N,PROPERTY DAMAGE ONLY,\N,N,2022,WEDNESDAY,SIDE IMPACT,N,N,53.942125,-122.761112,Y,FEBRUARY,N,PRINCE GEORGE,PRINCE GEORGE,PRINCE GEORGE,N,Y,N,NORTH CENTRAL,HART HWY # 001751 TO 002099 odd,HWY 97,HWY 97,09:00-11:59,1,0
N,PROPERTY DAMAGE ONLY,\N,N,2022,WEDNESDAY,SIDE IMPACT,N,N,54.511117,-128.617816,Y,FEBRUARY,N,TERRACE,TERRACE,TERRACE,Y,N,N,NORTH CENTRAL,AGAR AVE # 005000 TO 005199,AGAR AVE,AGAR AVE,09:00-11:59,1,0
N,PROPERTY DAMAGE ONLY,\N,N,2022,WEDNESDAY,SIDE IMPACT,Y,N,\N,\N,N,FEBRUARY,N,PRINCE GEORGE,PRINCE GEORGE,\N,N,N,N,NORTH CENTRAL,UNKNOWN,CROCKER RD,CROCKER RD,09:00-11:59,1,0
N,PROPERTY DAMAGE ONLY,\N,N,2022,WEDNESDAY,SIDE IMPACT,Y,N,49.151897,-122.873163,Y,FEBRUARY,N,SURREY,SURREY,SURREY,Y,N,N,LOWER MAINLAND,82 AVE # 012400 TO 012798,82 AVE,82 AVE,09:00-11:59,1,0
N,PROPERTY DAMAGE ONLY,\N,N,2022,WEDNESDAY,SIDE IMPACT,Y,N,49.707857,-124.962381,Y,FEBRUARY,N,COURTENAY,COURTENAY,COURTENAY,N,Y,N,VANCOUVER ISLAND,LERWICK RD # 000400 TO 001149,LERWICK RD,LERWICK RD,09:00-11:59,1,0
N,PROPERTY DAMAGE ONLY,\N,N,2022,WEDNESDAY,SIDE IMPACT,Y,N,53.913219,-122.806147,Y,FEBRUARY,N,PRINCE GEORGE,PRINCE GEORGE,PRINCE GEORGE,Y,N,N,NORTH CENTRAL,HANSARD CRES # 001130 TO 001199,HANSARD CRES,HANSARD CRES,09:00-11:59,1,0
N,PROPERTY DAMAGE ONLY,\N,N,2022,WEDNESDAY,SIDE SWIPE - OPPOSITE DIRECTION,N,N,\N,\N,N,FEBRUARY,N,BURNABY,BURNABY,\N,Y,Y,N,LOWER MAINLAND,UNKNOWN,W CAMPUS RD,W CAMPUS RD,09:00-11:59,1,0
N,PROPERTY DAMAGE ONLY,\N,N,2022,WEDNESDAY,SIDE SWIPE - OPPOSITE DIRECTION,N,N,\N,\N,N,FEBRUARY,N,WILLISTON LAKE,WILLISTON LAKE,\N,N,N,N,NORTH CENTRAL,UNKNOWN,RD 38,RD 38,09:00-11:59,1,0
N,PROPERTY DAMAGE ONLY,\N,N,2022,WEDNESDAY,SIDE SWIPE - SAME DIRECTION,N,N,\N,\N,N,FEBRUARY,N,COURTENAY,COURTENAY,\N,Y,N,N,VANCOUVER ISLAND,UNKNOWN,BRAIDWOOD RD,BRAIDWOOD RD,09:00-11:59,1,0
N,PROPERTY DAMAGE ONLY,\N,N,2022,WEDNESDAY,SIDE SWIPE - SAME DIRECTION,N,N,\N,\N,N,FEBRUARY,N,VANCOUVER,VANCOUVER,\N,Y,Y,N,LOWER MAINLAND,UNKNOWN,W 12,W 12,09:00-11:59,1,0
N,PROPERTY DAMAGE ONLY,\N,N,2022,WEDNESDAY,SIDE SWIPE - SAME DIRECTION,N,N,48.454686,-123.373315,Y,FEBRUARY,N,SAANICH,SAANICH,SAANICH,N,Y,N,VANCOUVER ISLAND,SAANICH RD # 003430 TO 003508 even,SAANICH RD,SAANICH RD,09:00-11:59,1,0
N,PROPERTY DAMAGE ONLY,\N,N,2022,WEDNESDAY,SIDE SWIPE - SAME DIRECTION,N,N,49.116171,-122.666665,Y,FEBRUARY,N,LANGLEY,LANGLEY,LANGLEY,N,Y,N,LOWER MAINLAND,WILLOWBROOK DR # 020000 TO 020098 even,WILLOWBROOK DR,WILLOWBROOK DR,09:00-11:59,1,0
N,PROPERTY DAMAGE ONLY,\N,N,2022,WEDNESDAY,SIDE SWIPE - SAME DIRECTION,N,N,49.153566,-123.15893,Y,FEBRUARY,N,RICHMOND,RICHMOND,RICHMOND,Y,Y,N,LOWER MAINLAND,NO 2 RD # 008000 TO 008451,NO 2 RD,NO 2 RD,09:00-11:59,1,0
N,PROPERTY DAMAGE ONLY,\N,N,2022,WEDNESDAY,SIDE SWIPE - SAME DIRECTION,N,N,49.233361,-123.06549,Y,FEBRUARY,N,VANCOUVER,VANCOUVER,VANCOUVER,Y,Y,N,LOWER MAINLAND,VICTORIA DR # 005600 TO 005699,VICTORIA DR,VICTORIA DR,09:00-11:59,1,0
N,PROPERTY DAMAGE ONLY,\N,N,2022,WEDNESDAY,SIDE SWIPE - SAME DIRECTION,N,N,49.262218,-123.126657,Y,FEBRUARY,N,VANCOUVER,VANCOUVER,VANCOUVER,Y,N,N,LOWER MAINLAND,OAK ST # 002600 TO 002647,OAK ST,OAK ST,09:00-11:59,1,0
N,PROPERTY DAMAGE ONLY,\N,N,2022,WEDNESDAY,SIDE SWIPE - SAME DIRECTION,N,N,49.268339,-123.165443,Y,FEBRUARY,N,VANCOUVER,VANCOUVER,VANCOUVER,Y,N,N,LOWER MAINLAND,W 4TH AVE # 002600 TO 002699,W 4TH AVE,W 4TH AVE,09:00-11:59,1,0
N,PROPERTY DAMAGE ONLY,\N,N,2022,WEDNESDAY,SIDE SWIPE - SAME DIRECTION,N,N,49.320848,-123.003693,Y,FEBRUARY,N,NORTH VANCOUVER,NORTH VANCOUVER,NORTH VANCOUVER,Y,N,N,LOWER MAINLAND,SHELLEY RD # 002500 TO 002599,SHELLEY RD,SHELLEY RD,09:00-11:59,1,0
N,PROPERTY DAMAGE ONLY,\N,N,2022,WEDNESDAY,SIDE SWIPE - SAME DIRECTION,N,N,49.322583,-123.072307,Y,FEBRUARY,N,NORTH VANCOUVER,NORTH VANCOUVER,NORTH VANCOUVER,Y,N,N,LOWER MAINLAND,LONSDALE AVE # 001500 TO 001599,LONSDALE AVE,LONSDALE AVE,09:00-11:59,1,0
N,PROPERTY DAMAGE ONLY,\N,N,2022,WEDNESDAY,SIDE SWIPE - SAME DIRECTION,N,N,49.493396,-119.590945,Y,FEBRUARY,N,PENTICTON,PENTICTON,PENTICTON,Y,N,N,SOUTHERN INTERIOR,MARTIN ST # 000600 TO 000699,MARTIN ST,MARTIN ST,09:00-11:59,1,0
N,PROPERTY DAMAGE ONLY,\N,N,2022,WEDNESDAY,SIDE SWIPE - SAME DIRECTION,Y,N,48.422252,-123.350804,Y,FEBRUARY,N,VICTORIA,VICTORIA,VICTORIA,Y,N,N,VANCOUVER ISLAND,LINDEN AVE # 001000 TO 001099,LINDEN AVE,LINDEN AVE,09:00-11:59,1,0
N,PROPERTY DAMAGE ONLY,\N,N,2022,WEDNESDAY,SIDE SWIPE - SAME DIRECTION,Y,N,48.461353,-123.297052,Y,FEBRUARY,N,SAANICH,SAANICH,SAANICH,N,Y,N,VANCOUVER ISLAND,CADBORO BAY RD # 003825 TO 003848,CADBORO BAY RD,CADBORO BAY RD,09:00-11:59,1,0
N,PROPERTY DAMAGE ONLY,\N,N,2022,WEDNESDAY,SIDE SWIPE - SAME DIRECTION,Y,N,48.666164,-123.415312,Y,FEBRUARY,N,SIDNEY,SIDNEY,SIDNEY,Y,N,N,VANCOUVER ISLAND,RESTHAVEN DR # 010490 TO 010493,RESTHAVEN DR,RESTHAVEN DR,09:00-11:59,1,0
N,PROPERTY DAMAGE ONLY,\N,N,2022,WEDNESDAY,SIDE SWIPE - SAME DIRECTION,Y,N,49.250594,-122.577826,Y,FEBRUARY,N,MAPLE RIDGE,MAPLE RIDGE,MAPLE RIDGE,Y,N,N,LOWER MAINLAND,BLANEY RD # 013624 TO 013699,BLANEY RD,BLANEY RD,09:00-11:59,1,0
N,PROPERTY DAMAGE ONLY,\N,N,2022,WEDNESDAY,SINGLE VEHICLE,N,N,\N,\N,N,FEBRUARY,N,BURNABY,BURNABY,\N,N,N,N,LOWER MAINLAND,UNKNOWN,NORTH ELSEMERE,NORTH ELSEMERE,09:00-11:59,1,0
N,PROPERTY DAMAGE ONLY,\N,N,2022,WEDNESDAY,SINGLE VEHICLE,N,N,\N,\N,N,FEBRUARY,N,CRAWFORD BAY,CRAWFORD BAY,\N,N,N,N,SOUTHERN INTERIOR,UNKNOWN,HWY 3A,HWY 3A,09:00-11:59,1,0
N,PROPERTY DAMAGE ONLY,\N,N,2022,WEDNESDAY,SINGLE VEHICLE,N,N,\N,\N,N,FEBRUARY,N,DUNCAN,DUNCAN,\N,N,N,N,VANCOUVER ISLAND,UNKNOWN,HWY 1,HWY 1,09:00-11:59,1,0
N,PROPERTY DAMAGE ONLY,\N,N,2022,WEDNESDAY,SINGLE VEHICLE,N,N,\N,\N,N,FEBRUARY,N,FORT ST. JOHN,FORT ST. JOHN,\N,N,N,N,NORTH CENTRAL,UNKNOWN,BENNETT RD,BENNETT RD,09:00-11:59,1,0
N,PROPERTY DAMAGE ONLY,\N,N,2022,WEDNESDAY,SINGLE VEHICLE,N,N,\N,\N,N,FEBRUARY,N,FORT ST. JOHN,FORT ST. JOHN,\N,N,Y,N,NORTH CENTRAL,UNKNOWN,81ST AVE,81ST AVE,09:00-11:59,1,0
N,PROPERTY DAMAGE ONLY,\N,N,2022,WEDNESDAY,SINGLE VEHICLE,N,N,\N,\N,N,FEBRUARY,N,FORT STEELE,FORT STEELE,\N,N,N,N,SOUTHERN INTERIOR,UNKNOWN,LUCKETT RD,LUCKETT RD,09:00-11:59,1,0
N,PROPERTY DAMAGE ONLY,\N,N,2022,WEDNESDAY,SINGLE VEHICLE,N,N,\N,\N,N,FEBRUARY,N,LAC LA HACHE,LAC LA HACHE,\N,N,N,N,NORTH CENTRAL,UNKNOWN,HWY 97,HWY 97,09:00-11:59,1,0
N,PROPERTY DAMAGE ONLY,\N,N,2022,WEDNESDAY,SINGLE VEHICLE,N,N,\N,\N,N,FEBRUARY,N,LANGDALE,LANGDALE,\N,N,N,N,LOWER MAINLAND,UNKNOWN,HWY 101,HWY 101,09:00-11:59,1,0
N,PROPERTY DAMAGE ONLY,\N,N,2022,WEDNESDAY,SINGLE VEHICLE,N,N,\N,\N,N,FEBRUARY,N,MIDWAY,MIDWAY,\N,N,N,N,SOUTHERN INTERIOR,UNKNOWN,HWY 3,HWY 3,09:00-11:59,1,0
N,PROPERTY DAMAGE ONLY,\N,N,2022,WEDNESDAY,SINGLE VEHICLE,N,N,\N,\N,N,FEBRUARY,N,NANAIMO,NANAIMO,\N,N,N,N,VANCOUVER ISLAND,UNKNOWN,GLEN OAKS DR,GLEN OAKS DR,09:00-11:59,1,0
N,PROPERTY DAMAGE ONLY,\N,N,2022,WEDNESDAY,SINGLE VEHICLE,N,N,\N,\N,N,FEBRUARY,N,STRATHCONA PARK,STRATHCONA PARK,\N,N,N,N,VANCOUVER ISLAND,UNKNOWN,WESTMIN RD,WESTMIN RD,09:00-11:59,1,0
N,PROPERTY DAMAGE ONLY,\N,N,2022,WEDNESDAY,SINGLE VEHICLE,N,N,\N,\N,N,FEBRUARY,N,SUNSHINE VALLEY,SUNSHINE VALLEY,\N,N,N,N,LOWER MAINLAND,UNKNOWN,HWY 3,HWY 3,09:00-11:59,1,0
N,PROPERTY DAMAGE ONLY,\N,N,2022,WEDNESDAY,SINGLE VEHICLE,N,N,\N,\N,N,FEBRUARY,N,SURREY,SURREY,\N,N,N,N,LOWER MAINLAND,UNKNOWN,2ND AVE,2ND AVE,09:00-11:59,1,0
N,PROPERTY DAMAGE ONLY,\N,N,2022,WEDNESDAY,SINGLE VEHICLE,N,N,\N,\N,N,FEBRUARY,N,SURREY,SURREY,\N,N,N,N,LOWER MAINLAND,UNKNOWN,HWY 99,HWY 99,09:00-11:59,1,0
N,PROPERTY DAMAGE ONLY,\N,N,2022,WEDNESDAY,SINGLE VEHICLE,N,N,\N,\N,N,FEBRUARY,N,TERRACE,TERRACE,\N,N,N,N,NORTH CENTRAL,UNKNOWN,HWY 16,HWY 16,09:00-11:59,1,0
N,PROPERTY DAMAGE ONLY,\N,N,2022,WEDNESDAY,SINGLE VEHICLE,N,N,\N,\N,N,FEBRUARY,N,TERRACE,TERRACE,\N,N,N,N,NORTH CENTRAL,UNKNOWN,HWY 16 W,HWY 16 W,09:00-11:59,1,0
N,PROPERTY DAMAGE ONLY,\N,N,2022,WEDNESDAY,SINGLE VEHICLE,N,N,\N,\N,N,FEBRUARY,N,VANCOUVER,VANCOUVER,\N,N,N,N,LOWER MAINLAND,UNKNOWN,HEMLOCK ST,HEMLOCK ST,09:00-11:59,1,0
N,PROPERTY DAMAGE ONLY,\N,N,2022,WEDNESDAY,SINGLE VEHICLE,N,N,\N,\N,N,FEBRUARY,N,VANCOUVER,VANCOUVER,\N,N,Y,N,LOWER MAINLAND,UNKNOWN,BEACH AVENUE,BEACH AVENUE,09:00-11:59,1,0
N,PROPERTY DAMAGE ONLY,\N,N,2022,WEDNESDAY,SINGLE VEHICLE,N,N,\N,\N,N,FEBRUARY,N,VICTORIA,VICTORIA,\N,N,N,N,VANCOUVER ISLAND,UNKNOWN,MARK LN,MARK LN,09:00-11:59,1,0
N,PROPERTY DAMAGE ONLY,\N,N,2022,WEDNESDAY,SINGLE VEHICLE,N,N,\N,\N,N,FEBRUARY,N,VICTORIA,VICTORIA,\N,N,N,N,VANCOUVER ISLAND,UNKNOWN,OAKWINDS ST,OAKWINDS ST,09:00-11:59,1,0
N,PROPERTY DAMAGE ONLY,\N,N,2022,WEDNESDAY,SINGLE VEHICLE,N,N,\N,\N,N,FEBRUARY,N,VICTORIA,VICTORIA,\N,N,Y,N,VANCOUVER ISLAND,UNKNOWN,TERLSON LANE,TERLSON LANE,09:00-11:59,1,0
N,PROPERTY DAMAGE ONLY,\N,N,2022,WEDNESDAY,SINGLE VEHICLE,N,N,48.422627,-123.37762,Y,FEBRUARY,N,VICTORIA,VICTORIA,VICTORIA,N,Y,N,VANCOUVER ISLAND,MONTREAL ST # 000640 TO 000699,MONTREAL ST,MONTREAL ST,09:00-11:59,1,0
N,PROPERTY DAMAGE ONLY,\N,N,2022,WEDNESDAY,SINGLE VEHICLE,N,N,48.425815,-123.352047,Y,FEBRUARY,N,VICTORIA,VICTORIA,VICTORIA,N,Y,N,VANCOUVER ISLAND,JOHNSON ST # 001100 TO 001199,JOHNSON ST,JOHNSON ST,09:00-11:59,1,0
N,PROPERTY DAMAGE ONLY,\N,N,2022,WEDNESDAY,SINGLE VEHICLE,N,N,48.472163,-123.355337,Y,FEBRUARY,N,SAANICH,SAANICH,SAANICH,N,N,N,VANCOUVER ISLAND,CENTURY RD # 004001 TO 004049,CENTURY RD,CENTURY RD,09:00-11:59,1,0
N,PROPERTY DAMAGE ONLY,\N,N,2022,WEDNESDAY,SINGLE VEHICLE,N,N,48.504269,-123.387803,Y,FEBRUARY,N,SAANICH,SAANICH,SAANICH,N,Y,N,VANCOUVER ISLAND,MARSETT PL # 000500 TO 000549,MARSETT PL,MARSETT PL,09:00-11:59,1,0
N,PROPERTY DAMAGE ONLY,\N,N,2022,WEDNESDAY,SINGLE VEHICLE,N,N,48.537981,-123.419343,Y,FEBRUARY,N,SAANICH,SAANICH,SAANICH,N,Y,N,VANCOUVER ISLAND,BROOKHAVEN RD # 000450 TO 000499,BROOKHAVEN RD,BROOKHAVEN RD,09:00-11:59,1,0
N,PROPERTY DAMAGE ONLY,\N,N,2022,WEDNESDAY,SINGLE VEHICLE,N,N,48.650272,-123.62338,Y,FEBRUARY,N,SHAWNIGAN LAKE,SHAWNIGAN LAKE,SHAWNIGAN LAKE,N,N,N,VANCOUVER ISLAND,BADEN-POWELL RD # 001750 TO 001799,BADEN-POWELL RD,BADEN-POWELL RD,09:00-11:59,1,0
N,PROPERTY DAMAGE ONLY,\N,N,2022,WEDNESDAY,SINGLE VEHICLE,N,N,48.709633,-123.643677,Y,FEBRUARY,N,DUNCAN,DUNCAN,DUNCAN,N,N,N,VANCOUVER ISLAND,HILLBANK RD # 003992 TO 004089,HILLBANK RD,HILLBANK RD,09:00-11:59,1,0
N,PROPERTY DAMAGE ONLY,\N,N,2022,WEDNESDAY,SINGLE VEHICLE,N,N,48.844507,-123.267418,Y,FEBRUARY,N,MAYNE ISLAND,MAYNE ISLAND,MAYNE ISLAND,N,Y,N,VANCOUVER ISLAND,FERNHILL RD # 000652 TO 000652 even,FERNHILL RD,FERNHILL RD,09:00-11:59,1,0
N,PROPERTY DAMAGE ONLY,\N,N,2022,WEDNESDAY,SINGLE VEHICLE,N,N,48.903468,-123.717828,Y,FEBRUARY,N,CHEMAINUS,CHEMAINUS,CHEMAINUS,N,N,N,VANCOUVER ISLAND,FULLER LAKE RD # 002830 TO 002949,FULLER LAKE RD,FULLER LAKE RD,09:00-11:59,1,0
N,PROPERTY DAMAGE ONLY,\N,N,2022,WEDNESDAY,SINGLE VEHICLE,N,N,49.028157,-118.460772,Y,FEBRUARY,N,GRAND FORKS,GRAND FORKS,GRAND FORKS,N,N,N,SOUTHERN INTERIOR,CENTRAL AVE # 001854 TO 001899,CENTRAL AVE,CENTRAL AVE,09:00-11:59,1,0
N,PROPERTY DAMAGE ONLY,\N,N,2022,WEDNESDAY,SINGLE VEHICLE,N,N,49.031066,-122.804631,Y,FEBRUARY,N,WHITE ROCK,WHITE ROCK,WHITE ROCK,N,Y,N,LOWER MAINLAND,NORTH BLUFF RD # 015050 TO 015098 even,NORTH BLUFF RD,NORTH BLUFF RD,09:00-11:59,1,0
N,PROPERTY DAMAGE ONLY,\N,N,2022,WEDNESDAY,SINGLE VEHICLE,N,N,49.032055,-122.801128,Y,FEBRUARY,N,SURREY,SURREY,SURREY,N,Y,N,LOWER MAINLAND,152 ST # 001600 TO 001698 even,152 ST,152 ST,09:00-11:59,1,0
N,PROPERTY DAMAGE ONLY,\N,N,2022,WEDNESDAY,SINGLE VEHICLE,N,N,49.051934,-122.33888,Y,FEBRUARY,N,ABBOTSFORD,ABBOTSFORD,ABBOTSFORD,N,Y,N,LOWER MAINLAND,OLD YALE RD # 031908 TO 031999,OLD YALE RD,OLD YALE RD,09:00-11:59,1,0
N,PROPERTY DAMAGE ONLY,\N,N,2022,WEDNESDAY,SINGLE VEHICLE,N,N,49.057345,-122.808011,Y,FEBRUARY,N,SURREY,SURREY,SURREY,N,N,N,LOWER MAINLAND,KING GEORGE BLVD # 003036 TO 003074 even,KING GEORGE BLVD,KING GEORGE BLVD,09:00-11:59,1,0
N,PROPERTY DAMAGE ONLY,\N,N,2022,WEDNESDAY,SINGLE VEHICLE,N,N,49.060147,-122.742128,Y,FEBRUARY,N,SURREY,SURREY,SURREY,N,N,N,LOWER MAINLAND,32 AVE # 017300 TO 017499,32 AVE,32 AVE,09:00-11:59,1,0
N,PROPERTY DAMAGE ONLY,\N,N,2022,WEDNESDAY,SINGLE VEHICLE,N,N,49.070111,-122.267179,Y,FEBRUARY,N,ABBOTSFORD,ABBOTSFORD,ABBOTSFORD,N,N,N,LOWER MAINLAND,ROBSON DR # 003600 TO 003799,ROBSON DR,ROBSON DR,09:00-11:59,1,0
N,PROPERTY DAMAGE ONLY,\N,N,2022,WEDNESDAY,SINGLE VEHICLE,N,N,49.115811,-122.858567,Y,FEBRUARY,N,SURREY,SURREY,SURREY,N,N,N,LOWER MAINLAND,62A AVE # 013110 TO 013149,62A AVE,62A AVE,09:00-11:59,1,0
N,PROPERTY DAMAGE ONLY,\N,N,2022,WEDNESDAY,SINGLE VEHICLE,N,N,49.130278,-121.960391,Y,FEBRUARY,N,CHILLIWACK,CHILLIWACK,CHILLIWACK,N,Y,N,LOWER MAINLAND,VEDDER RD # 006990 TO 007099,VEDDER RD,VEDDER RD,09:00-11:59,1,0
N,PROPERTY DAMAGE ONLY,\N,N,2022,WEDNESDAY,SINGLE VEHICLE,N,N,49.150886,-122.669324,Y,FEBRUARY,N,LANGLEY,LANGLEY,LANGLEY,N,Y,N,LOWER MAINLAND,81A AVE # 019900 TO 019999,81A AVE,81A AVE,09:00-11:59,1,0
N,PROPERTY DAMAGE ONLY,\N,N,2022,WEDNESDAY,SINGLE VEHICLE,N,N,49.157868,-123.143691,Y,FEBRUARY,N,RICHMOND,RICHMOND,RICHMOND,N,Y,N,LOWER MAINLAND,MOFFATT RD # 007360 TO 007999,MOFFATT RD,MOFFATT RD,09:00-11:59,1,0
N,PROPERTY DAMAGE ONLY,\N,N,2022,WEDNESDAY,SINGLE VEHICLE,N,N,49.161475,-121.962304,Y,FEBRUARY,N,CHILLIWACK,CHILLIWACK,CHILLIWACK,Y,N,N,LOWER MAINLAND,MCINTOSH DR # 045480 TO 045699,MCINTOSH DR,MCINTOSH DR,09:00-11:59,1,0
N,PROPERTY DAMAGE ONLY,\N,N,2022,WEDNESDAY,SINGLE VEHICLE,N,N,49.162634,-122.972163,Y,FEBRUARY,N,DELTA,DELTA,DELTA,Y,Y,N,LOWER MAINLAND,CLIVEDEN AVE # 001630 TO 001649,CLIVEDEN AVE,CLIVEDEN AVE,09:00-11:59,1,0
N,PROPERTY DAMAGE ONLY,\N,N,2022,WEDNESDAY,SINGLE VEHICLE,N,N,49.167495,-121.960883,Y,FEBRUARY,N,CHILLIWACK,CHILLIWACK,CHILLIWACK,N,Y,N,LOWER MAINLAND,MARY ST # 009100 TO 009119,MARY ST,MARY ST,09:00-11:59,1,0
N,PROPERTY DAMAGE ONLY,\N,N,2022,WEDNESDAY,SINGLE VEHICLE,N,N,49.168155,-121.96304,Y,FEBRUARY,N,CHILLIWACK,CHILLIWACK,CHILLIWACK,N,Y,N,LOWER MAINLAND,EDWARD ST # 009130 TO 009149,EDWARD ST,EDWARD ST,09:00-11:59,1,0
N,PROPERTY DAMAGE ONLY,\N,N,2022,WEDNESDAY,SINGLE VEHICLE,N,N,49.176998,-122.842738,Y,FEBRUARY,N,SURREY,SURREY,SURREY,N,Y,N,LOWER MAINLAND,96 AVE # 013700 TO 013749,96 AVE,96 AVE,09:00-11:59,1,0
N,PROPERTY DAMAGE ONLY,\N,N,2022,WEDNESDAY,SINGLE VEHICLE,N,N,49.188641,-122.890087,Y,FEBRUARY,N,SURREY,SURREY,SURREY,N,Y,N,LOWER MAINLAND,120 ST # 010200 TO 010268,120 ST,120 ST,09:00-11:59,1,0
N,PROPERTY DAMAGE ONLY,\N,N,2022,WEDNESDAY,SINGLE VEHICLE,N,N,49.191569,-122.849233,Y,FEBRUARY,N,SURREY,SURREY,SURREY,N,Y,N,LOWER MAINLAND,104 AVE # 013410 TO 013496 even,104 AVE,104 AVE,09:00-11:59,1,0
N,PROPERTY DAMAGE ONLY,\N,N,2022,WEDNESDAY,SINGLE VEHICLE,N,N,49.210462,-123.116122,Y,FEBRUARY,N,VANCOUVER,VANCOUVER,VANCOUVER,N,Y,N,LOWER MAINLAND,SW MARINE DR # 000400 TO 000498 even,SW MARINE DR,SW MARINE DR,09:00-11:59,1,0
N,PROPERTY DAMAGE ONLY,\N,N,2022,WEDNESDAY,SINGLE VEHICLE,N,N,49.216887,-122.605526,Y,FEBRUARY,N,MAPLE RIDGE,MAPLE RIDGE,MAPLE RIDGE,N,Y,N,LOWER MAINLAND,LOUGHEED HWY # 022222 TO 022299,LOUGHEED HWY,LOUGHEED HWY,09:00-11:59,1,0
N,PROPERTY DAMAGE ONLY,\N,N,2022,WEDNESDAY,SINGLE VEHICLE,N,N,49.220223,-122.966105,Y,FEBRUARY,N,BURNABY,BURNABY,BURNABY,N,Y,N,LOWER MAINLAND,BALMORAL ST # 006602 TO 006665,BALMORAL ST,BALMORAL ST,09:00-11:59,1,0
N,PROPERTY DAMAGE ONLY,\N,N,2022,WEDNESDAY,SINGLE VEHICLE,N,N,49.223803,-122.89198,Y,FEBRUARY,N,NEW WESTMINSTER,NEW WESTMINSTER,NEW WESTMINSTER,N,Y,N,LOWER MAINLAND,NELSONS CRES # 000200 TO 000248,NELSONS CRES,NELSONS CRES,09:00-11:59,1,0
N,PROPERTY DAMAGE ONLY,\N,N,2022,WEDNESDAY,SINGLE VEHICLE,N,N,49.22717,-122.892854,Y,FEBRUARY,N,NEW WESTMINSTER,NEW WESTMINSTER,NEW WESTMINSTER,N,Y,N,LOWER MAINLAND,E COLUMBIA ST # 000311 TO 000399,E COLUMBIA ST,E COLUMBIA ST,09:00-11:59,1,0
N,PROPERTY DAMAGE ONLY,\N,N,2022,WEDNESDAY,SINGLE VEHICLE,N,N,49.229957,-123.120514,Y,FEBRUARY,N,VANCOUVER,VANCOUVER,VANCOUVER,N,Y,N,LOWER MAINLAND,W 45TH AVE # 000650 TO 000699,W 45TH AVE,W 45TH AVE,09:00-11:59,1,0
N,PROPERTY DAMAGE ONLY,\N,N,2022,WEDNESDAY,SINGLE VEHICLE,N,N,49.238404,-122.859769,Y,FEBRUARY,N,COQUITLAM,COQUITLAM,COQUITLAM,N,N,N,LOWER MAINLAND,BEGIN ST # 000098 TO 000101,BEGIN ST,BEGIN ST,09:00-11:59,1,0
N,PROPERTY DAMAGE ONLY,\N,N,2022,WEDNESDAY,SINGLE VEHICLE,N,N,49.251491,-122.866988,Y,FEBRUARY,N,COQUITLAM,COQUITLAM,COQUITLAM,N,N,N,LOWER MAINLAND,KING ALBERT AVE # 000966 TO 001029,KING ALBERT AVE,KING ALBERT AVE,09:00-11:59,1,0
N,PROPERTY DAMAGE ONLY,\N,N,2022,WEDNESDAY,SINGLE VEHICLE,N,N,49.262296,-124.88563,Y,FEBRUARY,N,PORT ALBERNI,PORT ALBERNI,PORT ALBERNI,N,N,N,VANCOUVER ISLAND,MCCOY LAKE RD # 007592 TO 007699,MCCOY LAKE RD,MCCOY LAKE RD,09:00-11:59,1,0
N,PROPERTY DAMAGE ONLY,\N,N,2022,WEDNESDAY,SINGLE VEHICLE,N,N,49.262941,-123.102003,Y,FEBRUARY,N,VANCOUVER,VANCOUVER,VANCOUVER,Y,N,N,LOWER MAINLAND,E BROADWAY # 000100 TO 000199,E BROADWAY,E BROADWAY,09:00-11:59,1,0
N,PROPERTY DAMAGE ONLY,\N,N,2022,WEDNESDAY,SINGLE VEHICLE,N,N,49.264474,-123.013289,Y,FEBRUARY,N,BURNABY,BURNABY,BURNABY,N,Y,N,LOWER MAINLAND,DAWSON ST # 004100 TO 004199,DAWSON ST,DAWSON ST,09:00-11:59,1,0
N,PROPERTY DAMAGE ONLY,\N,N,2022,WEDNESDAY,SINGLE VEHICLE,N,N,49.26662,-123.077409,Y,FEBRUARY,N,VANCOUVER,VANCOUVER,VANCOUVER,N,Y,N,LOWER MAINLAND,CLARK DR # 002000 TO 002084,CLARK DR,CLARK DR,09:00-11:59,1,0
N,PROPERTY DAMAGE ONLY,\N,N,2022,WEDNESDAY,SINGLE VEHICLE,N,N,49.270214,-123.108021,Y,FEBRUARY,N,VANCOUVER,VANCOUVER,VANCOUVER,N,Y,N,LOWER MAINLAND,W 1ST AVE # 000100 TO 000198 even,W 1ST AVE,W 1ST AVE,09:00-11:59,1,0
N,PROPERTY DAMAGE ONLY,\N,N,2022,WEDNESDAY,SINGLE VEHICLE,N,N,49.271835,-123.098714,Y,FEBRUARY,N,VANCOUVER,VANCOUVER,VANCOUVER,Y,Y,N,LOWER MAINLAND,NORTHERN ST # 000200 TO 000299,NORTHERN ST,NORTHERN ST,09:00-11:59,1,0
N,PROPERTY DAMAGE ONLY,\N,N,2022,WEDNESDAY,SINGLE VEHICLE,N,N,49.273981,-123.101609,Y,FEBRUARY,N,VANCOUVER,VANCOUVER,VANCOUVER,N,Y,N,LOWER MAINLAND,QUEBEC ST # 001100 TO 001398 even,QUEBEC ST,QUEBEC ST,09:00-11:59,1,0
N,PROPERTY DAMAGE ONLY,\N,N,2022,WEDNESDAY,SINGLE VEHICLE,N,N,49.276374,-123.118567,Y,FEBRUARY,N,VANCOUVER,VANCOUVER,VANCOUVER,N,Y,N,LOWER MAINLAND,NELSON ST # 000200 TO 000299,NELSON ST,NELSON ST,09:00-11:59,1,0
N,PROPERTY DAMAGE ONLY,\N,N,2022,WEDNESDAY,SINGLE VEHICLE,N,N,49.279941,-122.786936,Y,FEBRUARY,N,COQUITLAM,COQUITLAM,COQUITLAM,N,Y,N,LOWER MAINLAND,WINDSOR GATE # 003080 TO 003097,WINDSOR GATE,WINDSOR GATE,09:00-11:59,1,0
N,PROPERTY DAMAGE ONLY,\N,N,2022,WEDNESDAY,SINGLE VEHICLE,N,N,49.310813,-123.083687,Y,FEBRUARY,N,NORTH VANCOUVER,NORTH VANCOUVER,NORTH VANCOUVER,N,Y,N,LOWER MAINLAND,CHADWICK CRT # 000130 TO 000199,CHADWICK CRT,CHADWICK CRT,09:00-11:59,1,0
N,PROPERTY DAMAGE ONLY,\N,N,2022,WEDNESDAY,SINGLE VEHICLE,N,N,49.315931,-123.096809,Y,FEBRUARY,N,NORTH VANCOUVER,NORTH VANCOUVER,NORTH VANCOUVER,N,Y,N,LOWER MAINLAND,AUTOMALL DR # 000849 TO 000851 odd,AUTOMALL DR,AUTOMALL DR,09:00-11:59,1,0
N,PROPERTY DAMAGE ONLY,\N,N,2022,WEDNESDAY,SINGLE VEHICLE,N,N,49.325688,-123.141414,Y,FEBRUARY,N,WEST VANCOUVER,WEST VANCOUVER,WEST VANCOUVER,Y,Y,N,LOWER MAINLAND,MAIN ST # 000811 TO 000899,MAIN ST,MAIN ST,09:00-11:59,1,0
N,PROPERTY DAMAGE ONLY,\N,N,2022,WEDNESDAY,SINGLE VEHICLE,N,N,49.325809,-123.139912,Y,FEBRUARY,N,WEST VANCOUVER,WEST VANCOUVER,WEST VANCOUVER,N,Y,N,LOWER MAINLAND,PARK ROYAL SOUTH # 001131 TO 003000,PARK ROYAL SOUTH,PARK ROYAL SOUTH,09:00-11:59,1,0
N,PROPERTY DAMAGE ONLY,\N,N,2022,WEDNESDAY,SINGLE VEHICLE,N,N,49.478498,-120.526883,Y,FEBRUARY,N,PRINCETON,PRINCETON,PRINCETON,Y,Y,N,SOUTHERN INTERIOR,CHINA CREEK RD # 000042 TO 000179,OLD HEDLEY RD,OLD HEDLEY RD,09:00-11:59,1,0
N,PROPERTY DAMAGE ONLY,\N,N,2022,WEDNESDAY,SINGLE VEHICLE,N,N,49.490431,-119.604124,Y,FEBRUARY,N,PENTICTON,PENTICTON,PENTICTON,N,Y,N,SOUTHERN INTERIOR,RAILWAY ST # 000900 TO 000998 even,RAILWAY ST,RAILWAY ST,09:00-11:59,1,0
N,PROPERTY DAMAGE ONLY,\N,N,2022,WEDNESDAY,SINGLE VEHICLE,N,N,49.523895,-115.761296,Y,FEBRUARY,N,CRANBROOK,CRANBROOK,CRANBROOK,N,Y,N,SOUTHERN INTERIOR,INDUSTRIAL RD A # 000400 TO 000419,INDUSTRIAL RD A,INDUSTRIAL RD A,09:00-11:59,1,0
N,PROPERTY DAMAGE ONLY,\N,N,2022,WEDNESDAY,SINGLE VEHICLE,N,N,49.630205,-125.018059,Y,FEBRUARY,N,CUMBERLAND,CUMBERLAND,CUMBERLAND,N,Y,N,VANCOUVER ISLAND,CUMBERLAND RD # 004501 TO 004649,CUMBERLAND RD,CUMBERLAND RD,09:00-11:59,1,0
N,PROPERTY DAMAGE ONLY,\N,N,2022,WEDNESDAY,SINGLE VEHICLE,N,N,49.70823,-124.947535,Y,FEBRUARY,N,COURTENAY,COURTENAY,COURTENAY,N,N,N,VANCOUVER ISLAND,CROWN ISLE DR # 003356 TO 003399,CROWN ISLE DR,CROWN ISLE DR,09:00-11:59,1,0
N,PROPERTY DAMAGE ONLY,\N,N,2022,WEDNESDAY,SINGLE VEHICLE,N,N,49.762691,-125.043911,Y,FEBRUARY,N,COURTENAY,COURTENAY,COURTENAY,N,Y,N,VANCOUVER ISLAND,LEDINGHAM RD # 006000 TO 006229,LEDINGHAM RD,LEDINGHAM RD,09:00-11:59,1,0
N,PROPERTY DAMAGE ONLY,\N,N,2022,WEDNESDAY,SINGLE VEHICLE,N,N,49.883531,-119.495193,Y,FEBRUARY,N,KELOWNA,KELOWNA,KELOWNA,N,N,N,SOUTHERN INTERIOR,HARVEY AVE # 000313 TO 000399 odd,HARVEY AVE,HARVEY AVE,09:00-11:59,1,0
N,PROPERTY DAMAGE ONLY,\N,N,2022,WEDNESDAY,SINGLE VEHICLE,N,N,50.095799,-122.989459,Y,FEBRUARY,N,WHISTLER,WHISTLER,WHISTLER,N,Y,N,LOWER MAINLAND,LONDON LANE # 002000 TO 002029,LONDON LANE,LONDON LANE,09:00-11:59,1,0
N,PROPERTY DAMAGE ONLY,\N,N,2022,WEDNESDAY,SINGLE VEHICLE,N,N,50.279929,-119.266621,Y,FEBRUARY,N,VERNON,VERNON,VERNON,N,Y,N,SOUTHERN INTERIOR,27 ST # 004512 TO 004749,27 ST,27 ST,09:00-11:59,1,0
N,PROPERTY DAMAGE ONLY,\N,N,2022,WEDNESDAY,SINGLE VEHICLE,N,N,50.282967,-119.253553,Y,FEBRUARY,N,VERNON,VERNON,VERNON,N,Y,N,SOUTHERN INTERIOR,PLEASANT VALLEY RD # 004800 TO 005099,PLEASANT VALLEY RD,PLEASANT VALLEY RD,09:00-11:59,1,0
N,PROPERTY DAMAGE ONLY,\N,N,2022,WEDNESDAY,SINGLE VEHICLE,N,N,50.65979,-120.391833,Y,FEBRUARY,N,KAMLOOPS,KAMLOOPS,KAMLOOPS,N,N,N,SOUTHERN INTERIOR,SCOTT PL # 001761 TO 001795 odd,SCOTT PL,SCOTT PL,09:00-11:59,1,0
N,PROPERTY DAMAGE ONLY,\N,N,2022,WEDNESDAY,SINGLE VEHICLE,N,N,50.65979,-120.391833,Y,FEBRUARY,N,KAMLOOPS,KAMLOOPS,KAMLOOPS,N,Y,N,SOUTHERN INTERIOR,SCOTT PL # 001761 TO 001795 odd,SCOTT PL,SCOTT PL,09:00-11:59,1,0
N,PROPERTY DAMAGE ONLY,\N,N,2022,WEDNESDAY,SINGLE VEHICLE,N,N,50.692591,-119.297908,Y,FEBRUARY,N,SALMON ARM,SALMON ARM,SALMON ARM,N,Y,N,SOUTHERN INTERIOR,10 AVE SW # 001000 TO 001200,10 AVE SW,10 AVE SW,09:00-11:59,1,0
N,PROPERTY DAMAGE ONLY,\N,N,2022,WEDNESDAY,SINGLE VEHICLE,N,N,53.861207,-122.781009,Y,FEBRUARY,N,PRINCE GEORGE,PRINCE GEORGE,PRINCE GEORGE,N,N,N,NORTH CENTRAL,ST ANTHONY CRES # 006931 TO 006949 odd,ST ANTHONY CRES,ST ANTHONY CRES,09:00-11:59,1,0
N,PROPERTY DAMAGE ONLY,\N,N,2022,WEDNESDAY,SINGLE VEHICLE,N,N,54.054074,-128.630068,Y,FEBRUARY,N,KITIMAT,KITIMAT,KITIMAT,N,N,N,NORTH CENTRAL,PLOVER ST # 000000 TO 000099,PLOVER ST,PLOVER ST,09:00-11:59,1,0
N,PROPERTY DAMAGE ONLY,\N,N,2022,WEDNESDAY,SINGLE VEHICLE,N,N,54.070384,-124.885191,Y,FEBRUARY,N,FRASER LAKE,FRASER LAKE,FRASER LAKE,N,N,N,NORTH CENTRAL,PROCTOR BAY FRTG # 006560 TO 006579,PROCTOR BAY FRTG,PROCTOR BAY FRTG,09:00-11:59,1,0
N,PROPERTY DAMAGE ONLY,\N,N,2022,WEDNESDAY,SINGLE VEHICLE,Y,N,\N,\N,N,FEBRUARY,N,COQUITLAM,COQUITLAM,\N,N,Y,N,LOWER MAINLAND,UNKNOWN,FALCON DR,FALCON DR,09:00-11:59,1,0
N,PROPERTY DAMAGE ONLY,\N,N,2022,WEDNESDAY,SINGLE VEHICLE,Y,N,\N,\N,N,FEBRUARY,N,NANAIMO,NANAIMO,\N,N,N,N,VANCOUVER ISLAND,UNKNOWN,PARKSVILLE AVE PL,PARKSVILLE AVE PL,09:00-11:59,1,0
N,PROPERTY DAMAGE ONLY,\N,N,2022,WEDNESDAY,SINGLE VEHICLE,Y,N,49.196152,-123.0782,Y,FEBRUARY,N,RICHMOND,RICHMOND,RICHMOND,N,Y,N,LOWER MAINLAND,VULCAN WAY # 013300 TO 013398 even,VULCAN WAY,VULCAN WAY,09:00-11:59,1,0
N,PROPERTY DAMAGE ONLY,\N,N,2022,WEDNESDAY,SINGLE VEHICLE,Y,N,49.281274,-123.117967,Y,FEBRUARY,N,VANCOUVER,VANCOUVER,VANCOUVER,N,Y,N,LOWER MAINLAND,SEYMOUR ST # 000700 TO 000799,SEYMOUR ST,SEYMOUR ST,09:00-11:59,1,0
N,PROPERTY DAMAGE ONLY,\N,N,2022,WEDNESDAY,UNDETERMINED,N,N,\N,\N,N,FEBRUARY,N,CAMPBELL RIVER,CAMPBELL RIVER,\N,N,N,N,VANCOUVER ISLAND,UNKNOWN,Unknown,\N,09:00-11:59,1,0
N,PROPERTY DAMAGE ONLY,\N,N,2022,WEDNESDAY,UNDETERMINED,N,N,\N,\N,N,FEBRUARY,N,COURTENAY,COURTENAY,\N,N,N,N,VANCOUVER ISLAND,UNKNOWN,ISLAND HWY N,ISLAND HWY N,09:00-11:59,1,0
N,PROPERTY DAMAGE ONLY,\N,N,2022,WEDNESDAY,UNDETERMINED,N,N,\N,\N,N,FEBRUARY,N,CRANBROOK,CRANBROOK,\N,N,N,N,SOUTHERN INTERIOR,UNKNOWN,MCPHEE RD,MCPHEE RD,09:00-11:59,1,0
N,PROPERTY DAMAGE ONLY,\N,N,2022,WEDNESDAY,UNDETERMINED,N,N,\N,\N,N,FEBRUARY,N,DELTA,DELTA,\N,Y,Y,N,LOWER MAINLAND,UNKNOWN,CANOE PASS WAY,CANOE PASS WAY,09:00-11:59,1,0
N,PROPERTY DAMAGE ONLY,\N,N,2022,WEDNESDAY,UNDETERMINED,N,N,\N,\N,N,FEBRUARY,N,FERNIE,FERNIE,\N,N,Y,N,SOUTHERN INTERIOR,UNKNOWN,8 AVE,8 AVE,09:00-11:59,1,0
N,PROPERTY DAMAGE ONLY,\N,N,2022,WEDNESDAY,UNDETERMINED,N,N,\N,\N,N,FEBRUARY,N,MAPLE RIDGE,MAPLE RIDGE,\N,Y,N,N,LOWER MAINLAND,UNKNOWN,236A ST,236A ST,09:00-11:59,1,0
N,PROPERTY DAMAGE ONLY,\N,N,2022,WEDNESDAY,UNDETERMINED,N,N,\N,\N,N,FEBRUARY,N,NELSON,NELSON,\N,Y,Y,N,SOUTHERN INTERIOR,UNKNOWN,ELWYN ST,ELWYN ST,09:00-11:59,1,0
N,PROPERTY DAMAGE ONLY,\N,N,2022,WEDNESDAY,UNDETERMINED,N,N,\N,\N,N,FEBRUARY,N,NEW WESTMINSTER,NEW WESTMINSTER,\N,Y,N,N,LOWER MAINLAND,UNKNOWN,FIRST STREET,FIRST STREET,09:00-11:59,1,0
N,PROPERTY DAMAGE ONLY,\N,N,2022,WEDNESDAY,UNDETERMINED,N,N,\N,\N,N,FEBRUARY,N,NORTH VANCOUVER,NORTH VANCOUVER,\N,N,N,N,LOWER MAINLAND,UNKNOWN,W 15TH ST,W 15TH ST,09:00-11:59,1,0
N,PROPERTY DAMAGE ONLY,\N,N,2022,WEDNESDAY,UNDETERMINED,N,N,\N,\N,N,FEBRUARY,N,PORT COQUITLAM,PORT COQUITLAM,\N,Y,N,N,LOWER MAINLAND,UNKNOWN,UNKNOWN,UNKNOWN,09:00-11:59,1,0
N,PROPERTY DAMAGE ONLY,\N,N,2022,WEDNESDAY,UNDETERMINED,N,N,\N,\N,N,FEBRUARY,N,REVELSTOKE,REVELSTOKE,\N,Y,N,N,SOUTHERN INTERIOR,UNKNOWN,8TH ST E,8TH ST E,09:00-11:59,1,0
N,PROPERTY DAMAGE ONLY,\N,N,2022,WEDNESDAY,UNDETERMINED,N,N,\N,\N,N,FEBRUARY,N,RICHMOND,RICHMOND,\N,Y,N,N,LOWER MAINLAND,UNKNOWN,HEATHER ST,HEATHER ST,09:00-11:59,1,0
N,PROPERTY DAMAGE ONLY,\N,N,2022,WEDNESDAY,UNDETERMINED,N,N,\N,\N,N,FEBRUARY,N,SURREY,SURREY,\N,Y,Y,N,LOWER MAINLAND,UNKNOWN,12451,12451,09:00-11:59,1,0
N,PROPERTY DAMAGE ONLY,\N,N,2022,WEDNESDAY,UNDETERMINED,N,N,\N,\N,N,FEBRUARY,N,TELEGRAPH CREEK,TELEGRAPH CREEK,\N,Y,Y,N,NORTH CENTRAL,UNKNOWN,TELEGRAPH CREEK RD,TELEGRAPH CREEK RD,09:00-11:59,1,0
N,PROPERTY DAMAGE ONLY,\N,N,2022,WEDNESDAY,UNDETERMINED,N,N,\N,\N,N,FEBRUARY,N,UNKNOWN,UNKNOWN,\N,N,N,N,UNKNOWN,UNKNOWN,UNKNOWN,UNKNOWN,09:00-11:59,1,0
N,PROPERTY DAMAGE ONLY,\N,N,2022,WEDNESDAY,UNDETERMINED,N,N,\N,\N,N,FEBRUARY,N,VANCOUVER,VANCOUVER,\N,N,N,N,LOWER MAINLAND,UNKNOWN,KING EDWARD AVE,KING EDWARD AVE,09:00-11:59,1,0
N,PROPERTY DAMAGE ONLY,\N,N,2022,WEDNESDAY,UNDETERMINED,N,N,\N,\N,N,FEBRUARY,N,VANCOUVER,VANCOUVER,\N,Y,N,N,LOWER MAINLAND,UNKNOWN,45TH AVE E,45TH AVE E,09:00-11:59,1,0
N,PROPERTY DAMAGE ONLY,\N,N,2022,WEDNESDAY,UNDETERMINED,N,N,\N,\N,N,FEBRUARY,N,VANCOUVER,VANCOUVER,\N,Y,N,N,LOWER MAINLAND,UNKNOWN,LARCH ST,LARCH ST,09:00-11:59,1,0
N,PROPERTY DAMAGE ONLY,\N,N,2022,WEDNESDAY,UNDETERMINED,N,N,\N,\N,N,FEBRUARY,N,VICTORIA,VICTORIA,\N,N,N,N,VANCOUVER ISLAND,UNKNOWN,UNKNOWN,UNKNOWN,09:00-11:59,1,0
N,PROPERTY DAMAGE ONLY,\N,N,2022,WEDNESDAY,UNDETERMINED,N,N,\N,\N,N,FEBRUARY,N,WEST KELOWNA,WEST KELOWNA,\N,Y,N,N,SOUTHERN INTERIOR,UNKNOWN,ANGUS DR,ANGUS DR,09:00-11:59,1,0
N,PROPERTY DAMAGE ONLY,\N,N,2022,WEDNESDAY,UNDETERMINED,N,N,48.410855,-123.333367,Y,FEBRUARY,N,VICTORIA,VICTORIA,VICTORIA,Y,N,N,VANCOUVER ISLAND,ROSS ST # 001650 TO 001699,ROSS ST,ROSS ST,09:00-11:59,1,0
N,PROPERTY DAMAGE ONLY,\N,N,2022,WEDNESDAY,UNDETERMINED,N,N,48.436537,-123.367337,Y,FEBRUARY,N,VICTORIA,VICTORIA,VICTORIA,Y,N,N,VANCOUVER ISLAND,GOVERNMENT ST # 002500 TO 002599,GOVERNMENT ST,GOVERNMENT ST,09:00-11:59,1,0
N,PROPERTY DAMAGE ONLY,\N,N,2022,WEDNESDAY,UNDETERMINED,N,N,48.44164,-123.510888,Y,FEBRUARY,N,LANGFORD,LANGFORD,LANGFORD,Y,Y,N,VANCOUVER ISLAND,JACKLIN RD # 002937 TO 002979,JACKLIN RD,JACKLIN RD,09:00-11:59,1,0
N,PROPERTY DAMAGE ONLY,\N,N,2022,WEDNESDAY,UNDETERMINED,N,N,48.44304,-123.507572,Y,FEBRUARY,N,LANGFORD,LANGFORD,LANGFORD,Y,Y,N,VANCOUVER ISLAND,LANGFORD PKY # 000860 TO 000879,LANGFORD PKY,LANGFORD PKY,09:00-11:59,1,0
N,PROPERTY DAMAGE ONLY,\N,N,2022,WEDNESDAY,UNDETERMINED,N,N,48.446071,-123.506071,Y,FEBRUARY,N,LANGFORD,LANGFORD,LANGFORD,Y,Y,N,VANCOUVER ISLAND,VAN ISLE WAY # 000850 TO 000899,VAN ISLE WAY,VAN ISLE WAY,09:00-11:59,1,0
N,PROPERTY DAMAGE ONLY,\N,N,2022,WEDNESDAY,UNDETERMINED,N,N,48.448906,-123.465094,Y,FEBRUARY,N,COLWOOD,COLWOOD,COLWOOD,Y,Y,N,VANCOUVER ISLAND,ISLAND HWY # 001731 TO 001769 odd,ISLAND HWY,ISLAND HWY,09:00-11:59,1,0
N,PROPERTY DAMAGE ONLY,\N,N,2022,WEDNESDAY,UNDETERMINED,N,N,48.622594,-123.407551,Y,FEBRUARY,N,NORTH SAANICH,NORTH SAANICH,NORTH SAANICH,Y,Y,N,VANCOUVER ISLAND,LOCHSIDE DR # 008792 TO 008911,LOCHSIDE DR,LOCHSIDE DR,09:00-11:59,1,0
N,PROPERTY DAMAGE ONLY,\N,N,2022,WEDNESDAY,UNDETERMINED,N,N,48.690993,-123.537688,Y,FEBRUARY,N,COBBLE HILL,COBBLE HILL,COBBLE HILL,Y,N,N,VANCOUVER ISLAND,SPYGLASS HILL # 003598 TO 003609,SPYGLASS HILL,SPYGLASS HILL,09:00-11:59,1,0
N,PROPERTY DAMAGE ONLY,\N,N,2022,WEDNESDAY,UNDETERMINED,N,N,49.008963,-122.749813,Y,FEBRUARY,N,SURREY,SURREY,SURREY,Y,N,N,LOWER MAINLAND,171 ST # 000310 TO 000399,171 ST,171 ST,09:00-11:59,1,0
N,PROPERTY DAMAGE ONLY,\N,N,2022,WEDNESDAY,UNDETERMINED,N,N,49.050826,-122.337622,Y,FEBRUARY,N,ABBOTSFORD,ABBOTSFORD,ABBOTSFORD,Y,Y,N,LOWER MAINLAND,CLEARBROOK RD # 002650 TO 002699,CLEARBROOK RD,CLEARBROOK RD,09:00-11:59,1,0
N,PROPERTY DAMAGE ONLY,\N,N,2022,WEDNESDAY,UNDETERMINED,N,N,49.051543,-122.327765,Y,FEBRUARY,N,ABBOTSFORD,ABBOTSFORD,ABBOTSFORD,Y,Y,N,LOWER MAINLAND,SOUTH FRASER WAY # 032327 TO 032399,SOUTH FRASER WAY,SOUTH FRASER WAY,09:00-11:59,1,0
N,PROPERTY DAMAGE ONLY,\N,N,2022,WEDNESDAY,UNDETERMINED,N,N,49.062828,-122.357322,Y,FEBRUARY,N,ABBOTSFORD,ABBOTSFORD,ABBOTSFORD,Y,N,N,LOWER MAINLAND,WAGNER DR # 031230 TO 031349,WAGNER DR,WAGNER DR,09:00-11:59,1,0
N,PROPERTY DAMAGE ONLY,\N,N,2022,WEDNESDAY,UNDETERMINED,N,N,49.066141,-122.329971,Y,FEBRUARY,N,ABBOTSFORD,ABBOTSFORD,ABBOTSFORD,Y,N,N,LOWER MAINLAND,ASHCROFT DR # 003470 TO 003599,ASHCROFT DR,ASHCROFT DR,09:00-11:59,1,0
N,PROPERTY DAMAGE ONLY,\N,N,2022,WEDNESDAY,UNDETERMINED,N,N,49.066781,-122.356159,Y,FEBRUARY,N,ABBOTSFORD,ABBOTSFORD,ABBOTSFORD,Y,N,N,LOWER MAINLAND,SUMMIT DR # 003560 TO 003579,SUMMIT DR,SUMMIT DR,09:00-11:59,1,0
N,PROPERTY DAMAGE ONLY,\N,N,2022,WEDNESDAY,UNDETERMINED,N,N,49.121174,-122.73216,Y,FEBRUARY,N,SURREY,SURREY,SURREY,N,Y,N,LOWER MAINLAND,65A AVE # 017661 TO 017749,65A AVE,65A AVE,09:00-11:59,1,0
N,PROPERTY DAMAGE ONLY,\N,N,2022,WEDNESDAY,UNDETERMINED,N,N,49.128424,-122.845663,Y,FEBRUARY,N,SURREY,SURREY,SURREY,N,Y,N,LOWER MAINLAND,KING GEORGE BLVD # 006801 TO 007049 odd,KING GEORGE BLVD,KING GEORGE BLVD,09:00-11:59,1,0
N,PROPERTY DAMAGE ONLY,\N,N,2022,WEDNESDAY,UNDETERMINED,N,N,49.12984,-122.870629,Y,FEBRUARY,N,SURREY,SURREY,SURREY,Y,Y,N,LOWER MAINLAND,70 AVE # 012650 TO 012749,70 AVE,70 AVE,09:00-11:59,1,0
N,PROPERTY DAMAGE ONLY,\N,N,2022,WEDNESDAY,UNDETERMINED,N,N,49.133576,-122.669375,Y,FEBRUARY,N,LANGLEY,LANGLEY,LANGLEY,N,Y,N,LOWER MAINLAND,72 AVE # 019951 TO 019999 odd,72 AVE,72 AVE,09:00-11:59,1,0
N,PROPERTY DAMAGE ONLY,\N,N,2022,WEDNESDAY,UNDETERMINED,N,N,49.134512,-122.845485,Y,FEBRUARY,N,SURREY,SURREY,SURREY,N,Y,N,LOWER MAINLAND,KING GEORGE BLVD # 007200 TO 007298 even,KING GEORGE BLVD,KING GEORGE BLVD,09:00-11:59,1,0
N,PROPERTY DAMAGE ONLY,\N,N,2022,WEDNESDAY,UNDETERMINED,N,N,49.135567,-122.890298,Y,FEBRUARY,N,SURREY,SURREY,SURREY,Y,Y,N,LOWER MAINLAND,120 ST # 007200 TO 007398 even,120 ST,120 ST,09:00-11:59,1,0
N,PROPERTY DAMAGE ONLY,\N,N,2022,WEDNESDAY,UNDETERMINED,N,N,49.136248,-122.314331,Y,FEBRUARY,N,MISSION,MISSION,MISSION,Y,N,N,LOWER MAINLAND,3RD AVE # 032834 TO 032899,3RD AVE,3RD AVE,09:00-11:59,1,0
N,PROPERTY DAMAGE ONLY,\N,N,2022,WEDNESDAY,UNDETERMINED,N,N,49.140794,-121.962222,Y,FEBRUARY,N,CHILLIWACK,CHILLIWACK,CHILLIWACK,Y,Y,N,LOWER MAINLAND,LUCKAKUCK WAY # 045570 TO 045599,LUCKAKUCK WAY,LUCKAKUCK WAY,09:00-11:59,1,0
N,PROPERTY DAMAGE ONLY,\N,N,2022,WEDNESDAY,UNDETERMINED,N,N,49.159662,-122.312188,Y,FEBRUARY,N,MISSION,MISSION,MISSION,Y,N,N,LOWER MAINLAND,DESBRISAY AVE # 032900 TO 032999,DESBRISAY AVE,DESBRISAY AVE,09:00-11:59,1,0
N,PROPERTY DAMAGE ONLY,\N,N,2022,WEDNESDAY,UNDETERMINED,N,N,49.162794,-123.145411,Y,FEBRUARY,N,RICHMOND,RICHMOND,RICHMOND,Y,Y,N,LOWER MAINLAND,GRANVILLE AVE # 007001 TO 007299 odd,GRANVILLE AVE,GRANVILLE AVE,09:00-11:59,1,0
N,PROPERTY DAMAGE ONLY,\N,N,2022,WEDNESDAY,UNDETERMINED,N,N,49.163686,-122.890325,Y,FEBRUARY,N,SURREY,SURREY,SURREY,Y,N,N,LOWER MAINLAND,120 ST # 008800 TO 008852 even,120 ST,120 ST,09:00-11:59,1,0
N,PROPERTY DAMAGE ONLY,\N,N,2022,WEDNESDAY,UNDETERMINED,N,N,49.164658,-122.894614,Y,FEBRUARY,N,DELTA,DELTA,DELTA,Y,N,N,LOWER MAINLAND,118A ST # 008860 TO 008919,118A ST,118A ST,09:00-11:59,1,0
N,PROPERTY DAMAGE ONLY,\N,N,2022,WEDNESDAY,UNDETERMINED,N,N,49.165861,-121.963244,Y,FEBRUARY,N,CHILLIWACK,CHILLIWACK,CHILLIWACK,Y,Y,N,LOWER MAINLAND,MENHOLM RD # 045600 TO 045657,MENHOLM RD,MENHOLM RD,09:00-11:59,1,0
N,PROPERTY DAMAGE ONLY,\N,N,2022,WEDNESDAY,UNDETERMINED,N,N,49.170112,-123.128097,Y,FEBRUARY,N,RICHMOND,RICHMOND,RICHMOND,Y,N,N,LOWER MAINLAND,WESTMINSTER HWY # 008400 TO 008898 even,WESTMINSTER HWY,WESTMINSTER HWY,09:00-11:59,1,0
N,PROPERTY DAMAGE ONLY,\N,N,2022,WEDNESDAY,UNDETERMINED,N,N,49.173565,-123.076607,Y,FEBRUARY,N,RICHMOND,RICHMOND,RICHMOND,Y,Y,N,LOWER MAINLAND,PARKWOOD CRES # 005600 TO 005680 even,PARKWOOD CRES,PARKWOOD CRES,09:00-11:59,1,0
N,PROPERTY DAMAGE ONLY,\N,N,2022,WEDNESDAY,UNDETERMINED,N,N,49.177397,-123.13784,Y,FEBRUARY,N,RICHMOND,RICHMOND,RICHMOND,Y,Y,N,LOWER MAINLAND,ALDERBRIDGE WAY # 007871 TO 007999 odd,ALDERBRIDGE WAY,ALDERBRIDGE WAY,09:00-11:59,1,0
N,PROPERTY DAMAGE ONLY,\N,N,2022,WEDNESDAY,UNDETERMINED,N,N,49.185881,-123.10912,Y,FEBRUARY,N,RICHMOND,RICHMOND,RICHMOND,N,Y,N,LOWER MAINLAND,ST EDWARDS DR # 010212 TO 010551,ST EDWARDS DR,ST EDWARDS DR,09:00-11:59,1,0
N,PROPERTY DAMAGE ONLY,\N,N,2022,WEDNESDAY,UNDETERMINED,N,N,49.187003,-122.845527,Y,FEBRUARY,N,SURREY,SURREY,SURREY,Y,Y,N,LOWER MAINLAND,KING GEORGE BLVD # 010153 TO 010199 odd,KING GEORGE BLVD,KING GEORGE BLVD,09:00-11:59,1,0
N,PROPERTY DAMAGE ONLY,\N,N,2022,WEDNESDAY,UNDETERMINED,N,N,49.209437,-122.885388,Y,FEBRUARY,N,SURREY,SURREY,SURREY,Y,Y,N,LOWER MAINLAND,MUSQUEAM DR # 012000 TO 012302,MUSQUEAM DR,MUSQUEAM DR,09:00-11:59,1,0
N,PROPERTY DAMAGE ONLY,\N,N,2022,WEDNESDAY,UNDETERMINED,N,N,49.210462,-123.116122,Y,FEBRUARY,N,VANCOUVER,VANCOUVER,VANCOUVER,Y,Y,N,LOWER MAINLAND,SW MARINE DR # 000400 TO 000498 even,SW MARINE DR,SW MARINE DR,09:00-11:59,1,0
N,PROPERTY DAMAGE ONLY,\N,N,2022,WEDNESDAY,UNDETERMINED,N,N,49.214895,-123.095703,Y,FEBRUARY,N,VANCOUVER,VANCOUVER,VANCOUVER,Y,N,N,LOWER MAINLAND,E 61ST AVE # 000422 TO 000499,E 61ST AVE,E 61ST AVE,09:00-11:59,1,0
N,PROPERTY DAMAGE ONLY,\N,N,2022,WEDNESDAY,UNDETERMINED,N,N,49.218542,-122.894862,Y,FEBRUARY,N,NEW WESTMINSTER,NEW WESTMINSTER,NEW WESTMINSTER,Y,N,N,LOWER MAINLAND,GOVERNORS CRT # 000300 TO 000323,GOVERNORS CRT,GOVERNORS CRT,09:00-11:59,1,0
N,PROPERTY DAMAGE ONLY,\N,N,2022,WEDNESDAY,UNDETERMINED,N,N,49.22022,-122.599485,Y,FEBRUARY,N,MAPLE RIDGE,MAPLE RIDGE,MAPLE RIDGE,Y,Y,N,LOWER MAINLAND,HANEY PL # 011995 TO 011999 odd,HANEY PL,HANEY PL,09:00-11:59,1,0
N,PROPERTY DAMAGE ONLY,\N,N,2022,WEDNESDAY,UNDETERMINED,N,N,49.225132,-122.578016,Y,FEBRUARY,N,MAPLE RIDGE,MAPLE RIDGE,MAPLE RIDGE,Y,N,N,LOWER MAINLAND,122B AVE # 023200 TO 023249,122B AVE,122B AVE,09:00-11:59,1,0
N,PROPERTY DAMAGE ONLY,\N,N,2022,WEDNESDAY,UNDETERMINED,N,N,49.226156,-122.955637,Y,FEBRUARY,N,BURNABY,BURNABY,BURNABY,Y,N,N,LOWER MAINLAND,MALVERN AVE # 006500 TO 006569,MALVERN AVE,MALVERN AVE,09:00-11:59,1,0
N,PROPERTY DAMAGE ONLY,\N,N,2022,WEDNESDAY,UNDETERMINED,N,N,49.234766,-123.183678,Y,FEBRUARY,N,VANCOUVER,VANCOUVER,VANCOUVER,Y,Y,N,LOWER MAINLAND,W 41ST AVE # 003500 TO 003599,W 41ST AVE,W 41ST AVE,09:00-11:59,1,0
N,PROPERTY DAMAGE ONLY,\N,N,2022,WEDNESDAY,UNDETERMINED,N,N,49.238632,-123.00216,Y,FEBRUARY,N,BURNABY,BURNABY,BURNABY,Y,N,N,LOWER MAINLAND,GRASSMERE ST # 004538 TO 004558,GRASSMERE ST,GRASSMERE ST,09:00-11:59,1,0
N,PROPERTY DAMAGE ONLY,\N,N,2022,WEDNESDAY,UNDETERMINED,N,N,49.238717,-122.875394,Y,FEBRUARY,N,COQUITLAM,COQUITLAM,COQUITLAM,Y,Y,N,LOWER MAINLAND,GAUTHIER AVE # 000800 TO 000877,GAUTHIER AVE,GAUTHIER AVE,09:00-11:59,1,0
N,PROPERTY DAMAGE ONLY,\N,N,2022,WEDNESDAY,UNDETERMINED,N,N,49.254751,-122.846459,Y,FEBRUARY,N,COQUITLAM,COQUITLAM,COQUITLAM,N,Y,N,LOWER MAINLAND,POIRIER ST # 000600 TO 000645,POIRIER ST,POIRIER ST,09:00-11:59,1,0
N,PROPERTY DAMAGE ONLY,\N,N,2022,WEDNESDAY,UNDETERMINED,N,N,49.257278,-122.746598,Y,FEBRUARY,N,PORT COQUITLAM,PORT COQUITLAM,PORT COQUITLAM,Y,Y,N,LOWER MAINLAND,OTTAWA ST # 002350 TO 002389,OTTAWA ST,OTTAWA ST,09:00-11:59,1,0
N,PROPERTY DAMAGE ONLY,\N,N,2022,WEDNESDAY,UNDETERMINED,N,N,49.263539,-123.134904,Y,FEBRUARY,N,VANCOUVER,VANCOUVER,VANCOUVER,Y,Y,N,LOWER MAINLAND,W BROADWAY # 001300 TO 001399,W BROADWAY,W BROADWAY,09:00-11:59,1,0
N,PROPERTY DAMAGE ONLY,\N,N,2022,WEDNESDAY,UNDETERMINED,N,N,49.264354,-123.092009,Y,FEBRUARY,N,VANCOUVER,VANCOUVER,VANCOUVER,Y,N,N,LOWER MAINLAND,E 7TH AVE # 000500 TO 000599,E 7TH AVE,E 7TH AVE,09:00-11:59,1,0
N,PROPERTY DAMAGE ONLY,\N,N,2022,WEDNESDAY,UNDETERMINED,N,N,49.279862,-122.828356,Y,FEBRUARY,N,PORT MOODY,PORT MOODY,PORT MOODY,N,Y,N,LOWER MAINLAND,BREW ST # 000100 TO 000199,BREW ST,BREW ST,09:00-11:59,1,0
N,PROPERTY DAMAGE ONLY,\N,N,2022,WEDNESDAY,UNDETERMINED,N,N,49.283726,-122.809269,Y,FEBRUARY,N,COQUITLAM,COQUITLAM,COQUITLAM,N,Y,N,LOWER MAINLAND,LANSDOWNE DR # 001182 TO 001199,LANSDOWNE DR,LANSDOWNE DR,09:00-11:59,1,0
N,PROPERTY DAMAGE ONLY,\N,N,2022,WEDNESDAY,UNDETERMINED,N,N,49.28449,-123.016191,Y,FEBRUARY,N,BURNABY,BURNABY,BURNABY,Y,Y,N,LOWER MAINLAND,MACDONALD AVE # 000000 TO 000049,MACDONALD AVE,MACDONALD AVE,09:00-11:59,1,0
N,PROPERTY DAMAGE ONLY,\N,N,2022,WEDNESDAY,UNDETERMINED,N,N,49.289151,-122.803523,Y,FEBRUARY,N,COQUITLAM,COQUITLAM,COQUITLAM,N,Y,N,LOWER MAINLAND,STANLEY PL # 002850 TO 002889,STANLEY PL,STANLEY PL,09:00-11:59,1,0
N,PROPERTY DAMAGE ONLY,\N,N,2022,WEDNESDAY,UNDETERMINED,N,N,49.305892,-122.970169,Y,FEBRUARY,N,NORTH VANCOUVER,NORTH VANCOUVER,NORTH VANCOUVER,Y,Y,N,LOWER MAINLAND,WINDCREST DR # 003613 TO 003625 odd,WINDCREST DR,WINDCREST DR,09:00-11:59,1,0
N,PROPERTY DAMAGE ONLY,\N,N,2022,WEDNESDAY,UNDETERMINED,N,N,49.313558,-123.006254,Y,FEBRUARY,N,NORTH VANCOUVER,NORTH VANCOUVER,NORTH VANCOUVER,Y,N,N,LOWER MAINLAND,BROWNING PL # 000814 TO 000897,BROWNING PL,BROWNING PL,09:00-11:59,1,0
N,PROPERTY DAMAGE ONLY,\N,N,2022,WEDNESDAY,UNDETERMINED,N,N,49.334149,-123.088114,Y,FEBRUARY,N,NORTH VANCOUVER,NORTH VANCOUVER,NORTH VANCOUVER,Y,N,N,LOWER MAINLAND,WESTVIEW DR # 002640 TO 002699,WESTVIEW DR,WESTVIEW DR,09:00-11:59,1,0
N,PROPERTY DAMAGE ONLY,\N,N,2022,WEDNESDAY,UNDETERMINED,N,N,49.334849,-123.08811,Y,FEBRUARY,N,NORTH VANCOUVER,NORTH VANCOUVER,NORTH VANCOUVER,N,N,N,LOWER MAINLAND,WESTVIEW DR # 002700 TO 002799,WESTVIEW DR,WESTVIEW DR,09:00-11:59,1,0
N,PROPERTY DAMAGE ONLY,\N,N,2022,WEDNESDAY,UNDETERMINED,N,N,49.336523,-123.076919,Y,FEBRUARY,N,NORTH VANCOUVER,NORTH VANCOUVER,NORTH VANCOUVER,Y,N,N,LOWER MAINLAND,W QUEENS RD # 000200 TO 000369,W QUEENS RD,W QUEENS RD,09:00-11:59,1,0
N,PROPERTY DAMAGE ONLY,\N,N,2022,WEDNESDAY,UNDETERMINED,N,N,49.674605,-124.905555,Y,FEBRUARY,N,COMOX,COMOX,COMOX,N,N,N,VANCOUVER ISLAND,LAZO RD # 001200 TO 001379,LAZO RD,LAZO RD,09:00-11:59,1,0
N,PROPERTY DAMAGE ONLY,\N,N,2022,WEDNESDAY,UNDETERMINED,N,N,49.791537,-119.526112,Y,FEBRUARY,N,KELOWNA,KELOWNA,KELOWNA,Y,Y,N,SOUTHERN INTERIOR,STELLAR DR # 000291 TO 000320,STELLAR DR,STELLAR DR,09:00-11:59,1,0
N,PROPERTY DAMAGE ONLY,\N,N,2022,WEDNESDAY,UNDETERMINED,N,N,49.842088,-119.609973,Y,FEBRUARY,N,WEST KELOWNA,WEST KELOWNA,WEST KELOWNA,N,Y,N,SOUTHERN INTERIOR,LOUIE DR # 002072 TO 002179,LOUIE DR,LOUIE DR,09:00-11:59,1,0
N,PROPERTY DAMAGE ONLY,\N,N,2022,WEDNESDAY,UNDETERMINED,N,N,49.860144,-119.583678,Y,FEBRUARY,N,WEST KELOWNA,WEST KELOWNA,WEST KELOWNA,N,Y,N,SOUTHERN INTERIOR,RIFFINGTON PL # 002680 TO 002751,RIFFINGTON PL,RIFFINGTON PL,09:00-11:59,1,0
N,PROPERTY DAMAGE ONLY,\N,N,2022,WEDNESDAY,UNDETERMINED,N,N,49.862845,-119.488243,Y,FEBRUARY,N,KELOWNA,KELOWNA,KELOWNA,Y,Y,N,SOUTHERN INTERIOR,RICHTER ST # 002850 TO 003099,RICHTER ST,RICHTER ST,09:00-11:59,1,0
N,PROPERTY DAMAGE ONLY,\N,N,2022,WEDNESDAY,UNDETERMINED,N,N,49.896394,-119.455522,Y,FEBRUARY,N,KELOWNA,KELOWNA,KELOWNA,Y,Y,N,SOUTHERN INTERIOR,MOUNTAIN AVE # 001800 TO 001899,MOUNTAIN AVE,MOUNTAIN AVE,09:00-11:59,1,0
N,PROPERTY DAMAGE ONLY,\N,N,2022,WEDNESDAY,UNDETERMINED,N,N,50.008344,-125.266013,Y,FEBRUARY,N,CAMPBELL RIVER,CAMPBELL RIVER,CAMPBELL RIVER,N,N,N,VANCOUVER ISLAND,PETERSEN RD # 000000 TO 000099,PETERSEN RD,PETERSEN RD,09:00-11:59,1,0
N,PROPERTY DAMAGE ONLY,\N,N,2022,WEDNESDAY,UNDETERMINED,N,N,50.256972,-119.264097,Y,FEBRUARY,N,VERNON,VERNON,VERNON,Y,Y,N,SOUTHERN INTERIOR,HWY 6 # 002300 TO 002379,HWY 6,HWY 6,09:00-11:59,1,0
N,PROPERTY DAMAGE ONLY,\N,N,2022,WEDNESDAY,UNDETERMINED,N,N,50.273695000000004,-119.279744,Y,FEBRUARY,N,VERNON,VERNON,VERNON,Y,Y,N,SOUTHERN INTERIOR,35 ST # 004204 TO 004209,35 ST,35 ST,09:00-11:59,1,0
N,PROPERTY DAMAGE ONLY,\N,N,2022,WEDNESDAY,UNDETERMINED,N,N,50.564216,-119.365617,Y,FEBRUARY,N,SALMON ARM,SALMON ARM,SALMON ARM,Y,N,N,SOUTHERN INTERIOR,YANKEE FLATS RD # 001516 TO 001545,YANKEE FLATS RD,YANKEE FLATS RD,09:00-11:59,1,0
N,PROPERTY DAMAGE ONLY,\N,N,2022,WEDNESDAY,UNDETERMINED,N,N,50.655098,-120.337731,Y,FEBRUARY,N,KAMLOOPS,KAMLOOPS,KAMLOOPS,Y,N,N,SOUTHERN INTERIOR,WHITESHIELD CRES S # 000000 TO 000053,WHITESHIELD CRES S,WHITESHIELD CRES S,09:00-11:59,1,0
N,PROPERTY DAMAGE ONLY,\N,N,2022,WEDNESDAY,UNDETERMINED,N,N,50.696609,-119.264551,Y,FEBRUARY,N,SALMON ARM,SALMON ARM,SALMON ARM,Y,N,N,SOUTHERN INTERIOR,18 ST SE # 000300 TO 000699,18 ST SE,18 ST SE,09:00-11:59,1,0
N,PROPERTY DAMAGE ONLY,\N,N,2022,WEDNESDAY,UNDETERMINED,N,N,50.697053,-120.360994,Y,FEBRUARY,N,KAMLOOPS,KAMLOOPS,KAMLOOPS,Y,Y,N,SOUTHERN INTERIOR,TRANQUILLE RD # 000670 TO 000708 even,TRANQUILLE RD,TRANQUILLE RD,09:00-11:59,1,0
N,PROPERTY DAMAGE ONLY,\N,N,2022,WEDNESDAY,UNDETERMINED,N,N,50.698118,-120.362208,Y,FEBRUARY,N,KAMLOOPS,KAMLOOPS,KAMLOOPS,Y,Y,N,SOUTHERN INTERIOR,TRANQUILLE RD # 000710 TO 000768 even,TRANQUILLE RD,TRANQUILLE RD,09:00-11:59,1,0
N,PROPERTY DAMAGE ONLY,\N,N,2022,WEDNESDAY,UNDETERMINED,N,N,52.123204,-122.131075,Y,FEBRUARY,N,WILLIAMS LAKE,WILLIAMS LAKE,WILLIAMS LAKE,Y,Y,N,NORTH CENTRAL,MACKENZIE AVE S # 000850 TO 000873,MACKENZIE AVE S,MACKENZIE AVE S,09:00-11:59,1,0
N,PROPERTY DAMAGE ONLY,\N,N,2022,WEDNESDAY,UNDETERMINED,N,N,52.124737,-122.125545,Y,FEBRUARY,N,WILLIAMS LAKE,WILLIAMS LAKE,WILLIAMS LAKE,Y,Y,N,NORTH CENTRAL,MACKENZIE AVE S # 000960 TO 001149,MACKENZIE AVE S,MACKENZIE AVE S,09:00-11:59,1,0
N,PROPERTY DAMAGE ONLY,\N,N,2022,WEDNESDAY,UNDETERMINED,N,N,53.023465,-122.480273,Y,FEBRUARY,N,QUESNEL,QUESNEL,QUESNEL,Y,N,N,NORTH CENTRAL,MYSTIC AVE # 003970 TO 004099,MYSTIC AVE,MYSTIC AVE,09:00-11:59,1,0
N,PROPERTY DAMAGE ONLY,\N,N,2022,WEDNESDAY,UNDETERMINED,N,N,53.858332,-122.813452,Y,FEBRUARY,N,PRINCE GEORGE,PRINCE GEORGE,PRINCE GEORGE,Y,Y,N,NORTH CENTRAL,HWY 16 FRTG W # 004200 TO 004299,BEAR RD,BEAR RD,09:00-11:59,1,0
N,PROPERTY DAMAGE ONLY,\N,N,2022,WEDNESDAY,UNDETERMINED,N,N,53.899621,-122.784014,Y,FEBRUARY,N,PRINCE GEORGE,PRINCE GEORGE,PRINCE GEORGE,Y,Y,N,NORTH CENTRAL,MASSEY DR # 003300 TO 003498 even,MASSEY DR,MASSEY DR,09:00-11:59,1,0
N,PROPERTY DAMAGE ONLY,\N,N,2022,WEDNESDAY,UNDETERMINED,N,N,54.516175,-128.608186,Y,FEBRUARY,N,TERRACE,TERRACE,TERRACE,N,Y,N,NORTH CENTRAL,HWY 16 W # 004900 TO 004934,HWY 16,HWY 16,09:00-11:59,1,0
N,PROPERTY DAMAGE ONLY,\N,N,2022,WEDNESDAY,UNDETERMINED,N,N,54.622781,-126.856248,Y,FEBRUARY,N,TELKWA,TELKWA,TELKWA,N,N,N,NORTH CENTRAL,QUICK SCHOOL RD # 018100 TO 018645,QUICK SCHOOL RD,QUICK SCHOOL RD,09:00-11:59,1,0
N,PROPERTY DAMAGE ONLY,\N,N,2022,WEDNESDAY,UNDETERMINED,N,N,54.786584,-127.162276,Y,FEBRUARY,N,SMITHERS,SMITHERS,SMITHERS,Y,N,N,NORTH CENTRAL,9TH AVE # 004026 TO 004099,9TH AVE,9TH AVE,09:00-11:59,1,0
N,PROPERTY DAMAGE ONLY,\N,N,2022,WEDNESDAY,UNDETERMINED,N,N,54.882081,-126.209823,Y,FEBRUARY,N,GRANISLE,GRANISLE,GRANISLE,N,N,N,NORTH CENTRAL,FULTON ST # 000037 TO 000052,FULTON ST,FULTON ST,09:00-11:59,1,0
N,PROPERTY DAMAGE ONLY,\N,N,2022,WEDNESDAY,UNDETERMINED,Y,N,\N,\N,N,FEBRUARY,N,CRANBROOK,CRANBROOK,\N,N,N,N,SOUTHERN INTERIOR,UNKNOWN,HWY 95,HWY 95,09:00-11:59,1,0
N,PROPERTY DAMAGE ONLY,\N,N,2022,WEDNESDAY,UNDETERMINED,Y,N,\N,\N,N,FEBRUARY,N,MAPLE RIDGE,MAPLE RIDGE,\N,Y,N,N,LOWER MAINLAND,UNKNOWN,MIER DRIVE,MIER DRIVE,09:00-11:59,1,0
N,PROPERTY DAMAGE ONLY,\N,N,2022,WEDNESDAY,UNDETERMINED,Y,N,\N,\N,N,FEBRUARY,N,PORT ALBERNI,PORT ALBERNI,\N,N,N,N,VANCOUVER ISLAND,UNKNOWN,MAPLE WAY,MAPLE WAY,09:00-11:59,1,0
N,PROPERTY DAMAGE ONLY,\N,N,2022,WEDNESDAY,UNDETERMINED,Y,N,49.160417,-122.958621,Y,FEBRUARY,N,DELTA,DELTA,DELTA,Y,N,N,LOWER MAINLAND,EBURY PL # 000500 TO 000699,EBURY PL,EBURY PL,09:00-11:59,1,0
N,PROPERTY DAMAGE ONLY,\N,N,2022,WEDNESDAY,UNDETERMINED,Y,N,49.210862,-123.106649,Y,FEBRUARY,N,VANCOUVER,VANCOUVER,VANCOUVER,Y,Y,N,LOWER MAINLAND,ONTARIO ST # 008000 TO 008299,ONTARIO ST,ONTARIO ST,09:00-11:59,1,0
N,PROPERTY DAMAGE ONLY,\N,N,2022,WEDNESDAY,UNDETERMINED,Y,N,49.22159,-122.978239,Y,FEBRUARY,N,BURNABY,BURNABY,BURNABY,N,Y,N,LOWER MAINLAND,KINGSWAY # 005800 TO 005965,KINGSWAY,KINGSWAY,09:00-11:59,1,0
N,PROPERTY DAMAGE ONLY,\N,N,2022,WEDNESDAY,UNDETERMINED,Y,N,49.260808,-122.988987,Y,FEBRUARY,N,BURNABY,BURNABY,BURNABY,Y,Y,N,LOWER MAINLAND,STILL CREEK AVE # 004900 TO 005499,STILL CREEK AVE,STILL CREEK AVE,09:00-11:59,1,0
N,PROPERTY DAMAGE ONLY,\N,N,2022,WEDNESDAY,UNDETERMINED,Y,N,49.837992,-119.609494,Y,FEBRUARY,N,WEST KELOWNA,WEST KELOWNA,WEST KELOWNA,N,N,N,SOUTHERN INTERIOR,CARRINGTON RD # 003480 TO 003519,CARRINGTON RD,CARRINGTON RD,09:00-11:59,1,0
N,PROPERTY DAMAGE ONLY,\N,N,2022,WEDNESDAY,UNDETERMINED,Y,N,49.947421,-119.426961,Y,FEBRUARY,N,KELOWNA,KELOWNA,KELOWNA,N,Y,N,SOUTHERN INTERIOR,GLENMORE RD N # 001427 TO 001518,GLENMORE RD N,GLENMORE RD N,09:00-11:59,1,0
N,PROPERTY DAMAGE ONLY,\N,N,2022,WEDNESDAY,UNDETERMINED,Y,N,50.337193,-119.245502,Y,FEBRUARY,N,VERNON,VERNON,VERNON,Y,N,N,SOUTHERN INTERIOR,HIGHLAND PL # 008100 TO 008129,HIGHLAND PL,HIGHLAND PL,09:00-11:59,1,0
N,PROPERTY DAMAGE ONLY,100 AVE,N,2022,WEDNESDAY,UNDETERMINED,Y,Y,49.18428,-122.843225,N,FEBRUARY,N,SURREY,SURREY,SURREY,N,N,N,LOWER MAINLAND,100 AVE & WHALLEY BLVD,WHALLEY BLVD,WHALLEY BLVD,09:00-11:59,1,0
N,PROPERTY DAMAGE ONLY,102A AVE,N,2022,WEDNESDAY,UNDETERMINED,N,Y,49.188742,-122.800921,N,FEBRUARY,N,SURREY,SURREY,SURREY,Y,Y,N,LOWER MAINLAND,102A AVE & 152 ST & MALL ACCESS,152 ST,152 ST,09:00-11:59,1,0
N,PROPERTY DAMAGE ONLY,104 AVE,N,2022,WEDNESDAY,REAR END,N,Y,49.191498,-122.800899,N,FEBRUARY,N,SURREY,SURREY,SURREY,N,N,N,LOWER MAINLAND,104 AVE & 152 ST,152 ST,152 ST,09:00-11:59,1,0
N,PROPERTY DAMAGE ONLY,10TH AVE,N,2022,WEDNESDAY,CONFLICTED,N,Y,49.241838,-124.797831,N,FEBRUARY,N,PORT ALBERNI,PORT ALBERNI,PORT ALBERNI,N,N,N,VANCOUVER ISLAND,10TH AVE & BURDE ST,BURDE ST,BURDE ST,09:00-11:59,1,0
N,PROPERTY DAMAGE ONLY,12TH AVE,N,2022,WEDNESDAY,UNDETERMINED,N,Y,49.21483,-122.939881,N,FEBRUARY,N,BURNABY,BURNABY,BURNABY,N,Y,N,LOWER MAINLAND,12TH AVE & KINGSWAY,KINGSWAY,KINGSWAY,09:00-11:59,1,0
N,PROPERTY DAMAGE ONLY,14 ST,N,2022,WEDNESDAY,UNDETERMINED,N,N,\N,\N,N,FEBRUARY,N,UNKNOWN,UNKNOWN,\N,N,N,N,UNKNOWN,UNKNOWN,17 AVE,17 AVE,09:00-11:59,1,0
N,PROPERTY DAMAGE ONLY,148 ST,N,2022,WEDNESDAY,SIDE IMPACT,N,Y,49.199759,-122.812553,N,FEBRUARY,N,SURREY,SURREY,SURREY,N,Y,N,LOWER MAINLAND,108A AVE & 148 ST,108A AVE,108A AVE,09:00-11:59,1,0
N,PROPERTY DAMAGE ONLY,152 ST,N,2022,WEDNESDAY,REAR END,N,Y,49.191498,-122.800899,N,FEBRUARY,N,SURREY,SURREY,SURREY,N,N,N,LOWER MAINLAND,104 AVE & 152 ST,104 AVE,104 AVE,09:00-11:59,1,0
N,PROPERTY DAMAGE ONLY,152 ST,N,2022,WEDNESDAY,SIDE SWIPE - OPPOSITE DIRECTION,N,Y,49.104433,-122.801032,N,FEBRUARY,N,SURREY,SURREY,SURREY,N,N,N,LOWER MAINLAND,152 ST & 56 AVE,HWY 10,HWY 10,09:00-11:59,1,0
N,PROPERTY DAMAGE ONLY,152 ST OFFRAMP,N,2022,WEDNESDAY,SIDE SWIPE - SAME DIRECTION,N,Y,49.20134,-122.797928,N,FEBRUARY,N,SURREY,SURREY,SURREY,N,N,N,LOWER MAINLAND,152 ST OFFRAMP & 152 ST ONRAMP & TRANS-CANADA HWY,HWY 1,HWY 1,09:00-11:59,1,0
N,PROPERTY DAMAGE ONLY,156 ST,N,2022,WEDNESDAY,REAR END,N,Y,49.045591,-122.79019,N,FEBRUARY,N,SURREY,SURREY,SURREY,N,N,N,LOWER MAINLAND,156 ST & 24 AVE,24 AVE,24 AVE,09:00-11:59,1,0
N,PROPERTY DAMAGE ONLY,158 ST,N,2022,WEDNESDAY,SINGLE VEHICLE,N,Y,49.155422,-122.784423,N,FEBRUARY,N,SURREY,SURREY,SURREY,N,N,N,LOWER MAINLAND,158 ST & 84 AVE & VENTURE WAY,84 AVE,84 AVE,09:00-11:59,1,0
N,PROPERTY DAMAGE ONLY,15TH AVE,N,2022,WEDNESDAY,UNDETERMINED,Y,Y,53.910495,-122.754973,N,FEBRUARY,N,PRINCE GEORGE,PRINCE GEORGE,PRINCE GEORGE,N,N,N,NORTH CENTRAL,15TH AVE & PATRICIA BLVD & VICTORIA ST & TURNING LANE,VICTORIA ST,VICTORIA ST,09:00-11:59,1,0
N,PROPERTY DAMAGE ONLY,1ST AVE,N,2022,WEDNESDAY,REAR TO REAR,N,Y,50.67361,-120.338967,N,FEBRUARY,N,KAMLOOPS,KAMLOOPS,KAMLOOPS,Y,N,N,SOUTHERN INTERIOR,1ST AVE & BATTLE ST & BATTLE ST W,BATTLE ST,BATTLE ST,09:00-11:59,1,0
N,PROPERTY DAMAGE ONLY,202 RD,N,2022,WEDNESDAY,UNDETERMINED,N,Y,55.664989,-120.14677,N,FEBRUARY,N,POUCE COUPE,POUCE COUPE,POUCE COUPE,N,N,N,NORTH CENTRAL,202 RD & 211 RD,211 RD,211 RD,09:00-11:59,1,0
N,PROPERTY DAMAGE ONLY,203 ST,N,2022,WEDNESDAY,SIDE IMPACT,N,Y,49.105522,-122.660161,N,FEBRUARY,N,LANGLEY,LANGLEY,LANGLEY,N,N,N,LOWER MAINLAND,203 ST & FRASER HWY,FRASER HWY,FRASER HWY,09:00-11:59,1,0
N,PROPERTY DAMAGE ONLY,31 AVE,N,2022,WEDNESDAY,CONFLICTED,N,Y,50.264579,-119.279108,N,FEBRUARY,N,VERNON,VERNON,VERNON,N,N,N,SOUTHERN INTERIOR,31 AVE & 35 ST,35 ST,35 ST,09:00-11:59,1,0
N,PROPERTY DAMAGE ONLY,36 AVE,N,2022,WEDNESDAY,UNDETERMINED,N,Y,49.067343,-122.795718,N,FEBRUARY,N,SURREY,SURREY,SURREY,N,N,N,LOWER MAINLAND,154 ST & 36 AVE & ROSEMARY HEIGHTS CRES,154 ST,154 ST,09:00-11:59,1,0
N,PROPERTY DAMAGE ONLY,5TH AVE,N,2022,WEDNESDAY,REAR TO REAR,N,Y,49.380884,-121.437901,N,FEBRUARY,N,HOPE,HOPE,HOPE,N,N,N,LOWER MAINLAND,5TH AVE & WALLACE ST,WALLACE ST,WALLACE ST,09:00-11:59,1,0
N,PROPERTY DAMAGE ONLY,64 AVE,N,2022,WEDNESDAY,REAR END,N,Y,49.118619,-122.514897,N,FEBRUARY,N,LANGLEY,LANGLEY,LANGLEY,N,N,N,LOWER MAINLAND,256 ST & 64 AVE,256 ST,256 ST,09:00-11:59,1,0
N,PROPERTY DAMAGE ONLY,66 AVE,N,2022,WEDNESDAY,CONFLICTED,Y,Y,49.122644,-122.668533,N,FEBRUARY,N,LANGLEY,LANGLEY,LANGLEY,N,N,N,LOWER MAINLAND,200 ST & 66 AVE & WILLOUGHBY WAY,200 ST,200 ST,09:00-11:59,1,0
N,PROPERTY DAMAGE ONLY,68 AVE,N,2022,WEDNESDAY,REAR END,Y,Y,49.126361,-122.801063,N,FEBRUARY,N,SURREY,SURREY,SURREY,N,N,N,LOWER MAINLAND,152 ST & 68 AVE,152 ST,152 ST,09:00-11:59,1,0
N,PROPERTY DAMAGE ONLY,72 AVE,N,2022,WEDNESDAY,SINGLE VEHICLE,N,Y,49.133236,-122.645714,N,FEBRUARY,N,LANGLEY,LANGLEY,LANGLEY,N,Y,N,LOWER MAINLAND,208 ST & 72 AVE & TURNING LANE,208 ST,208 ST,09:00-11:59,1,0
N,PROPERTY DAMAGE ONLY,7TH AVE,N,2022,WEDNESDAY,SIDE SWIPE - OPPOSITE DIRECTION,N,Y,50.677939,-120.323077,N,FEBRUARY,N,KAMLOOPS,KAMLOOPS,KAMLOOPS,N,N,N,SOUTHERN INTERIOR,7TH AVE & LORNE ST,LORNE ST,LORNE ST,09:00-11:59,1,0
N,PROPERTY DAMAGE ONLY,80 AVE,N,2022,WEDNESDAY,SINGLE VEHICLE,N,Y,49.148069,-122.651344,N,FEBRUARY,N,LANGLEY,LANGLEY,LANGLEY,N,N,N,LOWER MAINLAND,206 ST & 80 AVE,206 ST,206 ST,09:00-11:59,1,0
N,PROPERTY DAMAGE ONLY,80 AVE,N,2022,WEDNESDAY,UNDETERMINED,N,Y,49.14815,-122.845687,N,FEBRUARY,N,SURREY,SURREY,SURREY,N,N,N,LOWER MAINLAND,80 AVE & KING GEORGE BLVD & TURNING LANE,KING GEORGE BLVD,KING GEORGE BLVD,09:00-11:59,1,0
N,PROPERTY DAMAGE ONLY,85 AVE,N,2022,WEDNESDAY,SIDE SWIPE - SAME DIRECTION,N,Y,56.231819,-120.821132,N,FEBRUARY,N,FORT ST. JOHN,FORT ST. JOHN,FORT ST. JOHN,N,N,N,NORTH CENTRAL,85 AVE & 86 ST,86 ST,86 ST,09:00-11:59,1,0
N,PROPERTY DAMAGE ONLY,88 AVE,N,2022,WEDNESDAY,CONFLICTED,N,Y,49.163208,-122.890341,N,FEBRUARY,N,DELTA,DELTA,DELTA & SURREY,N,Y,N,LOWER MAINLAND,120 ST & 88 AVE,SCOTT RD,SCOTT RD,09:00-11:59,1,0
N,PROPERTY DAMAGE ONLY,89 AVE,N,2022,WEDNESDAY,SIDE IMPACT,N,Y,49.164703,-122.817898,N,FEBRUARY,N,SURREY,SURREY,SURREY,N,N,N,LOWER MAINLAND,146 ST & 89 AVE,146 ST,146 ST,09:00-11:59,1,0
N,PROPERTY DAMAGE ONLY,91 AVE,N,2022,WEDNESDAY,REAR END,N,Y,49.168288,-122.801337,N,FEBRUARY,N,SURREY,SURREY,SURREY,N,N,N,LOWER MAINLAND,152 ST & 91 AVE,152 ST,152 ST,09:00-11:59,1,0
N,PROPERTY DAMAGE ONLY,92A AVE,N,2022,WEDNESDAY,REAR END,N,Y,49.170846,-122.668069,N,FEBRUARY,N,LANGLEY,LANGLEY,LANGLEY,N,N,N,LOWER MAINLAND,200 ST & 92A AVE & TURNING LANE,200 ST,200 ST,09:00-11:59,1,0
N,PROPERTY DAMAGE ONLY,96A AVE,N,2022,WEDNESDAY,SIDE IMPACT,N,Y,49.177921,-122.86795,N,FEBRUARY,N,SURREY,SURREY,SURREY,N,N,N,LOWER MAINLAND,128 ST & 96A AVE,128 ST,128 ST,09:00-11:59,1,0
N,PROPERTY DAMAGE ONLY,97 AVE,N,2022,WEDNESDAY,UNDETERMINED,Y,Y,49.178996,-122.890109,N,FEBRUARY,N,SURREY,SURREY,SURREY,N,N,N,LOWER MAINLAND,120 ST & 97 AVE,SCOTT RD,SCOTT RD,09:00-11:59,1,0
N,PROPERTY DAMAGE ONLY,ALEX FRASER BRIDGE,N,2022,WEDNESDAY,SIDE SWIPE - SAME DIRECTION,Y,Y,49.170914,-122.951312,N,FEBRUARY,N,DELTA,DELTA,DELTA & RICHMOND,N,N,N,LOWER MAINLAND,ALEX FRASER BRIDGE & CLIVEDEN AVE & CLIVEDEN AVE OFFRAMP & CLIVEDEN AVE ONRAMP & HWY 91,HWY 91,HWY 91,09:00-11:59,1,0
N,PROPERTY DAMAGE ONLY,ARBUTUS ST,N,2022,WEDNESDAY,SINGLE VEHICLE,N,Y,49.263821,-123.152938,N,FEBRUARY,N,VANCOUVER,VANCOUVER,VANCOUVER,N,N,N,LOWER MAINLAND,ARBUTUS ST & W BROADWAY,W BROADWAY,W BROADWAY,09:00-11:59,1,0
N,PROPERTY DAMAGE ONLY,BLANSHARD ST,N,2022,WEDNESDAY,REAR END,N,Y,48.445569,-123.366493,N,FEBRUARY,N,VICTORIA,VICTORIA,VICTORIA,N,N,N,VANCOUVER ISLAND,BLANSHARD ST & FINLAYSON ST & TURNING LANE,FINLAYSON ST,FINLAYSON ST,09:00-11:59,1,0
N,PROPERTY DAMAGE ONLY,BROADWAY,N,2022,WEDNESDAY,REAR END,N,Y,49.264089,-122.900334,N,FEBRUARY,N,BURNABY,BURNABY,BURNABY,N,N,N,LOWER MAINLAND,BROADWAY & GAGLARDI WAY & TURNING LANE,GAGLARDI WAY,GAGLARDI WAY,09:00-11:59,1,0
N,PROPERTY DAMAGE ONLY,BRUNETTE AVE,N,2022,WEDNESDAY,UNDETERMINED,N,Y,49.222322,-122.892805,N,FEBRUARY,N,NEW WESTMINSTER,NEW WESTMINSTER,NEW WESTMINSTER,N,N,N,LOWER MAINLAND,BRUNETTE AVE & DEBECK ST & E COLUMBIA ST & STRAND AVE & TURNING LANE,E COLUMBIA ST,E COLUMBIA ST,09:00-11:59,1,0
N,PROPERTY DAMAGE ONLY,BURKE ST,N,2022,WEDNESDAY,SIDE SWIPE - SAME DIRECTION,Y,Y,49.236988,-123.023503,N,FEBRUARY,N,BURNABY,BURNABY,BURNABY & VANCOUVER,N,N,N,LOWER MAINLAND,BOUNDARY RD & BURKE ST,BOUNDARY RD,BOUNDARY RD,09:00-11:59,1,0
N,PROPERTY DAMAGE ONLY,CAMBIE ST,N,2022,WEDNESDAY,UNDETERMINED,N,Y,49.237264,-123.116045,N,FEBRUARY,N,VANCOUVER,VANCOUVER,VANCOUVER,N,N,N,LOWER MAINLAND,CAMBIE ST & W 37TH AVE,W 37TH AVE,W 37TH AVE,09:00-11:59,1,0
N,PROPERTY DAMAGE ONLY,CAMP  A,N,2022,WEDNESDAY,SINGLE VEHICLE,Y,N,\N,\N,N,FEBRUARY,N,PORT ALBERNI,PORT ALBERNI,\N,N,N,N,VANCOUVER ISLAND,UNKNOWN,FRANKLIN RIVER RD,FRANKLIN RIVER RD,09:00-11:59,1,0
N,PROPERTY DAMAGE ONLY,CENTRAL ST E,N,2022,WEDNESDAY,REAR END,N,Y,53.915412,-122.781674,N,FEBRUARY,N,PRINCE GEORGE,PRINCE GEORGE,PRINCE GEORGE,N,N,N,NORTH CENTRAL,10TH AVE & CENTRAL ST E & CENTRAL ST W & HWY 97 S & TURNING LANE,10TH AVE,10TH AVE,09:00-11:59,1,0
N,PROPERTY DAMAGE ONLY,CHESTERFIELD AVE,N,2022,WEDNESDAY,SIDE IMPACT,N,Y,49.336525,-123.075106,N,FEBRUARY,N,NORTH VANCOUVER,NORTH VANCOUVER,NORTH VANCOUVER,N,N,N,LOWER MAINLAND,CHESTERFIELD AVE & W QUEENS RD,W QUEENS RD,W QUEENS RD,09:00-11:59,1,0
N,PROPERTY DAMAGE ONLY,CLIFFE AVE,N,2022,WEDNESDAY,UNDETERMINED,N,Y,49.682374,-124.987367,N,FEBRUARY,N,COURTENAY,COURTENAY,COURTENAY,N,N,N,VANCOUVER ISLAND,19TH ST & CLIFFE AVE,19TH ST,19TH ST,09:00-11:59,1,0
N,PROPERTY DAMAGE ONLY,COOK ST,N,2022,WEDNESDAY,SIDE SWIPE - SAME DIRECTION,N,Y,48.425963,-123.353417,N,FEBRUARY,N,VICTORIA,VICTORIA,VICTORIA,N,N,N,VANCOUVER ISLAND,COOK ST & JOHNSON ST,JOHNSON ST,JOHNSON ST,09:00-11:59,1,0
N,PROPERTY DAMAGE ONLY,CORDOVA WAY,N,2022,WEDNESDAY,SINGLE VEHICLE,Y,Y,58.800738,-122.669472,N,FEBRUARY,N,FORT NELSON,FORT NELSON,FORT NELSON,N,N,N,NORTH CENTRAL,AIRPORT CONNECTOR RD & ALASKA HWY & CORDOVA WAY & TURNING LANE,HWY 97,HWY 97,09:00-11:59,1,0
N,PROPERTY DAMAGE ONLY,DAVIE ST,N,2022,WEDNESDAY,SIDE SWIPE - SAME DIRECTION,N,Y,49.279077,-123.129182,N,FEBRUARY,N,VANCOUVER,VANCOUVER,VANCOUVER,N,N,N,LOWER MAINLAND,BURRARD ST & DAVIE ST,BURRARD ST,BURRARD ST,09:00-11:59,1,0
N,PROPERTY DAMAGE ONLY,DAVIE ST,N,2022,WEDNESDAY,SIDE SWIPE - SAME DIRECTION,N,Y,49.280383,-123.131214,N,FEBRUARY,N,VANCOUVER,VANCOUVER,VANCOUVER,N,N,N,LOWER MAINLAND,DAVIE ST & THURLOW ST,THURLOW ST,THURLOW ST,09:00-11:59,1,0
N,PROPERTY DAMAGE ONLY,DEWDNEY TRUNK RD,N,2022,WEDNESDAY,REAR END,N,Y,49.276568,-122.828962,N,FEBRUARY,N,PORT MOODY,PORT MOODY,PORT MOODY,N,N,N,LOWER MAINLAND,DEWDNEY TRUNK RD & ST JOHNS ST & TURNING LANE,HWY 7A,HWY 7A,09:00-11:59,1,0
N,PROPERTY DAMAGE ONLY,DISCOVERY ST,N,2022,WEDNESDAY,UNDETERMINED,N,Y,49.263743,-123.203011,N,FEBRUARY,N,VANCOUVER,VANCOUVER,VANCOUVER,Y,N,N,LOWER MAINLAND,DISCOVERY ST & W 10TH AVE,W 10TH AVE,W 10TH AVE,09:00-11:59,1,0
N,PROPERTY DAMAGE ONLY,DONLEY DR,N,2022,WEDNESDAY,SINGLE VEHICLE,N,Y,49.560529,-123.997257,N,FEBRUARY,N,MADEIRA PARK,MADEIRA PARK,MADEIRA PARK,N,N,N,LOWER MAINLAND,DONLEY DR & SUNSHINE COAST HWY,SUNSHINE COAST HWY,SUNSHINE COAST HWY,09:00-11:59,1,0
N,PROPERTY DAMAGE ONLY,E 11TH AVE,N,2022,WEDNESDAY,SIDE IMPACT,N,Y,49.261142,-123.103045,N,FEBRUARY,N,VANCOUVER,VANCOUVER,VANCOUVER,N,N,N,LOWER MAINLAND,E 11TH AVE & QUEBEC ST,QUEBEC ST,QUEBEC ST,09:00-11:59,1,0
N,PROPERTY DAMAGE ONLY,E 12TH AVE,N,2022,WEDNESDAY,SIDE IMPACT,N,Y,49.260231,-123.103085,N,FEBRUARY,N,VANCOUVER,VANCOUVER,VANCOUVER,N,N,N,LOWER MAINLAND,E 12TH AVE & QUEBEC ST,QUEBEC ST,QUEBEC ST,09:00-11:59,1,0
N,PROPERTY DAMAGE ONLY,E 2ND AVE,N,2022,WEDNESDAY,SIDE SWIPE - SAME DIRECTION,Y,Y,49.269078,-123.100707,N,FEBRUARY,N,VANCOUVER,VANCOUVER,VANCOUVER,N,N,N,LOWER MAINLAND,E 2ND AVE & MAIN ST,MAIN ST,MAIN ST,09:00-11:59,1,0
N,PROPERTY DAMAGE ONLY,E 2ND AVE,N,2022,WEDNESDAY,UNDETERMINED,N,Y,49.2687,-123.069673,N,FEBRUARY,N,VANCOUVER,VANCOUVER,VANCOUVER,Y,N,N,LOWER MAINLAND,COMMERCIAL DR & E 2ND AVE,COMMERCIAL DR,COMMERCIAL DR,09:00-11:59,1,0
N,PROPERTY DAMAGE ONLY,EMERSON ST,N,2022,WEDNESDAY,REAR END,N,Y,54.516676,-128.589275,N,FEBRUARY,N,TERRACE,TERRACE,TERRACE,N,N,N,NORTH CENTRAL,EMERSON ST & LAKELSE AVE,LAKELSE AVE,LAKELSE AVE,09:00-11:59,1,0
N,PROPERTY DAMAGE ONLY,ENTERPRISE ST,N,2022,WEDNESDAY,UNDETERMINED,N,Y,49.230483,-124.043782,N,FEBRUARY,N,NANAIMO,NANAIMO,NANAIMO,N,N,N,VANCOUVER ISLAND,ENTERPRISE ST & METRAL DR & MALL ACCESS,METRAL DR,METRAL DR,09:00-11:59,1,0
N,PROPERTY DAMAGE ONLY,ENTERPRISES,N,2022,WEDNESDAY,SIDE SWIPE - SAME DIRECTION,N,N,\N,\N,N,FEBRUARY,N,NANAIMO,NANAIMO,\N,N,N,N,VANCOUVER ISLAND,UNKNOWN,METRAL,METRAL,09:00-11:59,1,0
N,PROPERTY DAMAGE ONLY,FIFTH ST,N,2022,WEDNESDAY,UNDETERMINED,N,Y,48.647645,-123.400307,N,FEBRUARY,N,SIDNEY,SIDNEY,SIDNEY,N,N,N,VANCOUVER ISLAND,BEVAN AVE & FIFTH ST,BEVAN AVE,BEVAN AVE,09:00-11:59,1,0
N,PROPERTY DAMAGE ONLY,FORD RD,N,2022,WEDNESDAY,CONFLICTED,N,Y,49.222414,-122.689588,N,FEBRUARY,N,PITT MEADOWS,PITT MEADOWS,PITT MEADOWS,N,N,N,LOWER MAINLAND,FORD RD & HARRIS RD,HARRIS RD,HARRIS RD,09:00-11:59,1,0
N,PROPERTY DAMAGE ONLY,FRASER HWY,N,2022,WEDNESDAY,UNDETERMINED,N,Y,49.059526,-122.49269,N,FEBRUARY,N,LANGLEY,LANGLEY,LANGLEY,Y,N,N,LOWER MAINLAND,264 ST & FRASER HWY & TURNING LANE,264 ST,264 ST,09:00-11:59,1,0
N,PROPERTY DAMAGE ONLY,GARLAND RD,N,2022,WEDNESDAY,UNDETERMINED,N,Y,50.972625,-119.324085,N,FEBRUARY,N,CELISTA,CELISTA,CELISTA,N,N,N,SOUTHERN INTERIOR,GARLAND RD & RICHARDS RD,RICHARDS RD,RICHARDS RD,09:00-11:59,1,0
N,PROPERTY DAMAGE ONLY,GILMORE AVE,N,2022,WEDNESDAY,SIDE IMPACT,N,Y,49.281047,-123.014159,N,FEBRUARY,N,BURNABY,BURNABY,BURNABY,N,N,N,LOWER MAINLAND,GILMORE AVE & HASTINGS ST,HASTINGS ST,HASTINGS ST,09:00-11:59,1,0
N,PROPERTY DAMAGE ONLY,GRAHAM ST,N,2022,WEDNESDAY,REAR END,N,Y,48.439774,-123.356518,N,FEBRUARY,N,VICTORIA,VICTORIA,VICTORIA,N,N,N,VANCOUVER ISLAND,GRAHAM ST & HILLSIDE AVE,HILLSIDE AVE,HILLSIDE AVE,09:00-11:59,1,0
N,PROPERTY DAMAGE ONLY,GRANDVIEW HWY,N,2022,WEDNESDAY,CONFLICTED,Y,Y,49.258209,-123.023636,N,FEBRUARY,N,BURNABY,BURNABY,BURNABY & VANCOUVER,N,N,N,LOWER MAINLAND,BOUNDARY RD & GRANDVIEW HWY & GRANDVIEW HWY ONRAMP,BOUNDARY RD,BOUNDARY RD,09:00-11:59,1,0
N,PROPERTY DAMAGE ONLY,GRANT ST,N,2022,WEDNESDAY,SIDE SWIPE - SAME DIRECTION,Y,Y,49.271501,-123.077338,N,FEBRUARY,N,VANCOUVER,VANCOUVER,VANCOUVER,Y,N,N,LOWER MAINLAND,CLARK DR & GRANT ST,CLARK DR,CLARK DR,09:00-11:59,1,0
N,PROPERTY DAMAGE ONLY,GREAT CANADIAN WAY,N,2022,WEDNESDAY,CONFLICTED,N,Y,49.192007,-123.124384,N,FEBRUARY,N,RICHMOND,RICHMOND,RICHMOND,N,Y,N,LOWER MAINLAND,BRIDGEPORT RD & GREAT CANADIAN WAY,BRIDGEPORT RD,BRIDGEPORT RD,09:00-11:59,1,0
N,PROPERTY DAMAGE ONLY,HARVIE AVE,N,2022,WEDNESDAY,REAR END,N,Y,49.848756,-124.522615,N,FEBRUARY,N,POWELL RIVER,POWELL RIVER,POWELL RIVER,N,N,N,VANCOUVER ISLAND,HARVIE AVE & JOYCE AVE,JOYCE AVE,JOYCE AVE,09:00-11:59,1,0
N,PROPERTY DAMAGE ONLY,HENRY AVE,N,2022,WEDNESDAY,UNDETERMINED,N,Y,49.60136,-119.682154,N,FEBRUARY,N,SUMMERLAND,SUMMERLAND,SUMMERLAND,N,N,N,SOUTHERN INTERIOR,HENRY AVE & MAIN ST,MAIN ST,MAIN ST,09:00-11:59,1,0
N,PROPERTY DAMAGE ONLY,HIGHLAND BLVD,N,2022,WEDNESDAY,CONFLICTED,N,Y,49.337493,-123.101901,N,FEBRUARY,N,NORTH VANCOUVER,NORTH VANCOUVER,NORTH VANCOUVER,N,Y,N,LOWER MAINLAND,EDGEMONT BLVD & HIGHLAND BLVD,EDGEMONT BLVD,EDGEMONT BLVD,09:00-11:59,1,0
N,PROPERTY DAMAGE ONLY,HILLSIDE AVE,N,2022,WEDNESDAY,SIDE IMPACT,N,Y,48.445684,-123.333295,N,FEBRUARY,N,VICTORIA,VICTORIA,VICTORIA,N,N,N,VANCOUVER ISLAND,HILLSIDE AVE & SHELBOURNE ST,SHELBOURNE ST,SHELBOURNE ST,09:00-11:59,1,0
N,PROPERTY DAMAGE ONLY,HWY 1,N,2022,WEDNESDAY,REAR END,N,Y,48.454898,-123.519289,N,FEBRUARY,N,LANGFORD,LANGFORD,LANGFORD,Y,N,N,VANCOUVER ISLAND,LEIGH RD & LEIGH RD OFFRAMP & LEIGH RD ONRAMP & TRANS-CANADA HWY,LEIGH RD,LEIGH RD,09:00-11:59,1,0
N,PROPERTY DAMAGE ONLY,HWY 1,N,2022,WEDNESDAY,REAR END,N,Y,50.653783,-120.36868,N,FEBRUARY,N,KAMLOOPS,KAMLOOPS,KAMLOOPS,N,N,N,SOUTHERN INTERIOR,HILLSIDE WAY & HILLSIDE WAY OFFRAMP & HILLSIDE WAY ONRAMP & HWY 5A & HWY 5A OFFRAMP & HWY 5A ONRAMP & PACIFIC WAY OFFRAMP & TRANS-CANADA HWY W & TURNING LANE,HILLSIDE WAY OFFRAMP,HILLSIDE WAY OFFRAMP,09:00-11:59,1,0
N,PROPERTY DAMAGE ONLY,HWY 10,N,2022,WEDNESDAY,REAR TO REAR,N,Y,49.104433,-122.801032,N,FEBRUARY,N,SURREY,SURREY,SURREY,Y,Y,N,LOWER MAINLAND,152 ST & 56 AVE,152 ST,152 ST,09:00-11:59,1,0
N,PROPERTY DAMAGE ONLY,HWY 16,N,2022,WEDNESDAY,CONFLICTED,N,Y,54.515655,-128.599049,N,FEBRUARY,N,TERRACE,TERRACE,TERRACE,N,N,N,NORTH CENTRAL,EBY ST & HWY 16 FRTG & HWY 16 W & PARK ACCESS,EBY ST,EBY ST,09:00-11:59,1,0
N,PROPERTY DAMAGE ONLY,HWY 17,N,2022,WEDNESDAY,SIDE IMPACT,N,Y,49.191466,-122.738252,N,FEBRUARY,N,SURREY,SURREY,SURREY,N,N,N,LOWER MAINLAND,104 AVE & 104 AVE ONRAMP & HWY 17 & TURNING LANE,104 AVE,104 AVE,09:00-11:59,1,0
N,PROPERTY DAMAGE ONLY,HWY 7A,N,2022,WEDNESDAY,CONFLICTED,N,Y,49.276261,-122.797294,N,FEBRUARY,N,COQUITLAM,COQUITLAM,COQUITLAM,N,N,N,LOWER MAINLAND,BARNET HWY & LOUGHEED HWY & PINETREE WAY & TURNING LANE,HWY 7,HWY 7,09:00-11:59,1,0
N,PROPERTY DAMAGE ONLY,HWY 97,N,2022,WEDNESDAY,UNDETERMINED,N,Y,53.950648,-122.762742,N,FEBRUARY,N,PRINCE GEORGE,PRINCE GEORGE,PRINCE GEORGE,N,N,N,NORTH CENTRAL,HART HWY & HART HWY FRTG & HOUGHTALING RD & TURNING LANE,HOUGHTALING RD,HOUGHTALING RD,09:00-11:59,1,0
N,PROPERTY DAMAGE ONLY,HWY 97,N,2022,WEDNESDAY,UNDETERMINED,Y,N,\N,\N,N,FEBRUARY,N,MERRITT,MERRITT,\N,Y,N,N,SOUTHERN INTERIOR,UNKNOWN,ELKHART RD,ELKHART RD,09:00-11:59,1,0
N,PROPERTY DAMAGE ONLY,JERVIS ST,N,2022,WEDNESDAY,REAR END,N,Y,49.287728,-123.127469,N,FEBRUARY,N,VANCOUVER,VANCOUVER,VANCOUVER,N,N,N,LOWER MAINLAND,ALBERNI ST & JERVIS ST,ALBERNI ST,ALBERNI ST,09:00-11:59,1,0
N,PROPERTY DAMAGE ONLY,KING GEORGE BLVD,N,2022,WEDNESDAY,UNDETERMINED,N,Y,49.045585,-122.793584,N,FEBRUARY,N,SURREY,SURREY,SURREY,Y,Y,N,LOWER MAINLAND,24 AVE & KING GEORGE BLVD & TURNING LANE,24 AVE,24 AVE,09:00-11:59,1,0
N,PROPERTY DAMAGE ONLY,LAUREL ST,N,2022,WEDNESDAY,SIDE IMPACT,N,N,\N,\N,N,FEBRUARY,N,VANCOUVER,VANCOUVER,\N,N,N,N,LOWER MAINLAND,UNKNOWN,KING EDWARD AVE,KING EDWARD AVE,09:00-11:59,1,0
N,PROPERTY DAMAGE ONLY,LEATHEAD RD,N,2022,WEDNESDAY,SINGLE VEHICLE,N,Y,49.895388,-119.414322,N,FEBRUARY,N,KELOWNA,KELOWNA,KELOWNA,N,N,N,SOUTHERN INTERIOR,ENTERPRISE WAY & HWY 97 N & LEATHEAD RD & TURNING LANE,HWY 97,HWY 97,09:00-11:59,1,0
N,PROPERTY DAMAGE ONLY,LEON AVE,N,2022,WEDNESDAY,SINGLE VEHICLE,N,Y,49.884496,-119.496601,N,FEBRUARY,N,KELOWNA,KELOWNA,KELOWNA,N,N,N,SOUTHERN INTERIOR,LEON AVE & WATER ST,WATER ST,WATER ST,09:00-11:59,1,0
N,PROPERTY DAMAGE ONLY,LOCHSIDE DR,N,2022,WEDNESDAY,SINGLE VEHICLE,N,Y,48.57243,-123.396071,N,FEBRUARY,N,CENTRAL SAANICH,CENTRAL SAANICH,CENTRAL SAANICH,N,N,N,VANCOUVER ISLAND,ISLAND VIEW RD & LOCHSIDE DR,ISLAND VIEW RD,ISLAND VIEW RD,09:00-11:59,1,0
N,PROPERTY DAMAGE ONLY,LOUGHEED HWY,N,2022,WEDNESDAY,REAR END,N,Y,49.132977,-122.319506,N,FEBRUARY,N,MISSION,MISSION,MISSION,N,N,N,LOWER MAINLAND,LOUGHEED HWY & PARK ST & MALL ACCESS,PARK ST,PARK ST,09:00-11:59,1,0
N,PROPERTY DAMAGE ONLY,LOUGHEED HWY,N,2022,WEDNESDAY,REAR END,N,Y,49.203322,-122.579946,N,FEBRUARY,N,MAPLE RIDGE,MAPLE RIDGE,MAPLE RIDGE,N,N,N,LOWER MAINLAND,232 ST & HANEY BYPASS & KANAKA WAY & LOUGHEED HWY & TURNING LANE,HANEY BYPASS,HANEY BYPASS,09:00-11:59,1,0
N,PROPERTY DAMAGE ONLY,LOUGHEED HWY,N,2022,WEDNESDAY,REAR END,N,Y,49.245426,-122.891615,N,FEBRUARY,N,COQUITLAM,COQUITLAM,COQUITLAM,N,N,N,LOWER MAINLAND,LOUGHEED HWY & ROCHESTER AVE,ROCHESTER AVE,ROCHESTER AVE,09:00-11:59,1,0
N,PROPERTY DAMAGE ONLY,LOUGHEED HWY,N,2022,WEDNESDAY,REAR END,N,Y,49.26558,-123.023589,N,FEBRUARY,N,BURNABY,BURNABY,BURNABY & VANCOUVER,N,N,N,LOWER MAINLAND,BOUNDARY RD & LOUGHEED HWY,BOUNDARY RD,BOUNDARY RD,09:00-11:59,1,0
N,PROPERTY DAMAGE ONLY,LOUGHEED HWY,N,2022,WEDNESDAY,SIDE IMPACT,N,Y,49.236655,-122.871915,N,FEBRUARY,N,COQUITLAM,COQUITLAM,COQUITLAM,N,N,N,LOWER MAINLAND,BRUNETTE AVE & LOUGHEED HWY & TURNING LANE,BRUNETTE AVE,BRUNETTE AVE,09:00-11:59,1,0
N,PROPERTY DAMAGE ONLY,LOUGHEED HWY,N,2022,WEDNESDAY,UNDETERMINED,N,Y,49.252391,-122.912547,N,FEBRUARY,N,BURNABY,BURNABY,BURNABY,N,N,N,LOWER MAINLAND,GAGLARDI WAY & LOUGHEED HWY & TURNING LANE,GAGLARDI WAY,GAGLARDI WAY,09:00-11:59,1,0
N,PROPERTY DAMAGE ONLY,LOUGHEED HWY,N,2022,WEDNESDAY,UNDETERMINED,N,Y,49.266408,-123.003199,N,FEBRUARY,N,BURNABY,BURNABY,BURNABY,Y,Y,N,LOWER MAINLAND,LOUGHEED HWY & WILLINGDON AVE,WILLINGDON AVE,WILLINGDON AVE,09:00-11:59,1,0
N,PROPERTY DAMAGE ONLY,MAIN ST,N,2022,WEDNESDAY,REAR END,N,Y,49.225649,-123.10164,N,FEBRUARY,N,VANCOUVER,VANCOUVER,VANCOUVER,N,N,N,LOWER MAINLAND,E 49TH AVE & MAIN ST,E 49TH AVE,E 49TH AVE,09:00-11:59,1,0
N,PROPERTY DAMAGE ONLY,MAIN ST,N,2022,WEDNESDAY,SINGLE VEHICLE,N,Y,49.195796,-119.555514,N,FEBRUARY,N,OLIVER,OLIVER,OLIVER,N,N,N,SOUTHERN INTERIOR,HWY 97 & LEIGHTON CRES & MAIN ST,HWY 97,HWY 97,09:00-11:59,1,0
N,PROPERTY DAMAGE ONLY,MAPLE CRES,N,2022,WEDNESDAY,REAR END,Y,Y,49.246276,-123.148915,N,FEBRUARY,N,VANCOUVER,VANCOUVER,VANCOUVER,N,N,N,LOWER MAINLAND,CYPRESS ST & MAPLE CRES,CYPRESS ST,CYPRESS ST,09:00-11:59,1,0
N,PROPERTY DAMAGE ONLY,MARINE DR,N,2022,WEDNESDAY,SIDE IMPACT,N,Y,49.329877,-123.168076,N,FEBRUARY,N,WEST VANCOUVER,WEST VANCOUVER,WEST VANCOUVER,N,N,N,LOWER MAINLAND,21ST ST & MARINE DR,21ST ST,21ST ST,09:00-11:59,1,0
N,PROPERTY DAMAGE ONLY,MARMONT ST,N,2022,WEDNESDAY,SIDE IMPACT,N,Y,49.248997,-122.862166,N,FEBRUARY,N,COQUITLAM,COQUITLAM,COQUITLAM,N,N,N,LOWER MAINLAND,AUSTIN AVE & MARMONT ST,AUSTIN AVE,AUSTIN AVE,09:00-11:59,1,0
N,PROPERTY DAMAGE ONLY,MCDOUGALL AVE,N,2022,WEDNESDAY,SIDE SWIPE - SAME DIRECTION,N,Y,49.045616,-122.293473,N,FEBRUARY,N,ABBOTSFORD,ABBOTSFORD,ABBOTSFORD,N,N,N,LOWER MAINLAND,CANNON AVE & MCCALLUM RD & MCDOUGALL AVE,MCCALLUM RD,MCCALLUM RD,09:00-11:59,1,0
N,PROPERTY DAMAGE ONLY,MENHOLM RD,N,2022,WEDNESDAY,SIDE IMPACT,N,Y,49.165731,-121.961633,N,FEBRUARY,N,CHILLIWACK,CHILLIWACK,CHILLIWACK,N,Y,N,LOWER MAINLAND,MARY ST & MENHOLM RD,MARY ST,MARY ST,09:00-11:59,1,0
N,PROPERTY DAMAGE ONLY,N RENFREW ST,N,2022,WEDNESDAY,SIDE IMPACT,N,Y,49.288721,-123.044048,N,FEBRUARY,N,VANCOUVER,VANCOUVER,VANCOUVER,N,N,N,LOWER MAINLAND,MCGILL ST & N RENFREW ST,MCGILL ST,MCGILL ST,09:00-11:59,1,0
N,PROPERTY DAMAGE ONLY,NANAIMO ST,N,2022,WEDNESDAY,CONFLICTED,N,Y,49.273283,-123.056581,N,FEBRUARY,N,VANCOUVER,VANCOUVER,VANCOUVER,Y,N,N,LOWER MAINLAND,CHARLES ST & NANAIMO ST,CHARLES ST,CHARLES ST,09:00-11:59,1,0
N,PROPERTY DAMAGE ONLY,NANAIMO ST,N,2022,WEDNESDAY,REAR END,N,Y,49.259447,-123.056626,N,FEBRUARY,N,VANCOUVER,VANCOUVER,VANCOUVER,N,N,N,LOWER MAINLAND,E 12TH AVE & NANAIMO ST,E 12TH AVE,E 12TH AVE,09:00-11:59,1,0
N,PROPERTY DAMAGE ONLY,NOOTKA ST,N,2022,WEDNESDAY,UNDETERMINED,N,Y,49.245405,-123.041625,N,FEBRUARY,N,VANCOUVER,VANCOUVER,VANCOUVER,Y,N,N,LOWER MAINLAND,E 28TH AVE & NOOTKA ST,E 28TH AVE,E 28TH AVE,09:00-11:59,1,0
N,PROPERTY DAMAGE ONLY,NORTHPARK CRES,N,2022,WEDNESDAY,UNDETERMINED,N,Y,49.115306,-122.886028,N,FEBRUARY,N,SURREY,SURREY,SURREY,N,N,N,LOWER MAINLAND,BOUNDARY DR W & NORTHPARK CRES,BOUNDARY DR W,BOUNDARY DR W,09:00-11:59,1,0
N,PROPERTY DAMAGE ONLY,OAK ST,N,2022,WEDNESDAY,REAR END,N,Y,49.249237,-123.127511,N,FEBRUARY,N,VANCOUVER,VANCOUVER,VANCOUVER,N,N,N,LOWER MAINLAND,OAK ST & W KING EDWARD AVE,W KING EDWARD AVE,W KING EDWARD AVE,09:00-11:59,1,0
N,PROPERTY DAMAGE ONLY,ONTARIO ST,N,2022,WEDNESDAY,CONFLICTED,N,Y,49.264674,-123.10482,N,FEBRUARY,N,VANCOUVER,VANCOUVER,VANCOUVER,Y,N,N,LOWER MAINLAND,E 7TH AVE & ONTARIO ST & W 7TH AVE,E 7TH AVE,E 7TH AVE,09:00-11:59,1,0
N,PROPERTY DAMAGE ONLY,PINETREE WAY,N,2022,WEDNESDAY,SIDE IMPACT,N,Y,49.279597,-122.794238,N,FEBRUARY,N,COQUITLAM,COQUITLAM,COQUITLAM,N,Y,N,LOWER MAINLAND,LINCOLN AVE & PINETREE WAY & MALL ACCESS,LINCOLN AVE,LINCOLN AVE,09:00-11:59,1,0
N,PROPERTY DAMAGE ONLY,PROCTER-EAST RD,N,2022,WEDNESDAY,SINGLE VEHICLE,N,Y,49.623847,-116.933573,N,FEBRUARY,N,PROCTER,PROCTER,PROCTER,N,N,N,SOUTHERN INTERIOR,LEXINGTON AVE & PROCTER-EAST RD,LEXINGTON AVE,LEXINGTON AVE,09:00-11:59,1,0
N,PROPERTY DAMAGE ONLY,QUADRA ST,N,2022,WEDNESDAY,SIDE IMPACT,N,Y,48.442511,-123.360053,N,FEBRUARY,N,VICTORIA,VICTORIA,VICTORIA,N,N,N,VANCOUVER ISLAND,QUADRA ST & TOPAZ AVE,TOPAZ AVE,TOPAZ AVE,09:00-11:59,1,0
N,PROPERTY DAMAGE ONLY,QUINN ST,N,2022,WEDNESDAY,SIDE IMPACT,Y,Y,53.920605,-122.791766,N,FEBRUARY,N,PRINCE GEORGE,PRINCE GEORGE,PRINCE GEORGE,N,N,N,NORTH CENTRAL,5TH AVE & QUINN ST,5TH AVE,5TH AVE,09:00-11:59,1,0
N,PROPERTY DAMAGE ONLY,RENFREW ST,N,2022,WEDNESDAY,SIDE IMPACT,N,Y,49.281155,-123.044034,N,FEBRUARY,N,VANCOUVER,VANCOUVER,VANCOUVER,Y,Y,N,LOWER MAINLAND,E HASTINGS ST & RENFREW ST,E HASTINGS ST,E HASTINGS ST,09:00-11:59,1,0
N,PROPERTY DAMAGE ONLY,RICHARDS ST,N,2022,WEDNESDAY,SIDE SWIPE - SAME DIRECTION,N,Y,49.27589,-123.124257,N,FEBRUARY,N,VANCOUVER,VANCOUVER,VANCOUVER,Y,N,N,LOWER MAINLAND,DAVIE ST & RICHARDS ST,DAVIE ST,DAVIE ST,09:00-11:59,1,0
N,PROPERTY DAMAGE ONLY,ROAD 7,N,2022,WEDNESDAY,SINGLE VEHICLE,N,Y,49.149384,-119.584154,N,FEBRUARY,N,OLIVER,OLIVER,OLIVER,N,N,N,SOUTHERN INTERIOR,ROAD 7 & SUMAC ST & TINHORN CREEK RD,SUMAC ST,SUMAC ST,09:00-11:59,1,0
N,PROPERTY DAMAGE ONLY,ROYAL OAK AVE,N,2022,WEDNESDAY,SIDE IMPACT,N,Y,49.214854,-122.988473,N,FEBRUARY,N,BURNABY,BURNABY,BURNABY,N,Y,N,LOWER MAINLAND,ROYAL OAK AVE & RUMBLE ST,RUMBLE ST,RUMBLE ST,09:00-11:59,1,0
N,PROPERTY DAMAGE ONLY,SAN JUAN PL,N,2022,WEDNESDAY,UNDETERMINED,N,Y,49.236098,-122.827243,N,FEBRUARY,N,COQUITLAM,COQUITLAM,COQUITLAM,Y,N,N,LOWER MAINLAND,CAPE HORN AVE & SAN JUAN PL,CAPE HORN AVE,CAPE HORN AVE,09:00-11:59,1,0
N,PROPERTY DAMAGE ONLY,SARAH POINT RD,N,2022,WEDNESDAY,SINGLE VEHICLE,N,Y,49.98972,-124.758432,N,FEBRUARY,N,LUND,LUND,LUND,N,N,N,VANCOUVER ISLAND,BAGGI RD & SARAH POINT RD,BAGGI RD,BAGGI RD,09:00-11:59,1,0
N,PROPERTY DAMAGE ONLY,SCOTT RD,N,2022,WEDNESDAY,SIDE SWIPE - SAME DIRECTION,N,Y,49.134037,-122.890359,N,FEBRUARY,N,DELTA,DELTA,DELTA & SURREY,N,Y,N,LOWER MAINLAND,120 ST & 72 AVE,72 AVE,72 AVE,09:00-11:59,1,0
N,PROPERTY DAMAGE ONLY,SE MARINE DR,N,2022,WEDNESDAY,REAR END,N,Y,49.210264,-123.06779,N,FEBRUARY,N,VANCOUVER,VANCOUVER,VANCOUVER,N,N,N,LOWER MAINLAND,BEATRICE ST & SE MARINE DR,BEATRICE ST,BEATRICE ST,09:00-11:59,1,0
N,PROPERTY DAMAGE ONLY,SEVENTEENTH ST,N,2022,WEDNESDAY,SIDE SWIPE - SAME DIRECTION,N,Y,49.206112,-122.942282,N,FEBRUARY,N,NEW WESTMINSTER,NEW WESTMINSTER,NEW WESTMINSTER,Y,N,N,LOWER MAINLAND,EIGHTH AVE & SEVENTEENTH ST,EIGHTH AVE,EIGHTH AVE,09:00-11:59,1,0
N,PROPERTY DAMAGE ONLY,SEYMOUR ST,N,2022,WEDNESDAY,CONFLICTED,N,Y,49.277531,-123.123614,N,FEBRUARY,Y,VANCOUVER,VANCOUVER,VANCOUVER,N,N,N,LOWER MAINLAND,HELMCKEN ST & SEYMOUR ST,HELMCKEN ST,HELMCKEN ST,09:00-11:59,1,0
N,PROPERTY DAMAGE ONLY,SPRINGFIELD RD,N,2022,WEDNESDAY,REAR END,N,Y,49.87443,-119.398272,N,FEBRUARY,N,KELOWNA,KELOWNA,KELOWNA,N,N,N,SOUTHERN INTERIOR,HOLLYWOOD RD S & SPRINGFIELD RD,HOLLYWOOD RD S,HOLLYWOOD RD S,09:00-11:59,1,0
N,PROPERTY DAMAGE ONLY,SPRUCE ST,N,2022,WEDNESDAY,CONFLICTED,N,Y,53.905421,-122.757915,N,FEBRUARY,N,PRINCE GEORGE,PRINCE GEORGE,PRINCE GEORGE,Y,Y,N,NORTH CENTRAL,20TH AVE & SPRUCE ST,HWY 16,HWY 16,09:00-11:59,1,0
N,PROPERTY DAMAGE ONLY,STALKER RD,N,2022,WEDNESDAY,UNDETERMINED,N,Y,49.138359,-123.703242,N,FEBRUARY,N,GABRIOLA ISLAND,GABRIOLA ISLAND,GABRIOLA ISLAND,Y,Y,N,VANCOUVER ISLAND,STALKER RD & WHALLEY RD,WHALLEY RD,WHALLEY RD,09:00-11:59,1,0
N,PROPERTY DAMAGE ONLY,SUMMIT AVE,N,2022,WEDNESDAY,SINGLE VEHICLE,Y,Y,48.442722,-123.369351,N,FEBRUARY,N,VICTORIA,VICTORIA,VICTORIA,N,N,N,VANCOUVER ISLAND,DOUGLAS ST & SUMMIT AVE,DOUGLAS ST,DOUGLAS ST,09:00-11:59,1,0
N,PROPERTY DAMAGE ONLY,TRAIL BRIDGE,N,2022,WEDNESDAY,CONFLICTED,N,Y,49.099234,-117.704951,N,FEBRUARY,N,TRAIL,TRAIL,TRAIL,N,N,N,SOUTHERN INTERIOR,BAILEY ST & TRAIL BRIDGE,HWY 3B,HWY 3B,09:00-11:59,1,0
N,PROPERTY DAMAGE ONLY,TRANS-CANADA HWY,N,2022,WEDNESDAY,SINGLE VEHICLE,N,Y,50.87692,-119.47015,N,FEBRUARY,N,SORRENTO,SORRENTO,SORRENTO,Y,N,N,SOUTHERN INTERIOR,CAEN RD & NOTCH HILL RD & TRANS-CANADA HWY,NOTCH HILL RD,NOTCH HILL RD,09:00-11:59,1,0
N,PROPERTY DAMAGE ONLY,TWENTIETH ST,N,2022,WEDNESDAY,REAR END,N,Y,49.202833,-122.948359,N,FEBRUARY,N,NEW WESTMINSTER,NEW WESTMINSTER,NEW WESTMINSTER,N,N,N,LOWER MAINLAND,EIGHTH AVE & TWENTIETH ST,EIGHTH AVE,EIGHTH AVE,09:00-11:59,1,0
N,PROPERTY DAMAGE ONLY,UNIVERSITY DR,N,2022,WEDNESDAY,SINGLE VEHICLE,N,Y,50.668359,-120.360286,N,FEBRUARY,N,KAMLOOPS,KAMLOOPS,KAMLOOPS,N,N,N,SOUTHERN INTERIOR,MCGILL RD & UNIVERSITY DR & TURNING LANE,MCGILL RD,MCGILL RD,09:00-11:59,1,0
N,PROPERTY DAMAGE ONLY,UNKNOWN,N,2022,WEDNESDAY,REAR END,N,N,\N,\N,N,FEBRUARY,N,BURNABY,BURNABY,\N,N,N,N,LOWER MAINLAND,UNKNOWN,HWY 1,HWY 1,09:00-11:59,1,0
N,PROPERTY DAMAGE ONLY,UNKNOWN,N,2022,WEDNESDAY,SIDE IMPACT,N,N,\N,\N,N,FEBRUARY,N,GIBSONS,GIBSONS,\N,N,N,N,LOWER MAINLAND,UNKNOWN,SUNSHINE COAST HWY,SUNSHINE COAST HWY,09:00-11:59,1,0
N,PROPERTY DAMAGE ONLY,VEDDER RD,N,2022,WEDNESDAY,SIDE IMPACT,N,Y,49.140842,-121.959972,N,FEBRUARY,N,CHILLIWACK,CHILLIWACK,CHILLIWACK,Y,Y,N,LOWER MAINLAND,LUCKAKUCK WAY & VEDDER RD & TURNING LANE,LUCKAKUCK WAY,LUCKAKUCK WAY,09:00-11:59,1,0
N,PROPERTY DAMAGE ONLY,VICTORIA AVE N,N,2022,WEDNESDAY,UNDETERMINED,N,Y,49.524379,-115.753839,N,FEBRUARY,N,CRANBROOK,CRANBROOK,CRANBROOK,N,N,N,SOUTHERN INTERIOR,CRANBROOK ST N & THEATRE RD & VICTORIA AVE N & MALL ACCESS & TURNING LANE,CRANBROOK ST N,CRANBROOK ST N,09:00-11:59,1,0
N,PROPERTY DAMAGE ONLY,VICTORIA DR,N,2022,WEDNESDAY,SIDE SWIPE - SAME DIRECTION,Y,Y,49.207477,-123.066156,N,FEBRUARY,N,VANCOUVER,VANCOUVER,VANCOUVER,Y,N,N,LOWER MAINLAND,E KENT AVE N & VICTORIA DR,E KENT AVE N,E KENT AVE N,09:00-11:59,1,0
N,PROPERTY DAMAGE ONLY,W 16TH AVE,N,2022,WEDNESDAY,CONFLICTED,N,Y,49.257053,-123.138793,N,FEBRUARY,N,VANCOUVER,VANCOUVER,VANCOUVER,N,N,N,LOWER MAINLAND,GRANVILLE ST & MARPOLE AVE & W 16TH AVE,GRANVILLE ST,GRANVILLE ST,09:00-11:59,1,0
N,PROPERTY DAMAGE ONLY,W 16TH AVE,N,2022,WEDNESDAY,UNDETERMINED,N,Y,49.257059,-123.130304,N,FEBRUARY,N,VANCOUVER,VANCOUVER,VANCOUVER,Y,N,N,LOWER MAINLAND,MONTCALM ST & RICHELIEU AVE & W 16TH AVE,MONTCALM ST,MONTCALM ST,09:00-11:59,1,0
N,PROPERTY DAMAGE ONLY,W 17TH AVE,N,2022,WEDNESDAY,REAR END,N,Y,49.256156,-123.127255,N,FEBRUARY,N,VANCOUVER,VANCOUVER,VANCOUVER,N,N,N,LOWER MAINLAND,OAK ST & RICHELIEU AVE & W 17TH AVE,OAK ST,OAK ST,09:00-11:59,1,0
N,PROPERTY DAMAGE ONLY,W 3RD AVE,N,2022,WEDNESDAY,SIDE IMPACT,N,Y,49.268989,-123.150354,N,FEBRUARY,N,VANCOUVER,VANCOUVER,VANCOUVER,Y,N,N,LOWER MAINLAND,MAPLE ST & W 3RD AVE,MAPLE ST,MAPLE ST,09:00-11:59,1,0
N,PROPERTY DAMAGE ONLY,W 41ST AVE,N,2022,WEDNESDAY,REAR END,N,Y,49.234343,-123.139623,N,FEBRUARY,N,VANCOUVER,VANCOUVER,VANCOUVER,N,N,N,LOWER MAINLAND,GRANVILLE ST & W 41ST AVE,GRANVILLE ST,GRANVILLE ST,09:00-11:59,1,0
N,PROPERTY DAMAGE ONLY,W 41ST AVE,N,2022,WEDNESDAY,SIDE SWIPE - SAME DIRECTION,N,Y,49.234719,-123.170253,N,FEBRUARY,N,VANCOUVER,VANCOUVER,VANCOUVER,N,N,N,LOWER MAINLAND,MACKENZIE ST & W 41ST AVE,MACKENZIE ST,MACKENZIE ST,09:00-11:59,1,0
N,PROPERTY DAMAGE ONLY,W 8TH AVE,N,2022,WEDNESDAY,SIDE SWIPE - SAME DIRECTION,N,Y,49.263801,-123.106801,N,FEBRUARY,N,VANCOUVER,VANCOUVER,VANCOUVER,N,N,N,LOWER MAINLAND,MANITOBA ST & W 8TH AVE,MANITOBA ST,MANITOBA ST,09:00-11:59,1,0
N,PROPERTY DAMAGE ONLY,W 8TH ST,N,2022,WEDNESDAY,REAR END,Y,Y,49.317895,-123.072561,N,FEBRUARY,N,NORTH VANCOUVER,NORTH VANCOUVER,NORTH VANCOUVER,N,N,N,LOWER MAINLAND,E 11TH ST & LONSDALE AVE & W 8TH ST,LONSDALE AVE,LONSDALE AVE,09:00-11:59,1,0
N,PROPERTY DAMAGE ONLY,W GEORGIA ST,N,2022,WEDNESDAY,SINGLE VEHICLE,Y,Y,49.284409,-123.121096,N,FEBRUARY,N,VANCOUVER,VANCOUVER,VANCOUVER,N,N,N,LOWER MAINLAND,BURRARD ST & W GEORGIA ST,BURRARD ST,BURRARD ST,09:00-11:59,1,0
N,PROPERTY DAMAGE ONLY,W GEORGIA ST,N,2022,WEDNESDAY,UNDETERMINED,N,Y,49.27871,-123.112254,N,FEBRUARY,N,VANCOUVER,VANCOUVER,VANCOUVER,N,N,N,LOWER MAINLAND,BEATTY ST & W GEORGIA ST,BEATTY ST,BEATTY ST,09:00-11:59,1,0
N,PROPERTY DAMAGE ONLY,WHATCOM RD,N,2022,WEDNESDAY,UNDETERMINED,Y,Y,49.038989,-122.219833,N,FEBRUARY,N,ABBOTSFORD,ABBOTSFORD,ABBOTSFORD,N,N,N,LOWER MAINLAND,TRANS-CANADA HWY & WHATCOM RD & WHATCOM RD OFFRAMP & WHATCOM RD ONRAMP,HWY 1,HWY 1,09:00-11:59,1,0
N,PROPERTY DAMAGE ONLY,WHATCOM RD OFFRAMP,N,2022,WEDNESDAY,REAR END,N,Y,49.038989,-122.219833,N,FEBRUARY,N,ABBOTSFORD,ABBOTSFORD,ABBOTSFORD,N,N,N,LOWER MAINLAND,TRANS-CANADA HWY & WHATCOM RD & WHATCOM RD OFFRAMP & WHATCOM RD ONRAMP,HWY 1,HWY 1,09:00-11:59,1,0
N,PROPERTY DAMAGE ONLY,WINDSOR RD,N,2022,WEDNESDAY,SIDE IMPACT,N,Y,49.880437,-119.454569,N,FEBRUARY,N,KELOWNA,KELOWNA,KELOWNA,N,N,N,SOUTHERN INTERIOR,SPALL RD & WINDSOR RD,SPALL RD,SPALL RD,09:00-11:59,1,0
N,PROPERTY DAMAGE ONLY,YALE RD,N,2022,WEDNESDAY,SIDE SWIPE - OPPOSITE DIRECTION,N,N,\N,\N,N,FEBRUARY,N,CHILLIWACK,CHILLIWACK,\N,N,N,N,LOWER MAINLAND,UNKNOWN,GRAY ST,GRAY ST,09:00-11:59,1,0
Y,PROPERTY DAMAGE ONLY,\N,N,2022,WEDNESDAY,SINGLE VEHICLE,N,N,\N,\N,N,FEBRUARY,N,CHILLIWACK,CHILLIWACK,\N,N,N,N,LOWER MAINLAND,UNKNOWN,HWY 1,HWY 1,09:00-11:59,1,0
Y,PROPERTY DAMAGE ONLY,\N,N,2022,WEDNESDAY,SINGLE VEHICLE,N,N,\N,\N,N,FEBRUARY,N,SURREY,SURREY,\N,N,N,N,LOWER MAINLAND,UNKNOWN,HWY 1,HWY 1,09:00-11:59,1,0
Y,PROPERTY DAMAGE ONLY,\N,N,2022,WEDNESDAY,SINGLE VEHICLE,N,N,\N,\N,N,FEBRUARY,N,WEST KELOWNA,WEST KELOWNA,\N,N,N,N,SOUTHERN INTERIOR,UNKNOWN,WESTSIDE RD,WESTSIDE RD,09:00-11:59,1,0
Y,PROPERTY DAMAGE ONLY,\N,N,2022,WEDNESDAY,SINGLE VEHICLE,N,N,\N,\N,N,FEBRUARY,N,WILLIAMS LAKE,WILLIAMS LAKE,\N,N,N,N,NORTH CENTRAL,UNKNOWN,HWY 20,HWY 20,09:00-11:59,1,0
Y,PROPERTY DAMAGE ONLY,\N,N,2022,WEDNESDAY,SINGLE VEHICLE,N,N,49.516571,-115.753565,Y,FEBRUARY,N,CRANBROOK,CRANBROOK,CRANBROOK,N,N,N,SOUTHERN INTERIOR,VICTORIA AVE N # 000400 TO 000599,VICTORIA AVE N,VICTORIA AVE N,09:00-11:59,1,0
Y,PROPERTY DAMAGE ONLY,128 ST,N,2022,WEDNESDAY,SINGLE VEHICLE,N,N,\N,\N,N,FEBRUARY,N,DELTA,DELTA,\N,N,N,N,LOWER MAINLAND,UNKNOWN,HWY 10,HWY 10,09:00-11:59,1,0
Y,PROPERTY DAMAGE ONLY,BRAESIDE RD,N,2022,WEDNESDAY,SINGLE VEHICLE,N,Y,54.070905,-124.107668,N,FEBRUARY,N,VANDERHOOF,VANDERHOOF,VANDERHOOF,N,N,N,NORTH CENTRAL,BRAESIDE RD & HWY 27 S & NORTHSIDE RD,HWY 27,HWY 27,09:00-11:59,1,0
Y,PROPERTY DAMAGE ONLY,KNIGHT ST S,N,2022,WEDNESDAY,SINGLE VEHICLE,N,N,\N,\N,N,FEBRUARY,N,CRANBROOK,CRANBROOK,\N,N,N,N,SOUTHERN INTERIOR,UNKNOWN,3 AVE S,3 AVE S,09:00-11:59,1,0
