ANIMAL_FLAG,CRASH_SEVERITY,CROSS_STREET_FULL_NAME,CYCLIST_FLAG,DATE_OF_LOSS_YEAR,DAY_OF_WEEK,DERIVED_CRASH_CONFIGURATION,HEAVY_VEH_FLAG,INTERSECTION_CRASH,LATITUDE,LONGITUDE,MID_BLOCK_CRASH,MONTH_OF_YEAR,MOTORCYCLE_FLAG,Municipality Name (ifnull),MUNICIPALITY_NAME,MUNICIPALITY_WITH_BOUNDARY,PARKED_VEHICLE_FLAG,PARKING_LOT_FLAG,PEDESTRIAN_FLAG,REGION,ROAD_LOCATION_DESCRIPTION,Street Full Name (ifnull),STREET_FULL_NAME,TIME_CATEGORY,TOTAL_CRASHES,TOTAL_VICTIMS
N,CASUALTY CRASH,\N,N,2022,MONDAY,CONFLICTED,N,N,\N,\N,N,OCTOBER,N,DELTA,DELTA,\N,N,N,N,LOWER MAINLAND,UNKNOWN,HWY 99,HWY 99,15:00-17:59,1,1
N,CASUALTY CRASH,\N,N,2022,MONDAY,CONFLICTED,N,N,\N,\N,N,OCTOBER,N,SQUAMISH,SQUAMISH,\N,N,N,N,LOWER MAINLAND,UNKNOWN,HWY 99,HWY 99,15:00-17:59,1,1
N,CASUALTY CRASH,\N,N,2022,MONDAY,CONFLICTED,N,N,48.860156,-123.706669,Y,OCTOBER,N,WESTHOLME,WESTHOLME,WESTHOLME,N,N,N,VANCOUVER ISLAND,WESTHOLME RD # 007420 TO 007599,WESTHOLME RD,WESTHOLME RD,15:00-17:59,1,1
N,CASUALTY CRASH,\N,N,2022,MONDAY,HEAD ON,N,N,\N,\N,N,OCTOBER,N,MERRITT,MERRITT,\N,N,N,N,SOUTHERN INTERIOR,UNKNOWN,HWY 8,HWY 8,15:00-17:59,1,3
N,CASUALTY CRASH,\N,N,2022,MONDAY,HEAD ON,N,N,49.16372,-122.808491,Y,OCTOBER,N,SURREY,SURREY,SURREY,Y,N,N,LOWER MAINLAND,88A AVE # 014900 TO 014999,88A AVE,88A AVE,15:00-17:59,1,2
N,CASUALTY CRASH,\N,N,2022,MONDAY,REAR END,N,N,\N,\N,N,OCTOBER,N,ABBOTSFORD,ABBOTSFORD,\N,N,N,N,LOWER MAINLAND,UNKNOWN,HWY 1,HWY 1,15:00-17:59,1,2
N,CASUALTY CRASH,\N,N,2022,MONDAY,REAR END,N,N,\N,\N,N,OCTOBER,N,BURNABY,BURNABY,\N,N,N,N,LOWER MAINLAND,UNKNOWN,HWY 1,HWY 1,15:00-17:59,1,2
N,CASUALTY CRASH,\N,N,2022,MONDAY,REAR END,N,N,\N,\N,N,OCTOBER,N,COQUITLAM,COQUITLAM,\N,N,N,N,LOWER MAINLAND,UNKNOWN,HWY 1,HWY 1,15:00-17:59,1,2
N,CASUALTY CRASH,\N,N,2022,MONDAY,REAR END,N,N,\N,\N,N,OCTOBER,N,COQUITLAM,COQUITLAM,\N,N,N,N,LOWER MAINLAND,UNKNOWN,TRANS CANADA HIGHWAY,TRANS CANADA HIGHWAY,15:00-17:59,1,1
N,CASUALTY CRASH,\N,N,2022,MONDAY,REAR END,N,N,\N,\N,N,OCTOBER,N,GIBSONS,GIBSONS,\N,N,N,N,LOWER MAINLAND,UNKNOWN,SUNSHINE COAST HIGHWAY,SUNSHINE COAST HIGHWAY,15:00-17:59,1,1
N,CASUALTY CRASH,\N,N,2022,MONDAY,REAR END,N,N,\N,\N,N,OCTOBER,N,KELOWNA,KELOWNA,\N,N,N,N,SOUTHERN INTERIOR,UNKNOWN,BENVOULIN RD,BENVOULIN RD,15:00-17:59,1,1
N,CASUALTY CRASH,\N,N,2022,MONDAY,REAR END,N,N,\N,\N,N,OCTOBER,N,LANGLEY,LANGLEY,\N,Y,N,N,LOWER MAINLAND,UNKNOWN,HWY 1,HWY 1,15:00-17:59,1,1
N,CASUALTY CRASH,\N,N,2022,MONDAY,REAR END,N,N,\N,\N,N,OCTOBER,N,SURREY,SURREY,\N,N,N,N,LOWER MAINLAND,UNKNOWN,16 AVE,16 AVE,15:00-17:59,1,2
N,CASUALTY CRASH,\N,N,2022,MONDAY,REAR END,N,N,\N,\N,N,OCTOBER,N,UNKNOWN,UNKNOWN,\N,N,N,N,UNKNOWN,UNKNOWN,UNKNOWN,UNKNOWN,15:00-17:59,1,1
N,CASUALTY CRASH,\N,N,2022,MONDAY,REAR END,N,N,49.13385,-122.872359,Y,OCTOBER,N,SURREY,SURREY,SURREY,N,Y,N,LOWER MAINLAND,72 AVE # 012600 TO 012698 even,72 AVE,72 AVE,15:00-17:59,1,1
N,CASUALTY CRASH,\N,N,2022,MONDAY,REAR END,N,N,49.254828,-124.790921,Y,OCTOBER,N,PORT ALBERNI,PORT ALBERNI,PORT ALBERNI,N,N,N,VANCOUVER ISLAND,ROGER ST # 003700 TO 004011,ROGER ST,ROGER ST,15:00-17:59,1,1
N,CASUALTY CRASH,\N,N,2022,MONDAY,REAR TO REAR,N,N,49.051115,-122.316955,Y,OCTOBER,N,ABBOTSFORD,ABBOTSFORD,ABBOTSFORD,N,Y,N,LOWER MAINLAND,SOUTH FRASER WAY # 032700 TO 032799,SOUTH FRASER WAY,SOUTH FRASER WAY,15:00-17:59,1,1
N,CASUALTY CRASH,\N,N,2022,MONDAY,SIDE IMPACT,N,N,\N,\N,N,OCTOBER,N,ABBOTSFORD,ABBOTSFORD,\N,N,N,N,LOWER MAINLAND,UNKNOWN,AUTOMALL DR,AUTOMALL DR,15:00-17:59,1,1
N,CASUALTY CRASH,\N,N,2022,MONDAY,SIDE IMPACT,N,N,\N,\N,N,OCTOBER,N,COLWOOD,COLWOOD,\N,N,N,N,VANCOUVER ISLAND,UNKNOWN,ISLAND HWY,ISLAND HWY,15:00-17:59,1,1
N,CASUALTY CRASH,\N,N,2022,MONDAY,SIDE IMPACT,N,N,\N,\N,N,OCTOBER,N,SAANICH,SAANICH,\N,N,Y,N,VANCOUVER ISLAND,UNKNOWN,BORDEN ST,BORDEN ST,15:00-17:59,1,2
N,CASUALTY CRASH,\N,N,2022,MONDAY,SIDE IMPACT,N,N,49.05744,-122.451141,Y,OCTOBER,N,ABBOTSFORD,ABBOTSFORD,ABBOTSFORD,N,N,N,LOWER MAINLAND,FRASER HWY # 027830 TO 027999,FRASER HWY,FRASER HWY,15:00-17:59,1,2
N,CASUALTY CRASH,\N,N,2022,MONDAY,SIDE IMPACT,N,N,49.104097,-122.727071,Y,OCTOBER,N,SURREY,SURREY,SURREY,N,Y,N,LOWER MAINLAND,56 AVE # 017770 TO 017998 even,56 AVE,56 AVE,15:00-17:59,1,1
N,CASUALTY CRASH,\N,N,2022,MONDAY,SIDE IMPACT,N,N,49.280976,-122.92366,Y,OCTOBER,N,BURNABY,BURNABY,BURNABY,N,Y,N,LOWER MAINLAND,UNIVERSITY DR # 008700 TO 008888 even,UNIVERSITY DR,UNIVERSITY DR,15:00-17:59,1,1
N,CASUALTY CRASH,\N,N,2022,MONDAY,SIDE IMPACT,N,N,50.265674,-119.270725,Y,OCTOBER,N,VERNON,VERNON,VERNON,N,N,N,SOUTHERN INTERIOR,30 ST # 003200 TO 003299,30 ST,30 ST,15:00-17:59,1,1
N,CASUALTY CRASH,\N,N,2022,MONDAY,SIDE IMPACT,N,N,51.632145,-121.30045,Y,OCTOBER,N,100 MILE HOUSE,100 MILE HOUSE,100 MILE HOUSE,N,Y,N,NORTH CENTRAL,ALPINE AVE # 000820 TO 000898 even,ALPINE AVE,ALPINE AVE,15:00-17:59,1,1
N,CASUALTY CRASH,\N,N,2022,MONDAY,SINGLE VEHICLE,N,N,\N,\N,N,OCTOBER,N,BEAVERDELL,BEAVERDELL,\N,N,N,N,SOUTHERN INTERIOR,UNKNOWN,HWY 33,HWY 33,15:00-17:59,1,1
N,CASUALTY CRASH,\N,N,2022,MONDAY,SINGLE VEHICLE,N,N,\N,\N,N,OCTOBER,N,CHILLIWACK,CHILLIWACK,\N,N,N,N,LOWER MAINLAND,UNKNOWN,HWY 1,HWY 1,15:00-17:59,1,1
N,CASUALTY CRASH,\N,N,2022,MONDAY,SINGLE VEHICLE,N,N,\N,\N,N,OCTOBER,N,COMOX,COMOX,\N,N,N,N,VANCOUVER ISLAND,UNKNOWN,BC-19S,BC-19S,15:00-17:59,1,1
N,CASUALTY CRASH,\N,N,2022,MONDAY,SINGLE VEHICLE,N,N,\N,\N,N,OCTOBER,N,COURTENAY,COURTENAY,\N,N,N,N,VANCOUVER ISLAND,UNKNOWN,PIERCY RD,PIERCY RD,15:00-17:59,1,2
N,CASUALTY CRASH,\N,N,2022,MONDAY,SINGLE VEHICLE,N,N,\N,\N,N,OCTOBER,N,MISSION,MISSION,\N,N,N,Y,LOWER MAINLAND,UNKNOWN,SHOOK AVE,SHOOK AVE,15:00-17:59,1,1
N,CASUALTY CRASH,\N,N,2022,MONDAY,SINGLE VEHICLE,N,N,\N,\N,N,OCTOBER,N,QUATHIASKI COVE,QUATHIASKI COVE,\N,N,N,N,VANCOUVER ISLAND,UNKNOWN,HYACINTHE BAY RD,HYACINTHE BAY RD,15:00-17:59,1,1
N,CASUALTY CRASH,\N,N,2022,MONDAY,SINGLE VEHICLE,N,N,49.157868,-123.143691,Y,OCTOBER,N,RICHMOND,RICHMOND,RICHMOND,N,N,Y,LOWER MAINLAND,MOFFATT RD # 007360 TO 007999,MOFFATT RD,MOFFATT RD,15:00-17:59,1,1
N,CASUALTY CRASH,\N,N,2022,MONDAY,UNDETERMINED,N,N,\N,\N,N,OCTOBER,N,PARKSVILLE,PARKSVILLE,\N,N,N,N,VANCOUVER ISLAND,UNKNOWN,HWY 19A,HWY 19A,15:00-17:59,1,1
N,CASUALTY CRASH,\N,N,2022,MONDAY,UNDETERMINED,N,N,49.007691,-123.132167,Y,OCTOBER,N,DELTA,DELTA,DELTA,Y,N,N,LOWER MAINLAND,FERRY CAUSEWAY # 000001 TO 000008,FERRY CAUSEWAY,FERRY CAUSEWAY,15:00-17:59,1,1
N,CASUALTY CRASH,\N,N,2022,MONDAY,UNDETERMINED,N,N,49.098586,-121.98684,Y,OCTOBER,N,CHILLIWACK,CHILLIWACK,CHILLIWACK,N,N,N,LOWER MAINLAND,PEACH RD # 005280 TO 005361,PEACH RD,PEACH RD,15:00-17:59,1,2
N,CASUALTY CRASH,\N,Y,2022,MONDAY,SINGLE VEHICLE,N,N,49.11763,-122.845499,Y,OCTOBER,N,SURREY,SURREY,SURREY,N,N,N,LOWER MAINLAND,KING GEORGE BLVD # 006255 TO 006399 odd,KING GEORGE BLVD,KING GEORGE BLVD,15:00-17:59,1,1
N,CASUALTY CRASH,10 AVE SE,N,2022,MONDAY,REAR END,N,Y,50.692583,-119.227421,N,OCTOBER,N,SALMON ARM,SALMON ARM,SALMON ARM,N,N,N,SOUTHERN INTERIOR,10 AVE SE & HWY 97B SE,HWY 97B,HWY 97B,15:00-17:59,1,1
N,CASUALTY CRASH,102 AVE,N,2022,MONDAY,REAR END,N,Y,49.187741,-122.834187,N,OCTOBER,N,SURREY,SURREY,SURREY,N,N,N,LOWER MAINLAND,102 AVE & 140 ST,140 ST,140 ST,15:00-17:59,1,2
N,CASUALTY CRASH,102 AVE,N,2022,MONDAY,UNDETERMINED,N,Y,49.187828,-122.845419,N,OCTOBER,N,SURREY,SURREY,SURREY,N,N,N,LOWER MAINLAND,102 AVE & KING GEORGE BLVD,KING GEORGE BLVD,KING GEORGE BLVD,15:00-17:59,1,2
N,CASUALTY CRASH,103 AVE,N,2022,MONDAY,REAR END,N,Y,49.189345,-122.778518,N,OCTOBER,N,SURREY,SURREY,SURREY,N,N,N,LOWER MAINLAND,103 AVE & 160 ST,160 ST,160 ST,15:00-17:59,1,2
N,CASUALTY CRASH,104 AVE,N,2022,MONDAY,CONFLICTED,Y,Y,49.191466,-122.738252,N,OCTOBER,N,SURREY,SURREY,SURREY,N,N,N,LOWER MAINLAND,104 AVE & 104 AVE ONRAMP & HWY 17 & TURNING LANE,HWY 17,HWY 17,15:00-17:59,1,1
N,CASUALTY CRASH,10TH AVE,N,2022,MONDAY,CONFLICTED,N,Y,49.216882,-122.931469,N,OCTOBER,N,BURNABY,BURNABY,BURNABY & NEW WESTMINSTER,N,N,N,LOWER MAINLAND,10TH AVE & CANADA WAY & EIGHTH ST & TENTH AVE,CANADA WAY,CANADA WAY,15:00-17:59,1,2
N,CASUALTY CRASH,10TH AVE,N,2022,MONDAY,SIDE IMPACT,N,Y,50.674317,-120.31638,N,OCTOBER,N,KAMLOOPS,KAMLOOPS,KAMLOOPS,N,N,N,SOUTHERN INTERIOR,10TH AVE & VICTORIA ST,VICTORIA ST,VICTORIA ST,15:00-17:59,1,1
N,CASUALTY CRASH,116 ST,N,2022,MONDAY,SIDE IMPACT,N,Y,49.140126,-122.901402,N,OCTOBER,N,DELTA,DELTA,DELTA,N,N,N,LOWER MAINLAND,116 ST & 75A AVE,75A AVE,75A AVE,15:00-17:59,1,2
N,CASUALTY CRASH,120 ST,N,2022,MONDAY,REAR END,N,Y,49.108236,-122.890432,N,OCTOBER,N,DELTA,DELTA,DELTA & SURREY,N,N,N,LOWER MAINLAND,120 ST & 58 AVE & HWY 10 & TURNING LANE,HWY 10,HWY 10,15:00-17:59,1,1
N,CASUALTY CRASH,124 ST,N,2022,MONDAY,REAR END,N,Y,49.177136,-122.879287,N,OCTOBER,N,SURREY,SURREY,SURREY,N,N,N,LOWER MAINLAND,124 ST & 96 AVE,96 AVE,96 AVE,15:00-17:59,1,2
N,CASUALTY CRASH,124 ST,N,2022,MONDAY,UNDETERMINED,N,Y,49.163272,-122.879055,N,OCTOBER,N,SURREY,SURREY,SURREY,N,N,N,LOWER MAINLAND,124 ST & 88 AVE & INDUSTRIAL ACCESS & TURNING LANE,88 AVE,88 AVE,15:00-17:59,1,1
N,CASUALTY CRASH,128 ST,N,2022,MONDAY,SIDE IMPACT,N,Y,49.177921,-122.86795,N,OCTOBER,N,SURREY,SURREY,SURREY,N,N,N,LOWER MAINLAND,128 ST & 96A AVE,96A AVE,96A AVE,15:00-17:59,1,2
N,CASUALTY CRASH,140 ST,N,2022,MONDAY,CONFLICTED,N,Y,49.176977,-122.834537,N,OCTOBER,N,SURREY,SURREY,SURREY,N,N,N,LOWER MAINLAND,140 ST & 96 AVE,96 AVE,96 AVE,15:00-17:59,1,1
N,CASUALTY CRASH,140 ST,N,2022,MONDAY,SIDE IMPACT,N,Y,49.149256,-122.834573,N,OCTOBER,N,SURREY,SURREY,SURREY,N,N,N,LOWER MAINLAND,140 ST & 80B AVE,80B AVE,80B AVE,15:00-17:59,1,3
N,CASUALTY CRASH,149 ST,N,2022,MONDAY,CONFLICTED,N,Y,49.1292,-122.808744,N,OCTOBER,N,SURREY,SURREY,SURREY,N,N,N,LOWER MAINLAND,149 ST & 69A AVE,69A AVE,69A AVE,15:00-17:59,1,1
N,CASUALTY CRASH,150 ST,N,2022,MONDAY,SIDE IMPACT,N,Y,49.168148,-122.806734,N,OCTOBER,N,SURREY,SURREY,SURREY,N,N,N,LOWER MAINLAND,150 ST & FRASER HWY,FRASER HWY,FRASER HWY,15:00-17:59,1,1
N,CASUALTY CRASH,152 ST,N,2022,MONDAY,REAR END,N,Y,49.051786,-122.801262,N,OCTOBER,N,SURREY,SURREY,SURREY,N,N,N,LOWER MAINLAND,152 ST & KING GEORGE BLVD & TURNING LANE,KING GEORGE BLVD,KING GEORGE BLVD,15:00-17:59,1,1
N,CASUALTY CRASH,152 ST,N,2022,MONDAY,REAR END,N,Y,49.104433,-122.801032,N,OCTOBER,N,SURREY,SURREY,SURREY,N,N,N,LOWER MAINLAND,152 ST & 56 AVE,HWY 10,HWY 10,15:00-17:59,1,1
N,CASUALTY CRASH,152 ST,N,2022,MONDAY,SIDE IMPACT,N,Y,49.104433,-122.801032,N,OCTOBER,N,SURREY,SURREY,SURREY,N,N,N,LOWER MAINLAND,152 ST & 56 AVE,HWY 10,HWY 10,15:00-17:59,1,1
N,CASUALTY CRASH,156 ST,N,2022,MONDAY,REAR END,N,Y,49.176901,-122.790013,N,OCTOBER,N,SURREY,SURREY,SURREY,N,N,N,LOWER MAINLAND,156 ST & 96 AVE,96 AVE,96 AVE,15:00-17:59,1,1
N,CASUALTY CRASH,159 ST,N,2022,MONDAY,REAR END,N,Y,49.158643,-122.782191,N,OCTOBER,N,SURREY,SURREY,SURREY,N,N,N,LOWER MAINLAND,159 ST & FRASER HWY & VENTURE WAY,FRASER HWY,FRASER HWY,15:00-17:59,1,1
N,CASUALTY CRASH,160 ST,N,2022,MONDAY,CONFLICTED,N,Y,49.049203,-122.779214,N,OCTOBER,N,SURREY,SURREY,SURREY,N,N,N,LOWER MAINLAND,160 ST & 26 AVE & SOUTHRIDGE SCHOOL ACCESS,26 AVE,26 AVE,15:00-17:59,1,2
N,CASUALTY CRASH,164 ST,N,2022,MONDAY,SIDE IMPACT,N,Y,49.162807,-122.767712,N,OCTOBER,N,SURREY,SURREY,SURREY,N,N,N,LOWER MAINLAND,164 ST & 88 AVE,88 AVE,88 AVE,15:00-17:59,1,2
N,CASUALTY CRASH,168 ST,N,2022,MONDAY,SIDE IMPACT,N,Y,49.074936,-122.756791,N,OCTOBER,N,SURREY,SURREY,SURREY,N,N,N,LOWER MAINLAND,168 ST & 40 AVE,40 AVE,40 AVE,15:00-17:59,1,1
N,CASUALTY CRASH,176 ST,N,2022,MONDAY,REAR END,N,Y,49.123376,-122.734931,N,OCTOBER,N,SURREY,SURREY,SURREY,N,N,N,LOWER MAINLAND,176 ST & 66A AVE,66A AVE,66A AVE,15:00-17:59,1,1
N,CASUALTY CRASH,17A AVE,N,2022,MONDAY,UNDETERMINED,N,Y,49.033396,-122.757108,N,OCTOBER,N,SURREY,SURREY,SURREY,N,N,N,LOWER MAINLAND,168 ST & 17A AVE,168 ST,168 ST,15:00-17:59,1,1
N,CASUALTY CRASH,184 ST,N,2022,MONDAY,SINGLE VEHICLE,N,Y,49.03121,-122.713357,N,OCTOBER,N,SURREY,SURREY,SURREY,N,N,N,LOWER MAINLAND,16 AVE & 184 ST,16 AVE,16 AVE,15:00-17:59,1,1
N,CASUALTY CRASH,190 ST,N,2022,MONDAY,CONFLICTED,Y,Y,49.064437,-122.696991,N,OCTOBER,N,SURREY,SURREY,SURREY,N,N,N,LOWER MAINLAND,190 ST & 34A AVE,34A AVE,34A AVE,15:00-17:59,1,1
N,CASUALTY CRASH,198 ST,N,2022,MONDAY,SIDE IMPACT,N,Y,49.104371,-122.674362,N,OCTOBER,N,LANGLEY,LANGLEY,LANGLEY,N,N,N,LOWER MAINLAND,198 ST & 56 AVE,56 AVE,56 AVE,15:00-17:59,1,1
N,CASUALTY CRASH,1ST AVE,N,2022,MONDAY,CONFLICTED,N,N,\N,\N,N,OCTOBER,N,CHILLIWACK,CHILLIWACK,\N,N,N,N,LOWER MAINLAND,UNKNOWN,YOUNG RD,YOUNG RD,15:00-17:59,1,1
N,CASUALTY CRASH,1ST AVE,N,2022,MONDAY,REAR END,N,N,\N,\N,N,OCTOBER,N,VANCOUVER,VANCOUVER,\N,N,N,N,LOWER MAINLAND,UNKNOWN,TERMINAL AVE,TERMINAL AVE,15:00-17:59,1,1
N,CASUALTY CRASH,200 ST,N,2022,MONDAY,CONFLICTED,N,Y,49.111203,-122.668709,N,OCTOBER,N,LANGLEY,LANGLEY,LANGLEY,N,N,N,LOWER MAINLAND,200 ST & LOGAN AVE & PRODUCTION WAY & TURNING LANE,PRODUCTION WAY,PRODUCTION WAY,15:00-17:59,1,1
N,CASUALTY CRASH,216 ST,N,2022,MONDAY,REAR END,N,Y,49.152312,-122.624191,N,OCTOBER,N,LANGLEY,LANGLEY,LANGLEY,N,N,N,LOWER MAINLAND,216 ST & 216 ST OFFRAMP & TRANS-CANADA HWY & TRANS-CANADA HWY ONRAMP & TURNING LANE,HWY 1,HWY 1,15:00-17:59,1,1
N,CASUALTY CRASH,228 ST,N,2022,MONDAY,REAR END,N,Y,49.218926,-122.590286,N,OCTOBER,N,MAPLE RIDGE,MAPLE RIDGE,MAPLE RIDGE,N,N,N,LOWER MAINLAND,119 AVE & 228 ST,119 AVE,119 AVE,15:00-17:59,1,2
N,CASUALTY CRASH,26TH ST,N,2022,MONDAY,REAR END,N,Y,49.676173,-124.982707,N,OCTOBER,N,COURTENAY,COURTENAY,COURTENAY,N,N,N,VANCOUVER ISLAND,26TH ST & CLIFFE AVE,CLIFFE AVE,CLIFFE AVE,15:00-17:59,1,2
N,CASUALTY CRASH,2ND AVE,N,2022,MONDAY,REAR END,N,Y,50.011145,-125.24739,N,OCTOBER,N,CAMPBELL RIVER,CAMPBELL RIVER,CAMPBELL RIVER,N,N,N,VANCOUVER ISLAND,2ND AVE & DOGWOOD ST,DOGWOOD ST,DOGWOOD ST,15:00-17:59,1,1
N,CASUALTY CRASH,2ND AVE,N,2022,MONDAY,SIDE IMPACT,N,Y,49.133767,-123.184215,N,OCTOBER,N,RICHMOND,RICHMOND,RICHMOND,N,N,N,LOWER MAINLAND,2ND AVE & STEVESTON HWY,STEVESTON HWY,STEVESTON HWY,15:00-17:59,1,1
N,CASUALTY CRASH,40 AVE,N,2022,MONDAY,REAR END,N,Y,49.074645,-122.647474,N,OCTOBER,N,LANGLEY,LANGLEY,LANGLEY,N,N,N,LOWER MAINLAND,208 ST & 40 AVE,208 ST,208 ST,15:00-17:59,1,1
N,CASUALTY CRASH,52A ST,N,2022,MONDAY,SIDE IMPACT,N,Y,49.090238,-123.078426,N,OCTOBER,N,DELTA,DELTA,DELTA,N,N,N,LOWER MAINLAND,52A ST & LADNER TRUNK RD,LADNER TRUNK RD,LADNER TRUNK RD,15:00-17:59,1,1
N,CASUALTY CRASH,56 AVE,N,2022,MONDAY,REAR END,N,Y,49.101569,-122.492803,N,OCTOBER,N,LANGLEY,LANGLEY,LANGLEY,N,N,N,LOWER MAINLAND,264 ST & 264 ST OFFRAMP & 264 ST ONRAMP & 56 AVE & 56 AVE OFFRAMP & 56 AVE ONRAMP & TRANS-CANADA HWY & TURNING LANE,264 ST,264 ST,15:00-17:59,1,2
N,CASUALTY CRASH,64 AVE,N,2022,MONDAY,SIDE IMPACT,N,Y,49.119069,-122.801005,N,OCTOBER,N,SURREY,SURREY,SURREY,N,N,N,LOWER MAINLAND,152 ST & 64 AVE,152 ST,152 ST,15:00-17:59,1,2
N,CASUALTY CRASH,65 AVE,N,2022,MONDAY,REAR END,N,Y,49.120778,-122.701719,N,OCTOBER,N,SURREY,SURREY,SURREY,N,N,N,LOWER MAINLAND,188 ST & 65 AVE,188 ST,188 ST,15:00-17:59,1,1
N,CASUALTY CRASH,72 AVE,N,2022,MONDAY,SIDE SWIPE - SAME DIRECTION,N,Y,49.134037,-122.890359,N,OCTOBER,N,DELTA,DELTA,DELTA & SURREY,N,N,N,LOWER MAINLAND,120 ST & 72 AVE,120 ST,120 ST,15:00-17:59,1,2
N,CASUALTY CRASH,74 AVE,N,2022,MONDAY,REAR END,N,Y,49.137218,-122.838681,N,OCTOBER,N,SURREY,SURREY,SURREY,N,N,N,LOWER MAINLAND,138 ST & 74 AVE,138 ST,138 ST,15:00-17:59,1,1
N,CASUALTY CRASH,76 AVE,N,2022,MONDAY,CONFLICTED,N,Y,49.140984,-122.861851,N,OCTOBER,N,SURREY,SURREY,SURREY,N,N,N,LOWER MAINLAND,130 ST & 76 AVE,130 ST,130 ST,15:00-17:59,1,1
N,CASUALTY CRASH,76 AVE,N,2022,MONDAY,REAR END,N,Y,49.140907,-122.834522,N,OCTOBER,N,SURREY,SURREY,SURREY,N,N,N,LOWER MAINLAND,140 ST & 76 AVE,140 ST,140 ST,15:00-17:59,1,1
N,CASUALTY CRASH,78A AVE,N,2022,MONDAY,REAR END,N,Y,49.145422,-122.834549,N,OCTOBER,N,SURREY,SURREY,SURREY,N,N,N,LOWER MAINLAND,140 ST & 78A AVE,140 ST,140 ST,15:00-17:59,1,2
N,CASUALTY CRASH,80 AVE,N,2022,MONDAY,CONFLICTED,N,Y,49.14815,-122.845687,N,OCTOBER,N,SURREY,SURREY,SURREY,N,N,N,LOWER MAINLAND,80 AVE & KING GEORGE BLVD & TURNING LANE,KING GEORGE BLVD,KING GEORGE BLVD,15:00-17:59,1,3
N,CASUALTY CRASH,80 AVE,N,2022,MONDAY,SIDE IMPACT,N,Y,49.148132,-122.867974,N,OCTOBER,N,SURREY,SURREY,SURREY,N,N,N,LOWER MAINLAND,128 ST & 80 AVE,128 ST,128 ST,15:00-17:59,1,1
N,CASUALTY CRASH,80 AVE,N,2022,MONDAY,SINGLE VEHICLE,Y,Y,49.148132,-122.867974,N,OCTOBER,N,SURREY,SURREY,SURREY,N,N,Y,LOWER MAINLAND,128 ST & 80 AVE,128 ST,128 ST,15:00-17:59,1,1
N,CASUALTY CRASH,80 ST,N,2022,MONDAY,REAR END,N,Y,49.142592,-123.001616,N,OCTOBER,N,DELTA,DELTA,DELTA,N,N,N,LOWER MAINLAND,80 ST & VANTAGE WAY,VANTAGE WAY,VANTAGE WAY,15:00-17:59,1,1
N,CASUALTY CRASH,87A AVE,N,2022,MONDAY,HEAD ON,N,Y,49.162517,-122.902158,N,OCTOBER,N,DELTA,DELTA,DELTA,N,N,N,LOWER MAINLAND,116 ST & 87A AVE,116 ST,116 ST,15:00-17:59,1,1
N,CASUALTY CRASH,88 AVE,N,2022,MONDAY,REAR END,N,Y,49.162742,-122.845798,N,OCTOBER,N,SURREY,SURREY,SURREY,N,N,N,LOWER MAINLAND,88 AVE & KING GEORGE BLVD & TURNING LANE,KING GEORGE HWY,KING GEORGE HWY,15:00-17:59,1,2
N,CASUALTY CRASH,88 AVE,N,2022,MONDAY,SIDE IMPACT,N,Y,49.164209,-122.668857,N,OCTOBER,N,LANGLEY,LANGLEY,LANGLEY,N,N,N,LOWER MAINLAND,200 ST & 200 ST OFFRAMP & 88 AVE & 88 AVE ONRAMP & HWY 1 ONRAMP & TRANS-CANADA HWY,200 ST,200 ST,15:00-17:59,1,1
N,CASUALTY CRASH,95A AVE,N,2022,MONDAY,REAR TO REAR,N,Y,49.176086,-122.782101,N,OCTOBER,N,SURREY,SURREY,SURREY,Y,N,N,LOWER MAINLAND,159 ST & 95A AVE,159 ST,159 ST,15:00-17:59,1,1
N,CASUALTY CRASH,96 AVE,N,2022,MONDAY,SIDE IMPACT,N,Y,49.176995,-122.707611,N,OCTOBER,N,SURREY,SURREY,SURREY,N,N,N,LOWER MAINLAND,186 ST & 96 AVE,186 ST,186 ST,15:00-17:59,1,2
N,CASUALTY CRASH,96 ST,N,2022,MONDAY,REAR END,N,Y,49.090494,-122.959532,N,OCTOBER,N,DELTA,DELTA,DELTA,N,N,N,LOWER MAINLAND,96 ST & HORNBY DR & HWY 10 & HWY 99 & LADNER TRUNK RD & LADNER TRUNK RD OFFRAMP & LADNER TRUNK RD ONRAMP,LADNER TRUNK RD,LADNER TRUNK RD,15:00-17:59,1,1
N,CASUALTY CRASH,98 AVE,N,2022,MONDAY,REAR END,N,Y,49.180535,-122.845559,N,OCTOBER,N,SURREY,SURREY,SURREY,N,N,N,LOWER MAINLAND,98 AVE & FRASER HWY & KING GEORGE BLVD & TURNING LANE,KING GEORGE BLVD,KING GEORGE BLVD,15:00-17:59,1,1
N,CASUALTY CRASH,98 ST,N,2022,MONDAY,SIDE IMPACT,N,Y,56.257491,-120.843973,N,OCTOBER,N,FORT ST. JOHN,FORT ST. JOHN,FORT ST. JOHN,N,N,N,NORTH CENTRAL,112 AVE & 98 ST,112 AVE,112 AVE,15:00-17:59,1,1
N,CASUALTY CRASH,ABERDEEN ST,N,2022,MONDAY,REAR END,N,Y,49.232097,-123.028143,N,OCTOBER,N,VANCOUVER,VANCOUVER,VANCOUVER,N,N,N,LOWER MAINLAND,ABERDEEN ST & KINGSWAY,KINGSWAY,KINGSWAY,15:00-17:59,1,1
N,CASUALTY CRASH,ALEX FRASER BRIDGE,N,2022,MONDAY,SIDE SWIPE - SAME DIRECTION,N,Y,49.170914,-122.951312,N,OCTOBER,N,DELTA,DELTA,DELTA & RICHMOND,N,N,N,LOWER MAINLAND,ALEX FRASER BRIDGE & CLIVEDEN AVE & CLIVEDEN AVE OFFRAMP & CLIVEDEN AVE ONRAMP & HWY 91,HWY 91,HWY 91,15:00-17:59,1,1
N,CASUALTY CRASH,ARCOLA ST,N,2022,MONDAY,SIDE IMPACT,N,Y,49.2193,-122.952724,N,OCTOBER,N,BURNABY,BURNABY,BURNABY,N,N,N,LOWER MAINLAND,ARCOLA ST & WALKER AVE,WALKER AVE,WALKER AVE,15:00-17:59,1,1
N,CASUALTY CRASH,ASH ST,N,2022,MONDAY,SIDE IMPACT,N,Y,49.143148,-123.11977,N,OCTOBER,N,RICHMOND,RICHMOND,RICHMOND,N,N,N,LOWER MAINLAND,ASH ST & SAUNDERS RD,SAUNDERS RD,SAUNDERS RD,15:00-17:59,1,3
N,CASUALTY CRASH,ASH ST,Y,2022,MONDAY,SINGLE VEHICLE,N,Y,49.26228,-123.11757,N,OCTOBER,N,VANCOUVER,VANCOUVER,VANCOUVER,N,N,N,LOWER MAINLAND,ASH ST & W 10TH AVE,W 10TH AVE,W 10TH AVE,15:00-17:59,1,1
N,CASUALTY CRASH,AUSTIN AVE,N,2022,MONDAY,CONFLICTED,N,Y,49.248989,-122.865608,N,OCTOBER,N,COQUITLAM,COQUITLAM,COQUITLAM,N,N,N,LOWER MAINLAND,AUSTIN AVE & NELSON ST,NELSON ST,NELSON ST,15:00-17:59,1,1
N,CASUALTY CRASH,BERNARD AVE,N,2022,MONDAY,REAR END,N,Y,49.886299,-119.482752,N,OCTOBER,N,KELOWNA,KELOWNA,KELOWNA,N,N,N,SOUTHERN INTERIOR,BERNARD AVE & ETHEL ST,ETHEL ST,ETHEL ST,15:00-17:59,1,1
N,CASUALTY CRASH,BLACKTHORN DR,N,2022,MONDAY,SINGLE VEHICLE,N,Y,48.589613,-123.419149,N,OCTOBER,Y,CENTRAL SAANICH,CENTRAL SAANICH,CENTRAL SAANICH,N,N,N,VANCOUVER ISLAND,BLACKTHORN DR & EAST SAANICH RD,EAST SAANICH RD,EAST SAANICH RD,15:00-17:59,1,1
N,CASUALTY CRASH,BLUNDELL RD,N,2022,MONDAY,SIDE IMPACT,N,Y,49.155594,-123.1478,N,OCTOBER,N,RICHMOND,RICHMOND,RICHMOND,N,N,N,LOWER MAINLAND,BLUNDELL RD & GILBERT RD,GILBERT RD,GILBERT RD,15:00-17:59,1,3
N,CASUALTY CRASH,BOUNDARY RD,N,2022,MONDAY,REAR END,N,Y,49.232291,-123.023537,N,OCTOBER,N,BURNABY,BURNABY,BURNABY & VANCOUVER,N,N,N,LOWER MAINLAND,BOUNDARY RD & KINGSWAY & TURNING LANE,KINGSWAY,KINGSWAY,15:00-17:59,1,1
N,CASUALTY CRASH,BOUNDARY RD,N,2022,MONDAY,SIDE IMPACT,N,Y,49.232291,-123.023537,N,OCTOBER,N,BURNABY,BURNABY,BURNABY & VANCOUVER,N,N,N,LOWER MAINLAND,BOUNDARY RD & KINGSWAY & TURNING LANE,KINGSWAY,KINGSWAY,15:00-17:59,1,1
N,CASUALTY CRASH,BRIDGEVIEW DR,N,2022,MONDAY,REAR END,N,Y,49.206298,-122.867395,N,OCTOBER,N,SURREY,SURREY,SURREY,N,N,N,LOWER MAINLAND,112A AVE & 128 ST & BRIDGEVIEW DR & KING GEORGE BLVD & TURNING LANE,KING GEORGE BLVD,KING GEORGE BLVD,15:00-17:59,1,1
N,CASUALTY CRASH,BROADWAY ST,N,2022,MONDAY,REAR END,N,Y,49.252845,-122.762324,N,OCTOBER,N,PORT COQUITLAM,PORT COQUITLAM,PORT COQUITLAM,N,N,N,LOWER MAINLAND,BROADWAY ST & COAST MERIDIAN OVERPASS & KINGSWAY AVE & TURNING LANE,KINGSWAY AVE,KINGSWAY AVE,15:00-17:59,1,1
N,CASUALTY CRASH,BURNSIDE RD E,N,2022,MONDAY,REAR END,N,Y,48.44418,-123.373861,N,OCTOBER,N,VICTORIA,VICTORIA,VICTORIA,N,N,N,VANCOUVER ISLAND,BURNSIDE RD E & FINLAYSON ST & JUTLAND RD,FINLAYSON ST,FINLAYSON ST,15:00-17:59,1,1
N,CASUALTY CRASH,CALLAGHAN AVE,N,2022,MONDAY,REAR END,N,Y,49.213349,-122.604136,N,OCTOBER,N,MAPLE RIDGE,MAPLE RIDGE,MAPLE RIDGE,N,N,N,LOWER MAINLAND,116 AVE & 223 ST & CALLAGHAN AVE & HANEY BYPASS & TURNING LANE,HANEY BYPASS,HANEY BYPASS,15:00-17:59,1,1
N,CASUALTY CRASH,CAMBIE RD,N,2022,MONDAY,REAR END,N,Y,49.184608,-123.13753,N,OCTOBER,N,RICHMOND,RICHMOND,RICHMOND,N,N,N,LOWER MAINLAND,CAMBIE RD & RIVER PKY,RIVER PKY,RIVER PKY,15:00-17:59,1,2
N,CASUALTY CRASH,CAPE HORN AVE,N,2022,MONDAY,SIDE IMPACT,N,Y,49.238619,-122.822553,N,OCTOBER,N,COQUITLAM,COQUITLAM,COQUITLAM,N,N,N,LOWER MAINLAND,CAPE HORN AVE & UNITED BLVD,UNITED BLVD,UNITED BLVD,15:00-17:59,1,1
N,CASUALTY CRASH,CARDERO ST,N,2022,MONDAY,REAR END,N,Y,49.290575,-123.130597,N,OCTOBER,N,VANCOUVER,VANCOUVER,VANCOUVER,N,N,N,LOWER MAINLAND,CARDERO ST & W GEORGIA ST & W PENDER ST,W PENDER ST,W PENDER ST,15:00-17:59,1,1
N,CASUALTY CRASH,CARNEY ST,N,2022,MONDAY,CONFLICTED,N,Y,53.915397,-122.769275,N,OCTOBER,N,PRINCE GEORGE,PRINCE GEORGE,PRINCE GEORGE,N,N,N,NORTH CENTRAL,10TH AVE & CARNEY ST,10TH AVE,10TH AVE,15:00-17:59,1,1
N,CASUALTY CRASH,CENTRAL BLVD,N,2022,MONDAY,REAR END,N,Y,49.221944,-122.997217,N,OCTOBER,N,BURNABY,BURNABY,BURNABY,N,N,N,LOWER MAINLAND,CENTRAL BLVD & IMPERIAL ST & WAVERLEY AVE & TURNING LANE,IMPERIAL ST,IMPERIAL ST,15:00-17:59,1,1
N,CASUALTY CRASH,CHARLES ST,N,2022,MONDAY,CONFLICTED,N,Y,49.273012,-123.065693,N,OCTOBER,N,VANCOUVER,VANCOUVER,VANCOUVER,Y,N,N,LOWER MAINLAND,CHARLES ST & VICTORIA DR,VICTORIA DR,VICTORIA DR,15:00-17:59,1,1
N,CASUALTY CRASH,CHILKO DR,N,2022,MONDAY,REAR END,N,Y,49.263091,-122.79815,N,OCTOBER,N,COQUITLAM,COQUITLAM,COQUITLAM,N,N,N,LOWER MAINLAND,CHILKO DR & COMO LAKE AVE & LOUGHEED HWY & SHARPE ST & TURNING LANE,LOUGHEED HWY,LOUGHEED HWY,15:00-17:59,1,1
N,CASUALTY CRASH,CHRISTMAS WAY,N,2022,MONDAY,SINGLE VEHICLE,N,Y,49.271863,-122.790555,N,OCTOBER,Y,COQUITLAM,COQUITLAM,COQUITLAM & PORT COQUITLAM,N,N,N,LOWER MAINLAND,CHRISTMAS WAY & WESTWOOD ST,WESTWOOD ST,WESTWOOD ST,15:00-17:59,1,1
N,CASUALTY CRASH,CLEARBROOK RD,N,2022,MONDAY,REAR END,N,Y,49.016497,-122.337519,N,OCTOBER,N,ABBOTSFORD,ABBOTSFORD,ABBOTSFORD,N,N,N,LOWER MAINLAND,CLEARBROOK RD & HUNTINGDON RD,HUNTINGDON RD,HUNTINGDON RD,15:00-17:59,1,2
N,CASUALTY CRASH,CLEARBROOK RD,N,2022,MONDAY,REAR END,N,Y,49.037752,-122.3377,N,OCTOBER,N,ABBOTSFORD,ABBOTSFORD,ABBOTSFORD,N,N,N,LOWER MAINLAND,CLEARBROOK RD & CLEARBROOK RD OFFRAMP & CLEARBROOK RD ONRAMP & MARSHALL RD & MARSHALL RD OFFRAMP & MARSHALL RD ONRAMP & TRANS-CANADA HWY & TURNING LANE,HWY 1,HWY 1,15:00-17:59,1,2
N,CASUALTY CRASH,CLYDE AVE,N,2022,MONDAY,SINGLE VEHICLE,N,Y,49.328779,-123.156762,N,OCTOBER,N,WEST VANCOUVER,WEST VANCOUVER,WEST VANCOUVER,N,N,Y,LOWER MAINLAND,15TH ST & CLYDE AVE,15TH ST,15TH ST,15:00-17:59,1,1
N,CASUALTY CRASH,COMOX VALLEY PKY OVERPASS,N,2022,MONDAY,REAR END,N,Y,49.632931,-125.009234,N,OCTOBER,N,COURTENAY,COURTENAY,COURTENAY,N,N,N,VANCOUVER ISLAND,CUMBERLAND RD & INLAND ISLAND HWY,CUMBERLAND RD,CUMBERLAND RD,15:00-17:59,1,2
N,CASUALTY CRASH,DEAN PARK RD,N,2022,MONDAY,REAR END,N,Y,48.617499,-123.416545,N,OCTOBER,N,NORTH SAANICH,NORTH SAANICH,NORTH SAANICH,N,N,N,VANCOUVER ISLAND,DEAN PARK RD & EAST SAANICH RD,EAST SAANICH RD,EAST SAANICH RD,15:00-17:59,1,1
N,CASUALTY CRASH,DEER LAKE PKY,N,2022,MONDAY,REAR END,N,Y,49.242961,-123.003329,N,OCTOBER,N,BURNABY,BURNABY,BURNABY,N,N,N,LOWER MAINLAND,DEER LAKE PKY & MOSCROP ST & WILLINGDON AVE,WILLINGDON AVE,WILLINGDON AVE,15:00-17:59,1,1
N,CASUALTY CRASH,DEWDNEY TRUNK RD,N,2022,MONDAY,REAR END,N,Y,49.220531,-122.639416,N,OCTOBER,N,MAPLE RIDGE,MAPLE RIDGE,MAPLE RIDGE,N,N,N,LOWER MAINLAND,210 ST & DEWDNEY TRUNK RD,210 ST,210 ST,15:00-17:59,1,1
N,CASUALTY CRASH,DEWDNEY TRUNK RD,N,2022,MONDAY,REAR END,N,Y,49.242992,-122.719547,N,OCTOBER,N,PITT MEADOWS,PITT MEADOWS,PITT MEADOWS,N,N,N,LOWER MAINLAND,KENNEDY RD & LOUGHEED HWY & OLD DEWDNEY TRUNK RD & TURNING LANE,LOUGHEED HWY,LOUGHEED HWY,15:00-17:59,1,1
N,CASUALTY CRASH,E 12TH AVE,N,2022,MONDAY,SIDE IMPACT,N,Y,49.259722,-123.087196,N,OCTOBER,N,VANCOUVER,VANCOUVER,VANCOUVER,N,N,N,LOWER MAINLAND,E 12TH AVE & PRINCE ALBERT ST,PRINCE ALBERT ST,PRINCE ALBERT ST,15:00-17:59,1,2
N,CASUALTY CRASH,E 12TH AVE,Y,2022,MONDAY,SINGLE VEHICLE,N,Y,49.259765,-123.093051,N,OCTOBER,N,VANCOUVER,VANCOUVER,VANCOUVER,N,N,N,LOWER MAINLAND,E 12TH AVE & ST GEORGE ST,ST GEORGE ST,ST GEORGE ST,15:00-17:59,1,1
N,CASUALTY CRASH,E 31ST AVE,N,2022,MONDAY,REAR END,N,Y,49.242595,-123.09032,N,OCTOBER,N,VANCOUVER,VANCOUVER,VANCOUVER,N,N,N,LOWER MAINLAND,E 31ST AVE & FRASER ST,FRASER ST,FRASER ST,15:00-17:59,1,1
N,CASUALTY CRASH,E 4TH AVE,Y,2022,MONDAY,UNDETERMINED,N,Y,49.267345,-123.102788,N,OCTOBER,N,VANCOUVER,VANCOUVER,VANCOUVER,Y,N,N,LOWER MAINLAND,E 4TH AVE & QUEBEC ST,QUEBEC ST,QUEBEC ST,15:00-17:59,1,1
N,CASUALTY CRASH,E SAANICH RD,N,2022,MONDAY,REAR END,N,N,\N,\N,N,OCTOBER,N,NORTH SAANICH,NORTH SAANICH,\N,N,N,N,VANCOUVER ISLAND,UNKNOWN,WILLINGDON RD,WILLINGDON RD,15:00-17:59,1,1
N,CASUALTY CRASH,EAST RD,N,2022,MONDAY,CONFLICTED,N,Y,49.314547,-122.855691,N,OCTOBER,Y,ANMORE,ANMORE,ANMORE,N,N,N,LOWER MAINLAND,EAST RD & SUNNYSIDE RD,SUNNYSIDE RD,SUNNYSIDE RD,15:00-17:59,1,1
N,CASUALTY CRASH,ENTERPRISE ST,N,2022,MONDAY,REAR END,N,Y,49.230591,-124.041782,N,OCTOBER,N,NANAIMO,NANAIMO,NANAIMO,N,N,N,VANCOUVER ISLAND,ENTERPRISE ST & ISLAND HWY N & TURNING LANE,ISLAND HWY N,ISLAND HWY N,15:00-17:59,1,1
N,CASUALTY CRASH,ETHEL ST,N,2022,MONDAY,REAR END,N,Y,49.893532,-119.482773,N,OCTOBER,N,KELOWNA,KELOWNA,KELOWNA,N,N,N,SOUTHERN INTERIOR,CLEMENT AVE & ETHEL ST,CLEMENT AVE,CLEMENT AVE,15:00-17:59,1,1
N,CASUALTY CRASH,FRANKLIN RD,N,2022,MONDAY,REAR END,N,Y,50.751302,-120.354748,N,OCTOBER,N,KAMLOOPS,KAMLOOPS,KAMLOOPS,N,N,N,SOUTHERN INTERIOR,AGASSIZ RD & FRANKLIN RD & WESTSYDE RD,WESTSYDE RD,WESTSYDE RD,15:00-17:59,1,2
N,CASUALTY CRASH,FRASER HWY,N,2022,MONDAY,REAR END,N,Y,49.082213,-122.581347,N,OCTOBER,N,LANGLEY,LANGLEY,LANGLEY,N,N,N,LOWER MAINLAND,232 ST & FRASER HWY,232 ST,232 ST,15:00-17:59,1,1
N,CASUALTY CRASH,FRASER HWY,N,2022,MONDAY,REAR END,N,Y,49.170325,-122.812309,N,OCTOBER,N,SURREY,SURREY,SURREY,N,N,N,LOWER MAINLAND,148 ST & FRASER HWY & TURNING LANE,148 ST,148 ST,15:00-17:59,1,1
N,CASUALTY CRASH,FRASER HWY,N,2022,MONDAY,REAR END,N,Y,49.178795,-122.834372,N,OCTOBER,N,SURREY,SURREY,SURREY,N,N,N,LOWER MAINLAND,140 ST & FRASER HWY,140 ST,140 ST,15:00-17:59,1,1
N,CASUALTY CRASH,GAGLARDI WAY,N,2022,MONDAY,REAR END,N,Y,49.273648,-122.925652,N,OCTOBER,N,BURNABY,BURNABY,BURNABY,N,N,N,LOWER MAINLAND,BURNABY MOUNTAIN PKY & BURNABY MOUNTAIN PKY OFFRAMP & GAGLARDI WAY & GAGLARDI WAY OFFRAMP & UNIVERSITY DR & UNIVERSITY DR OFFRAMP,BURNABY MOUNTAIN PKY,BURNABY MOUNTAIN PKY,15:00-17:59,1,1
N,CASUALTY CRASH,GARDEN ST,N,2022,MONDAY,SIDE IMPACT,N,Y,49.053415,-122.321548,N,OCTOBER,N,ABBOTSFORD,ABBOTSFORD,ABBOTSFORD,N,N,N,LOWER MAINLAND,GARDEN ST & SIMON AVE,SIMON AVE,SIMON AVE,15:00-17:59,1,1
N,CASUALTY CRASH,GARDEN ST,Y,2022,MONDAY,SINGLE VEHICLE,N,Y,49.051303,-122.321575,N,OCTOBER,N,ABBOTSFORD,ABBOTSFORD,ABBOTSFORD,N,N,N,LOWER MAINLAND,GARDEN ST & SOUTH FRASER WAY,SOUTH FRASER WAY,SOUTH FRASER WAY,15:00-17:59,1,1
N,CASUALTY CRASH,GARRETT ST,N,2022,MONDAY,HEAD ON,N,Y,49.231577,-122.88886,N,OCTOBER,N,NEW WESTMINSTER,NEW WESTMINSTER,NEW WESTMINSTER,N,N,N,LOWER MAINLAND,BRAID ST & GARRETT ST,BRAID ST,BRAID ST,15:00-17:59,1,1
N,CASUALTY CRASH,GILMORE AVE,N,2022,MONDAY,SIDE IMPACT,N,Y,49.282899,-123.014164,N,OCTOBER,N,BURNABY,BURNABY,BURNABY,N,N,N,LOWER MAINLAND,GILMORE AVE & PANDORA ST,PANDORA ST,PANDORA ST,15:00-17:59,1,2
N,CASUALTY CRASH,GLADWIN RD,N,2022,MONDAY,HEAD ON,N,Y,49.103838,-122.316353,N,OCTOBER,N,ABBOTSFORD,ABBOTSFORD,ABBOTSFORD,N,N,N,LOWER MAINLAND,GLADWIN RD & HARRIS RD,HARRIS RD,HARRIS RD,15:00-17:59,1,1
N,CASUALTY CRASH,GLENTANA RD,N,2022,MONDAY,REAR END,N,Y,48.449712,-123.425818,N,OCTOBER,N,VIEW ROYAL,VIEW ROYAL,VIEW ROYAL,N,N,N,VANCOUVER ISLAND,ADMIRALS RD & GLENTANA RD,ADMIRALS RD,ADMIRALS RD,15:00-17:59,1,1
N,CASUALTY CRASH,GOLDEN EARS BRIDGE,N,2022,MONDAY,REAR END,N,Y,49.184593,-122.665079,N,OCTOBER,N,LANGLEY,LANGLEY,LANGLEY,N,N,N,LOWER MAINLAND,100A AVE & GOLDEN EARS BRIDGE & GOLDEN EARS WAY,GOLDEN EARS WAY,GOLDEN EARS WAY,15:00-17:59,1,1
N,CASUALTY CRASH,GOLDEN EARS WAY,N,2022,MONDAY,CONFLICTED,N,Y,49.176409,-122.734716,N,OCTOBER,N,SURREY,SURREY,SURREY,N,N,N,LOWER MAINLAND,176 ST & 96 AVE & GOLDEN EARS WAY & TURNING LANE,96 AVE,96 AVE,15:00-17:59,1,1
N,CASUALTY CRASH,GRANVILLE AVE,N,2022,MONDAY,REAR END,N,Y,49.162725,-123.136579,N,OCTOBER,N,RICHMOND,RICHMOND,RICHMOND,N,N,N,LOWER MAINLAND,GRANVILLE AVE & NO 3 RD,NO 3 RD,NO 3 RD,15:00-17:59,1,1
N,CASUALTY CRASH,GRANVILLE ST,Y,2022,MONDAY,SINGLE VEHICLE,N,Y,49.208534,-123.140534,N,OCTOBER,N,VANCOUVER,VANCOUVER,VANCOUVER,N,N,N,LOWER MAINLAND,GRANVILLE ST & W 70TH AVE,W 70TH AVE,W 70TH AVE,15:00-17:59,1,1
N,CASUALTY CRASH,GRAY RD,N,2022,MONDAY,SIDE IMPACT,N,Y,49.888023,-119.386883,N,OCTOBER,N,KELOWNA,KELOWNA,KELOWNA,N,N,N,SOUTHERN INTERIOR,GRAY RD & RUTLAND RD S,RUTLAND RD S,RUTLAND RD S,15:00-17:59,1,1
N,CASUALTY CRASH,HAMM ROAD,N,2022,MONDAY,UNDETERMINED,N,N,\N,\N,N,OCTOBER,N,CAMPBELL RIVER,CAMPBELL RIVER,\N,N,N,N,VANCOUVER ISLAND,UNKNOWN,HWY 19,HWY 19,15:00-17:59,1,1
N,CASUALTY CRASH,HAMMOND RD,N,2022,MONDAY,SIDE IMPACT,N,Y,49.212176,-122.658714,N,OCTOBER,N,MAPLE RIDGE,MAPLE RIDGE,MAPLE RIDGE,N,N,N,LOWER MAINLAND,113B AVE & 203 ST & HAMMOND ELEMENTARY SCHOOL ACCESS & HAMMOND RD & MAPLE CRES & TURNING LANE,203 ST,203 ST,15:00-17:59,1,1
N,CASUALTY CRASH,HARO ST,N,2022,MONDAY,UNDETERMINED,N,Y,49.283895,-123.125911,N,OCTOBER,N,VANCOUVER,VANCOUVER,VANCOUVER,N,N,N,LOWER MAINLAND,HARO ST & THURLOW ST,THURLOW ST,THURLOW ST,15:00-17:59,1,2
N,CASUALTY CRASH,HIGHBURY ST,N,2022,MONDAY,HEAD ON,N,Y,49.263533,-123.187814,N,OCTOBER,N,VANCOUVER,VANCOUVER,VANCOUVER,N,N,N,LOWER MAINLAND,HIGHBURY ST & W 10TH AVE,W 10TH AVE,W 10TH AVE,15:00-17:59,1,1
N,CASUALTY CRASH,HWY 1,N,2022,MONDAY,REAR END,N,Y,49.033431,-122.266381,N,OCTOBER,N,ABBOTSFORD,ABBOTSFORD,ABBOTSFORD,N,N,N,LOWER MAINLAND,LONZO RD & SUMAS WAY & SUMAS WAY OFFRAMP & SUMAS WAY ONRAMP & TRANS-CANADA HWY & TURNING LANE,SUMAS WAY,SUMAS WAY,15:00-17:59,1,1
N,CASUALTY CRASH,HWY 10,N,2022,MONDAY,REAR END,N,Y,49.104123,-122.712681,N,OCTOBER,N,SURREY,SURREY,SURREY,N,N,N,LOWER MAINLAND,184 ST & 56 AVE,184 ST,184 ST,15:00-17:59,1,1
N,CASUALTY CRASH,HWY 10,N,2022,MONDAY,REAR END,N,Y,49.104465,-122.80617,N,OCTOBER,N,SURREY,SURREY,SURREY,N,N,N,LOWER MAINLAND,56 AVE & PANORAMA DR & TURNING LANE,PANORAMA DR,PANORAMA DR,15:00-17:59,1,1
N,CASUALTY CRASH,HWY 10,N,2022,MONDAY,REAR END,N,Y,49.113414,-122.668651,N,OCTOBER,N,LANGLEY,LANGLEY,LANGLEY,N,N,N,LOWER MAINLAND,200 ST & LANGLEY BYPASS & TURNING LANE,200 ST,200 ST,15:00-17:59,1,2
N,CASUALTY CRASH,HWY 15,N,2022,MONDAY,SIDE IMPACT,N,Y,49.138147,-122.734746,N,OCTOBER,N,SURREY,SURREY,SURREY,N,N,N,LOWER MAINLAND,176 ST & FRASER HWY & HARVIE RD & TURNING LANE,FRASER HWY,FRASER HWY,15:00-17:59,1,1
N,CASUALTY CRASH,HWY 15,N,2022,MONDAY,SIDE IMPACT,Y,Y,49.097412,-122.735281,N,OCTOBER,N,SURREY,SURREY,SURREY,N,N,N,LOWER MAINLAND,175 ST & 176 ST & CLOVERDALE BYPASS & TURNING LANE,176 ST,176 ST,15:00-17:59,1,2
N,CASUALTY CRASH,HWY 17,N,2022,MONDAY,CONFLICTED,Y,Y,49.146506,-122.944458,N,OCTOBER,N,DELTA,DELTA,DELTA,N,N,N,LOWER MAINLAND,HWY 17 & HWY 91 & HWY 91 CONN & HWY 91 CONN OFFRAMP & HWY 91 CONN ONRAMP & NORDEL WAY & NORDEL WAY OFFRAMP & NORDEL WAY ONRAMP & NORDEL WAY OVERPASS & WEIGH SCALE RD & SCALE ACCESS & TURNING LANE,HWY 91 CONNECTR,HWY 91 CONNECTR,15:00-17:59,1,1
N,CASUALTY CRASH,HWY 17,N,2022,MONDAY,SIDE IMPACT,N,Y,49.196182,-122.893087,N,OCTOBER,N,SURREY,SURREY,SURREY,N,N,N,LOWER MAINLAND,103A AVE & HWY 17 & HWY 17 OFFRAMP & HWY 17 ONRAMP & TANNERY RD & TANNERY RD OFFRAMP & TURNING LANE,TANNERY RD,TANNERY RD,15:00-17:59,1,1
N,CASUALTY CRASH,HWY 91,N,2022,MONDAY,REAR END,N,N,\N,\N,N,OCTOBER,N,DELTA,DELTA,\N,N,N,N,LOWER MAINLAND,UNKNOWN,RIVER RD,RIVER RD,15:00-17:59,1,1
N,CASUALTY CRASH,KALMAR RD,N,2022,MONDAY,REAR END,N,Y,49.204913,-122.837305,N,OCTOBER,N,SURREY,SURREY,SURREY,N,N,N,LOWER MAINLAND,HANSEN RD & KALMAR RD,HANSEN RD,HANSEN RD,15:00-17:59,1,1
N,CASUALTY CRASH,KALTASIN RD,N,2022,MONDAY,REAR END,N,Y,48.387265,-123.687465,N,OCTOBER,N,SOOKE,SOOKE,SOOKE,N,N,N,VANCOUVER ISLAND,KALTASIN RD & SASEENOS ELEMENTARY SCHOOL ACCESS & SOOKE RD,SOOKE RD,SOOKE RD,15:00-17:59,1,1
N,CASUALTY CRASH,KENSINGTON AVE,N,2022,MONDAY,SIDE IMPACT,N,N,\N,\N,N,OCTOBER,N,BURNABY,BURNABY,\N,N,N,N,LOWER MAINLAND,UNKNOWN,KENSINGTON AVE,KENSINGTON AVE,15:00-17:59,1,1
N,CASUALTY CRASH,KING GEORGE BLVD,N,2022,MONDAY,CONFLICTED,N,Y,49.140852,-122.845634,N,OCTOBER,N,SURREY,SURREY,SURREY,N,N,N,LOWER MAINLAND,76 AVE & KING GEORGE BLVD & TURNING LANE,76 AVE,76 AVE,15:00-17:59,1,1
N,CASUALTY CRASH,KINGSWAY,N,2022,MONDAY,REAR END,N,Y,49.22195,-122.979416,N,OCTOBER,N,BURNABY,BURNABY,BURNABY,N,N,N,LOWER MAINLAND,IMPERIAL ST & KINGSWAY,IMPERIAL ST,IMPERIAL ST,15:00-17:59,1,1
N,CASUALTY CRASH,KINGSWAY,N,2022,MONDAY,SIDE SWIPE - SAME DIRECTION,N,Y,49.245143,-123.065173,N,OCTOBER,N,VANCOUVER,VANCOUVER,VANCOUVER,N,N,N,LOWER MAINLAND,KINGSWAY & VICTORIA DR,VICTORIA DR,VICTORIA DR,15:00-17:59,1,1
N,CASUALTY CRASH,LANGLEY BYPASS,N,2022,MONDAY,REAR END,N,Y,49.111887,-122.675391,N,OCTOBER,N,LANGLEY,LANGLEY,LANGLEY,N,N,N,LOWER MAINLAND,FRASER HWY & LANGLEY BYPASS & TURNING LANE,FRASER HWY,FRASER HWY,15:00-17:59,1,1
N,CASUALTY CRASH,LINTON ST,N,2022,MONDAY,SIDE IMPACT,N,Y,49.263375,-122.840831,N,OCTOBER,N,COQUITLAM,COQUITLAM,COQUITLAM,N,N,N,LOWER MAINLAND,COMO LAKE AVE & LINTON ST,COMO LAKE AVE,COMO LAKE AVE,15:00-17:59,1,2
N,CASUALTY CRASH,LOUGHEED HWY,N,2022,MONDAY,REAR END,N,Y,49.252391,-122.912547,N,OCTOBER,N,BURNABY,BURNABY,BURNABY,N,N,N,LOWER MAINLAND,GAGLARDI WAY & LOUGHEED HWY & TURNING LANE,GAGLARDI WAY,GAGLARDI WAY,15:00-17:59,1,3
N,CASUALTY CRASH,LOWER SUMAS MOUNTAIN RD,N,2022,MONDAY,MULTIPLE IMPACTS,N,Y,49.045696,-122.224005,N,OCTOBER,N,ABBOTSFORD,ABBOTSFORD,ABBOTSFORD,N,N,N,LOWER MAINLAND,LOWER SUMAS MOUNTAIN RD & WHATCOM RD,WHATCOM RD,WHATCOM RD,15:00-17:59,1,1
N,CASUALTY CRASH,MACDONALD ST,Y,2022,MONDAY,SINGLE VEHICLE,N,Y,49.249097,-123.167842,N,OCTOBER,N,VANCOUVER,VANCOUVER,VANCOUVER,N,N,N,LOWER MAINLAND,MACDONALD ST & OLIVER CRES,OLIVER CRES,OLIVER CRES,15:00-17:59,1,1
N,CASUALTY CRASH,MAIN ST,N,2022,MONDAY,REAR END,Y,Y,49.260193,-123.101079,N,OCTOBER,N,VANCOUVER,VANCOUVER,VANCOUVER,N,N,N,LOWER MAINLAND,E 12TH AVE & MAIN ST,E 12TH AVE,E 12TH AVE,15:00-17:59,1,2
N,CASUALTY CRASH,MAPLE ST,N,2022,MONDAY,REAR END,N,Y,49.264988,-122.781072,N,OCTOBER,N,PORT COQUITLAM,PORT COQUITLAM,PORT COQUITLAM,N,N,N,LOWER MAINLAND,KINGSWAY AVE & MAPLE ST,KINGSWAY AVE,KINGSWAY AVE,15:00-17:59,1,1
N,CASUALTY CRASH,MARINER WAY,N,2022,MONDAY,REAR END,N,Y,49.249074,-122.815642,N,OCTOBER,N,COQUITLAM,COQUITLAM,COQUITLAM,N,N,N,LOWER MAINLAND,AUSTIN AVE & MARINER WAY & TURNING LANE,AUSTIN AVE,AUSTIN AVE,15:00-17:59,1,2
N,CASUALTY CRASH,MARINER WAY,N,2022,MONDAY,REAR END,N,Y,49.277254,-122.801671,N,OCTOBER,N,COQUITLAM,COQUITLAM,COQUITLAM,N,N,N,LOWER MAINLAND,BARNET HWY & JOHNSON ST & MARINER WAY & TURNING LANE,BARNET HWY,BARNET HWY,15:00-17:59,1,1
N,CASUALTY CRASH,MCCALLUM RD,N,2022,MONDAY,HEAD ON,N,Y,49.03129,-122.293023,N,OCTOBER,N,ABBOTSFORD,ABBOTSFORD,ABBOTSFORD,N,N,N,LOWER MAINLAND,KING RD & MCCALLUM RD & PRIVATE DRIVEWAY & TURNING LANE,KING RD,KING RD,15:00-17:59,1,2
N,CASUALTY CRASH,MCCALLUM RD,N,2022,MONDAY,SIDE IMPACT,N,Y,49.058815,-122.294154,N,OCTOBER,N,ABBOTSFORD,ABBOTSFORD,ABBOTSFORD,N,N,N,LOWER MAINLAND,MACLURE RD & MCCALLUM RD & TURNING LANE,MACLURE RD,MACLURE RD,15:00-17:59,1,2
N,CASUALTY CRASH,MCMURRAY AVE,N,2022,MONDAY,REAR END,N,Y,49.227438,-122.996408,N,OCTOBER,N,BURNABY,BURNABY,BURNABY,N,N,N,LOWER MAINLAND,KINGSWAY & MCMURRAY AVE,KINGSWAY,KINGSWAY,15:00-17:59,1,1
N,CASUALTY CRASH,MEADOWLARK RD,N,2022,MONDAY,SIDE IMPACT,N,Y,50.314848,-119.24724,N,OCTOBER,N,VERNON,VERNON,VERNON,N,N,N,SOUTHERN INTERIOR,HWY 97 & MEADOWLARK RD & TURNING LANE,HWY 97,HWY 97,15:00-17:59,1,3
N,CASUALTY CRASH,MICHAUD CRES,N,2022,MONDAY,CONFLICTED,N,Y,49.100643,-122.668748,N,OCTOBER,N,LANGLEY,LANGLEY,LANGLEY,N,N,N,LOWER MAINLAND,200 ST & BLACK CREEK TRAIL & MICHAUD CRES & TURNING LANE,200 ST,200 ST,15:00-17:59,1,2
N,CASUALTY CRASH,MOUNTAIN HWY,N,2022,MONDAY,REAR END,N,Y,49.308812,-123.031974,N,OCTOBER,N,NORTH VANCOUVER,NORTH VANCOUVER,NORTH VANCOUVER,N,N,N,LOWER MAINLAND,CROWN ST & MOUNTAIN HWY,CROWN ST,CROWN ST,15:00-17:59,1,1
N,CASUALTY CRASH,N DEROCHE RD,N,2022,MONDAY,SINGLE VEHICLE,N,N,\N,\N,N,OCTOBER,N,DEROCHE,DEROCHE,\N,N,N,N,LOWER MAINLAND,UNKNOWN,HWY 7,HWY 7,15:00-17:59,1,1
N,CASUALTY CRASH,NEVILLE ST,N,2022,MONDAY,SIDE IMPACT,N,Y,49.213857,-122.977465,N,OCTOBER,N,BURNABY,BURNABY,BURNABY,N,N,N,LOWER MAINLAND,BULLER AVE & NEVILLE ST,BULLER AVE,BULLER AVE,15:00-17:59,1,1
N,CASUALTY CRASH,NO 1 RD,N,2022,MONDAY,SIDE IMPACT,N,Y,49.133761,-123.181304,N,OCTOBER,N,RICHMOND,RICHMOND,RICHMOND,N,N,N,LOWER MAINLAND,NO 1 RD & STEVESTON HWY,STEVESTON HWY,STEVESTON HWY,15:00-17:59,1,4
N,CASUALTY CRASH,NORANDA RD E,N,2022,MONDAY,REAR END,N,Y,53.961853,-122.746208,N,OCTOBER,N,PRINCE GEORGE,PRINCE GEORGE,PRINCE GEORGE,N,N,N,NORTH CENTRAL,NORANDA RD E & NORTHWOOD PULPMILL RD,NORTHWOOD PULPMILL RD,NORTHWOOD PULPMILL RD,15:00-17:59,1,4
N,CASUALTY CRASH,NORTH NECHAKO RD,N,2022,MONDAY,SIDE IMPACT,N,N,\N,\N,N,OCTOBER,N,PRINCE GEORGE,PRINCE GEORGE,\N,N,N,N,NORTH CENTRAL,UNKNOWN,FOOTHILLS BLVD,FOOTHILLS BLVD,15:00-17:59,1,2
N,CASUALTY CRASH,NORTH RD,N,2022,MONDAY,REAR END,N,Y,49.2534,-122.892975,N,OCTOBER,N,BURNABY,BURNABY,BURNABY & COQUITLAM,N,N,N,LOWER MAINLAND,CAMERON ST & NORTH RD,CAMERON ST,CAMERON ST,15:00-17:59,1,1
N,CASUALTY CRASH,OLD YALE RD,N,2022,MONDAY,REAR END,N,Y,49.189336,-122.861573,N,OCTOBER,N,SURREY,SURREY,SURREY,N,N,N,LOWER MAINLAND,OLD YALE RD & SEMIAHMOO RD,SEMIAHMOO RD,SEMIAHMOO RD,15:00-17:59,1,1
N,CASUALTY CRASH,OLD YALE RD,N,2022,MONDAY,SIDE IMPACT,N,Y,49.197528,-122.878718,N,OCTOBER,N,SURREY,SURREY,SURREY,N,N,N,LOWER MAINLAND,124 ST & OLD YALE RD,124 ST,124 ST,15:00-17:59,1,1
N,CASUALTY CRASH,PATRICIA AVE,N,2022,MONDAY,REAR END,N,Y,49.276568,-122.756165,N,OCTOBER,N,PORT COQUITLAM,PORT COQUITLAM,PORT COQUITLAM,N,N,N,LOWER MAINLAND,COAST MERIDIAN RD & PATRICIA AVE,COAST MERIDIAN RD,COAST MERIDIAN RD,15:00-17:59,1,1
N,CASUALTY CRASH,QUEEN ST,N,2022,MONDAY,SIDE IMPACT,N,Y,49.038831,-122.367667,N,OCTOBER,N,ABBOTSFORD,ABBOTSFORD,ABBOTSFORD,N,N,N,LOWER MAINLAND,MARSHALL RD & QUEEN ST,MARSHALL RD,MARSHALL RD,15:00-17:59,1,2
N,CASUALTY CRASH,REISETER AVE,N,2022,MONDAY,SINGLE VEHICLE,N,Y,54.79074,-127.166388,N,OCTOBER,N,SMITHERS,SMITHERS,SMITHERS,N,N,Y,NORTH CENTRAL,DRIFTWOOD CRES & REISETER AVE,DRIFTWOOD CRES,DRIFTWOOD CRES,15:00-17:59,1,1
N,CASUALTY CRASH,RIVERSIDE ST,N,2022,MONDAY,REAR END,N,Y,49.103753,-122.294152,N,OCTOBER,N,ABBOTSFORD,ABBOTSFORD,ABBOTSFORD,N,N,N,LOWER MAINLAND,HARRIS RD & RIVERSIDE ST,HARRIS RD,HARRIS RD,15:00-17:59,1,1
N,CASUALTY CRASH,ROSS RD,N,2022,MONDAY,SINGLE VEHICLE,N,Y,49.075021,-122.403705,N,OCTOBER,N,ABBOTSFORD,ABBOTSFORD,ABBOTSFORD,N,N,N,LOWER MAINLAND,DOWNES RD & ROSS RD,DOWNES RD,DOWNES RD,15:00-17:59,1,1
N,CASUALTY CRASH,SAANICH RD,N,2022,MONDAY,REAR END,N,Y,48.469235,-123.371019,N,OCTOBER,N,SAANICH,SAANICH,SAANICH,N,N,N,VANCOUVER ISLAND,MCKENZIE AVE & SAANICH RD,MCKENZIE AVE,MCKENZIE AVE,15:00-17:59,1,1
N,CASUALTY CRASH,SECOND AVE,N,2022,MONDAY,SIDE IMPACT,N,N,\N,\N,N,OCTOBER,N,RICHMOND,RICHMOND,\N,N,N,N,LOWER MAINLAND,UNKNOWN,REGENT ST,REGENT ST,15:00-17:59,1,1
N,CASUALTY CRASH,SHERLING AVE,N,2022,MONDAY,SINGLE VEHICLE,N,Y,49.253039,-122.741938,N,OCTOBER,N,PORT COQUITLAM,PORT COQUITLAM,PORT COQUITLAM,N,N,Y,LOWER MAINLAND,LOUGHEED HWY & SHERLING AVE & INDUSTRIAL ACCESS & TURNING LANE,LOUGHEED HWY,LOUGHEED HWY,15:00-17:59,1,1
N,CASUALTY CRASH,SINGH ST,N,2022,MONDAY,REAR END,N,Y,50.702609,-120.38425,N,OCTOBER,N,KAMLOOPS,KAMLOOPS,KAMLOOPS,N,N,N,SOUTHERN INTERIOR,SINGH ST & TRANQUILLE RD,TRANQUILLE RD,TRANQUILLE RD,15:00-17:59,1,1
N,CASUALTY CRASH,SOUTH SUMAS RD,N,2022,MONDAY,REAR END,N,Y,49.11838,-121.976258,N,OCTOBER,N,CHILLIWACK,CHILLIWACK,CHILLIWACK,N,N,N,LOWER MAINLAND,SOUTH SUMAS RD & TYSON RD,TYSON RD,TYSON RD,15:00-17:59,1,3
N,CASUALTY CRASH,STEVESTON HWY,N,2022,MONDAY,HEAD ON,N,Y,49.133451,-123.114284,N,OCTOBER,N,RICHMOND,RICHMOND,RICHMOND,N,N,N,LOWER MAINLAND,NO 4 RD & STEVESTON HWY,NO 4 RD,NO 4 RD,15:00-17:59,1,2
N,CASUALTY CRASH,SUMAS WAY,N,2022,MONDAY,REAR END,N,Y,49.040074,-122.27126,N,OCTOBER,N,ABBOTSFORD,ABBOTSFORD,ABBOTSFORD,N,N,N,LOWER MAINLAND,SOUTH FRASER WAY & SUMAS WAY & MALL ACCESS & TURNING LANE,SOUTH FRASER WAY,SOUTH FRASER WAY,15:00-17:59,1,1
N,CASUALTY CRASH,UNITED BLVD ONRAMP,N,2022,MONDAY,CONFLICTED,N,Y,49.219251,-122.812916,N,OCTOBER,N,COQUITLAM,COQUITLAM,COQUITLAM,N,N,N,LOWER MAINLAND,COLEMAN AVE & COLEMAN AVE ONRP & FAWCETT RD & HWY 7 OFRP & HWY 7B OFRP & LEEDER ST & LOUGHEED HWY & LOUGHEED HWY ONRP & MARY HILL BYPASS & MARY HILL BYPASS ONRP & TRANS-CANADA HWY & TRANS-CANADA HWY OFRP & TRANS-CANADA HWY ONRP & UNITED BLVD & UNITED BLV,HWY 1,HWY 1,15:00-17:59,1,1
N,CASUALTY CRASH,UNKNOWN,N,2022,MONDAY,REAR END,N,N,\N,\N,N,OCTOBER,N,PORT COQUITLAM,PORT COQUITLAM,\N,N,N,N,LOWER MAINLAND,UNKNOWN,LOUGHEED HWY,LOUGHEED HWY,15:00-17:59,1,1
N,CASUALTY CRASH,VERSATILE DR,N,2022,MONDAY,CONFLICTED,N,Y,50.659509,-120.399591,N,OCTOBER,N,KAMLOOPS,KAMLOOPS,KAMLOOPS,N,N,N,SOUTHERN INTERIOR,COPPERHEAD DR & VERSATILE DR & W TRANS-CANADA HWY FRTG & TURNING LANE,COPPERHEAD DR,COPPERHEAD DR,15:00-17:59,1,4
N,CASUALTY CRASH,VICTORIA ST,N,2022,MONDAY,SIDE IMPACT,N,Y,53.917113,-122.74972,N,OCTOBER,N,PRINCE GEORGE,PRINCE GEORGE,PRINCE GEORGE,N,N,N,NORTH CENTRAL,4TH AVE & VICTORIA ST,4TH AVE,4TH AVE,15:00-17:59,1,1
N,CASUALTY CRASH,W 29TH AVE,N,2022,MONDAY,SINGLE VEHICLE,N,Y,49.246153,-123.178596,N,OCTOBER,N,VANCOUVER,VANCOUVER,VANCOUVER,N,N,Y,LOWER MAINLAND,BLENHEIM ST & W 29TH AVE,BLENHEIM ST,BLENHEIM ST,15:00-17:59,1,1
N,CASUALTY CRASH,W 58TH AVE,N,2022,MONDAY,CONFLICTED,N,Y,49.218444,-123.140181,N,OCTOBER,N,VANCOUVER,VANCOUVER,VANCOUVER,N,N,N,LOWER MAINLAND,GRANVILLE ST & W 58TH AVE,GRANVILLE ST,GRANVILLE ST,15:00-17:59,1,2
N,CASUALTY CRASH,W KEITH RD,N,2022,MONDAY,REAR END,N,Y,49.319986,-123.0914,N,OCTOBER,N,NORTH VANCOUVER,NORTH VANCOUVER,NORTH VANCOUVER,N,N,N,LOWER MAINLAND,BEWICKE AVE & MARINE DR & W 2ND LANE & W 3RD ST & W KEITH RD,BEWICKE AVE,BEWICKE AVE,15:00-17:59,1,1
N,CASUALTY CRASH,WESBROOK MALL,Y,2022,MONDAY,UNDETERMINED,N,Y,49.255755,-123.236346,N,OCTOBER,N,UBC,UBC,UBC,N,N,N,LOWER MAINLAND,W 16TH AVE & WESBROOK MALL,W 16TH AVE,W 16TH AVE,15:00-17:59,1,1
N,CASUALTY CRASH,WESTMINSTER HWY,N,2022,MONDAY,REAR END,N,Y,49.16863,-122.973755,N,OCTOBER,N,RICHMOND,RICHMOND,RICHMOND,N,N,N,LOWER MAINLAND,HWY 91 & HWY 91 ONRAMP & WESTMINSTER HWY & WESTMINSTER HWY ONRAMP,HWY 91,HWY 91,15:00-17:59,1,1
N,CASUALTY CRASH,WESTVIEW DR,N,2022,MONDAY,REAR END,N,Y,49.133862,-122.918319,N,OCTOBER,N,DELTA,DELTA,DELTA,N,N,N,LOWER MAINLAND,72 AVE & WESTVIEW DR & TURNING LANE,72 AVE,72 AVE,15:00-17:59,1,3
N,CASUALTY CRASH,WESTWOOD ST,N,2022,MONDAY,CONFLICTED,N,Y,49.27352,-122.790547,N,OCTOBER,N,COQUITLAM,COQUITLAM,COQUITLAM & PORT COQUITLAM,N,N,N,LOWER MAINLAND,LOUGHEED HWY & WESTWOOD ST & TURNING LANE,LOUGHEED HWY,LOUGHEED HWY,15:00-17:59,1,2
N,CASUALTY CRASH,WHITWORTH CRES S,N,2022,MONDAY,UNDETERMINED,N,Y,49.079975,-123.078709,N,OCTOBER,N,DELTA,DELTA,DELTA,Y,N,N,LOWER MAINLAND,ARTHUR DR & WHITWORTH CRES S,ARTHUR DR,ARTHUR DR,15:00-17:59,1,2
N,CASUALTY CRASH,WILLINGDON AVE,N,2022,MONDAY,REAR END,N,Y,49.254637,-123.004255,N,OCTOBER,N,BURNABY,BURNABY,BURNABY,N,N,N,LOWER MAINLAND,CANADA WAY & WILLINGDON AVE,CANADA WAY,CANADA WAY,15:00-17:59,1,1
N,CASUALTY CRASH,WILLOWBROOK DR,N,2022,MONDAY,REAR END,N,Y,49.116745,-122.66857,N,OCTOBER,N,LANGLEY,LANGLEY,LANGLEY,N,N,N,LOWER MAINLAND,200 ST & WILLOWBROOK DR & TURNING LANE,200 ST,200 ST,15:00-17:59,1,2
N,CASUALTY CRASH,WILLOWBROOK DR,N,2022,MONDAY,SIDE IMPACT,N,Y,49.11681,-122.677067,N,OCTOBER,N,LANGLEY,LANGLEY,LANGLEY,N,N,N,LOWER MAINLAND,197 ST & WILLOWBROOK DR,197 ST,197 ST,15:00-17:59,1,3
N,CASUALTY CRASH,WILSON AVE,N,2022,MONDAY,CONFLICTED,N,Y,49.260882,-122.775374,N,OCTOBER,N,PORT COQUITLAM,PORT COQUITLAM,PORT COQUITLAM,N,N,N,LOWER MAINLAND,KINGSWAY AVE & PORT COQUITLAM STATION & WILSON AVE,KINGSWAY AVE,KINGSWAY AVE,15:00-17:59,1,1
N,PROPERTY DAMAGE ONLY,\N,N,2022,MONDAY,CONFLICTED,N,N,\N,\N,N,OCTOBER,N,NORTH VANCOUVER,NORTH VANCOUVER,\N,N,N,N,LOWER MAINLAND,UNKNOWN,REGENT AVE,REGENT AVE,15:00-17:59,1,0
N,PROPERTY DAMAGE ONLY,\N,N,2022,MONDAY,CONFLICTED,N,N,\N,\N,N,OCTOBER,N,VANCOUVER,VANCOUVER,\N,Y,Y,N,LOWER MAINLAND,UNKNOWN,UNIVERSITY BLVD,UNIVERSITY BLVD,15:00-17:59,1,0
N,PROPERTY DAMAGE ONLY,\N,N,2022,MONDAY,CONFLICTED,N,N,48.441757,-123.469911,Y,OCTOBER,N,COLWOOD,COLWOOD,COLWOOD,Y,Y,N,VANCOUVER ISLAND,SOOKE RD # 001901 TO 001909 odd,SOOKE RD,SOOKE RD,15:00-17:59,1,0
N,PROPERTY DAMAGE ONLY,\N,N,2022,MONDAY,CONFLICTED,N,N,48.454686,-123.373315,Y,OCTOBER,N,SAANICH,SAANICH,SAANICH,N,Y,N,VANCOUVER ISLAND,SAANICH RD # 003430 TO 003508 even,SAANICH RD,SAANICH RD,15:00-17:59,1,0
N,PROPERTY DAMAGE ONLY,\N,N,2022,MONDAY,CONFLICTED,N,N,49.112713,-123.071264,Y,OCTOBER,N,DELTA,DELTA,DELTA,Y,N,N,LOWER MAINLAND,ADMIRAL WAY # 005500 TO 005567,ADMIRAL WAY,ADMIRAL WAY,15:00-17:59,1,0
N,PROPERTY DAMAGE ONLY,\N,N,2022,MONDAY,CONFLICTED,N,N,49.163077,-122.876824,Y,OCTOBER,N,SURREY,SURREY,SURREY,Y,Y,N,LOWER MAINLAND,88 AVE # 012450 TO 012499,88 AVE,88 AVE,15:00-17:59,1,0
N,PROPERTY DAMAGE ONLY,\N,N,2022,MONDAY,CONFLICTED,N,N,49.190637,-122.94719,Y,OCTOBER,N,NEW WESTMINSTER,NEW WESTMINSTER,NEW WESTMINSTER,N,Y,N,LOWER MAINLAND,BOYD ST # 000780 TO 000928,BOYD ST,BOYD ST,15:00-17:59,1,0
N,PROPERTY DAMAGE ONLY,\N,N,2022,MONDAY,CONFLICTED,N,N,49.234338,-124.049091,Y,OCTOBER,N,NANAIMO,NANAIMO,NANAIMO,Y,Y,N,VANCOUVER ISLAND,AULDS RD # 006553 TO 006581 odd,AULDS RD,AULDS RD,15:00-17:59,1,0
N,PROPERTY DAMAGE ONLY,\N,N,2022,MONDAY,CONFLICTED,N,N,49.244587,-124.797828,Y,OCTOBER,N,PORT ALBERNI,PORT ALBERNI,PORT ALBERNI,Y,Y,N,VANCOUVER ISLAND,10TH AVE # 003730 TO 003799,10TH AVE,10TH AVE,15:00-17:59,1,0
N,PROPERTY DAMAGE ONLY,\N,N,2022,MONDAY,CONFLICTED,N,N,49.264448,-123.009385,Y,OCTOBER,N,BURNABY,BURNABY,BURNABY,N,Y,N,LOWER MAINLAND,DAWSON ST # 004266 TO 004299,DAWSON ST,DAWSON ST,15:00-17:59,1,0
N,PROPERTY DAMAGE ONLY,\N,N,2022,MONDAY,CONFLICTED,N,N,49.275117,-123.133145,Y,OCTOBER,N,VANCOUVER,VANCOUVER,VANCOUVER,Y,Y,N,LOWER MAINLAND,HORNBY ST # 001500 TO 001699,HORNBY ST,HORNBY ST,15:00-17:59,1,0
N,PROPERTY DAMAGE ONLY,\N,N,2022,MONDAY,CONFLICTED,N,N,49.322073,-123.072679,Y,OCTOBER,N,NORTH VANCOUVER,NORTH VANCOUVER,NORTH VANCOUVER,Y,N,N,LOWER MAINLAND,W 15TH ST # 000100 TO 000115,W 15TH ST,W 15TH ST,15:00-17:59,1,0
N,PROPERTY DAMAGE ONLY,\N,N,2022,MONDAY,CONFLICTED,N,N,49.337813,-123.102335,Y,OCTOBER,N,NORTH VANCOUVER,NORTH VANCOUVER,NORTH VANCOUVER,Y,Y,N,LOWER MAINLAND,EDGEMONT BLVD # 003100 TO 003150,EDGEMONT BLVD,EDGEMONT BLVD,15:00-17:59,1,0
N,PROPERTY DAMAGE ONLY,\N,N,2022,MONDAY,CONFLICTED,N,N,49.886318,-119.495826,Y,OCTOBER,N,KELOWNA,KELOWNA,KELOWNA,Y,Y,N,SOUTHERN INTERIOR,BERNARD AVE # 000300 TO 000399,BERNARD AVE,BERNARD AVE,15:00-17:59,1,0
N,PROPERTY DAMAGE ONLY,\N,N,2022,MONDAY,HEAD ON,N,N,49.067405,-122.677327,Y,OCTOBER,N,LANGLEY,LANGLEY,LANGLEY,Y,N,N,LOWER MAINLAND,36 AVE # 019700 TO 019749,36 AVE,36 AVE,15:00-17:59,1,0
N,PROPERTY DAMAGE ONLY,\N,N,2022,MONDAY,HEAD ON,N,N,49.142237,-121.968027,Y,OCTOBER,N,CHILLIWACK,CHILLIWACK,CHILLIWACK,Y,Y,N,LOWER MAINLAND,LUCKAKUCK WAY # 045350 TO 045459,LUCKAKUCK WAY,LUCKAKUCK WAY,15:00-17:59,1,0
N,PROPERTY DAMAGE ONLY,\N,N,2022,MONDAY,HEAD ON,N,N,49.234601,-123.15664,Y,OCTOBER,N,VANCOUVER,VANCOUVER,VANCOUVER,Y,Y,N,LOWER MAINLAND,W 41ST AVE # 002100 TO 002199,W 41ST AVE,W 41ST AVE,15:00-17:59,1,0
N,PROPERTY DAMAGE ONLY,\N,N,2022,MONDAY,HEAD ON,N,N,49.263049,-122.98777,Y,OCTOBER,N,BURNABY,BURNABY,BURNABY,N,Y,N,LOWER MAINLAND,DOUGLAS RD # 002300 TO 002399,DOUGLAS RD,DOUGLAS RD,15:00-17:59,1,0
N,PROPERTY DAMAGE ONLY,\N,N,2022,MONDAY,HEAD ON,N,N,49.273014,-122.756153,Y,OCTOBER,N,PORT COQUITLAM,PORT COQUITLAM,PORT COQUITLAM,N,Y,N,LOWER MAINLAND,COAST MERIDIAN RD # 003300 TO 003399,COAST MERIDIAN RD,COAST MERIDIAN RD,15:00-17:59,1,0
N,PROPERTY DAMAGE ONLY,\N,N,2022,MONDAY,HEAD ON,N,N,49.982783,-125.235669,Y,OCTOBER,N,CAMPBELL RIVER,CAMPBELL RIVER,CAMPBELL RIVER,Y,Y,N,VANCOUVER ISLAND,CREEKSIDE WAY # 001350 TO 001359,CREEKSIDE WAY,CREEKSIDE WAY,15:00-17:59,1,0
N,PROPERTY DAMAGE ONLY,\N,N,2022,MONDAY,HEAD ON,N,N,55.256669,-127.674362,Y,OCTOBER,N,HAZELTON,HAZELTON,HAZELTON,Y,Y,N,NORTH CENTRAL,FIELD ST # 004361 TO 004389,FIELD ST,FIELD ST,15:00-17:59,1,0
N,PROPERTY DAMAGE ONLY,\N,N,2022,MONDAY,MULTIPLE IMPACTS,N,N,49.171995,-123.134012,Y,OCTOBER,N,RICHMOND,RICHMOND,RICHMOND,N,Y,N,LOWER MAINLAND,ACKROYD RD # 008100 TO 008399,ACKROYD RD,ACKROYD RD,15:00-17:59,1,0
N,PROPERTY DAMAGE ONLY,\N,N,2022,MONDAY,MULTIPLE IMPACTS,N,N,49.874454,-119.401366,Y,OCTOBER,Y,KELOWNA,KELOWNA,KELOWNA,Y,N,N,SOUTHERN INTERIOR,SPRINGFIELD RD # 002810 TO 002899,SPRINGFIELD RD,SPRINGFIELD RD,15:00-17:59,1,0
N,PROPERTY DAMAGE ONLY,\N,N,2022,MONDAY,MULTIPLE IMPACTS,N,N,50.056239,-125.272023,Y,OCTOBER,N,CAMPBELL RIVER,CAMPBELL RIVER,CAMPBELL RIVER,N,N,N,VANCOUVER ISLAND,ISLAND HWY # 003688 TO 003798,ISLAND HWY,ISLAND HWY,15:00-17:59,1,0
N,PROPERTY DAMAGE ONLY,\N,N,2022,MONDAY,OVERTAKING,N,N,\N,\N,N,OCTOBER,N,VANCOUVER,VANCOUVER,\N,Y,N,N,LOWER MAINLAND,UNKNOWN,7 AVE W,7 AVE W,15:00-17:59,1,0
N,PROPERTY DAMAGE ONLY,\N,N,2022,MONDAY,REAR END,N,N,\N,\N,N,OCTOBER,N,ABBOTSFORD,ABBOTSFORD,\N,N,N,N,LOWER MAINLAND,UNKNOWN,HWY 1,HWY 1,15:00-17:59,2,0
N,PROPERTY DAMAGE ONLY,\N,N,2022,MONDAY,REAR END,N,N,\N,\N,N,OCTOBER,N,ABBOTSFORD,ABBOTSFORD,\N,N,N,N,LOWER MAINLAND,UNKNOWN,OLD YALE RD,OLD YALE RD,15:00-17:59,1,0
N,PROPERTY DAMAGE ONLY,\N,N,2022,MONDAY,REAR END,N,N,\N,\N,N,OCTOBER,N,ABBOTSFORD,ABBOTSFORD,\N,Y,Y,N,LOWER MAINLAND,UNKNOWN,LIVINGSTONE AVE,LIVINGSTONE AVE,15:00-17:59,1,0
N,PROPERTY DAMAGE ONLY,\N,N,2022,MONDAY,REAR END,N,N,\N,\N,N,OCTOBER,N,BURNABY,BURNABY,\N,N,N,N,LOWER MAINLAND,UNKNOWN,TRANS-CANADA HWY,TRANS-CANADA HWY,15:00-17:59,1,0
N,PROPERTY DAMAGE ONLY,\N,N,2022,MONDAY,REAR END,N,N,\N,\N,N,OCTOBER,N,CHILLIWACK,CHILLIWACK,\N,N,N,N,LOWER MAINLAND,UNKNOWN,HWY 1,HWY 1,15:00-17:59,1,0
N,PROPERTY DAMAGE ONLY,\N,N,2022,MONDAY,REAR END,N,N,\N,\N,N,OCTOBER,N,RICHMOND,RICHMOND,\N,N,N,N,LOWER MAINLAND,UNKNOWN,RUSS BAKER WAY,RUSS BAKER WAY,15:00-17:59,1,0
N,PROPERTY DAMAGE ONLY,\N,N,2022,MONDAY,REAR END,N,N,\N,\N,N,OCTOBER,N,SAANICH,SAANICH,\N,N,N,N,VANCOUVER ISLAND,UNKNOWN,W SAANICH RD,W SAANICH RD,15:00-17:59,1,0
N,PROPERTY DAMAGE ONLY,\N,N,2022,MONDAY,REAR END,N,N,\N,\N,N,OCTOBER,N,VERNON,VERNON,\N,N,Y,N,SOUTHERN INTERIOR,UNKNOWN,HWY 1,HWY 1,15:00-17:59,1,0
N,PROPERTY DAMAGE ONLY,\N,N,2022,MONDAY,REAR END,N,N,\N,\N,N,OCTOBER,N,VICTORIA,VICTORIA,\N,N,N,N,VANCOUVER ISLAND,UNKNOWN,DOUGLAS ST,DOUGLAS ST,15:00-17:59,1,0
N,PROPERTY DAMAGE ONLY,\N,N,2022,MONDAY,REAR END,N,N,\N,\N,N,OCTOBER,N,VICTORIA,VICTORIA,\N,N,N,N,VANCOUVER ISLAND,UNKNOWN,HWY 1,HWY 1,15:00-17:59,1,0
N,PROPERTY DAMAGE ONLY,\N,N,2022,MONDAY,REAR END,N,N,\N,\N,N,OCTOBER,N,VICTORIA,VICTORIA,\N,N,N,N,VANCOUVER ISLAND,UNKNOWN,MCKENZIE ST,MCKENZIE ST,15:00-17:59,1,0
N,PROPERTY DAMAGE ONLY,\N,N,2022,MONDAY,REAR END,N,N,48.45553,-123.372619,Y,OCTOBER,N,SAANICH,SAANICH,SAANICH,N,N,N,VANCOUVER ISLAND,BLANSHARD ST # 003500 TO 003525,BLANSHARD ST,BLANSHARD ST,15:00-17:59,1,0
N,PROPERTY DAMAGE ONLY,\N,N,2022,MONDAY,REAR END,N,N,48.992755,-123.816636,Y,OCTOBER,N,LADYSMITH,LADYSMITH,LADYSMITH,Y,Y,N,VANCOUVER ISLAND,1ST AVE # 000400 TO 000451,1ST AVE,1ST AVE,15:00-17:59,1,0
N,PROPERTY DAMAGE ONLY,\N,N,2022,MONDAY,REAR END,N,N,49.081444,-122.998757,Y,OCTOBER,N,DELTA,DELTA,DELTA,N,Y,N,LOWER MAINLAND,CHURCHILL ST # 008151 TO 008181 odd,CHURCHILL ST,CHURCHILL ST,15:00-17:59,1,0
N,PROPERTY DAMAGE ONLY,\N,N,2022,MONDAY,REAR END,N,N,49.119414,-122.734859,Y,OCTOBER,N,SURREY,SURREY,SURREY,N,N,N,LOWER MAINLAND,176 ST # 006400 TO 006498 even,176 ST,176 ST,15:00-17:59,1,0
N,PROPERTY DAMAGE ONLY,\N,N,2022,MONDAY,REAR END,N,N,49.154918,-122.918047,Y,OCTOBER,N,DELTA,DELTA,DELTA,Y,N,N,LOWER MAINLAND,110 ST # 008320 TO 008349,110 ST,110 ST,15:00-17:59,1,0
N,PROPERTY DAMAGE ONLY,\N,N,2022,MONDAY,REAR END,N,N,49.155371,-123.968168,Y,OCTOBER,Y,NANAIMO,NANAIMO,NANAIMO,N,Y,N,VANCOUVER ISLAND,FIFTH ST # 000852 TO 000905,FIFTH ST,FIFTH ST,15:00-17:59,1,0
N,PROPERTY DAMAGE ONLY,\N,N,2022,MONDAY,REAR END,N,N,49.162266,-122.791694,Y,OCTOBER,N,SURREY,SURREY,SURREY,N,Y,N,LOWER MAINLAND,FRASER HWY # 015470 TO 015598 even,FRASER HWY,FRASER HWY,15:00-17:59,1,0
N,PROPERTY DAMAGE ONLY,\N,N,2022,MONDAY,REAR END,N,N,49.162778,-123.135125,Y,OCTOBER,N,RICHMOND,RICHMOND,RICHMOND,Y,Y,N,LOWER MAINLAND,GRANVILLE AVE # 008001 TO 008199 odd,GRANVILLE AVE,GRANVILLE AVE,15:00-17:59,1,0
N,PROPERTY DAMAGE ONLY,\N,N,2022,MONDAY,REAR END,N,N,49.166777,-122.75666,Y,OCTOBER,N,SURREY,SURREY,SURREY,Y,Y,N,LOWER MAINLAND,168 ST # 008800 TO 009249,168 ST,168 ST,15:00-17:59,1,0
N,PROPERTY DAMAGE ONLY,\N,N,2022,MONDAY,REAR END,N,N,49.169688,-121.979124,Y,OCTOBER,N,CHILLIWACK,CHILLIWACK,CHILLIWACK,N,Y,N,LOWER MAINLAND,WOLFE RD # 044950 TO 045085,WOLFE RD,WOLFE RD,15:00-17:59,1,0
N,PROPERTY DAMAGE ONLY,\N,N,2022,MONDAY,REAR END,N,N,49.172297,-122.668098,Y,OCTOBER,N,LANGLEY,LANGLEY,LANGLEY,Y,Y,N,LOWER MAINLAND,200 ST # 009221 TO 009389 odd,200 ST,200 ST,15:00-17:59,1,0
N,PROPERTY DAMAGE ONLY,\N,N,2022,MONDAY,REAR END,N,N,49.19522,-122.547824,Y,OCTOBER,N,MAPLE RIDGE,MAPLE RIDGE,MAPLE RIDGE,Y,N,N,LOWER MAINLAND,MCCLURE DR # 024260 TO 024379,MCCLURE DR,MCCLURE DR,15:00-17:59,1,0
N,PROPERTY DAMAGE ONLY,\N,N,2022,MONDAY,REAR END,N,N,49.22471,-123.040645,Y,OCTOBER,N,VANCOUVER,VANCOUVER,VANCOUVER,Y,N,N,LOWER MAINLAND,E 49TH AVE # 003100 TO 003135,E 49TH AVE,E 49TH AVE,15:00-17:59,1,0
N,PROPERTY DAMAGE ONLY,\N,N,2022,MONDAY,REAR END,N,N,49.233885,-123.117857,Y,OCTOBER,N,VANCOUVER,VANCOUVER,VANCOUVER,Y,N,N,LOWER MAINLAND,ASH ST # 005650 TO 005699,ASH ST,ASH ST,15:00-17:59,1,0
N,PROPERTY DAMAGE ONLY,\N,N,2022,MONDAY,REAR END,N,N,49.257354,-123.184784,Y,OCTOBER,N,VANCOUVER,VANCOUVER,VANCOUVER,Y,N,N,LOWER MAINLAND,W 17TH AVE # 003578 TO 003599,W 17TH AVE,W 17TH AVE,15:00-17:59,1,0
N,PROPERTY DAMAGE ONLY,\N,N,2022,MONDAY,REAR END,N,N,49.257955,-123.192318,Y,OCTOBER,N,VANCOUVER,VANCOUVER,VANCOUVER,N,N,N,LOWER MAINLAND,W 16TH AVE # 003900 TO 003998 even,W 16TH AVE,W 16TH AVE,15:00-17:59,1,0
N,PROPERTY DAMAGE ONLY,\N,N,2022,MONDAY,REAR END,N,N,49.262267,-123.068263,Y,OCTOBER,N,VANCOUVER,VANCOUVER,VANCOUVER,Y,N,N,LOWER MAINLAND,E BROADWAY # 001752 TO 001806 even,E BROADWAY,E BROADWAY,15:00-17:59,1,0
N,PROPERTY DAMAGE ONLY,\N,N,2022,MONDAY,REAR END,N,N,49.264319,-123.18282,Y,OCTOBER,N,VANCOUVER,VANCOUVER,VANCOUVER,Y,N,N,LOWER MAINLAND,W BROADWAY # 003500 TO 003599,W BROADWAY,W BROADWAY,15:00-17:59,1,0
N,PROPERTY DAMAGE ONLY,\N,N,2022,MONDAY,REAR END,N,N,49.265624,-123.108107,Y,OCTOBER,N,VANCOUVER,VANCOUVER,VANCOUVER,Y,N,N,LOWER MAINLAND,W 6TH AVE # 000100 TO 000199,W 6TH AVE,W 6TH AVE,15:00-17:59,1,0
N,PROPERTY DAMAGE ONLY,\N,N,2022,MONDAY,REAR END,N,N,49.269956,-123.156259,Y,OCTOBER,N,VANCOUVER,VANCOUVER,VANCOUVER,Y,Y,N,LOWER MAINLAND,W 2ND AVE # 002200 TO 002299,W 2ND AVE,W 2ND AVE,15:00-17:59,1,0
N,PROPERTY DAMAGE ONLY,\N,N,2022,MONDAY,REAR END,N,N,49.272345,-122.788016,Y,OCTOBER,N,PORT COQUITLAM,PORT COQUITLAM,PORT COQUITLAM,N,N,N,LOWER MAINLAND,LOUGHEED HWY # 002600 TO 002798 even,LOUGHEED HWY,LOUGHEED HWY,15:00-17:59,1,0
N,PROPERTY DAMAGE ONLY,\N,N,2022,MONDAY,REAR END,N,N,49.282229,-123.096479,Y,OCTOBER,N,VANCOUVER,VANCOUVER,VANCOUVER,Y,N,N,LOWER MAINLAND,E CORDOVA ST # 000300 TO 000399,E CORDOVA ST,E CORDOVA ST,15:00-17:59,1,0
N,PROPERTY DAMAGE ONLY,\N,N,2022,MONDAY,REAR END,N,N,49.31995,-123.086374,Y,OCTOBER,N,NORTH VANCOUVER,NORTH VANCOUVER,NORTH VANCOUVER,Y,N,N,LOWER MAINLAND,W KEITH RD # 000501 TO 000599 odd,W KEITH RD,W KEITH RD,15:00-17:59,1,0
N,PROPERTY DAMAGE ONLY,\N,N,2022,MONDAY,REAR END,N,N,49.333629,-123.088118,Y,OCTOBER,N,NORTH VANCOUVER,NORTH VANCOUVER,NORTH VANCOUVER,N,N,N,LOWER MAINLAND,WESTVIEW DR # 002600 TO 002639,WESTVIEW DR,WESTVIEW DR,15:00-17:59,1,0
N,PROPERTY DAMAGE ONLY,\N,N,2022,MONDAY,REAR END,N,N,49.341759,-124.35816,Y,OCTOBER,N,PARKSVILLE,PARKSVILLE,PARKSVILLE,Y,Y,N,VANCOUVER ISLAND,WEMBLEY RD # 000850 TO 000869,WEMBLEY RD,WEMBLEY RD,15:00-17:59,1,0
N,PROPERTY DAMAGE ONLY,\N,N,2022,MONDAY,REAR END,N,N,49.406524,-123.532784,Y,OCTOBER,N,GIBSONS,GIBSONS,GIBSONS,Y,Y,N,LOWER MAINLAND,SUNSHINE COAST HWY # 001080 TO 001189,SUNSHINE COAST HWY,SUNSHINE COAST HWY,15:00-17:59,1,0
N,PROPERTY DAMAGE ONLY,\N,N,2022,MONDAY,REAR END,N,N,49.496012,-119.58603600000001,Y,OCTOBER,N,PENTICTON,PENTICTON,PENTICTON,Y,N,N,SOUTHERN INTERIOR,PAPINEAU ST # 000500 TO 000599,PAPINEAU ST,PAPINEAU ST,15:00-17:59,1,0
N,PROPERTY DAMAGE ONLY,\N,N,2022,MONDAY,REAR END,N,N,49.881443,-119.430464,Y,OCTOBER,N,KELOWNA,KELOWNA,KELOWNA,Y,Y,N,SOUTHERN INTERIOR,BARON RD # 002000 TO 002298,BARON RD,BARON RD,15:00-17:59,2,0
N,PROPERTY DAMAGE ONLY,\N,N,2022,MONDAY,REAR END,N,N,49.881803,-119.439105,Y,OCTOBER,N,KELOWNA,KELOWNA,KELOWNA,Y,Y,N,SOUTHERN INTERIOR,HARVEY AVE # 002121 TO 002279 odd,HARVEY AVE,HARVEY AVE,15:00-17:59,1,0
N,PROPERTY DAMAGE ONLY,\N,N,2022,MONDAY,REAR END,N,N,49.883228,-119.445424,Y,OCTOBER,N,KELOWNA,KELOWNA,KELOWNA,N,Y,N,SOUTHERN INTERIOR,ENTERPRISE WAY # 002020 TO 002099,ENTERPRISE WAY,ENTERPRISE WAY,15:00-17:59,1,0
N,PROPERTY DAMAGE ONLY,\N,N,2022,MONDAY,REAR END,N,N,50.007511,-125.243526,Y,OCTOBER,N,CAMPBELL RIVER,CAMPBELL RIVER,CAMPBELL RIVER,Y,N,N,VANCOUVER ISLAND,EVERGREEN RD # 000300 TO 000479,EVERGREEN RD,EVERGREEN RD,15:00-17:59,1,0
N,PROPERTY DAMAGE ONLY,\N,N,2022,MONDAY,REAR END,N,N,50.122865,-120.763793,Y,OCTOBER,N,MERRITT,MERRITT,MERRITT,N,Y,N,SOUTHERN INTERIOR,RIVER RANCH RD # 003350 TO 003369,RIVER RANCH RD,RIVER RANCH RD,15:00-17:59,1,0
N,PROPERTY DAMAGE ONLY,\N,N,2022,MONDAY,REAR END,N,N,50.284461,-119.266296,Y,OCTOBER,N,VERNON,VERNON,VERNON,N,N,N,SOUTHERN INTERIOR,26 ST # 005100 TO 005299,26 ST,26 ST,15:00-17:59,1,0
N,PROPERTY DAMAGE ONLY,\N,N,2022,MONDAY,REAR END,N,N,50.66753,-120.365363,Y,OCTOBER,N,KAMLOOPS,KAMLOOPS,KAMLOOPS,N,Y,N,SOUTHERN INTERIOR,MCGILL RD # 000900 TO 000961,MCGILL RD,MCGILL RD,15:00-17:59,1,0
N,PROPERTY DAMAGE ONLY,\N,N,2022,MONDAY,REAR END,N,N,52.944107,-122.522738,Y,OCTOBER,N,QUESNEL,QUESNEL,QUESNEL,Y,Y,N,NORTH CENTRAL,MARSH RD # 000602 TO 000631,MARSH RD,MARSH RD,15:00-17:59,1,0
N,PROPERTY DAMAGE ONLY,\N,N,2022,MONDAY,REAR END,Y,N,49.07638,-122.669547,Y,OCTOBER,N,LANGLEY,LANGLEY,LANGLEY,Y,Y,N,LOWER MAINLAND,200 ST # 004061 TO 004099 odd,200 ST,200 ST,15:00-17:59,1,0
N,PROPERTY DAMAGE ONLY,\N,N,2022,MONDAY,REAR END,Y,N,49.191481,-123.109224,Y,OCTOBER,N,RICHMOND,RICHMOND,RICHMOND,Y,Y,N,LOWER MAINLAND,BECKMAN PL # 003030 TO 003199,BECKMAN PL,BECKMAN PL,15:00-17:59,1,0
N,PROPERTY DAMAGE ONLY,\N,N,2022,MONDAY,REAR END,Y,N,49.217997,-122.932945,Y,OCTOBER,N,BURNABY,BURNABY,BURNABY,N,N,N,LOWER MAINLAND,CANADA WAY # 007800 TO 007849,CANADA WAY,CANADA WAY,15:00-17:59,1,0
N,PROPERTY DAMAGE ONLY,\N,N,2022,MONDAY,REAR TO REAR,N,N,49.107972,-121.971137,Y,OCTOBER,N,CHILLIWACK,CHILLIWACK,CHILLIWACK,Y,N,N,LOWER MAINLAND,SAPPERS WAY # 005807 TO 005837,SAPPERS WAY,SAPPERS WAY,15:00-17:59,1,0
N,PROPERTY DAMAGE ONLY,\N,N,2022,MONDAY,REAR TO REAR,N,N,49.115706,-122.668721,Y,OCTOBER,N,LANGLEY,LANGLEY,LANGLEY,Y,Y,N,LOWER MAINLAND,200 ST # 006201 TO 006245 odd,200 ST,200 ST,15:00-17:59,1,0
N,PROPERTY DAMAGE ONLY,\N,N,2022,MONDAY,REAR TO REAR,N,N,49.171852,-122.684974,Y,OCTOBER,N,SURREY,SURREY,SURREY,Y,Y,N,LOWER MAINLAND,194 ST # 009250 TO 009399,194 ST,194 ST,15:00-17:59,1,0
N,PROPERTY DAMAGE ONLY,\N,N,2022,MONDAY,REAR TO REAR,N,N,49.171995,-123.134012,Y,OCTOBER,N,RICHMOND,RICHMOND,RICHMOND,Y,Y,N,LOWER MAINLAND,ACKROYD RD # 008100 TO 008399,ACKROYD RD,ACKROYD RD,15:00-17:59,1,0
N,PROPERTY DAMAGE ONLY,\N,N,2022,MONDAY,REAR TO REAR,N,N,49.174658,-123.136677,Y,OCTOBER,N,RICHMOND,RICHMOND,RICHMOND,Y,Y,N,LOWER MAINLAND,NO 3 RD # 005300 TO 005498 even,NO 3 RD,NO 3 RD,15:00-17:59,1,0
N,PROPERTY DAMAGE ONLY,\N,N,2022,MONDAY,REAR TO REAR,N,N,49.199009,-122.981737,Y,OCTOBER,N,BURNABY,BURNABY,BURNABY,N,Y,N,LOWER MAINLAND,MARKET CROSSING # 007240 TO 007599,MARKET CROSSING,MARKET CROSSING,15:00-17:59,1,0
N,PROPERTY DAMAGE ONLY,\N,N,2022,MONDAY,REAR TO REAR,N,N,49.240467,-122.829089,Y,OCTOBER,N,COQUITLAM,COQUITLAM,COQUITLAM,Y,Y,N,LOWER MAINLAND,SICAMOUS AVE # 002246 TO 002299,SICAMOUS AVE,SICAMOUS AVE,15:00-17:59,1,0
N,PROPERTY DAMAGE ONLY,\N,N,2022,MONDAY,REAR TO REAR,N,N,49.261809,-123.002392,Y,OCTOBER,N,BURNABY,BURNABY,BURNABY,N,Y,N,LOWER MAINLAND,STILL CREEK DR # 004500 TO 004599,STILL CREEK DR,STILL CREEK DR,15:00-17:59,1,0
N,PROPERTY DAMAGE ONLY,\N,N,2022,MONDAY,REAR TO REAR,N,N,49.2803,-122.967926,Y,OCTOBER,N,BURNABY,BURNABY,BURNABY,N,Y,N,LOWER MAINLAND,HASTINGS ST # 006500 TO 006628 even,HASTINGS ST,HASTINGS ST,15:00-17:59,1,0
N,PROPERTY DAMAGE ONLY,\N,N,2022,MONDAY,REAR TO REAR,N,N,49.371817,-123.279825,Y,OCTOBER,N,WEST VANCOUVER,WEST VANCOUVER,WEST VANCOUVER,Y,N,N,LOWER MAINLAND,WELLINGTON AVE # 006400 TO 006489,WELLINGTON AVE,WELLINGTON AVE,15:00-17:59,1,0
N,PROPERTY DAMAGE ONLY,\N,N,2022,MONDAY,REAR TO REAR,N,N,50.675811,-120.274963,Y,OCTOBER,N,KAMLOOPS,KAMLOOPS,KAMLOOPS,N,Y,N,SOUTHERN INTERIOR,VALLEYVIEW DR # 001947 TO 001982,VALLEYVIEW DR,VALLEYVIEW DR,15:00-17:59,1,0
N,PROPERTY DAMAGE ONLY,\N,N,2022,MONDAY,REAR TO REAR,N,N,53.899564,-122.779382,Y,OCTOBER,Y,PRINCE GEORGE,PRINCE GEORGE,PRINCE GEORGE,Y,Y,N,NORTH CENTRAL,MASSEY DR # 002991 TO 003111 odd,MASSEY DR,MASSEY DR,15:00-17:59,1,0
N,PROPERTY DAMAGE ONLY,\N,N,2022,MONDAY,REAR TO REAR,N,N,53.923829,-122.761701,Y,OCTOBER,N,PRINCE GEORGE,PRINCE GEORGE,PRINCE GEORGE,Y,Y,N,NORTH CENTRAL,1ST AVE # 001900 TO 002299,1ST AVE,1ST AVE,15:00-17:59,1,0
N,PROPERTY DAMAGE ONLY,\N,N,2022,MONDAY,REAR TO REAR,N,N,54.01579,-124.003758,Y,OCTOBER,N,VANDERHOOF,VANDERHOOF,VANDERHOOF,N,Y,N,NORTH CENTRAL,STEWART ST E # 000200 TO 000349,STEWART ST E,STEWART ST E,15:00-17:59,1,0
N,PROPERTY DAMAGE ONLY,\N,N,2022,MONDAY,REAR TO REAR,N,N,54.0565,-128.614166,Y,OCTOBER,N,KITIMAT,KITIMAT,KITIMAT,Y,N,N,NORTH CENTRAL,WAKITA AVE # 000100 TO 000139,WAKITA AVE,WAKITA AVE,15:00-17:59,1,0
N,PROPERTY DAMAGE ONLY,\N,N,2022,MONDAY,REAR TO REAR,Y,N,49.215534,-123.081631,Y,OCTOBER,N,VANCOUVER,VANCOUVER,VANCOUVER,Y,Y,N,LOWER MAINLAND,E 60TH AVE # 001100 TO 001299,E 60TH AVE,E 60TH AVE,15:00-17:59,1,0
N,PROPERTY DAMAGE ONLY,\N,N,2022,MONDAY,SIDE IMPACT,N,N,\N,\N,N,OCTOBER,N,KAMLOOPS,KAMLOOPS,\N,Y,N,N,SOUTHERN INTERIOR,UNKNOWN,COLUMBIA ST,COLUMBIA ST,15:00-17:59,1,0
N,PROPERTY DAMAGE ONLY,\N,N,2022,MONDAY,SIDE IMPACT,N,N,\N,\N,N,OCTOBER,N,LANGFORD,LANGFORD,\N,N,Y,N,VANCOUVER ISLAND,UNKNOWN,ORONO AVE,ORONO AVE,15:00-17:59,1,0
N,PROPERTY DAMAGE ONLY,\N,N,2022,MONDAY,SIDE IMPACT,N,N,\N,\N,N,OCTOBER,N,LANGFORD,LANGFORD,\N,Y,Y,N,VANCOUVER ISLAND,UNKNOWN,WEST SHORE PKY,WEST SHORE PKY,15:00-17:59,1,0
N,PROPERTY DAMAGE ONLY,\N,N,2022,MONDAY,SIDE IMPACT,N,N,\N,\N,N,OCTOBER,N,MAPLE RIDGE,MAPLE RIDGE,\N,Y,Y,N,LOWER MAINLAND,UNKNOWN,224 AVE,224 AVE,15:00-17:59,1,0
N,PROPERTY DAMAGE ONLY,\N,N,2022,MONDAY,SIDE IMPACT,N,N,\N,\N,N,OCTOBER,N,VANCOUVER,VANCOUVER,\N,N,N,N,LOWER MAINLAND,UNKNOWN,GRANVILLE ST,GRANVILLE ST,15:00-17:59,1,0
N,PROPERTY DAMAGE ONLY,\N,N,2022,MONDAY,SIDE IMPACT,N,N,\N,\N,N,OCTOBER,N,VANCOUVER,VANCOUVER,\N,Y,Y,N,LOWER MAINLAND,UNKNOWN,W 16TH AVE,W 16TH AVE,15:00-17:59,1,0
N,PROPERTY DAMAGE ONLY,\N,N,2022,MONDAY,SIDE IMPACT,N,N,\N,\N,N,OCTOBER,N,VICTORIA,VICTORIA,\N,Y,Y,N,VANCOUVER ISLAND,UNKNOWN,RIDGEWOOD CRES,RIDGEWOOD CRES,15:00-17:59,1,0
N,PROPERTY DAMAGE ONLY,\N,N,2022,MONDAY,SIDE IMPACT,N,N,48.41488,-123.326504,Y,OCTOBER,N,VICTORIA,VICTORIA,VICTORIA,Y,N,N,VANCOUVER ISLAND,SHOTBOLT RD # 001900 TO 001919,SHOTBOLT RD,SHOTBOLT RD,15:00-17:59,1,0
N,PROPERTY DAMAGE ONLY,\N,N,2022,MONDAY,SIDE IMPACT,N,N,48.445415,-123.333968,Y,OCTOBER,N,VICTORIA,VICTORIA,VICTORIA,N,Y,N,VANCOUVER ISLAND,HILLSIDE AVE # 001634 TO 001699,HILLSIDE AVE,HILLSIDE AVE,15:00-17:59,1,0
N,PROPERTY DAMAGE ONLY,\N,N,2022,MONDAY,SIDE IMPACT,N,N,48.450059,-123.504231,Y,OCTOBER,N,LANGFORD,LANGFORD,LANGFORD,Y,Y,N,VANCOUVER ISLAND,GOLDSTREAM AVE # 000860 TO 000879,GOLDSTREAM AVE,GOLDSTREAM AVE,15:00-17:59,1,0
N,PROPERTY DAMAGE ONLY,\N,N,2022,MONDAY,SIDE IMPACT,N,N,48.454686,-123.373315,Y,OCTOBER,N,SAANICH,SAANICH,SAANICH,N,Y,N,VANCOUVER ISLAND,SAANICH RD # 003430 TO 003508 even,SAANICH RD,SAANICH RD,15:00-17:59,1,0
N,PROPERTY DAMAGE ONLY,\N,N,2022,MONDAY,SIDE IMPACT,N,N,49.031063,-122.802615,Y,OCTOBER,N,WHITE ROCK,WHITE ROCK,WHITE ROCK,N,Y,N,LOWER MAINLAND,NORTH BLUFF RD # 015100 TO 015198 even,NORTH BLUFF RD,NORTH BLUFF RD,15:00-17:59,1,0
N,PROPERTY DAMAGE ONLY,\N,N,2022,MONDAY,SIDE IMPACT,N,N,49.051115,-122.316955,Y,OCTOBER,N,ABBOTSFORD,ABBOTSFORD,ABBOTSFORD,N,Y,N,LOWER MAINLAND,SOUTH FRASER WAY # 032700 TO 032799,SOUTH FRASER WAY,SOUTH FRASER WAY,15:00-17:59,1,0
N,PROPERTY DAMAGE ONLY,\N,N,2022,MONDAY,SIDE IMPACT,N,N,49.066236,-122.334447,Y,OCTOBER,N,ABBOTSFORD,ABBOTSFORD,ABBOTSFORD,Y,N,N,LOWER MAINLAND,SORRENTO AVE # 032080 TO 032199,SORRENTO AVE,SORRENTO AVE,15:00-17:59,1,0
N,PROPERTY DAMAGE ONLY,\N,N,2022,MONDAY,SIDE IMPACT,N,N,49.093579,-122.946044,Y,OCTOBER,N,DELTA,DELTA,DELTA,Y,Y,N,LOWER MAINLAND,LADNER TRUNK RD # 009580 TO 010399,LADNER TRUNK RD,LADNER TRUNK RD,15:00-17:59,1,0
N,PROPERTY DAMAGE ONLY,\N,N,2022,MONDAY,SIDE IMPACT,N,N,49.106274,-122.686794,Y,OCTOBER,N,SURREY,SURREY,SURREY,Y,Y,N,LOWER MAINLAND,LANGLEY BYPASS # 019300 TO 019448 even,LANGLEY BYPASS,LANGLEY BYPASS,15:00-17:59,1,0
N,PROPERTY DAMAGE ONLY,\N,N,2022,MONDAY,SIDE IMPACT,N,N,49.112592,-122.676755,Y,OCTOBER,N,LANGLEY,LANGLEY,LANGLEY,Y,Y,N,LOWER MAINLAND,FRASER HWY # 019683 TO 019799 odd,FRASER HWY,FRASER HWY,15:00-17:59,1,0
N,PROPERTY DAMAGE ONLY,\N,N,2022,MONDAY,SIDE IMPACT,N,N,49.116448,-122.719934,Y,OCTOBER,N,SURREY,SURREY,SURREY,Y,N,N,LOWER MAINLAND,181A ST # 006181 TO 006359,181A ST,181A ST,15:00-17:59,1,0
N,PROPERTY DAMAGE ONLY,\N,N,2022,MONDAY,SIDE IMPACT,N,N,49.119089,-122.814976,Y,OCTOBER,N,SURREY,SURREY,SURREY,Y,Y,N,LOWER MAINLAND,64 AVE # 014600 TO 014798 even,64 AVE,64 AVE,15:00-17:59,1,0
N,PROPERTY DAMAGE ONLY,\N,N,2022,MONDAY,SIDE IMPACT,N,N,49.132819,-122.807707,Y,OCTOBER,N,SURREY,SURREY,SURREY,Y,N,N,LOWER MAINLAND,71A AVE # 014918 TO 014999,71A AVE,71A AVE,15:00-17:59,1,0
N,PROPERTY DAMAGE ONLY,\N,N,2022,MONDAY,SIDE IMPACT,N,N,49.133321,-123.094652,Y,OCTOBER,N,RICHMOND,RICHMOND,RICHMOND,Y,Y,N,LOWER MAINLAND,STEVESTON HWY # 011518 TO 012000 even,STEVESTON HWY,STEVESTON HWY,15:00-17:59,1,0
N,PROPERTY DAMAGE ONLY,\N,N,2022,MONDAY,SIDE IMPACT,N,N,49.144512,-122.849296,Y,OCTOBER,N,SURREY,SURREY,SURREY,Y,Y,N,LOWER MAINLAND,78 AVE # 013400 TO 013545,78 AVE,78 AVE,15:00-17:59,1,0
N,PROPERTY DAMAGE ONLY,\N,N,2022,MONDAY,SIDE IMPACT,N,N,49.149313,-123.181287,Y,OCTOBER,N,RICHMOND,RICHMOND,RICHMOND,Y,Y,N,LOWER MAINLAND,NO 1 RD # 008571 TO 008999,NO 1 RD,NO 1 RD,15:00-17:59,1,0
N,PROPERTY DAMAGE ONLY,\N,N,2022,MONDAY,SIDE IMPACT,N,N,49.151358,-122.890447,Y,OCTOBER,N,DELTA,DELTA,DELTA,N,Y,N,LOWER MAINLAND,120 ST # 008101 TO 008199 odd,120 ST,120 ST,15:00-17:59,1,0
N,PROPERTY DAMAGE ONLY,\N,N,2022,MONDAY,SIDE IMPACT,N,N,49.151784,-122.862305,Y,OCTOBER,N,SURREY,SURREY,SURREY,Y,Y,N,LOWER MAINLAND,130 ST # 008000 TO 008399,130 ST,130 ST,15:00-17:59,1,0
N,PROPERTY DAMAGE ONLY,\N,N,2022,MONDAY,SIDE IMPACT,N,N,49.152716,-122.781649,Y,OCTOBER,N,SURREY,SURREY,SURREY,Y,Y,N,LOWER MAINLAND,159 ST # 008200 TO 008299,159 ST,159 ST,15:00-17:59,1,0
N,PROPERTY DAMAGE ONLY,\N,N,2022,MONDAY,SIDE IMPACT,N,N,49.155497,-123.128145,Y,OCTOBER,N,RICHMOND,RICHMOND,RICHMOND,Y,Y,N,LOWER MAINLAND,BLUNDELL RD # 008400 TO 008799,BLUNDELL RD,BLUNDELL RD,15:00-17:59,1,0
N,PROPERTY DAMAGE ONLY,\N,N,2022,MONDAY,SIDE IMPACT,N,N,49.157068,-121.959459,Y,OCTOBER,N,CHILLIWACK,CHILLIWACK,CHILLIWACK,Y,Y,N,LOWER MAINLAND,YALE RD # 045630 TO 045739,YALE RD,YALE RD,15:00-17:59,1,0
N,PROPERTY DAMAGE ONLY,\N,N,2022,MONDAY,SIDE IMPACT,N,N,49.159158,-122.660967,Y,OCTOBER,N,LANGLEY,LANGLEY,LANGLEY,Y,Y,N,LOWER MAINLAND,86 AVE # 020216 TO 020269,86 AVE,86 AVE,15:00-17:59,1,0
N,PROPERTY DAMAGE ONLY,\N,N,2022,MONDAY,SIDE IMPACT,N,N,49.161413,-122.823426,Y,OCTOBER,N,SURREY,SURREY,SURREY,N,N,N,LOWER MAINLAND,144 ST # 008650 TO 008799,144 ST,144 ST,15:00-17:59,1,0
N,PROPERTY DAMAGE ONLY,\N,N,2022,MONDAY,SIDE IMPACT,N,N,49.162842,-123.123627,Y,OCTOBER,N,RICHMOND,RICHMOND,RICHMOND,Y,N,N,LOWER MAINLAND,GRANVILLE AVE # 009020 TO 009199,GRANVILLE AVE,GRANVILLE AVE,15:00-17:59,1,0
N,PROPERTY DAMAGE ONLY,\N,N,2022,MONDAY,SIDE IMPACT,N,N,49.170105,-123.182265,Y,OCTOBER,N,RICHMOND,RICHMOND,RICHMOND,Y,Y,N,LOWER MAINLAND,WESTMINSTER HWY # 003601 TO 003999,WESTMINSTER HWY,WESTMINSTER HWY,15:00-17:59,1,0
N,PROPERTY DAMAGE ONLY,\N,N,2022,MONDAY,SIDE IMPACT,N,N,49.17024,-123.938742,Y,OCTOBER,N,NANAIMO,NANAIMO,NANAIMO,Y,Y,N,VANCOUVER ISLAND,COMOX RD # 000000 TO 000148,COMOX RD,COMOX RD,15:00-17:59,1,0
N,PROPERTY DAMAGE ONLY,\N,N,2022,MONDAY,SIDE IMPACT,N,N,49.170241,-123.133994,Y,OCTOBER,N,RICHMOND,RICHMOND,RICHMOND,Y,Y,N,LOWER MAINLAND,WESTMINSTER HWY # 008001 TO 008399 odd,WESTMINSTER HWY,WESTMINSTER HWY,15:00-17:59,1,0
N,PROPERTY DAMAGE ONLY,\N,N,2022,MONDAY,SIDE IMPACT,N,N,49.174658,-123.136677,Y,OCTOBER,N,RICHMOND,RICHMOND,RICHMOND,Y,Y,N,LOWER MAINLAND,NO 3 RD # 005300 TO 005498 even,NO 3 RD,NO 3 RD,15:00-17:59,1,0
N,PROPERTY DAMAGE ONLY,\N,N,2022,MONDAY,SIDE IMPACT,N,N,49.179284,-122.906442,Y,OCTOBER,N,SURREY,SURREY,SURREY,Y,N,N,LOWER MAINLAND,PRINCESS DR # 009600 TO 009799,PRINCESS DR,PRINCESS DR,15:00-17:59,1,0
N,PROPERTY DAMAGE ONLY,\N,N,2022,MONDAY,SIDE IMPACT,N,N,49.181301,-123.136662,Y,OCTOBER,N,RICHMOND,RICHMOND,RICHMOND,N,Y,N,LOWER MAINLAND,NO 3 RD # 004201 TO 004679 odd,NO 3 RD,NO 3 RD,15:00-17:59,1,0
N,PROPERTY DAMAGE ONLY,\N,N,2022,MONDAY,SIDE IMPACT,N,N,49.183347,-123.970378,Y,OCTOBER,N,NANAIMO,NANAIMO,NANAIMO,Y,Y,N,VANCOUVER ISLAND,DUFFERIN CRES # 001200 TO 001515,DUFFERIN CRES,DUFFERIN CRES,15:00-17:59,1,0
N,PROPERTY DAMAGE ONLY,\N,N,2022,MONDAY,SIDE IMPACT,N,N,49.183947,-123.119751,Y,OCTOBER,N,RICHMOND,RICHMOND,RICHMOND,N,Y,N,LOWER MAINLAND,STOLBERG ST # 004000 TO 004133,STOLBERG ST,STOLBERG ST,15:00-17:59,1,0
N,PROPERTY DAMAGE ONLY,\N,N,2022,MONDAY,SIDE IMPACT,N,N,49.184341,-122.791224,Y,OCTOBER,N,SURREY,SURREY,SURREY,Y,Y,N,LOWER MAINLAND,100 AVE # 015500 TO 015599,100 AVE,100 AVE,15:00-17:59,1,0
N,PROPERTY DAMAGE ONLY,\N,N,2022,MONDAY,SIDE IMPACT,N,N,49.189333,-123.951761,Y,OCTOBER,N,NANAIMO,NANAIMO,NANAIMO,N,Y,N,VANCOUVER ISLAND,TRANS-CANADA HWY # 000600 TO 000680 even,HWY 1,HWY 1,15:00-17:59,1,0
N,PROPERTY DAMAGE ONLY,\N,N,2022,MONDAY,SIDE IMPACT,N,N,49.190089,-122.800995,Y,OCTOBER,N,SURREY,SURREY,SURREY,Y,Y,N,LOWER MAINLAND,152 ST # 010251 TO 010399 odd,152 ST,152 ST,15:00-17:59,1,0
N,PROPERTY DAMAGE ONLY,\N,N,2022,MONDAY,SIDE IMPACT,N,N,49.191089,-123.969454,Y,OCTOBER,N,NANAIMO,NANAIMO,NANAIMO,Y,Y,N,VANCOUVER ISLAND,ISLAND HWY N # 002000 TO 002112 even,ISLAND HWY N,ISLAND HWY N,15:00-17:59,1,0
N,PROPERTY DAMAGE ONLY,\N,N,2022,MONDAY,SIDE IMPACT,N,N,49.191464,-122.81483,Y,OCTOBER,N,SURREY,SURREY,SURREY,N,Y,N,LOWER MAINLAND,104 AVE # 014610 TO 014798 even,104 AVE,104 AVE,15:00-17:59,1,0
N,PROPERTY DAMAGE ONLY,\N,N,2022,MONDAY,SIDE IMPACT,N,N,49.200221,-122.917969,Y,OCTOBER,N,NEW WESTMINSTER,NEW WESTMINSTER,NEW WESTMINSTER,Y,Y,N,LOWER MAINLAND,COLUMBIA ST # 001000 TO 001099,COLUMBIA ST,COLUMBIA ST,15:00-17:59,1,0
N,PROPERTY DAMAGE ONLY,\N,N,2022,MONDAY,SIDE IMPACT,N,N,49.205256,-122.91932,Y,OCTOBER,N,NEW WESTMINSTER,NEW WESTMINSTER,NEW WESTMINSTER,N,N,N,LOWER MAINLAND,NINTH ST # 000211 TO 000299,NINTH ST,NINTH ST,15:00-17:59,1,0
N,PROPERTY DAMAGE ONLY,\N,N,2022,MONDAY,SIDE IMPACT,N,N,49.205655,-124.026199,Y,OCTOBER,N,NANAIMO,NANAIMO,NANAIMO,Y,N,N,VANCOUVER ISLAND,JINGLE POT RD # 004197 TO 004239,JINGLE POT RD,JINGLE POT RD,15:00-17:59,1,0
N,PROPERTY DAMAGE ONLY,\N,N,2022,MONDAY,SIDE IMPACT,N,N,49.208286,-123.140542,Y,OCTOBER,N,VANCOUVER,VANCOUVER,VANCOUVER,Y,Y,N,LOWER MAINLAND,GRANVILLE ST # 008600 TO 008637,GRANVILLE ST,GRANVILLE ST,15:00-17:59,1,0
N,PROPERTY DAMAGE ONLY,\N,N,2022,MONDAY,SIDE IMPACT,N,N,49.216438,-123.117016,Y,OCTOBER,N,VANCOUVER,VANCOUVER,VANCOUVER,N,N,N,LOWER MAINLAND,CAMBIE ST # 007501 TO 007599 odd,CAMBIE ST,CAMBIE ST,15:00-17:59,1,0
N,PROPERTY DAMAGE ONLY,\N,N,2022,MONDAY,SIDE IMPACT,N,N,49.221135,-122.940638,Y,OCTOBER,N,BURNABY,BURNABY,BURNABY,N,N,N,LOWER MAINLAND,17TH AVE # 007500 TO 007699,17TH AVE,17TH AVE,15:00-17:59,1,0
N,PROPERTY DAMAGE ONLY,\N,N,2022,MONDAY,SIDE IMPACT,N,N,49.223587,-122.913851,Y,OCTOBER,N,NEW WESTMINSTER,NEW WESTMINSTER,NEW WESTMINSTER,Y,Y,N,LOWER MAINLAND,MCBRIDE BLVD # 000800 TO 000998 even,MCBRIDE BLVD,MCBRIDE BLVD,15:00-17:59,1,0
N,PROPERTY DAMAGE ONLY,\N,N,2022,MONDAY,SIDE IMPACT,N,N,49.224797,-123.053556,Y,OCTOBER,N,VANCOUVER,VANCOUVER,VANCOUVER,Y,Y,N,LOWER MAINLAND,E 49TH AVE # 002600 TO 002698,E 49TH AVE,E 49TH AVE,15:00-17:59,1,0
N,PROPERTY DAMAGE ONLY,\N,N,2022,MONDAY,SIDE IMPACT,N,N,49.225919,-123.051037,Y,OCTOBER,N,VANCOUVER,VANCOUVER,VANCOUVER,Y,N,N,LOWER MAINLAND,E 48TH AVE # 002700 TO 002729,E 48TH AVE,E 48TH AVE,15:00-17:59,1,0
N,PROPERTY DAMAGE ONLY,\N,N,2022,MONDAY,SIDE IMPACT,N,N,49.231024,-123.092641,Y,OCTOBER,N,VANCOUVER,VANCOUVER,VANCOUVER,Y,N,N,LOWER MAINLAND,E 43RD AVE # 000500 TO 000655,E 43RD AVE,E 43RD AVE,15:00-17:59,1,0
N,PROPERTY DAMAGE ONLY,\N,N,2022,MONDAY,SIDE IMPACT,N,N,49.242998,-123.004191,Y,OCTOBER,N,BURNABY,BURNABY,BURNABY,N,Y,N,LOWER MAINLAND,MOSCROP ST # 004401 TO 004499 odd,MOSCROP ST,MOSCROP ST,15:00-17:59,1,0
N,PROPERTY DAMAGE ONLY,\N,N,2022,MONDAY,SIDE IMPACT,N,N,49.243877,-122.892635,Y,OCTOBER,N,BURNABY,BURNABY,BURNABY & COQUITLAM,N,Y,N,LOWER MAINLAND,NORTH RD # 000321 TO 004563 odd,NORTH RD,NORTH RD,15:00-17:59,1,0
N,PROPERTY DAMAGE ONLY,\N,N,2022,MONDAY,SIDE IMPACT,N,N,49.245074,-122.892575,Y,OCTOBER,N,COQUITLAM,COQUITLAM,COQUITLAM,N,Y,N,LOWER MAINLAND,NORTH RD # 000331 TO 000399 odd,NORTH RD,NORTH RD,15:00-17:59,1,0
N,PROPERTY DAMAGE ONLY,\N,N,2022,MONDAY,SIDE IMPACT,N,N,49.247601,-123.150062,Y,OCTOBER,N,VANCOUVER,VANCOUVER,VANCOUVER,Y,Y,N,LOWER MAINLAND,NANTON AVE # 002000 TO 002003,NANTON AVE,NANTON AVE,15:00-17:59,1,0
N,PROPERTY DAMAGE ONLY,\N,N,2022,MONDAY,SIDE IMPACT,N,N,49.258119,-123.037802,Y,OCTOBER,N,VANCOUVER,VANCOUVER,VANCOUVER,Y,Y,N,LOWER MAINLAND,GRANDVIEW HWY # 003100 TO 003199,GRANDVIEW HWY,GRANDVIEW HWY,15:00-17:59,1,0
N,PROPERTY DAMAGE ONLY,\N,N,2022,MONDAY,SIDE IMPACT,N,N,49.25813,-123.032857,Y,OCTOBER,N,VANCOUVER,VANCOUVER,VANCOUVER,Y,N,N,LOWER MAINLAND,GRANDVIEW HWY # 003300 TO 003364,GRANDVIEW HWY,GRANDVIEW HWY,15:00-17:59,1,0
N,PROPERTY DAMAGE ONLY,\N,N,2022,MONDAY,SIDE IMPACT,N,N,49.258729,-123.048287,Y,OCTOBER,N,VANCOUVER,VANCOUVER,VANCOUVER,Y,N,N,LOWER MAINLAND,E 12TH AVE # 002700 TO 002799,E 12TH AVE,E 12TH AVE,15:00-17:59,1,0
N,PROPERTY DAMAGE ONLY,\N,N,2022,MONDAY,SIDE IMPACT,N,N,49.268063,-123.149183,Y,OCTOBER,N,VANCOUVER,VANCOUVER,VANCOUVER,Y,N,N,LOWER MAINLAND,W 4TH AVE # 001900 TO 001999,W 4TH AVE,W 4TH AVE,15:00-17:59,1,0
N,PROPERTY DAMAGE ONLY,\N,N,2022,MONDAY,SIDE IMPACT,N,N,49.273184,-123.024732,Y,OCTOBER,N,VANCOUVER,VANCOUVER,VANCOUVER,Y,N,N,LOWER MAINLAND,CHARLES ST # 003600 TO 003699,CHARLES ST,CHARLES ST,15:00-17:59,1,0
N,PROPERTY DAMAGE ONLY,\N,N,2022,MONDAY,SIDE IMPACT,N,N,49.285776,-117.217163,Y,OCTOBER,N,YMIR,YMIR,YMIR,Y,N,N,SOUTHERN INTERIOR,TAMARAC ST # 000100 TO 000199,TAMARAC ST,TAMARAC ST,15:00-17:59,1,0
N,PROPERTY DAMAGE ONLY,\N,N,2022,MONDAY,SIDE IMPACT,N,N,49.321525,-124.315287,Y,OCTOBER,N,PARKSVILLE,PARKSVILLE,PARKSVILLE,N,Y,N,VANCOUVER ISLAND,ISLAND HWY W # 000140 TO 000198 even,ISLAND HWY W,ISLAND HWY W,15:00-17:59,1,0
N,PROPERTY DAMAGE ONLY,\N,N,2022,MONDAY,SIDE IMPACT,N,N,49.324934999999996,-123.118915,Y,OCTOBER,N,NORTH VANCOUVER,NORTH VANCOUVER,NORTH VANCOUVER,N,Y,N,LOWER MAINLAND,GARDEN AVE # 001600 TO 001799,GARDEN AVE,GARDEN AVE,15:00-17:59,1,0
N,PROPERTY DAMAGE ONLY,\N,N,2022,MONDAY,SIDE IMPACT,N,N,49.328865,-123.029002,Y,OCTOBER,N,NORTH VANCOUVER,NORTH VANCOUVER,NORTH VANCOUVER,Y,N,N,LOWER MAINLAND,KILMARNOCK CRES # 002300 TO 002429,KILMARNOCK CRES,KILMARNOCK CRES,15:00-17:59,1,0
N,PROPERTY DAMAGE ONLY,\N,N,2022,MONDAY,SIDE IMPACT,N,N,49.331856,-122.945206,Y,OCTOBER,N,NORTH VANCOUVER,NORTH VANCOUVER,NORTH VANCOUVER,Y,N,N,LOWER MAINLAND,PANORAMA DR # 002396 TO 002901,PANORAMA DR,PANORAMA DR,15:00-17:59,1,0
N,PROPERTY DAMAGE ONLY,\N,N,2022,MONDAY,SIDE IMPACT,N,N,49.335668,-123.040711,Y,OCTOBER,N,NORTH VANCOUVER,NORTH VANCOUVER,NORTH VANCOUVER,Y,Y,N,LOWER MAINLAND,LYNN VALLEY RD # 001201 TO 001235 odd,LYNN VALLEY RD,LYNN VALLEY RD,15:00-17:59,1,0
N,PROPERTY DAMAGE ONLY,\N,N,2022,MONDAY,SIDE IMPACT,N,N,49.479086,-119.589906,Y,OCTOBER,N,PENTICTON,PENTICTON,PENTICTON,N,Y,N,SOUTHERN INTERIOR,INDUSTRIAL AVE W # 000100 TO 000199,INDUSTRIAL AVE W,INDUSTRIAL AVE W,15:00-17:59,1,0
N,PROPERTY DAMAGE ONLY,\N,N,2022,MONDAY,SIDE IMPACT,N,N,49.482682,-123.751435,Y,OCTOBER,N,SECHELT,SECHELT,SECHELT,Y,Y,N,LOWER MAINLAND,SECHELT INLET RD # 005784 TO 005812,SECHELT INLET RD,SECHELT INLET RD,15:00-17:59,1,0
N,PROPERTY DAMAGE ONLY,\N,N,2022,MONDAY,SIDE IMPACT,N,N,49.603216,-119.68286,Y,OCTOBER,N,SUMMERLAND,SUMMERLAND,SUMMERLAND,Y,Y,N,SOUTHERN INTERIOR,JUBILEE RD W # 010000 TO 010199,JUBILEE RD W,JUBILEE RD W,15:00-17:59,1,0
N,PROPERTY DAMAGE ONLY,\N,N,2022,MONDAY,SIDE IMPACT,N,N,49.686254,-115.979625,Y,OCTOBER,N,KIMBERLEY,KIMBERLEY,KIMBERLEY,N,Y,N,SOUTHERN INTERIOR,HALPIN ST # 000400 TO 000499,HALPIN ST,HALPIN ST,15:00-17:59,1,0
N,PROPERTY DAMAGE ONLY,\N,N,2022,MONDAY,SIDE IMPACT,N,N,49.712231,-124.999892,Y,OCTOBER,N,COURTENAY,COURTENAY,COURTENAY,Y,Y,N,VANCOUVER ISLAND,VANIER DR # 002800 TO 003099,VANIER DR,VANIER DR,15:00-17:59,1,0
N,PROPERTY DAMAGE ONLY,\N,N,2022,MONDAY,SIDE IMPACT,N,N,49.828489,-119.629569,Y,OCTOBER,N,WEST KELOWNA,WEST KELOWNA,WEST KELOWNA,Y,Y,N,SOUTHERN INTERIOR,DOBBIN RD # 002450 TO 002499,DOBBIN RD,DOBBIN RD,15:00-17:59,1,0
N,PROPERTY DAMAGE ONLY,\N,N,2022,MONDAY,SIDE IMPACT,N,N,49.843714,-119.489945,Y,OCTOBER,N,KELOWNA,KELOWNA,KELOWNA,Y,Y,N,SOUTHERN INTERIOR,TRUSWELL RD # 000500 TO 000567,TRUSWELL RD,TRUSWELL RD,15:00-17:59,1,0
N,PROPERTY DAMAGE ONLY,\N,N,2022,MONDAY,SIDE IMPACT,N,N,49.870112,-119.476878,Y,OCTOBER,N,KELOWNA,KELOWNA,KELOWNA,Y,N,N,SOUTHERN INTERIOR,CAMERON AVE # 001050 TO 001102,CAMERON AVE,CAMERON AVE,15:00-17:59,1,0
N,PROPERTY DAMAGE ONLY,\N,N,2022,MONDAY,SIDE IMPACT,N,N,49.881803,-119.439105,Y,OCTOBER,N,KELOWNA,KELOWNA,KELOWNA,Y,Y,N,SOUTHERN INTERIOR,HARVEY AVE # 002121 TO 002279 odd,HARVEY AVE,HARVEY AVE,15:00-17:59,1,0
N,PROPERTY DAMAGE ONLY,\N,N,2022,MONDAY,SIDE IMPACT,N,N,49.88536,-119.49582,Y,OCTOBER,N,KELOWNA,KELOWNA,KELOWNA,Y,Y,N,SOUTHERN INTERIOR,LAWRENCE AVE # 000300 TO 000399,LAWRENCE AVE,LAWRENCE AVE,15:00-17:59,1,0
N,PROPERTY DAMAGE ONLY,\N,N,2022,MONDAY,SIDE IMPACT,N,N,49.887628,-119.426692,Y,OCTOBER,N,KELOWNA,KELOWNA,KELOWNA,Y,Y,N,SOUTHERN INTERIOR,BANKS RD # 001550 TO 001569,BANKS RD,BANKS RD,15:00-17:59,1,0
N,PROPERTY DAMAGE ONLY,\N,N,2022,MONDAY,SIDE IMPACT,N,N,50.024453,-125.242488,Y,OCTOBER,N,CAMPBELL RIVER,CAMPBELL RIVER,CAMPBELL RIVER,Y,Y,N,VANCOUVER ISLAND,ST ANNS RD # 000100 TO 000199,ST ANNS RD,ST ANNS RD,15:00-17:59,1,0
N,PROPERTY DAMAGE ONLY,\N,N,2022,MONDAY,SIDE IMPACT,N,N,50.289072,-119.260542,Y,OCTOBER,N,VERNON,VERNON,VERNON,N,Y,N,SOUTHERN INTERIOR,58 AVE # 002000 TO 002499,58 AVE,58 AVE,15:00-17:59,1,0
N,PROPERTY DAMAGE ONLY,\N,N,2022,MONDAY,SIDE IMPACT,N,N,50.668512,-120.359349,Y,OCTOBER,N,KAMLOOPS,KAMLOOPS,KAMLOOPS,Y,Y,N,SOUTHERN INTERIOR,MCGILL RD # 000751 TO 000793 odd,MCGILL RD,MCGILL RD,15:00-17:59,1,0
N,PROPERTY DAMAGE ONLY,\N,N,2022,MONDAY,SIDE IMPACT,N,N,53.923132,-122.781136,Y,OCTOBER,N,PRINCE GEORGE,PRINCE GEORGE,PRINCE GEORGE,N,Y,N,NORTH CENTRAL,CENTRAL ST E # 000200 TO 000299,CENTRAL ST E,CENTRAL ST E,15:00-17:59,1,0
N,PROPERTY DAMAGE ONLY,\N,N,2022,MONDAY,SIDE IMPACT,N,N,54.050894,-128.650599,Y,OCTOBER,N,KITIMAT,KITIMAT,KITIMAT,Y,Y,N,NORTH CENTRAL,MOUNTAINVIEW SQUARE # 000520 TO 000549,MOUNTAINVIEW SQUARE,MOUNTAINVIEW SQUARE,15:00-17:59,1,0
N,PROPERTY DAMAGE ONLY,\N,N,2022,MONDAY,SIDE IMPACT,N,N,54.312472,-130.327235,Y,OCTOBER,N,PRINCE RUPERT,PRINCE RUPERT,PRINCE RUPERT,Y,Y,N,NORTH CENTRAL,2ND AVE W # 000500 TO 000599,2ND AVE W,2ND AVE W,15:00-17:59,1,0
N,PROPERTY DAMAGE ONLY,\N,N,2022,MONDAY,SIDE IMPACT,N,N,55.737685,-120.230942,Y,OCTOBER,N,DAWSON CREEK,DAWSON CREEK,DAWSON CREEK,Y,Y,N,NORTH CENTRAL,ADAMS RD # 000800 TO 001200,ADAMS RD,ADAMS RD,15:00-17:59,1,0
N,PROPERTY DAMAGE ONLY,\N,N,2022,MONDAY,SIDE IMPACT,Y,N,49.119089,-122.814976,Y,OCTOBER,N,SURREY,SURREY,SURREY,Y,Y,N,LOWER MAINLAND,64 AVE # 014600 TO 014798 even,64 AVE,64 AVE,15:00-17:59,1,0
N,PROPERTY DAMAGE ONLY,\N,N,2022,MONDAY,SIDE SWIPE - OPPOSITE DIRECTION,N,N,48.65149,-123.557402,Y,OCTOBER,N,MILL BAY,MILL BAY,MILL BAY,Y,Y,N,VANCOUVER ISLAND,MILL BAY RD # 002700 TO 002733,MILL BAY RD,MILL BAY RD,15:00-17:59,1,0
N,PROPERTY DAMAGE ONLY,\N,N,2022,MONDAY,SIDE SWIPE - OPPOSITE DIRECTION,N,N,49.18377,-122.877565,Y,OCTOBER,N,SURREY,SURREY,SURREY,Y,Y,N,LOWER MAINLAND,124A ST # 009930 TO 009999,124A ST,124A ST,15:00-17:59,1,0
N,PROPERTY DAMAGE ONLY,\N,N,2022,MONDAY,SIDE SWIPE - OPPOSITE DIRECTION,N,N,49.201806,-122.680647,Y,OCTOBER,N,PITT MEADOWS,PITT MEADOWS,PITT MEADOWS,Y,Y,N,LOWER MAINLAND,BARNSTON VIEW RD # 010930 TO 010959,BARNSTON VIEW RD,BARNSTON VIEW RD,15:00-17:59,1,0
N,PROPERTY DAMAGE ONLY,\N,N,2022,MONDAY,SIDE SWIPE - OPPOSITE DIRECTION,N,N,49.265155,-123.114737,Y,OCTOBER,N,VANCOUVER,VANCOUVER,VANCOUVER,Y,Y,N,LOWER MAINLAND,CAMBIE ST # 002200 TO 002298 even,CAMBIE ST,CAMBIE ST,15:00-17:59,1,0
N,PROPERTY DAMAGE ONLY,\N,N,2022,MONDAY,SIDE SWIPE - OPPOSITE DIRECTION,N,N,50.837942,-118.967797,Y,OCTOBER,N,SICAMOUS,SICAMOUS,SICAMOUS,Y,Y,N,SOUTHERN INTERIOR,TRANS-CANADA HWY # 000900 TO 000911,TRANS-CANADA HWY,TRANS-CANADA HWY,15:00-17:59,1,0
N,PROPERTY DAMAGE ONLY,\N,N,2022,MONDAY,SIDE SWIPE - SAME DIRECTION,N,N,\N,\N,N,OCTOBER,N,ABBOTSFORD,ABBOTSFORD,\N,N,N,N,LOWER MAINLAND,UNKNOWN,HWY 1,HWY 1,15:00-17:59,1,0
N,PROPERTY DAMAGE ONLY,\N,N,2022,MONDAY,SIDE SWIPE - SAME DIRECTION,N,N,\N,\N,N,OCTOBER,N,VANCOUVER,VANCOUVER,\N,N,N,N,LOWER MAINLAND,UNKNOWN,WEBBER LANE,WEBBER LANE,15:00-17:59,1,0
N,PROPERTY DAMAGE ONLY,\N,N,2022,MONDAY,SIDE SWIPE - SAME DIRECTION,N,N,\N,\N,N,OCTOBER,N,VANCOUVER,VANCOUVER,\N,Y,N,N,LOWER MAINLAND,UNKNOWN,HEATHER STREET,HEATHER STREET,15:00-17:59,1,0
N,PROPERTY DAMAGE ONLY,\N,N,2022,MONDAY,SIDE SWIPE - SAME DIRECTION,N,N,49.031097,-122.797788,Y,OCTOBER,N,SURREY,SURREY,SURREY & WHITE ROCK,Y,Y,N,LOWER MAINLAND,NORTH BLUFF RD # 015300 TO 015339,16 AVE,16 AVE,15:00-17:59,1,0
N,PROPERTY DAMAGE ONLY,\N,N,2022,MONDAY,SIDE SWIPE - SAME DIRECTION,N,N,49.043164,-122.283775,Y,OCTOBER,N,ABBOTSFORD,ABBOTSFORD,ABBOTSFORD,Y,Y,N,LOWER MAINLAND,MCKENZIE RD # 002170 TO 002349,MCKENZIE RD,MCKENZIE RD,15:00-17:59,1,0
N,PROPERTY DAMAGE ONLY,\N,N,2022,MONDAY,SIDE SWIPE - SAME DIRECTION,N,N,49.148501,-122.991026,Y,OCTOBER,N,DELTA,DELTA,DELTA,Y,Y,N,LOWER MAINLAND,ALEXANDER RD # 007930 TO 008199,ALEXANDER RD,ALEXANDER RD,15:00-17:59,1,0
N,PROPERTY DAMAGE ONLY,\N,N,2022,MONDAY,SIDE SWIPE - SAME DIRECTION,N,N,49.262434999999996,-122.781524,Y,OCTOBER,N,PORT COQUITLAM,PORT COQUITLAM,PORT COQUITLAM,N,N,N,LOWER MAINLAND,SHAUGHNESSY ST # 002551 TO 002599,SHAUGHNESSY ST,SHAUGHNESSY ST,15:00-17:59,1,0
N,PROPERTY DAMAGE ONLY,\N,N,2022,MONDAY,SIDE SWIPE - SAME DIRECTION,N,N,49.267775,-123.067734,Y,OCTOBER,N,VANCOUVER,VANCOUVER,VANCOUVER,Y,N,N,LOWER MAINLAND,E 3RD AVE # 001736 TO 001869,E 3RD AVE,E 3RD AVE,15:00-17:59,1,0
N,PROPERTY DAMAGE ONLY,\N,N,2022,MONDAY,SIDE SWIPE - SAME DIRECTION,N,N,49.268367,-123.108024,Y,OCTOBER,N,VANCOUVER,VANCOUVER,VANCOUVER,Y,N,N,LOWER MAINLAND,W 3RD AVE # 000100 TO 000199,W 3RD AVE,W 3RD AVE,15:00-17:59,1,0
N,PROPERTY DAMAGE ONLY,\N,N,2022,MONDAY,SIDE SWIPE - SAME DIRECTION,N,N,49.269728,-123.14198,Y,OCTOBER,N,VANCOUVER,VANCOUVER,VANCOUVER,Y,Y,N,LOWER MAINLAND,W 2ND AVE # 001600 TO 001699,W 2ND AVE,W 2ND AVE,15:00-17:59,1,0
N,PROPERTY DAMAGE ONLY,\N,N,2022,MONDAY,SIDE SWIPE - SAME DIRECTION,N,N,49.272282,-123.037662,Y,OCTOBER,N,VANCOUVER,VANCOUVER,VANCOUVER,Y,N,N,LOWER MAINLAND,KITCHENER ST # 003100 TO 003199,KITCHENER ST,KITCHENER ST,15:00-17:59,1,0
N,PROPERTY DAMAGE ONLY,\N,N,2022,MONDAY,SIDE SWIPE - SAME DIRECTION,N,N,49.277157,-123.103753,N,OCTOBER,N,VANCOUVER,VANCOUVER,VANCOUVER,N,N,N,LOWER MAINLAND,GEORGIA VIADUCT,GEORGIA VIADUCT,GEORGIA VIADUCT,15:00-17:59,1,0
N,PROPERTY DAMAGE ONLY,\N,N,2022,MONDAY,SIDE SWIPE - SAME DIRECTION,N,N,49.288161,-123.128165,Y,OCTOBER,N,VANCOUVER,VANCOUVER,VANCOUVER,Y,N,N,LOWER MAINLAND,ALBERNI ST # 001300 TO 001399,ALBERNI ST,ALBERNI ST,15:00-17:59,1,0
N,PROPERTY DAMAGE ONLY,\N,N,2022,MONDAY,SIDE SWIPE - SAME DIRECTION,N,N,49.291479,-123.128052,Y,OCTOBER,N,VANCOUVER,VANCOUVER,VANCOUVER,N,N,N,LOWER MAINLAND,COAL HARBOUR QUAY # 001500 TO 001599,COAL HARBOUR QUAY,COAL HARBOUR QUAY,15:00-17:59,1,0
N,PROPERTY DAMAGE ONLY,\N,N,2022,MONDAY,SIDE SWIPE - SAME DIRECTION,N,N,50.256972,-119.264097,Y,OCTOBER,N,VERNON,VERNON,VERNON,Y,Y,N,SOUTHERN INTERIOR,HWY 6 # 002300 TO 002379,HWY 6,HWY 6,15:00-17:59,1,0
N,PROPERTY DAMAGE ONLY,\N,N,2022,MONDAY,SIDE SWIPE - SAME DIRECTION,N,N,53.884563,-122.772118,Y,OCTOBER,N,PRINCE GEORGE,PRINCE GEORGE,PRINCE GEORGE,Y,Y,N,NORTH CENTRAL,RANGE RD # 002460 TO 002599,RANGE RD,RANGE RD,15:00-17:59,1,0
N,PROPERTY DAMAGE ONLY,\N,N,2022,MONDAY,SINGLE VEHICLE,N,N,\N,\N,N,OCTOBER,N,BEAVERDELL,BEAVERDELL,\N,N,N,N,SOUTHERN INTERIOR,UNKNOWN,HWY 33,HWY 33,15:00-17:59,1,0
N,PROPERTY DAMAGE ONLY,\N,N,2022,MONDAY,SINGLE VEHICLE,N,N,\N,\N,N,OCTOBER,N,CAMPBELL RIVER,CAMPBELL RIVER,\N,N,N,N,VANCOUVER ISLAND,UNKNOWN,ISLAND HWY,ISLAND HWY,15:00-17:59,1,0
N,PROPERTY DAMAGE ONLY,\N,N,2022,MONDAY,SINGLE VEHICLE,N,N,\N,\N,N,OCTOBER,N,CHILLIWACK,CHILLIWACK,\N,N,N,N,LOWER MAINLAND,UNKNOWN,VEDDER RD,VEDDER RD,15:00-17:59,1,0
N,PROPERTY DAMAGE ONLY,\N,N,2022,MONDAY,SINGLE VEHICLE,N,N,\N,\N,N,OCTOBER,N,CHILLIWACK,CHILLIWACK,\N,N,N,N,LOWER MAINLAND,UNKNOWN,YALE RD,YALE RD,15:00-17:59,1,0
N,PROPERTY DAMAGE ONLY,\N,N,2022,MONDAY,SINGLE VEHICLE,N,N,\N,\N,N,OCTOBER,N,DEROCHE,DEROCHE,\N,N,N,N,LOWER MAINLAND,UNKNOWN,CHEHALIS RD,CHEHALIS RD,15:00-17:59,1,0
N,PROPERTY DAMAGE ONLY,\N,N,2022,MONDAY,SINGLE VEHICLE,N,N,\N,\N,N,OCTOBER,N,HOPE,HOPE,\N,N,N,N,LOWER MAINLAND,UNKNOWN,HWY 3,HWY 3,15:00-17:59,1,0
N,PROPERTY DAMAGE ONLY,\N,N,2022,MONDAY,SINGLE VEHICLE,N,N,\N,\N,N,OCTOBER,N,KAMLOOPS,KAMLOOPS,\N,N,N,N,SOUTHERN INTERIOR,UNKNOWN,KOKANEE WAY,KOKANEE WAY,15:00-17:59,1,0
N,PROPERTY DAMAGE ONLY,\N,N,2022,MONDAY,SINGLE VEHICLE,N,N,\N,\N,N,OCTOBER,N,KASLO,KASLO,\N,N,N,N,SOUTHERN INTERIOR,UNKNOWN,HWY 31A,HWY 31A,15:00-17:59,1,0
N,PROPERTY DAMAGE ONLY,\N,N,2022,MONDAY,SINGLE VEHICLE,N,N,\N,\N,N,OCTOBER,N,KELOWNA,KELOWNA,\N,N,N,N,SOUTHERN INTERIOR,UNKNOWN,E KELOWNA RD,E KELOWNA RD,15:00-17:59,1,0
N,PROPERTY DAMAGE ONLY,\N,N,2022,MONDAY,SINGLE VEHICLE,N,N,\N,\N,N,OCTOBER,N,LANGLEY,LANGLEY,\N,N,Y,N,LOWER MAINLAND,UNKNOWN,56TH AVE,56TH AVE,15:00-17:59,1,0
N,PROPERTY DAMAGE ONLY,\N,N,2022,MONDAY,SINGLE VEHICLE,N,N,\N,\N,N,OCTOBER,N,PEACHLAND,PEACHLAND,\N,N,N,N,SOUTHERN INTERIOR,UNKNOWN,SOMERSET AVE,SOMERSET AVE,15:00-17:59,1,0
N,PROPERTY DAMAGE ONLY,\N,N,2022,MONDAY,SINGLE VEHICLE,N,N,\N,\N,N,OCTOBER,N,PORT ALICE,PORT ALICE,\N,N,N,N,VANCOUVER ISLAND,UNKNOWN,JUNE LANDING RD,JUNE LANDING RD,15:00-17:59,1,0
N,PROPERTY DAMAGE ONLY,\N,N,2022,MONDAY,SINGLE VEHICLE,N,N,\N,\N,N,OCTOBER,N,PRINCE GEORGE,PRINCE GEORGE,\N,N,Y,N,NORTH CENTRAL,UNKNOWN,RAC PLACE DRIVE,RAC PLACE DRIVE,15:00-17:59,1,0
N,PROPERTY DAMAGE ONLY,\N,N,2022,MONDAY,SINGLE VEHICLE,N,N,\N,\N,N,OCTOBER,N,QUALICUM BEACH,QUALICUM BEACH,\N,N,N,N,VANCOUVER ISLAND,UNKNOWN,KINKADE RD,KINKADE RD,15:00-17:59,1,0
N,PROPERTY DAMAGE ONLY,\N,N,2022,MONDAY,SINGLE VEHICLE,N,N,\N,\N,N,OCTOBER,N,SAANICH,SAANICH,\N,N,Y,N,VANCOUVER ISLAND,UNKNOWN,W SAANICH RD,W SAANICH RD,15:00-17:59,1,0
N,PROPERTY DAMAGE ONLY,\N,N,2022,MONDAY,SINGLE VEHICLE,N,N,\N,\N,N,OCTOBER,N,SURREY,SURREY,\N,N,N,N,LOWER MAINLAND,UNKNOWN,101A,101A,15:00-17:59,1,0
N,PROPERTY DAMAGE ONLY,\N,N,2022,MONDAY,SINGLE VEHICLE,N,N,\N,\N,N,OCTOBER,N,SURREY,SURREY,\N,N,N,N,LOWER MAINLAND,UNKNOWN,UNKNOWN,UNKNOWN,15:00-17:59,1,0
N,PROPERTY DAMAGE ONLY,\N,N,2022,MONDAY,SINGLE VEHICLE,N,N,\N,\N,N,OCTOBER,N,TERRACE,TERRACE,\N,N,N,N,NORTH CENTRAL,UNKNOWN,HWY 16,HWY 16,15:00-17:59,1,0
N,PROPERTY DAMAGE ONLY,\N,N,2022,MONDAY,SINGLE VEHICLE,N,N,\N,\N,N,OCTOBER,N,TOFINO,TOFINO,\N,N,N,N,VANCOUVER ISLAND,UNKNOWN,HWY 4,HWY 4,15:00-17:59,2,0
N,PROPERTY DAMAGE ONLY,\N,N,2022,MONDAY,SINGLE VEHICLE,N,N,\N,\N,N,OCTOBER,N,VANCOUVER,VANCOUVER,\N,N,N,N,LOWER MAINLAND,UNKNOWN,POINT GREY RD,POINT GREY RD,15:00-17:59,1,0
N,PROPERTY DAMAGE ONLY,\N,N,2022,MONDAY,SINGLE VEHICLE,N,N,\N,\N,N,OCTOBER,N,VICTORIA,VICTORIA,\N,N,N,N,VANCOUVER ISLAND,UNKNOWN,MCKENZIE ST,MCKENZIE ST,15:00-17:59,1,0
N,PROPERTY DAMAGE ONLY,\N,N,2022,MONDAY,SINGLE VEHICLE,N,N,\N,\N,N,OCTOBER,N,VICTORIA,VICTORIA,\N,N,N,N,VANCOUVER ISLAND,UNKNOWN,RING ROAD / UVIC,RING ROAD / UVIC,15:00-17:59,1,0
N,PROPERTY DAMAGE ONLY,\N,N,2022,MONDAY,SINGLE VEHICLE,N,N,\N,\N,N,OCTOBER,N,VICTORIA,VICTORIA,\N,N,N,N,VANCOUVER ISLAND,UNKNOWN,TORQUAY DR,TORQUAY DR,15:00-17:59,1,0
N,PROPERTY DAMAGE ONLY,\N,N,2022,MONDAY,SINGLE VEHICLE,N,N,\N,\N,N,OCTOBER,N,VICTORIA,VICTORIA,\N,N,N,N,VANCOUVER ISLAND,UNKNOWN,WILCOX TERR,WILCOX TERR,15:00-17:59,1,0
N,PROPERTY DAMAGE ONLY,\N,N,2022,MONDAY,SINGLE VEHICLE,N,N,\N,\N,N,OCTOBER,N,VICTORIA,VICTORIA,\N,N,Y,N,VANCOUVER ISLAND,UNKNOWN,MCKENZIE ST,MCKENZIE ST,15:00-17:59,1,0
N,PROPERTY DAMAGE ONLY,\N,N,2022,MONDAY,SINGLE VEHICLE,N,N,\N,\N,N,OCTOBER,N,VICTORIA,VICTORIA,\N,Y,N,N,VANCOUVER ISLAND,UNKNOWN,ECHO VALLEY DR,ECHO VALLEY DR,15:00-17:59,1,0
N,PROPERTY DAMAGE ONLY,\N,N,2022,MONDAY,SINGLE VEHICLE,N,N,\N,\N,N,OCTOBER,N,WEST KELOWNA,WEST KELOWNA,\N,N,N,N,SOUTHERN INTERIOR,UNKNOWN,,,15:00-17:59,1,0
N,PROPERTY DAMAGE ONLY,\N,N,2022,MONDAY,SINGLE VEHICLE,N,N,\N,\N,N,OCTOBER,N,WEST VANCOUVER,WEST VANCOUVER,\N,N,Y,N,LOWER MAINLAND,UNKNOWN,RUSSET PL,RUSSET PL,15:00-17:59,1,0
N,PROPERTY DAMAGE ONLY,\N,N,2022,MONDAY,SINGLE VEHICLE,N,N,\N,\N,N,OCTOBER,N,WILLIAMS LAKE,WILLIAMS LAKE,\N,N,N,N,NORTH CENTRAL,UNKNOWN,HWY 20,HWY 20,15:00-17:59,1,0
N,PROPERTY DAMAGE ONLY,\N,N,2022,MONDAY,SINGLE VEHICLE,N,N,48.420673,-123.299342,Y,OCTOBER,N,OAK BAY,OAK BAY,OAK BAY,N,N,N,VANCOUVER ISLAND,SATELLITE ST # 002730 TO 002799,SATELLITE ST,SATELLITE ST,15:00-17:59,1,0
N,PROPERTY DAMAGE ONLY,\N,N,2022,MONDAY,SINGLE VEHICLE,N,N,48.448079,-123.497125,Y,OCTOBER,N,LANGFORD,LANGFORD,LANGFORD,N,Y,N,VANCOUVER ISLAND,GOLDSTREAM AVE # 000700 TO 000749,GOLDSTREAM AVE,GOLDSTREAM AVE,15:00-17:59,1,0
N,PROPERTY DAMAGE ONLY,\N,N,2022,MONDAY,SINGLE VEHICLE,N,N,48.465506,-123.53813,Y,OCTOBER,N,LANGFORD,LANGFORD,LANGFORD,N,Y,N,VANCOUVER ISLAND,PINEHURST TERRACE # 002005 TO 002061,PINEHURST TERRACE,PINEHURST TERRACE,15:00-17:59,1,0
N,PROPERTY DAMAGE ONLY,\N,N,2022,MONDAY,SINGLE VEHICLE,N,N,48.645971,-123.57857,Y,OCTOBER,N,MILL BAY,MILL BAY,MILL BAY,N,Y,N,VANCOUVER ISLAND,BRIARWOOD CRES # 001000 TO 001079,BRIARWOOD CRES,BRIARWOOD CRES,15:00-17:59,1,0
N,PROPERTY DAMAGE ONLY,\N,N,2022,MONDAY,SINGLE VEHICLE,N,N,48.716346,-123.60156,Y,OCTOBER,N,COBBLE HILL,COBBLE HILL,COBBLE HILL,N,Y,N,VANCOUVER ISLAND,CANTERBURY PL # 004170 TO 004190,CANTERBURY PL,CANTERBURY PL,15:00-17:59,1,0
N,PROPERTY DAMAGE ONLY,\N,N,2022,MONDAY,SINGLE VEHICLE,N,N,48.78559,-123.69882,Y,OCTOBER,N,DUNCAN,DUNCAN,DUNCAN,Y,N,N,VANCOUVER ISLAND,YORK RD # 005900 TO 005951,YORK RD,YORK RD,15:00-17:59,1,0
N,PROPERTY DAMAGE ONLY,\N,N,2022,MONDAY,SINGLE VEHICLE,N,N,48.880877,-123.55745,Y,OCTOBER,N,SALT SPRING ISLAND,SALT SPRING ISLAND,SALT SPRING ISLAND,N,N,N,VANCOUVER ISLAND,BROADWELL RD # 000100 TO 000259,BROADWELL RD,BROADWELL RD,15:00-17:59,1,0
N,PROPERTY DAMAGE ONLY,\N,N,2022,MONDAY,SINGLE VEHICLE,N,N,49.028976,-122.808114,Y,OCTOBER,N,WHITE ROCK,WHITE ROCK,WHITE ROCK,N,Y,N,LOWER MAINLAND,VIDAL ST # 001400 TO 001569,VIDAL ST,VIDAL ST,15:00-17:59,1,0
N,PROPERTY DAMAGE ONLY,\N,N,2022,MONDAY,SINGLE VEHICLE,N,N,49.051267,-122.320749,Y,OCTOBER,N,ABBOTSFORD,ABBOTSFORD,ABBOTSFORD,N,Y,N,LOWER MAINLAND,SOUTH FRASER WAY # 032560 TO 032639,SOUTH FRASER WAY,SOUTH FRASER WAY,15:00-17:59,1,0
N,PROPERTY DAMAGE ONLY,\N,N,2022,MONDAY,SINGLE VEHICLE,N,N,49.056748,-122.801205,Y,OCTOBER,N,SURREY,SURREY,SURREY,N,Y,N,LOWER MAINLAND,152 ST # 003001 TO 003049 odd,152 ST,152 ST,15:00-17:59,1,0
N,PROPERTY DAMAGE ONLY,\N,N,2022,MONDAY,SINGLE VEHICLE,N,N,49.06267,-122.791057,Y,OCTOBER,N,SURREY,SURREY,SURREY,N,Y,N,LOWER MAINLAND,155B ST # 003300 TO 003369,155B ST,155B ST,15:00-17:59,1,0
N,PROPERTY DAMAGE ONLY,\N,N,2022,MONDAY,SINGLE VEHICLE,N,N,49.063473,-122.536927,Y,OCTOBER,N,LANGLEY,LANGLEY,LANGLEY,Y,Y,N,LOWER MAINLAND,248 ST # 003200 TO 003599,248 ST,248 ST,15:00-17:59,1,0
N,PROPERTY DAMAGE ONLY,\N,N,2022,MONDAY,SINGLE VEHICLE,N,N,49.093401,-122.669647,Y,OCTOBER,N,LANGLEY,LANGLEY,LANGLEY,N,N,N,LOWER MAINLAND,50 AVE # 019950 TO 019999,50 AVE,50 AVE,15:00-17:59,1,0
N,PROPERTY DAMAGE ONLY,\N,N,2022,MONDAY,SINGLE VEHICLE,N,N,49.1024,-122.655383,Y,OCTOBER,N,LANGLEY,LANGLEY,LANGLEY,N,Y,N,LOWER MAINLAND,PARK AVE # 020400 TO 020477,PARK AVE,PARK AVE,15:00-17:59,1,0
N,PROPERTY DAMAGE ONLY,\N,N,2022,MONDAY,SINGLE VEHICLE,N,N,49.104303,-122.663028,Y,OCTOBER,N,LANGLEY,LANGLEY,LANGLEY,N,Y,N,LOWER MAINLAND,56 AVE # 020150 TO 020249,56 AVE,56 AVE,15:00-17:59,1,0
N,PROPERTY DAMAGE ONLY,\N,N,2022,MONDAY,SINGLE VEHICLE,N,N,49.122662,-122.778929,Y,OCTOBER,N,SURREY,SURREY,SURREY,N,N,N,LOWER MAINLAND,160 ST # 006436 TO 006907,160 ST,160 ST,15:00-17:59,1,0
N,PROPERTY DAMAGE ONLY,\N,N,2022,MONDAY,SINGLE VEHICLE,N,N,49.129176,-116.524643,Y,OCTOBER,N,CRESTON,CRESTON,CRESTON,N,N,N,SOUTHERN INTERIOR,HWY 3A # 002220 TO 002426,HWY 3A,HWY 3A,15:00-17:59,1,0
N,PROPERTY DAMAGE ONLY,\N,N,2022,MONDAY,SINGLE VEHICLE,N,N,49.131442,-122.890445,Y,OCTOBER,N,DELTA,DELTA,DELTA,N,Y,N,LOWER MAINLAND,120 ST # 007001 TO 007099 odd,120 ST,120 ST,15:00-17:59,1,0
N,PROPERTY DAMAGE ONLY,\N,N,2022,MONDAY,SINGLE VEHICLE,N,N,49.134001,-122.668211,Y,OCTOBER,N,LANGLEY,LANGLEY,LANGLEY,N,Y,N,LOWER MAINLAND,200 ST # 007200 TO 007278 even,200 ST,200 ST,15:00-17:59,1,0
N,PROPERTY DAMAGE ONLY,\N,N,2022,MONDAY,SINGLE VEHICLE,N,N,49.146256,-122.649891,Y,OCTOBER,N,LANGLEY,LANGLEY,LANGLEY,N,Y,N,LOWER MAINLAND,WILLOUGHBY TOWN CENTRE DR # 020600 TO 020617,WILLOUGHBY TOWN CENTRE DR,WILLOUGHBY TOWN CENTRE DR,15:00-17:59,1,0
N,PROPERTY DAMAGE ONLY,\N,N,2022,MONDAY,SINGLE VEHICLE,N,N,49.155513,-122.813476,Y,OCTOBER,N,SURREY,SURREY,SURREY,N,N,N,LOWER MAINLAND,84 AVE # 014712 TO 014799,84 AVE,84 AVE,15:00-17:59,1,0
N,PROPERTY DAMAGE ONLY,\N,N,2022,MONDAY,SINGLE VEHICLE,N,N,49.173746,-123.127344,Y,OCTOBER,N,RICHMOND,RICHMOND,RICHMOND,N,N,N,LOWER MAINLAND,LANSDOWNE RD # 008600 TO 008798 even,LANSDOWNE RD,LANSDOWNE RD,15:00-17:59,1,0
N,PROPERTY DAMAGE ONLY,\N,N,2022,MONDAY,SINGLE VEHICLE,N,N,49.175192,-123.945678,Y,OCTOBER,N,NANAIMO,NANAIMO,NANAIMO,N,Y,N,VANCOUVER ISLAND,MT BENSON ST # 000200 TO 000299,MT BENSON ST,MT BENSON ST,15:00-17:59,1,0
N,PROPERTY DAMAGE ONLY,\N,N,2022,MONDAY,SINGLE VEHICLE,N,N,49.203435,-122.854562,Y,OCTOBER,N,SURREY,SURREY,SURREY,Y,Y,N,LOWER MAINLAND,RAVINE RD # 011023 TO 011091,RAVINE RD,RAVINE RD,15:00-17:59,1,0
N,PROPERTY DAMAGE ONLY,\N,N,2022,MONDAY,SINGLE VEHICLE,N,N,49.210862,-123.106649,Y,OCTOBER,N,VANCOUVER,VANCOUVER,VANCOUVER,N,Y,N,LOWER MAINLAND,ONTARIO ST # 008000 TO 008299,ONTARIO ST,ONTARIO ST,15:00-17:59,1,0
N,PROPERTY DAMAGE ONLY,\N,N,2022,MONDAY,SINGLE VEHICLE,N,N,49.211661,-122.579233,Y,OCTOBER,N,MAPLE RIDGE,MAPLE RIDGE,MAPLE RIDGE,N,Y,N,LOWER MAINLAND,232 ST # 011490 TO 011589,232 ST,232 ST,15:00-17:59,1,0
N,PROPERTY DAMAGE ONLY,\N,N,2022,MONDAY,SINGLE VEHICLE,N,N,49.22159,-122.533198,Y,OCTOBER,N,MAPLE RIDGE,MAPLE RIDGE,MAPLE RIDGE,N,N,N,LOWER MAINLAND,248A ST # 012050 TO 012099,248A ST,248A ST,15:00-17:59,1,0
N,PROPERTY DAMAGE ONLY,\N,N,2022,MONDAY,SINGLE VEHICLE,N,N,49.223689,-123.098616,Y,OCTOBER,N,VANCOUVER,VANCOUVER,VANCOUVER,N,N,N,LOWER MAINLAND,E 51ST AVE # 000300 TO 000399,E 51ST AVE,E 51ST AVE,15:00-17:59,1,0
N,PROPERTY DAMAGE ONLY,\N,N,2022,MONDAY,SINGLE VEHICLE,N,N,49.223803,-122.89198,Y,OCTOBER,N,NEW WESTMINSTER,NEW WESTMINSTER,NEW WESTMINSTER,N,Y,N,LOWER MAINLAND,NELSONS CRES # 000200 TO 000248,NELSONS CRES,NELSONS CRES,15:00-17:59,1,0
N,PROPERTY DAMAGE ONLY,\N,N,2022,MONDAY,SINGLE VEHICLE,N,N,49.224044,-123.004627,Y,OCTOBER,N,BURNABY,BURNABY,BURNABY,N,N,N,LOWER MAINLAND,TELFORD AVE # 006400 TO 006659,TELFORD AVE,TELFORD AVE,15:00-17:59,1,0
N,PROPERTY DAMAGE ONLY,\N,N,2022,MONDAY,SINGLE VEHICLE,N,N,49.226745,-122.962572,Y,OCTOBER,N,BURNABY,BURNABY,BURNABY,N,N,N,LOWER MAINLAND,ASHWORTH PL # 006300 TO 006399,ASHWORTH PL,ASHWORTH PL,15:00-17:59,1,0
N,PROPERTY DAMAGE ONLY,\N,N,2022,MONDAY,SINGLE VEHICLE,N,N,49.228116,-122.998531,Y,OCTOBER,N,BURNABY,BURNABY,BURNABY,N,Y,N,LOWER MAINLAND,KINGSWAY # 004700 TO 004749,KINGSWAY,KINGSWAY,15:00-17:59,1,0
N,PROPERTY DAMAGE ONLY,\N,N,2022,MONDAY,SINGLE VEHICLE,N,N,49.230617,-122.591951,Y,OCTOBER,N,MAPLE RIDGE,MAPLE RIDGE,MAPLE RIDGE,N,N,N,LOWER MAINLAND,BALABANIAN CIRCLE # 022735 TO 022798,BALABANIAN CIRCLE,BALABANIAN CIRCLE,15:00-17:59,1,0
N,PROPERTY DAMAGE ONLY,\N,N,2022,MONDAY,SINGLE VEHICLE,N,N,49.233626,-122.85721,Y,OCTOBER,N,COQUITLAM,COQUITLAM,COQUITLAM,N,Y,N,LOWER MAINLAND,LOUGHEED HWY # 001101 TO 001499 odd,LOUGHEED HWY,LOUGHEED HWY,15:00-17:59,1,0
N,PROPERTY DAMAGE ONLY,\N,N,2022,MONDAY,SINGLE VEHICLE,N,N,49.251233,-122.737973,Y,OCTOBER,N,PORT COQUITLAM,PORT COQUITLAM,PORT COQUITLAM,N,Y,N,LOWER MAINLAND,LOUGHEED HWY # 000760 TO 000808 even,LOUGHEED HWY,LOUGHEED HWY,15:00-17:59,1,0
N,PROPERTY DAMAGE ONLY,\N,N,2022,MONDAY,SINGLE VEHICLE,N,N,49.253795,-123.095227,Y,OCTOBER,N,VANCOUVER,VANCOUVER,VANCOUVER,N,N,N,LOWER MAINLAND,E 19TH AVE # 000400 TO 000499,E 19TH AVE,E 19TH AVE,15:00-17:59,1,0
N,PROPERTY DAMAGE ONLY,\N,N,2022,MONDAY,SINGLE VEHICLE,N,N,49.254959,-123.137599,Y,OCTOBER,N,VANCOUVER,VANCOUVER,VANCOUVER,N,N,N,LOWER MAINLAND,ANGUS DR # 001400 TO 001498 even,ANGUS DR,ANGUS DR,15:00-17:59,1,0
N,PROPERTY DAMAGE ONLY,\N,N,2022,MONDAY,SINGLE VEHICLE,N,N,49.26584,-123.143315,Y,OCTOBER,N,VANCOUVER,VANCOUVER,VANCOUVER,N,Y,N,LOWER MAINLAND,PINE ST # 002200 TO 002299,PINE ST,PINE ST,15:00-17:59,1,0
N,PROPERTY DAMAGE ONLY,\N,N,2022,MONDAY,SINGLE VEHICLE,N,N,49.268179,-123.185707,Y,OCTOBER,N,VANCOUVER,VANCOUVER,VANCOUVER,N,Y,N,LOWER MAINLAND,ALMA ST # 002000 TO 002099,ALMA ST,ALMA ST,15:00-17:59,1,0
N,PROPERTY DAMAGE ONLY,\N,N,2022,MONDAY,SINGLE VEHICLE,N,N,49.26833,-123.250328,Y,OCTOBER,N,UBC,UBC,UBC,N,Y,N,LOWER MAINLAND,STUDENT UNION BLVD # 006113 TO 006119 odd,STUDENT UNION BLVD,STUDENT UNION BLVD,15:00-17:59,1,0
N,PROPERTY DAMAGE ONLY,\N,N,2022,MONDAY,SINGLE VEHICLE,N,N,49.269382,-123.045583,Y,OCTOBER,N,VANCOUVER,VANCOUVER,VANCOUVER,N,Y,N,LOWER MAINLAND,E 1ST AVE # 002800 TO 002898 even,E 1ST AVE,E 1ST AVE,15:00-17:59,1,0
N,PROPERTY DAMAGE ONLY,\N,N,2022,MONDAY,SINGLE VEHICLE,N,N,49.270158,-123.206537,Y,OCTOBER,N,VANCOUVER,VANCOUVER,VANCOUVER,N,N,N,LOWER MAINLAND,W 3RD AVE # 004400 TO 004479,W 3RD AVE,W 3RD AVE,15:00-17:59,1,0
N,PROPERTY DAMAGE ONLY,\N,N,2022,MONDAY,SINGLE VEHICLE,N,N,49.270602,-123.106091,Y,OCTOBER,N,VANCOUVER,VANCOUVER,VANCOUVER,Y,N,N,LOWER MAINLAND,SALT ST # 001651 TO 001699,SALT ST,SALT ST,15:00-17:59,1,0
N,PROPERTY DAMAGE ONLY,\N,N,2022,MONDAY,SINGLE VEHICLE,N,N,49.27518,-123.113537,Y,OCTOBER,N,VANCOUVER,VANCOUVER,VANCOUVER,N,Y,N,LOWER MAINLAND,SMITHE ST # 000030 TO 000070,SMITHE ST,SMITHE ST,15:00-17:59,1,0
N,PROPERTY DAMAGE ONLY,\N,N,2022,MONDAY,SINGLE VEHICLE,N,N,49.276819,-123.120883,Y,OCTOBER,N,VANCOUVER,VANCOUVER,VANCOUVER,N,Y,N,LOWER MAINLAND,HOMER ST # 001000 TO 001099,HOMER ST,HOMER ST,15:00-17:59,1,0
N,PROPERTY DAMAGE ONLY,\N,N,2022,MONDAY,SINGLE VEHICLE,N,N,49.277388,-123.004564,Y,OCTOBER,N,BURNABY,BURNABY,BURNABY,N,N,N,LOWER MAINLAND,UNION ST # 004400 TO 004499,UNION ST,UNION ST,15:00-17:59,1,0
N,PROPERTY DAMAGE ONLY,\N,N,2022,MONDAY,SINGLE VEHICLE,N,N,49.281161,-123.050655,Y,OCTOBER,N,VANCOUVER,VANCOUVER,VANCOUVER,N,Y,N,LOWER MAINLAND,E HASTINGS ST # 002600 TO 002699,E HASTINGS ST,E HASTINGS ST,15:00-17:59,1,0
N,PROPERTY DAMAGE ONLY,\N,N,2022,MONDAY,SINGLE VEHICLE,N,N,49.282678,-122.793881,Y,OCTOBER,N,COQUITLAM,COQUITLAM,COQUITLAM,N,Y,N,LOWER MAINLAND,GLEN DR # 003000 TO 003019,GLEN DR,GLEN DR,15:00-17:59,1,0
N,PROPERTY DAMAGE ONLY,\N,N,2022,MONDAY,SINGLE VEHICLE,N,N,49.284391,-123.130961,Y,OCTOBER,N,VANCOUVER,VANCOUVER,VANCOUVER,N,Y,N,LOWER MAINLAND,NELSON ST # 001200 TO 001299,NELSON ST,NELSON ST,15:00-17:59,1,0
N,PROPERTY DAMAGE ONLY,\N,N,2022,MONDAY,SINGLE VEHICLE,N,N,49.30234,-122.839919,Y,OCTOBER,N,ANMORE,ANMORE,ANMORE,N,N,N,LOWER MAINLAND,DOGWOOD DR # 000130 TO 000199,DOGWOOD DR,DOGWOOD DR,15:00-17:59,1,0
N,PROPERTY DAMAGE ONLY,\N,N,2022,MONDAY,SINGLE VEHICLE,N,N,49.304559,-123.020126,Y,OCTOBER,N,NORTH VANCOUVER,NORTH VANCOUVER,NORTH VANCOUVER,N,N,N,LOWER MAINLAND,RIVERSIDE DR # 000130 TO 000199,RIVERSIDE DR,RIVERSIDE DR,15:00-17:59,1,0
N,PROPERTY DAMAGE ONLY,\N,N,2022,MONDAY,SINGLE VEHICLE,N,N,49.306973,-124.381451,Y,OCTOBER,N,COOMBS,COOMBS,COOMBS,Y,Y,N,VANCOUVER ISLAND,ALBERNI HWY # 001700 TO 001719,ALBERNI HWY,ALBERNI HWY,15:00-17:59,1,0
N,PROPERTY DAMAGE ONLY,\N,N,2022,MONDAY,SINGLE VEHICLE,N,N,49.310643,-123.031028,Y,OCTOBER,N,NORTH VANCOUVER,NORTH VANCOUVER,NORTH VANCOUVER,Y,N,N,LOWER MAINLAND,HUNTER ST # 001500 TO 001599,HUNTER ST,HUNTER ST,15:00-17:59,1,0
N,PROPERTY DAMAGE ONLY,\N,N,2022,MONDAY,SINGLE VEHICLE,N,N,49.322649,-123.098964,Y,OCTOBER,N,NORTH VANCOUVER,NORTH VANCOUVER,NORTH VANCOUVER,N,Y,N,LOWER MAINLAND,MARINE DR # 000901 TO 000969 odd,MARINE DR,MARINE DR,15:00-17:59,1,0
N,PROPERTY DAMAGE ONLY,\N,N,2022,MONDAY,SINGLE VEHICLE,N,N,49.345665,-124.441662,Y,OCTOBER,N,QUALICUM BEACH,QUALICUM BEACH,QUALICUM BEACH,N,Y,N,VANCOUVER ISLAND,MEMORIAL AVE # 000720 TO 000748,MEMORIAL AVE,MEMORIAL AVE,15:00-17:59,1,0
N,PROPERTY DAMAGE ONLY,\N,N,2022,MONDAY,SINGLE VEHICLE,N,N,49.356664,-123.260262,Y,OCTOBER,N,WEST VANCOUVER,WEST VANCOUVER,WEST VANCOUVER,N,N,N,LOWER MAINLAND,WESTPORT RD # 005679 TO 005699,WESTPORT RD,WESTPORT RD,15:00-17:59,1,0
N,PROPERTY DAMAGE ONLY,\N,N,2022,MONDAY,SINGLE VEHICLE,N,N,49.477032,-123.795547,Y,OCTOBER,N,SECHELT,SECHELT,SECHELT,N,N,N,LOWER MAINLAND,COOK PL # 005634 TO 005669,COOK PL,COOK PL,15:00-17:59,1,0
N,PROPERTY DAMAGE ONLY,\N,N,2022,MONDAY,SINGLE VEHICLE,N,N,49.493964,-119.611351,Y,OCTOBER,N,PENTICTON,PENTICTON,PENTICTON,N,Y,N,SOUTHERN INTERIOR,COMOX ST # 000600 TO 000849,COMOX ST,COMOX ST,15:00-17:59,1,0
N,PROPERTY DAMAGE ONLY,\N,N,2022,MONDAY,SINGLE VEHICLE,N,N,49.501603,-119.601593,Y,OCTOBER,N,PENTICTON,PENTICTON,PENTICTON,N,N,N,SOUTHERN INTERIOR,LAKESHORE DR W # 000200 TO 000799,LAKESHORE DR W,LAKESHORE DR W,15:00-17:59,1,0
N,PROPERTY DAMAGE ONLY,\N,N,2022,MONDAY,SINGLE VEHICLE,N,N,49.515042,-115.060093,Y,OCTOBER,N,FERNIE,FERNIE,FERNIE,N,Y,N,SOUTHERN INTERIOR,8TH AVE # 001541 TO 001569,8TH AVE,8TH AVE,15:00-17:59,1,0
N,PROPERTY DAMAGE ONLY,\N,N,2022,MONDAY,SINGLE VEHICLE,N,N,49.698539,-124.98795,Y,OCTOBER,N,COURTENAY,COURTENAY,COURTENAY,N,Y,N,VANCOUVER ISLAND,RYAN RD # 000751 TO 000799 odd,RYAN RD,RYAN RD,15:00-17:59,1,0
N,PROPERTY DAMAGE ONLY,\N,N,2022,MONDAY,SINGLE VEHICLE,N,N,49.802602,-119.482734,Y,OCTOBER,N,KELOWNA,KELOWNA,KELOWNA,N,N,N,SOUTHERN INTERIOR,SOUTH RIDGE DR # 005000 TO 005019,SOUTH RIDGE DR,SOUTH RIDGE DR,15:00-17:59,1,0
N,PROPERTY DAMAGE ONLY,\N,N,2022,MONDAY,SINGLE VEHICLE,N,N,49.828489,-119.629569,Y,OCTOBER,N,WEST KELOWNA,WEST KELOWNA,WEST KELOWNA,N,N,N,SOUTHERN INTERIOR,DOBBIN RD # 002450 TO 002499,DOBBIN RD,DOBBIN RD,15:00-17:59,1,0
N,PROPERTY DAMAGE ONLY,\N,N,2022,MONDAY,SINGLE VEHICLE,N,N,49.837694,-119.389855,Y,OCTOBER,N,KELOWNA,KELOWNA,KELOWNA,N,N,N,SOUTHERN INTERIOR,MCCULLOCH RD # 003995 TO 003999,MCCULLOCH RD,MCCULLOCH RD,15:00-17:59,1,0
N,PROPERTY DAMAGE ONLY,\N,N,2022,MONDAY,SINGLE VEHICLE,N,N,49.879867,-119.490392,Y,OCTOBER,N,KELOWNA,KELOWNA,KELOWNA,N,Y,N,SOUTHERN INTERIOR,SUTHERLAND AVE # 000510 TO 000699,SUTHERLAND AVE,SUTHERLAND AVE,15:00-17:59,1,0
N,PROPERTY DAMAGE ONLY,\N,N,2022,MONDAY,SINGLE VEHICLE,N,N,49.887645,-119.490151,Y,OCTOBER,N,KELOWNA,KELOWNA,KELOWNA,N,Y,N,SOUTHERN INTERIOR,BERTRAM ST # 001400 TO 001499,BERTRAM ST,BERTRAM ST,15:00-17:59,1,0
N,PROPERTY DAMAGE ONLY,\N,N,2022,MONDAY,SINGLE VEHICLE,N,N,50.023137,-119.420885,Y,OCTOBER,N,LAKE COUNTRY,LAKE COUNTRY,LAKE COUNTRY,N,N,N,SOUTHERN INTERIOR,CELESTE RD # 009655 TO 009789,CELESTE RD,CELESTE RD,15:00-17:59,1,0
N,PROPERTY DAMAGE ONLY,\N,N,2022,MONDAY,SINGLE VEHICLE,N,N,50.262591,-119.269099,Y,OCTOBER,N,VERNON,VERNON,VERNON,N,Y,N,SOUTHERN INTERIOR,29 ST # 002800 TO 002899,29 ST,29 ST,15:00-17:59,1,0
N,PROPERTY DAMAGE ONLY,\N,N,2022,MONDAY,SINGLE VEHICLE,N,N,50.311985,-119.198086,Y,OCTOBER,N,VERNON,VERNON,VERNON,N,N,N,SOUTHERN INTERIOR,TILLICUM RD # 007264 TO 007399,TILLICUM RD,TILLICUM RD,15:00-17:59,1,0
N,PROPERTY DAMAGE ONLY,\N,N,2022,MONDAY,SINGLE VEHICLE,N,N,50.665443,-120.372597,Y,OCTOBER,N,KAMLOOPS,KAMLOOPS,KAMLOOPS,Y,Y,N,SOUTHERN INTERIOR,HILLSIDE DR # 001017 TO 001059 odd,HILLSIDE DR,HILLSIDE DR,15:00-17:59,1,0
N,PROPERTY DAMAGE ONLY,\N,N,2022,MONDAY,SINGLE VEHICLE,N,N,50.677506,-120.264158,Y,OCTOBER,N,KAMLOOPS,KAMLOOPS,KAMLOOPS,N,Y,N,SOUTHERN INTERIOR,CRESCENT DR # 002100 TO 002199,CRESCENT DR,CRESCENT DR,15:00-17:59,1,0
N,PROPERTY DAMAGE ONLY,\N,N,2022,MONDAY,SINGLE VEHICLE,N,N,50.720476,-120.364354,Y,OCTOBER,N,KAMLOOPS,KAMLOOPS,KAMLOOPS,N,N,N,SOUTHERN INTERIOR,QUAIL DR # 000852 TO 000999,QUAIL DR,QUAIL DR,15:00-17:59,1,0
N,PROPERTY DAMAGE ONLY,\N,N,2022,MONDAY,SINGLE VEHICLE,Y,N,49.350832,-123.100992,Y,OCTOBER,N,NORTH VANCOUVER,NORTH VANCOUVER,NORTH VANCOUVER,N,N,N,LOWER MAINLAND,EDGEWOOD RD # 001020 TO 001049,EDGEWOOD RD,EDGEWOOD RD,15:00-17:59,1,0
N,PROPERTY DAMAGE ONLY,\N,N,2022,MONDAY,UNDETERMINED,N,N,\N,\N,N,OCTOBER,N,100 MILE HOUSE,100 MILE HOUSE,\N,Y,N,N,NORTH CENTRAL,UNKNOWN,HWY 97,HWY 97,15:00-17:59,1,0
N,PROPERTY DAMAGE ONLY,\N,N,2022,MONDAY,UNDETERMINED,N,N,\N,\N,N,OCTOBER,N,100 MILE HOUSE,100 MILE HOUSE,\N,Y,N,N,NORTH CENTRAL,UNKNOWN,UNKNOWN,UNKNOWN,15:00-17:59,1,0
N,PROPERTY DAMAGE ONLY,\N,N,2022,MONDAY,UNDETERMINED,N,N,\N,\N,N,OCTOBER,N,ABBOTSFORD,ABBOTSFORD,\N,Y,Y,N,LOWER MAINLAND,UNKNOWN,MOUNT LEHMAN RD,MOUNT LEHMAN RD,15:00-17:59,1,0
N,PROPERTY DAMAGE ONLY,\N,N,2022,MONDAY,UNDETERMINED,N,N,\N,\N,N,OCTOBER,N,BLUE RIVER,BLUE RIVER,\N,N,N,N,NORTH CENTRAL,UNKNOWN,HWY 5,HWY 5,15:00-17:59,1,0
N,PROPERTY DAMAGE ONLY,\N,N,2022,MONDAY,UNDETERMINED,N,N,\N,\N,N,OCTOBER,N,BURNABY,BURNABY,\N,Y,N,N,LOWER MAINLAND,UNKNOWN,SARDIS ST,SARDIS ST,15:00-17:59,1,0
N,PROPERTY DAMAGE ONLY,\N,N,2022,MONDAY,UNDETERMINED,N,N,\N,\N,N,OCTOBER,N,CHASE,CHASE,\N,Y,Y,N,SOUTHERN INTERIOR,UNKNOWN,SKWLAX-ANGLEMONT RD,SKWLAX-ANGLEMONT RD,15:00-17:59,1,0
N,PROPERTY DAMAGE ONLY,\N,N,2022,MONDAY,UNDETERMINED,N,N,\N,\N,N,OCTOBER,N,CHILLIWACK,CHILLIWACK,\N,Y,Y,N,LOWER MAINLAND,UNKNOWN,AIRPORT,AIRPORT,15:00-17:59,1,0
N,PROPERTY DAMAGE ONLY,\N,N,2022,MONDAY,UNDETERMINED,N,N,\N,\N,N,OCTOBER,N,COMOX,COMOX,\N,N,N,N,VANCOUVER ISLAND,UNKNOWN,CONNEMARA RD,CONNEMARA RD,15:00-17:59,1,0
N,PROPERTY DAMAGE ONLY,\N,N,2022,MONDAY,UNDETERMINED,N,N,\N,\N,N,OCTOBER,N,DELTA,DELTA,\N,Y,Y,N,LOWER MAINLAND,UNKNOWN,CANOE PASS WAY,CANOE PASS WAY,15:00-17:59,1,0
N,PROPERTY DAMAGE ONLY,\N,N,2022,MONDAY,UNDETERMINED,N,N,\N,\N,N,OCTOBER,N,DUNCAN,DUNCAN,\N,Y,Y,N,VANCOUVER ISLAND,UNKNOWN,TRANS-CANADA HWY,TRANS-CANADA HWY,15:00-17:59,1,0
N,PROPERTY DAMAGE ONLY,\N,N,2022,MONDAY,UNDETERMINED,N,N,\N,\N,N,OCTOBER,N,GIBSONS,GIBSONS,\N,Y,Y,N,LOWER MAINLAND,UNKNOWN,GIBSONS WAY,GIBSONS WAY,15:00-17:59,1,0
N,PROPERTY DAMAGE ONLY,\N,N,2022,MONDAY,UNDETERMINED,N,N,\N,\N,N,OCTOBER,N,HOPE,HOPE,\N,N,N,N,LOWER MAINLAND,UNKNOWN,COQUIHALLA HWY,COQUIHALLA HWY,15:00-17:59,1,0
N,PROPERTY DAMAGE ONLY,\N,N,2022,MONDAY,UNDETERMINED,N,N,\N,\N,N,OCTOBER,N,LANGLEY,LANGLEY,\N,Y,N,N,LOWER MAINLAND,UNKNOWN,80 AVE,80 AVE,15:00-17:59,1,0
N,PROPERTY DAMAGE ONLY,\N,N,2022,MONDAY,UNDETERMINED,N,N,\N,\N,N,OCTOBER,N,LANGLEY,LANGLEY,\N,Y,Y,N,LOWER MAINLAND,UNKNOWN,64 AVE,64 AVE,15:00-17:59,1,0
N,PROPERTY DAMAGE ONLY,\N,N,2022,MONDAY,UNDETERMINED,N,N,\N,\N,N,OCTOBER,N,LUMBY,LUMBY,\N,Y,N,N,SOUTHERN INTERIOR,UNKNOWN,WHITEVALE RD,WHITEVALE RD,15:00-17:59,1,0
N,PROPERTY DAMAGE ONLY,\N,N,2022,MONDAY,UNDETERMINED,N,N,\N,\N,N,OCTOBER,N,MAPLE RIDGE,MAPLE RIDGE,\N,Y,Y,N,LOWER MAINLAND,UNKNOWN,LOUGHEED HIGHWAY,LOUGHEED HIGHWAY,15:00-17:59,1,0
N,PROPERTY DAMAGE ONLY,\N,N,2022,MONDAY,UNDETERMINED,N,N,\N,\N,N,OCTOBER,N,MILL BAY,MILL BAY,\N,N,Y,N,VANCOUVER ISLAND,UNKNOWN,SHAWNIGAN-MILL BAY RD.,SHAWNIGAN-MILL BAY RD.,15:00-17:59,1,0
N,PROPERTY DAMAGE ONLY,\N,N,2022,MONDAY,UNDETERMINED,N,N,\N,\N,N,OCTOBER,N,PORT ALBERNI,PORT ALBERNI,\N,Y,Y,N,VANCOUVER ISLAND,UNKNOWN,JOHNSTON ROAD,JOHNSTON ROAD,15:00-17:59,1,0
N,PROPERTY DAMAGE ONLY,\N,N,2022,MONDAY,UNDETERMINED,N,N,\N,\N,N,OCTOBER,N,SANDSPIT,SANDSPIT,\N,Y,N,N,NORTH CENTRAL,UNKNOWN,ALLIFORD BAY RD,ALLIFORD BAY RD,15:00-17:59,1,0
N,PROPERTY DAMAGE ONLY,\N,N,2022,MONDAY,UNDETERMINED,N,N,\N,\N,N,OCTOBER,N,VANCOUVER,VANCOUVER,\N,Y,N,N,LOWER MAINLAND,UNKNOWN,E 63RD AVE,E 63RD AVE,15:00-17:59,1,0
N,PROPERTY DAMAGE ONLY,\N,N,2022,MONDAY,UNDETERMINED,N,N,\N,\N,N,OCTOBER,N,VICTORIA,VICTORIA,\N,Y,Y,N,VANCOUVER ISLAND,UNKNOWN,BROUGHTON STREET,BROUGHTON STREET,15:00-17:59,1,0
N,PROPERTY DAMAGE ONLY,\N,N,2022,MONDAY,UNDETERMINED,N,N,\N,\N,N,OCTOBER,N,WEST VANCOUVER,WEST VANCOUVER,\N,Y,N,N,LOWER MAINLAND,UNKNOWN,BELLVIEW,BELLVIEW,15:00-17:59,1,0
N,PROPERTY DAMAGE ONLY,\N,N,2022,MONDAY,UNDETERMINED,N,N,\N,\N,N,OCTOBER,N,WHITE ROCK,WHITE ROCK,\N,Y,Y,N,LOWER MAINLAND,UNKNOWN,OXFORD ST,OXFORD ST,15:00-17:59,1,0
N,PROPERTY DAMAGE ONLY,\N,N,2022,MONDAY,UNDETERMINED,N,N,48.411419,-123.717035,Y,OCTOBER,N,SOOKE,SOOKE,SOOKE,Y,N,N,VANCOUVER ISLAND,PHILLIPS RD # 002892 TO 003035,PHILLIPS RD,PHILLIPS RD,15:00-17:59,1,0
N,PROPERTY DAMAGE ONLY,\N,N,2022,MONDAY,UNDETERMINED,N,N,48.442076,-123.503585,Y,OCTOBER,N,LANGFORD,LANGFORD,LANGFORD,Y,Y,N,VANCOUVER ISLAND,LANGFORD PKY # 000800 TO 000854 even,LANGFORD PKY,LANGFORD PKY,15:00-17:59,1,0
N,PROPERTY DAMAGE ONLY,\N,N,2022,MONDAY,UNDETERMINED,N,N,48.461581,-123.285934,Y,OCTOBER,N,SAANICH,SAANICH,SAANICH,Y,N,N,VANCOUVER ISLAND,GRANDIS PL # 003940 TO 003959,GRANDIS PL,GRANDIS PL,15:00-17:59,1,0
N,PROPERTY DAMAGE ONLY,\N,N,2022,MONDAY,UNDETERMINED,N,N,48.463706,-123.499246,Y,OCTOBER,N,LANGFORD,LANGFORD,LANGFORD,Y,Y,N,VANCOUVER ISLAND,MILLSTREAM RD # 002340 TO 002359,MILLSTREAM RD,MILLSTREAM RD,15:00-17:59,1,0
N,PROPERTY DAMAGE ONLY,\N,N,2022,MONDAY,UNDETERMINED,N,N,48.464703,-123.395356,Y,OCTOBER,N,SAANICH,SAANICH,SAANICH,Y,N,N,VANCOUVER ISLAND,CROSSANDRA CRES # 000500 TO 000523,CROSSANDRA CRES,CROSSANDRA CRES,15:00-17:59,1,0
N,PROPERTY DAMAGE ONLY,\N,N,2022,MONDAY,UNDETERMINED,N,N,48.468664,-123.331732,Y,OCTOBER,N,SAANICH,SAANICH,SAANICH,Y,Y,N,VANCOUVER ISLAND,MCKENZIE AVE # 001600 TO 001648 even,MCKENZIE AVE,MCKENZIE AVE,15:00-17:59,1,0
N,PROPERTY DAMAGE ONLY,\N,N,2022,MONDAY,UNDETERMINED,N,N,48.658028,-123.442657,Y,OCTOBER,N,NORTH SAANICH,NORTH SAANICH,NORTH SAANICH,Y,N,N,VANCOUVER ISLAND,TAPPING RD # 001300 TO 001399,TAPPING RD,TAPPING RD,15:00-17:59,1,0
N,PROPERTY DAMAGE ONLY,\N,N,2022,MONDAY,UNDETERMINED,N,N,48.795769,-123.742664,Y,OCTOBER,N,DUNCAN,DUNCAN,DUNCAN,N,N,N,VANCOUVER ISLAND,AUCHINACHIE RD # 003403 TO 003435,AUCHINACHIE RD,AUCHINACHIE RD,15:00-17:59,1,0
N,PROPERTY DAMAGE ONLY,\N,N,2022,MONDAY,UNDETERMINED,N,N,48.830384,-123.476453,Y,OCTOBER,N,SALT SPRING ISLAND,SALT SPRING ISLAND,SALT SPRING ISLAND,Y,Y,N,VANCOUVER ISLAND,SALT SPRING WAY # 000100 TO 000189,SALT SPRING WAY,SALT SPRING WAY,15:00-17:59,1,0
N,PROPERTY DAMAGE ONLY,\N,N,2022,MONDAY,UNDETERMINED,N,N,48.830446,-124.056564,Y,OCTOBER,N,LAKE COWICHAN,LAKE COWICHAN,LAKE COWICHAN,N,N,N,VANCOUVER ISLAND,BEAVER RD # 000000 TO 008289,BEAVER RD,BEAVER RD,15:00-17:59,1,0
N,PROPERTY DAMAGE ONLY,\N,N,2022,MONDAY,UNDETERMINED,N,N,49.008233,-123.074112,Y,OCTOBER,N,DELTA,DELTA,DELTA,Y,N,N,LOWER MAINLAND,54 ST # 000200 TO 000399,54 ST,54 ST,15:00-17:59,1,0
N,PROPERTY DAMAGE ONLY,\N,N,2022,MONDAY,UNDETERMINED,N,N,49.025555,-123.068608,Y,OCTOBER,N,DELTA,DELTA,DELTA,Y,Y,N,LOWER MAINLAND,56 ST # 001200 TO 001318 even,56 ST,56 ST,15:00-17:59,1,0
N,PROPERTY DAMAGE ONLY,\N,N,2022,MONDAY,UNDETERMINED,N,N,49.032987,-122.806467,Y,OCTOBER,N,SURREY,SURREY,SURREY,Y,N,N,LOWER MAINLAND,SOUTHMERE CRES # 001720 TO 001748,SOUTHMERE CRES,SOUTHMERE CRES,15:00-17:59,1,0
N,PROPERTY DAMAGE ONLY,\N,N,2022,MONDAY,UNDETERMINED,N,N,49.04565,-122.796973,Y,OCTOBER,N,SURREY,SURREY,SURREY,Y,Y,N,LOWER MAINLAND,24 AVE # 015331 TO 015379 odd,24 AVE,24 AVE,15:00-17:59,1,0
N,PROPERTY DAMAGE ONLY,\N,N,2022,MONDAY,UNDETERMINED,N,N,49.045666,-122.75398,Y,OCTOBER,N,SURREY,SURREY,SURREY,Y,Y,N,LOWER MAINLAND,24 AVE # 016800 TO 016999,24 AVE,24 AVE,15:00-17:59,1,0
N,PROPERTY DAMAGE ONLY,\N,N,2022,MONDAY,UNDETERMINED,N,N,49.048645,-122.378565,Y,OCTOBER,N,ABBOTSFORD,ABBOTSFORD,ABBOTSFORD,Y,N,N,LOWER MAINLAND,PROGRESSIVE WAY # 030400 TO 030621,PROGRESSIVE WAY,PROGRESSIVE WAY,15:00-17:59,1,0
N,PROPERTY DAMAGE ONLY,\N,N,2022,MONDAY,UNDETERMINED,N,N,49.050633,-122.3064,Y,OCTOBER,N,ABBOTSFORD,ABBOTSFORD,ABBOTSFORD,Y,Y,N,LOWER MAINLAND,SOUTH FRASER WAY # 033080 TO 033199,SOUTH FRASER WAY,SOUTH FRASER WAY,15:00-17:59,1,0
N,PROPERTY DAMAGE ONLY,\N,N,2022,MONDAY,UNDETERMINED,N,N,49.062983,-122.236342,Y,OCTOBER,N,ABBOTSFORD,ABBOTSFORD,ABBOTSFORD,Y,N,N,LOWER MAINLAND,BLOSSOM CRT # 003300 TO 003399,BLOSSOM CRT,BLOSSOM CRT,15:00-17:59,1,0
N,PROPERTY DAMAGE ONLY,\N,N,2022,MONDAY,UNDETERMINED,N,N,49.069949,-122.795257,Y,OCTOBER,N,SURREY,SURREY,SURREY,Y,N,N,LOWER MAINLAND,37A AVE # 015400 TO 015419,37A AVE,37A AVE,15:00-17:59,1,0
N,PROPERTY DAMAGE ONLY,\N,N,2022,MONDAY,UNDETERMINED,N,N,49.077676,-123.079519,Y,OCTOBER,N,DELTA,DELTA,DELTA,Y,Y,N,LOWER MAINLAND,ARTHUR DR # 003974 TO 004229,ARTHUR DR,ARTHUR DR,15:00-17:59,1,0
N,PROPERTY DAMAGE ONLY,\N,N,2022,MONDAY,UNDETERMINED,N,N,49.080193,-122.663069,Y,OCTOBER,N,LANGLEY,LANGLEY,LANGLEY,Y,N,N,LOWER MAINLAND,43 AVE # 020050 TO 020399,43 AVE,43 AVE,15:00-17:59,1,0
N,PROPERTY DAMAGE ONLY,\N,N,2022,MONDAY,UNDETERMINED,N,N,49.086404,-123.001726,Y,OCTOBER,N,DELTA,DELTA,DELTA,Y,Y,N,LOWER MAINLAND,80 ST # 004400 TO 004799,80 ST,80 ST,15:00-17:59,1,0
N,PROPERTY DAMAGE ONLY,\N,N,2022,MONDAY,UNDETERMINED,N,N,49.090089,-122.653437,Y,OCTOBER,N,LANGLEY,LANGLEY,LANGLEY,Y,N,N,LOWER MAINLAND,205A ST # 004800 TO 004879,205A ST,205A ST,15:00-17:59,1,0
N,PROPERTY DAMAGE ONLY,\N,N,2022,MONDAY,UNDETERMINED,N,N,49.108848,-122.682034,Y,OCTOBER,N,SURREY,SURREY,SURREY,Y,Y,N,LOWER MAINLAND,LANGLEY BYPASS # 019453 TO 019599 odd,LANGLEY BYPASS,LANGLEY BYPASS,15:00-17:59,1,0
N,PROPERTY DAMAGE ONLY,\N,N,2022,MONDAY,UNDETERMINED,N,N,49.116822,-122.671702,Y,OCTOBER,N,LANGLEY,LANGLEY,LANGLEY,Y,Y,N,LOWER MAINLAND,WILLOWBROOK DR # 019801 TO 019999 odd,WILLOWBROOK DR,WILLOWBROOK DR,15:00-17:59,1,0
N,PROPERTY DAMAGE ONLY,\N,N,2022,MONDAY,UNDETERMINED,N,N,49.118729,-122.71331,Y,OCTOBER,N,SURREY,SURREY,SURREY,Y,N,N,LOWER MAINLAND,64 AVE # 018354 TO 018399,64 AVE,64 AVE,15:00-17:59,1,0
N,PROPERTY DAMAGE ONLY,\N,N,2022,MONDAY,UNDETERMINED,N,N,49.118926,-122.655649,Y,OCTOBER,N,LANGLEY,LANGLEY,LANGLEY,Y,Y,N,LOWER MAINLAND,64 AVE # 020351 TO 020499 odd,64 AVE,64 AVE,15:00-17:59,1,0
N,PROPERTY DAMAGE ONLY,\N,N,2022,MONDAY,UNDETERMINED,N,N,49.126211,-122.840786,Y,OCTOBER,N,SURREY,SURREY,SURREY,Y,N,N,LOWER MAINLAND,HYLAND RD # 013730 TO 013799,HYLAND RD,HYLAND RD,15:00-17:59,1,0
N,PROPERTY DAMAGE ONLY,\N,N,2022,MONDAY,UNDETERMINED,N,N,49.132358,-122.838708,Y,OCTOBER,N,SURREY,SURREY,SURREY,Y,Y,N,LOWER MAINLAND,138 ST # 007101 TO 007199 odd,138 ST,138 ST,15:00-17:59,1,0
N,PROPERTY DAMAGE ONLY,\N,N,2022,MONDAY,UNDETERMINED,N,N,49.134066,-122.690776,Y,OCTOBER,N,SURREY,SURREY,SURREY,Y,Y,N,LOWER MAINLAND,192 ST # 007200 TO 007251,192 ST,192 ST,15:00-17:59,1,0
N,PROPERTY DAMAGE ONLY,\N,N,2022,MONDAY,UNDETERMINED,N,N,49.135796,-122.845496,Y,OCTOBER,N,SURREY,SURREY,SURREY,Y,Y,N,LOWER MAINLAND,KING GEORGE BLVD # 007300 TO 007388 even,KING GEORGE BLVD,KING GEORGE BLVD,15:00-17:59,1,0
N,PROPERTY DAMAGE ONLY,\N,N,2022,MONDAY,UNDETERMINED,N,N,49.136203,-123.177709,Y,OCTOBER,N,RICHMOND,RICHMOND,RICHMOND,Y,N,N,LOWER MAINLAND,TRURO DR # 010400 TO 010799,TRURO DR,TRURO DR,15:00-17:59,1,0
N,PROPERTY DAMAGE ONLY,\N,N,2022,MONDAY,UNDETERMINED,N,N,49.137581,-122.877888,Y,OCTOBER,N,SURREY,SURREY,SURREY,Y,N,N,LOWER MAINLAND,74 AVE # 012400 TO 012489,74 AVE,74 AVE,15:00-17:59,1,0
N,PROPERTY DAMAGE ONLY,\N,N,2022,MONDAY,UNDETERMINED,N,N,49.145527,-122.333503,Y,OCTOBER,N,MISSION,MISSION,MISSION,Y,N,N,LOWER MAINLAND,EAGLE CRES # 032100 TO 032199,EAGLE CRES,EAGLE CRES,15:00-17:59,1,0
N,PROPERTY DAMAGE ONLY,\N,N,2022,MONDAY,UNDETERMINED,N,N,49.151857,-122.788652,Y,OCTOBER,N,SURREY,SURREY,SURREY,Y,N,N,LOWER MAINLAND,82 AVE # 015600 TO 015699,82 AVE,82 AVE,15:00-17:59,1,0
N,PROPERTY DAMAGE ONLY,\N,N,2022,MONDAY,UNDETERMINED,N,N,49.153706,-122.777458,Y,OCTOBER,N,SURREY,SURREY,SURREY,Y,N,N,LOWER MAINLAND,83 AVE # 016000 TO 016079,83 AVE,83 AVE,15:00-17:59,1,0
N,PROPERTY DAMAGE ONLY,\N,N,2022,MONDAY,UNDETERMINED,N,N,49.154418,-122.814842,Y,OCTOBER,N,SURREY,SURREY,SURREY,Y,N,N,LOWER MAINLAND,147 ST # 008300 TO 008369,147 ST,147 ST,15:00-17:59,1,0
N,PROPERTY DAMAGE ONLY,\N,N,2022,MONDAY,UNDETERMINED,N,N,49.155587,-123.157543,Y,OCTOBER,N,RICHMOND,RICHMOND,RICHMOND,Y,Y,N,LOWER MAINLAND,BLUNDELL RD # 006000 TO 006199,BLUNDELL RD,BLUNDELL RD,15:00-17:59,2,0
N,PROPERTY DAMAGE ONLY,\N,N,2022,MONDAY,UNDETERMINED,N,N,49.155965,-122.892213,Y,OCTOBER,N,DELTA,DELTA,DELTA,Y,N,N,LOWER MAINLAND,84 AVE # 011862 TO 011999,84 AVE,84 AVE,15:00-17:59,1,0
N,PROPERTY DAMAGE ONLY,\N,N,2022,MONDAY,UNDETERMINED,N,N,49.157769,-123.150147,Y,OCTOBER,N,RICHMOND,RICHMOND,RICHMOND,Y,N,N,LOWER MAINLAND,DONALD RD # 006501 TO 006999,DONALD RD,DONALD RD,15:00-17:59,1,0
N,PROPERTY DAMAGE ONLY,\N,N,2022,MONDAY,UNDETERMINED,N,N,49.158239,-122.658231,Y,OCTOBER,N,LANGLEY,LANGLEY,LANGLEY,Y,Y,N,LOWER MAINLAND,203A ST # 008432 TO 008564,203A ST,203A ST,15:00-17:59,1,0
N,PROPERTY DAMAGE ONLY,\N,N,2022,MONDAY,UNDETERMINED,N,N,49.159662,-122.312188,Y,OCTOBER,N,MISSION,MISSION,MISSION,Y,N,N,LOWER MAINLAND,DESBRISAY AVE # 032900 TO 032999,DESBRISAY AVE,DESBRISAY AVE,15:00-17:59,1,0
N,PROPERTY DAMAGE ONLY,\N,N,2022,MONDAY,UNDETERMINED,N,N,49.16255,-121.952554,Y,OCTOBER,N,CHILLIWACK,CHILLIWACK,CHILLIWACK,N,Y,N,LOWER MAINLAND,YOUNG RD # 008810 TO 008889,YOUNG RD,YOUNG RD,15:00-17:59,1,0
N,PROPERTY DAMAGE ONLY,\N,N,2022,MONDAY,UNDETERMINED,N,N,49.162668,-123.132365,Y,OCTOBER,N,RICHMOND,RICHMOND,RICHMOND,Y,Y,N,LOWER MAINLAND,GRANVILLE AVE # 008200 TO 008398 even,GRANVILLE AVE,GRANVILLE AVE,15:00-17:59,1,0
N,PROPERTY DAMAGE ONLY,\N,N,2022,MONDAY,UNDETERMINED,N,N,49.162674,-123.12886,Y,OCTOBER,N,RICHMOND,RICHMOND,RICHMOND,Y,Y,N,LOWER MAINLAND,GRANVILLE AVE # 008400 TO 008748 even,GRANVILLE AVE,GRANVILLE AVE,15:00-17:59,1,0
N,PROPERTY DAMAGE ONLY,\N,N,2022,MONDAY,UNDETERMINED,N,N,49.163077,-122.876824,Y,OCTOBER,N,SURREY,SURREY,SURREY,Y,Y,N,LOWER MAINLAND,88 AVE # 012450 TO 012499,88 AVE,88 AVE,15:00-17:59,1,0
N,PROPERTY DAMAGE ONLY,\N,N,2022,MONDAY,UNDETERMINED,N,N,49.164091,-123.996686,Y,OCTOBER,N,NANAIMO,NANAIMO,NANAIMO,Y,Y,N,VANCOUVER ISLAND,WESTWOOD RD # 000375 TO 000397,WESTWOOD RD,WESTWOOD RD,15:00-17:59,1,0
N,PROPERTY DAMAGE ONLY,\N,N,2022,MONDAY,UNDETERMINED,N,N,49.166683,-121.972547,Y,OCTOBER,N,CHILLIWACK,CHILLIWACK,CHILLIWACK,N,Y,N,LOWER MAINLAND,WESTVIEW AVE # 045230 TO 045279,WESTVIEW AVE,WESTVIEW AVE,15:00-17:59,1,0
N,PROPERTY DAMAGE ONLY,\N,N,2022,MONDAY,UNDETERMINED,N,N,49.167562,-122.805382,Y,OCTOBER,N,SURREY,SURREY,SURREY,N,N,N,LOWER MAINLAND,FRASER HWY # 015000 TO 015098 even,FRASER HWY,FRASER HWY,15:00-17:59,1,0
N,PROPERTY DAMAGE ONLY,\N,N,2022,MONDAY,UNDETERMINED,N,N,49.169297,-122.877872,Y,OCTOBER,N,SURREY,SURREY,SURREY,Y,N,N,LOWER MAINLAND,91A AVE # 012400 TO 012499,91A AVE,91A AVE,15:00-17:59,1,0
N,PROPERTY DAMAGE ONLY,\N,N,2022,MONDAY,UNDETERMINED,N,N,49.170017,-122.850128,Y,OCTOBER,N,SURREY,SURREY,SURREY,N,N,N,LOWER MAINLAND,92 AVE # 013400 TO 013499,92 AVE,92 AVE,15:00-17:59,1,0
N,PROPERTY DAMAGE ONLY,\N,N,2022,MONDAY,UNDETERMINED,N,N,49.173559,-122.686828,Y,OCTOBER,N,SURREY,SURREY,SURREY,Y,Y,N,LOWER MAINLAND,94 AVE # 019300 TO 019379,94 AVE,94 AVE,15:00-17:59,1,0
N,PROPERTY DAMAGE ONLY,\N,N,2022,MONDAY,UNDETERMINED,N,N,49.174658,-123.136677,Y,OCTOBER,N,RICHMOND,RICHMOND,RICHMOND,Y,Y,N,LOWER MAINLAND,NO 3 RD # 005300 TO 005498 even,NO 3 RD,NO 3 RD,15:00-17:59,1,0
N,PROPERTY DAMAGE ONLY,\N,N,2022,MONDAY,UNDETERMINED,N,N,49.188067,-122.848735,Y,OCTOBER,N,SURREY,SURREY,SURREY,Y,Y,N,LOWER MAINLAND,102 AVE # 013410 TO 013498 even,102 AVE,102 AVE,15:00-17:59,1,0
N,PROPERTY DAMAGE ONLY,\N,N,2022,MONDAY,UNDETERMINED,N,N,49.188339,-123.06917,Y,OCTOBER,N,RICHMOND,RICHMOND,RICHMOND,N,N,N,LOWER MAINLAND,NO 6 RD # 003000 TO 003999,NO 6 RD,NO 6 RD,15:00-17:59,1,0
N,PROPERTY DAMAGE ONLY,\N,N,2022,MONDAY,UNDETERMINED,N,N,49.188989,-122.845509,Y,OCTOBER,N,SURREY,SURREY,SURREY,Y,Y,N,LOWER MAINLAND,KING GEORGE BLVD # 010201 TO 010305 odd,KING GEORGE BLVD,KING GEORGE BLVD,15:00-17:59,1,0
N,PROPERTY DAMAGE ONLY,\N,N,2022,MONDAY,UNDETERMINED,N,N,49.190089,-122.800995,Y,OCTOBER,N,SURREY,SURREY,SURREY,Y,Y,N,LOWER MAINLAND,152 ST # 010251 TO 010399 odd,152 ST,152 ST,15:00-17:59,1,0
N,PROPERTY DAMAGE ONLY,\N,N,2022,MONDAY,UNDETERMINED,N,N,49.190091,-122.800823,Y,OCTOBER,N,SURREY,SURREY,SURREY,Y,Y,N,LOWER MAINLAND,152 ST # 010250 TO 010398 even,152 ST,152 ST,15:00-17:59,1,0
N,PROPERTY DAMAGE ONLY,\N,N,2022,MONDAY,UNDETERMINED,N,N,49.191593,-122.788342,Y,OCTOBER,N,SURREY,SURREY,SURREY,N,N,N,LOWER MAINLAND,104 AVE # 015601 TO 015699 odd,104 AVE,104 AVE,15:00-17:59,1,0
N,PROPERTY DAMAGE ONLY,\N,N,2022,MONDAY,UNDETERMINED,N,N,49.192,-123.114278,Y,OCTOBER,N,RICHMOND,RICHMOND,RICHMOND,Y,Y,N,LOWER MAINLAND,BRIDGEPORT RD # 009700 TO 009799,BRIDGEPORT RD,BRIDGEPORT RD,15:00-17:59,1,0
N,PROPERTY DAMAGE ONLY,\N,N,2022,MONDAY,UNDETERMINED,N,N,49.192976,-123.171059,Y,OCTOBER,N,RICHMOND,RICHMOND,RICHMOND,N,N,N,LOWER MAINLAND,GRANT MCCONACHIE WAY # 004913 TO 005113 odd,GRANT MCCONACHIE WAY,GRANT MCCONACHIE WAY,15:00-17:59,1,0
N,PROPERTY DAMAGE ONLY,\N,N,2022,MONDAY,UNDETERMINED,N,N,49.193371,-123.082594,Y,OCTOBER,N,RICHMOND,RICHMOND,RICHMOND,Y,Y,N,LOWER MAINLAND,SWEDEN WAY # 002500 TO 003199,SWEDEN WAY,SWEDEN WAY,15:00-17:59,1,0
N,PROPERTY DAMAGE ONLY,\N,N,2022,MONDAY,UNDETERMINED,N,N,49.194277,-122.922804,Y,OCTOBER,N,NEW WESTMINSTER,NEW WESTMINSTER,NEW WESTMINSTER,N,N,N,LOWER MAINLAND,SALTER ST # 000191 TO 000218,SALTER ST,SALTER ST,15:00-17:59,1,0
N,PROPERTY DAMAGE ONLY,\N,N,2022,MONDAY,UNDETERMINED,N,N,49.194401,-122.924257,Y,OCTOBER,N,NEW WESTMINSTER,NEW WESTMINSTER,NEW WESTMINSTER,Y,N,N,LOWER MAINLAND,BROOKES ST # 000200 TO 000259,BROOKES ST,BROOKES ST,15:00-17:59,1,0
N,PROPERTY DAMAGE ONLY,\N,N,2022,MONDAY,UNDETERMINED,N,N,49.195272,-122.845208,Y,OCTOBER,N,SURREY,SURREY,SURREY,Y,Y,N,LOWER MAINLAND,KING GEORGE BLVD # 010550 TO 010646 even,KING GEORGE BLVD,KING GEORGE BLVD,15:00-17:59,1,0
N,PROPERTY DAMAGE ONLY,\N,N,2022,MONDAY,UNDETERMINED,N,N,49.20058,-122.98962,Y,OCTOBER,N,BURNABY,BURNABY,BURNABY,N,Y,N,LOWER MAINLAND,BILL FOX WAY # 009000 TO 009033,BILL FOX WAY,BILL FOX WAY,15:00-17:59,1,0
N,PROPERTY DAMAGE ONLY,\N,N,2022,MONDAY,UNDETERMINED,N,N,49.203267,-122.910384,Y,OCTOBER,N,NEW WESTMINSTER,NEW WESTMINSTER,NEW WESTMINSTER,Y,Y,N,LOWER MAINLAND,CARNARVON ST # 000650 TO 000699,CARNARVON ST,CARNARVON ST,15:00-17:59,1,0
N,PROPERTY DAMAGE ONLY,\N,N,2022,MONDAY,UNDETERMINED,N,N,49.20369,-122.658474,Y,OCTOBER,N,MAPLE RIDGE,MAPLE RIDGE,MAPLE RIDGE,Y,N,N,LOWER MAINLAND,CHIGWELL ST # 020250 TO 020349,CHIGWELL ST,CHIGWELL ST,15:00-17:59,1,0
N,PROPERTY DAMAGE ONLY,\N,N,2022,MONDAY,UNDETERMINED,N,N,49.20478,-122.767632,Y,OCTOBER,N,SURREY,SURREY,SURREY,Y,Y,N,LOWER MAINLAND,164 ST # 011111 TO 011149 odd,164 ST,164 ST,15:00-17:59,1,0
N,PROPERTY DAMAGE ONLY,\N,N,2022,MONDAY,UNDETERMINED,N,N,49.205527,-123.970004,Y,OCTOBER,N,NANAIMO,NANAIMO,NANAIMO,N,Y,N,VANCOUVER ISLAND,DEPARTURE BAY RD # 002836 TO 002899,DEPARTURE BAY RD,DEPARTURE BAY RD,15:00-17:59,1,0
N,PROPERTY DAMAGE ONLY,\N,N,2022,MONDAY,UNDETERMINED,N,N,49.207908,-123.029033,Y,OCTOBER,N,VANCOUVER,VANCOUVER,VANCOUVER,Y,Y,N,LOWER MAINLAND,SE MARINE DR # 003500 TO 003511,SE MARINE DR,SE MARINE DR,15:00-17:59,1,0
N,PROPERTY DAMAGE ONLY,\N,N,2022,MONDAY,UNDETERMINED,N,N,49.208286,-123.140542,Y,OCTOBER,N,VANCOUVER,VANCOUVER,VANCOUVER,Y,Y,N,LOWER MAINLAND,GRANVILLE ST # 008600 TO 008637,GRANVILLE ST,GRANVILLE ST,15:00-17:59,1,0
N,PROPERTY DAMAGE ONLY,\N,N,2022,MONDAY,UNDETERMINED,N,N,49.212813,-122.919891,Y,OCTOBER,N,NEW WESTMINSTER,NEW WESTMINSTER,NEW WESTMINSTER,N,N,N,LOWER MAINLAND,SIXTH ST # 000524 TO 000599,SIXTH ST,SIXTH ST,15:00-17:59,1,0
N,PROPERTY DAMAGE ONLY,\N,N,2022,MONDAY,UNDETERMINED,N,N,49.215229,-123.091035,Y,OCTOBER,N,VANCOUVER,VANCOUVER,VANCOUVER,Y,Y,N,LOWER MAINLAND,FRASER ST # 007600 TO 007699,FRASER ST,FRASER ST,15:00-17:59,1,0
N,PROPERTY DAMAGE ONLY,\N,N,2022,MONDAY,UNDETERMINED,N,N,49.218143,-122.685822,Y,OCTOBER,N,PITT MEADOWS,PITT MEADOWS,PITT MEADOWS,Y,N,N,LOWER MAINLAND,118B AVE # 019300 TO 019363,118B AVE,118B AVE,15:00-17:59,1,0
N,PROPERTY DAMAGE ONLY,\N,N,2022,MONDAY,UNDETERMINED,N,N,49.218401,-122.955323,Y,OCTOBER,N,BURNABY,BURNABY,BURNABY,Y,Y,N,LOWER MAINLAND,KINGSWAY # 007180 TO 007199,KINGSWAY,KINGSWAY,15:00-17:59,1,0
N,PROPERTY DAMAGE ONLY,\N,N,2022,MONDAY,UNDETERMINED,N,N,49.221373,-122.980225,Y,OCTOBER,N,BURNABY,BURNABY,BURNABY,Y,Y,N,LOWER MAINLAND,MERRITT AVE # 006800 TO 006899,MERRITT AVE,MERRITT AVE,15:00-17:59,1,0
N,PROPERTY DAMAGE ONLY,\N,N,2022,MONDAY,UNDETERMINED,N,N,49.228116,-122.998531,Y,OCTOBER,N,BURNABY,BURNABY,BURNABY,N,Y,N,LOWER MAINLAND,KINGSWAY # 004700 TO 004749,KINGSWAY,KINGSWAY,15:00-17:59,1,0
N,PROPERTY DAMAGE ONLY,\N,N,2022,MONDAY,UNDETERMINED,N,N,49.231024,-123.092641,Y,OCTOBER,N,VANCOUVER,VANCOUVER,VANCOUVER,Y,N,N,LOWER MAINLAND,E 43RD AVE # 000500 TO 000655,E 43RD AVE,E 43RD AVE,15:00-17:59,1,0
N,PROPERTY DAMAGE ONLY,\N,N,2022,MONDAY,UNDETERMINED,N,N,49.233361,-123.06549,Y,OCTOBER,N,VANCOUVER,VANCOUVER,VANCOUVER,N,Y,N,LOWER MAINLAND,VICTORIA DR # 005600 TO 005699,VICTORIA DR,VICTORIA DR,15:00-17:59,1,0
N,PROPERTY DAMAGE ONLY,\N,N,2022,MONDAY,UNDETERMINED,N,N,49.235864,-123.041543,Y,OCTOBER,N,VANCOUVER,VANCOUVER,VANCOUVER,Y,Y,N,LOWER MAINLAND,KINGSWAY # 003000 TO 003078,KINGSWAY,KINGSWAY,15:00-17:59,1,0
N,PROPERTY DAMAGE ONLY,\N,N,2022,MONDAY,UNDETERMINED,N,N,49.237561,-124.047492,Y,OCTOBER,N,NANAIMO,NANAIMO,NANAIMO,Y,N,N,VANCOUVER ISLAND,ISLAND HWY N # 006631 TO 006849 odd,ISLAND HWY N,ISLAND HWY N,15:00-17:59,1,0
N,PROPERTY DAMAGE ONLY,\N,N,2022,MONDAY,UNDETERMINED,N,N,49.240655,-123.028135,Y,OCTOBER,N,VANCOUVER,VANCOUVER,VANCOUVER,Y,N,N,LOWER MAINLAND,PAYNE ST # 004800 TO 004889,PAYNE ST,PAYNE ST,15:00-17:59,1,0
N,PROPERTY DAMAGE ONLY,\N,N,2022,MONDAY,UNDETERMINED,N,N,49.242998,-123.004191,Y,OCTOBER,N,BURNABY,BURNABY,BURNABY,Y,Y,N,LOWER MAINLAND,MOSCROP ST # 004401 TO 004499 odd,MOSCROP ST,MOSCROP ST,15:00-17:59,1,0
N,PROPERTY DAMAGE ONLY,\N,N,2022,MONDAY,UNDETERMINED,N,N,49.245884,-123.019797,Y,OCTOBER,N,BURNABY,BURNABY,BURNABY,Y,Y,N,LOWER MAINLAND,SMITH AVE # 004300 TO 004351,SMITH AVE,SMITH AVE,15:00-17:59,1,0
N,PROPERTY DAMAGE ONLY,\N,N,2022,MONDAY,UNDETERMINED,N,N,49.24964,-123.004243,Y,OCTOBER,N,BURNABY,BURNABY,BURNABY,Y,Y,N,LOWER MAINLAND,WILLINGDON AVE # 003682 TO 003798 even,WILLINGDON AVE,WILLINGDON AVE,15:00-17:59,1,0
N,PROPERTY DAMAGE ONLY,\N,N,2022,MONDAY,UNDETERMINED,N,N,49.251719,-122.918981,Y,OCTOBER,N,BURNABY,BURNABY,BURNABY,N,Y,N,LOWER MAINLAND,BRIGHTON AVE # 003400 TO 003599,BRIGHTON AVE,BRIGHTON AVE,15:00-17:59,1,0
N,PROPERTY DAMAGE ONLY,\N,N,2022,MONDAY,UNDETERMINED,N,N,49.254526,-122.738383,Y,OCTOBER,N,PORT COQUITLAM,PORT COQUITLAM,PORT COQUITLAM,Y,Y,N,LOWER MAINLAND,HAWKINS ST # 002100 TO 002199,HAWKINS ST,HAWKINS ST,15:00-17:59,1,0
N,PROPERTY DAMAGE ONLY,\N,N,2022,MONDAY,UNDETERMINED,N,N,49.258119,-123.037802,Y,OCTOBER,N,VANCOUVER,VANCOUVER,VANCOUVER,Y,Y,N,LOWER MAINLAND,GRANDVIEW HWY # 003100 TO 003199,GRANDVIEW HWY,GRANDVIEW HWY,15:00-17:59,1,0
N,PROPERTY DAMAGE ONLY,\N,N,2022,MONDAY,UNDETERMINED,N,N,49.260553,-123.123488,Y,OCTOBER,N,VANCOUVER,VANCOUVER,VANCOUVER,Y,Y,N,LOWER MAINLAND,W 12TH AVE # 000830 TO 000899,W 12TH AVE,W 12TH AVE,15:00-17:59,2,0
N,PROPERTY DAMAGE ONLY,\N,N,2022,MONDAY,UNDETERMINED,N,N,49.26088,-122.776957,Y,OCTOBER,N,PORT COQUITLAM,PORT COQUITLAM,PORT COQUITLAM,N,Y,N,LOWER MAINLAND,WILSON AVE # 002100 TO 002199,WILSON AVE,WILSON AVE,15:00-17:59,1,0
N,PROPERTY DAMAGE ONLY,\N,N,2022,MONDAY,UNDETERMINED,N,N,49.261809,-123.002392,Y,OCTOBER,N,BURNABY,BURNABY,BURNABY,Y,Y,N,LOWER MAINLAND,STILL CREEK DR # 004500 TO 004599,STILL CREEK DR,STILL CREEK DR,15:00-17:59,1,0
N,PROPERTY DAMAGE ONLY,\N,N,2022,MONDAY,UNDETERMINED,N,N,49.264319,-123.18282,Y,OCTOBER,N,VANCOUVER,VANCOUVER,VANCOUVER,Y,Y,N,LOWER MAINLAND,W BROADWAY # 003500 TO 003599,W BROADWAY,W BROADWAY,15:00-17:59,1,0
N,PROPERTY DAMAGE ONLY,\N,N,2022,MONDAY,UNDETERMINED,N,N,49.264957,-123.126567,Y,OCTOBER,N,VANCOUVER,VANCOUVER,VANCOUVER,Y,N,N,LOWER MAINLAND,OAK ST # 002300 TO 002347,OAK ST,OAK ST,15:00-17:59,1,0
N,PROPERTY DAMAGE ONLY,\N,N,2022,MONDAY,UNDETERMINED,N,N,49.265193,-123.182791,Y,OCTOBER,N,VANCOUVER,VANCOUVER,VANCOUVER,Y,N,N,LOWER MAINLAND,W 8TH AVE # 003500 TO 003599,W 8TH AVE,W 8TH AVE,15:00-17:59,1,0
N,PROPERTY DAMAGE ONLY,\N,N,2022,MONDAY,UNDETERMINED,N,N,49.267775,-123.067734,Y,OCTOBER,N,VANCOUVER,VANCOUVER,VANCOUVER,Y,N,N,LOWER MAINLAND,E 3RD AVE # 001736 TO 001869,E 3RD AVE,E 3RD AVE,15:00-17:59,1,0
N,PROPERTY DAMAGE ONLY,\N,N,2022,MONDAY,UNDETERMINED,N,N,49.267965,-122.948376,Y,OCTOBER,N,BURNABY,BURNABY,BURNABY,Y,Y,N,LOWER MAINLAND,HALIFAX ST # 007330 TO 007499,HALIFAX ST,HALIFAX ST,15:00-17:59,1,0
N,PROPERTY DAMAGE ONLY,\N,N,2022,MONDAY,UNDETERMINED,N,N,49.268796,-123.09811,Y,OCTOBER,N,VANCOUVER,VANCOUVER,VANCOUVER,Y,Y,N,LOWER MAINLAND,E 1ST AVE # 000231 TO 000299,E 1ST AVE,E 1ST AVE,15:00-17:59,1,0
N,PROPERTY DAMAGE ONLY,\N,N,2022,MONDAY,UNDETERMINED,N,N,49.271188,-122.772358,Y,OCTOBER,N,PORT COQUITLAM,PORT COQUITLAM,PORT COQUITLAM,Y,N,N,LOWER MAINLAND,PRAIRIE AVE # 002100 TO 002169,PRAIRIE AVE,PRAIRIE AVE,15:00-17:59,1,0
N,PROPERTY DAMAGE ONLY,\N,N,2022,MONDAY,UNDETERMINED,N,N,49.274408,-123.069552,Y,OCTOBER,N,VANCOUVER,VANCOUVER,VANCOUVER,Y,Y,N,LOWER MAINLAND,COMMERCIAL DR # 001100 TO 001199,COMMERCIAL DR,COMMERCIAL DR,15:00-17:59,1,0
N,PROPERTY DAMAGE ONLY,\N,N,2022,MONDAY,UNDETERMINED,N,N,49.277498,-123.062722,Y,OCTOBER,N,VANCOUVER,VANCOUVER,VANCOUVER,Y,N,N,LOWER MAINLAND,ADANAC ST # 002000 TO 002099,ADANAC ST,ADANAC ST,15:00-17:59,1,0
N,PROPERTY DAMAGE ONLY,\N,N,2022,MONDAY,UNDETERMINED,N,N,49.281746,-123.014168,Y,OCTOBER,N,BURNABY,BURNABY,BURNABY,Y,N,N,LOWER MAINLAND,GILMORE AVE # 000300 TO 000349,GILMORE AVE,GILMORE AVE,15:00-17:59,1,0
N,PROPERTY DAMAGE ONLY,\N,N,2022,MONDAY,UNDETERMINED,N,N,49.284432,-123.008589,Y,OCTOBER,N,BURNABY,BURNABY,BURNABY,N,Y,N,LOWER MAINLAND,MADISON AVE # 000000 TO 000049,MADISON AVE,MADISON AVE,15:00-17:59,1,0
N,PROPERTY DAMAGE ONLY,\N,N,2022,MONDAY,UNDETERMINED,N,N,49.287159,-123.123089,Y,OCTOBER,N,VANCOUVER,VANCOUVER,VANCOUVER,Y,N,N,LOWER MAINLAND,MELVILLE ST # 001100 TO 001199,MELVILLE ST,MELVILLE ST,15:00-17:59,1,0
N,PROPERTY DAMAGE ONLY,\N,N,2022,MONDAY,UNDETERMINED,N,N,49.301889,-124.290379,Y,OCTOBER,N,PARKSVILLE,PARKSVILLE,PARKSVILLE,N,N,N,VANCOUVER ISLAND,FOURNEAU WAY # 000200 TO 000549,FOURNEAU WAY,FOURNEAU WAY,15:00-17:59,1,0
N,PROPERTY DAMAGE ONLY,\N,N,2022,MONDAY,UNDETERMINED,N,N,49.306604,-123.037645,Y,OCTOBER,N,NORTH VANCOUVER,NORTH VANCOUVER,NORTH VANCOUVER,N,Y,N,LOWER MAINLAND,MAIN ST # 001320 TO 001339,MAIN ST,MAIN ST,15:00-17:59,1,0
N,PROPERTY DAMAGE ONLY,\N,N,2022,MONDAY,UNDETERMINED,N,N,49.316664,-123.078267,Y,OCTOBER,N,NORTH VANCOUVER,NORTH VANCOUVER,NORTH VANCOUVER,Y,Y,N,LOWER MAINLAND,CHESTERFIELD AVE # 000500 TO 000557,CHESTERFIELD AVE,CHESTERFIELD AVE,15:00-17:59,1,0
N,PROPERTY DAMAGE ONLY,\N,N,2022,MONDAY,UNDETERMINED,N,N,49.316987,-122.999842,Y,OCTOBER,N,NORTH VANCOUVER,NORTH VANCOUVER,NORTH VANCOUVER,Y,N,N,LOWER MAINLAND,VIOLET ST # 002600 TO 002749,VIOLET ST,VIOLET ST,15:00-17:59,1,0
N,PROPERTY DAMAGE ONLY,\N,N,2022,MONDAY,UNDETERMINED,N,N,49.325809,-123.139912,Y,OCTOBER,N,WEST VANCOUVER,WEST VANCOUVER,WEST VANCOUVER,Y,Y,N,LOWER MAINLAND,PARK ROYAL SOUTH # 001131 TO 003000,PARK ROYAL SOUTH,PARK ROYAL SOUTH,15:00-17:59,1,0
N,PROPERTY DAMAGE ONLY,\N,N,2022,MONDAY,UNDETERMINED,N,N,49.326241,-123.139853,Y,OCTOBER,N,WEST VANCOUVER,WEST VANCOUVER,WEST VANCOUVER,Y,Y,N,LOWER MAINLAND,MAIN ST # 000802 TO 000812,MAIN ST,MAIN ST,15:00-17:59,1,0
N,PROPERTY DAMAGE ONLY,\N,N,2022,MONDAY,UNDETERMINED,N,N,49.334675,-123.042742,Y,OCTOBER,N,NORTH VANCOUVER,NORTH VANCOUVER,NORTH VANCOUVER,Y,Y,N,LOWER MAINLAND,LYNN VALLEY RD # 001100 TO 001198 even,LYNN VALLEY RD,LYNN VALLEY RD,15:00-17:59,1,0
N,PROPERTY DAMAGE ONLY,\N,N,2022,MONDAY,UNDETERMINED,N,N,49.346248,-123.148314,Y,OCTOBER,N,WEST VANCOUVER,WEST VANCOUVER,WEST VANCOUVER,Y,Y,N,LOWER MAINLAND,CHARTWELL DR # 001170 TO 001250,CHARTWELL DR,CHARTWELL DR,15:00-17:59,1,0
N,PROPERTY DAMAGE ONLY,\N,N,2022,MONDAY,UNDETERMINED,N,N,49.360002,-123.278139,Y,OCTOBER,N,WEST VANCOUVER,WEST VANCOUVER,WEST VANCOUVER,Y,Y,N,LOWER MAINLAND,MARINE DR # 006000 TO 006099,MARINE DR,MARINE DR,15:00-17:59,1,0
N,PROPERTY DAMAGE ONLY,\N,N,2022,MONDAY,UNDETERMINED,N,N,49.47449,-119.575247,Y,OCTOBER,N,PENTICTON,PENTICTON,PENTICTON,Y,Y,N,SOUTHERN INTERIOR,DAWSON AVE # 000300 TO 000399,DAWSON AVE,DAWSON AVE,15:00-17:59,1,0
N,PROPERTY DAMAGE ONLY,\N,N,2022,MONDAY,UNDETERMINED,N,N,49.512116,-115.764074,Y,OCTOBER,N,CRANBROOK,CRANBROOK,CRANBROOK,Y,Y,N,SOUTHERN INTERIOR,BAKER ST # 001200 TO 001299,BAKER ST,BAKER ST,15:00-17:59,1,0
N,PROPERTY DAMAGE ONLY,\N,N,2022,MONDAY,UNDETERMINED,N,N,49.711887,-124.96293,Y,OCTOBER,N,COURTENAY,COURTENAY,COURTENAY,Y,Y,N,VANCOUVER ISLAND,RYAN RD # 002800 TO 003098 even,RYAN RD,RYAN RD,15:00-17:59,1,0
N,PROPERTY DAMAGE ONLY,\N,N,2022,MONDAY,UNDETERMINED,N,N,49.738638,-123.133773,Y,OCTOBER,N,SQUAMISH,SQUAMISH,SQUAMISH,Y,Y,N,LOWER MAINLAND,GLENALDER PL # 040251 TO 040289,GLENALDER PL,GLENALDER PL,15:00-17:59,1,0
N,PROPERTY DAMAGE ONLY,\N,N,2022,MONDAY,UNDETERMINED,N,N,49.739292,-125.002579,Y,OCTOBER,N,COURTENAY,COURTENAY,COURTENAY,Y,Y,N,VANCOUVER ISLAND,ISLAND HWY N # 005249 TO 005499,HWY 19A,HWY 19A,15:00-17:59,1,0
N,PROPERTY DAMAGE ONLY,\N,N,2022,MONDAY,UNDETERMINED,N,N,49.860065,-119.49121,Y,OCTOBER,N,KELOWNA,KELOWNA,KELOWNA,Y,Y,N,SOUTHERN INTERIOR,LAKESHORE RD # 003100 TO 003289,LAKESHORE RD,LAKESHORE RD,15:00-17:59,1,0
N,PROPERTY DAMAGE ONLY,\N,N,2022,MONDAY,UNDETERMINED,N,N,49.865309,-119.564917,Y,OCTOBER,N,WEST KELOWNA,WEST KELOWNA,WEST KELOWNA,Y,N,N,SOUTHERN INTERIOR,INDUSTRIAL RD # 001100 TO 001199,INDUSTRIAL RD,INDUSTRIAL RD,15:00-17:59,1,0
N,PROPERTY DAMAGE ONLY,\N,N,2022,MONDAY,UNDETERMINED,N,N,49.866346,-119.577368,Y,OCTOBER,N,WEST KELOWNA,WEST KELOWNA,WEST KELOWNA,N,Y,N,SOUTHERN INTERIOR,STEVENS RD # 001490 TO 001539,STEVENS RD,STEVENS RD,15:00-17:59,1,0
N,PROPERTY DAMAGE ONLY,\N,N,2022,MONDAY,UNDETERMINED,N,N,49.866346,-119.577368,Y,OCTOBER,N,WEST KELOWNA,WEST KELOWNA,WEST KELOWNA,Y,Y,N,SOUTHERN INTERIOR,STEVENS RD # 001490 TO 001539,STEVENS RD,STEVENS RD,15:00-17:59,1,0
N,PROPERTY DAMAGE ONLY,\N,N,2022,MONDAY,UNDETERMINED,N,N,49.868486,-119.552511,Y,OCTOBER,N,WEST KELOWNA,WEST KELOWNA,WEST KELOWNA,Y,Y,N,SOUTHERN INTERIOR,BOUCHERIE RD # 002300 TO 002481,BOUCHERIE RD,BOUCHERIE RD,15:00-17:59,1,0
N,PROPERTY DAMAGE ONLY,\N,N,2022,MONDAY,UNDETERMINED,N,N,49.885728,-119.431776,Y,OCTOBER,N,KELOWNA,KELOWNA,KELOWNA,Y,Y,N,SOUTHERN INTERIOR,ENTERPRISE WAY # 002400 TO 002499,ENTERPRISE WAY,ENTERPRISE WAY,15:00-17:59,1,0
N,PROPERTY DAMAGE ONLY,\N,N,2022,MONDAY,UNDETERMINED,N,N,49.892579,-119.455921,Y,OCTOBER,N,KELOWNA,KELOWNA,KELOWNA,N,N,N,SOUTHERN INTERIOR,MOUNTAINVIEW ST # 001210 TO 001269,MOUNTAINVIEW ST,MOUNTAINVIEW ST,15:00-17:59,1,0
N,PROPERTY DAMAGE ONLY,\N,N,2022,MONDAY,UNDETERMINED,N,N,49.892766,-119.461567,Y,OCTOBER,N,KELOWNA,KELOWNA,KELOWNA,Y,N,N,SOUTHERN INTERIOR,WILLOW CRES # 001580 TO 001749,WILLOW CRES,WILLOW CRES,15:00-17:59,1,0
N,PROPERTY DAMAGE ONLY,\N,N,2022,MONDAY,UNDETERMINED,N,N,49.896227,-124.618872,Y,OCTOBER,N,POWELL RIVER,POWELL RIVER,POWELL RIVER,Y,N,N,VANCOUVER ISLAND,CUXWOOEN CUXWET # 006581 TO 006673,KLAHANIE DR,KLAHANIE DR,15:00-17:59,1,0
N,PROPERTY DAMAGE ONLY,\N,N,2022,MONDAY,UNDETERMINED,N,N,49.921894,-119.385022,Y,OCTOBER,N,KELOWNA,KELOWNA,KELOWNA,Y,Y,N,SOUTHERN INTERIOR,PENNO RD # 000124 TO 000249,PENNO RD,PENNO RD,15:00-17:59,1,0
N,PROPERTY DAMAGE ONLY,\N,N,2022,MONDAY,UNDETERMINED,N,N,50.089218,-122.994832,Y,OCTOBER,N,WHISTLER,WHISTLER,WHISTLER,N,N,N,LOWER MAINLAND,GONDOLA WAY # 002330 TO 002375,GONDOLA WAY,GONDOLA WAY,15:00-17:59,1,0
N,PROPERTY DAMAGE ONLY,\N,N,2022,MONDAY,UNDETERMINED,N,N,50.239295,-119.32828,Y,OCTOBER,N,VERNON,VERNON,VERNON,Y,N,N,SOUTHERN INTERIOR,APOLLO RD # 006500 TO 006578,APOLLO RD,APOLLO RD,15:00-17:59,1,0
N,PROPERTY DAMAGE ONLY,\N,N,2022,MONDAY,UNDETERMINED,N,N,50.240821,-119.263193,Y,OCTOBER,N,VERNON,VERNON,VERNON,Y,N,N,SOUTHERN INTERIOR,MT GRIFFIN RD # 000934 TO 000965,MT GRIFFIN RD,MT GRIFFIN RD,15:00-17:59,1,0
N,PROPERTY DAMAGE ONLY,\N,N,2022,MONDAY,UNDETERMINED,N,N,50.256972,-119.264097,Y,OCTOBER,N,VERNON,VERNON,VERNON,Y,Y,N,SOUTHERN INTERIOR,HWY 6 # 002300 TO 002379,HWY 6,HWY 6,15:00-17:59,1,0
N,PROPERTY DAMAGE ONLY,\N,N,2022,MONDAY,UNDETERMINED,N,N,50.276278,-119.273009,Y,OCTOBER,N,VERNON,VERNON,VERNON,Y,Y,N,SOUTHERN INTERIOR,31 ST # 004300 TO 004498,31 ST,31 ST,15:00-17:59,1,0
N,PROPERTY DAMAGE ONLY,\N,N,2022,MONDAY,UNDETERMINED,N,N,50.285957,-119.271871,Y,OCTOBER,N,VERNON,VERNON,VERNON,N,Y,N,SOUTHERN INTERIOR,ANDERSON WAY # 004800 TO 005601,ANDERSON WAY,ANDERSON WAY,15:00-17:59,1,0
N,PROPERTY DAMAGE ONLY,\N,N,2022,MONDAY,UNDETERMINED,N,N,50.557119,-119.129009,Y,OCTOBER,N,ENDERBY,ENDERBY,ENDERBY,N,Y,N,SOUTHERN INTERIOR,KILDONAN AVE # 000100 TO 000125,KILDONAN AVE,KILDONAN AVE,15:00-17:59,1,0
N,PROPERTY DAMAGE ONLY,\N,N,2022,MONDAY,UNDETERMINED,N,N,50.67137,-120.333222,Y,OCTOBER,N,KAMLOOPS,KAMLOOPS,KAMLOOPS,N,Y,N,SOUTHERN INTERIOR,COLUMBIA ST # 000301 TO 000399 odd,COLUMBIA ST,COLUMBIA ST,15:00-17:59,1,0
N,PROPERTY DAMAGE ONLY,\N,N,2022,MONDAY,UNDETERMINED,N,N,50.672275,-120.325726,Y,OCTOBER,N,KAMLOOPS,KAMLOOPS,KAMLOOPS,Y,N,N,SOUTHERN INTERIOR,NICOLA ST # 000600 TO 000699,NICOLA ST,NICOLA ST,15:00-17:59,1,0
N,PROPERTY DAMAGE ONLY,\N,N,2022,MONDAY,UNDETERMINED,N,N,51.713394,-121.080501,Y,OCTOBER,N,FOREST GROVE,FOREST GROVE,FOREST GROVE,N,N,N,NORTH CENTRAL,BUFFALO CREEK RD # 006500 TO 006565,BUFFALO CREEK RD,BUFFALO CREEK RD,15:00-17:59,1,0
N,PROPERTY DAMAGE ONLY,\N,N,2022,MONDAY,UNDETERMINED,N,N,53.899564,-122.779382,Y,OCTOBER,N,PRINCE GEORGE,PRINCE GEORGE,PRINCE GEORGE,Y,Y,N,NORTH CENTRAL,MASSEY DR # 002991 TO 003111 odd,MASSEY DR,MASSEY DR,15:00-17:59,1,0
N,PROPERTY DAMAGE ONLY,\N,N,2022,MONDAY,UNDETERMINED,N,N,53.904182,-122.77374,Y,OCTOBER,N,PRINCE GEORGE,PRINCE GEORGE,PRINCE GEORGE,Y,Y,N,NORTH CENTRAL,MASSEY DR # 002101 TO 002149 odd,MASSEY DR,MASSEY DR,15:00-17:59,1,0
N,PROPERTY DAMAGE ONLY,\N,N,2022,MONDAY,UNDETERMINED,N,N,53.909802,-122.7586,Y,OCTOBER,N,PRINCE GEORGE,PRINCE GEORGE,PRINCE GEORGE,Y,Y,N,NORTH CENTRAL,15TH AVE # 001600 TO 001708 even,15TH AVE,15TH AVE,15:00-17:59,1,0
N,PROPERTY DAMAGE ONLY,\N,N,2022,MONDAY,UNDETERMINED,N,N,53.919776,-122.782166,Y,OCTOBER,N,PRINCE GEORGE,PRINCE GEORGE,PRINCE GEORGE,N,Y,N,NORTH CENTRAL,CENTRAL ST W # 000500 TO 000645,CENTRAL ST W,CENTRAL ST W,15:00-17:59,1,0
N,PROPERTY DAMAGE ONLY,\N,N,2022,MONDAY,UNDETERMINED,N,N,53.988864,-122.789983,Y,OCTOBER,N,PRINCE GEORGE,PRINCE GEORGE,PRINCE GEORGE,Y,Y,N,NORTH CENTRAL,AUSTIN RD W # 003800 TO 003839,AUSTIN RD W,AUSTIN RD W,15:00-17:59,1,0
N,PROPERTY DAMAGE ONLY,\N,N,2022,MONDAY,UNDETERMINED,N,N,54.781087,-127.163143,Y,OCTOBER,N,SMITHERS,SMITHERS,SMITHERS,Y,Y,N,NORTH CENTRAL,KING ST # 001450 TO 001549,KING ST,KING ST,15:00-17:59,1,0
N,PROPERTY DAMAGE ONLY,\N,N,2022,MONDAY,UNDETERMINED,Y,N,\N,\N,N,OCTOBER,N,PRINCE GEORGE,PRINCE GEORGE,\N,N,N,N,NORTH CENTRAL,UNKNOWN,KENNETH CREEK FOREST ROAD,KENNETH CREEK FOREST ROAD,15:00-17:59,1,0
N,PROPERTY DAMAGE ONLY,\N,N,2022,MONDAY,UNDETERMINED,Y,N,\N,\N,N,OCTOBER,N,SURREY,SURREY,\N,N,N,N,LOWER MAINLAND,UNKNOWN,124 ST,124 ST,15:00-17:59,1,0
N,PROPERTY DAMAGE ONLY,\N,N,2022,MONDAY,UNDETERMINED,Y,N,49.196456,-122.885478,Y,OCTOBER,N,SURREY,SURREY,SURREY,Y,Y,N,LOWER MAINLAND,SCOTT RD # 010472 TO 010818 even,120 ST,120 ST,15:00-17:59,1,0
N,PROPERTY DAMAGE ONLY,\N,N,2022,MONDAY,UNDETERMINED,Y,N,50.663508,-120.361209,Y,OCTOBER,N,KAMLOOPS,KAMLOOPS,KAMLOOPS,Y,Y,N,SOUTHERN INTERIOR,NOTRE DAME DR # 000750 TO 000899,NOTRE DAME DR,NOTRE DAME DR,15:00-17:59,1,0
N,PROPERTY DAMAGE ONLY,\N,Y,2022,MONDAY,SINGLE VEHICLE,N,N,50.315809,-122.791096,Y,OCTOBER,N,PEMBERTON,PEMBERTON,PEMBERTON,N,N,N,LOWER MAINLAND,HWY 99 # 001500 TO 001519,SEA TO SKY HWY,SEA TO SKY HWY,15:00-17:59,1,0
N,PROPERTY DAMAGE ONLY,10 AVE SE,N,2022,MONDAY,REAR END,N,Y,50.692583,-119.227421,N,OCTOBER,N,SALMON ARM,SALMON ARM,SALMON ARM,N,N,N,SOUTHERN INTERIOR,10 AVE SE & HWY 97B SE,HWY 97B,HWY 97B,15:00-17:59,1,0
N,PROPERTY DAMAGE ONLY,100 AVE,N,2022,MONDAY,SIDE IMPACT,N,Y,49.184272,-122.845453,N,OCTOBER,N,SURREY,SURREY,SURREY,Y,Y,N,LOWER MAINLAND,100 AVE & KING GEORGE BLVD & OLD YALE RD,KING GEORGE HWY,KING GEORGE HWY,15:00-17:59,1,0
N,PROPERTY DAMAGE ONLY,100 AVE,N,2022,MONDAY,SIDE IMPACT,N,Y,55.761353,-120.221031,N,OCTOBER,Y,DAWSON CREEK,DAWSON CREEK,DAWSON CREEK,N,N,N,NORTH CENTRAL,100 AVE & 6 ST,6 ST,6 ST,15:00-17:59,1,0
N,PROPERTY DAMAGE ONLY,104 AVE,N,2022,MONDAY,CONFLICTED,N,Y,49.191598,-122.845362,N,OCTOBER,N,SURREY,SURREY,SURREY,N,N,N,LOWER MAINLAND,104 AVE & KING GEORGE BLVD,KING GEORGE BLVD,KING GEORGE BLVD,15:00-17:59,1,0
N,PROPERTY DAMAGE ONLY,104 AVE,N,2022,MONDAY,REAR END,N,Y,49.191635,-122.85205,N,OCTOBER,N,SURREY,SURREY,SURREY,N,N,N,LOWER MAINLAND,104 AVE & 133A ST,133A ST,133A ST,15:00-17:59,1,0
N,PROPERTY DAMAGE ONLY,104 AVE,N,2022,MONDAY,SIDE SWIPE - SAME DIRECTION,Y,Y,49.191551,-122.789744,N,OCTOBER,N,SURREY,SURREY,SURREY,N,N,N,LOWER MAINLAND,104 AVE & 156 ST,156 ST,156 ST,15:00-17:59,1,0
N,PROPERTY DAMAGE ONLY,108 AVE,N,2022,MONDAY,REAR END,N,Y,49.198945,-122.856471,N,OCTOBER,N,SURREY,SURREY,SURREY,N,N,N,LOWER MAINLAND,108 AVE & 132 ST,132 ST,132 ST,15:00-17:59,1,0
N,PROPERTY DAMAGE ONLY,108 AVE,N,2022,MONDAY,SIDE IMPACT,N,Y,49.198858,-122.836938,N,OCTOBER,N,SURREY,SURREY,SURREY,N,N,N,LOWER MAINLAND,108 AVE & 139 ST,139 ST,139 ST,15:00-17:59,1,0
N,PROPERTY DAMAGE ONLY,10TH AVE,N,2022,MONDAY,REAR END,N,Y,53.915412,-122.781674,N,OCTOBER,N,PRINCE GEORGE,PRINCE GEORGE,PRINCE GEORGE,N,N,N,NORTH CENTRAL,10TH AVE & CENTRAL ST E & CENTRAL ST W & HWY 97 S & TURNING LANE,CENTRAL ST W,CENTRAL ST W,15:00-17:59,1,0
N,PROPERTY DAMAGE ONLY,116 ST,N,2022,MONDAY,REAR END,N,Y,49.13396,-122.901322,N,OCTOBER,N,DELTA,DELTA,DELTA,N,N,N,LOWER MAINLAND,116 ST & 72 AVE & TURNING LANE,72 AVE,72 AVE,15:00-17:59,1,0
N,PROPERTY DAMAGE ONLY,120 ST,N,2022,MONDAY,SINGLE VEHICLE,N,Y,49.11933,-122.890416,N,OCTOBER,N,DELTA,DELTA,DELTA & SURREY,N,N,N,LOWER MAINLAND,120 ST & 64 AVE,64 AVE,64 AVE,15:00-17:59,1,0
N,PROPERTY DAMAGE ONLY,122 ST,N,2022,MONDAY,REAR END,N,Y,49.133997,-122.884833,N,OCTOBER,N,SURREY,SURREY,SURREY,N,N,N,LOWER MAINLAND,122 ST & 72 AVE,72 AVE,72 AVE,15:00-17:59,1,0
N,PROPERTY DAMAGE ONLY,122 ST,N,2022,MONDAY,REAR END,N,Y,49.137898,-122.885023,N,OCTOBER,N,SURREY,SURREY,SURREY,N,Y,N,LOWER MAINLAND,121A ST & 122 ST & MALL ACCESS,MALL ACCESS,MALL ACCESS,15:00-17:59,1,0
N,PROPERTY DAMAGE ONLY,125 ST,N,2022,MONDAY,REAR END,N,Y,49.148309,-122.875536,N,OCTOBER,N,SURREY,SURREY,SURREY,N,N,N,LOWER MAINLAND,125 ST & 80 AVE,80 AVE,80 AVE,15:00-17:59,1,0
N,PROPERTY DAMAGE ONLY,128 ST,N,2022,MONDAY,REAR END,N,Y,49.12659,-122.867795,N,OCTOBER,N,SURREY,SURREY,SURREY,N,N,N,LOWER MAINLAND,128 ST & 68 AVE,68 AVE,68 AVE,15:00-17:59,1,0
N,PROPERTY DAMAGE ONLY,128 ST,N,2022,MONDAY,SIDE IMPACT,N,Y,49.177155,-122.867999,N,OCTOBER,N,SURREY,SURREY,SURREY,N,N,N,LOWER MAINLAND,128 ST & 96 AVE,96 AVE,96 AVE,15:00-17:59,1,0
N,PROPERTY DAMAGE ONLY,128 ST,N,2022,MONDAY,UNDETERMINED,N,Y,49.108112,-122.867838,N,OCTOBER,N,SURREY,SURREY,SURREY,N,N,N,LOWER MAINLAND,128 ST & 58 AVE,HWY 10,HWY 10,15:00-17:59,1,0
N,PROPERTY DAMAGE ONLY,12TH AVE,N,2022,MONDAY,REAR END,N,Y,49.218354,-122.933417,N,OCTOBER,N,BURNABY,BURNABY,BURNABY,N,N,N,LOWER MAINLAND,12TH AVE & CANADA WAY,CANADA WAY,CANADA WAY,15:00-17:59,1,0
N,PROPERTY DAMAGE ONLY,12TH AVE,N,2022,MONDAY,SIDE IMPACT,N,Y,53.913427,-122.763573,N,OCTOBER,N,PRINCE GEORGE,PRINCE GEORGE,PRINCE GEORGE,N,Y,N,NORTH CENTRAL,12TH AVE & LETHBRIDGE ST,LETHBRIDGE ST,LETHBRIDGE ST,15:00-17:59,1,0
N,PROPERTY DAMAGE ONLY,130 ST,N,2022,MONDAY,CONFLICTED,N,Y,49.148185,-122.86228,N,OCTOBER,N,SURREY,SURREY,SURREY,N,Y,N,LOWER MAINLAND,130 ST & 80 AVE,80 AVE,80 AVE,15:00-17:59,1,0
N,PROPERTY DAMAGE ONLY,130 ST,N,2022,MONDAY,SIDE IMPACT,N,Y,49.035137,-122.861882,N,OCTOBER,N,SURREY,SURREY,SURREY,Y,N,N,LOWER MAINLAND,130 ST & 18 AVE & LARONDE DR,18 AVE,18 AVE,15:00-17:59,1,0
N,PROPERTY DAMAGE ONLY,132 ST,N,2022,MONDAY,REAR END,N,Y,49.108198,-122.856719,N,OCTOBER,N,SURREY,SURREY,SURREY,N,N,N,LOWER MAINLAND,132 ST & 58 AVE,HWY 10,HWY 10,15:00-17:59,1,0
N,PROPERTY DAMAGE ONLY,132 ST,N,2022,MONDAY,SIDE IMPACT,N,Y,49.123188,-122.856542,N,OCTOBER,N,SURREY,SURREY,SURREY,N,N,N,LOWER MAINLAND,132 ST & 66A AVE,66A AVE,66A AVE,15:00-17:59,1,0
N,PROPERTY DAMAGE ONLY,136 ST,N,2022,MONDAY,SINGLE VEHICLE,N,Y,49.206164,-122.845317,N,OCTOBER,N,SURREY,SURREY,SURREY,N,N,N,LOWER MAINLAND,112 AVE & 136 ST,112 AVE,112 AVE,15:00-17:59,1,0
N,PROPERTY DAMAGE ONLY,137A ST,N,2022,MONDAY,SIDE IMPACT,N,Y,49.176991,-122.842121,N,OCTOBER,N,SURREY,SURREY,SURREY,N,N,N,LOWER MAINLAND,137A ST & 96 AVE,96 AVE,96 AVE,15:00-17:59,1,0
N,PROPERTY DAMAGE ONLY,138A ST,N,2022,MONDAY,REAR END,N,Y,49.162789,-122.838934,N,OCTOBER,N,SURREY,SURREY,SURREY,N,Y,N,LOWER MAINLAND,138A ST & 88 AVE,88 AVE,88 AVE,15:00-17:59,1,0
N,PROPERTY DAMAGE ONLY,142 ST,N,2022,MONDAY,SIDE SWIPE - SAME DIRECTION,N,Y,49.119108,-122.828819,N,OCTOBER,N,SURREY,SURREY,SURREY,N,N,N,LOWER MAINLAND,142 ST & 64 AVE,64 AVE,64 AVE,15:00-17:59,1,0
N,PROPERTY DAMAGE ONLY,143 ST,N,2022,MONDAY,REAR END,N,Y,49.191485,-122.825863,N,OCTOBER,N,SURREY,SURREY,SURREY,N,N,N,LOWER MAINLAND,104 AVE & 143 ST,104 AVE,104 AVE,15:00-17:59,1,0
N,PROPERTY DAMAGE ONLY,148 ST,N,2022,MONDAY,HEAD ON,N,Y,49.170325,-122.812309,N,OCTOBER,N,SURREY,SURREY,SURREY,N,N,N,LOWER MAINLAND,148 ST & FRASER HWY & TURNING LANE,FRASER HWY,FRASER HWY,15:00-17:59,1,0
N,PROPERTY DAMAGE ONLY,148 ST,N,2022,MONDAY,REAR END,N,Y,49.191494,-122.812448,N,OCTOBER,N,SURREY,SURREY,SURREY,N,N,N,LOWER MAINLAND,104 AVE & 148 ST,104 AVE,104 AVE,15:00-17:59,1,0
N,PROPERTY DAMAGE ONLY,152 ST,N,2022,MONDAY,REAR END,N,Y,49.162842,-122.801493,N,OCTOBER,N,SURREY,SURREY,SURREY,N,N,N,LOWER MAINLAND,152 ST & 88 AVE,88 AVE,88 AVE,15:00-17:59,1,0
N,PROPERTY DAMAGE ONLY,152 ST,N,2022,MONDAY,UNDETERMINED,N,Y,49.104433,-122.801032,N,OCTOBER,N,SURREY,SURREY,SURREY,N,N,N,LOWER MAINLAND,152 ST & 56 AVE,HWY 10,HWY 10,15:00-17:59,1,0
N,PROPERTY DAMAGE ONLY,152 ST,N,2022,MONDAY,UNDETERMINED,N,Y,49.126361,-122.801063,N,OCTOBER,N,SURREY,SURREY,SURREY,N,N,N,LOWER MAINLAND,152 ST & 68 AVE,68 AVE,68 AVE,15:00-17:59,1,0
N,PROPERTY DAMAGE ONLY,152 ST,N,2022,MONDAY,UNDETERMINED,N,Y,49.191498,-122.800899,N,OCTOBER,N,SURREY,SURREY,SURREY,Y,Y,N,LOWER MAINLAND,104 AVE & 152 ST,104 AVE,104 AVE,15:00-17:59,1,0
N,PROPERTY DAMAGE ONLY,160 ST,N,2022,MONDAY,SINGLE VEHICLE,N,Y,49.045561,-122.779205,N,OCTOBER,N,SURREY,SURREY,SURREY,N,Y,N,LOWER MAINLAND,160 ST & 24 AVE,24 AVE,24 AVE,15:00-17:59,1,0
N,PROPERTY DAMAGE ONLY,164 ST,N,2022,MONDAY,UNDETERMINED,N,Y,49.045597,-122.768119,N,OCTOBER,N,SURREY,SURREY,SURREY,N,Y,N,LOWER MAINLAND,164 ST & 24 AVE & OAK MEADOWS DR,24 AVE,24 AVE,15:00-17:59,1,0
N,PROPERTY DAMAGE ONLY,168 ST,N,2022,MONDAY,REAR END,N,Y,49.104286,-122.756658,N,OCTOBER,N,SURREY,SURREY,SURREY,N,N,N,LOWER MAINLAND,168 ST & 56 AVE,HWY 10,HWY 10,15:00-17:59,1,0
N,PROPERTY DAMAGE ONLY,16TH AVE,N,2022,MONDAY,UNDETERMINED,N,Y,49.217432,-122.945859,N,OCTOBER,N,BURNABY,BURNABY,BURNABY,N,N,N,LOWER MAINLAND,16TH AVE & KINGSWAY,KINGSWAY,KINGSWAY,15:00-17:59,1,0
N,PROPERTY DAMAGE ONLY,18 AVE,N,2022,MONDAY,REAR END,N,Y,49.035294,-123.068621,N,OCTOBER,N,DELTA,DELTA,DELTA,N,N,N,LOWER MAINLAND,18 AVE & 56 ST,56 ST,56 ST,15:00-17:59,1,0
N,PROPERTY DAMAGE ONLY,18 AVE,Y,2022,MONDAY,SINGLE VEHICLE,N,Y,49.035351,-122.867498,N,OCTOBER,N,SURREY,SURREY,SURREY,N,N,N,LOWER MAINLAND,128 ST & 18 AVE,128 ST,128 ST,15:00-17:59,1,0
N,PROPERTY DAMAGE ONLY,184 ST,N,2022,MONDAY,REAR END,N,N,\N,\N,N,OCTOBER,N,WHITE ROCK,WHITE ROCK,\N,N,N,N,LOWER MAINLAND,UNKNOWN,MARINE DR,MARINE DR,15:00-17:59,1,0
N,PROPERTY DAMAGE ONLY,184 ST,N,2022,MONDAY,REAR END,N,Y,49.060161,-122.713453,N,OCTOBER,N,SURREY,SURREY,SURREY,N,N,N,LOWER MAINLAND,184 ST & 32 AVE,32 AVE,32 AVE,15:00-17:59,1,0
N,PROPERTY DAMAGE ONLY,186 ST,N,2022,MONDAY,REAR END,N,N,\N,\N,N,OCTOBER,N,SURREY,SURREY,\N,N,N,N,LOWER MAINLAND,UNKNOWN,HWY 10,HWY 10,15:00-17:59,1,0
N,PROPERTY DAMAGE ONLY,194 ST,N,2022,MONDAY,REAR END,N,N,\N,\N,N,OCTOBER,N,LANGLEY,LANGLEY,\N,N,N,N,LOWER MAINLAND,UNKNOWN,94 AVE,94 AVE,15:00-17:59,1,0
N,PROPERTY DAMAGE ONLY,196 ST,N,2022,MONDAY,SIDE IMPACT,N,Y,49.031097,-122.680297,N,OCTOBER,N,LANGLEY,LANGLEY,LANGLEY & SURREY,N,N,N,LOWER MAINLAND,16 AVE & 196 ST,16 AVE,16 AVE,15:00-17:59,1,0
N,PROPERTY DAMAGE ONLY,1ST AVE,N,2022,MONDAY,SINGLE VEHICLE,N,Y,50.674495,-120.338971,N,OCTOBER,N,KAMLOOPS,KAMLOOPS,KAMLOOPS,N,N,N,SOUTHERN INTERIOR,1ST AVE & ST PAUL ST & ST PAUL ST W,ST PAUL ST,ST PAUL ST,15:00-17:59,1,0
N,PROPERTY DAMAGE ONLY,201 ST,N,2022,MONDAY,REAR END,N,Y,49.174258,-122.665357,N,OCTOBER,N,LANGLEY,LANGLEY,LANGLEY,N,N,N,LOWER MAINLAND,201 ST & 202 ST & TURNING LANE,202 ST,202 ST,15:00-17:59,1,0
N,PROPERTY DAMAGE ONLY,202 ST,N,2022,MONDAY,REAR END,N,Y,49.174258,-122.665357,N,OCTOBER,N,LANGLEY,LANGLEY,LANGLEY,N,N,N,LOWER MAINLAND,201 ST & 202 ST & TURNING LANE,201 ST,201 ST,15:00-17:59,1,0
N,PROPERTY DAMAGE ONLY,203 ST,N,2022,MONDAY,SIDE IMPACT,Y,Y,49.104113,-122.660326,N,OCTOBER,N,LANGLEY,LANGLEY,LANGLEY,N,N,N,LOWER MAINLAND,203 ST & 56 AVE & DOUGLAS CRES & TURNING LANE,56 AVE,56 AVE,15:00-17:59,1,0
N,PROPERTY DAMAGE ONLY,204 ST,N,2022,MONDAY,REAR TO REAR,N,Y,49.118684,-122.654322,N,OCTOBER,N,LANGLEY,LANGLEY,LANGLEY,N,Y,N,LOWER MAINLAND,204 ST & 64 AVE & MUFFORD CRES & WILLOWBROOK CONN & TURNING LANE,64 AVE,64 AVE,15:00-17:59,1,0
N,PROPERTY DAMAGE ONLY,240 ST,N,2022,MONDAY,REAR END,N,Y,49.104058,-122.559209,N,OCTOBER,N,LANGLEY,LANGLEY,LANGLEY,N,N,N,LOWER MAINLAND,240 ST & 56 AVE,56 AVE,56 AVE,15:00-17:59,1,0
N,PROPERTY DAMAGE ONLY,30 ST SW,N,2022,MONDAY,SINGLE VEHICLE,N,Y,50.692591,-119.319739,N,OCTOBER,N,SALMON ARM,SALMON ARM,SALMON ARM,N,N,N,SOUTHERN INTERIOR,30 ST SW & TRANS-CANADA HWY SW & TURNING LANE,HWY 1,HWY 1,15:00-17:59,1,0
N,PROPERTY DAMAGE ONLY,32 AVE DIVERS,N,2022,MONDAY,SIDE SWIPE - SAME DIRECTION,N,Y,49.05882,-122.80993,N,OCTOBER,N,SURREY,SURREY,SURREY,N,N,N,LOWER MAINLAND,148 ST & 32 AVE DIVERSION & KING GEORGE BLVD & TURNING LANE,KING GEORGE BLVD,KING GEORGE BLVD,15:00-17:59,1,0
N,PROPERTY DAMAGE ONLY,43 ST,N,2022,MONDAY,SIDE IMPACT,N,Y,50.261297,-119.296654,N,OCTOBER,N,VERNON,VERNON,VERNON,N,N,N,SOUTHERN INTERIOR,27 AVE & 43 ST,27 AVE,27 AVE,15:00-17:59,1,0
N,PROPERTY DAMAGE ONLY,56 AVE,N,2022,MONDAY,REAR TO REAR,N,Y,49.104113,-122.660326,N,OCTOBER,N,LANGLEY,LANGLEY,LANGLEY,N,N,N,LOWER MAINLAND,203 ST & 56 AVE & DOUGLAS CRES & TURNING LANE,203 ST,203 ST,15:00-17:59,1,0
N,PROPERTY DAMAGE ONLY,56 AVE,N,2022,MONDAY,SIDE IMPACT,N,Y,49.104371,-122.674362,N,OCTOBER,N,LANGLEY,LANGLEY,LANGLEY,N,N,N,LOWER MAINLAND,198 ST & 56 AVE,198 ST,198 ST,15:00-17:59,1,0
N,PROPERTY DAMAGE ONLY,56 ST,N,2022,MONDAY,UNDETERMINED,N,Y,49.029737,-123.068679,N,OCTOBER,N,DELTA,DELTA,DELTA,Y,N,N,LOWER MAINLAND,14B AVE & 56 ST & VIEW CRES,VIEW CRES,VIEW CRES,15:00-17:59,1,0
N,PROPERTY DAMAGE ONLY,64 AVE,N,2022,MONDAY,REAR END,N,Y,49.118761,-122.734941,N,OCTOBER,N,SURREY,SURREY,SURREY,N,N,N,LOWER MAINLAND,176 ST & 64 AVE,HWY 15,HWY 15,15:00-17:59,1,0
N,PROPERTY DAMAGE ONLY,68A AVE,N,2022,MONDAY,SINGLE VEHICLE,N,Y,49.127249,-122.734805,N,OCTOBER,N,SURREY,SURREY,SURREY,N,N,N,LOWER MAINLAND,176 ST & 68A AVE & TURNING LANE,176 ST,176 ST,15:00-17:59,1,0
N,PROPERTY DAMAGE ONLY,70A AVE,N,2022,MONDAY,REAR END,N,Y,49.130932,-122.679535,N,OCTOBER,N,LANGLEY,LANGLEY,LANGLEY & SURREY,N,N,N,LOWER MAINLAND,196 ST & 70A AVE,196 ST,196 ST,15:00-17:59,1,0
N,PROPERTY DAMAGE ONLY,72 AVE,N,2022,MONDAY,CONFLICTED,N,Y,49.133543,-122.8428,N,OCTOBER,N,SURREY,SURREY,SURREY,N,Y,N,LOWER MAINLAND,137 ST & 72 AVE,137 ST,137 ST,15:00-17:59,1,0
N,PROPERTY DAMAGE ONLY,72 AVE,N,2022,MONDAY,REAR END,N,Y,49.133661,-122.801101,N,OCTOBER,N,SURREY,SURREY,SURREY,N,N,N,LOWER MAINLAND,152 ST & 72 AVE,152 ST,152 ST,15:00-17:59,1,0
N,PROPERTY DAMAGE ONLY,72 AVE,N,2022,MONDAY,REAR END,N,Y,49.133735,-122.823337,N,OCTOBER,N,SURREY,SURREY,SURREY,N,N,N,LOWER MAINLAND,144 ST & 72 AVE,144 ST,144 ST,15:00-17:59,1,0
N,PROPERTY DAMAGE ONLY,72A AVE,N,2022,MONDAY,SIDE IMPACT,N,Y,49.134934,-122.842782,N,OCTOBER,N,SURREY,SURREY,SURREY,Y,N,N,LOWER MAINLAND,137 ST & 72A AVE,137 ST,137 ST,15:00-17:59,1,0
N,PROPERTY DAMAGE ONLY,72A AVE,N,2022,MONDAY,UNDETERMINED,N,Y,49.134648,-122.823345,N,OCTOBER,N,SURREY,SURREY,SURREY,N,N,N,LOWER MAINLAND,144 ST & 72A AVE,144 ST,144 ST,15:00-17:59,1,0
N,PROPERTY DAMAGE ONLY,73 AVE,N,2022,MONDAY,REAR END,N,Y,49.135099,-122.845596,N,OCTOBER,N,SURREY,SURREY,SURREY,N,N,N,LOWER MAINLAND,73 AVE & KING GEORGE BLVD,KING GEORGE BLVD,KING GEORGE BLVD,15:00-17:59,1,0
N,PROPERTY DAMAGE ONLY,73A AVE,N,2022,MONDAY,CONFLICTED,N,Y,49.136534,-122.848466,N,OCTOBER,N,SURREY,SURREY,SURREY,N,N,N,LOWER MAINLAND,135 ST & 73A AVE,135 ST,135 ST,15:00-17:59,1,0
N,PROPERTY DAMAGE ONLY,73A AVE,N,2022,MONDAY,SIDE IMPACT,N,Y,49.136432,-122.856684,N,OCTOBER,N,SURREY,SURREY,SURREY,N,N,N,LOWER MAINLAND,132 ST & 73A AVE,132 ST,132 ST,15:00-17:59,1,0
N,PROPERTY DAMAGE ONLY,75A AVE,N,2022,MONDAY,UNDETERMINED,N,Y,49.140155,-122.895885,N,OCTOBER,N,DELTA,DELTA,DELTA,N,N,N,LOWER MAINLAND,118 ST & 75A AVE,118 ST,118 ST,15:00-17:59,1,0
N,PROPERTY DAMAGE ONLY,7TH AVE,N,2022,MONDAY,UNDETERMINED,N,Y,49.205111,-119.823027,N,OCTOBER,N,KEREMEOS,KEREMEOS,KEREMEOS,N,N,N,SOUTHERN INTERIOR,7TH AVE & 7TH ST,HWY 3,HWY 3,15:00-17:59,1,0
N,PROPERTY DAMAGE ONLY,7TH AVENUE,N,2022,MONDAY,CONFLICTED,N,N,\N,\N,N,OCTOBER,N,MISSION,MISSION,\N,N,N,N,LOWER MAINLAND,UNKNOWN,CEDAR VALLEY CONNECTR,CEDAR VALLEY CONNECTR,15:00-17:59,1,0
N,PROPERTY DAMAGE ONLY,80 AVE,N,2022,MONDAY,REAR END,Y,Y,49.1486,-122.890378,N,OCTOBER,N,DELTA,DELTA,DELTA & SURREY,N,N,N,LOWER MAINLAND,120 ST & 80 AVE,120 ST,120 ST,15:00-17:59,1,0
N,PROPERTY DAMAGE ONLY,80 AVE,N,2022,MONDAY,UNDETERMINED,N,Y,49.148132,-122.867974,N,OCTOBER,N,SURREY,SURREY,SURREY,Y,N,N,LOWER MAINLAND,128 ST & 80 AVE,128 ST,128 ST,15:00-17:59,1,0
N,PROPERTY DAMAGE ONLY,85 AVE,N,2022,MONDAY,REAR END,N,Y,49.157419,-122.868022,N,OCTOBER,N,SURREY,SURREY,SURREY,N,N,N,LOWER MAINLAND,128 ST & 85 AVE & UTILITY ACCESS,128 ST,128 ST,15:00-17:59,1,0
N,PROPERTY DAMAGE ONLY,89 AVENUE,N,2022,MONDAY,SIDE IMPACT,N,N,\N,\N,N,OCTOBER,N,SURREY,SURREY,\N,N,N,N,LOWER MAINLAND,UNKNOWN,132 STREET,132 STREET,15:00-17:59,1,0
N,PROPERTY DAMAGE ONLY,92A AVE,N,2022,MONDAY,SIDE IMPACT,N,Y,49.170846,-122.668069,N,OCTOBER,N,LANGLEY,LANGLEY,LANGLEY,N,N,N,LOWER MAINLAND,200 ST & 92A AVE & TURNING LANE,200 ST,200 ST,15:00-17:59,1,0
N,PROPERTY DAMAGE ONLY,93A AVE,N,2022,MONDAY,REAR END,N,Y,49.172969,-122.89022,N,OCTOBER,N,DELTA,DELTA,DELTA & SURREY,N,N,N,LOWER MAINLAND,120 ST & 93A AVE,SCOTT RD,SCOTT RD,15:00-17:59,1,0
N,PROPERTY DAMAGE ONLY,ABEL LAKE RD,N,2022,MONDAY,SINGLE VEHICLE,N,Y,51.7113,-121.380434,N,OCTOBER,N,105 MILE HOUSE,105 MILE HOUSE,105 MILE HOUSE,N,N,N,NORTH CENTRAL,ABEL LAKE RD & LILY PAD LAKE RD,LILY PAD LAKE RD,LILY PAD LAKE RD,15:00-17:59,1,0
N,PROPERTY DAMAGE ONLY,ABERDEEN RD,N,2022,MONDAY,REAR END,N,Y,50.241536,-119.229681,N,OCTOBER,N,COLDSTREAM,COLDSTREAM,COLDSTREAM,N,N,N,SOUTHERN INTERIOR,ABERDEEN RD & BUCHANAN RD & HWY 6 & TURNING LANE,HWY 6,HWY 6,15:00-17:59,1,0
N,PROPERTY DAMAGE ONLY,ADMIRALS RD,N,2022,MONDAY,REAR END,N,Y,48.444823,-123.427711,N,OCTOBER,N,VIEW ROYAL,VIEW ROYAL,VIEW ROYAL,N,N,N,VANCOUVER ISLAND,ADMIRALS RD & SEENUPIN RD,SEENUPIN RD,SEENUPIN RD,15:00-17:59,1,0
N,PROPERTY DAMAGE ONLY,ALMA ST,N,2022,MONDAY,CONFLICTED,N,Y,49.246167,-123.186761,N,OCTOBER,N,VANCOUVER,VANCOUVER,VANCOUVER,Y,N,N,LOWER MAINLAND,ALMA ST & W 29TH AVE,W 29TH AVE,W 29TH AVE,15:00-17:59,1,0
N,PROPERTY DAMAGE ONLY,ALMA ST,N,2022,MONDAY,REAR END,N,Y,49.268607,-123.185686,N,OCTOBER,N,VANCOUVER,VANCOUVER,VANCOUVER,N,N,N,LOWER MAINLAND,ALMA ST & W 4TH AVE,W 4TH AVE,W 4TH AVE,15:00-17:59,1,0
N,PROPERTY DAMAGE ONLY,ALMA ST,Y,2022,MONDAY,SINGLE VEHICLE,Y,Y,49.268607,-123.185686,N,OCTOBER,N,VANCOUVER,VANCOUVER,VANCOUVER,N,N,N,LOWER MAINLAND,ALMA ST & W 4TH AVE,W 4TH AVE,W 4TH AVE,15:00-17:59,1,0
N,PROPERTY DAMAGE ONLY,ARGYLE ST,N,2022,MONDAY,REAR END,N,Y,49.211013,-123.071303,N,OCTOBER,N,VANCOUVER,VANCOUVER,VANCOUVER,N,N,N,LOWER MAINLAND,ARGYLE ST & SE MARINE DR,SE MARINE DR,SE MARINE DR,15:00-17:59,1,0
N,PROPERTY DAMAGE ONLY,ASH ST,N,2022,MONDAY,UNDETERMINED,N,Y,49.264176,-123.117463,N,OCTOBER,N,VANCOUVER,VANCOUVER,VANCOUVER,Y,N,N,LOWER MAINLAND,ASH ST & W 8TH AVE,W 8TH AVE,W 8TH AVE,15:00-17:59,1,0
N,PROPERTY DAMAGE ONLY,AVERY AVE,N,2022,MONDAY,SIDE IMPACT,N,Y,49.208005,-123.142192,N,OCTOBER,N,VANCOUVER,VANCOUVER,VANCOUVER,N,N,N,LOWER MAINLAND,AVERY AVE & SW MARINE DR,SW MARINE DR,SW MARINE DR,15:00-17:59,1,0
N,PROPERTY DAMAGE ONLY,AVONDALE ST,N,2022,MONDAY,SIDE IMPACT,N,Y,49.252398,-123.019801,N,OCTOBER,N,BURNABY,BURNABY,BURNABY,N,N,N,LOWER MAINLAND,AVONDALE ST & SMITH AVE,SMITH AVE,SMITH AVE,15:00-17:59,1,0
N,PROPERTY DAMAGE ONLY,BAY ST,N,2022,MONDAY,REAR END,N,Y,48.433781,-123.380574,N,OCTOBER,N,VICTORIA,VICTORIA,VICTORIA,Y,N,N,VANCOUVER ISLAND,BAY ST & TYEE RD,TYEE RD,TYEE RD,15:00-17:59,1,0
N,PROPERTY DAMAGE ONLY,BENVOULIN RD,N,2022,MONDAY,SINGLE VEHICLE,N,Y,49.877203,-119.436472,N,OCTOBER,N,KELOWNA,KELOWNA,KELOWNA,N,N,N,SOUTHERN INTERIOR,BENVOULIN RD & DILWORTH DR & SPRINGFIELD RD & TURNING LANE,SPRINGFIELD RD,SPRINGFIELD RD,15:00-17:59,1,0
N,PROPERTY DAMAGE ONLY,BERNARD AVE,N,2022,MONDAY,REAR END,N,Y,49.888653,-119.454421,N,OCTOBER,N,KELOWNA,KELOWNA,KELOWNA,N,N,N,SOUTHERN INTERIOR,BERNARD AVE & GLENMORE DR & SPALL RD & TURNING LANE,SPALL RD,SPALL RD,15:00-17:59,1,0
N,PROPERTY DAMAGE ONLY,BERWICK RD,N,2022,MONDAY,SIDE IMPACT,N,Y,49.339327,-124.43906,N,OCTOBER,N,QUALICUM BEACH,QUALICUM BEACH,QUALICUM BEACH,N,N,N,VANCOUVER ISLAND,BERWICK RD S & RUPERT RD E & ACCESS ROAD,RUPERT RD E,RUPERT RD E,15:00-17:59,1,0
N,PROPERTY DAMAGE ONLY,BLENHEIM ST,N,2022,MONDAY,UNDETERMINED,N,Y,49.23476,-123.178714,N,OCTOBER,N,VANCOUVER,VANCOUVER,VANCOUVER,N,N,N,LOWER MAINLAND,BLENHEIM ST & W 41ST AVE,W 41ST AVE,W 41ST AVE,15:00-17:59,1,0
N,PROPERTY DAMAGE ONLY,BLUNDELL RD,N,2022,MONDAY,UNDETERMINED,N,Y,49.155464,-123.125339,N,OCTOBER,N,RICHMOND,RICHMOND,RICHMOND,Y,Y,N,LOWER MAINLAND,BLUNDELL RD & GARDEN CITY RD,GARDEN CITY RD,GARDEN CITY RD,15:00-17:59,1,0
N,PROPERTY DAMAGE ONLY,BOUNDARY RD,N,2022,MONDAY,UNDETERMINED,N,Y,49.244426,-123.023636,N,OCTOBER,N,BURNABY,BURNABY,BURNABY & VANCOUVER,Y,N,N,LOWER MAINLAND,BOUNDARY RD & E 29TH AVE & TURNING LANE,E 29TH AVE,E 29TH AVE,15:00-17:59,1,0
N,PROPERTY DAMAGE ONLY,BRIGHTON AVE,N,2022,MONDAY,SIDE SWIPE - SAME DIRECTION,N,Y,49.25327,-122.918953,N,OCTOBER,N,BURNABY,BURNABY,BURNABY,N,N,N,LOWER MAINLAND,BRIGHTON AVE & LOUGHEED HWY & PRODUCTION WAY & TURNING LANE,LOUGHEED HWY,LOUGHEED HWY,15:00-17:59,1,0
N,PROPERTY DAMAGE ONLY,BROAD ST,N,2022,MONDAY,SIDE IMPACT,N,Y,48.428178,-123.365795,N,OCTOBER,N,VICTORIA,VICTORIA,VICTORIA,Y,N,N,VANCOUVER ISLAND,BROAD ST & PANDORA AVE,PANDORA AVE,PANDORA AVE,15:00-17:59,1,0
N,PROPERTY DAMAGE ONLY,BROADWAY,N,2022,MONDAY,REAR END,N,Y,49.16195,-121.935089,N,OCTOBER,N,CHILLIWACK,CHILLIWACK,CHILLIWACK,N,N,N,LOWER MAINLAND,BROADWAY & CHILLIWACK CENTRAL RD,CHILLIWACK CENTRAL RD,CHILLIWACK CENTRAL RD,15:00-17:59,2,0
N,PROPERTY DAMAGE ONLY,BRUCE AVE,N,2022,MONDAY,SIDE IMPACT,N,Y,49.143746,-123.949662,N,OCTOBER,N,NANAIMO,NANAIMO,NANAIMO,N,N,N,VANCOUVER ISLAND,BRUCE AVE & EIGHTH ST,EIGHTH ST,EIGHTH ST,15:00-17:59,1,0
N,PROPERTY DAMAGE ONLY,BRUCE AVE,N,2022,MONDAY,SIDE SWIPE - SAME DIRECTION,N,Y,49.143746,-123.949662,N,OCTOBER,N,NANAIMO,NANAIMO,NANAIMO,N,N,N,VANCOUVER ISLAND,BRUCE AVE & EIGHTH ST,EIGHTH ST,EIGHTH ST,15:00-17:59,1,0
N,PROPERTY DAMAGE ONLY,BRUNETTE AVE OFFRAMP,N,2022,MONDAY,REAR END,N,Y,49.234521,-122.878438,N,OCTOBER,N,COQUITLAM,COQUITLAM,COQUITLAM & NEW WESTMINSTER,N,N,N,LOWER MAINLAND,BRUNETTE AVE & BRUNETTE AVE OFFRAMP & BRUNETTE AVE ONRAMP & TRANS-CANADA HWY,HWY 1,HWY 1,15:00-17:59,1,0
N,PROPERTY DAMAGE ONLY,BURRARD ST,N,2022,MONDAY,REAR END,N,Y,49.268005,-123.14564,N,OCTOBER,N,VANCOUVER,VANCOUVER,VANCOUVER,N,N,N,LOWER MAINLAND,BURRARD ST & W 4TH AVE,W 4TH AVE,W 4TH AVE,15:00-17:59,1,0
N,PROPERTY DAMAGE ONLY,BURRIS ST,N,2022,MONDAY,REAR END,N,Y,49.235491,-122.954465,N,OCTOBER,N,BURNABY,BURNABY,BURNABY,N,N,N,LOWER MAINLAND,BURRIS ST & CANADA WAY,CANADA WAY,CANADA WAY,15:00-17:59,1,0
N,PROPERTY DAMAGE ONLY,CALDER AVE,N,2022,MONDAY,SIDE IMPACT,N,Y,49.341401,-123.078403,N,OCTOBER,N,NORTH VANCOUVER,NORTH VANCOUVER,NORTH VANCOUVER,Y,N,N,LOWER MAINLAND,CALDER AVE & EVERGREEN PL,EVERGREEN PL,EVERGREEN PL,15:00-17:59,1,0
N,PROPERTY DAMAGE ONLY,CAMBIE RD,N,2022,MONDAY,REAR END,N,Y,49.184649,-123.136506,N,OCTOBER,N,RICHMOND,RICHMOND,RICHMOND,N,N,N,LOWER MAINLAND,CAMBIE RD & NO 3 RD,NO 3 RD,NO 3 RD,15:00-17:59,1,0
N,PROPERTY DAMAGE ONLY,CAMBIE RD,N,2022,MONDAY,SIDE SWIPE - SAME DIRECTION,N,Y,49.184649,-123.136506,N,OCTOBER,N,RICHMOND,RICHMOND,RICHMOND,N,N,N,LOWER MAINLAND,CAMBIE RD & NO 3 RD,NO 3 RD,NO 3 RD,15:00-17:59,1,0
N,PROPERTY DAMAGE ONLY,CAMBIE RD,N,2022,MONDAY,UNDETERMINED,Y,Y,49.184649,-123.136506,N,OCTOBER,N,RICHMOND,RICHMOND,RICHMOND,N,N,N,LOWER MAINLAND,CAMBIE RD & NO 3 RD,NO 3 RD,NO 3 RD,15:00-17:59,1,0
N,PROPERTY DAMAGE ONLY,CEDAR HILL CROSS RD,N,2022,MONDAY,SINGLE VEHICLE,N,Y,48.461268,-123.332958,N,OCTOBER,N,SAANICH,SAANICH,SAANICH,N,Y,N,VANCOUVER ISLAND,CEDAR HILL CROSS RD & SHELBOURNE ST,SHELBOURNE ST,SHELBOURNE ST,15:00-17:59,1,0
N,PROPERTY DAMAGE ONLY,CHARLES RD,N,2022,MONDAY,SINGLE VEHICLE,N,Y,49.107909,-123.822938,N,OCTOBER,N,NANAIMO,NANAIMO,NANAIMO,N,N,N,VANCOUVER ISLAND,CHARLES RD & HOLDEN CORSO RD & LOFTHOUSE RD,HOLDEN CORSO RD,HOLDEN CORSO RD,15:00-17:59,1,0
N,PROPERTY DAMAGE ONLY,CLARENDON ST,N,2022,MONDAY,REAR END,N,Y,49.232812,-123.05548,N,OCTOBER,N,VANCOUVER,VANCOUVER,VANCOUVER,N,N,N,LOWER MAINLAND,CLARENDON ST & E 41ST AVE,E 41ST AVE,E 41ST AVE,15:00-17:59,1,0
N,PROPERTY DAMAGE ONLY,CLEARBROOK RD,N,2022,MONDAY,REAR END,N,Y,49.016497,-122.337519,N,OCTOBER,N,ABBOTSFORD,ABBOTSFORD,ABBOTSFORD,N,N,N,LOWER MAINLAND,CLEARBROOK RD & HUNTINGDON RD,HUNTINGDON RD,HUNTINGDON RD,15:00-17:59,1,0
N,PROPERTY DAMAGE ONLY,CLIFFE AVE,N,2022,MONDAY,UNDETERMINED,N,Y,49.691439,-124.997239,N,OCTOBER,N,COURTENAY,COURTENAY,COURTENAY,N,N,N,VANCOUVER ISLAND,5TH ST & CLIFFE AVE & TURNING LANE,5TH ST,5TH ST,15:00-17:59,1,0
N,PROPERTY DAMAGE ONLY,CLIFTON RD,N,2022,MONDAY,REAR END,Y,Y,49.891529,-119.466155,N,OCTOBER,N,KELOWNA,KELOWNA,KELOWNA,N,N,N,SOUTHERN INTERIOR,CLEMENT AVE & CLIFTON RD & TURNING LANE,CLEMENT AVE,CLEMENT AVE,15:00-17:59,1,0
N,PROPERTY DAMAGE ONLY,COAL HARBOUR RD,N,2022,MONDAY,SINGLE VEHICLE,N,Y,50.699295,-127.482808,N,OCTOBER,N,PORT HARDY,PORT HARDY,PORT HARDY,N,N,N,VANCOUVER ISLAND,COAL HARBOUR RD & HARDY BAY RD & ISLAND HWY & TURNING LANE,HWY 19,HWY 19,15:00-17:59,1,0
N,PROPERTY DAMAGE ONLY,COAST MERIDIAN RD,N,2022,MONDAY,SINGLE VEHICLE,N,Y,49.271193,-122.756124,N,OCTOBER,N,PORT COQUITLAM,PORT COQUITLAM,PORT COQUITLAM,N,Y,N,LOWER MAINLAND,COAST MERIDIAN RD & PRAIRIE AVE,PRAIRIE AVE,PRAIRIE AVE,15:00-17:59,1,0
N,PROPERTY DAMAGE ONLY,COAST MERIDIAN RD,N,2022,MONDAY,UNDETERMINED,N,Y,49.292956,-122.755892,N,OCTOBER,N,COQUITLAM,COQUITLAM,COQUITLAM,N,Y,N,LOWER MAINLAND,COAST MERIDIAN RD & DAVID AVE,DAVID AVE,DAVID AVE,15:00-17:59,1,0
N,PROPERTY DAMAGE ONLY,COLTSFOOT DR,N,2022,MONDAY,SIDE SWIPE - SAME DIRECTION,N,Y,49.16467,-123.171909,N,OCTOBER,N,RICHMOND,RICHMOND,RICHMOND,Y,Y,N,LOWER MAINLAND,COLTSFOOT DR & RIVERDALE DR,RIVERDALE DR,RIVERDALE DR,15:00-17:59,1,0
N,PROPERTY DAMAGE ONLY,COLVILLE ROAD,N,2022,MONDAY,SINGLE VEHICLE,N,N,\N,\N,N,OCTOBER,N,VICTORIA,VICTORIA,\N,N,N,N,VANCOUVER ISLAND,UNKNOWN,ADMIRALS ROAD,ADMIRALS ROAD,15:00-17:59,1,0
N,PROPERTY DAMAGE ONLY,COMOX LOGGING RD,N,2022,MONDAY,REAR END,N,Y,49.650588,-124.955232,N,OCTOBER,N,COURTENAY,COURTENAY,COURTENAY & ROYSTON,N,N,N,VANCOUVER ISLAND,BEACH TERR & COMOX LOGGING RD & ISLAND HWY S,HWY 19A,HWY 19A,15:00-17:59,1,0
N,PROPERTY DAMAGE ONLY,COOK ST,N,2022,MONDAY,REAR END,N,Y,48.443204,-123.348568,N,OCTOBER,N,VICTORIA,VICTORIA,VICTORIA,N,N,N,VANCOUVER ISLAND,COOK ST & KIWANIS WAY,KIWANIS WAY,KIWANIS WAY,15:00-17:59,1,0
N,PROPERTY DAMAGE ONLY,COOK ST,N,2022,MONDAY,SINGLE VEHICLE,N,Y,48.425065000000004,-123.353608,N,OCTOBER,N,VICTORIA,VICTORIA,VICTORIA,N,Y,N,VANCOUVER ISLAND,COOK ST & YATES ST,YATES ST,YATES ST,15:00-17:59,1,0
N,PROPERTY DAMAGE ONLY,COUNTESS ST,N,2022,MONDAY,REAR END,N,Y,49.048605,-122.340236,N,OCTOBER,N,ABBOTSFORD,ABBOTSFORD,ABBOTSFORD,N,N,N,LOWER MAINLAND,COUNTESS ST & SOUTH FRASER WAY,SOUTH FRASER WAY,SOUTH FRASER WAY,15:00-17:59,1,0
N,PROPERTY DAMAGE ONLY,CRAIGFLOWER RD,N,2022,MONDAY,REAR END,N,Y,48.437133,-123.388633,N,OCTOBER,N,VICTORIA,VICTORIA,VICTORIA,N,N,N,VANCOUVER ISLAND,CRAIGFLOWER RD & PINE ST,PINE ST,PINE ST,15:00-17:59,1,0
N,PROPERTY DAMAGE ONLY,CRESCENT RD,N,2022,MONDAY,SINGLE VEHICLE,N,Y,49.056983,-122.856513,N,OCTOBER,N,SURREY,SURREY,SURREY,N,N,N,LOWER MAINLAND,132 ST & CRESCENT RD,132 ST,132 ST,15:00-17:59,1,0
N,PROPERTY DAMAGE ONLY,CROYDON DR,N,2022,MONDAY,SIDE IMPACT,N,Y,49.045565,-122.782808,N,OCTOBER,N,SURREY,SURREY,SURREY,N,N,N,LOWER MAINLAND,24 AVE & CROYDON DR,24 AVE,24 AVE,15:00-17:59,1,0
N,PROPERTY DAMAGE ONLY,CYPRESS ST,N,2022,MONDAY,CONFLICTED,N,Y,49.257221,-123.148371,N,OCTOBER,N,VANCOUVER,VANCOUVER,VANCOUVER,N,N,N,LOWER MAINLAND,CYPRESS ST & W 16TH AVE,W 16TH AVE,W 16TH AVE,15:00-17:59,1,0
N,PROPERTY DAMAGE ONLY,DALLAS RD,N,2022,MONDAY,SIDE IMPACT,N,Y,48.408281,-123.345744,N,OCTOBER,N,VICTORIA,VICTORIA,VICTORIA,Y,N,N,VANCOUVER ISLAND,DALLAS RD & EBERTS ST,EBERTS ST,EBERTS ST,15:00-17:59,1,0
N,PROPERTY DAMAGE ONLY,DAVID AVE,N,2022,MONDAY,SIDE SWIPE - SAME DIRECTION,N,Y,49.295482,-122.801859,N,OCTOBER,N,COQUITLAM,COQUITLAM,COQUITLAM,N,N,N,LOWER MAINLAND,DAVID AVE & JOHNSON ST & TURNING LANE,JOHNSON ST,JOHNSON ST,15:00-17:59,1,0
N,PROPERTY DAMAGE ONLY,DAVID AVE,N,2022,MONDAY,UNDETERMINED,N,Y,49.295614,-122.736573,N,OCTOBER,N,COQUITLAM,COQUITLAM,COQUITLAM,Y,N,N,LOWER MAINLAND,DAVID AVE & MITCHELL ST,MITCHELL ST,MITCHELL ST,15:00-17:59,1,0
N,PROPERTY DAMAGE ONLY,DAWSON AVE,N,2022,MONDAY,REAR END,N,Y,49.474896,-119.573749,N,OCTOBER,N,PENTICTON,PENTICTON,PENTICTON,N,N,N,SOUTHERN INTERIOR,DAWSON AVE & GOVERNMENT ST,GOVERNMENT ST,GOVERNMENT ST,15:00-17:59,1,0
N,PROPERTY DAMAGE ONLY,DEWDNEY TRUNK RD,N,2022,MONDAY,SIDE IMPACT,N,Y,49.276568,-122.828962,N,OCTOBER,N,PORT MOODY,PORT MOODY,PORT MOODY,Y,N,N,LOWER MAINLAND,DEWDNEY TRUNK RD & ST JOHNS ST & TURNING LANE,ST JOHNS ST,ST JOHNS ST,15:00-17:59,1,0
N,PROPERTY DAMAGE ONLY,DREAMCATCHER PL,Y,2022,MONDAY,SINGLE VEHICLE,N,N,\N,\N,N,OCTOBER,N,VICTORIA,VICTORIA,\N,N,N,N,VANCOUVER ISLAND,UNKNOWN,MERIDIAN AVE,MERIDIAN AVE,15:00-17:59,1,0
N,PROPERTY DAMAGE ONLY,DUFFERIN ST,N,2022,MONDAY,REAR END,N,Y,49.210673,-122.90152,N,OCTOBER,N,NEW WESTMINSTER,NEW WESTMINSTER,NEW WESTMINSTER,N,N,N,LOWER MAINLAND,DUFFERIN ST & GRANVILLE ST & ROYAL AVE,ROYAL AVE,ROYAL AVE,15:00-17:59,2,0
N,PROPERTY DAMAGE ONLY,E 10TH AVE,N,2022,MONDAY,SIDE SWIPE - SAME DIRECTION,N,Y,49.26201,-123.100996,N,OCTOBER,N,VANCOUVER,VANCOUVER,VANCOUVER,N,N,N,LOWER MAINLAND,E 10TH AVE & MAIN ST,MAIN ST,MAIN ST,15:00-17:59,1,0
N,PROPERTY DAMAGE ONLY,E 14TH ST,N,2022,MONDAY,REAR END,N,Y,49.320924,-123.066151,N,OCTOBER,N,NORTH VANCOUVER,NORTH VANCOUVER,NORTH VANCOUVER,Y,N,N,LOWER MAINLAND,E 14TH ST & ST ANDREWS AVE & ACCESS ROAD,ST ANDREWS AVE,ST ANDREWS AVE,15:00-17:59,1,0
N,PROPERTY DAMAGE ONLY,E 16TH AVE,N,2022,MONDAY,REAR END,N,Y,49.256565,-123.089884,N,OCTOBER,N,VANCOUVER,VANCOUVER,VANCOUVER,N,N,N,LOWER MAINLAND,E 16TH AVE & FRASER ST & KINGSWAY & TURNING LANE,FRASER ST,FRASER ST,15:00-17:59,1,0
N,PROPERTY DAMAGE ONLY,E 1ST AVE,N,2022,MONDAY,SIDE SWIPE - SAME DIRECTION,N,Y,49.270128,-123.100736,N,OCTOBER,N,VANCOUVER,VANCOUVER,VANCOUVER,N,N,N,LOWER MAINLAND,E 1ST AVE & MAIN ST,MAIN ST,MAIN ST,15:00-17:59,1,0
N,PROPERTY DAMAGE ONLY,E 27TH AVE,N,2022,MONDAY,CONFLICTED,N,Y,49.246618,-123.090194,N,OCTOBER,N,VANCOUVER,VANCOUVER,VANCOUVER,N,N,N,LOWER MAINLAND,E 27TH AVE & FRASER ST,FRASER ST,FRASER ST,15:00-17:59,1,0
N,PROPERTY DAMAGE ONLY,E 33RD AVE,N,2022,MONDAY,CONFLICTED,N,Y,49.240059,-123.065367,N,OCTOBER,N,VANCOUVER,VANCOUVER,VANCOUVER,N,N,N,LOWER MAINLAND,E 33RD AVE & VICTORIA DR,VICTORIA DR,VICTORIA DR,15:00-17:59,1,0
N,PROPERTY DAMAGE ONLY,E 41ST AVE,N,2022,MONDAY,SIDE SWIPE - SAME DIRECTION,N,Y,49.232989,-123.097205,N,OCTOBER,N,VANCOUVER,VANCOUVER,VANCOUVER,Y,N,N,LOWER MAINLAND,E 41ST AVE & PRINCE EDWARD ST,PRINCE EDWARD ST,PRINCE EDWARD ST,15:00-17:59,1,0
N,PROPERTY DAMAGE ONLY,E 43RD AVE,N,2022,MONDAY,SIDE IMPACT,N,Y,49.231054,-123.094626,N,OCTOBER,N,VANCOUVER,VANCOUVER,VANCOUVER,N,N,N,LOWER MAINLAND,E 43RD AVE & ST GEORGE ST,ST GEORGE ST,ST GEORGE ST,15:00-17:59,1,0
N,PROPERTY DAMAGE ONLY,E 47TH AVE,N,2022,MONDAY,SIDE IMPACT,Y,Y,49.226399,-123.030594,N,OCTOBER,N,VANCOUVER,VANCOUVER,VANCOUVER,Y,Y,N,LOWER MAINLAND,BATTISON ST & E 47TH AVE,BATTISON ST,BATTISON ST,15:00-17:59,1,0
N,PROPERTY DAMAGE ONLY,E 54TH AVE,N,2022,MONDAY,REAR END,N,Y,49.220178,-123.06587,N,OCTOBER,N,VANCOUVER,VANCOUVER,VANCOUVER,N,N,N,LOWER MAINLAND,ARGYLE DR & E 54TH AVE & VICTORIA DR & TURNING LANE,VICTORIA DR,VICTORIA DR,15:00-17:59,1,0
N,PROPERTY DAMAGE ONLY,E 5TH AVE,N,2022,MONDAY,UNDETERMINED,N,Y,49.266463,-123.102822,N,OCTOBER,N,VANCOUVER,VANCOUVER,VANCOUVER,Y,N,N,LOWER MAINLAND,E 5TH AVE & QUEBEC ST,QUEBEC ST,QUEBEC ST,15:00-17:59,1,0
N,PROPERTY DAMAGE ONLY,E 63RD AVE,N,2022,MONDAY,SIDE SWIPE - SAME DIRECTION,N,Y,49.21288,-123.077113,N,OCTOBER,N,VANCOUVER,VANCOUVER,VANCOUVER,N,N,N,LOWER MAINLAND,E 63RD AVE & KNIGHT ST,KNIGHT ST,KNIGHT ST,15:00-17:59,1,0
N,PROPERTY DAMAGE ONLY,E 8TH AVE,N,2022,MONDAY,UNDETERMINED,N,N,\N,\N,N,OCTOBER,N,NEW WESTMINSTER,NEW WESTMINSTER,\N,Y,N,N,LOWER MAINLAND,UNKNOWN,RICHMOND ST,RICHMOND ST,15:00-17:59,1,0
N,PROPERTY DAMAGE ONLY,E BROADWAY,N,2022,MONDAY,SIDE SWIPE - SAME DIRECTION,N,Y,49.261898,-123.033733,N,OCTOBER,N,VANCOUVER,VANCOUVER,VANCOUVER,N,N,N,LOWER MAINLAND,E BROADWAY & RUPERT ST,RUPERT ST,RUPERT ST,15:00-17:59,1,0
N,PROPERTY DAMAGE ONLY,E COLUMBIA,N,2022,MONDAY,UNDETERMINED,N,N,\N,\N,N,OCTOBER,N,NEW WESTMINSTER,NEW WESTMINSTER,\N,N,N,N,LOWER MAINLAND,UNKNOWN,EIGHTH AVE,EIGHTH AVE,15:00-17:59,1,0
N,PROPERTY DAMAGE ONLY,E HASTINGS ST,N,2022,MONDAY,SIDE SWIPE - SAME DIRECTION,N,Y,49.281139,-123.023506,N,OCTOBER,N,BURNABY,BURNABY,BURNABY & VANCOUVER,N,N,N,LOWER MAINLAND,BOUNDARY RD & E HASTINGS ST & HASTINGS ST,BOUNDARY RD,BOUNDARY RD,15:00-17:59,1,0
N,PROPERTY DAMAGE ONLY,E KEITH RD,N,2022,MONDAY,REAR END,N,Y,49.313499,-123.05712,N,OCTOBER,N,NORTH VANCOUVER,NORTH VANCOUVER,NORTH VANCOUVER,N,N,N,LOWER MAINLAND,E KEITH RD & QUEENSBURY AVE,QUEENSBURY AVE,QUEENSBURY AVE,15:00-17:59,1,0
N,PROPERTY DAMAGE ONLY,EAST BOULEVARD,N,2022,MONDAY,SIDE SWIPE - SAME DIRECTION,Y,Y,49.234575,-123.155268,N,OCTOBER,N,VANCOUVER,VANCOUVER,VANCOUVER,N,N,N,LOWER MAINLAND,ARBUTUS GREENWAY & EAST BOULEVARD & W 41ST AVE & WEST BOULEVARD,W 41ST AVE,W 41ST AVE,15:00-17:59,1,0
N,PROPERTY DAMAGE ONLY,ELLIOTT ST,N,2022,MONDAY,SIDE SWIPE - SAME DIRECTION,N,Y,49.224804,-123.054726,N,OCTOBER,N,VANCOUVER,VANCOUVER,VANCOUVER,N,N,N,LOWER MAINLAND,E 49TH AVE & ELLIOTT ST,E 49TH AVE,E 49TH AVE,15:00-17:59,1,0
N,PROPERTY DAMAGE ONLY,ELWELL ST,N,2022,MONDAY,SIDE SWIPE - SAME DIRECTION,N,Y,49.221298,-122.953883,N,OCTOBER,N,BURNABY,BURNABY,BURNABY,N,N,N,LOWER MAINLAND,ELWELL ST & WALKER AVE,WALKER AVE,WALKER AVE,15:00-17:59,1,0
N,PROPERTY DAMAGE ONLY,FAIRFIELD RD,N,2022,MONDAY,REAR END,N,Y,48.419953,-123.360394,N,OCTOBER,N,VICTORIA,VICTORIA,VICTORIA,N,N,N,VANCOUVER ISLAND,FAIRFIELD RD & QUADRA ST & TURNING LANE,QUADRA ST,QUADRA ST,15:00-17:59,1,0
N,PROPERTY DAMAGE ONLY,FALLS LAKE RD,N,2022,MONDAY,SIDE SWIPE - SAME DIRECTION,N,Y,49.61078,-121.052025,N,OCTOBER,N,COQUIHALLA,COQUIHALLA,COQUIHALLA,N,N,N,SOUTHERN INTERIOR,FALLS LAKE RD & FALLS LAKE RD OFFRAMP & FALLS LAKE RD ONRAMP & HWY 5 & PARK ACCESS & PULLOUT,HWY 5,HWY 5,15:00-17:59,1,0
N,PROPERTY DAMAGE ONLY,FINLAYSON ST,N,2022,MONDAY,REAR END,N,Y,48.445033,-123.370717,N,OCTOBER,N,VICTORIA,VICTORIA,VICTORIA,N,N,N,VANCOUVER ISLAND,DOUGLAS ST & FINLAYSON ST,DOUGLAS ST,DOUGLAS ST,15:00-17:59,1,0
N,PROPERTY DAMAGE ONLY,FINNERTY RD,N,2022,MONDAY,SIDE IMPACT,N,Y,48.467008,-123.307635,N,OCTOBER,N,SAANICH,SAANICH,SAANICH,Y,Y,N,VANCOUVER ISLAND,FINNERTY RD & MCKENZIE AVE & SINCLAIR RD,SINCLAIR RD,SINCLAIR RD,15:00-17:59,1,0
N,PROPERTY DAMAGE ONLY,FITZGERALD AVE,N,2022,MONDAY,OVERTAKING,N,Y,49.688158,-125.00004,N,OCTOBER,N,COURTENAY,COURTENAY,COURTENAY,N,N,N,VANCOUVER ISLAND,8TH ST & CUMBERLAND RD & FITZGERALD AVE & TURNING LANE,CUMBERLAND RD,CUMBERLAND RD,15:00-17:59,1,0
N,PROPERTY DAMAGE ONLY,FOOTHILLS BLVD,N,2022,MONDAY,SIDE IMPACT,N,N,\N,\N,N,OCTOBER,N,PRINCE GEORGE,PRINCE GEORGE,\N,N,N,N,NORTH CENTRAL,UNKNOWN,CHIEF LAKE RD,CHIEF LAKE RD,15:00-17:59,1,0
N,PROPERTY DAMAGE ONLY,FORESTBROOK DR,N,2022,MONDAY,REAR END,N,Y,49.491674,-119.58026,N,OCTOBER,N,PENTICTON,PENTICTON,PENTICTON,N,N,N,SOUTHERN INTERIOR,FORESTBROOK DR & GOVERNMENT ST,GOVERNMENT ST,GOVERNMENT ST,15:00-17:59,1,0
N,PROPERTY DAMAGE ONLY,FOUL BAY RD,N,2022,MONDAY,SIDE SWIPE - SAME DIRECTION,N,Y,48.446103,-123.321793,N,OCTOBER,N,OAK BAY,OAK BAY,OAK BAY & SAANICH,N,N,N,VANCOUVER ISLAND,FOUL BAY RD & LANSDOWNE RD,LANSDOWNE RD,LANSDOWNE RD,15:00-17:59,1,0
N,PROPERTY DAMAGE ONLY,FRASER HWY,N,2022,MONDAY,CONFLICTED,N,Y,49.128669,-122.712559,N,OCTOBER,N,SURREY,SURREY,SURREY,N,N,N,LOWER MAINLAND,184 ST & FRASER HWY & TURNING LANE,184 ST,184 ST,15:00-17:59,1,0
N,PROPERTY DAMAGE ONLY,FRASER HWY,N,2022,MONDAY,REAR END,Y,Y,49.111887,-122.675391,N,OCTOBER,N,LANGLEY,LANGLEY,LANGLEY,N,N,N,LOWER MAINLAND,FRASER HWY & LANGLEY BYPASS & TURNING LANE,HWY 10,HWY 10,15:00-17:59,1,0
N,PROPERTY DAMAGE ONLY,GAGLARDI WAY OFFRAMP,N,2022,MONDAY,REAR END,N,Y,49.242746,-122.914684,N,OCTOBER,N,BURNABY,BURNABY,BURNABY,N,N,N,LOWER MAINLAND,GAGLARDI WAY & GAGLARDI WAY OFFRAMP & GAGLARDI WAY ONRAMP & TRANS-CANADA HWY,HWY 1,HWY 1,15:00-17:59,1,0
N,PROPERTY DAMAGE ONLY,GARDEN DR,N,2022,MONDAY,SIDE IMPACT,N,Y,49.269496,-123.058015,N,OCTOBER,N,VANCOUVER,VANCOUVER,VANCOUVER,N,N,N,LOWER MAINLAND,E 1ST AVE & GARDEN DR,E 1ST AVE,E 1ST AVE,15:00-17:59,1,0
N,PROPERTY DAMAGE ONLY,GLADWIN RD,N,2022,MONDAY,REAR END,N,Y,49.103838,-122.316353,N,OCTOBER,N,ABBOTSFORD,ABBOTSFORD,ABBOTSFORD,N,N,N,LOWER MAINLAND,GLADWIN RD & HARRIS RD,HARRIS RD,HARRIS RD,15:00-17:59,1,0
N,PROPERTY DAMAGE ONLY,GLEN DR,N,2022,MONDAY,REAR END,N,Y,49.252948,-123.081798,N,OCTOBER,N,VANCOUVER,VANCOUVER,VANCOUVER,N,N,N,LOWER MAINLAND,GLEN DR & KINGSWAY,KINGSWAY,KINGSWAY,15:00-17:59,1,0
N,PROPERTY DAMAGE ONLY,GOLDEN DR,N,2022,MONDAY,SIDE SWIPE - SAME DIRECTION,N,Y,49.233331,-122.819014,N,OCTOBER,N,COQUITLAM,COQUITLAM,COQUITLAM,N,N,N,LOWER MAINLAND,GOLDEN DR & UNITED BLVD & TURNING LANE,UNITED BLVD,UNITED BLVD,15:00-17:59,1,0
N,PROPERTY DAMAGE ONLY,GOLDEN EARS CONNECTR,N,2022,MONDAY,SIDE IMPACT,N,Y,49.179114,-122.713287,N,OCTOBER,N,SURREY,SURREY,SURREY,N,N,N,LOWER MAINLAND,96 AVE CONN & GOLDEN EARS CONN & GOLDEN EARS WAY & TURNING LANE,GOLDEN EARS WAY,GOLDEN EARS WAY,15:00-17:59,1,0
N,PROPERTY DAMAGE ONLY,GRAND BLVD E,N,2022,MONDAY,SIDE IMPACT,N,Y,49.323986,-123.056279,N,OCTOBER,N,NORTH VANCOUVER,NORTH VANCOUVER,NORTH VANCOUVER,N,N,N,LOWER MAINLAND,E 17TH ST & GRAND BLVD E,E 17TH ST,E 17TH ST,15:00-17:59,1,0
N,PROPERTY DAMAGE ONLY,GRANVILLE BRIDGE,N,2022,MONDAY,SIDE SWIPE - SAME DIRECTION,N,Y,49.275046,-123.129407,N,OCTOBER,N,VANCOUVER,VANCOUVER,VANCOUVER,N,N,N,LOWER MAINLAND,GRANVILLE BRIDGE & GRANVILLE ST & HOWE ST ONRAMP & PACIFIC ST & SEYMOUR ST OFFRAMP,GRANVILLE ST BRIDGE,GRANVILLE ST BRIDGE,15:00-17:59,1,0
N,PROPERTY DAMAGE ONLY,GRANVILLE ST,N,2022,MONDAY,SIDE IMPACT,N,Y,49.280325,-123.121393,N,OCTOBER,N,VANCOUVER,VANCOUVER,VANCOUVER,N,N,N,LOWER MAINLAND,GRANVILLE ST & SMITHE ST,SMITHE ST,SMITHE ST,15:00-17:59,1,0
N,PROPERTY DAMAGE ONLY,GRANVILLE ST,N,2022,MONDAY,SIDE IMPACT,N,Y,49.281368,-123.119815,N,OCTOBER,N,VANCOUVER,VANCOUVER,VANCOUVER,Y,Y,N,LOWER MAINLAND,GRANVILLE ST & ROBSON ST,ROBSON ST,ROBSON ST,15:00-17:59,1,0
N,PROPERTY DAMAGE ONLY,GRANVILLE ST,N,2022,MONDAY,SIDE SWIPE - SAME DIRECTION,N,Y,49.226966,-123.13981,N,OCTOBER,N,VANCOUVER,VANCOUVER,VANCOUVER,N,N,N,LOWER MAINLAND,GRANVILLE ST & W 49TH AVE,W 49TH AVE,W 49TH AVE,15:00-17:59,1,0
N,PROPERTY DAMAGE ONLY,GRAY AVE,N,2022,MONDAY,SIDE IMPACT,N,Y,49.25256,-123.233783,N,OCTOBER,N,UBC,UBC,UBC,N,N,N,LOWER MAINLAND,GRAY AVE & WESBROOK MALL,WESBROOK MALL,WESBROOK MALL,15:00-17:59,1,0
N,PROPERTY DAMAGE ONLY,HALSTON AVE,N,2022,MONDAY,UNDETERMINED,N,Y,50.708756,-120.372512,N,OCTOBER,N,KAMLOOPS,KAMLOOPS,KAMLOOPS,N,N,N,SOUTHERN INTERIOR,12TH ST & HALSTON AVE,12TH ST,12TH ST,15:00-17:59,1,0
N,PROPERTY DAMAGE ONLY,HARWELL RD,N,2022,MONDAY,REAR END,N,Y,49.16931,-123.988431,N,OCTOBER,N,NANAIMO,NANAIMO,NANAIMO,N,N,N,VANCOUVER ISLAND,HARWELL RD & JINGLE POT RD,JINGLE POT RD,JINGLE POT RD,15:00-17:59,1,0
N,PROPERTY DAMAGE ONLY,HAZELBRIDGE WAY,N,2022,MONDAY,SIDE SWIPE - SAME DIRECTION,N,Y,49.179734,-123.133865,N,OCTOBER,N,RICHMOND,RICHMOND,RICHMOND,N,N,N,LOWER MAINLAND,HAZELBRIDGE WAY & LESLIE RD,LESLIE RD,LESLIE RD,15:00-17:59,1,0
N,PROPERTY DAMAGE ONLY,HAZELBRIDGE WAY,N,2022,MONDAY,UNDETERMINED,N,Y,49.182934,-123.133455,N,OCTOBER,N,RICHMOND,RICHMOND,RICHMOND,Y,Y,N,LOWER MAINLAND,BROWNGATE RD & HAZELBRIDGE WAY,BROWNGATE RD,BROWNGATE RD,15:00-17:59,1,0
N,PROPERTY DAMAGE ONLY,HEBERT RD,N,2022,MONDAY,SIDE IMPACT,N,Y,49.829555,-119.633965,N,OCTOBER,N,WEST KELOWNA,WEST KELOWNA,WEST KELOWNA,N,N,N,SOUTHERN INTERIOR,HEBERT RD & MAIN ST & PAYNTER RD,HWY 97,HWY 97,15:00-17:59,1,0
N,PROPERTY DAMAGE ONLY,HELEN ST,N,2022,MONDAY,REAR END,N,Y,49.25998,-124.807021,N,OCTOBER,N,PORT ALBERNI,PORT ALBERNI,PORT ALBERNI,N,N,N,VANCOUVER ISLAND,HELEN ST & JOHNSTON RD,JOHNSTON RD,JOHNSTON RD,15:00-17:59,1,0
N,PROPERTY DAMAGE ONLY,HEMLOCK ST,N,2022,MONDAY,SINGLE VEHICLE,N,N,\N,\N,N,OCTOBER,N,VANCOUVER,VANCOUVER,\N,Y,N,N,LOWER MAINLAND,UNKNOWN,BIRCH ST,BIRCH ST,15:00-17:59,1,0
N,PROPERTY DAMAGE ONLY,HEMLOCK ST,N,2022,MONDAY,SINGLE VEHICLE,N,Y,49.264464,-123.136081,N,OCTOBER,N,VANCOUVER,VANCOUVER,VANCOUVER,N,N,N,LOWER MAINLAND,HEMLOCK ST & W 8TH AVE,W 8TH AVE,W 8TH AVE,15:00-17:59,1,0
N,PROPERTY DAMAGE ONLY,HENDERSON RD,N,2022,MONDAY,UNDETERMINED,N,Y,48.458041,-123.315789,N,OCTOBER,N,OAK BAY,OAK BAY,OAK BAY,Y,N,N,VANCOUVER ISLAND,FREDERICK NORRIS RD & HENDERSON RD,FREDERICK NORRIS RD,FREDERICK NORRIS RD,15:00-17:59,1,0
N,PROPERTY DAMAGE ONLY,HOLLYWOOD RD S,N,2022,MONDAY,SIDE IMPACT,N,Y,49.889022,-119.399578,N,OCTOBER,N,KELOWNA,KELOWNA,KELOWNA,N,N,N,SOUTHERN INTERIOR,HOLLYWOOD RD N & HOLLYWOOD RD S & HWY 33 W,HWY 33,HWY 33,15:00-17:59,1,0
N,PROPERTY DAMAGE ONLY,HORNE LAKE RD,N,2022,MONDAY,CONFLICTED,N,Y,49.371149,-124.616513,N,OCTOBER,N,QUALICUM BEACH,QUALICUM BEACH,QUALICUM BEACH,N,N,N,VANCOUVER ISLAND,HORNE LAKE RD & HORNE LAKE RD OFFRAMP & HORNE LAKE RD ONRAMP & INLAND ISLAND HWY,INLAND ISLAND HWY,INLAND ISLAND HWY,15:00-17:59,1,0
N,PROPERTY DAMAGE ONLY,HURD ST,N,2022,MONDAY,SIDE SWIPE - SAME DIRECTION,N,Y,49.132955,-122.329181,N,OCTOBER,N,MISSION,MISSION,MISSION,N,N,N,LOWER MAINLAND,HURD ST & LOUGHEED HWY & RAI AVE,LOUGHEED HWY,LOUGHEED HWY,15:00-17:59,1,0
N,PROPERTY DAMAGE ONLY,HWY 10,N,2022,MONDAY,CONFLICTED,N,Y,49.104465,-122.80617,N,OCTOBER,N,SURREY,SURREY,SURREY,N,N,N,LOWER MAINLAND,56 AVE & PANORAMA DR & TURNING LANE,PANORAMA DR,PANORAMA DR,15:00-17:59,1,0
N,PROPERTY DAMAGE ONLY,HWY 10,N,2022,MONDAY,SIDE IMPACT,N,Y,49.113414,-122.668651,N,OCTOBER,N,LANGLEY,LANGLEY,LANGLEY,N,N,N,LOWER MAINLAND,200 ST & LANGLEY BYPASS & TURNING LANE,200 ST,200 ST,15:00-17:59,1,0
N,PROPERTY DAMAGE ONLY,HWY 19,N,2022,MONDAY,REAR END,N,Y,49.16875,-123.982077,N,OCTOBER,N,NANAIMO,NANAIMO,NANAIMO,N,N,N,VANCOUVER ISLAND,JINGLE POT RD & JINGLE POT RD OFFRAMP & JINGLE POT RD ONRAMP & NANAIMO PKY & PARKWAY TRAIL,JINGLE POT RD,JINGLE POT RD,15:00-17:59,1,0
N,PROPERTY DAMAGE ONLY,HWY 29,N,2022,MONDAY,SINGLE VEHICLE,N,Y,55.837538,-121.67237,N,OCTOBER,N,MOBERLY LAKE,MOBERLY LAKE,MOBERLY LAKE,N,N,N,NORTH CENTRAL,BOUCHER LAKE RD & HWY 29,BOUCHER LAKE RD,BOUCHER LAKE RD,15:00-17:59,1,0
N,PROPERTY DAMAGE ONLY,HWY 33,N,2022,MONDAY,REAR END,N,Y,49.889036,-119.417573,N,OCTOBER,N,KELOWNA,KELOWNA,KELOWNA,N,N,N,SOUTHERN INTERIOR,HWY 33 W & MAYDEN RD & MILLS RD & ZIPRICK RD & TURNING LANE,ZIPRICK RD,ZIPRICK RD,15:00-17:59,1,0
N,PROPERTY DAMAGE ONLY,HWY 5A OFFRAMP,N,2022,MONDAY,REAR END,N,Y,50.653783,-120.36868,N,OCTOBER,N,KAMLOOPS,KAMLOOPS,KAMLOOPS,N,N,N,SOUTHERN INTERIOR,HILLSIDE WAY & HILLSIDE WAY OFFRAMP & HILLSIDE WAY ONRAMP & HWY 5A & HWY 5A OFFRAMP & HWY 5A ONRAMP & PACIFIC WAY OFFRAMP & TRANS-CANADA HWY W & TURNING LANE,PRINCETON-KAMLOOPS HWY 5A,PRINCETON-KAMLOOPS HWY 5A,15:00-17:59,1,0
N,PROPERTY DAMAGE ONLY,HWY 9,N,2022,MONDAY,UNDETERMINED,N,Y,49.238948,-121.765842,N,OCTOBER,N,AGASSIZ,AGASSIZ,AGASSIZ,N,N,N,LOWER MAINLAND,EVERGREEN DR & PIONEER AVE,PIONEER AVE,PIONEER AVE,15:00-17:59,1,0
N,PROPERTY DAMAGE ONLY,HWY 93,N,2022,MONDAY,UNDETERMINED,Y,Y,49.37641,-115.298448,N,OCTOBER,N,JAFFRAY,JAFFRAY,JAFFRAY,Y,Y,N,SOUTHERN INTERIOR,HWY 3 AND 93 & TIE LAKE RD,TIE LAKE RD,TIE LAKE RD,15:00-17:59,1,0
N,PROPERTY DAMAGE ONLY,HWY 97B,N,2022,MONDAY,SIDE IMPACT,N,Y,50.710194,-119.229709,N,OCTOBER,N,SALMON ARM,SALMON ARM,SALMON ARM,N,N,N,SOUTHERN INTERIOR,HWY 97B NE & TRANS-CANADA HWY NE & TURNING LANE,HWY 1,HWY 1,15:00-17:59,1,0
N,PROPERTY DAMAGE ONLY,IMMEL ST,N,2022,MONDAY,UNDETERMINED,N,Y,49.056443,-122.271784,N,OCTOBER,N,ABBOTSFORD,ABBOTSFORD,ABBOTSFORD,Y,Y,N,LOWER MAINLAND,IMMEL ST & OLD CLAYBURN RD,OLD CLAYBURN RD,OLD CLAYBURN RD,15:00-17:59,1,0
N,PROPERTY DAMAGE ONLY,IMPERIAL ST,N,2022,MONDAY,REAR END,N,Y,49.223988,-122.957144,N,OCTOBER,N,BURNABY,BURNABY,BURNABY,N,N,N,LOWER MAINLAND,IMPERIAL ST & WALKER AVE,WALKER AVE,WALKER AVE,15:00-17:59,1,0
N,PROPERTY DAMAGE ONLY,JERVIS ST,N,2022,MONDAY,SINGLE VEHICLE,N,Y,49.287001,-123.128536,N,OCTOBER,N,VANCOUVER,VANCOUVER,VANCOUVER,N,Y,N,LOWER MAINLAND,JERVIS ST & ROBSON ST,ROBSON ST,ROBSON ST,15:00-17:59,1,0
N,PROPERTY DAMAGE ONLY,JOYCE AVE,N,2022,MONDAY,REAR END,N,Y,49.039842,-122.337231,N,OCTOBER,N,ABBOTSFORD,ABBOTSFORD,ABBOTSFORD,N,Y,N,LOWER MAINLAND,CLEARBROOK RD & JOYCE AVE & TURNING LANE,CLEARBROOK RD,CLEARBROOK RD,15:00-17:59,1,0
N,PROPERTY DAMAGE ONLY,KALAMALKA LAKEVIEW ROAD,N,2022,MONDAY,REAR END,N,N,\N,\N,N,OCTOBER,N,VERNON,VERNON,\N,N,N,N,SOUTHERN INTERIOR,UNKNOWN,HWY 97,HWY 97,15:00-17:59,1,0
N,PROPERTY DAMAGE ONLY,KILLARNEY ST,N,2022,MONDAY,SIDE SWIPE - SAME DIRECTION,N,Y,49.232959,-123.045933,N,OCTOBER,N,VANCOUVER,VANCOUVER,VANCOUVER,N,N,N,LOWER MAINLAND,E 41ST AVE & KILLARNEY ST,E 41ST AVE,E 41ST AVE,15:00-17:59,1,0
N,PROPERTY DAMAGE ONLY,KING GEORGE BLVD,N,2022,MONDAY,CONFLICTED,N,Y,49.191598,-122.845362,N,OCTOBER,N,SURREY,SURREY,SURREY,N,N,N,LOWER MAINLAND,104 AVE & KING GEORGE BLVD,104 AVE,104 AVE,15:00-17:59,1,0
N,PROPERTY DAMAGE ONLY,KING GEORGE BLVD,N,2022,MONDAY,SIDE IMPACT,N,Y,49.177035,-122.845713,N,OCTOBER,N,SURREY,SURREY,SURREY,Y,Y,N,LOWER MAINLAND,96 AVE & KING GEORGE BLVD & TURNING LANE,96 AVE,96 AVE,15:00-17:59,1,0
N,PROPERTY DAMAGE ONLY,KING GEORGE BLVD,N,2022,MONDAY,UNDETERMINED,N,Y,49.146263,-122.84568,N,OCTOBER,N,SURREY,SURREY,SURREY,N,N,N,LOWER MAINLAND,79 AVE & KING GEORGE BLVD,79 AVE,79 AVE,15:00-17:59,1,0
N,PROPERTY DAMAGE ONLY,KINGSWAY,N,2022,MONDAY,CONFLICTED,N,Y,49.250151,-123.07606,N,OCTOBER,N,VANCOUVER,VANCOUVER,VANCOUVER,N,N,N,LOWER MAINLAND,KINGSWAY & KNIGHT ST,KNIGHT ST,KNIGHT ST,15:00-17:59,1,0
N,PROPERTY DAMAGE ONLY,KINGSWAY AVE,N,2022,MONDAY,UNDETERMINED,N,Y,49.265127,-122.79073,N,OCTOBER,N,COQUITLAM,COQUITLAM,COQUITLAM & PORT COQUITLAM,Y,Y,N,LOWER MAINLAND,KINGSWAY AVE & WESTWOOD ST & TURNING LANE,WESTWOOD ST,WESTWOOD ST,15:00-17:59,1,0
N,PROPERTY DAMAGE ONLY,KNIGHT AVE,N,2022,MONDAY,SIDE SWIPE - SAME DIRECTION,N,N,\N,\N,N,OCTOBER,N,VANCOUVER,VANCOUVER,\N,N,N,N,LOWER MAINLAND,UNKNOWN,41ST ST,41ST ST,15:00-17:59,1,0
N,PROPERTY DAMAGE ONLY,KNIGHT ST,N,2022,MONDAY,SINGLE VEHICLE,N,Y,49.22528,-123.077324,N,OCTOBER,N,VANCOUVER,VANCOUVER,VANCOUVER,N,N,N,LOWER MAINLAND,E 49TH AVE & KNIGHT ST,E 49TH AVE,E 49TH AVE,15:00-17:59,1,0
N,PROPERTY DAMAGE ONLY,LAHAKAS,N,2022,MONDAY,SIDE SWIPE - SAME DIRECTION,N,N,\N,\N,N,OCTOBER,N,KITIMAT,KITIMAT,\N,N,N,N,NORTH CENTRAL,UNKNOWN,HAISLA BLVD,HAISLA BLVD,15:00-17:59,1,0
N,PROPERTY DAMAGE ONLY,LAITY ST,Y,2022,MONDAY,SINGLE VEHICLE,N,Y,49.217099,-122.631897,N,OCTOBER,N,MAPLE RIDGE,MAPLE RIDGE,MAPLE RIDGE,N,Y,N,LOWER MAINLAND,LAITY ST & LOUGHEED HWY,LOUGHEED HWY,LOUGHEED HWY,15:00-17:59,1,0
N,PROPERTY DAMAGE ONLY,LANSDOWNE DR,N,2022,MONDAY,SINGLE VEHICLE,N,Y,49.284383,-122.80966599999999,N,OCTOBER,N,COQUITLAM,COQUITLAM,COQUITLAM,N,N,N,LOWER MAINLAND,GUILDFORD WAY & LANSDOWNE DR,GUILDFORD WAY,GUILDFORD WAY,15:00-17:59,1,0
N,PROPERTY DAMAGE ONLY,LECKIE RD,N,2022,MONDAY,SIDE IMPACT,N,Y,49.884331,-119.42902,N,OCTOBER,N,KELOWNA,KELOWNA,KELOWNA,Y,Y,N,SOUTHERN INTERIOR,HWY 97 N & LECKIE RD & TURNING LANE,HWY 97,HWY 97,15:00-17:59,1,0
N,PROPERTY DAMAGE ONLY,LECKIE RD,N,2022,MONDAY,SIDE SWIPE - SAME DIRECTION,N,Y,49.884331,-119.42902,N,OCTOBER,N,KELOWNA,KELOWNA,KELOWNA,N,N,N,SOUTHERN INTERIOR,HWY 97 N & LECKIE RD & TURNING LANE,HWY 97,HWY 97,15:00-17:59,1,0
N,PROPERTY DAMAGE ONLY,LODGE RD,N,2022,MONDAY,REAR END,N,N,\N,\N,N,OCTOBER,N,LAKE COUNTRY,LAKE COUNTRY,\N,N,N,N,SOUTHERN INTERIOR,UNKNOWN,HWY 97 N,HWY 97 N,15:00-17:59,1,0
N,PROPERTY DAMAGE ONLY,LOUGHEED HWY,N,2022,MONDAY,SIDE IMPACT,N,Y,49.216929,-122.601543,N,OCTOBER,N,MAPLE RIDGE,MAPLE RIDGE,MAPLE RIDGE,Y,N,N,LOWER MAINLAND,224 ST & LOUGHEED HWY,224 ST,224 ST,15:00-17:59,1,0
N,PROPERTY DAMAGE ONLY,LUDGATE ST,N,2022,MONDAY,SIDE IMPACT,N,Y,48.436649,-123.370623,N,OCTOBER,N,VICTORIA,VICTORIA,VICTORIA,N,N,N,VANCOUVER ISLAND,JOHN ST & LUDGATE ST,JOHN ST,JOHN ST,15:00-17:59,1,0
N,PROPERTY DAMAGE ONLY,MACDONALD ST,N,2022,MONDAY,SIDE IMPACT,N,Y,49.257083,-123.16834,N,OCTOBER,N,VANCOUVER,VANCOUVER,VANCOUVER,N,N,N,LOWER MAINLAND,MACDONALD ST & W 17TH AVE,W 17TH AVE,W 17TH AVE,15:00-17:59,1,0
N,PROPERTY DAMAGE ONLY,MACKENZIE ST,Y,2022,MONDAY,SINGLE VEHICLE,N,N,\N,\N,N,OCTOBER,N,BELLA COOLA,BELLA COOLA,\N,N,N,N,NORTH CENTRAL,UNKNOWN,QOM-QUITIS ST,QOM-QUITIS ST,15:00-17:59,1,0
N,PROPERTY DAMAGE ONLY,MAIN ST,N,2022,MONDAY,SIDE IMPACT,N,Y,49.245848,-123.101254,N,OCTOBER,N,VANCOUVER,VANCOUVER,VANCOUVER,Y,Y,N,LOWER MAINLAND,E 28TH AVE & MAIN ST,E 28TH AVE,E 28TH AVE,15:00-17:59,1,0
N,PROPERTY DAMAGE ONLY,MANITOBA ST,Y,2022,MONDAY,SINGLE VEHICLE,N,Y,49.22581,-123.108393,N,OCTOBER,N,VANCOUVER,VANCOUVER,VANCOUVER,N,N,N,LOWER MAINLAND,MANITOBA ST & W 49TH AVE,W 49TH AVE,W 49TH AVE,15:00-17:59,1,0
N,PROPERTY DAMAGE ONLY,MARINE DR,N,2022,MONDAY,REAR END,N,Y,49.32717,-123.134922,N,OCTOBER,N,WEST VANCOUVER,WEST VANCOUVER,WEST VANCOUVER,Y,Y,N,LOWER MAINLAND,MARINE DR & TAYLOR WAY & TURNING LANE,TAYLOR WAY,TAYLOR WAY,15:00-17:59,1,0
N,PROPERTY DAMAGE ONLY,MARSHALL RD,N,2022,MONDAY,SIDE SWIPE - SAME DIRECTION,N,Y,49.037752,-122.3377,N,OCTOBER,N,ABBOTSFORD,ABBOTSFORD,ABBOTSFORD,N,N,N,LOWER MAINLAND,CLEARBROOK RD & CLEARBROOK RD OFFRAMP & CLEARBROOK RD ONRAMP & MARSHALL RD & MARSHALL RD OFFRAMP & MARSHALL RD ONRAMP & TRANS-CANADA HWY & TURNING LANE,CLEARBROOK RD,CLEARBROOK RD,15:00-17:59,1,0
N,PROPERTY DAMAGE ONLY,MARSHALL RD,N,2022,MONDAY,UNDETERMINED,Y,Y,49.038638,-122.360075,N,OCTOBER,N,ABBOTSFORD,ABBOTSFORD,ABBOTSFORD,Y,Y,N,LOWER MAINLAND,MARSHALL RD & TOWNLINE RD,TOWNLINE RD,TOWNLINE RD,15:00-17:59,1,0
N,PROPERTY DAMAGE ONLY,MASSEY DR,N,2022,MONDAY,SIDE IMPACT,N,Y,53.899948,-122.778464,N,OCTOBER,N,PRINCE GEORGE,PRINCE GEORGE,PRINCE GEORGE,Y,N,N,NORTH CENTRAL,HWY 97 S & MASSEY DR & PINE CENTRE RD & PINE CENTRE RD OFFRAMP & MALL ACCESS & TURNING LANE,PINE CENTRE RD,PINE CENTRE RD,15:00-17:59,1,0
N,PROPERTY DAMAGE ONLY,MCBRIAR AVE,N,2022,MONDAY,SIDE IMPACT,N,Y,48.475342,-123.372456,N,OCTOBER,N,SAANICH,SAANICH,SAANICH,N,N,N,VANCOUVER ISLAND,MCBRIAR AVE & QUADRA ST,QUADRA ST,QUADRA ST,15:00-17:59,1,0
N,PROPERTY DAMAGE ONLY,MCBRIDE BLVD,N,2022,MONDAY,CONFLICTED,N,N,\N,\N,N,OCTOBER,N,NEW WESTMINSTER,NEW WESTMINSTER,\N,N,N,N,LOWER MAINLAND,UNKNOWN,E 8TH AVE,E 8TH AVE,15:00-17:59,1,0
N,PROPERTY DAMAGE ONLY,MCCALLUM RD,N,2022,MONDAY,REAR END,N,Y,49.034944,-122.2928,N,OCTOBER,N,ABBOTSFORD,ABBOTSFORD,ABBOTSFORD,N,N,N,LOWER MAINLAND,HAWTHORNE AVE & KING RD & KING RD CONN & KING RD ONRAMP & MCCALLUM RD & MCCALLUM RD OFFRAMP & MCCALLUM RD ONRAMP & TRANS-CANADA HWY,HWY 1,HWY 1,15:00-17:59,1,0
N,PROPERTY DAMAGE ONLY,MCCURDY RD,N,2022,MONDAY,REAR END,N,Y,49.90116,-119.386823,N,OCTOBER,N,KELOWNA,KELOWNA,KELOWNA,N,N,N,SOUTHERN INTERIOR,MCCURDY RD & MCCURDY RD E & RUTLAND RD N,RUTLAND RD N,RUTLAND RD N,15:00-17:59,1,0
N,PROPERTY DAMAGE ONLY,MCMURRAY AVE,N,2022,MONDAY,SIDE SWIPE - SAME DIRECTION,N,Y,49.227438,-122.996408,N,OCTOBER,N,BURNABY,BURNABY,BURNABY,Y,N,N,LOWER MAINLAND,KINGSWAY & MCMURRAY AVE,KINGSWAY,KINGSWAY,15:00-17:59,1,0
N,PROPERTY DAMAGE ONLY,MCMYN RD,N,2022,MONDAY,CONFLICTED,N,Y,49.229646,-122.689498,N,OCTOBER,N,PITT MEADOWS,PITT MEADOWS,PITT MEADOWS,Y,Y,N,LOWER MAINLAND,HARRIS RD & MCMYN RD,HARRIS RD,HARRIS RD,15:00-17:59,1,0
N,PROPERTY DAMAGE ONLY,MELVILLE ST,N,2022,MONDAY,REAR END,N,Y,49.285153,-123.120017,N,OCTOBER,N,VANCOUVER,VANCOUVER,VANCOUVER,N,N,N,LOWER MAINLAND,BURRARD ST & MELVILLE ST,BURRARD ST,BURRARD ST,15:00-17:59,1,0
N,PROPERTY DAMAGE ONLY,MERRY ISLAND ESPL,N,2022,MONDAY,SINGLE VEHICLE,N,Y,49.489607,-123.907301,N,OCTOBER,N,HALFMOON BAY,HALFMOON BAY,HALFMOON BAY,N,N,N,LOWER MAINLAND,MERRY ISLAND ESPL & WELCOME BEACH RD,WELCOME BEACH RD,WELCOME BEACH RD,15:00-17:59,1,0
N,PROPERTY DAMAGE ONLY,MILL AVE,N,2022,MONDAY,CONFLICTED,N,Y,50.551097,-119.138607,N,OCTOBER,N,ENDERBY,ENDERBY,ENDERBY,N,N,N,SOUTHERN INTERIOR,BELVEDERE ST & MILL AVE,BELVEDERE ST,BELVEDERE ST,15:00-17:59,1,0
N,PROPERTY DAMAGE ONLY,MILTON ST,N,2022,MONDAY,SIDE SWIPE - SAME DIRECTION,N,Y,49.204223,-123.141597,N,OCTOBER,N,VANCOUVER,VANCOUVER,VANCOUVER,N,N,N,LOWER MAINLAND,MILTON ST & W 75TH AVE,W 75TH AVE,W 75TH AVE,15:00-17:59,1,0
N,PROPERTY DAMAGE ONLY,MOFFATT RD,N,2022,MONDAY,SIDE IMPACT,N,Y,49.155605,-123.143717,N,OCTOBER,N,RICHMOND,RICHMOND,RICHMOND,N,N,N,LOWER MAINLAND,BLUNDELL RD & MOFFATT RD,BLUNDELL RD,BLUNDELL RD,15:00-17:59,1,0
N,PROPERTY DAMAGE ONLY,NANAIMO ST,N,2022,MONDAY,REAR END,N,Y,49.269481,-123.056605,N,OCTOBER,N,VANCOUVER,VANCOUVER,VANCOUVER,N,N,N,LOWER MAINLAND,E 1ST AVE & NANAIMO ST,E 1ST AVE,E 1ST AVE,15:00-17:59,1,0
N,PROPERTY DAMAGE ONLY,NANAIMO ST,N,2022,MONDAY,REAR END,N,Y,49.27487,-123.056575,N,OCTOBER,N,VANCOUVER,VANCOUVER,VANCOUVER,N,N,N,LOWER MAINLAND,NANAIMO ST & NAPIER ST,NAPIER ST,NAPIER ST,15:00-17:59,1,0
N,PROPERTY DAMAGE ONLY,NATIONAL AVE,N,2022,MONDAY,REAR END,N,Y,49.274948,-123.101941,N,OCTOBER,N,VANCOUVER,VANCOUVER,VANCOUVER,Y,N,N,LOWER MAINLAND,NATIONAL AVE & QUEBEC ST,QUEBEC ST,QUEBEC ST,15:00-17:59,1,0
N,PROPERTY DAMAGE ONLY,NELSON AVE,N,2022,MONDAY,UNDETERMINED,N,Y,49.226885,-122.994223,N,OCTOBER,N,BURNABY,BURNABY,BURNABY,Y,Y,N,LOWER MAINLAND,KINGSWAY & NELSON AVE & NEWTON ST & TURNING LANE,KINGSWAY,KINGSWAY,15:00-17:59,1,0
N,PROPERTY DAMAGE ONLY,NO 7 RD,N,2022,MONDAY,REAR END,N,Y,49.169921,-123.0466,N,OCTOBER,N,RICHMOND,RICHMOND,RICHMOND,Y,N,N,LOWER MAINLAND,NO 7 RD & WESTMINSTER HWY,WESTMINSTER HWY,WESTMINSTER HWY,15:00-17:59,1,0
N,PROPERTY DAMAGE ONLY,NORDIN ST,N,2022,MONDAY,SIDE IMPACT,N,Y,49.672841,-124.924509,N,OCTOBER,N,COMOX,COMOX,COMOX,N,N,N,VANCOUVER ISLAND,COMOX AVE & NORDIN ST,COMOX AVE,COMOX AVE,15:00-17:59,1,0
N,PROPERTY DAMAGE ONLY,NORTH FRASER WAY,N,2022,MONDAY,UNDETERMINED,N,Y,49.19437,-122.970093,N,OCTOBER,N,BURNABY,BURNABY,BURNABY,N,N,N,LOWER MAINLAND,GLENWOOD DR & NORTH FRASER WAY,GLENWOOD DR,GLENWOOD DR,15:00-17:59,1,0
N,PROPERTY DAMAGE ONLY,NORTH FRASER WAY,N,2022,MONDAY,UNDETERMINED,N,Y,49.19437,-122.970093,N,OCTOBER,N,BURNABY,BURNABY,BURNABY,Y,N,N,LOWER MAINLAND,GLENWOOD DR & NORTH FRASER WAY,GLENWOOD DR,GLENWOOD DR,15:00-17:59,1,0
N,PROPERTY DAMAGE ONLY,NORTHERN AVE,N,2022,MONDAY,CONFLICTED,N,Y,49.28078,-122.79331,N,OCTOBER,N,COQUITLAM,COQUITLAM,COQUITLAM,N,N,N,LOWER MAINLAND,NORTHERN AVE & PINETREE WAY,PINETREE WAY,PINETREE WAY,15:00-17:59,1,0
N,PROPERTY DAMAGE ONLY,OAK HILLS BLVD,N,2022,MONDAY,REAR END,N,Y,50.744654,-120.357271,N,OCTOBER,N,KAMLOOPS,KAMLOOPS,KAMLOOPS,N,N,N,SOUTHERN INTERIOR,OAK HILLS BLVD & WESTSYDE RD,WESTSYDE RD,WESTSYDE RD,15:00-17:59,1,0
N,PROPERTY DAMAGE ONLY,OAK ST,N,2022,MONDAY,REAR END,N,Y,49.233947,-123.128076,N,OCTOBER,N,VANCOUVER,VANCOUVER,VANCOUVER,N,N,N,LOWER MAINLAND,OAK ST & W 41ST AVE,W 41ST AVE,W 41ST AVE,15:00-17:59,1,0
N,PROPERTY DAMAGE ONLY,POINT ELLICE BRIDGE,N,2022,MONDAY,REAR END,N,Y,48.433991,-123.379918,N,OCTOBER,N,VICTORIA,VICTORIA,VICTORIA,N,N,N,VANCOUVER ISLAND,BAY ST & POINT ELLICE BRIDGE,BAY ST,BAY ST,15:00-17:59,1,0
N,PROPERTY DAMAGE ONLY,POIRIER ST,N,2022,MONDAY,CONFLICTED,N,Y,49.248988,-122.846625,N,OCTOBER,N,COQUITLAM,COQUITLAM,COQUITLAM,N,N,N,LOWER MAINLAND,AUSTIN AVE & POIRIER ST,AUSTIN AVE,AUSTIN AVE,15:00-17:59,1,0
N,PROPERTY DAMAGE ONLY,PRINCE EDWARD ST,Y,2022,MONDAY,SINGLE VEHICLE,N,Y,49.255601,-123.096512,N,OCTOBER,N,VANCOUVER,VANCOUVER,VANCOUVER,N,N,N,LOWER MAINLAND,E 17TH AVE & PRINCE EDWARD ST,E 17TH AVE,E 17TH AVE,15:00-17:59,1,0
N,PROPERTY DAMAGE ONLY,PRODUCTION WAY,N,2022,MONDAY,REAR END,N,Y,49.10438,-122.676678,N,OCTOBER,N,LANGLEY,LANGLEY,LANGLEY,N,N,N,LOWER MAINLAND,56 AVE & PRODUCTION WAY,56 AVE,56 AVE,15:00-17:59,1,0
N,PROPERTY DAMAGE ONLY,QUADRA ST,N,2022,MONDAY,CONFLICTED,N,Y,48.4353,-123.358006,N,OCTOBER,N,VICTORIA,VICTORIA,VICTORIA,N,N,N,VANCOUVER ISLAND,BAY ST & QUADRA ST,BAY ST,BAY ST,15:00-17:59,1,0
N,PROPERTY DAMAGE ONLY,QUEENSBOROUGH BRIDGE,N,2022,MONDAY,SIDE SWIPE - SAME DIRECTION,N,Y,49.197808,-122.948705,N,OCTOBER,N,BURNABY,BURNABY,BURNABY & NEW WESTMINSTER,N,N,N,LOWER MAINLAND,HWY 91A & MARINE WAY & MARINE WAY OFFRAMP & MARINE WAY ONRAMP & QUEENSBOROUGH BRIDGE & SIXTH AVE OFFRAMP & SIXTH AVE ONRAMP & STEWARDSON WAY & STEWARDSON WAY OFFRAMP & STEWARDSON WAY ONRAMP & TWENTY-THIRD ST & EMERGENCY LANE,HWY 91A,HWY 91A,15:00-17:59,1,0
N,PROPERTY DAMAGE ONLY,RED BRIDGE,N,2022,MONDAY,SIDE SWIPE - OPPOSITE DIRECTION,N,N,\N,\N,N,OCTOBER,N,KAMLOOPS,KAMLOOPS,\N,N,N,N,SOUTHERN INTERIOR,UNKNOWN,MT PAUL WAY,MT PAUL WAY,15:00-17:59,1,0
N,PROPERTY DAMAGE ONLY,RICHTER ST,N,2022,MONDAY,REAR END,N,Y,49.886311,-119.488472,N,OCTOBER,N,KELOWNA,KELOWNA,KELOWNA,N,N,N,SOUTHERN INTERIOR,BERNARD AVE & RICHTER ST,BERNARD AVE,BERNARD AVE,15:00-17:59,1,0
N,PROPERTY DAMAGE ONLY,RIVERSIDE ST,N,2022,MONDAY,REAR END,N,Y,49.103753,-122.294152,N,OCTOBER,N,ABBOTSFORD,ABBOTSFORD,ABBOTSFORD,N,N,N,LOWER MAINLAND,HARRIS RD & RIVERSIDE ST,HARRIS RD,HARRIS RD,15:00-17:59,1,0
N,PROPERTY DAMAGE ONLY,ROSE PRAIRIE RD,N,2022,MONDAY,CONFLICTED,N,Y,56.275531,-120.847614,N,OCTOBER,N,FORT ST. JOHN,FORT ST. JOHN,FORT ST. JOHN,N,N,N,NORTH CENTRAL,JONES SUBDIV & ROSE PRAIRIE RD & WEST BYPASS RD,WEST BYPASS RD,WEST BYPASS RD,15:00-17:59,1,0
N,PROPERTY DAMAGE ONLY,ROYAL AVE,N,2022,MONDAY,CONFLICTED,N,Y,49.211366,-122.900283,N,OCTOBER,N,NEW WESTMINSTER,NEW WESTMINSTER,NEW WESTMINSTER,N,N,N,LOWER MAINLAND,BUSHBY ST & COLUMBIA ST & E COLUMBIA ST & E ROYAL AVE & HWY 1A & LEOPOLD PL & MCBRIDE BLVD & ROYAL AVE & HIGHWAY RAMP,COLUMBIA ST,COLUMBIA ST,15:00-17:59,1,0
N,PROPERTY DAMAGE ONLY,ROYAL CRES,N,2022,MONDAY,SINGLE VEHICLE,N,Y,49.216045,-122.598933,N,OCTOBER,N,MAPLE RIDGE,MAPLE RIDGE,MAPLE RIDGE,N,N,N,LOWER MAINLAND,225 ST & NORTH AVE & ROYAL CRES,225 ST,225 ST,15:00-17:59,1,0
N,PROPERTY DAMAGE ONLY,RUNNEL DR,N,2022,MONDAY,REAR END,N,Y,49.278805,-122.808335,N,OCTOBER,N,COQUITLAM,COQUITLAM,COQUITLAM,N,N,N,LOWER MAINLAND,LANSDOWNE DR & RUNNEL DR & MALL ACCESS,LANSDOWNE DR,LANSDOWNE DR,15:00-17:59,1,0
N,PROPERTY DAMAGE ONLY,RUPERT RD E,N,2022,MONDAY,REAR END,N,Y,49.339228,-124.441961,N,OCTOBER,N,QUALICUM BEACH,QUALICUM BEACH,QUALICUM BEACH,N,N,N,VANCOUVER ISLAND,MEMORIAL AVE & RUPERT RD E & RUPERT RD W,MEMORIAL AVE,MEMORIAL AVE,15:00-17:59,1,0
N,PROPERTY DAMAGE ONLY,RYAN RD,N,2022,MONDAY,REAR END,N,Y,49.701343,-124.982712,N,OCTOBER,N,COURTENAY,COURTENAY,COURTENAY,N,N,N,VANCOUVER ISLAND,BACK RD & CENTENNIAL DR & RYAN RD & TURNING LANE,BACK RD,BACK RD,15:00-17:59,1,0
N,PROPERTY DAMAGE ONLY,SANDWICK RD,N,2022,MONDAY,SIDE IMPACT,N,Y,49.698916,-124.987325,N,OCTOBER,N,COURTENAY,COURTENAY,COURTENAY,N,N,N,VANCOUVER ISLAND,RYAN RD & SANDWICK RD & MALL ACCESS & UNSIGNED,RYAN RD,RYAN RD,15:00-17:59,1,0
N,PROPERTY DAMAGE ONLY,SAYWARD RD,N,2022,MONDAY,REAR END,N,Y,48.537577,-123.389272,N,OCTOBER,Y,SAANICH,SAANICH,SAANICH,N,N,N,VANCOUVER ISLAND,PATRICIA BAY HWY & SAYWARD RD & TURNING LANE,PAT BAY HWY,PAT BAY HWY,15:00-17:59,1,0
N,PROPERTY DAMAGE ONLY,SCOTT RD,N,2022,MONDAY,REAR END,N,Y,49.134037,-122.890359,N,OCTOBER,N,DELTA,DELTA,DELTA & SURREY,N,N,N,LOWER MAINLAND,120 ST & 72 AVE,72 AVE,72 AVE,15:00-17:59,1,0
N,PROPERTY DAMAGE ONLY,SEA ISLAND WAY,N,2022,MONDAY,REAR END,N,Y,49.191024,-123.124456,N,OCTOBER,N,RICHMOND,RICHMOND,RICHMOND,N,N,N,LOWER MAINLAND,GARDEN CITY RD & GREAT CANADIAN WAY & SEA ISLAND WAY & SEA ISLAND WAY OFFRAMP & TURNING LANE,GREAT CANADIAN WAY,GREAT CANADIAN WAY,15:00-17:59,1,0
N,PROPERTY DAMAGE ONLY,SEGUIN DR,N,2022,MONDAY,REAR END,N,N,\N,\N,N,OCTOBER,N,COQUITLAM,COQUITLAM,\N,N,N,N,LOWER MAINLAND,UNKNOWN,HWY 7,HWY 7,15:00-17:59,1,0
N,PROPERTY DAMAGE ONLY,SEVENTH ST,N,2022,MONDAY,CONFLICTED,N,Y,49.204885,-122.912432,N,OCTOBER,N,NEW WESTMINSTER,NEW WESTMINSTER,NEW WESTMINSTER,N,N,N,LOWER MAINLAND,ROYAL AVE & SEVENTH ST,ROYAL AVE,ROYAL AVE,15:00-17:59,1,0
N,PROPERTY DAMAGE ONLY,SHERBROOKE ST,N,2022,MONDAY,REAR END,N,Y,49.240242,-123.081244,N,OCTOBER,N,VANCOUVER,VANCOUVER,VANCOUVER,N,N,N,LOWER MAINLAND,E 33RD AVE & SHERBROOKE ST,E 33RD AVE,E 33RD AVE,15:00-17:59,1,0
N,PROPERTY DAMAGE ONLY,SIXTH ST,N,2022,MONDAY,REAR END,N,N,\N,\N,N,OCTOBER,N,NEW WESTMINSTER,NEW WESTMINSTER,\N,N,N,N,LOWER MAINLAND,UNKNOWN,EIGHT AVE,EIGHT AVE,15:00-17:59,1,0
N,PROPERTY DAMAGE ONLY,SLAVE LAKE ST,N,2022,MONDAY,SINGLE VEHICLE,N,N,\N,\N,N,OCTOBER,N,MISSION,MISSION,\N,N,N,N,LOWER MAINLAND,UNKNOWN,HWY 7,HWY 7,15:00-17:59,1,0
N,PROPERTY DAMAGE ONLY,SOUTH SUMAS RD,N,2022,MONDAY,REAR END,N,Y,49.11838,-122.006778,N,OCTOBER,N,CHILLIWACK,CHILLIWACK,CHILLIWACK,N,N,N,LOWER MAINLAND,LICKMAN RD & SOUTH SUMAS RD,LICKMAN RD,LICKMAN RD,15:00-17:59,1,0
N,PROPERTY DAMAGE ONLY,SPRINGFIELD RD,N,2022,MONDAY,REAR END,N,Y,49.87808,-119.387507,N,OCTOBER,N,KELOWNA,KELOWNA,KELOWNA,N,N,N,SOUTHERN INTERIOR,RUTLAND RD S & SPRINGFIELD RD,RUTLAND RD S,RUTLAND RD S,15:00-17:59,1,0
N,PROPERTY DAMAGE ONLY,SPROTT ST,N,2022,MONDAY,REAR END,N,Y,49.249952,-122.973637,N,OCTOBER,N,BURNABY,BURNABY,BURNABY,N,N,N,LOWER MAINLAND,SPROTT ST & TRANS-CANADA HWY,HWY 1,HWY 1,15:00-17:59,1,0
N,PROPERTY DAMAGE ONLY,ST CATHERINES ST,N,2022,MONDAY,UNDETERMINED,N,Y,49.246565,-123.085841,N,OCTOBER,N,VANCOUVER,VANCOUVER,VANCOUVER,Y,N,N,LOWER MAINLAND,E 27TH AVE & ST CATHERINES ST,E 27TH AVE,E 27TH AVE,15:00-17:59,1,0
N,PROPERTY DAMAGE ONLY,STEPHAN RD,N,2022,MONDAY,SIDE SWIPE - OPPOSITE DIRECTION,N,Y,49.799588,-125.088472,N,OCTOBER,N,MERVILLE,MERVILLE,MERVILLE,N,N,N,VANCOUVER ISLAND,ISLAND HWY N & STEPHAN RD,ISLAND HWY N,ISLAND HWY N,15:00-17:59,1,0
N,PROPERTY DAMAGE ONLY,STEVESTON HWY,N,2022,MONDAY,HEAD ON,N,Y,49.133451,-123.114284,N,OCTOBER,N,RICHMOND,RICHMOND,RICHMOND,N,N,N,LOWER MAINLAND,NO 4 RD & STEVESTON HWY,NO 4 RD,NO 4 RD,15:00-17:59,1,0
N,PROPERTY DAMAGE ONLY,TERMINAL AVE,N,2022,MONDAY,UNDETERMINED,N,Y,49.272815,-123.100019,N,OCTOBER,N,VANCOUVER,VANCOUVER,VANCOUVER,N,N,N,LOWER MAINLAND,MAIN ST & TERMINAL AVE,MAIN ST,MAIN ST,15:00-17:59,1,0
N,PROPERTY DAMAGE ONLY,THOMPSON AVE,N,2022,MONDAY,REAR END,N,Y,49.268277,-122.881563,N,OCTOBER,N,COQUITLAM,COQUITLAM,COQUITLAM,N,N,N,LOWER MAINLAND,CLARKE RD & THOMPSON AVE,CLARKE RD,CLARKE RD,15:00-17:59,1,0
N,PROPERTY DAMAGE ONLY,TOWNLINE RD,N,2022,MONDAY,REAR END,N,Y,49.045866,-122.360044,N,OCTOBER,N,ABBOTSFORD,ABBOTSFORD,ABBOTSFORD,N,N,N,LOWER MAINLAND,PEARDONVILLE RD & TOWNLINE RD & TURNING LANE,PEARDONVILLE RD,PEARDONVILLE RD,15:00-17:59,1,0
N,PROPERTY DAMAGE ONLY,TRANS-CANADA HWY,N,2022,MONDAY,SIDE IMPACT,N,Y,48.776846,-123.698837,N,OCTOBER,N,DUNCAN,DUNCAN,DUNCAN,N,N,N,VANCOUVER ISLAND,TRANS-CANADA HWY & TRUNK RD,TRUNK RD,TRUNK RD,15:00-17:59,1,0
N,PROPERTY DAMAGE ONLY,UNKNOWN,N,2022,MONDAY,REAR END,N,N,\N,\N,N,OCTOBER,N,COQUITLAM,COQUITLAM,\N,Y,N,N,LOWER MAINLAND,UNKNOWN,OZADA AVE,OZADA AVE,15:00-17:59,1,0
N,PROPERTY DAMAGE ONLY,UNKNOWN,N,2022,MONDAY,UNDETERMINED,N,N,\N,\N,N,OCTOBER,N,COQUITLAM,COQUITLAM,\N,Y,Y,N,LOWER MAINLAND,UNKNOWN,UNKNOWN,UNKNOWN,15:00-17:59,1,0
N,PROPERTY DAMAGE ONLY,VINE ST,N,2022,MONDAY,SINGLE VEHICLE,N,Y,49.268186,-123.157502,N,OCTOBER,N,VANCOUVER,VANCOUVER,VANCOUVER,N,Y,N,LOWER MAINLAND,VINE ST & W 4TH AVE,W 4TH AVE,W 4TH AVE,15:00-17:59,1,0
N,PROPERTY DAMAGE ONLY,W 11TH AVE,N,2022,MONDAY,SIDE SWIPE - SAME DIRECTION,N,Y,49.261655,-123.136174,N,OCTOBER,N,VANCOUVER,VANCOUVER,VANCOUVER,Y,N,N,LOWER MAINLAND,HEMLOCK ST & W 11TH AVE,HEMLOCK ST,HEMLOCK ST,15:00-17:59,1,0
N,PROPERTY DAMAGE ONLY,W 14TH AVE,N,2022,MONDAY,UNDETERMINED,N,Y,49.259971,-123.194064,N,OCTOBER,N,VANCOUVER,VANCOUVER,VANCOUVER,Y,N,N,LOWER MAINLAND,CROWN ST & W 14TH AVE,CROWN ST,CROWN ST,15:00-17:59,1,0
N,PROPERTY DAMAGE ONLY,W 15TH ST,N,2022,MONDAY,UNDETERMINED,N,Y,49.322069,-123.072318,N,OCTOBER,N,NORTH VANCOUVER,NORTH VANCOUVER,NORTH VANCOUVER,Y,N,N,LOWER MAINLAND,E 15TH ST & LONSDALE AVE & W 15TH ST,LONSDALE AVE,LONSDALE AVE,15:00-17:59,1,0
N,PROPERTY DAMAGE ONLY,W 16TH AVE,N,2022,MONDAY,UNDETERMINED,N,Y,49.257992,-123.190978,N,OCTOBER,N,VANCOUVER,VANCOUVER,VANCOUVER,Y,N,N,LOWER MAINLAND,W 16TH AVE & WALLACE ST,WALLACE ST,WALLACE ST,15:00-17:59,1,0
N,PROPERTY DAMAGE ONLY,W 37TH AVE,N,2022,MONDAY,UNDETERMINED,N,Y,49.237648,-123.127951,N,OCTOBER,N,VANCOUVER,VANCOUVER,VANCOUVER,N,N,N,LOWER MAINLAND,OAK ST & W 37TH AVE,OAK ST,OAK ST,15:00-17:59,1,0
N,PROPERTY DAMAGE ONLY,W 39TH AVE,N,2022,MONDAY,CONFLICTED,N,Y,49.236258,-123.139556,N,OCTOBER,N,VANCOUVER,VANCOUVER,VANCOUVER,N,N,N,LOWER MAINLAND,CONNAUGHT DR & GRANVILLE ST & W 39TH AVE,GRANVILLE ST,GRANVILLE ST,15:00-17:59,1,0
N,PROPERTY DAMAGE ONLY,W 41ST AVE,N,2022,MONDAY,SINGLE VEHICLE,N,Y,49.234531,-123.152071,N,OCTOBER,N,VANCOUVER,VANCOUVER,VANCOUVER,Y,Y,N,LOWER MAINLAND,MAPLE ST & W 41ST AVE,MAPLE ST,MAPLE ST,15:00-17:59,1,0
N,PROPERTY DAMAGE ONLY,W 45TH AVE,N,2022,MONDAY,CONFLICTED,N,Y,49.23086,-123.155411,N,OCTOBER,N,VANCOUVER,VANCOUVER,VANCOUVER,Y,N,N,LOWER MAINLAND,ARBUTUS GREENWAY & EAST BOULEVARD & W 45TH AVE & WEST BOULEVARD,WEST BOULEVARD,WEST BOULEVARD,15:00-17:59,1,0
N,PROPERTY DAMAGE ONLY,W 49TH AVE,N,2022,MONDAY,REAR END,N,Y,49.227153,-123.154798,N,OCTOBER,N,VANCOUVER,VANCOUVER,VANCOUVER,N,Y,N,LOWER MAINLAND,ARBUTUS GREENWAY & ARBUTUS ST & EAST BOULEVARD & W 49TH AVE & WEST BOULEVARD,WEST BOULEVARD,WEST BOULEVARD,15:00-17:59,1,0
N,PROPERTY DAMAGE ONLY,W 57TH AVE,N,2022,MONDAY,SIDE SWIPE - SAME DIRECTION,N,Y,49.219331,-123.140129,N,OCTOBER,N,VANCOUVER,VANCOUVER,VANCOUVER,N,N,N,LOWER MAINLAND,GRANVILLE ST & W 57TH AVE,GRANVILLE ST,GRANVILLE ST,15:00-17:59,1,0
N,PROPERTY DAMAGE ONLY,W 64TH AVE,N,2022,MONDAY,UNDETERMINED,N,Y,49.213202,-123.143544,N,OCTOBER,N,VANCOUVER,VANCOUVER,VANCOUVER,N,N,N,LOWER MAINLAND,ADERA ST & W 64TH AVE,ADERA ST,ADERA ST,15:00-17:59,1,0
N,PROPERTY DAMAGE ONLY,W 66TH AVE,N,2022,MONDAY,CONFLICTED,N,Y,49.211372,-123.140432,N,OCTOBER,N,VANCOUVER,VANCOUVER,VANCOUVER,N,N,N,LOWER MAINLAND,GRANVILLE ST & W 66TH AVE,GRANVILLE ST,GRANVILLE ST,15:00-17:59,1,0
N,PROPERTY DAMAGE ONLY,W 71ST AVE,N,2022,MONDAY,UNDETERMINED,N,Y,49.207069,-123.140585,N,OCTOBER,N,VANCOUVER,VANCOUVER,VANCOUVER,N,Y,N,LOWER MAINLAND,GRANVILLE ST & W 71ST AVE,GRANVILLE ST,GRANVILLE ST,15:00-17:59,1,0
N,PROPERTY DAMAGE ONLY,W GEORGIA ST,N,2022,MONDAY,SIDE SWIPE - SAME DIRECTION,N,Y,49.284409,-123.121096,N,OCTOBER,N,VANCOUVER,VANCOUVER,VANCOUVER,N,N,N,LOWER MAINLAND,BURRARD ST & W GEORGIA ST,BURRARD ST,BURRARD ST,15:00-17:59,1,0
N,PROPERTY DAMAGE ONLY,W GEORGIA ST,N,2022,MONDAY,UNDETERMINED,N,Y,49.281825,-123.117138,N,OCTOBER,N,VANCOUVER,VANCOUVER,VANCOUVER,Y,N,N,LOWER MAINLAND,SEYMOUR ST & W GEORGIA ST,SEYMOUR ST,SEYMOUR ST,15:00-17:59,1,0
N,PROPERTY DAMAGE ONLY,W KING EDWARD AVE,N,2022,MONDAY,REAR TO REAR,N,Y,49.249237,-123.127511,N,OCTOBER,N,VANCOUVER,VANCOUVER,VANCOUVER,Y,Y,N,LOWER MAINLAND,OAK ST & W KING EDWARD AVE,OAK ST,OAK ST,15:00-17:59,1,0
N,PROPERTY DAMAGE ONLY,W PENDER ST,N,2022,MONDAY,UNDETERMINED,N,Y,49.28156,-123.110066,N,OCTOBER,N,VANCOUVER,VANCOUVER,VANCOUVER,N,N,N,LOWER MAINLAND,CAMBIE ST & W PENDER ST,CAMBIE ST,CAMBIE ST,15:00-17:59,1,0
N,PROPERTY DAMAGE ONLY,WALTHAM AVE,N,2022,MONDAY,SIDE SWIPE - SAME DIRECTION,N,Y,49.220984,-122.976235,N,OCTOBER,N,BURNABY,BURNABY,BURNABY,N,N,N,LOWER MAINLAND,KINGSWAY & WALTHAM AVE,KINGSWAY,KINGSWAY,15:00-17:59,1,0
N,PROPERTY DAMAGE ONLY,WEISBROD RD,N,2022,MONDAY,UNDETERMINED,N,Y,53.996173,-122.798554,N,OCTOBER,N,PRINCE GEORGE,PRINCE GEORGE,PRINCE GEORGE,N,N,N,NORTH CENTRAL,HANDLEN RD & HART HWY & HART HWY FRTG & WEISBROD RD & TURNING LANE,HWY 97,HWY 97,15:00-17:59,1,0
N,PROPERTY DAMAGE ONLY,WESTVIEW DR,N,2022,MONDAY,REAR END,N,Y,49.33199,-123.088135,N,OCTOBER,N,NORTH VANCOUVER,NORTH VANCOUVER,NORTH VANCOUVER,N,N,N,LOWER MAINLAND,MOSQUITO CREEK BRIDGE & TRANS-CANADA HWY & WESTVIEW DR & WESTVIEW DR OFFRAMP & WESTVIEW DR ONRAMP & TURNING LANE,TRANS-CANADA HWY,TRANS-CANADA HWY,15:00-17:59,1,0
N,PROPERTY DAMAGE ONLY,WESTWOOD ST,N,2022,MONDAY,CONFLICTED,N,Y,49.27352,-122.790547,N,OCTOBER,N,COQUITLAM,COQUITLAM,COQUITLAM & PORT COQUITLAM,N,N,N,LOWER MAINLAND,LOUGHEED HWY & WESTWOOD ST & TURNING LANE,LOUGHEED HWY,LOUGHEED HWY,15:00-17:59,1,0
N,PROPERTY DAMAGE ONLY,WICKLOW ST,N,2022,MONDAY,SIDE IMPACT,Y,Y,48.453656,-123.356077,N,OCTOBER,N,SAANICH,SAANICH,SAANICH,N,N,N,VANCOUVER ISLAND,COOK ST & WICKLOW ST,COOK ST,COOK ST,15:00-17:59,1,0
N,PROPERTY DAMAGE ONLY,WILKINSON RD,N,2022,MONDAY,SINGLE VEHICLE,N,Y,48.478409,-123.410685,N,OCTOBER,N,SAANICH,SAANICH,SAANICH,N,N,N,VANCOUVER ISLAND,HASTINGS ST & INTERURBAN RD & WILKINSON RD & MALL ACCESS & TURNING LANE,INTERURBAN RD,INTERURBAN RD,15:00-17:59,1,0
N,PROPERTY DAMAGE ONLY,WILLINGDON AVE,N,2022,MONDAY,UNDETERMINED,N,Y,49.230223,-123.004835,N,OCTOBER,N,BURNABY,BURNABY,BURNABY,Y,Y,N,LOWER MAINLAND,KINGSWAY & WILLINGDON AVE & TURNING LANE,KINGSWAY,KINGSWAY,15:00-17:59,1,0
N,PROPERTY DAMAGE ONLY,WILLINGDON AVE OFFRAMP,N,2022,MONDAY,CONFLICTED,Y,Y,49.257636,-123.004065,N,OCTOBER,N,BURNABY,BURNABY,BURNABY,N,N,N,LOWER MAINLAND,GRANDVIEW HWY & GRANDVIEW HWY ONRAMP & TRANS-CANADA HWY & TRANS-CANADA HWY ONRAMP & WILLINGDON AVE & WILLINGDON AVE OFFRAMP & EMERGENCY LANE,HWY 1,HWY 1,15:00-17:59,1,0
N,PROPERTY DAMAGE ONLY,WILLOWBROOK DR,N,2022,MONDAY,SIDE IMPACT,Y,Y,49.11388,-122.679741,N,OCTOBER,N,LANGLEY,LANGLEY,LANGLEY & SURREY,N,N,N,LOWER MAINLAND,196 ST & FRASER HWY & WILLOWBROOK DR & MALL ACCESS & TURNING LANE,FRASER HWY,FRASER HWY,15:00-17:59,1,0
N,PROPERTY DAMAGE ONLY,WILSON AVE,N,2022,MONDAY,SIDE IMPACT,Y,Y,49.260877,-122.778541,N,OCTOBER,N,PORT COQUITLAM,PORT COQUITLAM,PORT COQUITLAM,N,N,N,LOWER MAINLAND,MARY HILL RD & WILSON AVE,MARY HILL RD,MARY HILL RD,15:00-17:59,1,0
N,PROPERTY DAMAGE ONLY,WILTSHIRE ST,N,2022,MONDAY,UNDETERMINED,N,N,\N,\N,N,OCTOBER,N,VANCOUVER,VANCOUVER,\N,Y,N,N,LOWER MAINLAND,UNKNOWN,WEST 41 AVE,WEST 41 AVE,15:00-17:59,1,0
N,PROPERTY DAMAGE ONLY,WIRELESS WAY,N,2022,MONDAY,CONFLICTED,N,Y,49.171878,-123.069189,N,OCTOBER,N,RICHMOND,RICHMOND,RICHMOND,N,N,N,LOWER MAINLAND,NO 6 RD & WIRELESS WAY,NO 6 RD,NO 6 RD,15:00-17:59,1,0
N,PROPERTY DAMAGE ONLY,WOLFE AVE,N,2022,MONDAY,REAR END,N,Y,49.257106,-123.131803,N,OCTOBER,N,VANCOUVER,VANCOUVER,VANCOUVER,N,N,N,LOWER MAINLAND,TECUMSEH AVE & W 16TH AVE & WOLFE AVE,W 16TH AVE,W 16TH AVE,15:00-17:59,1,0
N,PROPERTY DAMAGE ONLY,WOODLAND DR,N,2022,MONDAY,REAR END,N,Y,49.283487,-123.072573,N,OCTOBER,N,VANCOUVER,VANCOUVER,VANCOUVER,N,N,N,LOWER MAINLAND,POWELL ST & WOODLAND DR,POWELL ST,POWELL ST,15:00-17:59,1,0
N,PROPERTY DAMAGE ONLY,YALE RD,N,2022,MONDAY,SIDE IMPACT,N,Y,49.145179,-121.977627,N,OCTOBER,N,CHILLIWACK,CHILLIWACK,CHILLIWACK,N,N,N,LOWER MAINLAND,EVANS RD & YALE RD,EVANS RD,EVANS RD,15:00-17:59,1,0
N,PROPERTY DAMAGE ONLY,YELLOWHEAD HWY,N,2022,MONDAY,REAR END,N,N,\N,\N,N,OCTOBER,N,KAMLOOPS,KAMLOOPS,\N,N,N,N,SOUTHERN INTERIOR,UNKNOWN,MT PAUL WAY,MT PAUL WAY,15:00-17:59,1,0
N,PROPERTY DAMAGE ONLY,YEW ST,N,2022,MONDAY,CONFLICTED,N,Y,49.234628,-123.158501,N,OCTOBER,N,VANCOUVER,VANCOUVER,VANCOUVER,N,N,N,LOWER MAINLAND,W 41ST AVE & YEW ST,W 41ST AVE,W 41ST AVE,15:00-17:59,1,0
N,PROPERTY DAMAGE ONLY,YEW ST,N,2022,MONDAY,REAR END,N,Y,49.234628,-123.158501,N,OCTOBER,N,VANCOUVER,VANCOUVER,VANCOUVER,N,N,N,LOWER MAINLAND,W 41ST AVE & YEW ST,W 41ST AVE,W 41ST AVE,15:00-17:59,1,0
N,PROPERTY DAMAGE ONLY,YEW ST,N,2022,MONDAY,SIDE SWIPE - SAME DIRECTION,N,Y,49.234628,-123.158501,N,OCTOBER,N,VANCOUVER,VANCOUVER,VANCOUVER,N,N,N,LOWER MAINLAND,W 41ST AVE & YEW ST,W 41ST AVE,W 41ST AVE,15:00-17:59,1,0
Y,CASUALTY CRASH,\N,N,2022,MONDAY,SINGLE VEHICLE,N,N,\N,\N,N,OCTOBER,N,HOUSTON,HOUSTON,\N,N,N,N,NORTH CENTRAL,UNKNOWN,HWY 16,HWY 16,15:00-17:59,1,1
Y,PROPERTY DAMAGE ONLY,\N,N,2022,MONDAY,SINGLE VEHICLE,N,N,\N,\N,N,OCTOBER,N,100 MILE HOUSE,100 MILE HOUSE,\N,N,N,N,NORTH CENTRAL,UNKNOWN,HWY 97,HWY 97,15:00-17:59,1,0
Y,PROPERTY DAMAGE ONLY,\N,N,2022,MONDAY,SINGLE VEHICLE,N,N,\N,\N,N,OCTOBER,N,CRANBROOK,CRANBROOK,\N,N,N,N,SOUTHERN INTERIOR,UNKNOWN,HWY 3,HWY 3,15:00-17:59,1,0
Y,PROPERTY DAMAGE ONLY,\N,N,2022,MONDAY,SINGLE VEHICLE,N,N,\N,\N,N,OCTOBER,N,ERRINGTON,ERRINGTON,\N,N,N,N,VANCOUVER ISLAND,UNKNOWN,GRAFTON AVE,GRAFTON AVE,15:00-17:59,1,0
Y,PROPERTY DAMAGE ONLY,\N,N,2022,MONDAY,SINGLE VEHICLE,N,N,\N,\N,N,OCTOBER,N,FORT ST. JOHN,FORT ST. JOHN,\N,N,N,N,NORTH CENTRAL,UNKNOWN,HWY 97,HWY 97,15:00-17:59,1,0
Y,PROPERTY DAMAGE ONLY,\N,N,2022,MONDAY,SINGLE VEHICLE,N,N,\N,\N,N,OCTOBER,N,GOLDEN,GOLDEN,\N,N,N,N,SOUTHERN INTERIOR,UNKNOWN,HWY 1,HWY 1,15:00-17:59,1,0
Y,PROPERTY DAMAGE ONLY,\N,N,2022,MONDAY,SINGLE VEHICLE,N,N,\N,\N,N,OCTOBER,N,KIMBERLEY,KIMBERLEY,\N,N,N,N,SOUTHERN INTERIOR,UNKNOWN,HWY 95A,HWY 95A,15:00-17:59,1,0
Y,PROPERTY DAMAGE ONLY,\N,N,2022,MONDAY,SINGLE VEHICLE,N,N,\N,\N,N,OCTOBER,N,PORT MCNEILL,PORT MCNEILL,\N,N,N,N,VANCOUVER ISLAND,UNKNOWN,HWY 19,HWY 19,15:00-17:59,1,0
Y,PROPERTY DAMAGE ONLY,\N,N,2022,MONDAY,SINGLE VEHICLE,N,N,\N,\N,N,OCTOBER,N,PRINCE GEORGE,PRINCE GEORGE,\N,N,N,N,NORTH CENTRAL,UNKNOWN,HWY 16,HWY 16,15:00-17:59,1,0
Y,PROPERTY DAMAGE ONLY,\N,N,2022,MONDAY,SINGLE VEHICLE,N,N,\N,\N,N,OCTOBER,N,QUESNEL,QUESNEL,\N,N,N,N,NORTH CENTRAL,UNKNOWN,MARSH DR,MARSH DR,15:00-17:59,1,0
Y,PROPERTY DAMAGE ONLY,\N,N,2022,MONDAY,SINGLE VEHICLE,N,N,\N,\N,N,OCTOBER,N,VICTORIA,VICTORIA,\N,N,N,N,VANCOUVER ISLAND,UNKNOWN,TRANS-CANADA HWY,TRANS-CANADA HWY,15:00-17:59,1,0
Y,PROPERTY DAMAGE ONLY,\N,N,2022,MONDAY,SINGLE VEHICLE,N,N,\N,\N,N,OCTOBER,N,WILLIAMS LAKE,WILLIAMS LAKE,\N,N,N,N,NORTH CENTRAL,UNKNOWN,HWY 97,HWY 97,15:00-17:59,1,0
Y,PROPERTY DAMAGE ONLY,\N,N,2022,MONDAY,SINGLE VEHICLE,N,N,50.666124,-120.265236,Y,OCTOBER,N,KAMLOOPS,KAMLOOPS,KAMLOOPS,N,N,N,SOUTHERN INTERIOR,HIGHLAND RD # 000858 TO 001199,HIGHLAND RD,HIGHLAND RD,15:00-17:59,1,0
Y,PROPERTY DAMAGE ONLY,272 AVE,N,2022,MONDAY,SINGLE VEHICLE,N,N,\N,\N,N,OCTOBER,N,LANGLEY,LANGLEY,\N,N,N,N,LOWER MAINLAND,UNKNOWN,56 ST,56 ST,15:00-17:59,1,0
Y,PROPERTY DAMAGE ONLY,30TH AVE S,N,2022,MONDAY,SINGLE VEHICLE,N,Y,49.486994,-115.739215,N,OCTOBER,N,CRANBROOK,CRANBROOK,CRANBROOK,N,N,N,SOUTHERN INTERIOR,30TH AVE S & GOLD CREEK RD,GOLD CREEK RD,GOLD CREEK RD,15:00-17:59,1,0
Y,PROPERTY DAMAGE ONLY,CLARK RD,N,2022,MONDAY,SINGLE VEHICLE,N,N,\N,\N,N,OCTOBER,N,PORT ALBERNI,PORT ALBERNI,\N,N,N,N,VANCOUVER ISLAND,UNKNOWN,HWY 4,HWY 4,15:00-17:59,1,0
