ANIMAL_FLAG,CRASH_SEVERITY,CROSS_STREET_FULL_NAME,CYCLIST_FLAG,DATE_OF_LOSS_YEAR,DAY_OF_WEEK,DERIVED_CRASH_CONFIGURATION,HEAVY_VEH_FLAG,INTERSECTION_CRASH,LATITUDE,LONGITUDE,MID_BLOCK_CRASH,MONTH_OF_YEAR,MOTORCYCLE_FLAG,Municipality Name (ifnull),MUNICIPALITY_NAME,MUNICIPALITY_WITH_BOUNDARY,PARKED_VEHICLE_FLAG,PARKING_LOT_FLAG,PEDESTRIAN_FLAG,REGION,ROAD_LOCATION_DESCRIPTION,Street Full Name (ifnull),STREET_FULL_NAME,TIME_CATEGORY,TOTAL_CRASHES,TOTAL_VICTIMS
N,CASUALTY CRASH,\N,N,2024,SATURDAY,CONFLICTED,N,N,49.183572,-123.080312,Y,MARCH,N,RICHMOND,RICHMOND,RICHMOND,N,Y,N,LOWER MAINLAND,JACOMBS RD # 004056 TO 004159,JACOMBS RD,JACOMBS RD,12:00-14:59,1,1
N,CASUALTY CRASH,\N,N,2024,SATURDAY,CONFLICTED,N,N,50.75104,-120.846118,Y,MARCH,N,SAVONA,SAVONA,SAVONA,N,N,N,SOUTHERN INTERIOR,TRANS-CANADA HWY # 006486 TO 006647,HWY 97,HWY 97,12:00-14:59,1,1
N,CASUALTY CRASH,\N,N,2024,SATURDAY,REAR END,N,N,\N,\N,N,MARCH,N,COQUITLAM,COQUITLAM,\N,N,N,N,LOWER MAINLAND,UNKNOWN,HWY 7,HWY 7,12:00-14:59,1,1
N,CASUALTY CRASH,\N,N,2024,SATURDAY,REAR END,N,N,\N,\N,N,MARCH,N,NORTH VANCOUVER,NORTH VANCOUVER,\N,N,N,N,LOWER MAINLAND,UNKNOWN,HWY 1,HWY 1,12:00-14:59,1,1
N,CASUALTY CRASH,\N,N,2024,SATURDAY,REAR END,N,N,\N,\N,N,MARCH,N,OKANAGAN FALLS,OKANAGAN FALLS,\N,N,N,N,SOUTHERN INTERIOR,UNKNOWN,HWY 97,HWY 97,12:00-14:59,1,2
N,CASUALTY CRASH,\N,N,2024,SATURDAY,REAR END,N,N,\N,\N,N,MARCH,N,SURREY,SURREY,\N,N,N,N,LOWER MAINLAND,UNKNOWN,HWY 10,HWY 10,12:00-14:59,1,2
N,CASUALTY CRASH,\N,N,2024,SATURDAY,REAR END,N,N,\N,\N,N,MARCH,N,VANCOUVER,VANCOUVER,\N,N,N,N,LOWER MAINLAND,UNKNOWN,KNIGHT ST,KNIGHT ST,12:00-14:59,1,2
N,CASUALTY CRASH,\N,N,2024,SATURDAY,REAR END,N,N,48.412251,-123.336673,Y,MARCH,N,VICTORIA,VICTORIA,VICTORIA,Y,N,N,VANCOUVER ISLAND,FAIRFIELD RD # 001600 TO 001611,FAIRFIELD RD,FAIRFIELD RD,12:00-14:59,1,1
N,CASUALTY CRASH,\N,N,2024,SATURDAY,REAR END,N,N,49.03987,-123.074717,Y,MARCH,N,DELTA,DELTA,DELTA,N,N,N,LOWER MAINLAND,HWY 17 # 001980 TO 002298 even,HWY 17,HWY 17,12:00-14:59,1,1
N,CASUALTY CRASH,\N,N,2024,SATURDAY,REAR TO REAR,N,N,49.327755,-123.072167,Y,MARCH,N,NORTH VANCOUVER,NORTH VANCOUVER,NORTH VANCOUVER,Y,Y,N,LOWER MAINLAND,LONSDALE AVE # 002000 TO 002099,LONSDALE AVE,LONSDALE AVE,12:00-14:59,1,1
N,CASUALTY CRASH,\N,N,2024,SATURDAY,SIDE IMPACT,N,N,\N,\N,N,MARCH,N,VICTORIA,VICTORIA,\N,N,Y,N,VANCOUVER ISLAND,UNKNOWN,QUADRA ST,QUADRA ST,12:00-14:59,1,1
N,CASUALTY CRASH,\N,N,2024,SATURDAY,SIDE IMPACT,N,N,49.116822,-122.671702,Y,MARCH,N,LANGLEY,LANGLEY,LANGLEY,N,N,N,LOWER MAINLAND,WILLOWBROOK DR # 019801 TO 019999 odd,WILLOWBROOK DR,WILLOWBROOK DR,12:00-14:59,1,1
N,CASUALTY CRASH,\N,N,2024,SATURDAY,SIDE IMPACT,N,N,49.164311,-122.801382,Y,MARCH,N,SURREY,SURREY,SURREY,N,Y,N,LOWER MAINLAND,152 ST # 008800 TO 008998 even,152 ST,152 ST,12:00-14:59,1,1
N,CASUALTY CRASH,\N,N,2024,SATURDAY,SINGLE VEHICLE,N,N,\N,\N,N,MARCH,N,CRANBROOK,CRANBROOK,\N,N,N,N,SOUTHERN INTERIOR,UNKNOWN,MISSION RD,MISSION RD,12:00-14:59,1,1
N,CASUALTY CRASH,\N,N,2024,SATURDAY,SINGLE VEHICLE,N,N,\N,\N,N,MARCH,N,SURREY,SURREY,\N,N,N,Y,LOWER MAINLAND,UNKNOWN,76 AVE,76 AVE,12:00-14:59,1,2
N,CASUALTY CRASH,\N,N,2024,SATURDAY,SINGLE VEHICLE,N,N,\N,\N,N,MARCH,Y,HOPE,HOPE,\N,N,N,N,LOWER MAINLAND,UNKNOWN,COQUIHALLA HWY,COQUIHALLA HWY,12:00-14:59,1,1
N,CASUALTY CRASH,\N,N,2024,SATURDAY,SINGLE VEHICLE,N,N,\N,\N,N,MARCH,Y,JORDAN RIVER,JORDAN RIVER,\N,N,N,N,VANCOUVER ISLAND,UNKNOWN,JUAN DE FUCA HIGHWAY,JUAN DE FUCA HIGHWAY,12:00-14:59,1,1
N,CASUALTY CRASH,\N,N,2024,SATURDAY,SINGLE VEHICLE,N,N,49.210462,-123.116122,Y,MARCH,N,VANCOUVER,VANCOUVER,VANCOUVER,Y,Y,Y,LOWER MAINLAND,SW MARINE DR # 000400 TO 000498 even,SW MARINE DR,SW MARINE DR,12:00-14:59,1,1
N,CASUALTY CRASH,\N,N,2024,SATURDAY,SINGLE VEHICLE,N,N,49.225113,-124.036502,Y,MARCH,N,NANAIMO,NANAIMO,NANAIMO,N,Y,Y,VANCOUVER ISLAND,TURNER RD # 005782 TO 005808 even,TURNER RD,TURNER RD,12:00-14:59,1,1
N,CASUALTY CRASH,\N,N,2024,SATURDAY,SINGLE VEHICLE,N,N,49.325809,-123.139912,Y,MARCH,N,WEST VANCOUVER,WEST VANCOUVER,WEST VANCOUVER,N,Y,Y,LOWER MAINLAND,PARK ROYAL SOUTH # 001131 TO 003000,PARK ROYAL SOUTH,PARK ROYAL SOUTH,12:00-14:59,1,1
N,CASUALTY CRASH,\N,N,2024,SATURDAY,UNDETERMINED,N,N,\N,\N,N,MARCH,N,COMOX,COMOX,\N,N,N,N,VANCOUVER ISLAND,UNKNOWN,HWY 19,HWY 19,12:00-14:59,1,1
N,CASUALTY CRASH,\N,N,2024,SATURDAY,UNDETERMINED,N,N,49.04957,-122.290331,Y,MARCH,N,ABBOTSFORD,ABBOTSFORD,ABBOTSFORD,Y,Y,N,LOWER MAINLAND,MONTROSE AVE # 002600 TO 002649,MONTROSE AVE,MONTROSE AVE,12:00-14:59,1,2
N,CASUALTY CRASH,\N,N,2024,SATURDAY,UNDETERMINED,N,N,49.205562,-123.127992,Y,MARCH,N,VANCOUVER,VANCOUVER,VANCOUVER,Y,Y,N,LOWER MAINLAND,SW MARINE DR # 000900 TO 000938 even,SW MARINE DR,SW MARINE DR,12:00-14:59,1,1
N,CASUALTY CRASH,\N,N,2024,SATURDAY,UNDETERMINED,N,N,49.263829,-124.79555,Y,MARCH,N,PORT ALBERNI,PORT ALBERNI,PORT ALBERNI,Y,N,N,VANCOUVER ISLAND,JOHNSTON RD # 004000 TO 004099,JOHNSTON RD,JOHNSTON RD,12:00-14:59,1,1
N,CASUALTY CRASH,\N,Y,2024,SATURDAY,UNDETERMINED,N,N,49.264849,-123.113804,Y,MARCH,N,VANCOUVER,VANCOUVER,VANCOUVER,N,N,N,LOWER MAINLAND,W 7TH AVE # 000400 TO 000499,W 7TH AVE,W 7TH AVE,12:00-14:59,1,1
N,CASUALTY CRASH,101A AVE,N,2024,SATURDAY,UNDETERMINED,N,Y,49.186903,-122.812025,N,MARCH,N,SURREY,SURREY,SURREY,N,N,N,LOWER MAINLAND,101A AVE & 148 ST,148 ST,148 ST,12:00-14:59,1,2
N,CASUALTY CRASH,107A AVE,N,2024,SATURDAY,HEAD ON,N,Y,49.197908,-122.784216,N,MARCH,N,SURREY,SURREY,SURREY,N,N,N,LOWER MAINLAND,107A AVE & 158 ST,158 ST,158 ST,12:00-14:59,1,2
N,CASUALTY CRASH,116 AVE,N,2024,SATURDAY,SIDE IMPACT,N,Y,55.744829,-120.221382,N,MARCH,N,DAWSON CREEK,DAWSON CREEK,DAWSON CREEK,N,N,N,NORTH CENTRAL,116 AVE & 7 ST,7 ST,7 ST,12:00-14:59,1,1
N,CASUALTY CRASH,126 ST,N,2024,SATURDAY,REAR END,N,Y,49.119187,-122.873394,N,MARCH,N,SURREY,SURREY,SURREY,N,N,N,LOWER MAINLAND,126 ST & 64 AVE & PARK ACCESS,64 AVE,64 AVE,12:00-14:59,1,1
N,CASUALTY CRASH,128 ST,N,2024,SATURDAY,REAR END,N,Y,49.206298,-122.867395,N,MARCH,N,SURREY,SURREY,SURREY,N,N,N,LOWER MAINLAND,112A AVE & 128 ST & BRIDGEVIEW DR & KING GEORGE BLVD & TURNING LANE,KING GEORGE BLVD,KING GEORGE BLVD,12:00-14:59,1,2
N,CASUALTY CRASH,148 ST,N,2024,SATURDAY,REAR END,N,Y,49.11913,-122.812222,N,MARCH,N,SURREY,SURREY,SURREY,N,N,N,LOWER MAINLAND,148 ST & 64 AVE,64 AVE,64 AVE,12:00-14:59,1,2
N,CASUALTY CRASH,152 ST,N,2024,SATURDAY,CONFLICTED,N,Y,49.104433,-122.801032,N,MARCH,N,SURREY,SURREY,SURREY,N,N,N,LOWER MAINLAND,152 ST & 56 AVE,HWY 10,HWY 10,12:00-14:59,1,4
N,CASUALTY CRASH,168 ST,N,2024,SATURDAY,CONFLICTED,N,Y,49.031059,-122.757133,N,MARCH,N,SURREY,SURREY,SURREY,N,N,N,LOWER MAINLAND,16 AVE & 168 ST,16 AVE,16 AVE,12:00-14:59,1,5
N,CASUALTY CRASH,1ST AVE,N,2024,SATURDAY,SIDE IMPACT,N,Y,49.269397,-123.023574,N,MARCH,N,BURNABY,BURNABY,BURNABY & VANCOUVER,N,N,N,LOWER MAINLAND,1ST AVE & BOUNDARY RD & E 1ST AVE,BOUNDARY RD,BOUNDARY RD,12:00-14:59,1,1
N,CASUALTY CRASH,200 ST,N,2024,SATURDAY,CONFLICTED,N,Y,49.076086,-122.669504,N,MARCH,N,LANGLEY,LANGLEY,LANGLEY,N,N,N,LOWER MAINLAND,200 ST & 40A AVE,40A AVE,40A AVE,12:00-14:59,1,3
N,CASUALTY CRASH,203 ST,N,2024,SATURDAY,REAR END,N,Y,49.122599,-122.660019,N,MARCH,N,LANGLEY,LANGLEY,LANGLEY,N,N,N,LOWER MAINLAND,203 ST & 66 AVE,66 AVE,66 AVE,12:00-14:59,1,2
N,CASUALTY CRASH,56 AVE,N,2024,SATURDAY,CONFLICTED,N,Y,49.103984,-122.537089,N,MARCH,N,LANGLEY,LANGLEY,LANGLEY,N,N,N,LOWER MAINLAND,248 ST & 56 AVE,248 ST,248 ST,12:00-14:59,1,1
N,CASUALTY CRASH,62 AVE,N,2024,SATURDAY,SIDE IMPACT,N,Y,49.115314,-122.668295,N,MARCH,N,LANGLEY,LANGLEY,LANGLEY,N,N,N,LOWER MAINLAND,200 ST & 62 AVE & TURNING LANE,200 ST,200 ST,12:00-14:59,1,2
N,CASUALTY CRASH,68 AVE,N,2024,SATURDAY,REAR END,N,Y,49.126361,-122.801063,N,MARCH,N,SURREY,SURREY,SURREY,N,N,N,LOWER MAINLAND,152 ST & 68 AVE,152 ST,152 ST,12:00-14:59,1,1
N,CASUALTY CRASH,68 AVE,N,2024,SATURDAY,SIDE SWIPE - SAME DIRECTION,N,Y,49.126272,-122.668595,N,MARCH,N,LANGLEY,LANGLEY,LANGLEY,N,N,N,LOWER MAINLAND,200 ST & 68 AVE,200 ST,200 ST,12:00-14:59,1,2
N,CASUALTY CRASH,69A AVE,N,2024,SATURDAY,REAR END,N,Y,49.129305,-122.856643,N,MARCH,N,SURREY,SURREY,SURREY,N,N,N,LOWER MAINLAND,132 ST & 69A AVE,132 ST,132 ST,12:00-14:59,1,1
N,CASUALTY CRASH,74 AVE,N,2024,SATURDAY,REAR END,N,Y,49.13718,-122.845616,N,MARCH,N,SURREY,SURREY,SURREY,N,N,N,LOWER MAINLAND,74 AVE & KING GEORGE BLVD & TURNING LANE,KING GEORGE BLVD,KING GEORGE BLVD,12:00-14:59,1,1
N,CASUALTY CRASH,80 AVE,Y,2024,SATURDAY,SINGLE VEHICLE,N,Y,49.148199,-122.834565,N,MARCH,N,SURREY,SURREY,SURREY,Y,N,N,LOWER MAINLAND,140 ST & 80 AVE,140 ST,140 ST,12:00-14:59,1,1
N,CASUALTY CRASH,83A AVE,N,2024,SATURDAY,REAR END,N,Y,49.154468,-122.834612,N,MARCH,N,SURREY,SURREY,SURREY,N,N,N,LOWER MAINLAND,140 ST & 83A AVE,140 ST,140 ST,12:00-14:59,1,1
N,CASUALTY CRASH,84 AVE,N,2024,SATURDAY,REAR END,N,Y,49.155427,-122.84574,N,MARCH,N,SURREY,SURREY,SURREY,N,N,N,LOWER MAINLAND,84 AVE & KING GEORGE BLVD,KING GEORGE BLVD,KING GEORGE BLVD,12:00-14:59,1,1
N,CASUALTY CRASH,86 AVE,N,2024,SATURDAY,REAR END,N,Y,49.159187,-122.80146,N,MARCH,N,SURREY,SURREY,SURREY,N,N,N,LOWER MAINLAND,152 ST & 86 AVE,152 ST,152 ST,12:00-14:59,1,1
N,CASUALTY CRASH,90 AVE,N,2024,SATURDAY,SIDE IMPACT,N,Y,49.16643,-122.873584,N,MARCH,N,SURREY,SURREY,SURREY,N,N,N,LOWER MAINLAND,126 ST & 90 AVE,126 ST,126 ST,12:00-14:59,1,2
N,CASUALTY CRASH,96A AVE,N,2024,SATURDAY,UNDETERMINED,N,Y,49.178142,-122.890163,N,MARCH,N,SURREY,SURREY,SURREY,N,N,N,LOWER MAINLAND,120 ST & 96A AVE,120 ST,120 ST,12:00-14:59,1,1
N,CASUALTY CRASH,AUCHINACHIE RD,N,2024,SATURDAY,SINGLE VEHICLE,N,Y,48.795757,-123.736411,N,MARCH,N,DUNCAN,DUNCAN,DUNCAN,N,N,N,VANCOUVER ISLAND,AUCHINACHIE RD & SOMENOS RD,SOMENOS RD,SOMENOS RD,12:00-14:59,1,1
N,CASUALTY CRASH,BARON RD,N,2024,SATURDAY,REAR END,N,Y,49.879594,-119.432025,N,MARCH,N,KELOWNA,KELOWNA,KELOWNA,N,N,N,SOUTHERN INTERIOR,BARON RD & DURNIN RD,DURNIN RD,DURNIN RD,12:00-14:59,1,1
N,CASUALTY CRASH,BEGIN ST,N,2024,SATURDAY,CONFLICTED,N,Y,49.239208,-122.859773,N,MARCH,N,COQUITLAM,COQUITLAM,COQUITLAM,Y,N,N,LOWER MAINLAND,BEGIN ST & BRUNETTE AVE,BRUNETTE AVE,BRUNETTE AVE,12:00-14:59,1,2
N,CASUALTY CRASH,BERESFORD ST,N,2024,SATURDAY,SINGLE VEHICLE,N,Y,49.218429,-122.981155,N,MARCH,Y,BURNABY,BURNABY,BURNABY,N,N,N,LOWER MAINLAND,BERESFORD ST & KENNETH AVE,KENNETH AVE,KENNETH AVE,12:00-14:59,1,1
N,CASUALTY CRASH,BEVERLY ST,N,2024,SATURDAY,CONFLICTED,N,Y,48.786627,-123.706189,N,MARCH,N,DUNCAN,DUNCAN,DUNCAN,N,N,N,VANCOUVER ISLAND,BEVERLY ST & TRANS-CANADA HWY & TURNING LANE,HWY 1,HWY 1,12:00-14:59,1,3
N,CASUALTY CRASH,BLUE JAY ST,N,2024,SATURDAY,CONFLICTED,N,Y,49.060459,-122.370502,N,MARCH,N,ABBOTSFORD,ABBOTSFORD,ABBOTSFORD,N,N,N,LOWER MAINLAND,BLUE JAY ST & SANDPIPER DR,SANDPIPER DR,SANDPIPER DR,12:00-14:59,1,1
N,CASUALTY CRASH,BRENTLAWN DR,N,2024,SATURDAY,UNDETERMINED,N,Y,49.270168,-123.003158,N,MARCH,N,BURNABY,BURNABY,BURNABY,N,N,Y,LOWER MAINLAND,BRENTLAWN DR & GRAVELEY ST & WILLINGDON AVE,WILLINGDON AVE,WILLINGDON AVE,12:00-14:59,1,1
N,CASUALTY CRASH,BRUNETTE AVE OFFRAMP,N,2024,SATURDAY,REAR END,N,Y,49.234521,-122.878438,N,MARCH,N,COQUITLAM,COQUITLAM,COQUITLAM & NEW WESTMINSTER,N,N,N,LOWER MAINLAND,BRUNETTE AVE & BRUNETTE AVE OFFRAMP & BRUNETTE AVE ONRAMP & TRANS-CANADA HWY,HWY 1,HWY 1,12:00-14:59,1,1
N,CASUALTY CRASH,BURNABY ST,N,2024,SATURDAY,SIDE IMPACT,N,Y,49.279657,-123.132241,N,MARCH,N,VANCOUVER,VANCOUVER,VANCOUVER,N,N,N,LOWER MAINLAND,BURNABY ST & THURLOW ST,THURLOW ST,THURLOW ST,12:00-14:59,1,1
N,CASUALTY CRASH,BURRARD ST BRIDGE,N,2024,SATURDAY,REAR END,N,Y,49.273172,-123.144127,N,MARCH,N,VANCOUVER,VANCOUVER,VANCOUVER,N,N,N,LOWER MAINLAND,BURRARD ST & BURRARD ST BRIDGE,BURRARD ST,BURRARD ST,12:00-14:59,1,1
N,CASUALTY CRASH,CANADA WAY,N,2024,SATURDAY,REAR END,N,Y,49.224089,-122.940994,N,MARCH,N,BURNABY,BURNABY,BURNABY,N,N,N,LOWER MAINLAND,CANADA WAY & EDMONDS ST,EDMONDS ST,EDMONDS ST,12:00-14:59,1,1
N,CASUALTY CRASH,CEDAR HILL RD,N,2024,SATURDAY,REAR END,N,Y,48.448343,-123.343944,N,MARCH,N,SAANICH,SAANICH,SAANICH & VICTORIA,N,N,N,VANCOUVER ISLAND,CEDAR HILL GOLF COURSE TRAIL & CEDAR HILL RD & FINLAYSON ST & NORTH DAIRY RD,FINLAYSON ST,FINLAYSON ST,12:00-14:59,1,1
N,CASUALTY CRASH,CEDAR HILL RD,N,2024,SATURDAY,REAR END,N,Y,48.468644,-123.335332,N,MARCH,N,SAANICH,SAANICH,SAANICH,N,N,N,VANCOUVER ISLAND,CEDAR HILL RD & MCKENZIE AVE,MCKENZIE AVE,MCKENZIE AVE,12:00-14:59,1,1
N,CASUALTY CRASH,CENTRAL AVE,N,2024,SATURDAY,UNDETERMINED,N,Y,49.190119,-122.847687,N,MARCH,N,SURREY,SURREY,SURREY,N,N,Y,LOWER MAINLAND,CENTRAL AVE & CITY PKY,CITY PKY,CITY PKY,12:00-14:59,1,1
N,CASUALTY CRASH,CITY PKY,N,2024,SATURDAY,UNDETERMINED,N,Y,49.191622,-122.847823,N,MARCH,N,SURREY,SURREY,SURREY,N,N,N,LOWER MAINLAND,104 AVE & CITY PKY,104 AVE,104 AVE,12:00-14:59,1,1
N,CASUALTY CRASH,CLEARBROOK RD,N,2024,SATURDAY,CONFLICTED,N,Y,49.040439,-122.337203,N,MARCH,N,ABBOTSFORD,ABBOTSFORD,ABBOTSFORD,N,N,N,LOWER MAINLAND,CLEARBROOK RD & MADIERA PL,MADIERA PL,MADIERA PL,12:00-14:59,1,2
N,CASUALTY CRASH,COCHRANE AVE,N,2024,SATURDAY,SINGLE VEHICLE,N,Y,49.252005,-122.892942,N,MARCH,N,BURNABY,BURNABY,BURNABY & COQUITLAM,N,N,Y,LOWER MAINLAND,COCHRANE AVE & NORTH RD,NORTH RD,NORTH RD,12:00-14:59,1,1
N,CASUALTY CRASH,E 7TH AVE,N,2024,SATURDAY,SIDE SWIPE - SAME DIRECTION,N,Y,49.263816,-123.033756,N,MARCH,N,VANCOUVER,VANCOUVER,VANCOUVER,N,N,N,LOWER MAINLAND,E 7TH AVE & RUPERT ST,RUPERT ST,RUPERT ST,12:00-14:59,1,1
N,CASUALTY CRASH,FAIRWAY AVE,N,2024,SATURDAY,CONFLICTED,N,Y,49.489825,-119.604446,N,MARCH,N,PENTICTON,PENTICTON,PENTICTON,N,N,N,SOUTHERN INTERIOR,FAIRWAY AVE & RAILWAY ST & MALL ACCESS,HWY 97,HWY 97,12:00-14:59,1,1
N,CASUALTY CRASH,FELL AVE,N,2024,SATURDAY,REAR END,N,Y,49.275206,-122.975613,N,MARCH,N,BURNABY,BURNABY,BURNABY,N,N,N,LOWER MAINLAND,CURTIS ST & FELL AVE,CURTIS ST,CURTIS ST,12:00-14:59,1,1
N,CASUALTY CRASH,FIRST AVE,N,2024,SATURDAY,CONFLICTED,N,Y,49.169011,-121.939966,N,MARCH,N,CHILLIWACK,CHILLIWACK,CHILLIWACK,N,N,N,LOWER MAINLAND,FIRST AVE & HAZEL ST,HAZEL ST,HAZEL ST,12:00-14:59,1,2
N,CASUALTY CRASH,GAGLARDI WAY ONRAMP,N,2024,SATURDAY,UNDETERMINED,N,Y,49.242746,-122.914684,N,MARCH,N,BURNABY,BURNABY,BURNABY,N,N,N,LOWER MAINLAND,GAGLARDI WAY & GAGLARDI WAY OFFRAMP & GAGLARDI WAY ONRAMP & TRANS-CANADA HWY,HWY 1,HWY 1,12:00-14:59,1,3
N,CASUALTY CRASH,GIFFORD ST,N,2024,SATURDAY,CONFLICTED,N,Y,49.185225,-122.952393,N,MARCH,N,NEW WESTMINSTER,NEW WESTMINSTER,NEW WESTMINSTER,N,N,N,LOWER MAINLAND,BOYD ST & GIFFORD ST,BOYD ST,BOYD ST,12:00-14:59,1,1
N,CASUALTY CRASH,GRAHAM ST,N,2024,SATURDAY,REAR END,N,Y,48.439774,-123.356518,N,MARCH,N,VICTORIA,VICTORIA,VICTORIA,N,N,N,VANCOUVER ISLAND,GRAHAM ST & HILLSIDE AVE,HILLSIDE AVE,HILLSIDE AVE,12:00-14:59,1,1
N,CASUALTY CRASH,GRANGE ST,N,2024,SATURDAY,REAR END,N,Y,49.23264,-123.012671,N,MARCH,N,BURNABY,BURNABY,BURNABY,N,N,N,LOWER MAINLAND,GRANGE ST & KINGSWAY & PATTERSON AVE & TURNING LANE,KINGSWAY,KINGSWAY,12:00-14:59,1,2
N,CASUALTY CRASH,HANES AVE,N,2024,SATURDAY,REAR END,N,Y,49.322336,-123.097965,N,MARCH,Y,NORTH VANCOUVER,NORTH VANCOUVER,NORTH VANCOUVER,N,N,N,LOWER MAINLAND,FELL LANE & HANES AVE & MARINE DR,MARINE DR,MARINE DR,12:00-14:59,1,1
N,CASUALTY CRASH,HWY 1,N,2024,SATURDAY,CONFLICTED,N,Y,49.101569,-122.492803,N,MARCH,N,LANGLEY,LANGLEY,LANGLEY,N,N,N,LOWER MAINLAND,264 ST & 264 ST OFFRAMP & 264 ST ONRAMP & 56 AVE & 56 AVE OFFRAMP & 56 AVE ONRAMP & TRANS-CANADA HWY & TURNING LANE,264 ST,264 ST,12:00-14:59,1,2
N,CASUALTY CRASH,HWY 10,N,2024,SATURDAY,REAR END,N,Y,49.104465,-122.80617,N,MARCH,N,SURREY,SURREY,SURREY,N,N,N,LOWER MAINLAND,56 AVE & PANORAMA DR & TURNING LANE,PANORAMA DR,PANORAMA DR,12:00-14:59,1,1
N,CASUALTY CRASH,HWY 10,N,2024,SATURDAY,UNDETERMINED,N,Y,49.104187,-122.733672,N,MARCH,N,SURREY,SURREY,SURREY,N,N,N,LOWER MAINLAND,176A ST & 56 AVE,176A ST,176A ST,12:00-14:59,1,2
N,CASUALTY CRASH,HWY 3,N,2024,SATURDAY,SIDE IMPACT,N,Y,49.282697,-117.627353,N,MARCH,N,OOTISCHENIA,OOTISCHENIA,OOTISCHENIA,N,N,N,SOUTHERN INTERIOR,COLUMBIA RD & HWY 3 & TURNING LANE,COLUMBIA RD,COLUMBIA RD,12:00-14:59,1,3
N,CASUALTY CRASH,HWY 91,N,2024,SATURDAY,REAR END,N,Y,49.133851,-122.927507,N,MARCH,N,DELTA,DELTA,DELTA,N,N,N,LOWER MAINLAND,72 AVE & 72 AVE OFFRAMP & 72 AVE ONRAMP & HWY 91 & HWY 91 OFFRAMP & HWY 91 ONRAMP,72 AVE,72 AVE,12:00-14:59,1,1
N,CASUALTY CRASH,HWY 91,N,2024,SATURDAY,REAR END,N,Y,49.146506,-122.944458,N,MARCH,N,DELTA,DELTA,DELTA,N,N,N,LOWER MAINLAND,HWY 17 & HWY 91 & HWY 91 CONN & HWY 91 CONN OFFRAMP & HWY 91 CONN ONRAMP & NORDEL WAY & NORDEL WAY OFFRAMP & NORDEL WAY ONRAMP & NORDEL WAY OVERPASS & WEIGH SCALE RD & SCALE ACCESS & TURNING LANE,NORDEL WAY,NORDEL WAY,12:00-14:59,1,1
N,CASUALTY CRASH,HWY 97 N,N,2024,SATURDAY,REAR END,N,Y,49.88179,-119.434985,N,MARCH,N,KELOWNA,KELOWNA,KELOWNA,N,Y,N,SOUTHERN INTERIOR,HARVEY AVE & HWY 97 N & UNDERHILL ST & TURNING LANE,UNDERHILL ST,UNDERHILL ST,12:00-14:59,1,1
N,CASUALTY CRASH,INGLETON AVE,N,2024,SATURDAY,SIDE SWIPE - SAME DIRECTION,N,Y,49.248821,-123.017437,N,MARCH,N,BURNABY,BURNABY,BURNABY,N,N,N,LOWER MAINLAND,INGLETON AVE & KINCAID ST,KINCAID ST,KINCAID ST,12:00-14:59,1,1
N,CASUALTY CRASH,JOYCE ST,N,2024,SATURDAY,SIDE SWIPE - SAME DIRECTION,N,Y,49.234143,-123.035895,N,MARCH,N,VANCOUVER,VANCOUVER,VANCOUVER,N,N,N,LOWER MAINLAND,JOYCE ST & KINGSWAY,KINGSWAY,KINGSWAY,12:00-14:59,1,1
N,CASUALTY CRASH,KASLO ST,N,2024,SATURDAY,SIDE SWIPE - SAME DIRECTION,N,Y,49.282973,-123.046675,N,MARCH,N,VANCOUVER,VANCOUVER,VANCOUVER,N,N,N,LOWER MAINLAND,KASLO ST & PANDORA ST,PANDORA ST,PANDORA ST,12:00-14:59,1,1
N,CASUALTY CRASH,KINGSTON ST,N,2024,SATURDAY,SIDE IMPACT,N,Y,49.213996,-122.663541,N,MARCH,N,MAPLE RIDGE,MAPLE RIDGE,MAPLE RIDGE,N,N,N,LOWER MAINLAND,KINGSTON ST & STEWART CRES,STEWART CRES,STEWART CRES,12:00-14:59,1,1
N,CASUALTY CRASH,KINGSWAY,N,2024,SATURDAY,REAR END,N,Y,49.218316,-122.951539,N,MARCH,N,BURNABY,BURNABY,BURNABY,N,N,N,LOWER MAINLAND,EDMONDS ST & KINGSWAY & TURNING LANE,EDMONDS ST,EDMONDS ST,12:00-14:59,1,2
N,CASUALTY CRASH,KINGSWAY,N,2024,SATURDAY,REAR END,N,Y,49.22195,-122.979416,N,MARCH,N,BURNABY,BURNABY,BURNABY,N,N,N,LOWER MAINLAND,IMPERIAL ST & KINGSWAY,IMPERIAL ST,IMPERIAL ST,12:00-14:59,1,1
N,CASUALTY CRASH,KINGSWAY,N,2024,SATURDAY,REAR END,N,Y,49.234143,-123.035895,N,MARCH,N,VANCOUVER,VANCOUVER,VANCOUVER,N,N,N,LOWER MAINLAND,JOYCE ST & KINGSWAY,JOYCE ST,JOYCE ST,12:00-14:59,1,1
N,CASUALTY CRASH,KINGSWAY,N,2024,SATURDAY,SIDE SWIPE - SAME DIRECTION,N,Y,49.26287,-123.099518,N,MARCH,N,VANCOUVER,VANCOUVER,VANCOUVER,N,N,N,LOWER MAINLAND,E BROADWAY & KINGSWAY,E BROADWAY,E BROADWAY,12:00-14:59,1,1
N,CASUALTY CRASH,KNIGHT ST BRIDGE,N,2024,SATURDAY,REAR END,N,Y,49.191996,-123.077454,N,MARCH,N,RICHMOND,RICHMOND,RICHMOND,N,N,N,LOWER MAINLAND,BRIDGEPORT RD & BRIDGEPORT RD OFFRAMP & BRIDGEPORT RD ONRAMP & KNIGHT ST & KNIGHT ST BRIDGE & MANNINI WAY & TURNING LANE,KNIGHT ST,KNIGHT ST,12:00-14:59,1,3
N,CASUALTY CRASH,KWANTLEN ST,N,2024,SATURDAY,REAR END,N,Y,49.177318,-123.128716,N,MARCH,N,RICHMOND,RICHMOND,RICHMOND,N,N,N,LOWER MAINLAND,ALDERBRIDGE WAY & KWANTLEN ST,ALDERBRIDGE WAY,ALDERBRIDGE WAY,12:00-14:59,1,1
N,CASUALTY CRASH,LIONS GATE BRIDGE,N,2024,SATURDAY,CONFLICTED,N,Y,49.311996,-123.141757,N,MARCH,N,VANCOUVER,VANCOUVER,VANCOUVER,N,N,N,LOWER MAINLAND,ELDON TRAIL & LIONS GATE BRIDGE & STANLEY PARK CAUSEWAY,HWY 99,HWY 99,12:00-14:59,1,2
N,CASUALTY CRASH,LOUGHEED HWY,N,2024,SATURDAY,CONFLICTED,N,Y,49.215886,-122.590316,N,MARCH,N,MAPLE RIDGE,MAPLE RIDGE,MAPLE RIDGE,N,N,N,LOWER MAINLAND,228 ST & LOUGHEED HWY & RITCHIE AVE & TURNING LANE,228 ST,228 ST,12:00-14:59,1,1
N,CASUALTY CRASH,LYNN VALLEY RD ONRAMP,N,2024,SATURDAY,REAR END,N,Y,49.328871,-123.053569,N,MARCH,N,NORTH VANCOUVER,NORTH VANCOUVER,NORTH VANCOUVER,N,N,N,LOWER MAINLAND,BOULEVARD CRES & E 21ST ST & GRAND BLVD OFFRAMP & GRAND BLVD ONRAMP & LYNN VALLEY RD & LYNN VALLEY RD ONRAMP & TRANS-CANADA HWY & WILLIAM AVE OFFRAMP & TURNING LANE,UPPER LEVELS HWY,UPPER LEVELS HWY,12:00-14:59,1,3
N,CASUALTY CRASH,MACPHERSON AVE,N,2024,SATURDAY,UNDETERMINED,N,Y,49.223125,-122.983089,N,MARCH,N,BURNABY,BURNABY,BURNABY,N,N,N,LOWER MAINLAND,KINGSWAY & MACPHERSON AVE,KINGSWAY,KINGSWAY,12:00-14:59,1,1
N,CASUALTY CRASH,MARIE AVE,Y,2024,SATURDAY,SINGLE VEHICLE,N,Y,49.102245,-121.962566,N,MARCH,N,CHILLIWACK,CHILLIWACK,CHILLIWACK,N,N,N,LOWER MAINLAND,CAMPUS DR & MARIE AVE & VEDDER RD,VEDDER RD,VEDDER RD,12:00-14:59,1,1
N,CASUALTY CRASH,MARY HILL BYPASS,N,2024,SATURDAY,REAR END,N,Y,49.240773,-122.761896,N,MARCH,N,PORT COQUITLAM,PORT COQUITLAM,PORT COQUITLAM,N,N,N,LOWER MAINLAND,BROADWAY ST & MARY HILL BYPASS & TURNING LANE,BROADWAY ST,BROADWAY ST,12:00-14:59,1,1
N,CASUALTY CRASH,MCCONNELL RD,N,2024,SATURDAY,CONFLICTED,N,Y,49.024049,-122.265365,N,MARCH,N,ABBOTSFORD,ABBOTSFORD,ABBOTSFORD,N,N,N,LOWER MAINLAND,MCCONNELL RD & SUMAS WAY & TURNING LANE,SUMAS WAY,SUMAS WAY,12:00-14:59,1,2
N,CASUALTY CRASH,MCKIM WAY,N,2024,SATURDAY,SIDE IMPACT,N,Y,49.183561,-123.124648,N,MARCH,N,RICHMOND,RICHMOND,RICHMOND,N,N,N,LOWER MAINLAND,GARDEN CITY RD & MCKIM WAY,GARDEN CITY RD,GARDEN CITY RD,12:00-14:59,1,2
N,CASUALTY CRASH,MCLEAN DR,N,2024,SATURDAY,SIDE IMPACT,N,Y,49.269634,-123.075422,N,MARCH,N,VANCOUVER,VANCOUVER,VANCOUVER,N,N,N,LOWER MAINLAND,E 1ST AVE & MCLEAN DR,E 1ST AVE,E 1ST AVE,12:00-14:59,1,3
N,CASUALTY CRASH,MEMORIAL PKY,N,2024,SATURDAY,REAR END,N,N,\N,\N,N,MARCH,N,LANGFORD,LANGFORD,\N,N,N,N,VANCOUVER ISLAND,UNKNOWN,LANGFORD PKY,LANGFORD PKY,12:00-14:59,1,1
N,CASUALTY CRASH,MEMORIAL RD,Y,2024,SATURDAY,SINGLE VEHICLE,N,Y,49.266799,-123.257323,N,MARCH,N,UBC,UBC,UBC,N,N,N,LOWER MAINLAND,MEMORIAL RD & WEST MALL,WEST MALL,WEST MALL,12:00-14:59,1,1
N,CASUALTY CRASH,MILLS ST,N,2024,SATURDAY,REAR END,N,Y,49.318737,-124.300517,N,MARCH,N,PARKSVILLE,PARKSVILLE,PARKSVILLE,N,N,N,VANCOUVER ISLAND,ISLAND HWY E & MILLS ST,HWY 19A,HWY 19A,12:00-14:59,1,1
N,CASUALTY CRASH,MT SICKER RD,N,2024,SATURDAY,REAR END,N,Y,48.874793,-123.707003,N,MARCH,N,CHEMAINUS,CHEMAINUS,CHEMAINUS & WESTHOLME,N,N,N,VANCOUVER ISLAND,MT SICKER RD & TRANS-CANADA HWY & TURNING LANE,HWY 1,HWY 1,12:00-14:59,1,1
N,CASUALTY CRASH,NANAIMO ST,N,2024,SATURDAY,SIDE SWIPE - SAME DIRECTION,N,Y,49.241871,-123.058121,N,MARCH,N,VANCOUVER,VANCOUVER,VANCOUVER,N,N,N,LOWER MAINLAND,KINGSWAY & NANAIMO ST,KINGSWAY,KINGSWAY,12:00-14:59,1,1
N,CASUALTY CRASH,NELSON AVE,N,2024,SATURDAY,CONFLICTED,N,Y,49.20385,-122.999562,N,MARCH,N,BURNABY,BURNABY,BURNABY,N,N,N,LOWER MAINLAND,MARINE WAY & NELSON AVE & TURNING LANE,MARINE WAY,MARINE WAY,12:00-14:59,1,2
N,CASUALTY CRASH,NELSON AVE,N,2024,SATURDAY,SIDE IMPACT,N,Y,49.207737,-122.998323,N,MARCH,N,BURNABY,BURNABY,BURNABY,N,N,N,LOWER MAINLAND,MARINE DR & NELSON AVE,MARINE DR,MARINE DR,12:00-14:59,1,1
N,CASUALTY CRASH,NO 3 RD,N,2024,SATURDAY,REAR END,N,Y,49.170211,-123.136548,N,MARCH,N,RICHMOND,RICHMOND,RICHMOND,N,N,N,LOWER MAINLAND,NO 3 RD & WESTMINSTER HWY,WESTMINSTER HWY,WESTMINSTER HWY,12:00-14:59,1,2
N,CASUALTY CRASH,NO 5 RD,N,2024,SATURDAY,REAR END,N,Y,49.133365,-123.092135,N,MARCH,N,RICHMOND,RICHMOND,RICHMOND,N,N,N,LOWER MAINLAND,NO 5 RD & STEVESTON HWY & TURNING LANE,STEVESTON HWY,STEVESTON HWY,12:00-14:59,1,1
N,CASUALTY CRASH,NORTH PARALLEL RD,N,2024,SATURDAY,CONFLICTED,N,Y,49.040011,-122.220881,N,MARCH,N,ABBOTSFORD,ABBOTSFORD,ABBOTSFORD,N,Y,N,LOWER MAINLAND,NORTH PARALLEL RD & WHATCOM RD & TURNING LANE,WHATCOM RD,WHATCOM RD,12:00-14:59,1,1
N,CASUALTY CRASH,NORTH RD,N,2024,SATURDAY,CONFLICTED,N,Y,49.248046,-122.892802,N,MARCH,N,BURNABY,BURNABY,BURNABY & COQUITLAM,N,Y,N,LOWER MAINLAND,GATINEAU PL & NORTH RD,GATINEAU PL,GATINEAU PL,12:00-14:59,1,1
N,CASUALTY CRASH,OLD ISLAND HWY,N,2024,SATURDAY,REAR END,N,N,\N,\N,N,MARCH,N,NANAIMO,NANAIMO,\N,N,N,N,VANCOUVER ISLAND,UNKNOWN,AULDS RD,AULDS RD,12:00-14:59,1,1
N,CASUALTY CRASH,ONTARIO ST,N,2024,SATURDAY,REAR END,N,Y,49.256637,-123.105058,N,MARCH,N,VANCOUVER,VANCOUVER,VANCOUVER,N,N,N,LOWER MAINLAND,E 16TH AVE & ONTARIO ST & W 16TH AVE,W 16TH AVE,W 16TH AVE,12:00-14:59,1,1
N,CASUALTY CRASH,PARK RD,N,2024,SATURDAY,REAR END,N,Y,50.036502,-125.273273,N,MARCH,N,CAMPBELL RIVER,CAMPBELL RIVER,CAMPBELL RIVER,N,N,N,VANCOUVER ISLAND,ISLAND HWY & PARK RD,HWY 19,HWY 19,12:00-14:59,1,1
N,CASUALTY CRASH,PEARDONVILLE RD,N,2024,SATURDAY,SIDE IMPACT,N,Y,49.045751,-122.33697,N,MARCH,N,ABBOTSFORD,ABBOTSFORD,ABBOTSFORD,N,N,N,LOWER MAINLAND,CLEARBROOK RD & PEARDONVILLE RD & TURNING LANE,CLEARBROOK RD,CLEARBROOK RD,12:00-14:59,1,2
N,CASUALTY CRASH,PEATT RD,N,2024,SATURDAY,REAR END,N,Y,48.455083,-123.496356,N,MARCH,N,LANGFORD,LANGFORD,LANGFORD,N,N,N,VANCOUVER ISLAND,PEATT RD & STRANDLUND AVE & VETERANS MEMORIAL PKY,VETERANS MEMORIAL PKY,VETERANS MEMORIAL PKY,12:00-14:59,1,2
N,CASUALTY CRASH,PENDER ST,N,2024,SATURDAY,REAR END,N,Y,49.280231,-123.023511,N,MARCH,N,BURNABY,BURNABY,BURNABY & VANCOUVER,N,N,N,LOWER MAINLAND,BOUNDARY RD & E PENDER ST & PENDER ST,BOUNDARY RD,BOUNDARY RD,12:00-14:59,1,1
N,CASUALTY CRASH,PIPELINE RD,N,2024,SATURDAY,REAR END,N,Y,49.292831,-122.781174,N,MARCH,N,COQUITLAM,COQUITLAM,COQUITLAM,N,N,N,LOWER MAINLAND,DAVID AVE & PIPELINE RD & TURNING LANE,DAVID AVE,DAVID AVE,12:00-14:59,1,1
N,CASUALTY CRASH,PRIMROSE ST,N,2024,SATURDAY,REAR END,N,Y,49.038205,-122.309544,N,MARCH,N,ABBOTSFORD,ABBOTSFORD,ABBOTSFORD,N,N,N,LOWER MAINLAND,MARSHALL RD & PRIMROSE ST,MARSHALL RD,MARSHALL RD,12:00-14:59,1,2
N,CASUALTY CRASH,RIVERWOOD GATE,N,2024,SATURDAY,REAR END,N,Y,49.262726,-122.756072,N,MARCH,N,PORT COQUITLAM,PORT COQUITLAM,PORT COQUITLAM,N,N,N,LOWER MAINLAND,COAST MERIDIAN RD & RIVERWOOD GATE & ROBERTSON AVE,COAST MERIDIAN RD,COAST MERIDIAN RD,12:00-14:59,1,1
N,CASUALTY CRASH,RUSS BAKER WAY,N,2024,SATURDAY,REAR END,N,Y,49.192621,-123.14231,N,MARCH,N,RICHMOND,RICHMOND,RICHMOND,N,N,N,LOWER MAINLAND,AIRPORT CONNECTOR BRIDGE & AIRPORT STATION & ARTHUR LAING BRIDGE & BRIDGEPORT RD & CESSNA DR & CESSNA DR OFRP & GRANT MCCONACHIE WAY & GRANT MCCONACHIE WAY OFRP & GRANT MCCONACHIE WAY ONRP & MILLER RD & RUSS BAKER WAY & RUSS BAKER WAY OFRP & RUSS BAKER W,BRIDGEPORT RD,BRIDGEPORT RD,12:00-14:59,1,1
N,CASUALTY CRASH,SAANICH RD,N,2024,SATURDAY,REAR END,N,Y,48.469235,-123.371019,N,MARCH,N,SAANICH,SAANICH,SAANICH,N,N,N,VANCOUVER ISLAND,MCKENZIE AVE & SAANICH RD,MCKENZIE AVE,MCKENZIE AVE,12:00-14:59,1,1
N,CASUALTY CRASH,SALSBURY DR,Y,2024,SATURDAY,SIDE IMPACT,N,Y,49.277548,-123.068349,N,MARCH,N,VANCOUVER,VANCOUVER,VANCOUVER,N,N,N,LOWER MAINLAND,ADANAC ST & SALSBURY DR,ADANAC ST,ADANAC ST,12:00-14:59,1,1
N,CASUALTY CRASH,SCOTT RD,N,2024,SATURDAY,REAR END,N,Y,49.134037,-122.890359,N,MARCH,N,DELTA,DELTA,DELTA & SURREY,N,N,N,LOWER MAINLAND,120 ST & 72 AVE,72 AVE,72 AVE,12:00-14:59,1,2
N,CASUALTY CRASH,SECOND NARROWS BRIDGE,N,2024,SATURDAY,REAR END,N,Y,49.287032,-123.031028,N,MARCH,N,VANCOUVER,VANCOUVER,VANCOUVER,N,N,N,LOWER MAINLAND,BRIDGEWAY OFFRAMP & E HASTINGS ST OFFRAMP & IRONWORKERS MEMORIAL BRIDGE & MCGILL ST & MCGILL ST OFFRAMP & MCGILL ST ONRAMP & TRANS-CANADA HWY,MCGILL ST ONRAMP,MCGILL ST ONRAMP,12:00-14:59,1,1
N,CASUALTY CRASH,SEXSMITH RD,N,2024,SATURDAY,REAR END,N,Y,49.918153,-119.387686,N,MARCH,N,KELOWNA,KELOWNA,KELOWNA,N,N,N,SOUTHERN INTERIOR,HWY 97 N & OLD VERNON RD & RUTLAND CRT & SEXSMITH RD & TURNING LANE,HWY 97,HWY 97,12:00-14:59,1,1
N,CASUALTY CRASH,SEXSMITH RD,N,2024,SATURDAY,SIDE IMPACT,N,Y,49.191997,-123.128143,N,MARCH,N,RICHMOND,RICHMOND,RICHMOND,N,N,N,LOWER MAINLAND,BRIDGEPORT RD & SEXSMITH RD,BRIDGEPORT RD,BRIDGEPORT RD,12:00-14:59,1,1
N,CASUALTY CRASH,SHELL RD,N,2024,SATURDAY,REAR END,N,Y,49.184584,-123.10275,N,MARCH,N,RICHMOND,RICHMOND,RICHMOND,N,N,N,LOWER MAINLAND,CAMBIE RD & SHELL RD,CAMBIE RD,CAMBIE RD,12:00-14:59,1,2
N,CASUALTY CRASH,SPENCER ST,N,2024,SATURDAY,SIDE SWIPE - SAME DIRECTION,N,Y,49.235789,-123.040751,N,MARCH,N,VANCOUVER,VANCOUVER,VANCOUVER,N,N,N,LOWER MAINLAND,KINGSWAY & SPENCER ST,KINGSWAY,KINGSWAY,12:00-14:59,1,1
N,CASUALTY CRASH,SW MARINE DR,Y,2024,SATURDAY,SINGLE VEHICLE,N,Y,49.205303,-123.140462,N,MARCH,N,VANCOUVER,VANCOUVER,VANCOUVER,N,N,N,LOWER MAINLAND,GRANVILLE ST & MILTON ST & SW MARINE DR,GRANVILLE ST,GRANVILLE ST,12:00-14:59,1,1
N,CASUALTY CRASH,TAYLOR WAY OFFRAMP,N,2024,SATURDAY,REAR END,N,Y,49.337695,-123.13481,N,MARCH,N,WEST VANCOUVER,WEST VANCOUVER,WEST VANCOUVER,N,N,N,LOWER MAINLAND,TAYLOR WAY & TAYLOR WAY OFFRAMP & TAYLOR WAY ONRAMP & TRANS-CANADA HWY & TRANS-CANADA HWY ONRAMP & WESTCOT RD & TURNING LANE,HWY 1,HWY 1,12:00-14:59,1,1
N,CASUALTY CRASH,THURLOW ST,N,2024,SATURDAY,REAR END,N,Y,49.284599,-123.124848,N,MARCH,N,VANCOUVER,VANCOUVER,VANCOUVER,N,N,N,LOWER MAINLAND,ROBSON ST & THURLOW ST,ROBSON ST,ROBSON ST,12:00-14:59,1,1
N,CASUALTY CRASH,TIMS ST,N,2024,SATURDAY,SIDE IMPACT,N,Y,49.054951,-122.332253,N,MARCH,N,ABBOTSFORD,ABBOTSFORD,ABBOTSFORD,Y,N,N,LOWER MAINLAND,GEORGE FERGUSON WAY & TIMS ST,GEORGE FERGUSON WAY,GEORGE FERGUSON WAY,12:00-14:59,1,3
N,CASUALTY CRASH,VENABLES ST,N,2024,SATURDAY,SIDE IMPACT,N,Y,49.276512,-123.044115,N,MARCH,N,VANCOUVER,VANCOUVER,VANCOUVER,N,N,N,LOWER MAINLAND,RENFREW ST & VENABLES ST,RENFREW ST,RENFREW ST,12:00-14:59,1,2
N,CASUALTY CRASH,VICTORIA DR,N,2024,SATURDAY,UNDETERMINED,N,Y,49.220178,-123.06587,N,MARCH,N,VANCOUVER,VANCOUVER,VANCOUVER,N,N,N,LOWER MAINLAND,ARGYLE DR & E 54TH AVE & VICTORIA DR & TURNING LANE,E 54TH AVE,E 54TH AVE,12:00-14:59,1,1
N,CASUALTY CRASH,W 13TH AVE,Y,2024,SATURDAY,SINGLE VEHICLE,N,Y,49.260049,-123.153096,N,MARCH,N,VANCOUVER,VANCOUVER,VANCOUVER,N,N,N,LOWER MAINLAND,ARBUTUS ST & W 13TH AVE,ARBUTUS ST,ARBUTUS ST,12:00-14:59,1,1
N,CASUALTY CRASH,W 16TH AVE,N,2024,SATURDAY,SIDE IMPACT,N,Y,49.257668,-123.168378,N,MARCH,N,VANCOUVER,VANCOUVER,VANCOUVER,N,N,N,LOWER MAINLAND,MACDONALD ST & W 16TH AVE,MACDONALD ST,MACDONALD ST,12:00-14:59,1,2
N,CASUALTY CRASH,W 64TH AVE,N,2024,SATURDAY,SINGLE VEHICLE,N,Y,49.212187,-123.109974,N,MARCH,N,VANCOUVER,VANCOUVER,VANCOUVER,N,N,N,LOWER MAINLAND,MANITOBA ST & SW MARINE DR & W 64TH AVE,SW MARINE DR,SW MARINE DR,12:00-14:59,1,2
N,CASUALTY CRASH,W 67TH AVE,N,2024,SATURDAY,SINGLE VEHICLE,N,Y,49.210743,-123.130188,N,MARCH,N,VANCOUVER,VANCOUVER,VANCOUVER,N,Y,N,LOWER MAINLAND,OAK ST & W 67TH AVE,OAK ST,OAK ST,12:00-14:59,1,1
N,CASUALTY CRASH,WALLACE ST,N,2024,SATURDAY,REAR END,N,Y,49.257992,-123.190978,N,MARCH,N,VANCOUVER,VANCOUVER,VANCOUVER,N,N,N,LOWER MAINLAND,W 16TH AVE & WALLACE ST,W 16TH AVE,W 16TH AVE,12:00-14:59,1,1
N,CASUALTY CRASH,WESTVIEW DR,N,2024,SATURDAY,REAR END,N,Y,49.33199,-123.088135,N,MARCH,N,NORTH VANCOUVER,NORTH VANCOUVER,NORTH VANCOUVER,N,N,N,LOWER MAINLAND,MOSQUITO CREEK BRIDGE & TRANS-CANADA HWY & WESTVIEW DR & WESTVIEW DR OFFRAMP & WESTVIEW DR ONRAMP & TURNING LANE,WESTVIEW DR OFFRAMP,WESTVIEW DR OFFRAMP,12:00-14:59,1,1
N,CASUALTY CRASH,WINDSOR ST,N,2024,SATURDAY,REAR END,N,Y,49.253845,-123.083718,N,MARCH,N,VANCOUVER,VANCOUVER,VANCOUVER,N,N,N,LOWER MAINLAND,KINGSWAY & WINDSOR ST,KINGSWAY,KINGSWAY,12:00-14:59,1,1
N,PROPERTY DAMAGE ONLY,\N,N,2024,SATURDAY,CONFLICTED,N,N,\N,\N,N,MARCH,N,DELTA,DELTA,\N,Y,Y,N,LOWER MAINLAND,UNKNOWN,CANOE PASS WAY,CANOE PASS WAY,12:00-14:59,1,0
N,PROPERTY DAMAGE ONLY,\N,N,2024,SATURDAY,CONFLICTED,N,N,\N,\N,N,MARCH,N,NORTH VANCOUVER,NORTH VANCOUVER,\N,Y,Y,N,LOWER MAINLAND,UNKNOWN,DAM RD,DAM RD,12:00-14:59,1,0
N,PROPERTY DAMAGE ONLY,\N,N,2024,SATURDAY,CONFLICTED,N,N,48.41618,-123.338228,Y,MARCH,N,VICTORIA,VICTORIA,VICTORIA,N,N,N,VANCOUVER ISLAND,RICHARDSON ST # 001558 TO 001599,RICHARDSON ST,RICHARDSON ST,12:00-14:59,1,0
N,PROPERTY DAMAGE ONLY,\N,N,2024,SATURDAY,CONFLICTED,N,N,48.459759,-123.332968,Y,MARCH,N,SAANICH,SAANICH,SAANICH,Y,Y,N,VANCOUVER ISLAND,SHELBOURNE ST # 003640 TO 003699,SHELBOURNE ST,SHELBOURNE ST,12:00-14:59,1,0
N,PROPERTY DAMAGE ONLY,\N,N,2024,SATURDAY,CONFLICTED,N,N,49.153566,-123.15893,Y,MARCH,N,RICHMOND,RICHMOND,RICHMOND,Y,Y,N,LOWER MAINLAND,NO 2 RD # 008000 TO 008451,NO 2 RD,NO 2 RD,12:00-14:59,1,0
N,PROPERTY DAMAGE ONLY,\N,N,2024,SATURDAY,CONFLICTED,N,N,49.1813,-123.136573,Y,MARCH,N,RICHMOND,RICHMOND,RICHMOND,Y,Y,N,LOWER MAINLAND,NO 3 RD # 004200 TO 004678 even,NO 3 RD,NO 3 RD,12:00-14:59,1,0
N,PROPERTY DAMAGE ONLY,\N,N,2024,SATURDAY,CONFLICTED,N,N,49.192922,-123.09148,Y,MARCH,N,RICHMOND,RICHMOND,RICHMOND,N,Y,N,LOWER MAINLAND,NO 5 RD # 002600 TO 002799,NO 5 RD,NO 5 RD,12:00-14:59,1,0
N,PROPERTY DAMAGE ONLY,\N,N,2024,SATURDAY,CONFLICTED,N,N,49.204922,-122.878666,Y,MARCH,N,SURREY,SURREY,SURREY,Y,Y,N,LOWER MAINLAND,124 ST # 011100 TO 011199,124 ST,124 ST,12:00-14:59,1,0
N,PROPERTY DAMAGE ONLY,\N,N,2024,SATURDAY,CONFLICTED,N,N,49.210044,-124.030755,Y,MARCH,N,NANAIMO,NANAIMO,NANAIMO,Y,Y,N,VANCOUVER ISLAND,LEDGERWOOD RD # 004700 TO 004849,LEDGERWOOD RD,LEDGERWOOD RD,12:00-14:59,1,0
N,PROPERTY DAMAGE ONLY,\N,N,2024,SATURDAY,CONFLICTED,N,N,49.210153,-122.962559,Y,MARCH,N,BURNABY,BURNABY,BURNABY,N,Y,N,LOWER MAINLAND,STATION HILL CRT # 006700 TO 006799,STATION HILL CRT,STATION HILL CRT,12:00-14:59,1,0
N,PROPERTY DAMAGE ONLY,\N,N,2024,SATURDAY,CONFLICTED,N,N,49.235892,-123.056786,Y,MARCH,N,VANCOUVER,VANCOUVER,VANCOUVER,Y,N,N,LOWER MAINLAND,E 38TH AVE # 002327 TO 002499,E 38TH AVE,E 38TH AVE,12:00-14:59,1,0
N,PROPERTY DAMAGE ONLY,\N,N,2024,SATURDAY,CONFLICTED,N,N,49.236351,-124.045794,Y,MARCH,N,NANAIMO,NANAIMO,NANAIMO,N,Y,N,VANCOUVER ISLAND,ISLAND HWY N # 006584 TO 006748 even,ISLAND HWY N,ISLAND HWY N,12:00-14:59,1,0
N,PROPERTY DAMAGE ONLY,\N,N,2024,SATURDAY,CONFLICTED,N,N,49.247561,-123.099806,Y,MARCH,N,VANCOUVER,VANCOUVER,VANCOUVER,N,Y,N,LOWER MAINLAND,E 26TH AVE # 000210 TO 000299,E 26TH AVE,E 26TH AVE,12:00-14:59,1,0
N,PROPERTY DAMAGE ONLY,\N,N,2024,SATURDAY,CONFLICTED,N,N,49.262267,-123.068263,Y,MARCH,N,VANCOUVER,VANCOUVER,VANCOUVER,N,Y,N,LOWER MAINLAND,E BROADWAY # 001752 TO 001806 even,E BROADWAY,E BROADWAY,12:00-14:59,1,0
N,PROPERTY DAMAGE ONLY,\N,N,2024,SATURDAY,CONFLICTED,N,N,49.263682,-123.144585,Y,MARCH,N,VANCOUVER,VANCOUVER,VANCOUVER,Y,Y,N,LOWER MAINLAND,W BROADWAY # 001700 TO 001799,W BROADWAY,W BROADWAY,12:00-14:59,1,0
N,PROPERTY DAMAGE ONLY,\N,N,2024,SATURDAY,CONFLICTED,N,N,49.26459,-123.023715,Y,MARCH,N,VANCOUVER,VANCOUVER,VANCOUVER,N,N,N,LOWER MAINLAND,BOUNDARY RD # 002201 TO 002323 odd,BOUNDARY RD,BOUNDARY RD,12:00-14:59,1,0
N,PROPERTY DAMAGE ONLY,\N,N,2024,SATURDAY,CONFLICTED,N,N,49.276546,-123.07727,Y,MARCH,N,VANCOUVER,VANCOUVER,VANCOUVER,Y,Y,N,LOWER MAINLAND,CLARK DR # 000900 TO 000947,CLARK DR,CLARK DR,12:00-14:59,1,0
N,PROPERTY DAMAGE ONLY,\N,N,2024,SATURDAY,CONFLICTED,N,N,49.280514,-123.113381,Y,MARCH,N,VANCOUVER,VANCOUVER,VANCOUVER,Y,Y,N,LOWER MAINLAND,HAMILTON ST # 000600 TO 000699,HAMILTON ST,HAMILTON ST,12:00-14:59,1,0
N,PROPERTY DAMAGE ONLY,\N,N,2024,SATURDAY,HEAD ON,N,N,\N,\N,N,MARCH,N,INVERMERE,INVERMERE,\N,Y,Y,N,SOUTHERN INTERIOR,UNKNOWN,SATAH RD,SATAH RD,12:00-14:59,1,0
N,PROPERTY DAMAGE ONLY,\N,N,2024,SATURDAY,HEAD ON,N,N,\N,\N,N,MARCH,N,KAMLOOPS,KAMLOOPS,\N,N,N,N,SOUTHERN INTERIOR,UNKNOWN,HARPER RD,HARPER RD,12:00-14:59,1,0
N,PROPERTY DAMAGE ONLY,\N,N,2024,SATURDAY,HEAD ON,N,N,49.1813,-123.136573,Y,MARCH,N,RICHMOND,RICHMOND,RICHMOND,Y,Y,N,LOWER MAINLAND,NO 3 RD # 004200 TO 004678 even,NO 3 RD,NO 3 RD,12:00-14:59,1,0
N,PROPERTY DAMAGE ONLY,\N,N,2024,SATURDAY,HEAD ON,N,N,49.246995,-122.892641,Y,MARCH,N,COQUITLAM,COQUITLAM,COQUITLAM,Y,Y,N,LOWER MAINLAND,NORTH RD # 000401 TO 000449 odd,NORTH RD,NORTH RD,12:00-14:59,1,0
N,PROPERTY DAMAGE ONLY,\N,N,2024,SATURDAY,HEAD ON,N,N,49.291824,-123.129933,Y,MARCH,N,VANCOUVER,VANCOUVER,VANCOUVER,N,Y,N,LOWER MAINLAND,BAYSHORE DR # 001600 TO 001639,BAYSHORE DR,BAYSHORE DR,12:00-14:59,1,0
N,PROPERTY DAMAGE ONLY,\N,N,2024,SATURDAY,MULTIPLE IMPACTS,N,N,\N,\N,N,MARCH,N,KELOWNA,KELOWNA,\N,Y,N,N,SOUTHERN INTERIOR,UNKNOWN,KEEHAN RD,KEEHAN RD,12:00-14:59,1,0
N,PROPERTY DAMAGE ONLY,\N,N,2024,SATURDAY,MULTIPLE IMPACTS,N,N,48.774512,-123.701632,Y,MARCH,N,DUNCAN,DUNCAN,DUNCAN,Y,Y,N,VANCOUVER ISLAND,CENTRAL RD # 000100 TO 000199,CENTRAL RD,CENTRAL RD,12:00-14:59,1,0
N,PROPERTY DAMAGE ONLY,\N,N,2024,SATURDAY,OVERTAKING,N,N,49.025556,-123.068739,Y,MARCH,N,DELTA,DELTA,DELTA,N,Y,N,LOWER MAINLAND,56 ST # 001201 TO 001319 odd,56 ST,56 ST,12:00-14:59,1,0
N,PROPERTY DAMAGE ONLY,\N,N,2024,SATURDAY,REAR END,N,N,\N,\N,N,MARCH,N,BURNABY,BURNABY,\N,N,N,N,LOWER MAINLAND,UNKNOWN,HWY 1,HWY 1,12:00-14:59,1,0
N,PROPERTY DAMAGE ONLY,\N,N,2024,SATURDAY,REAR END,N,N,\N,\N,N,MARCH,N,CAMPBELL RIVER,CAMPBELL RIVER,\N,Y,N,N,VANCOUVER ISLAND,UNKNOWN,11TH AVE,11TH AVE,12:00-14:59,1,0
N,PROPERTY DAMAGE ONLY,\N,N,2024,SATURDAY,REAR END,N,N,\N,\N,N,MARCH,N,LANGDALE,LANGDALE,\N,N,Y,N,LOWER MAINLAND,UNKNOWN,UNKNOWN,UNKNOWN,12:00-14:59,1,0
N,PROPERTY DAMAGE ONLY,\N,N,2024,SATURDAY,REAR END,N,N,\N,\N,N,MARCH,N,LANGLEY,LANGLEY,\N,N,N,N,LOWER MAINLAND,UNKNOWN,HWY 1,HWY 1,12:00-14:59,1,0
N,PROPERTY DAMAGE ONLY,\N,N,2024,SATURDAY,REAR END,N,N,\N,\N,N,MARCH,N,LANGLEY,LANGLEY,\N,Y,Y,N,LOWER MAINLAND,UNKNOWN,8 AVE,8 AVE,12:00-14:59,1,0
N,PROPERTY DAMAGE ONLY,\N,N,2024,SATURDAY,REAR END,N,N,\N,\N,N,MARCH,N,NEW WESTMINSTER,NEW WESTMINSTER,\N,N,N,N,LOWER MAINLAND,UNKNOWN,TWELFTH ST,TWELFTH ST,12:00-14:59,1,0
N,PROPERTY DAMAGE ONLY,\N,N,2024,SATURDAY,REAR END,N,N,\N,\N,N,MARCH,N,NORTH VANCOUVER,NORTH VANCOUVER,\N,N,N,N,LOWER MAINLAND,UNKNOWN,HWY 1,HWY 1,12:00-14:59,1,0
N,PROPERTY DAMAGE ONLY,\N,N,2024,SATURDAY,REAR END,N,N,\N,\N,N,MARCH,N,NORTH VANCOUVER,NORTH VANCOUVER,\N,N,N,N,LOWER MAINLAND,UNKNOWN,UNKNOWN,UNKNOWN,12:00-14:59,1,0
N,PROPERTY DAMAGE ONLY,\N,N,2024,SATURDAY,REAR END,N,N,\N,\N,N,MARCH,N,RICHMOND,RICHMOND,\N,N,N,N,LOWER MAINLAND,UNKNOWN,HWY 91,HWY 91,12:00-14:59,1,0
N,PROPERTY DAMAGE ONLY,\N,N,2024,SATURDAY,REAR END,N,N,\N,\N,N,MARCH,N,SAANICH,SAANICH,\N,N,N,N,VANCOUVER ISLAND,UNKNOWN,MCKEN,MCKEN,12:00-14:59,1,0
N,PROPERTY DAMAGE ONLY,\N,N,2024,SATURDAY,REAR END,N,N,\N,\N,N,MARCH,N,SURREY,SURREY,\N,N,N,N,LOWER MAINLAND,UNKNOWN,HWY 1,HWY 1,12:00-14:59,1,0
N,PROPERTY DAMAGE ONLY,\N,N,2024,SATURDAY,REAR END,N,N,\N,\N,N,MARCH,N,UNKNOWN,UNKNOWN,\N,N,N,N,UNKNOWN,UNKNOWN,HART LAKE ROAD,HART LAKE ROAD,12:00-14:59,1,0
N,PROPERTY DAMAGE ONLY,\N,N,2024,SATURDAY,REAR END,N,N,\N,\N,N,MARCH,N,VANCOUVER,VANCOUVER,\N,N,N,N,LOWER MAINLAND,UNKNOWN,HWY 99,HWY 99,12:00-14:59,1,0
N,PROPERTY DAMAGE ONLY,\N,N,2024,SATURDAY,REAR END,N,N,\N,\N,N,MARCH,N,VANCOUVER,VANCOUVER,\N,Y,N,N,LOWER MAINLAND,UNKNOWN,SPRUCE STREET,SPRUCE STREET,12:00-14:59,1,0
N,PROPERTY DAMAGE ONLY,\N,N,2024,SATURDAY,REAR END,N,N,48.417654,-123.374486,Y,MARCH,N,VICTORIA,VICTORIA,VICTORIA,Y,N,N,VANCOUVER ISLAND,MICHIGAN ST # 000330 TO 000499,MICHIGAN ST,MICHIGAN ST,12:00-14:59,1,0
N,PROPERTY DAMAGE ONLY,\N,N,2024,SATURDAY,REAR END,N,N,49.045534,-122.777923,Y,MARCH,N,SURREY,SURREY,SURREY,N,Y,N,LOWER MAINLAND,24 AVE # 016000 TO 016098 even,24 AVE,24 AVE,12:00-14:59,1,0
N,PROPERTY DAMAGE ONLY,\N,N,2024,SATURDAY,REAR END,N,N,49.054789,-122.322772,Y,MARCH,N,ABBOTSFORD,ABBOTSFORD,ABBOTSFORD,Y,Y,N,LOWER MAINLAND,GEORGE FERGUSON WAY # 032500 TO 032589,GEORGE FERGUSON WAY,GEORGE FERGUSON WAY,12:00-14:59,1,0
N,PROPERTY DAMAGE ONLY,\N,N,2024,SATURDAY,REAR END,N,N,49.057278,-122.444503,Y,MARCH,N,ABBOTSFORD,ABBOTSFORD,ABBOTSFORD,N,Y,N,LOWER MAINLAND,FRASER HWY # 028000 TO 028324,FRASER HWY,FRASER HWY,12:00-14:59,1,0
N,PROPERTY DAMAGE ONLY,\N,N,2024,SATURDAY,REAR END,N,N,49.076929,-117.799366,Y,MARCH,N,ROSSLAND,ROSSLAND,ROSSLAND,N,N,N,SOUTHERN INTERIOR,COLUMBIA AVE # 002000 TO 002099,COLUMBIA AVE,COLUMBIA AVE,12:00-14:59,1,0
N,PROPERTY DAMAGE ONLY,\N,N,2024,SATURDAY,REAR END,N,N,49.107253,-121.959912,Y,MARCH,N,CHILLIWACK,CHILLIWACK,CHILLIWACK,Y,Y,N,LOWER MAINLAND,VEDDER RD # 005700 TO 005780,VEDDER RD,VEDDER RD,12:00-14:59,1,0
N,PROPERTY DAMAGE ONLY,\N,N,2024,SATURDAY,REAR END,N,N,49.124769,-122.704243,Y,MARCH,N,SURREY,SURREY,SURREY,N,Y,N,LOWER MAINLAND,FRASER HWY # 018680 TO 018718 even,FRASER HWY,FRASER HWY,12:00-14:59,1,0
N,PROPERTY DAMAGE ONLY,\N,N,2024,SATURDAY,REAR END,N,N,49.126254,-123.136725,Y,MARCH,N,RICHMOND,RICHMOND,RICHMOND,Y,Y,N,LOWER MAINLAND,NO 3 RD # 011000 TO 012999,NO 3 RD,NO 3 RD,12:00-14:59,1,0
N,PROPERTY DAMAGE ONLY,\N,N,2024,SATURDAY,REAR END,N,N,49.13326,-122.890296,Y,MARCH,N,SURREY,SURREY,SURREY,N,Y,N,LOWER MAINLAND,120 ST # 007100 TO 007198 even,120 ST,120 ST,12:00-14:59,1,0
N,PROPERTY DAMAGE ONLY,\N,N,2024,SATURDAY,REAR END,N,N,49.150724,-122.92687,Y,MARCH,N,DELTA,DELTA,DELTA,Y,N,N,LOWER MAINLAND,RAMONA WAY # 010600 TO 010730,RAMONA WAY,RAMONA WAY,12:00-14:59,1,0
N,PROPERTY DAMAGE ONLY,\N,N,2024,SATURDAY,REAR END,N,N,49.185598,-123.135643,Y,MARCH,N,RICHMOND,RICHMOND,RICHMOND,N,Y,N,LOWER MAINLAND,NO 3 RD # 003700 TO 003998 even,NO 3 RD,NO 3 RD,12:00-14:59,1,0
N,PROPERTY DAMAGE ONLY,\N,N,2024,SATURDAY,REAR END,N,N,49.191877,-123.966659,Y,MARCH,N,NANAIMO,NANAIMO,NANAIMO,N,N,N,VANCOUVER ISLAND,DEPARTURE BAY RD # 002150 TO 002168 even,DEPARTURE BAY RD,DEPARTURE BAY RD,12:00-14:59,1,0
N,PROPERTY DAMAGE ONLY,\N,N,2024,SATURDAY,REAR END,N,N,49.195901,-123.995263,Y,MARCH,N,NANAIMO,NANAIMO,NANAIMO,Y,Y,N,VANCOUVER ISLAND,BOWEN RD # 002240 TO 002398 even,BOWEN RD,BOWEN RD,12:00-14:59,1,0
N,PROPERTY DAMAGE ONLY,\N,N,2024,SATURDAY,REAR END,N,N,49.210726,-123.099335,Y,MARCH,N,VANCOUVER,VANCOUVER,VANCOUVER,Y,Y,N,LOWER MAINLAND,SE MARINE DR # 000300 TO 000388 even,SE MARINE DR,SE MARINE DR,12:00-14:59,1,0
N,PROPERTY DAMAGE ONLY,\N,N,2024,SATURDAY,REAR END,N,N,49.223308,-122.983661,Y,MARCH,N,BURNABY,BURNABY,BURNABY,N,Y,N,LOWER MAINLAND,KINGSWAY # 005501 TO 005599,KINGSWAY,KINGSWAY,12:00-14:59,1,0
N,PROPERTY DAMAGE ONLY,\N,N,2024,SATURDAY,REAR END,N,N,49.233626,-122.85721,Y,MARCH,N,COQUITLAM,COQUITLAM,COQUITLAM,N,N,N,LOWER MAINLAND,LOUGHEED HWY # 001101 TO 001499 odd,LOUGHEED HWY,LOUGHEED HWY,12:00-14:59,1,0
N,PROPERTY DAMAGE ONLY,\N,N,2024,SATURDAY,REAR END,N,N,49.258561,-123.176117,Y,MARCH,N,VANCOUVER,VANCOUVER,VANCOUVER,N,N,N,LOWER MAINLAND,SXWMEOKWEYEMASEM ST # 003100 TO 003147,TRUTCH ST,TRUTCH ST,12:00-14:59,1,0
N,PROPERTY DAMAGE ONLY,\N,N,2024,SATURDAY,REAR END,N,N,49.260093,-123.101014,Y,MARCH,N,VANCOUVER,VANCOUVER,VANCOUVER,Y,N,N,LOWER MAINLAND,MAIN ST # 002800 TO 002818 even,MAIN ST,MAIN ST,12:00-14:59,1,0
N,PROPERTY DAMAGE ONLY,\N,N,2024,SATURDAY,REAR END,N,N,49.270936,-123.088463,Y,MARCH,N,VANCOUVER,VANCOUVER,VANCOUVER,N,Y,N,LOWER MAINLAND,TERMINAL AVE # 000701 TO 000759 odd,TERMINAL AVE,TERMINAL AVE,12:00-14:59,1,0
N,PROPERTY DAMAGE ONLY,\N,N,2024,SATURDAY,REAR END,N,N,49.270936,-123.088463,Y,MARCH,N,VANCOUVER,VANCOUVER,VANCOUVER,Y,Y,N,LOWER MAINLAND,TERMINAL AVE # 000701 TO 000759 odd,TERMINAL AVE,TERMINAL AVE,12:00-14:59,1,0
N,PROPERTY DAMAGE ONLY,\N,N,2024,SATURDAY,REAR END,N,N,49.277009,-122.907428,Y,MARCH,N,BURNABY,BURNABY,BURNABY,Y,N,N,LOWER MAINLAND,SLOPES MEWS # 009150 TO 009351,SLOPES MEWS,SLOPES MEWS,12:00-14:59,1,0
N,PROPERTY DAMAGE ONLY,\N,N,2024,SATURDAY,REAR END,N,N,49.371207,-123.09882,Y,MARCH,N,NORTH VANCOUVER,NORTH VANCOUVER,NORTH VANCOUVER,N,Y,N,LOWER MAINLAND,NANCY GREENE WAY # 006371 TO 006401,NANCY GREENE WAY,NANCY GREENE WAY,12:00-14:59,1,0
N,PROPERTY DAMAGE ONLY,\N,N,2024,SATURDAY,REAR END,N,N,49.484131,-119.585993,Y,MARCH,N,PENTICTON,PENTICTON,PENTICTON,Y,Y,N,SOUTHERN INTERIOR,MAIN ST # 001300 TO 001399,MAIN ST,MAIN ST,12:00-14:59,1,0
N,PROPERTY DAMAGE ONLY,\N,N,2024,SATURDAY,REAR END,N,N,49.835296,-119.618662,Y,MARCH,N,WEST KELOWNA,WEST KELOWNA,WEST KELOWNA,Y,Y,N,SOUTHERN INTERIOR,LOUIE DR # 003020 TO 003069,LOUIE DR,LOUIE DR,12:00-14:59,1,0
N,PROPERTY DAMAGE ONLY,\N,N,2024,SATURDAY,REAR END,N,N,50.094801,-122.993261,Y,MARCH,N,WHISTLER,WHISTLER,WHISTLER,N,N,N,LOWER MAINLAND,LAKE PLACID RD # 002100 TO 002107,LAKE PLACID RD,LAKE PLACID RD,12:00-14:59,1,0
N,PROPERTY DAMAGE ONLY,\N,N,2024,SATURDAY,REAR END,N,N,52.113029,-122.121701,Y,MARCH,N,WILLIAMS LAKE,WILLIAMS LAKE,WILLIAMS LAKE,Y,Y,N,NORTH CENTRAL,PROSPERITY WAY # 001200 TO 001259,PROSPERITY WAY,PROSPERITY WAY,12:00-14:59,1,0
N,PROPERTY DAMAGE ONLY,\N,N,2024,SATURDAY,REAR END,N,N,53.899564,-122.779382,Y,MARCH,N,PRINCE GEORGE,PRINCE GEORGE,PRINCE GEORGE,Y,Y,N,NORTH CENTRAL,MASSEY DR # 002991 TO 003111 odd,MASSEY DR,MASSEY DR,12:00-14:59,1,0
N,PROPERTY DAMAGE ONLY,\N,N,2024,SATURDAY,REAR END,Y,N,51.648634,-120.068624,Y,MARCH,N,CLEARWATER,CLEARWATER,CLEARWATER,Y,Y,N,SOUTHERN INTERIOR,OLD NORTH THOMPSON HWY # 000000 TO 000010 even,OLD NORTH THOMPSON HWY,OLD NORTH THOMPSON HWY,12:00-14:59,1,0
N,PROPERTY DAMAGE ONLY,\N,N,2024,SATURDAY,REAR TO REAR,N,N,48.429633,-123.354419,Y,MARCH,N,VICTORIA,VICTORIA,VICTORIA,N,N,N,VANCOUVER ISLAND,NORTH PARK ST # 001000 TO 001099,NORTH PARK ST,NORTH PARK ST,12:00-14:59,1,0
N,PROPERTY DAMAGE ONLY,\N,N,2024,SATURDAY,REAR TO REAR,N,N,48.439106,-123.511275,Y,MARCH,N,LANGFORD,LANGFORD,LANGFORD,Y,Y,N,VANCOUVER ISLAND,MERCHANT WAY # 003000 TO 003029,MERCHANT WAY,MERCHANT WAY,12:00-14:59,1,0
N,PROPERTY DAMAGE ONLY,\N,N,2024,SATURDAY,REAR TO REAR,N,N,49.053021,-122.31499,Y,MARCH,N,ABBOTSFORD,ABBOTSFORD,ABBOTSFORD,N,N,N,LOWER MAINLAND,GLADWIN RD # 002770 TO 002829,GLADWIN RD,GLADWIN RD,12:00-14:59,1,0
N,PROPERTY DAMAGE ONLY,\N,N,2024,SATURDAY,REAR TO REAR,N,N,49.107599,-122.665908,Y,MARCH,N,LANGLEY,LANGLEY,LANGLEY,Y,Y,N,LOWER MAINLAND,FRASER HWY # 020050 TO 020178,FRASER HWY,FRASER HWY,12:00-14:59,1,0
N,PROPERTY DAMAGE ONLY,\N,N,2024,SATURDAY,REAR TO REAR,N,N,49.113314,-122.666531,Y,MARCH,N,LANGLEY,LANGLEY,LANGLEY,Y,Y,N,LOWER MAINLAND,LANGLEY BYPASS # 020000 TO 020150 even,LANGLEY BYPASS,LANGLEY BYPASS,12:00-14:59,1,0
N,PROPERTY DAMAGE ONLY,\N,N,2024,SATURDAY,REAR TO REAR,N,N,49.131759,-122.668243,Y,MARCH,N,LANGLEY,LANGLEY,LANGLEY,N,Y,N,LOWER MAINLAND,200 ST # 007000 TO 007198 even,200 ST,200 ST,12:00-14:59,1,0
N,PROPERTY DAMAGE ONLY,\N,N,2024,SATURDAY,REAR TO REAR,N,N,49.163123,-122.637723,Y,MARCH,N,LANGLEY,LANGLEY,LANGLEY,Y,Y,N,LOWER MAINLAND,210 ST # 008800 TO 008849,210 ST,210 ST,12:00-14:59,1,0
N,PROPERTY DAMAGE ONLY,\N,N,2024,SATURDAY,REAR TO REAR,N,N,49.195195,-123.091471,Y,MARCH,N,RICHMOND,RICHMOND,RICHMOND,N,Y,N,LOWER MAINLAND,NO 5 RD # 002000 TO 002599,NO 5 RD,NO 5 RD,12:00-14:59,1,0
N,PROPERTY DAMAGE ONLY,\N,N,2024,SATURDAY,REAR TO REAR,N,N,49.21996,-122.647861,Y,MARCH,N,MAPLE RIDGE,MAPLE RIDGE,MAPLE RIDGE,N,Y,N,LOWER MAINLAND,207 ST # 011940 TO 011999,207 ST,207 ST,12:00-14:59,1,0
N,PROPERTY DAMAGE ONLY,\N,N,2024,SATURDAY,REAR TO REAR,N,N,49.231091,-122.861577,Y,MARCH,N,COQUITLAM,COQUITLAM,COQUITLAM,N,Y,N,LOWER MAINLAND,KING EDWARD ST # 000013 TO 000036,KING EDWARD ST,KING EDWARD ST,12:00-14:59,1,0
N,PROPERTY DAMAGE ONLY,\N,N,2024,SATURDAY,REAR TO REAR,N,N,49.255429,-123.066096,Y,MARCH,N,VANCOUVER,VANCOUVER,VANCOUVER,N,Y,N,LOWER MAINLAND,VICTORIA DR # 003200 TO 003395,VICTORIA DR,VICTORIA DR,12:00-14:59,1,0
N,PROPERTY DAMAGE ONLY,\N,N,2024,SATURDAY,REAR TO REAR,N,N,49.261896,-123.037204,Y,MARCH,N,VANCOUVER,VANCOUVER,VANCOUVER,N,Y,N,LOWER MAINLAND,E BROADWAY # 003150 TO 003199,E BROADWAY,E BROADWAY,12:00-14:59,1,0
N,PROPERTY DAMAGE ONLY,\N,N,2024,SATURDAY,REAR TO REAR,N,N,49.269382,-123.045583,Y,MARCH,N,VANCOUVER,VANCOUVER,VANCOUVER,N,Y,N,LOWER MAINLAND,E 1ST AVE # 002800 TO 002898 even,E 1ST AVE,E 1ST AVE,12:00-14:59,1,0
N,PROPERTY DAMAGE ONLY,\N,N,2024,SATURDAY,REAR TO REAR,N,N,49.269669,-123.082639,Y,MARCH,N,VANCOUVER,VANCOUVER,VANCOUVER,Y,Y,N,LOWER MAINLAND,TERMINAL AVE # 000900 TO 000998 even,TERMINAL AVE,TERMINAL AVE,12:00-14:59,1,0
N,PROPERTY DAMAGE ONLY,\N,N,2024,SATURDAY,REAR TO REAR,N,N,49.275571,-122.795219,Y,MARCH,N,COQUITLAM,COQUITLAM,COQUITLAM,Y,Y,N,LOWER MAINLAND,LOUGHEED HWY # 002951 TO 003043 odd,LOUGHEED HWY,LOUGHEED HWY,12:00-14:59,1,0
N,PROPERTY DAMAGE ONLY,\N,N,2024,SATURDAY,REAR TO REAR,N,N,49.325159,-123.070303,Y,MARCH,N,NORTH VANCOUVER,NORTH VANCOUVER,NORTH VANCOUVER,N,Y,N,LOWER MAINLAND,E 18TH ST # 000124 TO 000199,E 18TH ST,E 18TH ST,12:00-14:59,1,0
N,PROPERTY DAMAGE ONLY,\N,N,2024,SATURDAY,REAR TO REAR,N,N,49.349627,-123.254417,Y,MARCH,N,WEST VANCOUVER,WEST VANCOUVER,WEST VANCOUVER,N,Y,N,LOWER MAINLAND,HEADLAND DR # 005221 TO 005350,HEADLAND DR,HEADLAND DR,12:00-14:59,1,0
N,PROPERTY DAMAGE ONLY,\N,N,2024,SATURDAY,REAR TO REAR,N,N,49.470469,-119.583574,Y,MARCH,N,PENTICTON,PENTICTON,PENTICTON,N,Y,N,SOUTHERN INTERIOR,SKAHA LAKE RD # 002330 TO 002498 even,SKAHA LAKE RD,SKAHA LAKE RD,12:00-14:59,1,0
N,PROPERTY DAMAGE ONLY,\N,N,2024,SATURDAY,SIDE IMPACT,N,N,\N,\N,N,MARCH,N,ABBOTSFORD,ABBOTSFORD,\N,Y,Y,N,LOWER MAINLAND,UNKNOWN,FRASER WAY S,FRASER WAY S,12:00-14:59,1,0
N,PROPERTY DAMAGE ONLY,\N,N,2024,SATURDAY,SIDE IMPACT,N,N,\N,\N,N,MARCH,N,CHILLIWACK,CHILLIWACK,\N,Y,N,N,LOWER MAINLAND,UNKNOWN,YALE RD,YALE RD,12:00-14:59,1,0
N,PROPERTY DAMAGE ONLY,\N,N,2024,SATURDAY,SIDE IMPACT,N,N,\N,\N,N,MARCH,N,COURTENAY,COURTENAY,\N,N,N,N,VANCOUVER ISLAND,UNKNOWN,MOUNT WASHINGTON RD,MOUNT WASHINGTON RD,12:00-14:59,1,0
N,PROPERTY DAMAGE ONLY,\N,N,2024,SATURDAY,SIDE IMPACT,N,N,\N,\N,N,MARCH,N,COURTENAY,COURTENAY,\N,N,N,N,VANCOUVER ISLAND,UNKNOWN,S FARNHAM RD,S FARNHAM RD,12:00-14:59,1,0
N,PROPERTY DAMAGE ONLY,\N,N,2024,SATURDAY,SIDE IMPACT,N,N,\N,\N,N,MARCH,N,LADYSMITH,LADYSMITH,\N,Y,N,N,VANCOUVER ISLAND,UNKNOWN,NIMATTI RD,NIMATTI RD,12:00-14:59,1,0
N,PROPERTY DAMAGE ONLY,\N,N,2024,SATURDAY,SIDE IMPACT,N,N,\N,\N,N,MARCH,N,MISSION,MISSION,\N,Y,N,N,LOWER MAINLAND,UNKNOWN,FLORENCE LAKE FSR,FLORENCE LAKE FSR,12:00-14:59,1,0
N,PROPERTY DAMAGE ONLY,\N,N,2024,SATURDAY,SIDE IMPACT,N,N,\N,\N,N,MARCH,N,NELSON,NELSON,\N,Y,Y,N,SOUTHERN INTERIOR,UNKNOWN,WHITEWATER SKI RESORT,WHITEWATER SKI RESORT,12:00-14:59,1,0
N,PROPERTY DAMAGE ONLY,\N,N,2024,SATURDAY,SIDE IMPACT,N,N,\N,\N,N,MARCH,N,PENTICTON,PENTICTON,\N,N,N,N,SOUTHERN INTERIOR,UNKNOWN,MAIN STREET,MAIN STREET,12:00-14:59,1,0
N,PROPERTY DAMAGE ONLY,\N,N,2024,SATURDAY,SIDE IMPACT,N,N,\N,\N,N,MARCH,N,RICHMOND,RICHMOND,\N,N,N,N,LOWER MAINLAND,UNKNOWN,HWY 99,HWY 99,12:00-14:59,1,0
N,PROPERTY DAMAGE ONLY,\N,N,2024,SATURDAY,SIDE IMPACT,N,N,\N,\N,N,MARCH,N,TOPLEY,TOPLEY,\N,N,N,N,NORTH CENTRAL,UNKNOWN,16 HWY E,16 HWY E,12:00-14:59,1,0
N,PROPERTY DAMAGE ONLY,\N,N,2024,SATURDAY,SIDE IMPACT,N,N,\N,\N,N,MARCH,N,VANCOUVER,VANCOUVER,\N,Y,N,N,LOWER MAINLAND,UNKNOWN,W 10TH AVE,W 10TH AVE,12:00-14:59,1,0
N,PROPERTY DAMAGE ONLY,\N,N,2024,SATURDAY,SIDE IMPACT,N,N,\N,\N,N,MARCH,N,VICTORIA,VICTORIA,\N,N,Y,N,VANCOUVER ISLAND,UNKNOWN,FISGARD,FISGARD,12:00-14:59,1,0
N,PROPERTY DAMAGE ONLY,\N,N,2024,SATURDAY,SIDE IMPACT,N,N,48.423219,-123.352337,Y,MARCH,N,VICTORIA,VICTORIA,VICTORIA,Y,Y,N,VANCOUVER ISLAND,FORT ST # 001100 TO 001179,FORT ST,FORT ST,12:00-14:59,1,0
N,PROPERTY DAMAGE ONLY,\N,N,2024,SATURDAY,SIDE IMPACT,N,N,48.424249,-123.368407,Y,MARCH,N,VICTORIA,VICTORIA,VICTORIA,Y,Y,N,VANCOUVER ISLAND,BROUGHTON ST # 000550 TO 000599,BROUGHTON ST,BROUGHTON ST,12:00-14:59,1,0
N,PROPERTY DAMAGE ONLY,\N,N,2024,SATURDAY,SIDE IMPACT,N,N,48.429341,-123.368773,Y,MARCH,N,VICTORIA,VICTORIA,VICTORIA,N,Y,N,VANCOUVER ISLAND,FISGARD ST # 000500 TO 000549,FISGARD ST,FISGARD ST,12:00-14:59,1,0
N,PROPERTY DAMAGE ONLY,\N,N,2024,SATURDAY,SIDE IMPACT,N,N,48.44164,-123.510888,Y,MARCH,N,LANGFORD,LANGFORD,LANGFORD,N,Y,N,VANCOUVER ISLAND,JACKLIN RD # 002937 TO 002979,JACKLIN RD,JACKLIN RD,12:00-14:59,1,0
N,PROPERTY DAMAGE ONLY,\N,N,2024,SATURDAY,SIDE IMPACT,N,N,48.441881,-123.394346,Y,MARCH,N,ESQUIMALT,ESQUIMALT,ESQUIMALT,N,Y,N,VANCOUVER ISLAND,DINGLEY DELL # 000950 TO 000979,DINGLEY DELL,DINGLEY DELL,12:00-14:59,1,0
N,PROPERTY DAMAGE ONLY,\N,N,2024,SATURDAY,SIDE IMPACT,N,N,48.446195,-123.371352,Y,MARCH,N,VICTORIA,VICTORIA,VICTORIA,N,Y,N,VANCOUVER ISLAND,DOUGLAS ST # 003129 TO 003157 odd,DOUGLAS ST,DOUGLAS ST,12:00-14:59,1,0
N,PROPERTY DAMAGE ONLY,\N,N,2024,SATURDAY,SIDE IMPACT,N,N,48.446195,-123.371352,Y,MARCH,N,VICTORIA,VICTORIA,VICTORIA,Y,Y,N,VANCOUVER ISLAND,DOUGLAS ST # 003129 TO 003157 odd,DOUGLAS ST,DOUGLAS ST,12:00-14:59,1,0
N,PROPERTY DAMAGE ONLY,\N,N,2024,SATURDAY,SIDE IMPACT,N,N,48.788152,-123.725544,Y,MARCH,N,DUNCAN,DUNCAN,DUNCAN,Y,N,N,VANCOUVER ISLAND,STONEHAVEN DR # 005980 TO 006009,STONEHAVEN DR,STONEHAVEN DR,12:00-14:59,1,0
N,PROPERTY DAMAGE ONLY,\N,N,2024,SATURDAY,SIDE IMPACT,N,N,48.803125,-123.723035,Y,MARCH,N,DUNCAN,DUNCAN,DUNCAN,Y,Y,N,VANCOUVER ISLAND,DRINKWATER RD # 003020 TO 003049,DRINKWATER RD,DRINKWATER RD,12:00-14:59,1,0
N,PROPERTY DAMAGE ONLY,\N,N,2024,SATURDAY,SIDE IMPACT,N,N,48.807872,-123.677019,Y,MARCH,N,DUNCAN,DUNCAN,DUNCAN,Y,N,N,VANCOUVER ISLAND,CALAIS RD # 002120 TO 002235,CALAIS RD,CALAIS RD,12:00-14:59,1,0
N,PROPERTY DAMAGE ONLY,\N,N,2024,SATURDAY,SIDE IMPACT,N,N,48.918299,-123.716718,Y,MARCH,N,CHEMAINUS,CHEMAINUS,CHEMAINUS,Y,N,N,VANCOUVER ISLAND,RIVER RD # 002860 TO 002869,RIVER RD,RIVER RD,12:00-14:59,1,0
N,PROPERTY DAMAGE ONLY,\N,N,2024,SATURDAY,SIDE IMPACT,N,N,48.926517,-123.715579,Y,MARCH,N,CHEMAINUS,CHEMAINUS,CHEMAINUS,Y,Y,N,VANCOUVER ISLAND,PINE ST # 002800 TO 002849,PINE ST,PINE ST,12:00-14:59,1,0
N,PROPERTY DAMAGE ONLY,\N,N,2024,SATURDAY,SIDE IMPACT,N,N,49.024036,-122.268412,Y,MARCH,N,ABBOTSFORD,ABBOTSFORD,ABBOTSFORD,N,Y,N,LOWER MAINLAND,MCCONNELL RD # 034500 TO 034549,MCCONNELL RD,MCCONNELL RD,12:00-14:59,1,0
N,PROPERTY DAMAGE ONLY,\N,N,2024,SATURDAY,SIDE IMPACT,N,N,49.045565,-122.796392,Y,MARCH,N,SURREY,SURREY,SURREY,Y,Y,N,LOWER MAINLAND,24 AVE # 015350 TO 015398 even,24 AVE,24 AVE,12:00-14:59,1,0
N,PROPERTY DAMAGE ONLY,\N,N,2024,SATURDAY,SIDE IMPACT,N,N,49.04565,-122.796973,Y,MARCH,N,SURREY,SURREY,SURREY,Y,Y,N,LOWER MAINLAND,24 AVE # 015331 TO 015379 odd,24 AVE,24 AVE,12:00-14:59,1,0
N,PROPERTY DAMAGE ONLY,\N,N,2024,SATURDAY,SIDE IMPACT,N,N,49.049209,-122.782116,Y,MARCH,N,SURREY,SURREY,SURREY,Y,Y,N,LOWER MAINLAND,26 AVE # 015830 TO 015888,26 AVE,26 AVE,12:00-14:59,1,0
N,PROPERTY DAMAGE ONLY,\N,N,2024,SATURDAY,SIDE IMPACT,N,N,49.053813,-122.490715,Y,MARCH,N,LANGLEY,LANGLEY,LANGLEY,Y,N,N,LOWER MAINLAND,28A AVE # 026420 TO 026499,28A AVE,28A AVE,12:00-14:59,1,0
N,PROPERTY DAMAGE ONLY,\N,N,2024,SATURDAY,SIDE IMPACT,N,N,49.055448,-122.798171,Y,MARCH,N,SURREY,SURREY,SURREY,Y,N,N,LOWER MAINLAND,29A AVE # 015262 TO 015322,29A AVE,29A AVE,12:00-14:59,1,0
N,PROPERTY DAMAGE ONLY,\N,N,2024,SATURDAY,SIDE IMPACT,N,N,49.090245,-123.079708,Y,MARCH,N,DELTA,DELTA,DELTA,Y,Y,N,LOWER MAINLAND,LADNER TRUNK RD # 005130 TO 005249,LADNER TRUNK RD,LADNER TRUNK RD,12:00-14:59,1,0
N,PROPERTY DAMAGE ONLY,\N,N,2024,SATURDAY,SIDE IMPACT,N,N,49.092749,-122.643858,Y,MARCH,N,LANGLEY,LANGLEY,LANGLEY,Y,N,N,LOWER MAINLAND,50 AVE # 020900 TO 020979,50 AVE,50 AVE,12:00-14:59,1,0
N,PROPERTY DAMAGE ONLY,\N,N,2024,SATURDAY,SIDE IMPACT,N,N,49.093043,-122.617591,Y,MARCH,N,LANGLEY,LANGLEY,LANGLEY,Y,Y,N,LOWER MAINLAND,50 AVE # 021800 TO 021921,50 AVE,50 AVE,12:00-14:59,1,0
N,PROPERTY DAMAGE ONLY,\N,N,2024,SATURDAY,SIDE IMPACT,N,N,49.106784,-123.861744,Y,MARCH,N,NANAIMO,NANAIMO,NANAIMO,N,Y,N,VANCOUVER ISLAND,CEDAR RD # 001840 TO 001853,CEDAR RD,CEDAR RD,12:00-14:59,1,0
N,PROPERTY DAMAGE ONLY,\N,N,2024,SATURDAY,SIDE IMPACT,N,N,49.112489,-122.676859,Y,MARCH,N,LANGLEY,LANGLEY,LANGLEY,Y,Y,N,LOWER MAINLAND,FRASER HWY # 019650 TO 019798 even,FRASER HWY,FRASER HWY,12:00-14:59,1,0
N,PROPERTY DAMAGE ONLY,\N,N,2024,SATURDAY,SIDE IMPACT,N,N,49.112592,-122.676755,Y,MARCH,N,LANGLEY,LANGLEY,LANGLEY,Y,Y,N,LOWER MAINLAND,FRASER HWY # 019683 TO 019799 odd,FRASER HWY,FRASER HWY,12:00-14:59,1,0
N,PROPERTY DAMAGE ONLY,\N,N,2024,SATURDAY,SIDE IMPACT,N,N,49.113408,-122.663243,Y,MARCH,N,LANGLEY,LANGLEY,LANGLEY,N,Y,N,LOWER MAINLAND,LANGLEY BYPASS # 020151 TO 020247 odd,LANGLEY BYPASS,LANGLEY BYPASS,12:00-14:59,1,0
N,PROPERTY DAMAGE ONLY,\N,N,2024,SATURDAY,SIDE IMPACT,N,N,49.114595,-122.668748,Y,MARCH,N,LANGLEY,LANGLEY,LANGLEY,N,Y,N,LOWER MAINLAND,200 ST # 006101 TO 006199 odd,200 ST,200 ST,12:00-14:59,1,0
N,PROPERTY DAMAGE ONLY,\N,N,2024,SATURDAY,SIDE IMPACT,N,N,49.122602,-122.661894,Y,MARCH,N,LANGLEY,LANGLEY,LANGLEY,Y,Y,N,LOWER MAINLAND,66 AVE # 020170 TO 020299,66 AVE,66 AVE,12:00-14:59,1,0
N,PROPERTY DAMAGE ONLY,\N,N,2024,SATURDAY,SIDE IMPACT,N,N,49.125653,-122.849794,Y,MARCH,N,SURREY,SURREY,SURREY,Y,N,N,LOWER MAINLAND,134A ST # 006710 TO 006799,134A ST,134A ST,12:00-14:59,1,0
N,PROPERTY DAMAGE ONLY,\N,N,2024,SATURDAY,SIDE IMPACT,N,N,49.131442,-122.890445,Y,MARCH,N,DELTA,DELTA,DELTA,N,Y,N,LOWER MAINLAND,120 ST # 007001 TO 007099 odd,120 ST,120 ST,12:00-14:59,1,0
N,PROPERTY DAMAGE ONLY,\N,N,2024,SATURDAY,SIDE IMPACT,N,N,49.133609,-122.84003,Y,MARCH,N,SURREY,SURREY,SURREY,N,Y,N,LOWER MAINLAND,72 AVE # 013735 TO 013799 odd,72 AVE,72 AVE,12:00-14:59,1,0
N,PROPERTY DAMAGE ONLY,\N,N,2024,SATURDAY,SIDE IMPACT,N,N,49.139015,-122.845708,Y,MARCH,N,SURREY,SURREY,SURREY,N,Y,N,LOWER MAINLAND,KING GEORGE BLVD # 007401 TO 007599 odd,KING GEORGE BLVD,KING GEORGE BLVD,12:00-14:59,1,0
N,PROPERTY DAMAGE ONLY,\N,N,2024,SATURDAY,SIDE IMPACT,N,N,49.139015,-122.845708,Y,MARCH,N,SURREY,SURREY,SURREY,Y,N,N,LOWER MAINLAND,KING GEORGE BLVD # 007401 TO 007599 odd,KING GEORGE BLVD,KING GEORGE BLVD,12:00-14:59,1,0
N,PROPERTY DAMAGE ONLY,\N,N,2024,SATURDAY,SIDE IMPACT,N,N,49.141781,-122.845734,Y,MARCH,N,SURREY,SURREY,SURREY,Y,Y,N,LOWER MAINLAND,KING GEORGE BLVD # 007601 TO 007699 odd,KING GEORGE BLVD,KING GEORGE BLVD,12:00-14:59,1,0
N,PROPERTY DAMAGE ONLY,\N,N,2024,SATURDAY,SIDE IMPACT,N,N,49.14381,-122.004356,Y,MARCH,N,CHILLIWACK,CHILLIWACK,CHILLIWACK,Y,Y,N,LOWER MAINLAND,LUCKAKUCK WAY # 044000 TO 044307,LUCKAKUCK WAY,LUCKAKUCK WAY,12:00-14:59,1,0
N,PROPERTY DAMAGE ONLY,\N,N,2024,SATURDAY,SIDE IMPACT,N,N,49.155158,-122.912386,Y,MARCH,N,DELTA,DELTA,DELTA,Y,Y,N,LOWER MAINLAND,112 ST # 008300 TO 008399,112 ST,112 ST,12:00-14:59,1,0
N,PROPERTY DAMAGE ONLY,\N,N,2024,SATURDAY,SIDE IMPACT,N,N,49.155795,-122.767792,Y,MARCH,N,SURREY,SURREY,SURREY,Y,Y,N,LOWER MAINLAND,164 ST # 008400 TO 008433,164 ST,164 ST,12:00-14:59,1,0
N,PROPERTY DAMAGE ONLY,\N,N,2024,SATURDAY,SIDE IMPACT,N,N,49.1599,-122.862384,Y,MARCH,N,SURREY,SURREY,SURREY,N,Y,N,LOWER MAINLAND,130 ST # 008600 TO 008699,130 ST,130 ST,12:00-14:59,1,0
N,PROPERTY DAMAGE ONLY,\N,N,2024,SATURDAY,SIDE IMPACT,N,N,49.161914,-122.88731,Y,MARCH,N,SURREY,SURREY,SURREY,Y,Y,N,LOWER MAINLAND,NORDEL WAY # 012000 TO 012198 even,NORDEL WAY,NORDEL WAY,12:00-14:59,1,0
N,PROPERTY DAMAGE ONLY,\N,N,2024,SATURDAY,SIDE IMPACT,N,N,49.162756,-122.657772,Y,MARCH,N,LANGLEY,LANGLEY,LANGLEY,Y,Y,N,LOWER MAINLAND,88 AVE # 020282 TO 020398 even,88 AVE,88 AVE,12:00-14:59,1,0
N,PROPERTY DAMAGE ONLY,\N,N,2024,SATURDAY,SIDE IMPACT,N,N,49.162794,-123.145411,Y,MARCH,N,RICHMOND,RICHMOND,RICHMOND,Y,Y,N,LOWER MAINLAND,GRANVILLE AVE # 007001 TO 007299 odd,GRANVILLE AVE,GRANVILLE AVE,12:00-14:59,1,0
N,PROPERTY DAMAGE ONLY,\N,N,2024,SATURDAY,SIDE IMPACT,N,N,49.163123,-122.637723,Y,MARCH,N,LANGLEY,LANGLEY,LANGLEY,Y,Y,N,LOWER MAINLAND,210 ST # 008800 TO 008849,210 ST,210 ST,12:00-14:59,1,0
N,PROPERTY DAMAGE ONLY,\N,N,2024,SATURDAY,SIDE IMPACT,N,N,49.165613,-123.136632,Y,MARCH,N,RICHMOND,RICHMOND,RICHMOND,Y,Y,N,LOWER MAINLAND,NO 3 RD # 006401 TO 006799 odd,NO 3 RD,NO 3 RD,12:00-14:59,1,0
N,PROPERTY DAMAGE ONLY,\N,N,2024,SATURDAY,SIDE IMPACT,N,N,49.170105,-123.182265,Y,MARCH,N,RICHMOND,RICHMOND,RICHMOND,Y,Y,N,LOWER MAINLAND,WESTMINSTER HWY # 003601 TO 003999,WESTMINSTER HWY,WESTMINSTER HWY,12:00-14:59,1,0
N,PROPERTY DAMAGE ONLY,\N,N,2024,SATURDAY,SIDE IMPACT,N,N,49.17023,-123.141491,Y,MARCH,N,RICHMOND,RICHMOND,RICHMOND,N,Y,N,LOWER MAINLAND,WESTMINSTER HWY # 007501 TO 007599 odd,WESTMINSTER HWY,WESTMINSTER HWY,12:00-14:59,1,0
N,PROPERTY DAMAGE ONLY,\N,N,2024,SATURDAY,SIDE IMPACT,N,N,49.174658,-123.136677,Y,MARCH,N,RICHMOND,RICHMOND,RICHMOND,Y,Y,N,LOWER MAINLAND,NO 3 RD # 005300 TO 005498 even,NO 3 RD,NO 3 RD,12:00-14:59,1,0
N,PROPERTY DAMAGE ONLY,\N,N,2024,SATURDAY,SIDE IMPACT,N,N,49.175573,-122.890127,Y,MARCH,N,SURREY,SURREY,SURREY,Y,Y,N,LOWER MAINLAND,120 ST # 009480 TO 009548 even,SCOTT RD,SCOTT RD,12:00-14:59,1,0
N,PROPERTY DAMAGE ONLY,\N,N,2024,SATURDAY,SIDE IMPACT,N,N,49.17737,-123.131335,Y,MARCH,N,RICHMOND,RICHMOND,RICHMOND,N,Y,N,LOWER MAINLAND,ALDERBRIDGE WAY # 008191 TO 008599 odd,ALDERBRIDGE WAY,ALDERBRIDGE WAY,12:00-14:59,1,0
N,PROPERTY DAMAGE ONLY,\N,N,2024,SATURDAY,SIDE IMPACT,N,N,49.1813,-123.136573,Y,MARCH,N,RICHMOND,RICHMOND,RICHMOND,Y,Y,N,LOWER MAINLAND,NO 3 RD # 004200 TO 004678 even,NO 3 RD,NO 3 RD,12:00-14:59,1,0
N,PROPERTY DAMAGE ONLY,\N,N,2024,SATURDAY,SIDE IMPACT,N,N,49.183536,-123.133217,Y,MARCH,N,RICHMOND,RICHMOND,RICHMOND,Y,Y,N,LOWER MAINLAND,HAZELBRIDGE WAY # 004147 TO 004183 odd,HAZELBRIDGE WAY,HAZELBRIDGE WAY,12:00-14:59,1,0
N,PROPERTY DAMAGE ONLY,\N,N,2024,SATURDAY,SIDE IMPACT,N,N,49.184203,-122.799505,Y,MARCH,N,SURREY,SURREY,SURREY,Y,Y,N,LOWER MAINLAND,100 AVE # 015200 TO 015299,100 AVE,100 AVE,12:00-14:59,1,0
N,PROPERTY DAMAGE ONLY,\N,N,2024,SATURDAY,SIDE IMPACT,N,N,49.190089,-122.800995,Y,MARCH,N,SURREY,SURREY,SURREY,Y,Y,N,LOWER MAINLAND,152 ST # 010251 TO 010399 odd,152 ST,152 ST,12:00-14:59,1,0
N,PROPERTY DAMAGE ONLY,\N,N,2024,SATURDAY,SIDE IMPACT,N,N,49.192132,-123.15237,Y,MARCH,N,RICHMOND,RICHMOND,RICHMOND,Y,Y,N,LOWER MAINLAND,MILLER RD # 006300 TO 006599,MILLER RD,MILLER RD,12:00-14:59,1,0
N,PROPERTY DAMAGE ONLY,\N,N,2024,SATURDAY,SIDE IMPACT,N,N,49.201356,-122.91129,Y,MARCH,N,NEW WESTMINSTER,NEW WESTMINSTER,NEW WESTMINSTER,Y,N,N,LOWER MAINLAND,COLUMBIA ST # 000760 TO 000799,COLUMBIA ST,COLUMBIA ST,12:00-14:59,1,0
N,PROPERTY DAMAGE ONLY,\N,N,2024,SATURDAY,SIDE IMPACT,N,N,49.202394,-122.909371,Y,MARCH,N,NEW WESTMINSTER,NEW WESTMINSTER,NEW WESTMINSTER,N,N,N,LOWER MAINLAND,COLUMBIA ST # 000640 TO 000699,COLUMBIA ST,COLUMBIA ST,12:00-14:59,1,0
N,PROPERTY DAMAGE ONLY,\N,N,2024,SATURDAY,SIDE IMPACT,N,N,49.207338,-122.545599,Y,MARCH,N,MAPLE RIDGE,MAPLE RIDGE,MAPLE RIDGE,Y,N,N,LOWER MAINLAND,112B AVE # 024400 TO 024466,112B AVE,112B AVE,12:00-14:59,1,0
N,PROPERTY DAMAGE ONLY,\N,N,2024,SATURDAY,SIDE IMPACT,N,N,49.20861,-122.882791,Y,MARCH,N,SURREY,SURREY,SURREY,Y,N,N,LOWER MAINLAND,INDUSTRIAL RD # 012215 TO 012284,INDUSTRIAL RD,INDUSTRIAL RD,12:00-14:59,1,0
N,PROPERTY DAMAGE ONLY,\N,N,2024,SATURDAY,SIDE IMPACT,N,N,49.209524,-123.140498,Y,MARCH,N,VANCOUVER,VANCOUVER,VANCOUVER,N,Y,N,LOWER MAINLAND,GRANVILLE ST # 008400 TO 008599,GRANVILLE ST,GRANVILLE ST,12:00-14:59,1,0
N,PROPERTY DAMAGE ONLY,\N,N,2024,SATURDAY,SIDE IMPACT,N,N,49.210726,-123.099335,Y,MARCH,N,VANCOUVER,VANCOUVER,VANCOUVER,Y,Y,N,LOWER MAINLAND,SE MARINE DR # 000300 TO 000388 even,SE MARINE DR,SE MARINE DR,12:00-14:59,1,0
N,PROPERTY DAMAGE ONLY,\N,N,2024,SATURDAY,SIDE IMPACT,N,N,49.211129,-123.087008,Y,MARCH,N,VANCOUVER,VANCOUVER,VANCOUVER,Y,Y,N,LOWER MAINLAND,SE MARINE DR # 000801 TO 000999 odd,SE MARINE DR,SE MARINE DR,12:00-14:59,1,0
N,PROPERTY DAMAGE ONLY,\N,N,2024,SATURDAY,SIDE IMPACT,N,N,49.214835,-124.027673,Y,MARCH,N,NANAIMO,NANAIMO,NANAIMO,N,Y,N,VANCOUVER ISLAND,RUTHERFORD RD # 004750 TO 004750 even,RUTHERFORD RD,RUTHERFORD RD,12:00-14:59,1,0
N,PROPERTY DAMAGE ONLY,\N,N,2024,SATURDAY,SIDE IMPACT,N,N,49.215657,-123.004953,Y,MARCH,N,BURNABY,BURNABY,BURNABY,Y,N,N,LOWER MAINLAND,SUSSEX AVE # 007500 TO 007541,SUSSEX AVE,SUSSEX AVE,12:00-14:59,1,0
N,PROPERTY DAMAGE ONLY,\N,N,2024,SATURDAY,SIDE IMPACT,N,N,49.218419,-122.95662,Y,MARCH,N,BURNABY,BURNABY,BURNABY,Y,Y,N,LOWER MAINLAND,KINGSWAY # 007100 TO 007179,KINGSWAY,KINGSWAY,12:00-14:59,1,0
N,PROPERTY DAMAGE ONLY,\N,N,2024,SATURDAY,SIDE IMPACT,N,N,49.218829,-122.654841,Y,MARCH,N,MAPLE RIDGE,MAPLE RIDGE,MAPLE RIDGE,Y,Y,N,LOWER MAINLAND,LOUGHEED HWY # 020350 TO 020567,LOUGHEED HWY,LOUGHEED HWY,12:00-14:59,1,0
N,PROPERTY DAMAGE ONLY,\N,N,2024,SATURDAY,SIDE IMPACT,N,N,49.220322,-122.978939,Y,MARCH,N,BURNABY,BURNABY,BURNABY,Y,Y,N,LOWER MAINLAND,RUSSELL AVE # 006800 TO 007147,RUSSELL AVE,RUSSELL AVE,12:00-14:59,1,0
N,PROPERTY DAMAGE ONLY,\N,N,2024,SATURDAY,SIDE IMPACT,N,N,49.224704,-122.673335,Y,MARCH,N,PITT MEADOWS,PITT MEADOWS,PITT MEADOWS,Y,Y,N,LOWER MAINLAND,LOUGHEED HWY # 019800 TO 019808 even,LOUGHEED HWY,LOUGHEED HWY,12:00-14:59,1,0
N,PROPERTY DAMAGE ONLY,\N,N,2024,SATURDAY,SIDE IMPACT,N,N,49.228116,-122.998531,Y,MARCH,N,BURNABY,BURNABY,BURNABY,Y,Y,N,LOWER MAINLAND,KINGSWAY # 004700 TO 004749,KINGSWAY,KINGSWAY,12:00-14:59,1,0
N,PROPERTY DAMAGE ONLY,\N,N,2024,SATURDAY,SIDE IMPACT,N,N,49.229897,-123.003852,Y,MARCH,N,BURNABY,BURNABY,BURNABY,Y,Y,N,LOWER MAINLAND,KINGSWAY # 004500 TO 004555,KINGSWAY,KINGSWAY,12:00-14:59,1,0
N,PROPERTY DAMAGE ONLY,\N,N,2024,SATURDAY,SIDE IMPACT,N,N,49.233409,-123.03449,Y,MARCH,N,VANCOUVER,VANCOUVER,VANCOUVER,Y,Y,N,LOWER MAINLAND,KINGSWAY # 003320 TO 003363,KINGSWAY,KINGSWAY,12:00-14:59,1,0
N,PROPERTY DAMAGE ONLY,\N,N,2024,SATURDAY,SIDE IMPACT,N,N,49.239304,-122.850767,Y,MARCH,N,COQUITLAM,COQUITLAM,COQUITLAM,Y,Y,N,LOWER MAINLAND,BOOTH AVE # 001500 TO 001599,BOOTH AVE,BOOTH AVE,12:00-14:59,1,0
N,PROPERTY DAMAGE ONLY,\N,N,2024,SATURDAY,SIDE IMPACT,N,N,49.243877,-122.892635,Y,MARCH,N,BURNABY,BURNABY,BURNABY & COQUITLAM,N,Y,N,LOWER MAINLAND,NORTH RD # 000321 TO 004563 odd,NORTH RD,NORTH RD,12:00-14:59,1,0
N,PROPERTY DAMAGE ONLY,\N,N,2024,SATURDAY,SIDE IMPACT,N,N,49.248982,-122.860071,Y,MARCH,N,COQUITLAM,COQUITLAM,COQUITLAM,Y,Y,N,LOWER MAINLAND,AUSTIN AVE # 001100 TO 001299,AUSTIN AVE,AUSTIN AVE,12:00-14:59,1,0
N,PROPERTY DAMAGE ONLY,\N,N,2024,SATURDAY,SIDE IMPACT,N,N,49.249851,-122.905418,Y,MARCH,N,BURNABY,BURNABY,BURNABY,Y,Y,N,LOWER MAINLAND,HORNE ST # 009060 TO 009099,HORNE ST,HORNE ST,12:00-14:59,1,0
N,PROPERTY DAMAGE ONLY,\N,N,2024,SATURDAY,SIDE IMPACT,N,N,49.250331,-123.076461,Y,MARCH,N,VANCOUVER,VANCOUVER,VANCOUVER,Y,Y,N,LOWER MAINLAND,KINGSWAY # 001366 TO 001399,KINGSWAY,KINGSWAY,12:00-14:59,1,0
N,PROPERTY DAMAGE ONLY,\N,N,2024,SATURDAY,SIDE IMPACT,N,N,49.251719,-122.918981,Y,MARCH,N,BURNABY,BURNABY,BURNABY,N,Y,N,LOWER MAINLAND,BRIGHTON AVE # 003400 TO 003599,BRIGHTON AVE,BRIGHTON AVE,12:00-14:59,1,0
N,PROPERTY DAMAGE ONLY,\N,N,2024,SATURDAY,SIDE IMPACT,N,N,49.254526,-122.738383,Y,MARCH,N,PORT COQUITLAM,PORT COQUITLAM,PORT COQUITLAM,Y,Y,N,LOWER MAINLAND,HAWKINS ST # 002100 TO 002199,HAWKINS ST,HAWKINS ST,12:00-14:59,1,0
N,PROPERTY DAMAGE ONLY,\N,N,2024,SATURDAY,SIDE IMPACT,N,N,49.25474,-123.030438,Y,MARCH,N,VANCOUVER,VANCOUVER,VANCOUVER,Y,N,N,LOWER MAINLAND,WORTHINGTON DR # 003400 TO 003403,WORTHINGTON DR,WORTHINGTON DR,12:00-14:59,1,0
N,PROPERTY DAMAGE ONLY,\N,N,2024,SATURDAY,SIDE IMPACT,N,N,49.258119,-123.037802,Y,MARCH,N,VANCOUVER,VANCOUVER,VANCOUVER,Y,Y,N,LOWER MAINLAND,GRANDVIEW HWY # 003100 TO 003199,GRANDVIEW HWY,GRANDVIEW HWY,12:00-14:59,2,0
N,PROPERTY DAMAGE ONLY,\N,N,2024,SATURDAY,SIDE IMPACT,N,N,49.261652,-123.10102,Y,MARCH,N,VANCOUVER,VANCOUVER,VANCOUVER,Y,Y,N,LOWER MAINLAND,MAIN ST # 002600 TO 002689,MAIN ST,MAIN ST,12:00-14:59,1,0
N,PROPERTY DAMAGE ONLY,\N,N,2024,SATURDAY,SIDE IMPACT,N,N,49.265336,-123.138106,Y,MARCH,N,VANCOUVER,VANCOUVER,VANCOUVER,Y,Y,N,LOWER MAINLAND,W 7TH AVE # 001468 TO 001499,W 7TH AVE,W 7TH AVE,12:00-14:59,1,0
N,PROPERTY DAMAGE ONLY,\N,N,2024,SATURDAY,SIDE IMPACT,N,N,49.265777,-123.019257,Y,MARCH,N,BURNABY,BURNABY,BURNABY,Y,Y,N,LOWER MAINLAND,LOUGHEED HWY # 003700 TO 004098 even,LOUGHEED HWY,LOUGHEED HWY,12:00-14:59,1,0
N,PROPERTY DAMAGE ONLY,\N,N,2024,SATURDAY,SIDE IMPACT,N,N,49.266428,-123.001746,Y,MARCH,N,BURNABY,BURNABY,BURNABY,N,Y,N,LOWER MAINLAND,LOUGHEED HWY # 004501 TO 004599 odd,LOUGHEED HWY,LOUGHEED HWY,12:00-14:59,1,0
N,PROPERTY DAMAGE ONLY,\N,N,2024,SATURDAY,SIDE IMPACT,N,N,49.268065,-123.004598,Y,MARCH,N,BURNABY,BURNABY,BURNABY,N,N,N,LOWER MAINLAND,HALIFAX ST # 004400 TO 004499,HALIFAX ST,HALIFAX ST,12:00-14:59,1,0
N,PROPERTY DAMAGE ONLY,\N,N,2024,SATURDAY,SIDE IMPACT,N,N,49.268169,-123.156321,Y,MARCH,N,VANCOUVER,VANCOUVER,VANCOUVER,Y,Y,N,LOWER MAINLAND,W 4TH AVE # 002200 TO 002299,W 4TH AVE,W 4TH AVE,12:00-14:59,1,0
N,PROPERTY DAMAGE ONLY,\N,N,2024,SATURDAY,SIDE IMPACT,N,N,49.268401,-123.169676,Y,MARCH,N,VANCOUVER,VANCOUVER,VANCOUVER,Y,N,N,LOWER MAINLAND,W 4TH AVE # 002800 TO 002959,W 4TH AVE,W 4TH AVE,12:00-14:59,1,0
N,PROPERTY DAMAGE ONLY,\N,N,2024,SATURDAY,SIDE IMPACT,N,N,49.268473,-123.069675,Y,MARCH,N,VANCOUVER,VANCOUVER,VANCOUVER,Y,Y,N,LOWER MAINLAND,COMMERCIAL DR # 001800 TO 001849,COMMERCIAL DR,COMMERCIAL DR,12:00-14:59,1,0
N,PROPERTY DAMAGE ONLY,\N,N,2024,SATURDAY,SIDE IMPACT,N,N,49.271547,-123.102017,Y,MARCH,N,VANCOUVER,VANCOUVER,VANCOUVER,Y,Y,N,LOWER MAINLAND,QUEBEC ST # 001602 TO 001650 even,QUEBEC ST,QUEBEC ST,12:00-14:59,1,0
N,PROPERTY DAMAGE ONLY,\N,N,2024,SATURDAY,SIDE IMPACT,N,N,49.274413,-122.792884,Y,MARCH,N,COQUITLAM,COQUITLAM,COQUITLAM,Y,Y,N,LOWER MAINLAND,LOUGHEED HWY # 002988 TO 003098 even,LOUGHEED HWY,LOUGHEED HWY,12:00-14:59,1,0
N,PROPERTY DAMAGE ONLY,\N,N,2024,SATURDAY,SIDE IMPACT,N,N,49.275571,-122.795219,Y,MARCH,N,COQUITLAM,COQUITLAM,COQUITLAM,Y,Y,N,LOWER MAINLAND,LOUGHEED HWY # 002951 TO 003043 odd,LOUGHEED HWY,LOUGHEED HWY,12:00-14:59,1,0
N,PROPERTY DAMAGE ONLY,\N,N,2024,SATURDAY,SIDE IMPACT,N,N,49.279757,-122.785014,Y,MARCH,N,COQUITLAM,COQUITLAM,COQUITLAM,Y,Y,N,LOWER MAINLAND,WINDSOR GATE # 003101 TO 003150,WINDSOR GATE,WINDSOR GATE,12:00-14:59,1,0
N,PROPERTY DAMAGE ONLY,\N,N,2024,SATURDAY,SIDE IMPACT,N,N,49.280338,-122.973962,Y,MARCH,N,BURNABY,BURNABY,BURNABY,Y,Y,N,LOWER MAINLAND,HASTINGS ST # 006100 TO 006299,HASTINGS ST,HASTINGS ST,12:00-14:59,1,0
N,PROPERTY DAMAGE ONLY,\N,N,2024,SATURDAY,SIDE IMPACT,N,N,49.281818,-122.801744,Y,MARCH,N,COQUITLAM,COQUITLAM,COQUITLAM,Y,N,N,LOWER MAINLAND,JOHNSON ST # 001150 TO 001178 even,JOHNSON ST,JOHNSON ST,12:00-14:59,1,0
N,PROPERTY DAMAGE ONLY,\N,N,2024,SATURDAY,SIDE IMPACT,N,N,49.283056,-123.003103,Y,MARCH,N,BURNABY,BURNABY,BURNABY,Y,Y,N,LOWER MAINLAND,WILLINGDON AVE # 000150 TO 000249,WILLINGDON AVE,WILLINGDON AVE,12:00-14:59,1,0
N,PROPERTY DAMAGE ONLY,\N,N,2024,SATURDAY,SIDE IMPACT,N,N,49.283703,-123.118262,Y,MARCH,N,VANCOUVER,VANCOUVER,VANCOUVER,Y,Y,N,LOWER MAINLAND,HOWE ST # 000600 TO 000699,HOWE ST,HOWE ST,12:00-14:59,1,0
N,PROPERTY DAMAGE ONLY,\N,N,2024,SATURDAY,SIDE IMPACT,N,N,49.308551,-123.040477,Y,MARCH,N,NORTH VANCOUVER,NORTH VANCOUVER,NORTH VANCOUVER,Y,Y,N,LOWER MAINLAND,BROOKSBANK AVE # 000300 TO 000349,BROOKSBANK AVE,BROOKSBANK AVE,12:00-14:59,1,0
N,PROPERTY DAMAGE ONLY,\N,N,2024,SATURDAY,SIDE IMPACT,N,N,49.325809,-123.139912,Y,MARCH,N,WEST VANCOUVER,WEST VANCOUVER,WEST VANCOUVER,N,N,N,LOWER MAINLAND,PARK ROYAL SOUTH # 001131 TO 003000,PARK ROYAL SOUTH,PARK ROYAL SOUTH,12:00-14:59,1,0
N,PROPERTY DAMAGE ONLY,\N,N,2024,SATURDAY,SIDE IMPACT,N,N,49.325809,-123.139912,Y,MARCH,N,WEST VANCOUVER,WEST VANCOUVER,WEST VANCOUVER,N,Y,N,LOWER MAINLAND,PARK ROYAL SOUTH # 001131 TO 003000,PARK ROYAL SOUTH,PARK ROYAL SOUTH,12:00-14:59,1,0
N,PROPERTY DAMAGE ONLY,\N,N,2024,SATURDAY,SIDE IMPACT,N,N,49.334043,-123.037858,Y,MARCH,N,NORTH VANCOUVER,NORTH VANCOUVER,NORTH VANCOUVER,N,N,N,LOWER MAINLAND,MOUNTAIN HWY # 002700 TO 002800,MOUNTAIN HWY,MOUNTAIN HWY,12:00-14:59,1,0
N,PROPERTY DAMAGE ONLY,\N,N,2024,SATURDAY,SIDE IMPACT,N,N,49.33406,-123.160227,Y,MARCH,N,WEST VANCOUVER,WEST VANCOUVER,WEST VANCOUVER,Y,N,N,LOWER MAINLAND,17TH ST # 001000 TO 001099,17TH ST,17TH ST,12:00-14:59,1,0
N,PROPERTY DAMAGE ONLY,\N,N,2024,SATURDAY,SIDE IMPACT,N,N,49.47965,-119.584456,Y,MARCH,N,PENTICTON,PENTICTON,PENTICTON,Y,N,N,SOUTHERN INTERIOR,MAIN ST # 001600 TO 001799,MAIN ST,MAIN ST,12:00-14:59,1,0
N,PROPERTY DAMAGE ONLY,\N,N,2024,SATURDAY,SIDE IMPACT,N,N,49.674767,-115.978212,Y,MARCH,N,KIMBERLEY,KIMBERLEY,KIMBERLEY,Y,Y,N,SOUTHERN INTERIOR,ARCHIBALD ST # 000506 TO 000525,ARCHIBALD ST,ARCHIBALD ST,12:00-14:59,1,0
N,PROPERTY DAMAGE ONLY,\N,N,2024,SATURDAY,SIDE IMPACT,N,N,49.689949,-124.998724,Y,MARCH,N,COURTENAY,COURTENAY,COURTENAY,Y,Y,N,VANCOUVER ISLAND,6TH ST # 000300 TO 000399,6TH ST,6TH ST,12:00-14:59,1,0
N,PROPERTY DAMAGE ONLY,\N,N,2024,SATURDAY,SIDE IMPACT,N,N,49.75337,-123.133774,Y,MARCH,N,SQUAMISH,SQUAMISH,SQUAMISH,Y,N,N,LOWER MAINLAND,TANTALUS RD # 041050 TO 041145,TANTALUS RD,TANTALUS RD,12:00-14:59,1,0
N,PROPERTY DAMAGE ONLY,\N,N,2024,SATURDAY,SIDE IMPACT,N,N,49.842088,-119.609973,Y,MARCH,N,WEST KELOWNA,WEST KELOWNA,WEST KELOWNA,Y,Y,N,SOUTHERN INTERIOR,LOUIE DR # 002072 TO 002179,LOUIE DR,LOUIE DR,12:00-14:59,1,0
N,PROPERTY DAMAGE ONLY,\N,N,2024,SATURDAY,SIDE IMPACT,N,N,49.887401,-119.423451,Y,MARCH,N,KELOWNA,KELOWNA,KELOWNA,N,Y,N,SOUTHERN INTERIOR,HWY 97 N # 002441 TO 002481 odd,HWY 97,HWY 97,12:00-14:59,1,0
N,PROPERTY DAMAGE ONLY,\N,N,2024,SATURDAY,SIDE IMPACT,N,N,49.927609,-119.436994,Y,MARCH,N,KELOWNA,KELOWNA,KELOWNA,Y,Y,N,SOUTHERN INTERIOR,WYNDHAM CRES # 000100 TO 000115,WYNDHAM CRES,WYNDHAM CRES,12:00-14:59,1,0
N,PROPERTY DAMAGE ONLY,\N,N,2024,SATURDAY,SIDE IMPACT,N,N,50.156049,-122.953624,Y,MARCH,N,WHISTLER,WHISTLER,WHISTLER,N,Y,N,LOWER MAINLAND,CRAZY CANUCK DR # 008100 TO 008145,CRAZY CANUCK DR,CRAZY CANUCK DR,12:00-14:59,1,0
N,PROPERTY DAMAGE ONLY,\N,N,2024,SATURDAY,SIDE IMPACT,N,N,50.282738,-119.266716,Y,MARCH,N,VERNON,VERNON,VERNON,Y,Y,N,SOUTHERN INTERIOR,27 ST # 004800 TO 004998 even,27 ST,27 ST,12:00-14:59,1,0
N,PROPERTY DAMAGE ONLY,\N,N,2024,SATURDAY,SIDE IMPACT,N,N,50.669174,-120.354482,Y,MARCH,N,KAMLOOPS,KAMLOOPS,KAMLOOPS,N,Y,N,SOUTHERN INTERIOR,COLUMBIA ST W # 000900 TO 000998 even,COLUMBIA ST W,COLUMBIA ST W,12:00-14:59,1,0
N,PROPERTY DAMAGE ONLY,\N,N,2024,SATURDAY,SIDE IMPACT,N,N,50.67137,-120.333222,Y,MARCH,N,KAMLOOPS,KAMLOOPS,KAMLOOPS,Y,Y,N,SOUTHERN INTERIOR,COLUMBIA ST # 000301 TO 000399 odd,COLUMBIA ST,COLUMBIA ST,12:00-14:59,1,0
N,PROPERTY DAMAGE ONLY,\N,N,2024,SATURDAY,SIDE IMPACT,N,N,50.692323,-119.315148,Y,MARCH,N,SALMON ARM,SALMON ARM,SALMON ARM,N,Y,N,SOUTHERN INTERIOR,10 AVE SW # 002200 TO 002999,10 AVE SW,10 AVE SW,12:00-14:59,1,0
N,PROPERTY DAMAGE ONLY,\N,N,2024,SATURDAY,SIDE IMPACT,N,N,50.722079,-119.317079,Y,MARCH,N,SALMON ARM,SALMON ARM,SALMON ARM,N,N,N,SOUTHERN INTERIOR,TRANS-CANADA HWY NW # 001600 TO 004599,HWY 1,HWY 1,12:00-14:59,1,0
N,PROPERTY DAMAGE ONLY,\N,N,2024,SATURDAY,SIDE IMPACT,N,N,51.001348,-118.197374,Y,MARCH,N,REVELSTOKE,REVELSTOKE,REVELSTOKE,Y,Y,N,SOUTHERN INTERIOR,VICTORIA RD W # 000400 TO 000499,VICTORIA RD W,VICTORIA RD W,12:00-14:59,1,0
N,PROPERTY DAMAGE ONLY,\N,N,2024,SATURDAY,SIDE IMPACT,N,N,53.85881,-122.768054,Y,MARCH,N,PRINCE GEORGE,PRINCE GEORGE,PRINCE GEORGE,Y,Y,N,NORTH CENTRAL,ST LAWRENCE AVE # 007180 TO 007189,ST LAWRENCE AVE,ST LAWRENCE AVE,12:00-14:59,1,0
N,PROPERTY DAMAGE ONLY,\N,N,2024,SATURDAY,SIDE IMPACT,N,N,53.888803,-122.769069,Y,MARCH,N,PRINCE GEORGE,PRINCE GEORGE,PRINCE GEORGE,N,Y,N,NORTH CENTRAL,FERRY AVE # 002121 TO 002299 odd,FERRY AVE,FERRY AVE,12:00-14:59,1,0
N,PROPERTY DAMAGE ONLY,\N,N,2024,SATURDAY,SIDE IMPACT,N,N,53.888803,-122.769069,Y,MARCH,N,PRINCE GEORGE,PRINCE GEORGE,PRINCE GEORGE,Y,Y,N,NORTH CENTRAL,FERRY AVE # 002121 TO 002299 odd,FERRY AVE,FERRY AVE,12:00-14:59,1,0
N,PROPERTY DAMAGE ONLY,\N,N,2024,SATURDAY,SIDE IMPACT,N,N,53.916711,-122.782194,Y,MARCH,N,PRINCE GEORGE,PRINCE GEORGE,PRINCE GEORGE,Y,Y,N,NORTH CENTRAL,CENTRAL ST W # 000839 TO 000899,CENTRAL ST W,CENTRAL ST W,12:00-14:59,1,0
N,PROPERTY DAMAGE ONLY,\N,N,2024,SATURDAY,SIDE IMPACT,N,N,54.785743,-127.165367,Y,MARCH,N,SMITHERS,SMITHERS,SMITHERS,Y,Y,N,NORTH CENTRAL,7TH AVE # 004000 TO 004027,7TH AVE,7TH AVE,12:00-14:59,1,0
N,PROPERTY DAMAGE ONLY,\N,N,2024,SATURDAY,SIDE IMPACT,N,N,56.243138,-120.864101,Y,MARCH,N,FORT ST. JOHN,FORT ST. JOHN,FORT ST. JOHN,Y,Y,N,NORTH CENTRAL,ALASKA RD N # 010800 TO 011298 even,ALASKA RD N,ALASKA RD N,12:00-14:59,1,0
N,PROPERTY DAMAGE ONLY,\N,N,2024,SATURDAY,SIDE IMPACT,N,N,56.251426,-120.847467,Y,MARCH,N,FORT ST. JOHN,FORT ST. JOHN,FORT ST. JOHN,N,Y,N,NORTH CENTRAL,100 ST # 010500 TO 010573,100 ST,100 ST,12:00-14:59,1,0
N,PROPERTY DAMAGE ONLY,\N,N,2024,SATURDAY,SIDE IMPACT,Y,N,49.228666,-123.04085,Y,MARCH,N,VANCOUVER,VANCOUVER,VANCOUVER,Y,N,N,LOWER MAINLAND,KERR ST # 006050 TO 006099,KERR ST,KERR ST,12:00-14:59,1,0
N,PROPERTY DAMAGE ONLY,\N,N,2024,SATURDAY,SIDE SWIPE - OPPOSITE DIRECTION,N,N,48.378428,-123.722102,Y,MARCH,N,SOOKE,SOOKE,SOOKE,Y,Y,N,VANCOUVER ISLAND,SOOKE RD # 006646 TO 006678,SOOKE RD,SOOKE RD,12:00-14:59,1,0
N,PROPERTY DAMAGE ONLY,\N,N,2024,SATURDAY,SIDE SWIPE - OPPOSITE DIRECTION,N,N,48.441996,-123.50364,Y,MARCH,N,LANGFORD,LANGFORD,LANGFORD,N,Y,N,VANCOUVER ISLAND,LANGFORD PKY # 000801 TO 000839 odd,LANGFORD PKY,LANGFORD PKY,12:00-14:59,1,0
N,PROPERTY DAMAGE ONLY,\N,N,2024,SATURDAY,SIDE SWIPE - OPPOSITE DIRECTION,N,N,48.740564,-123.622788,Y,MARCH,N,COWICHAN BAY,COWICHAN BAY,COWICHAN BAY,Y,Y,N,VANCOUVER ISLAND,COWICHAN BAY RD # 001700 TO 001927,COWICHAN BAY RD,COWICHAN BAY RD,12:00-14:59,1,0
N,PROPERTY DAMAGE ONLY,\N,N,2024,SATURDAY,SIDE SWIPE - OPPOSITE DIRECTION,N,N,49.125787,-122.848361,Y,MARCH,N,SURREY,SURREY,SURREY,Y,N,N,LOWER MAINLAND,135 ST # 006750 TO 006799,135 ST,135 ST,12:00-14:59,1,0
N,PROPERTY DAMAGE ONLY,\N,N,2024,SATURDAY,SIDE SWIPE - OPPOSITE DIRECTION,N,N,49.133326,-123.098458,Y,MARCH,N,RICHMOND,RICHMOND,RICHMOND,N,Y,N,LOWER MAINLAND,STEVESTON HWY # 011260 TO 011498 even,STEVESTON HWY,STEVESTON HWY,12:00-14:59,1,0
N,PROPERTY DAMAGE ONLY,\N,N,2024,SATURDAY,SIDE SWIPE - OPPOSITE DIRECTION,N,N,49.137226,-122.838052,Y,MARCH,N,SURREY,SURREY,SURREY,N,Y,N,LOWER MAINLAND,74 AVE # 013800 TO 013895,74 AVE,74 AVE,12:00-14:59,2,0
N,PROPERTY DAMAGE ONLY,\N,N,2024,SATURDAY,SIDE SWIPE - OPPOSITE DIRECTION,N,N,49.175117,-123.140184,Y,MARCH,N,RICHMOND,RICHMOND,RICHMOND,Y,Y,N,LOWER MAINLAND,MINORU BLVD # 005000 TO 005699,MINORU BLVD,MINORU BLVD,12:00-14:59,1,0
N,PROPERTY DAMAGE ONLY,\N,N,2024,SATURDAY,SIDE SWIPE - OPPOSITE DIRECTION,N,N,49.183536,-123.133217,Y,MARCH,N,RICHMOND,RICHMOND,RICHMOND,N,Y,N,LOWER MAINLAND,HAZELBRIDGE WAY # 004147 TO 004183 odd,HAZELBRIDGE WAY,HAZELBRIDGE WAY,12:00-14:59,1,0
N,PROPERTY DAMAGE ONLY,\N,N,2024,SATURDAY,SIDE SWIPE - OPPOSITE DIRECTION,N,N,49.21907,-122.599575,Y,MARCH,N,MAPLE RIDGE,MAPLE RIDGE,MAPLE RIDGE,Y,Y,N,LOWER MAINLAND,HANEY PL # 011900 TO 011968,HANEY PL,HANEY PL,12:00-14:59,1,0
N,PROPERTY DAMAGE ONLY,\N,N,2024,SATURDAY,SIDE SWIPE - OPPOSITE DIRECTION,N,N,49.250321,-122.989029,Y,MARCH,N,BURNABY,BURNABY,BURNABY,Y,Y,N,LOWER MAINLAND,ROYAL OAK AVE # 003700 TO 003799,ROYAL OAK AVE,ROYAL OAK AVE,12:00-14:59,1,0
N,PROPERTY DAMAGE ONLY,\N,N,2024,SATURDAY,SIDE SWIPE - OPPOSITE DIRECTION,N,N,49.251719,-122.918981,Y,MARCH,N,BURNABY,BURNABY,BURNABY,Y,N,N,LOWER MAINLAND,BRIGHTON AVE # 003400 TO 003599,BRIGHTON AVE,BRIGHTON AVE,12:00-14:59,1,0
N,PROPERTY DAMAGE ONLY,\N,N,2024,SATURDAY,SIDE SWIPE - OPPOSITE DIRECTION,N,N,49.885265,-119.433975,Y,MARCH,N,KELOWNA,KELOWNA,KELOWNA,N,Y,N,SOUTHERN INTERIOR,LECKIE RD # 002280 TO 002349,LECKIE RD,LECKIE RD,12:00-14:59,1,0
N,PROPERTY DAMAGE ONLY,\N,N,2024,SATURDAY,SIDE SWIPE - OPPOSITE DIRECTION,N,N,50.665443,-120.372597,Y,MARCH,N,KAMLOOPS,KAMLOOPS,KAMLOOPS,Y,Y,N,SOUTHERN INTERIOR,HILLSIDE DR # 001017 TO 001059 odd,HILLSIDE DR,HILLSIDE DR,12:00-14:59,1,0
N,PROPERTY DAMAGE ONLY,\N,N,2024,SATURDAY,SIDE SWIPE - SAME DIRECTION,N,N,\N,\N,N,MARCH,N,DELTA,DELTA,\N,Y,Y,N,LOWER MAINLAND,UNKNOWN,CANOE PASS WAY,CANOE PASS WAY,12:00-14:59,1,0
N,PROPERTY DAMAGE ONLY,\N,N,2024,SATURDAY,SIDE SWIPE - SAME DIRECTION,N,N,\N,\N,N,MARCH,N,GRAND FORKS,GRAND FORKS,\N,Y,N,N,SOUTHERN INTERIOR,UNKNOWN,3RD ST,3RD ST,12:00-14:59,1,0
N,PROPERTY DAMAGE ONLY,\N,N,2024,SATURDAY,SIDE SWIPE - SAME DIRECTION,N,N,\N,\N,N,MARCH,N,MISSION,MISSION,\N,Y,Y,N,LOWER MAINLAND,UNKNOWN,GREWALL CRES,GREWALL CRES,12:00-14:59,1,0
N,PROPERTY DAMAGE ONLY,\N,N,2024,SATURDAY,SIDE SWIPE - SAME DIRECTION,N,N,\N,\N,N,MARCH,N,UNKNOWN,UNKNOWN,\N,Y,Y,N,UNKNOWN,UNKNOWN,LANGLEY BYPASS,LANGLEY BYPASS,12:00-14:59,1,0
N,PROPERTY DAMAGE ONLY,\N,N,2024,SATURDAY,SIDE SWIPE - SAME DIRECTION,N,N,48.476567,-123.333064,Y,MARCH,N,SAANICH,SAANICH,SAANICH,Y,Y,N,VANCOUVER ISLAND,SHELBOURNE ST # 004070 TO 004099,SHELBOURNE ST,SHELBOURNE ST,12:00-14:59,1,0
N,PROPERTY DAMAGE ONLY,\N,N,2024,SATURDAY,SIDE SWIPE - SAME DIRECTION,N,N,49.0609,-122.337937,Y,MARCH,N,ABBOTSFORD,ABBOTSFORD,ABBOTSFORD,Y,Y,N,LOWER MAINLAND,CLEARBROOK RD # 003200 TO 003299,CLEARBROOK RD,CLEARBROOK RD,12:00-14:59,1,0
N,PROPERTY DAMAGE ONLY,\N,N,2024,SATURDAY,SIDE SWIPE - SAME DIRECTION,N,N,49.071156,-122.227757,Y,MARCH,N,ABBOTSFORD,ABBOTSFORD,ABBOTSFORD,Y,Y,N,LOWER MAINLAND,MCKEE RD # 035941 TO 036138,MCKEE RD,MCKEE RD,12:00-14:59,1,0
N,PROPERTY DAMAGE ONLY,\N,N,2024,SATURDAY,SIDE SWIPE - SAME DIRECTION,N,N,49.071576,-122.318689,Y,MARCH,N,ABBOTSFORD,ABBOTSFORD,ABBOTSFORD,Y,Y,N,LOWER MAINLAND,CHILCOTIN DR # 032696 TO 032719,CHILCOTIN DR,CHILCOTIN DR,12:00-14:59,1,0
N,PROPERTY DAMAGE ONLY,\N,N,2024,SATURDAY,SIDE SWIPE - SAME DIRECTION,N,N,49.140794,-121.962222,Y,MARCH,N,CHILLIWACK,CHILLIWACK,CHILLIWACK,Y,Y,N,LOWER MAINLAND,LUCKAKUCK WAY # 045570 TO 045599,LUCKAKUCK WAY,LUCKAKUCK WAY,12:00-14:59,1,0
N,PROPERTY DAMAGE ONLY,\N,N,2024,SATURDAY,SIDE SWIPE - SAME DIRECTION,N,N,49.169236,-122.868833,Y,MARCH,N,SURREY,SURREY,SURREY,Y,N,N,LOWER MAINLAND,MALCOLM PL # 009100 TO 009199,MALCOLM PL,MALCOLM PL,12:00-14:59,1,0
N,PROPERTY DAMAGE ONLY,\N,N,2024,SATURDAY,SIDE SWIPE - SAME DIRECTION,N,N,49.173896,-123.134106,Y,MARCH,N,RICHMOND,RICHMOND,RICHMOND,Y,Y,N,LOWER MAINLAND,LANSDOWNE RD # 008001 TO 008399 odd,LANSDOWNE RD,LANSDOWNE RD,12:00-14:59,1,0
N,PROPERTY DAMAGE ONLY,\N,N,2024,SATURDAY,SIDE SWIPE - SAME DIRECTION,N,N,49.191061,-123.128907,Y,MARCH,N,RICHMOND,RICHMOND,RICHMOND,Y,Y,N,LOWER MAINLAND,SEA ISLAND WAY # 008501 TO 008599 odd,SEA ISLAND WAY,SEA ISLAND WAY,12:00-14:59,1,0
N,PROPERTY DAMAGE ONLY,\N,N,2024,SATURDAY,SIDE SWIPE - SAME DIRECTION,N,N,49.193371,-123.082594,Y,MARCH,N,RICHMOND,RICHMOND,RICHMOND,Y,Y,N,LOWER MAINLAND,SWEDEN WAY # 002500 TO 003199,SWEDEN WAY,SWEDEN WAY,12:00-14:59,1,0
N,PROPERTY DAMAGE ONLY,\N,N,2024,SATURDAY,SIDE SWIPE - SAME DIRECTION,N,N,49.218829,-122.654841,Y,MARCH,N,MAPLE RIDGE,MAPLE RIDGE,MAPLE RIDGE,Y,Y,N,LOWER MAINLAND,LOUGHEED HWY # 020350 TO 020567,LOUGHEED HWY,LOUGHEED HWY,12:00-14:59,1,0
N,PROPERTY DAMAGE ONLY,\N,N,2024,SATURDAY,SIDE SWIPE - SAME DIRECTION,N,N,49.227638,-123.155373,Y,MARCH,N,VANCOUVER,VANCOUVER,VANCOUVER,Y,Y,N,LOWER MAINLAND,WEST BOULEVARD # 006401 TO 006499 odd,WEST BOULEVARD,WEST BOULEVARD,12:00-14:59,1,0
N,PROPERTY DAMAGE ONLY,\N,N,2024,SATURDAY,SIDE SWIPE - SAME DIRECTION,N,N,49.241891,-123.139798,Y,MARCH,N,VANCOUVER,VANCOUVER,VANCOUVER,Y,N,N,LOWER MAINLAND,W 33RD AVE # 001500 TO 001531,W 33RD AVE,W 33RD AVE,12:00-14:59,1,0
N,PROPERTY DAMAGE ONLY,\N,N,2024,SATURDAY,SIDE SWIPE - SAME DIRECTION,N,N,49.252821,-123.108575,Y,MARCH,N,VANCOUVER,VANCOUVER,VANCOUVER,Y,N,N,LOWER MAINLAND,W 20TH AVE # 000100 TO 000199,W 20TH AVE,W 20TH AVE,12:00-14:59,1,0
N,PROPERTY DAMAGE ONLY,\N,N,2024,SATURDAY,SIDE SWIPE - SAME DIRECTION,N,N,49.26236,-123.136149,Y,MARCH,N,VANCOUVER,VANCOUVER,VANCOUVER,Y,N,N,LOWER MAINLAND,HEMLOCK ST # 002600 TO 002649,HEMLOCK ST,HEMLOCK ST,12:00-14:59,1,0
N,PROPERTY DAMAGE ONLY,\N,N,2024,SATURDAY,SIDE SWIPE - SAME DIRECTION,N,N,49.263114,-123.138551,Y,MARCH,N,VANCOUVER,VANCOUVER,VANCOUVER,N,Y,N,LOWER MAINLAND,GRANVILLE ST # 002500 TO 002599,GRANVILLE ST,GRANVILLE ST,12:00-14:59,1,0
N,PROPERTY DAMAGE ONLY,\N,N,2024,SATURDAY,SIDE SWIPE - SAME DIRECTION,N,N,49.269937,-122.775276,Y,MARCH,N,PORT COQUITLAM,PORT COQUITLAM,PORT COQUITLAM,Y,Y,N,LOWER MAINLAND,SHAUGHNESSY ST # 003130 TO 003139,SHAUGHNESSY ST,SHAUGHNESSY ST,12:00-14:59,1,0
N,PROPERTY DAMAGE ONLY,\N,N,2024,SATURDAY,SIDE SWIPE - SAME DIRECTION,N,N,49.276821,-123.044113,Y,MARCH,N,VANCOUVER,VANCOUVER,VANCOUVER,N,N,N,LOWER MAINLAND,RENFREW ST # 000840 TO 000879,RENFREW ST,RENFREW ST,12:00-14:59,1,0
N,PROPERTY DAMAGE ONLY,\N,N,2024,SATURDAY,SIDE SWIPE - SAME DIRECTION,N,N,49.473434,-123.754607,Y,MARCH,N,SECHELT,SECHELT,SECHELT,N,N,N,LOWER MAINLAND,WHARF AVE # 005511 TO 005559,WHARF AVE,WHARF AVE,12:00-14:59,1,0
N,PROPERTY DAMAGE ONLY,\N,N,2024,SATURDAY,SIDE SWIPE - SAME DIRECTION,N,N,53.918371,-122.782179,Y,MARCH,N,PRINCE GEORGE,PRINCE GEORGE,PRINCE GEORGE,Y,Y,N,NORTH CENTRAL,CENTRAL ST W # 000646 TO 000799,CENTRAL ST W,CENTRAL ST W,12:00-14:59,1,0
N,PROPERTY DAMAGE ONLY,\N,N,2024,SATURDAY,SIDE SWIPE - SAME DIRECTION,Y,N,49.078791,-117.800039,Y,MARCH,N,ROSSLAND,ROSSLAND,ROSSLAND,Y,N,N,SOUTHERN INTERIOR,WASHINGTON ST # 002100 TO 002199,WASHINGTON ST,WASHINGTON ST,12:00-14:59,1,0
N,PROPERTY DAMAGE ONLY,\N,N,2024,SATURDAY,SINGLE VEHICLE,N,N,\N,\N,N,MARCH,N,ABBOTSFORD,ABBOTSFORD,\N,N,N,N,LOWER MAINLAND,UNKNOWN,GLEN-NEICH RD,GLEN-NEICH RD,12:00-14:59,1,0
N,PROPERTY DAMAGE ONLY,\N,N,2024,SATURDAY,SINGLE VEHICLE,N,N,\N,\N,N,MARCH,N,CACHE CREEK,CACHE CREEK,\N,N,N,N,SOUTHERN INTERIOR,UNKNOWN,HWY 99,HWY 99,12:00-14:59,1,0
N,PROPERTY DAMAGE ONLY,\N,N,2024,SATURDAY,SINGLE VEHICLE,N,N,\N,\N,N,MARCH,N,CASTLEGAR,CASTLEGAR,\N,N,N,N,SOUTHERN INTERIOR,UNKNOWN,HIGHWAY 3,HIGHWAY 3,12:00-14:59,1,0
N,PROPERTY DAMAGE ONLY,\N,N,2024,SATURDAY,SINGLE VEHICLE,N,N,\N,\N,N,MARCH,N,CEDARVALE,CEDARVALE,\N,N,N,N,NORTH CENTRAL,UNKNOWN,HWY 16,HWY 16,12:00-14:59,1,0
N,PROPERTY DAMAGE ONLY,\N,N,2024,SATURDAY,SINGLE VEHICLE,N,N,\N,\N,N,MARCH,N,CHETWYND,CHETWYND,\N,N,N,N,NORTH CENTRAL,UNKNOWN,HWY 97,HWY 97,12:00-14:59,1,0
N,PROPERTY DAMAGE ONLY,\N,N,2024,SATURDAY,SINGLE VEHICLE,N,N,\N,\N,N,MARCH,N,CHILLIWACK,CHILLIWACK,\N,N,N,N,LOWER MAINLAND,UNKNOWN,HWY 1,HWY 1,12:00-14:59,1,0
N,PROPERTY DAMAGE ONLY,\N,N,2024,SATURDAY,SINGLE VEHICLE,N,N,\N,\N,N,MARCH,N,COBBLE HILL,COBBLE HILL,\N,N,N,N,VANCOUVER ISLAND,UNKNOWN,CEDARWOOD PLACE,CEDARWOOD PLACE,12:00-14:59,1,0
N,PROPERTY DAMAGE ONLY,\N,N,2024,SATURDAY,SINGLE VEHICLE,N,N,\N,\N,N,MARCH,N,CUMBERLAND,CUMBERLAND,\N,N,N,N,VANCOUVER ISLAND,UNKNOWN,CUMBERLAND RD,CUMBERLAND RD,12:00-14:59,1,0
N,PROPERTY DAMAGE ONLY,\N,N,2024,SATURDAY,SINGLE VEHICLE,N,N,\N,\N,N,MARCH,N,DELTA,DELTA,\N,N,Y,N,LOWER MAINLAND,UNKNOWN,CANOE PASS WAY,CANOE PASS WAY,12:00-14:59,1,0
N,PROPERTY DAMAGE ONLY,\N,N,2024,SATURDAY,SINGLE VEHICLE,N,N,\N,\N,N,MARCH,N,DUNCAN,DUNCAN,\N,N,N,N,VANCOUVER ISLAND,UNKNOWN,CHURCH LANE,CHURCH LANE,12:00-14:59,1,0
N,PROPERTY DAMAGE ONLY,\N,N,2024,SATURDAY,SINGLE VEHICLE,N,N,\N,\N,N,MARCH,N,DUNCAN,DUNCAN,\N,N,Y,N,VANCOUVER ISLAND,UNKNOWN,TRANS-CANADA HWY,TRANS-CANADA HWY,12:00-14:59,1,0
N,PROPERTY DAMAGE ONLY,\N,N,2024,SATURDAY,SINGLE VEHICLE,N,N,\N,\N,N,MARCH,N,HARRISON HOT SPRINGS,HARRISON HOT SPRINGS,\N,N,N,N,LOWER MAINLAND,UNKNOWN,FOREST SERVICE RD,FOREST SERVICE RD,12:00-14:59,1,0
N,PROPERTY DAMAGE ONLY,\N,N,2024,SATURDAY,SINGLE VEHICLE,N,N,\N,\N,N,MARCH,N,HOPE,HOPE,\N,N,N,N,LOWER MAINLAND,UNKNOWN,COQUIHALLA HWY,COQUIHALLA HWY,12:00-14:59,1,0
N,PROPERTY DAMAGE ONLY,\N,N,2024,SATURDAY,SINGLE VEHICLE,N,N,\N,\N,N,MARCH,N,HOPE,HOPE,\N,N,N,N,LOWER MAINLAND,UNKNOWN,KAWKAWA LAKE RD,KAWKAWA LAKE RD,12:00-14:59,1,0
N,PROPERTY DAMAGE ONLY,\N,N,2024,SATURDAY,SINGLE VEHICLE,N,N,\N,\N,N,MARCH,N,KELOWNA,KELOWNA,\N,N,N,N,SOUTHERN INTERIOR,UNKNOWN,PHILPOTT RD,PHILPOTT RD,12:00-14:59,1,0
N,PROPERTY DAMAGE ONLY,\N,N,2024,SATURDAY,SINGLE VEHICLE,N,N,\N,\N,N,MARCH,N,KELOWNA,KELOWNA,\N,N,Y,N,SOUTHERN INTERIOR,UNKNOWN,BIG WHITE RD,BIG WHITE RD,12:00-14:59,1,0
N,PROPERTY DAMAGE ONLY,\N,N,2024,SATURDAY,SINGLE VEHICLE,N,N,\N,\N,N,MARCH,N,KELOWNA,KELOWNA,\N,Y,Y,N,SOUTHERN INTERIOR,UNKNOWN,BARON ROAD,BARON ROAD,12:00-14:59,1,0
N,PROPERTY DAMAGE ONLY,\N,N,2024,SATURDAY,SINGLE VEHICLE,N,N,\N,\N,N,MARCH,N,LANGLEY,LANGLEY,\N,N,N,N,LOWER MAINLAND,UNKNOWN,HWY 1,HWY 1,12:00-14:59,1,0
N,PROPERTY DAMAGE ONLY,\N,N,2024,SATURDAY,SINGLE VEHICLE,N,N,\N,\N,N,MARCH,N,LITTLE FORT,LITTLE FORT,\N,N,N,N,SOUTHERN INTERIOR,UNKNOWN,HWY 24,HWY 24,12:00-14:59,1,0
N,PROPERTY DAMAGE ONLY,\N,N,2024,SATURDAY,SINGLE VEHICLE,N,N,\N,\N,N,MARCH,N,MAPLE RIDGE,MAPLE RIDGE,\N,Y,Y,N,LOWER MAINLAND,UNKNOWN,LOUGHEED HWY,LOUGHEED HWY,12:00-14:59,1,0
N,PROPERTY DAMAGE ONLY,\N,N,2024,SATURDAY,SINGLE VEHICLE,N,N,\N,\N,N,MARCH,N,MCBRIDE,MCBRIDE,\N,N,N,N,NORTH CENTRAL,UNKNOWN,MOUNTAIN VIEW RD,MOUNTAIN VIEW RD,12:00-14:59,1,0
N,PROPERTY DAMAGE ONLY,\N,N,2024,SATURDAY,SINGLE VEHICLE,N,N,\N,\N,N,MARCH,N,PORT ALBERNI,PORT ALBERNI,\N,N,N,N,VANCOUVER ISLAND,UNKNOWN,HWY 4,HWY 4,12:00-14:59,1,0
N,PROPERTY DAMAGE ONLY,\N,N,2024,SATURDAY,SINGLE VEHICLE,N,N,\N,\N,N,MARCH,N,SHOREACRES,SHOREACRES,\N,N,N,N,SOUTHERN INTERIOR,UNKNOWN,HWY 3A,HWY 3A,12:00-14:59,1,0
N,PROPERTY DAMAGE ONLY,\N,N,2024,SATURDAY,SINGLE VEHICLE,N,N,\N,\N,N,MARCH,N,SILVERTON,SILVERTON,\N,N,N,N,SOUTHERN INTERIOR,UNKNOWN,HWY 6,HWY 6,12:00-14:59,1,0
N,PROPERTY DAMAGE ONLY,\N,N,2024,SATURDAY,SINGLE VEHICLE,N,N,\N,\N,N,MARCH,N,SURREY,SURREY,\N,N,Y,N,LOWER MAINLAND,UNKNOWN,64 AVE,64 AVE,12:00-14:59,1,0
N,PROPERTY DAMAGE ONLY,\N,N,2024,SATURDAY,SINGLE VEHICLE,N,N,\N,\N,N,MARCH,N,UNKNOWN,UNKNOWN,\N,N,N,N,UNKNOWN,UNKNOWN,UNKNOWN,UNKNOWN,12:00-14:59,1,0
N,PROPERTY DAMAGE ONLY,\N,N,2024,SATURDAY,SINGLE VEHICLE,N,N,\N,\N,N,MARCH,N,VANCOUVER,VANCOUVER,\N,N,N,N,LOWER MAINLAND,UNKNOWN,E 1ST AVE,E 1ST AVE,12:00-14:59,1,0
N,PROPERTY DAMAGE ONLY,\N,N,2024,SATURDAY,SINGLE VEHICLE,N,N,\N,\N,N,MARCH,N,VANCOUVER,VANCOUVER,\N,N,Y,N,LOWER MAINLAND,UNKNOWN,WESTBROOK MALL,WESTBROOK MALL,12:00-14:59,1,0
N,PROPERTY DAMAGE ONLY,\N,N,2024,SATURDAY,SINGLE VEHICLE,N,N,\N,\N,N,MARCH,N,WHISTLER,WHISTLER,\N,N,N,N,LOWER MAINLAND,UNKNOWN,ALTA LAKE RD,ALTA LAKE RD,12:00-14:59,1,0
N,PROPERTY DAMAGE ONLY,\N,N,2024,SATURDAY,SINGLE VEHICLE,N,N,\N,\N,N,MARCH,N,WILLIAMS LAKE,WILLIAMS LAKE,\N,N,N,N,NORTH CENTRAL,UNKNOWN,Unknown,\N,12:00-14:59,1,0
N,PROPERTY DAMAGE ONLY,\N,N,2024,SATURDAY,SINGLE VEHICLE,N,N,\N,\N,N,MARCH,N,YOUBOU,YOUBOU,\N,N,N,N,VANCOUVER ISLAND,UNKNOWN,UNKNOWN,UNKNOWN,12:00-14:59,1,0
N,PROPERTY DAMAGE ONLY,\N,N,2024,SATURDAY,SINGLE VEHICLE,N,N,48.411795,-123.363084,Y,MARCH,N,VICTORIA,VICTORIA,VICTORIA,N,Y,N,VANCOUVER ISLAND,CIRCLE DR # 000800 TO 000819,CIRCLE DR,CIRCLE DR,12:00-14:59,1,0
N,PROPERTY DAMAGE ONLY,\N,N,2024,SATURDAY,SINGLE VEHICLE,N,N,48.417268,-123.367569,Y,MARCH,N,VICTORIA,VICTORIA,VICTORIA,N,Y,N,VANCOUVER ISLAND,MICHIGAN ST # 000610 TO 000659,MICHIGAN ST,MICHIGAN ST,12:00-14:59,1,0
N,PROPERTY DAMAGE ONLY,\N,N,2024,SATURDAY,SINGLE VEHICLE,N,N,48.431445,-123.321271,Y,MARCH,N,OAK BAY,OAK BAY,OAK BAY,Y,Y,N,VANCOUVER ISLAND,BEE ST # 001900 TO 002099,BEE ST,BEE ST,12:00-14:59,1,0
N,PROPERTY DAMAGE ONLY,\N,N,2024,SATURDAY,SINGLE VEHICLE,N,N,48.438193,-123.424266,Y,MARCH,N,ESQUIMALT,ESQUIMALT,ESQUIMALT,N,Y,N,VANCOUVER ISLAND,STANCOMBE PL # 000700 TO 000729,STANCOMBE PL,STANCOMBE PL,12:00-14:59,1,0
N,PROPERTY DAMAGE ONLY,\N,N,2024,SATURDAY,SINGLE VEHICLE,N,N,48.440533,-123.338985,Y,MARCH,N,VICTORIA,VICTORIA,VICTORIA,N,Y,N,VANCOUVER ISLAND,BELMONT AVE # 002800 TO 002829,BELMONT AVE,BELMONT AVE,12:00-14:59,1,0
N,PROPERTY DAMAGE ONLY,\N,N,2024,SATURDAY,SINGLE VEHICLE,N,N,48.44164,-123.510888,Y,MARCH,N,LANGFORD,LANGFORD,LANGFORD,N,Y,N,VANCOUVER ISLAND,JACKLIN RD # 002937 TO 002979,JACKLIN RD,JACKLIN RD,12:00-14:59,1,0
N,PROPERTY DAMAGE ONLY,\N,N,2024,SATURDAY,SINGLE VEHICLE,N,N,48.446975,-123.423312,Y,MARCH,N,VIEW ROYAL,VIEW ROYAL,VIEW ROYAL,N,N,N,VANCOUVER ISLAND,COOPER RD # 000019 TO 000060,COOPER RD,COOPER RD,12:00-14:59,1,0
N,PROPERTY DAMAGE ONLY,\N,N,2024,SATURDAY,SINGLE VEHICLE,N,N,48.447888,-123.47807,Y,MARCH,N,LANGFORD,LANGFORD,LANGFORD,Y,N,N,VANCOUVER ISLAND,ATKINS AVE # 000349 TO 000422,ATKINS AVE,ATKINS AVE,12:00-14:59,1,0
N,PROPERTY DAMAGE ONLY,\N,N,2024,SATURDAY,SINGLE VEHICLE,N,N,48.482425,-123.393372,Y,MARCH,N,SAANICH,SAANICH,SAANICH,N,Y,N,VANCOUVER ISLAND,VANALMAN AVE # 000720 TO 000739,VANALMAN AVE,VANALMAN AVE,12:00-14:59,1,0
N,PROPERTY DAMAGE ONLY,\N,N,2024,SATURDAY,SINGLE VEHICLE,N,N,48.653228,-123.401915,Y,MARCH,N,SIDNEY,SIDNEY,SIDNEY,N,N,N,VANCOUVER ISLAND,HENRY AVE # 002330 TO 002359,HENRY AVE,HENRY AVE,12:00-14:59,1,0
N,PROPERTY DAMAGE ONLY,\N,N,2024,SATURDAY,SINGLE VEHICLE,N,N,49.016564,-122.779953,Y,MARCH,N,SURREY,SURREY,SURREY & WHITE ROCK,N,N,N,LOWER MAINLAND,MARINE DR # 015950 TO 015999,MARINE DR,MARINE DR,12:00-14:59,1,0
N,PROPERTY DAMAGE ONLY,\N,N,2024,SATURDAY,SINGLE VEHICLE,N,N,49.031089,-122.796387,Y,MARCH,N,SURREY,SURREY,SURREY & WHITE ROCK,N,N,N,LOWER MAINLAND,NORTH BLUFF RD # 015340 TO 015399,16 AVE,16 AVE,12:00-14:59,1,0
N,PROPERTY DAMAGE ONLY,\N,N,2024,SATURDAY,SINGLE VEHICLE,N,N,49.03202,-122.796429,Y,MARCH,N,SURREY,SURREY,SURREY,N,Y,N,LOWER MAINLAND,16A AVE # 015330 TO 015399,16A AVE,16A AVE,12:00-14:59,1,0
N,PROPERTY DAMAGE ONLY,\N,N,2024,SATURDAY,SINGLE VEHICLE,N,N,49.034298,-122.801134,Y,MARCH,N,SURREY,SURREY,SURREY,N,Y,N,LOWER MAINLAND,152 ST # 001750 TO 001798 even,152 ST,152 ST,12:00-14:59,1,0
N,PROPERTY DAMAGE ONLY,\N,N,2024,SATURDAY,SINGLE VEHICLE,N,N,49.037758,-122.536912,Y,MARCH,N,LANGLEY,LANGLEY,LANGLEY,N,N,N,LOWER MAINLAND,248 ST # 001970 TO 002025,248 ST,248 ST,12:00-14:59,1,0
N,PROPERTY DAMAGE ONLY,\N,N,2024,SATURDAY,SINGLE VEHICLE,N,N,49.093375,-122.382017,Y,MARCH,N,ABBOTSFORD,ABBOTSFORD,ABBOTSFORD,N,N,N,LOWER MAINLAND,MT LEHMAN RD # 004986 TO 005056,MT LEHMAN RD,MT LEHMAN RD,12:00-14:59,1,0
N,PROPERTY DAMAGE ONLY,\N,N,2024,SATURDAY,SINGLE VEHICLE,N,N,49.122602,-122.661894,Y,MARCH,N,LANGLEY,LANGLEY,LANGLEY,Y,Y,N,LOWER MAINLAND,66 AVE # 020170 TO 020299,66 AVE,66 AVE,12:00-14:59,1,0
N,PROPERTY DAMAGE ONLY,\N,N,2024,SATURDAY,SINGLE VEHICLE,N,N,49.131305,-123.017291,Y,MARCH,N,DELTA,DELTA,DELTA,N,Y,N,LOWER MAINLAND,HUME AVE # 007420 TO 007499,HUME AVE,HUME AVE,12:00-14:59,1,0
N,PROPERTY DAMAGE ONLY,\N,N,2024,SATURDAY,SINGLE VEHICLE,N,N,49.138918,-121.95915,Y,MARCH,N,CHILLIWACK,CHILLIWACK,CHILLIWACK,N,Y,N,LOWER MAINLAND,VEDDER RD # 007491 TO 007599 odd,VEDDER RD,VEDDER RD,12:00-14:59,1,0
N,PROPERTY DAMAGE ONLY,\N,N,2024,SATURDAY,SINGLE VEHICLE,N,N,49.139803,-122.913748,Y,MARCH,N,DELTA,DELTA,DELTA,N,N,N,LOWER MAINLAND,MINSTER DR E # 007520 TO 007539,MINSTER DR E,MINSTER DR E,12:00-14:59,1,0
N,PROPERTY DAMAGE ONLY,\N,N,2024,SATURDAY,SINGLE VEHICLE,N,N,49.164744,-122.661634,Y,MARCH,N,LANGLEY,LANGLEY,LANGLEY,N,Y,N,LOWER MAINLAND,202 ST # 008915 TO 008925 odd,202 ST,202 ST,12:00-14:59,1,0
N,PROPERTY DAMAGE ONLY,\N,N,2024,SATURDAY,SINGLE VEHICLE,N,N,49.170146,-123.132579,Y,MARCH,N,RICHMOND,RICHMOND,RICHMOND,N,Y,N,LOWER MAINLAND,WESTMINSTER HWY # 008252 TO 008398 even,WESTMINSTER HWY,WESTMINSTER HWY,12:00-14:59,1,0
N,PROPERTY DAMAGE ONLY,\N,N,2024,SATURDAY,SINGLE VEHICLE,N,N,49.171477,-123.147403,Y,MARCH,N,RICHMOND,RICHMOND,RICHMOND,N,Y,N,LOWER MAINLAND,GILBERT RD # 005700 TO 005998 even,GILBERT RD,GILBERT RD,12:00-14:59,1,0
N,PROPERTY DAMAGE ONLY,\N,N,2024,SATURDAY,SINGLE VEHICLE,N,N,49.173672,-123.147678,Y,MARCH,N,RICHMOND,RICHMOND,RICHMOND,N,N,N,LOWER MAINLAND,HOLLYBRIDGE WAY # 005485 TO 005610,HOLLYBRIDGE WAY,HOLLYBRIDGE WAY,12:00-14:59,1,0
N,PROPERTY DAMAGE ONLY,\N,N,2024,SATURDAY,SINGLE VEHICLE,N,N,49.173924,-123.15071,Y,MARCH,N,RICHMOND,RICHMOND,RICHMOND,N,Y,N,LOWER MAINLAND,RIVER RD # 006091 TO 006200,RIVER RD,RIVER RD,12:00-14:59,1,0
N,PROPERTY DAMAGE ONLY,\N,N,2024,SATURDAY,SINGLE VEHICLE,N,N,49.181301,-123.136662,Y,MARCH,N,RICHMOND,RICHMOND,RICHMOND,N,Y,N,LOWER MAINLAND,NO 3 RD # 004201 TO 004679 odd,NO 3 RD,NO 3 RD,12:00-14:59,1,0
N,PROPERTY DAMAGE ONLY,\N,N,2024,SATURDAY,SINGLE VEHICLE,N,N,49.183536,-123.133217,Y,MARCH,N,RICHMOND,RICHMOND,RICHMOND,N,N,N,LOWER MAINLAND,HAZELBRIDGE WAY # 004147 TO 004183 odd,HAZELBRIDGE WAY,HAZELBRIDGE WAY,12:00-14:59,1,0
N,PROPERTY DAMAGE ONLY,\N,N,2024,SATURDAY,SINGLE VEHICLE,N,N,49.184128,-123.127013,Y,MARCH,N,RICHMOND,RICHMOND,RICHMOND,N,Y,N,LOWER MAINLAND,ODLIN CRES # 008880 TO 008899,ODLIN CRES,ODLIN CRES,12:00-14:59,1,0
N,PROPERTY DAMAGE ONLY,\N,N,2024,SATURDAY,SINGLE VEHICLE,N,N,49.186708,-122.953873,Y,MARCH,N,NEW WESTMINSTER,NEW WESTMINSTER,NEW WESTMINSTER,N,Y,N,LOWER MAINLAND,GIFFORD ST # 000350 TO 000391,GIFFORD ST,GIFFORD ST,12:00-14:59,1,0
N,PROPERTY DAMAGE ONLY,\N,N,2024,SATURDAY,SINGLE VEHICLE,N,N,49.195371,-122.767336,Y,MARCH,N,SURREY,SURREY,SURREY,N,N,N,LOWER MAINLAND,164 ST # 010600 TO 010621,164 ST,164 ST,12:00-14:59,1,0
N,PROPERTY DAMAGE ONLY,\N,N,2024,SATURDAY,SINGLE VEHICLE,N,N,49.206362,-123.030941,Y,MARCH,N,VANCOUVER,VANCOUVER,VANCOUVER,N,Y,N,LOWER MAINLAND,RIVER DISTRICT CROSSING # 008500 TO 008561,RIVER DISTRICT CROSSING,RIVER DISTRICT CROSSING,12:00-14:59,1,0
N,PROPERTY DAMAGE ONLY,\N,N,2024,SATURDAY,SINGLE VEHICLE,N,N,49.20702,-123.04097,Y,MARCH,N,VANCOUVER,VANCOUVER,VANCOUVER,N,Y,N,LOWER MAINLAND,SONGBIRD MEWS # 003100 TO 003199,SONGBIRD MEWS,SONGBIRD MEWS,12:00-14:59,1,0
N,PROPERTY DAMAGE ONLY,\N,N,2024,SATURDAY,SINGLE VEHICLE,N,N,49.210462,-123.116122,Y,MARCH,N,VANCOUVER,VANCOUVER,VANCOUVER,N,Y,Y,LOWER MAINLAND,SW MARINE DR # 000400 TO 000498 even,SW MARINE DR,SW MARINE DR,12:00-14:59,1,0
N,PROPERTY DAMAGE ONLY,\N,N,2024,SATURDAY,SINGLE VEHICLE,N,N,49.21717,-122.566031,Y,MARCH,N,MAPLE RIDGE,MAPLE RIDGE,MAPLE RIDGE,N,N,N,LOWER MAINLAND,236B ST # 011800 TO 011859,236B ST,236B ST,12:00-14:59,1,0
N,PROPERTY DAMAGE ONLY,\N,N,2024,SATURDAY,SINGLE VEHICLE,N,N,49.225915,-123.010625,Y,MARCH,N,BURNABY,BURNABY,BURNABY,N,Y,N,LOWER MAINLAND,MAYBERRY ST # 004300 TO 004399,MAYBERRY ST,MAYBERRY ST,12:00-14:59,1,0
N,PROPERTY DAMAGE ONLY,\N,N,2024,SATURDAY,SINGLE VEHICLE,N,N,49.226417,-122.994213,Y,MARCH,N,BURNABY,BURNABY,BURNABY,N,Y,N,LOWER MAINLAND,NELSON AVE # 006400 TO 006444,NELSON AVE,NELSON AVE,12:00-14:59,1,0
N,PROPERTY DAMAGE ONLY,\N,N,2024,SATURDAY,SINGLE VEHICLE,N,N,49.228116,-122.998531,Y,MARCH,N,BURNABY,BURNABY,BURNABY,N,Y,N,LOWER MAINLAND,KINGSWAY # 004700 TO 004749,KINGSWAY,KINGSWAY,12:00-14:59,1,0
N,PROPERTY DAMAGE ONLY,\N,N,2024,SATURDAY,SINGLE VEHICLE,N,N,49.228316,-123.00408,Y,MARCH,N,BURNABY,BURNABY,BURNABY,N,Y,N,LOWER MAINLAND,MCKAY AVE # 006075 TO 006199,MCKAY AVE,MCKAY AVE,12:00-14:59,1,0
N,PROPERTY DAMAGE ONLY,\N,N,2024,SATURDAY,SINGLE VEHICLE,N,N,49.229897,-123.003852,Y,MARCH,N,BURNABY,BURNABY,BURNABY,N,Y,N,LOWER MAINLAND,KINGSWAY # 004500 TO 004555,KINGSWAY,KINGSWAY,12:00-14:59,1,0
N,PROPERTY DAMAGE ONLY,\N,N,2024,SATURDAY,SINGLE VEHICLE,N,N,49.233596,-123.154685,Y,MARCH,N,VANCOUVER,VANCOUVER,VANCOUVER,N,Y,N,LOWER MAINLAND,W 42ND AVE # 002076 TO 002099,W 42ND AVE,W 42ND AVE,12:00-14:59,1,0
N,PROPERTY DAMAGE ONLY,\N,N,2024,SATURDAY,SINGLE VEHICLE,N,N,49.233626,-122.85721,Y,MARCH,N,COQUITLAM,COQUITLAM,COQUITLAM,Y,Y,N,LOWER MAINLAND,LOUGHEED HWY # 001101 TO 001499 odd,LOUGHEED HWY,LOUGHEED HWY,12:00-14:59,1,0
N,PROPERTY DAMAGE ONLY,\N,N,2024,SATURDAY,SINGLE VEHICLE,N,N,49.234309,-124.041994,Y,MARCH,N,NANAIMO,NANAIMO,NANAIMO,N,Y,N,VANCOUVER ISLAND,HAMMOND BAY RD # 006351 TO 006363 odd,HAMMOND BAY RD,HAMMOND BAY RD,12:00-14:59,1,0
N,PROPERTY DAMAGE ONLY,\N,N,2024,SATURDAY,SINGLE VEHICLE,N,N,49.234724,-124.80115,Y,MARCH,N,PORT ALBERNI,PORT ALBERNI,PORT ALBERNI,N,N,N,VANCOUVER ISLAND,ARGYLE ST # 004501 TO 004599 odd,ARGYLE ST,ARGYLE ST,12:00-14:59,1,0
N,PROPERTY DAMAGE ONLY,\N,N,2024,SATURDAY,SINGLE VEHICLE,N,N,49.23847,-123.072704,Y,MARCH,N,VANCOUVER,VANCOUVER,VANCOUVER,N,N,N,LOWER MAINLAND,E 35TH AVE # 001500 TO 001699,E 35TH AVE,E 35TH AVE,12:00-14:59,1,0
N,PROPERTY DAMAGE ONLY,\N,N,2024,SATURDAY,SINGLE VEHICLE,N,N,49.243414,-122.762353,Y,MARCH,N,PORT COQUITLAM,PORT COQUITLAM,PORT COQUITLAM,N,Y,N,LOWER MAINLAND,BROADWAY ST # 001500 TO 001649,BROADWAY ST,BROADWAY ST,12:00-14:59,1,0
N,PROPERTY DAMAGE ONLY,\N,N,2024,SATURDAY,SINGLE VEHICLE,N,N,49.248982,-122.860071,Y,MARCH,N,COQUITLAM,COQUITLAM,COQUITLAM,N,Y,N,LOWER MAINLAND,AUSTIN AVE # 001100 TO 001299,AUSTIN AVE,AUSTIN AVE,12:00-14:59,1,0
N,PROPERTY DAMAGE ONLY,\N,N,2024,SATURDAY,SINGLE VEHICLE,N,N,49.249866,-122.892784,Y,MARCH,N,COQUITLAM,COQUITLAM,COQUITLAM,N,N,N,LOWER MAINLAND,NORTH RD # 000501 TO 000535 odd,NORTH RD,NORTH RD,12:00-14:59,1,0
N,PROPERTY DAMAGE ONLY,\N,N,2024,SATURDAY,SINGLE VEHICLE,N,N,49.250416,-123.127496,Y,MARCH,N,VANCOUVER,VANCOUVER,VANCOUVER,N,Y,N,LOWER MAINLAND,OAK ST # 003900 TO 004007,OAK ST,OAK ST,12:00-14:59,1,0
N,PROPERTY DAMAGE ONLY,\N,N,2024,SATURDAY,SINGLE VEHICLE,N,N,49.26332,-123.175235,Y,MARCH,N,VANCOUVER,VANCOUVER,VANCOUVER,N,N,N,LOWER MAINLAND,W 10TH AVE # 003125 TO 003199,W 10TH AVE,W 10TH AVE,12:00-14:59,1,0
N,PROPERTY DAMAGE ONLY,\N,N,2024,SATURDAY,SINGLE VEHICLE,N,N,49.264824,-122.868718,Y,MARCH,N,COQUITLAM,COQUITLAM,COQUITLAM,N,N,N,LOWER MAINLAND,BLUE MOUNTAIN ST # 000820 TO 000837,BLUE MOUNTAIN ST,BLUE MOUNTAIN ST,12:00-14:59,1,0
N,PROPERTY DAMAGE ONLY,\N,N,2024,SATURDAY,SINGLE VEHICLE,N,N,49.266126,-122.988694,Y,MARCH,N,BURNABY,BURNABY,BURNABY,N,Y,N,LOWER MAINLAND,BELLWOOD AVE # 001940 TO 002099,BELLWOOD AVE,BELLWOOD AVE,12:00-14:59,1,0
N,PROPERTY DAMAGE ONLY,\N,N,2024,SATURDAY,SINGLE VEHICLE,N,N,49.266537,-123.007121,Y,MARCH,N,BURNABY,BURNABY,BURNABY,N,Y,N,LOWER MAINLAND,LOUGHEED HWY # 004301 TO 004399 odd,LOUGHEED HWY,LOUGHEED HWY,12:00-14:59,1,0
N,PROPERTY DAMAGE ONLY,\N,N,2024,SATURDAY,SINGLE VEHICLE,N,N,49.268045,-123.008027,Y,MARCH,N,BURNABY,BURNABY,BURNABY,N,Y,N,LOWER MAINLAND,HALIFAX ST # 004200 TO 004399,HALIFAX ST,HALIFAX ST,12:00-14:59,1,0
N,PROPERTY DAMAGE ONLY,\N,N,2024,SATURDAY,SINGLE VEHICLE,N,N,49.272296,-123.048144,Y,MARCH,N,VANCOUVER,VANCOUVER,VANCOUVER,N,N,N,LOWER MAINLAND,KITCHENER ST # 002700 TO 002799,KITCHENER ST,KITCHENER ST,12:00-14:59,1,0
N,PROPERTY DAMAGE ONLY,\N,N,2024,SATURDAY,SINGLE VEHICLE,N,N,49.273654,-123.124005,Y,MARCH,N,VANCOUVER,VANCOUVER,VANCOUVER,N,Y,N,LOWER MAINLAND,DRAKE ST # 000200 TO 000299,DRAKE ST,DRAKE ST,12:00-14:59,1,0
N,PROPERTY DAMAGE ONLY,\N,N,2024,SATURDAY,SINGLE VEHICLE,N,N,49.277461,-123.121872,Y,MARCH,N,VANCOUVER,VANCOUVER,VANCOUVER,N,Y,N,LOWER MAINLAND,RICHARDS ST # 001000 TO 001099,RICHARDS ST,RICHARDS ST,12:00-14:59,1,0
N,PROPERTY DAMAGE ONLY,\N,N,2024,SATURDAY,SINGLE VEHICLE,N,N,49.279774,-123.128136,Y,MARCH,N,VANCOUVER,VANCOUVER,VANCOUVER,N,Y,N,LOWER MAINLAND,BURRARD ST # 001100 TO 001165,BURRARD ST,BURRARD ST,12:00-14:59,1,0
N,PROPERTY DAMAGE ONLY,\N,N,2024,SATURDAY,SINGLE VEHICLE,N,N,49.281327,-123.075608,Y,MARCH,N,VANCOUVER,VANCOUVER,VANCOUVER,N,Y,N,LOWER MAINLAND,E HASTINGS ST # 001300 TO 001499,E HASTINGS ST,E HASTINGS ST,12:00-14:59,1,0
N,PROPERTY DAMAGE ONLY,\N,N,2024,SATURDAY,SINGLE VEHICLE,N,N,49.289803,-123.128233,Y,MARCH,N,VANCOUVER,VANCOUVER,VANCOUVER,N,Y,N,LOWER MAINLAND,W PENDER ST # 001400 TO 001499,W PENDER ST,W PENDER ST,12:00-14:59,1,0
N,PROPERTY DAMAGE ONLY,\N,N,2024,SATURDAY,SINGLE VEHICLE,N,N,49.290973,-123.134677,Y,MARCH,N,VANCOUVER,VANCOUVER,VANCOUVER,N,Y,N,LOWER MAINLAND,ROBSON ST # 001700 TO 001799,ROBSON ST,ROBSON ST,12:00-14:59,1,0
N,PROPERTY DAMAGE ONLY,\N,N,2024,SATURDAY,SINGLE VEHICLE,N,N,49.317928,-124.296858,Y,MARCH,N,PARKSVILLE,PARKSVILLE,PARKSVILLE,N,Y,N,VANCOUVER ISLAND,ISLAND HWY E # 000401 TO 000599 odd,ISLAND HWY E,ISLAND HWY E,12:00-14:59,1,0
N,PROPERTY DAMAGE ONLY,\N,N,2024,SATURDAY,SINGLE VEHICLE,N,N,49.318277,-124.311195,Y,MARCH,N,PARKSVILLE,PARKSVILLE,PARKSVILLE,N,Y,N,VANCOUVER ISLAND,JENSEN AVE E # 000100 TO 000155,JENSEN AVE E,JENSEN AVE E,12:00-14:59,1,0
N,PROPERTY DAMAGE ONLY,\N,N,2024,SATURDAY,SINGLE VEHICLE,N,N,49.321968,-122.976307,Y,MARCH,N,NORTH VANCOUVER,NORTH VANCOUVER,NORTH VANCOUVER,N,N,N,LOWER MAINLAND,ANNE MACDONALD WAY # 003400 TO 003493,ANNE MACDONALD WAY,ANNE MACDONALD WAY,12:00-14:59,1,0
N,PROPERTY DAMAGE ONLY,\N,N,2024,SATURDAY,SINGLE VEHICLE,N,N,49.322087,-123.073959,Y,MARCH,N,NORTH VANCOUVER,NORTH VANCOUVER,NORTH VANCOUVER,N,N,N,LOWER MAINLAND,W 15TH ST # 000120 TO 000175,W 15TH ST,W 15TH ST,12:00-14:59,1,0
N,PROPERTY DAMAGE ONLY,\N,N,2024,SATURDAY,SINGLE VEHICLE,N,N,49.325417,-117.661272,Y,MARCH,N,CASTLEGAR,CASTLEGAR,CASTLEGAR,N,N,N,SOUTHERN INTERIOR,4TH ST # 000800 TO 000899,4TH ST,4TH ST,12:00-14:59,1,0
N,PROPERTY DAMAGE ONLY,\N,N,2024,SATURDAY,SINGLE VEHICLE,N,N,49.326243,-123.073814,Y,MARCH,N,NORTH VANCOUVER,NORTH VANCOUVER,NORTH VANCOUVER,N,Y,N,LOWER MAINLAND,W 19TH ST # 000124 TO 000177,W 19TH ST,W 19TH ST,12:00-14:59,1,0
N,PROPERTY DAMAGE ONLY,\N,N,2024,SATURDAY,SINGLE VEHICLE,N,N,49.330549,-124.343596,Y,MARCH,N,PARKSVILLE,PARKSVILLE,PARKSVILLE,N,Y,N,VANCOUVER ISLAND,ISLAND HWY W # 000800 TO 000829,ISLAND HWY W,ISLAND HWY W,12:00-14:59,1,0
N,PROPERTY DAMAGE ONLY,\N,N,2024,SATURDAY,SINGLE VEHICLE,N,N,49.334043,-123.037858,Y,MARCH,N,NORTH VANCOUVER,NORTH VANCOUVER,NORTH VANCOUVER,N,Y,N,LOWER MAINLAND,MOUNTAIN HWY # 002700 TO 002800,MOUNTAIN HWY,MOUNTAIN HWY,12:00-14:59,1,0
N,PROPERTY DAMAGE ONLY,\N,N,2024,SATURDAY,SINGLE VEHICLE,N,N,49.344863,-119.570848,Y,MARCH,N,OKANAGAN FALLS,OKANAGAN FALLS,OKANAGAN FALLS,N,N,N,SOUTHERN INTERIOR,9TH AVE # 004900 TO 004999,9TH AVE,9TH AVE,12:00-14:59,1,0
N,PROPERTY DAMAGE ONLY,\N,N,2024,SATURDAY,SINGLE VEHICLE,N,N,49.350157,-123.073386,Y,MARCH,N,NORTH VANCOUVER,NORTH VANCOUVER,NORTH VANCOUVER,N,N,N,LOWER MAINLAND,PROSPECT RD # 004150 TO 004549,PROSPECT RD,PROSPECT RD,12:00-14:59,1,0
N,PROPERTY DAMAGE ONLY,\N,N,2024,SATURDAY,SINGLE VEHICLE,N,N,49.373875,-123.272954,Y,MARCH,N,WEST VANCOUVER,WEST VANCOUVER,WEST VANCOUVER,N,Y,N,LOWER MAINLAND,KEITH RD # 006600 TO 006768,KEITH RD,KEITH RD,12:00-14:59,1,0
N,PROPERTY DAMAGE ONLY,\N,N,2024,SATURDAY,SINGLE VEHICLE,N,N,49.374087,-123.274572,Y,MARCH,N,WEST VANCOUVER,WEST VANCOUVER,WEST VANCOUVER,N,N,N,LOWER MAINLAND,ROYAL AVE # 006600 TO 006699,ROYAL AVE,ROYAL AVE,12:00-14:59,1,0
N,PROPERTY DAMAGE ONLY,\N,N,2024,SATURDAY,SINGLE VEHICLE,N,N,49.479669,-119.595854,Y,MARCH,N,PENTICTON,PENTICTON,PENTICTON,N,Y,N,SOUTHERN INTERIOR,FAIRVIEW RD # 001670 TO 001693,FAIRVIEW RD,FAIRVIEW RD,12:00-14:59,1,0
N,PROPERTY DAMAGE ONLY,\N,N,2024,SATURDAY,SINGLE VEHICLE,N,N,49.623874,-125.026348,Y,MARCH,N,CUMBERLAND,CUMBERLAND,CUMBERLAND,N,N,N,VANCOUVER ISLAND,CUMBERLAND RD # 004718 TO 004729,CUMBERLAND RD,CUMBERLAND RD,12:00-14:59,1,0
N,PROPERTY DAMAGE ONLY,\N,N,2024,SATURDAY,SINGLE VEHICLE,N,N,49.672219,-124.922477,Y,MARCH,N,COMOX,COMOX,COMOX,N,N,N,VANCOUVER ISLAND,COMOX AVE # 001650 TO 001729,COMOX AVE,COMOX AVE,12:00-14:59,1,0
N,PROPERTY DAMAGE ONLY,\N,N,2024,SATURDAY,SINGLE VEHICLE,N,N,49.679426,-124.999733,Y,MARCH,N,COURTENAY,COURTENAY,COURTENAY,N,N,N,VANCOUVER ISLAND,PIERCY AVE # 001601 TO 001699,PIERCY AVE,PIERCY AVE,12:00-14:59,1,0
N,PROPERTY DAMAGE ONLY,\N,N,2024,SATURDAY,SINGLE VEHICLE,N,N,49.926632,-119.383861,Y,MARCH,N,KELOWNA,KELOWNA,KELOWNA,N,N,N,SOUTHERN INTERIOR,ACLAND RD # 002700 TO 002999,ACLAND RD,ACLAND RD,12:00-14:59,1,0
N,PROPERTY DAMAGE ONLY,\N,N,2024,SATURDAY,SINGLE VEHICLE,N,N,49.951873,-125.212436,Y,MARCH,N,CAMPBELL RIVER,CAMPBELL RIVER,CAMPBELL RIVER,N,N,N,VANCOUVER ISLAND,VERMONT DR # 000100 TO 000299,VERMONT DR,VERMONT DR,12:00-14:59,1,0
N,PROPERTY DAMAGE ONLY,\N,N,2024,SATURDAY,SINGLE VEHICLE,N,N,50.018036,-119.404834,Y,MARCH,N,LAKE COUNTRY,LAKE COUNTRY,LAKE COUNTRY,N,N,N,SOUTHERN INTERIOR,HWY 97 N # 009045 TO 009499 odd,HWY 97,HWY 97,12:00-14:59,1,0
N,PROPERTY DAMAGE ONLY,\N,N,2024,SATURDAY,SINGLE VEHICLE,N,N,50.020417,-119.404207,Y,MARCH,N,LAKE COUNTRY,LAKE COUNTRY,LAKE COUNTRY,N,Y,N,SOUTHERN INTERIOR,MAIN ST # 009500 TO 009529,MAIN ST,MAIN ST,12:00-14:59,1,0
N,PROPERTY DAMAGE ONLY,\N,N,2024,SATURDAY,SINGLE VEHICLE,N,N,50.665334,-120.350116,Y,MARCH,N,KAMLOOPS,KAMLOOPS,KAMLOOPS,N,Y,N,SOUTHERN INTERIOR,SUMMIT DR # 001210 TO 001378 even,SUMMIT DR,SUMMIT DR,12:00-14:59,1,0
N,PROPERTY DAMAGE ONLY,\N,N,2024,SATURDAY,SINGLE VEHICLE,N,N,50.669348,-120.22127,Y,MARCH,N,KAMLOOPS,KAMLOOPS,KAMLOOPS,N,N,N,SOUTHERN INTERIOR,VALLEYVIEW DR # 003200 TO 004000,VALLEYVIEW DR,VALLEYVIEW DR,12:00-14:59,1,0
N,PROPERTY DAMAGE ONLY,\N,N,2024,SATURDAY,SINGLE VEHICLE,N,N,50.959125,-118.164624,Y,MARCH,N,REVELSTOKE,REVELSTOKE,REVELSTOKE,N,Y,N,SOUTHERN INTERIOR,CAMOZZI RD # 002878 TO 002973,CAMOZZI RD,CAMOZZI RD,12:00-14:59,1,0
N,PROPERTY DAMAGE ONLY,\N,N,2024,SATURDAY,SINGLE VEHICLE,N,N,52.125648,-122.144863,Y,MARCH,N,WILLIAMS LAKE,WILLIAMS LAKE,WILLIAMS LAKE,N,Y,N,NORTH CENTRAL,MACKENZIE AVE S # 000172 TO 000249,MACKENZIE AVE S,MACKENZIE AVE S,12:00-14:59,1,0
N,PROPERTY DAMAGE ONLY,\N,N,2024,SATURDAY,SINGLE VEHICLE,N,N,52.948133,-122.559318,Y,MARCH,N,QUESNEL,QUESNEL,QUESNEL,N,N,N,NORTH CENTRAL,MARSH RD # 001024 TO 001085,MARSH RD,MARSH RD,12:00-14:59,1,0
N,PROPERTY DAMAGE ONLY,\N,N,2024,SATURDAY,SINGLE VEHICLE,N,N,53.98801,-122.805315,Y,MARCH,N,PRINCE GEORGE,PRINCE GEORGE,PRINCE GEORGE,N,Y,N,NORTH CENTRAL,BURKITT RD # 006490 TO 006599,BURKITT RD,BURKITT RD,12:00-14:59,1,0
N,PROPERTY DAMAGE ONLY,\N,N,2024,SATURDAY,SINGLE VEHICLE,N,N,54.518267,-128.598979,Y,MARCH,N,TERRACE,TERRACE,TERRACE,N,Y,N,NORTH CENTRAL,EBY ST # 003219 TO 003299,EBY ST,EBY ST,12:00-14:59,1,0
N,PROPERTY DAMAGE ONLY,\N,N,2024,SATURDAY,SINGLE VEHICLE,Y,N,49.130382,-123.023739,Y,MARCH,N,DELTA,DELTA,DELTA,N,N,N,LOWER MAINLAND,72 ST # 006849 TO 007199,72 ST,72 ST,12:00-14:59,1,0
N,PROPERTY DAMAGE ONLY,\N,N,2024,SATURDAY,SINGLE VEHICLE,Y,N,49.201669,-122.941775,Y,MARCH,N,NEW WESTMINSTER,NEW WESTMINSTER,NEW WESTMINSTER,N,N,N,LOWER MAINLAND,SIXTH AVE # 001800 TO 001917,MARINE WAY,MARINE WAY,12:00-14:59,1,0
N,PROPERTY DAMAGE ONLY,\N,N,2024,SATURDAY,UNDETERMINED,N,N,\N,\N,N,MARCH,N,COMOX,COMOX,\N,N,N,N,VANCOUVER ISLAND,UNKNOWN,CLIFF AVE,CLIFF AVE,12:00-14:59,1,0
N,PROPERTY DAMAGE ONLY,\N,N,2024,SATURDAY,UNDETERMINED,N,N,\N,\N,N,MARCH,N,MARA,MARA,\N,N,N,N,SOUTHERN INTERIOR,UNKNOWN,HWY 97A,HWY 97A,12:00-14:59,1,0
N,PROPERTY DAMAGE ONLY,\N,N,2024,SATURDAY,UNDETERMINED,N,N,\N,\N,N,MARCH,N,MERVILLE,MERVILLE,\N,N,N,N,VANCOUVER ISLAND,UNKNOWN,HWY 19A,HWY 19A,12:00-14:59,1,0
N,PROPERTY DAMAGE ONLY,\N,N,2024,SATURDAY,UNDETERMINED,N,N,\N,\N,N,MARCH,N,MISSION,MISSION,\N,Y,N,N,LOWER MAINLAND,UNKNOWN,HARTLEY RD,HARTLEY RD,12:00-14:59,1,0
N,PROPERTY DAMAGE ONLY,\N,N,2024,SATURDAY,UNDETERMINED,N,N,\N,\N,N,MARCH,N,NORTH VANCOUVER,NORTH VANCOUVER,\N,N,N,N,LOWER MAINLAND,UNKNOWN,WEST 14TH STREET,WEST 14TH STREET,12:00-14:59,1,0
N,PROPERTY DAMAGE ONLY,\N,N,2024,SATURDAY,UNDETERMINED,N,N,\N,\N,N,MARCH,N,PRINCE GEORGE,PRINCE GEORGE,\N,N,N,N,NORTH CENTRAL,UNKNOWN,CHARTWELL CRES,CHARTWELL CRES,12:00-14:59,1,0
N,PROPERTY DAMAGE ONLY,\N,N,2024,SATURDAY,UNDETERMINED,N,N,\N,\N,N,MARCH,N,PRINCE GEORGE,PRINCE GEORGE,\N,Y,N,N,NORTH CENTRAL,UNKNOWN,IRWIN ST,IRWIN ST,12:00-14:59,1,0
N,PROPERTY DAMAGE ONLY,\N,N,2024,SATURDAY,UNDETERMINED,N,N,\N,\N,N,MARCH,N,QUESNEL,QUESNEL,\N,N,N,N,NORTH CENTRAL,UNKNOWN,NAZKO RD,NAZKO RD,12:00-14:59,1,0
N,PROPERTY DAMAGE ONLY,\N,N,2024,SATURDAY,UNDETERMINED,N,N,\N,\N,N,MARCH,N,REVELSTOKE,REVELSTOKE,\N,N,N,N,SOUTHERN INTERIOR,UNKNOWN,AIRPORT WAY,AIRPORT WAY,12:00-14:59,1,0
N,PROPERTY DAMAGE ONLY,\N,N,2024,SATURDAY,UNDETERMINED,N,N,\N,\N,N,MARCH,N,SALMON ARM,SALMON ARM,\N,N,N,N,SOUTHERN INTERIOR,UNKNOWN,15 AVE NE,15 AVE NE,12:00-14:59,1,0
N,PROPERTY DAMAGE ONLY,\N,N,2024,SATURDAY,UNDETERMINED,N,N,\N,\N,N,MARCH,N,SURREY,SURREY,\N,Y,N,N,LOWER MAINLAND,UNKNOWN,68 AVE,68 AVE,12:00-14:59,1,0
N,PROPERTY DAMAGE ONLY,\N,N,2024,SATURDAY,UNDETERMINED,N,N,\N,\N,N,MARCH,N,UNKNOWN,UNKNOWN,\N,Y,N,N,UNKNOWN,UNKNOWN,UNKNOWN,UNKNOWN,12:00-14:59,1,0
N,PROPERTY DAMAGE ONLY,\N,N,2024,SATURDAY,UNDETERMINED,N,N,\N,\N,N,MARCH,N,VANCOUVER,VANCOUVER,\N,N,N,N,LOWER MAINLAND,UNKNOWN,ALBERTA ST,ALBERTA ST,12:00-14:59,1,0
N,PROPERTY DAMAGE ONLY,\N,N,2024,SATURDAY,UNDETERMINED,N,N,\N,\N,N,MARCH,N,VANCOUVER,VANCOUVER,\N,N,N,N,LOWER MAINLAND,UNKNOWN,KNIGHT ST,KNIGHT ST,12:00-14:59,1,0
N,PROPERTY DAMAGE ONLY,\N,N,2024,SATURDAY,UNDETERMINED,N,N,\N,\N,N,MARCH,N,VICTORIA,VICTORIA,\N,N,N,N,VANCOUVER ISLAND,UNKNOWN,MILLSTREAM RD,MILLSTREAM RD,12:00-14:59,1,0
N,PROPERTY DAMAGE ONLY,\N,N,2024,SATURDAY,UNDETERMINED,N,N,\N,\N,N,MARCH,N,VICTORIA,VICTORIA,\N,Y,Y,N,VANCOUVER ISLAND,UNKNOWN,MCCALLUM RD,MCCALLUM RD,12:00-14:59,1,0
N,PROPERTY DAMAGE ONLY,\N,N,2024,SATURDAY,UNDETERMINED,N,N,\N,\N,N,MARCH,N,VICTORIA,VICTORIA,\N,Y,Y,N,VANCOUVER ISLAND,UNKNOWN,MILLSTREAM,MILLSTREAM,12:00-14:59,1,0
N,PROPERTY DAMAGE ONLY,\N,N,2024,SATURDAY,UNDETERMINED,N,N,\N,\N,N,MARCH,N,VICTORIA,VICTORIA,\N,Y,Y,N,VANCOUVER ISLAND,UNKNOWN,WATKISS WAY,WATKISS WAY,12:00-14:59,1,0
N,PROPERTY DAMAGE ONLY,\N,N,2024,SATURDAY,UNDETERMINED,N,N,\N,\N,N,MARCH,N,WHISTLER,WHISTLER,\N,Y,Y,N,LOWER MAINLAND,UNKNOWN,UNKNOWN,UNKNOWN,12:00-14:59,1,0
N,PROPERTY DAMAGE ONLY,\N,N,2024,SATURDAY,UNDETERMINED,N,N,48.408233,-123.488276,Y,MARCH,N,COLWOOD,COLWOOD,COLWOOD,Y,Y,N,VANCOUVER ISLAND,LATORIA BLVD # 000200 TO 000346,LATORIA BLVD,LATORIA BLVD,12:00-14:59,1,0
N,PROPERTY DAMAGE ONLY,\N,N,2024,SATURDAY,UNDETERMINED,N,N,48.432559,-123.403005,Y,MARCH,Y,ESQUIMALT,ESQUIMALT,ESQUIMALT,Y,Y,N,VANCOUVER ISLAND,HEAD ST # 000650 TO 000699,HEAD ST,HEAD ST,12:00-14:59,1,0
N,PROPERTY DAMAGE ONLY,\N,N,2024,SATURDAY,UNDETERMINED,N,N,48.438385,-123.512023,Y,MARCH,N,LANGFORD,LANGFORD,LANGFORD,N,Y,N,VANCOUVER ISLAND,TERLANE PL # 000846 TO 000857,TERLANE PL,TERLANE PL,12:00-14:59,1,0
N,PROPERTY DAMAGE ONLY,\N,N,2024,SATURDAY,UNDETERMINED,N,N,48.438466,-123.358906,Y,MARCH,N,VICTORIA,VICTORIA,VICTORIA,Y,N,N,VANCOUVER ISLAND,QUADRA ST # 002600 TO 002699,QUADRA ST,QUADRA ST,12:00-14:59,1,0
N,PROPERTY DAMAGE ONLY,\N,N,2024,SATURDAY,UNDETERMINED,N,N,48.44275,-123.358051,Y,MARCH,N,VICTORIA,VICTORIA,VICTORIA,Y,Y,N,VANCOUVER ISLAND,TOPAZ AVE # 001040 TO 001099,TOPAZ AVE,TOPAZ AVE,12:00-14:59,1,0
N,PROPERTY DAMAGE ONLY,\N,N,2024,SATURDAY,UNDETERMINED,N,N,48.444199,-123.360556,Y,MARCH,N,VICTORIA,VICTORIA,VICTORIA,Y,Y,N,VANCOUVER ISLAND,QUADRA ST # 002990 TO 003009,QUADRA ST,QUADRA ST,12:00-14:59,1,0
N,PROPERTY DAMAGE ONLY,\N,N,2024,SATURDAY,UNDETERMINED,N,N,48.444693,-123.333327,Y,MARCH,N,VICTORIA,VICTORIA,VICTORIA,Y,Y,N,VANCOUVER ISLAND,SHELBOURNE ST # 003000 TO 003099,SHELBOURNE ST,SHELBOURNE ST,12:00-14:59,1,0
N,PROPERTY DAMAGE ONLY,\N,N,2024,SATURDAY,UNDETERMINED,N,N,48.450474,-123.42175,Y,MARCH,N,ESQUIMALT,ESQUIMALT,ESQUIMALT,Y,Y,N,VANCOUVER ISLAND,YARROW PL # 000900 TO 000929,YARROW PL,YARROW PL,12:00-14:59,1,0
N,PROPERTY DAMAGE ONLY,\N,N,2024,SATURDAY,UNDETERMINED,N,N,48.45553,-123.372619,Y,MARCH,N,SAANICH,SAANICH,SAANICH,Y,Y,N,VANCOUVER ISLAND,BLANSHARD ST # 003500 TO 003525,BLANSHARD ST,BLANSHARD ST,12:00-14:59,2,0
N,PROPERTY DAMAGE ONLY,\N,N,2024,SATURDAY,UNDETERMINED,N,N,48.533467,-123.458969,Y,MARCH,N,SAANICH,SAANICH,SAANICH,Y,Y,N,VANCOUVER ISLAND,HARTLAND AVE # 000000 TO 000005,HARTLAND AVE,HARTLAND AVE,12:00-14:59,1,0
N,PROPERTY DAMAGE ONLY,\N,N,2024,SATURDAY,UNDETERMINED,N,N,48.723577,-123.720411,Y,MARCH,N,DUNCAN,DUNCAN,DUNCAN,N,N,N,VANCOUVER ISLAND,MOUNTAIN RD # 002962 TO 003569,MOUNTAIN RD,MOUNTAIN RD,12:00-14:59,1,0
N,PROPERTY DAMAGE ONLY,\N,N,2024,SATURDAY,UNDETERMINED,N,N,49.006489,-122.74467,Y,MARCH,N,SURREY,SURREY,SURREY,Y,Y,N,LOWER MAINLAND,2A AVE # 017250 TO 017278,2A AVE,2A AVE,12:00-14:59,1,0
N,PROPERTY DAMAGE ONLY,\N,N,2024,SATURDAY,UNDETERMINED,N,N,49.023015,-122.380771,Y,MARCH,N,ABBOTSFORD,ABBOTSFORD,ABBOTSFORD,Y,Y,N,LOWER MAINLAND,LIBERATOR AVE # 030440 TO 030448 even,LIBERATOR AVE,LIBERATOR AVE,12:00-14:59,1,0
N,PROPERTY DAMAGE ONLY,\N,N,2024,SATURDAY,UNDETERMINED,N,N,49.030366,-122.799747,Y,MARCH,N,WHITE ROCK,WHITE ROCK,WHITE ROCK,Y,N,N,LOWER MAINLAND,GEORGE ST # 001522 TO 001599,GEORGE ST,GEORGE ST,12:00-14:59,1,0
N,PROPERTY DAMAGE ONLY,\N,N,2024,SATURDAY,UNDETERMINED,N,N,49.030989,-119.463176,Y,MARCH,N,OSOYOOS,OSOYOOS,OSOYOOS,Y,Y,N,SOUTHERN INTERIOR,MAIN ST # 008110 TO 008129,MAIN ST,MAIN ST,12:00-14:59,1,0
N,PROPERTY DAMAGE ONLY,\N,N,2024,SATURDAY,UNDETERMINED,N,N,49.031085,-122.785607,Y,MARCH,N,SURREY,SURREY,SURREY & WHITE ROCK,N,N,N,LOWER MAINLAND,NORTH BLUFF RD # 015734 TO 015793,16 AVE,16 AVE,12:00-14:59,1,0
N,PROPERTY DAMAGE ONLY,\N,N,2024,SATURDAY,UNDETERMINED,N,N,49.042956,-122.228594,Y,MARCH,N,ABBOTSFORD,ABBOTSFORD,ABBOTSFORD,Y,N,N,LOWER MAINLAND,TIMBERLANE DR # 002200 TO 002299,TIMBERLANE DR,TIMBERLANE DR,12:00-14:59,1,0
N,PROPERTY DAMAGE ONLY,\N,N,2024,SATURDAY,UNDETERMINED,N,N,49.048161,-122.341448,Y,MARCH,N,ABBOTSFORD,ABBOTSFORD,ABBOTSFORD,Y,Y,N,LOWER MAINLAND,SOUTH FRASER WAY # 031800 TO 031899,SOUTH FRASER WAY,SOUTH FRASER WAY,12:00-14:59,1,0
N,PROPERTY DAMAGE ONLY,\N,N,2024,SATURDAY,UNDETERMINED,N,N,49.051527,-122.239419,Y,MARCH,N,ABBOTSFORD,ABBOTSFORD,ABBOTSFORD,Y,N,N,LOWER MAINLAND,EAGLE MOUNTAIN DR # 002702 TO 002759,EAGLE MOUNTAIN DR,EAGLE MOUNTAIN DR,12:00-14:59,1,0
N,PROPERTY DAMAGE ONLY,\N,N,2024,SATURDAY,UNDETERMINED,N,N,49.059947,-122.495534,Y,MARCH,N,LANGLEY,LANGLEY,LANGLEY,Y,Y,N,LOWER MAINLAND,FRASER HWY # 026250 TO 026349,FRASER HWY,FRASER HWY,12:00-14:59,1,0
N,PROPERTY DAMAGE ONLY,\N,N,2024,SATURDAY,UNDETERMINED,N,N,49.076929,-117.799366,Y,MARCH,N,ROSSLAND,ROSSLAND,ROSSLAND,N,N,N,SOUTHERN INTERIOR,COLUMBIA AVE # 002000 TO 002099,COLUMBIA AVE,COLUMBIA AVE,12:00-14:59,1,0
N,PROPERTY DAMAGE ONLY,\N,N,2024,SATURDAY,UNDETERMINED,N,N,49.077045,-122.653566,Y,MARCH,N,LANGLEY,LANGLEY,LANGLEY,Y,N,N,LOWER MAINLAND,205B ST # 004070 TO 004199,205B ST,205B ST,12:00-14:59,1,0
N,PROPERTY DAMAGE ONLY,\N,N,2024,SATURDAY,UNDETERMINED,N,N,49.081379,-122.425751,Y,MARCH,N,ABBOTSFORD,ABBOTSFORD,ABBOTSFORD,Y,N,N,LOWER MAINLAND,BRADNER RD # 004332 TO 004399,BRADNER RD,BRADNER RD,12:00-14:59,1,0
N,PROPERTY DAMAGE ONLY,\N,N,2024,SATURDAY,UNDETERMINED,N,N,49.100983,-122.667414,Y,MARCH,N,LANGLEY,LANGLEY,LANGLEY,Y,Y,N,LOWER MAINLAND,MICHAUD CRES # 020000 TO 020099,MICHAUD CRES,MICHAUD CRES,12:00-14:59,1,0
N,PROPERTY DAMAGE ONLY,\N,N,2024,SATURDAY,UNDETERMINED,N,N,49.106963,-122.875279,Y,MARCH,N,SURREY,SURREY,SURREY,Y,N,N,LOWER MAINLAND,57A AVE # 012510 TO 012549,57A AVE,57A AVE,12:00-14:59,1,0
N,PROPERTY DAMAGE ONLY,\N,N,2024,SATURDAY,UNDETERMINED,N,N,49.110135,-122.711413,Y,MARCH,N,SURREY,SURREY,SURREY,Y,N,N,LOWER MAINLAND,184A ST # 005900 TO 005946,184A ST,184A ST,12:00-14:59,1,0
N,PROPERTY DAMAGE ONLY,\N,N,2024,SATURDAY,UNDETERMINED,N,N,49.11093,-122.673116,Y,MARCH,N,LANGLEY,LANGLEY,LANGLEY,Y,Y,N,LOWER MAINLAND,FRASER HWY # 019851 TO 019879 odd,FRASER HWY,FRASER HWY,12:00-14:59,1,0
N,PROPERTY DAMAGE ONLY,\N,N,2024,SATURDAY,UNDETERMINED,N,N,49.113022,-122.672494,Y,MARCH,N,LANGLEY,LANGLEY,LANGLEY,Y,N,N,LOWER MAINLAND,LANGLEY BYPASS # 019822 TO 019998 even,LANGLEY BYPASS,LANGLEY BYPASS,12:00-14:59,1,0
N,PROPERTY DAMAGE ONLY,\N,N,2024,SATURDAY,UNDETERMINED,N,N,49.116846,-122.677611,Y,MARCH,N,LANGLEY,LANGLEY,LANGLEY,Y,Y,N,LOWER MAINLAND,WILLOWBROOK DR # 019671 TO 019699 odd,WILLOWBROOK DR,WILLOWBROOK DR,12:00-14:59,1,0
N,PROPERTY DAMAGE ONLY,\N,N,2024,SATURDAY,UNDETERMINED,N,N,49.117879,-122.66866,Y,MARCH,N,LANGLEY,LANGLEY,LANGLEY,Y,Y,N,LOWER MAINLAND,200 ST # 006281 TO 006399 odd,200 ST,200 ST,12:00-14:59,2,0
N,PROPERTY DAMAGE ONLY,\N,N,2024,SATURDAY,UNDETERMINED,N,N,49.121129,-122.708632,Y,MARCH,N,SURREY,SURREY,SURREY,Y,N,N,LOWER MAINLAND,64B AVE # 018550 TO 018599,64B AVE,64B AVE,12:00-14:59,1,0
N,PROPERTY DAMAGE ONLY,\N,N,2024,SATURDAY,UNDETERMINED,N,N,49.124226,-122.702777,Y,MARCH,N,SURREY,SURREY,SURREY,Y,Y,N,LOWER MAINLAND,FRASER HWY # 018721 TO 018799 odd,FRASER HWY,FRASER HWY,12:00-14:59,1,0
N,PROPERTY DAMAGE ONLY,\N,N,2024,SATURDAY,UNDETERMINED,N,N,49.124891,-122.866677,Y,MARCH,N,SURREY,SURREY,SURREY,Y,N,N,LOWER MAINLAND,67A AVE # 012800 TO 012899,67A AVE,67A AVE,12:00-14:59,1,0
N,PROPERTY DAMAGE ONLY,\N,N,2024,SATURDAY,UNDETERMINED,N,N,49.13161,-123.089724,Y,MARCH,N,RICHMOND,RICHMOND,RICHMOND,N,Y,N,LOWER MAINLAND,FEATHERSTONE WAY # 011130 TO 012151,FEATHERSTONE WAY,FEATHERSTONE WAY,12:00-14:59,1,0
N,PROPERTY DAMAGE ONLY,\N,N,2024,SATURDAY,UNDETERMINED,N,N,49.134001,-122.668211,Y,MARCH,N,LANGLEY,LANGLEY,LANGLEY,Y,N,N,LOWER MAINLAND,200 ST # 007200 TO 007278 even,200 ST,200 ST,12:00-14:59,1,0
N,PROPERTY DAMAGE ONLY,\N,N,2024,SATURDAY,UNDETERMINED,N,N,49.141137,-122.30949,Y,MARCH,N,MISSION,MISSION,MISSION,N,Y,N,LOWER MAINLAND,GRAND ST # 007600 TO 007699,GRAND ST,GRAND ST,12:00-14:59,1,0
N,PROPERTY DAMAGE ONLY,\N,N,2024,SATURDAY,UNDETERMINED,N,N,49.143337,-121.957745,Y,MARCH,N,CHILLIWACK,CHILLIWACK,CHILLIWACK,Y,Y,N,LOWER MAINLAND,LUCKAKUCK WAY # 045700 TO 045939,LUCKAKUCK WAY,LUCKAKUCK WAY,12:00-14:59,1,0
N,PROPERTY DAMAGE ONLY,\N,N,2024,SATURDAY,UNDETERMINED,N,N,49.143928,-122.629668,Y,MARCH,N,LANGLEY,LANGLEY,LANGLEY,N,Y,N,LOWER MAINLAND,78 AVE # 021200 TO 021599,78 AVE,78 AVE,12:00-14:59,1,0
N,PROPERTY DAMAGE ONLY,\N,N,2024,SATURDAY,UNDETERMINED,N,N,49.153566,-123.15893,Y,MARCH,N,RICHMOND,RICHMOND,RICHMOND,Y,N,N,LOWER MAINLAND,NO 2 RD # 008000 TO 008451,NO 2 RD,NO 2 RD,12:00-14:59,1,0
N,PROPERTY DAMAGE ONLY,\N,N,2024,SATURDAY,UNDETERMINED,N,N,49.154621,-122.309065,Y,MARCH,N,MISSION,MISSION,MISSION,Y,N,N,LOWER MAINLAND,CHERRY AVE # 033000 TO 033099,CHERRY AVE,CHERRY AVE,12:00-14:59,1,0
N,PROPERTY DAMAGE ONLY,\N,N,2024,SATURDAY,UNDETERMINED,N,N,49.161914,-122.88731,Y,MARCH,N,SURREY,SURREY,SURREY,Y,Y,N,LOWER MAINLAND,NORDEL WAY # 012000 TO 012198 even,NORDEL WAY,NORDEL WAY,12:00-14:59,1,0
N,PROPERTY DAMAGE ONLY,\N,N,2024,SATURDAY,UNDETERMINED,N,N,49.16267,-123.135127,Y,MARCH,N,RICHMOND,RICHMOND,RICHMOND,Y,Y,N,LOWER MAINLAND,GRANVILLE AVE # 008000 TO 008198 even,GRANVILLE AVE,GRANVILLE AVE,12:00-14:59,1,0
N,PROPERTY DAMAGE ONLY,\N,N,2024,SATURDAY,UNDETERMINED,N,N,49.162794,-123.145411,Y,MARCH,N,RICHMOND,RICHMOND,RICHMOND,Y,Y,N,LOWER MAINLAND,GRANVILLE AVE # 007001 TO 007299 odd,GRANVILLE AVE,GRANVILLE AVE,12:00-14:59,1,0
N,PROPERTY DAMAGE ONLY,\N,N,2024,SATURDAY,UNDETERMINED,N,N,49.162882,-122.829338,Y,MARCH,N,SURREY,SURREY,SURREY,Y,Y,N,LOWER MAINLAND,88 AVE # 014151 TO 014239 odd,88 AVE,88 AVE,12:00-14:59,1,0
N,PROPERTY DAMAGE ONLY,\N,N,2024,SATURDAY,UNDETERMINED,N,N,49.163077,-122.876824,Y,MARCH,N,SURREY,SURREY,SURREY,Y,Y,N,LOWER MAINLAND,88 AVE # 012450 TO 012499,88 AVE,88 AVE,12:00-14:59,1,0
N,PROPERTY DAMAGE ONLY,\N,N,2024,SATURDAY,UNDETERMINED,N,N,49.163468,-122.923888,Y,MARCH,N,DELTA,DELTA,DELTA,Y,N,N,LOWER MAINLAND,BROOKE RD # 008750 TO 008850,BROOKE RD,BROOKE RD,12:00-14:59,1,0
N,PROPERTY DAMAGE ONLY,\N,N,2024,SATURDAY,UNDETERMINED,N,N,49.164237,-122.796556,Y,MARCH,N,SURREY,SURREY,SURREY,Y,Y,N,LOWER MAINLAND,FRASER HWY # 015321 TO 015399 odd,FRASER HWY,FRASER HWY,12:00-14:59,1,0
N,PROPERTY DAMAGE ONLY,\N,N,2024,SATURDAY,UNDETERMINED,N,N,49.165195,-121.9589,Y,MARCH,N,CHILLIWACK,CHILLIWACK,CHILLIWACK,N,Y,N,LOWER MAINLAND,YALE RD # 045820 TO 045899,YALE RD,YALE RD,12:00-14:59,1,0
N,PROPERTY DAMAGE ONLY,\N,N,2024,SATURDAY,UNDETERMINED,N,N,49.167312,-121.952592,Y,MARCH,N,CHILLIWACK,CHILLIWACK,CHILLIWACK,Y,Y,N,LOWER MAINLAND,YOUNG RD # 009075 TO 009115,YOUNG RD,YOUNG RD,12:00-14:59,1,0
N,PROPERTY DAMAGE ONLY,\N,N,2024,SATURDAY,UNDETERMINED,N,N,49.168433,-122.573944,Y,MARCH,N,LANGLEY,LANGLEY,LANGLEY,N,Y,N,LOWER MAINLAND,MAVIS AVE # 023400 TO 023449,MAVIS AVE,MAVIS AVE,12:00-14:59,1,0
N,PROPERTY DAMAGE ONLY,\N,N,2024,SATURDAY,UNDETERMINED,N,N,49.174213,-119.592722,Y,MARCH,N,OLIVER,OLIVER,OLIVER,Y,Y,N,SOUTHERN INTERIOR,WEST AVE # 000110 TO 000198,WEST AVE,WEST AVE,12:00-14:59,1,0
N,PROPERTY DAMAGE ONLY,\N,N,2024,SATURDAY,UNDETERMINED,N,N,49.17655,-123.944763,Y,MARCH,N,NANAIMO,NANAIMO,NANAIMO,Y,Y,N,VANCOUVER ISLAND,ROSEHILL ST # 000100 TO 000199,ROSEHILL ST,ROSEHILL ST,12:00-14:59,1,0
N,PROPERTY DAMAGE ONLY,\N,N,2024,SATURDAY,UNDETERMINED,N,N,49.177893,-123.13652,Y,MARCH,N,RICHMOND,RICHMOND,RICHMOND,Y,Y,N,LOWER MAINLAND,NO 3 RD # 004900 TO 004998 even,NO 3 RD,NO 3 RD,12:00-14:59,1,0
N,PROPERTY DAMAGE ONLY,\N,N,2024,SATURDAY,UNDETERMINED,N,N,49.178889,-119.551799,Y,MARCH,N,OLIVER,OLIVER,OLIVER,Y,Y,N,SOUTHERN INTERIOR,MAIN ST # 005900 TO 005999,MAIN ST,MAIN ST,12:00-14:59,1,0
N,PROPERTY DAMAGE ONLY,\N,N,2024,SATURDAY,UNDETERMINED,N,N,49.183536,-123.133217,Y,MARCH,N,RICHMOND,RICHMOND,RICHMOND,Y,Y,N,LOWER MAINLAND,HAZELBRIDGE WAY # 004147 TO 004183 odd,HAZELBRIDGE WAY,HAZELBRIDGE WAY,12:00-14:59,1,0
N,PROPERTY DAMAGE ONLY,\N,N,2024,SATURDAY,UNDETERMINED,N,N,49.183572,-123.125837,Y,MARCH,N,RICHMOND,RICHMOND,RICHMOND,Y,N,N,LOWER MAINLAND,MCKIM WAY # 008700 TO 008799,MCKIM WAY,MCKIM WAY,12:00-14:59,1,0
N,PROPERTY DAMAGE ONLY,\N,N,2024,SATURDAY,UNDETERMINED,N,N,49.183753,-123.136572,Y,MARCH,N,RICHMOND,RICHMOND,RICHMOND,Y,Y,N,LOWER MAINLAND,NO 3 RD # 004000 TO 004198 even,NO 3 RD,NO 3 RD,12:00-14:59,1,0
N,PROPERTY DAMAGE ONLY,\N,N,2024,SATURDAY,UNDETERMINED,N,N,49.18429,-122.842482,Y,MARCH,N,SURREY,SURREY,SURREY,N,Y,N,LOWER MAINLAND,100 AVE # 013680 TO 013749,100 AVE,100 AVE,12:00-14:59,1,0
N,PROPERTY DAMAGE ONLY,\N,N,2024,SATURDAY,UNDETERMINED,N,N,49.184577,-123.103694,Y,MARCH,N,RICHMOND,RICHMOND,RICHMOND,Y,Y,N,LOWER MAINLAND,CAMBIE RD # 010701 TO 010799,CAMBIE RD,CAMBIE RD,12:00-14:59,1,0
N,PROPERTY DAMAGE ONLY,\N,N,2024,SATURDAY,UNDETERMINED,N,N,49.185881,-123.10912,Y,MARCH,N,RICHMOND,RICHMOND,RICHMOND,Y,Y,N,LOWER MAINLAND,ST EDWARDS DR # 010212 TO 010551,ST EDWARDS DR,ST EDWARDS DR,12:00-14:59,1,0
N,PROPERTY DAMAGE ONLY,\N,N,2024,SATURDAY,UNDETERMINED,N,N,49.187003,-122.845527,Y,MARCH,N,SURREY,SURREY,SURREY,N,Y,N,LOWER MAINLAND,KING GEORGE BLVD # 010153 TO 010199 odd,KING GEORGE BLVD,KING GEORGE BLVD,12:00-14:59,1,0
N,PROPERTY DAMAGE ONLY,\N,N,2024,SATURDAY,UNDETERMINED,N,N,49.187447,-122.800847,Y,MARCH,N,SURREY,SURREY,SURREY,Y,Y,N,LOWER MAINLAND,152 ST # 010100 TO 010248 even,152 ST,152 ST,12:00-14:59,1,0
N,PROPERTY DAMAGE ONLY,\N,N,2024,SATURDAY,UNDETERMINED,N,N,49.187578,-122.3295,Y,MARCH,N,MISSION,MISSION,MISSION,Y,N,N,LOWER MAINLAND,DEWDNEY TRUNK RD # 010144 TO 010239,DEWDNEY TRUNK RD,DEWDNEY TRUNK RD,12:00-14:59,1,0
N,PROPERTY DAMAGE ONLY,\N,N,2024,SATURDAY,UNDETERMINED,N,N,49.188865,-122.852871,Y,MARCH,N,SURREY,SURREY,SURREY,N,Y,N,LOWER MAINLAND,102A AVE # 013311 TO 013359,102A AVE,102A AVE,12:00-14:59,1,0
N,PROPERTY DAMAGE ONLY,\N,N,2024,SATURDAY,UNDETERMINED,N,N,49.189923,-123.133741,Y,MARCH,N,RICHMOND,RICHMOND,RICHMOND,N,Y,N,LOWER MAINLAND,CORVETTE WAY # 003110 TO 003333,CORVETTE WAY,CORVETTE WAY,12:00-14:59,1,0
N,PROPERTY DAMAGE ONLY,\N,N,2024,SATURDAY,UNDETERMINED,N,N,49.192014,-123.122024,Y,MARCH,N,RICHMOND,RICHMOND,RICHMOND,N,Y,N,LOWER MAINLAND,BRIDGEPORT RD # 009088 TO 009299,BRIDGEPORT RD,BRIDGEPORT RD,12:00-14:59,1,0
N,PROPERTY DAMAGE ONLY,\N,N,2024,SATURDAY,UNDETERMINED,N,N,49.192014,-123.122024,Y,MARCH,N,RICHMOND,RICHMOND,RICHMOND,Y,Y,N,LOWER MAINLAND,BRIDGEPORT RD # 009088 TO 009299,BRIDGEPORT RD,BRIDGEPORT RD,12:00-14:59,1,0
N,PROPERTY DAMAGE ONLY,\N,N,2024,SATURDAY,UNDETERMINED,N,N,49.195432,-123.069225,Y,MARCH,N,RICHMOND,RICHMOND,RICHMOND,Y,Y,N,LOWER MAINLAND,NO 6 RD # 002200 TO 002633,NO 6 RD,NO 6 RD,12:00-14:59,1,0
N,PROPERTY DAMAGE ONLY,\N,N,2024,SATURDAY,UNDETERMINED,N,N,49.20004,-122.848931,Y,MARCH,N,SURREY,SURREY,SURREY,Y,N,N,LOWER MAINLAND,CITY PKY # 010800 TO 010899,CITY PKY,CITY PKY,12:00-14:59,1,0
N,PROPERTY DAMAGE ONLY,\N,N,2024,SATURDAY,UNDETERMINED,N,N,49.204125,-122.951893,Y,MARCH,N,NEW WESTMINSTER,NEW WESTMINSTER,NEW WESTMINSTER,Y,N,N,LOWER MAINLAND,LONDON ST # 002009 TO 002099,LONDON ST,LONDON ST,12:00-14:59,1,0
N,PROPERTY DAMAGE ONLY,\N,N,2024,SATURDAY,UNDETERMINED,N,N,49.20624,-122.983368,Y,MARCH,N,BURNABY,BURNABY,BURNABY,Y,N,N,LOWER MAINLAND,MARINE DR # 005470 TO 005655,MARINE DR,MARINE DR,12:00-14:59,1,0
N,PROPERTY DAMAGE ONLY,\N,N,2024,SATURDAY,UNDETERMINED,N,N,49.207284,-123.039389,Y,MARCH,N,VANCOUVER,VANCOUVER,VANCOUVER,Y,N,N,LOWER MAINLAND,PIERVIEW CRES # 003100 TO 003263,PIERVIEW CRES,PIERVIEW CRES,12:00-14:59,1,0
N,PROPERTY DAMAGE ONLY,\N,N,2024,SATURDAY,UNDETERMINED,N,N,49.212813,-122.919891,Y,MARCH,N,NEW WESTMINSTER,NEW WESTMINSTER,NEW WESTMINSTER,Y,Y,N,LOWER MAINLAND,SIXTH ST # 000524 TO 000599,SIXTH ST,SIXTH ST,12:00-14:59,1,0
N,PROPERTY DAMAGE ONLY,\N,N,2024,SATURDAY,UNDETERMINED,N,N,49.214137,-122.598169,Y,MARCH,N,MAPLE RIDGE,MAPLE RIDGE,MAPLE RIDGE,Y,N,N,LOWER MAINLAND,BRICKWOOD CLOSE # 022500 TO 022549,BRICKWOOD CLOSE,BRICKWOOD CLOSE,12:00-14:59,1,0
N,PROPERTY DAMAGE ONLY,\N,N,2024,SATURDAY,UNDETERMINED,N,N,49.218549,-122.651654,Y,MARCH,N,MAPLE RIDGE,MAPLE RIDGE,MAPLE RIDGE,Y,Y,N,LOWER MAINLAND,LOUGHEED HWY # 020568 TO 020615,LOUGHEED HWY,LOUGHEED HWY,12:00-14:59,1,0
N,PROPERTY DAMAGE ONLY,\N,N,2024,SATURDAY,UNDETERMINED,N,N,49.221645,-122.606486,Y,MARCH,N,MAPLE RIDGE,MAPLE RIDGE,MAPLE RIDGE,Y,Y,N,LOWER MAINLAND,BROWN AVE # 022200 TO 022219,BROWN AVE,BROWN AVE,12:00-14:59,1,0
N,PROPERTY DAMAGE ONLY,\N,N,2024,SATURDAY,UNDETERMINED,N,N,49.223308,-122.983661,Y,MARCH,N,BURNABY,BURNABY,BURNABY,N,Y,N,LOWER MAINLAND,KINGSWAY # 005501 TO 005599,KINGSWAY,KINGSWAY,12:00-14:59,1,0
N,PROPERTY DAMAGE ONLY,\N,N,2024,SATURDAY,UNDETERMINED,N,N,49.224704,-122.673335,Y,MARCH,N,PITT MEADOWS,PITT MEADOWS,PITT MEADOWS,Y,Y,N,LOWER MAINLAND,LOUGHEED HWY # 019800 TO 019808 even,LOUGHEED HWY,LOUGHEED HWY,12:00-14:59,1,0
N,PROPERTY DAMAGE ONLY,\N,N,2024,SATURDAY,UNDETERMINED,N,N,49.22498,-123.090758,Y,MARCH,N,VANCOUVER,VANCOUVER,VANCOUVER,Y,N,N,LOWER MAINLAND,FRASER ST # 006500 TO 006599,FRASER ST,FRASER ST,12:00-14:59,1,0
N,PROPERTY DAMAGE ONLY,\N,N,2024,SATURDAY,UNDETERMINED,N,N,49.225358,-123.002431,Y,MARCH,N,BURNABY,BURNABY,BURNABY,N,Y,N,LOWER MAINLAND,CENTRAL BLVD # 004400 TO 004549,CENTRAL BLVD,CENTRAL BLVD,12:00-14:59,1,0
N,PROPERTY DAMAGE ONLY,\N,N,2024,SATURDAY,UNDETERMINED,N,N,49.226738,-123.065687,Y,MARCH,N,VANCOUVER,VANCOUVER,VANCOUVER,Y,Y,N,LOWER MAINLAND,VICTORIA DR # 006300 TO 006419,VICTORIA DR,VICTORIA DR,12:00-14:59,1,0
N,PROPERTY DAMAGE ONLY,\N,N,2024,SATURDAY,UNDETERMINED,N,N,49.228116,-122.998531,Y,MARCH,N,BURNABY,BURNABY,BURNABY,Y,N,N,LOWER MAINLAND,KINGSWAY # 004700 TO 004749,KINGSWAY,KINGSWAY,12:00-14:59,1,0
N,PROPERTY DAMAGE ONLY,\N,N,2024,SATURDAY,UNDETERMINED,N,N,49.229897,-123.003852,Y,MARCH,N,BURNABY,BURNABY,BURNABY,N,Y,N,LOWER MAINLAND,KINGSWAY # 004500 TO 004555,KINGSWAY,KINGSWAY,12:00-14:59,1,0
N,PROPERTY DAMAGE ONLY,\N,N,2024,SATURDAY,UNDETERMINED,N,N,49.231773,-124.044187,Y,MARCH,N,NANAIMO,NANAIMO,NANAIMO,Y,Y,N,VANCOUVER ISLAND,METRAL DR # 006421 TO 006449 odd,METRAL DR,METRAL DR,12:00-14:59,1,0
N,PROPERTY DAMAGE ONLY,\N,N,2024,SATURDAY,UNDETERMINED,N,N,49.232983,-123.033651,Y,MARCH,N,VANCOUVER,VANCOUVER,VANCOUVER,N,Y,N,LOWER MAINLAND,KINGSWAY # 003360 TO 003398,KINGSWAY,KINGSWAY,12:00-14:59,1,0
N,PROPERTY DAMAGE ONLY,\N,N,2024,SATURDAY,UNDETERMINED,N,N,49.233409,-123.03449,Y,MARCH,N,VANCOUVER,VANCOUVER,VANCOUVER,Y,Y,N,LOWER MAINLAND,KINGSWAY # 003320 TO 003363,KINGSWAY,KINGSWAY,12:00-14:59,1,0
N,PROPERTY DAMAGE ONLY,\N,N,2024,SATURDAY,UNDETERMINED,N,N,49.235596,-122.867121,Y,MARCH,N,COQUITLAM,COQUITLAM,COQUITLAM,Y,Y,N,LOWER MAINLAND,LOUGHEED HWY # 000960 TO 001000 even,LOUGHEED HWY,LOUGHEED HWY,12:00-14:59,1,0
N,PROPERTY DAMAGE ONLY,\N,N,2024,SATURDAY,UNDETERMINED,N,N,49.236325,-124.001203,Y,MARCH,N,NANAIMO,NANAIMO,NANAIMO,Y,N,N,VANCOUVER ISLAND,SUNHAVEN PL # 005350 TO 005391,SUNHAVEN PL,SUNHAVEN PL,12:00-14:59,1,0
N,PROPERTY DAMAGE ONLY,\N,N,2024,SATURDAY,UNDETERMINED,N,N,49.237059,-124.048518,Y,MARCH,N,NANAIMO,NANAIMO,NANAIMO,Y,Y,N,VANCOUVER ISLAND,MALL ACCESS # 006631 TO 006631 odd,ISLAND HWY N,ISLAND HWY N,12:00-14:59,1,0
N,PROPERTY DAMAGE ONLY,\N,N,2024,SATURDAY,UNDETERMINED,N,N,49.2381,-124.048133,Y,MARCH,N,NANAIMO,NANAIMO,NANAIMO,Y,Y,N,VANCOUVER ISLAND,ISLAND HWY N # 006750 TO 006848 even,ISLAND HWY N,ISLAND HWY N,12:00-14:59,1,0
N,PROPERTY DAMAGE ONLY,\N,N,2024,SATURDAY,UNDETERMINED,N,N,49.238398,-121.765005,Y,MARCH,N,AGASSIZ,AGASSIZ,AGASSIZ,Y,Y,N,LOWER MAINLAND,CHEAM AVE # 007000 TO 007072 even,CHEAM AVE,CHEAM AVE,12:00-14:59,1,0
N,PROPERTY DAMAGE ONLY,\N,N,2024,SATURDAY,UNDETERMINED,N,N,49.244587,-124.797828,Y,MARCH,N,PORT ALBERNI,PORT ALBERNI,PORT ALBERNI,Y,Y,N,VANCOUVER ISLAND,10TH AVE # 003730 TO 003799,10TH AVE,10TH AVE,12:00-14:59,1,0
N,PROPERTY DAMAGE ONLY,\N,N,2024,SATURDAY,UNDETERMINED,N,N,49.245623,-123.066188,Y,MARCH,N,VANCOUVER,VANCOUVER,VANCOUVER,N,Y,N,LOWER MAINLAND,KINGSWAY # 001900 TO 001949,KINGSWAY,KINGSWAY,12:00-14:59,1,0
N,PROPERTY DAMAGE ONLY,\N,N,2024,SATURDAY,UNDETERMINED,N,N,49.249047,-122.864668,Y,MARCH,N,COQUITLAM,COQUITLAM,COQUITLAM,N,Y,N,LOWER MAINLAND,AUSTIN AVE # 001021 TO 001049 odd,AUSTIN AVE,AUSTIN AVE,12:00-14:59,1,0
N,PROPERTY DAMAGE ONLY,\N,N,2024,SATURDAY,UNDETERMINED,N,N,49.2491,-122.895415,Y,MARCH,N,BURNABY,BURNABY,BURNABY,Y,Y,N,LOWER MAINLAND,AUSTIN RD # 009855 TO 009865 odd,AUSTIN RD,AUSTIN RD,12:00-14:59,1,0
N,PROPERTY DAMAGE ONLY,\N,N,2024,SATURDAY,UNDETERMINED,N,N,49.249294,-122.835526,Y,MARCH,N,COQUITLAM,COQUITLAM,COQUITLAM,Y,Y,N,LOWER MAINLAND,HILLCREST ST # 000500 TO 000508,HILLCREST ST,HILLCREST ST,12:00-14:59,1,0
N,PROPERTY DAMAGE ONLY,\N,N,2024,SATURDAY,UNDETERMINED,N,N,49.25003,-123.11729,Y,MARCH,N,VANCOUVER,VANCOUVER,VANCOUVER,Y,N,N,LOWER MAINLAND,W 24TH AVE # 000550 TO 000599,W 24TH AVE,W 24TH AVE,12:00-14:59,1,0
N,PROPERTY DAMAGE ONLY,\N,N,2024,SATURDAY,UNDETERMINED,N,N,49.256788,-122.890695,Y,MARCH,N,COQUITLAM,COQUITLAM,COQUITLAM,Y,Y,N,LOWER MAINLAND,FOSTER AVE # 000510 TO 000529,FOSTER AVE,FOSTER AVE,12:00-14:59,1,0
N,PROPERTY DAMAGE ONLY,\N,N,2024,SATURDAY,UNDETERMINED,N,N,49.257278,-122.746598,Y,MARCH,N,PORT COQUITLAM,PORT COQUITLAM,PORT COQUITLAM,Y,Y,N,LOWER MAINLAND,OTTAWA ST # 002350 TO 002389,OTTAWA ST,OTTAWA ST,12:00-14:59,1,0
N,PROPERTY DAMAGE ONLY,\N,N,2024,SATURDAY,UNDETERMINED,N,N,49.258942,-123.032,Y,MARCH,N,VANCOUVER,VANCOUVER,VANCOUVER,Y,Y,N,LOWER MAINLAND,BENTALL ST # 002732 TO 002899,BENTALL ST,BENTALL ST,12:00-14:59,1,0
N,PROPERTY DAMAGE ONLY,\N,N,2024,SATURDAY,UNDETERMINED,N,N,49.261262,-122.778446,Y,MARCH,N,PORT COQUITLAM,PORT COQUITLAM,PORT COQUITLAM,Y,Y,N,LOWER MAINLAND,MARY HILL RD # 002500 TO 002610,MARY HILL RD,MARY HILL RD,12:00-14:59,1,0
N,PROPERTY DAMAGE ONLY,\N,N,2024,SATURDAY,UNDETERMINED,N,N,49.261673,-122.997845,Y,MARCH,N,BURNABY,BURNABY,BURNABY,Y,Y,N,LOWER MAINLAND,STILL CREEK DR # 004700 TO 004799,STILL CREEK DR,STILL CREEK DR,12:00-14:59,1,0
N,PROPERTY DAMAGE ONLY,\N,N,2024,SATURDAY,UNDETERMINED,N,N,49.261809,-123.002392,Y,MARCH,N,BURNABY,BURNABY,BURNABY,Y,Y,N,LOWER MAINLAND,STILL CREEK DR # 004500 TO 004599,STILL CREEK DR,STILL CREEK DR,12:00-14:59,1,0
N,PROPERTY DAMAGE ONLY,\N,N,2024,SATURDAY,UNDETERMINED,N,N,49.262664,-122.783368,Y,MARCH,N,PORT COQUITLAM,PORT COQUITLAM,PORT COQUITLAM,Y,N,N,LOWER MAINLAND,WHYTE AVE # 002330 TO 002399,WHYTE AVE,WHYTE AVE,12:00-14:59,1,0
N,PROPERTY DAMAGE ONLY,\N,N,2024,SATURDAY,UNDETERMINED,N,N,49.263361,-122.839477,Y,MARCH,N,COQUITLAM,COQUITLAM,COQUITLAM,N,Y,N,LOWER MAINLAND,COMO LAKE AVE # 001900 TO 001959,COMO LAKE AVE,COMO LAKE AVE,12:00-14:59,1,0
N,PROPERTY DAMAGE ONLY,\N,N,2024,SATURDAY,UNDETERMINED,N,N,49.263525,-123.004674,Y,MARCH,N,BURNABY,BURNABY,BURNABY,Y,N,N,LOWER MAINLAND,JUNEAU ST # 004400 TO 004499,JUNEAU ST,JUNEAU ST,12:00-14:59,1,0
N,PROPERTY DAMAGE ONLY,\N,N,2024,SATURDAY,UNDETERMINED,N,N,49.264956,-122.978372,Y,MARCH,N,BURNABY,BURNABY,BURNABY,Y,N,N,LOWER MAINLAND,BROADWAY # 005750 TO 005999,BROADWAY,BROADWAY,12:00-14:59,1,0
N,PROPERTY DAMAGE ONLY,\N,N,2024,SATURDAY,UNDETERMINED,N,N,49.265155,-123.114737,Y,MARCH,N,VANCOUVER,VANCOUVER,VANCOUVER,N,Y,N,LOWER MAINLAND,CAMBIE ST # 002200 TO 002298 even,CAMBIE ST,CAMBIE ST,12:00-14:59,1,0
N,PROPERTY DAMAGE ONLY,\N,N,2024,SATURDAY,UNDETERMINED,N,N,49.26589,-124.787587,Y,MARCH,N,PORT ALBERNI,PORT ALBERNI,PORT ALBERNI,Y,Y,N,VANCOUVER ISLAND,JOHNSTON RD # 003550 TO 003668 even,JOHNSTON RD,JOHNSTON RD,12:00-14:59,1,0
N,PROPERTY DAMAGE ONLY,\N,N,2024,SATURDAY,UNDETERMINED,N,N,49.27042,-123.086369,Y,MARCH,N,VANCOUVER,VANCOUVER,VANCOUVER,Y,Y,N,LOWER MAINLAND,TERMINAL AVE # 000750 TO 000838 even,TERMINAL AVE,TERMINAL AVE,12:00-14:59,1,0
N,PROPERTY DAMAGE ONLY,\N,N,2024,SATURDAY,UNDETERMINED,N,N,49.270655,-122.783596,Y,MARCH,N,PORT COQUITLAM,PORT COQUITLAM,PORT COQUITLAM,N,N,N,LOWER MAINLAND,LOUGHEED HWY # 002501 TO 002549 odd,HWY 7,HWY 7,12:00-14:59,1,0
N,PROPERTY DAMAGE ONLY,\N,N,2024,SATURDAY,UNDETERMINED,N,N,49.273853,-123.1312,Y,MARCH,N,VANCOUVER,VANCOUVER,VANCOUVER,Y,N,N,LOWER MAINLAND,GRANVILLE ST # 001500 TO 001599,GRANVILLE ST,GRANVILLE ST,12:00-14:59,1,0
N,PROPERTY DAMAGE ONLY,\N,N,2024,SATURDAY,UNDETERMINED,N,N,49.277063,-122.800243,Y,MARCH,N,COQUITLAM,COQUITLAM,COQUITLAM,Y,Y,N,LOWER MAINLAND,BARNET HWY # 002901 TO 002929 odd,BARNET HWY,BARNET HWY,12:00-14:59,2,0
N,PROPERTY DAMAGE ONLY,\N,N,2024,SATURDAY,UNDETERMINED,N,N,49.279158,-123.070456,Y,MARCH,N,VANCOUVER,VANCOUVER,VANCOUVER,N,N,N,LOWER MAINLAND,COMMERCIAL DR # 000600 TO 000649,COMMERCIAL DR,COMMERCIAL DR,12:00-14:59,1,0
N,PROPERTY DAMAGE ONLY,\N,N,2024,SATURDAY,UNDETERMINED,N,N,49.279158,-123.070456,Y,MARCH,Y,VANCOUVER,VANCOUVER,VANCOUVER,Y,N,N,LOWER MAINLAND,COMMERCIAL DR # 000600 TO 000649,COMMERCIAL DR,COMMERCIAL DR,12:00-14:59,1,0
N,PROPERTY DAMAGE ONLY,\N,N,2024,SATURDAY,UNDETERMINED,N,N,49.281161,-123.050655,Y,MARCH,N,VANCOUVER,VANCOUVER,VANCOUVER,Y,Y,N,LOWER MAINLAND,E HASTINGS ST # 002600 TO 002699,E HASTINGS ST,E HASTINGS ST,12:00-14:59,1,0
N,PROPERTY DAMAGE ONLY,\N,N,2024,SATURDAY,UNDETERMINED,N,N,49.281817,-122.801613,Y,MARCH,N,COQUITLAM,COQUITLAM,COQUITLAM,Y,Y,N,LOWER MAINLAND,JOHNSON ST # 001151 TO 001179 odd,JOHNSON ST,JOHNSON ST,12:00-14:59,1,0
N,PROPERTY DAMAGE ONLY,\N,N,2024,SATURDAY,UNDETERMINED,N,N,49.286412,-122.756032,Y,MARCH,N,COQUITLAM,COQUITLAM,COQUITLAM,Y,N,N,LOWER MAINLAND,COAST MERIDIAN RD # 001200 TO 001227,COAST MERIDIAN RD,COAST MERIDIAN RD,12:00-14:59,1,0
N,PROPERTY DAMAGE ONLY,\N,N,2024,SATURDAY,UNDETERMINED,N,N,49.305165,-123.016456,Y,MARCH,N,NORTH VANCOUVER,NORTH VANCOUVER,NORTH VANCOUVER,N,Y,N,LOWER MAINLAND,DOLLARTON HWY # 002001 TO 002199 odd,DOLLARTON HWY,DOLLARTON HWY,12:00-14:59,1,0
N,PROPERTY DAMAGE ONLY,\N,N,2024,SATURDAY,UNDETERMINED,N,N,49.30851,-124.268316,Y,MARCH,N,PARKSVILLE,PARKSVILLE,PARKSVILLE,N,Y,N,VANCOUVER ISLAND,INDUSTRIAL WAY # 001080 TO 001480 even,INDUSTRIAL WAY,INDUSTRIAL WAY,12:00-14:59,1,0
N,PROPERTY DAMAGE ONLY,\N,N,2024,SATURDAY,UNDETERMINED,N,N,49.311778,-122.786311,Y,MARCH,N,COQUITLAM,COQUITLAM,COQUITLAM,Y,Y,N,LOWER MAINLAND,PLATEAU BLVD # 003170 TO 003189,PLATEAU BLVD,PLATEAU BLVD,12:00-14:59,1,0
N,PROPERTY DAMAGE ONLY,\N,N,2024,SATURDAY,UNDETERMINED,N,N,49.323885,-123.11197,Y,MARCH,N,NORTH VANCOUVER,NORTH VANCOUVER,NORTH VANCOUVER,Y,Y,N,LOWER MAINLAND,MARINE DR # 001300 TO 001399,MARINE DR,MARINE DR,12:00-14:59,1,0
N,PROPERTY DAMAGE ONLY,\N,N,2024,SATURDAY,UNDETERMINED,N,N,49.342566,-124.354872,Y,MARCH,N,PARKSVILLE,PARKSVILLE,PARKSVILLE,Y,N,N,VANCOUVER ISLAND,DICKINSON WAY # 000840 TO 000909,DICKINSON WAY,DICKINSON WAY,12:00-14:59,1,0
N,PROPERTY DAMAGE ONLY,\N,N,2024,SATURDAY,UNDETERMINED,N,N,49.362318,-123.277269,Y,MARCH,N,WEST VANCOUVER,WEST VANCOUVER,WEST VANCOUVER,Y,Y,N,LOWER MAINLAND,MARINE DR # 006100 TO 006199,MARINE DR,MARINE DR,12:00-14:59,1,0
N,PROPERTY DAMAGE ONLY,\N,N,2024,SATURDAY,UNDETERMINED,N,N,49.406736,-123.519661,Y,MARCH,N,GIBSONS,GIBSONS,GIBSONS,N,Y,N,LOWER MAINLAND,GIBSONS WAY # 000890 TO 000919,GIBSONS WAY,GIBSONS WAY,12:00-14:59,1,0
N,PROPERTY DAMAGE ONLY,\N,N,2024,SATURDAY,UNDETERMINED,N,N,49.468201,-117.291395,Y,MARCH,N,NELSON,NELSON,NELSON,Y,N,N,SOUTHERN INTERIOR,SILVER KING RD # 002922 TO 003010,SILVER KING RD,SILVER KING RD,12:00-14:59,1,0
N,PROPERTY DAMAGE ONLY,\N,N,2024,SATURDAY,UNDETERMINED,N,N,49.470469,-119.583574,Y,MARCH,N,PENTICTON,PENTICTON,PENTICTON,Y,Y,N,SOUTHERN INTERIOR,SKAHA LAKE RD # 002330 TO 002498 even,SKAHA LAKE RD,SKAHA LAKE RD,12:00-14:59,1,0
N,PROPERTY DAMAGE ONLY,\N,N,2024,SATURDAY,UNDETERMINED,N,N,49.473329,-119.582322,Y,MARCH,N,PENTICTON,PENTICTON,PENTICTON,Y,Y,N,SOUTHERN INTERIOR,MAIN ST # 002200 TO 002298 even,MAIN ST,MAIN ST,12:00-14:59,1,0
N,PROPERTY DAMAGE ONLY,\N,N,2024,SATURDAY,UNDETERMINED,N,N,49.668375,-124.977446,Y,MARCH,N,COURTENAY,COURTENAY,COURTENAY,Y,Y,N,VANCOUVER ISLAND,CLIFFE AVE # 003040 TO 003299,CLIFFE AVE,CLIFFE AVE,12:00-14:59,1,0
N,PROPERTY DAMAGE ONLY,\N,N,2024,SATURDAY,UNDETERMINED,N,N,49.683605,-124.913797,Y,MARCH,N,COMOX,COMOX,COMOX,N,N,N,VANCOUVER ISLAND,HILLSIDE AVE # 001489 TO 001499,HILLSIDE AVE,HILLSIDE AVE,12:00-14:59,1,0
N,PROPERTY DAMAGE ONLY,\N,N,2024,SATURDAY,UNDETERMINED,N,N,49.687387,-123.148842,Y,MARCH,N,SQUAMISH,SQUAMISH,SQUAMISH,Y,Y,N,LOWER MAINLAND,HWY 99 # 036744 TO 037258 even,HWY 99,HWY 99,12:00-14:59,1,0
N,PROPERTY DAMAGE ONLY,\N,N,2024,SATURDAY,UNDETERMINED,N,N,49.688229,-124.995072,Y,MARCH,N,COURTENAY,COURTENAY,COURTENAY,Y,Y,N,VANCOUVER ISLAND,CLIFFE AVE # 001000 TO 001099,CLIFFE AVE,CLIFFE AVE,12:00-14:59,1,0
N,PROPERTY DAMAGE ONLY,\N,N,2024,SATURDAY,UNDETERMINED,N,N,49.694525,-124.998956,Y,MARCH,N,COURTENAY,COURTENAY,COURTENAY,Y,Y,N,VANCOUVER ISLAND,1ST ST # 000200 TO 000204,1ST ST,1ST ST,12:00-14:59,1,0
N,PROPERTY DAMAGE ONLY,\N,N,2024,SATURDAY,UNDETERMINED,N,N,49.814038,-119.457164,Y,MARCH,N,KELOWNA,KELOWNA,KELOWNA,Y,N,N,SOUTHERN INTERIOR,PARKRIDGE DR # 004650 TO 004669,PARKRIDGE DR,PARKRIDGE DR,12:00-14:59,1,0
N,PROPERTY DAMAGE ONLY,\N,N,2024,SATURDAY,UNDETERMINED,N,N,49.846472,-124.516045,Y,MARCH,N,POWELL RIVER,POWELL RIVER,POWELL RIVER,Y,Y,N,VANCOUVER ISLAND,ALBERNI ST # 007100 TO 007119,ALBERNI ST,ALBERNI ST,12:00-14:59,1,0
N,PROPERTY DAMAGE ONLY,\N,N,2024,SATURDAY,UNDETERMINED,N,N,49.852703,-124.518822,Y,MARCH,N,POWELL RIVER,POWELL RIVER,POWELL RIVER,Y,Y,N,VANCOUVER ISLAND,JOYCE AVE # 005000 TO 005029,JOYCE AVE,JOYCE AVE,12:00-14:59,1,0
N,PROPERTY DAMAGE ONLY,\N,N,2024,SATURDAY,UNDETERMINED,N,N,49.862,-119.490468,Y,MARCH,N,KELOWNA,KELOWNA,KELOWNA,Y,Y,N,SOUTHERN INTERIOR,KLO RD # 000500 TO 000599,KLO RD,KLO RD,12:00-14:59,1,0
N,PROPERTY DAMAGE ONLY,\N,N,2024,SATURDAY,UNDETERMINED,N,N,49.870179,-125.145748,Y,MARCH,N,CAMPBELL RIVER,CAMPBELL RIVER,CAMPBELL RIVER,N,Y,N,VANCOUVER ISLAND,GLENMORE RD # 002380 TO 002519,GLENMORE RD,GLENMORE RD,12:00-14:59,1,0
N,PROPERTY DAMAGE ONLY,\N,N,2024,SATURDAY,UNDETERMINED,N,N,49.881443,-119.430464,Y,MARCH,N,KELOWNA,KELOWNA,KELOWNA,N,Y,N,SOUTHERN INTERIOR,BARON RD # 002000 TO 002298,BARON RD,BARON RD,12:00-14:59,1,0
N,PROPERTY DAMAGE ONLY,\N,N,2024,SATURDAY,UNDETERMINED,N,N,50.066923,-119.419555,Y,MARCH,N,LAKE COUNTRY,LAKE COUNTRY,LAKE COUNTRY,Y,Y,N,SOUTHERN INTERIOR,DRIFTWOOD CRT # 012550 TO 012689,DRIFTWOOD CRT,DRIFTWOOD CRT,12:00-14:59,1,0
N,PROPERTY DAMAGE ONLY,\N,N,2024,SATURDAY,UNDETERMINED,N,N,50.10806,-120.788547,Y,MARCH,N,MERRITT,MERRITT,MERRITT,Y,Y,N,SOUTHERN INTERIOR,GARCIA ST # 001600 TO 001799,GARCIA ST,GARCIA ST,12:00-14:59,1,0
N,PROPERTY DAMAGE ONLY,\N,N,2024,SATURDAY,UNDETERMINED,N,N,50.120997,-122.963001,Y,MARCH,N,WHISTLER,WHISTLER,WHISTLER,Y,N,N,LOWER MAINLAND,BISHOP WAY # 006277 TO 006299,BISHOP WAY,BISHOP WAY,12:00-14:59,1,0
N,PROPERTY DAMAGE ONLY,\N,N,2024,SATURDAY,UNDETERMINED,N,N,50.181016,-125.492411,Y,MARCH,N,CAMPBELL RIVER,CAMPBELL RIVER,CAMPBELL RIVER,Y,N,N,VANCOUVER ISLAND,ISLAND HWY # 010090 TO 010145,ISLAND HWY,ISLAND HWY,12:00-14:59,1,0
N,PROPERTY DAMAGE ONLY,\N,N,2024,SATURDAY,UNDETERMINED,N,N,50.66918,-120.354298,Y,MARCH,N,KAMLOOPS,KAMLOOPS,KAMLOOPS,N,Y,N,SOUTHERN INTERIOR,COLUMBIA ST W # 000901 TO 000999 odd,COLUMBIA ST W,COLUMBIA ST W,12:00-14:59,1,0
N,PROPERTY DAMAGE ONLY,\N,N,2024,SATURDAY,UNDETERMINED,N,N,50.700058,-120.367013,Y,MARCH,N,KAMLOOPS,KAMLOOPS,KAMLOOPS,Y,Y,N,SOUTHERN INTERIOR,TRANQUILLE RD # 000900 TO 000998 even,TRANQUILLE RD,TRANQUILLE RD,12:00-14:59,1,0
N,PROPERTY DAMAGE ONLY,\N,N,2024,SATURDAY,UNDETERMINED,N,N,50.71264,-119.256871,Y,MARCH,N,SALMON ARM,SALMON ARM,SALMON ARM,Y,Y,N,SOUTHERN INTERIOR,24 ST NE # 001580 TO 001999,24 ST NE,24 ST NE,12:00-14:59,1,0
N,PROPERTY DAMAGE ONLY,\N,N,2024,SATURDAY,UNDETERMINED,N,N,51.095092,-121.578986,Y,MARCH,N,CLINTON,CLINTON,CLINTON,Y,N,N,NORTH CENTRAL,ELM AVE # 000400 TO 000405,ELM AVE,ELM AVE,12:00-14:59,1,0
N,PROPERTY DAMAGE ONLY,\N,N,2024,SATURDAY,UNDETERMINED,N,N,51.292826,-116.96304,Y,MARCH,N,GOLDEN,GOLDEN,GOLDEN,Y,N,N,SOUTHERN INTERIOR,10TH AVE S # 001200 TO 001299,10TH AVE S,10TH AVE S,12:00-14:59,1,0
N,PROPERTY DAMAGE ONLY,\N,N,2024,SATURDAY,UNDETERMINED,N,N,52.127516,-122.140505,Y,MARCH,N,WILLIAMS LAKE,WILLIAMS LAKE,WILLIAMS LAKE,Y,N,N,NORTH CENTRAL,4TH AVE S # 000000 TO 000099,4TH AVE S,4TH AVE S,12:00-14:59,1,0
N,PROPERTY DAMAGE ONLY,\N,N,2024,SATURDAY,UNDETERMINED,N,N,52.128395,-122.135136,Y,MARCH,N,WILLIAMS LAKE,WILLIAMS LAKE,WILLIAMS LAKE,Y,N,N,NORTH CENTRAL,OLIVER ST # 000700 TO 000749,OLIVER ST,OLIVER ST,12:00-14:59,1,0
N,PROPERTY DAMAGE ONLY,\N,N,2024,SATURDAY,UNDETERMINED,N,N,52.335213,-121.415009,Y,MARCH,N,HORSEFLY,HORSEFLY,HORSEFLY,Y,N,N,NORTH CENTRAL,BOSWELL ST # 003050 TO 003069,BOSWELL ST,BOSWELL ST,12:00-14:59,1,0
N,PROPERTY DAMAGE ONLY,\N,N,2024,SATURDAY,UNDETERMINED,N,N,53.863578,-122.78377,Y,MARCH,N,PRINCE GEORGE,PRINCE GEORGE,PRINCE GEORGE,Y,Y,N,NORTH CENTRAL,SOUTHRIDGE AVE # 006498 TO 006599,SOUTHRIDGE AVE,SOUTHRIDGE AVE,12:00-14:59,1,0
N,PROPERTY DAMAGE ONLY,\N,N,2024,SATURDAY,UNDETERMINED,N,N,53.868253,-122.774536,Y,MARCH,N,PRINCE GEORGE,PRINCE GEORGE,PRINCE GEORGE,Y,Y,N,NORTH CENTRAL,DOMANO BLVD # 005214 TO 005240 even,DOMANO BLVD,DOMANO BLVD,12:00-14:59,2,0
N,PROPERTY DAMAGE ONLY,\N,N,2024,SATURDAY,UNDETERMINED,N,N,53.871333,-122.796869,Y,MARCH,N,PRINCE GEORGE,PRINCE GEORGE,PRINCE GEORGE,Y,N,N,NORTH CENTRAL,MAURICE DR # 002500 TO 003299,MAURICE DR,MAURICE DR,12:00-14:59,1,0
N,PROPERTY DAMAGE ONLY,\N,N,2024,SATURDAY,UNDETERMINED,N,N,53.899564,-122.779382,Y,MARCH,N,PRINCE GEORGE,PRINCE GEORGE,PRINCE GEORGE,Y,Y,N,NORTH CENTRAL,MASSEY DR # 002991 TO 003111 odd,MASSEY DR,MASSEY DR,12:00-14:59,2,0
N,PROPERTY DAMAGE ONLY,\N,N,2024,SATURDAY,UNDETERMINED,N,N,53.904664,-122.746166,Y,MARCH,N,PRINCE GEORGE,PRINCE GEORGE,PRINCE GEORGE,Y,N,N,NORTH CENTRAL,CUDDIE CRES # 001100 TO 001275,CUDDIE CRES,CUDDIE CRES,12:00-14:59,1,0
N,PROPERTY DAMAGE ONLY,\N,N,2024,SATURDAY,UNDETERMINED,N,N,53.915392,-122.778602,Y,MARCH,N,PRINCE GEORGE,PRINCE GEORGE,PRINCE GEORGE,Y,Y,N,NORTH CENTRAL,10TH AVE # 003000 TO 003049,10TH AVE,10TH AVE,12:00-14:59,1,0
N,PROPERTY DAMAGE ONLY,\N,N,2024,SATURDAY,UNDETERMINED,N,N,53.918635,-122.767867,Y,MARCH,N,PRINCE GEORGE,PRINCE GEORGE,PRINCE GEORGE,Y,N,N,NORTH CENTRAL,BURDEN ST # 000600 TO 000799,BURDEN ST,BURDEN ST,12:00-14:59,1,0
N,PROPERTY DAMAGE ONLY,\N,N,2024,SATURDAY,UNDETERMINED,N,N,53.93825,-122.802462,Y,MARCH,N,PRINCE GEORGE,PRINCE GEORGE,PRINCE GEORGE,Y,N,N,NORTH CENTRAL,ELGIN PL # 000150 TO 000179,ELGIN PL,ELGIN PL,12:00-14:59,1,0
N,PROPERTY DAMAGE ONLY,\N,N,2024,SATURDAY,UNDETERMINED,N,N,54.530221,-128.515675,Y,MARCH,N,THORNHILL,THORNHILL,THORNHILL,Y,N,N,NORTH CENTRAL,SIMPSON CRES # 003900 TO 003999,SIMPSON CRES,SIMPSON CRES,12:00-14:59,1,0
N,PROPERTY DAMAGE ONLY,\N,N,2024,SATURDAY,UNDETERMINED,N,N,56.244677,-120.845757,Y,MARCH,N,FORT ST. JOHN,FORT ST. JOHN,FORT ST. JOHN,Y,Y,N,NORTH CENTRAL,98A AVE # 009800 TO 009999,98A AVE,98A AVE,12:00-14:59,1,0
N,PROPERTY DAMAGE ONLY,\N,N,2024,SATURDAY,UNDETERMINED,N,N,58.805008,-122.706181,Y,MARCH,N,FORT NELSON,FORT NELSON,FORT NELSON,Y,Y,N,NORTH CENTRAL,50TH AVE N # 005100 TO 005399,50TH AVE N,50TH AVE N,12:00-14:59,1,0
N,PROPERTY DAMAGE ONLY,\N,N,2024,SATURDAY,UNDETERMINED,N,N,58.808942,-122.686537,Y,MARCH,N,FORT NELSON,FORT NELSON,FORT NELSON,N,N,N,NORTH CENTRAL,53RD AVE E # 004400 TO 004449,53RD AVE E,53RD AVE E,12:00-14:59,1,0
N,PROPERTY DAMAGE ONLY,\N,N,2024,SATURDAY,UNDETERMINED,Y,N,\N,\N,N,MARCH,N,ABBOTSFORD,ABBOTSFORD,\N,N,N,N,LOWER MAINLAND,UNKNOWN,HWY 1,HWY 1,12:00-14:59,1,0
N,PROPERTY DAMAGE ONLY,\N,N,2024,SATURDAY,UNDETERMINED,Y,N,49.045485,-122.295281,Y,MARCH,N,ABBOTSFORD,ABBOTSFORD,ABBOTSFORD,Y,Y,N,LOWER MAINLAND,BEVAN AVE # 033490 TO 033499,BEVAN AVE,BEVAN AVE,12:00-14:59,1,0
N,PROPERTY DAMAGE ONLY,\N,N,2024,SATURDAY,UNDETERMINED,Y,N,49.077071,-117.802896,Y,MARCH,N,ROSSLAND,ROSSLAND,ROSSLAND,Y,N,N,SOUTHERN INTERIOR,COLUMBIA AVE # 001804 TO 001899,COLUMBIA AVE,COLUMBIA AVE,12:00-14:59,1,0
N,PROPERTY DAMAGE ONLY,\N,N,2024,SATURDAY,UNDETERMINED,Y,N,49.144045,-122.821962,Y,MARCH,N,SURREY,SURREY,SURREY,N,Y,N,LOWER MAINLAND,144A ST # 007776 TO 007799,144A ST,144A ST,12:00-14:59,1,0
N,PROPERTY DAMAGE ONLY,\N,N,2024,SATURDAY,UNDETERMINED,Y,N,49.172758,-123.164448,Y,MARCH,N,RICHMOND,RICHMOND,RICHMOND,Y,Y,N,LOWER MAINLAND,LYNAS LANE # 005500 TO 005699,LYNAS LANE,LYNAS LANE,12:00-14:59,1,0
N,PROPERTY DAMAGE ONLY,\N,N,2024,SATURDAY,UNDETERMINED,Y,N,50.697631,-120.393165,Y,MARCH,N,KAMLOOPS,KAMLOOPS,KAMLOOPS,Y,N,N,SOUTHERN INTERIOR,DESMOND ST # 000570 TO 000599,DESMOND ST,DESMOND ST,12:00-14:59,1,0
N,PROPERTY DAMAGE ONLY,\N,Y,2024,SATURDAY,SINGLE VEHICLE,N,N,49.685972,-124.952715,Y,MARCH,N,COMOX,COMOX,COMOX,Y,N,N,VANCOUVER ISLAND,SPITFIRE DR # 000540 TO 000574,SPITFIRE DR,SPITFIRE DR,12:00-14:59,1,0
N,PROPERTY DAMAGE ONLY,1 AVE,N,2024,SATURDAY,REAR END,N,N,\N,\N,N,MARCH,N,VANCOUVER,VANCOUVER,\N,N,N,N,LOWER MAINLAND,UNKNOWN,HWY 1,HWY 1,12:00-14:59,1,0
N,PROPERTY DAMAGE ONLY,101 AVE,N,2024,SATURDAY,CONFLICTED,N,Y,49.186202,-122.730733,N,MARCH,N,SURREY,SURREY,SURREY,Y,N,N,LOWER MAINLAND,101 AVE & 177A ST,177A ST,177A ST,12:00-14:59,1,0
N,PROPERTY DAMAGE ONLY,103A AVE,N,2024,SATURDAY,REAR END,N,Y,49.190608,-122.883979,N,MARCH,N,SURREY,SURREY,SURREY,N,N,N,LOWER MAINLAND,103A AVE & 122 ST,122 ST,122 ST,12:00-14:59,1,0
N,PROPERTY DAMAGE ONLY,104A AVE,N,2024,SATURDAY,UNDETERMINED,N,Y,49.19196,-122.549077,N,MARCH,N,MAPLE RIDGE,MAPLE RIDGE,MAPLE RIDGE,Y,N,N,LOWER MAINLAND,104A AVE & 243 ST,243 ST,243 ST,12:00-14:59,1,0
N,PROPERTY DAMAGE ONLY,105 AVE,N,2024,SATURDAY,SIDE IMPACT,N,Y,49.19305,-122.806377,N,MARCH,N,SURREY,SURREY,SURREY,N,N,N,LOWER MAINLAND,105 AVE & 150 ST,150 ST,150 ST,12:00-14:59,1,0
N,PROPERTY DAMAGE ONLY,116 ST,N,2024,SATURDAY,SIDE IMPACT,N,Y,49.161066,-122.902134,N,MARCH,N,DELTA,DELTA,DELTA,N,N,N,LOWER MAINLAND,116 ST & 87 AVE,87 AVE,87 AVE,12:00-14:59,1,0
N,PROPERTY DAMAGE ONLY,128 AVE,N,2024,SATURDAY,REAR END,N,Y,49.234974,-122.638909,N,MARCH,N,MAPLE RIDGE,MAPLE RIDGE,MAPLE RIDGE,N,N,N,LOWER MAINLAND,128 AVE & 209 ST & 210 ST & GOLDEN EARS WAY,210 ST,210 ST,12:00-14:59,1,0
N,PROPERTY DAMAGE ONLY,128 ST,N,2024,SATURDAY,UNDETERMINED,N,Y,49.162584,-122.868025,N,MARCH,N,SURREY,SURREY,SURREY,N,N,N,LOWER MAINLAND,128 ST & 88 AVE,88 AVE,88 AVE,12:00-14:59,1,0
N,PROPERTY DAMAGE ONLY,128 ST,N,2024,SATURDAY,UNDETERMINED,N,Y,49.177155,-122.867999,N,MARCH,N,SURREY,SURREY,SURREY,Y,Y,N,LOWER MAINLAND,128 ST & 96 AVE,96 AVE,96 AVE,12:00-14:59,1,0
N,PROPERTY DAMAGE ONLY,140 ST,N,2024,SATURDAY,REAR END,N,Y,49.133605,-122.834459,N,MARCH,N,SURREY,SURREY,SURREY,N,N,N,LOWER MAINLAND,140 ST & 72 AVE,72 AVE,72 AVE,12:00-14:59,1,0
N,PROPERTY DAMAGE ONLY,140 ST,N,2024,SATURDAY,UNDETERMINED,N,Y,49.155514,-122.834619,N,MARCH,N,SURREY,SURREY,SURREY,Y,Y,N,LOWER MAINLAND,140 ST & 84 AVE,84 AVE,84 AVE,12:00-14:59,1,0
N,PROPERTY DAMAGE ONLY,144 ST,N,2024,SATURDAY,REAR END,N,Y,49.104545,-122.823441,N,MARCH,N,SURREY,SURREY,SURREY,N,N,N,LOWER MAINLAND,144 ST & 56 AVE,HWY 10,HWY 10,12:00-14:59,1,0
N,PROPERTY DAMAGE ONLY,148 ST,N,2024,SATURDAY,REAR END,Y,Y,49.031154,-122.812218,N,MARCH,N,SURREY,SURREY,SURREY & WHITE ROCK,N,N,N,LOWER MAINLAND,148 ST & NORTH BLUFF RD & OXFORD ST,NORTH BLUFF RD,NORTH BLUFF RD,12:00-14:59,1,0
N,PROPERTY DAMAGE ONLY,148 ST,N,2024,SATURDAY,UNDETERMINED,N,Y,49.191494,-122.812448,N,MARCH,N,SURREY,SURREY,SURREY,N,N,N,LOWER MAINLAND,104 AVE & 148 ST,104 AVE,104 AVE,12:00-14:59,1,0
N,PROPERTY DAMAGE ONLY,152 ST,N,2024,SATURDAY,REAR END,N,Y,49.151901,-122.801309,N,MARCH,N,SURREY,SURREY,SURREY,N,N,N,LOWER MAINLAND,152 ST & 82 AVE,82 AVE,82 AVE,12:00-14:59,1,0
N,PROPERTY DAMAGE ONLY,156 ST,N,2024,SATURDAY,REAR END,N,Y,49.045591,-122.79019,N,MARCH,N,SURREY,SURREY,SURREY,N,N,N,LOWER MAINLAND,156 ST & 24 AVE,24 AVE,24 AVE,12:00-14:59,1,0
N,PROPERTY DAMAGE ONLY,176 ST,N,2024,SATURDAY,REAR END,N,Y,49.138147,-122.734746,N,MARCH,N,SURREY,SURREY,SURREY,N,N,N,LOWER MAINLAND,176 ST & FRASER HWY & HARVIE RD & TURNING LANE,FRASER HWY,FRASER HWY,12:00-14:59,1,0
N,PROPERTY DAMAGE ONLY,18TH AVE,N,2024,SATURDAY,REAR END,N,Y,49.222847,-122.939384,N,MARCH,N,BURNABY,BURNABY,BURNABY,N,N,N,LOWER MAINLAND,18TH AVE & CANADA WAY,CANADA WAY,CANADA WAY,12:00-14:59,1,0
N,PROPERTY DAMAGE ONLY,191 ST,N,2024,SATURDAY,UNDETERMINED,N,Y,49.228102,-122.692237,N,MARCH,N,PITT MEADOWS,PITT MEADOWS,PITT MEADOWS,N,N,N,LOWER MAINLAND,124 AVE & 191 ST,124 AVE,124 AVE,12:00-14:59,1,0
N,PROPERTY DAMAGE ONLY,194 ST,N,2024,SATURDAY,SIDE SWIPE - SAME DIRECTION,N,Y,49.122011,-122.685363,N,MARCH,N,SURREY,SURREY,SURREY,Y,Y,N,LOWER MAINLAND,194 ST & 65 AVE,65 AVE,65 AVE,12:00-14:59,1,0
N,PROPERTY DAMAGE ONLY,200 ST,N,2024,SATURDAY,REAR END,N,Y,49.159194,-122.667905,N,MARCH,N,LANGLEY,LANGLEY,LANGLEY,N,N,N,LOWER MAINLAND,200 ST & 86 AVE & TURNING LANE,86 AVE,86 AVE,12:00-14:59,1,0
N,PROPERTY DAMAGE ONLY,200 ST,N,2024,SATURDAY,SIDE IMPACT,N,Y,49.116745,-122.66857,N,MARCH,N,LANGLEY,LANGLEY,LANGLEY,N,Y,N,LOWER MAINLAND,200 ST & WILLOWBROOK DR & TURNING LANE,WILLOWBROOK DR,WILLOWBROOK DR,12:00-14:59,1,0
N,PROPERTY DAMAGE ONLY,216 ST,N,2024,SATURDAY,REAR END,N,Y,49.12645,-122.624898,N,MARCH,N,LANGLEY,LANGLEY,LANGLEY,N,N,N,LOWER MAINLAND,216 ST & CRUSH CRES & GLOVER RD,GLOVER RD,GLOVER RD,12:00-14:59,1,0
N,PROPERTY DAMAGE ONLY,216 ST,N,2024,SATURDAY,REAR END,N,Y,49.217037,-122.622845,N,MARCH,N,MAPLE RIDGE,MAPLE RIDGE,MAPLE RIDGE,N,N,N,LOWER MAINLAND,216 ST & LOUGHEED HWY & TURNING LANE,LOUGHEED HWY,LOUGHEED HWY,12:00-14:59,1,0
N,PROPERTY DAMAGE ONLY,216 ST,N,2024,SATURDAY,SIDE SWIPE - SAME DIRECTION,N,Y,49.152312,-122.624191,N,MARCH,N,LANGLEY,LANGLEY,LANGLEY,N,N,N,LOWER MAINLAND,216 ST & 216 ST OFFRAMP & TRANS-CANADA HWY & TRANS-CANADA HWY ONRAMP & TURNING LANE,HWY 1,HWY 1,12:00-14:59,1,0
N,PROPERTY DAMAGE ONLY,21ST ST S,N,2024,SATURDAY,SINGLE VEHICLE,N,Y,49.488654,-115.745622,N,MARCH,N,CRANBROOK,CRANBROOK,CRANBROOK,N,N,N,SOUTHERN INTERIOR,21ST ST S & HIDDEN VALLEY RD,HIDDEN VALLEY RD,HIDDEN VALLEY RD,12:00-14:59,1,0
N,PROPERTY DAMAGE ONLY,24 AVE,N,2024,SATURDAY,SIDE IMPACT,N,Y,49.045561,-122.779205,N,MARCH,N,SURREY,SURREY,SURREY,N,N,N,LOWER MAINLAND,160 ST & 24 AVE,160 ST,160 ST,12:00-14:59,1,0
N,PROPERTY DAMAGE ONLY,24 AVE,N,2024,SATURDAY,SIDE SWIPE - SAME DIRECTION,N,Y,49.045585,-122.793584,N,MARCH,N,SURREY,SURREY,SURREY,N,N,N,LOWER MAINLAND,24 AVE & KING GEORGE BLVD & TURNING LANE,KING GEORGE BLVD,KING GEORGE BLVD,12:00-14:59,1,0
N,PROPERTY DAMAGE ONLY,33 ST,N,2024,SATURDAY,REAR END,N,Y,50.263763,-119.275114,N,MARCH,N,VERNON,VERNON,VERNON,N,N,N,SOUTHERN INTERIOR,30 AVE & 33 ST,30 AVE,30 AVE,12:00-14:59,1,0
N,PROPERTY DAMAGE ONLY,34 ST,N,2024,SATURDAY,CONFLICTED,N,Y,50.263776,-119.276973,N,MARCH,N,VERNON,VERNON,VERNON,N,Y,N,SOUTHERN INTERIOR,30 AVE & 34 ST,30 AVE,30 AVE,12:00-14:59,1,0
N,PROPERTY DAMAGE ONLY,39 AVE,N,2024,SATURDAY,REAR END,N,Y,50.270123,-119.273781,N,MARCH,N,VERNON,VERNON,VERNON,N,N,N,SOUTHERN INTERIOR,32 ST & 39 AVE,HWY 97,HWY 97,12:00-14:59,1,0
N,PROPERTY DAMAGE ONLY,3RD AVE,N,2024,SATURDAY,SIDE IMPACT,N,Y,49.373143,-121.441884,N,MARCH,N,HOPE,HOPE,HOPE,N,N,N,LOWER MAINLAND,3RD AVE & FLOOD HOPE RD & FLOOD HOPE RD OFFRAMP & HWY 3 & OLD HOPE PRINCETON WAY & OLD HOPE PRINCETON WAY OFFRAMP & TRANS-CANADA HWY & WATER AVE & WATER AVE ONRAMP & TURNING LANE,OLD HOPE PRINCETON WAY,OLD HOPE PRINCETON WAY,12:00-14:59,1,0
N,PROPERTY DAMAGE ONLY,3RD ST,N,2024,SATURDAY,SIDE IMPACT,N,Y,49.501381,-115.063275,N,MARCH,N,FERNIE,FERNIE,FERNIE,N,N,N,SOUTHERN INTERIOR,2ND AVE & 3RD ST,2ND AVE,2ND AVE,12:00-14:59,1,0
N,PROPERTY DAMAGE ONLY,5TH AVE,N,2024,SATURDAY,REAR END,N,Y,53.920612,-122.781668,N,MARCH,N,PRINCE GEORGE,PRINCE GEORGE,PRINCE GEORGE,N,N,N,NORTH CENTRAL,5TH AVE & CENTRAL ST E & HWY 97 S & TURNING LANE,HWY 97,HWY 97,12:00-14:59,1,0
N,PROPERTY DAMAGE ONLY,62 AVE,N,2024,SATURDAY,SINGLE VEHICLE,N,Y,49.115448,-122.867837,N,MARCH,N,SURREY,SURREY,SURREY,N,Y,N,LOWER MAINLAND,128 ST & 62 AVE,128 ST,128 ST,12:00-14:59,1,0
N,PROPERTY DAMAGE ONLY,64 AVE,N,2024,SATURDAY,SIDE IMPACT,N,Y,49.119069,-122.801005,N,MARCH,N,SURREY,SURREY,SURREY,N,N,N,LOWER MAINLAND,152 ST & 64 AVE,152 ST,152 ST,12:00-14:59,1,0
N,PROPERTY DAMAGE ONLY,68 AVE,N,2024,SATURDAY,REAR END,N,Y,49.126405,-122.856599,N,MARCH,N,SURREY,SURREY,SURREY,N,N,N,LOWER MAINLAND,132 ST & 68 AVE,132 ST,132 ST,12:00-14:59,1,0
N,PROPERTY DAMAGE ONLY,68 AVE,N,2024,SATURDAY,UNDETERMINED,N,Y,49.126376,-122.806582,N,MARCH,N,SURREY,SURREY,SURREY,Y,N,N,LOWER MAINLAND,150 ST & 68 AVE,150 ST,150 ST,12:00-14:59,1,0
N,PROPERTY DAMAGE ONLY,6TH AVE,N,2024,SATURDAY,SIDE SWIPE - SAME DIRECTION,N,Y,50.675821,-120.327129,N,MARCH,N,KAMLOOPS,KAMLOOPS,KAMLOOPS,Y,N,N,SOUTHERN INTERIOR,6TH AVE & VICTORIA ST,VICTORIA ST,VICTORIA ST,12:00-14:59,1,0
N,PROPERTY DAMAGE ONLY,70 AVE,N,2024,SATURDAY,SINGLE VEHICLE,N,Y,49.130125,-122.559101,N,MARCH,N,LANGLEY,LANGLEY,LANGLEY,N,N,N,LOWER MAINLAND,240 ST & 70 AVE,240 ST,240 ST,12:00-14:59,1,0
N,PROPERTY DAMAGE ONLY,72 AVE,N,2024,SATURDAY,CONFLICTED,N,Y,49.133576,-122.838651,N,MARCH,N,SURREY,SURREY,SURREY,N,N,N,LOWER MAINLAND,138 ST & 72 AVE,138 ST,138 ST,12:00-14:59,1,0
N,PROPERTY DAMAGE ONLY,72 AVE,N,2024,SATURDAY,REAR END,N,Y,49.13352,-122.668321,N,MARCH,N,LANGLEY,LANGLEY,LANGLEY,N,N,N,LOWER MAINLAND,200 ST & 72 AVE,200 ST,200 ST,12:00-14:59,1,0
N,PROPERTY DAMAGE ONLY,72 AVE,N,2024,SATURDAY,SIDE IMPACT,N,Y,49.133663,-122.690779,N,MARCH,N,SURREY,SURREY,SURREY,N,Y,N,LOWER MAINLAND,192 ST & 72 AVE,192 ST,192 ST,12:00-14:59,1,0
N,PROPERTY DAMAGE ONLY,72 AVE,N,2024,SATURDAY,SIDE IMPACT,N,Y,49.134037,-122.890359,N,MARCH,N,DELTA,DELTA,DELTA & SURREY,Y,Y,N,LOWER MAINLAND,120 ST & 72 AVE,120 ST,120 ST,12:00-14:59,1,0
N,PROPERTY DAMAGE ONLY,73A AVE,N,2024,SATURDAY,SIDE SWIPE - SAME DIRECTION,N,Y,49.136492,-122.845607,N,MARCH,N,SURREY,SURREY,SURREY,N,N,N,LOWER MAINLAND,73A AVE & KING GEORGE BLVD,KING GEORGE BLVD,KING GEORGE BLVD,12:00-14:59,1,0
N,PROPERTY DAMAGE ONLY,76 AVE,N,2024,SATURDAY,REAR END,N,Y,49.140915,-122.66816,N,MARCH,N,LANGLEY,LANGLEY,LANGLEY,N,N,N,LOWER MAINLAND,200 ST & 76 AVE,200 ST,200 ST,12:00-14:59,1,0
N,PROPERTY DAMAGE ONLY,76 AVE,N,2024,SATURDAY,REAR END,N,Y,49.141025,-122.867918,N,MARCH,N,SURREY,SURREY,SURREY,N,N,N,LOWER MAINLAND,128 ST & 76 AVE,128 ST,128 ST,12:00-14:59,1,0
N,PROPERTY DAMAGE ONLY,76 AVE,N,2024,SATURDAY,UNDETERMINED,N,Y,49.141025,-122.867918,N,MARCH,N,SURREY,SURREY,SURREY,N,Y,N,LOWER MAINLAND,128 ST & 76 AVE,128 ST,128 ST,12:00-14:59,1,0
N,PROPERTY DAMAGE ONLY,80 AVE,N,2024,SATURDAY,REAR END,N,Y,49.14815,-122.845687,N,MARCH,N,SURREY,SURREY,SURREY,N,N,N,LOWER MAINLAND,80 AVE & KING GEORGE BLVD & TURNING LANE,KING GEORGE BLVD,KING GEORGE BLVD,12:00-14:59,1,0
N,PROPERTY DAMAGE ONLY,80 AVE,N,2024,SATURDAY,SIDE IMPACT,N,Y,49.148132,-122.867974,N,MARCH,N,SURREY,SURREY,SURREY,Y,Y,N,LOWER MAINLAND,128 ST & 80 AVE,128 ST,128 ST,12:00-14:59,1,0
N,PROPERTY DAMAGE ONLY,82 AVE,N,2024,SATURDAY,CONFLICTED,N,Y,49.150255,-122.867964,N,MARCH,N,SURREY,SURREY,SURREY,N,Y,N,LOWER MAINLAND,128 ST & 82 AVE & TURNING LANE,128 ST,128 ST,12:00-14:59,1,0
N,PROPERTY DAMAGE ONLY,84 AVE,N,2024,SATURDAY,CONFLICTED,N,Y,49.15535,-122.868017,N,MARCH,N,SURREY,SURREY,SURREY,N,N,N,LOWER MAINLAND,128 ST & 84 AVE,128 ST,128 ST,12:00-14:59,1,0
N,PROPERTY DAMAGE ONLY,84 AVE,N,2024,SATURDAY,REAR END,N,Y,49.15802,-122.926587,N,MARCH,N,DELTA,DELTA,DELTA,N,N,N,LOWER MAINLAND,84 AVE & NORDEL WAY & TURNING LANE,NORDEL WAY,NORDEL WAY,12:00-14:59,1,0
N,PROPERTY DAMAGE ONLY,84 AVE,N,2024,SATURDAY,SIDE IMPACT,N,Y,49.155427,-122.84574,N,MARCH,N,SURREY,SURREY,SURREY,N,N,N,LOWER MAINLAND,84 AVE & KING GEORGE BLVD,KING GEORGE BLVD,KING GEORGE BLVD,12:00-14:59,1,0
N,PROPERTY DAMAGE ONLY,84 AVE,N,2024,SATURDAY,SIDE SWIPE - SAME DIRECTION,N,Y,49.155427,-122.84574,N,MARCH,N,SURREY,SURREY,SURREY,N,N,N,LOWER MAINLAND,84 AVE & KING GEORGE BLVD,KING GEORGE BLVD,KING GEORGE BLVD,12:00-14:59,1,0
N,PROPERTY DAMAGE ONLY,84 AVE,N,2024,SATURDAY,SIDE SWIPE - SAME DIRECTION,Y,Y,49.155982,-122.890393,N,MARCH,N,DELTA,DELTA,DELTA & SURREY,N,N,N,LOWER MAINLAND,120 ST & 84 AVE,SCOTT RD,SCOTT RD,12:00-14:59,1,0
N,PROPERTY DAMAGE ONLY,88 AVE,N,2024,SATURDAY,REAR END,N,Y,49.162842,-122.801493,N,MARCH,N,SURREY,SURREY,SURREY,N,N,N,LOWER MAINLAND,152 ST & 88 AVE,152 ST,152 ST,12:00-14:59,1,0
N,PROPERTY DAMAGE ONLY,88 AVE,N,2024,SATURDAY,SIDE IMPACT,N,Y,49.162833,-122.806961,N,MARCH,N,SURREY,SURREY,SURREY,Y,N,N,LOWER MAINLAND,150 ST & 88 AVE,150 ST,150 ST,12:00-14:59,1,0
N,PROPERTY DAMAGE ONLY,96 AVE,N,2024,SATURDAY,CONFLICTED,N,Y,49.176537,-122.828469,N,MARCH,N,SURREY,SURREY,SURREY,N,N,N,LOWER MAINLAND,96 AVE & FRASER HWY & GREEN TIMBERS GREENWAY & TURNING LANE,FRASER HWY,FRASER HWY,12:00-14:59,1,0
N,PROPERTY DAMAGE ONLY,96 AVE,N,2024,SATURDAY,REAR END,N,Y,49.176537,-122.828469,N,MARCH,N,SURREY,SURREY,SURREY,N,N,N,LOWER MAINLAND,96 AVE & FRASER HWY & GREEN TIMBERS GREENWAY & TURNING LANE,FRASER HWY,FRASER HWY,12:00-14:59,1,0
N,PROPERTY DAMAGE ONLY,96 AVE,N,2024,SATURDAY,SIDE IMPACT,N,Y,49.177155,-122.867999,N,MARCH,N,SURREY,SURREY,SURREY,Y,N,N,LOWER MAINLAND,128 ST & 96 AVE,128 ST,128 ST,12:00-14:59,1,0
N,PROPERTY DAMAGE ONLY,ALEX FRASER BRIDGE,N,2024,SATURDAY,REAR END,N,Y,49.170914,-122.951312,N,MARCH,N,DELTA,DELTA,DELTA & RICHMOND,N,N,N,LOWER MAINLAND,ALEX FRASER BRIDGE & CLIVEDEN AVE & CLIVEDEN AVE OFFRAMP & CLIVEDEN AVE ONRAMP & HWY 91,HWY 91,HWY 91,12:00-14:59,1,0
N,PROPERTY DAMAGE ONLY,ANNACIS ISLAND,N,2024,SATURDAY,SINGLE VEHICLE,N,N,\N,\N,N,MARCH,N,DELTA,DELTA,\N,N,N,N,LOWER MAINLAND,UNKNOWN,HWY 91A,HWY 91A,12:00-14:59,1,0
N,PROPERTY DAMAGE ONLY,ASH ST,N,2024,SATURDAY,UNDETERMINED,N,N,\N,\N,N,MARCH,N,WHITE ROCK,WHITE ROCK,\N,Y,Y,N,LOWER MAINLAND,UNKNOWN,MARINE DR,MARINE DR,12:00-14:59,1,0
N,PROPERTY DAMAGE ONLY,AUDLEY ST,N,2024,SATURDAY,SIDE SWIPE - SAME DIRECTION,N,Y,48.450951,-123.374378,N,MARCH,N,SAANICH,SAANICH,SAANICH,N,N,N,VANCOUVER ISLAND,ARDERSIER RD & AUDLEY ST & DOUGLAS ST & TURNING LANE,DOUGLAS ST,DOUGLAS ST,12:00-14:59,1,0
N,PROPERTY DAMAGE ONLY,BARNET HWY,N,2024,SATURDAY,SIDE SWIPE - SAME DIRECTION,N,Y,49.277898,-122.818365,N,MARCH,N,COQUITLAM,COQUITLAM,COQUITLAM,N,N,N,LOWER MAINLAND,BARNET HWY & FALCON DR & TURNING LANE,FALCON DR,FALCON DR,12:00-14:59,1,0
N,PROPERTY DAMAGE ONLY,BLANSHARD ST,N,2024,SATURDAY,REAR END,N,Y,48.455214,-123.37208,N,MARCH,N,SAANICH,SAANICH,SAANICH,N,N,N,VANCOUVER ISLAND,BLANSHARD ST & SAANICH RD & TURNING LANE,SAANICH RD,SAANICH RD,12:00-14:59,1,0
N,PROPERTY DAMAGE ONLY,BLANSHARD ST,N,2024,SATURDAY,SIDE IMPACT,N,Y,48.455214,-123.37208,N,MARCH,N,SAANICH,SAANICH,SAANICH,Y,Y,N,VANCOUVER ISLAND,BLANSHARD ST & SAANICH RD & TURNING LANE,SAANICH RD,SAANICH RD,12:00-14:59,1,0
N,PROPERTY DAMAGE ONLY,BLENHEIM ST,N,2024,SATURDAY,SIDE SWIPE - SAME DIRECTION,N,Y,49.268502,-123.17769,N,MARCH,N,VANCOUVER,VANCOUVER,VANCOUVER,N,N,N,LOWER MAINLAND,BLENHEIM ST & W 4TH AVE,W 4TH AVE,W 4TH AVE,12:00-14:59,1,0
N,PROPERTY DAMAGE ONLY,BLUNDELL RD,N,2024,SATURDAY,REAR END,N,Y,49.155464,-123.125339,N,MARCH,N,RICHMOND,RICHMOND,RICHMOND,N,N,N,LOWER MAINLAND,BLUNDELL RD & GARDEN CITY RD,GARDEN CITY RD,GARDEN CITY RD,12:00-14:59,1,0
N,PROPERTY DAMAGE ONLY,BORDEN ST,N,2024,SATURDAY,REAR END,N,Y,49.211071,-123.074013,N,MARCH,N,VANCOUVER,VANCOUVER,VANCOUVER,N,N,N,LOWER MAINLAND,BORDEN ST & SE MARINE DR,SE MARINE DR,SE MARINE DR,12:00-14:59,1,0
N,PROPERTY DAMAGE ONLY,BOUNDARY RD,N,2024,SATURDAY,SIDE IMPACT,N,Y,49.281139,-123.023506,N,MARCH,N,BURNABY,BURNABY,BURNABY & VANCOUVER,Y,N,N,LOWER MAINLAND,BOUNDARY RD & E HASTINGS ST & HASTINGS ST,E HASTINGS ST,E HASTINGS ST,12:00-14:59,1,0
N,PROPERTY DAMAGE ONLY,BOWEN RD,N,2024,SATURDAY,REAR END,N,Y,49.198199,-123.997732,N,MARCH,N,NANAIMO,NANAIMO,NANAIMO,N,N,N,VANCOUVER ISLAND,BEBAN PKY & BOWEN RD & LEAM RD & TURNING LANE,LEAM RD,LEAM RD,12:00-14:59,1,0
N,PROPERTY DAMAGE ONLY,BOWEN ROAD,N,2024,SATURDAY,REAR END,N,N,\N,\N,N,MARCH,N,NANAIMO,NANAIMO,\N,N,Y,N,VANCOUVER ISLAND,UNKNOWN,BEBAN PKY,BEBAN PKY,12:00-14:59,1,0
N,PROPERTY DAMAGE ONLY,BOYD ST,N,2024,SATURDAY,REAR END,N,Y,49.190086,-122.948533,N,MARCH,N,NEW WESTMINSTER,NEW WESTMINSTER,NEW WESTMINSTER,N,N,N,LOWER MAINLAND,BOYD ST & HOWES ST & TURNING LANE,HOWES ST,HOWES ST,12:00-14:59,1,0
N,PROPERTY DAMAGE ONLY,BRIDGEPORT RD,N,2024,SATURDAY,REAR END,N,Y,49.192002,-123.116139,N,MARCH,N,RICHMOND,RICHMOND,RICHMOND,N,N,N,LOWER MAINLAND,BRIDGEPORT RD & BRIDGEPORT RD OFFRAMP & BRIDGEPORT RD ONRAMP & HWY 99 & OAK ST BRIDGE & SEA ISLAND WAY & SEA ISLAND WAY OFFRAMP & SEA ISLAND WAY ONRAMP & BUS LANE & TURNING LANE & UNSIGNED,BRIDGEPORT RD OFFRAMP,BRIDGEPORT RD OFFRAMP,12:00-14:59,1,0
N,PROPERTY DAMAGE ONLY,BROADWAY,N,2024,SATURDAY,REAR END,N,N,\N,\N,N,MARCH,N,COQUITLAM,COQUITLAM,\N,N,N,N,LOWER MAINLAND,UNKNOWN,MARY HILL BYPASS,MARY HILL BYPASS,12:00-14:59,1,0
N,PROPERTY DAMAGE ONLY,BROADWAY ST,N,2024,SATURDAY,REAR END,N,Y,49.240773,-122.761896,N,MARCH,N,PORT COQUITLAM,PORT COQUITLAM,PORT COQUITLAM,N,N,N,LOWER MAINLAND,BROADWAY ST & MARY HILL BYPASS & TURNING LANE,MARY HILL BYPASS,MARY HILL BYPASS,12:00-14:59,1,0
N,PROPERTY DAMAGE ONLY,BRUNETTE AVE,N,2024,SATURDAY,REAR END,N,Y,49.231356,-122.882908,N,MARCH,N,NEW WESTMINSTER,NEW WESTMINSTER,NEW WESTMINSTER,N,N,N,LOWER MAINLAND,BRAID ST & BRUNETTE AVE,BRAID ST,BRAID ST,12:00-14:59,1,0
N,PROPERTY DAMAGE ONLY,BRUNETTE AVE OFFRAMP,N,2024,SATURDAY,SIDE SWIPE - SAME DIRECTION,N,Y,49.234521,-122.878438,N,MARCH,N,COQUITLAM,COQUITLAM,COQUITLAM & NEW WESTMINSTER,N,N,N,LOWER MAINLAND,BRUNETTE AVE & BRUNETTE AVE OFFRAMP & BRUNETTE AVE ONRAMP & TRANS-CANADA HWY,HWY 1,HWY 1,12:00-14:59,1,0
N,PROPERTY DAMAGE ONLY,BURRARD ST,N,2024,SATURDAY,UNDETERMINED,N,Y,49.286556,-123.117889,N,MARCH,N,VANCOUVER,VANCOUVER,VANCOUVER,Y,N,N,LOWER MAINLAND,BURRARD ST & W PENDER ST,W PENDER ST,W PENDER ST,12:00-14:59,1,0
N,PROPERTY DAMAGE ONLY,CAMBIE RD,N,2024,SATURDAY,REAR END,N,Y,49.184667,-123.124542,N,MARCH,N,RICHMOND,RICHMOND,RICHMOND,N,N,N,LOWER MAINLAND,CAMBIE RD & GARDEN CITY RD,GARDEN CITY RD,GARDEN CITY RD,12:00-14:59,1,0
N,PROPERTY DAMAGE ONLY,CAMBIE RD,N,2024,SATURDAY,SINGLE VEHICLE,N,Y,49.184649,-123.136506,N,MARCH,N,RICHMOND,RICHMOND,RICHMOND,N,Y,N,LOWER MAINLAND,CAMBIE RD & NO 3 RD,NO 3 RD,NO 3 RD,12:00-14:59,1,0
N,PROPERTY DAMAGE ONLY,CAMBIE ST,N,2024,SATURDAY,SIDE IMPACT,N,Y,49.26405,-123.114821,N,MARCH,N,VANCOUVER,VANCOUVER,VANCOUVER,N,N,N,LOWER MAINLAND,CAMBIE ST & W 8TH AVE,W 8TH AVE,W 8TH AVE,12:00-14:59,1,0
N,PROPERTY DAMAGE ONLY,CARLETON AVE,N,2024,SATURDAY,UNDETERMINED,N,Y,49.281043,-123.011408,N,MARCH,N,BURNABY,BURNABY,BURNABY,Y,N,N,LOWER MAINLAND,CARLETON AVE & HASTINGS ST,HASTINGS ST,HASTINGS ST,12:00-14:59,1,0
N,PROPERTY DAMAGE ONLY,CARNARVON,N,2024,SATURDAY,UNDETERMINED,N,N,\N,\N,N,MARCH,N,NEW WESTMINSTER,NEW WESTMINSTER,\N,N,N,N,LOWER MAINLAND,UNKNOWN,COLUMBIA ST,COLUMBIA ST,12:00-14:59,1,0
N,PROPERTY DAMAGE ONLY,CARRALL ST,N,2024,SATURDAY,SIDE IMPACT,N,Y,49.279226,-123.104464,N,MARCH,N,VANCOUVER,VANCOUVER,VANCOUVER,N,N,N,LOWER MAINLAND,CARRALL ST & KEEFER PL & KEEFER ST,KEEFER ST,KEEFER ST,12:00-14:59,1,0
N,PROPERTY DAMAGE ONLY,CEDAR ST,N,2024,SATURDAY,REAR END,N,Y,49.16191,-122.316014,N,MARCH,N,MISSION,MISSION,MISSION,N,N,N,LOWER MAINLAND,CEDAR ST & TUNBRIDGE AVE,TUNBRIDGE AVE,TUNBRIDGE AVE,12:00-14:59,1,0
N,PROPERTY DAMAGE ONLY,CLARK DR,N,2024,SATURDAY,SIDE SWIPE - SAME DIRECTION,N,Y,49.283068,-123.077088,N,MARCH,N,VANCOUVER,VANCOUVER,VANCOUVER,N,N,N,LOWER MAINLAND,CLARK DR & POWELL ST,POWELL ST,POWELL ST,12:00-14:59,1,0
N,PROPERTY DAMAGE ONLY,CLEARBROOK RD,N,2024,SATURDAY,CONFLICTED,N,Y,49.037752,-122.3377,N,MARCH,N,ABBOTSFORD,ABBOTSFORD,ABBOTSFORD,N,N,N,LOWER MAINLAND,CLEARBROOK RD & CLEARBROOK RD OFFRAMP & CLEARBROOK RD ONRAMP & MARSHALL RD & MARSHALL RD OFFRAMP & MARSHALL RD ONRAMP & TRANS-CANADA HWY & TURNING LANE,MARSHALL RD,MARSHALL RD,12:00-14:59,1,0
N,PROPERTY DAMAGE ONLY,COAST MERIDIAN RD,N,2024,SATURDAY,REAR END,N,Y,49.301455,-122.755864,N,MARCH,N,COQUITLAM,COQUITLAM,COQUITLAM,Y,Y,N,LOWER MAINLAND,COAST MERIDIAN RD & DEVONSHIRE AVE,DEVONSHIRE AVE,DEVONSHIRE AVE,12:00-14:59,1,0
N,PROPERTY DAMAGE ONLY,COCHRANE AVE,N,2024,SATURDAY,CONFLICTED,N,Y,49.252005,-122.892942,N,MARCH,N,BURNABY,BURNABY,BURNABY & COQUITLAM,N,N,N,LOWER MAINLAND,COCHRANE AVE & NORTH RD,NORTH RD,NORTH RD,12:00-14:59,1,0
N,PROPERTY DAMAGE ONLY,COCHRANE AVE,N,2024,SATURDAY,SINGLE VEHICLE,N,Y,49.252005,-122.892942,N,MARCH,N,BURNABY,BURNABY,BURNABY & COQUITLAM,N,N,Y,LOWER MAINLAND,COCHRANE AVE & NORTH RD,NORTH RD,NORTH RD,12:00-14:59,1,0
N,PROPERTY DAMAGE ONLY,COLBORNE ST,N,2024,SATURDAY,SIDE SWIPE - SAME DIRECTION,N,Y,49.221342,-122.913982,N,MARCH,N,NEW WESTMINSTER,NEW WESTMINSTER,NEW WESTMINSTER,N,N,N,LOWER MAINLAND,COLBORNE ST & EIGHTH AVE & PARK CRES,EIGHTH AVE,EIGHTH AVE,12:00-14:59,1,0
N,PROPERTY DAMAGE ONLY,COMMERCIAL DR,N,2024,SATURDAY,REAR END,N,Y,49.269586,-123.069675,N,MARCH,N,VANCOUVER,VANCOUVER,VANCOUVER,N,N,N,LOWER MAINLAND,COMMERCIAL DR & E 1ST AVE,E 1ST AVE,E 1ST AVE,12:00-14:59,1,0
N,PROPERTY DAMAGE ONLY,COOK RD,N,2024,SATURDAY,UNDETERMINED,N,Y,49.166492,-123.133694,N,MARCH,N,RICHMOND,RICHMOND,RICHMOND,Y,Y,N,LOWER MAINLAND,BUSWELL ST & COOK RD,BUSWELL ST,BUSWELL ST,12:00-14:59,1,0
N,PROPERTY DAMAGE ONLY,COONEY RD,N,2024,SATURDAY,UNDETERMINED,N,Y,49.171972,-123.131558,N,MARCH,N,RICHMOND,RICHMOND,RICHMOND,N,Y,N,LOWER MAINLAND,ACKROYD RD & COONEY RD,ACKROYD RD,ACKROYD RD,12:00-14:59,1,0
N,PROPERTY DAMAGE ONLY,CORNWALL AVE,N,2024,SATURDAY,SIDE IMPACT,N,Y,49.036211,-122.293229,N,MARCH,N,ABBOTSFORD,ABBOTSFORD,ABBOTSFORD,N,N,N,LOWER MAINLAND,CORNWALL AVE & LYNN AVE & MCCALLUM RD,MCCALLUM RD,MCCALLUM RD,12:00-14:59,1,0
N,PROPERTY DAMAGE ONLY,CULLODEN ST,N,2024,SATURDAY,REAR END,N,Y,49.232755,-123.078413,N,MARCH,N,VANCOUVER,VANCOUVER,VANCOUVER,N,N,N,LOWER MAINLAND,CULLODEN ST & E 41ST AVE,E 41ST AVE,E 41ST AVE,12:00-14:59,1,0
N,PROPERTY DAMAGE ONLY,CUMBERLAND RD,N,2024,SATURDAY,SINGLE VEHICLE,N,N,\N,\N,N,MARCH,N,COMOX,COMOX,\N,N,N,N,VANCOUVER ISLAND,UNKNOWN,MINTO RD,MINTO RD,12:00-14:59,1,0
N,PROPERTY DAMAGE ONLY,DALLAS DR,N,2024,SATURDAY,SINGLE VEHICLE,N,Y,50.668146,-120.187056,N,MARCH,N,KAMLOOPS,KAMLOOPS,KAMLOOPS,N,N,N,SOUTHERN INTERIOR,DALLAS DR & TODD RD & MALL ACCESS,TODD RD,TODD RD,12:00-14:59,1,0
N,PROPERTY DAMAGE ONLY,DICKINSON RD,N,2024,SATURDAY,REAR END,N,Y,49.238598,-124.049186,N,MARCH,N,NANAIMO,NANAIMO,NANAIMO,N,N,N,VANCOUVER ISLAND,DICKINSON RD & ISLAND HWY N & INDUSTRIAL ACCESS & MALL ACCESS & TURNING LANE,ISLAND HWY N,ISLAND HWY N,12:00-14:59,1,0
N,PROPERTY DAMAGE ONLY,DONCASTER DR,N,2024,SATURDAY,REAR END,N,Y,48.44373,-123.338151,N,MARCH,N,VICTORIA,VICTORIA,VICTORIA,N,N,N,VANCOUVER ISLAND,DONCASTER DR & HILLSIDE AVE,HILLSIDE AVE,HILLSIDE AVE,12:00-14:59,1,0
N,PROPERTY DAMAGE ONLY,DOUGLAS ST,N,2024,SATURDAY,REAR END,N,Y,48.452759,-123.375427,N,MARCH,N,SAANICH,SAANICH,SAANICH,N,N,N,VANCOUVER ISLAND,BOLESKINE RD & DOUGLAS ST & SAANICH RD & TURNING LANE,SAANICH RD,SAANICH RD,12:00-14:59,1,0
N,PROPERTY DAMAGE ONLY,DUNDAS ST,N,2024,SATURDAY,CONFLICTED,N,Y,49.284779,-123.056525,N,MARCH,N,VANCOUVER,VANCOUVER,VANCOUVER,N,N,N,LOWER MAINLAND,DUNDAS ST & N NANAIMO ST & NANAIMO ST,NANAIMO ST,NANAIMO ST,12:00-14:59,1,0
N,PROPERTY DAMAGE ONLY,DUNLEVY AVE,N,2024,SATURDAY,SIDE IMPACT,N,Y,49.282205,-123.095366,N,MARCH,N,VANCOUVER,VANCOUVER,VANCOUVER,N,N,N,LOWER MAINLAND,DUNLEVY AVE & E CORDOVA ST,E CORDOVA ST,E CORDOVA ST,12:00-14:59,1,0
N,PROPERTY DAMAGE ONLY,E 12TH AVE,N,2024,SATURDAY,SIDE SWIPE - SAME DIRECTION,N,Y,49.259628,-123.077527,N,MARCH,N,VANCOUVER,VANCOUVER,VANCOUVER,N,N,N,LOWER MAINLAND,CLARK DR & E 12TH AVE,CLARK DR,CLARK DR,12:00-14:59,1,0
N,PROPERTY DAMAGE ONLY,E 12TH AVE,N,2024,SATURDAY,UNDETERMINED,N,Y,49.259628,-123.077527,N,MARCH,N,VANCOUVER,VANCOUVER,VANCOUVER,N,Y,N,LOWER MAINLAND,CLARK DR & E 12TH AVE,CLARK DR,CLARK DR,12:00-14:59,1,0
N,PROPERTY DAMAGE ONLY,E 28TH AVE,N,2024,SATURDAY,UNDETERMINED,N,Y,49.245992,-123.102535,N,MARCH,N,VANCOUVER,VANCOUVER,VANCOUVER,Y,N,N,LOWER MAINLAND,E 28TH AVE & QUEBEC ST,QUEBEC ST,QUEBEC ST,12:00-14:59,1,0
N,PROPERTY DAMAGE ONLY,E 41ST AVE,N,2024,SATURDAY,REAR END,N,Y,49.232747,-123.065518,N,MARCH,N,VANCOUVER,VANCOUVER,VANCOUVER,N,N,N,LOWER MAINLAND,E 41ST AVE & VICTORIA DR,VICTORIA DR,VICTORIA DR,12:00-14:59,1,0
N,PROPERTY DAMAGE ONLY,E 41ST AVE,N,2024,SATURDAY,SIDE IMPACT,N,Y,49.232747,-123.065518,N,MARCH,N,VANCOUVER,VANCOUVER,VANCOUVER,N,N,N,LOWER MAINLAND,E 41ST AVE & VICTORIA DR,VICTORIA DR,VICTORIA DR,12:00-14:59,1,0
N,PROPERTY DAMAGE ONLY,E 41ST AVE,N,2024,SATURDAY,SIDE IMPACT,N,Y,49.232987,-123.100001,N,MARCH,N,VANCOUVER,VANCOUVER,VANCOUVER,Y,N,N,LOWER MAINLAND,CREE ST & E 41ST AVE,CREE ST,CREE ST,12:00-14:59,1,0
N,PROPERTY DAMAGE ONLY,E 45TH AVE,N,2024,SATURDAY,REAR END,N,Y,49.229163,-123.090633,N,MARCH,N,VANCOUVER,VANCOUVER,VANCOUVER,N,Y,N,LOWER MAINLAND,E 45TH AVE & FRASER ST,FRASER ST,FRASER ST,12:00-14:59,1,0
N,PROPERTY DAMAGE ONLY,E 50TH AVE,N,2024,SATURDAY,UNDETERMINED,N,Y,49.224676,-123.099603,N,MARCH,N,VANCOUVER,VANCOUVER,VANCOUVER,Y,N,N,LOWER MAINLAND,E 50TH AVE & SOPHIA ST,SOPHIA ST,SOPHIA ST,12:00-14:59,1,0
N,PROPERTY DAMAGE ONLY,E 53RD AVE,N,2024,SATURDAY,REAR END,N,Y,49.221868,-123.09087,N,MARCH,N,VANCOUVER,VANCOUVER,VANCOUVER,N,N,N,LOWER MAINLAND,E 53RD AVE & FRASER ST,FRASER ST,FRASER ST,12:00-14:59,1,0
N,PROPERTY DAMAGE ONLY,E 8TH AVE,N,2024,SATURDAY,REAR END,N,Y,49.26347,-123.094904,N,MARCH,N,VANCOUVER,VANCOUVER,VANCOUVER,Y,N,N,LOWER MAINLAND,E 8TH AVE & GUELPH ST & MOUNT PLEASANT ELEMENTARY SCHOOL ACCESS,GUELPH ST,GUELPH ST,12:00-14:59,1,0
N,PROPERTY DAMAGE ONLY,E BROADWAY,N,2024,SATURDAY,SIDE IMPACT,N,Y,49.262912,-123.100967,N,MARCH,N,VANCOUVER,VANCOUVER,VANCOUVER,Y,N,N,LOWER MAINLAND,E BROADWAY & MAIN ST,MAIN ST,MAIN ST,12:00-14:59,1,0
N,PROPERTY DAMAGE ONLY,E KING EDWARD AVE,N,2024,SATURDAY,SIDE IMPACT,N,Y,49.248504,-123.072338,N,MARCH,N,VANCOUVER,VANCOUVER,VANCOUVER,N,N,N,LOWER MAINLAND,E KING EDWARD AVE & KINGSWAY & TURNING LANE,KINGSWAY,KINGSWAY,12:00-14:59,1,0
N,PROPERTY DAMAGE ONLY,FISHERMANS WAY,N,2024,SATURDAY,UNDETERMINED,N,N,\N,\N,N,MARCH,N,SOOKE,SOOKE,\N,Y,Y,N,VANCOUVER ISLAND,UNKNOWN,SOOKE RIVER RD,SOOKE RIVER RD,12:00-14:59,1,0
N,PROPERTY DAMAGE ONLY,FRASER ST,N,2024,SATURDAY,CONFLICTED,N,Y,49.230994,-123.0906,N,MARCH,N,VANCOUVER,VANCOUVER,VANCOUVER,N,N,N,LOWER MAINLAND,E 43RD AVE & FRASER ST,E 43RD AVE,E 43RD AVE,12:00-14:59,1,0
N,PROPERTY DAMAGE ONLY,GAGLARDI WAY,N,2024,SATURDAY,CONFLICTED,N,Y,49.246118,-122.914166,N,MARCH,N,BURNABY,BURNABY,BURNABY,N,N,N,LOWER MAINLAND,CARIBOO RD & GAGLARDI WAY,CARIBOO RD,CARIBOO RD,12:00-14:59,1,0
N,PROPERTY DAMAGE ONLY,GARDEN CITY RD,N,2024,SATURDAY,REAR END,N,Y,49.155464,-123.125339,N,MARCH,N,RICHMOND,RICHMOND,RICHMOND,N,N,N,LOWER MAINLAND,BLUNDELL RD & GARDEN CITY RD,BLUNDELL RD,BLUNDELL RD,12:00-14:59,1,0
N,PROPERTY DAMAGE ONLY,GEORGIA ST,N,2024,SATURDAY,HEAD ON,N,Y,49.130238,-123.190291,N,MARCH,N,RICHMOND,RICHMOND,RICHMOND,N,N,N,LOWER MAINLAND,6TH AVE & GEORGIA ST,6TH AVE,6TH AVE,12:00-14:59,1,0
N,PROPERTY DAMAGE ONLY,GLOVER RD,N,2024,SATURDAY,CONFLICTED,N,Y,49.168366,-122.58016,N,MARCH,N,LANGLEY,LANGLEY,LANGLEY,Y,Y,N,LOWER MAINLAND,96 AVE & GLOVER RD & TURNING LANE,96 AVE,96 AVE,12:00-14:59,1,0
N,PROPERTY DAMAGE ONLY,GOVERNMENT ST,N,2024,SATURDAY,REAR END,N,Y,49.248552,-122.897547,N,MARCH,N,BURNABY,BURNABY,BURNABY,N,N,N,LOWER MAINLAND,AUSTIN RD & GOVERNMENT ST & LOUGHEED HWY & TURNING LANE,LOUGHEED HWY,LOUGHEED HWY,12:00-14:59,1,0
N,PROPERTY DAMAGE ONLY,GRANT RD W,N,2024,SATURDAY,REAR END,N,Y,48.379727,-123.72534,N,MARCH,N,SOOKE,SOOKE,SOOKE,N,N,N,VANCOUVER ISLAND,GRANT RD W & OTTER POINT RD,OTTER POINT RD,OTTER POINT RD,12:00-14:59,1,0
N,PROPERTY DAMAGE ONLY,GRANVILLE ST,N,2024,SATURDAY,SIDE SWIPE - SAME DIRECTION,N,Y,49.277154,-123.126192,N,MARCH,N,VANCOUVER,VANCOUVER,VANCOUVER,N,N,N,LOWER MAINLAND,DAVIE ST & GRANVILLE ST,DAVIE ST,DAVIE ST,12:00-14:59,1,0
N,PROPERTY DAMAGE ONLY,HAMILTON ST,N,2024,SATURDAY,SINGLE VEHICLE,N,Y,49.274871,-123.122664,N,MARCH,N,VANCOUVER,VANCOUVER,VANCOUVER,N,Y,N,LOWER MAINLAND,DAVIE ST & HAMILTON ST,DAVIE ST,DAVIE ST,12:00-14:59,1,0
N,PROPERTY DAMAGE ONLY,HERSHAM AVE,N,2024,SATURDAY,CONFLICTED,N,Y,49.227635,-122.95023,N,MARCH,N,BURNABY,BURNABY,BURNABY,Y,N,N,LOWER MAINLAND,HERSHAM AVE & IMPERIAL ST,IMPERIAL ST,IMPERIAL ST,12:00-14:59,1,0
N,PROPERTY DAMAGE ONLY,HIGGINS ST,N,2024,SATURDAY,REAR END,N,Y,48.440829,-123.349299,N,MARCH,N,VICTORIA,VICTORIA,VICTORIA,N,N,N,VANCOUVER ISLAND,HIGGINS ST & HILLSIDE AVE & THE CRIDGE CENTRE FOR THE FAMILY SCHOOL ACCESS,HILLSIDE AVE,HILLSIDE AVE,12:00-14:59,1,0
N,PROPERTY DAMAGE ONLY,HILLSIDE AVE,N,2024,SATURDAY,REAR END,N,Y,48.438914,-123.363309,N,MARCH,N,VICTORIA,VICTORIA,VICTORIA,N,N,N,VANCOUVER ISLAND,BLANSHARD ST & HILLSIDE AVE & TURNING LANE,BLANSHARD ST,BLANSHARD ST,12:00-14:59,1,0
N,PROPERTY DAMAGE ONLY,HIRST AVE W,N,2024,SATURDAY,CONFLICTED,N,Y,49.319389,-124.313643,N,MARCH,N,PARKSVILLE,PARKSVILLE,PARKSVILLE,N,N,N,VANCOUVER ISLAND,ALBERNI HWY & HIRST AVE W,ALBERNI HWY,ALBERNI HWY,12:00-14:59,1,0
N,PROPERTY DAMAGE ONLY,HOLDOM AVE,N,2024,SATURDAY,SIDE IMPACT,N,Y,49.280335,-122.980945,N,MARCH,N,BURNABY,BURNABY,BURNABY,N,N,N,LOWER MAINLAND,HASTINGS ST & HOLDOM AVE,HASTINGS ST,HASTINGS ST,12:00-14:59,1,0
N,PROPERTY DAMAGE ONLY,HOLLYBRIDGE WAY,N,2024,SATURDAY,UNDETERMINED,N,Y,49.175433,-123.149558,N,MARCH,N,RICHMOND,RICHMOND,RICHMOND,N,Y,N,LOWER MAINLAND,HOLLYBRIDGE WAY & PEARSON WAY,PEARSON WAY,PEARSON WAY,12:00-14:59,1,0
N,PROPERTY DAMAGE ONLY,HOMER ST,N,2024,SATURDAY,UNDETERMINED,N,Y,49.274205,-123.124853,N,MARCH,N,VANCOUVER,VANCOUVER,VANCOUVER,Y,N,N,LOWER MAINLAND,DRAKE ST & HOMER ST,DRAKE ST,DRAKE ST,12:00-14:59,1,0
N,PROPERTY DAMAGE ONLY,HORSESHOE BAY DR ONRAMP,N,2024,SATURDAY,UNDETERMINED,N,Y,49.361071,-123.273657,N,MARCH,N,WEST VANCOUVER,WEST VANCOUVER,WEST VANCOUVER,N,N,N,LOWER MAINLAND,EAGLERIDGE DR & EAGLERIDGE DR OFFRAMP & EAGLERIDGE DR ONRAMP & HORSESHOE BAY DR & HORSESHOE BAY DR OFFRAMP & HORSESHOE BAY DR ONRAMP & HWY 99 & KEITH RD OFFRAMP & PASCO RD & TRANS-CANADA HWY,HWY 99,HWY 99,12:00-14:59,1,0
N,PROPERTY DAMAGE ONLY,HUDSON ST,N,2024,SATURDAY,SINGLE VEHICLE,N,Y,49.215609,-123.134149,N,MARCH,N,VANCOUVER,VANCOUVER,VANCOUVER,N,N,N,LOWER MAINLAND,HUDSON ST & PARK DR,PARK DR,PARK DR,12:00-14:59,1,0
N,PROPERTY DAMAGE ONLY,HUGH ALLAN DR,N,2024,SATURDAY,REAR END,N,Y,50.653098,-120.37916,N,MARCH,N,KAMLOOPS,KAMLOOPS,KAMLOOPS,N,N,N,SOUTHERN INTERIOR,HILLSIDE WAY ONRAMP & HUGH ALLAN DR & HUGH ALLAN DR OFFRAMP & HUGH ALLAN DR ONRAMP & PACIFIC WAY & PACIFIC WAY OFFRAMP & PACIFIC WAY ONRAMP & TRANS-CANADA HWY W & TURNING LANE,PACIFIC WAY,PACIFIC WAY,12:00-14:59,1,0
N,PROPERTY DAMAGE ONLY,HWY 1,N,2024,SATURDAY,REAR END,N,Y,48.652506,-123.56007,N,MARCH,N,MILL BAY,MILL BAY,MILL BAY,N,N,N,VANCOUVER ISLAND,BARRY RD & DELOUME RD & TRANS-CANADA HWY & TURNING LANE,DELOUME RD,DELOUME RD,12:00-14:59,1,0
N,PROPERTY DAMAGE ONLY,HWY 1,N,2024,SATURDAY,REAR END,N,Y,49.332551,-123.117171,N,MARCH,N,NORTH VANCOUVER,NORTH VANCOUVER,NORTH VANCOUVER,N,N,N,LOWER MAINLAND,BOWSER AVE & CAPILANO RD & CAPILANO RD OFFRAMP & CAPILANO RD ONRAMP & KEITH RD & TRANS-CANADA HWY & TURNING LANE,CAPILANO RD ONRAMP,CAPILANO RD ONRAMP,12:00-14:59,1,0
N,PROPERTY DAMAGE ONLY,HWY 15,N,2024,SATURDAY,SINGLE VEHICLE,N,Y,49.181569,-122.734867,N,MARCH,N,SURREY,SURREY,SURREY,N,N,N,LOWER MAINLAND,176 ST & 176 ST OFFRAMP & 176 ST ONRAMP & TRANS-CANADA HWY,HWY 1,HWY 1,12:00-14:59,1,0
N,PROPERTY DAMAGE ONLY,HWY 16 W,N,2024,SATURDAY,CONFLICTED,N,Y,53.880948,-122.770053,N,MARCH,N,PRINCE GEORGE,PRINCE GEORGE,PRINCE GEORGE,N,N,N,NORTH CENTRAL,COWART RD & HWY 16 W & VANCE RD & CEMETERY ACCESS & TURNING LANE,VANCE RD,VANCE RD,12:00-14:59,1,0
N,PROPERTY DAMAGE ONLY,HWY 3B,N,2024,SATURDAY,SIDE IMPACT,N,Y,49.108089,-117.819608,N,MARCH,N,ROSSLAND,ROSSLAND,ROSSLAND,N,N,N,SOUTHERN INTERIOR,HWY 3B & MANN RD,MANN RD,MANN RD,12:00-14:59,1,0
N,PROPERTY DAMAGE ONLY,HWY 91 OFFRAMP,N,2024,SATURDAY,SIDE SWIPE - SAME DIRECTION,N,Y,49.092212,-122.894005,N,MARCH,N,DELTA,DELTA,DELTA & SURREY,N,N,N,LOWER MAINLAND,HWY 91 & HWY 91 OFFRAMP & HWY 91 ONRAMP & HWY 99,HWY 99,HWY 99,12:00-14:59,1,0
N,PROPERTY DAMAGE ONLY,HWY 97,N,2024,SATURDAY,REAR END,N,Y,49.889477,-119.420504,N,MARCH,N,KELOWNA,KELOWNA,KELOWNA,N,N,N,SOUTHERN INTERIOR,HWY 33 W & HWY 97 N & TURNING LANE,HWY 33,HWY 33,12:00-14:59,1,0
N,PROPERTY DAMAGE ONLY,HWY 97,N,2024,SATURDAY,SINGLE VEHICLE,N,N,\N,\N,N,MARCH,N,VERNON,VERNON,\N,N,N,N,SOUTHERN INTERIOR,UNKNOWN,WESTSIDE RD,WESTSIDE RD,12:00-14:59,1,0
N,PROPERTY DAMAGE ONLY,HWY 97,N,2024,SATURDAY,UNDETERMINED,N,Y,49.884331,-119.42902,N,MARCH,N,KELOWNA,KELOWNA,KELOWNA,Y,Y,N,SOUTHERN INTERIOR,HWY 97 N & LECKIE RD & TURNING LANE,LECKIE RD,LECKIE RD,12:00-14:59,1,0
N,PROPERTY DAMAGE ONLY,HYLAND RD,N,2024,SATURDAY,REAR END,N,Y,49.124004,-122.823307,N,MARCH,N,SURREY,SURREY,SURREY,N,N,N,LOWER MAINLAND,144 ST & HYLAND RD,144 ST,144 ST,12:00-14:59,1,0
N,PROPERTY DAMAGE ONLY,IMPERIAL ST,N,2024,SATURDAY,REAR END,N,Y,49.221947,-122.995826,N,MARCH,N,BURNABY,BURNABY,BURNABY,N,N,N,LOWER MAINLAND,IMPERIAL ST & JUBILEE AVE,JUBILEE AVE,JUBILEE AVE,12:00-14:59,1,0
N,PROPERTY DAMAGE ONLY,INGRAM RD,N,2024,SATURDAY,SIDE IMPACT,N,Y,49.826065,-119.631021,N,MARCH,N,WEST KELOWNA,WEST KELOWNA,WEST KELOWNA,Y,Y,N,SOUTHERN INTERIOR,ELLIOTT RD & INGRAM RD,ELLIOT RD,ELLIOT RD,12:00-14:59,1,0
N,PROPERTY DAMAGE ONLY,INMAN AVE,N,2024,SATURDAY,REAR END,N,Y,49.232822,-123.015865,N,MARCH,N,BURNABY,BURNABY,BURNABY,N,N,N,LOWER MAINLAND,INMAN AVE & KINGSWAY,KINGSWAY,KINGSWAY,12:00-14:59,1,0
N,PROPERTY DAMAGE ONLY,IRONWORKERS MEMORIAL BRIDGE,N,2024,SATURDAY,REAR END,N,Y,49.287032,-123.031028,N,MARCH,N,VANCOUVER,VANCOUVER,VANCOUVER,N,N,N,LOWER MAINLAND,BRIDGEWAY OFFRAMP & E HASTINGS ST OFFRAMP & IRONWORKERS MEMORIAL BRIDGE & MCGILL ST & MCGILL ST OFFRAMP & MCGILL ST ONRAMP & TRANS-CANADA HWY,HWY 1,HWY 1,12:00-14:59,1,0
N,PROPERTY DAMAGE ONLY,ISLAND HWY,N,2024,SATURDAY,REAR END,N,Y,48.455469,-123.460114,N,MARCH,N,VIEW ROYAL,VIEW ROYAL,VIEW ROYAL,N,N,N,VANCOUVER ISLAND,HART RD & ISLAND HWY,HART RD,HART RD,12:00-14:59,1,0
N,PROPERTY DAMAGE ONLY,ISLAND HWY N,N,2024,SATURDAY,REAR END,N,Y,49.230591,-124.041782,N,MARCH,N,NANAIMO,NANAIMO,NANAIMO,N,N,N,VANCOUVER ISLAND,ENTERPRISE ST & ISLAND HWY N & TURNING LANE,ENTERPRISE ST,ENTERPRISE ST,12:00-14:59,1,0
N,PROPERTY DAMAGE ONLY,KEITH RD,N,2024,SATURDAY,REAR END,N,N,\N,\N,N,MARCH,N,NORTH VANCOUVER,NORTH VANCOUVER,\N,N,N,N,LOWER MAINLAND,UNKNOWN,MT SEYMOUR PKWY,MT SEYMOUR PKWY,12:00-14:59,1,0
N,PROPERTY DAMAGE ONLY,KELLY RD,N,2024,SATURDAY,SIDE SWIPE - SAME DIRECTION,N,Y,48.439543,-123.510323,N,MARCH,N,LANGFORD,LANGFORD,LANGFORD,N,N,N,VANCOUVER ISLAND,KELLY RD & MERCHANT WAY & MALL ACCESS,MERCHANT WAY,MERCHANT WAY,12:00-14:59,1,0
N,PROPERTY DAMAGE ONLY,KERR ST,N,2024,SATURDAY,UNDETERMINED,N,N,\N,\N,N,MARCH,N,BURNABY,BURNABY,\N,N,N,N,LOWER MAINLAND,UNKNOWN,MARINE DR,MARINE DR,12:00-14:59,1,0
N,PROPERTY DAMAGE ONLY,KING GEORGE BLVD,N,2024,SATURDAY,CONFLICTED,N,Y,49.045585,-122.793584,N,MARCH,N,SURREY,SURREY,SURREY,N,N,N,LOWER MAINLAND,24 AVE & KING GEORGE BLVD & TURNING LANE,24 AVE,24 AVE,12:00-14:59,1,0
N,PROPERTY DAMAGE ONLY,KING GEORGE BLVD,N,2024,SATURDAY,CONFLICTED,N,Y,49.162742,-122.845798,N,MARCH,N,SURREY,SURREY,SURREY,N,N,N,LOWER MAINLAND,88 AVE & KING GEORGE BLVD & TURNING LANE,88 AVE,88 AVE,12:00-14:59,1,0
N,PROPERTY DAMAGE ONLY,KING GEORGE BLVD,N,2024,SATURDAY,REAR END,N,Y,49.032817,-122.777731,N,MARCH,N,SURREY,SURREY,SURREY,N,N,N,LOWER MAINLAND,KING GEORGE BLVD & KING GEORGE BLVD FRONTAGE RD,KING GEORGE BLVD FRONTAGE RD,KING GEORGE BLVD FRONTAGE RD,12:00-14:59,1,0
N,PROPERTY DAMAGE ONLY,KINGSWAY,N,2024,SATURDAY,REAR END,N,Y,49.23264,-123.012671,N,MARCH,N,BURNABY,BURNABY,BURNABY,N,N,N,LOWER MAINLAND,GRANGE ST & KINGSWAY & PATTERSON AVE & TURNING LANE,GRANGE ST,GRANGE ST,12:00-14:59,1,0
N,PROPERTY DAMAGE ONLY,KINGSWAY,N,2024,SATURDAY,REAR END,N,Y,49.243562,-123.06181,N,MARCH,N,VANCOUVER,VANCOUVER,VANCOUVER,Y,N,N,LOWER MAINLAND,GLADSTONE ST & KINGSWAY,GLADSTONE ST,GLADSTONE ST,12:00-14:59,1,0
N,PROPERTY DAMAGE ONLY,KINGSWAY,N,2024,SATURDAY,SIDE IMPACT,N,Y,49.230692,-123.006275,N,MARCH,N,BURNABY,BURNABY,BURNABY,N,N,N,LOWER MAINLAND,KATHLEEN AVE & KINGSWAY,KATHLEEN AVE,KATHLEEN AVE,12:00-14:59,1,0
N,PROPERTY DAMAGE ONLY,KNIGHT ST,N,2024,SATURDAY,REAR END,N,N,\N,\N,N,MARCH,N,VANCOUVER,VANCOUVER,\N,N,N,N,LOWER MAINLAND,UNKNOWN,KING EDWARD AVE,KING EDWARD AVE,12:00-14:59,1,0
N,PROPERTY DAMAGE ONLY,KNIGHT ST BRIDGE,N,2024,SATURDAY,SIDE IMPACT,N,Y,49.191996,-123.077454,N,MARCH,N,RICHMOND,RICHMOND,RICHMOND,N,N,N,LOWER MAINLAND,BRIDGEPORT RD & BRIDGEPORT RD OFFRAMP & BRIDGEPORT RD ONRAMP & KNIGHT ST & KNIGHT ST BRIDGE & MANNINI WAY & TURNING LANE,KNIGHT ST,KNIGHT ST,12:00-14:59,1,0
N,PROPERTY DAMAGE ONLY,LANGFORD PKY,N,2024,SATURDAY,UNDETERMINED,N,Y,48.442321,-123.504709,N,MARCH,N,LANGFORD,LANGFORD,LANGFORD,N,N,N,VANCOUVER ISLAND,LANGFORD PKY & PHIPPS RD,PHIPPS RD,PHIPPS RD,12:00-14:59,1,0
N,PROPERTY DAMAGE ONLY,LIONS GATE BRIDGE,N,2024,SATURDAY,MULTIPLE IMPACTS,N,Y,49.311996,-123.141757,N,MARCH,N,VANCOUVER,VANCOUVER,VANCOUVER,N,N,N,LOWER MAINLAND,ELDON TRAIL & LIONS GATE BRIDGE & STANLEY PARK CAUSEWAY,HWY 99,HWY 99,12:00-14:59,2,0
N,PROPERTY DAMAGE ONLY,LIVINGSTONE AVE,N,2024,SATURDAY,UNDETERMINED,N,Y,49.055201,-122.370416,N,MARCH,N,ABBOTSFORD,ABBOTSFORD,ABBOTSFORD,Y,Y,N,LOWER MAINLAND,BLUE JAY ST & FRASER HWY & LIVINGSTONE AVE & MACLURE RD,MACLURE RD,MACLURE RD,12:00-14:59,1,0
N,PROPERTY DAMAGE ONLY,LONSDALE AVE,N,2024,SATURDAY,REAR END,N,Y,49.322069,-123.072318,N,MARCH,N,NORTH VANCOUVER,NORTH VANCOUVER,NORTH VANCOUVER,N,N,N,LOWER MAINLAND,E 15TH ST & LONSDALE AVE & W 15TH ST,E 15TH ST,E 15TH ST,12:00-14:59,1,0
N,PROPERTY DAMAGE ONLY,LOUGHEED HWY,N,2024,SATURDAY,REAR END,N,Y,49.155795,-122.209737,N,MARCH,N,DEWDNEY,DEWDNEY,DEWDNEY & HATZIC,N,N,N,LOWER MAINLAND,LOUGHEED HWY & MCKAMIE RD & SYLVESTER RD,SYLVESTER RD,SYLVESTER RD,12:00-14:59,1,0
N,PROPERTY DAMAGE ONLY,LOUGHEED HWY,N,2024,SATURDAY,REAR END,N,Y,49.216929,-122.601543,N,MARCH,N,MAPLE RIDGE,MAPLE RIDGE,MAPLE RIDGE,Y,Y,N,LOWER MAINLAND,224 ST & LOUGHEED HWY,224 ST,224 ST,12:00-14:59,1,0
N,PROPERTY DAMAGE ONLY,LOUGHEED HWY,N,2024,SATURDAY,REAR END,N,Y,49.236655,-122.871915,N,MARCH,N,COQUITLAM,COQUITLAM,COQUITLAM,N,N,N,LOWER MAINLAND,BRUNETTE AVE & LOUGHEED HWY & TURNING LANE,BRUNETTE AVE,BRUNETTE AVE,12:00-14:59,1,0
N,PROPERTY DAMAGE ONLY,MACKENZIE ST,N,2024,SATURDAY,UNDETERMINED,N,N,\N,\N,N,MARCH,N,NEW WESTMINSTER,NEW WESTMINSTER,\N,N,N,N,LOWER MAINLAND,UNKNOWN,COLUMBIA ST,COLUMBIA ST,12:00-14:59,1,0
N,PROPERTY DAMAGE ONLY,MAEBELLE RD,N,2024,SATURDAY,REAR END,N,Y,49.266398,-124.766297,N,MARCH,N,PORT ALBERNI,PORT ALBERNI,PORT ALBERNI,N,N,N,VANCOUVER ISLAND,ALBERNI HWY & MAEBELLE RD,ALBERNI HWY,ALBERNI HWY,12:00-14:59,1,0
N,PROPERTY DAMAGE ONLY,MAIN ST,N,2024,SATURDAY,CONFLICTED,N,Y,49.244458,-123.101309,N,MARCH,N,VANCOUVER,VANCOUVER,VANCOUVER,N,N,N,LOWER MAINLAND,E 29TH AVE & MAIN ST,E 29TH AVE,E 29TH AVE,12:00-14:59,1,0
N,PROPERTY DAMAGE ONLY,MAIN ST,N,2024,SATURDAY,REAR END,N,Y,49.304852,-123.027413,N,MARCH,N,NORTH VANCOUVER,NORTH VANCOUVER,NORTH VANCOUVER,N,N,N,LOWER MAINLAND,DOLLARTON HWY & DOLLARTON HWY OFFRAMP & DOLLARTON HWY ONRAMP & IRONWORKERS MEMORIAL BRIDGE & MAIN ST & MAIN ST OFFRAMP & MAIN ST ONRAMP & PHIBBS EXCHANGE & TRANS-CANADA HWY & EMERGENCY LANE & HIGHWAY RAMP & TURNING LANE,HWY 1,HWY 1,12:00-14:59,1,0
N,PROPERTY DAMAGE ONLY,MAIN ST,N,2024,SATURDAY,REAR END,N,Y,49.305167,-123.032063,N,MARCH,N,NORTH VANCOUVER,NORTH VANCOUVER,NORTH VANCOUVER,N,N,N,LOWER MAINLAND,MAIN ST & MOUNTAIN HWY,MOUNTAIN HWY,MOUNTAIN HWY,12:00-14:59,1,0
N,PROPERTY DAMAGE ONLY,MAIN ST,N,2024,SATURDAY,SIDE IMPACT,N,Y,49.240503,-123.101467,N,MARCH,N,VANCOUVER,VANCOUVER,VANCOUVER,N,N,N,LOWER MAINLAND,E 33RD AVE & MAIN ST,E 33RD AVE,E 33RD AVE,12:00-14:59,1,0
N,PROPERTY DAMAGE ONLY,MAIN ST,N,2024,SATURDAY,SIDE IMPACT,N,Y,49.244458,-123.101309,N,MARCH,N,VANCOUVER,VANCOUVER,VANCOUVER,N,N,N,LOWER MAINLAND,E 29TH AVE & MAIN ST,E 29TH AVE,E 29TH AVE,12:00-14:59,1,0
N,PROPERTY DAMAGE ONLY,MAIN ST,N,2024,SATURDAY,SIDE SWIPE - SAME DIRECTION,N,Y,49.272815,-123.100019,N,MARCH,N,VANCOUVER,VANCOUVER,VANCOUVER,N,N,N,LOWER MAINLAND,MAIN ST & TERMINAL AVE,TERMINAL AVE,TERMINAL AVE,12:00-14:59,1,0
N,PROPERTY DAMAGE ONLY,MALKIN AVE,N,2024,SATURDAY,UNDETERMINED,N,Y,49.275364,-123.091971,N,MARCH,N,VANCOUVER,VANCOUVER,VANCOUVER,Y,N,N,LOWER MAINLAND,MALKIN AVE & THORNTON ST,THORNTON ST,THORNTON ST,12:00-14:59,1,0
N,PROPERTY DAMAGE ONLY,MALL ACCESS,N,2024,SATURDAY,UNDETERMINED,N,Y,49.970449,-125.214483,N,MARCH,N,CAMPBELL RIVER,CAMPBELL RIVER,CAMPBELL RIVER,N,N,N,VANCOUVER ISLAND,ISLAND HWY S & MALL ACCESS,ISLAND HWY S,ISLAND HWY S,12:00-14:59,1,0
N,PROPERTY DAMAGE ONLY,MARSHALL RD,N,2024,SATURDAY,REAR END,N,Y,49.038147,-122.272417,N,MARCH,N,ABBOTSFORD,ABBOTSFORD,ABBOTSFORD,N,N,N,LOWER MAINLAND,MARSHALL RD & VEDDER WAY & TURNING LANE,VEDDER WAY,VEDDER WAY,12:00-14:59,1,0
N,PROPERTY DAMAGE ONLY,MCBRIDE ST,N,2024,SATURDAY,UNDETERMINED,N,Y,54.316284,-130.32306,N,MARCH,N,PRINCE RUPERT,PRINCE RUPERT,PRINCE RUPERT,N,N,N,NORTH CENTRAL,1ST AVE E & 1ST AVE W & MCBRIDE ST,1ST AVE E,1ST AVE E,12:00-14:59,1,0
N,PROPERTY DAMAGE ONLY,MCCALLUM RD,N,2024,SATURDAY,UNDETERMINED,N,Y,49.034944,-122.2928,N,MARCH,N,ABBOTSFORD,ABBOTSFORD,ABBOTSFORD,N,N,N,LOWER MAINLAND,HAWTHORNE AVE & KING RD & KING RD CONN & KING RD ONRAMP & MCCALLUM RD & MCCALLUM RD OFFRAMP & MCCALLUM RD ONRAMP & TRANS-CANADA HWY,HWY 1,HWY 1,12:00-14:59,1,0
N,PROPERTY DAMAGE ONLY,MCDOUGALL AVE,N,2024,SATURDAY,UNDETERMINED,N,Y,49.045616,-122.293473,N,MARCH,N,ABBOTSFORD,ABBOTSFORD,ABBOTSFORD,N,N,N,LOWER MAINLAND,CANNON AVE & MCCALLUM RD & MCDOUGALL AVE,MCCALLUM RD,MCCALLUM RD,12:00-14:59,1,0
N,PROPERTY DAMAGE ONLY,MCTAVISH RD ONRAMP,N,2024,SATURDAY,REAR END,N,Y,48.631019,-123.410562,N,MARCH,N,NORTH SAANICH,NORTH SAANICH,NORTH SAANICH,N,N,N,VANCOUVER ISLAND,LOCHSIDE DR & MCTAVISH RD OFFRAMP & MCTAVISH RD ONRAMP,LOCHSIDE DR,LOCHSIDE DR,12:00-14:59,1,0
N,PROPERTY DAMAGE ONLY,MORREY CRT,N,2024,SATURDAY,SIDE IMPACT,N,Y,49.253433,-122.896343,N,MARCH,N,BURNABY,BURNABY,BURNABY,N,Y,N,LOWER MAINLAND,CAMERON ST & MORREY CRT & MALL ACCESS,CAMERON ST,CAMERON ST,12:00-14:59,1,0
N,PROPERTY DAMAGE ONLY,MOSTAR RD,N,2024,SATURDAY,REAR END,N,Y,49.205957,-124.035074,N,MARCH,N,NANAIMO,NANAIMO,NANAIMO,N,N,N,VANCOUVER ISLAND,JINGLE POT RD & JINGLE POT RD OFFRAMP & JINGLE POT RD ONRAMP & MOSTAR RD & MOSTAR RD OFFRAMP & MOSTAR RD ONRAMP & NANAIMO PKY & PARKWAY TRAIL,HWY 19,HWY 19,12:00-14:59,1,0
N,PROPERTY DAMAGE ONLY,MOUNTAIN HWY,N,2024,SATURDAY,REAR END,N,Y,49.305167,-123.032063,N,MARCH,N,NORTH VANCOUVER,NORTH VANCOUVER,NORTH VANCOUVER,N,N,N,LOWER MAINLAND,MAIN ST & MOUNTAIN HWY,MAIN ST,MAIN ST,12:00-14:59,1,0
N,PROPERTY DAMAGE ONLY,MT SEYMOUR RD,N,2024,SATURDAY,CONFLICTED,N,Y,49.315935,-122.968956,N,MARCH,N,NORTH VANCOUVER,NORTH VANCOUVER,NORTH VANCOUVER,Y,Y,N,LOWER MAINLAND,MT SEYMOUR PKY & MT SEYMOUR RD & ROCHE POINT DR,MT SEYMOUR PKY,MT SEYMOUR PKY,12:00-14:59,1,0
N,PROPERTY DAMAGE ONLY,N GILMORE AVE,N,2024,SATURDAY,SIDE SWIPE - SAME DIRECTION,N,Y,49.286525,-123.014058,N,MARCH,N,BURNABY,BURNABY,BURNABY,N,N,N,LOWER MAINLAND,CAMBRIDGE ST & N GILMORE AVE,CAMBRIDGE ST,CAMBRIDGE ST,12:00-14:59,1,0
N,PROPERTY DAMAGE ONLY,NANAIMO RIVER RD,N,2024,SATURDAY,SINGLE VEHICLE,N,N,\N,\N,N,MARCH,Y,NANAIMO,NANAIMO,\N,N,N,N,VANCOUVER ISLAND,UNKNOWN,FOURTH LAKE,FOURTH LAKE,12:00-14:59,1,0
N,PROPERTY DAMAGE ONLY,NANAIMO ST,N,2024,SATURDAY,REAR END,N,Y,49.281168,-123.056544,N,MARCH,N,VANCOUVER,VANCOUVER,VANCOUVER,Y,N,N,LOWER MAINLAND,E HASTINGS ST & NANAIMO ST,E HASTINGS ST,E HASTINGS ST,12:00-14:59,1,0
N,PROPERTY DAMAGE ONLY,NELSON ST,N,2024,SATURDAY,SIDE SWIPE - SAME DIRECTION,N,Y,49.276078,-123.118097,N,MARCH,N,VANCOUVER,VANCOUVER,VANCOUVER,N,N,N,LOWER MAINLAND,CAMBIE ST & NELSON ST,CAMBIE ST,CAMBIE ST,12:00-14:59,1,0
N,PROPERTY DAMAGE ONLY,NELSON ST,N,2024,SATURDAY,SIDE SWIPE - SAME DIRECTION,Y,Y,49.274907,-123.115955,N,MARCH,N,VANCOUVER,VANCOUVER,VANCOUVER,N,N,N,LOWER MAINLAND,EXPO BLVD & NELSON ST,EXPO BLVD,EXPO BLVD,12:00-14:59,1,0
N,PROPERTY DAMAGE ONLY,NO 1 RD,N,2024,SATURDAY,REAR TO REAR,N,Y,49.170131,-123.181235,N,MARCH,N,RICHMOND,RICHMOND,RICHMOND,Y,Y,N,LOWER MAINLAND,NO 1 RD & WESTMINSTER HWY,WESTMINSTER HWY,WESTMINSTER HWY,12:00-14:59,1,0
N,PROPERTY DAMAGE ONLY,NO 3 RD,Y,2024,SATURDAY,SINGLE VEHICLE,N,N,\N,\N,N,MARCH,N,RICHMOND,RICHMOND,\N,N,N,N,LOWER MAINLAND,UNKNOWN,PEDESTRIAN WAY,PEDESTRIAN WAY,12:00-14:59,1,0
N,PROPERTY DAMAGE ONLY,NO 4 RD,N,2024,SATURDAY,REAR END,N,Y,49.177286,-123.114002,N,MARCH,N,RICHMOND,RICHMOND,RICHMOND,N,N,N,LOWER MAINLAND,ALDERBRIDGE WAY & NO 4 RD & TURNING LANE,ALDERBRIDGE WAY,ALDERBRIDGE WAY,12:00-14:59,1,0
N,PROPERTY DAMAGE ONLY,NO 5 RD,N,2024,SATURDAY,CONFLICTED,N,Y,49.133365,-123.092135,N,MARCH,N,RICHMOND,RICHMOND,RICHMOND,N,N,N,LOWER MAINLAND,NO 5 RD & STEVESTON HWY & TURNING LANE,STEVESTON HWY,STEVESTON HWY,12:00-14:59,1,0
N,PROPERTY DAMAGE ONLY,NORTHFIELD RD,N,2024,SATURDAY,SIDE IMPACT,Y,N,\N,\N,N,MARCH,N,NANAIMO,NANAIMO,\N,N,N,N,VANCOUVER ISLAND,UNKNOWN,ISLAND HWY S,ISLAND HWY S,12:00-14:59,1,0
N,PROPERTY DAMAGE ONLY,OAK ST,N,2024,SATURDAY,SIDE SWIPE - SAME DIRECTION,N,Y,49.237648,-123.127951,N,MARCH,N,VANCOUVER,VANCOUVER,VANCOUVER,Y,N,N,LOWER MAINLAND,OAK ST & W 37TH AVE,W 37TH AVE,W 37TH AVE,12:00-14:59,1,0
N,PROPERTY DAMAGE ONLY,OLD YALE RD,N,2024,SATURDAY,UNDETERMINED,N,Y,49.039236,-122.240405,N,MARCH,N,ABBOTSFORD,ABBOTSFORD,ABBOTSFORD,N,N,N,LOWER MAINLAND,DELAIR RD & OLD YALE RD,DELAIR RD,DELAIR RD,12:00-14:59,1,0
N,PROPERTY DAMAGE ONLY,ORONO AVE,N,2024,SATURDAY,REAR END,N,Y,48.447107,-123.504797,N,MARCH,N,LANGFORD,LANGFORD,LANGFORD,N,Y,N,VANCOUVER ISLAND,ORONO AVE & VAN ISLE WAY,VAN ISLE WAY,VAN ISLE WAY,12:00-14:59,1,0
N,PROPERTY DAMAGE ONLY,OSLER ST,N,2024,SATURDAY,UNDETERMINED,N,Y,49.249259,-123.129792,N,MARCH,N,VANCOUVER,VANCOUVER,VANCOUVER,Y,N,N,LOWER MAINLAND,OSLER ST & W KING EDWARD AVE,W KING EDWARD AVE,W KING EDWARD AVE,12:00-14:59,1,0
N,PROPERTY DAMAGE ONLY,OSPREY DR W,N,2024,SATURDAY,SIDE IMPACT,N,Y,49.059844,-122.375093,N,MARCH,N,ABBOTSFORD,ABBOTSFORD,ABBOTSFORD,N,N,N,LOWER MAINLAND,CURLEW DR & OSPREY DR W,CURLEW DR,CURLEW DR,12:00-14:59,1,0
N,PROPERTY DAMAGE ONLY,OXFORD ST,N,2024,SATURDAY,REAR END,N,Y,49.263719,-122.767413,N,MARCH,N,PORT COQUITLAM,PORT COQUITLAM,PORT COQUITLAM,N,N,N,LOWER MAINLAND,LOUGHEED HWY & OXFORD CONN & OXFORD ST & TURNING LANE,LOUGHEED HWY,LOUGHEED HWY,12:00-14:59,2,0
N,PROPERTY DAMAGE ONLY,PARK DR,N,2024,SATURDAY,REAR END,N,Y,49.217369,-123.140216,N,MARCH,N,VANCOUVER,VANCOUVER,VANCOUVER,N,N,N,LOWER MAINLAND,GRANVILLE ST & PARK DR & W 59TH AVE,GRANVILLE ST,GRANVILLE ST,12:00-14:59,1,0
N,PROPERTY DAMAGE ONLY,PATTULLO BRIDGE,N,2024,SATURDAY,SINGLE VEHICLE,N,Y,49.208922,-122.897942,N,MARCH,N,NEW WESTMINSTER,NEW WESTMINSTER,NEW WESTMINSTER,N,Y,N,LOWER MAINLAND,FRONT ST & HWY 1A & PATTULLO BRIDGE,HWY 1A,HWY 1A,12:00-14:59,1,0
N,PROPERTY DAMAGE ONLY,PENTICTON ST,N,2024,SATURDAY,CONFLICTED,N,Y,49.281162,-123.051974,N,MARCH,N,VANCOUVER,VANCOUVER,VANCOUVER,N,N,N,LOWER MAINLAND,E HASTINGS ST & PENTICTON ST,E HASTINGS ST,E HASTINGS ST,12:00-14:59,1,0
N,PROPERTY DAMAGE ONLY,PINE ST,N,2024,SATURDAY,SIDE IMPACT,N,Y,49.15628,-123.940122,N,MARCH,N,NANAIMO,NANAIMO,NANAIMO,N,N,N,VANCOUVER ISLAND,HECATE ST & PINE ST,HECATE ST,HECATE ST,12:00-14:59,1,0
N,PROPERTY DAMAGE ONLY,PORT MANN BRIDGE,N,2024,SATURDAY,SIDE IMPACT,N,Y,49.211315,-122.808608,N,MARCH,N,SURREY,SURREY,SURREY,N,N,N,LOWER MAINLAND,PORT MANN BRIDGE & PORT MANN EAST SERVICE RD & TRANS-CANADA HWY,HWY 1,HWY 1,12:00-14:59,1,0
N,PROPERTY DAMAGE ONLY,PORTEOUS,N,2024,SATURDAY,SINGLE VEHICLE,N,N,\N,\N,N,MARCH,N,KIMBERLEY,KIMBERLEY,\N,N,N,N,SOUTHERN INTERIOR,UNKNOWN,HWY 95A,HWY 95A,12:00-14:59,1,0
N,PROPERTY DAMAGE ONLY,PRESTON RD,N,2024,SATURDAY,SINGLE VEHICLE,Y,Y,49.844262,-119.692255,N,MARCH,N,WEST KELOWNA,WEST KELOWNA,WEST KELOWNA,N,N,N,SOUTHERN INTERIOR,GLENROSA RD & PRESTON RD,GLENROSA RD,GLENROSA RD,12:00-14:59,1,0
N,PROPERTY DAMAGE ONLY,PROSPECT LAKE RD,N,2024,SATURDAY,SIDE SWIPE - OPPOSITE DIRECTION,N,Y,48.473581,-123.437547,N,MARCH,N,SAANICH,SAANICH,SAANICH,N,N,N,VANCOUVER ISLAND,BURNSIDE RD W & PROSPECT LAKE RD,BURNSIDE RD W,BURNSIDE RD W,12:00-14:59,1,0
N,PROPERTY DAMAGE ONLY,QUADRA ST,N,2024,SATURDAY,UNDETERMINED,N,Y,48.4353,-123.358006,N,MARCH,N,VICTORIA,VICTORIA,VICTORIA,N,N,N,VANCOUVER ISLAND,BAY ST & QUADRA ST,BAY ST,BAY ST,12:00-14:59,1,0
N,PROPERTY DAMAGE ONLY,QUEBEC ST,N,2024,SATURDAY,SIDE SWIPE - SAME DIRECTION,N,Y,49.240528,-123.102738,N,MARCH,N,VANCOUVER,VANCOUVER,VANCOUVER,N,N,N,LOWER MAINLAND,E 33RD AVE & QUEBEC ST,E 33RD AVE,E 33RD AVE,12:00-14:59,1,0
N,PROPERTY DAMAGE ONLY,RAVEN CRT,N,2024,SATURDAY,SIDE SWIPE - SAME DIRECTION,N,Y,49.280141,-122.81836,N,MARCH,N,COQUITLAM,COQUITLAM,COQUITLAM,N,N,N,LOWER MAINLAND,FALCON DR & RAVEN CRT,FALCON DR,FALCON DR,12:00-14:59,1,0
N,PROPERTY DAMAGE ONLY,RENFREW ST,N,2024,SATURDAY,SIDE IMPACT,N,Y,49.281155,-123.044034,N,MARCH,N,VANCOUVER,VANCOUVER,VANCOUVER,N,Y,N,LOWER MAINLAND,E HASTINGS ST & RENFREW ST,E HASTINGS ST,E HASTINGS ST,12:00-14:59,1,0
N,PROPERTY DAMAGE ONLY,RIONDEL RD,N,2024,SATURDAY,SINGLE VEHICLE,N,Y,49.684681,-116.866646,N,MARCH,N,KOOTENAY BAY,KOOTENAY BAY,KOOTENAY BAY,N,N,N,SOUTHERN INTERIOR,HWY 3A & RIONDEL RD,HWY 3A,HWY 3A,12:00-14:59,1,0
N,PROPERTY DAMAGE ONLY,ROBSON ST,N,2024,SATURDAY,SINGLE VEHICLE,N,Y,49.291479,-123.135476,N,MARCH,N,VANCOUVER,VANCOUVER,VANCOUVER,N,N,N,LOWER MAINLAND,DENMAN ST & ROBSON ST,DENMAN ST,DENMAN ST,12:00-14:59,1,0
N,PROPERTY DAMAGE ONLY,ROBSON ST,N,2024,SATURDAY,SINGLE VEHICLE,Y,Y,49.281368,-123.119815,N,MARCH,N,VANCOUVER,VANCOUVER,VANCOUVER,N,N,Y,LOWER MAINLAND,GRANVILLE ST & ROBSON ST,GRANVILLE ST,GRANVILLE ST,12:00-14:59,1,0
N,PROPERTY DAMAGE ONLY,ROGERS CRES,N,2024,SATURDAY,REAR END,N,Y,49.476734,-119.562346,N,MARCH,N,PENTICTON,PENTICTON,PENTICTON,N,N,N,SOUTHERN INTERIOR,ROGERS CRES & WESTVIEW DR,WESTVIEW DR,WESTVIEW DR,12:00-14:59,1,0
N,PROPERTY DAMAGE ONLY,ROSS RD,N,2024,SATURDAY,SIDE IMPACT,N,Y,49.336199,-123.039809,N,MARCH,N,NORTH VANCOUVER,NORTH VANCOUVER,NORTH VANCOUVER,N,N,N,LOWER MAINLAND,LYNN VALLEY RD & ROSS RD,LYNN VALLEY RD,LYNN VALLEY RD,12:00-14:59,1,0
N,PROPERTY DAMAGE ONLY,ROYAL AVE,N,2024,SATURDAY,CONFLICTED,N,Y,49.203693,-122.914608,N,MARCH,N,NEW WESTMINSTER,NEW WESTMINSTER,NEW WESTMINSTER,N,N,N,LOWER MAINLAND,EIGHTH ST & ROYAL AVE,EIGHTH ST,EIGHTH ST,12:00-14:59,1,0
N,PROPERTY DAMAGE ONLY,ROYAL OAK AVE,N,2024,SATURDAY,REAR END,N,Y,49.221988,-122.988822,N,MARCH,N,BURNABY,BURNABY,BURNABY,N,N,N,LOWER MAINLAND,IMPERIAL ST & ROYAL OAK AVE & TURNING LANE,IMPERIAL ST,IMPERIAL ST,12:00-14:59,1,0
N,PROPERTY DAMAGE ONLY,RUPERT ST,N,2024,SATURDAY,REAR END,N,Y,49.258127,-123.033793,N,MARCH,N,VANCOUVER,VANCOUVER,VANCOUVER,N,N,N,LOWER MAINLAND,GRANDVIEW HWY & RUPERT ST,GRANDVIEW HWY,GRANDVIEW HWY,12:00-14:59,1,0
N,PROPERTY DAMAGE ONLY,RUPERT ST,N,2024,SATURDAY,UNDETERMINED,N,Y,49.258127,-123.033793,N,MARCH,N,VANCOUVER,VANCOUVER,VANCOUVER,N,N,N,LOWER MAINLAND,GRANDVIEW HWY & RUPERT ST,GRANDVIEW HWY,GRANDVIEW HWY,12:00-14:59,1,0
N,PROPERTY DAMAGE ONLY,SAANICH RD,N,2024,SATURDAY,SIDE IMPACT,N,Y,48.455214,-123.37208,N,MARCH,N,SAANICH,SAANICH,SAANICH,N,N,N,VANCOUVER ISLAND,BLANSHARD ST & SAANICH RD & TURNING LANE,BLANSHARD ST,BLANSHARD ST,12:00-14:59,1,0
N,PROPERTY DAMAGE ONLY,SALISBURY AVE,N,2024,SATURDAY,SIDE SWIPE - SAME DIRECTION,N,Y,49.218429,-122.957522,N,MARCH,N,BURNABY,BURNABY,BURNABY,N,N,N,LOWER MAINLAND,KINGSWAY & SALISBURY AVE,KINGSWAY,KINGSWAY,12:00-14:59,1,0
N,PROPERTY DAMAGE ONLY,SASAMAT ST,N,2024,SATURDAY,UNDETERMINED,N,Y,49.263836,-123.20912,N,MARCH,N,VANCOUVER,VANCOUVER,VANCOUVER,N,N,N,LOWER MAINLAND,SASAMAT ST & W 10TH AVE,W 10TH AVE,W 10TH AVE,12:00-14:59,1,0
N,PROPERTY DAMAGE ONLY,SCHOOL AVE,N,2024,SATURDAY,SIDE IMPACT,N,Y,49.23099,-123.032232,N,MARCH,N,VANCOUVER,VANCOUVER,VANCOUVER,N,N,N,LOWER MAINLAND,SCHOOL AVE & TYNE ST,TYNE ST,TYNE ST,12:00-14:59,1,0
N,PROPERTY DAMAGE ONLY,SCOTT RD,N,2024,SATURDAY,SINGLE VEHICLE,N,Y,49.193875,-122.888755,N,MARCH,N,SURREY,SURREY,SURREY,N,N,N,LOWER MAINLAND,104 AVE & SCOTT RD & TANNERY RD & TURNING LANE,104 AVE,104 AVE,12:00-14:59,1,0
N,PROPERTY DAMAGE ONLY,SE MARINE DR,N,2024,SATURDAY,CONFLICTED,N,Y,49.211099,-123.102224,N,MARCH,N,VANCOUVER,VANCOUVER,VANCOUVER,Y,Y,N,LOWER MAINLAND,MAIN ST & SE MARINE DR,MAIN ST,MAIN ST,12:00-14:59,1,0
N,PROPERTY DAMAGE ONLY,SECOND AVE,N,2024,SATURDAY,REAR END,N,Y,49.099734,-117.70341,N,MARCH,N,TRAIL,TRAIL,TRAIL,N,N,N,SOUTHERN INTERIOR,BAILEY ST & SECOND AVE,HWY 3B,HWY 3B,12:00-14:59,1,0
N,PROPERTY DAMAGE ONLY,SEVENTH AVE,N,2024,SATURDAY,REAR END,N,Y,49.201543,-122.946722,N,MARCH,N,NEW WESTMINSTER,NEW WESTMINSTER,NEW WESTMINSTER,N,N,N,LOWER MAINLAND,SEVENTH AVE & TWENTIETH ST,TWENTIETH ST,TWENTIETH ST,12:00-14:59,1,0
N,PROPERTY DAMAGE ONLY,SHAUGHNESSY ST,N,2024,SATURDAY,REAR END,N,Y,49.227198,-122.795647,N,MARCH,N,PORT COQUITLAM,PORT COQUITLAM,PORT COQUITLAM,N,N,N,LOWER MAINLAND,ARGUE ST & MARY HILL BYPASS & SHAUGHNESSY ST & TURNING LANE,MARY HILL BYPASS,MARY HILL BYPASS,12:00-14:59,1,0
N,PROPERTY DAMAGE ONLY,SHELBOURNE ST,N,2024,SATURDAY,SIDE IMPACT,N,Y,48.468632,-123.332734,N,MARCH,N,SAANICH,SAANICH,SAANICH,Y,Y,N,VANCOUVER ISLAND,MCKENZIE AVE & SHELBOURNE ST,MCKENZIE AVE,MCKENZIE AVE,12:00-14:59,1,0
N,PROPERTY DAMAGE ONLY,SILVERTHRONE CRES,N,2024,SATURDAY,SIDE IMPACT,N,Y,50.663824,-120.33913,N,MARCH,N,KAMLOOPS,KAMLOOPS,KAMLOOPS,N,N,N,SOUTHERN INTERIOR,ARROWSTONE DR & SILVERTHRONE CRES,ARROWSTONE DR,ARROWSTONE DR,12:00-14:59,1,0
N,PROPERTY DAMAGE ONLY,SIXTH AVE,N,2024,SATURDAY,UNDETERMINED,N,Y,49.218695,-122.910037,N,MARCH,N,NEW WESTMINSTER,NEW WESTMINSTER,NEW WESTMINSTER,Y,N,N,LOWER MAINLAND,PARK CRES & SIXTH AVE,PARK CRES,PARK CRES,12:00-14:59,1,0
N,PROPERTY DAMAGE ONLY,SIXTH ST,N,2024,SATURDAY,REAR END,N,Y,49.205702,-122.91092,N,MARCH,N,NEW WESTMINSTER,NEW WESTMINSTER,NEW WESTMINSTER,N,N,N,LOWER MAINLAND,ROYAL AVE & SIXTH ST,ROYAL AVE,ROYAL AVE,12:00-14:59,1,0
N,PROPERTY DAMAGE ONLY,SMITHE ST,N,2024,SATURDAY,REAR TO REAR,N,Y,49.282225,-123.124422,N,MARCH,N,VANCOUVER,VANCOUVER,VANCOUVER,N,N,N,LOWER MAINLAND,BURRARD ST & SMITHE ST,BURRARD ST,BURRARD ST,12:00-14:59,1,0
N,PROPERTY DAMAGE ONLY,SON RANCH RD,N,2024,SATURDAY,SINGLE VEHICLE,N,Y,49.094067,-118.531352,N,MARCH,N,GRAND FORKS,GRAND FORKS,GRAND FORKS,N,N,N,SOUTHERN INTERIOR,HWY 3 & SON RANCH RD,HWY 3,HWY 3,12:00-14:59,1,0
N,PROPERTY DAMAGE ONLY,SPERLING AVE,N,2024,SATURDAY,REAR END,N,Y,49.239854,-122.964739,N,MARCH,N,BURNABY,BURNABY,BURNABY,N,N,N,LOWER MAINLAND,CANADA WAY & SPERLING AVE & TURNING LANE,CANADA WAY,CANADA WAY,12:00-14:59,1,0
N,PROPERTY DAMAGE ONLY,STONE RESERVE RD,N,2024,SATURDAY,UNDETERMINED,N,N,\N,\N,N,MARCH,N,NEMAIAH VALLEY,NEMAIAH VALLEY,\N,N,N,N,NORTH CENTRAL,UNKNOWN,TASEKO LAKE RD,TASEKO LAKE RD,12:00-14:59,1,0
N,PROPERTY DAMAGE ONLY,STUART RD,N,2024,SATURDAY,SIDE IMPACT,N,N,\N,\N,N,MARCH,N,NANAIMO,NANAIMO,\N,N,N,N,VANCOUVER ISLAND,UNKNOWN,CYPRESS ST,CYPRESS ST,12:00-14:59,1,0
N,PROPERTY DAMAGE ONLY,SW MARINE DR,N,2024,SATURDAY,REAR END,N,Y,49.210132,-123.117149,N,MARCH,N,VANCOUVER,VANCOUVER,VANCOUVER,N,N,N,LOWER MAINLAND,CAMBIE ST & NUNAVUT LANE & SW MARINE DR & TURNING LANE,CAMBIE ST,CAMBIE ST,12:00-14:59,1,0
N,PROPERTY DAMAGE ONLY,TAPPEN BEACH RD,N,2024,SATURDAY,REAR END,N,Y,50.767105,-119.337813,N,MARCH,N,TAPPEN,TAPPEN,TAPPEN,N,N,N,SOUTHERN INTERIOR,TAPPEN BEACH RD & TRANS-CANADA HWY,TRANS-CANADA HWY,TRANS-CANADA HWY,12:00-14:59,1,0
N,PROPERTY DAMAGE ONLY,TAYLOR WAY,N,2024,SATURDAY,REAR END,N,Y,49.32717,-123.134922,N,MARCH,N,WEST VANCOUVER,WEST VANCOUVER,WEST VANCOUVER,N,N,N,LOWER MAINLAND,MARINE DR & TAYLOR WAY & TURNING LANE,MARINE DR,MARINE DR,12:00-14:59,1,0
N,PROPERTY DAMAGE ONLY,TAYLOR WAY,N,2024,SATURDAY,SINGLE VEHICLE,N,Y,49.325801,-123.134894,N,MARCH,N,WEST VANCOUVER,WEST VANCOUVER,WEST VANCOUVER,N,N,N,LOWER MAINLAND,PARK ROYAL SOUTH & TAYLOR WAY,PARK ROYAL SOUTH,PARK ROYAL SOUTH,12:00-14:59,1,0
N,PROPERTY DAMAGE ONLY,TENTH AVE,N,2024,SATURDAY,REAR END,N,Y,49.218965,-122.92762,N,MARCH,N,BURNABY,BURNABY,BURNABY & NEW WESTMINSTER,N,N,N,LOWER MAINLAND,10TH AVE & 6TH ST & SIXTH ST & TENTH AVE,SIXTH ST,SIXTH ST,12:00-14:59,1,0
N,PROPERTY DAMAGE ONLY,TILLICUM RD,N,2024,SATURDAY,REAR END,N,Y,48.454222,-123.393141,N,MARCH,N,SAANICH,SAANICH,SAANICH,Y,N,N,VANCOUVER ISLAND,BURNSIDE RD W & TILLICUM RD & TURNING LANE,BURNSIDE RD W,BURNSIDE RD W,12:00-14:59,1,0
N,PROPERTY DAMAGE ONLY,TOLMIE,N,2024,SATURDAY,REAR END,N,N,\N,\N,N,MARCH,N,VICTORIA,VICTORIA,\N,N,N,N,VANCOUVER ISLAND,UNKNOWN,BLANSHARD ST,BLANSHARD ST,12:00-14:59,1,0
N,PROPERTY DAMAGE ONLY,TRANS-CANADA HWY,N,2024,SATURDAY,SIDE IMPACT,N,Y,48.776846,-123.698837,N,MARCH,N,DUNCAN,DUNCAN,DUNCAN,N,Y,N,VANCOUVER ISLAND,TRANS-CANADA HWY & TRUNK RD,TRUNK RD,TRUNK RD,12:00-14:59,1,0
N,PROPERTY DAMAGE ONLY,TRIMBLE ST,N,2024,SATURDAY,SIDE IMPACT,N,Y,49.26379,-123.20609,N,MARCH,N,VANCOUVER,VANCOUVER,VANCOUVER,N,N,N,LOWER MAINLAND,TRIMBLE ST & W 10TH AVE,W 10TH AVE,W 10TH AVE,12:00-14:59,1,0
N,PROPERTY DAMAGE ONLY,TRUNK RD,N,2024,SATURDAY,CONFLICTED,N,Y,48.776846,-123.698837,N,MARCH,N,DUNCAN,DUNCAN,DUNCAN,N,N,N,VANCOUVER ISLAND,TRANS-CANADA HWY & TRUNK RD,TRANS-CANADA HWY,TRANS-CANADA HWY,12:00-14:59,1,0
N,PROPERTY DAMAGE ONLY,UNITED BLVD,N,2024,SATURDAY,CONFLICTED,N,Y,49.219251,-122.812916,N,MARCH,N,COQUITLAM,COQUITLAM,COQUITLAM,N,N,N,LOWER MAINLAND,COLEMAN AVE & COLEMAN AVE ONRP & FAWCETT RD & HWY 7 OFRP & HWY 7B OFRP & LEEDER ST & LOUGHEED HWY & LOUGHEED HWY ONRP & MARY HILL BYPASS & MARY HILL BYPASS ONRP & TRANS-CANADA HWY & TRANS-CANADA HWY OFRP & TRANS-CANADA HWY ONRP & UNITED BLVD & UNITED BLV,LOUGHEED HWY,LOUGHEED HWY,12:00-14:59,1,0
N,PROPERTY DAMAGE ONLY,UNIVERSITY DR,N,2024,SATURDAY,SIDE SWIPE - SAME DIRECTION,N,Y,49.186094,-122.851808,N,MARCH,N,SURREY,SURREY,SURREY,Y,N,N,LOWER MAINLAND,OLD YALE RD & UNIVERSITY DR,OLD YALE RD,OLD YALE RD,12:00-14:59,1,0
N,PROPERTY DAMAGE ONLY,UNKNOWN,N,2024,SATURDAY,REAR END,N,N,\N,\N,N,MARCH,N,AGASSIZ,AGASSIZ,\N,N,N,N,LOWER MAINLAND,UNKNOWN,HWY 7,HWY 7,12:00-14:59,1,0
N,PROPERTY DAMAGE ONLY,UNKNOWN,N,2024,SATURDAY,SIDE SWIPE - OPPOSITE DIRECTION,N,N,\N,\N,N,MARCH,N,VICTORIA,VICTORIA,\N,Y,Y,N,VANCOUVER ISLAND,UNKNOWN,ROYAL OAK DR,ROYAL OAK DR,12:00-14:59,1,0
N,PROPERTY DAMAGE ONLY,UPLANDS DR,N,2024,SATURDAY,SIDE SWIPE - SAME DIRECTION,N,Y,49.218744,-124.022916,N,MARCH,N,NANAIMO,NANAIMO,NANAIMO,N,N,N,VANCOUVER ISLAND,RUTHERFORD RD & UPLANDS DR,RUTHERFORD RD,RUTHERFORD RD,12:00-14:59,1,0
N,PROPERTY DAMAGE ONLY,VAUGHAN ST,N,2024,SATURDAY,SIDE IMPACT,N,Y,52.977681,-122.492181,N,MARCH,N,QUESNEL,QUESNEL,QUESNEL,Y,Y,N,NORTH CENTRAL,BARLOW AVE & VAUGHAN ST,BARLOW AVE,BARLOW AVE,12:00-14:59,1,0
N,PROPERTY DAMAGE ONLY,VEDDER RD,N,2024,SATURDAY,SIDE IMPACT,N,Y,49.140842,-121.959972,N,MARCH,N,CHILLIWACK,CHILLIWACK,CHILLIWACK,N,Y,N,LOWER MAINLAND,LUCKAKUCK WAY & VEDDER RD & TURNING LANE,LUCKAKUCK WAY,LUCKAKUCK WAY,12:00-14:59,1,0
N,PROPERTY DAMAGE ONLY,VICTORIA DR,N,2024,SATURDAY,SINGLE VEHICLE,N,Y,49.232747,-123.065518,N,MARCH,N,VANCOUVER,VANCOUVER,VANCOUVER,N,Y,N,LOWER MAINLAND,E 41ST AVE & VICTORIA DR,E 41ST AVE,E 41ST AVE,12:00-14:59,1,0
N,PROPERTY DAMAGE ONLY,VINE ST,N,2024,SATURDAY,SIDE SWIPE - OPPOSITE DIRECTION,N,Y,49.268186,-123.157502,N,MARCH,N,VANCOUVER,VANCOUVER,VANCOUVER,Y,Y,N,LOWER MAINLAND,VINE ST & W 4TH AVE,W 4TH AVE,W 4TH AVE,12:00-14:59,1,0
N,PROPERTY DAMAGE ONLY,VYE RD,N,2024,SATURDAY,SIDE IMPACT,N,Y,49.016943,-122.271836,N,MARCH,N,ABBOTSFORD,ABBOTSFORD,ABBOTSFORD,N,N,N,LOWER MAINLAND,RIVERSIDE RD & VYE RD,RIVERSIDE RD,RIVERSIDE RD,12:00-14:59,1,0
N,PROPERTY DAMAGE ONLY,W 10TH AVE,N,2024,SATURDAY,REAR TO REAR,N,Y,49.262638,-123.138541,N,MARCH,N,VANCOUVER,VANCOUVER,VANCOUVER,N,Y,N,LOWER MAINLAND,GRANVILLE ST & W 10TH AVE,GRANVILLE ST,GRANVILLE ST,12:00-14:59,1,0
N,PROPERTY DAMAGE ONLY,W 10TH AVE,N,2024,SATURDAY,SIDE SWIPE - SAME DIRECTION,N,Y,49.26333,-123.17593,N,MARCH,N,VANCOUVER,VANCOUVER,VANCOUVER,Y,N,N,LOWER MAINLAND,W 10TH AVE & SXWMEOKWEYEMASEM ST,TRUTCH ST,TRUTCH ST,12:00-14:59,1,0
N,PROPERTY DAMAGE ONLY,W 11TH AVE,N,2024,SATURDAY,REAR END,N,Y,49.261827,-123.145828,N,MARCH,N,VANCOUVER,VANCOUVER,VANCOUVER,N,N,N,LOWER MAINLAND,BURRARD ST & W 11TH AVE,BURRARD ST,BURRARD ST,12:00-14:59,1,0
N,PROPERTY DAMAGE ONLY,W 11TH AVE,N,2024,SATURDAY,SIDE IMPACT,N,Y,49.262337,-123.172119,N,MARCH,N,VANCOUVER,VANCOUVER,VANCOUVER,N,N,N,LOWER MAINLAND,CARNARVON ST & W 11TH AVE,CARNARVON ST,CARNARVON ST,12:00-14:59,1,0
N,PROPERTY DAMAGE ONLY,W 15TH AVE,N,2024,SATURDAY,REAR END,N,Y,49.258663,-123.168313,N,MARCH,N,VANCOUVER,VANCOUVER,VANCOUVER,N,N,N,LOWER MAINLAND,MACDONALD ST & W 15TH AVE,MACDONALD ST,MACDONALD ST,12:00-14:59,1,0
N,PROPERTY DAMAGE ONLY,W 16TH AVE,N,2024,SATURDAY,SIDE SWIPE - SAME DIRECTION,N,Y,49.257288,-123.152709,N,MARCH,N,VANCOUVER,VANCOUVER,VANCOUVER,N,N,N,LOWER MAINLAND,ARBUTUS GREENWAY & ARBUTUS ST & EAST BOULEVARD & W 16TH AVE,ARBUTUS ST,ARBUTUS ST,12:00-14:59,1,0
N,PROPERTY DAMAGE ONLY,W 18TH AVE,N,2024,SATURDAY,SIDE IMPACT,N,Y,49.254903,-123.11516,N,MARCH,N,VANCOUVER,VANCOUVER,VANCOUVER,N,N,N,LOWER MAINLAND,CAMBIE ST & W 18TH AVE,CAMBIE ST,CAMBIE ST,12:00-14:59,1,0
N,PROPERTY DAMAGE ONLY,W 33RD AVE,N,2024,SATURDAY,REAR END,N,Y,49.241437,-123.127824,N,MARCH,N,VANCOUVER,VANCOUVER,VANCOUVER,N,N,N,LOWER MAINLAND,OAK ST & W 33RD AVE,OAK ST,OAK ST,12:00-14:59,1,0
N,PROPERTY DAMAGE ONLY,W 41ST AVE,N,2024,SATURDAY,SIDE SWIPE - SAME DIRECTION,N,Y,49.234343,-123.139623,N,MARCH,N,VANCOUVER,VANCOUVER,VANCOUVER,N,N,N,LOWER MAINLAND,GRANVILLE ST & W 41ST AVE,GRANVILLE ST,GRANVILLE ST,12:00-14:59,2,0
N,PROPERTY DAMAGE ONLY,W 71ST AVE,N,2024,SATURDAY,REAR END,N,Y,49.207069,-123.140585,N,MARCH,N,VANCOUVER,VANCOUVER,VANCOUVER,N,N,N,LOWER MAINLAND,GRANVILLE ST & W 71ST AVE,GRANVILLE ST,GRANVILLE ST,12:00-14:59,1,0
N,PROPERTY DAMAGE ONLY,W 8TH AVE,N,2024,SATURDAY,UNDETERMINED,N,Y,49.26405,-123.114821,N,MARCH,N,VANCOUVER,VANCOUVER,VANCOUVER,Y,Y,N,LOWER MAINLAND,CAMBIE ST & W 8TH AVE,CAMBIE ST,CAMBIE ST,12:00-14:59,1,0
N,PROPERTY DAMAGE ONLY,W BROADWAY,N,2024,SATURDAY,REAR END,N,Y,49.26325,-123.11752,N,MARCH,N,VANCOUVER,VANCOUVER,VANCOUVER,Y,N,N,LOWER MAINLAND,ASH ST & W BROADWAY,ASH ST,ASH ST,12:00-14:59,1,0
N,PROPERTY DAMAGE ONLY,WALLACE ST,Y,2024,SATURDAY,SINGLE VEHICLE,N,Y,49.268667,-123.190655,N,MARCH,N,VANCOUVER,VANCOUVER,VANCOUVER,N,N,N,LOWER MAINLAND,W 4TH AVE & WALLACE ST,W 4TH AVE,W 4TH AVE,12:00-14:59,1,0
N,PROPERTY DAMAGE ONLY,WESTERN PKY,N,2024,SATURDAY,UNDETERMINED,N,Y,49.265556,-123.243208,N,MARCH,N,UBC,UBC,UBC,Y,N,N,LOWER MAINLAND,DALHOUSIE RD & WESTERN PKY,DALHOUSIE RD,DALHOUSIE RD,12:00-14:59,1,0
N,PROPERTY DAMAGE ONLY,WESTWOOD DR,N,2024,SATURDAY,SIDE IMPACT,N,Y,53.899561,-122.782221,N,MARCH,N,PRINCE GEORGE,PRINCE GEORGE,PRINCE GEORGE,N,N,N,NORTH CENTRAL,MASSEY DR & WESTWOOD DR & TURNING LANE,MASSEY DR,MASSEY DR,12:00-14:59,1,0
N,PROPERTY DAMAGE ONLY,WESTWOOD DR,N,2024,SATURDAY,SINGLE VEHICLE,N,Y,53.899561,-122.782221,N,MARCH,N,PRINCE GEORGE,PRINCE GEORGE,PRINCE GEORGE,N,N,N,NORTH CENTRAL,MASSEY DR & WESTWOOD DR & TURNING LANE,MASSEY DR,MASSEY DR,12:00-14:59,1,0
N,PROPERTY DAMAGE ONLY,WILLINGDON AVE,N,2024,SATURDAY,CONFLICTED,N,Y,49.230223,-123.004835,N,MARCH,N,BURNABY,BURNABY,BURNABY,N,N,N,LOWER MAINLAND,KINGSWAY & WILLINGDON AVE & TURNING LANE,KINGSWAY,KINGSWAY,12:00-14:59,1,0
N,PROPERTY DAMAGE ONLY,WOOLRIDGE ST,N,2024,SATURDAY,SIDE SWIPE - SAME DIRECTION,Y,Y,49.234628,-122.868677,N,MARCH,N,COQUITLAM,COQUITLAM,COQUITLAM,N,Y,N,LOWER MAINLAND,TUPPER AVE & WOOLRIDGE ST,TUPPER AVE,TUPPER AVE,12:00-14:59,1,0
N,PROPERTY DAMAGE ONLY,YOUNG RD,N,2024,SATURDAY,SIDE IMPACT,N,Y,49.161818,-121.952539,N,MARCH,N,CHILLIWACK,CHILLIWACK,CHILLIWACK,N,N,N,LOWER MAINLAND,CHILLIWACK CENTRAL RD & ROWAT AVE & YOUNG RD & TURNING LANE,CHILLIWACK CENTRAL RD,CHILLIWACK CENTRAL RD,12:00-14:59,1,0
Y,PROPERTY DAMAGE ONLY,\N,N,2024,SATURDAY,SINGLE VEHICLE,N,N,\N,\N,N,MARCH,N,ERIE,ERIE,\N,N,N,N,SOUTHERN INTERIOR,UNKNOWN,HWY 3,HWY 3,12:00-14:59,1,0
Y,PROPERTY DAMAGE ONLY,\N,N,2024,SATURDAY,SINGLE VEHICLE,N,N,\N,\N,N,MARCH,N,PRINCE GEORGE,PRINCE GEORGE,\N,N,N,N,NORTH CENTRAL,UNKNOWN,HWY 97,HWY 97,12:00-14:59,1,0
Y,PROPERTY DAMAGE ONLY,\N,N,2024,SATURDAY,SINGLE VEHICLE,N,N,\N,\N,N,MARCH,N,SMITHERS,SMITHERS,\N,N,N,N,NORTH CENTRAL,UNKNOWN,HWY 16 E,HWY 16 E,12:00-14:59,1,0
Y,PROPERTY DAMAGE ONLY,HWY 97,N,2024,SATURDAY,SINGLE VEHICLE,N,N,\N,\N,N,MARCH,N,CARIBOO RIVER,CARIBOO RIVER,\N,N,N,N,NORTH CENTRAL,UNKNOWN,83 MILE ROAD,83 MILE ROAD,12:00-14:59,1,0
Y,PROPERTY DAMAGE ONLY,WESTSHORE RD,N,2024,SATURDAY,SINGLE VEHICLE,N,N,\N,\N,N,MARCH,N,LAKE COUNTRY,LAKE COUNTRY,\N,N,N,N,SOUTHERN INTERIOR,UNKNOWN,WESTSIDE RD,WESTSIDE RD,12:00-14:59,1,0
