ANIMAL_FLAG,CRASH_SEVERITY,CROSS_STREET_FULL_NAME,CYCLIST_FLAG,DATE_OF_LOSS_YEAR,DAY_OF_WEEK,DERIVED_CRASH_CONFIGURATION,HEAVY_VEH_FLAG,INTERSECTION_CRASH,LATITUDE,LONGITUDE,MID_BLOCK_CRASH,MONTH_OF_YEAR,MOTORCYCLE_FLAG,Municipality Name (ifnull),MUNICIPALITY_NAME,MUNICIPALITY_WITH_BOUNDARY,PARKED_VEHICLE_FLAG,PARKING_LOT_FLAG,PEDESTRIAN_FLAG,REGION,ROAD_LOCATION_DESCRIPTION,Street Full Name (ifnull),STREET_FULL_NAME,TIME_CATEGORY,TOTAL_CRASHES,TOTAL_VICTIMS
N,CASUALTY CRASH,\N,N,2024,THURSDAY,CONFLICTED,N,N,\N,\N,N,FEBRUARY,N,DELTA,DELTA,\N,N,N,N,LOWER MAINLAND,UNKNOWN,HWY 17A,HWY 17A,12:00-14:59,1,1
N,CASUALTY CRASH,\N,N,2024,THURSDAY,CONFLICTED,N,N,49.091236,-122.462012,Y,FEBRUARY,N,LANGLEY,LANGLEY,LANGLEY,Y,Y,N,LOWER MAINLAND,275 ST # 004810 TO 004945,275 ST,275 ST,12:00-14:59,1,1
N,CASUALTY CRASH,\N,N,2024,THURSDAY,REAR END,N,N,\N,\N,N,FEBRUARY,N,CAMPBELL RIVER,CAMPBELL RIVER,\N,N,N,N,VANCOUVER ISLAND,UNKNOWN,HWY 19,HWY 19,12:00-14:59,1,1
N,CASUALTY CRASH,\N,N,2024,THURSDAY,REAR END,N,N,\N,\N,N,FEBRUARY,N,CHILLIWACK,CHILLIWACK,\N,N,N,N,LOWER MAINLAND,UNKNOWN,YALE RD,YALE RD,12:00-14:59,1,1
N,CASUALTY CRASH,\N,N,2024,THURSDAY,REAR END,N,N,\N,\N,N,FEBRUARY,N,RICHMOND,RICHMOND,\N,N,N,N,LOWER MAINLAND,UNKNOWN,HWY 91,HWY 91,12:00-14:59,1,1
N,CASUALTY CRASH,\N,N,2024,THURSDAY,REAR END,N,N,49.174303,-122.845932,Y,FEBRUARY,N,SURREY,SURREY,SURREY,N,Y,N,LOWER MAINLAND,KING GEORGE BLVD # 009413 TO 009459 odd,KING GEORGE BLVD,KING GEORGE BLVD,12:00-14:59,1,1
N,CASUALTY CRASH,\N,N,2024,THURSDAY,REAR END,N,N,49.191519,-122.788965,Y,FEBRUARY,N,SURREY,SURREY,SURREY,N,Y,N,LOWER MAINLAND,104 AVE # 015600 TO 015654 even,104 AVE,104 AVE,12:00-14:59,1,1
N,CASUALTY CRASH,\N,N,2024,THURSDAY,REAR END,N,N,49.280976,-122.92366,Y,FEBRUARY,N,BURNABY,BURNABY,BURNABY,N,Y,N,LOWER MAINLAND,UNIVERSITY DR # 008700 TO 008888 even,UNIVERSITY DR W,UNIVERSITY DR W,12:00-14:59,1,2
N,CASUALTY CRASH,\N,N,2024,THURSDAY,REAR END,N,N,50.700267,-119.291971,Y,FEBRUARY,N,SALMON ARM,SALMON ARM,SALMON ARM,N,N,N,SOUTHERN INTERIOR,BEATTY AVE NW # 000450 TO 000610,BEATTY AVE NW,BEATTY AVE NW,12:00-14:59,1,1
N,CASUALTY CRASH,\N,N,2024,THURSDAY,SIDE IMPACT,N,N,\N,\N,N,FEBRUARY,N,COQUITLAM,COQUITLAM,\N,N,N,N,LOWER MAINLAND,UNKNOWN,HWY 1,HWY 1,12:00-14:59,1,1
N,CASUALTY CRASH,\N,N,2024,THURSDAY,SIDE IMPACT,N,N,49.060488,-122.466691,Y,FEBRUARY,N,LANGLEY,LANGLEY,LANGLEY,N,Y,N,LOWER MAINLAND,32 AVE # 027320 TO 027359,32 AVE,32 AVE,12:00-14:59,1,2
N,CASUALTY CRASH,\N,N,2024,THURSDAY,SIDE IMPACT,N,N,49.216862,-122.592962,Y,FEBRUARY,N,MAPLE RIDGE,MAPLE RIDGE,MAPLE RIDGE,N,N,N,LOWER MAINLAND,LOUGHEED HWY # 022700 TO 022757,LOUGHEED HWY,LOUGHEED HWY,12:00-14:59,1,1
N,CASUALTY CRASH,\N,N,2024,THURSDAY,SIDE IMPACT,N,N,50.676667,-120.335567,Y,FEBRUARY,N,KAMLOOPS,KAMLOOPS,KAMLOOPS,N,Y,N,SOUTHERN INTERIOR,LANSDOWNE ST # 000200 TO 000299,LANSDOWNE ST,LANSDOWNE ST,12:00-14:59,1,1
N,CASUALTY CRASH,\N,N,2024,THURSDAY,SIDE SWIPE - OPPOSITE DIRECTION,N,N,\N,\N,N,FEBRUARY,N,LANGFORD,LANGFORD,\N,N,N,N,VANCOUVER ISLAND,UNKNOWN,BEAR MOUNTAIN PKY,BEAR MOUNTAIN PKY,12:00-14:59,1,1
N,CASUALTY CRASH,\N,N,2024,THURSDAY,SIDE SWIPE - SAME DIRECTION,N,N,49.172405,-122.085866,Y,FEBRUARY,N,DEROCHE,DEROCHE,DEROCHE,N,N,N,LOWER MAINLAND,LOUGHEED HWY # 041147 TO 041169,LOUGHEED HWY,LOUGHEED HWY,12:00-14:59,1,1
N,CASUALTY CRASH,\N,N,2024,THURSDAY,SIDE SWIPE - SAME DIRECTION,Y,N,\N,\N,N,FEBRUARY,N,SURREY,SURREY,\N,N,N,N,LOWER MAINLAND,UNKNOWN,HWY 1,HWY 1,12:00-14:59,1,1
N,CASUALTY CRASH,\N,N,2024,THURSDAY,SINGLE VEHICLE,N,N,\N,\N,N,FEBRUARY,N,GRAY CREEK,GRAY CREEK,\N,N,N,N,SOUTHERN INTERIOR,UNKNOWN,HWY 3A,HWY 3A,12:00-14:59,1,1
N,CASUALTY CRASH,\N,N,2024,THURSDAY,SINGLE VEHICLE,N,N,49.023309,-122.765961,Y,FEBRUARY,N,SURREY,SURREY,SURREY,N,Y,N,LOWER MAINLAND,KING GEORGE BLVD # 001070 TO 001259,KING GEORGE BLVD,KING GEORGE BLVD,12:00-14:59,1,1
N,CASUALTY CRASH,\N,N,2024,THURSDAY,SINGLE VEHICLE,N,N,49.053342,-122.322832,Y,FEBRUARY,N,ABBOTSFORD,ABBOTSFORD,ABBOTSFORD,N,Y,Y,LOWER MAINLAND,SIMON AVE # 032500 TO 032569,SIMON AVE,SIMON AVE,12:00-14:59,1,1
N,CASUALTY CRASH,\N,N,2024,THURSDAY,SINGLE VEHICLE,N,N,49.056748,-122.801205,Y,FEBRUARY,N,SURREY,SURREY,SURREY,N,Y,N,LOWER MAINLAND,152 ST # 003001 TO 003049 odd,152 ST,152 ST,12:00-14:59,1,1
N,CASUALTY CRASH,\N,N,2024,THURSDAY,SINGLE VEHICLE,N,N,50.014457,-125.234786,Y,FEBRUARY,N,CAMPBELL RIVER,CAMPBELL RIVER,CAMPBELL RIVER,N,Y,Y,VANCOUVER ISLAND,ISLAND HWY # 000300 TO 000499,ISLAND HWY,ISLAND HWY,12:00-14:59,1,1
N,CASUALTY CRASH,\N,N,2024,THURSDAY,SINGLE VEHICLE,N,N,50.243922,-118.651118,Y,FEBRUARY,N,CHERRYVILLE,CHERRYVILLE,CHERRYVILLE,N,N,N,SOUTHERN INTERIOR,HWY 6 # 001100 TO 001149,HWY 6,HWY 6,12:00-14:59,1,1
N,CASUALTY CRASH,\N,N,2024,THURSDAY,UNDETERMINED,N,N,49.473728,-123.74778,Y,FEBRUARY,N,SECHELT,SECHELT,SECHELT,N,Y,N,LOWER MAINLAND,SUNSHINE COAST HWY # 005490 TO 005540 even,SUNSHINE COAST HWY,SUNSHINE COAST HWY,12:00-14:59,1,1
N,CASUALTY CRASH,\N,N,2024,THURSDAY,UNDETERMINED,N,N,51.594737,-121.190502,Y,FEBRUARY,N,100 MILE HOUSE,100 MILE HOUSE,100 MILE HOUSE,N,Y,N,NORTH CENTRAL,HORSE LAKE RD # 006040 TO 006079,HORSE LAKE RD,HORSE LAKE RD,12:00-14:59,1,1
N,CASUALTY CRASH,\N,Y,2024,THURSDAY,SINGLE VEHICLE,N,N,\N,\N,N,FEBRUARY,N,SAANICH,SAANICH,\N,N,N,N,VANCOUVER ISLAND,UNKNOWN,ARDERSIER RD,ARDERSIER RD,12:00-14:59,1,1
N,CASUALTY CRASH,102A AVE,N,2024,THURSDAY,HEAD ON,N,Y,49.188873,-122.809253,N,FEBRUARY,N,SURREY,SURREY,SURREY,N,N,N,LOWER MAINLAND,102A AVE & 149 ST,149 ST,149 ST,12:00-14:59,1,2
N,CASUALTY CRASH,104 AVE,N,2024,THURSDAY,UNDETERMINED,Y,Y,49.191466,-122.738252,N,FEBRUARY,N,SURREY,SURREY,SURREY,N,N,N,LOWER MAINLAND,104 AVE & 104 AVE ONRAMP & HWY 17 & TURNING LANE,HWY 17,HWY 17,12:00-14:59,1,1
N,CASUALTY CRASH,116A AVE,N,2024,THURSDAY,REAR END,Y,Y,49.214444,-122.86183,N,FEBRUARY,N,SURREY,SURREY,SURREY,N,N,N,LOWER MAINLAND,116A AVE & 130 ST,130 ST,130 ST,12:00-14:59,1,2
N,CASUALTY CRASH,124 ST,N,2024,THURSDAY,REAR END,Y,Y,49.202883,-122.878302,N,FEBRUARY,N,SURREY,SURREY,SURREY,N,N,N,LOWER MAINLAND,110 AVE & 124 ST & SCOTT RD & TURNING LANE,SCOTT RD,SCOTT RD,12:00-14:59,1,1
N,CASUALTY CRASH,128 ST,N,2024,THURSDAY,REAR END,N,Y,49.162584,-122.868025,N,FEBRUARY,N,SURREY,SURREY,SURREY,N,N,N,LOWER MAINLAND,128 ST & 88 AVE,88 AVE,88 AVE,12:00-14:59,1,1
N,CASUALTY CRASH,154 ST,N,2024,THURSDAY,CONFLICTED,N,Y,49.163719,-122.795222,N,FEBRUARY,N,SURREY,SURREY,SURREY,N,N,N,LOWER MAINLAND,154 ST & FRASER HWY & TURNING LANE,FRASER HWY,FRASER HWY,12:00-14:59,1,2
N,CASUALTY CRASH,154 ST,N,2024,THURSDAY,SIDE IMPACT,N,Y,49.033826,-122.795704,N,FEBRUARY,N,SURREY,SURREY,SURREY,Y,N,N,LOWER MAINLAND,154 ST & 17A AVE,17A AVE,17A AVE,12:00-14:59,1,1
N,CASUALTY CRASH,176 ST,N,2024,THURSDAY,CONFLICTED,N,Y,49.118761,-122.734941,N,FEBRUARY,N,SURREY,SURREY,SURREY,N,Y,N,LOWER MAINLAND,176 ST & 64 AVE,64 AVE,64 AVE,12:00-14:59,1,2
N,CASUALTY CRASH,184 ST,N,2024,THURSDAY,REAR END,N,Y,49.133311,-122.712509,N,FEBRUARY,N,SURREY,SURREY,SURREY,N,N,N,LOWER MAINLAND,184 ST & 72 AVE,72 AVE,72 AVE,12:00-14:59,1,1
N,CASUALTY CRASH,216 ST,N,2024,THURSDAY,SIDE IMPACT,N,Y,49.235089,-122.622504,N,FEBRUARY,N,MAPLE RIDGE,MAPLE RIDGE,MAPLE RIDGE,N,N,N,LOWER MAINLAND,128 AVE & 216 ST,128 AVE,128 AVE,12:00-14:59,1,2
N,CASUALTY CRASH,264 ST,N,2024,THURSDAY,REAR END,Y,Y,49.101569,-122.492803,N,FEBRUARY,N,LANGLEY,LANGLEY,LANGLEY,N,N,N,LOWER MAINLAND,264 ST & 264 ST OFFRAMP & 264 ST ONRAMP & 56 AVE & 56 AVE OFFRAMP & 56 AVE ONRAMP & TRANS-CANADA HWY & TURNING LANE,HWY 1,HWY 1,12:00-14:59,1,1
N,CASUALTY CRASH,30 AVE,N,2024,THURSDAY,SINGLE VEHICLE,N,Y,50.263779,-119.272237,N,FEBRUARY,N,VERNON,VERNON,VERNON,N,N,Y,SOUTHERN INTERIOR,30 AVE & 31 ST,31 ST,31 ST,12:00-14:59,1,1
N,CASUALTY CRASH,52 AVE,N,2024,THURSDAY,REAR END,N,Y,49.096577,-122.492834,N,FEBRUARY,N,LANGLEY,LANGLEY,LANGLEY,N,N,N,LOWER MAINLAND,264 ST & 52 AVE,264 ST,264 ST,12:00-14:59,1,1
N,CASUALTY CRASH,64 AVE,N,2024,THURSDAY,SIDE SWIPE - SAME DIRECTION,N,Y,49.11933,-122.890416,N,FEBRUARY,N,DELTA,DELTA,DELTA & SURREY,N,N,N,LOWER MAINLAND,120 ST & 64 AVE,SCOTT RD,SCOTT RD,12:00-14:59,1,1
N,CASUALTY CRASH,66 AVE,N,2024,THURSDAY,SIDE IMPACT,N,Y,49.122847,-122.867791,N,FEBRUARY,N,SURREY,SURREY,SURREY,N,N,N,LOWER MAINLAND,128 ST & 66 AVE,128 ST,128 ST,12:00-14:59,1,2
N,CASUALTY CRASH,68 AVE,N,2024,THURSDAY,SIDE IMPACT,N,Y,49.126305,-122.851094,N,FEBRUARY,N,SURREY,SURREY,SURREY,N,N,N,LOWER MAINLAND,134 ST & 68 AVE,134 ST,134 ST,12:00-14:59,1,2
N,CASUALTY CRASH,72 AVE,N,2024,THURSDAY,REAR END,N,Y,49.133605,-122.834459,N,FEBRUARY,N,SURREY,SURREY,SURREY,N,N,N,LOWER MAINLAND,140 ST & 72 AVE,140 ST,140 ST,12:00-14:59,1,2
N,CASUALTY CRASH,83 AVE,N,2024,THURSDAY,SINGLE VEHICLE,N,Y,49.153624,-122.798395,N,FEBRUARY,N,SURREY,SURREY,SURREY,N,N,N,LOWER MAINLAND,153 ST & 83 AVE,153 ST,153 ST,12:00-14:59,1,2
N,CASUALTY CRASH,88 AVE,N,2024,THURSDAY,CONFLICTED,N,Y,49.163052,-122.79362,N,FEBRUARY,N,SURREY,SURREY,SURREY,N,N,N,LOWER MAINLAND,154A ST & 154B ST & 88 AVE & FRASER HWY & TURNING LANE,FRASER HWY,FRASER HWY,12:00-14:59,1,1
N,CASUALTY CRASH,94 AVE,N,2024,THURSDAY,REAR END,N,Y,49.173476,-122.801153,N,FEBRUARY,N,SURREY,SURREY,SURREY,N,N,N,LOWER MAINLAND,152 ST & 94 AVE,152 ST,152 ST,12:00-14:59,1,1
N,CASUALTY CRASH,ALDER ST,N,2024,THURSDAY,UNDETERMINED,N,Y,49.260681,-123.131481,N,FEBRUARY,N,VANCOUVER,VANCOUVER,VANCOUVER,N,N,N,LOWER MAINLAND,ALDER ST & W 12TH AVE,W 12TH AVE,W 12TH AVE,12:00-14:59,1,1
N,CASUALTY CRASH,ASH RD,N,2024,THURSDAY,UNDETERMINED,N,Y,48.490711,-123.322051,N,FEBRUARY,N,SAANICH,SAANICH,SAANICH,N,N,N,VANCOUVER ISLAND,ASH RD & TORQUAY DR,TORQUAY DR,TORQUAY DR,12:00-14:59,1,1
N,CASUALTY CRASH,ASPEN GROVE,N,2024,THURSDAY,SINGLE VEHICLE,N,N,\N,\N,N,FEBRUARY,N,MERRITT,MERRITT,\N,N,N,N,SOUTHERN INTERIOR,UNKNOWN,HWY 97C,HWY 97C,12:00-14:59,1,1
N,CASUALTY CRASH,BALSAM ST,N,2024,THURSDAY,REAR END,N,Y,49.272657,-123.159694,N,FEBRUARY,N,VANCOUVER,VANCOUVER,VANCOUVER,N,N,N,LOWER MAINLAND,BALSAM ST & CORNWALL AVE,CORNWALL AVE,CORNWALL AVE,12:00-14:59,1,1
N,CASUALTY CRASH,BEATRICE ST,N,2024,THURSDAY,UNDETERMINED,N,Y,49.23258,-123.066913,N,FEBRUARY,N,VANCOUVER,VANCOUVER,VANCOUVER,N,N,N,LOWER MAINLAND,BEATRICE ST & E 41ST AVE,E 41ST AVE,E 41ST AVE,12:00-14:59,1,1
N,CASUALTY CRASH,BELLA VISTA RD,N,2024,THURSDAY,UNDETERMINED,Y,Y,50.262288,-119.310229,N,FEBRUARY,N,VERNON,VERNON,VERNON,N,N,N,SOUTHERN INTERIOR,ALLENBY WAY & BELLA VISTA RD,ALLENBY WAY,ALLENBY WAY,12:00-14:59,1,1
N,CASUALTY CRASH,BLANSHARD ST,N,2024,THURSDAY,SINGLE VEHICLE,N,Y,48.425968,-123.362066,N,FEBRUARY,N,VICTORIA,VICTORIA,VICTORIA,N,N,Y,VANCOUVER ISLAND,BLANSHARD ST & YATES ST,YATES ST,YATES ST,12:00-14:59,1,1
N,CASUALTY CRASH,BOUNDARY RD,N,2024,THURSDAY,CONFLICTED,N,Y,49.269397,-123.023574,N,FEBRUARY,N,BURNABY,BURNABY,BURNABY & VANCOUVER,Y,Y,N,LOWER MAINLAND,1ST AVE & BOUNDARY RD & E 1ST AVE,1ST AVE,1ST AVE,12:00-14:59,1,1
N,CASUALTY CRASH,BRIDGEVIEW DR,N,2024,THURSDAY,SIDE SWIPE - SAME DIRECTION,N,Y,49.213211,-122.861854,N,FEBRUARY,N,SURREY,SURREY,SURREY,N,N,N,LOWER MAINLAND,130 ST & BRIDGEVIEW DR & BRIDGEVIEW DR OFFRAMP & BRIDGEVIEW DR ONRAMP & HWY 17,HWY 17,HWY 17,12:00-14:59,1,1
N,CASUALTY CRASH,BROOKSBANK AVE,N,2024,THURSDAY,REAR END,N,Y,49.313299,-123.040514,N,FEBRUARY,N,NORTH VANCOUVER,NORTH VANCOUVER,NORTH VANCOUVER,N,N,N,LOWER MAINLAND,BROOKSBANK AVE & E KEITH RD & HEYWOOD ST & MOUNTAIN HWY,E KEITH RD,E KEITH RD,12:00-14:59,1,1
N,CASUALTY CRASH,BURRARD ST,Y,2024,THURSDAY,UNDETERMINED,N,Y,49.279077,-123.129182,N,FEBRUARY,N,VANCOUVER,VANCOUVER,VANCOUVER,Y,N,N,LOWER MAINLAND,BURRARD ST & DAVIE ST,DAVIE ST,DAVIE ST,12:00-14:59,1,1
N,CASUALTY CRASH,CALEDONIA AVE,N,2024,THURSDAY,SINGLE VEHICLE,Y,Y,48.430782,-123.358624,N,FEBRUARY,N,VICTORIA,VICTORIA,VICTORIA,N,N,Y,VANCOUVER ISLAND,CALEDONIA AVE & QUADRA ST,QUADRA ST,QUADRA ST,12:00-14:59,1,1
N,CASUALTY CRASH,CARNARVON ST,N,2024,THURSDAY,SINGLE VEHICLE,N,Y,49.202103,-122.912602,N,FEBRUARY,N,NEW WESTMINSTER,NEW WESTMINSTER,NEW WESTMINSTER,N,N,Y,LOWER MAINLAND,CARNARVON ST & EIGHTH ST,EIGHTH ST,EIGHTH ST,12:00-14:59,1,1
N,CASUALTY CRASH,CARRIER ST,N,2024,THURSDAY,SIDE IMPACT,N,N,\N,\N,N,FEBRUARY,N,KAMLOOPS,KAMLOOPS,\N,N,N,N,SOUTHERN INTERIOR,UNKNOWN,MT PAUL WAY,MT PAUL WAY,12:00-14:59,1,1
N,CASUALTY CRASH,CHIEF LOUIS WAY,N,2024,THURSDAY,SIDE IMPACT,N,N,\N,\N,N,FEBRUARY,N,KAMLOOPS,KAMLOOPS,\N,N,N,N,SOUTHERN INTERIOR,UNKNOWN,YELLOWHEAD HWY,YELLOWHEAD HWY,12:00-14:59,1,1
N,CASUALTY CRASH,CLEARBROOK RD,N,2024,THURSDAY,REAR END,N,Y,49.049624,-122.337482,N,FEBRUARY,N,ABBOTSFORD,ABBOTSFORD,ABBOTSFORD,N,N,N,LOWER MAINLAND,CLEARBROOK RD & SOUTH FRASER WAY & TURNING LANE,SOUTH FRASER WAY,SOUTH FRASER WAY,12:00-14:59,1,1
N,CASUALTY CRASH,CROSS CREEK RD,N,2024,THURSDAY,SINGLE VEHICLE,N,N,\N,\N,N,FEBRUARY,N,LIONS BAY,LIONS BAY,\N,N,N,N,LOWER MAINLAND,UNKNOWN,OCEANVIEW PL,OCEANVIEW PL,12:00-14:59,1,1
N,CASUALTY CRASH,E 21ST ST,N,2024,THURSDAY,CONFLICTED,N,Y,49.328871,-123.053569,N,FEBRUARY,N,NORTH VANCOUVER,NORTH VANCOUVER,NORTH VANCOUVER,N,N,N,LOWER MAINLAND,BOULEVARD CRES & E 21ST ST & GRAND BLVD OFFRAMP & GRAND BLVD ONRAMP & LYNN VALLEY RD & LYNN VALLEY RD ONRAMP & TRANS-CANADA HWY & WILLIAM AVE OFFRAMP & TURNING LANE,BOULEVARD CRES,BOULEVARD CRES,12:00-14:59,1,2
N,CASUALTY CRASH,E 2ND AVE,N,2024,THURSDAY,SIDE IMPACT,N,Y,49.26846,-123.023565,N,FEBRUARY,N,BURNABY,BURNABY,BURNABY & VANCOUVER,N,N,N,LOWER MAINLAND,2ND AVE & BOUNDARY RD & E 2ND AVE,BOUNDARY RD,BOUNDARY RD,12:00-14:59,1,1
N,CASUALTY CRASH,FITZGERALD AVE,N,2024,THURSDAY,SINGLE VEHICLE,N,Y,49.690682,-125.002073,N,FEBRUARY,N,COURTENAY,COURTENAY,COURTENAY,N,N,Y,VANCOUVER ISLAND,4TH ST & FITZGERALD AVE,4TH ST,4TH ST,12:00-14:59,1,1
N,CASUALTY CRASH,FRASER HWY,N,2024,THURSDAY,REAR END,N,Y,49.111887,-122.675391,N,FEBRUARY,N,LANGLEY,LANGLEY,LANGLEY,N,N,N,LOWER MAINLAND,FRASER HWY & LANGLEY BYPASS & TURNING LANE,HWY 10,HWY 10,12:00-14:59,1,1
N,CASUALTY CRASH,FRASER HWY,N,2024,THURSDAY,REAR END,N,Y,49.11897,-122.691352,N,FEBRUARY,N,SURREY,SURREY,SURREY,N,N,N,LOWER MAINLAND,64 AVE & FRASER HWY & TURNING LANE,64 AVE,64 AVE,12:00-14:59,1,2
N,CASUALTY CRASH,FRASER ST,N,2024,THURSDAY,REAR END,N,Y,49.225442,-123.090711,N,FEBRUARY,N,VANCOUVER,VANCOUVER,VANCOUVER,N,N,N,LOWER MAINLAND,E 49TH AVE & FRASER ST,E 49TH AVE,E 49TH AVE,12:00-14:59,1,1
N,CASUALTY CRASH,GELLATLY RD,N,2024,THURSDAY,REAR END,N,Y,49.823541,-119.617738,N,FEBRUARY,N,WEST KELOWNA,WEST KELOWNA,WEST KELOWNA,N,N,N,SOUTHERN INTERIOR,ANGUS DR & BOUCHERIE RD & GELLATLY RD & TURNING LANE,BOUCHERIE RD,BOUCHERIE RD,12:00-14:59,1,1
N,CASUALTY CRASH,GEORGE FERGUSON WAY,N,2024,THURSDAY,REAR END,N,Y,49.055057,-122.326767,N,FEBRUARY,N,ABBOTSFORD,ABBOTSFORD,ABBOTSFORD,N,N,N,LOWER MAINLAND,GEORGE FERGUSON WAY & TRETHEWEY ST,TRETHEWEY ST,TRETHEWEY ST,12:00-14:59,1,1
N,CASUALTY CRASH,GLADSTONE,N,2024,THURSDAY,SINGLE VEHICLE,N,N,\N,\N,N,FEBRUARY,Y,VANCOUVER,VANCOUVER,\N,N,N,N,LOWER MAINLAND,UNKNOWN,COTTON DR,COTTON DR,12:00-14:59,1,1
N,CASUALTY CRASH,GRANVILLE AVE,Y,2024,THURSDAY,UNDETERMINED,N,Y,49.162733,-123.147771,N,FEBRUARY,N,RICHMOND,RICHMOND,RICHMOND,N,N,Y,LOWER MAINLAND,GILBERT RD & GRANVILLE AVE,GILBERT RD,GILBERT RD,12:00-14:59,1,1
N,CASUALTY CRASH,GRANVILLE ST,N,2024,THURSDAY,UNDETERMINED,N,Y,49.228775,-123.139736,N,FEBRUARY,N,VANCOUVER,VANCOUVER,VANCOUVER,N,N,N,LOWER MAINLAND,GRANVILLE ST & W 47TH AVE,W 47TH AVE,W 47TH AVE,12:00-14:59,1,1
N,CASUALTY CRASH,GRANVILLE ST,N,2024,THURSDAY,UNDETERMINED,N,Y,49.249411,-123.139097,N,FEBRUARY,N,VANCOUVER,VANCOUVER,VANCOUVER,N,N,N,LOWER MAINLAND,GRANVILLE ST & W KING EDWARD AVE,W KING EDWARD AVE,W KING EDWARD AVE,12:00-14:59,1,1
N,CASUALTY CRASH,GREENLEA DR,N,2024,THURSDAY,REAR END,N,Y,48.495149,-123.397941,N,FEBRUARY,N,SAANICH,SAANICH,SAANICH,N,N,N,VANCOUVER ISLAND,GREENLEA DR & WILKINSON RD,WILKINSON RD,WILKINSON RD,12:00-14:59,1,1
N,CASUALTY CRASH,HARRIET RD,N,2024,THURSDAY,REAR END,N,Y,48.44945,-123.384629,N,FEBRUARY,N,SAANICH,SAANICH,SAANICH & VICTORIA,N,N,N,VANCOUVER ISLAND,BURNSIDE RD E & BURNSIDE RD W & HARRIET RD,BURNSIDE RD W,BURNSIDE RD W,12:00-14:59,1,1
N,CASUALTY CRASH,HASTINGS ST,N,2024,THURSDAY,SINGLE VEHICLE,N,Y,49.281015,-123.003121,N,FEBRUARY,N,BURNABY,BURNABY,BURNABY,N,Y,Y,LOWER MAINLAND,HASTINGS ST & WILLINGDON AVE,WILLINGDON AVE,WILLINGDON AVE,12:00-14:59,1,1
N,CASUALTY CRASH,HILLSIDE WAY,N,2024,THURSDAY,REAR END,N,Y,50.653783,-120.36868,N,FEBRUARY,N,KAMLOOPS,KAMLOOPS,KAMLOOPS,N,N,N,SOUTHERN INTERIOR,HILLSIDE WAY & HILLSIDE WAY OFFRAMP & HILLSIDE WAY ONRAMP & HWY 5A & HWY 5A OFFRAMP & HWY 5A ONRAMP & PACIFIC WAY OFFRAMP & TRANS-CANADA HWY W & TURNING LANE,HWY 5A,HWY 5A,12:00-14:59,1,1
N,CASUALTY CRASH,HOCKING AVE,N,2024,THURSDAY,REAR END,N,Y,49.159091,-121.958646,N,FEBRUARY,N,CHILLIWACK,CHILLIWACK,CHILLIWACK,N,N,N,LOWER MAINLAND,HOCKING AVE & YALE RD,YALE RD,YALE RD,12:00-14:59,1,1
N,CASUALTY CRASH,HOWES ST,N,2024,THURSDAY,REAR END,N,Y,49.190086,-122.948533,N,FEBRUARY,N,NEW WESTMINSTER,NEW WESTMINSTER,NEW WESTMINSTER,N,N,N,LOWER MAINLAND,BOYD ST & HOWES ST & TURNING LANE,BOYD ST,BOYD ST,12:00-14:59,1,1
N,CASUALTY CRASH,HWY 17A,N,2024,THURSDAY,REAR END,N,Y,49.090175,-123.056956,N,FEBRUARY,N,DELTA,DELTA,DELTA,N,N,N,LOWER MAINLAND,HWY 17A & LADNER TRUNK RD & TURNING LANE,LADNER TRUNK RD,LADNER TRUNK RD,12:00-14:59,1,2
N,CASUALTY CRASH,HWY 91,N,2024,THURSDAY,REAR END,N,Y,49.16863,-122.973755,N,FEBRUARY,N,RICHMOND,RICHMOND,RICHMOND,N,N,N,LOWER MAINLAND,HWY 91 & HWY 91 ONRAMP & WESTMINSTER HWY & WESTMINSTER HWY ONRAMP,WESTMINSTER HWY,WESTMINSTER HWY,12:00-14:59,1,2
N,CASUALTY CRASH,HWY 91 CONNECTR,N,2024,THURSDAY,SIDE SWIPE - SAME DIRECTION,N,Y,49.146506,-122.944458,N,FEBRUARY,N,DELTA,DELTA,DELTA,N,N,N,LOWER MAINLAND,HWY 17 & HWY 91 & HWY 91 CONN & HWY 91 CONN OFFRAMP & HWY 91 CONN ONRAMP & NORDEL WAY & NORDEL WAY OFFRAMP & NORDEL WAY ONRAMP & NORDEL WAY OVERPASS & WEIGH SCALE RD & SCALE ACCESS & TURNING LANE,HWY 17,HWY 17,12:00-14:59,1,1
N,CASUALTY CRASH,HWY 97,N,2024,THURSDAY,REAR END,N,Y,49.886218,-119.425379,N,FEBRUARY,N,KELOWNA,KELOWNA,KELOWNA,N,N,N,SOUTHERN INTERIOR,BANKS RD & HWY 97 N & TURNING LANE,BANKS RD,BANKS RD,12:00-14:59,1,1
N,CASUALTY CRASH,IRONWORKERS MEMORIAL BRIDGE,N,2024,THURSDAY,REAR END,N,Y,49.304852,-123.027413,N,FEBRUARY,N,NORTH VANCOUVER,NORTH VANCOUVER,NORTH VANCOUVER,N,N,N,LOWER MAINLAND,DOLLARTON HWY & DOLLARTON HWY OFFRAMP & DOLLARTON HWY ONRAMP & IRONWORKERS MEMORIAL BRIDGE & MAIN ST & MAIN ST OFFRAMP & MAIN ST ONRAMP & PHIBBS EXCHANGE & TRANS-CANADA HWY & EMERGENCY LANE & HIGHWAY RAMP & TURNING LANE,HWY 1,HWY 1,12:00-14:59,1,1
N,CASUALTY CRASH,JACKSON AVE,N,2024,THURSDAY,SIDE IMPACT,N,Y,49.283988,-123.093305,N,FEBRUARY,N,VANCOUVER,VANCOUVER,VANCOUVER,N,N,N,LOWER MAINLAND,ALEXANDER ST & JACKSON AVE,ALEXANDER ST,ALEXANDER ST,12:00-14:59,1,1
N,CASUALTY CRASH,KINGSBOROUGH ST,N,2024,THURSDAY,SINGLE VEHICLE,N,Y,49.228783,-123.006355,N,FEBRUARY,N,BURNABY,BURNABY,BURNABY,N,N,Y,LOWER MAINLAND,KINGSBOROUGH ST & WILLINGDON AVE,WILLINGDON AVE,WILLINGDON AVE,12:00-14:59,1,1
N,CASUALTY CRASH,KWANTLEN ST,N,2024,THURSDAY,REAR END,N,Y,49.177318,-123.128716,N,FEBRUARY,N,RICHMOND,RICHMOND,RICHMOND,N,N,N,LOWER MAINLAND,ALDERBRIDGE WAY & KWANTLEN ST,ALDERBRIDGE WAY,ALDERBRIDGE WAY,12:00-14:59,1,1
N,CASUALTY CRASH,MARIN PARK DR,N,2024,THURSDAY,CONFLICTED,N,Y,48.571304,-123.453259,N,FEBRUARY,N,CENTRAL SAANICH,CENTRAL SAANICH,CENTRAL SAANICH,N,N,N,VANCOUVER ISLAND,MARIN PARK DR & WALLACE DR,WALLACE DR,WALLACE DR,12:00-14:59,1,1
N,CASUALTY CRASH,MARSHALL RD,N,2024,THURSDAY,REAR END,N,Y,49.039043,-122.293334,N,FEBRUARY,N,ABBOTSFORD,ABBOTSFORD,ABBOTSFORD,N,N,N,LOWER MAINLAND,MARSHALL RD & MCCALLUM RD,MCCALLUM RD,MCCALLUM RD,12:00-14:59,1,1
N,CASUALTY CRASH,MURRAY ST,N,2024,THURSDAY,REAR END,N,Y,49.280764,-122.827452,N,FEBRUARY,N,PORT MOODY,PORT MOODY,PORT MOODY,N,N,N,LOWER MAINLAND,GUILDFORD WAY & IOCO RD & MURRAY ST & TURNING LANE,IOCO RD,IOCO RD,12:00-14:59,1,1
N,CASUALTY CRASH,OLD YALE RD,N,2024,THURSDAY,CONFLICTED,N,Y,49.051921,-122.33777,N,FEBRUARY,N,ABBOTSFORD,ABBOTSFORD,ABBOTSFORD,N,N,N,LOWER MAINLAND,CLEARBROOK RD & OLD YALE RD,CLEARBROOK RD,CLEARBROOK RD,12:00-14:59,1,2
N,CASUALTY CRASH,PORT MANN BRIDGE,N,2024,THURSDAY,REAR END,N,Y,49.227104,-122.819872,N,FEBRUARY,N,COQUITLAM,COQUITLAM,COQUITLAM,N,N,N,LOWER MAINLAND,MARY HILL BYPASS ONRAMP & PORT MANN BRIDGE & TRANS-CANADA HWY & UNITED BLVD,HWY 1,HWY 1,12:00-14:59,1,1
N,CASUALTY CRASH,PRINCETON AVE,N,2024,THURSDAY,REAR END,N,Y,49.770337,-119.740432,N,FEBRUARY,N,PEACHLAND,PEACHLAND,PEACHLAND,N,N,N,SOUTHERN INTERIOR,BEACH AVE & HWY 97 & PRINCETON AVE & HIGHWAY RAMP & REST AREA & TURNING LANE,HWY 97,HWY 97,12:00-14:59,1,1
N,CASUALTY CRASH,ROCKLAND AVE,N,2024,THURSDAY,REAR END,N,Y,48.42208,-123.354374,N,FEBRUARY,N,VICTORIA,VICTORIA,VICTORIA,N,N,N,VANCOUVER ISLAND,COOK ST & ROCKLAND AVE,COOK ST,COOK ST,12:00-14:59,1,1
N,CASUALTY CRASH,ROYAL AVE,N,2024,THURSDAY,REAR END,N,Y,49.200405,-122.920504,N,FEBRUARY,N,NEW WESTMINSTER,NEW WESTMINSTER,NEW WESTMINSTER,Y,N,N,LOWER MAINLAND,COLUMBIA ST & ROYAL AVE & STEWARDSON WAY,STEWARDSON WAY,STEWARDSON WAY,12:00-14:59,1,1
N,CASUALTY CRASH,SAANICH RD,N,2024,THURSDAY,CONFLICTED,N,Y,48.455214,-123.37208,N,FEBRUARY,N,SAANICH,SAANICH,SAANICH,N,N,N,VANCOUVER ISLAND,BLANSHARD ST & SAANICH RD & TURNING LANE,BLANSHARD ST,BLANSHARD ST,12:00-14:59,1,1
N,CASUALTY CRASH,SEA ISLAND WAY,N,2024,THURSDAY,SIDE SWIPE - SAME DIRECTION,N,Y,49.191024,-123.124456,N,FEBRUARY,N,RICHMOND,RICHMOND,RICHMOND,N,N,N,LOWER MAINLAND,GARDEN CITY RD & GREAT CANADIAN WAY & SEA ISLAND WAY & SEA ISLAND WAY OFFRAMP & TURNING LANE,GARDEN CITY RD,GARDEN CITY RD,12:00-14:59,1,1
N,CASUALTY CRASH,STILL CREEK AVE,N,2024,THURSDAY,SIDE SWIPE - SAME DIRECTION,N,Y,49.260836,-123.014251,N,FEBRUARY,N,BURNABY,BURNABY,BURNABY,N,N,N,LOWER MAINLAND,GILMORE AVE & GILMORE AVE DIVERSION & STILL CREEK AVE & TURNING LANE,GILMORE AVE DIVERS,GILMORE AVE DIVERS,12:00-14:59,1,1
N,CASUALTY CRASH,STOLBERG ST,N,2024,THURSDAY,REAR END,N,Y,49.184655,-123.119754,N,FEBRUARY,N,RICHMOND,RICHMOND,RICHMOND,N,N,N,LOWER MAINLAND,CAMBIE RD & STOLBERG ST,CAMBIE RD,CAMBIE RD,12:00-14:59,1,3
N,CASUALTY CRASH,SUMAS WAY,N,2024,THURSDAY,REAR END,Y,Y,49.033431,-122.266381,N,FEBRUARY,N,ABBOTSFORD,ABBOTSFORD,ABBOTSFORD,N,N,N,LOWER MAINLAND,LONZO RD & SUMAS WAY & SUMAS WAY OFFRAMP & SUMAS WAY ONRAMP & TRANS-CANADA HWY & TURNING LANE,HWY 1,HWY 1,12:00-14:59,1,1
N,CASUALTY CRASH,TRANQUILLE RD,N,2024,THURSDAY,REAR END,N,Y,50.695570000000004,-120.36054,N,FEBRUARY,N,KAMLOOPS,KAMLOOPS,KAMLOOPS,N,N,N,SOUTHERN INTERIOR,POPLAR ST & TRANQUILLE RD & VERNON AVE,POPLAR ST,POPLAR ST,12:00-14:59,1,1
N,CASUALTY CRASH,TYSON RD,N,2024,THURSDAY,REAR END,N,Y,49.111082,-121.976346,N,FEBRUARY,N,CHILLIWACK,CHILLIWACK,CHILLIWACK,N,N,N,LOWER MAINLAND,TYSON RD & WATSON RD,WATSON RD,WATSON RD,12:00-14:59,1,1
N,CASUALTY CRASH,UNIVERSITY DR,N,2024,THURSDAY,REAR END,N,Y,49.186094,-122.851808,N,FEBRUARY,N,SURREY,SURREY,SURREY,N,N,N,LOWER MAINLAND,OLD YALE RD & UNIVERSITY DR,OLD YALE RD,OLD YALE RD,12:00-14:59,1,2
N,CASUALTY CRASH,VANALMAN AVE,N,2024,THURSDAY,SIDE IMPACT,N,Y,48.48169,-123.390314,N,FEBRUARY,N,SAANICH,SAANICH,SAANICH,N,N,N,VANCOUVER ISLAND,GLANFORD AVE & VANALMAN AVE,GLANFORD AVE,GLANFORD AVE,12:00-14:59,1,1
N,CASUALTY CRASH,W 15TH AVE,N,2024,THURSDAY,HEAD ON,N,Y,49.257814,-123.127037,N,FEBRUARY,N,VANCOUVER,VANCOUVER,VANCOUVER,N,N,N,LOWER MAINLAND,OAK ST & W 15TH AVE,OAK ST,OAK ST,12:00-14:59,1,1
N,CASUALTY CRASH,W 16TH AVE,N,2024,THURSDAY,REAR END,N,Y,49.257053,-123.138793,N,FEBRUARY,N,VANCOUVER,VANCOUVER,VANCOUVER,N,N,N,LOWER MAINLAND,GRANVILLE ST & MARPOLE AVE & W 16TH AVE,GRANVILLE ST,GRANVILLE ST,12:00-14:59,1,1
N,CASUALTY CRASH,W 45TH AVE,Y,2024,THURSDAY,SINGLE VEHICLE,N,Y,49.23086,-123.155411,N,FEBRUARY,N,VANCOUVER,VANCOUVER,VANCOUVER,N,N,N,LOWER MAINLAND,ARBUTUS GREENWAY & EAST BOULEVARD & W 45TH AVE & WEST BOULEVARD,WEST BOULEVARD,WEST BOULEVARD,12:00-14:59,1,1
N,CASUALTY CRASH,W 49TH AVE,N,2024,THURSDAY,SIDE IMPACT,N,Y,49.227315,-123.16743,N,FEBRUARY,N,VANCOUVER,VANCOUVER,VANCOUVER,N,N,N,LOWER MAINLAND,MACDONALD ST & W 49TH AVE,MACDONALD ST,MACDONALD ST,12:00-14:59,1,2
N,CASUALTY CRASH,W BROADWAY,N,2024,THURSDAY,REAR TO REAR,N,Y,49.263701,-123.145756,N,FEBRUARY,N,VANCOUVER,VANCOUVER,VANCOUVER,N,N,N,LOWER MAINLAND,BURRARD ST & W BROADWAY,BURRARD ST,BURRARD ST,12:00-14:59,1,1
N,CASUALTY CRASH,WATERLOO ST,N,2024,THURSDAY,SIDE IMPACT,N,Y,49.26339,-123.179841,N,FEBRUARY,N,VANCOUVER,VANCOUVER,VANCOUVER,N,N,N,LOWER MAINLAND,W 10TH AVE & WATERLOO ST,W 10TH AVE,W 10TH AVE,12:00-14:59,1,1
N,PROPERTY DAMAGE ONLY,\N,N,2024,THURSDAY,CONFLICTED,N,N,\N,\N,N,FEBRUARY,N,REVELSTOKE,REVELSTOKE,\N,N,N,N,SOUTHERN INTERIOR,UNKNOWN,HWY 1,HWY 1,12:00-14:59,1,0
N,PROPERTY DAMAGE ONLY,\N,N,2024,THURSDAY,CONFLICTED,N,N,49.039182,-122.309537,Y,FEBRUARY,N,ABBOTSFORD,ABBOTSFORD,ABBOTSFORD,Y,Y,N,LOWER MAINLAND,PRIMROSE ST # 002000 TO 002099,PRIMROSE ST,PRIMROSE ST,12:00-14:59,1,0
N,PROPERTY DAMAGE ONLY,\N,N,2024,THURSDAY,CONFLICTED,N,N,49.045762,-122.848309,Y,FEBRUARY,N,SURREY,SURREY,SURREY,Y,Y,N,LOWER MAINLAND,24 AVE # 013478 TO 013517,24 AVE,24 AVE,12:00-14:59,1,0
N,PROPERTY DAMAGE ONLY,\N,N,2024,THURSDAY,CONFLICTED,N,N,49.092152,-123.084587,Y,FEBRUARY,N,DELTA,DELTA,DELTA,Y,Y,N,LOWER MAINLAND,ELLIOTT ST # 004900 TO 004919,ELLIOTT ST,ELLIOTT ST,12:00-14:59,1,0
N,PROPERTY DAMAGE ONLY,\N,N,2024,THURSDAY,CONFLICTED,N,N,49.155425,-122.780332,Y,FEBRUARY,N,SURREY,SURREY,SURREY,Y,Y,N,LOWER MAINLAND,84 AVE # 015900 TO 016008 even,84 AVE,84 AVE,12:00-14:59,1,0
N,PROPERTY DAMAGE ONLY,\N,N,2024,THURSDAY,CONFLICTED,N,N,49.170105,-123.182265,Y,FEBRUARY,N,RICHMOND,RICHMOND,RICHMOND,Y,Y,N,LOWER MAINLAND,WESTMINSTER HWY # 003601 TO 003999,WESTMINSTER HWY,WESTMINSTER HWY,12:00-14:59,1,0
N,PROPERTY DAMAGE ONLY,\N,N,2024,THURSDAY,CONFLICTED,N,N,49.222701,-122.981755,Y,FEBRUARY,N,BURNABY,BURNABY,BURNABY,N,Y,N,LOWER MAINLAND,KINGSWAY # 005606 TO 005691,KINGSWAY,KINGSWAY,12:00-14:59,1,0
N,PROPERTY DAMAGE ONLY,\N,N,2024,THURSDAY,CONFLICTED,N,N,49.229557,-122.853969,Y,FEBRUARY,N,COQUITLAM,COQUITLAM,COQUITLAM,Y,Y,N,LOWER MAINLAND,UNITED BLVD # 001301 TO 001349 odd,UNITED BLVD,UNITED BLVD,12:00-14:59,1,0
N,PROPERTY DAMAGE ONLY,\N,N,2024,THURSDAY,CONFLICTED,N,N,49.257278,-122.746598,Y,FEBRUARY,N,PORT COQUITLAM,PORT COQUITLAM,PORT COQUITLAM,N,Y,N,LOWER MAINLAND,OTTAWA ST # 002350 TO 002389,OTTAWA ST,OTTAWA ST,12:00-14:59,1,0
N,PROPERTY DAMAGE ONLY,\N,N,2024,THURSDAY,CONFLICTED,N,N,49.281021,-123.004505,Y,FEBRUARY,N,BURNABY,BURNABY,BURNABY,N,Y,N,LOWER MAINLAND,HASTINGS ST # 004400 TO 004499,HASTINGS ST,HASTINGS ST,12:00-14:59,1,0
N,PROPERTY DAMAGE ONLY,\N,N,2024,THURSDAY,CONFLICTED,N,N,49.281029,-123.007279,Y,FEBRUARY,N,BURNABY,BURNABY,BURNABY,Y,Y,N,LOWER MAINLAND,HASTINGS ST # 004300 TO 004399,HASTINGS ST,HASTINGS ST,12:00-14:59,1,0
N,PROPERTY DAMAGE ONLY,\N,N,2024,THURSDAY,CONFLICTED,N,N,49.314577,-123.098342,Y,FEBRUARY,N,NORTH VANCOUVER,NORTH VANCOUVER,NORTH VANCOUVER,N,N,N,LOWER MAINLAND,HARBOURSIDE DR # 000850 TO 000949,HARBOURSIDE DR,HARBOURSIDE DR,12:00-14:59,1,0
N,PROPERTY DAMAGE ONLY,\N,N,2024,THURSDAY,CONFLICTED,N,N,49.875418,-119.489736,Y,FEBRUARY,N,KELOWNA,KELOWNA,KELOWNA,Y,N,N,SOUTHERN INTERIOR,GLENWOOD AVE # 000500 TO 000699,GLENWOOD AVE,GLENWOOD AVE,12:00-14:59,1,0
N,PROPERTY DAMAGE ONLY,\N,N,2024,THURSDAY,CONFLICTED,N,N,50.094109,-122.992793,Y,FEBRUARY,N,WHISTLER,WHISTLER,WHISTLER,Y,Y,N,LOWER MAINLAND,INNSBRUCK DR # 002000 TO 002019,INNSBRUCK DR,INNSBRUCK DR,12:00-14:59,1,0
N,PROPERTY DAMAGE ONLY,\N,N,2024,THURSDAY,CONFLICTED,N,N,50.669174,-120.354482,Y,FEBRUARY,N,KAMLOOPS,KAMLOOPS,KAMLOOPS,Y,Y,N,SOUTHERN INTERIOR,COLUMBIA ST W # 000900 TO 000998 even,COLUMBIA ST W,COLUMBIA ST W,12:00-14:59,1,0
N,PROPERTY DAMAGE ONLY,\N,N,2024,THURSDAY,CONFLICTED,N,N,50.718726,-120.358949,Y,FEBRUARY,N,KAMLOOPS,KAMLOOPS,KAMLOOPS,Y,Y,N,SOUTHERN INTERIOR,WALKEM RD # 000724 TO 000799,WALKEM RD,WALKEM RD,12:00-14:59,1,0
N,PROPERTY DAMAGE ONLY,\N,N,2024,THURSDAY,CONFLICTED,Y,N,49.264219,-123.176849,Y,FEBRUARY,N,VANCOUVER,VANCOUVER,VANCOUVER,Y,N,N,LOWER MAINLAND,W BROADWAY # 003200 TO 003299,W BROADWAY,W BROADWAY,12:00-14:59,1,0
N,PROPERTY DAMAGE ONLY,\N,N,2024,THURSDAY,HEAD ON,N,N,49.122602,-122.661894,Y,FEBRUARY,N,LANGLEY,LANGLEY,LANGLEY,Y,Y,N,LOWER MAINLAND,66 AVE # 020170 TO 020299,66 AVE,66 AVE,12:00-14:59,1,0
N,PROPERTY DAMAGE ONLY,\N,N,2024,THURSDAY,HEAD ON,N,N,49.200221,-122.917969,Y,FEBRUARY,N,NEW WESTMINSTER,NEW WESTMINSTER,NEW WESTMINSTER,Y,Y,N,LOWER MAINLAND,COLUMBIA ST # 001000 TO 001099,COLUMBIA ST,COLUMBIA ST,12:00-14:59,1,0
N,PROPERTY DAMAGE ONLY,\N,N,2024,THURSDAY,HEAD ON,N,N,49.266428,-123.001746,Y,FEBRUARY,N,BURNABY,BURNABY,BURNABY,Y,Y,N,LOWER MAINLAND,LOUGHEED HWY # 004501 TO 004599 odd,LOUGHEED HWY,LOUGHEED HWY,12:00-14:59,1,0
N,PROPERTY DAMAGE ONLY,\N,N,2024,THURSDAY,HEAD ON,N,N,50.000276,-125.244612,Y,FEBRUARY,N,CAMPBELL RIVER,CAMPBELL RIVER,CAMPBELL RIVER,Y,Y,N,VANCOUVER ISLAND,MERECROFT RD # 000410 TO 000649,MERECROFT RD,MERECROFT RD,12:00-14:59,1,0
N,PROPERTY DAMAGE ONLY,\N,N,2024,THURSDAY,MULTIPLE IMPACTS,N,N,49.232771,-122.857505,Y,FEBRUARY,N,COQUITLAM,COQUITLAM,COQUITLAM,N,N,N,LOWER MAINLAND,WOOLRIDGE ST # 001100 TO 001499,WOOLRIDGE ST,WOOLRIDGE ST,12:00-14:59,1,0
N,PROPERTY DAMAGE ONLY,\N,N,2024,THURSDAY,REAR END,N,N,\N,\N,N,FEBRUARY,N,ABBOTSFORD,ABBOTSFORD,\N,N,N,N,LOWER MAINLAND,UNKNOWN,WHATCOM RD,WHATCOM RD,12:00-14:59,1,0
N,PROPERTY DAMAGE ONLY,\N,N,2024,THURSDAY,REAR END,N,N,\N,\N,N,FEBRUARY,N,CAMPBELL RIVER,CAMPBELL RIVER,\N,Y,Y,N,VANCOUVER ISLAND,UNKNOWN,S DOGWOOD ST,S DOGWOOD ST,12:00-14:59,1,0
N,PROPERTY DAMAGE ONLY,\N,N,2024,THURSDAY,REAR END,N,N,\N,\N,N,FEBRUARY,N,KAMLOOPS,KAMLOOPS,\N,N,N,N,SOUTHERN INTERIOR,UNKNOWN,NOTRE DAME DR,NOTRE DAME DR,12:00-14:59,1,0
N,PROPERTY DAMAGE ONLY,\N,N,2024,THURSDAY,REAR END,N,N,\N,\N,N,FEBRUARY,N,LANGLEY,LANGLEY,\N,N,N,N,LOWER MAINLAND,UNKNOWN,208 ST,208 ST,12:00-14:59,1,0
N,PROPERTY DAMAGE ONLY,\N,N,2024,THURSDAY,REAR END,N,N,\N,\N,N,FEBRUARY,N,SHAWNIGAN LAKE,SHAWNIGAN LAKE,\N,N,N,N,VANCOUVER ISLAND,UNKNOWN,SHAWNIGAN LAKE RD,SHAWNIGAN LAKE RD,12:00-14:59,1,0
N,PROPERTY DAMAGE ONLY,\N,N,2024,THURSDAY,REAR END,N,N,\N,\N,N,FEBRUARY,N,VANCOUVER,VANCOUVER,\N,N,Y,N,LOWER MAINLAND,UNKNOWN,NW MARINE DRIVE,NW MARINE DRIVE,12:00-14:59,1,0
N,PROPERTY DAMAGE ONLY,\N,N,2024,THURSDAY,REAR END,N,N,\N,\N,N,FEBRUARY,N,VERNON,VERNON,\N,N,N,N,SOUTHERN INTERIOR,UNKNOWN,UNKNOWN,UNKNOWN,12:00-14:59,1,0
N,PROPERTY DAMAGE ONLY,\N,N,2024,THURSDAY,REAR END,N,N,\N,\N,N,FEBRUARY,N,VICTORIA,VICTORIA,\N,Y,Y,N,VANCOUVER ISLAND,UNKNOWN,FOUL BAY RD,FOUL BAY RD,12:00-14:59,1,0
N,PROPERTY DAMAGE ONLY,\N,N,2024,THURSDAY,REAR END,N,N,48.431736,-123.379113,Y,FEBRUARY,N,VICTORIA,VICTORIA,VICTORIA,N,Y,N,VANCOUVER ISLAND,TYEE RD # 000386 TO 000449,TYEE RD,TYEE RD,12:00-14:59,1,0
N,PROPERTY DAMAGE ONLY,\N,N,2024,THURSDAY,REAR END,N,N,48.433008,-123.380026,Y,FEBRUARY,N,VICTORIA,VICTORIA,VICTORIA,Y,N,N,VANCOUVER ISLAND,TYEE RD # 000450 TO 000669,TYEE RD,TYEE RD,12:00-14:59,1,0
N,PROPERTY DAMAGE ONLY,\N,N,2024,THURSDAY,REAR END,N,N,48.458967,-123.503043,Y,FEBRUARY,N,LANGFORD,LANGFORD,LANGFORD,N,Y,N,VANCOUVER ISLAND,MCCALLUM RD # 000790 TO 000799,MCCALLUM RD,MCCALLUM RD,12:00-14:59,1,0
N,PROPERTY DAMAGE ONLY,\N,N,2024,THURSDAY,REAR END,N,N,49.021743,-122.265356,Y,FEBRUARY,N,ABBOTSFORD,ABBOTSFORD,ABBOTSFORD,Y,Y,N,LOWER MAINLAND,SUMAS WAY # 001000 TO 001189,SUMAS WAY,SUMAS WAY,12:00-14:59,1,0
N,PROPERTY DAMAGE ONLY,\N,N,2024,THURSDAY,REAR END,N,N,49.028368,-123.0696,Y,FEBRUARY,N,DELTA,DELTA,DELTA,Y,Y,N,LOWER MAINLAND,14 AVE # 005500 TO 005599,14 AVE,14 AVE,12:00-14:59,1,0
N,PROPERTY DAMAGE ONLY,\N,N,2024,THURSDAY,REAR END,N,N,49.078403,-122.634815,Y,FEBRUARY,N,LANGLEY,LANGLEY,LANGLEY,Y,Y,N,LOWER MAINLAND,42 AVE # 021220 TO 021275,42 AVE,42 AVE,12:00-14:59,1,0
N,PROPERTY DAMAGE ONLY,\N,N,2024,THURSDAY,REAR END,N,N,49.08215,-122.668555,Y,FEBRUARY,N,LANGLEY,LANGLEY,LANGLEY,N,N,N,LOWER MAINLAND,44 AVE # 020000 TO 020033,44 AVE,44 AVE,12:00-14:59,1,0
N,PROPERTY DAMAGE ONLY,\N,N,2024,THURSDAY,REAR END,N,N,49.08474,-123.060541,Y,FEBRUARY,N,DELTA,DELTA,DELTA,Y,Y,N,LOWER MAINLAND,MOUNTAIN VIEW BLVD # 005800 TO 005898 even,MOUNTAIN VIEW BLVD,MOUNTAIN VIEW BLVD,12:00-14:59,1,0
N,PROPERTY DAMAGE ONLY,\N,N,2024,THURSDAY,REAR END,N,N,49.114385,-122.680717,Y,FEBRUARY,N,SURREY,SURREY,SURREY,Y,Y,N,LOWER MAINLAND,FRASER HWY # 019531 TO 019599 odd,FRASER HWY,FRASER HWY,12:00-14:59,1,0
N,PROPERTY DAMAGE ONLY,\N,N,2024,THURSDAY,REAR END,N,N,49.117441,-122.881541,Y,FEBRUARY,N,SURREY,SURREY,SURREY,N,Y,N,LOWER MAINLAND,BOUNDARY DR N # 012324 TO 012335,BOUNDARY DR N,BOUNDARY DR N,12:00-14:59,1,0
N,PROPERTY DAMAGE ONLY,\N,N,2024,THURSDAY,REAR END,N,N,49.121195,-122.890475,Y,FEBRUARY,N,DELTA,DELTA,DELTA,N,Y,N,LOWER MAINLAND,120 ST # 006401 TO 006599 odd,120 ST,120 ST,12:00-14:59,1,0
N,PROPERTY DAMAGE ONLY,\N,N,2024,THURSDAY,REAR END,N,N,49.138777,-122.856702,Y,FEBRUARY,N,SURREY,SURREY,SURREY,Y,Y,N,LOWER MAINLAND,132 ST # 007400 TO 007599,132 ST,132 ST,12:00-14:59,1,0
N,PROPERTY DAMAGE ONLY,\N,N,2024,THURSDAY,REAR END,N,N,49.173866,-123.146637,Y,FEBRUARY,N,RICHMOND,RICHMOND,RICHMOND,N,Y,N,LOWER MAINLAND,LANSDOWNE RD # 007400 TO 007493,LANSDOWNE RD,LANSDOWNE RD,12:00-14:59,1,0
N,PROPERTY DAMAGE ONLY,\N,N,2024,THURSDAY,REAR END,N,N,49.176998,-122.842738,Y,FEBRUARY,N,SURREY,SURREY,SURREY,N,Y,N,LOWER MAINLAND,96 AVE # 013700 TO 013749,96 AVE,96 AVE,12:00-14:59,1,0
N,PROPERTY DAMAGE ONLY,\N,N,2024,THURSDAY,REAR END,N,N,49.178081,-123.121298,Y,FEBRUARY,N,RICHMOND,RICHMOND,RICHMOND,N,Y,N,LOWER MAINLAND,MCCLELLAND RD # 004700 TO 004799,MCCLELLAND RD,MCCLELLAND RD,12:00-14:59,1,0
N,PROPERTY DAMAGE ONLY,\N,N,2024,THURSDAY,REAR END,N,N,49.223587,-122.913851,Y,FEBRUARY,N,NEW WESTMINSTER,NEW WESTMINSTER,NEW WESTMINSTER,Y,Y,N,LOWER MAINLAND,MCBRIDE BLVD # 000800 TO 000998 even,MCBRIDE BLVD,MCBRIDE BLVD,12:00-14:59,1,0
N,PROPERTY DAMAGE ONLY,\N,N,2024,THURSDAY,REAR END,N,N,49.234683,-124.814979,Y,FEBRUARY,N,PORT ALBERNI,PORT ALBERNI,PORT ALBERNI,Y,Y,N,VANCOUVER ISLAND,ARGYLE ST # 005400 TO 005505,ARGYLE ST,ARGYLE ST,12:00-14:59,1,0
N,PROPERTY DAMAGE ONLY,\N,N,2024,THURSDAY,REAR END,N,N,49.237561,-124.047492,Y,FEBRUARY,N,NANAIMO,NANAIMO,NANAIMO,Y,Y,N,VANCOUVER ISLAND,ISLAND HWY N # 006631 TO 006849 odd,ISLAND HWY N,ISLAND HWY N,12:00-14:59,1,0
N,PROPERTY DAMAGE ONLY,\N,N,2024,THURSDAY,REAR END,N,N,49.243877,-122.892635,Y,FEBRUARY,N,BURNABY,BURNABY,BURNABY & COQUITLAM,Y,Y,N,LOWER MAINLAND,NORTH RD # 000321 TO 004563 odd,NORTH RD,NORTH RD,12:00-14:59,1,0
N,PROPERTY DAMAGE ONLY,\N,N,2024,THURSDAY,REAR END,N,N,49.277921,-122.815278,Y,FEBRUARY,N,COQUITLAM,COQUITLAM,COQUITLAM,Y,Y,N,LOWER MAINLAND,BARNET HWY # 002571 TO 002699 odd,BARNET HWY,BARNET HWY,12:00-14:59,1,0
N,PROPERTY DAMAGE ONLY,\N,N,2024,THURSDAY,REAR END,N,N,49.311801,-123.040386,Y,FEBRUARY,N,NORTH VANCOUVER,NORTH VANCOUVER,NORTH VANCOUVER,N,Y,N,LOWER MAINLAND,BROOKSBANK AVE # 000500 TO 000699,BROOKSBANK AVE,BROOKSBANK AVE,12:00-14:59,1,0
N,PROPERTY DAMAGE ONLY,\N,N,2024,THURSDAY,REAR END,N,N,49.325809,-123.139912,Y,FEBRUARY,N,WEST VANCOUVER,WEST VANCOUVER,WEST VANCOUVER,N,Y,N,LOWER MAINLAND,PARK ROYAL SOUTH # 001131 TO 003000,PARK ROYAL SOUTH,PARK ROYAL SOUTH,12:00-14:59,1,0
N,PROPERTY DAMAGE ONLY,\N,N,2024,THURSDAY,REAR END,N,N,49.337263,-123.155566,Y,FEBRUARY,N,WEST VANCOUVER,WEST VANCOUVER,WEST VANCOUVER,Y,N,N,LOWER MAINLAND,LAWSON AVE # 001400 TO 001499,LAWSON AVE,LAWSON AVE,12:00-14:59,1,0
N,PROPERTY DAMAGE ONLY,\N,N,2024,THURSDAY,REAR END,N,N,49.49595,-117.289344,Y,FEBRUARY,N,NELSON,NELSON,NELSON,Y,N,N,SOUTHERN INTERIOR,EDGEWOOD AVE # 000901 TO 000999 odd,EDGEWOOD AVE,EDGEWOOD AVE,12:00-14:59,1,0
N,PROPERTY DAMAGE ONLY,\N,N,2024,THURSDAY,REAR END,N,N,49.619022,-125.02863,Y,FEBRUARY,N,CUMBERLAND,CUMBERLAND,CUMBERLAND,Y,N,N,VANCOUVER ISLAND,DUNSMUIR AVE # 002710 TO 002738,DUNSMUIR AVE,DUNSMUIR AVE,12:00-14:59,1,0
N,PROPERTY DAMAGE ONLY,\N,N,2024,THURSDAY,REAR END,N,N,50.259352,-119.269061,Y,FEBRUARY,N,VERNON,VERNON,VERNON,Y,Y,N,SOUTHERN INTERIOR,HWY 6 # 002400 TO 002649,HWY 6,HWY 6,12:00-14:59,1,0
N,PROPERTY DAMAGE ONLY,\N,N,2024,THURSDAY,REAR END,N,N,53.914914,-122.743686,Y,FEBRUARY,N,PRINCE GEORGE,PRINCE GEORGE,PRINCE GEORGE,Y,Y,N,NORTH CENTRAL,GEORGE ST # 000400 TO 000499,GEORGE ST,GEORGE ST,12:00-14:59,1,0
N,PROPERTY DAMAGE ONLY,\N,N,2024,THURSDAY,REAR END,N,N,54.789091,-127.173615,Y,FEBRUARY,N,SMITHERS,SMITHERS,SMITHERS,Y,Y,N,NORTH CENTRAL,BULKLEY DR # 001211 TO 001219 odd,BULKLEY DR,BULKLEY DR,12:00-14:59,1,0
N,PROPERTY DAMAGE ONLY,\N,N,2024,THURSDAY,REAR END,N,N,55.697814,-121.630661,Y,FEBRUARY,N,CHETWYND,CHETWYND,CHETWYND,N,N,N,NORTH CENTRAL,ACCESS RD N # 005000 TO 005060 even,ACCESS RD N,ACCESS RD N,12:00-14:59,1,0
N,PROPERTY DAMAGE ONLY,\N,N,2024,THURSDAY,REAR END,Y,N,48.457811,-123.468851,Y,FEBRUARY,N,VIEW ROYAL,VIEW ROYAL,VIEW ROYAL,Y,N,N,VANCOUVER ISLAND,KALEIGH LANE # 000010 TO 000049,KALEIGH LANE,KALEIGH LANE,12:00-14:59,1,0
N,PROPERTY DAMAGE ONLY,\N,N,2024,THURSDAY,REAR TO REAR,N,N,\N,\N,N,FEBRUARY,N,COMOX,COMOX,\N,N,Y,N,VANCOUVER ISLAND,UNKNOWN,LERWICK RD,LERWICK RD,12:00-14:59,1,0
N,PROPERTY DAMAGE ONLY,\N,N,2024,THURSDAY,REAR TO REAR,N,N,48.44492,-123.335218,Y,FEBRUARY,N,VICTORIA,VICTORIA,VICTORIA,Y,Y,N,VANCOUVER ISLAND,HILLSIDE AVE # 001600 TO 001629,HILLSIDE AVE,HILLSIDE AVE,12:00-14:59,1,0
N,PROPERTY DAMAGE ONLY,\N,N,2024,THURSDAY,REAR TO REAR,N,N,48.776893,-123.708293,Y,FEBRUARY,N,DUNCAN,DUNCAN,DUNCAN,Y,Y,N,VANCOUVER ISLAND,CRAIG ST # 000001 TO 000019,CRAIG ST,CRAIG ST,12:00-14:59,1,0
N,PROPERTY DAMAGE ONLY,\N,N,2024,THURSDAY,REAR TO REAR,N,N,49.047263,-122.779175,Y,FEBRUARY,N,SURREY,SURREY,SURREY,N,Y,N,LOWER MAINLAND,160 ST # 002440 TO 002548 even,160 ST,160 ST,12:00-14:59,1,0
N,PROPERTY DAMAGE ONLY,\N,N,2024,THURSDAY,REAR TO REAR,N,N,49.050143,-122.289717,Y,FEBRUARY,N,ABBOTSFORD,ABBOTSFORD,ABBOTSFORD,Y,Y,N,LOWER MAINLAND,GEORGE FERGUSON WAY # 033750 TO 033799,GEORGE FERGUSON WAY,GEORGE FERGUSON WAY,12:00-14:59,1,0
N,PROPERTY DAMAGE ONLY,\N,N,2024,THURSDAY,REAR TO REAR,N,N,49.059947,-122.495534,Y,FEBRUARY,N,LANGLEY,LANGLEY,LANGLEY,N,Y,N,LOWER MAINLAND,FRASER HWY # 026250 TO 026349,FRASER HWY,FRASER HWY,12:00-14:59,1,0
N,PROPERTY DAMAGE ONLY,\N,N,2024,THURSDAY,REAR TO REAR,N,N,49.153566,-123.15893,Y,FEBRUARY,N,RICHMOND,RICHMOND,RICHMOND,N,Y,N,LOWER MAINLAND,NO 2 RD # 008000 TO 008451,NO 2 RD,NO 2 RD,12:00-14:59,1,0
N,PROPERTY DAMAGE ONLY,\N,N,2024,THURSDAY,REAR TO REAR,N,N,49.181021,-122.845649,Y,FEBRUARY,N,SURREY,SURREY,SURREY,Y,Y,N,LOWER MAINLAND,KING GEORGE BLVD # 009801 TO 009849 odd,KING GEORGE BLVD,KING GEORGE BLVD,12:00-14:59,1,0
N,PROPERTY DAMAGE ONLY,\N,N,2024,THURSDAY,REAR TO REAR,N,N,49.214721,-123.98579,Y,FEBRUARY,N,NANAIMO,NANAIMO,NANAIMO,Y,N,N,VANCOUVER ISLAND,BARRINGTON RD # 003391 TO 003406,BARRINGTON RD,BARRINGTON RD,12:00-14:59,1,0
N,PROPERTY DAMAGE ONLY,\N,N,2024,THURSDAY,REAR TO REAR,N,N,49.216862,-122.592962,Y,FEBRUARY,N,MAPLE RIDGE,MAPLE RIDGE,MAPLE RIDGE,N,Y,N,LOWER MAINLAND,LOUGHEED HWY # 022700 TO 022757,LOUGHEED HWY,LOUGHEED HWY,12:00-14:59,1,0
N,PROPERTY DAMAGE ONLY,\N,N,2024,THURSDAY,REAR TO REAR,N,N,49.225855,-123.109563,Y,FEBRUARY,N,VANCOUVER,VANCOUVER,VANCOUVER,Y,Y,N,LOWER MAINLAND,W 49TH AVE # 000100 TO 000199,W 49TH AVE,W 49TH AVE,12:00-14:59,1,0
N,PROPERTY DAMAGE ONLY,\N,N,2024,THURSDAY,REAR TO REAR,N,N,49.26247,-122.7803,Y,FEBRUARY,N,PORT COQUITLAM,PORT COQUITLAM,PORT COQUITLAM,N,Y,N,LOWER MAINLAND,MCALLISTER AVE # 002240 TO 002299,MCALLISTER AVE,MCALLISTER AVE,12:00-14:59,1,0
N,PROPERTY DAMAGE ONLY,\N,N,2024,THURSDAY,REAR TO REAR,N,N,49.263222999999996,-122.827457,Y,FEBRUARY,N,COQUITLAM,COQUITLAM,COQUITLAM,Y,Y,N,LOWER MAINLAND,COMO LAKE AVE # 002300 TO 002399,COMO LAKE AVE,COMO LAKE AVE,12:00-14:59,1,0
N,PROPERTY DAMAGE ONLY,\N,N,2024,THURSDAY,REAR TO REAR,N,N,49.324014,-123.125431,Y,FEBRUARY,N,WEST VANCOUVER,WEST VANCOUVER,WEST VANCOUVER,Y,N,N,LOWER MAINLAND,KHATSILANO RD # 000300 TO 000323,KHATSILANO RD,KHATSILANO RD,12:00-14:59,1,0
N,PROPERTY DAMAGE ONLY,\N,N,2024,THURSDAY,REAR TO REAR,N,N,49.5299,-115.750016,Y,FEBRUARY,N,CRANBROOK,CRANBROOK,CRANBROOK,Y,Y,N,SOUTHERN INTERIOR,WILLOWBROOK DR # 002050 TO 002101,WILLOWBROOK DR,WILLOWBROOK DR,12:00-14:59,1,0
N,PROPERTY DAMAGE ONLY,\N,N,2024,THURSDAY,REAR TO REAR,N,N,49.620289,-124.02321,Y,FEBRUARY,N,MADEIRA PARK,MADEIRA PARK,MADEIRA PARK,N,Y,N,LOWER MAINLAND,MADEIRA PARK RD # 012840 TO 012956,MADEIRA PARK RD,MADEIRA PARK RD,12:00-14:59,1,0
N,PROPERTY DAMAGE ONLY,\N,N,2024,THURSDAY,REAR TO REAR,N,N,49.841877,-119.488133,Y,FEBRUARY,N,KELOWNA,KELOWNA,KELOWNA,N,Y,N,SOUTHERN INTERIOR,LAKESHORE RD # 003932 TO 003959,LAKESHORE RD,LAKESHORE RD,12:00-14:59,1,0
N,PROPERTY DAMAGE ONLY,\N,N,2024,THURSDAY,REAR TO REAR,N,N,53.899564,-122.779382,Y,FEBRUARY,N,PRINCE GEORGE,PRINCE GEORGE,PRINCE GEORGE,N,Y,N,NORTH CENTRAL,MASSEY DR # 002991 TO 003111 odd,MASSEY DR,MASSEY DR,12:00-14:59,1,0
N,PROPERTY DAMAGE ONLY,\N,N,2024,THURSDAY,REAR TO REAR,Y,N,49.228116,-122.998531,Y,FEBRUARY,N,BURNABY,BURNABY,BURNABY,N,Y,N,LOWER MAINLAND,KINGSWAY # 004700 TO 004749,KINGSWAY,KINGSWAY,12:00-14:59,1,0
N,PROPERTY DAMAGE ONLY,\N,N,2024,THURSDAY,SIDE IMPACT,N,N,\N,\N,N,FEBRUARY,N,COURTENAY,COURTENAY,\N,Y,N,N,VANCOUVER ISLAND,UNKNOWN,WILLEMAR AVE,WILLEMAR AVE,12:00-14:59,1,0
N,PROPERTY DAMAGE ONLY,\N,N,2024,THURSDAY,SIDE IMPACT,N,N,\N,\N,N,FEBRUARY,N,DELTA,DELTA,\N,N,Y,N,LOWER MAINLAND,UNKNOWN,CANOE PASS WAY,CANOE PASS WAY,12:00-14:59,1,0
N,PROPERTY DAMAGE ONLY,\N,N,2024,THURSDAY,SIDE IMPACT,N,N,\N,\N,N,FEBRUARY,N,KALEDEN,KALEDEN,\N,N,N,N,SOUTHERN INTERIOR,UNKNOWN,HWY 3A,HWY 3A,12:00-14:59,1,0
N,PROPERTY DAMAGE ONLY,\N,N,2024,THURSDAY,SIDE IMPACT,N,N,\N,\N,N,FEBRUARY,N,KAMLOOPS,KAMLOOPS,\N,Y,Y,N,SOUTHERN INTERIOR,UNKNOWN,VALLEYVIEW DR,VALLEYVIEW DR,12:00-14:59,1,0
N,PROPERTY DAMAGE ONLY,\N,N,2024,THURSDAY,SIDE IMPACT,N,N,\N,\N,N,FEBRUARY,N,NEW WESTMINSTER,NEW WESTMINSTER,\N,Y,N,N,LOWER MAINLAND,UNKNOWN,RIALTO CRT,RIALTO CRT,12:00-14:59,1,0
N,PROPERTY DAMAGE ONLY,\N,N,2024,THURSDAY,SIDE IMPACT,N,N,\N,\N,N,FEBRUARY,N,PENTICTON,PENTICTON,\N,N,N,N,SOUTHERN INTERIOR,UNKNOWN,UNKNOWN,UNKNOWN,12:00-14:59,1,0
N,PROPERTY DAMAGE ONLY,\N,N,2024,THURSDAY,SIDE IMPACT,N,N,\N,\N,N,FEBRUARY,N,PRINCE GEORGE,PRINCE GEORGE,\N,N,N,N,NORTH CENTRAL,UNKNOWN,SUTLEY ROAD,SUTLEY ROAD,12:00-14:59,1,0
N,PROPERTY DAMAGE ONLY,\N,N,2024,THURSDAY,SIDE IMPACT,N,N,\N,\N,N,FEBRUARY,N,QUESNEL,QUESNEL,\N,N,N,N,NORTH CENTRAL,UNKNOWN,RICHARDS RD,RICHARDS RD,12:00-14:59,1,0
N,PROPERTY DAMAGE ONLY,\N,N,2024,THURSDAY,SIDE IMPACT,N,N,\N,\N,N,FEBRUARY,N,RICHMOND,RICHMOND,\N,Y,N,N,LOWER MAINLAND,UNKNOWN,SEXSMITH RD,SEXSMITH RD,12:00-14:59,1,0
N,PROPERTY DAMAGE ONLY,\N,N,2024,THURSDAY,SIDE IMPACT,N,N,\N,\N,N,FEBRUARY,N,SAANICH,SAANICH,\N,Y,Y,N,VANCOUVER ISLAND,UNKNOWN,SAANICH RD,SAANICH RD,12:00-14:59,1,0
N,PROPERTY DAMAGE ONLY,\N,N,2024,THURSDAY,SIDE IMPACT,N,N,\N,\N,N,FEBRUARY,N,SALMON ARM,SALMON ARM,\N,Y,Y,N,SOUTHERN INTERIOR,UNKNOWN,10 ST NE,10 ST NE,12:00-14:59,1,0
N,PROPERTY DAMAGE ONLY,\N,N,2024,THURSDAY,SIDE IMPACT,N,N,\N,\N,N,FEBRUARY,N,SALT SPRING ISLAND,SALT SPRING ISLAND,\N,N,N,N,VANCOUVER ISLAND,UNKNOWN,CREEKSIDE DR,CREEKSIDE DR,12:00-14:59,1,0
N,PROPERTY DAMAGE ONLY,\N,N,2024,THURSDAY,SIDE IMPACT,N,N,\N,\N,N,FEBRUARY,N,SQUAMISH,SQUAMISH,\N,Y,Y,N,LOWER MAINLAND,UNKNOWN,2 AVE,2 AVE,12:00-14:59,1,0
N,PROPERTY DAMAGE ONLY,\N,N,2024,THURSDAY,SIDE IMPACT,N,N,\N,\N,N,FEBRUARY,N,SURREY,SURREY,\N,Y,N,N,LOWER MAINLAND,UNKNOWN,55 AVE,55 AVE,12:00-14:59,1,0
N,PROPERTY DAMAGE ONLY,\N,N,2024,THURSDAY,SIDE IMPACT,N,N,\N,\N,N,FEBRUARY,N,SURREY,SURREY,\N,Y,Y,N,LOWER MAINLAND,UNKNOWN,120 ST,120 ST,12:00-14:59,1,0
N,PROPERTY DAMAGE ONLY,\N,N,2024,THURSDAY,SIDE IMPACT,N,N,\N,\N,N,FEBRUARY,N,TERRACE,TERRACE,\N,Y,N,N,NORTH CENTRAL,UNKNOWN,HWY 16,HWY 16,12:00-14:59,1,0
N,PROPERTY DAMAGE ONLY,\N,N,2024,THURSDAY,SIDE IMPACT,N,N,\N,\N,N,FEBRUARY,N,VANCOUVER,VANCOUVER,\N,N,N,N,LOWER MAINLAND,UNKNOWN,HARRISON DR,HARRISON DR,12:00-14:59,1,0
N,PROPERTY DAMAGE ONLY,\N,N,2024,THURSDAY,SIDE IMPACT,N,N,\N,\N,N,FEBRUARY,N,VANCOUVER,VANCOUVER,\N,N,N,N,LOWER MAINLAND,UNKNOWN,ROSS DR,ROSS DR,12:00-14:59,1,0
N,PROPERTY DAMAGE ONLY,\N,N,2024,THURSDAY,SIDE IMPACT,N,N,\N,\N,N,FEBRUARY,N,VANCOUVER,VANCOUVER,\N,N,Y,N,LOWER MAINLAND,UNKNOWN,ANDERSON ST,ANDERSON ST,12:00-14:59,1,0
N,PROPERTY DAMAGE ONLY,\N,N,2024,THURSDAY,SIDE IMPACT,N,N,\N,\N,N,FEBRUARY,N,VANCOUVER,VANCOUVER,\N,Y,N,N,LOWER MAINLAND,UNKNOWN,?,?,12:00-14:59,1,0
N,PROPERTY DAMAGE ONLY,\N,N,2024,THURSDAY,SIDE IMPACT,N,N,\N,\N,N,FEBRUARY,N,VANCOUVER,VANCOUVER,\N,Y,N,N,LOWER MAINLAND,UNKNOWN,MAPLE ST,MAPLE ST,12:00-14:59,1,0
N,PROPERTY DAMAGE ONLY,\N,N,2024,THURSDAY,SIDE IMPACT,N,N,\N,\N,N,FEBRUARY,N,VICTORIA,VICTORIA,\N,N,Y,N,VANCOUVER ISLAND,UNKNOWN,FINNERTY RD,FINNERTY RD,12:00-14:59,1,0
N,PROPERTY DAMAGE ONLY,\N,N,2024,THURSDAY,SIDE IMPACT,N,N,48.406253,-123.351629,Y,FEBRUARY,N,VICTORIA,VICTORIA,VICTORIA,Y,N,N,VANCOUVER ISLAND,DALLAS RD # 001250 TO 001299,DALLAS RD,DALLAS RD,12:00-14:59,1,0
N,PROPERTY DAMAGE ONLY,\N,N,2024,THURSDAY,SIDE IMPACT,N,N,48.431621,-123.397894,Y,FEBRUARY,N,ESQUIMALT,ESQUIMALT,ESQUIMALT,Y,Y,N,VANCOUVER ISLAND,ESQUIMALT RD # 000803 TO 000899,ESQUIMALT RD,ESQUIMALT RD,12:00-14:59,1,0
N,PROPERTY DAMAGE ONLY,\N,N,2024,THURSDAY,SIDE IMPACT,N,N,48.434967,-123.498353,Y,FEBRUARY,N,COLWOOD,COLWOOD,COLWOOD,N,N,N,VANCOUVER ISLAND,DONOVAN AVE # 000650 TO 000686,DONOVAN AVE,DONOVAN AVE,12:00-14:59,1,0
N,PROPERTY DAMAGE ONLY,\N,N,2024,THURSDAY,SIDE IMPACT,N,N,48.436789,-123.366047,Y,FEBRUARY,N,VICTORIA,VICTORIA,VICTORIA,N,Y,N,VANCOUVER ISLAND,DOUGLAS ST # 002600 TO 002645,DOUGLAS ST,DOUGLAS ST,12:00-14:59,1,0
N,PROPERTY DAMAGE ONLY,\N,N,2024,THURSDAY,SIDE IMPACT,N,N,48.438166,-123.312453,Y,FEBRUARY,N,OAK BAY,OAK BAY,OAK BAY,Y,N,N,VANCOUVER ISLAND,ESTEVAN AVE # 002300 TO 002329,ESTEVAN AVE,ESTEVAN AVE,12:00-14:59,1,0
N,PROPERTY DAMAGE ONLY,\N,N,2024,THURSDAY,SIDE IMPACT,N,N,48.444534,-123.400362,Y,FEBRUARY,N,ESQUIMALT,ESQUIMALT,ESQUIMALT,Y,N,N,VANCOUVER ISLAND,MCNAUGHTON AVE # 000900 TO 000929,MCNAUGHTON AVE,MCNAUGHTON AVE,12:00-14:59,1,0
N,PROPERTY DAMAGE ONLY,\N,N,2024,THURSDAY,SIDE IMPACT,N,N,48.445415,-123.333968,Y,FEBRUARY,N,VICTORIA,VICTORIA,VICTORIA,Y,Y,N,VANCOUVER ISLAND,HILLSIDE AVE # 001634 TO 001699,HILLSIDE AVE,HILLSIDE AVE,12:00-14:59,2,0
N,PROPERTY DAMAGE ONLY,\N,N,2024,THURSDAY,SIDE IMPACT,N,N,48.446195,-123.371352,Y,FEBRUARY,N,VICTORIA,VICTORIA,VICTORIA,Y,Y,N,VANCOUVER ISLAND,DOUGLAS ST # 003129 TO 003157 odd,DOUGLAS ST,DOUGLAS ST,12:00-14:59,1,0
N,PROPERTY DAMAGE ONLY,\N,N,2024,THURSDAY,SIDE IMPACT,N,N,48.698808,-123.595667,Y,FEBRUARY,N,COBBLE HILL,COBBLE HILL,COBBLE HILL,Y,Y,N,VANCOUVER ISLAND,TRANS-CANADA HWY # 003724 TO 003828 even,TRANS-CANADA HWY,TRANS-CANADA HWY,12:00-14:59,1,0
N,PROPERTY DAMAGE ONLY,\N,N,2024,THURSDAY,SIDE IMPACT,N,N,48.774518,-123.698924,Y,FEBRUARY,N,DUNCAN,DUNCAN,DUNCAN,Y,Y,N,VANCOUVER ISLAND,TRANS-CANADA HWY # 000101 TO 000199 odd,TRANS-CANADA HWY,TRANS-CANADA HWY,12:00-14:59,1,0
N,PROPERTY DAMAGE ONLY,\N,N,2024,THURSDAY,SIDE IMPACT,N,N,48.777854,-123.698917,Y,FEBRUARY,N,DUNCAN,DUNCAN,DUNCAN,Y,Y,N,VANCOUVER ISLAND,TRANS-CANADA HWY # 000353 TO 000365 odd,TRANS-CANADA HWY,TRANS-CANADA HWY,12:00-14:59,1,0
N,PROPERTY DAMAGE ONLY,\N,N,2024,THURSDAY,SIDE IMPACT,N,N,49.028395,-122.841421,Y,FEBRUARY,N,WHITE ROCK,WHITE ROCK,WHITE ROCK,Y,Y,N,LOWER MAINLAND,MALABAR AVE # 013600 TO 013899,MALABAR AVE,MALABAR AVE,12:00-14:59,1,0
N,PROPERTY DAMAGE ONLY,\N,N,2024,THURSDAY,SIDE IMPACT,N,N,49.032057,-122.801282,Y,FEBRUARY,N,SURREY,SURREY,SURREY,Y,Y,N,LOWER MAINLAND,152 ST # 001601 TO 001699 odd,152 ST,152 ST,12:00-14:59,1,0
N,PROPERTY DAMAGE ONLY,\N,N,2024,THURSDAY,SIDE IMPACT,N,N,49.049209,-122.782116,Y,FEBRUARY,N,SURREY,SURREY,SURREY,N,Y,N,LOWER MAINLAND,26 AVE # 015830 TO 015888,26 AVE,26 AVE,12:00-14:59,1,0
N,PROPERTY DAMAGE ONLY,\N,N,2024,THURSDAY,SIDE IMPACT,N,N,49.057637,-122.298849,Y,FEBRUARY,N,ABBOTSFORD,ABBOTSFORD,ABBOTSFORD,Y,Y,N,LOWER MAINLAND,WREN CRES # 033361 TO 033409,WREN CRES,WREN CRES,12:00-14:59,1,0
N,PROPERTY DAMAGE ONLY,\N,N,2024,THURSDAY,SIDE IMPACT,N,N,49.05827,-122.381412,Y,FEBRUARY,N,ABBOTSFORD,ABBOTSFORD,ABBOTSFORD,Y,Y,N,LOWER MAINLAND,MT LEHMAN RD # 003086 TO 003129,MT LEHMAN RD,MT LEHMAN RD,12:00-14:59,1,0
N,PROPERTY DAMAGE ONLY,\N,N,2024,THURSDAY,SIDE IMPACT,N,N,49.072115,-123.109187,Y,FEBRUARY,N,DELTA,DELTA,DELTA,Y,Y,N,LOWER MAINLAND,41B ST # 003350 TO 004299,41B ST,41B ST,12:00-14:59,1,0
N,PROPERTY DAMAGE ONLY,\N,N,2024,THURSDAY,SIDE IMPACT,N,N,49.084395,-123.121523,Y,FEBRUARY,N,DELTA,DELTA,DELTA,Y,Y,N,LOWER MAINLAND,RIVER RD W # 003480 TO 003999,RIVER RD W,RIVER RD W,12:00-14:59,1,0
N,PROPERTY DAMAGE ONLY,\N,N,2024,THURSDAY,SIDE IMPACT,N,N,49.100954,-122.664404,Y,FEBRUARY,N,LANGLEY,LANGLEY,LANGLEY,Y,N,N,LOWER MAINLAND,201A ST # 005400 TO 005475,201A ST,201A ST,12:00-14:59,1,0
N,PROPERTY DAMAGE ONLY,\N,N,2024,THURSDAY,SIDE IMPACT,N,N,49.10601,-122.66229,Y,FEBRUARY,N,LANGLEY,LANGLEY,LANGLEY,Y,Y,N,LOWER MAINLAND,FRASER HWY # 020151 TO 020299,FRASER HWY,FRASER HWY,12:00-14:59,1,0
N,PROPERTY DAMAGE ONLY,\N,N,2024,THURSDAY,SIDE IMPACT,N,N,49.115273,-122.678742,Y,FEBRUARY,N,LANGLEY,LANGLEY,LANGLEY,Y,Y,N,LOWER MAINLAND,WILLOWBROOK DR # 019601 TO 019669 odd,WILLOWBROOK DR,WILLOWBROOK DR,12:00-14:59,1,0
N,PROPERTY DAMAGE ONLY,\N,N,2024,THURSDAY,SIDE IMPACT,N,N,49.133609,-122.84003,Y,FEBRUARY,N,SURREY,SURREY,SURREY,Y,Y,N,LOWER MAINLAND,72 AVE # 013735 TO 013799 odd,72 AVE,72 AVE,12:00-14:59,1,0
N,PROPERTY DAMAGE ONLY,\N,N,2024,THURSDAY,SIDE IMPACT,N,N,49.140887,-123.137836,Y,FEBRUARY,N,RICHMOND,RICHMOND,RICHMOND,Y,Y,N,LOWER MAINLAND,WILLIAMS RD # 007651 TO 007999,WILLIAMS RD,WILLIAMS RD,12:00-14:59,1,0
N,PROPERTY DAMAGE ONLY,\N,N,2024,THURSDAY,SIDE IMPACT,N,N,49.14102,-122.867179,Y,FEBRUARY,N,SURREY,SURREY,SURREY,Y,Y,N,LOWER MAINLAND,76 AVE # 012800 TO 012849,76 AVE,76 AVE,12:00-14:59,1,0
N,PROPERTY DAMAGE ONLY,\N,N,2024,THURSDAY,SIDE IMPACT,N,N,49.141052,-122.811261,Y,FEBRUARY,N,SURREY,SURREY,SURREY,Y,Y,N,LOWER MAINLAND,76 AVE # 014800 TO 014899,76 AVE,76 AVE,12:00-14:59,1,0
N,PROPERTY DAMAGE ONLY,\N,N,2024,THURSDAY,SIDE IMPACT,N,N,49.148707,-123.194314,Y,FEBRUARY,N,RICHMOND,RICHMOND,RICHMOND,Y,N,N,LOWER MAINLAND,SEAFAIR DR # 008690 TO 008799,SEAFAIR DR,SEAFAIR DR,12:00-14:59,1,0
N,PROPERTY DAMAGE ONLY,\N,N,2024,THURSDAY,SIDE IMPACT,N,N,49.152801,-122.867944,Y,FEBRUARY,N,SURREY,SURREY,SURREY,Y,Y,N,LOWER MAINLAND,128 ST # 008100 TO 008398 even,128 ST,128 ST,12:00-14:59,1,0
N,PROPERTY DAMAGE ONLY,\N,N,2024,THURSDAY,SIDE IMPACT,N,N,49.155425,-122.780332,Y,FEBRUARY,N,SURREY,SURREY,SURREY,Y,Y,N,LOWER MAINLAND,84 AVE # 015900 TO 016008 even,84 AVE,84 AVE,12:00-14:59,1,0
N,PROPERTY DAMAGE ONLY,\N,N,2024,THURSDAY,SIDE IMPACT,N,N,49.157434,-122.833283,Y,FEBRUARY,N,SURREY,SURREY,SURREY,Y,N,N,LOWER MAINLAND,141 ST # 008410 TO 008499,141 ST,141 ST,12:00-14:59,1,0
N,PROPERTY DAMAGE ONLY,\N,N,2024,THURSDAY,SIDE IMPACT,N,N,49.157654,-121.951843,Y,FEBRUARY,N,CHILLIWACK,CHILLIWACK,CHILLIWACK,Y,N,N,LOWER MAINLAND,YOUNG RD # 008532 TO 008579,YOUNG RD,YOUNG RD,12:00-14:59,1,0
N,PROPERTY DAMAGE ONLY,\N,N,2024,THURSDAY,SIDE IMPACT,N,N,49.162668,-123.132365,Y,FEBRUARY,N,RICHMOND,RICHMOND,RICHMOND,N,Y,N,LOWER MAINLAND,GRANVILLE AVE # 008200 TO 008398 even,GRANVILLE AVE,GRANVILLE AVE,12:00-14:59,1,0
N,PROPERTY DAMAGE ONLY,\N,N,2024,THURSDAY,SIDE IMPACT,N,N,49.169108,-123.140153,Y,FEBRUARY,N,RICHMOND,RICHMOND,RICHMOND,N,Y,N,LOWER MAINLAND,MINORU BLVD # 006038 TO 006084 even,MINORU BLVD,MINORU BLVD,12:00-14:59,1,0
N,PROPERTY DAMAGE ONLY,\N,N,2024,THURSDAY,SIDE IMPACT,N,N,49.171995,-123.134012,Y,FEBRUARY,N,RICHMOND,RICHMOND,RICHMOND,Y,Y,N,LOWER MAINLAND,ACKROYD RD # 008100 TO 008399,ACKROYD RD,ACKROYD RD,12:00-14:59,1,0
N,PROPERTY DAMAGE ONLY,\N,N,2024,THURSDAY,SIDE IMPACT,N,N,49.176995,-122.841483,Y,FEBRUARY,N,SURREY,SURREY,SURREY,Y,Y,N,LOWER MAINLAND,96 AVE # 013750 TO 013769,96 AVE,96 AVE,12:00-14:59,1,0
N,PROPERTY DAMAGE ONLY,\N,N,2024,THURSDAY,SIDE IMPACT,N,N,49.176998,-122.677018,Y,FEBRUARY,N,LANGLEY,LANGLEY,LANGLEY,N,Y,N,LOWER MAINLAND,96 AVE # 019600 TO 019749,96 AVE,96 AVE,12:00-14:59,1,0
N,PROPERTY DAMAGE ONLY,\N,N,2024,THURSDAY,SIDE IMPACT,N,N,49.177025,-122.666922,Y,FEBRUARY,N,LANGLEY,LANGLEY,LANGLEY,Y,Y,N,LOWER MAINLAND,96 AVE # 019941 TO 020099 odd,96 AVE,96 AVE,12:00-14:59,1,0
N,PROPERTY DAMAGE ONLY,\N,N,2024,THURSDAY,SIDE IMPACT,N,N,49.178129,-123.973404,Y,FEBRUARY,N,NANAIMO,NANAIMO,NANAIMO,Y,Y,N,VANCOUVER ISLAND,BOWEN RD # 001601 TO 001619 odd,BOWEN RD,BOWEN RD,12:00-14:59,1,0
N,PROPERTY DAMAGE ONLY,\N,N,2024,THURSDAY,SIDE IMPACT,N,N,49.179055,-123.13658,Y,FEBRUARY,N,RICHMOND,RICHMOND,RICHMOND,Y,Y,N,LOWER MAINLAND,NO 3 RD # 004680 TO 004898 even,NO 3 RD,NO 3 RD,12:00-14:59,1,0
N,PROPERTY DAMAGE ONLY,\N,N,2024,THURSDAY,SIDE IMPACT,N,N,49.185172,-122.800849,Y,FEBRUARY,N,SURREY,SURREY,SURREY,Y,Y,N,LOWER MAINLAND,152 ST # 010000 TO 010098 even,152 ST,152 ST,12:00-14:59,1,0
N,PROPERTY DAMAGE ONLY,\N,N,2024,THURSDAY,SIDE IMPACT,N,N,49.190089,-122.800995,Y,FEBRUARY,N,SURREY,SURREY,SURREY,Y,Y,N,LOWER MAINLAND,152 ST # 010251 TO 010399 odd,152 ST,152 ST,12:00-14:59,1,0
N,PROPERTY DAMAGE ONLY,\N,N,2024,THURSDAY,SIDE IMPACT,N,N,49.198779,-122.81947,Y,FEBRUARY,N,SURREY,SURREY,SURREY,N,Y,N,LOWER MAINLAND,108 AVE # 014450 TO 014599,108 AVE,108 AVE,12:00-14:59,1,0
N,PROPERTY DAMAGE ONLY,\N,N,2024,THURSDAY,SIDE IMPACT,N,N,49.205489,-122.661299,Y,FEBRUARY,N,MAPLE RIDGE,MAPLE RIDGE,MAPLE RIDGE,Y,N,N,LOWER MAINLAND,LORNE AVE # 020100 TO 020249,LORNE AVE,LORNE AVE,12:00-14:59,1,0
N,PROPERTY DAMAGE ONLY,\N,N,2024,THURSDAY,SIDE IMPACT,N,N,49.206642,-123.114142,Y,FEBRUARY,N,VANCOUVER,VANCOUVER,VANCOUVER,Y,Y,N,LOWER MAINLAND,W KENT AVE N # 000292 TO 000399,W KENT AVE N,W KENT AVE N,12:00-14:59,1,0
N,PROPERTY DAMAGE ONLY,\N,N,2024,THURSDAY,SIDE IMPACT,N,N,49.209977,-124.027821,Y,FEBRUARY,N,NANAIMO,NANAIMO,NANAIMO,Y,N,N,VANCOUVER ISLAND,WELLINGTON RD # 004502 TO 004771,WELLINGTON RD,WELLINGTON RD,12:00-14:59,1,0
N,PROPERTY DAMAGE ONLY,\N,N,2024,THURSDAY,SIDE IMPACT,N,N,49.216881,-122.603041,Y,FEBRUARY,N,MAPLE RIDGE,MAPLE RIDGE,MAPLE RIDGE,Y,N,N,LOWER MAINLAND,LOUGHEED HWY # 022300 TO 022399,LOUGHEED HWY,LOUGHEED HWY,12:00-14:59,1,0
N,PROPERTY DAMAGE ONLY,\N,N,2024,THURSDAY,SIDE IMPACT,N,N,49.228116,-122.998531,Y,FEBRUARY,N,BURNABY,BURNABY,BURNABY,Y,Y,N,LOWER MAINLAND,KINGSWAY # 004700 TO 004749,KINGSWAY,KINGSWAY,12:00-14:59,1,0
N,PROPERTY DAMAGE ONLY,\N,N,2024,THURSDAY,SIDE IMPACT,N,N,49.233361,-123.06549,Y,FEBRUARY,N,VANCOUVER,VANCOUVER,VANCOUVER,Y,Y,N,LOWER MAINLAND,VICTORIA DR # 005600 TO 005699,VICTORIA DR,VICTORIA DR,12:00-14:59,1,0
N,PROPERTY DAMAGE ONLY,\N,N,2024,THURSDAY,SIDE IMPACT,N,N,49.235597,-123.161312,Y,FEBRUARY,N,VANCOUVER,VANCOUVER,VANCOUVER,Y,Y,N,LOWER MAINLAND,BALSAM ST # 005500 TO 005699,BALSAM ST,BALSAM ST,12:00-14:59,1,0
N,PROPERTY DAMAGE ONLY,\N,N,2024,THURSDAY,SIDE IMPACT,N,N,49.243264,-123.061156,Y,FEBRUARY,N,VANCOUVER,VANCOUVER,VANCOUVER,Y,Y,N,LOWER MAINLAND,KINGSWAY # 002200 TO 002233,KINGSWAY,KINGSWAY,12:00-14:59,1,0
N,PROPERTY DAMAGE ONLY,\N,N,2024,THURSDAY,SIDE IMPACT,N,N,49.243539,-123.10799,Y,FEBRUARY,N,VANCOUVER,VANCOUVER,VANCOUVER,Y,Y,N,LOWER MAINLAND,CLANCY LORANGER WAY # 004500 TO 004599,CLANCY LORANGER WAY,CLANCY LORANGER WAY,12:00-14:59,1,0
N,PROPERTY DAMAGE ONLY,\N,N,2024,THURSDAY,SIDE IMPACT,N,N,49.249836,-123.167834,Y,FEBRUARY,N,VANCOUVER,VANCOUVER,VANCOUVER,Y,Y,N,LOWER MAINLAND,MACDONALD ST # 004100 TO 004145,MACDONALD ST,MACDONALD ST,12:00-14:59,1,0
N,PROPERTY DAMAGE ONLY,\N,N,2024,THURSDAY,SIDE IMPACT,N,N,49.253585,-123.013116,Y,FEBRUARY,N,BURNABY,BURNABY,BURNABY,Y,N,N,LOWER MAINLAND,KALYK AVE # 003400 TO 003599,KALYK AVE,KALYK AVE,12:00-14:59,1,0
N,PROPERTY DAMAGE ONLY,\N,N,2024,THURSDAY,SIDE IMPACT,N,N,49.254526,-122.738383,Y,FEBRUARY,N,PORT COQUITLAM,PORT COQUITLAM,PORT COQUITLAM,Y,Y,N,LOWER MAINLAND,HAWKINS ST # 002100 TO 002199,HAWKINS ST,HAWKINS ST,12:00-14:59,1,0
N,PROPERTY DAMAGE ONLY,\N,N,2024,THURSDAY,SIDE IMPACT,N,N,49.258119,-123.037802,Y,FEBRUARY,N,VANCOUVER,VANCOUVER,VANCOUVER,Y,Y,N,LOWER MAINLAND,GRANDVIEW HWY # 003100 TO 003199,GRANDVIEW HWY,GRANDVIEW HWY,12:00-14:59,1,0
N,PROPERTY DAMAGE ONLY,\N,N,2024,THURSDAY,SIDE IMPACT,N,N,49.258173,-123.026161,Y,FEBRUARY,N,VANCOUVER,VANCOUVER,VANCOUVER,Y,Y,N,LOWER MAINLAND,GRANDVIEW HWY # 003500 TO 003699,GRANDVIEW HWY,GRANDVIEW HWY,12:00-14:59,1,0
N,PROPERTY DAMAGE ONLY,\N,N,2024,THURSDAY,SIDE IMPACT,N,N,49.263342,-123.122997,Y,FEBRUARY,N,VANCOUVER,VANCOUVER,VANCOUVER,N,Y,N,LOWER MAINLAND,W BROADWAY # 000800 TO 000899,W BROADWAY,W BROADWAY,12:00-14:59,1,0
N,PROPERTY DAMAGE ONLY,\N,N,2024,THURSDAY,SIDE IMPACT,N,N,49.265883,-123.122029,Y,FEBRUARY,N,VANCOUVER,VANCOUVER,VANCOUVER,Y,Y,N,LOWER MAINLAND,W 6TH AVE # 000774 TO 000816 even,W 6TH AVE,W 6TH AVE,12:00-14:59,1,0
N,PROPERTY DAMAGE ONLY,\N,N,2024,THURSDAY,SIDE IMPACT,N,N,49.266428,-123.001746,Y,FEBRUARY,N,BURNABY,BURNABY,BURNABY,Y,Y,N,LOWER MAINLAND,LOUGHEED HWY # 004501 TO 004599 odd,LOUGHEED HWY,LOUGHEED HWY,12:00-14:59,1,0
N,PROPERTY DAMAGE ONLY,\N,N,2024,THURSDAY,SIDE IMPACT,N,N,49.266994,-123.006006,Y,FEBRUARY,N,BURNABY,BURNABY,BURNABY,Y,Y,N,LOWER MAINLAND,ROSSER AVE # 001900 TO 001999,ROSSER AVE,ROSSER AVE,12:00-14:59,1,0
N,PROPERTY DAMAGE ONLY,\N,N,2024,THURSDAY,SIDE IMPACT,N,N,49.27084,-123.156229,Y,FEBRUARY,N,VANCOUVER,VANCOUVER,VANCOUVER,Y,Y,N,LOWER MAINLAND,W 1ST AVE # 002200 TO 002299,W 1ST AVE,W 1ST AVE,12:00-14:59,1,0
N,PROPERTY DAMAGE ONLY,\N,N,2024,THURSDAY,SIDE IMPACT,N,N,49.271865,-123.180592,Y,FEBRUARY,N,VANCOUVER,VANCOUVER,VANCOUVER,Y,N,N,LOWER MAINLAND,POINT GREY RD # 003400 TO 003499,POINT GREY RD,POINT GREY RD,12:00-14:59,1,0
N,PROPERTY DAMAGE ONLY,\N,N,2024,THURSDAY,SIDE IMPACT,N,N,49.274621,-122.888151,Y,FEBRUARY,N,PORT MOODY,PORT MOODY,PORT MOODY,Y,N,N,LOWER MAINLAND,GLENCOE DR # 000492 TO 000499,GLENCOE DR,GLENCOE DR,12:00-14:59,1,0
N,PROPERTY DAMAGE ONLY,\N,N,2024,THURSDAY,SIDE IMPACT,N,N,49.280337,-122.976209,Y,FEBRUARY,N,BURNABY,BURNABY,BURNABY,Y,N,N,LOWER MAINLAND,HASTINGS ST # 006000 TO 006099,HASTINGS ST,HASTINGS ST,12:00-14:59,1,0
N,PROPERTY DAMAGE ONLY,\N,N,2024,THURSDAY,SIDE IMPACT,N,N,49.280983,-122.996064,Y,FEBRUARY,N,BURNABY,BURNABY,BURNABY,Y,Y,N,LOWER MAINLAND,HASTINGS ST # 004700 TO 004799,HASTINGS ST,HASTINGS ST,12:00-14:59,1,0
N,PROPERTY DAMAGE ONLY,\N,N,2024,THURSDAY,SIDE IMPACT,N,N,49.282052,-122.984548,Y,FEBRUARY,N,BURNABY,BURNABY,BURNABY,Y,Y,N,LOWER MAINLAND,SUNNINGDALE RD # 005200 TO 005299,SUNNINGDALE RD,SUNNINGDALE RD,12:00-14:59,1,0
N,PROPERTY DAMAGE ONLY,\N,N,2024,THURSDAY,SIDE IMPACT,N,N,49.306146,-123.035565,Y,FEBRUARY,N,NORTH VANCOUVER,NORTH VANCOUVER,NORTH VANCOUVER,Y,Y,N,LOWER MAINLAND,MAIN ST # 001340 TO 001399,MAIN ST,MAIN ST,12:00-14:59,1,0
N,PROPERTY DAMAGE ONLY,\N,N,2024,THURSDAY,SIDE IMPACT,N,N,49.313851,-123.107809,Y,FEBRUARY,N,NORTH VANCOUVER,NORTH VANCOUVER,NORTH VANCOUVER,Y,Y,N,LOWER MAINLAND,PEMBERTON AVE # 000000 TO 000050,PEMBERTON AVE,PEMBERTON AVE,12:00-14:59,1,0
N,PROPERTY DAMAGE ONLY,\N,N,2024,THURSDAY,SIDE IMPACT,N,N,49.473728,-123.74778,Y,FEBRUARY,N,SECHELT,SECHELT,SECHELT,N,Y,N,LOWER MAINLAND,SUNSHINE COAST HWY # 005490 TO 005540 even,SUNSHINE COAST HWY,SUNSHINE COAST HWY,12:00-14:59,1,0
N,PROPERTY DAMAGE ONLY,\N,N,2024,THURSDAY,SIDE IMPACT,N,N,49.473728,-123.74778,Y,FEBRUARY,N,SECHELT,SECHELT,SECHELT,Y,Y,N,LOWER MAINLAND,SUNSHINE COAST HWY # 005490 TO 005540 even,SUNSHINE COAST HWY,SUNSHINE COAST HWY,12:00-14:59,1,0
N,PROPERTY DAMAGE ONLY,\N,N,2024,THURSDAY,SIDE IMPACT,N,N,49.484131,-119.585993,Y,FEBRUARY,N,PENTICTON,PENTICTON,PENTICTON,Y,Y,N,SOUTHERN INTERIOR,MAIN ST # 001300 TO 001399,MAIN ST,MAIN ST,12:00-14:59,1,0
N,PROPERTY DAMAGE ONLY,\N,N,2024,THURSDAY,SIDE IMPACT,N,N,49.50017,-117.286806,Y,FEBRUARY,N,NELSON,NELSON,NELSON,Y,Y,N,SOUTHERN INTERIOR,LAKESIDE DR # 001190 TO 001201,LAKESIDE DR,LAKESIDE DR,12:00-14:59,1,0
N,PROPERTY DAMAGE ONLY,\N,N,2024,THURSDAY,SIDE IMPACT,N,N,49.530241,-115.753458,Y,FEBRUARY,N,CRANBROOK,CRANBROOK,CRANBROOK,Y,Y,N,SOUTHERN INTERIOR,17TH ST N # 002000 TO 002101,17TH ST N,17TH ST N,12:00-14:59,1,0
N,PROPERTY DAMAGE ONLY,\N,N,2024,THURSDAY,SIDE IMPACT,N,N,49.674385,-124.981688,Y,FEBRUARY,N,COURTENAY,COURTENAY,COURTENAY,Y,Y,N,VANCOUVER ISLAND,CLIFFE AVE # 002701 TO 002799 odd,CLIFFE AVE,CLIFFE AVE,12:00-14:59,1,0
N,PROPERTY DAMAGE ONLY,\N,N,2024,THURSDAY,SIDE IMPACT,N,N,49.698539,-124.98795,Y,FEBRUARY,N,COURTENAY,COURTENAY,COURTENAY,Y,Y,N,VANCOUVER ISLAND,RYAN RD # 000751 TO 000799 odd,RYAN RD,RYAN RD,12:00-14:59,1,0
N,PROPERTY DAMAGE ONLY,\N,N,2024,THURSDAY,SIDE IMPACT,N,N,49.699829,-124.985503,Y,FEBRUARY,N,COURTENAY,COURTENAY,COURTENAY,Y,Y,N,VANCOUVER ISLAND,RYAN RD # 001001 TO 001199 odd,RYAN RD,RYAN RD,12:00-14:59,1,0
N,PROPERTY DAMAGE ONLY,\N,N,2024,THURSDAY,SIDE IMPACT,N,N,49.867152,-119.564435,Y,FEBRUARY,N,WEST KELOWNA,WEST KELOWNA,WEST KELOWNA,Y,Y,N,SOUTHERN INTERIOR,WESTLAKE RD # 002381 TO 002479,WESTLAKE RD,WESTLAKE RD,12:00-14:59,1,0
N,PROPERTY DAMAGE ONLY,\N,N,2024,THURSDAY,SIDE IMPACT,N,N,49.880626,-119.461897,Y,FEBRUARY,N,KELOWNA,KELOWNA,KELOWNA,Y,Y,N,SOUTHERN INTERIOR,DICKSON AVE # 001580 TO 001629,DICKSON AVE,DICKSON AVE,12:00-14:59,1,0
N,PROPERTY DAMAGE ONLY,\N,N,2024,THURSDAY,SIDE IMPACT,N,N,49.887359000000004,-119.430448,Y,FEBRUARY,N,KELOWNA,KELOWNA,KELOWNA,Y,Y,N,SOUTHERN INTERIOR,ENTERPRISE WAY # 002500 TO 002549,ENTERPRISE WAY,ENTERPRISE WAY,12:00-14:59,1,0
N,PROPERTY DAMAGE ONLY,\N,N,2024,THURSDAY,SIDE IMPACT,N,N,49.887616,-119.482747,Y,FEBRUARY,N,KELOWNA,KELOWNA,KELOWNA,Y,N,N,SOUTHERN INTERIOR,ETHEL ST # 001449 TO 001469,ETHEL ST,ETHEL ST,12:00-14:59,1,0
N,PROPERTY DAMAGE ONLY,\N,N,2024,THURSDAY,SIDE IMPACT,N,N,49.888514,-119.428766,Y,FEBRUARY,N,KELOWNA,KELOWNA,KELOWNA,Y,Y,N,SOUTHERN INTERIOR,ENTERPRISE WAY # 002550 TO 002560,ENTERPRISE WAY,ENTERPRISE WAY,12:00-14:59,1,0
N,PROPERTY DAMAGE ONLY,\N,N,2024,THURSDAY,SIDE IMPACT,N,N,49.908678,-119.447128,Y,FEBRUARY,N,KELOWNA,KELOWNA,KELOWNA,Y,N,N,SOUTHERN INTERIOR,YATES RD # 000590 TO 000599,YATES RD,YATES RD,12:00-14:59,1,0
N,PROPERTY DAMAGE ONLY,\N,N,2024,THURSDAY,SIDE IMPACT,N,N,49.927809,-125.183362,Y,FEBRUARY,N,CAMPBELL RIVER,CAMPBELL RIVER,CAMPBELL RIVER,Y,N,N,VANCOUVER ISLAND,ISLAND HWY S # 003874 TO 003929,ISLAND HWY S,ISLAND HWY S,12:00-14:59,1,0
N,PROPERTY DAMAGE ONLY,\N,N,2024,THURSDAY,SIDE IMPACT,N,N,50.257295,-119.273676,Y,FEBRUARY,N,VERNON,VERNON,VERNON,Y,Y,N,SOUTHERN INTERIOR,32 ST # 002005 TO 002299 odd,32 ST,32 ST,12:00-14:59,1,0
N,PROPERTY DAMAGE ONLY,\N,N,2024,THURSDAY,SIDE IMPACT,N,N,50.282738,-119.266716,Y,FEBRUARY,N,VERNON,VERNON,VERNON,Y,Y,N,SOUTHERN INTERIOR,27 ST # 004800 TO 004998 even,27 ST,27 ST,12:00-14:59,1,0
N,PROPERTY DAMAGE ONLY,\N,N,2024,THURSDAY,SIDE IMPACT,N,N,50.285194,-119.264013,Y,FEBRUARY,N,VERNON,VERNON,VERNON,N,Y,N,SOUTHERN INTERIOR,53 AVE # 002400 TO 002501,53 AVE,53 AVE,12:00-14:59,1,0
N,PROPERTY DAMAGE ONLY,\N,N,2024,THURSDAY,SIDE IMPACT,N,N,50.285957,-119.271871,Y,FEBRUARY,N,VERNON,VERNON,VERNON,Y,Y,N,SOUTHERN INTERIOR,ANDERSON WAY # 004800 TO 005601,ANDERSON WAY,ANDERSON WAY,12:00-14:59,1,0
N,PROPERTY DAMAGE ONLY,\N,N,2024,THURSDAY,SIDE IMPACT,N,N,50.444741,-119.184115,Y,FEBRUARY,N,ARMSTRONG,ARMSTRONG,ARMSTRONG,Y,Y,N,SOUTHERN INTERIOR,SMITH DR # 003000 TO 003249,SMITH DR,SMITH DR,12:00-14:59,1,0
N,PROPERTY DAMAGE ONLY,\N,N,2024,THURSDAY,SIDE IMPACT,N,N,50.659733,-120.36976,Y,FEBRUARY,N,KAMLOOPS,KAMLOOPS,KAMLOOPS,Y,Y,N,SOUTHERN INTERIOR,HILLSIDE DR # 001106 TO 001150 even,HILLSIDE DR,HILLSIDE DR,12:00-14:59,1,0
N,PROPERTY DAMAGE ONLY,\N,N,2024,THURSDAY,SIDE IMPACT,N,N,50.692591,-119.297908,Y,FEBRUARY,N,SALMON ARM,SALMON ARM,SALMON ARM,Y,Y,N,SOUTHERN INTERIOR,10 AVE SW # 001000 TO 001200,10 AVE SW,10 AVE SW,12:00-14:59,2,0
N,PROPERTY DAMAGE ONLY,\N,N,2024,THURSDAY,SIDE IMPACT,N,N,50.702096,-120.363377,Y,FEBRUARY,N,KAMLOOPS,KAMLOOPS,KAMLOOPS,Y,Y,N,SOUTHERN INTERIOR,8TH ST # 000870 TO 000958 even,8TH ST,8TH ST,12:00-14:59,1,0
N,PROPERTY DAMAGE ONLY,\N,N,2024,THURSDAY,SIDE IMPACT,N,N,50.705781,-120.364206,Y,FEBRUARY,N,KAMLOOPS,KAMLOOPS,KAMLOOPS,Y,Y,N,SOUTHERN INTERIOR,8TH ST # 001101 TO 001139 odd,8TH ST,8TH ST,12:00-14:59,1,0
N,PROPERTY DAMAGE ONLY,\N,N,2024,THURSDAY,SIDE IMPACT,N,N,50.989797,-118.16924,Y,FEBRUARY,N,REVELSTOKE,REVELSTOKE,REVELSTOKE,Y,N,N,SOUTHERN INTERIOR,POWERHOUSE RD # 001510 TO 001699,POWERHOUSE RD,POWERHOUSE RD,12:00-14:59,1,0
N,PROPERTY DAMAGE ONLY,\N,N,2024,THURSDAY,SIDE IMPACT,N,N,53.888803,-122.769069,Y,FEBRUARY,N,PRINCE GEORGE,PRINCE GEORGE,PRINCE GEORGE,Y,Y,N,NORTH CENTRAL,FERRY AVE # 002121 TO 002299 odd,FERRY AVE,FERRY AVE,12:00-14:59,1,0
N,PROPERTY DAMAGE ONLY,\N,N,2024,THURSDAY,SIDE IMPACT,N,N,53.91424,-122.787671,Y,FEBRUARY,N,PRINCE GEORGE,PRINCE GEORGE,PRINCE GEORGE,Y,Y,N,NORTH CENTRAL,BABINE CRES # 001040 TO 001199,BABINE CRES,BABINE CRES,12:00-14:59,1,0
N,PROPERTY DAMAGE ONLY,\N,N,2024,THURSDAY,SIDE IMPACT,N,N,53.918371,-122.782179,Y,FEBRUARY,N,PRINCE GEORGE,PRINCE GEORGE,PRINCE GEORGE,Y,Y,N,NORTH CENTRAL,CENTRAL ST W # 000646 TO 000799,CENTRAL ST W,CENTRAL ST W,12:00-14:59,1,0
N,PROPERTY DAMAGE ONLY,\N,N,2024,THURSDAY,SIDE IMPACT,N,N,54.053929,-128.651253,Y,FEBRUARY,N,KITIMAT,KITIMAT,KITIMAT,Y,Y,N,NORTH CENTRAL,TSIMSHIAN BLVD # 000850 TO 000899,TSIMSHIAN BLVD,TSIMSHIAN BLVD,12:00-14:59,1,0
N,PROPERTY DAMAGE ONLY,\N,N,2024,THURSDAY,SIDE IMPACT,N,N,54.313058,-130.326274,Y,FEBRUARY,N,PRINCE RUPERT,PRINCE RUPERT,PRINCE RUPERT,Y,N,N,NORTH CENTRAL,2ND AVE W # 000400 TO 000499,2ND AVE W,2ND AVE W,12:00-14:59,1,0
N,PROPERTY DAMAGE ONLY,\N,N,2024,THURSDAY,SIDE IMPACT,N,N,54.517049,-128.595571,Y,FEBRUARY,N,TERRACE,TERRACE,TERRACE,Y,Y,N,NORTH CENTRAL,LAKELSE AVE # 004700 TO 004799,LAKELSE AVE,LAKELSE AVE,12:00-14:59,1,0
N,PROPERTY DAMAGE ONLY,\N,N,2024,THURSDAY,SIDE IMPACT,N,N,56.251081,-120.850184,Y,FEBRUARY,N,FORT ST. JOHN,FORT ST. JOHN,FORT ST. JOHN,Y,Y,N,NORTH CENTRAL,105 AVE # 010100 TO 010199,105 AVE,105 AVE,12:00-14:59,1,0
N,PROPERTY DAMAGE ONLY,\N,N,2024,THURSDAY,SIDE IMPACT,N,N,58.811423,-122.690613,Y,FEBRUARY,N,FORT NELSON,FORT NELSON,FORT NELSON,Y,N,N,NORTH CENTRAL,48TH ST # 005500 TO 005599,48TH ST,48TH ST,12:00-14:59,1,0
N,PROPERTY DAMAGE ONLY,\N,N,2024,THURSDAY,SIDE IMPACT,Y,N,\N,\N,N,FEBRUARY,N,CHILLIWACK,CHILLIWACK,\N,Y,Y,N,LOWER MAINLAND,UNKNOWN,YALE RD,YALE RD,12:00-14:59,1,0
N,PROPERTY DAMAGE ONLY,\N,N,2024,THURSDAY,SIDE IMPACT,Y,N,\N,\N,N,FEBRUARY,N,FIELD,FIELD,\N,N,N,N,SOUTHERN INTERIOR,UNKNOWN,TRANS CANADA HWY,TRANS CANADA HWY,12:00-14:59,1,0
N,PROPERTY DAMAGE ONLY,\N,N,2024,THURSDAY,SIDE IMPACT,Y,N,\N,\N,N,FEBRUARY,N,LANGFORD,LANGFORD,\N,Y,N,N,VANCOUVER ISLAND,UNKNOWN,BEARMOUNTAIN PKY,BEARMOUNTAIN PKY,12:00-14:59,1,0
N,PROPERTY DAMAGE ONLY,\N,N,2024,THURSDAY,SIDE IMPACT,Y,N,\N,\N,N,FEBRUARY,N,LANGFORD,LANGFORD,\N,Y,N,N,VANCOUVER ISLAND,UNKNOWN,TRANS-CANADA HWY,TRANS-CANADA HWY,12:00-14:59,1,0
N,PROPERTY DAMAGE ONLY,\N,N,2024,THURSDAY,SIDE IMPACT,Y,N,\N,\N,N,FEBRUARY,N,NANOOSE BAY,NANOOSE BAY,\N,N,N,N,VANCOUVER ISLAND,UNKNOWN,HWY 19,HWY 19,12:00-14:59,1,0
N,PROPERTY DAMAGE ONLY,\N,N,2024,THURSDAY,SIDE IMPACT,Y,N,54.063475,-123.997143,Y,FEBRUARY,N,VANDERHOOF,VANDERHOOF,VANDERHOOF,Y,N,N,NORTH CENTRAL,MCLEOD RD # 004800 TO 006339,MCLEOD RD,MCLEOD RD,12:00-14:59,1,0
N,PROPERTY DAMAGE ONLY,\N,N,2024,THURSDAY,SIDE SWIPE - OPPOSITE DIRECTION,N,N,\N,\N,N,FEBRUARY,N,PRINCE GEORGE,PRINCE GEORGE,\N,N,N,N,NORTH CENTRAL,UNKNOWN,JOHN HART HWY,JOHN HART HWY,12:00-14:59,1,0
N,PROPERTY DAMAGE ONLY,\N,N,2024,THURSDAY,SIDE SWIPE - OPPOSITE DIRECTION,N,N,49.187003,-122.845527,Y,FEBRUARY,N,SURREY,SURREY,SURREY,Y,Y,N,LOWER MAINLAND,KING GEORGE BLVD # 010153 TO 010199 odd,KING GEORGE BLVD,KING GEORGE BLVD,12:00-14:59,1,0
N,PROPERTY DAMAGE ONLY,\N,N,2024,THURSDAY,SIDE SWIPE - SAME DIRECTION,N,N,\N,\N,N,FEBRUARY,N,COQUITLAM,COQUITLAM,\N,N,N,N,LOWER MAINLAND,UNKNOWN,HWY 1,HWY 1,12:00-14:59,1,0
N,PROPERTY DAMAGE ONLY,\N,N,2024,THURSDAY,SIDE SWIPE - SAME DIRECTION,N,N,\N,\N,N,FEBRUARY,N,DELTA,DELTA,\N,Y,Y,N,LOWER MAINLAND,UNKNOWN,MOUNTAIN VIEW BLVD,MOUNTAIN VIEW BLVD,12:00-14:59,1,0
N,PROPERTY DAMAGE ONLY,\N,N,2024,THURSDAY,SIDE SWIPE - SAME DIRECTION,N,N,\N,\N,N,FEBRUARY,N,MISSION,MISSION,\N,N,N,N,LOWER MAINLAND,UNKNOWN,BEST AVE,BEST AVE,12:00-14:59,1,0
N,PROPERTY DAMAGE ONLY,\N,N,2024,THURSDAY,SIDE SWIPE - SAME DIRECTION,N,N,\N,\N,N,FEBRUARY,N,VANCOUVER,VANCOUVER,\N,N,N,N,LOWER MAINLAND,UNKNOWN,HWY 1,HWY 1,12:00-14:59,1,0
N,PROPERTY DAMAGE ONLY,\N,N,2024,THURSDAY,SIDE SWIPE - SAME DIRECTION,N,N,\N,\N,N,FEBRUARY,N,VANCOUVER,VANCOUVER,\N,Y,N,N,LOWER MAINLAND,UNKNOWN,BURRARD ST,BURRARD ST,12:00-14:59,1,0
N,PROPERTY DAMAGE ONLY,\N,N,2024,THURSDAY,SIDE SWIPE - SAME DIRECTION,N,N,48.443118,-123.468816,Y,FEBRUARY,N,COLWOOD,COLWOOD,COLWOOD,Y,Y,N,VANCOUVER ISLAND,ISLAND HWY # 001828 TO 001948 even,ISLAND HWY,ISLAND HWY,12:00-14:59,1,0
N,PROPERTY DAMAGE ONLY,\N,N,2024,THURSDAY,SIDE SWIPE - SAME DIRECTION,N,N,48.458967,-123.503043,Y,FEBRUARY,N,LANGFORD,LANGFORD,LANGFORD,Y,Y,N,VANCOUVER ISLAND,MCCALLUM RD # 000790 TO 000799,MCCALLUM RD,MCCALLUM RD,12:00-14:59,1,0
N,PROPERTY DAMAGE ONLY,\N,N,2024,THURSDAY,SIDE SWIPE - SAME DIRECTION,N,N,49.032055,-122.801128,Y,FEBRUARY,N,SURREY,SURREY,SURREY,Y,Y,N,LOWER MAINLAND,152 ST # 001600 TO 001698 even,152 ST,152 ST,12:00-14:59,1,0
N,PROPERTY DAMAGE ONLY,\N,N,2024,THURSDAY,SIDE SWIPE - SAME DIRECTION,N,N,49.067601,-122.36207,Y,FEBRUARY,N,ABBOTSFORD,ABBOTSFORD,ABBOTSFORD,N,Y,N,LOWER MAINLAND,BLUERIDGE DR # 031150 TO 031150 even,BLUERIDGE DR,BLUERIDGE DR,12:00-14:59,1,0
N,PROPERTY DAMAGE ONLY,\N,N,2024,THURSDAY,SIDE SWIPE - SAME DIRECTION,N,N,49.104745,-121.964142,Y,FEBRUARY,N,CHILLIWACK,CHILLIWACK,CHILLIWACK,Y,Y,N,LOWER MAINLAND,MARKET WAY # 045530 TO 045599,MARKET WAY,MARKET WAY,12:00-14:59,1,0
N,PROPERTY DAMAGE ONLY,\N,N,2024,THURSDAY,SIDE SWIPE - SAME DIRECTION,N,N,49.123181,-121.959849,Y,FEBRUARY,N,CHILLIWACK,CHILLIWACK,CHILLIWACK,Y,Y,N,LOWER MAINLAND,VEDDER RD # 006630 TO 006640,VEDDER RD,VEDDER RD,12:00-14:59,1,0
N,PROPERTY DAMAGE ONLY,\N,N,2024,THURSDAY,SIDE SWIPE - SAME DIRECTION,N,N,49.140145,-122.845542,Y,FEBRUARY,N,SURREY,SURREY,SURREY,Y,Y,N,LOWER MAINLAND,KING GEORGE BLVD # 007544 TO 007598 even,KING GEORGE BLVD,KING GEORGE BLVD,12:00-14:59,1,0
N,PROPERTY DAMAGE ONLY,\N,N,2024,THURSDAY,SIDE SWIPE - SAME DIRECTION,N,N,49.140926,-122.831102,Y,FEBRUARY,N,SURREY,SURREY,SURREY,Y,Y,N,LOWER MAINLAND,76 AVE # 014050 TO 014199,76 AVE,76 AVE,12:00-14:59,1,0
N,PROPERTY DAMAGE ONLY,\N,N,2024,THURSDAY,SIDE SWIPE - SAME DIRECTION,N,N,49.149464,-122.759159,Y,FEBRUARY,N,SURREY,SURREY,SURREY,Y,Y,N,LOWER MAINLAND,FRASER HWY # 016601 TO 016789 odd,FRASER HWY,FRASER HWY,12:00-14:59,1,0
N,PROPERTY DAMAGE ONLY,\N,N,2024,THURSDAY,SIDE SWIPE - SAME DIRECTION,N,N,49.17073,-123.136614,Y,FEBRUARY,N,RICHMOND,RICHMOND,RICHMOND,Y,Y,N,LOWER MAINLAND,NO 3 RD # 005941 TO 005999 odd,NO 3 RD,NO 3 RD,12:00-14:59,1,0
N,PROPERTY DAMAGE ONLY,\N,N,2024,THURSDAY,SIDE SWIPE - SAME DIRECTION,N,N,49.177142,-122.866041,Y,FEBRUARY,N,SURREY,SURREY,SURREY,Y,Y,N,LOWER MAINLAND,96 AVE # 012800 TO 012939,96 AVE,96 AVE,12:00-14:59,1,0
N,PROPERTY DAMAGE ONLY,\N,N,2024,THURSDAY,SIDE SWIPE - SAME DIRECTION,N,N,49.177331,-123.122877,Y,FEBRUARY,N,RICHMOND,RICHMOND,RICHMOND,Y,Y,N,LOWER MAINLAND,ALDERBRIDGE WAY # 009001 TO 009299 odd,ALDERBRIDGE WAY,ALDERBRIDGE WAY,12:00-14:59,1,0
N,PROPERTY DAMAGE ONLY,\N,N,2024,THURSDAY,SIDE SWIPE - SAME DIRECTION,N,N,49.186727,-122.952243,Y,FEBRUARY,N,NEW WESTMINSTER,NEW WESTMINSTER,NEW WESTMINSTER,Y,Y,N,LOWER MAINLAND,TANAKA CRT # 001084 TO 001199,TANAKA CRT,TANAKA CRT,12:00-14:59,1,0
N,PROPERTY DAMAGE ONLY,\N,N,2024,THURSDAY,SIDE SWIPE - SAME DIRECTION,N,N,49.204273,-122.913417,Y,FEBRUARY,N,NEW WESTMINSTER,NEW WESTMINSTER,NEW WESTMINSTER,N,Y,N,LOWER MAINLAND,ROYAL AVE # 000700 TO 000804 even,ROYAL AVE,ROYAL AVE,12:00-14:59,1,0
N,PROPERTY DAMAGE ONLY,\N,N,2024,THURSDAY,SIDE SWIPE - SAME DIRECTION,N,N,49.204967,-122.680417,Y,FEBRUARY,N,PITT MEADOWS,PITT MEADOWS,PITT MEADOWS,Y,N,N,LOWER MAINLAND,CALLAGHAN CLOSE # 011100 TO 011149,CALLAGHAN CLOSE,CALLAGHAN CLOSE,12:00-14:59,1,0
N,PROPERTY DAMAGE ONLY,\N,N,2024,THURSDAY,SIDE SWIPE - SAME DIRECTION,N,N,49.223803,-122.89198,Y,FEBRUARY,N,NEW WESTMINSTER,NEW WESTMINSTER,NEW WESTMINSTER,N,Y,N,LOWER MAINLAND,NELSONS CRES # 000200 TO 000248,NELSONS CRES,NELSONS CRES,12:00-14:59,1,0
N,PROPERTY DAMAGE ONLY,\N,N,2024,THURSDAY,SIDE SWIPE - SAME DIRECTION,N,N,49.234601,-123.15664,Y,FEBRUARY,N,VANCOUVER,VANCOUVER,VANCOUVER,Y,Y,N,LOWER MAINLAND,W 41ST AVE # 002100 TO 002199,W 41ST AVE,W 41ST AVE,12:00-14:59,1,0
N,PROPERTY DAMAGE ONLY,\N,N,2024,THURSDAY,SIDE SWIPE - SAME DIRECTION,N,N,49.235611,-123.162711,Y,FEBRUARY,N,VANCOUVER,VANCOUVER,VANCOUVER,N,N,N,LOWER MAINLAND,LARCH ST # 005500 TO 005699,LARCH ST,LARCH ST,12:00-14:59,1,0
N,PROPERTY DAMAGE ONLY,\N,N,2024,THURSDAY,SIDE SWIPE - SAME DIRECTION,N,N,49.239569,-122.959872,Y,FEBRUARY,N,BURNABY,BURNABY,BURNABY,Y,N,N,LOWER MAINLAND,MCCARTHY CRT # 007700 TO 007749,MCCARTHY CRT,MCCARTHY CRT,12:00-14:59,1,0
N,PROPERTY DAMAGE ONLY,\N,N,2024,THURSDAY,SIDE SWIPE - SAME DIRECTION,N,N,49.246599,-123.101199,Y,FEBRUARY,N,VANCOUVER,VANCOUVER,VANCOUVER,Y,N,N,LOWER MAINLAND,MAIN ST # 004240 TO 004399,MAIN ST,MAIN ST,12:00-14:59,1,0
N,PROPERTY DAMAGE ONLY,\N,N,2024,THURSDAY,SIDE SWIPE - SAME DIRECTION,N,N,49.251266,-122.762374,Y,FEBRUARY,N,PORT COQUITLAM,PORT COQUITLAM,PORT COQUITLAM,N,Y,N,LOWER MAINLAND,BROADWAY ST # 001850 TO 001959,BROADWAY ST,BROADWAY ST,12:00-14:59,1,0
N,PROPERTY DAMAGE ONLY,\N,N,2024,THURSDAY,SIDE SWIPE - SAME DIRECTION,N,N,49.258042,-123.141917,Y,FEBRUARY,N,VANCOUVER,VANCOUVER,VANCOUVER,Y,Y,N,LOWER MAINLAND,W 15TH AVE # 001600 TO 001699,W 15TH AVE,W 15TH AVE,12:00-14:59,1,0
N,PROPERTY DAMAGE ONLY,\N,N,2024,THURSDAY,SIDE SWIPE - SAME DIRECTION,N,N,49.26574,-123.163486,Y,FEBRUARY,N,VANCOUVER,VANCOUVER,VANCOUVER,Y,N,N,LOWER MAINLAND,W 7TH AVE # 002500 TO 002599,W 7TH AVE,W 7TH AVE,12:00-14:59,1,0
N,PROPERTY DAMAGE ONLY,\N,N,2024,THURSDAY,SIDE SWIPE - SAME DIRECTION,N,N,49.270293,-123.136584,Y,FEBRUARY,N,VANCOUVER,VANCOUVER,VANCOUVER,N,N,N,LOWER MAINLAND,ANDERSON ST # 001500 TO 001699,ANDERSON ST,ANDERSON ST,12:00-14:59,1,0
N,PROPERTY DAMAGE ONLY,\N,N,2024,THURSDAY,SIDE SWIPE - SAME DIRECTION,N,N,49.278955,-123.117665,Y,FEBRUARY,N,VANCOUVER,VANCOUVER,VANCOUVER,Y,N,N,LOWER MAINLAND,HOMER ST # 000800 TO 000899,HOMER ST,HOMER ST,12:00-14:59,1,0
N,PROPERTY DAMAGE ONLY,\N,N,2024,THURSDAY,SIDE SWIPE - SAME DIRECTION,N,N,49.279465,-123.101322,Y,FEBRUARY,N,VANCOUVER,VANCOUVER,VANCOUVER,Y,N,N,LOWER MAINLAND,KEEFER ST # 000100 TO 000171,KEEFER ST,KEEFER ST,12:00-14:59,1,0
N,PROPERTY DAMAGE ONLY,\N,N,2024,THURSDAY,SIDE SWIPE - SAME DIRECTION,N,N,49.280846,-123.120604,Y,FEBRUARY,N,VANCOUVER,VANCOUVER,VANCOUVER,Y,N,N,LOWER MAINLAND,GRANVILLE ST # 000800 TO 000899,GRANVILLE ST,GRANVILLE ST,12:00-14:59,1,0
N,PROPERTY DAMAGE ONLY,\N,N,2024,THURSDAY,SIDE SWIPE - SAME DIRECTION,N,N,49.290594,-123.136792,Y,FEBRUARY,N,VANCOUVER,VANCOUVER,VANCOUVER,Y,Y,N,LOWER MAINLAND,DENMAN ST # 000851 TO 000895,DENMAN ST,DENMAN ST,12:00-14:59,1,0
N,PROPERTY DAMAGE ONLY,\N,N,2024,THURSDAY,SIDE SWIPE - SAME DIRECTION,N,N,49.291479,-123.128052,Y,FEBRUARY,N,VANCOUVER,VANCOUVER,VANCOUVER,Y,N,N,LOWER MAINLAND,COAL HARBOUR QUAY # 001500 TO 001599,COAL HARBOUR QUAY,COAL HARBOUR QUAY,12:00-14:59,1,0
N,PROPERTY DAMAGE ONLY,\N,N,2024,THURSDAY,SIDE SWIPE - SAME DIRECTION,N,N,49.305532,-117.658362,Y,FEBRUARY,N,CASTLEGAR,CASTLEGAR,CASTLEGAR,N,Y,N,SOUTHERN INTERIOR,COLUMBIA AVE # 001521 TO 001525 odd,COLUMBIA AVE,COLUMBIA AVE,12:00-14:59,1,0
N,PROPERTY DAMAGE ONLY,\N,N,2024,THURSDAY,SIDE SWIPE - SAME DIRECTION,N,N,49.373875,-123.272954,Y,FEBRUARY,N,WEST VANCOUVER,WEST VANCOUVER,WEST VANCOUVER,N,Y,N,LOWER MAINLAND,KEITH RD # 006600 TO 006768,KEITH RD,KEITH RD,12:00-14:59,1,0
N,PROPERTY DAMAGE ONLY,\N,N,2024,THURSDAY,SIDE SWIPE - SAME DIRECTION,N,N,49.866602,-124.546588,Y,FEBRUARY,N,POWELL RIVER,POWELL RIVER,POWELL RIVER,Y,N,N,VANCOUVER ISLAND,MAPLE AVE # 005520 TO 005569,MAPLE AVE,MAPLE AVE,12:00-14:59,1,0
N,PROPERTY DAMAGE ONLY,\N,N,2024,THURSDAY,SIDE SWIPE - SAME DIRECTION,N,N,50.940107,-119.147568,Y,FEBRUARY,N,EAGLE BAY,EAGLE BAY,EAGLE BAY,Y,N,N,SOUTHERN INTERIOR,EAGLE BAY RD # 005740 TO 005813,EAGLE BAY RD,EAGLE BAY RD,12:00-14:59,1,0
N,PROPERTY DAMAGE ONLY,\N,N,2024,THURSDAY,SIDE SWIPE - SAME DIRECTION,N,N,53.863301,-122.766594,Y,FEBRUARY,N,PRINCE GEORGE,PRINCE GEORGE,PRINCE GEORGE,Y,Y,N,NORTH CENTRAL,DOMANO BLVD # 006050 TO 006274 even,DOMANO BLVD,DOMANO BLVD,12:00-14:59,1,0
N,PROPERTY DAMAGE ONLY,\N,N,2024,THURSDAY,SIDE SWIPE - SAME DIRECTION,N,N,53.919174,-122.74806,Y,FEBRUARY,N,PRINCE GEORGE,PRINCE GEORGE,PRINCE GEORGE,Y,N,N,NORTH CENTRAL,VICTORIA ST # 000100 TO 000199,VICTORIA ST,VICTORIA ST,12:00-14:59,1,0
N,PROPERTY DAMAGE ONLY,\N,N,2024,THURSDAY,SIDE SWIPE - SAME DIRECTION,Y,N,\N,\N,N,FEBRUARY,N,ABBOTSFORD,ABBOTSFORD,\N,N,N,N,LOWER MAINLAND,UNKNOWN,SUMAS WAY,SUMAS WAY,12:00-14:59,1,0
N,PROPERTY DAMAGE ONLY,\N,N,2024,THURSDAY,SINGLE VEHICLE,N,N,\N,\N,N,FEBRUARY,N,BIG LAKE RANCH,BIG LAKE RANCH,\N,N,N,N,NORTH CENTRAL,UNKNOWN,BEAVER LAKE RD,BEAVER LAKE RD,12:00-14:59,1,0
N,PROPERTY DAMAGE ONLY,\N,N,2024,THURSDAY,SINGLE VEHICLE,N,N,\N,\N,N,FEBRUARY,N,BURNABY,BURNABY,\N,N,N,N,LOWER MAINLAND,UNKNOWN,UNKNOWN,UNKNOWN,12:00-14:59,1,0
N,PROPERTY DAMAGE ONLY,\N,N,2024,THURSDAY,SINGLE VEHICLE,N,N,\N,\N,N,FEBRUARY,N,BURNABY,BURNABY,\N,Y,Y,N,LOWER MAINLAND,UNKNOWN,E 1ST AVE,E 1ST AVE,12:00-14:59,1,0
N,PROPERTY DAMAGE ONLY,\N,N,2024,THURSDAY,SINGLE VEHICLE,N,N,\N,\N,N,FEBRUARY,N,CAMPBELL RIVER,CAMPBELL RIVER,\N,N,N,N,VANCOUVER ISLAND,UNKNOWN,WILLIS RD,WILLIS RD,12:00-14:59,1,0
N,PROPERTY DAMAGE ONLY,\N,N,2024,THURSDAY,SINGLE VEHICLE,N,N,\N,\N,N,FEBRUARY,N,CHILLIWACK,CHILLIWACK,\N,N,N,N,LOWER MAINLAND,UNKNOWN,CHILLIWACK CENTRAL RD,CHILLIWACK CENTRAL RD,12:00-14:59,1,0
N,PROPERTY DAMAGE ONLY,\N,N,2024,THURSDAY,SINGLE VEHICLE,N,N,\N,\N,N,FEBRUARY,N,COQUITLAM,COQUITLAM,\N,N,N,N,LOWER MAINLAND,UNKNOWN,HWY 1,HWY 1,12:00-14:59,2,0
N,PROPERTY DAMAGE ONLY,\N,N,2024,THURSDAY,SINGLE VEHICLE,N,N,\N,\N,N,FEBRUARY,N,DELTA,DELTA,\N,N,N,N,LOWER MAINLAND,UNKNOWN,HWY 91,HWY 91,12:00-14:59,1,0
N,PROPERTY DAMAGE ONLY,\N,N,2024,THURSDAY,SINGLE VEHICLE,N,N,\N,\N,N,FEBRUARY,N,DEROCHE,DEROCHE,\N,N,N,N,LOWER MAINLAND,UNKNOWN,HWY 7,HWY 7,12:00-14:59,1,0
N,PROPERTY DAMAGE ONLY,\N,N,2024,THURSDAY,SINGLE VEHICLE,N,N,\N,\N,N,FEBRUARY,N,DUNCAN,DUNCAN,\N,N,N,N,VANCOUVER ISLAND,UNKNOWN,WHISTLER ST,WHISTLER ST,12:00-14:59,1,0
N,PROPERTY DAMAGE ONLY,\N,N,2024,THURSDAY,SINGLE VEHICLE,N,N,\N,\N,N,FEBRUARY,N,GIBSONS,GIBSONS,\N,N,N,N,LOWER MAINLAND,UNKNOWN,MARINE DR,MARINE DR,12:00-14:59,1,0
N,PROPERTY DAMAGE ONLY,\N,N,2024,THURSDAY,SINGLE VEHICLE,N,N,\N,\N,N,FEBRUARY,N,HAZELTON RURAL,HAZELTON RURAL,\N,N,Y,N,NORTH CENTRAL,UNKNOWN,KISPIOX VALLEY RD,KISPIOX VALLEY RD,12:00-14:59,1,0
N,PROPERTY DAMAGE ONLY,\N,N,2024,THURSDAY,SINGLE VEHICLE,N,N,\N,\N,N,FEBRUARY,N,HEFFLEY CREEK,HEFFLEY CREEK,\N,N,N,N,SOUTHERN INTERIOR,UNKNOWN,KNOUFF LAKE RD,KNOUFF LAKE RD,12:00-14:59,1,0
N,PROPERTY DAMAGE ONLY,\N,N,2024,THURSDAY,SINGLE VEHICLE,N,N,\N,\N,N,FEBRUARY,N,KELOWNA,KELOWNA,\N,N,N,N,SOUTHERN INTERIOR,UNKNOWN,BEAVER LAKE RD,BEAVER LAKE RD,12:00-14:59,1,0
N,PROPERTY DAMAGE ONLY,\N,N,2024,THURSDAY,SINGLE VEHICLE,N,N,\N,\N,N,FEBRUARY,N,LADYSMITH,LADYSMITH,\N,N,N,N,VANCOUVER ISLAND,UNKNOWN,HWY 1,HWY 1,12:00-14:59,1,0
N,PROPERTY DAMAGE ONLY,\N,N,2024,THURSDAY,SINGLE VEHICLE,N,N,\N,\N,N,FEBRUARY,N,LADYSMITH,LADYSMITH,\N,N,N,N,VANCOUVER ISLAND,UNKNOWN,ISLAND HWY,ISLAND HWY,12:00-14:59,1,0
N,PROPERTY DAMAGE ONLY,\N,N,2024,THURSDAY,SINGLE VEHICLE,N,N,\N,\N,N,FEBRUARY,N,LANGLEY,LANGLEY,\N,N,N,N,LOWER MAINLAND,UNKNOWN,FRASER HWY,FRASER HWY,12:00-14:59,1,0
N,PROPERTY DAMAGE ONLY,\N,N,2024,THURSDAY,SINGLE VEHICLE,N,N,\N,\N,N,FEBRUARY,N,LANGLEY,LANGLEY,\N,N,Y,N,LOWER MAINLAND,UNKNOWN,81 AVE,81 AVE,12:00-14:59,1,0
N,PROPERTY DAMAGE ONLY,\N,N,2024,THURSDAY,SINGLE VEHICLE,N,N,\N,\N,N,FEBRUARY,N,LILLOOET,LILLOOET,\N,N,N,N,SOUTHERN INTERIOR,UNKNOWN,HWY 99,HWY 99,12:00-14:59,1,0
N,PROPERTY DAMAGE ONLY,\N,N,2024,THURSDAY,SINGLE VEHICLE,N,N,\N,\N,N,FEBRUARY,N,MANNING PARK,MANNING PARK,\N,N,N,N,SOUTHERN INTERIOR,UNKNOWN,HWY 3,HWY 3,12:00-14:59,1,0
N,PROPERTY DAMAGE ONLY,\N,N,2024,THURSDAY,SINGLE VEHICLE,N,N,\N,\N,N,FEBRUARY,N,MILL BAY,MILL BAY,\N,N,N,N,VANCOUVER ISLAND,UNKNOWN,MALAHAT,MALAHAT,12:00-14:59,1,0
N,PROPERTY DAMAGE ONLY,\N,N,2024,THURSDAY,SINGLE VEHICLE,N,N,\N,\N,N,FEBRUARY,N,NANAIMO,NANAIMO,\N,N,N,N,VANCOUVER ISLAND,UNKNOWN,ROSECROFT PL,ROSECROFT PL,12:00-14:59,1,0
N,PROPERTY DAMAGE ONLY,\N,N,2024,THURSDAY,SINGLE VEHICLE,N,N,\N,\N,N,FEBRUARY,N,NECHAKO,NECHAKO,\N,N,N,N,NORTH CENTRAL,UNKNOWN,LIND LAKE PIT ROAD,LIND LAKE PIT ROAD,12:00-14:59,1,0
N,PROPERTY DAMAGE ONLY,\N,N,2024,THURSDAY,SINGLE VEHICLE,N,N,\N,\N,N,FEBRUARY,N,NEMAIAH VALLEY,NEMAIAH VALLEY,\N,N,N,N,NORTH CENTRAL,UNKNOWN,NEMAIAH VALLEY RD,NEMAIAH VALLEY RD,12:00-14:59,1,0
N,PROPERTY DAMAGE ONLY,\N,N,2024,THURSDAY,SINGLE VEHICLE,N,N,\N,\N,N,FEBRUARY,N,NEW WESTMINSTER,NEW WESTMINSTER,\N,N,N,N,LOWER MAINLAND,UNKNOWN,HWY 91A,HWY 91A,12:00-14:59,1,0
N,PROPERTY DAMAGE ONLY,\N,N,2024,THURSDAY,SINGLE VEHICLE,N,N,\N,\N,N,FEBRUARY,N,PRINCE GEORGE,PRINCE GEORGE,\N,N,N,N,NORTH CENTRAL,UNKNOWN,CARMEL DR,CARMEL DR,12:00-14:59,1,0
N,PROPERTY DAMAGE ONLY,\N,N,2024,THURSDAY,SINGLE VEHICLE,N,N,\N,\N,N,FEBRUARY,N,QUESNEL,QUESNEL,\N,N,N,N,NORTH CENTRAL,UNKNOWN,QUESNEL-HYDRAULIC RD,QUESNEL-HYDRAULIC RD,12:00-14:59,1,0
N,PROPERTY DAMAGE ONLY,\N,N,2024,THURSDAY,SINGLE VEHICLE,N,N,\N,\N,N,FEBRUARY,N,SUMMERLAND,SUMMERLAND,\N,N,N,N,SOUTHERN INTERIOR,UNKNOWN,HWY 97,HWY 97,12:00-14:59,1,0
N,PROPERTY DAMAGE ONLY,\N,N,2024,THURSDAY,SINGLE VEHICLE,N,N,\N,\N,N,FEBRUARY,N,SURREY,SURREY,\N,N,N,N,LOWER MAINLAND,UNKNOWN,KING GEORGE HWY,KING GEORGE HWY,12:00-14:59,1,0
N,PROPERTY DAMAGE ONLY,\N,N,2024,THURSDAY,SINGLE VEHICLE,N,N,\N,\N,N,FEBRUARY,N,UNKNOWN,UNKNOWN,\N,N,N,N,UNKNOWN,UNKNOWN,HWY 3A,HWY 3A,12:00-14:59,1,0
N,PROPERTY DAMAGE ONLY,\N,N,2024,THURSDAY,SINGLE VEHICLE,N,N,\N,\N,N,FEBRUARY,N,UNKNOWN,UNKNOWN,\N,N,N,N,UNKNOWN,UNKNOWN,UNKNOWN,UNKNOWN,12:00-14:59,2,0
N,PROPERTY DAMAGE ONLY,\N,N,2024,THURSDAY,SINGLE VEHICLE,N,N,\N,\N,N,FEBRUARY,N,VANCOUVER,VANCOUVER,\N,N,N,N,LOWER MAINLAND,UNKNOWN,BUTE ST,BUTE ST,12:00-14:59,1,0
N,PROPERTY DAMAGE ONLY,\N,N,2024,THURSDAY,SINGLE VEHICLE,N,N,\N,\N,N,FEBRUARY,N,VANCOUVER,VANCOUVER,\N,N,Y,N,LOWER MAINLAND,UNKNOWN,JOHNSTON ST,JOHNSTON ST,12:00-14:59,1,0
N,PROPERTY DAMAGE ONLY,\N,N,2024,THURSDAY,SINGLE VEHICLE,N,N,\N,\N,N,FEBRUARY,N,VANCOUVER,VANCOUVER,\N,Y,N,N,LOWER MAINLAND,UNKNOWN,UNKNOWN,UNKNOWN,12:00-14:59,2,0
N,PROPERTY DAMAGE ONLY,\N,N,2024,THURSDAY,SINGLE VEHICLE,N,N,\N,\N,N,FEBRUARY,N,VICTORIA,VICTORIA,\N,N,Y,N,VANCOUVER ISLAND,UNKNOWN,UPTOWN BLVD,UPTOWN BLVD,12:00-14:59,1,0
N,PROPERTY DAMAGE ONLY,\N,N,2024,THURSDAY,SINGLE VEHICLE,N,N,\N,\N,N,FEBRUARY,N,VICTORIA,VICTORIA,\N,Y,Y,N,VANCOUVER ISLAND,UNKNOWN,SAANICH RD,SAANICH RD,12:00-14:59,1,0
N,PROPERTY DAMAGE ONLY,\N,N,2024,THURSDAY,SINGLE VEHICLE,N,N,48.37042,-123.728429,Y,FEBRUARY,N,SOOKE,SOOKE,SOOKE,N,N,N,VANCOUVER ISLAND,WEST COAST RD # 006844 TO 006859,WEST COAST RD,WEST COAST RD,12:00-14:59,1,0
N,PROPERTY DAMAGE ONLY,\N,N,2024,THURSDAY,SINGLE VEHICLE,N,N,48.423638,-123.363796,Y,FEBRUARY,N,VICTORIA,VICTORIA,VICTORIA,N,Y,N,VANCOUVER ISLAND,BROUGHTON ST # 000722 TO 000799,BROUGHTON ST,BROUGHTON ST,12:00-14:59,1,0
N,PROPERTY DAMAGE ONLY,\N,N,2024,THURSDAY,SINGLE VEHICLE,N,N,48.429436,-123.363199,Y,FEBRUARY,N,VICTORIA,VICTORIA,VICTORIA,N,Y,N,VANCOUVER ISLAND,FISGARD ST # 000700 TO 000799,FISGARD ST,FISGARD ST,12:00-14:59,1,0
N,PROPERTY DAMAGE ONLY,\N,N,2024,THURSDAY,SINGLE VEHICLE,N,N,48.433105,-123.364599,Y,FEBRUARY,N,VICTORIA,VICTORIA,VICTORIA,N,Y,N,VANCOUVER ISLAND,DOUGLAS ST # 002100 TO 002199,DOUGLAS ST,DOUGLAS ST,12:00-14:59,1,0
N,PROPERTY DAMAGE ONLY,\N,N,2024,THURSDAY,SINGLE VEHICLE,N,N,48.477557,-123.329561,Y,FEBRUARY,N,SAANICH,SAANICH,SAANICH,N,Y,N,VANCOUVER ISLAND,LAMBRICK WAY # 004100 TO 004109,LAMBRICK WAY,LAMBRICK WAY,12:00-14:59,1,0
N,PROPERTY DAMAGE ONLY,\N,N,2024,THURSDAY,SINGLE VEHICLE,N,N,48.566399,-123.417198,Y,FEBRUARY,N,CENTRAL SAANICH,CENTRAL SAANICH,CENTRAL SAANICH,N,N,N,VANCOUVER ISLAND,OLDFIELD RD # 006760 TO 006799,OLDFIELD RD,OLDFIELD RD,12:00-14:59,1,0
N,PROPERTY DAMAGE ONLY,\N,N,2024,THURSDAY,SINGLE VEHICLE,N,N,48.647622,-123.394924,Y,FEBRUARY,N,SIDNEY,SIDNEY,SIDNEY,N,N,N,VANCOUVER ISLAND,BEVAN AVE # 002530 TO 002551,BEVAN AVE,BEVAN AVE,12:00-14:59,1,0
N,PROPERTY DAMAGE ONLY,\N,N,2024,THURSDAY,SINGLE VEHICLE,N,N,48.736773,-123.186557,Y,FEBRUARY,N,PENDER ISLAND,PENDER ISLAND,PENDER ISLAND,N,Y,N,VANCOUVER ISLAND,KLOSHE RD # 009900 TO 009909,KLOSHE RD,KLOSHE RD,12:00-14:59,1,0
N,PROPERTY DAMAGE ONLY,\N,N,2024,THURSDAY,SINGLE VEHICLE,N,N,48.778097,-123.707044,Y,FEBRUARY,N,DUNCAN,DUNCAN,DUNCAN,N,N,N,VANCOUVER ISLAND,CANADA AVE # 000100 TO 000199,CANADA AVE,CANADA AVE,12:00-14:59,1,0
N,PROPERTY DAMAGE ONLY,\N,N,2024,THURSDAY,SINGLE VEHICLE,N,N,48.790502000000004,-123.723735,Y,FEBRUARY,N,DUNCAN,DUNCAN,DUNCAN,N,N,N,VANCOUVER ISLAND,GEORGE ST # 003050 TO 003068,GEORGE ST,GEORGE ST,12:00-14:59,1,0
N,PROPERTY DAMAGE ONLY,\N,N,2024,THURSDAY,SINGLE VEHICLE,N,N,48.798095,-123.728802,Y,FEBRUARY,N,DUNCAN,DUNCAN,DUNCAN,N,Y,N,VANCOUVER ISLAND,HERONS PL # 006320 TO 006419,HERONS PL,HERONS PL,12:00-14:59,1,0
N,PROPERTY DAMAGE ONLY,\N,N,2024,THURSDAY,SINGLE VEHICLE,N,N,48.820219,-123.718154,Y,FEBRUARY,N,DUNCAN,DUNCAN,DUNCAN,N,Y,N,VANCOUVER ISLAND,TRANS-CANADA HWY # 006800 TO 006998 even,TRANS-CANADA HWY,TRANS-CANADA HWY,12:00-14:59,1,0
N,PROPERTY DAMAGE ONLY,\N,N,2024,THURSDAY,SINGLE VEHICLE,N,N,49.016582,-122.789523,Y,FEBRUARY,N,SURREY,SURREY,SURREY & WHITE ROCK,N,Y,N,LOWER MAINLAND,MARINE DR # 015600 TO 015649,MARINE DR,MARINE DR,12:00-14:59,1,0
N,PROPERTY DAMAGE ONLY,\N,N,2024,THURSDAY,SINGLE VEHICLE,N,N,49.02838,-122.853073,Y,FEBRUARY,N,SURREY,SURREY,SURREY,N,N,N,LOWER MAINLAND,133A ST # 001410 TO 001449,133A ST,133A ST,12:00-14:59,1,0
N,PROPERTY DAMAGE ONLY,\N,N,2024,THURSDAY,SINGLE VEHICLE,N,N,49.033801,-119.47557,Y,FEBRUARY,N,OSOYOOS,OSOYOOS,OSOYOOS,N,N,N,SOUTHERN INTERIOR,HWY 97 # 008352 TO 008448 even,97TH ST,97TH ST,12:00-14:59,1,0
N,PROPERTY DAMAGE ONLY,\N,N,2024,THURSDAY,SINGLE VEHICLE,N,N,49.034902,-122.25013,Y,FEBRUARY,N,ABBOTSFORD,ABBOTSFORD,ABBOTSFORD,N,Y,N,LOWER MAINLAND,DELAIR RD # 035120 TO 035249,DELAIR RD,DELAIR RD,12:00-14:59,1,0
N,PROPERTY DAMAGE ONLY,\N,N,2024,THURSDAY,SINGLE VEHICLE,N,N,49.035667,-122.691344,Y,FEBRUARY,N,SURREY,SURREY,SURREY,N,N,N,LOWER MAINLAND,192 ST # 001600 TO 002099,192 ST,192 ST,12:00-14:59,1,0
N,PROPERTY DAMAGE ONLY,\N,N,2024,THURSDAY,SINGLE VEHICLE,N,N,49.042341,-123.768893,Y,FEBRUARY,N,LADYSMITH,LADYSMITH,LADYSMITH,N,Y,N,VANCOUVER ISLAND,YELLOW POINT RD # 003830 TO 003929,YELLOW POINT RD,YELLOW POINT RD,12:00-14:59,1,0
N,PROPERTY DAMAGE ONLY,\N,N,2024,THURSDAY,SINGLE VEHICLE,N,N,49.043153,-122.223711,Y,FEBRUARY,N,ABBOTSFORD,ABBOTSFORD,ABBOTSFORD,N,N,N,LOWER MAINLAND,WHATCOM RD # 002250 TO 002298 even,WHATCOM RD,WHATCOM RD,12:00-14:59,1,0
N,PROPERTY DAMAGE ONLY,\N,N,2024,THURSDAY,SINGLE VEHICLE,N,N,49.04651,-122.837076,Y,FEBRUARY,N,SURREY,SURREY,SURREY,N,N,N,LOWER MAINLAND,139 ST # 002400 TO 002499,139 ST,139 ST,12:00-14:59,1,0
N,PROPERTY DAMAGE ONLY,\N,N,2024,THURSDAY,SINGLE VEHICLE,N,N,49.05827,-122.381412,Y,FEBRUARY,N,ABBOTSFORD,ABBOTSFORD,ABBOTSFORD,N,Y,N,LOWER MAINLAND,MT LEHMAN RD # 003086 TO 003129,MT LEHMAN RD,MT LEHMAN RD,12:00-14:59,1,0
N,PROPERTY DAMAGE ONLY,\N,N,2024,THURSDAY,SINGLE VEHICLE,N,N,49.066236,-122.334447,Y,FEBRUARY,N,ABBOTSFORD,ABBOTSFORD,ABBOTSFORD,N,N,N,LOWER MAINLAND,SORRENTO AVE # 032080 TO 032199,SORRENTO AVE,SORRENTO AVE,12:00-14:59,1,0
N,PROPERTY DAMAGE ONLY,\N,N,2024,THURSDAY,SINGLE VEHICLE,N,N,49.105487,-122.646722,Y,FEBRUARY,N,LANGLEY,LANGLEY,LANGLEY,N,N,N,LOWER MAINLAND,208 ST # 005600 TO 005709,208 ST,208 ST,12:00-14:59,1,0
N,PROPERTY DAMAGE ONLY,\N,N,2024,THURSDAY,SINGLE VEHICLE,N,N,49.114899,-122.503825,Y,FEBRUARY,N,LANGLEY,LANGLEY,LANGLEY,N,Y,N,LOWER MAINLAND,62 AVE # 025600 TO 026399,62 AVE,62 AVE,12:00-14:59,1,0
N,PROPERTY DAMAGE ONLY,\N,N,2024,THURSDAY,SINGLE VEHICLE,N,N,49.12111,-122.826571,Y,FEBRUARY,N,SURREY,SURREY,SURREY,Y,N,N,LOWER MAINLAND,143 ST # 006450 TO 006489,143 ST,143 ST,12:00-14:59,1,0
N,PROPERTY DAMAGE ONLY,\N,N,2024,THURSDAY,SINGLE VEHICLE,N,N,49.125808,-123.185765,Y,FEBRUARY,N,RICHMOND,RICHMOND,RICHMOND,N,Y,N,LOWER MAINLAND,3RD AVE # 012000 TO 012199,3RD AVE,3RD AVE,12:00-14:59,1,0
N,PROPERTY DAMAGE ONLY,\N,N,2024,THURSDAY,SINGLE VEHICLE,N,N,49.126709,-122.888206,Y,FEBRUARY,N,SURREY,SURREY,SURREY,N,N,N,LOWER MAINLAND,68 AVE # 012040 TO 012099,68 AVE,68 AVE,12:00-14:59,1,0
N,PROPERTY DAMAGE ONLY,\N,N,2024,THURSDAY,SINGLE VEHICLE,N,N,49.13725,-122.287768,Y,FEBRUARY,N,MISSION,MISSION,MISSION,Y,Y,N,LOWER MAINLAND,MARY ST # 007450 TO 007494,MARY ST,MARY ST,12:00-14:59,1,0
N,PROPERTY DAMAGE ONLY,\N,N,2024,THURSDAY,SINGLE VEHICLE,N,N,49.139495,-122.712443,Y,FEBRUARY,N,SURREY,SURREY,SURREY,N,N,N,LOWER MAINLAND,184 ST # 007516 TO 007563,184 ST,184 ST,12:00-14:59,1,0
N,PROPERTY DAMAGE ONLY,\N,N,2024,THURSDAY,SINGLE VEHICLE,N,N,49.155576,-122.662045,Y,FEBRUARY,N,LANGLEY,LANGLEY,LANGLEY,N,Y,N,LOWER MAINLAND,84 AVE # 020191 TO 020200,84 AVE,84 AVE,12:00-14:59,1,0
N,PROPERTY DAMAGE ONLY,\N,N,2024,THURSDAY,SINGLE VEHICLE,N,N,49.155578,-122.662727,Y,FEBRUARY,N,LANGLEY,LANGLEY,LANGLEY,N,N,N,LOWER MAINLAND,84 AVE # 020161 TO 020190,84 AVE,84 AVE,12:00-14:59,1,0
N,PROPERTY DAMAGE ONLY,\N,N,2024,THURSDAY,SINGLE VEHICLE,N,N,49.16255,-121.952554,Y,FEBRUARY,N,CHILLIWACK,CHILLIWACK,CHILLIWACK,N,Y,N,LOWER MAINLAND,YOUNG RD # 008810 TO 008889,YOUNG RD,YOUNG RD,12:00-14:59,1,0
N,PROPERTY DAMAGE ONLY,\N,N,2024,THURSDAY,SINGLE VEHICLE,N,N,49.162759,-122.659152,Y,FEBRUARY,N,LANGLEY,LANGLEY,LANGLEY,N,N,N,LOWER MAINLAND,88 AVE # 020200 TO 020280 even,88 AVE,88 AVE,12:00-14:59,1,0
N,PROPERTY DAMAGE ONLY,\N,N,2024,THURSDAY,SINGLE VEHICLE,N,N,49.163114,-123.941694,Y,FEBRUARY,N,NANAIMO,NANAIMO,NANAIMO,N,Y,N,VANCOUVER ISLAND,FRANKLYN ST # 000500 TO 000599,FRANKLYN ST,FRANKLYN ST,12:00-14:59,1,0
N,PROPERTY DAMAGE ONLY,\N,N,2024,THURSDAY,SINGLE VEHICLE,N,N,49.167938,-123.939276,Y,FEBRUARY,N,NANAIMO,NANAIMO,NANAIMO,N,Y,N,VANCOUVER ISLAND,CLIFF ST # 000120 TO 000199,CLIFF ST,CLIFF ST,12:00-14:59,1,0
N,PROPERTY DAMAGE ONLY,\N,N,2024,THURSDAY,SINGLE VEHICLE,N,N,49.170146,-123.132579,Y,FEBRUARY,N,RICHMOND,RICHMOND,RICHMOND,N,Y,N,LOWER MAINLAND,WESTMINSTER HWY # 008252 TO 008398 even,WESTMINSTER HWY,WESTMINSTER HWY,12:00-14:59,1,0
N,PROPERTY DAMAGE ONLY,\N,N,2024,THURSDAY,SINGLE VEHICLE,N,N,49.173275,-119.554749,Y,FEBRUARY,N,OLIVER,OLIVER,OLIVER,N,N,N,SOUTHERN INTERIOR,MAIN ST # 005750 TO 005799,MAIN ST,MAIN ST,12:00-14:59,1,0
N,PROPERTY DAMAGE ONLY,\N,N,2024,THURSDAY,SINGLE VEHICLE,N,N,49.179725,-122.851312,Y,FEBRUARY,N,SURREY,SURREY,SURREY,Y,N,N,LOWER MAINLAND,134 ST # 009700 TO 009789,134 ST,134 ST,12:00-14:59,1,0
N,PROPERTY DAMAGE ONLY,\N,N,2024,THURSDAY,SINGLE VEHICLE,N,N,49.182025,-121.893457,Y,FEBRUARY,N,CHILLIWACK,CHILLIWACK,CHILLIWACK,N,Y,N,LOWER MAINLAND,BANFORD RD # 009864 TO 009949,BANFORD RD,BANFORD RD,12:00-14:59,1,0
N,PROPERTY DAMAGE ONLY,\N,N,2024,THURSDAY,SINGLE VEHICLE,N,N,49.18424,-122.796789,Y,FEBRUARY,N,SURREY,SURREY,SURREY,N,Y,N,LOWER MAINLAND,100 AVE # 015300 TO 015399,100 AVE,100 AVE,12:00-14:59,1,0
N,PROPERTY DAMAGE ONLY,\N,N,2024,THURSDAY,SINGLE VEHICLE,N,N,49.191464,-122.81483,Y,FEBRUARY,N,SURREY,SURREY,SURREY,N,Y,N,LOWER MAINLAND,104 AVE # 014610 TO 014798 even,104 AVE,104 AVE,12:00-14:59,1,0
N,PROPERTY DAMAGE ONLY,\N,N,2024,THURSDAY,SINGLE VEHICLE,N,N,49.192132,-123.15237,Y,FEBRUARY,N,RICHMOND,RICHMOND,RICHMOND,N,N,N,LOWER MAINLAND,MILLER RD # 006300 TO 006599,MILLER RD,MILLER RD,12:00-14:59,1,0
N,PROPERTY DAMAGE ONLY,\N,N,2024,THURSDAY,SINGLE VEHICLE,N,N,49.203838,-122.838799,Y,FEBRUARY,N,SURREY,SURREY,SURREY,N,N,N,LOWER MAINLAND,BRENTWOOD CRES # 013810 TO 013853,BRENTWOOD CRES,BRENTWOOD CRES,12:00-14:59,1,0
N,PROPERTY DAMAGE ONLY,\N,N,2024,THURSDAY,SINGLE VEHICLE,N,N,49.217901,-122.579253,Y,FEBRUARY,N,MAPLE RIDGE,MAPLE RIDGE,MAPLE RIDGE,N,N,N,LOWER MAINLAND,232 ST # 011800 TO 011929,232 ST,232 ST,12:00-14:59,1,0
N,PROPERTY DAMAGE ONLY,\N,N,2024,THURSDAY,SINGLE VEHICLE,N,N,49.218255,-123.08939,Y,FEBRUARY,N,VANCOUVER,VANCOUVER,VANCOUVER,N,N,N,LOWER MAINLAND,E 57TH AVE # 000720 TO 000777,E 57TH AVE,E 57TH AVE,12:00-14:59,1,0
N,PROPERTY DAMAGE ONLY,\N,N,2024,THURSDAY,SINGLE VEHICLE,N,N,49.218419,-122.95662,Y,FEBRUARY,N,BURNABY,BURNABY,BURNABY,N,Y,N,LOWER MAINLAND,KINGSWAY # 007100 TO 007179,KINGSWAY,KINGSWAY,12:00-14:59,1,0
N,PROPERTY DAMAGE ONLY,\N,N,2024,THURSDAY,SINGLE VEHICLE,N,N,49.225302,-122.892896,Y,FEBRUARY,N,NEW WESTMINSTER,NEW WESTMINSTER,NEW WESTMINSTER,N,Y,N,LOWER MAINLAND,E COLUMBIA ST # 000241 TO 000299,E COLUMBIA ST,E COLUMBIA ST,12:00-14:59,1,0
N,PROPERTY DAMAGE ONLY,\N,N,2024,THURSDAY,SINGLE VEHICLE,N,N,49.228168,-123.121727,Y,FEBRUARY,N,VANCOUVER,VANCOUVER,VANCOUVER,N,N,N,LOWER MAINLAND,TISDALL ST # 006200 TO 006399,TISDALL ST,TISDALL ST,12:00-14:59,1,0
N,PROPERTY DAMAGE ONLY,\N,N,2024,THURSDAY,SINGLE VEHICLE,N,N,49.232739,-123.15744,Y,FEBRUARY,N,VANCOUVER,VANCOUVER,VANCOUVER,N,N,N,LOWER MAINLAND,W 43RD AVE # 002124 TO 002199,W 43RD AVE,W 43RD AVE,12:00-14:59,1,0
N,PROPERTY DAMAGE ONLY,\N,N,2024,THURSDAY,SINGLE VEHICLE,N,N,49.233474,-123.159974,Y,FEBRUARY,N,VANCOUVER,VANCOUVER,VANCOUVER,N,Y,N,LOWER MAINLAND,VINE ST # 005754 TO 005899,VINE ST,VINE ST,12:00-14:59,1,0
N,PROPERTY DAMAGE ONLY,\N,N,2024,THURSDAY,SINGLE VEHICLE,N,N,49.233619,-123.157049,Y,FEBRUARY,N,VANCOUVER,VANCOUVER,VANCOUVER,N,Y,N,LOWER MAINLAND,W 42ND AVE # 002100 TO 002199,W 42ND AVE,W 42ND AVE,12:00-14:59,1,0
N,PROPERTY DAMAGE ONLY,\N,N,2024,THURSDAY,SINGLE VEHICLE,N,N,49.233748,-123.165792,Y,FEBRUARY,N,VANCOUVER,VANCOUVER,VANCOUVER,N,N,N,LOWER MAINLAND,W 42ND AVE # 002600 TO 002799,W 42ND AVE,W 42ND AVE,12:00-14:59,1,0
N,PROPERTY DAMAGE ONLY,\N,N,2024,THURSDAY,SINGLE VEHICLE,N,N,49.242862,-122.892606,Y,FEBRUARY,N,BURNABY,BURNABY,BURNABY & COQUITLAM,N,Y,N,LOWER MAINLAND,NORTH RD # 000301 TO 004599 odd,NORTH RD,NORTH RD,12:00-14:59,1,0
N,PROPERTY DAMAGE ONLY,\N,N,2024,THURSDAY,SINGLE VEHICLE,N,N,49.245211,-124.79578,Y,FEBRUARY,N,PORT ALBERNI,PORT ALBERNI,PORT ALBERNI,N,N,N,VANCOUVER ISLAND,REDFORD ST # 004110 TO 004199,REDFORD ST,REDFORD ST,12:00-14:59,1,0
N,PROPERTY DAMAGE ONLY,\N,N,2024,THURSDAY,SINGLE VEHICLE,N,N,49.246262,-122.859378,Y,FEBRUARY,N,COQUITLAM,COQUITLAM,COQUITLAM,Y,N,N,LOWER MAINLAND,MADORE AVE # 001112 TO 001179,MADORE AVE,MADORE AVE,12:00-14:59,1,0
N,PROPERTY DAMAGE ONLY,\N,N,2024,THURSDAY,SINGLE VEHICLE,N,N,49.246995,-122.892641,Y,FEBRUARY,N,COQUITLAM,COQUITLAM,COQUITLAM,N,Y,N,LOWER MAINLAND,NORTH RD # 000401 TO 000449 odd,NORTH RD,NORTH RD,12:00-14:59,1,0
N,PROPERTY DAMAGE ONLY,\N,N,2024,THURSDAY,SINGLE VEHICLE,N,N,49.247318,-122.678193,Y,FEBRUARY,N,PITT MEADOWS,PITT MEADOWS,PITT MEADOWS,N,N,N,LOWER MAINLAND,HALE RD # 013200 TO 013755,HALE RD,HALE RD,12:00-14:59,1,0
N,PROPERTY DAMAGE ONLY,\N,N,2024,THURSDAY,SINGLE VEHICLE,N,N,49.249677,-124.069759,Y,FEBRUARY,N,LANTZVILLE,LANTZVILLE,LANTZVILLE,N,Y,N,VANCOUVER ISLAND,CAILLET RD # 007060 TO 007109,CAILLET RD,CAILLET RD,12:00-14:59,2,0
N,PROPERTY DAMAGE ONLY,\N,N,2024,THURSDAY,SINGLE VEHICLE,N,N,49.255227,-123.101205,Y,FEBRUARY,N,VANCOUVER,VANCOUVER,VANCOUVER,N,N,N,LOWER MAINLAND,MAIN ST # 003300 TO 003399,MAIN ST,MAIN ST,12:00-14:59,1,0
N,PROPERTY DAMAGE ONLY,\N,N,2024,THURSDAY,SINGLE VEHICLE,N,N,49.258105,-123.176138,Y,FEBRUARY,N,VANCOUVER,VANCOUVER,VANCOUVER,N,N,N,LOWER MAINLAND,SXWMEOKWEYEMASEM ST # 003148 TO 003199,TRUTCH ST,TRUTCH ST,12:00-14:59,1,0
N,PROPERTY DAMAGE ONLY,\N,N,2024,THURSDAY,SINGLE VEHICLE,N,N,49.259192,-123.008148,Y,FEBRUARY,N,BURNABY,BURNABY,BURNABY,N,Y,N,LOWER MAINLAND,STILL CREEK DR # 004192 TO 004399,STILL CREEK DR,STILL CREEK DR,12:00-14:59,1,0
N,PROPERTY DAMAGE ONLY,\N,N,2024,THURSDAY,SINGLE VEHICLE,N,N,49.26088,-122.776957,Y,FEBRUARY,N,PORT COQUITLAM,PORT COQUITLAM,PORT COQUITLAM,N,Y,N,LOWER MAINLAND,WILSON AVE # 002100 TO 002199,WILSON AVE,WILSON AVE,12:00-14:59,2,0
N,PROPERTY DAMAGE ONLY,\N,N,2024,THURSDAY,SINGLE VEHICLE,N,N,49.261511,-123.125398,Y,FEBRUARY,N,VANCOUVER,VANCOUVER,VANCOUVER,N,Y,N,LOWER MAINLAND,LAUREL ST # 002600 TO 002799,LAUREL ST,LAUREL ST,12:00-14:59,1,0
N,PROPERTY DAMAGE ONLY,\N,N,2024,THURSDAY,SINGLE VEHICLE,N,N,49.261809,-123.002392,Y,FEBRUARY,N,BURNABY,BURNABY,BURNABY,N,Y,N,LOWER MAINLAND,STILL CREEK DR # 004500 TO 004599,STILL CREEK DR,STILL CREEK DR,12:00-14:59,1,0
N,PROPERTY DAMAGE ONLY,\N,N,2024,THURSDAY,SINGLE VEHICLE,N,N,49.268003,-122.785385,Y,FEBRUARY,N,PORT COQUITLAM,PORT COQUITLAM,PORT COQUITLAM,N,N,N,LOWER MAINLAND,DAVIES AVE # 002550 TO 002593,DAVIES AVE,DAVIES AVE,12:00-14:59,1,0
N,PROPERTY DAMAGE ONLY,\N,N,2024,THURSDAY,SINGLE VEHICLE,N,N,49.270042,-123.069662,Y,FEBRUARY,N,VANCOUVER,VANCOUVER,VANCOUVER,N,Y,N,LOWER MAINLAND,COMMERCIAL DR # 001600 TO 001699,COMMERCIAL DR,COMMERCIAL DR,12:00-14:59,1,0
N,PROPERTY DAMAGE ONLY,\N,N,2024,THURSDAY,SINGLE VEHICLE,N,N,49.271328,-123.134257,Y,FEBRUARY,N,VANCOUVER,VANCOUVER,VANCOUVER,N,Y,N,LOWER MAINLAND,JOHNSTON ST # 001400 TO 001499,JOHNSTON ST,JOHNSTON ST,12:00-14:59,1,0
N,PROPERTY DAMAGE ONLY,\N,N,2024,THURSDAY,SINGLE VEHICLE,N,N,49.274492,-123.132178,Y,FEBRUARY,N,VANCOUVER,VANCOUVER,VANCOUVER,N,N,N,LOWER MAINLAND,HOWE ST # 001500 TO 001609,HOWE ST,HOWE ST,12:00-14:59,1,0
N,PROPERTY DAMAGE ONLY,\N,N,2024,THURSDAY,SINGLE VEHICLE,N,N,49.276496,-123.150059,Y,FEBRUARY,N,VANCOUVER,VANCOUVER,VANCOUVER,N,Y,N,LOWER MAINLAND,MAPLE ST # 001052 TO 001099,MAPLE ST,MAPLE ST,12:00-14:59,2,0
N,PROPERTY DAMAGE ONLY,\N,N,2024,THURSDAY,SINGLE VEHICLE,N,N,49.278182,-123.118834,Y,FEBRUARY,N,VANCOUVER,VANCOUVER,VANCOUVER,N,N,N,LOWER MAINLAND,HOMER ST # 000900 TO 000937,HOMER ST,HOMER ST,12:00-14:59,1,0
N,PROPERTY DAMAGE ONLY,\N,N,2024,THURSDAY,SINGLE VEHICLE,N,N,49.278198,-123.130537,Y,FEBRUARY,N,VANCOUVER,VANCOUVER,VANCOUVER,N,Y,N,LOWER MAINLAND,BURRARD ST # 001270 TO 001299,BURRARD ST,BURRARD ST,12:00-14:59,1,0
N,PROPERTY DAMAGE ONLY,\N,N,2024,THURSDAY,SINGLE VEHICLE,N,N,49.278595,-122.829051,Y,FEBRUARY,N,PORT MOODY,PORT MOODY,PORT MOODY,N,Y,N,LOWER MAINLAND,MORRISSEY RD # 000300 TO 000351,MORRISSEY RD,MORRISSEY RD,12:00-14:59,1,0
N,PROPERTY DAMAGE ONLY,\N,N,2024,THURSDAY,SINGLE VEHICLE,N,N,49.278809,-122.838422,Y,FEBRUARY,N,PORT MOODY,PORT MOODY,PORT MOODY,N,Y,N,LOWER MAINLAND,KLAHANIE DR # 000000 TO 000199,KLAHANIE DR,KLAHANIE DR,12:00-14:59,1,0
N,PROPERTY DAMAGE ONLY,\N,N,2024,THURSDAY,SINGLE VEHICLE,N,N,49.280323,-123.096678,Y,FEBRUARY,N,VANCOUVER,VANCOUVER,VANCOUVER,N,Y,N,LOWER MAINLAND,E PENDER ST # 000300 TO 000365,E PENDER ST,E PENDER ST,12:00-14:59,1,0
N,PROPERTY DAMAGE ONLY,\N,N,2024,THURSDAY,SINGLE VEHICLE,N,N,49.280681,-123.105435,Y,FEBRUARY,N,VANCOUVER,VANCOUVER,VANCOUVER,N,Y,N,LOWER MAINLAND,W PENDER ST # 000020 TO 000048,W PENDER ST,W PENDER ST,12:00-14:59,1,0
N,PROPERTY DAMAGE ONLY,\N,N,2024,THURSDAY,SINGLE VEHICLE,N,N,49.285153,-123.112114,Y,FEBRUARY,N,VANCOUVER,VANCOUVER,VANCOUVER,N,Y,N,LOWER MAINLAND,SEYMOUR ST # 000300 TO 000351,SEYMOUR ST,SEYMOUR ST,12:00-14:59,1,0
N,PROPERTY DAMAGE ONLY,\N,N,2024,THURSDAY,SINGLE VEHICLE,N,N,49.286694,-123.028989,Y,FEBRUARY,N,VANCOUVER,VANCOUVER,VANCOUVER,N,N,N,LOWER MAINLAND,CAMBRIDGE ST # 003422 TO 003499,CAMBRIDGE ST,CAMBRIDGE ST,12:00-14:59,1,0
N,PROPERTY DAMAGE ONLY,\N,N,2024,THURSDAY,SINGLE VEHICLE,N,N,49.292059,-124.449473,Y,FEBRUARY,N,QUALICUM BEACH,QUALICUM BEACH,QUALICUM BEACH,N,N,N,VANCOUVER ISLAND,WINCHESTER RD # 001260 TO 001271,WINCHESTER RD,WINCHESTER RD,12:00-14:59,1,0
N,PROPERTY DAMAGE ONLY,\N,N,2024,THURSDAY,SINGLE VEHICLE,N,N,49.303432,-124.395506,Y,FEBRUARY,N,COOMBS,COOMBS,COOMBS,N,Y,N,VANCOUVER ISLAND,SHEARME RD # 000950 TO 001079,SHEARME RD,SHEARME RD,12:00-14:59,1,0
N,PROPERTY DAMAGE ONLY,\N,N,2024,THURSDAY,SINGLE VEHICLE,N,N,49.31212,-123.031435,Y,FEBRUARY,N,NORTH VANCOUVER,NORTH VANCOUVER,NORTH VANCOUVER,N,Y,N,LOWER MAINLAND,SEYLYNN CRES # 000600 TO 000699,SEYLYNN CRES,SEYLYNN CRES,12:00-14:59,1,0
N,PROPERTY DAMAGE ONLY,\N,N,2024,THURSDAY,SINGLE VEHICLE,N,N,49.325809,-123.139912,Y,FEBRUARY,N,WEST VANCOUVER,WEST VANCOUVER,WEST VANCOUVER,N,Y,N,LOWER MAINLAND,PARK ROYAL SOUTH # 001131 TO 003000,PARK ROYAL SOUTH,PARK ROYAL SOUTH,12:00-14:59,1,0
N,PROPERTY DAMAGE ONLY,\N,N,2024,THURSDAY,SINGLE VEHICLE,N,N,49.329615,-123.167236,Y,FEBRUARY,N,WEST VANCOUVER,WEST VANCOUVER,WEST VANCOUVER,N,N,N,LOWER MAINLAND,MARINE DR # 002000 TO 002099,MARINE DR,MARINE DR,12:00-14:59,1,0
N,PROPERTY DAMAGE ONLY,\N,N,2024,THURSDAY,SINGLE VEHICLE,N,N,49.388393,-123.54377,Y,FEBRUARY,N,GIBSONS,GIBSONS,GIBSONS,N,N,N,LOWER MAINLAND,SWALLOW RD # 000130 TO 000169,SWALLOW RD,SWALLOW RD,12:00-14:59,1,0
N,PROPERTY DAMAGE ONLY,\N,N,2024,THURSDAY,SINGLE VEHICLE,N,N,49.522986,-123.766947,Y,FEBRUARY,N,SECHELT,SECHELT,SECHELT,N,N,N,LOWER MAINLAND,SKOOKUMCHUK RD # 005840 TO 005921,SKOOKUMCHUK RD,SKOOKUMCHUK RD,12:00-14:59,1,0
N,PROPERTY DAMAGE ONLY,\N,N,2024,THURSDAY,SINGLE VEHICLE,N,N,49.580315,-119.680474,Y,FEBRUARY,N,SUMMERLAND,SUMMERLAND,SUMMERLAND,N,N,N,SOUTHERN INTERIOR,VICTORIA RD S # 006710 TO 009399,VICTORIA RD S,VICTORIA RD S,12:00-14:59,1,0
N,PROPERTY DAMAGE ONLY,\N,N,2024,THURSDAY,SINGLE VEHICLE,N,N,49.68828,-124.933857,Y,FEBRUARY,N,COMOX,COMOX,COMOX,N,Y,N,VANCOUVER ISLAND,GUTHRIE RD # 001960 TO 001999,GUTHRIE RD,GUTHRIE RD,12:00-14:59,1,0
N,PROPERTY DAMAGE ONLY,\N,N,2024,THURSDAY,SINGLE VEHICLE,N,N,49.698539,-124.98795,Y,FEBRUARY,N,COURTENAY,COURTENAY,COURTENAY,N,Y,N,VANCOUVER ISLAND,RYAN RD # 000751 TO 000799 odd,RYAN RD,RYAN RD,12:00-14:59,1,0
N,PROPERTY DAMAGE ONLY,\N,N,2024,THURSDAY,SINGLE VEHICLE,N,N,49.852627,-119.477845,Y,FEBRUARY,N,KELOWNA,KELOWNA,KELOWNA,N,Y,N,SOUTHERN INTERIOR,MISSION SPRINGS DR # 003627 TO 003699,MISSION SPRINGS DR,MISSION SPRINGS DR,12:00-14:59,1,0
N,PROPERTY DAMAGE ONLY,\N,N,2024,THURSDAY,SINGLE VEHICLE,N,N,49.866807,-119.432499,Y,FEBRUARY,N,KELOWNA,KELOWNA,KELOWNA,N,N,N,SOUTHERN INTERIOR,MAQUINNA RD # 002400 TO 002599,MAQUINNA RD,MAQUINNA RD,12:00-14:59,1,0
N,PROPERTY DAMAGE ONLY,\N,N,2024,THURSDAY,SINGLE VEHICLE,N,N,49.877225,-119.45351,Y,FEBRUARY,N,KELOWNA,KELOWNA,KELOWNA,N,N,N,SOUTHERN INTERIOR,SPRINGFIELD RD # 001900 TO 001959,SPRINGFIELD RD,SPRINGFIELD RD,12:00-14:59,1,0
N,PROPERTY DAMAGE ONLY,\N,N,2024,THURSDAY,SINGLE VEHICLE,N,N,49.881443,-119.430464,Y,FEBRUARY,N,KELOWNA,KELOWNA,KELOWNA,Y,Y,N,SOUTHERN INTERIOR,BARON RD # 002000 TO 002298,BARON RD,BARON RD,12:00-14:59,1,0
N,PROPERTY DAMAGE ONLY,\N,N,2024,THURSDAY,SINGLE VEHICLE,N,N,49.888036,-119.387758,Y,FEBRUARY,N,KELOWNA,KELOWNA,KELOWNA,N,Y,N,SOUTHERN INTERIOR,GRAY RD # 000100 TO 000159,GRAY RD,GRAY RD,12:00-14:59,1,0
N,PROPERTY DAMAGE ONLY,\N,N,2024,THURSDAY,SINGLE VEHICLE,N,N,49.913328,-119.39547,Y,FEBRUARY,N,KELOWNA,KELOWNA,KELOWNA,N,Y,N,SOUTHERN INTERIOR,HWY 97 N # 003300 TO 003498 even,HWY 97,HWY 97,12:00-14:59,1,0
N,PROPERTY DAMAGE ONLY,\N,N,2024,THURSDAY,SINGLE VEHICLE,N,N,50.11185,-122.956949,Y,FEBRUARY,N,WHISTLER,WHISTLER,WHISTLER,N,Y,N,LOWER MAINLAND,WHISTLER WAY # 004080 TO 004149,WHISTLER WAY,WHISTLER WAY,12:00-14:59,1,0
N,PROPERTY DAMAGE ONLY,\N,N,2024,THURSDAY,SINGLE VEHICLE,N,N,50.282967,-119.253553,Y,FEBRUARY,N,VERNON,VERNON,VERNON,N,Y,N,SOUTHERN INTERIOR,PLEASANT VALLEY RD # 004800 TO 005099,PLEASANT VALLEY RD,PLEASANT VALLEY RD,12:00-14:59,1,0
N,PROPERTY DAMAGE ONLY,\N,N,2024,THURSDAY,SINGLE VEHICLE,N,N,50.652041,-120.380833,Y,FEBRUARY,N,KAMLOOPS,KAMLOOPS,KAMLOOPS,N,N,N,SOUTHERN INTERIOR,HUGH ALLAN DR # 001500 TO 001518,HUGH ALLAN DR,HUGH ALLAN DR,12:00-14:59,1,0
N,PROPERTY DAMAGE ONLY,\N,N,2024,THURSDAY,SINGLE VEHICLE,N,N,50.961704,-119.28528,Y,FEBRUARY,N,MAGNA BAY,MAGNA BAY,MAGNA BAY,N,Y,N,SOUTHERN INTERIOR,LINE 17 RD # 006196 TO 006239,LINE 17 RD,LINE 17 RD,12:00-14:59,1,0
N,PROPERTY DAMAGE ONLY,\N,N,2024,THURSDAY,SINGLE VEHICLE,N,N,50.99779,-118.228362,Y,FEBRUARY,N,REVELSTOKE,REVELSTOKE,REVELSTOKE,N,N,N,SOUTHERN INTERIOR,BIG EDDY RD # 001900 TO 002199,BIG EDDY RD,BIG EDDY RD,12:00-14:59,1,0
N,PROPERTY DAMAGE ONLY,\N,N,2024,THURSDAY,SINGLE VEHICLE,N,N,53.912329,-122.782225,Y,FEBRUARY,N,PRINCE GEORGE,PRINCE GEORGE,PRINCE GEORGE,N,Y,N,NORTH CENTRAL,CENTRAL ST W # 001200 TO 001399,CENTRAL ST W,CENTRAL ST W,12:00-14:59,1,0
N,PROPERTY DAMAGE ONLY,\N,N,2024,THURSDAY,SINGLE VEHICLE,Y,N,\N,\N,N,FEBRUARY,N,FIELD,FIELD,\N,N,N,N,SOUTHERN INTERIOR,UNKNOWN,TRANS CANADA HWY,TRANS CANADA HWY,12:00-14:59,1,0
N,PROPERTY DAMAGE ONLY,\N,N,2024,THURSDAY,SINGLE VEHICLE,Y,N,49.186102,-122.88089,Y,FEBRUARY,N,SURREY,SURREY,SURREY,N,N,N,LOWER MAINLAND,123A ST # 010060 TO 010099,123A ST,123A ST,12:00-14:59,1,0
N,PROPERTY DAMAGE ONLY,\N,N,2024,THURSDAY,SINGLE VEHICLE,Y,N,49.255566,-123.183153,Y,FEBRUARY,N,VANCOUVER,VANCOUVER,VANCOUVER,N,N,N,LOWER MAINLAND,W 19TH AVE # 003500 TO 003590,W 19TH AVE,W 19TH AVE,12:00-14:59,1,0
N,PROPERTY DAMAGE ONLY,\N,N,2024,THURSDAY,SINGLE VEHICLE,Y,N,49.313866,-122.973001,Y,FEBRUARY,N,NORTH VANCOUVER,NORTH VANCOUVER,NORTH VANCOUVER,N,N,N,LOWER MAINLAND,GARIBALDI DR # 003550 TO 003635,GARIBALDI DR,GARIBALDI DR,12:00-14:59,1,0
N,PROPERTY DAMAGE ONLY,\N,N,2024,THURSDAY,SINGLE VEHICLE,Y,N,49.319361,-123.090316,Y,FEBRUARY,N,NORTH VANCOUVER,NORTH VANCOUVER,NORTH VANCOUVER,N,Y,N,LOWER MAINLAND,W 3RD ST # 000600 TO 000699,W 3RD ST,W 3RD ST,12:00-14:59,1,0
N,PROPERTY DAMAGE ONLY,\N,N,2024,THURSDAY,SINGLE VEHICLE,Y,N,49.374185,-123.27605,Y,FEBRUARY,N,WEST VANCOUVER,WEST VANCOUVER,WEST VANCOUVER,N,Y,N,LOWER MAINLAND,BRUCE ST # 006400 TO 006499,BRUCE ST,BRUCE ST,12:00-14:59,1,0
N,PROPERTY DAMAGE ONLY,\N,N,2024,THURSDAY,SINGLE VEHICLE,Y,N,53.884563,-122.772118,Y,FEBRUARY,N,PRINCE GEORGE,PRINCE GEORGE,PRINCE GEORGE,N,N,N,NORTH CENTRAL,RANGE RD # 002460 TO 002599,RANGE RD,RANGE RD,12:00-14:59,1,0
N,PROPERTY DAMAGE ONLY,\N,N,2024,THURSDAY,UNDETERMINED,N,N,\N,\N,N,FEBRUARY,N,ABBOTSFORD,ABBOTSFORD,\N,Y,Y,N,LOWER MAINLAND,UNKNOWN,MORITZ WAY,MORITZ WAY,12:00-14:59,1,0
N,PROPERTY DAMAGE ONLY,\N,N,2024,THURSDAY,UNDETERMINED,N,N,\N,\N,N,FEBRUARY,N,ABBOTSFORD,ABBOTSFORD,\N,Y,Y,N,LOWER MAINLAND,UNKNOWN,SOUTH FRASER WAY,SOUTH FRASER WAY,12:00-14:59,1,0
N,PROPERTY DAMAGE ONLY,\N,N,2024,THURSDAY,UNDETERMINED,N,N,\N,\N,N,FEBRUARY,N,BURNABY,BURNABY,\N,Y,Y,N,LOWER MAINLAND,UNKNOWN,KINGSWAY,KINGSWAY,12:00-14:59,1,0
N,PROPERTY DAMAGE ONLY,\N,N,2024,THURSDAY,UNDETERMINED,N,N,\N,\N,N,FEBRUARY,N,CHASE,CHASE,\N,Y,N,N,SOUTHERN INTERIOR,UNKNOWN,UNKNOWN,UNKNOWN,12:00-14:59,1,0
N,PROPERTY DAMAGE ONLY,\N,N,2024,THURSDAY,UNDETERMINED,N,N,\N,\N,N,FEBRUARY,N,CHILLIWACK,CHILLIWACK,\N,N,N,N,LOWER MAINLAND,UNKNOWN,MAJUBA HILL RD,MAJUBA HILL RD,12:00-14:59,1,0
N,PROPERTY DAMAGE ONLY,\N,N,2024,THURSDAY,UNDETERMINED,N,N,\N,\N,N,FEBRUARY,N,CHILLIWACK,CHILLIWACK,\N,N,N,N,LOWER MAINLAND,UNKNOWN,UNKNOWN,UNKNOWN,12:00-14:59,1,0
N,PROPERTY DAMAGE ONLY,\N,N,2024,THURSDAY,UNDETERMINED,N,N,\N,\N,N,FEBRUARY,N,COQUITLAM,COQUITLAM,\N,N,N,N,LOWER MAINLAND,UNKNOWN,UNKNOWN,UNKNOWN,12:00-14:59,1,0
N,PROPERTY DAMAGE ONLY,\N,N,2024,THURSDAY,UNDETERMINED,N,N,\N,\N,N,FEBRUARY,N,COQUITLAM,COQUITLAM,\N,Y,N,N,LOWER MAINLAND,UNKNOWN,UNKNOWN,UNKNOWN,12:00-14:59,1,0
N,PROPERTY DAMAGE ONLY,\N,N,2024,THURSDAY,UNDETERMINED,N,N,\N,\N,N,FEBRUARY,N,CRANBROOK,CRANBROOK,\N,Y,N,N,SOUTHERN INTERIOR,UNKNOWN,24TH AVE N,24TH AVE N,12:00-14:59,1,0
N,PROPERTY DAMAGE ONLY,\N,N,2024,THURSDAY,UNDETERMINED,N,N,\N,\N,N,FEBRUARY,N,DELTA,DELTA,\N,Y,Y,N,LOWER MAINLAND,UNKNOWN,82A AVE,82A AVE,12:00-14:59,1,0
N,PROPERTY DAMAGE ONLY,\N,N,2024,THURSDAY,UNDETERMINED,N,N,\N,\N,N,FEBRUARY,N,DUNCAN,DUNCAN,\N,Y,N,N,VANCOUVER ISLAND,UNKNOWN,Unknown,\N,12:00-14:59,1,0
N,PROPERTY DAMAGE ONLY,\N,N,2024,THURSDAY,UNDETERMINED,N,N,\N,\N,N,FEBRUARY,N,KAMLOOPS,KAMLOOPS,\N,Y,Y,N,SOUTHERN INTERIOR,UNKNOWN,PRINCETON HWY,PRINCETON HWY,12:00-14:59,1,0
N,PROPERTY DAMAGE ONLY,\N,N,2024,THURSDAY,UNDETERMINED,N,N,\N,\N,N,FEBRUARY,N,KELOWNA,KELOWNA,\N,N,Y,N,SOUTHERN INTERIOR,UNKNOWN,HARVEY AVE,HARVEY AVE,12:00-14:59,1,0
N,PROPERTY DAMAGE ONLY,\N,N,2024,THURSDAY,UNDETERMINED,N,N,\N,\N,N,FEBRUARY,N,LANGLEY,LANGLEY,\N,Y,N,N,LOWER MAINLAND,UNKNOWN,GLOUCESTER WAY,GLOUCESTER WAY,12:00-14:59,1,0
N,PROPERTY DAMAGE ONLY,\N,N,2024,THURSDAY,UNDETERMINED,N,N,\N,\N,N,FEBRUARY,N,NANAIMO,NANAIMO,\N,Y,N,N,VANCOUVER ISLAND,UNKNOWN,UNKNOWN,UNKNOWN,12:00-14:59,1,0
N,PROPERTY DAMAGE ONLY,\N,N,2024,THURSDAY,UNDETERMINED,N,N,\N,\N,N,FEBRUARY,N,NORTH VANCOUVER,NORTH VANCOUVER,\N,Y,Y,N,LOWER MAINLAND,UNKNOWN,15TH ST E,15TH ST E,12:00-14:59,1,0
N,PROPERTY DAMAGE ONLY,\N,N,2024,THURSDAY,UNDETERMINED,N,N,\N,\N,N,FEBRUARY,N,PENTICTON,PENTICTON,\N,N,N,N,SOUTHERN INTERIOR,UNKNOWN,UNKNOWN,UNKNOWN,12:00-14:59,1,0
N,PROPERTY DAMAGE ONLY,\N,N,2024,THURSDAY,UNDETERMINED,N,N,\N,\N,N,FEBRUARY,N,PINE PASS,PINE PASS,\N,Y,Y,N,NORTH CENTRAL,UNKNOWN,HWY 97,HWY 97,12:00-14:59,1,0
N,PROPERTY DAMAGE ONLY,\N,N,2024,THURSDAY,UNDETERMINED,N,N,\N,\N,N,FEBRUARY,N,PRINCE GEORGE,PRINCE GEORGE,\N,N,N,N,NORTH CENTRAL,UNKNOWN,UNKNOWN,UNKNOWN,12:00-14:59,1,0
N,PROPERTY DAMAGE ONLY,\N,N,2024,THURSDAY,UNDETERMINED,N,N,\N,\N,N,FEBRUARY,N,RICHMOND,RICHMOND,\N,N,N,N,LOWER MAINLAND,UNKNOWN,UNKNOWN,UNKNOWN,12:00-14:59,1,0
N,PROPERTY DAMAGE ONLY,\N,N,2024,THURSDAY,UNDETERMINED,N,N,\N,\N,N,FEBRUARY,N,SALMON ARM,SALMON ARM,\N,N,Y,N,SOUTHERN INTERIOR,UNKNOWN,METCALFE RD,METCALFE RD,12:00-14:59,1,0
N,PROPERTY DAMAGE ONLY,\N,N,2024,THURSDAY,UNDETERMINED,N,N,\N,\N,N,FEBRUARY,N,SURREY,SURREY,\N,Y,Y,N,LOWER MAINLAND,UNKNOWN,137A ST,137A ST,12:00-14:59,1,0
N,PROPERTY DAMAGE ONLY,\N,N,2024,THURSDAY,UNDETERMINED,N,N,\N,\N,N,FEBRUARY,N,UNKNOWN,UNKNOWN,\N,N,N,N,UNKNOWN,UNKNOWN,UNKNOWN,UNKNOWN,12:00-14:59,1,0
N,PROPERTY DAMAGE ONLY,\N,N,2024,THURSDAY,UNDETERMINED,N,N,\N,\N,N,FEBRUARY,N,VANCOUVER,VANCOUVER,\N,N,N,N,LOWER MAINLAND,UNKNOWN,ONTARIO ST,ONTARIO ST,12:00-14:59,1,0
N,PROPERTY DAMAGE ONLY,\N,N,2024,THURSDAY,UNDETERMINED,N,N,\N,\N,N,FEBRUARY,N,VANCOUVER,VANCOUVER,\N,N,N,N,LOWER MAINLAND,UNKNOWN,UNKNOWN,UNKNOWN,12:00-14:59,1,0
N,PROPERTY DAMAGE ONLY,\N,N,2024,THURSDAY,UNDETERMINED,N,N,\N,\N,N,FEBRUARY,N,VANCOUVER,VANCOUVER,\N,Y,N,N,LOWER MAINLAND,UNKNOWN,HELMCKEN ST,HELMCKEN ST,12:00-14:59,1,0
N,PROPERTY DAMAGE ONLY,\N,N,2024,THURSDAY,UNDETERMINED,N,N,\N,\N,N,FEBRUARY,N,VANCOUVER,VANCOUVER,\N,Y,Y,N,LOWER MAINLAND,UNKNOWN,EAST 1ST AVE,EAST 1ST AVE,12:00-14:59,1,0
N,PROPERTY DAMAGE ONLY,\N,N,2024,THURSDAY,UNDETERMINED,N,N,\N,\N,N,FEBRUARY,N,VICTORIA,VICTORIA,\N,Y,Y,N,VANCOUVER ISLAND,UNKNOWN,UVIC PARKING LOT 1,UVIC PARKING LOT 1,12:00-14:59,1,0
N,PROPERTY DAMAGE ONLY,\N,N,2024,THURSDAY,UNDETERMINED,N,N,\N,\N,N,FEBRUARY,N,WEST VANCOUVER,WEST VANCOUVER,\N,Y,Y,N,LOWER MAINLAND,UNKNOWN,PARK ROYAL NORTH,PARK ROYAL NORTH,12:00-14:59,1,0
N,PROPERTY DAMAGE ONLY,\N,N,2024,THURSDAY,UNDETERMINED,N,N,48.425815,-123.352047,Y,FEBRUARY,N,VICTORIA,VICTORIA,VICTORIA,Y,N,N,VANCOUVER ISLAND,JOHNSON ST # 001100 TO 001199,JOHNSON ST,JOHNSON ST,12:00-14:59,1,0
N,PROPERTY DAMAGE ONLY,\N,N,2024,THURSDAY,UNDETERMINED,N,N,48.428952,-123.367056,Y,FEBRUARY,N,VICTORIA,VICTORIA,VICTORIA,Y,N,N,VANCOUVER ISLAND,GOVERNMENT ST # 001600 TO 001699,GOVERNMENT ST,GOVERNMENT ST,12:00-14:59,1,0
N,PROPERTY DAMAGE ONLY,\N,N,2024,THURSDAY,UNDETERMINED,N,N,48.432308,-123.321676,Y,FEBRUARY,N,OAK BAY,OAK BAY,OAK BAY,Y,Y,N,VANCOUVER ISLAND,CADBORO BAY RD # 002000 TO 002049,CADBORO BAY RD,CADBORO BAY RD,12:00-14:59,1,0
N,PROPERTY DAMAGE ONLY,\N,N,2024,THURSDAY,UNDETERMINED,N,N,48.439164,-123.361332,Y,FEBRUARY,N,VICTORIA,VICTORIA,VICTORIA,Y,Y,N,VANCOUVER ISLAND,HILLSIDE AVE # 000900 TO 000939,HILLSIDE AVE,HILLSIDE AVE,12:00-14:59,1,0
N,PROPERTY DAMAGE ONLY,\N,N,2024,THURSDAY,UNDETERMINED,N,N,48.445415,-123.333968,Y,FEBRUARY,N,VICTORIA,VICTORIA,VICTORIA,N,Y,N,VANCOUVER ISLAND,HILLSIDE AVE # 001634 TO 001699,HILLSIDE AVE,HILLSIDE AVE,12:00-14:59,1,0
N,PROPERTY DAMAGE ONLY,\N,N,2024,THURSDAY,UNDETERMINED,N,N,48.446125,-123.508294,Y,FEBRUARY,N,LANGFORD,LANGFORD,LANGFORD,N,N,N,VANCOUVER ISLAND,JACKLIN RD # 002870 TO 002882,JACKLIN RD,JACKLIN RD,12:00-14:59,1,0
N,PROPERTY DAMAGE ONLY,\N,N,2024,THURSDAY,UNDETERMINED,N,N,48.447622,-123.361521,Y,FEBRUARY,N,VICTORIA,VICTORIA,VICTORIA,N,N,N,VANCOUVER ISLAND,QUADRA ST # 003100 TO 003199,QUADRA ST,QUADRA ST,12:00-14:59,1,0
N,PROPERTY DAMAGE ONLY,\N,N,2024,THURSDAY,UNDETERMINED,N,N,48.663654,-123.405646,Y,FEBRUARY,N,SIDNEY,SIDNEY,SIDNEY,Y,N,N,VANCOUVER ISLAND,RESTHAVEN DR # 010340 TO 010399,RESTHAVEN DR,RESTHAVEN DR,12:00-14:59,1,0
N,PROPERTY DAMAGE ONLY,\N,N,2024,THURSDAY,UNDETERMINED,N,N,48.784495,-123.718509,Y,FEBRUARY,N,DUNCAN,DUNCAN,DUNCAN,Y,Y,N,VANCOUVER ISLAND,BROWNSEY AVE # 000600 TO 000661,BROWNSEY AVE,BROWNSEY AVE,12:00-14:59,1,0
N,PROPERTY DAMAGE ONLY,\N,N,2024,THURSDAY,UNDETERMINED,N,N,48.827493,-124.050311,Y,FEBRUARY,N,LAKE COWICHAN,LAKE COWICHAN,LAKE COWICHAN,Y,Y,N,VANCOUVER ISLAND,COWICHAN LAKE RD # 000083 TO 000099,COWICHAN LAKE RD,COWICHAN LAKE RD,12:00-14:59,1,0
N,PROPERTY DAMAGE ONLY,\N,N,2024,THURSDAY,UNDETERMINED,N,N,49.024645,-122.798444,Y,FEBRUARY,N,WHITE ROCK,WHITE ROCK,WHITE ROCK,Y,Y,N,LOWER MAINLAND,FIR ST # 001200 TO 001279,FIR ST,FIR ST,12:00-14:59,1,0
N,PROPERTY DAMAGE ONLY,\N,N,2024,THURSDAY,UNDETERMINED,N,N,49.03339,-122.80129,Y,FEBRUARY,N,SURREY,SURREY,SURREY,N,Y,N,LOWER MAINLAND,152 ST # 001701 TO 001749 odd,152 ST,152 ST,12:00-14:59,1,0
N,PROPERTY DAMAGE ONLY,\N,N,2024,THURSDAY,UNDETERMINED,N,N,49.03339,-122.80129,Y,FEBRUARY,N,SURREY,SURREY,SURREY,Y,Y,N,LOWER MAINLAND,152 ST # 001701 TO 001749 odd,152 ST,152 ST,12:00-14:59,1,0
N,PROPERTY DAMAGE ONLY,\N,N,2024,THURSDAY,UNDETERMINED,N,N,49.035875,-122.271713,Y,FEBRUARY,N,ABBOTSFORD,ABBOTSFORD,ABBOTSFORD,Y,Y,N,LOWER MAINLAND,VEDDER WAY # 001700 TO 001999,VEDDER WAY,VEDDER WAY,12:00-14:59,1,0
N,PROPERTY DAMAGE ONLY,\N,N,2024,THURSDAY,UNDETERMINED,N,N,49.042584,-122.27122,Y,FEBRUARY,N,ABBOTSFORD,ABBOTSFORD,ABBOTSFORD,Y,Y,N,LOWER MAINLAND,SUMAS WAY # 002100 TO 002348 even,SUMAS WAY,SUMAS WAY,12:00-14:59,1,0
N,PROPERTY DAMAGE ONLY,\N,N,2024,THURSDAY,UNDETERMINED,N,N,49.04416,-122.779264,Y,FEBRUARY,N,SURREY,SURREY,SURREY,Y,Y,N,LOWER MAINLAND,160 ST # 002271 TO 002359 odd,160 ST,160 ST,12:00-14:59,1,0
N,PROPERTY DAMAGE ONLY,\N,N,2024,THURSDAY,UNDETERMINED,N,N,49.049562,-122.289015,Y,FEBRUARY,N,ABBOTSFORD,ABBOTSFORD,ABBOTSFORD,N,N,N,LOWER MAINLAND,WEST RAILWAY ST # 002600 TO 002649,WEST RAILWAY ST,WEST RAILWAY ST,12:00-14:59,1,0
N,PROPERTY DAMAGE ONLY,\N,N,2024,THURSDAY,UNDETERMINED,N,N,49.056748,-122.801205,Y,FEBRUARY,N,SURREY,SURREY,SURREY,N,Y,N,LOWER MAINLAND,152 ST # 003001 TO 003049 odd,152 ST,152 ST,12:00-14:59,1,0
N,PROPERTY DAMAGE ONLY,\N,N,2024,THURSDAY,UNDETERMINED,N,N,49.060514,-122.380072,Y,FEBRUARY,N,ABBOTSFORD,ABBOTSFORD,ABBOTSFORD,Y,Y,N,LOWER MAINLAND,CARDINAL AVE # 030401 TO 030499 odd,CARDINAL AVE,CARDINAL AVE,12:00-14:59,1,0
N,PROPERTY DAMAGE ONLY,\N,N,2024,THURSDAY,UNDETERMINED,N,N,49.083886,-123.059655,Y,FEBRUARY,N,DELTA,DELTA,DELTA,Y,Y,N,LOWER MAINLAND,CLARENCE TAYLOR CRES # 004451 TO 004474,CLARENCE TAYLOR CRES,CLARENCE TAYLOR CRES,12:00-14:59,1,0
N,PROPERTY DAMAGE ONLY,\N,N,2024,THURSDAY,UNDETERMINED,N,N,49.104502,-122.804704,Y,FEBRUARY,N,SURREY,SURREY,SURREY,N,Y,N,LOWER MAINLAND,56 AVE # 015101 TO 015149 odd,56 AVE,56 AVE,12:00-14:59,1,0
N,PROPERTY DAMAGE ONLY,\N,N,2024,THURSDAY,UNDETERMINED,N,N,49.108848,-122.682034,Y,FEBRUARY,N,SURREY,SURREY,SURREY,Y,Y,N,LOWER MAINLAND,LANGLEY BYPASS # 019453 TO 019599 odd,LANGLEY BYPASS,LANGLEY BYPASS,12:00-14:59,1,0
N,PROPERTY DAMAGE ONLY,\N,N,2024,THURSDAY,UNDETERMINED,N,N,49.112592,-122.676755,Y,FEBRUARY,N,LANGLEY,LANGLEY,LANGLEY,Y,Y,N,LOWER MAINLAND,FRASER HWY # 019683 TO 019799 odd,FRASER HWY,FRASER HWY,12:00-14:59,2,0
N,PROPERTY DAMAGE ONLY,\N,N,2024,THURSDAY,UNDETERMINED,N,N,49.116822,-122.671702,Y,FEBRUARY,N,LANGLEY,LANGLEY,LANGLEY,N,Y,N,LOWER MAINLAND,WILLOWBROOK DR # 019801 TO 019999 odd,WILLOWBROOK DR,WILLOWBROOK DR,12:00-14:59,1,0
N,PROPERTY DAMAGE ONLY,\N,N,2024,THURSDAY,UNDETERMINED,N,N,49.133506,-122.842104,Y,FEBRUARY,N,SURREY,SURREY,SURREY,Y,Y,N,LOWER MAINLAND,72 AVE # 013700 TO 013736 even,72 AVE,72 AVE,12:00-14:59,1,0
N,PROPERTY DAMAGE ONLY,\N,N,2024,THURSDAY,UNDETERMINED,N,N,49.133624,-122.848631,Y,FEBRUARY,N,SURREY,SURREY,SURREY,Y,Y,N,LOWER MAINLAND,72 AVE # 013401 TO 013599 odd,72 AVE,72 AVE,12:00-14:59,1,0
N,PROPERTY DAMAGE ONLY,\N,N,2024,THURSDAY,UNDETERMINED,N,N,49.138705,-122.848456,Y,FEBRUARY,N,SURREY,SURREY,SURREY,Y,N,N,LOWER MAINLAND,135 ST # 007400 TO 007599,135 ST,135 ST,12:00-14:59,1,0
N,PROPERTY DAMAGE ONLY,\N,N,2024,THURSDAY,UNDETERMINED,N,N,49.140374,-123.938124,Y,FEBRUARY,N,NANAIMO,NANAIMO,NANAIMO,Y,N,N,VANCOUVER ISLAND,DOUGLAS AVE # 000980 TO 000999,DOUGLAS AVE,DOUGLAS AVE,12:00-14:59,1,0
N,PROPERTY DAMAGE ONLY,\N,N,2024,THURSDAY,UNDETERMINED,N,N,49.143569,-123.190126,Y,FEBRUARY,N,RICHMOND,RICHMOND,RICHMOND,Y,N,N,LOWER MAINLAND,CHAPMOND CRES # 009100 TO 009599,CHAPMOND CRES,CHAPMOND CRES,12:00-14:59,1,0
N,PROPERTY DAMAGE ONLY,\N,N,2024,THURSDAY,UNDETERMINED,N,N,49.148288,-123.140676,Y,FEBRUARY,N,RICHMOND,RICHMOND,RICHMOND,Y,N,N,LOWER MAINLAND,FRANCIS RD # 007400 TO 007599,FRANCIS RD,FRANCIS RD,12:00-14:59,1,0
N,PROPERTY DAMAGE ONLY,\N,N,2024,THURSDAY,UNDETERMINED,N,N,49.149313,-123.181287,Y,FEBRUARY,N,RICHMOND,RICHMOND,RICHMOND,Y,Y,N,LOWER MAINLAND,NO 1 RD # 008571 TO 008999,NO 1 RD,NO 1 RD,12:00-14:59,2,0
N,PROPERTY DAMAGE ONLY,\N,N,2024,THURSDAY,UNDETERMINED,N,N,49.150004,-123.080613,Y,FEBRUARY,N,RICHMOND,RICHMOND,RICHMOND,Y,Y,N,LOWER MAINLAND,SIDAWAY RD # 008300 TO 009663,SIDAWAY RD,SIDAWAY RD,12:00-14:59,1,0
N,PROPERTY DAMAGE ONLY,\N,N,2024,THURSDAY,UNDETERMINED,N,N,49.155458,-122.77742,Y,FEBRUARY,N,SURREY,SURREY,SURREY,Y,N,N,LOWER MAINLAND,84 AVE # 016010 TO 016099,84 AVE,84 AVE,12:00-14:59,1,0
N,PROPERTY DAMAGE ONLY,\N,N,2024,THURSDAY,UNDETERMINED,N,N,49.162634,-122.972163,Y,FEBRUARY,N,DELTA,DELTA,DELTA,Y,Y,N,LOWER MAINLAND,CLIVEDEN AVE # 001630 TO 001649,CLIVEDEN AVE,CLIVEDEN AVE,12:00-14:59,1,0
N,PROPERTY DAMAGE ONLY,\N,N,2024,THURSDAY,UNDETERMINED,N,N,49.162794,-123.145411,Y,FEBRUARY,N,RICHMOND,RICHMOND,RICHMOND,Y,Y,N,LOWER MAINLAND,GRANVILLE AVE # 007001 TO 007299 odd,GRANVILLE AVE,GRANVILLE AVE,12:00-14:59,1,0
N,PROPERTY DAMAGE ONLY,\N,N,2024,THURSDAY,UNDETERMINED,N,N,49.163077,-122.876824,Y,FEBRUARY,N,SURREY,SURREY,SURREY,Y,Y,N,LOWER MAINLAND,88 AVE # 012450 TO 012499,88 AVE,88 AVE,12:00-14:59,1,0
N,PROPERTY DAMAGE ONLY,\N,N,2024,THURSDAY,UNDETERMINED,N,N,49.163701,-123.934537,Y,FEBRUARY,N,NANAIMO,NANAIMO,NANAIMO,Y,Y,N,VANCOUVER ISLAND,TERMINAL AVE # 000628 TO 000651,TERMINAL AVE,TERMINAL AVE,12:00-14:59,1,0
N,PROPERTY DAMAGE ONLY,\N,N,2024,THURSDAY,UNDETERMINED,N,N,49.167197,-122.801279,Y,FEBRUARY,N,SURREY,SURREY,SURREY,N,Y,N,LOWER MAINLAND,152 ST # 009000 TO 009098 even,152 ST,152 ST,12:00-14:59,1,0
N,PROPERTY DAMAGE ONLY,\N,N,2024,THURSDAY,UNDETERMINED,N,N,49.167493,-123.187018,Y,FEBRUARY,N,RICHMOND,RICHMOND,RICHMOND,Y,N,N,LOWER MAINLAND,DUNSMUIR CRES # 006000 TO 006299,DUNSMUIR CRES,DUNSMUIR CRES,12:00-14:59,1,0
N,PROPERTY DAMAGE ONLY,\N,N,2024,THURSDAY,UNDETERMINED,N,N,49.172758,-123.164448,Y,FEBRUARY,N,RICHMOND,RICHMOND,RICHMOND,Y,Y,N,LOWER MAINLAND,LYNAS LANE # 005500 TO 005699,LYNAS LANE,LYNAS LANE,12:00-14:59,1,0
N,PROPERTY DAMAGE ONLY,\N,N,2024,THURSDAY,UNDETERMINED,N,N,49.173565,-123.076607,Y,FEBRUARY,N,RICHMOND,RICHMOND,RICHMOND,Y,N,N,LOWER MAINLAND,PARKWOOD CRES # 005600 TO 005680 even,PARKWOOD CRES,PARKWOOD CRES,12:00-14:59,1,0
N,PROPERTY DAMAGE ONLY,\N,N,2024,THURSDAY,UNDETERMINED,N,N,49.174658,-123.136677,Y,FEBRUARY,N,RICHMOND,RICHMOND,RICHMOND,Y,Y,N,LOWER MAINLAND,NO 3 RD # 005300 TO 005498 even,NO 3 RD,NO 3 RD,12:00-14:59,1,0
N,PROPERTY DAMAGE ONLY,\N,N,2024,THURSDAY,UNDETERMINED,N,N,49.177581,-123.168021,Y,FEBRUARY,N,RICHMOND,RICHMOND,RICHMOND,N,Y,N,LOWER MAINLAND,INGLIS DR # 004652 TO 004999,INGLIS DR,INGLIS DR,12:00-14:59,1,0
N,PROPERTY DAMAGE ONLY,\N,N,2024,THURSDAY,UNDETERMINED,N,N,49.183536,-123.133217,Y,FEBRUARY,N,RICHMOND,RICHMOND,RICHMOND,N,Y,N,LOWER MAINLAND,HAZELBRIDGE WAY # 004147 TO 004183 odd,HAZELBRIDGE WAY,HAZELBRIDGE WAY,12:00-14:59,1,0
N,PROPERTY DAMAGE ONLY,\N,N,2024,THURSDAY,UNDETERMINED,N,N,49.183753,-123.136572,Y,FEBRUARY,N,RICHMOND,RICHMOND,RICHMOND,Y,Y,N,LOWER MAINLAND,NO 3 RD # 004000 TO 004198 even,NO 3 RD,NO 3 RD,12:00-14:59,1,0
N,PROPERTY DAMAGE ONLY,\N,N,2024,THURSDAY,UNDETERMINED,N,N,49.184579,-123.10181,Y,FEBRUARY,N,RICHMOND,RICHMOND,RICHMOND,Y,N,N,LOWER MAINLAND,CAMBIE RD # 011000 TO 011149,CAMBIE RD,CAMBIE RD,12:00-14:59,1,0
N,PROPERTY DAMAGE ONLY,\N,N,2024,THURSDAY,UNDETERMINED,N,N,49.184599,-122.666735,Y,FEBRUARY,N,LANGLEY,LANGLEY,LANGLEY,Y,Y,N,LOWER MAINLAND,100A AVE # 019960 TO 020109,100A AVE,100A AVE,12:00-14:59,1,0
N,PROPERTY DAMAGE ONLY,\N,N,2024,THURSDAY,UNDETERMINED,N,N,49.185452,-123.128143,Y,FEBRUARY,N,RICHMOND,RICHMOND,RICHMOND,N,Y,N,LOWER MAINLAND,SEXSMITH RD # 003660 TO 003799,SEXSMITH RD,SEXSMITH RD,12:00-14:59,1,0
N,PROPERTY DAMAGE ONLY,\N,N,2024,THURSDAY,UNDETERMINED,N,N,49.185598,-123.135643,Y,FEBRUARY,N,RICHMOND,RICHMOND,RICHMOND,Y,Y,N,LOWER MAINLAND,NO 3 RD # 003700 TO 003998 even,NO 3 RD,NO 3 RD,12:00-14:59,1,0
N,PROPERTY DAMAGE ONLY,\N,N,2024,THURSDAY,UNDETERMINED,N,N,49.190089,-122.800995,Y,FEBRUARY,N,SURREY,SURREY,SURREY,Y,Y,N,LOWER MAINLAND,152 ST # 010251 TO 010399 odd,152 ST,152 ST,12:00-14:59,1,0
N,PROPERTY DAMAGE ONLY,\N,N,2024,THURSDAY,UNDETERMINED,N,N,49.190155,-122.807755,Y,FEBRUARY,N,SURREY,SURREY,SURREY,Y,N,N,LOWER MAINLAND,149A ST # 010260 TO 010399,149A ST,149A ST,12:00-14:59,1,0
N,PROPERTY DAMAGE ONLY,\N,N,2024,THURSDAY,UNDETERMINED,N,N,49.191998,-123.115315,Y,FEBRUARY,N,RICHMOND,RICHMOND,RICHMOND,N,Y,N,LOWER MAINLAND,BRIDGEPORT RD # 009687 TO 009719 odd,BRIDGEPORT RD,BRIDGEPORT RD,12:00-14:59,1,0
N,PROPERTY DAMAGE ONLY,\N,N,2024,THURSDAY,UNDETERMINED,N,N,49.199886,-123.01439,Y,FEBRUARY,N,BURNABY,BURNABY,BURNABY,Y,N,N,LOWER MAINLAND,FRASERTON CRT # 008900 TO 008999,FRASERTON CRT,FRASERTON CRT,12:00-14:59,1,0
N,PROPERTY DAMAGE ONLY,\N,N,2024,THURSDAY,UNDETERMINED,N,N,49.204473,-123.086073,Y,FEBRUARY,N,RICHMOND,RICHMOND,RICHMOND,Y,Y,N,LOWER MAINLAND,MITCHELL RD # 011930 TO 012948,MITCHELL RD,MITCHELL RD,12:00-14:59,1,0
N,PROPERTY DAMAGE ONLY,\N,N,2024,THURSDAY,UNDETERMINED,N,N,49.216698,-122.557966,Y,FEBRUARY,N,MAPLE RIDGE,MAPLE RIDGE,MAPLE RIDGE,Y,Y,N,LOWER MAINLAND,118 AVE # 023900 TO 023999,118 AVE,118 AVE,12:00-14:59,1,0
N,PROPERTY DAMAGE ONLY,\N,N,2024,THURSDAY,UNDETERMINED,N,N,49.216862,-122.592962,Y,FEBRUARY,N,MAPLE RIDGE,MAPLE RIDGE,MAPLE RIDGE,N,Y,N,LOWER MAINLAND,LOUGHEED HWY # 022700 TO 022757,LOUGHEED HWY,LOUGHEED HWY,12:00-14:59,1,0
N,PROPERTY DAMAGE ONLY,\N,N,2024,THURSDAY,UNDETERMINED,N,N,49.216862,-122.592962,Y,FEBRUARY,N,MAPLE RIDGE,MAPLE RIDGE,MAPLE RIDGE,Y,N,N,LOWER MAINLAND,LOUGHEED HWY # 022700 TO 022757,LOUGHEED HWY,LOUGHEED HWY,12:00-14:59,1,0
N,PROPERTY DAMAGE ONLY,\N,N,2024,THURSDAY,UNDETERMINED,N,N,49.218716,-123.041366,Y,FEBRUARY,N,VANCOUVER,VANCOUVER,VANCOUVER,Y,Y,N,LOWER MAINLAND,KERR ST # 007100 TO 007185,KERR ST,KERR ST,12:00-14:59,1,0
N,PROPERTY DAMAGE ONLY,\N,N,2024,THURSDAY,UNDETERMINED,N,N,49.219254,-123.099444,Y,FEBRUARY,N,VANCOUVER,VANCOUVER,VANCOUVER,Y,N,N,LOWER MAINLAND,E 56TH AVE # 000234 TO 000399,E 56TH AVE,E 56TH AVE,12:00-14:59,1,0
N,PROPERTY DAMAGE ONLY,\N,N,2024,THURSDAY,UNDETERMINED,N,N,49.21983,-122.622775,Y,FEBRUARY,N,MAPLE RIDGE,MAPLE RIDGE,MAPLE RIDGE,Y,Y,N,LOWER MAINLAND,216 ST # 011900 TO 011999,216 ST,216 ST,12:00-14:59,1,0
N,PROPERTY DAMAGE ONLY,\N,N,2024,THURSDAY,UNDETERMINED,N,N,49.221463,-122.648513,Y,FEBRUARY,N,MAPLE RIDGE,MAPLE RIDGE,MAPLE RIDGE,Y,Y,N,LOWER MAINLAND,120A AVE # 020650 TO 020679,120A AVE,120A AVE,12:00-14:59,1,0
N,PROPERTY DAMAGE ONLY,\N,N,2024,THURSDAY,UNDETERMINED,N,N,49.221716,-123.062559,Y,FEBRUARY,N,VANCOUVER,VANCOUVER,VANCOUVER,Y,N,N,LOWER MAINLAND,GLADSTONE ST # 006800 TO 006899,GLADSTONE ST,GLADSTONE ST,12:00-14:59,1,0
N,PROPERTY DAMAGE ONLY,\N,N,2024,THURSDAY,UNDETERMINED,N,N,49.228116,-122.998531,Y,FEBRUARY,N,BURNABY,BURNABY,BURNABY,Y,Y,N,LOWER MAINLAND,KINGSWAY # 004700 TO 004749,KINGSWAY,KINGSWAY,12:00-14:59,2,0
N,PROPERTY DAMAGE ONLY,\N,N,2024,THURSDAY,UNDETERMINED,N,N,49.229897,-123.003852,Y,FEBRUARY,N,BURNABY,BURNABY,BURNABY,Y,Y,N,LOWER MAINLAND,KINGSWAY # 004500 TO 004555,KINGSWAY,KINGSWAY,12:00-14:59,1,0
N,PROPERTY DAMAGE ONLY,\N,N,2024,THURSDAY,UNDETERMINED,N,N,49.231773,-124.044187,Y,FEBRUARY,N,NANAIMO,NANAIMO,NANAIMO,Y,Y,N,VANCOUVER ISLAND,METRAL DR # 006421 TO 006449 odd,METRAL DR,METRAL DR,12:00-14:59,1,0
N,PROPERTY DAMAGE ONLY,\N,N,2024,THURSDAY,UNDETERMINED,N,N,49.233426,-123.141456,Y,FEBRUARY,N,VANCOUVER,VANCOUVER,VANCOUVER,Y,N,N,LOWER MAINLAND,CHURCHILL ST # 005700 TO 005899,CHURCHILL ST,CHURCHILL ST,12:00-14:59,1,0
N,PROPERTY DAMAGE ONLY,\N,N,2024,THURSDAY,UNDETERMINED,N,N,49.238221,-122.901481,Y,FEBRUARY,N,BURNABY,BURNABY,BURNABY,Y,N,N,LOWER MAINLAND,MANZANITA PL # 007500 TO 007549,MANZANITA PL,MANZANITA PL,12:00-14:59,1,0
N,PROPERTY DAMAGE ONLY,\N,N,2024,THURSDAY,UNDETERMINED,N,N,49.239045,-122.880258,Y,FEBRUARY,N,COQUITLAM,COQUITLAM,COQUITLAM,N,Y,N,LOWER MAINLAND,LOUGHEED HWY # 000700 TO 000768 even,LOUGHEED HWY,LOUGHEED HWY,12:00-14:59,1,0
N,PROPERTY DAMAGE ONLY,\N,N,2024,THURSDAY,UNDETERMINED,N,N,49.246632,-123.010757,Y,FEBRUARY,N,BURNABY,BURNABY,BURNABY,N,N,N,LOWER MAINLAND,SPRUCE ST # 004200 TO 004249,SPRUCE ST,SPRUCE ST,12:00-14:59,1,0
N,PROPERTY DAMAGE ONLY,\N,N,2024,THURSDAY,UNDETERMINED,N,N,49.249121,-123.126109,Y,FEBRUARY,N,VANCOUVER,VANCOUVER,VANCOUVER,N,Y,N,LOWER MAINLAND,W KING EDWARD AVE # 000900 TO 000998 even,W KING EDWARD AVE,W KING EDWARD AVE,12:00-14:59,1,0
N,PROPERTY DAMAGE ONLY,\N,N,2024,THURSDAY,UNDETERMINED,N,N,49.251719,-123.079076,Y,FEBRUARY,N,VANCOUVER,VANCOUVER,VANCOUVER,Y,Y,N,LOWER MAINLAND,KINGSWAY # 001201 TO 001299 odd,KINGSWAY,KINGSWAY,12:00-14:59,1,0
N,PROPERTY DAMAGE ONLY,\N,N,2024,THURSDAY,UNDETERMINED,N,N,49.258119,-123.037802,Y,FEBRUARY,N,VANCOUVER,VANCOUVER,VANCOUVER,Y,Y,N,LOWER MAINLAND,GRANDVIEW HWY # 003100 TO 003199,GRANDVIEW HWY,GRANDVIEW HWY,12:00-14:59,2,0
N,PROPERTY DAMAGE ONLY,\N,N,2024,THURSDAY,UNDETERMINED,N,N,49.258172,-123.042894,Y,FEBRUARY,N,VANCOUVER,VANCOUVER,VANCOUVER,Y,Y,N,LOWER MAINLAND,GRANDVIEW HWY # 002900 TO 002999,GRANDVIEW HWY,GRANDVIEW HWY,12:00-14:59,1,0
N,PROPERTY DAMAGE ONLY,\N,N,2024,THURSDAY,UNDETERMINED,N,N,49.263605,-123.140142,Y,FEBRUARY,N,VANCOUVER,VANCOUVER,VANCOUVER,Y,Y,N,LOWER MAINLAND,W BROADWAY # 001528 TO 001599,W BROADWAY,W BROADWAY,12:00-14:59,1,0
N,PROPERTY DAMAGE ONLY,\N,N,2024,THURSDAY,UNDETERMINED,N,N,49.264046,-123.138545,Y,FEBRUARY,N,VANCOUVER,VANCOUVER,VANCOUVER,Y,Y,N,LOWER MAINLAND,GRANVILLE ST # 002400 TO 002499,GRANVILLE ST,GRANVILLE ST,12:00-14:59,1,0
N,PROPERTY DAMAGE ONLY,\N,N,2024,THURSDAY,UNDETERMINED,N,N,49.264219,-123.176849,Y,FEBRUARY,N,VANCOUVER,VANCOUVER,VANCOUVER,Y,N,N,LOWER MAINLAND,W BROADWAY # 003200 TO 003299,W BROADWAY,W BROADWAY,12:00-14:59,1,0
N,PROPERTY DAMAGE ONLY,\N,N,2024,THURSDAY,UNDETERMINED,N,N,49.266225,-123.011563,Y,FEBRUARY,N,BURNABY,BURNABY,BURNABY,Y,Y,N,LOWER MAINLAND,LOUGHEED HWY # 004100 TO 004298 even,LOUGHEED HWY,LOUGHEED HWY,12:00-14:59,1,0
N,PROPERTY DAMAGE ONLY,\N,N,2024,THURSDAY,UNDETERMINED,N,N,49.268179,-123.185707,Y,FEBRUARY,N,VANCOUVER,VANCOUVER,VANCOUVER,Y,Y,N,LOWER MAINLAND,ALMA ST # 002000 TO 002099,ALMA ST,ALMA ST,12:00-14:59,1,0
N,PROPERTY DAMAGE ONLY,\N,N,2024,THURSDAY,UNDETERMINED,N,N,49.271181,-122.758292,Y,FEBRUARY,N,PORT COQUITLAM,PORT COQUITLAM,PORT COQUITLAM,Y,Y,N,LOWER MAINLAND,PRAIRIE AVE # 001550 TO 001599,PRAIRIE AVE,PRAIRIE AVE,12:00-14:59,1,0
N,PROPERTY DAMAGE ONLY,\N,N,2024,THURSDAY,UNDETERMINED,N,N,49.275152,-122.834867,Y,FEBRUARY,N,PORT MOODY,PORT MOODY,PORT MOODY,Y,Y,N,LOWER MAINLAND,MORAY ST # 000125 TO 000199,MORAY ST,MORAY ST,12:00-14:59,1,0
N,PROPERTY DAMAGE ONLY,\N,N,2024,THURSDAY,UNDETERMINED,N,N,49.277204,-122.843376,Y,FEBRUARY,N,PORT MOODY,PORT MOODY,PORT MOODY,Y,Y,N,LOWER MAINLAND,SPRING ST # 003000 TO 003099,SPRING ST,SPRING ST,12:00-14:59,1,0
N,PROPERTY DAMAGE ONLY,\N,N,2024,THURSDAY,UNDETERMINED,N,N,49.277921,-122.815278,Y,FEBRUARY,N,COQUITLAM,COQUITLAM,COQUITLAM,Y,Y,N,LOWER MAINLAND,BARNET HWY # 002571 TO 002699 odd,BARNET HWY,BARNET HWY,12:00-14:59,1,0
N,PROPERTY DAMAGE ONLY,\N,N,2024,THURSDAY,UNDETERMINED,N,N,49.279173,-122.972133,Y,FEBRUARY,N,BURNABY,BURNABY,BURNABY,Y,Y,N,LOWER MAINLAND,HAMMARSKJOLD DR # 000700 TO 000729,HAMMARSKJOLD DR,HAMMARSKJOLD DR,12:00-14:59,1,0
N,PROPERTY DAMAGE ONLY,\N,N,2024,THURSDAY,UNDETERMINED,N,N,49.2803,-122.967926,Y,FEBRUARY,N,BURNABY,BURNABY,BURNABY,Y,N,N,LOWER MAINLAND,HASTINGS ST # 006500 TO 006628 even,HASTINGS ST,HASTINGS ST,12:00-14:59,1,0
N,PROPERTY DAMAGE ONLY,\N,N,2024,THURSDAY,UNDETERMINED,N,N,49.2803,-122.967926,Y,FEBRUARY,N,BURNABY,BURNABY,BURNABY,Y,Y,N,LOWER MAINLAND,HASTINGS ST # 006500 TO 006628 even,HASTINGS ST,HASTINGS ST,12:00-14:59,1,0
N,PROPERTY DAMAGE ONLY,\N,N,2024,THURSDAY,UNDETERMINED,N,N,49.280337,-122.976209,Y,FEBRUARY,N,BURNABY,BURNABY,BURNABY,N,Y,N,LOWER MAINLAND,HASTINGS ST # 006000 TO 006099,HASTINGS ST,HASTINGS ST,12:00-14:59,1,0
N,PROPERTY DAMAGE ONLY,\N,N,2024,THURSDAY,UNDETERMINED,N,N,49.281323,-123.098169,Y,FEBRUARY,N,VANCOUVER,VANCOUVER,VANCOUVER,N,N,N,LOWER MAINLAND,E HASTINGS ST # 000236 TO 000299,E HASTINGS ST,E HASTINGS ST,12:00-14:59,1,0
N,PROPERTY DAMAGE ONLY,\N,N,2024,THURSDAY,UNDETERMINED,N,N,49.281943,-123.134692,Y,FEBRUARY,N,VANCOUVER,VANCOUVER,VANCOUVER,Y,Y,N,LOWER MAINLAND,PANTAGES LANE # 001200 TO 001299,PANTAGES LANE,PANTAGES LANE,12:00-14:59,1,0
N,PROPERTY DAMAGE ONLY,\N,N,2024,THURSDAY,UNDETERMINED,N,N,49.283154,-123.075516,Y,FEBRUARY,N,VANCOUVER,VANCOUVER,VANCOUVER,N,Y,N,LOWER MAINLAND,POWELL ST # 001300 TO 001499,POWELL ST,POWELL ST,12:00-14:59,1,0
N,PROPERTY DAMAGE ONLY,\N,N,2024,THURSDAY,UNDETERMINED,N,N,49.284044,-123.069299,Y,FEBRUARY,N,VANCOUVER,VANCOUVER,VANCOUVER,N,Y,N,LOWER MAINLAND,POWELL ST # 001700 TO 001799,POWELL ST,POWELL ST,12:00-14:59,1,0
N,PROPERTY DAMAGE ONLY,\N,N,2024,THURSDAY,UNDETERMINED,N,N,49.2858,-123.1151,Y,FEBRUARY,N,VANCOUVER,VANCOUVER,VANCOUVER,Y,N,N,LOWER MAINLAND,HOWE ST # 000400 TO 000449,HOWE ST,HOWE ST,12:00-14:59,1,0
N,PROPERTY DAMAGE ONLY,\N,N,2024,THURSDAY,UNDETERMINED,N,N,49.287635,-123.126101,Y,FEBRUARY,N,VANCOUVER,VANCOUVER,VANCOUVER,Y,Y,N,LOWER MAINLAND,W GEORGIA ST # 001200 TO 001299,W GEORGIA ST,W GEORGIA ST,12:00-14:59,1,0
N,PROPERTY DAMAGE ONLY,\N,N,2024,THURSDAY,UNDETERMINED,N,N,49.295319,-122.860677,Y,FEBRUARY,N,PORT MOODY,PORT MOODY,PORT MOODY,Y,N,N,LOWER MAINLAND,ALDERSIDE RD # 000840 TO 001299,ALDERSIDE RD,ALDERSIDE RD,12:00-14:59,1,0
N,PROPERTY DAMAGE ONLY,\N,N,2024,THURSDAY,UNDETERMINED,N,N,49.30191,-117.65921,Y,FEBRUARY,N,CASTLEGAR,CASTLEGAR,CASTLEGAR,Y,N,N,SOUTHERN INTERIOR,17TH ST # 000700 TO 000719,17TH ST,17TH ST,12:00-14:59,1,0
N,PROPERTY DAMAGE ONLY,\N,N,2024,THURSDAY,UNDETERMINED,N,N,49.303022,-117.658396,Y,FEBRUARY,N,CASTLEGAR,CASTLEGAR,CASTLEGAR,Y,N,N,SOUTHERN INTERIOR,COLUMBIA AVE # 001600 TO 001698 even,COLUMBIA AVE,COLUMBIA AVE,12:00-14:59,1,0
N,PROPERTY DAMAGE ONLY,\N,N,2024,THURSDAY,UNDETERMINED,N,N,49.321015,-123.07037,Y,FEBRUARY,N,NORTH VANCOUVER,NORTH VANCOUVER,NORTH VANCOUVER,Y,N,N,LOWER MAINLAND,E 14TH ST # 000121 TO 000199,E 14TH ST,E 14TH ST,12:00-14:59,1,0
N,PROPERTY DAMAGE ONLY,\N,N,2024,THURSDAY,UNDETERMINED,N,N,49.32203,-123.068113,Y,FEBRUARY,N,NORTH VANCOUVER,NORTH VANCOUVER,NORTH VANCOUVER,N,Y,N,LOWER MAINLAND,E 15TH ST # 000214 TO 000235,E 15TH ST,E 15TH ST,12:00-14:59,1,0
N,PROPERTY DAMAGE ONLY,\N,N,2024,THURSDAY,UNDETERMINED,N,N,49.322583,-123.072307,Y,FEBRUARY,N,NORTH VANCOUVER,NORTH VANCOUVER,NORTH VANCOUVER,Y,N,N,LOWER MAINLAND,LONSDALE AVE # 001500 TO 001599,LONSDALE AVE,LONSDALE AVE,12:00-14:59,1,0
N,PROPERTY DAMAGE ONLY,\N,N,2024,THURSDAY,UNDETERMINED,N,N,49.322649,-123.098964,Y,FEBRUARY,N,NORTH VANCOUVER,NORTH VANCOUVER,NORTH VANCOUVER,N,Y,N,LOWER MAINLAND,MARINE DR # 000901 TO 000969 odd,MARINE DR,MARINE DR,12:00-14:59,1,0
N,PROPERTY DAMAGE ONLY,\N,N,2024,THURSDAY,UNDETERMINED,N,N,49.323885,-123.11197,Y,FEBRUARY,N,NORTH VANCOUVER,NORTH VANCOUVER,NORTH VANCOUVER,N,Y,N,LOWER MAINLAND,MARINE DR # 001300 TO 001399,MARINE DR,MARINE DR,12:00-14:59,1,0
N,PROPERTY DAMAGE ONLY,\N,N,2024,THURSDAY,UNDETERMINED,N,N,49.325172,-117.667347,Y,FEBRUARY,N,CASTLEGAR,CASTLEGAR,CASTLEGAR,Y,Y,N,SOUTHERN INTERIOR,13TH AVE # 000300 TO 000499,13TH AVE,13TH AVE,12:00-14:59,1,0
N,PROPERTY DAMAGE ONLY,\N,N,2024,THURSDAY,UNDETERMINED,N,N,49.327471,-123.158907,Y,FEBRUARY,N,WEST VANCOUVER,WEST VANCOUVER,WEST VANCOUVER,Y,Y,N,LOWER MAINLAND,16TH ST # 000100 TO 000199,16TH ST,16TH ST,12:00-14:59,1,0
N,PROPERTY DAMAGE ONLY,\N,N,2024,THURSDAY,UNDETERMINED,N,N,49.327992,-122.950631,Y,FEBRUARY,N,NORTH VANCOUVER,NORTH VANCOUVER,NORTH VANCOUVER,Y,Y,N,LOWER MAINLAND,PANORAMA DR # 002290 TO 002307,PANORAMA DR,PANORAMA DR,12:00-14:59,1,0
N,PROPERTY DAMAGE ONLY,\N,N,2024,THURSDAY,UNDETERMINED,N,N,49.328431,-123.087461,Y,FEBRUARY,N,NORTH VANCOUVER,NORTH VANCOUVER,NORTH VANCOUVER,Y,N,N,LOWER MAINLAND,W 21ST ST # 000522 TO 000583,W 21ST ST,W 21ST ST,12:00-14:59,1,0
N,PROPERTY DAMAGE ONLY,\N,N,2024,THURSDAY,UNDETERMINED,N,N,49.334626,-123.042689,Y,FEBRUARY,N,NORTH VANCOUVER,NORTH VANCOUVER,NORTH VANCOUVER,Y,Y,N,LOWER MAINLAND,LYNN VALLEY RD # 001101 TO 001199 odd,LYNN VALLEY RD,LYNN VALLEY RD,12:00-14:59,1,0
N,PROPERTY DAMAGE ONLY,\N,N,2024,THURSDAY,UNDETERMINED,N,N,49.335656,-123.071608,Y,FEBRUARY,N,NORTH VANCOUVER,NORTH VANCOUVER,NORTH VANCOUVER,Y,N,N,LOWER MAINLAND,E 29TH ST # 000100 TO 000125,E 29TH ST,E 29TH ST,12:00-14:59,1,0
N,PROPERTY DAMAGE ONLY,\N,N,2024,THURSDAY,UNDETERMINED,N,N,49.474607,-119.582864,Y,FEBRUARY,N,PENTICTON,PENTICTON,PENTICTON,Y,Y,N,SOUTHERN INTERIOR,MAIN ST # 002051 TO 002199 odd,MAIN ST,MAIN ST,12:00-14:59,1,0
N,PROPERTY DAMAGE ONLY,\N,N,2024,THURSDAY,UNDETERMINED,N,N,49.482646,-119.578336,Y,FEBRUARY,N,PENTICTON,PENTICTON,PENTICTON,Y,Y,N,SOUTHERN INTERIOR,CARMI AVE # 000550 TO 000579,CARMI AVE,CARMI AVE,12:00-14:59,1,0
N,PROPERTY DAMAGE ONLY,\N,N,2024,THURSDAY,UNDETERMINED,N,N,49.524681,-115.735766,Y,FEBRUARY,N,CRANBROOK,CRANBROOK,CRANBROOK,Y,N,N,SOUTHERN INTERIOR,MT FISHER CRES # 001500 TO 001549,MT FISHER CRES,MT FISHER CRES,12:00-14:59,1,0
N,PROPERTY DAMAGE ONLY,\N,N,2024,THURSDAY,UNDETERMINED,N,N,49.597692,-119.600863,Y,FEBRUARY,N,NARAMATA,NARAMATA,NARAMATA,N,N,N,SOUTHERN INTERIOR,ROBINSON AVE # 000200 TO 000299,ROBINSON AVE,ROBINSON AVE,12:00-14:59,1,0
N,PROPERTY DAMAGE ONLY,\N,N,2024,THURSDAY,UNDETERMINED,N,N,49.682595,-124.939009,Y,FEBRUARY,N,COMOX,COMOX,COMOX,Y,N,N,VANCOUVER ISLAND,NOEL AVE # 002070 TO 002129,NOEL AVE,NOEL AVE,12:00-14:59,1,0
N,PROPERTY DAMAGE ONLY,\N,N,2024,THURSDAY,UNDETERMINED,N,N,49.710728,-124.912507,Y,FEBRUARY,N,COMOX,COMOX,COMOX,N,Y,N,VANCOUVER ISLAND,OCEANSPRAY RD # 001510 TO 001549,OCEANSPRAY RD,OCEANSPRAY RD,12:00-14:59,1,0
N,PROPERTY DAMAGE ONLY,\N,N,2024,THURSDAY,UNDETERMINED,N,N,49.715283,-124.963079,Y,FEBRUARY,N,COURTENAY,COURTENAY,COURTENAY,Y,Y,N,VANCOUVER ISLAND,CROWN ISLE BLVD # 000600 TO 000999,CROWN ISLE BLVD,CROWN ISLE BLVD,12:00-14:59,1,0
N,PROPERTY DAMAGE ONLY,\N,N,2024,THURSDAY,UNDETERMINED,N,N,49.808063,-119.450989,Y,FEBRUARY,N,KELOWNA,KELOWNA,KELOWNA,Y,N,N,SOUTHERN INTERIOR,CANYON RIDGE CRES # 004800 TO 004819,CANYON RIDGE CRES,CANYON RIDGE CRES,12:00-14:59,1,0
N,PROPERTY DAMAGE ONLY,\N,N,2024,THURSDAY,UNDETERMINED,N,N,49.860065,-119.49121,Y,FEBRUARY,N,KELOWNA,KELOWNA,KELOWNA,Y,Y,N,SOUTHERN INTERIOR,LAKESHORE RD # 003100 TO 003289,LAKESHORE RD,LAKESHORE RD,12:00-14:59,1,0
N,PROPERTY DAMAGE ONLY,\N,N,2024,THURSDAY,UNDETERMINED,N,N,49.881868,-119.451987,Y,FEBRUARY,N,KELOWNA,KELOWNA,KELOWNA,Y,N,N,SOUTHERN INTERIOR,HARVEY AVE # 001901 TO 001999 odd,HARVEY AVE,HARVEY AVE,12:00-14:59,1,0
N,PROPERTY DAMAGE ONLY,\N,N,2024,THURSDAY,UNDETERMINED,N,N,50.032136,-125.274795,Y,FEBRUARY,N,CAMPBELL RIVER,CAMPBELL RIVER,CAMPBELL RIVER,Y,Y,N,VANCOUVER ISLAND,WILLOW ST # 001600 TO 001901,WILLOW ST,WILLOW ST,12:00-14:59,1,0
N,PROPERTY DAMAGE ONLY,\N,N,2024,THURSDAY,UNDETERMINED,N,N,50.032558,-125.261439,Y,FEBRUARY,N,CAMPBELL RIVER,CAMPBELL RIVER,CAMPBELL RIVER,Y,Y,N,VANCOUVER ISLAND,ISLAND HWY # 001477 TO 001489 odd,ISLAND HWY,ISLAND HWY,12:00-14:59,1,0
N,PROPERTY DAMAGE ONLY,\N,N,2024,THURSDAY,UNDETERMINED,N,N,50.220124,-118.99523,Y,FEBRUARY,N,LUMBY,LUMBY,LUMBY,Y,N,N,SOUTHERN INTERIOR,WHITEVALE RD # 000497 TO 000504,WHITEVALE RD,WHITEVALE RD,12:00-14:59,1,0
N,PROPERTY DAMAGE ONLY,\N,N,2024,THURSDAY,UNDETERMINED,N,N,50.234141,-119.079872,Y,FEBRUARY,N,COLDSTREAM,COLDSTREAM,COLDSTREAM,Y,N,N,SOUTHERN INTERIOR,SPRINGFIELD RD # 009700 TO 009795,SPRINGFIELD RD,SPRINGFIELD RD,12:00-14:59,1,0
N,PROPERTY DAMAGE ONLY,\N,N,2024,THURSDAY,UNDETERMINED,N,N,50.257295,-119.273676,Y,FEBRUARY,N,VERNON,VERNON,VERNON,N,Y,N,SOUTHERN INTERIOR,32 ST # 002005 TO 002299 odd,32 ST,32 ST,12:00-14:59,1,0
N,PROPERTY DAMAGE ONLY,\N,N,2024,THURSDAY,UNDETERMINED,N,N,50.26162,-119.281756,Y,FEBRUARY,N,VERNON,VERNON,VERNON,Y,Y,N,SOUTHERN INTERIOR,27 AVE # 003500 TO 003699,27 AVE,27 AVE,12:00-14:59,1,0
N,PROPERTY DAMAGE ONLY,\N,N,2024,THURSDAY,UNDETERMINED,N,N,50.286393,-118.913725,Y,FEBRUARY,N,LUMBY,LUMBY,LUMBY,Y,Y,N,SOUTHERN INTERIOR,LUMBY MABEL LAKE RD # 000708 TO 000791,MABEL LAKE FSR,MABEL LAKE FSR,12:00-14:59,1,0
N,PROPERTY DAMAGE ONLY,\N,N,2024,THURSDAY,UNDETERMINED,N,N,50.324981,-122.802514,Y,FEBRUARY,N,PEMBERTON,PEMBERTON,PEMBERTON,Y,N,N,LOWER MAINLAND,WILLOW DR # 001414 TO 001439,WILLOW DR,WILLOW DR,12:00-14:59,1,0
N,PROPERTY DAMAGE ONLY,\N,N,2024,THURSDAY,UNDETERMINED,N,N,50.652593,-120.367574,Y,FEBRUARY,N,KAMLOOPS,KAMLOOPS,KAMLOOPS,Y,N,N,SOUTHERN INTERIOR,HWY 5A # 001801 TO 001813 odd,PRINCETON-KAMLOOPS HWY 5A,PRINCETON-KAMLOOPS HWY 5A,12:00-14:59,1,0
N,PROPERTY DAMAGE ONLY,\N,N,2024,THURSDAY,UNDETERMINED,N,N,50.66592,-120.354176,Y,FEBRUARY,N,KAMLOOPS,KAMLOOPS,KAMLOOPS,Y,Y,N,SOUTHERN INTERIOR,COLUMBIA ST W # 001100 TO 001198 even,COLUMBIA ST W,COLUMBIA ST W,12:00-14:59,1,0
N,PROPERTY DAMAGE ONLY,\N,N,2024,THURSDAY,UNDETERMINED,N,N,50.671381,-120.337621,Y,FEBRUARY,N,KAMLOOPS,KAMLOOPS,KAMLOOPS,Y,Y,N,SOUTHERN INTERIOR,COLUMBIA ST # 000101 TO 000199 odd,COLUMBIA ST,COLUMBIA ST,12:00-14:59,1,0
N,PROPERTY DAMAGE ONLY,\N,N,2024,THURSDAY,UNDETERMINED,N,N,50.75185,-120.354224,Y,FEBRUARY,N,KAMLOOPS,KAMLOOPS,KAMLOOPS,Y,Y,N,SOUTHERN INTERIOR,WESTSYDE RD # 002700 TO 002739,WESTSYDE RD,WESTSYDE RD,12:00-14:59,1,0
N,PROPERTY DAMAGE ONLY,\N,N,2024,THURSDAY,UNDETERMINED,N,N,51.300989,-116.96626,Y,FEBRUARY,N,GOLDEN,GOLDEN,GOLDEN,N,N,N,SOUTHERN INTERIOR,MAIN ST # 000501 TO 000599 odd,MAIN ST,MAIN ST,12:00-14:59,1,0
N,PROPERTY DAMAGE ONLY,\N,N,2024,THURSDAY,UNDETERMINED,N,N,52.981567,-122.466226,Y,FEBRUARY,N,QUESNEL,QUESNEL,QUESNEL,N,Y,N,NORTH CENTRAL,NORTH STAR RD # 000200 TO 000553,NORTH STAR RD,NORTH STAR RD,12:00-14:59,1,0
N,PROPERTY DAMAGE ONLY,\N,N,2024,THURSDAY,UNDETERMINED,N,N,53.865286,-122.782529,Y,FEBRUARY,N,PRINCE GEORGE,PRINCE GEORGE,PRINCE GEORGE,Y,Y,N,NORTH CENTRAL,SOUTHRIDGE AVE # 005850 TO 006038 even,SOUTHRIDGE AVE,SOUTHRIDGE AVE,12:00-14:59,1,0
N,PROPERTY DAMAGE ONLY,\N,N,2024,THURSDAY,UNDETERMINED,N,N,53.904694,-122.755126,Y,FEBRUARY,N,PRINCE GEORGE,PRINCE GEORGE,PRINCE GEORGE,Y,N,N,NORTH CENTRAL,VICTORIA ST # 002000 TO 002099,VICTORIA ST,VICTORIA ST,12:00-14:59,1,0
N,PROPERTY DAMAGE ONLY,\N,N,2024,THURSDAY,UNDETERMINED,N,N,53.909802,-122.7586,Y,FEBRUARY,N,PRINCE GEORGE,PRINCE GEORGE,PRINCE GEORGE,Y,Y,N,NORTH CENTRAL,15TH AVE # 001600 TO 001708 even,15TH AVE,15TH AVE,12:00-14:59,1,0
N,PROPERTY DAMAGE ONLY,\N,N,2024,THURSDAY,UNDETERMINED,N,N,53.916216,-122.802351,Y,FEBRUARY,N,PRINCE GEORGE,PRINCE GEORGE,PRINCE GEORGE,Y,Y,N,NORTH CENTRAL,KERRY ST # 000900 TO 000959,KERRY ST,KERRY ST,12:00-14:59,1,0
N,PROPERTY DAMAGE ONLY,\N,N,2024,THURSDAY,UNDETERMINED,N,N,53.926185,-122.803066,Y,FEBRUARY,N,PRINCE GEORGE,PRINCE GEORGE,PRINCE GEORGE,N,Y,N,NORTH CENTRAL,TABOR BLVD # 000100 TO 000180 even,TABOR BLVD,TABOR BLVD,12:00-14:59,1,0
N,PROPERTY DAMAGE ONLY,\N,N,2024,THURSDAY,UNDETERMINED,N,N,56.238281,-120.805127,Y,FEBRUARY,N,FORT ST. JOHN,FORT ST. JOHN,FORT ST. JOHN,Y,N,N,NORTH CENTRAL,77 ST # 009100 TO 009299,77 ST,77 ST,12:00-14:59,1,0
N,PROPERTY DAMAGE ONLY,\N,N,2024,THURSDAY,UNDETERMINED,Y,N,49.014888,-122.271803,Y,FEBRUARY,N,ABBOTSFORD,ABBOTSFORD,ABBOTSFORD,Y,Y,N,LOWER MAINLAND,RIVERSIDE RD # 000650 TO 000739,RIVERSIDE RD,RIVERSIDE RD,12:00-14:59,1,0
N,PROPERTY DAMAGE ONLY,\N,N,2024,THURSDAY,UNDETERMINED,Y,N,49.040408,-122.376719,Y,FEBRUARY,N,ABBOTSFORD,ABBOTSFORD,ABBOTSFORD,Y,Y,N,LOWER MAINLAND,PEARDONVILLE RD # 002061 TO 002102,PEARDONVILLE RD,PEARDONVILLE RD,12:00-14:59,1,0
N,PROPERTY DAMAGE ONLY,\N,N,2024,THURSDAY,UNDETERMINED,Y,N,49.218419,-122.95662,Y,FEBRUARY,N,BURNABY,BURNABY,BURNABY,Y,N,N,LOWER MAINLAND,KINGSWAY # 007100 TO 007179,KINGSWAY,KINGSWAY,12:00-14:59,1,0
N,PROPERTY DAMAGE ONLY,\N,N,2024,THURSDAY,UNDETERMINED,Y,N,49.28053,-123.109498,Y,FEBRUARY,N,VANCOUVER,VANCOUVER,VANCOUVER,Y,N,N,LOWER MAINLAND,BEATTY ST # 000500 TO 000599,BEATTY ST,BEATTY ST,12:00-14:59,1,0
N,PROPERTY DAMAGE ONLY,\N,N,2024,THURSDAY,UNDETERMINED,Y,N,49.828981,-119.651714,Y,FEBRUARY,N,WEST KELOWNA,WEST KELOWNA,WEST KELOWNA,Y,N,N,SOUTHERN INTERIOR,SALLOUM RD # 003700 TO 003740,SALLOUM RD,SALLOUM RD,12:00-14:59,1,0
N,PROPERTY DAMAGE ONLY,\N,Y,2024,THURSDAY,SINGLE VEHICLE,N,N,48.419795,-123.356406,Y,FEBRUARY,N,VICTORIA,VICTORIA,VICTORIA,Y,N,N,VANCOUVER ISLAND,RICHARDSON ST # 001000 TO 001099,RICHARDSON ST,RICHARDSON ST,12:00-14:59,1,0
N,PROPERTY DAMAGE ONLY,\N,Y,2024,THURSDAY,UNDETERMINED,N,N,\N,\N,N,FEBRUARY,N,VANCOUVER,VANCOUVER,\N,N,N,N,LOWER MAINLAND,UNKNOWN,W CORDOVA ST,W CORDOVA ST,12:00-14:59,1,0
N,PROPERTY DAMAGE ONLY,0 AVE,N,2024,THURSDAY,SIDE IMPACT,N,Y,49.002285,-122.492611,N,FEBRUARY,N,LANGLEY,LANGLEY,LANGLEY,N,N,N,LOWER MAINLAND,0 AVE & 264 ST,264 ST,264 ST,12:00-14:59,1,0
N,PROPERTY DAMAGE ONLY,100 AVE,N,2024,THURSDAY,REAR END,N,Y,49.184194,-122.800938,N,FEBRUARY,N,SURREY,SURREY,SURREY,N,N,N,LOWER MAINLAND,100 AVE & 152 ST,152 ST,152 ST,12:00-14:59,1,0
N,PROPERTY DAMAGE ONLY,104 AVE,N,2024,THURSDAY,HEAD ON,Y,Y,49.191466,-122.738252,N,FEBRUARY,N,SURREY,SURREY,SURREY,N,N,N,LOWER MAINLAND,104 AVE & 104 AVE ONRAMP & HWY 17 & TURNING LANE,HWY 17,HWY 17,12:00-14:59,1,0
N,PROPERTY DAMAGE ONLY,104 AVE,N,2024,THURSDAY,REAR END,N,Y,49.191498,-122.800899,N,FEBRUARY,N,SURREY,SURREY,SURREY,N,N,N,LOWER MAINLAND,104 AVE & 152 ST,152 ST,152 ST,12:00-14:59,1,0
N,PROPERTY DAMAGE ONLY,105A AVE,N,2024,THURSDAY,SIDE SWIPE - SAME DIRECTION,N,Y,49.194447,-122.845315,N,FEBRUARY,N,SURREY,SURREY,SURREY,N,N,N,LOWER MAINLAND,105A AVE & KING GEORGE BLVD,KING GEORGE BLVD,KING GEORGE BLVD,12:00-14:59,1,0
N,PROPERTY DAMAGE ONLY,107 AVE,N,2024,THURSDAY,REAR END,N,Y,55.754216,-120.232307,N,FEBRUARY,N,DAWSON CREEK,DAWSON CREEK,DAWSON CREEK,N,N,N,NORTH CENTRAL,10 ST & 107 AVE & CENTRAL MIDDLE SCHOOL ACCESS,10 ST,10 ST,12:00-14:59,1,0
N,PROPERTY DAMAGE ONLY,108 AVE,N,2024,THURSDAY,UNDETERMINED,N,N,\N,\N,N,FEBRUARY,N,SURREY,SURREY,\N,N,N,N,LOWER MAINLAND,UNKNOWN,48 AVE,48 AVE,12:00-14:59,1,0
N,PROPERTY DAMAGE ONLY,10TH AVE,N,2024,THURSDAY,REAR END,N,Y,49.216882,-122.931469,N,FEBRUARY,N,BURNABY,BURNABY,BURNABY & NEW WESTMINSTER,N,N,N,LOWER MAINLAND,10TH AVE & CANADA WAY & EIGHTH ST & TENTH AVE,CANADA WAY,CANADA WAY,12:00-14:59,1,0
N,PROPERTY DAMAGE ONLY,10TH AVE,N,2024,THURSDAY,REAR END,N,Y,53.915397,-122.769275,N,FEBRUARY,N,PRINCE GEORGE,PRINCE GEORGE,PRINCE GEORGE,N,N,N,NORTH CENTRAL,10TH AVE & CARNEY ST,CARNEY ST,CARNEY ST,12:00-14:59,1,0
N,PROPERTY DAMAGE ONLY,128 ST,N,2024,THURSDAY,UNDETERMINED,N,Y,49.108112,-122.867838,N,FEBRUARY,N,SURREY,SURREY,SURREY,N,N,N,LOWER MAINLAND,128 ST & 58 AVE,HWY 10,HWY 10,12:00-14:59,1,0
N,PROPERTY DAMAGE ONLY,128 ST,N,2024,THURSDAY,UNDETERMINED,Y,Y,49.160703,-122.868039,N,FEBRUARY,N,SURREY,SURREY,SURREY,N,N,N,LOWER MAINLAND,128 ST & 87 AVE,87 AVE,87 AVE,12:00-14:59,1,0
N,PROPERTY DAMAGE ONLY,132 ST,N,2024,THURSDAY,UNDETERMINED,N,Y,49.187578,-122.856286,N,FEBRUARY,N,SURREY,SURREY,SURREY,N,N,N,LOWER MAINLAND,132 ST & OLD YALE RD & TURNING LANE,OLD YALE RD,OLD YALE RD,12:00-14:59,1,0
N,PROPERTY DAMAGE ONLY,138 ST,N,2024,THURSDAY,SIDE IMPACT,N,Y,49.133576,-122.838651,N,FEBRUARY,N,SURREY,SURREY,SURREY,N,Y,N,LOWER MAINLAND,138 ST & 72 AVE,72 AVE,72 AVE,12:00-14:59,1,0
N,PROPERTY DAMAGE ONLY,13TH AVE,N,2024,THURSDAY,SIDE SWIPE - SAME DIRECTION,N,Y,53.911693,-122.760668,N,FEBRUARY,N,PRINCE GEORGE,PRINCE GEORGE,PRINCE GEORGE,N,N,N,NORTH CENTRAL,13TH AVE & WINNIPEG ST & MALL ACCESS,WINNIPEG ST,WINNIPEG ST,12:00-14:59,1,0
N,PROPERTY DAMAGE ONLY,140,N,2024,THURSDAY,UNDETERMINED,N,N,\N,\N,N,FEBRUARY,N,SURREY,SURREY,\N,N,N,N,LOWER MAINLAND,UNKNOWN,108TH,108TH,12:00-14:59,1,0
N,PROPERTY DAMAGE ONLY,140 ST,N,2024,THURSDAY,REAR END,N,Y,49.176977,-122.834537,N,FEBRUARY,N,SURREY,SURREY,SURREY,N,N,N,LOWER MAINLAND,140 ST & 96 AVE,96 AVE,96 AVE,12:00-14:59,1,0
N,PROPERTY DAMAGE ONLY,140 ST,N,2024,THURSDAY,SIDE IMPACT,N,Y,49.14632,-122.834553,N,FEBRUARY,N,SURREY,SURREY,SURREY,N,N,N,LOWER MAINLAND,140 ST & 79 AVE,79 AVE,79 AVE,12:00-14:59,1,0
N,PROPERTY DAMAGE ONLY,140 ST,N,2024,THURSDAY,SIDE IMPACT,N,Y,49.198845,-122.834162,N,FEBRUARY,N,SURREY,SURREY,SURREY,N,N,N,LOWER MAINLAND,108 AVE & 140 ST,108 AVE,108 AVE,12:00-14:59,1,0
N,PROPERTY DAMAGE ONLY,144 ST,N,2024,THURSDAY,SINGLE VEHICLE,N,Y,49.196081,-122.823054,N,FEBRUARY,N,SURREY,SURREY,SURREY,N,N,N,LOWER MAINLAND,106A AVE & 144 ST,106A AVE,106A AVE,12:00-14:59,1,0
N,PROPERTY DAMAGE ONLY,152 ST,N,2024,THURSDAY,CONFLICTED,N,Y,49.034748,-122.801212,N,FEBRUARY,N,SURREY,SURREY,SURREY,Y,Y,N,LOWER MAINLAND,152 ST & 18 AVE,18 AVE,18 AVE,12:00-14:59,1,0
N,PROPERTY DAMAGE ONLY,152 ST,N,2024,THURSDAY,SIDE IMPACT,N,Y,49.104433,-122.801032,N,FEBRUARY,N,SURREY,SURREY,SURREY,N,N,N,LOWER MAINLAND,152 ST & 56 AVE,HWY 10,HWY 10,12:00-14:59,1,0
N,PROPERTY DAMAGE ONLY,152 ST,N,2024,THURSDAY,SIDE IMPACT,N,Y,49.191498,-122.800899,N,FEBRUARY,N,SURREY,SURREY,SURREY,Y,N,N,LOWER MAINLAND,104 AVE & 152 ST,104 AVE,104 AVE,12:00-14:59,1,0
N,PROPERTY DAMAGE ONLY,156 ST,N,2024,THURSDAY,REAR END,N,Y,49.191551,-122.789744,N,FEBRUARY,N,SURREY,SURREY,SURREY,N,N,N,LOWER MAINLAND,104 AVE & 156 ST,104 AVE,104 AVE,12:00-14:59,1,0
N,PROPERTY DAMAGE ONLY,157 ST,N,2024,THURSDAY,REAR END,N,Y,49.045574,-122.787455,N,FEBRUARY,N,SURREY,SURREY,SURREY,N,N,N,LOWER MAINLAND,157 ST & 24 AVE,24 AVE,24 AVE,12:00-14:59,1,0
N,PROPERTY DAMAGE ONLY,159 ST,N,2024,THURSDAY,UNDETERMINED,N,Y,49.200638,-122.781594,N,FEBRUARY,N,SURREY,SURREY,SURREY,Y,N,N,LOWER MAINLAND,109 AVE & 159 ST & PARK ACCESS,109 AVE,109 AVE,12:00-14:59,1,0
N,PROPERTY DAMAGE ONLY,15TH AVE,N,2024,THURSDAY,UNDETERMINED,Y,Y,53.910352,-122.781695,N,FEBRUARY,N,PRINCE GEORGE,PRINCE GEORGE,PRINCE GEORGE,N,N,N,NORTH CENTRAL,15TH AVE & CENTRAL ST E & CENTRAL ST W & HWY 97 S & TURNING LANE,HWY 97,HWY 97,12:00-14:59,1,0
N,PROPERTY DAMAGE ONLY,169,N,2024,THURSDAY,UNDETERMINED,N,N,\N,\N,N,FEBRUARY,N,SURREY,SURREY,\N,Y,N,N,LOWER MAINLAND,UNKNOWN,FRASER HWY,FRASER HWY,12:00-14:59,1,0
N,PROPERTY DAMAGE ONLY,176 ST,N,2024,THURSDAY,SIDE IMPACT,N,Y,49.138147,-122.734746,N,FEBRUARY,N,SURREY,SURREY,SURREY,N,N,N,LOWER MAINLAND,176 ST & FRASER HWY & HARVIE RD & TURNING LANE,FRASER HWY,FRASER HWY,12:00-14:59,1,0
N,PROPERTY DAMAGE ONLY,176 ST,N,2024,THURSDAY,SIDE SWIPE - SAME DIRECTION,N,Y,49.045662,-122.735305,N,FEBRUARY,N,SURREY,SURREY,SURREY,Y,Y,N,LOWER MAINLAND,176 ST & 24 AVE,24 AVE,24 AVE,12:00-14:59,1,0
N,PROPERTY DAMAGE ONLY,17TH AVE,N,2024,THURSDAY,SIDE IMPACT,N,Y,53.908463,-122.742276,N,FEBRUARY,N,PRINCE GEORGE,PRINCE GEORGE,PRINCE GEORGE,N,N,N,NORTH CENTRAL,17TH AVE & QUEENSWAY,QUEENSWAY,QUEENSWAY,12:00-14:59,1,0
N,PROPERTY DAMAGE ONLY,184 ST,N,2024,THURSDAY,UNDETERMINED,N,Y,49.147902,-122.712389,N,FEBRUARY,N,SURREY,SURREY,SURREY,N,N,N,LOWER MAINLAND,184 ST & 80 AVE,80 AVE,80 AVE,12:00-14:59,1,0
N,PROPERTY DAMAGE ONLY,188 ST,N,2024,THURSDAY,CONFLICTED,N,Y,49.1237,-122.701718,N,FEBRUARY,N,SURREY,SURREY,SURREY,N,N,N,LOWER MAINLAND,188 ST & FRASER HWY & TURNING LANE,FRASER HWY,FRASER HWY,12:00-14:59,1,0
N,PROPERTY DAMAGE ONLY,198 ST,N,2024,THURSDAY,SIDE SWIPE - SAME DIRECTION,N,Y,49.104371,-122.674362,N,FEBRUARY,N,LANGLEY,LANGLEY,LANGLEY,N,N,N,LOWER MAINLAND,198 ST & 56 AVE,56 AVE,56 AVE,12:00-14:59,1,0
N,PROPERTY DAMAGE ONLY,19TH ST,N,2024,THURSDAY,UNDETERMINED,N,Y,49.328713,-123.164353,N,FEBRUARY,N,WEST VANCOUVER,WEST VANCOUVER,WEST VANCOUVER,Y,N,N,LOWER MAINLAND,19TH ST & MARINE DR,MARINE DR,MARINE DR,12:00-14:59,1,0
N,PROPERTY DAMAGE ONLY,20 AVE,N,2024,THURSDAY,SIDE IMPACT,N,Y,49.038379,-122.812233,N,FEBRUARY,N,SURREY,SURREY,SURREY,Y,Y,N,LOWER MAINLAND,148 ST & 20 AVE,148 ST,148 ST,12:00-14:59,1,0
N,PROPERTY DAMAGE ONLY,201 ST,N,2024,THURSDAY,CONFLICTED,N,Y,49.161671,-122.665975,N,FEBRUARY,N,LANGLEY,LANGLEY,LANGLEY,N,N,N,LOWER MAINLAND,201 ST & 88 AVE & HWY 1 ONRAMP,88 AVE,88 AVE,12:00-14:59,1,0
N,PROPERTY DAMAGE ONLY,223 ST,N,2024,THURSDAY,UNDETERMINED,N,Y,49.220486,-122.603864,N,FEBRUARY,N,MAPLE RIDGE,MAPLE RIDGE,MAPLE RIDGE,Y,N,N,LOWER MAINLAND,223 ST & DEWDNEY TRUNK RD,DEWDNEY TRUNK RD,DEWDNEY TRUNK RD,12:00-14:59,1,0
N,PROPERTY DAMAGE ONLY,232 ST,N,2024,THURSDAY,SINGLE VEHICLE,N,Y,49.118905,-122.581697,N,FEBRUARY,N,LANGLEY,LANGLEY,LANGLEY,N,N,N,LOWER MAINLAND,232 ST & 64 AVE,64 AVE,64 AVE,12:00-14:59,1,0
N,PROPERTY DAMAGE ONLY,25TH ST,N,2024,THURSDAY,SIDE SWIPE - SAME DIRECTION,N,Y,49.334934,-123.182413,N,FEBRUARY,N,WEST VANCOUVER,WEST VANCOUVER,WEST VANCOUVER,N,N,N,LOWER MAINLAND,25TH ST & MARINE DR,MARINE DR,MARINE DR,12:00-14:59,1,0
N,PROPERTY DAMAGE ONLY,264 ST,N,2024,THURSDAY,SIDE SWIPE - SAME DIRECTION,Y,Y,49.031267,-122.492516,N,FEBRUARY,N,LANGLEY,LANGLEY,LANGLEY,N,N,N,LOWER MAINLAND,16 AVE & 264 ST & TURNING LANE,16 AVE,16 AVE,12:00-14:59,1,0
N,PROPERTY DAMAGE ONLY,27 AVE,N,2024,THURSDAY,HEAD ON,N,Y,49.05162,-122.469095,N,FEBRUARY,N,LANGLEY,LANGLEY,LANGLEY,Y,N,N,LOWER MAINLAND,27 AVE & 272A ST,272A ST,272A ST,12:00-14:59,1,0
N,PROPERTY DAMAGE ONLY,28 AVE,N,2024,THURSDAY,SIDE IMPACT,N,Y,49.052999,-122.834415,N,FEBRUARY,N,SURREY,SURREY,SURREY,N,N,N,LOWER MAINLAND,140 ST & 28 AVE,140 ST,140 ST,12:00-14:59,1,0
N,PROPERTY DAMAGE ONLY,29A AVE,N,2024,THURSDAY,UNDETERMINED,N,Y,49.055441,-122.80112,N,FEBRUARY,N,SURREY,SURREY,SURREY,Y,Y,N,LOWER MAINLAND,152 ST & 29A AVE,152 ST,152 ST,12:00-14:59,1,0
N,PROPERTY DAMAGE ONLY,2ND AVE,N,2024,THURSDAY,UNDETERMINED,N,N,\N,\N,N,FEBRUARY,N,SQUAMISH,SQUAMISH,\N,Y,N,N,LOWER MAINLAND,UNKNOWN,WINNIPEG ST,WINNIPEG ST,12:00-14:59,1,0
N,PROPERTY DAMAGE ONLY,3RD AVE,N,2024,THURSDAY,REAR END,Y,Y,50.671413,-120.334438,N,FEBRUARY,N,KAMLOOPS,KAMLOOPS,KAMLOOPS,N,N,N,SOUTHERN INTERIOR,3RD AVE & COLUMBIA ST,COLUMBIA ST,COLUMBIA ST,12:00-14:59,1,0
N,PROPERTY DAMAGE ONLY,4TH AVE,N,2024,THURSDAY,CONFLICTED,N,Y,50.674041,-120.331998,N,FEBRUARY,N,KAMLOOPS,KAMLOOPS,KAMLOOPS,N,N,N,SOUTHERN INTERIOR,4TH AVE & ST PAUL ST,ST PAUL ST,ST PAUL ST,12:00-14:59,1,0
N,PROPERTY DAMAGE ONLY,5TH AVE,N,2024,THURSDAY,REAR END,N,Y,53.920612,-122.781668,N,FEBRUARY,N,PRINCE GEORGE,PRINCE GEORGE,PRINCE GEORGE,N,N,N,NORTH CENTRAL,5TH AVE & CENTRAL ST E & HWY 97 S & TURNING LANE,HWY 97,HWY 97,12:00-14:59,1,0
N,PROPERTY DAMAGE ONLY,5TH AVE,N,2024,THURSDAY,SIDE IMPACT,N,Y,53.916323,-122.750362,N,FEBRUARY,N,PRINCE GEORGE,PRINCE GEORGE,PRINCE GEORGE,Y,N,N,NORTH CENTRAL,5TH AVE & VICTORIA ST,VICTORIA ST,VICTORIA ST,12:00-14:59,1,0
N,PROPERTY DAMAGE ONLY,5TH AVE,N,2024,THURSDAY,UNDETERMINED,N,Y,53.920612,-122.781668,N,FEBRUARY,N,PRINCE GEORGE,PRINCE GEORGE,PRINCE GEORGE,Y,N,N,NORTH CENTRAL,5TH AVE & CENTRAL ST E & HWY 97 S & TURNING LANE,HWY 97,HWY 97,12:00-14:59,1,0
N,PROPERTY DAMAGE ONLY,62 AVE,N,2024,THURSDAY,REAR END,N,Y,49.115165,-122.660167,N,FEBRUARY,N,LANGLEY,LANGLEY,LANGLEY,N,N,N,LOWER MAINLAND,203 ST & 62 AVE,203 ST,203 ST,12:00-14:59,1,0
N,PROPERTY DAMAGE ONLY,64 AVE,N,2024,THURSDAY,CONFLICTED,N,Y,49.11913,-122.812222,N,FEBRUARY,N,SURREY,SURREY,SURREY,N,N,N,LOWER MAINLAND,148 ST & 64 AVE,148 ST,148 ST,12:00-14:59,1,0
N,PROPERTY DAMAGE ONLY,64 AVE,N,2024,THURSDAY,REAR END,N,Y,49.118911,-122.756561,N,FEBRUARY,N,SURREY,SURREY,SURREY,N,N,N,LOWER MAINLAND,168 ST & 64 AVE,168 ST,168 ST,12:00-14:59,1,0
N,PROPERTY DAMAGE ONLY,64 AVE,N,2024,THURSDAY,REAR END,N,Y,49.119094,-122.83433,N,FEBRUARY,N,SURREY,SURREY,SURREY,N,N,N,LOWER MAINLAND,140 ST & 64 AVE,140 ST,140 ST,12:00-14:59,1,0
N,PROPERTY DAMAGE ONLY,68 AVE,N,2024,THURSDAY,SIDE SWIPE - SAME DIRECTION,N,Y,49.126227,-122.845525,N,FEBRUARY,N,SURREY,SURREY,SURREY,N,N,N,LOWER MAINLAND,68 AVE & KING GEORGE BLVD & TURNING LANE,KING GEORGE BLVD,KING GEORGE BLVD,12:00-14:59,1,0
N,PROPERTY DAMAGE ONLY,6TH ST,N,2024,THURSDAY,CONFLICTED,N,Y,49.219731,-122.928574,N,FEBRUARY,N,BURNABY,BURNABY,BURNABY,Y,N,N,LOWER MAINLAND,11TH AVE & 6TH ST,11TH AVE,11TH AVE,12:00-14:59,1,0
N,PROPERTY DAMAGE ONLY,70B ST,N,2024,THURSDAY,REAR END,N,N,\N,\N,N,FEBRUARY,N,SURREY,SURREY,\N,N,N,N,LOWER MAINLAND,UNKNOWN,KING GEORGE BLVD,KING GEORGE BLVD,12:00-14:59,1,0
N,PROPERTY DAMAGE ONLY,72 AVE,N,2024,THURSDAY,SIDE IMPACT,N,Y,49.133543,-122.8428,N,FEBRUARY,N,SURREY,SURREY,SURREY,N,Y,N,LOWER MAINLAND,137 ST & 72 AVE,137 ST,137 ST,12:00-14:59,1,0
N,PROPERTY DAMAGE ONLY,72 AVE,N,2024,THURSDAY,SIDE IMPACT,Y,Y,49.133554,-122.845583,N,FEBRUARY,N,SURREY,SURREY,SURREY,N,N,N,LOWER MAINLAND,72 AVE & KING GEORGE BLVD & TURNING LANE,KING GEORGE BLVD,KING GEORGE BLVD,12:00-14:59,1,0
N,PROPERTY DAMAGE ONLY,72 AVE,Y,2024,THURSDAY,SINGLE VEHICLE,N,Y,49.133611,-122.851123,N,FEBRUARY,N,SURREY,SURREY,SURREY,N,N,N,LOWER MAINLAND,134 ST & 72 AVE & COMBER WAY,134 ST,134 ST,12:00-14:59,1,0
N,PROPERTY DAMAGE ONLY,72ND AVE,N,2024,THURSDAY,SIDE SWIPE - SAME DIRECTION,N,Y,49.031232,-119.463237,N,FEBRUARY,N,OSOYOOS,OSOYOOS,OSOYOOS,N,N,N,SOUTHERN INTERIOR,72ND AVE & MAIN ST & PARK PL,MAIN ST,MAIN ST,12:00-14:59,1,0
N,PROPERTY DAMAGE ONLY,74 AVE,N,2024,THURSDAY,REAR END,N,Y,49.13718,-122.845616,N,FEBRUARY,N,SURREY,SURREY,SURREY,N,N,N,LOWER MAINLAND,74 AVE & KING GEORGE BLVD & TURNING LANE,KING GEORGE BLVD,KING GEORGE BLVD,12:00-14:59,1,0
N,PROPERTY DAMAGE ONLY,77 AVE,N,2024,THURSDAY,SIDE IMPACT,N,Y,49.142738,-122.834534,N,FEBRUARY,N,SURREY,SURREY,SURREY,N,N,N,LOWER MAINLAND,140 ST & 77 AVE,140 ST,140 ST,12:00-14:59,1,0
N,PROPERTY DAMAGE ONLY,7TH AVE,N,2024,THURSDAY,REAR END,N,Y,49.140209,-122.31644,N,FEBRUARY,N,MISSION,MISSION,MISSION,N,N,N,LOWER MAINLAND,7TH AVE & CEDAR ST,CEDAR ST,CEDAR ST,12:00-14:59,1,0
N,PROPERTY DAMAGE ONLY,7TH AVE,N,2024,THURSDAY,SIDE IMPACT,N,Y,53.914792,-122.75161,N,FEBRUARY,N,PRINCE GEORGE,PRINCE GEORGE,PRINCE GEORGE,N,N,N,NORTH CENTRAL,7TH AVE & VICTORIA ST,VICTORIA ST,VICTORIA ST,12:00-14:59,1,0
N,PROPERTY DAMAGE ONLY,88 AVE,N,2024,THURSDAY,SIDE IMPACT,N,Y,49.162822,-122.812386,N,FEBRUARY,N,SURREY,SURREY,SURREY,N,N,N,LOWER MAINLAND,148 ST & 88 AVE,148 ST,148 ST,12:00-14:59,1,0
N,PROPERTY DAMAGE ONLY,88 AVE,N,2024,THURSDAY,SIDE IMPACT,Y,Y,49.162634,-122.856917,N,FEBRUARY,N,SURREY,SURREY,SURREY,N,N,N,LOWER MAINLAND,132 ST & 88 AVE,132 ST,132 ST,12:00-14:59,1,0
N,PROPERTY DAMAGE ONLY,88 AVE,N,2024,THURSDAY,SIDE SWIPE - SAME DIRECTION,N,Y,49.163208,-122.890341,N,FEBRUARY,N,DELTA,DELTA,DELTA & SURREY,N,N,N,LOWER MAINLAND,120 ST & 88 AVE,120 ST,120 ST,12:00-14:59,1,0
N,PROPERTY DAMAGE ONLY,8TH ST,N,2024,THURSDAY,SIDE IMPACT,N,Y,50.699355,-120.362933,N,FEBRUARY,N,KAMLOOPS,KAMLOOPS,KAMLOOPS,Y,Y,N,SOUTHERN INTERIOR,8TH ST & FORTUNE DR & TRANQUILLE RD & TURNING LANE,TRANQUILLE RD,TRANQUILLE RD,12:00-14:59,1,0
N,PROPERTY DAMAGE ONLY,90 ST,N,2024,THURSDAY,REAR END,N,Y,56.246462,-120.829024,N,FEBRUARY,N,FORT ST. JOHN,FORT ST. JOHN,FORT ST. JOHN,N,N,N,NORTH CENTRAL,100 AVE & 90 ST,100 AVE,100 AVE,12:00-14:59,1,0
N,PROPERTY DAMAGE ONLY,96 AVE,N,2024,THURSDAY,UNDETERMINED,Y,Y,49.177066,-122.85131,N,FEBRUARY,N,SURREY,SURREY,SURREY,Y,N,N,LOWER MAINLAND,134 ST & 96 AVE,134 ST,134 ST,12:00-14:59,1,0
N,PROPERTY DAMAGE ONLY,ALEX FRASER BRIDGE,N,2024,THURSDAY,SINGLE VEHICLE,N,Y,49.170914,-122.951312,N,FEBRUARY,N,DELTA,DELTA,DELTA & RICHMOND,N,N,N,LOWER MAINLAND,ALEX FRASER BRIDGE & CLIVEDEN AVE & CLIVEDEN AVE OFFRAMP & CLIVEDEN AVE ONRAMP & HWY 91,HWY 91,HWY 91,12:00-14:59,1,0
N,PROPERTY DAMAGE ONLY,ALMA ST,N,2024,THURSDAY,SIDE SWIPE - SAME DIRECTION,N,Y,49.268607,-123.185686,N,FEBRUARY,N,VANCOUVER,VANCOUVER,VANCOUVER,N,N,N,LOWER MAINLAND,ALMA ST & W 4TH AVE,W 4TH AVE,W 4TH AVE,12:00-14:59,1,0
N,PROPERTY DAMAGE ONLY,AMY RD,N,2024,THURSDAY,SIDE IMPACT,N,Y,48.456221,-123.539832,N,FEBRUARY,N,LANGFORD,LANGFORD,LANGFORD,N,N,N,VANCOUVER ISLAND,AMY RD & WEST SHORE PKY,WEST SHORE PKY,WEST SHORE PKY,12:00-14:59,1,0
N,PROPERTY DAMAGE ONLY,ARGYLE STREET,N,2024,THURSDAY,UNDETERMINED,N,N,\N,\N,N,FEBRUARY,N,VANCOUVER,VANCOUVER,\N,N,N,N,LOWER MAINLAND,UNKNOWN,49 AVE,49 AVE,12:00-14:59,1,0
N,PROPERTY DAMAGE ONLY,AULDS RD,N,2024,THURSDAY,CONFLICTED,N,Y,49.234345,-124.046741,N,FEBRUARY,N,NANAIMO,NANAIMO,NANAIMO,N,N,N,VANCOUVER ISLAND,AULDS RD & METRAL DR,METRAL DR,METRAL DR,12:00-14:59,1,0
N,PROPERTY DAMAGE ONLY,AUSTIN RD,N,2024,THURSDAY,SINGLE VEHICLE,N,Y,49.249073,-122.892859,N,FEBRUARY,N,BURNABY,BURNABY,BURNABY & COQUITLAM,N,Y,N,LOWER MAINLAND,AUSTIN AVE & AUSTIN RD & NORTH RD,NORTH RD,NORTH RD,12:00-14:59,1,0
N,PROPERTY DAMAGE ONLY,BAGSHAW ST,N,2024,THURSDAY,SIDE SWIPE - SAME DIRECTION,N,Y,49.319616,-124.304287,N,FEBRUARY,N,PARKSVILLE,PARKSVILLE,PARKSVILLE,N,N,N,VANCOUVER ISLAND,BAGSHAW ST & ISLAND HWY E,ISLAND HWY E,ISLAND HWY E,12:00-14:59,1,0
N,PROPERTY DAMAGE ONLY,BAKER ST,N,2024,THURSDAY,SIDE SWIPE - SAME DIRECTION,N,Y,49.512147,-115.770324,N,FEBRUARY,N,CRANBROOK,CRANBROOK,CRANBROOK,N,N,N,SOUTHERN INTERIOR,8TH AVE S & BAKER ST,8TH AVE S,8TH AVE S,12:00-14:59,1,0
N,PROPERTY DAMAGE ONLY,BARCLAY ST,N,2024,THURSDAY,CONFLICTED,N,Y,49.283217,-123.126936,N,FEBRUARY,N,VANCOUVER,VANCOUVER,VANCOUVER,N,N,N,LOWER MAINLAND,BARCLAY ST & THURLOW ST,THURLOW ST,THURLOW ST,12:00-14:59,1,0
N,PROPERTY DAMAGE ONLY,BEATTY ST,N,2024,THURSDAY,SIDE SWIPE - SAME DIRECTION,N,Y,49.276538,-123.115575,N,FEBRUARY,N,VANCOUVER,VANCOUVER,VANCOUVER,N,N,N,LOWER MAINLAND,BEATTY ST & SMITHE ST,SMITHE ST,SMITHE ST,12:00-14:59,1,0
N,PROPERTY DAMAGE ONLY,BEGG ST,N,2024,THURSDAY,REAR END,N,Y,49.270683,-123.087441,N,FEBRUARY,N,VANCOUVER,VANCOUVER,VANCOUVER,N,N,N,LOWER MAINLAND,BEGG ST & TERMINAL AVE,TERMINAL AVE,TERMINAL AVE,12:00-14:59,1,0
N,PROPERTY DAMAGE ONLY,BERESFORD ST,N,2024,THURSDAY,HEAD ON,N,Y,49.217527,-122.977572,N,FEBRUARY,N,BURNABY,BURNABY,BURNABY,N,N,N,LOWER MAINLAND,BERESFORD ST & BULLER AVE & PRENTER ST,BULLER AVE,BULLER AVE,12:00-14:59,1,0
N,PROPERTY DAMAGE ONLY,BERRY RD,N,2024,THURSDAY,SIDE SWIPE - SAME DIRECTION,Y,Y,50.029234,-119.404354,N,FEBRUARY,N,LAKE COUNTRY,LAKE COUNTRY,LAKE COUNTRY,N,N,N,SOUTHERN INTERIOR,BERRY RD & HWY 97,HWY 97,HWY 97,12:00-14:59,1,0
N,PROPERTY DAMAGE ONLY,BLANSHARD ST,N,2024,THURSDAY,REAR END,N,N,\N,\N,N,FEBRUARY,Y,VICTORIA,VICTORIA,\N,N,N,N,VANCOUVER ISLAND,UNKNOWN,SAANICH RD,SAANICH RD,12:00-14:59,1,0
N,PROPERTY DAMAGE ONLY,BLENHEIM ST,N,2024,THURSDAY,SIDE SWIPE - SAME DIRECTION,Y,Y,49.268502,-123.17769,N,FEBRUARY,N,VANCOUVER,VANCOUVER,VANCOUVER,N,N,N,LOWER MAINLAND,BLENHEIM ST & W 4TH AVE,W 4TH AVE,W 4TH AVE,12:00-14:59,1,0
N,PROPERTY DAMAGE ONLY,BOUNDARY RD,N,2024,THURSDAY,REAR END,N,Y,49.258209,-123.023636,N,FEBRUARY,N,BURNABY,BURNABY,BURNABY & VANCOUVER,N,N,N,LOWER MAINLAND,BOUNDARY RD & GRANDVIEW HWY & GRANDVIEW HWY ONRAMP,GRANDVIEW HWY,GRANDVIEW HWY,12:00-14:59,1,0
N,PROPERTY DAMAGE ONLY,BURDETT AVE,N,2024,THURSDAY,CONFLICTED,N,Y,48.420888,-123.351137,N,FEBRUARY,N,VICTORIA,VICTORIA,VICTORIA,N,N,N,VANCOUVER ISLAND,BURDETT AVE & LINDEN AVE,LINDEN AVE,LINDEN AVE,12:00-14:59,1,0
N,PROPERTY DAMAGE ONLY,BURTCH RD,N,2024,THURSDAY,CONFLICTED,N,Y,49.88192,-119.465773,N,FEBRUARY,N,KELOWNA,KELOWNA,KELOWNA,Y,N,N,SOUTHERN INTERIOR,BURTCH RD & HARVEY AVE & TURNING LANE,HARVEY AVE,HARVEY AVE,12:00-14:59,1,0
N,PROPERTY DAMAGE ONLY,CAMBIE ST,N,2024,THURSDAY,CONFLICTED,N,Y,49.26405,-123.114821,N,FEBRUARY,N,VANCOUVER,VANCOUVER,VANCOUVER,Y,N,N,LOWER MAINLAND,CAMBIE ST & W 8TH AVE,W 8TH AVE,W 8TH AVE,12:00-14:59,1,0
N,PROPERTY DAMAGE ONLY,CAMBIE ST,N,2024,THURSDAY,SIDE SWIPE - SAME DIRECTION,N,Y,49.282555,-123.109609,N,FEBRUARY,N,VANCOUVER,VANCOUVER,VANCOUVER,N,N,N,LOWER MAINLAND,CAMBIE ST & W HASTINGS ST,W HASTINGS ST,W HASTINGS ST,12:00-14:59,1,0
N,PROPERTY DAMAGE ONLY,CARNARVON ST,N,2024,THURSDAY,UNDETERMINED,N,Y,49.204072,-122.90889,N,FEBRUARY,N,NEW WESTMINSTER,NEW WESTMINSTER,NEW WESTMINSTER,Y,N,N,LOWER MAINLAND,CARNARVON ST & SIXTH ST,SIXTH ST,SIXTH ST,12:00-14:59,1,0
N,PROPERTY DAMAGE ONLY,CAROLINA ST,N,2024,THURSDAY,SIDE IMPACT,N,Y,49.259748,-123.091087,N,FEBRUARY,N,VANCOUVER,VANCOUVER,VANCOUVER,Y,N,N,LOWER MAINLAND,CAROLINA ST & E 12TH AVE,E 12TH AVE,E 12TH AVE,12:00-14:59,1,0
N,PROPERTY DAMAGE ONLY,CASANO RD,N,2024,THURSDAY,SINGLE VEHICLE,N,N,\N,\N,N,FEBRUARY,N,GARDEN BAY,GARDEN BAY,\N,N,N,N,LOWER MAINLAND,UNKNOWN,GARDEN BAY RD,GARDEN BAY RD,12:00-14:59,1,0
N,PROPERTY DAMAGE ONLY,CHURCH ST,N,2024,THURSDAY,CONFLICTED,N,Y,49.234802,-123.035219,N,FEBRUARY,N,VANCOUVER,VANCOUVER,VANCOUVER,N,N,N,LOWER MAINLAND,CHURCH ST & JOYCE ST,JOYCE ST,JOYCE ST,12:00-14:59,1,0
N,PROPERTY DAMAGE ONLY,CLARKE ST,N,2024,THURSDAY,SIDE IMPACT,N,N,\N,\N,N,FEBRUARY,N,VANCOUVER,VANCOUVER,\N,N,N,N,LOWER MAINLAND,UNKNOWN,GRANT ST,GRANT ST,12:00-14:59,1,0
N,PROPERTY DAMAGE ONLY,COLUMBIA ST,N,2024,THURSDAY,SINGLE VEHICLE,N,N,\N,\N,N,FEBRUARY,N,VANCOUVER,VANCOUVER,\N,N,N,N,LOWER MAINLAND,UNKNOWN,E 39TH AVE,E 39TH AVE,12:00-14:59,1,0
N,PROPERTY DAMAGE ONLY,COLUMBIA ST W,N,2024,THURSDAY,REAR END,N,Y,50.663266,-120.351488,N,FEBRUARY,N,KAMLOOPS,KAMLOOPS,KAMLOOPS,N,N,N,SOUTHERN INTERIOR,COLUMBIA ST W & NOTRE DAME DR & MALL ACCESS,NOTRE DAME DR,NOTRE DAME DR,12:00-14:59,1,0
N,PROPERTY DAMAGE ONLY,COMMERCIAL ST,N,2024,THURSDAY,SIDE SWIPE - SAME DIRECTION,N,Y,49.232603,-123.068684,N,FEBRUARY,N,VANCOUVER,VANCOUVER,VANCOUVER,N,N,N,LOWER MAINLAND,COMMERCIAL ST & E 41ST AVE,E 41ST AVE,E 41ST AVE,12:00-14:59,1,0
N,PROPERTY DAMAGE ONLY,COMO LAKE AVE,N,2024,THURSDAY,CONFLICTED,N,Y,49.26319,-122.887975,N,FEBRUARY,N,COQUITLAM,COQUITLAM,COQUITLAM,N,N,N,LOWER MAINLAND,CLARKE RD & COMO LAKE AVE,CLARKE RD,CLARKE RD,12:00-14:59,1,0
N,PROPERTY DAMAGE ONLY,COOPER RD,N,2024,THURSDAY,REAR END,Y,Y,49.881885,-119.443242,N,FEBRUARY,N,KELOWNA,KELOWNA,KELOWNA,N,N,N,SOUTHERN INTERIOR,COOPER RD & HARVEY AVE & TURNING LANE,HARVEY AVE,HARVEY AVE,12:00-14:59,1,0
N,PROPERTY DAMAGE ONLY,CRAIG ST,N,2024,THURSDAY,UNDETERMINED,N,Y,48.777671,-123.708286,N,FEBRUARY,N,DUNCAN,DUNCAN,DUNCAN,N,N,N,VANCOUVER ISLAND,CRAIG ST & STATION ST,STATION ST,STATION ST,12:00-14:59,1,0
N,PROPERTY DAMAGE ONLY,DAGALL RD,N,2024,THURSDAY,SIDE IMPACT,N,Y,48.637526,-123.544495,N,FEBRUARY,N,MILL BAY,MILL BAY,MILL BAY,Y,N,N,VANCOUVER ISLAND,DAGALL RD & NOOWICK RD,NOOWICK RD,NOOWICK RD,12:00-14:59,1,0
N,PROPERTY DAMAGE ONLY,DAVIE ST,N,2024,THURSDAY,SINGLE VEHICLE,N,Y,49.278406,-123.128134,N,FEBRUARY,N,VANCOUVER,VANCOUVER,VANCOUVER,Y,N,N,LOWER MAINLAND,DAVIE ST & HORNBY ST,HORNBY ST,HORNBY ST,12:00-14:59,1,0
N,PROPERTY DAMAGE ONLY,DENMAN ST,N,2024,THURSDAY,UNDETERMINED,Y,Y,49.29007,-123.137549,N,FEBRUARY,N,VANCOUVER,VANCOUVER,VANCOUVER,N,N,N,LOWER MAINLAND,BARCLAY ST & DENMAN ST,BARCLAY ST,BARCLAY ST,12:00-14:59,1,0
N,PROPERTY DAMAGE ONLY,DEWDNEY TRUNK RD,N,2024,THURSDAY,REAR END,N,Y,49.268044,-122.790638,N,FEBRUARY,N,COQUITLAM,COQUITLAM,COQUITLAM & PORT COQUITLAM,N,N,N,LOWER MAINLAND,DEWDNEY TRUNK RD & WESTWOOD ST,WESTWOOD ST,WESTWOOD ST,12:00-14:59,1,0
N,PROPERTY DAMAGE ONLY,DINSMORE BRIDGE,N,2024,THURSDAY,REAR END,N,N,49.17784,-123.147724,N,FEBRUARY,N,RICHMOND,RICHMOND,RICHMOND,N,N,N,LOWER MAINLAND,DINSMORE BRIDGE,DINSMORE BRIDGE,DINSMORE BRIDGE,12:00-14:59,1,0
N,PROPERTY DAMAGE ONLY,DRINKWATER RD,N,2024,THURSDAY,REAR END,N,Y,48.803132,-123.716474,N,FEBRUARY,N,DUNCAN,DUNCAN,DUNCAN,N,N,N,VANCOUVER ISLAND,BELL MCKINNON RD & DRINKWATER RD & TRANS-CANADA HWY & TURNING LANE,HWY 1,HWY 1,12:00-14:59,1,0
N,PROPERTY DAMAGE ONLY,DUNDAS ST,N,2024,THURSDAY,SIDE IMPACT,N,Y,49.153225,-123.94958,N,FEBRUARY,N,NANAIMO,NANAIMO,NANAIMO,N,N,N,VANCOUVER ISLAND,BRUCE AVE & DUNDAS ST,BRUCE AVE,BRUCE AVE,12:00-14:59,1,0
N,PROPERTY DAMAGE ONLY,E 15TH ST,N,2024,THURSDAY,REAR END,N,Y,49.321983,-123.063025,N,FEBRUARY,N,NORTH VANCOUVER,NORTH VANCOUVER,NORTH VANCOUVER,Y,N,N,LOWER MAINLAND,E 15TH ST & RIDGEWAY AVE,RIDGEWAY AVE,RIDGEWAY AVE,12:00-14:59,1,0
N,PROPERTY DAMAGE ONLY,E 18TH AVE,N,2024,THURSDAY,UNDETERMINED,N,Y,49.254202,-123.023656,N,FEBRUARY,N,BURNABY,BURNABY,BURNABY & VANCOUVER,N,N,N,LOWER MAINLAND,BOUNDARY RD & E 18TH AVE & LAUREL ST,BOUNDARY RD,BOUNDARY RD,12:00-14:59,1,0
N,PROPERTY DAMAGE ONLY,E 1ST AVE,N,2024,THURSDAY,SIDE IMPACT,N,Y,49.269475,-123.044219,N,FEBRUARY,N,VANCOUVER,VANCOUVER,VANCOUVER,N,N,N,LOWER MAINLAND,E 1ST AVE & RENFREW ST,RENFREW ST,RENFREW ST,12:00-14:59,1,0
N,PROPERTY DAMAGE ONLY,E 1ST AVE,N,2024,THURSDAY,SIDE IMPACT,N,Y,49.270128,-123.100736,N,FEBRUARY,N,VANCOUVER,VANCOUVER,VANCOUVER,Y,N,N,LOWER MAINLAND,E 1ST AVE & MAIN ST,MAIN ST,MAIN ST,12:00-14:59,1,0
N,PROPERTY DAMAGE ONLY,E 1ST AVE,N,2024,THURSDAY,UNDETERMINED,N,Y,49.269475,-123.044219,N,FEBRUARY,N,VANCOUVER,VANCOUVER,VANCOUVER,Y,Y,N,LOWER MAINLAND,E 1ST AVE & RENFREW ST,RENFREW ST,RENFREW ST,12:00-14:59,1,0
N,PROPERTY DAMAGE ONLY,E 1ST AVE ONRAMP,N,2024,THURSDAY,SIDE SWIPE - SAME DIRECTION,N,Y,49.269452,-123.027611,N,FEBRUARY,N,VANCOUVER,VANCOUVER,VANCOUVER,N,N,N,LOWER MAINLAND,E 1ST AVE & E 1ST AVE OFFRAMP & E 1ST AVE ONRAMP & RUPERT ST & RUPERT ST OFFRAMP & TRANS-CANADA HWY & BUS LANE & TURNING LANE,HWY 1,HWY 1,12:00-14:59,1,0
N,PROPERTY DAMAGE ONLY,E 20TH ST,N,2024,THURSDAY,UNDETERMINED,N,Y,49.327252,-123.072188,N,FEBRUARY,N,NORTH VANCOUVER,NORTH VANCOUVER,NORTH VANCOUVER,N,Y,N,LOWER MAINLAND,E 20TH ST & LONSDALE AVE & W 20TH ST,LONSDALE AVE,LONSDALE AVE,12:00-14:59,1,0
N,PROPERTY DAMAGE ONLY,E 22ND AVE,N,2024,THURSDAY,CONFLICTED,N,Y,49.250607,-123.033814,N,FEBRUARY,N,VANCOUVER,VANCOUVER,VANCOUVER,N,Y,N,LOWER MAINLAND,E 22ND AVE & RUPERT ST,RUPERT ST,RUPERT ST,12:00-14:59,1,0
N,PROPERTY DAMAGE ONLY,E 36TH AVE,N,2024,THURSDAY,REAR END,N,Y,49.237486,-123.065434,N,FEBRUARY,N,VANCOUVER,VANCOUVER,VANCOUVER,N,N,N,LOWER MAINLAND,E 36TH AVE & VICTORIA DR,VICTORIA DR,VICTORIA DR,12:00-14:59,1,0
N,PROPERTY DAMAGE ONLY,E 49TH AVE,N,2024,THURSDAY,CONFLICTED,N,Y,49.225419,-123.088019,N,FEBRUARY,N,VANCOUVER,VANCOUVER,VANCOUVER,Y,N,N,LOWER MAINLAND,E 49TH AVE & PRINCE ALBERT ST,PRINCE ALBERT ST,PRINCE ALBERT ST,12:00-14:59,1,0
N,PROPERTY DAMAGE ONLY,E BROADWAY,N,2024,THURSDAY,SIDE IMPACT,N,Y,49.262131,-123.056591,N,FEBRUARY,N,VANCOUVER,VANCOUVER,VANCOUVER,Y,Y,N,LOWER MAINLAND,E BROADWAY & NANAIMO ST,NANAIMO ST,NANAIMO ST,12:00-14:59,1,0
N,PROPERTY DAMAGE ONLY,E BROADWAY,N,2024,THURSDAY,SIDE SWIPE - OPPOSITE DIRECTION,N,Y,49.262326,-123.069794,N,FEBRUARY,N,VANCOUVER,VANCOUVER,VANCOUVER,Y,N,N,LOWER MAINLAND,COMMERCIAL DR & E BROADWAY,COMMERCIAL DR,COMMERCIAL DR,12:00-14:59,1,0
N,PROPERTY DAMAGE ONLY,E BROADWAY,N,2024,THURSDAY,UNDETERMINED,N,Y,49.262131,-123.056591,N,FEBRUARY,N,VANCOUVER,VANCOUVER,VANCOUVER,N,N,N,LOWER MAINLAND,E BROADWAY & NANAIMO ST,NANAIMO ST,NANAIMO ST,12:00-14:59,1,0
N,PROPERTY DAMAGE ONLY,E CORDOVA ST,N,2024,THURSDAY,UNDETERMINED,N,Y,49.282345,-123.102224,N,FEBRUARY,N,VANCOUVER,VANCOUVER,VANCOUVER,Y,N,N,LOWER MAINLAND,COLUMBIA ST & E CORDOVA ST,COLUMBIA ST,COLUMBIA ST,12:00-14:59,1,0
N,PROPERTY DAMAGE ONLY,E KING EDWARD AVE,N,2024,THURSDAY,REAR END,N,Y,49.248512,-123.076075,N,FEBRUARY,N,VANCOUVER,VANCOUVER,VANCOUVER,N,N,N,LOWER MAINLAND,E KING EDWARD AVE & KNIGHT ST,KNIGHT ST,KNIGHT ST,12:00-14:59,1,0
N,PROPERTY DAMAGE ONLY,E PENDER ST,N,2024,THURSDAY,SIDE SWIPE - OPPOSITE DIRECTION,N,Y,49.280381,-123.099699,N,FEBRUARY,N,VANCOUVER,VANCOUVER,VANCOUVER,N,N,N,LOWER MAINLAND,E PENDER ST & MAIN ST,MAIN ST,MAIN ST,12:00-14:59,1,0
N,PROPERTY DAMAGE ONLY,ENGLAND AVE,N,2024,THURSDAY,UNDETERMINED,N,Y,49.690464,-125.000077,N,FEBRUARY,N,COURTENAY,COURTENAY,COURTENAY,Y,N,N,VANCOUVER ISLAND,5TH ST & ENGLAND AVE,5TH ST,5TH ST,12:00-14:59,1,0
N,PROPERTY DAMAGE ONLY,ENTERPRISE WAY,N,2024,THURSDAY,REAR END,N,N,\N,\N,N,FEBRUARY,N,KELOWNA,KELOWNA,\N,N,N,N,SOUTHERN INTERIOR,UNKNOWN,DILWORTH DRIVE,DILWORTH DRIVE,12:00-14:59,1,0
N,PROPERTY DAMAGE ONLY,FERNDALE AVE,N,2024,THURSDAY,REAR TO REAR,N,Y,49.168933,-122.26074,N,FEBRUARY,N,MISSION,MISSION,MISSION,Y,N,N,LOWER MAINLAND,FERNDALE AVE & HATZIC RIDGE DR & PRIVATE DRIVEWAY,HATZIC RIDGE DR,HATZIC RIDGE DR,12:00-14:59,1,0
N,PROPERTY DAMAGE ONLY,FERRY AVE,N,2024,THURSDAY,REAR END,N,Y,53.888837,-122.767349,N,FEBRUARY,N,PRINCE GEORGE,PRINCE GEORGE,PRINCE GEORGE,Y,N,N,NORTH CENTRAL,FERRY AVE & HWY 16 W & TURNING LANE,HWY 16 W,HWY 16 W,12:00-14:59,1,0
N,PROPERTY DAMAGE ONLY,FIRST AVE,N,2024,THURSDAY,REAR END,N,Y,49.169724,-121.917998,N,FEBRUARY,N,CHILLIWACK,CHILLIWACK,CHILLIWACK,N,N,N,LOWER MAINLAND,FIRST AVE & PREST RD,PREST RD,PREST RD,12:00-14:59,1,0
N,PROPERTY DAMAGE ONLY,FOREST AVE,N,2024,THURSDAY,SIDE IMPACT,N,Y,53.895739,-122.788994,N,FEBRUARY,N,PRINCE GEORGE,PRINCE GEORGE,PRINCE GEORGE,N,N,N,NORTH CENTRAL,DUFFERIN AVE & FOREST AVE & OSPIKA BLVD,OSPIKA BLVD,OSPIKA BLVD,12:00-14:59,1,0
N,PROPERTY DAMAGE ONLY,FOUL BAY RD,N,2024,THURSDAY,UNDETERMINED,N,Y,48.426444,-123.322724,N,FEBRUARY,N,OAK BAY,OAK BAY,OAK BAY & VICTORIA,Y,N,N,VANCOUVER ISLAND,FOUL BAY RD & OAK BAY AVE,OAK BAY AVE,OAK BAY AVE,12:00-14:59,1,0
N,PROPERTY DAMAGE ONLY,FRASER HWY,N,2024,THURSDAY,CONFLICTED,Y,Y,49.058044,-122.470744,N,FEBRUARY,N,LANGLEY,LANGLEY,LANGLEY,N,N,N,LOWER MAINLAND,272 ST & FRASER HWY,272 ST,272 ST,12:00-14:59,1,0
N,PROPERTY DAMAGE ONLY,FRASER ST,N,2024,THURSDAY,UNDETERMINED,N,Y,49.21653,-123.090995,N,FEBRUARY,N,VANCOUVER,VANCOUVER,VANCOUVER,N,N,N,LOWER MAINLAND,E 59TH AVE & FRASER ST,E 59TH AVE,E 59TH AVE,12:00-14:59,1,0
N,PROPERTY DAMAGE ONLY,FRASER ST,N,2024,THURSDAY,UNDETERMINED,N,Y,49.226525,-123.090723,N,FEBRUARY,N,VANCOUVER,VANCOUVER,VANCOUVER,Y,N,N,LOWER MAINLAND,E 48TH AVE & FRASER ST,E 48TH AVE,E 48TH AVE,12:00-14:59,1,0
N,PROPERTY DAMAGE ONLY,GAGLARDI WAY,N,2024,THURSDAY,REAR END,N,Y,49.252391,-122.912547,N,FEBRUARY,N,BURNABY,BURNABY,BURNABY,N,N,N,LOWER MAINLAND,GAGLARDI WAY & LOUGHEED HWY & TURNING LANE,LOUGHEED HWY,LOUGHEED HWY,12:00-14:59,1,0
N,PROPERTY DAMAGE ONLY,GAGLARDI WAY,N,2024,THURSDAY,SIDE SWIPE - SAME DIRECTION,N,Y,49.246118,-122.914166,N,FEBRUARY,N,BURNABY,BURNABY,BURNABY,N,N,N,LOWER MAINLAND,CARIBOO RD & GAGLARDI WAY,CARIBOO RD,CARIBOO RD,12:00-14:59,1,0
N,PROPERTY DAMAGE ONLY,GARDEN CITY RD,N,2024,THURSDAY,UNDETERMINED,N,Y,49.181748,-123.124567,N,FEBRUARY,N,RICHMOND,RICHMOND,RICHMOND,N,N,N,LOWER MAINLAND,GARDEN CITY RD & ODLIN RD,ODLIN RD,ODLIN RD,12:00-14:59,1,0
N,PROPERTY DAMAGE ONLY,GILLEY AVE,N,2024,THURSDAY,SIDE IMPACT,N,Y,49.219925,-122.972035,N,FEBRUARY,N,BURNABY,BURNABY,BURNABY,N,N,N,LOWER MAINLAND,GILLEY AVE & KINGSWAY,KINGSWAY,KINGSWAY,12:00-14:59,1,0
N,PROPERTY DAMAGE ONLY,GLEN DR,N,2024,THURSDAY,SIDE SWIPE - SAME DIRECTION,N,Y,49.282671,-122.790406,N,FEBRUARY,N,COQUITLAM,COQUITLAM,COQUITLAM,Y,N,N,LOWER MAINLAND,GLEN DR & WESTWOOD ST,WESTWOOD ST,WESTWOOD ST,12:00-14:59,1,0
N,PROPERTY DAMAGE ONLY,GLOVER RD,N,2024,THURSDAY,REAR END,N,Y,49.12645,-122.624898,N,FEBRUARY,N,LANGLEY,LANGLEY,LANGLEY,N,N,N,LOWER MAINLAND,216 ST & CRUSH CRES & GLOVER RD,216 ST,216 ST,12:00-14:59,1,0
N,PROPERTY DAMAGE ONLY,GOLDEN DR,N,2024,THURSDAY,SIDE IMPACT,N,Y,49.233331,-122.819014,N,FEBRUARY,N,COQUITLAM,COQUITLAM,COQUITLAM,N,N,N,LOWER MAINLAND,GOLDEN DR & UNITED BLVD & TURNING LANE,UNITED BLVD,UNITED BLVD,12:00-14:59,1,0
N,PROPERTY DAMAGE ONLY,GORGE RD E,N,2024,THURSDAY,REAR END,N,Y,48.443472,-123.386265,N,FEBRUARY,N,VICTORIA,VICTORIA,VICTORIA,N,N,N,VANCOUVER ISLAND,BALFOUR AVE & GORGE RD E & ACCESS ROAD,BALFOUR AVE,BALFOUR AVE,12:00-14:59,1,0
N,PROPERTY DAMAGE ONLY,GORING ST,N,2024,THURSDAY,UNDETERMINED,N,Y,49.26272,-122.98688,N,FEBRUARY,N,BURNABY,BURNABY,BURNABY,N,N,N,LOWER MAINLAND,DOUGLAS RD & GORING ST,DOUGLAS RD,DOUGLAS RD,12:00-14:59,1,0
N,PROPERTY DAMAGE ONLY,GRANVILLE AVE,N,2024,THURSDAY,REAR END,N,Y,49.162725,-123.136579,N,FEBRUARY,N,RICHMOND,RICHMOND,RICHMOND,N,N,N,LOWER MAINLAND,GRANVILLE AVE & NO 3 RD,NO 3 RD,NO 3 RD,12:00-14:59,1,0
N,PROPERTY DAMAGE ONLY,HALL AVE,N,2024,THURSDAY,UNDETERMINED,N,Y,49.218394,-122.954927,N,FEBRUARY,N,BURNABY,BURNABY,BURNABY,N,N,N,LOWER MAINLAND,HALL AVE & KINGSWAY,KINGSWAY,KINGSWAY,12:00-14:59,1,0
N,PROPERTY DAMAGE ONLY,HAMMOND BAY RD,N,2024,THURSDAY,CONFLICTED,N,Y,49.234394,-124.044425,N,FEBRUARY,N,NANAIMO,NANAIMO,NANAIMO,N,Y,N,VANCOUVER ISLAND,AULDS RD & HAMMOND BAY RD & ISLAND HWY N & TURNING LANE,ISLAND HWY N,ISLAND HWY N,12:00-14:59,1,0
N,PROPERTY DAMAGE ONLY,HAPPY VALLEY RD,N,2024,THURSDAY,HEAD ON,N,Y,48.431773,-123.526754,N,FEBRUARY,N,LANGFORD,LANGFORD,LANGFORD,N,N,N,VANCOUVER ISLAND,HAPPY VALLEY RD & ISABELL AVE,ISABELL AVE,ISABELL AVE,12:00-14:59,1,0
N,PROPERTY DAMAGE ONLY,HARROGATE RD,N,2024,THURSDAY,SINGLE VEHICLE,N,Y,49.964197,-125.214598,N,FEBRUARY,N,CAMPBELL RIVER,CAMPBELL RIVER,CAMPBELL RIVER,N,N,N,VANCOUVER ISLAND,ERICKSON RD & HARROGATE RD,ERICKSON RD,ERICKSON RD,12:00-14:59,1,0
N,PROPERTY DAMAGE ONLY,HARVEY AVE,N,2024,THURSDAY,REAR END,N,Y,49.881851,-119.437406,N,FEBRUARY,N,KELOWNA,KELOWNA,KELOWNA,N,N,N,SOUTHERN INTERIOR,DILWORTH DR & HARVEY AVE & TURNING LANE,DILWORTH DR,DILWORTH DR,12:00-14:59,1,0
N,PROPERTY DAMAGE ONLY,HARVEY AVE,N,2024,THURSDAY,SIDE SWIPE - SAME DIRECTION,N,Y,49.881885,-119.443242,N,FEBRUARY,N,KELOWNA,KELOWNA,KELOWNA,Y,Y,N,SOUTHERN INTERIOR,COOPER RD & HARVEY AVE & TURNING LANE,COOPER RD,COOPER RD,12:00-14:59,1,0
N,PROPERTY DAMAGE ONLY,HOLDOM AVE,N,2024,THURSDAY,SIDE IMPACT,N,Y,49.280335,-122.980945,N,FEBRUARY,N,BURNABY,BURNABY,BURNABY,N,N,N,LOWER MAINLAND,HASTINGS ST & HOLDOM AVE,HASTINGS ST,HASTINGS ST,12:00-14:59,1,0
N,PROPERTY DAMAGE ONLY,HWY 1,N,2024,THURSDAY,REAR END,N,Y,48.652506,-123.56007,N,FEBRUARY,N,MILL BAY,MILL BAY,MILL BAY,N,N,N,VANCOUVER ISLAND,BARRY RD & DELOUME RD & TRANS-CANADA HWY & TURNING LANE,DELOUME RD,DELOUME RD,12:00-14:59,1,0
N,PROPERTY DAMAGE ONLY,HWY 1,N,2024,THURSDAY,SIDE SWIPE - SAME DIRECTION,Y,Y,49.164209,-122.668857,N,FEBRUARY,N,LANGLEY,LANGLEY,LANGLEY,N,N,N,LOWER MAINLAND,200 ST & 200 ST OFFRAMP & 88 AVE & 88 AVE ONRAMP & HWY 1 ONRAMP & TRANS-CANADA HWY,200 ST OFFRAMP,200 ST OFFRAMP,12:00-14:59,2,0
N,PROPERTY DAMAGE ONLY,HWY 1,N,2024,THURSDAY,SINGLE VEHICLE,N,Y,49.331967,-123.072107,N,FEBRUARY,N,NORTH VANCOUVER,NORTH VANCOUVER,NORTH VANCOUVER,N,N,N,LOWER MAINLAND,E 25TH ST & E 25TH ST OFFRAMP & E 25TH ST ONRAMP & LONSDALE AVE & LONSDALE AVE OFFRAMP & LONSDALE AVE ONRAMP & TRANS-CANADA HWY & W 25TH ST & TURNING LANE,LONSDALE AVE,LONSDALE AVE,12:00-14:59,1,0
N,PROPERTY DAMAGE ONLY,HWY 16,N,2024,THURSDAY,REAR END,N,Y,54.515655,-128.599049,N,FEBRUARY,N,TERRACE,TERRACE,TERRACE,N,N,N,NORTH CENTRAL,EBY ST & HWY 16 FRTG & HWY 16 W & PARK ACCESS,EBY ST,EBY ST,12:00-14:59,1,0
N,PROPERTY DAMAGE ONLY,HWY 6,N,2024,THURSDAY,REAR END,N,Y,50.250692,-119.251165,N,FEBRUARY,N,VERNON,VERNON,VERNON,N,N,N,SOUTHERN INTERIOR,15 ST & HWY 6 & MIDDLETON WAY & SARSONS RD & TURNING LANE,MIDDLETON WAY,MIDDLETON WAY,12:00-14:59,1,0
N,PROPERTY DAMAGE ONLY,HWY 95,N,2024,THURSDAY,SIDE IMPACT,N,Y,49.514093,-115.768088,N,FEBRUARY,N,CRANBROOK,CRANBROOK,CRANBROOK,N,N,N,SOUTHERN INTERIOR,1ST ST N & VAN HORNE ST N,1ST ST N,1ST ST N,12:00-14:59,1,0
N,PROPERTY DAMAGE ONLY,HWY 97,N,2024,THURSDAY,REAR END,N,Y,50.260932,-119.27374,N,FEBRUARY,N,VERNON,VERNON,VERNON,N,N,N,SOUTHERN INTERIOR,25 AVE & 32 ST & MALL ACCESS & TURNING LANE,25 AVE,25 AVE,12:00-14:59,1,0
N,PROPERTY DAMAGE ONLY,HWY 99,N,2024,THURSDAY,REAR END,N,Y,49.735012,-123.134848,N,FEBRUARY,N,SQUAMISH,SQUAMISH,SQUAMISH,N,N,N,LOWER MAINLAND,HWY 99 & MAMQUAM RD & TURNING LANE & UNNAMED LANE,MAMQUAM RD,MAMQUAM RD,12:00-14:59,1,0
N,PROPERTY DAMAGE ONLY,INGERSOLL AVE,N,2024,THURSDAY,SIDE SWIPE - SAME DIRECTION,N,Y,49.270837,-122.876801,N,FEBRUARY,N,COQUITLAM,COQUITLAM,COQUITLAM & PORT MOODY,Y,N,N,LOWER MAINLAND,GRANT ST & INGERSOLL AVE,GRANT ST,GRANT ST,12:00-14:59,1,0
N,PROPERTY DAMAGE ONLY,INLAND ISLAND HWY,N,2024,THURSDAY,REAR END,N,Y,49.305636,-124.325767,N,FEBRUARY,N,PARKSVILLE,PARKSVILLE,PARKSVILLE,N,N,N,VANCOUVER ISLAND,ALBERNI HWY & ALBERNI HWY OFFRAMP & ALBERNI HWY ONRAMP & HWY 19 & INLAND ISLAND HWY & TURNING LANE,HWY 4A,HWY 4A,12:00-14:59,1,0
N,PROPERTY DAMAGE ONLY,IOCO RD,N,2024,THURSDAY,REAR END,N,Y,49.284162,-122.828457,N,FEBRUARY,N,PORT MOODY,PORT MOODY,PORT MOODY,N,N,Y,LOWER MAINLAND,HERITAGE MOUNTAIN BLVD & IOCO RD & UNGLESS WAY & TURNING LANE,UNGLESS WAY,UNGLESS WAY,12:00-14:59,1,0
N,PROPERTY DAMAGE ONLY,IOCO RD,N,2024,THURSDAY,SINGLE VEHICLE,N,Y,49.299203,-122.864873,N,FEBRUARY,N,PORT MOODY,PORT MOODY,PORT MOODY,N,N,N,LOWER MAINLAND,ALDERSIDE RD & APRIL RD & IOCO RD,ALDERSIDE RD,ALDERSIDE RD,12:00-14:59,1,0
N,PROPERTY DAMAGE ONLY,ISLAND HWY N,N,2024,THURSDAY,REAR END,N,Y,49.190156,-123.965784,N,FEBRUARY,N,NANAIMO,NANAIMO,NANAIMO,N,N,N,VANCOUVER ISLAND,DEPARTURE BAY RD & ISLAND HWY N & TURNING LANE,DEPARTURE BAY RD,DEPARTURE BAY RD,12:00-14:59,1,0
N,PROPERTY DAMAGE ONLY,JOHNSON ST,N,2024,THURSDAY,UNDETERMINED,N,Y,49.278548,-122.80176,N,FEBRUARY,N,COQUITLAM,COQUITLAM,COQUITLAM,N,N,N,LOWER MAINLAND,CONLEY CRES & JOHNSON ST,CONLEY CRES,CONLEY CRES,12:00-14:59,1,0
N,PROPERTY DAMAGE ONLY,JOHNSTON ST,N,2024,THURSDAY,SINGLE VEHICLE,N,Y,49.272653,-123.135932,N,FEBRUARY,N,VANCOUVER,VANCOUVER,VANCOUVER,N,Y,N,LOWER MAINLAND,DURANLEAU ST & JOHNSTON ST,DURANLEAU ST,DURANLEAU ST,12:00-14:59,2,0
N,PROPERTY DAMAGE ONLY,JOYCE AVE,N,2024,THURSDAY,UNDETERMINED,N,Y,49.850605,-124.521293,N,FEBRUARY,N,POWELL RIVER,POWELL RIVER,POWELL RIVER,N,N,N,VANCOUVER ISLAND,JOYCE AVE & KIWANIS AVE,KIWANIS AVE,KIWANIS AVE,12:00-14:59,1,0
N,PROPERTY DAMAGE ONLY,JOYCE ST,N,2024,THURSDAY,SIDE IMPACT,N,Y,49.234143,-123.035895,N,FEBRUARY,N,VANCOUVER,VANCOUVER,VANCOUVER,Y,N,N,LOWER MAINLAND,JOYCE ST & KINGSWAY,KINGSWAY,KINGSWAY,12:00-14:59,1,0
N,PROPERTY DAMAGE ONLY,KAMLOOPS ST,N,2024,THURSDAY,SIDE IMPACT,N,Y,49.281166,-123.054581,N,FEBRUARY,N,VANCOUVER,VANCOUVER,VANCOUVER,N,N,N,LOWER MAINLAND,E HASTINGS ST & KAMLOOPS ST,E HASTINGS ST,E HASTINGS ST,12:00-14:59,1,0
N,PROPERTY DAMAGE ONLY,KEITH WILSON RD,N,2024,THURSDAY,CONFLICTED,N,Y,49.103859,-121.98695,N,FEBRUARY,N,CHILLIWACK,CHILLIWACK,CHILLIWACK,N,N,N,LOWER MAINLAND,CANTERBURY DR & KEITH WILSON RD & PEACH RD,PEACH RD,PEACH RD,12:00-14:59,1,0
N,PROPERTY DAMAGE ONLY,KING GEORGE BLVD,N,2024,THURSDAY,SINGLE VEHICLE,N,Y,49.155427,-122.84574,N,FEBRUARY,N,SURREY,SURREY,SURREY,N,N,N,LOWER MAINLAND,84 AVE & KING GEORGE BLVD,84 AVE,84 AVE,12:00-14:59,1,0
N,PROPERTY DAMAGE ONLY,KING GEORGE HWY,N,2024,THURSDAY,SIDE IMPACT,N,Y,49.135099,-122.845596,N,FEBRUARY,N,SURREY,SURREY,SURREY,N,Y,N,LOWER MAINLAND,73 AVE & KING GEORGE BLVD,73 AVE,73 AVE,12:00-14:59,1,0
N,PROPERTY DAMAGE ONLY,KINGSWAY,N,2024,THURSDAY,SIDE IMPACT,N,Y,49.241871,-123.058121,N,FEBRUARY,N,VANCOUVER,VANCOUVER,VANCOUVER,N,N,N,LOWER MAINLAND,KINGSWAY & NANAIMO ST,NANAIMO ST,NANAIMO ST,12:00-14:59,1,0
N,PROPERTY DAMAGE ONLY,KINGSWAY,N,2024,THURSDAY,SINGLE VEHICLE,N,Y,49.218451,-122.964774,N,FEBRUARY,N,BURNABY,BURNABY,BURNABY,N,N,N,LOWER MAINLAND,KINGSWAY & SOUTHOAKS CRES & SPERLING AVE,SPERLING AVE,SPERLING AVE,12:00-14:59,1,0
N,PROPERTY DAMAGE ONLY,KINGSWAY,N,2024,THURSDAY,SINGLE VEHICLE,N,Y,49.235939,-123.042334,N,FEBRUARY,N,VANCOUVER,VANCOUVER,VANCOUVER,N,N,N,LOWER MAINLAND,KINGSWAY & RUPERT ST,RUPERT ST,RUPERT ST,12:00-14:59,1,0
N,PROPERTY DAMAGE ONLY,KNIGHT ST,N,2024,THURSDAY,REAR END,N,Y,49.191996,-123.077454,N,FEBRUARY,N,RICHMOND,RICHMOND,RICHMOND,N,N,N,LOWER MAINLAND,BRIDGEPORT RD & BRIDGEPORT RD OFFRAMP & BRIDGEPORT RD ONRAMP & KNIGHT ST & KNIGHT ST BRIDGE & MANNINI WAY & TURNING LANE,BRIDGEPORT RD,BRIDGEPORT RD,12:00-14:59,1,0
N,PROPERTY DAMAGE ONLY,KNIGHT ST,N,2024,THURSDAY,REAR END,N,Y,49.211079,-123.077129,N,FEBRUARY,N,VANCOUVER,VANCOUVER,VANCOUVER,N,N,N,LOWER MAINLAND,KNIGHT ST & KNIGHT ST BRIDGE & SE MARINE DR & SE MARINE DR OFFRAMP & SE MARINE DR ONRAMP & BUS LANE,SE MARINE DR,SE MARINE DR,12:00-14:59,1,0
N,PROPERTY DAMAGE ONLY,KNIGHT ST OFFRAMP,N,2024,THURSDAY,SINGLE VEHICLE,N,Y,49.177659,-123.074488,N,FEBRUARY,N,RICHMOND,RICHMOND,RICHMOND,N,N,N,LOWER MAINLAND,HWY 91 & KNIGHT ST & KNIGHT ST OFFRAMP & KNIGHT ST ONRAMP,HWY 91,HWY 91,12:00-14:59,1,0
N,PROPERTY DAMAGE ONLY,LAKE CITY WAY,N,2024,THURSDAY,REAR END,N,Y,49.254241,-122.938051,N,FEBRUARY,N,BURNABY,BURNABY,BURNABY,N,N,N,LOWER MAINLAND,LAKE CITY WAY & LOUGHEED HWY,LOUGHEED HWY,LOUGHEED HWY,12:00-14:59,1,0
N,PROPERTY DAMAGE ONLY,LAKESHORE DR NE,N,2024,THURSDAY,UNDETERMINED,N,Y,50.702562,-119.283498,N,FEBRUARY,N,SALMON ARM,SALMON ARM,SALMON ARM,N,N,N,SOUTHERN INTERIOR,ALEXANDER ST NE & LAKESHORE DR NE,ALEXANDER ST NE,ALEXANDER ST NE,12:00-14:59,1,0
N,PROPERTY DAMAGE ONLY,LAUREL ST,N,2024,THURSDAY,UNDETERMINED,N,Y,49.25868,-123.124356,N,FEBRUARY,N,VANCOUVER,VANCOUVER,VANCOUVER,Y,N,N,LOWER MAINLAND,LAUREL ST & W 14TH AVE,W 14TH AVE,W 14TH AVE,12:00-14:59,1,0
N,PROPERTY DAMAGE ONLY,LAURELWOOD PL,N,2024,THURSDAY,UNDETERMINED,N,Y,49.120004,-121.97628,N,FEBRUARY,N,CHILLIWACK,CHILLIWACK,CHILLIWACK,N,N,N,LOWER MAINLAND,LAURELWOOD PL & TYSON RD,TYSON RD,TYSON RD,12:00-14:59,1,0
N,PROPERTY DAMAGE ONLY,LAURIER DR,N,2024,THURSDAY,UNDETERMINED,N,Y,50.640371,-120.359283,N,FEBRUARY,N,KAMLOOPS,KAMLOOPS,KAMLOOPS,N,N,N,SOUTHERN INTERIOR,LAURIER DR & VAN HORNE DR,VAN HORNE DR,VAN HORNE DR,12:00-14:59,1,0
N,PROPERTY DAMAGE ONLY,LECKIE RD,N,2024,THURSDAY,REAR END,N,Y,49.879639,-119.426881,N,FEBRUARY,N,KELOWNA,KELOWNA,KELOWNA,N,N,N,SOUTHERN INTERIOR,LECKIE RD & SPRINGFIELD RD & PARK ACCESS,SPRINGFIELD RD,SPRINGFIELD RD,12:00-14:59,1,0
N,PROPERTY DAMAGE ONLY,LOUGHEED HWY,N,2024,THURSDAY,REAR END,N,Y,49.203322,-122.579946,N,FEBRUARY,N,MAPLE RIDGE,MAPLE RIDGE,MAPLE RIDGE,N,N,N,LOWER MAINLAND,232 ST & HANEY BYPASS & KANAKA WAY & LOUGHEED HWY & TURNING LANE,KANAKA WAY,KANAKA WAY,12:00-14:59,1,0
N,PROPERTY DAMAGE ONLY,LOUGHEED HWY,N,2024,THURSDAY,REAR END,N,Y,49.252391,-122.912547,N,FEBRUARY,N,BURNABY,BURNABY,BURNABY,N,N,N,LOWER MAINLAND,GAGLARDI WAY & LOUGHEED HWY & TURNING LANE,GAGLARDI WAY,GAGLARDI WAY,12:00-14:59,1,0
N,PROPERTY DAMAGE ONLY,LOUGHEED HWY,N,2024,THURSDAY,SIDE IMPACT,N,Y,49.266408,-123.003199,N,FEBRUARY,N,BURNABY,BURNABY,BURNABY,N,Y,N,LOWER MAINLAND,LOUGHEED HWY & WILLINGDON AVE,WILLINGDON AVE,WILLINGDON AVE,12:00-14:59,1,0
N,PROPERTY DAMAGE ONLY,LOYD RD,N,2024,THURSDAY,UNDETERMINED,N,Y,49.911941,-119.39799,N,FEBRUARY,N,KELOWNA,KELOWNA,KELOWNA,Y,N,N,SOUTHERN INTERIOR,FINDLAY RD & HWY 97 N & LOYD RD & TURNING LANE,HWY 97,HWY 97,12:00-14:59,1,0
N,PROPERTY DAMAGE ONLY,LYNN CREEK BRIDGE,N,2024,THURSDAY,REAR END,N,Y,49.313609,-123.033042,N,FEBRUARY,N,NORTH VANCOUVER,NORTH VANCOUVER,NORTH VANCOUVER,N,N,N,LOWER MAINLAND,LYNN CREEK BRIDGE & TRANS-CANADA HWY,HWY 1,HWY 1,12:00-14:59,1,0
N,PROPERTY DAMAGE ONLY,MAIN ST,N,2024,THURSDAY,CONFLICTED,N,N,\N,\N,N,FEBRUARY,N,VANCOUVER,VANCOUVER,\N,N,N,N,LOWER MAINLAND,UNKNOWN,GRANDVIEW HWY,GRANDVIEW HWY,12:00-14:59,1,0
N,PROPERTY DAMAGE ONLY,MAIN ST,N,2024,THURSDAY,SIDE SWIPE - SAME DIRECTION,N,Y,49.264471,-123.100924,N,FEBRUARY,N,VANCOUVER,VANCOUVER,VANCOUVER,N,N,N,LOWER MAINLAND,E 7TH AVE & KINGSWAY & MAIN ST,E 7TH AVE,E 7TH AVE,12:00-14:59,1,0
N,PROPERTY DAMAGE ONLY,MAIN ST,N,2024,THURSDAY,SIDE SWIPE - SAME DIRECTION,Y,Y,49.269078,-123.100707,N,FEBRUARY,N,VANCOUVER,VANCOUVER,VANCOUVER,N,N,N,LOWER MAINLAND,E 2ND AVE & MAIN ST,E 2ND AVE,E 2ND AVE,12:00-14:59,1,0
N,PROPERTY DAMAGE ONLY,MANITOBA ST,N,2024,THURSDAY,SIDE IMPACT,N,Y,49.269277,-123.106627,N,FEBRUARY,N,VANCOUVER,VANCOUVER,VANCOUVER,Y,N,N,LOWER MAINLAND,MANITOBA ST & W 2ND AVE,W 2ND AVE,W 2ND AVE,12:00-14:59,1,0
N,PROPERTY DAMAGE ONLY,MARINE DR,N,2024,THURSDAY,REAR END,N,Y,49.323878,-123.110573,N,FEBRUARY,N,NORTH VANCOUVER,NORTH VANCOUVER,NORTH VANCOUVER,Y,Y,N,LOWER MAINLAND,BRIDGMAN AVE & MARINE DR,BRIDGMAN AVE,BRIDGMAN AVE,12:00-14:59,1,0
N,PROPERTY DAMAGE ONLY,MARINE DR,N,2024,THURSDAY,SIDE IMPACT,N,Y,49.319986,-123.0914,N,FEBRUARY,N,NORTH VANCOUVER,NORTH VANCOUVER,NORTH VANCOUVER,N,N,N,LOWER MAINLAND,BEWICKE AVE & MARINE DR & W 2ND LANE & W 3RD ST & W KEITH RD,BEWICKE AVE,BEWICKE AVE,12:00-14:59,1,0
N,PROPERTY DAMAGE ONLY,MARY HILL RD,N,2024,THURSDAY,REAR END,N,Y,49.263275,-122.777156,N,FEBRUARY,N,PORT COQUITLAM,PORT COQUITLAM,PORT COQUITLAM,N,N,N,LOWER MAINLAND,KINGSWAY AVE & MARY HILL RD,KINGSWAY AVE,KINGSWAY AVE,12:00-14:59,1,0
N,PROPERTY DAMAGE ONLY,MAYS RD,N,2024,THURSDAY,CONFLICTED,N,Y,48.821614,-123.687572,N,FEBRUARY,N,DUNCAN,DUNCAN,DUNCAN,N,N,N,VANCOUVER ISLAND,HERD RD & MAYS RD,HERD RD,HERD RD,12:00-14:59,1,0
N,PROPERTY DAMAGE ONLY,MCRAE AVE,N,2024,THURSDAY,SINGLE VEHICLE,N,Y,49.143831,-122.323258,N,FEBRUARY,N,MISSION,MISSION,MISSION,N,Y,N,LOWER MAINLAND,EDGE ST & MCRAE AVE,EDGE ST,EDGE ST,12:00-14:59,1,0
N,PROPERTY DAMAGE ONLY,MIDLOTHIAN AVE,N,2024,THURSDAY,REAR END,N,Y,49.243009,-123.109102,N,FEBRUARY,N,VANCOUVER,VANCOUVER,VANCOUVER,N,N,N,LOWER MAINLAND,CLANCY LORANGER WAY & MIDLOTHIAN AVE,CLANCY LORANGER WAY,CLANCY LORANGER WAY,12:00-14:59,1,0
N,PROPERTY DAMAGE ONLY,MILLER RD,N,2024,THURSDAY,REAR END,N,Y,49.192621,-123.14231,N,FEBRUARY,N,RICHMOND,RICHMOND,RICHMOND,N,N,N,LOWER MAINLAND,AIRPORT CONNECTOR BRIDGE & AIRPORT STATION & ARTHUR LAING BRIDGE & BRIDGEPORT RD & CESSNA DR & CESSNA DR OFRP & GRANT MCCONACHIE WAY & GRANT MCCONACHIE WAY OFRP & GRANT MCCONACHIE WAY ONRP & MILLER RD & RUSS BAKER WAY & RUSS BAKER WAY OFRP & RUSS BAKER W,RUSS BAKER WAY,RUSS BAKER WAY,12:00-14:59,1,0
N,PROPERTY DAMAGE ONLY,MOSTAR RD,N,2024,THURSDAY,REAR END,N,Y,49.205957,-124.035074,N,FEBRUARY,N,NANAIMO,NANAIMO,NANAIMO,N,N,N,VANCOUVER ISLAND,JINGLE POT RD & JINGLE POT RD OFFRAMP & JINGLE POT RD ONRAMP & MOSTAR RD & MOSTAR RD OFFRAMP & MOSTAR RD ONRAMP & NANAIMO PKY & PARKWAY TRAIL,NANAIMO PKY,NANAIMO PKY,12:00-14:59,1,0
N,PROPERTY DAMAGE ONLY,MOUNTAIN HWY,N,2024,THURSDAY,UNDETERMINED,N,Y,49.337044,-123.038214,N,FEBRUARY,N,NORTH VANCOUVER,NORTH VANCOUVER,NORTH VANCOUVER,Y,Y,N,LOWER MAINLAND,LYNN VALLEY RD & MOUNTAIN HWY & TURNING LANE & UNNAMED LANE,LYNN VALLEY RD,LYNN VALLEY RD,12:00-14:59,1,0
N,PROPERTY DAMAGE ONLY,MT SEYMOUR RD,N,2024,THURSDAY,SIDE SWIPE - SAME DIRECTION,N,Y,49.315935,-122.968956,N,FEBRUARY,N,NORTH VANCOUVER,NORTH VANCOUVER,NORTH VANCOUVER,N,Y,N,LOWER MAINLAND,MT SEYMOUR PKY & MT SEYMOUR RD & ROCHE POINT DR,MT SEYMOUR PKY,MT SEYMOUR PKY,12:00-14:59,1,0
N,PROPERTY DAMAGE ONLY,MT WADDINGTON AVE,N,2024,THURSDAY,REAR END,N,Y,49.052833,-122.337861,N,FEBRUARY,N,ABBOTSFORD,ABBOTSFORD,ABBOTSFORD,N,N,N,LOWER MAINLAND,CLEARBROOK RD & MT WADDINGTON AVE,CLEARBROOK RD,CLEARBROOK RD,12:00-14:59,1,0
N,PROPERTY DAMAGE ONLY,NELSON RD,N,2024,THURSDAY,SIDE SWIPE - SAME DIRECTION,Y,Y,49.159462,-123.012847,N,FEBRUARY,N,RICHMOND,RICHMOND,RICHMOND,N,N,N,LOWER MAINLAND,BLUNDELL RD & NELSON RD,BLUNDELL RD,BLUNDELL RD,12:00-14:59,1,0
N,PROPERTY DAMAGE ONLY,NELSON ST,N,2024,THURSDAY,UNDETERMINED,Y,Y,49.28249,-123.128048,N,FEBRUARY,N,VANCOUVER,VANCOUVER,VANCOUVER,N,N,N,LOWER MAINLAND,NELSON ST & THURLOW ST,THURLOW ST,THURLOW ST,12:00-14:59,1,0
N,PROPERTY DAMAGE ONLY,NIAGARA ST,N,2024,THURSDAY,CONFLICTED,N,Y,48.414589,-123.377218,N,FEBRUARY,N,VICTORIA,VICTORIA,VICTORIA,Y,N,N,VANCOUVER ISLAND,CROFT ST & NIAGARA ST,CROFT ST,CROFT ST,12:00-14:59,1,0
N,PROPERTY DAMAGE ONLY,NO 3 RD,N,2024,THURSDAY,SIDE SWIPE - SAME DIRECTION,N,Y,49.17738,-123.136585,N,FEBRUARY,N,RICHMOND,RICHMOND,RICHMOND,N,N,N,LOWER MAINLAND,ALDERBRIDGE WAY & NO 3 RD,ALDERBRIDGE WAY,ALDERBRIDGE WAY,12:00-14:59,1,0
N,PROPERTY DAMAGE ONLY,NO 4 RD,N,2024,THURSDAY,SIDE IMPACT,N,Y,49.16862,-123.113986,N,FEBRUARY,N,RICHMOND,RICHMOND,RICHMOND,N,N,N,LOWER MAINLAND,FERNDALE RD & NO 4 RD,FERNDALE RD,FERNDALE RD,12:00-14:59,1,0
N,PROPERTY DAMAGE ONLY,NO 5 RD,N,2024,THURSDAY,CONFLICTED,N,Y,49.184567,-123.091518,N,FEBRUARY,N,RICHMOND,RICHMOND,RICHMOND,N,N,N,LOWER MAINLAND,CAMBIE RD & NO 5 RD,CAMBIE RD,CAMBIE RD,12:00-14:59,1,0
N,PROPERTY DAMAGE ONLY,NO 7 RD,N,2024,THURSDAY,REAR END,N,N,\N,\N,N,FEBRUARY,N,RICHMOND,RICHMOND,\N,N,N,N,LOWER MAINLAND,UNKNOWN,HWY 91,HWY 91,12:00-14:59,1,0
N,PROPERTY DAMAGE ONLY,NORDEL WAY,N,2024,THURSDAY,SIDE SWIPE - SAME DIRECTION,N,Y,49.162818,-122.884839,N,FEBRUARY,N,SURREY,SURREY,SURREY,N,N,N,LOWER MAINLAND,88 AVE & NORDEL WAY,88 AVE,88 AVE,12:00-14:59,1,0
N,PROPERTY DAMAGE ONLY,NORTH BLUFF RD,N,2024,THURSDAY,CONFLICTED,N,Y,49.031121,-122.801198,N,FEBRUARY,N,SURREY,SURREY,SURREY & WHITE ROCK,N,Y,N,LOWER MAINLAND,152 ST & 16 AVE & JOHNSTON RD & NORTH BLUFF RD,152 ST,152 ST,12:00-14:59,1,0
N,PROPERTY DAMAGE ONLY,OLD YALE RD,N,2024,THURSDAY,REAR END,N,Y,49.186094,-122.851808,N,FEBRUARY,N,SURREY,SURREY,SURREY,N,N,N,LOWER MAINLAND,OLD YALE RD & UNIVERSITY DR,UNIVERSITY DR,UNIVERSITY DR,12:00-14:59,1,0
N,PROPERTY DAMAGE ONLY,OLD YALE RD,N,2024,THURSDAY,SIDE IMPACT,Y,Y,49.201839,-122.887817,N,FEBRUARY,N,SURREY,SURREY,SURREY,N,N,N,LOWER MAINLAND,BRIDGE RD & HWY 17 & OLD YALE RD,HWY 17,HWY 17,12:00-14:59,1,0
N,PROPERTY DAMAGE ONLY,OLDS RD,N,2024,THURSDAY,UNDETERMINED,N,Y,49.150339,-121.948544,N,FEBRUARY,N,CHILLIWACK,CHILLIWACK,CHILLIWACK,N,N,N,LOWER MAINLAND,OLDS DR & YOUNG RD,YOUNG RD,YOUNG RD,12:00-14:59,1,0
N,PROPERTY DAMAGE ONLY,OXFORD ST,N,2024,THURSDAY,REAR END,N,Y,49.263719,-122.767413,N,FEBRUARY,N,PORT COQUITLAM,PORT COQUITLAM,PORT COQUITLAM,N,N,N,LOWER MAINLAND,LOUGHEED HWY & OXFORD CONN & OXFORD ST & TURNING LANE,LOUGHEED HWY,LOUGHEED HWY,12:00-14:59,1,0
N,PROPERTY DAMAGE ONLY,PANDOSY ST,N,2024,THURSDAY,CONFLICTED,N,Y,49.872803,-119.49122,N,FEBRUARY,N,KELOWNA,KELOWNA,KELOWNA,N,N,N,SOUTHERN INTERIOR,PANDOSY ST & ROSE AVE & PARKING ACCESS,ROSE AVE,ROSE AVE,12:00-14:59,1,0
N,PROPERTY DAMAGE ONLY,PATRICIA BAY HWY,N,2024,THURSDAY,SIDE SWIPE - OPPOSITE DIRECTION,N,Y,48.544274,-123.390638,N,FEBRUARY,N,SAANICH,SAANICH,SAANICH,N,N,N,VANCOUVER ISLAND,OLD EAST RD & PATRICIA BAY HWY & TURNING LANE,OLD EAST RD,OLD EAST RD,12:00-14:59,1,0
N,PROPERTY DAMAGE ONLY,PINYON RD,N,2024,THURSDAY,REAR END,N,Y,49.747453,-114.895005,N,FEBRUARY,N,SPARWOOD,SPARWOOD,SPARWOOD,Y,N,N,SOUTHERN INTERIOR,PINYON CRT & PINYON RD,PINYON CRT,PINYON CRT,12:00-14:59,1,0
N,PROPERTY DAMAGE ONLY,PORT AUGUSTA ST,N,2024,THURSDAY,SIDE SWIPE - SAME DIRECTION,N,Y,49.672366,-124.926099,N,FEBRUARY,N,COMOX,COMOX,COMOX,Y,N,N,VANCOUVER ISLAND,BEAUFORT AVE & PORT AUGUSTA ST,BEAUFORT AVE,BEAUFORT AVE,12:00-14:59,1,0
N,PROPERTY DAMAGE ONLY,PRINCESS AVE,N,2024,THURSDAY,UNDETERMINED,N,Y,49.281196,-123.091467,N,FEBRUARY,N,VANCOUVER,VANCOUVER,VANCOUVER,N,N,N,LOWER MAINLAND,E HASTINGS ST & PRINCESS AVE,E HASTINGS ST,E HASTINGS ST,12:00-14:59,1,0
N,PROPERTY DAMAGE ONLY,RIVER DISTRICT CROSSING,N,2024,THURSDAY,CONFLICTED,N,Y,49.206863,-123.030858,N,FEBRUARY,N,VANCOUVER,VANCOUVER,VANCOUVER,N,N,N,LOWER MAINLAND,MARINE WAY & RIVER DISTRICT CROSSING,MARINE WAY,MARINE WAY,12:00-14:59,1,0
N,PROPERTY DAMAGE ONLY,RIVER PKY,N,2024,THURSDAY,UNDETERMINED,N,Y,49.176698,-123.144296,N,FEBRUARY,N,RICHMOND,RICHMOND,RICHMOND,Y,N,N,LOWER MAINLAND,CEDARBRIDGE WAY & RIVER PKY,CEDARBRIDGE WAY,CEDARBRIDGE WAY,12:00-14:59,1,0
N,PROPERTY DAMAGE ONLY,ROBINSON ST,N,2024,THURSDAY,REAR END,N,Y,49.263616999999996,-122.880043,N,FEBRUARY,N,COQUITLAM,COQUITLAM,COQUITLAM,N,N,N,LOWER MAINLAND,COMO LAKE AVE & ROBINSON ST,COMO LAKE AVE,COMO LAKE AVE,12:00-14:59,1,0
N,PROPERTY DAMAGE ONLY,ROBSON ST,N,2024,THURSDAY,UNDETERMINED,N,Y,49.282643,-123.12176,N,FEBRUARY,N,VANCOUVER,VANCOUVER,VANCOUVER,Y,N,N,LOWER MAINLAND,HORNBY ST & ROBSON ST,HORNBY ST,HORNBY ST,12:00-14:59,1,0
N,PROPERTY DAMAGE ONLY,RUPERT ST,N,2024,THURSDAY,SIDE IMPACT,N,Y,49.267558,-123.033705,N,FEBRUARY,N,VANCOUVER,VANCOUVER,VANCOUVER,Y,N,N,LOWER MAINLAND,E 3RD AVE & RUPERT ST,E 3RD AVE,E 3RD AVE,12:00-14:59,1,0
N,PROPERTY DAMAGE ONLY,SASAMAT ST,N,2024,THURSDAY,SIDE SWIPE - SAME DIRECTION,N,Y,49.263836,-123.20912,N,FEBRUARY,N,VANCOUVER,VANCOUVER,VANCOUVER,N,N,N,LOWER MAINLAND,SASAMAT ST & W 10TH AVE,W 10TH AVE,W 10TH AVE,12:00-14:59,1,0
N,PROPERTY DAMAGE ONLY,SHELBOURNE ST,N,2024,THURSDAY,UNDETERMINED,N,Y,48.445684,-123.333295,N,FEBRUARY,N,VICTORIA,VICTORIA,VICTORIA,Y,N,N,VANCOUVER ISLAND,HILLSIDE AVE & SHELBOURNE ST,HILLSIDE AVE,HILLSIDE AVE,12:00-14:59,1,0
N,PROPERTY DAMAGE ONLY,SHEPARD,N,2024,THURSDAY,UNDETERMINED,Y,N,\N,\N,N,FEBRUARY,N,KELOWNA,KELOWNA,\N,N,N,N,SOUTHERN INTERIOR,UNKNOWN,RUTLAND,RUTLAND,12:00-14:59,1,0
N,PROPERTY DAMAGE ONLY,SHUSWAP RD,N,2024,THURSDAY,REAR END,N,N,\N,\N,N,FEBRUARY,N,KAMLOOPS,KAMLOOPS,\N,N,N,N,SOUTHERN INTERIOR,UNKNOWN,HWY 5,HWY 5,12:00-14:59,1,0
N,PROPERTY DAMAGE ONLY,SLEESE CREEK BRIDGE,N,2024,THURSDAY,SINGLE VEHICLE,N,N,\N,\N,N,FEBRUARY,N,CHILLIWACK,CHILLIWACK,\N,N,N,N,LOWER MAINLAND,UNKNOWN,SLEESE CREEK BRIDGE,SLEESE CREEK BRIDGE,12:00-14:59,1,0
N,PROPERTY DAMAGE ONLY,SMITH AVE,N,2024,THURSDAY,SIDE IMPACT,N,Y,49.26019,-122.882871,N,FEBRUARY,N,COQUITLAM,COQUITLAM,COQUITLAM,Y,N,N,LOWER MAINLAND,FAIRVIEW ST & SMITH AVE,FAIRVIEW ST,FAIRVIEW ST,12:00-14:59,1,0
N,PROPERTY DAMAGE ONLY,SMITHE ST,N,2024,THURSDAY,REAR END,N,Y,49.275777,-123.114745,N,FEBRUARY,N,VANCOUVER,VANCOUVER,VANCOUVER,N,N,N,LOWER MAINLAND,CAMBIE ST BRIDGE & EXPO BLVD & SMITHE ST,EXPO BLVD,EXPO BLVD,12:00-14:59,1,0
N,PROPERTY DAMAGE ONLY,SMITHE ST,N,2024,THURSDAY,REAR END,N,Y,49.279646,-123.120414,N,FEBRUARY,N,VANCOUVER,VANCOUVER,VANCOUVER,N,N,N,LOWER MAINLAND,SEYMOUR ST & SMITHE ST,SEYMOUR ST,SEYMOUR ST,12:00-14:59,1,0
N,PROPERTY DAMAGE ONLY,SOUTH FRASER WAY,N,2024,THURSDAY,REAR END,N,Y,49.049624,-122.337482,N,FEBRUARY,N,ABBOTSFORD,ABBOTSFORD,ABBOTSFORD,N,N,N,LOWER MAINLAND,CLEARBROOK RD & SOUTH FRASER WAY & TURNING LANE,CLEARBROOK RD,CLEARBROOK RD,12:00-14:59,1,0
N,PROPERTY DAMAGE ONLY,SPALL RD,N,2024,THURSDAY,REAR END,N,Y,49.881947,-119.454569,N,FEBRUARY,N,KELOWNA,KELOWNA,KELOWNA,N,N,N,SOUTHERN INTERIOR,HARVEY AVE & SPALL RD & TURNING LANE,HWY 97,HWY 97,12:00-14:59,1,0
N,PROPERTY DAMAGE ONLY,ST ANDREWS AVE,N,2024,THURSDAY,UNDETERMINED,Y,N,\N,\N,N,FEBRUARY,N,NORTH VANCOUVER,NORTH VANCOUVER,\N,Y,N,N,LOWER MAINLAND,UNKNOWN,15TH ST E,15TH ST E,12:00-14:59,1,0
N,PROPERTY DAMAGE ONLY,STONERIDGE RD,N,2024,THURSDAY,CONFLICTED,N,Y,48.790193,-123.73718,N,FEBRUARY,N,DUNCAN,DUNCAN,DUNCAN,Y,N,N,VANCOUVER ISLAND,SKINNER RD & STONERIDGE RD,SKINNER RD,SKINNER RD,12:00-14:59,1,0
N,PROPERTY DAMAGE ONLY,SUMAS WAY,N,2024,THURSDAY,CONFLICTED,N,Y,49.024049,-122.265365,N,FEBRUARY,N,ABBOTSFORD,ABBOTSFORD,ABBOTSFORD,N,Y,N,LOWER MAINLAND,MCCONNELL RD & SUMAS WAY & TURNING LANE,MCCONNELL RD,MCCONNELL RD,12:00-14:59,1,0
N,PROPERTY DAMAGE ONLY,SUMMIT DR,N,2024,THURSDAY,REAR END,N,Y,50.647705,-120.343175,N,FEBRUARY,N,KAMLOOPS,KAMLOOPS,KAMLOOPS,N,N,N,SOUTHERN INTERIOR,SUMMIT DR & TREMERTON DR,TREMERTON DR,TREMERTON DR,12:00-14:59,1,0
N,PROPERTY DAMAGE ONLY,TAYLOR WAY,N,2024,THURSDAY,SIDE IMPACT,N,Y,49.32717,-123.134922,N,FEBRUARY,N,WEST VANCOUVER,WEST VANCOUVER,WEST VANCOUVER,Y,Y,N,LOWER MAINLAND,MARINE DR & TAYLOR WAY & TURNING LANE,MARINE DR,MARINE DR,12:00-14:59,1,0
N,PROPERTY DAMAGE ONLY,TAYLOR WAY,N,2024,THURSDAY,UNDETERMINED,N,Y,49.32717,-123.134922,N,FEBRUARY,N,WEST VANCOUVER,WEST VANCOUVER,WEST VANCOUVER,N,N,N,LOWER MAINLAND,MARINE DR & TAYLOR WAY & TURNING LANE,MARINE DR,MARINE DR,12:00-14:59,1,0
N,PROPERTY DAMAGE ONLY,TEMPLETON ST,N,2024,THURSDAY,REAR END,N,Y,49.19317,-123.150686,N,FEBRUARY,N,RICHMOND,RICHMOND,RICHMOND,N,N,N,LOWER MAINLAND,GRANT MCCONACHIE WAY & TEMPLETON ST & TURNING LANE,GRANT MCCONACHIE WAY,GRANT MCCONACHIE WAY,12:00-14:59,1,0
N,PROPERTY DAMAGE ONLY,THURLOW ST,N,2024,THURSDAY,SIDE IMPACT,N,Y,49.278256,-123.134423,N,FEBRUARY,N,VANCOUVER,VANCOUVER,VANCOUVER,N,N,N,LOWER MAINLAND,PACIFIC ST & THURLOW ST,PACIFIC ST,PACIFIC ST,12:00-14:59,1,0
N,PROPERTY DAMAGE ONLY,THURLOW ST,N,2024,THURSDAY,SIDE IMPACT,N,Y,49.28795,-123.119733,N,FEBRUARY,N,VANCOUVER,VANCOUVER,VANCOUVER,N,N,N,LOWER MAINLAND,THURLOW ST & W HASTINGS ST,W HASTINGS ST,W HASTINGS ST,12:00-14:59,1,0
N,PROPERTY DAMAGE ONLY,TOMMY RD,N,2024,THURSDAY,SINGLE VEHICLE,N,Y,48.714581,-123.609814,N,FEBRUARY,N,COBBLE HILL,COBBLE HILL,COBBLE HILL,N,N,N,VANCOUVER ISLAND,TOMMY RD & TRANS-CANADA HWY,HWY 1,HWY 1,12:00-14:59,1,0
N,PROPERTY DAMAGE ONLY,TRANS-CANADA HWY,N,2024,THURSDAY,REAR END,N,Y,48.75577,-123.675701,N,FEBRUARY,N,COWICHAN BAY,COWICHAN BAY,COWICHAN BAY & DUNCAN,N,N,N,VANCOUVER ISLAND,COWICHAN BAY RD & TRANS-CANADA HWY & WILSON RD & TURNING LANE,COWICHAN BAY RD,COWICHAN BAY RD,12:00-14:59,1,0
N,PROPERTY DAMAGE ONLY,UNION ST,N,2024,THURSDAY,HEAD ON,N,Y,49.277633,-123.099816,N,FEBRUARY,N,VANCOUVER,VANCOUVER,VANCOUVER,N,N,N,LOWER MAINLAND,MAIN ST & MAIN ST ONRAMP & UNION ST,MAIN ST,MAIN ST,12:00-14:59,1,0
N,PROPERTY DAMAGE ONLY,VANCOUVER ST,N,2024,THURSDAY,REAR TO REAR,N,Y,48.427203,-123.356146,N,FEBRUARY,N,VICTORIA,VICTORIA,VICTORIA,N,Y,N,VANCOUVER ISLAND,PANDORA AVE & VANCOUVER ST,PANDORA AVE,PANDORA AVE,12:00-14:59,1,0
N,PROPERTY DAMAGE ONLY,VANNESS AVE,N,2024,THURSDAY,UNDETERMINED,N,Y,49.238241,-123.031848,N,FEBRUARY,N,VANCOUVER,VANCOUVER,VANCOUVER,Y,N,N,LOWER MAINLAND,JOYCE ST & VANNESS AVE,JOYCE ST,JOYCE ST,12:00-14:59,1,0
N,PROPERTY DAMAGE ONLY,VICTORIA AVE N,N,2024,THURSDAY,SIDE IMPACT,N,Y,49.524379,-115.753839,N,FEBRUARY,N,CRANBROOK,CRANBROOK,CRANBROOK,N,N,N,SOUTHERN INTERIOR,CRANBROOK ST N & THEATRE RD & VICTORIA AVE N & MALL ACCESS & TURNING LANE,HWY 3,HWY 3,12:00-14:59,1,0
N,PROPERTY DAMAGE ONLY,VICTORIA DR,N,2024,THURSDAY,UNDETERMINED,N,Y,49.210625,-123.066092,N,FEBRUARY,N,VANCOUVER,VANCOUVER,VANCOUVER,Y,N,N,LOWER MAINLAND,HARRISON DR & VICTORIA DR,HARRISON DR,HARRISON DR,12:00-14:59,1,0
N,PROPERTY DAMAGE ONLY,W 12TH AVE,N,2024,THURSDAY,SINGLE VEHICLE,N,Y,49.260396,-123.114989,N,FEBRUARY,N,VANCOUVER,VANCOUVER,VANCOUVER,N,N,N,LOWER MAINLAND,CAMBIE ST & W 12TH AVE,CAMBIE ST,CAMBIE ST,12:00-14:59,1,0
N,PROPERTY DAMAGE ONLY,W 19TH AVE,N,2024,THURSDAY,SIDE SWIPE - SAME DIRECTION,N,Y,49.254204,-123.116,N,FEBRUARY,N,VANCOUVER,VANCOUVER,VANCOUVER,N,N,N,LOWER MAINLAND,TUPPER ST & W 19TH AVE,TUPPER ST,TUPPER ST,12:00-14:59,1,0
N,PROPERTY DAMAGE ONLY,W 2ND AVE,N,2024,THURSDAY,UNDETERMINED,N,Y,49.268259,-123.1115,N,FEBRUARY,N,VANCOUVER,VANCOUVER,VANCOUVER,N,N,N,LOWER MAINLAND,CROWE ST & W 2ND AVE,CROWE ST,CROWE ST,12:00-14:59,1,0
N,PROPERTY DAMAGE ONLY,W 3RD ST,N,2024,THURSDAY,SIDE IMPACT,N,Y,49.320139,-123.096859,N,FEBRUARY,N,NORTH VANCOUVER,NORTH VANCOUVER,NORTH VANCOUVER,N,N,N,LOWER MAINLAND,DONAGHY AVE & W 3RD ST,DONAGHY AVE,DONAGHY AVE,12:00-14:59,1,0
N,PROPERTY DAMAGE ONLY,W 43RD AVE,N,2024,THURSDAY,UNDETERMINED,N,Y,49.232466,-123.139592,N,FEBRUARY,N,VANCOUVER,VANCOUVER,VANCOUVER,N,N,N,LOWER MAINLAND,GRANVILLE ST & W 43RD AVE,GRANVILLE ST,GRANVILLE ST,12:00-14:59,1,0
N,PROPERTY DAMAGE ONLY,W 64TH AVE,N,2024,THURSDAY,REAR END,N,Y,49.212187,-123.109974,N,FEBRUARY,N,VANCOUVER,VANCOUVER,VANCOUVER,N,N,N,LOWER MAINLAND,MANITOBA ST & SW MARINE DR & W 64TH AVE,SW MARINE DR,SW MARINE DR,12:00-14:59,1,0
N,PROPERTY DAMAGE ONLY,W 7TH AVE,N,2024,THURSDAY,SIDE IMPACT,N,Y,49.265866,-123.173931,N,FEBRUARY,N,VANCOUVER,VANCOUVER,VANCOUVER,N,N,N,LOWER MAINLAND,BALACLAVA ST & W 7TH AVE,BALACLAVA ST,BALACLAVA ST,12:00-14:59,1,0
N,PROPERTY DAMAGE ONLY,W BROADWAY,N,2024,THURSDAY,CONFLICTED,N,Y,49.264041,-123.164639,N,FEBRUARY,N,VANCOUVER,VANCOUVER,VANCOUVER,Y,N,N,LOWER MAINLAND,TRAFALGAR ST & W BROADWAY,TRAFALGAR ST,TRAFALGAR ST,12:00-14:59,1,0
N,PROPERTY DAMAGE ONLY,W GEORGIA ST,N,2024,THURSDAY,REAR END,N,Y,49.287135,-123.12533,N,FEBRUARY,N,VANCOUVER,VANCOUVER,VANCOUVER,N,N,N,LOWER MAINLAND,BUTE ST & W GEORGIA ST,BUTE ST,BUTE ST,12:00-14:59,1,0
N,PROPERTY DAMAGE ONLY,W GEORGIA ST,N,2024,THURSDAY,SIDE SWIPE - SAME DIRECTION,N,Y,49.290575,-123.130597,N,FEBRUARY,N,VANCOUVER,VANCOUVER,VANCOUVER,N,N,N,LOWER MAINLAND,CARDERO ST & W GEORGIA ST & W PENDER ST,CARDERO ST,CARDERO ST,12:00-14:59,1,0
N,PROPERTY DAMAGE ONLY,WARREN AVE W,N,2024,THURSDAY,SIDE SWIPE - SAME DIRECTION,N,Y,49.475476,-119.583087,N,FEBRUARY,N,PENTICTON,PENTICTON,PENTICTON,Y,Y,N,SOUTHERN INTERIOR,MAIN ST & WARREN AVE E & WARREN AVE W,MAIN ST,MAIN ST,12:00-14:59,1,0
N,PROPERTY DAMAGE ONLY,WESTMINSTER HWY,N,2024,THURSDAY,CONFLICTED,N,Y,49.170201,-123.140204,N,FEBRUARY,N,RICHMOND,RICHMOND,RICHMOND,Y,Y,N,LOWER MAINLAND,MINORU BLVD & WESTMINSTER HWY,MINORU BLVD,MINORU BLVD,12:00-14:59,1,0
N,PROPERTY DAMAGE ONLY,WESTMINSTER HWY,N,2024,THURSDAY,REAR END,N,Y,49.170131,-123.181235,N,FEBRUARY,N,RICHMOND,RICHMOND,RICHMOND,Y,Y,N,LOWER MAINLAND,NO 1 RD & WESTMINSTER HWY,NO 1 RD,NO 1 RD,12:00-14:59,1,0
N,PROPERTY DAMAGE ONLY,WESTMINSTER HWY,N,2024,THURSDAY,SIDE IMPACT,N,Y,49.170171,-123.147705,N,FEBRUARY,N,RICHMOND,RICHMOND,RICHMOND,N,N,N,LOWER MAINLAND,GILBERT RD & WESTMINSTER HWY,GILBERT RD,GILBERT RD,12:00-14:59,1,0
N,PROPERTY DAMAGE ONLY,WILLIAMS RD,N,2024,THURSDAY,UNDETERMINED,N,Y,49.140885,-123.136704,N,FEBRUARY,N,RICHMOND,RICHMOND,RICHMOND,N,Y,N,LOWER MAINLAND,NO 3 RD & WILLIAMS RD,NO 3 RD,NO 3 RD,12:00-14:59,1,0
N,PROPERTY DAMAGE ONLY,WILLINGDON AVE,N,2024,THURSDAY,REAR END,N,Y,49.259988,-123.00406,N,FEBRUARY,N,BURNABY,BURNABY,BURNABY,N,N,N,LOWER MAINLAND,STILL CREEK AVE & WILLINGDON AVE,STILL CREEK AVE,STILL CREEK AVE,12:00-14:59,1,0
N,PROPERTY DAMAGE ONLY,YELLOWHEAD FLYOVER,N,2024,THURSDAY,SIDE SWIPE - SAME DIRECTION,Y,Y,50.670983,-120.303163,N,FEBRUARY,N,KAMLOOPS,KAMLOOPS,KAMLOOPS,N,N,N,SOUTHERN INTERIOR,HWY 5 OFFRAMP & YELLOWHEAD FLYOVER,HWY 5 N,HWY 5 N,12:00-14:59,1,0
N,PROPERTY DAMAGE ONLY,YOUNG RD,N,2024,THURSDAY,SIDE IMPACT,Y,Y,49.170981,-121.952608,N,FEBRUARY,N,CHILLIWACK,CHILLIWACK,CHILLIWACK,N,N,N,LOWER MAINLAND,THUNDERBIRD LANE & WELLINGTON AVE & YALE RD & YOUNG RD,YALE RD,YALE RD,12:00-14:59,1,0
Y,PROPERTY DAMAGE ONLY,\N,N,2024,THURSDAY,SINGLE VEHICLE,N,N,\N,\N,N,FEBRUARY,N,CASTLEGAR,CASTLEGAR,\N,N,N,N,SOUTHERN INTERIOR,UNKNOWN,COLUMBIA RD,COLUMBIA RD,12:00-14:59,1,0
Y,PROPERTY DAMAGE ONLY,\N,N,2024,THURSDAY,SINGLE VEHICLE,N,N,\N,\N,N,FEBRUARY,N,NELSON,NELSON,\N,N,N,N,SOUTHERN INTERIOR,UNKNOWN,HWY 3A,HWY 3A,12:00-14:59,1,0
Y,PROPERTY DAMAGE ONLY,\N,N,2024,THURSDAY,SINGLE VEHICLE,N,N,\N,\N,N,FEBRUARY,N,ROCK CREEK,ROCK CREEK,\N,N,N,N,SOUTHERN INTERIOR,UNKNOWN,HWY 3,HWY 3,12:00-14:59,1,0
Y,PROPERTY DAMAGE ONLY,\N,N,2024,THURSDAY,SINGLE VEHICLE,N,N,\N,\N,N,FEBRUARY,N,UNKNOWN,UNKNOWN,\N,N,N,N,UNKNOWN,UNKNOWN,FULFORD GANGES RD,FULFORD GANGES RD,12:00-14:59,1,0
Y,PROPERTY DAMAGE ONLY,\N,N,2024,THURSDAY,SINGLE VEHICLE,N,N,\N,\N,N,FEBRUARY,N,WINLAW,WINLAW,\N,N,N,N,SOUTHERN INTERIOR,UNKNOWN,HWY 6,HWY 6,12:00-14:59,1,0
Y,PROPERTY DAMAGE ONLY,\N,N,2024,THURSDAY,SINGLE VEHICLE,N,N,49.147469,-121.931849,Y,FEBRUARY,N,CHILLIWACK,CHILLIWACK,CHILLIWACK,N,N,N,LOWER MAINLAND,PRAIRIE CENTRAL RD # 046250 TO 047199,PRAIRIE CENTRAL RD,PRAIRIE CENTRAL RD,12:00-14:59,1,0
Y,PROPERTY DAMAGE ONLY,\N,N,2024,THURSDAY,SINGLE VEHICLE,N,N,49.23407,-124.014463,Y,FEBRUARY,N,NANAIMO,NANAIMO,NANAIMO,N,N,N,VANCOUVER ISLAND,HAMMOND BAY RD # 005637 TO 005793,HAMMOND BAY RD,HAMMOND BAY RD,12:00-14:59,1,0
