ANIMAL_FLAG,CRASH_SEVERITY,CROSS_STREET_FULL_NAME,CYCLIST_FLAG,DATE_OF_LOSS_YEAR,DAY_OF_WEEK,DERIVED_CRASH_CONFIGURATION,HEAVY_VEH_FLAG,INTERSECTION_CRASH,LATITUDE,LONGITUDE,MID_BLOCK_CRASH,MONTH_OF_YEAR,MOTORCYCLE_FLAG,Municipality Name (ifnull),MUNICIPALITY_NAME,MUNICIPALITY_WITH_BOUNDARY,PARKED_VEHICLE_FLAG,PARKING_LOT_FLAG,PEDESTRIAN_FLAG,REGION,ROAD_LOCATION_DESCRIPTION,Street Full Name (ifnull),STREET_FULL_NAME,TIME_CATEGORY,TOTAL_CRASHES,TOTAL_VICTIMS
N,CASUALTY CRASH,\N,N,2025,WEDNESDAY,CONFLICTED,N,N,49.082084,-122.053787,Y,MAY,N,CHILLIWACK,CHILLIWACK,CHILLIWACK,Y,Y,N,LOWER MAINLAND,YARROW CENTRAL RD # 042250 TO 042349,YARROW CENTRAL RD,YARROW CENTRAL RD,15:00-17:59,1,1
N,CASUALTY CRASH,\N,N,2025,WEDNESDAY,HEAD ON,N,N,49.2372,-123.065439,Y,MAY,N,VANCOUVER,VANCOUVER,VANCOUVER,N,N,N,LOWER MAINLAND,VICTORIA DR # 005200 TO 005299,VICTORIA DR,VICTORIA DR,15:00-17:59,1,2
N,CASUALTY CRASH,\N,N,2025,WEDNESDAY,REAR END,N,N,\N,\N,N,MAY,N,LANGLEY,LANGLEY,\N,N,N,N,LOWER MAINLAND,UNKNOWN,HWY 1,HWY 1,15:00-17:59,1,3
N,CASUALTY CRASH,\N,N,2025,WEDNESDAY,REAR END,N,N,49.113374,-122.678789,Y,MAY,N,LANGLEY,LANGLEY,LANGLEY,N,N,N,LOWER MAINLAND,FRASER HWY # 019600 TO 019648 even,FRASER HWY,FRASER HWY,15:00-17:59,1,1
N,CASUALTY CRASH,\N,N,2025,WEDNESDAY,REAR END,N,N,49.131442,-122.890445,Y,MAY,N,DELTA,DELTA,DELTA,N,Y,N,LOWER MAINLAND,120 ST # 007001 TO 007099 odd,120 ST,120 ST,15:00-17:59,1,1
N,CASUALTY CRASH,\N,N,2025,WEDNESDAY,REAR END,N,N,49.177142,-122.866041,Y,MAY,N,SURREY,SURREY,SURREY,Y,Y,N,LOWER MAINLAND,96 AVE # 012800 TO 012939,96 AVE,96 AVE,15:00-17:59,1,2
N,CASUALTY CRASH,\N,N,2025,WEDNESDAY,REAR END,N,N,49.243484,-122.888373,Y,MAY,N,COQUITLAM,COQUITLAM,COQUITLAM,N,Y,N,LOWER MAINLAND,LOUGHEED HWY # 000520 TO 000618 even,LOUGHEED HWY,LOUGHEED HWY,15:00-17:59,1,2
N,CASUALTY CRASH,\N,N,2025,WEDNESDAY,REAR END,Y,N,\N,\N,N,MAY,N,ABBOTSFORD,ABBOTSFORD,\N,N,N,N,LOWER MAINLAND,UNKNOWN,HWY 1,HWY 1,15:00-17:59,1,1
N,CASUALTY CRASH,\N,N,2025,WEDNESDAY,REAR END,Y,N,\N,\N,N,MAY,N,RICHMOND,RICHMOND,\N,N,N,N,LOWER MAINLAND,UNKNOWN,HWY 91,HWY 91,15:00-17:59,1,1
N,CASUALTY CRASH,\N,N,2025,WEDNESDAY,SIDE IMPACT,N,N,\N,\N,N,MAY,N,NEW WESTMINSTER,NEW WESTMINSTER,\N,N,N,N,LOWER MAINLAND,UNKNOWN,HWY 91A,HWY 91A,15:00-17:59,1,1
N,CASUALTY CRASH,\N,N,2025,WEDNESDAY,SIDE IMPACT,N,N,49.25666,-122.882549,Y,MAY,N,COQUITLAM,COQUITLAM,COQUITLAM,Y,N,N,LOWER MAINLAND,FOSTER AVE # 000700 TO 000704,FOSTER AVE,FOSTER AVE,15:00-17:59,1,1
N,CASUALTY CRASH,\N,N,2025,WEDNESDAY,SIDE IMPACT,N,N,49.310961,-122.809561,Y,MAY,N,COQUITLAM,COQUITLAM,COQUITLAM,Y,Y,N,LOWER MAINLAND,EAGLE MOUNTAIN DR # 001799 TO 001799 odd,EAGLE MOUNTAIN DR,EAGLE MOUNTAIN DR,15:00-17:59,1,1
N,CASUALTY CRASH,\N,N,2025,WEDNESDAY,SIDE IMPACT,N,N,49.441039,-123.674645,Y,MAY,N,ROBERTS CREEK,ROBERTS CREEK,ROBERTS CREEK,N,N,N,LOWER MAINLAND,SUNSHINE COAST HWY # 003650 TO 003763,SUNSHINE COAST HWY,SUNSHINE COAST HWY,15:00-17:59,1,3
N,CASUALTY CRASH,\N,N,2025,WEDNESDAY,SIDE SWIPE - SAME DIRECTION,N,N,\N,\N,N,MAY,N,VICTORIA,VICTORIA,\N,Y,N,N,VANCOUVER ISLAND,UNKNOWN,FAIRBURN DR,FAIRBURN DR,15:00-17:59,1,1
N,CASUALTY CRASH,\N,N,2025,WEDNESDAY,SINGLE VEHICLE,N,N,\N,\N,N,MAY,N,KAMLOOPS,KAMLOOPS,\N,N,N,N,SOUTHERN INTERIOR,UNKNOWN,LAC DU BOIS RD,LAC DU BOIS RD,15:00-17:59,1,1
N,CASUALTY CRASH,\N,N,2025,WEDNESDAY,SINGLE VEHICLE,N,N,\N,\N,N,MAY,N,KIMBERLEY,KIMBERLEY,\N,N,N,Y,SOUTHERN INTERIOR,UNKNOWN,309 AVE,309 AVE,15:00-17:59,1,1
N,CASUALTY CRASH,\N,N,2025,WEDNESDAY,SINGLE VEHICLE,N,N,\N,\N,N,MAY,N,PORT ALBERNI,PORT ALBERNI,\N,N,N,N,VANCOUVER ISLAND,UNKNOWN,BAMFIELD MAINLINE,BAMFIELD MAINLINE,15:00-17:59,1,1
N,CASUALTY CRASH,\N,N,2025,WEDNESDAY,SINGLE VEHICLE,N,N,\N,\N,N,MAY,N,RICHMOND,RICHMOND,\N,N,N,N,LOWER MAINLAND,UNKNOWN,WESTMINSTER HWY,WESTMINSTER HWY,15:00-17:59,1,1
N,CASUALTY CRASH,\N,N,2025,WEDNESDAY,SINGLE VEHICLE,N,N,\N,\N,N,MAY,Y,CHILLIWACK,CHILLIWACK,\N,N,N,N,LOWER MAINLAND,UNKNOWN,CHILLIWACK LAKE RD,CHILLIWACK LAKE RD,15:00-17:59,1,1
N,CASUALTY CRASH,\N,N,2025,WEDNESDAY,SINGLE VEHICLE,N,N,48.412317,-123.338528,Y,MAY,N,VICTORIA,VICTORIA,VICTORIA,N,Y,Y,VANCOUVER ISLAND,FAIRFIELD RD # 001512 TO 001599,FAIRFIELD RD,FAIRFIELD RD,15:00-17:59,1,1
N,CASUALTY CRASH,\N,N,2025,WEDNESDAY,SINGLE VEHICLE,N,N,49.373875,-123.272954,Y,MAY,N,WEST VANCOUVER,WEST VANCOUVER,WEST VANCOUVER,N,N,Y,LOWER MAINLAND,KEITH RD # 006600 TO 006768,KEITH RD,KEITH RD,15:00-17:59,1,1
N,CASUALTY CRASH,\N,N,2025,WEDNESDAY,SINGLE VEHICLE,N,N,49.429294,-124.712824,Y,MAY,N,BOWSER,BOWSER,BOWSER,N,Y,Y,VANCOUVER ISLAND,ANDERSON AVE # 004650 TO 004769,ANDERSON AVE,ANDERSON AVE,15:00-17:59,1,1
N,CASUALTY CRASH,\N,N,2025,WEDNESDAY,UNDETERMINED,N,N,\N,\N,N,MAY,Y,PORT ALBERNI,PORT ALBERNI,\N,N,N,N,VANCOUVER ISLAND,UNKNOWN,HWY 4,HWY 4,15:00-17:59,1,2
N,CASUALTY CRASH,\N,N,2025,WEDNESDAY,UNDETERMINED,N,N,48.782099,-123.703639,Y,MAY,N,DUNCAN,DUNCAN,DUNCAN,N,Y,N,VANCOUVER ISLAND,JAMES ST # 002680 TO 002695,JAMES ST,JAMES ST,15:00-17:59,1,1
N,CASUALTY CRASH,\N,N,2025,WEDNESDAY,UNDETERMINED,N,N,49.281045,-123.012783,Y,MAY,N,BURNABY,BURNABY,BURNABY,N,Y,N,LOWER MAINLAND,HASTINGS ST # 004100 TO 004199,HASTINGS ST,HASTINGS ST,15:00-17:59,1,1
N,CASUALTY CRASH,\N,Y,2025,WEDNESDAY,SINGLE VEHICLE,N,N,\N,\N,N,MAY,N,SAANICH,SAANICH,\N,N,N,N,VANCOUVER ISLAND,UNKNOWN,LANSDOWNE RD,LANSDOWNE RD,15:00-17:59,1,1
N,CASUALTY CRASH,\N,Y,2025,WEDNESDAY,SINGLE VEHICLE,N,N,48.446573,-123.466418,Y,MAY,N,COLWOOD,COLWOOD,COLWOOD,N,N,N,VANCOUVER ISLAND,ISLAND HWY # 001760 TO 001798 even,ISLAND HWY,ISLAND HWY,15:00-17:59,1,1
N,CASUALTY CRASH,\N,Y,2025,WEDNESDAY,SINGLE VEHICLE,N,N,49.863121,-119.454028,Y,MAY,N,KELOWNA,KELOWNA,KELOWNA,N,Y,N,SOUTHERN INTERIOR,BENVOULIN RD # 002860 TO 002885,BENVOULIN RD,BENVOULIN RD,15:00-17:59,1,1
N,CASUALTY CRASH,\N,Y,2025,WEDNESDAY,UNDETERMINED,N,N,49.13862,-122.890433,Y,MAY,N,DELTA,DELTA,DELTA,N,N,N,LOWER MAINLAND,120 ST # 007341 TO 007549 odd,120 ST,120 ST,15:00-17:59,1,1
N,CASUALTY CRASH,100 AVE,N,2025,WEDNESDAY,SIDE SWIPE - SAME DIRECTION,N,Y,49.184272,-122.845453,N,MAY,N,SURREY,SURREY,SURREY,N,N,N,LOWER MAINLAND,100 AVE & KING GEORGE BLVD & OLD YALE RD,KING GEORGE BLVD,KING GEORGE BLVD,15:00-17:59,1,1
N,CASUALTY CRASH,104 AVE,N,2025,WEDNESDAY,SIDE IMPACT,N,Y,49.191516,-122.839711,N,MAY,N,SURREY,SURREY,SURREY,N,N,N,LOWER MAINLAND,104 AVE & 138 ST,138 ST,138 ST,15:00-17:59,1,1
N,CASUALTY CRASH,119 AVE,N,2025,WEDNESDAY,UNDETERMINED,N,Y,49.220458,-122.657106,N,MAY,N,MAPLE RIDGE,MAPLE RIDGE,MAPLE RIDGE,N,N,N,LOWER MAINLAND,119 AVE & 203 ST,203 ST,203 ST,15:00-17:59,1,1
N,CASUALTY CRASH,132 ST,N,2025,WEDNESDAY,CONFLICTED,N,Y,49.162634,-122.856917,N,MAY,N,SURREY,SURREY,SURREY,N,N,N,LOWER MAINLAND,132 ST & 88 AVE,88 AVE,88 AVE,15:00-17:59,1,2
N,CASUALTY CRASH,132 ST,N,2025,WEDNESDAY,REAR END,N,Y,49.108198,-122.856719,N,MAY,N,SURREY,SURREY,SURREY,N,N,N,LOWER MAINLAND,132 ST & 58 AVE,HWY 10,HWY 10,15:00-17:59,1,1
N,CASUALTY CRASH,133 ST,N,2025,WEDNESDAY,REAR END,N,Y,49.206217,-122.853938,N,MAY,N,SURREY,SURREY,SURREY,N,N,N,LOWER MAINLAND,112 AVE & 133 ST,112 AVE,112 AVE,15:00-17:59,1,1
N,CASUALTY CRASH,150 ST,N,2025,WEDNESDAY,SIDE IMPACT,N,Y,49.162833,-122.806961,N,MAY,N,SURREY,SURREY,SURREY,N,N,N,LOWER MAINLAND,150 ST & 88 AVE,88 AVE,88 AVE,15:00-17:59,1,4
N,CASUALTY CRASH,152 ST,N,2025,WEDNESDAY,CONFLICTED,N,Y,49.170083,-122.801281,N,MAY,N,SURREY,SURREY,SURREY,N,N,N,LOWER MAINLAND,152 ST & 92 AVE,92 AVE,92 AVE,15:00-17:59,1,1
N,CASUALTY CRASH,152A ST,N,2025,WEDNESDAY,REAR END,N,Y,49.162877,-122.799735,N,MAY,N,SURREY,SURREY,SURREY,N,N,N,LOWER MAINLAND,152A ST & 88 AVE,88 AVE,88 AVE,15:00-17:59,1,1
N,CASUALTY CRASH,154 ST,N,2025,WEDNESDAY,SIDE IMPACT,N,Y,49.170087,-122.795678,N,MAY,N,SURREY,SURREY,SURREY,N,N,N,LOWER MAINLAND,154 ST & 92 AVE,92 AVE,92 AVE,15:00-17:59,1,3
N,CASUALTY CRASH,16 AVE OFFRAMP,N,2025,WEDNESDAY,SINGLE VEHICLE,N,Y,49.031046,-122.769313,N,MAY,N,SURREY,SURREY,SURREY,N,N,N,LOWER MAINLAND,16 AVE & 16 AVE OFFRAMP & HWY 99 & HWY 99 ONRAMP,HWY 99,HWY 99,15:00-17:59,1,1
N,CASUALTY CRASH,176 ST,N,2025,WEDNESDAY,REAR END,N,Y,49.111493,-122.734863,N,MAY,N,SURREY,SURREY,SURREY,N,N,N,LOWER MAINLAND,176 ST & 60 AVE,60 AVE,60 AVE,15:00-17:59,1,1
N,CASUALTY CRASH,179 ST,N,2025,WEDNESDAY,REAR END,N,Y,49.111467,-122.726899,N,MAY,N,SURREY,SURREY,SURREY,N,N,N,LOWER MAINLAND,179 ST & 60 AVE,60 AVE,60 AVE,15:00-17:59,1,1
N,CASUALTY CRASH,188 ST,N,2025,WEDNESDAY,CONFLICTED,N,Y,49.002178,-122.702179,N,MAY,N,SURREY,SURREY,SURREY,N,N,N,LOWER MAINLAND,0 AVE & 188 ST,0 AVE,0 AVE,15:00-17:59,1,2
N,CASUALTY CRASH,196 ST,N,2025,WEDNESDAY,SIDE IMPACT,N,Y,49.060125,-122.680548,N,MAY,N,LANGLEY,LANGLEY,LANGLEY & SURREY,N,N,N,LOWER MAINLAND,196 ST & 32 AVE,32 AVE,32 AVE,15:00-17:59,1,1
N,CASUALTY CRASH,200 ST OFFRAMP,N,2025,WEDNESDAY,REAR END,N,Y,49.164209,-122.668857,N,MAY,N,LANGLEY,LANGLEY,LANGLEY,N,N,N,LOWER MAINLAND,200 ST & 200 ST OFFRAMP & 88 AVE & 88 AVE ONRAMP & HWY 1 ONRAMP & TRANS-CANADA HWY,HWY 1,HWY 1,15:00-17:59,1,1
N,CASUALTY CRASH,212 ST,N,2025,WEDNESDAY,REAR END,N,Y,49.162247,-122.632844,N,MAY,N,LANGLEY,LANGLEY,LANGLEY,N,N,N,LOWER MAINLAND,212 ST & 88 AVE & TURNING LANE,88 AVE,88 AVE,15:00-17:59,1,1
N,CASUALTY CRASH,216 ST,N,2025,WEDNESDAY,SIDE IMPACT,N,Y,49.12645,-122.624898,N,MAY,N,LANGLEY,LANGLEY,LANGLEY,N,N,N,LOWER MAINLAND,216 ST & CRUSH CRES & GLOVER RD,GLOVER RD,GLOVER RD,15:00-17:59,1,1
N,CASUALTY CRASH,232 ST,N,2025,WEDNESDAY,REAR END,N,Y,49.136327,-122.581328,N,MAY,N,LANGLEY,LANGLEY,LANGLEY,N,N,N,LOWER MAINLAND,232 ST & 232 ST OFFRAMP & 232 ST ONRAMP & 72 AVE & 72 AVE ONRAMP & TRANS-CANADA HWY,HWY 1,HWY 1,15:00-17:59,1,1
N,CASUALTY CRASH,25 AVE,N,2025,WEDNESDAY,REAR END,N,Y,50.253683,-119.310399,N,MAY,N,VERNON,VERNON,VERNON,N,N,N,SOUTHERN INTERIOR,27 AVE & OKANAGAN LANDING RD & TURNING LANE,27 AVE,27 AVE,15:00-17:59,1,1
N,CASUALTY CRASH,264 ST ONRAMP,N,2025,WEDNESDAY,CONFLICTED,Y,Y,49.101569,-122.492803,N,MAY,N,LANGLEY,LANGLEY,LANGLEY,N,N,N,LOWER MAINLAND,264 ST & 264 ST OFFRAMP & 264 ST ONRAMP & 56 AVE & 56 AVE OFFRAMP & 56 AVE ONRAMP & TRANS-CANADA HWY & TURNING LANE,HWY 1,HWY 1,15:00-17:59,1,1
N,CASUALTY CRASH,29A AVE,Y,2025,WEDNESDAY,SINGLE VEHICLE,N,Y,49.054035,-122.804001,N,MAY,N,SURREY,SURREY,SURREY,N,Y,N,LOWER MAINLAND,28 AVE & 29A AVE & KING GEORGE BLVD,KING GEORGE BLVD,KING GEORGE BLVD,15:00-17:59,1,1
N,CASUALTY CRASH,56 AVE,N,2025,WEDNESDAY,CONFLICTED,N,Y,49.104342,-122.668826,N,MAY,N,LANGLEY,LANGLEY,LANGLEY,N,N,N,LOWER MAINLAND,200 ST & 56 AVE,200 ST,200 ST,15:00-17:59,1,4
N,CASUALTY CRASH,64 AVE,N,2025,WEDNESDAY,REAR END,N,Y,49.118728,-122.716898,N,MAY,N,SURREY,SURREY,SURREY,N,N,N,LOWER MAINLAND,64 AVE & CLAYTONWOOD GATE,CLAYTONWOOD GATE,CLAYTONWOOD GATE,15:00-17:59,1,1
N,CASUALTY CRASH,67A AVE,N,2025,WEDNESDAY,UNDETERMINED,N,Y,49.125185,-122.823302,N,MAY,N,SURREY,SURREY,SURREY,N,N,N,LOWER MAINLAND,144 ST & 67A AVE,144 ST,144 ST,15:00-17:59,1,1
N,CASUALTY CRASH,68 AVE,N,2025,WEDNESDAY,CONFLICTED,N,Y,49.126227,-122.845525,N,MAY,N,SURREY,SURREY,SURREY,N,N,N,LOWER MAINLAND,68 AVE & KING GEORGE BLVD & TURNING LANE,KING GEORGE BLVD,KING GEORGE BLVD,15:00-17:59,1,3
N,CASUALTY CRASH,76 AVE,N,2025,WEDNESDAY,REAR END,N,Y,49.142101,-122.756543,N,MAY,N,SURREY,SURREY,SURREY,N,N,N,LOWER MAINLAND,168 ST & 76 AVE,168 ST,168 ST,15:00-17:59,1,2
N,CASUALTY CRASH,84 AVE,N,2025,WEDNESDAY,REAR END,N,Y,49.155548,-122.823347,N,MAY,N,SURREY,SURREY,SURREY,N,N,N,LOWER MAINLAND,144 ST & 84 AVE,144 ST,144 ST,15:00-17:59,1,1
N,CASUALTY CRASH,84 AVE,N,2025,WEDNESDAY,SIDE SWIPE - SAME DIRECTION,N,Y,49.15802,-122.926587,N,MAY,N,DELTA,DELTA,DELTA,N,N,N,LOWER MAINLAND,84 AVE & NORDEL WAY & TURNING LANE,NORDEL WAY,NORDEL WAY,15:00-17:59,1,1
N,CASUALTY CRASH,86 AVE,N,2025,WEDNESDAY,REAR END,N,Y,49.159194,-122.667905,N,MAY,N,LANGLEY,LANGLEY,LANGLEY,N,N,N,LOWER MAINLAND,200 ST & 86 AVE & TURNING LANE,200 ST,200 ST,15:00-17:59,1,1
N,CASUALTY CRASH,88 AVE,N,2025,WEDNESDAY,CONFLICTED,N,Y,49.163208,-122.890341,N,MAY,N,DELTA,DELTA,DELTA & SURREY,N,Y,N,LOWER MAINLAND,120 ST & 88 AVE,SCOTT RD,SCOTT RD,15:00-17:59,1,1
N,CASUALTY CRASH,88 AVE,N,2025,WEDNESDAY,REAR END,N,Y,49.1628,-122.79017,N,MAY,N,SURREY,SURREY,SURREY,N,N,N,LOWER MAINLAND,156 ST & 88 AVE,156 ST,156 ST,15:00-17:59,1,2
N,CASUALTY CRASH,90 AVE,N,2025,WEDNESDAY,SIDE IMPACT,N,Y,49.166467,-122.834642,N,MAY,N,SURREY,SURREY,SURREY,N,N,N,LOWER MAINLAND,140 ST & 90 AVE,140 ST,140 ST,15:00-17:59,1,2
N,CASUALTY CRASH,96 AVE,N,2025,WEDNESDAY,REAR END,N,Y,49.176537,-122.828469,N,MAY,N,SURREY,SURREY,SURREY,N,N,N,LOWER MAINLAND,96 AVE & FRASER HWY & GREEN TIMBERS GREENWAY & TURNING LANE,FRASER HWY,FRASER HWY,15:00-17:59,1,1
N,CASUALTY CRASH,96 AVE,N,2025,WEDNESDAY,REAR END,N,Y,49.177025,-122.673913,N,MAY,N,LANGLEY,LANGLEY,LANGLEY,N,N,N,LOWER MAINLAND,198 ST & 96 AVE & TELEGRAPH TRAIL & TURNING LANE,198 ST,198 ST,15:00-17:59,1,1
N,CASUALTY CRASH,99 AVE,N,2025,WEDNESDAY,REAR END,N,Y,49.182593,-122.85661,N,MAY,N,SURREY,SURREY,SURREY,N,N,N,LOWER MAINLAND,132 ST & 99 AVE,132 ST,132 ST,15:00-17:59,1,1
N,CASUALTY CRASH,ABBOTSFORD MISSION BRIDGE,N,2025,WEDNESDAY,SIDE SWIPE - SAME DIRECTION,N,Y,49.120025,-122.299417,N,MAY,N,ABBOTSFORD,ABBOTSFORD,ABBOTSFORD,N,N,N,LOWER MAINLAND,ABBOTSFORD MISSION BRIDGE & HWY 11,HWY 11,HWY 11,15:00-17:59,1,1
N,CASUALTY CRASH,ALEX FRASER BRIDGE,N,2025,WEDNESDAY,REAR END,N,Y,49.170914,-122.951312,N,MAY,N,DELTA,DELTA,DELTA & RICHMOND,N,N,N,LOWER MAINLAND,ALEX FRASER BRIDGE & CLIVEDEN AVE & CLIVEDEN AVE OFFRAMP & CLIVEDEN AVE ONRAMP & HWY 91,HWY 91,HWY 91,15:00-17:59,2,2
N,CASUALTY CRASH,ALMA STREET,N,2025,WEDNESDAY,UNDETERMINED,N,N,\N,\N,N,MAY,N,VANCOUVER,VANCOUVER,\N,N,N,N,LOWER MAINLAND,UNKNOWN,W 4TH AVE,W 4TH AVE,15:00-17:59,1,1
N,CASUALTY CRASH,APPLECROSS RD,N,2025,WEDNESDAY,REAR END,N,Y,49.234378,-124.04276,N,MAY,N,NANAIMO,NANAIMO,NANAIMO,N,N,N,VANCOUVER ISLAND,APPLECROSS RD & HAMMOND BAY RD & MALL ACCESS & TURNING LANE,HAMMOND BAY RD,HAMMOND BAY RD,15:00-17:59,1,1
N,CASUALTY CRASH,BACK RD,N,2025,WEDNESDAY,REAR END,N,Y,49.701343,-124.982712,N,MAY,N,COURTENAY,COURTENAY,COURTENAY,N,N,N,VANCOUVER ISLAND,BACK RD & CENTENNIAL DR & RYAN RD & TURNING LANE,RYAN RD,RYAN RD,15:00-17:59,1,1
N,CASUALTY CRASH,BALFOUR AVE,N,2025,WEDNESDAY,CONFLICTED,N,Y,49.251905,-123.139024,N,MAY,N,VANCOUVER,VANCOUVER,VANCOUVER,N,N,N,LOWER MAINLAND,BALFOUR AVE & GRANVILLE ST,GRANVILLE ST,GRANVILLE ST,15:00-17:59,1,1
N,CASUALTY CRASH,BAY ST,N,2025,WEDNESDAY,SINGLE VEHICLE,N,Y,49.374313,-123.272868,N,MAY,N,WEST VANCOUVER,WEST VANCOUVER,WEST VANCOUVER,N,N,Y,LOWER MAINLAND,BAY ST & KEITH RD,KEITH RD,KEITH RD,15:00-17:59,1,1
N,CASUALTY CRASH,BAY ST,N,2025,WEDNESDAY,SINGLE VEHICLE,Y,Y,49.374313,-123.272868,N,MAY,N,WEST VANCOUVER,WEST VANCOUVER,WEST VANCOUVER,N,Y,Y,LOWER MAINLAND,BAY ST & KEITH RD,KEITH RD,KEITH RD,15:00-17:59,1,2
N,CASUALTY CRASH,BLUNDELL RD,N,2025,WEDNESDAY,CONFLICTED,Y,Y,49.159462,-123.012847,N,MAY,N,RICHMOND,RICHMOND,RICHMOND,N,N,N,LOWER MAINLAND,BLUNDELL RD & NELSON RD,NELSON RD,NELSON RD,15:00-17:59,1,1
N,CASUALTY CRASH,BORDEN ST,N,2025,WEDNESDAY,SIDE SWIPE - SAME DIRECTION,N,Y,49.211071,-123.074013,N,MAY,N,VANCOUVER,VANCOUVER,VANCOUVER,N,N,N,LOWER MAINLAND,BORDEN ST & SE MARINE DR,SE MARINE DR,SE MARINE DR,15:00-17:59,1,1
N,CASUALTY CRASH,BOUNDARY RD,N,2025,WEDNESDAY,REAR END,N,Y,49.205426,-123.023441,N,MAY,N,BURNABY,BURNABY,BURNABY & VANCOUVER,N,N,N,LOWER MAINLAND,BOUNDARY RD & MARINE WAY & TURNING LANE,MARINE WAY,MARINE WAY,15:00-17:59,1,1
N,CASUALTY CRASH,BOUNDARY RD,N,2025,WEDNESDAY,REAR END,N,Y,49.258209,-123.023636,N,MAY,N,BURNABY,BURNABY,BURNABY & VANCOUVER,N,N,N,LOWER MAINLAND,BOUNDARY RD & GRANDVIEW HWY & GRANDVIEW HWY ONRAMP,GRANDVIEW HWY,GRANDVIEW HWY,15:00-17:59,1,1
N,CASUALTY CRASH,BRAID ST,N,2025,WEDNESDAY,CONFLICTED,N,Y,49.231356,-122.882908,N,MAY,N,NEW WESTMINSTER,NEW WESTMINSTER,NEW WESTMINSTER,N,N,N,LOWER MAINLAND,BRAID ST & BRUNETTE AVE,BRUNETTE AVE,BRUNETTE AVE,15:00-17:59,1,1
N,CASUALTY CRASH,BREDIN RD,N,2025,WEDNESDAY,REAR TO REAR,N,Y,49.880444,-119.452429,N,MAY,N,KELOWNA,KELOWNA,KELOWNA,N,N,N,SOUTHERN INTERIOR,BREDIN RD & WINDSOR RD,WINDSOR RD,WINDSOR RD,15:00-17:59,1,1
N,CASUALTY CRASH,BRIDGEVIEW DR,N,2025,WEDNESDAY,REAR END,N,Y,49.213211,-122.861854,N,MAY,N,SURREY,SURREY,SURREY,N,N,N,LOWER MAINLAND,130 ST & BRIDGEVIEW DR & BRIDGEVIEW DR OFFRAMP & BRIDGEVIEW DR ONRAMP & HWY 17,SOUTH FRASER PERIMETER RD,SOUTH FRASER PERIMETER RD,15:00-17:59,1,2
N,CASUALTY CRASH,BRIGHTON AVE,N,2025,WEDNESDAY,REAR END,N,Y,49.249927,-122.919024,N,MAY,N,BURNABY,BURNABY,BURNABY,N,N,N,LOWER MAINLAND,BRIGHTON AVE & GOVERNMENT ST & WINSTON ST,WINSTON ST,WINSTON ST,15:00-17:59,1,1
N,CASUALTY CRASH,BRITTON AVE,N,2025,WEDNESDAY,REAR END,N,Y,49.131204,-121.960408,N,MAY,N,CHILLIWACK,CHILLIWACK,CHILLIWACK,N,N,N,LOWER MAINLAND,BRITTON AVE & SPRUCE DR & VEDDER RD,VEDDER RD,VEDDER RD,15:00-17:59,1,1
N,CASUALTY CRASH,BROWN ST,N,2025,WEDNESDAY,REAR END,N,Y,49.59949,-119.678155,N,MAY,N,SUMMERLAND,SUMMERLAND,SUMMERLAND,N,N,N,SOUTHERN INTERIOR,BROWN ST & PRAIRIE VALLEY RD,PRAIRIE VALLEY RD,PRAIRIE VALLEY RD,15:00-17:59,1,2
N,CASUALTY CRASH,BURTON AVE,N,2025,WEDNESDAY,SIDE IMPACT,N,Y,49.160099,-122.316613,N,MAY,N,MISSION,MISSION,MISSION,N,N,N,LOWER MAINLAND,BURTON AVE & CEDAR ST & UNSIGNED,CEDAR ST,CEDAR ST,15:00-17:59,1,2
N,CASUALTY CRASH,CALEDONIA AVE,N,2025,WEDNESDAY,CONFLICTED,N,Y,48.430782,-123.358624,N,MAY,N,VICTORIA,VICTORIA,VICTORIA,N,N,N,VANCOUVER ISLAND,CALEDONIA AVE & QUADRA ST,QUADRA ST,QUADRA ST,15:00-17:59,1,1
N,CASUALTY CRASH,CANADA WAY,N,2025,WEDNESDAY,REAR END,N,Y,49.245548,-122.974614,N,MAY,N,BURNABY,BURNABY,BURNABY,N,N,N,LOWER MAINLAND,CANADA WAY & DEER LAKE PKY & NORLAND AVE,DEER LAKE PKY,DEER LAKE PKY,15:00-17:59,1,3
N,CASUALTY CRASH,CARDERO ST,N,2025,WEDNESDAY,SIDE IMPACT,N,Y,49.290575,-123.130597,N,MAY,N,VANCOUVER,VANCOUVER,VANCOUVER,N,N,N,LOWER MAINLAND,CARDERO ST & W GEORGIA ST & W PENDER ST,W GEORGIA ST,W GEORGIA ST,15:00-17:59,1,1
N,CASUALTY CRASH,CLEARBROOK RD,N,2025,WEDNESDAY,REAR END,N,Y,49.060115,-122.337921,N,MAY,N,ABBOTSFORD,ABBOTSFORD,ABBOTSFORD,N,N,N,LOWER MAINLAND,CLEARBROOK RD & MACLURE RD,MACLURE RD,MACLURE RD,15:00-17:59,1,1
N,CASUALTY CRASH,COAST MERIDIAN RD,N,2025,WEDNESDAY,REAR END,N,Y,49.271193,-122.756124,N,MAY,N,PORT COQUITLAM,PORT COQUITLAM,PORT COQUITLAM,N,N,N,LOWER MAINLAND,COAST MERIDIAN RD & PRAIRIE AVE,PRAIRIE AVE,PRAIRIE AVE,15:00-17:59,1,1
N,CASUALTY CRASH,COMMONAGE RD,N,2025,WEDNESDAY,REAR END,N,Y,50.230953,-119.310215,N,MAY,N,VERNON,VERNON,VERNON,N,N,N,SOUTHERN INTERIOR,BENCH ROW RD & COMMONAGE RD & MISSION RD,BENCH ROW RD,BENCH ROW RD,15:00-17:59,1,1
N,CASUALTY CRASH,COOK ST,N,2025,WEDNESDAY,REAR END,N,Y,48.434988,-123.352295,N,MAY,N,VICTORIA,VICTORIA,VICTORIA,N,N,N,VANCOUVER ISLAND,BAY ST & COOK ST,BAY ST,BAY ST,15:00-17:59,1,1
N,CASUALTY CRASH,DAVIS RD OFFRAMP,N,2025,WEDNESDAY,REAR END,N,Y,53.874349,-122.777798,N,MAY,N,PRINCE GEORGE,PRINCE GEORGE,PRINCE GEORGE,N,N,N,NORTH CENTRAL,DAVIS RD OFFRAMP & HWY 16 W,HWY 16,HWY 16,15:00-17:59,1,1
N,CASUALTY CRASH,E 27TH AVE,N,2025,WEDNESDAY,CONFLICTED,N,Y,49.246437,-123.076236,N,MAY,N,VANCOUVER,VANCOUVER,VANCOUVER,N,N,N,LOWER MAINLAND,E 27TH AVE & KNIGHT ST,KNIGHT ST,KNIGHT ST,15:00-17:59,1,1
N,CASUALTY CRASH,E 5TH ST,N,2025,WEDNESDAY,SIDE IMPACT,N,Y,49.313757,-123.072307,N,MAY,N,NORTH VANCOUVER,NORTH VANCOUVER,NORTH VANCOUVER,N,N,N,LOWER MAINLAND,E 5TH ST & ST GEORGES AVE,ST GEORGES AVE,ST GEORGES AVE,15:00-17:59,1,1
N,CASUALTY CRASH,EDMONDS ST,N,2025,WEDNESDAY,SIDE IMPACT,N,Y,49.21409,-122.959093,N,MAY,N,BURNABY,BURNABY,BURNABY,N,N,N,LOWER MAINLAND,EDMONDS ST & GRIFFITHS DR,GRIFFITHS DR,GRIFFITHS DR,15:00-17:59,1,1
N,CASUALTY CRASH,ELLIOTT RD,N,2025,WEDNESDAY,REAR END,N,Y,49.829574,-119.630995,N,MAY,N,WEST KELOWNA,WEST KELOWNA,WEST KELOWNA,N,N,N,SOUTHERN INTERIOR,ELLIOTT RD & MAIN ST,HWY 97,HWY 97,15:00-17:59,1,3
N,CASUALTY CRASH,ESMOND AVE,N,2025,WEDNESDAY,CONFLICTED,N,Y,49.278438,-123.021043,N,MAY,N,BURNABY,BURNABY,BURNABY,N,N,N,LOWER MAINLAND,ESMOND AVE & GEORGIA ST,GEORGIA ST,GEORGIA ST,15:00-17:59,1,2
N,CASUALTY CRASH,FALAISE DR,N,2025,WEDNESDAY,REAR END,N,Y,48.498442,-123.38164,N,MAY,N,SAANICH,SAANICH,SAANICH,N,N,N,VANCOUVER ISLAND,FALAISE DR & ROYAL OAK DR,ROYAL OAK DR,ROYAL OAK DR,15:00-17:59,1,1
N,CASUALTY CRASH,FENWICK RD,N,2025,WEDNESDAY,REAR END,N,Y,49.787272,-125.062272,N,MAY,N,MERVILLE,MERVILLE,MERVILLE,N,N,N,VANCOUVER ISLAND,FENWICK RD & ISLAND HWY N,HWY 19A,HWY 19A,15:00-17:59,1,1
N,CASUALTY CRASH,FLEETWOOD WAY,Y,2025,WEDNESDAY,SINGLE VEHICLE,N,Y,49.170078,-122.799113,N,MAY,N,SURREY,SURREY,SURREY,N,N,N,LOWER MAINLAND,92 AVE & FLEETWOOD WAY,92 AVE,92 AVE,15:00-17:59,1,1
N,CASUALTY CRASH,FRANCHISE,N,2025,WEDNESDAY,HEAD ON,N,N,\N,\N,N,MAY,N,VANCOUVER,VANCOUVER,\N,N,N,N,LOWER MAINLAND,UNKNOWN,W 70TH AVE,W 70TH AVE,15:00-17:59,1,2
N,CASUALTY CRASH,FRASER HWY,Y,2025,WEDNESDAY,SINGLE VEHICLE,N,Y,49.178795,-122.834372,N,MAY,N,SURREY,SURREY,SURREY,N,N,N,LOWER MAINLAND,140 ST & FRASER HWY,140 ST,140 ST,15:00-17:59,1,1
N,CASUALTY CRASH,GILBERT RD,N,2025,WEDNESDAY,CONFLICTED,N,Y,49.162733,-123.147771,N,MAY,N,RICHMOND,RICHMOND,RICHMOND,N,N,N,LOWER MAINLAND,GILBERT RD & GRANVILLE AVE,GRANVILLE AVE,GRANVILLE AVE,15:00-17:59,1,3
N,CASUALTY CRASH,GRANDVIEW HWY,N,2025,WEDNESDAY,REAR END,N,Y,49.257636,-123.004065,N,MAY,N,BURNABY,BURNABY,BURNABY,Y,N,N,LOWER MAINLAND,GRANDVIEW HWY & GRANDVIEW HWY ONRAMP & TRANS-CANADA HWY & TRANS-CANADA HWY ONRAMP & WILLINGDON AVE & WILLINGDON AVE OFFRAMP & EMERGENCY LANE,HWY 1,HWY 1,15:00-17:59,1,2
N,CASUALTY CRASH,GRANDVIEW HWY,N,2025,WEDNESDAY,REAR END,N,Y,49.258229,-123.049573,N,MAY,N,VANCOUVER,VANCOUVER,VANCOUVER,N,N,N,LOWER MAINLAND,GRANDVIEW HWY & GRANDVIEW HWY N & SLOCAN ST & TURNING LANE,SLOCAN ST,SLOCAN ST,15:00-17:59,1,1
N,CASUALTY CRASH,HAMMOND BAY RD,N,2025,WEDNESDAY,SIDE IMPACT,N,Y,49.234195,-124.030324,N,MAY,N,NANAIMO,NANAIMO,NANAIMO,N,N,N,VANCOUVER ISLAND,HAMMOND BAY RD & MCGIRR RD & TURNER RD,MCGIRR RD,MCGIRR RD,15:00-17:59,1,1
N,CASUALTY CRASH,HARVIE RD,N,2025,WEDNESDAY,REAR END,N,Y,49.16903,-122.69413,N,MAY,N,SURREY,SURREY,SURREY,N,N,N,LOWER MAINLAND,192 ST & HARVIE RD,192 ST,192 ST,15:00-17:59,1,1
N,CASUALTY CRASH,HODGINS AVE,N,2025,WEDNESDAY,CONFLICTED,N,Y,49.166369,-121.958703,N,MAY,N,CHILLIWACK,CHILLIWACK,CHILLIWACK,N,N,N,LOWER MAINLAND,CHEAM AVE & HODGINS AVE & YALE RD,YALE RD,YALE RD,15:00-17:59,1,2
N,CASUALTY CRASH,HOWARD AVE,N,2025,WEDNESDAY,REAR END,N,Y,49.171191,-123.955175,N,MAY,N,NANAIMO,NANAIMO,NANAIMO,N,N,N,VANCOUVER ISLAND,BOWEN RD & HOWARD AVE & PARK ACCESS,BOWEN RD,BOWEN RD,15:00-17:59,1,1
N,CASUALTY CRASH,HWY 1,N,2025,WEDNESDAY,SIDE IMPACT,N,Y,49.328871,-123.053569,N,MAY,N,NORTH VANCOUVER,NORTH VANCOUVER,NORTH VANCOUVER,N,N,N,LOWER MAINLAND,BOULEVARD CRES & E 21ST ST & GRAND BLVD OFFRAMP & GRAND BLVD ONRAMP & LYNN VALLEY RD & LYNN VALLEY RD ONRAMP & TRANS-CANADA HWY & WILLIAM AVE OFFRAMP & TURNING LANE,LYNN VALLEY RD ONRAMP,LYNN VALLEY RD ONRAMP,15:00-17:59,1,1
N,CASUALTY CRASH,HWY 16,N,2025,WEDNESDAY,REAR END,N,Y,53.86117,-122.801926,N,MAY,N,PRINCE GEORGE,PRINCE GEORGE,PRINCE GEORGE,N,N,N,NORTH CENTRAL,HWY 16 W & KONRATH RD & WESTGATE AVE & TURNING LANE,WESTGATE AVE,WESTGATE AVE,15:00-17:59,1,1
N,CASUALTY CRASH,HWY 17A,N,2025,WEDNESDAY,REAR END,N,Y,49.107741,-123.055663,N,MAY,N,DELTA,DELTA,DELTA,N,N,N,LOWER MAINLAND,HWY 17A & HWY 17A OFFRAMP & HWY 17A ONRAMP & HWY 99,HWY 99,HWY 99,15:00-17:59,1,1
N,CASUALTY CRASH,HWY 3,N,2025,WEDNESDAY,SIDE IMPACT,N,Y,49.035748,-119.476906,N,MAY,N,OSOYOOS,OSOYOOS,OSOYOOS,N,N,N,SOUTHERN INTERIOR,97TH ST & HWY 3 & HWY 97 & MAIN ST & TURNING LANE,HWY 97,HWY 97,15:00-17:59,1,1
N,CASUALTY CRASH,HWY 6,N,2025,WEDNESDAY,REAR END,N,Y,50.253848,-119.259385,N,MAY,N,VERNON,VERNON,VERNON,N,N,N,SOUTHERN INTERIOR,HWY 6 & POTTERY RD & TURNING LANE,POTTERY RD,POTTERY RD,15:00-17:59,1,1
N,CASUALTY CRASH,HWY 9,N,2025,WEDNESDAY,SIDE IMPACT,N,Y,49.24726,-121.783069,N,MAY,N,AGASSIZ,AGASSIZ,AGASSIZ,N,N,N,LOWER MAINLAND,ELSE RD & HOT SPRINGS RD & LOUGHEED HWY & TURNING LANE,HWY 7,HWY 7,15:00-17:59,1,1
N,CASUALTY CRASH,HWY 91,N,2025,WEDNESDAY,REAR END,N,Y,49.146506,-122.944458,N,MAY,N,DELTA,DELTA,DELTA,N,N,N,LOWER MAINLAND,HWY 17 & HWY 91 & HWY 91 CONN & HWY 91 CONN OFFRAMP & HWY 91 CONN ONRAMP & NORDEL WAY & NORDEL WAY OFFRAMP & NORDEL WAY ONRAMP & NORDEL WAY OVERPASS & WEIGH SCALE RD & SCALE ACCESS & TURNING LANE,NORDEL WAY ONRAMP,NORDEL WAY ONRAMP,15:00-17:59,1,1
N,CASUALTY CRASH,HWY 91,N,2025,WEDNESDAY,REAR END,N,Y,49.177088,-123.096447,N,MAY,N,RICHMOND,RICHMOND,RICHMOND,N,N,N,LOWER MAINLAND,HWY 91 & HWY 91 OFFRAMP & HWY 91 ONRAMP & HWY 99,HWY 99,HWY 99,15:00-17:59,1,1
N,CASUALTY CRASH,HWY 97,N,2025,WEDNESDAY,REAR END,N,Y,49.901265,-119.408856,N,MAY,N,KELOWNA,KELOWNA,KELOWNA,N,N,N,SOUTHERN INTERIOR,HWY 97 N & MCCURDY RD & OKANAGAN RAIL TRAIL & TURNING LANE,MCCURDY RD,MCCURDY RD,15:00-17:59,1,1
N,CASUALTY CRASH,ISLAND HWY N,N,2025,WEDNESDAY,REAR END,N,Y,49.697978,-124.989077,N,MAY,N,COURTENAY,COURTENAY,COURTENAY,N,N,N,VANCOUVER ISLAND,ISLAND HWY N & RYAN RD & MALL ACCESS & TURNING LANE,RYAN RD,RYAN RD,15:00-17:59,1,1
N,CASUALTY CRASH,JERVIS ST,Y,2025,WEDNESDAY,SINGLE VEHICLE,N,Y,49.289023,-123.125547,N,MAY,N,VANCOUVER,VANCOUVER,VANCOUVER,N,N,N,LOWER MAINLAND,JERVIS ST & W PENDER ST,W PENDER ST,W PENDER ST,15:00-17:59,1,1
N,CASUALTY CRASH,JINGLE POT RD,N,2025,WEDNESDAY,REAR END,N,Y,49.16875,-123.982077,N,MAY,N,NANAIMO,NANAIMO,NANAIMO,N,N,N,VANCOUVER ISLAND,JINGLE POT RD & JINGLE POT RD OFFRAMP & JINGLE POT RD ONRAMP & NANAIMO PKY & PARKWAY TRAIL,HWY 19,HWY 19,15:00-17:59,1,2
N,CASUALTY CRASH,JOYCE AVE,N,2025,WEDNESDAY,SIDE SWIPE - SAME DIRECTION,N,Y,49.845881,-124.520756,N,MAY,N,POWELL RIVER,POWELL RIVER,POWELL RIVER,N,N,N,VANCOUVER ISLAND,ALBERNI ST & JOYCE AVE,ALBERNI ST,ALBERNI ST,15:00-17:59,1,2
N,CASUALTY CRASH,JUNG LANE,N,2025,WEDNESDAY,UNDETERMINED,N,Y,49.278647,-123.133831,N,MAY,N,VANCOUVER,VANCOUVER,VANCOUVER,N,N,N,LOWER MAINLAND,JUNG LANE & THURLOW ST,THURLOW ST,THURLOW ST,15:00-17:59,1,1
N,CASUALTY CRASH,KENSINGTON AVE,N,2025,WEDNESDAY,REAR END,N,Y,49.243677,-122.967599,N,MAY,N,BURNABY,BURNABY,BURNABY,N,N,N,LOWER MAINLAND,KENSINGTON AVE & KENSINGTON AVE OFFRAMP & TRANS-CANADA HWY & TRANS-CANADA HWY ONRAMP,HWY 1,HWY 1,15:00-17:59,1,1
N,CASUALTY CRASH,KING EDWARD ST,N,2025,WEDNESDAY,REAR END,N,Y,49.234459,-122.861658,N,MAY,N,COQUITLAM,COQUITLAM,COQUITLAM,N,N,N,LOWER MAINLAND,KING EDWARD ST & LOUGHEED HWY & MALL ACCESS & TURNING LANE,LOUGHEED HWY,LOUGHEED HWY,15:00-17:59,1,1
N,CASUALTY CRASH,KINGSWAY,N,2025,WEDNESDAY,REAR END,N,Y,49.248504,-123.072338,N,MAY,Y,VANCOUVER,VANCOUVER,VANCOUVER,N,N,N,LOWER MAINLAND,E KING EDWARD AVE & KINGSWAY & TURNING LANE,E KING EDWARD AVE,E KING EDWARD AVE,15:00-17:59,1,2
N,CASUALTY CRASH,KINGSWAY,N,2025,WEDNESDAY,SIDE IMPACT,N,N,\N,\N,N,MAY,N,BURNABY,BURNABY,\N,N,N,N,LOWER MAINLAND,UNKNOWN,WILLINGDON,WILLINGDON,15:00-17:59,1,2
N,CASUALTY CRASH,KNIGHT ST,N,2025,WEDNESDAY,CONFLICTED,N,Y,49.191996,-123.077454,N,MAY,N,RICHMOND,RICHMOND,RICHMOND,N,N,N,LOWER MAINLAND,BRIDGEPORT RD & BRIDGEPORT RD OFFRAMP & BRIDGEPORT RD ONRAMP & KNIGHT ST & KNIGHT ST BRIDGE & MANNINI WAY & TURNING LANE,BRIDGEPORT RD,BRIDGEPORT RD,15:00-17:59,1,2
N,CASUALTY CRASH,KNIGHT ST,N,2025,WEDNESDAY,SIDE SWIPE - SAME DIRECTION,N,N,\N,\N,N,MAY,N,VANCOUVER,VANCOUVER,\N,N,N,N,LOWER MAINLAND,UNKNOWN,HWY 91,HWY 91,15:00-17:59,1,1
N,CASUALTY CRASH,LADNER TRUNK RD,N,2025,WEDNESDAY,REAR END,N,Y,49.102485,-122.900334,N,MAY,N,DELTA,DELTA,DELTA,N,N,N,LOWER MAINLAND,HWY 10 & HWY 10 OFFRAMP & HWY 10 ONRAMP & HWY 91,HWY 10 OFFRAMP,HWY 10 OFFRAMP,15:00-17:59,1,1
N,CASUALTY CRASH,LEDGER AVE,N,2025,WEDNESDAY,SIDE IMPACT,N,Y,49.243989,-122.972069,N,MAY,N,BURNABY,BURNABY,BURNABY,N,N,N,LOWER MAINLAND,CANADA WAY & LEDGER AVE,CANADA WAY,CANADA WAY,15:00-17:59,1,1
N,CASUALTY CRASH,LINLEY VALLEY DR,N,2025,WEDNESDAY,SIDE IMPACT,N,Y,49.226224,-124.02213,N,MAY,N,NANAIMO,NANAIMO,NANAIMO,N,N,N,VANCOUVER ISLAND,LINLEY VALLEY DR & NELSON RD & RUTHERFORD RD,RUTHERFORD RD,RUTHERFORD RD,15:00-17:59,1,1
N,CASUALTY CRASH,LONG ST,N,2025,WEDNESDAY,REAR END,N,Y,49.875445,-119.494404,N,MAY,N,KELOWNA,KELOWNA,KELOWNA,N,N,N,SOUTHERN INTERIOR,GLENWOOD AVE & LONG ST,GLENWOOD AVE,GLENWOOD AVE,15:00-17:59,1,4
N,CASUALTY CRASH,LONZO RD,N,2025,WEDNESDAY,CONFLICTED,N,Y,49.033431,-122.266381,N,MAY,N,ABBOTSFORD,ABBOTSFORD,ABBOTSFORD,N,N,N,LOWER MAINLAND,LONZO RD & SUMAS WAY & SUMAS WAY OFFRAMP & SUMAS WAY ONRAMP & TRANS-CANADA HWY & TURNING LANE,SUMAS WAY,SUMAS WAY,15:00-17:59,1,2
N,CASUALTY CRASH,LOUGHEED HWY,Y,2025,WEDNESDAY,SINGLE VEHICLE,N,Y,49.266065,-123.014346,N,MAY,N,BURNABY,BURNABY,BURNABY,N,N,N,LOWER MAINLAND,GILMORE AVE & LOUGHEED HWY & TURNING LANE,GILMORE AVE,GILMORE AVE,15:00-17:59,1,1
N,CASUALTY CRASH,MACLURE RD,N,2025,WEDNESDAY,CONFLICTED,N,Y,49.060097,-122.326977,N,MAY,N,ABBOTSFORD,ABBOTSFORD,ABBOTSFORD,N,N,N,LOWER MAINLAND,MACLURE RD & TRETHEWEY ST & TURNING LANE,TRETHEWEY ST,TRETHEWEY ST,15:00-17:59,1,1
N,CASUALTY CRASH,MACPHERSON AVE,N,2025,WEDNESDAY,SIDE IMPACT,N,Y,49.223125,-122.983089,N,MAY,N,BURNABY,BURNABY,BURNABY,N,N,N,LOWER MAINLAND,KINGSWAY & MACPHERSON AVE,KINGSWAY,KINGSWAY,15:00-17:59,2,2
N,CASUALTY CRASH,MAEBELLE RD,N,2025,WEDNESDAY,HEAD ON,N,Y,49.266398,-124.766297,N,MAY,N,PORT ALBERNI,PORT ALBERNI,PORT ALBERNI,N,N,N,VANCOUVER ISLAND,ALBERNI HWY & MAEBELLE RD,ALBERNI HWY,ALBERNI HWY,15:00-17:59,1,1
N,CASUALTY CRASH,MAIN ST,N,2025,WEDNESDAY,REAR END,N,Y,49.492972,-119.589418,N,MAY,N,PENTICTON,PENTICTON,PENTICTON,N,N,N,SOUTHERN INTERIOR,ECKHARDT AVE E & ECKHARDT AVE W & MAIN ST,ECKHARDT AVE E,ECKHARDT AVE E,15:00-17:59,1,1
N,CASUALTY CRASH,MANITOBA ST,N,2025,WEDNESDAY,SIDE SWIPE - OPPOSITE DIRECTION,N,Y,49.269277,-123.106627,N,MAY,N,VANCOUVER,VANCOUVER,VANCOUVER,N,N,N,LOWER MAINLAND,MANITOBA ST & W 2ND AVE,W 2ND AVE,W 2ND AVE,15:00-17:59,1,1
N,CASUALTY CRASH,MANNING PARK RESORT,N,2025,WEDNESDAY,UNDETERMINED,N,Y,49.062988,-120.782603,N,MAY,N,MANNING PARK,MANNING PARK,MANNING PARK,N,N,N,SOUTHERN INTERIOR,GIBSON PASS RD & HWY 3 & OWL WAY,HWY 3,HWY 3,15:00-17:59,1,2
N,CASUALTY CRASH,MANOR ST,N,2025,WEDNESDAY,CONFLICTED,N,Y,49.25719,-123.011982,N,MAY,N,BURNABY,BURNABY,BURNABY,N,N,N,LOWER MAINLAND,GILMORE AVE DIVERSION & MANOR ST,GILMORE AVE DIVERS,GILMORE AVE DIVERS,15:00-17:59,1,2
N,CASUALTY CRASH,MARINE DR,N,2025,WEDNESDAY,REAR END,N,Y,49.324292,-123.122442,N,MAY,N,NORTH VANCOUVER,NORTH VANCOUVER,NORTH VANCOUVER,N,N,N,LOWER MAINLAND,CAPILANO RD & MARINE DR & MATHIAS RD & TURNING LANE,CAPILANO RD,CAPILANO RD,15:00-17:59,1,1
N,CASUALTY CRASH,MCBRIDE BLVD,N,2025,WEDNESDAY,REAR END,N,Y,49.2224,-122.911951,N,MAY,N,NEW WESTMINSTER,NEW WESTMINSTER,NEW WESTMINSTER,N,N,N,LOWER MAINLAND,E EIGHTH AVE & EIGHTH AVE & MCBRIDE BLVD,EIGHTH AVE,EIGHTH AVE,15:00-17:59,1,1
N,CASUALTY CRASH,MCCALLUM RD,N,2025,WEDNESDAY,REAR END,N,Y,49.034944,-122.2928,N,MAY,N,ABBOTSFORD,ABBOTSFORD,ABBOTSFORD,N,N,N,LOWER MAINLAND,HAWTHORNE AVE & KING RD & KING RD CONN & KING RD ONRAMP & MCCALLUM RD & MCCALLUM RD OFFRAMP & MCCALLUM RD ONRAMP & TRANS-CANADA HWY,HWY 1,HWY 1,15:00-17:59,1,1
N,CASUALTY CRASH,MCCALLUM RD,N,2025,WEDNESDAY,REAR END,N,Y,49.039043,-122.293334,N,MAY,N,ABBOTSFORD,ABBOTSFORD,ABBOTSFORD,N,N,N,LOWER MAINLAND,MARSHALL RD & MCCALLUM RD,MARSHALL RD,MARSHALL RD,15:00-17:59,1,1
N,CASUALTY CRASH,MCKENZIE AVE,N,2025,WEDNESDAY,REAR END,N,Y,48.459684,-123.404754,N,MAY,N,SAANICH,SAANICH,SAANICH,N,N,N,VANCOUVER ISLAND,ADMIRALS RD & ADMIRALS RD OFFRAMP & MCKENZIE AVE & MCKENZIE AVE OFFRAMP & TRANS-CANADA HWY & TRANS-CANADA HWY ONRAMP & TURNING LANE,HWY 1,HWY 1,15:00-17:59,1,1
N,CASUALTY CRASH,MILLER RD,N,2025,WEDNESDAY,CONFLICTED,N,Y,49.192621,-123.14231,N,MAY,N,RICHMOND,RICHMOND,RICHMOND,N,N,N,LOWER MAINLAND,AIRPORT CONNECTOR BRIDGE & AIRPORT STATION & ARTHUR LAING BRIDGE & BRIDGEPORT RD & CESSNA DR & CESSNA DR OFRP & GRANT MCCONACHIE WAY & GRANT MCCONACHIE WAY OFRP & GRANT MCCONACHIE WAY ONRP & MILLER RD & RUSS BAKER WAY & RUSS BAKER WAY OFRP & RUSS BAKER W,RUSS BAKER WAY,RUSS BAKER WAY,15:00-17:59,1,1
N,CASUALTY CRASH,MOFFAT APPROACH,N,2025,WEDNESDAY,REAR END,N,Y,52.974626,-122.494739,N,MAY,N,QUESNEL,QUESNEL,QUESNEL,N,N,N,NORTH CENTRAL,MCLEAN ST & MOFFAT APPROACH,MCLEAN ST,MCLEAN ST,15:00-17:59,1,2
N,CASUALTY CRASH,MONTROSE ST,N,2025,WEDNESDAY,SIDE IMPACT,N,Y,49.263335,-122.836984,N,MAY,N,COQUITLAM,COQUITLAM,COQUITLAM,N,N,N,LOWER MAINLAND,COMO LAKE AVE & MONTROSE ST,COMO LAKE AVE,COMO LAKE AVE,15:00-17:59,1,2
N,CASUALTY CRASH,MOUNT PAUL WAY,N,2025,WEDNESDAY,REAR END,Y,N,\N,\N,N,MAY,N,KAMLOOPS,KAMLOOPS,\N,N,N,N,SOUTHERN INTERIOR,UNKNOWN,YELLOWHEAD HWY,YELLOWHEAD HWY,15:00-17:59,1,1
N,CASUALTY CRASH,NORLAND AVE,N,2025,WEDNESDAY,SIDE SWIPE - SAME DIRECTION,N,Y,49.249957,-122.974749,N,MAY,N,BURNABY,BURNABY,BURNABY,N,N,N,LOWER MAINLAND,NORLAND AVE & SPROTT ST & SPROTT ST OFFRAMP,SPROTT ST,SPROTT ST,15:00-17:59,1,1
N,CASUALTY CRASH,NORTH END RD,N,2025,WEDNESDAY,SINGLE VEHICLE,N,Y,48.901659,-123.535055,N,MAY,N,SALT SPRING ISLAND,SALT SPRING ISLAND,SALT SPRING ISLAND,N,N,N,VANCOUVER ISLAND,NORTH END RD & WHIMS RD,WHIMS RD,WHIMS RD,15:00-17:59,1,1
N,CASUALTY CRASH,OAK ST,N,2025,WEDNESDAY,SIDE IMPACT,N,Y,48.449368,-123.37045,N,MAY,N,SAANICH,SAANICH,SAANICH,N,N,N,VANCOUVER ISLAND,OAK ST & RODERICK ST,RODERICK ST,RODERICK ST,15:00-17:59,1,1
N,CASUALTY CRASH,ORMOND ST,Y,2025,WEDNESDAY,SINGLE VEHICLE,N,Y,48.422958,-123.349781,N,MAY,N,VICTORIA,VICTORIA,VICTORIA,N,N,N,VANCOUVER ISLAND,FORT ST & ORMOND ST,FORT ST,FORT ST,15:00-17:59,1,1
N,CASUALTY CRASH,OSPREY AVE,N,2025,WEDNESDAY,UNDETERMINED,N,Y,49.866014,-119.491244,N,MAY,N,KELOWNA,KELOWNA,KELOWNA,N,N,N,SOUTHERN INTERIOR,OSPREY AVE & PANDOSY ST,PANDOSY ST,PANDOSY ST,15:00-17:59,1,2
N,CASUALTY CRASH,PANORAMA DR,N,2025,WEDNESDAY,REAR END,N,Y,49.104465,-122.80617,N,MAY,N,SURREY,SURREY,SURREY,N,N,N,LOWER MAINLAND,56 AVE & PANORAMA DR & TURNING LANE,56 AVE,56 AVE,15:00-17:59,1,1
N,CASUALTY CRASH,PHILIP AVE,Y,2025,WEDNESDAY,SINGLE VEHICLE,N,Y,49.323893,-123.113368,N,MAY,N,NORTH VANCOUVER,NORTH VANCOUVER,NORTH VANCOUVER,N,N,N,LOWER MAINLAND,MARINE DR & PHILIP AVE,MARINE DR,MARINE DR,15:00-17:59,1,1
N,CASUALTY CRASH,PHIPPS RD,N,2025,WEDNESDAY,REAR END,N,Y,48.442321,-123.504709,N,MAY,N,LANGFORD,LANGFORD,LANGFORD,N,N,N,VANCOUVER ISLAND,LANGFORD PKY & PHIPPS RD,LANGFORD PKY,LANGFORD PKY,15:00-17:59,1,1
N,CASUALTY CRASH,PITT RIVER BRIDGE,N,2025,WEDNESDAY,REAR END,N,Y,49.24658,-122.726284,N,MAY,N,PITT MEADOWS,PITT MEADOWS,PITT MEADOWS,N,N,N,LOWER MAINLAND,LOUGHEED HWY & PITT RIVER BRIDGE & SERVICE ROAD,LOUGHEED HWY,LOUGHEED HWY,15:00-17:59,1,1
N,CASUALTY CRASH,POIRIER ST,N,2025,WEDNESDAY,CONFLICTED,N,Y,49.251418,-122.846567,N,MAY,N,COQUITLAM,COQUITLAM,COQUITLAM,N,N,N,LOWER MAINLAND,KING ALBERT AVE & POIRIER ST,KING ALBERT AVE,KING ALBERT AVE,15:00-17:59,1,1
N,CASUALTY CRASH,PORT MANN BRIDGE,N,2025,WEDNESDAY,CONFLICTED,N,Y,49.211315,-122.808608,N,MAY,N,SURREY,SURREY,SURREY,N,N,N,LOWER MAINLAND,PORT MANN BRIDGE & PORT MANN EAST SERVICE RD & TRANS-CANADA HWY,HWY 1,HWY 1,15:00-17:59,1,1
N,CASUALTY CRASH,PRENTIS AVE,N,2025,WEDNESDAY,CONFLICTED,N,Y,49.144481999999996,-122.292381,N,MAY,N,MISSION,MISSION,MISSION,N,N,N,LOWER MAINLAND,11TH AVE & PRENTIS AVE & STAVE LAKE ST,STAVE LAKE ST,STAVE LAKE ST,15:00-17:59,1,4
N,CASUALTY CRASH,QUADRA ST,N,2025,WEDNESDAY,REAR END,N,Y,48.439434,-123.35918,N,MAY,N,VICTORIA,VICTORIA,VICTORIA,N,N,N,VANCOUVER ISLAND,HILLSIDE AVE & QUADRA ST,HILLSIDE AVE,HILLSIDE AVE,15:00-17:59,1,1
N,CASUALTY CRASH,RICHARDS ST,N,2025,WEDNESDAY,SIDE IMPACT,N,Y,49.279049,-123.119478,N,MAY,N,VANCOUVER,VANCOUVER,VANCOUVER,N,N,N,LOWER MAINLAND,RICHARDS ST & SMITHE ST,SMITHE ST,SMITHE ST,15:00-17:59,1,2
N,CASUALTY CRASH,ROCHESTER AVE,N,2025,WEDNESDAY,CONFLICTED,N,Y,49.245328,-122.862207,N,MAY,N,COQUITLAM,COQUITLAM,COQUITLAM,N,N,N,LOWER MAINLAND,MARMONT ST & ROCHESTER AVE,MARMONT ST,MARMONT ST,15:00-17:59,1,1
N,CASUALTY CRASH,SAANICH RD,N,2025,WEDNESDAY,REAR END,N,Y,48.454201,-123.374304,N,MAY,N,SAANICH,SAANICH,SAANICH,N,N,N,VANCOUVER ISLAND,OAK ST & SAANICH RD & UPTOWN BLVD & TURNING LANE,OAK ST,OAK ST,15:00-17:59,1,1
N,CASUALTY CRASH,SEVENTH ST,N,2025,WEDNESDAY,SIDE IMPACT,N,Y,48.648931,-123.40372,N,MAY,N,SIDNEY,SIDNEY,SIDNEY,N,N,N,VANCOUVER ISLAND,BEACON AVE & SEVENTH ST,BEACON AVE,BEACON AVE,15:00-17:59,1,4
N,CASUALTY CRASH,SEYMOUR ST,N,2025,WEDNESDAY,SIDE IMPACT,N,Y,50.674955,-120.334397,N,MAY,N,KAMLOOPS,KAMLOOPS,KAMLOOPS,N,N,N,SOUTHERN INTERIOR,3RD AVE & SEYMOUR ST,3RD AVE,3RD AVE,15:00-17:59,1,1
N,CASUALTY CRASH,SHELL RD,N,2025,WEDNESDAY,REAR END,N,Y,49.170124,-123.102967,N,MAY,N,RICHMOND,RICHMOND,RICHMOND,N,N,N,LOWER MAINLAND,SHELL RD & WESTMINSTER HWY & TURNING LANE,WESTMINSTER HWY,WESTMINSTER HWY,15:00-17:59,1,1
N,CASUALTY CRASH,SHELL RD,N,2025,WEDNESDAY,REAR END,N,Y,49.181883,-123.103261,N,MAY,N,RICHMOND,RICHMOND,RICHMOND,N,N,N,LOWER MAINLAND,HWY 99 & SHELL RD & SHELL RD OFFRAMP & SHELL RD ONRAMP & TURNING LANE,HWY 99,HWY 99,15:00-17:59,1,2
N,CASUALTY CRASH,SHOPPERS ROW,N,2025,WEDNESDAY,SIDE IMPACT,N,Y,50.025159,-125.241794,N,MAY,N,CAMPBELL RIVER,CAMPBELL RIVER,CAMPBELL RIVER,N,N,N,VANCOUVER ISLAND,ISLAND HWY & SHOPPERS ROW & ST ANNS RD,ST ANNS RD,ST ANNS RD,15:00-17:59,1,1
N,CASUALTY CRASH,SHUSWAP RD,N,2025,WEDNESDAY,REAR END,N,N,\N,\N,N,MAY,N,KAMLOOPS,KAMLOOPS,\N,N,N,N,SOUTHERN INTERIOR,UNKNOWN,HWY 5,HWY 5,15:00-17:59,1,1
N,CASUALTY CRASH,SOOKE RD,N,2025,WEDNESDAY,REAR END,N,Y,48.396201,-123.624916,N,MAY,N,SOOKE,SOOKE,SOOKE,N,N,N,VANCOUVER ISLAND,CONNIE RD & GILLESPIE LOOP RD & GILLESPIE RD & SOOKE RD & TURNING LANE,GILLESPIE RD,GILLESPIE RD,15:00-17:59,1,1
N,CASUALTY CRASH,SOUTH FRASER WAY,N,2025,WEDNESDAY,REAR END,N,Y,49.040074,-122.27126,N,MAY,N,ABBOTSFORD,ABBOTSFORD,ABBOTSFORD,N,N,N,LOWER MAINLAND,SOUTH FRASER WAY & SUMAS WAY & MALL ACCESS & TURNING LANE,SUMAS WAY,SUMAS WAY,15:00-17:59,1,1
N,CASUALTY CRASH,SOUTHDALE RD,N,2025,WEDNESDAY,REAR END,N,Y,49.133466,-123.119142,N,MAY,N,RICHMOND,RICHMOND,RICHMOND,N,N,N,LOWER MAINLAND,SOUTHDALE RD & STEVESTON HWY,STEVESTON HWY,STEVESTON HWY,15:00-17:59,1,1
N,CASUALTY CRASH,SPRUCE ST,N,2025,WEDNESDAY,CONFLICTED,N,Y,49.260608,-123.1291,N,MAY,N,VANCOUVER,VANCOUVER,VANCOUVER,N,N,N,LOWER MAINLAND,SPRUCE ST & W 12TH AVE,W 12TH AVE,W 12TH AVE,15:00-17:59,1,1
N,CASUALTY CRASH,SPRUCE ST,N,2025,WEDNESDAY,SIDE IMPACT,N,Y,53.902265,-122.757891,N,MAY,N,PRINCE GEORGE,PRINCE GEORGE,PRINCE GEORGE,N,N,N,NORTH CENTRAL,SPRUCE ST & STRATHCONA AVE,STRATHCONA AVE,STRATHCONA AVE,15:00-17:59,1,2
N,CASUALTY CRASH,STATION RD,N,2025,WEDNESDAY,REAR END,N,Y,49.057649,-122.459765,N,MAY,N,ABBOTSFORD,ABBOTSFORD,ABBOTSFORD & LANGLEY,N,N,N,LOWER MAINLAND,FRASER HWY & STATION RD & TURNING LANE,FRASER HWY,FRASER HWY,15:00-17:59,1,1
N,CASUALTY CRASH,SUNSHINE COAST HWY,N,2025,WEDNESDAY,SINGLE VEHICLE,N,Y,49.425842,-123.63509,N,MAY,N,ROBERTS CREEK,ROBERTS CREEK,ROBERTS CREEK,N,N,N,LOWER MAINLAND,LARGO RD & SUNSHINE COAST HWY,LARGO RD,LARGO RD,15:00-17:59,1,1
N,CASUALTY CRASH,SUNSHINE COAST HWY,Y,2025,WEDNESDAY,SINGLE VEHICLE,N,Y,49.443313,-123.728456,N,MAY,N,SECHELT,SECHELT,SECHELT,N,N,N,LOWER MAINLAND,DAVIS BAY RD & SUNSHINE COAST HWY,DAVIS BAY RD,DAVIS BAY RD,15:00-17:59,1,1
N,CASUALTY CRASH,SUSSEX AVE,N,2025,WEDNESDAY,HEAD ON,N,Y,49.221947,-123.004999,N,MAY,N,BURNABY,BURNABY,BURNABY,N,N,N,LOWER MAINLAND,IMPERIAL ST & SUSSEX AVE,IMPERIAL ST,IMPERIAL ST,15:00-17:59,1,2
N,CASUALTY CRASH,TATTERSALL DR,N,2025,WEDNESDAY,UNDETERMINED,N,Y,48.458895,-123.350936,N,MAY,N,SAANICH,SAANICH,SAANICH,N,N,N,VANCOUVER ISLAND,BLENKINSOP RD & MAPLEWOOD RD & TATTERSALL DR,MAPLEWOOD RD,MAPLEWOOD RD,15:00-17:59,1,2
N,CASUALTY CRASH,TRANS-CANADA HWY,N,2025,WEDNESDAY,REAR END,N,Y,50.774397,-119.340562,N,MAY,N,TAPPEN,TAPPEN,TAPPEN,N,N,N,SOUTHERN INTERIOR,OLD HATCHERY RD & TRANS-CANADA HWY,OLD HATCHERY RD,OLD HATCHERY RD,15:00-17:59,1,1
N,CASUALTY CRASH,VAN HORNE WAY,N,2025,WEDNESDAY,HEAD ON,N,Y,49.194838,-123.124883,N,MAY,N,RICHMOND,RICHMOND,RICHMOND,N,N,N,LOWER MAINLAND,GREAT CANADIAN WAY & VAN HORNE WAY,GREAT CANADIAN WAY,GREAT CANADIAN WAY,15:00-17:59,1,1
N,CASUALTY CRASH,VANCOUVER ST,N,2025,WEDNESDAY,REAR END,N,Y,48.41665,-123.359294,N,MAY,N,VICTORIA,VICTORIA,VICTORIA,N,N,N,VANCOUVER ISLAND,SOUTHGATE ST & VANCOUVER ST,SOUTHGATE ST,SOUTHGATE ST,15:00-17:59,1,2
N,CASUALTY CRASH,VENTURA AVE,N,2025,WEDNESDAY,REAR END,N,Y,49.052456,-122.315028,N,MAY,N,ABBOTSFORD,ABBOTSFORD,ABBOTSFORD,N,N,N,LOWER MAINLAND,GLADWIN RD & VENTURA AVE,GLADWIN RD,GLADWIN RD,15:00-17:59,1,1
N,CASUALTY CRASH,W 21ST AVE,Y,2025,WEDNESDAY,SINGLE VEHICLE,N,Y,49.253762,-123.185165,N,MAY,N,VANCOUVER,VANCOUVER,VANCOUVER,N,N,N,LOWER MAINLAND,DUNBAR ST & W 21ST AVE,DUNBAR ST,DUNBAR ST,15:00-17:59,1,1
N,CASUALTY CRASH,W 22ND ST,N,2025,WEDNESDAY,REAR END,N,Y,49.329471,-123.072146,N,MAY,N,NORTH VANCOUVER,NORTH VANCOUVER,NORTH VANCOUVER,N,N,N,LOWER MAINLAND,LONSDALE AVE & W 22ND ST,LONSDALE AVE,LONSDALE AVE,15:00-17:59,1,3
N,CASUALTY CRASH,W 40TH AVE,Y,2025,WEDNESDAY,SINGLE VEHICLE,N,Y,49.235364,-123.139588,N,MAY,N,VANCOUVER,VANCOUVER,VANCOUVER,N,N,N,LOWER MAINLAND,GRANVILLE ST & W 40TH AVE,GRANVILLE ST,GRANVILLE ST,15:00-17:59,1,1
N,CASUALTY CRASH,W 70TH AVE,N,2025,WEDNESDAY,CONFLICTED,N,Y,49.208593,-123.13774,N,MAY,N,VANCOUVER,VANCOUVER,VANCOUVER,N,N,N,LOWER MAINLAND,CARTIER ST & W 70TH AVE,CARTIER ST,CARTIER ST,15:00-17:59,1,3
N,CASUALTY CRASH,WHALLEY BLVD,N,2025,WEDNESDAY,SIDE IMPACT,N,Y,49.191551,-122.841905,N,MAY,N,SURREY,SURREY,SURREY,N,N,N,LOWER MAINLAND,104 AVE & WHALLEY BLVD,104 AVE,104 AVE,15:00-17:59,1,1
N,CASUALTY CRASH,WILLIAMS ST,N,2025,WEDNESDAY,REAR END,N,Y,49.17333,-121.945683,N,MAY,N,CHILLIWACK,CHILLIWACK,CHILLIWACK,N,N,N,LOWER MAINLAND,WILLIAMS ST & YALE RD,YALE RD,YALE RD,15:00-17:59,1,1
N,CASUALTY CRASH,WILLINGDON AVE,N,2025,WEDNESDAY,SIDE IMPACT,N,Y,49.279199,-123.003176,N,MAY,N,BURNABY,BURNABY,BURNABY,N,N,N,LOWER MAINLAND,FRANCES ST & WILLINGDON AVE,FRANCES ST,FRANCES ST,15:00-17:59,1,1
N,CASUALTY CRASH,WILLINGDON AVE,N,2025,WEDNESDAY,SIDE SWIPE - OPPOSITE DIRECTION,N,Y,49.270168,-123.003158,N,MAY,N,BURNABY,BURNABY,BURNABY,N,N,N,LOWER MAINLAND,BRENTLAWN DR & GRAVELEY ST & WILLINGDON AVE,GRAVELEY ST,GRAVELEY ST,15:00-17:59,1,1
N,CASUALTY CRASH,WILLINGDON AVE OFFRAMP,N,2025,WEDNESDAY,REAR END,N,Y,49.257636,-123.004065,N,MAY,N,BURNABY,BURNABY,BURNABY,N,N,N,LOWER MAINLAND,GRANDVIEW HWY & GRANDVIEW HWY ONRAMP & TRANS-CANADA HWY & TRANS-CANADA HWY ONRAMP & WILLINGDON AVE & WILLINGDON AVE OFFRAMP & EMERGENCY LANE,HWY 1,HWY 1,15:00-17:59,1,1
N,CASUALTY CRASH,ZIPRICK RD,N,2025,WEDNESDAY,REAR END,N,Y,49.880472,-119.417583,N,MAY,N,KELOWNA,KELOWNA,KELOWNA,N,N,N,SOUTHERN INTERIOR,SPRINGFIELD RD & ZIPRICK RD & PARK ACCESS & TURNING LANE,SPRINGFIELD RD,SPRINGFIELD RD,15:00-17:59,1,1
N,PROPERTY DAMAGE ONLY,\N,N,2025,WEDNESDAY,CONFLICTED,N,N,\N,\N,N,MAY,N,BURNABY,BURNABY,\N,N,N,N,LOWER MAINLAND,UNKNOWN,GRANDVIEW HWY,GRANDVIEW HWY,15:00-17:59,1,0
N,PROPERTY DAMAGE ONLY,\N,N,2025,WEDNESDAY,CONFLICTED,N,N,\N,\N,N,MAY,N,CHILLIWACK,CHILLIWACK,\N,Y,N,N,LOWER MAINLAND,UNKNOWN,2ND AVE,2ND AVE,15:00-17:59,1,0
N,PROPERTY DAMAGE ONLY,\N,N,2025,WEDNESDAY,CONFLICTED,N,N,\N,\N,N,MAY,N,NORTH SAANICH,NORTH SAANICH,\N,N,N,N,VANCOUVER ISLAND,UNKNOWN,WAIN RD,WAIN RD,15:00-17:59,1,0
N,PROPERTY DAMAGE ONLY,\N,N,2025,WEDNESDAY,CONFLICTED,N,N,\N,\N,N,MAY,N,NORTH VANCOUVER,NORTH VANCOUVER,\N,N,N,N,LOWER MAINLAND,UNKNOWN,HWY 1,HWY 1,15:00-17:59,1,0
N,PROPERTY DAMAGE ONLY,\N,N,2025,WEDNESDAY,CONFLICTED,N,N,48.431651,-123.33123,Y,MAY,N,VICTORIA,VICTORIA,VICTORIA,Y,Y,N,VANCOUVER ISLAND,CORONATION AVE # 001700 TO 001799,CORONATION AVE,CORONATION AVE,15:00-17:59,1,0
N,PROPERTY DAMAGE ONLY,\N,N,2025,WEDNESDAY,CONFLICTED,N,N,48.44492,-123.335218,Y,MAY,N,VICTORIA,VICTORIA,VICTORIA,Y,Y,N,VANCOUVER ISLAND,HILLSIDE AVE # 001600 TO 001629,HILLSIDE AVE,HILLSIDE AVE,15:00-17:59,1,0
N,PROPERTY DAMAGE ONLY,\N,N,2025,WEDNESDAY,CONFLICTED,N,N,48.776175,-123.708686,Y,MAY,N,DUNCAN,DUNCAN,DUNCAN,Y,Y,N,VANCOUVER ISLAND,ALLENBY RD # 005750 TO 005769,ALLENBY RD,ALLENBY RD,15:00-17:59,1,0
N,PROPERTY DAMAGE ONLY,\N,N,2025,WEDNESDAY,CONFLICTED,N,N,49.021743,-122.265356,Y,MAY,N,ABBOTSFORD,ABBOTSFORD,ABBOTSFORD,Y,Y,N,LOWER MAINLAND,SUMAS WAY # 001000 TO 001189,SUMAS WAY,SUMAS WAY,15:00-17:59,1,0
N,PROPERTY DAMAGE ONLY,\N,N,2025,WEDNESDAY,CONFLICTED,N,N,49.035875,-122.271713,Y,MAY,N,ABBOTSFORD,ABBOTSFORD,ABBOTSFORD,Y,Y,N,LOWER MAINLAND,VEDDER WAY # 001700 TO 001999,VEDDER WAY,VEDDER WAY,15:00-17:59,1,0
N,PROPERTY DAMAGE ONLY,\N,N,2025,WEDNESDAY,CONFLICTED,N,N,49.118926,-122.655649,Y,MAY,N,LANGLEY,LANGLEY,LANGLEY,Y,Y,N,LOWER MAINLAND,64 AVE # 020351 TO 020499 odd,64 AVE,64 AVE,15:00-17:59,1,0
N,PROPERTY DAMAGE ONLY,\N,N,2025,WEDNESDAY,CONFLICTED,N,N,49.143337,-121.957745,Y,MAY,N,CHILLIWACK,CHILLIWACK,CHILLIWACK,N,Y,N,LOWER MAINLAND,LUCKAKUCK WAY # 045700 TO 045939,LUCKAKUCK WAY,LUCKAKUCK WAY,15:00-17:59,1,0
N,PROPERTY DAMAGE ONLY,\N,N,2025,WEDNESDAY,CONFLICTED,N,N,49.14982,-122.815609,Y,MAY,N,SURREY,SURREY,SURREY,Y,N,N,LOWER MAINLAND,80A AVE # 014640 TO 014699,80A AVE,80A AVE,15:00-17:59,1,0
N,PROPERTY DAMAGE ONLY,\N,N,2025,WEDNESDAY,CONFLICTED,N,N,49.154122,-122.890456,Y,MAY,N,DELTA,DELTA,DELTA,N,Y,N,LOWER MAINLAND,120 ST # 008201 TO 008399 odd,120 ST,120 ST,15:00-17:59,1,0
N,PROPERTY DAMAGE ONLY,\N,N,2025,WEDNESDAY,CONFLICTED,N,N,49.184203,-122.799505,Y,MAY,N,SURREY,SURREY,SURREY,Y,Y,N,LOWER MAINLAND,100 AVE # 015200 TO 015299,100 AVE,100 AVE,15:00-17:59,1,0
N,PROPERTY DAMAGE ONLY,\N,N,2025,WEDNESDAY,CONFLICTED,N,N,49.191089,-123.969454,Y,MAY,N,NANAIMO,NANAIMO,NANAIMO,Y,Y,N,VANCOUVER ISLAND,ISLAND HWY N # 002000 TO 002112 even,ISLAND HWY N,ISLAND HWY N,15:00-17:59,1,0
N,PROPERTY DAMAGE ONLY,\N,N,2025,WEDNESDAY,CONFLICTED,N,N,49.216589,-123.064043,Y,MAY,N,VANCOUVER,VANCOUVER,VANCOUVER,Y,Y,N,LOWER MAINLAND,BRIGADOON AVE # 002100 TO 002156,BRIGADOON AVE,BRIGADOON AVE,15:00-17:59,1,0
N,PROPERTY DAMAGE ONLY,\N,N,2025,WEDNESDAY,CONFLICTED,N,N,49.226282,-122.992886,Y,MAY,N,BURNABY,BURNABY,BURNABY,Y,Y,N,LOWER MAINLAND,KINGSWAY # 004900 TO 005049,KINGSWAY,KINGSWAY,15:00-17:59,1,0
N,PROPERTY DAMAGE ONLY,\N,N,2025,WEDNESDAY,CONFLICTED,N,N,49.246746,-122.897897,Y,MAY,N,BURNABY,BURNABY,BURNABY,N,N,N,LOWER MAINLAND,MANCHESTER DR # 009500 TO 009899,MANCHESTER DR,MANCHESTER DR,15:00-17:59,1,0
N,PROPERTY DAMAGE ONLY,\N,N,2025,WEDNESDAY,CONFLICTED,N,N,49.248982,-122.860071,Y,MAY,N,COQUITLAM,COQUITLAM,COQUITLAM,Y,Y,N,LOWER MAINLAND,AUSTIN AVE # 001100 TO 001299,AUSTIN AVE,AUSTIN AVE,15:00-17:59,1,0
N,PROPERTY DAMAGE ONLY,\N,N,2025,WEDNESDAY,CONFLICTED,N,N,49.257278,-122.746598,Y,MAY,N,PORT COQUITLAM,PORT COQUITLAM,PORT COQUITLAM,Y,Y,N,LOWER MAINLAND,OTTAWA ST # 002350 TO 002389,OTTAWA ST,OTTAWA ST,15:00-17:59,1,0
N,PROPERTY DAMAGE ONLY,\N,N,2025,WEDNESDAY,CONFLICTED,N,N,49.258119,-123.037802,Y,MAY,N,VANCOUVER,VANCOUVER,VANCOUVER,N,Y,N,LOWER MAINLAND,GRANDVIEW HWY # 003100 TO 003199,GRANDVIEW HWY,GRANDVIEW HWY,15:00-17:59,1,0
N,PROPERTY DAMAGE ONLY,\N,N,2025,WEDNESDAY,CONFLICTED,N,N,49.260114,-123.002597,Y,MAY,N,BURNABY,BURNABY,BURNABY,N,Y,N,LOWER MAINLAND,STILL CREEK AVE # 004500 TO 004599,STILL CREEK AVE,STILL CREEK AVE,15:00-17:59,1,0
N,PROPERTY DAMAGE ONLY,\N,N,2025,WEDNESDAY,CONFLICTED,N,N,50.87692,-119.46521,Y,MAY,N,SORRENTO,SORRENTO,SORRENTO,Y,Y,N,SOUTHERN INTERIOR,TRANS-CANADA HWY # 001276 TO 001303,TRANS-CANADA HWY,TRANS-CANADA HWY,15:00-17:59,1,0
N,PROPERTY DAMAGE ONLY,\N,N,2025,WEDNESDAY,CONFLICTED,Y,N,49.033502,-122.337652,Y,MAY,N,ABBOTSFORD,ABBOTSFORD,ABBOTSFORD,N,N,N,LOWER MAINLAND,CLEARBROOK RD # 001670 TO 001816,CLEARBROOK RD,CLEARBROOK RD,15:00-17:59,1,0
N,PROPERTY DAMAGE ONLY,\N,N,2025,WEDNESDAY,HEAD ON,N,N,\N,\N,N,MAY,N,NANAIMO,NANAIMO,\N,Y,Y,N,VANCOUVER ISLAND,UNKNOWN,UNKNOWN,UNKNOWN,15:00-17:59,1,0
N,PROPERTY DAMAGE ONLY,\N,N,2025,WEDNESDAY,HEAD ON,N,N,49.156886,-122.912377,Y,MAY,N,DELTA,DELTA,DELTA,N,Y,N,LOWER MAINLAND,112 ST # 008400 TO 008499,112 ST,112 ST,15:00-17:59,1,0
N,PROPERTY DAMAGE ONLY,\N,N,2025,WEDNESDAY,HEAD ON,N,N,49.177142,-122.866041,Y,MAY,N,SURREY,SURREY,SURREY,Y,Y,N,LOWER MAINLAND,96 AVE # 012800 TO 012939,96 AVE,96 AVE,15:00-17:59,1,0
N,PROPERTY DAMAGE ONLY,\N,N,2025,WEDNESDAY,HEAD ON,N,N,49.350375,-123.253107,Y,MAY,N,WEST VANCOUVER,WEST VANCOUVER,WEST VANCOUVER,Y,Y,N,LOWER MAINLAND,HEADLAND DR # 005251 TO 005399,HEADLAND DR,HEADLAND DR,15:00-17:59,1,0
N,PROPERTY DAMAGE ONLY,\N,N,2025,WEDNESDAY,HEAD ON,N,N,49.887628,-119.426692,Y,MAY,N,KELOWNA,KELOWNA,KELOWNA,Y,Y,N,SOUTHERN INTERIOR,BANKS RD # 001550 TO 001569,BANKS RD,BANKS RD,15:00-17:59,1,0
N,PROPERTY DAMAGE ONLY,\N,N,2025,WEDNESDAY,REAR END,N,N,\N,\N,N,MAY,N,ABBOTSFORD,ABBOTSFORD,\N,N,N,N,LOWER MAINLAND,UNKNOWN,HWY 1,HWY 1,15:00-17:59,1,0
N,PROPERTY DAMAGE ONLY,\N,N,2025,WEDNESDAY,REAR END,N,N,\N,\N,N,MAY,N,ALEXIS CREEK,ALEXIS CREEK,\N,Y,Y,N,NORTH CENTRAL,UNKNOWN,UNKNOWN,UNKNOWN,15:00-17:59,1,0
N,PROPERTY DAMAGE ONLY,\N,N,2025,WEDNESDAY,REAR END,N,N,\N,\N,N,MAY,N,BURNABY,BURNABY,\N,N,N,N,LOWER MAINLAND,UNKNOWN,HIGHWAY 1,HIGHWAY 1,15:00-17:59,1,0
N,PROPERTY DAMAGE ONLY,\N,N,2025,WEDNESDAY,REAR END,N,N,\N,\N,N,MAY,N,BURNABY,BURNABY,\N,N,N,N,LOWER MAINLAND,UNKNOWN,MARINE WAY,MARINE WAY,15:00-17:59,1,0
N,PROPERTY DAMAGE ONLY,\N,N,2025,WEDNESDAY,REAR END,N,N,\N,\N,N,MAY,N,COQUITLAM,COQUITLAM,\N,N,N,N,LOWER MAINLAND,UNKNOWN,COAST MERIDIAN RD,COAST MERIDIAN RD,15:00-17:59,1,0
N,PROPERTY DAMAGE ONLY,\N,N,2025,WEDNESDAY,REAR END,N,N,\N,\N,N,MAY,N,DELTA,DELTA,\N,N,N,N,LOWER MAINLAND,UNKNOWN,HWY 91,HWY 91,15:00-17:59,1,0
N,PROPERTY DAMAGE ONLY,\N,N,2025,WEDNESDAY,REAR END,N,N,\N,\N,N,MAY,N,KAMLOOPS,KAMLOOPS,\N,N,N,N,SOUTHERN INTERIOR,UNKNOWN,8TH ST,8TH ST,15:00-17:59,1,0
N,PROPERTY DAMAGE ONLY,\N,N,2025,WEDNESDAY,REAR END,N,N,\N,\N,N,MAY,N,NEW WESTMINSTER,NEW WESTMINSTER,\N,N,N,N,LOWER MAINLAND,UNKNOWN,UNKNOWN,UNKNOWN,15:00-17:59,1,0
N,PROPERTY DAMAGE ONLY,\N,N,2025,WEDNESDAY,REAR END,N,N,\N,\N,N,MAY,N,POWELL RIVER,POWELL RIVER,\N,Y,Y,N,VANCOUVER ISLAND,UNKNOWN,ALBERNI STREET,ALBERNI STREET,15:00-17:59,1,0
N,PROPERTY DAMAGE ONLY,\N,N,2025,WEDNESDAY,REAR END,N,N,\N,\N,N,MAY,N,QUESNEL,QUESNEL,\N,Y,N,N,NORTH CENTRAL,UNKNOWN,RED BLUFF RD,RED BLUFF RD,15:00-17:59,1,0
N,PROPERTY DAMAGE ONLY,\N,N,2025,WEDNESDAY,REAR END,N,N,\N,\N,N,MAY,N,VANCOUVER,VANCOUVER,\N,N,N,N,LOWER MAINLAND,UNKNOWN,W KING EDWARD AVE,W KING EDWARD AVE,15:00-17:59,1,0
N,PROPERTY DAMAGE ONLY,\N,N,2025,WEDNESDAY,REAR END,N,N,\N,\N,N,MAY,N,VANCOUVER,VANCOUVER,\N,Y,N,N,LOWER MAINLAND,UNKNOWN,E 20,E 20,15:00-17:59,1,0
N,PROPERTY DAMAGE ONLY,\N,N,2025,WEDNESDAY,REAR END,N,N,\N,\N,N,MAY,N,VANCOUVER,VANCOUVER,\N,Y,Y,N,LOWER MAINLAND,UNKNOWN,AVISON WAY,AVISON WAY,15:00-17:59,1,0
N,PROPERTY DAMAGE ONLY,\N,N,2025,WEDNESDAY,REAR END,N,N,\N,\N,N,MAY,N,WEST KELOWNA,WEST KELOWNA,\N,N,N,N,SOUTHERN INTERIOR,UNKNOWN,HWY 97,HWY 97,15:00-17:59,1,0
N,PROPERTY DAMAGE ONLY,\N,N,2025,WEDNESDAY,REAR END,N,N,\N,\N,N,MAY,Y,RICHMOND,RICHMOND,\N,N,N,N,LOWER MAINLAND,UNKNOWN,HWY 91,HWY 91,15:00-17:59,1,0
N,PROPERTY DAMAGE ONLY,\N,N,2025,WEDNESDAY,REAR END,N,N,49.029649,-122.265439,Y,MAY,N,ABBOTSFORD,ABBOTSFORD,ABBOTSFORD,N,N,N,LOWER MAINLAND,SUMAS WAY # 001451 TO 001549,HWY 11,HWY 11,15:00-17:59,1,0
N,PROPERTY DAMAGE ONLY,\N,N,2025,WEDNESDAY,REAR END,N,N,49.065639,-122.379076,Y,MAY,N,ABBOTSFORD,ABBOTSFORD,ABBOTSFORD,N,Y,N,LOWER MAINLAND,BLUERIDGE DR # 030401 TO 030549 odd,BLUERIDGE DR,BLUERIDGE DR,15:00-17:59,1,0
N,PROPERTY DAMAGE ONLY,\N,N,2025,WEDNESDAY,REAR END,N,N,49.097391,-117.708672,Y,MAY,N,TRAIL,TRAIL,TRAIL,N,Y,N,SOUTHERN INTERIOR,DEWDNEY AVE # 001100 TO 001199,DEWDNEY AVE,DEWDNEY AVE,15:00-17:59,1,0
N,PROPERTY DAMAGE ONLY,\N,N,2025,WEDNESDAY,REAR END,N,N,49.162652,-122.64202,Y,MAY,N,LANGLEY,LANGLEY,LANGLEY,Y,Y,N,LOWER MAINLAND,88 AVE # 020877 TO 020999 odd,88 AVE,88 AVE,15:00-17:59,1,0
N,PROPERTY DAMAGE ONLY,\N,N,2025,WEDNESDAY,REAR END,N,N,49.165613,-123.136632,Y,MAY,N,RICHMOND,RICHMOND,RICHMOND,Y,Y,N,LOWER MAINLAND,NO 3 RD # 006401 TO 006799 odd,NO 3 RD,NO 3 RD,15:00-17:59,1,0
N,PROPERTY DAMAGE ONLY,\N,N,2025,WEDNESDAY,REAR END,N,N,49.183841,-121.789798,Y,MAY,N,CHILLIWACK,CHILLIWACK,CHILLIWACK,N,N,N,LOWER MAINLAND,YALE RD # 051632 TO 052199,YALE RD,YALE RD,15:00-17:59,1,0
N,PROPERTY DAMAGE ONLY,\N,N,2025,WEDNESDAY,REAR END,N,N,49.219078,-123.118654,Y,MAY,N,VANCOUVER,VANCOUVER,VANCOUVER,Y,Y,N,LOWER MAINLAND,W 57TH AVE # 000500 TO 000699,W 57TH AVE,W 57TH AVE,15:00-17:59,1,0
N,PROPERTY DAMAGE ONLY,\N,N,2025,WEDNESDAY,REAR END,N,N,49.21996,-122.647861,Y,MAY,N,MAPLE RIDGE,MAPLE RIDGE,MAPLE RIDGE,N,N,N,LOWER MAINLAND,207 ST # 011940 TO 011999,207 ST,207 ST,15:00-17:59,1,0
N,PROPERTY DAMAGE ONLY,\N,N,2025,WEDNESDAY,REAR END,N,N,49.227913,-123.009298,Y,MAY,N,BURNABY,BURNABY,BURNABY,N,N,N,LOWER MAINLAND,BERESFORD ST # 004200 TO 004360 even,BERESFORD ST,BERESFORD ST,15:00-17:59,1,0
N,PROPERTY DAMAGE ONLY,\N,N,2025,WEDNESDAY,REAR END,N,N,49.239473,-122.963208,Y,MAY,N,BURNABY,BURNABY,BURNABY,N,N,N,LOWER MAINLAND,CANADA WAY # 005001 TO 005199,CANADA WAY,CANADA WAY,15:00-17:59,2,0
N,PROPERTY DAMAGE ONLY,\N,N,2025,WEDNESDAY,REAR END,N,N,49.241367,-123.126065,Y,MAY,N,VANCOUVER,VANCOUVER,VANCOUVER,N,Y,N,LOWER MAINLAND,W 33RD AVE # 000900 TO 000973,W 33RD AVE,W 33RD AVE,15:00-17:59,1,0
N,PROPERTY DAMAGE ONLY,\N,N,2025,WEDNESDAY,REAR END,N,N,49.253329,-123.068023,Y,MAY,N,VANCOUVER,VANCOUVER,VANCOUVER,Y,N,N,LOWER MAINLAND,COMMERCIAL ST # 003400 TO 003599,COMMERCIAL ST,COMMERCIAL ST,15:00-17:59,1,0
N,PROPERTY DAMAGE ONLY,\N,N,2025,WEDNESDAY,REAR END,N,N,49.257683,-123.096433,Y,MAY,N,VANCOUVER,VANCOUVER,VANCOUVER,Y,Y,N,LOWER MAINLAND,PRINCE EDWARD ST # 003046 TO 003099,PRINCE EDWARD ST,PRINCE EDWARD ST,15:00-17:59,1,0
N,PROPERTY DAMAGE ONLY,\N,N,2025,WEDNESDAY,REAR END,N,N,49.262899,-123.141057,Y,MAY,N,VANCOUVER,VANCOUVER,VANCOUVER,N,N,N,LOWER MAINLAND,FIR ST # 002552 TO 002599,FIR ST,FIR ST,15:00-17:59,1,0
N,PROPERTY DAMAGE ONLY,\N,N,2025,WEDNESDAY,REAR END,N,N,49.264649,-122.767168,Y,MAY,N,PORT COQUITLAM,PORT COQUITLAM,PORT COQUITLAM,N,Y,N,LOWER MAINLAND,OXFORD ST # 002801 TO 002899,OXFORD ST,OXFORD ST,15:00-17:59,1,0
N,PROPERTY DAMAGE ONLY,\N,N,2025,WEDNESDAY,REAR END,N,N,49.27481,-122.751617,Y,MAY,N,PORT COQUITLAM,PORT COQUITLAM,PORT COQUITLAM,N,Y,N,LOWER MAINLAND,LAURIER AVE # 001370 TO 001413,LAURIER AVE,LAURIER AVE,15:00-17:59,1,0
N,PROPERTY DAMAGE ONLY,\N,N,2025,WEDNESDAY,REAR END,N,N,49.27734,-123.070472,Y,MAY,N,VANCOUVER,VANCOUVER,VANCOUVER,Y,N,N,LOWER MAINLAND,COMMERCIAL DR # 000800 TO 000851,COMMERCIAL DR,COMMERCIAL DR,15:00-17:59,1,0
N,PROPERTY DAMAGE ONLY,\N,N,2025,WEDNESDAY,REAR END,N,N,49.321818,-124.337827,Y,MAY,N,PARKSVILLE,PARKSVILLE,PARKSVILLE,N,N,N,VANCOUVER ISLAND,PYM ST N # 000130 TO 000149,PYM ST N,PYM ST N,15:00-17:59,1,0
N,PROPERTY DAMAGE ONLY,\N,N,2025,WEDNESDAY,REAR END,N,N,49.440306,-123.712443,Y,MAY,N,SECHELT,SECHELT,SECHELT,N,Y,N,LOWER MAINLAND,SUNSHINE COAST HWY # 004340 TO 004427,SUNSHINE COAST HWY,SUNSHINE COAST HWY,15:00-17:59,1,0
N,PROPERTY DAMAGE ONLY,\N,N,2025,WEDNESDAY,REAR END,N,N,49.473728,-123.74778,Y,MAY,N,SECHELT,SECHELT,SECHELT,N,Y,N,LOWER MAINLAND,SUNSHINE COAST HWY # 005490 TO 005540 even,SUNSHINE COAST HWY,SUNSHINE COAST HWY,15:00-17:59,1,0
N,PROPERTY DAMAGE ONLY,\N,N,2025,WEDNESDAY,REAR END,N,N,49.829574,-119.629596,Y,MAY,N,WEST KELOWNA,WEST KELOWNA,WEST KELOWNA,N,Y,N,SOUTHERN INTERIOR,MAIN ST # 002450 TO 002499,MAIN ST,MAIN ST,15:00-17:59,1,0
N,PROPERTY DAMAGE ONLY,\N,N,2025,WEDNESDAY,REAR END,N,N,49.881443,-119.430464,Y,MAY,N,KELOWNA,KELOWNA,KELOWNA,N,Y,N,SOUTHERN INTERIOR,BARON RD # 002000 TO 002298,BARON RD,BARON RD,15:00-17:59,1,0
N,PROPERTY DAMAGE ONLY,\N,N,2025,WEDNESDAY,REAR END,N,N,49.899341,-119.412629,Y,MAY,N,KELOWNA,KELOWNA,KELOWNA,Y,N,N,SOUTHERN INTERIOR,MCCURDY PL # 000855 TO 000899,MCCURDY PL,MCCURDY PL,15:00-17:59,1,0
N,PROPERTY DAMAGE ONLY,\N,N,2025,WEDNESDAY,REAR END,N,N,50.655345,-120.388074,Y,MAY,N,KAMLOOPS,KAMLOOPS,KAMLOOPS,Y,Y,N,SOUTHERN INTERIOR,VERSATILE DR # 001600 TO 001699,VERSATILE DR,VERSATILE DR,15:00-17:59,1,0
N,PROPERTY DAMAGE ONLY,\N,N,2025,WEDNESDAY,REAR END,N,N,50.665334,-120.350116,Y,MAY,N,KAMLOOPS,KAMLOOPS,KAMLOOPS,Y,Y,N,SOUTHERN INTERIOR,SUMMIT DR # 001210 TO 001378 even,SUMMIT DR,SUMMIT DR,15:00-17:59,1,0
N,PROPERTY DAMAGE ONLY,\N,N,2025,WEDNESDAY,REAR END,N,N,50.70568,-120.377708,Y,MAY,N,KAMLOOPS,KAMLOOPS,KAMLOOPS,Y,N,N,SOUTHERN INTERIOR,LETHBRIDGE AVE # 001380 TO 001449,LETHBRIDGE AVE,LETHBRIDGE AVE,15:00-17:59,1,0
N,PROPERTY DAMAGE ONLY,\N,N,2025,WEDNESDAY,REAR END,Y,N,49.282544,-122.826691,Y,MAY,N,PORT MOODY,PORT MOODY,PORT MOODY,N,N,N,LOWER MAINLAND,NEWPORT DR # 000200 TO 000267,NEWPORT DR,NEWPORT DR,15:00-17:59,1,0
N,PROPERTY DAMAGE ONLY,\N,N,2025,WEDNESDAY,REAR TO REAR,N,N,\N,\N,N,MAY,N,BURNABY,BURNABY,\N,Y,Y,N,LOWER MAINLAND,UNKNOWN,BURNABY,BURNABY,15:00-17:59,1,0
N,PROPERTY DAMAGE ONLY,\N,N,2025,WEDNESDAY,REAR TO REAR,N,N,\N,\N,N,MAY,N,HORNBY ISLAND,HORNBY ISLAND,\N,Y,Y,N,VANCOUVER ISLAND,UNKNOWN,FOWLER,FOWLER,15:00-17:59,1,0
N,PROPERTY DAMAGE ONLY,\N,N,2025,WEDNESDAY,REAR TO REAR,N,N,\N,\N,N,MAY,N,RICHMOND,RICHMOND,\N,N,Y,N,LOWER MAINLAND,UNKNOWN,VIKING WY V6V 1N6,VIKING WY V6V 1N6,15:00-17:59,1,0
N,PROPERTY DAMAGE ONLY,\N,N,2025,WEDNESDAY,REAR TO REAR,N,N,\N,\N,N,MAY,N,VANCOUVER,VANCOUVER,\N,Y,N,N,LOWER MAINLAND,UNKNOWN,E 43RD AVE,E 43RD AVE,15:00-17:59,1,0
N,PROPERTY DAMAGE ONLY,\N,N,2025,WEDNESDAY,REAR TO REAR,N,N,\N,\N,N,MAY,N,VICTORIA,VICTORIA,\N,Y,Y,N,VANCOUVER ISLAND,UNKNOWN,RODERICK ST,RODERICK ST,15:00-17:59,1,0
N,PROPERTY DAMAGE ONLY,\N,N,2025,WEDNESDAY,REAR TO REAR,N,N,48.378428,-123.722102,Y,MAY,N,SOOKE,SOOKE,SOOKE,Y,Y,N,VANCOUVER ISLAND,SOOKE RD # 006646 TO 006678,SOOKE RD,SOOKE RD,15:00-17:59,1,0
N,PROPERTY DAMAGE ONLY,\N,N,2025,WEDNESDAY,REAR TO REAR,N,N,48.432116,-123.380665,Y,MAY,N,VICTORIA,VICTORIA,VICTORIA,N,Y,N,VANCOUVER ISLAND,WILSON ST # 000100 TO 000189,WILSON ST,WILSON ST,15:00-17:59,1,0
N,PROPERTY DAMAGE ONLY,\N,N,2025,WEDNESDAY,REAR TO REAR,N,N,48.860737,-123.510657,Y,MAY,N,SALT SPRING ISLAND,SALT SPRING ISLAND,SALT SPRING ISLAND,N,Y,N,VANCOUVER ISLAND,LOWER GANGES RD # 000350 TO 000399,LOWER GANGES RD,LOWER GANGES RD,15:00-17:59,1,0
N,PROPERTY DAMAGE ONLY,\N,N,2025,WEDNESDAY,REAR TO REAR,N,N,49.046835,-122.33708,Y,MAY,N,ABBOTSFORD,ABBOTSFORD,ABBOTSFORD,N,Y,N,LOWER MAINLAND,CLEARBROOK RD # 002450 TO 002479,CLEARBROOK RD,CLEARBROOK RD,15:00-17:59,1,0
N,PROPERTY DAMAGE ONLY,\N,N,2025,WEDNESDAY,REAR TO REAR,N,N,49.058123,-122.271868,Y,MAY,N,ABBOTSFORD,ABBOTSFORD,ABBOTSFORD,Y,Y,N,LOWER MAINLAND,IMMEL ST # 002992 TO 003199,IMMEL ST,IMMEL ST,15:00-17:59,1,0
N,PROPERTY DAMAGE ONLY,\N,N,2025,WEDNESDAY,REAR TO REAR,N,N,49.122602,-122.661894,Y,MAY,N,LANGLEY,LANGLEY,LANGLEY,N,Y,N,LOWER MAINLAND,66 AVE # 020170 TO 020299,66 AVE,66 AVE,15:00-17:59,1,0
N,PROPERTY DAMAGE ONLY,\N,N,2025,WEDNESDAY,REAR TO REAR,N,N,49.156825,-122.787213,Y,MAY,N,SURREY,SURREY,SURREY,Y,Y,N,LOWER MAINLAND,84A AVE # 015670 TO 015699,84A AVE,84A AVE,15:00-17:59,1,0
N,PROPERTY DAMAGE ONLY,\N,N,2025,WEDNESDAY,REAR TO REAR,N,N,49.174658,-123.136677,Y,MAY,N,RICHMOND,RICHMOND,RICHMOND,N,Y,N,LOWER MAINLAND,NO 3 RD # 005300 TO 005498 even,NO 3 RD,NO 3 RD,15:00-17:59,1,0
N,PROPERTY DAMAGE ONLY,\N,N,2025,WEDNESDAY,REAR TO REAR,N,N,49.260219,-123.102462,Y,MAY,N,VANCOUVER,VANCOUVER,VANCOUVER,N,Y,N,LOWER MAINLAND,E 12TH AVE # 000100 TO 000163,E 12TH AVE,E 12TH AVE,15:00-17:59,1,0
N,PROPERTY DAMAGE ONLY,\N,N,2025,WEDNESDAY,REAR TO REAR,N,N,49.266102,-124.781918,Y,MAY,N,PORT ALBERNI,PORT ALBERNI,PORT ALBERNI,Y,Y,N,VANCOUVER ISLAND,JOHNSTON RD # 003300 TO 003399,JOHNSTON RD,JOHNSTON RD,15:00-17:59,1,0
N,PROPERTY DAMAGE ONLY,\N,N,2025,WEDNESDAY,REAR TO REAR,N,N,49.348784,-123.06842,Y,MAY,N,NORTH VANCOUVER,NORTH VANCOUVER,NORTH VANCOUVER,N,Y,N,LOWER MAINLAND,ST GEORGES AVE # 004252 TO 004444,ST GEORGES AVE,ST GEORGES AVE,15:00-17:59,1,0
N,PROPERTY DAMAGE ONLY,\N,N,2025,WEDNESDAY,REAR TO REAR,N,N,49.47965,-119.584456,Y,MAY,N,PENTICTON,PENTICTON,PENTICTON,N,Y,N,SOUTHERN INTERIOR,MAIN ST # 001600 TO 001799,MAIN ST,MAIN ST,15:00-17:59,1,0
N,PROPERTY DAMAGE ONLY,\N,N,2025,WEDNESDAY,REAR TO REAR,N,N,49.716808,-123.149507,Y,MAY,N,SQUAMISH,SQUAMISH,SQUAMISH,Y,Y,N,LOWER MAINLAND,PROGRESS WAY # 038910 TO 038999,PROGRESS WAY,PROGRESS WAY,15:00-17:59,1,0
N,PROPERTY DAMAGE ONLY,\N,N,2025,WEDNESDAY,REAR TO REAR,N,N,49.7293,-114.891212,Y,MAY,N,SPARWOOD,SPARWOOD,SPARWOOD,Y,N,N,SOUTHERN INTERIOR,MOUNTAIN ASH CRES # 000400 TO 000436,MOUNTAIN ASH CRES,MOUNTAIN ASH CRES,15:00-17:59,1,0
N,PROPERTY DAMAGE ONLY,\N,N,2025,WEDNESDAY,REAR TO REAR,N,N,50.712674,-120.334294,Y,MAY,N,KAMLOOPS IR NO 1,KAMLOOPS IR NO 1,KAMLOOPS IR NO 1,Y,Y,N,SOUTHERN INTERIOR,NUNAVUT WAY # 000400 TO 000480,NUNAVUT WAY,NUNAVUT WAY,15:00-17:59,1,0
N,PROPERTY DAMAGE ONLY,\N,N,2025,WEDNESDAY,REAR TO REAR,N,N,53.888803,-122.769069,Y,MAY,Y,PRINCE GEORGE,PRINCE GEORGE,PRINCE GEORGE,Y,Y,N,NORTH CENTRAL,FERRY AVE # 002121 TO 002299 odd,FERRY AVE,FERRY AVE,15:00-17:59,1,0
N,PROPERTY DAMAGE ONLY,\N,N,2025,WEDNESDAY,SIDE IMPACT,N,N,\N,\N,N,MAY,N,BURNABY,BURNABY,\N,Y,Y,N,LOWER MAINLAND,UNKNOWN,STILL CREEK DRIVE,STILL CREEK DRIVE,15:00-17:59,1,0
N,PROPERTY DAMAGE ONLY,\N,N,2025,WEDNESDAY,SIDE IMPACT,N,N,\N,\N,N,MAY,N,LANGLEY,LANGLEY,\N,Y,N,N,LOWER MAINLAND,UNKNOWN,49A AVE,49A AVE,15:00-17:59,1,0
N,PROPERTY DAMAGE ONLY,\N,N,2025,WEDNESDAY,SIDE IMPACT,N,N,\N,\N,N,MAY,N,RICHMOND,RICHMOND,\N,N,N,N,LOWER MAINLAND,UNKNOWN,RIVER ROAD,RIVER ROAD,15:00-17:59,1,0
N,PROPERTY DAMAGE ONLY,\N,N,2025,WEDNESDAY,SIDE IMPACT,N,N,\N,\N,N,MAY,N,VANCOUVER,VANCOUVER,\N,Y,N,N,LOWER MAINLAND,UNKNOWN,51 AVE EAST,51 AVE EAST,15:00-17:59,1,0
N,PROPERTY DAMAGE ONLY,\N,N,2025,WEDNESDAY,SIDE IMPACT,N,N,\N,\N,N,MAY,N,VANCOUVER,VANCOUVER,\N,Y,Y,N,LOWER MAINLAND,UNKNOWN,RICHARDS STREET,RICHARDS STREET,15:00-17:59,1,0
N,PROPERTY DAMAGE ONLY,\N,N,2025,WEDNESDAY,SIDE IMPACT,N,N,48.432631,-123.312638,Y,MAY,N,OAK BAY,OAK BAY,OAK BAY,Y,N,N,VANCOUVER ISLAND,HAMPSHIRE RD # 001800 TO 001999,HAMPSHIRE RD,HAMPSHIRE RD,15:00-17:59,1,0
N,PROPERTY DAMAGE ONLY,\N,N,2025,WEDNESDAY,SIDE IMPACT,N,N,48.44164,-123.510888,Y,MAY,N,LANGFORD,LANGFORD,LANGFORD,Y,Y,N,VANCOUVER ISLAND,JACKLIN RD # 002937 TO 002979,JACKLIN RD,JACKLIN RD,15:00-17:59,1,0
N,PROPERTY DAMAGE ONLY,\N,N,2025,WEDNESDAY,SIDE IMPACT,N,N,48.4542,-123.314588,Y,MAY,N,OAK BAY,OAK BAY,OAK BAY,N,Y,N,VANCOUVER ISLAND,HENDERSON RD # 003460 TO 003499,HENDERSON RD,HENDERSON RD,15:00-17:59,1,0
N,PROPERTY DAMAGE ONLY,\N,N,2025,WEDNESDAY,SIDE IMPACT,N,N,48.458967,-123.503043,Y,MAY,N,LANGFORD,LANGFORD,LANGFORD,N,Y,N,VANCOUVER ISLAND,MCCALLUM RD # 000790 TO 000799,MCCALLUM RD,MCCALLUM RD,15:00-17:59,1,0
N,PROPERTY DAMAGE ONLY,\N,N,2025,WEDNESDAY,SIDE IMPACT,N,N,48.461353,-123.297052,Y,MAY,N,SAANICH,SAANICH,SAANICH,N,Y,N,VANCOUVER ISLAND,CADBORO BAY RD # 003825 TO 003848,CADBORO BAY RD,CADBORO BAY RD,15:00-17:59,1,0
N,PROPERTY DAMAGE ONLY,\N,N,2025,WEDNESDAY,SIDE IMPACT,N,N,48.649592,-123.402323,Y,MAY,N,SIDNEY,SIDNEY,SIDNEY,Y,N,N,VANCOUVER ISLAND,RESTHAVEN DR # 009800 TO 009849,RESTHAVEN DR,RESTHAVEN DR,15:00-17:59,2,0
N,PROPERTY DAMAGE ONLY,\N,N,2025,WEDNESDAY,SIDE IMPACT,N,N,48.773565,-123.703103,Y,MAY,N,DUNCAN,DUNCAN,DUNCAN,Y,Y,N,VANCOUVER ISLAND,COWICHAN WAY # 000100 TO 000299,COWICHAN WAY,COWICHAN WAY,15:00-17:59,1,0
N,PROPERTY DAMAGE ONLY,\N,N,2025,WEDNESDAY,SIDE IMPACT,N,N,48.83186,-124.039753,Y,MAY,N,LAKE COWICHAN,LAKE COWICHAN,LAKE COWICHAN,Y,N,N,VANCOUVER ISLAND,CARNELL DR # 000260 TO 000399,CARNELL DR,CARNELL DR,15:00-17:59,1,0
N,PROPERTY DAMAGE ONLY,\N,N,2025,WEDNESDAY,SIDE IMPACT,N,N,48.870053,-123.652347,Y,MAY,N,CROFTON,CROFTON,CROFTON,Y,Y,N,VANCOUVER ISLAND,CECIL ST # 001744 TO 001753,CECIL ST,CECIL ST,15:00-17:59,1,0
N,PROPERTY DAMAGE ONLY,\N,N,2025,WEDNESDAY,SIDE IMPACT,N,N,49.039614,-122.220418,Y,MAY,N,ABBOTSFORD,ABBOTSFORD,ABBOTSFORD,N,N,N,LOWER MAINLAND,WHATCOM RD # 002050 TO 002068 even,WHATCOM RD,WHATCOM RD,15:00-17:59,1,0
N,PROPERTY DAMAGE ONLY,\N,N,2025,WEDNESDAY,SIDE IMPACT,N,N,49.04416,-122.779264,Y,MAY,N,SURREY,SURREY,SURREY,Y,Y,N,LOWER MAINLAND,160 ST # 002271 TO 002359 odd,160 ST,160 ST,15:00-17:59,1,0
N,PROPERTY DAMAGE ONLY,\N,N,2025,WEDNESDAY,SIDE IMPACT,N,N,49.049042,-122.339059,Y,MAY,N,ABBOTSFORD,ABBOTSFORD,ABBOTSFORD,Y,Y,N,LOWER MAINLAND,SOUTH FRASER WAY # 031900 TO 031999,SOUTH FRASER WAY,SOUTH FRASER WAY,15:00-17:59,1,0
N,PROPERTY DAMAGE ONLY,\N,N,2025,WEDNESDAY,SIDE IMPACT,N,N,49.051886,-122.335296,Y,MAY,N,ABBOTSFORD,ABBOTSFORD,ABBOTSFORD,Y,N,N,LOWER MAINLAND,OLD YALE RD # 032000 TO 032199,OLD YALE RD,OLD YALE RD,15:00-17:59,1,0
N,PROPERTY DAMAGE ONLY,\N,N,2025,WEDNESDAY,SIDE IMPACT,N,N,49.073907,-121.963477,Y,MAY,N,CULTUS LAKE,CULTUS LAKE,CULTUS LAKE,N,N,N,LOWER MAINLAND,COLUMBIA VALLEY RD # 003942 TO 003942 even,COLUMBIA VALLEY RD,COLUMBIA VALLEY RD,15:00-17:59,1,0
N,PROPERTY DAMAGE ONLY,\N,N,2025,WEDNESDAY,SIDE IMPACT,N,N,49.08474,-123.060541,Y,MAY,N,DELTA,DELTA,DELTA,Y,Y,N,LOWER MAINLAND,MOUNTAIN VIEW BLVD # 005800 TO 005898 even,MOUNTAIN VIEW BLVD,MOUNTAIN VIEW BLVD,15:00-17:59,1,0
N,PROPERTY DAMAGE ONLY,\N,N,2025,WEDNESDAY,SIDE IMPACT,N,N,49.08549,-117.621803,Y,MAY,N,TRAIL,TRAIL,TRAIL,Y,Y,N,SOUTHERN INTERIOR,MARCOLIN DR # 001600 TO 001699,MARCOLIN DR,MARCOLIN DR,15:00-17:59,1,0
N,PROPERTY DAMAGE ONLY,\N,N,2025,WEDNESDAY,SIDE IMPACT,N,N,49.095379,-117.708628,Y,MAY,N,TRAIL,TRAIL,TRAIL,N,N,N,SOUTHERN INTERIOR,CEDAR AVE # 001300 TO 001399,CEDAR AVE,CEDAR AVE,15:00-17:59,1,0
N,PROPERTY DAMAGE ONLY,\N,N,2025,WEDNESDAY,SIDE IMPACT,N,N,49.111572,-122.853873,Y,MAY,N,SURREY,SURREY,SURREY,Y,N,N,LOWER MAINLAND,133 ST # 005970 TO 005999,133 ST,133 ST,15:00-17:59,1,0
N,PROPERTY DAMAGE ONLY,\N,N,2025,WEDNESDAY,SIDE IMPACT,N,N,49.112592,-122.676755,Y,MAY,N,LANGLEY,LANGLEY,LANGLEY,Y,Y,N,LOWER MAINLAND,FRASER HWY # 019683 TO 019799 odd,FRASER HWY,FRASER HWY,15:00-17:59,1,0
N,PROPERTY DAMAGE ONLY,\N,N,2025,WEDNESDAY,SIDE IMPACT,N,N,49.116711,-122.671703,Y,MAY,N,LANGLEY,LANGLEY,LANGLEY,Y,Y,N,LOWER MAINLAND,WILLOWBROOK DR # 019800 TO 019998 even,WILLOWBROOK DR,WILLOWBROOK DR,15:00-17:59,1,0
N,PROPERTY DAMAGE ONLY,\N,N,2025,WEDNESDAY,SIDE IMPACT,N,N,49.118926,-122.655649,Y,MAY,N,LANGLEY,LANGLEY,LANGLEY,Y,Y,N,LOWER MAINLAND,64 AVE # 020351 TO 020499 odd,64 AVE,64 AVE,15:00-17:59,1,0
N,PROPERTY DAMAGE ONLY,\N,N,2025,WEDNESDAY,SIDE IMPACT,N,N,49.135567,-122.890424,Y,MAY,N,DELTA,DELTA,DELTA,Y,N,N,LOWER MAINLAND,120 ST # 007201 TO 007339 odd,120 ST,120 ST,15:00-17:59,1,0
N,PROPERTY DAMAGE ONLY,\N,N,2025,WEDNESDAY,SIDE IMPACT,N,N,49.140145,-122.845542,Y,MAY,N,SURREY,SURREY,SURREY,Y,Y,N,LOWER MAINLAND,KING GEORGE BLVD # 007544 TO 007598 even,KING GEORGE BLVD,KING GEORGE BLVD,15:00-17:59,1,0
N,PROPERTY DAMAGE ONLY,\N,N,2025,WEDNESDAY,SIDE IMPACT,N,N,49.143337,-121.957745,Y,MAY,N,CHILLIWACK,CHILLIWACK,CHILLIWACK,N,N,N,LOWER MAINLAND,LUCKAKUCK WAY # 045700 TO 045939,LUCKAKUCK WAY,LUCKAKUCK WAY,15:00-17:59,1,0
N,PROPERTY DAMAGE ONLY,\N,N,2025,WEDNESDAY,SIDE IMPACT,N,N,49.143608,-122.66814,Y,MAY,N,LANGLEY,LANGLEY,LANGLEY,N,Y,N,LOWER MAINLAND,200 ST # 007618 TO 007898 even,200 ST,200 ST,15:00-17:59,1,0
N,PROPERTY DAMAGE ONLY,\N,N,2025,WEDNESDAY,SIDE IMPACT,N,N,49.159197,-122.890253,Y,MAY,N,SURREY,SURREY,SURREY,Y,Y,N,LOWER MAINLAND,120 ST # 008564 TO 008598 even,120 ST,120 ST,15:00-17:59,1,0
N,PROPERTY DAMAGE ONLY,\N,N,2025,WEDNESDAY,SIDE IMPACT,N,N,49.167968,-121.950724,Y,MAY,N,CHILLIWACK,CHILLIWACK,CHILLIWACK,N,N,N,LOWER MAINLAND,SECOND AVE # 046024 TO 046077,SECOND AVE,SECOND AVE,15:00-17:59,1,0
N,PROPERTY DAMAGE ONLY,\N,N,2025,WEDNESDAY,SIDE IMPACT,N,N,49.169503,-123.136617,Y,MAY,N,RICHMOND,RICHMOND,RICHMOND,Y,Y,N,LOWER MAINLAND,NO 3 RD # 006001 TO 006159 odd,NO 3 RD,NO 3 RD,15:00-17:59,1,0
N,PROPERTY DAMAGE ONLY,\N,N,2025,WEDNESDAY,SIDE IMPACT,N,N,49.177331,-123.122877,Y,MAY,N,RICHMOND,RICHMOND,RICHMOND,Y,Y,N,LOWER MAINLAND,ALDERBRIDGE WAY # 009001 TO 009299 odd,ALDERBRIDGE WAY,ALDERBRIDGE WAY,15:00-17:59,1,0
N,PROPERTY DAMAGE ONLY,\N,N,2025,WEDNESDAY,SIDE IMPACT,N,N,49.178463,-123.124654,Y,MAY,N,RICHMOND,RICHMOND,RICHMOND,N,Y,N,LOWER MAINLAND,GARDEN CITY RD # 004571 TO 004799 odd,GARDEN CITY RD,GARDEN CITY RD,15:00-17:59,1,0
N,PROPERTY DAMAGE ONLY,\N,N,2025,WEDNESDAY,SIDE IMPACT,N,N,49.1813,-123.136573,Y,MAY,N,RICHMOND,RICHMOND,RICHMOND,N,Y,N,LOWER MAINLAND,NO 3 RD # 004200 TO 004678 even,NO 3 RD,NO 3 RD,15:00-17:59,1,0
N,PROPERTY DAMAGE ONLY,\N,N,2025,WEDNESDAY,SIDE IMPACT,N,N,49.185598,-123.135643,Y,MAY,N,RICHMOND,RICHMOND,RICHMOND,Y,Y,N,LOWER MAINLAND,NO 3 RD # 003700 TO 003998 even,NO 3 RD,NO 3 RD,15:00-17:59,1,0
N,PROPERTY DAMAGE ONLY,\N,N,2025,WEDNESDAY,SIDE IMPACT,N,N,49.193371,-123.082594,Y,MAY,N,RICHMOND,RICHMOND,RICHMOND,Y,Y,N,LOWER MAINLAND,SWEDEN WAY # 002500 TO 003199,SWEDEN WAY,SWEDEN WAY,15:00-17:59,1,0
N,PROPERTY DAMAGE ONLY,\N,N,2025,WEDNESDAY,SIDE IMPACT,N,N,49.194713,-123.098987,Y,MAY,N,RICHMOND,RICHMOND,RICHMOND,Y,Y,N,LOWER MAINLAND,SIMPSON RD # 002300 TO 002999,SIMPSON RD,SIMPSON RD,15:00-17:59,1,0
N,PROPERTY DAMAGE ONLY,\N,N,2025,WEDNESDAY,SIDE IMPACT,N,N,49.195874,-123.127295,Y,MAY,N,RICHMOND,RICHMOND,RICHMOND,N,Y,N,LOWER MAINLAND,RIVER RD # 008700 TO 008889,RIVER RD,RIVER RD,15:00-17:59,1,0
N,PROPERTY DAMAGE ONLY,\N,N,2025,WEDNESDAY,SIDE IMPACT,N,N,49.198738,-122.810593,Y,MAY,N,SURREY,SURREY,SURREY,Y,Y,N,LOWER MAINLAND,108 AVE # 014800 TO 014909,108 AVE,108 AVE,15:00-17:59,1,0
N,PROPERTY DAMAGE ONLY,\N,N,2025,WEDNESDAY,SIDE IMPACT,N,N,49.200221,-122.917969,Y,MAY,N,NEW WESTMINSTER,NEW WESTMINSTER,NEW WESTMINSTER,Y,Y,N,LOWER MAINLAND,COLUMBIA ST # 001000 TO 001099,COLUMBIA ST,COLUMBIA ST,15:00-17:59,1,0
N,PROPERTY DAMAGE ONLY,\N,N,2025,WEDNESDAY,SIDE IMPACT,N,N,49.20509,-124.007229,Y,MAY,N,NANAIMO,NANAIMO,NANAIMO,Y,Y,N,VANCOUVER ISLAND,ISLAND HWY N # 003222 TO 003298 even,ISLAND HWY N,ISLAND HWY N,15:00-17:59,1,0
N,PROPERTY DAMAGE ONLY,\N,N,2025,WEDNESDAY,SIDE IMPACT,N,N,49.205527,-123.970004,Y,MAY,N,NANAIMO,NANAIMO,NANAIMO,Y,Y,N,VANCOUVER ISLAND,DEPARTURE BAY RD # 002836 TO 002899,DEPARTURE BAY RD,DEPARTURE BAY RD,15:00-17:59,1,0
N,PROPERTY DAMAGE ONLY,\N,N,2025,WEDNESDAY,SIDE IMPACT,N,N,49.211504,-122.842587,Y,MAY,N,SURREY,SURREY,SURREY,Y,N,N,LOWER MAINLAND,115 AVE # 013600 TO 013799,115 AVE,115 AVE,15:00-17:59,1,0
N,PROPERTY DAMAGE ONLY,\N,N,2025,WEDNESDAY,SIDE IMPACT,N,N,49.215221,-122.589167,Y,MAY,N,MAPLE RIDGE,MAPLE RIDGE,MAPLE RIDGE,Y,Y,N,LOWER MAINLAND,LOUGHEED HWY # 022800 TO 022856,LOUGHEED HWY,LOUGHEED HWY,15:00-17:59,1,0
N,PROPERTY DAMAGE ONLY,\N,N,2025,WEDNESDAY,SIDE IMPACT,N,N,49.216589,-123.064043,Y,MAY,N,VANCOUVER,VANCOUVER,VANCOUVER,N,N,N,LOWER MAINLAND,BRIGADOON AVE # 002100 TO 002156,BRIGADOON AVE,BRIGADOON AVE,15:00-17:59,1,0
N,PROPERTY DAMAGE ONLY,\N,N,2025,WEDNESDAY,SIDE IMPACT,N,N,49.226405,-123.1759,Y,MAY,N,VANCOUVER,VANCOUVER,VANCOUVER,Y,Y,N,LOWER MAINLAND,BALACLAVA ST # 006500 TO 006699,BALACLAVA ST,BALACLAVA ST,15:00-17:59,1,0
N,PROPERTY DAMAGE ONLY,\N,N,2025,WEDNESDAY,SIDE IMPACT,N,N,49.2274,-123.092705,Y,MAY,N,VANCOUVER,VANCOUVER,VANCOUVER,Y,N,N,LOWER MAINLAND,E 47TH AVE # 000500 TO 000657,E 47TH AVE,E 47TH AVE,15:00-17:59,1,0
N,PROPERTY DAMAGE ONLY,\N,N,2025,WEDNESDAY,SIDE IMPACT,N,N,49.229897,-123.003852,Y,MAY,N,BURNABY,BURNABY,BURNABY,Y,Y,N,LOWER MAINLAND,KINGSWAY # 004500 TO 004555,KINGSWAY,KINGSWAY,15:00-17:59,1,0
N,PROPERTY DAMAGE ONLY,\N,N,2025,WEDNESDAY,SIDE IMPACT,N,N,49.230129,-124.022514,Y,MAY,N,NANAIMO,NANAIMO,NANAIMO,Y,Y,N,VANCOUVER ISLAND,GEORGIAVIEW CRES # 005320 TO 005399,GEORGIAVIEW CRES,GEORGIAVIEW CRES,15:00-17:59,1,0
N,PROPERTY DAMAGE ONLY,\N,N,2025,WEDNESDAY,SIDE IMPACT,N,N,49.234555,-123.15353,Y,MAY,N,VANCOUVER,VANCOUVER,VANCOUVER,Y,Y,N,LOWER MAINLAND,W 41ST AVE # 002000 TO 002099,W 41ST AVE,W 41ST AVE,15:00-17:59,1,0
N,PROPERTY DAMAGE ONLY,\N,N,2025,WEDNESDAY,SIDE IMPACT,N,N,49.236643,-122.775898,Y,MAY,N,PORT COQUITLAM,PORT COQUITLAM,PORT COQUITLAM,Y,N,N,LOWER MAINLAND,GATEWAY PL # 001200 TO 001299,GATEWAY PL,GATEWAY PL,15:00-17:59,1,0
N,PROPERTY DAMAGE ONLY,\N,N,2025,WEDNESDAY,SIDE IMPACT,N,N,49.240904,-123.055999,Y,MAY,N,VANCOUVER,VANCOUVER,VANCOUVER,Y,N,N,LOWER MAINLAND,KINGSWAY # 002311 TO 002506,KINGSWAY,KINGSWAY,15:00-17:59,1,0
N,PROPERTY DAMAGE ONLY,\N,N,2025,WEDNESDAY,SIDE IMPACT,N,N,49.242266,-123.069434,Y,MAY,N,VANCOUVER,VANCOUVER,VANCOUVER,Y,N,N,LOWER MAINLAND,BRUCE ST # 004648 TO 004799,BRUCE ST,BRUCE ST,15:00-17:59,1,0
N,PROPERTY DAMAGE ONLY,\N,N,2025,WEDNESDAY,SIDE IMPACT,N,N,49.251719,-122.918981,Y,MAY,N,BURNABY,BURNABY,BURNABY,Y,N,N,LOWER MAINLAND,BRIGHTON AVE # 003400 TO 003599,BRIGHTON AVE,BRIGHTON AVE,15:00-17:59,1,0
N,PROPERTY DAMAGE ONLY,\N,N,2025,WEDNESDAY,SIDE IMPACT,N,N,49.255429,-123.066096,Y,MAY,N,VANCOUVER,VANCOUVER,VANCOUVER,Y,Y,N,LOWER MAINLAND,VICTORIA DR # 003200 TO 003395,VICTORIA DR,VICTORIA DR,15:00-17:59,1,0
N,PROPERTY DAMAGE ONLY,\N,N,2025,WEDNESDAY,SIDE IMPACT,N,N,49.257422,-123.124372,Y,MAY,N,VANCOUVER,VANCOUVER,VANCOUVER,Y,Y,N,LOWER MAINLAND,LAUREL ST # 003100 TO 003199,LAUREL ST,LAUREL ST,15:00-17:59,1,0
N,PROPERTY DAMAGE ONLY,\N,N,2025,WEDNESDAY,SIDE IMPACT,N,N,49.258011,-123.236351,Y,MAY,N,UBC,UBC,UBC,N,Y,N,LOWER MAINLAND,HAMPTON PL # 005751 TO 005833 odd,HAMPTON PL,HAMPTON PL,15:00-17:59,1,0
N,PROPERTY DAMAGE ONLY,\N,N,2025,WEDNESDAY,SIDE IMPACT,N,N,49.259893,-122.956581,Y,MAY,N,BURNABY,BURNABY,BURNABY,Y,N,N,LOWER MAINLAND,BAINBRIDGE AVE # 002701 TO 002759 odd,BAINBRIDGE AVE,BAINBRIDGE AVE,15:00-17:59,1,0
N,PROPERTY DAMAGE ONLY,\N,N,2025,WEDNESDAY,SIDE IMPACT,N,N,49.259994,-123.149479,Y,MAY,N,VANCOUVER,VANCOUVER,VANCOUVER,Y,N,N,LOWER MAINLAND,W 13TH AVE # 001900 TO 001999,W 13TH AVE,W 13TH AVE,15:00-17:59,1,0
N,PROPERTY DAMAGE ONLY,\N,N,2025,WEDNESDAY,SIDE IMPACT,N,N,49.261129,-123.065929,Y,MAY,N,VANCOUVER,VANCOUVER,VANCOUVER,Y,Y,N,LOWER MAINLAND,VICTORIA DR # 002600 TO 002653,VICTORIA DR,VICTORIA DR,15:00-17:59,1,0
N,PROPERTY DAMAGE ONLY,\N,N,2025,WEDNESDAY,SIDE IMPACT,N,N,49.265448,-123.097893,Y,MAY,N,VANCOUVER,VANCOUVER,VANCOUVER,Y,N,N,LOWER MAINLAND,E 6TH AVE # 000300 TO 000359,E 6TH AVE,E 6TH AVE,15:00-17:59,1,0
N,PROPERTY DAMAGE ONLY,\N,N,2025,WEDNESDAY,SIDE IMPACT,N,N,49.266947,-123.159912,Y,MAY,N,VANCOUVER,VANCOUVER,VANCOUVER,Y,N,N,LOWER MAINLAND,BALSAM ST # 002100 TO 002199,BALSAM ST,BALSAM ST,15:00-17:59,1,0
N,PROPERTY DAMAGE ONLY,\N,N,2025,WEDNESDAY,SIDE IMPACT,N,N,49.268169,-123.156321,Y,MAY,N,VANCOUVER,VANCOUVER,VANCOUVER,Y,Y,N,LOWER MAINLAND,W 4TH AVE # 002200 TO 002299,W 4TH AVE,W 4TH AVE,15:00-17:59,1,0
N,PROPERTY DAMAGE ONLY,\N,N,2025,WEDNESDAY,SIDE IMPACT,N,N,49.268179,-123.185707,Y,MAY,N,VANCOUVER,VANCOUVER,VANCOUVER,N,Y,N,LOWER MAINLAND,ALMA ST # 002000 TO 002099,ALMA ST,ALMA ST,15:00-17:59,1,0
N,PROPERTY DAMAGE ONLY,\N,N,2025,WEDNESDAY,SIDE IMPACT,N,N,49.270262,-122.764421,Y,MAY,N,PORT COQUITLAM,PORT COQUITLAM,PORT COQUITLAM,Y,Y,N,LOWER MAINLAND,YORK ST # 003150 TO 003155,YORK ST,YORK ST,15:00-17:59,1,0
N,PROPERTY DAMAGE ONLY,\N,N,2025,WEDNESDAY,SIDE IMPACT,N,N,49.277186,-123.118203,Y,MAY,N,VANCOUVER,VANCOUVER,VANCOUVER,Y,N,N,LOWER MAINLAND,MAINLAND ST # 000900 TO 000999,MAINLAND ST,MAINLAND ST,15:00-17:59,1,0
N,PROPERTY DAMAGE ONLY,\N,N,2025,WEDNESDAY,SIDE IMPACT,N,N,49.278362,-122.970923,Y,MAY,N,BURNABY,BURNABY,BURNABY,Y,Y,N,LOWER MAINLAND,HAMMARSKJOLD DR # 000730 TO 000799,HAMMARSKJOLD DR,HAMMARSKJOLD DR,15:00-17:59,1,0
N,PROPERTY DAMAGE ONLY,\N,N,2025,WEDNESDAY,SIDE IMPACT,N,N,49.28079,-123.008668,Y,MAY,N,BURNABY,BURNABY,BURNABY,Y,Y,N,LOWER MAINLAND,MADISON AVE # 000400 TO 000451,MADISON AVE,MADISON AVE,15:00-17:59,1,0
N,PROPERTY DAMAGE ONLY,\N,N,2025,WEDNESDAY,SIDE IMPACT,N,N,49.280976,-122.92366,Y,MAY,N,BURNABY,BURNABY,BURNABY,N,Y,N,LOWER MAINLAND,UNIVERSITY DR # 008700 TO 008888 even,UNIVERSITY DR,UNIVERSITY DR,15:00-17:59,1,0
N,PROPERTY DAMAGE ONLY,\N,N,2025,WEDNESDAY,SIDE IMPACT,N,N,49.281151,-123.11434,Y,MAY,N,VANCOUVER,VANCOUVER,VANCOUVER,N,N,N,LOWER MAINLAND,HOMER ST # 000600 TO 000699,HOMER ST,HOMER ST,15:00-17:59,1,0
N,PROPERTY DAMAGE ONLY,\N,N,2025,WEDNESDAY,SIDE IMPACT,N,N,49.282544,-122.826691,Y,MAY,N,PORT MOODY,PORT MOODY,PORT MOODY,Y,Y,N,LOWER MAINLAND,NEWPORT DR # 000200 TO 000267,NEWPORT DR,NEWPORT DR,15:00-17:59,1,0
N,PROPERTY DAMAGE ONLY,\N,N,2025,WEDNESDAY,SIDE IMPACT,N,N,49.282834,-122.827994,Y,MAY,N,PORT MOODY,PORT MOODY,PORT MOODY,Y,Y,N,LOWER MAINLAND,IOCO RD # 000221 TO 000249 odd,IOCO RD,IOCO RD,15:00-17:59,1,0
N,PROPERTY DAMAGE ONLY,\N,N,2025,WEDNESDAY,SIDE IMPACT,N,N,49.296167,-117.654121,Y,MAY,N,CASTLEGAR,CASTLEGAR,CASTLEGAR,N,Y,N,SOUTHERN INTERIOR,COLUMBIA AVE # 001931 TO 001999 odd,COLUMBIA AVE,COLUMBIA AVE,15:00-17:59,1,0
N,PROPERTY DAMAGE ONLY,\N,N,2025,WEDNESDAY,SIDE IMPACT,N,N,49.310813,-123.083687,Y,MAY,N,NORTH VANCOUVER,NORTH VANCOUVER,NORTH VANCOUVER,N,N,N,LOWER MAINLAND,CHADWICK CRT # 000130 TO 000199,CHADWICK CRT,CHADWICK CRT,15:00-17:59,1,0
N,PROPERTY DAMAGE ONLY,\N,N,2025,WEDNESDAY,SIDE IMPACT,N,N,49.315707,-123.110132,Y,MAY,N,NORTH VANCOUVER,NORTH VANCOUVER,NORTH VANCOUVER,Y,Y,N,LOWER MAINLAND,MCKEEN AVE # 001200 TO 001349,MCKEEN AVE,MCKEEN AVE,15:00-17:59,1,0
N,PROPERTY DAMAGE ONLY,\N,N,2025,WEDNESDAY,SIDE IMPACT,N,N,49.322217,-123.004922,Y,MAY,N,NORTH VANCOUVER,NORTH VANCOUVER,NORTH VANCOUVER,Y,Y,N,LOWER MAINLAND,BERKLEY RD # 001600 TO 001699,BERKLEY RD,BERKLEY RD,15:00-17:59,1,0
N,PROPERTY DAMAGE ONLY,\N,N,2025,WEDNESDAY,SIDE IMPACT,N,N,49.322721,-123.091221,Y,MAY,N,NORTH VANCOUVER,NORTH VANCOUVER,NORTH VANCOUVER,N,N,N,LOWER MAINLAND,BEWICKE AVE # 001500 TO 001599,BEWICKE AVE,BEWICKE AVE,15:00-17:59,1,0
N,PROPERTY DAMAGE ONLY,\N,N,2025,WEDNESDAY,SIDE IMPACT,N,N,49.327497,-123.151409,Y,MAY,N,WEST VANCOUVER,WEST VANCOUVER,WEST VANCOUVER,Y,Y,N,LOWER MAINLAND,MARINE DR # 001274 TO 001298 even,MARINE DR,MARINE DR,15:00-17:59,1,0
N,PROPERTY DAMAGE ONLY,\N,N,2025,WEDNESDAY,SIDE IMPACT,N,N,49.3331,-123.043942,Y,MAY,N,NORTH VANCOUVER,NORTH VANCOUVER,NORTH VANCOUVER,N,N,N,LOWER MAINLAND,FROMME RD # 002500 TO 002699,FROMME RD,FROMME RD,15:00-17:59,1,0
N,PROPERTY DAMAGE ONLY,\N,N,2025,WEDNESDAY,SIDE IMPACT,N,N,49.334626,-123.042689,Y,MAY,N,NORTH VANCOUVER,NORTH VANCOUVER,NORTH VANCOUVER,N,Y,N,LOWER MAINLAND,LYNN VALLEY RD # 001101 TO 001199 odd,LYNN VALLEY RD,LYNN VALLEY RD,15:00-17:59,1,0
N,PROPERTY DAMAGE ONLY,\N,N,2025,WEDNESDAY,SIDE IMPACT,N,N,49.346012,-123.145834,Y,MAY,N,WEST VANCOUVER,WEST VANCOUVER,WEST VANCOUVER,Y,Y,N,LOWER MAINLAND,CROSS CREEK RD # 000900 TO 000950,CROSS CREEK RD,CROSS CREEK RD,15:00-17:59,1,0
N,PROPERTY DAMAGE ONLY,\N,N,2025,WEDNESDAY,SIDE IMPACT,N,N,49.34717,-123.109892,Y,MAY,N,NORTH VANCOUVER,NORTH VANCOUVER,NORTH VANCOUVER,Y,Y,N,LOWER MAINLAND,ELDON RD # 001255 TO 001288,ELDON RD,ELDON RD,15:00-17:59,1,0
N,PROPERTY DAMAGE ONLY,\N,N,2025,WEDNESDAY,SIDE IMPACT,N,N,49.375543,-123.276059,Y,MAY,N,WEST VANCOUVER,WEST VANCOUVER,WEST VANCOUVER,Y,Y,N,LOWER MAINLAND,NELSON AVE # 006660 TO 006709,NELSON AVE,NELSON AVE,15:00-17:59,1,0
N,PROPERTY DAMAGE ONLY,\N,N,2025,WEDNESDAY,SIDE IMPACT,N,N,49.472408,-123.760974,Y,MAY,N,SECHELT,SECHELT,SECHELT,N,Y,N,LOWER MAINLAND,COWRIE ST # 005723 TO 005789,COWRIE ST,COWRIE ST,15:00-17:59,1,0
N,PROPERTY DAMAGE ONLY,\N,N,2025,WEDNESDAY,SIDE IMPACT,N,N,49.473329,-119.582322,Y,MAY,N,PENTICTON,PENTICTON,PENTICTON,Y,Y,N,SOUTHERN INTERIOR,MAIN ST # 002200 TO 002298 even,MAIN ST,MAIN ST,15:00-17:59,1,0
N,PROPERTY DAMAGE ONLY,\N,N,2025,WEDNESDAY,SIDE IMPACT,N,N,49.482637,-119.577516,Y,MAY,N,PENTICTON,PENTICTON,PENTICTON,Y,N,N,SOUTHERN INTERIOR,CARMI AVE # 000580 TO 000599,CARMI AVE,CARMI AVE,15:00-17:59,1,0
N,PROPERTY DAMAGE ONLY,\N,N,2025,WEDNESDAY,SIDE IMPACT,N,N,49.491849,-123.784693,Y,MAY,N,SECHELT,SECHELT,SECHELT,Y,Y,N,LOWER MAINLAND,RIPPLE WAY # 006170 TO 006193,RIPPLE WAY,RIPPLE WAY,15:00-17:59,1,0
N,PROPERTY DAMAGE ONLY,\N,N,2025,WEDNESDAY,SIDE IMPACT,N,N,49.497924,-115.775315,Y,MAY,N,CRANBROOK,CRANBROOK,CRANBROOK,Y,N,N,SOUTHERN INTERIOR,11TH ST S # 000315 TO 000398,11TH ST S,11TH ST S,15:00-17:59,1,0
N,PROPERTY DAMAGE ONLY,\N,N,2025,WEDNESDAY,SIDE IMPACT,N,N,49.505089,-115.059535,Y,MAY,N,FERNIE,FERNIE,FERNIE,Y,Y,N,SOUTHERN INTERIOR,2ND AVE # 000700 TO 000799,2ND AVE,2ND AVE,15:00-17:59,1,0
N,PROPERTY DAMAGE ONLY,\N,N,2025,WEDNESDAY,SIDE IMPACT,N,N,49.668375,-124.977446,Y,MAY,N,COURTENAY,COURTENAY,COURTENAY,Y,N,N,VANCOUVER ISLAND,CLIFFE AVE # 003040 TO 003299,CLIFFE AVE,CLIFFE AVE,15:00-17:59,1,0
N,PROPERTY DAMAGE ONLY,\N,N,2025,WEDNESDAY,SIDE IMPACT,N,N,49.674385,-124.981688,Y,MAY,N,COURTENAY,COURTENAY,COURTENAY,Y,Y,N,VANCOUVER ISLAND,CLIFFE AVE # 002701 TO 002799 odd,CLIFFE AVE,CLIFFE AVE,15:00-17:59,1,0
N,PROPERTY DAMAGE ONLY,\N,N,2025,WEDNESDAY,SIDE IMPACT,N,N,49.707893,-125.004293,Y,MAY,N,COURTENAY,COURTENAY,COURTENAY,Y,Y,N,VANCOUVER ISLAND,HEADQUARTERS RD # 004806 TO 004869,HEADQUARTERS RD,HEADQUARTERS RD,15:00-17:59,1,0
N,PROPERTY DAMAGE ONLY,\N,N,2025,WEDNESDAY,SIDE IMPACT,N,N,49.853017,-119.48821,Y,MAY,N,KELOWNA,KELOWNA,KELOWNA,Y,Y,N,SOUTHERN INTERIOR,LAKESHORE RD # 003500 TO 003599,LAKESHORE RD,LAKESHORE RD,15:00-17:59,1,0
N,PROPERTY DAMAGE ONLY,\N,N,2025,WEDNESDAY,SIDE IMPACT,N,N,49.859347,-124.509428,Y,MAY,N,POWELL RIVER,POWELL RIVER,POWELL RIVER,N,Y,N,VANCOUVER ISLAND,YUKON AVE # 005250 TO 005309,YUKON AVE,YUKON AVE,15:00-17:59,1,0
N,PROPERTY DAMAGE ONLY,\N,N,2025,WEDNESDAY,SIDE IMPACT,N,N,49.887359000000004,-119.430448,Y,MAY,N,KELOWNA,KELOWNA,KELOWNA,Y,Y,N,SOUTHERN INTERIOR,ENTERPRISE WAY # 002500 TO 002549,ENTERPRISE WAY,ENTERPRISE WAY,15:00-17:59,1,0
N,PROPERTY DAMAGE ONLY,\N,N,2025,WEDNESDAY,SIDE IMPACT,N,N,49.894768,-119.496246,Y,MAY,N,KELOWNA,KELOWNA,KELOWNA,Y,Y,N,SOUTHERN INTERIOR,SUNSET DR # 001074 TO 001199,SUNSET DR,SUNSET DR,15:00-17:59,1,0
N,PROPERTY DAMAGE ONLY,\N,N,2025,WEDNESDAY,SIDE IMPACT,N,N,49.97855,-125.237959,Y,MAY,N,CAMPBELL RIVER,CAMPBELL RIVER,CAMPBELL RIVER,Y,N,N,VANCOUVER ISLAND,HOLLY PL # 000500 TO 000539,HOLLY PL,HOLLY PL,15:00-17:59,1,0
N,PROPERTY DAMAGE ONLY,\N,N,2025,WEDNESDAY,SIDE IMPACT,N,N,50.256972,-119.264097,Y,MAY,N,VERNON,VERNON,VERNON,Y,Y,N,SOUTHERN INTERIOR,HWY 6 # 002300 TO 002379,HWY 6,HWY 6,15:00-17:59,1,0
N,PROPERTY DAMAGE ONLY,\N,N,2025,WEDNESDAY,SIDE IMPACT,N,N,50.262984,-119.26784,Y,MAY,N,VERNON,VERNON,VERNON,N,Y,N,SOUTHERN INTERIOR,28 ST # 002800 TO 002999,28 ST,28 ST,15:00-17:59,1,0
N,PROPERTY DAMAGE ONLY,\N,N,2025,WEDNESDAY,SIDE IMPACT,N,N,50.676667,-120.335567,Y,MAY,N,KAMLOOPS,KAMLOOPS,KAMLOOPS,Y,N,N,SOUTHERN INTERIOR,LANSDOWNE ST # 000200 TO 000299,LANSDOWNE ST,LANSDOWNE ST,15:00-17:59,1,0
N,PROPERTY DAMAGE ONLY,\N,N,2025,WEDNESDAY,SIDE IMPACT,N,N,50.676975,-120.338973,Y,MAY,N,KAMLOOPS,KAMLOOPS,KAMLOOPS,Y,Y,N,SOUTHERN INTERIOR,LORNE ST # 000100 TO 000129,LORNE ST,LORNE ST,15:00-17:59,1,0
N,PROPERTY DAMAGE ONLY,\N,N,2025,WEDNESDAY,SIDE IMPACT,N,N,50.6778,-120.345465,Y,MAY,N,KAMLOOPS,KAMLOOPS,KAMLOOPS,N,N,N,SOUTHERN INTERIOR,VICTORIA ST W # 000160 TO 000388 even,VICTORIA ST W,VICTORIA ST W,15:00-17:59,1,0
N,PROPERTY DAMAGE ONLY,\N,N,2025,WEDNESDAY,SIDE IMPACT,N,N,50.713777,-120.360306,Y,MAY,N,KAMLOOPS,KAMLOOPS,KAMLOOPS,Y,N,N,SOUTHERN INTERIOR,WESTMOUNT DR # 001550 TO 001599,WESTMOUNT DR,WESTMOUNT DR,15:00-17:59,1,0
N,PROPERTY DAMAGE ONLY,\N,N,2025,WEDNESDAY,SIDE IMPACT,N,N,52.969576,-122.441194,Y,MAY,N,QUESNEL,QUESNEL,QUESNEL,Y,Y,N,NORTH CENTRAL,NEWMAN RD # 000500 TO 000699,NEWMAN RD,NEWMAN RD,15:00-17:59,1,0
N,PROPERTY DAMAGE ONLY,\N,N,2025,WEDNESDAY,SIDE IMPACT,N,N,53.863578,-122.78377,Y,MAY,N,PRINCE GEORGE,PRINCE GEORGE,PRINCE GEORGE,Y,Y,N,NORTH CENTRAL,SOUTHRIDGE AVE # 006498 TO 006599,SOUTHRIDGE AVE,SOUTHRIDGE AVE,15:00-17:59,1,0
N,PROPERTY DAMAGE ONLY,\N,N,2025,WEDNESDAY,SIDE IMPACT,N,N,53.877145,-122.782041,Y,MAY,N,PRINCE GEORGE,PRINCE GEORGE,PRINCE GEORGE,Y,N,N,NORTH CENTRAL,BAKER RD # 004100 TO 004199,BAKER RD,BAKER RD,15:00-17:59,1,0
N,PROPERTY DAMAGE ONLY,\N,N,2025,WEDNESDAY,SIDE IMPACT,N,N,53.884563,-122.772118,Y,MAY,N,PRINCE GEORGE,PRINCE GEORGE,PRINCE GEORGE,Y,Y,N,NORTH CENTRAL,RANGE RD # 002460 TO 002599,RANGE RD,RANGE RD,15:00-17:59,2,0
N,PROPERTY DAMAGE ONLY,\N,N,2025,WEDNESDAY,SIDE IMPACT,N,N,53.904676,-122.75791,Y,MAY,N,PRINCE GEORGE,PRINCE GEORGE,PRINCE GEORGE,Y,N,N,NORTH CENTRAL,SPRUCE ST # 002000 TO 002143,SPRUCE ST,SPRUCE ST,15:00-17:59,1,0
N,PROPERTY DAMAGE ONLY,\N,N,2025,WEDNESDAY,SIDE IMPACT,Y,N,49.240588,-124.055576,Y,MAY,N,NANAIMO,NANAIMO,NANAIMO,Y,Y,N,VANCOUVER ISLAND,ISLAND HWY N # 006930 TO 006968 even,ISLAND HWY N,ISLAND HWY N,15:00-17:59,1,0
N,PROPERTY DAMAGE ONLY,\N,N,2025,WEDNESDAY,SIDE SWIPE - OPPOSITE DIRECTION,N,N,\N,\N,N,MAY,N,SURREY,SURREY,\N,Y,Y,N,LOWER MAINLAND,UNKNOWN,186 STREET,186 STREET,15:00-17:59,1,0
N,PROPERTY DAMAGE ONLY,\N,N,2025,WEDNESDAY,SIDE SWIPE - OPPOSITE DIRECTION,N,N,\N,\N,N,MAY,N,TERRACE,TERRACE,\N,N,N,N,NORTH CENTRAL,UNKNOWN,QUEENSWAY DR,QUEENSWAY DR,15:00-17:59,1,0
N,PROPERTY DAMAGE ONLY,\N,N,2025,WEDNESDAY,SIDE SWIPE - OPPOSITE DIRECTION,N,N,48.389109,-123.682502,Y,MAY,N,SOOKE,SOOKE,SOOKE,Y,Y,N,VANCOUVER ISLAND,SOOKE RD # 005860 TO 006019,SOOKE RD,SOOKE RD,15:00-17:59,1,0
N,PROPERTY DAMAGE ONLY,\N,N,2025,WEDNESDAY,SIDE SWIPE - OPPOSITE DIRECTION,N,N,48.426914,-123.358989,Y,MAY,N,VICTORIA,VICTORIA,VICTORIA,Y,Y,N,VANCOUVER ISLAND,QUADRA ST # 001400 TO 001499,QUADRA ST,QUADRA ST,15:00-17:59,1,0
N,PROPERTY DAMAGE ONLY,\N,N,2025,WEDNESDAY,SIDE SWIPE - OPPOSITE DIRECTION,N,N,49.124939,-122.800976,Y,MAY,N,SURREY,SURREY,SURREY,N,Y,N,LOWER MAINLAND,152 ST # 006650 TO 006798 even,152 ST,152 ST,15:00-17:59,1,0
N,PROPERTY DAMAGE ONLY,\N,N,2025,WEDNESDAY,SIDE SWIPE - OPPOSITE DIRECTION,N,N,49.133509,-122.844227,Y,MAY,N,SURREY,SURREY,SURREY,N,Y,N,LOWER MAINLAND,72 AVE # 013600 TO 013668 even,72 AVE,72 AVE,15:00-17:59,1,0
N,PROPERTY DAMAGE ONLY,\N,N,2025,WEDNESDAY,SIDE SWIPE - OPPOSITE DIRECTION,N,N,49.160295,-122.625768,Y,MAY,N,LANGLEY,LANGLEY,LANGLEY,Y,Y,N,LOWER MAINLAND,87A AVE # 021510 TO 021599,87A AVE,87A AVE,15:00-17:59,1,0
N,PROPERTY DAMAGE ONLY,\N,N,2025,WEDNESDAY,SIDE SWIPE - OPPOSITE DIRECTION,N,N,49.243264,-123.061156,Y,MAY,N,VANCOUVER,VANCOUVER,VANCOUVER,Y,Y,N,LOWER MAINLAND,KINGSWAY # 002200 TO 002233,KINGSWAY,KINGSWAY,15:00-17:59,1,0
N,PROPERTY DAMAGE ONLY,\N,N,2025,WEDNESDAY,SIDE SWIPE - OPPOSITE DIRECTION,N,N,49.735007,-123.120251,Y,MAY,N,SQUAMISH,SQUAMISH,SQUAMISH,Y,Y,N,LOWER MAINLAND,MAMQUAM RD # 002400 TO 002449,MAMQUAM RD,MAMQUAM RD,15:00-17:59,1,0
N,PROPERTY DAMAGE ONLY,\N,N,2025,WEDNESDAY,SIDE SWIPE - OPPOSITE DIRECTION,N,N,50.051455,-119.40209,Y,MAY,N,LAKE COUNTRY,LAKE COUNTRY,LAKE COUNTRY,Y,N,N,SOUTHERN INTERIOR,CLEMENT RD # 003200 TO 003339,CLEMENT RD,CLEMENT RD,15:00-17:59,1,0
N,PROPERTY DAMAGE ONLY,\N,N,2025,WEDNESDAY,SIDE SWIPE - OPPOSITE DIRECTION,N,N,50.663806,-120.315697,Y,MAY,N,KAMLOOPS,KAMLOOPS,KAMLOOPS,N,Y,N,SOUTHERN INTERIOR,TRANS-CANADA HWY E # 000600 TO 001398 even,HWY 1,HWY 1,15:00-17:59,1,0
N,PROPERTY DAMAGE ONLY,\N,N,2025,WEDNESDAY,SIDE SWIPE - SAME DIRECTION,N,N,\N,\N,N,MAY,N,NANAIMO,NANAIMO,\N,Y,Y,N,VANCOUVER ISLAND,UNKNOWN,FIFTH STREET,FIFTH STREET,15:00-17:59,1,0
N,PROPERTY DAMAGE ONLY,\N,N,2025,WEDNESDAY,SIDE SWIPE - SAME DIRECTION,N,N,\N,\N,N,MAY,N,SAANICH,SAANICH,\N,Y,Y,N,VANCOUVER ISLAND,UNKNOWN,SAANICH RD,SAANICH RD,15:00-17:59,1,0
N,PROPERTY DAMAGE ONLY,\N,N,2025,WEDNESDAY,SIDE SWIPE - SAME DIRECTION,N,N,\N,\N,N,MAY,N,SALMON ARM,SALMON ARM,\N,N,N,N,SOUTHERN INTERIOR,UNKNOWN,CANOE BEACH DR NE,CANOE BEACH DR NE,15:00-17:59,1,0
N,PROPERTY DAMAGE ONLY,\N,N,2025,WEDNESDAY,SIDE SWIPE - SAME DIRECTION,N,N,\N,\N,N,MAY,N,VANCOUVER,VANCOUVER,\N,N,N,N,LOWER MAINLAND,UNKNOWN,EXPO BLVD,EXPO BLVD,15:00-17:59,1,0
N,PROPERTY DAMAGE ONLY,\N,N,2025,WEDNESDAY,SIDE SWIPE - SAME DIRECTION,N,N,\N,\N,N,MAY,N,VANCOUVER,VANCOUVER,\N,Y,Y,N,LOWER MAINLAND,UNKNOWN,MAIN STREET,MAIN STREET,15:00-17:59,1,0
N,PROPERTY DAMAGE ONLY,\N,N,2025,WEDNESDAY,SIDE SWIPE - SAME DIRECTION,N,N,\N,\N,N,MAY,N,VICTORIA,VICTORIA,\N,N,Y,N,VANCOUVER ISLAND,UNKNOWN,SELKIRK AVENUE,SELKIRK AVENUE,15:00-17:59,1,0
N,PROPERTY DAMAGE ONLY,\N,N,2025,WEDNESDAY,SIDE SWIPE - SAME DIRECTION,N,N,48.413534,-123.367181,Y,MAY,N,VICTORIA,VICTORIA,VICTORIA,Y,N,N,VANCOUVER ISLAND,DOUGLAS ST # 000200 TO 000299,DOUGLAS ST,DOUGLAS ST,15:00-17:59,1,0
N,PROPERTY DAMAGE ONLY,\N,N,2025,WEDNESDAY,SIDE SWIPE - SAME DIRECTION,N,N,48.429822,-123.364477,Y,MAY,N,VICTORIA,VICTORIA,VICTORIA,Y,Y,N,VANCOUVER ISLAND,DOUGLAS ST # 001700 TO 001799,DOUGLAS ST,DOUGLAS ST,15:00-17:59,1,0
N,PROPERTY DAMAGE ONLY,\N,N,2025,WEDNESDAY,SIDE SWIPE - SAME DIRECTION,N,N,48.431033,-123.368422,Y,MAY,N,VICTORIA,VICTORIA,VICTORIA,Y,Y,N,VANCOUVER ISLAND,CHATHAM ST # 000500 TO 000599,CHATHAM ST,CHATHAM ST,15:00-17:59,1,0
N,PROPERTY DAMAGE ONLY,\N,N,2025,WEDNESDAY,SIDE SWIPE - SAME DIRECTION,N,N,48.449254,-123.475492,Y,MAY,N,LANGFORD,LANGFORD,LANGFORD,Y,N,N,VANCOUVER ISLAND,CRYSTALVIEW TERRACE # 000370 TO 000399,CRYSTALVIEW TERRACE,CRYSTALVIEW TERRACE,15:00-17:59,1,0
N,PROPERTY DAMAGE ONLY,\N,N,2025,WEDNESDAY,SIDE SWIPE - SAME DIRECTION,N,N,48.4552,-123.35964,Y,MAY,N,SAANICH,SAANICH,SAANICH,N,Y,N,VANCOUVER ISLAND,QUADRA ST # 003450 TO 003499,QUADRA ST,QUADRA ST,15:00-17:59,1,0
N,PROPERTY DAMAGE ONLY,\N,N,2025,WEDNESDAY,SIDE SWIPE - SAME DIRECTION,N,N,49.140158,-122.8964,Y,MAY,N,DELTA,DELTA,DELTA,N,N,N,LOWER MAINLAND,75A AVE # 011751 TO 011799,75A AVE,75A AVE,15:00-17:59,1,0
N,PROPERTY DAMAGE ONLY,\N,N,2025,WEDNESDAY,SIDE SWIPE - SAME DIRECTION,N,N,49.163585,-123.147767,Y,MAY,N,RICHMOND,RICHMOND,RICHMOND,Y,Y,N,LOWER MAINLAND,GILBERT RD # 006784 TO 006999,GILBERT RD,GILBERT RD,15:00-17:59,1,0
N,PROPERTY DAMAGE ONLY,\N,N,2025,WEDNESDAY,SIDE SWIPE - SAME DIRECTION,N,N,49.171395,-123.076828,Y,MAY,N,RICHMOND,RICHMOND,RICHMOND,Y,Y,N,LOWER MAINLAND,SMALLWOOD PL # 013100 TO 013699,SMALLWOOD PL,SMALLWOOD PL,15:00-17:59,1,0
N,PROPERTY DAMAGE ONLY,\N,N,2025,WEDNESDAY,SIDE SWIPE - SAME DIRECTION,N,N,49.181742,-123.125178,Y,MAY,N,RICHMOND,RICHMOND,RICHMOND,N,Y,N,LOWER MAINLAND,ODLIN RD # 008738 TO 008799,ODLIN RD,ODLIN RD,15:00-17:59,1,0
N,PROPERTY DAMAGE ONLY,\N,N,2025,WEDNESDAY,SIDE SWIPE - SAME DIRECTION,N,N,49.187483,-123.12332,Y,MAY,N,RICHMOND,RICHMOND,RICHMOND,Y,N,N,LOWER MAINLAND,CAPSTAN WAY # 009000 TO 009199,CAPSTAN WAY,CAPSTAN WAY,15:00-17:59,1,0
N,PROPERTY DAMAGE ONLY,\N,N,2025,WEDNESDAY,SIDE SWIPE - SAME DIRECTION,N,N,49.207763,-123.130285,Y,MAY,N,VANCOUVER,VANCOUVER,VANCOUVER,N,N,N,LOWER MAINLAND,OAK ST # 008600 TO 008699,OAK ST,OAK ST,15:00-17:59,1,0
N,PROPERTY DAMAGE ONLY,\N,N,2025,WEDNESDAY,SIDE SWIPE - SAME DIRECTION,N,N,49.216462,-123.084136,Y,MAY,N,VANCOUVER,VANCOUVER,VANCOUVER,Y,N,N,LOWER MAINLAND,E 59TH AVE # 001014 TO 001099,E 59TH AVE,E 59TH AVE,15:00-17:59,1,0
N,PROPERTY DAMAGE ONLY,\N,N,2025,WEDNESDAY,SIDE SWIPE - SAME DIRECTION,N,N,49.220036,-122.59403,Y,MAY,N,MAPLE RIDGE,MAPLE RIDGE,MAPLE RIDGE,N,Y,N,LOWER MAINLAND,227 ST # 011950 TO 011999,227 ST,227 ST,15:00-17:59,1,0
N,PROPERTY DAMAGE ONLY,\N,N,2025,WEDNESDAY,SIDE SWIPE - SAME DIRECTION,N,N,49.220433,-122.599817,Y,MAY,N,MAPLE RIDGE,MAPLE RIDGE,MAPLE RIDGE,Y,Y,N,LOWER MAINLAND,DEWDNEY TRUNK RD # 022450 TO 022509,DEWDNEY TRUNK RD,DEWDNEY TRUNK RD,15:00-17:59,1,0
N,PROPERTY DAMAGE ONLY,\N,N,2025,WEDNESDAY,SIDE SWIPE - SAME DIRECTION,N,N,49.226303,-123.045614,Y,MAY,N,VANCOUVER,VANCOUVER,VANCOUVER,Y,Y,N,LOWER MAINLAND,KILLARNEY ST # 006228 TO 006399,KILLARNEY ST,KILLARNEY ST,15:00-17:59,1,0
N,PROPERTY DAMAGE ONLY,\N,N,2025,WEDNESDAY,SIDE SWIPE - SAME DIRECTION,N,N,49.235017,-122.858659,Y,MAY,N,COQUITLAM,COQUITLAM,COQUITLAM,Y,Y,N,LOWER MAINLAND,SEGUIN DR # 001210 TO 001229,SEGUIN DR,SEGUIN DR,15:00-17:59,1,0
N,PROPERTY DAMAGE ONLY,\N,N,2025,WEDNESDAY,SIDE SWIPE - SAME DIRECTION,N,N,49.249797,-123.059931,Y,MAY,N,VANCOUVER,VANCOUVER,VANCOUVER,Y,N,N,LOWER MAINLAND,VANNESS AVE # 002200 TO 002236,VANNESS AVE,VANNESS AVE,15:00-17:59,1,0
N,PROPERTY DAMAGE ONLY,\N,N,2025,WEDNESDAY,SIDE SWIPE - SAME DIRECTION,N,N,49.257738,-123.067913,Y,MAY,N,VANCOUVER,VANCOUVER,VANCOUVER,Y,N,N,LOWER MAINLAND,E 14TH AVE # 001734 TO 001865,E 14TH AVE,E 14TH AVE,15:00-17:59,1,0
N,PROPERTY DAMAGE ONLY,\N,N,2025,WEDNESDAY,SIDE SWIPE - SAME DIRECTION,N,N,49.261733,-123.254969,Y,MAY,N,UBC,UBC,UBC,Y,Y,N,LOWER MAINLAND,LOWER MALL # 002146 TO 002217,LOWER MALL,LOWER MALL,15:00-17:59,1,0
N,PROPERTY DAMAGE ONLY,\N,N,2025,WEDNESDAY,SIDE SWIPE - SAME DIRECTION,N,N,49.270692,-123.147139,Y,MAY,N,VANCOUVER,VANCOUVER,VANCOUVER,Y,Y,N,LOWER MAINLAND,W 1ST AVE # 001840 TO 001899,W 1ST AVE,W 1ST AVE,15:00-17:59,1,0
N,PROPERTY DAMAGE ONLY,\N,N,2025,WEDNESDAY,SIDE SWIPE - SAME DIRECTION,N,N,49.273541,-123.152562,Y,MAY,N,VANCOUVER,VANCOUVER,VANCOUVER,Y,Y,N,LOWER MAINLAND,ARBUTUS ST # 001300 TO 001499,ARBUTUS ST,ARBUTUS ST,15:00-17:59,1,0
N,PROPERTY DAMAGE ONLY,\N,N,2025,WEDNESDAY,SIDE SWIPE - SAME DIRECTION,N,N,49.337445,-123.069927,Y,MAY,N,NORTH VANCOUVER,NORTH VANCOUVER,NORTH VANCOUVER,Y,N,N,LOWER MAINLAND,E KINGS RD # 000118 TO 000199,E KINGS RD,E KINGS RD,15:00-17:59,1,0
N,PROPERTY DAMAGE ONLY,\N,N,2025,WEDNESDAY,SIDE SWIPE - SAME DIRECTION,N,N,49.494249,-119.600028,Y,MAY,N,PENTICTON,PENTICTON,PENTICTON,Y,N,N,SOUTHERN INTERIOR,MAURICE ST # 000400 TO 000499,MAURICE ST,MAURICE ST,15:00-17:59,1,0
N,PROPERTY DAMAGE ONLY,\N,N,2025,WEDNESDAY,SIDE SWIPE - SAME DIRECTION,N,N,49.686394,-124.999511,Y,MAY,N,COURTENAY,COURTENAY,COURTENAY,Y,Y,N,VANCOUVER ISLAND,10TH ST # 000552 TO 000599,10TH ST,10TH ST,15:00-17:59,1,0
N,PROPERTY DAMAGE ONLY,\N,N,2025,WEDNESDAY,SIDE SWIPE - SAME DIRECTION,N,N,50.029137,-125.249335,Y,MAY,N,CAMPBELL RIVER,CAMPBELL RIVER,CAMPBELL RIVER,Y,Y,N,VANCOUVER ISLAND,DOGWOOD ST # 001400 TO 001419,DOGWOOD ST,DOGWOOD ST,15:00-17:59,1,0
N,PROPERTY DAMAGE ONLY,\N,N,2025,WEDNESDAY,SIDE SWIPE - SAME DIRECTION,N,N,50.255356,-119.307264,Y,MAY,N,VERNON,VERNON,VERNON,Y,Y,N,SOUTHERN INTERIOR,25 AVE # 005300 TO 005329,25 AVE,25 AVE,15:00-17:59,1,0
N,PROPERTY DAMAGE ONLY,\N,N,2025,WEDNESDAY,SIDE SWIPE - SAME DIRECTION,N,N,53.910259,-122.802606,Y,MAY,N,PRINCE GEORGE,PRINCE GEORGE,PRINCE GEORGE,Y,Y,N,NORTH CENTRAL,15TH AVE # 004150 TO 004249,15TH AVE,15TH AVE,15:00-17:59,1,0
N,PROPERTY DAMAGE ONLY,\N,N,2025,WEDNESDAY,SIDE SWIPE - SAME DIRECTION,Y,N,\N,\N,N,MAY,N,LANGLEY,LANGLEY,\N,N,N,N,LOWER MAINLAND,UNKNOWN,HWY 1,HWY 1,15:00-17:59,1,0
N,PROPERTY DAMAGE ONLY,\N,N,2025,WEDNESDAY,SIDE SWIPE - SAME DIRECTION,Y,N,49.278473,-122.781996,Y,MAY,N,COQUITLAM,COQUITLAM,COQUITLAM,Y,N,N,LOWER MAINLAND,HASTINGS ST # 003700 TO 003701,HASTINGS ST,HASTINGS ST,15:00-17:59,1,0
N,PROPERTY DAMAGE ONLY,\N,N,2025,WEDNESDAY,SINGLE VEHICLE,N,N,\N,\N,N,MAY,N,CASTLEGAR,CASTLEGAR,\N,N,N,N,SOUTHERN INTERIOR,UNKNOWN,PASS CREEK RD,PASS CREEK RD,15:00-17:59,1,0
N,PROPERTY DAMAGE ONLY,\N,N,2025,WEDNESDAY,SINGLE VEHICLE,N,N,\N,\N,N,MAY,N,CASTLEGAR,CASTLEGAR,\N,Y,Y,N,SOUTHERN INTERIOR,UNKNOWN,10TH STREET,10TH STREET,15:00-17:59,1,0
N,PROPERTY DAMAGE ONLY,\N,N,2025,WEDNESDAY,SINGLE VEHICLE,N,N,\N,\N,N,MAY,N,CHASE,CHASE,\N,N,N,N,SOUTHERN INTERIOR,UNKNOWN,HWY 1,HWY 1,15:00-17:59,1,0
N,PROPERTY DAMAGE ONLY,\N,N,2025,WEDNESDAY,SINGLE VEHICLE,N,N,\N,\N,N,MAY,N,CHILLIWACK,CHILLIWACK,\N,N,Y,N,LOWER MAINLAND,UNKNOWN,HODGINS RD,HODGINS RD,15:00-17:59,1,0
N,PROPERTY DAMAGE ONLY,\N,N,2025,WEDNESDAY,SINGLE VEHICLE,N,N,\N,\N,N,MAY,N,CRANBROOK,CRANBROOK,\N,N,N,N,SOUTHERN INTERIOR,UNKNOWN,BOOTH CREEK RD,BOOTH CREEK RD,15:00-17:59,1,0
N,PROPERTY DAMAGE ONLY,\N,N,2025,WEDNESDAY,SINGLE VEHICLE,N,N,\N,\N,N,MAY,N,CRANBROOK,CRANBROOK,\N,N,N,Y,SOUTHERN INTERIOR,UNKNOWN,UNKNOWN,UNKNOWN,15:00-17:59,1,0
N,PROPERTY DAMAGE ONLY,\N,N,2025,WEDNESDAY,SINGLE VEHICLE,N,N,\N,\N,N,MAY,N,EDGEWOOD,EDGEWOOD,\N,N,N,N,SOUTHERN INTERIOR,UNKNOWN,HWY 6,HWY 6,15:00-17:59,1,0
N,PROPERTY DAMAGE ONLY,\N,N,2025,WEDNESDAY,SINGLE VEHICLE,N,N,\N,\N,N,MAY,N,FORT ST. JOHN,FORT ST. JOHN,\N,N,Y,N,NORTH CENTRAL,UNKNOWN,OLD FORT RD,OLD FORT RD,15:00-17:59,1,0
N,PROPERTY DAMAGE ONLY,\N,N,2025,WEDNESDAY,SINGLE VEHICLE,N,N,\N,\N,N,MAY,N,HOPE,HOPE,\N,N,N,N,LOWER MAINLAND,UNKNOWN,COQUIHALLA HWY,COQUIHALLA HWY,15:00-17:59,1,0
N,PROPERTY DAMAGE ONLY,\N,N,2025,WEDNESDAY,SINGLE VEHICLE,N,N,\N,\N,N,MAY,N,MAPLE RIDGE,MAPLE RIDGE,\N,N,N,N,LOWER MAINLAND,UNKNOWN,LOUGHEED HWY,LOUGHEED HWY,15:00-17:59,2,0
N,PROPERTY DAMAGE ONLY,\N,N,2025,WEDNESDAY,SINGLE VEHICLE,N,N,\N,\N,N,MAY,N,NANAIMO,NANAIMO,\N,N,Y,N,VANCOUVER ISLAND,UNKNOWN,MARY ELLEN DRIVE,MARY ELLEN DRIVE,15:00-17:59,1,0
N,PROPERTY DAMAGE ONLY,\N,N,2025,WEDNESDAY,SINGLE VEHICLE,N,N,\N,\N,N,MAY,N,PORT COQUITLAM,PORT COQUITLAM,\N,N,N,N,LOWER MAINLAND,UNKNOWN,HASTINGS ST,HASTINGS ST,15:00-17:59,1,0
N,PROPERTY DAMAGE ONLY,\N,N,2025,WEDNESDAY,SINGLE VEHICLE,N,N,\N,\N,N,MAY,N,PORT MCNEILL,PORT MCNEILL,\N,N,N,N,VANCOUVER ISLAND,UNKNOWN,BROUGHTON BLVD,BROUGHTON BLVD,15:00-17:59,1,0
N,PROPERTY DAMAGE ONLY,\N,N,2025,WEDNESDAY,SINGLE VEHICLE,N,N,\N,\N,N,MAY,N,PRINCE GEORGE,PRINCE GEORGE,\N,N,N,N,NORTH CENTRAL,UNKNOWN,HWY 16,HWY 16,15:00-17:59,1,0
N,PROPERTY DAMAGE ONLY,\N,N,2025,WEDNESDAY,SINGLE VEHICLE,N,N,\N,\N,N,MAY,N,PRINCETON,PRINCETON,\N,N,N,N,SOUTHERN INTERIOR,UNKNOWN,DARCY MTN RD,DARCY MTN RD,15:00-17:59,1,0
N,PROPERTY DAMAGE ONLY,\N,N,2025,WEDNESDAY,SINGLE VEHICLE,N,N,\N,\N,N,MAY,N,QUESNEL,QUESNEL,\N,N,N,N,NORTH CENTRAL,UNKNOWN,FORESTRY ROAD,FORESTRY ROAD,15:00-17:59,1,0
N,PROPERTY DAMAGE ONLY,\N,N,2025,WEDNESDAY,SINGLE VEHICLE,N,N,\N,\N,N,MAY,N,SICAMOUS,SICAMOUS,\N,N,N,N,SOUTHERN INTERIOR,UNKNOWN,HWY 1,HWY 1,15:00-17:59,2,0
N,PROPERTY DAMAGE ONLY,\N,N,2025,WEDNESDAY,SINGLE VEHICLE,N,N,\N,\N,N,MAY,N,SQUAMISH,SQUAMISH,\N,N,N,N,LOWER MAINLAND,UNKNOWN,SEA TO SKY HIGHWAY,SEA TO SKY HIGHWAY,15:00-17:59,1,0
N,PROPERTY DAMAGE ONLY,\N,N,2025,WEDNESDAY,SINGLE VEHICLE,N,N,\N,\N,N,MAY,N,SURREY,SURREY,\N,N,N,N,LOWER MAINLAND,UNKNOWN,152 ST,152 ST,15:00-17:59,1,0
N,PROPERTY DAMAGE ONLY,\N,N,2025,WEDNESDAY,SINGLE VEHICLE,N,N,\N,\N,N,MAY,N,SURREY,SURREY,\N,N,Y,N,LOWER MAINLAND,UNKNOWN,144,144,15:00-17:59,1,0
N,PROPERTY DAMAGE ONLY,\N,N,2025,WEDNESDAY,SINGLE VEHICLE,N,N,\N,\N,N,MAY,N,SURREY,SURREY,\N,N,Y,N,LOWER MAINLAND,UNKNOWN,175ST,175ST,15:00-17:59,1,0
N,PROPERTY DAMAGE ONLY,\N,N,2025,WEDNESDAY,SINGLE VEHICLE,N,N,\N,\N,N,MAY,N,TRAIL,TRAIL,\N,N,N,N,SOUTHERN INTERIOR,UNKNOWN,BEAR CREEK RD,BEAR CREEK RD,15:00-17:59,1,0
N,PROPERTY DAMAGE ONLY,\N,N,2025,WEDNESDAY,SINGLE VEHICLE,N,N,\N,\N,N,MAY,N,VANCOUVER,VANCOUVER,\N,N,N,N,LOWER MAINLAND,UNKNOWN,CHESTER ST,CHESTER ST,15:00-17:59,1,0
N,PROPERTY DAMAGE ONLY,\N,N,2025,WEDNESDAY,SINGLE VEHICLE,N,N,\N,\N,N,MAY,N,VANCOUVER,VANCOUVER,\N,N,Y,N,LOWER MAINLAND,UNKNOWN,COMMISSIONER ST.,COMMISSIONER ST.,15:00-17:59,1,0
N,PROPERTY DAMAGE ONLY,\N,N,2025,WEDNESDAY,SINGLE VEHICLE,N,N,\N,\N,N,MAY,N,VANCOUVER,VANCOUVER,\N,N,Y,N,LOWER MAINLAND,UNKNOWN,DUNSMUIR STREET,DUNSMUIR STREET,15:00-17:59,1,0
N,PROPERTY DAMAGE ONLY,\N,N,2025,WEDNESDAY,SINGLE VEHICLE,N,N,\N,\N,N,MAY,N,VERNON,VERNON,\N,N,Y,N,SOUTHERN INTERIOR,UNKNOWN,KIDSTON RD,KIDSTON RD,15:00-17:59,1,0
N,PROPERTY DAMAGE ONLY,\N,N,2025,WEDNESDAY,SINGLE VEHICLE,N,N,\N,\N,N,MAY,N,VICTORIA,VICTORIA,\N,N,Y,N,VANCOUVER ISLAND,UNKNOWN,SHELBOURNE ST,SHELBOURNE ST,15:00-17:59,1,0
N,PROPERTY DAMAGE ONLY,\N,N,2025,WEDNESDAY,SINGLE VEHICLE,N,N,48.431912,-123.365867,Y,MAY,N,VICTORIA,VICTORIA,VICTORIA,N,Y,N,VANCOUVER ISLAND,DISCOVERY ST # 000600 TO 000699,DISCOVERY ST,DISCOVERY ST,15:00-17:59,1,0
N,PROPERTY DAMAGE ONLY,\N,N,2025,WEDNESDAY,SINGLE VEHICLE,N,N,48.432654,-123.521513,Y,MAY,N,LANGFORD,LANGFORD,LANGFORD,N,Y,N,VANCOUVER ISLAND,SOOKE RD # 002654 TO 002664,SOOKE RD,SOOKE RD,15:00-17:59,1,0
N,PROPERTY DAMAGE ONLY,\N,N,2025,WEDNESDAY,SINGLE VEHICLE,N,N,48.439268,-123.378727,Y,MAY,N,VICTORIA,VICTORIA,VICTORIA,N,Y,N,VANCOUVER ISLAND,JUTLAND RD # 002900 TO 002969,JUTLAND RD,JUTLAND RD,15:00-17:59,1,0
N,PROPERTY DAMAGE ONLY,\N,N,2025,WEDNESDAY,SINGLE VEHICLE,N,N,48.453671,-123.374622,Y,MAY,N,SAANICH,SAANICH,SAANICH,N,Y,N,VANCOUVER ISLAND,SAANICH RD # 003400 TO 003459,SAANICH RD,SAANICH RD,15:00-17:59,1,0
N,PROPERTY DAMAGE ONLY,\N,N,2025,WEDNESDAY,SINGLE VEHICLE,N,N,48.770117,-123.291339,Y,MAY,N,PENDER ISLAND,PENDER ISLAND,PENDER ISLAND,N,N,N,VANCOUVER ISLAND,FRIGATE RD # 003630 TO 003719,FRIGATE RD,FRIGATE RD,15:00-17:59,1,0
N,PROPERTY DAMAGE ONLY,\N,N,2025,WEDNESDAY,SINGLE VEHICLE,N,N,48.785091,-123.72273,Y,MAY,N,DUNCAN,DUNCAN,DUNCAN,N,Y,N,VANCOUVER ISLAND,GIBBINS RD # 003040 TO 003049,GIBBINS RD,GIBBINS RD,15:00-17:59,1,0
N,PROPERTY DAMAGE ONLY,\N,N,2025,WEDNESDAY,SINGLE VEHICLE,N,N,49.020586,-123.089494,Y,MAY,N,DELTA,DELTA,DELTA,N,N,N,LOWER MAINLAND,GALE DR # 000900 TO 000999,GALE DR,GALE DR,15:00-17:59,1,0
N,PROPERTY DAMAGE ONLY,\N,N,2025,WEDNESDAY,SINGLE VEHICLE,N,N,49.023672,-123.068741,Y,MAY,N,DELTA,DELTA,DELTA,Y,Y,N,LOWER MAINLAND,56 ST # 001091 TO 001199 odd,56 ST,56 ST,15:00-17:59,1,0
N,PROPERTY DAMAGE ONLY,\N,N,2025,WEDNESDAY,SINGLE VEHICLE,N,N,49.025556,-123.068739,Y,MAY,N,DELTA,DELTA,DELTA,N,Y,N,LOWER MAINLAND,56 ST # 001201 TO 001319 odd,56 ST,56 ST,15:00-17:59,1,0
N,PROPERTY DAMAGE ONLY,\N,N,2025,WEDNESDAY,SINGLE VEHICLE,N,N,49.029821,-122.790173,Y,MAY,N,WHITE ROCK,WHITE ROCK,WHITE ROCK,N,Y,N,LOWER MAINLAND,FINLAY ST # 001500 TO 001569,FINLAY ST,FINLAY ST,15:00-17:59,1,0
N,PROPERTY DAMAGE ONLY,\N,N,2025,WEDNESDAY,SINGLE VEHICLE,N,N,49.032057,-122.801282,Y,MAY,N,SURREY,SURREY,SURREY,Y,Y,N,LOWER MAINLAND,152 ST # 001601 TO 001699 odd,152 ST,152 ST,15:00-17:59,1,0
N,PROPERTY DAMAGE ONLY,\N,N,2025,WEDNESDAY,SINGLE VEHICLE,N,N,49.037416,-122.248137,Y,MAY,N,ABBOTSFORD,ABBOTSFORD,ABBOTSFORD,N,N,N,LOWER MAINLAND,KNOX CRES # 035200 TO 035319,KNOX CRES,KNOX CRES,15:00-17:59,1,0
N,PROPERTY DAMAGE ONLY,\N,N,2025,WEDNESDAY,SINGLE VEHICLE,N,N,49.045047,-122.284499,Y,MAY,N,ABBOTSFORD,ABBOTSFORD,ABBOTSFORD,N,N,N,LOWER MAINLAND,WEST RAILWAY ST # 002281 TO 002459,WEST RAILWAY ST,WEST RAILWAY ST,15:00-17:59,1,0
N,PROPERTY DAMAGE ONLY,\N,N,2025,WEDNESDAY,SINGLE VEHICLE,N,N,49.084867,-122.624684,Y,MAY,N,LANGLEY,LANGLEY,LANGLEY,N,Y,N,LOWER MAINLAND,216 ST # 004500 TO 004599,216 ST,216 ST,15:00-17:59,1,0
N,PROPERTY DAMAGE ONLY,\N,N,2025,WEDNESDAY,SINGLE VEHICLE,N,N,49.103205,-122.709838,Y,MAY,N,SURREY,SURREY,SURREY,N,Y,N,LOWER MAINLAND,185 ST # 005500 TO 005549,185 ST,185 ST,15:00-17:59,1,0
N,PROPERTY DAMAGE ONLY,\N,N,2025,WEDNESDAY,SINGLE VEHICLE,N,N,49.114385,-122.680717,Y,MAY,N,SURREY,SURREY,SURREY,N,Y,N,LOWER MAINLAND,FRASER HWY # 019531 TO 019599 odd,FRASER HWY,FRASER HWY,15:00-17:59,1,0
N,PROPERTY DAMAGE ONLY,\N,N,2025,WEDNESDAY,SINGLE VEHICLE,N,N,49.128965,-123.924824,Y,MAY,N,NANAIMO,NANAIMO,NANAIMO,N,Y,N,VANCOUVER ISLAND,TWELFTH ST # 000080 TO 000109,TWELFTH ST,TWELFTH ST,15:00-17:59,1,0
N,PROPERTY DAMAGE ONLY,\N,N,2025,WEDNESDAY,SINGLE VEHICLE,N,N,49.129393,-121.961097,Y,MAY,N,CHILLIWACK,CHILLIWACK,CHILLIWACK,N,Y,N,LOWER MAINLAND,EDEN DR # 006980 TO 007001,EDEN DR,EDEN DR,15:00-17:59,1,0
N,PROPERTY DAMAGE ONLY,\N,N,2025,WEDNESDAY,SINGLE VEHICLE,N,N,49.140815,-122.872128,Y,MAY,N,SURREY,SURREY,SURREY,Y,N,N,LOWER MAINLAND,126A ST # 007540 TO 007599,126A ST,126A ST,15:00-17:59,1,0
N,PROPERTY DAMAGE ONLY,\N,N,2025,WEDNESDAY,SINGLE VEHICLE,N,N,49.156871,-122.892148,Y,MAY,N,DELTA,DELTA,DELTA,N,N,N,LOWER MAINLAND,84A AVE # 011921 TO 011979,84A AVE,84A AVE,15:00-17:59,1,0
N,PROPERTY DAMAGE ONLY,\N,N,2025,WEDNESDAY,SINGLE VEHICLE,N,N,49.1599,-122.862384,Y,MAY,N,SURREY,SURREY,SURREY,Y,Y,N,LOWER MAINLAND,130 ST # 008600 TO 008699,130 ST,130 ST,15:00-17:59,1,0
N,PROPERTY DAMAGE ONLY,\N,N,2025,WEDNESDAY,SINGLE VEHICLE,N,N,49.163929,-123.131535,Y,MAY,N,RICHMOND,RICHMOND,RICHMOND,N,Y,N,LOWER MAINLAND,COONEY RD # 006701 TO 006951,COONEY RD,COONEY RD,15:00-17:59,1,0
N,PROPERTY DAMAGE ONLY,\N,N,2025,WEDNESDAY,SINGLE VEHICLE,N,N,49.164713,-123.135101,Y,MAY,N,RICHMOND,RICHMOND,RICHMOND,N,N,N,LOWER MAINLAND,PARK RD # 008000 TO 008199,PARK RD,PARK RD,15:00-17:59,1,0
N,PROPERTY DAMAGE ONLY,\N,N,2025,WEDNESDAY,SINGLE VEHICLE,N,N,49.171395,-123.076828,Y,MAY,N,RICHMOND,RICHMOND,RICHMOND,N,Y,N,LOWER MAINLAND,SMALLWOOD PL # 013100 TO 013699,SMALLWOOD PL,SMALLWOOD PL,15:00-17:59,1,0
N,PROPERTY DAMAGE ONLY,\N,N,2025,WEDNESDAY,SINGLE VEHICLE,N,N,49.172861,-122.5861,Y,MAY,N,LANGLEY,LANGLEY,LANGLEY,N,N,N,LOWER MAINLAND,BILLY BROWN RD # 022945 TO 022999,BILLY BROWN RD,BILLY BROWN RD,15:00-17:59,1,0
N,PROPERTY DAMAGE ONLY,\N,N,2025,WEDNESDAY,SINGLE VEHICLE,N,N,49.178628,-122.842039,Y,MAY,N,SURREY,SURREY,SURREY,N,Y,N,LOWER MAINLAND,137A ST # 009651 TO 009719,137A ST,137A ST,15:00-17:59,1,0
N,PROPERTY DAMAGE ONLY,\N,N,2025,WEDNESDAY,SINGLE VEHICLE,N,N,49.183347,-123.970378,Y,MAY,N,NANAIMO,NANAIMO,NANAIMO,Y,Y,N,VANCOUVER ISLAND,DUFFERIN CRES # 001200 TO 001515,DUFFERIN CRES,DUFFERIN CRES,15:00-17:59,1,0
N,PROPERTY DAMAGE ONLY,\N,N,2025,WEDNESDAY,SINGLE VEHICLE,N,N,49.183536,-123.133217,Y,MAY,N,RICHMOND,RICHMOND,RICHMOND,N,Y,N,LOWER MAINLAND,HAZELBRIDGE WAY # 004147 TO 004183 odd,HAZELBRIDGE WAY,HAZELBRIDGE WAY,15:00-17:59,1,0
N,PROPERTY DAMAGE ONLY,\N,N,2025,WEDNESDAY,SINGLE VEHICLE,N,N,49.185156,-122.812071,Y,MAY,N,SURREY,SURREY,SURREY,N,Y,N,LOWER MAINLAND,148 ST # 010000 TO 010099,148 ST,148 ST,15:00-17:59,1,0
N,PROPERTY DAMAGE ONLY,\N,N,2025,WEDNESDAY,SINGLE VEHICLE,N,N,49.188907,-122.935526,Y,MAY,N,NEW WESTMINSTER,NEW WESTMINSTER,NEW WESTMINSTER,N,N,N,LOWER MAINLAND,PEMBINA ST # 000200 TO 000281,PEMBINA ST,PEMBINA ST,15:00-17:59,1,0
N,PROPERTY DAMAGE ONLY,\N,N,2025,WEDNESDAY,SINGLE VEHICLE,N,N,49.193782,-122.792471,Y,MAY,N,SURREY,SURREY,SURREY,Y,N,N,LOWER MAINLAND,155 ST # 010495 TO 010529,155 ST,155 ST,15:00-17:59,1,0
N,PROPERTY DAMAGE ONLY,\N,N,2025,WEDNESDAY,SINGLE VEHICLE,N,N,49.212048,-122.920202,Y,MAY,N,NEW WESTMINSTER,NEW WESTMINSTER,NEW WESTMINSTER,N,Y,N,LOWER MAINLAND,BELMONT ST # 000600 TO 000699,BELMONT ST,BELMONT ST,15:00-17:59,1,0
N,PROPERTY DAMAGE ONLY,\N,N,2025,WEDNESDAY,SINGLE VEHICLE,N,N,49.213043,-122.646197,Y,MAY,N,MAPLE RIDGE,MAPLE RIDGE,MAPLE RIDGE,N,Y,N,LOWER MAINLAND,RIVER RD # 020700 TO 020827,RIVER RD,RIVER RD,15:00-17:59,1,0
N,PROPERTY DAMAGE ONLY,\N,N,2025,WEDNESDAY,SINGLE VEHICLE,N,N,49.225358,-123.002431,Y,MAY,N,BURNABY,BURNABY,BURNABY,N,Y,N,LOWER MAINLAND,CENTRAL BLVD # 004400 TO 004549,CENTRAL BLVD,CENTRAL BLVD,15:00-17:59,1,0
N,PROPERTY DAMAGE ONLY,\N,N,2025,WEDNESDAY,SINGLE VEHICLE,N,N,49.228116,-122.998531,Y,MAY,N,BURNABY,BURNABY,BURNABY,N,Y,N,LOWER MAINLAND,KINGSWAY # 004700 TO 004749,KINGSWAY,KINGSWAY,15:00-17:59,2,0
N,PROPERTY DAMAGE ONLY,\N,N,2025,WEDNESDAY,SINGLE VEHICLE,N,N,49.243264,-123.061156,Y,MAY,N,VANCOUVER,VANCOUVER,VANCOUVER,N,Y,N,LOWER MAINLAND,KINGSWAY # 002200 TO 002233,KINGSWAY,KINGSWAY,15:00-17:59,1,0
N,PROPERTY DAMAGE ONLY,\N,N,2025,WEDNESDAY,SINGLE VEHICLE,N,N,49.248511,-123.075821,Y,MAY,N,VANCOUVER,VANCOUVER,VANCOUVER,N,Y,N,LOWER MAINLAND,E KING EDWARD AVE # 001400 TO 001419,E KING EDWARD AVE,E KING EDWARD AVE,15:00-17:59,1,0
N,PROPERTY DAMAGE ONLY,\N,N,2025,WEDNESDAY,SINGLE VEHICLE,N,N,49.2491,-122.895415,Y,MAY,N,BURNABY,BURNABY,BURNABY,Y,Y,N,LOWER MAINLAND,AUSTIN RD # 009855 TO 009865 odd,AUSTIN RD,AUSTIN RD,15:00-17:59,1,0
N,PROPERTY DAMAGE ONLY,\N,N,2025,WEDNESDAY,SINGLE VEHICLE,N,N,49.251313,-122.892832,Y,MAY,N,COQUITLAM,COQUITLAM,COQUITLAM,N,Y,N,LOWER MAINLAND,NORTH RD # 000537 TO 000567 odd,NORTH RD,NORTH RD,15:00-17:59,1,0
N,PROPERTY DAMAGE ONLY,\N,N,2025,WEDNESDAY,SINGLE VEHICLE,N,N,49.251719,-122.918981,Y,MAY,N,BURNABY,BURNABY,BURNABY,N,Y,N,LOWER MAINLAND,BRIGHTON AVE # 003400 TO 003599,BRIGHTON AVE,BRIGHTON AVE,15:00-17:59,1,0
N,PROPERTY DAMAGE ONLY,\N,N,2025,WEDNESDAY,SINGLE VEHICLE,N,N,49.251951,-123.186948,Y,MAY,N,VANCOUVER,VANCOUVER,VANCOUVER,N,N,N,LOWER MAINLAND,W 23RD AVE # 003646 TO 003799,W 23RD AVE,W 23RD AVE,15:00-17:59,1,0
N,PROPERTY DAMAGE ONLY,\N,N,2025,WEDNESDAY,SINGLE VEHICLE,N,N,49.253213,-123.053353,Y,MAY,N,VANCOUVER,VANCOUVER,VANCOUVER,N,N,N,LOWER MAINLAND,E 19TH AVE # 002500 TO 002599,E 19TH AVE,E 19TH AVE,15:00-17:59,1,0
N,PROPERTY DAMAGE ONLY,\N,N,2025,WEDNESDAY,SINGLE VEHICLE,N,N,49.260652,-123.100984,Y,MAY,N,VANCOUVER,VANCOUVER,VANCOUVER,N,N,N,LOWER MAINLAND,MAIN ST # 002700 TO 002798 even,MAIN ST,MAIN ST,15:00-17:59,1,0
N,PROPERTY DAMAGE ONLY,\N,N,2025,WEDNESDAY,SINGLE VEHICLE,N,N,49.262379,-123.123028,Y,MAY,N,VANCOUVER,VANCOUVER,VANCOUVER,N,Y,N,LOWER MAINLAND,W 10TH AVE # 000800 TO 000899,W 10TH AVE,W 10TH AVE,15:00-17:59,1,0
N,PROPERTY DAMAGE ONLY,\N,N,2025,WEDNESDAY,SINGLE VEHICLE,N,N,49.26357,-123.136974,Y,MAY,N,VANCOUVER,VANCOUVER,VANCOUVER,N,Y,N,LOWER MAINLAND,W BROADWAY # 001400 TO 001471,W BROADWAY,W BROADWAY,15:00-17:59,2,0
N,PROPERTY DAMAGE ONLY,\N,N,2025,WEDNESDAY,SINGLE VEHICLE,N,N,49.263917,-123.018876,Y,MAY,N,BURNABY,BURNABY,BURNABY,N,Y,N,LOWER MAINLAND,HENNING DR # 003700 TO 004099,HENNING DR,HENNING DR,15:00-17:59,1,0
N,PROPERTY DAMAGE ONLY,\N,N,2025,WEDNESDAY,SINGLE VEHICLE,N,N,49.264406,-122.796589,Y,MAY,N,COQUITLAM,COQUITLAM,COQUITLAM,N,N,N,LOWER MAINLAND,HERRMANN ST # 000810 TO 000840,HERRMANN ST,HERRMANN ST,15:00-17:59,1,0
N,PROPERTY DAMAGE ONLY,\N,N,2025,WEDNESDAY,SINGLE VEHICLE,N,N,49.264996,-123.116431,Y,MAY,N,VANCOUVER,VANCOUVER,VANCOUVER,N,Y,N,LOWER MAINLAND,W 7TH AVE # 000522 TO 000599,W 7TH AVE,W 7TH AVE,15:00-17:59,1,0
N,PROPERTY DAMAGE ONLY,\N,N,2025,WEDNESDAY,SINGLE VEHICLE,N,N,49.26606,-123.130078,Y,MAY,N,VANCOUVER,VANCOUVER,VANCOUVER,N,Y,N,LOWER MAINLAND,W 6TH AVE # 001100 TO 001199,W 6TH AVE,W 6TH AVE,15:00-17:59,1,0
N,PROPERTY DAMAGE ONLY,\N,N,2025,WEDNESDAY,SINGLE VEHICLE,N,N,49.269669,-123.082639,Y,MAY,N,VANCOUVER,VANCOUVER,VANCOUVER,Y,Y,N,LOWER MAINLAND,TERMINAL AVE # 000900 TO 000998 even,TERMINAL AVE,TERMINAL AVE,15:00-17:59,2,0
N,PROPERTY DAMAGE ONLY,\N,N,2025,WEDNESDAY,SINGLE VEHICLE,N,N,49.270128,-123.16726,Y,MAY,N,VANCOUVER,VANCOUVER,VANCOUVER,N,N,N,LOWER MAINLAND,W 2ND AVE # 002700 TO 002799,W 2ND AVE,W 2ND AVE,15:00-17:59,1,0
N,PROPERTY DAMAGE ONLY,\N,N,2025,WEDNESDAY,SINGLE VEHICLE,N,N,49.271284,-122.721359,Y,MAY,N,PORT COQUITLAM,PORT COQUITLAM,PORT COQUITLAM,N,Y,N,LOWER MAINLAND,PRAIRIE AVE # 000300 TO 000598,PRAIRIE AVE,PRAIRIE AVE,15:00-17:59,1,0
N,PROPERTY DAMAGE ONLY,\N,N,2025,WEDNESDAY,SINGLE VEHICLE,N,N,49.274413,-122.792884,Y,MAY,N,COQUITLAM,COQUITLAM,COQUITLAM,N,Y,N,LOWER MAINLAND,LOUGHEED HWY # 002988 TO 003098 even,LOUGHEED HWY,LOUGHEED HWY,15:00-17:59,1,0
N,PROPERTY DAMAGE ONLY,\N,N,2025,WEDNESDAY,SINGLE VEHICLE,N,N,49.28053,-123.109498,Y,MAY,N,VANCOUVER,VANCOUVER,VANCOUVER,N,Y,N,LOWER MAINLAND,BEATTY ST # 000500 TO 000599,BEATTY ST,BEATTY ST,15:00-17:59,1,0
N,PROPERTY DAMAGE ONLY,\N,N,2025,WEDNESDAY,SINGLE VEHICLE,N,N,49.281021,-123.004505,Y,MAY,N,BURNABY,BURNABY,BURNABY,Y,Y,N,LOWER MAINLAND,HASTINGS ST # 004400 TO 004499,HASTINGS ST,HASTINGS ST,15:00-17:59,1,0
N,PROPERTY DAMAGE ONLY,\N,N,2025,WEDNESDAY,SINGLE VEHICLE,N,N,49.281502,-123.121638,Y,MAY,N,VANCOUVER,VANCOUVER,VANCOUVER,N,N,N,LOWER MAINLAND,HOWE ST # 000800 TO 000899,HOWE ST,HOWE ST,15:00-17:59,1,0
N,PROPERTY DAMAGE ONLY,\N,N,2025,WEDNESDAY,SINGLE VEHICLE,N,N,49.28219,-122.790415,Y,MAY,N,COQUITLAM,COQUITLAM,COQUITLAM,N,Y,N,LOWER MAINLAND,WESTWOOD ST # 001170 TO 001185,WESTWOOD ST,WESTWOOD ST,15:00-17:59,1,0
N,PROPERTY DAMAGE ONLY,\N,N,2025,WEDNESDAY,SINGLE VEHICLE,N,N,49.282325,-123.101271,Y,MAY,N,VANCOUVER,VANCOUVER,VANCOUVER,Y,Y,N,LOWER MAINLAND,E CORDOVA ST # 000100 TO 000173,E CORDOVA ST,E CORDOVA ST,15:00-17:59,1,0
N,PROPERTY DAMAGE ONLY,\N,N,2025,WEDNESDAY,SINGLE VEHICLE,N,N,49.28325,-123.113116,Y,MAY,N,VANCOUVER,VANCOUVER,VANCOUVER,N,Y,N,LOWER MAINLAND,RICHARDS ST # 000500 TO 000531,RICHARDS ST,RICHARDS ST,15:00-17:59,1,0
N,PROPERTY DAMAGE ONLY,\N,N,2025,WEDNESDAY,SINGLE VEHICLE,N,N,49.310599,-122.95303,Y,MAY,N,NORTH VANCOUVER,NORTH VANCOUVER,NORTH VANCOUVER,N,N,N,LOWER MAINLAND,N DOLLARTON HWY # 000600 TO 000699,N DOLLARTON HWY,N DOLLARTON HWY,15:00-17:59,1,0
N,PROPERTY DAMAGE ONLY,\N,N,2025,WEDNESDAY,SINGLE VEHICLE,N,N,49.310805,-123.081107,Y,MAY,N,NORTH VANCOUVER,NORTH VANCOUVER,NORTH VANCOUVER,N,Y,N,LOWER MAINLAND,CARRIE CATES CRT # 000113 TO 000149,CARRIE CATES CRT,CARRIE CATES CRT,15:00-17:59,1,0
N,PROPERTY DAMAGE ONLY,\N,N,2025,WEDNESDAY,SINGLE VEHICLE,N,N,49.31427,-123.084021,Y,MAY,N,NORTH VANCOUVER,NORTH VANCOUVER,NORTH VANCOUVER,N,Y,N,LOWER MAINLAND,W 1ST ST # 000250 TO 000298 even,W 1ST ST,W 1ST ST,15:00-17:59,1,0
N,PROPERTY DAMAGE ONLY,\N,N,2025,WEDNESDAY,SINGLE VEHICLE,N,N,49.322649,-123.098964,Y,MAY,N,NORTH VANCOUVER,NORTH VANCOUVER,NORTH VANCOUVER,N,Y,N,LOWER MAINLAND,MARINE DR # 000901 TO 000969 odd,MARINE DR,MARINE DR,15:00-17:59,1,0
N,PROPERTY DAMAGE ONLY,\N,N,2025,WEDNESDAY,SINGLE VEHICLE,N,N,49.326739,-123.072201,Y,MAY,N,NORTH VANCOUVER,NORTH VANCOUVER,NORTH VANCOUVER,N,Y,N,LOWER MAINLAND,LONSDALE AVE # 001900 TO 001999,LONSDALE AVE,LONSDALE AVE,15:00-17:59,1,0
N,PROPERTY DAMAGE ONLY,\N,N,2025,WEDNESDAY,SINGLE VEHICLE,N,N,49.338801,-123.103685,Y,MAY,N,NORTH VANCOUVER,NORTH VANCOUVER,NORTH VANCOUVER,N,Y,N,LOWER MAINLAND,EDGEMONT BLVD # 003200 TO 003269,EDGEMONT BLVD,EDGEMONT BLVD,15:00-17:59,1,0
N,PROPERTY DAMAGE ONLY,\N,N,2025,WEDNESDAY,SINGLE VEHICLE,N,N,49.493263,-117.290568,Y,MAY,N,NELSON,NELSON,NELSON,N,Y,N,SOUTHERN INTERIOR,BAKER ST # 000700 TO 000799,BAKER ST,BAKER ST,15:00-17:59,1,0
N,PROPERTY DAMAGE ONLY,\N,N,2025,WEDNESDAY,SINGLE VEHICLE,N,N,49.495677,-119.603512,Y,MAY,N,PENTICTON,PENTICTON,PENTICTON,N,Y,N,SOUTHERN INTERIOR,POWER ST # 000300 TO 000399,POWER ST,POWER ST,15:00-17:59,1,0
N,PROPERTY DAMAGE ONLY,\N,N,2025,WEDNESDAY,SINGLE VEHICLE,N,N,49.535314,-124.659252,Y,MAY,N,HORNBY ISLAND,HORNBY ISLAND,HORNBY ISLAND,N,N,N,VANCOUVER ISLAND,ROBURN RD # 003670 TO 004449,ROBURN RD,ROBURN RD,15:00-17:59,1,0
N,PROPERTY DAMAGE ONLY,\N,N,2025,WEDNESDAY,SINGLE VEHICLE,N,N,49.682558,-115.984025,Y,MAY,N,KIMBERLEY,KIMBERLEY,KIMBERLEY,N,Y,N,SOUTHERN INTERIOR,WALLINGER AVE # 000500 TO 000529,WALLINGER AVE,WALLINGER AVE,15:00-17:59,1,0
N,PROPERTY DAMAGE ONLY,\N,N,2025,WEDNESDAY,SINGLE VEHICLE,N,N,49.688229,-124.995072,Y,MAY,N,COURTENAY,COURTENAY,COURTENAY,N,Y,N,VANCOUVER ISLAND,CLIFFE AVE # 001000 TO 001099,CLIFFE AVE,CLIFFE AVE,15:00-17:59,1,0
N,PROPERTY DAMAGE ONLY,\N,N,2025,WEDNESDAY,SINGLE VEHICLE,N,N,49.699747,-124.982252,Y,MAY,N,COURTENAY,COURTENAY,COURTENAY,Y,Y,N,VANCOUVER ISLAND,HUNT RD # 000360 TO 000369,HUNT RD,HUNT RD,15:00-17:59,1,0
N,PROPERTY DAMAGE ONLY,\N,N,2025,WEDNESDAY,SINGLE VEHICLE,N,N,49.796479,-119.507976,Y,MAY,N,KELOWNA,KELOWNA,KELOWNA,N,N,N,SOUTHERN INTERIOR,WREN PL # 000501 TO 000515 odd,WREN PL,WREN PL,15:00-17:59,1,0
N,PROPERTY DAMAGE ONLY,\N,N,2025,WEDNESDAY,SINGLE VEHICLE,N,N,49.860065,-119.49121,Y,MAY,N,KELOWNA,KELOWNA,KELOWNA,Y,Y,N,SOUTHERN INTERIOR,LAKESHORE RD # 003100 TO 003289,LAKESHORE RD,LAKESHORE RD,15:00-17:59,1,0
N,PROPERTY DAMAGE ONLY,\N,N,2025,WEDNESDAY,SINGLE VEHICLE,N,N,49.864299,-119.560981,Y,MAY,N,WEST KELOWNA,WEST KELOWNA,WEST KELOWNA,N,N,N,SOUTHERN INTERIOR,THOMAS RD # 001100 TO 001199,THOMAS RD,THOMAS RD,15:00-17:59,1,0
N,PROPERTY DAMAGE ONLY,\N,N,2025,WEDNESDAY,SINGLE VEHICLE,N,N,49.887346,-119.409459,Y,MAY,N,KELOWNA,KELOWNA,KELOWNA,Y,N,N,SOUTHERN INTERIOR,GERSTMAR RD # 000200 TO 000229,GERSTMAR RD,GERSTMAR RD,15:00-17:59,1,0
N,PROPERTY DAMAGE ONLY,\N,N,2025,WEDNESDAY,SINGLE VEHICLE,N,N,49.890744,-119.496612,Y,MAY,N,KELOWNA,KELOWNA,KELOWNA,N,Y,N,SOUTHERN INTERIOR,WATER ST # 001310 TO 001359,WATER ST,WATER ST,15:00-17:59,1,0
N,PROPERTY DAMAGE ONLY,\N,N,2025,WEDNESDAY,SINGLE VEHICLE,N,N,49.891087,-119.421398,Y,MAY,N,KELOWNA,KELOWNA,KELOWNA,N,N,N,SOUTHERN INTERIOR,CARY RD # 001600 TO 001699,CARY RD,CARY RD,15:00-17:59,1,0
N,PROPERTY DAMAGE ONLY,\N,N,2025,WEDNESDAY,SINGLE VEHICLE,N,N,49.893309,-119.493532,Y,MAY,N,KELOWNA,KELOWNA,KELOWNA,N,Y,N,SOUTHERN INTERIOR,ELLIS ST # 001200 TO 001248,ELLIS ST,ELLIS ST,15:00-17:59,1,0
N,PROPERTY DAMAGE ONLY,\N,N,2025,WEDNESDAY,SINGLE VEHICLE,N,N,50.032756,-125.253442,Y,MAY,N,CAMPBELL RIVER,CAMPBELL RIVER,CAMPBELL RIVER,N,N,N,VANCOUVER ISLAND,DRAKE RD # 001430 TO 001459,DRAKE RD,DRAKE RD,15:00-17:59,1,0
N,PROPERTY DAMAGE ONLY,\N,N,2025,WEDNESDAY,SINGLE VEHICLE,N,N,50.113521,-122.9549,Y,MAY,N,WHISTLER,WHISTLER,WHISTLER,N,Y,N,LOWER MAINLAND,MOUNTAIN SQ # 004200 TO 004299,MOUNTAIN SQ,MOUNTAIN SQ,15:00-17:59,1,0
N,PROPERTY DAMAGE ONLY,\N,N,2025,WEDNESDAY,SINGLE VEHICLE,N,N,50.254986,-119.295374,Y,MAY,N,VERNON,VERNON,VERNON,N,Y,N,SOUTHERN INTERIOR,BELLEVUE DR # 004300 TO 004499,BELLEVUE DR,BELLEVUE DR,15:00-17:59,1,0
N,PROPERTY DAMAGE ONLY,\N,N,2025,WEDNESDAY,SINGLE VEHICLE,N,N,50.686709,-120.356492,Y,MAY,N,KAMLOOPS,KAMLOOPS,KAMLOOPS,N,Y,N,SOUTHERN INTERIOR,TRANQUILLE RD # 000240 TO 000299,TRANQUILLE RD,TRANQUILLE RD,15:00-17:59,1,0
N,PROPERTY DAMAGE ONLY,\N,N,2025,WEDNESDAY,SINGLE VEHICLE,N,N,53.884563,-122.772118,Y,MAY,N,PRINCE GEORGE,PRINCE GEORGE,PRINCE GEORGE,N,Y,N,NORTH CENTRAL,RANGE RD # 002460 TO 002599,RANGE RD,RANGE RD,15:00-17:59,1,0
N,PROPERTY DAMAGE ONLY,\N,N,2025,WEDNESDAY,SINGLE VEHICLE,N,N,53.897710000000004,-122.77171,Y,MAY,N,PRINCE GEORGE,PRINCE GEORGE,PRINCE GEORGE,N,N,N,NORTH CENTRAL,RECPLACE DR # 002500 TO 002601,RECPLACE DR,RECPLACE DR,15:00-17:59,1,0
N,PROPERTY DAMAGE ONLY,\N,N,2025,WEDNESDAY,SINGLE VEHICLE,N,N,53.912329,-122.782225,Y,MAY,N,PRINCE GEORGE,PRINCE GEORGE,PRINCE GEORGE,N,N,N,NORTH CENTRAL,CENTRAL ST W # 001200 TO 001399,CENTRAL ST W,CENTRAL ST W,15:00-17:59,1,0
N,PROPERTY DAMAGE ONLY,\N,N,2025,WEDNESDAY,SINGLE VEHICLE,N,N,54.399269,-126.650896,Y,MAY,N,HOUSTON,HOUSTON,HOUSTON,N,Y,N,NORTH CENTRAL,HWY 16 # 003200 TO 003299,HWY 16,HWY 16,15:00-17:59,1,0
N,PROPERTY DAMAGE ONLY,\N,N,2025,WEDNESDAY,SINGLE VEHICLE,Y,N,50.000276,-125.244612,Y,MAY,N,CAMPBELL RIVER,CAMPBELL RIVER,CAMPBELL RIVER,N,N,N,VANCOUVER ISLAND,MERECROFT RD # 000410 TO 000649,MERECROFT RD,MERECROFT RD,15:00-17:59,1,0
N,PROPERTY DAMAGE ONLY,\N,N,2025,WEDNESDAY,SINGLE VEHICLE,Y,N,54.784114,-127.169635,Y,MAY,N,SMITHERS,SMITHERS,SMITHERS,N,N,N,NORTH CENTRAL,HWY 16 # 003900 TO 003988 even,HWY 16,HWY 16,15:00-17:59,1,0
N,PROPERTY DAMAGE ONLY,\N,N,2025,WEDNESDAY,UNDETERMINED,N,N,\N,\N,N,MAY,N,DELTA,DELTA,\N,Y,N,N,LOWER MAINLAND,UNKNOWN,CANOE PASS WAY,CANOE PASS WAY,15:00-17:59,1,0
N,PROPERTY DAMAGE ONLY,\N,N,2025,WEDNESDAY,UNDETERMINED,N,N,\N,\N,N,MAY,N,KAMLOOPS,KAMLOOPS,\N,Y,Y,N,SOUTHERN INTERIOR,UNKNOWN,CHIEF ALEX THOMAS WAY,CHIEF ALEX THOMAS WAY,15:00-17:59,1,0
N,PROPERTY DAMAGE ONLY,\N,N,2025,WEDNESDAY,UNDETERMINED,N,N,\N,\N,N,MAY,N,LANGLEY,LANGLEY,\N,Y,N,N,LOWER MAINLAND,UNKNOWN,75 AVE,75 AVE,15:00-17:59,1,0
N,PROPERTY DAMAGE ONLY,\N,N,2025,WEDNESDAY,UNDETERMINED,N,N,\N,\N,N,MAY,N,NORTH VANCOUVER,NORTH VANCOUVER,\N,Y,Y,N,LOWER MAINLAND,UNKNOWN,DOLLARTON HWY,DOLLARTON HWY,15:00-17:59,1,0
N,PROPERTY DAMAGE ONLY,\N,N,2025,WEDNESDAY,UNDETERMINED,N,N,\N,\N,N,MAY,N,PARKSVILLE,PARKSVILLE,\N,Y,Y,N,VANCOUVER ISLAND,UNKNOWN,MORISON AVE,MORISON AVE,15:00-17:59,1,0
N,PROPERTY DAMAGE ONLY,\N,N,2025,WEDNESDAY,UNDETERMINED,N,N,\N,\N,N,MAY,N,RICHMOND,RICHMOND,\N,N,Y,N,LOWER MAINLAND,UNKNOWN,NO 5 RD,NO 5 RD,15:00-17:59,1,0
N,PROPERTY DAMAGE ONLY,\N,N,2025,WEDNESDAY,UNDETERMINED,N,N,\N,\N,N,MAY,N,SALMON ARM,SALMON ARM,\N,Y,N,N,SOUTHERN INTERIOR,UNKNOWN,810 37 ST SE,810 37 ST SE,15:00-17:59,1,0
N,PROPERTY DAMAGE ONLY,\N,N,2025,WEDNESDAY,UNDETERMINED,N,N,\N,\N,N,MAY,N,VANCOUVER,VANCOUVER,\N,N,N,N,LOWER MAINLAND,UNKNOWN,SCHOOL AVE,SCHOOL AVE,15:00-17:59,1,0
N,PROPERTY DAMAGE ONLY,\N,N,2025,WEDNESDAY,UNDETERMINED,N,N,\N,\N,N,MAY,N,VANCOUVER,VANCOUVER,\N,Y,N,N,LOWER MAINLAND,UNKNOWN,E 17TH AVE,E 17TH AVE,15:00-17:59,1,0
N,PROPERTY DAMAGE ONLY,\N,N,2025,WEDNESDAY,UNDETERMINED,N,N,\N,\N,N,MAY,N,VANCOUVER,VANCOUVER,\N,Y,Y,N,LOWER MAINLAND,UNKNOWN,E 49 AVE,E 49 AVE,15:00-17:59,1,0
N,PROPERTY DAMAGE ONLY,\N,N,2025,WEDNESDAY,UNDETERMINED,N,N,\N,\N,N,MAY,N,VICTORIA,VICTORIA,\N,Y,N,N,VANCOUVER ISLAND,UNKNOWN,BALMORAL RD,BALMORAL RD,15:00-17:59,1,0
N,PROPERTY DAMAGE ONLY,\N,N,2025,WEDNESDAY,UNDETERMINED,N,N,\N,\N,N,MAY,N,VICTORIA,VICTORIA,\N,Y,N,N,VANCOUVER ISLAND,UNKNOWN,BYNG ST,BYNG ST,15:00-17:59,1,0
N,PROPERTY DAMAGE ONLY,\N,N,2025,WEDNESDAY,UNDETERMINED,N,N,\N,\N,N,MAY,N,VICTORIA,VICTORIA,\N,Y,Y,N,VANCOUVER ISLAND,UNKNOWN,PEARSON COLLEGE DR,PEARSON COLLEGE DR,15:00-17:59,1,0
N,PROPERTY DAMAGE ONLY,\N,N,2025,WEDNESDAY,UNDETERMINED,N,N,48.378428,-123.722102,Y,MAY,N,SOOKE,SOOKE,SOOKE,Y,Y,N,VANCOUVER ISLAND,SOOKE RD # 006646 TO 006678,SOOKE RD,SOOKE RD,15:00-17:59,1,0
N,PROPERTY DAMAGE ONLY,\N,N,2025,WEDNESDAY,UNDETERMINED,N,N,48.41557,-123.329635,Y,MAY,N,VICTORIA,VICTORIA,VICTORIA,Y,N,N,VANCOUVER ISLAND,FAIRFIELD RD # 001800 TO 001849,FAIRFIELD RD,FAIRFIELD RD,15:00-17:59,1,0
N,PROPERTY DAMAGE ONLY,\N,N,2025,WEDNESDAY,UNDETERMINED,N,N,48.439622,-123.373245,Y,MAY,N,VICTORIA,VICTORIA,VICTORIA,Y,Y,N,VANCOUVER ISLAND,BRIDGE ST # 002900 TO 002989,BRIDGE ST,BRIDGE ST,15:00-17:59,1,0
N,PROPERTY DAMAGE ONLY,\N,N,2025,WEDNESDAY,UNDETERMINED,N,N,48.440104,-123.367818,Y,MAY,N,VICTORIA,VICTORIA,VICTORIA,Y,Y,N,VANCOUVER ISLAND,DOUGLAS ST # 002801 TO 002875 odd,DOUGLAS ST,DOUGLAS ST,15:00-17:59,1,0
N,PROPERTY DAMAGE ONLY,\N,N,2025,WEDNESDAY,UNDETERMINED,N,N,48.447761,-123.384393,Y,MAY,N,VICTORIA,VICTORIA,VICTORIA,N,N,N,VANCOUVER ISLAND,IRMA ST # 003100 TO 003199,IRMA ST,IRMA ST,15:00-17:59,1,0
N,PROPERTY DAMAGE ONLY,\N,N,2025,WEDNESDAY,UNDETERMINED,N,N,48.454033,-123.438163,Y,MAY,N,VIEW ROYAL,VIEW ROYAL,VIEW ROYAL,Y,Y,N,VANCOUVER ISLAND,ISLAND HWY # 000260 TO 000280,ISLAND HWY,ISLAND HWY,15:00-17:59,1,0
N,PROPERTY DAMAGE ONLY,\N,N,2025,WEDNESDAY,UNDETERMINED,N,N,48.467391,-123.426684,Y,MAY,N,VIEW ROYAL,VIEW ROYAL,VIEW ROYAL,Y,Y,N,VANCOUVER ISLAND,HELMCKEN RD # 000016 TO 000033,HELMCKEN RD,HELMCKEN RD,15:00-17:59,1,0
N,PROPERTY DAMAGE ONLY,\N,N,2025,WEDNESDAY,UNDETERMINED,N,N,48.467498,-123.36031,Y,MAY,N,SAANICH,SAANICH,SAANICH,Y,Y,N,VANCOUVER ISLAND,BORDEN ST # 003958 TO 003964,BORDEN ST,BORDEN ST,15:00-17:59,1,0
N,PROPERTY DAMAGE ONLY,\N,N,2025,WEDNESDAY,UNDETERMINED,N,N,48.470623,-123.332678,Y,MAY,N,SAANICH,SAANICH,SAANICH,N,Y,N,VANCOUVER ISLAND,SHELBOURNE ST # 003950 TO 003999,SHELBOURNE ST,SHELBOURNE ST,15:00-17:59,1,0
N,PROPERTY DAMAGE ONLY,\N,N,2025,WEDNESDAY,UNDETERMINED,N,N,48.514222,-123.377134,Y,MAY,N,SAANICH,SAANICH,SAANICH,Y,Y,N,VANCOUVER ISLAND,HALIBURTON RD # 000760 TO 000778,HALIBURTON RD,HALIBURTON RD,15:00-17:59,1,0
N,PROPERTY DAMAGE ONLY,\N,N,2025,WEDNESDAY,UNDETERMINED,N,N,48.660415,-123.413553,Y,MAY,N,SIDNEY,SIDNEY,SIDNEY,Y,N,N,VANCOUVER ISLAND,GODFREY PL # 010280 TO 010299,GODFREY PL,GODFREY PL,15:00-17:59,1,0
N,PROPERTY DAMAGE ONLY,\N,N,2025,WEDNESDAY,UNDETERMINED,N,N,48.687493,-123.577688,Y,MAY,N,COBBLE HILL,COBBLE HILL,COBBLE HILL,Y,Y,N,VANCOUVER ISLAND,HIDDEN OAKS CRES # 003504 TO 003542,HIDDEN OAKS CRES,HIDDEN OAKS CRES,15:00-17:59,1,0
N,PROPERTY DAMAGE ONLY,\N,N,2025,WEDNESDAY,UNDETERMINED,N,N,48.690166,-123.578871,Y,MAY,N,COBBLE HILL,COBBLE HILL,COBBLE HILL,Y,N,N,VANCOUVER ISLAND,SITKA WAY # 003580 TO 003599,SITKA WAY,SITKA WAY,15:00-17:59,1,0
N,PROPERTY DAMAGE ONLY,\N,N,2025,WEDNESDAY,UNDETERMINED,N,N,48.773565,-123.703103,Y,MAY,N,DUNCAN,DUNCAN,DUNCAN,Y,Y,N,VANCOUVER ISLAND,COWICHAN WAY # 000100 TO 000299,COWICHAN WAY,COWICHAN WAY,15:00-17:59,1,0
N,PROPERTY DAMAGE ONLY,\N,N,2025,WEDNESDAY,UNDETERMINED,N,N,48.915182,-123.556531,Y,MAY,N,SALT SPRING ISLAND,SALT SPRING ISLAND,SALT SPRING ISLAND,Y,N,N,VANCOUVER ISLAND,NORTH END RD # 001950 TO 002083,NORTH END RD,NORTH END RD,15:00-17:59,1,0
N,PROPERTY DAMAGE ONLY,\N,N,2025,WEDNESDAY,UNDETERMINED,N,N,49.021743,-122.265356,Y,MAY,N,ABBOTSFORD,ABBOTSFORD,ABBOTSFORD,Y,Y,N,LOWER MAINLAND,SUMAS WAY # 001000 TO 001189,SUMAS WAY,SUMAS WAY,15:00-17:59,1,0
N,PROPERTY DAMAGE ONLY,\N,N,2025,WEDNESDAY,UNDETERMINED,N,N,49.0301,-122.293156,Y,MAY,N,ABBOTSFORD,ABBOTSFORD,ABBOTSFORD,Y,N,N,LOWER MAINLAND,MCCALLUM RD # 001510 TO 001539,MCCALLUM RD,MCCALLUM RD,15:00-17:59,1,0
N,PROPERTY DAMAGE ONLY,\N,N,2025,WEDNESDAY,UNDETERMINED,N,N,49.042454,-122.268064,Y,MAY,N,ABBOTSFORD,ABBOTSFORD,ABBOTSFORD,Y,N,N,LOWER MAINLAND,BLATCHFORD WAY # 034450 TO 034499,BLATCHFORD WAY,BLATCHFORD WAY,15:00-17:59,1,0
N,PROPERTY DAMAGE ONLY,\N,N,2025,WEDNESDAY,UNDETERMINED,N,N,49.044479,-122.779184,Y,MAY,N,SURREY,SURREY,SURREY,Y,Y,N,LOWER MAINLAND,160 ST # 002270 TO 002398 even,160 ST,160 ST,15:00-17:59,1,0
N,PROPERTY DAMAGE ONLY,\N,N,2025,WEDNESDAY,UNDETERMINED,N,N,49.051399,-122.324371,Y,MAY,N,ABBOTSFORD,ABBOTSFORD,ABBOTSFORD,Y,Y,N,LOWER MAINLAND,SOUTH FRASER WAY # 032400 TO 032530,SOUTH FRASER WAY,SOUTH FRASER WAY,15:00-17:59,1,0
N,PROPERTY DAMAGE ONLY,\N,N,2025,WEDNESDAY,UNDETERMINED,N,N,49.056927,-122.801067,Y,MAY,N,SURREY,SURREY,SURREY,N,Y,N,LOWER MAINLAND,152 ST # 003000 TO 003048 even,152 ST,152 ST,15:00-17:59,1,0
N,PROPERTY DAMAGE ONLY,\N,N,2025,WEDNESDAY,UNDETERMINED,N,N,49.062494,-122.49819,Y,MAY,N,LANGLEY,LANGLEY,LANGLEY,Y,Y,N,LOWER MAINLAND,262 ST # 003200 TO 003447,262 ST,262 ST,15:00-17:59,1,0
N,PROPERTY DAMAGE ONLY,\N,N,2025,WEDNESDAY,UNDETERMINED,N,N,49.10434,-122.891893,Y,MAY,N,DELTA,DELTA,DELTA,Y,N,N,LOWER MAINLAND,MCKEE DR # 011900 TO 011999,MCKEE DR,MCKEE DR,15:00-17:59,1,0
N,PROPERTY DAMAGE ONLY,\N,N,2025,WEDNESDAY,UNDETERMINED,N,N,49.10435,-122.799097,Y,MAY,N,SURREY,SURREY,SURREY,Y,Y,N,LOWER MAINLAND,56 AVE # 015200 TO 015338 even,56 AVE,56 AVE,15:00-17:59,1,0
N,PROPERTY DAMAGE ONLY,\N,N,2025,WEDNESDAY,UNDETERMINED,N,N,49.118926,-122.655649,Y,MAY,N,LANGLEY,LANGLEY,LANGLEY,Y,Y,N,LOWER MAINLAND,64 AVE # 020351 TO 020499 odd,64 AVE,64 AVE,15:00-17:59,1,0
N,PROPERTY DAMAGE ONLY,\N,N,2025,WEDNESDAY,UNDETERMINED,N,N,49.121195,-122.890475,Y,MAY,N,DELTA,DELTA,DELTA,Y,Y,N,LOWER MAINLAND,120 ST # 006401 TO 006599 odd,120 ST,120 ST,15:00-17:59,1,0
N,PROPERTY DAMAGE ONLY,\N,N,2025,WEDNESDAY,UNDETERMINED,N,N,49.126777,-123.095829,Y,MAY,N,RICHMOND,RICHMOND,RICHMOND,Y,Y,N,LOWER MAINLAND,HORSESHOE WAY # 011500 TO 012098 even,HORSESHOE WAY,HORSESHOE WAY,15:00-17:59,1,0
N,PROPERTY DAMAGE ONLY,\N,N,2025,WEDNESDAY,UNDETERMINED,N,N,49.130533,-123.09377,Y,MAY,N,RICHMOND,RICHMOND,RICHMOND,Y,Y,N,LOWER MAINLAND,HORSESHOE WAY # 010000 TO 011120 even,HORSESHOE WAY,HORSESHOE WAY,15:00-17:59,1,0
N,PROPERTY DAMAGE ONLY,\N,N,2025,WEDNESDAY,UNDETERMINED,N,N,49.132341,-122.677209,Y,MAY,N,LANGLEY,LANGLEY,LANGLEY,Y,Y,N,LOWER MAINLAND,71A AVE # 019660 TO 019699,71A AVE,71A AVE,15:00-17:59,1,0
N,PROPERTY DAMAGE ONLY,\N,N,2025,WEDNESDAY,UNDETERMINED,N,N,49.132444,-123.165254,Y,MAY,N,RICHMOND,RICHMOND,RICHMOND,Y,N,N,LOWER MAINLAND,WARBLER AVE # 005400 TO 005599,WARBLER AVE,WARBLER AVE,15:00-17:59,1,0
N,PROPERTY DAMAGE ONLY,\N,N,2025,WEDNESDAY,UNDETERMINED,N,N,49.132896,-123.181292,Y,MAY,N,RICHMOND,RICHMOND,RICHMOND,Y,N,N,LOWER MAINLAND,NO 1 RD # 011000 TO 011199,NO 1 RD,NO 1 RD,15:00-17:59,1,0
N,PROPERTY DAMAGE ONLY,\N,N,2025,WEDNESDAY,UNDETERMINED,N,N,49.134258,-122.84279,Y,MAY,N,SURREY,SURREY,SURREY,Y,Y,N,LOWER MAINLAND,137 ST # 007200 TO 007299,137 ST,137 ST,15:00-17:59,1,0
N,PROPERTY DAMAGE ONLY,\N,N,2025,WEDNESDAY,UNDETERMINED,N,N,49.138657,-122.845533,Y,MAY,N,SURREY,SURREY,SURREY,Y,Y,N,LOWER MAINLAND,KING GEORGE BLVD # 007400 TO 007542 even,KING GEORGE BLVD,KING GEORGE BLVD,15:00-17:59,1,0
N,PROPERTY DAMAGE ONLY,\N,N,2025,WEDNESDAY,UNDETERMINED,N,N,49.148585,-122.889232,Y,MAY,N,SURREY,SURREY,SURREY,Y,Y,N,LOWER MAINLAND,80 AVE # 012000 TO 012049,80 AVE,80 AVE,15:00-17:59,1,0
N,PROPERTY DAMAGE ONLY,\N,N,2025,WEDNESDAY,UNDETERMINED,N,N,49.152748,-122.794609,Y,MAY,N,SURREY,SURREY,SURREY,Y,N,N,LOWER MAINLAND,82A AVE # 015400 TO 015470,82A AVE,82A AVE,15:00-17:59,1,0
N,PROPERTY DAMAGE ONLY,\N,N,2025,WEDNESDAY,UNDETERMINED,N,N,49.153566,-123.15893,Y,MAY,N,RICHMOND,RICHMOND,RICHMOND,Y,Y,N,LOWER MAINLAND,NO 2 RD # 008000 TO 008451,NO 2 RD,NO 2 RD,15:00-17:59,1,0
N,PROPERTY DAMAGE ONLY,\N,N,2025,WEDNESDAY,UNDETERMINED,N,N,49.158298,-122.325307,Y,MAY,N,MISSION,MISSION,MISSION,Y,N,N,LOWER MAINLAND,EGGLESTONE AVE # 032440 TO 032499,EGGLESTONE AVE,EGGLESTONE AVE,15:00-17:59,1,0
N,PROPERTY DAMAGE ONLY,\N,N,2025,WEDNESDAY,UNDETERMINED,N,N,49.162255,-122.656965,Y,MAY,N,LANGLEY,LANGLEY,LANGLEY,Y,Y,N,LOWER MAINLAND,204 ST # 008720 TO 008799,204 ST,204 ST,15:00-17:59,1,0
N,PROPERTY DAMAGE ONLY,\N,N,2025,WEDNESDAY,UNDETERMINED,N,N,49.165613,-123.136632,Y,MAY,N,RICHMOND,RICHMOND,RICHMOND,Y,Y,N,LOWER MAINLAND,NO 3 RD # 006401 TO 006799 odd,NO 3 RD,NO 3 RD,15:00-17:59,1,0
N,PROPERTY DAMAGE ONLY,\N,N,2025,WEDNESDAY,UNDETERMINED,N,N,49.165945,-123.142036,Y,MAY,N,RICHMOND,RICHMOND,RICHMOND,N,Y,N,LOWER MAINLAND,MINORU BLVD # 006611 TO 006631 odd,MINORU BLVD,MINORU BLVD,15:00-17:59,1,0
N,PROPERTY DAMAGE ONLY,\N,N,2025,WEDNESDAY,UNDETERMINED,N,N,49.17351,-123.167209,Y,MAY,N,RICHMOND,RICHMOND,RICHMOND,Y,Y,N,LOWER MAINLAND,RIVER RD # 005000 TO 005499,RIVER RD,RIVER RD,15:00-17:59,1,0
N,PROPERTY DAMAGE ONLY,\N,N,2025,WEDNESDAY,UNDETERMINED,N,N,49.173896,-123.134106,Y,MAY,N,RICHMOND,RICHMOND,RICHMOND,Y,Y,N,LOWER MAINLAND,LANSDOWNE RD # 008001 TO 008399 odd,LANSDOWNE RD,LANSDOWNE RD,15:00-17:59,1,0
N,PROPERTY DAMAGE ONLY,\N,N,2025,WEDNESDAY,UNDETERMINED,N,N,49.174262,-121.946775,Y,MAY,N,CHILLIWACK,CHILLIWACK,CHILLIWACK,N,N,N,LOWER MAINLAND,BOLE AVE # 046124 TO 046199,BOLE AVE,BOLE AVE,15:00-17:59,1,0
N,PROPERTY DAMAGE ONLY,\N,N,2025,WEDNESDAY,UNDETERMINED,N,N,49.176995,-122.841483,Y,MAY,N,SURREY,SURREY,SURREY,Y,Y,N,LOWER MAINLAND,96 AVE # 013750 TO 013769,96 AVE,96 AVE,15:00-17:59,1,0
N,PROPERTY DAMAGE ONLY,\N,N,2025,WEDNESDAY,UNDETERMINED,N,N,49.17935,-122.835822,Y,MAY,N,SURREY,SURREY,SURREY,N,Y,N,LOWER MAINLAND,FRASER HWY # 013892 TO 013999,FRASER HWY,FRASER HWY,15:00-17:59,1,0
N,PROPERTY DAMAGE ONLY,\N,N,2025,WEDNESDAY,UNDETERMINED,N,N,49.180133,-122.955268,Y,MAY,N,NEW WESTMINSTER,NEW WESTMINSTER,NEW WESTMINSTER,Y,N,N,LOWER MAINLAND,PHILLIPS ST # 000200 TO 000224,PHILLIPS ST,PHILLIPS ST,15:00-17:59,1,0
N,PROPERTY DAMAGE ONLY,\N,N,2025,WEDNESDAY,UNDETERMINED,N,N,49.181719,-123.126351,Y,MAY,N,RICHMOND,RICHMOND,RICHMOND,Y,Y,N,LOWER MAINLAND,ODLIN RD # 008660 TO 008737,ODLIN RD,ODLIN RD,15:00-17:59,1,0
N,PROPERTY DAMAGE ONLY,\N,N,2025,WEDNESDAY,UNDETERMINED,N,N,49.191611,-122.858,Y,MAY,N,SURREY,SURREY,SURREY,N,Y,N,LOWER MAINLAND,104 AVE # 013100 TO 013198 even,104 AVE,104 AVE,15:00-17:59,1,0
N,PROPERTY DAMAGE ONLY,\N,N,2025,WEDNESDAY,UNDETERMINED,N,N,49.191742,-122.941666,Y,MAY,N,NEW WESTMINSTER,NEW WESTMINSTER,NEW WESTMINSTER,Y,Y,N,LOWER MAINLAND,WOOD ST # 000329 TO 000399,WOOD ST,WOOD ST,15:00-17:59,1,0
N,PROPERTY DAMAGE ONLY,\N,N,2025,WEDNESDAY,UNDETERMINED,N,N,49.194754,-123.178088,Y,MAY,N,RICHMOND,RICHMOND,RICHMOND,Y,N,N,LOWER MAINLAND,GRANT MCCONACHIE WAY # 003113 TO 003299 odd,GRANT MCCONACHIE WAY,GRANT MCCONACHIE WAY,15:00-17:59,1,0
N,PROPERTY DAMAGE ONLY,\N,N,2025,WEDNESDAY,UNDETERMINED,N,N,49.206162,-123.13774,Y,MAY,N,VANCOUVER,VANCOUVER,VANCOUVER,Y,Y,N,LOWER MAINLAND,CARTIER ST # 008736 TO 008799,CARTIER ST,CARTIER ST,15:00-17:59,1,0
N,PROPERTY DAMAGE ONLY,\N,N,2025,WEDNESDAY,UNDETERMINED,N,N,49.207957,-122.583576,Y,MAY,N,MAPLE RIDGE,MAPLE RIDGE,MAPLE RIDGE,Y,N,N,LOWER MAINLAND,PAZARENA PL # 011270 TO 011300,PAZARENA PL,PAZARENA PL,15:00-17:59,1,0
N,PROPERTY DAMAGE ONLY,\N,N,2025,WEDNESDAY,UNDETERMINED,N,N,49.213036,-122.504219,Y,MAY,N,MAPLE RIDGE,MAPLE RIDGE,MAPLE RIDGE,Y,N,N,LOWER MAINLAND,116 AVE # 025600 TO 026199,116 AVE,116 AVE,15:00-17:59,1,0
N,PROPERTY DAMAGE ONLY,\N,N,2025,WEDNESDAY,UNDETERMINED,N,N,49.217895,-122.911533,Y,MAY,N,NEW WESTMINSTER,NEW WESTMINSTER,NEW WESTMINSTER,Y,Y,N,LOWER MAINLAND,SIXTH AVE # 000035 TO 000099,SIXTH AVE,SIXTH AVE,15:00-17:59,1,0
N,PROPERTY DAMAGE ONLY,\N,N,2025,WEDNESDAY,UNDETERMINED,N,N,49.218,-122.645052,Y,MAY,N,MAPLE RIDGE,MAPLE RIDGE,MAPLE RIDGE,N,N,N,LOWER MAINLAND,LOUGHEED HWY # 020750 TO 020869,LOUGHEED HWY,LOUGHEED HWY,15:00-17:59,1,0
N,PROPERTY DAMAGE ONLY,\N,N,2025,WEDNESDAY,UNDETERMINED,N,N,49.218161,-123.127767,Y,MAY,N,VANCOUVER,VANCOUVER,VANCOUVER,Y,N,N,LOWER MAINLAND,W 58TH AVE # 000900 TO 000999,W 58TH AVE,W 58TH AVE,15:00-17:59,1,0
N,PROPERTY DAMAGE ONLY,\N,N,2025,WEDNESDAY,UNDETERMINED,N,N,49.220223,-122.966105,Y,MAY,N,BURNABY,BURNABY,BURNABY,Y,N,N,LOWER MAINLAND,BALMORAL ST # 006602 TO 006665,BALMORAL ST,BALMORAL ST,15:00-17:59,1,0
N,PROPERTY DAMAGE ONLY,\N,N,2025,WEDNESDAY,UNDETERMINED,N,N,49.232138,-123.162836,Y,MAY,N,VANCOUVER,VANCOUVER,VANCOUVER,N,N,N,LOWER MAINLAND,LARCH ST # 005900 TO 006051,LARCH ST,LARCH ST,15:00-17:59,1,0
N,PROPERTY DAMAGE ONLY,\N,N,2025,WEDNESDAY,UNDETERMINED,N,N,49.239931,-122.904965,Y,MAY,N,BURNABY,BURNABY,BURNABY,Y,N,N,LOWER MAINLAND,BRIAR RD # 009032 TO 009049,BRIAR RD,BRIAR RD,15:00-17:59,1,0
N,PROPERTY DAMAGE ONLY,\N,N,2025,WEDNESDAY,UNDETERMINED,N,N,49.242998,-123.004191,Y,MAY,N,BURNABY,BURNABY,BURNABY,Y,Y,N,LOWER MAINLAND,MOSCROP ST # 004401 TO 004499 odd,MOSCROP ST,MOSCROP ST,15:00-17:59,1,0
N,PROPERTY DAMAGE ONLY,\N,N,2025,WEDNESDAY,UNDETERMINED,N,N,49.248147,-123.127365,Y,MAY,N,VANCOUVER,VANCOUVER,VANCOUVER,Y,Y,N,LOWER MAINLAND,W 26TH AVE # 000985 TO 000999,W 26TH AVE,W 26TH AVE,15:00-17:59,1,0
N,PROPERTY DAMAGE ONLY,\N,N,2025,WEDNESDAY,UNDETERMINED,N,N,49.250511,-122.997534,Y,MAY,N,BURNABY,BURNABY,BURNABY,N,N,N,LOWER MAINLAND,WAYBURNE DR # 003701 TO 003999 odd,WAYBURNE DR,WAYBURNE DR,15:00-17:59,1,0
N,PROPERTY DAMAGE ONLY,\N,N,2025,WEDNESDAY,UNDETERMINED,N,N,49.251466,-122.864477,Y,MAY,N,COQUITLAM,COQUITLAM,COQUITLAM,Y,N,N,LOWER MAINLAND,KING ALBERT AVE # 001030 TO 001049,KING ALBERT AVE,KING ALBERT AVE,15:00-17:59,1,0
N,PROPERTY DAMAGE ONLY,\N,N,2025,WEDNESDAY,UNDETERMINED,N,N,49.251687,-122.966597,Y,MAY,N,BURNABY,BURNABY,BURNABY,Y,Y,N,LOWER MAINLAND,KENSINGTON AVE # 003601 TO 003799 odd,KENSINGTON AVE,KENSINGTON AVE,15:00-17:59,1,0
N,PROPERTY DAMAGE ONLY,\N,N,2025,WEDNESDAY,UNDETERMINED,N,N,49.258117,-122.872991,Y,MAY,N,COQUITLAM,COQUITLAM,COQUITLAM,Y,N,N,LOWER MAINLAND,COTTONWOOD AVE # 000817 TO 000921,COTTONWOOD AVE,COTTONWOOD AVE,15:00-17:59,1,0
N,PROPERTY DAMAGE ONLY,\N,N,2025,WEDNESDAY,UNDETERMINED,N,N,49.258173,-123.026161,Y,MAY,N,VANCOUVER,VANCOUVER,VANCOUVER,Y,Y,N,LOWER MAINLAND,GRANDVIEW HWY # 003500 TO 003699,GRANDVIEW HWY,GRANDVIEW HWY,15:00-17:59,1,0
N,PROPERTY DAMAGE ONLY,\N,N,2025,WEDNESDAY,UNDETERMINED,N,N,49.260419,-123.116342,Y,MAY,N,VANCOUVER,VANCOUVER,VANCOUVER,N,Y,N,LOWER MAINLAND,W 12TH AVE # 000500 TO 000599,W 12TH AVE,W 12TH AVE,15:00-17:59,1,0
N,PROPERTY DAMAGE ONLY,\N,N,2025,WEDNESDAY,UNDETERMINED,N,N,49.261303,-123.126686,Y,MAY,N,VANCOUVER,VANCOUVER,VANCOUVER,Y,N,N,LOWER MAINLAND,OAK ST # 002700 TO 002749,OAK ST,OAK ST,15:00-17:59,1,0
N,PROPERTY DAMAGE ONLY,\N,N,2025,WEDNESDAY,UNDETERMINED,N,N,49.262174,-123.138557,Y,MAY,N,VANCOUVER,VANCOUVER,VANCOUVER,Y,N,N,LOWER MAINLAND,GRANVILLE ST # 002600 TO 002699,GRANVILLE ST,GRANVILLE ST,15:00-17:59,1,0
N,PROPERTY DAMAGE ONLY,\N,N,2025,WEDNESDAY,UNDETERMINED,N,N,49.262332,-122.889063,Y,MAY,N,COQUITLAM,COQUITLAM,COQUITLAM,Y,Y,N,LOWER MAINLAND,CLARKE RD # 000566 TO 000599,CLARKE RD,CLARKE RD,15:00-17:59,1,0
N,PROPERTY DAMAGE ONLY,\N,N,2025,WEDNESDAY,UNDETERMINED,N,N,49.263539,-123.134904,Y,MAY,N,VANCOUVER,VANCOUVER,VANCOUVER,Y,Y,N,LOWER MAINLAND,W BROADWAY # 001300 TO 001399,W BROADWAY,W BROADWAY,15:00-17:59,1,0
N,PROPERTY DAMAGE ONLY,\N,N,2025,WEDNESDAY,UNDETERMINED,N,N,49.263917,-123.018876,Y,MAY,N,BURNABY,BURNABY,BURNABY,Y,Y,N,LOWER MAINLAND,HENNING DR # 003700 TO 004099,HENNING DR,HENNING DR,15:00-17:59,1,0
N,PROPERTY DAMAGE ONLY,\N,N,2025,WEDNESDAY,UNDETERMINED,N,N,49.264205,-123.243809,Y,MAY,N,UBC,UBC,UBC,Y,Y,N,LOWER MAINLAND,WESBROOK MALL # 002201 TO 002299 odd,WESBROOK MALL,WESBROOK MALL,15:00-17:59,1,0
N,PROPERTY DAMAGE ONLY,\N,N,2025,WEDNESDAY,UNDETERMINED,N,N,49.264442,-122.769012,Y,MAY,N,PORT COQUITLAM,PORT COQUITLAM,PORT COQUITLAM,N,Y,N,LOWER MAINLAND,LOUGHEED HWY # 001901 TO 001999 odd,LOUGHEED HWY,LOUGHEED HWY,15:00-17:59,1,0
N,PROPERTY DAMAGE ONLY,\N,N,2025,WEDNESDAY,UNDETERMINED,N,N,49.265547,-123.103824,Y,MAY,N,VANCOUVER,VANCOUVER,VANCOUVER,Y,Y,N,LOWER MAINLAND,E 6TH AVE # 000000 TO 000099,E 6TH AVE,E 6TH AVE,15:00-17:59,1,0
N,PROPERTY DAMAGE ONLY,\N,N,2025,WEDNESDAY,UNDETERMINED,N,N,49.266537,-123.007121,Y,MAY,N,BURNABY,BURNABY,BURNABY,Y,Y,N,LOWER MAINLAND,LOUGHEED HWY # 004301 TO 004399 odd,LOUGHEED HWY,LOUGHEED HWY,15:00-17:59,1,0
N,PROPERTY DAMAGE ONLY,\N,N,2025,WEDNESDAY,UNDETERMINED,N,N,49.270321,-123.02624,Y,MAY,N,VANCOUVER,VANCOUVER,VANCOUVER,Y,Y,N,LOWER MAINLAND,GRAVELEY ST # 003580 TO 003599,GRAVELEY ST,GRAVELEY ST,15:00-17:59,1,0
N,PROPERTY DAMAGE ONLY,\N,N,2025,WEDNESDAY,UNDETERMINED,N,N,49.272505,-123.16438,Y,MAY,N,VANCOUVER,VANCOUVER,VANCOUVER,Y,Y,N,LOWER MAINLAND,TRAFALGAR ST # 001500 TO 001549,TRAFALGAR ST,TRAFALGAR ST,15:00-17:59,1,0
N,PROPERTY DAMAGE ONLY,\N,N,2025,WEDNESDAY,UNDETERMINED,N,N,49.27264,-123.158527,Y,MAY,N,VANCOUVER,VANCOUVER,VANCOUVER,Y,N,N,LOWER MAINLAND,CORNWALL AVE # 002300 TO 002399,CORNWALL AVE,CORNWALL AVE,15:00-17:59,1,0
N,PROPERTY DAMAGE ONLY,\N,N,2025,WEDNESDAY,UNDETERMINED,N,N,49.274411,-123.086751,Y,MAY,N,VANCOUVER,VANCOUVER,VANCOUVER,Y,N,N,LOWER MAINLAND,MALKIN AVE # 000800 TO 000849,MALKIN AVE,MALKIN AVE,15:00-17:59,1,0
N,PROPERTY DAMAGE ONLY,\N,N,2025,WEDNESDAY,UNDETERMINED,N,N,49.282834,-122.827994,Y,MAY,N,PORT MOODY,PORT MOODY,PORT MOODY,Y,Y,N,LOWER MAINLAND,IOCO RD # 000221 TO 000249 odd,IOCO RD,IOCO RD,15:00-17:59,1,0
N,PROPERTY DAMAGE ONLY,\N,N,2025,WEDNESDAY,UNDETERMINED,N,N,49.284451,-122.831743,Y,MAY,N,PORT MOODY,PORT MOODY,PORT MOODY,Y,Y,N,LOWER MAINLAND,IOCO RD # 000300 TO 000349,IOCO RD,IOCO RD,15:00-17:59,1,0
N,PROPERTY DAMAGE ONLY,\N,N,2025,WEDNESDAY,UNDETERMINED,N,N,49.287751,-123.114263,Y,MAY,N,VANCOUVER,VANCOUVER,VANCOUVER,Y,Y,N,LOWER MAINLAND,CANADA PL # 000800 TO 000999,CANADA PL,CANADA PL,15:00-17:59,1,0
N,PROPERTY DAMAGE ONLY,\N,N,2025,WEDNESDAY,UNDETERMINED,N,N,49.311856,-123.075974,Y,MAY,N,NORTH VANCOUVER,NORTH VANCOUVER,NORTH VANCOUVER,Y,N,N,LOWER MAINLAND,E 2ND ST # 000120 TO 000199,E 2ND ST,E 2ND ST,15:00-17:59,1,0
N,PROPERTY DAMAGE ONLY,\N,N,2025,WEDNESDAY,UNDETERMINED,N,N,49.321953,-117.665758,Y,MAY,N,CASTLEGAR,CASTLEGAR,CASTLEGAR,Y,Y,N,SOUTHERN INTERIOR,COLUMBIA AVE # 000601 TO 000649 odd,COLUMBIA AVE,COLUMBIA AVE,15:00-17:59,1,0
N,PROPERTY DAMAGE ONLY,\N,N,2025,WEDNESDAY,UNDETERMINED,N,N,49.335093,-123.11302,Y,MAY,N,NORTH VANCOUVER,NORTH VANCOUVER,NORTH VANCOUVER,Y,N,N,LOWER MAINLAND,PHILIP AVE # 002700 TO 002799,PHILIP AVE,PHILIP AVE,15:00-17:59,1,0
N,PROPERTY DAMAGE ONLY,\N,N,2025,WEDNESDAY,UNDETERMINED,N,N,49.336603,-123.093892,Y,MAY,N,NORTH VANCOUVER,NORTH VANCOUVER,NORTH VANCOUVER,Y,Y,N,LOWER MAINLAND,W QUEENS RD # 000850 TO 000869,W QUEENS RD,W QUEENS RD,15:00-17:59,1,0
N,PROPERTY DAMAGE ONLY,\N,N,2025,WEDNESDAY,UNDETERMINED,N,N,49.406736,-123.519661,Y,MAY,N,GIBSONS,GIBSONS,GIBSONS,Y,Y,N,LOWER MAINLAND,GIBSONS WAY # 000890 TO 000919,GIBSONS WAY,GIBSONS WAY,15:00-17:59,1,0
N,PROPERTY DAMAGE ONLY,\N,N,2025,WEDNESDAY,UNDETERMINED,N,N,49.484149,-115.074955,Y,MAY,N,FERNIE,FERNIE,FERNIE,Y,N,N,SOUTHERN INTERIOR,RIVERMOUNT PL # 000031 TO 000049,RIVERMOUNT PL,RIVERMOUNT PL,15:00-17:59,1,0
N,PROPERTY DAMAGE ONLY,\N,N,2025,WEDNESDAY,UNDETERMINED,N,N,49.499832,-117.289278,Y,MAY,N,NELSON,NELSON,NELSON,Y,Y,N,SOUTHERN INTERIOR,LAKESIDE DR # 001000 TO 001189,LAKESIDE DR,LAKESIDE DR,15:00-17:59,1,0
N,PROPERTY DAMAGE ONLY,\N,N,2025,WEDNESDAY,UNDETERMINED,N,N,49.520809,-115.758262,Y,MAY,N,CRANBROOK,CRANBROOK,CRANBROOK,Y,Y,N,SOUTHERN INTERIOR,CRANBROOK ST N # 000701 TO 001117 odd,CRANBROOK ST N,CRANBROOK ST N,15:00-17:59,1,0
N,PROPERTY DAMAGE ONLY,\N,N,2025,WEDNESDAY,UNDETERMINED,N,N,49.526680999999996,-115.740131,Y,MAY,N,CRANBROOK,CRANBROOK,CRANBROOK,N,N,N,SOUTHERN INTERIOR,EAGLE RIDGE PT N # 002970 TO 002999,EAGLE RIDGE PT N,EAGLE RIDGE PT N,15:00-17:59,1,0
N,PROPERTY DAMAGE ONLY,\N,N,2025,WEDNESDAY,UNDETERMINED,N,N,49.674244,-124.929041,Y,MAY,N,COMOX,COMOX,COMOX,Y,Y,N,VANCOUVER ISLAND,COMOX AVE # 001820 TO 001869,COMOX AVE,COMOX AVE,15:00-17:59,1,0
N,PROPERTY DAMAGE ONLY,\N,N,2025,WEDNESDAY,UNDETERMINED,N,N,49.828725,-119.623975,Y,MAY,N,WEST KELOWNA,WEST KELOWNA,WEST KELOWNA,N,N,N,SOUTHERN INTERIOR,DOBBIN RD # 002371 TO 002418,DOBBIN RD,DOBBIN RD,15:00-17:59,1,0
N,PROPERTY DAMAGE ONLY,\N,N,2025,WEDNESDAY,UNDETERMINED,N,N,49.85659,-119.489379,Y,MAY,N,KELOWNA,KELOWNA,KELOWNA,N,Y,N,SOUTHERN INTERIOR,RICHTER ST # 003300 TO 003355,RICHTER ST,RICHTER ST,15:00-17:59,1,0
N,PROPERTY DAMAGE ONLY,\N,N,2025,WEDNESDAY,UNDETERMINED,N,N,49.87038,-119.580249,Y,MAY,N,WEST KELOWNA,WEST KELOWNA,WEST KELOWNA,N,Y,N,SOUTHERN INTERIOR,DOMINION RD # 002300 TO 002341,DOMINION RD,DOMINION RD,15:00-17:59,1,0
N,PROPERTY DAMAGE ONLY,\N,N,2025,WEDNESDAY,UNDETERMINED,N,N,49.883367,-119.475137,Y,MAY,N,KELOWNA,KELOWNA,KELOWNA,Y,Y,N,SOUTHERN INTERIOR,HARVEY AVE # 001101 TO 001199 odd,HARVEY AVE,HARVEY AVE,15:00-17:59,1,0
N,PROPERTY DAMAGE ONLY,\N,N,2025,WEDNESDAY,UNDETERMINED,N,N,49.887359000000004,-119.430448,Y,MAY,N,KELOWNA,KELOWNA,KELOWNA,Y,Y,N,SOUTHERN INTERIOR,ENTERPRISE WAY # 002500 TO 002549,ENTERPRISE WAY,ENTERPRISE WAY,15:00-17:59,1,0
N,PROPERTY DAMAGE ONLY,\N,N,2025,WEDNESDAY,UNDETERMINED,N,N,49.889005,-119.494932,Y,MAY,N,KELOWNA,KELOWNA,KELOWNA,Y,Y,N,SOUTHERN INTERIOR,DOYLE AVE # 000300 TO 000499,DOYLE AVE,DOYLE AVE,15:00-17:59,1,0
N,PROPERTY DAMAGE ONLY,\N,N,2025,WEDNESDAY,UNDETERMINED,N,N,49.896528,-119.386861,Y,MAY,N,KELOWNA,KELOWNA,KELOWNA,N,Y,N,SOUTHERN INTERIOR,RUTLAND RD N # 000600 TO 000750,RUTLAND RD N,RUTLAND RD N,15:00-17:59,1,0
N,PROPERTY DAMAGE ONLY,\N,N,2025,WEDNESDAY,UNDETERMINED,N,N,50.030396,-125.274779,Y,MAY,N,CAMPBELL RIVER,CAMPBELL RIVER,CAMPBELL RIVER,Y,Y,N,VANCOUVER ISLAND,WILLOW ST # 001500 TO 001599,WILLOW ST,WILLOW ST,15:00-17:59,1,0
N,PROPERTY DAMAGE ONLY,\N,N,2025,WEDNESDAY,UNDETERMINED,N,N,50.123113,-120.751442,Y,MAY,N,MERRITT,MERRITT,MERRITT,N,Y,N,SOUTHERN INTERIOR,CRAWFORD AVE # 003900 TO 003939,CRAWFORD AVE,CRAWFORD AVE,15:00-17:59,1,0
N,PROPERTY DAMAGE ONLY,\N,N,2025,WEDNESDAY,UNDETERMINED,N,N,50.269815,-119.268848,Y,MAY,N,VERNON,VERNON,VERNON,Y,N,N,SOUTHERN INTERIOR,28A ST # 003800 TO 003899,28A ST,28A ST,15:00-17:59,1,0
N,PROPERTY DAMAGE ONLY,\N,N,2025,WEDNESDAY,UNDETERMINED,N,N,50.274742,-119.267248,Y,MAY,N,VERNON,VERNON,VERNON,Y,N,N,SOUTHERN INTERIOR,43 AVE # 002700 TO 002749,43 AVE,43 AVE,15:00-17:59,1,0
N,PROPERTY DAMAGE ONLY,\N,N,2025,WEDNESDAY,UNDETERMINED,N,N,50.424317,-127.48189,Y,MAY,N,PORT ALICE,PORT ALICE,PORT ALICE,Y,N,N,VANCOUVER ISLAND,MAQUINNA AVE # 001151 TO 001239,MAQUINNA AVE,MAQUINNA AVE,15:00-17:59,1,0
N,PROPERTY DAMAGE ONLY,\N,N,2025,WEDNESDAY,UNDETERMINED,N,N,50.652933,-120.402307,Y,MAY,N,KAMLOOPS,KAMLOOPS,KAMLOOPS,Y,N,N,SOUTHERN INTERIOR,ENGLEMANN CRT # 001920 TO 001999,ENGLEMANN CRT,ENGLEMANN CRT,15:00-17:59,1,0
N,PROPERTY DAMAGE ONLY,\N,N,2025,WEDNESDAY,UNDETERMINED,N,N,50.654876,-120.40473,Y,MAY,N,KAMLOOPS,KAMLOOPS,KAMLOOPS,Y,N,N,SOUTHERN INTERIOR,PINEGRASS ST # 001756 TO 001799,PINEGRASS ST,PINEGRASS ST,15:00-17:59,1,0
N,PROPERTY DAMAGE ONLY,\N,N,2025,WEDNESDAY,UNDETERMINED,N,N,51.091612,-121.587292,Y,MAY,N,CLINTON,CLINTON,CLINTON,Y,Y,N,NORTH CENTRAL,HWY 97 # 001400 TO 001499,CARIBOO HWY,CARIBOO HWY,15:00-17:59,1,0
N,PROPERTY DAMAGE ONLY,\N,N,2025,WEDNESDAY,UNDETERMINED,N,N,54.2241,-125.755665,Y,MAY,N,BURNS LAKE,BURNS LAKE,BURNS LAKE,Y,Y,N,NORTH CENTRAL,HWY 35 # 000101 TO 000151 odd,HWY 35,HWY 35,15:00-17:59,1,0
N,PROPERTY DAMAGE ONLY,\N,N,2025,WEDNESDAY,UNDETERMINED,Y,N,\N,\N,N,MAY,N,KELOWNA,KELOWNA,\N,N,N,N,SOUTHERN INTERIOR,UNKNOWN,COQUIHALLA HWY,COQUIHALLA HWY,15:00-17:59,1,0
N,PROPERTY DAMAGE ONLY,\N,N,2025,WEDNESDAY,UNDETERMINED,Y,N,49.095503,-116.512673,Y,MAY,N,CRESTON,CRESTON,CRESTON,Y,N,N,SOUTHERN INTERIOR,CANYON ST # 001004 TO 001049,CANYON ST,CANYON ST,15:00-17:59,1,0
N,PROPERTY DAMAGE ONLY,\N,N,2025,WEDNESDAY,UNDETERMINED,Y,N,49.196146,-123.079684,Y,MAY,N,RICHMOND,RICHMOND,RICHMOND,Y,Y,N,LOWER MAINLAND,VULCAN WAY # 012701 TO 013399 odd,VULCAN WAY,VULCAN WAY,15:00-17:59,1,0
N,PROPERTY DAMAGE ONLY,\N,Y,2025,WEDNESDAY,SINGLE VEHICLE,N,N,49.138932,-122.911639,Y,MAY,N,DELTA,DELTA,DELTA,Y,N,N,LOWER MAINLAND,GLENBROOK PL # 011200 TO 011299,GLENBROOK PL,GLENBROOK PL,15:00-17:59,1,0
N,PROPERTY DAMAGE ONLY,\N,Y,2025,WEDNESDAY,SINGLE VEHICLE,N,N,49.147746,-123.141507,Y,MAY,N,RICHMOND,RICHMOND,RICHMOND,N,N,N,LOWER MAINLAND,DANYLUK CRT # 009000 TO 009299,DANYLUK CRT,DANYLUK CRT,15:00-17:59,1,0
N,PROPERTY DAMAGE ONLY,102A AVE,N,2025,WEDNESDAY,SIDE SWIPE - SAME DIRECTION,N,Y,49.188746,-122.799501,N,MAY,N,SURREY,SURREY,SURREY,N,N,N,LOWER MAINLAND,102A AVE & 152A ST,152A ST,152A ST,15:00-17:59,1,0
N,PROPERTY DAMAGE ONLY,107A AVE,N,2025,WEDNESDAY,SIDE IMPACT,N,Y,49.1975,-122.845301,N,MAY,N,SURREY,SURREY,SURREY,N,N,N,LOWER MAINLAND,107A AVE & KING GEORGE BLVD,KING GEORGE BLVD,KING GEORGE BLVD,15:00-17:59,1,0
N,PROPERTY DAMAGE ONLY,10TH AVE,N,2025,WEDNESDAY,CONFLICTED,N,Y,49.226984,-124.797834,N,MAY,N,PORT ALBERNI,PORT ALBERNI,PORT ALBERNI,N,N,N,VANCOUVER ISLAND,10TH AVE & BRUCE ST,BRUCE ST,BRUCE ST,15:00-17:59,1,0
N,PROPERTY DAMAGE ONLY,130A ST,N,2025,WEDNESDAY,SINGLE VEHICLE,N,Y,49.177112,-122.861453,N,MAY,N,SURREY,SURREY,SURREY,N,N,N,LOWER MAINLAND,130A ST & 96 AVE,96 AVE,96 AVE,15:00-17:59,1,0
N,PROPERTY DAMAGE ONLY,132 ST,N,2025,WEDNESDAY,REAR END,N,Y,49.108198,-122.856719,N,MAY,N,SURREY,SURREY,SURREY,N,N,N,LOWER MAINLAND,132 ST & 58 AVE,HWY 10,HWY 10,15:00-17:59,1,0
N,PROPERTY DAMAGE ONLY,137A ST,N,2025,WEDNESDAY,REAR END,N,Y,49.176991,-122.842121,N,MAY,N,SURREY,SURREY,SURREY,N,N,N,LOWER MAINLAND,137A ST & 96 AVE,96 AVE,96 AVE,15:00-17:59,1,0
N,PROPERTY DAMAGE ONLY,138 ST,N,2025,WEDNESDAY,SIDE IMPACT,N,Y,49.133576,-122.838651,N,MAY,N,SURREY,SURREY,SURREY,N,N,N,LOWER MAINLAND,138 ST & 72 AVE,72 AVE,72 AVE,15:00-17:59,2,0
N,PROPERTY DAMAGE ONLY,144 ST,N,2025,WEDNESDAY,CONFLICTED,N,Y,49.162858,-122.823427,N,MAY,N,SURREY,SURREY,SURREY,N,N,N,LOWER MAINLAND,144 ST & 88 AVE,88 AVE,88 AVE,15:00-17:59,1,0
N,PROPERTY DAMAGE ONLY,144 ST,N,2025,WEDNESDAY,REAR END,N,Y,49.133735,-122.823337,N,MAY,N,SURREY,SURREY,SURREY,N,N,N,LOWER MAINLAND,144 ST & 72 AVE,72 AVE,72 AVE,15:00-17:59,1,0
N,PROPERTY DAMAGE ONLY,144 ST,N,2025,WEDNESDAY,UNDETERMINED,N,Y,49.127178,-122.823318,N,MAY,N,SURREY,SURREY,SURREY,N,N,N,LOWER MAINLAND,144 ST & 68A AVE,68A AVE,68A AVE,15:00-17:59,1,0
N,PROPERTY DAMAGE ONLY,150 ST,N,2025,WEDNESDAY,SIDE SWIPE - SAME DIRECTION,N,Y,49.168148,-122.806734,N,MAY,N,SURREY,SURREY,SURREY,N,N,N,LOWER MAINLAND,150 ST & FRASER HWY,FRASER HWY,FRASER HWY,15:00-17:59,1,0
N,PROPERTY DAMAGE ONLY,152 ST,N,2025,WEDNESDAY,REAR END,N,Y,49.06158,-122.801183,N,MAY,N,SURREY,SURREY,SURREY,N,N,N,LOWER MAINLAND,152 ST & 32 AVE DIVERSION & TURNING LANE,32 AVE DIVERS,32 AVE DIVERS,15:00-17:59,1,0
N,PROPERTY DAMAGE ONLY,152 ST,N,2025,WEDNESDAY,REAR END,N,Y,49.19698,-122.800532,N,MAY,N,SURREY,SURREY,SURREY,N,N,N,LOWER MAINLAND,152 ST & 152 ST OFFRAMP & 152 ST ONRAMP & FERGUSON DIVERSION & GUILDFORD DR & TURNING LANE,GUILDFORD DR,GUILDFORD DR,15:00-17:59,1,0
N,PROPERTY DAMAGE ONLY,152 ST,N,2025,WEDNESDAY,SIDE SWIPE - SAME DIRECTION,N,Y,49.162842,-122.801493,N,MAY,N,SURREY,SURREY,SURREY,N,N,N,LOWER MAINLAND,152 ST & 88 AVE,88 AVE,88 AVE,15:00-17:59,1,0
N,PROPERTY DAMAGE ONLY,153 ST,N,2025,WEDNESDAY,SINGLE VEHICLE,N,Y,49.045577,-122.798459,N,MAY,N,SURREY,SURREY,SURREY,N,N,N,LOWER MAINLAND,153 ST & 24 AVE,24 AVE,24 AVE,15:00-17:59,1,0
N,PROPERTY DAMAGE ONLY,156 ST,N,2025,WEDNESDAY,SINGLE VEHICLE,N,Y,49.161746,-122.790201,N,MAY,N,SURREY,SURREY,SURREY,N,N,N,LOWER MAINLAND,156 ST & FRASER HWY & TURNING LANE,FRASER HWY,FRASER HWY,15:00-17:59,1,0
N,PROPERTY DAMAGE ONLY,16 AVE,N,2025,WEDNESDAY,UNDETERMINED,N,Y,49.031065,-122.779177,N,MAY,N,SURREY,SURREY,SURREY & WHITE ROCK,N,N,N,LOWER MAINLAND,16 AVE & 160 ST & NORTH BLUFF RD & STAYTE RD,160 ST,160 ST,15:00-17:59,1,0
N,PROPERTY DAMAGE ONLY,160 ST,N,2025,WEDNESDAY,REAR END,N,Y,49.151821,-122.77889,N,MAY,N,SURREY,SURREY,SURREY,N,N,N,LOWER MAINLAND,160 ST & 82 AVE,82 AVE,82 AVE,15:00-17:59,1,0
N,PROPERTY DAMAGE ONLY,160 ST,N,2025,WEDNESDAY,REAR END,N,Y,49.192103,-122.777815,N,MAY,N,SURREY,SURREY,SURREY,N,N,N,LOWER MAINLAND,104 AVE & 104 AVE OFFRAMP & 104 AVE ONRAMP & 104 AVENUE FLYOVER & 160 ST & 160 ST ONRAMP & 164 ST & 164 ST OFFRAMP & HWY 1 ONRAMP & TRANS-CANADA HWY & EMERGENCY LANE & TURNING LANE,104 AVE,104 AVE,15:00-17:59,1,0
N,PROPERTY DAMAGE ONLY,181 ST,N,2025,WEDNESDAY,SIDE IMPACT,N,Y,49.122761,-122.720927,N,MAY,N,SURREY,SURREY,SURREY,Y,N,N,LOWER MAINLAND,181 ST & 66 AVE,66 AVE,66 AVE,15:00-17:59,1,0
N,PROPERTY DAMAGE ONLY,184 ST,N,2025,WEDNESDAY,REAR END,N,Y,49.118731,-122.71259,N,MAY,N,SURREY,SURREY,SURREY,N,N,N,LOWER MAINLAND,184 ST & 64 AVE,64 AVE,64 AVE,15:00-17:59,1,0
N,PROPERTY DAMAGE ONLY,19 AVE,N,2025,WEDNESDAY,CONFLICTED,N,Y,49.03684,-123.068654,N,MAY,N,DELTA,DELTA,DELTA,N,N,N,LOWER MAINLAND,19 AVE & 56 ST,56 ST,56 ST,15:00-17:59,1,0
N,PROPERTY DAMAGE ONLY,19TH ST W,N,2025,WEDNESDAY,UNDETERMINED,N,N,\N,\N,N,MAY,N,NORTH VANCOUVER,NORTH VANCOUVER,\N,Y,N,N,LOWER MAINLAND,UNKNOWN,CHESTERFIELD AVE,CHESTERFIELD AVE,15:00-17:59,1,0
N,PROPERTY DAMAGE ONLY,1ST AVE,Y,2025,WEDNESDAY,SINGLE VEHICLE,N,N,\N,\N,N,MAY,N,CHILLIWACK,CHILLIWACK,\N,N,N,N,LOWER MAINLAND,UNKNOWN,YOUNG RD,YOUNG RD,15:00-17:59,1,0
N,PROPERTY DAMAGE ONLY,200 ST,N,2025,WEDNESDAY,SIDE SWIPE - SAME DIRECTION,N,Y,49.104342,-122.668826,N,MAY,N,LANGLEY,LANGLEY,LANGLEY,N,N,N,LOWER MAINLAND,200 ST & 56 AVE,56 AVE,56 AVE,15:00-17:59,1,0
N,PROPERTY DAMAGE ONLY,200 ST,N,2025,WEDNESDAY,SIDE SWIPE - SAME DIRECTION,N,Y,49.220396,-122.666544,N,MAY,N,MAPLE RIDGE,MAPLE RIDGE,MAPLE RIDGE,N,N,N,LOWER MAINLAND,200 ST & MAPLE MEADOWS WAY & MAPLE MEADOWS WAY OFFRAMP & TURNING LANE,MAPLE MEADOWS WAY,MAPLE MEADOWS WAY,15:00-17:59,1,0
N,PROPERTY DAMAGE ONLY,201 ST,N,2025,WEDNESDAY,SIDE IMPACT,N,Y,49.173334,-122.667481,N,MAY,N,LANGLEY,LANGLEY,LANGLEY,N,N,N,LOWER MAINLAND,200 ST & 201 ST & TURNING LANE,200 ST,200 ST,15:00-17:59,1,0
N,PROPERTY DAMAGE ONLY,203 ST,N,2025,WEDNESDAY,REAR END,N,Y,49.177005,-122.661071,N,MAY,N,LANGLEY,LANGLEY,LANGLEY,N,N,N,LOWER MAINLAND,203 ST & 96 AVE,96 AVE,96 AVE,15:00-17:59,1,0
N,PROPERTY DAMAGE ONLY,203 ST,N,2025,WEDNESDAY,SIDE IMPACT,N,Y,49.242284,-122.655845,N,MAY,N,MAPLE RIDGE,MAPLE RIDGE,MAPLE RIDGE & PITT MEADOWS,N,N,N,LOWER MAINLAND,132 AVE & 203 ST & OLD DEWDNEY TRUNK RD & SHARPE RD,DEWDNEY TRUNK RD,DEWDNEY TRUNK RD,15:00-17:59,1,0
N,PROPERTY DAMAGE ONLY,216 ST,N,2025,WEDNESDAY,SIDE SWIPE - SAME DIRECTION,N,Y,49.152312,-122.624191,N,MAY,N,LANGLEY,LANGLEY,LANGLEY,N,N,N,LOWER MAINLAND,216 ST & 216 ST OFFRAMP & TRANS-CANADA HWY & TRANS-CANADA HWY ONRAMP & TURNING LANE,HWY 1,HWY 1,15:00-17:59,1,0
N,PROPERTY DAMAGE ONLY,224 ST,N,2025,WEDNESDAY,SIDE IMPACT,N,Y,49.089304,-122.603487,N,MAY,N,LANGLEY,LANGLEY,LANGLEY,Y,Y,N,LOWER MAINLAND,224 ST & 48 AVE,48 AVE,48 AVE,15:00-17:59,1,0
N,PROPERTY DAMAGE ONLY,22ND AVE,N,2025,WEDNESDAY,SIDE SWIPE - SAME DIRECTION,N,Y,53.903595,-122.781698,N,MAY,N,PRINCE GEORGE,PRINCE GEORGE,PRINCE GEORGE,N,N,N,NORTH CENTRAL,22ND AVE & CENTRAL ST E & GRIFFITHS AVE & HWY 97 S & WESTWOOD DR & TURNING LANE,HWY 97,HWY 97,15:00-17:59,1,0
N,PROPERTY DAMAGE ONLY,232 ST,N,2025,WEDNESDAY,SIDE IMPACT,N,Y,49.136327,-122.581328,N,MAY,N,LANGLEY,LANGLEY,LANGLEY,N,N,N,LOWER MAINLAND,232 ST & 232 ST OFFRAMP & 232 ST ONRAMP & 72 AVE & 72 AVE ONRAMP & TRANS-CANADA HWY,HWY 1,HWY 1,15:00-17:59,1,0
N,PROPERTY DAMAGE ONLY,232 STREET,N,2025,WEDNESDAY,SIDE SWIPE - SAME DIRECTION,N,N,\N,\N,N,MAY,N,LANGLEY,LANGLEY,\N,N,N,N,LOWER MAINLAND,UNKNOWN,HWY 01,HWY 01,15:00-17:59,1,0
N,PROPERTY DAMAGE ONLY,24 AVE,N,2025,WEDNESDAY,CONFLICTED,N,Y,49.045591,-122.79019,N,MAY,N,SURREY,SURREY,SURREY,N,N,N,LOWER MAINLAND,156 ST & 24 AVE,156 ST,156 ST,15:00-17:59,1,0
N,PROPERTY DAMAGE ONLY,24 AVE,N,2025,WEDNESDAY,HEAD ON,N,Y,49.045597,-122.768119,N,MAY,N,SURREY,SURREY,SURREY,N,N,N,LOWER MAINLAND,164 ST & 24 AVE & OAK MEADOWS DR,164 ST,164 ST,15:00-17:59,1,0
N,PROPERTY DAMAGE ONLY,24 AVE,N,2025,WEDNESDAY,SIDE IMPACT,Y,Y,49.045682,-122.702466,N,MAY,N,SURREY,SURREY,SURREY,N,N,N,LOWER MAINLAND,188 ST & 24 AVE,188 ST,188 ST,15:00-17:59,1,0
N,PROPERTY DAMAGE ONLY,240 ST,N,2025,WEDNESDAY,REAR END,N,Y,49.030604,-122.559632,N,MAY,N,LANGLEY,LANGLEY,LANGLEY,N,N,N,LOWER MAINLAND,16 AVE & 240 ST,16 AVE,16 AVE,15:00-17:59,1,0
N,PROPERTY DAMAGE ONLY,24TH ST,N,2025,WEDNESDAY,UNDETERMINED,N,Y,49.334168,-123.179267,N,MAY,N,WEST VANCOUVER,WEST VANCOUVER,WEST VANCOUVER,N,N,N,LOWER MAINLAND,24TH ST & MARINE DR,MARINE DR,MARINE DR,15:00-17:59,1,0
N,PROPERTY DAMAGE ONLY,25TH ST,N,2025,WEDNESDAY,SIDE SWIPE - SAME DIRECTION,N,Y,49.334934,-123.182413,N,MAY,N,WEST VANCOUVER,WEST VANCOUVER,WEST VANCOUVER,N,N,N,LOWER MAINLAND,25TH ST & MARINE DR,MARINE DR,MARINE DR,15:00-17:59,1,0
N,PROPERTY DAMAGE ONLY,27 ST,N,2025,WEDNESDAY,REAR END,N,Y,50.274736,-119.266618,N,MAY,N,VERNON,VERNON,VERNON,N,N,N,SOUTHERN INTERIOR,27 ST & 43 AVE,43 AVE,43 AVE,15:00-17:59,1,0
N,PROPERTY DAMAGE ONLY,27TH AVE N,N,2025,WEDNESDAY,REAR END,N,Y,49.095444,-116.491849,N,MAY,N,CRESTON,CRESTON,CRESTON & ERICKSON,N,N,N,SOUTHERN INTERIOR,27TH AVE N & CANYON ST & HWY 3,HWY 3,HWY 3,15:00-17:59,1,0
N,PROPERTY DAMAGE ONLY,2ND AVE W,N,2025,WEDNESDAY,REAR END,N,Y,54.313356,-130.325784,N,MAY,N,PRINCE RUPERT,PRINCE RUPERT,PRINCE RUPERT,N,N,N,NORTH CENTRAL,2ND AVE W & 3RD ST,3RD ST,3RD ST,15:00-17:59,1,0
N,PROPERTY DAMAGE ONLY,32 AVE,N,2025,WEDNESDAY,OVERTAKING,Y,Y,49.060121,-122.686037,N,MAY,N,SURREY,SURREY,SURREY,N,N,N,LOWER MAINLAND,194 ST & 32 AVE,194 ST,194 ST,15:00-17:59,1,0
N,PROPERTY DAMAGE ONLY,32 AVE,N,2025,WEDNESDAY,REAR END,N,Y,50.265325,-119.27379,N,MAY,N,VERNON,VERNON,VERNON,N,N,N,SOUTHERN INTERIOR,32 AVE & 32 ST,HWY 97,HWY 97,15:00-17:59,1,0
N,PROPERTY DAMAGE ONLY,34A ST,N,2025,WEDNESDAY,REAR END,N,Y,50.260684,-119.277926,N,MAY,N,VERNON,VERNON,VERNON,N,N,N,SOUTHERN INTERIOR,25 AVE & 34A ST,25 AVE,25 AVE,15:00-17:59,1,0
N,PROPERTY DAMAGE ONLY,35 ST,N,2025,WEDNESDAY,REAR END,N,Y,50.267775,-119.279243,N,MAY,N,VERNON,VERNON,VERNON,Y,N,N,SOUTHERN INTERIOR,35 ST & CENTENNIAL DR,CENTENNIAL DR,CENTENNIAL DR,15:00-17:59,1,0
N,PROPERTY DAMAGE ONLY,39 AVE,N,2025,WEDNESDAY,SINGLE VEHICLE,N,Y,50.270157,-119.242619,N,MAY,N,VERNON,VERNON,VERNON,N,Y,N,SOUTHERN INTERIOR,39 AVE & MUTRIE RD,MUTRIE RD,MUTRIE RD,15:00-17:59,1,0
N,PROPERTY DAMAGE ONLY,3RD AVE,N,2025,WEDNESDAY,SIDE SWIPE - SAME DIRECTION,N,Y,49.243507,-124.807549,N,MAY,N,PORT ALBERNI,PORT ALBERNI,PORT ALBERNI,N,N,N,VANCOUVER ISLAND,3RD AVE & BUTE ST,BUTE ST,BUTE ST,15:00-17:59,1,0
N,PROPERTY DAMAGE ONLY,3RD AVE,N,2025,WEDNESDAY,UNDETERMINED,N,Y,50.672291,-120.334425,N,MAY,N,KAMLOOPS,KAMLOOPS,KAMLOOPS,Y,N,N,SOUTHERN INTERIOR,3RD AVE & NICOLA ST,NICOLA ST,NICOLA ST,15:00-17:59,1,0
N,PROPERTY DAMAGE ONLY,44 AVE,N,2025,WEDNESDAY,SIDE SWIPE - SAME DIRECTION,N,Y,49.081956,-122.820493,N,MAY,N,SURREY,SURREY,SURREY,N,N,N,LOWER MAINLAND,44 AVE & KING GEORGE BLVD,KING GEORGE BLVD,KING GEORGE BLVD,15:00-17:59,1,0
N,PROPERTY DAMAGE ONLY,4TH AVE,N,2025,WEDNESDAY,UNDETERMINED,N,Y,50.675839,-120.331991,N,MAY,N,KAMLOOPS,KAMLOOPS,KAMLOOPS,Y,Y,N,SOUTHERN INTERIOR,4TH AVE & VICTORIA ST,VICTORIA ST,VICTORIA ST,15:00-17:59,1,0
N,PROPERTY DAMAGE ONLY,56 ST,N,2025,WEDNESDAY,UNDETERMINED,N,Y,49.024694,-123.068667,N,MAY,N,DELTA,DELTA,DELTA,Y,Y,N,LOWER MAINLAND,12 AVE & 56 ST,12 AVE,12 AVE,15:00-17:59,1,0
N,PROPERTY DAMAGE ONLY,60 AVE,N,2025,WEDNESDAY,SIDE IMPACT,N,Y,49.111793,-122.812263,N,MAY,N,SURREY,SURREY,SURREY,N,N,N,LOWER MAINLAND,148 ST & 60 AVE,148 ST,148 ST,15:00-17:59,1,0
N,PROPERTY DAMAGE ONLY,64 AVE,N,2025,WEDNESDAY,REAR END,N,Y,49.119069,-122.801005,N,MAY,N,SURREY,SURREY,SURREY,N,N,N,LOWER MAINLAND,152 ST & 64 AVE,152 ST,152 ST,15:00-17:59,1,0
N,PROPERTY DAMAGE ONLY,64 AVE,N,2025,WEDNESDAY,REAR END,N,Y,49.119071,-122.679946,N,MAY,N,LANGLEY,LANGLEY,LANGLEY & SURREY,N,N,N,LOWER MAINLAND,196 ST & 64 AVE,196 ST,196 ST,15:00-17:59,1,0
N,PROPERTY DAMAGE ONLY,66 AVE,N,2025,WEDNESDAY,REAR END,N,Y,49.12371,-122.67988,N,MAY,N,LANGLEY,LANGLEY,LANGLEY & SURREY,N,N,N,LOWER MAINLAND,196 ST & 66 AVE,196 ST,196 ST,15:00-17:59,1,0
N,PROPERTY DAMAGE ONLY,68 AVE,N,2025,WEDNESDAY,REAR END,N,Y,49.126227,-122.845525,N,MAY,N,SURREY,SURREY,SURREY,N,N,N,LOWER MAINLAND,68 AVE & KING GEORGE BLVD & TURNING LANE,KING GEORGE BLVD,KING GEORGE BLVD,15:00-17:59,1,0
N,PROPERTY DAMAGE ONLY,72 AVE,N,2025,WEDNESDAY,CONFLICTED,N,Y,49.133236,-122.645714,N,MAY,N,LANGLEY,LANGLEY,LANGLEY,N,N,N,LOWER MAINLAND,208 ST & 72 AVE & TURNING LANE,208 ST,208 ST,15:00-17:59,1,0
N,PROPERTY DAMAGE ONLY,76 AVE,N,2025,WEDNESDAY,REAR END,N,Y,49.142101,-122.756543,N,MAY,N,SURREY,SURREY,SURREY,N,N,N,LOWER MAINLAND,168 ST & 76 AVE,168 ST,168 ST,15:00-17:59,1,0
N,PROPERTY DAMAGE ONLY,78 AVE,N,2025,WEDNESDAY,UNDETERMINED,N,Y,49.144717,-122.867915,N,MAY,N,SURREY,SURREY,SURREY,N,N,N,LOWER MAINLAND,128 ST & 78 AVE & ANVIL WAY,128 ST,128 ST,15:00-17:59,1,0
N,PROPERTY DAMAGE ONLY,81A AVE,N,2025,WEDNESDAY,UNDETERMINED,N,Y,49.150863,-122.845593,N,MAY,N,SURREY,SURREY,SURREY,N,N,N,LOWER MAINLAND,81A AVE & KING GEORGE BLVD,KING GEORGE HWY,KING GEORGE HWY,15:00-17:59,1,0
N,PROPERTY DAMAGE ONLY,88 AVE,N,2025,WEDNESDAY,REAR END,N,Y,49.162803,-122.656953,N,MAY,N,LANGLEY,LANGLEY,LANGLEY,N,N,N,LOWER MAINLAND,204 ST & 88 AVE,204 ST,204 ST,15:00-17:59,1,0
N,PROPERTY DAMAGE ONLY,88 AVE,N,2025,WEDNESDAY,SIDE IMPACT,N,Y,49.163208,-122.890341,N,MAY,N,DELTA,DELTA,DELTA & SURREY,Y,Y,N,LOWER MAINLAND,120 ST & 88 AVE,120 ST,120 ST,15:00-17:59,1,0
N,PROPERTY DAMAGE ONLY,8TH ST,N,2025,WEDNESDAY,SINGLE VEHICLE,N,N,\N,\N,N,MAY,N,KAMLOOPS,KAMLOOPS,\N,N,N,N,SOUTHERN INTERIOR,UNKNOWN,ORD RD,ORD RD,15:00-17:59,1,0
N,PROPERTY DAMAGE ONLY,93 AVE,N,2025,WEDNESDAY,REAR END,N,Y,49.171203,-122.645882,N,MAY,N,LANGLEY,LANGLEY,LANGLEY,N,N,N,LOWER MAINLAND,208 ST & 93 AVE,208 ST,208 ST,15:00-17:59,1,0
N,PROPERTY DAMAGE ONLY,94 AVE,N,2025,WEDNESDAY,REAR END,N,Y,49.173395,-122.690557,N,MAY,N,SURREY,SURREY,SURREY,N,N,N,LOWER MAINLAND,192 ST & 94 AVE,192 ST,192 ST,15:00-17:59,1,0
N,PROPERTY DAMAGE ONLY,96 AVE,N,2025,WEDNESDAY,REAR END,N,Y,49.176409,-122.734716,N,MAY,N,SURREY,SURREY,SURREY,N,N,N,LOWER MAINLAND,176 ST & 96 AVE & GOLDEN EARS WAY & TURNING LANE,176 ST,176 ST,15:00-17:59,1,0
N,PROPERTY DAMAGE ONLY,96B AVE,N,2025,WEDNESDAY,SIDE IMPACT,N,Y,49.178534,-122.867908,N,MAY,N,SURREY,SURREY,SURREY,N,N,N,LOWER MAINLAND,128 ST & 96B AVE,128 ST,128 ST,15:00-17:59,1,0
N,PROPERTY DAMAGE ONLY,ALASKA HWY,N,2025,WEDNESDAY,REAR END,N,Y,56.239587,-120.854933,N,MAY,N,FORT ST. JOHN,FORT ST. JOHN,FORT ST. JOHN,N,N,N,NORTH CENTRAL,104 ST & 107 ST & ALASKA RD N & ALASKA RD S & HWY 97 N & TURNING LANE,107 ST,107 ST,15:00-17:59,1,0
N,PROPERTY DAMAGE ONLY,ALBERNI ST,N,2025,WEDNESDAY,UNDETERMINED,N,Y,49.28535,-123.123706,N,MAY,N,VANCOUVER,VANCOUVER,VANCOUVER,Y,N,N,LOWER MAINLAND,ALBERNI ST & THURLOW ST,THURLOW ST,THURLOW ST,15:00-17:59,1,0
N,PROPERTY DAMAGE ONLY,ALPHA AVE,N,2025,WEDNESDAY,SIDE SWIPE - SAME DIRECTION,N,Y,49.266367,-123.000386,N,MAY,Y,BURNABY,BURNABY,BURNABY,N,N,N,LOWER MAINLAND,ALPHA AVE & ALPHA WAY & LOUGHEED HWY,LOUGHEED HWY,LOUGHEED HWY,15:00-17:59,1,0
N,PROPERTY DAMAGE ONLY,ARCOLA ST,N,2025,WEDNESDAY,SINGLE VEHICLE,N,Y,49.2193,-122.952724,N,MAY,N,BURNABY,BURNABY,BURNABY,N,N,N,LOWER MAINLAND,ARCOLA ST & WALKER AVE,WALKER AVE,WALKER AVE,15:00-17:59,1,0
N,PROPERTY DAMAGE ONLY,ASPEN ST,N,2025,WEDNESDAY,REAR END,N,Y,50.692861,-120.354486,N,MAY,N,KAMLOOPS,KAMLOOPS,KAMLOOPS,N,N,N,SOUTHERN INTERIOR,ASPEN ST & FORTUNE DR,FORTUNE DR,FORTUNE DR,15:00-17:59,1,0
N,PROPERTY DAMAGE ONLY,BARCLAY ST,N,2025,WEDNESDAY,UNDETERMINED,N,Y,49.28188,-123.124968,N,MAY,N,VANCOUVER,VANCOUVER,VANCOUVER,N,N,N,LOWER MAINLAND,BARCLAY ST & BURRARD ST,BURRARD ST,BURRARD ST,15:00-17:59,1,0
N,PROPERTY DAMAGE ONLY,BAUER ST,N,2025,WEDNESDAY,UNDETERMINED,Y,Y,49.266398,-123.067394,N,MAY,N,VANCOUVER,VANCOUVER,VANCOUVER,Y,N,N,LOWER MAINLAND,BAUER ST & MCSPADDEN AVE,MCSPADDEN AVE,MCSPADDEN AVE,15:00-17:59,1,0
N,PROPERTY DAMAGE ONLY,BAY ST,N,2025,WEDNESDAY,REAR END,N,Y,48.435581,-123.362734,N,MAY,N,VICTORIA,VICTORIA,VICTORIA,N,N,N,VANCOUVER ISLAND,BAY ST & BLANSHARD ST & TURNING LANE,BLANSHARD ST,BLANSHARD ST,15:00-17:59,1,0
N,PROPERTY DAMAGE ONLY,BAYSWATER ST,N,2025,WEDNESDAY,UNDETERMINED,N,Y,49.264126,-123.171241,N,MAY,N,VANCOUVER,VANCOUVER,VANCOUVER,N,N,N,LOWER MAINLAND,BAYSWATER ST & W BROADWAY,W BROADWAY,W BROADWAY,15:00-17:59,1,0
N,PROPERTY DAMAGE ONLY,BEEDIE ST,N,2025,WEDNESDAY,UNDETERMINED,N,Y,49.190934,-122.994295,N,MAY,N,BURNABY,BURNABY,BURNABY,N,N,N,LOWER MAINLAND,BEEDIE ST & LOWLAND DR,LOWLAND DR,LOWLAND DR,15:00-17:59,1,0
N,PROPERTY DAMAGE ONLY,BELLEVILLE ST,N,2025,WEDNESDAY,REAR END,N,Y,48.421604,-123.374142,N,MAY,N,VICTORIA,VICTORIA,VICTORIA,Y,N,N,VANCOUVER ISLAND,BELLEVILLE ST & OSWEGO ST,OSWEGO ST,OSWEGO ST,15:00-17:59,1,0
N,PROPERTY DAMAGE ONLY,BERNARD AVE,N,2025,WEDNESDAY,UNDETERMINED,N,Y,49.887179,-119.460838,N,MAY,N,KELOWNA,KELOWNA,KELOWNA,N,N,N,SOUTHERN INTERIOR,BERNARD AVE & CHERRY CRES W,CHERRY CRES W,CHERRY CRES W,15:00-17:59,1,0
N,PROPERTY DAMAGE ONLY,BETA AVE,N,2025,WEDNESDAY,CONFLICTED,N,Y,49.280984,-122.997474,N,MAY,N,BURNABY,BURNABY,BURNABY,N,N,N,LOWER MAINLAND,BETA AVE & HASTINGS ST,HASTINGS ST,HASTINGS ST,15:00-17:59,1,0
N,PROPERTY DAMAGE ONLY,BIRNEY AVE,N,2025,WEDNESDAY,CONFLICTED,N,Y,49.253514,-123.235282,N,MAY,N,UBC,UBC,UBC,Y,N,N,LOWER MAINLAND,BIRNEY AVE & SHRUM LANE,SHRUM LANE,SHRUM LANE,15:00-17:59,1,0
N,PROPERTY DAMAGE ONLY,BLENHEIM ST,N,2025,WEDNESDAY,SIDE SWIPE - SAME DIRECTION,N,Y,49.233808,-123.178712,N,MAY,N,VANCOUVER,VANCOUVER,VANCOUVER,N,N,N,LOWER MAINLAND,BLENHEIM ST & W 42ND AVE,W 42ND AVE,W 42ND AVE,15:00-17:59,1,0
N,PROPERTY DAMAGE ONLY,BLUE MOUNTAIN ST,N,2025,WEDNESDAY,REAR TO REAR,N,Y,49.241699,-122.872939,N,MAY,N,COQUITLAM,COQUITLAM,COQUITLAM,Y,N,N,LOWER MAINLAND,BLUE MOUNTAIN ST & DELESTRE AVE,DELESTRE AVE,DELESTRE AVE,15:00-17:59,1,0
N,PROPERTY DAMAGE ONLY,BORDEN ST,N,2025,WEDNESDAY,CONFLICTED,N,Y,49.211071,-123.074013,N,MAY,N,VANCOUVER,VANCOUVER,VANCOUVER,N,N,N,LOWER MAINLAND,BORDEN ST & SE MARINE DR,SE MARINE DR,SE MARINE DR,15:00-17:59,1,0
N,PROPERTY DAMAGE ONLY,BOUNDARY RD,N,2025,WEDNESDAY,REAR END,N,Y,49.205426,-123.023441,N,MAY,N,BURNABY,BURNABY,BURNABY & VANCOUVER,N,N,N,LOWER MAINLAND,BOUNDARY RD & MARINE WAY & TURNING LANE,MARINE WAY,MARINE WAY,15:00-17:59,1,0
N,PROPERTY DAMAGE ONLY,BRECHIN RD,N,2025,WEDNESDAY,REAR END,N,Y,49.18968,-123.964433,N,MAY,N,NANAIMO,NANAIMO,NANAIMO,N,N,N,VANCOUVER ISLAND,BRECHIN RD & ISLAND HWY N & TURNING LANE,ISLAND HWY N,ISLAND HWY N,15:00-17:59,1,0
N,PROPERTY DAMAGE ONLY,BRIDGEPORT RD,N,2025,WEDNESDAY,CONFLICTED,N,Y,49.192001,-123.113894,N,MAY,N,RICHMOND,RICHMOND,RICHMOND,N,Y,N,LOWER MAINLAND,BRIDGEPORT RD & NO 4 RD,NO 4 RD,NO 4 RD,15:00-17:59,1,0
N,PROPERTY DAMAGE ONLY,BRIDGEPORT RD,N,2025,WEDNESDAY,REAR END,N,Y,49.191996,-123.077454,N,MAY,N,RICHMOND,RICHMOND,RICHMOND,N,N,N,LOWER MAINLAND,BRIDGEPORT RD & BRIDGEPORT RD OFFRAMP & BRIDGEPORT RD ONRAMP & KNIGHT ST & KNIGHT ST BRIDGE & MANNINI WAY & TURNING LANE,KNIGHT ST,KNIGHT ST,15:00-17:59,1,0
N,PROPERTY DAMAGE ONLY,BROOKSIDE AVE,N,2025,WEDNESDAY,SIDE IMPACT,N,Y,49.071627,-122.381188,N,MAY,N,ABBOTSFORD,ABBOTSFORD,ABBOTSFORD,N,N,N,LOWER MAINLAND,BROOKSIDE AVE & MT LEHMAN RD,MT LEHMAN RD,MT LEHMAN RD,15:00-17:59,1,0
N,PROPERTY DAMAGE ONLY,BRUNETTE AVE ONRAMP,N,2025,WEDNESDAY,REAR END,N,Y,49.234521,-122.878438,N,MAY,N,COQUITLAM,COQUITLAM,COQUITLAM & NEW WESTMINSTER,N,N,N,LOWER MAINLAND,BRUNETTE AVE & BRUNETTE AVE OFFRAMP & BRUNETTE AVE ONRAMP & TRANS-CANADA HWY,HWY 1,HWY 1,15:00-17:59,1,0
N,PROPERTY DAMAGE ONLY,BULLER ST,N,2025,WEDNESDAY,SIDE IMPACT,Y,Y,49.276617,-122.84015,N,MAY,N,PORT MOODY,PORT MOODY,PORT MOODY,N,N,N,LOWER MAINLAND,BULLER ST & ST JOHNS ST,ST JOHNS ST,ST JOHNS ST,15:00-17:59,1,0
N,PROPERTY DAMAGE ONLY,BURRARD ST,N,2025,WEDNESDAY,CONFLICTED,Y,Y,49.279077,-123.129182,N,MAY,N,VANCOUVER,VANCOUVER,VANCOUVER,N,N,N,LOWER MAINLAND,BURRARD ST & DAVIE ST,DAVIE ST,DAVIE ST,15:00-17:59,1,0
N,PROPERTY DAMAGE ONLY,BURTCH RD,N,2025,WEDNESDAY,SIDE IMPACT,N,Y,49.88192,-119.465773,N,MAY,N,KELOWNA,KELOWNA,KELOWNA,N,N,N,SOUTHERN INTERIOR,BURTCH RD & HARVEY AVE & TURNING LANE,HARVEY AVE,HARVEY AVE,15:00-17:59,1,0
N,PROPERTY DAMAGE ONLY,BUTE ST,N,2025,WEDNESDAY,CONFLICTED,N,Y,49.287135,-123.12533,N,MAY,N,VANCOUVER,VANCOUVER,VANCOUVER,N,N,N,LOWER MAINLAND,BUTE ST & W GEORGIA ST,W GEORGIA ST,W GEORGIA ST,15:00-17:59,1,0
N,PROPERTY DAMAGE ONLY,CAMBIE ST,N,2025,WEDNESDAY,REAR END,N,Y,49.254903,-123.11516,N,MAY,N,VANCOUVER,VANCOUVER,VANCOUVER,N,N,N,LOWER MAINLAND,CAMBIE ST & W 18TH AVE,W 18TH AVE,W 18TH AVE,15:00-17:59,1,0
N,PROPERTY DAMAGE ONLY,CARRALL ST,N,2025,WEDNESDAY,REAR END,N,Y,49.282429,-123.104267,N,MAY,N,VANCOUVER,VANCOUVER,VANCOUVER,N,N,N,LOWER MAINLAND,CARRALL ST & E CORDOVA ST & W CORDOVA ST,E CORDOVA ST,E CORDOVA ST,15:00-17:59,1,0
N,PROPERTY DAMAGE ONLY,CARSON AVE,N,2025,WEDNESDAY,HEAD ON,N,Y,52.975662,-122.49794,N,MAY,N,QUESNEL,QUESNEL,QUESNEL,N,N,N,NORTH CENTRAL,CARSON AVE & FRASER RIVER WALKING BRIDGE & FRONT ST,FRONT ST,FRONT ST,15:00-17:59,1,0
N,PROPERTY DAMAGE ONLY,CASSIAR TUNNEL,N,2025,WEDNESDAY,REAR END,N,Y,49.283845,-123.032038,N,MAY,N,VANCOUVER,VANCOUVER,VANCOUVER,N,N,N,LOWER MAINLAND,CASSIAR TUNNEL & TRANS-CANADA HWY,HWY 1,HWY 1,15:00-17:59,1,0
N,PROPERTY DAMAGE ONLY,CASSIAR TUNNEL,N,2025,WEDNESDAY,REAR END,N,Y,49.283845,-123.032038,N,MAY,N,VANCOUVER,VANCOUVER,VANCOUVER,N,N,N,LOWER MAINLAND,CASSIAR TUNNEL & TRANS-CANADA HWY,TRANS-CANADA HWY,TRANS-CANADA HWY,15:00-17:59,1,0
N,PROPERTY DAMAGE ONLY,CENTURY RD,N,2025,WEDNESDAY,REAR END,N,Y,48.471398,-123.355089,N,MAY,N,SAANICH,SAANICH,SAANICH,N,N,N,VANCOUVER ISLAND,CENTURY RD & MCKENZIE AVE,MCKENZIE AVE,MCKENZIE AVE,15:00-17:59,1,0
N,PROPERTY DAMAGE ONLY,CLEMENT AVE,N,2025,WEDNESDAY,REAR END,N,Y,49.893532,-119.482773,N,MAY,N,KELOWNA,KELOWNA,KELOWNA,N,N,N,SOUTHERN INTERIOR,CLEMENT AVE & ETHEL ST,ETHEL ST,ETHEL ST,15:00-17:59,1,0
N,PROPERTY DAMAGE ONLY,COAST MERIDIAN OVERPASS,N,2025,WEDNESDAY,CONFLICTED,N,Y,49.252845,-122.762324,N,MAY,N,PORT COQUITLAM,PORT COQUITLAM,PORT COQUITLAM,N,N,N,LOWER MAINLAND,BROADWAY ST & COAST MERIDIAN OVERPASS & KINGSWAY AVE & TURNING LANE,KINGSWAY AVE,KINGSWAY AVE,15:00-17:59,1,0
N,PROPERTY DAMAGE ONLY,COLUMBIA ST E,N,2025,WEDNESDAY,CONFLICTED,N,Y,54.016888,-124.009147,N,MAY,N,VANDERHOOF,VANDERHOOF,VANDERHOOF,N,Y,N,NORTH CENTRAL,BURRARD AVE & COLUMBIA ST E & COLUMBIA ST W,BURRARD AVE,BURRARD AVE,15:00-17:59,1,0
N,PROPERTY DAMAGE ONLY,COLUMBIA ST W,N,2025,WEDNESDAY,REAR END,N,Y,50.666998,-120.354175,N,MAY,N,KAMLOOPS,KAMLOOPS,KAMLOOPS,N,Y,N,SOUTHERN INTERIOR,COLUMBIA ST W & SUMMIT DR & TURNING LANE,SUMMIT DR,SUMMIT DR,15:00-17:59,1,0
N,PROPERTY DAMAGE ONLY,COMMERCIAL ST,N,2025,WEDNESDAY,SIDE SWIPE - SAME DIRECTION,N,Y,49.254248,-123.067997,N,MAY,N,VANCOUVER,VANCOUVER,VANCOUVER,N,N,N,LOWER MAINLAND,COMMERCIAL DR & COMMERCIAL ST & E 18TH AVE & FINDLAY ST & VICTORIA DIVERSION,VICTORIA DIVERS,VICTORIA DIVERS,15:00-17:59,1,0
N,PROPERTY DAMAGE ONLY,COONEY RD,N,2025,WEDNESDAY,CONFLICTED,N,Y,49.170184,-123.131506,N,MAY,N,RICHMOND,RICHMOND,RICHMOND,N,N,N,LOWER MAINLAND,COONEY RD & WESTMINSTER HWY & TURNING LANE,WESTMINSTER HWY,WESTMINSTER HWY,15:00-17:59,1,0
N,PROPERTY DAMAGE ONLY,DEWDNEY TRUNK RD,N,2025,WEDNESDAY,REAR END,N,Y,49.220566,-122.622749,N,MAY,N,MAPLE RIDGE,MAPLE RIDGE,MAPLE RIDGE,N,N,N,LOWER MAINLAND,216 ST & DEWDNEY TRUNK RD,216 ST,216 ST,15:00-17:59,1,0
N,PROPERTY DAMAGE ONLY,DEWDNEY TRUNK RD,N,2025,WEDNESDAY,SIDE SWIPE - SAME DIRECTION,N,Y,49.276568,-122.828962,N,MAY,N,PORT MOODY,PORT MOODY,PORT MOODY,N,N,N,LOWER MAINLAND,DEWDNEY TRUNK RD & ST JOHNS ST & TURNING LANE,ST JOHNS ST,ST JOHNS ST,15:00-17:59,1,0
N,PROPERTY DAMAGE ONLY,DIAMOND HEAD RD,N,2025,WEDNESDAY,SIDE IMPACT,N,Y,49.735021,-123.131419,N,MAY,N,SQUAMISH,SQUAMISH,SQUAMISH,Y,N,N,LOWER MAINLAND,DIAMOND HEAD RD & MAMQUAM RD,MAMQUAM RD,MAMQUAM RD,15:00-17:59,1,0
N,PROPERTY DAMAGE ONLY,DONALD ST,N,2025,WEDNESDAY,REAR END,N,Y,49.262109,-122.779465,N,MAY,N,PORT COQUITLAM,PORT COQUITLAM,PORT COQUITLAM,N,N,N,LOWER MAINLAND,DONALD ST & MCALLISTER AVE,MCALLISTER AVE,MCALLISTER AVE,15:00-17:59,1,0
N,PROPERTY DAMAGE ONLY,DUNSMUIR ST,N,2025,WEDNESDAY,CONFLICTED,N,Y,49.281726,-123.113475,N,MAY,N,VANCOUVER,VANCOUVER,VANCOUVER,N,N,N,LOWER MAINLAND,DUNSMUIR ST & HOMER ST,HOMER ST,HOMER ST,15:00-17:59,1,0
N,PROPERTY DAMAGE ONLY,E 12TH AVE,N,2025,WEDNESDAY,SIDE IMPACT,N,Y,49.259735,-123.089186,N,MAY,N,VANCOUVER,VANCOUVER,VANCOUVER,N,N,N,LOWER MAINLAND,E 12TH AVE & FRASER ST,FRASER ST,FRASER ST,15:00-17:59,1,0
N,PROPERTY DAMAGE ONLY,E 12TH AVE,N,2025,WEDNESDAY,UNDETERMINED,N,Y,49.259588,-123.069846,N,MAY,N,VANCOUVER,VANCOUVER,VANCOUVER,N,N,N,LOWER MAINLAND,COMMERCIAL DR & E 12TH AVE,COMMERCIAL DR,COMMERCIAL DR,15:00-17:59,1,0
N,PROPERTY DAMAGE ONLY,E 14TH ST,N,2025,WEDNESDAY,SIDE IMPACT,N,Y,49.321018,-123.072348,N,MAY,N,NORTH VANCOUVER,NORTH VANCOUVER,NORTH VANCOUVER,N,N,N,LOWER MAINLAND,E 14TH ST & LONSDALE AVE,LONSDALE AVE,LONSDALE AVE,15:00-17:59,1,0
N,PROPERTY DAMAGE ONLY,E 19TH AVE,N,2025,WEDNESDAY,UNDETERMINED,N,Y,49.253792,-123.100871,N,MAY,N,VANCOUVER,VANCOUVER,VANCOUVER,Y,N,N,LOWER MAINLAND,E 19TH AVE & MAIN ST,MAIN ST,MAIN ST,15:00-17:59,1,0
N,PROPERTY DAMAGE ONLY,E 26TH AVE,N,2025,WEDNESDAY,SIDE IMPACT,N,Y,49.247501,-123.076121,N,MAY,N,VANCOUVER,VANCOUVER,VANCOUVER,N,N,N,LOWER MAINLAND,E 26TH AVE & KNIGHT ST,KNIGHT ST,KNIGHT ST,15:00-17:59,1,0
N,PROPERTY DAMAGE ONLY,E 45TH AVE,N,2025,WEDNESDAY,SIDE IMPACT,N,Y,49.229464,-123.065585,N,MAY,N,VANCOUVER,VANCOUVER,VANCOUVER,N,N,N,LOWER MAINLAND,E 45TH AVE & VICTORIA DR,VICTORIA DR,VICTORIA DR,15:00-17:59,1,0
N,PROPERTY DAMAGE ONLY,E 50TH AVE,N,2025,WEDNESDAY,SIDE SWIPE - SAME DIRECTION,N,Y,49.224713,-123.101642,N,MAY,N,VANCOUVER,VANCOUVER,VANCOUVER,N,N,N,LOWER MAINLAND,E 50TH AVE & MAIN ST,MAIN ST,MAIN ST,15:00-17:59,1,0
N,PROPERTY DAMAGE ONLY,E 53RD AVE,N,2025,WEDNESDAY,SIDE SWIPE - SAME DIRECTION,N,Y,49.221743,-123.071905,N,MAY,N,VANCOUVER,VANCOUVER,VANCOUVER,N,N,N,LOWER MAINLAND,ARGYLE ST & E 53RD AVE,ARGYLE ST,ARGYLE ST,15:00-17:59,1,0
N,PROPERTY DAMAGE ONLY,E 55TH AVE,N,2025,WEDNESDAY,REAR END,N,Y,49.219197,-123.041356,N,MAY,N,VANCOUVER,VANCOUVER,VANCOUVER,N,N,N,LOWER MAINLAND,E 55TH AVE & KERR ST,KERR ST,KERR ST,15:00-17:59,1,0
N,PROPERTY DAMAGE ONLY,E 57TH AVE,N,2025,WEDNESDAY,SIDE IMPACT,N,Y,49.218138,-123.078567,N,MAY,N,VANCOUVER,VANCOUVER,VANCOUVER,N,N,N,LOWER MAINLAND,CULLODEN ST & E 57TH AVE,CULLODEN ST,CULLODEN ST,15:00-17:59,1,0
N,PROPERTY DAMAGE ONLY,EIGHTEENTH ST,N,2025,WEDNESDAY,REAR END,N,Y,49.202376,-122.940296,N,MAY,N,NEW WESTMINSTER,NEW WESTMINSTER,NEW WESTMINSTER,N,N,N,LOWER MAINLAND,EIGHTEENTH ST & SIXTH AVE,SIXTH AVE,SIXTH AVE,15:00-17:59,1,0
N,PROPERTY DAMAGE ONLY,ELLIS ST,N,2025,WEDNESDAY,SINGLE VEHICLE,N,Y,49.308811,-122.994112,N,MAY,N,NORTH VANCOUVER,NORTH VANCOUVER,NORTH VANCOUVER,N,N,N,LOWER MAINLAND,DOLLARTON HWY & ELLIS ST,DOLLARTON HWY,DOLLARTON HWY,15:00-17:59,1,0
N,PROPERTY DAMAGE ONLY,FIR ST,N,2025,WEDNESDAY,SIDE IMPACT,N,Y,49.262677,-123.141066,N,MAY,N,VANCOUVER,VANCOUVER,VANCOUVER,N,N,N,LOWER MAINLAND,FIR ST & W 10TH AVE,W 10TH AVE,W 10TH AVE,15:00-17:59,1,0
N,PROPERTY DAMAGE ONLY,FIR ST OFFRAMP,N,2025,WEDNESDAY,REAR END,N,Y,49.267898,-123.138396,N,MAY,N,VANCOUVER,VANCOUVER,VANCOUVER,Y,Y,N,LOWER MAINLAND,FIR ST & FIR ST OFFRAMP & GRANVILLE BRIDGE & HEMLOCK ST ONRAMP & W 4TH AVE & W 4TH AVE OFFRAMP & BUS LANE,FIR ST,FIR ST,15:00-17:59,1,0
N,PROPERTY DAMAGE ONLY,FORTUNE DR,N,2025,WEDNESDAY,SIDE SWIPE - OPPOSITE DIRECTION,N,Y,50.684804,-120.347582,N,MAY,N,KAMLOOPS,KAMLOOPS,KAMLOOPS,N,Y,N,SOUTHERN INTERIOR,FORTUNE DR & TRANQUILLE RD,TRANQUILLE RD,TRANQUILLE RD,15:00-17:59,1,0
N,PROPERTY DAMAGE ONLY,FRANCIS RD,N,2025,WEDNESDAY,SIDE SWIPE - SAME DIRECTION,N,Y,49.148331,-123.18133,N,MAY,N,RICHMOND,RICHMOND,RICHMOND,N,N,N,LOWER MAINLAND,FRANCIS RD & NO 1 RD,NO 1 RD,NO 1 RD,15:00-17:59,1,0
N,PROPERTY DAMAGE ONLY,FRANKLIN,N,2025,WEDNESDAY,UNDETERMINED,N,N,\N,\N,N,MAY,N,VANCOUVER,VANCOUVER,\N,Y,Y,N,LOWER MAINLAND,UNKNOWN,E HASTINGS ST,E HASTINGS ST,15:00-17:59,1,0
N,PROPERTY DAMAGE ONLY,GEORGE FERGUSON WAY,N,2025,WEDNESDAY,REAR END,N,Y,49.05536,-122.315258,N,MAY,N,ABBOTSFORD,ABBOTSFORD,ABBOTSFORD,N,N,N,LOWER MAINLAND,GEORGE FERGUSON WAY & GLADWIN RD & TURNING LANE,GLADWIN RD,GLADWIN RD,15:00-17:59,1,0
N,PROPERTY DAMAGE ONLY,GIBBONS,N,2025,WEDNESDAY,REAR END,N,N,\N,\N,N,MAY,N,DUNCAN,DUNCAN,\N,N,N,N,VANCOUVER ISLAND,UNKNOWN,COWICHAN LAKE ROAD,COWICHAN LAKE ROAD,15:00-17:59,1,0
N,PROPERTY DAMAGE ONLY,GILMORE AVE,N,2025,WEDNESDAY,REAR END,N,Y,49.266065,-123.014346,N,MAY,N,BURNABY,BURNABY,BURNABY,N,N,N,LOWER MAINLAND,GILMORE AVE & LOUGHEED HWY & TURNING LANE,LOUGHEED HWY,LOUGHEED HWY,15:00-17:59,1,0
N,PROPERTY DAMAGE ONLY,GLEN DR,N,2025,WEDNESDAY,CONFLICTED,N,Y,49.282715,-122.798832,N,MAY,N,COQUITLAM,COQUITLAM,COQUITLAM,Y,N,N,LOWER MAINLAND,GLEN DR & PACIFIC ST,PACIFIC ST,PACIFIC ST,15:00-17:59,1,0
N,PROPERTY DAMAGE ONLY,GLOVER RD,N,2025,WEDNESDAY,REAR END,N,Y,49.143926,-122.60136,N,MAY,N,LANGLEY,LANGLEY,LANGLEY,N,N,N,LOWER MAINLAND,GLOVER RD & TRANS-CANADA HWY,HWY 1,HWY 1,15:00-17:59,1,0
N,PROPERTY DAMAGE ONLY,GORDON DR,N,2025,WEDNESDAY,REAR END,N,Y,49.860927,-119.474307,N,MAY,Y,KELOWNA,KELOWNA,KELOWNA,N,N,N,SOUTHERN INTERIOR,GORDON DR & KLO RD & TURNING LANE,KLO RD,KLO RD,15:00-17:59,1,0
N,PROPERTY DAMAGE ONLY,GORGE RD E,N,2025,WEDNESDAY,SIDE SWIPE - SAME DIRECTION,N,Y,48.441179,-123.374717,N,MAY,N,VICTORIA,VICTORIA,VICTORIA,Y,N,N,VANCOUVER ISLAND,DUNEDIN ST & GORGE RD E,DUNEDIN ST,DUNEDIN ST,15:00-17:59,1,0
N,PROPERTY DAMAGE ONLY,GREAT NORTHERN WAY,N,2025,WEDNESDAY,SIDE IMPACT,N,Y,49.266741,-123.096256,N,MAY,N,VANCOUVER,VANCOUVER,VANCOUVER,N,N,N,LOWER MAINLAND,BRUNSWICK ST & E 2ND AVE & GREAT NORTHERN WAY,BRUNSWICK ST,BRUNSWICK ST,15:00-17:59,1,0
N,PROPERTY DAMAGE ONLY,HASLAM RD,N,2025,WEDNESDAY,SINGLE VEHICLE,Y,Y,49.061008,-123.87747,N,MAY,N,NANAIMO,NANAIMO,NANAIMO,N,N,N,VANCOUVER ISLAND,HASLAM RD & TRANS-CANADA HWY,TRANS-CANADA HWY,TRANS-CANADA HWY,15:00-17:59,1,0
N,PROPERTY DAMAGE ONLY,HEFTI RD,N,2025,WEDNESDAY,UNDETERMINED,N,Y,51.260319,-116.911582,N,MAY,N,GOLDEN,GOLDEN,GOLDEN,N,N,N,SOUTHERN INTERIOR,ALMBERG RD & HEFTI RD,ALMBERG RD,ALMBERG RD,15:00-17:59,1,0
N,PROPERTY DAMAGE ONLY,HILL-TOUT ST,N,2025,WEDNESDAY,CONFLICTED,Y,Y,49.04651,-122.346051,N,MAY,N,ABBOTSFORD,ABBOTSFORD,ABBOTSFORD,N,N,N,LOWER MAINLAND,HILL-TOUT ST & SOUTH FRASER WAY,SOUTH FRASER WAY,SOUTH FRASER WAY,15:00-17:59,1,0
N,PROPERTY DAMAGE ONLY,HODGINS AVE,N,2025,WEDNESDAY,CONFLICTED,N,Y,49.166369,-121.958703,N,MAY,N,CHILLIWACK,CHILLIWACK,CHILLIWACK,N,N,N,LOWER MAINLAND,CHEAM AVE & HODGINS AVE & YALE RD,YALE RD,YALE RD,15:00-17:59,1,0
N,PROPERTY DAMAGE ONLY,HOLDEN ROW TOWNHOMES,N,2025,WEDNESDAY,SINGLE VEHICLE,N,N,\N,\N,N,MAY,N,SURREY,SURREY,\N,N,N,N,LOWER MAINLAND,UNKNOWN,24 AVE,24 AVE,15:00-17:59,1,0
N,PROPERTY DAMAGE ONLY,HOMEVIEW ST,N,2025,WEDNESDAY,UNDETERMINED,N,Y,49.046593,-122.29352,N,MAY,N,ABBOTSFORD,ABBOTSFORD,ABBOTSFORD,Y,Y,N,LOWER MAINLAND,BRAUN AVE & HOMEVIEW ST & MCCALLUM RD,MCCALLUM RD,MCCALLUM RD,15:00-17:59,1,0
N,PROPERTY DAMAGE ONLY,HOPEDALE RD,N,2025,WEDNESDAY,REAR END,N,Y,49.103834,-122.028971,N,MAY,N,CHILLIWACK,CHILLIWACK,CHILLIWACK,N,N,N,LOWER MAINLAND,HOPEDALE RD & HOPEDALE RD W & KEITH WILSON RD,KEITH WILSON RD,KEITH WILSON RD,15:00-17:59,1,0
N,PROPERTY DAMAGE ONLY,HWY 1,N,2025,WEDNESDAY,REAR END,N,Y,49.257636,-123.004065,N,MAY,N,BURNABY,BURNABY,BURNABY,N,N,N,LOWER MAINLAND,GRANDVIEW HWY & GRANDVIEW HWY ONRAMP & TRANS-CANADA HWY & TRANS-CANADA HWY ONRAMP & WILLINGDON AVE & WILLINGDON AVE OFFRAMP & EMERGENCY LANE,GRANDVIEW HWY ONRAMP,GRANDVIEW HWY ONRAMP,15:00-17:59,1,0
N,PROPERTY DAMAGE ONLY,HWY 1,N,2025,WEDNESDAY,UNDETERMINED,N,Y,49.269452,-123.027611,N,MAY,N,VANCOUVER,VANCOUVER,VANCOUVER,N,N,N,LOWER MAINLAND,E 1ST AVE & E 1ST AVE OFFRAMP & E 1ST AVE ONRAMP & RUPERT ST & RUPERT ST OFFRAMP & TRANS-CANADA HWY & BUS LANE & TURNING LANE,E 1ST AVE,E 1ST AVE,15:00-17:59,1,0
N,PROPERTY DAMAGE ONLY,HWY 15,N,2025,WEDNESDAY,REAR TO REAR,N,Y,49.176409,-122.734716,N,MAY,N,SURREY,SURREY,SURREY,N,N,N,LOWER MAINLAND,176 ST & 96 AVE & GOLDEN EARS WAY & TURNING LANE,GOLDEN EARS WAY,GOLDEN EARS WAY,15:00-17:59,1,0
N,PROPERTY DAMAGE ONLY,HWY 17,N,2025,WEDNESDAY,CONFLICTED,N,Y,49.2058,-122.884206,N,MAY,N,SURREY,SURREY,SURREY,N,N,N,LOWER MAINLAND,HWY 17 & KING GEORGE BLVD,KING GEORGE BLVD,KING GEORGE BLVD,15:00-17:59,1,0
N,PROPERTY DAMAGE ONLY,HWY 17 ONRAMP,N,2025,WEDNESDAY,CONFLICTED,Y,Y,49.196182,-122.893087,N,MAY,N,SURREY,SURREY,SURREY,N,N,N,LOWER MAINLAND,103A AVE & HWY 17 & HWY 17 OFFRAMP & HWY 17 ONRAMP & TANNERY RD & TANNERY RD OFFRAMP & TURNING LANE,TANNERY RD,TANNERY RD,15:00-17:59,1,0
N,PROPERTY DAMAGE ONLY,HWY 19A,N,2025,WEDNESDAY,REAR END,N,Y,49.191933,-123.971695,N,MAY,N,NANAIMO,NANAIMO,NANAIMO,N,N,N,VANCOUVER ISLAND,BOUNDARY AVE & E AND N TRAIL & ISLAND HWY N & NORTHFIELD RD & TURNING LANE,NORTHFIELD RD,NORTHFIELD RD,15:00-17:59,1,0
N,PROPERTY DAMAGE ONLY,HWY 3B,N,2025,WEDNESDAY,UNDETERMINED,N,N,\N,\N,N,MAY,N,CASTLEGAR,CASTLEGAR,\N,N,N,N,SOUTHERN INTERIOR,UNKNOWN,HWY 3,HWY 3,15:00-17:59,1,0
N,PROPERTY DAMAGE ONLY,HWY 5 ONRAMP,N,2025,WEDNESDAY,REAR END,N,Y,50.67251,-120.30098,N,MAY,N,KAMLOOPS,KAMLOOPS,KAMLOOPS,N,N,N,SOUTHERN INTERIOR,BATTLE ST & BATTLE ST OFFRAMP & BATTLE ST ONRAMP & HWY 5 OFFRAMP & HWY 5 ONRAMP & TRANS-CANADA HWY E & VALLEYVIEW DR & VALLEYVIEW DR ONRAMP & YELLOWHEAD HWY & YELLOWHEAD HWY OFFRAMP,HWY 1,HWY 1,15:00-17:59,2,0
N,PROPERTY DAMAGE ONLY,HWY 97,N,2025,WEDNESDAY,SIDE IMPACT,N,Y,53.915412,-122.781674,N,MAY,N,PRINCE GEORGE,PRINCE GEORGE,PRINCE GEORGE,N,N,N,NORTH CENTRAL,10TH AVE & CENTRAL ST E & CENTRAL ST W & HWY 97 S & TURNING LANE,10TH AVE,10TH AVE,15:00-17:59,1,0
N,PROPERTY DAMAGE ONLY,HWY 99,N,2025,WEDNESDAY,CONFLICTED,N,Y,49.061285,-122.805074,N,MAY,N,SURREY,SURREY,SURREY,N,N,N,LOWER MAINLAND,32 AVE DIVERSION & 32 AVE DIVERSION OFFRAMP & 32 AVE DIVERSION ONRAMP & 32 AVE OFFRAMP & 32 AVE ONRAMP & HWY 99,32 AVE,32 AVE,15:00-17:59,1,0
N,PROPERTY DAMAGE ONLY,HWY 99,N,2025,WEDNESDAY,REAR END,N,Y,49.107741,-123.055663,N,MAY,N,DELTA,DELTA,DELTA,N,N,N,LOWER MAINLAND,HWY 17A & HWY 17A OFFRAMP & HWY 17A ONRAMP & HWY 99,HWY 17A,HWY 17A,15:00-17:59,1,0
N,PROPERTY DAMAGE ONLY,ISLAND HWY,N,2025,WEDNESDAY,REAR END,N,Y,48.445129,-123.467084,N,MAY,N,COLWOOD,COLWOOD,COLWOOD,Y,Y,N,VANCOUVER ISLAND,GALLOPING GOOSE TRAIL & ISLAND HWY & OCEAN BLVD & WALE RD & BUS LANE & TURNING LANE,WALE RD,WALE RD,15:00-17:59,1,0
N,PROPERTY DAMAGE ONLY,ISLAND HWY N,N,2025,WEDNESDAY,REAR END,N,Y,49.234394,-124.044425,N,MAY,N,NANAIMO,NANAIMO,NANAIMO,N,N,N,VANCOUVER ISLAND,AULDS RD & HAMMOND BAY RD & ISLAND HWY N & TURNING LANE,HAMMOND BAY RD,HAMMOND BAY RD,15:00-17:59,1,0
N,PROPERTY DAMAGE ONLY,JERSEY AVE,N,2025,WEDNESDAY,CONFLICTED,N,Y,49.232751,-123.017035,N,MAY,N,BURNABY,BURNABY,BURNABY,N,N,N,LOWER MAINLAND,JERSEY AVE & KINGSWAY,KINGSWAY,KINGSWAY,15:00-17:59,1,0
N,PROPERTY DAMAGE ONLY,JOFFRE AVE,N,2025,WEDNESDAY,REAR END,N,Y,49.208129,-123.020311,N,MAY,N,BURNABY,BURNABY,BURNABY,N,N,N,LOWER MAINLAND,JOFFRE AVE & MARINE DR,MARINE DR,MARINE DR,15:00-17:59,1,0
N,PROPERTY DAMAGE ONLY,KANE RD,N,2025,WEDNESDAY,REAR END,N,Y,49.915915,-119.445956,N,MAY,N,KELOWNA,KELOWNA,KELOWNA,N,N,N,SOUTHERN INTERIOR,BALLOU RD & GLENMORE RD & KANE RD,GLENMORE RD,GLENMORE RD,15:00-17:59,1,0
N,PROPERTY DAMAGE ONLY,KENSINGTON AVE,N,2025,WEDNESDAY,REAR END,N,Y,49.243677,-122.967599,N,MAY,N,BURNABY,BURNABY,BURNABY,N,N,N,LOWER MAINLAND,KENSINGTON AVE & KENSINGTON AVE OFFRAMP & TRANS-CANADA HWY & TRANS-CANADA HWY ONRAMP,HWY 1,HWY 1,15:00-17:59,1,0
N,PROPERTY DAMAGE ONLY,KERR ST,N,2025,WEDNESDAY,SIDE IMPACT,N,Y,49.220159,-123.041281,N,MAY,N,VANCOUVER,VANCOUVER,VANCOUVER,Y,Y,N,LOWER MAINLAND,E 54TH AVE & KERR ST,E 54TH AVE,E 54TH AVE,15:00-17:59,1,0
N,PROPERTY DAMAGE ONLY,KING GEORGE BLVD,N,2025,WEDNESDAY,REAR END,N,Y,49.177035,-122.845713,N,MAY,N,SURREY,SURREY,SURREY,N,N,N,LOWER MAINLAND,96 AVE & KING GEORGE BLVD & TURNING LANE,96 AVE,96 AVE,15:00-17:59,1,0
N,PROPERTY DAMAGE ONLY,KING GEORGE BLVD,N,2025,WEDNESDAY,REAR END,N,Y,49.184272,-122.845453,N,MAY,N,SURREY,SURREY,SURREY,N,N,N,LOWER MAINLAND,100 AVE & KING GEORGE BLVD & OLD YALE RD,100 AVE,100 AVE,15:00-17:59,1,0
N,PROPERTY DAMAGE ONLY,KINGSBRIDGE DR,N,2025,WEDNESDAY,CONFLICTED,N,Y,49.147789,-123.091834,N,MAY,N,RICHMOND,RICHMOND,RICHMOND,N,N,N,LOWER MAINLAND,KINGSBRIDGE DR & NO 5 RD,NO 5 RD,NO 5 RD,15:00-17:59,1,0
N,PROPERTY DAMAGE ONLY,KINGSWAY,N,2025,WEDNESDAY,REAR END,N,Y,49.229239,-123.001879,N,MAY,N,BURNABY,BURNABY,BURNABY,N,N,N,LOWER MAINLAND,KINGSWAY & SILVER DR,SILVER DR,SILVER DR,15:00-17:59,1,0
N,PROPERTY DAMAGE ONLY,KNIGHT ST,N,2025,WEDNESDAY,UNDETERMINED,N,Y,49.248512,-123.076075,N,MAY,N,VANCOUVER,VANCOUVER,VANCOUVER,N,N,N,LOWER MAINLAND,E KING EDWARD AVE & KNIGHT ST,E KING EDWARD AVE,E KING EDWARD AVE,15:00-17:59,1,0
N,PROPERTY DAMAGE ONLY,LAKE CITY WAY,N,2025,WEDNESDAY,REAR END,N,Y,49.254241,-122.938051,N,MAY,N,BURNABY,BURNABY,BURNABY,N,N,N,LOWER MAINLAND,LAKE CITY WAY & LOUGHEED HWY,LOUGHEED HWY,LOUGHEED HWY,15:00-17:59,1,0
N,PROPERTY DAMAGE ONLY,LAKEVIEW ST,N,2025,WEDNESDAY,REAR END,N,Y,49.886269,-119.467738,N,MAY,N,KELOWNA,KELOWNA,KELOWNA,N,N,N,SOUTHERN INTERIOR,BERNARD AVE & LAKEVIEW ST,BERNARD AVE,BERNARD AVE,15:00-17:59,1,0
N,PROPERTY DAMAGE ONLY,LANGDON ST,N,2025,WEDNESDAY,SIDE SWIPE - SAME DIRECTION,N,Y,49.051623,-122.330821,N,MAY,N,ABBOTSFORD,ABBOTSFORD,ABBOTSFORD,N,N,N,LOWER MAINLAND,LANGDON ST & OLD YALE RD & SOUTH FRASER WAY,SOUTH FRASER WAY,SOUTH FRASER WAY,15:00-17:59,1,0
N,PROPERTY DAMAGE ONLY,LILLOOET RD,N,2025,WEDNESDAY,REAR END,N,Y,49.313944,-123.02443,N,MAY,N,NORTH VANCOUVER,NORTH VANCOUVER,NORTH VANCOUVER,N,N,N,LOWER MAINLAND,LILLOOET RD & OLD LILLOOET RD & TURNING LANE,OLD LILLOOET RD,OLD LILLOOET RD,15:00-17:59,1,0
N,PROPERTY DAMAGE ONLY,LILLOOET ST,N,2025,WEDNESDAY,CONFLICTED,N,Y,49.281161,-123.038842,N,MAY,N,VANCOUVER,VANCOUVER,VANCOUVER,N,N,N,LOWER MAINLAND,E HASTINGS ST & LILLOOET ST,E HASTINGS ST,E HASTINGS ST,15:00-17:59,1,0
N,PROPERTY DAMAGE ONLY,LINLEY VALLEY DR,N,2025,WEDNESDAY,CONFLICTED,N,Y,49.226224,-124.02213,N,MAY,N,NANAIMO,NANAIMO,NANAIMO,N,N,N,VANCOUVER ISLAND,LINLEY VALLEY DR & NELSON RD & RUTHERFORD RD,RUTHERFORD RD,RUTHERFORD RD,15:00-17:59,1,0
N,PROPERTY DAMAGE ONLY,LONZO RD,N,2025,WEDNESDAY,SIDE IMPACT,N,Y,49.033431,-122.266381,N,MAY,N,ABBOTSFORD,ABBOTSFORD,ABBOTSFORD,N,N,N,LOWER MAINLAND,LONZO RD & SUMAS WAY & SUMAS WAY OFFRAMP & SUMAS WAY ONRAMP & TRANS-CANADA HWY & TURNING LANE,SUMAS WAY,SUMAS WAY,15:00-17:59,1,0
N,PROPERTY DAMAGE ONLY,LOUGHEED HWY,N,2025,WEDNESDAY,SIDE IMPACT,N,Y,49.221211,-122.664242,N,MAY,N,MAPLE RIDGE,MAPLE RIDGE,MAPLE RIDGE,N,Y,N,LOWER MAINLAND,DEWDNEY TRUNK RD & LOUGHEED HWY & MAPLE MEADOWS WAY & WEST ST & TURNING LANE,DEWDNEY TRUNK RD,DEWDNEY TRUNK RD,15:00-17:59,1,0
N,PROPERTY DAMAGE ONLY,LOUGHEED HWY,N,2025,WEDNESDAY,SIDE IMPACT,N,Y,49.25684,-122.799026,N,MAY,N,COQUITLAM,COQUITLAM,COQUITLAM,N,N,N,LOWER MAINLAND,HOLLY DR & LOUGHEED HWY & TURNING LANE,HOLLY DR,HOLLY DR,15:00-17:59,1,0
N,PROPERTY DAMAGE ONLY,LOUIE DR,N,2025,WEDNESDAY,SIDE IMPACT,N,Y,49.840732,-119.611803,N,MAY,N,WEST KELOWNA,WEST KELOWNA,WEST KELOWNA,N,N,N,SOUTHERN INTERIOR,ELK RD & LOUIE DR & MALL ACCESS,ELK RD,ELK RD,15:00-17:59,1,0
N,PROPERTY DAMAGE ONLY,LUDLOW RD,N,2025,WEDNESDAY,REAR END,N,Y,48.393979,-123.658384,N,MAY,N,SOOKE,SOOKE,SOOKE,N,N,N,VANCOUVER ISLAND,LUDLOW RD & SOOKE RD,SOOKE RD,SOOKE RD,15:00-17:59,1,0
N,PROPERTY DAMAGE ONLY,MAIN ST,N,2025,WEDNESDAY,REAR END,N,Y,49.211099,-123.102224,N,MAY,N,VANCOUVER,VANCOUVER,VANCOUVER,N,N,N,LOWER MAINLAND,MAIN ST & SE MARINE DR,SE MARINE DR,SE MARINE DR,15:00-17:59,1,0
N,PROPERTY DAMAGE ONLY,MALAHAT DR,N,2025,WEDNESDAY,SIDE IMPACT,N,Y,49.705572,-124.959449,N,MAY,N,COURTENAY,COURTENAY,COURTENAY,N,N,N,VANCOUVER ISLAND,LERWICK RD & MALAHAT DR,LERWICK RD,LERWICK RD,15:00-17:59,1,0
N,PROPERTY DAMAGE ONLY,MALLARD DR,N,2025,WEDNESDAY,SINGLE VEHICLE,N,Y,49.702309,-124.964911,N,MAY,N,COURTENAY,COURTENAY,COURTENAY,N,N,N,VANCOUVER ISLAND,MALAHAT DR & MALLARD DR,MALAHAT DR,MALAHAT DR,15:00-17:59,1,0
N,PROPERTY DAMAGE ONLY,MANITOBA AVE,N,2025,WEDNESDAY,SIDE IMPACT,N,Y,49.813078,-124.521798,N,MAY,N,POWELL RIVER,POWELL RIVER,POWELL RIVER,N,N,N,VANCOUVER ISLAND,MANITOBA AVE & POWELL RIVER CHRISTIAN SCHOOL ACCESS & QUESNEL ST,QUESNEL ST,QUESNEL ST,15:00-17:59,1,0
N,PROPERTY DAMAGE ONLY,MANITOBA ST,N,2025,WEDNESDAY,UNDETERMINED,N,Y,49.226805,-123.108351,N,MAY,N,VANCOUVER,VANCOUVER,VANCOUVER,N,N,N,LOWER MAINLAND,MANITOBA ST & W 48TH AVE,W 48TH AVE,W 48TH AVE,15:00-17:59,1,0
N,PROPERTY DAMAGE ONLY,MAPLE RD,N,2025,WEDNESDAY,CONFLICTED,N,Y,49.146801,-123.158954,N,MAY,N,RICHMOND,RICHMOND,RICHMOND,N,N,N,LOWER MAINLAND,MAPLE RD & NO 2 RD,NO 2 RD,NO 2 RD,15:00-17:59,1,0
N,PROPERTY DAMAGE ONLY,MARINE DR,N,2025,WEDNESDAY,REAR END,N,Y,49.207737,-122.998323,N,MAY,N,BURNABY,BURNABY,BURNABY,N,N,N,LOWER MAINLAND,MARINE DR & NELSON AVE,NELSON AVE,NELSON AVE,15:00-17:59,1,0
N,PROPERTY DAMAGE ONLY,MARINE DR,N,2025,WEDNESDAY,SIDE IMPACT,N,Y,49.324292,-123.122442,N,MAY,N,NORTH VANCOUVER,NORTH VANCOUVER,NORTH VANCOUVER,N,N,N,LOWER MAINLAND,CAPILANO RD & MARINE DR & MATHIAS RD & TURNING LANE,CAPILANO RD,CAPILANO RD,15:00-17:59,1,0
N,PROPERTY DAMAGE ONLY,MCLEAN DR,N,2025,WEDNESDAY,REAR END,Y,Y,49.28131,-123.074117,N,MAY,N,VANCOUVER,VANCOUVER,VANCOUVER,N,N,N,LOWER MAINLAND,E HASTINGS ST & MCLEAN DR,E HASTINGS ST,E HASTINGS ST,15:00-17:59,1,0
N,PROPERTY DAMAGE ONLY,MCLEAN DR,N,2025,WEDNESDAY,SINGLE VEHICLE,Y,Y,49.28131,-123.074117,N,MAY,N,VANCOUVER,VANCOUVER,VANCOUVER,N,N,N,LOWER MAINLAND,E HASTINGS ST & MCLEAN DR,E HASTINGS ST,E HASTINGS ST,15:00-17:59,1,0
N,PROPERTY DAMAGE ONLY,MITCHELL ST,N,2025,WEDNESDAY,CONFLICTED,N,Y,49.052851,-122.353986,N,MAY,N,ABBOTSFORD,ABBOTSFORD,ABBOTSFORD,N,N,N,LOWER MAINLAND,MITCHELL ST & OLD YALE RD,OLD YALE RD,OLD YALE RD,15:00-17:59,1,0
N,PROPERTY DAMAGE ONLY,MONTROSE AVE,N,2025,WEDNESDAY,REAR END,N,Y,49.04765,-122.290363,N,MAY,N,ABBOTSFORD,ABBOTSFORD,ABBOTSFORD,N,N,N,LOWER MAINLAND,GOSLING WAY & MONTROSE AVE & SOUTH FRASER WAY & TURNING LANE,SOUTH FRASER WAY,SOUTH FRASER WAY,15:00-17:59,1,0
N,PROPERTY DAMAGE ONLY,MOUNTAIN HWY,N,2025,WEDNESDAY,SIDE IMPACT,N,Y,49.305167,-123.032063,N,MAY,N,NORTH VANCOUVER,NORTH VANCOUVER,NORTH VANCOUVER,N,N,N,LOWER MAINLAND,MAIN ST & MOUNTAIN HWY,MAIN ST,MAIN ST,15:00-17:59,1,0
N,PROPERTY DAMAGE ONLY,MUGFORD RD,N,2025,WEDNESDAY,REAR END,N,Y,49.892642,-119.386874,N,MAY,N,KELOWNA,KELOWNA,KELOWNA,N,N,N,SOUTHERN INTERIOR,MUGFORD RD & RUTLAND RD N,RUTLAND RD N,RUTLAND RD N,15:00-17:59,1,0
N,PROPERTY DAMAGE ONLY,NAPIER ST,N,2025,WEDNESDAY,UNDETERMINED,Y,Y,49.274864,-123.069545,N,MAY,N,VANCOUVER,VANCOUVER,VANCOUVER,Y,N,N,LOWER MAINLAND,COMMERCIAL DR & NAPIER ST,COMMERCIAL DR,COMMERCIAL DR,15:00-17:59,1,0
N,PROPERTY DAMAGE ONLY,NO 3 RD,N,2025,WEDNESDAY,CONFLICTED,N,Y,49.170211,-123.136548,N,MAY,N,RICHMOND,RICHMOND,RICHMOND,N,N,N,LOWER MAINLAND,NO 3 RD & WESTMINSTER HWY,WESTMINSTER HWY,WESTMINSTER HWY,15:00-17:59,1,0
N,PROPERTY DAMAGE ONLY,NO 3 RD,N,2025,WEDNESDAY,SIDE IMPACT,N,Y,49.170211,-123.136548,N,MAY,N,RICHMOND,RICHMOND,RICHMOND,N,N,N,LOWER MAINLAND,NO 3 RD & WESTMINSTER HWY,WESTMINSTER HWY,WESTMINSTER HWY,15:00-17:59,2,0
N,PROPERTY DAMAGE ONLY,NORTH DAIRY RD,N,2025,WEDNESDAY,REAR END,N,Y,48.448149,-123.333242,N,MAY,N,SAANICH,SAANICH,SAANICH & VICTORIA,N,N,N,VANCOUVER ISLAND,NORTH DAIRY RD & SHELBOURNE ST,SHELBOURNE ST,SHELBOURNE ST,15:00-17:59,1,0
N,PROPERTY DAMAGE ONLY,NORTH ISLAND HIGHWAY,N,2025,WEDNESDAY,REAR END,N,N,\N,\N,N,MAY,N,COURTENAY,COURTENAY,\N,N,N,N,VANCOUVER ISLAND,UNKNOWN,RYAN ROAD,RYAN ROAD,15:00-17:59,1,0
N,PROPERTY DAMAGE ONLY,NORTH PARALLEL RD,N,2025,WEDNESDAY,SIDE IMPACT,N,Y,49.040011,-122.220881,N,MAY,N,ABBOTSFORD,ABBOTSFORD,ABBOTSFORD,N,N,N,LOWER MAINLAND,NORTH PARALLEL RD & WHATCOM RD & TURNING LANE,WHATCOM RD,WHATCOM RD,15:00-17:59,1,0
N,PROPERTY DAMAGE ONLY,OAK ST,N,2025,WEDNESDAY,SIDE SWIPE - OPPOSITE DIRECTION,N,Y,49.249237,-123.127511,N,MAY,N,VANCOUVER,VANCOUVER,VANCOUVER,Y,Y,N,LOWER MAINLAND,OAK ST & W KING EDWARD AVE,W KING EDWARD AVE,W KING EDWARD AVE,15:00-17:59,1,0
N,PROPERTY DAMAGE ONLY,OLD YALE RD,N,2025,WEDNESDAY,SIDE IMPACT,N,Y,49.19921,-122.882461,N,MAY,N,SURREY,SURREY,SURREY,N,N,N,LOWER MAINLAND,OLD YALE RD & SCOTT RD & TURNING LANE,SCOTT RD,SCOTT RD,15:00-17:59,1,0
N,PROPERTY DAMAGE ONLY,OLD YALE ROAD,N,2025,WEDNESDAY,REAR END,N,N,\N,\N,N,MAY,N,SURREY,SURREY,\N,N,N,N,LOWER MAINLAND,UNKNOWN,SCOTT ROAD,SCOTT ROAD,15:00-17:59,1,0
N,PROPERTY DAMAGE ONLY,ONTARIO ST,Y,2025,WEDNESDAY,SINGLE VEHICLE,N,Y,49.229444,-123.105741,N,MAY,N,VANCOUVER,VANCOUVER,VANCOUVER,N,N,N,LOWER MAINLAND,E 45TH AVE & ONTARIO ST & W 45TH AVE,E 45TH AVE,E 45TH AVE,15:00-17:59,1,0
N,PROPERTY DAMAGE ONLY,PANDOSY ST,N,2025,WEDNESDAY,SIDE IMPACT,N,Y,49.861989,-119.491229,N,MAY,N,KELOWNA,KELOWNA,KELOWNA,N,N,N,SOUTHERN INTERIOR,CEDAR AVE & KLO RD & LAKESHORE RD & PANDOSY ST,CEDAR AVE,CEDAR AVE,15:00-17:59,1,0
N,PROPERTY DAMAGE ONLY,PATTERSON AVE,N,2025,WEDNESDAY,SIDE IMPACT,N,Y,49.23264,-123.012671,N,MAY,N,BURNABY,BURNABY,BURNABY,N,N,N,LOWER MAINLAND,GRANGE ST & KINGSWAY & PATTERSON AVE & TURNING LANE,KINGSWAY,KINGSWAY,15:00-17:59,1,0
N,PROPERTY DAMAGE ONLY,PEAR ST,N,2025,WEDNESDAY,SIDE SWIPE - SAME DIRECTION,N,N,\N,\N,N,MAY,N,VICTORIA,VICTORIA,\N,N,N,N,VANCOUVER ISLAND,UNKNOWN,SHELBOURNE ST,SHELBOURNE ST,15:00-17:59,1,0
N,PROPERTY DAMAGE ONLY,PRICE ST,N,2025,WEDNESDAY,REAR END,N,Y,49.240208,-123.019828,N,MAY,N,BURNABY,BURNABY,BURNABY,N,N,N,LOWER MAINLAND,PRICE ST & SMITH AVE,SMITH AVE,SMITH AVE,15:00-17:59,1,0
N,PROPERTY DAMAGE ONLY,PUNTLEDGE RD,N,2025,WEDNESDAY,REAR END,N,Y,49.69728,-124.990362,N,MAY,N,COURTENAY,COURTENAY,COURTENAY,N,N,N,VANCOUVER ISLAND,PUNTLEDGE RD & RYAN RD,RYAN RD,RYAN RD,15:00-17:59,1,0
N,PROPERTY DAMAGE ONLY,RANDOLPH AVE,N,2025,WEDNESDAY,CONFLICTED,N,Y,49.220271,-122.973476,N,MAY,N,BURNABY,BURNABY,BURNABY,N,N,N,LOWER MAINLAND,KINGSWAY & RANDOLPH AVE,KINGSWAY,KINGSWAY,15:00-17:59,1,0
N,PROPERTY DAMAGE ONLY,RENFREW ST,N,2025,WEDNESDAY,SIDE SWIPE - SAME DIRECTION,N,Y,49.281155,-123.044034,N,MAY,N,VANCOUVER,VANCOUVER,VANCOUVER,N,N,N,LOWER MAINLAND,E HASTINGS ST & RENFREW ST,E HASTINGS ST,E HASTINGS ST,15:00-17:59,1,0
N,PROPERTY DAMAGE ONLY,RICHTER ST,N,2025,WEDNESDAY,SIDE SWIPE - SAME DIRECTION,N,Y,49.886311,-119.488472,N,MAY,N,KELOWNA,KELOWNA,KELOWNA,N,N,N,SOUTHERN INTERIOR,BERNARD AVE & RICHTER ST,BERNARD AVE,BERNARD AVE,15:00-17:59,1,0
N,PROPERTY DAMAGE ONLY,RIVER RD,N,2025,WEDNESDAY,CONFLICTED,N,Y,49.194528,-123.130419,N,MAY,N,RICHMOND,RICHMOND,RICHMOND,Y,Y,N,LOWER MAINLAND,NO 3 RD & RIVER RD,NO 3 RD,NO 3 RD,15:00-17:59,1,0
N,PROPERTY DAMAGE ONLY,ROBSON ST,N,2025,WEDNESDAY,SIDE IMPACT,N,Y,49.284599,-123.124848,N,MAY,Y,VANCOUVER,VANCOUVER,VANCOUVER,N,N,N,LOWER MAINLAND,ROBSON ST & THURLOW ST,THURLOW ST,THURLOW ST,15:00-17:59,1,0
N,PROPERTY DAMAGE ONLY,ROBSON ST,N,2025,WEDNESDAY,UNDETERMINED,N,Y,49.277588,-123.113963,N,MAY,N,VANCOUVER,VANCOUVER,VANCOUVER,Y,Y,N,LOWER MAINLAND,BEATTY ST & ROBSON ST,BEATTY ST,BEATTY ST,15:00-17:59,1,0
N,PROPERTY DAMAGE ONLY,ROCK BAY AVE,N,2025,WEDNESDAY,REAR END,N,Y,48.439577,-123.370616,N,MAY,N,VICTORIA,VICTORIA,VICTORIA,N,N,N,VANCOUVER ISLAND,GORGE RD E & ROCK BAY AVE,GORGE RD E,GORGE RD E,15:00-17:59,1,0
N,PROPERTY DAMAGE ONLY,ROCK CITY RD,N,2025,WEDNESDAY,REAR END,N,Y,49.202987,-123.99565,N,MAY,N,NANAIMO,NANAIMO,NANAIMO,N,N,N,VANCOUVER ISLAND,ISLAND HWY N & ROCK CITY RD & TURNING LANE,ISLAND HWY N,ISLAND HWY N,15:00-17:59,1,0
N,PROPERTY DAMAGE ONLY,ROYAL OAK AVE,N,2025,WEDNESDAY,UNDETERMINED,N,Y,49.225,-122.988934,N,MAY,N,BURNABY,BURNABY,BURNABY,N,N,N,LOWER MAINLAND,KINGSWAY & ROYAL OAK AVE,KINGSWAY,KINGSWAY,15:00-17:59,1,0
N,PROPERTY DAMAGE ONLY,RUMBLE ST,N,2025,WEDNESDAY,UNDETERMINED,N,Y,49.214831,-122.999425,N,MAY,N,BURNABY,BURNABY,BURNABY,Y,N,N,LOWER MAINLAND,GRAY AVE & RUMBLE ST,GRAY AVE,GRAY AVE,15:00-17:59,1,0
N,PROPERTY DAMAGE ONLY,RYAN RD,N,2025,WEDNESDAY,CONFLICTED,N,Y,49.71038,-124.965621,N,MAY,N,COURTENAY,COURTENAY,COURTENAY,N,N,N,VANCOUVER ISLAND,LERWICK RD & RYAN RD & TURNING LANE,LERWICK RD,LERWICK RD,15:00-17:59,1,0
N,PROPERTY DAMAGE ONLY,SAANICH RD,N,2025,WEDNESDAY,REAR END,N,Y,48.454201,-123.374304,N,MAY,N,SAANICH,SAANICH,SAANICH,N,N,N,VANCOUVER ISLAND,OAK ST & SAANICH RD & UPTOWN BLVD & TURNING LANE,OAK ST,OAK ST,15:00-17:59,1,0
N,PROPERTY DAMAGE ONLY,SE MARINE DR,N,2025,WEDNESDAY,REAR END,N,Y,49.211023,-123.091135,N,MAY,N,VANCOUVER,VANCOUVER,VANCOUVER,N,N,N,LOWER MAINLAND,FRASER ST & SE MARINE DR,FRASER ST,FRASER ST,15:00-17:59,1,0
N,PROPERTY DAMAGE ONLY,SEAPLANE BASE RD,N,2025,WEDNESDAY,SIDE IMPACT,N,Y,48.94494,-125.557752,N,MAY,N,UCLUELET,UCLUELET,UCLUELET,Y,N,N,VANCOUVER ISLAND,PENINSULA RD & SEAPLANE BASE RD,PENINSULA RD,PENINSULA RD,15:00-17:59,1,0
N,PROPERTY DAMAGE ONLY,SEGUIN DR,N,2025,WEDNESDAY,SIDE IMPACT,N,N,\N,\N,N,MAY,N,COQUITLAM,COQUITLAM,\N,N,N,N,LOWER MAINLAND,UNKNOWN,SCHOOLHOUSE ST,SCHOOLHOUSE ST,15:00-17:59,1,0
N,PROPERTY DAMAGE ONLY,SEYMOUR ST OFFRAMP,N,2025,WEDNESDAY,REAR END,N,Y,49.275046,-123.129407,N,MAY,N,VANCOUVER,VANCOUVER,VANCOUVER,N,N,N,LOWER MAINLAND,GRANVILLE BRIDGE & GRANVILLE ST & HOWE ST ONRAMP & PACIFIC ST & SEYMOUR ST OFFRAMP,GRANVILLE BRIDGE,GRANVILLE BRIDGE,15:00-17:59,1,0
N,PROPERTY DAMAGE ONLY,SHAUGHNESSY ST,N,2025,WEDNESDAY,REAR END,N,Y,49.208451,-123.128855,N,MAY,N,VANCOUVER,VANCOUVER,VANCOUVER,N,N,N,LOWER MAINLAND,SHAUGHNESSY ST & W 70TH AVE,W 70TH AVE,W 70TH AVE,15:00-17:59,1,0
N,PROPERTY DAMAGE ONLY,SHAWNIGAN LAKE RD,N,2025,WEDNESDAY,REAR END,N,Y,48.653682,-123.623122,N,MAY,N,SHAWNIGAN LAKE,SHAWNIGAN LAKE,SHAWNIGAN LAKE,N,N,N,VANCOUVER ISLAND,SHAWNIGAN LAKE RD & SHAWNIGAN-MILL BAY RD,SHAWNIGAN-MILL BAY RD,SHAWNIGAN-MILL BAY RD,15:00-17:59,1,0
N,PROPERTY DAMAGE ONLY,SHELBOURNE ST,N,2025,WEDNESDAY,SIDE IMPACT,N,Y,48.468632,-123.332734,N,MAY,N,SAANICH,SAANICH,SAANICH,N,N,N,VANCOUVER ISLAND,MCKENZIE AVE & SHELBOURNE ST,MCKENZIE AVE,MCKENZIE AVE,15:00-17:59,1,0
N,PROPERTY DAMAGE ONLY,SHERWOOD BLVD,N,2025,WEDNESDAY,HEAD ON,N,Y,49.002497,-123.065043,N,MAY,N,DELTA,DELTA,DELTA,Y,N,N,LOWER MAINLAND,SHERWOOD BLVD & WOODLAND DR,WOODLAND DR,WOODLAND DR,15:00-17:59,1,0
N,PROPERTY DAMAGE ONLY,SIXTH ST,N,2025,WEDNESDAY,CONFLICTED,N,N,\N,\N,N,MAY,N,NEW WESTMINSTER,NEW WESTMINSTER,\N,N,N,N,LOWER MAINLAND,UNKNOWN,20 AVE,20 AVE,15:00-17:59,1,0
N,PROPERTY DAMAGE ONLY,SLOCAN ST,N,2025,WEDNESDAY,SIDE SWIPE - SAME DIRECTION,N,Y,49.242429,-123.051643,N,MAY,N,VANCOUVER,VANCOUVER,VANCOUVER,Y,N,N,LOWER MAINLAND,NORQUAY ST & SLOCAN ST,NORQUAY ST,NORQUAY ST,15:00-17:59,1,0
N,PROPERTY DAMAGE ONLY,SOPHIA ST,N,2025,WEDNESDAY,CONFLICTED,N,Y,49.210781,-123.100324,N,MAY,N,VANCOUVER,VANCOUVER,VANCOUVER,N,N,N,LOWER MAINLAND,SE MARINE DR & SOPHIA ST,SE MARINE DR,SE MARINE DR,15:00-17:59,1,0
N,PROPERTY DAMAGE ONLY,SOUTHDALE RD,N,2025,WEDNESDAY,SIDE IMPACT,N,Y,49.133466,-123.119142,N,MAY,N,RICHMOND,RICHMOND,RICHMOND,N,N,N,LOWER MAINLAND,SOUTHDALE RD & STEVESTON HWY,STEVESTON HWY,STEVESTON HWY,15:00-17:59,1,0
N,PROPERTY DAMAGE ONLY,SOUTHWIND RD,N,2025,WEDNESDAY,SINGLE VEHICLE,N,Y,49.692034,-124.86907,N,MAY,N,COMOX,COMOX,COMOX,N,N,N,VANCOUVER ISLAND,LAZO RD & SOUTHWIND RD,LAZO RD,LAZO RD,15:00-17:59,1,0
N,PROPERTY DAMAGE ONLY,SUMAS WAY,N,2025,WEDNESDAY,REAR END,N,Y,49.033431,-122.266381,N,MAY,N,ABBOTSFORD,ABBOTSFORD,ABBOTSFORD,N,N,N,LOWER MAINLAND,LONZO RD & SUMAS WAY & SUMAS WAY OFFRAMP & SUMAS WAY ONRAMP & TRANS-CANADA HWY & TURNING LANE,HWY 1,HWY 1,15:00-17:59,1,0
N,PROPERTY DAMAGE ONLY,SUMAS WAY,N,2025,WEDNESDAY,SIDE SWIPE - SAME DIRECTION,N,Y,49.040074,-122.27126,N,MAY,N,ABBOTSFORD,ABBOTSFORD,ABBOTSFORD,N,N,N,LOWER MAINLAND,SOUTH FRASER WAY & SUMAS WAY & MALL ACCESS & TURNING LANE,SOUTH FRASER WAY,SOUTH FRASER WAY,15:00-17:59,1,0
N,PROPERTY DAMAGE ONLY,SUPERIOR ST,N,2025,WEDNESDAY,SIDE SWIPE - SAME DIRECTION,Y,Y,48.41858,-123.365641,N,MAY,N,VICTORIA,VICTORIA,VICTORIA,Y,N,N,VANCOUVER ISLAND,BLANSHARD ST & DOUGLAS ST & SOUTHGATE ST & SUPERIOR ST,DOUGLAS ST,DOUGLAS ST,15:00-17:59,1,0
N,PROPERTY DAMAGE ONLY,SURREY ST,N,2025,WEDNESDAY,UNDETERMINED,N,Y,49.230708,-122.898519,N,MAY,N,NEW WESTMINSTER,NEW WESTMINSTER,NEW WESTMINSTER,Y,N,N,LOWER MAINLAND,ELMER ST & RICHMOND ST & SURREY ST,RICHMOND ST,RICHMOND ST,15:00-17:59,1,0
N,PROPERTY DAMAGE ONLY,SUSSEX AVE,N,2025,WEDNESDAY,UNDETERMINED,N,Y,49.212203,-123.004968,N,MAY,N,BURNABY,BURNABY,BURNABY,N,N,N,LOWER MAINLAND,PORTLAND ST & SUSSEX AVE,PORTLAND ST,PORTLAND ST,15:00-17:59,1,0
N,PROPERTY DAMAGE ONLY,SUTHERLAND AVE,N,2025,WEDNESDAY,SINGLE VEHICLE,N,Y,49.880318,-119.465768,N,MAY,N,KELOWNA,KELOWNA,KELOWNA,N,N,N,SOUTHERN INTERIOR,BURTCH RD & SUTHERLAND AVE,BURTCH RD,BURTCH RD,15:00-17:59,1,0
N,PROPERTY DAMAGE ONLY,SWINTON CRES,N,2025,WEDNESDAY,SIDE SWIPE - SAME DIRECTION,N,Y,49.133439,-123.110972,N,MAY,N,RICHMOND,RICHMOND,RICHMOND,N,N,N,LOWER MAINLAND,STEVESTON HWY & SWINTON CRES,STEVESTON HWY,STEVESTON HWY,15:00-17:59,1,0
N,PROPERTY DAMAGE ONLY,TERMINAL AVE,N,2025,WEDNESDAY,SIDE SWIPE - SAME DIRECTION,N,Y,49.272985,-123.101732,N,MAY,N,VANCOUVER,VANCOUVER,VANCOUVER,N,N,N,LOWER MAINLAND,QUEBEC ST & TERMINAL AVE,QUEBEC ST,QUEBEC ST,15:00-17:59,1,0
N,PROPERTY DAMAGE ONLY,TRANS-CANADA HWY,N,2025,WEDNESDAY,REAR END,N,Y,48.792029,-123.712735,N,MAY,N,DUNCAN,DUNCAN,DUNCAN,N,N,N,VANCOUVER ISLAND,ALINGTON RD & TRANS-CANADA HWY & TURNING LANE,ALINGTON RD,ALINGTON RD,15:00-17:59,1,0
N,PROPERTY DAMAGE ONLY,TRUNK RD,N,2025,WEDNESDAY,UNDETERMINED,N,Y,48.776846,-123.698837,N,MAY,N,DUNCAN,DUNCAN,DUNCAN,N,N,N,VANCOUVER ISLAND,TRANS-CANADA HWY & TRUNK RD,HWY 1,HWY 1,15:00-17:59,1,0
N,PROPERTY DAMAGE ONLY,TUAN RD,N,2025,WEDNESDAY,SIDE IMPACT,N,Y,49.309702,-124.267844,N,MAY,N,PARKSVILLE,PARKSVILLE,PARKSVILLE,N,N,N,VANCOUVER ISLAND,ISLAND HWY E & RESORT WAY & TUAN RD & TURNING LANE,ISLAND HWY E,ISLAND HWY E,15:00-17:59,1,0
N,PROPERTY DAMAGE ONLY,TWELFTH ST,N,2025,WEDNESDAY,CONFLICTED,N,Y,49.207609,-122.930604,N,MAY,N,NEW WESTMINSTER,NEW WESTMINSTER,NEW WESTMINSTER,N,N,N,LOWER MAINLAND,SIXTH AVE & TWELFTH ST,SIXTH AVE,SIXTH AVE,15:00-17:59,1,0
N,PROPERTY DAMAGE ONLY,TZOUHALEM RD,N,2025,WEDNESDAY,REAR END,N,Y,48.755413,-123.654697,N,MAY,N,COWICHAN BAY,COWICHAN BAY,COWICHAN BAY,N,N,N,VANCOUVER ISLAND,COWICHAN BAY RD & LOCHMANETZ RD & TZOUHALEM RD,COWICHAN BAY RD,COWICHAN BAY RD,15:00-17:59,1,0
N,PROPERTY DAMAGE ONLY,UNITED BLVD.,N,2025,WEDNESDAY,REAR END,N,N,\N,\N,N,MAY,N,COQUITLAM,COQUITLAM,\N,N,N,N,LOWER MAINLAND,UNKNOWN,LOUGHEED HWY,LOUGHEED HWY,15:00-17:59,1,0
N,PROPERTY DAMAGE ONLY,VANNESS AVE,N,2025,WEDNESDAY,SIDE IMPACT,N,Y,49.238241,-123.031848,N,MAY,N,VANCOUVER,VANCOUVER,VANCOUVER,N,N,N,LOWER MAINLAND,JOYCE ST & VANNESS AVE,JOYCE ST,JOYCE ST,15:00-17:59,1,0
N,PROPERTY DAMAGE ONLY,VANNESS AVE,N,2025,WEDNESDAY,SIDE IMPACT,N,Y,49.248406,-123.056651,N,MAY,N,VANCOUVER,VANCOUVER,VANCOUVER,N,N,N,LOWER MAINLAND,NANAIMO ST & VANNESS AVE,NANAIMO ST,NANAIMO ST,15:00-17:59,1,0
N,PROPERTY DAMAGE ONLY,VEDDER RD,N,2025,WEDNESDAY,UNDETERMINED,N,Y,49.140842,-121.959972,N,MAY,N,CHILLIWACK,CHILLIWACK,CHILLIWACK,Y,Y,N,LOWER MAINLAND,LUCKAKUCK WAY & VEDDER RD & TURNING LANE,LUCKAKUCK WAY,LUCKAKUCK WAY,15:00-17:59,1,0
N,PROPERTY DAMAGE ONLY,VENABLES ST,N,2025,WEDNESDAY,SIDE IMPACT,N,Y,49.276499,-123.003189,N,MAY,N,BURNABY,BURNABY,BURNABY,N,N,N,LOWER MAINLAND,VENABLES ST & WILLINGDON AVE,WILLINGDON AVE,WILLINGDON AVE,15:00-17:59,1,0
N,PROPERTY DAMAGE ONLY,VICTORIA AVE,N,2025,WEDNESDAY,UNDETERMINED,N,Y,48.418046,-123.317895,N,MAY,N,OAK BAY,OAK BAY,OAK BAY,Y,N,N,VANCOUVER ISLAND,BEAVERBROOKE ST & ST MICHAELS UNIVERSITY SCHOOL - JUNIOR SCHOOL ACCESS & VICTORIA AVE,BEAVERBROOKE ST,BEAVERBROOKE ST,15:00-17:59,1,0
N,PROPERTY DAMAGE ONLY,VICTORIA DR,N,2025,WEDNESDAY,REAR END,N,Y,49.240059,-123.065367,N,MAY,N,VANCOUVER,VANCOUVER,VANCOUVER,N,N,N,LOWER MAINLAND,E 33RD AVE & VICTORIA DR,E 33RD AVE,E 33RD AVE,15:00-17:59,1,0
N,PROPERTY DAMAGE ONLY,VICTORIA DR,N,2025,WEDNESDAY,SIDE IMPACT,N,Y,49.25954,-123.065949,N,MAY,N,VANCOUVER,VANCOUVER,VANCOUVER,N,N,N,LOWER MAINLAND,E 12TH AVE & VICTORIA DR,E 12TH AVE,E 12TH AVE,15:00-17:59,1,0
N,PROPERTY DAMAGE ONLY,VICTORIA DR,N,2025,WEDNESDAY,SIDE SWIPE - SAME DIRECTION,N,Y,49.209688,-123.066111,N,MAY,N,VANCOUVER,VANCOUVER,VANCOUVER,N,N,N,LOWER MAINLAND,SE MARINE DR & VICTORIA DR,SE MARINE DR,SE MARINE DR,15:00-17:59,1,0
N,PROPERTY DAMAGE ONLY,VICTORIA DR,N,2025,WEDNESDAY,SIDE SWIPE - SAME DIRECTION,N,Y,49.227639,-123.065659,N,MAY,N,VANCOUVER,VANCOUVER,VANCOUVER,Y,N,N,LOWER MAINLAND,E 47TH AVE & VICTORIA DR,E 47TH AVE,E 47TH AVE,15:00-17:59,1,0
N,PROPERTY DAMAGE ONLY,VICTORIA DR,N,2025,WEDNESDAY,SIDE SWIPE - SAME DIRECTION,N,Y,49.245143,-123.065173,N,MAY,N,VANCOUVER,VANCOUVER,VANCOUVER,N,N,N,LOWER MAINLAND,KINGSWAY & VICTORIA DR,KINGSWAY,KINGSWAY,15:00-17:59,1,0
N,PROPERTY DAMAGE ONLY,VICTORIA ST,N,2025,WEDNESDAY,CONFLICTED,N,Y,53.919868,-122.747526,N,MAY,N,PRINCE GEORGE,PRINCE GEORGE,PRINCE GEORGE,N,N,N,NORTH CENTRAL,1ST AVE & VICTORIA ST & TURNING LANE,1ST AVE,1ST AVE,15:00-17:59,1,0
N,PROPERTY DAMAGE ONLY,VOGHT ST,N,2025,WEDNESDAY,UNDETERMINED,N,Y,50.109383,-120.78999,N,MAY,N,MERRITT,MERRITT,MERRITT,N,N,N,SOUTHERN INTERIOR,COUTLEE AVE & VOGHT ST,COUTLEE AVE,COUTLEE AVE,15:00-17:59,1,0
N,PROPERTY DAMAGE ONLY,W 10TH AVE,N,2025,WEDNESDAY,SIDE IMPACT,N,Y,49.263533,-123.187814,N,MAY,N,VANCOUVER,VANCOUVER,VANCOUVER,N,N,N,LOWER MAINLAND,HIGHBURY ST & W 10TH AVE,HIGHBURY ST,HIGHBURY ST,15:00-17:59,1,0
N,PROPERTY DAMAGE ONLY,W 18TH AVE,N,2025,WEDNESDAY,SIDE SWIPE - SAME DIRECTION,N,Y,49.255066,-123.116019,N,MAY,N,VANCOUVER,VANCOUVER,VANCOUVER,Y,N,N,LOWER MAINLAND,TUPPER ST & W 18TH AVE,TUPPER ST,TUPPER ST,15:00-17:59,1,0
N,PROPERTY DAMAGE ONLY,W 1ST AVE,N,2025,WEDNESDAY,SINGLE VEHICLE,N,Y,49.270681,-123.146403,N,MAY,N,VANCOUVER,VANCOUVER,VANCOUVER,N,Y,N,LOWER MAINLAND,CHESTNUT ST & W 1ST AVE,CHESTNUT ST,CHESTNUT ST,15:00-17:59,1,0
N,PROPERTY DAMAGE ONLY,W 25TH AVE,N,2025,WEDNESDAY,SIDE SWIPE - SAME DIRECTION,Y,Y,49.249411,-123.139097,N,MAY,N,VANCOUVER,VANCOUVER,VANCOUVER,N,N,N,LOWER MAINLAND,GRANVILLE ST & W KING EDWARD AVE,GRANVILLE ST,GRANVILLE ST,15:00-17:59,1,0
N,PROPERTY DAMAGE ONLY,W 2ND AVE,N,2025,WEDNESDAY,UNDETERMINED,N,Y,49.270012,-123.159792,N,MAY,N,VANCOUVER,VANCOUVER,VANCOUVER,Y,N,N,LOWER MAINLAND,BALSAM ST & W 2ND AVE,BALSAM ST,BALSAM ST,15:00-17:59,1,0
N,PROPERTY DAMAGE ONLY,W 41ST AVE,N,2025,WEDNESDAY,SIDE IMPACT,N,Y,49.234343,-123.139623,N,MAY,N,VANCOUVER,VANCOUVER,VANCOUVER,N,N,N,LOWER MAINLAND,GRANVILLE ST & W 41ST AVE,GRANVILLE ST,GRANVILLE ST,15:00-17:59,1,0
N,PROPERTY DAMAGE ONLY,W 43RD AVE,N,2025,WEDNESDAY,CONFLICTED,N,Y,49.232466,-123.139592,N,MAY,N,VANCOUVER,VANCOUVER,VANCOUVER,N,N,N,LOWER MAINLAND,GRANVILLE ST & W 43RD AVE,GRANVILLE ST,GRANVILLE ST,15:00-17:59,1,0
N,PROPERTY DAMAGE ONLY,W 43RD AVE,N,2025,WEDNESDAY,UNDETERMINED,N,Y,49.232848,-123.178697,N,MAY,N,VANCOUVER,VANCOUVER,VANCOUVER,Y,N,N,LOWER MAINLAND,BLENHEIM ST & W 43RD AVE,BLENHEIM ST,BLENHEIM ST,15:00-17:59,1,0
N,PROPERTY DAMAGE ONLY,W 4TH AVE,N,2025,WEDNESDAY,CONFLICTED,N,Y,49.268422,-123.171072,N,MAY,N,VANCOUVER,VANCOUVER,VANCOUVER,N,N,N,LOWER MAINLAND,BAYSWATER ST & W 4TH AVE,BAYSWATER ST,BAYSWATER ST,15:00-17:59,1,0
N,PROPERTY DAMAGE ONLY,W 71ST AVE,N,2025,WEDNESDAY,SIDE SWIPE - SAME DIRECTION,N,Y,49.207069,-123.140585,N,MAY,N,VANCOUVER,VANCOUVER,VANCOUVER,N,N,N,LOWER MAINLAND,GRANVILLE ST & W 71ST AVE,GRANVILLE ST,GRANVILLE ST,15:00-17:59,1,0
N,PROPERTY DAMAGE ONLY,W GEORGIA ST,N,2025,WEDNESDAY,SINGLE VEHICLE,N,Y,49.284409,-123.121096,N,MAY,N,VANCOUVER,VANCOUVER,VANCOUVER,N,N,Y,LOWER MAINLAND,BURRARD ST & W GEORGIA ST,BURRARD ST,BURRARD ST,15:00-17:59,1,0
N,PROPERTY DAMAGE ONLY,W HASTINGS ST,N,2025,WEDNESDAY,CONFLICTED,N,Y,49.283412,-123.110937,N,MAY,N,VANCOUVER,VANCOUVER,VANCOUVER,N,N,N,LOWER MAINLAND,HOMER ST & W HASTINGS ST,HOMER ST,HOMER ST,15:00-17:59,1,0
N,PROPERTY DAMAGE ONLY,W PENDER ST,N,2025,WEDNESDAY,SIDE SWIPE - SAME DIRECTION,Y,Y,49.286556,-123.117889,N,MAY,N,VANCOUVER,VANCOUVER,VANCOUVER,N,N,N,LOWER MAINLAND,BURRARD ST & W PENDER ST,BURRARD ST,BURRARD ST,15:00-17:59,1,0
N,PROPERTY DAMAGE ONLY,W PENDER ST,N,2025,WEDNESDAY,UNDETERMINED,N,Y,49.283416,-123.112864,N,MAY,N,VANCOUVER,VANCOUVER,VANCOUVER,N,N,N,LOWER MAINLAND,RICHARDS ST & W PENDER ST,RICHARDS ST,RICHARDS ST,15:00-17:59,1,0
N,PROPERTY DAMAGE ONLY,WASHINGTON ST,N,2025,WEDNESDAY,REAR END,N,Y,49.076972,-117.800272,N,MAY,N,ROSSLAND,ROSSLAND,ROSSLAND,N,N,N,SOUTHERN INTERIOR,COLUMBIA AVE & WASHINGTON ST,COLUMBIA AVE,COLUMBIA AVE,15:00-17:59,1,0
N,PROPERTY DAMAGE ONLY,WAYNE RD,N,2025,WEDNESDAY,UNDETERMINED,N,Y,49.875317,-119.398266,N,MAY,N,KELOWNA,KELOWNA,KELOWNA,N,N,N,SOUTHERN INTERIOR,HOLLYWOOD RD S & WAYNE RD,HOLLYWOOD RD S,HOLLYWOOD RD S,15:00-17:59,1,0
N,PROPERTY DAMAGE ONLY,WILDWOOD AVE,N,2025,WEDNESDAY,UNDETERMINED,N,Y,48.41085,-123.333929,N,MAY,N,VICTORIA,VICTORIA,VICTORIA,N,N,N,VANCOUVER ISLAND,ROSS ST & WILDWOOD AVE,ROSS ST,ROSS ST,15:00-17:59,1,0
N,PROPERTY DAMAGE ONLY,WILLINGDON AVE,N,2025,WEDNESDAY,REAR END,N,Y,49.230223,-123.004835,N,MAY,N,BURNABY,BURNABY,BURNABY,N,N,N,LOWER MAINLAND,KINGSWAY & WILLINGDON AVE & TURNING LANE,KINGSWAY,KINGSWAY,15:00-17:59,1,0
N,PROPERTY DAMAGE ONLY,WILLINGDON AVE,N,2025,WEDNESDAY,REAR END,N,Y,49.259988,-123.00406,N,MAY,N,BURNABY,BURNABY,BURNABY,N,N,N,LOWER MAINLAND,STILL CREEK AVE & WILLINGDON AVE,STILL CREEK AVE,STILL CREEK AVE,15:00-17:59,1,0
N,PROPERTY DAMAGE ONLY,WILLINGDON AVE,N,2025,WEDNESDAY,SIDE IMPACT,N,Y,49.276499,-123.003189,N,MAY,N,BURNABY,BURNABY,BURNABY,N,N,N,LOWER MAINLAND,VENABLES ST & WILLINGDON AVE,VENABLES ST,VENABLES ST,15:00-17:59,1,0
N,PROPERTY DAMAGE ONLY,WILMOT PL,N,2025,WEDNESDAY,UNDETERMINED,N,Y,48.426512,-123.316855,N,MAY,N,OAK BAY,OAK BAY,OAK BAY,N,N,N,VANCOUVER ISLAND,OAK BAY AVE & WILMOT PL,OAK BAY AVE,OAK BAY AVE,15:00-17:59,1,0
N,PROPERTY DAMAGE ONLY,WINDERMERE ST,N,2025,WEDNESDAY,CONFLICTED,N,Y,49.261897,-123.036518,N,MAY,N,VANCOUVER,VANCOUVER,VANCOUVER,N,N,N,LOWER MAINLAND,E BROADWAY & WINDERMERE ST,E BROADWAY,E BROADWAY,15:00-17:59,1,0
N,PROPERTY DAMAGE ONLY,WOODLAND DR,N,2025,WEDNESDAY,REAR END,N,Y,49.268731,-123.073522,N,MAY,N,VANCOUVER,VANCOUVER,VANCOUVER,N,N,N,LOWER MAINLAND,E 2ND AVE & WOODLAND DR,E 2ND AVE,E 2ND AVE,15:00-17:59,1,0
N,PROPERTY DAMAGE ONLY,WOODLAND DR,N,2025,WEDNESDAY,SIDE IMPACT,N,Y,49.268731,-123.073522,N,MAY,N,VANCOUVER,VANCOUVER,VANCOUVER,Y,N,N,LOWER MAINLAND,E 2ND AVE & WOODLAND DR,E 2ND AVE,E 2ND AVE,15:00-17:59,1,0
Y,PROPERTY DAMAGE ONLY,\N,N,2025,WEDNESDAY,SINGLE VEHICLE,N,N,\N,\N,N,MAY,N,BARRIERE,BARRIERE,\N,N,N,N,SOUTHERN INTERIOR,UNKNOWN,YELLOWHEAD HWY,YELLOWHEAD HWY,15:00-17:59,1,0
Y,PROPERTY DAMAGE ONLY,\N,N,2025,WEDNESDAY,SINGLE VEHICLE,N,N,\N,\N,N,MAY,N,CHASE,CHASE,\N,N,N,N,SOUTHERN INTERIOR,UNKNOWN,HWY 1,HWY 1,15:00-17:59,1,0
Y,PROPERTY DAMAGE ONLY,\N,N,2025,WEDNESDAY,SINGLE VEHICLE,N,N,\N,\N,N,MAY,N,MERRITT,MERRITT,\N,N,N,N,SOUTHERN INTERIOR,UNKNOWN,HWY 5,HWY 5,15:00-17:59,1,0
Y,PROPERTY DAMAGE ONLY,\N,N,2025,WEDNESDAY,SINGLE VEHICLE,N,N,\N,\N,N,MAY,N,PARKSVILLE,PARKSVILLE,\N,N,N,N,VANCOUVER ISLAND,UNKNOWN,ISLAND HWY E,ISLAND HWY E,15:00-17:59,1,0
Y,PROPERTY DAMAGE ONLY,BEAR CREEK RD,N,2025,WEDNESDAY,SINGLE VEHICLE,N,Y,49.893331,-119.54216,N,MAY,N,WEST KELOWNA,WEST KELOWNA,WEST KELOWNA,N,N,N,SOUTHERN INTERIOR,BEAR CREEK RD & LINDLEY DR & WESTSIDE RD & TURNING LANE,WESTSIDE RD,WESTSIDE RD,15:00-17:59,1,0
Y,PROPERTY DAMAGE ONLY,GARNER RD,N,2025,WEDNESDAY,SINGLE VEHICLE,N,Y,48.80475,-123.479741,N,MAY,N,SALT SPRING ISLAND,SALT SPRING ISLAND,SALT SPRING ISLAND,N,N,N,VANCOUVER ISLAND,FULFORD-GANGES RD & GARNER RD,FULFORD-GANGES RD,FULFORD-GANGES RD,15:00-17:59,1,0
Y,PROPERTY DAMAGE ONLY,LAFARGE RD,N,2025,WEDNESDAY,SINGLE VEHICLE,N,Y,50.658952,-120.061808,N,MAY,N,KAMLOOPS,KAMLOOPS,KAMLOOPS,N,N,N,SOUTHERN INTERIOR,LAFARGE RD & SHUSWAP RD,SHUSWAP RD,SHUSWAP RD,15:00-17:59,1,0
