ANIMAL_FLAG,CRASH_SEVERITY,CROSS_STREET_FULL_NAME,CYCLIST_FLAG,DATE_OF_LOSS_YEAR,DAY_OF_WEEK,DERIVED_CRASH_CONFIGURATION,HEAVY_VEH_FLAG,INTERSECTION_CRASH,LATITUDE,LONGITUDE,MID_BLOCK_CRASH,MONTH_OF_YEAR,MOTORCYCLE_FLAG,Municipality Name (ifnull),MUNICIPALITY_NAME,MUNICIPALITY_WITH_BOUNDARY,PARKED_VEHICLE_FLAG,PARKING_LOT_FLAG,PEDESTRIAN_FLAG,REGION,ROAD_LOCATION_DESCRIPTION,Street Full Name (ifnull),STREET_FULL_NAME,TIME_CATEGORY,TOTAL_CRASHES,TOTAL_VICTIMS
N,CASUALTY CRASH,\N,N,2024,THURSDAY,CONFLICTED,N,N,\N,\N,N,JANUARY,N,CHERRYVILLE,CHERRYVILLE,\N,N,N,N,SOUTHERN INTERIOR,UNKNOWN,HWY 6,HWY 6,18:00-20:59,1,2
N,CASUALTY CRASH,\N,N,2024,THURSDAY,CONFLICTED,N,N,\N,\N,N,JANUARY,N,RICHMOND,RICHMOND,\N,Y,N,N,LOWER MAINLAND,UNKNOWN,HWY 91,HWY 91,18:00-20:59,1,1
N,CASUALTY CRASH,\N,N,2024,THURSDAY,HEAD ON,N,N,\N,\N,N,JANUARY,N,QUESNEL,QUESNEL,\N,N,N,N,NORTH CENTRAL,UNKNOWN,HWY 26,HWY 26,18:00-20:59,1,1
N,CASUALTY CRASH,\N,N,2024,THURSDAY,HEAD ON,N,N,\N,\N,N,JANUARY,N,RICHMOND,RICHMOND,\N,N,N,N,LOWER MAINLAND,UNKNOWN,HWY 99,HWY 99,18:00-20:59,1,2
N,CASUALTY CRASH,\N,N,2024,THURSDAY,OVERTAKING,Y,N,\N,\N,N,JANUARY,N,KITWANGA,KITWANGA,\N,N,N,N,NORTH CENTRAL,UNKNOWN,HWY 16,HWY 16,18:00-20:59,1,3
N,CASUALTY CRASH,\N,N,2024,THURSDAY,REAR END,N,N,\N,\N,N,JANUARY,N,NEW WESTMINSTER,NEW WESTMINSTER,\N,N,N,N,LOWER MAINLAND,UNKNOWN,HWY 91,HWY 91,18:00-20:59,1,1
N,CASUALTY CRASH,\N,N,2024,THURSDAY,REAR END,N,N,\N,\N,N,JANUARY,N,RICHMOND,RICHMOND,\N,N,N,N,LOWER MAINLAND,UNKNOWN,HWY99,HWY99,18:00-20:59,1,1
N,CASUALTY CRASH,\N,N,2024,THURSDAY,SINGLE VEHICLE,N,N,\N,\N,N,JANUARY,N,SURREY,SURREY,\N,N,N,N,LOWER MAINLAND,UNKNOWN,FRASER HWY,FRASER HWY,18:00-20:59,1,1
N,CASUALTY CRASH,\N,N,2024,THURSDAY,SINGLE VEHICLE,N,N,\N,\N,N,JANUARY,N,WEST VANCOUVER,WEST VANCOUVER,\N,N,N,N,LOWER MAINLAND,UNKNOWN,MILLSTREAM RD,MILLSTREAM RD,18:00-20:59,1,2
N,CASUALTY CRASH,\N,N,2024,THURSDAY,SINGLE VEHICLE,N,N,49.285341,-123.13242,Y,JANUARY,N,VANCOUVER,VANCOUVER,VANCOUVER,N,N,N,LOWER MAINLAND,NELSON ST # 001300 TO 001399,NELSON ST,NELSON ST,18:00-20:59,1,1
N,CASUALTY CRASH,\N,N,2024,THURSDAY,UNDETERMINED,N,N,49.230794,-122.905693,Y,JANUARY,N,BURNABY,BURNABY,BURNABY,N,Y,N,LOWER MAINLAND,10TH AVE # 008667 TO 008699 odd,10TH AVE,10TH AVE,18:00-20:59,1,2
N,CASUALTY CRASH,104 AVE ONRAMP,N,2024,THURSDAY,REAR END,N,Y,49.191466,-122.738252,N,JANUARY,N,SURREY,SURREY,SURREY,N,N,N,LOWER MAINLAND,104 AVE & 104 AVE ONRAMP & HWY 17 & TURNING LANE,104 AVE,104 AVE,18:00-20:59,1,2
N,CASUALTY CRASH,10TH AVE,N,2024,THURSDAY,SIDE IMPACT,N,Y,49.227292,-122.912147,N,JANUARY,N,BURNABY,BURNABY,BURNABY & NEW WESTMINSTER,N,N,N,LOWER MAINLAND,10TH AVE & CUMBERLAND ST & E TENTH AVE,CUMBERLAND ST,CUMBERLAND ST,18:00-20:59,1,2
N,CASUALTY CRASH,128 ST,N,2024,THURSDAY,REAR END,N,Y,49.13388,-122.867854,N,JANUARY,N,SURREY,SURREY,SURREY,N,N,N,LOWER MAINLAND,128 ST & 72 AVE,72 AVE,72 AVE,18:00-20:59,2,4
N,CASUALTY CRASH,12TH AVE,N,2024,THURSDAY,CONFLICTED,N,Y,49.202519,-122.962696,N,JANUARY,N,BURNABY,BURNABY,BURNABY,Y,N,N,LOWER MAINLAND,12TH AVE & MARINE DR,MARINE DR,MARINE DR,18:00-20:59,1,1
N,CASUALTY CRASH,12TH AVE,N,2024,THURSDAY,REAR END,N,Y,49.220505,-122.929546,N,JANUARY,N,BURNABY,BURNABY,BURNABY,N,N,N,LOWER MAINLAND,12TH AVE & 6TH ST,6TH ST,6TH ST,18:00-20:59,1,2
N,CASUALTY CRASH,132 ST,N,2024,THURSDAY,UNDETERMINED,N,Y,49.108198,-122.856719,N,JANUARY,N,SURREY,SURREY,SURREY,N,N,N,LOWER MAINLAND,132 ST & 58 AVE,HWY 10,HWY 10,18:00-20:59,1,3
N,CASUALTY CRASH,134 ST,N,2024,THURSDAY,SIDE IMPACT,N,Y,49.148156,-122.85128,N,JANUARY,N,SURREY,SURREY,SURREY,N,N,N,LOWER MAINLAND,134 ST & 80 AVE,80 AVE,80 AVE,18:00-20:59,1,4
N,CASUALTY CRASH,159 ST,N,2024,THURSDAY,REAR END,N,Y,49.158643,-122.782191,N,JANUARY,N,SURREY,SURREY,SURREY,N,N,N,LOWER MAINLAND,159 ST & FRASER HWY & VENTURE WAY,FRASER HWY,FRASER HWY,18:00-20:59,1,1
N,CASUALTY CRASH,188 ST,N,2024,THURSDAY,SIDE IMPACT,N,Y,49.100525,-122.701695,N,JANUARY,Y,SURREY,SURREY,SURREY,N,N,N,LOWER MAINLAND,188 ST & 54 AVE,54 AVE,54 AVE,18:00-20:59,1,2
N,CASUALTY CRASH,18TH ST,N,2024,THURSDAY,REAR END,N,Y,49.215216,-122.957032,N,JANUARY,N,BURNABY,BURNABY,BURNABY,N,N,N,LOWER MAINLAND,18TH ST & EDMONDS ST & SALISBURY AVE,SALISBURY AVE,SALISBURY AVE,18:00-20:59,1,1
N,CASUALTY CRASH,200 ST,N,2024,THURSDAY,CONFLICTED,N,Y,49.148264,-122.668222,N,JANUARY,N,LANGLEY,LANGLEY,LANGLEY,N,N,N,LOWER MAINLAND,200 ST & 80 AVE,80 AVE,80 AVE,18:00-20:59,1,1
N,CASUALTY CRASH,200 ST,N,2024,THURSDAY,UNDETERMINED,N,Y,49.108911,-122.668758,N,JANUARY,N,LANGLEY,LANGLEY,LANGLEY,N,N,N,LOWER MAINLAND,200 ST & FRASER HWY & TURNING LANE,FRASER HWY,FRASER HWY,18:00-20:59,1,1
N,CASUALTY CRASH,264 ST,N,2024,THURSDAY,UNDETERMINED,N,Y,49.101569,-122.492803,N,JANUARY,N,LANGLEY,LANGLEY,LANGLEY,N,N,N,LOWER MAINLAND,264 ST & 264 ST OFFRAMP & 264 ST ONRAMP & 56 AVE & 56 AVE OFFRAMP & 56 AVE ONRAMP & TRANS-CANADA HWY & TURNING LANE,HWY 1,HWY 1,18:00-20:59,1,1
N,CASUALTY CRASH,32 AVE,N,2024,THURSDAY,CONFLICTED,N,Y,49.05882,-122.80993,N,JANUARY,N,SURREY,SURREY,SURREY,N,N,N,LOWER MAINLAND,148 ST & 32 AVE DIVERSION & KING GEORGE BLVD & TURNING LANE,KING GEORGE BLVD,KING GEORGE BLVD,18:00-20:59,1,1
N,CASUALTY CRASH,5TH AVE,N,2024,THURSDAY,UNDETERMINED,N,Y,53.920606,-122.793251,N,JANUARY,N,PRINCE GEORGE,PRINCE GEORGE,PRINCE GEORGE,N,N,N,NORTH CENTRAL,5TH AVE & RUGGLES ST & PARK ACCESS,RUGGLES ST,RUGGLES ST,18:00-20:59,1,1
N,CASUALTY CRASH,62 AVE,N,2024,THURSDAY,HEAD ON,N,Y,49.115448,-122.867837,N,JANUARY,N,SURREY,SURREY,SURREY,N,N,N,LOWER MAINLAND,128 ST & 62 AVE,128 ST,128 ST,18:00-20:59,1,1
N,CASUALTY CRASH,64 AVE,N,2024,THURSDAY,REAR END,N,Y,49.119042,-122.845493,N,JANUARY,N,SURREY,SURREY,SURREY,N,N,N,LOWER MAINLAND,64 AVE & KING GEORGE BLVD & TURNING LANE,KING GEORGE BLVD,KING GEORGE BLVD,18:00-20:59,1,1
N,CASUALTY CRASH,68 AVE,N,2024,THURSDAY,REAR END,N,Y,49.126361,-122.801063,N,JANUARY,N,SURREY,SURREY,SURREY,N,N,N,LOWER MAINLAND,152 ST & 68 AVE,152 ST,152 ST,18:00-20:59,1,1
N,CASUALTY CRASH,80 AVE,N,2024,THURSDAY,SIDE IMPACT,N,Y,49.148408,-122.879104,N,JANUARY,N,SURREY,SURREY,SURREY,N,N,N,LOWER MAINLAND,124 ST & 80 AVE,124 ST,124 ST,18:00-20:59,1,1
N,CASUALTY CRASH,ALDERSON AVE,N,2024,THURSDAY,CONFLICTED,N,Y,49.239748,-122.879673,N,JANUARY,N,COQUITLAM,COQUITLAM,COQUITLAM,N,N,N,LOWER MAINLAND,ALDERSON AVE & ALLISON ST,ALLISON ST,ALLISON ST,18:00-20:59,1,2
N,CASUALTY CRASH,ALDERSON AVE,N,2024,THURSDAY,SIDE IMPACT,Y,Y,49.239736,-122.873003,N,JANUARY,N,COQUITLAM,COQUITLAM,COQUITLAM,Y,N,N,LOWER MAINLAND,ALDERSON AVE & BLUE MOUNTAIN ST,BLUE MOUNTAIN ST,BLUE MOUNTAIN ST,18:00-20:59,1,1
N,CASUALTY CRASH,ARROWSMITH PL,N,2024,THURSDAY,SINGLE VEHICLE,N,Y,49.303424,-122.784313,N,JANUARY,N,COQUITLAM,COQUITLAM,COQUITLAM,N,N,N,LOWER MAINLAND,ARROWSMITH PL & PINETREE WAY,PINETREE WAY,PINETREE WAY,18:00-20:59,1,1
N,CASUALTY CRASH,BERESFORD ST,N,2024,THURSDAY,MULTIPLE IMPACTS,N,Y,49.216766,-122.960988,N,JANUARY,N,BURNABY,BURNABY,BURNABY,N,N,N,LOWER MAINLAND,BERESFORD ST & GRIFFITHS DR,GRIFFITHS DR,GRIFFITHS DR,18:00-20:59,1,1
N,CASUALTY CRASH,BLUNDELL RD,N,2024,THURSDAY,REAR END,N,Y,49.15542,-123.091735,N,JANUARY,N,RICHMOND,RICHMOND,RICHMOND,N,N,N,LOWER MAINLAND,BLUNDELL RD & NO 5 RD,NO 5 RD,NO 5 RD,18:00-20:59,1,1
N,CASUALTY CRASH,BOUNDARY RD,N,2024,THURSDAY,REAR END,N,Y,49.221948,-123.023697,N,JANUARY,N,BURNABY,BURNABY,BURNABY & VANCOUVER,N,N,N,LOWER MAINLAND,BOUNDARY RD & E 49TH AVE & IMPERIAL ST & TURNING LANE,IMPERIAL ST,IMPERIAL ST,18:00-20:59,2,2
N,CASUALTY CRASH,BRIDGEWAY ST,N,2024,THURSDAY,REAR END,N,Y,49.28117,-123.031463,N,JANUARY,N,VANCOUVER,VANCOUVER,VANCOUVER,N,N,N,LOWER MAINLAND,BRIDGEWAY & CASSIAR CONN & E HASTINGS ST & E HASTINGS ST OFFRAMP & E HASTINGS ST ONRAMP & TRANS-CANADA HWY & TURNING LANE,CASSIAR CONNECTR,CASSIAR CONNECTR,18:00-20:59,1,1
N,CASUALTY CRASH,BRIDGEWAY ST,N,2024,THURSDAY,REAR END,N,Y,49.28117,-123.031463,N,JANUARY,N,VANCOUVER,VANCOUVER,VANCOUVER,N,N,N,LOWER MAINLAND,BRIDGEWAY & CASSIAR CONN & E HASTINGS ST & E HASTINGS ST OFFRAMP & E HASTINGS ST ONRAMP & TRANS-CANADA HWY & TURNING LANE,E HASTINGS ST ONRAMP,E HASTINGS ST ONRAMP,18:00-20:59,1,1
N,CASUALTY CRASH,BRUNETTE AVE,N,2024,THURSDAY,CONFLICTED,N,Y,49.238772,-122.862244,N,JANUARY,N,COQUITLAM,COQUITLAM,COQUITLAM,N,N,N,LOWER MAINLAND,BRUNETTE AVE & KING EDWARD ST & MARMONT ST,KING EDWARD ST,KING EDWARD ST,18:00-20:59,1,1
N,CASUALTY CRASH,BRUNETTE AVE,N,2024,THURSDAY,CONFLICTED,N,Y,49.239208,-122.859773,N,JANUARY,N,COQUITLAM,COQUITLAM,COQUITLAM,N,N,N,LOWER MAINLAND,BEGIN ST & BRUNETTE AVE,BEGIN ST,BEGIN ST,18:00-20:59,1,1
N,CASUALTY CRASH,BRUNETTE AVE,N,2024,THURSDAY,REAR END,N,Y,49.237668,-122.867509,N,JANUARY,N,COQUITLAM,COQUITLAM,COQUITLAM,N,N,N,LOWER MAINLAND,BRUNETTE AVE & LEBLEU ST,LEBLEU ST,LEBLEU ST,18:00-20:59,1,1
N,CASUALTY CRASH,BURRARD AVE,N,2024,THURSDAY,SIDE IMPACT,N,Y,54.02733,-124.009195,N,JANUARY,N,VANDERHOOF,VANDERHOOF,VANDERHOOF,N,N,N,NORTH CENTRAL,BURRARD AVE & LOOP RD & NORTHSIDE RD & TURNING LANE,NORTHSIDE RD,NORTHSIDE RD,18:00-20:59,1,1
N,CASUALTY CRASH,BUTT RD,N,2024,THURSDAY,UNDETERMINED,N,Y,49.836202,-119.615692,N,JANUARY,N,WEST KELOWNA,WEST KELOWNA,WEST KELOWNA,N,N,N,SOUTHERN INTERIOR,BUTT RD & HWY 97 & TURNING LANE,HWY 97,HWY 97,18:00-20:59,1,1
N,CASUALTY CRASH,BYRNEPARK DR,N,2024,THURSDAY,SIDE SWIPE - SAME DIRECTION,N,Y,49.205726,-122.968398,N,JANUARY,N,BURNABY,BURNABY,BURNABY,N,N,N,LOWER MAINLAND,BYRNEPARK DR & SOUTHRIDGE DR,SOUTHRIDGE DR,SOUTHRIDGE DR,18:00-20:59,1,2
N,CASUALTY CRASH,CANADA WAY,N,2024,THURSDAY,REAR END,N,Y,49.246961,-122.977618,N,JANUARY,N,BURNABY,BURNABY,BURNABY,N,N,N,LOWER MAINLAND,CANADA WAY & PERCIVAL AVE & SPRUCE ST,SPRUCE ST,SPRUCE ST,18:00-20:59,1,1
N,CASUALTY CRASH,CAPSTAN WAY,N,2024,THURSDAY,REAR END,N,Y,49.187769,-123.124771,N,JANUARY,N,RICHMOND,RICHMOND,RICHMOND,N,N,N,LOWER MAINLAND,CAPSTAN WAY & GARDEN CITY RD,GARDEN CITY RD,GARDEN CITY RD,18:00-20:59,1,2
N,CASUALTY CRASH,CAPSTAN WAY,N,2024,THURSDAY,SIDE IMPACT,N,Y,49.187769,-123.124771,N,JANUARY,N,RICHMOND,RICHMOND,RICHMOND,N,N,N,LOWER MAINLAND,CAPSTAN WAY & GARDEN CITY RD,GARDEN CITY RD,GARDEN CITY RD,18:00-20:59,1,1
N,CASUALTY CRASH,CARIBOO RD,N,2024,THURSDAY,REAR END,N,Y,49.246118,-122.914166,N,JANUARY,N,BURNABY,BURNABY,BURNABY,N,N,N,LOWER MAINLAND,CARIBOO RD & GAGLARDI WAY,GAGLARDI WAY,GAGLARDI WAY,18:00-20:59,1,1
N,CASUALTY CRASH,CARIBOO RD,N,2024,THURSDAY,REAR END,N,Y,49.246118,-122.914166,N,JANUARY,N,BURNABY,BURNABY,BURNABY,Y,N,N,LOWER MAINLAND,CARIBOO RD & GAGLARDI WAY,GAGLARDI WAY,GAGLARDI WAY,18:00-20:59,1,3
N,CASUALTY CRASH,CARINA PL,N,2024,THURSDAY,UNDETERMINED,N,Y,49.256936,-122.909717,N,JANUARY,N,BURNABY,BURNABY,BURNABY,Y,N,N,LOWER MAINLAND,CARINA PL & CENTAURUS DR & MIRA PL,CENTAURUS DR,CENTAURUS DR,18:00-20:59,1,1
N,CASUALTY CRASH,CHIEF LAKE RD,N,2024,THURSDAY,SINGLE VEHICLE,N,N,\N,\N,N,JANUARY,N,PRINCE GEORGE,PRINCE GEORGE,\N,N,N,N,NORTH CENTRAL,UNKNOWN,FOOTHILLS BLVD,FOOTHILLS BLVD,18:00-20:59,1,1
N,CASUALTY CRASH,CUAULTA CRES,N,2024,THURSDAY,HEAD ON,N,Y,48.423662,-123.511007,N,JANUARY,N,COLWOOD,COLWOOD,COLWOOD,N,N,N,VANCOUVER ISLAND,BEXHILL PL & BEXHILL RD & CUAULTA CRES,BEXHILL RD,BEXHILL RD,18:00-20:59,1,2
N,CASUALTY CRASH,CYPRESS ST,N,2024,THURSDAY,REAR END,N,Y,49.234485,-123.149229,N,JANUARY,N,VANCOUVER,VANCOUVER,VANCOUVER,N,N,N,LOWER MAINLAND,CYPRESS ST & W 41ST AVE,W 41ST AVE,W 41ST AVE,18:00-20:59,1,1
N,CASUALTY CRASH,CYPRESS ST,N,2024,THURSDAY,SINGLE VEHICLE,N,Y,49.260976,-123.14825,N,JANUARY,N,VANCOUVER,VANCOUVER,VANCOUVER,N,N,N,LOWER MAINLAND,CYPRESS ST & W 12TH AVE,W 12TH AVE,W 12TH AVE,18:00-20:59,1,1
N,CASUALTY CRASH,DORSET ST,N,2024,THURSDAY,REAR END,N,Y,49.220827,-122.980205,N,JANUARY,N,BURNABY,BURNABY,BURNABY,N,N,N,LOWER MAINLAND,DORSET ST & MERRITT AVE,MERRITT AVE,MERRITT AVE,18:00-20:59,1,1
N,CASUALTY CRASH,DOUGLAS RD,N,2024,THURSDAY,HEAD ON,N,Y,49.267979,-123.010062,N,JANUARY,N,BURNABY,BURNABY,BURNABY,N,N,N,LOWER MAINLAND,DOUGLAS RD & HALIFAX ST,HALIFAX ST,HALIFAX ST,18:00-20:59,1,2
N,CASUALTY CRASH,E 13TH ST,N,2024,THURSDAY,REAR END,N,Y,49.319815,-123.057599,N,JANUARY,N,NORTH VANCOUVER,NORTH VANCOUVER,NORTH VANCOUVER,N,N,N,LOWER MAINLAND,E 13TH ST & GRAND BLVD W,GRAND BLVD W,GRAND BLVD W,18:00-20:59,1,1
N,CASUALTY CRASH,E 56TH AVE,N,2024,THURSDAY,SIDE SWIPE - SAME DIRECTION,N,Y,49.219308,-123.101855,N,JANUARY,N,VANCOUVER,VANCOUVER,VANCOUVER,N,N,N,LOWER MAINLAND,E 56TH AVE & MAIN ST,MAIN ST,MAIN ST,18:00-20:59,1,1
N,CASUALTY CRASH,E COLUMBIA ST,N,2024,THURSDAY,REAR END,N,Y,49.222322,-122.892805,N,JANUARY,N,NEW WESTMINSTER,NEW WESTMINSTER,NEW WESTMINSTER,N,N,N,LOWER MAINLAND,BRUNETTE AVE & DEBECK ST & E COLUMBIA ST & STRAND AVE & TURNING LANE,STRAND AVE,STRAND AVE,18:00-20:59,1,1
N,CASUALTY CRASH,E HASTINGS ST OFFRAMP,N,2024,THURSDAY,REAR END,N,Y,49.28117,-123.031463,N,JANUARY,N,VANCOUVER,VANCOUVER,VANCOUVER,N,N,N,LOWER MAINLAND,BRIDGEWAY & CASSIAR CONN & E HASTINGS ST & E HASTINGS ST OFFRAMP & E HASTINGS ST ONRAMP & TRANS-CANADA HWY & TURNING LANE,BRIDGEWAY ST,BRIDGEWAY ST,18:00-20:59,1,1
N,CASUALTY CRASH,EXIT 16,N,2024,THURSDAY,REAR END,N,N,\N,\N,N,JANUARY,N,SURREY,SURREY,\N,N,N,N,LOWER MAINLAND,UNKNOWN,HWY 99,HWY 99,18:00-20:59,1,1
N,CASUALTY CRASH,FITZGERALD AVE,N,2024,THURSDAY,SINGLE VEHICLE,N,Y,49.688158,-125.00004,N,JANUARY,N,COURTENAY,COURTENAY,COURTENAY,N,N,N,VANCOUVER ISLAND,8TH ST & CUMBERLAND RD & FITZGERALD AVE & TURNING LANE,8TH ST,8TH ST,18:00-20:59,1,1
N,CASUALTY CRASH,FRASER HWY,N,2024,THURSDAY,REAR END,N,Y,49.11897,-122.691352,N,JANUARY,N,SURREY,SURREY,SURREY,N,N,N,LOWER MAINLAND,64 AVE & FRASER HWY & TURNING LANE,64 AVE,64 AVE,18:00-20:59,1,1
N,CASUALTY CRASH,FRASER ST,N,2024,THURSDAY,REAR END,N,Y,49.218274,-123.090942,N,JANUARY,N,VANCOUVER,VANCOUVER,VANCOUVER,N,N,N,LOWER MAINLAND,E 57TH AVE & FRASER ST,E 57TH AVE,E 57TH AVE,18:00-20:59,1,3
N,CASUALTY CRASH,GAGLARDI WAY,N,2024,THURSDAY,REAR END,N,Y,49.246118,-122.914166,N,JANUARY,N,BURNABY,BURNABY,BURNABY,N,N,N,LOWER MAINLAND,CARIBOO RD & GAGLARDI WAY,CARIBOO RD,CARIBOO RD,18:00-20:59,1,2
N,CASUALTY CRASH,GAGLARDI WAY,N,2024,THURSDAY,REAR END,N,Y,49.252391,-122.912547,N,JANUARY,N,BURNABY,BURNABY,BURNABY,N,N,N,LOWER MAINLAND,GAGLARDI WAY & LOUGHEED HWY & TURNING LANE,LOUGHEED HWY,LOUGHEED HWY,18:00-20:59,1,1
N,CASUALTY CRASH,GAGLARDI WAY OFFRAMP,N,2024,THURSDAY,CONFLICTED,N,Y,49.242746,-122.914684,N,JANUARY,N,BURNABY,BURNABY,BURNABY,N,N,N,LOWER MAINLAND,GAGLARDI WAY & GAGLARDI WAY OFFRAMP & GAGLARDI WAY ONRAMP & TRANS-CANADA HWY,HWY 1,HWY 1,18:00-20:59,1,2
N,CASUALTY CRASH,GLADSTONE ST,N,2024,THURSDAY,REAR END,N,Y,49.243562,-123.06181,N,JANUARY,N,VANCOUVER,VANCOUVER,VANCOUVER,N,N,N,LOWER MAINLAND,GLADSTONE ST & KINGSWAY,KINGSWAY,KINGSWAY,18:00-20:59,1,1
N,CASUALTY CRASH,GRANVILLE AVE,N,2024,THURSDAY,REAR END,N,Y,49.162828,-123.11405,N,JANUARY,N,RICHMOND,RICHMOND,RICHMOND,N,N,N,LOWER MAINLAND,GRANVILLE AVE & NO 4 RD,NO 4 RD,NO 4 RD,18:00-20:59,1,1
N,CASUALTY CRASH,GRANVILLE BRIDGE,N,2024,THURSDAY,REAR END,N,Y,49.275046,-123.129407,N,JANUARY,N,VANCOUVER,VANCOUVER,VANCOUVER,N,N,N,LOWER MAINLAND,GRANVILLE BRIDGE & GRANVILLE ST & HOWE ST ONRAMP & PACIFIC ST & SEYMOUR ST OFFRAMP,GRANVILLE ST BRIDGE,GRANVILLE ST BRIDGE,18:00-20:59,1,1
N,CASUALTY CRASH,GRANVILLE ST,N,2024,THURSDAY,REAR END,N,Y,49.217369,-123.140216,N,JANUARY,N,VANCOUVER,VANCOUVER,VANCOUVER,N,N,N,LOWER MAINLAND,GRANVILLE ST & PARK DR & W 59TH AVE,PARK DR,PARK DR,18:00-20:59,1,1
N,CASUALTY CRASH,GRANVILLE ST,N,2024,THURSDAY,REAR END,N,Y,49.219331,-123.140129,N,JANUARY,N,VANCOUVER,VANCOUVER,VANCOUVER,N,N,N,LOWER MAINLAND,GRANVILLE ST & W 57TH AVE,W 57TH AVE,W 57TH AVE,18:00-20:59,1,1
N,CASUALTY CRASH,GRANVILLE ST,N,2024,THURSDAY,SINGLE VEHICLE,N,Y,49.2608,-123.138697,N,JANUARY,N,VANCOUVER,VANCOUVER,VANCOUVER,N,N,N,LOWER MAINLAND,GRANVILLE ST & W 12TH AVE,W 12TH AVE,W 12TH AVE,18:00-20:59,1,2
N,CASUALTY CRASH,HAIDA DR,N,2024,THURSDAY,SIDE IMPACT,N,Y,48.426939,-123.505472,N,JANUARY,N,COLWOOD,COLWOOD,COLWOOD,N,N,N,VANCOUVER ISLAND,FULTON RD & HAIDA DR & ST BARBARAS PL,FULTON RD,FULTON RD,18:00-20:59,1,2
N,CASUALTY CRASH,HARRIS AVE,N,2024,THURSDAY,SIDE SWIPE - SAME DIRECTION,N,Y,49.238892,-122.873032,N,JANUARY,N,COQUITLAM,COQUITLAM,COQUITLAM,N,N,N,LOWER MAINLAND,BLUE MOUNTAIN ST & HARRIS AVE,BLUE MOUNTAIN ST,BLUE MOUNTAIN ST,18:00-20:59,1,1
N,CASUALTY CRASH,HUNTINGDON RD,N,2024,THURSDAY,CONFLICTED,N,Y,49.016848,-122.360149,N,JANUARY,N,ABBOTSFORD,ABBOTSFORD,ABBOTSFORD,N,N,N,LOWER MAINLAND,HUNTINGDON RD & TOWNLINE RD,TOWNLINE RD,TOWNLINE RD,18:00-20:59,1,1
N,CASUALTY CRASH,HWY 1,N,2024,THURSDAY,CONFLICTED,N,Y,49.287032,-123.031028,N,JANUARY,N,VANCOUVER,VANCOUVER,VANCOUVER,N,N,N,LOWER MAINLAND,BRIDGEWAY OFFRAMP & E HASTINGS ST OFFRAMP & IRONWORKERS MEMORIAL BRIDGE & MCGILL ST & MCGILL ST OFFRAMP & MCGILL ST ONRAMP & TRANS-CANADA HWY,MCGILL ST OFFRAMP,MCGILL ST OFFRAMP,18:00-20:59,1,1
N,CASUALTY CRASH,HWY 10,N,2024,THURSDAY,REAR END,N,Y,49.102485,-122.900334,N,JANUARY,N,DELTA,DELTA,DELTA,N,N,N,LOWER MAINLAND,HWY 10 & HWY 10 OFFRAMP & HWY 10 ONRAMP & HWY 91,HWY 91,HWY 91,18:00-20:59,1,1
N,CASUALTY CRASH,HWY 10,N,2024,THURSDAY,SINGLE VEHICLE,N,Y,49.12645,-122.624898,N,JANUARY,N,LANGLEY,LANGLEY,LANGLEY,N,N,N,LOWER MAINLAND,216 ST & CRUSH CRES & GLOVER RD,216 ST,216 ST,18:00-20:59,1,1
N,CASUALTY CRASH,HWY 99,N,2024,THURSDAY,SINGLE VEHICLE,N,Y,49.337695,-123.13481,N,JANUARY,N,WEST VANCOUVER,WEST VANCOUVER,WEST VANCOUVER,N,N,N,LOWER MAINLAND,TAYLOR WAY & TAYLOR WAY OFFRAMP & TAYLOR WAY ONRAMP & TRANS-CANADA HWY & TRANS-CANADA HWY ONRAMP & WESTCOT RD & TURNING LANE,UPPER LEVELS HWY,UPPER LEVELS HWY,18:00-20:59,1,1
N,CASUALTY CRASH,INGERSOLL AVE,N,2024,THURSDAY,REAR END,N,Y,49.270852,-122.878236,N,JANUARY,N,COQUITLAM,COQUITLAM,COQUITLAM & PORT MOODY,N,N,N,LOWER MAINLAND,CLARKE RD & INGERSOLL AVE,CLARKE RD,CLARKE RD,18:00-20:59,1,1
N,CASUALTY CRASH,JERVIS ST,N,2024,THURSDAY,SINGLE VEHICLE,Y,Y,49.289023,-123.125547,N,JANUARY,N,VANCOUVER,VANCOUVER,VANCOUVER,N,N,Y,LOWER MAINLAND,JERVIS ST & W PENDER ST,W PENDER ST,W PENDER ST,18:00-20:59,1,1
N,CASUALTY CRASH,JOYCE ST,N,2024,THURSDAY,SIDE SWIPE - SAME DIRECTION,N,Y,49.234143,-123.035895,N,JANUARY,N,VANCOUVER,VANCOUVER,VANCOUVER,N,N,N,LOWER MAINLAND,JOYCE ST & KINGSWAY,KINGSWAY,KINGSWAY,18:00-20:59,1,1
N,CASUALTY CRASH,KANGAROO RD,N,2024,THURSDAY,REAR END,N,Y,48.392849,-123.598786,N,JANUARY,N,METCHOSIN,METCHOSIN,METCHOSIN,N,N,N,VANCOUVER ISLAND,KANGAROO RD & SOOKE RD,SOOKE RD,SOOKE RD,18:00-20:59,1,1
N,CASUALTY CRASH,KENNEDY RD,N,2024,THURSDAY,REAR END,N,Y,49.242992,-122.719547,N,JANUARY,N,PITT MEADOWS,PITT MEADOWS,PITT MEADOWS,Y,N,N,LOWER MAINLAND,KENNEDY RD & LOUGHEED HWY & OLD DEWDNEY TRUNK RD & TURNING LANE,LOUGHEED HWY,LOUGHEED HWY,18:00-20:59,1,1
N,CASUALTY CRASH,KERR ST,Y,2024,THURSDAY,SIDE IMPACT,N,Y,49.224713,-123.041049,N,JANUARY,N,VANCOUVER,VANCOUVER,VANCOUVER,N,N,Y,LOWER MAINLAND,E 49TH AVE & KERR ST,E 49TH AVE,E 49TH AVE,18:00-20:59,1,1
N,CASUALTY CRASH,KING GEORGE BLVD,N,2024,THURSDAY,SIDE IMPACT,N,Y,49.133554,-122.845583,N,JANUARY,N,SURREY,SURREY,SURREY,N,N,N,LOWER MAINLAND,72 AVE & KING GEORGE BLVD & TURNING LANE,72 AVE,72 AVE,18:00-20:59,1,1
N,CASUALTY CRASH,KING GEORGE BLVD,N,2024,THURSDAY,SIDE SWIPE - SAME DIRECTION,Y,Y,49.126227,-122.845525,N,JANUARY,N,SURREY,SURREY,SURREY,N,N,N,LOWER MAINLAND,68 AVE & KING GEORGE BLVD & TURNING LANE,68 AVE,68 AVE,18:00-20:59,1,1
N,CASUALTY CRASH,KINGSWAY,N,2024,THURSDAY,REAR END,N,Y,49.217432,-122.945859,N,JANUARY,N,BURNABY,BURNABY,BURNABY,N,N,N,LOWER MAINLAND,16TH AVE & KINGSWAY,16TH AVE,16TH AVE,18:00-20:59,1,1
N,CASUALTY CRASH,KINGSWAY,N,2024,THURSDAY,REAR END,N,Y,49.218374,-122.961081,N,JANUARY,N,BURNABY,BURNABY,BURNABY,N,N,N,LOWER MAINLAND,GRIFFITHS AVE & GRIFFITHS DR & KINGSWAY & TURNING LANE,GRIFFITHS DR,GRIFFITHS DR,18:00-20:59,1,1
N,CASUALTY CRASH,KINGSWAY,N,2024,THURSDAY,UNDETERMINED,N,Y,49.227438,-122.996408,N,JANUARY,N,BURNABY,BURNABY,BURNABY,N,N,N,LOWER MAINLAND,KINGSWAY & MCMURRAY AVE,MCMURRAY AVE,MCMURRAY AVE,18:00-20:59,1,1
N,CASUALTY CRASH,KINGSWAY,N,2024,THURSDAY,UNDETERMINED,N,Y,49.230223,-123.004835,N,JANUARY,N,BURNABY,BURNABY,BURNABY,N,N,Y,LOWER MAINLAND,KINGSWAY & WILLINGDON AVE & TURNING LANE,WILLINGDON AVE,WILLINGDON AVE,18:00-20:59,1,1
N,CASUALTY CRASH,KNIGHT ST,N,2024,THURSDAY,REAR END,N,Y,49.21288,-123.077113,N,JANUARY,N,VANCOUVER,VANCOUVER,VANCOUVER,N,N,N,LOWER MAINLAND,E 63RD AVE & KNIGHT ST,E 63RD AVE,E 63RD AVE,18:00-20:59,1,2
N,CASUALTY CRASH,LAMPSON ST,N,2024,THURSDAY,UNDETERMINED,N,Y,48.429589,-123.406854,N,JANUARY,N,ESQUIMALT,ESQUIMALT,ESQUIMALT,N,N,Y,VANCOUVER ISLAND,ESQUIMALT RD & LAMPSON ST,ESQUIMALT RD,ESQUIMALT RD,18:00-20:59,1,1
N,CASUALTY CRASH,MAIN ST,N,2024,THURSDAY,CONFLICTED,N,Y,49.207235,-123.102418,N,JANUARY,N,VANCOUVER,VANCOUVER,VANCOUVER,N,N,N,LOWER MAINLAND,E KENT AVE N & MAIN ST,E KENT AVE N,E KENT AVE N,18:00-20:59,1,3
N,CASUALTY CRASH,MAIN ST,N,2024,THURSDAY,REAR END,N,Y,49.260193,-123.101079,N,JANUARY,N,VANCOUVER,VANCOUVER,VANCOUVER,N,N,N,LOWER MAINLAND,E 12TH AVE & MAIN ST,E 12TH AVE,E 12TH AVE,18:00-20:59,1,2
N,CASUALTY CRASH,MAIN ST,N,2024,THURSDAY,SIDE SWIPE - SAME DIRECTION,N,Y,49.264471,-123.100924,N,JANUARY,N,VANCOUVER,VANCOUVER,VANCOUVER,N,N,N,LOWER MAINLAND,E 7TH AVE & KINGSWAY & MAIN ST,E 7TH AVE,E 7TH AVE,18:00-20:59,1,1
N,CASUALTY CRASH,MARINE DR,N,2024,THURSDAY,REAR END,N,Y,49.204864,-122.976067,N,JANUARY,N,BURNABY,BURNABY,BURNABY,N,N,N,LOWER MAINLAND,BYRNE RD & MARINE DR & SOUTHRIDGE DR & TURNING LANE,SOUTHRIDGE DR,SOUTHRIDGE DR,18:00-20:59,1,1
N,CASUALTY CRASH,MARINE WAY,N,2024,THURSDAY,SIDE IMPACT,N,Y,49.20201,-122.981899,N,JANUARY,N,BURNABY,BURNABY,BURNABY,N,N,N,LOWER MAINLAND,BYRNE RD & MARINE WAY & TURNING LANE,BYRNE RD,BYRNE RD,18:00-20:59,1,1
N,CASUALTY CRASH,MASON AVE,N,2024,THURSDAY,SIDE IMPACT,N,Y,49.289334,-122.763159,N,JANUARY,N,COQUITLAM,COQUITLAM,COQUITLAM & PORT COQUITLAM,Y,N,N,LOWER MAINLAND,MASON AVE & OXFORD ST,OXFORD ST,OXFORD ST,18:00-20:59,1,1
N,CASUALTY CRASH,MCCLELLAND RD,N,2024,THURSDAY,SIDE SWIPE - SAME DIRECTION,N,Y,49.178837,-123.121314,N,JANUARY,N,RICHMOND,RICHMOND,RICHMOND,N,Y,N,LOWER MAINLAND,ALEXANDRA RD & MCCLELLAND RD,ALEXANDRA RD,ALEXANDRA RD,18:00-20:59,1,1
N,CASUALTY CRASH,MINORU BLVD,N,2024,THURSDAY,CONFLICTED,N,Y,49.167092,-123.140482,N,JANUARY,N,RICHMOND,RICHMOND,RICHMOND,N,N,N,LOWER MAINLAND,MINORU BLVD & MURDOCH AVE,MURDOCH AVE,MURDOCH AVE,18:00-20:59,1,1
N,CASUALTY CRASH,MOSTAR RD,N,2024,THURSDAY,REAR END,N,Y,49.214414,-124.02938,N,JANUARY,N,NANAIMO,NANAIMO,NANAIMO,N,N,N,VANCOUVER ISLAND,ISLAND HWY N & METRAL DR & MOSTAR RD & RUTHERFORD RD & WELLINGTON RD & TURNING LANE,ISLAND HWY N,ISLAND HWY N,18:00-20:59,1,1
N,CASUALTY CRASH,MT PAUL WAY,N,2024,THURSDAY,SIDE IMPACT,N,Y,50.693584,-120.321562,N,JANUARY,N,KAMLOOPS IR NO 1,KAMLOOPS IR NO 1,KAMLOOPS IR NO 1,N,N,N,SOUTHERN INTERIOR,MT PAUL WAY & YELLOWHEAD HWY & TURNING LANE,YELLOWHEAD HWY,YELLOWHEAD HWY,18:00-20:59,1,1
N,CASUALTY CRASH,NELSON ST,Y,2024,THURSDAY,UNDETERMINED,N,Y,49.284894,-123.131725,N,JANUARY,N,VANCOUVER,VANCOUVER,VANCOUVER,N,N,N,LOWER MAINLAND,JERVIS ST & NELSON ST,JERVIS ST,JERVIS ST,18:00-20:59,1,1
N,CASUALTY CRASH,NO 5 RD,N,2024,THURSDAY,CONFLICTED,N,Y,49.184567,-123.091518,N,JANUARY,N,RICHMOND,RICHMOND,RICHMOND,N,N,N,LOWER MAINLAND,CAMBIE RD & NO 5 RD,CAMBIE RD,CAMBIE RD,18:00-20:59,2,2
N,CASUALTY CRASH,NO 5 RD,N,2024,THURSDAY,REAR END,N,Y,49.133365,-123.092135,N,JANUARY,N,RICHMOND,RICHMOND,RICHMOND,N,N,N,LOWER MAINLAND,NO 5 RD & STEVESTON HWY & TURNING LANE,STEVESTON HWY,STEVESTON HWY,18:00-20:59,1,1
N,CASUALTY CRASH,NO 6 RD OFFRAMP,N,2024,THURSDAY,SIDE SWIPE - SAME DIRECTION,Y,Y,49.177941,-123.069209,N,JANUARY,N,RICHMOND,RICHMOND,RICHMOND,N,N,N,LOWER MAINLAND,HWY 91 & NO 6 RD & NO 6 RD OFFRAMP & NO 6 RD ONRAMP,HWY 91,HWY 91,18:00-20:59,1,2
N,CASUALTY CRASH,NORTH FRASER WAY,N,2024,THURSDAY,UNDETERMINED,N,Y,49.194855,-122.994944,N,JANUARY,N,BURNABY,BURNABY,BURNABY,N,N,N,LOWER MAINLAND,BYRNE RD & NORTH FRASER WAY,BYRNE RD,BYRNE RD,18:00-20:59,1,1
N,CASUALTY CRASH,NURSERY ST,N,2024,THURSDAY,REAR END,N,Y,49.236709,-122.949998,N,JANUARY,N,BURNABY,BURNABY,BURNABY,N,N,N,LOWER MAINLAND,6TH ST & NURSERY ST,6TH ST,6TH ST,18:00-20:59,1,2
N,CASUALTY CRASH,OAK ST,N,2024,THURSDAY,REAR END,N,Y,49.204906,-123.129668,N,JANUARY,N,VANCOUVER,VANCOUVER,VANCOUVER,N,N,N,LOWER MAINLAND,OAK ST & OAK ST BRIDGE & OAK ST OFFRAMP & SW MARINE DR & SW MARINE DR OFFRAMP & W 72ND AVE & TURNING LANE,SW MARINE DR,SW MARINE DR,18:00-20:59,1,2
N,CASUALTY CRASH,OAK ST,N,2024,THURSDAY,REAR END,N,Y,49.214459,-123.130023,N,JANUARY,N,VANCOUVER,VANCOUVER,VANCOUVER,N,N,N,LOWER MAINLAND,OAK ST & PARK DR,PARK DR,PARK DR,18:00-20:59,2,2
N,CASUALTY CRASH,OAK ST,N,2024,THURSDAY,SINGLE VEHICLE,N,Y,49.233947,-123.128076,N,JANUARY,N,VANCOUVER,VANCOUVER,VANCOUVER,N,N,N,LOWER MAINLAND,OAK ST & W 41ST AVE,W 41ST AVE,W 41ST AVE,18:00-20:59,1,1
N,CASUALTY CRASH,OAK ST BRIDGE,N,2024,THURSDAY,REAR END,N,Y,49.204906,-123.129668,N,JANUARY,N,VANCOUVER,VANCOUVER,VANCOUVER,N,N,N,LOWER MAINLAND,OAK ST & OAK ST BRIDGE & OAK ST OFFRAMP & SW MARINE DR & SW MARINE DR OFFRAMP & W 72ND AVE & TURNING LANE,HWY 99,HWY 99,18:00-20:59,1,1
N,CASUALTY CRASH,OCEOLA RD,N,2024,THURSDAY,REAR END,N,Y,50.053687,-119.410827,N,JANUARY,N,LAKE COUNTRY,LAKE COUNTRY,LAKE COUNTRY,N,N,N,SOUTHERN INTERIOR,HWY 97 & OCEOLA RD & WOODSDALE RD & TURNING LANE,HWY 97,HWY 97,18:00-20:59,1,2
N,CASUALTY CRASH,OKANAGAN AVE NE,N,2024,THURSDAY,SIDE IMPACT,N,Y,50.699862,-119.262095,N,JANUARY,N,SALMON ARM,SALMON ARM,SALMON ARM,N,N,N,SOUTHERN INTERIOR,20 ST NE & 20 ST SE & OKANAGAN AVE NE & OKANAGAN AVE SE,20 ST NE,20 ST NE,18:00-20:59,1,1
N,CASUALTY CRASH,PACIFIC ST,N,2024,THURSDAY,REAR END,N,Y,49.276982,-123.132453,N,JANUARY,N,VANCOUVER,VANCOUVER,VANCOUVER,N,N,N,LOWER MAINLAND,BURRARD ST & BURRARD ST BRIDGE & PACIFIC ST,BURRARD ST,BURRARD ST,18:00-20:59,1,2
N,CASUALTY CRASH,PORTLAND ST,N,2024,THURSDAY,REAR END,N,Y,49.212286,-123.012407,N,JANUARY,N,BURNABY,BURNABY,BURNABY,N,N,N,LOWER MAINLAND,PATTERSON AVE & PORTLAND ST & SUNCREST DR,PATTERSON AVE,PATTERSON AVE,18:00-20:59,1,1
N,CASUALTY CRASH,QUADLING AVE,N,2024,THURSDAY,CONFLICTED,N,Y,49.240765,-122.869994,N,JANUARY,N,COQUITLAM,COQUITLAM,COQUITLAM,Y,N,N,LOWER MAINLAND,KING ST & QUADLING AVE,KING ST,KING ST,18:00-20:59,1,2
N,CASUALTY CRASH,QUADLING AVE,N,2024,THURSDAY,SIDE IMPACT,N,Y,49.240841,-122.86507,N,JANUARY,N,COQUITLAM,COQUITLAM,COQUITLAM,Y,Y,N,LOWER MAINLAND,NELSON ST & QUADLING AVE,NELSON ST,NELSON ST,18:00-20:59,1,1
N,CASUALTY CRASH,RICHMOND ST,Y,2024,THURSDAY,SINGLE VEHICLE,N,Y,49.886263,-119.470616,N,JANUARY,N,KELOWNA,KELOWNA,KELOWNA,N,N,N,SOUTHERN INTERIOR,BERNARD AVE & RICHMOND ST,BERNARD AVE,BERNARD AVE,18:00-20:59,1,1
N,CASUALTY CRASH,RIVER RD,N,2024,THURSDAY,REAR END,N,Y,49.137056,-123.025679,N,JANUARY,N,DELTA,DELTA,DELTA,N,N,N,LOWER MAINLAND,72 ST & HOPCOTT RD & RIVER RD & TURNING LANE,72 ST,72 ST,18:00-20:59,1,2
N,CASUALTY CRASH,RIVER RD,N,2024,THURSDAY,REAR END,N,Y,49.176034,-123.145758,N,JANUARY,N,RICHMOND,RICHMOND,RICHMOND,N,N,N,LOWER MAINLAND,GILBERT RD & RIVER RD,GILBERT RD,GILBERT RD,18:00-20:59,1,1
N,CASUALTY CRASH,RIVER RD,N,2024,THURSDAY,SIDE SWIPE - OPPOSITE DIRECTION,N,Y,49.171982,-122.494796,N,JANUARY,N,MAPLE RIDGE,MAPLE RIDGE,MAPLE RIDGE,N,N,N,LOWER MAINLAND,LOUGHEED HWY & RIVER RD,LOUGHEED HWY,LOUGHEED HWY,18:00-20:59,1,2
N,CASUALTY CRASH,SEA ISLAND WAY,N,2024,THURSDAY,REAR END,N,Y,49.190991,-123.130485,N,JANUARY,N,RICHMOND,RICHMOND,RICHMOND,N,N,N,LOWER MAINLAND,NO 3 RD & SEA ISLAND WAY & TURNING LANE,NO 3 RD,NO 3 RD,18:00-20:59,1,1
N,CASUALTY CRASH,SECOND ST,N,2024,THURSDAY,REAR END,N,Y,49.16656,-123.961034,N,JANUARY,N,NANAIMO,NANAIMO,NANAIMO,N,N,N,VANCOUVER ISLAND,JINGLE POT RD & SECOND ST & WAKESIAH AVE,WAKESIAH AVE,WAKESIAH AVE,18:00-20:59,1,2
N,CASUALTY CRASH,SERPENTINE RIVER BRIDGE,N,2024,THURSDAY,SINGLE VEHICLE,N,Y,49.087304,-122.840953,N,JANUARY,N,SURREY,SURREY,SURREY,N,N,N,LOWER MAINLAND,HWY 99 & SERPENTINE RIVER BRIDGE,HWY 99,HWY 99,18:00-20:59,1,3
N,CASUALTY CRASH,STEWART AVE,N,2024,THURSDAY,REAR END,N,Y,49.243546,-122.865107,N,JANUARY,N,COQUITLAM,COQUITLAM,COQUITLAM,N,N,N,LOWER MAINLAND,NELSON ST & STEWART AVE,NELSON ST,NELSON ST,18:00-20:59,1,1
N,CASUALTY CRASH,TRANS-CANADA HWY,N,2024,THURSDAY,REAR END,N,Y,48.45414,-123.505938,N,JANUARY,N,LANGFORD,LANGFORD,LANGFORD,N,N,N,VANCOUVER ISLAND,MCCALLUM RD OFFRAMP & TRANS-CANADA HWY,MCCALLUM RD OFFRAMP,MCCALLUM RD OFFRAMP,18:00-20:59,1,1
N,CASUALTY CRASH,TRURO DR,N,2024,THURSDAY,UNDETERMINED,N,Y,49.136794,-123.176586,N,JANUARY,N,RICHMOND,RICHMOND,RICHMOND,Y,Y,N,LOWER MAINLAND,HERMITAGE DR & TRURO DR,HERMITAGE DR,HERMITAGE DR,18:00-20:59,1,1
N,CASUALTY CRASH,VANNESS AVE,N,2024,THURSDAY,SIDE SWIPE - SAME DIRECTION,Y,Y,49.234324,-123.023534,N,JANUARY,N,BURNABY,BURNABY,BURNABY & VANCOUVER,N,N,N,LOWER MAINLAND,BOUNDARY RD & VANNESS AVE,BOUNDARY RD,BOUNDARY RD,18:00-20:59,1,1
N,CASUALTY CRASH,VETERANS MEMORIAL PKY,N,2024,THURSDAY,REAR END,N,Y,48.429523,-123.502945,N,JANUARY,N,COLWOOD,COLWOOD,COLWOOD,N,N,N,VANCOUVER ISLAND,SOOKE RD & VETERANS MEMORIAL PKY & TURNING LANE,SOOKE RD,SOOKE RD,18:00-20:59,1,1
N,CASUALTY CRASH,W 41ST AVE,N,2024,THURSDAY,REAR END,N,Y,49.234777,-123.19622,N,JANUARY,N,UBC,UBC,UBC & VANCOUVER,N,N,N,LOWER MAINLAND,CAMOSUN ST & SW MARINE DR & W 41ST AVE & TURNING LANE,SW MARINE DR,SW MARINE DR,18:00-20:59,1,3
N,CASUALTY CRASH,W 41ST AVE,N,2024,THURSDAY,SINGLE VEHICLE,N,Y,49.233722,-123.119391,N,JANUARY,N,VANCOUVER,VANCOUVER,VANCOUVER,N,N,N,LOWER MAINLAND,MANSON ST & W 41ST AVE,MANSON ST,MANSON ST,18:00-20:59,1,1
N,CASUALTY CRASH,W 45TH AVE,N,2024,THURSDAY,REAR END,N,Y,49.23086,-123.155411,N,JANUARY,N,VANCOUVER,VANCOUVER,VANCOUVER,N,N,N,LOWER MAINLAND,ARBUTUS GREENWAY & EAST BOULEVARD & W 45TH AVE & WEST BOULEVARD,EAST BOULEVARD,EAST BOULEVARD,18:00-20:59,1,1
N,CASUALTY CRASH,W 46TH AVE,N,2024,THURSDAY,REAR END,N,Y,49.229518,-123.134999,N,JANUARY,N,VANCOUVER,VANCOUVER,VANCOUVER,N,N,N,LOWER MAINLAND,HUDSON ST & W 46TH AVE,HUDSON ST,HUDSON ST,18:00-20:59,1,1
N,CASUALTY CRASH,W 49TH AVE,N,2024,THURSDAY,REAR END,N,Y,49.226543,-123.128296,N,JANUARY,N,VANCOUVER,VANCOUVER,VANCOUVER,N,N,N,LOWER MAINLAND,OAK ST & W 49TH AVE,OAK ST,OAK ST,18:00-20:59,1,2
N,CASUALTY CRASH,W 58TH AVE,N,2024,THURSDAY,REAR END,N,Y,49.218278,-123.134076,N,JANUARY,N,VANCOUVER,VANCOUVER,VANCOUVER,N,N,N,LOWER MAINLAND,HUDSON ST & W 58TH AVE,HUDSON ST,HUDSON ST,18:00-20:59,1,1
N,CASUALTY CRASH,W BROADWAY,N,2024,THURSDAY,SINGLE VEHICLE,N,Y,49.263317,-123.121819,N,JANUARY,N,VANCOUVER,VANCOUVER,VANCOUVER,N,N,Y,LOWER MAINLAND,W BROADWAY & WILLOW ST,WILLOW ST,WILLOW ST,18:00-20:59,1,1
N,CASUALTY CRASH,WEST SHORE PKY,N,2024,THURSDAY,SIDE SWIPE - OPPOSITE DIRECTION,N,Y,48.456221,-123.539832,N,JANUARY,N,LANGFORD,LANGFORD,LANGFORD,N,N,N,VANCOUVER ISLAND,AMY RD & WEST SHORE PKY,AMY RD,AMY RD,18:00-20:59,1,1
N,PROPERTY DAMAGE ONLY,\N,N,2024,THURSDAY,CONFLICTED,N,N,\N,\N,N,JANUARY,N,DUNCAN,DUNCAN,\N,N,N,N,VANCOUVER ISLAND,UNKNOWN,MAYS RD,MAYS RD,18:00-20:59,1,0
N,PROPERTY DAMAGE ONLY,\N,N,2024,THURSDAY,CONFLICTED,N,N,\N,\N,N,JANUARY,N,VANCOUVER,VANCOUVER,\N,N,N,N,LOWER MAINLAND,UNKNOWN,UNKNOWN,UNKNOWN,18:00-20:59,1,0
N,PROPERTY DAMAGE ONLY,\N,N,2024,THURSDAY,CONFLICTED,N,N,49.05827,-122.381412,Y,JANUARY,N,ABBOTSFORD,ABBOTSFORD,ABBOTSFORD,Y,Y,N,LOWER MAINLAND,MT LEHMAN RD # 003086 TO 003129,MT LEHMAN RD,MT LEHMAN RD,18:00-20:59,1,0
N,PROPERTY DAMAGE ONLY,\N,N,2024,THURSDAY,CONFLICTED,N,N,49.116723,-122.815392,Y,JANUARY,N,SURREY,SURREY,SURREY,Y,N,N,LOWER MAINLAND,63 AVE # 014645 TO 014733,63 AVE,63 AVE,18:00-20:59,1,0
N,PROPERTY DAMAGE ONLY,\N,N,2024,THURSDAY,CONFLICTED,N,N,49.201893,-122.961487,Y,JANUARY,N,BURNABY,BURNABY,BURNABY,Y,Y,N,LOWER MAINLAND,MARINE DR # 006300 TO 006349,MARINE DR,MARINE DR,18:00-20:59,1,0
N,PROPERTY DAMAGE ONLY,\N,N,2024,THURSDAY,CONFLICTED,N,N,49.280906,-123.134704,Y,JANUARY,N,VANCOUVER,VANCOUVER,VANCOUVER,Y,N,N,LOWER MAINLAND,BUTE ST # 001300 TO 001312,BUTE ST,BUTE ST,18:00-20:59,1,0
N,PROPERTY DAMAGE ONLY,\N,N,2024,THURSDAY,CONFLICTED,Y,N,49.20494,-122.959855,Y,JANUARY,N,BURNABY,BURNABY,BURNABY,N,N,N,LOWER MAINLAND,SOUTHRIDGE DR # 006150 TO 006898 even,SOUTHRIDGE DR,SOUTHRIDGE DR,18:00-20:59,1,0
N,PROPERTY DAMAGE ONLY,\N,N,2024,THURSDAY,HEAD ON,N,N,48.800537,-123.650699,Y,JANUARY,N,DUNCAN,DUNCAN,DUNCAN,Y,N,N,VANCOUVER ISLAND,WESTLOCK RD # 001700 TO 001799,WESTLOCK RD,WESTLOCK RD,18:00-20:59,1,0
N,PROPERTY DAMAGE ONLY,\N,N,2024,THURSDAY,HEAD ON,N,N,49.081008,-122.048115,Y,JANUARY,N,CHILLIWACK,CHILLIWACK,CHILLIWACK,Y,N,N,LOWER MAINLAND,DEVON AVE # 042480 TO 042524,DEVON AVE,DEVON AVE,18:00-20:59,1,0
N,PROPERTY DAMAGE ONLY,\N,N,2024,THURSDAY,HEAD ON,N,N,49.173896,-123.134106,Y,JANUARY,N,RICHMOND,RICHMOND,RICHMOND,Y,Y,N,LOWER MAINLAND,LANSDOWNE RD # 008001 TO 008399 odd,LANSDOWNE RD,LANSDOWNE RD,18:00-20:59,1,0
N,PROPERTY DAMAGE ONLY,\N,N,2024,THURSDAY,HEAD ON,N,N,49.202205,-122.919535,Y,JANUARY,N,NEW WESTMINSTER,NEW WESTMINSTER,NEW WESTMINSTER,Y,N,N,LOWER MAINLAND,AUCKLAND ST # 001000 TO 001099,AUCKLAND ST,AUCKLAND ST,18:00-20:59,1,0
N,PROPERTY DAMAGE ONLY,\N,N,2024,THURSDAY,HEAD ON,N,N,49.251719,-122.918981,Y,JANUARY,N,BURNABY,BURNABY,BURNABY,Y,Y,N,LOWER MAINLAND,BRIGHTON AVE # 003400 TO 003599,BRIGHTON AVE,BRIGHTON AVE,18:00-20:59,1,0
N,PROPERTY DAMAGE ONLY,\N,N,2024,THURSDAY,HEAD ON,N,N,49.263829,-124.79555,Y,JANUARY,N,PORT ALBERNI,PORT ALBERNI,PORT ALBERNI,Y,Y,N,VANCOUVER ISLAND,JOHNSTON RD # 004000 TO 004099,JOHNSTON RD,JOHNSTON RD,18:00-20:59,1,0
N,PROPERTY DAMAGE ONLY,\N,N,2024,THURSDAY,HEAD ON,Y,N,49.23851,-122.865063,Y,JANUARY,N,COQUITLAM,COQUITLAM,COQUITLAM,Y,N,N,LOWER MAINLAND,NELSON ST # 000200 TO 000210,NELSON ST,NELSON ST,18:00-20:59,1,0
N,PROPERTY DAMAGE ONLY,\N,N,2024,THURSDAY,MULTIPLE IMPACTS,N,N,\N,\N,N,JANUARY,N,HOPE,HOPE,\N,N,N,N,LOWER MAINLAND,UNKNOWN,DOGWOOD DR,DOGWOOD DR,18:00-20:59,1,0
N,PROPERTY DAMAGE ONLY,\N,N,2024,THURSDAY,OVERTAKING,N,N,\N,\N,N,JANUARY,N,CAMPBELL RIVER,CAMPBELL RIVER,\N,N,N,N,VANCOUVER ISLAND,UNKNOWN,SIERRA DR,SIERRA DR,18:00-20:59,1,0
N,PROPERTY DAMAGE ONLY,\N,N,2024,THURSDAY,REAR END,N,N,\N,\N,N,JANUARY,N,BURNABY,BURNABY,\N,N,N,N,LOWER MAINLAND,UNKNOWN,TRANS-CANADA HWY,TRANS-CANADA HWY,18:00-20:59,1,0
N,PROPERTY DAMAGE ONLY,\N,N,2024,THURSDAY,REAR END,N,N,\N,\N,N,JANUARY,N,COQUITLAM,COQUITLAM,\N,N,N,N,LOWER MAINLAND,UNKNOWN,MARMONT ST,MARMONT ST,18:00-20:59,1,0
N,PROPERTY DAMAGE ONLY,\N,N,2024,THURSDAY,REAR END,N,N,\N,\N,N,JANUARY,N,NORTH VANCOUVER,NORTH VANCOUVER,\N,N,N,N,LOWER MAINLAND,UNKNOWN,3RD ST,3RD ST,18:00-20:59,1,0
N,PROPERTY DAMAGE ONLY,\N,N,2024,THURSDAY,REAR END,N,N,\N,\N,N,JANUARY,N,RICHMOND,RICHMOND,\N,N,N,N,LOWER MAINLAND,UNKNOWN,HWY 91,HWY 91,18:00-20:59,1,0
N,PROPERTY DAMAGE ONLY,\N,N,2024,THURSDAY,REAR END,N,N,\N,\N,N,JANUARY,N,VANCOUVER,VANCOUVER,\N,N,N,N,LOWER MAINLAND,UNKNOWN,W 57TH AVE,W 57TH AVE,18:00-20:59,1,0
N,PROPERTY DAMAGE ONLY,\N,N,2024,THURSDAY,REAR END,N,N,\N,\N,N,JANUARY,N,WEST VANCOUVER,WEST VANCOUVER,\N,N,N,N,LOWER MAINLAND,UNKNOWN,CYPRESS BOWL RD,CYPRESS BOWL RD,18:00-20:59,1,0
N,PROPERTY DAMAGE ONLY,\N,N,2024,THURSDAY,REAR END,N,N,48.853404,-123.497871,Y,JANUARY,N,SALT SPRING ISLAND,SALT SPRING ISLAND,SALT SPRING ISLAND,Y,Y,N,VANCOUVER ISLAND,FULFORD-GANGES RD # 000099 TO 000109,FULFORD-GANGES RD,FULFORD-GANGES RD,18:00-20:59,1,0
N,PROPERTY DAMAGE ONLY,\N,N,2024,THURSDAY,REAR END,N,N,49.140145,-122.845542,Y,JANUARY,N,SURREY,SURREY,SURREY,Y,Y,N,LOWER MAINLAND,KING GEORGE BLVD # 007544 TO 007598 even,KING GEORGE BLVD,KING GEORGE BLVD,18:00-20:59,1,0
N,PROPERTY DAMAGE ONLY,\N,N,2024,THURSDAY,REAR END,N,N,49.143337,-121.957745,Y,JANUARY,N,CHILLIWACK,CHILLIWACK,CHILLIWACK,Y,Y,N,LOWER MAINLAND,LUCKAKUCK WAY # 045700 TO 045939,LUCKAKUCK WAY,LUCKAKUCK WAY,18:00-20:59,1,0
N,PROPERTY DAMAGE ONLY,\N,N,2024,THURSDAY,REAR END,N,N,49.161475,-121.962304,Y,JANUARY,N,CHILLIWACK,CHILLIWACK,CHILLIWACK,N,N,N,LOWER MAINLAND,MCINTOSH DR # 045480 TO 045699,MCINTOSH DR,MCINTOSH DR,18:00-20:59,1,0
N,PROPERTY DAMAGE ONLY,\N,N,2024,THURSDAY,REAR END,N,N,49.169027,-122.664899,Y,JANUARY,N,LANGLEY,LANGLEY,LANGLEY,Y,Y,N,LOWER MAINLAND,91A AVE # 020090 TO 020149,91A AVE,91A AVE,18:00-20:59,1,0
N,PROPERTY DAMAGE ONLY,\N,N,2024,THURSDAY,REAR END,N,N,49.190089,-122.800995,Y,JANUARY,N,SURREY,SURREY,SURREY,N,Y,N,LOWER MAINLAND,152 ST # 010251 TO 010399 odd,152 ST,152 ST,18:00-20:59,1,0
N,PROPERTY DAMAGE ONLY,\N,N,2024,THURSDAY,REAR END,N,N,49.193004,-122.560253,Y,JANUARY,N,MAPLE RIDGE,MAPLE RIDGE,MAPLE RIDGE,N,N,N,LOWER MAINLAND,SLATFORD ST # 010400 TO 010579,SLATFORD ST,SLATFORD ST,18:00-20:59,1,0
N,PROPERTY DAMAGE ONLY,\N,N,2024,THURSDAY,REAR END,N,N,49.194754,-123.178088,Y,JANUARY,N,RICHMOND,RICHMOND,RICHMOND,Y,N,N,LOWER MAINLAND,GRANT MCCONACHIE WAY # 003113 TO 003299 odd,GRANT MCCONACHIE WAY,GRANT MCCONACHIE WAY,18:00-20:59,1,0
N,PROPERTY DAMAGE ONLY,\N,N,2024,THURSDAY,REAR END,N,N,49.206103,-122.931224,Y,JANUARY,N,NEW WESTMINSTER,NEW WESTMINSTER,NEW WESTMINSTER,Y,N,N,LOWER MAINLAND,THIRTEENTH ST # 000500 TO 000599,THIRTEENTH ST,THIRTEENTH ST,18:00-20:59,1,0
N,PROPERTY DAMAGE ONLY,\N,N,2024,THURSDAY,REAR END,N,N,49.21852,-122.557043,Y,JANUARY,N,MAPLE RIDGE,MAPLE RIDGE,MAPLE RIDGE,Y,Y,N,LOWER MAINLAND,240 ST # 011800 TO 011999,240 ST,240 ST,18:00-20:59,1,0
N,PROPERTY DAMAGE ONLY,\N,N,2024,THURSDAY,REAR END,N,N,49.278641,-122.834475,Y,JANUARY,N,PORT MOODY,PORT MOODY,PORT MOODY,Y,N,N,LOWER MAINLAND,KLAHANIE DR # 000400 TO 000699,KLAHANIE DR,KLAHANIE DR,18:00-20:59,1,0
N,PROPERTY DAMAGE ONLY,\N,N,2024,THURSDAY,REAR END,N,N,49.697533,-123.154259,Y,JANUARY,N,SQUAMISH,SQUAMISH,SQUAMISH,Y,Y,N,LOWER MAINLAND,CLEVELAND AVE # 037900 TO 037999,CLEVELAND AVE,CLEVELAND AVE,18:00-20:59,1,0
N,PROPERTY DAMAGE ONLY,\N,N,2024,THURSDAY,REAR END,N,N,49.881996,-119.463869,Y,JANUARY,N,KELOWNA,KELOWNA,KELOWNA,Y,Y,N,SOUTHERN INTERIOR,HARVEY AVE # 001500 TO 001634 even,HARVEY AVE,HARVEY AVE,18:00-20:59,1,0
N,PROPERTY DAMAGE ONLY,\N,N,2024,THURSDAY,REAR END,N,N,49.895349,-119.393932,Y,JANUARY,N,KELOWNA,KELOWNA,KELOWNA,N,N,N,SOUTHERN INTERIOR,LEATHEAD RD # 000400 TO 000449,LEATHEAD RD,LEATHEAD RD,18:00-20:59,1,0
N,PROPERTY DAMAGE ONLY,\N,N,2024,THURSDAY,REAR END,N,N,50.658449,-120.341208,Y,JANUARY,N,KAMLOOPS,KAMLOOPS,KAMLOOPS,Y,N,N,SOUTHERN INTERIOR,GORDONHORN CRES # 000200 TO 000279,GORDONHORN CRES,GORDONHORN CRES,18:00-20:59,1,0
N,PROPERTY DAMAGE ONLY,\N,N,2024,THURSDAY,REAR END,N,N,54.51776,-128.595899,Y,JANUARY,N,TERRACE,TERRACE,TERRACE,Y,Y,N,NORTH CENTRAL,LAZELLE AVE # 004700 TO 004799,LAZELLE AVE,LAZELLE AVE,18:00-20:59,1,0
N,PROPERTY DAMAGE ONLY,\N,N,2024,THURSDAY,REAR END,N,N,56.225328,-120.768424,Y,JANUARY,N,FORT ST. JOHN,FORT ST. JOHN,FORT ST. JOHN,N,Y,N,NORTH CENTRAL,259 RD # 007517 TO 008281,259 RD,259 RD,18:00-20:59,1,0
N,PROPERTY DAMAGE ONLY,\N,N,2024,THURSDAY,REAR END,Y,N,\N,\N,N,JANUARY,N,SOOKE,SOOKE,\N,N,N,N,VANCOUVER ISLAND,UNKNOWN,SOOKE RD,SOOKE RD,18:00-20:59,1,0
N,PROPERTY DAMAGE ONLY,\N,N,2024,THURSDAY,REAR TO REAR,N,N,49.263762,-123.149342,Y,JANUARY,N,VANCOUVER,VANCOUVER,VANCOUVER,N,Y,N,LOWER MAINLAND,W BROADWAY # 001900 TO 001999,W BROADWAY,W BROADWAY,18:00-20:59,1,0
N,PROPERTY DAMAGE ONLY,\N,N,2024,THURSDAY,REAR TO REAR,N,N,49.273898,-123.017337,Y,JANUARY,N,BURNABY,BURNABY,BURNABY,Y,N,N,LOWER MAINLAND,WILLIAM ST # 003900 TO 003999,WILLIAM ST,WILLIAM ST,18:00-20:59,1,0
N,PROPERTY DAMAGE ONLY,\N,N,2024,THURSDAY,REAR TO REAR,N,N,49.894034,-119.48848,Y,JANUARY,N,KELOWNA,KELOWNA,KELOWNA,Y,Y,N,SOUTHERN INTERIOR,RICHTER ST # 001150 TO 001199,RICHTER ST,RICHTER ST,18:00-20:59,1,0
N,PROPERTY DAMAGE ONLY,\N,N,2024,THURSDAY,SIDE IMPACT,N,N,\N,\N,N,JANUARY,N,BURNABY,BURNABY,\N,N,N,N,LOWER MAINLAND,UNKNOWN,TRAPP AVE,TRAPP AVE,18:00-20:59,1,0
N,PROPERTY DAMAGE ONLY,\N,N,2024,THURSDAY,SIDE IMPACT,N,N,\N,\N,N,JANUARY,N,COQUITLAM,COQUITLAM,\N,N,N,N,LOWER MAINLAND,UNKNOWN,LOUGHEED HWY,LOUGHEED HWY,18:00-20:59,1,0
N,PROPERTY DAMAGE ONLY,\N,N,2024,THURSDAY,SIDE IMPACT,N,N,\N,\N,N,JANUARY,N,DUNCAN,DUNCAN,\N,N,N,N,VANCOUVER ISLAND,UNKNOWN,WESTLOCK RD,WESTLOCK RD,18:00-20:59,1,0
N,PROPERTY DAMAGE ONLY,\N,N,2024,THURSDAY,SIDE IMPACT,N,N,\N,\N,N,JANUARY,N,VANCOUVER,VANCOUVER,\N,Y,N,N,LOWER MAINLAND,UNKNOWN,E HASTINGS ST,E HASTINGS ST,18:00-20:59,1,0
N,PROPERTY DAMAGE ONLY,\N,N,2024,THURSDAY,SIDE IMPACT,N,N,\N,\N,N,JANUARY,N,VERNON,VERNON,\N,N,N,N,SOUTHERN INTERIOR,UNKNOWN,HWY 97,HWY 97,18:00-20:59,1,0
N,PROPERTY DAMAGE ONLY,\N,N,2024,THURSDAY,SIDE IMPACT,N,N,\N,\N,N,JANUARY,N,VERNON,VERNON,\N,Y,N,N,SOUTHERN INTERIOR,UNKNOWN,HOUGHTON RD,HOUGHTON RD,18:00-20:59,1,0
N,PROPERTY DAMAGE ONLY,\N,N,2024,THURSDAY,SIDE IMPACT,N,N,48.443037,-123.36959,Y,JANUARY,N,VICTORIA,VICTORIA,VICTORIA,Y,Y,N,VANCOUVER ISLAND,DOUGLAS ST # 002950 TO 002988 even,DOUGLAS ST,DOUGLAS ST,18:00-20:59,1,0
N,PROPERTY DAMAGE ONLY,\N,N,2024,THURSDAY,SIDE IMPACT,N,N,49.021743,-122.265356,Y,JANUARY,N,ABBOTSFORD,ABBOTSFORD,ABBOTSFORD,N,Y,N,LOWER MAINLAND,SUMAS WAY # 001000 TO 001189,SUMAS WAY,SUMAS WAY,18:00-20:59,1,0
N,PROPERTY DAMAGE ONLY,\N,N,2024,THURSDAY,SIDE IMPACT,N,N,49.021743,-122.265356,Y,JANUARY,N,ABBOTSFORD,ABBOTSFORD,ABBOTSFORD,Y,Y,N,LOWER MAINLAND,SUMAS WAY # 001000 TO 001189,SUMAS WAY,SUMAS WAY,18:00-20:59,1,0
N,PROPERTY DAMAGE ONLY,\N,N,2024,THURSDAY,SIDE IMPACT,N,N,49.062525,-122.802292,Y,JANUARY,N,SURREY,SURREY,SURREY,Y,Y,N,LOWER MAINLAND,33 AVE # 015100 TO 015169,33 AVE,33 AVE,18:00-20:59,1,0
N,PROPERTY DAMAGE ONLY,\N,N,2024,THURSDAY,SIDE IMPACT,N,N,49.106103,-122.725126,Y,JANUARY,N,SURREY,SURREY,SURREY,Y,N,N,LOWER MAINLAND,SHANNON PL # 017900 TO 017979,SHANNON PL,SHANNON PL,18:00-20:59,1,0
N,PROPERTY DAMAGE ONLY,\N,N,2024,THURSDAY,SIDE IMPACT,N,N,49.107391,-122.806274,Y,JANUARY,N,SURREY,SURREY,SURREY,Y,N,N,LOWER MAINLAND,58 AVE # 015030 TO 015038,58 AVE,58 AVE,18:00-20:59,1,0
N,PROPERTY DAMAGE ONLY,\N,N,2024,THURSDAY,SIDE IMPACT,N,N,49.113607,-122.7348,Y,JANUARY,N,SURREY,SURREY,SURREY,Y,Y,N,LOWER MAINLAND,176 ST # 006000 TO 006198 even,176 ST,176 ST,18:00-20:59,1,0
N,PROPERTY DAMAGE ONLY,\N,N,2024,THURSDAY,SIDE IMPACT,N,N,49.116822,-122.671702,Y,JANUARY,N,LANGLEY,LANGLEY,LANGLEY,Y,Y,N,LOWER MAINLAND,WILLOWBROOK DR # 019801 TO 019999 odd,WILLOWBROOK DR,WILLOWBROOK DR,18:00-20:59,1,0
N,PROPERTY DAMAGE ONLY,\N,N,2024,THURSDAY,SIDE IMPACT,N,N,49.126212,-122.833549,Y,JANUARY,N,SURREY,SURREY,SURREY,Y,N,N,LOWER MAINLAND,68 AVE # 014000 TO 014060 even,68 AVE,68 AVE,18:00-20:59,1,0
N,PROPERTY DAMAGE ONLY,\N,N,2024,THURSDAY,SIDE IMPACT,N,N,49.131442,-122.890445,Y,JANUARY,N,DELTA,DELTA,DELTA,Y,Y,N,LOWER MAINLAND,120 ST # 007001 TO 007099 odd,120 ST,120 ST,18:00-20:59,1,0
N,PROPERTY DAMAGE ONLY,\N,N,2024,THURSDAY,SIDE IMPACT,N,N,49.155482,-122.64973,Y,JANUARY,N,LANGLEY,LANGLEY,LANGLEY,Y,Y,N,LOWER MAINLAND,84 AVE # 020600 TO 020701,84 AVE,84 AVE,18:00-20:59,1,0
N,PROPERTY DAMAGE ONLY,\N,N,2024,THURSDAY,SIDE IMPACT,N,N,49.174658,-123.136677,Y,JANUARY,N,RICHMOND,RICHMOND,RICHMOND,N,Y,N,LOWER MAINLAND,NO 3 RD # 005300 TO 005498 even,NO 3 RD,NO 3 RD,18:00-20:59,1,0
N,PROPERTY DAMAGE ONLY,\N,N,2024,THURSDAY,SIDE IMPACT,N,N,49.187003,-122.845527,Y,JANUARY,N,SURREY,SURREY,SURREY,N,Y,N,LOWER MAINLAND,KING GEORGE BLVD # 010153 TO 010199 odd,KING GEORGE BLVD,KING GEORGE BLVD,18:00-20:59,1,0
N,PROPERTY DAMAGE ONLY,\N,N,2024,THURSDAY,SIDE IMPACT,N,N,49.205644,-122.938965,Y,JANUARY,N,NEW WESTMINSTER,NEW WESTMINSTER,NEW WESTMINSTER,Y,N,N,LOWER MAINLAND,SIXTEENTH ST # 000700 TO 000708,SIXTEENTH ST,SIXTEENTH ST,18:00-20:59,1,0
N,PROPERTY DAMAGE ONLY,\N,N,2024,THURSDAY,SIDE IMPACT,N,N,49.210726,-123.099335,Y,JANUARY,N,VANCOUVER,VANCOUVER,VANCOUVER,N,Y,N,LOWER MAINLAND,SE MARINE DR # 000300 TO 000388 even,SE MARINE DR,SE MARINE DR,18:00-20:59,1,0
N,PROPERTY DAMAGE ONLY,\N,N,2024,THURSDAY,SIDE IMPACT,N,N,49.218829,-122.654841,Y,JANUARY,N,MAPLE RIDGE,MAPLE RIDGE,MAPLE RIDGE,Y,Y,N,LOWER MAINLAND,LOUGHEED HWY # 020350 TO 020567,LOUGHEED HWY,LOUGHEED HWY,18:00-20:59,1,0
N,PROPERTY DAMAGE ONLY,\N,N,2024,THURSDAY,SIDE IMPACT,N,N,49.219185,-122.988548,Y,JANUARY,N,BURNABY,BURNABY,BURNABY,Y,N,N,LOWER MAINLAND,ROYAL OAK AVE # 007000 TO 007199,ROYAL OAK AVE,ROYAL OAK AVE,18:00-20:59,1,0
N,PROPERTY DAMAGE ONLY,\N,N,2024,THURSDAY,SIDE IMPACT,N,N,49.228562,-123.155759,Y,JANUARY,N,VANCOUVER,VANCOUVER,VANCOUVER,Y,N,N,LOWER MAINLAND,WEST BOULEVARD # 006301 TO 006399 odd,WEST BOULEVARD,WEST BOULEVARD,18:00-20:59,1,0
N,PROPERTY DAMAGE ONLY,\N,N,2024,THURSDAY,SIDE IMPACT,N,N,49.250813,-123.077311,Y,JANUARY,N,VANCOUVER,VANCOUVER,VANCOUVER,Y,Y,N,LOWER MAINLAND,KINGSWAY # 001315 TO 001365 odd,KINGSWAY,KINGSWAY,18:00-20:59,1,0
N,PROPERTY DAMAGE ONLY,\N,N,2024,THURSDAY,SIDE IMPACT,N,N,49.254582,-123.146952,Y,JANUARY,N,VANCOUVER,VANCOUVER,VANCOUVER,Y,N,N,LOWER MAINLAND,W 19TH AVE # 001800 TO 001899,W 19TH AVE,W 19TH AVE,18:00-20:59,1,0
N,PROPERTY DAMAGE ONLY,\N,N,2024,THURSDAY,SIDE IMPACT,N,N,49.258825,-123.090161,Y,JANUARY,N,VANCOUVER,VANCOUVER,VANCOUVER,Y,N,N,LOWER MAINLAND,E 13TH AVE # 000600 TO 000699,E 13TH AVE,E 13TH AVE,18:00-20:59,1,0
N,PROPERTY DAMAGE ONLY,\N,N,2024,THURSDAY,SIDE IMPACT,N,N,49.270093,-123.190049,Y,JANUARY,N,VANCOUVER,VANCOUVER,VANCOUVER,Y,N,N,LOWER MAINLAND,W 2ND AVE # 003860 TO 003899,W 2ND AVE,W 2ND AVE,18:00-20:59,1,0
N,PROPERTY DAMAGE ONLY,\N,N,2024,THURSDAY,SIDE IMPACT,N,N,49.270415,-123.055644,Y,JANUARY,N,VANCOUVER,VANCOUVER,VANCOUVER,Y,N,N,LOWER MAINLAND,GRAVELEY ST # 002400 TO 002499,GRAVELEY ST,GRAVELEY ST,18:00-20:59,1,0
N,PROPERTY DAMAGE ONLY,\N,N,2024,THURSDAY,SIDE IMPACT,N,N,49.271082,-123.157408,Y,JANUARY,N,VANCOUVER,VANCOUVER,VANCOUVER,Y,N,N,LOWER MAINLAND,VINE ST # 001648 TO 001699,VINE ST,VINE ST,18:00-20:59,1,0
N,PROPERTY DAMAGE ONLY,\N,N,2024,THURSDAY,SIDE IMPACT,N,N,49.277522,-123.019842,Y,JANUARY,N,BURNABY,BURNABY,BURNABY,Y,N,N,LOWER MAINLAND,UNION ST # 003800 TO 003899,UNION ST,UNION ST,18:00-20:59,1,0
N,PROPERTY DAMAGE ONLY,\N,N,2024,THURSDAY,SIDE IMPACT,N,N,49.283963,-123.134562,Y,JANUARY,N,VANCOUVER,VANCOUVER,VANCOUVER,Y,Y,N,LOWER MAINLAND,PENDRELL ST # 001300 TO 001399,PENDRELL ST,PENDRELL ST,18:00-20:59,1,0
N,PROPERTY DAMAGE ONLY,\N,N,2024,THURSDAY,SIDE IMPACT,N,N,49.284274,-122.792866,Y,JANUARY,N,COQUITLAM,COQUITLAM,COQUITLAM,Y,Y,N,LOWER MAINLAND,PINETREE WAY # 001200 TO 001206 even,PINETREE WAY,PINETREE WAY,18:00-20:59,1,0
N,PROPERTY DAMAGE ONLY,\N,N,2024,THURSDAY,SIDE IMPACT,N,N,49.290591,-122.795783,Y,JANUARY,N,COQUITLAM,COQUITLAM,COQUITLAM,Y,N,N,LOWER MAINLAND,ALBION DR # 002970 TO 002999,ALBION DR,ALBION DR,18:00-20:59,1,0
N,PROPERTY DAMAGE ONLY,\N,N,2024,THURSDAY,SIDE IMPACT,N,N,49.325809,-123.139912,Y,JANUARY,N,WEST VANCOUVER,WEST VANCOUVER,WEST VANCOUVER,Y,Y,N,LOWER MAINLAND,PARK ROYAL SOUTH # 001131 TO 003000,PARK ROYAL SOUTH,PARK ROYAL SOUTH,18:00-20:59,1,0
N,PROPERTY DAMAGE ONLY,\N,N,2024,THURSDAY,SIDE IMPACT,N,N,49.327509,-123.136507,Y,JANUARY,N,WEST VANCOUVER,WEST VANCOUVER,WEST VANCOUVER,Y,Y,N,LOWER MAINLAND,PARK ROYAL NORTH # 000700 TO 000799,PARK ROYAL NORTH,PARK ROYAL NORTH,18:00-20:59,1,0
N,PROPERTY DAMAGE ONLY,\N,N,2024,THURSDAY,SIDE IMPACT,N,N,49.484131,-119.585993,Y,JANUARY,N,PENTICTON,PENTICTON,PENTICTON,Y,Y,N,SOUTHERN INTERIOR,MAIN ST # 001300 TO 001399,MAIN ST,MAIN ST,18:00-20:59,1,0
N,PROPERTY DAMAGE ONLY,\N,N,2024,THURSDAY,SIDE IMPACT,N,N,49.492754,-117.291926,Y,JANUARY,N,NELSON,NELSON,NELSON,Y,Y,N,SOUTHERN INTERIOR,BAKER ST # 000600 TO 000699,BAKER ST,BAKER ST,18:00-20:59,1,0
N,PROPERTY DAMAGE ONLY,\N,N,2024,THURSDAY,SIDE IMPACT,N,N,50.027028,-125.241932,Y,JANUARY,N,CAMPBELL RIVER,CAMPBELL RIVER,CAMPBELL RIVER,N,N,N,VANCOUVER ISLAND,ISLAND HWY # 001000 TO 001283,ISLAND HWY,ISLAND HWY,18:00-20:59,1,0
N,PROPERTY DAMAGE ONLY,\N,N,2024,THURSDAY,SIDE IMPACT,N,N,50.248404,-119.334793,Y,JANUARY,N,VERNON,VERNON,VERNON,N,N,N,SOUTHERN INTERIOR,TRONSON RD # 006630 TO 006638,TRONSON RD,TRONSON RD,18:00-20:59,1,0
N,PROPERTY DAMAGE ONLY,\N,N,2024,THURSDAY,SIDE IMPACT,N,N,50.646335,-120.339181,Y,JANUARY,N,KAMLOOPS,KAMLOOPS,KAMLOOPS,Y,N,N,SOUTHERN INTERIOR,SOVEREIGN CRT # 002001 TO 002099 odd,SOVEREIGN CRT,SOVEREIGN CRT,18:00-20:59,1,0
N,PROPERTY DAMAGE ONLY,\N,N,2024,THURSDAY,SIDE IMPACT,N,N,50.697053,-120.360994,Y,JANUARY,N,KAMLOOPS,KAMLOOPS,KAMLOOPS,N,Y,N,SOUTHERN INTERIOR,TRANQUILLE RD # 000670 TO 000708 even,TRANQUILLE RD,TRANQUILLE RD,18:00-20:59,1,0
N,PROPERTY DAMAGE ONLY,\N,N,2024,THURSDAY,SIDE IMPACT,N,N,53.940384,-122.945524,Y,JANUARY,N,MIWORTH,MIWORTH,MIWORTH,Y,N,N,NORTH CENTRAL,KEPPEL RD # 013100 TO 013999,KEPPEL RD,KEPPEL RD,18:00-20:59,1,0
N,PROPERTY DAMAGE ONLY,\N,N,2024,THURSDAY,SIDE IMPACT,Y,N,49.071079,-122.692915,Y,JANUARY,N,SURREY,SURREY,SURREY,Y,Y,N,LOWER MAINLAND,38 AVE # 019080 TO 019159,38 AVE,38 AVE,18:00-20:59,1,0
N,PROPERTY DAMAGE ONLY,\N,N,2024,THURSDAY,SIDE IMPACT,Y,N,49.148605,-122.006964,Y,JANUARY,N,CHILLIWACK,CHILLIWACK,CHILLIWACK,Y,Y,N,LOWER MAINLAND,LICKMAN RD # 007950 TO 008249,LICKMAN RD,LICKMAN RD,18:00-20:59,1,0
N,PROPERTY DAMAGE ONLY,\N,N,2024,THURSDAY,SIDE SWIPE - OPPOSITE DIRECTION,N,N,49.123717,-122.683597,Y,JANUARY,N,SURREY,SURREY,SURREY,Y,N,N,LOWER MAINLAND,66 AVE # 019477 TO 019499,66 AVE,66 AVE,18:00-20:59,1,0
N,PROPERTY DAMAGE ONLY,\N,N,2024,THURSDAY,SIDE SWIPE - OPPOSITE DIRECTION,N,N,49.198866,-122.841144,Y,JANUARY,N,SURREY,SURREY,SURREY,Y,Y,N,LOWER MAINLAND,108 AVE # 013700 TO 013799,108 AVE,108 AVE,18:00-20:59,1,0
N,PROPERTY DAMAGE ONLY,\N,N,2024,THURSDAY,SIDE SWIPE - OPPOSITE DIRECTION,N,N,49.213289,-123.104313,Y,JANUARY,N,VANCOUVER,VANCOUVER,VANCOUVER,N,N,N,LOWER MAINLAND,E 63RD AVE # 000030 TO 000171,E 63RD AVE,E 63RD AVE,18:00-20:59,1,0
N,PROPERTY DAMAGE ONLY,\N,N,2024,THURSDAY,SIDE SWIPE - OPPOSITE DIRECTION,N,N,49.263569,-123.247281,Y,JANUARY,N,UBC,UBC,UBC,Y,Y,N,LOWER MAINLAND,HEALTH SCIENCES MALL # 002200 TO 002299,HEALTH SCIENCES MALL,HEALTH SCIENCES MALL,18:00-20:59,1,0
N,PROPERTY DAMAGE ONLY,\N,N,2024,THURSDAY,SIDE SWIPE - OPPOSITE DIRECTION,N,N,49.265036,-123.064888,Y,JANUARY,N,VANCOUVER,VANCOUVER,VANCOUVER,Y,N,N,LOWER MAINLAND,E 6TH AVE # 001900 TO 001999,E 6TH AVE,E 6TH AVE,18:00-20:59,1,0
N,PROPERTY DAMAGE ONLY,\N,N,2024,THURSDAY,SIDE SWIPE - OPPOSITE DIRECTION,N,N,49.305614,-122.95317,Y,JANUARY,N,NORTH VANCOUVER,NORTH VANCOUVER,NORTH VANCOUVER,Y,Y,N,LOWER MAINLAND,N DOLLARTON HWY # 000200 TO 000499,N DOLLARTON HWY,N DOLLARTON HWY,18:00-20:59,1,0
N,PROPERTY DAMAGE ONLY,\N,N,2024,THURSDAY,SIDE SWIPE - SAME DIRECTION,N,N,\N,\N,N,JANUARY,N,DELTA,DELTA,\N,N,N,N,LOWER MAINLAND,UNKNOWN,HWY 17,HWY 17,18:00-20:59,1,0
N,PROPERTY DAMAGE ONLY,\N,N,2024,THURSDAY,SIDE SWIPE - SAME DIRECTION,N,N,49.140145,-122.845542,Y,JANUARY,N,SURREY,SURREY,SURREY,Y,Y,N,LOWER MAINLAND,KING GEORGE BLVD # 007544 TO 007598 even,KING GEORGE BLVD,KING GEORGE BLVD,18:00-20:59,1,0
N,PROPERTY DAMAGE ONLY,\N,N,2024,THURSDAY,SIDE SWIPE - SAME DIRECTION,N,N,49.147069,-122.790061,Y,JANUARY,N,SURREY,SURREY,SURREY,N,Y,N,LOWER MAINLAND,156 ST # 007940 TO 007943,156 ST,156 ST,18:00-20:59,1,0
N,PROPERTY DAMAGE ONLY,\N,N,2024,THURSDAY,SIDE SWIPE - SAME DIRECTION,N,N,49.163123,-122.637723,Y,JANUARY,N,LANGLEY,LANGLEY,LANGLEY,Y,Y,N,LOWER MAINLAND,210 ST # 008800 TO 008849,210 ST,210 ST,18:00-20:59,1,0
N,PROPERTY DAMAGE ONLY,\N,N,2024,THURSDAY,SIDE SWIPE - SAME DIRECTION,N,N,49.169442,-122.812326,Y,JANUARY,N,SURREY,SURREY,SURREY,Y,Y,N,LOWER MAINLAND,148 ST # 009150 TO 009198,148 ST,148 ST,18:00-20:59,1,0
N,PROPERTY DAMAGE ONLY,\N,N,2024,THURSDAY,SIDE SWIPE - SAME DIRECTION,N,N,49.18687,-123.137226,Y,JANUARY,N,RICHMOND,RICHMOND,RICHMOND,Y,N,N,LOWER MAINLAND,RIVER RD # 007700 TO 008049,RIVER RD,RIVER RD,18:00-20:59,1,0
N,PROPERTY DAMAGE ONLY,\N,N,2024,THURSDAY,SIDE SWIPE - SAME DIRECTION,N,N,49.212543,-123.012403,Y,JANUARY,N,BURNABY,BURNABY,BURNABY,N,N,N,LOWER MAINLAND,PATTERSON AVE # 007800 TO 007899,PATTERSON AVE,PATTERSON AVE,18:00-20:59,1,0
N,PROPERTY DAMAGE ONLY,\N,N,2024,THURSDAY,SIDE SWIPE - SAME DIRECTION,N,N,49.212908,-123.085381,Y,JANUARY,N,VANCOUVER,VANCOUVER,VANCOUVER,Y,N,N,LOWER MAINLAND,E 63RD AVE # 001000 TO 001025,E 63RD AVE,E 63RD AVE,18:00-20:59,1,0
N,PROPERTY DAMAGE ONLY,\N,N,2024,THURSDAY,SIDE SWIPE - SAME DIRECTION,N,N,49.232103,-123.128536,Y,JANUARY,N,VANCOUVER,VANCOUVER,VANCOUVER,Y,N,N,LOWER MAINLAND,W 43RD AVE # 001000 TO 001041,W 43RD AVE,W 43RD AVE,18:00-20:59,1,0
N,PROPERTY DAMAGE ONLY,\N,N,2024,THURSDAY,SIDE SWIPE - SAME DIRECTION,N,N,51.000767,-118.197489,Y,JANUARY,N,REVELSTOKE,REVELSTOKE,REVELSTOKE,Y,N,N,SOUTHERN INTERIOR,BOYLE AVE # 000100 TO 000199,BOYLE AVE,BOYLE AVE,18:00-20:59,1,0
N,PROPERTY DAMAGE ONLY,\N,N,2024,THURSDAY,SINGLE VEHICLE,N,N,\N,\N,N,JANUARY,N,ABBOTSFORD,ABBOTSFORD,\N,N,N,N,LOWER MAINLAND,UNKNOWN,0 AVE,0 AVE,18:00-20:59,1,0
N,PROPERTY DAMAGE ONLY,\N,N,2024,THURSDAY,SINGLE VEHICLE,N,N,\N,\N,N,JANUARY,N,BURNABY,BURNABY,\N,N,N,N,LOWER MAINLAND,UNKNOWN,HWY 1,HWY 1,18:00-20:59,3,0
N,PROPERTY DAMAGE ONLY,\N,N,2024,THURSDAY,SINGLE VEHICLE,N,N,\N,\N,N,JANUARY,N,BURNABY,BURNABY,\N,N,N,N,LOWER MAINLAND,UNKNOWN,WILLIAM ST,WILLIAM ST,18:00-20:59,1,0
N,PROPERTY DAMAGE ONLY,\N,N,2024,THURSDAY,SINGLE VEHICLE,N,N,\N,\N,N,JANUARY,N,BURNS LAKE,BURNS LAKE,\N,N,N,N,NORTH CENTRAL,UNKNOWN,HWY 16,HWY 16,18:00-20:59,1,0
N,PROPERTY DAMAGE ONLY,\N,N,2024,THURSDAY,SINGLE VEHICLE,N,N,\N,\N,N,JANUARY,N,CASTLEGAR,CASTLEGAR,\N,N,N,N,SOUTHERN INTERIOR,UNKNOWN,HWY 3,HWY 3,18:00-20:59,1,0
N,PROPERTY DAMAGE ONLY,\N,N,2024,THURSDAY,SINGLE VEHICLE,N,N,\N,\N,N,JANUARY,N,COMOX,COMOX,\N,N,N,N,VANCOUVER ISLAND,UNKNOWN,MCDONALD RD,MCDONALD RD,18:00-20:59,1,0
N,PROPERTY DAMAGE ONLY,\N,N,2024,THURSDAY,SINGLE VEHICLE,N,N,\N,\N,N,JANUARY,N,COURTENAY,COURTENAY,\N,N,N,N,VANCOUVER ISLAND,UNKNOWN,SILVERDALE CRES,SILVERDALE CRES,18:00-20:59,1,0
N,PROPERTY DAMAGE ONLY,\N,N,2024,THURSDAY,SINGLE VEHICLE,N,N,\N,\N,N,JANUARY,N,DELTA,DELTA,\N,N,N,N,LOWER MAINLAND,UNKNOWN,HWY 91,HWY 91,18:00-20:59,1,0
N,PROPERTY DAMAGE ONLY,\N,N,2024,THURSDAY,SINGLE VEHICLE,N,N,\N,\N,N,JANUARY,N,DUNCAN,DUNCAN,\N,N,N,N,VANCOUVER ISLAND,UNKNOWN,HWY 1,HWY 1,18:00-20:59,1,0
N,PROPERTY DAMAGE ONLY,\N,N,2024,THURSDAY,SINGLE VEHICLE,N,N,\N,\N,N,JANUARY,N,DUNCAN,DUNCAN,\N,N,N,N,VANCOUVER ISLAND,UNKNOWN,WESTLOCK RD,WESTLOCK RD,18:00-20:59,1,0
N,PROPERTY DAMAGE ONLY,\N,N,2024,THURSDAY,SINGLE VEHICLE,N,N,\N,\N,N,JANUARY,N,KAMLOOPS,KAMLOOPS,\N,N,N,N,SOUTHERN INTERIOR,UNKNOWN,NOBLE LAKE ROAD,NOBLE LAKE ROAD,18:00-20:59,1,0
N,PROPERTY DAMAGE ONLY,\N,N,2024,THURSDAY,SINGLE VEHICLE,N,N,\N,\N,N,JANUARY,N,LANGLEY,LANGLEY,\N,N,N,N,LOWER MAINLAND,UNKNOWN,UNIVERSITY DR,UNIVERSITY DR,18:00-20:59,1,0
N,PROPERTY DAMAGE ONLY,\N,N,2024,THURSDAY,SINGLE VEHICLE,N,N,\N,\N,N,JANUARY,N,LANGLEY,LANGLEY,\N,N,Y,N,LOWER MAINLAND,UNKNOWN,52A AVE,52A AVE,18:00-20:59,1,0
N,PROPERTY DAMAGE ONLY,\N,N,2024,THURSDAY,SINGLE VEHICLE,N,N,\N,\N,N,JANUARY,N,MADEIRA PARK,MADEIRA PARK,\N,N,N,N,LOWER MAINLAND,UNKNOWN,SUNSHINE COAST HWY,SUNSHINE COAST HWY,18:00-20:59,1,0
N,PROPERTY DAMAGE ONLY,\N,N,2024,THURSDAY,SINGLE VEHICLE,N,N,\N,\N,N,JANUARY,N,MALAKWA,MALAKWA,\N,N,N,N,SOUTHERN INTERIOR,UNKNOWN,HWY 1,HWY 1,18:00-20:59,1,0
N,PROPERTY DAMAGE ONLY,\N,N,2024,THURSDAY,SINGLE VEHICLE,N,N,\N,\N,N,JANUARY,N,MERRITT,MERRITT,\N,N,N,N,SOUTHERN INTERIOR,UNKNOWN,HWY 97C,HWY 97C,18:00-20:59,1,0
N,PROPERTY DAMAGE ONLY,\N,N,2024,THURSDAY,SINGLE VEHICLE,N,N,\N,\N,N,JANUARY,N,NANAIMO,NANAIMO,\N,N,Y,N,VANCOUVER ISLAND,UNKNOWN,ISLAND HWY,ISLAND HWY,18:00-20:59,1,0
N,PROPERTY DAMAGE ONLY,\N,N,2024,THURSDAY,SINGLE VEHICLE,N,N,\N,\N,N,JANUARY,N,NANOOSE BAY,NANOOSE BAY,\N,N,N,N,VANCOUVER ISLAND,UNKNOWN,HWY 19,HWY 19,18:00-20:59,1,0
N,PROPERTY DAMAGE ONLY,\N,N,2024,THURSDAY,SINGLE VEHICLE,N,N,\N,\N,N,JANUARY,N,NORTH VANCOUVER,NORTH VANCOUVER,\N,N,Y,N,LOWER MAINLAND,UNKNOWN,LYNN CENTRE AVE,LYNN CENTRE AVE,18:00-20:59,1,0
N,PROPERTY DAMAGE ONLY,\N,N,2024,THURSDAY,SINGLE VEHICLE,N,N,\N,\N,N,JANUARY,N,PARKSVILLE,PARKSVILLE,\N,N,N,N,VANCOUVER ISLAND,UNKNOWN,MOILLIET ST N,MOILLIET ST N,18:00-20:59,1,0
N,PROPERTY DAMAGE ONLY,\N,N,2024,THURSDAY,SINGLE VEHICLE,N,N,\N,\N,N,JANUARY,N,PORT COQUITLAM,PORT COQUITLAM,\N,N,N,N,LOWER MAINLAND,UNKNOWN,HWY 7,HWY 7,18:00-20:59,1,0
N,PROPERTY DAMAGE ONLY,\N,N,2024,THURSDAY,SINGLE VEHICLE,N,N,\N,\N,N,JANUARY,N,PRINCETON,PRINCETON,\N,N,N,N,SOUTHERN INTERIOR,UNKNOWN,HWY 3,HWY 3,18:00-20:59,1,0
N,PROPERTY DAMAGE ONLY,\N,N,2024,THURSDAY,SINGLE VEHICLE,N,N,\N,\N,N,JANUARY,N,RICHMOND,RICHMOND,\N,N,N,N,LOWER MAINLAND,UNKNOWN,NO 6 RD,NO 6 RD,18:00-20:59,1,0
N,PROPERTY DAMAGE ONLY,\N,N,2024,THURSDAY,SINGLE VEHICLE,N,N,\N,\N,N,JANUARY,N,SAANICH,SAANICH,\N,N,N,N,VANCOUVER ISLAND,UNKNOWN,MT DOUGLAS ROAD,MT DOUGLAS ROAD,18:00-20:59,1,0
N,PROPERTY DAMAGE ONLY,\N,N,2024,THURSDAY,SINGLE VEHICLE,N,N,\N,\N,N,JANUARY,N,TOAD RIVER,TOAD RIVER,\N,N,N,N,NORTH CENTRAL,UNKNOWN,HWY 97,HWY 97,18:00-20:59,1,0
N,PROPERTY DAMAGE ONLY,\N,N,2024,THURSDAY,SINGLE VEHICLE,N,N,\N,\N,N,JANUARY,N,VANCOUVER,VANCOUVER,\N,N,N,N,LOWER MAINLAND,UNKNOWN,HUDSON ST,HUDSON ST,18:00-20:59,1,0
N,PROPERTY DAMAGE ONLY,\N,N,2024,THURSDAY,SINGLE VEHICLE,N,N,\N,\N,N,JANUARY,N,VANCOUVER,VANCOUVER,\N,N,N,N,LOWER MAINLAND,UNKNOWN,W 12TH AVE,W 12TH AVE,18:00-20:59,1,0
N,PROPERTY DAMAGE ONLY,\N,N,2024,THURSDAY,SINGLE VEHICLE,N,N,\N,\N,N,JANUARY,N,VANCOUVER,VANCOUVER,\N,N,Y,N,LOWER MAINLAND,UNKNOWN,MARINE DRIVE,MARINE DRIVE,18:00-20:59,1,0
N,PROPERTY DAMAGE ONLY,\N,N,2024,THURSDAY,SINGLE VEHICLE,N,N,\N,\N,N,JANUARY,N,VICTORIA,VICTORIA,\N,N,N,N,VANCOUVER ISLAND,UNKNOWN,HWY 1,HWY 1,18:00-20:59,1,0
N,PROPERTY DAMAGE ONLY,\N,N,2024,THURSDAY,SINGLE VEHICLE,N,N,\N,\N,N,JANUARY,N,VICTORIA,VICTORIA,\N,N,N,N,VANCOUVER ISLAND,UNKNOWN,HWY 17,HWY 17,18:00-20:59,1,0
N,PROPERTY DAMAGE ONLY,\N,N,2024,THURSDAY,SINGLE VEHICLE,N,N,\N,\N,N,JANUARY,N,VICTORIA,VICTORIA,\N,N,N,N,VANCOUVER ISLAND,UNKNOWN,SELICA,SELICA,18:00-20:59,1,0
N,PROPERTY DAMAGE ONLY,\N,N,2024,THURSDAY,SINGLE VEHICLE,N,N,\N,\N,N,JANUARY,N,VICTORIA,VICTORIA,\N,N,N,N,VANCOUVER ISLAND,UNKNOWN,SUPERIOR ST,SUPERIOR ST,18:00-20:59,1,0
N,PROPERTY DAMAGE ONLY,\N,N,2024,THURSDAY,SINGLE VEHICLE,N,N,\N,\N,N,JANUARY,N,VICTORIA,VICTORIA,\N,Y,Y,N,VANCOUVER ISLAND,UNKNOWN,MCCULLUM RD,MCCULLUM RD,18:00-20:59,1,0
N,PROPERTY DAMAGE ONLY,\N,N,2024,THURSDAY,SINGLE VEHICLE,N,N,\N,\N,N,JANUARY,N,WEST VANCOUVER,WEST VANCOUVER,\N,N,N,N,LOWER MAINLAND,UNKNOWN,BAYRIDGE AVE,BAYRIDGE AVE,18:00-20:59,1,0
N,PROPERTY DAMAGE ONLY,\N,N,2024,THURSDAY,SINGLE VEHICLE,N,N,\N,\N,N,JANUARY,N,WHISTLER,WHISTLER,\N,N,N,N,LOWER MAINLAND,UNKNOWN,HWY 99,HWY 99,18:00-20:59,1,0
N,PROPERTY DAMAGE ONLY,\N,N,2024,THURSDAY,SINGLE VEHICLE,N,N,48.437512,-123.509114,Y,JANUARY,N,LANGFORD,LANGFORD,LANGFORD,N,Y,N,VANCOUVER ISLAND,REUNION AVE # 000911 TO 000958,REUNION AVE,REUNION AVE,18:00-20:59,1,0
N,PROPERTY DAMAGE ONLY,\N,N,2024,THURSDAY,SINGLE VEHICLE,N,N,48.527791,-123.417187,Y,JANUARY,N,SAANICH,SAANICH,SAANICH,N,N,N,VANCOUVER ISLAND,OLD WEST SAANICH RD # 005430 TO 005499,OLD WEST SAANICH RD,OLD WEST SAANICH RD,18:00-20:59,1,0
N,PROPERTY DAMAGE ONLY,\N,N,2024,THURSDAY,SINGLE VEHICLE,N,N,49.020534,-122.603455,Y,JANUARY,N,LANGLEY,LANGLEY,LANGLEY,N,N,N,LOWER MAINLAND,224 ST # 000800 TO 001247,224 ST,224 ST,18:00-20:59,1,0
N,PROPERTY DAMAGE ONLY,\N,N,2024,THURSDAY,SINGLE VEHICLE,N,N,49.030772,-122.293099,Y,JANUARY,N,ABBOTSFORD,ABBOTSFORD,ABBOTSFORD,N,Y,N,LOWER MAINLAND,MCCALLUM RD # 001520 TO 001599,MCCALLUM RD,MCCALLUM RD,18:00-20:59,1,0
N,PROPERTY DAMAGE ONLY,\N,N,2024,THURSDAY,SINGLE VEHICLE,N,N,49.049042,-122.339059,Y,JANUARY,N,ABBOTSFORD,ABBOTSFORD,ABBOTSFORD,N,Y,N,LOWER MAINLAND,SOUTH FRASER WAY # 031900 TO 031999,SOUTH FRASER WAY,SOUTH FRASER WAY,18:00-20:59,1,0
N,PROPERTY DAMAGE ONLY,\N,N,2024,THURSDAY,SINGLE VEHICLE,N,N,49.055448,-122.798171,Y,JANUARY,N,SURREY,SURREY,SURREY,N,N,N,LOWER MAINLAND,29A AVE # 015262 TO 015322,29A AVE,29A AVE,18:00-20:59,1,0
N,PROPERTY DAMAGE ONLY,\N,N,2024,THURSDAY,SINGLE VEHICLE,N,N,49.103877,-122.327402,Y,JANUARY,N,ABBOTSFORD,ABBOTSFORD,ABBOTSFORD,N,N,N,LOWER MAINLAND,HARRIS RD # 032000 TO 032799,HARRIS RD,HARRIS RD,18:00-20:59,1,0
N,PROPERTY DAMAGE ONLY,\N,N,2024,THURSDAY,SINGLE VEHICLE,N,N,49.10601,-122.66229,Y,JANUARY,N,LANGLEY,LANGLEY,LANGLEY,N,Y,N,LOWER MAINLAND,FRASER HWY # 020151 TO 020299,FRASER HWY,FRASER HWY,18:00-20:59,1,0
N,PROPERTY DAMAGE ONLY,\N,N,2024,THURSDAY,SINGLE VEHICLE,N,N,49.107054,-122.655835,Y,JANUARY,N,LANGLEY,LANGLEY,LANGLEY,N,Y,N,LOWER MAINLAND,LOGAN AVE # 020344 TO 020598,LOGAN AVE,LOGAN AVE,18:00-20:59,1,0
N,PROPERTY DAMAGE ONLY,\N,N,2024,THURSDAY,SINGLE VEHICLE,N,N,49.118926,-122.655649,Y,JANUARY,N,LANGLEY,LANGLEY,LANGLEY,N,Y,N,LOWER MAINLAND,64 AVE # 020351 TO 020499 odd,64 AVE,64 AVE,18:00-20:59,1,0
N,PROPERTY DAMAGE ONLY,\N,N,2024,THURSDAY,SINGLE VEHICLE,N,N,49.120677,-123.893824,Y,JANUARY,N,NANAIMO,NANAIMO,NANAIMO,N,N,N,VANCOUVER ISLAND,CEDAR RD # 001100 TO 001569,CEDAR RD,CEDAR RD,18:00-20:59,1,0
N,PROPERTY DAMAGE ONLY,\N,N,2024,THURSDAY,SINGLE VEHICLE,N,N,49.133697,-122.859485,Y,JANUARY,N,SURREY,SURREY,SURREY,N,N,N,LOWER MAINLAND,72 AVE # 013000 TO 013198 even,72 AVE,72 AVE,18:00-20:59,1,0
N,PROPERTY DAMAGE ONLY,\N,N,2024,THURSDAY,SINGLE VEHICLE,N,N,49.135893,-123.114228,Y,JANUARY,N,RICHMOND,RICHMOND,RICHMOND,N,N,N,LOWER MAINLAND,NO 4 RD # 010270 TO 010669,NO 4 RD,NO 4 RD,18:00-20:59,1,0
N,PROPERTY DAMAGE ONLY,\N,N,2024,THURSDAY,SINGLE VEHICLE,N,N,49.139152,-121.964923,Y,JANUARY,N,CHILLIWACK,CHILLIWACK,CHILLIWACK,N,Y,N,LOWER MAINLAND,KNIGHT RD # 045480 TO 045581,KNIGHT RD,KNIGHT RD,18:00-20:59,1,0
N,PROPERTY DAMAGE ONLY,\N,N,2024,THURSDAY,SINGLE VEHICLE,N,N,49.159197,-122.890253,Y,JANUARY,N,SURREY,SURREY,SURREY,N,Y,N,LOWER MAINLAND,120 ST # 008564 TO 008598 even,120 ST,120 ST,18:00-20:59,1,0
N,PROPERTY DAMAGE ONLY,\N,N,2024,THURSDAY,SINGLE VEHICLE,N,N,49.168732,-122.663421,Y,JANUARY,N,LANGLEY,LANGLEY,LANGLEY,N,Y,N,LOWER MAINLAND,91A AVE # 020150 TO 020199,91A AVE,91A AVE,18:00-20:59,1,0
N,PROPERTY DAMAGE ONLY,\N,N,2024,THURSDAY,SINGLE VEHICLE,N,N,49.170194,-123.939869,Y,JANUARY,N,NANAIMO,NANAIMO,NANAIMO,N,Y,N,VANCOUVER ISLAND,COMOX RD # 000101 TO 000176,COMOX RD,COMOX RD,18:00-20:59,1,0
N,PROPERTY DAMAGE ONLY,\N,N,2024,THURSDAY,SINGLE VEHICLE,N,N,49.170608,-121.963412,Y,JANUARY,N,CHILLIWACK,CHILLIWACK,CHILLIWACK,N,N,N,LOWER MAINLAND,CORBOULD ST # 009250 TO 009275,CORBOULD ST,CORBOULD ST,18:00-20:59,1,0
N,PROPERTY DAMAGE ONLY,\N,N,2024,THURSDAY,SINGLE VEHICLE,N,N,49.183322,-123.974356,Y,JANUARY,N,NANAIMO,NANAIMO,NANAIMO,N,Y,N,VANCOUVER ISLAND,DUFFERIN CRES # 001632 TO 001651,DUFFERIN CRES,DUFFERIN CRES,18:00-20:59,1,0
N,PROPERTY DAMAGE ONLY,\N,N,2024,THURSDAY,SINGLE VEHICLE,N,N,49.188768,-123.143309,Y,JANUARY,N,RICHMOND,RICHMOND,RICHMOND,N,Y,N,LOWER MAINLAND,CESSNA DR # 003600 TO 003799,CESSNA DR,CESSNA DR,18:00-20:59,1,0
N,PROPERTY DAMAGE ONLY,\N,N,2024,THURSDAY,SINGLE VEHICLE,N,N,49.19168,-122.851321,Y,JANUARY,N,SURREY,SURREY,SURREY,N,N,N,LOWER MAINLAND,104 AVE # 013361 TO 013399 odd,104 AVE,104 AVE,18:00-20:59,1,0
N,PROPERTY DAMAGE ONLY,\N,N,2024,THURSDAY,SINGLE VEHICLE,N,N,49.191999,-123.100842,Y,JANUARY,N,RICHMOND,RICHMOND,RICHMOND,N,Y,N,LOWER MAINLAND,BRIDGEPORT RD # 011000 TO 011251,BRIDGEPORT RD,BRIDGEPORT RD,18:00-20:59,1,0
N,PROPERTY DAMAGE ONLY,\N,N,2024,THURSDAY,SINGLE VEHICLE,N,N,49.193211,-122.80261,Y,JANUARY,N,SURREY,SURREY,SURREY,N,N,N,LOWER MAINLAND,105 AVE # 015100 TO 015199,105 AVE,105 AVE,18:00-20:59,1,0
N,PROPERTY DAMAGE ONLY,\N,N,2024,THURSDAY,SINGLE VEHICLE,N,N,49.199119,-124.000886,Y,JANUARY,N,NANAIMO,NANAIMO,NANAIMO,N,Y,N,VANCOUVER ISLAND,LABIEUX RD # 002340 TO 002358,LABIEUX RD,LABIEUX RD,18:00-20:59,1,0
N,PROPERTY DAMAGE ONLY,\N,N,2024,THURSDAY,SINGLE VEHICLE,N,N,49.20939,-123.980181,Y,JANUARY,N,NANAIMO,NANAIMO,NANAIMO,N,N,N,VANCOUVER ISLAND,DEPARTURE BAY RD # 003200 TO 003399,DEPARTURE BAY RD,DEPARTURE BAY RD,18:00-20:59,1,0
N,PROPERTY DAMAGE ONLY,\N,N,2024,THURSDAY,SINGLE VEHICLE,N,N,49.210726,-123.099335,Y,JANUARY,N,VANCOUVER,VANCOUVER,VANCOUVER,N,N,N,LOWER MAINLAND,SE MARINE DR # 000300 TO 000388 even,SE MARINE DR,SE MARINE DR,18:00-20:59,1,0
N,PROPERTY DAMAGE ONLY,\N,N,2024,THURSDAY,SINGLE VEHICLE,N,N,49.210829,-123.099329,Y,JANUARY,N,VANCOUVER,VANCOUVER,VANCOUVER,N,Y,N,LOWER MAINLAND,SE MARINE DR # 000301 TO 000389 odd,SE MARINE DR,SE MARINE DR,18:00-20:59,1,0
N,PROPERTY DAMAGE ONLY,\N,N,2024,THURSDAY,SINGLE VEHICLE,N,N,49.214835,-124.027673,Y,JANUARY,N,NANAIMO,NANAIMO,NANAIMO,N,Y,N,VANCOUVER ISLAND,RUTHERFORD RD # 004750 TO 004750 even,RUTHERFORD RD,RUTHERFORD RD,18:00-20:59,1,0
N,PROPERTY DAMAGE ONLY,\N,N,2024,THURSDAY,SINGLE VEHICLE,N,N,49.214845,-122.598925,Y,JANUARY,N,MAPLE RIDGE,MAPLE RIDGE,MAPLE RIDGE,N,N,N,LOWER MAINLAND,225 ST # 011630 TO 011749,225 ST,225 ST,18:00-20:59,1,0
N,PROPERTY DAMAGE ONLY,\N,N,2024,THURSDAY,SINGLE VEHICLE,N,N,49.215628,-122.980143,Y,JANUARY,N,BURNABY,BURNABY,BURNABY,N,Y,N,LOWER MAINLAND,IRMIN ST # 005600 TO 005899,IRMIN ST,IRMIN ST,18:00-20:59,1,0
N,PROPERTY DAMAGE ONLY,\N,N,2024,THURSDAY,SINGLE VEHICLE,N,N,49.215704,-122.899929,Y,JANUARY,N,NEW WESTMINSTER,NEW WESTMINSTER,NEW WESTMINSTER,N,N,N,LOWER MAINLAND,FRANCIS WAY # 000247 TO 000292,FRANCIS WAY,FRANCIS WAY,18:00-20:59,1,0
N,PROPERTY DAMAGE ONLY,\N,N,2024,THURSDAY,SINGLE VEHICLE,N,N,49.222851,-122.932502,Y,JANUARY,N,BURNABY,BURNABY,BURNABY,N,N,N,LOWER MAINLAND,6TH ST # 007550 TO 007599,6TH ST,6TH ST,18:00-20:59,1,0
N,PROPERTY DAMAGE ONLY,\N,N,2024,THURSDAY,SINGLE VEHICLE,N,N,49.22873,-122.664544,Y,JANUARY,N,MAPLE RIDGE,MAPLE RIDGE,MAPLE RIDGE,N,N,N,LOWER MAINLAND,DAVENPORT DR # 012400 TO 012459,DAVENPORT DR,DAVENPORT DR,18:00-20:59,1,0
N,PROPERTY DAMAGE ONLY,\N,N,2024,THURSDAY,SINGLE VEHICLE,N,N,49.231958,-123.192373,Y,JANUARY,N,VANCOUVER,VANCOUVER,VANCOUVER,N,N,N,LOWER MAINLAND,HOLLAND ST # 005900 TO 006099,HOLLAND ST,HOLLAND ST,18:00-20:59,1,0
N,PROPERTY DAMAGE ONLY,\N,N,2024,THURSDAY,SINGLE VEHICLE,N,N,49.233525,-122.857525,Y,JANUARY,N,COQUITLAM,COQUITLAM,COQUITLAM,N,Y,N,LOWER MAINLAND,LOUGHEED HWY # 001100 TO 001498 even,HWY 7,HWY 7,18:00-20:59,1,0
N,PROPERTY DAMAGE ONLY,\N,N,2024,THURSDAY,SINGLE VEHICLE,N,N,49.235751,-121.754514,Y,JANUARY,N,AGASSIZ,AGASSIZ,AGASSIZ,N,Y,N,LOWER MAINLAND,MORROW RD # 007420 TO 007458,MORROW RD,MORROW RD,18:00-20:59,1,0
N,PROPERTY DAMAGE ONLY,\N,N,2024,THURSDAY,SINGLE VEHICLE,N,N,49.23677,-122.867178,Y,JANUARY,N,COQUITLAM,COQUITLAM,COQUITLAM,N,N,N,LOWER MAINLAND,ADAIR AVE # 000969 TO 000999,ADAIR AVE,ADAIR AVE,18:00-20:59,1,0
N,PROPERTY DAMAGE ONLY,\N,N,2024,THURSDAY,SINGLE VEHICLE,N,N,49.245299,-122.892751,Y,JANUARY,N,BURNABY,BURNABY,BURNABY,N,N,N,LOWER MAINLAND,NORTH RD # 004201 TO 004399 odd,NORTH RD,NORTH RD,18:00-20:59,1,0
N,PROPERTY DAMAGE ONLY,\N,N,2024,THURSDAY,SINGLE VEHICLE,N,N,49.245964,-123.139167,Y,JANUARY,N,VANCOUVER,VANCOUVER,VANCOUVER,N,N,N,LOWER MAINLAND,GRANVILLE ST # 004400 TO 004499,GRANVILLE ST,GRANVILLE ST,18:00-20:59,1,0
N,PROPERTY DAMAGE ONLY,\N,N,2024,THURSDAY,SINGLE VEHICLE,N,N,49.248511,-122.901977,Y,JANUARY,N,BURNABY,BURNABY,BURNABY,N,N,N,LOWER MAINLAND,CARRIGAN CRT # 003886 TO 003999,CARRIGAN CRT,CARRIGAN CRT,18:00-20:59,1,0
N,PROPERTY DAMAGE ONLY,\N,N,2024,THURSDAY,SINGLE VEHICLE,N,N,49.253217,-122.926151,Y,JANUARY,N,BURNABY,BURNABY,BURNABY,N,N,N,LOWER MAINLAND,LAKEDALE AVE # 003300 TO 003429,LAKEDALE AVE,LAKEDALE AVE,18:00-20:59,1,0
N,PROPERTY DAMAGE ONLY,\N,N,2024,THURSDAY,SINGLE VEHICLE,N,N,49.255733,-123.231002,Y,JANUARY,N,UBC,UBC,UBC,N,N,N,LOWER MAINLAND,BINNING RD # 003300 TO 003367,BINNING RD,BINNING RD,18:00-20:59,1,0
N,PROPERTY DAMAGE ONLY,\N,N,2024,THURSDAY,SINGLE VEHICLE,N,N,49.257818,-122.922282,Y,JANUARY,N,BURNABY,BURNABY,BURNABY,Y,N,N,LOWER MAINLAND,EASTLAKE DR # 008300 TO 008499,EASTLAKE DR,EASTLAKE DR,18:00-20:59,1,0
N,PROPERTY DAMAGE ONLY,\N,N,2024,THURSDAY,SINGLE VEHICLE,N,N,49.264442,-122.769012,Y,JANUARY,N,PORT COQUITLAM,PORT COQUITLAM,PORT COQUITLAM,N,Y,N,LOWER MAINLAND,LOUGHEED HWY # 001901 TO 001999 odd,LOUGHEED HWY,LOUGHEED HWY,18:00-20:59,1,0
N,PROPERTY DAMAGE ONLY,\N,N,2024,THURSDAY,SINGLE VEHICLE,N,N,49.265115,-122.786512,Y,JANUARY,N,PORT COQUITLAM,PORT COQUITLAM,PORT COQUITLAM,N,Y,N,LOWER MAINLAND,DIXON ST # 002618 TO 002699,DIXON ST,DIXON ST,18:00-20:59,1,0
N,PROPERTY DAMAGE ONLY,\N,N,2024,THURSDAY,SINGLE VEHICLE,N,N,49.265251,-123.014216,Y,JANUARY,N,BURNABY,BURNABY,BURNABY,N,N,N,LOWER MAINLAND,GILMORE AVE # 002000 TO 002198 even,GILMORE AVE,GILMORE AVE,18:00-20:59,1,0
N,PROPERTY DAMAGE ONLY,\N,N,2024,THURSDAY,SINGLE VEHICLE,N,N,49.266428,-123.001746,Y,JANUARY,N,BURNABY,BURNABY,BURNABY,N,Y,N,LOWER MAINLAND,LOUGHEED HWY # 004501 TO 004599 odd,LOUGHEED HWY,LOUGHEED HWY,18:00-20:59,1,0
N,PROPERTY DAMAGE ONLY,\N,N,2024,THURSDAY,SINGLE VEHICLE,N,N,49.286878,-124.147006,Y,JANUARY,N,NANOOSE BAY,NANOOSE BAY,NANOOSE BAY,N,N,N,VANCOUVER ISLAND,ROCKHAMPTON RD # 003290 TO 003319,ROCKHAMPTON RD,ROCKHAMPTON RD,18:00-20:59,1,0
N,PROPERTY DAMAGE ONLY,\N,N,2024,THURSDAY,SINGLE VEHICLE,N,N,49.305561,-122.970769,Y,JANUARY,N,NORTH VANCOUVER,NORTH VANCOUVER,NORTH VANCOUVER,N,N,N,LOWER MAINLAND,DEERCREST DR # 003600 TO 003629,DEERCREST DR,DEERCREST DR,18:00-20:59,1,0
N,PROPERTY DAMAGE ONLY,\N,N,2024,THURSDAY,SINGLE VEHICLE,N,N,49.315813,-123.074145,Y,JANUARY,N,NORTH VANCOUVER,NORTH VANCOUVER,NORTH VANCOUVER,N,Y,N,LOWER MAINLAND,E 6TH ST # 000100 TO 000121,E 6TH ST,E 6TH ST,18:00-20:59,1,0
N,PROPERTY DAMAGE ONLY,\N,N,2024,THURSDAY,SINGLE VEHICLE,N,N,49.325809,-123.139912,Y,JANUARY,N,WEST VANCOUVER,WEST VANCOUVER,WEST VANCOUVER,N,N,N,LOWER MAINLAND,PARK ROYAL SOUTH # 001131 TO 003000,PARK ROYAL SOUTH,PARK ROYAL SOUTH,18:00-20:59,1,0
N,PROPERTY DAMAGE ONLY,\N,N,2024,THURSDAY,SINGLE VEHICLE,N,N,49.325809,-123.139912,Y,JANUARY,N,WEST VANCOUVER,WEST VANCOUVER,WEST VANCOUVER,N,Y,N,LOWER MAINLAND,PARK ROYAL SOUTH # 001131 TO 003000,PARK ROYAL SOUTH,PARK ROYAL SOUTH,18:00-20:59,1,0
N,PROPERTY DAMAGE ONLY,\N,N,2024,THURSDAY,SINGLE VEHICLE,N,N,49.327718,-123.163278,Y,JANUARY,N,WEST VANCOUVER,WEST VANCOUVER,WEST VANCOUVER,N,N,N,LOWER MAINLAND,BELLEVUE AVE # 001800 TO 001899,BELLEVUE AVE,BELLEVUE AVE,18:00-20:59,1,0
N,PROPERTY DAMAGE ONLY,\N,N,2024,THURSDAY,SINGLE VEHICLE,N,N,49.335652,-123.086098,Y,JANUARY,N,NORTH VANCOUVER,NORTH VANCOUVER,NORTH VANCOUVER,N,N,N,LOWER MAINLAND,W 29TH ST # 000570 TO 000699,W 29TH ST,W 29TH ST,18:00-20:59,1,0
N,PROPERTY DAMAGE ONLY,\N,N,2024,THURSDAY,SINGLE VEHICLE,N,N,49.348656,-123.095352,Y,JANUARY,N,NORTH VANCOUVER,NORTH VANCOUVER,NORTH VANCOUVER,N,N,N,LOWER MAINLAND,LIONS AVE # 004200 TO 004299,LIONS AVE,LIONS AVE,18:00-20:59,1,0
N,PROPERTY DAMAGE ONLY,\N,N,2024,THURSDAY,SINGLE VEHICLE,N,N,49.69971,-124.958491,Y,JANUARY,N,COURTENAY,COURTENAY,COURTENAY,N,Y,N,VANCOUVER ISLAND,VALLEY VIEW DR # 002280 TO 002300,VALLEY VIEW DR,VALLEY VIEW DR,18:00-20:59,1,0
N,PROPERTY DAMAGE ONLY,\N,N,2024,THURSDAY,SINGLE VEHICLE,N,N,49.98226,-125.230945,Y,JANUARY,N,CAMPBELL RIVER,CAMPBELL RIVER,CAMPBELL RIVER,Y,Y,N,VANCOUVER ISLAND,STAG RD # 001350 TO 001499,STAG RD,STAG RD,18:00-20:59,1,0
N,PROPERTY DAMAGE ONLY,\N,N,2024,THURSDAY,SINGLE VEHICLE,N,N,50.0091,-119.387411,Y,JANUARY,N,KELOWNA,KELOWNA,KELOWNA,N,Y,N,SOUTHERN INTERIOR,JIM BAILEY CRES # 008355 TO 008899,JIM BAILEY CRES,JIM BAILEY CRES,18:00-20:59,1,0
N,PROPERTY DAMAGE ONLY,\N,N,2024,THURSDAY,SINGLE VEHICLE,N,N,50.014457,-125.234786,Y,JANUARY,N,CAMPBELL RIVER,CAMPBELL RIVER,CAMPBELL RIVER,N,Y,N,VANCOUVER ISLAND,ISLAND HWY # 000300 TO 000499,ISLAND HWY,ISLAND HWY,18:00-20:59,1,0
N,PROPERTY DAMAGE ONLY,\N,N,2024,THURSDAY,SINGLE VEHICLE,N,N,50.024349,-119.405545,Y,JANUARY,N,LAKE COUNTRY,LAKE COUNTRY,LAKE COUNTRY,N,Y,N,SOUTHERN INTERIOR,HWY 97 # 009729 TO 009899 odd,HWY 97,HWY 97,18:00-20:59,1,0
N,PROPERTY DAMAGE ONLY,\N,N,2024,THURSDAY,SINGLE VEHICLE,Y,N,\N,\N,N,JANUARY,N,RICHMOND,RICHMOND,\N,N,N,N,LOWER MAINLAND,UNKNOWN,HWY 99,HWY 99,18:00-20:59,1,0
N,PROPERTY DAMAGE ONLY,\N,N,2024,THURSDAY,SINGLE VEHICLE,Y,N,49.21347,-122.858117,Y,JANUARY,N,SURREY,SURREY,SURREY,N,N,N,LOWER MAINLAND,116 AVE # 013072 TO 013478,116 AVE,116 AVE,18:00-20:59,1,0
N,PROPERTY DAMAGE ONLY,\N,N,2024,THURSDAY,UNDETERMINED,N,N,\N,\N,N,JANUARY,N,KAMLOOPS,KAMLOOPS,\N,N,N,N,SOUTHERN INTERIOR,UNKNOWN,FLEETWOOD AVE,FLEETWOOD AVE,18:00-20:59,1,0
N,PROPERTY DAMAGE ONLY,\N,N,2024,THURSDAY,UNDETERMINED,N,N,\N,\N,N,JANUARY,N,NORTH VANCOUVER,NORTH VANCOUVER,\N,Y,N,N,LOWER MAINLAND,UNKNOWN,4TH ST,4TH ST,18:00-20:59,1,0
N,PROPERTY DAMAGE ONLY,\N,N,2024,THURSDAY,UNDETERMINED,N,N,\N,\N,N,JANUARY,N,RICHMOND,RICHMOND,\N,Y,N,N,LOWER MAINLAND,UNKNOWN,BRIDGEPORT RD,BRIDGEPORT RD,18:00-20:59,1,0
N,PROPERTY DAMAGE ONLY,\N,N,2024,THURSDAY,UNDETERMINED,N,N,\N,\N,N,JANUARY,N,RICHMOND,RICHMOND,\N,Y,Y,N,LOWER MAINLAND,UNKNOWN,MCDONALD RD,MCDONALD RD,18:00-20:59,1,0
N,PROPERTY DAMAGE ONLY,\N,N,2024,THURSDAY,UNDETERMINED,N,N,\N,\N,N,JANUARY,N,SURREY,SURREY,\N,Y,Y,N,LOWER MAINLAND,UNKNOWN,72 AVE STRATA RD,72 AVE STRATA RD,18:00-20:59,1,0
N,PROPERTY DAMAGE ONLY,\N,N,2024,THURSDAY,UNDETERMINED,N,N,\N,\N,N,JANUARY,N,SURREY,SURREY,\N,Y,Y,N,LOWER MAINLAND,UNKNOWN,KING GEORGE HWY,KING GEORGE HWY,18:00-20:59,1,0
N,PROPERTY DAMAGE ONLY,\N,N,2024,THURSDAY,UNDETERMINED,N,N,\N,\N,N,JANUARY,N,UNKNOWN,UNKNOWN,\N,Y,N,N,UNKNOWN,UNKNOWN,Unknown,\N,18:00-20:59,1,0
N,PROPERTY DAMAGE ONLY,\N,N,2024,THURSDAY,UNDETERMINED,N,N,\N,\N,N,JANUARY,N,VANCOUVER,VANCOUVER,\N,Y,Y,N,LOWER MAINLAND,UNKNOWN,GRANDVIEW HWY,GRANDVIEW HWY,18:00-20:59,1,0
N,PROPERTY DAMAGE ONLY,\N,N,2024,THURSDAY,UNDETERMINED,N,N,\N,\N,N,JANUARY,N,VICTORIA,VICTORIA,\N,N,N,N,VANCOUVER ISLAND,UNKNOWN,UNKNOWN,UNKNOWN,18:00-20:59,1,0
N,PROPERTY DAMAGE ONLY,\N,N,2024,THURSDAY,UNDETERMINED,N,N,48.446195,-123.371352,Y,JANUARY,N,VICTORIA,VICTORIA,VICTORIA,Y,Y,N,VANCOUVER ISLAND,DOUGLAS ST # 003129 TO 003157 odd,DOUGLAS ST,DOUGLAS ST,18:00-20:59,1,0
N,PROPERTY DAMAGE ONLY,\N,N,2024,THURSDAY,UNDETERMINED,N,N,48.446891,-123.37605,Y,JANUARY,N,VICTORIA,VICTORIA,VICTORIA,Y,N,N,VANCOUVER ISLAND,ALPHA ST # 000511 TO 000599,ALPHA ST,ALPHA ST,18:00-20:59,1,0
N,PROPERTY DAMAGE ONLY,\N,N,2024,THURSDAY,UNDETERMINED,N,N,49.02245,-122.809511,Y,JANUARY,N,WHITE ROCK,WHITE ROCK,WHITE ROCK,Y,Y,N,LOWER MAINLAND,MARINE DR # 014870 TO 014929,MARINE DR,MARINE DR,18:00-20:59,1,0
N,PROPERTY DAMAGE ONLY,\N,N,2024,THURSDAY,UNDETERMINED,N,N,49.045457,-122.260179,Y,JANUARY,N,ABBOTSFORD,ABBOTSFORD,ABBOTSFORD,Y,Y,N,LOWER MAINLAND,MCMILLAN RD # 002390 TO 002459,MCMILLAN RD,MCMILLAN RD,18:00-20:59,1,0
N,PROPERTY DAMAGE ONLY,\N,N,2024,THURSDAY,UNDETERMINED,N,N,49.047838,-122.277751,Y,JANUARY,N,ABBOTSFORD,ABBOTSFORD,ABBOTSFORD,Y,Y,N,LOWER MAINLAND,WOODRIDGE CRES # 002490 TO 002569,WOODRIDGE CRES,WOODRIDGE CRES,18:00-20:59,1,0
N,PROPERTY DAMAGE ONLY,\N,N,2024,THURSDAY,UNDETERMINED,N,N,49.050826,-122.337622,Y,JANUARY,N,ABBOTSFORD,ABBOTSFORD,ABBOTSFORD,N,Y,N,LOWER MAINLAND,CLEARBROOK RD # 002650 TO 002699,CLEARBROOK RD,CLEARBROOK RD,18:00-20:59,1,0
N,PROPERTY DAMAGE ONLY,\N,N,2024,THURSDAY,UNDETERMINED,N,N,49.050826,-122.337622,Y,JANUARY,N,ABBOTSFORD,ABBOTSFORD,ABBOTSFORD,Y,Y,N,LOWER MAINLAND,CLEARBROOK RD # 002650 TO 002699,CLEARBROOK RD,CLEARBROOK RD,18:00-20:59,1,0
N,PROPERTY DAMAGE ONLY,\N,N,2024,THURSDAY,UNDETERMINED,N,N,49.112592,-122.676755,Y,JANUARY,N,LANGLEY,LANGLEY,LANGLEY,Y,Y,N,LOWER MAINLAND,FRASER HWY # 019683 TO 019799 odd,FRASER HWY,FRASER HWY,18:00-20:59,1,0
N,PROPERTY DAMAGE ONLY,\N,N,2024,THURSDAY,UNDETERMINED,N,N,49.116822,-122.671702,Y,JANUARY,N,LANGLEY,LANGLEY,LANGLEY,Y,Y,N,LOWER MAINLAND,WILLOWBROOK DR # 019801 TO 019999 odd,WILLOWBROOK DR,WILLOWBROOK DR,18:00-20:59,1,0
N,PROPERTY DAMAGE ONLY,\N,N,2024,THURSDAY,UNDETERMINED,N,N,49.123397,-122.710778,Y,JANUARY,N,SURREY,SURREY,SURREY,Y,N,N,LOWER MAINLAND,66A AVE # 018440 TO 018489,66A AVE,66A AVE,18:00-20:59,1,0
N,PROPERTY DAMAGE ONLY,\N,N,2024,THURSDAY,UNDETERMINED,N,N,49.1258,-123.181206,Y,JANUARY,N,RICHMOND,RICHMOND,RICHMOND,Y,Y,N,LOWER MAINLAND,NO 1 RD # 012000 TO 012199,NO 1 RD,NO 1 RD,18:00-20:59,1,0
N,PROPERTY DAMAGE ONLY,\N,N,2024,THURSDAY,UNDETERMINED,N,N,49.131442,-122.890445,Y,JANUARY,N,DELTA,DELTA,DELTA,Y,Y,N,LOWER MAINLAND,120 ST # 007001 TO 007099 odd,120 ST,120 ST,18:00-20:59,1,0
N,PROPERTY DAMAGE ONLY,\N,N,2024,THURSDAY,UNDETERMINED,N,N,49.135567,-122.890424,Y,JANUARY,N,DELTA,DELTA,DELTA,Y,Y,N,LOWER MAINLAND,120 ST # 007201 TO 007339 odd,120 ST,120 ST,18:00-20:59,1,0
N,PROPERTY DAMAGE ONLY,\N,N,2024,THURSDAY,UNDETERMINED,N,N,49.139015,-122.845708,Y,JANUARY,N,SURREY,SURREY,SURREY,Y,Y,N,LOWER MAINLAND,KING GEORGE BLVD # 007401 TO 007599 odd,KING GEORGE BLVD,KING GEORGE BLVD,18:00-20:59,1,0
N,PROPERTY DAMAGE ONLY,\N,N,2024,THURSDAY,UNDETERMINED,N,N,49.140358,-122.826823,Y,JANUARY,N,SURREY,SURREY,SURREY,Y,N,N,LOWER MAINLAND,143 ST # 007500 TO 007643,143 ST,143 ST,18:00-20:59,1,0
N,PROPERTY DAMAGE ONLY,\N,N,2024,THURSDAY,UNDETERMINED,N,N,49.140779,-121.965481,Y,JANUARY,N,CHILLIWACK,CHILLIWACK,CHILLIWACK,Y,Y,N,LOWER MAINLAND,LUCKAKUCK WAY # 045460 TO 045531,LUCKAKUCK WAY,LUCKAKUCK WAY,18:00-20:59,1,0
N,PROPERTY DAMAGE ONLY,\N,N,2024,THURSDAY,UNDETERMINED,N,N,49.14096,-122.859285,Y,JANUARY,N,SURREY,SURREY,SURREY,Y,Y,N,LOWER MAINLAND,76 AVE # 013000 TO 013199,76 AVE,76 AVE,18:00-20:59,1,0
N,PROPERTY DAMAGE ONLY,\N,N,2024,THURSDAY,UNDETERMINED,N,N,49.164859,-122.77322,Y,JANUARY,N,SURREY,SURREY,SURREY,Y,N,N,LOWER MAINLAND,162 ST # 008927 TO 008937 odd,162 ST,162 ST,18:00-20:59,1,0
N,PROPERTY DAMAGE ONLY,\N,N,2024,THURSDAY,UNDETERMINED,N,N,49.171133,-123.136472,Y,JANUARY,N,RICHMOND,RICHMOND,RICHMOND,Y,Y,N,LOWER MAINLAND,NO 3 RD # 005800 TO 005998 even,NO 3 RD,NO 3 RD,18:00-20:59,1,0
N,PROPERTY DAMAGE ONLY,\N,N,2024,THURSDAY,UNDETERMINED,N,N,49.172876,-122.66602,Y,JANUARY,N,LANGLEY,LANGLEY,LANGLEY,N,Y,N,LOWER MAINLAND,200A ST # 009339 TO 009429,200A ST,200A ST,18:00-20:59,1,0
N,PROPERTY DAMAGE ONLY,\N,N,2024,THURSDAY,UNDETERMINED,N,N,49.175204,-123.079619,Y,JANUARY,N,RICHMOND,RICHMOND,RICHMOND,Y,N,N,LOWER MAINLAND,PARKWOOD WAY # 005400 TO 005499,PARKWOOD WAY,PARKWOOD WAY,18:00-20:59,1,0
N,PROPERTY DAMAGE ONLY,\N,N,2024,THURSDAY,UNDETERMINED,N,N,49.190065,-123.073316,Y,JANUARY,N,RICHMOND,RICHMOND,RICHMOND,Y,Y,N,LOWER MAINLAND,VIKING WAY # 003000 TO 003499,VIKING WAY,VIKING WAY,18:00-20:59,1,0
N,PROPERTY DAMAGE ONLY,\N,N,2024,THURSDAY,UNDETERMINED,N,N,49.192014,-123.122024,Y,JANUARY,N,RICHMOND,RICHMOND,RICHMOND,Y,Y,N,LOWER MAINLAND,BRIDGEPORT RD # 009088 TO 009299,BRIDGEPORT RD,BRIDGEPORT RD,18:00-20:59,1,0
N,PROPERTY DAMAGE ONLY,\N,N,2024,THURSDAY,UNDETERMINED,N,N,49.198378,-121.943221,Y,JANUARY,N,CHILLIWACK,CHILLIWACK,CHILLIWACK,Y,N,N,LOWER MAINLAND,BRINX RD # 046150 TO 046499,BRINX RD,BRINX RD,18:00-20:59,1,0
N,PROPERTY DAMAGE ONLY,\N,N,2024,THURSDAY,UNDETERMINED,N,N,49.203173,-122.760391,Y,JANUARY,N,SURREY,SURREY,SURREY,N,Y,N,LOWER MAINLAND,168 ST # 011000 TO 011048 even,168 ST,168 ST,18:00-20:59,1,0
N,PROPERTY DAMAGE ONLY,\N,N,2024,THURSDAY,UNDETERMINED,N,N,49.206132,-122.840645,Y,JANUARY,N,SURREY,SURREY,SURREY,Y,Y,N,LOWER MAINLAND,112 AVE # 013738 TO 013799,112 AVE,112 AVE,18:00-20:59,1,0
N,PROPERTY DAMAGE ONLY,\N,N,2024,THURSDAY,UNDETERMINED,N,N,49.211647,-123.064274,Y,JANUARY,N,VANCOUVER,VANCOUVER,VANCOUVER,Y,N,N,LOWER MAINLAND,FRASERVIEW DR # 002081 TO 002129 odd,FRASERVIEW DR,FRASERVIEW DR,18:00-20:59,1,0
N,PROPERTY DAMAGE ONLY,\N,N,2024,THURSDAY,UNDETERMINED,N,N,49.214897,-122.631925,Y,JANUARY,N,MAPLE RIDGE,MAPLE RIDGE,MAPLE RIDGE,Y,N,N,LOWER MAINLAND,LAITY ST # 011660 TO 011699,LAITY ST,LAITY ST,18:00-20:59,1,0
N,PROPERTY DAMAGE ONLY,\N,N,2024,THURSDAY,UNDETERMINED,N,N,49.218691,-122.930513,Y,JANUARY,N,BURNABY,BURNABY,BURNABY,Y,N,N,LOWER MAINLAND,11TH AVE # 007728 TO 007871,11TH AVE,11TH AVE,18:00-20:59,1,0
N,PROPERTY DAMAGE ONLY,\N,N,2024,THURSDAY,UNDETERMINED,N,N,49.220502,-122.608017,Y,JANUARY,N,MAPLE RIDGE,MAPLE RIDGE,MAPLE RIDGE,Y,N,N,LOWER MAINLAND,DEWDNEY TRUNK RD # 022130 TO 022199,DEWDNEY TRUNK RD,DEWDNEY TRUNK RD,18:00-20:59,1,0
N,PROPERTY DAMAGE ONLY,\N,N,2024,THURSDAY,UNDETERMINED,N,N,49.223639,-123.080111,Y,JANUARY,N,VANCOUVER,VANCOUVER,VANCOUVER,Y,N,N,LOWER MAINLAND,INVERNESS ST # 006656 TO 006699,INVERNESS ST,INVERNESS ST,18:00-20:59,1,0
N,PROPERTY DAMAGE ONLY,\N,N,2024,THURSDAY,UNDETERMINED,N,N,49.224349,-122.941331,Y,JANUARY,N,BURNABY,BURNABY,BURNABY,Y,Y,N,LOWER MAINLAND,CANADA WAY # 007200 TO 007299,CANADA WAY,CANADA WAY,18:00-20:59,1,0
N,PROPERTY DAMAGE ONLY,\N,N,2024,THURSDAY,UNDETERMINED,N,N,49.229629,-123.090609,Y,JANUARY,N,VANCOUVER,VANCOUVER,VANCOUVER,N,N,N,LOWER MAINLAND,FRASER ST # 006000 TO 006099,FRASER ST,FRASER ST,18:00-20:59,1,0
N,PROPERTY DAMAGE ONLY,\N,N,2024,THURSDAY,UNDETERMINED,N,N,49.229897,-123.003852,Y,JANUARY,N,BURNABY,BURNABY,BURNABY,Y,Y,N,LOWER MAINLAND,KINGSWAY # 004500 TO 004555,KINGSWAY,KINGSWAY,18:00-20:59,1,0
N,PROPERTY DAMAGE ONLY,\N,N,2024,THURSDAY,UNDETERMINED,N,N,49.23333,-123.068671,Y,JANUARY,N,VANCOUVER,VANCOUVER,VANCOUVER,Y,Y,N,LOWER MAINLAND,COMMERCIAL ST # 005600 TO 005657,COMMERCIAL ST,COMMERCIAL ST,18:00-20:59,1,0
N,PROPERTY DAMAGE ONLY,\N,N,2024,THURSDAY,UNDETERMINED,N,N,49.233361,-123.06549,Y,JANUARY,N,VANCOUVER,VANCOUVER,VANCOUVER,Y,Y,N,LOWER MAINLAND,VICTORIA DR # 005600 TO 005699,VICTORIA DR,VICTORIA DR,18:00-20:59,1,0
N,PROPERTY DAMAGE ONLY,\N,N,2024,THURSDAY,UNDETERMINED,N,N,49.243264,-123.061156,Y,JANUARY,N,VANCOUVER,VANCOUVER,VANCOUVER,Y,Y,N,LOWER MAINLAND,KINGSWAY # 002200 TO 002233,KINGSWAY,KINGSWAY,18:00-20:59,1,0
N,PROPERTY DAMAGE ONLY,\N,N,2024,THURSDAY,UNDETERMINED,N,N,49.244945,-123.127654,Y,JANUARY,N,VANCOUVER,VANCOUVER,VANCOUVER,Y,Y,N,LOWER MAINLAND,OAK ST # 004500 TO 004599,OAK ST,OAK ST,18:00-20:59,1,0
N,PROPERTY DAMAGE ONLY,\N,N,2024,THURSDAY,UNDETERMINED,N,N,49.245207,-123.183248,Y,JANUARY,N,VANCOUVER,VANCOUVER,VANCOUVER,Y,N,N,LOWER MAINLAND,W 30TH AVE # 003500 TO 003577,W 30TH AVE,W 30TH AVE,18:00-20:59,1,0
N,PROPERTY DAMAGE ONLY,\N,N,2024,THURSDAY,UNDETERMINED,N,N,49.249121,-123.126109,Y,JANUARY,N,VANCOUVER,VANCOUVER,VANCOUVER,Y,Y,N,LOWER MAINLAND,W KING EDWARD AVE # 000900 TO 000998 even,W KING EDWARD AVE,W KING EDWARD AVE,18:00-20:59,1,0
N,PROPERTY DAMAGE ONLY,\N,N,2024,THURSDAY,UNDETERMINED,N,N,49.261566,-122.890036,Y,JANUARY,N,COQUITLAM,COQUITLAM,COQUITLAM,Y,Y,N,LOWER MAINLAND,CLARKE RD # 000546 TO 000565,CLARKE RD,CLARKE RD,18:00-20:59,1,0
N,PROPERTY DAMAGE ONLY,\N,N,2024,THURSDAY,UNDETERMINED,N,N,49.269223,-122.998526,Y,JANUARY,N,BURNABY,BURNABY,BURNABY,Y,N,N,LOWER MAINLAND,BRENTLAWN DR # 004600 TO 004699,BRENTLAWN DR,BRENTLAWN DR,18:00-20:59,1,0
N,PROPERTY DAMAGE ONLY,\N,N,2024,THURSDAY,UNDETERMINED,N,N,49.270278,-123.13288,Y,JANUARY,N,VANCOUVER,VANCOUVER,VANCOUVER,N,N,N,LOWER MAINLAND,JOHNSTON ST # 001250 TO 001399,JOHNSTON ST,JOHNSTON ST,18:00-20:59,1,0
N,PROPERTY DAMAGE ONLY,\N,N,2024,THURSDAY,UNDETERMINED,N,N,49.27301,-123.065413,Y,JANUARY,N,VANCOUVER,VANCOUVER,VANCOUVER,Y,N,N,LOWER MAINLAND,CHARLES ST # 001900 TO 001929,CHARLES ST,CHARLES ST,18:00-20:59,1,0
N,PROPERTY DAMAGE ONLY,\N,N,2024,THURSDAY,UNDETERMINED,N,N,49.2734,-122.964258,Y,JANUARY,N,BURNABY,BURNABY,BURNABY,Y,N,N,LOWER MAINLAND,AUBREY ST # 006700 TO 006739,AUBREY ST,AUBREY ST,18:00-20:59,1,0
N,PROPERTY DAMAGE ONLY,\N,N,2024,THURSDAY,UNDETERMINED,N,N,49.275312,-123.069538,Y,JANUARY,N,VANCOUVER,VANCOUVER,VANCOUVER,N,N,N,LOWER MAINLAND,COMMERCIAL DR # 001000 TO 001099,COMMERCIAL DR,COMMERCIAL DR,18:00-20:59,1,0
N,PROPERTY DAMAGE ONLY,\N,N,2024,THURSDAY,UNDETERMINED,N,N,49.27645,-123.071432,Y,JANUARY,N,VANCOUVER,VANCOUVER,VANCOUVER,Y,Y,N,LOWER MAINLAND,COTTON DR # 000900 TO 001009,COTTON DR,COTTON DR,18:00-20:59,1,0
N,PROPERTY DAMAGE ONLY,\N,N,2024,THURSDAY,UNDETERMINED,N,N,49.277063,-122.800243,Y,JANUARY,N,COQUITLAM,COQUITLAM,COQUITLAM,Y,Y,N,LOWER MAINLAND,BARNET HWY # 002901 TO 002929 odd,BARNET HWY,BARNET HWY,18:00-20:59,1,0
N,PROPERTY DAMAGE ONLY,\N,N,2024,THURSDAY,UNDETERMINED,N,N,49.278266,-123.034898,Y,JANUARY,N,VANCOUVER,VANCOUVER,VANCOUVER,Y,N,N,LOWER MAINLAND,E GEORGIA ST # 003200 TO 003299,E GEORGIA ST,E GEORGIA ST,18:00-20:59,1,0
N,PROPERTY DAMAGE ONLY,\N,N,2024,THURSDAY,UNDETERMINED,N,N,49.28056,-123.135223,Y,JANUARY,N,VANCOUVER,VANCOUVER,VANCOUVER,N,N,N,LOWER MAINLAND,BUTE ST # 001311 TO 001328,BUTE ST,BUTE ST,18:00-20:59,1,0
N,PROPERTY DAMAGE ONLY,\N,N,2024,THURSDAY,UNDETERMINED,N,N,49.283369,-122.992005,Y,JANUARY,N,BURNABY,BURNABY,BURNABY,Y,N,N,LOWER MAINLAND,DELTA AVE # 000100 TO 000155,DELTA AVE,DELTA AVE,18:00-20:59,1,0
N,PROPERTY DAMAGE ONLY,\N,N,2024,THURSDAY,UNDETERMINED,N,N,49.285286,-123.125903,Y,JANUARY,N,VANCOUVER,VANCOUVER,VANCOUVER,N,N,N,LOWER MAINLAND,ROBSON ST # 001100 TO 001199,ROBSON ST,ROBSON ST,18:00-20:59,1,0
N,PROPERTY DAMAGE ONLY,\N,N,2024,THURSDAY,UNDETERMINED,N,N,49.301131,-117.637141,Y,JANUARY,N,OOTISCHENIA,OOTISCHENIA,OOTISCHENIA,Y,Y,N,SOUTHERN INTERIOR,HALL RD # 000100 TO 000132 even,HALL RD,HALL RD,18:00-20:59,1,0
N,PROPERTY DAMAGE ONLY,\N,N,2024,THURSDAY,UNDETERMINED,N,N,49.308141,-123.069361,Y,JANUARY,N,NORTH VANCOUVER,NORTH VANCOUVER,NORTH VANCOUVER,Y,N,N,LOWER MAINLAND,ST PATRICKS AVE # 000100 TO 000151,ST PATRICKS AVE,ST PATRICKS AVE,18:00-20:59,1,0
N,PROPERTY DAMAGE ONLY,\N,N,2024,THURSDAY,UNDETERMINED,N,N,49.311965,-117.659758,Y,JANUARY,N,CASTLEGAR,CASTLEGAR,CASTLEGAR,Y,N,N,SOUTHERN INTERIOR,7TH AVE # 001100 TO 001129,7TH AVE,7TH AVE,18:00-20:59,1,0
N,PROPERTY DAMAGE ONLY,\N,N,2024,THURSDAY,UNDETERMINED,N,N,49.312542,-123.064518,Y,JANUARY,N,NORTH VANCOUVER,NORTH VANCOUVER,NORTH VANCOUVER,Y,N,N,LOWER MAINLAND,E 7TH ST # 000400 TO 000499,E 7TH ST,E 7TH ST,18:00-20:59,1,0
N,PROPERTY DAMAGE ONLY,\N,N,2024,THURSDAY,UNDETERMINED,N,N,49.325809,-123.139912,Y,JANUARY,N,WEST VANCOUVER,WEST VANCOUVER,WEST VANCOUVER,N,Y,N,LOWER MAINLAND,PARK ROYAL SOUTH # 001131 TO 003000,PARK ROYAL SOUTH,PARK ROYAL SOUTH,18:00-20:59,1,0
N,PROPERTY DAMAGE ONLY,\N,N,2024,THURSDAY,UNDETERMINED,N,N,49.326336,-123.136357,Y,JANUARY,N,WEST VANCOUVER,WEST VANCOUVER,WEST VANCOUVER,N,N,N,LOWER MAINLAND,MAIN ST # 000700 TO 000754,MAIN ST,MAIN ST,18:00-20:59,1,0
N,PROPERTY DAMAGE ONLY,\N,N,2024,THURSDAY,UNDETERMINED,N,N,49.336009,-123.037832,Y,JANUARY,N,NORTH VANCOUVER,NORTH VANCOUVER,NORTH VANCOUVER,N,Y,N,LOWER MAINLAND,MOUNTAIN HWY # 002980 TO 002999,MOUNTAIN HWY,MOUNTAIN HWY,18:00-20:59,1,0
N,PROPERTY DAMAGE ONLY,\N,N,2024,THURSDAY,UNDETERMINED,N,N,49.357154,-123.09532,Y,JANUARY,N,NORTH VANCOUVER,NORTH VANCOUVER,NORTH VANCOUVER,Y,N,N,LOWER MAINLAND,CANYON BLVD # 000900 TO 000960,CANYON BLVD,CANYON BLVD,18:00-20:59,1,0
N,PROPERTY DAMAGE ONLY,\N,N,2024,THURSDAY,UNDETERMINED,N,N,49.394655,-123.200257,Y,JANUARY,N,WEST VANCOUVER,WEST VANCOUVER,WEST VANCOUVER,Y,Y,N,LOWER MAINLAND,CYPRESS BOWL RD # 005535 TO 008500,CYPRESS BOWL RD,CYPRESS BOWL RD,18:00-20:59,1,0
N,PROPERTY DAMAGE ONLY,\N,N,2024,THURSDAY,UNDETERMINED,N,N,49.984234,-125.233108,Y,JANUARY,N,CAMPBELL RIVER,CAMPBELL RIVER,CAMPBELL RIVER,Y,N,N,VANCOUVER ISLAND,ROCKLAND RD # 000300 TO 000399,ROCKLAND RD,ROCKLAND RD,18:00-20:59,1,0
N,PROPERTY DAMAGE ONLY,\N,N,2024,THURSDAY,UNDETERMINED,N,N,53.911321,-122.754398,Y,JANUARY,N,PRINCE GEORGE,PRINCE GEORGE,PRINCE GEORGE,N,N,N,NORTH CENTRAL,VICTORIA ST # 001100 TO 001199,HWY 16,HWY 16,18:00-20:59,1,0
N,PROPERTY DAMAGE ONLY,\N,N,2024,THURSDAY,UNDETERMINED,Y,N,\N,\N,N,JANUARY,N,DELTA,DELTA,\N,N,N,N,LOWER MAINLAND,UNKNOWN,HOPCOTT RD,HOPCOTT RD,18:00-20:59,1,0
N,PROPERTY DAMAGE ONLY,\N,N,2024,THURSDAY,UNDETERMINED,Y,N,\N,\N,N,JANUARY,N,UNKNOWN,UNKNOWN,\N,N,N,N,UNKNOWN,UNKNOWN,HWY 3B,HWY 3B,18:00-20:59,1,0
N,PROPERTY DAMAGE ONLY,100 AVE,N,2024,THURSDAY,REAR END,N,Y,49.184367,-122.778648,N,JANUARY,N,SURREY,SURREY,SURREY,N,N,N,LOWER MAINLAND,100 AVE & 160 ST,160 ST,160 ST,18:00-20:59,1,0
N,PROPERTY DAMAGE ONLY,100 ST,N,2024,THURSDAY,SIDE IMPACT,N,Y,56.246461,-120.847486,N,JANUARY,N,FORT ST. JOHN,FORT ST. JOHN,FORT ST. JOHN,N,N,N,NORTH CENTRAL,100 AVE & 100 ST,100 AVE,100 AVE,18:00-20:59,1,0
N,PROPERTY DAMAGE ONLY,102 AVE,N,2024,THURSDAY,UNDETERMINED,N,Y,49.188019,-122.867704,N,JANUARY,N,SURREY,SURREY,SURREY,N,N,N,LOWER MAINLAND,102 AVE & 128 ST,128 ST,128 ST,18:00-20:59,1,0
N,PROPERTY DAMAGE ONLY,104 AVE,N,2024,THURSDAY,SINGLE VEHICLE,N,Y,49.191492,-122.806447,N,JANUARY,N,SURREY,SURREY,SURREY,N,N,N,LOWER MAINLAND,104 AVE & 150 ST,150 ST,150 ST,18:00-20:59,1,0
N,PROPERTY DAMAGE ONLY,104 AVE,N,2024,THURSDAY,SINGLE VEHICLE,N,Y,49.191498,-122.800899,N,JANUARY,N,SURREY,SURREY,SURREY,N,Y,N,LOWER MAINLAND,104 AVE & 152 ST,152 ST,152 ST,18:00-20:59,1,0
N,PROPERTY DAMAGE ONLY,119 AVE,N,2024,THURSDAY,SIDE IMPACT,N,Y,49.218585,-122.601721,N,JANUARY,N,MAPLE RIDGE,MAPLE RIDGE,MAPLE RIDGE,Y,N,N,LOWER MAINLAND,119 AVE & 224 ST,224 ST,224 ST,18:00-20:59,1,0
N,PROPERTY DAMAGE ONLY,128 AVE,N,2024,THURSDAY,SINGLE VEHICLE,N,Y,49.234916,-122.557256,N,JANUARY,N,MAPLE RIDGE,MAPLE RIDGE,MAPLE RIDGE,N,Y,N,LOWER MAINLAND,128 AVE & 240 ST & FERN CRES,FERN CRES,FERN CRES,18:00-20:59,1,0
N,PROPERTY DAMAGE ONLY,12TH AVE,N,2024,THURSDAY,REAR END,N,Y,49.220505,-122.929546,N,JANUARY,N,BURNABY,BURNABY,BURNABY,N,N,N,LOWER MAINLAND,12TH AVE & 6TH ST,6TH ST,6TH ST,18:00-20:59,2,0
N,PROPERTY DAMAGE ONLY,134 ST,N,2024,THURSDAY,CONFLICTED,N,Y,49.146286,-122.851263,N,JANUARY,N,SURREY,SURREY,SURREY,Y,N,N,LOWER MAINLAND,134 ST & 79 AVE,79 AVE,79 AVE,18:00-20:59,1,0
N,PROPERTY DAMAGE ONLY,13TH AVE,N,2024,THURSDAY,SINGLE VEHICLE,N,Y,49.219136,-122.934451,N,JANUARY,N,BURNABY,BURNABY,BURNABY,N,N,N,LOWER MAINLAND,13TH AVE & CANADA WAY,CANADA WAY,CANADA WAY,18:00-20:59,1,0
N,PROPERTY DAMAGE ONLY,152 ST,N,2024,THURSDAY,UNDETERMINED,N,Y,49.166096,-122.801369,N,JANUARY,N,SURREY,SURREY,SURREY,Y,Y,N,LOWER MAINLAND,152 ST & FRASER HWY & TURNING LANE,FRASER HWY,FRASER HWY,18:00-20:59,1,0
N,PROPERTY DAMAGE ONLY,17TH ST,N,2024,THURSDAY,SIDE SWIPE - OPPOSITE DIRECTION,N,Y,49.684178,-124.990381,N,JANUARY,N,COURTENAY,COURTENAY,COURTENAY,N,N,N,VANCOUVER ISLAND,17TH ST & CLIFFE AVE & TURNING LANE,CLIFFE AVE,CLIFFE AVE,18:00-20:59,1,0
N,PROPERTY DAMAGE ONLY,197 ST,N,2024,THURSDAY,REAR END,N,Y,49.119056,-122.676986,N,JANUARY,N,LANGLEY,LANGLEY,LANGLEY,N,N,N,LOWER MAINLAND,197 ST & 64 AVE,64 AVE,64 AVE,18:00-20:59,1,0
N,PROPERTY DAMAGE ONLY,198 ST,N,2024,THURSDAY,SIDE IMPACT,N,Y,49.116785,-122.674712,N,JANUARY,N,LANGLEY,LANGLEY,LANGLEY,N,N,N,LOWER MAINLAND,198 ST & WILLOWBROOK DR & MALL ACCESS,WILLOWBROOK DR,WILLOWBROOK DR,18:00-20:59,1,0
N,PROPERTY DAMAGE ONLY,228 ST,N,2024,THURSDAY,CONFLICTED,N,Y,49.215886,-122.590316,N,JANUARY,N,MAPLE RIDGE,MAPLE RIDGE,MAPLE RIDGE,N,N,N,LOWER MAINLAND,228 ST & LOUGHEED HWY & RITCHIE AVE & TURNING LANE,LOUGHEED HWY,LOUGHEED HWY,18:00-20:59,1,0
N,PROPERTY DAMAGE ONLY,2ND ST,N,2024,THURSDAY,SINGLE VEHICLE,N,Y,49.222306,-122.921408,N,JANUARY,N,BURNABY,BURNABY,BURNABY & NEW WESTMINSTER,N,N,N,LOWER MAINLAND,10TH AVE & 2ND ST & SECOND ST & TENTH AVE,10TH AVE,10TH AVE,18:00-20:59,1,0
N,PROPERTY DAMAGE ONLY,46 ST,N,2024,THURSDAY,HEAD ON,N,N,\N,\N,N,JANUARY,N,SURREY,SURREY,\N,Y,Y,N,LOWER MAINLAND,UNKNOWN,104 AVE,104 AVE,18:00-20:59,1,0
N,PROPERTY DAMAGE ONLY,49TH NW,N,2024,THURSDAY,UNDETERMINED,N,N,\N,\N,N,JANUARY,N,UNKNOWN,UNKNOWN,\N,N,N,N,UNKNOWN,UNKNOWN,MAIVS,MAIVS,18:00-20:59,1,0
N,PROPERTY DAMAGE ONLY,64 AVE,N,2024,THURSDAY,REAR END,N,Y,49.119069,-122.801005,N,JANUARY,N,SURREY,SURREY,SURREY,N,N,N,LOWER MAINLAND,152 ST & 64 AVE,152 ST,152 ST,18:00-20:59,1,0
N,PROPERTY DAMAGE ONLY,68A AVE,N,2024,THURSDAY,SIDE IMPACT,N,Y,49.127249,-122.734805,N,JANUARY,N,SURREY,SURREY,SURREY,N,N,N,LOWER MAINLAND,176 ST & 68A AVE & TURNING LANE,176 ST,176 ST,18:00-20:59,1,0
N,PROPERTY DAMAGE ONLY,6TH ST,N,2024,THURSDAY,REAR END,N,Y,49.224461,-122.934521,N,JANUARY,N,BURNABY,BURNABY,BURNABY,N,N,N,LOWER MAINLAND,17TH AVE & 6TH ST,17TH AVE,17TH AVE,18:00-20:59,1,0
N,PROPERTY DAMAGE ONLY,72 AVE,N,2024,THURSDAY,HEAD ON,N,Y,49.133611,-122.851123,N,JANUARY,N,SURREY,SURREY,SURREY,N,N,N,LOWER MAINLAND,134 ST & 72 AVE & COMBER WAY,134 ST,134 ST,18:00-20:59,1,0
N,PROPERTY DAMAGE ONLY,76 AVE,N,2024,THURSDAY,REAR END,N,Y,49.141025,-122.867918,N,JANUARY,N,SURREY,SURREY,SURREY,N,N,N,LOWER MAINLAND,128 ST & 76 AVE,128 ST,128 ST,18:00-20:59,1,0
N,PROPERTY DAMAGE ONLY,76 AVE,N,2024,THURSDAY,UNDETERMINED,N,Y,49.140852,-122.845634,N,JANUARY,N,SURREY,SURREY,SURREY,Y,Y,N,LOWER MAINLAND,76 AVE & KING GEORGE BLVD & TURNING LANE,KING GEORGE BLVD,KING GEORGE BLVD,18:00-20:59,1,0
N,PROPERTY DAMAGE ONLY,79 AVE,N,2024,THURSDAY,REAR END,N,Y,49.146112,-122.823411,N,JANUARY,N,SURREY,SURREY,SURREY,N,N,N,LOWER MAINLAND,144 ST & 79 AVE,144 ST,144 ST,18:00-20:59,1,0
N,PROPERTY DAMAGE ONLY,7TH ST,N,2024,THURSDAY,MULTIPLE IMPACTS,N,Y,49.220194,-122.932479,N,JANUARY,N,BURNABY,BURNABY,BURNABY,N,N,N,LOWER MAINLAND,13TH AVE & 7TH ST,13TH AVE,13TH AVE,18:00-20:59,1,0
N,PROPERTY DAMAGE ONLY,80 AVE,N,2024,THURSDAY,SINGLE VEHICLE,N,Y,49.1486,-122.890378,N,JANUARY,N,DELTA,DELTA,DELTA & SURREY,N,Y,N,LOWER MAINLAND,120 ST & 80 AVE,120 ST,120 ST,18:00-20:59,1,0
N,PROPERTY DAMAGE ONLY,84 AVE,N,2024,THURSDAY,SIDE IMPACT,N,Y,49.15535,-122.868017,N,JANUARY,N,SURREY,SURREY,SURREY,N,N,N,LOWER MAINLAND,128 ST & 84 AVE,128 ST,128 ST,18:00-20:59,1,0
N,PROPERTY DAMAGE ONLY,84 AVE,N,2024,THURSDAY,SINGLE VEHICLE,N,Y,49.15545,-122.765618,N,JANUARY,N,SURREY,SURREY,SURREY,N,N,N,LOWER MAINLAND,165 ST & 84 AVE & FRASER HWY,165 ST,165 ST,18:00-20:59,1,0
N,PROPERTY DAMAGE ONLY,87 AVE,N,2024,THURSDAY,SINGLE VEHICLE,N,Y,49.160922,-122.645756,N,JANUARY,N,LANGLEY,LANGLEY,LANGLEY,N,N,N,LOWER MAINLAND,208 ST & 87 AVE & TURNING LANE,208 ST,208 ST,18:00-20:59,1,0
N,PROPERTY DAMAGE ONLY,8TH AVENUE,N,2024,THURSDAY,SIDE IMPACT,N,N,\N,\N,N,JANUARY,N,VANCOUVER,VANCOUVER,\N,Y,N,N,LOWER MAINLAND,UNKNOWN,ALDER STREET,ALDER STREET,18:00-20:59,1,0
N,PROPERTY DAMAGE ONLY,96 AVE,N,2024,THURSDAY,UNDETERMINED,N,Y,49.177155,-122.867999,N,JANUARY,N,SURREY,SURREY,SURREY,N,N,N,LOWER MAINLAND,128 ST & 96 AVE,128 ST,128 ST,18:00-20:59,1,0
N,PROPERTY DAMAGE ONLY,96 AVE,N,2024,THURSDAY,UNDETERMINED,Y,Y,49.177002,-122.825036,N,JANUARY,N,SURREY,SURREY,SURREY,N,N,N,LOWER MAINLAND,96 AVE & GREEN TIMBERS WAY,GREEN TIMBERS WAY,GREEN TIMBERS WAY,18:00-20:59,1,0
N,PROPERTY DAMAGE ONLY,AIRPORT WAY,N,2024,THURSDAY,SINGLE VEHICLE,N,Y,49.208077,-122.689751,N,JANUARY,N,PITT MEADOWS,PITT MEADOWS,PITT MEADOWS,N,N,N,LOWER MAINLAND,AIRPORT WAY & HARRIS RD,HARRIS RD,HARRIS RD,18:00-20:59,1,0
N,PROPERTY DAMAGE ONLY,ALBERTA RD,N,2024,THURSDAY,SIDE IMPACT,N,Y,49.165727,-123.114017,N,JANUARY,N,RICHMOND,RICHMOND,RICHMOND,Y,N,N,LOWER MAINLAND,ALBERTA RD & NO 4 RD,NO 4 RD,NO 4 RD,18:00-20:59,1,0
N,PROPERTY DAMAGE ONLY,ALBERTA RD,N,2024,THURSDAY,UNDETERMINED,N,Y,49.165727,-123.114017,N,JANUARY,N,RICHMOND,RICHMOND,RICHMOND,N,N,N,LOWER MAINLAND,ALBERTA RD & NO 4 RD,NO 4 RD,NO 4 RD,18:00-20:59,1,0
N,PROPERTY DAMAGE ONLY,ALDER ST,N,2024,THURSDAY,SIDE IMPACT,N,Y,49.265231,-123.131283,N,JANUARY,N,VANCOUVER,VANCOUVER,VANCOUVER,Y,N,N,LOWER MAINLAND,ALDER ST & W 7TH AVE,W 7TH AVE,W 7TH AVE,18:00-20:59,1,0
N,PROPERTY DAMAGE ONLY,ALDER ST,N,2024,THURSDAY,SIDE IMPACT,N,Y,49.307441,-123.070074,N,JANUARY,N,NORTH VANCOUVER,NORTH VANCOUVER,NORTH VANCOUVER,Y,N,N,LOWER MAINLAND,ALDER ST & ST PATRICKS AVE,ST PATRICKS AVE,ST PATRICKS AVE,18:00-20:59,1,0
N,PROPERTY DAMAGE ONLY,ALDERSON AVE,N,2024,THURSDAY,REAR END,N,Y,49.239748,-122.879673,N,JANUARY,N,COQUITLAM,COQUITLAM,COQUITLAM,N,N,N,LOWER MAINLAND,ALDERSON AVE & ALLISON ST,ALLISON ST,ALLISON ST,18:00-20:59,1,0
N,PROPERTY DAMAGE ONLY,ALLISON ST,N,2024,THURSDAY,MULTIPLE IMPACTS,N,Y,49.240699,-122.879627,N,JANUARY,N,COQUITLAM,COQUITLAM,COQUITLAM,N,N,N,LOWER MAINLAND,ALLISON ST & QUADLING AVE,QUADLING AVE,QUADLING AVE,18:00-20:59,1,0
N,PROPERTY DAMAGE ONLY,ALPHA AVE,N,2024,THURSDAY,SINGLE VEHICLE,N,Y,49.264466,-123.000388,N,JANUARY,N,BURNABY,BURNABY,BURNABY,N,N,N,LOWER MAINLAND,ALPHA AVE & DAWSON ST,DAWSON ST,DAWSON ST,18:00-20:59,1,0
N,PROPERTY DAMAGE ONLY,ALPHA WAY,N,2024,THURSDAY,REAR END,N,Y,49.266367,-123.000386,N,JANUARY,N,BURNABY,BURNABY,BURNABY,N,N,N,LOWER MAINLAND,ALPHA AVE & ALPHA WAY & LOUGHEED HWY,LOUGHEED HWY,LOUGHEED HWY,18:00-20:59,2,0
N,PROPERTY DAMAGE ONLY,ANDERSON COVE RD,N,2024,THURSDAY,SIDE SWIPE - OPPOSITE DIRECTION,N,Y,48.361423,-123.663174,N,JANUARY,N,EAST SOOKE,EAST SOOKE,EAST SOOKE,Y,N,N,VANCOUVER ISLAND,ANDERSON COVE RD & EAST SOOKE RD,EAST SOOKE RD,EAST SOOKE RD,18:00-20:59,1,0
N,PROPERTY DAMAGE ONLY,ARBUTUS ST,N,2024,THURSDAY,UNDETERMINED,N,Y,49.257288,-123.152709,N,JANUARY,N,VANCOUVER,VANCOUVER,VANCOUVER,N,N,N,LOWER MAINLAND,ARBUTUS GREENWAY & ARBUTUS ST & EAST BOULEVARD & W 16TH AVE,W 16TH AVE,W 16TH AVE,18:00-20:59,1,0
N,PROPERTY DAMAGE ONLY,ASH ST,N,2024,THURSDAY,CONFLICTED,N,Y,49.209373,-123.118961,N,JANUARY,N,VANCOUVER,VANCOUVER,VANCOUVER,N,N,N,LOWER MAINLAND,ASH ST & SW MARINE DR,SW MARINE DR,SW MARINE DR,18:00-20:59,1,0
N,PROPERTY DAMAGE ONLY,ASH ST,N,2024,THURSDAY,HEAD ON,N,Y,49.212378,-123.120197,N,JANUARY,N,VANCOUVER,VANCOUVER,VANCOUVER,N,N,N,LOWER MAINLAND,ASH ST & W 64TH AVE,W 64TH AVE,W 64TH AVE,18:00-20:59,1,0
N,PROPERTY DAMAGE ONLY,ASH ST,N,2024,THURSDAY,SINGLE VEHICLE,N,Y,49.213292,-123.120168,N,JANUARY,N,VANCOUVER,VANCOUVER,VANCOUVER,N,N,N,LOWER MAINLAND,ASH ST & W 63RD AVE,W 63RD AVE,W 63RD AVE,18:00-20:59,1,0
N,PROPERTY DAMAGE ONLY,AUCHINACHIE RD,N,2024,THURSDAY,SINGLE VEHICLE,N,Y,48.795757,-123.736411,N,JANUARY,N,DUNCAN,DUNCAN,DUNCAN,N,N,N,VANCOUVER ISLAND,AUCHINACHIE RD & SOMENOS RD,SOMENOS RD,SOMENOS RD,18:00-20:59,1,0
N,PROPERTY DAMAGE ONLY,AVIATION AVE,N,2024,THURSDAY,SIDE SWIPE - OPPOSITE DIRECTION,N,Y,49.193729,-123.166714,N,JANUARY,N,RICHMOND,RICHMOND,RICHMOND,N,N,N,LOWER MAINLAND,AVIATION AVE & NORTH SERVICE RD & TURNING LANE,NORTH SERVICE RD,NORTH SERVICE RD,18:00-20:59,1,0
N,PROPERTY DAMAGE ONLY,BALACLAVA ST,N,2024,THURSDAY,SINGLE VEHICLE,N,Y,49.234751,-123.176728,N,JANUARY,N,VANCOUVER,VANCOUVER,VANCOUVER,N,N,N,LOWER MAINLAND,BALACLAVA ST & W 41ST AVE,W 41ST AVE,W 41ST AVE,18:00-20:59,1,0
N,PROPERTY DAMAGE ONLY,BEACH AVE,N,2024,THURSDAY,REAR END,N,Y,49.27473,-123.131812,N,JANUARY,N,VANCOUVER,VANCOUVER,VANCOUVER,N,N,N,LOWER MAINLAND,BEACH AVE & HOWE ST,HOWE ST,HOWE ST,18:00-20:59,1,0
N,PROPERTY DAMAGE ONLY,BEACH AVE,N,2024,THURSDAY,SINGLE VEHICLE,N,Y,49.27473,-123.131812,N,JANUARY,N,VANCOUVER,VANCOUVER,VANCOUVER,N,N,N,LOWER MAINLAND,BEACH AVE & HOWE ST,HOWE ST,HOWE ST,18:00-20:59,1,0
N,PROPERTY DAMAGE ONLY,BELAIRE ST,N,2024,THURSDAY,SINGLE VEHICLE,N,Y,48.98688,-123.815586,N,JANUARY,N,LADYSMITH,LADYSMITH,LADYSMITH,N,N,N,VANCOUVER ISLAND,4TH AVE EXTENSION & BELAIRE ST,4TH AVE EXTEN,4TH AVE EXTEN,18:00-20:59,1,0
N,PROPERTY DAMAGE ONLY,BERESFORD ST,N,2024,THURSDAY,REAR END,N,Y,49.216766,-122.960988,N,JANUARY,N,BURNABY,BURNABY,BURNABY,N,N,N,LOWER MAINLAND,BERESFORD ST & GRIFFITHS DR,GRIFFITHS DR,GRIFFITHS DR,18:00-20:59,1,0
N,PROPERTY DAMAGE ONLY,BERNATCHEY ST,N,2024,THURSDAY,REAR END,N,Y,49.235393,-122.875852,N,JANUARY,N,COQUITLAM,COQUITLAM,COQUITLAM,N,N,N,LOWER MAINLAND,BERNATCHEY ST & BRUNETTE AVE,BRUNETTE AVE,BRUNETTE AVE,18:00-20:59,1,0
N,PROPERTY DAMAGE ONLY,BLANSHARD ST,N,2024,THURSDAY,REAR END,N,Y,48.445569,-123.366493,N,JANUARY,N,VICTORIA,VICTORIA,VICTORIA,N,N,N,VANCOUVER ISLAND,BLANSHARD ST & FINLAYSON ST & TURNING LANE,FINLAYSON ST,FINLAYSON ST,18:00-20:59,1,0
N,PROPERTY DAMAGE ONLY,BLUNDELL RD,N,2024,THURSDAY,REAR END,N,Y,49.155492,-123.114104,N,JANUARY,N,RICHMOND,RICHMOND,RICHMOND,N,N,N,LOWER MAINLAND,BLUNDELL RD & NO 4 RD,NO 4 RD,NO 4 RD,18:00-20:59,1,0
N,PROPERTY DAMAGE ONLY,BLUNDELL RD,N,2024,THURSDAY,SIDE IMPACT,N,Y,49.155579,-123.15893,N,JANUARY,N,RICHMOND,RICHMOND,RICHMOND,N,N,N,LOWER MAINLAND,BLUNDELL RD & NO 2 RD,NO 2 RD,NO 2 RD,18:00-20:59,1,0
N,PROPERTY DAMAGE ONLY,BOUNDARY RD,N,2024,THURSDAY,CONFLICTED,N,Y,49.221948,-123.023697,N,JANUARY,N,BURNABY,BURNABY,BURNABY & VANCOUVER,N,N,N,LOWER MAINLAND,BOUNDARY RD & E 49TH AVE & IMPERIAL ST & TURNING LANE,IMPERIAL ST,IMPERIAL ST,18:00-20:59,1,0
N,PROPERTY DAMAGE ONLY,BOUNDARY RD,N,2024,THURSDAY,REAR END,N,Y,49.221948,-123.023697,N,JANUARY,N,BURNABY,BURNABY,BURNABY & VANCOUVER,N,N,N,LOWER MAINLAND,BOUNDARY RD & E 49TH AVE & IMPERIAL ST & TURNING LANE,IMPERIAL ST,IMPERIAL ST,18:00-20:59,2,0
N,PROPERTY DAMAGE ONLY,BOUNDARY RD,N,2024,THURSDAY,REAR END,N,Y,49.280231,-123.023511,N,JANUARY,N,BURNABY,BURNABY,BURNABY & VANCOUVER,N,N,N,LOWER MAINLAND,BOUNDARY RD & E PENDER ST & PENDER ST,E PENDER ST,E PENDER ST,18:00-20:59,1,0
N,PROPERTY DAMAGE ONLY,BOYD ST,N,2024,THURSDAY,REAR END,N,Y,49.190086,-122.948533,N,JANUARY,N,NEW WESTMINSTER,NEW WESTMINSTER,NEW WESTMINSTER,N,N,N,LOWER MAINLAND,BOYD ST & HOWES ST & TURNING LANE,HOWES ST,HOWES ST,18:00-20:59,1,0
N,PROPERTY DAMAGE ONLY,BRANDON ST,N,2024,THURSDAY,SINGLE VEHICLE,N,Y,49.238783,-123.019844,N,JANUARY,N,BURNABY,BURNABY,BURNABY,N,N,N,LOWER MAINLAND,BRANDON ST & SMITH AVE,SMITH AVE,SMITH AVE,18:00-20:59,1,0
N,PROPERTY DAMAGE ONLY,BRUNETTE AVE,N,2024,THURSDAY,REAR END,N,Y,49.23634,-122.873128,N,JANUARY,N,COQUITLAM,COQUITLAM,COQUITLAM,N,N,N,LOWER MAINLAND,BLUE MOUNTAIN ST & BRUNETTE AVE,BLUE MOUNTAIN ST,BLUE MOUNTAIN ST,18:00-20:59,1,0
N,PROPERTY DAMAGE ONLY,BRUNETTE AVE,N,2024,THURSDAY,SINGLE VEHICLE,N,Y,49.238192,-122.864947,N,JANUARY,N,COQUITLAM,COQUITLAM,COQUITLAM,N,N,N,LOWER MAINLAND,BRUNETTE AVE & NELSON ST,NELSON ST,NELSON ST,18:00-20:59,1,0
N,PROPERTY DAMAGE ONLY,BUCKLEY BAY RD,N,2024,THURSDAY,SINGLE VEHICLE,N,Y,49.524733,-124.860324,N,JANUARY,N,FANNY BAY,FANNY BAY,FANNY BAY,N,N,N,VANCOUVER ISLAND,BUCKLEY BAY RD & BUCKLEY BAY RD OFFRAMP & BUCKLEY BAY RD ONRAMP & INLAND ISLAND HWY & TURNING LANE,HWY 19,HWY 19,18:00-20:59,1,0
N,PROPERTY DAMAGE ONLY,BURNABY ST,N,2024,THURSDAY,CONFLICTED,N,Y,49.283741,-123.138562,N,JANUARY,N,VANCOUVER,VANCOUVER,VANCOUVER,N,N,N,LOWER MAINLAND,BURNABY ST & NICOLA ST,NICOLA ST,NICOLA ST,18:00-20:59,1,0
N,PROPERTY DAMAGE ONLY,BURNABY ST,N,2024,THURSDAY,UNDETERMINED,N,Y,49.283741,-123.138562,N,JANUARY,N,VANCOUVER,VANCOUVER,VANCOUVER,N,N,N,LOWER MAINLAND,BURNABY ST & NICOLA ST,NICOLA ST,NICOLA ST,18:00-20:59,1,0
N,PROPERTY DAMAGE ONLY,BURNWOOD DR,N,2024,THURSDAY,SIDE IMPACT,N,Y,49.268653,-122.946339,N,JANUARY,N,BURNABY,BURNABY,BURNABY,N,N,N,LOWER MAINLAND,BURNWOOD DR & HALIFAX ST & PHILLIPS AVE & WOODBROOK PL,WOODBROOK PL,WOODBROOK PL,18:00-20:59,1,0
N,PROPERTY DAMAGE ONLY,BUTE ST,N,2024,THURSDAY,SIDE IMPACT,N,Y,49.280742,-123.13495,N,JANUARY,N,VANCOUVER,VANCOUVER,VANCOUVER,Y,N,N,LOWER MAINLAND,BUTE ST & MAXINE LANE,MAXINE LANE,MAXINE LANE,18:00-20:59,1,0
N,PROPERTY DAMAGE ONLY,BUTE ST,N,2024,THURSDAY,SIDE IMPACT,N,Y,49.281071,-123.134457,N,JANUARY,N,VANCOUVER,VANCOUVER,VANCOUVER,Y,N,N,LOWER MAINLAND,BURNABY ST & BUTE ST,BURNABY ST,BURNABY ST,18:00-20:59,1,0
N,PROPERTY DAMAGE ONLY,CAMBIE RD,N,2024,THURSDAY,CONFLICTED,N,Y,49.184567,-123.091518,N,JANUARY,N,RICHMOND,RICHMOND,RICHMOND,N,N,N,LOWER MAINLAND,CAMBIE RD & NO 5 RD,NO 5 RD,NO 5 RD,18:00-20:59,1,0
N,PROPERTY DAMAGE ONLY,CAMBIE RD,N,2024,THURSDAY,REAR END,Y,Y,49.18457,-123.104639,N,JANUARY,N,RICHMOND,RICHMOND,RICHMOND,N,N,N,LOWER MAINLAND,CAMBIE RD & ST EDWARDS DR,ST EDWARDS DR,ST EDWARDS DR,18:00-20:59,1,0
N,PROPERTY DAMAGE ONLY,CAMBIE RD,N,2024,THURSDAY,SIDE IMPACT,N,Y,49.184677,-123.128143,N,JANUARY,N,RICHMOND,RICHMOND,RICHMOND,N,N,N,LOWER MAINLAND,CAMBIE RD & SEXSMITH RD,SEXSMITH RD,SEXSMITH RD,18:00-20:59,1,0
N,PROPERTY DAMAGE ONLY,CAMBIE ST,N,2024,THURSDAY,REAR END,N,Y,49.23354,-123.116194,N,JANUARY,N,VANCOUVER,VANCOUVER,VANCOUVER,N,N,N,LOWER MAINLAND,CAMBIE ST & W 41ST AVE,W 41ST AVE,W 41ST AVE,18:00-20:59,1,0
N,PROPERTY DAMAGE ONLY,CAMBIE ST,N,2024,THURSDAY,UNDETERMINED,N,Y,49.280488,-123.111556,N,JANUARY,N,VANCOUVER,VANCOUVER,VANCOUVER,Y,Y,N,LOWER MAINLAND,CAMBIE ST & DUNSMUIR ST,DUNSMUIR ST,DUNSMUIR ST,18:00-20:59,1,0
N,PROPERTY DAMAGE ONLY,CAMERON ST,N,2024,THURSDAY,REAR END,N,Y,49.253491,-122.904601,N,JANUARY,N,BURNABY,BURNABY,BURNABY,N,N,N,LOWER MAINLAND,BELL AVE & CAMERON ST & NOEL DR,BELL AVE,BELL AVE,18:00-20:59,2,0
N,PROPERTY DAMAGE ONLY,CAMERON ST,N,2024,THURSDAY,REAR END,N,Y,49.253491,-122.904601,N,JANUARY,N,BURNABY,BURNABY,BURNABY,N,N,N,LOWER MAINLAND,BELL AVE & CAMERON ST & NOEL DR,NOEL DR,NOEL DR,18:00-20:59,1,0
N,PROPERTY DAMAGE ONLY,CAMOSUN ST,N,2024,THURSDAY,CONFLICTED,N,Y,49.234777,-123.19622,N,JANUARY,N,UBC,UBC,UBC & VANCOUVER,Y,N,N,LOWER MAINLAND,CAMOSUN ST & SW MARINE DR & W 41ST AVE & TURNING LANE,SW MARINE DR,SW MARINE DR,18:00-20:59,1,0
N,PROPERTY DAMAGE ONLY,CANBERRA AVE,N,2024,THURSDAY,REAR TO REAR,N,Y,49.283623,-122.993324,N,JANUARY,N,BURNABY,BURNABY,BURNABY,Y,N,N,LOWER MAINLAND,CANBERRA AVE & TRIUMPH ST,TRIUMPH ST,TRIUMPH ST,18:00-20:59,1,0
N,PROPERTY DAMAGE ONLY,CAPSTAN WAY,N,2024,THURSDAY,CONFLICTED,N,Y,49.187769,-123.124771,N,JANUARY,N,RICHMOND,RICHMOND,RICHMOND,N,N,N,LOWER MAINLAND,CAPSTAN WAY & GARDEN CITY RD,GARDEN CITY RD,GARDEN CITY RD,18:00-20:59,1,0
N,PROPERTY DAMAGE ONLY,CARIBOO RD,N,2024,THURSDAY,REAR END,N,Y,49.246118,-122.914166,N,JANUARY,N,BURNABY,BURNABY,BURNABY,N,N,N,LOWER MAINLAND,CARIBOO RD & GAGLARDI WAY,GAGLARDI WAY,GAGLARDI WAY,18:00-20:59,1,0
N,PROPERTY DAMAGE ONLY,CARINA PL,N,2024,THURSDAY,MULTIPLE IMPACTS,N,Y,49.256936,-122.909717,N,JANUARY,N,BURNABY,BURNABY,BURNABY,N,N,N,LOWER MAINLAND,CARINA PL & CENTAURUS DR & MIRA PL,CENTAURUS DR,CENTAURUS DR,18:00-20:59,1,0
N,PROPERTY DAMAGE ONLY,CARLETON AVE,N,2024,THURSDAY,SINGLE VEHICLE,N,Y,49.272041,-123.012083,N,JANUARY,N,BURNABY,BURNABY,BURNABY,N,N,N,LOWER MAINLAND,CARLETON AVE & KITCHENER ST,KITCHENER ST,KITCHENER ST,18:00-20:59,1,0
N,PROPERTY DAMAGE ONLY,CARSON ST,N,2024,THURSDAY,REAR END,Y,Y,49.209394,-122.982986,N,JANUARY,N,BURNABY,BURNABY,BURNABY,Y,N,N,LOWER MAINLAND,CARSON ST & MACPHERSON AVE,MACPHERSON AVE,MACPHERSON AVE,18:00-20:59,1,0
N,PROPERTY DAMAGE ONLY,CARSON ST,N,2024,THURSDAY,UNDETERMINED,N,Y,49.209413,-122.988458,N,JANUARY,N,BURNABY,BURNABY,BURNABY,Y,N,N,LOWER MAINLAND,CARSON ST & ROYAL OAK AVE,ROYAL OAK AVE,ROYAL OAK AVE,18:00-20:59,1,0
N,PROPERTY DAMAGE ONLY,CENTENNIAL DR,N,2024,THURSDAY,SINGLE VEHICLE,N,Y,49.797343,-124.476375,N,JANUARY,N,POWELL RIVER,POWELL RIVER,POWELL RIVER,N,N,N,VANCOUVER ISLAND,CENTENNIAL DR & PADGETT RD,PADGETT RD,PADGETT RD,18:00-20:59,1,0
N,PROPERTY DAMAGE ONLY,CENTRAL BLVD,N,2024,THURSDAY,REAR END,N,Y,49.221944,-122.997217,N,JANUARY,N,BURNABY,BURNABY,BURNABY,N,N,N,LOWER MAINLAND,CENTRAL BLVD & IMPERIAL ST & WAVERLEY AVE & TURNING LANE,IMPERIAL ST,IMPERIAL ST,18:00-20:59,1,0
N,PROPERTY DAMAGE ONLY,CINNABAR DR,N,2024,THURSDAY,SINGLE VEHICLE,N,N,\N,\N,N,JANUARY,N,NANAIMO,NANAIMO,\N,N,N,N,VANCOUVER ISLAND,UNKNOWN,HWY 19,HWY 19,18:00-20:59,1,0
N,PROPERTY DAMAGE ONLY,CLARK DR,N,2024,THURSDAY,SIDE SWIPE - SAME DIRECTION,N,Y,49.251084,-123.077901,N,JANUARY,N,VANCOUVER,VANCOUVER,VANCOUVER,N,N,N,LOWER MAINLAND,CLARK DR & KINGSWAY,KINGSWAY,KINGSWAY,18:00-20:59,1,0
N,PROPERTY DAMAGE ONLY,CLINTON ST,N,2024,THURSDAY,REAR END,N,Y,49.212799,-123.012399,N,JANUARY,N,BURNABY,BURNABY,BURNABY,N,N,N,LOWER MAINLAND,CLINTON ST & PATTERSON AVE,PATTERSON AVE,PATTERSON AVE,18:00-20:59,1,0
N,PROPERTY DAMAGE ONLY,COCHRANE AVE,N,2024,THURSDAY,SINGLE VEHICLE,N,Y,49.251981,-122.887171,N,JANUARY,N,COQUITLAM,COQUITLAM,COQUITLAM,N,N,N,LOWER MAINLAND,COCHRANE AVE & DENTON ST,DENTON ST,DENTON ST,18:00-20:59,1,0
N,PROPERTY DAMAGE ONLY,COLUMBIA ST,N,2024,THURSDAY,REAR END,N,Y,49.260337,-123.109558,N,JANUARY,N,VANCOUVER,VANCOUVER,VANCOUVER,N,N,N,LOWER MAINLAND,COLUMBIA ST & W 12TH AVE,W 12TH AVE,W 12TH AVE,18:00-20:59,1,0
N,PROPERTY DAMAGE ONLY,CORNETT RD,N,2024,THURSDAY,REAR END,N,Y,49.261181,-123.028505,N,JANUARY,N,VANCOUVER,VANCOUVER,VANCOUVER,N,N,N,LOWER MAINLAND,CORNETT RD & SKEENA ST,SKEENA ST,SKEENA ST,18:00-20:59,1,0
N,PROPERTY DAMAGE ONLY,CURLING RD,N,2024,THURSDAY,SINGLE VEHICLE,N,Y,49.325219,-123.121453,N,JANUARY,N,NORTH VANCOUVER,NORTH VANCOUVER,NORTH VANCOUVER,N,N,N,LOWER MAINLAND,CAPILANO RD & CURLING RD,CAPILANO RD,CAPILANO RD,18:00-20:59,1,0
N,PROPERTY DAMAGE ONLY,DAVIE ST,N,2024,THURSDAY,SIDE IMPACT,N,Y,49.283711,-123.136303,N,JANUARY,N,VANCOUVER,VANCOUVER,VANCOUVER,Y,N,N,LOWER MAINLAND,BROUGHTON ST & DAVIE ST,BROUGHTON ST,BROUGHTON ST,18:00-20:59,1,0
N,PROPERTY DAMAGE ONLY,DELESTRE AVE,N,2024,THURSDAY,UNDETERMINED,N,Y,49.24172,-122.862259,N,JANUARY,N,COQUITLAM,COQUITLAM,COQUITLAM,N,N,N,LOWER MAINLAND,DELESTRE AVE & MARMONT ST,MARMONT ST,MARMONT ST,18:00-20:59,1,0
N,PROPERTY DAMAGE ONLY,DELOUME RD,N,2024,THURSDAY,REAR END,N,Y,48.652506,-123.56007,N,JANUARY,N,MILL BAY,MILL BAY,MILL BAY,N,N,N,VANCOUVER ISLAND,BARRY RD & DELOUME RD & TRANS-CANADA HWY & TURNING LANE,TRANS-CANADA HWY,TRANS-CANADA HWY,18:00-20:59,1,0
N,PROPERTY DAMAGE ONLY,DOUGLAS AVE,N,2024,THURSDAY,REAR END,N,Y,49.228661,-122.629246,N,JANUARY,N,MAPLE RIDGE,MAPLE RIDGE,MAPLE RIDGE,N,N,N,LOWER MAINLAND,CARLTON ST & DOUGLAS AVE,CARLTON ST,CARLTON ST,18:00-20:59,1,0
N,PROPERTY DAMAGE ONLY,DRINKWATER RD,N,2024,THURSDAY,REAR END,N,Y,48.803132,-123.716474,N,JANUARY,N,DUNCAN,DUNCAN,DUNCAN,N,N,N,VANCOUVER ISLAND,BELL MCKINNON RD & DRINKWATER RD & TRANS-CANADA HWY & TURNING LANE,TRANS-CANADA HWY,TRANS-CANADA HWY,18:00-20:59,1,0
N,PROPERTY DAMAGE ONLY,DUNDAS ST,N,2024,THURSDAY,CONFLICTED,N,Y,49.284398,-122.984917,N,JANUARY,N,BURNABY,BURNABY,BURNABY,Y,N,N,LOWER MAINLAND,DUNDAS ST & GROSVENOR AVE & N GROSVENOR AVE,GROSVENOR AVE,GROSVENOR AVE,18:00-20:59,1,0
N,PROPERTY DAMAGE ONLY,DUNSMUIR ST,N,2024,THURSDAY,SIDE SWIPE - SAME DIRECTION,Y,Y,49.283633,-123.116387,N,JANUARY,N,VANCOUVER,VANCOUVER,VANCOUVER,Y,N,N,LOWER MAINLAND,DUNSMUIR ST & GRANVILLE ST,GRANVILLE ST,GRANVILLE ST,18:00-20:59,1,0
N,PROPERTY DAMAGE ONLY,E 13TH AVE,N,2024,THURSDAY,SIDE IMPACT,N,Y,49.259295,-123.093059,N,JANUARY,N,VANCOUVER,VANCOUVER,VANCOUVER,Y,N,N,LOWER MAINLAND,E 13TH AVE & ST GEORGE ST,ST GEORGE ST,ST GEORGE ST,18:00-20:59,1,0
N,PROPERTY DAMAGE ONLY,E 15TH ST,N,2024,THURSDAY,CONFLICTED,N,Y,49.321644,-123.035628,N,JANUARY,N,NORTH VANCOUVER,NORTH VANCOUVER,NORTH VANCOUVER,N,N,N,LOWER MAINLAND,APPIN RD & E 15TH ST,APPIN RD,APPIN RD,18:00-20:59,1,0
N,PROPERTY DAMAGE ONLY,E 15TH ST,N,2024,THURSDAY,CONFLICTED,Y,Y,49.321644,-123.035628,N,JANUARY,N,NORTH VANCOUVER,NORTH VANCOUVER,NORTH VANCOUVER,N,N,N,LOWER MAINLAND,APPIN RD & E 15TH ST,APPIN RD,APPIN RD,18:00-20:59,1,0
N,PROPERTY DAMAGE ONLY,E 15TH ST,N,2024,THURSDAY,SIDE IMPACT,N,Y,49.321644,-123.035628,N,JANUARY,N,NORTH VANCOUVER,NORTH VANCOUVER,NORTH VANCOUVER,N,N,N,LOWER MAINLAND,APPIN RD & E 15TH ST,APPIN RD,APPIN RD,18:00-20:59,1,0
N,PROPERTY DAMAGE ONLY,E 16TH AVE,N,2024,THURSDAY,UNDETERMINED,N,Y,49.256572,-123.100658,N,JANUARY,N,VANCOUVER,VANCOUVER,VANCOUVER,N,N,N,LOWER MAINLAND,E 16TH AVE & WATSON ST,WATSON ST,WATSON ST,18:00-20:59,1,0
N,PROPERTY DAMAGE ONLY,E 18TH ST,N,2024,THURSDAY,REAR END,N,Y,49.325119,-123.066031,N,JANUARY,N,NORTH VANCOUVER,NORTH VANCOUVER,NORTH VANCOUVER,Y,N,N,LOWER MAINLAND,E 18TH ST & ST ANDREWS AVE,ST ANDREWS AVE,ST ANDREWS AVE,18:00-20:59,1,0
N,PROPERTY DAMAGE ONLY,E 18TH ST,N,2024,THURSDAY,SINGLE VEHICLE,N,Y,49.325119,-123.066031,N,JANUARY,N,NORTH VANCOUVER,NORTH VANCOUVER,NORTH VANCOUVER,N,N,N,LOWER MAINLAND,E 18TH ST & ST ANDREWS AVE,ST ANDREWS AVE,ST ANDREWS AVE,18:00-20:59,1,0
N,PROPERTY DAMAGE ONLY,E 20TH AVE,N,2024,THURSDAY,REAR END,N,Y,49.252736,-123.102855,N,JANUARY,N,VANCOUVER,VANCOUVER,VANCOUVER,N,N,N,LOWER MAINLAND,E 20TH AVE & QUEBEC ST,QUEBEC ST,QUEBEC ST,18:00-20:59,1,0
N,PROPERTY DAMAGE ONLY,E 20TH AVE,N,2024,THURSDAY,UNDETERMINED,N,Y,49.25295,-123.098563,N,JANUARY,N,VANCOUVER,VANCOUVER,VANCOUVER,N,N,N,LOWER MAINLAND,E 20TH AVE & SOPHIA ST,SOPHIA ST,SOPHIA ST,18:00-20:59,1,0
N,PROPERTY DAMAGE ONLY,E 21ST AVE,N,2024,THURSDAY,SIDE IMPACT,N,Y,49.251932,-123.092024,N,JANUARY,N,VANCOUVER,VANCOUVER,VANCOUVER,Y,N,N,LOWER MAINLAND,CAROLINA ST & E 21ST AVE,CAROLINA ST,CAROLINA ST,18:00-20:59,1,0
N,PROPERTY DAMAGE ONLY,E 22ND AVE,N,2024,THURSDAY,SINGLE VEHICLE,N,Y,49.250635,-123.047073,N,JANUARY,N,VANCOUVER,VANCOUVER,VANCOUVER,N,N,N,LOWER MAINLAND,E 22ND AVE & KASLO ST,KASLO ST,KASLO ST,18:00-20:59,1,0
N,PROPERTY DAMAGE ONLY,E 2ND ST,N,2024,THURSDAY,SINGLE VEHICLE,N,Y,49.307552,-123.060268,N,JANUARY,N,NORTH VANCOUVER,NORTH VANCOUVER,NORTH VANCOUVER,N,N,N,LOWER MAINLAND,E 2ND ST & MOODY AVE & SPIRIT TRAIL,MOODY AVE,MOODY AVE,18:00-20:59,1,0
N,PROPERTY DAMAGE ONLY,E 31ST AVE,N,2024,THURSDAY,REAR END,N,Y,49.242595,-123.09032,N,JANUARY,N,VANCOUVER,VANCOUVER,VANCOUVER,N,N,N,LOWER MAINLAND,E 31ST AVE & FRASER ST,FRASER ST,FRASER ST,18:00-20:59,1,0
N,PROPERTY DAMAGE ONLY,E 34TH AVE,N,2024,THURSDAY,SINGLE VEHICLE,N,Y,49.239349,-123.074062,N,JANUARY,N,VANCOUVER,VANCOUVER,VANCOUVER,N,N,N,LOWER MAINLAND,DUMFRIES ST & E 34TH AVE,DUMFRIES ST,DUMFRIES ST,18:00-20:59,1,0
N,PROPERTY DAMAGE ONLY,E 37TH AVE,N,2024,THURSDAY,UNDETERMINED,N,Y,49.236835,-123.076912,N,JANUARY,N,VANCOUVER,VANCOUVER,VANCOUVER,N,N,N,LOWER MAINLAND,E 37TH AVE & KNIGHT ST,KNIGHT ST,KNIGHT ST,18:00-20:59,1,0
N,PROPERTY DAMAGE ONLY,E 41ST AVE,N,2024,THURSDAY,REAR END,N,Y,49.232891,-123.089294,N,JANUARY,N,VANCOUVER,VANCOUVER,VANCOUVER,N,N,N,LOWER MAINLAND,CHESTER ST & E 41ST AVE,CHESTER ST,CHESTER ST,18:00-20:59,1,0
N,PROPERTY DAMAGE ONLY,E 46 AVE,N,2024,THURSDAY,REAR END,N,N,\N,\N,N,JANUARY,N,VANCOUVER,VANCOUVER,\N,N,N,N,LOWER MAINLAND,UNKNOWN,FRASER ST,FRASER ST,18:00-20:59,1,0
N,PROPERTY DAMAGE ONLY,E 4TH AVE,N,2024,THURSDAY,REAR END,N,Y,49.266666,-123.04427,N,JANUARY,N,VANCOUVER,VANCOUVER,VANCOUVER,Y,N,N,LOWER MAINLAND,E 4TH AVE & RENFREW ST,RENFREW ST,RENFREW ST,18:00-20:59,1,0
N,PROPERTY DAMAGE ONLY,E 50TH AVE,N,2024,THURSDAY,CONFLICTED,N,Y,49.224533,-123.09199,N,JANUARY,N,VANCOUVER,VANCOUVER,VANCOUVER,Y,N,N,LOWER MAINLAND,E 50TH AVE & FREDERICK ST,FREDERICK ST,FREDERICK ST,18:00-20:59,1,0
N,PROPERTY DAMAGE ONLY,E 57TH AVE,N,2024,THURSDAY,CONFLICTED,N,Y,49.218132,-123.077053,N,JANUARY,N,VANCOUVER,VANCOUVER,VANCOUVER,N,N,N,LOWER MAINLAND,E 57TH AVE & KNIGHT ST,KNIGHT ST,KNIGHT ST,18:00-20:59,1,0
N,PROPERTY DAMAGE ONLY,E 57TH AVE,N,2024,THURSDAY,REAR END,N,Y,49.217878,-123.071197,N,JANUARY,N,VANCOUVER,VANCOUVER,VANCOUVER,N,N,N,LOWER MAINLAND,ARGYLE DR & ARGYLE ST & E 57TH AVE,ARGYLE DR,ARGYLE DR,18:00-20:59,1,0
N,PROPERTY DAMAGE ONLY,E 57TH AVE,N,2024,THURSDAY,REAR END,N,Y,49.218467,-123.101887,N,JANUARY,N,VANCOUVER,VANCOUVER,VANCOUVER,N,N,N,LOWER MAINLAND,E 57TH AVE & MAIN ST,MAIN ST,MAIN ST,18:00-20:59,1,0
N,PROPERTY DAMAGE ONLY,E 5TH AVE,N,2024,THURSDAY,SINGLE VEHICLE,N,Y,49.265707,-123.049494,N,JANUARY,N,VANCOUVER,VANCOUVER,VANCOUVER,N,N,N,LOWER MAINLAND,E 5TH AVE & SLOCAN ST,SLOCAN ST,SLOCAN ST,18:00-20:59,1,0
N,PROPERTY DAMAGE ONLY,E 5TH AVE,N,2024,THURSDAY,SINGLE VEHICLE,N,Y,49.266364,-123.098817,N,JANUARY,N,VANCOUVER,VANCOUVER,VANCOUVER,N,N,N,LOWER MAINLAND,E 5TH AVE & SCOTIA ST,SCOTIA ST,SCOTIA ST,18:00-20:59,1,0
N,PROPERTY DAMAGE ONLY,E 62ND AVE,N,2024,THURSDAY,REAR END,N,Y,49.213787,-123.080164,N,JANUARY,N,VANCOUVER,VANCOUVER,VANCOUVER,N,N,N,LOWER MAINLAND,E 62ND AVE & INVERNESS ST,INVERNESS ST,INVERNESS ST,18:00-20:59,1,0
N,PROPERTY DAMAGE ONLY,E 6TH AVE,N,2024,THURSDAY,SIDE SWIPE - OPPOSITE DIRECTION,N,Y,49.26476,-123.049502,N,JANUARY,N,VANCOUVER,VANCOUVER,VANCOUVER,Y,N,N,LOWER MAINLAND,E 6TH AVE & SLOCAN ST,SLOCAN ST,SLOCAN ST,18:00-20:59,1,0
N,PROPERTY DAMAGE ONLY,E 6TH ST,N,2024,THURSDAY,SIDE IMPACT,N,Y,49.315957,-123.074473,N,JANUARY,N,NORTH VANCOUVER,NORTH VANCOUVER,NORTH VANCOUVER,N,N,N,LOWER MAINLAND,E 6TH ST & LONSDALE AVE & W 6TH ST,LONSDALE AVE,LONSDALE AVE,18:00-20:59,1,0
N,PROPERTY DAMAGE ONLY,E BROADWAY,N,2024,THURSDAY,CONFLICTED,N,Y,49.262006,-123.049586,N,JANUARY,N,VANCOUVER,VANCOUVER,VANCOUVER,N,N,N,LOWER MAINLAND,E BROADWAY & SLOCAN ST,SLOCAN ST,SLOCAN ST,18:00-20:59,1,0
N,PROPERTY DAMAGE ONLY,E BROADWAY,N,2024,THURSDAY,SINGLE VEHICLE,N,Y,49.262482,-123.089134,N,JANUARY,N,VANCOUVER,VANCOUVER,VANCOUVER,N,N,N,LOWER MAINLAND,E BROADWAY & FRASER ST,FRASER ST,FRASER ST,18:00-20:59,1,0
N,PROPERTY DAMAGE ONLY,E COLUMBIA ST,N,2024,THURSDAY,REAR END,N,Y,49.222322,-122.892805,N,JANUARY,N,NEW WESTMINSTER,NEW WESTMINSTER,NEW WESTMINSTER,N,N,N,LOWER MAINLAND,BRUNETTE AVE & DEBECK ST & E COLUMBIA ST & STRAND AVE & TURNING LANE,STRAND AVE,STRAND AVE,18:00-20:59,1,0
N,PROPERTY DAMAGE ONLY,E COLUMBIA ST,N,2024,THURSDAY,SIDE SWIPE - SAME DIRECTION,Y,Y,49.226451,-122.892865,N,JANUARY,N,NEW WESTMINSTER,NEW WESTMINSTER,NEW WESTMINSTER,Y,N,N,LOWER MAINLAND,E COLUMBIA ST & HOSPITAL ST,HOSPITAL ST,HOSPITAL ST,18:00-20:59,1,0
N,PROPERTY DAMAGE ONLY,E COLUMBIA ST,N,2024,THURSDAY,UNDETERMINED,N,Y,49.222322,-122.892805,N,JANUARY,N,NEW WESTMINSTER,NEW WESTMINSTER,NEW WESTMINSTER,Y,N,N,LOWER MAINLAND,BRUNETTE AVE & DEBECK ST & E COLUMBIA ST & STRAND AVE & TURNING LANE,STRAND AVE,STRAND AVE,18:00-20:59,1,0
N,PROPERTY DAMAGE ONLY,E CORDOVA ST,N,2024,THURSDAY,REAR END,N,Y,49.282134,-123.091419,N,JANUARY,N,VANCOUVER,VANCOUVER,VANCOUVER,Y,N,N,LOWER MAINLAND,E CORDOVA ST & PRINCESS AVE,PRINCESS AVE,PRINCESS AVE,18:00-20:59,1,0
N,PROPERTY DAMAGE ONLY,E HASTINGS ST,N,2024,THURSDAY,REAR END,N,Y,49.28117,-123.031463,N,JANUARY,N,VANCOUVER,VANCOUVER,VANCOUVER,N,N,N,LOWER MAINLAND,BRIDGEWAY & CASSIAR CONN & E HASTINGS ST & E HASTINGS ST OFFRAMP & E HASTINGS ST ONRAMP & TRANS-CANADA HWY & TURNING LANE,CASSIAR CONNECTR,CASSIAR CONNECTR,18:00-20:59,1,0
N,PROPERTY DAMAGE ONLY,E HASTINGS ST,N,2024,THURSDAY,UNDETERMINED,N,Y,49.281248,-123.070399,N,JANUARY,N,VANCOUVER,VANCOUVER,VANCOUVER,N,N,N,LOWER MAINLAND,COMMERCIAL DR & E HASTINGS ST,COMMERCIAL DR,COMMERCIAL DR,18:00-20:59,1,0
N,PROPERTY DAMAGE ONLY,E KEITH RD,N,2024,THURSDAY,SIDE IMPACT,N,Y,49.313299,-123.040514,N,JANUARY,N,NORTH VANCOUVER,NORTH VANCOUVER,NORTH VANCOUVER,N,N,N,LOWER MAINLAND,BROOKSBANK AVE & E KEITH RD & HEYWOOD ST & MOUNTAIN HWY,BROOKSBANK AVE,BROOKSBANK AVE,18:00-20:59,1,0
N,PROPERTY DAMAGE ONLY,E KEITH RD,N,2024,THURSDAY,SINGLE VEHICLE,N,Y,49.31237,-123.025305,N,JANUARY,N,NORTH VANCOUVER,NORTH VANCOUVER,NORTH VANCOUVER,N,N,N,LOWER MAINLAND,E KEITH RD & LILLOOET RD & LILLOOET RD OFFRAMP & MT SEYMOUR PKY & TURNING LANE,LILLOOET RD,LILLOOET RD,18:00-20:59,1,0
N,PROPERTY DAMAGE ONLY,E KINGS RD,N,2024,THURSDAY,REAR END,N,Y,49.33743,-123.064828,N,JANUARY,N,NORTH VANCOUVER,NORTH VANCOUVER,NORTH VANCOUVER,N,N,N,LOWER MAINLAND,E KINGS RD & ST ANDREWS AVE,ST ANDREWS AVE,ST ANDREWS AVE,18:00-20:59,1,0
N,PROPERTY DAMAGE ONLY,EARLES ST,N,2024,THURSDAY,UNDETERMINED,N,Y,49.237566,-123.048809,N,JANUARY,N,VANCOUVER,VANCOUVER,VANCOUVER,N,N,N,LOWER MAINLAND,EARLES ST & KINGSWAY,KINGSWAY,KINGSWAY,18:00-20:59,1,0
N,PROPERTY DAMAGE ONLY,EASTBROOK PKY,N,2024,THURSDAY,SIDE IMPACT,N,Y,49.260172,-123.001667,N,JANUARY,N,BURNABY,BURNABY,BURNABY,N,N,N,LOWER MAINLAND,EASTBROOK PKY & STILL CREEK AVE,STILL CREEK AVE,STILL CREEK AVE,18:00-20:59,1,0
N,PROPERTY DAMAGE ONLY,EASTLAKE DR,N,2024,THURSDAY,REAR END,N,Y,49.256761,-122.91041799999999,N,JANUARY,N,BURNABY,BURNABY,BURNABY,N,N,N,LOWER MAINLAND,BURNABY MOUNTAIN SECONDARY SCHOOL ACCESS & CENTAURUS DR & EASTLAKE DR,CENTAURUS DR,CENTAURUS DR,18:00-20:59,1,0
N,PROPERTY DAMAGE ONLY,EDMONDS ST,N,2024,THURSDAY,CONFLICTED,N,Y,49.215216,-122.957032,N,JANUARY,N,BURNABY,BURNABY,BURNABY,N,N,N,LOWER MAINLAND,18TH ST & EDMONDS ST & SALISBURY AVE,SALISBURY AVE,SALISBURY AVE,18:00-20:59,1,0
N,PROPERTY DAMAGE ONLY,EDMONDS ST,N,2024,THURSDAY,REAR END,N,Y,49.215216,-122.957032,N,JANUARY,N,BURNABY,BURNABY,BURNABY,N,N,N,LOWER MAINLAND,18TH ST & EDMONDS ST & SALISBURY AVE,SALISBURY AVE,SALISBURY AVE,18:00-20:59,2,0
N,PROPERTY DAMAGE ONLY,EDMONDS ST,N,2024,THURSDAY,REAR END,N,Y,49.218316,-122.951539,N,JANUARY,N,BURNABY,BURNABY,BURNABY,N,N,N,LOWER MAINLAND,EDMONDS ST & KINGSWAY & TURNING LANE,KINGSWAY,KINGSWAY,18:00-20:59,1,0
N,PROPERTY DAMAGE ONLY,ELK LAKE DR,N,2024,THURSDAY,REAR END,N,Y,48.51428,-123.384319,N,JANUARY,N,SAANICH,SAANICH,SAANICH,N,N,N,VANCOUVER ISLAND,CHERRY TREE BEND & ELK LAKE DR & HALIBURTON RD & PATRICIA BAY HWY & TURNING LANE,PAT BAY HWY,PAT BAY HWY,18:00-20:59,1,0
N,PROPERTY DAMAGE ONLY,ELLIOTT ST,N,2024,THURSDAY,SIDE IMPACT,N,Y,49.224804,-123.054726,N,JANUARY,N,VANCOUVER,VANCOUVER,VANCOUVER,N,Y,N,LOWER MAINLAND,E 49TH AVE & ELLIOTT ST,E 49TH AVE,E 49TH AVE,18:00-20:59,1,0
N,PROPERTY DAMAGE ONLY,EMORY ST,N,2024,THURSDAY,UNDETERMINED,N,Y,49.212873,-122.908249,N,JANUARY,N,NEW WESTMINSTER,NEW WESTMINSTER,NEW WESTMINSTER,N,N,N,LOWER MAINLAND,ARBUTUS ST & EMORY ST,ARBUTUS ST,ARBUTUS ST,18:00-20:59,1,0
N,PROPERTY DAMAGE ONLY,ENTERPRISE WAY,N,2024,THURSDAY,REAR END,N,Y,49.883241,-119.437713,N,JANUARY,N,KELOWNA,KELOWNA,KELOWNA,N,N,N,SOUTHERN INTERIOR,DILWORTH DR & ENTERPRISE WAY & TURNING LANE,DILWORTH DR,DILWORTH DR,18:00-20:59,1,0
N,PROPERTY DAMAGE ONLY,FENWICK ST,N,2024,THURSDAY,CONFLICTED,N,Y,49.197262,-122.954739,N,JANUARY,N,BURNABY,BURNABY,BURNABY & NEW WESTMINSTER,Y,N,N,LOWER MAINLAND,FENWICK ST & TRAPP AVE & TRAPP RD,TRAPP RD,TRAPP RD,18:00-20:59,1,0
N,PROPERTY DAMAGE ONLY,FIR ST,N,2024,THURSDAY,REAR END,N,Y,49.267898,-123.138396,N,JANUARY,N,VANCOUVER,VANCOUVER,VANCOUVER,N,N,N,LOWER MAINLAND,FIR ST & FIR ST OFFRAMP & GRANVILLE BRIDGE & HEMLOCK ST ONRAMP & W 4TH AVE & W 4TH AVE OFFRAMP & BUS LANE,W 4TH AVE,W 4TH AVE,18:00-20:59,1,0
N,PROPERTY DAMAGE ONLY,FOOTHILLS BLVD,N,2024,THURSDAY,SINGLE VEHICLE,N,Y,53.910435,-122.811578,N,JANUARY,N,PRINCE GEORGE,PRINCE GEORGE,PRINCE GEORGE,N,N,N,NORTH CENTRAL,15TH AVE & FOOTHILLS BLVD & UNIVERSITY WAY,UNIVERSITY WAY,UNIVERSITY WAY,18:00-20:59,1,0
N,PROPERTY DAMAGE ONLY,FRANCES RD,N,2024,THURSDAY,SINGLE VEHICLE,N,Y,49.479614,-123.892773,N,JANUARY,N,HALFMOON BAY,HALFMOON BAY,HALFMOON BAY,N,N,N,LOWER MAINLAND,FRANCES RD & FULLERTON RD & REDROOFFS RD,REDROOFFS RD,REDROOFFS RD,18:00-20:59,1,0
N,PROPERTY DAMAGE ONLY,FRANCIS RD,N,2024,THURSDAY,REAR END,N,Y,49.148012,-123.114189,N,JANUARY,N,RICHMOND,RICHMOND,RICHMOND,N,N,N,LOWER MAINLAND,FRANCIS RD & NO 4 RD,NO 4 RD,NO 4 RD,18:00-20:59,1,0
N,PROPERTY DAMAGE ONLY,FRASER ST,N,2024,THURSDAY,REAR END,N,Y,49.218274,-123.090942,N,JANUARY,N,VANCOUVER,VANCOUVER,VANCOUVER,N,N,N,LOWER MAINLAND,E 57TH AVE & FRASER ST,E 57TH AVE,E 57TH AVE,18:00-20:59,1,0
N,PROPERTY DAMAGE ONLY,FRASER ST,N,2024,THURSDAY,REAR END,N,Y,49.259735,-123.089186,N,JANUARY,N,VANCOUVER,VANCOUVER,VANCOUVER,N,N,N,LOWER MAINLAND,E 12TH AVE & FRASER ST,E 12TH AVE,E 12TH AVE,18:00-20:59,2,0
N,PROPERTY DAMAGE ONLY,FRASER ST,N,2024,THURSDAY,UNDETERMINED,N,Y,49.255532,-123.089913,N,JANUARY,N,VANCOUVER,VANCOUVER,VANCOUVER,N,N,N,LOWER MAINLAND,E 17TH AVE & FRASER ST,E 17TH AVE,E 17TH AVE,18:00-20:59,1,0
N,PROPERTY DAMAGE ONLY,GAGLARDI WAY,N,2024,THURSDAY,REAR END,N,Y,49.264089,-122.900334,N,JANUARY,N,BURNABY,BURNABY,BURNABY,N,N,N,LOWER MAINLAND,BROADWAY & GAGLARDI WAY & TURNING LANE,BROADWAY,BROADWAY,18:00-20:59,1,0
N,PROPERTY DAMAGE ONLY,GARDEN CITY RD,N,2024,THURSDAY,REAR END,N,Y,49.166425,-123.124666,N,JANUARY,N,RICHMOND,RICHMOND,RICHMOND,N,N,N,LOWER MAINLAND,COOK RD & GARDEN CITY RD,COOK RD,COOK RD,18:00-20:59,1,0
N,PROPERTY DAMAGE ONLY,GARDEN CITY RD,N,2024,THURSDAY,REAR END,N,Y,49.191024,-123.124456,N,JANUARY,N,RICHMOND,RICHMOND,RICHMOND,N,N,N,LOWER MAINLAND,GARDEN CITY RD & GREAT CANADIAN WAY & SEA ISLAND WAY & SEA ISLAND WAY OFFRAMP & TURNING LANE,SEA ISLAND WAY,SEA ISLAND WAY,18:00-20:59,1,0
N,PROPERTY DAMAGE ONLY,GEORGE MASSEY TUNNEL,N,2024,THURSDAY,SINGLE VEHICLE,N,Y,49.125168,-123.079837,N,JANUARY,N,RICHMOND,RICHMOND,RICHMOND,N,N,N,LOWER MAINLAND,GEORGE MASSEY TUNNEL & HWY 99,HWY 99,HWY 99,18:00-20:59,1,0
N,PROPERTY DAMAGE ONLY,GILMORE WAY,N,2024,THURSDAY,SINGLE VEHICLE,N,Y,49.249205,-123.010114,N,JANUARY,N,BURNABY,BURNABY,BURNABY,N,N,N,LOWER MAINLAND,GILMORE WAY & KINCAID ST & SANDERSON WAY,KINCAID ST,KINCAID ST,18:00-20:59,1,0
N,PROPERTY DAMAGE ONLY,GRANT MCCONACHIE WAY,N,2024,THURSDAY,SINGLE VEHICLE,N,Y,49.192628,-123.166922,N,JANUARY,N,RICHMOND,RICHMOND,RICHMOND,N,N,N,LOWER MAINLAND,AVIATION AVE & GRANT MCCONACHIE WAY & MILLER RD & TURNING LANE,AVIATION AVE,AVIATION AVE,18:00-20:59,1,0
N,PROPERTY DAMAGE ONLY,GRANVILLE AVE,N,2024,THURSDAY,REAR END,N,Y,49.162828,-123.11405,N,JANUARY,N,RICHMOND,RICHMOND,RICHMOND,N,N,N,LOWER MAINLAND,GRANVILLE AVE & NO 4 RD,NO 4 RD,NO 4 RD,18:00-20:59,1,0
N,PROPERTY DAMAGE ONLY,GRANVILLE ST,N,2024,THURSDAY,CONFLICTED,N,Y,49.219331,-123.140129,N,JANUARY,N,VANCOUVER,VANCOUVER,VANCOUVER,Y,Y,N,LOWER MAINLAND,GRANVILLE ST & W 57TH AVE,W 57TH AVE,W 57TH AVE,18:00-20:59,1,0
N,PROPERTY DAMAGE ONLY,GRANVILLE ST,N,2024,THURSDAY,REAR END,N,Y,49.265342,-123.138499,N,JANUARY,N,VANCOUVER,VANCOUVER,VANCOUVER,N,N,N,LOWER MAINLAND,GRANVILLE ST & W 7TH AVE,W 7TH AVE,W 7TH AVE,18:00-20:59,1,0
N,PROPERTY DAMAGE ONLY,GRANVILLE ST,N,2024,THURSDAY,UNDETERMINED,N,Y,49.219331,-123.140129,N,JANUARY,N,VANCOUVER,VANCOUVER,VANCOUVER,N,N,N,LOWER MAINLAND,GRANVILLE ST & W 57TH AVE,W 57TH AVE,W 57TH AVE,18:00-20:59,1,0
N,PROPERTY DAMAGE ONLY,GREEN TIMBERS WAY,N,2024,THURSDAY,UNDETERMINED,Y,Y,49.18084,-122.834358,N,JANUARY,N,SURREY,SURREY,SURREY,N,N,N,LOWER MAINLAND,140 ST & GREEN TIMBERS WAY,140 ST,140 ST,18:00-20:59,1,0
N,PROPERTY DAMAGE ONLY,GRIFFITHS AVE,N,2024,THURSDAY,REAR END,N,Y,49.218374,-122.961081,N,JANUARY,N,BURNABY,BURNABY,BURNABY,N,N,N,LOWER MAINLAND,GRIFFITHS AVE & GRIFFITHS DR & KINGSWAY & TURNING LANE,KINGSWAY,KINGSWAY,18:00-20:59,1,0
N,PROPERTY DAMAGE ONLY,HARWOOD ST,N,2024,THURSDAY,SIDE SWIPE - SAME DIRECTION,N,Y,49.280378,-123.135495,N,JANUARY,N,VANCOUVER,VANCOUVER,VANCOUVER,Y,N,N,LOWER MAINLAND,BUTE ST & HARWOOD ST,BUTE ST,BUTE ST,18:00-20:59,1,0
N,PROPERTY DAMAGE ONLY,HAULTAIN ST,N,2024,THURSDAY,CONFLICTED,N,Y,48.436133,-123.338539,N,JANUARY,N,VICTORIA,VICTORIA,VICTORIA,Y,N,N,VANCOUVER ISLAND,FORBES ST & HAULTAIN ST,FORBES ST,FORBES ST,18:00-20:59,1,0
N,PROPERTY DAMAGE ONLY,HERITAGE RD,N,2024,THURSDAY,SINGLE VEHICLE,N,Y,49.499271,-123.802824,N,JANUARY,N,SECHELT,SECHELT,SECHELT,N,N,N,LOWER MAINLAND,HERITAGE RD & MASON RD,MASON RD,MASON RD,18:00-20:59,2,0
N,PROPERTY DAMAGE ONLY,HIGHBURY ST,N,2024,THURSDAY,UNDETERMINED,N,Y,49.262577,-123.187847,N,JANUARY,N,VANCOUVER,VANCOUVER,VANCOUVER,N,N,N,LOWER MAINLAND,HIGHBURY ST & W 11TH AVE,W 11TH AVE,W 11TH AVE,18:00-20:59,1,0
N,PROPERTY DAMAGE ONLY,HOWARD ST,N,2024,THURSDAY,UNDETERMINED,N,Y,49.179089,-123.106548,N,JANUARY,N,RICHMOND,RICHMOND,RICHMOND,N,N,N,LOWER MAINLAND,HOWARD ST & SHEPHERD DR,SHEPHERD DR,SHEPHERD DR,18:00-20:59,1,0
N,PROPERTY DAMAGE ONLY,HOWE ST,N,2024,THURSDAY,REAR END,N,Y,49.27473,-123.131812,N,JANUARY,N,VANCOUVER,VANCOUVER,VANCOUVER,N,N,N,LOWER MAINLAND,BEACH AVE & HOWE ST,BEACH AVE,BEACH AVE,18:00-20:59,1,0
N,PROPERTY DAMAGE ONLY,HUDSON ST,N,2024,THURSDAY,REAR END,N,Y,49.204296,-123.134747,N,JANUARY,N,VANCOUVER,VANCOUVER,VANCOUVER,N,N,N,LOWER MAINLAND,HUDSON ST & W 73RD AVE,W 73RD AVE,W 73RD AVE,18:00-20:59,1,0
N,PROPERTY DAMAGE ONLY,HWY 1,N,2024,THURSDAY,SIDE IMPACT,N,Y,50.653783,-120.36868,N,JANUARY,N,KAMLOOPS,KAMLOOPS,KAMLOOPS,Y,Y,N,SOUTHERN INTERIOR,HILLSIDE WAY & HILLSIDE WAY OFFRAMP & HILLSIDE WAY ONRAMP & HWY 5A & HWY 5A OFFRAMP & HWY 5A ONRAMP & PACIFIC WAY OFFRAMP & TRANS-CANADA HWY W & TURNING LANE,HILLSIDE WAY,HILLSIDE WAY,18:00-20:59,1,0
N,PROPERTY DAMAGE ONLY,HWY 1,N,2024,THURSDAY,SIDE SWIPE - SAME DIRECTION,N,Y,48.998647,-123.824658,N,JANUARY,N,LADYSMITH,LADYSMITH,LADYSMITH,N,N,N,VANCOUVER ISLAND,1ST AVE & LUDLOW RD & TRANS-CANADA HWY & TURNING LANE,1ST AVE,1ST AVE,18:00-20:59,1,0
N,PROPERTY DAMAGE ONLY,HWY 1,N,2024,THURSDAY,SINGLE VEHICLE,N,Y,48.993491,-123.814951,N,JANUARY,N,LADYSMITH,LADYSMITH,LADYSMITH,N,Y,N,VANCOUVER ISLAND,ESPLANADE AVE & ROBERTS ST & TRANSFER BEACH BLVD & ACCESS ROAD & TURNING LANE,ROBERTS ST,ROBERTS ST,18:00-20:59,1,0
N,PROPERTY DAMAGE ONLY,HWY 1,N,2024,THURSDAY,SINGLE VEHICLE,N,Y,51.009371,-118.216055,N,JANUARY,N,REVELSTOKE,REVELSTOKE,REVELSTOKE,N,N,N,SOUTHERN INTERIOR,LAFORME BLVD & TRANS-CANADA HWY W & VICTORIA RD W & TURNING LANE,LAFORME BLVD,LAFORME BLVD,18:00-20:59,1,0
N,PROPERTY DAMAGE ONLY,HWY 10,N,2024,THURSDAY,SIDE SWIPE - SAME DIRECTION,N,Y,49.12089,-122.63261,N,JANUARY,N,LANGLEY,LANGLEY,LANGLEY,N,N,N,LOWER MAINLAND,64 AVE & GLOVER RD & TURNING LANE,64 AVE,64 AVE,18:00-20:59,1,0
N,PROPERTY DAMAGE ONLY,HWY 33,N,2024,THURSDAY,CONFLICTED,N,Y,49.889477,-119.420504,N,JANUARY,N,KELOWNA,KELOWNA,KELOWNA,N,N,N,SOUTHERN INTERIOR,HWY 33 W & HWY 97 N & TURNING LANE,HWY 97,HWY 97,18:00-20:59,1,0
N,PROPERTY DAMAGE ONLY,HWY 7B,N,2024,THURSDAY,SINGLE VEHICLE,N,Y,49.219251,-122.812916,N,JANUARY,N,COQUITLAM,COQUITLAM,COQUITLAM,N,N,N,LOWER MAINLAND,COLEMAN AVE & COLEMAN AVE ONRP & FAWCETT RD & HWY 7 OFRP & HWY 7B OFRP & LEEDER ST & LOUGHEED HWY & LOUGHEED HWY ONRP & MARY HILL BYPASS & MARY HILL BYPASS ONRP & TRANS-CANADA HWY & TRANS-CANADA HWY OFRP & TRANS-CANADA HWY ONRP & UNITED BLVD & UNITED BLV,HWY 1,HWY 1,18:00-20:59,1,0
N,PROPERTY DAMAGE ONLY,HWY 99,Y,2024,THURSDAY,SINGLE VEHICLE,N,Y,49.704443,-123.145404,N,JANUARY,N,SQUAMISH,SQUAMISH,SQUAMISH,N,N,N,LOWER MAINLAND,CLEVELAND AVE & HWY 99 & LOGGERS LANE & RIVER RD & TURNING LANE,LOGGERS LANE,LOGGERS LANE,18:00-20:59,1,0
N,PROPERTY DAMAGE ONLY,IMPERIAL ST,N,2024,THURSDAY,REAR END,N,Y,49.221953,-123.008862,N,JANUARY,N,BURNABY,BURNABY,BURNABY,N,N,N,LOWER MAINLAND,IMPERIAL ST & MCKAY AVE,MCKAY AVE,MCKAY AVE,18:00-20:59,1,0
N,PROPERTY DAMAGE ONLY,IMPERIAL ST,N,2024,THURSDAY,SIDE IMPACT,N,Y,49.221944,-122.997217,N,JANUARY,N,BURNABY,BURNABY,BURNABY,N,N,N,LOWER MAINLAND,CENTRAL BLVD & IMPERIAL ST & WAVERLEY AVE & TURNING LANE,WAVERLEY AVE,WAVERLEY AVE,18:00-20:59,1,0
N,PROPERTY DAMAGE ONLY,IRVING ST,N,2024,THURSDAY,UNDETERMINED,N,Y,49.226289,-122.988935,N,JANUARY,N,BURNABY,BURNABY,BURNABY,N,N,N,LOWER MAINLAND,IRVING ST & ROYAL OAK AVE,ROYAL OAK AVE,ROYAL OAK AVE,18:00-20:59,1,0
N,PROPERTY DAMAGE ONLY,JENNIFER RD,N,2024,THURSDAY,REAR END,N,Y,48.463584,-123.341383,N,JANUARY,N,SAANICH,SAANICH,SAANICH,N,N,N,VANCOUVER ISLAND,CEDAR HILL CROSS RD & JENNIFER RD,CEDAR HILL CROSS RD,CEDAR HILL CROSS RD,18:00-20:59,1,0
N,PROPERTY DAMAGE ONLY,JERVIS ST,N,2024,THURSDAY,UNDETERMINED,N,Y,49.282112,-123.13601,N,JANUARY,N,VANCOUVER,VANCOUVER,VANCOUVER,Y,N,N,LOWER MAINLAND,BURNABY ST & JERVIS ST,BURNABY ST,BURNABY ST,18:00-20:59,1,0
N,PROPERTY DAMAGE ONLY,JIM SMITH LAKE RD,N,2024,THURSDAY,UNDETERMINED,N,N,\N,\N,N,JANUARY,N,CRANBROOK,CRANBROOK,\N,N,N,N,SOUTHERN INTERIOR,UNKNOWN,MICHEL RD,MICHEL RD,18:00-20:59,1,0
N,PROPERTY DAMAGE ONLY,JOYCE ST,N,2024,THURSDAY,SIDE IMPACT,N,Y,49.234143,-123.035895,N,JANUARY,N,VANCOUVER,VANCOUVER,VANCOUVER,Y,N,N,LOWER MAINLAND,JOYCE ST & KINGSWAY,KINGSWAY,KINGSWAY,18:00-20:59,1,0
N,PROPERTY DAMAGE ONLY,KASLO ST,N,2024,THURSDAY,UNDETERMINED,N,Y,49.262002,-123.04704,N,JANUARY,N,VANCOUVER,VANCOUVER,VANCOUVER,Y,N,N,LOWER MAINLAND,E BROADWAY & KASLO ST,E BROADWAY,E BROADWAY,18:00-20:59,1,0
N,PROPERTY DAMAGE ONLY,KEITH ST,N,2024,THURSDAY,HEAD ON,N,Y,49.207593,-122.97406,N,JANUARY,N,BURNABY,BURNABY,BURNABY,Y,N,N,LOWER MAINLAND,GILLEY AVE & KEITH ST,GILLEY AVE,GILLEY AVE,18:00-20:59,1,0
N,PROPERTY DAMAGE ONLY,KELLY RD,N,2024,THURSDAY,SINGLE VEHICLE,N,Y,48.440337,-123.511698,N,JANUARY,N,LANGFORD,LANGFORD,LANGFORD,N,N,N,VANCOUVER ISLAND,JACKLIN RD & JENKINS AVE & KELLY RD,JACKLIN RD,JACKLIN RD,18:00-20:59,1,0
N,PROPERTY DAMAGE ONLY,KENNTH ST,N,2024,THURSDAY,UNDETERMINED,N,N,\N,\N,N,JANUARY,N,DUNCAN,DUNCAN,\N,Y,N,N,VANCOUVER ISLAND,UNKNOWN,STATION ST,STATION ST,18:00-20:59,1,0
N,PROPERTY DAMAGE ONLY,KENSINGTON AVE,N,2024,THURSDAY,REAR END,N,Y,49.243677,-122.967599,N,JANUARY,N,BURNABY,BURNABY,BURNABY,N,N,N,LOWER MAINLAND,KENSINGTON AVE & KENSINGTON AVE OFFRAMP & TRANS-CANADA HWY & TRANS-CANADA HWY ONRAMP,HWY 1,HWY 1,18:00-20:59,1,0
N,PROPERTY DAMAGE ONLY,KING EDWARD ST,N,2024,THURSDAY,UNDETERMINED,Y,Y,49.238772,-122.862244,N,JANUARY,N,COQUITLAM,COQUITLAM,COQUITLAM,N,N,N,LOWER MAINLAND,BRUNETTE AVE & KING EDWARD ST & MARMONT ST,BRUNETTE AVE,BRUNETTE AVE,18:00-20:59,1,0
N,PROPERTY DAMAGE ONLY,KING GEORGE BLVD,N,2024,THURSDAY,HEAD ON,N,Y,49.177035,-122.845713,N,JANUARY,N,SURREY,SURREY,SURREY,N,N,N,LOWER MAINLAND,96 AVE & KING GEORGE BLVD & TURNING LANE,96 AVE,96 AVE,18:00-20:59,1,0
N,PROPERTY DAMAGE ONLY,KINGSWAY,N,2024,THURSDAY,REAR END,N,Y,49.218374,-122.961081,N,JANUARY,N,BURNABY,BURNABY,BURNABY,N,N,N,LOWER MAINLAND,GRIFFITHS AVE & GRIFFITHS DR & KINGSWAY & TURNING LANE,GRIFFITHS AVE,GRIFFITHS AVE,18:00-20:59,1,0
N,PROPERTY DAMAGE ONLY,KINGSWAY,N,2024,THURSDAY,SINGLE VEHICLE,N,Y,49.232291,-123.023537,N,JANUARY,N,BURNABY,BURNABY,BURNABY & VANCOUVER,N,Y,N,LOWER MAINLAND,BOUNDARY RD & KINGSWAY & TURNING LANE,BOUNDARY RD,BOUNDARY RD,18:00-20:59,1,0
N,PROPERTY DAMAGE ONLY,KINGSWAY,N,2024,THURSDAY,SINGLE VEHICLE,N,Y,49.247392,-123.069945,N,JANUARY,N,VANCOUVER,VANCOUVER,VANCOUVER,N,N,N,LOWER MAINLAND,KINGSWAY & WELWYN ST,WELWYN ST,WELWYN ST,18:00-20:59,1,0
N,PROPERTY DAMAGE ONLY,KITTSON PKY,N,2024,THURSDAY,SINGLE VEHICLE,N,N,\N,\N,N,JANUARY,N,SURREY,SURREY,\N,N,N,N,LOWER MAINLAND,UNKNOWN,HWY 91,HWY 91,18:00-20:59,1,0
N,PROPERTY DAMAGE ONLY,KNIGHT ST,N,2024,THURSDAY,REAR END,N,Y,49.256214,-123.075875,N,JANUARY,N,VANCOUVER,VANCOUVER,VANCOUVER,N,N,N,LOWER MAINLAND,E 16TH AVE & E 16TH ST & KNIGHT ST,E 16TH ST,E 16TH ST,18:00-20:59,1,0
N,PROPERTY DAMAGE ONLY,LAKE CITY WAY,N,2024,THURSDAY,REAR END,Y,Y,49.254241,-122.938051,N,JANUARY,N,BURNABY,BURNABY,BURNABY,N,N,N,LOWER MAINLAND,LAKE CITY WAY & LOUGHEED HWY,LOUGHEED HWY,LOUGHEED HWY,18:00-20:59,1,0
N,PROPERTY DAMAGE ONLY,LANE ST,N,2024,THURSDAY,CONFLICTED,N,Y,49.222496,-122.988879,N,JANUARY,N,BURNABY,BURNABY,BURNABY,N,N,N,LOWER MAINLAND,LANE ST & ROYAL OAK AVE,ROYAL OAK AVE,ROYAL OAK AVE,18:00-20:59,1,0
N,PROPERTY DAMAGE ONLY,LANGFORD PKY,N,2024,THURSDAY,SIDE IMPACT,N,Y,48.442321,-123.504709,N,JANUARY,N,LANGFORD,LANGFORD,LANGFORD,N,N,N,VANCOUVER ISLAND,LANGFORD PKY & PHIPPS RD,PHIPPS RD,PHIPPS RD,18:00-20:59,1,0
N,PROPERTY DAMAGE ONLY,LAWLOR RD,N,2024,THURSDAY,SINGLE VEHICLE,N,Y,49.128965,-123.923907,N,JANUARY,N,NANAIMO,NANAIMO,NANAIMO,N,N,N,VANCOUVER ISLAND,LAWLOR RD & TWELFTH ST & WEXFORD RD,TWELFTH ST,TWELFTH ST,18:00-20:59,1,0
N,PROPERTY DAMAGE ONLY,LECKIE RD,N,2024,THURSDAY,UNDETERMINED,N,Y,49.884331,-119.42902,N,JANUARY,N,KELOWNA,KELOWNA,KELOWNA,Y,Y,N,SOUTHERN INTERIOR,HWY 97 N & LECKIE RD & TURNING LANE,HWY 97,HWY 97,18:00-20:59,1,0
N,PROPERTY DAMAGE ONLY,LINTON ST,N,2024,THURSDAY,HEAD ON,N,Y,49.256056,-122.840887,N,JANUARY,N,COQUITLAM,COQUITLAM,COQUITLAM,N,N,N,LOWER MAINLAND,FOSTER AVE & LINTON ST,FOSTER AVE,FOSTER AVE,18:00-20:59,1,0
N,PROPERTY DAMAGE ONLY,LOMBARDY AVE,N,2024,THURSDAY,UNDETERMINED,N,Y,49.872911,-124.546354,N,JANUARY,N,POWELL RIVER,POWELL RIVER,POWELL RIVER,N,N,N,VANCOUVER ISLAND,CRANBERRY ST & LOMBARDY AVE & UNNAMED LANE,CRANBERRY ST,CRANBERRY ST,18:00-20:59,1,0
N,PROPERTY DAMAGE ONLY,LOUGHEED HWY,N,2024,THURSDAY,REAR END,N,Y,49.25327,-122.918953,N,JANUARY,N,BURNABY,BURNABY,BURNABY,N,N,N,LOWER MAINLAND,BRIGHTON AVE & LOUGHEED HWY & PRODUCTION WAY & TURNING LANE,PRODUCTION WAY,PRODUCTION WAY,18:00-20:59,1,0
N,PROPERTY DAMAGE ONLY,LOUGHEED HWY,N,2024,THURSDAY,REAR END,N,Y,49.270082,-122.782324,N,JANUARY,N,PORT COQUITLAM,PORT COQUITLAM,PORT COQUITLAM,N,N,N,LOWER MAINLAND,HASTINGS ST & LOUGHEED HWY & TURNING LANE,HASTINGS ST,HASTINGS ST,18:00-20:59,1,0
N,PROPERTY DAMAGE ONLY,LOUGHEED HWY,N,2024,THURSDAY,SIDE SWIPE - SAME DIRECTION,N,Y,49.216888,-122.604541,N,JANUARY,N,MAPLE RIDGE,MAPLE RIDGE,MAPLE RIDGE,Y,N,N,LOWER MAINLAND,223 ST & LOUGHEED HWY,223 ST,223 ST,18:00-20:59,1,0
N,PROPERTY DAMAGE ONLY,LOUGHEED HWY,N,2024,THURSDAY,UNDETERMINED,N,Y,49.266252,-122.997628,N,JANUARY,N,BURNABY,BURNABY,BURNABY,Y,N,N,LOWER MAINLAND,BETA AVE & LOUGHEED HWY & TURNING LANE,BETA AVE,BETA AVE,18:00-20:59,1,0
N,PROPERTY DAMAGE ONLY,LOW LEVEL RD,N,2024,THURSDAY,SIDE IMPACT,N,Y,49.308254,-123.045493,N,JANUARY,N,NORTH VANCOUVER,NORTH VANCOUVER,NORTH VANCOUVER,N,N,N,LOWER MAINLAND,3RD ST E & COTTON RD & LOW LEVEL RD,3RD ST E,3RD ST E,18:00-20:59,1,0
N,PROPERTY DAMAGE ONLY,MACDONALD ST,N,2024,THURSDAY,SINGLE VEHICLE,N,Y,49.257668,-123.168378,N,JANUARY,N,VANCOUVER,VANCOUVER,VANCOUVER,N,N,N,LOWER MAINLAND,MACDONALD ST & W 16TH AVE,W 16TH AVE,W 16TH AVE,18:00-20:59,1,0
N,PROPERTY DAMAGE ONLY,MAIN ST,N,2024,THURSDAY,REAR END,N,Y,49.260193,-123.101079,N,JANUARY,N,VANCOUVER,VANCOUVER,VANCOUVER,N,N,N,LOWER MAINLAND,E 12TH AVE & MAIN ST,E 12TH AVE,E 12TH AVE,18:00-20:59,1,0
N,PROPERTY DAMAGE ONLY,MAIN ST,N,2024,THURSDAY,SIDE IMPACT,N,Y,49.211099,-123.102224,N,JANUARY,N,VANCOUVER,VANCOUVER,VANCOUVER,Y,Y,N,LOWER MAINLAND,MAIN ST & SE MARINE DR,SE MARINE DR,SE MARINE DR,18:00-20:59,1,0
N,PROPERTY DAMAGE ONLY,MAIN ST,N,2024,THURSDAY,SINGLE VEHICLE,N,Y,49.260193,-123.101079,N,JANUARY,N,VANCOUVER,VANCOUVER,VANCOUVER,N,N,N,LOWER MAINLAND,E 12TH AVE & MAIN ST,E 12TH AVE,E 12TH AVE,18:00-20:59,1,0
N,PROPERTY DAMAGE ONLY,MANCHESTER DR,N,2024,THURSDAY,REAR END,N,Y,49.246919,-122.899251,N,JANUARY,N,BURNABY,BURNABY,BURNABY,N,N,N,LOWER MAINLAND,GOVERNMENT ST & MANCHESTER DR,GOVERNMENT ST,GOVERNMENT ST,18:00-20:59,1,0
N,PROPERTY DAMAGE ONLY,MAPLE ST,N,2024,THURSDAY,REAR END,N,Y,49.234531,-123.152071,N,JANUARY,N,VANCOUVER,VANCOUVER,VANCOUVER,N,N,N,LOWER MAINLAND,MAPLE ST & W 41ST AVE,W 41ST AVE,W 41ST AVE,18:00-20:59,1,0
N,PROPERTY DAMAGE ONLY,MARGUERITE ST,N,2024,THURSDAY,SINGLE VEHICLE,N,Y,49.239898,-123.144204,N,JANUARY,N,VANCOUVER,VANCOUVER,VANCOUVER,N,N,N,LOWER MAINLAND,MARGUERITE ST & ROXBURGH CRES & W 35TH AVE,ROXBURGH CRES,ROXBURGH CRES,18:00-20:59,1,0
N,PROPERTY DAMAGE ONLY,MARINE AVE,N,2024,THURSDAY,SIDE IMPACT,N,Y,49.837809,-124.527642,N,JANUARY,N,POWELL RIVER,POWELL RIVER,POWELL RIVER,N,N,N,VANCOUVER ISLAND,COURTENAY ST & MARINE AVE,COURTENAY ST,COURTENAY ST,18:00-20:59,1,0
N,PROPERTY DAMAGE ONLY,MARINE DR,N,2024,THURSDAY,SIDE IMPACT,N,Y,49.20323,-122.964596,N,JANUARY,N,BURNABY,BURNABY,BURNABY,N,N,N,LOWER MAINLAND,14TH AVE & MARINE DR,14TH AVE,14TH AVE,18:00-20:59,1,0
N,PROPERTY DAMAGE ONLY,MARINE DR,N,2024,THURSDAY,UNDETERMINED,N,Y,49.207737,-122.998323,N,JANUARY,N,BURNABY,BURNABY,BURNABY,N,N,N,LOWER MAINLAND,MARINE DR & NELSON AVE,NELSON AVE,NELSON AVE,18:00-20:59,1,0
N,PROPERTY DAMAGE ONLY,MARINE DR,N,2024,THURSDAY,UNDETERMINED,N,Y,49.209152,-123.004976,N,JANUARY,N,BURNABY,BURNABY,BURNABY,Y,N,N,LOWER MAINLAND,MARINE DR & SUSSEX AVE,SUSSEX AVE,SUSSEX AVE,18:00-20:59,1,0
N,PROPERTY DAMAGE ONLY,MARINE WAY,N,2024,THURSDAY,HEAD ON,N,Y,49.197808,-122.948705,N,JANUARY,N,BURNABY,BURNABY,BURNABY & NEW WESTMINSTER,N,N,N,LOWER MAINLAND,HWY 91A & MARINE WAY & MARINE WAY OFFRAMP & MARINE WAY ONRAMP & QUEENSBOROUGH BRIDGE & SIXTH AVE OFFRAMP & SIXTH AVE ONRAMP & STEWARDSON WAY & STEWARDSON WAY OFFRAMP & STEWARDSON WAY ONRAMP & TWENTY-THIRD ST & EMERGENCY LANE,HWY 91A,HWY 91A,18:00-20:59,1,0
N,PROPERTY DAMAGE ONLY,MARKET CROSSING,N,2024,THURSDAY,UNDETERMINED,N,Y,49.199728,-122.979026,N,JANUARY,N,BURNABY,BURNABY,BURNABY,N,N,N,LOWER MAINLAND,MARINE WAY & MARKET CROSSING & TURNING LANE,MARINE WAY,MARINE WAY,18:00-20:59,1,0
N,PROPERTY DAMAGE ONLY,MARY AVE,N,2024,THURSDAY,SINGLE VEHICLE,N,Y,49.216066,-122.937669,N,JANUARY,N,BURNABY,BURNABY,BURNABY,N,N,N,LOWER MAINLAND,12TH AVE & MARY AVE,12TH AVE,12TH AVE,18:00-20:59,1,0
N,PROPERTY DAMAGE ONLY,MCDONALD PARK RD,N,2024,THURSDAY,SIDE SWIPE - SAME DIRECTION,N,N,\N,\N,N,JANUARY,N,VICTORIA,VICTORIA,\N,N,N,N,VANCOUVER ISLAND,UNKNOWN,HWY 17,HWY 17,18:00-20:59,1,0
N,PROPERTY DAMAGE ONLY,MCGILL ST OFFRAMP,N,2024,THURSDAY,CONFLICTED,N,Y,49.287032,-123.031028,N,JANUARY,N,VANCOUVER,VANCOUVER,VANCOUVER,Y,N,N,LOWER MAINLAND,BRIDGEWAY OFFRAMP & E HASTINGS ST OFFRAMP & IRONWORKERS MEMORIAL BRIDGE & MCGILL ST & MCGILL ST OFFRAMP & MCGILL ST ONRAMP & TRANS-CANADA HWY,HWY 1,HWY 1,18:00-20:59,1,0
N,PROPERTY DAMAGE ONLY,MCGILL ST OFFRAMP,N,2024,THURSDAY,REAR END,N,Y,49.287032,-123.031028,N,JANUARY,N,VANCOUVER,VANCOUVER,VANCOUVER,N,N,N,LOWER MAINLAND,BRIDGEWAY OFFRAMP & E HASTINGS ST OFFRAMP & IRONWORKERS MEMORIAL BRIDGE & MCGILL ST & MCGILL ST OFFRAMP & MCGILL ST ONRAMP & TRANS-CANADA HWY,HWY 1,HWY 1,18:00-20:59,1,0
N,PROPERTY DAMAGE ONLY,MCGILL ST OFFRAMP,N,2024,THURSDAY,SINGLE VEHICLE,N,Y,49.287032,-123.031028,N,JANUARY,N,VANCOUVER,VANCOUVER,VANCOUVER,N,N,N,LOWER MAINLAND,BRIDGEWAY OFFRAMP & E HASTINGS ST OFFRAMP & IRONWORKERS MEMORIAL BRIDGE & MCGILL ST & MCGILL ST OFFRAMP & MCGILL ST ONRAMP & TRANS-CANADA HWY,TRANS-CANADA HWY,TRANS-CANADA HWY,18:00-20:59,1,0
N,PROPERTY DAMAGE ONLY,MCKAY AVE,N,2024,THURSDAY,SIDE IMPACT,N,Y,49.226821,-123.005649,N,JANUARY,N,BURNABY,BURNABY,BURNABY,N,N,N,LOWER MAINLAND,CENTRAL BLVD & MCKAY AVE,CENTRAL BLVD,CENTRAL BLVD,18:00-20:59,1,0
N,PROPERTY DAMAGE ONLY,MCMURRAY AVE,N,2024,THURSDAY,REAR END,N,Y,49.229941,-122.9964,N,JANUARY,N,BURNABY,BURNABY,BURNABY,N,N,N,LOWER MAINLAND,GRANGE ST & MCMURRAY AVE,GRANGE ST,GRANGE ST,18:00-20:59,1,0
N,PROPERTY DAMAGE ONLY,MCPHEDRAN RD,N,2024,THURSDAY,SINGLE VEHICLE,N,Y,50.007511,-125.253054,N,JANUARY,N,CAMPBELL RIVER,CAMPBELL RIVER,CAMPBELL RIVER,N,N,N,VANCOUVER ISLAND,EVERGREEN RD & MCPHEDRAN RD & MCPHEDRAN RD S,EVERGREEN RD,EVERGREEN RD,18:00-20:59,1,0
N,PROPERTY DAMAGE ONLY,MERECROFT RD,N,2024,THURSDAY,REAR END,N,N,\N,\N,N,JANUARY,N,CAMPBELL RIVER,CAMPBELL RIVER,\N,N,N,N,VANCOUVER ISLAND,UNKNOWN,S DOGWOOD ST,S DOGWOOD ST,18:00-20:59,1,0
N,PROPERTY DAMAGE ONLY,MUFFORD CRES,N,2024,THURSDAY,SIDE SWIPE - SAME DIRECTION,N,Y,49.113256,-122.644286,N,JANUARY,N,LANGLEY,LANGLEY,LANGLEY,N,N,N,LOWER MAINLAND,GLOVER RD & MUFFORD CRES,HWY 10,HWY 10,18:00-20:59,1,0
N,PROPERTY DAMAGE ONLY,MURDOCH AVE,N,2024,THURSDAY,REAR END,N,Y,49.167092,-123.140482,N,JANUARY,N,RICHMOND,RICHMOND,RICHMOND,N,N,N,LOWER MAINLAND,MINORU BLVD & MURDOCH AVE,MINORU BLVD,MINORU BLVD,18:00-20:59,1,0
N,PROPERTY DAMAGE ONLY,N FRASER WAY,N,2024,THURSDAY,UNDETERMINED,Y,N,\N,\N,N,JANUARY,N,BURNABY,BURNABY,\N,N,N,N,LOWER MAINLAND,UNKNOWN,MARINE WAY,MARINE WAY,18:00-20:59,1,0
N,PROPERTY DAMAGE ONLY,N RENFREW ST,N,2024,THURSDAY,REAR END,N,Y,49.288721,-123.044048,N,JANUARY,N,VANCOUVER,VANCOUVER,VANCOUVER,N,N,N,LOWER MAINLAND,MCGILL ST & N RENFREW ST,MCGILL ST,MCGILL ST,18:00-20:59,1,0
N,PROPERTY DAMAGE ONLY,NANAIMO,N,2024,THURSDAY,REAR END,N,N,\N,\N,N,JANUARY,N,VANCOUVER,VANCOUVER,\N,N,N,N,LOWER MAINLAND,UNKNOWN,E 12TH AVE,E 12TH AVE,18:00-20:59,1,0
N,PROPERTY DAMAGE ONLY,NELSON AVE,N,2024,THURSDAY,REAR END,N,Y,49.226885,-122.994223,N,JANUARY,N,BURNABY,BURNABY,BURNABY,N,N,N,LOWER MAINLAND,KINGSWAY & NELSON AVE & NEWTON ST & TURNING LANE,KINGSWAY,KINGSWAY,18:00-20:59,1,0
N,PROPERTY DAMAGE ONLY,NELSON AVE,N,2024,THURSDAY,REAR TO REAR,N,Y,49.207737,-122.998323,N,JANUARY,N,BURNABY,BURNABY,BURNABY,Y,N,N,LOWER MAINLAND,MARINE DR & NELSON AVE,MARINE DR,MARINE DR,18:00-20:59,1,0
N,PROPERTY DAMAGE ONLY,NELSON AVE,N,2024,THURSDAY,SIDE IMPACT,N,Y,49.218454,-122.994031,N,JANUARY,N,BURNABY,BURNABY,BURNABY,N,N,N,LOWER MAINLAND,NELSON AVE & VICTORY ST,VICTORY ST,VICTORY ST,18:00-20:59,1,0
N,PROPERTY DAMAGE ONLY,NELSON AVE,N,2024,THURSDAY,SINGLE VEHICLE,N,Y,49.221948,-122.994179,N,JANUARY,N,BURNABY,BURNABY,BURNABY,N,N,N,LOWER MAINLAND,IMPERIAL ST & NELSON AVE,IMPERIAL ST,IMPERIAL ST,18:00-20:59,1,0
N,PROPERTY DAMAGE ONLY,NELSON RD OFFRAMP,N,2024,THURSDAY,SIDE SWIPE - SAME DIRECTION,N,Y,49.176367,-123.015815,N,JANUARY,N,RICHMOND,RICHMOND,RICHMOND,N,N,N,LOWER MAINLAND,HWY 91 & NELSON RD OFFRAMP,HWY 91,HWY 91,18:00-20:59,1,0
N,PROPERTY DAMAGE ONLY,NELSON ST,N,2024,THURSDAY,SINGLE VEHICLE,N,Y,49.240841,-122.86507,N,JANUARY,N,COQUITLAM,COQUITLAM,COQUITLAM,N,N,N,LOWER MAINLAND,NELSON ST & QUADLING AVE,QUADLING AVE,QUADLING AVE,18:00-20:59,1,0
N,PROPERTY DAMAGE ONLY,NELSON ST,N,2024,THURSDAY,UNDETERMINED,Y,Y,49.28938,-123.138616,N,JANUARY,N,VANCOUVER,VANCOUVER,VANCOUVER,N,N,N,LOWER MAINLAND,DENMAN ST & NELSON ST,DENMAN ST,DENMAN ST,18:00-20:59,1,0
N,PROPERTY DAMAGE ONLY,NICOLA ST,N,2024,THURSDAY,CONFLICTED,N,Y,49.284116,-123.137992,N,JANUARY,N,VANCOUVER,VANCOUVER,VANCOUVER,Y,N,N,LOWER MAINLAND,NICOLA ST & PANTAGES LANE,PANTAGES LANE,PANTAGES LANE,18:00-20:59,1,0
N,PROPERTY DAMAGE ONLY,NICOLA ST,N,2024,THURSDAY,UNDETERMINED,N,Y,49.284452,-123.137481,N,JANUARY,N,VANCOUVER,VANCOUVER,VANCOUVER,N,N,N,LOWER MAINLAND,DAVIE ST & NICOLA ST,DAVIE ST,DAVIE ST,18:00-20:59,2,0
N,PROPERTY DAMAGE ONLY,NO 2 RD,N,2024,THURSDAY,SIDE SWIPE - SAME DIRECTION,N,Y,49.148345,-123.158969,N,JANUARY,N,RICHMOND,RICHMOND,RICHMOND,N,N,N,LOWER MAINLAND,FRANCIS RD & NO 2 RD,FRANCIS RD,FRANCIS RD,18:00-20:59,1,0
N,PROPERTY DAMAGE ONLY,NO 5 RD,N,2024,THURSDAY,REAR END,N,Y,49.140668,-123.091732,N,JANUARY,N,RICHMOND,RICHMOND,RICHMOND,N,N,N,LOWER MAINLAND,NO 5 RD & WILLIAMS RD,WILLIAMS RD,WILLIAMS RD,18:00-20:59,1,0
N,PROPERTY DAMAGE ONLY,NORCROSS RD,N,2024,THURSDAY,SINGLE VEHICLE,N,Y,48.821801,-123.69958,N,JANUARY,N,DUNCAN,DUNCAN,DUNCAN,N,N,N,VANCOUVER ISLAND,HERD RD & NORCROSS RD,HERD RD,HERD RD,18:00-20:59,1,0
N,PROPERTY DAMAGE ONLY,OAK ST,N,2024,THURSDAY,REAR END,N,Y,49.233947,-123.128076,N,JANUARY,N,VANCOUVER,VANCOUVER,VANCOUVER,N,N,N,LOWER MAINLAND,OAK ST & W 41ST AVE,W 41ST AVE,W 41ST AVE,18:00-20:59,2,0
N,PROPERTY DAMAGE ONLY,OAK ST BRIDGE,N,2024,THURSDAY,SINGLE VEHICLE,N,Y,49.204906,-123.129668,N,JANUARY,N,VANCOUVER,VANCOUVER,VANCOUVER,N,N,N,LOWER MAINLAND,OAK ST & OAK ST BRIDGE & OAK ST OFFRAMP & SW MARINE DR & SW MARINE DR OFFRAMP & W 72ND AVE & TURNING LANE,OAK ST,OAK ST,18:00-20:59,1,0
N,PROPERTY DAMAGE ONLY,OAKLAND ST,N,2024,THURSDAY,REAR END,N,Y,49.229387,-122.971985,N,JANUARY,N,BURNABY,BURNABY,BURNABY,N,N,N,LOWER MAINLAND,GILLEY AVE & OAKLAND ST,GILLEY AVE,GILLEY AVE,18:00-20:59,1,0
N,PROPERTY DAMAGE ONLY,OAKLAND ST,N,2024,THURSDAY,SIDE IMPACT,N,Y,49.229387,-122.971985,N,JANUARY,N,BURNABY,BURNABY,BURNABY,N,N,N,LOWER MAINLAND,GILLEY AVE & OAKLAND ST,GILLEY AVE,GILLEY AVE,18:00-20:59,1,0
N,PROPERTY DAMAGE ONLY,ONTARIO ST,N,2024,THURSDAY,CONFLICTED,N,Y,49.263014,-123.104885,N,JANUARY,N,VANCOUVER,VANCOUVER,VANCOUVER,N,N,N,LOWER MAINLAND,E BROADWAY & ONTARIO ST & W BROADWAY,E BROADWAY,E BROADWAY,18:00-20:59,1,0
N,PROPERTY DAMAGE ONLY,OSLER ST,N,2024,THURSDAY,REAR END,N,Y,49.210762,-123.131555,N,JANUARY,N,VANCOUVER,VANCOUVER,VANCOUVER,N,N,N,LOWER MAINLAND,OSLER ST & W 67TH AVE,W 67TH AVE,W 67TH AVE,18:00-20:59,1,0
N,PROPERTY DAMAGE ONLY,OSPIKA BLVD N,N,2024,THURSDAY,HEAD ON,N,N,\N,\N,N,JANUARY,N,PRINCE GEORGE,PRINCE GEORGE,\N,N,N,N,NORTH CENTRAL,UNKNOWN,TABOR BLVD,TABOR BLVD,18:00-20:59,1,0
N,PROPERTY DAMAGE ONLY,OTTAWA ST,N,2024,THURSDAY,UNDETERMINED,N,Y,49.255475,-122.747715,N,JANUARY,N,PORT COQUITLAM,PORT COQUITLAM,PORT COQUITLAM,N,N,N,LOWER MAINLAND,LOUGHEED HWY & OTTAWA ST & TURNING LANE,LOUGHEED HWY,LOUGHEED HWY,18:00-20:59,1,0
N,PROPERTY DAMAGE ONLY,PACIFIC ST,N,2024,THURSDAY,REAR END,N,Y,49.275682,-123.130429,N,JANUARY,N,VANCOUVER,VANCOUVER,VANCOUVER,N,N,N,LOWER MAINLAND,HOWE ST & PACIFIC ST,HOWE ST,HOWE ST,18:00-20:59,1,0
N,PROPERTY DAMAGE ONLY,PATTULLO BRIDGE,N,2024,THURSDAY,SIDE SWIPE - OPPOSITE DIRECTION,N,Y,49.205712,-122.885244,N,JANUARY,N,SURREY,SURREY,SURREY,N,N,N,LOWER MAINLAND,BRIDGE RD & KING GEORGE BLVD & PATTULLO BRIDGE,HWY 1A,HWY 1A,18:00-20:59,1,0
N,PROPERTY DAMAGE ONLY,PATULLO BRIDGE,N,2024,THURSDAY,SIDE SWIPE - SAME DIRECTION,N,N,\N,\N,N,JANUARY,N,NEW WESTMINSTER,NEW WESTMINSTER,\N,N,N,N,LOWER MAINLAND,UNKNOWN,HWY 1A,HWY 1A,18:00-20:59,1,0
N,PROPERTY DAMAGE ONLY,PHILLIPS AVE,N,2024,THURSDAY,SIDE IMPACT,N,Y,49.261216,-122.948616,N,JANUARY,N,BURNABY,BURNABY,BURNABY,N,N,N,LOWER MAINLAND,BROADWAY & PHILLIPS AVE,BROADWAY,BROADWAY,18:00-20:59,1,0
N,PROPERTY DAMAGE ONLY,PIEDMONT DR,N,2024,THURSDAY,SINGLE VEHICLE,N,N,\N,\N,N,JANUARY,N,VICTORIA,VICTORIA,\N,N,N,N,VANCOUVER ISLAND,UNKNOWN,PATRICIA BAY HWY,PATRICIA BAY HWY,18:00-20:59,1,0
N,PROPERTY DAMAGE ONLY,PINE ST,N,2024,THURSDAY,SIDE SWIPE - SAME DIRECTION,N,Y,49.267984,-123.14324,N,JANUARY,N,VANCOUVER,VANCOUVER,VANCOUVER,N,N,N,LOWER MAINLAND,PINE ST & W 4TH AVE,W 4TH AVE,W 4TH AVE,18:00-20:59,1,0
N,PROPERTY DAMAGE ONLY,PLAYERS DR,N,2024,THURSDAY,SINGLE VEHICLE,N,Y,48.473873,-123.517749,N,JANUARY,N,LANGFORD,LANGFORD,LANGFORD,N,N,N,VANCOUVER ISLAND,PLAYERS DR & SPIRIT RIDGE DR,SPIRIT RIDGE DR,SPIRIT RIDGE DR,18:00-20:59,1,0
N,PROPERTY DAMAGE ONLY,PORT MANN BRIDGE,N,2024,THURSDAY,UNDETERMINED,N,Y,49.227104,-122.819872,N,JANUARY,N,COQUITLAM,COQUITLAM,COQUITLAM,N,N,N,LOWER MAINLAND,MARY HILL BYPASS ONRAMP & PORT MANN BRIDGE & TRANS-CANADA HWY & UNITED BLVD,HWY 1,HWY 1,18:00-20:59,1,0
N,PROPERTY DAMAGE ONLY,PORTLAND ST,N,2024,THURSDAY,SIDE IMPACT,Y,Y,49.212119,-122.993912,N,JANUARY,N,BURNABY,BURNABY,BURNABY,N,N,N,LOWER MAINLAND,NELSON AVE & PORTLAND ST,NELSON AVE,NELSON AVE,18:00-20:59,1,0
N,PROPERTY DAMAGE ONLY,PRAIRIE VALLEY RD,N,2024,THURSDAY,REAR END,N,Y,49.603001,-119.665822,N,JANUARY,N,SUMMERLAND,SUMMERLAND,SUMMERLAND,N,N,N,SOUTHERN INTERIOR,HWY 97 & PRAIRIE VALLEY RD & SOLLY RD & TURNING LANE,HWY 97,HWY 97,18:00-20:59,1,0
N,PROPERTY DAMAGE ONLY,QUADING AVE,N,2024,THURSDAY,MULTIPLE IMPACTS,N,N,\N,\N,N,JANUARY,N,COQUITLAM,COQUITLAM,\N,N,N,N,LOWER MAINLAND,UNKNOWN,NELSON ST,NELSON ST,18:00-20:59,1,0
N,PROPERTY DAMAGE ONLY,QUADLING AVE,N,2024,THURSDAY,CONFLICTED,N,Y,49.240841,-122.86507,N,JANUARY,N,COQUITLAM,COQUITLAM,COQUITLAM,Y,N,N,LOWER MAINLAND,NELSON ST & QUADLING AVE,NELSON ST,NELSON ST,18:00-20:59,1,0
N,PROPERTY DAMAGE ONLY,QUADRA ST,N,2024,THURSDAY,CONFLICTED,N,Y,48.439434,-123.35918,N,JANUARY,N,VICTORIA,VICTORIA,VICTORIA,N,N,N,VANCOUVER ISLAND,HILLSIDE AVE & QUADRA ST,HILLSIDE AVE,HILLSIDE AVE,18:00-20:59,1,0
N,PROPERTY DAMAGE ONLY,QUEBEC ST,N,2024,THURSDAY,REAR END,N,Y,49.276355,-123.10275,N,JANUARY,N,VANCOUVER,VANCOUVER,VANCOUVER,N,N,N,LOWER MAINLAND,PACIFIC BLVD & QUEBEC ST,PACIFIC BLVD,PACIFIC BLVD,18:00-20:59,1,0
N,PROPERTY DAMAGE ONLY,QUEBEC ST,N,2024,THURSDAY,SIDE SWIPE - SAME DIRECTION,N,Y,49.260231,-123.103085,N,JANUARY,N,VANCOUVER,VANCOUVER,VANCOUVER,N,N,N,LOWER MAINLAND,E 12TH AVE & QUEBEC ST,E 12TH AVE,E 12TH AVE,18:00-20:59,1,0
N,PROPERTY DAMAGE ONLY,RAILWAY AVE,N,2024,THURSDAY,REAR END,N,Y,49.155611,-123.169835,N,JANUARY,N,RICHMOND,RICHMOND,RICHMOND,N,N,N,LOWER MAINLAND,BLUNDELL RD & RAILWAY AVE,BLUNDELL RD,BLUNDELL RD,18:00-20:59,1,0
N,PROPERTY DAMAGE ONLY,RIVER RD,N,2024,THURSDAY,SINGLE VEHICLE,N,N,\N,\N,N,JANUARY,N,RICHMOND,RICHMOND,\N,N,N,N,LOWER MAINLAND,UNKNOWN,NO. 8TH RD,NO. 8TH RD,18:00-20:59,1,0
N,PROPERTY DAMAGE ONLY,RIVER RD,N,2024,THURSDAY,UNDETERMINED,N,N,\N,\N,N,JANUARY,N,RICHMOND,RICHMOND,\N,N,N,N,LOWER MAINLAND,UNKNOWN,NO 2 RD,NO 2 RD,18:00-20:59,1,0
N,PROPERTY DAMAGE ONLY,ROBERTS ST,N,2024,THURSDAY,SINGLE VEHICLE,N,N,\N,\N,N,JANUARY,N,LADYSMITH,LADYSMITH,\N,N,N,N,VANCOUVER ISLAND,UNKNOWN,TRANS CANADA HWY,TRANS CANADA HWY,18:00-20:59,1,0
N,PROPERTY DAMAGE ONLY,ROBSON ST,N,2024,THURSDAY,REAR END,N,Y,49.280109,-123.11787,N,JANUARY,N,VANCOUVER,VANCOUVER,VANCOUVER,N,N,N,LOWER MAINLAND,RICHARDS ST & ROBSON ST,RICHARDS ST,RICHARDS ST,18:00-20:59,1,0
N,PROPERTY DAMAGE ONLY,ROSS ST NE,N,2024,THURSDAY,UNDETERMINED,N,Y,50.703019,-119.282371,N,JANUARY,N,SALMON ARM,SALMON ARM,SALMON ARM,Y,N,N,SOUTHERN INTERIOR,LAKESHORE DR NE & ROSS ST NE,LAKESHORE DR NE,LAKESHORE DR NE,18:00-20:59,1,0
N,PROPERTY DAMAGE ONLY,ROYAL AVE,N,2024,THURSDAY,SIDE SWIPE - SAME DIRECTION,N,Y,49.339164,-123.054509,N,JANUARY,N,NORTH VANCOUVER,NORTH VANCOUVER,NORTH VANCOUVER,Y,N,N,LOWER MAINLAND,E ST JAMES RD & ROYAL AVE,E ST JAMES RD,E ST JAMES RD,18:00-20:59,1,0
N,PROPERTY DAMAGE ONLY,RUMBLE ST,N,2024,THURSDAY,MULTIPLE IMPACTS,N,Y,49.215082,-122.960328,N,JANUARY,N,BURNABY,BURNABY,BURNABY,Y,N,N,LOWER MAINLAND,GRIFFITHS DR & RUMBLE ST,GRIFFITHS DR,GRIFFITHS DR,18:00-20:59,1,0
N,PROPERTY DAMAGE ONLY,RUMBLE ST,N,2024,THURSDAY,REAR END,N,Y,49.214843,-123.012359,N,JANUARY,N,BURNABY,BURNABY,BURNABY,Y,N,N,LOWER MAINLAND,PATTERSON AVE & RUMBLE ST,PATTERSON AVE,PATTERSON AVE,18:00-20:59,1,0
N,PROPERTY DAMAGE ONLY,RUMBLE ST,N,2024,THURSDAY,SIDE IMPACT,N,Y,49.215082,-122.960328,N,JANUARY,N,BURNABY,BURNABY,BURNABY,N,N,N,LOWER MAINLAND,GRIFFITHS DR & RUMBLE ST,GRIFFITHS DR,GRIFFITHS DR,18:00-20:59,1,0
N,PROPERTY DAMAGE ONLY,RUMBLE ST,N,2024,THURSDAY,SINGLE VEHICLE,N,Y,49.215082,-122.960328,N,JANUARY,N,BURNABY,BURNABY,BURNABY,N,N,N,LOWER MAINLAND,GRIFFITHS DR & RUMBLE ST,GRIFFITHS DR,GRIFFITHS DR,18:00-20:59,1,0
N,PROPERTY DAMAGE ONLY,RUPERT ST,N,2024,THURSDAY,SINGLE VEHICLE,Y,Y,49.264705,-123.033749,N,JANUARY,N,VANCOUVER,VANCOUVER,VANCOUVER,N,N,N,LOWER MAINLAND,E 6TH AVE & RUPERT ST,E 6TH AVE,E 6TH AVE,18:00-20:59,1,0
N,PROPERTY DAMAGE ONLY,SALISBURY AVE,N,2024,THURSDAY,REAR END,N,Y,49.215216,-122.957032,N,JANUARY,N,BURNABY,BURNABY,BURNABY,N,N,N,LOWER MAINLAND,18TH ST & EDMONDS ST & SALISBURY AVE,EDMONDS ST,EDMONDS ST,18:00-20:59,1,0
N,PROPERTY DAMAGE ONLY,SAWMILL CRES,N,2024,THURSDAY,UNDETERMINED,N,Y,49.207002,-123.03355,N,JANUARY,N,VANCOUVER,VANCOUVER,VANCOUVER,N,N,N,LOWER MAINLAND,MARINE WAY & SAWMILL CRES,MARINE WAY,MARINE WAY,18:00-20:59,1,0
N,PROPERTY DAMAGE ONLY,SAYWARD RD,N,2024,THURSDAY,SINGLE VEHICLE,N,Y,48.537577,-123.389272,N,JANUARY,N,SAANICH,SAANICH,SAANICH,N,N,N,VANCOUVER ISLAND,PATRICIA BAY HWY & SAYWARD RD & TURNING LANE,HWY 17,HWY 17,18:00-20:59,1,0
N,PROPERTY DAMAGE ONLY,SAYWARD RD,N,2024,THURSDAY,SINGLE VEHICLE,N,Y,48.537577,-123.389272,N,JANUARY,N,SAANICH,SAANICH,SAANICH,N,N,N,VANCOUVER ISLAND,PATRICIA BAY HWY & SAYWARD RD & TURNING LANE,PAT BAY HWY,PAT BAY HWY,18:00-20:59,1,0
N,PROPERTY DAMAGE ONLY,SE MARINE DR,N,2024,THURSDAY,SINGLE VEHICLE,N,N,\N,\N,N,JANUARY,N,UNKNOWN,UNKNOWN,\N,N,N,N,UNKNOWN,UNKNOWN,PRINCE EDWARD ST,PRINCE EDWARD ST,18:00-20:59,1,0
N,PROPERTY DAMAGE ONLY,SE MARINE DR,N,2024,THURSDAY,SINGLE VEHICLE,N,Y,49.211079,-123.077129,N,JANUARY,N,VANCOUVER,VANCOUVER,VANCOUVER,N,N,N,LOWER MAINLAND,KNIGHT ST & KNIGHT ST BRIDGE & SE MARINE DR & SE MARINE DR OFFRAMP & SE MARINE DR ONRAMP & BUS LANE,KNIGHT ST,KNIGHT ST,18:00-20:59,1,0
N,PROPERTY DAMAGE ONLY,SE MARINE DR OFFRAMP,N,2024,THURSDAY,SINGLE VEHICLE,Y,Y,49.211079,-123.077129,N,JANUARY,N,VANCOUVER,VANCOUVER,VANCOUVER,N,N,N,LOWER MAINLAND,KNIGHT ST & KNIGHT ST BRIDGE & SE MARINE DR & SE MARINE DR OFFRAMP & SE MARINE DR ONRAMP & BUS LANE,KNIGHT ST BRIDGE,KNIGHT ST BRIDGE,18:00-20:59,1,0
N,PROPERTY DAMAGE ONLY,SEA ISLAND WAY,N,2024,THURSDAY,REAR END,N,Y,49.190976,-123.132866,N,JANUARY,N,RICHMOND,RICHMOND,RICHMOND,N,N,N,LOWER MAINLAND,CORVETTE WAY & SEA ISLAND WAY,CORVETTE WAY,CORVETTE WAY,18:00-20:59,1,0
N,PROPERTY DAMAGE ONLY,SEA ISLAND WAY,N,2024,THURSDAY,REAR END,N,Y,49.192621,-123.14231,N,JANUARY,N,RICHMOND,RICHMOND,RICHMOND,N,N,N,LOWER MAINLAND,AIRPORT CONNECTOR BRIDGE & AIRPORT STATION & ARTHUR LAING BRIDGE & BRIDGEPORT RD & CESSNA DR & CESSNA DR OFRP & GRANT MCCONACHIE WAY & GRANT MCCONACHIE WAY OFRP & GRANT MCCONACHIE WAY ONRP & MILLER RD & RUSS BAKER WAY & RUSS BAKER WAY OFRP & RUSS BAKER W,RUSS BAKER WAY,RUSS BAKER WAY,18:00-20:59,1,0
N,PROPERTY DAMAGE ONLY,SEATON RD,N,2024,THURSDAY,UNDETERMINED,N,Y,49.14151,-123.102274,N,JANUARY,N,RICHMOND,RICHMOND,RICHMOND,N,N,N,LOWER MAINLAND,SEATON RD & SHELL RD,SHELL RD,SHELL RD,18:00-20:59,1,0
N,PROPERTY DAMAGE ONLY,SEE-EM-IA LANE,N,2024,THURSDAY,UNDETERMINED,N,Y,49.284068,-123.135756,N,JANUARY,N,VANCOUVER,VANCOUVER,VANCOUVER,N,N,N,LOWER MAINLAND,BROUGHTON ST & SEE-EM-IA LANE,BROUGHTON ST,BROUGHTON ST,18:00-20:59,1,0
N,PROPERTY DAMAGE ONLY,SEYMOUR MEWS,N,2024,THURSDAY,REAR END,N,Y,49.274389,-123.128397,N,JANUARY,N,VANCOUVER,VANCOUVER,VANCOUVER,N,N,N,LOWER MAINLAND,PACIFIC ST & SEYMOUR MEWS & SEYMOUR ST,PACIFIC ST,PACIFIC ST,18:00-20:59,1,0
N,PROPERTY DAMAGE ONLY,SHELL BEACH RD,N,2024,THURSDAY,SINGLE VEHICLE,N,Y,48.99233,-123.777029,N,JANUARY,N,LADYSMITH,LADYSMITH,LADYSMITH,N,N,N,VANCOUVER ISLAND,CHURCH RD & SHELL BEACH RD,CHURCH RD,CHURCH RD,18:00-20:59,1,0
N,PROPERTY DAMAGE ONLY,SHELL RD,N,2024,THURSDAY,REAR END,N,Y,49.177122,-123.102929,N,JANUARY,N,RICHMOND,RICHMOND,RICHMOND,N,N,N,LOWER MAINLAND,ALDERBRIDGE WAY & HWY 91 & SHELL RD & TURNING LANE,ALDERBRIDGE WAY,ALDERBRIDGE WAY,18:00-20:59,1,0
N,PROPERTY DAMAGE ONLY,SHERBROOKE ST,N,2024,THURSDAY,REAR END,N,Y,49.218165,-123.081595,N,JANUARY,N,VANCOUVER,VANCOUVER,VANCOUVER,N,N,N,LOWER MAINLAND,E 57TH AVE & SHERBROOKE ST,E 57TH AVE,E 57TH AVE,18:00-20:59,2,0
N,PROPERTY DAMAGE ONLY,SIDLEY ST,N,2024,THURSDAY,SINGLE VEHICLE,N,Y,49.217124,-122.981191,N,JANUARY,N,BURNABY,BURNABY,BURNABY,N,N,N,LOWER MAINLAND,KENNETH AVE & SIDLEY ST,KENNETH AVE,KENNETH AVE,18:00-20:59,1,0
N,PROPERTY DAMAGE ONLY,SIXTH AVE,N,2024,THURSDAY,REAR END,Y,Y,49.209625,-122.926885,N,JANUARY,N,NEW WESTMINSTER,NEW WESTMINSTER,NEW WESTMINSTER,N,N,N,LOWER MAINLAND,SIXTH AVE & TENTH ST,TENTH ST,TENTH ST,18:00-20:59,1,0
N,PROPERTY DAMAGE ONLY,SOMENOS RD,N,2024,THURSDAY,SINGLE VEHICLE,N,Y,48.803074,-123.736802,N,JANUARY,N,DUNCAN,DUNCAN,DUNCAN,N,N,N,VANCOUVER ISLAND,DRINKWATER RD & SOMENOS RD,DRINKWATER RD,DRINKWATER RD,18:00-20:59,2,0
N,PROPERTY DAMAGE ONLY,SOPHIA ST,N,2024,THURSDAY,SINGLE VEHICLE,N,Y,49.259277,-123.09834,N,JANUARY,N,VANCOUVER,VANCOUVER,VANCOUVER,N,N,N,LOWER MAINLAND,E 13TH AVE & SOPHIA ST,E 13TH AVE,E 13TH AVE,18:00-20:59,1,0
N,PROPERTY DAMAGE ONLY,SOUTH FRASER WAY,N,2024,THURSDAY,CONFLICTED,Y,Y,49.040074,-122.27126,N,JANUARY,N,ABBOTSFORD,ABBOTSFORD,ABBOTSFORD,N,N,N,LOWER MAINLAND,SOUTH FRASER WAY & SUMAS WAY & MALL ACCESS & TURNING LANE,HWY 11,HWY 11,18:00-20:59,1,0
N,PROPERTY DAMAGE ONLY,SOUTHWOOD ST,N,2024,THURSDAY,UNDETERMINED,N,Y,49.213613,-123.012389,N,JANUARY,N,BURNABY,BURNABY,BURNABY,N,N,N,LOWER MAINLAND,PATTERSON AVE & SOUTHWOOD ST,PATTERSON AVE,PATTERSON AVE,18:00-20:59,1,0
N,PROPERTY DAMAGE ONLY,ST CATHERINES ST,N,2024,THURSDAY,SIDE IMPACT,N,Y,49.264299,-123.085205,N,JANUARY,N,VANCOUVER,VANCOUVER,VANCOUVER,Y,N,N,LOWER MAINLAND,E 7TH AVE & ST CATHERINES ST,E 7TH AVE,E 7TH AVE,18:00-20:59,1,0
N,PROPERTY DAMAGE ONLY,ST GEORGE ST,N,2024,THURSDAY,REAR END,N,Y,49.207693,-123.094046,N,JANUARY,N,VANCOUVER,VANCOUVER,VANCOUVER,N,N,N,LOWER MAINLAND,E KENT AVE S & ST GEORGE ST,E KENT AVE S,E KENT AVE S,18:00-20:59,1,0
N,PROPERTY DAMAGE ONLY,STANLEY CRES,N,2024,THURSDAY,SIDE SWIPE - SAME DIRECTION,N,Y,49.232315,-122.953348,N,JANUARY,N,BURNABY,BURNABY,BURNABY,N,N,N,LOWER MAINLAND,BUCKINGHAM DR & STANLEY CRES,BUCKINGHAM DR,BUCKINGHAM DR,18:00-20:59,1,0
N,PROPERTY DAMAGE ONLY,STEVENS ST,N,2024,THURSDAY,SINGLE VEHICLE,N,Y,49.023801,-122.780617,N,JANUARY,N,WHITE ROCK,WHITE ROCK,WHITE ROCK,N,N,N,LOWER MAINLAND,BUENA VISTA AVE & STEVENS ST,BUENA VISTA AVE,BUENA VISTA AVE,18:00-20:59,1,0
N,PROPERTY DAMAGE ONLY,STEVESTON HWY,N,2024,THURSDAY,REAR END,N,Y,49.133385,-123.103242,N,JANUARY,N,RICHMOND,RICHMOND,RICHMOND,N,N,N,LOWER MAINLAND,SHELL RD & STEVESTON HWY,SHELL RD,SHELL RD,18:00-20:59,1,0
N,PROPERTY DAMAGE ONLY,STEVESTON HWY,N,2024,THURSDAY,REAR END,N,Y,49.133578,-123.080938,N,JANUARY,N,RICHMOND,RICHMOND,RICHMOND,N,N,N,LOWER MAINLAND,SIDAWAY RD & STEVESTON HWY,SIDAWAY RD,SIDAWAY RD,18:00-20:59,1,0
N,PROPERTY DAMAGE ONLY,STEVESTON HWY,N,2024,THURSDAY,SINGLE VEHICLE,N,Y,49.133365,-123.092135,N,JANUARY,N,RICHMOND,RICHMOND,RICHMOND,N,N,N,LOWER MAINLAND,NO 5 RD & STEVESTON HWY & TURNING LANE,NO 5 RD,NO 5 RD,18:00-20:59,1,0
N,PROPERTY DAMAGE ONLY,SUMMIT DR,N,2024,THURSDAY,REAR END,N,N,\N,\N,N,JANUARY,N,KAMLOOPS,KAMLOOPS,\N,N,N,N,SOUTHERN INTERIOR,UNKNOWN,COLUMBIA,COLUMBIA,18:00-20:59,1,0
N,PROPERTY DAMAGE ONLY,SUMMIT DR,N,2024,THURSDAY,REAR END,N,N,\N,\N,N,JANUARY,N,PORT MOODY,PORT MOODY,\N,N,N,N,LOWER MAINLAND,UNKNOWN,GATENSBURY RD,GATENSBURY RD,18:00-20:59,1,0
N,PROPERTY DAMAGE ONLY,SUNBIRD CRES,N,2024,THURSDAY,UNDETERMINED,N,Y,48.665736,-123.450608,N,JANUARY,N,NORTH SAANICH,NORTH SAANICH,NORTH SAANICH,Y,Y,N,VANCOUVER ISLAND,SUNBIRD CRES & TOTEM LANE,TOTEM LANE,TOTEM LANE,18:00-20:59,1,0
N,PROPERTY DAMAGE ONLY,SUNCREST DR,N,2024,THURSDAY,REAR END,N,Y,49.212286,-123.012407,N,JANUARY,N,BURNABY,BURNABY,BURNABY,N,N,N,LOWER MAINLAND,PATTERSON AVE & PORTLAND ST & SUNCREST DR,PATTERSON AVE,PATTERSON AVE,18:00-20:59,1,0
N,PROPERTY DAMAGE ONLY,SUSSEX AVE,N,2024,THURSDAY,CONFLICTED,N,Y,49.228382,-122.99935,N,JANUARY,N,BURNABY,BURNABY,BURNABY,N,N,N,LOWER MAINLAND,KINGSWAY & SUSSEX AVE,KINGSWAY,KINGSWAY,18:00-20:59,2,0
N,PROPERTY DAMAGE ONLY,SUSSEX AVE,N,2024,THURSDAY,CONFLICTED,N,Y,49.229978,-122.997768,N,JANUARY,N,BURNABY,BURNABY,BURNABY,N,N,N,LOWER MAINLAND,GRANGE ST & SUSSEX AVE,GRANGE ST,GRANGE ST,18:00-20:59,1,0
N,PROPERTY DAMAGE ONLY,SUSSEX AVE,N,2024,THURSDAY,REAR END,N,Y,49.209152,-123.004976,N,JANUARY,N,BURNABY,BURNABY,BURNABY,N,N,N,LOWER MAINLAND,MARINE DR & SUSSEX AVE,MARINE DR,MARINE DR,18:00-20:59,1,0
N,PROPERTY DAMAGE ONLY,SUSSEX AVE,N,2024,THURSDAY,REAR END,N,Y,49.228382,-122.99935,N,JANUARY,N,BURNABY,BURNABY,BURNABY,N,N,N,LOWER MAINLAND,KINGSWAY & SUSSEX AVE,KINGSWAY,KINGSWAY,18:00-20:59,1,0
N,PROPERTY DAMAGE ONLY,SUTIACUM RD,N,2024,THURSDAY,REAR END,N,Y,48.342682,-123.596109,N,JANUARY,N,EAST SOOKE,EAST SOOKE,EAST SOOKE,Y,N,N,VANCOUVER ISLAND,EAST SOOKE RD & SUTIACUM RD,EAST SOOKE RD,EAST SOOKE RD,18:00-20:59,1,0
N,PROPERTY DAMAGE ONLY,SW MARINE DR,N,2024,THURSDAY,SIDE IMPACT,Y,Y,49.204906,-123.129668,N,JANUARY,N,VANCOUVER,VANCOUVER,VANCOUVER,Y,N,N,LOWER MAINLAND,OAK ST & OAK ST BRIDGE & OAK ST OFFRAMP & SW MARINE DR & SW MARINE DR OFFRAMP & W 72ND AVE & TURNING LANE,OAK ST,OAK ST,18:00-20:59,1,0
N,PROPERTY DAMAGE ONLY,SW MARINE DR,N,2024,THURSDAY,SIDE SWIPE - SAME DIRECTION,Y,Y,49.204906,-123.129668,N,JANUARY,N,VANCOUVER,VANCOUVER,VANCOUVER,N,N,N,LOWER MAINLAND,OAK ST & OAK ST BRIDGE & OAK ST OFFRAMP & SW MARINE DR & SW MARINE DR OFFRAMP & W 72ND AVE & TURNING LANE,OAK ST BRIDGE,OAK ST BRIDGE,18:00-20:59,1,0
N,PROPERTY DAMAGE ONLY,THOMAS AVE,N,2024,THURSDAY,REAR END,N,Y,49.242717999999996,-122.86509,N,JANUARY,N,COQUITLAM,COQUITLAM,COQUITLAM,N,N,N,LOWER MAINLAND,NELSON ST & THOMAS AVE,NELSON ST,NELSON ST,18:00-20:59,1,0
N,PROPERTY DAMAGE ONLY,THOMAS AVE,N,2024,THURSDAY,REAR END,N,Y,49.24276,-122.862244,N,JANUARY,N,COQUITLAM,COQUITLAM,COQUITLAM,N,N,N,LOWER MAINLAND,MARMONT ST & THOMAS AVE,MARMONT ST,MARMONT ST,18:00-20:59,1,0
N,PROPERTY DAMAGE ONLY,THOMAS AVE,N,2024,THURSDAY,SIDE IMPACT,N,Y,49.242809,-122.857312,N,JANUARY,N,COQUITLAM,COQUITLAM,COQUITLAM,Y,N,N,LOWER MAINLAND,LAVAL ST & THOMAS AVE,LAVAL ST,LAVAL ST,18:00-20:59,1,0
N,PROPERTY DAMAGE ONLY,TOWNE RD,N,2024,THURSDAY,SINGLE VEHICLE,N,Y,49.048972,-122.089705,N,JANUARY,N,ABBOTSFORD,ABBOTSFORD,ABBOTSFORD,N,N,N,LOWER MAINLAND,BELROSE RD & TOWNE RD,BELROSE RD,BELROSE RD,18:00-20:59,1,0
N,PROPERTY DAMAGE ONLY,TRANS-CANADA HWY,N,2024,THURSDAY,REAR END,N,Y,48.458097,-123.390399,N,JANUARY,N,SAANICH,SAANICH,SAANICH,N,N,N,VANCOUVER ISLAND,GALLOPING GOOSE TRAIL & TILLICUM RD & TRANS-CANADA HWY & TURNING LANE,TILLICUM RD,TILLICUM RD,18:00-20:59,1,0
N,PROPERTY DAMAGE ONLY,TRAPP AVE,N,2024,THURSDAY,CONFLICTED,N,Y,49.197262,-122.954739,N,JANUARY,N,BURNABY,BURNABY,BURNABY & NEW WESTMINSTER,Y,N,N,LOWER MAINLAND,FENWICK ST & TRAPP AVE & TRAPP RD,FENWICK ST,FENWICK ST,18:00-20:59,1,0
N,PROPERTY DAMAGE ONLY,TRETHEWEY ST,N,2024,THURSDAY,SINGLE VEHICLE,N,Y,49.055057,-122.326767,N,JANUARY,N,ABBOTSFORD,ABBOTSFORD,ABBOTSFORD,N,N,N,LOWER MAINLAND,GEORGE FERGUSON WAY & TRETHEWEY ST,GEORGE FERGUSON WAY,GEORGE FERGUSON WAY,18:00-20:59,1,0
N,PROPERTY DAMAGE ONLY,U/K,N,2024,THURSDAY,SINGLE VEHICLE,N,N,\N,\N,N,JANUARY,N,WHITE ROCK,WHITE ROCK,\N,N,N,N,LOWER MAINLAND,UNKNOWN,RUSSELL AVE,RUSSELL AVE,18:00-20:59,1,0
N,PROPERTY DAMAGE ONLY,UNKNOWN,N,2024,THURSDAY,CONFLICTED,N,N,\N,\N,N,JANUARY,N,PORT COQUITLAM,PORT COQUITLAM,\N,N,N,N,LOWER MAINLAND,UNKNOWN,PITT RIVER RD,PITT RIVER RD,18:00-20:59,1,0
N,PROPERTY DAMAGE ONLY,UNKNOWN,N,2024,THURSDAY,UNDETERMINED,Y,N,\N,\N,N,JANUARY,N,SURREY,SURREY,\N,N,Y,N,LOWER MAINLAND,UNKNOWN,103A AVE,103A AVE,18:00-20:59,1,0
N,PROPERTY DAMAGE ONLY,VEDDER RD,N,2024,THURSDAY,REAR TO REAR,N,Y,49.111297,-121.957926,N,JANUARY,N,CHILLIWACK,CHILLIWACK,CHILLIWACK,Y,Y,N,LOWER MAINLAND,PROMONTORY RD & VEDDER RD & WATSON RD,PROMONTORY RD,PROMONTORY RD,18:00-20:59,1,0
N,PROPERTY DAMAGE ONLY,VICTORIA DR,N,2024,THURSDAY,SIDE IMPACT,N,Y,49.240059,-123.065367,N,JANUARY,Y,VANCOUVER,VANCOUVER,VANCOUVER,N,N,N,LOWER MAINLAND,E 33RD AVE & VICTORIA DR,E 33RD AVE,E 33RD AVE,18:00-20:59,1,0
N,PROPERTY DAMAGE ONLY,VINE ST,N,2024,THURSDAY,UNDETERMINED,N,Y,49.238369,-123.159792,N,JANUARY,N,VANCOUVER,VANCOUVER,VANCOUVER,Y,N,N,LOWER MAINLAND,VINE ST & W 37TH AVE,W 37TH AVE,W 37TH AVE,18:00-20:59,1,0
N,PROPERTY DAMAGE ONLY,W 16TH AVE,N,2024,THURSDAY,REAR END,N,Y,49.257053,-123.138793,N,JANUARY,N,VANCOUVER,VANCOUVER,VANCOUVER,N,N,N,LOWER MAINLAND,GRANVILLE ST & MARPOLE AVE & W 16TH AVE,GRANVILLE ST,GRANVILLE ST,18:00-20:59,1,0
N,PROPERTY DAMAGE ONLY,W 1ST AVE,N,2024,THURSDAY,MULTIPLE IMPACTS,N,Y,49.27086,-123.157415,N,JANUARY,N,VANCOUVER,VANCOUVER,VANCOUVER,Y,N,N,LOWER MAINLAND,VINE ST & W 1ST AVE,VINE ST,VINE ST,18:00-20:59,1,0
N,PROPERTY DAMAGE ONLY,W 1ST AVE,N,2024,THURSDAY,SIDE IMPACT,N,Y,49.27086,-123.157415,N,JANUARY,N,VANCOUVER,VANCOUVER,VANCOUVER,Y,N,N,LOWER MAINLAND,VINE ST & W 1ST AVE,VINE ST,VINE ST,18:00-20:59,1,0
N,PROPERTY DAMAGE ONLY,W 1ST AVE,N,2024,THURSDAY,SIDE IMPACT,N,Y,49.270898,-123.159758,N,JANUARY,N,VANCOUVER,VANCOUVER,VANCOUVER,N,N,N,LOWER MAINLAND,BALSAM ST & W 1ST AVE,BALSAM ST,BALSAM ST,18:00-20:59,1,0
N,PROPERTY DAMAGE ONLY,W 27TH AVE,N,2024,THURSDAY,UNDETERMINED,N,Y,49.247141,-123.122406,N,JANUARY,N,VANCOUVER,VANCOUVER,VANCOUVER,N,N,N,LOWER MAINLAND,W 27TH AVE & WILLOW ST,WILLOW ST,WILLOW ST,18:00-20:59,1,0
N,PROPERTY DAMAGE ONLY,W 3RD AVE,N,2024,THURSDAY,SINGLE VEHICLE,N,Y,49.26922,-123.166329,N,JANUARY,N,VANCOUVER,VANCOUVER,VANCOUVER,N,N,N,LOWER MAINLAND,STEPHENS ST & W 3RD AVE,STEPHENS ST,STEPHENS ST,18:00-20:59,1,0
N,PROPERTY DAMAGE ONLY,W 41ST AVE,N,2024,THURSDAY,HEAD ON,N,Y,49.234777,-123.19622,N,JANUARY,N,UBC,UBC,UBC & VANCOUVER,N,N,N,LOWER MAINLAND,CAMOSUN ST & SW MARINE DR & W 41ST AVE & TURNING LANE,SW MARINE DR,SW MARINE DR,18:00-20:59,1,0
N,PROPERTY DAMAGE ONLY,W 41ST AVE,N,2024,THURSDAY,REAR END,N,Y,49.234777,-123.19622,N,JANUARY,N,UBC,UBC,UBC & VANCOUVER,N,N,N,LOWER MAINLAND,CAMOSUN ST & SW MARINE DR & W 41ST AVE & TURNING LANE,SW MARINE DR,SW MARINE DR,18:00-20:59,1,0
N,PROPERTY DAMAGE ONLY,W 43RD AVE,N,2024,THURSDAY,UNDETERMINED,N,Y,49.232856,-123.16425,N,JANUARY,N,VANCOUVER,VANCOUVER,VANCOUVER,Y,N,N,LOWER MAINLAND,ELM ST & W 43RD AVE,ELM ST,ELM ST,18:00-20:59,1,0
N,PROPERTY DAMAGE ONLY,W 45TH AVE,N,2024,THURSDAY,SINGLE VEHICLE,N,Y,49.230745,-123.147807,N,JANUARY,N,VANCOUVER,VANCOUVER,VANCOUVER,N,N,N,LOWER MAINLAND,ANGUS DR & W 45TH AVE,ANGUS DR,ANGUS DR,18:00-20:59,1,0
N,PROPERTY DAMAGE ONLY,W 46TH AVE,N,2024,THURSDAY,HEAD ON,N,Y,49.229518,-123.134999,N,JANUARY,N,VANCOUVER,VANCOUVER,VANCOUVER,Y,N,N,LOWER MAINLAND,HUDSON ST & W 46TH AVE,HUDSON ST,HUDSON ST,18:00-20:59,1,0
N,PROPERTY DAMAGE ONLY,W 46TH AVE,N,2024,THURSDAY,REAR END,N,Y,49.229518,-123.134999,N,JANUARY,N,VANCOUVER,VANCOUVER,VANCOUVER,N,N,N,LOWER MAINLAND,HUDSON ST & W 46TH AVE,HUDSON ST,HUDSON ST,18:00-20:59,1,0
N,PROPERTY DAMAGE ONLY,W 47TH AVE,N,2024,THURSDAY,REAR END,N,Y,49.228518,-123.13203,N,JANUARY,N,VANCOUVER,VANCOUVER,VANCOUVER,N,N,N,LOWER MAINLAND,MONTGOMERY ST & W 47TH AVE,MONTGOMERY ST,MONTGOMERY ST,18:00-20:59,1,0
N,PROPERTY DAMAGE ONLY,W 49TH AVE,N,2024,THURSDAY,REAR END,N,Y,49.227153,-123.154798,N,JANUARY,N,VANCOUVER,VANCOUVER,VANCOUVER,N,N,N,LOWER MAINLAND,ARBUTUS GREENWAY & ARBUTUS ST & EAST BOULEVARD & W 49TH AVE & WEST BOULEVARD,WEST BOULEVARD,WEST BOULEVARD,18:00-20:59,1,0
N,PROPERTY DAMAGE ONLY,W 4TH AVE,N,2024,THURSDAY,SINGLE VEHICLE,N,Y,49.267228,-123.136137,N,JANUARY,N,VANCOUVER,VANCOUVER,VANCOUVER,N,N,N,LOWER MAINLAND,HEMLOCK ST & W 4TH AVE,HEMLOCK ST,HEMLOCK ST,18:00-20:59,1,0
N,PROPERTY DAMAGE ONLY,W 4TH ST,N,2024,THURSDAY,UNDETERMINED,N,Y,49.314216,-123.076274,N,JANUARY,N,NORTH VANCOUVER,NORTH VANCOUVER,NORTH VANCOUVER,N,N,N,LOWER MAINLAND,E 4TH ST & LONSDALE AVE & W 4TH ST,LONSDALE AVE,LONSDALE AVE,18:00-20:59,1,0
N,PROPERTY DAMAGE ONLY,W 57TH AVE,N,2024,THURSDAY,REAR END,N,Y,49.219269,-123.13404,N,JANUARY,N,VANCOUVER,VANCOUVER,VANCOUVER,N,N,N,LOWER MAINLAND,HUDSON ST & W 57TH AVE,HUDSON ST,HUDSON ST,18:00-20:59,1,0
N,PROPERTY DAMAGE ONLY,W 57TH AVE,N,2024,THURSDAY,REAR END,N,Y,49.219424,-123.143806,N,JANUARY,N,VANCOUVER,VANCOUVER,VANCOUVER,Y,N,N,LOWER MAINLAND,ADERA ST & W 57TH AVE,ADERA ST,ADERA ST,18:00-20:59,1,0
N,PROPERTY DAMAGE ONLY,W 57TH AVE,N,2024,THURSDAY,UNDETERMINED,N,Y,49.219452,-123.14825,N,JANUARY,N,VANCOUVER,VANCOUVER,VANCOUVER,N,N,N,LOWER MAINLAND,ANGUS DR & W 57TH AVE,ANGUS DR,ANGUS DR,18:00-20:59,1,0
N,PROPERTY DAMAGE ONLY,W 5TH AVE,N,2024,THURSDAY,UNDETERMINED,N,Y,49.267431,-123.164552,N,JANUARY,N,VANCOUVER,VANCOUVER,VANCOUVER,N,N,N,LOWER MAINLAND,TRAFALGAR ST & W 5TH AVE,TRAFALGAR ST,TRAFALGAR ST,18:00-20:59,1,0
N,PROPERTY DAMAGE ONLY,W 60TH AVE,N,2024,THURSDAY,REAR END,N,Y,49.21715,-123.149116,N,JANUARY,N,VANCOUVER,VANCOUVER,VANCOUVER,N,N,N,LOWER MAINLAND,W 60TH AVE & WEST BOULEVARD,WEST BOULEVARD,WEST BOULEVARD,18:00-20:59,1,0
N,PROPERTY DAMAGE ONLY,W 67TH AVE,N,2024,THURSDAY,SIDE SWIPE - SAME DIRECTION,N,Y,49.210743,-123.130188,N,JANUARY,N,VANCOUVER,VANCOUVER,VANCOUVER,N,N,N,LOWER MAINLAND,OAK ST & W 67TH AVE,OAK ST,OAK ST,18:00-20:59,1,0
N,PROPERTY DAMAGE ONLY,W 68TH AVE,N,2024,THURSDAY,SINGLE VEHICLE,N,Y,49.210559,-123.143661,N,JANUARY,N,VANCOUVER,VANCOUVER,VANCOUVER,N,N,N,LOWER MAINLAND,ADERA ST & W 68TH AVE,ADERA ST,ADERA ST,18:00-20:59,1,0
N,PROPERTY DAMAGE ONLY,W 6TH AVE,N,2024,THURSDAY,REAR END,N,Y,49.266195,-123.136,N,JANUARY,N,VANCOUVER,VANCOUVER,VANCOUVER,N,N,N,LOWER MAINLAND,HEMLOCK ST & W 6TH AVE,HEMLOCK ST,HEMLOCK ST,18:00-20:59,1,0
N,PROPERTY DAMAGE ONLY,W 71ST AVE,N,2024,THURSDAY,REAR END,N,Y,49.206976,-123.134664,N,JANUARY,N,VANCOUVER,VANCOUVER,VANCOUVER,N,N,N,LOWER MAINLAND,HUDSON ST & W 71ST AVE,HUDSON ST,HUDSON ST,18:00-20:59,1,0
N,PROPERTY DAMAGE ONLY,W 72ND AVE,N,2024,THURSDAY,REAR END,N,Y,49.205656,-123.131727,N,JANUARY,N,VANCOUVER,VANCOUVER,VANCOUVER,N,N,N,LOWER MAINLAND,OSLER ST & W 72ND AVE,OSLER ST,OSLER ST,18:00-20:59,1,0
N,PROPERTY DAMAGE ONLY,W 7TH AVE,N,2024,THURSDAY,REAR END,N,Y,49.265417,-123.143322,N,JANUARY,N,VANCOUVER,VANCOUVER,VANCOUVER,Y,N,N,LOWER MAINLAND,PINE ST & W 7TH AVE,PINE ST,PINE ST,18:00-20:59,1,0
N,PROPERTY DAMAGE ONLY,W 7TH AVE,N,2024,THURSDAY,REAR TO REAR,N,Y,49.265417,-123.143322,N,JANUARY,N,VANCOUVER,VANCOUVER,VANCOUVER,N,N,N,LOWER MAINLAND,PINE ST & W 7TH AVE,PINE ST,PINE ST,18:00-20:59,1,0
N,PROPERTY DAMAGE ONLY,W BROADWAY,N,2024,THURSDAY,REAR END,N,Y,49.263205,-123.114853,N,JANUARY,N,VANCOUVER,VANCOUVER,VANCOUVER,N,N,N,LOWER MAINLAND,CAMBIE ST & W BROADWAY,CAMBIE ST,CAMBIE ST,18:00-20:59,1,0
N,PROPERTY DAMAGE ONLY,W HASTINGS ST,N,2024,THURSDAY,REAR END,N,Y,49.284046000000004,-123.111908,N,JANUARY,N,VANCOUVER,VANCOUVER,VANCOUVER,N,N,N,LOWER MAINLAND,RICHARDS ST & W HASTINGS ST,RICHARDS ST,RICHARDS ST,18:00-20:59,1,0
N,PROPERTY DAMAGE ONLY,W KENT AVE N,N,2024,THURSDAY,UNDETERMINED,N,Y,49.206434,-123.115307,N,JANUARY,N,VANCOUVER,VANCOUVER,VANCOUVER,Y,N,N,LOWER MAINLAND,W KENT AVE N & YUKON ST,YUKON ST,YUKON ST,18:00-20:59,1,0
N,PROPERTY DAMAGE ONLY,WALLACE ST,N,2024,THURSDAY,UNDETERMINED,N,Y,49.262624,-123.190878,N,JANUARY,N,VANCOUVER,VANCOUVER,VANCOUVER,N,N,N,LOWER MAINLAND,W 11TH AVE & WALLACE ST,W 11TH AVE,W 11TH AVE,18:00-20:59,1,0
N,PROPERTY DAMAGE ONLY,WARE ST,N,2024,THURSDAY,SIDE IMPACT,N,Y,49.03827,-122.30453,N,JANUARY,N,ABBOTSFORD,ABBOTSFORD,ABBOTSFORD,N,N,N,LOWER MAINLAND,MARSHALL RD & WARE ST,MARSHALL RD,MARSHALL RD,18:00-20:59,1,0
N,PROPERTY DAMAGE ONLY,WARE ST,N,2024,THURSDAY,SINGLE VEHICLE,N,Y,49.052993,-122.304171,N,JANUARY,N,ABBOTSFORD,ABBOTSFORD,ABBOTSFORD,N,N,N,LOWER MAINLAND,GEORGE FERGUSON WAY & WARE ST,GEORGE FERGUSON WAY,GEORGE FERGUSON WAY,18:00-20:59,1,0
N,PROPERTY DAMAGE ONLY,WESBROOK CRES,N,2024,THURSDAY,SINGLE VEHICLE,N,Y,49.273099,-123.248777,N,JANUARY,N,UBC,UBC,UBC,N,N,N,LOWER MAINLAND,CHANCELLOR BLVD & CHANCELLOR MEWS & WESBROOK CRES & WESBROOK MALL & TURNING LANE,CHANCELLOR BLVD,CHANCELLOR BLVD,18:00-20:59,1,0
N,PROPERTY DAMAGE ONLY,WILLARD ST,N,2024,THURSDAY,MULTIPLE IMPACTS,N,Y,49.200582,-122.965994,N,JANUARY,N,BURNABY,BURNABY,BURNABY,Y,N,N,LOWER MAINLAND,12TH AVE & WILLARD ST,12TH AVE,12TH AVE,18:00-20:59,1,0
N,PROPERTY DAMAGE ONLY,WILLINGDON AVE,N,2024,THURSDAY,SINGLE VEHICLE,N,Y,49.227649,-123.007555,N,JANUARY,N,BURNABY,BURNABY,BURNABY,N,N,N,LOWER MAINLAND,CENTRAL BLVD & WILLINGDON AVE,CENTRAL BLVD,CENTRAL BLVD,18:00-20:59,1,0
N,PROPERTY DAMAGE ONLY,WILLINGDON AVE,N,2024,THURSDAY,SINGLE VEHICLE,N,Y,49.230223,-123.004835,N,JANUARY,N,BURNABY,BURNABY,BURNABY,N,Y,N,LOWER MAINLAND,KINGSWAY & WILLINGDON AVE & TURNING LANE,KINGSWAY,KINGSWAY,18:00-20:59,1,0
N,PROPERTY DAMAGE ONLY,WILLINGDON AVE OFFRAMP,N,2024,THURSDAY,SINGLE VEHICLE,N,Y,49.257636,-123.004065,N,JANUARY,N,BURNABY,BURNABY,BURNABY,N,N,N,LOWER MAINLAND,GRANDVIEW HWY & GRANDVIEW HWY ONRAMP & TRANS-CANADA HWY & TRANS-CANADA HWY ONRAMP & WILLINGDON AVE & WILLINGDON AVE OFFRAMP & EMERGENCY LANE,HWY 1,HWY 1,18:00-20:59,1,0
N,PROPERTY DAMAGE ONLY,WILLOW ST,N,2024,THURSDAY,UNDETERMINED,N,Y,49.233812,-123.123875,N,JANUARY,N,VANCOUVER,VANCOUVER,VANCOUVER,N,N,N,LOWER MAINLAND,W 41ST AVE & WILLOW ST,W 41ST AVE,W 41ST AVE,18:00-20:59,1,0
N,PROPERTY DAMAGE ONLY,WINDSOR ST,N,2024,THURSDAY,SIDE IMPACT,N,Y,49.253845,-123.083718,N,JANUARY,N,VANCOUVER,VANCOUVER,VANCOUVER,N,N,N,LOWER MAINLAND,KINGSWAY & WINDSOR ST,KINGSWAY,KINGSWAY,18:00-20:59,1,0
N,PROPERTY DAMAGE ONLY,WOODLAND DR,N,2024,THURSDAY,REAR END,N,Y,49.259606,-123.073693,N,JANUARY,N,VANCOUVER,VANCOUVER,VANCOUVER,N,N,N,LOWER MAINLAND,E 12TH AVE & WOODLAND DR,E 12TH AVE,E 12TH AVE,18:00-20:59,2,0
N,PROPERTY DAMAGE ONLY,WOODWARD DR,N,2024,THURSDAY,SINGLE VEHICLE,N,Y,48.563935,-123.459851,N,JANUARY,N,CENTRAL SAANICH,CENTRAL SAANICH,CENTRAL SAANICH,N,N,N,VANCOUVER ISLAND,WALLACE DR & WOODWARD DR,WALLACE DR,WALLACE DR,18:00-20:59,1,0
N,PROPERTY DAMAGE ONLY,YEW ST,N,2024,THURSDAY,REAR END,N,Y,49.269938,-123.155074,N,JANUARY,N,VANCOUVER,VANCOUVER,VANCOUVER,N,N,N,LOWER MAINLAND,W 2ND AVE & YEW ST,W 2ND AVE,W 2ND AVE,18:00-20:59,1,0
N,PROPERTY DAMAGE ONLY,YUKON CRES,N,2024,THURSDAY,SIDE IMPACT,N,Y,49.263714,-122.995281,N,JANUARY,N,BURNABY,BURNABY,BURNABY,N,N,N,LOWER MAINLAND,DAWSON ST & DELTA AVE & YUKON CRES,DAWSON ST,DAWSON ST,18:00-20:59,1,0
Y,CASUALTY CRASH,PORTEOUS RD,N,2024,THURSDAY,SINGLE VEHICLE,N,Y,49.613567,-115.898525,N,JANUARY,N,WYCLIFFE,WYCLIFFE,WYCLIFFE,N,N,N,SOUTHERN INTERIOR,HWY 95A & PORTEOUS RD,HWY 95A,HWY 95A,18:00-20:59,1,1
Y,PROPERTY DAMAGE ONLY,\N,N,2024,THURSDAY,SINGLE VEHICLE,N,N,\N,\N,N,JANUARY,N,100 MILE HOUSE,100 MILE HOUSE,\N,N,N,N,NORTH CENTRAL,UNKNOWN,HWY 24,HWY 24,18:00-20:59,1,0
Y,PROPERTY DAMAGE ONLY,\N,N,2024,THURSDAY,SINGLE VEHICLE,N,N,\N,\N,N,JANUARY,N,BUICK,BUICK,\N,N,N,N,NORTH CENTRAL,UNKNOWN,HARDER RD,HARDER RD,18:00-20:59,1,0
Y,PROPERTY DAMAGE ONLY,\N,N,2024,THURSDAY,SINGLE VEHICLE,N,N,\N,\N,N,JANUARY,N,CANAL FLATS,CANAL FLATS,\N,N,N,N,SOUTHERN INTERIOR,UNKNOWN,HWY 93 AND 95,HWY 93 AND 95,18:00-20:59,1,0
Y,PROPERTY DAMAGE ONLY,\N,N,2024,THURSDAY,SINGLE VEHICLE,N,N,\N,\N,N,JANUARY,N,CASTLEGAR,CASTLEGAR,\N,N,N,N,SOUTHERN INTERIOR,UNKNOWN,COLUMBIA AVE,COLUMBIA AVE,18:00-20:59,1,0
Y,PROPERTY DAMAGE ONLY,\N,N,2024,THURSDAY,SINGLE VEHICLE,N,N,\N,\N,N,JANUARY,N,CAWSTON,CAWSTON,\N,N,N,N,SOUTHERN INTERIOR,UNKNOWN,HWY 3,HWY 3,18:00-20:59,1,0
Y,PROPERTY DAMAGE ONLY,\N,N,2024,THURSDAY,SINGLE VEHICLE,N,N,\N,\N,N,JANUARY,N,CHETWYND,CHETWYND,\N,N,N,N,NORTH CENTRAL,UNKNOWN,HWY 29,HWY 29,18:00-20:59,1,0
Y,PROPERTY DAMAGE ONLY,\N,N,2024,THURSDAY,SINGLE VEHICLE,N,N,\N,\N,N,JANUARY,N,CRANBROOK,CRANBROOK,\N,N,N,N,SOUTHERN INTERIOR,UNKNOWN,HWY 95A,HWY 95A,18:00-20:59,1,0
Y,PROPERTY DAMAGE ONLY,\N,N,2024,THURSDAY,SINGLE VEHICLE,N,N,\N,\N,N,JANUARY,N,GRAND FORKS,GRAND FORKS,\N,N,N,N,SOUTHERN INTERIOR,UNKNOWN,HWY 3,HWY 3,18:00-20:59,1,0
Y,PROPERTY DAMAGE ONLY,\N,N,2024,THURSDAY,SINGLE VEHICLE,N,N,\N,\N,N,JANUARY,N,GRASMERE,GRASMERE,\N,N,N,N,SOUTHERN INTERIOR,UNKNOWN,HWY 93,HWY 93,18:00-20:59,1,0
Y,PROPERTY DAMAGE ONLY,\N,N,2024,THURSDAY,SINGLE VEHICLE,N,N,\N,\N,N,JANUARY,N,MERRITT,MERRITT,\N,N,N,N,SOUTHERN INTERIOR,UNKNOWN,HWY 8,HWY 8,18:00-20:59,1,0
Y,PROPERTY DAMAGE ONLY,\N,N,2024,THURSDAY,SINGLE VEHICLE,N,N,\N,\N,N,JANUARY,N,OLIVER,OLIVER,\N,N,N,N,SOUTHERN INTERIOR,UNKNOWN,HWY 97,HWY 97,18:00-20:59,1,0
Y,PROPERTY DAMAGE ONLY,\N,N,2024,THURSDAY,SINGLE VEHICLE,N,N,\N,\N,N,JANUARY,N,PORT ALBERNI,PORT ALBERNI,\N,N,N,N,VANCOUVER ISLAND,UNKNOWN,GRANDVIEW RD,GRANDVIEW RD,18:00-20:59,1,0
Y,PROPERTY DAMAGE ONLY,\N,N,2024,THURSDAY,SINGLE VEHICLE,N,N,\N,\N,N,JANUARY,N,SKOOKUMCHUCK,SKOOKUMCHUCK,\N,N,N,N,SOUTHERN INTERIOR,UNKNOWN,HWY 93,HWY 93,18:00-20:59,1,0
Y,PROPERTY DAMAGE ONLY,\N,N,2024,THURSDAY,SINGLE VEHICLE,N,N,\N,\N,N,JANUARY,N,VALEMOUNT,VALEMOUNT,\N,N,N,N,NORTH CENTRAL,UNKNOWN,HWY 5,HWY 5,18:00-20:59,1,0
Y,PROPERTY DAMAGE ONLY,\N,N,2024,THURSDAY,SINGLE VEHICLE,N,N,\N,\N,N,JANUARY,N,WASA,WASA,\N,N,N,N,SOUTHERN INTERIOR,UNKNOWN,HWY 93 AND 95,HWY 93 AND 95,18:00-20:59,1,0
Y,PROPERTY DAMAGE ONLY,\N,N,2024,THURSDAY,SINGLE VEHICLE,N,N,48.395105,-123.627881,Y,JANUARY,N,SOOKE,SOOKE,SOOKE,N,N,N,VANCOUVER ISLAND,SOOKE RD # 005121 TO 005129,SOOKE RD,SOOKE RD,18:00-20:59,1,0
Y,PROPERTY DAMAGE ONLY,\N,N,2024,THURSDAY,SINGLE VEHICLE,N,N,49.798788,-119.705551,Y,JANUARY,N,PEACHLAND,PEACHLAND,PEACHLAND,Y,N,N,SOUTHERN INTERIOR,MORRISON CRT # 005050 TO 005099,MORRISON CRT,MORRISON CRT,18:00-20:59,1,0
Y,PROPERTY DAMAGE ONLY,\N,N,2024,THURSDAY,SINGLE VEHICLE,N,N,50.025485,-125.281698,Y,JANUARY,N,CAMPBELL RIVER,CAMPBELL RIVER,CAMPBELL RIVER,N,N,N,VANCOUVER ISLAND,INLAND ISLAND HWY # 000893 TO 001299 odd,HWY 19,HWY 19,18:00-20:59,1,0
Y,PROPERTY DAMAGE ONLY,\N,N,2024,THURSDAY,SINGLE VEHICLE,Y,N,\N,\N,N,JANUARY,N,REVELSTOKE,REVELSTOKE,\N,N,N,N,SOUTHERN INTERIOR,UNKNOWN,HWY 1,HWY 1,18:00-20:59,1,0
Y,PROPERTY DAMAGE ONLY,10TH AVE,N,2024,THURSDAY,SINGLE VEHICLE,N,Y,49.142733,-122.309478,N,JANUARY,N,MISSION,MISSION,MISSION,N,N,N,LOWER MAINLAND,10TH AVE & GRAND ST,GRAND ST,GRAND ST,18:00-20:59,1,0
Y,PROPERTY DAMAGE ONLY,BUCK FLATS RD,N,2024,THURSDAY,SINGLE VEHICLE,N,Y,54.389363,-126.680964,N,JANUARY,N,HOUSTON,HOUSTON,HOUSTON,N,N,N,NORTH CENTRAL,BUCK FLATS RD & HWY 16,HWY 16,HWY 16,18:00-20:59,1,0
Y,PROPERTY DAMAGE ONLY,GARNER RD,N,2024,THURSDAY,SINGLE VEHICLE,N,Y,49.86643,-119.365465,N,JANUARY,N,KELOWNA,KELOWNA,KELOWNA,N,N,N,SOUTHERN INTERIOR,GARNER RD & LEWIS RD,LEWIS RD,LEWIS RD,18:00-20:59,1,0
Y,PROPERTY DAMAGE ONLY,HALIBURTON RD,N,2024,THURSDAY,SINGLE VEHICLE,N,N,\N,\N,N,JANUARY,N,VICTORIA,VICTORIA,\N,N,N,N,VANCOUVER ISLAND,UNKNOWN,HWY 17,HWY 17,18:00-20:59,1,0
Y,PROPERTY DAMAGE ONLY,HOLMES RD,N,2024,THURSDAY,SINGLE VEHICLE,N,Y,49.634134,-115.634244,N,JANUARY,N,FORT STEELE,FORT STEELE,FORT STEELE,N,N,N,SOUTHERN INTERIOR,BUCKMAN RD & HOLMES RD & HWY 93 AND 95,HWY 95,HWY 95,18:00-20:59,1,0
Y,PROPERTY DAMAGE ONLY,HULLCAR,N,2024,THURSDAY,SINGLE VEHICLE,N,N,\N,\N,N,JANUARY,N,ARMSTRONG,ARMSTRONG,\N,N,N,N,SOUTHERN INTERIOR,UNKNOWN,HEYWOOD ARMSTRONG RD,HEYWOOD ARMSTRONG RD,18:00-20:59,1,0
Y,PROPERTY DAMAGE ONLY,JUBILEE PKY,N,2024,THURSDAY,SINGLE VEHICLE,N,Y,49.958218,-125.256183,N,JANUARY,N,CAMPBELL RIVER,CAMPBELL RIVER,CAMPBELL RIVER,N,N,N,VANCOUVER ISLAND,INLAND ISLAND HWY & INLAND ISLAND HWY ONRAMP & JUBILEE PKY & JUBILEE PKY OFFRAMP,HWY 19,HWY 19,18:00-20:59,1,0
Y,PROPERTY DAMAGE ONLY,MITCHELL ST,N,2024,THURSDAY,SINGLE VEHICLE,N,Y,49.052851,-122.353986,N,JANUARY,N,ABBOTSFORD,ABBOTSFORD,ABBOTSFORD,N,N,N,LOWER MAINLAND,MITCHELL ST & OLD YALE RD,OLD YALE RD,OLD YALE RD,18:00-20:59,1,0
Y,PROPERTY DAMAGE ONLY,NOBLE LAKE RD,N,2024,THURSDAY,SINGLE VEHICLE,N,Y,50.833311,-120.310441,N,JANUARY,N,KAMLOOPS,KAMLOOPS,KAMLOOPS,N,N,N,SOUTHERN INTERIOR,NOBLE LAKE RD & WESTSYDE RD,WESTSYDE RD,WESTSYDE RD,18:00-20:59,1,0
Y,PROPERTY DAMAGE ONLY,RIO DR,N,2024,THURSDAY,SINGLE VEHICLE,N,Y,49.918295,-119.469054,N,JANUARY,N,KELOWNA,KELOWNA,KELOWNA,N,N,N,SOUTHERN INTERIOR,CLIFTON RD & RIO DR & RIO DR S,CLIFTON RD,CLIFTON RD,18:00-20:59,1,0
Y,PROPERTY DAMAGE ONLY,ROGER ST,N,2024,THURSDAY,SINGLE VEHICLE,N,Y,49.25459,-124.807427,N,JANUARY,N,PORT ALBERNI,PORT ALBERNI,PORT ALBERNI,N,N,N,VANCOUVER ISLAND,GERTRUDE ST & ROGER ST & STAMP AVE & TURNING LANE,STAMP AVE,STAMP AVE,18:00-20:59,1,0
Y,PROPERTY DAMAGE ONLY,SINTICH RD,N,2024,THURSDAY,SINGLE VEHICLE,N,Y,53.850188,-122.705116,N,JANUARY,N,PINEVIEW FFG,PINEVIEW FFG,PINEVIEW FFG & PRINCE GEORGE,N,N,N,NORTH CENTRAL,CARIBOO HWY N & CARIBOO HWY S & HWY 97 S FRTG & SINTICH RD & SINTICH RD E & TURNING LANE,HWY 97,HWY 97,18:00-20:59,1,0
