ANIMAL_FLAG,CRASH_SEVERITY,CROSS_STREET_FULL_NAME,CYCLIST_FLAG,DATE_OF_LOSS_YEAR,DAY_OF_WEEK,DERIVED_CRASH_CONFIGURATION,HEAVY_VEH_FLAG,INTERSECTION_CRASH,LATITUDE,LONGITUDE,MID_BLOCK_CRASH,MONTH_OF_YEAR,MOTORCYCLE_FLAG,Municipality Name (ifnull),MUNICIPALITY_NAME,MUNICIPALITY_WITH_BOUNDARY,PARKED_VEHICLE_FLAG,PARKING_LOT_FLAG,PEDESTRIAN_FLAG,REGION,ROAD_LOCATION_DESCRIPTION,Street Full Name (ifnull),STREET_FULL_NAME,TIME_CATEGORY,TOTAL_CRASHES,TOTAL_VICTIMS
N,CASUALTY CRASH,\N,N,2021,SUNDAY,CONFLICTED,N,N,49.211822,-122.954409,Y,OCTOBER,N,BURNABY,BURNABY,BURNABY,N,Y,N,LOWER MAINLAND,STRIDE AVE # 007000 TO 007099,STRIDE AVE,STRIDE AVE,09:00-11:59,1,2
N,CASUALTY CRASH,\N,N,2021,SUNDAY,REAR END,N,N,\N,\N,N,OCTOBER,N,LADYSMITH,LADYSMITH,\N,N,N,N,VANCOUVER ISLAND,UNKNOWN,HWY 1,HWY 1,09:00-11:59,1,1
N,CASUALTY CRASH,\N,N,2021,SUNDAY,REAR END,N,N,48.387564,-123.694879,Y,OCTOBER,N,SOOKE,SOOKE,SOOKE,N,N,N,VANCOUVER ISLAND,SOOKE RD # 006110 TO 006229,SOOKE RD,SOOKE RD,09:00-11:59,1,2
N,CASUALTY CRASH,\N,N,2021,SUNDAY,REAR END,N,N,49.192014,-123.122024,Y,OCTOBER,N,RICHMOND,RICHMOND,RICHMOND,N,Y,N,LOWER MAINLAND,BRIDGEPORT RD # 009088 TO 009299,BRIDGEPORT RD,BRIDGEPORT RD,09:00-11:59,1,1
N,CASUALTY CRASH,\N,N,2021,SUNDAY,REAR END,N,N,49.205628,-122.855317,Y,OCTOBER,N,SURREY,SURREY,SURREY,N,N,N,LOWER MAINLAND,KING GEORGE BLVD # 013201 TO 013269 odd,KING GEORGE BLVD,KING GEORGE BLVD,09:00-11:59,1,1
N,CASUALTY CRASH,\N,N,2021,SUNDAY,SIDE IMPACT,N,N,\N,\N,N,OCTOBER,N,WINLAW,WINLAW,\N,N,N,N,SOUTHERN INTERIOR,UNKNOWN,HWY 6,HWY 6,09:00-11:59,1,1
N,CASUALTY CRASH,\N,N,2021,SUNDAY,SIDE IMPACT,N,N,49.232861,-123.009951,Y,OCTOBER,N,BURNABY,BURNABY,BURNABY,Y,N,N,LOWER MAINLAND,GRANGE ST # 004200 TO 004299,GRANGE ST,GRANGE ST,09:00-11:59,1,1
N,CASUALTY CRASH,\N,N,2021,SUNDAY,SIDE IMPACT,N,N,50.041385,-119.433532,Y,OCTOBER,N,LAKE COUNTRY,LAKE COUNTRY,LAKE COUNTRY,N,N,N,SOUTHERN INTERIOR,HALLAM DR # 010940 TO 010989,HALLAM DR,HALLAM DR,09:00-11:59,1,1
N,CASUALTY CRASH,\N,N,2021,SUNDAY,SINGLE VEHICLE,N,N,\N,\N,N,OCTOBER,N,CHRISTINA LAKE,CHRISTINA LAKE,\N,N,N,N,SOUTHERN INTERIOR,UNKNOWN,HWY 3,HWY 3,09:00-11:59,1,1
N,CASUALTY CRASH,\N,N,2021,SUNDAY,SINGLE VEHICLE,N,N,\N,\N,N,OCTOBER,N,QUESNEL,QUESNEL,\N,N,N,N,NORTH CENTRAL,UNKNOWN,NORTH FRASER DR,NORTH FRASER DR,09:00-11:59,1,1
N,CASUALTY CRASH,\N,N,2021,SUNDAY,SINGLE VEHICLE,N,N,\N,\N,N,OCTOBER,N,SURREY,SURREY,\N,N,N,N,LOWER MAINLAND,UNKNOWN,168 ST,168 ST,09:00-11:59,1,1
N,CASUALTY CRASH,\N,N,2021,SUNDAY,SINGLE VEHICLE,N,N,\N,\N,N,OCTOBER,N,THORNHILL,THORNHILL,\N,N,N,N,NORTH CENTRAL,UNKNOWN,OLD LAKELSE LAKE DR,OLD LAKELSE LAKE DR,09:00-11:59,1,1
N,CASUALTY CRASH,\N,N,2021,SUNDAY,SINGLE VEHICLE,N,N,49.266344,-123.001749,Y,OCTOBER,N,BURNABY,BURNABY,BURNABY,N,Y,N,LOWER MAINLAND,LOUGHEED HWY # 004500 TO 004598 even,LOUGHEED HWY,LOUGHEED HWY,09:00-11:59,1,1
N,CASUALTY CRASH,\N,N,2021,SUNDAY,UNDETERMINED,N,N,49.151572,-122.287753,Y,OCTOBER,N,MISSION,MISSION,MISSION,Y,N,N,LOWER MAINLAND,BEST AVE # 033781 TO 033849,BEST AVE,BEST AVE,09:00-11:59,1,1
N,CASUALTY CRASH,\N,N,2021,SUNDAY,UNDETERMINED,N,N,49.837106,-119.623175,Y,OCTOBER,N,WEST KELOWNA,WEST KELOWNA,WEST KELOWNA,Y,Y,Y,SOUTHERN INTERIOR,BUTT RD # 002330 TO 002379,BUTT RD,BUTT RD,09:00-11:59,1,1
N,CASUALTY CRASH,\N,N,2021,SUNDAY,UNDETERMINED,N,N,50.708463,-120.363352,Y,OCTOBER,N,KAMLOOPS,KAMLOOPS,KAMLOOPS,N,Y,N,SOUTHERN INTERIOR,WINDSOR AVE # 000730 TO 000799,WINDSOR AVE,WINDSOR AVE,09:00-11:59,1,1
N,CASUALTY CRASH,104 AVE,N,2021,SUNDAY,CONFLICTED,N,Y,49.191713,-122.867772,N,OCTOBER,N,SURREY,SURREY,SURREY,Y,N,N,LOWER MAINLAND,104 AVE & 128 ST,128 ST,128 ST,09:00-11:59,1,1
N,CASUALTY CRASH,113B AVE,N,2021,SUNDAY,REAR END,N,Y,49.208845,-122.668656,N,OCTOBER,N,MAPLE RIDGE,MAPLE RIDGE,MAPLE RIDGE & PITT MEADOWS,N,N,N,LOWER MAINLAND,113B AVE & 113B AVE OFFRAMP & 113B AVE ONRAMP & AIRPORT WAY & GOLDEN EARS BRIDGE & GOLDEN EARS WAY,AIRPORT WAY,AIRPORT WAY,09:00-11:59,1,1
N,CASUALTY CRASH,120A ST,N,2021,SUNDAY,SIDE IMPACT,N,Y,49.171357,-122.889253,N,OCTOBER,N,SURREY,SURREY,SURREY,N,N,N,LOWER MAINLAND,120A ST & 92A AVE,92A AVE,92A AVE,09:00-11:59,1,1
N,CASUALTY CRASH,127 ST,Y,2021,SUNDAY,SINGLE VEHICLE,N,Y,49.141042,-122.870791,N,OCTOBER,N,SURREY,SURREY,SURREY,N,N,N,LOWER MAINLAND,127 ST & 76 AVE,76 AVE,76 AVE,09:00-11:59,1,1
N,CASUALTY CRASH,132 ST,N,2021,SUNDAY,SIDE IMPACT,N,Y,49.045783,-122.856427,N,OCTOBER,N,SURREY,SURREY,SURREY,N,N,N,LOWER MAINLAND,132 ST & 24 AVE,24 AVE,24 AVE,09:00-11:59,1,5
N,CASUALTY CRASH,144 ST,N,2021,SUNDAY,REAR END,N,Y,49.119128,-122.823275,N,OCTOBER,N,SURREY,SURREY,SURREY,N,N,N,LOWER MAINLAND,144 ST & 64 AVE,64 AVE,64 AVE,09:00-11:59,1,2
N,CASUALTY CRASH,170 ST,N,2021,SUNDAY,REAR END,N,Y,49.111534,-122.751365,N,OCTOBER,N,SURREY,SURREY,SURREY,N,N,N,LOWER MAINLAND,170 ST & 60 AVE,60 AVE,60 AVE,09:00-11:59,1,5
N,CASUALTY CRASH,4TH ST,N,2021,SUNDAY,CONFLICTED,N,Y,49.207062,-122.908407,N,OCTOBER,N,NEW WESTMINSTER,NEW WESTMINSTER,NEW WESTMINSTER,N,N,N,LOWER MAINLAND,FOURTH ST & ROYAL AVE,ROYAL AVE,ROYAL AVE,09:00-11:59,1,2
N,CASUALTY CRASH,62 AVE,N,2021,SUNDAY,SIDE SWIPE - SAME DIRECTION,N,Y,49.115098,-122.656711,N,OCTOBER,N,LANGLEY,LANGLEY,LANGLEY,N,N,N,LOWER MAINLAND,204 ST & 62 AVE & TURNING LANE,204 ST,204 ST,09:00-11:59,1,1
N,CASUALTY CRASH,64 AVE,N,2021,SUNDAY,REAR END,N,Y,49.119069,-122.801005,N,OCTOBER,N,SURREY,SURREY,SURREY,N,N,N,LOWER MAINLAND,152 ST & 64 AVE,152 ST,152 ST,09:00-11:59,1,1
N,CASUALTY CRASH,72 AVE,N,2021,SUNDAY,REAR END,N,Y,49.133554,-122.845583,N,OCTOBER,N,SURREY,SURREY,SURREY,N,N,N,LOWER MAINLAND,72 AVE & KING GEORGE BLVD & TURNING LANE,KING GEORGE BLVD,KING GEORGE BLVD,09:00-11:59,1,1
N,CASUALTY CRASH,72 AVE,N,2021,SUNDAY,REAR END,N,Y,49.13388,-122.867854,N,OCTOBER,N,SURREY,SURREY,SURREY,N,N,N,LOWER MAINLAND,128 ST & 72 AVE,128 ST,128 ST,09:00-11:59,1,1
N,CASUALTY CRASH,96 AVE,N,2021,SUNDAY,REAR END,N,Y,49.176537,-122.828469,N,OCTOBER,N,SURREY,SURREY,SURREY,N,N,N,LOWER MAINLAND,96 AVE & FRASER HWY & GREEN TIMBERS GREENWAY & TURNING LANE,FRASER HWY,FRASER HWY,09:00-11:59,1,1
N,CASUALTY CRASH,ALLENBY RD,N,2021,SUNDAY,REAR END,N,Y,48.765207,-123.695947,N,OCTOBER,N,DUNCAN,DUNCAN,DUNCAN,N,N,N,VANCOUVER ISLAND,ALLENBY RD & CHASTER RD & TRANS-CANADA HWY & TURNING LANE,TRANS-CANADA HWY,TRANS-CANADA HWY,09:00-11:59,1,2
N,CASUALTY CRASH,BELLEVILLE ST,N,2021,SUNDAY,REAR END,N,Y,48.420643,-123.36887,N,OCTOBER,N,VICTORIA,VICTORIA,VICTORIA,N,N,N,VANCOUVER ISLAND,BELLEVILLE ST & GOVERNMENT ST,GOVERNMENT ST,GOVERNMENT ST,09:00-11:59,1,1
N,CASUALTY CRASH,BOUNDARY RD,N,2021,SUNDAY,SIDE SWIPE - SAME DIRECTION,N,Y,49.258209,-123.023636,N,OCTOBER,N,BURNABY,BURNABY,BURNABY & VANCOUVER,N,N,N,LOWER MAINLAND,BOUNDARY RD & GRANDVIEW HWY & GRANDVIEW HWY ONRAMP,GRANDVIEW HWY,GRANDVIEW HWY,09:00-11:59,1,1
N,CASUALTY CRASH,BOWSER RD,N,2021,SUNDAY,REAR END,N,Y,49.433332,-124.666856,N,OCTOBER,N,BOWSER,BOWSER,BOWSER,N,N,N,VANCOUVER ISLAND,BOWSER RD & ISLAND HWY W,ISLAND HWY W,ISLAND HWY W,09:00-11:59,1,2
N,CASUALTY CRASH,BROADWAY ST,N,2021,SUNDAY,REAR END,N,Y,49.240773,-122.761896,N,OCTOBER,N,PORT COQUITLAM,PORT COQUITLAM,PORT COQUITLAM,N,N,N,LOWER MAINLAND,BROADWAY ST & MARY HILL BYPASS & TURNING LANE,MARY HILL BYPASS,MARY HILL BYPASS,09:00-11:59,1,3
N,CASUALTY CRASH,BRUCE ST,N,2021,SUNDAY,SIDE IMPACT,N,Y,49.2252,-123.069937,N,OCTOBER,N,VANCOUVER,VANCOUVER,VANCOUVER,N,N,N,LOWER MAINLAND,BRUCE ST & E 49TH AVE,E 49TH AVE,E 49TH AVE,09:00-11:59,1,3
N,CASUALTY CRASH,CAMBIE ST,N,2021,SUNDAY,SINGLE VEHICLE,N,Y,49.248986,-123.115396,N,OCTOBER,N,VANCOUVER,VANCOUVER,VANCOUVER,N,N,Y,LOWER MAINLAND,CAMBIE ST & W KING EDWARD AVE,W KING EDWARD AVE,W KING EDWARD AVE,09:00-11:59,1,1
N,CASUALTY CRASH,CANADA WAY,N,2021,SUNDAY,REAR END,N,Y,49.227761,-122.945462,N,OCTOBER,N,BURNABY,BURNABY,BURNABY,N,N,N,LOWER MAINLAND,CANADA WAY & GOODLAD ST,GOODLAD ST,GOODLAD ST,09:00-11:59,1,2
N,CASUALTY CRASH,CARIBOO RD,N,2021,SUNDAY,REAR END,N,Y,49.246118,-122.914166,N,OCTOBER,N,BURNABY,BURNABY,BURNABY,N,N,N,LOWER MAINLAND,CARIBOO RD & GAGLARDI WAY,GAGLARDI WAY,GAGLARDI WAY,09:00-11:59,1,1
N,CASUALTY CRASH,CLARK DR,N,2021,SUNDAY,UNDETERMINED,N,Y,49.262392,-123.077552,N,OCTOBER,N,VANCOUVER,VANCOUVER,VANCOUVER,N,N,N,LOWER MAINLAND,CLARK DR & E BROADWAY,E BROADWAY,E BROADWAY,09:00-11:59,1,4
N,CASUALTY CRASH,CLIPPER ST,Y,2021,SUNDAY,SINGLE VEHICLE,N,Y,49.229357,-122.852568,N,OCTOBER,N,COQUITLAM,COQUITLAM,COQUITLAM,N,N,N,LOWER MAINLAND,CLIPPER ST & UNITED BLVD,UNITED BLVD,UNITED BLVD,09:00-11:59,1,1
N,CASUALTY CRASH,COOK ST,N,2021,SUNDAY,SIDE SWIPE - SAME DIRECTION,N,Y,48.425065000000004,-123.353608,N,OCTOBER,N,VICTORIA,VICTORIA,VICTORIA,N,N,N,VANCOUVER ISLAND,COOK ST & YATES ST,YATES ST,YATES ST,09:00-11:59,1,1
N,CASUALTY CRASH,DEWDNEY TRUNK RD,N,2021,SUNDAY,REAR END,N,Y,49.242992,-122.719547,N,OCTOBER,N,PITT MEADOWS,PITT MEADOWS,PITT MEADOWS,N,N,N,LOWER MAINLAND,KENNEDY RD & LOUGHEED HWY & OLD DEWDNEY TRUNK RD & TURNING LANE,LOUGHEED HWY,LOUGHEED HWY,09:00-11:59,1,2
N,CASUALTY CRASH,E 3RD ST,N,2021,SUNDAY,SINGLE VEHICLE,N,Y,49.312105,-123.074018,N,OCTOBER,N,NORTH VANCOUVER,NORTH VANCOUVER,NORTH VANCOUVER,N,N,Y,LOWER MAINLAND,E 3RD ST & ST GEORGES AVE,ST GEORGES AVE,ST GEORGES AVE,09:00-11:59,1,1
N,CASUALTY CRASH,E 47TH AVE,N,2021,SUNDAY,SIDE IMPACT,N,Y,49.227363,-123.0907,N,OCTOBER,N,VANCOUVER,VANCOUVER,VANCOUVER,N,N,N,LOWER MAINLAND,E 47TH AVE & FRASER ST,FRASER ST,FRASER ST,09:00-11:59,1,1
N,CASUALTY CRASH,E 52ND AVE,N,2021,SUNDAY,SIDE IMPACT,N,Y,49.222047,-123.038948,N,OCTOBER,N,VANCOUVER,VANCOUVER,VANCOUVER,N,N,N,LOWER MAINLAND,E 52ND AVE & MCKINNON ST,MCKINNON ST,MCKINNON ST,09:00-11:59,1,3
N,CASUALTY CRASH,EIGHTH AVE,N,2021,SUNDAY,UNDETERMINED,N,Y,49.221342,-122.913982,N,OCTOBER,N,NEW WESTMINSTER,NEW WESTMINSTER,NEW WESTMINSTER,N,N,Y,LOWER MAINLAND,COLBORNE ST & EIGHTH AVE & PARK CRES,COLBORNE ST,COLBORNE ST,09:00-11:59,1,1
N,CASUALTY CRASH,ELGIN ST,N,2021,SUNDAY,SIDE IMPACT,N,Y,49.244615,-123.082746,N,OCTOBER,N,VANCOUVER,VANCOUVER,VANCOUVER,Y,N,N,LOWER MAINLAND,E 29TH AVE & ELGIN ST,E 29TH AVE,E 29TH AVE,09:00-11:59,1,1
N,CASUALTY CRASH,ELK RD,N,2021,SUNDAY,SIDE IMPACT,N,N,\N,\N,N,OCTOBER,N,KELOWNA,KELOWNA,\N,N,N,N,SOUTHERN INTERIOR,UNKNOWN,HWY 97,HWY 97,09:00-11:59,1,4
N,CASUALTY CRASH,EVANS RD,N,2021,SUNDAY,SIDE IMPACT,N,Y,49.145179,-121.977627,N,OCTOBER,N,CHILLIWACK,CHILLIWACK,CHILLIWACK,N,N,N,LOWER MAINLAND,EVANS RD & YALE RD,YALE RD,YALE RD,09:00-11:59,1,1
N,CASUALTY CRASH,GEORGIA AVE,N,2021,SUNDAY,SIDE IMPACT,N,Y,49.155141,-123.952562,N,OCTOBER,N,NANAIMO,NANAIMO,NANAIMO,N,N,N,VANCOUVER ISLAND,FIFTH ST & GEORGIA AVE & ACCESS ROAD,FIFTH ST,FIFTH ST,09:00-11:59,1,1
N,CASUALTY CRASH,GLADSTONE AVE,N,2021,SUNDAY,REAR END,N,Y,49.308144,-123.043782,N,OCTOBER,N,NORTH VANCOUVER,NORTH VANCOUVER,NORTH VANCOUVER,N,N,N,LOWER MAINLAND,COTTON RD & GLADSTONE AVE & TURNING LANE,COTTON RD,COTTON RD,09:00-11:59,1,1
N,CASUALTY CRASH,GOVERNMENT ST,Y,2021,SUNDAY,UNDETERMINED,N,Y,48.435808,-123.367314,N,OCTOBER,N,VICTORIA,VICTORIA,VICTORIA,N,N,N,VANCOUVER ISLAND,BAY ST & GOVERNMENT ST,BAY ST,BAY ST,09:00-11:59,1,1
N,CASUALTY CRASH,GRANVILLE ST,N,2021,SUNDAY,REAR END,N,Y,49.2608,-123.138697,N,OCTOBER,N,VANCOUVER,VANCOUVER,VANCOUVER,N,N,N,LOWER MAINLAND,GRANVILLE ST & W 12TH AVE,W 12TH AVE,W 12TH AVE,09:00-11:59,1,2
N,CASUALTY CRASH,HALSTON CONNECTOR,N,2021,SUNDAY,SIDE SWIPE - SAME DIRECTION,N,N,\N,\N,N,OCTOBER,N,KAMLOOPS,KAMLOOPS,\N,N,N,N,SOUTHERN INTERIOR,UNKNOWN,HWY 5,HWY 5,09:00-11:59,1,2
N,CASUALTY CRASH,HILLCREST AVE,N,2021,SUNDAY,REAR END,N,Y,49.048052,-122.337263,N,OCTOBER,N,ABBOTSFORD,ABBOTSFORD,ABBOTSFORD,N,N,N,LOWER MAINLAND,CLEARBROOK RD & HILLCREST AVE,CLEARBROOK RD,CLEARBROOK RD,09:00-11:59,1,2
N,CASUALTY CRASH,HODGINS AVE,N,2021,SUNDAY,REAR END,N,Y,49.166369,-121.958703,N,OCTOBER,N,CHILLIWACK,CHILLIWACK,CHILLIWACK,N,N,N,LOWER MAINLAND,CHEAM AVE & HODGINS AVE & YALE RD,YALE RD,YALE RD,09:00-11:59,1,3
N,CASUALTY CRASH,HWY 1,N,2021,SUNDAY,CONFLICTED,N,Y,49.243677,-122.967599,N,OCTOBER,N,BURNABY,BURNABY,BURNABY,N,N,N,LOWER MAINLAND,KENSINGTON AVE & KENSINGTON AVE OFFRAMP & TRANS-CANADA HWY & TRANS-CANADA HWY ONRAMP,KENSINGTON AVE OFFRAMP,KENSINGTON AVE OFFRAMP,09:00-11:59,1,2
N,CASUALTY CRASH,HWY 1,N,2021,SUNDAY,REAR END,N,Y,49.257636,-123.004065,N,OCTOBER,N,BURNABY,BURNABY,BURNABY,N,N,N,LOWER MAINLAND,GRANDVIEW HWY & GRANDVIEW HWY ONRAMP & TRANS-CANADA HWY & TRANS-CANADA HWY ONRAMP & WILLINGDON AVE & WILLINGDON AVE OFFRAMP & EMERGENCY LANE,WILLINGDON AVE,WILLINGDON AVE,09:00-11:59,1,1
N,CASUALTY CRASH,HWY 97,N,2021,SUNDAY,REAR END,N,Y,49.889477,-119.420504,N,OCTOBER,N,KELOWNA,KELOWNA,KELOWNA,Y,N,N,SOUTHERN INTERIOR,HWY 33 W & HWY 97 N & TURNING LANE,HWY 33,HWY 33,09:00-11:59,1,1
N,CASUALTY CRASH,JAMES ST,N,2021,SUNDAY,REAR END,N,Y,48.78205,-123.708317,N,OCTOBER,N,DUNCAN,DUNCAN,DUNCAN,N,N,N,VANCOUVER ISLAND,CANADA AVE & JAMES ST,CANADA AVE,CANADA AVE,09:00-11:59,1,1
N,CASUALTY CRASH,JOHNSON ST,N,2021,SUNDAY,REAR END,N,Y,49.295482,-122.801859,N,OCTOBER,N,COQUITLAM,COQUITLAM,COQUITLAM,N,N,N,LOWER MAINLAND,DAVID AVE & JOHNSON ST & TURNING LANE,DAVID AVE,DAVID AVE,09:00-11:59,1,1
N,CASUALTY CRASH,LAKEWOOD DR,N,2021,SUNDAY,REAR END,Y,Y,49.284799,-123.061616,N,OCTOBER,N,VANCOUVER,VANCOUVER,VANCOUVER,N,N,N,LOWER MAINLAND,DUNDAS ST & LAKEWOOD DR & N LAKEWOOD DR,DUNDAS ST,DUNDAS ST,09:00-11:59,1,5
N,CASUALTY CRASH,LESLIE RD,N,2021,SUNDAY,SIDE IMPACT,N,Y,49.179734,-123.133865,N,OCTOBER,N,RICHMOND,RICHMOND,RICHMOND,N,N,N,LOWER MAINLAND,HAZELBRIDGE WAY & LESLIE RD,HAZELBRIDGE WAY,HAZELBRIDGE WAY,09:00-11:59,1,4
N,CASUALTY CRASH,LUND ST,N,2021,SUNDAY,SINGLE VEHICLE,N,Y,50.718848,-127.492341,N,OCTOBER,N,PORT HARDY,PORT HARDY,PORT HARDY,N,N,N,VANCOUVER ISLAND,LUND ST & MARKET ST,MARKET ST,MARKET ST,09:00-11:59,1,1
N,CASUALTY CRASH,MAPLE ST,N,2021,SUNDAY,SIDE SWIPE - SAME DIRECTION,N,Y,49.268081,-123.150389,N,OCTOBER,N,VANCOUVER,VANCOUVER,VANCOUVER,N,N,N,LOWER MAINLAND,MAPLE ST & W 4TH AVE,W 4TH AVE,W 4TH AVE,09:00-11:59,1,2
N,CASUALTY CRASH,MARINE DR,N,2021,SUNDAY,REAR END,N,Y,49.208177,-123.023537,N,OCTOBER,N,BURNABY,BURNABY,BURNABY & VANCOUVER,N,N,N,LOWER MAINLAND,BOUNDARY RD & MARINE DR & SE MARINE DR,BOUNDARY RD,BOUNDARY RD,09:00-11:59,1,3
N,CASUALTY CRASH,MARY HILL BYPASS,N,2021,SUNDAY,REAR END,N,Y,49.240773,-122.761896,N,OCTOBER,N,PORT COQUITLAM,PORT COQUITLAM,PORT COQUITLAM,N,N,N,LOWER MAINLAND,BROADWAY ST & MARY HILL BYPASS & TURNING LANE,BROADWAY ST,BROADWAY ST,09:00-11:59,1,1
N,CASUALTY CRASH,MORNING PL,N,2021,SUNDAY,REAR END,N,Y,53.979305,-122.887554,N,OCTOBER,N,PRINCE GEORGE,PRINCE GEORGE,PRINCE GEORGE,N,N,N,NORTH CENTRAL,MORNING PL & NORTH NECHAKO RD,NORTH NECHAKO RD,NORTH NECHAKO RD,09:00-11:59,1,4
N,CASUALTY CRASH,OAK ST,N,2021,SUNDAY,SIDE IMPACT,N,Y,49.210743,-123.130188,N,OCTOBER,N,VANCOUVER,VANCOUVER,VANCOUVER,N,N,N,LOWER MAINLAND,OAK ST & W 67TH AVE,W 67TH AVE,W 67TH AVE,09:00-11:59,1,1
N,CASUALTY CRASH,ROUTE 99,N,2021,SUNDAY,SINGLE VEHICLE,N,N,\N,\N,N,OCTOBER,N,DELTA,DELTA,\N,N,N,N,LOWER MAINLAND,UNKNOWN,ROUTE 91,ROUTE 91,09:00-11:59,1,1
N,CASUALTY CRASH,RUNNEL DR,N,2021,SUNDAY,SIDE IMPACT,N,Y,49.278805,-122.808335,N,OCTOBER,N,COQUITLAM,COQUITLAM,COQUITLAM,N,Y,N,LOWER MAINLAND,LANSDOWNE DR & RUNNEL DR & MALL ACCESS,LANSDOWNE DR,LANSDOWNE DR,09:00-11:59,1,1
N,CASUALTY CRASH,SHELL RD,N,2021,SUNDAY,HEAD ON,N,Y,49.177122,-123.102929,N,OCTOBER,N,RICHMOND,RICHMOND,RICHMOND,N,N,N,LOWER MAINLAND,ALDERBRIDGE WAY & HWY 91 & SHELL RD & TURNING LANE,ALDERBRIDGE WAY,ALDERBRIDGE WAY,09:00-11:59,1,1
N,CASUALTY CRASH,SPENSER DR,N,2021,SUNDAY,SIDE SWIPE - SAME DIRECTION,N,Y,49.157873,-122.811013,N,OCTOBER,N,SURREY,SURREY,SURREY,N,N,N,LOWER MAINLAND,148A ST & SPENSER DR,148A ST,148A ST,09:00-11:59,1,2
N,CASUALTY CRASH,STEVESTON HWY,N,2021,SUNDAY,REAR END,N,Y,49.133761,-123.181304,N,OCTOBER,N,RICHMOND,RICHMOND,RICHMOND,N,N,N,LOWER MAINLAND,NO 1 RD & STEVESTON HWY,NO 1 RD,NO 1 RD,09:00-11:59,1,1
N,CASUALTY CRASH,STRACHAN ST,N,2021,SUNDAY,REAR END,N,Y,49.140212,-122.326471,N,OCTOBER,N,MISSION,MISSION,MISSION,N,N,N,LOWER MAINLAND,7TH AVE & FRASERVIEW ELEMENTARY SCHOOL ACCESS & STRACHAN ST,7TH AVE,7TH AVE,09:00-11:59,1,3
N,CASUALTY CRASH,TARTAN RD,N,2021,SUNDAY,CONFLICTED,N,Y,49.901169,-119.393471,N,OCTOBER,N,KELOWNA,KELOWNA,KELOWNA,N,N,N,SOUTHERN INTERIOR,MCCURDY RD & TARTAN RD,MCCURDY RD,MCCURDY RD,09:00-11:59,1,1
N,CASUALTY CRASH,THE HIGH ST,N,2021,SUNDAY,REAR END,N,Y,49.282698,-122.796109,N,OCTOBER,N,COQUITLAM,COQUITLAM,COQUITLAM,N,N,N,LOWER MAINLAND,GLEN DR & THE HIGH ST,GLEN DR,GLEN DR,09:00-11:59,1,1
N,CASUALTY CRASH,TRIMBLE ST,N,2021,SUNDAY,SIDE IMPACT,N,Y,49.26379,-123.20609,N,OCTOBER,N,VANCOUVER,VANCOUVER,VANCOUVER,N,N,N,LOWER MAINLAND,TRIMBLE ST & W 10TH AVE,W 10TH AVE,W 10TH AVE,09:00-11:59,1,3
N,CASUALTY CRASH,VICTORIA DR,N,2021,SUNDAY,SIDE SWIPE - SAME DIRECTION,N,Y,49.25954,-123.065949,N,OCTOBER,N,VANCOUVER,VANCOUVER,VANCOUVER,N,N,N,LOWER MAINLAND,E 12TH AVE & VICTORIA DR,E 12TH AVE,E 12TH AVE,09:00-11:59,1,1
N,CASUALTY CRASH,WESTPORT RD,Y,2021,SUNDAY,SINGLE VEHICLE,N,Y,49.352883,-123.260602,N,OCTOBER,N,WEST VANCOUVER,WEST VANCOUVER,WEST VANCOUVER,N,N,N,LOWER MAINLAND,GALLAGHER PL & MARINE DR & WESTPORT RD,MARINE DR,MARINE DR,09:00-11:59,1,2
N,CASUALTY CRASH,ZIPRICK RD,N,2021,SUNDAY,SIDE IMPACT,N,Y,49.889036,-119.417573,N,OCTOBER,N,KELOWNA,KELOWNA,KELOWNA,N,N,N,SOUTHERN INTERIOR,HWY 33 W & MAYDEN RD & MILLS RD & ZIPRICK RD & TURNING LANE,HWY 33,HWY 33,09:00-11:59,1,1
N,PROPERTY DAMAGE ONLY,\N,N,2021,SUNDAY,CONFLICTED,N,N,48.446396,-123.426709,Y,OCTOBER,N,VIEW ROYAL,VIEW ROYAL,VIEW ROYAL,N,Y,N,VANCOUVER ISLAND,ADMIRALS RD # 001400 TO 001490,ADMIRALS RD,ADMIRALS RD,09:00-11:59,1,0
N,PROPERTY DAMAGE ONLY,\N,N,2021,SUNDAY,CONFLICTED,N,N,49.051951,-122.340249,Y,OCTOBER,N,ABBOTSFORD,ABBOTSFORD,ABBOTSFORD,N,Y,N,LOWER MAINLAND,OLD YALE RD # 031900 TO 031909,OLD YALE RD,OLD YALE RD,09:00-11:59,1,0
N,PROPERTY DAMAGE ONLY,\N,N,2021,SUNDAY,CONFLICTED,N,N,49.156909,-121.975491,Y,OCTOBER,N,CHILLIWACK,CHILLIWACK,CHILLIWACK,Y,Y,N,LOWER MAINLAND,EAGLE LANDING PKY # 008404 TO 008499,EAGLE LANDING PKY,EAGLE LANDING PKY,09:00-11:59,1,0
N,PROPERTY DAMAGE ONLY,\N,N,2021,SUNDAY,CONFLICTED,N,N,49.191535,-123.128155,Y,OCTOBER,N,RICHMOND,RICHMOND,RICHMOND,Y,Y,N,LOWER MAINLAND,SEXSMITH RD # 003000 TO 003099,SEXSMITH RD,SEXSMITH RD,09:00-11:59,1,0
N,PROPERTY DAMAGE ONLY,\N,N,2021,SUNDAY,CONFLICTED,N,N,49.195726,-122.802629,Y,OCTOBER,N,SURREY,SURREY,SURREY,N,Y,N,LOWER MAINLAND,151A ST # 010600 TO 010698 even,151A ST,151A ST,09:00-11:59,1,0
N,PROPERTY DAMAGE ONLY,\N,N,2021,SUNDAY,CONFLICTED,N,N,49.196553,-123.140635,Y,OCTOBER,N,RICHMOND,RICHMOND,RICHMOND,N,Y,N,LOWER MAINLAND,TEMPLETON STATION RD # 007899 TO 007899 odd,TEMPLETON STATION RD,TEMPLETON STATION RD,09:00-11:59,1,0
N,PROPERTY DAMAGE ONLY,\N,N,2021,SUNDAY,CONFLICTED,N,N,49.256461,-123.127241,Y,OCTOBER,N,VANCOUVER,VANCOUVER,VANCOUVER,Y,N,N,LOWER MAINLAND,OAK ST # 003248 TO 003299,OAK ST,OAK ST,09:00-11:59,1,0
N,PROPERTY DAMAGE ONLY,\N,N,2021,SUNDAY,CONFLICTED,N,N,49.259019,-123.14475,Y,OCTOBER,N,VANCOUVER,VANCOUVER,VANCOUVER,Y,Y,N,LOWER MAINLAND,W 14TH AVE # 001700 TO 001799,W 14TH AVE,W 14TH AVE,09:00-11:59,1,0
N,PROPERTY DAMAGE ONLY,\N,N,2021,SUNDAY,CONFLICTED,N,N,49.325809,-123.139912,Y,OCTOBER,N,WEST VANCOUVER,WEST VANCOUVER,WEST VANCOUVER,N,Y,N,LOWER MAINLAND,PARK ROYAL SOUTH # 001131 TO 003000,PARK ROYAL SOUTH,PARK ROYAL SOUTH,09:00-11:59,1,0
N,PROPERTY DAMAGE ONLY,\N,N,2021,SUNDAY,CONFLICTED,N,N,49.334551,-123.18084,Y,OCTOBER,N,WEST VANCOUVER,WEST VANCOUVER,WEST VANCOUVER,Y,Y,N,LOWER MAINLAND,MARINE DR # 002400 TO 002499,MARINE DR,MARINE DR,09:00-11:59,1,0
N,PROPERTY DAMAGE ONLY,\N,N,2021,SUNDAY,CONFLICTED,N,N,49.922221,-119.401678,Y,OCTOBER,N,KELOWNA,KELOWNA,KELOWNA,Y,N,N,SOUTHERN INTERIOR,SHETLAND RD # 002990 TO 003215,SHETLAND RD,SHETLAND RD,09:00-11:59,1,0
N,PROPERTY DAMAGE ONLY,\N,N,2021,SUNDAY,CONFLICTED,N,N,50.678043,-120.272309,Y,OCTOBER,N,KAMLOOPS,KAMLOOPS,KAMLOOPS,Y,Y,N,SOUTHERN INTERIOR,ORIOLE RD # 000150 TO 000169,ORIOLE RD,ORIOLE RD,09:00-11:59,1,0
N,PROPERTY DAMAGE ONLY,\N,N,2021,SUNDAY,HEAD ON,N,N,49.06861,-122.362876,Y,OCTOBER,N,ABBOTSFORD,ABBOTSFORD,ABBOTSFORD,N,Y,N,LOWER MAINLAND,WESTRIDGE PL # 031056 TO 031099,WESTRIDGE PL,WESTRIDGE PL,09:00-11:59,1,0
N,PROPERTY DAMAGE ONLY,\N,N,2021,SUNDAY,HEAD ON,N,N,49.241779,-122.96963,Y,OCTOBER,N,BURNABY,BURNABY,BURNABY,N,Y,N,LOWER MAINLAND,DEER LAKE AVE # 006400 TO 006427,DEER LAKE AVE,DEER LAKE AVE,09:00-11:59,1,0
N,PROPERTY DAMAGE ONLY,\N,N,2021,SUNDAY,MULTIPLE IMPACTS,N,N,49.210111,-123.041931,Y,OCTOBER,N,VANCOUVER,VANCOUVER,VANCOUVER,Y,Y,N,LOWER MAINLAND,KERR ST # 007937 TO 008399,KERR ST,KERR ST,09:00-11:59,1,0
N,PROPERTY DAMAGE ONLY,\N,N,2021,SUNDAY,REAR END,N,N,\N,\N,N,OCTOBER,N,BURNABY,BURNABY,\N,N,N,N,LOWER MAINLAND,UNKNOWN,CANADA WAY,CANADA WAY,09:00-11:59,1,0
N,PROPERTY DAMAGE ONLY,\N,N,2021,SUNDAY,REAR END,N,N,\N,\N,N,OCTOBER,N,QUESNEL,QUESNEL,\N,Y,Y,N,NORTH CENTRAL,UNKNOWN,ST. LAURENT AVE,ST. LAURENT AVE,09:00-11:59,1,0
N,PROPERTY DAMAGE ONLY,\N,N,2021,SUNDAY,REAR END,N,N,48.394672,-123.631839,Y,OCTOBER,N,SOOKE,SOOKE,SOOKE,N,N,N,VANCOUVER ISLAND,SOOKE RD # 005138 TO 005153,SOOKE RD,SOOKE RD,09:00-11:59,1,0
N,PROPERTY DAMAGE ONLY,\N,N,2021,SUNDAY,REAR END,N,N,49.033957,-123.077934,Y,OCTOBER,N,DELTA,DELTA,DELTA,Y,N,N,LOWER MAINLAND,PINEHURST PL # 005228 TO 005310,PINEHURST PL,PINEHURST PL,09:00-11:59,1,0
N,PROPERTY DAMAGE ONLY,\N,N,2021,SUNDAY,REAR END,N,N,49.034258,-122.348698,Y,OCTOBER,N,ABBOTSFORD,ABBOTSFORD,ABBOTSFORD,Y,Y,N,LOWER MAINLAND,FOY ST # 001600 TO 001937,FOY ST,FOY ST,09:00-11:59,1,0
N,PROPERTY DAMAGE ONLY,\N,N,2021,SUNDAY,REAR END,N,N,49.102916,-122.665352,Y,OCTOBER,N,LANGLEY,LANGLEY,LANGLEY,Y,Y,N,LOWER MAINLAND,55A AVE # 020100 TO 020149,55A AVE,55A AVE,09:00-11:59,1,0
N,PROPERTY DAMAGE ONLY,\N,N,2021,SUNDAY,REAR END,N,N,49.113153,-122.869192,Y,OCTOBER,N,SURREY,SURREY,SURREY,N,Y,N,LOWER MAINLAND,61 AVE # 012700 TO 012799,61 AVE,61 AVE,09:00-11:59,1,0
N,PROPERTY DAMAGE ONLY,\N,N,2021,SUNDAY,REAR END,N,N,49.165031,-122.665651,Y,OCTOBER,N,LANGLEY,LANGLEY,LANGLEY,N,Y,N,LOWER MAINLAND,88 AVE # 020101 TO 020159 odd,88 AVE,88 AVE,09:00-11:59,1,0
N,PROPERTY DAMAGE ONLY,\N,N,2021,SUNDAY,REAR END,N,N,49.171565,-123.140156,Y,OCTOBER,N,RICHMOND,RICHMOND,RICHMOND,Y,Y,N,LOWER MAINLAND,MINORU BLVD # 005900 TO 005948 even,MINORU BLVD,MINORU BLVD,09:00-11:59,1,0
N,PROPERTY DAMAGE ONLY,\N,N,2021,SUNDAY,REAR END,N,N,49.212192,-123.005925,Y,OCTOBER,N,BURNABY,BURNABY,BURNABY,Y,N,N,LOWER MAINLAND,PORTLAND ST # 004350 TO 004399,PORTLAND ST,PORTLAND ST,09:00-11:59,1,0
N,PROPERTY DAMAGE ONLY,\N,N,2021,SUNDAY,REAR END,N,N,49.216181,-123.066346,Y,OCTOBER,N,VANCOUVER,VANCOUVER,VANCOUVER,Y,Y,N,LOWER MAINLAND,PRESTWICK DR # 001950 TO 001999,PRESTWICK DR,PRESTWICK DR,09:00-11:59,1,0
N,PROPERTY DAMAGE ONLY,\N,N,2021,SUNDAY,REAR END,N,N,49.21777,-123.059318,Y,OCTOBER,N,VANCOUVER,VANCOUVER,VANCOUVER,Y,N,N,LOWER MAINLAND,NANAIMO ST # 007300 TO 007347,NANAIMO ST,NANAIMO ST,09:00-11:59,1,0
N,PROPERTY DAMAGE ONLY,\N,N,2021,SUNDAY,REAR END,N,N,49.227493,-123.187394,Y,OCTOBER,N,VANCOUVER,VANCOUVER,VANCOUVER,Y,N,N,LOWER MAINLAND,W 49TH AVE # 003600 TO 003899,W 49TH AVE,W 49TH AVE,09:00-11:59,1,0
N,PROPERTY DAMAGE ONLY,\N,N,2021,SUNDAY,REAR END,N,N,49.233704,-122.852525,Y,OCTOBER,N,COQUITLAM,COQUITLAM,COQUITLAM,N,Y,N,LOWER MAINLAND,SCHOOLHOUSE ST # 000100 TO 000145,SCHOOLHOUSE ST,SCHOOLHOUSE ST,09:00-11:59,1,0
N,PROPERTY DAMAGE ONLY,\N,N,2021,SUNDAY,REAR END,N,N,49.255485,-122.742182,Y,OCTOBER,N,PORT COQUITLAM,PORT COQUITLAM,PORT COQUITLAM,Y,Y,N,LOWER MAINLAND,NICOLA AVE # 000900 TO 001095,NICOLA AVE,NICOLA AVE,09:00-11:59,1,0
N,PROPERTY DAMAGE ONLY,\N,N,2021,SUNDAY,REAR END,N,N,49.25722,-122.874143,Y,OCTOBER,N,COQUITLAM,COQUITLAM,COQUITLAM,Y,N,N,LOWER MAINLAND,SPRICE AVE # 000817 TO 000905,SPRICE AVE,SPRICE AVE,09:00-11:59,1,0
N,PROPERTY DAMAGE ONLY,\N,N,2021,SUNDAY,REAR END,N,N,49.315051,-122.864337,Y,OCTOBER,N,ANMORE,ANMORE,ANMORE,Y,N,N,LOWER MAINLAND,FERN DR # 000212 TO 000230 even,FERN DR,FERN DR,09:00-11:59,1,0
N,PROPERTY DAMAGE ONLY,\N,N,2021,SUNDAY,REAR END,N,N,49.740792,-123.136472,Y,OCTOBER,N,SQUAMISH,SQUAMISH,SQUAMISH,N,Y,N,LOWER MAINLAND,GARIBALDI WAY # 001800 TO 001899,GARIBALDI WAY,GARIBALDI WAY,09:00-11:59,1,0
N,PROPERTY DAMAGE ONLY,\N,N,2021,SUNDAY,REAR END,N,N,49.917714,-119.443742,Y,OCTOBER,N,KELOWNA,KELOWNA,KELOWNA,Y,N,N,SOUTHERN INTERIOR,WHITMAN RD # 000330 TO 000399,WHITMAN RD,WHITMAN RD,09:00-11:59,1,0
N,PROPERTY DAMAGE ONLY,\N,N,2021,SUNDAY,REAR END,N,N,53.884563,-122.772118,Y,OCTOBER,N,PRINCE GEORGE,PRINCE GEORGE,PRINCE GEORGE,Y,Y,N,NORTH CENTRAL,RANGE RD # 002460 TO 002599,RANGE RD,RANGE RD,09:00-11:59,1,0
N,PROPERTY DAMAGE ONLY,\N,N,2021,SUNDAY,REAR END,Y,N,\N,\N,N,OCTOBER,N,DELTA,DELTA,\N,N,N,N,LOWER MAINLAND,UNKNOWN,CHESTER RD,CHESTER RD,09:00-11:59,1,0
N,PROPERTY DAMAGE ONLY,\N,N,2021,SUNDAY,REAR TO REAR,N,N,\N,\N,N,OCTOBER,N,VICTORIA,VICTORIA,\N,N,N,N,VANCOUVER ISLAND,UNKNOWN,PIPELINE,PIPELINE,09:00-11:59,1,0
N,PROPERTY DAMAGE ONLY,\N,N,2021,SUNDAY,REAR TO REAR,N,N,49.058324,-122.793333,Y,OCTOBER,N,SURREY,SURREY,SURREY,N,Y,N,LOWER MAINLAND,31 AVE # 015412 TO 015444,31 AVE,31 AVE,09:00-11:59,1,0
N,PROPERTY DAMAGE ONLY,\N,N,2021,SUNDAY,REAR TO REAR,N,N,49.202225,-122.872296,Y,OCTOBER,N,SURREY,SURREY,SURREY,N,Y,N,LOWER MAINLAND,126A ST # 010900 TO 010999,126A ST,126A ST,09:00-11:59,1,0
N,PROPERTY DAMAGE ONLY,\N,N,2021,SUNDAY,REAR TO REAR,N,N,49.212767,-122.585657,Y,OCTOBER,N,MAPLE RIDGE,MAPLE RIDGE,MAPLE RIDGE,N,N,N,LOWER MAINLAND,116 AVE # 022960 TO 022999,116 AVE,116 AVE,09:00-11:59,1,0
N,PROPERTY DAMAGE ONLY,\N,N,2021,SUNDAY,REAR TO REAR,N,N,49.251687,-122.966597,Y,OCTOBER,N,BURNABY,BURNABY,BURNABY,Y,Y,N,LOWER MAINLAND,KENSINGTON AVE # 003601 TO 003799 odd,KENSINGTON AVE,KENSINGTON AVE,09:00-11:59,1,0
N,PROPERTY DAMAGE ONLY,\N,N,2021,SUNDAY,REAR TO REAR,N,N,49.274413,-122.792884,Y,OCTOBER,N,COQUITLAM,COQUITLAM,COQUITLAM,Y,Y,N,LOWER MAINLAND,LOUGHEED HWY # 002988 TO 003098 even,LOUGHEED HWY,LOUGHEED HWY,09:00-11:59,1,0
N,PROPERTY DAMAGE ONLY,\N,N,2021,SUNDAY,REAR TO REAR,N,N,49.309205,-122.955109,Y,OCTOBER,N,NORTH VANCOUVER,NORTH VANCOUVER,NORTH VANCOUVER,Y,N,N,LOWER MAINLAND,GLENHAVEN CRES # 004170 TO 004239,GLENHAVEN CRES,GLENHAVEN CRES,09:00-11:59,1,0
N,PROPERTY DAMAGE ONLY,\N,N,2021,SUNDAY,REAR TO REAR,N,N,49.473434,-123.754607,Y,OCTOBER,N,SECHELT,SECHELT,SECHELT,N,Y,N,LOWER MAINLAND,WHARF AVE # 005511 TO 005559,WHARF AVE,WHARF AVE,09:00-11:59,1,0
N,PROPERTY DAMAGE ONLY,\N,N,2021,SUNDAY,REAR TO REAR,N,N,49.702799,-123.147795,Y,OCTOBER,N,SQUAMISH,SQUAMISH,SQUAMISH,N,Y,N,LOWER MAINLAND,HUNTER PL # 001200 TO 001249,HUNTER PL,HUNTER PL,09:00-11:59,1,0
N,PROPERTY DAMAGE ONLY,\N,N,2021,SUNDAY,REAR TO REAR,N,N,51.317106,-116.973814,Y,OCTOBER,N,GOLDEN,GOLDEN,GOLDEN,N,Y,N,SOUTHERN INTERIOR,TRANS-CANADA HWY # 001401 TO 001449 odd,TRANS-CANADA HWY,TRANS-CANADA HWY,09:00-11:59,1,0
N,PROPERTY DAMAGE ONLY,\N,N,2021,SUNDAY,SIDE IMPACT,N,N,\N,\N,N,OCTOBER,N,BIRCH ISLAND,BIRCH ISLAND,\N,Y,Y,N,SOUTHERN INTERIOR,UNKNOWN,BIRCH RD,BIRCH RD,09:00-11:59,1,0
N,PROPERTY DAMAGE ONLY,\N,N,2021,SUNDAY,SIDE IMPACT,N,N,\N,\N,N,OCTOBER,N,BURNABY,BURNABY,\N,Y,N,N,LOWER MAINLAND,UNKNOWN,MCMURRAY AVE,MCMURRAY AVE,09:00-11:59,2,0
N,PROPERTY DAMAGE ONLY,\N,N,2021,SUNDAY,SIDE IMPACT,N,N,\N,\N,N,OCTOBER,N,KELOWNA,KELOWNA,\N,Y,N,N,SOUTHERN INTERIOR,UNKNOWN,HELDON CRT,HELDON CRT,09:00-11:59,1,0
N,PROPERTY DAMAGE ONLY,\N,N,2021,SUNDAY,SIDE IMPACT,N,N,\N,\N,N,OCTOBER,N,PRINCE RUPERT,PRINCE RUPERT,\N,N,N,N,NORTH CENTRAL,UNKNOWN,7TH AVE E,7TH AVE E,09:00-11:59,1,0
N,PROPERTY DAMAGE ONLY,\N,N,2021,SUNDAY,SIDE IMPACT,N,N,\N,\N,N,OCTOBER,N,RICHMOND,RICHMOND,\N,N,N,N,LOWER MAINLAND,UNKNOWN,MCCLELLAND RD,MCCLELLAND RD,09:00-11:59,1,0
N,PROPERTY DAMAGE ONLY,\N,N,2021,SUNDAY,SIDE IMPACT,N,N,\N,\N,N,OCTOBER,N,SURREY,SURREY,\N,Y,Y,N,LOWER MAINLAND,UNKNOWN,160TH ST STRATA RD,160TH ST STRATA RD,09:00-11:59,1,0
N,PROPERTY DAMAGE ONLY,\N,N,2021,SUNDAY,SIDE IMPACT,N,N,\N,\N,N,OCTOBER,N,VERNON,VERNON,\N,Y,N,N,SOUTHERN INTERIOR,UNKNOWN,UNKNOWN,UNKNOWN,09:00-11:59,1,0
N,PROPERTY DAMAGE ONLY,\N,N,2021,SUNDAY,SIDE IMPACT,N,N,48.44164,-123.510888,Y,OCTOBER,N,LANGFORD,LANGFORD,LANGFORD,Y,Y,N,VANCOUVER ISLAND,JACKLIN RD # 002937 TO 002979,JACKLIN RD,JACKLIN RD,09:00-11:59,1,0
N,PROPERTY DAMAGE ONLY,\N,N,2021,SUNDAY,SIDE IMPACT,N,N,48.470246,-123.352691,Y,OCTOBER,N,SAANICH,SAANICH,SAANICH,Y,N,N,VANCOUVER ISLAND,GARKIL RD # 001240 TO 001299,GARKIL RD,GARKIL RD,09:00-11:59,1,0
N,PROPERTY DAMAGE ONLY,\N,N,2021,SUNDAY,SIDE IMPACT,N,N,48.615083,-123.431956,Y,OCTOBER,N,NORTH SAANICH,NORTH SAANICH,NORTH SAANICH,Y,N,N,VANCOUVER ISLAND,BARRETT DR # 001627 TO 001655,BARRETT DR,BARRETT DR,09:00-11:59,1,0
N,PROPERTY DAMAGE ONLY,\N,N,2021,SUNDAY,SIDE IMPACT,N,N,48.663654,-123.405646,Y,OCTOBER,N,SIDNEY,SIDNEY,SIDNEY,Y,N,N,VANCOUVER ISLAND,RESTHAVEN DR # 010340 TO 010399,RESTHAVEN DR,RESTHAVEN DR,09:00-11:59,1,0
N,PROPERTY DAMAGE ONLY,\N,N,2021,SUNDAY,SIDE IMPACT,N,N,48.769613,-123.693118,Y,OCTOBER,N,DUNCAN,DUNCAN,DUNCAN,Y,N,N,VANCOUVER ISLAND,BOYS RD # 002800 TO 002849,BOYS RD,BOYS RD,09:00-11:59,1,0
N,PROPERTY DAMAGE ONLY,\N,N,2021,SUNDAY,SIDE IMPACT,N,N,48.804712,-123.478423,Y,OCTOBER,N,SALT SPRING ISLAND,SALT SPRING ISLAND,SALT SPRING ISLAND,Y,N,N,VANCOUVER ISLAND,GARNER RD # 000080 TO 000099,GARNER RD,GARNER RD,09:00-11:59,1,0
N,PROPERTY DAMAGE ONLY,\N,N,2021,SUNDAY,SIDE IMPACT,N,N,49.030184,-122.79712,Y,OCTOBER,N,WHITE ROCK,WHITE ROCK,WHITE ROCK,Y,N,N,LOWER MAINLAND,MERKLIN ST # 001500 TO 001599,MERKLIN ST,MERKLIN ST,09:00-11:59,1,0
N,PROPERTY DAMAGE ONLY,\N,N,2021,SUNDAY,SIDE IMPACT,N,N,49.033389,-122.801134,Y,OCTOBER,N,SURREY,SURREY,SURREY,Y,Y,N,LOWER MAINLAND,152 ST # 001700 TO 001748 even,152 ST,152 ST,09:00-11:59,1,0
N,PROPERTY DAMAGE ONLY,\N,N,2021,SUNDAY,SIDE IMPACT,N,N,49.035875,-122.271713,Y,OCTOBER,N,ABBOTSFORD,ABBOTSFORD,ABBOTSFORD,Y,Y,N,LOWER MAINLAND,VEDDER WAY # 001700 TO 001999,VEDDER WAY,VEDDER WAY,09:00-11:59,1,0
N,PROPERTY DAMAGE ONLY,\N,N,2021,SUNDAY,SIDE IMPACT,N,N,49.042584,-122.27122,Y,OCTOBER,N,ABBOTSFORD,ABBOTSFORD,ABBOTSFORD,N,Y,N,LOWER MAINLAND,SUMAS WAY # 002100 TO 002348 even,SUMAS WAY,SUMAS WAY,09:00-11:59,1,0
N,PROPERTY DAMAGE ONLY,\N,N,2021,SUNDAY,SIDE IMPACT,N,N,49.053499,-122.369801,Y,OCTOBER,N,ABBOTSFORD,ABBOTSFORD,ABBOTSFORD,Y,Y,N,LOWER MAINLAND,LIVINGSTONE AVE # 002700 TO 002850 even,LIVINGSTONE AVE,LIVINGSTONE AVE,09:00-11:59,1,0
N,PROPERTY DAMAGE ONLY,\N,N,2021,SUNDAY,SIDE IMPACT,N,N,49.058763,-122.33023,Y,OCTOBER,N,ABBOTSFORD,ABBOTSFORD,ABBOTSFORD,Y,Y,N,LOWER MAINLAND,MOUAT DR # 032250 TO 032317,MOUAT DR,MOUAT DR,09:00-11:59,1,0
N,PROPERTY DAMAGE ONLY,\N,N,2021,SUNDAY,SIDE IMPACT,N,N,49.090436,-122.673885,Y,OCTOBER,N,LANGLEY,LANGLEY,LANGLEY,Y,N,N,LOWER MAINLAND,48A AVE # 019720 TO 019899,48A AVE,48A AVE,09:00-11:59,1,0
N,PROPERTY DAMAGE ONLY,\N,N,2021,SUNDAY,SIDE IMPACT,N,N,49.100079,-117.671342,Y,OCTOBER,N,TRAIL,TRAIL,TRAIL,N,Y,N,SOUTHERN INTERIOR,HWY 3B # 003284 TO 003303,HWY 3B,HWY 3B,09:00-11:59,1,0
N,PROPERTY DAMAGE ONLY,\N,N,2021,SUNDAY,SIDE IMPACT,N,N,49.103873,-122.072048,Y,OCTOBER,N,CHILLIWACK,CHILLIWACK,CHILLIWACK,Y,Y,N,LOWER MAINLAND,KEITH WILSON RD # 041625 TO 041670,KEITH WILSON RD,KEITH WILSON RD,09:00-11:59,1,0
N,PROPERTY DAMAGE ONLY,\N,N,2021,SUNDAY,SIDE IMPACT,N,N,49.118802,-122.834321,Y,OCTOBER,N,SURREY,SURREY,SURREY,Y,N,N,LOWER MAINLAND,140 ST # 006300 TO 006399,140 ST,140 ST,09:00-11:59,1,0
N,PROPERTY DAMAGE ONLY,\N,N,2021,SUNDAY,SIDE IMPACT,N,N,49.13228,-122.300815,Y,OCTOBER,N,MISSION,MISSION,MISSION,Y,Y,N,LOWER MAINLAND,HORNE ST # 007162 TO 007198 even,HORNE ST,HORNE ST,09:00-11:59,1,0
N,PROPERTY DAMAGE ONLY,\N,N,2021,SUNDAY,SIDE IMPACT,N,N,49.133609,-122.84003,Y,OCTOBER,N,SURREY,SURREY,SURREY,Y,Y,N,LOWER MAINLAND,72 AVE # 013735 TO 013799 odd,72 AVE,72 AVE,09:00-11:59,1,0
N,PROPERTY DAMAGE ONLY,\N,N,2021,SUNDAY,SIDE IMPACT,N,N,49.144571,-122.831419,Y,OCTOBER,N,SURREY,SURREY,SURREY,Y,N,N,LOWER MAINLAND,78 AVE # 014050 TO 014179,78 AVE,78 AVE,09:00-11:59,1,0
N,PROPERTY DAMAGE ONLY,\N,N,2021,SUNDAY,SIDE IMPACT,N,N,49.144692,-122.877711,Y,OCTOBER,N,SURREY,SURREY,SURREY,Y,N,N,LOWER MAINLAND,78 AVE # 012400 TO 012499,78 AVE,78 AVE,09:00-11:59,1,0
N,PROPERTY DAMAGE ONLY,\N,N,2021,SUNDAY,SIDE IMPACT,N,N,49.157926,-122.913466,Y,OCTOBER,N,DELTA,DELTA,DELTA,Y,Y,N,LOWER MAINLAND,111B ST # 008490 TO 008529,111B ST,111B ST,09:00-11:59,1,0
N,PROPERTY DAMAGE ONLY,\N,N,2021,SUNDAY,SIDE IMPACT,N,N,49.160884,-123.174077,Y,OCTOBER,N,RICHMOND,RICHMOND,RICHMOND,Y,N,N,LOWER MAINLAND,PARRY ST # 007000 TO 007399,PARRY ST,PARRY ST,09:00-11:59,1,0
N,PROPERTY DAMAGE ONLY,\N,N,2021,SUNDAY,SIDE IMPACT,N,N,49.168618,-123.117459,Y,OCTOBER,N,RICHMOND,RICHMOND,RICHMOND,Y,N,N,LOWER MAINLAND,FERNDALE RD # 009550 TO 009649,FERNDALE RD,FERNDALE RD,09:00-11:59,1,0
N,PROPERTY DAMAGE ONLY,\N,N,2021,SUNDAY,SIDE IMPACT,N,N,49.192014,-123.122024,Y,OCTOBER,N,RICHMOND,RICHMOND,RICHMOND,Y,Y,N,LOWER MAINLAND,BRIDGEPORT RD # 009088 TO 009299,BRIDGEPORT RD,BRIDGEPORT RD,09:00-11:59,1,0
N,PROPERTY DAMAGE ONLY,\N,N,2021,SUNDAY,SIDE IMPACT,N,N,49.207094,-122.918856,Y,OCTOBER,N,NEW WESTMINSTER,NEW WESTMINSTER,NEW WESTMINSTER,Y,N,N,LOWER MAINLAND,EIGHTH ST # 000300 TO 000319,EIGHTH ST,EIGHTH ST,09:00-11:59,1,0
N,PROPERTY DAMAGE ONLY,\N,N,2021,SUNDAY,SIDE IMPACT,N,N,49.210462,-123.116122,Y,OCTOBER,N,VANCOUVER,VANCOUVER,VANCOUVER,Y,Y,N,LOWER MAINLAND,SW MARINE DR # 000400 TO 000498 even,SW MARINE DR,SW MARINE DR,09:00-11:59,1,0
N,PROPERTY DAMAGE ONLY,\N,N,2021,SUNDAY,SIDE IMPACT,N,N,49.213395,-123.111342,Y,OCTOBER,N,VANCOUVER,VANCOUVER,VANCOUVER,Y,N,N,LOWER MAINLAND,W 63RD AVE # 000200 TO 000299,W 63RD AVE,W 63RD AVE,09:00-11:59,1,0
N,PROPERTY DAMAGE ONLY,\N,N,2021,SUNDAY,SIDE IMPACT,N,N,49.22096,-122.971997,Y,OCTOBER,N,BURNABY,BURNABY,BURNABY,Y,Y,N,LOWER MAINLAND,GILLEY AVE # 006800 TO 006999,GILLEY AVE,GILLEY AVE,09:00-11:59,1,0
N,PROPERTY DAMAGE ONLY,\N,N,2021,SUNDAY,SIDE IMPACT,N,N,49.224704,-122.673335,Y,OCTOBER,N,PITT MEADOWS,PITT MEADOWS,PITT MEADOWS,N,Y,N,LOWER MAINLAND,LOUGHEED HWY # 019800 TO 019808 even,LOUGHEED HWY,LOUGHEED HWY,09:00-11:59,1,0
N,PROPERTY DAMAGE ONLY,\N,N,2021,SUNDAY,SIDE IMPACT,N,N,49.233824,-124.048349,Y,OCTOBER,N,NANAIMO,NANAIMO,NANAIMO,Y,Y,N,VANCOUVER ISLAND,METRAL DR # 006555 TO 006599 odd,METRAL DR,METRAL DR,09:00-11:59,1,0
N,PROPERTY DAMAGE ONLY,\N,N,2021,SUNDAY,SIDE IMPACT,N,N,49.254369,-122.992268,Y,OCTOBER,N,BURNABY,BURNABY,BURNABY,N,N,N,LOWER MAINLAND,CANADA WAY # 004622 TO 004665,CANADA WAY,CANADA WAY,09:00-11:59,1,0
N,PROPERTY DAMAGE ONLY,\N,N,2021,SUNDAY,SIDE IMPACT,N,N,49.254751,-122.846459,Y,OCTOBER,N,COQUITLAM,COQUITLAM,COQUITLAM,Y,Y,N,LOWER MAINLAND,POIRIER ST # 000600 TO 000645,POIRIER ST,POIRIER ST,09:00-11:59,1,0
N,PROPERTY DAMAGE ONLY,\N,N,2021,SUNDAY,SIDE IMPACT,N,N,49.268099,-123.151581,Y,OCTOBER,N,VANCOUVER,VANCOUVER,VANCOUVER,N,N,N,LOWER MAINLAND,W 4TH AVE # 002000 TO 002099,W 4TH AVE,W 4TH AVE,09:00-11:59,1,0
N,PROPERTY DAMAGE ONLY,\N,N,2021,SUNDAY,SIDE IMPACT,N,N,49.276709,-122.853555,Y,OCTOBER,N,PORT MOODY,PORT MOODY,PORT MOODY,Y,Y,N,LOWER MAINLAND,ST JOHNS ST # 002600 TO 002699,ST JOHNS ST,ST JOHNS ST,09:00-11:59,1,0
N,PROPERTY DAMAGE ONLY,\N,N,2021,SUNDAY,SIDE IMPACT,N,N,49.285453,-123.115594,Y,OCTOBER,N,VANCOUVER,VANCOUVER,VANCOUVER,Y,Y,N,LOWER MAINLAND,HOWE ST # 000450 TO 000499,HOWE ST,HOWE ST,09:00-11:59,1,0
N,PROPERTY DAMAGE ONLY,\N,N,2021,SUNDAY,SIDE IMPACT,N,N,49.295773,-122.791312,Y,OCTOBER,Y,COQUITLAM,COQUITLAM,COQUITLAM,Y,Y,N,LOWER MAINLAND,SILVER SPRINGS BLVD # 002900 TO 002979,SILVER SPRINGS BLVD,SILVER SPRINGS BLVD,09:00-11:59,1,0
N,PROPERTY DAMAGE ONLY,\N,N,2021,SUNDAY,SIDE IMPACT,N,N,49.297002,-122.802776,Y,OCTOBER,N,COQUITLAM,COQUITLAM,COQUITLAM,N,Y,N,LOWER MAINLAND,PARKWAY BLVD # 001400 TO 001413,PARKWAY BLVD,PARKWAY BLVD,09:00-11:59,1,0
N,PROPERTY DAMAGE ONLY,\N,N,2021,SUNDAY,SIDE IMPACT,N,N,49.334551,-123.18084,Y,OCTOBER,N,WEST VANCOUVER,WEST VANCOUVER,WEST VANCOUVER,Y,Y,N,LOWER MAINLAND,MARINE DR # 002400 TO 002499,MARINE DR,MARINE DR,09:00-11:59,1,0
N,PROPERTY DAMAGE ONLY,\N,N,2021,SUNDAY,SIDE IMPACT,N,N,49.457266,-120.506723,Y,OCTOBER,N,PRINCETON,PRINCETON,PRINCETON,Y,Y,N,SOUTHERN INTERIOR,HWY 3 W # 000160 TO 000233,HWY 3,HWY 3,09:00-11:59,1,0
N,PROPERTY DAMAGE ONLY,\N,N,2021,SUNDAY,SIDE IMPACT,N,N,49.463126,-119.589468,Y,OCTOBER,N,PENTICTON,PENTICTON,PENTICTON,N,Y,N,SOUTHERN INTERIOR,GREEN AVE W # 000200 TO 000299,GREEN AVE W,GREEN AVE W,09:00-11:59,1,0
N,PROPERTY DAMAGE ONLY,\N,N,2021,SUNDAY,SIDE IMPACT,N,N,49.470475,-119.583635,Y,OCTOBER,N,PENTICTON,PENTICTON,PENTICTON,Y,Y,N,SOUTHERN INTERIOR,SKAHA LAKE RD # 002333 TO 002499 odd,SKAHA LAKE RD,SKAHA LAKE RD,09:00-11:59,1,0
N,PROPERTY DAMAGE ONLY,\N,N,2021,SUNDAY,SIDE IMPACT,N,N,49.47802,-119.583903,Y,OCTOBER,N,PENTICTON,PENTICTON,PENTICTON,Y,Y,N,SOUTHERN INTERIOR,MAIN ST # 001800 TO 001899,MAIN ST,MAIN ST,09:00-11:59,1,0
N,PROPERTY DAMAGE ONLY,\N,N,2021,SUNDAY,SIDE IMPACT,N,N,49.523656,-115.75463,Y,OCTOBER,N,CRANBROOK,CRANBROOK,CRANBROOK,Y,Y,N,SOUTHERN INTERIOR,CRANBROOK ST N # 001200 TO 001298 even,CRANBROOK ST N,CRANBROOK ST N,09:00-11:59,1,0
N,PROPERTY DAMAGE ONLY,\N,N,2021,SUNDAY,SIDE IMPACT,N,N,49.608694,-119.66902,Y,OCTOBER,N,SUMMERLAND,SUMMERLAND,SUMMERLAND,Y,N,N,SOUTHERN INTERIOR,TADA AVE # 014710 TO 014835,TADA AVE,TADA AVE,09:00-11:59,1,0
N,PROPERTY DAMAGE ONLY,\N,N,2021,SUNDAY,SIDE IMPACT,N,N,49.713662,-124.96239,Y,OCTOBER,N,COURTENAY,COURTENAY,COURTENAY,N,Y,N,VANCOUVER ISLAND,CROWN ISLE BLVD # 000440 TO 000599,CROWN ISLE BLVD,CROWN ISLE BLVD,09:00-11:59,1,0
N,PROPERTY DAMAGE ONLY,\N,N,2021,SUNDAY,SIDE IMPACT,N,N,49.860065,-119.49121,Y,OCTOBER,N,KELOWNA,KELOWNA,KELOWNA,Y,Y,N,SOUTHERN INTERIOR,LAKESHORE RD # 003100 TO 003289,LAKESHORE RD,LAKESHORE RD,09:00-11:59,1,0
N,PROPERTY DAMAGE ONLY,\N,N,2021,SUNDAY,SIDE IMPACT,N,N,49.959678,-119.400517,Y,OCTOBER,N,KELOWNA,KELOWNA,KELOWNA,Y,N,N,SOUTHERN INTERIOR,CAPISTRANO DR # 002130 TO 002189,CAPISTRANO DR,CAPISTRANO DR,09:00-11:59,1,0
N,PROPERTY DAMAGE ONLY,\N,N,2021,SUNDAY,SIDE IMPACT,N,N,50.118544,-122.958386,Y,OCTOBER,N,WHISTLER,WHISTLER,WHISTLER,Y,Y,N,LOWER MAINLAND,NORTHLANDS BLVD # 004330 TO 004339,NORTHLANDS BLVD,NORTHLANDS BLVD,09:00-11:59,1,0
N,PROPERTY DAMAGE ONLY,\N,N,2021,SUNDAY,SIDE IMPACT,N,N,50.273806,-119.288438,Y,OCTOBER,N,VERNON,VERNON,VERNON,Y,N,N,SOUTHERN INTERIOR,TURTLE POND PL # 005110 TO 005149,TURTLE POND PL,TURTLE POND PL,09:00-11:59,1,0
N,PROPERTY DAMAGE ONLY,\N,N,2021,SUNDAY,SIDE IMPACT,N,N,50.289072,-119.260542,Y,OCTOBER,N,VERNON,VERNON,VERNON,N,Y,N,SOUTHERN INTERIOR,58 AVE # 002000 TO 002499,58 AVE,58 AVE,09:00-11:59,1,0
N,PROPERTY DAMAGE ONLY,\N,N,2021,SUNDAY,SIDE IMPACT,N,N,50.685009,-120.343224,Y,OCTOBER,N,KAMLOOPS,KAMLOOPS,KAMLOOPS,Y,N,N,SOUTHERN INTERIOR,SCHUBERT DR # 000230 TO 000249,SCHUBERT DR,SCHUBERT DR,09:00-11:59,1,0
N,PROPERTY DAMAGE ONLY,\N,N,2021,SUNDAY,SIDE IMPACT,N,N,50.692839,-120.37511,Y,OCTOBER,N,KAMLOOPS,KAMLOOPS,KAMLOOPS,Y,Y,N,SOUTHERN INTERIOR,ISLAND PKY # 001591 TO 001699,ISLAND PKY,ISLAND PKY,09:00-11:59,1,0
N,PROPERTY DAMAGE ONLY,\N,N,2021,SUNDAY,SIDE IMPACT,N,N,52.968871,-122.464408,Y,OCTOBER,N,QUESNEL,QUESNEL,QUESNEL,Y,N,N,NORTH CENTRAL,PANORAMA RIDGE # 000600 TO 000699,PANORAMA RIDGE,PANORAMA RIDGE,09:00-11:59,1,0
N,PROPERTY DAMAGE ONLY,\N,N,2021,SUNDAY,SIDE IMPACT,N,N,53.909802,-122.7586,Y,OCTOBER,N,PRINCE GEORGE,PRINCE GEORGE,PRINCE GEORGE,Y,Y,N,NORTH CENTRAL,15TH AVE # 001600 TO 001708 even,15TH AVE,15TH AVE,09:00-11:59,1,0
N,PROPERTY DAMAGE ONLY,\N,N,2021,SUNDAY,SIDE IMPACT,N,N,53.935461,-122.80944,Y,OCTOBER,N,PRINCE GEORGE,PRINCE GEORGE,PRINCE GEORGE,Y,N,N,NORTH CENTRAL,STROM PL # 004700 TO 004870,STROM PL,STROM PL,09:00-11:59,1,0
N,PROPERTY DAMAGE ONLY,\N,N,2021,SUNDAY,SIDE IMPACT,N,N,56.245233,-120.873571,Y,OCTOBER,N,FORT ST. JOHN,FORT ST. JOHN,FORT ST. JOHN,Y,Y,N,NORTH CENTRAL,OLD FORT RD # 009700 TO 009749,OLD FORT RD,OLD FORT RD,09:00-11:59,1,0
N,PROPERTY DAMAGE ONLY,\N,N,2021,SUNDAY,SIDE IMPACT,N,N,56.249758,-120.847476,Y,OCTOBER,N,FORT ST. JOHN,FORT ST. JOHN,FORT ST. JOHN,N,Y,N,NORTH CENTRAL,100 ST # 010300 TO 010399,100 ST,100 ST,09:00-11:59,1,0
N,PROPERTY DAMAGE ONLY,\N,N,2021,SUNDAY,SIDE IMPACT,Y,N,49.650872,-124.955781,Y,OCTOBER,N,COURTENAY,COURTENAY,COURTENAY,Y,Y,N,VANCOUVER ISLAND,ISLAND HWY S # 003770 TO 003779,ISLAND HWY S,ISLAND HWY S,09:00-11:59,1,0
N,PROPERTY DAMAGE ONLY,\N,N,2021,SUNDAY,SIDE SWIPE - OPPOSITE DIRECTION,N,N,48.445435,-123.371039,Y,OCTOBER,N,VICTORIA,VICTORIA,VICTORIA,Y,Y,N,VANCOUVER ISLAND,DOUGLAS ST # 003100 TO 003148 even,DOUGLAS ST,DOUGLAS ST,09:00-11:59,1,0
N,PROPERTY DAMAGE ONLY,\N,N,2021,SUNDAY,SIDE SWIPE - SAME DIRECTION,N,N,\N,\N,N,OCTOBER,N,CRANBROOK,CRANBROOK,\N,N,N,N,SOUTHERN INTERIOR,UNKNOWN,GOLD CREEK RD,GOLD CREEK RD,09:00-11:59,2,0
N,PROPERTY DAMAGE ONLY,\N,N,2021,SUNDAY,SIDE SWIPE - SAME DIRECTION,N,N,\N,\N,N,OCTOBER,N,GIBSONS,GIBSONS,\N,N,N,N,LOWER MAINLAND,UNKNOWN,SUNSHINE COAST HWY,SUNSHINE COAST HWY,09:00-11:59,1,0
N,PROPERTY DAMAGE ONLY,\N,N,2021,SUNDAY,SIDE SWIPE - SAME DIRECTION,N,N,\N,\N,N,OCTOBER,N,NEW WESTMINSTER,NEW WESTMINSTER,\N,Y,N,N,LOWER MAINLAND,UNKNOWN,4TH STREET,4TH STREET,09:00-11:59,1,0
N,PROPERTY DAMAGE ONLY,\N,N,2021,SUNDAY,SIDE SWIPE - SAME DIRECTION,N,N,\N,\N,N,OCTOBER,N,SAANICH,SAANICH,\N,Y,Y,N,VANCOUVER ISLAND,UNKNOWN,SAANICH RD,SAANICH RD,09:00-11:59,1,0
N,PROPERTY DAMAGE ONLY,\N,N,2021,SUNDAY,SIDE SWIPE - SAME DIRECTION,N,N,48.41021,-123.369626,Y,OCTOBER,N,VICTORIA,VICTORIA,VICTORIA,Y,N,N,VANCOUVER ISLAND,BATTERY ST # 000670 TO 000699,BATTERY ST,BATTERY ST,09:00-11:59,1,0
N,PROPERTY DAMAGE ONLY,\N,N,2021,SUNDAY,SIDE SWIPE - SAME DIRECTION,N,N,48.451269,-123.379884,Y,OCTOBER,N,SAANICH,SAANICH,SAANICH,Y,N,N,VANCOUVER ISLAND,WHITTIER AVE # 003338 TO 003399,WHITTIER AVE,WHITTIER AVE,09:00-11:59,1,0
N,PROPERTY DAMAGE ONLY,\N,N,2021,SUNDAY,SIDE SWIPE - SAME DIRECTION,N,N,49.090879,-122.611537,Y,OCTOBER,N,LANGLEY,LANGLEY,LANGLEY,Y,N,N,LOWER MAINLAND,221 ST # 004850 TO 004899,221 ST,221 ST,09:00-11:59,1,0
N,PROPERTY DAMAGE ONLY,\N,N,2021,SUNDAY,SIDE SWIPE - SAME DIRECTION,N,N,49.190091,-122.800823,Y,OCTOBER,N,SURREY,SURREY,SURREY,Y,Y,N,LOWER MAINLAND,152 ST # 010250 TO 010398 even,152 ST,152 ST,09:00-11:59,1,0
N,PROPERTY DAMAGE ONLY,\N,N,2021,SUNDAY,SIDE SWIPE - SAME DIRECTION,N,N,49.213499,-122.920763,Y,OCTOBER,N,NEW WESTMINSTER,NEW WESTMINSTER,NEW WESTMINSTER,N,Y,N,LOWER MAINLAND,SIXTH ST # 000600 TO 000619,SIXTH ST,SIXTH ST,09:00-11:59,1,0
N,PROPERTY DAMAGE ONLY,\N,N,2021,SUNDAY,SIDE SWIPE - SAME DIRECTION,N,N,49.220051,-122.915251,Y,OCTOBER,N,NEW WESTMINSTER,NEW WESTMINSTER,NEW WESTMINSTER,Y,N,N,LOWER MAINLAND,FIRST ST # 000715 TO 000799,FIRST ST,FIRST ST,09:00-11:59,1,0
N,PROPERTY DAMAGE ONLY,\N,N,2021,SUNDAY,SIDE SWIPE - SAME DIRECTION,N,N,49.258119,-123.037802,Y,OCTOBER,N,VANCOUVER,VANCOUVER,VANCOUVER,Y,Y,N,LOWER MAINLAND,GRANDVIEW HWY # 003100 TO 003199,GRANDVIEW HWY,GRANDVIEW HWY,09:00-11:59,1,0
N,PROPERTY DAMAGE ONLY,\N,N,2021,SUNDAY,SIDE SWIPE - SAME DIRECTION,N,N,49.265003,-123.169805,Y,OCTOBER,N,VANCOUVER,VANCOUVER,VANCOUVER,Y,N,N,LOWER MAINLAND,W 8TH AVE # 002800 TO 002939,W 8TH AVE,W 8TH AVE,09:00-11:59,1,0
N,PROPERTY DAMAGE ONLY,\N,N,2021,SUNDAY,SIDE SWIPE - SAME DIRECTION,N,N,49.277063,-122.800243,Y,OCTOBER,N,COQUITLAM,COQUITLAM,COQUITLAM,Y,Y,N,LOWER MAINLAND,BARNET HWY # 002901 TO 002929 odd,BARNET HWY,BARNET HWY,09:00-11:59,1,0
N,PROPERTY DAMAGE ONLY,\N,N,2021,SUNDAY,SIDE SWIPE - SAME DIRECTION,N,N,49.281138,-123.030071,Y,OCTOBER,N,VANCOUVER,VANCOUVER,VANCOUVER,N,Y,N,LOWER MAINLAND,E HASTINGS ST # 003400 TO 003458 even,E HASTINGS ST,E HASTINGS ST,09:00-11:59,1,0
N,PROPERTY DAMAGE ONLY,\N,N,2021,SUNDAY,SIDE SWIPE - SAME DIRECTION,N,N,49.338735,-124.361919,Y,OCTOBER,N,PARKSVILLE,PARKSVILLE,PARKSVILLE,Y,N,N,VANCOUVER ISLAND,YELLOWBRICK RD # 001100 TO 001149,YELLOW BRICK RD,YELLOW BRICK RD,09:00-11:59,1,0
N,PROPERTY DAMAGE ONLY,\N,N,2021,SUNDAY,SIDE SWIPE - SAME DIRECTION,N,N,49.889534,-119.466325,Y,OCTOBER,N,KELOWNA,KELOWNA,KELOWNA,Y,N,N,SOUTHERN INTERIOR,HIGHLAND DR S # 001376 TO 001399,HIGHLAND DR S,HIGHLAND DR S,09:00-11:59,1,0
N,PROPERTY DAMAGE ONLY,\N,N,2021,SUNDAY,SIDE SWIPE - SAME DIRECTION,N,N,49.951014,-119.383524,Y,OCTOBER,N,KELOWNA,KELOWNA,KELOWNA,N,Y,N,SOUTHERN INTERIOR,AIRPORT WAY # 005531 TO 005535 odd,AIRPORT WAY,AIRPORT WAY,09:00-11:59,1,0
N,PROPERTY DAMAGE ONLY,\N,N,2021,SUNDAY,SIDE SWIPE - SAME DIRECTION,N,N,52.97707,-122.510811,Y,OCTOBER,N,QUESNEL,QUESNEL,QUESNEL,Y,N,N,NORTH CENTRAL,HILL ST # 000300 TO 000399,HILL ST,HILL ST,09:00-11:59,1,0
N,PROPERTY DAMAGE ONLY,\N,N,2021,SUNDAY,SIDE SWIPE - SAME DIRECTION,Y,N,49.30634,-124.185469,Y,OCTOBER,N,NANOOSE BAY,NANOOSE BAY,NANOOSE BAY,Y,Y,N,VANCOUVER ISLAND,DORCAS POINT RD # 001350 TO 001569,DORCAS POINT RD,DORCAS POINT RD,09:00-11:59,1,0
N,PROPERTY DAMAGE ONLY,\N,N,2021,SUNDAY,SIDE SWIPE - SAME DIRECTION,Y,N,53.910455,-122.784348,Y,OCTOBER,N,PRINCE GEORGE,PRINCE GEORGE,PRINCE GEORGE,N,Y,N,NORTH CENTRAL,15TH AVE FRTG # 003300 TO 003398 even,15TH AVE,15TH AVE,09:00-11:59,1,0
N,PROPERTY DAMAGE ONLY,\N,N,2021,SUNDAY,SINGLE VEHICLE,N,N,\N,\N,N,OCTOBER,N,BURNABY,BURNABY,\N,N,N,N,LOWER MAINLAND,UNKNOWN,BRIGHTON AVE,BRIGHTON AVE,09:00-11:59,1,0
N,PROPERTY DAMAGE ONLY,\N,N,2021,SUNDAY,SINGLE VEHICLE,N,N,\N,\N,N,OCTOBER,N,BURNABY,BURNABY,\N,N,N,N,LOWER MAINLAND,UNKNOWN,BROADWAY,BROADWAY,09:00-11:59,1,0
N,PROPERTY DAMAGE ONLY,\N,N,2021,SUNDAY,SINGLE VEHICLE,N,N,\N,\N,N,OCTOBER,N,BURNABY,BURNABY,\N,N,N,N,LOWER MAINLAND,UNKNOWN,GAGLARDI WAY,GAGLARDI WAY,09:00-11:59,1,0
N,PROPERTY DAMAGE ONLY,\N,N,2021,SUNDAY,SINGLE VEHICLE,N,N,\N,\N,N,OCTOBER,N,BURNABY,BURNABY,\N,N,Y,N,LOWER MAINLAND,UNKNOWN,NORTH RD,NORTH RD,09:00-11:59,1,0
N,PROPERTY DAMAGE ONLY,\N,N,2021,SUNDAY,SINGLE VEHICLE,N,N,\N,\N,N,OCTOBER,N,CHETWYND,CHETWYND,\N,N,N,N,NORTH CENTRAL,UNKNOWN,HWY 97,HWY 97,09:00-11:59,1,0
N,PROPERTY DAMAGE ONLY,\N,N,2021,SUNDAY,SINGLE VEHICLE,N,N,\N,\N,N,OCTOBER,N,COQUIHALLA,COQUIHALLA,\N,N,N,N,SOUTHERN INTERIOR,UNKNOWN,COQUIHALLA HWY S,COQUIHALLA HWY S,09:00-11:59,1,0
N,PROPERTY DAMAGE ONLY,\N,N,2021,SUNDAY,SINGLE VEHICLE,N,N,\N,\N,N,OCTOBER,N,COURTENAY,COURTENAY,\N,N,N,N,VANCOUVER ISLAND,UNKNOWN,HEADQUARTERS RD,HEADQUARTERS RD,09:00-11:59,1,0
N,PROPERTY DAMAGE ONLY,\N,N,2021,SUNDAY,SINGLE VEHICLE,N,N,\N,\N,N,OCTOBER,N,ENDERBY,ENDERBY,\N,N,N,N,SOUTHERN INTERIOR,UNKNOWN,WATERWHEEL ST,WATERWHEEL ST,09:00-11:59,1,0
N,PROPERTY DAMAGE ONLY,\N,N,2021,SUNDAY,SINGLE VEHICLE,N,N,\N,\N,N,OCTOBER,N,FORT ST. JOHN,FORT ST. JOHN,\N,N,N,N,NORTH CENTRAL,UNKNOWN,100 AVE,100 AVE,09:00-11:59,1,0
N,PROPERTY DAMAGE ONLY,\N,N,2021,SUNDAY,SINGLE VEHICLE,N,N,\N,\N,N,OCTOBER,N,FORT STEELE,FORT STEELE,\N,N,N,N,SOUTHERN INTERIOR,UNKNOWN,LOGGING ROAD,LOGGING ROAD,09:00-11:59,1,0
N,PROPERTY DAMAGE ONLY,\N,N,2021,SUNDAY,SINGLE VEHICLE,N,N,\N,\N,N,OCTOBER,N,GARDEN BAY,GARDEN BAY,\N,N,N,N,LOWER MAINLAND,UNKNOWN,IRVINES LANDING RD,IRVINES LANDING RD,09:00-11:59,1,0
N,PROPERTY DAMAGE ONLY,\N,N,2021,SUNDAY,SINGLE VEHICLE,N,N,\N,\N,N,OCTOBER,N,KAMLOOPS,KAMLOOPS,\N,N,N,N,SOUTHERN INTERIOR,UNKNOWN,WESTSYDE RD,WESTSYDE RD,09:00-11:59,1,0
N,PROPERTY DAMAGE ONLY,\N,N,2021,SUNDAY,SINGLE VEHICLE,N,N,\N,\N,N,OCTOBER,N,KIMBERLEY,KIMBERLEY,\N,N,N,N,SOUTHERN INTERIOR,UNKNOWN,LOST DOG CREEK FSR,LOST DOG CREEK FSR,09:00-11:59,1,0
N,PROPERTY DAMAGE ONLY,\N,N,2021,SUNDAY,SINGLE VEHICLE,N,N,\N,\N,N,OCTOBER,N,LYTTON,LYTTON,\N,N,N,N,SOUTHERN INTERIOR,UNKNOWN,TRANS CANADA HWY,TRANS CANADA HWY,09:00-11:59,1,0
N,PROPERTY DAMAGE ONLY,\N,N,2021,SUNDAY,SINGLE VEHICLE,N,N,\N,\N,N,OCTOBER,N,NORTH VANCOUVER,NORTH VANCOUVER,\N,N,N,N,LOWER MAINLAND,UNKNOWN,W 1ST ST,W 1ST ST,09:00-11:59,1,0
N,PROPERTY DAMAGE ONLY,\N,N,2021,SUNDAY,SINGLE VEHICLE,N,N,\N,\N,N,OCTOBER,N,POPKUM,POPKUM,\N,N,N,N,LOWER MAINLAND,UNKNOWN,PAGE RD,PAGE RD,09:00-11:59,1,0
N,PROPERTY DAMAGE ONLY,\N,N,2021,SUNDAY,SINGLE VEHICLE,N,N,\N,\N,N,OCTOBER,N,PRINCE GEORGE,PRINCE GEORGE,\N,N,N,N,NORTH CENTRAL,UNKNOWN,FERGUSON LAKE RD,FERGUSON LAKE RD,09:00-11:59,1,0
N,PROPERTY DAMAGE ONLY,\N,N,2021,SUNDAY,SINGLE VEHICLE,N,N,\N,\N,N,OCTOBER,N,PRINCE RUPERT,PRINCE RUPERT,\N,N,N,N,NORTH CENTRAL,UNKNOWN,HWY 16,HWY 16,09:00-11:59,1,0
N,PROPERTY DAMAGE ONLY,\N,N,2021,SUNDAY,SINGLE VEHICLE,N,N,\N,\N,N,OCTOBER,N,RICHMOND,RICHMOND,\N,N,N,N,LOWER MAINLAND,UNKNOWN,HWY 99,HWY 99,09:00-11:59,1,0
N,PROPERTY DAMAGE ONLY,\N,N,2021,SUNDAY,SINGLE VEHICLE,N,N,\N,\N,N,OCTOBER,N,SHAWNIGAN LAKE,SHAWNIGAN LAKE,\N,N,N,N,VANCOUVER ISLAND,UNKNOWN,WEST SHAWNIGAN LAKE ROAD,WEST SHAWNIGAN LAKE ROAD,09:00-11:59,1,0
N,PROPERTY DAMAGE ONLY,\N,N,2021,SUNDAY,SINGLE VEHICLE,N,N,\N,\N,N,OCTOBER,N,SURREY,SURREY,\N,N,N,N,LOWER MAINLAND,UNKNOWN,HWY 17,HWY 17,09:00-11:59,1,0
N,PROPERTY DAMAGE ONLY,\N,N,2021,SUNDAY,SINGLE VEHICLE,N,N,\N,\N,N,OCTOBER,N,TATLA LAKE,TATLA LAKE,\N,N,N,N,NORTH CENTRAL,UNKNOWN,TATLAYOKO LAKE RD,TATLAYOKO LAKE RD,09:00-11:59,1,0
N,PROPERTY DAMAGE ONLY,\N,N,2021,SUNDAY,SINGLE VEHICLE,N,N,\N,\N,N,OCTOBER,N,UCLUELET,UCLUELET,\N,Y,N,N,VANCOUVER ISLAND,UNKNOWN,BARKLEY PL,BARKLEY PL,09:00-11:59,1,0
N,PROPERTY DAMAGE ONLY,\N,N,2021,SUNDAY,SINGLE VEHICLE,N,N,\N,\N,N,OCTOBER,N,VANCOUVER,VANCOUVER,\N,N,Y,N,LOWER MAINLAND,UNKNOWN,BEATTY,BEATTY,09:00-11:59,1,0
N,PROPERTY DAMAGE ONLY,\N,N,2021,SUNDAY,SINGLE VEHICLE,N,N,\N,\N,N,OCTOBER,N,VANCOUVER,VANCOUVER,\N,N,Y,N,LOWER MAINLAND,UNKNOWN,NATHAN AVE,NATHAN AVE,09:00-11:59,1,0
N,PROPERTY DAMAGE ONLY,\N,N,2021,SUNDAY,SINGLE VEHICLE,N,N,\N,\N,N,OCTOBER,N,VERNON,VERNON,\N,N,N,N,SOUTHERN INTERIOR,UNKNOWN,WESTSIDE ROAD,WESTSIDE ROAD,09:00-11:59,1,0
N,PROPERTY DAMAGE ONLY,\N,N,2021,SUNDAY,SINGLE VEHICLE,N,N,\N,\N,N,OCTOBER,N,VICTORIA,VICTORIA,\N,N,Y,N,VANCOUVER ISLAND,UNKNOWN,LANGFORD PKWY,LANGFORD PKWY,09:00-11:59,1,0
N,PROPERTY DAMAGE ONLY,\N,N,2021,SUNDAY,SINGLE VEHICLE,N,N,\N,\N,N,OCTOBER,N,WHISTLER,WHISTLER,\N,N,Y,N,LOWER MAINLAND,UNKNOWN,PAINTED CLIFF RD,PAINTED CLIFF RD,09:00-11:59,1,0
N,PROPERTY DAMAGE ONLY,\N,N,2021,SUNDAY,SINGLE VEHICLE,N,N,48.393848,-123.521726,Y,OCTOBER,N,METCHOSIN,METCHOSIN,METCHOSIN,N,N,N,VANCOUVER ISLAND,LOMAX RD # 000610 TO 000739,LOMAX RD,LOMAX RD,09:00-11:59,1,0
N,PROPERTY DAMAGE ONLY,\N,N,2021,SUNDAY,SINGLE VEHICLE,N,N,48.431112,-123.489947,Y,OCTOBER,N,COLWOOD,COLWOOD,COLWOOD,N,N,N,VANCOUVER ISLAND,LANGHOLME DR # 000530 TO 000559,LANGHOLME DR,LANGHOLME DR,09:00-11:59,1,0
N,PROPERTY DAMAGE ONLY,\N,N,2021,SUNDAY,SINGLE VEHICLE,N,N,48.441459,-123.379377,Y,OCTOBER,N,VICTORIA,VICTORIA,VICTORIA,N,N,N,VANCOUVER ISLAND,WATERFRONT CRES # 000300 TO 000389,WATERFRONT CRES,WATERFRONT CRES,09:00-11:59,1,0
N,PROPERTY DAMAGE ONLY,\N,N,2021,SUNDAY,SINGLE VEHICLE,N,N,48.444817,-123.389542,Y,OCTOBER,N,SAANICH,SAANICH,SAANICH & VICTORIA,N,Y,N,VANCOUVER ISLAND,HARRIET RD # 002900 TO 002999,HARRIET RD,HARRIET RD,09:00-11:59,1,0
N,PROPERTY DAMAGE ONLY,\N,N,2021,SUNDAY,SINGLE VEHICLE,N,N,48.468664,-123.331732,Y,OCTOBER,N,SAANICH,SAANICH,SAANICH,N,Y,N,VANCOUVER ISLAND,MCKENZIE AVE # 001600 TO 001648 even,MCKENZIE AVE,MCKENZIE AVE,09:00-11:59,1,0
N,PROPERTY DAMAGE ONLY,\N,N,2021,SUNDAY,SINGLE VEHICLE,N,N,48.51553,-123.374133,Y,OCTOBER,N,SAANICH,SAANICH,SAANICH,N,Y,N,VANCOUVER ISLAND,WESLEY RD # 004972 TO 004983,WESLEY RD,WESLEY RD,09:00-11:59,1,0
N,PROPERTY DAMAGE ONLY,\N,N,2021,SUNDAY,SINGLE VEHICLE,N,N,49.04416,-122.779264,Y,OCTOBER,N,SURREY,SURREY,SURREY,N,Y,N,LOWER MAINLAND,160 ST # 002271 TO 002359 odd,160 ST,160 ST,09:00-11:59,1,0
N,PROPERTY DAMAGE ONLY,\N,N,2021,SUNDAY,SINGLE VEHICLE,N,N,49.106613,-122.805059,Y,OCTOBER,N,SURREY,SURREY,SURREY,Y,Y,N,LOWER MAINLAND,58 AVE # 015065 TO 015078,58 AVE,58 AVE,09:00-11:59,1,0
N,PROPERTY DAMAGE ONLY,\N,N,2021,SUNDAY,SINGLE VEHICLE,N,N,49.106614,-121.953575,Y,OCTOBER,N,CHILLIWACK,CHILLIWACK,CHILLIWACK,N,N,N,LOWER MAINLAND,THOMAS RD # 045900 TO 045945,THOMAS RD,THOMAS RD,09:00-11:59,1,0
N,PROPERTY DAMAGE ONLY,\N,N,2021,SUNDAY,SINGLE VEHICLE,N,N,49.11074,-122.643759,Y,OCTOBER,N,LANGLEY,LANGLEY,LANGLEY,N,Y,N,LOWER MAINLAND,LANGLEY BYPASS # 020881 TO 020901 odd,LANGLEY BYPASS,LANGLEY BYPASS,09:00-11:59,1,0
N,PROPERTY DAMAGE ONLY,\N,N,2021,SUNDAY,SINGLE VEHICLE,N,N,49.163286,-123.130706,Y,OCTOBER,N,RICHMOND,RICHMOND,RICHMOND,N,Y,N,LOWER MAINLAND,ANDERSON RD # 008301 TO 008499,ANDERSON RD,ANDERSON RD,09:00-11:59,1,0
N,PROPERTY DAMAGE ONLY,\N,N,2021,SUNDAY,SINGLE VEHICLE,N,N,49.166293,-122.857585,Y,OCTOBER,N,SURREY,SURREY,SURREY,Y,N,N,LOWER MAINLAND,QUEEN MARY BLVD # 009001 TO 009099,QUEEN MARY BLVD,QUEEN MARY BLVD,09:00-11:59,1,0
N,PROPERTY DAMAGE ONLY,\N,N,2021,SUNDAY,SINGLE VEHICLE,N,N,49.167227,-123.935997,Y,OCTOBER,N,NANAIMO,NANAIMO,NANAIMO,N,Y,N,VANCOUVER ISLAND,FRONT ST # 000086 TO 000099,FRONT ST,FRONT ST,09:00-11:59,1,0
N,PROPERTY DAMAGE ONLY,\N,N,2021,SUNDAY,SINGLE VEHICLE,N,N,49.180853,-123.113052,Y,OCTOBER,N,RICHMOND,RICHMOND,RICHMOND,N,N,N,LOWER MAINLAND,FISHER DR # 004300 TO 004499,FISHER DR,FISHER DR,09:00-11:59,1,0
N,PROPERTY DAMAGE ONLY,\N,N,2021,SUNDAY,SINGLE VEHICLE,N,N,49.1813,-123.136573,Y,OCTOBER,N,RICHMOND,RICHMOND,RICHMOND,N,N,N,LOWER MAINLAND,NO 3 RD # 004200 TO 004678 even,NO 3 RD,NO 3 RD,09:00-11:59,1,0
N,PROPERTY DAMAGE ONLY,\N,N,2021,SUNDAY,SINGLE VEHICLE,N,N,49.186141,-122.805158,Y,OCTOBER,N,SURREY,SURREY,SURREY,N,Y,N,LOWER MAINLAND,101 AVE # 015000 TO 015099,101 AVE,101 AVE,09:00-11:59,1,0
N,PROPERTY DAMAGE ONLY,\N,N,2021,SUNDAY,SINGLE VEHICLE,N,N,49.189524,-122.802338,Y,OCTOBER,N,SURREY,SURREY,SURREY,N,Y,N,LOWER MAINLAND,GUILDFORD TOWN CENTRE # 001000 TO 003099,GUILDFORD TOWN CENTRE,GUILDFORD TOWN CENTRE,09:00-11:59,1,0
N,PROPERTY DAMAGE ONLY,\N,N,2021,SUNDAY,SINGLE VEHICLE,N,N,49.199721,-122.560251,Y,OCTOBER,N,MAPLE RIDGE,MAPLE RIDGE,MAPLE RIDGE,N,N,N,LOWER MAINLAND,KANAKA CREEK RD # 023800 TO 023999,KANAKA CREEK RD,KANAKA CREEK RD,09:00-11:59,1,0
N,PROPERTY DAMAGE ONLY,\N,N,2021,SUNDAY,SINGLE VEHICLE,N,N,49.205352,-123.138648,Y,OCTOBER,N,VANCOUVER,VANCOUVER,VANCOUVER,N,Y,N,LOWER MAINLAND,W 73RD AVE # 001400 TO 001499,W 73RD AVE,W 73RD AVE,09:00-11:59,1,0
N,PROPERTY DAMAGE ONLY,\N,N,2021,SUNDAY,SINGLE VEHICLE,N,N,49.21996,-122.647861,Y,OCTOBER,N,MAPLE RIDGE,MAPLE RIDGE,MAPLE RIDGE,N,Y,N,LOWER MAINLAND,207 ST # 011940 TO 011999,207 ST,207 ST,09:00-11:59,1,0
N,PROPERTY DAMAGE ONLY,\N,N,2021,SUNDAY,SINGLE VEHICLE,N,N,49.232067,-123.100038,Y,OCTOBER,N,VANCOUVER,VANCOUVER,VANCOUVER,Y,N,N,LOWER MAINLAND,CREE ST # 005700 TO 005899,CREE ST,CREE ST,09:00-11:59,1,0
N,PROPERTY DAMAGE ONLY,\N,N,2021,SUNDAY,SINGLE VEHICLE,N,N,49.249068,-122.888593,Y,OCTOBER,N,COQUITLAM,COQUITLAM,COQUITLAM,N,N,N,LOWER MAINLAND,AUSTIN AVE # 000540 TO 000579,AUSTIN AVE,AUSTIN AVE,09:00-11:59,1,0
N,PROPERTY DAMAGE ONLY,\N,N,2021,SUNDAY,SINGLE VEHICLE,N,N,49.256021,-123.127604,Y,OCTOBER,N,VANCOUVER,VANCOUVER,VANCOUVER,Y,N,N,LOWER MAINLAND,RICHELIEU AVE # 001000 TO 001039,RICHELIEU AVE,RICHELIEU AVE,09:00-11:59,1,0
N,PROPERTY DAMAGE ONLY,\N,N,2021,SUNDAY,SINGLE VEHICLE,N,N,49.262664,-123.140224,Y,OCTOBER,N,VANCOUVER,VANCOUVER,VANCOUVER,N,Y,N,LOWER MAINLAND,W 10TH AVE # 001534 TO 001599,W 10TH AVE,W 10TH AVE,09:00-11:59,1,0
N,PROPERTY DAMAGE ONLY,\N,N,2021,SUNDAY,SINGLE VEHICLE,N,N,49.264459,-123.011438,Y,OCTOBER,N,BURNABY,BURNABY,BURNABY,N,Y,N,LOWER MAINLAND,DAWSON ST # 004200 TO 004251,DAWSON ST,DAWSON ST,09:00-11:59,1,0
N,PROPERTY DAMAGE ONLY,\N,N,2021,SUNDAY,SINGLE VEHICLE,N,N,49.266344,-123.001749,Y,OCTOBER,N,BURNABY,BURNABY,BURNABY,N,N,N,LOWER MAINLAND,LOUGHEED HWY # 004500 TO 004598 even,LOUGHEED HWY,LOUGHEED HWY,09:00-11:59,1,0
N,PROPERTY DAMAGE ONLY,\N,N,2021,SUNDAY,SINGLE VEHICLE,N,N,49.267753,-123.005993,Y,OCTOBER,N,BURNABY,BURNABY,BURNABY,N,Y,N,LOWER MAINLAND,ROSSER AVE # 001800 TO 001899,ROSSER AVE,ROSSER AVE,09:00-11:59,1,0
N,PROPERTY DAMAGE ONLY,\N,N,2021,SUNDAY,SINGLE VEHICLE,N,N,49.275685,-123.133267,Y,OCTOBER,N,VANCOUVER,VANCOUVER,VANCOUVER,N,Y,N,LOWER MAINLAND,BEACH AVE # 000900 TO 001000,BEACH AVE,BEACH AVE,09:00-11:59,1,0
N,PROPERTY DAMAGE ONLY,\N,N,2021,SUNDAY,SINGLE VEHICLE,N,N,49.279377,-123.124831,Y,OCTOBER,N,VANCOUVER,VANCOUVER,VANCOUVER,N,Y,N,LOWER MAINLAND,HOWE ST # 001000 TO 001099,HOWE ST,HOWE ST,09:00-11:59,1,0
N,PROPERTY DAMAGE ONLY,\N,N,2021,SUNDAY,SINGLE VEHICLE,N,N,49.30958,-123.07755,Y,OCTOBER,N,NORTH VANCOUVER,NORTH VANCOUVER,NORTH VANCOUVER,N,Y,N,LOWER MAINLAND,VICTORY SHIP WAY # 000156 TO 000199,VICTORY SHIP WAY,VICTORY SHIP WAY,09:00-11:59,1,0
N,PROPERTY DAMAGE ONLY,\N,N,2021,SUNDAY,SINGLE VEHICLE,N,N,49.355493,-123.084231,Y,OCTOBER,N,NORTH VANCOUVER,NORTH VANCOUVER,NORTH VANCOUVER,N,N,N,LOWER MAINLAND,ALPINE CRT # 000500 TO 000599,ALPINE CRT,ALPINE CRT,09:00-11:59,1,0
N,PROPERTY DAMAGE ONLY,\N,N,2021,SUNDAY,SINGLE VEHICLE,N,N,49.484131,-119.585993,Y,OCTOBER,N,PENTICTON,PENTICTON,PENTICTON,Y,Y,N,SOUTHERN INTERIOR,MAIN ST # 001300 TO 001399,MAIN ST,MAIN ST,09:00-11:59,1,0
N,PROPERTY DAMAGE ONLY,\N,N,2021,SUNDAY,SINGLE VEHICLE,N,N,49.497209,-115.761776,Y,OCTOBER,N,CRANBROOK,CRANBROOK,CRANBROOK,N,N,N,SOUTHERN INTERIOR,14TH AVE S # 001100 TO 001199,14TH AVE S,14TH AVE S,09:00-11:59,1,0
N,PROPERTY DAMAGE ONLY,\N,N,2021,SUNDAY,SINGLE VEHICLE,N,N,49.510308,-115.750819,Y,OCTOBER,N,CRANBROOK,CRANBROOK,CRANBROOK,N,Y,N,SOUTHERN INTERIOR,23RD AVE S # 000000 TO 000045,23RD AVE S,23RD AVE S,09:00-11:59,1,0
N,PROPERTY DAMAGE ONLY,\N,N,2021,SUNDAY,SINGLE VEHICLE,N,N,49.699155,-123.152899,Y,OCTOBER,N,SQUAMISH,SQUAMISH,SQUAMISH,N,Y,N,LOWER MAINLAND,CLEVELAND AVE # 038000 TO 038099,CLEVELAND AVE,CLEVELAND AVE,09:00-11:59,1,0
N,PROPERTY DAMAGE ONLY,\N,N,2021,SUNDAY,SINGLE VEHICLE,N,N,49.784239,-119.709849,Y,OCTOBER,N,PEACHLAND,PEACHLAND,PEACHLAND,N,Y,N,SOUTHERN INTERIOR,BEACH AVE # 003935 TO 003983,BEACH AVE,BEACH AVE,09:00-11:59,1,0
N,PROPERTY DAMAGE ONLY,\N,N,2021,SUNDAY,SINGLE VEHICLE,N,N,49.813818,-119.62299,Y,OCTOBER,N,WEST KELOWNA,WEST KELOWNA,WEST KELOWNA,Y,Y,N,SOUTHERN INTERIOR,GELLATLY RD # 004094 TO 004205,GELLATLY RD,GELLATLY RD,09:00-11:59,1,0
N,PROPERTY DAMAGE ONLY,\N,N,2021,SUNDAY,SINGLE VEHICLE,N,N,49.819916,-119.487893,Y,OCTOBER,N,KELOWNA,KELOWNA,KELOWNA,N,N,N,SOUTHERN INTERIOR,NOTTINGHAM RD # 004460 TO 004499,NOTTINGHAM RD,NOTTINGHAM RD,09:00-11:59,1,0
N,PROPERTY DAMAGE ONLY,\N,N,2021,SUNDAY,SINGLE VEHICLE,N,N,49.845687,-119.486355,Y,OCTOBER,N,KELOWNA,KELOWNA,KELOWNA,N,Y,N,SOUTHERN INTERIOR,COOK RD # 000600 TO 000663,COOK RD,COOK RD,09:00-11:59,1,0
N,PROPERTY DAMAGE ONLY,\N,N,2021,SUNDAY,SINGLE VEHICLE,N,N,50.029137,-125.249335,Y,OCTOBER,N,CAMPBELL RIVER,CAMPBELL RIVER,CAMPBELL RIVER,N,N,N,VANCOUVER ISLAND,DOGWOOD ST # 001400 TO 001419,DOGWOOD ST,DOGWOOD ST,09:00-11:59,1,0
N,PROPERTY DAMAGE ONLY,\N,N,2021,SUNDAY,SINGLE VEHICLE,N,N,50.094213,-122.990449,Y,OCTOBER,N,WHISTLER,WHISTLER,WHISTLER,N,Y,N,LOWER MAINLAND,LAKE PLACID RD # 002030 TO 002055,LAKE PLACID RD,LAKE PLACID RD,09:00-11:59,1,0
N,PROPERTY DAMAGE ONLY,\N,N,2021,SUNDAY,SINGLE VEHICLE,N,N,50.265319,-119.278031,Y,OCTOBER,N,VERNON,VERNON,VERNON,N,Y,N,SOUTHERN INTERIOR,32 AVE # 003400 TO 003499,32 AVE,32 AVE,09:00-11:59,1,0
N,PROPERTY DAMAGE ONLY,\N,N,2021,SUNDAY,SINGLE VEHICLE,N,N,50.675825,-120.328357,Y,OCTOBER,N,KAMLOOPS,KAMLOOPS,KAMLOOPS,N,Y,N,SOUTHERN INTERIOR,VICTORIA ST # 000500 TO 000599,VICTORIA ST,VICTORIA ST,09:00-11:59,1,0
N,PROPERTY DAMAGE ONLY,\N,N,2021,SUNDAY,SINGLE VEHICLE,N,N,50.887561,-119.395952,Y,OCTOBER,N,BLIND BAY,BLIND BAY,BLIND BAY,N,N,N,SOUTHERN INTERIOR,BLIND BAY RD # 002170 TO 002329,BLIND BAY RD,BLIND BAY RD,09:00-11:59,1,0
N,PROPERTY DAMAGE ONLY,\N,N,2021,SUNDAY,SINGLE VEHICLE,N,N,53.076761,-122.381818,Y,OCTOBER,N,QUESNEL,QUESNEL,QUESNEL,N,N,N,NORTH CENTRAL,EASTWOOD RD # 001540 TO 001585,EASTWOOD RD,EASTWOOD RD,09:00-11:59,1,0
N,PROPERTY DAMAGE ONLY,\N,N,2021,SUNDAY,SINGLE VEHICLE,N,N,54.52244,-128.611622,Y,OCTOBER,N,TERRACE,TERRACE,TERRACE,Y,N,N,NORTH CENTRAL,OLSON AVE # 004920 TO 004999,OLSON AVE,OLSON AVE,09:00-11:59,1,0
N,PROPERTY DAMAGE ONLY,\N,N,2021,SUNDAY,SINGLE VEHICLE,N,N,54.688089,-127.058558,Y,OCTOBER,N,TELKWA,TELKWA,TELKWA,N,N,N,NORTH CENTRAL,COALMINE RD # 001250 TO 001399,COALMINE RD,COALMINE RD,09:00-11:59,1,0
N,PROPERTY DAMAGE ONLY,\N,N,2021,SUNDAY,SINGLE VEHICLE,N,N,56.132388,-121.829283,Y,OCTOBER,N,HUDSON'S HOPE,HUDSON'S HOPE,HUDSON'S HOPE,N,N,N,NORTH CENTRAL,FARRELL CREEK RD # 005822 TO 005831,FARRELL CREEK RD,FARRELL CREEK RD,09:00-11:59,1,0
N,PROPERTY DAMAGE ONLY,\N,N,2021,SUNDAY,UNDETERMINED,N,N,\N,\N,N,OCTOBER,N,BURNABY,BURNABY,\N,N,N,N,LOWER MAINLAND,UNKNOWN,GILES PLACE,GILES PLACE,09:00-11:59,1,0
N,PROPERTY DAMAGE ONLY,\N,N,2021,SUNDAY,UNDETERMINED,N,N,\N,\N,N,OCTOBER,N,CHILLIWACK,CHILLIWACK,\N,N,N,N,LOWER MAINLAND,UNKNOWN,HWY 1,HWY 1,09:00-11:59,1,0
N,PROPERTY DAMAGE ONLY,\N,N,2021,SUNDAY,UNDETERMINED,N,N,\N,\N,N,OCTOBER,N,COQUITLAM,COQUITLAM,\N,Y,N,N,LOWER MAINLAND,UNKNOWN,LANSDOWNE DR,LANSDOWNE DR,09:00-11:59,1,0
N,PROPERTY DAMAGE ONLY,\N,N,2021,SUNDAY,UNDETERMINED,N,N,\N,\N,N,OCTOBER,N,MADEIRA PARK,MADEIRA PARK,\N,Y,Y,N,LOWER MAINLAND,UNKNOWN,DOGWOOD DR,DOGWOOD DR,09:00-11:59,1,0
N,PROPERTY DAMAGE ONLY,\N,N,2021,SUNDAY,UNDETERMINED,N,N,\N,\N,N,OCTOBER,N,NEW WESTMINSTER,NEW WESTMINSTER,\N,Y,N,N,LOWER MAINLAND,UNKNOWN,4TH STREET,4TH STREET,09:00-11:59,1,0
N,PROPERTY DAMAGE ONLY,\N,N,2021,SUNDAY,UNDETERMINED,N,N,\N,\N,N,OCTOBER,N,NORTH VANCOUVER,NORTH VANCOUVER,\N,Y,N,N,LOWER MAINLAND,UNKNOWN,?,?,09:00-11:59,1,0
N,PROPERTY DAMAGE ONLY,\N,N,2021,SUNDAY,UNDETERMINED,N,N,\N,\N,N,OCTOBER,N,REVELSTOKE,REVELSTOKE,\N,Y,Y,N,SOUTHERN INTERIOR,UNKNOWN,TRANS-CANADA HWY,TRANS-CANADA HWY,09:00-11:59,1,0
N,PROPERTY DAMAGE ONLY,\N,N,2021,SUNDAY,UNDETERMINED,N,N,\N,\N,N,OCTOBER,N,SURREY,SURREY,\N,Y,N,N,LOWER MAINLAND,UNKNOWN,SOUTHMERE CRES,SOUTHMERE CRES,09:00-11:59,1,0
N,PROPERTY DAMAGE ONLY,\N,N,2021,SUNDAY,UNDETERMINED,N,N,48.423067,-123.309175,Y,OCTOBER,N,OAK BAY,OAK BAY,OAK BAY,Y,N,N,VANCOUVER ISLAND,TRANSIT RD # 001100 TO 001299,TRANSIT RD,TRANSIT RD,09:00-11:59,1,0
N,PROPERTY DAMAGE ONLY,\N,N,2021,SUNDAY,UNDETERMINED,N,N,48.424477,-123.363912,Y,OCTOBER,N,VICTORIA,VICTORIA,VICTORIA,Y,N,N,VANCOUVER ISLAND,FORT ST # 000700 TO 000799,FORT ST,FORT ST,09:00-11:59,1,0
N,PROPERTY DAMAGE ONLY,\N,N,2021,SUNDAY,UNDETERMINED,N,N,48.594139,-123.399919,Y,OCTOBER,N,CENTRAL SAANICH,CENTRAL SAANICH,CENTRAL SAANICH,Y,Y,N,VANCOUVER ISLAND,MT NEWTON CROSS RD # 002401 TO 002412,MT NEWTON CROSS RD,MT NEWTON CROSS RD,09:00-11:59,1,0
N,PROPERTY DAMAGE ONLY,\N,N,2021,SUNDAY,UNDETERMINED,N,N,48.793765,-123.726305,Y,OCTOBER,N,DUNCAN,DUNCAN,DUNCAN,Y,N,N,VANCOUVER ISLAND,LANE RD # 006120 TO 006149,LANE RD,LANE RD,09:00-11:59,1,0
N,PROPERTY DAMAGE ONLY,\N,N,2021,SUNDAY,UNDETERMINED,N,N,48.853542,-123.501308,Y,OCTOBER,N,SALT SPRING ISLAND,SALT SPRING ISLAND,SALT SPRING ISLAND,Y,Y,N,VANCOUVER ISLAND,HEREFORD AVE # 000100 TO 000139,HEREFORD AVE,HEREFORD AVE,09:00-11:59,1,0
N,PROPERTY DAMAGE ONLY,\N,N,2021,SUNDAY,UNDETERMINED,N,N,49.041133,-122.788037,Y,OCTOBER,N,SURREY,SURREY,SURREY,Y,Y,N,LOWER MAINLAND,KING GEORGE BLVD # 002120 TO 002199,KING GEORGE BLVD,KING GEORGE BLVD,09:00-11:59,1,0
N,PROPERTY DAMAGE ONLY,\N,N,2021,SUNDAY,UNDETERMINED,N,N,49.051399,-122.324371,Y,OCTOBER,N,ABBOTSFORD,ABBOTSFORD,ABBOTSFORD,N,Y,N,LOWER MAINLAND,SOUTH FRASER WAY # 032400 TO 032530,SOUTH FRASER WAY,SOUTH FRASER WAY,09:00-11:59,1,0
N,PROPERTY DAMAGE ONLY,\N,N,2021,SUNDAY,UNDETERMINED,N,N,49.065375,-119.521637,Y,OCTOBER,N,OSOYOOS,OSOYOOS,OSOYOOS,Y,N,N,SOUTHERN INTERIOR,91ST ST # 017600 TO 018699,91ST ST,91ST ST,09:00-11:59,1,0
N,PROPERTY DAMAGE ONLY,\N,N,2021,SUNDAY,UNDETERMINED,N,N,49.0703,-122.322301,Y,OCTOBER,N,ABBOTSFORD,ABBOTSFORD,ABBOTSFORD,Y,N,N,LOWER MAINLAND,QUALICUM CLOSE # 003750 TO 003799,QUALICUM CLOSE,QUALICUM CLOSE,09:00-11:59,1,0
N,PROPERTY DAMAGE ONLY,\N,N,2021,SUNDAY,UNDETERMINED,N,N,49.073864,-118.237957,Y,OCTOBER,N,CHRISTINA LAKE,CHRISTINA LAKE,CHRISTINA LAKE,Y,N,N,SOUTHERN INTERIOR,WEST LAKE DR # 002228 TO 002445,WEST LAKE DR,WEST LAKE DR,09:00-11:59,1,0
N,PROPERTY DAMAGE ONLY,\N,N,2021,SUNDAY,UNDETERMINED,N,N,49.10758,-123.86334,Y,OCTOBER,N,NANAIMO,NANAIMO,NANAIMO,N,N,N,VANCOUVER ISLAND,CEDAR RD # 001800 TO 001839,CEDAR RD,CEDAR RD,09:00-11:59,1,0
N,PROPERTY DAMAGE ONLY,\N,N,2021,SUNDAY,UNDETERMINED,N,N,49.113607,-122.7348,Y,OCTOBER,N,SURREY,SURREY,SURREY,Y,Y,N,LOWER MAINLAND,176 ST # 006000 TO 006198 even,176 ST,176 ST,09:00-11:59,1,0
N,PROPERTY DAMAGE ONLY,\N,N,2021,SUNDAY,UNDETERMINED,N,N,49.125449,-122.705504,Y,OCTOBER,N,SURREY,SURREY,SURREY,Y,Y,N,LOWER MAINLAND,FRASER HWY # 018651 TO 018679 odd,FRASER HWY,FRASER HWY,09:00-11:59,1,0
N,PROPERTY DAMAGE ONLY,\N,N,2021,SUNDAY,UNDETERMINED,N,N,49.130299,-123.913416,Y,OCTOBER,N,NANAIMO,NANAIMO,NANAIMO,Y,N,N,VANCOUVER ISLAND,MAKI RD # 000001 TO 000011,MAKI RD,MAKI RD,09:00-11:59,1,0
N,PROPERTY DAMAGE ONLY,\N,N,2021,SUNDAY,UNDETERMINED,N,N,49.140145,-122.845542,Y,OCTOBER,N,SURREY,SURREY,SURREY,Y,Y,N,LOWER MAINLAND,KING GEORGE BLVD # 007544 TO 007598 even,KING GEORGE BLVD,KING GEORGE BLVD,09:00-11:59,1,0
N,PROPERTY DAMAGE ONLY,\N,N,2021,SUNDAY,UNDETERMINED,N,N,49.162735,-122.654004,Y,OCTOBER,N,LANGLEY,LANGLEY,LANGLEY,N,N,N,LOWER MAINLAND,88 AVE # 020400 TO 020598 even,88 AVE,88 AVE,09:00-11:59,1,0
N,PROPERTY DAMAGE ONLY,\N,N,2021,SUNDAY,UNDETERMINED,N,N,49.165465,-122.640004,Y,OCTOBER,N,LANGLEY,LANGLEY,LANGLEY,Y,Y,N,LOWER MAINLAND,WALNUT GROVE DR # 008890 TO 008931,WALNUT GROVE DR,WALNUT GROVE DR,09:00-11:59,1,0
N,PROPERTY DAMAGE ONLY,\N,N,2021,SUNDAY,UNDETERMINED,N,N,49.170211,-123.146163,Y,OCTOBER,N,RICHMOND,RICHMOND,RICHMOND,Y,Y,N,LOWER MAINLAND,WESTMINSTER HWY # 007001 TO 007319 odd,WESTMINSTER HWY,WESTMINSTER HWY,09:00-11:59,1,0
N,PROPERTY DAMAGE ONLY,\N,N,2021,SUNDAY,UNDETERMINED,N,N,49.174538,-122.621839,Y,OCTOBER,N,LANGLEY,LANGLEY,LANGLEY,Y,Y,N,LOWER MAINLAND,216B ST # 009440 TO 009499,216B ST,216B ST,09:00-11:59,1,0
N,PROPERTY DAMAGE ONLY,\N,N,2021,SUNDAY,UNDETERMINED,N,N,49.17543,-122.90008,Y,OCTOBER,N,DELTA,DELTA,DELTA,Y,N,N,LOWER MAINLAND,116A ST # 009471 TO 009599,116A ST,116A ST,09:00-11:59,1,0
N,PROPERTY DAMAGE ONLY,\N,N,2021,SUNDAY,UNDETERMINED,N,N,49.17935,-122.835822,Y,OCTOBER,N,SURREY,SURREY,SURREY,Y,Y,N,LOWER MAINLAND,FRASER HWY # 013892 TO 013999,FRASER HWY,FRASER HWY,09:00-11:59,1,0
N,PROPERTY DAMAGE ONLY,\N,N,2021,SUNDAY,UNDETERMINED,N,N,49.1813,-123.136573,Y,OCTOBER,N,RICHMOND,RICHMOND,RICHMOND,Y,Y,N,LOWER MAINLAND,NO 3 RD # 004200 TO 004678 even,NO 3 RD,NO 3 RD,09:00-11:59,1,0
N,PROPERTY DAMAGE ONLY,\N,N,2021,SUNDAY,UNDETERMINED,N,N,49.183536,-123.133217,Y,OCTOBER,N,RICHMOND,RICHMOND,RICHMOND,Y,Y,N,LOWER MAINLAND,HAZELBRIDGE WAY # 004147 TO 004183 odd,HAZELBRIDGE WAY,HAZELBRIDGE WAY,09:00-11:59,1,0
N,PROPERTY DAMAGE ONLY,\N,N,2021,SUNDAY,UNDETERMINED,N,N,49.190089,-122.800995,Y,OCTOBER,N,SURREY,SURREY,SURREY,Y,Y,N,LOWER MAINLAND,152 ST # 010251 TO 010399 odd,152 ST,152 ST,09:00-11:59,1,0
N,PROPERTY DAMAGE ONLY,\N,N,2021,SUNDAY,UNDETERMINED,N,N,49.192001,-123.11159,Y,OCTOBER,N,RICHMOND,RICHMOND,RICHMOND,Y,Y,N,LOWER MAINLAND,BRIDGEPORT RD # 010100 TO 010210,BRIDGEPORT RD,BRIDGEPORT RD,09:00-11:59,1,0
N,PROPERTY DAMAGE ONLY,\N,N,2021,SUNDAY,UNDETERMINED,N,N,49.193371,-123.082594,Y,OCTOBER,N,RICHMOND,RICHMOND,RICHMOND,Y,Y,N,LOWER MAINLAND,SWEDEN WAY # 002500 TO 003199,SWEDEN WAY,SWEDEN WAY,09:00-11:59,1,0
N,PROPERTY DAMAGE ONLY,\N,N,2021,SUNDAY,UNDETERMINED,N,N,49.194391,-122.538358,Y,OCTOBER,N,MAPLE RIDGE,MAPLE RIDGE,MAPLE RIDGE,Y,N,N,LOWER MAINLAND,MCVEETY ST # 010556 TO 010598,MCVEETY ST,MCVEETY ST,09:00-11:59,1,0
N,PROPERTY DAMAGE ONLY,\N,N,2021,SUNDAY,UNDETERMINED,N,N,49.207094,-122.918856,Y,OCTOBER,N,NEW WESTMINSTER,NEW WESTMINSTER,NEW WESTMINSTER,Y,N,N,LOWER MAINLAND,EIGHTH ST # 000300 TO 000319,EIGHTH ST,EIGHTH ST,09:00-11:59,1,0
N,PROPERTY DAMAGE ONLY,\N,N,2021,SUNDAY,UNDETERMINED,N,N,49.209647,-122.942564,Y,OCTOBER,N,NEW WESTMINSTER,NEW WESTMINSTER,NEW WESTMINSTER,Y,N,N,LOWER MAINLAND,LONDON ST # 001500 TO 001599,LONDON ST,LONDON ST,09:00-11:59,1,0
N,PROPERTY DAMAGE ONLY,\N,N,2021,SUNDAY,UNDETERMINED,N,N,49.218419,-122.95662,Y,OCTOBER,N,BURNABY,BURNABY,BURNABY,Y,N,N,LOWER MAINLAND,KINGSWAY # 007100 TO 007179,KINGSWAY,KINGSWAY,09:00-11:59,1,0
N,PROPERTY DAMAGE ONLY,\N,N,2021,SUNDAY,UNDETERMINED,N,N,49.222212999999996,-123.064161,Y,OCTOBER,N,VANCOUVER,VANCOUVER,VANCOUVER,Y,N,N,LOWER MAINLAND,E 52ND AVE # 002044 TO 002157,E 52ND AVE,E 52ND AVE,09:00-11:59,1,0
N,PROPERTY DAMAGE ONLY,\N,N,2021,SUNDAY,UNDETERMINED,N,N,49.224797,-123.053556,Y,OCTOBER,N,VANCOUVER,VANCOUVER,VANCOUVER,N,Y,N,LOWER MAINLAND,E 49TH AVE # 002600 TO 002698,E 49TH AVE,E 49TH AVE,09:00-11:59,1,0
N,PROPERTY DAMAGE ONLY,\N,N,2021,SUNDAY,UNDETERMINED,N,N,49.228116,-122.998531,Y,OCTOBER,N,BURNABY,BURNABY,BURNABY,Y,Y,N,LOWER MAINLAND,KINGSWAY # 004700 TO 004749,KINGSWAY,KINGSWAY,09:00-11:59,1,0
N,PROPERTY DAMAGE ONLY,\N,N,2021,SUNDAY,UNDETERMINED,N,N,49.235837,-123.107995,Y,OCTOBER,N,VANCOUVER,VANCOUVER,VANCOUVER,Y,N,N,LOWER MAINLAND,MANITOBA ST # 005474 TO 005499,MANITOBA ST,MANITOBA ST,09:00-11:59,1,0
N,PROPERTY DAMAGE ONLY,\N,N,2021,SUNDAY,UNDETERMINED,N,N,49.237059,-124.048518,Y,OCTOBER,N,NANAIMO,NANAIMO,NANAIMO,Y,Y,N,VANCOUVER ISLAND,MALL ACCESS # 006631 TO 006631 odd,ISLAND HWY N,ISLAND HWY N,09:00-11:59,1,0
N,PROPERTY DAMAGE ONLY,\N,N,2021,SUNDAY,UNDETERMINED,N,N,49.243267,-123.100309,Y,OCTOBER,N,VANCOUVER,VANCOUVER,VANCOUVER,Y,N,N,LOWER MAINLAND,E 30TH AVE # 000228 TO 000251,E 30TH AVE,E 30TH AVE,09:00-11:59,1,0
N,PROPERTY DAMAGE ONLY,\N,N,2021,SUNDAY,UNDETERMINED,N,N,49.244822,-123.064469,Y,OCTOBER,N,VANCOUVER,VANCOUVER,VANCOUVER,N,Y,N,LOWER MAINLAND,KINGSWAY # 002000 TO 002099,KINGSWAY,KINGSWAY,09:00-11:59,1,0
N,PROPERTY DAMAGE ONLY,\N,N,2021,SUNDAY,UNDETERMINED,N,N,49.247582,-124.109184,Y,OCTOBER,N,LANTZVILLE,LANTZVILLE,LANTZVILLE,Y,N,N,VANCOUVER ISLAND,SUPERIOR RD # 007750 TO 007889,SUPERIOR RD,SUPERIOR RD,09:00-11:59,1,0
N,PROPERTY DAMAGE ONLY,\N,N,2021,SUNDAY,UNDETERMINED,N,N,49.248433,-122.811222,Y,OCTOBER,N,COQUITLAM,COQUITLAM,COQUITLAM,N,N,N,LOWER MAINLAND,ALOUETTE DR # 000451 TO 000479,ALOUETTE DR,ALOUETTE DR,09:00-11:59,1,0
N,PROPERTY DAMAGE ONLY,\N,N,2021,SUNDAY,UNDETERMINED,N,N,49.249929,-122.968737,Y,OCTOBER,N,BURNABY,BURNABY,BURNABY,Y,Y,N,LOWER MAINLAND,SPROTT ST # 006500 TO 006599,SPROTT ST,SPROTT ST,09:00-11:59,1,0
N,PROPERTY DAMAGE ONLY,\N,N,2021,SUNDAY,UNDETERMINED,N,N,49.253659,-124.80721,Y,OCTOBER,N,PORT ALBERNI,PORT ALBERNI,PORT ALBERNI,Y,Y,N,VANCOUVER ISLAND,STAMP AVE # 004201 TO 004299 odd,STAMP AVE,STAMP AVE,09:00-11:59,1,0
N,PROPERTY DAMAGE ONLY,\N,N,2021,SUNDAY,UNDETERMINED,N,N,49.258395,-122.711599,Y,OCTOBER,N,PITT MEADOWS,PITT MEADOWS,PITT MEADOWS,Y,Y,N,LOWER MAINLAND,REICHENBACH RD # 014132 TO 014179,REICHENBACH RD,REICHENBACH RD,09:00-11:59,1,0
N,PROPERTY DAMAGE ONLY,\N,N,2021,SUNDAY,UNDETERMINED,N,N,49.258656,-123.123188,Y,OCTOBER,N,VANCOUVER,VANCOUVER,VANCOUVER,Y,N,N,LOWER MAINLAND,W 14TH AVE # 000800 TO 000899,W 14TH AVE,W 14TH AVE,09:00-11:59,1,0
N,PROPERTY DAMAGE ONLY,\N,N,2021,SUNDAY,UNDETERMINED,N,N,49.258942,-123.032,Y,OCTOBER,N,VANCOUVER,VANCOUVER,VANCOUVER,N,Y,N,LOWER MAINLAND,BENTALL ST # 002732 TO 002899,BENTALL ST,BENTALL ST,09:00-11:59,1,0
N,PROPERTY DAMAGE ONLY,\N,N,2021,SUNDAY,UNDETERMINED,N,N,49.259019,-123.14475,Y,OCTOBER,N,VANCOUVER,VANCOUVER,VANCOUVER,Y,N,N,LOWER MAINLAND,W 14TH AVE # 001700 TO 001799,W 14TH AVE,W 14TH AVE,09:00-11:59,1,0
N,PROPERTY DAMAGE ONLY,\N,N,2021,SUNDAY,UNDETERMINED,N,N,49.263879,-123.168174,Y,OCTOBER,N,VANCOUVER,VANCOUVER,VANCOUVER,N,N,N,LOWER MAINLAND,MACDONALD ST # 002500 TO 002545,MACDONALD ST,MACDONALD ST,09:00-11:59,1,0
N,PROPERTY DAMAGE ONLY,\N,N,2021,SUNDAY,UNDETERMINED,N,N,49.270418,-123.045929,Y,OCTOBER,N,VANCOUVER,VANCOUVER,VANCOUVER,Y,N,N,LOWER MAINLAND,GRAVELEY ST # 002800 TO 002871,GRAVELEY ST,GRAVELEY ST,09:00-11:59,1,0
N,PROPERTY DAMAGE ONLY,\N,N,2021,SUNDAY,UNDETERMINED,N,N,49.275105,-122.814777,Y,OCTOBER,N,COQUITLAM,COQUITLAM,COQUITLAM,Y,N,N,LOWER MAINLAND,PIER DR # 003100 TO 003199,PIER DR,PIER DR,09:00-11:59,1,0
N,PROPERTY DAMAGE ONLY,\N,N,2021,SUNDAY,UNDETERMINED,N,N,49.32625,-122.949249,Y,OCTOBER,N,NORTH VANCOUVER,NORTH VANCOUVER,NORTH VANCOUVER,Y,Y,N,LOWER MAINLAND,BANBURY RD # 002100 TO 002199,BANBURY RD,BANBURY RD,09:00-11:59,1,0
N,PROPERTY DAMAGE ONLY,\N,N,2021,SUNDAY,UNDETERMINED,N,N,49.327882,-123.1512,Y,OCTOBER,N,WEST VANCOUVER,WEST VANCOUVER,WEST VANCOUVER,Y,N,N,LOWER MAINLAND,KEITH RD # 001260 TO 001299,KEITH RD,KEITH RD,09:00-11:59,1,0
N,PROPERTY DAMAGE ONLY,\N,N,2021,SUNDAY,UNDETERMINED,N,N,49.351682,-123.096459,Y,OCTOBER,N,NORTH VANCOUVER,NORTH VANCOUVER,NORTH VANCOUVER,Y,N,N,LOWER MAINLAND,BELGRAVE AVE # 000960 TO 000999,BELGRAVE AVE,BELGRAVE AVE,09:00-11:59,1,0
N,PROPERTY DAMAGE ONLY,\N,N,2021,SUNDAY,UNDETERMINED,N,N,49.352239,-123.135522,Y,OCTOBER,N,WEST VANCOUVER,WEST VANCOUVER,WEST VANCOUVER,Y,N,N,LOWER MAINLAND,GROVELAND RD # 000860 TO 001039,GROVELAND RD,GROVELAND RD,09:00-11:59,1,0
N,PROPERTY DAMAGE ONLY,\N,N,2021,SUNDAY,UNDETERMINED,N,N,49.692471,-120.283878,Y,OCTOBER,N,PRINCETON,PRINCETON,PRINCETON,N,N,N,SOUTHERN INTERIOR,PRINCETON-SUMMERLAND RD # 003412 TO 003599,PRINCETON-SUMMERLAND RD,PRINCETON-SUMMERLAND RD,09:00-11:59,1,0
N,PROPERTY DAMAGE ONLY,\N,N,2021,SUNDAY,UNDETERMINED,N,N,49.835296,-119.618662,Y,OCTOBER,N,WEST KELOWNA,WEST KELOWNA,WEST KELOWNA,Y,Y,N,SOUTHERN INTERIOR,LOUIE DR # 003020 TO 003069,LOUIE DR,LOUIE DR,09:00-11:59,1,0
N,PROPERTY DAMAGE ONLY,\N,N,2021,SUNDAY,UNDETERMINED,N,N,49.944748,-125.196527,Y,OCTOBER,N,CAMPBELL RIVER,CAMPBELL RIVER,CAMPBELL RIVER,N,N,N,VANCOUVER ISLAND,LENA RD # 000130 TO 000159,LENA RD,LENA RD,09:00-11:59,1,0
N,PROPERTY DAMAGE ONLY,\N,N,2021,SUNDAY,UNDETERMINED,N,N,50.040908,-125.284124,Y,OCTOBER,N,CAMPBELL RIVER,CAMPBELL RIVER,CAMPBELL RIVER,Y,N,N,VANCOUVER ISLAND,DOLLY VARDEN RD # 002300 TO 002699,DOLLY VARDEN RD,DOLLY VARDEN RD,09:00-11:59,1,0
N,PROPERTY DAMAGE ONLY,\N,N,2021,SUNDAY,UNDETERMINED,N,N,50.734753,-121.282044,Y,OCTOBER,N,ASHCROFT,ASHCROFT,ASHCROFT & ASHCROFT RURAL,Y,Y,N,SOUTHERN INTERIOR,HWY 97C # 000700 TO 000753,HWY 97C,HWY 97C,09:00-11:59,1,0
N,PROPERTY DAMAGE ONLY,\N,N,2021,SUNDAY,UNDETERMINED,N,N,51.306458,-116.958312,Y,OCTOBER,N,GOLDEN,GOLDEN,GOLDEN,N,N,N,SOUTHERN INTERIOR,STONEY LANE # 001300 TO 001316,STONEY LANE,STONEY LANE,09:00-11:59,1,0
N,PROPERTY DAMAGE ONLY,\N,N,2021,SUNDAY,UNDETERMINED,N,N,52.98134,-122.498722,Y,OCTOBER,N,QUESNEL,QUESNEL,QUESNEL,Y,Y,N,NORTH CENTRAL,FRONT ST # 000500 TO 000599,FRONT ST,FRONT ST,09:00-11:59,1,0
N,PROPERTY DAMAGE ONLY,\N,N,2021,SUNDAY,UNDETERMINED,N,N,53.868253,-122.774536,Y,OCTOBER,N,PRINCE GEORGE,PRINCE GEORGE,PRINCE GEORGE,Y,N,N,NORTH CENTRAL,DOMANO BLVD # 005214 TO 005240 even,DOMANO BLVD,DOMANO BLVD,09:00-11:59,1,0
N,PROPERTY DAMAGE ONLY,\N,N,2021,SUNDAY,UNDETERMINED,N,N,54.314498,-130.323914,Y,OCTOBER,N,PRINCE RUPERT,PRINCE RUPERT,PRINCE RUPERT,Y,Y,N,NORTH CENTRAL,2ND AVE W # 000200 TO 000299,2ND AVE W,2ND AVE W,09:00-11:59,1,0
N,PROPERTY DAMAGE ONLY,\N,N,2021,SUNDAY,UNDETERMINED,Y,N,49.162222,-122.960078,Y,OCTOBER,N,DELTA,DELTA,DELTA,Y,N,N,LOWER MAINLAND,DERWENT WAY # 001470 TO 001501,DERWENT WAY,DERWENT WAY,09:00-11:59,1,0
N,PROPERTY DAMAGE ONLY,\N,N,2021,SUNDAY,UNDETERMINED,Y,N,49.163575,-121.959045,Y,OCTOBER,N,CHILLIWACK,CHILLIWACK,CHILLIWACK,N,Y,N,LOWER MAINLAND,YALE RD # 045810 TO 045819,YALE RD,YALE RD,09:00-11:59,1,0
N,PROPERTY DAMAGE ONLY,\N,N,2021,SUNDAY,UNDETERMINED,Y,N,49.168023,-123.181226,Y,OCTOBER,N,RICHMOND,RICHMOND,RICHMOND,Y,Y,N,LOWER MAINLAND,NO 1 RD # 006000 TO 006469,NO 1 RD,NO 1 RD,09:00-11:59,1,0
N,PROPERTY DAMAGE ONLY,\N,N,2021,SUNDAY,UNDETERMINED,Y,N,49.201962,-122.912864,Y,OCTOBER,N,NEW WESTMINSTER,NEW WESTMINSTER,NEW WESTMINSTER,N,Y,N,LOWER MAINLAND,CARNARVON ST # 000800 TO 000809,CARNARVON ST,CARNARVON ST,09:00-11:59,1,0
N,PROPERTY DAMAGE ONLY,\N,Y,2021,SUNDAY,SINGLE VEHICLE,N,N,\N,\N,N,OCTOBER,Y,VANCOUVER,VANCOUVER,\N,N,N,N,LOWER MAINLAND,UNKNOWN,UNKNOWN,UNKNOWN,09:00-11:59,1,0
N,PROPERTY DAMAGE ONLY,102 AVE,N,2021,SUNDAY,CONFLICTED,N,Y,49.187828,-122.845419,N,OCTOBER,N,SURREY,SURREY,SURREY,N,N,N,LOWER MAINLAND,102 AVE & KING GEORGE BLVD,KING GEORGE BLVD,KING GEORGE BLVD,09:00-11:59,1,0
N,PROPERTY DAMAGE ONLY,104 AVE,N,2021,SUNDAY,CONFLICTED,N,Y,49.191514,-122.795304,N,OCTOBER,N,SURREY,SURREY,SURREY,N,N,N,LOWER MAINLAND,104 AVE & 154 ST,154 ST,154 ST,09:00-11:59,1,0
N,PROPERTY DAMAGE ONLY,120 ST,N,2021,SUNDAY,SIDE IMPACT,N,Y,49.170451,-122.890265,N,OCTOBER,N,DELTA,DELTA,DELTA & SURREY,N,N,N,LOWER MAINLAND,120 ST & 92 AVE,92 AVE,92 AVE,09:00-11:59,1,0
N,PROPERTY DAMAGE ONLY,124 ST,N,2021,SUNDAY,REAR END,N,Y,49.133924,-122.879111,N,OCTOBER,N,SURREY,SURREY,SURREY,N,N,N,LOWER MAINLAND,124 ST & 72 AVE,72 AVE,72 AVE,09:00-11:59,1,0
N,PROPERTY DAMAGE ONLY,128 ST,N,2021,SUNDAY,SIDE IMPACT,N,Y,49.177155,-122.867999,N,OCTOBER,N,SURREY,SURREY,SURREY,N,N,N,LOWER MAINLAND,128 ST & 96 AVE,96 AVE,96 AVE,09:00-11:59,1,0
N,PROPERTY DAMAGE ONLY,152ND,N,2021,SUNDAY,REAR END,N,N,\N,\N,N,OCTOBER,N,SURREY,SURREY,\N,N,N,N,LOWER MAINLAND,UNKNOWN,24TH AVENUE,24TH AVENUE,09:00-11:59,1,0
N,PROPERTY DAMAGE ONLY,164 ST,N,2021,SUNDAY,REAR END,N,Y,49.151829,-122.767766,N,OCTOBER,N,SURREY,SURREY,SURREY,N,N,N,LOWER MAINLAND,164 ST & 82 AVE,82 AVE,82 AVE,09:00-11:59,1,0
N,PROPERTY DAMAGE ONLY,166 ST,N,2021,SUNDAY,REAR END,N,Y,49.118919,-122.762389,N,OCTOBER,N,SURREY,SURREY,SURREY,N,N,N,LOWER MAINLAND,166 ST & 64 AVE,64 AVE,64 AVE,09:00-11:59,1,0
N,PROPERTY DAMAGE ONLY,203 ST,N,2021,SUNDAY,UNDETERMINED,N,Y,49.219239,-122.657635,N,OCTOBER,N,MAPLE RIDGE,MAPLE RIDGE,MAPLE RIDGE,Y,Y,N,LOWER MAINLAND,203 ST & LOUGHEED HWY,LOUGHEED HWY,LOUGHEED HWY,09:00-11:59,1,0
N,PROPERTY DAMAGE ONLY,21ST ST,N,2021,SUNDAY,SIDE SWIPE - SAME DIRECTION,N,Y,49.329877,-123.168076,N,OCTOBER,N,WEST VANCOUVER,WEST VANCOUVER,WEST VANCOUVER,N,N,N,LOWER MAINLAND,21ST ST & MARINE DR,MARINE DR,MARINE DR,09:00-11:59,1,0
N,PROPERTY DAMAGE ONLY,248 ST,N,2021,SUNDAY,REAR END,N,Y,49.103984,-122.537089,N,OCTOBER,N,LANGLEY,LANGLEY,LANGLEY,N,N,N,LOWER MAINLAND,248 ST & 56 AVE,56 AVE,56 AVE,09:00-11:59,1,0
N,PROPERTY DAMAGE ONLY,264 TH,N,2021,SUNDAY,SINGLE VEHICLE,N,N,\N,\N,N,OCTOBER,N,LANGLEY,LANGLEY,\N,N,Y,N,LOWER MAINLAND,UNKNOWN,FRASER HWY,FRASER HWY,09:00-11:59,1,0
N,PROPERTY DAMAGE ONLY,26TH ST,N,2021,SUNDAY,REAR END,N,Y,49.676173,-124.982707,N,OCTOBER,N,COURTENAY,COURTENAY,COURTENAY,N,N,N,VANCOUVER ISLAND,26TH ST & CLIFFE AVE,CLIFFE AVE,CLIFFE AVE,09:00-11:59,1,0
N,PROPERTY DAMAGE ONLY,27 AVE,N,2021,SUNDAY,REAR END,N,Y,50.260594,-119.270019,N,OCTOBER,N,VERNON,VERNON,VERNON,N,Y,N,SOUTHERN INTERIOR,27 AVE & HWY 6,HWY 6,HWY 6,09:00-11:59,1,0
N,PROPERTY DAMAGE ONLY,280 ST,N,2021,SUNDAY,REAR END,N,Y,49.174071,-122.444206,N,OCTOBER,N,MAPLE RIDGE,MAPLE RIDGE,MAPLE RIDGE,N,N,N,LOWER MAINLAND,280 ST & LOUGHEED HWY,LOUGHEED HWY,LOUGHEED HWY,09:00-11:59,1,0
N,PROPERTY DAMAGE ONLY,56 AVE,N,2021,SUNDAY,REAR END,N,Y,49.104596,-122.642843,N,OCTOBER,N,LANGLEY,LANGLEY,LANGLEY,N,N,N,LOWER MAINLAND,56 AVE & LANGLEY BYPASS & TURNING LANE,HWY 10,HWY 10,09:00-11:59,1,0
N,PROPERTY DAMAGE ONLY,64 AVE,N,2021,SUNDAY,SIDE SWIPE - SAME DIRECTION,N,Y,49.118761,-122.734941,N,OCTOBER,N,SURREY,SURREY,SURREY,N,N,N,LOWER MAINLAND,176 ST & 64 AVE,176 ST,176 ST,09:00-11:59,1,0
N,PROPERTY DAMAGE ONLY,70 AVE,N,2021,SUNDAY,UNDETERMINED,N,Y,49.130361,-122.890372,N,OCTOBER,N,DELTA,DELTA,DELTA & SURREY,Y,Y,N,LOWER MAINLAND,120 ST & 70 AVE,120 ST,120 ST,09:00-11:59,1,0
N,PROPERTY DAMAGE ONLY,78 AVE,N,2021,SUNDAY,UNDETERMINED,N,Y,49.144627,-122.81529,N,OCTOBER,N,SURREY,SURREY,SURREY,Y,N,N,LOWER MAINLAND,147 ST & 78 AVE,147 ST,147 ST,09:00-11:59,1,0
N,PROPERTY DAMAGE ONLY,80 AVE,N,2021,SUNDAY,SIDE SWIPE - SAME DIRECTION,N,Y,49.148264,-122.668222,N,OCTOBER,N,LANGLEY,LANGLEY,LANGLEY,N,N,N,LOWER MAINLAND,200 ST & 80 AVE,200 ST,200 ST,09:00-11:59,1,0
N,PROPERTY DAMAGE ONLY,84 AVE,N,2021,SUNDAY,SIDE SWIPE - SAME DIRECTION,N,Y,49.155951,-122.93265,N,OCTOBER,N,DELTA,DELTA,DELTA,Y,N,N,LOWER MAINLAND,84 AVE & DUNLOP RD,DUNLOP RD,DUNLOP RD,09:00-11:59,1,0
N,PROPERTY DAMAGE ONLY,90A AVE,N,2021,SUNDAY,UNDETERMINED,N,Y,49.167445,-122.828368,N,OCTOBER,N,SURREY,SURREY,SURREY,Y,N,N,LOWER MAINLAND,142A ST & 90A AVE,142A ST,142A ST,09:00-11:59,1,0
N,PROPERTY DAMAGE ONLY,94 AVE,N,2021,SUNDAY,CONFLICTED,N,Y,49.173476,-122.801153,N,OCTOBER,N,SURREY,SURREY,SURREY,N,N,N,LOWER MAINLAND,152 ST & 94 AVE,152 ST,152 ST,09:00-11:59,1,0
N,PROPERTY DAMAGE ONLY,96 AVE,N,2021,SUNDAY,REAR END,N,Y,49.177035,-122.845713,N,OCTOBER,N,SURREY,SURREY,SURREY,N,N,N,LOWER MAINLAND,96 AVE & KING GEORGE BLVD & TURNING LANE,KING GEORGE BLVD,KING GEORGE BLVD,09:00-11:59,1,0
N,PROPERTY DAMAGE ONLY,BAILEY BRIDGE,N,2021,SUNDAY,SINGLE VEHICLE,N,N,\N,\N,N,OCTOBER,N,WHITE ROCK,WHITE ROCK,\N,N,N,N,LOWER MAINLAND,UNKNOWN,KING GEORGE BLVD,KING GEORGE BLVD,09:00-11:59,1,0
N,PROPERTY DAMAGE ONLY,BARLOW AVE,N,2021,SUNDAY,CONFLICTED,N,Y,52.977681,-122.492181,N,OCTOBER,N,QUESNEL,QUESNEL,QUESNEL,Y,Y,N,NORTH CENTRAL,BARLOW AVE & VAUGHAN ST,VAUGHAN ST,VAUGHAN ST,09:00-11:59,1,0
N,PROPERTY DAMAGE ONLY,BETA AVE,N,2021,SUNDAY,CONFLICTED,N,Y,49.266252,-122.997628,N,OCTOBER,N,BURNABY,BURNABY,BURNABY,Y,Y,N,LOWER MAINLAND,BETA AVE & LOUGHEED HWY & TURNING LANE,LOUGHEED HWY,LOUGHEED HWY,09:00-11:59,1,0
N,PROPERTY DAMAGE ONLY,BOUCHERIE RD,N,2021,SUNDAY,REAR END,N,Y,49.873684,-119.544146,N,OCTOBER,N,WEST KELOWNA,WEST KELOWNA,WEST KELOWNA,N,N,N,SOUTHERN INTERIOR,BOUCHERIE RD & HORIZON DR & HORIZON DR E & HWY 97 & TURNING LANE,HWY 97,HWY 97,09:00-11:59,1,0
N,PROPERTY DAMAGE ONLY,BRADNER RD,N,2021,SUNDAY,SIDE IMPACT,N,Y,49.118149,-122.426966,N,OCTOBER,N,ABBOTSFORD,ABBOTSFORD,ABBOTSFORD,Y,Y,N,LOWER MAINLAND,BRADNER RD & STARR RD,STARR RD,STARR RD,09:00-11:59,1,0
N,PROPERTY DAMAGE ONLY,BURRARD ST,N,2021,SUNDAY,UNDETERMINED,Y,Y,49.268005,-123.14564,N,OCTOBER,N,VANCOUVER,VANCOUVER,VANCOUVER,N,N,N,LOWER MAINLAND,BURRARD ST & W 4TH AVE,W 4TH AVE,W 4TH AVE,09:00-11:59,1,0
N,PROPERTY DAMAGE ONLY,BUTE ST,N,2021,SUNDAY,CONFLICTED,N,Y,49.285973,-123.126958,N,OCTOBER,N,VANCOUVER,VANCOUVER,VANCOUVER,N,N,N,LOWER MAINLAND,BUTE ST & ROBSON ST,ROBSON ST,ROBSON ST,09:00-11:59,1,0
N,PROPERTY DAMAGE ONLY,CAPILANO RD,N,2021,SUNDAY,SINGLE VEHICLE,N,Y,49.324292,-123.122442,N,OCTOBER,N,NORTH VANCOUVER,NORTH VANCOUVER,NORTH VANCOUVER,N,N,N,LOWER MAINLAND,CAPILANO RD & MARINE DR & MATHIAS RD & TURNING LANE,MARINE DR,MARINE DR,09:00-11:59,1,0
N,PROPERTY DAMAGE ONLY,CARDERO ST,N,2021,SUNDAY,REAR END,N,Y,49.290575,-123.130597,N,OCTOBER,N,VANCOUVER,VANCOUVER,VANCOUVER,N,N,N,LOWER MAINLAND,CARDERO ST & W GEORGIA ST & W PENDER ST,W GEORGIA ST,W GEORGIA ST,09:00-11:59,1,0
N,PROPERTY DAMAGE ONLY,CINNAMON DR,N,2021,SUNDAY,SIDE IMPACT,N,Y,49.170949,-122.86266,N,OCTOBER,N,SURREY,SURREY,SURREY,N,N,N,LOWER MAINLAND,92A AVE & CINNAMON DR,92A AVE,92A AVE,09:00-11:59,1,0
N,PROPERTY DAMAGE ONLY,CLARKE RD,N,2021,SUNDAY,REAR END,N,Y,49.259243,-122.893022,N,OCTOBER,N,BURNABY,BURNABY,BURNABY & COQUITLAM,N,N,N,LOWER MAINLAND,CLARKE RD & COTTONWOOD AVE & NORTH RD,NORTH RD,NORTH RD,09:00-11:59,1,0
N,PROPERTY DAMAGE ONLY,CLEARBROOK RD,N,2021,SUNDAY,SINGLE VEHICLE,N,Y,49.037752,-122.3377,N,OCTOBER,N,ABBOTSFORD,ABBOTSFORD,ABBOTSFORD,N,N,N,LOWER MAINLAND,CLEARBROOK RD & CLEARBROOK RD OFFRAMP & CLEARBROOK RD ONRAMP & MARSHALL RD & MARSHALL RD OFFRAMP & MARSHALL RD ONRAMP & TRANS-CANADA HWY & TURNING LANE,TRANS-CANADA HWY,TRANS-CANADA HWY,09:00-11:59,1,0
N,PROPERTY DAMAGE ONLY,COMMERCIAL,N,2021,SUNDAY,REAR END,N,N,\N,\N,N,OCTOBER,N,VANCOUVER,VANCOUVER,\N,N,N,N,LOWER MAINLAND,UNKNOWN,1ST AVE,1ST AVE,09:00-11:59,1,0
N,PROPERTY DAMAGE ONLY,COMMONWEALTH RD,N,2021,SUNDAY,REAR END,N,Y,50.007584,-119.402957,N,OCTOBER,N,KELOWNA,KELOWNA,KELOWNA & LAKE COUNTRY,N,N,N,SOUTHERN INTERIOR,COMMONWEALTH RD & HWY 97 & HWY 97 N,HWY 97,HWY 97,09:00-11:59,1,0
N,PROPERTY DAMAGE ONLY,CRAIGFLOWER PARK TRAIL,N,2021,SUNDAY,REAR END,N,Y,48.453492,-123.420611,N,OCTOBER,Y,SAANICH,SAANICH,SAANICH,N,N,N,VANCOUVER ISLAND,ADMIRALS RD & CRAIGFLOWER PARK TRAIL & GORGE RD W,ADMIRALS RD,ADMIRALS RD,09:00-11:59,1,0
N,PROPERTY DAMAGE ONLY,CUMBERLAND ST,N,2021,SUNDAY,SINGLE VEHICLE,N,Y,49.231915,-122.917869,N,OCTOBER,N,BURNABY,BURNABY,BURNABY,N,N,N,LOWER MAINLAND,16TH AVE & CUMBERLAND ST,16TH AVE,16TH AVE,09:00-11:59,1,0
N,PROPERTY DAMAGE ONLY,DAVIDSON RD,N,2021,SUNDAY,SIDE SWIPE - OPPOSITE DIRECTION,N,Y,50.051436,-119.431303,N,OCTOBER,N,LAKE COUNTRY,LAKE COUNTRY,LAKE COUNTRY,Y,Y,N,SOUTHERN INTERIOR,CEMETERY RD & DAVIDSON RD & JACKSON CRT,CEMETERY RD,CEMETERY RD,09:00-11:59,1,0
N,PROPERTY DAMAGE ONLY,DIEPPE DR,N,2021,SUNDAY,UNDETERMINED,N,Y,49.257269,-123.027808,N,OCTOBER,N,VANCOUVER,VANCOUVER,VANCOUVER,Y,N,N,LOWER MAINLAND,DIEPPE DR & MATAPAN CRES & VIMY CRES,VIMY CRES,VIMY CRES,09:00-11:59,1,0
N,PROPERTY DAMAGE ONLY,DILWORTH DR,N,2021,SUNDAY,REAR TO REAR,N,Y,49.879485,-119.437203,N,OCTOBER,N,KELOWNA,KELOWNA,KELOWNA,N,Y,N,SOUTHERN INTERIOR,BARON RD & DILWORTH DR,BARON RD,BARON RD,09:00-11:59,1,0
N,PROPERTY DAMAGE ONLY,DOUGALL RD N,N,2021,SUNDAY,SINGLE VEHICLE,N,Y,49.888967,-119.392842,N,OCTOBER,N,KELOWNA,KELOWNA,KELOWNA,N,N,N,SOUTHERN INTERIOR,DOUGALL RD N & DOUGALL RD S & HWY 33 W,HWY 33,HWY 33,09:00-11:59,1,0
N,PROPERTY DAMAGE ONLY,E 3RD AVE,N,2021,SUNDAY,SIDE IMPACT,N,Y,49.267792,-123.069678,N,OCTOBER,N,VANCOUVER,VANCOUVER,VANCOUVER,Y,N,N,LOWER MAINLAND,COMMERCIAL DR & E 3RD AVE,COMMERCIAL DR,COMMERCIAL DR,09:00-11:59,1,0
N,PROPERTY DAMAGE ONLY,E 41ST AVE,N,2021,SUNDAY,REAR END,N,Y,49.232692,-123.077064,N,OCTOBER,N,VANCOUVER,VANCOUVER,VANCOUVER,N,N,N,LOWER MAINLAND,E 41ST AVE & KNIGHT ST,KNIGHT ST,KNIGHT ST,09:00-11:59,1,0
N,PROPERTY DAMAGE ONLY,E 41ST AVE,N,2021,SUNDAY,REAR TO REAR,N,Y,49.232747,-123.065518,N,OCTOBER,N,VANCOUVER,VANCOUVER,VANCOUVER,N,Y,N,LOWER MAINLAND,E 41ST AVE & VICTORIA DR,VICTORIA DR,VICTORIA DR,09:00-11:59,1,0
N,PROPERTY DAMAGE ONLY,E 45TH AVE,N,2021,SUNDAY,SIDE SWIPE - SAME DIRECTION,N,Y,49.229163,-123.090633,N,OCTOBER,N,VANCOUVER,VANCOUVER,VANCOUVER,N,N,N,LOWER MAINLAND,E 45TH AVE & FRASER ST,FRASER ST,FRASER ST,09:00-11:59,1,0
N,PROPERTY DAMAGE ONLY,E EIGHTH AVE,N,2021,SUNDAY,UNDETERMINED,N,Y,49.229538,-122.898554,N,OCTOBER,N,NEW WESTMINSTER,NEW WESTMINSTER,NEW WESTMINSTER,N,N,N,LOWER MAINLAND,E EIGHTH AVE & RICHMOND ST,RICHMOND ST,RICHMOND ST,09:00-11:59,1,0
N,PROPERTY DAMAGE ONLY,ECKHARDT AVE W,N,2021,SUNDAY,SIDE SWIPE - SAME DIRECTION,N,Y,49.49234,-119.592272,N,OCTOBER,N,PENTICTON,PENTICTON,PENTICTON,N,N,N,SOUTHERN INTERIOR,ECKHARDT AVE W & WINNIPEG ST,WINNIPEG ST,WINNIPEG ST,09:00-11:59,1,0
N,PROPERTY DAMAGE ONLY,ELLIS ST,N,2021,SUNDAY,SINGLE VEHICLE,N,Y,49.883634,-119.493491,N,OCTOBER,N,KELOWNA,KELOWNA,KELOWNA,N,N,N,SOUTHERN INTERIOR,ELLIS ST & HARVEY AVE & TURNING LANE,HARVEY AVE,HARVEY AVE,09:00-11:59,1,0
N,PROPERTY DAMAGE ONLY,FEENEY AVE,N,2021,SUNDAY,REAR TO REAR,N,Y,54.511311,-128.583695,N,OCTOBER,N,TERRACE,TERRACE,TERRACE,Y,Y,N,NORTH CENTRAL,CRAMER ST & FEENEY AVE,CRAMER ST,CRAMER ST,09:00-11:59,1,0
N,PROPERTY DAMAGE ONLY,FIFTH ST,N,2021,SUNDAY,REAR END,N,Y,48.650222,-123.400302,N,OCTOBER,N,SIDNEY,SIDNEY,SIDNEY,Y,N,N,VANCOUVER ISLAND,FIFTH ST & JAMES WHITE BLVD & SIDNEY AVE,JAMES WHITE BLVD,JAMES WHITE BLVD,09:00-11:59,1,0
N,PROPERTY DAMAGE ONLY,FLINT ST,N,2021,SUNDAY,SIDE SWIPE - SAME DIRECTION,N,Y,49.2784,-122.77043,N,OCTOBER,N,COQUITLAM,COQUITLAM,COQUITLAM & PORT COQUITLAM,Y,Y,N,LOWER MAINLAND,FLINT ST & LINCOLN AVE,LINCOLN AVE,LINCOLN AVE,09:00-11:59,1,0
N,PROPERTY DAMAGE ONLY,FORTUNE DR,N,2021,SUNDAY,REAR END,N,Y,50.684804,-120.347582,N,OCTOBER,N,KAMLOOPS,KAMLOOPS,KAMLOOPS,N,N,N,SOUTHERN INTERIOR,FORTUNE DR & TRANQUILLE RD,TRANQUILLE RD,TRANQUILLE RD,09:00-11:59,1,0
N,PROPERTY DAMAGE ONLY,FOSTER AVE,N,2021,SUNDAY,REAR END,N,Y,49.256804,-122.893059,N,OCTOBER,N,BURNABY,BURNABY,BURNABY & COQUITLAM,N,N,N,LOWER MAINLAND,FOSTER AVE & NORTH RD,NORTH RD,NORTH RD,09:00-11:59,1,0
N,PROPERTY DAMAGE ONLY,FRANCIS RD,N,2021,SUNDAY,CONFLICTED,N,Y,49.148201,-123.125163,N,OCTOBER,N,RICHMOND,RICHMOND,RICHMOND,N,N,N,LOWER MAINLAND,FRANCIS RD & GARDEN CITY RD,GARDEN CITY RD,GARDEN CITY RD,09:00-11:59,1,0
N,PROPERTY DAMAGE ONLY,FRANCIS RD,N,2021,SUNDAY,SIDE SWIPE - SAME DIRECTION,N,Y,49.148393,-123.169815,N,OCTOBER,N,RICHMOND,RICHMOND,RICHMOND,N,N,N,LOWER MAINLAND,FRANCIS RD & RAILWAY AVE,RAILWAY AVE,RAILWAY AVE,09:00-11:59,1,0
N,PROPERTY DAMAGE ONLY,FRANCIS RD,N,2021,SUNDAY,UNDETERMINED,N,Y,49.148331,-123.18133,N,OCTOBER,N,RICHMOND,RICHMOND,RICHMOND,Y,N,N,LOWER MAINLAND,FRANCIS RD & NO 1 RD,NO 1 RD,NO 1 RD,09:00-11:59,1,0
N,PROPERTY DAMAGE ONLY,FRASER HWY,N,2021,SUNDAY,SIDE IMPACT,N,Y,49.09598,-122.624579,N,OCTOBER,N,LANGLEY,LANGLEY,LANGLEY,N,Y,N,LOWER MAINLAND,216 ST & FRASER HWY,216 ST,216 ST,09:00-11:59,1,0
N,PROPERTY DAMAGE ONLY,GABRIOLA DR,N,2021,SUNDAY,CONFLICTED,N,Y,49.291372,-122.781833,N,OCTOBER,N,COQUITLAM,COQUITLAM,COQUITLAM,Y,Y,N,LOWER MAINLAND,GABRIOLA DR & PIPELINE RD & TOWN CENTRE PARK ACCESS RD,PIPELINE RD,PIPELINE RD,09:00-11:59,1,0
N,PROPERTY DAMAGE ONLY,GEORGE FERGUSON WAY,N,2021,SUNDAY,HEAD ON,N,Y,49.050129,-122.281031,N,OCTOBER,N,ABBOTSFORD,ABBOTSFORD,ABBOTSFORD,N,N,N,LOWER MAINLAND,GEORGE FERGUSON WAY & PARK DR,PARK DR,PARK DR,09:00-11:59,1,0
N,PROPERTY DAMAGE ONLY,GILLARD CREEK FSR,N,2021,SUNDAY,REAR END,N,Y,49.756023,-119.450497,N,OCTOBER,N,KELOWNA,KELOWNA,KELOWNA,N,N,N,SOUTHERN INTERIOR,GILLARD CREEK FSR & KETTLE VALLEY RAIL TRAIL,KETTLE VALLEY RAIL TRAIL,KETTLE VALLEY RAIL TRAIL,09:00-11:59,1,0
N,PROPERTY DAMAGE ONLY,GRANDVIEW HWY,N,2021,SUNDAY,UNDETERMINED,N,Y,49.258127,-123.033793,N,OCTOBER,N,VANCOUVER,VANCOUVER,VANCOUVER,N,Y,N,LOWER MAINLAND,GRANDVIEW HWY & RUPERT ST,RUPERT ST,RUPERT ST,09:00-11:59,1,0
N,PROPERTY DAMAGE ONLY,GRANVILLE,N,2021,SUNDAY,REAR END,N,N,\N,\N,N,OCTOBER,N,VANCOUVER,VANCOUVER,\N,Y,N,N,LOWER MAINLAND,UNKNOWN,KINGSWAY,KINGSWAY,09:00-11:59,1,0
N,PROPERTY DAMAGE ONLY,GUILDFORD WAY,N,2021,SUNDAY,CONFLICTED,N,Y,49.28485,-122.792426,N,OCTOBER,N,COQUITLAM,COQUITLAM,COQUITLAM,N,N,N,LOWER MAINLAND,GUILDFORD WAY & PINETREE WAY & TURNING LANE,PINETREE WAY,PINETREE WAY,09:00-11:59,1,0
N,PROPERTY DAMAGE ONLY,HAGAN RD,N,2021,SUNDAY,SINGLE VEHICLE,N,Y,48.576956,-123.458422,N,OCTOBER,N,CENTRAL SAANICH,CENTRAL SAANICH,CENTRAL SAANICH,N,N,N,VANCOUVER ISLAND,DAMELART WAY & HAGAN RD,DAMELART WAY,DAMELART WAY,09:00-11:59,1,0
N,PROPERTY DAMAGE ONLY,HARDY ST,N,2021,SUNDAY,UNDETERMINED,N,Y,49.883235,-119.447561,N,OCTOBER,N,KELOWNA,KELOWNA,KELOWNA,N,N,N,SOUTHERN INTERIOR,ENTERPRISE WAY & HARDY ST,ENTERPRISE WAY,ENTERPRISE WAY,09:00-11:59,1,0
N,PROPERTY DAMAGE ONLY,HAZELBRIDGE WAY,N,2021,SUNDAY,UNDETERMINED,N,Y,49.189147,-123.128107,N,OCTOBER,N,RICHMOND,RICHMOND,RICHMOND,Y,N,N,LOWER MAINLAND,HAZELBRIDGE WAY & SEXSMITH RD,SEXSMITH RD,SEXSMITH RD,09:00-11:59,1,0
N,PROPERTY DAMAGE ONLY,HELMCKEN ST,N,2021,SUNDAY,UNDETERMINED,N,Y,49.275573,-123.120522,N,OCTOBER,N,VANCOUVER,VANCOUVER,VANCOUVER,Y,Y,N,LOWER MAINLAND,HELMCKEN ST & MAINLAND ST,MAINLAND ST,MAINLAND ST,09:00-11:59,1,0
N,PROPERTY DAMAGE ONLY,HILLSIDE DR,N,2021,SUNDAY,REAR END,N,Y,50.65485,-120.37778,N,OCTOBER,N,KAMLOOPS,KAMLOOPS,KAMLOOPS,N,N,N,SOUTHERN INTERIOR,HILLSIDE DR & PACIFIC WAY & TURNING LANE,PACIFIC WAY,PACIFIC WAY,09:00-11:59,1,0
N,PROPERTY DAMAGE ONLY,HILLSIDE ST,N,2021,SUNDAY,REAR END,N,N,\N,\N,N,OCTOBER,N,VICTORIA,VICTORIA,\N,N,N,N,VANCOUVER ISLAND,UNKNOWN,COOK ST,COOK ST,09:00-11:59,1,0
N,PROPERTY DAMAGE ONLY,HOCKING AVE,N,2021,SUNDAY,SIDE IMPACT,N,Y,49.159091,-121.958646,N,OCTOBER,N,CHILLIWACK,CHILLIWACK,CHILLIWACK,N,N,N,LOWER MAINLAND,HOCKING AVE & YALE RD,YALE RD,YALE RD,09:00-11:59,1,0
N,PROPERTY DAMAGE ONLY,HOLMES ST,N,2021,SUNDAY,UNDETERMINED,Y,Y,49.235448,-122.904196,N,OCTOBER,N,BURNABY,BURNABY,BURNABY,N,N,N,LOWER MAINLAND,ARMSTRONG AVE & CARIBOO RD & HOLMES ST,CARIBOO RD,CARIBOO RD,09:00-11:59,1,0
N,PROPERTY DAMAGE ONLY,HUCKVALE PL,N,2021,SUNDAY,CONFLICTED,N,Y,52.149826,-122.157558,N,OCTOBER,N,WILLIAMS LAKE,WILLIAMS LAKE,WILLIAMS LAKE,N,N,N,NORTH CENTRAL,HUCKVALE PL & MIDNIGHT DR,MIDNIGHT DR,MIDNIGHT DR,09:00-11:59,1,0
N,PROPERTY DAMAGE ONLY,HUGH ST,N,2021,SUNDAY,REAR TO REAR,N,Y,49.276644,-122.847865,N,OCTOBER,N,PORT MOODY,PORT MOODY,PORT MOODY,N,Y,N,LOWER MAINLAND,HUGH ST & ST JOHNS ST,ST JOHNS ST,ST JOHNS ST,09:00-11:59,1,0
N,PROPERTY DAMAGE ONLY,HWY 1,N,2021,SUNDAY,SINGLE VEHICLE,N,Y,51.006676,-118.199825,N,OCTOBER,N,REVELSTOKE,REVELSTOKE,REVELSTOKE,N,Y,N,SOUTHERN INTERIOR,MEADOWS IN THE SKY PKY & MEADOWS IN THE SKY PKY OFFRAMP & MEADOWS IN THE SKY PKY ONRAMP & SUMMIT PKY & TRANS-CANADA HWY W,MEADOWS IN THE SKY PKY,MEADOWS IN THE SKY PKY,09:00-11:59,1,0
N,PROPERTY DAMAGE ONLY,HWY 16,N,2021,SUNDAY,UNDETERMINED,Y,N,\N,\N,N,OCTOBER,N,PRINCE RUPERT,PRINCE RUPERT,\N,N,N,N,NORTH CENTRAL,UNKNOWN,HWY 599,HWY 599,09:00-11:59,1,0
N,PROPERTY DAMAGE ONLY,HWY 99,N,2021,SUNDAY,SIDE SWIPE - SAME DIRECTION,N,Y,49.718229,-123.147896,N,OCTOBER,N,SQUAMISH,SQUAMISH,SQUAMISH,Y,Y,N,LOWER MAINLAND,FINCH DR & HWY 99 & INDUSTRIAL WAY & TURNING LANE,INDUSTRIAL WAY,INDUSTRIAL WAY,09:00-11:59,1,0
N,PROPERTY DAMAGE ONLY,HWY 99,N,2021,SUNDAY,UNDETERMINED,N,Y,49.740801,-123.135232,N,OCTOBER,N,SQUAMISH,SQUAMISH,SQUAMISH,N,Y,N,LOWER MAINLAND,GARIBALDI WAY & HWY 99 & TURNING LANE,GARIBALDI WAY,GARIBALDI WAY,09:00-11:59,1,0
N,PROPERTY DAMAGE ONLY,IRONWORKERS MEMORIAL BRIDGE,N,2021,SUNDAY,REAR END,N,Y,49.287032,-123.031028,N,OCTOBER,N,VANCOUVER,VANCOUVER,VANCOUVER,N,N,N,LOWER MAINLAND,BRIDGEWAY OFFRAMP & E HASTINGS ST OFFRAMP & IRONWORKERS MEMORIAL BRIDGE & MCGILL ST & MCGILL ST OFFRAMP & MCGILL ST ONRAMP & TRANS-CANADA HWY,HWY 1,HWY 1,09:00-11:59,1,0
N,PROPERTY DAMAGE ONLY,IRONWORKERS MEMORIAL BRIDGE,N,2021,SUNDAY,REAR END,N,Y,49.304852,-123.027413,N,OCTOBER,N,NORTH VANCOUVER,NORTH VANCOUVER,NORTH VANCOUVER,N,N,N,LOWER MAINLAND,DOLLARTON HWY & DOLLARTON HWY OFFRAMP & DOLLARTON HWY ONRAMP & IRONWORKERS MEMORIAL BRIDGE & MAIN ST & MAIN ST OFFRAMP & MAIN ST ONRAMP & PHIBBS EXCHANGE & TRANS-CANADA HWY & EMERGENCY LANE & HIGHWAY RAMP & TURNING LANE,HWY 1,HWY 1,09:00-11:59,1,0
N,PROPERTY DAMAGE ONLY,ISLAND HWY,N,2021,SUNDAY,SIDE IMPACT,N,Y,50.033094,-125.248679,N,OCTOBER,N,CAMPBELL RIVER,CAMPBELL RIVER,CAMPBELL RIVER,N,Y,N,VANCOUVER ISLAND,DOGWOOD ST & ISLAND HWY & TURNING LANE,DOGWOOD ST,DOGWOOD ST,09:00-11:59,1,0
N,PROPERTY DAMAGE ONLY,JERVIS ST,N,2021,SUNDAY,SINGLE VEHICLE,N,Y,49.288136,-123.126873,N,OCTOBER,N,VANCOUVER,VANCOUVER,VANCOUVER,N,N,N,LOWER MAINLAND,JERVIS ST & W GEORGIA ST,W GEORGIA ST,W GEORGIA ST,09:00-11:59,1,0
N,PROPERTY DAMAGE ONLY,JOHNHINDLE DR,N,2021,SUNDAY,CONFLICTED,N,N,\N,\N,N,OCTOBER,N,KELOWNA,KELOWNA,\N,N,N,N,SOUTHERN INTERIOR,UNKNOWN,GLENMORE RD,GLENMORE RD,09:00-11:59,1,0
N,PROPERTY DAMAGE ONLY,KEYSTONE AVE,N,2021,SUNDAY,SIDE IMPACT,N,Y,49.184776,-122.400802,N,OCTOBER,N,MISSION,MISSION,MISSION,Y,Y,N,LOWER MAINLAND,HAYWARD ST & KEYSTONE AVE,HAYWARD ST,HAYWARD ST,09:00-11:59,1,0
N,PROPERTY DAMAGE ONLY,KING GEORGE BLVD,N,2021,SUNDAY,CONFLICTED,N,Y,49.174687,-122.845833,N,OCTOBER,N,SURREY,SURREY,SURREY,N,N,N,LOWER MAINLAND,94A AVE & KING GEORGE BLVD,94A AVE,94A AVE,09:00-11:59,1,0
N,PROPERTY DAMAGE ONLY,KINGSWAY,N,2021,SUNDAY,REAR END,N,Y,49.238891,-123.051643,N,OCTOBER,N,VANCOUVER,VANCOUVER,VANCOUVER,N,N,N,LOWER MAINLAND,KINGSWAY & WALES ST,WALES ST,WALES ST,09:00-11:59,1,0
N,PROPERTY DAMAGE ONLY,KINGSWAY,N,2021,SUNDAY,REAR END,N,Y,49.241871,-123.058121,N,OCTOBER,N,VANCOUVER,VANCOUVER,VANCOUVER,N,N,N,LOWER MAINLAND,KINGSWAY & NANAIMO ST,NANAIMO ST,NANAIMO ST,09:00-11:59,1,0
N,PROPERTY DAMAGE ONLY,KINGSWAY,N,2021,SUNDAY,REAR TO REAR,N,Y,49.259878,-123.096571,N,OCTOBER,N,VANCOUVER,VANCOUVER,VANCOUVER,N,Y,N,LOWER MAINLAND,E 12TH AVE & KINGSWAY,E 12TH AVE,E 12TH AVE,09:00-11:59,1,0
N,PROPERTY DAMAGE ONLY,LONSDALE AVE,N,2021,SUNDAY,UNDETERMINED,N,Y,49.324144,-123.072267,N,OCTOBER,N,NORTH VANCOUVER,NORTH VANCOUVER,NORTH VANCOUVER,N,N,N,LOWER MAINLAND,E 17TH ST & LONSDALE AVE & W 17TH ST,E 17TH ST,E 17TH ST,09:00-11:59,1,0
N,PROPERTY DAMAGE ONLY,LOUGHEED HWY,N,2021,SUNDAY,REAR END,N,Y,49.263719,-122.767413,N,OCTOBER,N,PORT COQUITLAM,PORT COQUITLAM,PORT COQUITLAM,N,N,N,LOWER MAINLAND,LOUGHEED HWY & OXFORD CONN & OXFORD ST & TURNING LANE,OXFORD ST,OXFORD ST,09:00-11:59,1,0
N,PROPERTY DAMAGE ONLY,LOUGHEED HWY,N,2021,SUNDAY,SIDE IMPACT,N,Y,49.263719,-122.767413,N,OCTOBER,Y,PORT COQUITLAM,PORT COQUITLAM,PORT COQUITLAM,Y,Y,N,LOWER MAINLAND,LOUGHEED HWY & OXFORD CONN & OXFORD ST & TURNING LANE,OXFORD ST,OXFORD ST,09:00-11:59,1,0
N,PROPERTY DAMAGE ONLY,MACLURE RD,N,2021,SUNDAY,SIDE IMPACT,N,Y,49.054195,-122.359983,N,OCTOBER,N,ABBOTSFORD,ABBOTSFORD,ABBOTSFORD,N,Y,N,LOWER MAINLAND,MACLURE RD & TOWNLINE RD & TURNING LANE,TOWNLINE RD,TOWNLINE RD,09:00-11:59,1,0
N,PROPERTY DAMAGE ONLY,MAIN ST,N,2021,SUNDAY,REAR END,N,Y,49.281347,-123.099687,N,OCTOBER,N,VANCOUVER,VANCOUVER,VANCOUVER,N,N,N,LOWER MAINLAND,E HASTINGS ST & MAIN ST,E HASTINGS ST,E HASTINGS ST,09:00-11:59,1,0
N,PROPERTY DAMAGE ONLY,MARINE DR,N,2021,SUNDAY,CONFLICTED,N,Y,49.319986,-123.0914,N,OCTOBER,N,NORTH VANCOUVER,NORTH VANCOUVER,NORTH VANCOUVER,N,N,N,LOWER MAINLAND,BEWICKE AVE & MARINE DR & W 2ND LANE & W 3RD ST & W KEITH RD,BEWICKE AVE,BEWICKE AVE,09:00-11:59,1,0
N,PROPERTY DAMAGE ONLY,MARINE DR,N,2021,SUNDAY,UNDETERMINED,N,Y,49.330777,-123.17103,N,OCTOBER,N,WEST VANCOUVER,WEST VANCOUVER,WEST VANCOUVER,Y,N,N,LOWER MAINLAND,22ND ST & MARINE DR,22ND ST,22ND ST,09:00-11:59,1,0
N,PROPERTY DAMAGE ONLY,MARSHALL RD,N,2021,SUNDAY,REAR END,N,Y,49.038185,-122.268965,N,OCTOBER,N,ABBOTSFORD,ABBOTSFORD,ABBOTSFORD,N,N,N,LOWER MAINLAND,MARSHALL RD & SUMAS WAY & TURNING LANE,HWY 11,HWY 11,09:00-11:59,1,0
N,PROPERTY DAMAGE ONLY,MCKENZIE AVE,N,2021,SUNDAY,SIDE IMPACT,N,Y,48.471918,-123.351156,N,OCTOBER,N,SAANICH,SAANICH,SAANICH,N,Y,N,VANCOUVER ISLAND,BLENKINSOP RD & MCKENZIE AVE,BLENKINSOP RD,BLENKINSOP RD,09:00-11:59,1,0
N,PROPERTY DAMAGE ONLY,NICOLA ST,N,2021,SUNDAY,SIDE IMPACT,N,Y,49.288661,-123.131118,N,OCTOBER,N,VANCOUVER,VANCOUVER,VANCOUVER,Y,Y,N,LOWER MAINLAND,NICOLA ST & ROBSON ST,ROBSON ST,ROBSON ST,09:00-11:59,1,0
N,PROPERTY DAMAGE ONLY,NICOLA ST,N,2021,SUNDAY,SIDE SWIPE - SAME DIRECTION,N,Y,49.282365,-123.140722,N,OCTOBER,N,VANCOUVER,VANCOUVER,VANCOUVER,N,N,N,LOWER MAINLAND,BEACH AVE & NICOLA ST,BEACH AVE,BEACH AVE,09:00-11:59,1,0
N,PROPERTY DAMAGE ONLY,NO 3 RD,N,2021,SUNDAY,SIDE IMPACT,N,Y,49.191987,-123.129438,N,OCTOBER,N,RICHMOND,RICHMOND,RICHMOND,N,N,N,LOWER MAINLAND,BRIDGEPORT RD & NO 3 RD,BRIDGEPORT RD,BRIDGEPORT RD,09:00-11:59,1,0
N,PROPERTY DAMAGE ONLY,NO 5 RD,N,2021,SUNDAY,REAR END,N,Y,49.133365,-123.092135,N,OCTOBER,N,RICHMOND,RICHMOND,RICHMOND,N,N,N,LOWER MAINLAND,NO 5 RD & STEVESTON HWY & TURNING LANE,STEVESTON HWY,STEVESTON HWY,09:00-11:59,1,0
N,PROPERTY DAMAGE ONLY,NORDEL WAY,N,2021,SUNDAY,REAR END,N,Y,49.146506,-122.944458,N,OCTOBER,N,DELTA,DELTA,DELTA,N,N,N,LOWER MAINLAND,HWY 17 & HWY 91 & HWY 91 CONN & HWY 91 CONN OFFRAMP & HWY 91 CONN ONRAMP & NORDEL WAY & NORDEL WAY OFFRAMP & NORDEL WAY ONRAMP & NORDEL WAY OVERPASS & WEIGH SCALE RD & SCALE ACCESS & TURNING LANE,SOUTH FRASER PERIMETER RD,SOUTH FRASER PERIMETER RD,09:00-11:59,1,0
N,PROPERTY DAMAGE ONLY,PRICE RD,N,2021,SUNDAY,SINGLE VEHICLE,N,Y,49.134834,-123.732933,N,OCTOBER,N,GABRIOLA ISLAND,GABRIOLA ISLAND,GABRIOLA ISLAND,N,N,N,VANCOUVER ISLAND,PRICE RD & SOUTH RD,SOUTH RD,SOUTH RD,09:00-11:59,1,0
N,PROPERTY DAMAGE ONLY,QUEBEC ST,N,2021,SUNDAY,SIDE IMPACT,N,Y,49.239097,-123.103469,N,OCTOBER,N,VANCOUVER,VANCOUVER,VANCOUVER,N,N,N,LOWER MAINLAND,E 35TH AVE & QUEBEC ST & UNNAMED LANE,E 35TH AVE,E 35TH AVE,09:00-11:59,1,0
N,PROPERTY DAMAGE ONLY,RECPLACE,N,2021,SUNDAY,REAR END,N,N,\N,\N,N,OCTOBER,N,PRINCE GEORGE,PRINCE GEORGE,\N,N,N,N,NORTH CENTRAL,UNKNOWN,HWY 16 W,HWY 16 W,09:00-11:59,1,0
N,PROPERTY DAMAGE ONLY,SIXTH ST,N,2021,SUNDAY,REAR END,N,Y,49.205702,-122.91092,N,OCTOBER,N,NEW WESTMINSTER,NEW WESTMINSTER,NEW WESTMINSTER,N,N,N,LOWER MAINLAND,ROYAL AVE & SIXTH ST,ROYAL AVE,ROYAL AVE,09:00-11:59,1,0
N,PROPERTY DAMAGE ONLY,SUSSEX AVE,N,2021,SUNDAY,UNDETERMINED,N,Y,49.228382,-122.99935,N,OCTOBER,N,BURNABY,BURNABY,BURNABY,Y,Y,N,LOWER MAINLAND,KINGSWAY & SUSSEX AVE,KINGSWAY,KINGSWAY,09:00-11:59,1,0
N,PROPERTY DAMAGE ONLY,SUTHERLAND RD,N,2021,SUNDAY,SINGLE VEHICLE,N,Y,49.937727,-124.842168,N,OCTOBER,N,SAVARY ISLAND,SAVARY ISLAND,SAVARY ISLAND,N,N,N,VANCOUVER ISLAND,SUTHERLAND RD & VANCOUVER BLVD,VANCOUVER BLVD,VANCOUVER BLVD,09:00-11:59,1,0
N,PROPERTY DAMAGE ONLY,TELEGRAPH RD,N,2021,SUNDAY,SIDE IMPACT,N,Y,48.725307,-123.605217,N,OCTOBER,N,COBBLE HILL,COBBLE HILL,COBBLE HILL & COWICHAN BAY,N,N,N,VANCOUVER ISLAND,COWICHAN BAY RD & TELEGRAPH RD,COWICHAN BAY RD,COWICHAN BAY RD,09:00-11:59,1,0
N,PROPERTY DAMAGE ONLY,TEMPLETON DR,N,2021,SUNDAY,REAR END,Y,Y,49.284805,-123.059708,N,OCTOBER,N,VANCOUVER,VANCOUVER,VANCOUVER,N,N,N,LOWER MAINLAND,DUNDAS ST & N TEMPLETON DR & TEMPLETON DR,DUNDAS ST,DUNDAS ST,09:00-11:59,1,0
N,PROPERTY DAMAGE ONLY,TRANS-CANADA HWY ONRAMP,N,2021,SUNDAY,REAR END,N,Y,49.337695,-123.13481,N,OCTOBER,N,WEST VANCOUVER,WEST VANCOUVER,WEST VANCOUVER,N,N,N,LOWER MAINLAND,TAYLOR WAY & TAYLOR WAY OFFRAMP & TAYLOR WAY ONRAMP & TRANS-CANADA HWY & TRANS-CANADA HWY ONRAMP & WESTCOT RD & TURNING LANE,TAYLOR WAY,TAYLOR WAY,09:00-11:59,1,0
N,PROPERTY DAMAGE ONLY,TRUTCH ST,N,2021,SUNDAY,REAR END,N,Y,49.264203,-123.1759,N,OCTOBER,N,VANCOUVER,VANCOUVER,VANCOUVER,Y,N,N,LOWER MAINLAND,W BROADWAY & SXWMEOKWEYEMASEM ST,W BROADWAY,W BROADWAY,09:00-11:59,1,0
N,PROPERTY DAMAGE ONLY,TYNE ST,N,2021,SUNDAY,CONFLICTED,N,Y,49.22464,-123.032269,N,OCTOBER,N,VANCOUVER,VANCOUVER,VANCOUVER,N,N,N,LOWER MAINLAND,E 49TH AVE & TYNE ST,E 49TH AVE,E 49TH AVE,09:00-11:59,1,0
N,PROPERTY DAMAGE ONLY,UNKNOWN,N,2021,SUNDAY,SINGLE VEHICLE,N,N,\N,\N,N,OCTOBER,N,VICTORIA,VICTORIA,\N,N,N,N,VANCOUVER ISLAND,UNKNOWN,FISGARD ST,FISGARD ST,09:00-11:59,1,0
N,PROPERTY DAMAGE ONLY,UNKNOWN,N,2021,SUNDAY,UNDETERMINED,N,N,\N,\N,N,OCTOBER,N,VANCOUVER,VANCOUVER,\N,N,N,N,LOWER MAINLAND,UNKNOWN,OSOYOOS CRES,OSOYOOS CRES,09:00-11:59,1,0
N,PROPERTY DAMAGE ONLY,VENTURE WAY,N,2021,SUNDAY,SIDE SWIPE - OPPOSITE DIRECTION,N,Y,49.157501,-122.783113,N,OCTOBER,N,SURREY,SURREY,SURREY,Y,N,N,LOWER MAINLAND,85 AVE & VENTURE WAY & MALL ACCESS,85 AVE,85 AVE,09:00-11:59,1,0
N,PROPERTY DAMAGE ONLY,VICTORIA DR,N,2021,SUNDAY,SIDE SWIPE - OPPOSITE DIRECTION,N,Y,49.272097,-123.06571,N,OCTOBER,N,VANCOUVER,VANCOUVER,VANCOUVER,Y,N,N,LOWER MAINLAND,KITCHENER ST & VICTORIA DR,KITCHENER ST,KITCHENER ST,09:00-11:59,1,0
N,PROPERTY DAMAGE ONLY,W 13TH AVE,N,2021,SUNDAY,SIDE SWIPE - SAME DIRECTION,N,Y,49.260154,-123.157788,N,OCTOBER,N,VANCOUVER,VANCOUVER,VANCOUVER,N,N,N,LOWER MAINLAND,VINE ST & W 13TH AVE,VINE ST,VINE ST,09:00-11:59,1,0
N,PROPERTY DAMAGE ONLY,W 43RD AVE,N,2021,SUNDAY,SIDE IMPACT,N,Y,49.232466,-123.139592,N,OCTOBER,N,VANCOUVER,VANCOUVER,VANCOUVER,N,N,N,LOWER MAINLAND,GRANVILLE ST & W 43RD AVE,GRANVILLE ST,GRANVILLE ST,09:00-11:59,1,0
N,PROPERTY DAMAGE ONLY,W KING EDWARD AVE,N,2021,SUNDAY,SIDE IMPACT,N,Y,49.249035,-123.118414,N,OCTOBER,N,VANCOUVER,VANCOUVER,VANCOUVER,N,N,N,LOWER MAINLAND,ASH ST & W KING EDWARD AVE,ASH ST,ASH ST,09:00-11:59,1,0
N,PROPERTY DAMAGE ONLY,WATSON RD,N,2021,SUNDAY,CONFLICTED,N,Y,49.111082,-121.976346,N,OCTOBER,N,CHILLIWACK,CHILLIWACK,CHILLIWACK,N,N,N,LOWER MAINLAND,TYSON RD & WATSON RD,TYSON RD,TYSON RD,09:00-11:59,1,0
N,PROPERTY DAMAGE ONLY,YOUNG RD,N,2021,SUNDAY,REAR END,N,Y,49.148437,-121.947417,N,OCTOBER,N,CHILLIWACK,CHILLIWACK,CHILLIWACK,N,N,N,LOWER MAINLAND,LUCKAKUCK WAY & TRANS-CANADA HWY & YOUNG RD & YOUNG RD OFFRAMP & YOUNG RD ONRAMP & TURNING LANE,HWY 1,HWY 1,09:00-11:59,1,0
Y,CASUALTY CRASH,\N,N,2021,SUNDAY,SINGLE VEHICLE,N,N,\N,\N,N,OCTOBER,N,BARRIERE,BARRIERE,\N,N,N,N,SOUTHERN INTERIOR,UNKNOWN,HWY 5,HWY 5,09:00-11:59,1,1
Y,CASUALTY CRASH,CASORSO RD,N,2021,SUNDAY,SINGLE VEHICLE,N,Y,49.844623,-119.465949,N,OCTOBER,Y,KELOWNA,KELOWNA,KELOWNA,N,N,N,SOUTHERN INTERIOR,CASORSO RD & SWAMP RD,SWAMP RD,SWAMP RD,09:00-11:59,1,1
Y,PROPERTY DAMAGE ONLY,\N,N,2021,SUNDAY,SINGLE VEHICLE,N,N,\N,\N,N,OCTOBER,N,BEAVERDELL,BEAVERDELL,\N,N,N,N,SOUTHERN INTERIOR,UNKNOWN,HWY 33,HWY 33,09:00-11:59,1,0
Y,PROPERTY DAMAGE ONLY,\N,N,2021,SUNDAY,SINGLE VEHICLE,N,N,\N,\N,N,OCTOBER,N,CRANBROOK,CRANBROOK,\N,N,N,N,SOUTHERN INTERIOR,UNKNOWN,HWY 3,HWY 3,09:00-11:59,1,0
Y,PROPERTY DAMAGE ONLY,\N,N,2021,SUNDAY,SINGLE VEHICLE,N,N,\N,\N,N,OCTOBER,N,DAWSON CREEK,DAWSON CREEK,\N,N,N,N,NORTH CENTRAL,UNKNOWN,ALASKA HWY,ALASKA HWY,09:00-11:59,1,0
Y,PROPERTY DAMAGE ONLY,\N,N,2021,SUNDAY,SINGLE VEHICLE,N,N,\N,\N,N,OCTOBER,N,GRAND FORKS,GRAND FORKS,\N,N,N,N,SOUTHERN INTERIOR,UNKNOWN,HWY 3,HWY 3,09:00-11:59,1,0
Y,PROPERTY DAMAGE ONLY,\N,N,2021,SUNDAY,SINGLE VEHICLE,N,N,\N,\N,N,OCTOBER,N,GRAY CREEK,GRAY CREEK,\N,N,N,N,SOUTHERN INTERIOR,UNKNOWN,HWY 3A,HWY 3A,09:00-11:59,1,0
Y,PROPERTY DAMAGE ONLY,\N,N,2021,SUNDAY,SINGLE VEHICLE,N,N,\N,\N,N,OCTOBER,N,MAPLE RIDGE,MAPLE RIDGE,\N,N,N,N,LOWER MAINLAND,UNKNOWN,280 ST,280 ST,09:00-11:59,1,0
Y,PROPERTY DAMAGE ONLY,\N,N,2021,SUNDAY,SINGLE VEHICLE,N,N,\N,\N,N,OCTOBER,N,PARKSVILLE,PARKSVILLE,\N,N,N,N,VANCOUVER ISLAND,UNKNOWN,PYM ST S,PYM ST S,09:00-11:59,1,0
Y,PROPERTY DAMAGE ONLY,\N,N,2021,SUNDAY,SINGLE VEHICLE,N,N,\N,\N,N,OCTOBER,N,PORT ALBERNI,PORT ALBERNI,\N,N,N,N,VANCOUVER ISLAND,UNKNOWN,CHERRY CREEK RD,CHERRY CREEK RD,09:00-11:59,1,0
Y,PROPERTY DAMAGE ONLY,\N,N,2021,SUNDAY,SINGLE VEHICLE,N,N,\N,\N,N,OCTOBER,N,PRINCE GEORGE,PRINCE GEORGE,\N,N,N,N,NORTH CENTRAL,UNKNOWN,HWY 16,HWY 16,09:00-11:59,1,0
Y,PROPERTY DAMAGE ONLY,\N,N,2021,SUNDAY,SINGLE VEHICLE,N,N,\N,\N,N,OCTOBER,N,PRINCETON,PRINCETON,\N,N,N,N,SOUTHERN INTERIOR,UNKNOWN,HWY 3,HWY 3,09:00-11:59,1,0
Y,PROPERTY DAMAGE ONLY,\N,N,2021,SUNDAY,SINGLE VEHICLE,N,N,\N,\N,N,OCTOBER,N,WHISTLER,WHISTLER,\N,N,N,N,LOWER MAINLAND,UNKNOWN,HWY 99,HWY 99,09:00-11:59,1,0
Y,PROPERTY DAMAGE ONLY,E 35TH AVE,N,2021,SUNDAY,SINGLE VEHICLE,N,Y,49.239097,-123.103469,N,OCTOBER,N,VANCOUVER,VANCOUVER,VANCOUVER,N,N,N,LOWER MAINLAND,E 35TH AVE & QUEBEC ST & UNNAMED LANE,QUEBEC ST,QUEBEC ST,09:00-11:59,1,0
