ANIMAL_FLAG,CRASH_SEVERITY,CROSS_STREET_FULL_NAME,CYCLIST_FLAG,DATE_OF_LOSS_YEAR,DAY_OF_WEEK,DERIVED_CRASH_CONFIGURATION,HEAVY_VEH_FLAG,INTERSECTION_CRASH,LATITUDE,LONGITUDE,MID_BLOCK_CRASH,MONTH_OF_YEAR,MOTORCYCLE_FLAG,Municipality Name (ifnull),MUNICIPALITY_NAME,MUNICIPALITY_WITH_BOUNDARY,PARKED_VEHICLE_FLAG,PARKING_LOT_FLAG,PEDESTRIAN_FLAG,REGION,ROAD_LOCATION_DESCRIPTION,Street Full Name (ifnull),STREET_FULL_NAME,TIME_CATEGORY,TOTAL_CRASHES,TOTAL_VICTIMS
N,CASUALTY CRASH,\N,N,2021,FRIDAY,CONFLICTED,N,N,49.323504,-123.101301,Y,MARCH,N,NORTH VANCOUVER,NORTH VANCOUVER,NORTH VANCOUVER,N,Y,N,LOWER MAINLAND,MARINE DR # 000971 TO 000999 odd,MARINE DR,MARINE DR,12:00-14:59,1,2
N,CASUALTY CRASH,\N,N,2021,FRIDAY,CONFLICTED,N,N,49.88004,-119.437324,Y,MARCH,N,KELOWNA,KELOWNA,KELOWNA,N,Y,N,SOUTHERN INTERIOR,DILWORTH DR # 001851 TO 001899 odd,DILWORTH DR,DILWORTH DR,12:00-14:59,1,1
N,CASUALTY CRASH,\N,N,2021,FRIDAY,REAR END,N,N,\N,\N,N,MARCH,N,SURREY,SURREY,\N,N,N,N,LOWER MAINLAND,UNKNOWN,TRANS-CANADA HWY,TRANS-CANADA HWY,12:00-14:59,1,3
N,CASUALTY CRASH,\N,N,2021,FRIDAY,REAR END,N,N,\N,\N,N,MARCH,N,VICTORIA,VICTORIA,\N,N,Y,N,VANCOUVER ISLAND,UNKNOWN,SAANICHTON,SAANICHTON,12:00-14:59,1,1
N,CASUALTY CRASH,\N,N,2021,FRIDAY,REAR END,N,N,\N,\N,N,MARCH,N,WEST KELOWNA,WEST KELOWNA,\N,N,N,N,SOUTHERN INTERIOR,UNKNOWN,HWY 97,HWY 97,12:00-14:59,1,3
N,CASUALTY CRASH,\N,N,2021,FRIDAY,REAR END,N,N,49.201361,-122.848888,Y,MARCH,N,SURREY,SURREY,SURREY,N,Y,N,LOWER MAINLAND,KING GEORGE BLVD # 013411 TO 013519 odd,KING GEORGE BLVD,KING GEORGE BLVD,12:00-14:59,1,1
N,CASUALTY CRASH,\N,N,2021,FRIDAY,REAR END,N,N,49.228116,-122.998531,Y,MARCH,N,BURNABY,BURNABY,BURNABY,N,N,N,LOWER MAINLAND,KINGSWAY # 004700 TO 004749,KINGSWAY,KINGSWAY,12:00-14:59,1,1
N,CASUALTY CRASH,\N,N,2021,FRIDAY,REAR END,N,N,49.298727,-123.026431,N,MARCH,N,NORTH VANCOUVER,NORTH VANCOUVER,NORTH VANCOUVER & VANCOUVER,N,N,N,LOWER MAINLAND,IRONWORKERS MEMORIAL BRIDGE,SECOND NARROWS BRIDGE,SECOND NARROWS BRIDGE,12:00-14:59,1,1
N,CASUALTY CRASH,\N,N,2021,FRIDAY,SIDE IMPACT,N,N,\N,\N,N,MARCH,N,BURNABY,BURNABY,\N,N,Y,N,LOWER MAINLAND,UNKNOWN,E HASTINGS STREET,E HASTINGS STREET,12:00-14:59,1,1
N,CASUALTY CRASH,\N,N,2021,FRIDAY,SIDE IMPACT,N,N,49.118767,-122.729274,Y,MARCH,N,SURREY,SURREY,SURREY,N,Y,N,LOWER MAINLAND,64 AVE # 017760 TO 017849,64 AVE,64 AVE,12:00-14:59,1,2
N,CASUALTY CRASH,\N,N,2021,FRIDAY,SIDE SWIPE - SAME DIRECTION,N,N,\N,\N,N,MARCH,N,PARKSVILLE,PARKSVILLE,\N,Y,Y,N,VANCOUVER ISLAND,UNKNOWN,HWY 19A,HWY 19A,12:00-14:59,1,1
N,CASUALTY CRASH,\N,N,2021,FRIDAY,SINGLE VEHICLE,N,N,\N,\N,N,MARCH,N,PRINCE GEORGE,PRINCE GEORGE,\N,N,N,N,NORTH CENTRAL,UNKNOWN,HWY 97,HWY 97,12:00-14:59,1,1
N,CASUALTY CRASH,\N,N,2021,FRIDAY,SINGLE VEHICLE,N,N,\N,\N,N,MARCH,Y,ABBOTSFORD,ABBOTSFORD,\N,N,N,N,LOWER MAINLAND,UNKNOWN,HWY 1,HWY 1,12:00-14:59,1,1
N,CASUALTY CRASH,\N,N,2021,FRIDAY,SINGLE VEHICLE,N,N,49.144512,-122.849296,Y,MARCH,N,SURREY,SURREY,SURREY,N,Y,N,LOWER MAINLAND,78 AVE # 013400 TO 013545,78 AVE,78 AVE,12:00-14:59,1,1
N,CASUALTY CRASH,\N,N,2021,FRIDAY,SINGLE VEHICLE,N,N,49.28325,-123.113116,Y,MARCH,N,VANCOUVER,VANCOUVER,VANCOUVER,N,N,Y,LOWER MAINLAND,RICHARDS ST # 000500 TO 000531,RICHARDS ST,RICHARDS ST,12:00-14:59,1,1
N,CASUALTY CRASH,\N,N,2021,FRIDAY,SINGLE VEHICLE,N,N,49.335041,-123.166709,Y,MARCH,N,WEST VANCOUVER,WEST VANCOUVER,WEST VANCOUVER,N,N,N,LOWER MAINLAND,20TH ST # 001100 TO 001199,20TH ST,20TH ST,12:00-14:59,1,1
N,CASUALTY CRASH,\N,N,2021,FRIDAY,UNDETERMINED,N,N,48.445415,-123.333968,Y,MARCH,N,VICTORIA,VICTORIA,VICTORIA,Y,Y,N,VANCOUVER ISLAND,HILLSIDE AVE # 001634 TO 001699,HILLSIDE AVE,HILLSIDE AVE,12:00-14:59,1,1
N,CASUALTY CRASH,\N,N,2021,FRIDAY,UNDETERMINED,N,N,50.267076,-119.273778,Y,MARCH,N,VERNON,VERNON,VERNON,N,Y,N,SOUTHERN INTERIOR,32 ST # 003400 TO 003499,32 ST,32 ST,12:00-14:59,1,1
N,CASUALTY CRASH,102A AVE,N,2021,FRIDAY,SINGLE VEHICLE,N,Y,49.188742,-122.800921,N,MARCH,N,SURREY,SURREY,SURREY,N,N,Y,LOWER MAINLAND,102A AVE & 152 ST & MALL ACCESS,152 ST,152 ST,12:00-14:59,1,1
N,CASUALTY CRASH,12TH AVE,N,2021,FRIDAY,SIDE IMPACT,N,Y,49.224894,-122.921375,N,MARCH,N,BURNABY,BURNABY,BURNABY,N,N,N,LOWER MAINLAND,12TH AVE & 1ST ST,1ST ST,1ST ST,12:00-14:59,1,2
N,CASUALTY CRASH,140 ST,N,2021,FRIDAY,CONFLICTED,N,Y,49.187741,-122.834187,N,MARCH,N,SURREY,SURREY,SURREY,N,N,N,LOWER MAINLAND,102 AVE & 140 ST,102 AVE,102 AVE,12:00-14:59,1,1
N,CASUALTY CRASH,15TH AVE,N,2021,FRIDAY,REAR END,N,Y,53.910352,-122.781695,N,MARCH,N,PRINCE GEORGE,PRINCE GEORGE,PRINCE GEORGE,N,N,N,NORTH CENTRAL,15TH AVE & CENTRAL ST E & CENTRAL ST W & HWY 97 S & TURNING LANE,HWY 97,HWY 97,12:00-14:59,1,1
N,CASUALTY CRASH,176 ST,N,2021,FRIDAY,REAR END,N,Y,49.031207,-122.735181,N,MARCH,N,SURREY,SURREY,SURREY,N,N,N,LOWER MAINLAND,16 AVE & 176 ST,16 AVE,16 AVE,12:00-14:59,1,1
N,CASUALTY CRASH,176 ST,N,2021,FRIDAY,SINGLE VEHICLE,N,Y,49.181569,-122.734867,N,MARCH,N,SURREY,SURREY,SURREY,N,N,N,LOWER MAINLAND,176 ST & 176 ST OFFRAMP & 176 ST ONRAMP & TRANS-CANADA HWY,HWY 1,HWY 1,12:00-14:59,1,2
N,CASUALTY CRASH,179 ST,N,2021,FRIDAY,REAR END,N,Y,49.186431,-122.725048,N,MARCH,N,SURREY,SURREY,SURREY,N,N,N,LOWER MAINLAND,179 ST & GOLDEN EARS CONN,GOLDEN EARS CONNECTR,GOLDEN EARS CONNECTR,12:00-14:59,1,1
N,CASUALTY CRASH,192 ST,N,2021,FRIDAY,CONFLICTED,N,Y,49.176974,-122.690474,N,MARCH,N,SURREY,SURREY,SURREY,N,N,N,LOWER MAINLAND,192 ST & 96 AVE,96 AVE,96 AVE,12:00-14:59,1,3
N,CASUALTY CRASH,1ST AVE,N,2021,FRIDAY,SIDE IMPACT,N,Y,50.114122,-120.787151,N,MARCH,N,MERRITT,MERRITT,MERRITT,N,N,N,SOUTHERN INTERIOR,FIRST AVE & VOGHT ST,VOGHT ST,VOGHT ST,12:00-14:59,1,2
N,CASUALTY CRASH,202 ST,N,2021,FRIDAY,REAR END,N,Y,49.174258,-122.665357,N,MARCH,N,LANGLEY,LANGLEY,LANGLEY,N,N,N,LOWER MAINLAND,201 ST & 202 ST & TURNING LANE,201 ST,201 ST,12:00-14:59,1,3
N,CASUALTY CRASH,205 ST,N,2021,FRIDAY,SIDE SWIPE - SAME DIRECTION,Y,Y,49.221332,-122.653015,N,MARCH,N,MAPLE RIDGE,MAPLE RIDGE,MAPLE RIDGE,N,N,N,LOWER MAINLAND,205 ST & DEWDNEY TRUNK RD,DEWDNEY TRUNK RD,DEWDNEY TRUNK RD,12:00-14:59,1,1
N,CASUALTY CRASH,25 ST SE,Y,2021,FRIDAY,SINGLE VEHICLE,N,N,\N,\N,N,MARCH,N,SALMON ARM,SALMON ARM,\N,N,N,N,SOUTHERN INTERIOR,UNKNOWN,OKANAGAN AVE,OKANAGAN AVE,12:00-14:59,1,1
N,CASUALTY CRASH,2ND AVE,N,2021,FRIDAY,UNDETERMINED,N,Y,49.26846,-123.023565,N,MARCH,N,BURNABY,BURNABY,BURNABY & VANCOUVER,N,N,N,LOWER MAINLAND,2ND AVE & BOUNDARY RD & E 2ND AVE,BOUNDARY RD,BOUNDARY RD,12:00-14:59,1,1
N,CASUALTY CRASH,56 AVE,N,2021,FRIDAY,REAR END,Y,Y,49.103494,-122.461727,N,MARCH,N,LANGLEY,LANGLEY,LANGLEY,N,N,N,LOWER MAINLAND,275 ST & 56 AVE,275 ST,275 ST,12:00-14:59,1,2
N,CASUALTY CRASH,64 AVE,N,2021,FRIDAY,REAR END,N,Y,49.11897,-122.691352,N,MARCH,N,SURREY,SURREY,SURREY,N,Y,N,LOWER MAINLAND,64 AVE & FRASER HWY & TURNING LANE,FRASER HWY,FRASER HWY,12:00-14:59,1,2
N,CASUALTY CRASH,72 AVE,N,2021,FRIDAY,REAR END,N,Y,49.133554,-122.845583,N,MARCH,N,SURREY,SURREY,SURREY,N,N,N,LOWER MAINLAND,72 AVE & KING GEORGE BLVD & TURNING LANE,KING GEORGE BLVD,KING GEORGE BLVD,12:00-14:59,1,1
N,CASUALTY CRASH,72 AVE,N,2021,FRIDAY,SINGLE VEHICLE,N,N,\N,\N,N,MARCH,N,SURREY,SURREY,\N,N,N,N,LOWER MAINLAND,UNKNOWN,HWY 91,HWY 91,12:00-14:59,1,1
N,CASUALTY CRASH,82 AVE,N,2021,FRIDAY,REAR END,N,Y,49.152259,-122.890381,N,MARCH,N,DELTA,DELTA,DELTA & SURREY,N,Y,N,LOWER MAINLAND,120 ST & 82 AVE,120 ST,120 ST,12:00-14:59,1,1
N,CASUALTY CRASH,84 AVE,N,2021,FRIDAY,SIDE IMPACT,N,Y,49.155982,-122.890393,N,MARCH,N,DELTA,DELTA,DELTA & SURREY,N,N,N,LOWER MAINLAND,120 ST & 84 AVE,SCOTT RD,SCOTT RD,12:00-14:59,1,1
N,CASUALTY CRASH,86 AVE,N,2021,FRIDAY,REAR END,N,Y,49.159187,-122.80146,N,MARCH,N,SURREY,SURREY,SURREY,N,N,N,LOWER MAINLAND,152 ST & 86 AVE,152 ST,152 ST,12:00-14:59,1,1
N,CASUALTY CRASH,88 AVE,N,2021,FRIDAY,REAR END,N,Y,49.164209,-122.668857,N,MARCH,N,LANGLEY,LANGLEY,LANGLEY,N,N,N,LOWER MAINLAND,200 ST & 200 ST OFFRAMP & 88 AVE & 88 AVE ONRAMP & HWY 1 ONRAMP & TRANS-CANADA HWY,200 ST,200 ST,12:00-14:59,1,1
N,CASUALTY CRASH,88 AVE,N,2021,FRIDAY,SIDE IMPACT,N,Y,49.162855,-122.817901,N,MARCH,N,SURREY,SURREY,SURREY,N,N,N,LOWER MAINLAND,146 ST & 88 AVE,146 ST,146 ST,12:00-14:59,1,2
N,CASUALTY CRASH,92 AVE,N,2021,FRIDAY,REAR END,N,Y,49.170451,-122.890265,N,MARCH,N,DELTA,DELTA,DELTA & SURREY,N,N,N,LOWER MAINLAND,120 ST & 92 AVE,120 ST,120 ST,12:00-14:59,1,1
N,CASUALTY CRASH,98 AVE,N,2021,FRIDAY,SIDE IMPACT,N,Y,49.180611,-122.787127,N,MARCH,N,SURREY,SURREY,SURREY,N,N,N,LOWER MAINLAND,157 ST & 98 AVE,157 ST,157 ST,12:00-14:59,1,2
N,CASUALTY CRASH,ALEXIS PARK DR,N,2021,FRIDAY,REAR END,N,Y,50.273439,-119.282562,N,MARCH,N,VERNON,VERNON,VERNON,N,N,N,SOUTHERN INTERIOR,42 AVE & ALEXIS PARK DR,42 AVE,42 AVE,12:00-14:59,1,1
N,CASUALTY CRASH,BANKS RD,N,2021,FRIDAY,REAR END,N,Y,49.886218,-119.425379,N,MARCH,N,KELOWNA,KELOWNA,KELOWNA,N,N,N,SOUTHERN INTERIOR,BANKS RD & HWY 97 N & TURNING LANE,HWY 97,HWY 97,12:00-14:59,1,2
N,CASUALTY CRASH,BEATRICE ST,N,2021,FRIDAY,CONFLICTED,N,Y,49.210264,-123.06779,N,MARCH,N,VANCOUVER,VANCOUVER,VANCOUVER,N,N,N,LOWER MAINLAND,BEATRICE ST & SE MARINE DR,SE MARINE DR,SE MARINE DR,12:00-14:59,1,2
N,CASUALTY CRASH,BLACKFISH RD,N,2021,FRIDAY,SIDE IMPACT,N,Y,48.37675,-123.8519,N,MARCH,N,SHIRLEY,SHIRLEY,SHIRLEY,N,N,N,VANCOUVER ISLAND,BLACKFISH RD & WEST COAST RD,WEST COAST RD,WEST COAST RD,12:00-14:59,1,1
N,CASUALTY CRASH,BLANSHARD ST,N,2021,FRIDAY,REAR END,N,Y,48.435581,-123.362734,N,MARCH,N,VICTORIA,VICTORIA,VICTORIA,N,N,N,VANCOUVER ISLAND,BAY ST & BLANSHARD ST & TURNING LANE,BAY ST,BAY ST,12:00-14:59,1,1
N,CASUALTY CRASH,BRIDGE,N,2021,FRIDAY,REAR END,N,N,\N,\N,N,MARCH,N,RICHMOND,RICHMOND,\N,N,N,N,LOWER MAINLAND,UNKNOWN,GRANT MCCONACHIE WAY,GRANT MCCONACHIE WAY,12:00-14:59,1,1
N,CASUALTY CRASH,BRUNETTE AVE,N,2021,FRIDAY,REAR END,N,Y,49.234521,-122.878438,N,MARCH,N,COQUITLAM,COQUITLAM,COQUITLAM & NEW WESTMINSTER,N,N,N,LOWER MAINLAND,BRUNETTE AVE & BRUNETTE AVE OFFRAMP & BRUNETTE AVE ONRAMP & TRANS-CANADA HWY,HWY 1,HWY 1,12:00-14:59,1,1
N,CASUALTY CRASH,CANADA WAY,N,2021,FRIDAY,REAR END,N,Y,49.254637,-123.004255,N,MARCH,N,BURNABY,BURNABY,BURNABY,N,N,N,LOWER MAINLAND,CANADA WAY & WILLINGDON AVE,WILLINGDON AVE,WILLINGDON AVE,12:00-14:59,1,1
N,CASUALTY CRASH,CAPILANO RD,N,2021,FRIDAY,REAR END,N,Y,49.343933,-123.112187,N,MARCH,N,NORTH VANCOUVER,NORTH VANCOUVER,NORTH VANCOUVER,N,N,N,LOWER MAINLAND,CAPILANO RD & EDGEMONT BLVD,EDGEMONT BLVD,EDGEMONT BLVD,12:00-14:59,1,1
N,CASUALTY CRASH,CARRINGTON RD,N,2021,FRIDAY,SIDE SWIPE - SAME DIRECTION,N,Y,49.839239,-119.608553,N,MARCH,N,WEST KELOWNA,WEST KELOWNA,WEST KELOWNA,N,N,N,SOUTHERN INTERIOR,CARRINGTON RD & ELK RD,ELK RD,ELK RD,12:00-14:59,1,1
N,CASUALTY CRASH,CASSIAR TUNNEL,N,2021,FRIDAY,CONFLICTED,N,Y,49.283845,-123.032038,N,MARCH,N,VANCOUVER,VANCOUVER,VANCOUVER,N,N,N,LOWER MAINLAND,CASSIAR TUNNEL & TRANS-CANADA HWY,HWY 1,HWY 1,12:00-14:59,1,3
N,CASUALTY CRASH,CATES PARK RD,N,2021,FRIDAY,SIDE IMPACT,N,Y,49.304003,-122.957212,N,MARCH,N,NORTH VANCOUVER,NORTH VANCOUVER,NORTH VANCOUVER,N,N,N,LOWER MAINLAND,CATES PARK RD & DOLLARTON HWY & TURNING LANE,DOLLARTON HWY,DOLLARTON HWY,12:00-14:59,1,2
N,CASUALTY CRASH,CENTRAL SAANICH RD,N,2021,FRIDAY,SINGLE VEHICLE,N,Y,48.565136,-123.403538,N,MARCH,Y,CENTRAL SAANICH,CENTRAL SAANICH,CENTRAL SAANICH,N,N,N,VANCOUVER ISLAND,CENTRAL SAANICH RD & KEATING CROSS RD,KEATING CROSS RD,KEATING CROSS RD,12:00-14:59,1,1
N,CASUALTY CRASH,CLARK DR,N,2021,FRIDAY,REAR END,N,Y,49.251084,-123.077901,N,MARCH,N,VANCOUVER,VANCOUVER,VANCOUVER,N,N,N,LOWER MAINLAND,CLARK DR & KINGSWAY,KINGSWAY,KINGSWAY,12:00-14:59,1,1
N,CASUALTY CRASH,COBBLE HILL RD,N,2021,FRIDAY,SIDE IMPACT,N,Y,48.664925,-123.559363,N,MARCH,N,MILL BAY,MILL BAY,MILL BAY,N,N,N,VANCOUVER ISLAND,COBBLE HILL RD & KILMALU RD & TRANS-CANADA HWY & TURNING LANE,HWY 1,HWY 1,12:00-14:59,1,2
N,CASUALTY CRASH,COBBLE HILL RD,N,2021,FRIDAY,UNDETERMINED,N,Y,48.664925,-123.559363,N,MARCH,N,MILL BAY,MILL BAY,MILL BAY,N,N,N,VANCOUVER ISLAND,COBBLE HILL RD & KILMALU RD & TRANS-CANADA HWY & TURNING LANE,TRANS-CANADA HWY,TRANS-CANADA HWY,12:00-14:59,1,3
N,CASUALTY CRASH,COLUMBIA ST W,N,2021,FRIDAY,REAR END,N,Y,50.666998,-120.354175,N,MARCH,N,KAMLOOPS,KAMLOOPS,KAMLOOPS,N,N,N,SOUTHERN INTERIOR,COLUMBIA ST W & SUMMIT DR & TURNING LANE,SUMMIT DR,SUMMIT DR,12:00-14:59,1,1
N,CASUALTY CRASH,COMMERCIAL DR,N,2021,FRIDAY,REAR END,N,Y,49.262326,-123.069794,N,MARCH,N,VANCOUVER,VANCOUVER,VANCOUVER,N,N,N,LOWER MAINLAND,COMMERCIAL DR & E BROADWAY,E BROADWAY,E BROADWAY,12:00-14:59,1,1
N,CASUALTY CRASH,DANJOU ST,N,2021,FRIDAY,REAR END,N,Y,49.886262,-119.473952,N,MARCH,N,KELOWNA,KELOWNA,KELOWNA,N,N,N,SOUTHERN INTERIOR,BERNARD AVE & DANJOU ST,BERNARD AVE,BERNARD AVE,12:00-14:59,1,1
N,CASUALTY CRASH,DEWDNEY TRUNK RD,N,2021,FRIDAY,SIDE IMPACT,N,Y,49.158153,-122.262947,N,MARCH,N,MISSION,MISSION,MISSION,N,N,N,LOWER MAINLAND,CEMETERY AVE & DEWDNEY TRUNK RD & DUNN ST,CEMETERY AVE,CEMETERY AVE,12:00-14:59,1,1
N,CASUALTY CRASH,DUNBAR ST,N,2021,FRIDAY,SIDE IMPACT,N,Y,49.245226,-123.185243,N,MARCH,N,VANCOUVER,VANCOUVER,VANCOUVER,N,N,N,LOWER MAINLAND,DUNBAR ST & W 30TH AVE,W 30TH AVE,W 30TH AVE,12:00-14:59,1,1
N,CASUALTY CRASH,DYKE RD,N,2021,FRIDAY,REAR END,N,Y,49.149744,-122.253783,N,MARCH,N,MISSION,MISSION,MISSION,N,N,N,LOWER MAINLAND,DYKE RD & LOUGHEED HWY,LOUGHEED HWY,LOUGHEED HWY,12:00-14:59,1,1
N,CASUALTY CRASH,E 1ST AVE,N,2021,FRIDAY,REAR END,N,Y,49.269475,-123.044219,N,MARCH,N,VANCOUVER,VANCOUVER,VANCOUVER,N,N,N,LOWER MAINLAND,E 1ST AVE & RENFREW ST,RENFREW ST,RENFREW ST,12:00-14:59,1,3
N,CASUALTY CRASH,E 2ND AVE,Y,2021,FRIDAY,SINGLE VEHICLE,N,Y,49.268669,-123.065784,N,MARCH,N,VANCOUVER,VANCOUVER,VANCOUVER,N,N,N,LOWER MAINLAND,E 2ND AVE & VICTORIA DR,VICTORIA DR,VICTORIA DR,12:00-14:59,1,1
N,CASUALTY CRASH,E 41ST AVE,N,2021,FRIDAY,SINGLE VEHICLE,Y,Y,49.232747,-123.065518,N,MARCH,N,VANCOUVER,VANCOUVER,VANCOUVER,N,N,Y,LOWER MAINLAND,E 41ST AVE & VICTORIA DR,VICTORIA DR,VICTORIA DR,12:00-14:59,1,2
N,CASUALTY CRASH,E 5TH AVE,N,2021,FRIDAY,SIDE IMPACT,N,Y,49.265887,-123.06972,N,MARCH,N,VANCOUVER,VANCOUVER,VANCOUVER,N,N,N,LOWER MAINLAND,COMMERCIAL DR & E 5TH AVE,COMMERCIAL DR,COMMERCIAL DR,12:00-14:59,1,3
N,CASUALTY CRASH,E 8TH AVE,N,2021,FRIDAY,CONFLICTED,N,Y,49.263697,-123.100946,N,MARCH,N,VANCOUVER,VANCOUVER,VANCOUVER,N,N,N,LOWER MAINLAND,E 8TH AVE & MAIN ST,MAIN ST,MAIN ST,12:00-14:59,1,3
N,CASUALTY CRASH,GEORGE ST,N,2021,FRIDAY,REAR END,N,Y,53.918082,-122.741104,N,MARCH,N,PRINCE GEORGE,PRINCE GEORGE,PRINCE GEORGE,N,N,N,NORTH CENTRAL,1ST AVE & GEORGE ST,1ST AVE,1ST AVE,12:00-14:59,1,2
N,CASUALTY CRASH,GLENLYON PKY,N,2021,FRIDAY,REAR END,N,Y,49.205141,-123.01009,N,MARCH,N,BURNABY,BURNABY,BURNABY,N,N,N,LOWER MAINLAND,GLENLYON PKY & MARINE WAY & TURNING LANE,MARINE WAY,MARINE WAY,12:00-14:59,1,1
N,CASUALTY CRASH,GORDON DR,N,2021,FRIDAY,REAR END,N,Y,49.883544,-119.476957,N,MARCH,N,KELOWNA,KELOWNA,KELOWNA,N,N,N,SOUTHERN INTERIOR,GORDON DR & HARVEY AVE & TURNING LANE,HARVEY AVE,HARVEY AVE,12:00-14:59,1,3
N,CASUALTY CRASH,GORE AVE,N,2021,FRIDAY,REAR END,N,Y,49.276744,-123.096883,N,MARCH,N,VANCOUVER,VANCOUVER,VANCOUVER,N,N,N,LOWER MAINLAND,DUNSMUIR VIADUCT & GEORGIA VIADUCT & GORE AVE & PRIOR ST,PRIOR ST,PRIOR ST,12:00-14:59,1,1
N,CASUALTY CRASH,HARDY ST,N,2021,FRIDAY,REAR END,N,Y,49.883235,-119.447561,N,MARCH,N,KELOWNA,KELOWNA,KELOWNA,N,N,N,SOUTHERN INTERIOR,ENTERPRISE WAY & HARDY ST,ENTERPRISE WAY,ENTERPRISE WAY,12:00-14:59,1,1
N,CASUALTY CRASH,HARRIS RD,Y,2021,FRIDAY,SINGLE VEHICLE,N,Y,49.208077,-122.689751,N,MARCH,N,PITT MEADOWS,PITT MEADOWS,PITT MEADOWS,N,N,N,LOWER MAINLAND,AIRPORT WAY & HARRIS RD,AIRPORT WAY,AIRPORT WAY,12:00-14:59,1,1
N,CASUALTY CRASH,HARVEY AVE,N,2021,FRIDAY,CONFLICTED,N,Y,49.883634,-119.493491,N,MARCH,N,KELOWNA,KELOWNA,KELOWNA,N,N,N,SOUTHERN INTERIOR,ELLIS ST & HARVEY AVE & TURNING LANE,ELLIS ST,ELLIS ST,12:00-14:59,1,6
N,CASUALTY CRASH,HAWKS AVE,N,2021,FRIDAY,REAR END,N,Y,49.276543,-123.087354,N,MARCH,N,VANCOUVER,VANCOUVER,VANCOUVER,N,N,N,LOWER MAINLAND,HAWKS AVE & PRIOR ST,PRIOR ST,PRIOR ST,12:00-14:59,1,1
N,CASUALTY CRASH,HEATHER ST,N,2021,FRIDAY,REAR END,N,Y,49.263294,-123.119894,N,MARCH,N,VANCOUVER,VANCOUVER,VANCOUVER,N,N,N,LOWER MAINLAND,HEATHER ST & W BROADWAY,W BROADWAY,W BROADWAY,12:00-14:59,1,1
N,CASUALTY CRASH,HEMLOCK ST,N,2021,FRIDAY,SINGLE VEHICLE,Y,Y,49.26356,-123.136088,N,MARCH,N,VANCOUVER,VANCOUVER,VANCOUVER,N,N,Y,LOWER MAINLAND,HEMLOCK ST & W BROADWAY,W BROADWAY,W BROADWAY,12:00-14:59,1,1
N,CASUALTY CRASH,HOYLAKE AVE,N,2021,FRIDAY,REAR END,N,Y,48.465976,-123.501195,N,MARCH,N,LANGFORD,LANGFORD,LANGFORD,N,N,N,VANCOUVER ISLAND,HOYLAKE AVE & MILLSTREAM RD,MILLSTREAM RD,MILLSTREAM RD,12:00-14:59,1,4
N,CASUALTY CRASH,HWY 1,N,2021,FRIDAY,REAR END,N,Y,49.144793,-121.962073,N,MARCH,N,CHILLIWACK,CHILLIWACK,CHILLIWACK,N,N,N,LOWER MAINLAND,TRANS-CANADA HWY & VEDDER RD & VEDDER RD OFFRAMP & VEDDER RD ONRAMP,VEDDER RD,VEDDER RD,12:00-14:59,1,2
N,CASUALTY CRASH,HWY 1,Y,2021,FRIDAY,SINGLE VEHICLE,N,Y,49.034944,-122.2928,N,MARCH,N,ABBOTSFORD,ABBOTSFORD,ABBOTSFORD,N,N,Y,LOWER MAINLAND,HAWTHORNE AVE & KING RD & KING RD CONN & KING RD ONRAMP & MCCALLUM RD & MCCALLUM RD OFFRAMP & MCCALLUM RD ONRAMP & TRANS-CANADA HWY,MCCALLUM RD,MCCALLUM RD,12:00-14:59,1,1
N,CASUALTY CRASH,HWY 16,N,2021,FRIDAY,UNDETERMINED,N,Y,54.515687,-128.59631100000001,N,MARCH,N,TERRACE,TERRACE,TERRACE,N,N,N,NORTH CENTRAL,GREIG AVE & HWY 16 & HWY 16 W & TURNING LANE,GREIG AVE,GREIG AVE,12:00-14:59,1,2
N,CASUALTY CRASH,INDUSTRIAL NO 2 RD,N,2021,FRIDAY,UNDETERMINED,N,Y,49.533461,-115.765104,N,MARCH,N,CRANBROOK,CRANBROOK,CRANBROOK,N,N,N,SOUTHERN INTERIOR,INDUSTRIAL NO 2 RD & INDUSTRIAL RD G,INDUSTRIAL RD G,INDUSTRIAL RD G,12:00-14:59,1,1
N,CASUALTY CRASH,INLET AVE,N,2021,FRIDAY,SIDE IMPACT,N,Y,49.472383,-123.756335,N,MARCH,N,SECHELT,SECHELT,SECHELT,N,N,N,LOWER MAINLAND,COWRIE ST & INLET AVE,COWRIE ST,COWRIE ST,12:00-14:59,1,1
N,CASUALTY CRASH,ISLAND HWY,N,2021,FRIDAY,CONFLICTED,N,Y,50.033094,-125.248679,N,MARCH,N,CAMPBELL RIVER,CAMPBELL RIVER,CAMPBELL RIVER,N,N,N,VANCOUVER ISLAND,DOGWOOD ST & ISLAND HWY & TURNING LANE,DOGWOOD ST,DOGWOOD ST,12:00-14:59,1,2
N,CASUALTY CRASH,JAMES WHITE BLVD,Y,2021,FRIDAY,REAR END,N,Y,48.650225,-123.402317,N,MARCH,N,SIDNEY,SIDNEY,SIDNEY,N,N,N,VANCOUVER ISLAND,JAMES WHITE BLVD & RESTHAVEN DR,RESTHAVEN DR,RESTHAVEN DR,12:00-14:59,1,1
N,CASUALTY CRASH,JOYCE AVE,N,2021,FRIDAY,REAR END,Y,Y,49.831549,-124.520578,N,MARCH,N,POWELL RIVER,POWELL RIVER,POWELL RIVER,N,N,N,VANCOUVER ISLAND,GLACIER ST & JOYCE AVE,GLACIER ST,GLACIER ST,12:00-14:59,1,1
N,CASUALTY CRASH,JUBILEE AVE,N,2021,FRIDAY,REAR END,N,Y,49.221947,-122.995826,N,MARCH,N,BURNABY,BURNABY,BURNABY,N,N,N,LOWER MAINLAND,IMPERIAL ST & JUBILEE AVE,IMPERIAL ST,IMPERIAL ST,12:00-14:59,1,1
N,CASUALTY CRASH,KILPATRICK AVE,N,2021,FRIDAY,REAR END,N,Y,49.671373,-124.982582,N,MARCH,N,COURTENAY,COURTENAY,COURTENAY,N,N,N,VANCOUVER ISLAND,29TH ST & KILPATRICK AVE,29TH ST,29TH ST,12:00-14:59,1,1
N,CASUALTY CRASH,KING GEORGE BLVD,N,2021,FRIDAY,SINGLE VEHICLE,Y,Y,49.074258,-122.822829,N,MARCH,N,SURREY,SURREY,SURREY,N,N,N,LOWER MAINLAND,HWY 99 & KING GEORGE BLVD & KING GEORGE BLVD OFFRAMP & KING GEORGE BLVD ONRAMP & SOUTH SURREY PARK AND RIDE & TURNING LANE,HWY 99,HWY 99,12:00-14:59,1,1
N,CASUALTY CRASH,KINGSWAY,N,2021,FRIDAY,SINGLE VEHICLE,N,Y,49.235939,-123.042334,N,MARCH,N,VANCOUVER,VANCOUVER,VANCOUVER,N,N,N,LOWER MAINLAND,KINGSWAY & RUPERT ST,RUPERT ST,RUPERT ST,12:00-14:59,1,2
N,CASUALTY CRASH,KNIGHT ST,N,2021,FRIDAY,REAR END,N,Y,49.240211,-123.076367,N,MARCH,N,VANCOUVER,VANCOUVER,VANCOUVER,N,N,N,LOWER MAINLAND,E 33RD AVE & KNIGHT ST,E 33RD AVE,E 33RD AVE,12:00-14:59,1,1
N,CASUALTY CRASH,MACDONALD AVE,N,2021,FRIDAY,REAR END,N,Y,49.281055,-123.016278,N,MARCH,N,BURNABY,BURNABY,BURNABY,N,N,N,LOWER MAINLAND,HASTINGS ST & MACDONALD AVE,HASTINGS ST,HASTINGS ST,12:00-14:59,1,1
N,CASUALTY CRASH,MAIN ST,N,2021,FRIDAY,REAR END,N,N,\N,\N,N,MARCH,N,VANCOUVER,VANCOUVER,\N,N,N,N,LOWER MAINLAND,UNKNOWN,HWY 1,HWY 1,12:00-14:59,1,1
N,CASUALTY CRASH,MANITOBA ST,N,2021,FRIDAY,CONFLICTED,N,Y,49.2647,-123.106786,N,MARCH,N,VANCOUVER,VANCOUVER,VANCOUVER,N,N,N,LOWER MAINLAND,MANITOBA ST & W 7TH AVE,W 7TH AVE,W 7TH AVE,12:00-14:59,1,2
N,CASUALTY CRASH,MARLBOROUGH AVE,N,2021,FRIDAY,CONFLICTED,N,Y,49.225847,-122.991551,N,MARCH,N,BURNABY,BURNABY,BURNABY,N,N,N,LOWER MAINLAND,KINGSWAY & MARLBOROUGH AVE,KINGSWAY,KINGSWAY,12:00-14:59,1,2
N,CASUALTY CRASH,MARSHALL RD,N,2021,FRIDAY,REAR END,N,Y,49.038185,-122.268965,N,MARCH,N,ABBOTSFORD,ABBOTSFORD,ABBOTSFORD,N,N,N,LOWER MAINLAND,MARSHALL RD & SUMAS WAY & TURNING LANE,SUMAS WAY,SUMAS WAY,12:00-14:59,1,1
N,CASUALTY CRASH,MARSHALL RD,N,2021,FRIDAY,UNDETERMINED,N,Y,49.037752,-122.3377,N,MARCH,N,ABBOTSFORD,ABBOTSFORD,ABBOTSFORD,N,N,N,LOWER MAINLAND,CLEARBROOK RD & CLEARBROOK RD OFFRAMP & CLEARBROOK RD ONRAMP & MARSHALL RD & MARSHALL RD OFFRAMP & MARSHALL RD ONRAMP & TRANS-CANADA HWY & TURNING LANE,CLEARBROOK RD,CLEARBROOK RD,12:00-14:59,1,2
N,CASUALTY CRASH,MONTEREY AVE,N,2021,FRIDAY,SINGLE VEHICLE,N,Y,48.426471,-123.314105,N,MARCH,N,OAK BAY,OAK BAY,OAK BAY,N,N,Y,VANCOUVER ISLAND,MONTEREY AVE & OAK BAY AVE,OAK BAY AVE,OAK BAY AVE,12:00-14:59,1,1
N,CASUALTY CRASH,MOUNTAIN HWY,N,2021,FRIDAY,CONFLICTED,N,Y,49.305167,-123.032063,N,MARCH,N,NORTH VANCOUVER,NORTH VANCOUVER,NORTH VANCOUVER,N,N,N,LOWER MAINLAND,MAIN ST & MOUNTAIN HWY,MAIN ST,MAIN ST,12:00-14:59,1,3
N,CASUALTY CRASH,MT LEHMAN RD,N,2021,FRIDAY,SIDE SWIPE - SAME DIRECTION,N,Y,49.057775,-122.381509,N,MARCH,N,ABBOTSFORD,ABBOTSFORD,ABBOTSFORD,N,N,N,LOWER MAINLAND,FRASER HWY OFFRAMP & HIGHSTREET ACCESS RD & MT LEHMAN RD & MT LEHMAN RD OFFRAMP & TRANS-CANADA HWY & TRANS-CANADA HWY ONRAMP,HWY 1,HWY 1,12:00-14:59,1,1
N,CASUALTY CRASH,NELSON ST,N,2021,FRIDAY,REAR END,N,Y,49.281194,-123.126037,N,MARCH,N,VANCOUVER,VANCOUVER,VANCOUVER,N,N,N,LOWER MAINLAND,BURRARD ST & NELSON ST,BURRARD ST,BURRARD ST,12:00-14:59,1,1
N,CASUALTY CRASH,NO 3 RD,N,2021,FRIDAY,REAR END,N,Y,49.190991,-123.130485,N,MARCH,N,RICHMOND,RICHMOND,RICHMOND,N,N,N,LOWER MAINLAND,NO 3 RD & SEA ISLAND WAY & TURNING LANE,SEA ISLAND WAY,SEA ISLAND WAY,12:00-14:59,1,1
N,CASUALTY CRASH,OLD ISLAND HWY,Y,2021,FRIDAY,SINGLE VEHICLE,N,N,\N,\N,N,MARCH,N,SOOKE,SOOKE,\N,N,N,N,VANCOUVER ISLAND,UNKNOWN,OCEAN PARK PL,OCEAN PARK PL,12:00-14:59,1,1
N,CASUALTY CRASH,PATTULLO BRIDGE,N,2021,FRIDAY,REAR END,N,Y,49.205712,-122.885244,N,MARCH,N,SURREY,SURREY,SURREY,N,N,N,LOWER MAINLAND,BRIDGE RD & KING GEORGE BLVD & PATTULLO BRIDGE,HWY 1A,HWY 1A,12:00-14:59,1,2
N,CASUALTY CRASH,PITT RIVER RD,N,2021,FRIDAY,REAR END,N,Y,49.234608,-122.769488,N,MARCH,N,PORT COQUITLAM,PORT COQUITLAM,PORT COQUITLAM,N,N,N,LOWER MAINLAND,MARY HILL BYPASS & PITT RIVER RD & TURNING LANE,MARY HILL BYPASS,MARY HILL BYPASS,12:00-14:59,1,1
N,CASUALTY CRASH,PRAIRIE AVE,N,2021,FRIDAY,SINGLE VEHICLE,N,Y,49.271193,-122.756124,N,MARCH,N,PORT COQUITLAM,PORT COQUITLAM,PORT COQUITLAM,N,Y,Y,LOWER MAINLAND,COAST MERIDIAN RD & PRAIRIE AVE,COAST MERIDIAN RD,COAST MERIDIAN RD,12:00-14:59,1,1
N,CASUALTY CRASH,PRINCE ROBERT DR,N,2021,FRIDAY,REAR END,N,Y,48.459517,-123.445881,N,MARCH,N,VIEW ROYAL,VIEW ROYAL,VIEW ROYAL,N,N,N,VANCOUVER ISLAND,ISLAND HWY & PRINCE ROBERT DR & ACCESS ROAD,ISLAND HWY,ISLAND HWY,12:00-14:59,1,1
N,CASUALTY CRASH,RICHMOND RD,N,2021,FRIDAY,REAR END,N,Y,48.429683,-123.330061,N,MARCH,N,VICTORIA,VICTORIA,VICTORIA,N,N,N,VANCOUVER ISLAND,BIRCH ST & FORT ST & RICHMOND AVE & RICHMOND RD,FORT ST,FORT ST,12:00-14:59,1,1
N,CASUALTY CRASH,RIVER RD,N,2021,FRIDAY,SIDE IMPACT,N,Y,49.259658,-124.817073,N,MARCH,N,PORT ALBERNI,PORT ALBERNI,PORT ALBERNI,N,N,N,VANCOUVER ISLAND,BEAVER CREEK RD & RIVER RD & PARKING LOT,BEAVER CREEK RD,BEAVER CREEK RD,12:00-14:59,1,1
N,CASUALTY CRASH,SE MARINE DR,N,2021,FRIDAY,REAR END,N,Y,49.208097,-123.042257,N,MARCH,N,VANCOUVER,VANCOUVER,VANCOUVER,N,N,N,LOWER MAINLAND,KERR ST & SE MARINE DR,KERR ST,KERR ST,12:00-14:59,1,1
N,CASUALTY CRASH,SEVENTH AVE,N,2021,FRIDAY,REAR END,N,Y,49.201543,-122.946722,N,MARCH,N,NEW WESTMINSTER,NEW WESTMINSTER,NEW WESTMINSTER,N,N,N,LOWER MAINLAND,SEVENTH AVE & TWENTIETH ST,TWENTIETH ST,TWENTIETH ST,12:00-14:59,1,1
N,CASUALTY CRASH,SHELL RD,N,2021,FRIDAY,SIDE IMPACT,N,Y,49.177122,-123.102929,N,MARCH,N,RICHMOND,RICHMOND,RICHMOND,N,N,N,LOWER MAINLAND,ALDERBRIDGE WAY & HWY 91 & SHELL RD & TURNING LANE,ALDERBRIDGE WAY,ALDERBRIDGE WAY,12:00-14:59,1,2
N,CASUALTY CRASH,SUGARLOAF RD,N,2021,FRIDAY,SINGLE VEHICLE,N,N,\N,\N,N,MARCH,N,VERNON,VERNON,\N,N,N,N,SOUTHERN INTERIOR,UNKNOWN,WESTSIDE RD,WESTSIDE RD,12:00-14:59,1,1
N,CASUALTY CRASH,TRANS-CANADA HWY,N,2021,FRIDAY,REAR END,N,Y,48.454898,-123.519289,N,MARCH,N,LANGFORD,LANGFORD,LANGFORD,N,N,N,VANCOUVER ISLAND,LEIGH RD & LEIGH RD OFFRAMP & LEIGH RD ONRAMP & TRANS-CANADA HWY,LEIGH RD,LEIGH RD,12:00-14:59,1,1
N,CASUALTY CRASH,VEDDER RD,N,2021,FRIDAY,REAR END,N,Y,49.140842,-121.959972,N,MARCH,N,CHILLIWACK,CHILLIWACK,CHILLIWACK,N,N,N,LOWER MAINLAND,LUCKAKUCK WAY & VEDDER RD & TURNING LANE,LUCKAKUCK WAY,LUCKAKUCK WAY,12:00-14:59,1,1
N,CASUALTY CRASH,VICTORIA AVE N,N,2021,FRIDAY,REAR END,N,Y,49.524379,-115.753839,N,MARCH,N,CRANBROOK,CRANBROOK,CRANBROOK,N,N,N,SOUTHERN INTERIOR,CRANBROOK ST N & THEATRE RD & VICTORIA AVE N & MALL ACCESS & TURNING LANE,HWY 95,HWY 95,12:00-14:59,1,1
N,CASUALTY CRASH,W 37TH AVE,N,2021,FRIDAY,REAR END,N,Y,49.237264,-123.116045,N,MARCH,N,VANCOUVER,VANCOUVER,VANCOUVER,N,N,N,LOWER MAINLAND,CAMBIE ST & W 37TH AVE,CAMBIE ST,CAMBIE ST,12:00-14:59,1,1
N,CASUALTY CRASH,W 3RD ST,N,2021,FRIDAY,SINGLE VEHICLE,N,Y,49.319986,-123.0914,N,MARCH,N,NORTH VANCOUVER,NORTH VANCOUVER,NORTH VANCOUVER,N,N,Y,LOWER MAINLAND,BEWICKE AVE & MARINE DR & W 2ND LANE & W 3RD ST & W KEITH RD,BEWICKE AVE,BEWICKE AVE,12:00-14:59,1,1
N,CASUALTY CRASH,WEBB AVE,N,2021,FRIDAY,UNDETERMINED,N,Y,49.13461,-121.959772,N,MARCH,Y,CHILLIWACK,CHILLIWACK,CHILLIWACK,N,N,N,LOWER MAINLAND,VEDDER RD & WEBB AVE & ACCESS ROAD,VEDDER RD,VEDDER RD,12:00-14:59,1,2
N,CASUALTY CRASH,WESTVIEW DR,N,2021,FRIDAY,UNDETERMINED,N,Y,49.120356,-122.923048,N,MARCH,N,DELTA,DELTA,DELTA,N,N,N,LOWER MAINLAND,64A AVE & WESTVIEW DR,64A AVE,64A AVE,12:00-14:59,1,2
N,CASUALTY CRASH,WILFERT RD,N,2021,FRIDAY,UNDETERMINED,N,Y,48.445166,-123.470412,N,MARCH,N,COLWOOD,COLWOOD,COLWOOD,N,N,N,VANCOUVER ISLAND,GALLOPING GOOSE TRAIL & WALE RD & WILFERT RD,WALE RD,WALE RD,12:00-14:59,1,1
N,CASUALTY CRASH,YALE RD,N,2021,FRIDAY,REAR END,N,Y,49.163129,-121.958994,N,MARCH,N,CHILLIWACK,CHILLIWACK,CHILLIWACK,N,N,N,LOWER MAINLAND,BERNARD AVE & RAILWAY AVE & YALE RD,RAILWAY AVE,RAILWAY AVE,12:00-14:59,1,1
N,CASUALTY CRASH,YUKON ST,N,2021,FRIDAY,REAR END,N,Y,49.210898,-123.115222,N,MARCH,N,VANCOUVER,VANCOUVER,VANCOUVER,N,N,N,LOWER MAINLAND,SW MARINE DR & YUKON ST,SW MARINE DR,SW MARINE DR,12:00-14:59,1,1
N,PROPERTY DAMAGE ONLY,\N,N,2021,FRIDAY,CONFLICTED,N,N,\N,\N,N,MARCH,N,DELTA,DELTA,\N,N,N,N,LOWER MAINLAND,UNKNOWN,FERRY CAUSEWAY,FERRY CAUSEWAY,12:00-14:59,1,0
N,PROPERTY DAMAGE ONLY,\N,N,2021,FRIDAY,CONFLICTED,N,N,\N,\N,N,MARCH,N,KELOWNA,KELOWNA,\N,N,Y,N,SOUTHERN INTERIOR,UNKNOWN,HWY 97,HWY 97,12:00-14:59,1,0
N,PROPERTY DAMAGE ONLY,\N,N,2021,FRIDAY,CONFLICTED,N,N,\N,\N,N,MARCH,N,PORT COQUITLAM,PORT COQUITLAM,\N,N,Y,N,LOWER MAINLAND,UNKNOWN,OXFORD ST,OXFORD ST,12:00-14:59,1,0
N,PROPERTY DAMAGE ONLY,\N,N,2021,FRIDAY,CONFLICTED,N,N,49.047264,-122.779262,Y,MARCH,N,SURREY,SURREY,SURREY,N,Y,N,LOWER MAINLAND,160 ST # 002441 TO 002549 odd,160 ST,160 ST,12:00-14:59,1,0
N,PROPERTY DAMAGE ONLY,\N,N,2021,FRIDAY,CONFLICTED,N,N,49.058324,-122.793333,Y,MARCH,N,SURREY,SURREY,SURREY,N,Y,N,LOWER MAINLAND,31 AVE # 015412 TO 015444,31 AVE,31 AVE,12:00-14:59,1,0
N,PROPERTY DAMAGE ONLY,\N,N,2021,FRIDAY,CONFLICTED,N,N,49.167197,-122.801279,Y,MARCH,N,SURREY,SURREY,SURREY,Y,Y,N,LOWER MAINLAND,152 ST # 009000 TO 009098 even,152 ST,152 ST,12:00-14:59,1,0
N,PROPERTY DAMAGE ONLY,\N,N,2021,FRIDAY,CONFLICTED,N,N,49.218389,-122.919526,Y,MARCH,N,NEW WESTMINSTER,NEW WESTMINSTER,NEW WESTMINSTER,N,N,N,LOWER MAINLAND,EIGHTH AVE # 000200 TO 000399,EIGHTH AVE,EIGHTH AVE,12:00-14:59,1,0
N,PROPERTY DAMAGE ONLY,\N,N,2021,FRIDAY,CONFLICTED,N,N,49.222333,-122.596767,Y,MARCH,N,MAPLE RIDGE,MAPLE RIDGE,MAPLE RIDGE,Y,Y,N,LOWER MAINLAND,121 AVE # 022550 TO 022599,121 AVE,121 AVE,12:00-14:59,1,0
N,PROPERTY DAMAGE ONLY,\N,N,2021,FRIDAY,CONFLICTED,N,N,49.229897,-123.003852,Y,MARCH,N,BURNABY,BURNABY,BURNABY,Y,Y,N,LOWER MAINLAND,KINGSWAY # 004500 TO 004555,KINGSWAY,KINGSWAY,12:00-14:59,1,0
N,PROPERTY DAMAGE ONLY,\N,N,2021,FRIDAY,CONFLICTED,N,N,49.261008,-123.151571,Y,MARCH,N,VANCOUVER,VANCOUVER,VANCOUVER,Y,Y,N,LOWER MAINLAND,W 12TH AVE # 002000 TO 002075,W 12TH AVE,W 12TH AVE,12:00-14:59,1,0
N,PROPERTY DAMAGE ONLY,\N,N,2021,FRIDAY,CONFLICTED,N,N,49.788283,-125.053125,Y,MARCH,N,MERVILLE,MERVILLE,MERVILLE,Y,Y,N,VANCOUVER ISLAND,SACKVILLE RD # 002400 TO 002609,SACKVILLE RD,SACKVILLE RD,12:00-14:59,1,0
N,PROPERTY DAMAGE ONLY,\N,N,2021,FRIDAY,CONFLICTED,N,N,50.678731,-121.945965,Y,MARCH,N,LILLOOET,LILLOOET,LILLOOET,Y,Y,N,SOUTHERN INTERIOR,RETASKET ST # 000058 TO 000099,RETASKET ST,RETASKET ST,12:00-14:59,1,0
N,PROPERTY DAMAGE ONLY,\N,N,2021,FRIDAY,CONFLICTED,N,N,53.988864,-122.789983,Y,MARCH,N,PRINCE GEORGE,PRINCE GEORGE,PRINCE GEORGE,Y,Y,N,NORTH CENTRAL,AUSTIN RD W # 003800 TO 003839,AUSTIN RD W,AUSTIN RD W,12:00-14:59,1,0
N,PROPERTY DAMAGE ONLY,\N,N,2021,FRIDAY,CONFLICTED,Y,N,\N,\N,N,MARCH,N,VANCOUVER,VANCOUVER,\N,N,N,N,LOWER MAINLAND,UNKNOWN,SE MARINE DR,SE MARINE DR,12:00-14:59,1,0
N,PROPERTY DAMAGE ONLY,\N,N,2021,FRIDAY,HEAD ON,N,N,\N,\N,N,MARCH,N,DELTA,DELTA,\N,Y,Y,N,LOWER MAINLAND,UNKNOWN,CANOE PASS WAY,CANOE PASS WAY,12:00-14:59,1,0
N,PROPERTY DAMAGE ONLY,\N,N,2021,FRIDAY,HEAD ON,N,N,\N,\N,N,MARCH,N,NANAIMO,NANAIMO,\N,Y,N,N,VANCOUVER ISLAND,UNKNOWN,HAMMOND BAY RD,HAMMOND BAY RD,12:00-14:59,1,0
N,PROPERTY DAMAGE ONLY,\N,N,2021,FRIDAY,HEAD ON,N,N,49.108665,-121.959034,Y,MARCH,N,CHILLIWACK,CHILLIWACK,CHILLIWACK,Y,Y,N,LOWER MAINLAND,VEDDER RD # 005812 TO 005865,VEDDER RD,VEDDER RD,12:00-14:59,1,0
N,PROPERTY DAMAGE ONLY,\N,N,2021,FRIDAY,HEAD ON,N,N,49.305865,-123.030904,Y,MARCH,N,NORTH VANCOUVER,NORTH VANCOUVER,NORTH VANCOUVER,Y,Y,N,LOWER MAINLAND,OXFORD ST # 001500 TO 001589,OXFORD ST,OXFORD ST,12:00-14:59,1,0
N,PROPERTY DAMAGE ONLY,\N,N,2021,FRIDAY,HEAD ON,N,N,49.327718,-123.163278,Y,MARCH,N,WEST VANCOUVER,WEST VANCOUVER,WEST VANCOUVER,Y,N,N,LOWER MAINLAND,BELLEVUE AVE # 001800 TO 001899,BELLEVUE AVE,BELLEVUE AVE,12:00-14:59,1,0
N,PROPERTY DAMAGE ONLY,\N,N,2021,FRIDAY,MULTIPLE IMPACTS,N,N,\N,\N,N,MARCH,N,SURREY,SURREY,\N,N,Y,N,LOWER MAINLAND,UNKNOWN,128 ST,128 ST,12:00-14:59,1,0
N,PROPERTY DAMAGE ONLY,\N,N,2021,FRIDAY,REAR END,N,N,\N,\N,N,MARCH,N,LANGFORD,LANGFORD,\N,N,Y,N,VANCOUVER ISLAND,UNKNOWN,VAN ISLE WAY,VAN ISLE WAY,12:00-14:59,1,0
N,PROPERTY DAMAGE ONLY,\N,N,2021,FRIDAY,REAR END,N,N,\N,\N,N,MARCH,N,PARKSVILLE,PARKSVILLE,\N,N,N,N,VANCOUVER ISLAND,UNKNOWN,OLD ISLAND HWY,OLD ISLAND HWY,12:00-14:59,1,0
N,PROPERTY DAMAGE ONLY,\N,N,2021,FRIDAY,REAR END,N,N,\N,\N,N,MARCH,N,PORT COQUITLAM,PORT COQUITLAM,\N,N,N,N,LOWER MAINLAND,UNKNOWN,COAST MERIDIAN RD,COAST MERIDIAN RD,12:00-14:59,1,0
N,PROPERTY DAMAGE ONLY,\N,N,2021,FRIDAY,REAR END,N,N,\N,\N,N,MARCH,N,PORT MCNEILL,PORT MCNEILL,\N,Y,N,N,VANCOUVER ISLAND,UNKNOWN,UNKNOWN,UNKNOWN,12:00-14:59,1,0
N,PROPERTY DAMAGE ONLY,\N,N,2021,FRIDAY,REAR END,N,N,\N,\N,N,MARCH,N,VANCOUVER,VANCOUVER,\N,N,N,N,LOWER MAINLAND,UNKNOWN,MANITOBA ST,MANITOBA ST,12:00-14:59,1,0
N,PROPERTY DAMAGE ONLY,\N,N,2021,FRIDAY,REAR END,N,N,48.428962,-123.339075,Y,MARCH,N,VICTORIA,VICTORIA,VICTORIA,Y,N,N,VANCOUVER ISLAND,BELMONT AVE # 001800 TO 001899,BELMONT AVE,BELMONT AVE,12:00-14:59,1,0
N,PROPERTY DAMAGE ONLY,\N,N,2021,FRIDAY,REAR END,N,N,49.10383,-122.490551,Y,MARCH,N,LANGLEY,LANGLEY,LANGLEY,N,Y,N,LOWER MAINLAND,56 AVE # 026452 TO 026479,56 AVE,56 AVE,12:00-14:59,1,0
N,PROPERTY DAMAGE ONLY,\N,N,2021,FRIDAY,REAR END,N,N,49.104485,-121.997244,Y,MARCH,N,CHILLIWACK,CHILLIWACK,CHILLIWACK,N,Y,N,LOWER MAINLAND,UNSWORTH RD # 005600 TO 005689,UNSWORTH RD,UNSWORTH RD,12:00-14:59,1,0
N,PROPERTY DAMAGE ONLY,\N,N,2021,FRIDAY,REAR END,N,N,49.122602,-122.661894,Y,MARCH,N,LANGLEY,LANGLEY,LANGLEY,Y,Y,N,LOWER MAINLAND,66 AVE # 020170 TO 020299,66 AVE,66 AVE,12:00-14:59,1,0
N,PROPERTY DAMAGE ONLY,\N,N,2021,FRIDAY,REAR END,N,N,49.144147,-122.820613,Y,MARCH,N,SURREY,SURREY,SURREY,Y,N,N,LOWER MAINLAND,78 AVE # 014460 TO 014541,78 AVE,78 AVE,12:00-14:59,1,0
N,PROPERTY DAMAGE ONLY,\N,N,2021,FRIDAY,REAR END,N,N,49.158721,-123.955324,Y,MARCH,N,NANAIMO,NANAIMO,NANAIMO,Y,N,N,VANCOUVER ISLAND,HOWARD AVE # 000400 TO 000411,HOWARD AVE,HOWARD AVE,12:00-14:59,1,0
N,PROPERTY DAMAGE ONLY,\N,N,2021,FRIDAY,REAR END,N,N,49.165031,-122.665651,Y,MARCH,N,LANGLEY,LANGLEY,LANGLEY,Y,Y,N,LOWER MAINLAND,88 AVE # 020101 TO 020159 odd,88 AVE,88 AVE,12:00-14:59,1,0
N,PROPERTY DAMAGE ONLY,\N,N,2021,FRIDAY,REAR END,N,N,49.171343,-121.951418,Y,MARCH,N,CHILLIWACK,CHILLIWACK,CHILLIWACK,N,N,N,LOWER MAINLAND,YALE RD # 046132 TO 046172,YALE RD,YALE RD,12:00-14:59,1,0
N,PROPERTY DAMAGE ONLY,\N,N,2021,FRIDAY,REAR END,N,N,49.209524,-123.140498,Y,MARCH,N,VANCOUVER,VANCOUVER,VANCOUVER,Y,Y,N,LOWER MAINLAND,GRANVILLE ST # 008400 TO 008599,GRANVILLE ST,GRANVILLE ST,12:00-14:59,1,0
N,PROPERTY DAMAGE ONLY,\N,N,2021,FRIDAY,REAR END,N,N,49.224296,-122.986742,Y,MARCH,N,BURNABY,BURNABY,BURNABY,N,Y,N,LOWER MAINLAND,KINGSWAY # 005200 TO 005526,KINGSWAY,KINGSWAY,12:00-14:59,1,0
N,PROPERTY DAMAGE ONLY,\N,N,2021,FRIDAY,REAR END,N,N,49.229349,-123.162959,Y,MARCH,N,VANCOUVER,VANCOUVER,VANCOUVER,Y,N,N,LOWER MAINLAND,LARCH ST # 006252 TO 006299,LARCH ST,LARCH ST,12:00-14:59,1,0
N,PROPERTY DAMAGE ONLY,\N,N,2021,FRIDAY,REAR END,N,N,49.237059,-124.048518,Y,MARCH,N,NANAIMO,NANAIMO,NANAIMO,Y,Y,N,VANCOUVER ISLAND,MALL ACCESS # 006631 TO 006631 odd,ISLAND HWY N,ISLAND HWY N,12:00-14:59,1,0
N,PROPERTY DAMAGE ONLY,\N,N,2021,FRIDAY,REAR END,N,N,49.250162,-122.75979,Y,MARCH,N,PORT COQUITLAM,PORT COQUITLAM,PORT COQUITLAM,Y,Y,N,LOWER MAINLAND,LANGAN AVE # 001600 TO 001699,LANGAN AVE,LANGAN AVE,12:00-14:59,1,0
N,PROPERTY DAMAGE ONLY,\N,N,2021,FRIDAY,REAR END,N,N,49.257278,-122.746598,Y,MARCH,N,PORT COQUITLAM,PORT COQUITLAM,PORT COQUITLAM,N,Y,N,LOWER MAINLAND,OTTAWA ST # 002350 TO 002389,OTTAWA ST,OTTAWA ST,12:00-14:59,1,0
N,PROPERTY DAMAGE ONLY,\N,N,2021,FRIDAY,REAR END,N,N,49.258172,-123.042894,Y,MARCH,N,VANCOUVER,VANCOUVER,VANCOUVER,Y,Y,N,LOWER MAINLAND,GRANDVIEW HWY # 002900 TO 002999,GRANDVIEW HWY,GRANDVIEW HWY,12:00-14:59,1,0
N,PROPERTY DAMAGE ONLY,\N,N,2021,FRIDAY,REAR END,N,N,49.263162,-123.111922,Y,MARCH,N,VANCOUVER,VANCOUVER,VANCOUVER,Y,N,N,LOWER MAINLAND,W BROADWAY # 000300 TO 000399,W BROADWAY,W BROADWAY,12:00-14:59,1,0
N,PROPERTY DAMAGE ONLY,\N,N,2021,FRIDAY,REAR END,N,N,49.310208,-123.078468,Y,MARCH,N,NORTH VANCOUVER,NORTH VANCOUVER,NORTH VANCOUVER,Y,Y,N,LOWER MAINLAND,VICTORY SHIP WAY # 000112 TO 000155,VICTORY SHIP WAY,VICTORY SHIP WAY,12:00-14:59,1,0
N,PROPERTY DAMAGE ONLY,\N,N,2021,FRIDAY,REAR END,N,N,49.310805,-123.081107,Y,MARCH,N,NORTH VANCOUVER,NORTH VANCOUVER,NORTH VANCOUVER,N,Y,N,LOWER MAINLAND,CARRIE CATES CRT # 000113 TO 000149,CARRIE CATES CRT,CARRIE CATES CRT,12:00-14:59,1,0
N,PROPERTY DAMAGE ONLY,\N,N,2021,FRIDAY,REAR END,N,N,50.877133,-119.461306,Y,MARCH,N,SORRENTO,SORRENTO,SORRENTO,N,N,N,SOUTHERN INTERIOR,YEWELL FRTG # 001338 TO 001341,YEWELL FRTG,YEWELL FRTG,12:00-14:59,1,0
N,PROPERTY DAMAGE ONLY,\N,N,2021,FRIDAY,REAR END,N,N,53.915729,-122.738083,Y,MARCH,N,PRINCE GEORGE,PRINCE GEORGE,PRINCE GEORGE,N,Y,N,NORTH CENTRAL,2ND AVE # 000800 TO 000899,2ND AVE,2ND AVE,12:00-14:59,1,0
N,PROPERTY DAMAGE ONLY,\N,N,2021,FRIDAY,REAR END,Y,N,49.262979,-123.213725,Y,MARCH,N,VANCOUVER,VANCOUVER,VANCOUVER,Y,N,N,LOWER MAINLAND,W 11TH AVE # 004600 TO 004699,W 11TH AVE,W 11TH AVE,12:00-14:59,1,0
N,PROPERTY DAMAGE ONLY,\N,N,2021,FRIDAY,REAR END,Y,N,49.318109,-123.100653,Y,MARCH,N,NORTH VANCOUVER,NORTH VANCOUVER,NORTH VANCOUVER,Y,Y,N,LOWER MAINLAND,W 1ST ST # 000900 TO 000999,W 1ST ST,W 1ST ST,12:00-14:59,1,0
N,PROPERTY DAMAGE ONLY,\N,N,2021,FRIDAY,REAR TO REAR,N,N,\N,\N,N,MARCH,N,LANGFORD,LANGFORD,\N,Y,Y,N,VANCOUVER ISLAND,UNKNOWN,HUMPBACK RD,HUMPBACK RD,12:00-14:59,1,0
N,PROPERTY DAMAGE ONLY,\N,N,2021,FRIDAY,REAR TO REAR,N,N,\N,\N,N,MARCH,N,VICTORIA,VICTORIA,\N,N,Y,N,VANCOUVER ISLAND,UNKNOWN,ISLAND HWY,ISLAND HWY,12:00-14:59,1,0
N,PROPERTY DAMAGE ONLY,\N,N,2021,FRIDAY,REAR TO REAR,N,N,\N,\N,N,MARCH,N,VICTORIA,VICTORIA,\N,N,Y,N,VANCOUVER ISLAND,UNKNOWN,PENRHYN,PENRHYN,12:00-14:59,1,0
N,PROPERTY DAMAGE ONLY,\N,N,2021,FRIDAY,REAR TO REAR,N,N,48.429341,-123.368773,Y,MARCH,N,VICTORIA,VICTORIA,VICTORIA,N,Y,N,VANCOUVER ISLAND,FISGARD ST # 000500 TO 000549,FISGARD ST,FISGARD ST,12:00-14:59,1,0
N,PROPERTY DAMAGE ONLY,\N,N,2021,FRIDAY,REAR TO REAR,N,N,48.430721,-123.37652,Y,MARCH,N,VICTORIA,VICTORIA,VICTORIA,N,Y,N,VANCOUVER ISLAND,HARBOUR RD # 000200 TO 000399,HARBOUR RD,HARBOUR RD,12:00-14:59,1,0
N,PROPERTY DAMAGE ONLY,\N,N,2021,FRIDAY,REAR TO REAR,N,N,48.565128,-123.411444,Y,MARCH,N,CENTRAL SAANICH,CENTRAL SAANICH,CENTRAL SAANICH,Y,Y,N,VANCOUVER ISLAND,KEATING CROSS RD # 002126 TO 002179,KEATING CROSS RD,KEATING CROSS RD,12:00-14:59,1,0
N,PROPERTY DAMAGE ONLY,\N,N,2021,FRIDAY,REAR TO REAR,N,N,49.162758,-122.795497,Y,MARCH,N,SURREY,SURREY,SURREY,Y,Y,N,LOWER MAINLAND,88 AVE # 015400 TO 015428 even,88 AVE,88 AVE,12:00-14:59,1,0
N,PROPERTY DAMAGE ONLY,\N,N,2021,FRIDAY,REAR TO REAR,N,N,49.180681,-123.141561,Y,MARCH,N,RICHMOND,RICHMOND,RICHMOND,Y,Y,N,LOWER MAINLAND,RIVER RD # 007056 TO 007699,RIVER RD,RIVER RD,12:00-14:59,1,0
N,PROPERTY DAMAGE ONLY,\N,N,2021,FRIDAY,REAR TO REAR,N,N,49.244945,-123.127654,Y,MARCH,N,VANCOUVER,VANCOUVER,VANCOUVER,Y,Y,N,LOWER MAINLAND,OAK ST # 004500 TO 004599,OAK ST,OAK ST,12:00-14:59,1,0
N,PROPERTY DAMAGE ONLY,\N,N,2021,FRIDAY,REAR TO REAR,N,N,49.264655,-123.103858,Y,MARCH,N,VANCOUVER,VANCOUVER,VANCOUVER,Y,Y,N,LOWER MAINLAND,E 7TH AVE # 000000 TO 000099,E 7TH AVE,E 7TH AVE,12:00-14:59,1,0
N,PROPERTY DAMAGE ONLY,\N,N,2021,FRIDAY,REAR TO REAR,N,N,49.297846,-122.841578,Y,MARCH,N,PORT MOODY,PORT MOODY,PORT MOODY,Y,Y,N,LOWER MAINLAND,DAVID AVE # 001300 TO 001385,DAVID AVE,DAVID AVE,12:00-14:59,1,0
N,PROPERTY DAMAGE ONLY,\N,N,2021,FRIDAY,REAR TO REAR,N,N,50.697053,-120.360994,Y,MARCH,N,KAMLOOPS,KAMLOOPS,KAMLOOPS,Y,Y,N,SOUTHERN INTERIOR,TRANQUILLE RD # 000670 TO 000708 even,TRANQUILLE RD,TRANQUILLE RD,12:00-14:59,1,0
N,PROPERTY DAMAGE ONLY,\N,N,2021,FRIDAY,SIDE IMPACT,N,N,\N,\N,N,MARCH,N,150 MILE HOUSE,150 MILE HOUSE,\N,N,N,N,NORTH CENTRAL,UNKNOWN,MOORE DR,MOORE DR,12:00-14:59,1,0
N,PROPERTY DAMAGE ONLY,\N,N,2021,FRIDAY,SIDE IMPACT,N,N,\N,\N,N,MARCH,N,BURNABY,BURNABY,\N,N,N,N,LOWER MAINLAND,UNKNOWN,HUMPHRIES AVE,HUMPHRIES AVE,12:00-14:59,1,0
N,PROPERTY DAMAGE ONLY,\N,N,2021,FRIDAY,SIDE IMPACT,N,N,\N,\N,N,MARCH,N,COWICHAN BAY,COWICHAN BAY,\N,Y,N,N,VANCOUVER ISLAND,UNKNOWN,TRANS-CANADA HWY,TRANS-CANADA HWY,12:00-14:59,1,0
N,PROPERTY DAMAGE ONLY,\N,N,2021,FRIDAY,SIDE IMPACT,N,N,\N,\N,N,MARCH,N,KAMLOOPS,KAMLOOPS,\N,Y,N,N,SOUTHERN INTERIOR,UNKNOWN,ABERDEEN DR,ABERDEEN DR,12:00-14:59,1,0
N,PROPERTY DAMAGE ONLY,\N,N,2021,FRIDAY,SIDE IMPACT,N,N,\N,\N,N,MARCH,N,LANGFORD,LANGFORD,\N,N,N,N,VANCOUVER ISLAND,UNKNOWN,TERLANE AVE,TERLANE AVE,12:00-14:59,1,0
N,PROPERTY DAMAGE ONLY,\N,N,2021,FRIDAY,SIDE IMPACT,N,N,\N,\N,N,MARCH,N,NANAIMO,NANAIMO,\N,N,N,N,VANCOUVER ISLAND,UNKNOWN,MILL ST,MILL ST,12:00-14:59,1,0
N,PROPERTY DAMAGE ONLY,\N,N,2021,FRIDAY,SIDE IMPACT,N,N,\N,\N,N,MARCH,N,NORTH VANCOUVER,NORTH VANCOUVER,\N,Y,N,N,LOWER MAINLAND,UNKNOWN,PHILIP AVE,PHILIP AVE,12:00-14:59,1,0
N,PROPERTY DAMAGE ONLY,\N,N,2021,FRIDAY,SIDE IMPACT,N,N,\N,\N,N,MARCH,N,NORTH VANCOUVER,NORTH VANCOUVER,\N,Y,Y,N,LOWER MAINLAND,UNKNOWN,?,?,12:00-14:59,1,0
N,PROPERTY DAMAGE ONLY,\N,N,2021,FRIDAY,SIDE IMPACT,N,N,\N,\N,N,MARCH,N,SURREY,SURREY,\N,N,N,N,LOWER MAINLAND,UNKNOWN,HWY 17,HWY 17,12:00-14:59,1,0
N,PROPERTY DAMAGE ONLY,\N,N,2021,FRIDAY,SIDE IMPACT,N,N,\N,\N,N,MARCH,N,VICTORIA,VICTORIA,\N,N,N,N,VANCOUVER ISLAND,UNKNOWN,RICHMOND RD,RICHMOND RD,12:00-14:59,1,0
N,PROPERTY DAMAGE ONLY,\N,N,2021,FRIDAY,SIDE IMPACT,N,N,\N,\N,N,MARCH,N,VICTORIA,VICTORIA,\N,Y,N,N,VANCOUVER ISLAND,UNKNOWN,TOPAZ AVE,TOPAZ AVE,12:00-14:59,1,0
N,PROPERTY DAMAGE ONLY,\N,N,2021,FRIDAY,SIDE IMPACT,N,N,48.439299,-123.360254,Y,MARCH,N,VICTORIA,VICTORIA,VICTORIA,N,N,N,VANCOUVER ISLAND,HILLSIDE AVE # 000940 TO 000969,HILLSIDE AVE,HILLSIDE AVE,12:00-14:59,1,0
N,PROPERTY DAMAGE ONLY,\N,N,2021,FRIDAY,SIDE IMPACT,N,N,48.440217,-123.368045,Y,MARCH,N,VICTORIA,VICTORIA,VICTORIA,Y,Y,N,VANCOUVER ISLAND,DOUGLAS ST # 002800 TO 002878 even,DOUGLAS ST,DOUGLAS ST,12:00-14:59,1,0
N,PROPERTY DAMAGE ONLY,\N,N,2021,FRIDAY,SIDE IMPACT,N,N,48.44164,-123.510888,Y,MARCH,N,LANGFORD,LANGFORD,LANGFORD,Y,Y,N,VANCOUVER ISLAND,JACKLIN RD # 002937 TO 002979,JACKLIN RD,JACKLIN RD,12:00-14:59,1,0
N,PROPERTY DAMAGE ONLY,\N,N,2021,FRIDAY,SIDE IMPACT,N,N,48.441862,-123.364982,Y,MARCH,N,VICTORIA,VICTORIA,VICTORIA,Y,Y,N,VANCOUVER ISLAND,TOPAZ AVE # 000770 TO 000799,TOPAZ AVE,TOPAZ AVE,12:00-14:59,1,0
N,PROPERTY DAMAGE ONLY,\N,N,2021,FRIDAY,SIDE IMPACT,N,N,48.443476,-123.517954,Y,MARCH,N,LANGFORD,LANGFORD,LANGFORD,N,Y,N,VANCOUVER ISLAND,LANGFORD PKY # 000980 TO 001069,LANGFORD PKY,LANGFORD PKY,12:00-14:59,1,0
N,PROPERTY DAMAGE ONLY,\N,N,2021,FRIDAY,SIDE IMPACT,N,N,48.6489,-123.402002,Y,MARCH,N,SIDNEY,SIDNEY,SIDNEY,N,Y,N,VANCOUVER ISLAND,BEACON AVE # 002345 TO 002353 odd,BEACON AVE,BEACON AVE,12:00-14:59,1,0
N,PROPERTY DAMAGE ONLY,\N,N,2021,FRIDAY,SIDE IMPACT,N,N,48.66366,-123.416801,Y,MARCH,N,NORTH SAANICH,NORTH SAANICH,NORTH SAANICH & SIDNEY,Y,Y,N,VANCOUVER ISLAND,MCDONALD PARK RD # 010350 TO 010357,MCDONALD PARK RD,MCDONALD PARK RD,12:00-14:59,1,0
N,PROPERTY DAMAGE ONLY,\N,N,2021,FRIDAY,SIDE IMPACT,N,N,48.761763,-123.687095,Y,MARCH,N,KOKSILAH,KOKSILAH,KOKSILAH,Y,Y,N,VANCOUVER ISLAND,FRANCIS ST # 005200 TO 005219,FRANCIS ST,FRANCIS ST,12:00-14:59,1,0
N,PROPERTY DAMAGE ONLY,\N,N,2021,FRIDAY,SIDE IMPACT,N,N,48.843617,-123.492801,Y,MARCH,N,SALT SPRING ISLAND,SALT SPRING ISLAND,SALT SPRING ISLAND,Y,Y,N,VANCOUVER ISLAND,DOUGLAS RD # 000100 TO 000155,DOUGLAS RD,DOUGLAS RD,12:00-14:59,1,0
N,PROPERTY DAMAGE ONLY,\N,N,2021,FRIDAY,SIDE IMPACT,N,N,49.023672,-123.068741,Y,MARCH,N,DELTA,DELTA,DELTA,Y,Y,N,LOWER MAINLAND,56 ST # 001091 TO 001199 odd,56 ST,56 ST,12:00-14:59,1,0
N,PROPERTY DAMAGE ONLY,\N,N,2021,FRIDAY,SIDE IMPACT,N,N,49.032995,-119.463837,Y,MARCH,N,OSOYOOS,OSOYOOS,OSOYOOS,Y,N,N,SOUTHERN INTERIOR,MAIN ST # 008300 TO 008328 even,MAIN ST,MAIN ST,12:00-14:59,1,0
N,PROPERTY DAMAGE ONLY,\N,N,2021,FRIDAY,SIDE IMPACT,N,N,49.060777,-122.486691,Y,MARCH,N,LANGLEY,LANGLEY,LANGLEY,Y,N,N,LOWER MAINLAND,266A ST # 003200 TO 003249,266A ST,266A ST,12:00-14:59,1,0
N,PROPERTY DAMAGE ONLY,\N,N,2021,FRIDAY,SIDE IMPACT,N,N,49.063052,-122.815125,Y,MARCH,N,SURREY,SURREY,SURREY,Y,Y,N,LOWER MAINLAND,KING GEORGE BLVD # 003290 TO 003398 even,KING GEORGE BLVD,KING GEORGE BLVD,12:00-14:59,1,0
N,PROPERTY DAMAGE ONLY,\N,N,2021,FRIDAY,SIDE IMPACT,N,N,49.090756,-123.086018,Y,MARCH,N,DELTA,DELTA,DELTA,Y,Y,N,LOWER MAINLAND,BRIDGE ST # 004960 TO 004999,BRIDGE ST,BRIDGE ST,12:00-14:59,1,0
N,PROPERTY DAMAGE ONLY,\N,N,2021,FRIDAY,SIDE IMPACT,N,N,49.104108,-117.702566,Y,MARCH,N,TRAIL,TRAIL,TRAIL,Y,Y,N,SOUTHERN INTERIOR,HOSPITAL BENCH RD # 001000 TO 001201,HOSPITAL BENCH RD,HOSPITAL BENCH RD,12:00-14:59,1,0
N,PROPERTY DAMAGE ONLY,\N,N,2021,FRIDAY,SIDE IMPACT,N,N,49.113085,-122.651896,Y,MARCH,N,LANGLEY,LANGLEY,LANGLEY,N,N,N,LOWER MAINLAND,LANGLEY BYPASS # 020432 TO 020732 even,LANGLEY BYPASS,LANGLEY BYPASS,12:00-14:59,1,0
N,PROPERTY DAMAGE ONLY,\N,N,2021,FRIDAY,SIDE IMPACT,N,N,49.143337,-121.957745,Y,MARCH,N,CHILLIWACK,CHILLIWACK,CHILLIWACK,Y,Y,N,LOWER MAINLAND,LUCKAKUCK WAY # 045700 TO 045939,LUCKAKUCK WAY,LUCKAKUCK WAY,12:00-14:59,1,0
N,PROPERTY DAMAGE ONLY,\N,N,2021,FRIDAY,SIDE IMPACT,N,N,49.146093,-121.969768,Y,MARCH,N,CHILLIWACK,CHILLIWACK,CHILLIWACK,Y,Y,N,LOWER MAINLAND,YALE RD # 045130 TO 045499,YALE RD,YALE RD,12:00-14:59,1,0
N,PROPERTY DAMAGE ONLY,\N,N,2021,FRIDAY,SIDE IMPACT,N,N,49.150875,-122.844521,Y,MARCH,N,SURREY,SURREY,SURREY,Y,Y,N,LOWER MAINLAND,81A AVE # 013629 TO 013699,81A AVE,81A AVE,12:00-14:59,1,0
N,PROPERTY DAMAGE ONLY,\N,N,2021,FRIDAY,SIDE IMPACT,N,N,49.157592,-122.779642,Y,MARCH,N,SURREY,SURREY,SURREY,Y,Y,N,LOWER MAINLAND,FRASER HWY # 015960 TO 015998 even,FRASER HWY,FRASER HWY,12:00-14:59,1,0
N,PROPERTY DAMAGE ONLY,\N,N,2021,FRIDAY,SIDE IMPACT,N,N,49.161072,-122.79018,Y,MARCH,N,SURREY,SURREY,SURREY,Y,N,N,LOWER MAINLAND,156 ST # 008670 TO 008746,156 ST,156 ST,12:00-14:59,1,0
N,PROPERTY DAMAGE ONLY,\N,N,2021,FRIDAY,SIDE IMPACT,N,N,49.165861,-121.963244,Y,MARCH,N,CHILLIWACK,CHILLIWACK,CHILLIWACK,N,Y,N,LOWER MAINLAND,MENHOLM RD # 045600 TO 045657,MENHOLM RD,MENHOLM RD,12:00-14:59,1,0
N,PROPERTY DAMAGE ONLY,\N,N,2021,FRIDAY,SIDE IMPACT,N,N,49.174077,-123.843294,Y,MARCH,N,GABRIOLA ISLAND,GABRIOLA ISLAND,GABRIOLA ISLAND,Y,Y,N,VANCOUVER ISLAND,NORTH RD # 000550 TO 000647,NORTH RD,NORTH RD,12:00-14:59,1,0
N,PROPERTY DAMAGE ONLY,\N,N,2021,FRIDAY,SIDE IMPACT,N,N,49.174235,-123.148194,Y,MARCH,N,RICHMOND,RICHMOND,RICHMOND,Y,Y,N,LOWER MAINLAND,HOLLYBRIDGE WAY # 005250 TO 005540,HOLLYBRIDGE WAY,HOLLYBRIDGE WAY,12:00-14:59,1,0
N,PROPERTY DAMAGE ONLY,\N,N,2021,FRIDAY,SIDE IMPACT,N,N,49.192014,-123.122024,Y,MARCH,N,RICHMOND,RICHMOND,RICHMOND,Y,Y,N,LOWER MAINLAND,BRIDGEPORT RD # 009088 TO 009299,BRIDGEPORT RD,BRIDGEPORT RD,12:00-14:59,1,0
N,PROPERTY DAMAGE ONLY,\N,N,2021,FRIDAY,SIDE IMPACT,N,N,49.197173,-122.87694,Y,MARCH,N,SURREY,SURREY,SURREY,N,Y,N,LOWER MAINLAND,OLD YALE RD # 012400 TO 012529,OLD YALE RD,OLD YALE RD,12:00-14:59,1,0
N,PROPERTY DAMAGE ONLY,\N,N,2021,FRIDAY,SIDE IMPACT,N,N,49.214835,-124.027673,Y,MARCH,N,NANAIMO,NANAIMO,NANAIMO,Y,Y,N,VANCOUVER ISLAND,RUTHERFORD RD # 004750 TO 004750 even,RUTHERFORD RD,RUTHERFORD RD,12:00-14:59,1,0
N,PROPERTY DAMAGE ONLY,\N,N,2021,FRIDAY,SIDE IMPACT,N,N,49.216862,-122.592962,Y,MARCH,N,MAPLE RIDGE,MAPLE RIDGE,MAPLE RIDGE,Y,Y,N,LOWER MAINLAND,LOUGHEED HWY # 022700 TO 022757,LOUGHEED HWY,LOUGHEED HWY,12:00-14:59,1,0
N,PROPERTY DAMAGE ONLY,\N,N,2021,FRIDAY,SIDE IMPACT,N,N,49.218344,-124.010013,Y,MARCH,N,NANAIMO,NANAIMO,NANAIMO,Y,N,N,VANCOUVER ISLAND,STRONACH DR # 003814 TO 003824,STRONACH DR,STRONACH DR,12:00-14:59,1,0
N,PROPERTY DAMAGE ONLY,\N,N,2021,FRIDAY,SIDE IMPACT,N,N,49.21936,-122.928111,Y,MARCH,N,BURNABY,BURNABY,BURNABY,N,Y,N,LOWER MAINLAND,6TH ST # 007850 TO 007899,6TH ST,6TH ST,12:00-14:59,1,0
N,PROPERTY DAMAGE ONLY,\N,N,2021,FRIDAY,SIDE IMPACT,N,N,49.22067,-122.912799,Y,MARCH,N,NEW WESTMINSTER,NEW WESTMINSTER,NEW WESTMINSTER,Y,N,N,LOWER MAINLAND,PARK CRES # 000700 TO 000799,PARK CRES,PARK CRES,12:00-14:59,1,0
N,PROPERTY DAMAGE ONLY,\N,N,2021,FRIDAY,SIDE IMPACT,N,N,49.227076,-122.995313,Y,MARCH,N,BURNABY,BURNABY,BURNABY,Y,Y,N,LOWER MAINLAND,KINGSWAY # 004800 TO 004899,KINGSWAY,KINGSWAY,12:00-14:59,1,0
N,PROPERTY DAMAGE ONLY,\N,N,2021,FRIDAY,SIDE IMPACT,N,N,49.231102,-123.056561,Y,MARCH,N,VANCOUVER,VANCOUVER,VANCOUVER,Y,N,N,LOWER MAINLAND,ST MARGARETS ST # 005700 TO 005999,ST MARGARETS ST,ST MARGARETS ST,12:00-14:59,1,0
N,PROPERTY DAMAGE ONLY,\N,N,2021,FRIDAY,SIDE IMPACT,N,N,49.23776,-123.131356,Y,MARCH,N,VANCOUVER,VANCOUVER,VANCOUVER,N,Y,N,LOWER MAINLAND,W 37TH AVE # 001100 TO 001199,W 37TH AVE,W 37TH AVE,12:00-14:59,1,0
N,PROPERTY DAMAGE ONLY,\N,N,2021,FRIDAY,SIDE IMPACT,N,N,49.238296,-123.155767,Y,MARCH,N,VANCOUVER,VANCOUVER,VANCOUVER,N,N,N,LOWER MAINLAND,W 37TH AVE # 002100 TO 002121,W 37TH AVE,W 37TH AVE,12:00-14:59,1,0
N,PROPERTY DAMAGE ONLY,\N,N,2021,FRIDAY,SIDE IMPACT,N,N,49.243708,-123.070031,Y,MARCH,N,VANCOUVER,VANCOUVER,VANCOUVER,Y,N,N,LOWER MAINLAND,WELWYN ST # 004550 TO 004599,WELWYN ST,WELWYN ST,12:00-14:59,1,0
N,PROPERTY DAMAGE ONLY,\N,N,2021,FRIDAY,SIDE IMPACT,N,N,49.245208,-124.792204,Y,MARCH,N,PORT ALBERNI,PORT ALBERNI,PORT ALBERNI,Y,Y,N,VANCOUVER ISLAND,REDFORD ST # 003900 TO 003951,REDFORD ST,REDFORD ST,12:00-14:59,1,0
N,PROPERTY DAMAGE ONLY,\N,N,2021,FRIDAY,SIDE IMPACT,N,N,49.245606,-122.759227,Y,MARCH,N,PORT COQUITLAM,PORT COQUITLAM,PORT COQUITLAM,Y,N,N,LOWER MAINLAND,INDUSTRIAL AVE # 001600 TO 001699,INDUSTRIAL AVE,INDUSTRIAL AVE,12:00-14:59,1,0
N,PROPERTY DAMAGE ONLY,\N,N,2021,FRIDAY,SIDE IMPACT,N,N,49.252821,-123.108575,Y,MARCH,N,VANCOUVER,VANCOUVER,VANCOUVER,Y,N,N,LOWER MAINLAND,W 20TH AVE # 000100 TO 000199,W 20TH AVE,W 20TH AVE,12:00-14:59,1,0
N,PROPERTY DAMAGE ONLY,\N,N,2021,FRIDAY,SIDE IMPACT,N,N,49.260207,-123.099375,Y,MARCH,N,VANCOUVER,VANCOUVER,VANCOUVER,N,Y,N,LOWER MAINLAND,E 12TH AVE # 000210 TO 000299,E 12TH AVE,E 12TH AVE,12:00-14:59,1,0
N,PROPERTY DAMAGE ONLY,\N,N,2021,FRIDAY,SIDE IMPACT,N,N,49.26304,-122.981205,Y,MARCH,N,BURNABY,BURNABY,BURNABY,Y,Y,N,LOWER MAINLAND,HOLDOM AVE # 002200 TO 002299,HOLDOM AVE,HOLDOM AVE,12:00-14:59,1,0
N,PROPERTY DAMAGE ONLY,\N,N,2021,FRIDAY,SIDE IMPACT,N,N,49.269669,-123.082639,Y,MARCH,N,VANCOUVER,VANCOUVER,VANCOUVER,Y,N,N,LOWER MAINLAND,TERMINAL AVE # 000900 TO 000998 even,TERMINAL AVE,TERMINAL AVE,12:00-14:59,1,0
N,PROPERTY DAMAGE ONLY,\N,N,2021,FRIDAY,SIDE IMPACT,N,N,49.272281,-123.040178,Y,MARCH,N,VANCOUVER,VANCOUVER,VANCOUVER,Y,N,N,LOWER MAINLAND,KITCHENER ST # 003000 TO 003099,KITCHENER ST,KITCHENER ST,12:00-14:59,1,0
N,PROPERTY DAMAGE ONLY,\N,N,2021,FRIDAY,SIDE IMPACT,N,N,49.273778,-123.064845,Y,MARCH,N,VANCOUVER,VANCOUVER,VANCOUVER,Y,N,N,LOWER MAINLAND,WILLIAM ST # 001926 TO 001949,WILLIAM ST,WILLIAM ST,12:00-14:59,1,0
N,PROPERTY DAMAGE ONLY,\N,N,2021,FRIDAY,SIDE IMPACT,N,N,49.277204,-122.843376,Y,MARCH,N,PORT MOODY,PORT MOODY,PORT MOODY,Y,Y,N,LOWER MAINLAND,SPRING ST # 003000 TO 003099,SPRING ST,SPRING ST,12:00-14:59,1,0
N,PROPERTY DAMAGE ONLY,\N,N,2021,FRIDAY,SIDE IMPACT,N,N,49.278272,-124.16086,Y,MARCH,N,NANOOSE BAY,NANOOSE BAY,NANOOSE BAY,Y,N,N,VANCOUVER ISLAND,ANCHOR WAY # 003050 TO 003099,ANCHOR WAY,ANCHOR WAY,12:00-14:59,1,0
N,PROPERTY DAMAGE ONLY,\N,N,2021,FRIDAY,SIDE IMPACT,N,N,49.311803,-122.955161,Y,MARCH,N,NORTH VANCOUVER,NORTH VANCOUVER,NORTH VANCOUVER,Y,Y,N,LOWER MAINLAND,HUNTINGDON CRES # 000700 TO 000719,HUNTINGDON CRES,HUNTINGDON CRES,12:00-14:59,1,0
N,PROPERTY DAMAGE ONLY,\N,N,2021,FRIDAY,SIDE IMPACT,N,N,49.320115,-123.093862,Y,MARCH,N,NORTH VANCOUVER,NORTH VANCOUVER,NORTH VANCOUVER,Y,Y,N,LOWER MAINLAND,W 3RD ST # 000717 TO 000787 odd,W 3RD ST,W 3RD ST,12:00-14:59,1,0
N,PROPERTY DAMAGE ONLY,\N,N,2021,FRIDAY,SIDE IMPACT,N,N,49.321709,-123.096319,Y,MARCH,N,NORTH VANCOUVER,NORTH VANCOUVER,NORTH VANCOUVER,Y,Y,N,LOWER MAINLAND,MARINE DR # 000801 TO 000899 odd,MARINE DR,MARINE DR,12:00-14:59,1,0
N,PROPERTY DAMAGE ONLY,\N,N,2021,FRIDAY,SIDE IMPACT,N,N,49.325802,-123.137159,Y,MARCH,N,WEST VANCOUVER,WEST VANCOUVER,WEST VANCOUVER,Y,Y,N,LOWER MAINLAND,PARK ROYAL SOUTH # 000900 TO 001130,PARK ROYAL SOUTH,PARK ROYAL SOUTH,12:00-14:59,1,0
N,PROPERTY DAMAGE ONLY,\N,N,2021,FRIDAY,SIDE IMPACT,N,N,49.326336,-123.136357,Y,MARCH,N,WEST VANCOUVER,WEST VANCOUVER,WEST VANCOUVER,N,Y,N,LOWER MAINLAND,MAIN ST # 000700 TO 000754,MAIN ST,MAIN ST,12:00-14:59,1,0
N,PROPERTY DAMAGE ONLY,\N,N,2021,FRIDAY,SIDE IMPACT,N,N,49.326739,-123.072201,Y,MARCH,N,NORTH VANCOUVER,NORTH VANCOUVER,NORTH VANCOUVER,Y,Y,N,LOWER MAINLAND,LONSDALE AVE # 001900 TO 001999,LONSDALE AVE,LONSDALE AVE,12:00-14:59,1,0
N,PROPERTY DAMAGE ONLY,\N,N,2021,FRIDAY,SIDE IMPACT,N,N,49.375496,-121.427361,Y,MARCH,N,HOPE,HOPE,HOPE,Y,N,N,LOWER MAINLAND,OLD HOPE PRINCETON WAY # 000600 TO 000699,OLD HOPE PRINCETON WAY,OLD HOPE PRINCETON WAY,12:00-14:59,1,0
N,PROPERTY DAMAGE ONLY,\N,N,2021,FRIDAY,SIDE IMPACT,N,N,49.442139,-117.596083,Y,MARCH,N,KRESTOVA,KRESTOVA,KRESTOVA,Y,Y,N,SOUTHERN INTERIOR,STEPPE RD # 003645 TO 003660,STEPPE RD,STEPPE RD,12:00-14:59,1,0
N,PROPERTY DAMAGE ONLY,\N,N,2021,FRIDAY,SIDE IMPACT,N,N,49.603484,-119.683341,Y,MARCH,N,SUMMERLAND,SUMMERLAND,SUMMERLAND,Y,Y,N,SOUTHERN INTERIOR,VICTORIA RD N # 013600 TO 013609,VICTORIA RD N,VICTORIA RD N,12:00-14:59,1,0
N,PROPERTY DAMAGE ONLY,\N,N,2021,FRIDAY,SIDE IMPACT,N,N,49.673286,-124.981013,Y,MARCH,N,COURTENAY,COURTENAY,COURTENAY,N,Y,N,VANCOUVER ISLAND,CLIFFE AVE # 002801 TO 002899 odd,CLIFFE AVE,CLIFFE AVE,12:00-14:59,1,0
N,PROPERTY DAMAGE ONLY,\N,N,2021,FRIDAY,SIDE IMPACT,N,N,49.691303,-115.940482,Y,MARCH,N,KIMBERLEY,KIMBERLEY,KIMBERLEY,N,Y,N,SOUTHERN INTERIOR,HWY 95A # 008660 TO 008701,HWY 95A,HWY 95A,12:00-14:59,1,0
N,PROPERTY DAMAGE ONLY,\N,N,2021,FRIDAY,SIDE IMPACT,N,N,49.707857,-124.962381,Y,MARCH,N,COURTENAY,COURTENAY,COURTENAY,Y,Y,N,VANCOUVER ISLAND,LERWICK RD # 000400 TO 001149,LERWICK RD,LERWICK RD,12:00-14:59,1,0
N,PROPERTY DAMAGE ONLY,\N,N,2021,FRIDAY,SIDE IMPACT,N,N,49.861132,-119.557931,Y,MARCH,N,WEST KELOWNA,WEST KELOWNA,WEST KELOWNA,N,N,N,SOUTHERN INTERIOR,AVONDALE PL # 001020 TO 001099,AVONDALE PL,AVONDALE PL,12:00-14:59,1,0
N,PROPERTY DAMAGE ONLY,\N,N,2021,FRIDAY,SIDE IMPACT,N,N,49.867578,-119.353668,Y,MARCH,N,KELOWNA,KELOWNA,KELOWNA,Y,N,N,SOUTHERN INTERIOR,LYNRICK RD # 001640 TO 001674,LYNRICK RD,LYNRICK RD,12:00-14:59,1,0
N,PROPERTY DAMAGE ONLY,\N,N,2021,FRIDAY,SIDE IMPACT,N,N,49.880033,-119.437457,Y,MARCH,N,KELOWNA,KELOWNA,KELOWNA,N,Y,N,SOUTHERN INTERIOR,DILWORTH DR # 001850 TO 001898 even,DILWORTH DR,DILWORTH DR,12:00-14:59,1,0
N,PROPERTY DAMAGE ONLY,\N,N,2021,FRIDAY,SIDE IMPACT,N,N,49.882788,-119.443311,Y,MARCH,N,KELOWNA,KELOWNA,KELOWNA,Y,Y,N,SOUTHERN INTERIOR,COOPER RD # 001700 TO 001779,COOPER RD,COOPER RD,12:00-14:59,1,0
N,PROPERTY DAMAGE ONLY,\N,N,2021,FRIDAY,SIDE IMPACT,N,N,49.887359000000004,-119.430448,Y,MARCH,N,KELOWNA,KELOWNA,KELOWNA,Y,Y,N,SOUTHERN INTERIOR,ENTERPRISE WAY # 002500 TO 002549,ENTERPRISE WAY,ENTERPRISE WAY,12:00-14:59,1,0
N,PROPERTY DAMAGE ONLY,\N,N,2021,FRIDAY,SIDE IMPACT,N,N,50.113604,-122.94792699999999,Y,MARCH,N,WHISTLER,WHISTLER,WHISTLER,N,Y,N,LOWER MAINLAND,GLACIER DR # 004550 TO 004703,GLACIER DR,GLACIER DR,12:00-14:59,1,0
N,PROPERTY DAMAGE ONLY,\N,N,2021,FRIDAY,SIDE IMPACT,N,N,50.124542,-120.766789,Y,MARCH,N,MERRITT,MERRITT,MERRITT,Y,Y,N,SOUTHERN INTERIOR,BELSHAW ST # 004150 TO 004159,BELSHAW ST,BELSHAW ST,12:00-14:59,1,0
N,PROPERTY DAMAGE ONLY,\N,N,2021,FRIDAY,SIDE IMPACT,N,N,50.184743,-119.382988,Y,MARCH,N,VERNON,VERNON,VERNON,Y,N,N,SOUTHERN INTERIOR,DOMINION WAY # 000253 TO 000293 odd,DOMINION WAY,DOMINION WAY,12:00-14:59,1,0
N,PROPERTY DAMAGE ONLY,\N,N,2021,FRIDAY,SIDE IMPACT,N,N,50.288287,-119.263354,Y,MARCH,N,VERNON,VERNON,VERNON,N,Y,N,SOUTHERN INTERIOR,58 AVE # 002400 TO 002601,58 AVE,58 AVE,12:00-14:59,1,0
N,PROPERTY DAMAGE ONLY,\N,N,2021,FRIDAY,SIDE IMPACT,N,N,50.665334,-120.350116,Y,MARCH,N,KAMLOOPS,KAMLOOPS,KAMLOOPS,N,Y,N,SOUTHERN INTERIOR,SUMMIT DR # 001210 TO 001378 even,SUMMIT DR,SUMMIT DR,12:00-14:59,1,0
N,PROPERTY DAMAGE ONLY,\N,N,2021,FRIDAY,SIDE IMPACT,N,N,50.67136,-120.312996,Y,MARCH,N,KAMLOOPS,KAMLOOPS,KAMLOOPS,Y,Y,N,SOUTHERN INTERIOR,COLUMBIA ST # 001100 TO 001199,COLUMBIA ST,COLUMBIA ST,12:00-14:59,1,0
N,PROPERTY DAMAGE ONLY,\N,N,2021,FRIDAY,SIDE IMPACT,N,N,50.713141,-120.419847,Y,MARCH,N,KAMLOOPS,KAMLOOPS,KAMLOOPS,Y,Y,N,SOUTHERN INTERIOR,ORD RD # 002400 TO 002683,ORD RD,ORD RD,12:00-14:59,1,0
N,PROPERTY DAMAGE ONLY,\N,N,2021,FRIDAY,SIDE IMPACT,N,N,51.635792,-121.2998,Y,MARCH,N,100 MILE HOUSE,100 MILE HOUSE,100 MILE HOUSE,N,Y,N,NORTH CENTRAL,ALPINE AVE # 000750 TO 000768 even,ALPINE AVE,ALPINE AVE,12:00-14:59,1,0
N,PROPERTY DAMAGE ONLY,\N,N,2021,FRIDAY,SIDE IMPACT,N,N,51.647041,-121.29622,Y,MARCH,N,100 MILE HOUSE,100 MILE HOUSE,100 MILE HOUSE,Y,Y,N,NORTH CENTRAL,HWY 97 # 000096 TO 000103,CARIBOO HWY,CARIBOO HWY,12:00-14:59,1,0
N,PROPERTY DAMAGE ONLY,\N,N,2021,FRIDAY,SIDE IMPACT,N,N,51.816705,-121.47765,Y,MARCH,N,LAC LA HACHE,LAC LA HACHE,LAC LA HACHE,Y,Y,N,NORTH CENTRAL,EAGLE AVE # 004800 TO 004813,EAGLE AVE,EAGLE AVE,12:00-14:59,1,0
N,PROPERTY DAMAGE ONLY,\N,N,2021,FRIDAY,SIDE IMPACT,N,N,56.253793,-120.845715,Y,MARCH,N,FORT ST. JOHN,FORT ST. JOHN,FORT ST. JOHN,Y,Y,N,NORTH CENTRAL,108 AVE # 009800 TO 009999,108 AVE,108 AVE,12:00-14:59,1,0
N,PROPERTY DAMAGE ONLY,\N,N,2021,FRIDAY,SIDE IMPACT,N,N,56.273283,-120.847599,Y,MARCH,N,FORT ST. JOHN,FORT ST. JOHN,FORT ST. JOHN,Y,Y,N,NORTH CENTRAL,ROSE PRAIRIE RD # 012806 TO 012865,ROSE PRAIRIE RD,ROSE PRAIRIE RD,12:00-14:59,1,0
N,PROPERTY DAMAGE ONLY,\N,N,2021,FRIDAY,SIDE IMPACT,Y,N,49.046331,-122.768113,Y,MARCH,N,SURREY,SURREY,SURREY,Y,N,N,LOWER MAINLAND,164 ST # 002422 TO 002469,164 ST,164 ST,12:00-14:59,1,0
N,PROPERTY DAMAGE ONLY,\N,N,2021,FRIDAY,SIDE IMPACT,Y,N,49.165061,-123.937853,Y,MARCH,N,NANAIMO,NANAIMO,NANAIMO,N,Y,N,VANCOUVER ISLAND,TERMINAL AVE # 000305 TO 000499,TERMINAL AVE,TERMINAL AVE,12:00-14:59,1,0
N,PROPERTY DAMAGE ONLY,\N,N,2021,FRIDAY,SIDE IMPACT,Y,N,49.202705,-122.889531,Y,MARCH,N,SURREY,SURREY,SURREY,N,Y,N,LOWER MAINLAND,OLD YALE RD # 011970 TO 012039,OLD YALE RD,OLD YALE RD,12:00-14:59,1,0
N,PROPERTY DAMAGE ONLY,\N,N,2021,FRIDAY,SIDE IMPACT,Y,N,49.345449,-123.240205,Y,MARCH,N,WEST VANCOUVER,WEST VANCOUVER,WEST VANCOUVER,Y,N,N,LOWER MAINLAND,ROCKRIDGE RD # 004300 TO 004335,ROCKRIDGE RD,ROCKRIDGE RD,12:00-14:59,1,0
N,PROPERTY DAMAGE ONLY,\N,N,2021,FRIDAY,SIDE SWIPE - OPPOSITE DIRECTION,N,N,\N,\N,N,MARCH,N,PEMBERTON,PEMBERTON,\N,N,N,N,LOWER MAINLAND,UNKNOWN,HWY 99,HWY 99,12:00-14:59,1,0
N,PROPERTY DAMAGE ONLY,\N,N,2021,FRIDAY,SIDE SWIPE - OPPOSITE DIRECTION,N,N,48.443546,-123.387066,Y,MARCH,N,VICTORIA,VICTORIA,VICTORIA,Y,Y,N,VANCOUVER ISLAND,GORGE RD E # 000040 TO 000099,GORGE RD E,GORGE RD E,12:00-14:59,1,0
N,PROPERTY DAMAGE ONLY,\N,N,2021,FRIDAY,SIDE SWIPE - OPPOSITE DIRECTION,N,N,49.48773,-119.595163,Y,MARCH,N,PENTICTON,PENTICTON,PENTICTON,Y,N,N,SOUTHERN INTERIOR,ARGYLE ST # 001000 TO 001099,ARGYLE ST,ARGYLE ST,12:00-14:59,1,0
N,PROPERTY DAMAGE ONLY,\N,N,2021,FRIDAY,SIDE SWIPE - SAME DIRECTION,N,N,\N,\N,N,MARCH,N,100 MILE HOUSE,100 MILE HOUSE,\N,N,N,N,NORTH CENTRAL,UNKNOWN,HORSE LAKE RD,HORSE LAKE RD,12:00-14:59,1,0
N,PROPERTY DAMAGE ONLY,\N,N,2021,FRIDAY,SIDE SWIPE - SAME DIRECTION,N,N,\N,\N,N,MARCH,N,BURNABY,BURNABY,\N,Y,Y,N,LOWER MAINLAND,UNKNOWN,EAST HASTINGS ST,EAST HASTINGS ST,12:00-14:59,1,0
N,PROPERTY DAMAGE ONLY,\N,N,2021,FRIDAY,SIDE SWIPE - SAME DIRECTION,N,N,\N,\N,N,MARCH,N,CAMPBELL RIVER,CAMPBELL RIVER,\N,Y,N,N,VANCOUVER ISLAND,UNKNOWN,CAMPBELL RIVER TO QUADRA IS,CAMPBELL RIVER TO QUADRA IS,12:00-14:59,1,0
N,PROPERTY DAMAGE ONLY,\N,N,2021,FRIDAY,SIDE SWIPE - SAME DIRECTION,N,N,\N,\N,N,MARCH,N,KAMLOOPS,KAMLOOPS,\N,Y,N,N,SOUTHERN INTERIOR,UNKNOWN,NICOLA ST,NICOLA ST,12:00-14:59,1,0
N,PROPERTY DAMAGE ONLY,\N,N,2021,FRIDAY,SIDE SWIPE - SAME DIRECTION,N,N,\N,\N,N,MARCH,N,KAMLOOPS,KAMLOOPS,\N,Y,Y,N,SOUTHERN INTERIOR,UNKNOWN,E TRANS CANADA HWY,E TRANS CANADA HWY,12:00-14:59,1,0
N,PROPERTY DAMAGE ONLY,\N,N,2021,FRIDAY,SIDE SWIPE - SAME DIRECTION,N,N,\N,\N,N,MARCH,N,NANAIMO,NANAIMO,\N,N,N,N,VANCOUVER ISLAND,UNKNOWN,U/K,U/K,12:00-14:59,1,0
N,PROPERTY DAMAGE ONLY,\N,N,2021,FRIDAY,SIDE SWIPE - SAME DIRECTION,N,N,\N,\N,N,MARCH,N,SECHELT,SECHELT,\N,Y,N,N,LOWER MAINLAND,UNKNOWN,EAST PORPOISE BAY RD,EAST PORPOISE BAY RD,12:00-14:59,1,0
N,PROPERTY DAMAGE ONLY,\N,N,2021,FRIDAY,SIDE SWIPE - SAME DIRECTION,N,N,\N,\N,N,MARCH,N,VICTORIA,VICTORIA,\N,N,N,N,VANCOUVER ISLAND,UNKNOWN,SAANICH,SAANICH,12:00-14:59,1,0
N,PROPERTY DAMAGE ONLY,\N,N,2021,FRIDAY,SIDE SWIPE - SAME DIRECTION,N,N,\N,\N,N,MARCH,N,VICTORIA,VICTORIA,\N,Y,Y,N,VANCOUVER ISLAND,UNKNOWN,COOPER RD,COOPER RD,12:00-14:59,1,0
N,PROPERTY DAMAGE ONLY,\N,N,2021,FRIDAY,SIDE SWIPE - SAME DIRECTION,N,N,49.122757,-122.81569,Y,MARCH,N,SURREY,SURREY,SURREY,Y,N,N,LOWER MAINLAND,66 AVE # 014520 TO 014799,66 AVE,66 AVE,12:00-14:59,1,0
N,PROPERTY DAMAGE ONLY,\N,N,2021,FRIDAY,SIDE SWIPE - SAME DIRECTION,N,N,49.12424,-122.884659,Y,MARCH,N,SURREY,SURREY,SURREY,Y,N,N,LOWER MAINLAND,122 ST # 006625 TO 006799,122 ST,122 ST,12:00-14:59,1,0
N,PROPERTY DAMAGE ONLY,\N,N,2021,FRIDAY,SIDE SWIPE - SAME DIRECTION,N,N,49.228141,-123.157552,Y,MARCH,N,VANCOUVER,VANCOUVER,VANCOUVER,Y,N,N,LOWER MAINLAND,W 48TH AVE # 002108 TO 002199,W 48TH AVE,W 48TH AVE,12:00-14:59,1,0
N,PROPERTY DAMAGE ONLY,\N,N,2021,FRIDAY,SIDE SWIPE - SAME DIRECTION,N,N,49.230304,-123.060965,Y,MARCH,N,VANCOUVER,VANCOUVER,VANCOUVER,Y,N,N,LOWER MAINLAND,E 44TH AVE # 002200 TO 002299,E 44TH AVE,E 44TH AVE,12:00-14:59,1,0
N,PROPERTY DAMAGE ONLY,\N,N,2021,FRIDAY,SIDE SWIPE - SAME DIRECTION,N,N,49.2417,-122.872575,Y,MARCH,N,COQUITLAM,COQUITLAM,COQUITLAM,Y,N,N,LOWER MAINLAND,DELESTRE AVE # 000900 TO 000909,DELESTRE AVE,DELESTRE AVE,12:00-14:59,1,0
N,PROPERTY DAMAGE ONLY,\N,N,2021,FRIDAY,SIDE SWIPE - SAME DIRECTION,N,N,49.248075,-123.163794,Y,MARCH,N,VANCOUVER,VANCOUVER,VANCOUVER,Y,N,N,LOWER MAINLAND,W KING EDWARD AVE # 002570 TO 002698 even,W KING EDWARD AVE,W KING EDWARD AVE,12:00-14:59,1,0
N,PROPERTY DAMAGE ONLY,\N,N,2021,FRIDAY,SIDE SWIPE - SAME DIRECTION,N,N,49.257293,-123.021233,Y,MARCH,N,BURNABY,BURNABY,BURNABY,Y,Y,N,LOWER MAINLAND,MANOR ST # 003750 TO 003773,MANOR ST,MANOR ST,12:00-14:59,1,0
N,PROPERTY DAMAGE ONLY,\N,N,2021,FRIDAY,SIDE SWIPE - SAME DIRECTION,N,N,49.269446,-123.180672,Y,MARCH,N,VANCOUVER,VANCOUVER,VANCOUVER,Y,N,N,LOWER MAINLAND,W 3RD AVE # 003400 TO 003499,W 3RD AVE,W 3RD AVE,12:00-14:59,1,0
N,PROPERTY DAMAGE ONLY,\N,N,2021,FRIDAY,SIDE SWIPE - SAME DIRECTION,N,N,49.278312,-123.116731,Y,MARCH,N,VANCOUVER,VANCOUVER,VANCOUVER,Y,Y,N,LOWER MAINLAND,HAMILTON ST # 000800 TO 000899,HAMILTON ST,HAMILTON ST,12:00-14:59,1,0
N,PROPERTY DAMAGE ONLY,\N,N,2021,FRIDAY,SIDE SWIPE - SAME DIRECTION,N,N,49.283143,-123.108045,Y,MARCH,N,VANCOUVER,VANCOUVER,VANCOUVER,Y,N,N,LOWER MAINLAND,W CORDOVA ST # 000100 TO 000299,W CORDOVA ST,W CORDOVA ST,12:00-14:59,1,0
N,PROPERTY DAMAGE ONLY,\N,N,2021,FRIDAY,SIDE SWIPE - SAME DIRECTION,N,N,49.291641,-122.789769,Y,MARCH,N,COQUITLAM,COQUITLAM,COQUITLAM,Y,N,N,LOWER MAINLAND,PINETREE WAY # 001301 TO 001321 odd,PINETREE WAY,PINETREE WAY,12:00-14:59,1,0
N,PROPERTY DAMAGE ONLY,\N,N,2021,FRIDAY,SIDE SWIPE - SAME DIRECTION,N,N,49.322721,-123.091221,Y,MARCH,N,NORTH VANCOUVER,NORTH VANCOUVER,NORTH VANCOUVER,Y,N,N,LOWER MAINLAND,BEWICKE AVE # 001500 TO 001599,BEWICKE AVE,BEWICKE AVE,12:00-14:59,1,0
N,PROPERTY DAMAGE ONLY,\N,N,2021,FRIDAY,SIDE SWIPE - SAME DIRECTION,Y,N,49.263343,-122.83771,Y,MARCH,N,COQUITLAM,COQUITLAM,COQUITLAM,N,Y,N,LOWER MAINLAND,COMO LAKE AVE # 001960 TO 001989,COMO LAKE AVE,COMO LAKE AVE,12:00-14:59,1,0
N,PROPERTY DAMAGE ONLY,\N,N,2021,FRIDAY,SIDE SWIPE - SAME DIRECTION,Y,N,49.322756,-122.993508,Y,MARCH,N,NORTH VANCOUVER,NORTH VANCOUVER,NORTH VANCOUVER,N,N,N,LOWER MAINLAND,LARKHALL CRES # 001600 TO 001999,LARKHALL CRES,LARKHALL CRES,12:00-14:59,1,0
N,PROPERTY DAMAGE ONLY,\N,N,2021,FRIDAY,SINGLE VEHICLE,N,N,\N,\N,N,MARCH,N,BURNABY,BURNABY,\N,Y,Y,N,LOWER MAINLAND,UNKNOWN,AUSTIN AVE,AUSTIN AVE,12:00-14:59,1,0
N,PROPERTY DAMAGE ONLY,\N,N,2021,FRIDAY,SINGLE VEHICLE,N,N,\N,\N,N,MARCH,N,COQUITLAM,COQUITLAM,\N,N,N,N,LOWER MAINLAND,UNKNOWN,HWY 1,HWY 1,12:00-14:59,1,0
N,PROPERTY DAMAGE ONLY,\N,N,2021,FRIDAY,SINGLE VEHICLE,N,N,\N,\N,N,MARCH,N,COQUITLAM,COQUITLAM,\N,N,N,N,LOWER MAINLAND,UNKNOWN,PIPELINE RD,PIPELINE RD,12:00-14:59,1,0
N,PROPERTY DAMAGE ONLY,\N,N,2021,FRIDAY,SINGLE VEHICLE,N,N,\N,\N,N,MARCH,N,CUMBERLAND,CUMBERLAND,\N,N,N,N,VANCOUVER ISLAND,UNKNOWN,COMOX VALLEY PRK,COMOX VALLEY PRK,12:00-14:59,1,0
N,PROPERTY DAMAGE ONLY,\N,N,2021,FRIDAY,SINGLE VEHICLE,N,N,\N,\N,N,MARCH,N,DAWSON CREEK,DAWSON CREEK,\N,N,N,N,NORTH CENTRAL,UNKNOWN,LIVINGSTON RD,LIVINGSTON RD,12:00-14:59,1,0
N,PROPERTY DAMAGE ONLY,\N,N,2021,FRIDAY,SINGLE VEHICLE,N,N,\N,\N,N,MARCH,N,FALKLAND,FALKLAND,\N,N,N,N,SOUTHERN INTERIOR,UNKNOWN,BOLEAN LAKE RD,BOLEAN LAKE RD,12:00-14:59,1,0
N,PROPERTY DAMAGE ONLY,\N,N,2021,FRIDAY,SINGLE VEHICLE,N,N,\N,\N,N,MARCH,N,GRAND FORKS,GRAND FORKS,\N,N,N,N,SOUTHERN INTERIOR,UNKNOWN,SAGAMORE RD,SAGAMORE RD,12:00-14:59,1,0
N,PROPERTY DAMAGE ONLY,\N,N,2021,FRIDAY,SINGLE VEHICLE,N,N,\N,\N,N,MARCH,N,HOPE,HOPE,\N,N,N,N,LOWER MAINLAND,UNKNOWN,COQUIHALLA HWY,COQUIHALLA HWY,12:00-14:59,1,0
N,PROPERTY DAMAGE ONLY,\N,N,2021,FRIDAY,SINGLE VEHICLE,N,N,\N,\N,N,MARCH,N,HOPE,HOPE,\N,N,N,N,LOWER MAINLAND,UNKNOWN,HWY 5,HWY 5,12:00-14:59,1,0
N,PROPERTY DAMAGE ONLY,\N,N,2021,FRIDAY,SINGLE VEHICLE,N,N,\N,\N,N,MARCH,N,LANGLEY,LANGLEY,\N,N,N,N,LOWER MAINLAND,UNKNOWN,WALNUT GROVE DR,WALNUT GROVE DR,12:00-14:59,1,0
N,PROPERTY DAMAGE ONLY,\N,N,2021,FRIDAY,SINGLE VEHICLE,N,N,\N,\N,N,MARCH,N,LANGLEY,LANGLEY,\N,Y,N,N,LOWER MAINLAND,UNKNOWN,UNKNOWN,UNKNOWN,12:00-14:59,1,0
N,PROPERTY DAMAGE ONLY,\N,N,2021,FRIDAY,SINGLE VEHICLE,N,N,\N,\N,N,MARCH,N,MERRITT,MERRITT,\N,N,Y,N,SOUTHERN INTERIOR,UNKNOWN,GARCIA ST,GARCIA ST,12:00-14:59,1,0
N,PROPERTY DAMAGE ONLY,\N,N,2021,FRIDAY,SINGLE VEHICLE,N,N,\N,\N,N,MARCH,N,NANAIMO,NANAIMO,\N,N,N,N,VANCOUVER ISLAND,UNKNOWN,ISLAND HWY S,ISLAND HWY S,12:00-14:59,1,0
N,PROPERTY DAMAGE ONLY,\N,N,2021,FRIDAY,SINGLE VEHICLE,N,N,\N,\N,N,MARCH,N,PORT ALICE,PORT ALICE,\N,N,N,N,VANCOUVER ISLAND,UNKNOWN,BEACH DR,BEACH DR,12:00-14:59,1,0
N,PROPERTY DAMAGE ONLY,\N,N,2021,FRIDAY,SINGLE VEHICLE,N,N,\N,\N,N,MARCH,N,QUESNEL,QUESNEL,\N,N,N,N,NORTH CENTRAL,UNKNOWN,MYERS ROAD,MYERS ROAD,12:00-14:59,1,0
N,PROPERTY DAMAGE ONLY,\N,N,2021,FRIDAY,SINGLE VEHICLE,N,N,\N,\N,N,MARCH,N,RICHMOND,RICHMOND,\N,Y,Y,N,LOWER MAINLAND,UNKNOWN,NUMBER 3 ROAD,NUMBER 3 ROAD,12:00-14:59,1,0
N,PROPERTY DAMAGE ONLY,\N,N,2021,FRIDAY,SINGLE VEHICLE,N,N,\N,\N,N,MARCH,N,SURREY,SURREY,\N,N,N,N,LOWER MAINLAND,UNKNOWN,SOUTH FRASER PERIMETER RD,SOUTH FRASER PERIMETER RD,12:00-14:59,1,0
N,PROPERTY DAMAGE ONLY,\N,N,2021,FRIDAY,SINGLE VEHICLE,N,N,\N,\N,N,MARCH,N,TERRACE,TERRACE,\N,N,N,N,NORTH CENTRAL,UNKNOWN,LAZELLE AVE,LAZELLE AVE,12:00-14:59,1,0
N,PROPERTY DAMAGE ONLY,\N,N,2021,FRIDAY,SINGLE VEHICLE,N,N,\N,\N,N,MARCH,N,VANCOUVER,VANCOUVER,\N,N,N,N,LOWER MAINLAND,UNKNOWN,8TH,8TH,12:00-14:59,1,0
N,PROPERTY DAMAGE ONLY,\N,N,2021,FRIDAY,SINGLE VEHICLE,N,N,\N,\N,N,MARCH,N,VANCOUVER,VANCOUVER,\N,N,N,N,LOWER MAINLAND,UNKNOWN,MAINLAND ST,MAINLAND ST,12:00-14:59,1,0
N,PROPERTY DAMAGE ONLY,\N,N,2021,FRIDAY,SINGLE VEHICLE,N,N,\N,\N,N,MARCH,N,VANCOUVER,VANCOUVER,\N,N,N,N,LOWER MAINLAND,UNKNOWN,W BROADWAY,W BROADWAY,12:00-14:59,1,0
N,PROPERTY DAMAGE ONLY,\N,N,2021,FRIDAY,SINGLE VEHICLE,N,N,\N,\N,N,MARCH,N,VANCOUVER,VANCOUVER,\N,N,Y,N,LOWER MAINLAND,UNKNOWN,HEATHER ST,HEATHER ST,12:00-14:59,1,0
N,PROPERTY DAMAGE ONLY,\N,N,2021,FRIDAY,SINGLE VEHICLE,N,N,\N,\N,N,MARCH,N,WHISTLER,WHISTLER,\N,N,N,N,LOWER MAINLAND,UNKNOWN,NOT KNOWN,NOT KNOWN,12:00-14:59,1,0
N,PROPERTY DAMAGE ONLY,\N,N,2021,FRIDAY,SINGLE VEHICLE,N,N,48.424547,-123.34648,Y,MARCH,N,VICTORIA,VICTORIA,VICTORIA,N,Y,N,VANCOUVER ISLAND,YATES ST # 001240 TO 001299,YATES ST,YATES ST,12:00-14:59,1,0
N,PROPERTY DAMAGE ONLY,\N,N,2021,FRIDAY,SINGLE VEHICLE,N,N,48.430958,-123.349827,Y,MARCH,N,VICTORIA,VICTORIA,VICTORIA,N,N,N,VANCOUVER ISLAND,CHAMBERS ST # 002000 TO 002009,CHAMBERS ST,CHAMBERS ST,12:00-14:59,1,0
N,PROPERTY DAMAGE ONLY,\N,N,2021,FRIDAY,SINGLE VEHICLE,N,N,48.433642,-123.329143,Y,MARCH,N,SAANICH,SAANICH,SAANICH & VICTORIA,N,Y,N,VANCOUVER ISLAND,BAY ST # 001900 TO 001999,BAY ST,BAY ST,12:00-14:59,1,0
N,PROPERTY DAMAGE ONLY,\N,N,2021,FRIDAY,SINGLE VEHICLE,N,N,48.44305,-123.473093,Y,MARCH,N,COLWOOD,COLWOOD,COLWOOD,N,Y,N,VANCOUVER ISLAND,GOLDSTREAM AVE # 000300 TO 000398,GOLDSTREAM AVE,GOLDSTREAM AVE,12:00-14:59,1,0
N,PROPERTY DAMAGE ONLY,\N,N,2021,FRIDAY,SINGLE VEHICLE,N,N,48.476372,-123.308685,Y,MARCH,N,SAANICH,SAANICH,SAANICH,N,Y,N,VANCOUVER ISLAND,GREENLANDS RD # 002200 TO 002249,GREENLANDS RD,GREENLANDS RD,12:00-14:59,1,0
N,PROPERTY DAMAGE ONLY,\N,N,2021,FRIDAY,SINGLE VEHICLE,N,N,48.507923,-123.408758,Y,MARCH,N,SAANICH,SAANICH,SAANICH,N,N,N,VANCOUVER ISLAND,WEST SAANICH RD # 004840 TO 004859,WEST SAANICH RD,WEST SAANICH RD,12:00-14:59,1,0
N,PROPERTY DAMAGE ONLY,\N,N,2021,FRIDAY,SINGLE VEHICLE,N,N,48.78654,-123.72497,Y,MARCH,N,DUNCAN,DUNCAN,DUNCAN,N,N,N,VANCOUVER ISLAND,CORNERSTONE PL # 005943 TO 005965 odd,CORNERSTONE PL,CORNERSTONE PL,12:00-14:59,1,0
N,PROPERTY DAMAGE ONLY,\N,N,2021,FRIDAY,SINGLE VEHICLE,N,N,48.79685,-123.765793,Y,MARCH,N,DUNCAN,DUNCAN,DUNCAN,N,Y,N,VANCOUVER ISLAND,FINWOOD PL # 003800 TO 003889,FINWOOD PL,FINWOOD PL,12:00-14:59,1,0
N,PROPERTY DAMAGE ONLY,\N,N,2021,FRIDAY,SINGLE VEHICLE,N,N,48.829034,-123.48198,Y,MARCH,N,SALT SPRING ISLAND,SALT SPRING ISLAND,SALT SPRING ISLAND,N,N,N,VANCOUVER ISLAND,ISLE VIEW DR # 000100 TO 000249,ISLE VIEW DR,ISLE VIEW DR,12:00-14:59,1,0
N,PROPERTY DAMAGE ONLY,\N,N,2021,FRIDAY,SINGLE VEHICLE,N,N,49.075209,-122.664146,Y,MARCH,N,LANGLEY,LANGLEY,LANGLEY,N,N,N,LOWER MAINLAND,202 ST # 004000 TO 004069,202 ST,202 ST,12:00-14:59,1,0
N,PROPERTY DAMAGE ONLY,\N,N,2021,FRIDAY,SINGLE VEHICLE,N,N,49.103364,-122.655062,Y,MARCH,N,LANGLEY,LANGLEY,LANGLEY,N,Y,N,LOWER MAINLAND,DOUGLAS CRES # 020410 TO 020499,DOUGLAS CRES,DOUGLAS CRES,12:00-14:59,1,0
N,PROPERTY DAMAGE ONLY,\N,N,2021,FRIDAY,SINGLE VEHICLE,N,N,49.118949,-122.667128,Y,MARCH,N,LANGLEY,LANGLEY,LANGLEY,N,Y,N,LOWER MAINLAND,64 AVE # 020000 TO 020098 even,64 AVE,64 AVE,12:00-14:59,1,0
N,PROPERTY DAMAGE ONLY,\N,N,2021,FRIDAY,SINGLE VEHICLE,N,N,49.146952,-122.639356,Y,MARCH,N,LANGLEY,LANGLEY,LANGLEY,N,N,N,LOWER MAINLAND,79A AVE # 021008 TO 021099,79A AVE,79A AVE,12:00-14:59,1,0
N,PROPERTY DAMAGE ONLY,\N,N,2021,FRIDAY,SINGLE VEHICLE,N,N,49.168834,-123.132587,Y,MARCH,N,RICHMOND,RICHMOND,RICHMOND,N,Y,N,LOWER MAINLAND,SABA RD # 008200 TO 008299,SABA RD,SABA RD,12:00-14:59,1,0
N,PROPERTY DAMAGE ONLY,\N,N,2021,FRIDAY,SINGLE VEHICLE,N,N,49.170146,-123.132579,Y,MARCH,N,RICHMOND,RICHMOND,RICHMOND,N,Y,N,LOWER MAINLAND,WESTMINSTER HWY # 008252 TO 008398 even,WESTMINSTER HWY,WESTMINSTER HWY,12:00-14:59,1,0
N,PROPERTY DAMAGE ONLY,\N,N,2021,FRIDAY,SINGLE VEHICLE,N,N,49.176673,-123.845379,Y,MARCH,N,GABRIOLA ISLAND,GABRIOLA ISLAND,GABRIOLA ISLAND,N,N,N,VANCOUVER ISLAND,ROSS WAY # 000720 TO 000739,ROSS WAY,ROSS WAY,12:00-14:59,1,0
N,PROPERTY DAMAGE ONLY,\N,N,2021,FRIDAY,SINGLE VEHICLE,N,N,49.189333,-123.951761,Y,MARCH,N,NANAIMO,NANAIMO,NANAIMO,N,Y,N,VANCOUVER ISLAND,TRANS-CANADA HWY # 000600 TO 000680 even,TRANS-CANADA HWY,TRANS-CANADA HWY,12:00-14:59,1,0
N,PROPERTY DAMAGE ONLY,\N,N,2021,FRIDAY,SINGLE VEHICLE,N,N,49.193423,-122.97184,Y,MARCH,N,BURNABY,BURNABY,BURNABY,N,Y,N,LOWER MAINLAND,NORTH FRASER WAY # 008270 TO 008299,NORTH FRASER WAY,NORTH FRASER WAY,12:00-14:59,1,0
N,PROPERTY DAMAGE ONLY,\N,N,2021,FRIDAY,SINGLE VEHICLE,N,N,49.211685,-123.957171,Y,MARCH,N,NANAIMO,NANAIMO,NANAIMO,N,N,N,VANCOUVER ISLAND,HAMMOND BAY RD # 003190 TO 003196,HAMMOND BAY RD,HAMMOND BAY RD,12:00-14:59,1,0
N,PROPERTY DAMAGE ONLY,\N,N,2021,FRIDAY,SINGLE VEHICLE,N,N,49.221945,-122.969297,Y,MARCH,N,BURNABY,BURNABY,BURNABY,N,Y,N,LOWER MAINLAND,IMPERIAL ST # 006400 TO 006599,IMPERIAL ST,IMPERIAL ST,12:00-14:59,1,0
N,PROPERTY DAMAGE ONLY,\N,N,2021,FRIDAY,SINGLE VEHICLE,N,N,49.236351,-124.045794,Y,MARCH,N,NANAIMO,NANAIMO,NANAIMO,N,Y,N,VANCOUVER ISLAND,ISLAND HWY N # 006584 TO 006748 even,ISLAND HWY N,ISLAND HWY N,12:00-14:59,1,0
N,PROPERTY DAMAGE ONLY,\N,N,2021,FRIDAY,SINGLE VEHICLE,N,N,49.249068,-122.888593,Y,MARCH,N,COQUITLAM,COQUITLAM,COQUITLAM,N,N,N,LOWER MAINLAND,AUSTIN AVE # 000540 TO 000579,AUSTIN AVE,AUSTIN AVE,12:00-14:59,1,0
N,PROPERTY DAMAGE ONLY,\N,N,2021,FRIDAY,SINGLE VEHICLE,N,N,49.26571,-123.083934,Y,MARCH,N,VANCOUVER,VANCOUVER,VANCOUVER,N,N,N,LOWER MAINLAND,GREAT NORTHERN WAY # 000800 TO 001099,GREAT NORTHERN WAY,GREAT NORTHERN WAY,12:00-14:59,1,0
N,PROPERTY DAMAGE ONLY,\N,N,2021,FRIDAY,SINGLE VEHICLE,N,N,49.266366,-124.851999,Y,MARCH,N,PORT ALBERNI,PORT ALBERNI,PORT ALBERNI,N,N,N,VANCOUVER ISLAND,YAQWIIMIT PL # 006270 TO 006274 even,LOGGING RD,LOGGING RD,12:00-14:59,1,0
N,PROPERTY DAMAGE ONLY,\N,N,2021,FRIDAY,SINGLE VEHICLE,N,N,49.266407,-123.004655,Y,MARCH,N,BURNABY,BURNABY,BURNABY,N,Y,N,LOWER MAINLAND,LOUGHEED HWY # 004400 TO 004498 even,LOUGHEED HWY,LOUGHEED HWY,12:00-14:59,1,0
N,PROPERTY DAMAGE ONLY,\N,N,2021,FRIDAY,SINGLE VEHICLE,N,N,49.269246,-123.101735,Y,MARCH,N,VANCOUVER,VANCOUVER,VANCOUVER,N,Y,N,LOWER MAINLAND,E 2ND AVE # 000101 TO 000199 odd,E 2ND AVE,E 2ND AVE,12:00-14:59,1,0
N,PROPERTY DAMAGE ONLY,\N,N,2021,FRIDAY,SINGLE VEHICLE,N,N,49.269576,-123.04457,Y,MARCH,N,VANCOUVER,VANCOUVER,VANCOUVER,N,Y,N,LOWER MAINLAND,E 1ST AVE # 002875 TO 002899 odd,E 1ST AVE,E 1ST AVE,12:00-14:59,1,0
N,PROPERTY DAMAGE ONLY,\N,N,2021,FRIDAY,SINGLE VEHICLE,N,N,49.270314,-123.100596,Y,MARCH,N,VANCOUVER,VANCOUVER,VANCOUVER,N,N,N,LOWER MAINLAND,MAIN ST # 001676 TO 001698 even,MAIN ST,MAIN ST,12:00-14:59,1,0
N,PROPERTY DAMAGE ONLY,\N,N,2021,FRIDAY,SINGLE VEHICLE,N,N,49.270611,-123.142489,Y,MARCH,N,VANCOUVER,VANCOUVER,VANCOUVER,N,Y,N,LOWER MAINLAND,W 1ST AVE # 001641 TO 001699,W 1ST AVE,W 1ST AVE,12:00-14:59,1,0
N,PROPERTY DAMAGE ONLY,\N,N,2021,FRIDAY,SINGLE VEHICLE,N,N,49.27734,-122.808364,Y,MARCH,N,COQUITLAM,COQUITLAM,COQUITLAM,N,Y,N,LOWER MAINLAND,LANSDOWNE DR # 001100 TO 001109,LANSDOWNE DR,LANSDOWNE DR,12:00-14:59,1,0
N,PROPERTY DAMAGE ONLY,\N,N,2021,FRIDAY,SINGLE VEHICLE,N,N,49.280846,-123.120604,Y,MARCH,N,VANCOUVER,VANCOUVER,VANCOUVER,N,Y,N,LOWER MAINLAND,GRANVILLE ST # 000800 TO 000899,GRANVILLE ST,GRANVILLE ST,12:00-14:59,1,0
N,PROPERTY DAMAGE ONLY,\N,N,2021,FRIDAY,SINGLE VEHICLE,N,N,49.282804,-123.118644,Y,MARCH,N,VANCOUVER,VANCOUVER,VANCOUVER,N,Y,N,LOWER MAINLAND,W GEORGIA ST # 000700 TO 000799,W GEORGIA ST,W GEORGIA ST,12:00-14:59,1,0
N,PROPERTY DAMAGE ONLY,\N,N,2021,FRIDAY,SINGLE VEHICLE,N,N,49.283645,-123.106511,Y,MARCH,N,VANCOUVER,VANCOUVER,VANCOUVER,N,Y,N,LOWER MAINLAND,ABBOTT ST # 000200 TO 000249,ABBOTT ST,ABBOTT ST,12:00-14:59,1,0
N,PROPERTY DAMAGE ONLY,\N,N,2021,FRIDAY,SINGLE VEHICLE,N,N,49.846171,-119.604383,Y,MARCH,N,WEST KELOWNA,WEST KELOWNA,WEST KELOWNA,N,Y,N,SOUTHERN INTERIOR,OLD OKANAGAN HWY # 002095 TO 002281,OLD OKANAGAN HWY,OLD OKANAGAN HWY,12:00-14:59,1,0
N,PROPERTY DAMAGE ONLY,\N,N,2021,FRIDAY,SINGLE VEHICLE,N,N,49.862258,-124.543322,Y,MARCH,N,POWELL RIVER,POWELL RIVER,POWELL RIVER,N,Y,N,VANCOUVER ISLAND,MARINE AVE # 005350 TO 005409,MARINE AVE,MARINE AVE,12:00-14:59,1,0
N,PROPERTY DAMAGE ONLY,\N,N,2021,FRIDAY,SINGLE VEHICLE,N,N,49.911333,-119.399143,Y,MARCH,N,KELOWNA,KELOWNA,KELOWNA,N,Y,N,SOUTHERN INTERIOR,HWY 97 N # 003258 TO 003298 even,HWY 97 N,HWY 97 N,12:00-14:59,1,0
N,PROPERTY DAMAGE ONLY,\N,N,2021,FRIDAY,SINGLE VEHICLE,N,N,49.912674,-119.399464,Y,MARCH,N,KELOWNA,KELOWNA,KELOWNA,N,Y,N,SOUTHERN INTERIOR,WILLOW PARK RD # 000650 TO 000699,WILLOW PARK RD,WILLOW PARK RD,12:00-14:59,1,0
N,PROPERTY DAMAGE ONLY,\N,N,2021,FRIDAY,SINGLE VEHICLE,N,N,50.231222,-119.242818,Y,MARCH,N,COLDSTREAM,COLDSTREAM,COLDSTREAM,N,N,N,SOUTHERN INTERIOR,MIDDLETON CLOSE # 000470 TO 000539,MIDDLETON CLOSE,MIDDLETON CLOSE,12:00-14:59,1,0
N,PROPERTY DAMAGE ONLY,\N,N,2021,FRIDAY,SINGLE VEHICLE,N,N,50.65209,-120.368715,Y,MARCH,N,KAMLOOPS,KAMLOOPS,KAMLOOPS,N,N,N,SOUTHERN INTERIOR,ROGERS PL # 001800 TO 001869,ROGERS PL,ROGERS PL,12:00-14:59,1,0
N,PROPERTY DAMAGE ONLY,\N,N,2021,FRIDAY,SINGLE VEHICLE,N,N,50.67136,-120.312996,Y,MARCH,N,KAMLOOPS,KAMLOOPS,KAMLOOPS,N,Y,N,SOUTHERN INTERIOR,COLUMBIA ST # 001100 TO 001199,COLUMBIA ST,COLUMBIA ST,12:00-14:59,1,0
N,PROPERTY DAMAGE ONLY,\N,N,2021,FRIDAY,SINGLE VEHICLE,N,N,53.887302,-122.815947,Y,MARCH,N,PRINCE GEORGE,PRINCE GEORGE,PRINCE GEORGE,N,Y,N,NORTH CENTRAL,UNIVERSITY WAY # 003300 TO 003339,UNIVERSITY WAY,UNIVERSITY WAY,12:00-14:59,1,0
N,PROPERTY DAMAGE ONLY,\N,N,2021,FRIDAY,SINGLE VEHICLE,N,N,54.070387,-124.095349,Y,MARCH,N,VANDERHOOF,VANDERHOOF,VANDERHOOF,N,N,N,NORTH CENTRAL,PRAIRIEDALE RD # 006026 TO 006139,PRAIRIEDALE RD,PRAIRIEDALE RD,12:00-14:59,1,0
N,PROPERTY DAMAGE ONLY,\N,N,2021,FRIDAY,SINGLE VEHICLE,N,N,54.435619,-124.246147,Y,MARCH,N,FORT ST. JAMES,FORT ST. JAMES,FORT ST. JAMES,N,Y,N,NORTH CENTRAL,MOUNTAINVIEW RD # 000325 TO 000499,MOUNTAINVIEW RD,MOUNTAINVIEW RD,12:00-14:59,1,0
N,PROPERTY DAMAGE ONLY,\N,N,2021,FRIDAY,SINGLE VEHICLE,Y,N,\N,\N,N,MARCH,N,GIBSONS,GIBSONS,\N,N,N,N,LOWER MAINLAND,UNKNOWN,HWY 101,HWY 101,12:00-14:59,1,0
N,PROPERTY DAMAGE ONLY,\N,N,2021,FRIDAY,SINGLE VEHICLE,Y,N,49.136231,-122.306283,Y,MARCH,N,MISSION,MISSION,MISSION,N,N,N,LOWER MAINLAND,3RD AVE # 033100 TO 033199,3RD AVE,3RD AVE,12:00-14:59,1,0
N,PROPERTY DAMAGE ONLY,\N,N,2021,FRIDAY,SINGLE VEHICLE,Y,N,49.175217,-122.698908,Y,MARCH,N,SURREY,SURREY,SURREY,N,Y,N,LOWER MAINLAND,189 ST # 009400 TO 009599,189 ST,189 ST,12:00-14:59,1,0
N,PROPERTY DAMAGE ONLY,\N,N,2021,FRIDAY,SINGLE VEHICLE,Y,N,49.202942,-122.908354,Y,MARCH,N,NEW WESTMINSTER,NEW WESTMINSTER,NEW WESTMINSTER,N,N,N,LOWER MAINLAND,COLUMBIA ST # 000600 TO 000639,COLUMBIA ST,COLUMBIA ST,12:00-14:59,1,0
N,PROPERTY DAMAGE ONLY,\N,N,2021,FRIDAY,SINGLE VEHICLE,Y,N,49.204388,-122.885228,Y,MARCH,N,SURREY,SURREY,SURREY,N,N,N,LOWER MAINLAND,BRIDGE RD # 011105 TO 011139 odd,BRIDGE RD,BRIDGE RD,12:00-14:59,1,0
N,PROPERTY DAMAGE ONLY,\N,N,2021,FRIDAY,SINGLE VEHICLE,Y,N,49.225291,-123.161357,Y,MARCH,N,VANCOUVER,VANCOUVER,VANCOUVER,N,N,N,LOWER MAINLAND,BALSAM ST # 006658 TO 006699,BALSAM ST,BALSAM ST,12:00-14:59,1,0
N,PROPERTY DAMAGE ONLY,\N,N,2021,FRIDAY,SINGLE VEHICLE,Y,N,49.269379,-123.022254,Y,MARCH,N,BURNABY,BURNABY,BURNABY,N,N,N,LOWER MAINLAND,1ST AVE # 003734 TO 003767,1ST AVE,1ST AVE,12:00-14:59,1,0
N,PROPERTY DAMAGE ONLY,\N,N,2021,FRIDAY,UNDETERMINED,N,N,\N,\N,N,MARCH,N,CHASE,CHASE,\N,Y,Y,N,SOUTHERN INTERIOR,UNKNOWN,CHIEF MESKONLITH,CHIEF MESKONLITH,12:00-14:59,1,0
N,PROPERTY DAMAGE ONLY,\N,N,2021,FRIDAY,UNDETERMINED,N,N,\N,\N,N,MARCH,N,DELTA,DELTA,\N,Y,Y,N,LOWER MAINLAND,UNKNOWN,CANOE PASS WAY,CANOE PASS WAY,12:00-14:59,1,0
N,PROPERTY DAMAGE ONLY,\N,N,2021,FRIDAY,UNDETERMINED,N,N,\N,\N,N,MARCH,N,GRAND FORKS,GRAND FORKS,\N,N,Y,N,SOUTHERN INTERIOR,UNKNOWN,ALMOND GARDENS RD,ALMOND GARDENS RD,12:00-14:59,1,0
N,PROPERTY DAMAGE ONLY,\N,N,2021,FRIDAY,UNDETERMINED,N,N,\N,\N,N,MARCH,N,HAZELTON,HAZELTON,\N,Y,Y,N,NORTH CENTRAL,UNKNOWN,10 AVE,10 AVE,12:00-14:59,1,0
N,PROPERTY DAMAGE ONLY,\N,N,2021,FRIDAY,UNDETERMINED,N,N,\N,\N,N,MARCH,N,KAMLOOPS,KAMLOOPS,\N,N,N,N,SOUTHERN INTERIOR,UNKNOWN,UNKNOOWN,UNKNOOWN,12:00-14:59,1,0
N,PROPERTY DAMAGE ONLY,\N,N,2021,FRIDAY,UNDETERMINED,N,N,\N,\N,N,MARCH,N,LANGLEY,LANGLEY,\N,N,N,N,LOWER MAINLAND,UNKNOWN,HWY 1,HWY 1,12:00-14:59,1,0
N,PROPERTY DAMAGE ONLY,\N,N,2021,FRIDAY,UNDETERMINED,N,N,\N,\N,N,MARCH,N,NANAIMO,NANAIMO,\N,N,N,N,VANCOUVER ISLAND,UNKNOWN,ALBERT ST,ALBERT ST,12:00-14:59,1,0
N,PROPERTY DAMAGE ONLY,\N,N,2021,FRIDAY,UNDETERMINED,N,N,\N,\N,N,MARCH,N,PRINCE GEORGE,PRINCE GEORGE,\N,N,N,N,NORTH CENTRAL,UNKNOWN,1ST AVE,1ST AVE,12:00-14:59,1,0
N,PROPERTY DAMAGE ONLY,\N,N,2021,FRIDAY,UNDETERMINED,N,N,\N,\N,N,MARCH,N,RICHMOND,RICHMOND,\N,N,N,N,LOWER MAINLAND,UNKNOWN,HAZELBRIDGE WAY,HAZELBRIDGE WAY,12:00-14:59,1,0
N,PROPERTY DAMAGE ONLY,\N,N,2021,FRIDAY,UNDETERMINED,N,N,\N,\N,N,MARCH,N,SURREY,SURREY,\N,N,N,N,LOWER MAINLAND,UNKNOWN,UNKNOWN,UNKNOWN,12:00-14:59,1,0
N,PROPERTY DAMAGE ONLY,\N,N,2021,FRIDAY,UNDETERMINED,N,N,\N,\N,N,MARCH,N,SURREY,SURREY,\N,Y,N,N,LOWER MAINLAND,UNKNOWN,UNKONWN,UNKONWN,12:00-14:59,1,0
N,PROPERTY DAMAGE ONLY,\N,N,2021,FRIDAY,UNDETERMINED,N,N,\N,\N,N,MARCH,N,TRAIL,TRAIL,\N,Y,Y,N,SOUTHERN INTERIOR,UNKNOWN,FAREWELL,FAREWELL,12:00-14:59,1,0
N,PROPERTY DAMAGE ONLY,\N,N,2021,FRIDAY,UNDETERMINED,N,N,\N,\N,N,MARCH,N,UNKNOWN,UNKNOWN,\N,N,N,N,UNKNOWN,UNKNOWN,Unknown,\N,12:00-14:59,1,0
N,PROPERTY DAMAGE ONLY,\N,N,2021,FRIDAY,UNDETERMINED,N,N,\N,\N,N,MARCH,N,UNKNOWN,UNKNOWN,\N,N,N,N,UNKNOWN,UNKNOWN,UNKNOWN,UNKNOWN,12:00-14:59,2,0
N,PROPERTY DAMAGE ONLY,\N,N,2021,FRIDAY,UNDETERMINED,N,N,\N,\N,N,MARCH,N,UNKNOWN,UNKNOWN,\N,Y,N,N,UNKNOWN,UNKNOWN,UNKNOWN,UNKNOWN,12:00-14:59,2,0
N,PROPERTY DAMAGE ONLY,\N,N,2021,FRIDAY,UNDETERMINED,N,N,\N,\N,N,MARCH,N,VANCOUVER,VANCOUVER,\N,Y,N,N,LOWER MAINLAND,UNKNOWN,CARTIER ST,CARTIER ST,12:00-14:59,1,0
N,PROPERTY DAMAGE ONLY,\N,N,2021,FRIDAY,UNDETERMINED,N,N,\N,\N,N,MARCH,N,VERNON,VERNON,\N,Y,N,N,SOUTHERN INTERIOR,UNKNOWN,24 AVE,24 AVE,12:00-14:59,1,0
N,PROPERTY DAMAGE ONLY,\N,N,2021,FRIDAY,UNDETERMINED,N,N,\N,\N,N,MARCH,N,VERNON,VERNON,\N,Y,Y,N,SOUTHERN INTERIOR,UNKNOWN,SILVER STAR RD,SILVER STAR RD,12:00-14:59,1,0
N,PROPERTY DAMAGE ONLY,\N,N,2021,FRIDAY,UNDETERMINED,N,N,\N,\N,N,MARCH,N,VICTORIA,VICTORIA,\N,Y,N,N,VANCOUVER ISLAND,UNKNOWN,GLASGOW STREET,GLASGOW STREET,12:00-14:59,1,0
N,PROPERTY DAMAGE ONLY,\N,N,2021,FRIDAY,UNDETERMINED,N,N,\N,\N,N,MARCH,N,VICTORIA,VICTORIA,\N,Y,N,N,VANCOUVER ISLAND,UNKNOWN,PANDORA AVE,PANDORA AVE,12:00-14:59,1,0
N,PROPERTY DAMAGE ONLY,\N,N,2021,FRIDAY,UNDETERMINED,N,N,\N,\N,N,MARCH,N,VICTORIA,VICTORIA,\N,Y,N,N,VANCOUVER ISLAND,UNKNOWN,UNKNOWN,UNKNOWN,12:00-14:59,1,0
N,PROPERTY DAMAGE ONLY,\N,N,2021,FRIDAY,UNDETERMINED,N,N,\N,\N,N,MARCH,N,WEST VANCOUVER,WEST VANCOUVER,\N,N,N,N,LOWER MAINLAND,UNKNOWN,UNKNOWN,UNKNOWN,12:00-14:59,1,0
N,PROPERTY DAMAGE ONLY,\N,N,2021,FRIDAY,UNDETERMINED,N,N,\N,\N,N,MARCH,N,WEST VANCOUVER,WEST VANCOUVER,\N,Y,N,N,LOWER MAINLAND,UNKNOWN,MAIN ST,MAIN ST,12:00-14:59,1,0
N,PROPERTY DAMAGE ONLY,\N,N,2021,FRIDAY,UNDETERMINED,N,N,48.378428,-123.722102,Y,MARCH,N,SOOKE,SOOKE,SOOKE,Y,Y,N,VANCOUVER ISLAND,SOOKE RD # 006646 TO 006678,SOOKE RD,SOOKE RD,12:00-14:59,1,0
N,PROPERTY DAMAGE ONLY,\N,N,2021,FRIDAY,UNDETERMINED,N,N,48.422975,-123.349068,Y,MARCH,N,VICTORIA,VICTORIA,VICTORIA,Y,N,N,VANCOUVER ISLAND,FORT ST # 001200 TO 001229,FORT ST,FORT ST,12:00-14:59,1,0
N,PROPERTY DAMAGE ONLY,\N,N,2021,FRIDAY,UNDETERMINED,N,N,48.427015,-123.363259,Y,MARCH,N,VICTORIA,VICTORIA,VICTORIA,N,N,N,VANCOUVER ISLAND,JOHNSON ST # 000700 TO 000799,JOHNSON ST,JOHNSON ST,12:00-14:59,1,0
N,PROPERTY DAMAGE ONLY,\N,N,2021,FRIDAY,UNDETERMINED,N,N,48.433704,-123.396356,Y,MARCH,N,ESQUIMALT,ESQUIMALT,ESQUIMALT,Y,Y,N,VANCOUVER ISLAND,VIEWFIELD RD # 000800 TO 000879,VIEWFIELD RD,VIEWFIELD RD,12:00-14:59,1,0
N,PROPERTY DAMAGE ONLY,\N,N,2021,FRIDAY,UNDETERMINED,N,N,48.450851,-123.37144,Y,MARCH,N,SAANICH,SAANICH,SAANICH,Y,Y,N,VANCOUVER ISLAND,OAK ST # 003300 TO 003329,OAK ST,OAK ST,12:00-14:59,1,0
N,PROPERTY DAMAGE ONLY,\N,N,2021,FRIDAY,UNDETERMINED,N,N,48.459759,-123.332968,Y,MARCH,N,SAANICH,SAANICH,SAANICH,Y,Y,N,VANCOUVER ISLAND,SHELBOURNE ST # 003640 TO 003699,SHELBOURNE ST,SHELBOURNE ST,12:00-14:59,1,0
N,PROPERTY DAMAGE ONLY,\N,N,2021,FRIDAY,UNDETERMINED,N,N,48.787674,-123.671377,Y,MARCH,N,DUNCAN,DUNCAN,DUNCAN,N,Y,N,VANCOUVER ISLAND,INDIAN RD # 005960 TO 005999,INDIAN RD,INDIAN RD,12:00-14:59,2,0
N,PROPERTY DAMAGE ONLY,\N,N,2021,FRIDAY,UNDETERMINED,N,N,48.79948,-123.717552,Y,MARCH,N,DUNCAN,DUNCAN,DUNCAN,Y,Y,N,VANCOUVER ISLAND,GREEN RD # 002921 TO 002941 odd,GREEN RD,GREEN RD,12:00-14:59,1,0
N,PROPERTY DAMAGE ONLY,\N,N,2021,FRIDAY,UNDETERMINED,N,N,49.009159,-122.326727,Y,MARCH,N,ABBOTSFORD,ABBOTSFORD,ABBOTSFORD,N,Y,N,LOWER MAINLAND,COLUMBIA ST # 000000 TO 000749,COLUMBIA ST,COLUMBIA ST,12:00-14:59,1,0
N,PROPERTY DAMAGE ONLY,\N,N,2021,FRIDAY,UNDETERMINED,N,N,49.021743,-122.265356,Y,MARCH,N,ABBOTSFORD,ABBOTSFORD,ABBOTSFORD,N,Y,N,LOWER MAINLAND,SUMAS WAY # 001000 TO 001189,SUMAS WAY,SUMAS WAY,12:00-14:59,1,0
N,PROPERTY DAMAGE ONLY,\N,N,2021,FRIDAY,UNDETERMINED,N,N,49.021743,-122.265356,Y,MARCH,N,ABBOTSFORD,ABBOTSFORD,ABBOTSFORD,Y,Y,N,LOWER MAINLAND,SUMAS WAY # 001000 TO 001189,SUMAS WAY,SUMAS WAY,12:00-14:59,1,0
N,PROPERTY DAMAGE ONLY,\N,N,2021,FRIDAY,UNDETERMINED,N,N,49.0291,-122.293257,Y,MARCH,N,ABBOTSFORD,ABBOTSFORD,ABBOTSFORD,Y,Y,N,LOWER MAINLAND,MCCALLUM RD # 001450 TO 001503,MCCALLUM RD,MCCALLUM RD,12:00-14:59,1,0
N,PROPERTY DAMAGE ONLY,\N,N,2021,FRIDAY,UNDETERMINED,N,N,49.043398,-122.878392,Y,MARCH,N,SURREY,SURREY,SURREY,Y,N,N,LOWER MAINLAND,124 ST # 002200 TO 002309,124 ST,124 ST,12:00-14:59,1,0
N,PROPERTY DAMAGE ONLY,\N,N,2021,FRIDAY,UNDETERMINED,N,N,49.050294,-122.303292,Y,MARCH,N,ABBOTSFORD,ABBOTSFORD,ABBOTSFORD,N,N,N,LOWER MAINLAND,SOUTH FRASER WAY # 033200 TO 033289,SOUTH FRASER WAY,SOUTH FRASER WAY,12:00-14:59,1,0
N,PROPERTY DAMAGE ONLY,\N,N,2021,FRIDAY,UNDETERMINED,N,N,49.059862,-122.565003,Y,MARCH,N,LANGLEY,LANGLEY,LANGLEY,Y,Y,N,LOWER MAINLAND,32 AVE # 023600 TO 023999,32 AVE,32 AVE,12:00-14:59,1,0
N,PROPERTY DAMAGE ONLY,\N,N,2021,FRIDAY,UNDETERMINED,N,N,49.08779,-122.59242,Y,MARCH,N,LANGLEY,LANGLEY,LANGLEY,Y,Y,N,LOWER MAINLAND,228 ST # 004600 TO 004799,228 ST,228 ST,12:00-14:59,1,0
N,PROPERTY DAMAGE ONLY,\N,N,2021,FRIDAY,UNDETERMINED,N,N,49.090245,-123.079708,Y,MARCH,N,DELTA,DELTA,DELTA,Y,Y,N,LOWER MAINLAND,LADNER TRUNK RD # 005130 TO 005249,LADNER TRUNK RD,LADNER TRUNK RD,12:00-14:59,1,0
N,PROPERTY DAMAGE ONLY,\N,N,2021,FRIDAY,UNDETERMINED,N,N,49.095503,-116.512673,Y,MARCH,N,CRESTON,CRESTON,CRESTON,N,N,N,SOUTHERN INTERIOR,CANYON ST # 001004 TO 001049,CANYON ST,CANYON ST,12:00-14:59,1,0
N,PROPERTY DAMAGE ONLY,\N,N,2021,FRIDAY,UNDETERMINED,N,N,49.10095,-122.659753,Y,MARCH,N,LANGLEY,LANGLEY,LANGLEY,Y,Y,N,LOWER MAINLAND,203 ST # 005400 TO 005468,203 ST,203 ST,12:00-14:59,1,0
N,PROPERTY DAMAGE ONLY,\N,N,2021,FRIDAY,UNDETERMINED,N,N,49.104142,-122.732679,Y,MARCH,N,SURREY,SURREY,SURREY,Y,Y,N,LOWER MAINLAND,56 AVE # 017650 TO 017728 even,56 AVE,56 AVE,12:00-14:59,1,0
N,PROPERTY DAMAGE ONLY,\N,N,2021,FRIDAY,UNDETERMINED,N,N,49.106277,-122.82599,Y,MARCH,N,SURREY,SURREY,SURREY,Y,Y,N,LOWER MAINLAND,57 AVE # 014200 TO 014399,57 AVE,57 AVE,12:00-14:59,1,0
N,PROPERTY DAMAGE ONLY,\N,N,2021,FRIDAY,UNDETERMINED,N,N,49.111232,-122.679132,Y,MARCH,N,LANGLEY,LANGLEY,LANGLEY,Y,N,N,LOWER MAINLAND,60 AVE # 019600 TO 019649,60 AVE,60 AVE,12:00-14:59,1,0
N,PROPERTY DAMAGE ONLY,\N,N,2021,FRIDAY,UNDETERMINED,N,N,49.124226,-122.702777,Y,MARCH,N,SURREY,SURREY,SURREY,Y,Y,N,LOWER MAINLAND,FRASER HWY # 018721 TO 018799 odd,FRASER HWY,FRASER HWY,12:00-14:59,1,0
N,PROPERTY DAMAGE ONLY,\N,N,2021,FRIDAY,UNDETERMINED,N,N,49.153316,-121.978336,Y,MARCH,N,CHILLIWACK,CHILLIWACK,CHILLIWACK,Y,Y,N,LOWER MAINLAND,EAGLE LANDING PKY # 008280 TO 008313,EAGLE LANDING PKY,EAGLE LANDING PKY,12:00-14:59,1,0
N,PROPERTY DAMAGE ONLY,\N,N,2021,FRIDAY,UNDETERMINED,N,N,49.155466,-123.123947,Y,MARCH,N,RICHMOND,RICHMOND,RICHMOND,Y,Y,N,LOWER MAINLAND,BLUNDELL RD # 009000 TO 009159,BLUNDELL RD,BLUNDELL RD,12:00-14:59,1,0
N,PROPERTY DAMAGE ONLY,\N,N,2021,FRIDAY,UNDETERMINED,N,N,49.160404,-123.115578,Y,MARCH,N,RICHMOND,RICHMOND,RICHMOND,N,N,N,LOWER MAINLAND,LECHOW ST # 007180 TO 007191,LECHOW ST,LECHOW ST,12:00-14:59,1,0
N,PROPERTY DAMAGE ONLY,\N,N,2021,FRIDAY,UNDETERMINED,N,N,49.165417,-122.989767,Y,MARCH,N,RICHMOND,RICHMOND,RICHMOND,Y,Y,N,LOWER MAINLAND,GRAYBAR RD # 006400 TO 006999,GRAYBAR RD,GRAYBAR RD,12:00-14:59,1,0
N,PROPERTY DAMAGE ONLY,\N,N,2021,FRIDAY,UNDETERMINED,N,N,49.169754,-122.578458,Y,MARCH,N,LANGLEY,LANGLEY,LANGLEY,N,Y,N,LOWER MAINLAND,GLOVER RD # 009170 TO 009229,GLOVER RD,GLOVER RD,12:00-14:59,1,0
N,PROPERTY DAMAGE ONLY,\N,N,2021,FRIDAY,UNDETERMINED,N,N,49.174658,-123.136677,Y,MARCH,N,RICHMOND,RICHMOND,RICHMOND,Y,Y,N,LOWER MAINLAND,NO 3 RD # 005300 TO 005498 even,NO 3 RD,NO 3 RD,12:00-14:59,1,0
N,PROPERTY DAMAGE ONLY,\N,N,2021,FRIDAY,UNDETERMINED,N,N,49.189438,-123.134766,Y,MARCH,N,RICHMOND,RICHMOND,RICHMOND,Y,Y,N,LOWER MAINLAND,CORVETTE WAY # 003282 TO 003499,CORVETTE WAY,CORVETTE WAY,12:00-14:59,1,0
N,PROPERTY DAMAGE ONLY,\N,N,2021,FRIDAY,UNDETERMINED,N,N,49.191355,-122.968782,Y,MARCH,N,BURNABY,BURNABY,BURNABY,Y,Y,N,LOWER MAINLAND,TRAPP AVE # 005554 TO 005699,TRAPP AVE,TRAPP AVE,12:00-14:59,1,0
N,PROPERTY DAMAGE ONLY,\N,N,2021,FRIDAY,UNDETERMINED,N,N,49.199009,-122.981737,Y,MARCH,N,BURNABY,BURNABY,BURNABY,Y,Y,N,LOWER MAINLAND,MARKET CROSSING # 007240 TO 007599,MARKET CROSSING,MARKET CROSSING,12:00-14:59,1,0
N,PROPERTY DAMAGE ONLY,\N,N,2021,FRIDAY,UNDETERMINED,N,N,49.20509,-124.007229,Y,MARCH,N,NANAIMO,NANAIMO,NANAIMO,Y,Y,N,VANCOUVER ISLAND,ISLAND HWY N # 003222 TO 003298 even,ISLAND HWY N,ISLAND HWY N,12:00-14:59,1,0
N,PROPERTY DAMAGE ONLY,\N,N,2021,FRIDAY,UNDETERMINED,N,N,49.211025,-123.087009,Y,MARCH,N,VANCOUVER,VANCOUVER,VANCOUVER,Y,Y,N,LOWER MAINLAND,SE MARINE DR # 000800 TO 000998 even,SE MARINE DR,SE MARINE DR,12:00-14:59,1,0
N,PROPERTY DAMAGE ONLY,\N,N,2021,FRIDAY,UNDETERMINED,N,N,49.216862,-122.592962,Y,MARCH,N,MAPLE RIDGE,MAPLE RIDGE,MAPLE RIDGE,Y,Y,N,LOWER MAINLAND,LOUGHEED HWY # 022700 TO 022757,LOUGHEED HWY,LOUGHEED HWY,12:00-14:59,1,0
N,PROPERTY DAMAGE ONLY,\N,N,2021,FRIDAY,UNDETERMINED,N,N,49.224234,-122.994202,Y,MARCH,N,BURNABY,BURNABY,BURNABY,Y,Y,N,LOWER MAINLAND,NELSON AVE # 006514 TO 006591,NELSON AVE,NELSON AVE,12:00-14:59,1,0
N,PROPERTY DAMAGE ONLY,\N,N,2021,FRIDAY,UNDETERMINED,N,N,49.227004,-122.887545,Y,MARCH,N,NEW WESTMINSTER,NEW WESTMINSTER,NEW WESTMINSTER,Y,Y,N,LOWER MAINLAND,BRUNETTE AVE # 000325 TO 000379,BRUNETTE AVE,BRUNETTE AVE,12:00-14:59,1,0
N,PROPERTY DAMAGE ONLY,\N,N,2021,FRIDAY,UNDETERMINED,N,N,49.227076,-122.995313,Y,MARCH,N,BURNABY,BURNABY,BURNABY,N,Y,N,LOWER MAINLAND,KINGSWAY # 004800 TO 004899,KINGSWAY,KINGSWAY,12:00-14:59,1,0
N,PROPERTY DAMAGE ONLY,\N,N,2021,FRIDAY,UNDETERMINED,N,N,49.227818,-123.090688,Y,MARCH,N,VANCOUVER,VANCOUVER,VANCOUVER,Y,Y,N,LOWER MAINLAND,FRASER ST # 006200 TO 006299,FRASER ST,FRASER ST,12:00-14:59,1,0
N,PROPERTY DAMAGE ONLY,\N,N,2021,FRIDAY,UNDETERMINED,N,N,49.243877,-122.892635,Y,MARCH,N,BURNABY,BURNABY,BURNABY & COQUITLAM,Y,Y,N,LOWER MAINLAND,NORTH RD # 000321 TO 004563 odd,NORTH RD,NORTH RD,12:00-14:59,1,0
N,PROPERTY DAMAGE ONLY,\N,N,2021,FRIDAY,UNDETERMINED,N,N,49.248216,-122.588577,Y,MARCH,N,MAPLE RIDGE,MAPLE RIDGE,MAPLE RIDGE,Y,N,N,LOWER MAINLAND,NELSON PEAK DR # 013458 TO 013599,NELSON PEAK DR,NELSON PEAK DR,12:00-14:59,1,0
N,PROPERTY DAMAGE ONLY,\N,N,2021,FRIDAY,UNDETERMINED,N,N,49.258853,-123.10112,Y,MARCH,N,VANCOUVER,VANCOUVER,VANCOUVER,N,Y,N,LOWER MAINLAND,MAIN ST # 002900 TO 002999,MAIN ST,MAIN ST,12:00-14:59,1,0
N,PROPERTY DAMAGE ONLY,\N,N,2021,FRIDAY,UNDETERMINED,N,N,49.261211,-123.028376,Y,MARCH,N,VANCOUVER,VANCOUVER,VANCOUVER,Y,Y,N,LOWER MAINLAND,CORNETT RD # 003500 TO 003699,CORNETT RD,CORNETT RD,12:00-14:59,1,0
N,PROPERTY DAMAGE ONLY,\N,N,2021,FRIDAY,UNDETERMINED,N,N,49.263435,-122.782524,Y,MARCH,N,PORT COQUITLAM,PORT COQUITLAM,PORT COQUITLAM,Y,Y,N,LOWER MAINLAND,MCALLISTER AVE # 002326 TO 002399,MCALLISTER AVE,MCALLISTER AVE,12:00-14:59,1,0
N,PROPERTY DAMAGE ONLY,\N,N,2021,FRIDAY,UNDETERMINED,N,N,49.263501,-123.132543,Y,MARCH,N,VANCOUVER,VANCOUVER,VANCOUVER,N,N,N,LOWER MAINLAND,W BROADWAY # 001200 TO 001299,W BROADWAY,W BROADWAY,12:00-14:59,1,0
N,PROPERTY DAMAGE ONLY,\N,N,2021,FRIDAY,UNDETERMINED,N,N,49.266344,-123.001749,Y,MARCH,N,BURNABY,BURNABY,BURNABY,N,Y,N,LOWER MAINLAND,LOUGHEED HWY # 004500 TO 004598 even,LOUGHEED HWY,LOUGHEED HWY,12:00-14:59,1,0
N,PROPERTY DAMAGE ONLY,\N,N,2021,FRIDAY,UNDETERMINED,N,N,49.266537,-123.007121,Y,MARCH,N,BURNABY,BURNABY,BURNABY,N,Y,N,LOWER MAINLAND,LOUGHEED HWY # 004301 TO 004399 odd,LOUGHEED HWY,LOUGHEED HWY,12:00-14:59,1,0
N,PROPERTY DAMAGE ONLY,\N,N,2021,FRIDAY,UNDETERMINED,N,N,49.269669,-123.082639,Y,MARCH,N,VANCOUVER,VANCOUVER,VANCOUVER,Y,Y,N,LOWER MAINLAND,TERMINAL AVE # 000900 TO 000998 even,TERMINAL AVE,TERMINAL AVE,12:00-14:59,1,0
N,PROPERTY DAMAGE ONLY,\N,N,2021,FRIDAY,UNDETERMINED,N,N,49.272176,-123.100134,Y,MARCH,N,VANCOUVER,VANCOUVER,VANCOUVER,N,N,N,LOWER MAINLAND,MAIN ST # 001401 TO 001531 odd,MAIN ST,MAIN ST,12:00-14:59,1,0
N,PROPERTY DAMAGE ONLY,\N,N,2021,FRIDAY,UNDETERMINED,N,N,49.272523,-122.980318,Y,MARCH,N,BURNABY,BURNABY,BURNABY,Y,N,N,LOWER MAINLAND,CHARLES ST # 005700 TO 005799,CHARLES ST,CHARLES ST,12:00-14:59,1,0
N,PROPERTY DAMAGE ONLY,\N,N,2021,FRIDAY,UNDETERMINED,N,N,49.277063,-122.800243,Y,MARCH,N,COQUITLAM,COQUITLAM,COQUITLAM,Y,Y,N,LOWER MAINLAND,BARNET HWY # 002901 TO 002929 odd,BARNET HWY,BARNET HWY,12:00-14:59,1,0
N,PROPERTY DAMAGE ONLY,\N,N,2021,FRIDAY,UNDETERMINED,N,N,49.281327,-123.075608,Y,MARCH,N,VANCOUVER,VANCOUVER,VANCOUVER,N,Y,N,LOWER MAINLAND,E HASTINGS ST # 001300 TO 001499,E HASTINGS ST,E HASTINGS ST,12:00-14:59,1,0
N,PROPERTY DAMAGE ONLY,\N,N,2021,FRIDAY,UNDETERMINED,N,N,49.281817,-122.801613,Y,MARCH,N,COQUITLAM,COQUITLAM,COQUITLAM,Y,Y,N,LOWER MAINLAND,JOHNSON ST # 001151 TO 001179 odd,JOHNSON ST,JOHNSON ST,12:00-14:59,1,0
N,PROPERTY DAMAGE ONLY,\N,N,2021,FRIDAY,UNDETERMINED,N,N,49.283916,-123.060681,Y,MARCH,N,VANCOUVER,VANCOUVER,VANCOUVER,Y,N,N,LOWER MAINLAND,TRIUMPH ST # 002100 TO 002199,TRIUMPH ST,TRIUMPH ST,12:00-14:59,1,0
N,PROPERTY DAMAGE ONLY,\N,N,2021,FRIDAY,UNDETERMINED,N,N,49.300993,-122.825248,Y,MARCH,N,PORT MOODY,PORT MOODY,PORT MOODY,Y,N,N,LOWER MAINLAND,PANORAMA DR # 002200 TO 002399,PANORAMA DR,PANORAMA DR,12:00-14:59,1,0
N,PROPERTY DAMAGE ONLY,\N,N,2021,FRIDAY,UNDETERMINED,N,N,49.306604,-123.037645,Y,MARCH,N,NORTH VANCOUVER,NORTH VANCOUVER,NORTH VANCOUVER,Y,Y,N,LOWER MAINLAND,MAIN ST # 001320 TO 001339,MAIN ST,MAIN ST,12:00-14:59,1,0
N,PROPERTY DAMAGE ONLY,\N,N,2021,FRIDAY,UNDETERMINED,N,N,49.312012,-123.079021,Y,MARCH,N,NORTH VANCOUVER,NORTH VANCOUVER,NORTH VANCOUVER,N,Y,N,LOWER MAINLAND,W 1ST ST # 000100 TO 000115,W 1ST ST,W 1ST ST,12:00-14:59,1,0
N,PROPERTY DAMAGE ONLY,\N,N,2021,FRIDAY,UNDETERMINED,N,N,49.318901,-123.107877,Y,MARCH,N,NORTH VANCOUVER,NORTH VANCOUVER,NORTH VANCOUVER,Y,Y,N,LOWER MAINLAND,PEMBERTON AVE # 000150 TO 000299,PEMBERTON AVE,PEMBERTON AVE,12:00-14:59,1,0
N,PROPERTY DAMAGE ONLY,\N,N,2021,FRIDAY,UNDETERMINED,N,N,49.326739,-123.072201,Y,MARCH,N,NORTH VANCOUVER,NORTH VANCOUVER,NORTH VANCOUVER,Y,Y,N,LOWER MAINLAND,LONSDALE AVE # 001900 TO 001999,LONSDALE AVE,LONSDALE AVE,12:00-14:59,1,0
N,PROPERTY DAMAGE ONLY,\N,N,2021,FRIDAY,UNDETERMINED,N,N,49.328613,-123.163302,Y,MARCH,N,WEST VANCOUVER,WEST VANCOUVER,WEST VANCOUVER,Y,N,N,LOWER MAINLAND,MARINE DR # 001800 TO 001899,MARINE DR,MARINE DR,12:00-14:59,1,0
N,PROPERTY DAMAGE ONLY,\N,N,2021,FRIDAY,UNDETERMINED,N,N,49.345428,-123.045201,Y,MARCH,N,NORTH VANCOUVER,NORTH VANCOUVER,NORTH VANCOUVER,Y,N,N,LOWER MAINLAND,CHAMBERLAIN DR # 000950 TO 001099,CHAMBERLAIN DR,CHAMBERLAIN DR,12:00-14:59,1,0
N,PROPERTY DAMAGE ONLY,\N,N,2021,FRIDAY,UNDETERMINED,N,N,49.466762,-119.578269,Y,MARCH,N,PENTICTON,PENTICTON,PENTICTON,Y,N,N,SOUTHERN INTERIOR,GREENWOOD DR # 000028 TO 000159,GREENWOOD DR,GREENWOOD DR,12:00-14:59,1,0
N,PROPERTY DAMAGE ONLY,\N,N,2021,FRIDAY,UNDETERMINED,N,N,49.49962,-119.592897,Y,MARCH,N,PENTICTON,PENTICTON,PENTICTON,Y,Y,N,SOUTHERN INTERIOR,MAIN ST # 000200 TO 000299,MAIN ST,MAIN ST,12:00-14:59,1,0
N,PROPERTY DAMAGE ONLY,\N,N,2021,FRIDAY,UNDETERMINED,N,N,49.50177,-115.793493,Y,MARCH,N,CRANBROOK,CRANBROOK,CRANBROOK,Y,Y,N,SOUTHERN INTERIOR,COBHAM AVE W # 001600 TO 001789,COBHAM AVE W,COBHAM AVE W,12:00-14:59,1,0
N,PROPERTY DAMAGE ONLY,\N,N,2021,FRIDAY,UNDETERMINED,N,N,49.62103,-124.02715,Y,MARCH,N,MADEIRA PARK,MADEIRA PARK,MADEIRA PARK,N,Y,N,LOWER MAINLAND,GONZALES RD # 004974 TO 004991,GONZALES RD,GONZALES RD,12:00-14:59,1,0
N,PROPERTY DAMAGE ONLY,\N,N,2021,FRIDAY,UNDETERMINED,N,N,49.682183,-124.920359,Y,MARCH,N,COMOX,COMOX,COMOX,N,N,N,VANCOUVER ISLAND,NOEL AVE # 001636 TO 001659,NOEL AVE,NOEL AVE,12:00-14:59,1,0
N,PROPERTY DAMAGE ONLY,\N,N,2021,FRIDAY,UNDETERMINED,N,N,49.714988,-124.911692,Y,MARCH,N,COMOX,COMOX,COMOX,Y,Y,N,VANCOUVER ISLAND,RYAN RD E # 001400 TO 001519,RYAN RD E,RYAN RD E,12:00-14:59,1,0
N,PROPERTY DAMAGE ONLY,\N,N,2021,FRIDAY,UNDETERMINED,N,N,49.84634,-124.519252,Y,MARCH,N,POWELL RIVER,POWELL RIVER,POWELL RIVER,Y,Y,N,VANCOUVER ISLAND,ALBERNI ST # 007000 TO 007067,ALBERNI ST,ALBERNI ST,12:00-14:59,1,0
N,PROPERTY DAMAGE ONLY,\N,N,2021,FRIDAY,UNDETERMINED,N,N,49.873946,-119.491229,Y,MARCH,N,KELOWNA,KELOWNA,KELOWNA,N,Y,N,SOUTHERN INTERIOR,PANDOSY ST # 002222 TO 002269,PANDOSY ST,PANDOSY ST,12:00-14:59,1,0
N,PROPERTY DAMAGE ONLY,\N,N,2021,FRIDAY,UNDETERMINED,N,N,49.873946,-119.491229,Y,MARCH,N,KELOWNA,KELOWNA,KELOWNA,Y,N,N,SOUTHERN INTERIOR,PANDOSY ST # 002222 TO 002269,PANDOSY ST,PANDOSY ST,12:00-14:59,1,0
N,PROPERTY DAMAGE ONLY,\N,N,2021,FRIDAY,UNDETERMINED,N,N,49.882178,-119.488571,Y,MARCH,N,KELOWNA,KELOWNA,KELOWNA,Y,Y,N,SOUTHERN INTERIOR,RICHTER ST # 001750 TO 001798 even,RICHTER ST,RICHTER ST,12:00-14:59,1,0
N,PROPERTY DAMAGE ONLY,\N,N,2021,FRIDAY,UNDETERMINED,N,N,49.889005,-119.494932,Y,MARCH,N,KELOWNA,KELOWNA,KELOWNA,N,N,N,SOUTHERN INTERIOR,DOYLE AVE # 000300 TO 000499,DOYLE AVE,DOYLE AVE,12:00-14:59,1,0
N,PROPERTY DAMAGE ONLY,\N,N,2021,FRIDAY,UNDETERMINED,N,N,49.930206,-119.399807,Y,MARCH,N,KELOWNA,KELOWNA,KELOWNA,Y,N,N,SOUTHERN INTERIOR,ACADEMY WAY # 000611 TO 000799,ACADEMY WAY,ACADEMY WAY,12:00-14:59,1,0
N,PROPERTY DAMAGE ONLY,\N,N,2021,FRIDAY,UNDETERMINED,N,N,49.972065,-125.218144,Y,MARCH,N,CAMPBELL RIVER,CAMPBELL RIVER,CAMPBELL RIVER,Y,Y,N,VANCOUVER ISLAND,ISLAND HWY S # 002000 TO 002198,ISLAND HWY S,ISLAND HWY S,12:00-14:59,1,0
N,PROPERTY DAMAGE ONLY,\N,N,2021,FRIDAY,UNDETERMINED,N,N,50.008429,-125.234473,Y,MARCH,N,CAMPBELL RIVER,CAMPBELL RIVER,CAMPBELL RIVER,N,N,N,VANCOUVER ISLAND,ISLAND HWY # 000000 TO 000099,ISLAND HWY,ISLAND HWY,12:00-14:59,1,0
N,PROPERTY DAMAGE ONLY,\N,N,2021,FRIDAY,UNDETERMINED,N,N,50.019962,-125.241003,Y,MARCH,N,CAMPBELL RIVER,CAMPBELL RIVER,CAMPBELL RIVER,N,N,N,VANCOUVER ISLAND,ALDER ST # 000600 TO 000699,ALDER ST,ALDER ST,12:00-14:59,1,0
N,PROPERTY DAMAGE ONLY,\N,N,2021,FRIDAY,UNDETERMINED,N,N,50.101355,-122.988694,Y,MARCH,N,WHISTLER,WHISTLER,WHISTLER,N,N,N,LOWER MAINLAND,ASPEN DR # 002235 TO 002249,ASPEN DR,ASPEN DR,12:00-14:59,1,0
N,PROPERTY DAMAGE ONLY,\N,N,2021,FRIDAY,UNDETERMINED,N,N,50.101377,-120.767158,Y,MARCH,N,MERRITT,MERRITT,MERRITT,Y,N,N,SOUTHERN INTERIOR,SCOTT PL # 002800 TO 002899,SCOTT PL,SCOTT PL,12:00-14:59,1,0
N,PROPERTY DAMAGE ONLY,\N,N,2021,FRIDAY,UNDETERMINED,N,N,50.270288,-119.278083,Y,MARCH,N,VERNON,VERNON,VERNON,Y,Y,N,SOUTHERN INTERIOR,39 AVE # 003300 TO 003505,39 AVE,39 AVE,12:00-14:59,1,0
N,PROPERTY DAMAGE ONLY,\N,N,2021,FRIDAY,UNDETERMINED,N,N,50.28884,-119.266477,Y,MARCH,N,VERNON,VERNON,VERNON,N,N,N,SOUTHERN INTERIOR,ANDERSON WAY # 005602 TO 005620,ANDERSON WAY,ANDERSON WAY,12:00-14:59,1,0
N,PROPERTY DAMAGE ONLY,\N,N,2021,FRIDAY,UNDETERMINED,N,N,50.393121,-118.929818,Y,MARCH,N,LUMBY,LUMBY,LUMBY,Y,N,N,SOUTHERN INTERIOR,TRINITY VALLEY RD # 001352 TO 001395,TRINITY VALLEY RD,TRINITY VALLEY RD,12:00-14:59,1,0
N,PROPERTY DAMAGE ONLY,\N,N,2021,FRIDAY,UNDETERMINED,N,N,50.656066,-120.342779,Y,MARCH,N,KAMLOOPS,KAMLOOPS,KAMLOOPS,Y,N,N,SOUTHERN INTERIOR,SUMMIT DR # 001600 TO 001649,SUMMIT DR,SUMMIT DR,12:00-14:59,1,0
N,PROPERTY DAMAGE ONLY,\N,N,2021,FRIDAY,UNDETERMINED,N,N,50.665334,-120.350116,Y,MARCH,N,KAMLOOPS,KAMLOOPS,KAMLOOPS,Y,Y,N,SOUTHERN INTERIOR,SUMMIT DR # 001210 TO 001378 even,SUMMIT DR,SUMMIT DR,12:00-14:59,1,0
N,PROPERTY DAMAGE ONLY,\N,N,2021,FRIDAY,UNDETERMINED,N,N,51.651103,-121.301225,Y,MARCH,N,100 MILE HOUSE,100 MILE HOUSE,100 MILE HOUSE,Y,Y,N,NORTH CENTRAL,EXETER STATION RD # 000220 TO 000299,EXETER STATION RD,EXETER STATION RD,12:00-14:59,1,0
N,PROPERTY DAMAGE ONLY,\N,N,2021,FRIDAY,UNDETERMINED,N,N,52.05233,-122.081485,Y,MARCH,N,WILLIAMS LAKE,WILLIAMS LAKE,WILLIAMS LAKE,Y,N,N,NORTH CENTRAL,CHIMNEY LAKE RD # 001776 TO 001871,CHIMNEY LAKE RD,CHIMNEY LAKE RD,12:00-14:59,1,0
N,PROPERTY DAMAGE ONLY,\N,N,2021,FRIDAY,UNDETERMINED,N,N,52.125696,-122.121572,Y,MARCH,N,WILLIAMS LAKE,WILLIAMS LAKE,WILLIAMS LAKE,Y,Y,N,NORTH CENTRAL,BROADWAY AVE S # 001166 TO 001279,BROADWAY AVE S,BROADWAY AVE S,12:00-14:59,1,0
N,PROPERTY DAMAGE ONLY,\N,N,2021,FRIDAY,UNDETERMINED,N,N,52.165542,-122.166274,Y,MARCH,N,WILLIAMS LAKE,WILLIAMS LAKE,WILLIAMS LAKE,N,N,N,NORTH CENTRAL,CATTLE DR # 004490 TO 004549,CATTLE DR,CATTLE DR,12:00-14:59,1,0
N,PROPERTY DAMAGE ONLY,\N,N,2021,FRIDAY,UNDETERMINED,N,N,53.884563,-122.772118,Y,MARCH,N,PRINCE GEORGE,PRINCE GEORGE,PRINCE GEORGE,Y,Y,N,NORTH CENTRAL,RANGE RD # 002460 TO 002599,RANGE RD,RANGE RD,12:00-14:59,1,0
N,PROPERTY DAMAGE ONLY,\N,N,2021,FRIDAY,UNDETERMINED,N,N,54.517049,-128.595571,Y,MARCH,N,TERRACE,TERRACE,TERRACE,Y,N,N,NORTH CENTRAL,LAKELSE AVE # 004700 TO 004799,LAKELSE AVE,LAKELSE AVE,12:00-14:59,1,0
N,PROPERTY DAMAGE ONLY,\N,N,2021,FRIDAY,UNDETERMINED,N,N,56.252929,-120.84212,Y,MARCH,N,FORT ST. JOHN,FORT ST. JOHN,FORT ST. JOHN,Y,N,N,NORTH CENTRAL,107 AVE # 009600 TO 009799,107 AVE,107 AVE,12:00-14:59,1,0
N,PROPERTY DAMAGE ONLY,\N,N,2021,FRIDAY,UNDETERMINED,Y,N,\N,\N,N,MARCH,N,DELTA,DELTA,\N,N,N,N,LOWER MAINLAND,UNKNOWN,FERRY CAUSEWAY,FERRY CAUSEWAY,12:00-14:59,1,0
N,PROPERTY DAMAGE ONLY,\N,N,2021,FRIDAY,UNDETERMINED,Y,N,\N,\N,N,MARCH,N,MACKENZIE,MACKENZIE,\N,N,N,N,NORTH CENTRAL,UNKNOWN,HWY 97,HWY 97,12:00-14:59,1,0
N,PROPERTY DAMAGE ONLY,\N,N,2021,FRIDAY,UNDETERMINED,Y,N,\N,\N,N,MARCH,N,SURREY,SURREY,\N,N,N,N,LOWER MAINLAND,UNKNOWN,NORDEL WAY,NORDEL WAY,12:00-14:59,2,0
N,PROPERTY DAMAGE ONLY,\N,N,2021,FRIDAY,UNDETERMINED,Y,N,48.425838,-123.369215,Y,MARCH,N,VICTORIA,VICTORIA,VICTORIA,Y,Y,N,VANCOUVER ISLAND,BASTION SQ # 000026 TO 000031,BASTION SQ,BASTION SQ,12:00-14:59,1,0
N,PROPERTY DAMAGE ONLY,\N,N,2021,FRIDAY,UNDETERMINED,Y,N,49.050778,-122.308714,Y,MARCH,N,ABBOTSFORD,ABBOTSFORD,ABBOTSFORD,N,Y,N,LOWER MAINLAND,SOUTH FRASER WAY # 032980 TO 033079,SOUTH FRASER WAY,SOUTH FRASER WAY,12:00-14:59,1,0
N,PROPERTY DAMAGE ONLY,\N,N,2021,FRIDAY,UNDETERMINED,Y,N,49.867448,-119.363396,Y,MARCH,N,KELOWNA,KELOWNA,KELOWNA,N,N,N,SOUTHERN INTERIOR,GARNER RD # 001600 TO 001749,GARNER RD,GARNER RD,12:00-14:59,1,0
N,PROPERTY DAMAGE ONLY,104 AVE,N,2021,FRIDAY,SIDE IMPACT,N,Y,49.191498,-122.800899,N,MARCH,N,SURREY,SURREY,SURREY,N,Y,N,LOWER MAINLAND,104 AVE & 152 ST,152 ST,152 ST,12:00-14:59,1,0
N,PROPERTY DAMAGE ONLY,11 ST,N,2021,FRIDAY,SIDE IMPACT,N,Y,55.759088,-120.231,N,MARCH,N,DAWSON CREEK,DAWSON CREEK,DAWSON CREEK,N,N,N,NORTH CENTRAL,102 AVE & 11 ST,102 AVE,102 AVE,12:00-14:59,1,0
N,PROPERTY DAMAGE ONLY,117A ST,N,2021,FRIDAY,CONFLICTED,N,Y,49.159549,-122.897969,N,MARCH,N,DELTA,DELTA,DELTA,Y,N,N,LOWER MAINLAND,117A ST & 86 AVE,86 AVE,86 AVE,12:00-14:59,1,0
N,PROPERTY DAMAGE ONLY,11TH AVE S,N,2021,FRIDAY,SIDE IMPACT,Y,Y,49.500829,-115.766281,N,MARCH,N,CRANBROOK,CRANBROOK,CRANBROOK,Y,N,N,SOUTHERN INTERIOR,11TH AVE S & 7TH ST S & 8TH ST S,7TH ST S,7TH ST S,12:00-14:59,1,0
N,PROPERTY DAMAGE ONLY,128 ST,N,2021,FRIDAY,SIDE SWIPE - SAME DIRECTION,N,Y,49.162584,-122.868025,N,MARCH,N,SURREY,SURREY,SURREY,N,N,N,LOWER MAINLAND,128 ST & 88 AVE,88 AVE,88 AVE,12:00-14:59,1,0
N,PROPERTY DAMAGE ONLY,143 ST,N,2021,FRIDAY,UNDETERMINED,N,Y,49.114832,-122.82652,N,MARCH,N,SURREY,SURREY,SURREY,N,N,N,LOWER MAINLAND,143 ST & 61B AVE,61B AVE,61B AVE,12:00-14:59,1,0
N,PROPERTY DAMAGE ONLY,14TH ST,N,2021,FRIDAY,CONFLICTED,N,Y,49.327919,-123.15437,N,MARCH,N,WEST VANCOUVER,WEST VANCOUVER,WEST VANCOUVER,N,N,N,LOWER MAINLAND,14TH ST & MARINE DR,MARINE DR,MARINE DR,12:00-14:59,1,0
N,PROPERTY DAMAGE ONLY,16 AVE,N,2021,FRIDAY,CONFLICTED,N,Y,49.031302,-122.867562,N,MARCH,N,SURREY,SURREY,SURREY,N,Y,N,LOWER MAINLAND,128 ST & 16 AVE,128 ST,128 ST,12:00-14:59,1,0
N,PROPERTY DAMAGE ONLY,16 AVE,N,2021,FRIDAY,REAR END,N,Y,49.031121,-122.801198,N,MARCH,N,SURREY,SURREY,SURREY & WHITE ROCK,N,N,N,LOWER MAINLAND,152 ST & 16 AVE & JOHNSTON RD & NORTH BLUFF RD,152 ST,152 ST,12:00-14:59,1,0
N,PROPERTY DAMAGE ONLY,176 ST,N,2021,FRIDAY,REAR END,N,Y,49.118761,-122.734941,N,MARCH,N,SURREY,SURREY,SURREY,Y,N,N,LOWER MAINLAND,176 ST & 64 AVE,64 AVE,64 AVE,12:00-14:59,1,0
N,PROPERTY DAMAGE ONLY,188 ST,N,2021,FRIDAY,UNDETERMINED,Y,Y,49.060135,-122.702524,N,MARCH,N,SURREY,SURREY,SURREY,N,N,N,LOWER MAINLAND,188 ST & 32 AVE,32 AVE,32 AVE,12:00-14:59,1,0
N,PROPERTY DAMAGE ONLY,194 STREET,N,2021,FRIDAY,SIDE IMPACT,N,N,\N,\N,N,MARCH,N,LANGLEY,LANGLEY,\N,N,N,N,LOWER MAINLAND,UNKNOWN,FRASER HWY,FRASER HWY,12:00-14:59,1,0
N,PROPERTY DAMAGE ONLY,20 AVE,N,2021,FRIDAY,CONFLICTED,N,Y,49.03836,-122.801187,N,MARCH,N,SURREY,SURREY,SURREY,N,N,N,LOWER MAINLAND,152 ST & 20 AVE,152 ST,152 ST,12:00-14:59,1,0
N,PROPERTY DAMAGE ONLY,204A ST,N,2021,FRIDAY,UNDETERMINED,N,Y,49.088892,-122.65627,N,MARCH,N,LANGLEY,LANGLEY,LANGLEY,Y,N,N,LOWER MAINLAND,204A ST & GRADE CRES & H D STAFFORD MIDDLE SCHOOL ACCESS,GRADE CRES,GRADE CRES,12:00-14:59,1,0
N,PROPERTY DAMAGE ONLY,248 ST,N,2021,FRIDAY,SIDE IMPACT,N,Y,49.220272,-122.534702,N,MARCH,N,MAPLE RIDGE,MAPLE RIDGE,MAPLE RIDGE,N,N,N,LOWER MAINLAND,248 ST & DEWDNEY TRUNK RD,DEWDNEY TRUNK RD,DEWDNEY TRUNK RD,12:00-14:59,1,0
N,PROPERTY DAMAGE ONLY,264 ST,N,2021,FRIDAY,REAR END,N,Y,49.101569,-122.492803,N,MARCH,N,LANGLEY,LANGLEY,LANGLEY,N,N,N,LOWER MAINLAND,264 ST & 264 ST OFFRAMP & 264 ST ONRAMP & 56 AVE & 56 AVE OFFRAMP & 56 AVE ONRAMP & TRANS-CANADA HWY & TURNING LANE,HWY 1,HWY 1,12:00-14:59,1,0
N,PROPERTY DAMAGE ONLY,264 ST,N,2021,FRIDAY,SIDE SWIPE - SAME DIRECTION,N,Y,49.059526,-122.49269,N,MARCH,N,LANGLEY,LANGLEY,LANGLEY,N,N,N,LOWER MAINLAND,264 ST & FRASER HWY & TURNING LANE,FRASER HWY,FRASER HWY,12:00-14:59,1,0
N,PROPERTY DAMAGE ONLY,2ND,N,2021,FRIDAY,UNDETERMINED,N,N,\N,\N,N,MARCH,N,VANCOUVER,VANCOUVER,\N,Y,N,N,LOWER MAINLAND,UNKNOWN,1ST AVE,1ST AVE,12:00-14:59,1,0
N,PROPERTY DAMAGE ONLY,31 AVE,N,2021,FRIDAY,UNDETERMINED,N,Y,50.264568,-119.26909,N,MARCH,N,VERNON,VERNON,VERNON,Y,Y,N,SOUTHERN INTERIOR,29 ST & 31 AVE,29 ST,29 ST,12:00-14:59,1,0
N,PROPERTY DAMAGE ONLY,45A AVE,N,2021,FRIDAY,SIDE SWIPE - SAME DIRECTION,N,Y,49.084452,-122.647029,N,MARCH,N,LANGLEY,LANGLEY,LANGLEY,N,N,N,LOWER MAINLAND,208 ST & 45A AVE,208 ST,208 ST,12:00-14:59,1,0
N,PROPERTY DAMAGE ONLY,56 AVE,N,2021,FRIDAY,REAR END,N,Y,49.101569,-122.492803,N,MARCH,N,LANGLEY,LANGLEY,LANGLEY,N,N,N,LOWER MAINLAND,264 ST & 264 ST OFFRAMP & 264 ST ONRAMP & 56 AVE & 56 AVE OFFRAMP & 56 AVE ONRAMP & TRANS-CANADA HWY & TURNING LANE,264 ST,264 ST,12:00-14:59,1,0
N,PROPERTY DAMAGE ONLY,5TH AVE,N,2021,FRIDAY,SIDE IMPACT,N,Y,53.916323,-122.750362,N,MARCH,N,PRINCE GEORGE,PRINCE GEORGE,PRINCE GEORGE,N,N,N,NORTH CENTRAL,5TH AVE & VICTORIA ST,VICTORIA ST,VICTORIA ST,12:00-14:59,1,0
N,PROPERTY DAMAGE ONLY,60 AVE,N,2021,FRIDAY,SIDE SWIPE - SAME DIRECTION,N,Y,49.111283,-122.684682,N,MARCH,N,SURREY,SURREY,SURREY,Y,N,N,LOWER MAINLAND,194A ST & 60 AVE & ENTERPRISE WAY,ENTERPRISE WAY,ENTERPRISE WAY,12:00-14:59,1,0
N,PROPERTY DAMAGE ONLY,72 AVE,N,2021,FRIDAY,REAR END,N,Y,49.133554,-122.845583,N,MARCH,N,SURREY,SURREY,SURREY,N,N,N,LOWER MAINLAND,72 AVE & KING GEORGE BLVD & TURNING LANE,KING GEORGE BLVD,KING GEORGE BLVD,12:00-14:59,1,0
N,PROPERTY DAMAGE ONLY,72 AVE,N,2021,FRIDAY,SIDE IMPACT,N,Y,49.133576,-122.838651,N,MARCH,N,SURREY,SURREY,SURREY,Y,N,N,LOWER MAINLAND,138 ST & 72 AVE,138 ST,138 ST,12:00-14:59,1,0
N,PROPERTY DAMAGE ONLY,72 AVE,N,2021,FRIDAY,SIDE IMPACT,N,Y,49.134037,-122.890359,N,MARCH,N,DELTA,DELTA,DELTA & SURREY,Y,Y,N,LOWER MAINLAND,120 ST & 72 AVE,SCOTT RD,SCOTT RD,12:00-14:59,1,0
N,PROPERTY DAMAGE ONLY,72 AVE,N,2021,FRIDAY,SIDE SWIPE - SAME DIRECTION,N,Y,49.134037,-122.890359,N,MARCH,N,DELTA,DELTA,DELTA & SURREY,N,N,N,LOWER MAINLAND,120 ST & 72 AVE,120 ST,120 ST,12:00-14:59,1,0
N,PROPERTY DAMAGE ONLY,72 AVE,N,2021,FRIDAY,UNDETERMINED,N,Y,49.1337,-122.856661,N,MARCH,N,SURREY,SURREY,SURREY,N,N,N,LOWER MAINLAND,132 ST & 72 AVE,132 ST,132 ST,12:00-14:59,1,0
N,PROPERTY DAMAGE ONLY,74 AVE,N,2021,FRIDAY,SIDE IMPACT,N,Y,49.13718,-122.845616,N,MARCH,N,SURREY,SURREY,SURREY,N,Y,N,LOWER MAINLAND,74 AVE & KING GEORGE BLVD & TURNING LANE,KING GEORGE BLVD,KING GEORGE BLVD,12:00-14:59,1,0
N,PROPERTY DAMAGE ONLY,80 AVE,N,2021,FRIDAY,REAR END,N,Y,49.14815,-122.845687,N,MARCH,N,SURREY,SURREY,SURREY,N,N,N,LOWER MAINLAND,80 AVE & KING GEORGE BLVD & TURNING LANE,KING GEORGE BLVD,KING GEORGE BLVD,12:00-14:59,1,0
N,PROPERTY DAMAGE ONLY,84 AVE,N,2021,FRIDAY,SIDE SWIPE - SAME DIRECTION,N,Y,49.155442,-122.851383,N,MARCH,N,SURREY,SURREY,SURREY,N,N,N,LOWER MAINLAND,134 ST & 84 AVE,134 ST,134 ST,12:00-14:59,1,0
N,PROPERTY DAMAGE ONLY,88 AVE,N,2021,FRIDAY,SIDE IMPACT,N,Y,49.163052,-122.79362,N,MARCH,N,SURREY,SURREY,SURREY,N,N,N,LOWER MAINLAND,154A ST & 154B ST & 88 AVE & FRASER HWY & TURNING LANE,FRASER HWY,FRASER HWY,12:00-14:59,1,0
N,PROPERTY DAMAGE ONLY,96 AVE,N,2021,FRIDAY,REAR END,N,Y,49.177142,-122.890164,N,MARCH,N,DELTA,DELTA,DELTA & SURREY,N,Y,N,LOWER MAINLAND,120 ST & 96 AVE,120 ST,120 ST,12:00-14:59,1,0
N,PROPERTY DAMAGE ONLY,96 AVE,N,2021,FRIDAY,SINGLE VEHICLE,N,Y,49.177035,-122.845713,N,MARCH,N,SURREY,SURREY,SURREY,N,Y,N,LOWER MAINLAND,96 AVE & KING GEORGE BLVD & TURNING LANE,KING GEORGE HWY,KING GEORGE HWY,12:00-14:59,1,0
N,PROPERTY DAMAGE ONLY,ACKROYD RD,N,2021,FRIDAY,SIDE IMPACT,N,Y,49.172017,-123.136554,N,MARCH,N,RICHMOND,RICHMOND,RICHMOND,Y,Y,N,LOWER MAINLAND,ACKROYD RD & NO 3 RD,NO 3 RD,NO 3 RD,12:00-14:59,1,0
N,PROPERTY DAMAGE ONLY,ADMIRALS RD,N,2021,FRIDAY,REAR END,N,Y,48.451144,-123.424888,N,MARCH,N,VIEW ROYAL,VIEW ROYAL,VIEW ROYAL,N,N,N,VANCOUVER ISLAND,ADMIRALS RD & CRAIGFLOWER RD & ISLAND HWY & TURNING LANE,OLD ISLAND HWY,OLD ISLAND HWY,12:00-14:59,1,0
N,PROPERTY DAMAGE ONLY,ALBERNI ST,N,2021,FRIDAY,SIDE IMPACT,N,Y,49.845881,-124.520756,N,MARCH,N,POWELL RIVER,POWELL RIVER,POWELL RIVER,Y,Y,N,VANCOUVER ISLAND,ALBERNI ST & JOYCE AVE,JOYCE AVE,JOYCE AVE,12:00-14:59,1,0
N,PROPERTY DAMAGE ONLY,ANDERSON WAY,N,2021,FRIDAY,REAR END,N,Y,50.281999,-119.273702,N,MARCH,N,VERNON,VERNON,VERNON,N,N,N,SOUTHERN INTERIOR,48 AVE & ANDERSON WAY,48 AVE,48 AVE,12:00-14:59,1,0
N,PROPERTY DAMAGE ONLY,ARBUTUS ST,N,2021,FRIDAY,CONFLICTED,N,Y,49.261003,-123.15306,N,MARCH,N,VANCOUVER,VANCOUVER,VANCOUVER,Y,N,N,LOWER MAINLAND,ARBUTUS ST & W 12TH AVE,W 12TH AVE,W 12TH AVE,12:00-14:59,1,0
N,PROPERTY DAMAGE ONLY,ASH ST,N,2021,FRIDAY,SIDE IMPACT,N,Y,49.264176,-123.117463,N,MARCH,N,VANCOUVER,VANCOUVER,VANCOUVER,N,N,N,LOWER MAINLAND,ASH ST & W 8TH AVE,W 8TH AVE,W 8TH AVE,12:00-14:59,1,0
N,PROPERTY DAMAGE ONLY,AUSTIN AVE,N,2021,FRIDAY,REAR END,N,Y,49.248994,-122.869207,N,MARCH,N,COQUITLAM,COQUITLAM,COQUITLAM,N,Y,N,LOWER MAINLAND,AUSTIN AVE & BLUE MOUNTAIN ST,BLUE MOUNTAIN ST,BLUE MOUNTAIN ST,12:00-14:59,1,0
N,PROPERTY DAMAGE ONLY,BEHARRELL RD,N,2021,FRIDAY,SIDE IMPACT,N,Y,49.120236,-122.249877,N,MARCH,N,ABBOTSFORD,ABBOTSFORD,ABBOTSFORD,N,N,N,LOWER MAINLAND,BEHARRELL RD & PAGE RD,PAGE RD,PAGE RD,12:00-14:59,1,0
N,PROPERTY DAMAGE ONLY,BEWICKE AVE,N,2021,FRIDAY,SIDE IMPACT,N,Y,49.324341,-123.09107,N,MARCH,N,NORTH VANCOUVER,NORTH VANCOUVER,NORTH VANCOUVER,N,N,N,LOWER MAINLAND,BEWICKE AVE & LARSON RD & W 16TH ST & W 17TH ST,LARSON RD,LARSON RD,12:00-14:59,1,0
N,PROPERTY DAMAGE ONLY,BLANSHARD ST,N,2021,FRIDAY,SIDE IMPACT,Y,Y,48.424322,-123.362485,N,MARCH,N,VICTORIA,VICTORIA,VICTORIA,N,N,N,VANCOUVER ISLAND,BLANSHARD ST & FORT ST,FORT ST,FORT ST,12:00-14:59,1,0
N,PROPERTY DAMAGE ONLY,BLUNDELL RD,N,2021,FRIDAY,REAR END,N,Y,49.155492,-123.114104,N,MARCH,N,RICHMOND,RICHMOND,RICHMOND,N,N,N,LOWER MAINLAND,BLUNDELL RD & NO 4 RD,NO 4 RD,NO 4 RD,12:00-14:59,1,0
N,PROPERTY DAMAGE ONLY,BLUNDELL RD,N,2021,FRIDAY,REAR END,N,Y,49.155579,-123.15893,N,MARCH,N,RICHMOND,RICHMOND,RICHMOND,N,Y,N,LOWER MAINLAND,BLUNDELL RD & NO 2 RD,NO 2 RD,NO 2 RD,12:00-14:59,1,0
N,PROPERTY DAMAGE ONLY,BOUNDARY RD,N,2021,FRIDAY,CONFLICTED,N,Y,49.258209,-123.023636,N,MARCH,N,BURNABY,BURNABY,BURNABY & VANCOUVER,N,N,N,LOWER MAINLAND,BOUNDARY RD & GRANDVIEW HWY & GRANDVIEW HWY ONRAMP,GRANDVIEW HWY,GRANDVIEW HWY,12:00-14:59,1,0
N,PROPERTY DAMAGE ONLY,BOURQUIN CRES E,N,2021,FRIDAY,UNDETERMINED,N,Y,49.049907,-122.300102,N,MARCH,N,ABBOTSFORD,ABBOTSFORD,ABBOTSFORD,N,N,N,LOWER MAINLAND,BOURQUIN CRES E & SOUTH FRASER WAY,SOUTH FRASER WAY,SOUTH FRASER WAY,12:00-14:59,1,0
N,PROPERTY DAMAGE ONLY,BOWEN ISLAND TRUNK RD,N,2021,FRIDAY,UNDETERMINED,N,Y,49.379641,-123.337979,N,MARCH,N,BOWEN ISLAND,BOWEN ISLAND,BOWEN ISLAND,Y,N,N,LOWER MAINLAND,BOWEN ISLAND TRUNK RD & DORMAN RD & MILLER RD,DORMAN RD,DORMAN RD,12:00-14:59,1,0
N,PROPERTY DAMAGE ONLY,BOYD ST,N,2021,FRIDAY,REAR END,Y,Y,49.190086,-122.948533,N,MARCH,N,NEW WESTMINSTER,NEW WESTMINSTER,NEW WESTMINSTER,N,N,N,LOWER MAINLAND,BOYD ST & HOWES ST & TURNING LANE,HOWES ST,HOWES ST,12:00-14:59,1,0
N,PROPERTY DAMAGE ONLY,BRANDON ST,N,2021,FRIDAY,SIDE IMPACT,N,Y,49.238783,-123.019844,N,MARCH,N,BURNABY,BURNABY,BURNABY,N,N,N,LOWER MAINLAND,BRANDON ST & SMITH AVE,SMITH AVE,SMITH AVE,12:00-14:59,1,0
N,PROPERTY DAMAGE ONLY,BRENTLAWN DR,N,2021,FRIDAY,SIDE IMPACT,Y,N,\N,\N,N,MARCH,N,BURNABY,BURNABY,\N,N,N,N,LOWER MAINLAND,UNKNOWN,MIDLAWN DR,MIDLAWN DR,12:00-14:59,1,0
N,PROPERTY DAMAGE ONLY,BRIDGEPORT RD,N,2021,FRIDAY,UNDETERMINED,N,Y,49.191997,-123.128143,N,MARCH,N,RICHMOND,RICHMOND,RICHMOND,N,N,N,LOWER MAINLAND,BRIDGEPORT RD & SEXSMITH RD,SEXSMITH RD,SEXSMITH RD,12:00-14:59,1,0
N,PROPERTY DAMAGE ONLY,BRITTANY DR,N,2021,FRIDAY,REAR END,N,Y,48.438222,-123.507132,N,MARCH,N,LANGFORD,LANGFORD,LANGFORD,N,N,N,VANCOUVER ISLAND,BRITTANY DR & KELLY RD & PHIPPS RD,KELLY RD,KELLY RD,12:00-14:59,1,0
N,PROPERTY DAMAGE ONLY,BROADVIEW DR,N,2021,FRIDAY,SIDE SWIPE - SAME DIRECTION,N,Y,49.315809,-122.996465,N,MARCH,N,NORTH VANCOUVER,NORTH VANCOUVER,NORTH VANCOUVER,N,N,N,LOWER MAINLAND,BROADVIEW DR & MT SEYMOUR PKY,MT SEYMOUR PKY,MT SEYMOUR PKY,12:00-14:59,1,0
N,PROPERTY DAMAGE ONLY,BRUNETTE AVE,N,2021,FRIDAY,UNDETERMINED,Y,Y,49.222322,-122.892805,N,MARCH,N,NEW WESTMINSTER,NEW WESTMINSTER,NEW WESTMINSTER,N,N,N,LOWER MAINLAND,BRUNETTE AVE & DEBECK ST & E COLUMBIA ST & STRAND AVE & TURNING LANE,E COLUMBIA ST,E COLUMBIA ST,12:00-14:59,1,0
N,PROPERTY DAMAGE ONLY,BURRARD ST,N,2021,FRIDAY,SIDE IMPACT,N,Y,49.28188,-123.124968,N,MARCH,N,VANCOUVER,VANCOUVER,VANCOUVER,N,N,N,LOWER MAINLAND,BARCLAY ST & BURRARD ST,BARCLAY ST,BARCLAY ST,12:00-14:59,1,0
N,PROPERTY DAMAGE ONLY,CALEDONIA AVE,N,2021,FRIDAY,SIDE IMPACT,Y,Y,48.431012,-123.361692,N,MARCH,N,VICTORIA,VICTORIA,VICTORIA,N,N,N,VANCOUVER ISLAND,BLANSHARD ST & CALEDONIA AVE,BLANSHARD ST,BLANSHARD ST,12:00-14:59,1,0
N,PROPERTY DAMAGE ONLY,CAMBIE ST,N,2021,FRIDAY,SIDE IMPACT,N,Y,49.23354,-123.116194,N,MARCH,N,VANCOUVER,VANCOUVER,VANCOUVER,N,N,N,LOWER MAINLAND,CAMBIE ST & W 41ST AVE,W 41ST AVE,W 41ST AVE,12:00-14:59,1,0
N,PROPERTY DAMAGE ONLY,CAMERON ST,N,2021,FRIDAY,SINGLE VEHICLE,N,Y,49.2534,-122.892975,N,MARCH,N,BURNABY,BURNABY,BURNABY & COQUITLAM,N,Y,N,LOWER MAINLAND,CAMERON ST & NORTH RD,NORTH RD,NORTH RD,12:00-14:59,1,0
N,PROPERTY DAMAGE ONLY,CANADA WAY,N,2021,FRIDAY,REAR END,N,Y,49.254725,-123.023504,N,MARCH,N,BURNABY,BURNABY,BURNABY & VANCOUVER,N,N,N,LOWER MAINLAND,BOUNDARY RD & CANADA WAY,BOUNDARY RD,BOUNDARY RD,12:00-14:59,1,0
N,PROPERTY DAMAGE ONLY,CANADA WAY,N,2021,FRIDAY,SIDE IMPACT,Y,Y,49.254631,-123.008318,N,MARCH,N,BURNABY,BURNABY,BURNABY,N,N,N,LOWER MAINLAND,BLACK BEAR AVE & CANADA WAY & SUMNER AVE,SUMNER AVE,SUMNER AVE,12:00-14:59,1,0
N,PROPERTY DAMAGE ONLY,CARNARVON ST,N,2021,FRIDAY,SIDE IMPACT,N,Y,49.204072,-122.90889,N,MARCH,N,NEW WESTMINSTER,NEW WESTMINSTER,NEW WESTMINSTER,Y,N,N,LOWER MAINLAND,CARNARVON ST & SIXTH ST,SIXTH ST,SIXTH ST,12:00-14:59,1,0
N,PROPERTY DAMAGE ONLY,CENTRAL BLVD,N,2021,FRIDAY,SIDE IMPACT,N,Y,49.221944,-122.997217,N,MARCH,N,BURNABY,BURNABY,BURNABY,N,N,N,LOWER MAINLAND,CENTRAL BLVD & IMPERIAL ST & WAVERLEY AVE & TURNING LANE,IMPERIAL ST,IMPERIAL ST,12:00-14:59,1,0
N,PROPERTY DAMAGE ONLY,CHAIRLIFT RD,N,2021,FRIDAY,SINGLE VEHICLE,N,Y,49.345022,-123.183955,N,MARCH,N,WEST VANCOUVER,WEST VANCOUVER,WEST VANCOUVER,N,N,N,LOWER MAINLAND,CHAIRLIFT RD & SKILIFT PL & SKILIFT RD,SKILIFT PL,SKILIFT PL,12:00-14:59,1,0
N,PROPERTY DAMAGE ONLY,CHARLES ST,N,2021,FRIDAY,SIDE IMPACT,N,Y,49.273283,-123.056581,N,MARCH,N,VANCOUVER,VANCOUVER,VANCOUVER,N,N,N,LOWER MAINLAND,CHARLES ST & NANAIMO ST,NANAIMO ST,NANAIMO ST,12:00-14:59,1,0
N,PROPERTY DAMAGE ONLY,CLARK DR,N,2021,FRIDAY,REAR END,N,Y,49.269649,-123.077365,N,MARCH,N,VANCOUVER,VANCOUVER,VANCOUVER,N,N,N,LOWER MAINLAND,CLARK DR & E 1ST AVE & GRANDVIEW VIADUCT,E 1ST AVE,E 1ST AVE,12:00-14:59,1,0
N,PROPERTY DAMAGE ONLY,CO-OP AVE,N,2021,FRIDAY,UNDETERMINED,N,Y,49.17993,-119.551031,N,MARCH,N,OLIVER,OLIVER,OLIVER,N,Y,N,SOUTHERN INTERIOR,AIRPORT ST & CO-OP AVE & MAIN ST & TURNING LANE,MAIN ST,MAIN ST,12:00-14:59,1,0
N,PROPERTY DAMAGE ONLY,COBBLE HILL RD,N,2021,FRIDAY,UNDETERMINED,N,Y,48.664925,-123.559363,N,MARCH,N,MILL BAY,MILL BAY,MILL BAY,N,N,N,VANCOUVER ISLAND,COBBLE HILL RD & KILMALU RD & TRANS-CANADA HWY & TURNING LANE,TRANS-CANADA HWY,TRANS-CANADA HWY,12:00-14:59,1,0
N,PROPERTY DAMAGE ONLY,COLLINGWOOD ST,N,2021,FRIDAY,SINGLE VEHICLE,N,Y,49.230144,-123.182012,N,MARCH,N,VANCOUVER,VANCOUVER,VANCOUVER,N,N,N,LOWER MAINLAND,COLLINGWOOD ST & SW MARINE DR,SW MARINE DR,SW MARINE DR,12:00-14:59,1,0
N,PROPERTY DAMAGE ONLY,CROFTON ST,N,2021,FRIDAY,REAR END,N,Y,49.836403,-124.520731,N,MARCH,N,POWELL RIVER,POWELL RIVER,POWELL RIVER,N,N,N,VANCOUVER ISLAND,CROFTON ST & JOYCE AVE,JOYCE AVE,JOYCE AVE,12:00-14:59,1,0
N,PROPERTY DAMAGE ONLY,DAIMLER RD,N,2021,FRIDAY,SIDE SWIPE - SAME DIRECTION,N,Y,49.856234,-119.595246,N,MARCH,N,WEST KELOWNA,WEST KELOWNA,WEST KELOWNA,N,N,N,SOUTHERN INTERIOR,DAIMLER DR & HWY 97 & TURNING LANE,HWY 97,HWY 97,12:00-14:59,1,0
N,PROPERTY DAMAGE ONLY,DEPOT RD,N,2021,FRIDAY,SINGLE VEHICLE,N,Y,49.765906,-123.137931,N,MARCH,N,SQUAMISH,SQUAMISH,SQUAMISH,N,N,N,LOWER MAINLAND,DEPOT RD & HWY 99 & TURNING LANE,HWY 99,HWY 99,12:00-14:59,1,0
N,PROPERTY DAMAGE ONLY,DESPARD AVE E,N,2021,FRIDAY,REAR END,N,Y,49.312145,-124.312491,N,MARCH,N,PARKSVILLE,PARKSVILLE,PARKSVILLE,N,N,N,VANCOUVER ISLAND,CRAIG ST & DESPARD AVE E & DESPARD AVE W,CRAIG ST,CRAIG ST,12:00-14:59,1,0
N,PROPERTY DAMAGE ONLY,DOMINION ST,N,2021,FRIDAY,CONFLICTED,N,Y,53.915013,-122.745714,N,MARCH,N,PRINCE GEORGE,PRINCE GEORGE,PRINCE GEORGE,N,N,N,NORTH CENTRAL,5TH AVE & DOMINION ST,5TH AVE,5TH AVE,12:00-14:59,1,0
N,PROPERTY DAMAGE ONLY,E 23RD ST,N,2021,FRIDAY,REAR END,N,Y,49.330199,-123.068991,N,MARCH,N,NORTH VANCOUVER,NORTH VANCOUVER,NORTH VANCOUVER,N,N,N,LOWER MAINLAND,E 23RD ST & ST GEORGES AVE,ST GEORGES AVE,ST GEORGES AVE,12:00-14:59,1,0
N,PROPERTY DAMAGE ONLY,E 26TH ST,N,2021,FRIDAY,SINGLE VEHICLE,N,Y,49.333288,-123.072088,N,MARCH,N,NORTH VANCOUVER,NORTH VANCOUVER,NORTH VANCOUVER,N,N,N,LOWER MAINLAND,E 26TH ST & LONSDALE AVE,LONSDALE AVE,LONSDALE AVE,12:00-14:59,1,0
N,PROPERTY DAMAGE ONLY,E 28TH AVE,N,2021,FRIDAY,SIDE SWIPE - SAME DIRECTION,N,Y,49.245341,-123.023793,N,MARCH,N,VANCOUVER,VANCOUVER,VANCOUVER,N,N,N,LOWER MAINLAND,BOUNDARY RD & E 28TH AVE,BOUNDARY RD,BOUNDARY RD,12:00-14:59,1,0
N,PROPERTY DAMAGE ONLY,E 37TH AVE,N,2021,FRIDAY,REAR END,N,Y,49.23649,-123.084726,N,MARCH,N,VANCOUVER,VANCOUVER,VANCOUVER,N,N,N,LOWER MAINLAND,E 37TH AVE & WINDSOR ST,WINDSOR ST,WINDSOR ST,12:00-14:59,1,0
N,PROPERTY DAMAGE ONLY,E 41ST AVE,N,2021,FRIDAY,SIDE IMPACT,N,Y,49.232747,-123.065518,N,MARCH,N,VANCOUVER,VANCOUVER,VANCOUVER,N,Y,N,LOWER MAINLAND,E 41ST AVE & VICTORIA DR,VICTORIA DR,VICTORIA DR,12:00-14:59,1,0
N,PROPERTY DAMAGE ONLY,E 49TH AVE,N,2021,FRIDAY,UNDETERMINED,Y,Y,49.221948,-123.023697,N,MARCH,N,BURNABY,BURNABY,BURNABY & VANCOUVER,N,N,N,LOWER MAINLAND,BOUNDARY RD & E 49TH AVE & IMPERIAL ST & TURNING LANE,BOUNDARY RD,BOUNDARY RD,12:00-14:59,1,0
N,PROPERTY DAMAGE ONLY,E 6TH AVE,N,2021,FRIDAY,SIDE SWIPE - SAME DIRECTION,Y,Y,49.26524,-123.081306,N,MARCH,N,VANCOUVER,VANCOUVER,VANCOUVER,N,N,N,LOWER MAINLAND,E 6TH AVE & GLEN DR & GREAT NORTHERN WAY,GLEN DR,GLEN DR,12:00-14:59,1,0
N,PROPERTY DAMAGE ONLY,E BROADWAY,N,2021,FRIDAY,UNDETERMINED,N,Y,49.261948,-123.044314,N,MARCH,N,VANCOUVER,VANCOUVER,VANCOUVER,N,N,N,LOWER MAINLAND,E BROADWAY & RENFREW ST,RENFREW ST,RENFREW ST,12:00-14:59,1,0
N,PROPERTY DAMAGE ONLY,E COLUMBIA ST,N,2021,FRIDAY,REAR END,Y,Y,49.222322,-122.892805,N,MARCH,N,NEW WESTMINSTER,NEW WESTMINSTER,NEW WESTMINSTER,N,N,N,LOWER MAINLAND,BRUNETTE AVE & DEBECK ST & E COLUMBIA ST & STRAND AVE & TURNING LANE,BRUNETTE AVE,BRUNETTE AVE,12:00-14:59,1,0
N,PROPERTY DAMAGE ONLY,EAST BOULEVARD,Y,2021,FRIDAY,UNDETERMINED,Y,Y,49.234575,-123.155268,N,MARCH,N,VANCOUVER,VANCOUVER,VANCOUVER,N,N,N,LOWER MAINLAND,ARBUTUS GREENWAY & EAST BOULEVARD & W 41ST AVE & WEST BOULEVARD,W 41ST AVE,W 41ST AVE,12:00-14:59,1,0
N,PROPERTY DAMAGE ONLY,ENTERPRISE WAY,N,2021,FRIDAY,REAR END,N,Y,49.883235,-119.447561,N,MARCH,N,KELOWNA,KELOWNA,KELOWNA,N,Y,N,SOUTHERN INTERIOR,ENTERPRISE WAY & HARDY ST,HARDY ST,HARDY ST,12:00-14:59,1,0
N,PROPERTY DAMAGE ONLY,ESSENDENE AVE,N,2021,FRIDAY,SIDE SWIPE - SAME DIRECTION,N,Y,49.048975,-122.289007,N,MARCH,N,ABBOTSFORD,ABBOTSFORD,ABBOTSFORD,N,N,N,LOWER MAINLAND,ESSENDENE AVE & MONTVUE AVE & WEST RAILWAY ST,WEST RAILWAY ST,WEST RAILWAY ST,12:00-14:59,1,0
N,PROPERTY DAMAGE ONLY,EVANS RD,N,2021,FRIDAY,REAR END,N,Y,49.145179,-121.977627,N,MARCH,N,CHILLIWACK,CHILLIWACK,CHILLIWACK,N,N,N,LOWER MAINLAND,EVANS RD & YALE RD,YALE RD,YALE RD,12:00-14:59,1,0
N,PROPERTY DAMAGE ONLY,FELL AVE,N,2021,FRIDAY,SIDE SWIPE - SAME DIRECTION,Y,Y,49.321159,-123.094648,N,MARCH,N,NORTH VANCOUVER,NORTH VANCOUVER,NORTH VANCOUVER,N,N,N,LOWER MAINLAND,FELL AVE & MARINE DR & TURNING LANE,MARINE DR,MARINE DR,12:00-14:59,1,0
N,PROPERTY DAMAGE ONLY,FINLAYSON ST,N,2021,FRIDAY,SIDE IMPACT,N,Y,48.445033,-123.370717,N,MARCH,N,VICTORIA,VICTORIA,VICTORIA,Y,Y,N,VANCOUVER ISLAND,DOUGLAS ST & FINLAYSON ST,DOUGLAS ST,DOUGLAS ST,12:00-14:59,1,0
N,PROPERTY DAMAGE ONLY,FINLAYSON ST,N,2021,FRIDAY,SIDE SWIPE - SAME DIRECTION,N,Y,48.445033,-123.370717,N,MARCH,N,VICTORIA,VICTORIA,VICTORIA,N,N,N,VANCOUVER ISLAND,DOUGLAS ST & FINLAYSON ST,DOUGLAS ST,DOUGLAS ST,12:00-14:59,1,0
N,PROPERTY DAMAGE ONLY,FORT ST,N,2021,FRIDAY,SINGLE VEHICLE,N,Y,48.426495,-123.337011,N,MARCH,N,VICTORIA,VICTORIA,VICTORIA,N,N,N,VANCOUVER ISLAND,FORT ST & OAK BAY AVE & PANDORA AVE & VERRINDER AVE,OAK BAY AVE,OAK BAY AVE,12:00-14:59,1,0
N,PROPERTY DAMAGE ONLY,FRANKLIN ST,N,2021,FRIDAY,CONFLICTED,N,Y,49.282066,-123.04933,N,MARCH,N,VANCOUVER,VANCOUVER,VANCOUVER,N,N,N,LOWER MAINLAND,FRANKLIN ST & SLOCAN ST,SLOCAN ST,SLOCAN ST,12:00-14:59,1,0
N,PROPERTY DAMAGE ONLY,FRASER,N,2021,FRIDAY,UNDETERMINED,N,N,\N,\N,N,MARCH,N,VANCOUVER,VANCOUVER,\N,Y,N,N,LOWER MAINLAND,UNKNOWN,48TH,48TH,12:00-14:59,1,0
N,PROPERTY DAMAGE ONLY,FRASER HWY,N,2021,FRIDAY,REAR END,N,Y,49.128669,-122.712559,N,MARCH,N,SURREY,SURREY,SURREY,N,N,N,LOWER MAINLAND,184 ST & FRASER HWY & TURNING LANE,184 ST,184 ST,12:00-14:59,1,0
N,PROPERTY DAMAGE ONLY,FRASER HWY,N,2021,FRIDAY,SIDE IMPACT,N,Y,49.178795,-122.834372,N,MARCH,N,SURREY,SURREY,SURREY,N,N,N,LOWER MAINLAND,140 ST & FRASER HWY,140 ST,140 ST,12:00-14:59,1,0
N,PROPERTY DAMAGE ONLY,FRASER HWY,N,2021,FRIDAY,SIDE SWIPE - SAME DIRECTION,N,Y,49.163052,-122.79362,N,MARCH,N,SURREY,SURREY,SURREY,N,N,N,LOWER MAINLAND,154A ST & 154B ST & 88 AVE & FRASER HWY & TURNING LANE,88 AVE,88 AVE,12:00-14:59,1,0
N,PROPERTY DAMAGE ONLY,FRASER ST,N,2021,FRIDAY,SIDE IMPACT,N,Y,49.227363,-123.0907,N,MARCH,N,VANCOUVER,VANCOUVER,VANCOUVER,Y,N,N,LOWER MAINLAND,E 47TH AVE & FRASER ST,E 47TH AVE,E 47TH AVE,12:00-14:59,1,0
N,PROPERTY DAMAGE ONLY,FRONT ST,N,2021,FRIDAY,REAR END,N,Y,49.214795,-122.894423,N,MARCH,N,NEW WESTMINSTER,NEW WESTMINSTER,NEW WESTMINSTER,N,N,N,LOWER MAINLAND,E COLUMBIA ST & FRONT ST,E COLUMBIA ST,E COLUMBIA ST,12:00-14:59,1,0
N,PROPERTY DAMAGE ONLY,FRONT ST,N,2021,FRIDAY,UNDETERMINED,N,Y,49.200524,-122.912578,N,MARCH,N,NEW WESTMINSTER,NEW WESTMINSTER,NEW WESTMINSTER,N,N,N,LOWER MAINLAND,COLUMBIA ST & FRONT ST & NEW WESTMINSTER STATION & TURNING LANE,COLUMBIA ST,COLUMBIA ST,12:00-14:59,1,0
N,PROPERTY DAMAGE ONLY,GARRISON BLVD,N,2021,FRIDAY,REAR END,N,Y,49.103866,-121.965925,N,MARCH,N,CHILLIWACK,CHILLIWACK,CHILLIWACK,N,N,N,LOWER MAINLAND,DIEPPE ST & GARRISON BLVD & KEITH WILSON RD,KEITH WILSON RD,KEITH WILSON RD,12:00-14:59,1,0
N,PROPERTY DAMAGE ONLY,GEORGE FERGUSON WAY,N,2021,FRIDAY,SIDE IMPACT,N,Y,49.05536,-122.315258,N,MARCH,N,ABBOTSFORD,ABBOTSFORD,ABBOTSFORD,N,N,N,LOWER MAINLAND,GEORGE FERGUSON WAY & GLADWIN RD & TURNING LANE,GLADWIN RD,GLADWIN RD,12:00-14:59,1,0
N,PROPERTY DAMAGE ONLY,GLADSTONE ST,N,2021,FRIDAY,UNDETERMINED,N,Y,49.243562,-123.06181,N,MARCH,N,VANCOUVER,VANCOUVER,VANCOUVER,Y,Y,N,LOWER MAINLAND,GLADSTONE ST & KINGSWAY,KINGSWAY,KINGSWAY,12:00-14:59,1,0
N,PROPERTY DAMAGE ONLY,GOLDEN EARS WAY,N,2021,FRIDAY,REAR END,N,Y,49.223463,-122.670028,N,MARCH,N,PITT MEADOWS,PITT MEADOWS,PITT MEADOWS,N,N,N,LOWER MAINLAND,GOLDEN EARS WAY & LOUGHEED HWY & LOUGHEED HWY OFFRAMP & LOUGHEED HWY ONRAMP & MEADOWTOWN CENTER WAY & TURNING LANE,LOUGHEED HWY,LOUGHEED HWY,12:00-14:59,1,0
N,PROPERTY DAMAGE ONLY,GORDON DR,N,2021,FRIDAY,REAR END,N,Y,49.883544,-119.476957,N,MARCH,N,KELOWNA,KELOWNA,KELOWNA,N,N,N,SOUTHERN INTERIOR,GORDON DR & HARVEY AVE & TURNING LANE,HWY 97,HWY 97,12:00-14:59,1,0
N,PROPERTY DAMAGE ONLY,GOVERNMENT ST,N,2021,FRIDAY,REAR END,N,Y,48.427482,-123.367241,N,MARCH,N,VICTORIA,VICTORIA,VICTORIA,N,N,N,VANCOUVER ISLAND,GOVERNMENT ST & JOHNSON ST,JOHNSON ST,JOHNSON ST,12:00-14:59,1,0
N,PROPERTY DAMAGE ONLY,GOVERNMENT ST,N,2021,FRIDAY,REAR END,N,Y,48.435808,-123.367314,N,MARCH,N,VICTORIA,VICTORIA,VICTORIA,N,N,N,VANCOUVER ISLAND,BAY ST & GOVERNMENT ST,BAY ST,BAY ST,12:00-14:59,1,0
N,PROPERTY DAMAGE ONLY,GRAND BLVD OFFRAMP,N,2021,FRIDAY,UNDETERMINED,N,Y,49.328871,-123.053569,N,MARCH,N,NORTH VANCOUVER,NORTH VANCOUVER,NORTH VANCOUVER,N,N,N,LOWER MAINLAND,BOULEVARD CRES & E 21ST ST & GRAND BLVD OFFRAMP & GRAND BLVD ONRAMP & LYNN VALLEY RD & LYNN VALLEY RD ONRAMP & TRANS-CANADA HWY & WILLIAM AVE OFFRAMP & TURNING LANE,HWY 1,HWY 1,12:00-14:59,1,0
N,PROPERTY DAMAGE ONLY,GRANVILLE,N,2021,FRIDAY,SIDE IMPACT,N,N,\N,\N,N,MARCH,N,VANCOUVER,VANCOUVER,\N,Y,N,N,LOWER MAINLAND,UNKNOWN,KING EDWARD AVE,KING EDWARD AVE,12:00-14:59,1,0
N,PROPERTY DAMAGE ONLY,GRIFFITHS AVE,N,2021,FRIDAY,CONFLICTED,N,Y,49.218374,-122.961081,N,MARCH,N,BURNABY,BURNABY,BURNABY,N,Y,N,LOWER MAINLAND,GRIFFITHS AVE & GRIFFITHS DR & KINGSWAY & TURNING LANE,KINGSWAY,KINGSWAY,12:00-14:59,1,0
N,PROPERTY DAMAGE ONLY,HAMILTON ST,N,2021,FRIDAY,SIDE SWIPE - SAME DIRECTION,N,Y,49.277772,-123.117489,N,MARCH,N,VANCOUVER,VANCOUVER,VANCOUVER,N,N,N,LOWER MAINLAND,HAMILTON ST & MAINLAND ST & SMITHE ST,SMITHE ST,SMITHE ST,12:00-14:59,1,0
N,PROPERTY DAMAGE ONLY,HARRIS RD,N,2021,FRIDAY,REAR END,N,Y,49.208077,-122.689751,N,MARCH,N,PITT MEADOWS,PITT MEADOWS,PITT MEADOWS,N,N,N,LOWER MAINLAND,AIRPORT WAY & HARRIS RD,AIRPORT WAY,AIRPORT WAY,12:00-14:59,1,0
N,PROPERTY DAMAGE ONLY,HARVEY AVE,N,2021,FRIDAY,REAR END,N,Y,49.881885,-119.443242,N,MARCH,N,KELOWNA,KELOWNA,KELOWNA,N,N,N,SOUTHERN INTERIOR,COOPER RD & HARVEY AVE & TURNING LANE,COOPER RD,COOPER RD,12:00-14:59,1,0
N,PROPERTY DAMAGE ONLY,HEATHER ST,N,2021,FRIDAY,CONFLICTED,N,Y,49.263294,-123.119894,N,MARCH,N,VANCOUVER,VANCOUVER,VANCOUVER,N,N,N,LOWER MAINLAND,HEATHER ST & W BROADWAY,W BROADWAY,W BROADWAY,12:00-14:59,1,0
N,PROPERTY DAMAGE ONLY,HEER,N,2021,FRIDAY,UNDETERMINED,Y,N,\N,\N,N,MARCH,N,NEW WESTMINSTER,NEW WESTMINSTER,\N,N,N,N,LOWER MAINLAND,UNKNOWN,KINGSWAY,KINGSWAY,12:00-14:59,1,0
N,PROPERTY DAMAGE ONLY,HELMCKEN ST,N,2021,FRIDAY,SIDE IMPACT,N,Y,49.276291,-123.121673,N,MARCH,N,VANCOUVER,VANCOUVER,VANCOUVER,Y,N,N,LOWER MAINLAND,HELMCKEN ST & HOMER ST,HOMER ST,HOMER ST,12:00-14:59,1,0
N,PROPERTY DAMAGE ONLY,HUGH ALLAN DR,N,2021,FRIDAY,REAR END,N,Y,50.653098,-120.37916,N,MARCH,Y,KAMLOOPS,KAMLOOPS,KAMLOOPS,N,N,N,SOUTHERN INTERIOR,HILLSIDE WAY ONRAMP & HUGH ALLAN DR & HUGH ALLAN DR OFFRAMP & HUGH ALLAN DR ONRAMP & PACIFIC WAY & PACIFIC WAY OFFRAMP & PACIFIC WAY ONRAMP & TRANS-CANADA HWY W & TURNING LANE,PACIFIC WAY,PACIFIC WAY,12:00-14:59,1,0
N,PROPERTY DAMAGE ONLY,HUGH ALLAN DR,N,2021,FRIDAY,SIDE IMPACT,N,Y,50.653098,-120.37916,N,MARCH,N,KAMLOOPS,KAMLOOPS,KAMLOOPS,Y,Y,N,SOUTHERN INTERIOR,HILLSIDE WAY ONRAMP & HUGH ALLAN DR & HUGH ALLAN DR OFFRAMP & HUGH ALLAN DR ONRAMP & PACIFIC WAY & PACIFIC WAY OFFRAMP & PACIFIC WAY ONRAMP & TRANS-CANADA HWY W & TURNING LANE,PACIFIC WAY,PACIFIC WAY,12:00-14:59,1,0
N,PROPERTY DAMAGE ONLY,HWY 1,N,2021,FRIDAY,REAR END,N,Y,49.33199,-123.088135,N,MARCH,N,NORTH VANCOUVER,NORTH VANCOUVER,NORTH VANCOUVER,Y,Y,N,LOWER MAINLAND,MOSQUITO CREEK BRIDGE & TRANS-CANADA HWY & WESTVIEW DR & WESTVIEW DR OFFRAMP & WESTVIEW DR ONRAMP & TURNING LANE,WESTVIEW DR,WESTVIEW DR,12:00-14:59,1,0
N,PROPERTY DAMAGE ONLY,HWY 1,N,2021,FRIDAY,SIDE IMPACT,N,Y,49.170325,-122.692254,N,MARCH,N,SURREY,SURREY,SURREY,N,N,N,LOWER MAINLAND,192 ST & 192 ST OFFRAMP & 192 ST ONRAMP & TRANS-CANADA HWY,192 ST,192 ST,12:00-14:59,1,0
N,PROPERTY DAMAGE ONLY,HWY 1,N,2021,FRIDAY,SIDE SWIPE - SAME DIRECTION,Y,Y,48.454898,-123.519289,N,MARCH,N,LANGFORD,LANGFORD,LANGFORD,N,N,N,VANCOUVER ISLAND,LEIGH RD & LEIGH RD OFFRAMP & LEIGH RD ONRAMP & TRANS-CANADA HWY,LEIGH RD,LEIGH RD,12:00-14:59,1,0
N,PROPERTY DAMAGE ONLY,HWY 10,N,2021,FRIDAY,REAR END,N,Y,49.108236,-122.890432,N,MARCH,N,DELTA,DELTA,DELTA & SURREY,N,N,N,LOWER MAINLAND,120 ST & 58 AVE & HWY 10 & TURNING LANE,120 ST,120 ST,12:00-14:59,1,0
N,PROPERTY DAMAGE ONLY,HWY 15,N,2021,FRIDAY,CONFLICTED,N,Y,49.045662,-122.735305,N,MARCH,N,SURREY,SURREY,SURREY,N,N,N,LOWER MAINLAND,176 ST & 24 AVE,24 AVE,24 AVE,12:00-14:59,1,0
N,PROPERTY DAMAGE ONLY,HWY 15,N,2021,FRIDAY,UNDETERMINED,N,Y,49.181569,-122.734867,N,MARCH,N,SURREY,SURREY,SURREY,N,N,N,LOWER MAINLAND,176 ST & 176 ST OFFRAMP & 176 ST ONRAMP & TRANS-CANADA HWY,HWY 1,HWY 1,12:00-14:59,1,0
N,PROPERTY DAMAGE ONLY,HWY 16,N,2021,FRIDAY,REAR END,N,Y,53.869202,-122.780417,N,MARCH,N,PRINCE GEORGE,PRINCE GEORGE,PRINCE GEORGE,N,N,N,NORTH CENTRAL,DOMANO BLVD & HWY 16 W & TYNER BLVD & TURNING LANE,DOMANO BLVD,DOMANO BLVD,12:00-14:59,1,0
N,PROPERTY DAMAGE ONLY,HWY 16,N,2021,FRIDAY,SINGLE VEHICLE,N,Y,54.539751,-128.486681,N,MARCH,N,TERRACE,TERRACE,TERRACE,N,N,N,NORTH CENTRAL,COPPER RIVER FSR & HWY 16,COPPER RIVER FSR,COPPER RIVER FSR,12:00-14:59,1,0
N,PROPERTY DAMAGE ONLY,HWY 17,N,2021,FRIDAY,SIDE IMPACT,N,Y,49.191466,-122.738252,N,MARCH,N,SURREY,SURREY,SURREY,N,N,N,LOWER MAINLAND,104 AVE & 104 AVE ONRAMP & HWY 17 & TURNING LANE,104 AVE,104 AVE,12:00-14:59,1,0
N,PROPERTY DAMAGE ONLY,HWY 17,N,2021,FRIDAY,UNDETERMINED,N,Y,49.191466,-122.738252,N,MARCH,N,SURREY,SURREY,SURREY,N,N,N,LOWER MAINLAND,104 AVE & 104 AVE ONRAMP & HWY 17 & TURNING LANE,104 AVE,104 AVE,12:00-14:59,1,0
N,PROPERTY DAMAGE ONLY,HWY 97,N,2021,FRIDAY,REAR END,N,Y,49.889477,-119.420504,N,MARCH,N,KELOWNA,KELOWNA,KELOWNA,N,N,N,SOUTHERN INTERIOR,HWY 33 W & HWY 97 N & TURNING LANE,HWY 33,HWY 33,12:00-14:59,1,0
N,PROPERTY DAMAGE ONLY,HWY 97 N,N,2021,FRIDAY,REAR END,N,Y,49.88192,-119.465773,N,MARCH,N,KELOWNA,KELOWNA,KELOWNA,N,N,N,SOUTHERN INTERIOR,BURTCH RD & HARVEY AVE & TURNING LANE,BURTCH RD,BURTCH RD,12:00-14:59,1,0
N,PROPERTY DAMAGE ONLY,HWY 97 N,N,2021,FRIDAY,REAR END,N,Y,49.881947,-119.454569,N,MARCH,N,KELOWNA,KELOWNA,KELOWNA,N,N,N,SOUTHERN INTERIOR,HARVEY AVE & SPALL RD & TURNING LANE,SPALL RD,SPALL RD,12:00-14:59,1,0
N,PROPERTY DAMAGE ONLY,INGLIS DR,N,2021,FRIDAY,REAR END,N,Y,49.179797,-123.153524,N,MARCH,N,RICHMOND,RICHMOND,RICHMOND,N,N,N,LOWER MAINLAND,INGLIS DR & RUSS BAKER WAY & TURNING LANE,RUSS BAKER WAY,RUSS BAKER WAY,12:00-14:59,1,0
N,PROPERTY DAMAGE ONLY,INVERNESS ST,N,2021,FRIDAY,REAR END,N,Y,49.225331,-123.080049,N,MARCH,N,VANCOUVER,VANCOUVER,VANCOUVER,N,N,N,LOWER MAINLAND,E 49TH AVE & INVERNESS ST,E 49TH AVE,E 49TH AVE,12:00-14:59,1,0
N,PROPERTY DAMAGE ONLY,ISLAND HWY N,N,2021,FRIDAY,REAR END,N,Y,49.219877,-124.033991,N,MARCH,N,NANAIMO,NANAIMO,NANAIMO,N,N,N,VANCOUVER ISLAND,ISLAND HWY N & OLIVER RD & TURNING LANE,OLIVER RD,OLIVER RD,12:00-14:59,1,0
N,PROPERTY DAMAGE ONLY,JACKLIN RD,N,2021,FRIDAY,REAR END,N,Y,48.442868,-123.5102,N,MARCH,N,LANGFORD,LANGFORD,LANGFORD,Y,Y,N,VANCOUVER ISLAND,JACKLIN RD & LANGFORD PKY & TURNING LANE,LANGFORD PKY,LANGFORD PKY,12:00-14:59,1,0
N,PROPERTY DAMAGE ONLY,JERVIS ST,N,2021,FRIDAY,REAR END,N,Y,49.28281,-123.134916,N,MARCH,N,VANCOUVER,VANCOUVER,VANCOUVER,N,N,N,LOWER MAINLAND,DAVIE ST & JERVIS ST,DAVIE ST,DAVIE ST,12:00-14:59,1,0
N,PROPERTY DAMAGE ONLY,JONES AVE,N,2021,FRIDAY,SIDE IMPACT,Y,Y,49.31999,-123.081725,N,MARCH,N,NORTH VANCOUVER,NORTH VANCOUVER,NORTH VANCOUVER,N,N,N,LOWER MAINLAND,JONES AVE & W KEITH RD,W KEITH RD,W KEITH RD,12:00-14:59,1,0
N,PROPERTY DAMAGE ONLY,JOYCE ST,N,2021,FRIDAY,SINGLE VEHICLE,N,Y,49.238241,-123.031848,N,MARCH,N,VANCOUVER,VANCOUVER,VANCOUVER,N,N,N,LOWER MAINLAND,JOYCE ST & VANNESS AVE,VANNESS AVE,VANNESS AVE,12:00-14:59,1,0
N,PROPERTY DAMAGE ONLY,KERRISHALE,N,2021,FRIDAY,REAR END,N,N,\N,\N,N,MARCH,N,VANCOUVER,VANCOUVER,\N,N,N,N,LOWER MAINLAND,UNKNOWN,W 41ST AVE,W 41ST AVE,12:00-14:59,1,0
N,PROPERTY DAMAGE ONLY,KING GEORGE BLVD,N,2021,FRIDAY,REAR END,N,Y,49.032817,-122.777731,N,MARCH,N,SURREY,SURREY,SURREY,N,N,N,LOWER MAINLAND,KING GEORGE BLVD & KING GEORGE BLVD FRONTAGE RD,KING GEORGE BLVD FRONTAGE RD,KING GEORGE BLVD FRONTAGE RD,12:00-14:59,1,0
N,PROPERTY DAMAGE ONLY,KINGSVIEW RIDGE,N,2021,FRIDAY,SIDE SWIPE - OPPOSITE DIRECTION,N,Y,48.458708,-123.482725,N,MARCH,N,LANGFORD,LANGFORD,LANGFORD,N,N,N,VANCOUVER ISLAND,KINGSVIEW RIDGE & LEGACY RIDGE,LEGACY RIDGE,LEGACY RIDGE,12:00-14:59,1,0
N,PROPERTY DAMAGE ONLY,KINGSVIEW RIDGE,N,2021,FRIDAY,SIDE SWIPE - SAME DIRECTION,Y,Y,48.458708,-123.482725,N,MARCH,N,LANGFORD,LANGFORD,LANGFORD,N,N,N,VANCOUVER ISLAND,KINGSVIEW RIDGE & LEGACY RIDGE,LEGACY RIDGE,LEGACY RIDGE,12:00-14:59,1,0
N,PROPERTY DAMAGE ONLY,KINGSWAY,N,2021,FRIDAY,SIDE SWIPE - SAME DIRECTION,N,Y,49.248018,-123.071292,N,MARCH,N,VANCOUVER,VANCOUVER,VANCOUVER,N,N,N,LOWER MAINLAND,KINGSWAY & PERRY ST,PERRY ST,PERRY ST,12:00-14:59,1,0
N,PROPERTY DAMAGE ONLY,KINGSWAY,N,2021,FRIDAY,UNDETERMINED,N,Y,49.256565,-123.089884,N,MARCH,N,VANCOUVER,VANCOUVER,VANCOUVER,N,Y,N,LOWER MAINLAND,E 16TH AVE & FRASER ST & KINGSWAY & TURNING LANE,FRASER ST,FRASER ST,12:00-14:59,1,0
N,PROPERTY DAMAGE ONLY,KNIGHT ST,N,2021,FRIDAY,UNDETERMINED,N,Y,49.211079,-123.077129,N,MARCH,N,VANCOUVER,VANCOUVER,VANCOUVER,N,N,N,LOWER MAINLAND,KNIGHT ST & KNIGHT ST BRIDGE & SE MARINE DR & SE MARINE DR OFFRAMP & SE MARINE DR ONRAMP & BUS LANE,SE MARINE DR,SE MARINE DR,12:00-14:59,1,0
N,PROPERTY DAMAGE ONLY,KNIGHT ST BRIDGE,N,2021,FRIDAY,CONFLICTED,N,Y,49.191996,-123.077454,N,MARCH,N,RICHMOND,RICHMOND,RICHMOND,N,N,N,LOWER MAINLAND,BRIDGEPORT RD & BRIDGEPORT RD OFFRAMP & BRIDGEPORT RD ONRAMP & KNIGHT ST & KNIGHT ST BRIDGE & MANNINI WAY & TURNING LANE,KNIGHT ST,KNIGHT ST,12:00-14:59,1,0
N,PROPERTY DAMAGE ONLY,LABIEUX RD,N,2021,FRIDAY,REAR END,N,Y,49.199844,-123.99915,N,MARCH,N,NANAIMO,NANAIMO,NANAIMO,N,N,N,VANCOUVER ISLAND,BOWEN RD & LABIEUX RD & TURNING LANE,BOWEN RD,BOWEN RD,12:00-14:59,1,0
N,PROPERTY DAMAGE ONLY,LANSDOWNE RD,N,2021,FRIDAY,SIDE IMPACT,Y,Y,49.173835,-123.124612,N,MARCH,N,RICHMOND,RICHMOND,RICHMOND,N,N,N,LOWER MAINLAND,GARDEN CITY RD & LANSDOWNE RD & TURNING LANE,GARDEN CITY RD,GARDEN CITY RD,12:00-14:59,1,0
N,PROPERTY DAMAGE ONLY,LANSDOWNE RD,N,2021,FRIDAY,SIDE SWIPE - SAME DIRECTION,Y,Y,49.173835,-123.124612,N,MARCH,N,RICHMOND,RICHMOND,RICHMOND,Y,N,N,LOWER MAINLAND,GARDEN CITY RD & LANSDOWNE RD & TURNING LANE,GARDEN CITY RD,GARDEN CITY RD,12:00-14:59,1,0
N,PROPERTY DAMAGE ONLY,LETHBRIDGE AVE,N,2021,FRIDAY,SIDE IMPACT,N,Y,50.705332,-120.364034,N,MARCH,N,KAMLOOPS,KAMLOOPS,KAMLOOPS,N,N,N,SOUTHERN INTERIOR,8TH ST & LETHBRIDGE AVE,8TH ST,8TH ST,12:00-14:59,1,0
N,PROPERTY DAMAGE ONLY,LINCOLN ST,N,2021,FRIDAY,SIDE IMPACT,N,Y,49.232162,-123.026482,N,MARCH,N,VANCOUVER,VANCOUVER,VANCOUVER,N,N,N,LOWER MAINLAND,KINGSWAY & LINCOLN ST,KINGSWAY,KINGSWAY,12:00-14:59,1,0
N,PROPERTY DAMAGE ONLY,LOUGHEED HWY,N,2021,FRIDAY,REAR END,N,Y,49.266065,-123.014346,N,MARCH,N,BURNABY,BURNABY,BURNABY,N,N,N,LOWER MAINLAND,GILMORE AVE & LOUGHEED HWY & TURNING LANE,GILMORE AVE,GILMORE AVE,12:00-14:59,1,0
N,PROPERTY DAMAGE ONLY,LOUGHEED HWY,N,2021,FRIDAY,REAR TO REAR,N,Y,49.216888,-122.604541,N,MARCH,N,MAPLE RIDGE,MAPLE RIDGE,MAPLE RIDGE,N,Y,N,LOWER MAINLAND,223 ST & LOUGHEED HWY,223 ST,223 ST,12:00-14:59,1,0
N,PROPERTY DAMAGE ONLY,LOUGHEED HWY,N,2021,FRIDAY,SIDE IMPACT,N,N,\N,\N,N,MARCH,N,COQUITLAM,COQUITLAM,\N,N,Y,N,LOWER MAINLAND,UNKNOWN,COAST MERIDIAN RD,COAST MERIDIAN RD,12:00-14:59,1,0
N,PROPERTY DAMAGE ONLY,LOUGHEED HWY,N,2021,FRIDAY,SIDE IMPACT,Y,Y,49.252391,-122.912547,N,MARCH,N,BURNABY,BURNABY,BURNABY,N,N,N,LOWER MAINLAND,GAGLARDI WAY & LOUGHEED HWY & TURNING LANE,GAGLARDI WAY,GAGLARDI WAY,12:00-14:59,1,0
N,PROPERTY DAMAGE ONLY,LOUGHEED HWY,N,2021,FRIDAY,UNDETERMINED,N,Y,49.235972,-122.86863,N,MARCH,N,COQUITLAM,COQUITLAM,COQUITLAM,Y,Y,N,LOWER MAINLAND,LOUGHEED HWY & WOOLRIDGE ST & TURNING LANE,WOOLRIDGE ST,WOOLRIDGE ST,12:00-14:59,1,0
N,PROPERTY DAMAGE ONLY,MALAHAT DR,N,2021,FRIDAY,REAR END,N,Y,49.705572,-124.959449,N,MARCH,N,COURTENAY,COURTENAY,COURTENAY,N,N,N,VANCOUVER ISLAND,LERWICK RD & MALAHAT DR,LERWICK RD,LERWICK RD,12:00-14:59,1,0
N,PROPERTY DAMAGE ONLY,MANITOBA ST,N,2021,FRIDAY,SIDE IMPACT,N,Y,49.212187,-123.109974,N,MARCH,N,VANCOUVER,VANCOUVER,VANCOUVER,Y,Y,N,LOWER MAINLAND,MANITOBA ST & SW MARINE DR & W 64TH AVE,SW MARINE DR,SW MARINE DR,12:00-14:59,1,0
N,PROPERTY DAMAGE ONLY,MAPLE ST,N,2021,FRIDAY,UNDETERMINED,N,Y,49.233547,-123.152076,N,MARCH,N,VANCOUVER,VANCOUVER,VANCOUVER,N,N,N,LOWER MAINLAND,MAPLE ST & W 42ND AVE,W 42ND AVE,W 42ND AVE,12:00-14:59,1,0
N,PROPERTY DAMAGE ONLY,MCCALLUM RD,N,2021,FRIDAY,REAR END,N,Y,49.034944,-122.2928,N,MARCH,N,ABBOTSFORD,ABBOTSFORD,ABBOTSFORD,N,N,N,LOWER MAINLAND,HAWTHORNE AVE & KING RD & KING RD CONN & KING RD ONRAMP & MCCALLUM RD & MCCALLUM RD OFFRAMP & MCCALLUM RD ONRAMP & TRANS-CANADA HWY,HWY 1,HWY 1,12:00-14:59,1,0
N,PROPERTY DAMAGE ONLY,MCHARDY ST,N,2021,FRIDAY,REAR END,N,Y,49.235384,-123.038735,N,MARCH,N,VANCOUVER,VANCOUVER,VANCOUVER,Y,N,N,LOWER MAINLAND,KINGSWAY & MCHARDY ST,KINGSWAY,KINGSWAY,12:00-14:59,1,0
N,PROPERTY DAMAGE ONLY,MORRIS DR,N,2021,FRIDAY,SIDE IMPACT,N,Y,48.475225,-123.366308,N,MARCH,N,SAANICH,SAANICH,SAANICH,N,N,N,VANCOUVER ISLAND,CEDAR HILL CROSS RD & MORRIS DR & NICHOLSON ST,NICHOLSON ST,NICHOLSON ST,12:00-14:59,1,0
N,PROPERTY DAMAGE ONLY,MOUNTAIN HWY,N,2021,FRIDAY,REAR END,N,Y,49.31564,-123.037579,N,MARCH,N,NORTH VANCOUVER,NORTH VANCOUVER,NORTH VANCOUVER,N,N,N,LOWER MAINLAND,MOUNTAIN HWY & MOUNTAIN HWY OFFRAMP & MOUNTAIN HWY ONRAMP & TRANS-CANADA HWY & TRANS-CANADA HWY ONRAMP & TURNING LANE,UPPER LEVELS HWY,UPPER LEVELS HWY,12:00-14:59,1,0
N,PROPERTY DAMAGE ONLY,MYRTLE ST,N,2021,FRIDAY,SIDE IMPACT,N,Y,49.259921,-123.013973,N,MARCH,N,BURNABY,BURNABY,BURNABY,N,N,N,LOWER MAINLAND,GILMORE AVE & MYRTLE ST,GILMORE AVE,GILMORE AVE,12:00-14:59,1,0
N,PROPERTY DAMAGE ONLY,NELSON AVE,N,2021,FRIDAY,CONFLICTED,N,Y,49.221948,-122.994179,N,MARCH,N,BURNABY,BURNABY,BURNABY,N,N,N,LOWER MAINLAND,IMPERIAL ST & NELSON AVE,IMPERIAL ST,IMPERIAL ST,12:00-14:59,1,0
N,PROPERTY DAMAGE ONLY,NO 3 RD,N,2021,FRIDAY,SIDE IMPACT,N,Y,49.172017,-123.136554,N,MARCH,N,RICHMOND,RICHMOND,RICHMOND,Y,Y,N,LOWER MAINLAND,ACKROYD RD & NO 3 RD,ACKROYD RD,ACKROYD RD,12:00-14:59,1,0
N,PROPERTY DAMAGE ONLY,NO 4 RD,N,2021,FRIDAY,REAR END,N,Y,49.177286,-123.114002,N,MARCH,N,RICHMOND,RICHMOND,RICHMOND,N,N,N,LOWER MAINLAND,ALDERBRIDGE WAY & NO 4 RD & TURNING LANE,ALDERBRIDGE WAY,ALDERBRIDGE WAY,12:00-14:59,1,0
N,PROPERTY DAMAGE ONLY,NO 5 RD,N,2021,FRIDAY,REAR TO REAR,N,Y,49.170298,-123.091643,N,MARCH,N,RICHMOND,RICHMOND,RICHMOND,Y,Y,N,LOWER MAINLAND,NO 5 RD & WESTMINSTER HWY & TURNING LANE,WESTMINSTER HWY,WESTMINSTER HWY,12:00-14:59,1,0
N,PROPERTY DAMAGE ONLY,OAK BAY AVE,N,2021,FRIDAY,SIDE IMPACT,N,Y,48.426496,-123.315884,N,MARCH,N,OAK BAY,OAK BAY,OAK BAY,Y,N,N,VANCOUVER ISLAND,HAMPSHIRE RD & OAK BAY AVE,HAMPSHIRE RD,HAMPSHIRE RD,12:00-14:59,1,0
N,PROPERTY DAMAGE ONLY,OAK ST,N,2021,FRIDAY,CONFLICTED,N,Y,49.226543,-123.128296,N,MARCH,N,VANCOUVER,VANCOUVER,VANCOUVER,N,N,N,LOWER MAINLAND,OAK ST & W 49TH AVE,W 49TH AVE,W 49TH AVE,12:00-14:59,1,0
N,PROPERTY DAMAGE ONLY,OAK ST,N,2021,FRIDAY,SIDE SWIPE - SAME DIRECTION,N,Y,49.251719,-123.127448,N,MARCH,N,VANCOUVER,VANCOUVER,VANCOUVER,N,N,N,LOWER MAINLAND,BALFOUR AVE & OAK ST & W 22ND AVE,W 22ND AVE,W 22ND AVE,12:00-14:59,1,0
N,PROPERTY DAMAGE ONLY,OLD DEWDNEY TRUNK RD,N,2021,FRIDAY,SIDE SWIPE - SAME DIRECTION,N,Y,49.242992,-122.719547,N,MARCH,N,PITT MEADOWS,PITT MEADOWS,PITT MEADOWS,N,N,N,LOWER MAINLAND,KENNEDY RD & LOUGHEED HWY & OLD DEWDNEY TRUNK RD & TURNING LANE,LOUGHEED HWY,LOUGHEED HWY,12:00-14:59,1,0
N,PROPERTY DAMAGE ONLY,ONTARIO ST,N,2021,FRIDAY,CONFLICTED,N,Y,49.263014,-123.104885,N,MARCH,N,VANCOUVER,VANCOUVER,VANCOUVER,N,N,N,LOWER MAINLAND,E BROADWAY & ONTARIO ST & W BROADWAY,W BROADWAY,W BROADWAY,12:00-14:59,1,0
N,PROPERTY DAMAGE ONLY,OSPIKA BLVD,N,2021,FRIDAY,SIDE SWIPE - SAME DIRECTION,Y,Y,53.920607,-122.794189,N,MARCH,N,PRINCE GEORGE,PRINCE GEORGE,PRINCE GEORGE,N,N,N,NORTH CENTRAL,5TH AVE & OSPIKA BLVD & TURNING LANE,5TH AVE,5TH AVE,12:00-14:59,1,0
N,PROPERTY DAMAGE ONLY,PACIFIC ST,N,2021,FRIDAY,SIDE IMPACT,N,Y,49.276281,-123.131378,N,MARCH,N,VANCOUVER,VANCOUVER,VANCOUVER,Y,N,N,LOWER MAINLAND,HORNBY ST & PACIFIC ST,HORNBY ST,HORNBY ST,12:00-14:59,1,0
N,PROPERTY DAMAGE ONLY,PANDORA AVE,N,2021,FRIDAY,REAR END,N,Y,48.428525,-123.367038,N,MARCH,N,VICTORIA,VICTORIA,VICTORIA,N,N,N,VANCOUVER ISLAND,GOVERNMENT ST & PANDORA AVE,GOVERNMENT ST,GOVERNMENT ST,12:00-14:59,1,0
N,PROPERTY DAMAGE ONLY,PANTAGES LANE,N,2021,FRIDAY,SIDE IMPACT,N,Y,49.285911,-123.140728,N,MARCH,N,VANCOUVER,VANCOUVER,VANCOUVER,Y,N,N,LOWER MAINLAND,BIDWELL ST & PANTAGES LANE,BIDWELL ST,BIDWELL ST,12:00-14:59,1,0
N,PROPERTY DAMAGE ONLY,PHILIP AVE,N,2021,FRIDAY,UNDETERMINED,N,Y,49.323893,-123.113368,N,MARCH,N,NORTH VANCOUVER,NORTH VANCOUVER,NORTH VANCOUVER,Y,N,N,LOWER MAINLAND,MARINE DR & PHILIP AVE,MARINE DR,MARINE DR,12:00-14:59,1,0
N,PROPERTY DAMAGE ONLY,PINE ST,N,2021,FRIDAY,SINGLE VEHICLE,N,Y,49.263662,-123.143414,N,MARCH,N,VANCOUVER,VANCOUVER,VANCOUVER,N,Y,N,LOWER MAINLAND,PINE ST & W BROADWAY,W BROADWAY,W BROADWAY,12:00-14:59,1,0
N,PROPERTY DAMAGE ONLY,QUADRA ST,N,2021,FRIDAY,REAR END,N,Y,48.487491,-123.386588,N,MARCH,N,SAANICH,SAANICH,SAANICH,N,N,N,VANCOUVER ISLAND,FERRIE RD & GLANFORD AVE & QUADRA ST & WEST SAANICH RD & TURNING LANE,GLANFORD AVE,GLANFORD AVE,12:00-14:59,1,0
N,PROPERTY DAMAGE ONLY,REUNION AVE,N,2021,FRIDAY,REAR END,N,Y,48.438538,-123.508332,N,MARCH,N,LANGFORD,LANGFORD,LANGFORD,N,N,N,VANCOUVER ISLAND,KELLY RD & REUNION AVE,KELLY RD,KELLY RD,12:00-14:59,1,0
N,PROPERTY DAMAGE ONLY,RICHTER ST,N,2021,FRIDAY,REAR TO REAR,N,Y,49.861929,-119.488245,N,MARCH,N,KELOWNA,KELOWNA,KELOWNA,N,Y,N,SOUTHERN INTERIOR,KLO RD & RICHTER ST,KLO RD,KLO RD,12:00-14:59,1,0
N,PROPERTY DAMAGE ONLY,RIVER RD,N,2021,FRIDAY,CONFLICTED,Y,Y,49.152072,-122.952431,N,MARCH,N,DELTA,DELTA,DELTA,N,N,N,LOWER MAINLAND,HWY 17 & HWY 91 CONN ONRAMP & RIVER RD & RIVER RD OFFRAMP & RIVER ROAD CONN & RIVER ROAD OFFRAMP & RIVER ROAD ONRAMP,HWY 17,HWY 17,12:00-14:59,1,0
N,PROPERTY DAMAGE ONLY,RIVER RD,N,2021,FRIDAY,SIDE IMPACT,N,N,\N,\N,N,MARCH,N,LANGLEY,LANGLEY,\N,Y,N,N,LOWER MAINLAND,UNKNOWN,LEFEUVRE RD,LEFEUVRE RD,12:00-14:59,1,0
N,PROPERTY DAMAGE ONLY,RYAN RD,N,2021,FRIDAY,REAR END,N,Y,49.71038,-124.965621,N,MARCH,N,COURTENAY,COURTENAY,COURTENAY,N,N,N,VANCOUVER ISLAND,LERWICK RD & RYAN RD & TURNING LANE,LERWICK RD,LERWICK RD,12:00-14:59,1,0
N,PROPERTY DAMAGE ONLY,SALSBURY DR,N,2021,FRIDAY,SIDE SWIPE - SAME DIRECTION,N,Y,49.270502,-123.067698,N,MARCH,N,VANCOUVER,VANCOUVER,VANCOUVER,Y,N,N,LOWER MAINLAND,GRAVELEY ST & SALSBURY DR,GRAVELEY ST,GRAVELEY ST,12:00-14:59,1,0
N,PROPERTY DAMAGE ONLY,SASAMAT ST,N,2021,FRIDAY,SIDE SWIPE - SAME DIRECTION,N,Y,49.263836,-123.20912,N,MARCH,N,VANCOUVER,VANCOUVER,VANCOUVER,Y,Y,N,LOWER MAINLAND,SASAMAT ST & W 10TH AVE,W 10TH AVE,W 10TH AVE,12:00-14:59,1,0
N,PROPERTY DAMAGE ONLY,SCOTT RD,N,2021,FRIDAY,REAR TO REAR,N,Y,49.163208,-122.890341,N,MARCH,N,DELTA,DELTA,DELTA & SURREY,N,Y,N,LOWER MAINLAND,120 ST & 88 AVE,88 AVE,88 AVE,12:00-14:59,1,0
N,PROPERTY DAMAGE ONLY,SEA ISLAND WAY,N,2021,FRIDAY,REAR END,N,Y,49.190991,-123.130485,N,MARCH,N,RICHMOND,RICHMOND,RICHMOND,N,N,N,LOWER MAINLAND,NO 3 RD & SEA ISLAND WAY & TURNING LANE,NO 3 RD,NO 3 RD,12:00-14:59,1,0
N,PROPERTY DAMAGE ONLY,SEYMOUR ST,N,2021,FRIDAY,SIDE SWIPE - OPPOSITE DIRECTION,Y,Y,49.284019,-123.11383,N,MARCH,N,VANCOUVER,VANCOUVER,VANCOUVER,N,N,N,LOWER MAINLAND,SEYMOUR ST & W PENDER ST,W PENDER ST,W PENDER ST,12:00-14:59,1,0
N,PROPERTY DAMAGE ONLY,SEYMOUR ST,N,2021,FRIDAY,UNDETERMINED,Y,Y,49.284019,-123.11383,N,MARCH,N,VANCOUVER,VANCOUVER,VANCOUVER,N,N,N,LOWER MAINLAND,SEYMOUR ST & W PENDER ST,W PENDER ST,W PENDER ST,12:00-14:59,1,0
N,PROPERTY DAMAGE ONLY,SHELL RD,N,2021,FRIDAY,REAR END,N,Y,49.170124,-123.102967,N,MARCH,N,RICHMOND,RICHMOND,RICHMOND,N,N,N,LOWER MAINLAND,SHELL RD & WESTMINSTER HWY & TURNING LANE,WESTMINSTER HWY,WESTMINSTER HWY,12:00-14:59,1,0
N,PROPERTY DAMAGE ONLY,SHERBROOKE ST,N,2021,FRIDAY,SIDE IMPACT,N,Y,49.218165,-123.081595,N,MARCH,N,VANCOUVER,VANCOUVER,VANCOUVER,N,N,N,LOWER MAINLAND,E 57TH AVE & SHERBROOKE ST,E 57TH AVE,E 57TH AVE,12:00-14:59,1,0
N,PROPERTY DAMAGE ONLY,SILVER DR,N,2021,FRIDAY,SIDE IMPACT,N,Y,49.229239,-123.001879,N,MARCH,N,BURNABY,BURNABY,BURNABY,N,Y,N,LOWER MAINLAND,KINGSWAY & SILVER DR,KINGSWAY,KINGSWAY,12:00-14:59,1,0
N,PROPERTY DAMAGE ONLY,SPERLING AVE,N,2021,FRIDAY,SIDE IMPACT,N,Y,49.218451,-122.964774,N,MARCH,N,BURNABY,BURNABY,BURNABY,Y,Y,N,LOWER MAINLAND,KINGSWAY & SOUTHOAKS CRES & SPERLING AVE,KINGSWAY,KINGSWAY,12:00-14:59,1,0
N,PROPERTY DAMAGE ONLY,ST LAURENT AVE,N,2021,FRIDAY,UNDETERMINED,N,Y,52.979087,-122.495397,N,MARCH,N,QUESNEL,QUESNEL,QUESNEL,Y,Y,N,NORTH CENTRAL,MCLEAN ST & ST LAURENT AVE,MCLEAN ST,MCLEAN ST,12:00-14:59,1,0
N,PROPERTY DAMAGE ONLY,SUMMIT DR,N,2021,FRIDAY,UNDETERMINED,N,Y,50.666998,-120.354175,N,MARCH,N,KAMLOOPS,KAMLOOPS,KAMLOOPS,Y,Y,N,SOUTHERN INTERIOR,COLUMBIA ST W & SUMMIT DR & TURNING LANE,COLUMBIA ST W,COLUMBIA ST W,12:00-14:59,1,0
N,PROPERTY DAMAGE ONLY,SUNSHINE COAST HWY,N,2021,FRIDAY,SIDE IMPACT,N,Y,49.47415,-123.754541,N,MARCH,N,SECHELT,SECHELT,SECHELT,Y,N,N,LOWER MAINLAND,DOLPHIN ST & SUNSHINE COAST HWY & WHARF AVE,WHARF AVE,WHARF AVE,12:00-14:59,1,0
N,PROPERTY DAMAGE ONLY,SW MARINE DR,N,2021,FRIDAY,CONFLICTED,N,Y,49.210132,-123.117149,N,MARCH,N,VANCOUVER,VANCOUVER,VANCOUVER,N,N,N,LOWER MAINLAND,CAMBIE ST & NUNAVUT LANE & SW MARINE DR & TURNING LANE,CAMBIE ST,CAMBIE ST,12:00-14:59,1,0
N,PROPERTY DAMAGE ONLY,TANTALUS RD,N,2021,FRIDAY,UNDETERMINED,N,Y,49.740793,-123.132874,N,MARCH,N,SQUAMISH,SQUAMISH,SQUAMISH,Y,Y,N,LOWER MAINLAND,GARIBALDI WAY & TANTALUS RD,GARIBALDI WAY,GARIBALDI WAY,12:00-14:59,1,0
N,PROPERTY DAMAGE ONLY,TAYLOR WAY,N,2021,FRIDAY,REAR END,N,Y,49.32717,-123.134922,N,MARCH,N,WEST VANCOUVER,WEST VANCOUVER,WEST VANCOUVER,N,N,N,LOWER MAINLAND,MARINE DR & TAYLOR WAY & TURNING LANE,MARINE DR,MARINE DR,12:00-14:59,1,0
N,PROPERTY DAMAGE ONLY,TAYLOR WAY OFFRAMP,N,2021,FRIDAY,UNDETERMINED,N,Y,49.337695,-123.13481,N,MARCH,N,WEST VANCOUVER,WEST VANCOUVER,WEST VANCOUVER,N,N,N,LOWER MAINLAND,TAYLOR WAY & TAYLOR WAY OFFRAMP & TAYLOR WAY ONRAMP & TRANS-CANADA HWY & TRANS-CANADA HWY ONRAMP & WESTCOT RD & TURNING LANE,TAYLOR WAY,TAYLOR WAY,12:00-14:59,1,0
N,PROPERTY DAMAGE ONLY,TENTH ST,N,2021,FRIDAY,SIDE IMPACT,N,Y,49.212472,-122.930484,N,MARCH,N,NEW WESTMINSTER,NEW WESTMINSTER,NEW WESTMINSTER,N,N,N,LOWER MAINLAND,EIGHTH AVE & TENTH ST,EIGHTH AVE,EIGHTH AVE,12:00-14:59,1,0
N,PROPERTY DAMAGE ONLY,TERMINAL AVE,N,2021,FRIDAY,UNDETERMINED,N,Y,49.269879,-123.081408,N,MARCH,N,VANCOUVER,VANCOUVER,VANCOUVER,N,N,N,LOWER MAINLAND,GLEN DR & TERMINAL AVE,GLEN DR,GLEN DR,12:00-14:59,1,0
N,PROPERTY DAMAGE ONLY,TOWNSITE RD,N,2021,FRIDAY,SIDE SWIPE - SAME DIRECTION,N,Y,49.177207,-123.947393,N,MARCH,N,NANAIMO,NANAIMO,NANAIMO,N,N,N,VANCOUVER ISLAND,TERMINAL AVE N & TOWNSITE RD,TERMINAL AVE N,TERMINAL AVE N,12:00-14:59,1,0
N,PROPERTY DAMAGE ONLY,TRUNK RD,N,2021,FRIDAY,UNDETERMINED,N,Y,48.776846,-123.698837,N,MARCH,N,DUNCAN,DUNCAN,DUNCAN,Y,Y,N,VANCOUVER ISLAND,TRANS-CANADA HWY & TRUNK RD,HWY 1,HWY 1,12:00-14:59,1,0
N,PROPERTY DAMAGE ONLY,UNKNOWN,N,2021,FRIDAY,SIDE IMPACT,N,N,\N,\N,N,MARCH,N,SURREY,SURREY,\N,N,Y,N,LOWER MAINLAND,UNKNOWN,KING GEORGE BLVD,KING GEORGE BLVD,12:00-14:59,1,0
N,PROPERTY DAMAGE ONLY,VEDDER RD,N,2021,FRIDAY,REAR END,N,Y,49.111297,-121.957926,N,MARCH,N,CHILLIWACK,CHILLIWACK,CHILLIWACK,N,Y,N,LOWER MAINLAND,PROMONTORY RD & VEDDER RD & WATSON RD,PROMONTORY RD,PROMONTORY RD,12:00-14:59,1,0
N,PROPERTY DAMAGE ONLY,VEDDER RD,N,2021,FRIDAY,SIDE IMPACT,N,Y,49.111297,-121.957926,N,MARCH,N,CHILLIWACK,CHILLIWACK,CHILLIWACK,N,Y,N,LOWER MAINLAND,PROMONTORY RD & VEDDER RD & WATSON RD,PROMONTORY RD,PROMONTORY RD,12:00-14:59,1,0
N,PROPERTY DAMAGE ONLY,W 21ST ST,N,2021,FRIDAY,SIDE IMPACT,N,Y,49.328258,-123.072147,N,MARCH,N,NORTH VANCOUVER,NORTH VANCOUVER,NORTH VANCOUVER,N,Y,N,LOWER MAINLAND,E 21ST ST & LONSDALE AVE & W 21ST ST,LONSDALE AVE,LONSDALE AVE,12:00-14:59,1,0
N,PROPERTY DAMAGE ONLY,W 23RD ST,N,2021,FRIDAY,REAR END,N,Y,49.330404,-123.088327,N,MARCH,N,NORTH VANCOUVER,NORTH VANCOUVER,NORTH VANCOUVER,N,N,N,LOWER MAINLAND,W 23RD ST & W 24TH CLOSE & WESTVIEW DR,WESTVIEW DR,WESTVIEW DR,12:00-14:59,1,0
N,PROPERTY DAMAGE ONLY,W 33RD AVE,N,2021,FRIDAY,CONFLICTED,N,Y,49.241437,-123.127824,N,MARCH,N,VANCOUVER,VANCOUVER,VANCOUVER,N,N,N,LOWER MAINLAND,OAK ST & W 33RD AVE,OAK ST,OAK ST,12:00-14:59,1,0
N,PROPERTY DAMAGE ONLY,W 38TH AVE,N,2021,FRIDAY,SIDE SWIPE - OPPOSITE DIRECTION,N,Y,49.237316,-123.155479,N,MARCH,N,VANCOUVER,VANCOUVER,VANCOUVER,Y,N,N,LOWER MAINLAND,W 38TH AVE & WEST BOULEVARD,WEST BOULEVARD,WEST BOULEVARD,12:00-14:59,1,0
N,PROPERTY DAMAGE ONLY,W 39TH AVE,N,2021,FRIDAY,SIDE IMPACT,N,Y,49.23648,-123.196835,N,MARCH,N,VANCOUVER,VANCOUVER,VANCOUVER,Y,N,N,LOWER MAINLAND,CAMOSUN ST & W 39TH AVE,CAMOSUN ST,CAMOSUN ST,12:00-14:59,1,0
N,PROPERTY DAMAGE ONLY,W 41ST AVE,N,2021,FRIDAY,SIDE SWIPE - SAME DIRECTION,N,Y,49.233947,-123.128076,N,MARCH,N,VANCOUVER,VANCOUVER,VANCOUVER,N,N,N,LOWER MAINLAND,OAK ST & W 41ST AVE,OAK ST,OAK ST,12:00-14:59,1,0
N,PROPERTY DAMAGE ONLY,W 41ST AVE,N,2021,FRIDAY,SINGLE VEHICLE,N,Y,49.23366,-123.117864,N,MARCH,N,VANCOUVER,VANCOUVER,VANCOUVER,N,N,N,LOWER MAINLAND,ASH ST & W 41ST AVE,ASH ST,ASH ST,12:00-14:59,1,0
N,PROPERTY DAMAGE ONLY,W BROADWAY,N,2021,FRIDAY,REAR END,N,Y,49.264336,-123.183784,N,MARCH,N,VANCOUVER,VANCOUVER,VANCOUVER,N,N,N,LOWER MAINLAND,DUNBAR ST & W BROADWAY,DUNBAR ST,DUNBAR ST,12:00-14:59,1,0
N,PROPERTY DAMAGE ONLY,W BROADWAY,N,2021,FRIDAY,SINGLE VEHICLE,N,Y,49.263317,-123.121819,N,MARCH,N,VANCOUVER,VANCOUVER,VANCOUVER,N,Y,N,LOWER MAINLAND,W BROADWAY & WILLOW ST,WILLOW ST,WILLOW ST,12:00-14:59,1,0
N,PROPERTY DAMAGE ONLY,W GEORGIA ST,N,2021,FRIDAY,SIDE SWIPE - SAME DIRECTION,N,Y,49.290575,-123.130597,N,MARCH,N,VANCOUVER,VANCOUVER,VANCOUVER,N,N,N,LOWER MAINLAND,CARDERO ST & W GEORGIA ST & W PENDER ST,W PENDER ST,W PENDER ST,12:00-14:59,1,0
N,PROPERTY DAMAGE ONLY,W PENDER ST,N,2021,FRIDAY,SIDE IMPACT,N,Y,49.285277,-123.115844,N,MARCH,N,VANCOUVER,VANCOUVER,VANCOUVER,Y,N,N,LOWER MAINLAND,HOWE ST & W PENDER ST,HOWE ST,HOWE ST,12:00-14:59,1,0
N,PROPERTY DAMAGE ONLY,W SAANICH RD,N,2021,FRIDAY,SIDE IMPACT,N,N,\N,\N,N,MARCH,N,CENTRAL SAANICH,CENTRAL SAANICH,\N,Y,Y,N,VANCOUVER ISLAND,UNKNOWN,VIEWMONT AVE,VIEWMONT AVE,12:00-14:59,1,0
N,PROPERTY DAMAGE ONLY,WALNUT GROVE DR,N,2021,FRIDAY,SIDE SWIPE - SAME DIRECTION,N,Y,49.16253,-122.64036,N,MARCH,N,LANGLEY,LANGLEY,LANGLEY,N,N,N,LOWER MAINLAND,88 AVE & WALNUT GROVE DR & TURNING LANE,88 AVE,88 AVE,12:00-14:59,1,0
N,PROPERTY DAMAGE ONLY,WARE RD,N,2021,FRIDAY,REAR END,N,N,\N,\N,N,MARCH,N,NANAIMO,NANAIMO,\N,N,N,N,VANCOUVER ISLAND,UNKNOWN,HWY 1,HWY 1,12:00-14:59,1,0
N,PROPERTY DAMAGE ONLY,WARE RD,N,2021,FRIDAY,REAR END,N,N,\N,\N,N,MARCH,N,NANAIMO,NANAIMO,\N,N,N,N,VANCOUVER ISLAND,UNKNOWN,ISLAND HWY N,ISLAND HWY N,12:00-14:59,1,0
N,PROPERTY DAMAGE ONLY,WELCH ST,N,2021,FRIDAY,REAR END,Y,Y,49.317544,-123.107919,N,MARCH,N,NORTH VANCOUVER,NORTH VANCOUVER,NORTH VANCOUVER,N,N,N,LOWER MAINLAND,PEMBERTON AVE & WELCH ST,PEMBERTON AVE,PEMBERTON AVE,12:00-14:59,1,0
N,PROPERTY DAMAGE ONLY,WESTMINSTER HWY,N,2021,FRIDAY,REAR END,N,Y,49.170164,-123.151185,N,MARCH,N,RICHMOND,RICHMOND,RICHMOND,N,N,N,LOWER MAINLAND,AZURE BLVD & WESTMINSTER HWY,AZURE BLVD,AZURE BLVD,12:00-14:59,1,0
N,PROPERTY DAMAGE ONLY,WESTMINSTER HWY,N,2021,FRIDAY,REAR END,N,Y,49.170211,-123.136548,N,MARCH,N,RICHMOND,RICHMOND,RICHMOND,N,N,N,LOWER MAINLAND,NO 3 RD & WESTMINSTER HWY,NO 3 RD,NO 3 RD,12:00-14:59,1,0
N,PROPERTY DAMAGE ONLY,WILLINGDON AVE,N,2021,FRIDAY,SIDE SWIPE - SAME DIRECTION,N,Y,49.281015,-123.003121,N,MARCH,N,BURNABY,BURNABY,BURNABY,Y,N,N,LOWER MAINLAND,HASTINGS ST & WILLINGDON AVE,HASTINGS ST,HASTINGS ST,12:00-14:59,1,0
N,PROPERTY DAMAGE ONLY,YALE RD,N,2021,FRIDAY,CONFLICTED,N,Y,49.148675,-121.963928,N,MARCH,N,CHILLIWACK,CHILLIWACK,CHILLIWACK,N,N,N,LOWER MAINLAND,KERR AVE & VEDDER RD & YALE RD & TURNING LANE,VEDDER RD,VEDDER RD,12:00-14:59,1,0
Y,CASUALTY CRASH,\N,N,2021,FRIDAY,UNDETERMINED,Y,N,\N,\N,N,MARCH,N,UNKNOWN,UNKNOWN,\N,N,N,N,UNKNOWN,UNKNOWN,HWY 16,HWY 16,12:00-14:59,1,1
Y,PROPERTY DAMAGE ONLY,\N,N,2021,FRIDAY,SINGLE VEHICLE,N,N,\N,\N,N,MARCH,N,100 MILE HOUSE,100 MILE HOUSE,\N,N,N,N,NORTH CENTRAL,UNKNOWN,CANIM-HENDRIX LAKE RD,CANIM-HENDRIX LAKE RD,12:00-14:59,1,0
Y,PROPERTY DAMAGE ONLY,\N,N,2021,FRIDAY,SINGLE VEHICLE,N,N,\N,\N,N,MARCH,N,KAMLOOPS,KAMLOOPS,\N,N,N,N,SOUTHERN INTERIOR,UNKNOWN,PAUL LAKE RD,PAUL LAKE RD,12:00-14:59,1,0
Y,PROPERTY DAMAGE ONLY,\N,N,2021,FRIDAY,SINGLE VEHICLE,N,N,\N,\N,N,MARCH,N,PRINCE GEORGE,PRINCE GEORGE,\N,N,N,N,NORTH CENTRAL,UNKNOWN,HWY 97 S,HWY 97 S,12:00-14:59,1,0
Y,PROPERTY DAMAGE ONLY,CARMEN HILL ROAD,N,2021,FRIDAY,SINGLE VEHICLE,N,N,\N,\N,N,MARCH,N,VANDERHOOF,VANDERHOOF,\N,N,N,N,NORTH CENTRAL,UNKNOWN,HWY 16,HWY 16,12:00-14:59,1,0
Y,PROPERTY DAMAGE ONLY,ENGLISH RD,N,2021,FRIDAY,SINGLE VEHICLE,N,Y,51.991658,-122.272027,N,MARCH,N,WILLIAMS LAKE,WILLIAMS LAKE,WILLIAMS LAKE,N,N,N,NORTH CENTRAL,CHILCOTIN-BELLA COOLA HWY 20 & ENGLISH RD,HWY 20,HWY 20,12:00-14:59,1,0
