ANIMAL_FLAG,CRASH_SEVERITY,CROSS_STREET_FULL_NAME,CYCLIST_FLAG,DATE_OF_LOSS_YEAR,DAY_OF_WEEK,DERIVED_CRASH_CONFIGURATION,HEAVY_VEH_FLAG,INTERSECTION_CRASH,LATITUDE,LONGITUDE,MID_BLOCK_CRASH,MONTH_OF_YEAR,MOTORCYCLE_FLAG,Municipality Name (ifnull),MUNICIPALITY_NAME,MUNICIPALITY_WITH_BOUNDARY,PARKED_VEHICLE_FLAG,PARKING_LOT_FLAG,PEDESTRIAN_FLAG,REGION,ROAD_LOCATION_DESCRIPTION,Street Full Name (ifnull),STREET_FULL_NAME,TIME_CATEGORY,TOTAL_CRASHES,TOTAL_VICTIMS
N,CASUALTY CRASH,\N,N,2021,MONDAY,CONFLICTED,N,N,48.436873,-123.486988,Y,MAY,N,COLWOOD,COLWOOD,COLWOOD,Y,N,N,VANCOUVER ISLAND,SOOKE RD # 002132 TO 002143,SOOKE RD,SOOKE RD,15:00-17:59,1,2
N,CASUALTY CRASH,\N,N,2021,MONDAY,CONFLICTED,N,N,49.278274,-123.109536,Y,MAY,N,VANCOUVER,VANCOUVER,VANCOUVER,N,N,N,LOWER MAINLAND,EXPO BLVD # 000604 TO 000696,EXPO BLVD,EXPO BLVD,15:00-17:59,1,1
N,CASUALTY CRASH,\N,N,2021,MONDAY,HEAD ON,N,N,49.279769,-122.906501,Y,MAY,N,BURNABY,BURNABY,BURNABY,N,Y,N,LOWER MAINLAND,UNIVERSITY CRES # 009060 TO 009201,UNIVERSITY CRES,UNIVERSITY CRES,15:00-17:59,1,1
N,CASUALTY CRASH,\N,N,2021,MONDAY,REAR END,N,N,\N,\N,N,MAY,N,BURNABY,BURNABY,\N,N,N,N,LOWER MAINLAND,UNKNOWN,HWY 1,HWY 1,15:00-17:59,2,2
N,CASUALTY CRASH,\N,N,2021,MONDAY,REAR END,N,N,\N,\N,N,MAY,N,PARKSVILLE,PARKSVILLE,\N,N,N,N,VANCOUVER ISLAND,UNKNOWN,HWY 19A,HWY 19A,15:00-17:59,1,2
N,CASUALTY CRASH,\N,N,2021,MONDAY,REAR END,N,N,\N,\N,N,MAY,N,SURREY,SURREY,\N,N,N,N,LOWER MAINLAND,UNKNOWN,72 AVE,72 AVE,15:00-17:59,1,1
N,CASUALTY CRASH,\N,N,2021,MONDAY,REAR END,N,N,\N,\N,N,MAY,N,VANCOUVER,VANCOUVER,\N,N,N,N,LOWER MAINLAND,UNKNOWN,HWY 1,HWY 1,15:00-17:59,1,1
N,CASUALTY CRASH,\N,N,2021,MONDAY,REAR END,N,N,49.190835,-122.845273,Y,MAY,N,SURREY,SURREY,SURREY,N,Y,N,LOWER MAINLAND,KING GEORGE BLVD # 010322 TO 010398 even,KING GEORGE HWY,KING GEORGE HWY,15:00-17:59,1,1
N,CASUALTY CRASH,\N,N,2021,MONDAY,REAR END,N,N,49.215548,-122.638424,Y,MAY,N,MAPLE RIDGE,MAPLE RIDGE,MAPLE RIDGE,Y,N,N,LOWER MAINLAND,BARKER AVE # 021000 TO 021099,BARKER AVE,BARKER AVE,15:00-17:59,1,1
N,CASUALTY CRASH,\N,N,2021,MONDAY,SIDE IMPACT,N,N,49.180872,-123.102782,Y,MAY,N,RICHMOND,RICHMOND,RICHMOND,N,N,N,LOWER MAINLAND,SHELL RD # 004506 TO 004533,SHELL RD,SHELL RD,15:00-17:59,1,1
N,CASUALTY CRASH,\N,N,2021,MONDAY,SINGLE VEHICLE,N,N,\N,\N,N,MAY,N,ABBOTSFORD,ABBOTSFORD,\N,N,Y,N,LOWER MAINLAND,UNKNOWN,MONTROSE AVE,MONTROSE AVE,15:00-17:59,1,1
N,CASUALTY CRASH,\N,N,2021,MONDAY,SINGLE VEHICLE,N,N,\N,\N,N,MAY,N,MAPLE RIDGE,MAPLE RIDGE,\N,N,N,N,LOWER MAINLAND,UNKNOWN,CROSS RD,CROSS RD,15:00-17:59,1,1
N,CASUALTY CRASH,\N,N,2021,MONDAY,SINGLE VEHICLE,N,N,\N,\N,N,MAY,N,MERRITT,MERRITT,\N,N,N,N,SOUTHERN INTERIOR,UNKNOWN,HWY 97C OKANAGAN CONNECTR,HWY 97C OKANAGAN CONNECTR,15:00-17:59,1,4
N,CASUALTY CRASH,\N,N,2021,MONDAY,SINGLE VEHICLE,N,N,\N,\N,N,MAY,N,RICHMOND,RICHMOND,\N,N,N,N,LOWER MAINLAND,UNKNOWN,AIRPORT RD,AIRPORT RD,15:00-17:59,1,2
N,CASUALTY CRASH,\N,N,2021,MONDAY,SINGLE VEHICLE,N,N,50.308889,-122.742682,Y,MAY,N,PEMBERTON,PEMBERTON,PEMBERTON,N,N,N,LOWER MAINLAND,HWY 99 # 001800 TO 001864,HWY 99,HWY 99,15:00-17:59,1,1
N,CASUALTY CRASH,\N,N,2021,MONDAY,UNDETERMINED,N,N,49.138777,-122.856702,Y,MAY,N,SURREY,SURREY,SURREY,N,N,N,LOWER MAINLAND,132 ST # 007400 TO 007599,132 ST,132 ST,15:00-17:59,1,2
N,CASUALTY CRASH,\N,N,2021,MONDAY,UNDETERMINED,N,N,49.162818,-122.543043,Y,MAY,Y,LANGLEY,LANGLEY,LANGLEY,N,N,N,LOWER MAINLAND,ARMSTRONG RD # 008700 TO 008999,ARMSTRONG RD,ARMSTRONG RD,15:00-17:59,1,1
N,CASUALTY CRASH,\N,Y,2021,MONDAY,UNDETERMINED,N,N,48.47097,-123.361345,Y,MAY,N,SAANICH,SAANICH,SAANICH,N,Y,N,VANCOUVER ISLAND,BORDEN ST # 004000 TO 004027,BORDEN ST,BORDEN ST,15:00-17:59,1,1
N,CASUALTY CRASH,101 AVE,N,2021,MONDAY,SIDE IMPACT,N,Y,49.186146,-122.800941,N,MAY,N,SURREY,SURREY,SURREY,N,Y,N,LOWER MAINLAND,101 AVE & 152 ST,152 ST,152 ST,15:00-17:59,1,2
N,CASUALTY CRASH,105 AVE,N,2021,MONDAY,REAR END,N,Y,49.19305,-122.806377,N,MAY,N,SURREY,SURREY,SURREY,N,N,N,LOWER MAINLAND,105 AVE & 150 ST,150 ST,150 ST,15:00-17:59,1,2
N,CASUALTY CRASH,10TH AVE,N,2021,MONDAY,REAR END,N,Y,49.253918,-124.797829,N,MAY,N,PORT ALBERNI,PORT ALBERNI,PORT ALBERNI,N,N,N,VANCOUVER ISLAND,10TH AVE & ROGER ST,ROGER ST,ROGER ST,15:00-17:59,1,1
N,CASUALTY CRASH,120 ST,N,2021,MONDAY,CONFLICTED,N,Y,49.11933,-122.890416,N,MAY,N,DELTA,DELTA,DELTA & SURREY,N,Y,N,LOWER MAINLAND,120 ST & 64 AVE,64 AVE,64 AVE,15:00-17:59,1,3
N,CASUALTY CRASH,120 ST,N,2021,MONDAY,REAR END,N,Y,49.1486,-122.890378,N,MAY,N,DELTA,DELTA,DELTA & SURREY,N,N,N,LOWER MAINLAND,120 ST & 80 AVE,80 AVE,80 AVE,15:00-17:59,1,1
N,CASUALTY CRASH,120 ST,N,2021,MONDAY,SIDE SWIPE - SAME DIRECTION,N,Y,49.162019,-122.890338,N,MAY,N,DELTA,DELTA,DELTA & SURREY,N,N,N,LOWER MAINLAND,120 ST & NORDEL WAY,NORDEL WAY,NORDEL WAY,15:00-17:59,1,2
N,CASUALTY CRASH,133A ST,N,2021,MONDAY,SIDE IMPACT,N,Y,49.177062,-122.852579,N,MAY,N,SURREY,SURREY,SURREY,N,N,N,LOWER MAINLAND,133A ST & 96 AVE,96 AVE,96 AVE,15:00-17:59,1,2
N,CASUALTY CRASH,144 ST,N,2021,MONDAY,CONFLICTED,N,Y,49.174588,-122.823388,N,MAY,N,SURREY,SURREY,SURREY,N,N,N,LOWER MAINLAND,144 ST & FRASER HWY,FRASER HWY,FRASER HWY,15:00-17:59,1,3
N,CASUALTY CRASH,14TH AVE,N,2021,MONDAY,CONFLICTED,N,Y,49.216534,-122.94284,N,MAY,N,BURNABY,BURNABY,BURNABY,N,N,N,LOWER MAINLAND,14TH AVE & KINGSWAY,KINGSWAY,KINGSWAY,15:00-17:59,1,1
N,CASUALTY CRASH,152 ST,N,2021,MONDAY,REAR TO REAR,N,Y,49.191498,-122.800899,N,MAY,N,SURREY,SURREY,SURREY,N,Y,N,LOWER MAINLAND,104 AVE & 152 ST,104 AVE,104 AVE,15:00-17:59,1,1
N,CASUALTY CRASH,156 ST,N,2021,MONDAY,SIDE IMPACT,N,Y,49.151873,-122.790109,N,MAY,N,SURREY,SURREY,SURREY,N,N,N,LOWER MAINLAND,156 ST & 82 AVE,82 AVE,82 AVE,15:00-17:59,1,2
N,CASUALTY CRASH,160 ST,N,2021,MONDAY,REAR END,N,Y,49.192103,-122.777815,N,MAY,N,SURREY,SURREY,SURREY,N,N,N,LOWER MAINLAND,104 AVE & 104 AVE OFFRAMP & 104 AVE ONRAMP & 104 AVENUE FLYOVER & 160 ST & 160 ST ONRAMP & 164 ST & 164 ST OFFRAMP & HWY 1 ONRAMP & TRANS-CANADA HWY & EMERGENCY LANE & TURNING LANE,104 AVE OFFRAMP,104 AVE OFFRAMP,15:00-17:59,1,2
N,CASUALTY CRASH,160 ST,N,2021,MONDAY,SIDE IMPACT,N,Y,49.153617,-122.778896,N,MAY,N,SURREY,SURREY,SURREY,Y,Y,N,LOWER MAINLAND,160 ST & 83 AVE,83 AVE,83 AVE,15:00-17:59,1,2
N,CASUALTY CRASH,17 ST,N,2021,MONDAY,REAR END,N,Y,50.274737,-119.255046,N,MAY,N,VERNON,VERNON,VERNON,N,N,N,SOUTHERN INTERIOR,17 ST & 43 AVE,43 AVE,43 AVE,15:00-17:59,1,2
N,CASUALTY CRASH,176 ST,N,2021,MONDAY,MULTIPLE IMPACTS,Y,Y,49.181569,-122.734867,N,MAY,N,SURREY,SURREY,SURREY,N,N,N,LOWER MAINLAND,176 ST & 176 ST OFFRAMP & 176 ST ONRAMP & TRANS-CANADA HWY,HWY 1,HWY 1,15:00-17:59,1,2
N,CASUALTY CRASH,17TH AVE,N,2021,MONDAY,SIDE IMPACT,N,Y,53.908439,-122.756572,N,MAY,N,PRINCE GEORGE,PRINCE GEORGE,PRINCE GEORGE,N,N,N,NORTH CENTRAL,17TH AVE & REDWOOD ST,REDWOOD ST,REDWOOD ST,15:00-17:59,1,1
N,CASUALTY CRASH,17TH ST,N,2021,MONDAY,REAR END,N,Y,49.684178,-124.990381,N,MAY,N,COURTENAY,COURTENAY,COURTENAY,N,N,N,VANCOUVER ISLAND,17TH ST & CLIFFE AVE & TURNING LANE,CLIFFE AVE,CLIFFE AVE,15:00-17:59,1,1
N,CASUALTY CRASH,200 ST,N,2021,MONDAY,REAR END,N,Y,49.104342,-122.668826,N,MAY,N,LANGLEY,LANGLEY,LANGLEY,N,N,N,LOWER MAINLAND,200 ST & 56 AVE,56 AVE,56 AVE,15:00-17:59,1,1
N,CASUALTY CRASH,200 ST OFFRAMP,N,2021,MONDAY,UNDETERMINED,N,Y,49.164209,-122.668857,N,MAY,N,LANGLEY,LANGLEY,LANGLEY,N,N,N,LOWER MAINLAND,200 ST & 200 ST OFFRAMP & 88 AVE & 88 AVE ONRAMP & HWY 1 ONRAMP & TRANS-CANADA HWY,HWY 1,HWY 1,15:00-17:59,1,1
N,CASUALTY CRASH,201A ST,N,2021,MONDAY,SIDE IMPACT,N,Y,49.209286,-122.663224,N,MAY,N,MAPLE RIDGE,MAPLE RIDGE,MAPLE RIDGE,N,N,N,LOWER MAINLAND,113B AVE & 201A ST,113B AVE,113B AVE,15:00-17:59,1,1
N,CASUALTY CRASH,24 AVE,N,2021,MONDAY,REAR END,N,Y,49.045632,-122.801205,N,MAY,N,SURREY,SURREY,SURREY,N,N,N,LOWER MAINLAND,152 ST & 24 AVE,152 ST,152 ST,15:00-17:59,1,1
N,CASUALTY CRASH,24 AVE,N,2021,MONDAY,SIDE IMPACT,N,Y,49.045591,-122.79019,N,MAY,N,SURREY,SURREY,SURREY,N,N,N,LOWER MAINLAND,156 ST & 24 AVE,156 ST,156 ST,15:00-17:59,1,1
N,CASUALTY CRASH,240 ST,N,2021,MONDAY,REAR END,N,Y,49.183312,-122.556831,N,MAY,N,MAPLE RIDGE,MAPLE RIDGE,MAPLE RIDGE,N,N,N,LOWER MAINLAND,240 ST & LOUGHEED HWY & TURNING LANE,LOUGHEED HWY,LOUGHEED HWY,15:00-17:59,1,1
N,CASUALTY CRASH,27 ST,N,2021,MONDAY,REAR END,N,Y,50.274736,-119.266618,N,MAY,N,VERNON,VERNON,VERNON,N,N,N,SOUTHERN INTERIOR,27 ST & 43 AVE,43 AVE,43 AVE,15:00-17:59,1,1
N,CASUALTY CRASH,28 AVE,N,2021,MONDAY,REAR END,N,Y,49.052891,-122.691469,N,MAY,N,SURREY,SURREY,SURREY,N,N,N,LOWER MAINLAND,192 ST & 28 AVE,192 ST,192 ST,15:00-17:59,1,1
N,CASUALTY CRASH,30 AVE,Y,2021,MONDAY,SINGLE VEHICLE,N,Y,50.263786,-119.270728,N,MAY,N,VERNON,VERNON,VERNON,N,N,N,SOUTHERN INTERIOR,30 AVE & 30 ST,30 ST,30 ST,15:00-17:59,1,1
N,CASUALTY CRASH,44 AVE,N,2021,MONDAY,SIDE IMPACT,N,Y,49.082154,-122.669051,N,MAY,N,LANGLEY,LANGLEY,LANGLEY,N,N,N,LOWER MAINLAND,200 ST & 44 AVE,200 ST,200 ST,15:00-17:59,1,3
N,CASUALTY CRASH,4TH AVE,N,2021,MONDAY,REAR END,N,Y,50.671405,-120.332006,N,MAY,N,KAMLOOPS,KAMLOOPS,KAMLOOPS,N,N,N,SOUTHERN INTERIOR,4TH AVE & COLUMBIA ST & ACCESS ROAD,COLUMBIA ST,COLUMBIA ST,15:00-17:59,1,1
N,CASUALTY CRASH,54A ST,Y,2021,MONDAY,UNDETERMINED,N,Y,49.024695,-123.0728,N,MAY,N,DELTA,DELTA,DELTA,N,N,N,LOWER MAINLAND,12 AVE & 54A ST,12 AVE,12 AVE,15:00-17:59,1,1
N,CASUALTY CRASH,56 AVE,N,2021,MONDAY,SIDE IMPACT,N,Y,49.104596,-122.642843,N,MAY,N,LANGLEY,LANGLEY,LANGLEY,N,N,N,LOWER MAINLAND,56 AVE & LANGLEY BYPASS & TURNING LANE,LANGLEY BYPASS,LANGLEY BYPASS,15:00-17:59,1,1
N,CASUALTY CRASH,64 AVE,N,2021,MONDAY,REAR END,N,Y,49.119069,-122.801005,N,MAY,N,SURREY,SURREY,SURREY,N,N,N,LOWER MAINLAND,152 ST & 64 AVE,152 ST,152 ST,15:00-17:59,1,1
N,CASUALTY CRASH,68 AVE,N,2021,MONDAY,REAR END,N,Y,49.126148,-122.701692,N,MAY,N,SURREY,SURREY,SURREY,N,N,N,LOWER MAINLAND,188 ST & 68 AVE,188 ST,188 ST,15:00-17:59,1,1
N,CASUALTY CRASH,68 AVE,N,2021,MONDAY,REAR END,N,Y,49.126227,-122.845525,N,MAY,N,SURREY,SURREY,SURREY,N,N,N,LOWER MAINLAND,68 AVE & KING GEORGE BLVD & TURNING LANE,KING GEORGE BLVD,KING GEORGE BLVD,15:00-17:59,1,2
N,CASUALTY CRASH,73A AVE,N,2021,MONDAY,REAR END,N,Y,49.136492,-122.845607,N,MAY,N,SURREY,SURREY,SURREY,N,N,N,LOWER MAINLAND,73A AVE & KING GEORGE BLVD,KING GEORGE BLVD,KING GEORGE BLVD,15:00-17:59,1,2
N,CASUALTY CRASH,75A AVE,N,2021,MONDAY,REAR END,N,Y,49.140178,-122.890375,N,MAY,N,DELTA,DELTA,DELTA & SURREY,N,N,N,LOWER MAINLAND,120 ST & 75A AVE,SCOTT RD,SCOTT RD,15:00-17:59,1,1
N,CASUALTY CRASH,80 AVE,N,2021,MONDAY,REAR END,N,Y,49.148132,-122.867974,N,MAY,N,SURREY,SURREY,SURREY,N,N,N,LOWER MAINLAND,128 ST & 80 AVE,128 ST,128 ST,15:00-17:59,1,3
N,CASUALTY CRASH,84 AVE,N,2021,MONDAY,REAR END,N,Y,49.155419,-122.856827,N,MAY,N,SURREY,SURREY,SURREY,N,N,N,LOWER MAINLAND,132 ST & 84 AVE,132 ST,132 ST,15:00-17:59,1,2
N,CASUALTY CRASH,86 AVE,N,2021,MONDAY,SIDE IMPACT,N,Y,49.158947,-122.868015,N,MAY,N,SURREY,SURREY,SURREY,N,N,N,LOWER MAINLAND,128 ST & 86 AVE,128 ST,128 ST,15:00-17:59,1,2
N,CASUALTY CRASH,88 AVE,N,2021,MONDAY,REAR END,N,Y,49.1628,-122.79017,N,MAY,N,SURREY,SURREY,SURREY,N,N,N,LOWER MAINLAND,156 ST & 88 AVE,156 ST,156 ST,15:00-17:59,1,2
N,CASUALTY CRASH,89B AVE,N,2021,MONDAY,REAR END,N,Y,49.16579,-122.790149,N,MAY,N,SURREY,SURREY,SURREY,N,N,N,LOWER MAINLAND,156 ST & 89B AVE,156 ST,156 ST,15:00-17:59,1,2
N,CASUALTY CRASH,92A AVE,N,2021,MONDAY,SIDE IMPACT,N,Y,49.170846,-122.668069,N,MAY,N,LANGLEY,LANGLEY,LANGLEY,N,N,N,LOWER MAINLAND,200 ST & 92A AVE & TURNING LANE,200 ST,200 ST,15:00-17:59,1,2
N,CASUALTY CRASH,93 AVE,N,2021,MONDAY,SIDE IMPACT,N,Y,49.171667,-122.868056,N,MAY,N,SURREY,SURREY,SURREY,N,N,N,LOWER MAINLAND,128 ST & 93 AVE,128 ST,128 ST,15:00-17:59,1,2
N,CASUALTY CRASH,96 AVE,N,2021,MONDAY,REAR END,N,Y,49.176843,-122.801039,N,MAY,N,SURREY,SURREY,SURREY,N,N,N,LOWER MAINLAND,152 ST & 96 AVE,152 ST,152 ST,15:00-17:59,1,1
N,CASUALTY CRASH,96 AVE,N,2021,MONDAY,REAR END,N,Y,49.176977,-122.834537,N,MAY,N,SURREY,SURREY,SURREY,N,N,N,LOWER MAINLAND,140 ST & 96 AVE,140 ST,140 ST,15:00-17:59,1,1
N,CASUALTY CRASH,96 AVE,N,2021,MONDAY,REAR END,N,Y,49.177095,-122.856838,N,MAY,N,SURREY,SURREY,SURREY,N,N,N,LOWER MAINLAND,132 ST & 96 AVE,132 ST,132 ST,15:00-17:59,1,1
N,CASUALTY CRASH,99 AVE,N,2021,MONDAY,REAR END,N,Y,49.182622,-122.890183,N,MAY,N,SURREY,SURREY,SURREY,N,N,N,LOWER MAINLAND,120 ST & 99 AVE,120 ST,120 ST,15:00-17:59,1,1
N,CASUALTY CRASH,ALASKA RD S,N,2021,MONDAY,SIDE IMPACT,N,Y,56.239587,-120.854933,N,MAY,N,FORT ST. JOHN,FORT ST. JOHN,FORT ST. JOHN,N,N,N,NORTH CENTRAL,104 ST & 107 ST & ALASKA RD N & ALASKA RD S & HWY 97 N & TURNING LANE,107 ST,107 ST,15:00-17:59,1,1
N,CASUALTY CRASH,ARROW RD,N,2021,MONDAY,CONFLICTED,N,Y,48.470555,-123.334862,N,MAY,N,SAANICH,SAANICH,SAANICH,N,N,N,VANCOUVER ISLAND,ARROW RD & CEDAR HILL RD,CEDAR HILL RD,CEDAR HILL RD,15:00-17:59,1,1
N,CASUALTY CRASH,BACK RD,N,2021,MONDAY,SIDE IMPACT,N,Y,49.701343,-124.982712,N,MAY,N,COURTENAY,COURTENAY,COURTENAY,N,N,N,VANCOUVER ISLAND,BACK RD & CENTENNIAL DR & RYAN RD & TURNING LANE,RYAN RD,RYAN RD,15:00-17:59,1,2
N,CASUALTY CRASH,BALMORAL AVE,N,2021,MONDAY,REAR END,N,Y,49.674131,-124.916866,N,MAY,N,COMOX,COMOX,COMOX,N,N,N,VANCOUVER ISLAND,BALMORAL AVE & PRITCHARD RD,PRITCHARD RD,PRITCHARD RD,15:00-17:59,1,2
N,CASUALTY CRASH,BECKWITH AVE,N,2021,MONDAY,REAR END,N,Y,48.481026,-123.378049,N,MAY,N,SAANICH,SAANICH,SAANICH,N,N,N,VANCOUVER ISLAND,BECKWITH AVE & QUADRA ST,QUADRA ST,QUADRA ST,15:00-17:59,1,2
N,CASUALTY CRASH,BEGBIE RD,N,2021,MONDAY,REAR END,N,Y,49.941244,-119.431179,N,MAY,N,KELOWNA,KELOWNA,KELOWNA,N,N,N,SOUTHERN INTERIOR,BEGBIE RD & GLENMORE RD N,GLENMORE RD N,GLENMORE RD N,15:00-17:59,1,1
N,CASUALTY CRASH,BIGGS RD,N,2021,MONDAY,SIDE IMPACT,N,Y,49.20483,-124.035584,N,MAY,Y,NANAIMO,NANAIMO,NANAIMO,N,N,N,VANCOUVER ISLAND,BIGGS RD & JINGLE POT RD,JINGLE POT RD,JINGLE POT RD,15:00-17:59,1,1
N,CASUALTY CRASH,BIRCH AVE,N,2021,MONDAY,UNDETERMINED,N,Y,50.691923,-120.353171,N,MAY,N,KAMLOOPS,KAMLOOPS,KAMLOOPS,N,N,N,SOUTHERN INTERIOR,BIRCH AVE & FORTUNE DR,FORTUNE DR,FORTUNE DR,15:00-17:59,1,1
N,CASUALTY CRASH,BRUNETTE AVE OFFRAMP,N,2021,MONDAY,SIDE SWIPE - SAME DIRECTION,N,Y,49.234521,-122.878438,N,MAY,N,COQUITLAM,COQUITLAM,COQUITLAM & NEW WESTMINSTER,N,N,N,LOWER MAINLAND,BRUNETTE AVE & BRUNETTE AVE OFFRAMP & BRUNETTE AVE ONRAMP & TRANS-CANADA HWY,HWY 1,HWY 1,15:00-17:59,1,3
N,CASUALTY CRASH,BURRARD ST,N,2021,MONDAY,REAR END,N,Y,49.281194,-123.126037,N,MAY,N,VANCOUVER,VANCOUVER,VANCOUVER,N,N,N,LOWER MAINLAND,BURRARD ST & NELSON ST,NELSON ST,NELSON ST,15:00-17:59,1,2
N,CASUALTY CRASH,BURTCH RD,N,2021,MONDAY,SIDE IMPACT,N,Y,49.886362,-119.462049,N,MAY,N,KELOWNA,KELOWNA,KELOWNA,N,N,N,SOUTHERN INTERIOR,BERNARD AVE & BURTCH RD,BERNARD AVE,BERNARD AVE,15:00-17:59,1,2
N,CASUALTY CRASH,BUXTON ST,N,2021,MONDAY,SIDE IMPACT,N,Y,49.234416,-122.994218,N,MAY,N,BURNABY,BURNABY,BURNABY,N,N,N,LOWER MAINLAND,BUXTON ST & NELSON AVE,NELSON AVE,NELSON AVE,15:00-17:59,1,1
N,CASUALTY CRASH,CAMBIE ST,N,2021,MONDAY,REAR END,N,Y,49.256905,-123.115083,N,MAY,N,VANCOUVER,VANCOUVER,VANCOUVER,N,N,N,LOWER MAINLAND,CAMBIE ST & W 16TH AVE,W 16TH AVE,W 16TH AVE,15:00-17:59,1,2
N,CASUALTY CRASH,CANADA WAY,N,2021,MONDAY,REAR END,N,Y,49.224089,-122.940994,N,MAY,N,BURNABY,BURNABY,BURNABY,N,N,N,LOWER MAINLAND,CANADA WAY & EDMONDS ST,EDMONDS ST,EDMONDS ST,15:00-17:59,1,2
N,CASUALTY CRASH,CARIBOO DR,N,2021,MONDAY,SINGLE VEHICLE,N,Y,49.242912,-122.90893,N,MAY,N,BURNABY,BURNABY,BURNABY,N,N,N,LOWER MAINLAND,CARIBOO DR & CARIBOO RD,CARIBOO RD,CARIBOO RD,15:00-17:59,1,1
N,CASUALTY CRASH,CATHERINE ST,N,2021,MONDAY,HEAD ON,N,Y,48.430402,-123.384722,N,MAY,N,VICTORIA,VICTORIA,VICTORIA,N,N,N,VANCOUVER ISLAND,CATHERINE ST & ESQUIMALT RD,ESQUIMALT RD,ESQUIMALT RD,15:00-17:59,1,1
N,CASUALTY CRASH,CEDAR HILL RD,N,2021,MONDAY,REAR END,N,Y,48.447833,-123.344229,N,MAY,N,VICTORIA,VICTORIA,VICTORIA,N,N,N,VANCOUVER ISLAND,CEDAR HILL RD & FINLAYSON PL,FINLAYSON PL,FINLAYSON PL,15:00-17:59,1,1
N,CASUALTY CRASH,COMO LAKE AVE,N,2021,MONDAY,CONFLICTED,N,Y,49.263091,-122.79815,N,MAY,N,COQUITLAM,COQUITLAM,COQUITLAM,Y,N,N,LOWER MAINLAND,CHILKO DR & COMO LAKE AVE & LOUGHEED HWY & SHARPE ST & TURNING LANE,LOUGHEED HWY,LOUGHEED HWY,15:00-17:59,1,6
N,CASUALTY CRASH,CRUSH CRES,N,2021,MONDAY,REAR END,N,Y,49.12645,-122.624898,N,MAY,N,LANGLEY,LANGLEY,LANGLEY,N,N,N,LOWER MAINLAND,216 ST & CRUSH CRES & GLOVER RD,GLOVER RD,GLOVER RD,15:00-17:59,1,2
N,CASUALTY CRASH,DAVENPORT AVE,N,2021,MONDAY,SINGLE VEHICLE,N,Y,49.527841,-119.560626,N,MAY,N,PENTICTON,PENTICTON,PENTICTON,N,N,N,SOUTHERN INTERIOR,DAVENPORT AVE & NARAMATA RD,NARAMATA RD,NARAMATA RD,15:00-17:59,1,3
N,CASUALTY CRASH,DAVIE ST,N,2021,MONDAY,REAR END,N,Y,49.277802,-123.127193,N,MAY,N,VANCOUVER,VANCOUVER,VANCOUVER,N,N,N,LOWER MAINLAND,DAVIE ST & HOWE ST,HOWE ST,HOWE ST,15:00-17:59,1,3
N,CASUALTY CRASH,DAWSON ST,N,2021,MONDAY,REAR END,N,Y,49.264432,-123.003199,N,MAY,N,BURNABY,BURNABY,BURNABY,N,N,N,LOWER MAINLAND,DAWSON ST & WILLINGDON AVE,WILLINGDON AVE,WILLINGDON AVE,15:00-17:59,1,1
N,CASUALTY CRASH,DESPARD AVE W,N,2021,MONDAY,REAR END,N,Y,49.312049,-124.322297,N,MAY,N,PARKSVILLE,PARKSVILLE,PARKSVILLE,N,N,N,VANCOUVER ISLAND,ALBERNI HWY & DESPARD AVE W,HWY 4A,HWY 4A,15:00-17:59,1,1
N,CASUALTY CRASH,DONAGHY AVE,Y,2021,MONDAY,SINGLE VEHICLE,N,Y,49.318065,-123.096934,N,MAY,N,NORTH VANCOUVER,NORTH VANCOUVER,NORTH VANCOUVER,N,N,N,LOWER MAINLAND,DONAGHY AVE & W 1ST ST,W 1ST ST,W 1ST ST,15:00-17:59,1,1
N,CASUALTY CRASH,E 34TH AVE,N,2021,MONDAY,REAR END,N,Y,49.239223,-123.06539,N,MAY,N,VANCOUVER,VANCOUVER,VANCOUVER,N,N,N,LOWER MAINLAND,E 34TH AVE & VICTORIA DR,VICTORIA DR,VICTORIA DR,15:00-17:59,1,1
N,CASUALTY CRASH,E 41ST AVE,N,2021,MONDAY,REAR END,N,Y,49.232692,-123.077064,N,MAY,N,VANCOUVER,VANCOUVER,VANCOUVER,N,N,N,LOWER MAINLAND,E 41ST AVE & KNIGHT ST,KNIGHT ST,KNIGHT ST,15:00-17:59,1,1
N,CASUALTY CRASH,E 43RD AVE,N,2021,MONDAY,UNDETERMINED,N,Y,49.230994,-123.0906,N,MAY,N,VANCOUVER,VANCOUVER,VANCOUVER,N,N,N,LOWER MAINLAND,E 43RD AVE & FRASER ST,FRASER ST,FRASER ST,15:00-17:59,1,1
N,CASUALTY CRASH,E 44TH AVE,N,2021,MONDAY,REAR END,N,Y,49.23044,-123.065567,N,MAY,N,VANCOUVER,VANCOUVER,VANCOUVER,N,N,N,LOWER MAINLAND,E 43RD AVE & E 44TH AVE & VICTORIA DR,VICTORIA DR,VICTORIA DR,15:00-17:59,1,1
N,CASUALTY CRASH,E 57TH AVE,N,2021,MONDAY,SIDE IMPACT,N,Y,49.218274,-123.090942,N,MAY,N,VANCOUVER,VANCOUVER,VANCOUVER,N,N,N,LOWER MAINLAND,E 57TH AVE & FRASER ST,FRASER ST,FRASER ST,15:00-17:59,1,2
N,CASUALTY CRASH,EDMONDS ST,N,2021,MONDAY,REAR END,N,Y,49.219203,-122.950141,N,MAY,N,BURNABY,BURNABY,BURNABY,Y,N,N,LOWER MAINLAND,EDMONDS ST & LINDEN AVE,LINDEN AVE,LINDEN AVE,15:00-17:59,1,1
N,CASUALTY CRASH,ELECTRA BLVD,Y,2021,MONDAY,SINGLE VEHICLE,N,Y,48.637646,-123.433147,N,MAY,N,NORTH SAANICH,NORTH SAANICH,NORTH SAANICH,N,N,N,VANCOUVER ISLAND,ELECTRA BLVD & WILLINGDON AVE & WILLINGDON RD,WILLINGDON RD,WILLINGDON RD,15:00-17:59,1,1
N,CASUALTY CRASH,ELLIOTT ST,N,2021,MONDAY,CONFLICTED,N,Y,49.224804,-123.054726,N,MAY,N,VANCOUVER,VANCOUVER,VANCOUVER,N,N,N,LOWER MAINLAND,E 49TH AVE & ELLIOTT ST,E 49TH AVE,E 49TH AVE,15:00-17:59,1,1
N,CASUALTY CRASH,FIFTH ST,N,2021,MONDAY,SIDE IMPACT,N,Y,49.213826,-122.919101,N,MAY,N,NEW WESTMINSTER,NEW WESTMINSTER,NEW WESTMINSTER,N,N,N,LOWER MAINLAND,FIFTH ST & SIXTH AVE,SIXTH AVE,SIXTH AVE,15:00-17:59,1,1
N,CASUALTY CRASH,FRASER HWY,N,2021,MONDAY,REAR END,N,Y,49.166096,-122.801369,N,MAY,N,SURREY,SURREY,SURREY,N,N,N,LOWER MAINLAND,152 ST & FRASER HWY & TURNING LANE,152 ST,152 ST,15:00-17:59,1,2
N,CASUALTY CRASH,FRASER HWY,N,2021,MONDAY,UNDETERMINED,N,Y,49.155231,-122.773476,N,MAY,N,SURREY,SURREY,SURREY,N,N,N,LOWER MAINLAND,162 ST & 84 AVE & FRASER HWY & TURNING LANE,84 AVE,84 AVE,15:00-17:59,1,2
N,CASUALTY CRASH,FRASERWOOD PL,N,2021,MONDAY,REAR END,N,Y,49.169353,-122.983704,N,MAY,N,RICHMOND,RICHMOND,RICHMOND,N,N,N,LOWER MAINLAND,FRASERWOOD PL & WESTMINSTER HWY,WESTMINSTER HWY,WESTMINSTER HWY,15:00-17:59,1,1
N,CASUALTY CRASH,GARDEN DR,N,2021,MONDAY,UNDETERMINED,N,N,\N,\N,N,MAY,N,VANCOUVER,VANCOUVER,\N,N,N,N,LOWER MAINLAND,UNKNOWN,EAST HASTING ST,EAST HASTING ST,15:00-17:59,1,1
N,CASUALTY CRASH,GEORGE FERGUSON WAY,N,2021,MONDAY,SIDE IMPACT,N,Y,49.054951,-122.332253,N,MAY,N,ABBOTSFORD,ABBOTSFORD,ABBOTSFORD,N,N,N,LOWER MAINLAND,GEORGE FERGUSON WAY & TIMS ST,TIMS ST,TIMS ST,15:00-17:59,1,4
N,CASUALTY CRASH,GOVERNMENT ST,N,2021,MONDAY,REAR END,N,Y,48.435808,-123.367314,N,MAY,N,VICTORIA,VICTORIA,VICTORIA,N,N,N,VANCOUVER ISLAND,BAY ST & GOVERNMENT ST,BAY ST,BAY ST,15:00-17:59,1,2
N,CASUALTY CRASH,GRANGE ST,N,2021,MONDAY,SIDE IMPACT,N,Y,49.231509,-123.003457,N,MAY,N,BURNABY,BURNABY,BURNABY,N,N,N,LOWER MAINLAND,GRANGE ST & WILLINGDON AVE & TURNING LANE,WILLINGDON AVE,WILLINGDON AVE,15:00-17:59,1,2
N,CASUALTY CRASH,GRIFFITHS AVE,N,2021,MONDAY,REAR END,N,Y,49.218374,-122.961081,N,MAY,N,BURNABY,BURNABY,BURNABY,N,N,N,LOWER MAINLAND,GRIFFITHS AVE & GRIFFITHS DR & KINGSWAY & TURNING LANE,KINGSWAY,KINGSWAY,15:00-17:59,1,1
N,CASUALTY CRASH,GUEST RD,N,2021,MONDAY,SINGLE VEHICLE,N,N,\N,\N,N,MAY,N,VANDERHOOF,VANDERHOOF,\N,N,N,N,NORTH CENTRAL,UNKNOWN,HWY 16,HWY 16,15:00-17:59,1,1
N,CASUALTY CRASH,GUILDFORD DR,N,2021,MONDAY,UNDETERMINED,N,Y,49.19698,-122.800532,N,MAY,Y,SURREY,SURREY,SURREY,N,N,N,LOWER MAINLAND,152 ST & 152 ST OFFRAMP & 152 ST ONRAMP & FERGUSON DIVERSION & GUILDFORD DR & TURNING LANE,152 ST,152 ST,15:00-17:59,1,1
N,CASUALTY CRASH,GUILDFORD WAY,N,2021,MONDAY,REAR END,N,Y,49.285168,-122.801625,N,MAY,N,COQUITLAM,COQUITLAM,COQUITLAM,N,N,N,LOWER MAINLAND,GUILDFORD WAY & JOHNSON ST,JOHNSON ST,JOHNSON ST,15:00-17:59,1,1
N,CASUALTY CRASH,HASTINGS ST,N,2021,MONDAY,REAR END,N,Y,49.281015,-123.003121,N,MAY,N,BURNABY,BURNABY,BURNABY,N,N,N,LOWER MAINLAND,HASTINGS ST & WILLINGDON AVE,WILLINGDON AVE,WILLINGDON AVE,15:00-17:59,1,1
N,CASUALTY CRASH,HILCHEY RD,N,2021,MONDAY,REAR END,N,Y,49.973051,-125.219139,N,MAY,N,CAMPBELL RIVER,CAMPBELL RIVER,CAMPBELL RIVER,N,N,N,VANCOUVER ISLAND,HILCHEY RD & ISLAND HWY S,HWY 19A,HWY 19A,15:00-17:59,1,1
N,CASUALTY CRASH,HOLDEN CORSO RD,N,2021,MONDAY,SINGLE VEHICLE,N,Y,49.116432,-123.838111,N,MAY,N,NANAIMO,NANAIMO,NANAIMO,N,N,N,VANCOUVER ISLAND,BARNES RD & HOLDEN CORSO RD,BARNES RD,BARNES RD,15:00-17:59,1,3
N,CASUALTY CRASH,HUDSON RD,N,2021,MONDAY,REAR END,N,Y,49.862322,-119.555262,N,MAY,N,WEST KELOWNA,WEST KELOWNA,WEST KELOWNA,N,N,N,SOUTHERN INTERIOR,BOUCHERIE RD & HUDSON RD,BOUCHERIE RD,BOUCHERIE RD,15:00-17:59,1,2
N,CASUALTY CRASH,HWY 1,N,2021,MONDAY,REAR END,N,Y,49.033431,-122.266381,N,MAY,N,ABBOTSFORD,ABBOTSFORD,ABBOTSFORD,N,N,N,LOWER MAINLAND,LONZO RD & SUMAS WAY & SUMAS WAY OFFRAMP & SUMAS WAY ONRAMP & TRANS-CANADA HWY & TURNING LANE,SUMAS WAY,SUMAS WAY,15:00-17:59,1,1
N,CASUALTY CRASH,HWY 1,N,2021,MONDAY,SIDE IMPACT,N,Y,49.037752,-122.3377,N,MAY,N,ABBOTSFORD,ABBOTSFORD,ABBOTSFORD,N,N,N,LOWER MAINLAND,CLEARBROOK RD & CLEARBROOK RD OFFRAMP & CLEARBROOK RD ONRAMP & MARSHALL RD & MARSHALL RD OFFRAMP & MARSHALL RD ONRAMP & TRANS-CANADA HWY & TURNING LANE,CLEARBROOK RD,CLEARBROOK RD,15:00-17:59,1,1
N,CASUALTY CRASH,HWY 10,N,2021,MONDAY,REAR END,N,Y,49.104096,-122.738282,N,MAY,N,SURREY,SURREY,SURREY,N,N,N,LOWER MAINLAND,175 ST & 56 AVE & TURNING LANE,HWY 15,HWY 15,15:00-17:59,1,1
N,CASUALTY CRASH,HWY 15,N,2021,MONDAY,REAR END,N,Y,49.104096,-122.738282,N,MAY,N,SURREY,SURREY,SURREY,N,N,N,LOWER MAINLAND,175 ST & 56 AVE & TURNING LANE,HWY 10,HWY 10,15:00-17:59,1,1
N,CASUALTY CRASH,HWY 15,N,2021,MONDAY,REAR END,N,Y,49.176409,-122.734716,N,MAY,N,SURREY,SURREY,SURREY,N,N,N,LOWER MAINLAND,176 ST & 96 AVE & GOLDEN EARS WAY & TURNING LANE,96 AVE,96 AVE,15:00-17:59,1,1
N,CASUALTY CRASH,HWY 33,N,2021,MONDAY,REAR END,N,Y,49.888967,-119.392842,N,MAY,N,KELOWNA,KELOWNA,KELOWNA,N,N,N,SOUTHERN INTERIOR,DOUGALL RD N & DOUGALL RD S & HWY 33 W,DOUGALL RD N,DOUGALL RD N,15:00-17:59,1,1
N,CASUALTY CRASH,HWY 93 AND 95,N,2021,MONDAY,SIDE IMPACT,N,Y,50.490913,-115.98811,N,MAY,N,WINDERMERE,WINDERMERE,WINDERMERE,N,N,N,SOUTHERN INTERIOR,HWY 93 AND 95 & TIMBER RIDGE RD & WINDERMERE LOOP RD,WINDERMERE LOOP RD,WINDERMERE LOOP RD,15:00-17:59,1,1
N,CASUALTY CRASH,IRMA ST,N,2021,MONDAY,REAR END,N,Y,48.448893,-123.383526,N,MAY,N,SAANICH,SAANICH,SAANICH & VICTORIA,N,N,N,VANCOUVER ISLAND,BURNSIDE RD E & IRMA ST,BURNSIDE RD E,BURNSIDE RD E,15:00-17:59,1,1
N,CASUALTY CRASH,JACKLIN RD,N,2021,MONDAY,CONFLICTED,N,Y,48.442868,-123.5102,N,MAY,N,LANGFORD,LANGFORD,LANGFORD,N,N,N,VANCOUVER ISLAND,JACKLIN RD & LANGFORD PKY & TURNING LANE,LANGFORD PKY,LANGFORD PKY,15:00-17:59,1,1
N,CASUALTY CRASH,JOHNSON ST,N,2021,MONDAY,SIDE IMPACT,N,Y,53.910363,-122.779686,N,MAY,N,PRINCE GEORGE,PRINCE GEORGE,PRINCE GEORGE,N,N,N,NORTH CENTRAL,15TH AVE & JOHNSON ST,15TH AVE,15TH AVE,15:00-17:59,1,2
N,CASUALTY CRASH,JOHNSON ST,N,2021,MONDAY,SINGLE VEHICLE,N,Y,49.295482,-122.801859,N,MAY,N,COQUITLAM,COQUITLAM,COQUITLAM,N,N,N,LOWER MAINLAND,DAVID AVE & JOHNSON ST & TURNING LANE,DAVID AVE,DAVID AVE,15:00-17:59,1,1
N,CASUALTY CRASH,KASLO ST,N,2021,MONDAY,REAR END,N,Y,49.259062,-123.047046,N,MAY,N,VANCOUVER,VANCOUVER,VANCOUVER,N,N,N,LOWER MAINLAND,E 12TH AVE & KASLO ST,E 12TH AVE,E 12TH AVE,15:00-17:59,1,1
N,CASUALTY CRASH,KEITH RD,N,2021,MONDAY,REAR END,N,N,\N,\N,N,MAY,N,NORTH VANCOUVER,NORTH VANCOUVER,\N,N,N,N,LOWER MAINLAND,UNKNOWN,RTE 1 E,RTE 1 E,15:00-17:59,1,2
N,CASUALTY CRASH,KENSINGTON AVE,N,2021,MONDAY,REAR END,N,Y,49.243677,-122.967599,N,MAY,N,BURNABY,BURNABY,BURNABY,N,N,N,LOWER MAINLAND,KENSINGTON AVE & KENSINGTON AVE OFFRAMP & TRANS-CANADA HWY & TRANS-CANADA HWY ONRAMP,HWY 1,HWY 1,15:00-17:59,2,2
N,CASUALTY CRASH,KING GEORGE BLVD,N,2021,MONDAY,REAR END,N,Y,49.038324,-122.784551,N,MAY,N,SURREY,SURREY,SURREY,N,N,N,LOWER MAINLAND,20 AVE & KING GEORGE BLVD,20 AVE,20 AVE,15:00-17:59,1,1
N,CASUALTY CRASH,KING GEORGE BLVD,N,2021,MONDAY,REAR END,N,Y,49.206298,-122.867395,N,MAY,N,SURREY,SURREY,SURREY,N,N,N,LOWER MAINLAND,112A AVE & 128 ST & BRIDGEVIEW DR & KING GEORGE BLVD & TURNING LANE,BRIDGEVIEW DR,BRIDGEVIEW DR,15:00-17:59,1,1
N,CASUALTY CRASH,KING GEORGE BLVD,N,2021,MONDAY,SINGLE VEHICLE,N,Y,49.205908,-122.874956,N,MAY,N,SURREY,SURREY,SURREY,N,N,N,LOWER MAINLAND,120 ST & KING GEORGE BLVD & SCOTT RD & SCOTT RD OFFRAMP & SCOTT RD ONRAMP & TURNING LANE,SCOTT RD ONRAMP,SCOTT RD ONRAMP,15:00-17:59,1,1
N,CASUALTY CRASH,KING RD,N,2021,MONDAY,UNDETERMINED,N,Y,49.03129,-122.293023,N,MAY,N,ABBOTSFORD,ABBOTSFORD,ABBOTSFORD,N,N,Y,LOWER MAINLAND,KING RD & MCCALLUM RD & PRIVATE DRIVEWAY & TURNING LANE,MCCALLUM RD,MCCALLUM RD,15:00-17:59,1,1
N,CASUALTY CRASH,KINGSWAY & COAST MERIDIAN,N,2021,MONDAY,REAR END,N,N,\N,\N,N,MAY,N,PORT COQUITLAM,PORT COQUITLAM,\N,N,N,N,LOWER MAINLAND,UNKNOWN,BROADWAY,BROADWAY,15:00-17:59,1,1
N,CASUALTY CRASH,KINGSWAY AVE,N,2021,MONDAY,REAR END,N,Y,49.265127,-122.79073,N,MAY,N,COQUITLAM,COQUITLAM,COQUITLAM & PORT COQUITLAM,N,N,N,LOWER MAINLAND,KINGSWAY AVE & WESTWOOD ST & TURNING LANE,WESTWOOD ST,WESTWOOD ST,15:00-17:59,1,1
N,CASUALTY CRASH,KIRKSTONE RD,N,2021,MONDAY,SINGLE VEHICLE,N,Y,49.327144,-123.038238,N,MAY,N,NORTH VANCOUVER,NORTH VANCOUVER,NORTH VANCOUVER,N,N,Y,LOWER MAINLAND,E 20TH ST & KIRKSTONE RD & MOUNTAIN HWY,MOUNTAIN HWY,MOUNTAIN HWY,15:00-17:59,1,1
N,CASUALTY CRASH,KLO RD,N,2021,MONDAY,SIDE IMPACT,N,Y,49.861989,-119.491229,N,MAY,N,KELOWNA,KELOWNA,KELOWNA,N,N,N,SOUTHERN INTERIOR,CEDAR AVE & KLO RD & LAKESHORE RD & PANDOSY ST,PANDOSY ST,PANDOSY ST,15:00-17:59,1,2
N,CASUALTY CRASH,KNIGHT ST BRIDGE,N,2021,MONDAY,REAR END,N,Y,49.211079,-123.077129,N,MAY,N,VANCOUVER,VANCOUVER,VANCOUVER,N,N,N,LOWER MAINLAND,KNIGHT ST & KNIGHT ST BRIDGE & SE MARINE DR & SE MARINE DR OFFRAMP & SE MARINE DR ONRAMP & BUS LANE,KNIGHT ST,KNIGHT ST,15:00-17:59,2,3
N,CASUALTY CRASH,LANSDOWNE DR,Y,2021,MONDAY,SINGLE VEHICLE,N,Y,49.282714,-122.808669,N,MAY,N,COQUITLAM,COQUITLAM,COQUITLAM,N,N,N,LOWER MAINLAND,GLEN DR & HEATH CRES & LANSDOWNE DR,GLEN DR,GLEN DR,15:00-17:59,1,1
N,CASUALTY CRASH,LESLIE AVE,N,2021,MONDAY,REAR END,N,Y,49.260954,-124.80458899999999,N,MAY,N,PORT ALBERNI,PORT ALBERNI,PORT ALBERNI,N,N,N,VANCOUVER ISLAND,JOHNSTON RD & LESLIE AVE,JOHNSTON RD,JOHNSTON RD,15:00-17:59,1,1
N,CASUALTY CRASH,LIONS GATE BRIDGE,N,2021,MONDAY,REAR END,N,Y,49.311996,-123.141757,N,MAY,N,VANCOUVER,VANCOUVER,VANCOUVER,N,N,N,LOWER MAINLAND,ELDON TRAIL & LIONS GATE BRIDGE & STANLEY PARK CAUSEWAY,HWY 99,HWY 99,15:00-17:59,1,1
N,CASUALTY CRASH,LONSDALE AVE,N,2021,MONDAY,REAR END,N,Y,49.335657,-123.07201,N,MAY,N,NORTH VANCOUVER,NORTH VANCOUVER,NORTH VANCOUVER,N,N,N,LOWER MAINLAND,E 29TH ST & LONSDALE AVE & W 29TH ST,E 29TH ST,E 29TH ST,15:00-17:59,1,1
N,CASUALTY CRASH,LOUGHEED HWY,N,2021,MONDAY,REAR END,N,Y,49.235972,-122.86863,N,MAY,N,COQUITLAM,COQUITLAM,COQUITLAM,N,N,N,LOWER MAINLAND,LOUGHEED HWY & WOOLRIDGE ST & TURNING LANE,WOOLRIDGE ST,WOOLRIDGE ST,15:00-17:59,1,1
N,CASUALTY CRASH,LOUGHEED HWY,N,2021,MONDAY,REAR END,N,Y,49.276261,-122.797294,N,MAY,N,COQUITLAM,COQUITLAM,COQUITLAM,N,N,N,LOWER MAINLAND,BARNET HWY & LOUGHEED HWY & PINETREE WAY & TURNING LANE,PINETREE WAY,PINETREE WAY,15:00-17:59,1,1
N,CASUALTY CRASH,LOUGHEED HWY,Y,2021,MONDAY,SINGLE VEHICLE,N,Y,49.217037,-122.622845,N,MAY,N,MAPLE RIDGE,MAPLE RIDGE,MAPLE RIDGE,N,N,N,LOWER MAINLAND,216 ST & LOUGHEED HWY & TURNING LANE,216 ST,216 ST,15:00-17:59,1,1
N,CASUALTY CRASH,MAIN ST,N,2021,MONDAY,UNDETERMINED,N,N,\N,\N,N,MAY,N,VANCOUVER,VANCOUVER,\N,N,N,N,LOWER MAINLAND,UNKNOWN,W BROADWAY,W BROADWAY,15:00-17:59,1,1
N,CASUALTY CRASH,MALASPINA RD,N,2021,MONDAY,SIDE IMPACT,N,Y,49.231113,-123.983375,N,MAY,N,NANAIMO,NANAIMO,NANAIMO,N,N,N,VANCOUVER ISLAND,HAMMOND BAY RD & MALASPINA RD,HAMMOND BAY RD,HAMMOND BAY RD,15:00-17:59,1,3
N,CASUALTY CRASH,MANITOBA ST,N,2021,MONDAY,SIDE SWIPE - OPPOSITE DIRECTION,N,Y,49.269277,-123.106627,N,MAY,N,VANCOUVER,VANCOUVER,VANCOUVER,N,N,N,LOWER MAINLAND,MANITOBA ST & W 2ND AVE,W 2ND AVE,W 2ND AVE,15:00-17:59,1,2
N,CASUALTY CRASH,MCCALLUM RD,N,2021,MONDAY,REAR END,N,Y,49.066108,-122.286247,N,MAY,N,ABBOTSFORD,ABBOTSFORD,ABBOTSFORD,N,N,N,LOWER MAINLAND,HWY 11 & MCCALLUM RD & TURNING LANE,HWY 11,HWY 11,15:00-17:59,1,2
N,CASUALTY CRASH,MCKINNON ST,N,2021,MONDAY,SIDE IMPACT,N,Y,49.235038,-123.037803,N,MAY,N,VANCOUVER,VANCOUVER,VANCOUVER,N,N,N,LOWER MAINLAND,KINGSWAY & MCKINNON ST,KINGSWAY,KINGSWAY,15:00-17:59,1,1
N,CASUALTY CRASH,MOFFAT APPROACH,N,2021,MONDAY,REAR END,N,Y,52.974626,-122.494739,N,MAY,N,QUESNEL,QUESNEL,QUESNEL,N,N,N,NORTH CENTRAL,MCLEAN ST & MOFFAT APPROACH,MCLEAN ST,MCLEAN ST,15:00-17:59,1,1
N,CASUALTY CRASH,MOODY AVE,N,2021,MONDAY,UNDETERMINED,N,Y,49.326085,-123.05986,N,MAY,N,NORTH VANCOUVER,NORTH VANCOUVER,NORTH VANCOUVER,N,N,N,LOWER MAINLAND,E 19TH ST & MOODY AVE,E 19TH ST,E 19TH ST,15:00-17:59,1,1
N,CASUALTY CRASH,MUSA RD,N,2021,MONDAY,SIDE IMPACT,N,Y,53.83225,-122.918149,N,MAY,N,BEAVERLEY,BEAVERLEY,BEAVERLEY,N,N,N,NORTH CENTRAL,CHAPEL RD & MUSA RD,CHAPEL RD,CHAPEL RD,15:00-17:59,1,1
N,CASUALTY CRASH,NAPIER ST,N,2021,MONDAY,SINGLE VEHICLE,N,Y,49.274804,-123.059865,N,MAY,N,VANCOUVER,VANCOUVER,VANCOUVER,N,N,Y,LOWER MAINLAND,NAPIER ST & TEMPLETON DR,TEMPLETON DR,TEMPLETON DR,15:00-17:59,1,1
N,CASUALTY CRASH,NELSON AVE,N,2021,MONDAY,REAR END,N,Y,49.20385,-122.999562,N,MAY,N,BURNABY,BURNABY,BURNABY,N,N,N,LOWER MAINLAND,MARINE WAY & NELSON AVE & TURNING LANE,MARINE WAY,MARINE WAY,15:00-17:59,1,1
N,CASUALTY CRASH,NELSON AVE,N,2021,MONDAY,REAR END,N,Y,49.20385,-122.999562,N,MAY,N,BURNABY,BURNABY,BURNABY,Y,N,N,LOWER MAINLAND,MARINE WAY & NELSON AVE & TURNING LANE,MARINE WAY,MARINE WAY,15:00-17:59,1,1
N,CASUALTY CRASH,NO 3 RD,N,2021,MONDAY,SINGLE VEHICLE,N,Y,49.184649,-123.136506,N,MAY,N,RICHMOND,RICHMOND,RICHMOND,N,Y,N,LOWER MAINLAND,CAMBIE RD & NO 3 RD,CAMBIE RD,CAMBIE RD,15:00-17:59,1,1
N,CASUALTY CRASH,NO 5 RD,N,2021,MONDAY,REAR END,N,Y,49.184567,-123.091518,N,MAY,N,RICHMOND,RICHMOND,RICHMOND,N,N,N,LOWER MAINLAND,CAMBIE RD & NO 5 RD,CAMBIE RD,CAMBIE RD,15:00-17:59,1,1
N,CASUALTY CRASH,NO 5 RD,N,2021,MONDAY,SIDE IMPACT,N,Y,49.189514,-123.091513,N,MAY,N,RICHMOND,RICHMOND,RICHMOND,N,N,N,LOWER MAINLAND,BIRD RD & NO 5 RD,BIRD RD,BIRD RD,15:00-17:59,1,1
N,CASUALTY CRASH,NO 7 RD,N,2021,MONDAY,REAR END,N,N,\N,\N,N,MAY,N,RICHMOND,RICHMOND,\N,N,N,N,LOWER MAINLAND,UNKNOWN,HWY 91,HWY 91,15:00-17:59,1,3
N,CASUALTY CRASH,OLD YALE RD,N,2021,MONDAY,SIDE IMPACT,N,Y,49.201839,-122.887817,N,MAY,N,SURREY,SURREY,SURREY,N,N,N,LOWER MAINLAND,BRIDGE RD & HWY 17 & OLD YALE RD,HWY 17,HWY 17,15:00-17:59,1,1
N,CASUALTY CRASH,OXFORD ST,N,2021,MONDAY,SIDE IMPACT,N,Y,49.273859,-122.767212,N,MAY,N,PORT COQUITLAM,PORT COQUITLAM,PORT COQUITLAM,N,N,N,LOWER MAINLAND,DORSET AVE & OXFORD ST,DORSET AVE,DORSET AVE,15:00-17:59,1,1
N,CASUALTY CRASH,PALM ST,N,2021,MONDAY,REAR END,N,Y,50.685952,-120.355826,N,MAY,N,KAMLOOPS,KAMLOOPS,KAMLOOPS,N,N,N,SOUTHERN INTERIOR,PALM ST & TRANQUILLE RD,TRANQUILLE RD,TRANQUILLE RD,15:00-17:59,1,2
N,CASUALTY CRASH,PENTICTON ST,N,2021,MONDAY,SIDE IMPACT,N,Y,49.269485,-123.052072,N,MAY,N,VANCOUVER,VANCOUVER,VANCOUVER,N,N,N,LOWER MAINLAND,E 1ST AVE & PENTICTON ST,E 1ST AVE,E 1ST AVE,15:00-17:59,1,2
N,CASUALTY CRASH,PONDEROSA ST,N,2021,MONDAY,CONFLICTED,N,Y,49.274781,-122.793282,N,MAY,N,COQUITLAM,COQUITLAM,COQUITLAM,N,N,N,LOWER MAINLAND,LOUGHEED HWY & PONDEROSA ST,LOUGHEED HWY,LOUGHEED HWY,15:00-17:59,1,1
N,CASUALTY CRASH,QUADRA ST,N,2021,MONDAY,REAR END,N,Y,48.425671,-123.359276,N,MAY,N,VICTORIA,VICTORIA,VICTORIA,N,N,N,VANCOUVER ISLAND,QUADRA ST & YATES ST,YATES ST,YATES ST,15:00-17:59,1,1
N,CASUALTY CRASH,QUEBEC ST,N,2021,MONDAY,REAR END,N,Y,49.260231,-123.103085,N,MAY,N,VANCOUVER,VANCOUVER,VANCOUVER,N,N,N,LOWER MAINLAND,E 12TH AVE & QUEBEC ST,E 12TH AVE,E 12TH AVE,15:00-17:59,1,3
N,CASUALTY CRASH,REED RD,N,2021,MONDAY,SIDE IMPACT,N,Y,49.414216,-123.513723,N,MAY,Y,GIBSONS,GIBSONS,GIBSONS,N,N,N,LOWER MAINLAND,NORTH RD & REED RD,NORTH RD,NORTH RD,15:00-17:59,1,1
N,CASUALTY CRASH,RICHTER ST,N,2021,MONDAY,REAR END,N,Y,49.872708,-119.48821,N,MAY,N,KELOWNA,KELOWNA,KELOWNA,N,N,N,SOUTHERN INTERIOR,RICHTER ST & ROSE AVE,ROSE AVE,ROSE AVE,15:00-17:59,1,2
N,CASUALTY CRASH,RIVER RD,N,2021,MONDAY,SIDE IMPACT,Y,Y,49.201543,-123.069368,N,MAY,N,RICHMOND,RICHMOND,RICHMOND,N,N,N,LOWER MAINLAND,NO 6 RD & RIVER RD,NO 6 RD,NO 6 RD,15:00-17:59,1,1
N,CASUALTY CRASH,ROYAL AVE,N,2021,MONDAY,REAR END,N,Y,49.211366,-122.900283,N,MAY,N,NEW WESTMINSTER,NEW WESTMINSTER,NEW WESTMINSTER,N,N,N,LOWER MAINLAND,BUSHBY ST & COLUMBIA ST & E COLUMBIA ST & E ROYAL AVE & HWY 1A & LEOPOLD PL & MCBRIDE BLVD & ROYAL AVE & HIGHWAY RAMP,MCBRIDE BLVD,MCBRIDE BLVD,15:00-17:59,1,1
N,CASUALTY CRASH,RUTHERFORD RD,N,2021,MONDAY,REAR END,N,Y,49.214414,-124.02938,N,MAY,N,NANAIMO,NANAIMO,NANAIMO,N,N,N,VANCOUVER ISLAND,ISLAND HWY N & METRAL DR & MOSTAR RD & RUTHERFORD RD & WELLINGTON RD & TURNING LANE,ISLAND HWY N,ISLAND HWY N,15:00-17:59,1,1
N,CASUALTY CRASH,SADLER PL,N,2021,MONDAY,REAR END,N,Y,49.845678,-124.521424,N,MAY,N,POWELL RIVER,POWELL RIVER,POWELL RIVER,N,N,N,VANCOUVER ISLAND,ALBERNI ST & SADLER PL,ALBERNI ST,ALBERNI ST,15:00-17:59,1,2
N,CASUALTY CRASH,SALTON RD,N,2021,MONDAY,SIDE IMPACT,N,Y,49.038783,-122.287773,N,MAY,N,ABBOTSFORD,ABBOTSFORD,ABBOTSFORD,N,N,N,LOWER MAINLAND,MARSHALL RD & SALTON RD,MARSHALL RD,MARSHALL RD,15:00-17:59,1,2
N,CASUALTY CRASH,SE MARINE DR,N,2021,MONDAY,REAR END,N,Y,49.209688,-123.066111,N,MAY,N,VANCOUVER,VANCOUVER,VANCOUVER,N,N,N,LOWER MAINLAND,SE MARINE DR & VICTORIA DR,VICTORIA DR,VICTORIA DR,15:00-17:59,2,2
N,CASUALTY CRASH,SPALL RD,N,2021,MONDAY,REAR END,N,Y,49.881947,-119.454569,N,MAY,N,KELOWNA,KELOWNA,KELOWNA,N,N,N,SOUTHERN INTERIOR,HARVEY AVE & SPALL RD & TURNING LANE,HWY 97 N,HWY 97 N,15:00-17:59,1,1
N,CASUALTY CRASH,SPALL RD,N,2021,MONDAY,SIDE IMPACT,N,Y,49.87723,-119.45454,N,MAY,N,KELOWNA,KELOWNA,KELOWNA,N,N,N,SOUTHERN INTERIOR,SPALL RD & SPRINGFIELD RD,SPRINGFIELD RD,SPRINGFIELD RD,15:00-17:59,1,1
N,CASUALTY CRASH,SPRINGFIELD RD,N,2021,MONDAY,SIDE IMPACT,N,Y,49.876797,-119.477082,N,MAY,N,KELOWNA,KELOWNA,KELOWNA,N,N,N,SOUTHERN INTERIOR,GORDON DR & SPRINGFIELD RD,GORDON DR,GORDON DR,15:00-17:59,1,2
N,CASUALTY CRASH,SUMAS WAY,N,2021,MONDAY,CONFLICTED,N,Y,49.036399,-122.267756,N,MAY,N,ABBOTSFORD,ABBOTSFORD,ABBOTSFORD,N,N,N,LOWER MAINLAND,DELAIR RD & EAST DELAIR RD & SUMAS WAY & TURNING LANE,DELAIR RD,DELAIR RD,15:00-17:59,1,3
N,CASUALTY CRASH,SWAMP RD,N,2021,MONDAY,REAR END,N,Y,49.827247,-119.474203,N,MAY,N,KELOWNA,KELOWNA,KELOWNA,N,N,N,SOUTHERN INTERIOR,DEHART RD & SWAMP RD,DEHART RD,DEHART RD,15:00-17:59,1,1
N,CASUALTY CRASH,TAYLOR WAY OFFRAMP,N,2021,MONDAY,REAR END,N,Y,49.337695,-123.13481,N,MAY,N,WEST VANCOUVER,WEST VANCOUVER,WEST VANCOUVER,N,N,N,LOWER MAINLAND,TAYLOR WAY & TAYLOR WAY OFFRAMP & TAYLOR WAY ONRAMP & TRANS-CANADA HWY & TRANS-CANADA HWY ONRAMP & WESTCOT RD & TURNING LANE,TRANS-CANADA HWY,TRANS-CANADA HWY,15:00-17:59,1,3
N,CASUALTY CRASH,TERMINAL AVE,N,2021,MONDAY,REAR END,N,Y,49.272815,-123.100019,N,MAY,N,VANCOUVER,VANCOUVER,VANCOUVER,N,N,N,LOWER MAINLAND,MAIN ST & TERMINAL AVE,MAIN ST,MAIN ST,15:00-17:59,1,1
N,CASUALTY CRASH,THERMAL DR,N,2021,MONDAY,REAR END,N,Y,49.26331,-122.834416,N,MAY,N,COQUITLAM,COQUITLAM,COQUITLAM,N,N,N,LOWER MAINLAND,COMO LAKE AVE & HILLCREST MIDDLE SCHOOL ACCESS & THERMAL DR,COMO LAKE AVE,COMO LAKE AVE,15:00-17:59,1,2
N,CASUALTY CRASH,THIRD ST,N,2021,MONDAY,SIDE IMPACT,N,Y,49.162756,-123.955237,N,MAY,N,NANAIMO,NANAIMO,NANAIMO,N,N,N,VANCOUVER ISLAND,HOWARD AVE & THIRD ST,HOWARD AVE,HOWARD AVE,15:00-17:59,1,1
N,CASUALTY CRASH,THRIFT AVE,N,2021,MONDAY,REAR END,N,Y,49.027442,-122.779183,N,MAY,N,SURREY,SURREY,SURREY & WHITE ROCK,N,N,N,LOWER MAINLAND,14 AVE & STAYTE RD & THRIFT AVE,160 ST,160 ST,15:00-17:59,1,1
N,CASUALTY CRASH,UNKNOWN,N,2021,MONDAY,REAR END,N,N,\N,\N,N,MAY,N,SURREY,SURREY,\N,N,N,N,LOWER MAINLAND,UNKNOWN,HWY 10,HWY 10,15:00-17:59,1,1
N,CASUALTY CRASH,UNKNOWN,N,2021,MONDAY,UNDETERMINED,N,N,\N,\N,N,MAY,N,HOPE,HOPE,\N,N,N,N,LOWER MAINLAND,UNKNOWN,FLOOD HOPE RD,FLOOD HOPE RD,15:00-17:59,1,2
N,CASUALTY CRASH,VALLEY DR,N,2021,MONDAY,SIDE IMPACT,N,Y,49.690853,-123.146448,N,MAY,Y,SQUAMISH,SQUAMISH,SQUAMISH,N,N,N,LOWER MAINLAND,HWY 99 & STAWAMUS RD & VALLEY DR & TURNING LANE,HWY 99,HWY 99,15:00-17:59,1,1
N,CASUALTY CRASH,VANCOUVER ST,N,2021,MONDAY,REAR END,N,Y,48.430621,-123.355741,N,MAY,N,VICTORIA,VICTORIA,VICTORIA,N,N,N,VANCOUVER ISLAND,CALEDONIA AVE & VANCOUVER ST,CALEDONIA AVE,CALEDONIA AVE,15:00-17:59,1,1
N,CASUALTY CRASH,VICTORIA DR,N,2021,MONDAY,REAR END,N,Y,49.284833,-123.065509,N,MAY,N,VANCOUVER,VANCOUVER,VANCOUVER,N,N,N,LOWER MAINLAND,POWELL ST & VICTORIA DR,POWELL ST,POWELL ST,15:00-17:59,1,1
N,CASUALTY CRASH,VICTORIA ST,N,2021,MONDAY,UNDETERMINED,N,Y,53.917875,-122.749103,N,MAY,N,PRINCE GEORGE,PRINCE GEORGE,PRINCE GEORGE,N,N,N,NORTH CENTRAL,3RD AVE & VICTORIA ST,3RD AVE,3RD AVE,15:00-17:59,1,1
N,CASUALTY CRASH,VYE RD,N,2021,MONDAY,UNDETERMINED,N,Y,49.016914,-122.26535,N,MAY,N,ABBOTSFORD,ABBOTSFORD,ABBOTSFORD,N,N,N,LOWER MAINLAND,SUMAS WAY & VYE RD,SUMAS WAY,SUMAS WAY,15:00-17:59,1,1
N,CASUALTY CRASH,W 33RD AVE,Y,2021,MONDAY,SINGLE VEHICLE,N,Y,49.241168,-123.120634,N,MAY,N,VANCOUVER,VANCOUVER,VANCOUVER,N,N,N,LOWER MAINLAND,HEATHER ST & W 33RD AVE,HEATHER ST,HEATHER ST,15:00-17:59,1,1
N,CASUALTY CRASH,W 41ST AVE,N,2021,MONDAY,SIDE IMPACT,N,Y,49.234768,-123.185324,N,MAY,N,VANCOUVER,VANCOUVER,VANCOUVER,N,N,N,LOWER MAINLAND,DUNBAR ST & W 41ST AVE,DUNBAR ST,DUNBAR ST,15:00-17:59,1,2
N,CASUALTY CRASH,W 49TH AVE,N,2021,MONDAY,SIDE IMPACT,N,Y,49.226076,-123.116515,N,MAY,N,VANCOUVER,VANCOUVER,VANCOUVER,N,N,N,LOWER MAINLAND,CAMBIE ST & W 49TH AVE & TURNING LANE,CAMBIE ST,CAMBIE ST,15:00-17:59,1,1
N,CASUALTY CRASH,W 6TH AVE,Y,2021,MONDAY,SINGLE VEHICLE,N,Y,49.265726,-123.112787,N,MAY,N,VANCOUVER,VANCOUVER,VANCOUVER,N,N,N,LOWER MAINLAND,W 6TH AVE & YUKON ST,YUKON ST,YUKON ST,15:00-17:59,1,1
N,CASUALTY CRASH,W 7TH AVE,N,2021,MONDAY,UNDETERMINED,N,Y,49.265454,-123.145708,N,MAY,N,VANCOUVER,VANCOUVER,VANCOUVER,N,N,N,LOWER MAINLAND,BURRARD ST & W 7TH AVE,BURRARD ST,BURRARD ST,15:00-17:59,1,3
N,CASUALTY CRASH,WESTWOOD ST,N,2021,MONDAY,REAR END,N,Y,49.27352,-122.790547,N,MAY,N,COQUITLAM,COQUITLAM,COQUITLAM & PORT COQUITLAM,N,N,N,LOWER MAINLAND,LOUGHEED HWY & WESTWOOD ST & TURNING LANE,LOUGHEED HWY,LOUGHEED HWY,15:00-17:59,1,1
N,CASUALTY CRASH,WILKINSON RD,Y,2021,MONDAY,SINGLE VEHICLE,N,Y,49.137554,-123.114189,N,MAY,N,RICHMOND,RICHMOND,RICHMOND,N,N,N,LOWER MAINLAND,MORTFIELD RD & NO 4 RD & WILKINSON RD,NO 4 RD,NO 4 RD,15:00-17:59,1,1
N,CASUALTY CRASH,WOODLAND DR,N,2021,MONDAY,SIDE IMPACT,N,Y,49.34174,-124.375114,N,MAY,N,PARKSVILLE,PARKSVILLE,PARKSVILLE,N,N,N,VANCOUVER ISLAND,MILLER RD & WOODLAND DR,MILLER RD,MILLER RD,15:00-17:59,1,1
N,PROPERTY DAMAGE ONLY,\N,N,2021,MONDAY,CONFLICTED,N,N,\N,\N,N,MAY,N,LANGLEY,LANGLEY,\N,Y,Y,N,LOWER MAINLAND,UNKNOWN,LANGLEY BYPASS,LANGLEY BYPASS,15:00-17:59,1,0
N,PROPERTY DAMAGE ONLY,\N,N,2021,MONDAY,CONFLICTED,N,N,48.860737,-123.510657,Y,MAY,N,SALT SPRING ISLAND,SALT SPRING ISLAND,SALT SPRING ISLAND,N,Y,N,VANCOUVER ISLAND,LOWER GANGES RD # 000350 TO 000399,LOWER GANGES RD,LOWER GANGES RD,15:00-17:59,1,0
N,PROPERTY DAMAGE ONLY,\N,N,2021,MONDAY,CONFLICTED,N,N,49.148855,-122.671105,Y,MAY,N,LANGLEY,LANGLEY,LANGLEY,N,Y,N,LOWER MAINLAND,199 ST # 008000 TO 008049,199 ST,199 ST,15:00-17:59,1,0
N,PROPERTY DAMAGE ONLY,\N,N,2021,MONDAY,CONFLICTED,N,N,49.189499,-122.845293,Y,MAY,N,SURREY,SURREY,SURREY,Y,Y,N,LOWER MAINLAND,KING GEORGE BLVD # 010256 TO 010320 even,KING GEORGE BLVD,KING GEORGE BLVD,15:00-17:59,1,0
N,PROPERTY DAMAGE ONLY,\N,N,2021,MONDAY,CONFLICTED,N,N,49.2491,-122.895415,Y,MAY,N,BURNABY,BURNABY,BURNABY,N,N,N,LOWER MAINLAND,AUSTIN RD # 009855 TO 009865 odd,AUSTIN RD,AUSTIN RD,15:00-17:59,1,0
N,PROPERTY DAMAGE ONLY,\N,N,2021,MONDAY,CONFLICTED,N,N,49.256332,-122.746975,Y,MAY,N,PORT COQUITLAM,PORT COQUITLAM,PORT COQUITLAM,N,N,N,LOWER MAINLAND,OTTAWA ST # 002300 TO 002349,OTTAWA ST,OTTAWA ST,15:00-17:59,1,0
N,PROPERTY DAMAGE ONLY,\N,N,2021,MONDAY,CONFLICTED,N,N,50.257295,-119.273676,Y,MAY,N,VERNON,VERNON,VERNON,Y,Y,N,SOUTHERN INTERIOR,32 ST # 002005 TO 002299 odd,32 ST,32 ST,15:00-17:59,1,0
N,PROPERTY DAMAGE ONLY,\N,N,2021,MONDAY,CONFLICTED,N,N,50.652593,-120.367574,Y,MAY,N,KAMLOOPS,KAMLOOPS,KAMLOOPS,Y,Y,N,SOUTHERN INTERIOR,HWY 5A # 001801 TO 001813 odd,PRINCETON-KAMLOOPS HWY 5A,PRINCETON-KAMLOOPS HWY 5A,15:00-17:59,1,0
N,PROPERTY DAMAGE ONLY,\N,N,2021,MONDAY,CONFLICTED,Y,N,49.331339,-123.05374,Y,MAY,N,NORTH VANCOUVER,NORTH VANCOUVER,NORTH VANCOUVER,Y,N,N,LOWER MAINLAND,WILDING WAY # 002430 TO 002439,WILDING WAY,WILDING WAY,15:00-17:59,1,0
N,PROPERTY DAMAGE ONLY,\N,N,2021,MONDAY,HEAD ON,N,N,\N,\N,N,MAY,N,LANGFORD,LANGFORD,\N,Y,N,N,VANCOUVER ISLAND,UNKNOWN,STATION AVE,STATION AVE,15:00-17:59,1,0
N,PROPERTY DAMAGE ONLY,\N,N,2021,MONDAY,HEAD ON,N,N,49.210862,-123.106649,Y,MAY,N,VANCOUVER,VANCOUVER,VANCOUVER,Y,Y,N,LOWER MAINLAND,ONTARIO ST # 008000 TO 008299,ONTARIO ST,ONTARIO ST,15:00-17:59,1,0
N,PROPERTY DAMAGE ONLY,\N,N,2021,MONDAY,REAR END,N,N,\N,\N,N,MAY,N,ABBOTSFORD,ABBOTSFORD,\N,N,N,N,LOWER MAINLAND,UNKNOWN,HWY 1,HWY 1,15:00-17:59,1,0
N,PROPERTY DAMAGE ONLY,\N,N,2021,MONDAY,REAR END,N,N,\N,\N,N,MAY,N,COQUITLAM,COQUITLAM,\N,Y,Y,N,LOWER MAINLAND,UNKNOWN,LOUGHEED HWY,LOUGHEED HWY,15:00-17:59,1,0
N,PROPERTY DAMAGE ONLY,\N,N,2021,MONDAY,REAR END,N,N,\N,\N,N,MAY,N,DELTA,DELTA,\N,N,N,N,LOWER MAINLAND,UNKNOWN,120 ST,120 ST,15:00-17:59,1,0
N,PROPERTY DAMAGE ONLY,\N,N,2021,MONDAY,REAR END,N,N,\N,\N,N,MAY,N,DELTA,DELTA,\N,N,Y,N,LOWER MAINLAND,UNKNOWN,CANOE PASS WAY,CANOE PASS WAY,15:00-17:59,1,0
N,PROPERTY DAMAGE ONLY,\N,N,2021,MONDAY,REAR END,N,N,\N,\N,N,MAY,N,KAMLOOPS,KAMLOOPS,\N,Y,Y,N,SOUTHERN INTERIOR,UNKNOWN,TRANS-CANADA HWY,TRANS-CANADA HWY,15:00-17:59,1,0
N,PROPERTY DAMAGE ONLY,\N,N,2021,MONDAY,REAR END,N,N,\N,\N,N,MAY,N,KELOWNA,KELOWNA,\N,Y,N,N,SOUTHERN INTERIOR,UNKNOWN,SHANKS RD,SHANKS RD,15:00-17:59,1,0
N,PROPERTY DAMAGE ONLY,\N,N,2021,MONDAY,REAR END,N,N,\N,\N,N,MAY,N,LADYSMITH,LADYSMITH,\N,Y,N,N,VANCOUVER ISLAND,UNKNOWN,WARF RD,WARF RD,15:00-17:59,1,0
N,PROPERTY DAMAGE ONLY,\N,N,2021,MONDAY,REAR END,N,N,\N,\N,N,MAY,N,MAPLE RIDGE,MAPLE RIDGE,\N,N,N,N,LOWER MAINLAND,UNKNOWN,113B AVE,113B AVE,15:00-17:59,1,0
N,PROPERTY DAMAGE ONLY,\N,N,2021,MONDAY,REAR END,N,N,\N,\N,N,MAY,N,NEW WESTMINSTER,NEW WESTMINSTER,\N,N,N,N,LOWER MAINLAND,UNKNOWN,BRUNETTE AVE,BRUNETTE AVE,15:00-17:59,1,0
N,PROPERTY DAMAGE ONLY,\N,N,2021,MONDAY,REAR END,N,N,\N,\N,N,MAY,N,RICHMOND,RICHMOND,\N,N,N,N,LOWER MAINLAND,UNKNOWN,HWY 91,HWY 91,15:00-17:59,1,0
N,PROPERTY DAMAGE ONLY,\N,N,2021,MONDAY,REAR END,N,N,\N,\N,N,MAY,N,RICHMOND,RICHMOND,\N,N,N,N,LOWER MAINLAND,UNKNOWN,KNIGHT ST,KNIGHT ST,15:00-17:59,1,0
N,PROPERTY DAMAGE ONLY,\N,N,2021,MONDAY,REAR END,N,N,\N,\N,N,MAY,N,SAANICH,SAANICH,\N,Y,Y,N,VANCOUVER ISLAND,UNKNOWN,CADBORO BAY RD,CADBORO BAY RD,15:00-17:59,1,0
N,PROPERTY DAMAGE ONLY,\N,N,2021,MONDAY,REAR END,N,N,\N,\N,N,MAY,N,VICTORIA,VICTORIA,\N,N,Y,N,VANCOUVER ISLAND,UNKNOWN,QUADRA ST,QUADRA ST,15:00-17:59,1,0
N,PROPERTY DAMAGE ONLY,\N,N,2021,MONDAY,REAR END,N,N,48.44984,-123.498839,Y,MAY,N,LANGFORD,LANGFORD,LANGFORD,Y,Y,N,VANCOUVER ISLAND,CLAUDE RD # 002740 TO 002799,CLAUDE RD,CLAUDE RD,15:00-17:59,1,0
N,PROPERTY DAMAGE ONLY,\N,N,2021,MONDAY,REAR END,N,N,49.162676,-122.847948,Y,MAY,N,SURREY,SURREY,SURREY,N,Y,N,LOWER MAINLAND,88 AVE # 013470 TO 013598 even,88 AVE,88 AVE,15:00-17:59,1,0
N,PROPERTY DAMAGE ONLY,\N,N,2021,MONDAY,REAR END,N,N,49.214089,-123.115045,Y,MAY,N,VANCOUVER,VANCOUVER,VANCOUVER,Y,N,N,LOWER MAINLAND,W 62ND AVE # 000400 TO 000449,W 62ND AVE,W 62ND AVE,15:00-17:59,1,0
N,PROPERTY DAMAGE ONLY,\N,N,2021,MONDAY,REAR END,N,N,49.249168,-122.766105,Y,MAY,N,PORT COQUITLAM,PORT COQUITLAM,PORT COQUITLAM,Y,N,N,LOWER MAINLAND,MORGAN AVE # 001765 TO 001799,MORGAN AVE,MORGAN AVE,15:00-17:59,1,0
N,PROPERTY DAMAGE ONLY,\N,N,2021,MONDAY,REAR END,N,N,49.264308,-123.125362,Y,MAY,N,VANCOUVER,VANCOUVER,VANCOUVER,Y,N,N,LOWER MAINLAND,W 8TH AVE # 000900 TO 000999,W 8TH AVE,W 8TH AVE,15:00-17:59,1,0
N,PROPERTY DAMAGE ONLY,\N,N,2021,MONDAY,REAR END,N,N,49.269585,-123.13856,Y,MAY,N,VANCOUVER,VANCOUVER,VANCOUVER,Y,Y,N,LOWER MAINLAND,W 2ND AVE # 001500 TO 001515,W 2ND AVE,W 2ND AVE,15:00-17:59,1,0
N,PROPERTY DAMAGE ONLY,\N,N,2021,MONDAY,REAR END,N,N,49.270214,-123.010787,Y,MAY,N,BURNABY,BURNABY,BURNABY,Y,Y,N,LOWER MAINLAND,GRAVELEY ST # 004200 TO 004299,GRAVELEY ST,GRAVELEY ST,15:00-17:59,1,0
N,PROPERTY DAMAGE ONLY,\N,N,2021,MONDAY,REAR END,N,N,49.271155,-122.754702,Y,MAY,N,PORT COQUITLAM,PORT COQUITLAM,PORT COQUITLAM,Y,Y,N,LOWER MAINLAND,PRAIRIE AVE # 001410 TO 001482 even,PRAIRIE AVE,PRAIRIE AVE,15:00-17:59,1,0
N,PROPERTY DAMAGE ONLY,\N,N,2021,MONDAY,REAR END,N,N,49.322058,-123.071107,Y,MAY,N,NORTH VANCOUVER,NORTH VANCOUVER,NORTH VANCOUVER,Y,N,N,LOWER MAINLAND,E 15TH ST # 000120 TO 000135,E 15TH ST,E 15TH ST,15:00-17:59,1,0
N,PROPERTY DAMAGE ONLY,\N,N,2021,MONDAY,REAR END,N,N,49.331748,-123.170992,Y,MAY,N,WEST VANCOUVER,WEST VANCOUVER,WEST VANCOUVER,Y,N,N,LOWER MAINLAND,22ND ST # 000716 TO 000899,22ND ST,22ND ST,15:00-17:59,1,0
N,PROPERTY DAMAGE ONLY,\N,N,2021,MONDAY,REAR END,N,N,49.483787,-119.592656,Y,MAY,N,PENTICTON,PENTICTON,PENTICTON,Y,Y,N,SOUTHERN INTERIOR,FAIRVIEW RD # 001321 TO 001399,FAIRVIEW RD,FAIRVIEW RD,15:00-17:59,1,0
N,PROPERTY DAMAGE ONLY,\N,N,2021,MONDAY,REAR END,N,N,49.499832,-117.289278,Y,MAY,N,NELSON,NELSON,NELSON,Y,Y,N,SOUTHERN INTERIOR,LAKESIDE DR # 001000 TO 001189,LAKESIDE DR,LAKESIDE DR,15:00-17:59,1,0
N,PROPERTY DAMAGE ONLY,\N,N,2021,MONDAY,REAR END,N,N,49.928175,-119.468092,Y,MAY,N,KELOWNA,KELOWNA,KELOWNA,Y,N,N,SOUTHERN INTERIOR,CLIFTON RD N # 000100 TO 000149,CLIFTON RD N,CLIFTON RD N,15:00-17:59,1,0
N,PROPERTY DAMAGE ONLY,\N,N,2021,MONDAY,REAR END,N,N,50.027455,-125.249362,Y,MAY,N,CAMPBELL RIVER,CAMPBELL RIVER,CAMPBELL RIVER,N,Y,N,VANCOUVER ISLAND,DOGWOOD ST # 001171 TO 001299,DOGWOOD ST,DOGWOOD ST,15:00-17:59,1,0
N,PROPERTY DAMAGE ONLY,\N,N,2021,MONDAY,REAR END,N,N,50.032558,-125.261439,Y,MAY,N,CAMPBELL RIVER,CAMPBELL RIVER,CAMPBELL RIVER,Y,Y,N,VANCOUVER ISLAND,ISLAND HWY # 001477 TO 001489 odd,ISLAND HWY,ISLAND HWY,15:00-17:59,1,0
N,PROPERTY DAMAGE ONLY,\N,N,2021,MONDAY,REAR END,N,N,50.649199,-120.154208,Y,MAY,N,KAMLOOPS,KAMLOOPS,KAMLOOPS,Y,N,N,SOUTHERN INTERIOR,MEADOWLAND CRES N # 006200 TO 006529,MEADOWLAND CRES N,MEADOWLAND CRES N,15:00-17:59,1,0
N,PROPERTY DAMAGE ONLY,\N,N,2021,MONDAY,REAR END,N,N,50.666006,-120.426917,Y,MAY,N,KAMLOOPS,KAMLOOPS,KAMLOOPS,N,N,N,SOUTHERN INTERIOR,TRANS-CANADA HWY W # 002450 TO 002898 even,HWY 97,HWY 97,15:00-17:59,1,0
N,PROPERTY DAMAGE ONLY,\N,N,2021,MONDAY,REAR END,N,N,53.909802,-122.7586,Y,MAY,N,PRINCE GEORGE,PRINCE GEORGE,PRINCE GEORGE,Y,Y,N,NORTH CENTRAL,15TH AVE # 001600 TO 001708 even,15TH AVE,15TH AVE,15:00-17:59,1,0
N,PROPERTY DAMAGE ONLY,\N,N,2021,MONDAY,REAR END,N,N,53.912438,-122.749617,Y,MAY,N,PRINCE GEORGE,PRINCE GEORGE,PRINCE GEORGE,Y,Y,N,NORTH CENTRAL,CANADA GAMES WAY # 000820 TO 000899,CANADA GAMES WAY,CANADA GAMES WAY,15:00-17:59,1,0
N,PROPERTY DAMAGE ONLY,\N,N,2021,MONDAY,REAR END,N,N,54.04964,-128.657653,Y,MAY,N,KITIMAT,KITIMAT,KITIMAT,Y,N,N,NORTH CENTRAL,E COLUMBIA AVE # 000844 TO 000893,E COLUMBIA AVE,E COLUMBIA AVE,15:00-17:59,1,0
N,PROPERTY DAMAGE ONLY,\N,N,2021,MONDAY,REAR TO REAR,N,N,48.427908,-123.493561,Y,MAY,N,COLWOOD,COLWOOD,COLWOOD,Y,N,N,VANCOUVER ISLAND,LAREN RD # 000500 TO 000539,LAREN RD,LAREN RD,15:00-17:59,1,0
N,PROPERTY DAMAGE ONLY,\N,N,2021,MONDAY,REAR TO REAR,N,N,48.458967,-123.503043,Y,MAY,N,LANGFORD,LANGFORD,LANGFORD,N,Y,N,VANCOUVER ISLAND,MCCALLUM RD # 000790 TO 000799,MCCALLUM RD,MCCALLUM RD,15:00-17:59,1,0
N,PROPERTY DAMAGE ONLY,\N,N,2021,MONDAY,REAR TO REAR,N,N,49.061006,-122.81258,Y,MAY,N,SURREY,SURREY,SURREY,N,Y,N,LOWER MAINLAND,KING GEORGE BLVD # 003250 TO 003288 even,KING GEORGE BLVD,KING GEORGE BLVD,15:00-17:59,1,0
N,PROPERTY DAMAGE ONLY,\N,N,2021,MONDAY,REAR TO REAR,N,N,49.119079,-122.826048,Y,MAY,N,SURREY,SURREY,SURREY,Y,Y,N,LOWER MAINLAND,64 AVE # 014200 TO 014398 even,64 AVE,64 AVE,15:00-17:59,1,0
N,PROPERTY DAMAGE ONLY,\N,N,2021,MONDAY,REAR TO REAR,N,N,49.135495,-121.95931,Y,MAY,N,CHILLIWACK,CHILLIWACK,CHILLIWACK,Y,Y,N,LOWER MAINLAND,VEDDER RD # 007300 TO 007389,VEDDER RD,VEDDER RD,15:00-17:59,1,0
N,PROPERTY DAMAGE ONLY,\N,N,2021,MONDAY,REAR TO REAR,N,N,49.139678,-123.136682,Y,MAY,N,RICHMOND,RICHMOND,RICHMOND,N,Y,N,LOWER MAINLAND,NO 3 RD # 010000 TO 010349,NO 3 RD,NO 3 RD,15:00-17:59,1,0
N,PROPERTY DAMAGE ONLY,\N,N,2021,MONDAY,REAR TO REAR,N,N,49.163483,-123.135118,Y,MAY,N,RICHMOND,RICHMOND,RICHMOND,Y,Y,N,LOWER MAINLAND,ANDERSON RD # 008000 TO 008199,ANDERSON RD,ANDERSON RD,15:00-17:59,1,0
N,PROPERTY DAMAGE ONLY,\N,N,2021,MONDAY,REAR TO REAR,N,N,49.169358,-122.991854,Y,MAY,N,RICHMOND,RICHMOND,RICHMOND,Y,Y,N,LOWER MAINLAND,WESTMINSTER HWY # 020500 TO 021098 even,WESTMINSTER HWY,WESTMINSTER HWY,15:00-17:59,1,0
N,PROPERTY DAMAGE ONLY,\N,N,2021,MONDAY,REAR TO REAR,N,N,49.174844,-122.86361,Y,MAY,N,SURREY,SURREY,SURREY,Y,N,N,LOWER MAINLAND,PRINCE CHARLES BLVD # 009450 TO 009538,PRINCE CHARLES BLVD,PRINCE CHARLES BLVD,15:00-17:59,1,0
N,PROPERTY DAMAGE ONLY,\N,N,2021,MONDAY,REAR TO REAR,N,N,49.184811,-122.661966,Y,MAY,N,LANGLEY,LANGLEY,LANGLEY,N,Y,N,LOWER MAINLAND,100A AVE # 020110 TO 020319,100A AVE,100A AVE,15:00-17:59,1,0
N,PROPERTY DAMAGE ONLY,\N,N,2021,MONDAY,REAR TO REAR,N,N,49.193904,-122.993733,Y,MAY,N,BURNABY,BURNABY,BURNABY,N,Y,N,LOWER MAINLAND,NORTH FRASER WAY # 007300 TO 007399,NORTH FRASER WAY,NORTH FRASER WAY,15:00-17:59,1,0
N,PROPERTY DAMAGE ONLY,\N,N,2021,MONDAY,REAR TO REAR,N,N,49.238379,-123.983577,Y,MAY,N,NANAIMO,NANAIMO,NANAIMO,N,N,N,VANCOUVER ISLAND,FILLINGER CRES # 004896 TO 004957,FILLINGER CRES,FILLINGER CRES,15:00-17:59,1,0
N,PROPERTY DAMAGE ONLY,\N,N,2021,MONDAY,REAR TO REAR,N,N,49.327339,-123.154883,Y,MAY,N,WEST VANCOUVER,WEST VANCOUVER,WEST VANCOUVER,Y,Y,N,LOWER MAINLAND,BELLEVUE AVE # 001401 TO 001449 odd,BELLEVUE AVE,BELLEVUE AVE,15:00-17:59,1,0
N,PROPERTY DAMAGE ONLY,\N,N,2021,MONDAY,REAR TO REAR,N,N,49.491217,-117.296032,Y,MAY,N,NELSON,NELSON,NELSON,Y,N,N,SOUTHERN INTERIOR,BAKER ST # 000300 TO 000399,BAKER ST,BAKER ST,15:00-17:59,1,0
N,PROPERTY DAMAGE ONLY,\N,N,2021,MONDAY,REAR TO REAR,N,N,49.876255,-119.440124,Y,MAY,N,KELOWNA,KELOWNA,KELOWNA,Y,Y,N,SOUTHERN INTERIOR,BENVOULIN CRT # 002031 TO 002179,BENVOULIN CRT,BENVOULIN CRT,15:00-17:59,1,0
N,PROPERTY DAMAGE ONLY,\N,N,2021,MONDAY,REAR TO REAR,N,N,49.87679,-119.463408,Y,MAY,N,KELOWNA,KELOWNA,KELOWNA,N,Y,N,SOUTHERN INTERIOR,SPRINGFIELD RD # 001500 TO 001699,SPRINGFIELD RD,SPRINGFIELD RD,15:00-17:59,1,0
N,PROPERTY DAMAGE ONLY,\N,N,2021,MONDAY,REAR TO REAR,N,N,50.282738,-119.266716,Y,MAY,N,VERNON,VERNON,VERNON,Y,Y,N,SOUTHERN INTERIOR,27 ST # 004800 TO 004998 even,27 ST,27 ST,15:00-17:59,1,0
N,PROPERTY DAMAGE ONLY,\N,N,2021,MONDAY,REAR TO REAR,N,N,53.909802,-122.7586,Y,MAY,N,PRINCE GEORGE,PRINCE GEORGE,PRINCE GEORGE,N,Y,N,NORTH CENTRAL,15TH AVE # 001600 TO 001708 even,15TH AVE,15TH AVE,15:00-17:59,1,0
N,PROPERTY DAMAGE ONLY,\N,N,2021,MONDAY,REAR TO REAR,N,N,54.309828,-130.329554,Y,MAY,N,PRINCE RUPERT,PRINCE RUPERT,PRINCE RUPERT,Y,Y,N,NORTH CENTRAL,3RD AVE W # 000800 TO 000899,3RD AVE W,3RD AVE W,15:00-17:59,1,0
N,PROPERTY DAMAGE ONLY,\N,N,2021,MONDAY,SIDE IMPACT,N,N,\N,\N,N,MAY,N,BURNABY,BURNABY,\N,Y,N,N,LOWER MAINLAND,UNKNOWN,LOCATION UNKNOWN,LOCATION UNKNOWN,15:00-17:59,1,0
N,PROPERTY DAMAGE ONLY,\N,N,2021,MONDAY,SIDE IMPACT,N,N,\N,\N,N,MAY,N,DELTA,DELTA,\N,N,N,N,LOWER MAINLAND,UNKNOWN,CENTRAL AVE,CENTRAL AVE,15:00-17:59,1,0
N,PROPERTY DAMAGE ONLY,\N,N,2021,MONDAY,SIDE IMPACT,N,N,\N,\N,N,MAY,N,KAMLOOPS,KAMLOOPS,\N,N,N,N,SOUTHERN INTERIOR,UNKNOWN,SHUSWAP RD,SHUSWAP RD,15:00-17:59,1,0
N,PROPERTY DAMAGE ONLY,\N,N,2021,MONDAY,SIDE IMPACT,N,N,\N,\N,N,MAY,N,KELOWNA,KELOWNA,\N,N,N,N,SOUTHERN INTERIOR,UNKNOWN,HWY 97,HWY 97,15:00-17:59,1,0
N,PROPERTY DAMAGE ONLY,\N,N,2021,MONDAY,SIDE IMPACT,N,N,\N,\N,N,MAY,N,LANGLEY,LANGLEY,\N,N,Y,N,LOWER MAINLAND,UNKNOWN,FRASER HWY,FRASER HWY,15:00-17:59,1,0
N,PROPERTY DAMAGE ONLY,\N,N,2021,MONDAY,SIDE IMPACT,N,N,\N,\N,N,MAY,N,NANAIMO,NANAIMO,\N,N,N,N,VANCOUVER ISLAND,UNKNOWN,NEIL DR,NEIL DR,15:00-17:59,1,0
N,PROPERTY DAMAGE ONLY,\N,N,2021,MONDAY,SIDE IMPACT,N,N,\N,\N,N,MAY,N,NEW WESTMINSTER,NEW WESTMINSTER,\N,N,N,N,LOWER MAINLAND,UNKNOWN,HWY 91,HWY 91,15:00-17:59,1,0
N,PROPERTY DAMAGE ONLY,\N,N,2021,MONDAY,SIDE IMPACT,N,N,\N,\N,N,MAY,N,QUESNEL,QUESNEL,\N,N,N,N,NORTH CENTRAL,UNKNOWN,1700 FSR,1700 FSR,15:00-17:59,1,0
N,PROPERTY DAMAGE ONLY,\N,N,2021,MONDAY,SIDE IMPACT,N,N,\N,\N,N,MAY,N,VANCOUVER,VANCOUVER,\N,N,N,N,LOWER MAINLAND,UNKNOWN,CORNWALL AVE,CORNWALL AVE,15:00-17:59,1,0
N,PROPERTY DAMAGE ONLY,\N,N,2021,MONDAY,SIDE IMPACT,N,N,\N,\N,N,MAY,N,VANCOUVER,VANCOUVER,\N,Y,Y,N,LOWER MAINLAND,UNKNOWN,12TH,12TH,15:00-17:59,1,0
N,PROPERTY DAMAGE ONLY,\N,N,2021,MONDAY,SIDE IMPACT,N,N,\N,\N,N,MAY,N,WILLIAMS LAKE,WILLIAMS LAKE,\N,Y,Y,N,NORTH CENTRAL,UNKNOWN,LAKESIDE DR S,LAKESIDE DR S,15:00-17:59,1,0
N,PROPERTY DAMAGE ONLY,\N,N,2021,MONDAY,SIDE IMPACT,N,N,48.43008,-123.411116,Y,MAY,N,ESQUIMALT,ESQUIMALT,ESQUIMALT,Y,Y,N,VANCOUVER ISLAND,ESQUIMALT RD # 001151 TO 001199 odd,ESQUIMALT RD,ESQUIMALT RD,15:00-17:59,1,0
N,PROPERTY DAMAGE ONLY,\N,N,2021,MONDAY,SIDE IMPACT,N,N,48.443037,-123.36959,Y,MAY,N,VICTORIA,VICTORIA,VICTORIA,Y,Y,N,VANCOUVER ISLAND,DOUGLAS ST # 002950 TO 002988 even,DOUGLAS ST,DOUGLAS ST,15:00-17:59,1,0
N,PROPERTY DAMAGE ONLY,\N,N,2021,MONDAY,SIDE IMPACT,N,N,48.448828,-123.498968,Y,MAY,N,LANGFORD,LANGFORD,LANGFORD,N,Y,N,VANCOUVER ISLAND,GOLDSTREAM AVE # 000750 TO 000782,GOLDSTREAM AVE,GOLDSTREAM AVE,15:00-17:59,1,0
N,PROPERTY DAMAGE ONLY,\N,N,2021,MONDAY,SIDE IMPACT,N,N,48.799731,-123.636865,Y,MAY,N,DUNCAN,DUNCAN,DUNCAN,Y,N,N,VANCOUVER ISLAND,DONNAY DR # 001430 TO 001462,DONNAY DR,DONNAY DR,15:00-17:59,1,0
N,PROPERTY DAMAGE ONLY,\N,N,2021,MONDAY,SIDE IMPACT,N,N,48.942616,-125.546277,Y,MAY,N,UCLUELET,UCLUELET,UCLUELET,Y,N,N,VANCOUVER ISLAND,MAIN ST # 000200 TO 000259,MAIN ST,MAIN ST,15:00-17:59,1,0
N,PROPERTY DAMAGE ONLY,\N,N,2021,MONDAY,SIDE IMPACT,N,N,49.032943,-119.464724,Y,MAY,N,OSOYOOS,OSOYOOS,OSOYOOS,N,N,N,SOUTHERN INTERIOR,MAIN ST # 008301 TO 008399,MAIN ST,MAIN ST,15:00-17:59,1,0
N,PROPERTY DAMAGE ONLY,\N,N,2021,MONDAY,SIDE IMPACT,N,N,49.037478,-122.293284,Y,MAY,N,ABBOTSFORD,ABBOTSFORD,ABBOTSFORD,N,Y,N,LOWER MAINLAND,MCCALLUM RD # 001900 TO 001959,MCCALLUM RD,MCCALLUM RD,15:00-17:59,1,0
N,PROPERTY DAMAGE ONLY,\N,N,2021,MONDAY,SIDE IMPACT,N,N,49.038438,-119.484074,Y,MAY,N,OSOYOOS,OSOYOOS,OSOYOOS,Y,Y,N,SOUTHERN INTERIOR,100TH AVE # 009700 TO 010799,100TH AVE,100TH AVE,15:00-17:59,1,0
N,PROPERTY DAMAGE ONLY,\N,N,2021,MONDAY,SIDE IMPACT,N,N,49.045542,-122.775996,Y,MAY,N,SURREY,SURREY,SURREY,Y,Y,N,LOWER MAINLAND,24 AVE # 016100 TO 016148 even,24 AVE,24 AVE,15:00-17:59,1,0
N,PROPERTY DAMAGE ONLY,\N,N,2021,MONDAY,SIDE IMPACT,N,N,49.055654,-122.854095,Y,MAY,N,SURREY,SURREY,SURREY,Y,Y,N,LOWER MAINLAND,WOODCREST PL # 002900 TO 002989,WOODCREST PL,WOODCREST PL,15:00-17:59,1,0
N,PROPERTY DAMAGE ONLY,\N,N,2021,MONDAY,SIDE IMPACT,N,N,49.05827,-122.381412,Y,MAY,N,ABBOTSFORD,ABBOTSFORD,ABBOTSFORD,Y,Y,N,LOWER MAINLAND,MT LEHMAN RD # 003086 TO 003129,MT LEHMAN RD,MT LEHMAN RD,15:00-17:59,2,0
N,PROPERTY DAMAGE ONLY,\N,N,2021,MONDAY,SIDE IMPACT,N,N,49.05857,-122.492687,Y,MAY,N,LANGLEY,LANGLEY,LANGLEY,Y,Y,N,LOWER MAINLAND,264 ST # 003060 TO 003099,264 ST,264 ST,15:00-17:59,1,0
N,PROPERTY DAMAGE ONLY,\N,N,2021,MONDAY,SIDE IMPACT,N,N,49.071485,-122.783574,Y,MAY,N,SURREY,SURREY,SURREY,Y,N,N,LOWER MAINLAND,DEVONSHIRE DR # 003780 TO 003869,DEVONSHIRE DR,DEVONSHIRE DR,15:00-17:59,1,0
N,PROPERTY DAMAGE ONLY,\N,N,2021,MONDAY,SIDE IMPACT,N,N,49.115438,-123.837858,Y,MAY,N,NANAIMO,NANAIMO,NANAIMO,Y,N,N,VANCOUVER ISLAND,RUGG RD # 001580 TO 001643,RUGG RD,RUGG RD,15:00-17:59,1,0
N,PROPERTY DAMAGE ONLY,\N,N,2021,MONDAY,SIDE IMPACT,N,N,49.125082,-122.82589,Y,MAY,N,SURREY,SURREY,SURREY,Y,N,N,LOWER MAINLAND,HYLAND RD # 014200 TO 014399,HYLAND RD,HYLAND RD,15:00-17:59,1,0
N,PROPERTY DAMAGE ONLY,\N,N,2021,MONDAY,SIDE IMPACT,N,N,49.150996,-122.665232,Y,MAY,N,LANGLEY,LANGLEY,LANGLEY,Y,N,N,LOWER MAINLAND,201 ST # 008117 TO 008194,201 ST,201 ST,15:00-17:59,1,0
N,PROPERTY DAMAGE ONLY,\N,N,2021,MONDAY,SIDE IMPACT,N,N,49.156234,-122.770495,Y,MAY,N,SURREY,SURREY,SURREY,Y,N,N,LOWER MAINLAND,163 ST # 008420 TO 008473,163 ST,163 ST,15:00-17:59,1,0
N,PROPERTY DAMAGE ONLY,\N,N,2021,MONDAY,SIDE IMPACT,N,N,49.158247,-122.781299,Y,MAY,N,SURREY,SURREY,SURREY,Y,Y,N,LOWER MAINLAND,FRASER HWY # 015900 TO 015958 even,FRASER HWY,FRASER HWY,15:00-17:59,1,0
N,PROPERTY DAMAGE ONLY,\N,N,2021,MONDAY,SIDE IMPACT,N,N,49.165329,-121.96038,Y,MAY,N,CHILLIWACK,CHILLIWACK,CHILLIWACK,Y,N,N,LOWER MAINLAND,SCHOOL ST # 008900 TO 009099,SCHOOL ST,SCHOOL ST,15:00-17:59,1,0
N,PROPERTY DAMAGE ONLY,\N,N,2021,MONDAY,SIDE IMPACT,N,N,49.170105,-123.182265,Y,MAY,N,RICHMOND,RICHMOND,RICHMOND,N,Y,N,LOWER MAINLAND,WESTMINSTER HWY # 003601 TO 003999,WESTMINSTER HWY,WESTMINSTER HWY,15:00-17:59,1,0
N,PROPERTY DAMAGE ONLY,\N,N,2021,MONDAY,SIDE IMPACT,N,N,49.177025,-122.666922,Y,MAY,N,LANGLEY,LANGLEY,LANGLEY,Y,Y,N,LOWER MAINLAND,96 AVE # 019941 TO 020099 odd,96 AVE,96 AVE,15:00-17:59,1,0
N,PROPERTY DAMAGE ONLY,\N,N,2021,MONDAY,SIDE IMPACT,N,N,49.179622,-123.965262,Y,MAY,N,NANAIMO,NANAIMO,NANAIMO,Y,N,N,VANCOUVER ISLAND,BEAUFORT DR # 000800 TO 000831,BEAUFORT DR,BEAUFORT DR,15:00-17:59,1,0
N,PROPERTY DAMAGE ONLY,\N,N,2021,MONDAY,SIDE IMPACT,N,N,49.198344,-122.56755,Y,MAY,N,MAPLE RIDGE,MAPLE RIDGE,MAPLE RIDGE,Y,N,N,LOWER MAINLAND,108 AVE # 023540 TO 023569,108 AVE,108 AVE,15:00-17:59,1,0
N,PROPERTY DAMAGE ONLY,\N,N,2021,MONDAY,SIDE IMPACT,N,N,49.214835,-124.027673,Y,MAY,N,NANAIMO,NANAIMO,NANAIMO,Y,Y,N,VANCOUVER ISLAND,RUTHERFORD RD # 004750 TO 004750 even,RUTHERFORD RD,RUTHERFORD RD,15:00-17:59,1,0
N,PROPERTY DAMAGE ONLY,\N,N,2021,MONDAY,SIDE IMPACT,N,N,49.219033,-122.690175,Y,MAY,N,PITT MEADOWS,PITT MEADOWS,PITT MEADOWS,Y,Y,N,LOWER MAINLAND,119 AVE # 019160 TO 019199,119 AVE,119 AVE,15:00-17:59,1,0
N,PROPERTY DAMAGE ONLY,\N,N,2021,MONDAY,SIDE IMPACT,N,N,49.220351,-122.559178,Y,MAY,N,MAPLE RIDGE,MAPLE RIDGE,MAPLE RIDGE,Y,Y,N,LOWER MAINLAND,DEWDNEY TRUNK RD # 023860 TO 023999,DEWDNEY TRUNK RD,DEWDNEY TRUNK RD,15:00-17:59,1,0
N,PROPERTY DAMAGE ONLY,\N,N,2021,MONDAY,SIDE IMPACT,N,N,49.224463,-122.926955,Y,MAY,N,BURNABY,BURNABY,BURNABY,Y,N,N,LOWER MAINLAND,14TH AVE # 008000 TO 008099,14TH AVE,14TH AVE,15:00-17:59,1,0
N,PROPERTY DAMAGE ONLY,\N,N,2021,MONDAY,SIDE IMPACT,N,N,49.225742,-123.193512,Y,MAY,N,VANCOUVER,VANCOUVER,VANCOUVER,N,Y,N,LOWER MAINLAND,W 51ST AVE # 003900 TO 003929,W 51ST AVE,W 51ST AVE,15:00-17:59,1,0
N,PROPERTY DAMAGE ONLY,\N,N,2021,MONDAY,SIDE IMPACT,N,N,49.226282,-122.992886,Y,MAY,N,BURNABY,BURNABY,BURNABY,Y,Y,N,LOWER MAINLAND,KINGSWAY # 004900 TO 005049,KINGSWAY,KINGSWAY,15:00-17:59,1,0
N,PROPERTY DAMAGE ONLY,\N,N,2021,MONDAY,SIDE IMPACT,N,N,49.234504,-123.116328,Y,MAY,N,VANCOUVER,VANCOUVER,VANCOUVER,N,Y,N,LOWER MAINLAND,CAMBIE ST # 005501 TO 005699 odd,CAMBIE ST,CAMBIE ST,15:00-17:59,1,0
N,PROPERTY DAMAGE ONLY,\N,N,2021,MONDAY,SIDE IMPACT,N,N,49.24381,-123.097458,Y,MAY,N,VANCOUVER,VANCOUVER,VANCOUVER,Y,N,N,LOWER MAINLAND,JOHN ST # 004500 TO 004599,JOHN ST,JOHN ST,15:00-17:59,1,0
N,PROPERTY DAMAGE ONLY,\N,N,2021,MONDAY,SIDE IMPACT,N,N,49.247073,-123.178925,Y,MAY,N,VANCOUVER,VANCOUVER,VANCOUVER,Y,N,N,LOWER MAINLAND,W 28TH AVE # 003300 TO 003341,W 28TH AVE,W 28TH AVE,15:00-17:59,1,0
N,PROPERTY DAMAGE ONLY,\N,N,2021,MONDAY,SIDE IMPACT,N,N,49.250912,-122.833421,Y,MAY,N,COQUITLAM,COQUITLAM,COQUITLAM,Y,N,N,LOWER MAINLAND,KING ALBERT AVE # 002200 TO 002229,KING ALBERT AVE,KING ALBERT AVE,15:00-17:59,1,0
N,PROPERTY DAMAGE ONLY,\N,N,2021,MONDAY,SIDE IMPACT,N,N,49.258042,-123.141917,Y,MAY,N,VANCOUVER,VANCOUVER,VANCOUVER,Y,Y,N,LOWER MAINLAND,W 15TH AVE # 001600 TO 001699,W 15TH AVE,W 15TH AVE,15:00-17:59,1,0
N,PROPERTY DAMAGE ONLY,\N,N,2021,MONDAY,SIDE IMPACT,N,N,49.258942,-123.032,Y,MAY,N,VANCOUVER,VANCOUVER,VANCOUVER,Y,Y,N,LOWER MAINLAND,BENTALL ST # 002732 TO 002899,BENTALL ST,BENTALL ST,15:00-17:59,1,0
N,PROPERTY DAMAGE ONLY,\N,N,2021,MONDAY,SIDE IMPACT,N,N,49.262202,-122.8858,Y,MAY,N,COQUITLAM,COQUITLAM,COQUITLAM,Y,N,N,LOWER MAINLAND,REGAN AVE # 000600 TO 000621,REGAN AVE,REGAN AVE,15:00-17:59,1,0
N,PROPERTY DAMAGE ONLY,\N,N,2021,MONDAY,SIDE IMPACT,N,N,49.263306,-123.120857,Y,MAY,N,VANCOUVER,VANCOUVER,VANCOUVER,Y,Y,N,LOWER MAINLAND,W BROADWAY # 000700 TO 000799,W BROADWAY,W BROADWAY,15:00-17:59,1,0
N,PROPERTY DAMAGE ONLY,\N,N,2021,MONDAY,SIDE IMPACT,N,N,49.263435,-122.782524,Y,MAY,N,PORT COQUITLAM,PORT COQUITLAM,PORT COQUITLAM,N,Y,N,LOWER MAINLAND,MCALLISTER AVE # 002326 TO 002399,MCALLISTER AVE,MCALLISTER AVE,15:00-17:59,1,0
N,PROPERTY DAMAGE ONLY,\N,N,2021,MONDAY,SIDE IMPACT,N,N,49.271778,-122.760369,Y,MAY,N,PORT COQUITLAM,PORT COQUITLAM,PORT COQUITLAM,Y,N,N,LOWER MAINLAND,LIVERPOOL ST # 003200 TO 003299,LIVERPOOL ST,LIVERPOOL ST,15:00-17:59,1,0
N,PROPERTY DAMAGE ONLY,\N,N,2021,MONDAY,SIDE IMPACT,N,N,49.276546,-123.07727,Y,MAY,N,VANCOUVER,VANCOUVER,VANCOUVER,Y,Y,N,LOWER MAINLAND,CLARK DR # 000900 TO 000947,CLARK DR,CLARK DR,15:00-17:59,1,0
N,PROPERTY DAMAGE ONLY,\N,N,2021,MONDAY,SIDE IMPACT,N,N,49.284616,-123.137225,Y,MAY,N,VANCOUVER,VANCOUVER,VANCOUVER,Y,N,N,LOWER MAINLAND,NICOLA ST # 001150 TO 001199,NICOLA ST,NICOLA ST,15:00-17:59,1,0
N,PROPERTY DAMAGE ONLY,\N,N,2021,MONDAY,SIDE IMPACT,N,N,49.286755,-123.141029,Y,MAY,N,VANCOUVER,VANCOUVER,VANCOUVER,Y,Y,N,LOWER MAINLAND,DAVIE ST # 001700 TO 001799,DAVIE ST,DAVIE ST,15:00-17:59,1,0
N,PROPERTY DAMAGE ONLY,\N,N,2021,MONDAY,SIDE IMPACT,N,N,49.293001,-122.755235,Y,MAY,N,COQUITLAM,COQUITLAM,COQUITLAM,Y,Y,N,LOWER MAINLAND,DAVID AVE # 003381 TO 003391 odd,DAVID AVE,DAVID AVE,15:00-17:59,1,0
N,PROPERTY DAMAGE ONLY,\N,N,2021,MONDAY,SIDE IMPACT,N,N,49.302516,-123.027848,Y,MAY,N,NORTH VANCOUVER,NORTH VANCOUVER,NORTH VANCOUVER,Y,N,N,LOWER MAINLAND,COLUMBIA ST # 001628 TO 001630,COLUMBIA ST,COLUMBIA ST,15:00-17:59,1,0
N,PROPERTY DAMAGE ONLY,\N,N,2021,MONDAY,SIDE IMPACT,N,N,49.323854,-123.108112,Y,MAY,N,NORTH VANCOUVER,NORTH VANCOUVER,NORTH VANCOUVER,N,N,N,LOWER MAINLAND,MARINE DR # 001200 TO 001223,MARINE DR,MARINE DR,15:00-17:59,1,0
N,PROPERTY DAMAGE ONLY,\N,N,2021,MONDAY,SIDE IMPACT,N,N,49.325809,-123.139912,Y,MAY,N,WEST VANCOUVER,WEST VANCOUVER,WEST VANCOUVER,Y,Y,N,LOWER MAINLAND,PARK ROYAL SOUTH # 001131 TO 003000,PARK ROYAL SOUTH,PARK ROYAL SOUTH,15:00-17:59,1,0
N,PROPERTY DAMAGE ONLY,\N,N,2021,MONDAY,SIDE IMPACT,N,N,49.326336,-123.138575,Y,MAY,N,WEST VANCOUVER,WEST VANCOUVER,WEST VANCOUVER,Y,Y,N,LOWER MAINLAND,MAIN ST # 000753 TO 000805,MAIN ST,MAIN ST,15:00-17:59,1,0
N,PROPERTY DAMAGE ONLY,\N,N,2021,MONDAY,SIDE IMPACT,N,N,49.32771,-123.1397,Y,MAY,N,WEST VANCOUVER,WEST VANCOUVER,WEST VANCOUVER,N,Y,N,LOWER MAINLAND,PARK ROYAL NORTH # 000851 TO 000895 odd,PARK ROYAL NORTH,PARK ROYAL NORTH,15:00-17:59,1,0
N,PROPERTY DAMAGE ONLY,\N,N,2021,MONDAY,SIDE IMPACT,N,N,49.480284,-119.595722,Y,MAY,N,PENTICTON,PENTICTON,PENTICTON,Y,Y,N,SOUTHERN INTERIOR,FAIRVIEW PL # 000100 TO 000198 even,FAIRVIEW PL,FAIRVIEW PL,15:00-17:59,1,0
N,PROPERTY DAMAGE ONLY,\N,N,2021,MONDAY,SIDE IMPACT,N,N,49.521963,-115.753527,Y,MAY,N,CRANBROOK,CRANBROOK,CRANBROOK,Y,Y,N,SOUTHERN INTERIOR,VICTORIA AVE N # 001000 TO 001199,VICTORIA AVE N,VICTORIA AVE N,15:00-17:59,1,0
N,PROPERTY DAMAGE ONLY,\N,N,2021,MONDAY,SIDE IMPACT,N,N,49.670152,-124.902451,Y,MAY,N,COMOX,COMOX,COMOX,Y,Y,N,VANCOUVER ISLAND,HAWKINS RD # 000050 TO 000079,HAWKINS RD,HAWKINS RD,15:00-17:59,1,0
N,PROPERTY DAMAGE ONLY,\N,N,2021,MONDAY,SIDE IMPACT,N,N,49.722797,-123.155541,Y,MAY,N,SQUAMISH,SQUAMISH,SQUAMISH,Y,Y,N,LOWER MAINLAND,COMMERCIAL PL # 001084 TO 001129,COMMERCIAL PL,COMMERCIAL PL,15:00-17:59,1,0
N,PROPERTY DAMAGE ONLY,\N,N,2021,MONDAY,SIDE IMPACT,N,N,49.852703,-124.518822,Y,MAY,N,POWELL RIVER,POWELL RIVER,POWELL RIVER,Y,Y,N,VANCOUVER ISLAND,JOYCE AVE # 005000 TO 005029,JOYCE AVE,JOYCE AVE,15:00-17:59,1,0
N,PROPERTY DAMAGE ONLY,\N,N,2021,MONDAY,SIDE IMPACT,N,N,49.866317,-119.571857,Y,MAY,Y,WEST KELOWNA,WEST KELOWNA,WEST KELOWNA,N,N,N,SOUTHERN INTERIOR,STEVENS RD # 001276 TO 001489,STEVENS RD,STEVENS RD,15:00-17:59,1,0
N,PROPERTY DAMAGE ONLY,\N,N,2021,MONDAY,SIDE IMPACT,N,N,50.0091,-119.387411,Y,MAY,N,KELOWNA,KELOWNA,KELOWNA,Y,Y,N,SOUTHERN INTERIOR,JIM BAILEY CRES # 008355 TO 008899,JIM BAILEY CRES,JIM BAILEY CRES,15:00-17:59,1,0
N,PROPERTY DAMAGE ONLY,\N,N,2021,MONDAY,SIDE IMPACT,N,N,50.033818,-125.250304,Y,MAY,N,CAMPBELL RIVER,CAMPBELL RIVER,CAMPBELL RIVER,Y,Y,N,VANCOUVER ISLAND,ISLAND HWY # 001382 TO 001444 even,ISLAND HWY,ISLAND HWY,15:00-17:59,1,0
N,PROPERTY DAMAGE ONLY,\N,N,2021,MONDAY,SIDE IMPACT,N,N,50.289072,-119.260542,Y,MAY,N,VERNON,VERNON,VERNON,Y,Y,N,SOUTHERN INTERIOR,58 AVE # 002000 TO 002499,58 AVE,58 AVE,15:00-17:59,1,0
N,PROPERTY DAMAGE ONLY,\N,N,2021,MONDAY,SIDE IMPACT,N,N,50.641029,-121.897835,Y,MAY,N,LILLOOET,LILLOOET,LILLOOET,Y,Y,N,SOUTHERN INTERIOR,TEXAS CREEK RD # 004900 TO 005547,TEXAS CREEK RD,TEXAS CREEK RD,15:00-17:59,1,0
N,PROPERTY DAMAGE ONLY,\N,N,2021,MONDAY,SIDE IMPACT,N,N,50.676681,-120.330784,Y,MAY,N,KAMLOOPS,KAMLOOPS,KAMLOOPS,Y,Y,N,SOUTHERN INTERIOR,LANSDOWNE ST # 000400 TO 000499,LANSDOWNE ST,LANSDOWNE ST,15:00-17:59,1,0
N,PROPERTY DAMAGE ONLY,\N,N,2021,MONDAY,SIDE IMPACT,N,N,50.720659,-127.499032,Y,MAY,N,PORT HARDY,PORT HARDY,PORT HARDY,Y,Y,N,VANCOUVER ISLAND,GRANVILLE ST # 008900 TO 009099,GRANVILLE ST,GRANVILLE ST,15:00-17:59,1,0
N,PROPERTY DAMAGE ONLY,\N,N,2021,MONDAY,SIDE IMPACT,N,N,51.292359,-116.95959,Y,MAY,N,GOLDEN,GOLDEN,GOLDEN,Y,N,N,SOUTHERN INTERIOR,13TH ST S # 001100 TO 001199,13TH ST S,13TH ST S,15:00-17:59,1,0
N,PROPERTY DAMAGE ONLY,\N,N,2021,MONDAY,SIDE IMPACT,N,N,51.58353,-119.727991,Y,MAY,N,VAVENBY,VAVENBY,VAVENBY,Y,Y,N,SOUTHERN INTERIOR,VAVENBY BRIDGE RD # 000200 TO 000299,VAVENBY BRIDGE RD,VAVENBY BRIDGE RD,15:00-17:59,1,0
N,PROPERTY DAMAGE ONLY,\N,N,2021,MONDAY,SIDE IMPACT,N,N,53.911424,-122.795023,Y,MAY,N,PRINCE GEORGE,PRINCE GEORGE,PRINCE GEORGE,Y,N,N,NORTH CENTRAL,NATION CRES # 001400 TO 001451,NATION CRES,NATION CRES,15:00-17:59,1,0
N,PROPERTY DAMAGE ONLY,\N,N,2021,MONDAY,SIDE IMPACT,N,N,54.517902,-128.608295,Y,MAY,N,TERRACE,TERRACE,TERRACE,Y,Y,N,NORTH CENTRAL,LAZELLE AVE # 004900 TO 004999,LAZELLE AVE,LAZELLE AVE,15:00-17:59,1,0
N,PROPERTY DAMAGE ONLY,\N,N,2021,MONDAY,SIDE IMPACT,Y,N,\N,\N,N,MAY,N,PORT MOODY,PORT MOODY,\N,Y,Y,N,LOWER MAINLAND,UNKNOWN,PANARAMA DRIVE,PANARAMA DRIVE,15:00-17:59,1,0
N,PROPERTY DAMAGE ONLY,\N,N,2021,MONDAY,SIDE SWIPE - OPPOSITE DIRECTION,N,N,\N,\N,N,MAY,N,SURREY,SURREY,\N,Y,N,N,LOWER MAINLAND,UNKNOWN,103A AVE,103A AVE,15:00-17:59,1,0
N,PROPERTY DAMAGE ONLY,\N,N,2021,MONDAY,SIDE SWIPE - OPPOSITE DIRECTION,N,N,48.437512,-123.509114,Y,MAY,N,LANGFORD,LANGFORD,LANGFORD,Y,Y,N,VANCOUVER ISLAND,REUNION AVE # 000911 TO 000958,REUNION AVE,REUNION AVE,15:00-17:59,1,0
N,PROPERTY DAMAGE ONLY,\N,N,2021,MONDAY,SIDE SWIPE - OPPOSITE DIRECTION,N,N,49.111977,-121.957788,Y,MAY,N,CHILLIWACK,CHILLIWACK,CHILLIWACK,Y,Y,N,LOWER MAINLAND,VEDDER RD # 006000 TO 006078,VEDDER RD,VEDDER RD,15:00-17:59,1,0
N,PROPERTY DAMAGE ONLY,\N,N,2021,MONDAY,SIDE SWIPE - OPPOSITE DIRECTION,N,N,49.145246,-122.89037,Y,MAY,N,DELTA,DELTA,DELTA & SURREY,Y,Y,N,LOWER MAINLAND,120 ST # 007708 TO 007947,120 ST,120 ST,15:00-17:59,1,0
N,PROPERTY DAMAGE ONLY,\N,N,2021,MONDAY,SIDE SWIPE - OPPOSITE DIRECTION,N,N,49.269669,-123.082639,Y,MAY,N,VANCOUVER,VANCOUVER,VANCOUVER,Y,Y,N,LOWER MAINLAND,TERMINAL AVE # 000900 TO 000998 even,TERMINAL AVE,TERMINAL AVE,15:00-17:59,1,0
N,PROPERTY DAMAGE ONLY,\N,N,2021,MONDAY,SIDE SWIPE - SAME DIRECTION,N,N,\N,\N,N,MAY,N,SAANICH,SAANICH,\N,Y,N,N,VANCOUVER ISLAND,UNKNOWN,CENTRAL SAANICH RD,CENTRAL SAANICH RD,15:00-17:59,1,0
N,PROPERTY DAMAGE ONLY,\N,N,2021,MONDAY,SIDE SWIPE - SAME DIRECTION,N,N,48.408836,-123.350385,Y,MAY,N,VICTORIA,VICTORIA,VICTORIA,Y,N,N,VANCOUVER ISLAND,MOSS ST # 000061 TO 000099,MOSS ST,MOSS ST,15:00-17:59,1,0
N,PROPERTY DAMAGE ONLY,\N,N,2021,MONDAY,SIDE SWIPE - SAME DIRECTION,N,N,49.104303,-122.663028,Y,MAY,N,LANGLEY,LANGLEY,LANGLEY,Y,Y,N,LOWER MAINLAND,56 AVE # 020150 TO 020249,56 AVE,56 AVE,15:00-17:59,1,0
N,PROPERTY DAMAGE ONLY,\N,N,2021,MONDAY,SIDE SWIPE - SAME DIRECTION,N,N,49.151861,-121.977356,Y,MAY,N,CHILLIWACK,CHILLIWACK,CHILLIWACK,Y,Y,N,LOWER MAINLAND,EAGLE LANDING PKY # 008208 TO 008261,EAGLE LANDING PKY,EAGLE LANDING PKY,15:00-17:59,1,0
N,PROPERTY DAMAGE ONLY,\N,N,2021,MONDAY,SIDE SWIPE - SAME DIRECTION,N,N,49.166007,-123.943108,Y,MAY,N,NANAIMO,NANAIMO,NANAIMO,Y,N,N,VANCOUVER ISLAND,SELBY ST # 000200 TO 000299,SELBY ST,SELBY ST,15:00-17:59,1,0
N,PROPERTY DAMAGE ONLY,\N,N,2021,MONDAY,SIDE SWIPE - SAME DIRECTION,N,N,49.171995,-123.134012,Y,MAY,N,RICHMOND,RICHMOND,RICHMOND,Y,Y,N,LOWER MAINLAND,ACKROYD RD # 008100 TO 008399,ACKROYD RD,ACKROYD RD,15:00-17:59,1,0
N,PROPERTY DAMAGE ONLY,\N,N,2021,MONDAY,SIDE SWIPE - SAME DIRECTION,N,N,49.173944,-123.126791,Y,MAY,N,RICHMOND,RICHMOND,RICHMOND,Y,Y,N,LOWER MAINLAND,LANSDOWNE RD # 008601 TO 008899 odd,LANSDOWNE RD,LANSDOWNE RD,15:00-17:59,1,0
N,PROPERTY DAMAGE ONLY,\N,N,2021,MONDAY,SIDE SWIPE - SAME DIRECTION,N,N,49.181719,-123.126351,Y,MAY,N,RICHMOND,RICHMOND,RICHMOND,Y,Y,N,LOWER MAINLAND,ODLIN RD # 008660 TO 008737,ODLIN RD,ODLIN RD,15:00-17:59,1,0
N,PROPERTY DAMAGE ONLY,\N,N,2021,MONDAY,SIDE SWIPE - SAME DIRECTION,N,N,49.187003,-122.845527,Y,MAY,N,SURREY,SURREY,SURREY,Y,Y,N,LOWER MAINLAND,KING GEORGE BLVD # 010153 TO 010199 odd,KING GEORGE BLVD,KING GEORGE BLVD,15:00-17:59,1,0
N,PROPERTY DAMAGE ONLY,\N,N,2021,MONDAY,SIDE SWIPE - SAME DIRECTION,N,N,49.21175,-123.100877,Y,MAY,N,VANCOUVER,VANCOUVER,VANCOUVER,Y,N,N,LOWER MAINLAND,E 65TH AVE # 000240 TO 000299,E 65TH AVE,E 65TH AVE,15:00-17:59,1,0
N,PROPERTY DAMAGE ONLY,\N,N,2021,MONDAY,SIDE SWIPE - SAME DIRECTION,N,N,49.21933,-122.964448,Y,MAY,N,BURNABY,BURNABY,BURNABY,N,N,N,LOWER MAINLAND,ARCOLA ST # 006700 TO 006733,ARCOLA ST,ARCOLA ST,15:00-17:59,1,0
N,PROPERTY DAMAGE ONLY,\N,N,2021,MONDAY,SIDE SWIPE - SAME DIRECTION,N,N,49.246166,-123.185556,Y,MAY,N,VANCOUVER,VANCOUVER,VANCOUVER,Y,N,N,LOWER MAINLAND,W 29TH AVE # 003600 TO 003639,W 29TH AVE,W 29TH AVE,15:00-17:59,1,0
N,PROPERTY DAMAGE ONLY,\N,N,2021,MONDAY,SIDE SWIPE - SAME DIRECTION,N,N,49.271205,-123.058947,Y,MAY,N,VANCOUVER,VANCOUVER,VANCOUVER,Y,N,N,LOWER MAINLAND,GRANT ST # 002200 TO 002299,GRANT ST,GRANT ST,15:00-17:59,1,0
N,PROPERTY DAMAGE ONLY,\N,N,2021,MONDAY,SIDE SWIPE - SAME DIRECTION,N,N,49.309205,-122.955109,Y,MAY,N,NORTH VANCOUVER,NORTH VANCOUVER,NORTH VANCOUVER,Y,N,N,LOWER MAINLAND,GLENHAVEN CRES # 004170 TO 004239,GLENHAVEN CRES,GLENHAVEN CRES,15:00-17:59,1,0
N,PROPERTY DAMAGE ONLY,\N,N,2021,MONDAY,SIDE SWIPE - SAME DIRECTION,N,N,49.331549,-123.155599,Y,MAY,N,WEST VANCOUVER,WEST VANCOUVER,WEST VANCOUVER,N,N,N,LOWER MAINLAND,FULTON AVE # 001400 TO 001499,FULTON AVE,FULTON AVE,15:00-17:59,1,0
N,PROPERTY DAMAGE ONLY,\N,N,2021,MONDAY,SIDE SWIPE - SAME DIRECTION,N,N,49.337273,-123.042292,Y,MAY,N,NORTH VANCOUVER,NORTH VANCOUVER,NORTH VANCOUVER,Y,N,N,LOWER MAINLAND,SUNNYHURST RD # 003000 TO 003199,SUNNYHURST RD,SUNNYHURST RD,15:00-17:59,1,0
N,PROPERTY DAMAGE ONLY,\N,N,2021,MONDAY,SIDE SWIPE - SAME DIRECTION,N,N,50.256972,-119.264097,Y,MAY,N,VERNON,VERNON,VERNON,N,Y,N,SOUTHERN INTERIOR,HWY 6 # 002300 TO 002379,HWY 6,HWY 6,15:00-17:59,1,0
N,PROPERTY DAMAGE ONLY,\N,N,2021,MONDAY,SIDE SWIPE - SAME DIRECTION,Y,N,\N,\N,N,MAY,N,VICTORIA,VICTORIA,\N,Y,N,N,VANCOUVER ISLAND,UNKNOWN,REGINA AVE,REGINA AVE,15:00-17:59,1,0
N,PROPERTY DAMAGE ONLY,\N,N,2021,MONDAY,SINGLE VEHICLE,N,N,\N,\N,N,MAY,N,ABBOTSFORD,ABBOTSFORD,\N,N,N,N,LOWER MAINLAND,UNKNOWN,HWY 1,HWY 1,15:00-17:59,1,0
N,PROPERTY DAMAGE ONLY,\N,N,2021,MONDAY,SINGLE VEHICLE,N,N,\N,\N,N,MAY,N,BLUE RIVER,BLUE RIVER,\N,N,N,N,NORTH CENTRAL,UNKNOWN,HWY 5,HWY 5,15:00-17:59,1,0
N,PROPERTY DAMAGE ONLY,\N,N,2021,MONDAY,SINGLE VEHICLE,N,N,\N,\N,N,MAY,N,CAMPBELL RIVER,CAMPBELL RIVER,\N,N,N,N,VANCOUVER ISLAND,UNKNOWN,ISLAND HWY N,ISLAND HWY N,15:00-17:59,1,0
N,PROPERTY DAMAGE ONLY,\N,N,2021,MONDAY,SINGLE VEHICLE,N,N,\N,\N,N,MAY,N,CLINTON,CLINTON,\N,N,N,N,NORTH CENTRAL,UNKNOWN,HWY 97,HWY 97,15:00-17:59,1,0
N,PROPERTY DAMAGE ONLY,\N,N,2021,MONDAY,SINGLE VEHICLE,N,N,\N,\N,N,MAY,N,COQUITLAM,COQUITLAM,\N,N,N,N,LOWER MAINLAND,UNKNOWN,HWY 1,HWY 1,15:00-17:59,1,0
N,PROPERTY DAMAGE ONLY,\N,N,2021,MONDAY,SINGLE VEHICLE,N,N,\N,\N,N,MAY,N,COQUITLAM,COQUITLAM,\N,N,N,N,LOWER MAINLAND,UNKNOWN,NATHAN PL,NATHAN PL,15:00-17:59,1,0
N,PROPERTY DAMAGE ONLY,\N,N,2021,MONDAY,SINGLE VEHICLE,N,N,\N,\N,N,MAY,N,COWICHAN BAY,COWICHAN BAY,\N,N,N,N,VANCOUVER ISLAND,UNKNOWN,COWICHAN BAY RD,COWICHAN BAY RD,15:00-17:59,1,0
N,PROPERTY DAMAGE ONLY,\N,N,2021,MONDAY,SINGLE VEHICLE,N,N,\N,\N,N,MAY,N,CULTUS LAKE,CULTUS LAKE,\N,N,N,N,LOWER MAINLAND,UNKNOWN,CULTUS LAKE RD,CULTUS LAKE RD,15:00-17:59,1,0
N,PROPERTY DAMAGE ONLY,\N,N,2021,MONDAY,SINGLE VEHICLE,N,N,\N,\N,N,MAY,N,ENDERBY,ENDERBY,\N,N,N,N,SOUTHERN INTERIOR,UNKNOWN,TRINITY VALLEY RD,TRINITY VALLEY RD,15:00-17:59,1,0
N,PROPERTY DAMAGE ONLY,\N,N,2021,MONDAY,SINGLE VEHICLE,N,N,\N,\N,N,MAY,N,FERNIE,FERNIE,\N,N,N,N,SOUTHERN INTERIOR,UNKNOWN,HWY 3,HWY 3,15:00-17:59,1,0
N,PROPERTY DAMAGE ONLY,\N,N,2021,MONDAY,SINGLE VEHICLE,N,N,\N,\N,N,MAY,N,FERNIE,FERNIE,\N,N,N,N,SOUTHERN INTERIOR,UNKNOWN,MOUNT FERNIE PARK WAY ROAD,MOUNT FERNIE PARK WAY ROAD,15:00-17:59,1,0
N,PROPERTY DAMAGE ONLY,\N,N,2021,MONDAY,SINGLE VEHICLE,N,N,\N,\N,N,MAY,N,FORT ST. JOHN,FORT ST. JOHN,\N,N,N,N,NORTH CENTRAL,UNKNOWN,HALFWAY RIVER RD,HALFWAY RIVER RD,15:00-17:59,1,0
N,PROPERTY DAMAGE ONLY,\N,N,2021,MONDAY,SINGLE VEHICLE,N,N,\N,\N,N,MAY,N,FORT ST. JOHN,FORT ST. JOHN,\N,N,N,N,NORTH CENTRAL,UNKNOWN,MILE 135 RD,MILE 135 RD,15:00-17:59,1,0
N,PROPERTY DAMAGE ONLY,\N,N,2021,MONDAY,SINGLE VEHICLE,N,N,\N,\N,N,MAY,N,FURRY CREEK,FURRY CREEK,\N,N,N,N,LOWER MAINLAND,UNKNOWN,HWY 99,HWY 99,15:00-17:59,1,0
N,PROPERTY DAMAGE ONLY,\N,N,2021,MONDAY,SINGLE VEHICLE,N,N,\N,\N,N,MAY,N,LANGFORD,LANGFORD,\N,N,N,N,VANCOUVER ISLAND,UNKNOWN,TERLSON LN,TERLSON LN,15:00-17:59,1,0
N,PROPERTY DAMAGE ONLY,\N,N,2021,MONDAY,SINGLE VEHICLE,N,N,\N,\N,N,MAY,N,LANGLEY,LANGLEY,\N,N,N,N,LOWER MAINLAND,UNKNOWN,HWY 1,HWY 1,15:00-17:59,1,0
N,PROPERTY DAMAGE ONLY,\N,N,2021,MONDAY,SINGLE VEHICLE,N,N,\N,\N,N,MAY,N,NEW WESTMINSTER,NEW WESTMINSTER,\N,N,N,N,LOWER MAINLAND,UNKNOWN,HWY 91,HWY 91,15:00-17:59,1,0
N,PROPERTY DAMAGE ONLY,\N,N,2021,MONDAY,SINGLE VEHICLE,N,N,\N,\N,N,MAY,N,PARKSVILLE,PARKSVILLE,\N,N,N,N,VANCOUVER ISLAND,UNKNOWN,MIDDLETON AVE,MIDDLETON AVE,15:00-17:59,1,0
N,PROPERTY DAMAGE ONLY,\N,N,2021,MONDAY,SINGLE VEHICLE,N,N,\N,\N,N,MAY,N,PRINCE GEORGE,PRINCE GEORGE,\N,N,N,N,NORTH CENTRAL,UNKNOWN,BEAVER FOREST SERVICE RD,BEAVER FOREST SERVICE RD,15:00-17:59,1,0
N,PROPERTY DAMAGE ONLY,\N,N,2021,MONDAY,SINGLE VEHICLE,N,N,\N,\N,N,MAY,N,QUALICUM BEACH,QUALICUM BEACH,\N,N,N,N,VANCOUVER ISLAND,UNKNOWN,HWY 19A,HWY 19A,15:00-17:59,1,0
N,PROPERTY DAMAGE ONLY,\N,N,2021,MONDAY,SINGLE VEHICLE,N,N,\N,\N,N,MAY,N,QUALICUM BEACH,QUALICUM BEACH,\N,N,Y,N,VANCOUVER ISLAND,UNKNOWN,120 FIRST AVE,120 FIRST AVE,15:00-17:59,1,0
N,PROPERTY DAMAGE ONLY,\N,N,2021,MONDAY,SINGLE VEHICLE,N,N,\N,\N,N,MAY,N,SAYWARD,SAYWARD,\N,N,N,N,VANCOUVER ISLAND,UNKNOWN,HWY 19,HWY 19,15:00-17:59,1,0
N,PROPERTY DAMAGE ONLY,\N,N,2021,MONDAY,SINGLE VEHICLE,N,N,\N,\N,N,MAY,N,SEYMOUR ARM,SEYMOUR ARM,\N,N,N,N,SOUTHERN INTERIOR,UNKNOWN,BLUEBERRY RD,BLUEBERRY RD,15:00-17:59,1,0
N,PROPERTY DAMAGE ONLY,\N,N,2021,MONDAY,SINGLE VEHICLE,N,N,\N,\N,N,MAY,N,SQUAMISH,SQUAMISH,\N,N,N,N,LOWER MAINLAND,UNKNOWN,RING CREEK RD,RING CREEK RD,15:00-17:59,1,0
N,PROPERTY DAMAGE ONLY,\N,N,2021,MONDAY,SINGLE VEHICLE,N,N,\N,\N,N,MAY,N,SURREY,SURREY,\N,N,Y,N,LOWER MAINLAND,UNKNOWN,KING GEORGE BLVD,KING GEORGE BLVD,15:00-17:59,1,0
N,PROPERTY DAMAGE ONLY,\N,N,2021,MONDAY,SINGLE VEHICLE,N,N,\N,\N,N,MAY,N,VANCOUVER,VANCOUVER,\N,N,Y,N,LOWER MAINLAND,UNKNOWN,MARKET CROSSING,MARKET CROSSING,15:00-17:59,1,0
N,PROPERTY DAMAGE ONLY,\N,N,2021,MONDAY,SINGLE VEHICLE,N,N,\N,\N,N,MAY,N,VICTORIA,VICTORIA,\N,N,N,N,VANCOUVER ISLAND,UNKNOWN,DAVIES RD,DAVIES RD,15:00-17:59,1,0
N,PROPERTY DAMAGE ONLY,\N,N,2021,MONDAY,SINGLE VEHICLE,N,N,\N,\N,N,MAY,N,VICTORIA,VICTORIA,\N,N,N,N,VANCOUVER ISLAND,UNKNOWN,SUNNYMEAD WAY,SUNNYMEAD WAY,15:00-17:59,1,0
N,PROPERTY DAMAGE ONLY,\N,N,2021,MONDAY,SINGLE VEHICLE,N,N,\N,\N,N,MAY,N,VICTORIA,VICTORIA,\N,N,Y,N,VANCOUVER ISLAND,UNKNOWN,VAN ISLE WAY,VAN ISLE WAY,15:00-17:59,1,0
N,PROPERTY DAMAGE ONLY,\N,N,2021,MONDAY,SINGLE VEHICLE,N,N,\N,\N,N,MAY,N,WHISTLER,WHISTLER,\N,N,N,N,LOWER MAINLAND,UNKNOWN,GLACIER LANE,GLACIER LANE,15:00-17:59,1,0
N,PROPERTY DAMAGE ONLY,\N,N,2021,MONDAY,SINGLE VEHICLE,N,N,\N,\N,N,MAY,N,WHISTLER,WHISTLER,\N,N,N,N,LOWER MAINLAND,UNKNOWN,HWY 99,HWY 99,15:00-17:59,1,0
N,PROPERTY DAMAGE ONLY,\N,N,2021,MONDAY,SINGLE VEHICLE,N,N,48.41911,-123.368871,Y,MAY,N,VICTORIA,VICTORIA,VICTORIA,N,Y,N,VANCOUVER ISLAND,GOVERNMENT ST # 000614 TO 000657,GOVERNMENT ST,GOVERNMENT ST,15:00-17:59,1,0
N,PROPERTY DAMAGE ONLY,\N,N,2021,MONDAY,SINGLE VEHICLE,N,N,48.449205,-123.384145,Y,MAY,N,SAANICH,SAANICH,SAANICH & VICTORIA,N,Y,N,VANCOUVER ISLAND,BURNSIDE RD E # 000100 TO 000179,BURNSIDE RD E,BURNSIDE RD E,15:00-17:59,1,0
N,PROPERTY DAMAGE ONLY,\N,N,2021,MONDAY,SINGLE VEHICLE,N,N,48.464933,-123.29276,Y,MAY,N,SAANICH,SAANICH,SAANICH,N,N,N,VANCOUVER ISLAND,ARBUTUS RD # 002560 TO 002575,ARBUTUS RD,ARBUTUS RD,15:00-17:59,1,0
N,PROPERTY DAMAGE ONLY,\N,N,2021,MONDAY,SINGLE VEHICLE,N,N,48.468303,-123.408694,Y,MAY,N,SAANICH,SAANICH,SAANICH,N,N,N,VANCOUVER ISLAND,TULIP AVE # 001000 TO 001069,TULIP AVE,TULIP AVE,15:00-17:59,1,0
N,PROPERTY DAMAGE ONLY,\N,N,2021,MONDAY,SINGLE VEHICLE,N,N,48.602294,-123.623958,Y,MAY,N,SHAWNIGAN LAKE,SHAWNIGAN LAKE,SHAWNIGAN LAKE,N,N,N,VANCOUVER ISLAND,SHAWNIGAN LAKE RD # 001573 TO 001589,SHAWNIGAN LAKE RD,SHAWNIGAN LAKE RD,15:00-17:59,1,0
N,PROPERTY DAMAGE ONLY,\N,N,2021,MONDAY,SINGLE VEHICLE,N,N,48.667129,-123.402483,Y,MAY,N,SIDNEY,SIDNEY,SIDNEY,N,N,N,VANCOUVER ISLAND,HARBOUR RD # 002324 TO 002353,HARBOUR RD,HARBOUR RD,15:00-17:59,1,0
N,PROPERTY DAMAGE ONLY,\N,N,2021,MONDAY,SINGLE VEHICLE,N,N,49.026145,-122.795668,Y,MAY,N,WHITE ROCK,WHITE ROCK,WHITE ROCK,N,Y,N,LOWER MAINLAND,BEST ST # 001300 TO 001349,BEST ST,BEST ST,15:00-17:59,1,0
N,PROPERTY DAMAGE ONLY,\N,N,2021,MONDAY,SINGLE VEHICLE,N,N,49.027464,-123.068212,Y,MAY,N,DELTA,DELTA,DELTA,N,Y,N,LOWER MAINLAND,VIEW CRES # 001320 TO 001365,VIEW CRES,VIEW CRES,15:00-17:59,1,0
N,PROPERTY DAMAGE ONLY,\N,N,2021,MONDAY,SINGLE VEHICLE,N,N,49.049182,-122.26027,Y,MAY,N,ABBOTSFORD,ABBOTSFORD,ABBOTSFORD,N,Y,N,LOWER MAINLAND,MCMILLAN RD # 002590 TO 002639,MCMILLAN RD,MCMILLAN RD,15:00-17:59,1,0
N,PROPERTY DAMAGE ONLY,\N,N,2021,MONDAY,SINGLE VEHICLE,N,N,49.054898,-122.335076,Y,MAY,N,ABBOTSFORD,ABBOTSFORD,ABBOTSFORD,N,Y,N,LOWER MAINLAND,GEORGE FERGUSON WAY # 032000 TO 032199,GEORGE FERGUSON WAY,GEORGE FERGUSON WAY,15:00-17:59,1,0
N,PROPERTY DAMAGE ONLY,\N,N,2021,MONDAY,SINGLE VEHICLE,N,N,49.060285,-122.350177,Y,MAY,N,ABBOTSFORD,ABBOTSFORD,ABBOTSFORD,N,N,N,LOWER MAINLAND,UPPER MACLURE RD # 031520 TO 031609,UPPER MACLURE RD,UPPER MACLURE RD,15:00-17:59,1,0
N,PROPERTY DAMAGE ONLY,\N,N,2021,MONDAY,SINGLE VEHICLE,N,N,49.106251,-121.935155,Y,MAY,N,CHILLIWACK,CHILLIWACK,CHILLIWACK,N,N,N,LOWER MAINLAND,PROMONTORY RD # 005698 TO 005756,PROMONTORY RD,PROMONTORY RD,15:00-17:59,1,0
N,PROPERTY DAMAGE ONLY,\N,N,2021,MONDAY,SINGLE VEHICLE,N,N,49.111182,-121.971552,Y,MAY,N,CHILLIWACK,CHILLIWACK,CHILLIWACK,N,N,N,LOWER MAINLAND,WATSON RD # 045255 TO 045286,WATSON RD,WATSON RD,15:00-17:59,1,0
N,PROPERTY DAMAGE ONLY,\N,N,2021,MONDAY,SINGLE VEHICLE,N,N,49.113379,-122.685984,Y,MAY,N,SURREY,SURREY,SURREY,N,N,N,LOWER MAINLAND,GREENSIDE DR E # 006000 TO 006199,GREENSIDE DR E,GREENSIDE DR E,15:00-17:59,1,0
N,PROPERTY DAMAGE ONLY,\N,N,2021,MONDAY,SINGLE VEHICLE,N,N,49.119143,-122.683392,Y,MAY,N,SURREY,SURREY,SURREY,N,N,N,LOWER MAINLAND,64 AVE # 019401 TO 019561 odd,64 AVE,64 AVE,15:00-17:59,1,0
N,PROPERTY DAMAGE ONLY,\N,N,2021,MONDAY,SINGLE VEHICLE,N,N,49.122564,-122.655433,Y,MAY,N,LANGLEY,LANGLEY,LANGLEY,N,N,N,LOWER MAINLAND,66 AVE # 020445 TO 020468,66 AVE,66 AVE,15:00-17:59,1,0
N,PROPERTY DAMAGE ONLY,\N,N,2021,MONDAY,SINGLE VEHICLE,N,N,49.129905,-122.67149,Y,MAY,N,LANGLEY,LANGLEY,LANGLEY,N,N,N,LOWER MAINLAND,70 AVE # 019834 TO 019930,70 AVE,70 AVE,15:00-17:59,1,0
N,PROPERTY DAMAGE ONLY,\N,N,2021,MONDAY,SINGLE VEHICLE,N,N,49.162735,-122.654004,Y,MAY,N,LANGLEY,LANGLEY,LANGLEY,N,Y,N,LOWER MAINLAND,88 AVE # 020400 TO 020598 even,88 AVE,88 AVE,15:00-17:59,1,0
N,PROPERTY DAMAGE ONLY,\N,N,2021,MONDAY,SINGLE VEHICLE,N,N,49.190405,-122.853187,Y,MAY,N,SURREY,SURREY,SURREY,N,Y,N,LOWER MAINLAND,CENTRAL AVE # 013300 TO 013359,CENTRAL AVE,CENTRAL AVE,15:00-17:59,1,0
N,PROPERTY DAMAGE ONLY,\N,N,2021,MONDAY,SINGLE VEHICLE,N,N,49.196553,-123.140635,Y,MAY,N,RICHMOND,RICHMOND,RICHMOND,N,Y,N,LOWER MAINLAND,TEMPLETON STATION RD # 007899 TO 007899 odd,TEMPLETON STATION RD,TEMPLETON STATION RD,15:00-17:59,1,0
N,PROPERTY DAMAGE ONLY,\N,N,2021,MONDAY,SINGLE VEHICLE,N,N,49.197242,-123.102713,Y,MAY,N,RICHMOND,RICHMOND,RICHMOND,N,N,N,LOWER MAINLAND,SHELL RD # 002200 TO 002410,SHELL RD,SHELL RD,15:00-17:59,1,0
N,PROPERTY DAMAGE ONLY,\N,N,2021,MONDAY,SINGLE VEHICLE,N,N,49.200256,-122.847473,Y,MAY,N,SURREY,SURREY,SURREY,N,Y,N,LOWER MAINLAND,KING GEORGE BLVD # 013450 TO 013598 even,KING GEORGE BLVD,KING GEORGE BLVD,15:00-17:59,1,0
N,PROPERTY DAMAGE ONLY,\N,N,2021,MONDAY,SINGLE VEHICLE,N,N,49.22717,-122.892854,Y,MAY,N,NEW WESTMINSTER,NEW WESTMINSTER,NEW WESTMINSTER,N,Y,N,LOWER MAINLAND,E COLUMBIA ST # 000311 TO 000399,E COLUMBIA ST,E COLUMBIA ST,15:00-17:59,1,0
N,PROPERTY DAMAGE ONLY,\N,N,2021,MONDAY,SINGLE VEHICLE,N,N,49.23282,-123.161759,Y,MAY,N,VANCOUVER,VANCOUVER,VANCOUVER,N,Y,N,LOWER MAINLAND,W 43RD AVE # 002400 TO 002445,W 43RD AVE,W 43RD AVE,15:00-17:59,1,0
N,PROPERTY DAMAGE ONLY,\N,N,2021,MONDAY,SINGLE VEHICLE,N,N,49.233583,-123.119001,Y,MAY,N,VANCOUVER,VANCOUVER,VANCOUVER,N,Y,N,LOWER MAINLAND,W 41ST AVE # 000500 TO 000708 even,W 41ST AVE,W 41ST AVE,15:00-17:59,1,0
N,PROPERTY DAMAGE ONLY,\N,N,2021,MONDAY,SINGLE VEHICLE,N,N,49.235596,-122.867121,Y,MAY,N,COQUITLAM,COQUITLAM,COQUITLAM,N,Y,N,LOWER MAINLAND,LOUGHEED HWY # 000960 TO 001000 even,LOUGHEED HWY,LOUGHEED HWY,15:00-17:59,1,0
N,PROPERTY DAMAGE ONLY,\N,N,2021,MONDAY,SINGLE VEHICLE,N,N,49.237222,-123.162649,Y,MAY,N,VANCOUVER,VANCOUVER,VANCOUVER,N,N,N,LOWER MAINLAND,LARCH ST # 005356 TO 005499,LARCH ST,LARCH ST,15:00-17:59,1,0
N,PROPERTY DAMAGE ONLY,\N,N,2021,MONDAY,SINGLE VEHICLE,N,N,49.262332,-122.889063,Y,MAY,N,COQUITLAM,COQUITLAM,COQUITLAM,N,N,N,LOWER MAINLAND,CLARKE RD # 000566 TO 000599,CLARKE RD,CLARKE RD,15:00-17:59,1,0
N,PROPERTY DAMAGE ONLY,\N,N,2021,MONDAY,SINGLE VEHICLE,N,N,49.263605,-123.140142,Y,MAY,N,VANCOUVER,VANCOUVER,VANCOUVER,N,N,N,LOWER MAINLAND,W BROADWAY # 001528 TO 001599,W BROADWAY,W BROADWAY,15:00-17:59,1,0
N,PROPERTY DAMAGE ONLY,\N,N,2021,MONDAY,SINGLE VEHICLE,N,N,49.263998,-122.781239,Y,MAY,N,PORT COQUITLAM,PORT COQUITLAM,PORT COQUITLAM,N,Y,N,LOWER MAINLAND,ELGIN AVE # 002300 TO 002379,ELGIN AVE,ELGIN AVE,15:00-17:59,1,0
N,PROPERTY DAMAGE ONLY,\N,N,2021,MONDAY,SINGLE VEHICLE,N,N,49.266426,-123.154019,Y,MAY,N,VANCOUVER,VANCOUVER,VANCOUVER,N,Y,N,LOWER MAINLAND,W 6TH AVE # 002100 TO 002199,W 6TH AVE,W 6TH AVE,15:00-17:59,1,0
N,PROPERTY DAMAGE ONLY,\N,N,2021,MONDAY,SINGLE VEHICLE,N,N,49.268842,-123.142006,Y,MAY,N,VANCOUVER,VANCOUVER,VANCOUVER,N,N,N,LOWER MAINLAND,W 3RD AVE # 001600 TO 001699,W 3RD AVE,W 3RD AVE,15:00-17:59,1,0
N,PROPERTY DAMAGE ONLY,\N,N,2021,MONDAY,SINGLE VEHICLE,N,N,49.270392,-122.75894,Y,MAY,N,PORT COQUITLAM,PORT COQUITLAM,PORT COQUITLAM,N,Y,N,LOWER MAINLAND,VINCENT ST # 003150 TO 003173,VINCENT ST,VINCENT ST,15:00-17:59,1,0
N,PROPERTY DAMAGE ONLY,\N,N,2021,MONDAY,SINGLE VEHICLE,N,N,49.281822,-123.137721,Y,MAY,N,VANCOUVER,VANCOUVER,VANCOUVER,N,Y,N,LOWER MAINLAND,HARWOOD ST # 001300 TO 001399,HARWOOD ST,HARWOOD ST,15:00-17:59,1,0
N,PROPERTY DAMAGE ONLY,\N,N,2021,MONDAY,SINGLE VEHICLE,N,N,49.282277,-123.109737,Y,MAY,N,VANCOUVER,VANCOUVER,VANCOUVER,N,Y,N,LOWER MAINLAND,CAMBIE ST # 000400 TO 000449,CAMBIE ST,CAMBIE ST,15:00-17:59,1,0
N,PROPERTY DAMAGE ONLY,\N,N,2021,MONDAY,SINGLE VEHICLE,N,N,49.282706,-122.79747,Y,MAY,N,COQUITLAM,COQUITLAM,COQUITLAM,N,Y,N,LOWER MAINLAND,GLEN DR # 002950 TO 002978,GLEN DR,GLEN DR,15:00-17:59,1,0
N,PROPERTY DAMAGE ONLY,\N,N,2021,MONDAY,SINGLE VEHICLE,N,N,49.313094,-123.070785,Y,MAY,N,NORTH VANCOUVER,NORTH VANCOUVER,NORTH VANCOUVER,N,Y,N,LOWER MAINLAND,E 5TH ST # 000200 TO 000299,E 5TH ST,E 5TH ST,15:00-17:59,1,0
N,PROPERTY DAMAGE ONLY,\N,N,2021,MONDAY,SINGLE VEHICLE,N,N,49.315306,-123.044632,Y,MAY,N,NORTH VANCOUVER,NORTH VANCOUVER,NORTH VANCOUVER,N,Y,N,LOWER MAINLAND,ADDERLEY ST # 001100 TO 001199,ADDERLEY ST,ADDERLEY ST,15:00-17:59,1,0
N,PROPERTY DAMAGE ONLY,\N,N,2021,MONDAY,SINGLE VEHICLE,N,N,49.331409,-123.121646,Y,MAY,N,WEST VANCOUVER,WEST VANCOUVER,WEST VANCOUVER,N,N,N,LOWER MAINLAND,KEITH RD # 000230 TO 000268,KEITH RD,KEITH RD,15:00-17:59,1,0
N,PROPERTY DAMAGE ONLY,\N,N,2021,MONDAY,SINGLE VEHICLE,N,N,49.347532,-123.01547,Y,MAY,N,NORTH VANCOUVER,NORTH VANCOUVER,NORTH VANCOUVER,N,Y,N,LOWER MAINLAND,LILLOOET RD # 004368 TO 004401,LILLOOET RD,LILLOOET RD,15:00-17:59,1,0
N,PROPERTY DAMAGE ONLY,\N,N,2021,MONDAY,SINGLE VEHICLE,N,N,49.445317,-119.574339,Y,MAY,N,PENTICTON,PENTICTON,PENTICTON,N,N,N,SOUTHERN INTERIOR,VALLEYVIEW RD # 003936 TO 004565,VALLEYVIEW RD,VALLEYVIEW RD,15:00-17:59,1,0
N,PROPERTY DAMAGE ONLY,\N,N,2021,MONDAY,SINGLE VEHICLE,N,N,49.684863,-115.990943,Y,MAY,N,KIMBERLEY,KIMBERLEY,KIMBERLEY,N,Y,N,SOUTHERN INTERIOR,ALPINE CRES # 000401 TO 000420,ALPINE CRES,ALPINE CRES,15:00-17:59,1,0
N,PROPERTY DAMAGE ONLY,\N,N,2021,MONDAY,SINGLE VEHICLE,N,N,49.685392,-124.992205,Y,MAY,N,COURTENAY,COURTENAY,COURTENAY,Y,Y,N,VANCOUVER ISLAND,CLIFFE AVE # 001501 TO 001569 odd,CLIFFE AVE,CLIFFE AVE,15:00-17:59,1,0
N,PROPERTY DAMAGE ONLY,\N,N,2021,MONDAY,SINGLE VEHICLE,N,N,49.860171,-119.474323,Y,MAY,N,KELOWNA,KELOWNA,KELOWNA,N,N,N,SOUTHERN INTERIOR,GORDON DR # 003120 TO 003145,GORDON DR,GORDON DR,15:00-17:59,1,0
N,PROPERTY DAMAGE ONLY,\N,N,2021,MONDAY,SINGLE VEHICLE,N,N,49.865411,-119.490478,Y,MAY,N,KELOWNA,KELOWNA,KELOWNA,N,Y,N,SOUTHERN INTERIOR,RAYMER AVE # 000500 TO 000624,RAYMER AVE,RAYMER AVE,15:00-17:59,1,0
N,PROPERTY DAMAGE ONLY,\N,N,2021,MONDAY,SINGLE VEHICLE,N,N,49.878792,-119.567337,Y,MAY,N,WEST KELOWNA,WEST KELOWNA,WEST KELOWNA,N,Y,N,SOUTHERN INTERIOR,ROSEALEE LANE # 002040 TO 002069,ROSEALEE LANE,ROSEALEE LANE,15:00-17:59,1,0
N,PROPERTY DAMAGE ONLY,\N,N,2021,MONDAY,SINGLE VEHICLE,N,N,49.894768,-119.496246,Y,MAY,N,KELOWNA,KELOWNA,KELOWNA,N,Y,N,SOUTHERN INTERIOR,SUNSET DR # 001074 TO 001199,SUNSET DR,SUNSET DR,15:00-17:59,1,0
N,PROPERTY DAMAGE ONLY,\N,N,2021,MONDAY,SINGLE VEHICLE,N,N,49.916165,-119.441582,Y,MAY,N,KELOWNA,KELOWNA,KELOWNA,N,N,N,SOUTHERN INTERIOR,DRYSDALE BLVD # 000332 TO 000337,DRYSDALE BLVD,DRYSDALE BLVD,15:00-17:59,1,0
N,PROPERTY DAMAGE ONLY,\N,N,2021,MONDAY,SINGLE VEHICLE,N,N,49.934334,-119.4633,Y,MAY,N,KELOWNA,KELOWNA,KELOWNA,N,N,N,SOUTHERN INTERIOR,CLIFTON RD N # 000200 TO 000319,CLIFTON RD N,CLIFTON RD N,15:00-17:59,1,0
N,PROPERTY DAMAGE ONLY,\N,N,2021,MONDAY,SINGLE VEHICLE,N,N,50.245689,-118.661833,Y,MAY,N,CHERRYVILLE,CHERRYVILLE,CHERRYVILLE,N,Y,N,SOUTHERN INTERIOR,HWY 6 # 001170 TO 001199,HWY 6,HWY 6,15:00-17:59,2,0
N,PROPERTY DAMAGE ONLY,\N,N,2021,MONDAY,SINGLE VEHICLE,N,N,50.565572,-119.116545,Y,MAY,N,ENDERBY,ENDERBY,ENDERBY,N,N,N,SOUTHERN INTERIOR,ENDERBY GRINDROD RD # 000180 TO 000229,ENDERBY GRINDROD RD,ENDERBY GRINDROD RD,15:00-17:59,1,0
N,PROPERTY DAMAGE ONLY,\N,N,2021,MONDAY,SINGLE VEHICLE,N,N,50.661904,-120.262764,Y,MAY,N,KAMLOOPS,KAMLOOPS,KAMLOOPS,N,Y,N,SOUTHERN INTERIOR,HIGHLAND PL # 002030 TO 002099,HIGHLAND PL,HIGHLAND PL,15:00-17:59,1,0
N,PROPERTY DAMAGE ONLY,\N,N,2021,MONDAY,SINGLE VEHICLE,N,N,50.67137,-120.333222,Y,MAY,N,KAMLOOPS,KAMLOOPS,KAMLOOPS,N,Y,N,SOUTHERN INTERIOR,COLUMBIA ST # 000301 TO 000399 odd,COLUMBIA ST,COLUMBIA ST,15:00-17:59,1,0
N,PROPERTY DAMAGE ONLY,\N,N,2021,MONDAY,SINGLE VEHICLE,N,N,50.673154,-120.333209,Y,MAY,N,KAMLOOPS,KAMLOOPS,KAMLOOPS,N,N,N,SOUTHERN INTERIOR,BATTLE ST # 000300 TO 000399,BATTLE ST,BATTLE ST,15:00-17:59,1,0
N,PROPERTY DAMAGE ONLY,\N,N,2021,MONDAY,SINGLE VEHICLE,N,N,53.915058,-122.742516,Y,MAY,N,PRINCE GEORGE,PRINCE GEORGE,PRINCE GEORGE,N,Y,N,NORTH CENTRAL,4TH AVE # 001000 TO 001099,4TH AVE,4TH AVE,15:00-17:59,1,0
N,PROPERTY DAMAGE ONLY,\N,N,2021,MONDAY,SINGLE VEHICLE,Y,N,\N,\N,N,MAY,N,KAMLOOPS,KAMLOOPS,\N,N,N,N,SOUTHERN INTERIOR,UNKNOWN,TRANS-CANADA HWY,TRANS-CANADA HWY,15:00-17:59,1,0
N,PROPERTY DAMAGE ONLY,\N,N,2021,MONDAY,SINGLE VEHICLE,Y,N,49.219043,-123.085418,Y,MAY,N,VANCOUVER,VANCOUVER,VANCOUVER,N,N,N,LOWER MAINLAND,E 56TH AVE # 000800 TO 001099,E 56TH AVE,E 56TH AVE,15:00-17:59,1,0
N,PROPERTY DAMAGE ONLY,\N,N,2021,MONDAY,SINGLE VEHICLE,Y,N,49.233626,-122.85721,Y,MAY,N,COQUITLAM,COQUITLAM,COQUITLAM,N,N,N,LOWER MAINLAND,LOUGHEED HWY # 001101 TO 001499 odd,LOUGHEED HWY,LOUGHEED HWY,15:00-17:59,1,0
N,PROPERTY DAMAGE ONLY,\N,N,2021,MONDAY,SINGLE VEHICLE,Y,N,49.251846,-122.73567800000001,Y,MAY,N,PORT COQUITLAM,PORT COQUITLAM,PORT COQUITLAM,N,N,N,LOWER MAINLAND,VILLAGE DR # 000800 TO 000870,VILLAGE DR,VILLAGE DR,15:00-17:59,1,0
N,PROPERTY DAMAGE ONLY,\N,N,2021,MONDAY,SINGLE VEHICLE,Y,N,49.88445,-119.447559,Y,MAY,N,KELOWNA,KELOWNA,KELOWNA,N,Y,N,SOUTHERN INTERIOR,HARDY ST # 001500 TO 001699,HARDY ST,HARDY ST,15:00-17:59,1,0
N,PROPERTY DAMAGE ONLY,\N,N,2021,MONDAY,UNDETERMINED,N,N,\N,\N,N,MAY,N,ABBOTSFORD,ABBOTSFORD,\N,Y,Y,N,LOWER MAINLAND,UNKNOWN,SWITZER AVE,SWITZER AVE,15:00-17:59,1,0
N,PROPERTY DAMAGE ONLY,\N,N,2021,MONDAY,UNDETERMINED,N,N,\N,\N,N,MAY,N,BURNABY,BURNABY,\N,N,N,N,LOWER MAINLAND,UNKNOWN,HWY 1,HWY 1,15:00-17:59,1,0
N,PROPERTY DAMAGE ONLY,\N,N,2021,MONDAY,UNDETERMINED,N,N,\N,\N,N,MAY,N,BURNABY,BURNABY,\N,Y,N,N,LOWER MAINLAND,UNKNOWN,STILL CREEK DR,STILL CREEK DR,15:00-17:59,1,0
N,PROPERTY DAMAGE ONLY,\N,N,2021,MONDAY,UNDETERMINED,N,N,\N,\N,N,MAY,N,COWICHAN BAY,COWICHAN BAY,\N,Y,Y,N,VANCOUVER ISLAND,UNKNOWN,COWICHAN BAY,COWICHAN BAY,15:00-17:59,1,0
N,PROPERTY DAMAGE ONLY,\N,N,2021,MONDAY,UNDETERMINED,N,N,\N,\N,N,MAY,N,D'ARCY,D'ARCY,\N,Y,N,N,LOWER MAINLAND,UNKNOWN,PEMBERTON PORTAGE RD,PEMBERTON PORTAGE RD,15:00-17:59,1,0
N,PROPERTY DAMAGE ONLY,\N,N,2021,MONDAY,UNDETERMINED,N,N,\N,\N,N,MAY,N,KELOWNA,KELOWNA,\N,Y,N,N,SOUTHERN INTERIOR,UNKNOWN,YATES RD,YATES RD,15:00-17:59,1,0
N,PROPERTY DAMAGE ONLY,\N,N,2021,MONDAY,UNDETERMINED,N,N,\N,\N,N,MAY,N,NORTH VANCOUVER,NORTH VANCOUVER,\N,Y,Y,N,LOWER MAINLAND,UNKNOWN,3RD ST E,3RD ST E,15:00-17:59,1,0
N,PROPERTY DAMAGE ONLY,\N,N,2021,MONDAY,UNDETERMINED,N,N,\N,\N,N,MAY,N,PORT ALBERNI,PORT ALBERNI,\N,Y,Y,N,VANCOUVER ISLAND,UNKNOWN,10TH AVE.,10TH AVE.,15:00-17:59,1,0
N,PROPERTY DAMAGE ONLY,\N,N,2021,MONDAY,UNDETERMINED,N,N,\N,\N,N,MAY,N,PORT COQUITLAM,PORT COQUITLAM,\N,N,N,N,LOWER MAINLAND,UNKNOWN,LOUGHEED HWY,LOUGHEED HWY,15:00-17:59,1,0
N,PROPERTY DAMAGE ONLY,\N,N,2021,MONDAY,UNDETERMINED,N,N,\N,\N,N,MAY,N,PORT HARDY,PORT HARDY,\N,Y,N,N,VANCOUVER ISLAND,UNKNOWN,MARKET ST,MARKET ST,15:00-17:59,1,0
N,PROPERTY DAMAGE ONLY,\N,N,2021,MONDAY,UNDETERMINED,N,N,\N,\N,N,MAY,N,PRINCE RUPERT,PRINCE RUPERT,\N,N,N,N,NORTH CENTRAL,UNKNOWN,RIDLEY ISLAND RD,RIDLEY ISLAND RD,15:00-17:59,1,0
N,PROPERTY DAMAGE ONLY,\N,N,2021,MONDAY,UNDETERMINED,N,N,\N,\N,N,MAY,N,QUESNEL,QUESNEL,\N,Y,N,N,NORTH CENTRAL,UNKNOWN,1700 RD FSR,1700 RD FSR,15:00-17:59,1,0
N,PROPERTY DAMAGE ONLY,\N,N,2021,MONDAY,UNDETERMINED,N,N,\N,\N,N,MAY,N,QUESNEL,QUESNEL,\N,Y,Y,N,NORTH CENTRAL,UNKNOWN,ANDERSON DR,ANDERSON DR,15:00-17:59,1,0
N,PROPERTY DAMAGE ONLY,\N,N,2021,MONDAY,UNDETERMINED,N,N,\N,\N,N,MAY,N,ROBERTS CREEK,ROBERTS CREEK,\N,Y,N,N,LOWER MAINLAND,UNKNOWN,ROBERTS CREEK RD,ROBERTS CREEK RD,15:00-17:59,1,0
N,PROPERTY DAMAGE ONLY,\N,N,2021,MONDAY,UNDETERMINED,N,N,\N,\N,N,MAY,N,SURREY,SURREY,\N,Y,N,N,LOWER MAINLAND,UNKNOWN,151 ST,151 ST,15:00-17:59,1,0
N,PROPERTY DAMAGE ONLY,\N,N,2021,MONDAY,UNDETERMINED,N,N,\N,\N,N,MAY,N,SURREY,SURREY,\N,Y,N,N,LOWER MAINLAND,UNKNOWN,72 AVE,72 AVE,15:00-17:59,1,0
N,PROPERTY DAMAGE ONLY,\N,N,2021,MONDAY,UNDETERMINED,N,N,\N,\N,N,MAY,N,SURREY,SURREY,\N,Y,Y,N,LOWER MAINLAND,UNKNOWN,72ND AVE,72ND AVE,15:00-17:59,1,0
N,PROPERTY DAMAGE ONLY,\N,N,2021,MONDAY,UNDETERMINED,N,N,\N,\N,N,MAY,N,SURREY,SURREY,\N,Y,Y,N,LOWER MAINLAND,UNKNOWN,KING GEORGE BLVD,KING GEORGE BLVD,15:00-17:59,1,0
N,PROPERTY DAMAGE ONLY,\N,N,2021,MONDAY,UNDETERMINED,N,N,\N,\N,N,MAY,N,UNKNOWN,UNKNOWN,\N,N,N,N,UNKNOWN,UNKNOWN,UNKNOWN,UNKNOWN,15:00-17:59,1,0
N,PROPERTY DAMAGE ONLY,\N,N,2021,MONDAY,UNDETERMINED,N,N,\N,\N,N,MAY,N,VANCOUVER,VANCOUVER,\N,Y,N,N,LOWER MAINLAND,UNKNOWN,WESBROOK MALL,WESBROOK MALL,15:00-17:59,1,0
N,PROPERTY DAMAGE ONLY,\N,N,2021,MONDAY,UNDETERMINED,N,N,\N,\N,N,MAY,N,VANCOUVER,VANCOUVER,\N,Y,Y,N,LOWER MAINLAND,UNKNOWN,COMMERCIAL ST,COMMERCIAL ST,15:00-17:59,1,0
N,PROPERTY DAMAGE ONLY,\N,N,2021,MONDAY,UNDETERMINED,N,N,\N,\N,N,MAY,N,VICTORIA,VICTORIA,\N,Y,N,N,VANCOUVER ISLAND,UNKNOWN,MCKENZIE ST,MCKENZIE ST,15:00-17:59,1,0
N,PROPERTY DAMAGE ONLY,\N,N,2021,MONDAY,UNDETERMINED,N,N,\N,\N,N,MAY,N,VICTORIA,VICTORIA,\N,Y,N,N,VANCOUVER ISLAND,UNKNOWN,ROCKINGHAM RD,ROCKINGHAM RD,15:00-17:59,1,0
N,PROPERTY DAMAGE ONLY,\N,N,2021,MONDAY,UNDETERMINED,N,N,\N,\N,N,MAY,N,WHISTLER,WHISTLER,\N,Y,N,N,LOWER MAINLAND,UNKNOWN,GONDOLA WAY,GONDOLA WAY,15:00-17:59,1,0
N,PROPERTY DAMAGE ONLY,\N,N,2021,MONDAY,UNDETERMINED,N,N,48.418168,-123.491567,Y,MAY,N,COLWOOD,COLWOOD,COLWOOD,N,N,N,VANCOUVER ISLAND,SUE MAR PL # 000400 TO 000489,SUE MAR PL,SUE MAR PL,15:00-17:59,1,0
N,PROPERTY DAMAGE ONLY,\N,N,2021,MONDAY,UNDETERMINED,N,N,48.430185,-123.324291,Y,MAY,N,VICTORIA,VICTORIA,VICTORIA,Y,N,N,VANCOUVER ISLAND,BOURCHIER ST # 001930 TO 001958,BOURCHIER ST,BOURCHIER ST,15:00-17:59,1,0
N,PROPERTY DAMAGE ONLY,\N,N,2021,MONDAY,UNDETERMINED,N,N,48.436591,-123.382843,Y,MAY,N,VICTORIA,VICTORIA,VICTORIA,Y,Y,N,VANCOUVER ISLAND,TYEE RD # 000800 TO 000899,TYEE RD,TYEE RD,15:00-17:59,1,0
N,PROPERTY DAMAGE ONLY,\N,N,2021,MONDAY,UNDETERMINED,N,N,48.446195,-123.371352,Y,MAY,N,VICTORIA,VICTORIA,VICTORIA,Y,Y,N,VANCOUVER ISLAND,DOUGLAS ST # 003129 TO 003157 odd,DOUGLAS ST,DOUGLAS ST,15:00-17:59,1,0
N,PROPERTY DAMAGE ONLY,\N,N,2021,MONDAY,UNDETERMINED,N,N,48.453068,-123.394517,Y,MAY,N,SAANICH,SAANICH,SAANICH,Y,N,N,VANCOUVER ISLAND,TILLICUM RD # 003156 TO 003246 even,TILLICUM RD,TILLICUM RD,15:00-17:59,1,0
N,PROPERTY DAMAGE ONLY,\N,N,2021,MONDAY,UNDETERMINED,N,N,48.550636,-123.415141,Y,MAY,N,CENTRAL SAANICH,CENTRAL SAANICH,CENTRAL SAANICH & SAANICH,Y,Y,N,VANCOUVER ISLAND,BEAR HILL RD # 002000 TO 006068 even,BEAR HILL RD,BEAR HILL RD,15:00-17:59,1,0
N,PROPERTY DAMAGE ONLY,\N,N,2021,MONDAY,UNDETERMINED,N,N,48.579628,-123.464991,Y,MAY,N,CENTRAL SAANICH,CENTRAL SAANICH,CENTRAL SAANICH,Y,N,N,VANCOUVER ISLAND,STELLYS CROSS RD # 000802 TO 000849,STELLYS CROSS RD,STELLYS CROSS RD,15:00-17:59,1,0
N,PROPERTY DAMAGE ONLY,\N,N,2021,MONDAY,UNDETERMINED,N,N,48.590774,-123.403486,Y,MAY,N,CENTRAL SAANICH,CENTRAL SAANICH,CENTRAL SAANICH,Y,Y,N,VANCOUVER ISLAND,CENTRAL SAANICH RD # 007650 TO 007691,CENTRAL SAANICH RD,CENTRAL SAANICH RD,15:00-17:59,1,0
N,PROPERTY DAMAGE ONLY,\N,N,2021,MONDAY,UNDETERMINED,N,N,49.01282,-123.082714,Y,MAY,N,DELTA,DELTA,DELTA,Y,N,N,LOWER MAINLAND,ERIN WAY # 005060 TO 005151,ERIN WAY,ERIN WAY,15:00-17:59,1,0
N,PROPERTY DAMAGE ONLY,\N,N,2021,MONDAY,UNDETERMINED,N,N,49.050271,-122.836014,Y,MAY,N,SURREY,SURREY,SURREY,Y,N,N,LOWER MAINLAND,139A ST # 002600 TO 002699,139A ST,139A ST,15:00-17:59,1,0
N,PROPERTY DAMAGE ONLY,\N,N,2021,MONDAY,UNDETERMINED,N,N,49.052304,-122.319888,Y,MAY,N,ABBOTSFORD,ABBOTSFORD,ABBOTSFORD,Y,Y,N,LOWER MAINLAND,ALLWOOD ST # 002700 TO 002809,ALLWOOD ST,ALLWOOD ST,15:00-17:59,1,0
N,PROPERTY DAMAGE ONLY,\N,N,2021,MONDAY,UNDETERMINED,N,N,49.084223,-122.586985,Y,MAY,N,LANGLEY,LANGLEY,LANGLEY,Y,Y,N,LOWER MAINLAND,FRASER HWY # 022800 TO 023199,FRASER HWY,FRASER HWY,15:00-17:59,1,0
N,PROPERTY DAMAGE ONLY,\N,N,2021,MONDAY,UNDETERMINED,N,N,49.088582,-123.046241,Y,MAY,N,DELTA,DELTA,DELTA,Y,N,N,LOWER MAINLAND,64 ST # 004681 TO 004749,64 ST,64 ST,15:00-17:59,1,0
N,PROPERTY DAMAGE ONLY,\N,N,2021,MONDAY,UNDETERMINED,N,N,49.092097,-123.068461,Y,MAY,N,DELTA,DELTA,DELTA,Y,Y,N,LOWER MAINLAND,55B ST # 004880 TO 004928,55B ST,55B ST,15:00-17:59,1,0
N,PROPERTY DAMAGE ONLY,\N,N,2021,MONDAY,UNDETERMINED,N,N,49.093705,-122.656446,Y,MAY,N,LANGLEY,LANGLEY,LANGLEY,Y,N,N,LOWER MAINLAND,204 ST # 005000 TO 005099,204 ST,204 ST,15:00-17:59,1,0
N,PROPERTY DAMAGE ONLY,\N,N,2021,MONDAY,UNDETERMINED,N,N,49.107556,-121.976744,Y,MAY,N,CHILLIWACK,CHILLIWACK,CHILLIWACK,Y,Y,N,LOWER MAINLAND,TYSON RD # 005781 TO 005839 odd,TYSON RD,TYSON RD,15:00-17:59,1,0
N,PROPERTY DAMAGE ONLY,\N,N,2021,MONDAY,UNDETERMINED,N,N,49.11305,-122.815002,Y,MAY,N,SURREY,SURREY,SURREY,Y,Y,N,LOWER MAINLAND,147 ST # 006050 TO 006077,147 ST,147 ST,15:00-17:59,1,0
N,PROPERTY DAMAGE ONLY,\N,N,2021,MONDAY,UNDETERMINED,N,N,49.118801,-121.976263,Y,MAY,N,CHILLIWACK,CHILLIWACK,CHILLIWACK,N,N,N,LOWER MAINLAND,TYSON RD # 006400 TO 006449,TYSON RD,TYSON RD,15:00-17:59,1,0
N,PROPERTY DAMAGE ONLY,\N,N,2021,MONDAY,UNDETERMINED,N,N,49.123623,-122.688099,Y,MAY,N,SURREY,SURREY,SURREY,Y,N,N,LOWER MAINLAND,66 AVE # 019300 TO 019349,66 AVE,66 AVE,15:00-17:59,1,0
N,PROPERTY DAMAGE ONLY,\N,N,2021,MONDAY,UNDETERMINED,N,N,49.124769,-122.704243,Y,MAY,N,SURREY,SURREY,SURREY,Y,Y,N,LOWER MAINLAND,FRASER HWY # 018680 TO 018718 even,FRASER HWY,FRASER HWY,15:00-17:59,1,0
N,PROPERTY DAMAGE ONLY,\N,N,2021,MONDAY,UNDETERMINED,N,N,49.12878,-122.810944,Y,MAY,N,SURREY,SURREY,SURREY,Y,N,N,LOWER MAINLAND,148A ST # 006900 TO 006949,148A ST,148A ST,15:00-17:59,1,0
N,PROPERTY DAMAGE ONLY,\N,N,2021,MONDAY,UNDETERMINED,N,N,49.133526,-122.700126,Y,MAY,N,SURREY,SURREY,SURREY,Y,N,N,LOWER MAINLAND,72 AVE # 018800 TO 018899,72 AVE,72 AVE,15:00-17:59,1,0
N,PROPERTY DAMAGE ONLY,\N,N,2021,MONDAY,UNDETERMINED,N,N,49.137841,-123.104339,Y,MAY,N,RICHMOND,RICHMOND,RICHMOND,Y,Y,N,LOWER MAINLAND,AINTREE CRES # 010540 TO 010899,AINTREE CRES,AINTREE CRES,15:00-17:59,1,0
N,PROPERTY DAMAGE ONLY,\N,N,2021,MONDAY,UNDETERMINED,N,N,49.145315,-122.639119,Y,MAY,N,LANGLEY,LANGLEY,LANGLEY,Y,N,N,LOWER MAINLAND,78B AVE # 021021 TO 021099,78B AVE,78B AVE,15:00-17:59,1,0
N,PROPERTY DAMAGE ONLY,\N,N,2021,MONDAY,UNDETERMINED,N,N,49.151861,-121.977356,Y,MAY,N,CHILLIWACK,CHILLIWACK,CHILLIWACK,Y,N,N,LOWER MAINLAND,EAGLE LANDING PKY # 008208 TO 008261,EAGLE LANDING PKY,EAGLE LANDING PKY,15:00-17:59,1,0
N,PROPERTY DAMAGE ONLY,\N,N,2021,MONDAY,UNDETERMINED,N,N,49.152801,-122.867944,Y,MAY,N,SURREY,SURREY,SURREY,Y,Y,N,LOWER MAINLAND,128 ST # 008100 TO 008398 even,128 ST,128 ST,15:00-17:59,1,0
N,PROPERTY DAMAGE ONLY,\N,N,2021,MONDAY,UNDETERMINED,N,N,49.155466,-123.123947,Y,MAY,N,RICHMOND,RICHMOND,RICHMOND,Y,Y,N,LOWER MAINLAND,BLUNDELL RD # 009000 TO 009159,BLUNDELL RD,BLUNDELL RD,15:00-17:59,1,0
N,PROPERTY DAMAGE ONLY,\N,N,2021,MONDAY,UNDETERMINED,N,N,49.173479,-122.800351,Y,MAY,N,SURREY,SURREY,SURREY,Y,N,N,LOWER MAINLAND,94 AVE # 015200 TO 015249,94 AVE,94 AVE,15:00-17:59,1,0
N,PROPERTY DAMAGE ONLY,\N,N,2021,MONDAY,UNDETERMINED,N,N,49.174658,-123.136677,Y,MAY,N,RICHMOND,RICHMOND,RICHMOND,Y,Y,N,LOWER MAINLAND,NO 3 RD # 005300 TO 005498 even,NO 3 RD,NO 3 RD,15:00-17:59,1,0
N,PROPERTY DAMAGE ONLY,\N,N,2021,MONDAY,UNDETERMINED,N,N,49.181301,-123.136662,Y,MAY,N,RICHMOND,RICHMOND,RICHMOND,N,Y,N,LOWER MAINLAND,NO 3 RD # 004201 TO 004679 odd,NO 3 RD,NO 3 RD,15:00-17:59,1,0
N,PROPERTY DAMAGE ONLY,\N,N,2021,MONDAY,UNDETERMINED,N,N,49.184407,-122.88531,Y,MAY,N,SURREY,SURREY,SURREY,Y,N,N,LOWER MAINLAND,100 AVE # 012150 TO 012189,100 AVE,100 AVE,15:00-17:59,1,0
N,PROPERTY DAMAGE ONLY,\N,N,2021,MONDAY,UNDETERMINED,N,N,49.189524,-122.802338,Y,MAY,N,SURREY,SURREY,SURREY,Y,Y,N,LOWER MAINLAND,GUILDFORD TOWN CENTRE # 001000 TO 003099,GUILDFORD TOWN CENTRE,GUILDFORD TOWN CENTRE,15:00-17:59,1,0
N,PROPERTY DAMAGE ONLY,\N,N,2021,MONDAY,UNDETERMINED,N,N,49.189578,-122.847699,Y,MAY,N,SURREY,SURREY,SURREY,Y,Y,N,LOWER MAINLAND,CITY PKY # 010260 TO 010302,CITY PKY,CITY PKY,15:00-17:59,1,0
N,PROPERTY DAMAGE ONLY,\N,N,2021,MONDAY,UNDETERMINED,N,N,49.204784,-124.003658,Y,MAY,N,NANAIMO,NANAIMO,NANAIMO,Y,Y,N,VANCOUVER ISLAND,ISLAND HWY N # 003162 TO 003220 even,ISLAND HWY N,ISLAND HWY N,15:00-17:59,1,0
N,PROPERTY DAMAGE ONLY,\N,N,2021,MONDAY,UNDETERMINED,N,N,49.21225,-124.016911,Y,MAY,N,NANAIMO,NANAIMO,NANAIMO,Y,Y,N,VANCOUVER ISLAND,FERNTREE PL # 000200 TO 000249,FERNTREE PL,FERNTREE PL,15:00-17:59,1,0
N,PROPERTY DAMAGE ONLY,\N,N,2021,MONDAY,UNDETERMINED,N,N,49.218431,-122.95845,Y,MAY,N,BURNABY,BURNABY,BURNABY,Y,Y,N,LOWER MAINLAND,KINGSWAY # 007000 TO 007099,KINGSWAY,KINGSWAY,15:00-17:59,1,0
N,PROPERTY DAMAGE ONLY,\N,N,2021,MONDAY,UNDETERMINED,N,N,49.218654,-122.596303,Y,MAY,N,MAPLE RIDGE,MAPLE RIDGE,MAPLE RIDGE,Y,Y,N,LOWER MAINLAND,226 ST # 011884 TO 011919,226 ST,226 ST,15:00-17:59,1,0
N,PROPERTY DAMAGE ONLY,\N,N,2021,MONDAY,UNDETERMINED,N,N,49.218716,-123.041366,Y,MAY,N,VANCOUVER,VANCOUVER,VANCOUVER,Y,Y,N,LOWER MAINLAND,KERR ST # 007100 TO 007185,KERR ST,KERR ST,15:00-17:59,1,0
N,PROPERTY DAMAGE ONLY,\N,N,2021,MONDAY,UNDETERMINED,N,N,49.219387,-123.142323,Y,MAY,N,VANCOUVER,VANCOUVER,VANCOUVER,Y,N,N,LOWER MAINLAND,W 57TH AVE # 001520 TO 001599,W 57TH AVE,W 57TH AVE,15:00-17:59,1,0
N,PROPERTY DAMAGE ONLY,\N,N,2021,MONDAY,UNDETERMINED,N,N,49.22251,-122.921665,Y,MAY,N,BURNABY,BURNABY,BURNABY,N,N,N,LOWER MAINLAND,2ND ST # 007876 TO 007899,2ND ST,2ND ST,15:00-17:59,1,0
N,PROPERTY DAMAGE ONLY,\N,N,2021,MONDAY,UNDETERMINED,N,N,49.222938,-122.912555,Y,MAY,N,NEW WESTMINSTER,NEW WESTMINSTER,NEW WESTMINSTER,Y,Y,N,LOWER MAINLAND,MCBRIDE BLVD # 000801 TO 000839 odd,MCBRIDE BLVD,MCBRIDE BLVD,15:00-17:59,1,0
N,PROPERTY DAMAGE ONLY,\N,N,2021,MONDAY,UNDETERMINED,N,N,49.224296,-122.986742,Y,MAY,N,BURNABY,BURNABY,BURNABY,Y,Y,N,LOWER MAINLAND,KINGSWAY # 005200 TO 005526,KINGSWAY,KINGSWAY,15:00-17:59,1,0
N,PROPERTY DAMAGE ONLY,\N,N,2021,MONDAY,UNDETERMINED,N,N,49.224797,-123.053556,Y,MAY,N,VANCOUVER,VANCOUVER,VANCOUVER,Y,Y,N,LOWER MAINLAND,E 49TH AVE # 002600 TO 002698,E 49TH AVE,E 49TH AVE,15:00-17:59,1,0
N,PROPERTY DAMAGE ONLY,\N,N,2021,MONDAY,UNDETERMINED,N,N,49.234002,-123.079765,Y,MAY,N,VANCOUVER,VANCOUVER,VANCOUVER,Y,N,N,LOWER MAINLAND,INVERNESS ST # 005500 TO 005659,INVERNESS ST,INVERNESS ST,15:00-17:59,1,0
N,PROPERTY DAMAGE ONLY,\N,N,2021,MONDAY,UNDETERMINED,N,N,49.235509,-123.017356,Y,MAY,N,BURNABY,BURNABY,BURNABY,Y,Y,N,LOWER MAINLAND,BOND ST # 003924 TO 003971,BOND ST,BOND ST,15:00-17:59,1,0
N,PROPERTY DAMAGE ONLY,\N,N,2021,MONDAY,UNDETERMINED,N,N,49.24671,-123.058342,Y,MAY,N,VANCOUVER,VANCOUVER,VANCOUVER,N,N,N,LOWER MAINLAND,E 27TH AVE # 002304 TO 002339,E 27TH AVE,E 27TH AVE,15:00-17:59,1,0
N,PROPERTY DAMAGE ONLY,\N,N,2021,MONDAY,UNDETERMINED,N,N,49.251719,-122.918981,Y,MAY,N,BURNABY,BURNABY,BURNABY,Y,Y,N,LOWER MAINLAND,BRIGHTON AVE # 003400 TO 003599,BRIGHTON AVE,BRIGHTON AVE,15:00-17:59,1,0
N,PROPERTY DAMAGE ONLY,\N,N,2021,MONDAY,UNDETERMINED,N,N,49.254751,-122.846459,Y,MAY,N,COQUITLAM,COQUITLAM,COQUITLAM,Y,Y,N,LOWER MAINLAND,POIRIER ST # 000600 TO 000645,POIRIER ST,POIRIER ST,15:00-17:59,1,0
N,PROPERTY DAMAGE ONLY,\N,N,2021,MONDAY,UNDETERMINED,N,N,49.257293,-123.021233,Y,MAY,N,BURNABY,BURNABY,BURNABY,Y,Y,N,LOWER MAINLAND,MANOR ST # 003750 TO 003773,MANOR ST,MANOR ST,15:00-17:59,1,0
N,PROPERTY DAMAGE ONLY,\N,N,2021,MONDAY,UNDETERMINED,N,N,49.257738,-123.067913,Y,MAY,N,VANCOUVER,VANCOUVER,VANCOUVER,Y,N,N,LOWER MAINLAND,E 14TH AVE # 001734 TO 001865,E 14TH AVE,E 14TH AVE,15:00-17:59,1,0
N,PROPERTY DAMAGE ONLY,\N,N,2021,MONDAY,UNDETERMINED,N,N,49.258119,-123.037802,Y,MAY,N,VANCOUVER,VANCOUVER,VANCOUVER,Y,Y,N,LOWER MAINLAND,GRANDVIEW HWY # 003100 TO 003199,GRANDVIEW HWY,GRANDVIEW HWY,15:00-17:59,1,0
N,PROPERTY DAMAGE ONLY,\N,N,2021,MONDAY,UNDETERMINED,N,N,49.258817,-122.849264,Y,MAY,N,COQUITLAM,COQUITLAM,COQUITLAM,Y,N,N,LOWER MAINLAND,MILFORD AVE # 001500 TO 001699,MILFORD AVE,MILFORD AVE,15:00-17:59,1,0
N,PROPERTY DAMAGE ONLY,\N,N,2021,MONDAY,UNDETERMINED,N,N,49.261096,-123.062052,Y,MAY,N,VANCOUVER,VANCOUVER,VANCOUVER,Y,N,N,LOWER MAINLAND,LAKEWOOD DR # 002600 TO 002661,LAKEWOOD DR,LAKEWOOD DR,15:00-17:59,1,0
N,PROPERTY DAMAGE ONLY,\N,N,2021,MONDAY,UNDETERMINED,N,N,49.263932,-123.113827,Y,MAY,N,VANCOUVER,VANCOUVER,VANCOUVER,Y,Y,N,LOWER MAINLAND,W 8TH AVE # 000400 TO 000499,W 8TH AVE,W 8TH AVE,15:00-17:59,1,0
N,PROPERTY DAMAGE ONLY,\N,N,2021,MONDAY,UNDETERMINED,N,N,49.266165,-124.785984,Y,MAY,N,PORT ALBERNI,PORT ALBERNI,PORT ALBERNI,Y,Y,N,VANCOUVER ISLAND,JOHNSTON RD # 003523 TO 003573 odd,JOHNSTON RD,JOHNSTON RD,15:00-17:59,1,0
N,PROPERTY DAMAGE ONLY,\N,N,2021,MONDAY,UNDETERMINED,N,N,49.26662,-123.077409,Y,MAY,N,VANCOUVER,VANCOUVER,VANCOUVER,Y,Y,N,LOWER MAINLAND,CLARK DR # 002000 TO 002084,CLARK DR,CLARK DR,15:00-17:59,1,0
N,PROPERTY DAMAGE ONLY,\N,N,2021,MONDAY,UNDETERMINED,N,N,49.268276,-122.890481,Y,MAY,N,COQUITLAM,COQUITLAM,COQUITLAM,Y,Y,N,LOWER MAINLAND,THOMPSON AVE # 000550 TO 000563,THOMPSON AVE,THOMPSON AVE,15:00-17:59,1,0
N,PROPERTY DAMAGE ONLY,\N,N,2021,MONDAY,UNDETERMINED,N,N,49.268481,-123.045597,Y,MAY,N,VANCOUVER,VANCOUVER,VANCOUVER,Y,Y,N,LOWER MAINLAND,E 2ND AVE # 002800 TO 002899,E 2ND AVE,E 2ND AVE,15:00-17:59,1,0
N,PROPERTY DAMAGE ONLY,\N,N,2021,MONDAY,UNDETERMINED,N,N,49.278757,-123.083196,Y,MAY,N,VANCOUVER,VANCOUVER,VANCOUVER,N,Y,N,LOWER MAINLAND,RAYMUR AVE # 000500 TO 000799,RAYMUR AVE,RAYMUR AVE,15:00-17:59,1,0
N,PROPERTY DAMAGE ONLY,\N,N,2021,MONDAY,UNDETERMINED,N,N,49.281502,-123.121638,Y,MAY,N,VANCOUVER,VANCOUVER,VANCOUVER,Y,Y,N,LOWER MAINLAND,HOWE ST # 000800 TO 000899,HOWE ST,HOWE ST,15:00-17:59,1,0
N,PROPERTY DAMAGE ONLY,\N,N,2021,MONDAY,UNDETERMINED,N,N,49.281592,-123.135234,Y,MAY,N,VANCOUVER,VANCOUVER,VANCOUVER,Y,Y,N,LOWER MAINLAND,BURNABY ST # 001200 TO 001299,BURNABY ST,BURNABY ST,15:00-17:59,1,0
N,PROPERTY DAMAGE ONLY,\N,N,2021,MONDAY,UNDETERMINED,N,N,49.282547,-123.136702,Y,MAY,N,VANCOUVER,VANCOUVER,VANCOUVER,N,N,N,LOWER MAINLAND,BURNABY ST # 001300 TO 001399,BURNABY ST,BURNABY ST,15:00-17:59,1,0
N,PROPERTY DAMAGE ONLY,\N,N,2021,MONDAY,UNDETERMINED,N,N,49.282818,-122.954067,Y,MAY,N,BURNABY,BURNABY,BURNABY,Y,N,N,LOWER MAINLAND,BARNET RD # 007177 TO 007199,BARNET RD,BARNET RD,15:00-17:59,1,0
N,PROPERTY DAMAGE ONLY,\N,N,2021,MONDAY,UNDETERMINED,N,N,49.283951,-123.086084,Y,MAY,N,VANCOUVER,VANCOUVER,VANCOUVER,Y,Y,N,LOWER MAINLAND,CENTENNIAL RD # 000750 TO 000905,CENTENNIAL RD,CENTENNIAL RD,15:00-17:59,1,0
N,PROPERTY DAMAGE ONLY,\N,N,2021,MONDAY,UNDETERMINED,N,N,49.286967,-122.819803,Y,MAY,N,COQUITLAM,COQUITLAM,COQUITLAM,Y,N,N,LOWER MAINLAND,PEREGRINE PL # 002549 TO 002552,PEREGRINE PL,PEREGRINE PL,15:00-17:59,1,0
N,PROPERTY DAMAGE ONLY,\N,N,2021,MONDAY,UNDETERMINED,N,N,49.296167,-117.654121,Y,MAY,N,CASTLEGAR,CASTLEGAR,CASTLEGAR,Y,Y,N,SOUTHERN INTERIOR,COLUMBIA AVE # 001931 TO 001999 odd,COLUMBIA AVE,COLUMBIA AVE,15:00-17:59,1,0
N,PROPERTY DAMAGE ONLY,\N,N,2021,MONDAY,UNDETERMINED,N,N,49.298685,-122.824751,Y,MAY,N,PORT MOODY,PORT MOODY,PORT MOODY,Y,N,N,LOWER MAINLAND,ALDER DR # 000001 TO 000050,ALDER DR,ALDER DR,15:00-17:59,1,0
N,PROPERTY DAMAGE ONLY,\N,N,2021,MONDAY,UNDETERMINED,N,N,49.316079,-123.096649,Y,MAY,N,NORTH VANCOUVER,NORTH VANCOUVER,NORTH VANCOUVER,Y,Y,N,LOWER MAINLAND,AUTOMALL DR # 000800 TO 000807,AUTOMALL DR,AUTOMALL DR,15:00-17:59,1,0
N,PROPERTY DAMAGE ONLY,\N,N,2021,MONDAY,UNDETERMINED,N,N,49.325809,-123.139912,Y,MAY,N,WEST VANCOUVER,WEST VANCOUVER,WEST VANCOUVER,Y,Y,N,LOWER MAINLAND,PARK ROYAL SOUTH # 001131 TO 003000,PARK ROYAL SOUTH,PARK ROYAL SOUTH,15:00-17:59,2,0
N,PROPERTY DAMAGE ONLY,\N,N,2021,MONDAY,UNDETERMINED,N,N,49.344625,-123.210004,Y,MAY,N,WEST VANCOUVER,WEST VANCOUVER,WEST VANCOUVER,Y,N,N,LOWER MAINLAND,CRAIGEND # 003300 TO 003399,CRAIGEND,CRAIGEND,15:00-17:59,1,0
N,PROPERTY DAMAGE ONLY,\N,N,2021,MONDAY,UNDETERMINED,N,N,49.348272,-124.443986,Y,MAY,N,QUALICUM BEACH,QUALICUM BEACH,QUALICUM BEACH,N,N,N,VANCOUVER ISLAND,FIRST AVE W # 000114 TO 000129,FIRST AVE W,FIRST AVE W,15:00-17:59,1,0
N,PROPERTY DAMAGE ONLY,\N,N,2021,MONDAY,UNDETERMINED,N,N,49.4876,-117.301229,Y,MAY,N,NELSON,NELSON,NELSON,N,N,N,SOUTHERN INTERIOR,GOVERNMENT RD # 000028 TO 000102,GOVERNMENT RD,GOVERNMENT RD,15:00-17:59,1,0
N,PROPERTY DAMAGE ONLY,\N,N,2021,MONDAY,UNDETERMINED,N,N,49.596722,-119.69109,Y,MAY,N,SUMMERLAND,SUMMERLAND,SUMMERLAND,Y,Y,N,SOUTHERN INTERIOR,GRANT AVE # 011800 TO 012001,GRANT AVE,GRANT AVE,15:00-17:59,1,0
N,PROPERTY DAMAGE ONLY,\N,N,2021,MONDAY,UNDETERMINED,N,N,49.701091,-124.989268,Y,MAY,N,COURTENAY,COURTENAY,COURTENAY,Y,N,N,VANCOUVER ISLAND,BRAIDWOOD RD # 000750 TO 000928,BRAIDWOOD RD,BRAIDWOOD RD,15:00-17:59,1,0
N,PROPERTY DAMAGE ONLY,\N,N,2021,MONDAY,UNDETERMINED,N,N,49.862198,-119.613036,Y,MAY,N,WEST KELOWNA,WEST KELOWNA,WEST KELOWNA,Y,Y,N,SOUTHERN INTERIOR,SHANNON LAKE RD # 002640 TO 002649,SHANNON LAKE RD,SHANNON LAKE RD,15:00-17:59,1,0
N,PROPERTY DAMAGE ONLY,\N,N,2021,MONDAY,UNDETERMINED,N,N,49.876255,-119.440124,Y,MAY,N,KELOWNA,KELOWNA,KELOWNA,Y,Y,N,SOUTHERN INTERIOR,BENVOULIN CRT # 002031 TO 002179,BENVOULIN CRT,BENVOULIN CRT,15:00-17:59,1,0
N,PROPERTY DAMAGE ONLY,\N,N,2021,MONDAY,UNDETERMINED,N,N,49.877167,-119.440213,Y,MAY,N,KELOWNA,KELOWNA,KELOWNA,Y,Y,N,SOUTHERN INTERIOR,SPRINGFIELD RD # 002151 TO 002193 odd,SPRINGFIELD RD,SPRINGFIELD RD,15:00-17:59,1,0
N,PROPERTY DAMAGE ONLY,\N,N,2021,MONDAY,UNDETERMINED,N,N,49.880408,-119.443447,Y,MAY,N,KELOWNA,KELOWNA,KELOWNA,Y,Y,N,SOUTHERN INTERIOR,COOPER RD # 001850 TO 001898 even,COOPER RD,COOPER RD,15:00-17:59,1,0
N,PROPERTY DAMAGE ONLY,\N,N,2021,MONDAY,UNDETERMINED,N,N,49.881803,-119.439105,Y,MAY,N,KELOWNA,KELOWNA,KELOWNA,Y,Y,N,SOUTHERN INTERIOR,HARVEY AVE # 002121 TO 002279 odd,HARVEY AVE,HARVEY AVE,15:00-17:59,1,0
N,PROPERTY DAMAGE ONLY,\N,N,2021,MONDAY,UNDETERMINED,N,N,49.890744,-119.496612,Y,MAY,N,KELOWNA,KELOWNA,KELOWNA,Y,Y,N,SOUTHERN INTERIOR,WATER ST # 001310 TO 001359,WATER ST,WATER ST,15:00-17:59,1,0
N,PROPERTY DAMAGE ONLY,\N,N,2021,MONDAY,UNDETERMINED,N,N,49.894452,-119.418914,Y,MAY,N,KELOWNA,KELOWNA,KELOWNA,N,Y,N,SOUTHERN INTERIOR,ENTERPRISE WAY # 002632 TO 002657,ENTERPRISE WAY,ENTERPRISE WAY,15:00-17:59,1,0
N,PROPERTY DAMAGE ONLY,\N,N,2021,MONDAY,UNDETERMINED,N,N,49.912971,-119.3981,Y,MAY,N,KELOWNA,KELOWNA,KELOWNA,Y,N,N,SOUTHERN INTERIOR,LOYD RD # 000340 TO 000359,LOYD RD,LOYD RD,15:00-17:59,1,0
N,PROPERTY DAMAGE ONLY,\N,N,2021,MONDAY,UNDETERMINED,N,N,49.993611,-125.236629,Y,MAY,N,CAMPBELL RIVER,CAMPBELL RIVER,CAMPBELL RIVER,Y,N,N,VANCOUVER ISLAND,NANCY GREENE DR # 000700 TO 000795,NANCY GREENE DR,NANCY GREENE DR,15:00-17:59,1,0
N,PROPERTY DAMAGE ONLY,\N,N,2021,MONDAY,UNDETERMINED,N,N,50.120348,-122.957257,Y,MAY,N,WHISTLER,WHISTLER,WHISTLER,Y,Y,N,LOWER MAINLAND,LORIMER RD # 004362 TO 004370 even,LORIMER RD,LORIMER RD,15:00-17:59,1,0
N,PROPERTY DAMAGE ONLY,\N,N,2021,MONDAY,UNDETERMINED,N,N,50.208482,-119.001532,Y,MAY,N,LUMBY,LUMBY,LUMBY,N,N,N,SOUTHERN INTERIOR,HORNER RD # 000130 TO 000201,HORNER RD,HORNER RD,15:00-17:59,1,0
N,PROPERTY DAMAGE ONLY,\N,N,2021,MONDAY,UNDETERMINED,N,N,50.263782,-119.269908,Y,MAY,N,VERNON,VERNON,VERNON,Y,N,N,SOUTHERN INTERIOR,30 AVE # 002900 TO 002999,30 AVE,30 AVE,15:00-17:59,1,0
N,PROPERTY DAMAGE ONLY,\N,N,2021,MONDAY,UNDETERMINED,N,N,50.561036,-127.030277,Y,MAY,N,PORT MCNEILL,PORT MCNEILL,PORT MCNEILL,Y,N,N,VANCOUVER ISLAND,TWIN PEAKS RD # 001700 TO 001755,TWIN PEAKS RD,TWIN PEAKS RD,15:00-17:59,1,0
N,PROPERTY DAMAGE ONLY,\N,N,2021,MONDAY,UNDETERMINED,N,N,53.884563,-122.772118,Y,MAY,N,PRINCE GEORGE,PRINCE GEORGE,PRINCE GEORGE,N,Y,N,NORTH CENTRAL,RANGE RD # 002460 TO 002599,RANGE RD,RANGE RD,15:00-17:59,1,0
N,PROPERTY DAMAGE ONLY,\N,N,2021,MONDAY,UNDETERMINED,N,N,54.511943,-128.571601,Y,MAY,N,TERRACE,TERRACE,TERRACE,Y,Y,N,NORTH CENTRAL,HWY 16 W # 004301 TO 004359,HWY 16 W,HWY 16 W,15:00-17:59,1,0
N,PROPERTY DAMAGE ONLY,\N,N,2021,MONDAY,UNDETERMINED,N,N,54.512054,-128.579151,Y,MAY,N,TERRACE,TERRACE,TERRACE,N,Y,N,NORTH CENTRAL,HWY 16 W # 004401 TO 004429 odd,YELLOWHEAD HWY,YELLOWHEAD HWY,15:00-17:59,1,0
N,PROPERTY DAMAGE ONLY,\N,N,2021,MONDAY,UNDETERMINED,N,N,55.748831,-120.237337,Y,MAY,N,DAWSON CREEK,DAWSON CREEK,DAWSON CREEK,Y,Y,N,NORTH CENTRAL,13 ST # 011100 TO 011109,13 ST,13 ST,15:00-17:59,1,0
N,PROPERTY DAMAGE ONLY,\N,N,2021,MONDAY,UNDETERMINED,N,N,56.249758,-120.847476,Y,MAY,N,FORT ST. JOHN,FORT ST. JOHN,FORT ST. JOHN,Y,Y,N,NORTH CENTRAL,100 ST # 010300 TO 010399,100 ST,100 ST,15:00-17:59,1,0
N,PROPERTY DAMAGE ONLY,\N,N,2021,MONDAY,UNDETERMINED,Y,N,\N,\N,N,MAY,N,GRAND FORKS,GRAND FORKS,\N,N,N,N,SOUTHERN INTERIOR,UNKNOWN,GRANBY RD,GRANBY RD,15:00-17:59,1,0
N,PROPERTY DAMAGE ONLY,\N,N,2021,MONDAY,UNDETERMINED,Y,N,49.014888,-122.271803,Y,MAY,N,ABBOTSFORD,ABBOTSFORD,ABBOTSFORD,Y,N,N,LOWER MAINLAND,RIVERSIDE RD # 000650 TO 000739,RIVERSIDE RD,RIVERSIDE RD,15:00-17:59,1,0
N,PROPERTY DAMAGE ONLY,\N,N,2021,MONDAY,UNDETERMINED,Y,N,49.118941,-122.664568,Y,MAY,N,LANGLEY,LANGLEY,LANGLEY,Y,N,N,LOWER MAINLAND,64 AVE # 020100 TO 020198 even,64 AVE,64 AVE,15:00-17:59,1,0
N,PROPERTY DAMAGE ONLY,\N,N,2021,MONDAY,UNDETERMINED,Y,N,49.201163,-122.914313,Y,MAY,N,NEW WESTMINSTER,NEW WESTMINSTER,NEW WESTMINSTER,Y,N,N,LOWER MAINLAND,CARNARVON ST # 000817 TO 000899,CARNARVON ST,CARNARVON ST,15:00-17:59,1,0
N,PROPERTY DAMAGE ONLY,\N,N,2021,MONDAY,UNDETERMINED,Y,N,49.277063,-122.800243,Y,MAY,N,COQUITLAM,COQUITLAM,COQUITLAM,N,Y,N,LOWER MAINLAND,BARNET HWY # 002901 TO 002929 odd,BARNET HWY,BARNET HWY,15:00-17:59,1,0
N,PROPERTY DAMAGE ONLY,?,N,2021,MONDAY,REAR END,N,N,\N,\N,N,MAY,N,CRANBROOK,CRANBROOK,\N,Y,Y,N,SOUTHERN INTERIOR,UNKNOWN,HWY 95,HWY 95,15:00-17:59,1,0
N,PROPERTY DAMAGE ONLY,100 AVE,N,2021,MONDAY,SINGLE VEHICLE,N,Y,49.184272,-122.845453,N,MAY,N,SURREY,SURREY,SURREY,N,N,N,LOWER MAINLAND,100 AVE & KING GEORGE BLVD & OLD YALE RD,KING GEORGE HWY,KING GEORGE HWY,15:00-17:59,1,0
N,PROPERTY DAMAGE ONLY,101 AVE,N,2021,MONDAY,REAR TO REAR,N,Y,49.186146,-122.800941,N,MAY,N,SURREY,SURREY,SURREY,N,Y,N,LOWER MAINLAND,101 AVE & 152 ST,152 ST,152 ST,15:00-17:59,1,0
N,PROPERTY DAMAGE ONLY,103 AVE,N,2021,MONDAY,REAR END,N,Y,49.189345,-122.778518,N,MAY,N,SURREY,SURREY,SURREY,N,N,N,LOWER MAINLAND,103 AVE & 160 ST,160 ST,160 ST,15:00-17:59,1,0
N,PROPERTY DAMAGE ONLY,104 AVE,N,2021,MONDAY,REAR END,N,Y,49.192103,-122.777815,N,MAY,N,SURREY,SURREY,SURREY,N,N,N,LOWER MAINLAND,104 AVE & 104 AVE OFFRAMP & 104 AVE ONRAMP & 104 AVENUE FLYOVER & 160 ST & 160 ST ONRAMP & 164 ST & 164 ST OFFRAMP & HWY 1 ONRAMP & TRANS-CANADA HWY & EMERGENCY LANE & TURNING LANE,160 ST,160 ST,15:00-17:59,1,0
N,PROPERTY DAMAGE ONLY,105 AVE,N,2021,MONDAY,OVERTAKING,N,Y,49.19306,-122.812461,N,MAY,N,SURREY,SURREY,SURREY,N,N,N,LOWER MAINLAND,105 AVE & 148 ST,148 ST,148 ST,15:00-17:59,1,0
N,PROPERTY DAMAGE ONLY,108 AVE,N,2021,MONDAY,CONFLICTED,N,Y,49.198845,-122.834162,N,MAY,N,SURREY,SURREY,SURREY,N,N,N,LOWER MAINLAND,108 AVE & 140 ST,140 ST,140 ST,15:00-17:59,1,0
N,PROPERTY DAMAGE ONLY,108 AVE,N,2021,MONDAY,SIDE IMPACT,N,Y,49.198735,-122.812538,N,MAY,N,SURREY,SURREY,SURREY,N,N,N,LOWER MAINLAND,108 AVE & 148 ST,148 ST,148 ST,15:00-17:59,1,0
N,PROPERTY DAMAGE ONLY,10TH AVE,N,2021,MONDAY,SIDE IMPACT,N,Y,49.216882,-122.931469,N,MAY,N,BURNABY,BURNABY,BURNABY & NEW WESTMINSTER,N,N,N,LOWER MAINLAND,10TH AVE & CANADA WAY & EIGHTH ST & TENTH AVE,CANADA WAY,CANADA WAY,15:00-17:59,1,0
N,PROPERTY DAMAGE ONLY,12 AVE,N,2021,MONDAY,SIDE IMPACT,N,Y,49.024694,-123.068667,N,MAY,N,DELTA,DELTA,DELTA,N,N,N,LOWER MAINLAND,12 AVE & 56 ST,56 ST,56 ST,15:00-17:59,1,0
N,PROPERTY DAMAGE ONLY,128 ST,N,2021,MONDAY,REAR END,N,Y,49.108112,-122.867838,N,MAY,N,SURREY,SURREY,SURREY,N,N,N,LOWER MAINLAND,128 ST & 58 AVE,HWY 10,HWY 10,15:00-17:59,1,0
N,PROPERTY DAMAGE ONLY,138 ST,N,2021,MONDAY,SIDE IMPACT,N,Y,49.126435,-122.841571,N,MAY,N,SURREY,SURREY,SURREY,N,N,N,LOWER MAINLAND,137A ST & 138 ST & 68 AVE & HYLAND RD,68 AVE,68 AVE,15:00-17:59,1,0
N,PROPERTY DAMAGE ONLY,142 ST,N,2021,MONDAY,REAR END,N,Y,49.133679,-122.82893,N,MAY,N,SURREY,SURREY,SURREY,N,N,N,LOWER MAINLAND,142 ST & 72 AVE,72 AVE,72 AVE,15:00-17:59,1,0
N,PROPERTY DAMAGE ONLY,14TH AVE,N,2021,MONDAY,UNDETERMINED,N,Y,50.028972,-125.268456,N,MAY,N,CAMPBELL RIVER,CAMPBELL RIVER,CAMPBELL RIVER,Y,Y,N,VANCOUVER ISLAND,14TH AVE & REDWOOD ST,REDWOOD ST,REDWOOD ST,15:00-17:59,1,0
N,PROPERTY DAMAGE ONLY,156 ST,N,2021,MONDAY,SIDE IMPACT,N,Y,49.176901,-122.790013,N,MAY,N,SURREY,SURREY,SURREY,Y,Y,N,LOWER MAINLAND,156 ST & 96 AVE,96 AVE,96 AVE,15:00-17:59,1,0
N,PROPERTY DAMAGE ONLY,15TH ST,N,2021,MONDAY,SIDE IMPACT,N,Y,49.334552,-123.156972,N,MAY,N,WEST VANCOUVER,WEST VANCOUVER,WEST VANCOUVER,N,Y,N,LOWER MAINLAND,15TH ST & INGLEWOOD AVE,INGLEWOOD AVE,INGLEWOOD AVE,15:00-17:59,1,0
N,PROPERTY DAMAGE ONLY,16 AVE,N,2021,MONDAY,SINGLE VEHICLE,N,Y,50.253503,-119.289782,N,MAY,N,VERNON,VERNON,VERNON,N,N,N,SOUTHERN INTERIOR,15 CRES & 16 AVE,15 CRES,15 CRES,15:00-17:59,1,0
N,PROPERTY DAMAGE ONLY,16 AVE,N,2021,MONDAY,UNDETERMINED,N,Y,49.031121,-122.801198,N,MAY,N,SURREY,SURREY,SURREY & WHITE ROCK,Y,Y,N,LOWER MAINLAND,152 ST & 16 AVE & JOHNSTON RD & NORTH BLUFF RD,152 ST,152 ST,15:00-17:59,1,0
N,PROPERTY DAMAGE ONLY,17 TH ST,N,2021,MONDAY,SINGLE VEHICLE,N,N,\N,\N,N,MAY,N,NORTH VANCOUVER,NORTH VANCOUVER,\N,N,N,N,LOWER MAINLAND,UNKNOWN,LONSDALE AVE,LONSDALE AVE,15:00-17:59,1,0
N,PROPERTY DAMAGE ONLY,17TH ST,Y,2021,MONDAY,SINGLE VEHICLE,N,Y,49.679111,-124.999309,N,MAY,N,COURTENAY,COURTENAY,COURTENAY,N,N,Y,VANCOUVER ISLAND,17TH ST & PIERCY AVE,PIERCY AVE,PIERCY AVE,15:00-17:59,1,0
N,PROPERTY DAMAGE ONLY,184 ST,N,2021,MONDAY,REAR TO REAR,N,Y,49.118731,-122.71259,N,MAY,N,SURREY,SURREY,SURREY,Y,Y,N,LOWER MAINLAND,184 ST & 64 AVE,64 AVE,64 AVE,15:00-17:59,1,0
N,PROPERTY DAMAGE ONLY,196 ST,N,2021,MONDAY,SIDE IMPACT,N,Y,49.111237,-122.680001,N,MAY,N,LANGLEY,LANGLEY,LANGLEY & SURREY,Y,Y,N,LOWER MAINLAND,196 ST & 60 AVE,60 AVE,60 AVE,15:00-17:59,1,0
N,PROPERTY DAMAGE ONLY,1ST AVE,N,2021,MONDAY,SIDE SWIPE - SAME DIRECTION,N,Y,50.676609,-120.338988,N,MAY,N,KAMLOOPS,KAMLOOPS,KAMLOOPS,N,N,N,SOUTHERN INTERIOR,1ST AVE & LANSDOWNE ST & LORNE ST & VICTORIA ST W,VICTORIA ST W,VICTORIA ST W,15:00-17:59,1,0
N,PROPERTY DAMAGE ONLY,200 ST,N,2021,MONDAY,REAR END,N,Y,49.164209,-122.668857,N,MAY,N,LANGLEY,LANGLEY,LANGLEY,N,N,N,LOWER MAINLAND,200 ST & 200 ST OFFRAMP & 88 AVE & 88 AVE ONRAMP & HWY 1 ONRAMP & TRANS-CANADA HWY,88 AVE,88 AVE,15:00-17:59,1,0
N,PROPERTY DAMAGE ONLY,200 ST,N,2021,MONDAY,REAR END,N,Y,49.170846,-122.668069,N,MAY,N,LANGLEY,LANGLEY,LANGLEY,N,N,N,LOWER MAINLAND,200 ST & 92A AVE & TURNING LANE,92A AVE,92A AVE,15:00-17:59,1,0
N,PROPERTY DAMAGE ONLY,200 ST,N,2021,MONDAY,REAR END,N,Y,49.176959,-122.669433,N,MAY,N,LANGLEY,LANGLEY,LANGLEY,N,N,N,LOWER MAINLAND,199A ST & 200 ST & 96 AVE,96 AVE,96 AVE,15:00-17:59,1,0
N,PROPERTY DAMAGE ONLY,200 ST,N,2021,MONDAY,SIDE SWIPE - SAME DIRECTION,N,Y,49.118995,-122.668532,N,MAY,N,LANGLEY,LANGLEY,LANGLEY,N,N,N,LOWER MAINLAND,200 ST & 64 AVE,64 AVE,64 AVE,15:00-17:59,1,0
N,PROPERTY DAMAGE ONLY,212 RD,N,2021,MONDAY,SIDE IMPACT,Y,N,\N,\N,N,MAY,N,DAWSON CREEK,DAWSON CREEK,\N,N,N,N,NORTH CENTRAL,UNKNOWN,243 RD,243 RD,15:00-17:59,1,0
N,PROPERTY DAMAGE ONLY,25 AVE,N,2021,MONDAY,REAR END,N,Y,50.260932,-119.27374,N,MAY,N,VERNON,VERNON,VERNON,N,N,N,SOUTHERN INTERIOR,25 AVE & 32 ST & MALL ACCESS & TURNING LANE,HWY 97,HWY 97,15:00-17:59,1,0
N,PROPERTY DAMAGE ONLY,264,N,2021,MONDAY,CONFLICTED,Y,N,\N,\N,N,MAY,N,LANGLEY,LANGLEY,\N,N,N,N,LOWER MAINLAND,UNKNOWN,HWY 1,HWY 1,15:00-17:59,1,0
N,PROPERTY DAMAGE ONLY,264 ST,N,2021,MONDAY,REAR END,N,Y,49.101569,-122.492803,N,MAY,N,LANGLEY,LANGLEY,LANGLEY,N,N,N,LOWER MAINLAND,264 ST & 264 ST OFFRAMP & 264 ST ONRAMP & 56 AVE & 56 AVE OFFRAMP & 56 AVE ONRAMP & TRANS-CANADA HWY & TURNING LANE,HWY 1,HWY 1,15:00-17:59,1,0
N,PROPERTY DAMAGE ONLY,264 ST ONRAMP,N,2021,MONDAY,REAR END,N,Y,49.101569,-122.492803,N,MAY,N,LANGLEY,LANGLEY,LANGLEY,N,N,N,LOWER MAINLAND,264 ST & 264 ST OFFRAMP & 264 ST ONRAMP & 56 AVE & 56 AVE OFFRAMP & 56 AVE ONRAMP & TRANS-CANADA HWY & TURNING LANE,HWY 1,HWY 1,15:00-17:59,1,0
N,PROPERTY DAMAGE ONLY,27 ST,N,2021,MONDAY,SIDE IMPACT,N,Y,50.281967,-119.266623,N,MAY,N,VERNON,VERNON,VERNON,N,N,N,SOUTHERN INTERIOR,27 ST & 48 AVE & TURNING LANE,48 AVE,48 AVE,15:00-17:59,1,0
N,PROPERTY DAMAGE ONLY,32 AVE,N,2021,MONDAY,SIDE IMPACT,N,Y,49.060142,-122.669543,N,MAY,N,LANGLEY,LANGLEY,LANGLEY,N,N,N,LOWER MAINLAND,200 ST & 32 AVE,200 ST,200 ST,15:00-17:59,1,0
N,PROPERTY DAMAGE ONLY,32 AVE,N,2021,MONDAY,SIDE SWIPE - SAME DIRECTION,Y,Y,49.060131,-122.696956,N,MAY,N,SURREY,SURREY,SURREY,N,N,N,LOWER MAINLAND,190 ST & 32 AVE,190 ST,190 ST,15:00-17:59,1,0
N,PROPERTY DAMAGE ONLY,32 AVE,N,2021,MONDAY,UNDETERMINED,N,Y,50.265316,-119.275116,N,MAY,N,VERNON,VERNON,VERNON,Y,N,N,SOUTHERN INTERIOR,32 AVE & 33 ST,33 ST,33 ST,15:00-17:59,1,0
N,PROPERTY DAMAGE ONLY,4TH ST E,N,2021,MONDAY,REAR END,N,N,\N,\N,N,MAY,N,REVELSTOKE,REVELSTOKE,\N,N,N,N,SOUTHERN INTERIOR,UNKNOWN,EDWARD ST,EDWARD ST,15:00-17:59,1,0
N,PROPERTY DAMAGE ONLY,53A ST,N,2021,MONDAY,SIDE IMPACT,Y,Y,49.018072,-123.07673,N,MAY,N,DELTA,DELTA,DELTA,N,N,N,LOWER MAINLAND,53 ST & 53A ST & 8A AVE,8A AVE,8A AVE,15:00-17:59,1,0
N,PROPERTY DAMAGE ONLY,56 AVE,N,2021,MONDAY,SIDE IMPACT,N,Y,49.104688,-122.647861,N,MAY,N,LANGLEY,LANGLEY,LANGLEY,N,N,N,LOWER MAINLAND,56 AVE & EASTLEIGH CRES,EASTLEIGH CRES,EASTLEIGH CRES,15:00-17:59,1,0
N,PROPERTY DAMAGE ONLY,60 AVE,N,2021,MONDAY,UNDETERMINED,N,Y,49.111848,-122.840279,N,MAY,N,SURREY,SURREY,SURREY,N,Y,N,LOWER MAINLAND,60 AVE & KING GEORGE BLVD & TURNING LANE,KING GEORGE BLVD,KING GEORGE BLVD,15:00-17:59,1,0
N,PROPERTY DAMAGE ONLY,62 AVE,N,2021,MONDAY,REAR END,N,Y,49.115314,-122.668295,N,MAY,N,LANGLEY,LANGLEY,LANGLEY,N,N,N,LOWER MAINLAND,200 ST & 62 AVE & TURNING LANE,200 ST,200 ST,15:00-17:59,1,0
N,PROPERTY DAMAGE ONLY,64 AVE,N,2021,MONDAY,REAR END,N,Y,49.119069,-122.801005,N,MAY,N,SURREY,SURREY,SURREY,N,N,N,LOWER MAINLAND,152 ST & 64 AVE,152 ST,152 ST,15:00-17:59,1,0
N,PROPERTY DAMAGE ONLY,64 AVE,N,2021,MONDAY,SIDE IMPACT,N,Y,49.118731,-122.71259,N,MAY,N,SURREY,SURREY,SURREY,N,N,N,LOWER MAINLAND,184 ST & 64 AVE,184 ST,184 ST,15:00-17:59,1,0
N,PROPERTY DAMAGE ONLY,64 AVE,N,2021,MONDAY,SIDE IMPACT,N,Y,49.11913,-122.812222,N,MAY,N,SURREY,SURREY,SURREY,N,N,N,LOWER MAINLAND,148 ST & 64 AVE,148 ST,148 ST,15:00-17:59,1,0
N,PROPERTY DAMAGE ONLY,64 AVE,N,2021,MONDAY,SIDE IMPACT,N,Y,49.11933,-122.890416,N,MAY,N,DELTA,DELTA,DELTA & SURREY,N,Y,N,LOWER MAINLAND,120 ST & 64 AVE,120 ST,120 ST,15:00-17:59,1,0
N,PROPERTY DAMAGE ONLY,64 AVE,N,2021,MONDAY,SIDE IMPACT,N,Y,49.119443,-122.690253,N,MAY,N,SURREY,SURREY,SURREY,N,N,N,LOWER MAINLAND,192 ST & 64 AVE,192 ST,192 ST,15:00-17:59,1,0
N,PROPERTY DAMAGE ONLY,64 AVE,N,2021,MONDAY,UNDETERMINED,N,Y,49.118995,-122.668532,N,MAY,N,LANGLEY,LANGLEY,LANGLEY,N,N,N,LOWER MAINLAND,200 ST & 64 AVE,200 ST,200 ST,15:00-17:59,1,0
N,PROPERTY DAMAGE ONLY,66 AVE,N,2021,MONDAY,SIDE IMPACT,N,Y,49.123004,-122.890373,N,MAY,N,DELTA,DELTA,DELTA & SURREY,N,N,N,LOWER MAINLAND,120 ST & 66 AVE,SCOTT RD,SCOTT RD,15:00-17:59,1,0
N,PROPERTY DAMAGE ONLY,68 AVE,N,2021,MONDAY,MULTIPLE IMPACTS,N,Y,49.126331,-122.685235,N,MAY,N,SURREY,SURREY,SURREY,Y,N,N,LOWER MAINLAND,194 ST & 68 AVE,194 ST,194 ST,15:00-17:59,1,0
N,PROPERTY DAMAGE ONLY,6TH ST,N,2021,MONDAY,CONFLICTED,N,Y,54.311584,-130.328688,N,MAY,N,PRINCE RUPERT,PRINCE RUPERT,PRINCE RUPERT,N,N,N,NORTH CENTRAL,2ND AVE W & 6TH ST,2ND AVE W,2ND AVE W,15:00-17:59,1,0
N,PROPERTY DAMAGE ONLY,6TH ST,N,2021,MONDAY,SIDE SWIPE - SAME DIRECTION,N,Y,49.220505,-122.929546,N,MAY,N,BURNABY,BURNABY,BURNABY,N,N,N,LOWER MAINLAND,12TH AVE & 6TH ST,12TH AVE,12TH AVE,15:00-17:59,1,0
N,PROPERTY DAMAGE ONLY,72 AVE,N,2021,MONDAY,REAR END,N,Y,49.133851,-122.927507,N,MAY,N,DELTA,DELTA,DELTA,N,N,N,LOWER MAINLAND,72 AVE & 72 AVE OFFRAMP & 72 AVE ONRAMP & HWY 91 & HWY 91 OFFRAMP & HWY 91 ONRAMP,HWY 91,HWY 91,15:00-17:59,1,0
N,PROPERTY DAMAGE ONLY,72 AVE,N,2021,MONDAY,UNDETERMINED,N,Y,49.13352,-122.668321,N,MAY,N,LANGLEY,LANGLEY,LANGLEY,N,N,N,LOWER MAINLAND,200 ST & 72 AVE,200 ST,200 ST,15:00-17:59,1,0
N,PROPERTY DAMAGE ONLY,72 AVE,N,2021,MONDAY,UNDETERMINED,N,Y,49.134037,-122.890359,N,MAY,N,DELTA,DELTA,DELTA & SURREY,Y,Y,N,LOWER MAINLAND,120 ST & 72 AVE,120 ST,120 ST,15:00-17:59,1,0
N,PROPERTY DAMAGE ONLY,76 AVE,N,2021,MONDAY,UNDETERMINED,N,Y,49.141025,-122.867918,N,MAY,N,SURREY,SURREY,SURREY,Y,Y,N,LOWER MAINLAND,128 ST & 76 AVE,128 ST,128 ST,15:00-17:59,1,0
N,PROPERTY DAMAGE ONLY,7TH ST,N,2021,MONDAY,REAR END,N,Y,49.205111,-119.823027,N,MAY,N,KEREMEOS,KEREMEOS,KEREMEOS,N,N,N,SOUTHERN INTERIOR,7TH AVE & 7TH ST,7TH AVE,7TH AVE,15:00-17:59,1,0
N,PROPERTY DAMAGE ONLY,82 AVE,N,2021,MONDAY,REAR END,N,Y,49.150255,-122.867964,N,MAY,N,SURREY,SURREY,SURREY,Y,Y,N,LOWER MAINLAND,128 ST & 82 AVE & TURNING LANE,128 ST,128 ST,15:00-17:59,1,0
N,PROPERTY DAMAGE ONLY,88 AVE,N,2021,MONDAY,CONFLICTED,Y,Y,49.162584,-122.868025,N,MAY,N,SURREY,SURREY,SURREY,N,N,N,LOWER MAINLAND,128 ST & 88 AVE,128 ST,128 ST,15:00-17:59,1,0
N,PROPERTY DAMAGE ONLY,88 AVE,N,2021,MONDAY,SIDE IMPACT,N,Y,49.162742,-122.845798,N,MAY,N,SURREY,SURREY,SURREY,N,Y,N,LOWER MAINLAND,88 AVE & KING GEORGE BLVD & TURNING LANE,KING GEORGE BLVD,KING GEORGE BLVD,15:00-17:59,1,0
N,PROPERTY DAMAGE ONLY,92 AVE,N,2021,MONDAY,CONFLICTED,N,Y,49.170451,-122.890265,N,MAY,N,DELTA,DELTA,DELTA & SURREY,N,N,N,LOWER MAINLAND,120 ST & 92 AVE,SCOTT RD,SCOTT RD,15:00-17:59,1,0
N,PROPERTY DAMAGE ONLY,96 AVE,N,2021,MONDAY,REAR END,N,Y,49.176537,-122.828469,N,MAY,N,SURREY,SURREY,SURREY,N,N,N,LOWER MAINLAND,96 AVE & FRASER HWY & GREEN TIMBERS GREENWAY & TURNING LANE,FRASER HWY,FRASER HWY,15:00-17:59,1,0
N,PROPERTY DAMAGE ONLY,96 AVE,N,2021,MONDAY,SIDE IMPACT,Y,Y,49.176897,-122.778867,N,MAY,N,SURREY,SURREY,SURREY,Y,Y,N,LOWER MAINLAND,160 ST & 96 AVE,160 ST,160 ST,15:00-17:59,1,0
N,PROPERTY DAMAGE ONLY,96 AVE,N,2021,MONDAY,SIDE SWIPE - SAME DIRECTION,N,Y,49.176843,-122.801039,N,MAY,N,SURREY,SURREY,SURREY,N,N,N,LOWER MAINLAND,152 ST & 96 AVE,152 ST,152 ST,15:00-17:59,1,0
N,PROPERTY DAMAGE ONLY,98 AVE,N,2021,MONDAY,REAR END,N,Y,49.181096,-122.851332,N,MAY,N,SURREY,SURREY,SURREY,N,N,N,LOWER MAINLAND,134 ST & 98 AVE,134 ST,134 ST,15:00-17:59,1,0
N,PROPERTY DAMAGE ONLY,ABBOTSFORD WAY,N,2021,MONDAY,SIDE IMPACT,N,Y,49.04097,-122.276943,N,MAY,N,ABBOTSFORD,ABBOTSFORD,ABBOTSFORD,N,N,N,LOWER MAINLAND,ABBOTSFORD WAY & SOUTH FRASER WAY & WEST RAILWAY ST,SOUTH FRASER WAY,SOUTH FRASER WAY,15:00-17:59,1,0
N,PROPERTY DAMAGE ONLY,ALBERNI ST,Y,2021,MONDAY,SINGLE VEHICLE,Y,Y,49.284014,-123.121665,N,MAY,N,VANCOUVER,VANCOUVER,VANCOUVER,N,N,N,LOWER MAINLAND,ALBERNI ST & BURRARD ST,BURRARD ST,BURRARD ST,15:00-17:59,1,0
N,PROPERTY DAMAGE ONLY,ALEX FRASER BRIDGE,N,2021,MONDAY,SIDE SWIPE - SAME DIRECTION,N,N,\N,\N,N,MAY,N,NEW WESTMINSTER,NEW WESTMINSTER,\N,N,N,N,LOWER MAINLAND,UNKNOWN,HWY 91,HWY 91,15:00-17:59,1,0
N,PROPERTY DAMAGE ONLY,ALEX FRASER BRIDGE,N,2021,MONDAY,SINGLE VEHICLE,N,Y,49.170914,-122.951312,N,MAY,N,DELTA,DELTA,DELTA & RICHMOND,N,N,N,LOWER MAINLAND,ALEX FRASER BRIDGE & CLIVEDEN AVE & CLIVEDEN AVE OFFRAMP & CLIVEDEN AVE ONRAMP & HWY 91,HWY 91,HWY 91,15:00-17:59,1,0
N,PROPERTY DAMAGE ONLY,ARBUTUS ST,N,2021,MONDAY,UNDETERMINED,N,Y,50.318352,-122.798615,N,MAY,N,PEMBERTON,PEMBERTON,PEMBERTON,Y,Y,N,LOWER MAINLAND,ARBUTUS ST & CRABAPPLE CRT,CRABAPPLE CRT,CRABAPPLE CRT,15:00-17:59,1,0
N,PROPERTY DAMAGE ONLY,ARCHIMEDES ST,N,2021,MONDAY,REAR END,N,Y,49.235789,-123.034256,N,MAY,N,VANCOUVER,VANCOUVER,VANCOUVER,N,N,N,LOWER MAINLAND,ARCHIMEDES ST & JOYCE ST,JOYCE ST,JOYCE ST,15:00-17:59,1,0
N,PROPERTY DAMAGE ONLY,ARLINGTON RD,N,2021,MONDAY,SIDE IMPACT,Y,Y,49.261468,-124.196164,N,MAY,N,NANOOSE BAY,NANOOSE BAY,NANOOSE BAY,Y,N,N,VANCOUVER ISLAND,ARLINGTON RD & ISLAND HWY E,HWY 19,HWY 19,15:00-17:59,1,0
N,PROPERTY DAMAGE ONLY,ATLANTIC AVE,N,2021,MONDAY,SIDE IMPACT,N,Y,49.281771,-122.798867,N,MAY,N,COQUITLAM,COQUITLAM,COQUITLAM,Y,N,N,LOWER MAINLAND,ATLANTIC AVE & PACIFIC ST,PACIFIC ST,PACIFIC ST,15:00-17:59,1,0
N,PROPERTY DAMAGE ONLY,AULDS RD,N,2021,MONDAY,REAR END,N,Y,49.234394,-124.044425,N,MAY,N,NANAIMO,NANAIMO,NANAIMO,N,N,N,VANCOUVER ISLAND,AULDS RD & HAMMOND BAY RD & ISLAND HWY N & TURNING LANE,HWY 19A,HWY 19A,15:00-17:59,1,0
N,PROPERTY DAMAGE ONLY,AUSTIN RD,N,2021,MONDAY,SIDE IMPACT,N,Y,49.248993,-122.895858,N,MAY,N,BURNABY,BURNABY,BURNABY,N,N,N,LOWER MAINLAND,AUSTIN RD & GATINEAU PL,GATINEAU PL,GATINEAU PL,15:00-17:59,1,0
N,PROPERTY DAMAGE ONLY,AUSTIN RD,N,2021,MONDAY,SIDE IMPACT,N,Y,49.249073,-122.892859,N,MAY,N,BURNABY,BURNABY,BURNABY & COQUITLAM,N,N,N,LOWER MAINLAND,AUSTIN AVE & AUSTIN RD & NORTH RD,NORTH RD,NORTH RD,15:00-17:59,1,0
N,PROPERTY DAMAGE ONLY,BAKER ST,N,2021,MONDAY,REAR END,N,Y,50.687637,-120.345775,N,MAY,N,KAMLOOPS,KAMLOOPS,KAMLOOPS,Y,N,N,SOUTHERN INTERIOR,BAKER ST & FORT AVE,FORT AVE,FORT AVE,15:00-17:59,1,0
N,PROPERTY DAMAGE ONLY,BAKER ST,N,2021,MONDAY,SIDE IMPACT,N,Y,49.512153,-115.767562,N,MAY,N,CRANBROOK,CRANBROOK,CRANBROOK,N,Y,N,SOUTHERN INTERIOR,10TH AVE S & BAKER ST & CRANBROOK ST N,CRANBROOK ST N,CRANBROOK ST N,15:00-17:59,1,0
N,PROPERTY DAMAGE ONLY,BALACLAVA ST,N,2021,MONDAY,REAR END,N,Y,49.22908,-123.175831,N,MAY,N,VANCOUVER,VANCOUVER,VANCOUVER,N,N,N,LOWER MAINLAND,BALACLAVA ST & SW MARINE DR,SW MARINE DR,SW MARINE DR,15:00-17:59,1,0
N,PROPERTY DAMAGE ONLY,BARNET HWY,N,2021,MONDAY,REAR END,N,Y,49.276261,-122.797294,N,MAY,N,COQUITLAM,COQUITLAM,COQUITLAM,N,N,N,LOWER MAINLAND,BARNET HWY & LOUGHEED HWY & PINETREE WAY & TURNING LANE,LOUGHEED HWY,LOUGHEED HWY,15:00-17:59,1,0
N,PROPERTY DAMAGE ONLY,BELL ST,N,2021,MONDAY,UNDETERMINED,N,N,\N,\N,N,MAY,N,MISSION,MISSION,\N,Y,Y,N,LOWER MAINLAND,UNKNOWN,MATHESON AVE,MATHESON AVE,15:00-17:59,1,0
N,PROPERTY DAMAGE ONLY,BERNARD AVE,N,2021,MONDAY,REAR END,N,Y,49.164635,-121.974254,N,MAY,N,CHILLIWACK,CHILLIWACK,CHILLIWACK,N,N,N,LOWER MAINLAND,ASHWELL RD & BERNARD AVE,ASHWELL RD,ASHWELL RD,15:00-17:59,1,0
N,PROPERTY DAMAGE ONLY,BLACKIE ST,N,2021,MONDAY,SINGLE VEHICLE,N,Y,49.201765,-122.913238,N,MAY,N,NEW WESTMINSTER,NEW WESTMINSTER,NEW WESTMINSTER,N,N,N,LOWER MAINLAND,BLACKIE ST & CARNARVON ST,CARNARVON ST,CARNARVON ST,15:00-17:59,1,0
N,PROPERTY DAMAGE ONLY,BLUE JAY ST,N,2021,MONDAY,REAR END,N,Y,49.055201,-122.370416,N,MAY,N,ABBOTSFORD,ABBOTSFORD,ABBOTSFORD,N,N,N,LOWER MAINLAND,BLUE JAY ST & FRASER HWY & LIVINGSTONE AVE & MACLURE RD,MACLURE RD,MACLURE RD,15:00-17:59,1,0
N,PROPERTY DAMAGE ONLY,BRADNER RD,N,2021,MONDAY,SIDE SWIPE - OPPOSITE DIRECTION,Y,Y,49.01676,-122.426517,N,MAY,N,ABBOTSFORD,ABBOTSFORD,ABBOTSFORD,N,N,N,LOWER MAINLAND,BRADNER RD & HUNTINGDON RD,8TH AVE,8TH AVE,15:00-17:59,1,0
N,PROPERTY DAMAGE ONLY,BRIDGEVIEW DR,N,2021,MONDAY,REAR END,N,Y,49.213211,-122.861854,N,MAY,N,SURREY,SURREY,SURREY,N,N,N,LOWER MAINLAND,130 ST & BRIDGEVIEW DR & BRIDGEVIEW DR OFFRAMP & BRIDGEVIEW DR ONRAMP & HWY 17,SOUTH FRASER PERIMETER RD,SOUTH FRASER PERIMETER RD,15:00-17:59,1,0
N,PROPERTY DAMAGE ONLY,BRUNETTE AVE,N,2021,MONDAY,SIDE IMPACT,N,Y,49.231356,-122.882908,N,MAY,N,NEW WESTMINSTER,NEW WESTMINSTER,NEW WESTMINSTER,N,Y,N,LOWER MAINLAND,BRAID ST & BRUNETTE AVE,BRAID ST,BRAID ST,15:00-17:59,1,0
N,PROPERTY DAMAGE ONLY,BRUNETTE AVE,N,2021,MONDAY,SIDE IMPACT,Y,Y,49.234521,-122.878438,N,MAY,N,COQUITLAM,COQUITLAM,COQUITLAM & NEW WESTMINSTER,N,N,N,LOWER MAINLAND,BRUNETTE AVE & BRUNETTE AVE OFFRAMP & BRUNETTE AVE ONRAMP & TRANS-CANADA HWY,HWY 1,HWY 1,15:00-17:59,1,0
N,PROPERTY DAMAGE ONLY,BRUNETTE AVE OFFRAMP,N,2021,MONDAY,SIDE SWIPE - SAME DIRECTION,Y,Y,49.234521,-122.878438,N,MAY,N,COQUITLAM,COQUITLAM,COQUITLAM & NEW WESTMINSTER,N,N,N,LOWER MAINLAND,BRUNETTE AVE & BRUNETTE AVE OFFRAMP & BRUNETTE AVE ONRAMP & TRANS-CANADA HWY,BRUNETTE AVE,BRUNETTE AVE,15:00-17:59,1,0
N,PROPERTY DAMAGE ONLY,BURRARD ST,N,2021,MONDAY,REAR END,N,Y,49.263701,-123.145756,N,MAY,N,VANCOUVER,VANCOUVER,VANCOUVER,Y,N,N,LOWER MAINLAND,BURRARD ST & W BROADWAY,W BROADWAY,W BROADWAY,15:00-17:59,1,0
N,PROPERTY DAMAGE ONLY,BUTE ST,N,2021,MONDAY,SIDE IMPACT,N,Y,49.288364,-123.123384,N,MAY,N,VANCOUVER,VANCOUVER,VANCOUVER,N,N,N,LOWER MAINLAND,BUTE ST & W PENDER ST,W PENDER ST,W PENDER ST,15:00-17:59,1,0
N,PROPERTY DAMAGE ONLY,BUTLER AVE,N,2021,MONDAY,REAR END,N,Y,54.398824,-126.643826,N,MAY,N,HOUSTON,HOUSTON,HOUSTON,N,N,N,NORTH CENTRAL,11TH ST & BUTLER AVE,11TH ST,11TH ST,15:00-17:59,1,0
N,PROPERTY DAMAGE ONLY,BUXTON ST,N,2021,MONDAY,SIDE IMPACT,N,Y,49.234416,-122.994218,N,MAY,N,BURNABY,BURNABY,BURNABY,N,N,N,LOWER MAINLAND,BUXTON ST & NELSON AVE,NELSON AVE,NELSON AVE,15:00-17:59,1,0
N,PROPERTY DAMAGE ONLY,CANADA WAY,N,2021,MONDAY,REAR END,N,N,\N,\N,N,MAY,N,BURNABY,BURNABY,\N,N,N,N,LOWER MAINLAND,UNKNOWN,HWY 1,HWY 1,15:00-17:59,1,0
N,PROPERTY DAMAGE ONLY,CARLETON AVE,N,2021,MONDAY,UNDETERMINED,N,Y,49.244026,-123.012548,N,MAY,N,BURNABY,BURNABY,BURNABY,N,N,N,LOWER MAINLAND,CARLETON AVE & LISTER CRT,LISTER CRT,LISTER CRT,15:00-17:59,1,0
N,PROPERTY DAMAGE ONLY,CARTIER RD,N,2021,MONDAY,REAR END,N,Y,56.21916,-120.794853,N,MAY,N,FORT ST. JOHN,FORT ST. JOHN,FORT ST. JOHN,N,N,N,NORTH CENTRAL,ALASKA RD N & CARTIER RD & HWY 97 N & NORTHERN LIGHTS DR & TURNING LANE,72 ST,72 ST,15:00-17:59,1,0
N,PROPERTY DAMAGE ONLY,CASTLEMAN RD,N,2021,MONDAY,REAR END,N,Y,49.190859,-121.848996,N,MAY,N,CHILLIWACK,CHILLIWACK,CHILLIWACK,N,N,N,LOWER MAINLAND,CASTLEMAN RD & MCLEOD RD,MCLEOD RD,MCLEOD RD,15:00-17:59,1,0
N,PROPERTY DAMAGE ONLY,CEDAR HILL RD,N,2021,MONDAY,REAR END,N,Y,48.443728,-123.347796,N,MAY,N,VICTORIA,VICTORIA,VICTORIA,N,N,N,VANCOUVER ISLAND,CEDAR HILL RD & HIPWOOD LANE & KIWANIS WAY,KIWANIS WAY,KIWANIS WAY,15:00-17:59,1,0
N,PROPERTY DAMAGE ONLY,CEDAR ST,N,2021,MONDAY,CONFLICTED,N,Y,49.154641,-122.316013,N,MAY,N,MISSION,MISSION,MISSION,N,N,N,LOWER MAINLAND,CEDAR ST & CHERRY AVE,CHERRY AVE,CHERRY AVE,15:00-17:59,1,0
N,PROPERTY DAMAGE ONLY,CLEARBROOK RD,N,2021,MONDAY,REAR END,N,Y,49.045751,-122.33697,N,MAY,N,ABBOTSFORD,ABBOTSFORD,ABBOTSFORD,N,N,N,LOWER MAINLAND,CLEARBROOK RD & PEARDONVILLE RD & TURNING LANE,PEARDONVILLE RD,PEARDONVILLE RD,15:00-17:59,1,0
N,PROPERTY DAMAGE ONLY,CLEARBROOK RD,N,2021,MONDAY,REAR END,N,Y,49.074507,-122.345346,N,MAY,N,ABBOTSFORD,ABBOTSFORD,ABBOTSFORD,N,N,N,LOWER MAINLAND,CLEARBROOK RD & DOWNES RD,DOWNES RD,DOWNES RD,15:00-17:59,1,0
N,PROPERTY DAMAGE ONLY,CLEVELAND AVE,N,2021,MONDAY,SIDE IMPACT,N,Y,49.704443,-123.145404,N,MAY,N,SQUAMISH,SQUAMISH,SQUAMISH,N,N,N,LOWER MAINLAND,CLEVELAND AVE & HWY 99 & LOGGERS LANE & RIVER RD & TURNING LANE,HWY 99,HWY 99,15:00-17:59,1,0
N,PROPERTY DAMAGE ONLY,CLIFFE AVE,N,2021,MONDAY,SIDE IMPACT,N,Y,49.676173,-124.982707,N,MAY,N,COURTENAY,COURTENAY,COURTENAY,N,N,N,VANCOUVER ISLAND,26TH ST & CLIFFE AVE,26TH ST,26TH ST,15:00-17:59,1,0
N,PROPERTY DAMAGE ONLY,CLIVEDEN AVE,N,2021,MONDAY,REAR END,N,Y,49.161637,-122.972234,N,MAY,N,DELTA,DELTA,DELTA,N,N,N,LOWER MAINLAND,CLIVEDEN AVE & DERWENT WAY,DERWENT WAY,DERWENT WAY,15:00-17:59,1,0
N,PROPERTY DAMAGE ONLY,COLUMBIA ST W OFFRAMP,N,2021,MONDAY,SIDE SWIPE - SAME DIRECTION,Y,Y,50.659824,-120.359176,N,MAY,N,KAMLOOPS,KAMLOOPS,KAMLOOPS,N,N,N,SOUTHERN INTERIOR,COLUMBIA ST W OFFRAMP & COLUMBIA ST W ONRAMP & TRANS-CANADA HWY W,HWY 1,HWY 1,15:00-17:59,1,0
N,PROPERTY DAMAGE ONLY,COMMERCIAL ST,N,2021,MONDAY,SIDE SWIPE - SAME DIRECTION,N,Y,49.225192,-123.069052,N,MAY,N,VANCOUVER,VANCOUVER,VANCOUVER,N,N,N,LOWER MAINLAND,COMMERCIAL ST & E 49TH AVE,E 49TH AVE,E 49TH AVE,15:00-17:59,1,0
N,PROPERTY DAMAGE ONLY,COOPER RD,N,2021,MONDAY,REAR END,N,Y,49.881885,-119.443242,N,MAY,N,KELOWNA,KELOWNA,KELOWNA,N,N,N,SOUTHERN INTERIOR,COOPER RD & HARVEY AVE & TURNING LANE,HARVEY AVE,HARVEY AVE,15:00-17:59,1,0
N,PROPERTY DAMAGE ONLY,CORAL AVE,N,2021,MONDAY,REAR END,N,Y,49.056536,-122.337904,N,MAY,N,ABBOTSFORD,ABBOTSFORD,ABBOTSFORD,N,N,N,LOWER MAINLAND,CLEARBROOK RD & CORAL AVE,CLEARBROOK RD,CLEARBROOK RD,15:00-17:59,1,0
N,PROPERTY DAMAGE ONLY,CURLE AVE,N,2021,MONDAY,REAR END,N,Y,49.254663,-123.015097,N,MAY,N,BURNABY,BURNABY,BURNABY,N,N,N,LOWER MAINLAND,CANADA WAY & CURLE AVE,CANADA WAY,CANADA WAY,15:00-17:59,1,0
N,PROPERTY DAMAGE ONLY,DAVIE ST,N,2021,MONDAY,CONFLICTED,N,Y,49.279077,-123.129182,N,MAY,N,VANCOUVER,VANCOUVER,VANCOUVER,N,N,N,LOWER MAINLAND,BURRARD ST & DAVIE ST,BURRARD ST,BURRARD ST,15:00-17:59,1,0
N,PROPERTY DAMAGE ONLY,DERWENT WAY,N,2021,MONDAY,CONFLICTED,Y,Y,49.167376,-122.943387,N,MAY,N,DELTA,DELTA,DELTA,Y,N,N,LOWER MAINLAND,CHESTER RD & DERWENT WAY & TURNING LANE,CHESTER RD,CHESTER RD,15:00-17:59,1,0
N,PROPERTY DAMAGE ONLY,DEWDNEY TRUNK RD,N,2021,MONDAY,CONFLICTED,N,Y,49.272856,-122.804077,N,MAY,N,COQUITLAM,COQUITLAM,COQUITLAM,N,N,N,LOWER MAINLAND,DEWDNEY TRUNK RD & MARINER WAY & TURNING LANE,MARINER WAY,MARINER WAY,15:00-17:59,1,0
N,PROPERTY DAMAGE ONLY,DEWDNEY TRUNK RD,N,2021,MONDAY,SINGLE VEHICLE,N,Y,49.220182,-122.490589,N,MAY,N,MAPLE RIDGE,MAPLE RIDGE,MAPLE RIDGE,N,N,N,LOWER MAINLAND,264 ST & DEWDNEY TRUNK RD,264 ST,264 ST,15:00-17:59,1,0
N,PROPERTY DAMAGE ONLY,DUFFERIN ST,N,2021,MONDAY,CONFLICTED,N,Y,49.210673,-122.90152,N,MAY,N,NEW WESTMINSTER,NEW WESTMINSTER,NEW WESTMINSTER,N,N,N,LOWER MAINLAND,DUFFERIN ST & GRANVILLE ST & ROYAL AVE,ROYAL AVE,ROYAL AVE,15:00-17:59,1,0
N,PROPERTY DAMAGE ONLY,DUNBAR ST,N,2021,MONDAY,SIDE SWIPE - SAME DIRECTION,N,Y,49.257924,-123.185117,N,MAY,N,VANCOUVER,VANCOUVER,VANCOUVER,N,N,N,LOWER MAINLAND,DUNBAR ST & W 16TH AVE,W 16TH AVE,W 16TH AVE,15:00-17:59,1,0
N,PROPERTY DAMAGE ONLY,E 24TH AVE,N,2021,MONDAY,REAR END,N,Y,49.248811,-123.056632,N,MAY,N,VANCOUVER,VANCOUVER,VANCOUVER,N,N,N,LOWER MAINLAND,E 24TH AVE & NANAIMO ST,NANAIMO ST,NANAIMO ST,15:00-17:59,1,0
N,PROPERTY DAMAGE ONLY,E 2ND AVE,N,2021,MONDAY,SIDE IMPACT,N,Y,49.268754,-123.077385,N,MAY,N,VANCOUVER,VANCOUVER,VANCOUVER,N,N,N,LOWER MAINLAND,CLARK DR & E 2ND AVE,CLARK DR,CLARK DR,15:00-17:59,1,0
N,PROPERTY DAMAGE ONLY,E 41ST AVE,N,2021,MONDAY,REAR END,N,Y,49.23306,-123.101517,N,MAY,N,VANCOUVER,VANCOUVER,VANCOUVER,N,N,N,LOWER MAINLAND,E 41ST AVE & MAIN ST,MAIN ST,MAIN ST,15:00-17:59,1,0
N,PROPERTY DAMAGE ONLY,E 45 ST,N,2021,MONDAY,SIDE SWIPE - OPPOSITE DIRECTION,N,N,\N,\N,N,MAY,N,VANCOUVER,VANCOUVER,\N,N,N,N,LOWER MAINLAND,UNKNOWN,ASH ST,ASH ST,15:00-17:59,1,0
N,PROPERTY DAMAGE ONLY,E 47TH AVE,N,2021,MONDAY,CONFLICTED,N,Y,49.226404,-123.032194,N,MAY,N,VANCOUVER,VANCOUVER,VANCOUVER,N,N,N,LOWER MAINLAND,E 47TH AVE & TYNE ST,TYNE ST,TYNE ST,15:00-17:59,1,0
N,PROPERTY DAMAGE ONLY,E 49TH AVE,N,2021,MONDAY,SIDE IMPACT,N,Y,49.22528,-123.077324,N,MAY,N,VANCOUVER,VANCOUVER,VANCOUVER,N,N,N,LOWER MAINLAND,E 49TH AVE & KNIGHT ST,KNIGHT ST,KNIGHT ST,15:00-17:59,1,0
N,PROPERTY DAMAGE ONLY,E 54TH AVE,N,2021,MONDAY,REAR TO REAR,N,Y,49.220178,-123.06587,N,MAY,N,VANCOUVER,VANCOUVER,VANCOUVER,Y,N,N,LOWER MAINLAND,ARGYLE DR & E 54TH AVE & VICTORIA DR & TURNING LANE,VICTORIA DR,VICTORIA DR,15:00-17:59,1,0
N,PROPERTY DAMAGE ONLY,E 5TH AVE,N,2021,MONDAY,SIDE IMPACT,N,Y,49.266463,-123.102822,N,MAY,N,VANCOUVER,VANCOUVER,VANCOUVER,N,N,N,LOWER MAINLAND,E 5TH AVE & QUEBEC ST,QUEBEC ST,QUEBEC ST,15:00-17:59,1,0
N,PROPERTY DAMAGE ONLY,E COLUMBIA ST,N,2021,MONDAY,REAR END,N,Y,49.231625,-122.892723,N,MAY,N,NEW WESTMINSTER,NEW WESTMINSTER,NEW WESTMINSTER,N,N,N,LOWER MAINLAND,BRAID ST & E COLUMBIA ST,BRAID ST,BRAID ST,15:00-17:59,1,0
N,PROPERTY DAMAGE ONLY,ECKHARDT AVE W,Y,2021,MONDAY,SINGLE VEHICLE,N,Y,49.49234,-119.592272,N,MAY,N,PENTICTON,PENTICTON,PENTICTON,N,N,N,SOUTHERN INTERIOR,ECKHARDT AVE W & WINNIPEG ST,WINNIPEG ST,WINNIPEG ST,15:00-17:59,1,0
N,PROPERTY DAMAGE ONLY,EDEN DR,N,2021,MONDAY,UNDETERMINED,N,Y,53.993051,-122.786402,N,MAY,N,PRINCE GEORGE,PRINCE GEORGE,PRINCE GEORGE,Y,N,N,NORTH CENTRAL,EDEN DR & KENNEDY CRES,KENNEDY CRES,KENNEDY CRES,15:00-17:59,1,0
N,PROPERTY DAMAGE ONLY,EVANS RD,N,2021,MONDAY,UNDETERMINED,N,Y,49.145179,-121.977627,N,MAY,N,CHILLIWACK,CHILLIWACK,CHILLIWACK,Y,Y,N,LOWER MAINLAND,EVANS RD & YALE RD,YALE RD,YALE RD,15:00-17:59,1,0
N,PROPERTY DAMAGE ONLY,FINLAYSON ST,N,2021,MONDAY,HEAD ON,N,Y,49.159877,-123.934169,N,MAY,N,NANAIMO,NANAIMO,NANAIMO,N,N,N,VANCOUVER ISLAND,FINLAYSON ST & NICOL ST,NICOL ST,NICOL ST,15:00-17:59,1,0
N,PROPERTY DAMAGE ONLY,FIR ST,N,2021,MONDAY,REAR END,N,Y,49.264554,-123.141085,N,MAY,N,VANCOUVER,VANCOUVER,VANCOUVER,Y,N,N,LOWER MAINLAND,FIR ST & W 8TH AVE,W 8TH AVE,W 8TH AVE,15:00-17:59,1,0
N,PROPERTY DAMAGE ONLY,FOUL BAY RD,N,2021,MONDAY,REAR END,N,Y,48.444449,-123.321853,N,MAY,N,OAK BAY,OAK BAY,OAK BAY & SAANICH,N,N,N,VANCOUVER ISLAND,COCHRANE ST & FOUL BAY RD & MID-DOWNE RD,COCHRANE ST,COCHRANE ST,15:00-17:59,1,0
N,PROPERTY DAMAGE ONLY,FRASER ST,N,2021,MONDAY,UNDETERMINED,N,Y,49.257939,-123.089209,N,MAY,N,VANCOUVER,VANCOUVER,VANCOUVER,Y,N,N,LOWER MAINLAND,E 14TH AVE & FRASER ST,E 14TH AVE,E 14TH AVE,15:00-17:59,1,0
N,PROPERTY DAMAGE ONLY,GENERAL CURRIE RD,N,2021,MONDAY,UNDETERMINED,N,Y,49.159122,-123.125413,N,MAY,N,RICHMOND,RICHMOND,RICHMOND,N,N,N,LOWER MAINLAND,GARDEN CITY RD & GENERAL CURRIE RD,GARDEN CITY RD,GARDEN CITY RD,15:00-17:59,1,0
N,PROPERTY DAMAGE ONLY,GEORGE ST,N,2021,MONDAY,UNDETERMINED,N,Y,53.915301,-122.743373,N,MAY,N,PRINCE GEORGE,PRINCE GEORGE,PRINCE GEORGE,Y,Y,N,NORTH CENTRAL,4TH AVE & GEORGE ST,4TH AVE,4TH AVE,15:00-17:59,1,0
N,PROPERTY DAMAGE ONLY,GILBERT RD,N,2021,MONDAY,CONFLICTED,N,Y,49.181251,-123.151581,N,MAY,N,RICHMOND,RICHMOND,RICHMOND,N,N,N,LOWER MAINLAND,GILBERT RD & RUSS BAKER WAY & TURNING LANE,RUSS BAKER WAY,RUSS BAKER WAY,15:00-17:59,1,0
N,PROPERTY DAMAGE ONLY,GILMORE AVE,N,2021,MONDAY,REAR END,N,Y,49.266065,-123.014346,N,MAY,N,BURNABY,BURNABY,BURNABY,N,N,N,LOWER MAINLAND,GILMORE AVE & LOUGHEED HWY & TURNING LANE,LOUGHEED HWY,LOUGHEED HWY,15:00-17:59,1,0
N,PROPERTY DAMAGE ONLY,GLADSTONE ST,N,2021,MONDAY,UNDETERMINED,N,Y,49.243562,-123.06181,N,MAY,N,VANCOUVER,VANCOUVER,VANCOUVER,Y,Y,N,LOWER MAINLAND,GLADSTONE ST & KINGSWAY,KINGSWAY,KINGSWAY,15:00-17:59,1,0
N,PROPERTY DAMAGE ONLY,GLADWIN RD,N,2021,MONDAY,REAR END,N,Y,49.05536,-122.315258,N,MAY,N,ABBOTSFORD,ABBOTSFORD,ABBOTSFORD,N,N,N,LOWER MAINLAND,GEORGE FERGUSON WAY & GLADWIN RD & TURNING LANE,GEORGE FERGUSON WAY,GEORGE FERGUSON WAY,15:00-17:59,1,0
N,PROPERTY DAMAGE ONLY,GOLDSTREAM AVE,N,2021,MONDAY,UNDETERMINED,Y,Y,48.442157,-123.469617,N,MAY,N,COLWOOD,COLWOOD,COLWOOD,N,N,N,VANCOUVER ISLAND,GOLDSTREAM AVE & ISLAND HWY & SOOKE RD & MALL ACCESS & TURNING LANE,ISLAND HWY,ISLAND HWY,15:00-17:59,1,0
N,PROPERTY DAMAGE ONLY,GRANDVIEW HWY S,N,2021,MONDAY,REAR END,N,Y,49.257799,-123.056635,N,MAY,N,VANCOUVER,VANCOUVER,VANCOUVER,N,N,N,LOWER MAINLAND,GRANDVIEW HWY S & NANAIMO ST,NANAIMO ST,NANAIMO ST,15:00-17:59,1,0
N,PROPERTY DAMAGE ONLY,GRANVILLE ST,N,2021,MONDAY,SIDE IMPACT,N,Y,49.259815,-123.138729,N,MAY,N,VANCOUVER,VANCOUVER,VANCOUVER,N,N,N,LOWER MAINLAND,GRANVILLE ST & W 13TH AVE,W 13TH AVE,W 13TH AVE,15:00-17:59,1,0
N,PROPERTY DAMAGE ONLY,GRANVILLE ST,N,2021,MONDAY,UNDETERMINED,N,Y,49.281368,-123.119815,N,MAY,N,VANCOUVER,VANCOUVER,VANCOUVER,Y,N,N,LOWER MAINLAND,GRANVILLE ST & ROBSON ST,ROBSON ST,ROBSON ST,15:00-17:59,1,0
N,PROPERTY DAMAGE ONLY,GRANVILLE ST,N,2021,MONDAY,UNDETERMINED,Y,Y,49.281368,-123.119815,N,MAY,N,VANCOUVER,VANCOUVER,VANCOUVER,N,N,N,LOWER MAINLAND,GRANVILLE ST & ROBSON ST,ROBSON ST,ROBSON ST,15:00-17:59,1,0
N,PROPERTY DAMAGE ONLY,HALL ST,N,2021,MONDAY,REAR END,N,Y,49.220562,-122.618551,N,MAY,N,MAPLE RIDGE,MAPLE RIDGE,MAPLE RIDGE,N,N,N,LOWER MAINLAND,DEWDNEY TRUNK RD & HALL ST,DEWDNEY TRUNK RD,DEWDNEY TRUNK RD,15:00-17:59,1,0
N,PROPERTY DAMAGE ONLY,HARVEY AVE,N,2021,MONDAY,REAR TO REAR,N,Y,49.88179,-119.434985,N,MAY,N,KELOWNA,KELOWNA,KELOWNA,Y,Y,N,SOUTHERN INTERIOR,HARVEY AVE & HWY 97 N & UNDERHILL ST & TURNING LANE,HWY 97,HWY 97,15:00-17:59,1,0
N,PROPERTY DAMAGE ONLY,HOWARD AVE,N,2021,MONDAY,REAR END,N,Y,49.162756,-123.955237,N,MAY,N,NANAIMO,NANAIMO,NANAIMO,N,N,N,VANCOUVER ISLAND,HOWARD AVE & THIRD ST,THIRD ST,THIRD ST,15:00-17:59,1,0
N,PROPERTY DAMAGE ONLY,HURST ST,N,2021,MONDAY,CONFLICTED,N,Y,49.220257,-123.003141,N,MAY,N,BURNABY,BURNABY,BURNABY,Y,N,N,LOWER MAINLAND,DOW AVE & HURST ST,DOW AVE,DOW AVE,15:00-17:59,1,0
N,PROPERTY DAMAGE ONLY,HWY 1,N,2021,MONDAY,CONFLICTED,N,Y,48.786627,-123.706189,N,MAY,N,DUNCAN,DUNCAN,DUNCAN,N,Y,N,VANCOUVER ISLAND,BEVERLY ST & TRANS-CANADA HWY & TURNING LANE,BEVERLY ST,BEVERLY ST,15:00-17:59,1,0
N,PROPERTY DAMAGE ONLY,HWY 1,N,2021,MONDAY,REAR END,N,Y,49.304852,-123.027413,N,MAY,N,NORTH VANCOUVER,NORTH VANCOUVER,NORTH VANCOUVER,N,N,N,LOWER MAINLAND,DOLLARTON HWY & DOLLARTON HWY OFFRAMP & DOLLARTON HWY ONRAMP & IRONWORKERS MEMORIAL BRIDGE & MAIN ST & MAIN ST OFFRAMP & MAIN ST ONRAMP & PHIBBS EXCHANGE & TRANS-CANADA HWY & EMERGENCY LANE & HIGHWAY RAMP & TURNING LANE,DOLLARTON HWY ONRAMP,DOLLARTON HWY ONRAMP,15:00-17:59,1,0
N,PROPERTY DAMAGE ONLY,HWY 1,N,2021,MONDAY,REAR END,N,Y,49.331967,-123.072107,N,MAY,N,NORTH VANCOUVER,NORTH VANCOUVER,NORTH VANCOUVER,N,N,N,LOWER MAINLAND,E 25TH ST & E 25TH ST OFFRAMP & E 25TH ST ONRAMP & LONSDALE AVE & LONSDALE AVE OFFRAMP & LONSDALE AVE ONRAMP & TRANS-CANADA HWY & W 25TH ST & TURNING LANE,LONSDALE AVE,LONSDALE AVE,15:00-17:59,1,0
N,PROPERTY DAMAGE ONLY,HWY 1,N,2021,MONDAY,REAR END,N,Y,49.337695,-123.13481,N,MAY,N,WEST VANCOUVER,WEST VANCOUVER,WEST VANCOUVER,N,N,N,LOWER MAINLAND,TAYLOR WAY & TAYLOR WAY OFFRAMP & TAYLOR WAY ONRAMP & TRANS-CANADA HWY & TRANS-CANADA HWY ONRAMP & WESTCOT RD & TURNING LANE,TAYLOR WAY OFFRAMP,TAYLOR WAY OFFRAMP,15:00-17:59,1,0
N,PROPERTY DAMAGE ONLY,HWY 1,N,2021,MONDAY,SINGLE VEHICLE,N,Y,49.28117,-123.031463,N,MAY,N,VANCOUVER,VANCOUVER,VANCOUVER,N,N,N,LOWER MAINLAND,BRIDGEWAY & CASSIAR CONN & E HASTINGS ST & E HASTINGS ST OFFRAMP & E HASTINGS ST ONRAMP & TRANS-CANADA HWY & TURNING LANE,E HASTINGS ST ONRAMP,E HASTINGS ST ONRAMP,15:00-17:59,1,0
N,PROPERTY DAMAGE ONLY,HWY 10,N,2021,MONDAY,REAR END,N,Y,49.111881,-122.645899,N,MAY,N,LANGLEY,LANGLEY,LANGLEY,N,N,N,LOWER MAINLAND,GLOVER RD & LANGLEY BYPASS & TURNING LANE,GLOVER RD,GLOVER RD,15:00-17:59,1,0
N,PROPERTY DAMAGE ONLY,HWY 10,N,2021,MONDAY,SINGLE VEHICLE,N,Y,49.102485,-122.900334,N,MAY,N,DELTA,DELTA,DELTA,N,Y,N,LOWER MAINLAND,HWY 10 & HWY 10 OFFRAMP & HWY 10 ONRAMP & HWY 91,HWY 91,HWY 91,15:00-17:59,1,0
N,PROPERTY DAMAGE ONLY,HWY 11,N,2021,MONDAY,CONFLICTED,N,Y,49.089064,-122.286731,N,MAY,N,ABBOTSFORD,ABBOTSFORD,ABBOTSFORD,N,N,N,LOWER MAINLAND,HWY 11 & TOWNSHIPLINE RD,TOWNSHIPLINE RD,TOWNSHIPLINE RD,15:00-17:59,1,0
N,PROPERTY DAMAGE ONLY,HWY 33,N,2021,MONDAY,SIDE IMPACT,N,Y,49.889477,-119.420504,N,MAY,N,KELOWNA,KELOWNA,KELOWNA,Y,Y,N,SOUTHERN INTERIOR,HWY 33 W & HWY 97 N & TURNING LANE,HWY 97,HWY 97,15:00-17:59,1,0
N,PROPERTY DAMAGE ONLY,HWY 91,N,2021,MONDAY,SIDE IMPACT,N,Y,49.11947,-122.92689,N,MAY,N,DELTA,DELTA,DELTA,N,N,N,LOWER MAINLAND,64 AVE & 64 AVE OFFRAMP & 64 AVE ONRAMP & HWY 91 & KITTSON PKY & KITTSON PKY OFFRAMP & KITTSON PKY ONRAMP,KITTSON PKY,KITTSON PKY,15:00-17:59,1,0
N,PROPERTY DAMAGE ONLY,HWY 95,N,2021,MONDAY,REAR END,N,Y,51.21172,-116.893467,N,MAY,N,GOLDEN,GOLDEN,GOLDEN,N,N,N,SOUTHERN INTERIOR,AUSTIN RD & HWY 95,AUSTIN RD,AUSTIN RD,15:00-17:59,1,0
N,PROPERTY DAMAGE ONLY,HWY 97,N,2021,MONDAY,REAR TO REAR,N,Y,49.82958,-119.626812,N,MAY,N,WEST KELOWNA,WEST KELOWNA,WEST KELOWNA,N,N,N,SOUTHERN INTERIOR,HOSKINS RD & MAIN ST,HOSKINS RD,HOSKINS RD,15:00-17:59,1,0
N,PROPERTY DAMAGE ONLY,IMPERIAL ST,N,2021,MONDAY,CONFLICTED,Y,Y,49.221948,-122.994179,N,MAY,N,BURNABY,BURNABY,BURNABY,N,N,N,LOWER MAINLAND,IMPERIAL ST & NELSON AVE,NELSON AVE,NELSON AVE,15:00-17:59,1,0
N,PROPERTY DAMAGE ONLY,IOCO RD,N,2021,MONDAY,SINGLE VEHICLE,N,Y,49.277438,-122.826956,N,MAY,N,PORT MOODY,PORT MOODY,PORT MOODY,N,Y,N,LOWER MAINLAND,BARNET HWY & BARNET SERVICE RD & IOCO RD & ST JOHNS ST & ACCESS ROAD & TURNING LANE,ST JOHNS ST,ST JOHNS ST,15:00-17:59,1,0
N,PROPERTY DAMAGE ONLY,IRON WORKERS BRIDGE,N,2021,MONDAY,REAR END,N,N,\N,\N,N,MAY,Y,NORTH VANCOUVER,NORTH VANCOUVER,\N,N,N,N,LOWER MAINLAND,UNKNOWN,DOLLARTON HWY ONRAMP,DOLLARTON HWY ONRAMP,15:00-17:59,1,0
N,PROPERTY DAMAGE ONLY,JAMES ST,N,2021,MONDAY,REAR END,N,Y,48.782103,-123.703181,N,MAY,N,DUNCAN,DUNCAN,DUNCAN,Y,N,N,VANCOUVER ISLAND,ELVINS ST & JAMES ST,ELVINS ST,ELVINS ST,15:00-17:59,1,0
N,PROPERTY DAMAGE ONLY,JERSEY RD,N,2021,MONDAY,SIDE IMPACT,N,Y,48.527559,-123.372705,N,MAY,N,SAANICH,SAANICH,SAANICH,Y,N,N,VANCOUVER ISLAND,JERSEY RD & LOCHSIDE DR,LOCHSIDE DR,LOCHSIDE DR,15:00-17:59,1,0
N,PROPERTY DAMAGE ONLY,KALAVISTA DR,N,2021,MONDAY,CONFLICTED,N,N,\N,\N,N,MAY,N,COLDSTREAM,COLDSTREAM,\N,N,N,N,SOUTHERN INTERIOR,UNKNOWN,KALAMALKA LAKE RD,KALAMALKA LAKE RD,15:00-17:59,1,0
N,PROPERTY DAMAGE ONLY,KANGAROO RD,N,2021,MONDAY,UNDETERMINED,Y,Y,48.392849,-123.598786,N,MAY,N,METCHOSIN,METCHOSIN,METCHOSIN,N,N,N,VANCOUVER ISLAND,KANGAROO RD & SOOKE RD,HWY 14,HWY 14,15:00-17:59,1,0
N,PROPERTY DAMAGE ONLY,KEITH WILSON RD,N,2021,MONDAY,SIDE IMPACT,N,Y,49.103836,-122.006875,N,MAY,N,CHILLIWACK,CHILLIWACK,CHILLIWACK,Y,Y,N,LOWER MAINLAND,KEITH WILSON RD & LICKMAN RD,LICKMAN RD,LICKMAN RD,15:00-17:59,1,0
N,PROPERTY DAMAGE ONLY,KEMANO ST,N,2021,MONDAY,SIDE SWIPE - OPPOSITE DIRECTION,N,Y,50.703155,-120.358532,N,MAY,N,KAMLOOPS,KAMLOOPS,KAMLOOPS,N,N,N,SOUTHERN INTERIOR,KEMANO ST & RICHMOND AVE,RICHMOND AVE,RICHMOND AVE,15:00-17:59,1,0
N,PROPERTY DAMAGE ONLY,KENSINGTON AVE,N,2021,MONDAY,SIDE IMPACT,N,Y,49.280341,-122.970029,N,MAY,N,BURNABY,BURNABY,BURNABY,N,Y,N,LOWER MAINLAND,HASTINGS ST & KENSINGTON AVE,HASTINGS ST,HASTINGS ST,15:00-17:59,1,0
N,PROPERTY DAMAGE ONLY,KETTLE VALLEY SOUTH RD,N,2021,MONDAY,SIDE IMPACT,N,Y,49.05951,-119.002142,N,MAY,N,ROCK CREEK,ROCK CREEK,ROCK CREEK,Y,N,N,SOUTHERN INTERIOR,HWY 33 & KETTLE VALLEY SOUTH RD,HWY 33,HWY 33,15:00-17:59,1,0
N,PROPERTY DAMAGE ONLY,KILLARNEY ST,N,2021,MONDAY,REAR END,N,Y,49.229289,-123.045961,N,MAY,N,VANCOUVER,VANCOUVER,VANCOUVER,N,N,N,LOWER MAINLAND,E 45TH AVE & KILLARNEY ST,E 45TH AVE,E 45TH AVE,15:00-17:59,1,0
N,PROPERTY DAMAGE ONLY,KING EDWARD ST,N,2021,MONDAY,REAR END,N,Y,49.230486,-122.86159,N,MAY,N,COQUITLAM,COQUITLAM,COQUITLAM,N,N,N,LOWER MAINLAND,KING EDWARD ST & UNITED BLVD,UNITED BLVD,UNITED BLVD,15:00-17:59,1,0
N,PROPERTY DAMAGE ONLY,KING GEORGE BLVD,N,2021,MONDAY,CONFLICTED,N,Y,49.184272,-122.845453,N,MAY,N,SURREY,SURREY,SURREY,N,N,N,LOWER MAINLAND,100 AVE & KING GEORGE BLVD & OLD YALE RD,100 AVE,100 AVE,15:00-17:59,1,0
N,PROPERTY DAMAGE ONLY,KING GEORGE BLVD,N,2021,MONDAY,SIDE IMPACT,N,Y,49.126227,-122.845525,N,MAY,N,SURREY,SURREY,SURREY,Y,Y,N,LOWER MAINLAND,68 AVE & KING GEORGE BLVD & TURNING LANE,68 AVE,68 AVE,15:00-17:59,1,0
N,PROPERTY DAMAGE ONLY,KINGSWAY,N,2021,MONDAY,REAR END,N,Y,49.237566,-123.048809,N,MAY,N,VANCOUVER,VANCOUVER,VANCOUVER,N,N,N,LOWER MAINLAND,EARLES ST & KINGSWAY,EARLES ST,EARLES ST,15:00-17:59,1,0
N,PROPERTY DAMAGE ONLY,KINGSWAY,N,2021,MONDAY,REAR END,N,Y,49.250151,-123.07606,N,MAY,N,VANCOUVER,VANCOUVER,VANCOUVER,N,N,N,LOWER MAINLAND,KINGSWAY & KNIGHT ST,KNIGHT ST,KNIGHT ST,15:00-17:59,1,0
N,PROPERTY DAMAGE ONLY,KINGSWAY,N,2021,MONDAY,SIDE IMPACT,N,Y,49.219925,-122.972035,N,MAY,N,BURNABY,BURNABY,BURNABY,N,N,N,LOWER MAINLAND,GILLEY AVE & KINGSWAY,GILLEY AVE,GILLEY AVE,15:00-17:59,1,0
N,PROPERTY DAMAGE ONLY,KINGSWAY,N,2021,MONDAY,UNDETERMINED,N,Y,49.233626,-123.03491,N,MAY,N,VANCOUVER,VANCOUVER,VANCOUVER,N,N,N,LOWER MAINLAND,HAROLD ST & KINGSWAY,HAROLD ST,HAROLD ST,15:00-17:59,1,0
N,PROPERTY DAMAGE ONLY,KIWANIS AVE,N,2021,MONDAY,SIDE IMPACT,N,Y,49.850605,-124.521293,N,MAY,N,POWELL RIVER,POWELL RIVER,POWELL RIVER,N,N,N,VANCOUVER ISLAND,JOYCE AVE & KIWANIS AVE,JOYCE AVE,JOYCE AVE,15:00-17:59,1,0
N,PROPERTY DAMAGE ONLY,KLO RD,N,2021,MONDAY,REAR TO REAR,N,Y,49.861989,-119.491229,N,MAY,N,KELOWNA,KELOWNA,KELOWNA,N,Y,N,SOUTHERN INTERIOR,CEDAR AVE & KLO RD & LAKESHORE RD & PANDOSY ST,LAKESHORE RD,LAKESHORE RD,15:00-17:59,1,0
N,PROPERTY DAMAGE ONLY,KNIGHT ST,N,2021,MONDAY,REAR END,N,Y,49.232692,-123.077064,N,MAY,N,VANCOUVER,VANCOUVER,VANCOUVER,N,N,N,LOWER MAINLAND,E 41ST AVE & KNIGHT ST,E 41ST AVE,E 41ST AVE,15:00-17:59,1,0
N,PROPERTY DAMAGE ONLY,KNIGHT ST OFFRAMP,N,2021,MONDAY,REAR END,N,Y,49.177659,-123.074488,N,MAY,N,RICHMOND,RICHMOND,RICHMOND,N,N,N,LOWER MAINLAND,HWY 91 & KNIGHT ST & KNIGHT ST OFFRAMP & KNIGHT ST ONRAMP,HWY 91,HWY 91,15:00-17:59,1,0
N,PROPERTY DAMAGE ONLY,KOOTENAY ST,N,2021,MONDAY,SIDE IMPACT,N,Y,49.490963,-117.296711,N,MAY,N,NELSON,NELSON,NELSON,N,N,N,SOUTHERN INTERIOR,BAKER ST & KOOTENAY ST,BAKER ST,BAKER ST,15:00-17:59,1,0
N,PROPERTY DAMAGE ONLY,LARSON RD,N,2021,MONDAY,REAR END,N,Y,49.325164,-123.089494,N,MAY,N,NORTH VANCOUVER,NORTH VANCOUVER,NORTH VANCOUVER,N,N,N,LOWER MAINLAND,FIR ST & LARSON RD & WESTVIEW DR,WESTVIEW DR,WESTVIEW DR,15:00-17:59,1,0
N,PROPERTY DAMAGE ONLY,LEAL RD,N,2021,MONDAY,SIDE IMPACT,N,Y,48.614251,-123.413525,N,MAY,N,NORTH SAANICH,NORTH SAANICH,NORTH SAANICH,Y,N,N,VANCOUVER ISLAND,EMARD TERR & LEAL RD,EMARD TERRACE,EMARD TERRACE,15:00-17:59,1,0
N,PROPERTY DAMAGE ONLY,LEATHEAD RD,N,2021,MONDAY,REAR END,N,Y,49.895388,-119.414322,N,MAY,N,KELOWNA,KELOWNA,KELOWNA,N,N,N,SOUTHERN INTERIOR,ENTERPRISE WAY & HWY 97 N & LEATHEAD RD & TURNING LANE,HWY 97,HWY 97,15:00-17:59,1,0
N,PROPERTY DAMAGE ONLY,LECKIE RD,N,2021,MONDAY,SIDE IMPACT,N,Y,49.885924,-119.437725,N,MAY,N,KELOWNA,KELOWNA,KELOWNA,N,N,N,SOUTHERN INTERIOR,DILWORTH DR & LECKIE PL & LECKIE RD,DILWORTH DR,DILWORTH DR,15:00-17:59,1,0
N,PROPERTY DAMAGE ONLY,LOENHOLM RD,N,2021,MONDAY,REAR END,N,Y,48.483987,-123.406766,N,MAY,N,SAANICH,SAANICH,SAANICH,N,N,N,VANCOUVER ISLAND,LOENHOLM RD & WILKINSON RD,WILKINSON RD,WILKINSON RD,15:00-17:59,1,0
N,PROPERTY DAMAGE ONLY,LONSDALE AVE,N,2021,MONDAY,SINGLE VEHICLE,N,Y,49.325178,-123.07224,N,MAY,N,NORTH VANCOUVER,NORTH VANCOUVER,NORTH VANCOUVER,N,N,N,LOWER MAINLAND,E 18TH ST & LONSDALE AVE & W 18TH ST,W 18TH ST,W 18TH ST,15:00-17:59,1,0
N,PROPERTY DAMAGE ONLY,LOUGHEED HWY,N,2021,MONDAY,REAR END,N,Y,49.266408,-123.003199,N,MAY,N,BURNABY,BURNABY,BURNABY,N,N,N,LOWER MAINLAND,LOUGHEED HWY & WILLINGDON AVE,WILLINGDON AVE,WILLINGDON AVE,15:00-17:59,1,0
N,PROPERTY DAMAGE ONLY,MAIN ST,N,2021,MONDAY,REAR END,N,Y,49.225649,-123.10164,N,MAY,N,VANCOUVER,VANCOUVER,VANCOUVER,N,N,N,LOWER MAINLAND,E 49TH AVE & MAIN ST,E 49TH AVE,E 49TH AVE,15:00-17:59,1,0
N,PROPERTY DAMAGE ONLY,MAIN ST,N,2021,MONDAY,SIDE SWIPE - SAME DIRECTION,N,Y,49.266413,-123.100788,N,MAY,N,VANCOUVER,VANCOUVER,VANCOUVER,N,N,N,LOWER MAINLAND,E 5TH AVE & E 5TH ST & MAIN ST,E 5TH AVE,E 5TH AVE,15:00-17:59,1,0
N,PROPERTY DAMAGE ONLY,MAIN ST,N,2021,MONDAY,SIDE SWIPE - SAME DIRECTION,N,Y,49.475476,-119.583087,N,MAY,N,PENTICTON,PENTICTON,PENTICTON,N,N,N,SOUTHERN INTERIOR,MAIN ST & WARREN AVE E & WARREN AVE W,WARREN AVE E,WARREN AVE E,15:00-17:59,1,0
N,PROPERTY DAMAGE ONLY,MALL ACCESS,N,2021,MONDAY,REAR END,N,Y,49.1189,-122.657098,N,MAY,N,LANGLEY,LANGLEY,LANGLEY,N,N,N,LOWER MAINLAND,64 AVE & MALL ACCESS,64 AVE,64 AVE,15:00-17:59,1,0
N,PROPERTY DAMAGE ONLY,MANITOBA ST,N,2021,MONDAY,SIDE SWIPE - SAME DIRECTION,N,Y,49.269277,-123.106627,N,MAY,N,VANCOUVER,VANCOUVER,VANCOUVER,N,N,N,LOWER MAINLAND,MANITOBA ST & W 2ND AVE,W 2ND AVE,W 2ND AVE,15:00-17:59,1,0
N,PROPERTY DAMAGE ONLY,MAR ST,N,2021,MONDAY,SIDE IMPACT,N,Y,49.232083,-124.804716,N,MAY,N,PORT ALBERNI,PORT ALBERNI,PORT ALBERNI,N,N,N,VANCOUVER ISLAND,5TH AVE & MAR ST,5TH AVE,5TH AVE,15:00-17:59,1,0
N,PROPERTY DAMAGE ONLY,MARINE DR,N,2021,MONDAY,CONFLICTED,N,Y,49.319986,-123.0914,N,MAY,N,NORTH VANCOUVER,NORTH VANCOUVER,NORTH VANCOUVER,N,N,N,LOWER MAINLAND,BEWICKE AVE & MARINE DR & W 2ND LANE & W 3RD ST & W KEITH RD,BEWICKE AVE,BEWICKE AVE,15:00-17:59,1,0
N,PROPERTY DAMAGE ONLY,MARINE DR ONRAMP,N,2021,MONDAY,SINGLE VEHICLE,N,Y,49.326165,-123.128977,N,MAY,N,WEST VANCOUVER,WEST VANCOUVER,WEST VANCOUVER,N,N,N,LOWER MAINLAND,LIONS GATE BRIDGE & MARINE DR & MARINE DR OFFRAMP & MARINE DR ONRAMP & UTILITY ACCESS,LIONS GATE BRIDGE,LIONS GATE BRIDGE,15:00-17:59,1,0
N,PROPERTY DAMAGE ONLY,MARINE WAY,N,2021,MONDAY,REAR END,N,Y,49.20385,-122.999562,N,MAY,N,BURNABY,BURNABY,BURNABY,N,N,N,LOWER MAINLAND,MARINE WAY & NELSON AVE & TURNING LANE,NELSON AVE,NELSON AVE,15:00-17:59,1,0
N,PROPERTY DAMAGE ONLY,MARSHALL RD,N,2021,MONDAY,SIDE IMPACT,N,Y,49.037752,-122.3377,N,MAY,N,ABBOTSFORD,ABBOTSFORD,ABBOTSFORD,N,N,N,LOWER MAINLAND,CLEARBROOK RD & CLEARBROOK RD OFFRAMP & CLEARBROOK RD ONRAMP & MARSHALL RD & MARSHALL RD OFFRAMP & MARSHALL RD ONRAMP & TRANS-CANADA HWY & TURNING LANE,CLEARBROOK RD,CLEARBROOK RD,15:00-17:59,1,0
N,PROPERTY DAMAGE ONLY,MCKAY AVE,N,2021,MONDAY,REAR END,N,Y,49.229501,-123.002652,N,MAY,N,BURNABY,BURNABY,BURNABY,N,N,N,LOWER MAINLAND,KINGSWAY & MCKAY AVE,KINGSWAY,KINGSWAY,15:00-17:59,1,0
N,PROPERTY DAMAGE ONLY,MCKENZIE AVE,N,2021,MONDAY,REAR END,N,Y,48.466915,-123.387991,N,MAY,N,SAANICH,SAANICH,SAANICH,N,N,N,VANCOUVER ISLAND,GLANFORD AVE & MCKENZIE AVE & TURNING LANE,GLANFORD AVE,GLANFORD AVE,15:00-17:59,1,0
N,PROPERTY DAMAGE ONLY,MCKENZIE AVE,N,2021,MONDAY,SIDE SWIPE - SAME DIRECTION,N,Y,48.459684,-123.404754,N,MAY,N,SAANICH,SAANICH,SAANICH,N,N,N,VANCOUVER ISLAND,ADMIRALS RD & ADMIRALS RD OFFRAMP & MCKENZIE AVE & MCKENZIE AVE OFFRAMP & TRANS-CANADA HWY & TRANS-CANADA HWY ONRAMP & TURNING LANE,HWY 1,HWY 1,15:00-17:59,1,0
N,PROPERTY DAMAGE ONLY,NANAIMO ST,N,2021,MONDAY,REAR END,N,Y,49.232833,-123.058867,N,MAY,N,VANCOUVER,VANCOUVER,VANCOUVER,N,N,N,LOWER MAINLAND,E 41ST AVE & NANAIMO ST,E 41ST AVE,E 41ST AVE,15:00-17:59,1,0
N,PROPERTY DAMAGE ONLY,NELSON AVE,N,2021,MONDAY,CONFLICTED,N,Y,49.370288,-123.279811,N,MAY,N,WEST VANCOUVER,WEST VANCOUVER,WEST VANCOUVER,N,N,N,LOWER MAINLAND,MARINE DR & NELSON AVE & ROSEBERY AVE & TURNING LANE,MARINE DR,MARINE DR,15:00-17:59,1,0
N,PROPERTY DAMAGE ONLY,NELSON ST,N,2021,MONDAY,REAR END,N,Y,49.239748,-122.865063,N,MAY,Y,COQUITLAM,COQUITLAM,COQUITLAM,N,N,N,LOWER MAINLAND,ALDERSON AVE & NELSON ST,ALDERSON AVE,ALDERSON AVE,15:00-17:59,1,0
N,PROPERTY DAMAGE ONLY,NELSON ST,N,2021,MONDAY,SIDE SWIPE - SAME DIRECTION,N,Y,49.281194,-123.126037,N,MAY,N,VANCOUVER,VANCOUVER,VANCOUVER,N,N,N,LOWER MAINLAND,BURRARD ST & NELSON ST,BURRARD ST,BURRARD ST,15:00-17:59,1,0
N,PROPERTY DAMAGE ONLY,NO 1 RD,N,2021,MONDAY,REAR END,N,Y,49.133761,-123.181304,N,MAY,N,RICHMOND,RICHMOND,RICHMOND,N,N,N,LOWER MAINLAND,NO 1 RD & STEVESTON HWY,STEVESTON HWY,STEVESTON HWY,15:00-17:59,1,0
N,PROPERTY DAMAGE ONLY,NO 3 RD,N,2021,MONDAY,REAR END,N,Y,49.170211,-123.136548,N,MAY,N,RICHMOND,RICHMOND,RICHMOND,N,N,N,LOWER MAINLAND,NO 3 RD & WESTMINSTER HWY,WESTMINSTER HWY,WESTMINSTER HWY,15:00-17:59,1,0
N,PROPERTY DAMAGE ONLY,OAK ST,N,2021,MONDAY,HEAD ON,N,Y,49.25082,-123.12749,N,MAY,N,VANCOUVER,VANCOUVER,VANCOUVER,Y,N,N,LOWER MAINLAND,LAURIER AVE & OAK ST & W 23RD AVE,W 23RD AVE,W 23RD AVE,15:00-17:59,1,0
N,PROPERTY DAMAGE ONLY,OAK ST,N,2021,MONDAY,REAR END,N,Y,49.249237,-123.127511,N,MAY,N,VANCOUVER,VANCOUVER,VANCOUVER,N,N,N,LOWER MAINLAND,OAK ST & W KING EDWARD AVE,W KING EDWARD AVE,W KING EDWARD AVE,15:00-17:59,1,0
N,PROPERTY DAMAGE ONLY,OCEAN VIEW,N,2021,MONDAY,UNDETERMINED,N,N,\N,\N,N,MAY,N,CAMPBELL CREEK,CAMPBELL CREEK,\N,Y,N,N,SOUTHERN INTERIOR,UNKNOWN,S ALDER ST,S ALDER ST,15:00-17:59,1,0
N,PROPERTY DAMAGE ONLY,ODLIN RD,N,2021,MONDAY,SIDE IMPACT,N,Y,49.181748,-123.124567,N,MAY,N,RICHMOND,RICHMOND,RICHMOND,Y,Y,N,LOWER MAINLAND,GARDEN CITY RD & ODLIN RD,GARDEN CITY RD,GARDEN CITY RD,15:00-17:59,1,0
N,PROPERTY DAMAGE ONLY,OLD YALE RD,N,2021,MONDAY,CONFLICTED,Y,Y,49.053723,-122.354967,N,MAY,N,ABBOTSFORD,ABBOTSFORD,ABBOTSFORD,N,N,N,LOWER MAINLAND,MACLURE RD & OLD YALE RD & TURNING LANE,MACLURE RD,MACLURE RD,15:00-17:59,1,0
N,PROPERTY DAMAGE ONLY,OXFORD ST,N,2021,MONDAY,REAR END,N,Y,49.263719,-122.767413,N,MAY,N,PORT COQUITLAM,PORT COQUITLAM,PORT COQUITLAM,N,N,N,LOWER MAINLAND,LOUGHEED HWY & OXFORD CONN & OXFORD ST & TURNING LANE,LOUGHEED HWY,LOUGHEED HWY,15:00-17:59,1,0
N,PROPERTY DAMAGE ONLY,OXFORD ST,N,2021,MONDAY,SIDE SWIPE - SAME DIRECTION,N,Y,49.263719,-122.767413,N,MAY,N,PORT COQUITLAM,PORT COQUITLAM,PORT COQUITLAM,N,N,N,LOWER MAINLAND,LOUGHEED HWY & OXFORD CONN & OXFORD ST & TURNING LANE,LOUGHEED HWY,LOUGHEED HWY,15:00-17:59,1,0
N,PROPERTY DAMAGE ONLY,PACIFIC WAY,N,2021,MONDAY,REAR END,N,Y,50.65485,-120.37778,N,MAY,N,KAMLOOPS,KAMLOOPS,KAMLOOPS,N,N,N,SOUTHERN INTERIOR,HILLSIDE DR & PACIFIC WAY & TURNING LANE,HILLSIDE DR,HILLSIDE DR,15:00-17:59,1,0
N,PROPERTY DAMAGE ONLY,PARKER ST,N,2021,MONDAY,SINGLE VEHICLE,N,Y,49.275593,-123.003173,N,MAY,N,BURNABY,BURNABY,BURNABY,N,N,N,LOWER MAINLAND,PARKER ST & WILLINGDON AVE,WILLINGDON AVE,WILLINGDON AVE,15:00-17:59,1,0
N,PROPERTY DAMAGE ONLY,PINETREE WAY,N,2021,MONDAY,REAR END,N,Y,49.276261,-122.797294,N,MAY,N,COQUITLAM,COQUITLAM,COQUITLAM,N,N,N,LOWER MAINLAND,BARNET HWY & LOUGHEED HWY & PINETREE WAY & TURNING LANE,LOUGHEED HWY,LOUGHEED HWY,15:00-17:59,1,0
N,PROPERTY DAMAGE ONLY,PINETREE WAY,N,2021,MONDAY,SIDE IMPACT,N,Y,49.281725,-122.793291,N,MAY,N,COQUITLAM,COQUITLAM,COQUITLAM,Y,Y,N,LOWER MAINLAND,ATLANTIC AVE & PINETREE WAY & TURNING LANE,ATLANTIC AVE,ATLANTIC AVE,15:00-17:59,1,0
N,PROPERTY DAMAGE ONLY,PONDEROSA DR,N,2021,MONDAY,UNDETERMINED,N,Y,49.753386,-114.893873,N,MAY,N,SPARWOOD,SPARWOOD,SPARWOOD,N,N,N,SOUTHERN INTERIOR,CHERRYWOOD BLVD & CYPRESS DR & PONDEROSA DR,CYPRESS DR,CYPRESS DR,15:00-17:59,1,0
N,PROPERTY DAMAGE ONLY,QUEENSBOROUGH BRIDGE,N,2021,MONDAY,REAR END,N,Y,49.197808,-122.948705,N,MAY,N,BURNABY,BURNABY,BURNABY & NEW WESTMINSTER,N,N,N,LOWER MAINLAND,HWY 91A & MARINE WAY & MARINE WAY OFFRAMP & MARINE WAY ONRAMP & QUEENSBOROUGH BRIDGE & SIXTH AVE OFFRAMP & SIXTH AVE ONRAMP & STEWARDSON WAY & STEWARDSON WAY OFFRAMP & STEWARDSON WAY ONRAMP & TWENTY-THIRD ST & EMERGENCY LANE,HWY 91A,HWY 91A,15:00-17:59,1,0
N,PROPERTY DAMAGE ONLY,RENFREW ST,N,2021,MONDAY,SIDE SWIPE - SAME DIRECTION,N,Y,49.281155,-123.044034,N,MAY,N,VANCOUVER,VANCOUVER,VANCOUVER,N,N,N,LOWER MAINLAND,E HASTINGS ST & RENFREW ST,E HASTINGS ST,E HASTINGS ST,15:00-17:59,1,0
N,PROPERTY DAMAGE ONLY,ROBINSON ST,N,2021,MONDAY,SIDE IMPACT,N,Y,49.256637,-122.879831,N,MAY,N,COQUITLAM,COQUITLAM,COQUITLAM,N,N,N,LOWER MAINLAND,FOSTER AVE & ROBINSON ST,FOSTER AVE,FOSTER AVE,15:00-17:59,1,0
N,PROPERTY DAMAGE ONLY,SALISBURY AVE,N,2021,MONDAY,REAR END,N,Y,49.218429,-122.957522,N,MAY,N,BURNABY,BURNABY,BURNABY,N,N,N,LOWER MAINLAND,KINGSWAY & SALISBURY AVE,KINGSWAY,KINGSWAY,15:00-17:59,1,0
N,PROPERTY DAMAGE ONLY,SCOTT RD,N,2021,MONDAY,REAR END,N,Y,49.159584,-122.890346,N,MAY,N,DELTA,DELTA,DELTA & SURREY,N,N,N,LOWER MAINLAND,120 ST & 86 AVE,86 AVE,86 AVE,15:00-17:59,1,0
N,PROPERTY DAMAGE ONLY,SE MARINE DR OFFRAMP,N,2021,MONDAY,CONFLICTED,N,Y,49.211079,-123.077129,N,MAY,N,VANCOUVER,VANCOUVER,VANCOUVER,N,N,N,LOWER MAINLAND,KNIGHT ST & KNIGHT ST BRIDGE & SE MARINE DR & SE MARINE DR OFFRAMP & SE MARINE DR ONRAMP & BUS LANE,KNIGHT ST,KNIGHT ST,15:00-17:59,1,0
N,PROPERTY DAMAGE ONLY,SEYMOUR ST,N,2021,MONDAY,SIDE IMPACT,N,Y,50.674955,-120.334397,N,MAY,N,KAMLOOPS,KAMLOOPS,KAMLOOPS,N,N,N,SOUTHERN INTERIOR,3RD AVE & SEYMOUR ST,3RD AVE,3RD AVE,15:00-17:59,1,0
N,PROPERTY DAMAGE ONLY,SHAUGHNESSY ST,N,2021,MONDAY,REAR END,N,Y,49.254583,-122.782641,N,MAY,N,PORT COQUITLAM,PORT COQUITLAM,PORT COQUITLAM,N,N,N,LOWER MAINLAND,PITT RIVER RD & SHAUGHNESSY ST,PITT RIVER RD,PITT RIVER RD,15:00-17:59,1,0
N,PROPERTY DAMAGE ONLY,SHUSWAP ST NW,N,2021,MONDAY,SIDE IMPACT,N,Y,50.700663,-119.285051,N,MAY,N,SALMON ARM,SALMON ARM,SALMON ARM,N,N,N,SOUTHERN INTERIOR,HUDSON AVE NE & HUDSON AVE NW & SHUSWAP ST NE & SHUSWAP ST NW,HUDSON AVE NW,HUDSON AVE NW,15:00-17:59,1,0
N,PROPERTY DAMAGE ONLY,SIMON AVE,N,2021,MONDAY,SIDE IMPACT,N,Y,49.053366,-122.31972,N,MAY,N,ABBOTSFORD,ABBOTSFORD,ABBOTSFORD,N,N,N,LOWER MAINLAND,ALLWOOD ST & SIMON AVE,ALLWOOD ST,ALLWOOD ST,15:00-17:59,1,0
N,PROPERTY DAMAGE ONLY,SOOKE RD,N,2021,MONDAY,SINGLE VEHICLE,N,N,\N,\N,N,MAY,N,UNKNOWN,UNKNOWN,\N,N,N,N,UNKNOWN,UNKNOWN,JASON LN,JASON LN,15:00-17:59,1,0
N,PROPERTY DAMAGE ONLY,SPRINGFIELD RD,N,2021,MONDAY,UNDETERMINED,N,Y,49.87723,-119.45454,N,MAY,N,KELOWNA,KELOWNA,KELOWNA,N,Y,N,SOUTHERN INTERIOR,SPALL RD & SPRINGFIELD RD,SPALL RD,SPALL RD,15:00-17:59,1,0
N,PROPERTY DAMAGE ONLY,SPROTT ST,N,2021,MONDAY,REAR END,N,Y,49.249952,-122.973637,N,MAY,N,BURNABY,BURNABY,BURNABY,N,N,N,LOWER MAINLAND,SPROTT ST & TRANS-CANADA HWY,HWY 1,HWY 1,15:00-17:59,1,0
N,PROPERTY DAMAGE ONLY,STATION ST,N,2021,MONDAY,REAR END,N,Y,49.272485,-123.098097,N,MAY,N,VANCOUVER,VANCOUVER,VANCOUVER,N,N,N,LOWER MAINLAND,STATION ST & TERMINAL AVE,TERMINAL AVE,TERMINAL AVE,15:00-17:59,1,0
N,PROPERTY DAMAGE ONLY,SUSSEX AVE,N,2021,MONDAY,REAR END,N,Y,49.221947,-123.004999,N,MAY,N,BURNABY,BURNABY,BURNABY,N,N,N,LOWER MAINLAND,IMPERIAL ST & SUSSEX AVE,IMPERIAL ST,IMPERIAL ST,15:00-17:59,1,0
N,PROPERTY DAMAGE ONLY,TAHLTAN RD,N,2021,MONDAY,UNDETERMINED,N,Y,56.241179,-120.866366,N,MAY,N,FORT ST. JOHN,FORT ST. JOHN,FORT ST. JOHN,N,N,N,NORTH CENTRAL,111 ST & TAHLTAN RD,111 ST,111 ST,15:00-17:59,1,0
N,PROPERTY DAMAGE ONLY,TAYLOR WAY OFFRAMP,N,2021,MONDAY,REAR END,N,Y,49.337695,-123.13481,N,MAY,N,WEST VANCOUVER,WEST VANCOUVER,WEST VANCOUVER,N,N,N,LOWER MAINLAND,TAYLOR WAY & TAYLOR WAY OFFRAMP & TAYLOR WAY ONRAMP & TRANS-CANADA HWY & TRANS-CANADA HWY ONRAMP & WESTCOT RD & TURNING LANE,HWY 1,HWY 1,15:00-17:59,1,0
N,PROPERTY DAMAGE ONLY,THRIFT AVE,N,2021,MONDAY,SIDE IMPACT,N,Y,49.027547,-122.798428,N,MAY,N,WHITE ROCK,WHITE ROCK,WHITE ROCK,N,N,N,LOWER MAINLAND,FIR ST & THRIFT AVE,FIR ST,FIR ST,15:00-17:59,1,0
N,PROPERTY DAMAGE ONLY,TOWNLINE RD,N,2021,MONDAY,REAR END,N,Y,49.054195,-122.359983,N,MAY,N,ABBOTSFORD,ABBOTSFORD,ABBOTSFORD,N,N,N,LOWER MAINLAND,MACLURE RD & TOWNLINE RD & TURNING LANE,MACLURE RD,MACLURE RD,15:00-17:59,1,0
N,PROPERTY DAMAGE ONLY,TRETHEWEY ST,N,2021,MONDAY,REAR END,N,Y,49.055057,-122.326767,N,MAY,N,ABBOTSFORD,ABBOTSFORD,ABBOTSFORD,N,N,N,LOWER MAINLAND,GEORGE FERGUSON WAY & TRETHEWEY ST,GEORGE FERGUSON WAY,GEORGE FERGUSON WAY,15:00-17:59,1,0
N,PROPERTY DAMAGE ONLY,UNITED BLVD,N,2021,MONDAY,REAR END,N,Y,49.219251,-122.812916,N,MAY,N,COQUITLAM,COQUITLAM,COQUITLAM,N,N,N,LOWER MAINLAND,COLEMAN AVE & COLEMAN AVE ONRP & FAWCETT RD & HWY 7 OFRP & HWY 7B OFRP & LEEDER ST & LOUGHEED HWY & LOUGHEED HWY ONRP & MARY HILL BYPASS & MARY HILL BYPASS ONRP & TRANS-CANADA HWY & TRANS-CANADA HWY OFRP & TRANS-CANADA HWY ONRP & UNITED BLVD & UNITED BLV,LOUGHEED HWY,LOUGHEED HWY,15:00-17:59,1,0
N,PROPERTY DAMAGE ONLY,UNKNOWN,N,2021,MONDAY,MULTIPLE IMPACTS,N,N,\N,\N,N,MAY,N,PRINCE GEORGE,PRINCE GEORGE,\N,Y,Y,N,NORTH CENTRAL,UNKNOWN,UNKNOWN,UNKNOWN,15:00-17:59,1,0
N,PROPERTY DAMAGE ONLY,UNKNOWN,N,2021,MONDAY,REAR END,N,N,\N,\N,N,MAY,N,BURNABY,BURNABY,\N,N,N,N,LOWER MAINLAND,UNKNOWN,UNKNOWN,UNKNOWN,15:00-17:59,1,0
N,PROPERTY DAMAGE ONLY,UNKNOWN,N,2021,MONDAY,SIDE IMPACT,N,N,\N,\N,N,MAY,N,VANCOUVER,VANCOUVER,\N,N,N,N,LOWER MAINLAND,UNKNOWN,CLARK DR,CLARK DR,15:00-17:59,1,0
N,PROPERTY DAMAGE ONLY,UNKNOWN,N,2021,MONDAY,SINGLE VEHICLE,N,N,\N,\N,N,MAY,N,PENTICTON,PENTICTON,\N,N,N,N,SOUTHERN INTERIOR,UNKNOWN,HWY 97,HWY 97,15:00-17:59,1,0
N,PROPERTY DAMAGE ONLY,UNKNOWN,N,2021,MONDAY,UNDETERMINED,N,N,\N,\N,N,MAY,N,MAPLE RIDGE,MAPLE RIDGE,\N,N,N,N,LOWER MAINLAND,UNKNOWN,DEWDNEY TRUNK RD,DEWDNEY TRUNK RD,15:00-17:59,1,0
N,PROPERTY DAMAGE ONLY,VEDDER RD,N,2021,MONDAY,REAR END,N,Y,49.111297,-121.957926,N,MAY,N,CHILLIWACK,CHILLIWACK,CHILLIWACK,N,N,N,LOWER MAINLAND,PROMONTORY RD & VEDDER RD & WATSON RD,WATSON RD,WATSON RD,15:00-17:59,1,0
N,PROPERTY DAMAGE ONLY,VEDDER RD,N,2021,MONDAY,SIDE IMPACT,N,Y,49.13806,-121.958738,N,MAY,N,CHILLIWACK,CHILLIWACK,CHILLIWACK,N,Y,N,LOWER MAINLAND,KNIGHT RD & VEDDER RD,KNIGHT RD,KNIGHT RD,15:00-17:59,1,0
N,PROPERTY DAMAGE ONLY,VEDDER RD,N,2021,MONDAY,SIDE SWIPE - SAME DIRECTION,N,Y,49.103912,-121.962587,N,MAY,N,CHILLIWACK,CHILLIWACK,CHILLIWACK,N,N,N,LOWER MAINLAND,KEITH WILSON RD & VEDDER RD,KEITH WILSON RD,KEITH WILSON RD,15:00-17:59,1,0
N,PROPERTY DAMAGE ONLY,VERNON DR,N,2021,MONDAY,UNDETERMINED,N,Y,49.276812,-123.079305,N,MAY,N,VANCOUVER,VANCOUVER,VANCOUVER,N,N,N,LOWER MAINLAND,VENABLES ST & VERNON DR,VENABLES ST,VENABLES ST,15:00-17:59,1,0
N,PROPERTY DAMAGE ONLY,W 10TH AVE,N,2021,MONDAY,UNDETERMINED,N,Y,49.262485,-123.129037,N,MAY,N,VANCOUVER,VANCOUVER,VANCOUVER,N,N,N,LOWER MAINLAND,SPRUCE ST & W 10TH AVE,SPRUCE ST,SPRUCE ST,15:00-17:59,1,0
N,PROPERTY DAMAGE ONLY,W 12TH AVE,N,2021,MONDAY,SIDE IMPACT,N,Y,49.260441,-123.117629,N,MAY,N,VANCOUVER,VANCOUVER,VANCOUVER,Y,Y,N,LOWER MAINLAND,ASH ST & W 12TH AVE,ASH ST,ASH ST,15:00-17:59,1,0
N,PROPERTY DAMAGE ONLY,W 16TH AVE,N,2021,MONDAY,CONFLICTED,N,Y,49.257053,-123.138793,N,MAY,N,VANCOUVER,VANCOUVER,VANCOUVER,N,N,N,LOWER MAINLAND,GRANVILLE ST & MARPOLE AVE & W 16TH AVE,GRANVILLE ST,GRANVILLE ST,15:00-17:59,1,0
N,PROPERTY DAMAGE ONLY,W 17TH AVE,N,2021,MONDAY,CONFLICTED,N,Y,49.255869,-123.115114,N,MAY,N,VANCOUVER,VANCOUVER,VANCOUVER,Y,N,N,LOWER MAINLAND,CAMBIE ST & W 17TH AVE,CAMBIE ST,CAMBIE ST,15:00-17:59,1,0
N,PROPERTY DAMAGE ONLY,W 2ND AVE,N,2021,MONDAY,SIDE IMPACT,N,Y,49.269901,-123.152702,N,MAY,N,VANCOUVER,VANCOUVER,VANCOUVER,N,N,N,LOWER MAINLAND,ARBUTUS ST & W 2ND AVE,ARBUTUS ST,ARBUTUS ST,15:00-17:59,1,0
N,PROPERTY DAMAGE ONLY,W 41,N,2021,MONDAY,UNDETERMINED,N,N,\N,\N,N,MAY,N,VANCOUVER,VANCOUVER,\N,Y,Y,N,LOWER MAINLAND,UNKNOWN,VICTORIA,VICTORIA,15:00-17:59,1,0
N,PROPERTY DAMAGE ONLY,W 45TH AVE,N,2021,MONDAY,SIDE IMPACT,N,Y,49.231001,-123.167425,N,MAY,N,VANCOUVER,VANCOUVER,VANCOUVER,N,N,N,LOWER MAINLAND,MACDONALD ST & W 45TH AVE,MACDONALD ST,MACDONALD ST,15:00-17:59,1,0
N,PROPERTY DAMAGE ONLY,W 49TH AVE,N,2021,MONDAY,CONFLICTED,N,Y,49.227367,-123.171556,N,MAY,N,VANCOUVER,VANCOUVER,VANCOUVER,N,N,N,LOWER MAINLAND,CEDARHURST ST & SW MARINE DR & W 49TH AVE,SW MARINE DR,SW MARINE DR,15:00-17:59,1,0
N,PROPERTY DAMAGE ONLY,W 4TH AVE,N,2021,MONDAY,SIDE SWIPE - SAME DIRECTION,Y,Y,49.267898,-123.138396,N,MAY,N,VANCOUVER,VANCOUVER,VANCOUVER,N,N,N,LOWER MAINLAND,FIR ST & FIR ST OFFRAMP & GRANVILLE BRIDGE & HEMLOCK ST ONRAMP & W 4TH AVE & W 4TH AVE OFFRAMP & BUS LANE,FIR ST,FIR ST,15:00-17:59,1,0
N,PROPERTY DAMAGE ONLY,W 6TH AVE,N,2021,MONDAY,REAR END,N,Y,49.265912,-123.119784,N,MAY,N,VANCOUVER,VANCOUVER,VANCOUVER,N,N,N,LOWER MAINLAND,HEATHER ST & W 6TH AVE,HEATHER ST,HEATHER ST,15:00-17:59,1,0
N,PROPERTY DAMAGE ONLY,W 6TH AVE,N,2021,MONDAY,SIDE SWIPE - SAME DIRECTION,N,Y,49.265645,-123.109461,N,MAY,N,VANCOUVER,VANCOUVER,VANCOUVER,Y,N,N,LOWER MAINLAND,COLUMBIA ST & W 6TH AVE,COLUMBIA ST,COLUMBIA ST,15:00-17:59,1,0
N,PROPERTY DAMAGE ONLY,W 7TH AVE,N,2021,MONDAY,UNDETERMINED,N,Y,49.265063,-123.119811,N,MAY,N,VANCOUVER,VANCOUVER,VANCOUVER,N,N,N,LOWER MAINLAND,HEATHER ST & W 7TH AVE,HEATHER ST,HEATHER ST,15:00-17:59,1,0
N,PROPERTY DAMAGE ONLY,W 7TH AVE,N,2021,MONDAY,UNDETERMINED,N,Y,49.265866,-123.173931,N,MAY,N,VANCOUVER,VANCOUVER,VANCOUVER,Y,N,N,LOWER MAINLAND,BALACLAVA ST & W 7TH AVE,BALACLAVA ST,BALACLAVA ST,15:00-17:59,1,0
N,PROPERTY DAMAGE ONLY,WEMBLEY RD,N,2021,MONDAY,SIDE IMPACT,N,Y,49.344549,-124.358644,N,MAY,N,PARKSVILLE,PARKSVILLE,PARKSVILLE,Y,N,N,VANCOUVER ISLAND,ISLAND HWY W & WEMBLEY RD,HWY 19A,HWY 19A,15:00-17:59,1,0
N,PROPERTY DAMAGE ONLY,WHITMAN RD,N,2021,MONDAY,SIDE IMPACT,N,Y,49.915939,-119.441903,N,MAY,N,KELOWNA,KELOWNA,KELOWNA,Y,N,N,SOUTHERN INTERIOR,DRYSDALE BLVD & WHITMAN RD,DRYSDALE BLVD,DRYSDALE BLVD,15:00-17:59,1,0
N,PROPERTY DAMAGE ONLY,WILLINGDON AVE,N,2021,MONDAY,REAR END,N,Y,49.230223,-123.004835,N,MAY,N,BURNABY,BURNABY,BURNABY,N,N,N,LOWER MAINLAND,KINGSWAY & WILLINGDON AVE & TURNING LANE,KINGSWAY,KINGSWAY,15:00-17:59,1,0
N,PROPERTY DAMAGE ONLY,WILLINGDON AVE,N,2021,MONDAY,REAR END,N,Y,49.275593,-123.003173,N,MAY,N,BURNABY,BURNABY,BURNABY,N,N,N,LOWER MAINLAND,PARKER ST & WILLINGDON AVE,PARKER ST,PARKER ST,15:00-17:59,1,0
N,PROPERTY DAMAGE ONLY,WOODLAND DR,N,2021,MONDAY,SIDE IMPACT,N,Y,49.34174,-124.375114,N,MAY,N,PARKSVILLE,PARKSVILLE,PARKSVILLE,N,N,N,VANCOUVER ISLAND,MILLER RD & WOODLAND DR,MILLER RD,MILLER RD,15:00-17:59,1,0
N,PROPERTY DAMAGE ONLY,YATES ST,N,2021,MONDAY,SIDE SWIPE - OPPOSITE DIRECTION,Y,Y,48.425388,-123.356494,N,MAY,N,VICTORIA,VICTORIA,VICTORIA,N,N,N,VANCOUVER ISLAND,VANCOUVER ST & YATES ST,VANCOUVER ST,VANCOUVER ST,15:00-17:59,1,0
N,PROPERTY DAMAGE ONLY,YUKON ST,N,2021,MONDAY,SINGLE VEHICLE,N,Y,49.256827,-123.113172,N,MAY,N,VANCOUVER,VANCOUVER,VANCOUVER,N,N,N,LOWER MAINLAND,W 16TH AVE & YUKON ST,W 16TH AVE,W 16TH AVE,15:00-17:59,1,0
N,PROPERTY DAMAGE ONLY,YUKON ST,N,2021,MONDAY,UNDETERMINED,Y,Y,49.263179,-123.112891,N,MAY,N,VANCOUVER,VANCOUVER,VANCOUVER,N,N,N,LOWER MAINLAND,W BROADWAY & YUKON ST,W BROADWAY,W BROADWAY,15:00-17:59,1,0
Y,CASUALTY CRASH,\N,N,2021,MONDAY,SINGLE VEHICLE,N,N,\N,\N,N,MAY,N,LITTLE FORT,LITTLE FORT,\N,N,N,N,SOUTHERN INTERIOR,UNKNOWN,HWY 5,HWY 5,15:00-17:59,1,1
Y,PROPERTY DAMAGE ONLY,\N,N,2021,MONDAY,SINGLE VEHICLE,N,N,\N,\N,N,MAY,N,ELKO,ELKO,\N,N,N,N,SOUTHERN INTERIOR,UNKNOWN,MOTS HILL,MOTS HILL,15:00-17:59,1,0
Y,PROPERTY DAMAGE ONLY,\N,N,2021,MONDAY,SINGLE VEHICLE,N,N,\N,\N,N,MAY,N,NEWGATE,NEWGATE,\N,N,N,N,SOUTHERN INTERIOR,UNKNOWN,KIKOMUN-NEWGATE RD,KIKOMUN-NEWGATE RD,15:00-17:59,1,0
Y,PROPERTY DAMAGE ONLY,\N,N,2021,MONDAY,SINGLE VEHICLE,N,N,\N,\N,N,MAY,N,UNKNOWN,UNKNOWN,\N,N,N,N,UNKNOWN,UNKNOWN,LAKEVIEW- ARROW CREEK RD,LAKEVIEW- ARROW CREEK RD,15:00-17:59,1,0
Y,PROPERTY DAMAGE ONLY,\N,N,2021,MONDAY,SINGLE VEHICLE,N,N,\N,\N,N,MAY,N,WILLIAMS LAKE,WILLIAMS LAKE,\N,N,N,N,NORTH CENTRAL,UNKNOWN,HWY 20,HWY 20,15:00-17:59,1,0
Y,PROPERTY DAMAGE ONLY,\N,N,2021,MONDAY,SINGLE VEHICLE,Y,N,\N,\N,N,MAY,N,MERRITT,MERRITT,\N,N,N,N,SOUTHERN INTERIOR,UNKNOWN,HWY 97C,HWY 97C,15:00-17:59,1,0
Y,PROPERTY DAMAGE ONLY,HWY 17,N,2021,MONDAY,SINGLE VEHICLE,N,N,\N,\N,N,MAY,N,VANDERHOOF,VANDERHOOF,\N,N,N,N,NORTH CENTRAL,UNKNOWN,MAPES ROAD,MAPES ROAD,15:00-17:59,1,0
