ANIMAL_FLAG,CRASH_SEVERITY,CROSS_STREET_FULL_NAME,CYCLIST_FLAG,DATE_OF_LOSS_YEAR,DAY_OF_WEEK,DERIVED_CRASH_CONFIGURATION,HEAVY_VEH_FLAG,INTERSECTION_CRASH,LATITUDE,LONGITUDE,MID_BLOCK_CRASH,MONTH_OF_YEAR,MOTORCYCLE_FLAG,Municipality Name (ifnull),MUNICIPALITY_NAME,MUNICIPALITY_WITH_BOUNDARY,PARKED_VEHICLE_FLAG,PARKING_LOT_FLAG,PEDESTRIAN_FLAG,REGION,ROAD_LOCATION_DESCRIPTION,Street Full Name (ifnull),STREET_FULL_NAME,TIME_CATEGORY,TOTAL_CRASHES,TOTAL_VICTIMS
N,CASUALTY CRASH,\N,N,2021,SATURDAY,HEAD ON,N,N,\N,\N,N,NOVEMBER,N,SICAMOUS,SICAMOUS,\N,N,N,N,SOUTHERN INTERIOR,UNKNOWN,HWY 1,HWY 1,18:00-20:59,1,1
N,CASUALTY CRASH,\N,N,2021,SATURDAY,REAR END,N,N,\N,\N,N,NOVEMBER,N,VANCOUVER,VANCOUVER,\N,N,N,N,LOWER MAINLAND,UNKNOWN,HWY 1,HWY 1,18:00-20:59,1,1
N,CASUALTY CRASH,\N,N,2021,SATURDAY,REAR END,N,N,49.228116,-122.998531,Y,NOVEMBER,N,BURNABY,BURNABY,BURNABY,Y,Y,N,LOWER MAINLAND,KINGSWAY # 004700 TO 004749,KINGSWAY,KINGSWAY,18:00-20:59,1,1
N,CASUALTY CRASH,\N,N,2021,SATURDAY,REAR END,N,N,49.281138,-123.030071,Y,NOVEMBER,N,VANCOUVER,VANCOUVER,VANCOUVER,N,Y,N,LOWER MAINLAND,E HASTINGS ST # 003400 TO 003458 even,E HASTINGS ST,E HASTINGS ST,18:00-20:59,1,1
N,CASUALTY CRASH,\N,N,2021,SATURDAY,REAR END,N,N,49.325802,-123.137159,Y,NOVEMBER,N,WEST VANCOUVER,WEST VANCOUVER,WEST VANCOUVER,N,Y,N,LOWER MAINLAND,PARK ROYAL SOUTH # 000900 TO 001130,PARK ROYAL SOUTH,PARK ROYAL SOUTH,18:00-20:59,1,2
N,CASUALTY CRASH,\N,N,2021,SATURDAY,SIDE IMPACT,N,N,49.017182,-122.792073,Y,NOVEMBER,N,WHITE ROCK,WHITE ROCK,WHITE ROCK,N,N,N,LOWER MAINLAND,MARINE DR # 015470 TO 015599,MARINE DR,MARINE DR,18:00-20:59,1,1
N,CASUALTY CRASH,\N,N,2021,SATURDAY,SIDE IMPACT,N,N,49.127108,-122.863628,Y,NOVEMBER,N,SURREY,SURREY,SURREY,N,N,N,LOWER MAINLAND,KILBURN PL # 006800 TO 006879,KILBURN PL,KILBURN PL,18:00-20:59,1,1
N,CASUALTY CRASH,\N,N,2021,SATURDAY,SIDE IMPACT,N,N,49.169442,-122.812326,Y,NOVEMBER,N,SURREY,SURREY,SURREY,N,Y,N,LOWER MAINLAND,148 ST # 009150 TO 009198,148 ST,148 ST,18:00-20:59,1,2
N,CASUALTY CRASH,\N,N,2021,SATURDAY,SIDE IMPACT,Y,N,\N,\N,N,NOVEMBER,N,MAPLE RIDGE,MAPLE RIDGE,\N,N,N,N,LOWER MAINLAND,UNKNOWN,LOUGHEED HWY,LOUGHEED HWY,18:00-20:59,1,1
N,CASUALTY CRASH,\N,N,2021,SATURDAY,SIDE SWIPE - SAME DIRECTION,Y,N,\N,\N,N,NOVEMBER,N,FORT ST. JAMES,FORT ST. JAMES,\N,N,N,N,NORTH CENTRAL,UNKNOWN,HWY 27,HWY 27,18:00-20:59,1,1
N,CASUALTY CRASH,\N,N,2021,SATURDAY,SINGLE VEHICLE,N,N,\N,\N,N,NOVEMBER,N,ABBOTSFORD,ABBOTSFORD,\N,N,N,N,LOWER MAINLAND,UNKNOWN,HWY 1,HWY 1,18:00-20:59,1,1
N,CASUALTY CRASH,\N,N,2021,SATURDAY,SINGLE VEHICLE,N,N,\N,\N,N,NOVEMBER,N,DELTA,DELTA,\N,N,N,N,LOWER MAINLAND,UNKNOWN,HWY 99,HWY 99,18:00-20:59,1,2
N,CASUALTY CRASH,\N,N,2021,SATURDAY,SINGLE VEHICLE,N,N,\N,\N,N,NOVEMBER,N,KAMLOOPS,KAMLOOPS,\N,N,N,N,SOUTHERN INTERIOR,UNKNOWN,HWY 5,HWY 5,18:00-20:59,1,2
N,CASUALTY CRASH,\N,N,2021,SATURDAY,SINGLE VEHICLE,N,N,\N,\N,N,NOVEMBER,N,MERRITT,MERRITT,\N,N,N,N,SOUTHERN INTERIOR,UNKNOWN,HWY 5,HWY 5,18:00-20:59,1,2
N,CASUALTY CRASH,\N,N,2021,SATURDAY,SINGLE VEHICLE,N,N,\N,\N,N,NOVEMBER,N,SURREY,SURREY,\N,N,N,N,LOWER MAINLAND,UNKNOWN,PATULLO BRIDGE,PATULLO BRIDGE,18:00-20:59,1,1
N,CASUALTY CRASH,\N,N,2021,SATURDAY,SINGLE VEHICLE,N,N,\N,\N,N,NOVEMBER,N,VICTORIA,VICTORIA,\N,N,N,N,VANCOUVER ISLAND,UNKNOWN,TRANS CANADA HIGHWAY,TRANS CANADA HIGHWAY,18:00-20:59,1,1
N,CASUALTY CRASH,\N,N,2021,SATURDAY,SINGLE VEHICLE,N,N,\N,\N,N,NOVEMBER,N,WHISTLER,WHISTLER,\N,N,N,N,LOWER MAINLAND,UNKNOWN,HWY 99,HWY 99,18:00-20:59,1,1
N,CASUALTY CRASH,\N,N,2021,SATURDAY,SINGLE VEHICLE,N,N,49.193073,-122.808911,Y,NOVEMBER,N,SURREY,SURREY,SURREY,N,N,Y,LOWER MAINLAND,105 AVE # 014820 TO 014999,105 AVE,105 AVE,18:00-20:59,1,1
N,CASUALTY CRASH,\N,N,2021,SATURDAY,UNDETERMINED,N,N,\N,\N,N,NOVEMBER,N,POWELL RIVER,POWELL RIVER,\N,N,N,Y,VANCOUVER ISLAND,UNKNOWN,BARNET ST,BARNET ST,18:00-20:59,1,1
N,CASUALTY CRASH,\N,N,2021,SATURDAY,UNDETERMINED,N,N,49.138476,-122.879041,Y,NOVEMBER,N,SURREY,SURREY,SURREY,Y,N,N,LOWER MAINLAND,124 ST # 007400 TO 007499,124 ST,124 ST,18:00-20:59,1,1
N,CASUALTY CRASH,100 AVE,N,2021,SATURDAY,CONFLICTED,N,Y,49.184271,-122.834211,N,NOVEMBER,N,SURREY,SURREY,SURREY,N,N,N,LOWER MAINLAND,100 AVE & 140 ST,140 ST,140 ST,18:00-20:59,1,2
N,CASUALTY CRASH,100 AVE,N,2021,SATURDAY,CONFLICTED,N,Y,49.184272,-122.845453,N,NOVEMBER,N,SURREY,SURREY,SURREY,N,N,N,LOWER MAINLAND,100 AVE & KING GEORGE BLVD & OLD YALE RD,HWY 99A,HWY 99A,18:00-20:59,1,1
N,CASUALTY CRASH,10TH AVE,N,2021,SATURDAY,SIDE IMPACT,N,Y,49.25062,-124.79783,N,NOVEMBER,N,PORT ALBERNI,PORT ALBERNI,PORT ALBERNI,N,N,N,VANCOUVER ISLAND,10TH AVE & WALLACE ST,WALLACE ST,WALLACE ST,18:00-20:59,1,1
N,CASUALTY CRASH,120 ST,N,2021,SATURDAY,SIDE IMPACT,N,Y,49.155982,-122.890393,N,NOVEMBER,N,DELTA,DELTA,DELTA & SURREY,N,N,N,LOWER MAINLAND,120 ST & 84 AVE,84 AVE,84 AVE,18:00-20:59,1,2
N,CASUALTY CRASH,140 ST,N,2021,SATURDAY,REAR END,N,Y,49.162789,-122.834662,N,NOVEMBER,N,SURREY,SURREY,SURREY,N,N,N,LOWER MAINLAND,140 ST & 88 AVE,88 AVE,88 AVE,18:00-20:59,2,3
N,CASUALTY CRASH,144 ST,N,2021,SATURDAY,SIDE IMPACT,N,Y,49.184094,-122.823089,N,NOVEMBER,N,SURREY,SURREY,SURREY,N,N,N,LOWER MAINLAND,100 AVE & 144 ST,100 AVE,100 AVE,18:00-20:59,1,1
N,CASUALTY CRASH,148 ST,N,2021,SATURDAY,SIDE SWIPE - SAME DIRECTION,N,Y,49.133742,-122.812146,N,NOVEMBER,N,SURREY,SURREY,SURREY,N,N,N,LOWER MAINLAND,148 ST & 72 AVE,72 AVE,72 AVE,18:00-20:59,1,3
N,CASUALTY CRASH,200 ST,N,2021,SATURDAY,CONFLICTED,N,Y,49.111203,-122.668709,N,NOVEMBER,N,LANGLEY,LANGLEY,LANGLEY,N,N,N,LOWER MAINLAND,200 ST & LOGAN AVE & PRODUCTION WAY & TURNING LANE,LOGAN AVE,LOGAN AVE,18:00-20:59,1,3
N,CASUALTY CRASH,204 ST,N,2021,SATURDAY,CONFLICTED,N,Y,49.103515,-122.656565,N,NOVEMBER,N,LANGLEY,LANGLEY,LANGLEY,N,N,N,LOWER MAINLAND,204 ST & DOUGLAS CRES,DOUGLAS CRES,DOUGLAS CRES,18:00-20:59,1,1
N,CASUALTY CRASH,216 ST,N,2021,SATURDAY,CONFLICTED,N,Y,49.217037,-122.622845,N,NOVEMBER,N,MAPLE RIDGE,MAPLE RIDGE,MAPLE RIDGE,N,N,N,LOWER MAINLAND,216 ST & LOUGHEED HWY & TURNING LANE,LOUGHEED HWY,LOUGHEED HWY,18:00-20:59,1,3
N,CASUALTY CRASH,2500,N,2021,SATURDAY,SINGLE VEHICLE,N,N,\N,\N,N,NOVEMBER,N,CASTLEGAR,CASTLEGAR,\N,N,N,N,SOUTHERN INTERIOR,UNKNOWN,PASS CREEK RD,PASS CREEK RD,18:00-20:59,1,1
N,CASUALTY CRASH,4TH AVE,N,2021,SATURDAY,REAR END,N,Y,49.137143,-122.309506,N,NOVEMBER,N,MISSION,MISSION,MISSION,N,N,N,LOWER MAINLAND,4TH AVE & GRAND ST,GRAND ST,GRAND ST,18:00-20:59,1,1
N,CASUALTY CRASH,55A AVE,N,2021,SATURDAY,OVERTAKING,N,Y,49.103212,-122.668865,N,NOVEMBER,N,LANGLEY,LANGLEY,LANGLEY,N,N,N,LOWER MAINLAND,200 ST & 55A AVE,200 ST,200 ST,18:00-20:59,1,1
N,CASUALTY CRASH,72 AVE,N,2021,SATURDAY,SIDE IMPACT,N,Y,49.133553,-122.67032,N,NOVEMBER,N,LANGLEY,LANGLEY,LANGLEY,N,N,N,LOWER MAINLAND,199A ST & 72 AVE,199A ST,199A ST,18:00-20:59,1,2
N,CASUALTY CRASH,76 AVE,N,2021,SATURDAY,REAR END,N,Y,49.141025,-122.867918,N,NOVEMBER,N,SURREY,SURREY,SURREY,N,N,N,LOWER MAINLAND,128 ST & 76 AVE,128 ST,128 ST,18:00-20:59,1,1
N,CASUALTY CRASH,82 AVE,N,2021,SATURDAY,REAR END,N,Y,49.150255,-122.867964,N,NOVEMBER,N,SURREY,SURREY,SURREY,N,N,N,LOWER MAINLAND,128 ST & 82 AVE & TURNING LANE,128 ST,128 ST,18:00-20:59,2,5
N,CASUALTY CRASH,90 AVE,N,2021,SATURDAY,REAR END,N,Y,49.166821,-122.890365,N,NOVEMBER,N,DELTA,DELTA,DELTA & SURREY,N,N,N,LOWER MAINLAND,120 ST & 90 AVE,SCOTT RD,SCOTT RD,18:00-20:59,1,1
N,CASUALTY CRASH,98 AVE,N,2021,SATURDAY,REAR END,N,Y,49.180446,-122.80099,N,NOVEMBER,N,SURREY,SURREY,SURREY,N,N,N,LOWER MAINLAND,152 ST & 98 AVE,152 ST,152 ST,18:00-20:59,1,2
N,CASUALTY CRASH,ABBOTSFORD MISSION HWY,N,2021,SATURDAY,REAR END,N,Y,49.132934,-122.32613,N,NOVEMBER,N,MISSION,MISSION,MISSION,N,N,N,LOWER MAINLAND,CEDAR VALLEY CONN & HWY 11 & LOUGHEED HWY & MALL ACCESS & TURNING LANE,LOUGHEED HWY,LOUGHEED HWY,18:00-20:59,1,1
N,CASUALTY CRASH,AHBAU ST,N,2021,SATURDAY,REAR END,N,Y,53.920607,-122.784288,N,NOVEMBER,N,PRINCE GEORGE,PRINCE GEORGE,PRINCE GEORGE,N,N,N,NORTH CENTRAL,5TH AVE & AHBAU ST & LYON ST,5TH AVE,5TH AVE,18:00-20:59,1,1
N,CASUALTY CRASH,BEVERLY ST,N,2021,SATURDAY,REAR END,N,Y,48.786627,-123.706189,N,NOVEMBER,N,DUNCAN,DUNCAN,DUNCAN,N,N,N,VANCOUVER ISLAND,BEVERLY ST & TRANS-CANADA HWY & TURNING LANE,HWY 1,HWY 1,18:00-20:59,1,1
N,CASUALTY CRASH,BIRCH HILL,N,2021,SATURDAY,SINGLE VEHICLE,N,N,\N,\N,N,NOVEMBER,N,PRINCE GEORGE,PRINCE GEORGE,\N,N,N,N,NORTH CENTRAL,UNKNOWN,ISLE PIERRE RD,ISLE PIERRE RD,18:00-20:59,1,1
N,CASUALTY CRASH,BOUNDARY RD,N,2021,SATURDAY,CONFLICTED,N,Y,49.208167,-123.023671,N,NOVEMBER,N,VANCOUVER,VANCOUVER,VANCOUVER,N,N,N,LOWER MAINLAND,BOUNDARY RD & SE MARINE DR,SE MARINE DR,SE MARINE DR,18:00-20:59,1,4
N,CASUALTY CRASH,BOUNDARY RD,N,2021,SATURDAY,REAR END,N,Y,49.208167,-123.023671,N,NOVEMBER,N,VANCOUVER,VANCOUVER,VANCOUVER,N,N,N,LOWER MAINLAND,BOUNDARY RD & SE MARINE DR,SE MARINE DR,SE MARINE DR,18:00-20:59,1,1
N,CASUALTY CRASH,BUTE ST,Y,2021,SATURDAY,SINGLE VEHICLE,N,Y,49.285973,-123.126958,N,NOVEMBER,N,VANCOUVER,VANCOUVER,VANCOUVER,N,N,N,LOWER MAINLAND,BUTE ST & ROBSON ST,ROBSON ST,ROBSON ST,18:00-20:59,1,1
N,CASUALTY CRASH,CAMBIE ST,N,2021,SATURDAY,SIDE IMPACT,N,Y,49.252987,-123.115246,N,NOVEMBER,N,VANCOUVER,VANCOUVER,VANCOUVER,N,N,N,LOWER MAINLAND,CAMBIE ST & W 20TH AVE,W 20TH AVE,W 20TH AVE,18:00-20:59,1,2
N,CASUALTY CRASH,CAMPBELL RD,N,2021,SATURDAY,CONFLICTED,N,Y,49.878729,-119.523666,N,NOVEMBER,N,WEST KELOWNA,WEST KELOWNA,WEST KELOWNA,N,N,N,SOUTHERN INTERIOR,CAMPBELL RD & HWY 97 & HWY 97 OFFRAMP & SNEENA RD & WILLIAM R BENNETT FLOATING BRIDGE & CEMETERY ACCESS & HIGHWAY RAMP,HWY 97,HWY 97,18:00-20:59,1,4
N,CASUALTY CRASH,CANADA WAY,N,2021,SATURDAY,REAR END,N,Y,49.235491,-122.954465,N,NOVEMBER,N,BURNABY,BURNABY,BURNABY,N,N,N,LOWER MAINLAND,BURRIS ST & CANADA WAY,BURRIS ST,BURRIS ST,18:00-20:59,1,4
N,CASUALTY CRASH,CANADA WAY,N,2021,SATURDAY,SINGLE VEHICLE,N,Y,49.254663,-123.015097,N,NOVEMBER,N,BURNABY,BURNABY,BURNABY,N,N,Y,LOWER MAINLAND,CANADA WAY & CURLE AVE,CURLE AVE,CURLE AVE,18:00-20:59,1,1
N,CASUALTY CRASH,CEDAR VALLEY CONNECTR,N,2021,SATURDAY,REAR END,N,Y,49.132934,-122.32613,N,NOVEMBER,N,MISSION,MISSION,MISSION,N,N,N,LOWER MAINLAND,CEDAR VALLEY CONN & HWY 11 & LOUGHEED HWY & MALL ACCESS & TURNING LANE,HWY 11,HWY 11,18:00-20:59,1,1
N,CASUALTY CRASH,CLARK DR,N,2021,SATURDAY,REAR END,N,Y,49.283068,-123.077088,N,NOVEMBER,N,VANCOUVER,VANCOUVER,VANCOUVER,N,N,N,LOWER MAINLAND,CLARK DR & POWELL ST,POWELL ST,POWELL ST,18:00-20:59,1,1
N,CASUALTY CRASH,COCHRANE AVE,N,2021,SATURDAY,SINGLE VEHICLE,N,Y,49.252005,-122.892942,N,NOVEMBER,N,BURNABY,BURNABY,BURNABY & COQUITLAM,N,N,Y,LOWER MAINLAND,COCHRANE AVE & NORTH RD,NORTH RD,NORTH RD,18:00-20:59,1,1
N,CASUALTY CRASH,DAVIE ST,N,2021,SATURDAY,SIDE SWIPE - SAME DIRECTION,N,Y,49.277802,-123.127193,N,NOVEMBER,N,VANCOUVER,VANCOUVER,VANCOUVER,N,N,N,LOWER MAINLAND,DAVIE ST & HOWE ST,HOWE ST,HOWE ST,18:00-20:59,1,2
N,CASUALTY CRASH,DOVER ST,N,2021,SATURDAY,REAR END,N,Y,49.220531,-122.614036,N,NOVEMBER,N,MAPLE RIDGE,MAPLE RIDGE,MAPLE RIDGE,N,N,N,LOWER MAINLAND,DEWDNEY TRUNK RD & DOVER ST,DEWDNEY TRUNK RD,DEWDNEY TRUNK RD,18:00-20:59,1,1
N,CASUALTY CRASH,DUMFRIES ST,N,2021,SATURDAY,CONFLICTED,N,Y,49.218124,-123.0755,N,NOVEMBER,N,VANCOUVER,VANCOUVER,VANCOUVER,N,N,N,LOWER MAINLAND,DUMFRIES ST & E 57TH AVE,E 57TH AVE,E 57TH AVE,18:00-20:59,1,1
N,CASUALTY CRASH,DUNSMUIR ST,N,2021,SATURDAY,REAR END,N,Y,49.282984,-123.115396,N,NOVEMBER,N,VANCOUVER,VANCOUVER,VANCOUVER,N,N,N,LOWER MAINLAND,DUNSMUIR ST & SEYMOUR ST,SEYMOUR ST,SEYMOUR ST,18:00-20:59,1,1
N,CASUALTY CRASH,E 13TH AVE,N,2021,SATURDAY,SIDE IMPACT,N,Y,49.258813,-123.089195,N,NOVEMBER,N,VANCOUVER,VANCOUVER,VANCOUVER,N,N,N,LOWER MAINLAND,E 13TH AVE & FRASER ST,FRASER ST,FRASER ST,18:00-20:59,1,1
N,CASUALTY CRASH,E 15TH AVE,N,2021,SATURDAY,UNDETERMINED,N,Y,49.257507,-123.101198,N,NOVEMBER,N,VANCOUVER,VANCOUVER,VANCOUVER,N,N,N,LOWER MAINLAND,E 15TH AVE & MAIN ST,MAIN ST,MAIN ST,18:00-20:59,1,1
N,CASUALTY CRASH,E 28TH AVE,N,2021,SATURDAY,SINGLE VEHICLE,N,Y,49.245542,-123.09021,N,NOVEMBER,N,VANCOUVER,VANCOUVER,VANCOUVER,N,N,Y,LOWER MAINLAND,E 28TH AVE & FRASER ST,FRASER ST,FRASER ST,18:00-20:59,1,1
N,CASUALTY CRASH,EDGEMONT BLVD,N,2021,SATURDAY,SIDE IMPACT,N,Y,49.337493,-123.101901,N,NOVEMBER,N,NORTH VANCOUVER,NORTH VANCOUVER,NORTH VANCOUVER,N,N,N,LOWER MAINLAND,EDGEMONT BLVD & HIGHLAND BLVD,HIGHLAND BLVD,HIGHLAND BLVD,18:00-20:59,1,1
N,CASUALTY CRASH,ELMBRIDGE WAY,N,2021,SATURDAY,SIDE SWIPE - SAME DIRECTION,N,Y,49.172051,-123.144793,N,NOVEMBER,N,RICHMOND,RICHMOND,RICHMOND,N,N,N,LOWER MAINLAND,ALDERBRIDGE WAY & ELMBRIDGE WAY,ALDERBRIDGE WAY,ALDERBRIDGE WAY,18:00-20:59,1,1
N,CASUALTY CRASH,FINLAY ST,N,2021,SATURDAY,SIDE IMPACT,N,Y,49.027473,-122.790182,N,NOVEMBER,N,WHITE ROCK,WHITE ROCK,WHITE ROCK,N,N,N,LOWER MAINLAND,FINLAY ST & THRIFT AVE,THRIFT AVE,THRIFT AVE,18:00-20:59,1,1
N,CASUALTY CRASH,FIR ST,N,2021,SATURDAY,REAR END,N,Y,49.263614,-123.141026,N,NOVEMBER,N,VANCOUVER,VANCOUVER,VANCOUVER,N,N,N,LOWER MAINLAND,FIR ST & W BROADWAY,W BROADWAY,W BROADWAY,18:00-20:59,1,1
N,CASUALTY CRASH,FRASER HWY,N,2021,SATURDAY,REAR END,N,Y,49.138147,-122.734746,N,NOVEMBER,N,SURREY,SURREY,SURREY,N,N,N,LOWER MAINLAND,176 ST & FRASER HWY & HARVIE RD & TURNING LANE,HWY 15,HWY 15,18:00-20:59,1,1
N,CASUALTY CRASH,GERSTMAR RD,N,2021,SATURDAY,CONFLICTED,N,Y,49.878068999999996,-119.409476,N,NOVEMBER,N,KELOWNA,KELOWNA,KELOWNA,N,N,N,SOUTHERN INTERIOR,GERSTMAR RD & SPRINGFIELD RD,SPRINGFIELD RD,SPRINGFIELD RD,18:00-20:59,1,2
N,CASUALTY CRASH,GOLDSTREAM AVE,N,2021,SATURDAY,REAR END,N,Y,48.442157,-123.469617,N,NOVEMBER,N,COLWOOD,COLWOOD,COLWOOD,N,N,N,VANCOUVER ISLAND,GOLDSTREAM AVE & ISLAND HWY & SOOKE RD & MALL ACCESS & TURNING LANE,OLD ISLAND HWY,OLD ISLAND HWY,18:00-20:59,1,5
N,CASUALTY CRASH,HOWE,N,2021,SATURDAY,CONFLICTED,N,N,\N,\N,N,NOVEMBER,N,VANCOUVER,VANCOUVER,\N,N,N,N,LOWER MAINLAND,UNKNOWN,CORDOVA ST,CORDOVA ST,18:00-20:59,1,1
N,CASUALTY CRASH,HOWELLS RD,N,2021,SATURDAY,UNDETERMINED,N,Y,54.503394,-126.278703,N,NOVEMBER,N,TOPLEY,TOPLEY,TOPLEY,N,N,N,NORTH CENTRAL,HALE RD & HOWELLS RD,HALE RD,HALE RD,18:00-20:59,1,2
N,CASUALTY CRASH,HWY 1,N,2021,SATURDAY,REAR END,N,Y,49.257636,-123.004065,N,NOVEMBER,N,BURNABY,BURNABY,BURNABY,N,N,N,LOWER MAINLAND,GRANDVIEW HWY & GRANDVIEW HWY ONRAMP & TRANS-CANADA HWY & TRANS-CANADA HWY ONRAMP & WILLINGDON AVE & WILLINGDON AVE OFFRAMP & EMERGENCY LANE,WILLINGDON AVE OFFRAMP,WILLINGDON AVE OFFRAMP,18:00-20:59,1,1
N,CASUALTY CRASH,HWY 17,N,2021,SATURDAY,UNDETERMINED,N,Y,49.042875,-123.068691,N,NOVEMBER,N,DELTA,DELTA,DELTA,N,N,N,LOWER MAINLAND,56 ST & HWY 17 & TURNING LANE,56 ST,56 ST,18:00-20:59,1,1
N,CASUALTY CRASH,HWY 201,N,2021,SATURDAY,SINGLE VEHICLE,N,N,\N,\N,N,NOVEMBER,N,PENTICTON,PENTICTON,\N,N,N,N,SOUTHERN INTERIOR,UNKNOWN,BEAVERDELL RD,BEAVERDELL RD,18:00-20:59,1,1
N,CASUALTY CRASH,HWY 91A,N,2021,SATURDAY,REAR END,N,Y,49.188122,-122.94821,N,NOVEMBER,N,NEW WESTMINSTER,NEW WESTMINSTER,NEW WESTMINSTER,N,N,N,LOWER MAINLAND,HOWES ST & HOWES ST OFFRAMP & HOWES ST ONRAMP & HWY 91A & TURNING LANE,HOWES ST,HOWES ST,18:00-20:59,1,2
N,CASUALTY CRASH,HWY 97,N,2021,SATURDAY,SINGLE VEHICLE,N,Y,49.884331,-119.42902,N,NOVEMBER,N,KELOWNA,KELOWNA,KELOWNA,N,N,N,SOUTHERN INTERIOR,HWY 97 N & LECKIE RD & TURNING LANE,LECKIE RD,LECKIE RD,18:00-20:59,1,1
N,CASUALTY CRASH,INLET DR,N,2021,SATURDAY,SIDE IMPACT,N,Y,49.28059,-122.958772,N,NOVEMBER,N,BURNABY,BURNABY,BURNABY,N,N,N,LOWER MAINLAND,CLIFF AVE & HASTINGS ST & INLET DR & TURNING LANE,HASTINGS ST,HASTINGS ST,18:00-20:59,1,2
N,CASUALTY CRASH,KENSINGTON AVE OFFRAMP,N,2021,SATURDAY,REAR END,N,Y,49.243677,-122.967599,N,NOVEMBER,N,BURNABY,BURNABY,BURNABY,N,N,N,LOWER MAINLAND,KENSINGTON AVE & KENSINGTON AVE OFFRAMP & TRANS-CANADA HWY & TRANS-CANADA HWY ONRAMP,HWY 1,HWY 1,18:00-20:59,1,1
N,CASUALTY CRASH,KING GEORGE BLVD,N,2021,SATURDAY,REAR END,N,Y,49.177035,-122.845713,N,NOVEMBER,N,SURREY,SURREY,SURREY,N,N,N,LOWER MAINLAND,96 AVE & KING GEORGE BLVD & TURNING LANE,96 AVE,96 AVE,18:00-20:59,1,1
N,CASUALTY CRASH,KINGSWAY,N,2021,SATURDAY,CONFLICTED,N,Y,49.219925,-122.972035,N,NOVEMBER,N,BURNABY,BURNABY,BURNABY,N,N,N,LOWER MAINLAND,GILLEY AVE & KINGSWAY,GILLEY AVE,GILLEY AVE,18:00-20:59,1,1
N,CASUALTY CRASH,KINGSWAY,N,2021,SATURDAY,HEAD ON,N,Y,49.256565,-123.089884,N,NOVEMBER,N,VANCOUVER,VANCOUVER,VANCOUVER,N,N,N,LOWER MAINLAND,E 16TH AVE & FRASER ST & KINGSWAY & TURNING LANE,FRASER ST,FRASER ST,18:00-20:59,1,2
N,CASUALTY CRASH,KNIGHT ST,N,2021,SATURDAY,REAR END,N,Y,49.191996,-123.077454,N,NOVEMBER,N,RICHMOND,RICHMOND,RICHMOND,N,N,N,LOWER MAINLAND,BRIDGEPORT RD & BRIDGEPORT RD OFFRAMP & BRIDGEPORT RD ONRAMP & KNIGHT ST & KNIGHT ST BRIDGE & MANNINI WAY & TURNING LANE,BRIDGEPORT RD OFFRAMP,BRIDGEPORT RD OFFRAMP,18:00-20:59,1,1
N,CASUALTY CRASH,KNIGHT ST,N,2021,SATURDAY,UNDETERMINED,N,Y,49.240211,-123.076367,N,NOVEMBER,N,VANCOUVER,VANCOUVER,VANCOUVER,N,N,N,LOWER MAINLAND,E 33RD AVE & KNIGHT ST,E 33RD AVE,E 33RD AVE,18:00-20:59,1,3
N,CASUALTY CRASH,LANSDOWNE RD,N,2021,SATURDAY,SINGLE VEHICLE,N,Y,49.173863,-123.136744,N,NOVEMBER,N,RICHMOND,RICHMOND,RICHMOND,N,N,Y,LOWER MAINLAND,LANSDOWNE RD & NO 3 RD,NO 3 RD,NO 3 RD,18:00-20:59,1,1
N,CASUALTY CRASH,LIBRARY LANE,N,2021,SATURDAY,SINGLE VEHICLE,N,Y,49.333359,-123.039058,N,NOVEMBER,N,NORTH VANCOUVER,NORTH VANCOUVER,NORTH VANCOUVER,N,N,Y,LOWER MAINLAND,E 27TH ST & LIBRARY LANE,E 27TH ST,E 27TH ST,18:00-20:59,1,2
N,CASUALTY CRASH,LLOYD AVE,N,2021,SATURDAY,REAR END,N,Y,49.323815,-123.104899,N,NOVEMBER,N,NORTH VANCOUVER,NORTH VANCOUVER,NORTH VANCOUVER,N,N,N,LOWER MAINLAND,LLOYD AVE & MARINE DR,MARINE DR,MARINE DR,18:00-20:59,1,2
N,CASUALTY CRASH,LOUGHEED HWY,N,2021,SATURDAY,REAR END,N,Y,49.264897,-122.981205,N,NOVEMBER,N,BURNABY,BURNABY,BURNABY,N,N,N,LOWER MAINLAND,HOLDOM AVE & LOUGHEED HWY,HOLDOM AVE,HOLDOM AVE,18:00-20:59,1,1
N,CASUALTY CRASH,MACLURE RD,N,2021,SATURDAY,UNDETERMINED,N,Y,49.055201,-122.370416,N,NOVEMBER,N,ABBOTSFORD,ABBOTSFORD,ABBOTSFORD,Y,N,N,LOWER MAINLAND,BLUE JAY ST & FRASER HWY & LIVINGSTONE AVE & MACLURE RD,BLUE JAY ST,BLUE JAY ST,18:00-20:59,1,1
N,CASUALTY CRASH,MARINE DR,N,2021,SATURDAY,SIDE IMPACT,N,Y,49.328629,-123.160238,N,NOVEMBER,N,WEST VANCOUVER,WEST VANCOUVER,WEST VANCOUVER,N,N,N,LOWER MAINLAND,17TH ST & MARINE DR,17TH ST,17TH ST,18:00-20:59,1,1
N,CASUALTY CRASH,MCKINNON ST,N,2021,SATURDAY,REAR END,N,Y,49.224698,-123.038827,N,NOVEMBER,N,VANCOUVER,VANCOUVER,VANCOUVER,N,N,N,LOWER MAINLAND,E 49TH AVE & MCKINNON ST,E 49TH AVE,E 49TH AVE,18:00-20:59,1,1
N,CASUALTY CRASH,MILTON ST,N,2021,SATURDAY,UNDETERMINED,N,Y,49.157882,-123.933957,N,NOVEMBER,N,NANAIMO,NANAIMO,NANAIMO,N,N,N,VANCOUVER ISLAND,MILTON ST & NICOL ST & TURNING LANE,NICOL ST,NICOL ST,18:00-20:59,1,1
N,CASUALTY CRASH,MISSION WAY,N,2021,SATURDAY,CONFLICTED,N,Y,49.12951,-122.312292,N,NOVEMBER,N,MISSION,MISSION,MISSION,N,N,N,LOWER MAINLAND,LONDON AVE & MISSION WAY & TURNING LANE,LONDON AVE,LONDON AVE,18:00-20:59,1,2
N,CASUALTY CRASH,MT LEHMAN OVERPASS,N,2021,SATURDAY,SINGLE VEHICLE,N,Y,49.057984,-122.381472,N,NOVEMBER,N,ABBOTSFORD,ABBOTSFORD,ABBOTSFORD,N,N,N,LOWER MAINLAND,MT LEHMAN RD & TRANS-CANADA HWY,HWY 1,HWY 1,18:00-20:59,1,1
N,CASUALTY CRASH,NANAIMO ST,N,2021,SATURDAY,SIDE IMPACT,N,Y,49.269481,-123.056605,N,NOVEMBER,N,VANCOUVER,VANCOUVER,VANCOUVER,N,N,N,LOWER MAINLAND,E 1ST AVE & NANAIMO ST,E 1ST AVE,E 1ST AVE,18:00-20:59,1,2
N,CASUALTY CRASH,NORDEL WAY,N,2021,SATURDAY,SIDE IMPACT,N,Y,49.162,-122.912393,N,NOVEMBER,N,DELTA,DELTA,DELTA,N,N,N,LOWER MAINLAND,112 ST & NORDEL WAY,112 ST,112 ST,18:00-20:59,1,1
N,CASUALTY CRASH,OAK ST,N,2021,SATURDAY,CONFLICTED,N,Y,49.249237,-123.127511,N,NOVEMBER,N,VANCOUVER,VANCOUVER,VANCOUVER,N,N,N,LOWER MAINLAND,OAK ST & W KING EDWARD AVE,W KING EDWARD AVE,W KING EDWARD AVE,18:00-20:59,1,2
N,CASUALTY CRASH,PARK ST,N,2021,SATURDAY,SINGLE VEHICLE,N,Y,49.132977,-122.319506,N,NOVEMBER,N,MISSION,MISSION,MISSION,N,N,Y,LOWER MAINLAND,LOUGHEED HWY & PARK ST & MALL ACCESS,LOUGHEED HWY,LOUGHEED HWY,18:00-20:59,1,1
N,CASUALTY CRASH,PATTERSON AVE,N,2021,SATURDAY,REAR END,N,Y,49.221953,-123.012606,N,NOVEMBER,N,BURNABY,BURNABY,BURNABY,N,N,N,LOWER MAINLAND,IMPERIAL ST & PATTERSON AVE,IMPERIAL ST,IMPERIAL ST,18:00-20:59,1,1
N,CASUALTY CRASH,PITT RIVER RD,N,2021,SATURDAY,REAR END,N,Y,49.250608,-122.801299,N,NOVEMBER,N,COQUITLAM,COQUITLAM,COQUITLAM,N,N,N,LOWER MAINLAND,LOUGHEED HWY & PITT RIVER RD,HWY 7,HWY 7,18:00-20:59,1,3
N,CASUALTY CRASH,PITT RIVER RD,N,2021,SATURDAY,REAR END,N,Y,49.250608,-122.801299,N,NOVEMBER,N,COQUITLAM,COQUITLAM,COQUITLAM,N,N,N,LOWER MAINLAND,LOUGHEED HWY & PITT RIVER RD,LOUGHEED HWY,LOUGHEED HWY,18:00-20:59,1,2
N,CASUALTY CRASH,QUADRA ST,N,2021,SATURDAY,CONFLICTED,N,Y,48.4353,-123.358006,N,NOVEMBER,N,VICTORIA,VICTORIA,VICTORIA,N,N,N,VANCOUVER ISLAND,BAY ST & QUADRA ST,BAY ST,BAY ST,18:00-20:59,1,1
N,CASUALTY CRASH,QUADRA ST,N,2021,SATURDAY,HEAD ON,N,Y,48.455721,-123.35945,N,NOVEMBER,N,SAANICH,SAANICH,SAANICH,N,N,N,VANCOUVER ISLAND,CLOVERDALE AVE & COOK ST & QUADRA ST,CLOVERDALE AVE,CLOVERDALE AVE,18:00-20:59,1,1
N,CASUALTY CRASH,QUEENS AVE,N,2021,SATURDAY,SIDE IMPACT,N,Y,49.201662,-122.922856,N,NOVEMBER,N,NEW WESTMINSTER,NEW WESTMINSTER,NEW WESTMINSTER,N,N,N,LOWER MAINLAND,QUEENS AVE & TWELFTH ST,12TH ST,12TH ST,18:00-20:59,1,3
N,CASUALTY CRASH,ROBSON ST,N,2021,SATURDAY,SIDE SWIPE - SAME DIRECTION,N,Y,49.280722,-123.118797,N,NOVEMBER,N,VANCOUVER,VANCOUVER,VANCOUVER,N,N,N,LOWER MAINLAND,ROBSON ST & SEYMOUR ST,SEYMOUR ST,SEYMOUR ST,18:00-20:59,1,1
N,CASUALTY CRASH,RUNNEL DR,N,2021,SATURDAY,HEAD ON,N,Y,49.278805,-122.808335,N,NOVEMBER,N,COQUITLAM,COQUITLAM,COQUITLAM,N,N,N,LOWER MAINLAND,LANSDOWNE DR & RUNNEL DR & MALL ACCESS,LANSDOWNE DR,LANSDOWNE DR,18:00-20:59,1,5
N,CASUALTY CRASH,SAANICH RD,N,2021,SATURDAY,REAR END,N,Y,48.452759,-123.375427,N,NOVEMBER,N,SAANICH,SAANICH,SAANICH,N,N,N,VANCOUVER ISLAND,BOLESKINE RD & DOUGLAS ST & SAANICH RD & TURNING LANE,DOUGLAS ST,DOUGLAS ST,18:00-20:59,1,1
N,CASUALTY CRASH,SOUTHERN DR,N,2021,SATURDAY,REAR END,N,Y,49.057075,-122.360026,N,NOVEMBER,N,ABBOTSFORD,ABBOTSFORD,ABBOTSFORD,N,N,N,LOWER MAINLAND,SOUTHERN DR & TOWNLINE RD,TOWNLINE RD,TOWNLINE RD,18:00-20:59,1,1
N,CASUALTY CRASH,ST CATHERINES ST,N,2021,SATURDAY,UNDETERMINED,N,Y,49.254746,-123.085636,N,NOVEMBER,N,VANCOUVER,VANCOUVER,VANCOUVER,N,N,Y,LOWER MAINLAND,KINGSWAY & ST CATHERINES ST,KINGSWAY,KINGSWAY,18:00-20:59,1,1
N,CASUALTY CRASH,TENTH AVE,N,2021,SATURDAY,REAR END,N,Y,49.216882,-122.931469,N,NOVEMBER,N,BURNABY,BURNABY,BURNABY & NEW WESTMINSTER,N,N,N,LOWER MAINLAND,10TH AVE & CANADA WAY & EIGHTH ST & TENTH AVE,EIGHTH ST,EIGHTH ST,18:00-20:59,1,1
N,CASUALTY CRASH,TRUNK RD,N,2021,SATURDAY,REAR END,N,Y,48.776846,-123.698837,N,NOVEMBER,N,DUNCAN,DUNCAN,DUNCAN,N,N,N,VANCOUVER ISLAND,TRANS-CANADA HWY & TRUNK RD,HWY 1,HWY 1,18:00-20:59,1,2
N,CASUALTY CRASH,UNIVERSITY WAY,N,2021,SATURDAY,CONFLICTED,N,Y,49.031369,-122.286249,N,NOVEMBER,N,ABBOTSFORD,ABBOTSFORD,ABBOTSFORD,N,N,N,LOWER MAINLAND,KING RD & UNIVERSITY WAY,KING RD,KING RD,18:00-20:59,1,2
N,CASUALTY CRASH,UNIVERSITY WAY,N,2021,SATURDAY,REAR END,N,Y,49.940996,-119.388392,N,NOVEMBER,N,KELOWNA,KELOWNA,KELOWNA,N,N,N,SOUTHERN INTERIOR,HWY 97 N & UNIVERSITY WAY,HWY 97,HWY 97,18:00-20:59,1,1
N,CASUALTY CRASH,UNKNOWN,N,2021,SATURDAY,SINGLE VEHICLE,N,N,\N,\N,N,NOVEMBER,N,DEASE LAKE,DEASE LAKE,\N,N,N,N,NORTH CENTRAL,UNKNOWN,HWY 37,HWY 37,18:00-20:59,1,1
N,CASUALTY CRASH,UNKNOWN,N,2021,SATURDAY,SINGLE VEHICLE,N,N,\N,\N,N,NOVEMBER,N,SURREY,SURREY,\N,N,N,N,LOWER MAINLAND,UNKNOWN,HWY 17,HWY 17,18:00-20:59,1,1
N,CASUALTY CRASH,VICTORIA DR,N,2021,SATURDAY,REAR END,N,Y,49.281211,-123.065573,N,NOVEMBER,N,VANCOUVER,VANCOUVER,VANCOUVER,N,N,N,LOWER MAINLAND,E HASTINGS ST & VICTORIA DR,E HASTINGS ST,E HASTINGS ST,18:00-20:59,1,2
N,CASUALTY CRASH,VIEW ST,N,2021,SATURDAY,HEAD ON,N,Y,48.424824,-123.359509,N,NOVEMBER,N,VICTORIA,VICTORIA,VICTORIA,N,N,N,VANCOUVER ISLAND,QUADRA ST & VIEW ST,QUADRA ST,QUADRA ST,18:00-20:59,1,1
N,CASUALTY CRASH,W 16TH AVE,N,2021,SATURDAY,REAR END,N,Y,49.257668,-123.168378,N,NOVEMBER,N,VANCOUVER,VANCOUVER,VANCOUVER,Y,N,N,LOWER MAINLAND,MACDONALD ST & W 16TH AVE,MACDONALD ST,MACDONALD ST,18:00-20:59,1,1
N,CASUALTY CRASH,W 41ST AVE,N,2021,SATURDAY,HEAD ON,N,Y,49.234768,-123.185324,N,NOVEMBER,N,VANCOUVER,VANCOUVER,VANCOUVER,N,N,N,LOWER MAINLAND,DUNBAR ST & W 41ST AVE,DUNBAR ST,DUNBAR ST,18:00-20:59,1,1
N,CASUALTY CRASH,WELCHER AVE,N,2021,SATURDAY,UNDETERMINED,N,Y,49.258023,-122.782699,N,NOVEMBER,N,PORT COQUITLAM,PORT COQUITLAM,PORT COQUITLAM,N,N,N,LOWER MAINLAND,SHAUGHNESSY ST & WELCHER AVE,SHAUGHNESSY ST,SHAUGHNESSY ST,18:00-20:59,1,1
N,CASUALTY CRASH,WEST BOULEVARD,N,2021,SATURDAY,SIDE SWIPE - SAME DIRECTION,Y,Y,49.234575,-123.155268,N,NOVEMBER,N,VANCOUVER,VANCOUVER,VANCOUVER,Y,N,N,LOWER MAINLAND,ARBUTUS GREENWAY & EAST BOULEVARD & W 41ST AVE & WEST BOULEVARD,W 41ST AVE,W 41ST AVE,18:00-20:59,1,1
N,CASUALTY CRASH,WOOLRIDGE CONNECTR,N,2021,SATURDAY,REAR END,N,Y,49.235051,-122.864814,N,NOVEMBER,N,COQUITLAM,COQUITLAM,COQUITLAM,N,N,N,LOWER MAINLAND,LOUGHEED HWY & WOOLRIDGE CONN & TURNING LANE,LOUGHEED HWY,LOUGHEED HWY,18:00-20:59,1,2
N,PROPERTY DAMAGE ONLY,\N,N,2021,SATURDAY,CONFLICTED,N,N,\N,\N,N,NOVEMBER,N,VANCOUVER,VANCOUVER,\N,N,N,N,LOWER MAINLAND,UNKNOWN,W 11TH AVE,W 11TH AVE,18:00-20:59,1,0
N,PROPERTY DAMAGE ONLY,\N,N,2021,SATURDAY,HEAD ON,N,N,49.115273,-122.678742,Y,NOVEMBER,N,LANGLEY,LANGLEY,LANGLEY,Y,Y,N,LOWER MAINLAND,WILLOWBROOK DR # 019601 TO 019669 odd,WILLOWBROOK DR,WILLOWBROOK DR,18:00-20:59,1,0
N,PROPERTY DAMAGE ONLY,\N,N,2021,SATURDAY,HEAD ON,N,N,49.151861,-121.977356,Y,NOVEMBER,N,CHILLIWACK,CHILLIWACK,CHILLIWACK,Y,Y,N,LOWER MAINLAND,EAGLE LANDING PKY # 008208 TO 008261,EAGLE LANDING PKY,EAGLE LANDING PKY,18:00-20:59,1,0
N,PROPERTY DAMAGE ONLY,\N,N,2021,SATURDAY,HEAD ON,N,N,49.233409,-123.03449,Y,NOVEMBER,N,VANCOUVER,VANCOUVER,VANCOUVER,Y,Y,N,LOWER MAINLAND,KINGSWAY # 003320 TO 003363,KINGSWAY,KINGSWAY,18:00-20:59,1,0
N,PROPERTY DAMAGE ONLY,\N,N,2021,SATURDAY,HEAD ON,N,N,49.266428,-123.001746,Y,NOVEMBER,N,BURNABY,BURNABY,BURNABY,Y,Y,N,LOWER MAINLAND,LOUGHEED HWY # 004501 TO 004599 odd,LOUGHEED HWY,LOUGHEED HWY,18:00-20:59,1,0
N,PROPERTY DAMAGE ONLY,\N,N,2021,SATURDAY,HEAD ON,N,N,53.997345,-122.778257,Y,NOVEMBER,N,PRINCE GEORGE,PRINCE GEORGE,PRINCE GEORGE,Y,N,N,NORTH CENTRAL,THEE PL # 002960 TO 003020,THEE PL,THEE PL,18:00-20:59,1,0
N,PROPERTY DAMAGE ONLY,\N,N,2021,SATURDAY,REAR END,N,N,\N,\N,N,NOVEMBER,N,LADYSMITH,LADYSMITH,\N,N,N,N,VANCOUVER ISLAND,UNKNOWN,HWY 1,HWY 1,18:00-20:59,2,0
N,PROPERTY DAMAGE ONLY,\N,N,2021,SATURDAY,REAR END,N,N,\N,\N,N,NOVEMBER,N,RICHMOND,RICHMOND,\N,N,N,N,LOWER MAINLAND,UNKNOWN,HWY 99,HWY 99,18:00-20:59,1,0
N,PROPERTY DAMAGE ONLY,\N,N,2021,SATURDAY,REAR END,N,N,\N,\N,N,NOVEMBER,N,SURREY,SURREY,\N,Y,N,N,LOWER MAINLAND,UNKNOWN,59 AVE,59 AVE,18:00-20:59,1,0
N,PROPERTY DAMAGE ONLY,\N,N,2021,SATURDAY,REAR END,N,N,49.011698,-123.082815,Y,NOVEMBER,N,DELTA,DELTA,DELTA,N,N,N,LOWER MAINLAND,SHANNON WAY # 000440 TO 000550,SHANNON WAY,SHANNON WAY,18:00-20:59,1,0
N,PROPERTY DAMAGE ONLY,\N,N,2021,SATURDAY,REAR END,N,N,49.154689,-122.803478,Y,NOVEMBER,N,SURREY,SURREY,SURREY,Y,N,N,LOWER MAINLAND,83A AVE # 015100 TO 015179,83A AVE,83A AVE,18:00-20:59,1,0
N,PROPERTY DAMAGE ONLY,\N,N,2021,SATURDAY,REAR END,N,N,49.159153,-123.128188,Y,NOVEMBER,N,RICHMOND,RICHMOND,RICHMOND,Y,N,N,LOWER MAINLAND,GENERAL CURRIE RD # 008430 TO 008799,GENERAL CURRIE RD,GENERAL CURRIE RD,18:00-20:59,1,0
N,PROPERTY DAMAGE ONLY,\N,N,2021,SATURDAY,REAR END,N,N,49.192014,-123.122024,Y,NOVEMBER,N,RICHMOND,RICHMOND,RICHMOND,Y,Y,N,LOWER MAINLAND,BRIDGEPORT RD # 009088 TO 009299,BRIDGEPORT RD,BRIDGEPORT RD,18:00-20:59,1,0
N,PROPERTY DAMAGE ONLY,\N,N,2021,SATURDAY,REAR END,N,N,49.200226,-122.857843,Y,NOVEMBER,N,SURREY,SURREY,SURREY,Y,N,N,LOWER MAINLAND,131A ST # 010820 TO 010899,131A ST,131A ST,18:00-20:59,1,0
N,PROPERTY DAMAGE ONLY,\N,N,2021,SATURDAY,REAR END,N,N,49.233704,-122.852525,Y,NOVEMBER,N,COQUITLAM,COQUITLAM,COQUITLAM,N,Y,N,LOWER MAINLAND,SCHOOLHOUSE ST # 000100 TO 000145,SCHOOLHOUSE ST,SCHOOLHOUSE ST,18:00-20:59,1,0
N,PROPERTY DAMAGE ONLY,\N,N,2021,SATURDAY,REAR END,N,N,49.258119,-123.037802,Y,NOVEMBER,N,VANCOUVER,VANCOUVER,VANCOUVER,Y,Y,N,LOWER MAINLAND,GRANDVIEW HWY # 003100 TO 003199,GRANDVIEW HWY,GRANDVIEW HWY,18:00-20:59,1,0
N,PROPERTY DAMAGE ONLY,\N,N,2021,SATURDAY,REAR END,N,N,49.261566,-122.890036,Y,NOVEMBER,N,COQUITLAM,COQUITLAM,COQUITLAM,N,Y,N,LOWER MAINLAND,CLARKE RD # 000546 TO 000565,CLARKE RD,CLARKE RD,18:00-20:59,1,0
N,PROPERTY DAMAGE ONLY,\N,N,2021,SATURDAY,REAR END,N,N,49.278952,-122.794726,Y,NOVEMBER,N,COQUITLAM,COQUITLAM,COQUITLAM,Y,Y,N,LOWER MAINLAND,PINETREE WAY # 001131 TO 001139 odd,PINETREE WAY,PINETREE WAY,18:00-20:59,1,0
N,PROPERTY DAMAGE ONLY,\N,N,2021,SATURDAY,REAR TO REAR,N,N,\N,\N,N,NOVEMBER,N,WEST VANCOUVER,WEST VANCOUVER,\N,Y,Y,N,LOWER MAINLAND,UNKNOWN,PARK ROYAL S,PARK ROYAL S,18:00-20:59,1,0
N,PROPERTY DAMAGE ONLY,\N,N,2021,SATURDAY,REAR TO REAR,N,N,49.104502,-122.804704,Y,NOVEMBER,N,SURREY,SURREY,SURREY,Y,Y,N,LOWER MAINLAND,56 AVE # 015101 TO 015149 odd,56 AVE,56 AVE,18:00-20:59,1,0
N,PROPERTY DAMAGE ONLY,\N,N,2021,SATURDAY,REAR TO REAR,N,N,49.154256,-122.395298,Y,NOVEMBER,N,MISSION,MISSION,MISSION,Y,Y,N,LOWER MAINLAND,LOUGHEED HWY # 029800 TO 030109,LOUGHEED HWY,LOUGHEED HWY,18:00-20:59,1,0
N,PROPERTY DAMAGE ONLY,\N,N,2021,SATURDAY,REAR TO REAR,N,N,49.159761,-123.961121,Y,NOVEMBER,N,NANAIMO,NANAIMO,NANAIMO,Y,N,N,VANCOUVER ISLAND,WAKESIAH AVE # 000373 TO 000391,WAKESIAH AVE,WAKESIAH AVE,18:00-20:59,1,0
N,PROPERTY DAMAGE ONLY,\N,N,2021,SATURDAY,REAR TO REAR,N,N,49.177142,-122.866041,Y,NOVEMBER,N,SURREY,SURREY,SURREY,N,Y,N,LOWER MAINLAND,96 AVE # 012800 TO 012939,96 AVE,96 AVE,18:00-20:59,1,0
N,PROPERTY DAMAGE ONLY,\N,N,2021,SATURDAY,REAR TO REAR,N,N,49.210938,-123.101289,Y,NOVEMBER,N,VANCOUVER,VANCOUVER,VANCOUVER,N,Y,N,LOWER MAINLAND,SE MARINE DR # 000201 TO 000299 odd,SE MARINE DR,SE MARINE DR,18:00-20:59,1,0
N,PROPERTY DAMAGE ONLY,\N,N,2021,SATURDAY,REAR TO REAR,N,N,49.275507,-122.873819,Y,NOVEMBER,N,PORT MOODY,PORT MOODY,PORT MOODY,N,Y,N,LOWER MAINLAND,CECILE DR # 001030 TO 001099,CECILE DR,CECILE DR,18:00-20:59,1,0
N,PROPERTY DAMAGE ONLY,\N,N,2021,SATURDAY,REAR TO REAR,N,N,49.277063,-122.800243,Y,NOVEMBER,N,COQUITLAM,COQUITLAM,COQUITLAM,N,Y,N,LOWER MAINLAND,BARNET HWY # 002901 TO 002929 odd,BARNET HWY,BARNET HWY,18:00-20:59,1,0
N,PROPERTY DAMAGE ONLY,\N,N,2021,SATURDAY,SIDE IMPACT,N,N,\N,\N,N,NOVEMBER,N,ABBOTSFORD,ABBOTSFORD,\N,Y,Y,N,LOWER MAINLAND,UNKNOWN,FRASER HWY,FRASER HWY,18:00-20:59,1,0
N,PROPERTY DAMAGE ONLY,\N,N,2021,SATURDAY,SIDE IMPACT,N,N,\N,\N,N,NOVEMBER,N,PRINCE GEORGE,PRINCE GEORGE,\N,Y,Y,N,NORTH CENTRAL,UNKNOWN,CHILAKO AVE,CHILAKO AVE,18:00-20:59,1,0
N,PROPERTY DAMAGE ONLY,\N,N,2021,SATURDAY,SIDE IMPACT,N,N,\N,\N,N,NOVEMBER,N,SURREY,SURREY,\N,N,N,N,LOWER MAINLAND,UNKNOWN,72 AVE,72 AVE,18:00-20:59,1,0
N,PROPERTY DAMAGE ONLY,\N,N,2021,SATURDAY,SIDE IMPACT,N,N,\N,\N,N,NOVEMBER,N,SURREY,SURREY,\N,Y,Y,N,LOWER MAINLAND,UNKNOWN,48 AVE,48 AVE,18:00-20:59,1,0
N,PROPERTY DAMAGE ONLY,\N,N,2021,SATURDAY,SIDE IMPACT,N,N,\N,\N,N,NOVEMBER,N,VICTORIA,VICTORIA,\N,N,Y,N,VANCOUVER ISLAND,UNKNOWN,SHELBOURNE ST,SHELBOURNE ST,18:00-20:59,1,0
N,PROPERTY DAMAGE ONLY,\N,N,2021,SATURDAY,SIDE IMPACT,N,N,48.379622,-123.723914,Y,NOVEMBER,N,SOOKE,SOOKE,SOOKE,Y,Y,N,VANCOUVER ISLAND,TOWNSEND RD # 002051 TO 002130,TOWNSEND RD,TOWNSEND RD,18:00-20:59,1,0
N,PROPERTY DAMAGE ONLY,\N,N,2021,SATURDAY,SIDE IMPACT,N,N,48.424734,-123.369754,Y,NOVEMBER,N,VICTORIA,VICTORIA,VICTORIA,Y,Y,N,VANCOUVER ISLAND,WHARF ST # 001000 TO 001099,WHARF ST,WHARF ST,18:00-20:59,1,0
N,PROPERTY DAMAGE ONLY,\N,N,2021,SATURDAY,SIDE IMPACT,N,N,48.440807,-123.370477,Y,NOVEMBER,N,VICTORIA,VICTORIA,VICTORIA,Y,N,N,VANCOUVER ISLAND,GARBALLY RD # 000600 TO 000699,GARBALLY RD,GARBALLY RD,18:00-20:59,1,0
N,PROPERTY DAMAGE ONLY,\N,N,2021,SATURDAY,SIDE IMPACT,N,N,49.023966,-122.353634,Y,NOVEMBER,N,ABBOTSFORD,ABBOTSFORD,ABBOTSFORD,Y,N,N,LOWER MAINLAND,WALMSLEY AVE # 031400 TO 031509,WALMSLEY AVE,WALMSLEY AVE,18:00-20:59,1,0
N,PROPERTY DAMAGE ONLY,\N,N,2021,SATURDAY,SIDE IMPACT,N,N,49.030795,-119.728242,Y,NOVEMBER,N,CAWSTON,CAWSTON,CAWSTON,Y,N,N,SOUTHERN INTERIOR,CHOPAKA RD # 000711 TO 000725,CHOPAKA RD,CHOPAKA RD,18:00-20:59,1,0
N,PROPERTY DAMAGE ONLY,\N,N,2021,SATURDAY,SIDE IMPACT,N,N,49.055049,-122.325969,Y,NOVEMBER,N,ABBOTSFORD,ABBOTSFORD,ABBOTSFORD,N,Y,N,LOWER MAINLAND,GEORGE FERGUSON WAY # 032400 TO 032449,GEORGE FERGUSON WAY,GEORGE FERGUSON WAY,18:00-20:59,1,0
N,PROPERTY DAMAGE ONLY,\N,N,2021,SATURDAY,SIDE IMPACT,N,N,49.076379,-122.669424,Y,NOVEMBER,N,LANGLEY,LANGLEY,LANGLEY,N,Y,N,LOWER MAINLAND,200 ST # 004060 TO 004098 even,200 ST,200 ST,18:00-20:59,1,0
N,PROPERTY DAMAGE ONLY,\N,N,2021,SATURDAY,SIDE IMPACT,N,N,49.101982,-122.646147,Y,NOVEMBER,N,LANGLEY,LANGLEY,LANGLEY,Y,Y,N,LOWER MAINLAND,FRASER HWY # 020800 TO 020849,FRASER HWY,FRASER HWY,18:00-20:59,1,0
N,PROPERTY DAMAGE ONLY,\N,N,2021,SATURDAY,SIDE IMPACT,N,N,49.136189,-122.294392,Y,NOVEMBER,N,MISSION,MISSION,MISSION,Y,N,N,LOWER MAINLAND,3RD AVE # 033550 TO 033649,3RD AVE,3RD AVE,18:00-20:59,1,0
N,PROPERTY DAMAGE ONLY,\N,N,2021,SATURDAY,SIDE IMPACT,N,N,49.152112,-122.313614,Y,NOVEMBER,N,MISSION,MISSION,MISSION,Y,N,N,LOWER MAINLAND,MCINTYRE ST # 008240 TO 008299,MCINTYRE ST,MCINTYRE ST,18:00-20:59,1,0
N,PROPERTY DAMAGE ONLY,\N,N,2021,SATURDAY,SIDE IMPACT,N,N,49.152233,-122.316027,Y,NOVEMBER,N,MISSION,MISSION,MISSION,Y,Y,N,LOWER MAINLAND,CEDAR ST # 008200 TO 008349,CEDAR ST,CEDAR ST,18:00-20:59,1,0
N,PROPERTY DAMAGE ONLY,\N,N,2021,SATURDAY,SIDE IMPACT,N,N,49.160497,-123.185273,Y,NOVEMBER,N,RICHMOND,RICHMOND,RICHMOND,Y,N,N,LOWER MAINLAND,MORESBY DR # 003500 TO 003758,MORESBY DR,MORESBY DR,18:00-20:59,1,0
N,PROPERTY DAMAGE ONLY,\N,N,2021,SATURDAY,SIDE IMPACT,N,N,49.178463,-123.124654,Y,NOVEMBER,N,RICHMOND,RICHMOND,RICHMOND,Y,Y,N,LOWER MAINLAND,GARDEN CITY RD # 004571 TO 004799 odd,GARDEN CITY RD,GARDEN CITY RD,18:00-20:59,1,0
N,PROPERTY DAMAGE ONLY,\N,N,2021,SATURDAY,SIDE IMPACT,N,N,49.181179,-123.127021,Y,NOVEMBER,N,RICHMOND,RICHMOND,RICHMOND,Y,Y,N,LOWER MAINLAND,ODLIN CRES # 008643 TO 008799,ODLIN CRES,ODLIN CRES,18:00-20:59,1,0
N,PROPERTY DAMAGE ONLY,\N,N,2021,SATURDAY,SIDE IMPACT,N,N,49.181301,-123.136662,Y,NOVEMBER,N,RICHMOND,RICHMOND,RICHMOND,Y,Y,N,LOWER MAINLAND,NO 3 RD # 004201 TO 004679 odd,NO 3 RD,NO 3 RD,18:00-20:59,1,0
N,PROPERTY DAMAGE ONLY,\N,N,2021,SATURDAY,SIDE IMPACT,N,N,49.183907,-123.09153,Y,NOVEMBER,N,RICHMOND,RICHMOND,RICHMOND,Y,Y,N,LOWER MAINLAND,NO 5 RD # 004000 TO 004149,NO 5 RD,NO 5 RD,18:00-20:59,1,0
N,PROPERTY DAMAGE ONLY,\N,N,2021,SATURDAY,SIDE IMPACT,N,N,49.228116,-122.998531,Y,NOVEMBER,N,BURNABY,BURNABY,BURNABY,Y,Y,N,LOWER MAINLAND,KINGSWAY # 004700 TO 004749,KINGSWAY,KINGSWAY,18:00-20:59,1,0
N,PROPERTY DAMAGE ONLY,\N,N,2021,SATURDAY,SIDE IMPACT,N,N,49.229897,-123.003852,Y,NOVEMBER,N,BURNABY,BURNABY,BURNABY,Y,Y,N,LOWER MAINLAND,KINGSWAY # 004500 TO 004555,KINGSWAY,KINGSWAY,18:00-20:59,1,0
N,PROPERTY DAMAGE ONLY,\N,N,2021,SATURDAY,SIDE IMPACT,N,N,49.261262,-122.778446,Y,NOVEMBER,N,PORT COQUITLAM,PORT COQUITLAM,PORT COQUITLAM,Y,Y,N,LOWER MAINLAND,MARY HILL RD # 002500 TO 002610,MARY HILL RD,MARY HILL RD,18:00-20:59,1,0
N,PROPERTY DAMAGE ONLY,\N,N,2021,SATURDAY,SIDE IMPACT,N,N,49.261511,-123.125398,Y,NOVEMBER,N,VANCOUVER,VANCOUVER,VANCOUVER,Y,Y,N,LOWER MAINLAND,LAUREL ST # 002600 TO 002799,LAUREL ST,LAUREL ST,18:00-20:59,1,0
N,PROPERTY DAMAGE ONLY,\N,N,2021,SATURDAY,SIDE IMPACT,N,N,49.262824,-123.000409,Y,NOVEMBER,N,BURNABY,BURNABY,BURNABY,Y,N,N,LOWER MAINLAND,ALPHA AVE # 002368 TO 002499,ALPHA AVE,ALPHA AVE,18:00-20:59,1,0
N,PROPERTY DAMAGE ONLY,\N,N,2021,SATURDAY,SIDE IMPACT,N,N,49.271878,-122.792086,Y,NOVEMBER,N,COQUITLAM,COQUITLAM,COQUITLAM,Y,Y,N,LOWER MAINLAND,CHRISTMAS WAY # 003000 TO 003099,CHRISTMAS WAY,CHRISTMAS WAY,18:00-20:59,1,0
N,PROPERTY DAMAGE ONLY,\N,N,2021,SATURDAY,SIDE IMPACT,N,N,49.291302,-123.13574,Y,NOVEMBER,N,VANCOUVER,VANCOUVER,VANCOUVER,Y,N,N,LOWER MAINLAND,DENMAN ST # 000800 TO 000825,DENMAN ST,DENMAN ST,18:00-20:59,1,0
N,PROPERTY DAMAGE ONLY,\N,N,2021,SATURDAY,SIDE IMPACT,N,N,49.325809,-123.139912,Y,NOVEMBER,N,WEST VANCOUVER,WEST VANCOUVER,WEST VANCOUVER,N,Y,N,LOWER MAINLAND,PARK ROYAL SOUTH # 001131 TO 003000,PARK ROYAL SOUTH,PARK ROYAL SOUTH,18:00-20:59,1,0
N,PROPERTY DAMAGE ONLY,\N,N,2021,SATURDAY,SIDE IMPACT,N,N,49.884093,-119.452719,Y,NOVEMBER,N,KELOWNA,KELOWNA,KELOWNA,Y,Y,N,SOUTHERN INTERIOR,ENTERPRISE WAY # 001900 TO 001959,ENTERPRISE WAY,ENTERPRISE WAY,18:00-20:59,1,0
N,PROPERTY DAMAGE ONLY,\N,N,2021,SATURDAY,SIDE IMPACT,N,N,49.970033,-125.225993,Y,NOVEMBER,N,CAMPBELL RIVER,CAMPBELL RIVER,CAMPBELL RIVER,Y,N,N,VANCOUVER ISLAND,GALERNO RD # 002200 TO 002299,GALERNO RD,GALERNO RD,18:00-20:59,1,0
N,PROPERTY DAMAGE ONLY,\N,N,2021,SATURDAY,SIDE IMPACT,N,N,50.67136,-120.312996,Y,NOVEMBER,N,KAMLOOPS,KAMLOOPS,KAMLOOPS,Y,N,N,SOUTHERN INTERIOR,COLUMBIA ST # 001100 TO 001199,COLUMBIA ST,COLUMBIA ST,18:00-20:59,1,0
N,PROPERTY DAMAGE ONLY,\N,N,2021,SATURDAY,SIDE IMPACT,N,N,50.700497,-119.264382,Y,NOVEMBER,N,SALMON ARM,SALMON ARM,SALMON ARM,Y,N,N,SOUTHERN INTERIOR,18 ST NE # 000000 TO 000199,18 ST NE,18 ST NE,18:00-20:59,1,0
N,PROPERTY DAMAGE ONLY,\N,N,2021,SATURDAY,SIDE IMPACT,N,N,50.76874,-120.345945,Y,NOVEMBER,N,KAMLOOPS,KAMLOOPS,KAMLOOPS,Y,N,N,SOUTHERN INTERIOR,BEBEK RD # 000800 TO 000863,BEBEK RD,BEBEK RD,18:00-20:59,1,0
N,PROPERTY DAMAGE ONLY,\N,N,2021,SATURDAY,SIDE IMPACT,N,N,52.97291,-122.417017,Y,NOVEMBER,N,QUESNEL,QUESNEL,QUESNEL,Y,N,N,NORTH CENTRAL,REDDEN RD # 000330 TO 000499,REDDEN RD,REDDEN RD,18:00-20:59,1,0
N,PROPERTY DAMAGE ONLY,\N,N,2021,SATURDAY,SIDE IMPACT,Y,N,\N,\N,N,NOVEMBER,N,NEW WESTMINSTER,NEW WESTMINSTER,\N,N,N,N,LOWER MAINLAND,UNKNOWN,EIGHTH ST,EIGHTH ST,18:00-20:59,1,0
N,PROPERTY DAMAGE ONLY,\N,N,2021,SATURDAY,SIDE IMPACT,Y,N,\N,\N,N,NOVEMBER,N,RADIUM HOT SPRINGS,RADIUM HOT SPRINGS,\N,N,N,N,SOUTHERN INTERIOR,UNKNOWN,HWY 93,HWY 93,18:00-20:59,1,0
N,PROPERTY DAMAGE ONLY,\N,N,2021,SATURDAY,SIDE IMPACT,Y,N,49.246853,-122.762333,Y,NOVEMBER,N,PORT COQUITLAM,PORT COQUITLAM,PORT COQUITLAM,Y,Y,N,LOWER MAINLAND,BROADWAY ST # 001648 TO 001740,BROADWAY ST,BROADWAY ST,18:00-20:59,1,0
N,PROPERTY DAMAGE ONLY,\N,N,2021,SATURDAY,SIDE IMPACT,Y,N,49.321235,-123.092377,Y,NOVEMBER,N,NORTH VANCOUVER,NORTH VANCOUVER,NORTH VANCOUVER,Y,N,N,LOWER MAINLAND,W 14TH ST # 000700 TO 000799,W 14TH ST,W 14TH ST,18:00-20:59,1,0
N,PROPERTY DAMAGE ONLY,\N,N,2021,SATURDAY,SIDE SWIPE - OPPOSITE DIRECTION,N,N,\N,\N,N,NOVEMBER,N,WHISTLER,WHISTLER,\N,N,N,N,LOWER MAINLAND,UNKNOWN,HWY 99,HWY 99,18:00-20:59,1,0
N,PROPERTY DAMAGE ONLY,\N,N,2021,SATURDAY,SIDE SWIPE - OPPOSITE DIRECTION,N,N,48.431994,-123.341912,Y,NOVEMBER,N,VICTORIA,VICTORIA,VICTORIA,N,N,N,VANCOUVER ISLAND,TAUNTON ST # 001400 TO 001499,TAUNTON ST,TAUNTON ST,18:00-20:59,1,0
N,PROPERTY DAMAGE ONLY,\N,N,2021,SATURDAY,SIDE SWIPE - OPPOSITE DIRECTION,N,N,49.2718,-122.756133,Y,NOVEMBER,N,PORT COQUITLAM,PORT COQUITLAM,PORT COQUITLAM,Y,Y,N,LOWER MAINLAND,COAST MERIDIAN RD # 003200 TO 003299,COAST MERIDIAN RD,COAST MERIDIAN RD,18:00-20:59,1,0
N,PROPERTY DAMAGE ONLY,\N,N,2021,SATURDAY,SIDE SWIPE - OPPOSITE DIRECTION,N,N,49.318058,-123.123144,Y,NOVEMBER,N,WEST VANCOUVER,WEST VANCOUVER,WEST VANCOUVER,N,N,N,LOWER MAINLAND,WELCH ST # 000100 TO 000199,WELCH ST,WELCH ST,18:00-20:59,1,0
N,PROPERTY DAMAGE ONLY,\N,N,2021,SATURDAY,SIDE SWIPE - OPPOSITE DIRECTION,N,N,50.696291,-120.354778,Y,NOVEMBER,N,KAMLOOPS,KAMLOOPS,KAMLOOPS,Y,N,N,SOUTHERN INTERIOR,HOLLY AVE # 000200 TO 000289,HOLLY AVE,HOLLY AVE,18:00-20:59,1,0
N,PROPERTY DAMAGE ONLY,\N,N,2021,SATURDAY,SIDE SWIPE - SAME DIRECTION,N,N,\N,\N,N,NOVEMBER,N,NORTH VANCOUVER,NORTH VANCOUVER,\N,N,N,N,LOWER MAINLAND,UNKNOWN,LARSON RD,LARSON RD,18:00-20:59,1,0
N,PROPERTY DAMAGE ONLY,\N,N,2021,SATURDAY,SIDE SWIPE - SAME DIRECTION,N,N,48.422252,-123.350804,Y,NOVEMBER,N,VICTORIA,VICTORIA,VICTORIA,Y,N,N,VANCOUVER ISLAND,LINDEN AVE # 001000 TO 001099,LINDEN AVE,LINDEN AVE,18:00-20:59,1,0
N,PROPERTY DAMAGE ONLY,\N,N,2021,SATURDAY,SIDE SWIPE - SAME DIRECTION,N,N,49.061598,-122.309766,Y,NOVEMBER,N,ABBOTSFORD,ABBOTSFORD,ABBOTSFORD,Y,N,N,LOWER MAINLAND,MALAHAT PL # 032940 TO 033059,MALAHAT PL,MALAHAT PL,18:00-20:59,1,0
N,PROPERTY DAMAGE ONLY,\N,N,2021,SATURDAY,SIDE SWIPE - SAME DIRECTION,N,N,49.154171,-122.796014,Y,NOVEMBER,N,SURREY,SURREY,SURREY,Y,N,N,LOWER MAINLAND,83A AVE # 015400 TO 015431,83A AVE,83A AVE,18:00-20:59,1,0
N,PROPERTY DAMAGE ONLY,\N,N,2021,SATURDAY,SIDE SWIPE - SAME DIRECTION,N,N,49.233704,-122.852525,Y,NOVEMBER,N,COQUITLAM,COQUITLAM,COQUITLAM,Y,Y,N,LOWER MAINLAND,SCHOOLHOUSE ST # 000100 TO 000145,SCHOOLHOUSE ST,SCHOOLHOUSE ST,18:00-20:59,1,0
N,PROPERTY DAMAGE ONLY,\N,N,2021,SATURDAY,SIDE SWIPE - SAME DIRECTION,N,N,49.260325,-123.126716,Y,NOVEMBER,N,VANCOUVER,VANCOUVER,VANCOUVER,Y,N,N,LOWER MAINLAND,OAK ST # 002800 TO 002847,OAK ST,OAK ST,18:00-20:59,1,0
N,PROPERTY DAMAGE ONLY,\N,N,2021,SATURDAY,SIDE SWIPE - SAME DIRECTION,N,N,49.271217,-122.774743,Y,NOVEMBER,N,PORT COQUITLAM,PORT COQUITLAM,PORT COQUITLAM,Y,N,N,LOWER MAINLAND,PRAIRIE AVE # 002170 TO 002199,PRAIRIE AVE,PRAIRIE AVE,18:00-20:59,1,0
N,PROPERTY DAMAGE ONLY,\N,N,2021,SATURDAY,SIDE SWIPE - SAME DIRECTION,N,N,49.277751,-122.804985,Y,NOVEMBER,N,COQUITLAM,COQUITLAM,COQUITLAM,Y,Y,N,LOWER MAINLAND,BARNET HWY # 002773 TO 002781 odd,BARNET HWY,BARNET HWY,18:00-20:59,1,0
N,PROPERTY DAMAGE ONLY,\N,N,2021,SATURDAY,SINGLE VEHICLE,N,N,\N,\N,N,NOVEMBER,N,CAMPBELL RIVER,CAMPBELL RIVER,\N,N,N,N,VANCOUVER ISLAND,UNKNOWN,TAKALA RD,TAKALA RD,18:00-20:59,1,0
N,PROPERTY DAMAGE ONLY,\N,N,2021,SATURDAY,SINGLE VEHICLE,N,N,\N,\N,N,NOVEMBER,N,CHASE,CHASE,\N,N,N,N,SOUTHERN INTERIOR,UNKNOWN,HWY 1,HWY 1,18:00-20:59,1,0
N,PROPERTY DAMAGE ONLY,\N,N,2021,SATURDAY,SINGLE VEHICLE,N,N,\N,\N,N,NOVEMBER,N,COQUITLAM,COQUITLAM,\N,N,N,N,LOWER MAINLAND,UNKNOWN,MARINER WAY,MARINER WAY,18:00-20:59,1,0
N,PROPERTY DAMAGE ONLY,\N,N,2021,SATURDAY,SINGLE VEHICLE,N,N,\N,\N,N,NOVEMBER,N,DELTA,DELTA,\N,N,N,N,LOWER MAINLAND,UNKNOWN,HIGHWAY 91,HIGHWAY 91,18:00-20:59,1,0
N,PROPERTY DAMAGE ONLY,\N,N,2021,SATURDAY,SINGLE VEHICLE,N,N,\N,\N,N,NOVEMBER,N,DELTA,DELTA,\N,N,N,N,LOWER MAINLAND,UNKNOWN,HWY 99,HWY 99,18:00-20:59,2,0
N,PROPERTY DAMAGE ONLY,\N,N,2021,SATURDAY,SINGLE VEHICLE,N,N,\N,\N,N,NOVEMBER,N,KAMLOOPS,KAMLOOPS,\N,N,N,N,SOUTHERN INTERIOR,UNKNOWN,HWY 1,HWY 1,18:00-20:59,1,0
N,PROPERTY DAMAGE ONLY,\N,N,2021,SATURDAY,SINGLE VEHICLE,N,N,\N,\N,N,NOVEMBER,N,KELOWNA,KELOWNA,\N,N,N,N,SOUTHERN INTERIOR,UNKNOWN,?,?,18:00-20:59,1,0
N,PROPERTY DAMAGE ONLY,\N,N,2021,SATURDAY,SINGLE VEHICLE,N,N,\N,\N,N,NOVEMBER,N,LILLOOET,LILLOOET,\N,N,N,N,SOUTHERN INTERIOR,UNKNOWN,HWY 99 N,HWY 99 N,18:00-20:59,1,0
N,PROPERTY DAMAGE ONLY,\N,N,2021,SATURDAY,SINGLE VEHICLE,N,N,\N,\N,N,NOVEMBER,N,MAPLE RIDGE,MAPLE RIDGE,\N,Y,N,N,LOWER MAINLAND,UNKNOWN,261 ST,261 ST,18:00-20:59,1,0
N,PROPERTY DAMAGE ONLY,\N,N,2021,SATURDAY,SINGLE VEHICLE,N,N,\N,\N,N,NOVEMBER,N,MERRITT,MERRITT,\N,N,N,N,SOUTHERN INTERIOR,UNKNOWN,HWY 8,HWY 8,18:00-20:59,1,0
N,PROPERTY DAMAGE ONLY,\N,N,2021,SATURDAY,SINGLE VEHICLE,N,N,\N,\N,N,NOVEMBER,N,NEW WESTMINSTER,NEW WESTMINSTER,\N,N,N,N,LOWER MAINLAND,UNKNOWN,DERWENT WAY,DERWENT WAY,18:00-20:59,1,0
N,PROPERTY DAMAGE ONLY,\N,N,2021,SATURDAY,SINGLE VEHICLE,N,N,\N,\N,N,NOVEMBER,N,POWELL RIVER,POWELL RIVER,\N,N,N,N,VANCOUVER ISLAND,UNKNOWN,DUCK LAKE RD,DUCK LAKE RD,18:00-20:59,1,0
N,PROPERTY DAMAGE ONLY,\N,N,2021,SATURDAY,SINGLE VEHICLE,N,N,\N,\N,N,NOVEMBER,N,PRINCE GEORGE,PRINCE GEORGE,\N,N,N,N,NORTH CENTRAL,UNKNOWN,DAWSON RD,DAWSON RD,18:00-20:59,1,0
N,PROPERTY DAMAGE ONLY,\N,N,2021,SATURDAY,SINGLE VEHICLE,N,N,\N,\N,N,NOVEMBER,N,PRINCE GEORGE,PRINCE GEORGE,\N,N,N,N,NORTH CENTRAL,UNKNOWN,NESS LAKE NORTH RD,NESS LAKE NORTH RD,18:00-20:59,1,0
N,PROPERTY DAMAGE ONLY,\N,N,2021,SATURDAY,SINGLE VEHICLE,N,N,\N,\N,N,NOVEMBER,N,PRINCE GEORGE,PRINCE GEORGE,\N,N,N,N,NORTH CENTRAL,UNKNOWN,PILOT ST,PILOT ST,18:00-20:59,1,0
N,PROPERTY DAMAGE ONLY,\N,N,2021,SATURDAY,SINGLE VEHICLE,N,N,\N,\N,N,NOVEMBER,N,QUADRA ISLAND,QUADRA ISLAND,\N,N,Y,N,VANCOUVER ISLAND,UNKNOWN,GOWLLAND HARBOUR RD,GOWLLAND HARBOUR RD,18:00-20:59,1,0
N,PROPERTY DAMAGE ONLY,\N,N,2021,SATURDAY,SINGLE VEHICLE,N,N,\N,\N,N,NOVEMBER,N,QUESNEL,QUESNEL,\N,N,N,N,NORTH CENTRAL,UNKNOWN,HWY 97,HWY 97,18:00-20:59,1,0
N,PROPERTY DAMAGE ONLY,\N,N,2021,SATURDAY,SINGLE VEHICLE,N,N,\N,\N,N,NOVEMBER,N,REVELSTOKE,REVELSTOKE,\N,N,N,N,SOUTHERN INTERIOR,UNKNOWN,BIG EDDY RD,BIG EDDY RD,18:00-20:59,1,0
N,PROPERTY DAMAGE ONLY,\N,N,2021,SATURDAY,SINGLE VEHICLE,N,N,\N,\N,N,NOVEMBER,N,TAPPEN,TAPPEN,\N,N,N,N,SOUTHERN INTERIOR,UNKNOWN,HWY 1,HWY 1,18:00-20:59,1,0
N,PROPERTY DAMAGE ONLY,\N,N,2021,SATURDAY,SINGLE VEHICLE,N,N,\N,\N,N,NOVEMBER,N,TOFINO,TOFINO,\N,N,N,N,VANCOUVER ISLAND,UNKNOWN,PACIFIC RIM HWY,PACIFIC RIM HWY,18:00-20:59,2,0
N,PROPERTY DAMAGE ONLY,\N,N,2021,SATURDAY,SINGLE VEHICLE,N,N,\N,\N,N,NOVEMBER,N,UNKNOWN,UNKNOWN,\N,N,N,N,UNKNOWN,UNKNOWN,HARROP PROCTOR RD,HARROP PROCTOR RD,18:00-20:59,1,0
N,PROPERTY DAMAGE ONLY,\N,N,2021,SATURDAY,SINGLE VEHICLE,N,N,\N,\N,N,NOVEMBER,N,VERNON,VERNON,\N,N,N,N,SOUTHERN INTERIOR,UNKNOWN,23 STREET,23 STREET,18:00-20:59,1,0
N,PROPERTY DAMAGE ONLY,\N,N,2021,SATURDAY,SINGLE VEHICLE,N,N,\N,\N,N,NOVEMBER,N,VICTORIA,VICTORIA,\N,N,N,N,VANCOUVER ISLAND,UNKNOWN,YATES ST,YATES ST,18:00-20:59,1,0
N,PROPERTY DAMAGE ONLY,\N,N,2021,SATURDAY,SINGLE VEHICLE,N,N,\N,\N,N,NOVEMBER,N,WEST VANCOUVER,WEST VANCOUVER,\N,N,N,N,LOWER MAINLAND,UNKNOWN,SINCLAIR ST,SINCLAIR ST,18:00-20:59,1,0
N,PROPERTY DAMAGE ONLY,\N,N,2021,SATURDAY,SINGLE VEHICLE,N,N,\N,\N,N,NOVEMBER,N,WHISTLER,WHISTLER,\N,N,N,N,LOWER MAINLAND,UNKNOWN,HWY 99,HWY 99,18:00-20:59,1,0
N,PROPERTY DAMAGE ONLY,\N,N,2021,SATURDAY,SINGLE VEHICLE,N,N,48.498156,-123.393614,Y,NOVEMBER,N,SAANICH,SAANICH,SAANICH,N,Y,N,VANCOUVER ISLAND,WEST SAANICH RD # 004590 TO 004599,WEST SAANICH RD,WEST SAANICH RD,18:00-20:59,1,0
N,PROPERTY DAMAGE ONLY,\N,N,2021,SATURDAY,SINGLE VEHICLE,N,N,48.662423,-123.606305,Y,NOVEMBER,N,COBBLE HILL,COBBLE HILL,COBBLE HILL,N,N,N,VANCOUVER ISLAND,STEIN WAY # 001526 TO 001541,STEIN WAY,STEIN WAY,18:00-20:59,1,0
N,PROPERTY DAMAGE ONLY,\N,N,2021,SATURDAY,SINGLE VEHICLE,N,N,48.821982,-123.622525,Y,NOVEMBER,N,DUNCAN,DUNCAN,DUNCAN,N,Y,N,VANCOUVER ISLAND,SOUTHVIEW TERRACE # 006800 TO 006873,SOUTHVIEW TERRACE,SOUTHVIEW TERRACE,18:00-20:59,1,0
N,PROPERTY DAMAGE ONLY,\N,N,2021,SATURDAY,SINGLE VEHICLE,N,N,48.874548,-123.547014,Y,NOVEMBER,N,SALT SPRING ISLAND,SALT SPRING ISLAND,SALT SPRING ISLAND,N,Y,N,VANCOUVER ISLAND,AGAR RD # 000100 TO 000129,AGAR RD,AGAR RD,18:00-20:59,1,0
N,PROPERTY DAMAGE ONLY,\N,N,2021,SATURDAY,SINGLE VEHICLE,N,N,49.003256,-122.73471,Y,NOVEMBER,N,SURREY,SURREY,SURREY,N,N,N,LOWER MAINLAND,176 ST # 000000 TO 000064 even,176 ST,176 ST,18:00-20:59,1,0
N,PROPERTY DAMAGE ONLY,\N,N,2021,SATURDAY,SINGLE VEHICLE,N,N,49.116711,-122.671703,Y,NOVEMBER,N,LANGLEY,LANGLEY,LANGLEY,N,Y,N,LOWER MAINLAND,WILLOWBROOK DR # 019800 TO 019998 even,WILLOWBROOK DR,WILLOWBROOK DR,18:00-20:59,1,0
N,PROPERTY DAMAGE ONLY,\N,N,2021,SATURDAY,SINGLE VEHICLE,N,N,49.138819,-123.02657,Y,NOVEMBER,N,DELTA,DELTA,DELTA,N,Y,N,LOWER MAINLAND,HOPCOTT RD # 007391 TO 007519,HOPCOTT RD,HOPCOTT RD,18:00-20:59,1,0
N,PROPERTY DAMAGE ONLY,\N,N,2021,SATURDAY,SINGLE VEHICLE,N,N,49.165823,-123.937509,Y,NOVEMBER,N,NANAIMO,NANAIMO,NANAIMO,N,Y,N,VANCOUVER ISLAND,SKINNER ST # 000200 TO 000299,SKINNER ST,SKINNER ST,18:00-20:59,1,0
N,PROPERTY DAMAGE ONLY,\N,N,2021,SATURDAY,SINGLE VEHICLE,N,N,49.176492,-123.146333,Y,NOVEMBER,N,RICHMOND,RICHMOND,RICHMOND,N,Y,N,LOWER MAINLAND,GILBERT RD # 005107 TO 005445 odd,GILBERT RD,GILBERT RD,18:00-20:59,1,0
N,PROPERTY DAMAGE ONLY,\N,N,2021,SATURDAY,SINGLE VEHICLE,N,N,49.188924,-122.847714,Y,NOVEMBER,N,SURREY,SURREY,SURREY,N,Y,N,LOWER MAINLAND,CITY PKY # 010250 TO 010259,CITY PKY,CITY PKY,18:00-20:59,1,0
N,PROPERTY DAMAGE ONLY,\N,N,2021,SATURDAY,SINGLE VEHICLE,N,N,49.197392,-122.974479,Y,NOVEMBER,N,BURNABY,BURNABY,BURNABY,N,N,N,LOWER MAINLAND,MARINE WAY # 005750 TO 005898 even,MARINE WAY,MARINE WAY,18:00-20:59,1,0
N,PROPERTY DAMAGE ONLY,\N,N,2021,SATURDAY,SINGLE VEHICLE,N,N,49.199554,-122.850935,Y,NOVEMBER,N,SURREY,SURREY,SURREY,N,Y,N,LOWER MAINLAND,UNIVERSITY DR # 010801 TO 010899 odd,UNIVERSITY DR,UNIVERSITY DR,18:00-20:59,1,0
N,PROPERTY DAMAGE ONLY,\N,N,2021,SATURDAY,SINGLE VEHICLE,N,N,49.205791,-122.51527,Y,NOVEMBER,N,MAPLE RIDGE,MAPLE RIDGE,MAPLE RIDGE,N,N,N,LOWER MAINLAND,BOSONWORTH AVE # 025400 TO 025619,BOSONWORTH AVE,BOSONWORTH AVE,18:00-20:59,1,0
N,PROPERTY DAMAGE ONLY,\N,N,2021,SATURDAY,SINGLE VEHICLE,N,N,49.227712,-123.118056,Y,NOVEMBER,N,VANCOUVER,VANCOUVER,VANCOUVER,N,Y,N,LOWER MAINLAND,ASH ST # 006117 TO 006598,ASH ST,ASH ST,18:00-20:59,1,0
N,PROPERTY DAMAGE ONLY,\N,N,2021,SATURDAY,SINGLE VEHICLE,N,N,49.243264,-123.061156,Y,NOVEMBER,N,VANCOUVER,VANCOUVER,VANCOUVER,N,N,N,LOWER MAINLAND,KINGSWAY # 002200 TO 002233,KINGSWAY,KINGSWAY,18:00-20:59,1,0
N,PROPERTY DAMAGE ONLY,\N,N,2021,SATURDAY,SINGLE VEHICLE,N,N,49.246404,-123.099171,Y,NOVEMBER,N,VANCOUVER,VANCOUVER,VANCOUVER,N,Y,N,LOWER MAINLAND,SOPHIA ST # 004248 TO 004399,SOPHIA ST,SOPHIA ST,18:00-20:59,1,0
N,PROPERTY DAMAGE ONLY,\N,N,2021,SATURDAY,SINGLE VEHICLE,N,N,49.2491,-122.895415,Y,NOVEMBER,N,BURNABY,BURNABY,BURNABY,N,Y,N,LOWER MAINLAND,AUSTIN RD # 009855 TO 009865 odd,AUSTIN RD,AUSTIN RD,18:00-20:59,1,0
N,PROPERTY DAMAGE ONLY,\N,N,2021,SATURDAY,SINGLE VEHICLE,N,N,49.263767,-123.20455,Y,NOVEMBER,N,VANCOUVER,VANCOUVER,VANCOUVER,N,Y,N,LOWER MAINLAND,W 10TH AVE # 004300 TO 004399,W 10TH AVE,W 10TH AVE,18:00-20:59,1,0
N,PROPERTY DAMAGE ONLY,\N,N,2021,SATURDAY,SINGLE VEHICLE,N,N,49.2707,-122.972867,Y,NOVEMBER,N,BURNABY,BURNABY,BURNABY,N,N,N,LOWER MAINLAND,GRANT ST # 006100 TO 006499,GRANT ST,GRANT ST,18:00-20:59,1,0
N,PROPERTY DAMAGE ONLY,\N,N,2021,SATURDAY,SINGLE VEHICLE,N,N,49.277063,-122.800243,Y,NOVEMBER,N,COQUITLAM,COQUITLAM,COQUITLAM,N,Y,N,LOWER MAINLAND,BARNET HWY # 002901 TO 002929 odd,BARNET HWY,BARNET HWY,18:00-20:59,1,0
N,PROPERTY DAMAGE ONLY,\N,N,2021,SATURDAY,SINGLE VEHICLE,N,N,49.280278,-122.961933,Y,NOVEMBER,N,BURNABY,BURNABY,BURNABY,N,N,N,LOWER MAINLAND,HASTINGS ST # 006851 TO 006899 odd,HASTINGS ST,HASTINGS ST,18:00-20:59,1,0
N,PROPERTY DAMAGE ONLY,\N,N,2021,SATURDAY,SINGLE VEHICLE,N,N,49.280514,-123.113381,Y,NOVEMBER,N,VANCOUVER,VANCOUVER,VANCOUVER,N,Y,N,LOWER MAINLAND,HAMILTON ST # 000600 TO 000699,HAMILTON ST,HAMILTON ST,18:00-20:59,1,0
N,PROPERTY DAMAGE ONLY,\N,N,2021,SATURDAY,SINGLE VEHICLE,N,N,49.281097,-123.019803,Y,NOVEMBER,N,BURNABY,BURNABY,BURNABY,N,Y,N,LOWER MAINLAND,HASTINGS ST # 003800 TO 003899,HASTINGS ST,HASTINGS ST,18:00-20:59,1,0
N,PROPERTY DAMAGE ONLY,\N,N,2021,SATURDAY,SINGLE VEHICLE,N,N,49.282544,-122.826691,Y,NOVEMBER,N,PORT MOODY,PORT MOODY,PORT MOODY,N,Y,N,LOWER MAINLAND,NEWPORT DR # 000200 TO 000267,NEWPORT DR,NEWPORT DR,18:00-20:59,1,0
N,PROPERTY DAMAGE ONLY,\N,N,2021,SATURDAY,SINGLE VEHICLE,N,N,49.287248,-123.119614,Y,NOVEMBER,N,VANCOUVER,VANCOUVER,VANCOUVER,N,N,N,LOWER MAINLAND,W PENDER ST # 001038 TO 001099,W PENDER ST,W PENDER ST,18:00-20:59,1,0
N,PROPERTY DAMAGE ONLY,\N,N,2021,SATURDAY,SINGLE VEHICLE,N,N,49.288725,-123.053245,Y,NOVEMBER,N,VANCOUVER,VANCOUVER,VANCOUVER,N,Y,N,LOWER MAINLAND,MCGILL ST # 002500 TO 002599,MCGILL ST,MCGILL ST,18:00-20:59,1,0
N,PROPERTY DAMAGE ONLY,\N,N,2021,SATURDAY,SINGLE VEHICLE,N,N,49.299159,-124.196512,Y,NOVEMBER,N,NANOOSE BAY,NANOOSE BAY,NANOOSE BAY,N,N,N,VANCOUVER ISLAND,CLAUDET RD # 001650 TO 001807,CLAUDET RD,CLAUDET RD,18:00-20:59,1,0
N,PROPERTY DAMAGE ONLY,\N,N,2021,SATURDAY,SINGLE VEHICLE,N,N,49.305561,-122.970769,Y,NOVEMBER,N,NORTH VANCOUVER,NORTH VANCOUVER,NORTH VANCOUVER,N,Y,N,LOWER MAINLAND,DEERCREST DR # 003600 TO 003629,DEERCREST DR,DEERCREST DR,18:00-20:59,1,0
N,PROPERTY DAMAGE ONLY,\N,N,2021,SATURDAY,SINGLE VEHICLE,N,N,49.316237,-123.080899,Y,NOVEMBER,N,NORTH VANCOUVER,NORTH VANCOUVER,NORTH VANCOUVER,N,Y,N,LOWER MAINLAND,W 4TH ST # 000200 TO 000299,W 4TH ST,W 4TH ST,18:00-20:59,1,0
N,PROPERTY DAMAGE ONLY,\N,N,2021,SATURDAY,SINGLE VEHICLE,N,N,49.320463,-123.092791,Y,NOVEMBER,N,NORTH VANCOUVER,NORTH VANCOUVER,NORTH VANCOUVER,N,Y,N,LOWER MAINLAND,MARINE DR # 000701 TO 000775 odd,MARINE DR,MARINE DR,18:00-20:59,1,0
N,PROPERTY DAMAGE ONLY,\N,N,2021,SATURDAY,SINGLE VEHICLE,N,N,49.322087,-123.073959,Y,NOVEMBER,N,NORTH VANCOUVER,NORTH VANCOUVER,NORTH VANCOUVER,Y,Y,N,LOWER MAINLAND,W 15TH ST # 000120 TO 000175,W 15TH ST,W 15TH ST,18:00-20:59,1,0
N,PROPERTY DAMAGE ONLY,\N,N,2021,SATURDAY,SINGLE VEHICLE,N,N,49.338868,-123.182279,Y,NOVEMBER,N,WEST VANCOUVER,WEST VANCOUVER,WEST VANCOUVER,N,Y,N,LOWER MAINLAND,25TH ST # 001500 TO 001599,25TH ST,25TH ST,18:00-20:59,1,0
N,PROPERTY DAMAGE ONLY,\N,N,2021,SATURDAY,SINGLE VEHICLE,N,N,49.346509,-123.173466,Y,NOVEMBER,N,WEST VANCOUVER,WEST VANCOUVER,WEST VANCOUVER,N,Y,N,LOWER MAINLAND,FOLKESTONE WAY # 002350 TO 002399,FOLKESTONE WAY,FOLKESTONE WAY,18:00-20:59,1,0
N,PROPERTY DAMAGE ONLY,\N,N,2021,SATURDAY,SINGLE VEHICLE,N,N,49.454553,-120.447559,Y,NOVEMBER,N,PRINCETON,PRINCETON,PRINCETON,N,Y,N,SOUTHERN INTERIOR,WILLIES RANCH RD # 000232 TO 000765,WILLIES RANCH RD,WILLIES RANCH RD,18:00-20:59,1,0
N,PROPERTY DAMAGE ONLY,\N,N,2021,SATURDAY,SINGLE VEHICLE,N,N,49.467471,-119.585422,Y,NOVEMBER,N,PENTICTON,PENTICTON,PENTICTON,N,Y,N,SOUTHERN INTERIOR,SKAHA LAKE RD # 002501 TO 002699 odd,SKAHA LAKE RD,SKAHA LAKE RD,18:00-20:59,1,0
N,PROPERTY DAMAGE ONLY,\N,N,2021,SATURDAY,SINGLE VEHICLE,N,N,49.49237,-117.291585,Y,NOVEMBER,N,NELSON,NELSON,NELSON,N,Y,N,SOUTHERN INTERIOR,HERRIDGE LANE # 000600 TO 000699,HERRIDGE LANE,HERRIDGE LANE,18:00-20:59,1,0
N,PROPERTY DAMAGE ONLY,\N,N,2021,SATURDAY,SINGLE VEHICLE,N,N,49.49502,-119.590531,Y,NOVEMBER,N,PENTICTON,PENTICTON,PENTICTON,N,Y,N,SOUTHERN INTERIOR,MAIN ST # 000500 TO 000599,MAIN ST,MAIN ST,18:00-20:59,1,0
N,PROPERTY DAMAGE ONLY,\N,N,2021,SATURDAY,SINGLE VEHICLE,N,N,49.5299,-115.750016,Y,NOVEMBER,N,CRANBROOK,CRANBROOK,CRANBROOK,N,Y,N,SOUTHERN INTERIOR,WILLOWBROOK DR # 002050 TO 002101,WILLOWBROOK DR,WILLOWBROOK DR,18:00-20:59,1,0
N,PROPERTY DAMAGE ONLY,\N,N,2021,SATURDAY,SINGLE VEHICLE,N,N,49.676681,-124.983099,Y,NOVEMBER,N,COURTENAY,COURTENAY,COURTENAY,N,Y,N,VANCOUVER ISLAND,CLIFFE AVE # 002353 TO 002599 odd,CLIFFE AVE,CLIFFE AVE,18:00-20:59,1,0
N,PROPERTY DAMAGE ONLY,\N,N,2021,SATURDAY,SINGLE VEHICLE,N,N,49.743702,-123.110626,Y,NOVEMBER,N,SQUAMISH,SQUAMISH,SQUAMISH,Y,N,N,LOWER MAINLAND,PAISLEY PL # 002570 TO 002599,PAISLEY PL,PAISLEY PL,18:00-20:59,1,0
N,PROPERTY DAMAGE ONLY,\N,N,2021,SATURDAY,SINGLE VEHICLE,N,N,49.817805,-119.483088,Y,NOVEMBER,N,KELOWNA,KELOWNA,KELOWNA,N,Y,N,SOUTHERN INTERIOR,GORDON DR # 004543 TO 004559,GORDON DR,GORDON DR,18:00-20:59,1,0
N,PROPERTY DAMAGE ONLY,\N,N,2021,SATURDAY,SINGLE VEHICLE,N,N,49.829731,-124.515459,Y,NOVEMBER,N,POWELL RIVER,POWELL RIVER,POWELL RIVER,N,N,N,VANCOUVER ISLAND,HUNTINGDON ST # 007047 TO 007199,HUNTINGDON ST,HUNTINGDON ST,18:00-20:59,1,0
N,PROPERTY DAMAGE ONLY,\N,N,2021,SATURDAY,SINGLE VEHICLE,N,N,49.834576,-119.48303,Y,NOVEMBER,N,KELOWNA,KELOWNA,KELOWNA,N,Y,N,SOUTHERN INTERIOR,GORDON DR # 004100 TO 004191,GORDON DR,GORDON DR,18:00-20:59,1,0
N,PROPERTY DAMAGE ONLY,\N,N,2021,SATURDAY,SINGLE VEHICLE,N,N,49.838409,-119.654449,Y,NOVEMBER,N,WEST KELOWNA,WEST KELOWNA,WEST KELOWNA,N,N,N,SOUTHERN INTERIOR,MALCOLM RD # 003400 TO 003499,MALCOLM RD,MALCOLM RD,18:00-20:59,1,0
N,PROPERTY DAMAGE ONLY,\N,N,2021,SATURDAY,SINGLE VEHICLE,N,N,49.890365,-119.493537,Y,NOVEMBER,N,KELOWNA,KELOWNA,KELOWNA,N,Y,N,SOUTHERN INTERIOR,ELLIS ST # 001300 TO 001399,ELLIS ST,ELLIS ST,18:00-20:59,1,0
N,PROPERTY DAMAGE ONLY,\N,N,2021,SATURDAY,SINGLE VEHICLE,N,N,50.032558,-125.267598,Y,NOVEMBER,N,CAMPBELL RIVER,CAMPBELL RIVER,CAMPBELL RIVER,N,Y,N,VANCOUVER ISLAND,ISLAND HWY # 001700 TO 001799,ISLAND HWY,ISLAND HWY,18:00-20:59,1,0
N,PROPERTY DAMAGE ONLY,\N,N,2021,SATURDAY,SINGLE VEHICLE,N,N,50.073485,-119.419879,Y,NOVEMBER,N,LAKE COUNTRY,LAKE COUNTRY,LAKE COUNTRY,N,Y,N,SOUTHERN INTERIOR,SUNNY LAKE CRT # 002540 TO 002581,SUNNY LAKE CRT,SUNNY LAKE CRT,18:00-20:59,1,0
N,PROPERTY DAMAGE ONLY,\N,N,2021,SATURDAY,SINGLE VEHICLE,N,N,50.121289,-122.936987,Y,NOVEMBER,N,WHISTLER,WHISTLER,WHISTLER,N,Y,N,LOWER MAINLAND,BLACKCOMB WAY # 004650 TO 004653,BLACKCOMB WAY,BLACKCOMB WAY,18:00-20:59,1,0
N,PROPERTY DAMAGE ONLY,\N,N,2021,SATURDAY,SINGLE VEHICLE,Y,N,49.690713,-124.999365,Y,NOVEMBER,N,COURTENAY,COURTENAY,COURTENAY,N,Y,N,VANCOUVER ISLAND,5TH ST # 000300 TO 000399,5TH ST,5TH ST,18:00-20:59,1,0
N,PROPERTY DAMAGE ONLY,\N,N,2021,SATURDAY,UNDETERMINED,N,N,\N,\N,N,NOVEMBER,N,CHILLIWACK,CHILLIWACK,\N,N,N,N,LOWER MAINLAND,UNKNOWN,HACK BROWN ROAD,HACK BROWN ROAD,18:00-20:59,1,0
N,PROPERTY DAMAGE ONLY,\N,N,2021,SATURDAY,UNDETERMINED,N,N,\N,\N,N,NOVEMBER,N,DELTA,DELTA,\N,Y,Y,N,LOWER MAINLAND,UNKNOWN,CANOE PASS WAY,CANOE PASS WAY,18:00-20:59,1,0
N,PROPERTY DAMAGE ONLY,\N,N,2021,SATURDAY,UNDETERMINED,N,N,\N,\N,N,NOVEMBER,N,LANGLEY,LANGLEY,\N,Y,N,N,LOWER MAINLAND,UNKNOWN,208 ST,208 ST,18:00-20:59,1,0
N,PROPERTY DAMAGE ONLY,\N,N,2021,SATURDAY,UNDETERMINED,N,N,\N,\N,N,NOVEMBER,N,LOGAN LAKE,LOGAN LAKE,\N,N,N,N,SOUTHERN INTERIOR,UNKNOWN,MAMIT LAKE RD,MAMIT LAKE RD,18:00-20:59,1,0
N,PROPERTY DAMAGE ONLY,\N,N,2021,SATURDAY,UNDETERMINED,N,N,\N,\N,N,NOVEMBER,N,PITT MEADOWS,PITT MEADOWS,\N,N,Y,N,LOWER MAINLAND,UNKNOWN,LOUGHEED HWY,LOUGHEED HWY,18:00-20:59,1,0
N,PROPERTY DAMAGE ONLY,\N,N,2021,SATURDAY,UNDETERMINED,N,N,\N,\N,N,NOVEMBER,N,VANCOUVER,VANCOUVER,\N,Y,N,N,LOWER MAINLAND,UNKNOWN,55TH AVE E,55TH AVE E,18:00-20:59,1,0
N,PROPERTY DAMAGE ONLY,\N,N,2021,SATURDAY,UNDETERMINED,N,N,\N,\N,N,NOVEMBER,N,VICTORIA,VICTORIA,\N,N,N,N,VANCOUVER ISLAND,UNKNOWN,PATRICIA BAY HWY,PATRICIA BAY HWY,18:00-20:59,1,0
N,PROPERTY DAMAGE ONLY,\N,N,2021,SATURDAY,UNDETERMINED,N,N,\N,\N,N,NOVEMBER,N,VICTORIA,VICTORIA,\N,Y,N,N,VANCOUVER ISLAND,UNKNOWN,PATRICIA BAY HWY,PATRICIA BAY HWY,18:00-20:59,1,0
N,PROPERTY DAMAGE ONLY,\N,N,2021,SATURDAY,UNDETERMINED,N,N,\N,\N,N,NOVEMBER,N,WILLIAMS LAKE,WILLIAMS LAKE,\N,Y,Y,N,NORTH CENTRAL,UNKNOWN,HWY 97,HWY 97,18:00-20:59,1,0
N,PROPERTY DAMAGE ONLY,\N,N,2021,SATURDAY,UNDETERMINED,N,N,49.078099,-117.799228,Y,NOVEMBER,N,ROSSLAND,ROSSLAND,ROSSLAND,Y,N,N,SOUTHERN INTERIOR,FIRST AVE # 002000 TO 002099,1ST AVE,1ST AVE,18:00-20:59,1,0
N,PROPERTY DAMAGE ONLY,\N,N,2021,SATURDAY,UNDETERMINED,N,N,49.115273,-122.678742,Y,NOVEMBER,N,LANGLEY,LANGLEY,LANGLEY,Y,Y,N,LOWER MAINLAND,WILLOWBROOK DR # 019601 TO 019669 odd,WILLOWBROOK DR,WILLOWBROOK DR,18:00-20:59,1,0
N,PROPERTY DAMAGE ONLY,\N,N,2021,SATURDAY,UNDETERMINED,N,N,49.13326,-122.890296,Y,NOVEMBER,N,SURREY,SURREY,SURREY,N,Y,N,LOWER MAINLAND,120 ST # 007100 TO 007198 even,120 ST,120 ST,18:00-20:59,1,0
N,PROPERTY DAMAGE ONLY,\N,N,2021,SATURDAY,UNDETERMINED,N,N,49.140139,-122.90006,Y,NOVEMBER,N,DELTA,DELTA,DELTA,Y,N,N,LOWER MAINLAND,75A AVE # 011600 TO 011699,75A AVE,75A AVE,18:00-20:59,1,0
N,PROPERTY DAMAGE ONLY,\N,N,2021,SATURDAY,UNDETERMINED,N,N,49.140145,-122.845542,Y,NOVEMBER,N,SURREY,SURREY,SURREY,Y,Y,N,LOWER MAINLAND,KING GEORGE BLVD # 007544 TO 007598 even,KING GEORGE BLVD,KING GEORGE BLVD,18:00-20:59,1,0
N,PROPERTY DAMAGE ONLY,\N,N,2021,SATURDAY,UNDETERMINED,N,N,49.177779,-123.091631,Y,NOVEMBER,N,RICHMOND,RICHMOND,RICHMOND,Y,N,N,LOWER MAINLAND,NO 5 RD # 004701 TO 004999,NO 5 RD,NO 5 RD,18:00-20:59,1,0
N,PROPERTY DAMAGE ONLY,\N,N,2021,SATURDAY,UNDETERMINED,N,N,49.178325,-123.127682,Y,NOVEMBER,N,RICHMOND,RICHMOND,RICHMOND,Y,Y,N,LOWER MAINLAND,ALEXANDRA RD # 008530 TO 008699,ALEXANDRA RD,ALEXANDRA RD,18:00-20:59,1,0
N,PROPERTY DAMAGE ONLY,\N,N,2021,SATURDAY,UNDETERMINED,N,N,49.178463,-123.124654,Y,NOVEMBER,N,RICHMOND,RICHMOND,RICHMOND,N,N,N,LOWER MAINLAND,GARDEN CITY RD # 004571 TO 004799 odd,GARDEN CITY RD,GARDEN CITY RD,18:00-20:59,1,0
N,PROPERTY DAMAGE ONLY,\N,N,2021,SATURDAY,UNDETERMINED,N,N,49.184157,-122.898902,Y,NOVEMBER,N,SURREY,SURREY,SURREY,Y,N,N,LOWER MAINLAND,117 ST # 009950 TO 009998,117 ST,117 ST,18:00-20:59,1,0
N,PROPERTY DAMAGE ONLY,\N,N,2021,SATURDAY,UNDETERMINED,N,N,49.187003,-122.845527,Y,NOVEMBER,N,SURREY,SURREY,SURREY,Y,Y,N,LOWER MAINLAND,KING GEORGE BLVD # 010153 TO 010199 odd,KING GEORGE BLVD,KING GEORGE BLVD,18:00-20:59,1,0
N,PROPERTY DAMAGE ONLY,\N,N,2021,SATURDAY,UNDETERMINED,N,N,49.208768,-122.791288,Y,NOVEMBER,N,SURREY,SURREY,SURREY,Y,N,N,LOWER MAINLAND,154A ST # 011300 TO 011459,154A ST,154A ST,18:00-20:59,1,0
N,PROPERTY DAMAGE ONLY,\N,N,2021,SATURDAY,UNDETERMINED,N,N,49.20986,-123.132965,Y,NOVEMBER,N,VANCOUVER,VANCOUVER,VANCOUVER,Y,N,N,LOWER MAINLAND,SELKIRK ST # 008300 TO 008569,SELKIRK ST,SELKIRK ST,18:00-20:59,1,0
N,PROPERTY DAMAGE ONLY,\N,N,2021,SATURDAY,UNDETERMINED,N,N,49.219433,-122.923928,Y,NOVEMBER,N,NEW WESTMINSTER,NEW WESTMINSTER,NEW WESTMINSTER,Y,N,N,LOWER MAINLAND,FOURTH ST # 000900 TO 000925,FOURTH ST,FOURTH ST,18:00-20:59,1,0
N,PROPERTY DAMAGE ONLY,\N,N,2021,SATURDAY,UNDETERMINED,N,N,49.227943,-123.003259,Y,NOVEMBER,N,BURNABY,BURNABY,BURNABY,N,Y,N,LOWER MAINLAND,SILVER DR # 006049 TO 006199,SILVER DR,SILVER DR,18:00-20:59,1,0
N,PROPERTY DAMAGE ONLY,\N,N,2021,SATURDAY,UNDETERMINED,N,N,49.234784,-122.863571,Y,NOVEMBER,N,COQUITLAM,COQUITLAM,COQUITLAM,Y,Y,N,LOWER MAINLAND,LOUGHEED HWY # 001002 TO 001098 even,LOUGHEED HWY,LOUGHEED HWY,18:00-20:59,1,0
N,PROPERTY DAMAGE ONLY,\N,N,2021,SATURDAY,UNDETERMINED,N,N,49.246487,-123.056654,Y,NOVEMBER,N,VANCOUVER,VANCOUVER,VANCOUVER,Y,N,N,LOWER MAINLAND,NANAIMO ST # 004250 TO 004349,NANAIMO ST,NANAIMO ST,18:00-20:59,1,0
N,PROPERTY DAMAGE ONLY,\N,N,2021,SATURDAY,UNDETERMINED,N,N,49.249326,-123.074313,Y,NOVEMBER,N,VANCOUVER,VANCOUVER,VANCOUVER,Y,Y,N,LOWER MAINLAND,KINGSWAY # 001428 TO 001498 even,KINGSWAY,KINGSWAY,18:00-20:59,1,0
N,PROPERTY DAMAGE ONLY,\N,N,2021,SATURDAY,UNDETERMINED,N,N,49.254751,-122.846459,Y,NOVEMBER,N,COQUITLAM,COQUITLAM,COQUITLAM,Y,Y,N,LOWER MAINLAND,POIRIER ST # 000600 TO 000645,POIRIER ST,POIRIER ST,18:00-20:59,1,0
N,PROPERTY DAMAGE ONLY,\N,N,2021,SATURDAY,UNDETERMINED,N,N,49.268183,-122.737437,Y,NOVEMBER,N,PORT COQUITLAM,PORT COQUITLAM,PORT COQUITLAM,Y,Y,N,LOWER MAINLAND,SKEENA ST # 003071 TO 003079,SKEENA ST,SKEENA ST,18:00-20:59,1,0
N,PROPERTY DAMAGE ONLY,\N,N,2021,SATURDAY,UNDETERMINED,N,N,49.271328,-123.134257,Y,NOVEMBER,N,VANCOUVER,VANCOUVER,VANCOUVER,Y,Y,N,LOWER MAINLAND,JOHNSTON ST # 001400 TO 001499,JOHNSTON ST,JOHNSTON ST,18:00-20:59,1,0
N,PROPERTY DAMAGE ONLY,\N,N,2021,SATURDAY,UNDETERMINED,N,N,49.277388,-123.004564,Y,NOVEMBER,N,BURNABY,BURNABY,BURNABY,N,N,N,LOWER MAINLAND,UNION ST # 004400 TO 004499,UNION ST,UNION ST,18:00-20:59,1,0
N,PROPERTY DAMAGE ONLY,\N,N,2021,SATURDAY,UNDETERMINED,N,N,49.27958,-123.068325,Y,NOVEMBER,N,VANCOUVER,VANCOUVER,VANCOUVER,Y,N,N,LOWER MAINLAND,SALSBURY DR # 000550 TO 000599,SALSBURY DR,SALSBURY DR,18:00-20:59,1,0
N,PROPERTY DAMAGE ONLY,\N,N,2021,SATURDAY,UNDETERMINED,N,N,49.281195,-123.064039,Y,NOVEMBER,N,VANCOUVER,VANCOUVER,VANCOUVER,N,Y,N,LOWER MAINLAND,E HASTINGS ST # 001958 TO 001999,E HASTINGS ST,E HASTINGS ST,18:00-20:59,1,0
N,PROPERTY DAMAGE ONLY,\N,N,2021,SATURDAY,UNDETERMINED,N,N,49.293479,-124.858941,Y,NOVEMBER,N,PORT ALBERNI,PORT ALBERNI,PORT ALBERNI,Y,N,N,VANCOUVER ISLAND,HILLS RD # 006500 TO 006699,HILLS RD,HILLS RD,18:00-20:59,1,0
N,PROPERTY DAMAGE ONLY,\N,N,2021,SATURDAY,UNDETERMINED,N,N,49.711758,-124.967375,Y,NOVEMBER,N,COURTENAY,COURTENAY,COURTENAY,Y,Y,N,VANCOUVER ISLAND,LERWICK RD # 000362 TO 000377,LERWICK RD,LERWICK RD,18:00-20:59,1,0
N,PROPERTY DAMAGE ONLY,\N,N,2021,SATURDAY,UNDETERMINED,N,N,49.761486,-123.139581,Y,NOVEMBER,N,SQUAMISH,SQUAMISH,SQUAMISH,Y,N,N,LOWER MAINLAND,DRYDEN RD # 041368 TO 041390,DRYDEN RD,DRYDEN RD,18:00-20:59,1,0
N,PROPERTY DAMAGE ONLY,\N,N,2021,SATURDAY,UNDETERMINED,N,N,50.284461,-119.266296,Y,NOVEMBER,N,VERNON,VERNON,VERNON,N,Y,N,SOUTHERN INTERIOR,26 ST # 005100 TO 005299,26 ST,26 ST,18:00-20:59,1,0
N,PROPERTY DAMAGE ONLY,\N,N,2021,SATURDAY,UNDETERMINED,N,N,50.289072,-119.260542,Y,NOVEMBER,N,VERNON,VERNON,VERNON,N,Y,N,SOUTHERN INTERIOR,58 AVE # 002000 TO 002499,58 AVE,58 AVE,18:00-20:59,1,0
N,PROPERTY DAMAGE ONLY,\N,N,2021,SATURDAY,UNDETERMINED,N,N,50.663806,-120.315697,Y,NOVEMBER,N,KAMLOOPS,KAMLOOPS,KAMLOOPS,Y,Y,N,SOUTHERN INTERIOR,TRANS-CANADA HWY E # 000600 TO 001398 even,HWY 1,HWY 1,18:00-20:59,1,0
N,PROPERTY DAMAGE ONLY,\N,N,2021,SATURDAY,UNDETERMINED,N,N,52.97114,-122.519933,Y,NOVEMBER,N,QUESNEL,QUESNEL,QUESNEL,Y,N,N,NORTH CENTRAL,ALLARD ST # 000500 TO 000681,ALLARD ST,ALLARD ST,18:00-20:59,1,0
N,PROPERTY DAMAGE ONLY,\N,N,2021,SATURDAY,UNDETERMINED,N,N,54.015928,-124.007434,Y,NOVEMBER,N,VANDERHOOF,VANDERHOOF,VANDERHOOF,Y,Y,N,NORTH CENTRAL,STEWART ST E # 000126 TO 000199,STEWART ST E,STEWART ST E,18:00-20:59,1,0
N,PROPERTY DAMAGE ONLY,\N,N,2021,SATURDAY,UNDETERMINED,N,N,54.399269,-126.650896,Y,NOVEMBER,N,HOUSTON,HOUSTON,HOUSTON,Y,Y,N,NORTH CENTRAL,HWY 16 # 003200 TO 003299,HWY 16,HWY 16,18:00-20:59,1,0
N,PROPERTY DAMAGE ONLY,\N,N,2021,SATURDAY,UNDETERMINED,Y,N,\N,\N,N,NOVEMBER,N,LAKE COWICHAN,LAKE COWICHAN,\N,N,N,N,VANCOUVER ISLAND,UNKNOWN,MCLEAN RD,MCLEAN RD,18:00-20:59,1,0
N,PROPERTY DAMAGE ONLY,\N,N,2021,SATURDAY,UNDETERMINED,Y,N,\N,\N,N,NOVEMBER,N,NEW WESTMINSTER,NEW WESTMINSTER,\N,Y,N,N,LOWER MAINLAND,UNKNOWN,EIGHTH ST,EIGHTH ST,18:00-20:59,1,0
N,PROPERTY DAMAGE ONLY,\N,N,2021,SATURDAY,UNDETERMINED,Y,N,49.202705,-122.889531,Y,NOVEMBER,N,SURREY,SURREY,SURREY,Y,Y,N,LOWER MAINLAND,OLD YALE RD # 011970 TO 012039,OLD YALE RD,OLD YALE RD,18:00-20:59,1,0
N,PROPERTY DAMAGE ONLY,\N,N,2021,SATURDAY,UNDETERMINED,Y,N,49.262824,-123.000409,Y,NOVEMBER,N,BURNABY,BURNABY,BURNABY,Y,N,N,LOWER MAINLAND,ALPHA AVE # 002368 TO 002499,ALPHA AVE,ALPHA AVE,18:00-20:59,1,0
N,PROPERTY DAMAGE ONLY,104 AVE,N,2021,SATURDAY,UNDETERMINED,N,Y,49.191479,-122.836966,N,NOVEMBER,N,SURREY,SURREY,SURREY,N,N,N,LOWER MAINLAND,104 AVE & 139 ST,139 ST,139 ST,18:00-20:59,1,0
N,PROPERTY DAMAGE ONLY,10TH AVE,N,2021,SATURDAY,REAR END,N,Y,49.218965,-122.92762,N,NOVEMBER,N,BURNABY,BURNABY,BURNABY & NEW WESTMINSTER,N,N,N,LOWER MAINLAND,10TH AVE & 6TH ST & SIXTH ST & TENTH AVE,6TH ST,6TH ST,18:00-20:59,1,0
N,PROPERTY DAMAGE ONLY,152 ST,N,2021,SATURDAY,REAR END,N,Y,49.166096,-122.801369,N,NOVEMBER,N,SURREY,SURREY,SURREY,N,N,N,LOWER MAINLAND,152 ST & FRASER HWY & TURNING LANE,FRASER HWY,FRASER HWY,18:00-20:59,1,0
N,PROPERTY DAMAGE ONLY,152 ST,N,2021,SATURDAY,REAR END,N,Y,49.19698,-122.800532,N,NOVEMBER,N,SURREY,SURREY,SURREY,N,N,N,LOWER MAINLAND,152 ST & 152 ST OFFRAMP & 152 ST ONRAMP & FERGUSON DIVERSION & GUILDFORD DR & TURNING LANE,FERGUSON DIVERS,FERGUSON DIVERS,18:00-20:59,1,0
N,PROPERTY DAMAGE ONLY,152 ST,N,2021,SATURDAY,SIDE SWIPE - SAME DIRECTION,N,Y,49.191498,-122.800899,N,NOVEMBER,N,SURREY,SURREY,SURREY,N,N,N,LOWER MAINLAND,104 AVE & 152 ST,104 AVE,104 AVE,18:00-20:59,1,0
N,PROPERTY DAMAGE ONLY,152 ST,N,2021,SATURDAY,UNDETERMINED,N,Y,49.186146,-122.800941,N,NOVEMBER,N,SURREY,SURREY,SURREY,Y,Y,N,LOWER MAINLAND,101 AVE & 152 ST,101 AVE,101 AVE,18:00-20:59,1,0
N,PROPERTY DAMAGE ONLY,152 ST OFFRAMP,N,2021,SATURDAY,UNDETERMINED,N,Y,49.059132,-122.802526,N,NOVEMBER,N,SURREY,SURREY,SURREY,N,N,N,LOWER MAINLAND,152 ST & 152 ST OFFRAMP & HWY 99,HWY 99,HWY 99,18:00-20:59,1,0
N,PROPERTY DAMAGE ONLY,198A ST,N,2021,SATURDAY,SIDE SWIPE - OPPOSITE DIRECTION,N,Y,49.159205,-122.672151,N,NOVEMBER,N,LANGLEY,LANGLEY,LANGLEY,N,N,N,LOWER MAINLAND,198A ST & 86 AVE,86 AVE,86 AVE,18:00-20:59,1,0
N,PROPERTY DAMAGE ONLY,1ST AVE,N,2021,SATURDAY,SIDE IMPACT,N,N,\N,\N,N,NOVEMBER,N,CHILLIWACK,CHILLIWACK,\N,N,N,N,LOWER MAINLAND,UNKNOWN,CHEAM AVE,CHEAM AVE,18:00-20:59,1,0
N,PROPERTY DAMAGE ONLY,200 ST,N,2021,SATURDAY,SIDE IMPACT,N,Y,49.126272,-122.668595,N,NOVEMBER,N,LANGLEY,LANGLEY,LANGLEY,Y,Y,N,LOWER MAINLAND,200 ST & 68 AVE,68 AVE,68 AVE,18:00-20:59,1,0
N,PROPERTY DAMAGE ONLY,220 ST,N,2021,SATURDAY,REAR END,N,Y,49.220526,-122.612764,N,NOVEMBER,N,MAPLE RIDGE,MAPLE RIDGE,MAPLE RIDGE,N,N,N,LOWER MAINLAND,220 ST & DEWDNEY TRUNK RD,DEWDNEY TRUNK RD,DEWDNEY TRUNK RD,18:00-20:59,1,0
N,PROPERTY DAMAGE ONLY,276 ST,N,2021,SATURDAY,SIDE IMPACT,N,Y,49.057649,-122.459765,N,NOVEMBER,N,ABBOTSFORD,ABBOTSFORD,ABBOTSFORD & LANGLEY,N,N,N,LOWER MAINLAND,FRASER HWY & STATION RD & TURNING LANE,FRASER HWY,FRASER HWY,18:00-20:59,1,0
N,PROPERTY DAMAGE ONLY,36 AVE,N,2021,SATURDAY,CONFLICTED,N,Y,49.067343,-122.795718,N,NOVEMBER,N,SURREY,SURREY,SURREY,N,N,N,LOWER MAINLAND,154 ST & 36 AVE & ROSEMARY HEIGHTS CRES,ROSEMARY HEIGHTS CRES,ROSEMARY HEIGHTS CRES,18:00-20:59,1,0
N,PROPERTY DAMAGE ONLY,40 AVE,N,2021,SATURDAY,SINGLE VEHICLE,N,Y,49.074936,-122.756791,N,NOVEMBER,N,SURREY,SURREY,SURREY,N,N,N,LOWER MAINLAND,168 ST & 40 AVE,168 ST,168 ST,18:00-20:59,1,0
N,PROPERTY DAMAGE ONLY,49TH AVE,N,2021,SATURDAY,HEAD ON,N,N,\N,\N,N,NOVEMBER,N,VANCOUVER,VANCOUVER,\N,N,N,N,LOWER MAINLAND,UNKNOWN,VICTORIA DR,VICTORIA DR,18:00-20:59,1,0
N,PROPERTY DAMAGE ONLY,4TH ST N,N,2021,SATURDAY,SIDE IMPACT,N,Y,49.515673,-115.753582,N,NOVEMBER,N,CRANBROOK,CRANBROOK,CRANBROOK,N,Y,N,SOUTHERN INTERIOR,4TH ST N & VICTORIA AVE N,VICTORIA AVE N,VICTORIA AVE N,18:00-20:59,1,0
N,PROPERTY DAMAGE ONLY,60 AVE,N,2021,SATURDAY,SIDE IMPACT,N,Y,49.111835,-122.864867,N,NOVEMBER,N,SURREY,SURREY,SURREY,Y,Y,N,LOWER MAINLAND,129 ST & 60 AVE,129 ST,129 ST,18:00-20:59,1,0
N,PROPERTY DAMAGE ONLY,69 AVE,N,2021,SATURDAY,REAR END,N,N,\N,\N,N,NOVEMBER,N,LANGLEY,LANGLEY,\N,Y,N,N,LOWER MAINLAND,UNKNOWN,196 ST,196 ST,18:00-20:59,1,0
N,PROPERTY DAMAGE ONLY,6TH ST,N,2021,SATURDAY,SIDE SWIPE - SAME DIRECTION,N,Y,49.218965,-122.92762,N,NOVEMBER,N,BURNABY,BURNABY,BURNABY & NEW WESTMINSTER,N,N,N,LOWER MAINLAND,10TH AVE & 6TH ST & SIXTH ST & TENTH AVE,10TH AVE,10TH AVE,18:00-20:59,1,0
N,PROPERTY DAMAGE ONLY,72,N,2021,SATURDAY,SIDE IMPACT,N,N,\N,\N,N,NOVEMBER,N,LANGLEY,LANGLEY,\N,N,N,N,LOWER MAINLAND,UNKNOWN,198A ST,198A ST,18:00-20:59,1,0
N,PROPERTY DAMAGE ONLY,76 AVE,N,2021,SATURDAY,SIDE IMPACT,N,Y,49.140852,-122.845634,N,NOVEMBER,N,SURREY,SURREY,SURREY,N,N,N,LOWER MAINLAND,76 AVE & KING GEORGE BLVD & TURNING LANE,KING GEORGE BLVD,KING GEORGE BLVD,18:00-20:59,1,0
N,PROPERTY DAMAGE ONLY,76 AVE,N,2021,SATURDAY,UNDETERMINED,N,Y,49.140852,-122.845634,N,NOVEMBER,N,SURREY,SURREY,SURREY,Y,Y,N,LOWER MAINLAND,76 AVE & KING GEORGE BLVD & TURNING LANE,KING GEORGE HWY,KING GEORGE HWY,18:00-20:59,1,0
N,PROPERTY DAMAGE ONLY,80 AVE,N,2021,SATURDAY,SIDE IMPACT,N,Y,49.148132,-122.867974,N,NOVEMBER,N,SURREY,SURREY,SURREY,N,N,N,LOWER MAINLAND,128 ST & 80 AVE,128 ST,128 ST,18:00-20:59,1,0
N,PROPERTY DAMAGE ONLY,84 AVE,N,2021,SATURDAY,SIDE IMPACT,N,Y,49.155532,-122.801422,N,NOVEMBER,N,SURREY,SURREY,SURREY,N,N,N,LOWER MAINLAND,152 ST & 84 AVE,152 ST,152 ST,18:00-20:59,1,0
N,PROPERTY DAMAGE ONLY,88 AVE,N,2021,SATURDAY,CONFLICTED,N,Y,49.164209,-122.668857,N,NOVEMBER,N,LANGLEY,LANGLEY,LANGLEY,N,N,N,LOWER MAINLAND,200 ST & 200 ST OFFRAMP & 88 AVE & 88 AVE ONRAMP & HWY 1 ONRAMP & TRANS-CANADA HWY,200 ST,200 ST,18:00-20:59,1,0
N,PROPERTY DAMAGE ONLY,88 AVE,N,2021,SATURDAY,REAR END,N,Y,49.163052,-122.79362,N,NOVEMBER,N,SURREY,SURREY,SURREY,N,N,N,LOWER MAINLAND,154A ST & 154B ST & 88 AVE & FRASER HWY & TURNING LANE,FRASER HWY,FRASER HWY,18:00-20:59,1,0
N,PROPERTY DAMAGE ONLY,91 AVE,N,2021,SATURDAY,REAR END,N,Y,49.168288,-122.801337,N,NOVEMBER,N,SURREY,SURREY,SURREY,N,N,N,LOWER MAINLAND,152 ST & 91 AVE,152 ST,152 ST,18:00-20:59,1,0
N,PROPERTY DAMAGE ONLY,92 AVE,N,2021,SATURDAY,SIDE SWIPE - OPPOSITE DIRECTION,N,Y,49.169723,-122.631171,N,NOVEMBER,N,LANGLEY,LANGLEY,LANGLEY,N,N,N,LOWER MAINLAND,213 ST & 92 AVE,213 ST,213 ST,18:00-20:59,1,0
N,PROPERTY DAMAGE ONLY,ALBERT ST,N,2021,SATURDAY,SIDE IMPACT,Y,Y,49.163646,-123.936359,N,NOVEMBER,N,NANAIMO,NANAIMO,NANAIMO,Y,N,N,VANCOUVER ISLAND,ALBERT ST & CHINA STEPS & COMMERCIAL ST & VICTORIA CRES & WALLACE ST,VICTORIA CRES,VICTORIA CRES,18:00-20:59,1,0
N,PROPERTY DAMAGE ONLY,ALEXANDRA RD,N,2021,SATURDAY,SIDE IMPACT,N,Y,49.178328,-123.128716,N,NOVEMBER,N,RICHMOND,RICHMOND,RICHMOND,N,N,N,LOWER MAINLAND,ALEXANDRA RD & KWANTLEN ST,KWANTLEN ST,KWANTLEN ST,18:00-20:59,1,0
N,PROPERTY DAMAGE ONLY,ARBUTUS STREET,N,2021,SATURDAY,REAR END,N,N,\N,\N,N,NOVEMBER,N,VANCOUVER,VANCOUVER,\N,N,N,N,LOWER MAINLAND,UNKNOWN,WEST KING EDWARD AVE,WEST KING EDWARD AVE,18:00-20:59,1,0
N,PROPERTY DAMAGE ONLY,ASPEN RD,N,2021,SATURDAY,REAR TO REAR,N,Y,49.688481,-124.943206,N,NOVEMBER,N,COMOX,COMOX,COMOX,Y,Y,N,VANCOUVER ISLAND,ASPEN RD & GUTHRIE RD & TURNING LANE,GUTHRIE RD,GUTHRIE RD,18:00-20:59,1,0
N,PROPERTY DAMAGE ONLY,BOURQUIN CRES W,N,2021,SATURDAY,SIDE IMPACT,N,Y,49.05431,-122.31,N,NOVEMBER,N,ABBOTSFORD,ABBOTSFORD,ABBOTSFORD,N,N,N,LOWER MAINLAND,BOURQUIN CRES W & GEORGE FERGUSON WAY,GEORGE FERGUSON WAY,GEORGE FERGUSON WAY,18:00-20:59,1,0
N,PROPERTY DAMAGE ONLY,BRAID ST,N,2021,SATURDAY,UNDETERMINED,N,Y,49.231625,-122.892723,N,NOVEMBER,N,NEW WESTMINSTER,NEW WESTMINSTER,NEW WESTMINSTER,N,Y,N,LOWER MAINLAND,BRAID ST & E COLUMBIA ST,E COLUMBIA ST,E COLUMBIA ST,18:00-20:59,1,0
N,PROPERTY DAMAGE ONLY,BROAD ST,N,2021,SATURDAY,SINGLE VEHICLE,N,Y,48.424079,-123.366685,N,NOVEMBER,N,VICTORIA,VICTORIA,VICTORIA,N,Y,N,VANCOUVER ISLAND,BROAD ST & BROUGHTON ST,BROUGHTON ST,BROUGHTON ST,18:00-20:59,1,0
N,PROPERTY DAMAGE ONLY,BRUNETTE AVE,N,2021,SATURDAY,SINGLE VEHICLE,N,Y,49.234521,-122.878438,N,NOVEMBER,N,COQUITLAM,COQUITLAM,COQUITLAM & NEW WESTMINSTER,N,N,N,LOWER MAINLAND,BRUNETTE AVE & BRUNETTE AVE OFFRAMP & BRUNETTE AVE ONRAMP & TRANS-CANADA HWY,HWY 1,HWY 1,18:00-20:59,1,0
N,PROPERTY DAMAGE ONLY,BRUNETTE AVE,N,2021,SATURDAY,SINGLE VEHICLE,N,Y,49.239767,-122.857318,N,NOVEMBER,N,COQUITLAM,COQUITLAM,COQUITLAM,N,N,N,LOWER MAINLAND,BRUNETTE AVE & LAVAL ST,LAVAL ST,LAVAL ST,18:00-20:59,1,0
N,PROPERTY DAMAGE ONLY,CAMBIE ST,N,2021,SATURDAY,SIDE IMPACT,N,Y,49.263205,-123.114853,N,NOVEMBER,N,VANCOUVER,VANCOUVER,VANCOUVER,N,N,N,LOWER MAINLAND,CAMBIE ST & W BROADWAY,W BROADWAY,W BROADWAY,18:00-20:59,1,0
N,PROPERTY DAMAGE ONLY,CAMBIE ST,N,2021,SATURDAY,SIDE SWIPE - SAME DIRECTION,Y,Y,49.263205,-123.114853,N,NOVEMBER,N,VANCOUVER,VANCOUVER,VANCOUVER,N,N,N,LOWER MAINLAND,CAMBIE ST & W BROADWAY,W BROADWAY,W BROADWAY,18:00-20:59,1,0
N,PROPERTY DAMAGE ONLY,CAMELBACK CRT,N,2021,SATURDAY,SIDE SWIPE - SAME DIRECTION,N,Y,49.31427,-122.788443,N,NOVEMBER,N,COQUITLAM,COQUITLAM,COQUITLAM,N,N,N,LOWER MAINLAND,CAMELBACK CRT & CAMELBACK LANE & PLATEAU BLVD,PLATEAU BLVD,PLATEAU BLVD,18:00-20:59,1,0
N,PROPERTY DAMAGE ONLY,CANADA WAY,N,2021,SATURDAY,SINGLE VEHICLE,N,Y,49.241592,-122.968214,N,NOVEMBER,N,BURNABY,BURNABY,BURNABY,N,N,N,LOWER MAINLAND,CANADA WAY & GILPIN ST & KENSINGTON AVE & TURNING LANE,KENSINGTON AVE,KENSINGTON AVE,18:00-20:59,1,0
N,PROPERTY DAMAGE ONLY,CHILKO DR,N,2021,SATURDAY,CONFLICTED,N,Y,49.263091,-122.79815,N,NOVEMBER,N,COQUITLAM,COQUITLAM,COQUITLAM,Y,N,N,LOWER MAINLAND,CHILKO DR & COMO LAKE AVE & LOUGHEED HWY & SHARPE ST & TURNING LANE,LOUGHEED HWY,LOUGHEED HWY,18:00-20:59,1,0
N,PROPERTY DAMAGE ONLY,CLIFF ST,N,2021,SATURDAY,SINGLE VEHICLE,N,Y,49.074931,-117.807375,N,NOVEMBER,N,ROSSLAND,ROSSLAND,ROSSLAND,N,N,N,SOUTHERN INTERIOR,CLIFF ST & COOK AVE,COOK AVE,COOK AVE,18:00-20:59,1,0
N,PROPERTY DAMAGE ONLY,COLLETT RD,N,2021,SATURDAY,SINGLE VEHICLE,N,Y,49.816688,-119.494859,N,NOVEMBER,N,KELOWNA,KELOWNA,KELOWNA,N,N,N,SOUTHERN INTERIOR,COLLETT RD & LAKESHORE RD,LAKESHORE RD,LAKESHORE RD,18:00-20:59,1,0
N,PROPERTY DAMAGE ONLY,COMMERCIAL DR,N,2021,SATURDAY,REAR END,N,Y,49.269586,-123.069675,N,NOVEMBER,N,VANCOUVER,VANCOUVER,VANCOUVER,N,N,N,LOWER MAINLAND,COMMERCIAL DR & E 1ST AVE,E 1ST AVE,E 1ST AVE,18:00-20:59,1,0
N,PROPERTY DAMAGE ONLY,DAVIS RD,N,2021,SATURDAY,SINGLE VEHICLE,N,Y,48.977648,-123.802274,N,NOVEMBER,N,LADYSMITH,LADYSMITH,LADYSMITH,N,N,N,VANCOUVER ISLAND,CHEMAINUS RD & DAVIS RD & DAVIS RD OFFRAMP & DAVIS RD ONRAMP & TRANS-CANADA HWY,TRANS-CANADA HWY,TRANS-CANADA HWY,18:00-20:59,1,0
N,PROPERTY DAMAGE ONLY,DEWDNEY TRUNK RD,N,2021,SATURDAY,REAR END,N,Y,49.268535,-122.798722,N,NOVEMBER,N,COQUITLAM,COQUITLAM,COQUITLAM,N,N,N,LOWER MAINLAND,DEWDNEY TRUNK RD & LOUGHEED HWY,LOUGHEED HWY,LOUGHEED HWY,18:00-20:59,1,0
N,PROPERTY DAMAGE ONLY,DOWNES RD,N,2021,SATURDAY,UNDETERMINED,N,Y,49.074606,-122.316188,N,NOVEMBER,N,ABBOTSFORD,ABBOTSFORD,ABBOTSFORD,N,N,N,LOWER MAINLAND,DOWNES RD & GLADWIN RD,GLADWIN RD,GLADWIN RD,18:00-20:59,1,0
N,PROPERTY DAMAGE ONLY,DUNDAS ST,N,2021,SATURDAY,SIDE IMPACT,N,Y,49.284799,-123.061616,N,NOVEMBER,N,VANCOUVER,VANCOUVER,VANCOUVER,N,N,N,LOWER MAINLAND,DUNDAS ST & LAKEWOOD DR & N LAKEWOOD DR,LAKEWOOD DR,LAKEWOOD DR,18:00-20:59,1,0
N,PROPERTY DAMAGE ONLY,DUNLEVY AVE,N,2021,SATURDAY,UNDETERMINED,Y,Y,49.282205,-123.095366,N,NOVEMBER,N,VANCOUVER,VANCOUVER,VANCOUVER,N,N,N,LOWER MAINLAND,DUNLEVY AVE & E CORDOVA ST,E CORDOVA ST,E CORDOVA ST,18:00-20:59,1,0
N,PROPERTY DAMAGE ONLY,E 49TH AVE,N,2021,SATURDAY,UNDETERMINED,N,Y,49.224804,-123.054726,N,NOVEMBER,N,VANCOUVER,VANCOUVER,VANCOUVER,Y,Y,N,LOWER MAINLAND,E 49TH AVE & ELLIOTT ST,ELLIOTT ST,ELLIOTT ST,18:00-20:59,1,0
N,PROPERTY DAMAGE ONLY,E KEITH RD,N,2021,SATURDAY,REAR END,N,Y,49.313499,-123.05712,N,NOVEMBER,N,NORTH VANCOUVER,NORTH VANCOUVER,NORTH VANCOUVER,N,N,N,LOWER MAINLAND,E KEITH RD & QUEENSBURY AVE,QUEENSBURY AVE,QUEENSBURY AVE,18:00-20:59,1,0
N,PROPERTY DAMAGE ONLY,EDMONDS ST,N,2021,SATURDAY,SIDE IMPACT,N,Y,49.220912,-122.946958,N,NOVEMBER,N,BURNABY,BURNABY,BURNABY,N,N,N,LOWER MAINLAND,EDMONDS ST & HUMPHRIES AVE,HUMPHRIES AVE,HUMPHRIES AVE,18:00-20:59,1,0
N,PROPERTY DAMAGE ONLY,EDMONDS ST,N,2021,SATURDAY,SIDE SWIPE - SAME DIRECTION,N,Y,49.224089,-122.940994,N,NOVEMBER,N,BURNABY,BURNABY,BURNABY,N,N,N,LOWER MAINLAND,CANADA WAY & EDMONDS ST,CANADA WAY,CANADA WAY,18:00-20:59,1,0
N,PROPERTY DAMAGE ONLY,FORBIDDEN PLATEAU RD,N,2021,SATURDAY,SINGLE VEHICLE,N,Y,49.696987,-125.06845,N,NOVEMBER,N,COURTENAY,COURTENAY,COURTENAY,N,N,N,VANCOUVER ISLAND,FORBIDDEN PLATEAU RD & PIERCY RD,PIERCY RD,PIERCY RD,18:00-20:59,1,0
N,PROPERTY DAMAGE ONLY,FOUNTAIN VALLEY RD,N,2021,SATURDAY,SINGLE VEHICLE,N,N,\N,\N,N,NOVEMBER,N,LYTTON,LYTTON,\N,N,N,N,SOUTHERN INTERIOR,UNKNOWN,HWY 12,HWY 12,18:00-20:59,1,0
N,PROPERTY DAMAGE ONLY,FOX MOUNTAIN RD,N,2021,SATURDAY,SINGLE VEHICLE,N,Y,52.138925,-122.111807,N,NOVEMBER,N,WILLIAMS LAKE,WILLIAMS LAKE,WILLIAMS LAKE,N,N,N,NORTH CENTRAL,EIDER DR & FOX MOUNTAIN RD,EIDER DR,EIDER DR,18:00-20:59,1,0
N,PROPERTY DAMAGE ONLY,FRASER HWY,N,2021,SATURDAY,CONFLICTED,N,Y,49.15734,-122.778895,N,NOVEMBER,N,SURREY,SURREY,SURREY,N,N,N,LOWER MAINLAND,160 ST & FRASER HWY & TURNING LANE,160 ST,160 ST,18:00-20:59,1,0
N,PROPERTY DAMAGE ONLY,FRASER HWY,N,2021,SATURDAY,SIDE IMPACT,N,Y,49.178795,-122.834372,N,NOVEMBER,N,SURREY,SURREY,SURREY,N,N,N,LOWER MAINLAND,140 ST & FRASER HWY,140 ST,140 ST,18:00-20:59,1,0
N,PROPERTY DAMAGE ONLY,GORDON DR,N,2021,SATURDAY,SIDE SWIPE - SAME DIRECTION,N,Y,49.860927,-119.474307,N,NOVEMBER,N,KELOWNA,KELOWNA,KELOWNA,N,N,N,SOUTHERN INTERIOR,GORDON DR & KLO RD & TURNING LANE,KLO RD,KLO RD,18:00-20:59,1,0
N,PROPERTY DAMAGE ONLY,GORGE RD W,N,2021,SATURDAY,REAR END,N,Y,48.447716,-123.400421,N,NOVEMBER,N,SAANICH,SAANICH,SAANICH,N,N,N,VANCOUVER ISLAND,GORGE RD W & TILLICUM RD & TURNING LANE,TILLICUM RD,TILLICUM RD,18:00-20:59,1,0
N,PROPERTY DAMAGE ONLY,GRANVILLE AVE,N,2021,SATURDAY,SIDE IMPACT,N,Y,49.162737,-123.140216,N,NOVEMBER,N,RICHMOND,RICHMOND,RICHMOND,N,N,N,LOWER MAINLAND,GRANVILLE AVE & MINORU BLVD,MINORU BLVD,MINORU BLVD,18:00-20:59,1,0
N,PROPERTY DAMAGE ONLY,GROUHEL RD,N,2021,SATURDAY,UNDETERMINED,N,Y,49.001538,-123.830601,N,NOVEMBER,N,LADYSMITH,LADYSMITH,LADYSMITH,N,N,N,VANCOUVER ISLAND,GROUHEL RD & TRANS-CANADA HWY & TURNING LANE,HWY 1,HWY 1,18:00-20:59,1,0
N,PROPERTY DAMAGE ONLY,HARVIE RD,N,2021,SATURDAY,SINGLE VEHICLE,N,Y,49.160898,-122.701626,N,NOVEMBER,N,SURREY,SURREY,SURREY,N,N,N,LOWER MAINLAND,188 ST & HARVIE RD,188 ST,188 ST,18:00-20:59,1,0
N,PROPERTY DAMAGE ONLY,HASTINGS ST,N,2021,SATURDAY,SIDE IMPACT,N,Y,49.280335,-122.980945,N,NOVEMBER,N,BURNABY,BURNABY,BURNABY,N,N,N,LOWER MAINLAND,HASTINGS ST & HOLDOM AVE,HOLDOM AVE,HOLDOM AVE,18:00-20:59,1,0
N,PROPERTY DAMAGE ONLY,HORNBY ST,N,2021,SATURDAY,UNDETERMINED,N,Y,49.279457,-123.126589,N,NOVEMBER,N,VANCOUVER,VANCOUVER,VANCOUVER,N,N,N,LOWER MAINLAND,HELMCKEN ST & HORNBY ST,HELMCKEN ST,HELMCKEN ST,18:00-20:59,1,0
N,PROPERTY DAMAGE ONLY,HOWE ST,N,2021,SATURDAY,REAR END,N,Y,49.283132,-123.119153,N,NOVEMBER,N,VANCOUVER,VANCOUVER,VANCOUVER,N,N,N,LOWER MAINLAND,HOWE ST & W GEORGIA ST,W GEORGIA ST,W GEORGIA ST,18:00-20:59,1,0
N,PROPERTY DAMAGE ONLY,HWY 1,N,2021,SATURDAY,CONFLICTED,N,Y,49.257636,-123.004065,N,NOVEMBER,N,BURNABY,BURNABY,BURNABY,N,N,N,LOWER MAINLAND,GRANDVIEW HWY & GRANDVIEW HWY ONRAMP & TRANS-CANADA HWY & TRANS-CANADA HWY ONRAMP & WILLINGDON AVE & WILLINGDON AVE OFFRAMP & EMERGENCY LANE,WILLINGDON AVE,WILLINGDON AVE,18:00-20:59,1,0
N,PROPERTY DAMAGE ONLY,HWY 11,N,2021,SATURDAY,SINGLE VEHICLE,N,Y,49.128178,-122.323907,N,NOVEMBER,N,MISSION,MISSION,MISSION,N,N,N,LOWER MAINLAND,DYKE RD & DYKE RD OFFRAMP & DYKE RD ONRAMP & HWY 11 & LONDON AVE & LONDON AVE OFFRAMP & LONDON AVE ONRAMP & LONDON AVE OVERPASS & MALL ACCESS,LONDON AVE,LONDON AVE,18:00-20:59,1,0
N,PROPERTY DAMAGE ONLY,HWY 19,N,2021,SATURDAY,SINGLE VEHICLE,N,Y,50.033433,-125.275032,N,NOVEMBER,N,CAMPBELL RIVER,CAMPBELL RIVER,CAMPBELL RIVER,N,N,N,VANCOUVER ISLAND,CAMPBELL RIVER RD & ISLAND HWY & WILLOW ST,HWY 28,HWY 28,18:00-20:59,1,0
N,PROPERTY DAMAGE ONLY,HWY 19A,N,2021,SATURDAY,SIDE IMPACT,N,Y,49.204412,-124.001501,N,NOVEMBER,N,NANAIMO,NANAIMO,NANAIMO,N,N,N,VANCOUVER ISLAND,BOWEN RD & E AND N TRAIL & ISLAND HWY N & NORWELL DR & TURNING LANE,NORWELL DR,NORWELL DR,18:00-20:59,1,0
N,PROPERTY DAMAGE ONLY,HWY 19A,N,2021,SATURDAY,SINGLE VEHICLE,N,Y,49.807318,-125.113116,N,NOVEMBER,N,BLACK CREEK,BLACK CREEK,BLACK CREEK,N,N,N,VANCOUVER ISLAND,ISLAND HWY N & KELLAND RD,KELLAND RD,KELLAND RD,18:00-20:59,1,0
N,PROPERTY DAMAGE ONLY,HWY 91A OFFRAMP,N,2021,SATURDAY,UNDETERMINED,N,N,\N,\N,N,NOVEMBER,N,NEW WESTMINSTER,NEW WESTMINSTER,\N,N,N,N,LOWER MAINLAND,UNKNOWN,HWY 91A,HWY 91A,18:00-20:59,1,0
N,PROPERTY DAMAGE ONLY,HWY 97,N,2021,SATURDAY,SINGLE VEHICLE,N,Y,51.205466,-121.53591,N,NOVEMBER,N,CHASM,CHASM,CHASM & MEADOW LAKE,N,N,N,NORTH CENTRAL,HWY 97 & MEADOW LAKE RD,MEADOW LAKE RD,MEADOW LAKE RD,18:00-20:59,1,0
N,PROPERTY DAMAGE ONLY,INVERNESS ST,N,2021,SATURDAY,SIDE IMPACT,N,Y,49.212875,-123.079892,N,NOVEMBER,N,VANCOUVER,VANCOUVER,VANCOUVER,N,N,N,LOWER MAINLAND,E 63RD AVE & INVERNESS ST,E 63RD AVE,E 63RD AVE,18:00-20:59,1,0
N,PROPERTY DAMAGE ONLY,JOE RD,N,2021,SATURDAY,SINGLE VEHICLE,N,Y,48.768461,-123.641978,N,NOVEMBER,N,DUNCAN,DUNCAN,DUNCAN,N,N,N,VANCOUVER ISLAND,JOE RD & TZOUHALEM RD,TZOUHALEM RD,TZOUHALEM RD,18:00-20:59,1,0
N,PROPERTY DAMAGE ONLY,KAMLOOPS ST,N,2021,SATURDAY,REAR END,N,N,\N,\N,N,NOVEMBER,N,RICHMOND,RICHMOND,\N,N,N,N,LOWER MAINLAND,UNKNOWN,BROADWAY ST,BROADWAY ST,18:00-20:59,1,0
N,PROPERTY DAMAGE ONLY,KENNEY ST,N,2021,SATURDAY,SIDE IMPACT,N,Y,54.516303,-128.611432,N,NOVEMBER,N,TERRACE,TERRACE,TERRACE,N,Y,N,NORTH CENTRAL,HWY 16 W & KENNEY ST & TURNING LANE,HWY 16,HWY 16,18:00-20:59,1,0
N,PROPERTY DAMAGE ONLY,KENSINGTON AVE OFFRAMP,N,2021,SATURDAY,REAR END,N,Y,49.243677,-122.967599,N,NOVEMBER,N,BURNABY,BURNABY,BURNABY,N,N,N,LOWER MAINLAND,KENSINGTON AVE & KENSINGTON AVE OFFRAMP & TRANS-CANADA HWY & TRANS-CANADA HWY ONRAMP,HWY 1,HWY 1,18:00-20:59,1,0
N,PROPERTY DAMAGE ONLY,KING GEORGE BLVD,N,2021,SATURDAY,SIDE IMPACT,N,Y,49.177035,-122.845713,N,NOVEMBER,N,SURREY,SURREY,SURREY,N,N,N,LOWER MAINLAND,96 AVE & KING GEORGE BLVD & TURNING LANE,96 AVE,96 AVE,18:00-20:59,1,0
N,PROPERTY DAMAGE ONLY,KINGSWAY,N,2021,SATURDAY,CONFLICTED,N,Y,49.259878,-123.096571,N,NOVEMBER,N,VANCOUVER,VANCOUVER,VANCOUVER,N,N,N,LOWER MAINLAND,E 12TH AVE & KINGSWAY,E 12TH AVE,E 12TH AVE,18:00-20:59,1,0
N,PROPERTY DAMAGE ONLY,KINGSWAY,N,2021,SATURDAY,SIDE SWIPE - SAME DIRECTION,N,Y,49.240009,-123.054067,N,NOVEMBER,N,VANCOUVER,VANCOUVER,VANCOUVER,N,N,N,LOWER MAINLAND,KINGSWAY & SLOCAN ST,SLOCAN ST,SLOCAN ST,18:00-20:59,1,0
N,PROPERTY DAMAGE ONLY,KINGSWAY AVE,N,2021,SATURDAY,SINGLE VEHICLE,N,Y,49.260882,-122.775374,N,NOVEMBER,N,PORT COQUITLAM,PORT COQUITLAM,PORT COQUITLAM,N,N,N,LOWER MAINLAND,KINGSWAY AVE & PORT COQUITLAM STATION & WILSON AVE,WILSON AVE,WILSON AVE,18:00-20:59,1,0
N,PROPERTY DAMAGE ONLY,KIRSCHNER RD,N,2021,SATURDAY,CONFLICTED,N,Y,49.881946,-119.458141,N,NOVEMBER,N,KELOWNA,KELOWNA,KELOWNA,N,N,N,SOUTHERN INTERIOR,HARVEY AVE & KIRSCHNER RD & TURNING LANE,HARVEY AVE,HARVEY AVE,18:00-20:59,1,0
N,PROPERTY DAMAGE ONLY,KNIGHT ST,N,2021,SATURDAY,REAR END,N,Y,49.211079,-123.077129,N,NOVEMBER,N,VANCOUVER,VANCOUVER,VANCOUVER,N,N,N,LOWER MAINLAND,KNIGHT ST & KNIGHT ST BRIDGE & SE MARINE DR & SE MARINE DR OFFRAMP & SE MARINE DR ONRAMP & BUS LANE,SE MARINE DR,SE MARINE DR,18:00-20:59,1,0
N,PROPERTY DAMAGE ONLY,KNIGHT ST OFFRAMP,N,2021,SATURDAY,REAR END,N,Y,49.177659,-123.074488,N,NOVEMBER,N,RICHMOND,RICHMOND,RICHMOND,N,N,N,LOWER MAINLAND,HWY 91 & KNIGHT ST & KNIGHT ST OFFRAMP & KNIGHT ST ONRAMP,HWY 91,HWY 91,18:00-20:59,1,0
N,PROPERTY DAMAGE ONLY,LANSDOWNE RD,N,2021,SATURDAY,CONFLICTED,N,Y,49.173835,-123.124612,N,NOVEMBER,N,RICHMOND,RICHMOND,RICHMOND,N,N,N,LOWER MAINLAND,GARDEN CITY RD & LANSDOWNE RD & TURNING LANE,GARDEN CITY RD,GARDEN CITY RD,18:00-20:59,1,0
N,PROPERTY DAMAGE ONLY,LAUREL ST,N,2021,SATURDAY,CONFLICTED,N,Y,49.265119,-123.124107,N,NOVEMBER,N,VANCOUVER,VANCOUVER,VANCOUVER,Y,N,N,LOWER MAINLAND,LAUREL ST & W 7TH AVE,W 7TH AVE,W 7TH AVE,18:00-20:59,1,0
N,PROPERTY DAMAGE ONLY,LOUGHEED HWY,N,2021,SATURDAY,REAR END,N,Y,49.253039,-122.741938,N,NOVEMBER,N,PORT COQUITLAM,PORT COQUITLAM,PORT COQUITLAM,N,N,N,LOWER MAINLAND,LOUGHEED HWY & SHERLING AVE & INDUSTRIAL ACCESS & TURNING LANE,SHERLING AVE,SHERLING AVE,18:00-20:59,1,0
N,PROPERTY DAMAGE ONLY,LOUGHEED HWY,N,2021,SATURDAY,UNDETERMINED,N,Y,49.27352,-122.790547,N,NOVEMBER,N,COQUITLAM,COQUITLAM,COQUITLAM & PORT COQUITLAM,N,Y,N,LOWER MAINLAND,LOUGHEED HWY & WESTWOOD ST & TURNING LANE,WESTWOOD ST,WESTWOOD ST,18:00-20:59,1,0
N,PROPERTY DAMAGE ONLY,MAIN ST,N,2021,SATURDAY,SINGLE VEHICLE,N,Y,49.304852,-123.027413,N,NOVEMBER,N,NORTH VANCOUVER,NORTH VANCOUVER,NORTH VANCOUVER,N,N,N,LOWER MAINLAND,DOLLARTON HWY & DOLLARTON HWY OFFRAMP & DOLLARTON HWY ONRAMP & IRONWORKERS MEMORIAL BRIDGE & MAIN ST & MAIN ST OFFRAMP & MAIN ST ONRAMP & PHIBBS EXCHANGE & TRANS-CANADA HWY & EMERGENCY LANE & HIGHWAY RAMP & TURNING LANE,HWY 1,HWY 1,18:00-20:59,1,0
N,PROPERTY DAMAGE ONLY,MAIN ST,N,2021,SATURDAY,UNDETERMINED,N,Y,49.256579,-123.101238,N,NOVEMBER,N,VANCOUVER,VANCOUVER,VANCOUVER,Y,N,N,LOWER MAINLAND,E 16TH AVE & MAIN ST,E 16TH AVE,E 16TH AVE,18:00-20:59,1,0
N,PROPERTY DAMAGE ONLY,MALCOLM RD,N,2021,SATURDAY,SINGLE VEHICLE,N,Y,49.074791,-122.051504,N,NOVEMBER,Y,CHILLIWACK,CHILLIWACK,CHILLIWACK,N,N,N,LOWER MAINLAND,MAJUBA HILL RD & MALCOLM RD,MAJUBA HILL RD,MAJUBA HILL RD,18:00-20:59,1,0
N,PROPERTY DAMAGE ONLY,NANAIMO ST,N,2021,SATURDAY,UNDETERMINED,N,Y,49.264887,-123.056586,N,NOVEMBER,N,VANCOUVER,VANCOUVER,VANCOUVER,N,N,N,LOWER MAINLAND,E 6TH AVE & NANAIMO ST,E 6TH AVE,E 6TH AVE,18:00-20:59,1,0
N,PROPERTY DAMAGE ONLY,NO 3 RD,N,2021,SATURDAY,SINGLE VEHICLE,N,Y,49.160971,-123.136579,N,NOVEMBER,N,RICHMOND,RICHMOND,RICHMOND,N,N,N,LOWER MAINLAND,BENNETT RD & NO 3 RD & TURNING LANE,BENNETT RD,BENNETT RD,18:00-20:59,1,0
N,PROPERTY DAMAGE ONLY,NORDEL WAY,N,2021,SATURDAY,REAR END,N,Y,49.146506,-122.944458,N,NOVEMBER,N,DELTA,DELTA,DELTA,N,N,N,LOWER MAINLAND,HWY 17 & HWY 91 & HWY 91 CONN & HWY 91 CONN OFFRAMP & HWY 91 CONN ONRAMP & NORDEL WAY & NORDEL WAY OFFRAMP & NORDEL WAY ONRAMP & NORDEL WAY OVERPASS & WEIGH SCALE RD & SCALE ACCESS & TURNING LANE,HWY 91 CONNECTR,HWY 91 CONNECTR,18:00-20:59,1,0
N,PROPERTY DAMAGE ONLY,OAK ST,N,2021,SATURDAY,SIDE IMPACT,N,Y,49.210743,-123.130188,N,NOVEMBER,N,VANCOUVER,VANCOUVER,VANCOUVER,N,N,N,LOWER MAINLAND,OAK ST & W 67TH AVE,W 67TH AVE,W 67TH AVE,18:00-20:59,1,0
N,PROPERTY DAMAGE ONLY,OSWEGO ST,N,2021,SATURDAY,SIDE IMPACT,N,Y,48.420912,-123.374813,N,NOVEMBER,N,VICTORIA,VICTORIA,VICTORIA,Y,N,N,VANCOUVER ISLAND,OSWEGO ST & QUEBEC ST,QUEBEC ST,QUEBEC ST,18:00-20:59,1,0
N,PROPERTY DAMAGE ONLY,PANDORA ST,N,2021,SATURDAY,SIDE IMPACT,N,Y,49.282995,-123.056534,N,NOVEMBER,N,VANCOUVER,VANCOUVER,VANCOUVER,N,N,N,LOWER MAINLAND,NANAIMO ST & PANDORA ST,NANAIMO ST,NANAIMO ST,18:00-20:59,1,0
N,PROPERTY DAMAGE ONLY,QUAYSIDE DR,N,2021,SATURDAY,SINGLE VEHICLE,N,Y,49.200234,-122.92456,N,NOVEMBER,N,NEW WESTMINSTER,NEW WESTMINSTER,NEW WESTMINSTER,N,N,N,LOWER MAINLAND,QUAYSIDE DR & RENAISSANCE SQ,RENAISSANCE SQ,RENAISSANCE SQ,18:00-20:59,1,0
N,PROPERTY DAMAGE ONLY,RENFREW ST,N,2021,SATURDAY,UNDETERMINED,N,Y,49.269475,-123.044219,N,NOVEMBER,N,VANCOUVER,VANCOUVER,VANCOUVER,Y,N,N,LOWER MAINLAND,E 1ST AVE & RENFREW ST,E 1ST AVE,E 1ST AVE,18:00-20:59,1,0
N,PROPERTY DAMAGE ONLY,RICHMOND AVE,N,2021,SATURDAY,REAR END,N,Y,48.429683,-123.330061,N,NOVEMBER,N,VICTORIA,VICTORIA,VICTORIA,N,N,N,VANCOUVER ISLAND,BIRCH ST & FORT ST & RICHMOND AVE & RICHMOND RD,FORT ST,FORT ST,18:00-20:59,1,0
N,PROPERTY DAMAGE ONLY,RIDGEWOOD DR,N,2021,SATURDAY,SINGLE VEHICLE,N,Y,49.339321,-123.10186,N,NOVEMBER,N,NORTH VANCOUVER,NORTH VANCOUVER,NORTH VANCOUVER,N,Y,N,LOWER MAINLAND,AYR AVE & RIDGEWOOD DR,AYR AVE,AYR AVE,18:00-20:59,1,0
N,PROPERTY DAMAGE ONLY,RIVER RD,N,2021,SATURDAY,SIDE SWIPE - SAME DIRECTION,N,Y,49.171982,-122.494796,N,NOVEMBER,N,MAPLE RIDGE,MAPLE RIDGE,MAPLE RIDGE,N,N,N,LOWER MAINLAND,LOUGHEED HWY & RIVER RD,LOUGHEED HWY,LOUGHEED HWY,18:00-20:59,1,0
N,PROPERTY DAMAGE ONLY,ROSE AVE,N,2021,SATURDAY,REAR END,N,Y,49.872708,-119.48821,N,NOVEMBER,N,KELOWNA,KELOWNA,KELOWNA,N,N,N,SOUTHERN INTERIOR,RICHTER ST & ROSE AVE,RICHTER ST,RICHTER ST,18:00-20:59,1,0
N,PROPERTY DAMAGE ONLY,RUSS BAKER WAY,N,2021,SATURDAY,SINGLE VEHICLE,N,N,\N,\N,N,NOVEMBER,N,RICHMOND,RICHMOND,\N,N,N,N,LOWER MAINLAND,UNKNOWN,NO 2 RD,NO 2 RD,18:00-20:59,1,0
N,PROPERTY DAMAGE ONLY,RUTLAND RD,N,2021,SATURDAY,SINGLE VEHICLE,N,Y,49.346171,-123.250032,N,NOVEMBER,N,WEST VANCOUVER,WEST VANCOUVER,WEST VANCOUVER,N,N,N,LOWER MAINLAND,CAULFEILD DR & RUTLAND RD,CAULFEILD DR,CAULFEILD DR,18:00-20:59,1,0
N,PROPERTY DAMAGE ONLY,SE MARINE DR,N,2021,SATURDAY,REAR END,Y,Y,49.211079,-123.077129,N,NOVEMBER,N,VANCOUVER,VANCOUVER,VANCOUVER,N,N,N,LOWER MAINLAND,KNIGHT ST & KNIGHT ST BRIDGE & SE MARINE DR & SE MARINE DR OFFRAMP & SE MARINE DR ONRAMP & BUS LANE,KNIGHT ST,KNIGHT ST,18:00-20:59,1,0
N,PROPERTY DAMAGE ONLY,SEXSMITH RD,N,2021,SATURDAY,REAR TO REAR,N,Y,49.184677,-123.128143,N,NOVEMBER,N,RICHMOND,RICHMOND,RICHMOND,N,Y,N,LOWER MAINLAND,CAMBIE RD & SEXSMITH RD,CAMBIE RD,CAMBIE RD,18:00-20:59,1,0
N,PROPERTY DAMAGE ONLY,SOUTH FORKS RD,N,2021,SATURDAY,SINGLE VEHICLE,N,Y,49.106356,-124.001631,N,NOVEMBER,N,NANAIMO,NANAIMO,NANAIMO,N,N,N,VANCOUVER ISLAND,NANAIMO LAKES RD & SOUTH FORKS RD,NANAIMO LAKES RD,NANAIMO LAKES RD,18:00-20:59,1,0
N,PROPERTY DAMAGE ONLY,SOUTH FRASER WAY,N,2021,SATURDAY,SIDE IMPACT,N,Y,49.04765,-122.290363,N,NOVEMBER,N,ABBOTSFORD,ABBOTSFORD,ABBOTSFORD,N,N,N,LOWER MAINLAND,GOSLING WAY & MONTROSE AVE & SOUTH FRASER WAY & TURNING LANE,MONTROSE AVE,MONTROSE AVE,18:00-20:59,1,0
N,PROPERTY DAMAGE ONLY,SPRINGS BLVD,N,2021,SATURDAY,SINGLE VEHICLE,N,Y,49.032053,-123.079707,N,NOVEMBER,N,DELTA,DELTA,DELTA,N,N,N,LOWER MAINLAND,52 ST & SPRINGS BLVD & SPYGLASS CRES,52 ST,52 ST,18:00-20:59,1,0
N,PROPERTY DAMAGE ONLY,ST GEORGE AVE,N,2021,SATURDAY,SIDE SWIPE - SAME DIRECTION,N,N,\N,\N,N,NOVEMBER,N,NORTH VANCOUVER,NORTH VANCOUVER,\N,N,N,N,LOWER MAINLAND,UNKNOWN,ESPLANADE AVE,ESPLANADE AVE,18:00-20:59,1,0
N,PROPERTY DAMAGE ONLY,STORE ST,N,2021,SATURDAY,REAR TO REAR,N,Y,48.431014,-123.369706,N,NOVEMBER,N,VICTORIA,VICTORIA,VICTORIA,N,N,N,VANCOUVER ISLAND,CHATHAM ST & STORE ST,CHATHAM ST,CHATHAM ST,18:00-20:59,1,0
N,PROPERTY DAMAGE ONLY,TEMPE GLEN DR,N,2021,SATURDAY,REAR END,N,Y,49.335573,-123.054682,N,NOVEMBER,N,NORTH VANCOUVER,NORTH VANCOUVER,NORTH VANCOUVER,N,N,N,LOWER MAINLAND,E 29TH ST & ROYAL AVE & TEMPE GLEN DR,E 29TH ST,E 29TH ST,18:00-20:59,1,0
N,PROPERTY DAMAGE ONLY,TENTH ST,N,2021,SATURDAY,REAR END,N,Y,49.202102,-122.917422,N,NOVEMBER,N,NEW WESTMINSTER,NEW WESTMINSTER,NEW WESTMINSTER,N,N,N,LOWER MAINLAND,ROYAL AVE & TENTH ST,ROYAL AVE,ROYAL AVE,18:00-20:59,1,0
N,PROPERTY DAMAGE ONLY,TRANQUILLE RD,N,2021,SATURDAY,REAR END,N,Y,50.684804,-120.347582,N,NOVEMBER,N,KAMLOOPS,KAMLOOPS,KAMLOOPS,N,N,N,SOUTHERN INTERIOR,FORTUNE DR & TRANQUILLE RD,FORTUNE DR,FORTUNE DR,18:00-20:59,1,0
N,PROPERTY DAMAGE ONLY,TRANS-CANADA HWY,N,2021,SATURDAY,SINGLE VEHICLE,N,Y,48.456857,-123.497195,N,NOVEMBER,N,LANGFORD,LANGFORD,LANGFORD,N,N,N,VANCOUVER ISLAND,MILLSTREAM RD & MILLSTREAM RD OFFRAMP & MILLSTREAM RD ONRAMP & TRANS-CANADA HWY & VETERANS MEMORIAL PKY & VETERANS MEMORIAL PKY OFFRAMP & VETERANS MEMORIAL PKY ONRAMP,VETERANS MEMORIAL PKY,VETERANS MEMORIAL PKY,18:00-20:59,1,0
N,PROPERTY DAMAGE ONLY,TRETHEWEY ST,N,2021,SATURDAY,SIDE IMPACT,N,Y,49.051487,-122.326661,N,NOVEMBER,N,ABBOTSFORD,ABBOTSFORD,ABBOTSFORD,N,N,N,LOWER MAINLAND,SOUTH FRASER WAY & TRETHEWEY ST & TURNING LANE,SOUTH FRASER WAY,SOUTH FRASER WAY,18:00-20:59,1,0
N,PROPERTY DAMAGE ONLY,TRIMBLE ST,N,2021,SATURDAY,UNDETERMINED,N,Y,49.26379,-123.20609,N,NOVEMBER,N,VANCOUVER,VANCOUVER,VANCOUVER,Y,N,N,LOWER MAINLAND,TRIMBLE ST & W 10TH AVE,W 10TH AVE,W 10TH AVE,18:00-20:59,1,0
N,PROPERTY DAMAGE ONLY,UNIVERSITY DR,N,2021,SATURDAY,CONFLICTED,N,Y,49.186094,-122.851808,N,NOVEMBER,N,SURREY,SURREY,SURREY,Y,N,N,LOWER MAINLAND,OLD YALE RD & UNIVERSITY DR,OLD YALE RD,OLD YALE RD,18:00-20:59,1,0
N,PROPERTY DAMAGE ONLY,UNKNOWN,N,2021,SATURDAY,CONFLICTED,N,N,\N,\N,N,NOVEMBER,N,BURNABY,BURNABY,\N,N,N,N,LOWER MAINLAND,UNKNOWN,HWY 1,HWY 1,18:00-20:59,1,0
N,PROPERTY DAMAGE ONLY,VICTORIA DR,N,2021,SATURDAY,REAR END,N,Y,49.240059,-123.065367,N,NOVEMBER,N,VANCOUVER,VANCOUVER,VANCOUVER,N,N,N,LOWER MAINLAND,E 33RD AVE & VICTORIA DR,E 33RD AVE,E 33RD AVE,18:00-20:59,1,0
N,PROPERTY DAMAGE ONLY,VICTORIA DR,N,2021,SATURDAY,SIDE IMPACT,N,Y,49.245143,-123.065173,N,NOVEMBER,N,VANCOUVER,VANCOUVER,VANCOUVER,N,N,N,LOWER MAINLAND,KINGSWAY & VICTORIA DR,KINGSWAY,KINGSWAY,18:00-20:59,1,0
N,PROPERTY DAMAGE ONLY,W 29TH AVE,N,2021,SATURDAY,SIDE SWIPE - SAME DIRECTION,N,Y,49.246166,-123.185255,N,NOVEMBER,N,VANCOUVER,VANCOUVER,VANCOUVER,Y,N,N,LOWER MAINLAND,DUNBAR ST & W 29TH AVE,DUNBAR ST,DUNBAR ST,18:00-20:59,1,0
N,PROPERTY DAMAGE ONLY,W 7TH AVE,N,2021,SATURDAY,CONFLICTED,N,Y,49.26495,-123.114804,N,NOVEMBER,N,VANCOUVER,VANCOUVER,VANCOUVER,N,N,N,LOWER MAINLAND,CAMBIE ST & W 7TH AVE,CAMBIE ST,CAMBIE ST,18:00-20:59,1,0
N,PROPERTY DAMAGE ONLY,W HASTINGS ST,N,2021,SATURDAY,CONFLICTED,N,Y,49.288794,-123.12276,N,NOVEMBER,N,VANCOUVER,VANCOUVER,VANCOUVER,N,N,N,LOWER MAINLAND,BUTE ST & W HASTINGS ST,BUTE ST,BUTE ST,18:00-20:59,1,0
N,PROPERTY DAMAGE ONLY,W KING EDWARD AVE,N,2021,SATURDAY,REAR END,N,Y,49.249411,-123.139097,N,NOVEMBER,N,VANCOUVER,VANCOUVER,VANCOUVER,N,N,N,LOWER MAINLAND,GRANVILLE ST & W KING EDWARD AVE,GRANVILLE ST,GRANVILLE ST,18:00-20:59,1,0
N,PROPERTY DAMAGE ONLY,W KING EDWARD AVE,N,2021,SATURDAY,SIDE SWIPE - SAME DIRECTION,N,Y,49.251529,-123.15308,N,NOVEMBER,N,VANCOUVER,VANCOUVER,VANCOUVER,N,N,N,LOWER MAINLAND,ARBUTUS GREENWAY & ARBUTUS ST & W KING EDWARD AVE,ARBUTUS ST,ARBUTUS ST,18:00-20:59,1,0
N,PROPERTY DAMAGE ONLY,WATERLOO ST,N,2021,SATURDAY,SIDE IMPACT,N,Y,49.268535,-123.17971,N,NOVEMBER,N,VANCOUVER,VANCOUVER,VANCOUVER,Y,N,N,LOWER MAINLAND,W 4TH AVE & WATERLOO ST,W 4TH AVE,W 4TH AVE,18:00-20:59,1,0
N,PROPERTY DAMAGE ONLY,WILLIAMS ST,N,2021,SATURDAY,REAR TO REAR,N,Y,49.17333,-121.945683,N,NOVEMBER,N,CHILLIWACK,CHILLIWACK,CHILLIWACK,Y,Y,N,LOWER MAINLAND,WILLIAMS ST & YALE RD,YALE RD,YALE RD,18:00-20:59,1,0
N,PROPERTY DAMAGE ONLY,WILLINGDON AVE,N,2021,SATURDAY,REAR END,N,Y,49.266408,-123.003199,N,NOVEMBER,N,BURNABY,BURNABY,BURNABY,N,N,N,LOWER MAINLAND,LOUGHEED HWY & WILLINGDON AVE,LOUGHEED HWY,LOUGHEED HWY,18:00-20:59,1,0
N,PROPERTY DAMAGE ONLY,WILLINGDON AVE,N,2021,SATURDAY,SIDE IMPACT,N,Y,49.266408,-123.003199,N,NOVEMBER,N,BURNABY,BURNABY,BURNABY,N,N,N,LOWER MAINLAND,LOUGHEED HWY & WILLINGDON AVE,LOUGHEED HWY,LOUGHEED HWY,18:00-20:59,1,0
N,PROPERTY DAMAGE ONLY,YEW ST,N,2021,SATURDAY,REAR END,N,Y,49.234628,-123.158501,N,NOVEMBER,N,VANCOUVER,VANCOUVER,VANCOUVER,N,N,N,LOWER MAINLAND,W 41ST AVE & YEW ST,W 41ST AVE,W 41ST AVE,18:00-20:59,1,0
Y,CASUALTY CRASH,\N,N,2021,SATURDAY,SINGLE VEHICLE,N,N,\N,\N,N,NOVEMBER,N,ELKO,ELKO,\N,N,N,N,SOUTHERN INTERIOR,UNKNOWN,HIGHWAY 3,HIGHWAY 3,18:00-20:59,1,2
Y,CASUALTY CRASH,\N,N,2021,SATURDAY,SINGLE VEHICLE,N,N,\N,\N,N,NOVEMBER,N,HOPE,HOPE,\N,N,N,N,LOWER MAINLAND,UNKNOWN,HWY 5,HWY 5,18:00-20:59,1,1
Y,CASUALTY CRASH,\N,N,2021,SATURDAY,SINGLE VEHICLE,N,N,\N,\N,N,NOVEMBER,N,KAMLOOPS,KAMLOOPS,\N,N,N,N,SOUTHERN INTERIOR,UNKNOWN,WESTSYDE RD,WESTSYDE RD,18:00-20:59,1,1
Y,CASUALTY CRASH,\N,N,2021,SATURDAY,SINGLE VEHICLE,N,N,\N,\N,N,NOVEMBER,N,TOBIANO,TOBIANO,\N,N,N,N,SOUTHERN INTERIOR,UNKNOWN,TRANS CANADA HWY 1,TRANS CANADA HWY 1,18:00-20:59,1,1
Y,CASUALTY CRASH,\N,N,2021,SATURDAY,SINGLE VEHICLE,N,N,\N,\N,N,NOVEMBER,N,VANDERHOOF,VANDERHOOF,\N,N,N,N,NORTH CENTRAL,UNKNOWN,HWY 16,HWY 16,18:00-20:59,1,1
Y,CASUALTY CRASH,U/K,N,2021,SATURDAY,SINGLE VEHICLE,N,N,\N,\N,N,NOVEMBER,N,ROCK CREEK,ROCK CREEK,\N,N,N,N,SOUTHERN INTERIOR,UNKNOWN,HWY 3,HWY 3,18:00-20:59,1,1
Y,PROPERTY DAMAGE ONLY,\N,N,2021,SATURDAY,SINGLE VEHICLE,N,N,\N,\N,N,NOVEMBER,N,100 MILE HOUSE,100 MILE HOUSE,\N,N,N,N,NORTH CENTRAL,UNKNOWN,NORTHSHORE DR,NORTHSHORE DR,18:00-20:59,1,0
Y,PROPERTY DAMAGE ONLY,\N,N,2021,SATURDAY,SINGLE VEHICLE,N,N,\N,\N,N,NOVEMBER,N,ABBOTSFORD,ABBOTSFORD,\N,N,N,N,LOWER MAINLAND,UNKNOWN,MCKEE RD,MCKEE RD,18:00-20:59,1,0
Y,PROPERTY DAMAGE ONLY,\N,N,2021,SATURDAY,SINGLE VEHICLE,N,N,\N,\N,N,NOVEMBER,N,ARMSTRONG,ARMSTRONG,\N,N,N,N,SOUTHERN INTERIOR,UNKNOWN,HULLCAR ROAD,HULLCAR ROAD,18:00-20:59,1,0
Y,PROPERTY DAMAGE ONLY,\N,N,2021,SATURDAY,SINGLE VEHICLE,N,N,\N,\N,N,NOVEMBER,N,ARMSTRONG,ARMSTRONG,\N,N,N,N,SOUTHERN INTERIOR,UNKNOWN,HWY 97A,HWY 97A,18:00-20:59,1,0
Y,PROPERTY DAMAGE ONLY,\N,N,2021,SATURDAY,SINGLE VEHICLE,N,N,\N,\N,N,NOVEMBER,N,BEAVERDELL,BEAVERDELL,\N,N,N,N,SOUTHERN INTERIOR,UNKNOWN,HWY 33,HWY 33,18:00-20:59,1,0
Y,PROPERTY DAMAGE ONLY,\N,N,2021,SATURDAY,SINGLE VEHICLE,N,N,\N,\N,N,NOVEMBER,N,CACHE CREEK,CACHE CREEK,\N,N,N,N,SOUTHERN INTERIOR,UNKNOWN,HWY 1,HWY 1,18:00-20:59,1,0
Y,PROPERTY DAMAGE ONLY,\N,N,2021,SATURDAY,SINGLE VEHICLE,N,N,\N,\N,N,NOVEMBER,N,CAMPBELL RIVER,CAMPBELL RIVER,\N,N,N,N,VANCOUVER ISLAND,UNKNOWN,HWY 19,HWY 19,18:00-20:59,2,0
Y,PROPERTY DAMAGE ONLY,\N,N,2021,SATURDAY,SINGLE VEHICLE,N,N,\N,\N,N,NOVEMBER,N,FANNY BAY,FANNY BAY,\N,N,N,N,VANCOUVER ISLAND,UNKNOWN,HWY 19A,HWY 19A,18:00-20:59,1,0
Y,PROPERTY DAMAGE ONLY,\N,N,2021,SATURDAY,SINGLE VEHICLE,N,N,\N,\N,N,NOVEMBER,N,FARMINGTON,FARMINGTON,\N,N,N,N,NORTH CENTRAL,UNKNOWN,SWEETWATER RD,SWEETWATER RD,18:00-20:59,1,0
Y,PROPERTY DAMAGE ONLY,\N,N,2021,SATURDAY,SINGLE VEHICLE,N,N,\N,\N,N,NOVEMBER,N,FORT ST. JOHN,FORT ST. JOHN,\N,N,N,N,NORTH CENTRAL,UNKNOWN,MONTNEY RD,MONTNEY RD,18:00-20:59,1,0
Y,PROPERTY DAMAGE ONLY,\N,N,2021,SATURDAY,SINGLE VEHICLE,N,N,\N,\N,N,NOVEMBER,N,FORT ST. JOHN,FORT ST. JOHN,\N,N,N,N,NORTH CENTRAL,UNKNOWN,UPPER HALFWAY 117 RD,UPPER HALFWAY 117 RD,18:00-20:59,1,0
Y,PROPERTY DAMAGE ONLY,\N,N,2021,SATURDAY,SINGLE VEHICLE,N,N,\N,\N,N,NOVEMBER,N,GROUNDBIRCH,GROUNDBIRCH,\N,N,N,N,NORTH CENTRAL,UNKNOWN,BRADEN RD,BRADEN RD,18:00-20:59,1,0
Y,PROPERTY DAMAGE ONLY,\N,N,2021,SATURDAY,SINGLE VEHICLE,N,N,\N,\N,N,NOVEMBER,N,KITWANGA,KITWANGA,\N,N,N,N,NORTH CENTRAL,UNKNOWN,HWY 37,HWY 37,18:00-20:59,1,0
Y,PROPERTY DAMAGE ONLY,\N,N,2021,SATURDAY,SINGLE VEHICLE,N,N,\N,\N,N,NOVEMBER,N,LADYSMITH,LADYSMITH,\N,N,N,N,VANCOUVER ISLAND,UNKNOWN,PLATT RD,PLATT RD,18:00-20:59,1,0
Y,PROPERTY DAMAGE ONLY,\N,N,2021,SATURDAY,SINGLE VEHICLE,N,N,\N,\N,N,NOVEMBER,N,LONE PRAIRIE,LONE PRAIRIE,\N,N,N,N,NORTH CENTRAL,UNKNOWN,LONE PRAIRIE RD,LONE PRAIRIE RD,18:00-20:59,1,0
Y,PROPERTY DAMAGE ONLY,\N,N,2021,SATURDAY,SINGLE VEHICLE,N,N,\N,\N,N,NOVEMBER,N,PORT HARDY,PORT HARDY,\N,N,N,N,VANCOUVER ISLAND,UNKNOWN,HWY 19,HWY 19,18:00-20:59,1,0
Y,PROPERTY DAMAGE ONLY,\N,N,2021,SATURDAY,SINGLE VEHICLE,N,N,\N,\N,N,NOVEMBER,N,PRINCE GEORGE,PRINCE GEORGE,\N,N,N,N,NORTH CENTRAL,UNKNOWN,HWY 97,HWY 97,18:00-20:59,1,0
Y,PROPERTY DAMAGE ONLY,\N,N,2021,SATURDAY,SINGLE VEHICLE,N,N,\N,\N,N,NOVEMBER,N,QUALICUM BEACH,QUALICUM BEACH,\N,N,N,N,VANCOUVER ISLAND,UNKNOWN,ISLAND HWY W,ISLAND HWY W,18:00-20:59,1,0
Y,PROPERTY DAMAGE ONLY,\N,N,2021,SATURDAY,SINGLE VEHICLE,N,N,\N,\N,N,NOVEMBER,N,ROCK CREEK,ROCK CREEK,\N,N,N,N,SOUTHERN INTERIOR,UNKNOWN,HWY 3,HWY 3,18:00-20:59,1,0
Y,PROPERTY DAMAGE ONLY,\N,N,2021,SATURDAY,SINGLE VEHICLE,N,N,\N,\N,N,NOVEMBER,N,TAYLOR,TAYLOR,\N,N,N,N,NORTH CENTRAL,UNKNOWN,ALASKA HWY,ALASKA HWY,18:00-20:59,1,0
Y,PROPERTY DAMAGE ONLY,\N,N,2021,SATURDAY,SINGLE VEHICLE,N,N,\N,\N,N,NOVEMBER,N,TAYLOR,TAYLOR,\N,N,N,N,NORTH CENTRAL,UNKNOWN,HWY 97,HWY 97,18:00-20:59,1,0
Y,PROPERTY DAMAGE ONLY,\N,N,2021,SATURDAY,SINGLE VEHICLE,N,N,\N,\N,N,NOVEMBER,N,WILLIAMS LAKE,WILLIAMS LAKE,\N,N,N,N,NORTH CENTRAL,UNKNOWN,HWY 115,HWY 115,18:00-20:59,1,0
Y,PROPERTY DAMAGE ONLY,\N,N,2021,SATURDAY,SINGLE VEHICLE,N,N,49.85091,-119.467556,Y,NOVEMBER,N,KELOWNA,KELOWNA,KELOWNA,N,N,N,SOUTHERN INTERIOR,BENVOULIN RD # 003600 TO 003699,BENVOULIN RD,BENVOULIN RD,18:00-20:59,1,0
Y,PROPERTY DAMAGE ONLY,\N,N,2021,SATURDAY,SINGLE VEHICLE,Y,N,\N,\N,N,NOVEMBER,N,UNKNOWN,UNKNOWN,\N,N,N,N,UNKNOWN,UNKNOWN,UNKNOWN,UNKNOWN,18:00-20:59,1,0
Y,PROPERTY DAMAGE ONLY,DEEP CREEK RD,N,2021,SATURDAY,SINGLE VEHICLE,N,Y,50.627079,-119.18989,N,NOVEMBER,N,DEEP CREEK,DEEP CREEK,DEEP CREEK,N,N,N,SOUTHERN INTERIOR,DEEP CREEK RD & HWY 97B,HWY 97B,HWY 97B,18:00-20:59,1,0
Y,PROPERTY DAMAGE ONLY,DIAMOND ST,N,2021,SATURDAY,SINGLE VEHICLE,N,Y,49.679853,-115.982285,N,NOVEMBER,N,KIMBERLEY,KIMBERLEY,KIMBERLEY,N,N,N,SOUTHERN INTERIOR,DIAMOND ST & WALLINGER AVE,WALLINGER AVE,WALLINGER AVE,18:00-20:59,1,0
Y,PROPERTY DAMAGE ONLY,HWY 97,N,2021,SATURDAY,SINGLE VEHICLE,N,Y,49.882159,-119.53546,N,NOVEMBER,N,WEST KELOWNA,WEST KELOWNA,WEST KELOWNA,N,N,N,SOUTHERN INTERIOR,HWY 97 & SNEENA RD & WESTSIDE RD & WESTSIDE RD OFFRAMP & WESTSIDE RD ONRAMP & TURNING LANE,WESTSIDE RD,WESTSIDE RD,18:00-20:59,1,0
Y,PROPERTY DAMAGE ONLY,ROAD 14,N,2021,SATURDAY,SINGLE VEHICLE,N,Y,49.125906,-119.582,N,NOVEMBER,N,OLIVER,OLIVER,OLIVER,N,N,N,SOUTHERN INTERIOR,HWY 97 & ROAD 14,HWY 97,HWY 97,18:00-20:59,1,0
Y,PROPERTY DAMAGE ONLY,THOMPSON RD,N,2021,SATURDAY,SINGLE VEHICLE,N,Y,49.610962,-119.678458,N,NOVEMBER,N,SUMMERLAND,SUMMERLAND,SUMMERLAND,N,N,N,SOUTHERN INTERIOR,HWY 97 & THOMPSON RD,HWY 97,HWY 97,18:00-20:59,1,0
Y,PROPERTY DAMAGE ONLY,UNKNOWN,N,2021,SATURDAY,SINGLE VEHICLE,N,N,\N,\N,N,NOVEMBER,N,PRINCE GEORGE,PRINCE GEORGE,\N,N,N,N,NORTH CENTRAL,UNKNOWN,HWY 97,HWY 97,18:00-20:59,1,0
