ANIMAL_FLAG,CRASH_SEVERITY,CROSS_STREET_FULL_NAME,CYCLIST_FLAG,DATE_OF_LOSS_YEAR,DAY_OF_WEEK,DERIVED_CRASH_CONFIGURATION,HEAVY_VEH_FLAG,INTERSECTION_CRASH,LATITUDE,LONGITUDE,MID_BLOCK_CRASH,MONTH_OF_YEAR,MOTORCYCLE_FLAG,Municipality Name (ifnull),MUNICIPALITY_NAME,MUNICIPALITY_WITH_BOUNDARY,PARKED_VEHICLE_FLAG,PARKING_LOT_FLAG,PEDESTRIAN_FLAG,REGION,ROAD_LOCATION_DESCRIPTION,Street Full Name (ifnull),STREET_FULL_NAME,TIME_CATEGORY,TOTAL_CRASHES,TOTAL_VICTIMS
N,CASUALTY CRASH,\N,N,2024,TUESDAY,CONFLICTED,N,N,\N,\N,N,JUNE,N,LANGLEY,LANGLEY,\N,N,N,N,LOWER MAINLAND,UNKNOWN,HWY 1,HWY 1,15:00-17:59,1,1
N,CASUALTY CRASH,\N,N,2024,TUESDAY,CONFLICTED,N,N,49.211924,-123.132897,Y,JUNE,N,VANCOUVER,VANCOUVER,VANCOUVER,Y,Y,N,LOWER MAINLAND,SELKIRK ST # 008054 TO 008239,SELKIRK ST,SELKIRK ST,15:00-17:59,1,1
N,CASUALTY CRASH,\N,N,2024,TUESDAY,HEAD ON,N,N,49.16281,-123.098636,Y,JUNE,N,RICHMOND,RICHMOND,RICHMOND,N,N,N,LOWER MAINLAND,GRANVILLE AVE # 010864 TO 011741,GRANVILLE AVE,GRANVILLE AVE,15:00-17:59,1,1
N,CASUALTY CRASH,\N,N,2024,TUESDAY,REAR END,N,N,\N,\N,N,JUNE,N,ABBOTSFORD,ABBOTSFORD,\N,N,N,N,LOWER MAINLAND,UNKNOWN,TRANS-CANADA HWY,TRANS-CANADA HWY,15:00-17:59,1,1
N,CASUALTY CRASH,\N,N,2024,TUESDAY,REAR END,N,N,\N,\N,N,JUNE,N,KAMLOOPS,KAMLOOPS,\N,N,N,N,SOUTHERN INTERIOR,UNKNOWN,FORTUNE DR,FORTUNE DR,15:00-17:59,1,2
N,CASUALTY CRASH,\N,N,2024,TUESDAY,REAR END,N,N,\N,\N,N,JUNE,N,RICHMOND,RICHMOND,\N,N,N,N,LOWER MAINLAND,UNKNOWN,HWY 91,HWY 91,15:00-17:59,3,4
N,CASUALTY CRASH,\N,N,2024,TUESDAY,REAR END,N,N,\N,\N,N,JUNE,N,VANCOUVER,VANCOUVER,\N,N,N,N,LOWER MAINLAND,UNKNOWN,HWY 1,HWY 1,15:00-17:59,1,1
N,CASUALTY CRASH,\N,N,2024,TUESDAY,REAR END,N,N,48.409253,-123.369184,Y,JUNE,N,VICTORIA,VICTORIA,VICTORIA,N,N,N,VANCOUVER ISLAND,DOUGLAS ST # 000000 TO 000049,TRANS-CANADA HWY,TRANS-CANADA HWY,15:00-17:59,1,1
N,CASUALTY CRASH,\N,N,2024,TUESDAY,REAR END,N,N,49.116138,-122.823299,Y,JUNE,N,SURREY,SURREY,SURREY,Y,Y,N,LOWER MAINLAND,144 ST # 006250 TO 006299,144 ST,144 ST,15:00-17:59,1,1
N,CASUALTY CRASH,\N,N,2024,TUESDAY,REAR END,N,N,49.312054,-123.078416,Y,JUNE,N,NORTH VANCOUVER,NORTH VANCOUVER,NORTH VANCOUVER,N,N,N,LOWER MAINLAND,LONSDALE AVE # 000100 TO 000150 even,LONSDALE AVE,LONSDALE AVE,15:00-17:59,1,1
N,CASUALTY CRASH,\N,N,2024,TUESDAY,REAR TO REAR,N,N,49.116389,-122.668703,Y,JUNE,N,LANGLEY,LANGLEY,LANGLEY,N,Y,N,LOWER MAINLAND,200 ST # 006247 TO 006279 odd,200 ST,200 ST,15:00-17:59,1,1
N,CASUALTY CRASH,\N,N,2024,TUESDAY,SIDE IMPACT,N,N,48.454502,-123.373452,Y,JUNE,N,SAANICH,SAANICH,SAANICH,N,Y,N,VANCOUVER ISLAND,SAANICH RD # 003461 TO 003499 odd,SAANICH RD,SAANICH RD,15:00-17:59,1,2
N,CASUALTY CRASH,\N,N,2024,TUESDAY,SIDE IMPACT,N,N,49.125371,-122.705594,Y,JUNE,N,SURREY,SURREY,SURREY,N,Y,N,LOWER MAINLAND,FRASER HWY # 018650 TO 018678 even,FRASER HWY,FRASER HWY,15:00-17:59,1,1
N,CASUALTY CRASH,\N,N,2024,TUESDAY,SIDE IMPACT,N,N,49.154122,-122.890456,Y,JUNE,N,DELTA,DELTA,DELTA,N,Y,N,LOWER MAINLAND,120 ST # 008201 TO 008399 odd,120 ST,120 ST,15:00-17:59,1,1
N,CASUALTY CRASH,\N,N,2024,TUESDAY,SIDE IMPACT,N,N,49.181683,-123.133506,Y,JUNE,N,RICHMOND,RICHMOND,RICHMOND,N,Y,N,LOWER MAINLAND,HAZELBRIDGE WAY # 004200 TO 004481,HAZELBRIDGE WAY,HAZELBRIDGE WAY,15:00-17:59,1,2
N,CASUALTY CRASH,\N,N,2024,TUESDAY,SIDE IMPACT,N,N,49.187003,-122.845527,Y,JUNE,N,SURREY,SURREY,SURREY,Y,Y,N,LOWER MAINLAND,KING GEORGE BLVD # 010153 TO 010199 odd,KING GEORGE BLVD,KING GEORGE BLVD,15:00-17:59,1,1
N,CASUALTY CRASH,\N,N,2024,TUESDAY,SIDE SWIPE - OPPOSITE DIRECTION,Y,N,\N,\N,N,JUNE,N,MERRITT,MERRITT,\N,N,N,N,SOUTHERN INTERIOR,UNKNOWN,HWY 5A,HWY 5A,15:00-17:59,1,1
N,CASUALTY CRASH,\N,N,2024,TUESDAY,SIDE SWIPE - SAME DIRECTION,N,N,50.6778,-120.345465,Y,JUNE,N,KAMLOOPS,KAMLOOPS,KAMLOOPS,N,N,N,SOUTHERN INTERIOR,VICTORIA ST W # 000160 TO 000388 even,VICTORIA ST W,VICTORIA ST W,15:00-17:59,1,1
N,CASUALTY CRASH,\N,N,2024,TUESDAY,SINGLE VEHICLE,N,N,\N,\N,N,JUNE,N,LUMBY,LUMBY,\N,N,N,N,SOUTHERN INTERIOR,UNKNOWN,HARRIS CREEK RD,HARRIS CREEK RD,15:00-17:59,1,1
N,CASUALTY CRASH,\N,N,2024,TUESDAY,SINGLE VEHICLE,N,N,\N,\N,N,JUNE,N,TERRACE,TERRACE,\N,N,N,N,NORTH CENTRAL,UNKNOWN,HWY 16,HWY 16,15:00-17:59,1,1
N,CASUALTY CRASH,\N,N,2024,TUESDAY,SINGLE VEHICLE,N,N,\N,\N,N,JUNE,N,TSAY KEH DENE,TSAY KEH DENE,\N,N,N,N,NORTH CENTRAL,UNKNOWN,FINLAY ST,FINLAY ST,15:00-17:59,1,1
N,CASUALTY CRASH,\N,N,2024,TUESDAY,SINGLE VEHICLE,N,N,\N,\N,N,JUNE,Y,KAMLOOPS,KAMLOOPS,\N,N,N,N,SOUTHERN INTERIOR,UNKNOWN,HWY 5,HWY 5,15:00-17:59,1,1
N,CASUALTY CRASH,\N,N,2024,TUESDAY,SINGLE VEHICLE,N,N,48.42379,-123.365229,Y,JUNE,N,VICTORIA,VICTORIA,VICTORIA,N,Y,Y,VANCOUVER ISLAND,BROUGHTON ST # 000700 TO 000721,BROUGHTON ST,BROUGHTON ST,15:00-17:59,1,1
N,CASUALTY CRASH,\N,N,2024,TUESDAY,SINGLE VEHICLE,N,N,49.150798,-122.282579,Y,JUNE,N,MISSION,MISSION,MISSION,N,N,N,LOWER MAINLAND,BEST AVE # 033940 TO 034069,BEST AVE,BEST AVE,15:00-17:59,1,3
N,CASUALTY CRASH,\N,N,2024,TUESDAY,SINGLE VEHICLE,N,N,49.265551,-123.005358,Y,JUNE,N,BURNABY,BURNABY,BURNABY,N,Y,N,LOWER MAINLAND,SKYLINE DR # 004400 TO 004449,SKYLINE DR,SKYLINE DR,15:00-17:59,1,1
N,CASUALTY CRASH,\N,N,2024,TUESDAY,SINGLE VEHICLE,N,N,49.305535,-124.42366,Y,JUNE,N,COOMBS,COOMBS,COOMBS,N,Y,N,VANCOUVER ISLAND,ALBERNI HWY # 002312 TO 002329,ALBERNI HWY,ALBERNI HWY,15:00-17:59,1,1
N,CASUALTY CRASH,\N,N,2024,TUESDAY,SINGLE VEHICLE,N,N,49.334073,-123.064837,Y,JUNE,N,NORTH VANCOUVER,NORTH VANCOUVER,NORTH VANCOUVER,N,N,N,LOWER MAINLAND,E 27TH ST # 000300 TO 000369,E 27TH ST,E 27TH ST,15:00-17:59,1,1
N,CASUALTY CRASH,100 AVE,N,2024,TUESDAY,SINGLE VEHICLE,N,Y,49.184011,-122.490646,N,JUNE,Y,MAPLE RIDGE,MAPLE RIDGE,MAPLE RIDGE,N,N,N,LOWER MAINLAND,100 AVE & 264 ST,264 ST,264 ST,15:00-17:59,1,1
N,CASUALTY CRASH,104 AVE,N,2024,TUESDAY,REAR END,N,Y,49.191522,-122.793921,N,JUNE,N,SURREY,SURREY,SURREY,N,N,N,LOWER MAINLAND,104 AVE & 154A ST,154A ST,154A ST,15:00-17:59,1,1
N,CASUALTY CRASH,105 AVE,N,2024,TUESDAY,REAR END,N,Y,49.193208,-122.800877,N,JUNE,N,SURREY,SURREY,SURREY,N,N,N,LOWER MAINLAND,105 AVE & 152 ST,152 ST,152 ST,15:00-17:59,1,1
N,CASUALTY CRASH,111 AVE,N,2024,TUESDAY,CONFLICTED,N,Y,49.204713,-122.86725,N,JUNE,N,SURREY,SURREY,SURREY,N,N,N,LOWER MAINLAND,111 AVE & 128 ST,128 ST,128 ST,15:00-17:59,1,1
N,CASUALTY CRASH,128 ST,N,2024,TUESDAY,REAR END,N,Y,49.108112,-122.867838,N,JUNE,N,SURREY,SURREY,SURREY,N,N,N,LOWER MAINLAND,128 ST & 58 AVE,58 AVE,58 AVE,15:00-17:59,1,1
N,CASUALTY CRASH,128 ST,N,2024,TUESDAY,REAR END,N,Y,49.177155,-122.867999,N,JUNE,N,SURREY,SURREY,SURREY,N,N,N,LOWER MAINLAND,128 ST & 96 AVE,96 AVE,96 AVE,15:00-17:59,1,2
N,CASUALTY CRASH,134A ST,N,2024,TUESDAY,REAR END,N,Y,49.177057,-122.849912,N,JUNE,N,SURREY,SURREY,SURREY,N,N,N,LOWER MAINLAND,134A ST & 96 AVE,96 AVE,96 AVE,15:00-17:59,1,1
N,CASUALTY CRASH,150 ST,N,2024,TUESDAY,SIDE SWIPE - SAME DIRECTION,N,Y,49.198738,-122.80625,N,JUNE,N,SURREY,SURREY,SURREY,N,N,N,LOWER MAINLAND,108 AVE & 150 ST,108 AVE,108 AVE,15:00-17:59,1,1
N,CASUALTY CRASH,152 ST,N,2024,TUESDAY,CONFLICTED,N,Y,49.19698,-122.800532,N,JUNE,N,SURREY,SURREY,SURREY,N,N,N,LOWER MAINLAND,152 ST & 152 ST OFFRAMP & 152 ST ONRAMP & FERGUSON DIVERSION & GUILDFORD DR & TURNING LANE,FERGUSON DIVERS,FERGUSON DIVERS,15:00-17:59,1,6
N,CASUALTY CRASH,155A ST,N,2024,TUESDAY,SIDE IMPACT,N,Y,49.191543,-122.791192,N,JUNE,N,SURREY,SURREY,SURREY,N,N,N,LOWER MAINLAND,104 AVE & 155A ST,104 AVE,104 AVE,15:00-17:59,1,3
N,CASUALTY CRASH,170 ST,N,2024,TUESDAY,REAR END,N,Y,49.111534,-122.751365,N,JUNE,N,SURREY,SURREY,SURREY,N,N,N,LOWER MAINLAND,170 ST & 60 AVE,60 AVE,60 AVE,15:00-17:59,1,1
N,CASUALTY CRASH,195A ST,N,2024,TUESDAY,CONFLICTED,N,Y,49.114752,-122.681724,N,JUNE,N,SURREY,SURREY,SURREY,N,N,N,LOWER MAINLAND,195A ST & FRASER HWY & MALL ACCESS & TURNING LANE,FRASER HWY,FRASER HWY,15:00-17:59,1,1
N,CASUALTY CRASH,200 ST OFFRAMP,N,2024,TUESDAY,REAR END,N,Y,49.164209,-122.668857,N,JUNE,N,LANGLEY,LANGLEY,LANGLEY,N,N,N,LOWER MAINLAND,200 ST & 200 ST OFFRAMP & 88 AVE & 88 AVE ONRAMP & HWY 1 ONRAMP & TRANS-CANADA HWY,HWY 1,HWY 1,15:00-17:59,1,1
N,CASUALTY CRASH,202 ST,N,2024,TUESDAY,REAR END,N,Y,49.161818,-122.660034,N,JUNE,N,LANGLEY,LANGLEY,LANGLEY,N,N,N,LOWER MAINLAND,202 ST & 202 ST OFFRAMP & HWY 1 ONRAMP & TRANS-CANADA HWY,HWY 1,HWY 1,15:00-17:59,1,4
N,CASUALTY CRASH,202 ST,N,2024,TUESDAY,SIDE IMPACT,N,Y,49.221436,-122.660922,N,JUNE,N,MAPLE RIDGE,MAPLE RIDGE,MAPLE RIDGE,N,N,N,LOWER MAINLAND,202 ST & DEWDNEY TRUNK RD,DEWDNEY TRUNK RD,DEWDNEY TRUNK RD,15:00-17:59,1,2
N,CASUALTY CRASH,202A ST,N,2024,TUESDAY,REAR END,N,Y,49.148176,-122.661374,N,JUNE,N,LANGLEY,LANGLEY,LANGLEY,N,N,N,LOWER MAINLAND,202A ST & 80 AVE,80 AVE,80 AVE,15:00-17:59,1,1
N,CASUALTY CRASH,224 ST,N,2024,TUESDAY,SIDE IMPACT,N,Y,49.220463,-122.601689,N,JUNE,N,MAPLE RIDGE,MAPLE RIDGE,MAPLE RIDGE,Y,Y,N,LOWER MAINLAND,224 ST & DEWDNEY TRUNK RD,DEWDNEY TRUNK RD,DEWDNEY TRUNK RD,15:00-17:59,1,2
N,CASUALTY CRASH,264 ST ONRAMP,N,2024,TUESDAY,REAR END,N,Y,49.101569,-122.492803,N,JUNE,N,LANGLEY,LANGLEY,LANGLEY,N,N,N,LOWER MAINLAND,264 ST & 264 ST OFFRAMP & 264 ST ONRAMP & 56 AVE & 56 AVE OFFRAMP & 56 AVE ONRAMP & TRANS-CANADA HWY & TURNING LANE,HWY 1,HWY 1,15:00-17:59,1,1
N,CASUALTY CRASH,42 AVE,N,2024,TUESDAY,REAR END,N,Y,49.078299,-122.669346,N,JUNE,N,LANGLEY,LANGLEY,LANGLEY,N,N,N,LOWER MAINLAND,200 ST & 42 AVE,200 ST,200 ST,15:00-17:59,1,1
N,CASUALTY CRASH,56 AVE,N,2024,TUESDAY,REAR END,N,Y,49.10402,-122.624442,N,JUNE,N,LANGLEY,LANGLEY,LANGLEY,N,N,N,LOWER MAINLAND,216 ST & 56 AVE & TURNING LANE,216 ST,216 ST,15:00-17:59,1,1
N,CASUALTY CRASH,5TH AVE,N,2024,TUESDAY,REAR END,N,Y,53.920628,-122.813559,N,JUNE,N,PRINCE GEORGE,PRINCE GEORGE,PRINCE GEORGE,N,N,N,NORTH CENTRAL,5TH AVE & HILL AVE & URQUHART CRES,HILL AVE,HILL AVE,15:00-17:59,1,1
N,CASUALTY CRASH,67A AVE,N,2024,TUESDAY,REAR END,N,Y,49.124902,-122.867777,N,JUNE,N,SURREY,SURREY,SURREY,N,N,N,LOWER MAINLAND,128 ST & 67A AVE,128 ST,128 ST,15:00-17:59,1,1
N,CASUALTY CRASH,68 AVE,N,2024,TUESDAY,CONFLICTED,N,Y,49.126256,-122.848369,N,JUNE,N,SURREY,SURREY,SURREY,N,N,N,LOWER MAINLAND,135 ST & 68 AVE,135 ST,135 ST,15:00-17:59,1,2
N,CASUALTY CRASH,68 AVE,N,2024,TUESDAY,SIDE SWIPE - SAME DIRECTION,N,Y,49.126227,-122.845525,N,JUNE,N,SURREY,SURREY,SURREY,N,N,N,LOWER MAINLAND,68 AVE & KING GEORGE BLVD & TURNING LANE,KING GEORGE BLVD,KING GEORGE BLVD,15:00-17:59,1,1
N,CASUALTY CRASH,68 AVE,Y,2024,TUESDAY,SINGLE VEHICLE,N,Y,49.126405,-122.812198,N,JUNE,N,SURREY,SURREY,SURREY,N,N,Y,LOWER MAINLAND,148 ST & 68 AVE,148 ST,148 ST,15:00-17:59,1,1
N,CASUALTY CRASH,72 AVE,N,2024,TUESDAY,REAR END,N,Y,49.134037,-122.890359,N,JUNE,N,DELTA,DELTA,DELTA & SURREY,N,N,N,LOWER MAINLAND,120 ST & 72 AVE,120 ST,120 ST,15:00-17:59,1,3
N,CASUALTY CRASH,72 AVE,N,2024,TUESDAY,SIDE IMPACT,N,Y,49.133924,-122.879111,N,JUNE,N,SURREY,SURREY,SURREY,N,N,N,LOWER MAINLAND,124 ST & 72 AVE,124 ST,124 ST,15:00-17:59,1,1
N,CASUALTY CRASH,75A AVE,N,2024,TUESDAY,CONFLICTED,N,Y,49.140139,-122.904327,N,JUNE,N,DELTA,DELTA,DELTA,N,N,N,LOWER MAINLAND,115 ST & 75A AVE,115 ST,115 ST,15:00-17:59,1,3
N,CASUALTY CRASH,79 AVE,N,2024,TUESDAY,REAR END,N,Y,49.146263,-122.84568,N,JUNE,N,SURREY,SURREY,SURREY,N,N,N,LOWER MAINLAND,79 AVE & KING GEORGE BLVD,KING GEORGE BLVD,KING GEORGE BLVD,15:00-17:59,1,1
N,CASUALTY CRASH,88 AVE,N,2024,TUESDAY,OVERTAKING,N,Y,49.1628,-122.79017,N,JUNE,N,SURREY,SURREY,SURREY,N,N,N,LOWER MAINLAND,156 ST & 88 AVE,156 ST,156 ST,15:00-17:59,1,1
N,CASUALTY CRASH,88 AVE,N,2024,TUESDAY,REAR END,N,Y,49.162742,-122.845798,N,JUNE,N,SURREY,SURREY,SURREY,N,N,N,LOWER MAINLAND,88 AVE & KING GEORGE BLVD & TURNING LANE,KING GEORGE BLVD,KING GEORGE BLVD,15:00-17:59,1,2
N,CASUALTY CRASH,90 AVE,N,2024,TUESDAY,REAR END,N,N,\N,\N,N,JUNE,N,SURREY,SURREY,\N,N,N,N,LOWER MAINLAND,UNKNOWN,152 ST,152 ST,15:00-17:59,1,1
N,CASUALTY CRASH,96 AVE,N,2024,TUESDAY,CONFLICTED,N,Y,49.176409,-122.734716,N,JUNE,N,SURREY,SURREY,SURREY,N,N,N,LOWER MAINLAND,176 ST & 96 AVE & GOLDEN EARS WAY & TURNING LANE,176 ST,176 ST,15:00-17:59,1,1
N,CASUALTY CRASH,96 AVE,N,2024,TUESDAY,CONFLICTED,N,Y,49.176537,-122.828469,N,JUNE,N,SURREY,SURREY,SURREY,N,N,N,LOWER MAINLAND,96 AVE & FRASER HWY & GREEN TIMBERS GREENWAY & TURNING LANE,FRASER HWY,FRASER HWY,15:00-17:59,1,1
N,CASUALTY CRASH,97 AVE,N,2024,TUESDAY,CONFLICTED,N,Y,49.178996,-122.890109,N,JUNE,N,SURREY,SURREY,SURREY,N,N,N,LOWER MAINLAND,120 ST & 97 AVE,120 ST,120 ST,15:00-17:59,1,1
N,CASUALTY CRASH,AIRPORT WAY,N,2024,TUESDAY,SIDE SWIPE - SAME DIRECTION,N,Y,49.952013,-119.389674,N,JUNE,N,KELOWNA,KELOWNA,KELOWNA,N,N,N,SOUTHERN INTERIOR,AIRPORT WAY & INNOVATION DR & PIER MAC WAY,PIER MAC WAY,PIER MAC WAY,15:00-17:59,1,1
N,CASUALTY CRASH,ALPHA AVE,N,2024,TUESDAY,UNDETERMINED,Y,Y,49.264466,-123.000388,N,JUNE,N,BURNABY,BURNABY,BURNABY,N,N,N,LOWER MAINLAND,ALPHA AVE & DAWSON ST,DAWSON ST,DAWSON ST,15:00-17:59,1,1
N,CASUALTY CRASH,ATLANTIC AVE,N,2024,TUESDAY,SIDE IMPACT,N,Y,49.28176,-122.797072,N,JUNE,N,COQUITLAM,COQUITLAM,COQUITLAM,N,N,N,LOWER MAINLAND,ATLANTIC AVE & BALDWIN ST,BALDWIN ST,BALDWIN ST,15:00-17:59,1,3
N,CASUALTY CRASH,BAY ST,Y,2024,TUESDAY,UNDETERMINED,N,Y,48.43546,-123.360978,N,JUNE,N,VICTORIA,VICTORIA,VICTORIA,N,N,N,VANCOUVER ISLAND,BAY ST & DOWLER PL,DOWLER PL,DOWLER PL,15:00-17:59,1,1
N,CASUALTY CRASH,BENVOULIN RD,N,2024,TUESDAY,REAR END,N,Y,49.874326,-119.441789,N,JUNE,N,KELOWNA,KELOWNA,KELOWNA,N,N,N,SOUTHERN INTERIOR,BENVOULIN RD & COOPER RD & TURNING LANE,COOPER RD,COOPER RD,15:00-17:59,1,1
N,CASUALTY CRASH,BRAID ST,N,2024,TUESDAY,REAR END,N,Y,49.231356,-122.882908,N,JUNE,N,NEW WESTMINSTER,NEW WESTMINSTER,NEW WESTMINSTER,N,N,N,LOWER MAINLAND,BRAID ST & BRUNETTE AVE,BRUNETTE AVE,BRUNETTE AVE,15:00-17:59,1,1
N,CASUALTY CRASH,BROOKE RD,N,2024,TUESDAY,REAR END,N,Y,49.16031,-122.921594,N,JUNE,N,DELTA,DELTA,DELTA,N,N,N,LOWER MAINLAND,BROOKE RD & NORDEL WAY & TURNING LANE,NORDEL WAY,NORDEL WAY,15:00-17:59,1,1
N,CASUALTY CRASH,CADBORO BAY RD,N,2024,TUESDAY,CONFLICTED,N,Y,48.453857,-123.302632,N,JUNE,N,OAK BAY,OAK BAY,OAK BAY,N,N,N,VANCOUVER ISLAND,CADBORO BAY RD & CEDAR HILL CROSS RD & UPPER TERRACE RD,CEDAR HILL CROSS RD,CEDAR HILL CROSS RD,15:00-17:59,1,2
N,CASUALTY CRASH,CAMBIE RD,N,2024,TUESDAY,REAR END,N,Y,49.184574,-123.100871,N,JUNE,N,RICHMOND,RICHMOND,RICHMOND,N,N,N,LOWER MAINLAND,CAMBIE RD & VANGUARD RD,VANGUARD RD,VANGUARD RD,15:00-17:59,1,1
N,CASUALTY CRASH,CAPILANO DR,N,2024,TUESDAY,REAR END,N,N,\N,\N,N,JUNE,N,NORTH VANCOUVER,NORTH VANCOUVER,\N,N,N,N,LOWER MAINLAND,UNKNOWN,MONTREAL BLVD,MONTREAL BLVD,15:00-17:59,1,1
N,CASUALTY CRASH,CASSIAR TUNNEL,N,2024,TUESDAY,REAR END,N,Y,49.283845,-123.032038,N,JUNE,N,VANCOUVER,VANCOUVER,VANCOUVER,N,N,N,LOWER MAINLAND,CASSIAR TUNNEL & TRANS-CANADA HWY,HWY 1,HWY 1,15:00-17:59,1,2
N,CASUALTY CRASH,CENTURY RD,N,2024,TUESDAY,REAR END,N,Y,48.471398,-123.355089,N,JUNE,N,SAANICH,SAANICH,SAANICH,N,N,N,VANCOUVER ISLAND,CENTURY RD & MCKENZIE AVE,MCKENZIE AVE,MCKENZIE AVE,15:00-17:59,1,1
N,CASUALTY CRASH,CLANCY LORANGER WAY,N,2024,TUESDAY,SIDE IMPACT,N,Y,49.243009,-123.109102,N,JUNE,N,VANCOUVER,VANCOUVER,VANCOUVER,N,N,N,LOWER MAINLAND,CLANCY LORANGER WAY & MIDLOTHIAN AVE,MIDLOTHIAN AVE,MIDLOTHIAN AVE,15:00-17:59,1,4
N,CASUALTY CRASH,CLARK DR,N,2024,TUESDAY,SIDE IMPACT,N,Y,49.259628,-123.077527,N,JUNE,N,VANCOUVER,VANCOUVER,VANCOUVER,N,N,N,LOWER MAINLAND,CLARK DR & E 12TH AVE,E 12TH AVE,E 12TH AVE,15:00-17:59,1,1
N,CASUALTY CRASH,CLEARBROOK RD,N,2024,TUESDAY,UNDETERMINED,N,Y,49.048052,-122.337263,N,JUNE,N,ABBOTSFORD,ABBOTSFORD,ABBOTSFORD,N,N,N,LOWER MAINLAND,CLEARBROOK RD & HILLCREST AVE,HILLCREST AVE,HILLCREST AVE,15:00-17:59,1,2
N,CASUALTY CRASH,COMOX LOGGING RD,N,2024,TUESDAY,SIDE IMPACT,N,Y,49.650588,-124.955232,N,JUNE,N,COURTENAY,COURTENAY,COURTENAY & ROYSTON,N,N,N,VANCOUVER ISLAND,BEACH TERR & COMOX LOGGING RD & ISLAND HWY S,HWY 19A,HWY 19A,15:00-17:59,1,2
N,CASUALTY CRASH,DEER LAKE PKY,N,2024,TUESDAY,SIDE IMPACT,N,Y,49.239829,-122.989004,N,JUNE,N,BURNABY,BURNABY,BURNABY,N,N,N,LOWER MAINLAND,DEER LAKE PKY & ROYAL OAK AVE & TURNING LANE,ROYAL OAK AVE,ROYAL OAK AVE,15:00-17:59,1,1
N,CASUALTY CRASH,DEWDNEY TRUNK RD,N,2024,TUESDAY,SIDE IMPACT,N,Y,49.220495,-122.60701,N,JUNE,N,MAPLE RIDGE,MAPLE RIDGE,MAPLE RIDGE,N,N,N,LOWER MAINLAND,222 ST & DEWDNEY TRUNK RD,222 ST,222 ST,15:00-17:59,1,2
N,CASUALTY CRASH,DEWDNEY TRUNK RD,N,2024,TUESDAY,SIDE IMPACT,N,Y,49.221425,-122.662774,N,JUNE,N,MAPLE RIDGE,MAPLE RIDGE,MAPLE RIDGE,N,N,N,LOWER MAINLAND,201B ST & DEWDNEY TRUNK RD,201B ST,201B ST,15:00-17:59,1,1
N,CASUALTY CRASH,DEWDNEY TRUNK RD,N,2024,TUESDAY,SIDE IMPACT,Y,Y,49.220516,-122.647839,N,JUNE,N,MAPLE RIDGE,MAPLE RIDGE,MAPLE RIDGE,N,N,Y,LOWER MAINLAND,207 ST & DEWDNEY TRUNK RD,207 ST,207 ST,15:00-17:59,1,7
N,CASUALTY CRASH,E 20TH ST,N,2024,TUESDAY,REAR END,N,Y,49.327252,-123.072188,N,JUNE,N,NORTH VANCOUVER,NORTH VANCOUVER,NORTH VANCOUVER,N,N,N,LOWER MAINLAND,E 20TH ST & LONSDALE AVE & W 20TH ST,LONSDALE AVE,LONSDALE AVE,15:00-17:59,1,2
N,CASUALTY CRASH,E 41ST AVE,N,2024,TUESDAY,SIDE SWIPE - SAME DIRECTION,N,Y,49.232747,-123.065518,N,JUNE,N,VANCOUVER,VANCOUVER,VANCOUVER,N,Y,N,LOWER MAINLAND,E 41ST AVE & VICTORIA DR,VICTORIA DR,VICTORIA DR,15:00-17:59,1,1
N,CASUALTY CRASH,E 6TH AVE,N,2024,TUESDAY,SIDE IMPACT,N,Y,49.2655,-123.100847,N,JUNE,Y,VANCOUVER,VANCOUVER,VANCOUVER,N,N,N,LOWER MAINLAND,E 6TH AVE & MAIN ST,MAIN ST,MAIN ST,15:00-17:59,1,1
N,CASUALTY CRASH,E 8TH AVE,N,2024,TUESDAY,REAR END,N,Y,49.262933,-123.044329,N,JUNE,N,VANCOUVER,VANCOUVER,VANCOUVER,N,N,N,LOWER MAINLAND,E 8TH AVE & RENFREW ST,RENFREW ST,RENFREW ST,15:00-17:59,1,1
N,CASUALTY CRASH,EDMONDS ST,N,2024,TUESDAY,REAR END,N,Y,49.224089,-122.940994,N,JUNE,N,BURNABY,BURNABY,BURNABY,N,N,N,LOWER MAINLAND,CANADA WAY & EDMONDS ST,CANADA WAY,CANADA WAY,15:00-17:59,1,1
N,CASUALTY CRASH,EIGHTH AVE,N,2024,TUESDAY,REAR END,N,Y,49.214,-122.927667,N,JUNE,N,NEW WESTMINSTER,NEW WESTMINSTER,NEW WESTMINSTER,N,N,N,LOWER MAINLAND,EIGHTH AVE & EIGHTH ST,EIGHTH ST,EIGHTH ST,15:00-17:59,1,2
N,CASUALTY CRASH,FIFTH ST,N,2024,TUESDAY,SIDE IMPACT,N,Y,49.2167,-122.922639,N,JUNE,N,NEW WESTMINSTER,NEW WESTMINSTER,NEW WESTMINSTER,N,N,N,LOWER MAINLAND,EIGHTH AVE & FIFTH ST,EIGHTH AVE,EIGHTH AVE,15:00-17:59,1,2
N,CASUALTY CRASH,FOURTH ST,N,2024,TUESDAY,SIDE IMPACT,N,Y,49.206591,-122.907812,N,JUNE,N,NEW WESTMINSTER,NEW WESTMINSTER,NEW WESTMINSTER,N,N,N,LOWER MAINLAND,CUNNINGHAM ST & FOURTH ST,CUNNINGHAM ST,CUNNINGHAM ST,15:00-17:59,1,1
N,CASUALTY CRASH,FOURTH ST,N,2024,TUESDAY,SIDE IMPACT,N,Y,51.642337,-121.296126,N,JUNE,Y,100 MILE HOUSE,100 MILE HOUSE,100 MILE HOUSE,N,N,N,NORTH CENTRAL,BIRCH AVE & FOURTH ST,BIRCH AVE,BIRCH AVE,15:00-17:59,1,2
N,CASUALTY CRASH,FRANCIS AVE,N,2024,TUESDAY,REAR END,N,Y,49.869992,-119.491247,N,JUNE,N,KELOWNA,KELOWNA,KELOWNA,N,N,N,SOUTHERN INTERIOR,FRANCIS AVE & PANDOSY ST,PANDOSY ST,PANDOSY ST,15:00-17:59,1,4
N,CASUALTY CRASH,FRANKLIN ST,N,2024,TUESDAY,CONFLICTED,N,Y,49.282057,-123.043983,N,JUNE,N,VANCOUVER,VANCOUVER,VANCOUVER,N,N,N,LOWER MAINLAND,FRANKLIN ST & RENFREW ST,RENFREW ST,RENFREW ST,15:00-17:59,1,4
N,CASUALTY CRASH,FRASER HWY,N,2024,TUESDAY,REAR END,N,Y,49.15734,-122.778895,N,JUNE,N,SURREY,SURREY,SURREY,N,N,N,LOWER MAINLAND,160 ST & FRASER HWY & TURNING LANE,160 ST,160 ST,15:00-17:59,1,1
N,CASUALTY CRASH,GARDEN CITY RD,N,2024,TUESDAY,SIDE IMPACT,N,Y,49.155464,-123.125339,N,JUNE,N,RICHMOND,RICHMOND,RICHMOND,N,N,N,LOWER MAINLAND,BLUNDELL RD & GARDEN CITY RD,BLUNDELL RD,BLUNDELL RD,15:00-17:59,1,3
N,CASUALTY CRASH,GRANVILLE AVE,N,2024,TUESDAY,REAR END,N,Y,49.162867,-123.125539,N,JUNE,N,RICHMOND,RICHMOND,RICHMOND,N,N,N,LOWER MAINLAND,GARDEN CITY RD & GRANVILLE AVE & TURNING LANE,GARDEN CITY RD,GARDEN CITY RD,15:00-17:59,1,1
N,CASUALTY CRASH,GRIFFITHS DR,N,2024,TUESDAY,CONFLICTED,N,Y,49.205812,-122.952118,N,JUNE,N,BURNABY,BURNABY,BURNABY & NEW WESTMINSTER,N,N,N,LOWER MAINLAND,10TH AVE & GRIFFITHS DR & SOUTHRIDGE DR & TENTH AVE & TWENTIETH ST & TURNING LANE,10TH AVE,10TH AVE,15:00-17:59,1,1
N,CASUALTY CRASH,GRIFFITHS DR,N,2024,TUESDAY,SIDE IMPACT,N,Y,49.21409,-122.959093,N,JUNE,N,BURNABY,BURNABY,BURNABY,N,N,N,LOWER MAINLAND,EDMONDS ST & GRIFFITHS DR,EDMONDS ST,EDMONDS ST,15:00-17:59,1,1
N,CASUALTY CRASH,GROVES AVE,N,2024,TUESDAY,REAR END,N,Y,49.863682,-119.491228,N,JUNE,N,KELOWNA,KELOWNA,KELOWNA,N,N,N,SOUTHERN INTERIOR,GROVES AVE & PANDOSY ST,PANDOSY ST,PANDOSY ST,15:00-17:59,1,1
N,CASUALTY CRASH,HAMILTON ST,Y,2024,TUESDAY,SINGLE VEHICLE,N,Y,49.281092,-123.112507,N,JUNE,N,VANCOUVER,VANCOUVER,VANCOUVER,N,N,N,LOWER MAINLAND,DUNSMUIR ST & HAMILTON ST,DUNSMUIR ST,DUNSMUIR ST,15:00-17:59,1,1
N,CASUALTY CRASH,HARRIET RD,N,2024,TUESDAY,REAR END,N,Y,48.452049,-123.381344,N,JUNE,N,SAANICH,SAANICH,SAANICH,N,N,N,VANCOUVER ISLAND,BOLESKINE RD & HAMPTON RD & HARRIET RD,BOLESKINE RD,BOLESKINE RD,15:00-17:59,1,1
N,CASUALTY CRASH,HARVEY AVE,N,2024,TUESDAY,REAR END,N,N,\N,\N,N,JUNE,N,KELOWNA,KELOWNA,\N,N,N,N,SOUTHERN INTERIOR,UNKNOWN,LECKIE ROAD,LECKIE ROAD,15:00-17:59,1,1
N,CASUALTY CRASH,HILLCREST AVE,N,2024,TUESDAY,REAR END,N,Y,49.135995,-122.332691,N,JUNE,N,MISSION,MISSION,MISSION,N,N,N,LOWER MAINLAND,HILLCREST AVE & HURD ST,HURD ST,HURD ST,15:00-17:59,1,1
N,CASUALTY CRASH,HOPEDALE AVE,N,2024,TUESDAY,REAR END,N,Y,49.054004,-122.337908,N,JUNE,N,ABBOTSFORD,ABBOTSFORD,ABBOTSFORD,N,N,N,LOWER MAINLAND,CLEARBROOK RD & HOPEDALE AVE & TIMS AVE,CLEARBROOK RD,CLEARBROOK RD,15:00-17:59,1,1
N,CASUALTY CRASH,HWY 1,N,2024,TUESDAY,REAR END,N,Y,48.773516,-123.69881,N,JUNE,N,DUNCAN,DUNCAN,DUNCAN,N,N,N,VANCOUVER ISLAND,COWICHAN WAY & TRANS-CANADA HWY,COWICHAN WAY,COWICHAN WAY,15:00-17:59,1,1
N,CASUALTY CRASH,HWY 11,N,2024,TUESDAY,REAR END,N,Y,49.089064,-122.286731,N,JUNE,N,ABBOTSFORD,ABBOTSFORD,ABBOTSFORD,N,N,N,LOWER MAINLAND,HWY 11 & TOWNSHIPLINE RD,TOWNSHIPLINE RD,TOWNSHIPLINE RD,15:00-17:59,1,1
N,CASUALTY CRASH,INTERURBAN RD,N,2024,TUESDAY,REAR END,N,Y,48.478409,-123.410685,N,JUNE,N,SAANICH,SAANICH,SAANICH,N,N,N,VANCOUVER ISLAND,HASTINGS ST & INTERURBAN RD & WILKINSON RD & MALL ACCESS & TURNING LANE,WILKINSON RD,WILKINSON RD,15:00-17:59,1,1
N,CASUALTY CRASH,IOCO RD,N,2024,TUESDAY,REAR END,N,Y,49.277438,-122.826956,N,JUNE,N,PORT MOODY,PORT MOODY,PORT MOODY,N,N,N,LOWER MAINLAND,BARNET HWY & BARNET SERVICE RD & IOCO RD & ST JOHNS ST & ACCESS ROAD & TURNING LANE,ST JOHNS ST,ST JOHNS ST,15:00-17:59,1,1
N,CASUALTY CRASH,ISLAND HWY N,N,2024,TUESDAY,REAR END,N,Y,49.219877,-124.033991,N,JUNE,N,NANAIMO,NANAIMO,NANAIMO,N,N,N,VANCOUVER ISLAND,ISLAND HWY N & OLIVER RD & TURNING LANE,OLIVER RD,OLIVER RD,15:00-17:59,1,1
N,CASUALTY CRASH,ISLAND HWY N,N,2024,TUESDAY,SIDE IMPACT,N,Y,49.190156,-123.965784,N,JUNE,N,NANAIMO,NANAIMO,NANAIMO,N,N,N,VANCOUVER ISLAND,DEPARTURE BAY RD & ISLAND HWY N & TURNING LANE,DEPARTURE BAY RD,DEPARTURE BAY RD,15:00-17:59,1,1
N,CASUALTY CRASH,KEIL ST,N,2024,TUESDAY,MULTIPLE IMPACTS,N,Y,49.020209,-122.78336,N,JUNE,N,WHITE ROCK,WHITE ROCK,WHITE ROCK,Y,N,N,LOWER MAINLAND,KEIL ST & PACIFIC AVE,PACIFIC AVE,PACIFIC AVE,15:00-17:59,1,2
N,CASUALTY CRASH,KEITH RD,N,2024,TUESDAY,REAR END,Y,N,\N,\N,N,JUNE,N,NORTH VANCOUVER,NORTH VANCOUVER,\N,N,N,N,LOWER MAINLAND,UNKNOWN,MOUNTAIN HWY,MOUNTAIN HWY,15:00-17:59,1,2
N,CASUALTY CRASH,KENSINGTON AVE,N,2024,TUESDAY,REAR END,N,Y,49.243677,-122.967599,N,JUNE,N,BURNABY,BURNABY,BURNABY,N,N,N,LOWER MAINLAND,KENSINGTON AVE & KENSINGTON AVE OFFRAMP & TRANS-CANADA HWY & TRANS-CANADA HWY ONRAMP,HWY 1,HWY 1,15:00-17:59,1,1
N,CASUALTY CRASH,KINGSWAY,N,2024,TUESDAY,SIDE IMPACT,N,Y,49.250151,-123.07606,N,JUNE,N,VANCOUVER,VANCOUVER,VANCOUVER,N,N,N,LOWER MAINLAND,KINGSWAY & KNIGHT ST,KNIGHT ST,KNIGHT ST,15:00-17:59,1,2
N,CASUALTY CRASH,LAFARGE RD,N,2024,TUESDAY,SINGLE VEHICLE,N,Y,50.658952,-120.061808,N,JUNE,N,KAMLOOPS,KAMLOOPS,KAMLOOPS,N,N,N,SOUTHERN INTERIOR,LAFARGE RD & SHUSWAP RD,SHUSWAP RD,SHUSWAP RD,15:00-17:59,1,1
N,CASUALTY CRASH,LANFRANCO RD,N,2024,TUESDAY,SINGLE VEHICLE,N,Y,49.857429,-119.47438,N,JUNE,N,KELOWNA,KELOWNA,KELOWNA,N,N,Y,SOUTHERN INTERIOR,BOTHE RD & GORDON DR & LANFRANCO RD,GORDON DR,GORDON DR,15:00-17:59,1,1
N,CASUALTY CRASH,LECKIE RD,N,2024,TUESDAY,REAR END,N,Y,49.882914,-119.427697,N,JUNE,N,KELOWNA,KELOWNA,KELOWNA,N,N,N,SOUTHERN INTERIOR,BARON RD & LECKIE RD,BARON RD,BARON RD,15:00-17:59,1,1
N,CASUALTY CRASH,LECKIE RD,N,2024,TUESDAY,SIDE IMPACT,N,Y,49.882914,-119.427697,N,JUNE,N,KELOWNA,KELOWNA,KELOWNA,N,N,N,SOUTHERN INTERIOR,BARON RD & LECKIE RD,BARON RD,BARON RD,15:00-17:59,1,1
N,CASUALTY CRASH,LEFEUVRE RD,N,2024,TUESDAY,REAR END,N,Y,49.057313,-122.448685,N,JUNE,N,ABBOTSFORD,ABBOTSFORD,ABBOTSFORD,N,N,N,LOWER MAINLAND,FRASER HWY & LEFEUVRE RD & TURNING LANE,FRASER HWY,FRASER HWY,15:00-17:59,1,2
N,CASUALTY CRASH,LILLOOET ST,N,2024,TUESDAY,HEAD ON,N,Y,49.261899,-123.039083,N,JUNE,N,VANCOUVER,VANCOUVER,VANCOUVER,N,N,N,LOWER MAINLAND,E BROADWAY & LILLOOET ST,E BROADWAY,E BROADWAY,15:00-17:59,1,4
N,CASUALTY CRASH,LIONS GATE BRIDGE,N,2024,TUESDAY,REAR END,N,Y,49.311996,-123.141757,N,JUNE,N,VANCOUVER,VANCOUVER,VANCOUVER,N,N,N,LOWER MAINLAND,ELDON TRAIL & LIONS GATE BRIDGE & STANLEY PARK CAUSEWAY,STANLEY PARK CAUSEWAY,STANLEY PARK CAUSEWAY,15:00-17:59,1,1
N,CASUALTY CRASH,LOCHSIDE DR,N,2024,TUESDAY,CONFLICTED,N,Y,48.595318,-123.394657,N,JUNE,Y,CENTRAL SAANICH,CENTRAL SAANICH,CENTRAL SAANICH,N,N,N,VANCOUVER ISLAND,FERGUSON RD & LOCHSIDE DR,FERGUSON RD,FERGUSON RD,15:00-17:59,1,1
N,CASUALTY CRASH,LOGAN ST,N,2024,TUESDAY,REAR END,N,Y,49.206825,-123.125057,N,JUNE,N,VANCOUVER,VANCOUVER,VANCOUVER,N,N,N,LOWER MAINLAND,LOGAN ST & SW MARINE DR,SW MARINE DR,SW MARINE DR,15:00-17:59,1,2
N,CASUALTY CRASH,LONGHILL RD,N,2024,TUESDAY,REAR TO REAR,N,Y,49.912693,-119.416291,N,JUNE,N,KELOWNA,KELOWNA,KELOWNA,N,N,N,SOUTHERN INTERIOR,LONGHILL RD & MONFORD RD,MONFORD RD,MONFORD RD,15:00-17:59,1,1
N,CASUALTY CRASH,LOUGHEED HWY,N,2024,TUESDAY,CONFLICTED,N,Y,49.253039,-122.741938,N,JUNE,N,PORT COQUITLAM,PORT COQUITLAM,PORT COQUITLAM,N,N,N,LOWER MAINLAND,LOUGHEED HWY & SHERLING AVE & INDUSTRIAL ACCESS & TURNING LANE,SHERLING AVE,SHERLING AVE,15:00-17:59,1,1
N,CASUALTY CRASH,LOUGHEED HWY,N,2024,TUESDAY,REAR END,N,Y,49.231094,-122.689518,N,JUNE,N,PITT MEADOWS,PITT MEADOWS,PITT MEADOWS,N,N,N,LOWER MAINLAND,HARRIS RD & LOUGHEED HWY & TURNING LANE,HARRIS RD,HARRIS RD,15:00-17:59,1,1
N,CASUALTY CRASH,MACDONALD ST,N,2024,TUESDAY,REAR END,N,Y,49.234729,-123.167394,N,JUNE,N,VANCOUVER,VANCOUVER,VANCOUVER,N,N,N,LOWER MAINLAND,MACDONALD ST & W 41ST AVE,W 41ST AVE,W 41ST AVE,15:00-17:59,1,1
N,CASUALTY CRASH,MACDONALD ST,N,2024,TUESDAY,REAR END,N,Y,49.25098,-123.167821,N,JUNE,N,VANCOUVER,VANCOUVER,VANCOUVER,N,N,N,LOWER MAINLAND,MACDONALD ST & W 24TH AVE,W 24TH AVE,W 24TH AVE,15:00-17:59,1,1
N,CASUALTY CRASH,MAHAN RD,N,2024,TUESDAY,REAR END,N,Y,49.406666,-123.52442,N,JUNE,N,GIBSONS,GIBSONS,GIBSONS,N,N,N,LOWER MAINLAND,GIBSONS WAY & MAHAN RD & VENTURE WAY,GIBSONS WAY,GIBSONS WAY,15:00-17:59,1,2
N,CASUALTY CRASH,MAIN ST,N,2024,TUESDAY,SINGLE VEHICLE,N,Y,49.280381,-123.099699,N,JUNE,N,VANCOUVER,VANCOUVER,VANCOUVER,N,N,Y,LOWER MAINLAND,E PENDER ST & MAIN ST,E PENDER ST,E PENDER ST,15:00-17:59,1,1
N,CASUALTY CRASH,MARINE DR,N,2024,TUESDAY,SIDE SWIPE - SAME DIRECTION,N,Y,49.328619,-123.158906,N,JUNE,N,WEST VANCOUVER,WEST VANCOUVER,WEST VANCOUVER,Y,Y,N,LOWER MAINLAND,16TH ST & MARINE DR,16TH ST,16TH ST,15:00-17:59,1,1
N,CASUALTY CRASH,MARSHALL RD,N,2024,TUESDAY,REAR END,N,Y,49.037752,-122.3377,N,JUNE,N,ABBOTSFORD,ABBOTSFORD,ABBOTSFORD,N,N,N,LOWER MAINLAND,CLEARBROOK RD & CLEARBROOK RD OFFRAMP & CLEARBROOK RD ONRAMP & MARSHALL RD & MARSHALL RD OFFRAMP & MARSHALL RD ONRAMP & TRANS-CANADA HWY & TURNING LANE,CLEARBROOK RD,CLEARBROOK RD,15:00-17:59,1,1
N,CASUALTY CRASH,MARY HILL BYPASS,N,2024,TUESDAY,REAR END,N,Y,49.240773,-122.761896,N,JUNE,N,PORT COQUITLAM,PORT COQUITLAM,PORT COQUITLAM,N,N,N,LOWER MAINLAND,BROADWAY ST & MARY HILL BYPASS & TURNING LANE,BROADWAY ST,BROADWAY ST,15:00-17:59,1,1
N,CASUALTY CRASH,MATHESON CRES,N,2024,TUESDAY,REAR END,N,Y,49.208093,-123.030897,N,JUNE,N,VANCOUVER,VANCOUVER,VANCOUVER,N,N,N,LOWER MAINLAND,MATHESON CRES & SE MARINE DR,SE MARINE DR,SE MARINE DR,15:00-17:59,1,1
N,CASUALTY CRASH,MEMORIAL DR,N,2024,TUESDAY,CONFLICTED,N,Y,49.215088,-122.902766,N,JUNE,N,NEW WESTMINSTER,NEW WESTMINSTER,NEW WESTMINSTER,N,N,N,LOWER MAINLAND,HWY 1A & MCBRIDE BLVD & MEMORIAL DR,MCBRIDE BLVD,MCBRIDE BLVD,15:00-17:59,1,1
N,CASUALTY CRASH,MILLAR RD,N,2024,TUESDAY,REAR END,N,Y,49.182667,-122.906366,N,JUNE,N,SURREY,SURREY,SURREY,N,N,N,LOWER MAINLAND,MILLAR RD & RIVER RD,RIVER RD,RIVER RD,15:00-17:59,1,1
N,CASUALTY CRASH,MINORU BLVD,N,2024,TUESDAY,REAR END,Y,Y,49.173883000000004,-123.140179,N,JUNE,N,RICHMOND,RICHMOND,RICHMOND,N,N,N,LOWER MAINLAND,LANSDOWNE RD & MINORU BLVD,LANSDOWNE RD,LANSDOWNE RD,15:00-17:59,1,2
N,CASUALTY CRASH,NATIONAL AVE,N,2024,TUESDAY,CONFLICTED,N,Y,49.274934,-123.099923,N,JUNE,N,VANCOUVER,VANCOUVER,VANCOUVER,N,N,N,LOWER MAINLAND,MAIN ST & NATIONAL AVE,MAIN ST,MAIN ST,15:00-17:59,1,2
N,CASUALTY CRASH,NELSON AVE,N,2024,TUESDAY,REAR END,Y,Y,49.20385,-122.999562,N,JUNE,N,BURNABY,BURNABY,BURNABY,N,N,N,LOWER MAINLAND,MARINE WAY & NELSON AVE & TURNING LANE,MARINE WAY,MARINE WAY,15:00-17:59,1,1
N,CASUALTY CRASH,NO 3 RD,N,2024,TUESDAY,REAR END,N,Y,49.190991,-123.130485,N,JUNE,N,RICHMOND,RICHMOND,RICHMOND,N,N,N,LOWER MAINLAND,NO 3 RD & SEA ISLAND WAY & TURNING LANE,SEA ISLAND WAY,SEA ISLAND WAY,15:00-17:59,1,1
N,CASUALTY CRASH,NORDEL WAY,N,2024,TUESDAY,REAR END,N,Y,49.146506,-122.944458,N,JUNE,N,DELTA,DELTA,DELTA,N,N,N,LOWER MAINLAND,HWY 17 & HWY 91 & HWY 91 CONN & HWY 91 CONN OFFRAMP & HWY 91 CONN ONRAMP & NORDEL WAY & NORDEL WAY OFFRAMP & NORDEL WAY ONRAMP & NORDEL WAY OVERPASS & WEIGH SCALE RD & SCALE ACCESS & TURNING LANE,HWY 91,HWY 91,15:00-17:59,1,2
N,CASUALTY CRASH,OLD DOLLARTON RD,N,2024,TUESDAY,REAR END,N,Y,49.305382,-123.018888,N,JUNE,N,NORTH VANCOUVER,NORTH VANCOUVER,NORTH VANCOUVER,N,N,N,LOWER MAINLAND,AMHERST AVE & DOLLARTON HWY & OLD DOLLARTON RD,DOLLARTON HWY,DOLLARTON HWY,15:00-17:59,1,1
N,CASUALTY CRASH,OLD ISLAND HWY,N,2024,TUESDAY,UNDETERMINED,N,Y,49.69993,-124.991309,N,JUNE,N,COURTENAY,COURTENAY,COURTENAY,N,N,N,VANCOUVER ISLAND,HEADQUARTERS RD & ISLAND HWY N & OLD ISLAND HWY & TURNING LANE,HEADQUARTERS RD,HEADQUARTERS RD,15:00-17:59,1,2
N,CASUALTY CRASH,PARK DR,N,2024,TUESDAY,REAR END,N,Y,49.214459,-123.130023,N,JUNE,N,VANCOUVER,VANCOUVER,VANCOUVER,N,N,N,LOWER MAINLAND,OAK ST & PARK DR,OAK ST,OAK ST,15:00-17:59,1,1
N,CASUALTY CRASH,PARK DR,N,2024,TUESDAY,SIDE IMPACT,N,Y,49.214459,-123.130023,N,JUNE,N,VANCOUVER,VANCOUVER,VANCOUVER,N,N,N,LOWER MAINLAND,OAK ST & PARK DR,OAK ST,OAK ST,15:00-17:59,1,4
N,CASUALTY CRASH,PIDCOCK AVE,N,2024,TUESDAY,CONFLICTED,N,Y,49.687124,-125.009377,N,JUNE,N,COURTENAY,COURTENAY,COURTENAY,N,N,N,VANCOUVER ISLAND,4TH ST & PIDCOCK AVE,4TH ST,4TH ST,15:00-17:59,1,1
N,CASUALTY CRASH,PITT RIVER RD,N,2024,TUESDAY,REAR END,N,Y,49.234608,-122.769488,N,JUNE,N,PORT COQUITLAM,PORT COQUITLAM,PORT COQUITLAM,N,N,N,LOWER MAINLAND,MARY HILL BYPASS & PITT RIVER RD & TURNING LANE,HWY 7B,HWY 7B,15:00-17:59,1,1
N,CASUALTY CRASH,QUEENS ST,N,2024,TUESDAY,REAR END,N,Y,49.276725,-122.858627,N,JUNE,N,PORT MOODY,PORT MOODY,PORT MOODY,N,N,N,LOWER MAINLAND,QUEENS ST & ST JOHNS ST,ST JOHNS ST,ST JOHNS ST,15:00-17:59,1,1
N,CASUALTY CRASH,RANDOLPH AVE,N,2024,TUESDAY,SIDE IMPACT,N,Y,49.220271,-122.973476,N,JUNE,N,BURNABY,BURNABY,BURNABY,N,N,N,LOWER MAINLAND,KINGSWAY & RANDOLPH AVE,KINGSWAY,KINGSWAY,15:00-17:59,1,1
N,CASUALTY CRASH,RUTHERFORD RD,N,2024,TUESDAY,REAR END,N,Y,49.214414,-124.02938,N,JUNE,N,NANAIMO,NANAIMO,NANAIMO,N,N,N,VANCOUVER ISLAND,ISLAND HWY N & METRAL DR & MOSTAR RD & RUTHERFORD RD & WELLINGTON RD & TURNING LANE,ISLAND HWY N,ISLAND HWY N,15:00-17:59,1,1
N,CASUALTY CRASH,SALISH SEA DR,N,2024,TUESDAY,HEAD ON,N,N,\N,\N,N,JUNE,N,DELTA,DELTA,\N,N,N,N,LOWER MAINLAND,UNKNOWN,FISHERMAN WAY,FISHERMAN WAY,15:00-17:59,1,2
N,CASUALTY CRASH,SANDERS ST,N,2024,TUESDAY,SIDE IMPACT,N,Y,49.227923,-122.994193,N,JUNE,N,BURNABY,BURNABY,BURNABY,N,N,N,LOWER MAINLAND,HAZEL ST & NELSON AVE & SANDERS ST,NELSON AVE,NELSON AVE,15:00-17:59,1,1
N,CASUALTY CRASH,SECOND ST,N,2024,TUESDAY,MULTIPLE IMPACTS,N,Y,49.216527,-122.914111,N,JUNE,N,NEW WESTMINSTER,NEW WESTMINSTER,NEW WESTMINSTER,N,N,N,LOWER MAINLAND,SECOND ST & SIXTH AVE,SIXTH AVE,SIXTH AVE,15:00-17:59,1,2
N,CASUALTY CRASH,SEVENTH AVE,N,2024,TUESDAY,REAR END,N,Y,49.212478,-122.925675,N,JUNE,N,NEW WESTMINSTER,NEW WESTMINSTER,NEW WESTMINSTER,N,N,N,LOWER MAINLAND,EIGHTH ST & SEVENTH AVE,EIGHTH ST,EIGHTH ST,15:00-17:59,1,1
N,CASUALTY CRASH,SEYMOUR ST,N,2024,TUESDAY,SIDE IMPACT,N,Y,49.278601,-123.122011,N,JUNE,Y,VANCOUVER,VANCOUVER,VANCOUVER,N,N,N,LOWER MAINLAND,NELSON ST & SEYMOUR ST,NELSON ST,NELSON ST,15:00-17:59,1,1
N,CASUALTY CRASH,SHELBOURNE ST,Y,2024,TUESDAY,UNDETERMINED,N,Y,48.445684,-123.333295,N,JUNE,N,VICTORIA,VICTORIA,VICTORIA,N,N,N,VANCOUVER ISLAND,HILLSIDE AVE & SHELBOURNE ST,HILLSIDE AVE,HILLSIDE AVE,15:00-17:59,1,1
N,CASUALTY CRASH,SIXTH AVE,N,2024,TUESDAY,SIDE IMPACT,N,Y,49.213158,-122.920332,N,JUNE,N,NEW WESTMINSTER,NEW WESTMINSTER,NEW WESTMINSTER,N,Y,N,LOWER MAINLAND,SIXTH AVE & SIXTH ST,6TH ST,6TH ST,15:00-17:59,1,1
N,CASUALTY CRASH,SLOCAN ST,N,2024,TUESDAY,REAR END,N,Y,49.281159,-123.049336,N,JUNE,N,VANCOUVER,VANCOUVER,VANCOUVER,N,N,N,LOWER MAINLAND,E HASTINGS ST & SLOCAN ST,E HASTINGS ST,E HASTINGS ST,15:00-17:59,1,1
N,CASUALTY CRASH,SLOCAN ST,N,2024,TUESDAY,SIDE IMPACT,N,Y,49.24462,-123.049647,N,JUNE,N,VANCOUVER,VANCOUVER,VANCOUVER,N,N,N,LOWER MAINLAND,E 29TH AVE & SLOCAN ST,E 29TH AVE,E 29TH AVE,15:00-17:59,1,1
N,CASUALTY CRASH,SPRINGFIELD RD,N,2024,TUESDAY,REAR END,N,Y,49.877242,-119.443244,N,JUNE,N,KELOWNA,KELOWNA,KELOWNA,N,N,N,SOUTHERN INTERIOR,COOPER RD & SPRINGFIELD RD,COOPER RD,COOPER RD,15:00-17:59,1,1
N,CASUALTY CRASH,ST GEORGES AVE,N,2024,TUESDAY,SIDE IMPACT,N,Y,49.328233,-123.069078,N,JUNE,N,NORTH VANCOUVER,NORTH VANCOUVER,NORTH VANCOUVER,N,N,N,LOWER MAINLAND,E 21ST ST & ST GEORGES AVE,E 21ST ST,E 21ST ST,15:00-17:59,1,1
N,CASUALTY CRASH,TALISMAN AVE,N,2024,TUESDAY,REAR END,N,Y,49.24602,-123.10895,N,JUNE,N,VANCOUVER,VANCOUVER,VANCOUVER,N,N,N,LOWER MAINLAND,DINMONT AVE & TALISMAN AVE,DINMONT AVE,DINMONT AVE,15:00-17:59,1,1
N,CASUALTY CRASH,TESKEY RD,N,2024,TUESDAY,CONFLICTED,N,Y,49.098591,-121.949669,N,JUNE,N,CHILLIWACK,CHILLIWACK,CHILLIWACK,N,N,N,LOWER MAINLAND,SHERWOOD DR & TESKEY RD,SHERWOOD DR,SHERWOOD DR,15:00-17:59,1,3
N,CASUALTY CRASH,TILLICUM RD,N,2024,TUESDAY,REAR END,N,Y,48.447716,-123.400421,N,JUNE,Y,SAANICH,SAANICH,SAANICH,N,N,N,VANCOUVER ISLAND,GORGE RD W & TILLICUM RD & TURNING LANE,GORGE RD W,GORGE RD W,15:00-17:59,1,1
N,CASUALTY CRASH,VERNON DR,N,2024,TUESDAY,SIDE IMPACT,N,Y,49.276812,-123.079305,N,JUNE,N,VANCOUVER,VANCOUVER,VANCOUVER,N,N,N,LOWER MAINLAND,VENABLES ST & VERNON DR,VENABLES ST,VENABLES ST,15:00-17:59,1,2
N,CASUALTY CRASH,W 12TH AVE,N,2024,TUESDAY,REAR END,N,Y,49.260396,-123.114989,N,JUNE,N,VANCOUVER,VANCOUVER,VANCOUVER,N,N,N,LOWER MAINLAND,CAMBIE ST & W 12TH AVE,CAMBIE ST,CAMBIE ST,15:00-17:59,1,1
N,CASUALTY CRASH,W 41ST AVE,N,2024,TUESDAY,REAR END,N,Y,49.233341,-123.110765,N,JUNE,N,VANCOUVER,VANCOUVER,VANCOUVER,N,N,N,LOWER MAINLAND,COLUMBIA ST & W 41ST AVE,COLUMBIA ST,COLUMBIA ST,15:00-17:59,1,1
N,CASUALTY CRASH,W 41ST AVE,N,2024,TUESDAY,SIDE SWIPE - SAME DIRECTION,N,Y,49.234628,-123.158501,N,JUNE,N,VANCOUVER,VANCOUVER,VANCOUVER,N,N,N,LOWER MAINLAND,W 41ST AVE & YEW ST,YEW ST,YEW ST,15:00-17:59,1,1
N,CASUALTY CRASH,W 54TH AVE,N,2024,TUESDAY,REAR END,N,Y,49.221962,-123.158925,N,JUNE,N,VANCOUVER,VANCOUVER,VANCOUVER,N,N,N,LOWER MAINLAND,SW MARINE DR & W 54TH AVE,SW MARINE DR,SW MARINE DR,15:00-17:59,1,1
N,CASUALTY CRASH,W 71ST AVE,N,2024,TUESDAY,MULTIPLE IMPACTS,N,Y,49.207069,-123.140585,N,JUNE,N,VANCOUVER,VANCOUVER,VANCOUVER,N,N,N,LOWER MAINLAND,GRANVILLE ST & W 71ST AVE,GRANVILLE ST,GRANVILLE ST,15:00-17:59,1,4
N,CASUALTY CRASH,WALNUT GROVE DR,N,2024,TUESDAY,SIDE IMPACT,N,Y,49.16253,-122.64036,N,JUNE,N,LANGLEY,LANGLEY,LANGLEY,N,N,N,LOWER MAINLAND,88 AVE & WALNUT GROVE DR & TURNING LANE,88 AVE,88 AVE,15:00-17:59,1,3
N,CASUALTY CRASH,WESLEY DR,N,2024,TUESDAY,SINGLE VEHICLE,N,Y,49.020433,-123.095815,N,JUNE,N,DELTA,DELTA,DELTA,N,Y,N,LOWER MAINLAND,PACIFIC DR & WESLEY DR,PACIFIC DR,PACIFIC DR,15:00-17:59,1,1
N,CASUALTY CRASH,WESTMINSTER HWY,N,2024,TUESDAY,SINGLE VEHICLE,N,Y,49.181268,-122.965486,N,JUNE,N,RICHMOND,RICHMOND,RICHMOND,N,N,N,LOWER MAINLAND,RIVER RD & WESTMINSTER HWY,RIVER RD,RIVER RD,15:00-17:59,1,1
N,CASUALTY CRASH,WILLINGDON AVE,N,2024,TUESDAY,CONFLICTED,N,Y,49.230223,-123.004835,N,JUNE,N,BURNABY,BURNABY,BURNABY,N,N,N,LOWER MAINLAND,KINGSWAY & WILLINGDON AVE & TURNING LANE,KINGSWAY,KINGSWAY,15:00-17:59,1,1
N,CASUALTY CRASH,WINDERMERE ST,N,2024,TUESDAY,SIDE SWIPE - SAME DIRECTION,N,Y,49.281163,-123.036186,N,JUNE,N,VANCOUVER,VANCOUVER,VANCOUVER,N,N,N,LOWER MAINLAND,E HASTINGS ST & WINDERMERE ST,E HASTINGS ST,E HASTINGS ST,15:00-17:59,1,1
N,PROPERTY DAMAGE ONLY,\N,N,2024,TUESDAY,CONFLICTED,N,N,\N,\N,N,JUNE,N,NORTH VANCOUVER,NORTH VANCOUVER,\N,N,N,N,LOWER MAINLAND,UNKNOWN,LONSDALE AVE,LONSDALE AVE,15:00-17:59,1,0
N,PROPERTY DAMAGE ONLY,\N,N,2024,TUESDAY,CONFLICTED,N,N,48.51553,-123.374133,Y,JUNE,N,SAANICH,SAANICH,SAANICH,N,Y,N,VANCOUVER ISLAND,WESLEY RD # 004972 TO 004983,WESLEY RD,WESLEY RD,15:00-17:59,1,0
N,PROPERTY DAMAGE ONLY,\N,N,2024,TUESDAY,CONFLICTED,N,N,48.758945,-123.407301,Y,JUNE,N,SALT SPRING ISLAND,SALT SPRING ISLAND,SALT SPRING ISLAND,Y,N,N,VANCOUVER ISLAND,LYONESS DR # 000114 TO 000151,LYONESS DR,LYONESS DR,15:00-17:59,1,0
N,PROPERTY DAMAGE ONLY,\N,N,2024,TUESDAY,CONFLICTED,N,N,48.865505,-123.640676,Y,JUNE,N,CROFTON,CROFTON,CROFTON,Y,N,N,VANCOUVER ISLAND,CHAPLIN ST # 001498 TO 001529,CHAPLIN ST,CHAPLIN ST,15:00-17:59,1,0
N,PROPERTY DAMAGE ONLY,\N,N,2024,TUESDAY,CONFLICTED,N,N,49.116138,-122.823299,Y,JUNE,N,SURREY,SURREY,SURREY,N,N,N,LOWER MAINLAND,144 ST # 006250 TO 006299,144 ST,144 ST,15:00-17:59,1,0
N,PROPERTY DAMAGE ONLY,\N,N,2024,TUESDAY,CONFLICTED,N,N,49.12188,-122.668439,Y,JUNE,N,LANGLEY,LANGLEY,LANGLEY,N,Y,N,LOWER MAINLAND,200 ST # 006500 TO 006598 even,200 ST,200 ST,15:00-17:59,1,0
N,PROPERTY DAMAGE ONLY,\N,N,2024,TUESDAY,CONFLICTED,N,N,49.130456,-122.867857,Y,JUNE,N,SURREY,SURREY,SURREY,Y,Y,N,LOWER MAINLAND,128 ST # 006951 TO 007049 odd,128 ST,128 ST,15:00-17:59,1,0
N,PROPERTY DAMAGE ONLY,\N,N,2024,TUESDAY,CONFLICTED,N,N,49.153566,-122.558652,Y,JUNE,N,LANGLEY,LANGLEY,LANGLEY,Y,N,N,LOWER MAINLAND,240 ST # 008194 TO 008449,240 ST,240 ST,15:00-17:59,1,0
N,PROPERTY DAMAGE ONLY,\N,N,2024,TUESDAY,CONFLICTED,N,N,49.172236,-123.145716,Y,JUNE,N,RICHMOND,RICHMOND,RICHMOND,N,Y,N,LOWER MAINLAND,ELMBRIDGE WAY # 007100 TO 007308,ELMBRIDGE WAY,ELMBRIDGE WAY,15:00-17:59,1,0
N,PROPERTY DAMAGE ONLY,\N,N,2024,TUESDAY,CONFLICTED,N,N,49.20058,-122.98962,Y,JUNE,N,BURNABY,BURNABY,BURNABY,Y,Y,N,LOWER MAINLAND,BILL FOX WAY # 009000 TO 009033,BILL FOX WAY,BILL FOX WAY,15:00-17:59,1,0
N,PROPERTY DAMAGE ONLY,\N,N,2024,TUESDAY,CONFLICTED,N,N,49.202673,-122.913314,Y,JUNE,N,NEW WESTMINSTER,NEW WESTMINSTER,NEW WESTMINSTER,Y,N,N,LOWER MAINLAND,EIGHTH ST # 000061 TO 000079,EIGHTH ST,EIGHTH ST,15:00-17:59,1,0
N,PROPERTY DAMAGE ONLY,\N,N,2024,TUESDAY,CONFLICTED,N,N,49.213964,-122.930012,Y,JUNE,N,NEW WESTMINSTER,NEW WESTMINSTER,NEW WESTMINSTER,N,N,N,LOWER MAINLAND,EDINBURGH ST # 000800 TO 000999,EDINBURGH ST,EDINBURGH ST,15:00-17:59,1,0
N,PROPERTY DAMAGE ONLY,\N,N,2024,TUESDAY,CONFLICTED,N,N,49.242203,-122.77645,Y,JUNE,N,PORT COQUITLAM,PORT COQUITLAM,PORT COQUITLAM,Y,N,N,LOWER MAINLAND,EASTERN DR # 001484 TO 001524,EASTERN DR,EASTERN DR,15:00-17:59,1,0
N,PROPERTY DAMAGE ONLY,\N,N,2024,TUESDAY,CONFLICTED,N,N,49.249121,-123.126109,Y,JUNE,N,VANCOUVER,VANCOUVER,VANCOUVER,N,Y,N,LOWER MAINLAND,W KING EDWARD AVE # 000900 TO 000998 even,W KING EDWARD AVE,W KING EDWARD AVE,15:00-17:59,1,0
N,PROPERTY DAMAGE ONLY,\N,N,2024,TUESDAY,CONFLICTED,N,N,49.259069,-122.914656,Y,JUNE,N,BURNABY,BURNABY,BURNABY,N,Y,N,LOWER MAINLAND,BAXTER PL # 008500 TO 008599,BAXTER PL,BAXTER PL,15:00-17:59,1,0
N,PROPERTY DAMAGE ONLY,\N,N,2024,TUESDAY,CONFLICTED,N,N,49.265226,-123.237328,Y,JUNE,N,UBC,UBC,UBC,Y,N,N,LOWER MAINLAND,ACADIA RD # 002320 TO 002559,ACADIA RD,ACADIA RD,15:00-17:59,1,0
N,PROPERTY DAMAGE ONLY,\N,N,2024,TUESDAY,CONFLICTED,N,N,49.321709,-123.096319,Y,JUNE,N,NORTH VANCOUVER,NORTH VANCOUVER,NORTH VANCOUVER,Y,Y,N,LOWER MAINLAND,MARINE DR # 000801 TO 000899 odd,MARINE DR,MARINE DR,15:00-17:59,1,0
N,PROPERTY DAMAGE ONLY,\N,N,2024,TUESDAY,CONFLICTED,N,N,49.473329,-119.582322,Y,JUNE,N,PENTICTON,PENTICTON,PENTICTON,N,Y,N,SOUTHERN INTERIOR,MAIN ST # 002200 TO 002298 even,MAIN ST,MAIN ST,15:00-17:59,1,0
N,PROPERTY DAMAGE ONLY,\N,N,2024,TUESDAY,CONFLICTED,N,N,49.881803,-119.439105,Y,JUNE,N,KELOWNA,KELOWNA,KELOWNA,N,Y,N,SOUTHERN INTERIOR,HARVEY AVE # 002121 TO 002279 odd,HARVEY AVE,HARVEY AVE,15:00-17:59,1,0
N,PROPERTY DAMAGE ONLY,\N,N,2024,TUESDAY,HEAD ON,N,N,48.454686,-123.373315,Y,JUNE,N,SAANICH,SAANICH,SAANICH,N,Y,N,VANCOUVER ISLAND,SAANICH RD # 003430 TO 003508 even,SAANICH RD,SAANICH RD,15:00-17:59,1,0
N,PROPERTY DAMAGE ONLY,\N,N,2024,TUESDAY,HEAD ON,N,N,48.478413,-123.526066,Y,JUNE,N,LANGFORD,LANGFORD,LANGFORD,Y,Y,N,VANCOUVER ISLAND,HANNINGTON RD # 001945 TO 002000,HANNINGTON RD,HANNINGTON RD,15:00-17:59,1,0
N,PROPERTY DAMAGE ONLY,\N,N,2024,TUESDAY,HEAD ON,N,N,49.035875,-122.271713,Y,JUNE,N,ABBOTSFORD,ABBOTSFORD,ABBOTSFORD,Y,Y,N,LOWER MAINLAND,VEDDER WAY # 001700 TO 001999,VEDDER WAY,VEDDER WAY,15:00-17:59,1,0
N,PROPERTY DAMAGE ONLY,\N,N,2024,TUESDAY,HEAD ON,N,N,49.12188,-122.668439,Y,JUNE,N,LANGLEY,LANGLEY,LANGLEY,Y,Y,N,LOWER MAINLAND,200 ST # 006500 TO 006598 even,200 ST,200 ST,15:00-17:59,1,0
N,PROPERTY DAMAGE ONLY,\N,N,2024,TUESDAY,HEAD ON,N,N,49.202629,-122.874113,Y,JUNE,N,SURREY,SURREY,SURREY,N,Y,N,LOWER MAINLAND,110 AVE # 012500 TO 012626,110 AVE,110 AVE,15:00-17:59,1,0
N,PROPERTY DAMAGE ONLY,\N,N,2024,TUESDAY,HEAD ON,N,N,49.244024,-122.567299,Y,JUNE,N,MAPLE RIDGE,MAPLE RIDGE,MAPLE RIDGE,Y,N,N,LOWER MAINLAND,133 AVE # 023600 TO 023689,133 AVE,133 AVE,15:00-17:59,1,0
N,PROPERTY DAMAGE ONLY,\N,N,2024,TUESDAY,HEAD ON,N,N,50.677065,-120.267885,Y,JUNE,N,KAMLOOPS,KAMLOOPS,KAMLOOPS,N,Y,N,SOUTHERN INTERIOR,GLENWOOD DR # 002050 TO 002149,GLENWOOD DR,GLENWOOD DR,15:00-17:59,1,0
N,PROPERTY DAMAGE ONLY,\N,N,2024,TUESDAY,MULTIPLE IMPACTS,N,N,\N,\N,N,JUNE,N,ABBOTSFORD,ABBOTSFORD,\N,N,N,N,LOWER MAINLAND,UNKNOWN,FRASER HWY,FRASER HWY,15:00-17:59,1,0
N,PROPERTY DAMAGE ONLY,\N,N,2024,TUESDAY,MULTIPLE IMPACTS,N,N,\N,\N,N,JUNE,N,VANCOUVER,VANCOUVER,\N,Y,Y,N,LOWER MAINLAND,UNKNOWN,W KING EDWARD AVENUE,W KING EDWARD AVENUE,15:00-17:59,1,0
N,PROPERTY DAMAGE ONLY,\N,N,2024,TUESDAY,MULTIPLE IMPACTS,N,N,49.172236,-123.145716,Y,JUNE,N,RICHMOND,RICHMOND,RICHMOND,Y,Y,N,LOWER MAINLAND,ELMBRIDGE WAY # 007100 TO 007308,ELMBRIDGE WAY,ELMBRIDGE WAY,15:00-17:59,1,0
N,PROPERTY DAMAGE ONLY,\N,N,2024,TUESDAY,MULTIPLE IMPACTS,N,N,49.225047,-123.059478,Y,JUNE,Y,VANCOUVER,VANCOUVER,VANCOUVER,Y,N,N,LOWER MAINLAND,E 49TH AVE # 002282 TO 002299,E 49TH AVE,E 49TH AVE,15:00-17:59,1,0
N,PROPERTY DAMAGE ONLY,\N,N,2024,TUESDAY,REAR END,N,N,\N,\N,N,JUNE,N,ANMORE,ANMORE,\N,Y,Y,N,LOWER MAINLAND,UNKNOWN,SUNNYSIDE RD,SUNNYSIDE RD,15:00-17:59,1,0
N,PROPERTY DAMAGE ONLY,\N,N,2024,TUESDAY,REAR END,N,N,\N,\N,N,JUNE,N,BURNABY,BURNABY,\N,N,N,N,LOWER MAINLAND,UNKNOWN,EDMONDS ST,EDMONDS ST,15:00-17:59,1,0
N,PROPERTY DAMAGE ONLY,\N,N,2024,TUESDAY,REAR END,N,N,\N,\N,N,JUNE,N,BURNABY,BURNABY,\N,N,Y,N,LOWER MAINLAND,UNKNOWN,MCMURRAY AVE,MCMURRAY AVE,15:00-17:59,1,0
N,PROPERTY DAMAGE ONLY,\N,N,2024,TUESDAY,REAR END,N,N,\N,\N,N,JUNE,N,DELTA,DELTA,\N,N,N,N,LOWER MAINLAND,UNKNOWN,HWY 91,HWY 91,15:00-17:59,1,0
N,PROPERTY DAMAGE ONLY,\N,N,2024,TUESDAY,REAR END,N,N,\N,\N,N,JUNE,N,KAMLOOPS,KAMLOOPS,\N,N,N,N,SOUTHERN INTERIOR,UNKNOWN,MT PAUL WAY,MT PAUL WAY,15:00-17:59,1,0
N,PROPERTY DAMAGE ONLY,\N,N,2024,TUESDAY,REAR END,N,N,\N,\N,N,JUNE,N,KELOWNA,KELOWNA,\N,N,N,N,SOUTHERN INTERIOR,UNKNOWN,HWY 97,HWY 97,15:00-17:59,1,0
N,PROPERTY DAMAGE ONLY,\N,N,2024,TUESDAY,REAR END,N,N,\N,\N,N,JUNE,N,NEW WESTMINSTER,NEW WESTMINSTER,\N,N,N,N,LOWER MAINLAND,UNKNOWN,HWY 91,HWY 91,15:00-17:59,1,0
N,PROPERTY DAMAGE ONLY,\N,N,2024,TUESDAY,REAR END,N,N,\N,\N,N,JUNE,N,NORTH VANCOUVER,NORTH VANCOUVER,\N,N,N,N,LOWER MAINLAND,UNKNOWN,MARINE DR,MARINE DR,15:00-17:59,1,0
N,PROPERTY DAMAGE ONLY,\N,N,2024,TUESDAY,REAR END,N,N,\N,\N,N,JUNE,N,RICHMOND,RICHMOND,\N,N,N,N,LOWER MAINLAND,UNKNOWN,HWY 99,HWY 99,15:00-17:59,1,0
N,PROPERTY DAMAGE ONLY,\N,N,2024,TUESDAY,REAR END,N,N,\N,\N,N,JUNE,N,SURREY,SURREY,\N,N,N,N,LOWER MAINLAND,UNKNOWN,FRASER HWY,FRASER HWY,15:00-17:59,1,0
N,PROPERTY DAMAGE ONLY,\N,N,2024,TUESDAY,REAR END,N,N,\N,\N,N,JUNE,N,VANCOUVER,VANCOUVER,\N,N,N,N,LOWER MAINLAND,UNKNOWN,SE MARINE DR,SE MARINE DR,15:00-17:59,1,0
N,PROPERTY DAMAGE ONLY,\N,N,2024,TUESDAY,REAR END,N,N,\N,\N,N,JUNE,N,VICTORIA,VICTORIA,\N,N,Y,N,VANCOUVER ISLAND,UNKNOWN,ISLAND HWY,ISLAND HWY,15:00-17:59,1,0
N,PROPERTY DAMAGE ONLY,\N,N,2024,TUESDAY,REAR END,N,N,48.481737,-123.307756,Y,JUNE,N,SAANICH,SAANICH,SAANICH,Y,N,N,VANCOUVER ISLAND,WENMAN DR # 002060 TO 002199,WENMAN DR,WENMAN DR,15:00-17:59,1,0
N,PROPERTY DAMAGE ONLY,\N,N,2024,TUESDAY,REAR END,N,N,48.710221,-123.607259,Y,JUNE,N,COBBLE HILL,COBBLE HILL,COBBLE HILL,Y,Y,N,VANCOUVER ISLAND,COWICHAN BAY RD # 001406 TO 001409,COWICHAN BAY RD,COWICHAN BAY RD,15:00-17:59,1,0
N,PROPERTY DAMAGE ONLY,\N,N,2024,TUESDAY,REAR END,N,N,49.014362,-119.488407,Y,JUNE,N,OSOYOOS,OSOYOOS,OSOYOOS,Y,N,N,SOUTHERN INTERIOR,QUAIL RIDGE PL # 011700 TO 011999,QUAIL RIDGE PL,QUAIL RIDGE PL,15:00-17:59,1,0
N,PROPERTY DAMAGE ONLY,\N,N,2024,TUESDAY,REAR END,N,N,49.109068,-122.864847,Y,JUNE,N,SURREY,SURREY,SURREY,Y,N,N,LOWER MAINLAND,129 ST # 005850 TO 005869,129 ST,129 ST,15:00-17:59,1,0
N,PROPERTY DAMAGE ONLY,\N,N,2024,TUESDAY,REAR END,N,N,49.118837,-122.776412,Y,JUNE,N,SURREY,SURREY,SURREY,N,N,N,LOWER MAINLAND,64 AVE # 015996 TO 016288 even,64 AVE,64 AVE,15:00-17:59,1,0
N,PROPERTY DAMAGE ONLY,\N,N,2024,TUESDAY,REAR END,N,N,49.122602,-122.661894,Y,JUNE,N,LANGLEY,LANGLEY,LANGLEY,N,Y,N,LOWER MAINLAND,66 AVE # 020170 TO 020299,66 AVE,66 AVE,15:00-17:59,1,0
N,PROPERTY DAMAGE ONLY,\N,N,2024,TUESDAY,REAR END,N,N,49.124769,-122.704243,Y,JUNE,N,SURREY,SURREY,SURREY,Y,Y,N,LOWER MAINLAND,FRASER HWY # 018680 TO 018718 even,FRASER HWY,FRASER HWY,15:00-17:59,1,0
N,PROPERTY DAMAGE ONLY,\N,N,2024,TUESDAY,REAR END,N,N,49.132358,-122.838708,Y,JUNE,N,SURREY,SURREY,SURREY,Y,Y,N,LOWER MAINLAND,138 ST # 007101 TO 007199 odd,138 ST,138 ST,15:00-17:59,1,0
N,PROPERTY DAMAGE ONLY,\N,N,2024,TUESDAY,REAR END,N,N,49.145405,-122.85339,Y,JUNE,N,SURREY,SURREY,SURREY,Y,N,N,LOWER MAINLAND,78A AVE # 013230 TO 013399,78A AVE,78A AVE,15:00-17:59,1,0
N,PROPERTY DAMAGE ONLY,\N,N,2024,TUESDAY,REAR END,N,N,49.183536,-123.133217,Y,JUNE,N,RICHMOND,RICHMOND,RICHMOND,Y,Y,N,LOWER MAINLAND,HAZELBRIDGE WAY # 004147 TO 004183 odd,HAZELBRIDGE WAY,HAZELBRIDGE WAY,15:00-17:59,1,0
N,PROPERTY DAMAGE ONLY,\N,N,2024,TUESDAY,REAR END,N,N,49.192014,-123.122024,Y,JUNE,N,RICHMOND,RICHMOND,RICHMOND,N,Y,N,LOWER MAINLAND,BRIDGEPORT RD # 009088 TO 009299,BRIDGEPORT RD,BRIDGEPORT RD,15:00-17:59,1,0
N,PROPERTY DAMAGE ONLY,\N,N,2024,TUESDAY,REAR END,N,N,49.199009,-122.981737,Y,JUNE,N,BURNABY,BURNABY,BURNABY,Y,Y,N,LOWER MAINLAND,MARKET CROSSING # 007240 TO 007599,MARKET CROSSING,MARKET CROSSING,15:00-17:59,1,0
N,PROPERTY DAMAGE ONLY,\N,N,2024,TUESDAY,REAR END,N,N,49.206395,-124.002369,Y,JUNE,N,NANAIMO,NANAIMO,NANAIMO,N,Y,N,VANCOUVER ISLAND,DEPARTURE BAY RD # 004264 TO 004298 even,DEPARTURE BAY RD,DEPARTURE BAY RD,15:00-17:59,1,0
N,PROPERTY DAMAGE ONLY,\N,N,2024,TUESDAY,REAR END,N,N,49.208564,-122.922097,Y,JUNE,N,NEW WESTMINSTER,NEW WESTMINSTER,NEW WESTMINSTER,Y,N,N,LOWER MAINLAND,ST ANDREWS ST # 000800 TO 000899,ST ANDREWS ST,ST ANDREWS ST,15:00-17:59,1,0
N,PROPERTY DAMAGE ONLY,\N,N,2024,TUESDAY,REAR END,N,N,49.218829,-122.654841,Y,JUNE,N,MAPLE RIDGE,MAPLE RIDGE,MAPLE RIDGE,N,N,N,LOWER MAINLAND,LOUGHEED HWY # 020350 TO 020567,LOUGHEED HWY,LOUGHEED HWY,15:00-17:59,1,0
N,PROPERTY DAMAGE ONLY,\N,N,2024,TUESDAY,REAR END,N,N,49.243484,-122.888373,Y,JUNE,N,COQUITLAM,COQUITLAM,COQUITLAM,Y,Y,N,LOWER MAINLAND,LOUGHEED HWY # 000520 TO 000618 even,LOUGHEED HWY,LOUGHEED HWY,15:00-17:59,1,0
N,PROPERTY DAMAGE ONLY,\N,N,2024,TUESDAY,REAR END,N,N,49.263191,-123.113835,Y,JUNE,N,VANCOUVER,VANCOUVER,VANCOUVER,N,N,N,LOWER MAINLAND,W BROADWAY # 000400 TO 000499,W BROADWAY,W BROADWAY,15:00-17:59,1,0
N,PROPERTY DAMAGE ONLY,\N,N,2024,TUESDAY,REAR END,N,N,49.272315,-123.077327,Y,JUNE,N,VANCOUVER,VANCOUVER,VANCOUVER,Y,N,N,LOWER MAINLAND,CLARK DR # 001300 TO 001499,CLARK DR,CLARK DR,15:00-17:59,1,0
N,PROPERTY DAMAGE ONLY,\N,N,2024,TUESDAY,REAR END,N,N,49.282678,-123.10553,Y,JUNE,N,VANCOUVER,VANCOUVER,VANCOUVER,N,Y,N,LOWER MAINLAND,W CORDOVA ST # 000000 TO 000099,W CORDOVA ST,W CORDOVA ST,15:00-17:59,1,0
N,PROPERTY DAMAGE ONLY,\N,N,2024,TUESDAY,REAR END,N,N,49.283726,-122.809269,Y,JUNE,N,COQUITLAM,COQUITLAM,COQUITLAM,Y,Y,N,LOWER MAINLAND,LANSDOWNE DR # 001182 TO 001199,LANSDOWNE DR,LANSDOWNE DR,15:00-17:59,1,0
N,PROPERTY DAMAGE ONLY,\N,N,2024,TUESDAY,REAR END,N,N,49.32203,-123.068113,Y,JUNE,N,NORTH VANCOUVER,NORTH VANCOUVER,NORTH VANCOUVER,Y,Y,N,LOWER MAINLAND,E 15TH ST # 000214 TO 000235,E 15TH ST,E 15TH ST,15:00-17:59,1,0
N,PROPERTY DAMAGE ONLY,\N,N,2024,TUESDAY,REAR END,N,N,49.324499,-124.327489,Y,JUNE,N,PARKSVILLE,PARKSVILLE,PARKSVILLE,Y,Y,N,VANCOUVER ISLAND,ISLAND HWY W # 000460 TO 000499,HWY 19A,HWY 19A,15:00-17:59,1,0
N,PROPERTY DAMAGE ONLY,\N,N,2024,TUESDAY,REAR END,N,N,49.78514,-119.718412,Y,JUNE,N,PEACHLAND,PEACHLAND,PEACHLAND,Y,Y,N,SOUTHERN INTERIOR,CLEMENTS CRES # 005500 TO 005550 even,CLEMENTS CRES,CLEMENTS CRES,15:00-17:59,1,0
N,PROPERTY DAMAGE ONLY,\N,N,2024,TUESDAY,REAR TO REAR,N,N,\N,\N,N,JUNE,N,CRANBROOK,CRANBROOK,\N,N,Y,N,SOUTHERN INTERIOR,UNKNOWN,WILLOW BROOK DR,WILLOW BROOK DR,15:00-17:59,1,0
N,PROPERTY DAMAGE ONLY,\N,N,2024,TUESDAY,REAR TO REAR,N,N,49.017206,-122.394209,Y,JUNE,N,ABBOTSFORD,ABBOTSFORD,ABBOTSFORD,N,Y,N,LOWER MAINLAND,HUNTINGDON RD # 029800 TO 030072,HUNTINGDON RD,HUNTINGDON RD,15:00-17:59,1,0
N,PROPERTY DAMAGE ONLY,\N,N,2024,TUESDAY,REAR TO REAR,N,N,49.105351,-116.519969,Y,JUNE,N,CRESTON,CRESTON,CRESTON,Y,Y,N,SOUTHERN INTERIOR,NORTHWEST BLVD # 001000 TO 001099,NORTHWEST BLVD,NORTHWEST BLVD,15:00-17:59,1,0
N,PROPERTY DAMAGE ONLY,\N,N,2024,TUESDAY,REAR TO REAR,N,N,49.145494,-122.647895,Y,JUNE,N,LANGLEY,LANGLEY,LANGLEY,N,Y,N,LOWER MAINLAND,WILLOUGHBY TOWN CENTRE DR # 020634 TO 020799,WILLOUGHBY TOWN CENTRE DR,WILLOUGHBY TOWN CENTRE DR,15:00-17:59,1,0
N,PROPERTY DAMAGE ONLY,\N,N,2024,TUESDAY,REAR TO REAR,N,N,49.175117,-123.140184,Y,JUNE,N,RICHMOND,RICHMOND,RICHMOND,N,Y,N,LOWER MAINLAND,MINORU BLVD # 005000 TO 005699,MINORU BLVD,MINORU BLVD,15:00-17:59,1,0
N,PROPERTY DAMAGE ONLY,\N,N,2024,TUESDAY,REAR TO REAR,N,N,49.201126,-122.916211,Y,JUNE,N,NEW WESTMINSTER,NEW WESTMINSTER,NEW WESTMINSTER,N,Y,N,LOWER MAINLAND,TENTH ST # 000060 TO 000079,TENTH ST,TENTH ST,15:00-17:59,1,0
N,PROPERTY DAMAGE ONLY,\N,N,2024,TUESDAY,REAR TO REAR,N,N,49.243797,-123.185244,Y,JUNE,N,VANCOUVER,VANCOUVER,VANCOUVER,Y,Y,N,LOWER MAINLAND,DUNBAR ST # 004700 TO 004799,DUNBAR ST,DUNBAR ST,15:00-17:59,1,0
N,PROPERTY DAMAGE ONLY,\N,N,2024,TUESDAY,REAR TO REAR,N,N,49.862258,-124.543322,Y,JUNE,N,POWELL RIVER,POWELL RIVER,POWELL RIVER,N,Y,N,VANCOUVER ISLAND,MARINE AVE # 005350 TO 005409,MARINE AVE,MARINE AVE,15:00-17:59,1,0
N,PROPERTY DAMAGE ONLY,\N,N,2024,TUESDAY,REAR TO REAR,N,N,53.913194,-122.732577,Y,JUNE,N,PRINCE GEORGE,PRINCE GEORGE,PRINCE GEORGE,Y,Y,N,NORTH CENTRAL,3RD AVE # 000400 TO 000499,3RD AVE,3RD AVE,15:00-17:59,1,0
N,PROPERTY DAMAGE ONLY,\N,N,2024,TUESDAY,REAR TO REAR,N,N,54.778768,-127.162454,Y,JUNE,N,SMITHERS,SMITHERS,SMITHERS,N,Y,N,NORTH CENTRAL,HWY 16 # 003500 TO 003679,HWY 16,HWY 16,15:00-17:59,1,0
N,PROPERTY DAMAGE ONLY,\N,N,2024,TUESDAY,REAR TO REAR,N,N,55.122472,-120.990893,Y,JUNE,N,TUMBLER RIDGE,TUMBLER RIDGE,TUMBLER RIDGE,Y,Y,N,NORTH CENTRAL,COMMERCIAL CRES # 000100 TO 000199,COMMERCIAL CRES,COMMERCIAL CRES,15:00-17:59,1,0
N,PROPERTY DAMAGE ONLY,\N,N,2024,TUESDAY,REAR TO REAR,Y,N,50.241388,-118.940353,Y,JUNE,N,LUMBY,LUMBY,LUMBY,Y,Y,N,SOUTHERN INTERIOR,CREIGHTON VALLEY RD # 000106 TO 000131,CREIGHTON VALLEY RD,CREIGHTON VALLEY RD,15:00-17:59,1,0
N,PROPERTY DAMAGE ONLY,\N,N,2024,TUESDAY,SIDE IMPACT,N,N,\N,\N,N,JUNE,N,100 MILE HOUSE,100 MILE HOUSE,\N,N,N,N,NORTH CENTRAL,UNKNOWN,HWY 97,HWY 97,15:00-17:59,1,0
N,PROPERTY DAMAGE ONLY,\N,N,2024,TUESDAY,SIDE IMPACT,N,N,\N,\N,N,JUNE,N,BURNABY,BURNABY,\N,N,N,N,LOWER MAINLAND,UNKNOWN,HWY 1,HWY 1,15:00-17:59,1,0
N,PROPERTY DAMAGE ONLY,\N,N,2024,TUESDAY,SIDE IMPACT,N,N,\N,\N,N,JUNE,N,DELTA,DELTA,\N,Y,N,N,LOWER MAINLAND,UNKNOWN,SUNWOOD DR,SUNWOOD DR,15:00-17:59,1,0
N,PROPERTY DAMAGE ONLY,\N,N,2024,TUESDAY,SIDE IMPACT,N,N,\N,\N,N,JUNE,N,KAMLOOPS,KAMLOOPS,\N,Y,Y,N,SOUTHERN INTERIOR,UNKNOWN,TRANS-CANADA HWY,TRANS-CANADA HWY,15:00-17:59,1,0
N,PROPERTY DAMAGE ONLY,\N,N,2024,TUESDAY,SIDE IMPACT,N,N,\N,\N,N,JUNE,N,LANGLEY,LANGLEY,\N,N,N,N,LOWER MAINLAND,UNKNOWN,HWY 1,HWY 1,15:00-17:59,1,0
N,PROPERTY DAMAGE ONLY,\N,N,2024,TUESDAY,SIDE IMPACT,N,N,\N,\N,N,JUNE,N,SURREY,SURREY,\N,Y,N,N,LOWER MAINLAND,UNKNOWN,ENTERPRISE WAY,ENTERPRISE WAY,15:00-17:59,1,0
N,PROPERTY DAMAGE ONLY,\N,N,2024,TUESDAY,SIDE IMPACT,N,N,\N,\N,N,JUNE,N,VANCOUVER,VANCOUVER,\N,Y,N,N,LOWER MAINLAND,UNKNOWN,UNKNOWN,UNKNOWN,15:00-17:59,1,0
N,PROPERTY DAMAGE ONLY,\N,N,2024,TUESDAY,SIDE IMPACT,N,N,\N,\N,N,JUNE,N,VICTORIA,VICTORIA,\N,Y,Y,N,VANCOUVER ISLAND,UNKNOWN,GOLDSTREAM AVE,GOLDSTREAM AVE,15:00-17:59,1,0
N,PROPERTY DAMAGE ONLY,\N,N,2024,TUESDAY,SIDE IMPACT,N,N,\N,\N,N,JUNE,N,VICTORIA,VICTORIA,\N,Y,Y,N,VANCOUVER ISLAND,UNKNOWN,ISLAND HWY,ISLAND HWY,15:00-17:59,1,0
N,PROPERTY DAMAGE ONLY,\N,N,2024,TUESDAY,SIDE IMPACT,N,N,\N,\N,N,JUNE,N,VICTORIA,VICTORIA,\N,Y,Y,N,VANCOUVER ISLAND,UNKNOWN,TILLICUM RD,TILLICUM RD,15:00-17:59,1,0
N,PROPERTY DAMAGE ONLY,\N,N,2024,TUESDAY,SIDE IMPACT,N,N,\N,\N,N,JUNE,N,WEST VANCOUVER,WEST VANCOUVER,\N,Y,Y,N,LOWER MAINLAND,UNKNOWN,MARINE DR,MARINE DR,15:00-17:59,1,0
N,PROPERTY DAMAGE ONLY,\N,N,2024,TUESDAY,SIDE IMPACT,N,N,\N,\N,N,JUNE,N,YALE,YALE,\N,Y,N,N,LOWER MAINLAND,UNKNOWN,COQUIHALLA HWY,COQUIHALLA HWY,15:00-17:59,1,0
N,PROPERTY DAMAGE ONLY,\N,N,2024,TUESDAY,SIDE IMPACT,N,N,48.414881,-123.355117,Y,JUNE,N,VICTORIA,VICTORIA,VICTORIA,Y,Y,N,VANCOUVER ISLAND,MCKENZIE ST # 001100 TO 001149,MCKENZIE ST,MCKENZIE ST,15:00-17:59,1,0
N,PROPERTY DAMAGE ONLY,\N,N,2024,TUESDAY,SIDE IMPACT,N,N,48.440217,-123.368045,Y,JUNE,N,VICTORIA,VICTORIA,VICTORIA,Y,Y,N,VANCOUVER ISLAND,DOUGLAS ST # 002800 TO 002878 even,DOUGLAS ST,DOUGLAS ST,15:00-17:59,1,0
N,PROPERTY DAMAGE ONLY,\N,N,2024,TUESDAY,SIDE IMPACT,N,N,49.022903,-122.779211,Y,JUNE,N,SURREY,SURREY,SURREY & WHITE ROCK,Y,N,N,LOWER MAINLAND,STAYTE RD # 001100 TO 001199,STAYTE RD,STAYTE RD,15:00-17:59,1,0
N,PROPERTY DAMAGE ONLY,\N,N,2024,TUESDAY,SIDE IMPACT,N,N,49.023672,-123.068741,Y,JUNE,N,DELTA,DELTA,DELTA,N,Y,N,LOWER MAINLAND,56 ST # 001091 TO 001199 odd,56 ST,56 ST,15:00-17:59,1,0
N,PROPERTY DAMAGE ONLY,\N,N,2024,TUESDAY,SIDE IMPACT,N,N,49.049042,-122.339059,Y,JUNE,N,ABBOTSFORD,ABBOTSFORD,ABBOTSFORD,Y,Y,N,LOWER MAINLAND,SOUTH FRASER WAY # 031900 TO 031999,SOUTH FRASER WAY,SOUTH FRASER WAY,15:00-17:59,1,0
N,PROPERTY DAMAGE ONLY,\N,N,2024,TUESDAY,SIDE IMPACT,N,N,49.058537,-122.31581,Y,JUNE,N,ABBOTSFORD,ABBOTSFORD,ABBOTSFORD,Y,N,N,LOWER MAINLAND,GLADWIN RD # 003070 TO 003150,GLADWIN RD,GLADWIN RD,15:00-17:59,1,0
N,PROPERTY DAMAGE ONLY,\N,N,2024,TUESDAY,SIDE IMPACT,N,N,49.087398,-122.595865,Y,JUNE,N,LANGLEY,LANGLEY,LANGLEY,Y,Y,N,LOWER MAINLAND,FRASER HWY # 022510 TO 022799,FRASER HWY,FRASER HWY,15:00-17:59,1,0
N,PROPERTY DAMAGE ONLY,\N,N,2024,TUESDAY,SIDE IMPACT,N,N,49.098711,-117.702147,Y,JUNE,N,TRAIL,TRAIL,TRAIL,Y,N,N,SOUTHERN INTERIOR,ROBERTSON ST # 001400 TO 001449,ROBERTSON ST,ROBERTSON ST,15:00-17:59,1,0
N,PROPERTY DAMAGE ONLY,\N,N,2024,TUESDAY,SIDE IMPACT,N,N,49.10435,-122.799097,Y,JUNE,N,SURREY,SURREY,SURREY,Y,Y,N,LOWER MAINLAND,56 AVE # 015200 TO 015338 even,HWY 10,HWY 10,15:00-17:59,1,0
N,PROPERTY DAMAGE ONLY,\N,N,2024,TUESDAY,SIDE IMPACT,N,N,49.10487,-122.657072,Y,JUNE,N,LANGLEY,LANGLEY,LANGLEY,N,Y,N,LOWER MAINLAND,FRASER HWY # 020350 TO 020399,FRASER HWY,FRASER HWY,15:00-17:59,1,0
N,PROPERTY DAMAGE ONLY,\N,N,2024,TUESDAY,SIDE IMPACT,N,N,49.10601,-122.66229,Y,JUNE,N,LANGLEY,LANGLEY,LANGLEY,Y,Y,N,LOWER MAINLAND,FRASER HWY # 020151 TO 020299,FRASER HWY,FRASER HWY,15:00-17:59,1,0
N,PROPERTY DAMAGE ONLY,\N,N,2024,TUESDAY,SIDE IMPACT,N,N,49.11107,-122.654892,Y,JUNE,N,LANGLEY,LANGLEY,LANGLEY,Y,Y,N,LOWER MAINLAND,DUNCAN WAY # 020370 TO 020549,DUNCAN WAY,DUNCAN WAY,15:00-17:59,1,0
N,PROPERTY DAMAGE ONLY,\N,N,2024,TUESDAY,SIDE IMPACT,N,N,49.113142,-122.800947,Y,JUNE,N,SURREY,SURREY,SURREY,Y,Y,N,LOWER MAINLAND,152 ST # 006000 TO 006198 even,152 ST,152 ST,15:00-17:59,1,0
N,PROPERTY DAMAGE ONLY,\N,N,2024,TUESDAY,SIDE IMPACT,N,N,49.116822,-122.671702,Y,JUNE,N,LANGLEY,LANGLEY,LANGLEY,N,Y,N,LOWER MAINLAND,WILLOWBROOK DR # 019801 TO 019999 odd,WILLOWBROOK DR,WILLOWBROOK DR,15:00-17:59,1,0
N,PROPERTY DAMAGE ONLY,\N,N,2024,TUESDAY,SIDE IMPACT,N,N,49.116822,-122.671702,Y,JUNE,N,LANGLEY,LANGLEY,LANGLEY,Y,Y,N,LOWER MAINLAND,WILLOWBROOK DR # 019801 TO 019999 odd,WILLOWBROOK DR,WILLOWBROOK DR,15:00-17:59,1,0
N,PROPERTY DAMAGE ONLY,\N,N,2024,TUESDAY,SIDE IMPACT,N,N,49.12188,-122.668439,Y,JUNE,N,LANGLEY,LANGLEY,LANGLEY,Y,Y,N,LOWER MAINLAND,200 ST # 006500 TO 006598 even,200 ST,200 ST,15:00-17:59,1,0
N,PROPERTY DAMAGE ONLY,\N,N,2024,TUESDAY,SIDE IMPACT,N,N,49.13228,-122.300815,Y,JUNE,N,MISSION,MISSION,MISSION,N,Y,N,LOWER MAINLAND,HORNE ST # 007162 TO 007198 even,HORNE ST,HORNE ST,15:00-17:59,1,0
N,PROPERTY DAMAGE ONLY,\N,N,2024,TUESDAY,SIDE IMPACT,N,N,49.139678,-123.136682,Y,JUNE,N,RICHMOND,RICHMOND,RICHMOND,N,Y,N,LOWER MAINLAND,NO 3 RD # 010000 TO 010349,NO 3 RD,NO 3 RD,15:00-17:59,1,0
N,PROPERTY DAMAGE ONLY,\N,N,2024,TUESDAY,SIDE IMPACT,N,N,49.140794,-121.962222,Y,JUNE,N,CHILLIWACK,CHILLIWACK,CHILLIWACK,Y,Y,N,LOWER MAINLAND,LUCKAKUCK WAY # 045570 TO 045599,LUCKAKUCK WAY,LUCKAKUCK WAY,15:00-17:59,1,0
N,PROPERTY DAMAGE ONLY,\N,N,2024,TUESDAY,SIDE IMPACT,N,N,49.145316,-122.997813,Y,JUNE,N,DELTA,DELTA,DELTA,Y,Y,N,LOWER MAINLAND,RIVER WAY # 008100 TO 008199,RIVER WAY,RIVER WAY,15:00-17:59,1,0
N,PROPERTY DAMAGE ONLY,\N,N,2024,TUESDAY,SIDE IMPACT,N,N,49.148596,-122.892046,Y,JUNE,N,DELTA,DELTA,DELTA,N,Y,N,LOWER MAINLAND,80 AVE # 011900 TO 011999,80 AVE,80 AVE,15:00-17:59,1,0
N,PROPERTY DAMAGE ONLY,\N,N,2024,TUESDAY,SIDE IMPACT,N,N,49.156411,-122.776643,Y,JUNE,N,SURREY,SURREY,SURREY,N,Y,N,LOWER MAINLAND,FRASER HWY # 016000 TO 016178 even,FRASER HWY,FRASER HWY,15:00-17:59,1,0
N,PROPERTY DAMAGE ONLY,\N,N,2024,TUESDAY,SIDE IMPACT,N,N,49.16283,-123.169962,Y,JUNE,N,RICHMOND,RICHMOND,RICHMOND,N,Y,N,LOWER MAINLAND,GRANVILLE AVE # 005000 TO 005009,GRANVILLE AVE,GRANVILLE AVE,15:00-17:59,1,0
N,PROPERTY DAMAGE ONLY,\N,N,2024,TUESDAY,SIDE IMPACT,N,N,49.165031,-122.665651,Y,JUNE,N,LANGLEY,LANGLEY,LANGLEY,Y,Y,N,LOWER MAINLAND,88 AVE # 020101 TO 020159 odd,88 AVE,88 AVE,15:00-17:59,1,0
N,PROPERTY DAMAGE ONLY,\N,N,2024,TUESDAY,SIDE IMPACT,N,N,49.171628,-121.957812,Y,JUNE,N,CHILLIWACK,CHILLIWACK,CHILLIWACK,Y,Y,N,LOWER MAINLAND,MARY ST # 009330 TO 009349,MARY ST,MARY ST,15:00-17:59,1,0
N,PROPERTY DAMAGE ONLY,\N,N,2024,TUESDAY,SIDE IMPACT,N,N,49.171736,-123.160328,Y,JUNE,N,RICHMOND,RICHMOND,RICHMOND,Y,N,N,LOWER MAINLAND,DOVER CRES # 005600 TO 005999,DOVER CRES,DOVER CRES,15:00-17:59,1,0
N,PROPERTY DAMAGE ONLY,\N,N,2024,TUESDAY,SIDE IMPACT,N,N,49.173323,-123.155963,Y,JUNE,N,RICHMOND,RICHMOND,RICHMOND,N,Y,N,LOWER MAINLAND,BRIGHOUSE WAY # 005111 TO 005497 odd,BRIGHOUSE WAY,BRIGHOUSE WAY,15:00-17:59,1,0
N,PROPERTY DAMAGE ONLY,\N,N,2024,TUESDAY,SIDE IMPACT,N,N,49.176995,-122.841483,Y,JUNE,N,SURREY,SURREY,SURREY,Y,Y,N,LOWER MAINLAND,96 AVE # 013750 TO 013769,96 AVE,96 AVE,15:00-17:59,1,0
N,PROPERTY DAMAGE ONLY,\N,N,2024,TUESDAY,SIDE IMPACT,N,N,49.184203,-122.799505,Y,JUNE,N,SURREY,SURREY,SURREY,Y,Y,N,LOWER MAINLAND,100 AVE # 015200 TO 015299,100 AVE,100 AVE,15:00-17:59,1,0
N,PROPERTY DAMAGE ONLY,\N,N,2024,TUESDAY,SIDE IMPACT,N,N,49.192,-122.756475,Y,JUNE,N,SURREY,SURREY,SURREY,Y,Y,N,LOWER MAINLAND,168 ST # 010400 TO 010439,168 ST,168 ST,15:00-17:59,1,0
N,PROPERTY DAMAGE ONLY,\N,N,2024,TUESDAY,SIDE IMPACT,N,N,49.195272,-122.845208,Y,JUNE,N,SURREY,SURREY,SURREY,Y,Y,N,LOWER MAINLAND,KING GEORGE BLVD # 010550 TO 010646 even,KING GEORGE BLVD,KING GEORGE BLVD,15:00-17:59,1,0
N,PROPERTY DAMAGE ONLY,\N,N,2024,TUESDAY,SIDE IMPACT,N,N,49.198738,-122.810593,Y,JUNE,N,SURREY,SURREY,SURREY,Y,Y,N,LOWER MAINLAND,108 AVE # 014800 TO 014909,108 AVE,108 AVE,15:00-17:59,1,0
N,PROPERTY DAMAGE ONLY,\N,N,2024,TUESDAY,SIDE IMPACT,N,N,49.213229,-123.145091,Y,JUNE,N,VANCOUVER,VANCOUVER,VANCOUVER,Y,N,N,LOWER MAINLAND,W 64TH AVE # 001600 TO 001715,W 64TH AVE,W 64TH AVE,15:00-17:59,1,0
N,PROPERTY DAMAGE ONLY,\N,N,2024,TUESDAY,SIDE IMPACT,N,N,49.214612,-123.075561,Y,JUNE,N,VANCOUVER,VANCOUVER,VANCOUVER,Y,N,N,LOWER MAINLAND,E 61ST AVE # 001400 TO 001599,E 61ST AVE,E 61ST AVE,15:00-17:59,1,0
N,PROPERTY DAMAGE ONLY,\N,N,2024,TUESDAY,SIDE IMPACT,N,N,49.216862,-122.592962,Y,JUNE,N,MAPLE RIDGE,MAPLE RIDGE,MAPLE RIDGE,N,Y,N,LOWER MAINLAND,LOUGHEED HWY # 022700 TO 022757,LOUGHEED HWY,LOUGHEED HWY,15:00-17:59,1,0
N,PROPERTY DAMAGE ONLY,\N,N,2024,TUESDAY,SIDE IMPACT,N,N,49.21907,-122.599575,Y,JUNE,N,MAPLE RIDGE,MAPLE RIDGE,MAPLE RIDGE,N,Y,N,LOWER MAINLAND,HANEY PL # 011900 TO 011968,HANEY PL,HANEY PL,15:00-17:59,1,0
N,PROPERTY DAMAGE ONLY,\N,N,2024,TUESDAY,SIDE IMPACT,N,N,49.221716,-123.062559,Y,JUNE,N,VANCOUVER,VANCOUVER,VANCOUVER,Y,N,N,LOWER MAINLAND,GLADSTONE ST # 006800 TO 006899,GLADSTONE ST,GLADSTONE ST,15:00-17:59,1,0
N,PROPERTY DAMAGE ONLY,\N,N,2024,TUESDAY,SIDE IMPACT,N,N,49.228116,-122.998531,Y,JUNE,N,BURNABY,BURNABY,BURNABY,Y,Y,N,LOWER MAINLAND,KINGSWAY # 004700 TO 004749,KINGSWAY,KINGSWAY,15:00-17:59,1,0
N,PROPERTY DAMAGE ONLY,\N,N,2024,TUESDAY,SIDE IMPACT,N,N,49.23326,-123.197766,Y,JUNE,N,VANCOUVER,VANCOUVER,VANCOUVER,Y,Y,N,LOWER MAINLAND,SALISH DR # 004100 TO 004149,SALISH DR,SALISH DR,15:00-17:59,1,0
N,PROPERTY DAMAGE ONLY,\N,N,2024,TUESDAY,SIDE IMPACT,N,N,49.233634,-123.117113,Y,JUNE,N,VANCOUVER,VANCOUVER,VANCOUVER,N,Y,N,LOWER MAINLAND,W 41ST AVE # 000501 TO 000599 odd,W 41ST AVE,W 41ST AVE,15:00-17:59,1,0
N,PROPERTY DAMAGE ONLY,\N,N,2024,TUESDAY,SIDE IMPACT,N,N,49.238461,-124.054878,Y,JUNE,N,NANAIMO,NANAIMO,NANAIMO,Y,Y,N,VANCOUVER ISLAND,MARY ELLEN DR # 006670 TO 006679,MARY ELLEN DR,MARY ELLEN DR,15:00-17:59,1,0
N,PROPERTY DAMAGE ONLY,\N,N,2024,TUESDAY,SIDE IMPACT,N,N,49.239209,-124.054568,Y,JUNE,N,NANAIMO,NANAIMO,NANAIMO,Y,Y,N,VANCOUVER ISLAND,MARY ELLEN DR # 006680 TO 006699,MARY ELLEN DR,MARY ELLEN DR,15:00-17:59,1,0
N,PROPERTY DAMAGE ONLY,\N,N,2024,TUESDAY,SIDE IMPACT,N,N,49.248457,-123.153206,Y,JUNE,N,VANCOUVER,VANCOUVER,VANCOUVER,N,Y,N,LOWER MAINLAND,LAHB AVE # 002100 TO 002101,LAHB AVE,LAHB AVE,15:00-17:59,1,0
N,PROPERTY DAMAGE ONLY,\N,N,2024,TUESDAY,SIDE IMPACT,N,N,49.251466,-122.864477,Y,JUNE,N,COQUITLAM,COQUITLAM,COQUITLAM,Y,Y,N,LOWER MAINLAND,KING ALBERT AVE # 001030 TO 001049,KING ALBERT AVE,KING ALBERT AVE,15:00-17:59,1,0
N,PROPERTY DAMAGE ONLY,\N,N,2024,TUESDAY,SIDE IMPACT,N,N,49.253442,-122.578707,Y,JUNE,N,MAPLE RIDGE,MAPLE RIDGE,MAPLE RIDGE,Y,N,N,LOWER MAINLAND,232A ST # 013770 TO 013875,232A ST,232A ST,15:00-17:59,1,0
N,PROPERTY DAMAGE ONLY,\N,N,2024,TUESDAY,SIDE IMPACT,N,N,49.257278,-122.746598,Y,JUNE,N,PORT COQUITLAM,PORT COQUITLAM,PORT COQUITLAM,N,Y,N,LOWER MAINLAND,OTTAWA ST # 002350 TO 002389,OTTAWA ST,OTTAWA ST,15:00-17:59,1,0
N,PROPERTY DAMAGE ONLY,\N,N,2024,TUESDAY,SIDE IMPACT,N,N,49.257697,-123.165709,Y,JUNE,N,VANCOUVER,VANCOUVER,VANCOUVER,N,Y,N,LOWER MAINLAND,W 16TH AVE # 002601 TO 002699 odd,W 16TH AVE,W 16TH AVE,15:00-17:59,1,0
N,PROPERTY DAMAGE ONLY,\N,N,2024,TUESDAY,SIDE IMPACT,N,N,49.26088,-122.776957,Y,JUNE,N,PORT COQUITLAM,PORT COQUITLAM,PORT COQUITLAM,Y,Y,N,LOWER MAINLAND,WILSON AVE # 002100 TO 002199,WILSON AVE,WILSON AVE,15:00-17:59,1,0
N,PROPERTY DAMAGE ONLY,\N,N,2024,TUESDAY,SIDE IMPACT,N,N,49.261008,-123.151571,Y,JUNE,N,VANCOUVER,VANCOUVER,VANCOUVER,Y,N,N,LOWER MAINLAND,W 12TH AVE # 002000 TO 002075,W 12TH AVE,W 12TH AVE,15:00-17:59,1,0
N,PROPERTY DAMAGE ONLY,\N,N,2024,TUESDAY,SIDE IMPACT,N,N,49.262486,-123.090089,Y,JUNE,N,VANCOUVER,VANCOUVER,VANCOUVER,Y,Y,N,LOWER MAINLAND,E BROADWAY # 000600 TO 000699,E BROADWAY,E BROADWAY,15:00-17:59,1,0
N,PROPERTY DAMAGE ONLY,\N,N,2024,TUESDAY,SIDE IMPACT,N,N,49.265201,-123.199762,Y,JUNE,N,VANCOUVER,VANCOUVER,VANCOUVER,Y,N,N,LOWER MAINLAND,CROWN CRES # 004182 TO 004199,CROWN CRES,CROWN CRES,15:00-17:59,1,0
N,PROPERTY DAMAGE ONLY,\N,N,2024,TUESDAY,SIDE IMPACT,N,N,49.277321,-123.080326,Y,JUNE,N,VANCOUVER,VANCOUVER,VANCOUVER,Y,Y,N,LOWER MAINLAND,UNION ST # 001100 TO 001199,UNION ST,UNION ST,15:00-17:59,1,0
N,PROPERTY DAMAGE ONLY,\N,N,2024,TUESDAY,SIDE IMPACT,N,N,49.288557,-122.943944,Y,JUNE,N,BURNABY,BURNABY,BURNABY,Y,Y,N,LOWER MAINLAND,BARNET HWY # 007400 TO 007598 even,BARNET HWY,BARNET HWY,15:00-17:59,1,0
N,PROPERTY DAMAGE ONLY,\N,N,2024,TUESDAY,SIDE IMPACT,N,N,49.308163,-123.072572,Y,JUNE,N,NORTH VANCOUVER,NORTH VANCOUVER,NORTH VANCOUVER,Y,Y,N,LOWER MAINLAND,E ESPLANADE # 000300 TO 000341,E ESPLANADE,E ESPLANADE,15:00-17:59,1,0
N,PROPERTY DAMAGE ONLY,\N,N,2024,TUESDAY,SIDE IMPACT,N,N,49.313256,-123.027525,Y,JUNE,N,NORTH VANCOUVER,NORTH VANCOUVER,NORTH VANCOUVER,N,Y,N,LOWER MAINLAND,OLD LILLOOET RD # 000700 TO 000709,OLD LILLOOET RD,OLD LILLOOET RD,15:00-17:59,1,0
N,PROPERTY DAMAGE ONLY,\N,N,2024,TUESDAY,SIDE IMPACT,N,N,49.321709,-123.096319,Y,JUNE,N,NORTH VANCOUVER,NORTH VANCOUVER,NORTH VANCOUVER,Y,Y,N,LOWER MAINLAND,MARINE DR # 000801 TO 000899 odd,MARINE DR,MARINE DR,15:00-17:59,1,0
N,PROPERTY DAMAGE ONLY,\N,N,2024,TUESDAY,SIDE IMPACT,N,N,49.333629,-123.088118,Y,JUNE,N,NORTH VANCOUVER,NORTH VANCOUVER,NORTH VANCOUVER,Y,Y,N,LOWER MAINLAND,WESTVIEW DR # 002600 TO 002639,WESTVIEW DR,WESTVIEW DR,15:00-17:59,1,0
N,PROPERTY DAMAGE ONLY,\N,N,2024,TUESDAY,SIDE IMPACT,N,N,49.346601,-123.258131,Y,JUNE,N,WEST VANCOUVER,WEST VANCOUVER,WEST VANCOUVER,Y,Y,N,LOWER MAINLAND,WEST VISTA CRT # 005404 TO 005416,WEST VISTA CRT,WEST VISTA CRT,15:00-17:59,1,0
N,PROPERTY DAMAGE ONLY,\N,N,2024,TUESDAY,SIDE IMPACT,N,N,49.411179,-123.512271,Y,JUNE,N,GIBSONS,GIBSONS,GIBSONS,Y,N,N,LOWER MAINLAND,CASCADE CRES # 000746 TO 000809,CASCADE CRES,CASCADE CRES,15:00-17:59,1,0
N,PROPERTY DAMAGE ONLY,\N,N,2024,TUESDAY,SIDE IMPACT,N,N,49.686254,-115.979625,Y,JUNE,N,KIMBERLEY,KIMBERLEY,KIMBERLEY,Y,Y,N,SOUTHERN INTERIOR,HALPIN ST # 000400 TO 000499,HALPIN ST,HALPIN ST,15:00-17:59,1,0
N,PROPERTY DAMAGE ONLY,\N,N,2024,TUESDAY,SIDE IMPACT,N,N,49.816557,-119.636382,Y,JUNE,N,WEST KELOWNA,WEST KELOWNA,WEST KELOWNA,Y,N,N,SOUTHERN INTERIOR,GELLATLY RD S # 004026 TO 004035,GELLATLY RD S,GELLATLY RD S,15:00-17:59,1,0
N,PROPERTY DAMAGE ONLY,\N,N,2024,TUESDAY,SIDE IMPACT,N,N,49.836563,-119.482495,Y,JUNE,N,KELOWNA,KELOWNA,KELOWNA,Y,Y,N,SOUTHERN INTERIOR,GORDON DR # 004073 TO 004101 odd,GORDON DR,GORDON DR,15:00-17:59,1,0
N,PROPERTY DAMAGE ONLY,\N,N,2024,TUESDAY,SIDE IMPACT,N,N,49.845308,-124.522652,Y,JUNE,N,POWELL RIVER,POWELL RIVER,POWELL RIVER,Y,Y,N,VANCOUVER ISLAND,ALBERNI ST # 006920 TO 006979,ALBERNI ST,ALBERNI ST,15:00-17:59,1,0
N,PROPERTY DAMAGE ONLY,\N,N,2024,TUESDAY,SIDE IMPACT,N,N,49.865407,-119.488985,Y,JUNE,N,KELOWNA,KELOWNA,KELOWNA,Y,Y,N,SOUTHERN INTERIOR,RAYMER AVE # 000601 TO 000699,RAYMER AVE,RAYMER AVE,15:00-17:59,1,0
N,PROPERTY DAMAGE ONLY,\N,N,2024,TUESDAY,SIDE IMPACT,N,N,49.881803,-119.439105,Y,JUNE,N,KELOWNA,KELOWNA,KELOWNA,Y,Y,N,SOUTHERN INTERIOR,HARVEY AVE # 002121 TO 002279 odd,HARVEY AVE,HARVEY AVE,15:00-17:59,2,0
N,PROPERTY DAMAGE ONLY,\N,N,2024,TUESDAY,SIDE IMPACT,N,N,49.883561,-119.491037,Y,JUNE,N,KELOWNA,KELOWNA,KELOWNA,Y,Y,N,SOUTHERN INTERIOR,HARVEY AVE # 000501 TO 000699 odd,HARVEY AVE,HARVEY AVE,15:00-17:59,1,0
N,PROPERTY DAMAGE ONLY,\N,N,2024,TUESDAY,SIDE IMPACT,N,N,49.88835,-119.375259,Y,JUNE,N,KELOWNA,KELOWNA,KELOWNA,N,Y,N,SOUTHERN INTERIOR,HWY 33 E # 000531 TO 000599,HWY 33,HWY 33,15:00-17:59,1,0
N,PROPERTY DAMAGE ONLY,\N,N,2024,TUESDAY,SIDE IMPACT,N,N,49.99449,-117.376132,Y,JUNE,N,NEW DENVER,NEW DENVER,NEW DENVER,Y,N,N,SOUTHERN INTERIOR,BELLEVUE ST # 001000 TO 001099,BELLEVUE ST,BELLEVUE ST,15:00-17:59,1,0
N,PROPERTY DAMAGE ONLY,\N,N,2024,TUESDAY,SIDE IMPACT,N,N,50.115448,-122.958613,Y,JUNE,N,WHISTLER,WHISTLER,WHISTLER,Y,Y,N,LOWER MAINLAND,WHISTLER WAY # 004000 TO 004008 even,WHISTLER WAY,WHISTLER WAY,15:00-17:59,1,0
N,PROPERTY DAMAGE ONLY,\N,N,2024,TUESDAY,SIDE IMPACT,N,N,50.223703,-119.234231,Y,JUNE,N,COLDSTREAM,COLDSTREAM,COLDSTREAM,Y,Y,N,SOUTHERN INTERIOR,KALAMALKA RD # 010088 TO 010109,KALAMALKA RD,KALAMALKA RD,15:00-17:59,1,0
N,PROPERTY DAMAGE ONLY,\N,N,2024,TUESDAY,SIDE IMPACT,N,N,50.621922,-120.305425,Y,JUNE,N,KAMLOOPS,KAMLOOPS,KAMLOOPS,Y,N,N,SOUTHERN INTERIOR,SIMMS PL # 002700 TO 002799,SIMMS PL,SIMMS PL,15:00-17:59,1,0
N,PROPERTY DAMAGE ONLY,\N,N,2024,TUESDAY,SIDE IMPACT,N,N,50.66753,-120.365363,Y,JUNE,N,KAMLOOPS,KAMLOOPS,KAMLOOPS,Y,Y,N,SOUTHERN INTERIOR,MCGILL RD # 000900 TO 000961,MCGILL RD,MCGILL RD,15:00-17:59,1,0
N,PROPERTY DAMAGE ONLY,\N,N,2024,TUESDAY,SIDE IMPACT,N,N,50.671081,-120.370522,Y,JUNE,N,KAMLOOPS,KAMLOOPS,KAMLOOPS,Y,Y,N,SOUTHERN INTERIOR,TRU WAY # 000800 TO 000899,TRU WAY,TRU WAY,15:00-17:59,1,0
N,PROPERTY DAMAGE ONLY,\N,N,2024,TUESDAY,SIDE IMPACT,N,N,50.680302,-120.362534,Y,JUNE,N,KAMLOOPS,KAMLOOPS,KAMLOOPS,Y,Y,N,SOUTHERN INTERIOR,VICTORIA ST W # 000601 TO 001195 odd,VICTORIA ST W,VICTORIA ST W,15:00-17:59,1,0
N,PROPERTY DAMAGE ONLY,\N,N,2024,TUESDAY,SIDE IMPACT,N,N,50.699619,-120.37857,Y,JUNE,N,KAMLOOPS,KAMLOOPS,KAMLOOPS,Y,Y,N,SOUTHERN INTERIOR,POPP ST # 000688 TO 000749,POPP ST,POPP ST,15:00-17:59,1,0
N,PROPERTY DAMAGE ONLY,\N,N,2024,TUESDAY,SIDE IMPACT,N,N,51.647041,-121.29622,Y,JUNE,N,100 MILE HOUSE,100 MILE HOUSE,100 MILE HOUSE,N,Y,N,NORTH CENTRAL,HWY 97 # 000096 TO 000103,CARIBOO HWY,CARIBOO HWY,15:00-17:59,1,0
N,PROPERTY DAMAGE ONLY,\N,N,2024,TUESDAY,SIDE IMPACT,N,N,53.894134,-122.771049,Y,JUNE,N,PRINCE GEORGE,PRINCE GEORGE,PRINCE GEORGE,Y,Y,N,NORTH CENTRAL,RECPLACE DR # 002634 TO 002849,RECPLACE DR,RECPLACE DR,15:00-17:59,1,0
N,PROPERTY DAMAGE ONLY,\N,N,2024,TUESDAY,SIDE IMPACT,N,N,53.899564,-122.779382,Y,JUNE,N,PRINCE GEORGE,PRINCE GEORGE,PRINCE GEORGE,N,Y,N,NORTH CENTRAL,MASSEY DR # 002991 TO 003111 odd,MASSEY DR,MASSEY DR,15:00-17:59,1,0
N,PROPERTY DAMAGE ONLY,\N,N,2024,TUESDAY,SIDE IMPACT,N,N,54.224595,-125.753339,Y,JUNE,N,BURNS LAKE,BURNS LAKE,BURNS LAKE,Y,Y,N,NORTH CENTRAL,HWY 16 E # 000001 TO 000182,HWY 16,HWY 16,15:00-17:59,1,0
N,PROPERTY DAMAGE ONLY,\N,N,2024,TUESDAY,SIDE IMPACT,Y,N,49.099234,-122.691046,Y,JUNE,N,SURREY,SURREY,SURREY,Y,Y,N,LOWER MAINLAND,192 ST # 005200 TO 005399,192 ST,192 ST,15:00-17:59,1,0
N,PROPERTY DAMAGE ONLY,\N,N,2024,TUESDAY,SIDE IMPACT,Y,N,49.191606,-122.990797,Y,JUNE,N,BURNABY,BURNABY,BURNABY,Y,Y,N,LOWER MAINLAND,NORTH FRASER WAY # 007400 TO 007649,NORTH FRASER WAY,NORTH FRASER WAY,15:00-17:59,1,0
N,PROPERTY DAMAGE ONLY,\N,N,2024,TUESDAY,SIDE IMPACT,Y,N,49.230615,-123.006039,Y,JUNE,N,BURNABY,BURNABY,BURNABY,Y,Y,N,LOWER MAINLAND,KINGSWAY # 004400 TO 004498,KINGSWAY,KINGSWAY,15:00-17:59,1,0
N,PROPERTY DAMAGE ONLY,\N,N,2024,TUESDAY,SIDE SWIPE - OPPOSITE DIRECTION,N,N,\N,\N,N,JUNE,N,ESQUIMALT,ESQUIMALT,\N,N,N,N,VANCOUVER ISLAND,UNKNOWN,LYALL ST,LYALL ST,15:00-17:59,1,0
N,PROPERTY DAMAGE ONLY,\N,N,2024,TUESDAY,SIDE SWIPE - OPPOSITE DIRECTION,N,N,49.046959,-122.774912,Y,JUNE,N,SURREY,SURREY,SURREY,Y,Y,N,LOWER MAINLAND,161A ST # 002441 TO 002479,161A ST,161A ST,15:00-17:59,1,0
N,PROPERTY DAMAGE ONLY,\N,N,2024,TUESDAY,SIDE SWIPE - OPPOSITE DIRECTION,N,N,49.132938,-122.318005,Y,JUNE,N,MISSION,MISSION,MISSION,Y,Y,N,LOWER MAINLAND,LOUGHEED HWY # 032700 TO 032798 even,LOUGHEED HWY,LOUGHEED HWY,15:00-17:59,1,0
N,PROPERTY DAMAGE ONLY,\N,N,2024,TUESDAY,SIDE SWIPE - OPPOSITE DIRECTION,N,N,49.196025,-123.087516,Y,JUNE,N,RICHMOND,RICHMOND,RICHMOND,Y,Y,N,LOWER MAINLAND,VAUXHALL PL # 002200 TO 002399,VAUXHALL PL,VAUXHALL PL,15:00-17:59,1,0
N,PROPERTY DAMAGE ONLY,\N,N,2024,TUESDAY,SIDE SWIPE - OPPOSITE DIRECTION,N,N,49.248075,-123.185576,Y,JUNE,N,VANCOUVER,VANCOUVER,VANCOUVER,Y,N,N,LOWER MAINLAND,W 27TH AVE # 003600 TO 003645,W 27TH AVE,W 27TH AVE,15:00-17:59,1,0
N,PROPERTY DAMAGE ONLY,\N,N,2024,TUESDAY,SIDE SWIPE - SAME DIRECTION,N,N,\N,\N,N,JUNE,N,BURNABY,BURNABY,\N,N,N,N,LOWER MAINLAND,UNKNOWN,KINGSWAY,KINGSWAY,15:00-17:59,1,0
N,PROPERTY DAMAGE ONLY,\N,N,2024,TUESDAY,SIDE SWIPE - SAME DIRECTION,N,N,\N,\N,N,JUNE,N,CHILLIWACK,CHILLIWACK,\N,N,N,N,LOWER MAINLAND,UNKNOWN,HWY 1,HWY 1,15:00-17:59,1,0
N,PROPERTY DAMAGE ONLY,\N,N,2024,TUESDAY,SIDE SWIPE - SAME DIRECTION,N,N,\N,\N,N,JUNE,N,COQUITLAM,COQUITLAM,\N,N,N,N,LOWER MAINLAND,UNKNOWN,HWY 1,HWY 1,15:00-17:59,1,0
N,PROPERTY DAMAGE ONLY,\N,N,2024,TUESDAY,SIDE SWIPE - SAME DIRECTION,N,N,\N,\N,N,JUNE,N,DAWSON CREEK,DAWSON CREEK,\N,N,N,N,NORTH CENTRAL,UNKNOWN,103 AVENUE,103 AVENUE,15:00-17:59,1,0
N,PROPERTY DAMAGE ONLY,\N,N,2024,TUESDAY,SIDE SWIPE - SAME DIRECTION,N,N,\N,\N,N,JUNE,N,VANCOUVER,VANCOUVER,\N,N,N,N,LOWER MAINLAND,UNKNOWN,HWY 1,HWY 1,15:00-17:59,1,0
N,PROPERTY DAMAGE ONLY,\N,N,2024,TUESDAY,SIDE SWIPE - SAME DIRECTION,N,N,48.445415,-123.333968,Y,JUNE,N,VICTORIA,VICTORIA,VICTORIA,Y,Y,N,VANCOUVER ISLAND,HILLSIDE AVE # 001634 TO 001699,HILLSIDE AVE,HILLSIDE AVE,15:00-17:59,1,0
N,PROPERTY DAMAGE ONLY,\N,N,2024,TUESDAY,SIDE SWIPE - SAME DIRECTION,N,N,48.563822,-123.419238,Y,JUNE,N,CENTRAL SAANICH,CENTRAL SAANICH,CENTRAL SAANICH,Y,N,N,VANCOUVER ISLAND,BUTLER CRES # 006647 TO 006729,BUTLER CRES,BUTLER CRES,15:00-17:59,1,0
N,PROPERTY DAMAGE ONLY,\N,N,2024,TUESDAY,SIDE SWIPE - SAME DIRECTION,N,N,48.687264,-123.410499,Y,JUNE,N,NORTH SAANICH,NORTH SAANICH,NORTH SAANICH,Y,Y,N,VANCOUVER ISLAND,PATRICIA BAY HWY # 011300 TO 011300 even,PATRICIA BAY HWY,PATRICIA BAY HWY,15:00-17:59,1,0
N,PROPERTY DAMAGE ONLY,\N,N,2024,TUESDAY,SIDE SWIPE - SAME DIRECTION,N,N,49.121195,-122.890475,Y,JUNE,N,DELTA,DELTA,DELTA,Y,Y,N,LOWER MAINLAND,120 ST # 006401 TO 006599 odd,120 ST,120 ST,15:00-17:59,1,0
N,PROPERTY DAMAGE ONLY,\N,N,2024,TUESDAY,SIDE SWIPE - SAME DIRECTION,N,N,49.14868,-122.263049,Y,JUNE,N,MISSION,MISSION,MISSION,Y,N,N,LOWER MAINLAND,COLEMAN ST # 008000 TO 008159,COLEMAN ST,COLEMAN ST,15:00-17:59,1,0
N,PROPERTY DAMAGE ONLY,\N,N,2024,TUESDAY,SIDE SWIPE - SAME DIRECTION,N,N,49.177331,-123.122877,Y,JUNE,N,RICHMOND,RICHMOND,RICHMOND,Y,Y,N,LOWER MAINLAND,ALDERBRIDGE WAY # 009001 TO 009299 odd,ALDERBRIDGE WAY,ALDERBRIDGE WAY,15:00-17:59,1,0
N,PROPERTY DAMAGE ONLY,\N,N,2024,TUESDAY,SIDE SWIPE - SAME DIRECTION,N,N,49.186143,-122.80244,Y,JUNE,N,SURREY,SURREY,SURREY,Y,Y,N,LOWER MAINLAND,101 AVE # 015100 TO 015199,101 AVE,101 AVE,15:00-17:59,1,0
N,PROPERTY DAMAGE ONLY,\N,N,2024,TUESDAY,SIDE SWIPE - SAME DIRECTION,N,N,49.204273,-122.913417,Y,JUNE,N,NEW WESTMINSTER,NEW WESTMINSTER,NEW WESTMINSTER,N,Y,N,LOWER MAINLAND,ROYAL AVE # 000700 TO 000804 even,ROYAL AVE,ROYAL AVE,15:00-17:59,1,0
N,PROPERTY DAMAGE ONLY,\N,N,2024,TUESDAY,SIDE SWIPE - SAME DIRECTION,N,N,49.231522,-122.884688,Y,JUNE,N,NEW WESTMINSTER,NEW WESTMINSTER,NEW WESTMINSTER,Y,Y,N,LOWER MAINLAND,BRAID ST # 000080 TO 000100,BRAID ST,BRAID ST,15:00-17:59,1,0
N,PROPERTY DAMAGE ONLY,\N,N,2024,TUESDAY,SIDE SWIPE - SAME DIRECTION,N,N,49.237059,-124.048518,Y,JUNE,N,NANAIMO,NANAIMO,NANAIMO,N,Y,N,VANCOUVER ISLAND,MALL ACCESS # 006631 TO 006631 odd,ISLAND HWY N,ISLAND HWY N,15:00-17:59,1,0
N,PROPERTY DAMAGE ONLY,\N,N,2024,TUESDAY,SIDE SWIPE - SAME DIRECTION,N,N,49.238733,-123.165755,Y,JUNE,N,VANCOUVER,VANCOUVER,VANCOUVER,Y,N,N,LOWER MAINLAND,TRAFALGAR ST # 005248 TO 005299,TRAFALGAR ST,TRAFALGAR ST,15:00-17:59,1,0
N,PROPERTY DAMAGE ONLY,\N,N,2024,TUESDAY,SIDE SWIPE - SAME DIRECTION,N,N,49.248316,-123.185224,Y,JUNE,N,VANCOUVER,VANCOUVER,VANCOUVER,N,N,N,LOWER MAINLAND,DUNBAR ST # 004248 TO 004299,DUNBAR ST,DUNBAR ST,15:00-17:59,1,0
N,PROPERTY DAMAGE ONLY,\N,N,2024,TUESDAY,SIDE SWIPE - SAME DIRECTION,N,N,49.257697,-123.165709,Y,JUNE,N,VANCOUVER,VANCOUVER,VANCOUVER,Y,N,N,LOWER MAINLAND,W 16TH AVE # 002601 TO 002699 odd,W 16TH AVE,W 16TH AVE,15:00-17:59,1,0
N,PROPERTY DAMAGE ONLY,\N,N,2024,TUESDAY,SIDE SWIPE - SAME DIRECTION,N,N,49.259715,-123.086258,Y,JUNE,N,VANCOUVER,VANCOUVER,VANCOUVER,Y,Y,N,LOWER MAINLAND,E 12TH AVE # 000800 TO 000899,E 12TH AVE,E 12TH AVE,15:00-17:59,1,0
N,PROPERTY DAMAGE ONLY,\N,N,2024,TUESDAY,SIDE SWIPE - SAME DIRECTION,N,N,49.261511,-123.125398,Y,JUNE,N,VANCOUVER,VANCOUVER,VANCOUVER,Y,Y,N,LOWER MAINLAND,LAUREL ST # 002600 TO 002799,LAUREL ST,LAUREL ST,15:00-17:59,1,0
N,PROPERTY DAMAGE ONLY,\N,N,2024,TUESDAY,SIDE SWIPE - SAME DIRECTION,N,N,49.262979,-123.213725,Y,JUNE,N,VANCOUVER,VANCOUVER,VANCOUVER,Y,N,N,LOWER MAINLAND,W 11TH AVE # 004600 TO 004699,W 11TH AVE,W 11TH AVE,15:00-17:59,1,0
N,PROPERTY DAMAGE ONLY,\N,N,2024,TUESDAY,SIDE SWIPE - SAME DIRECTION,N,N,49.266332,-123.011562,Y,JUNE,N,BURNABY,BURNABY,BURNABY,Y,Y,N,LOWER MAINLAND,LOUGHEED HWY # 004101 TO 004299 odd,LOUGHEED HWY,LOUGHEED HWY,15:00-17:59,1,0
N,PROPERTY DAMAGE ONLY,\N,N,2024,TUESDAY,SIDE SWIPE - SAME DIRECTION,N,N,49.270772,-123.098068,Y,JUNE,N,VANCOUVER,VANCOUVER,VANCOUVER,Y,Y,N,LOWER MAINLAND,STATION ST # 001501 TO 001678,STATION ST,STATION ST,15:00-17:59,1,0
N,PROPERTY DAMAGE ONLY,\N,N,2024,TUESDAY,SIDE SWIPE - SAME DIRECTION,N,N,49.277541,-122.802954,Y,JUNE,N,COQUITLAM,COQUITLAM,COQUITLAM,N,Y,N,LOWER MAINLAND,BARNET HWY # 002881 TO 002885 odd,BARNET HWY,BARNET HWY,15:00-17:59,1,0
N,PROPERTY DAMAGE ONLY,\N,N,2024,TUESDAY,SIDE SWIPE - SAME DIRECTION,N,N,49.283009,-123.133125,Y,JUNE,N,VANCOUVER,VANCOUVER,VANCOUVER,N,N,N,LOWER MAINLAND,PENDRELL ST # 001200 TO 001299,PENDRELL ST,PENDRELL ST,15:00-17:59,1,0
N,PROPERTY DAMAGE ONLY,\N,N,2024,TUESDAY,SIDE SWIPE - SAME DIRECTION,N,N,49.349413,-123.196126,Y,JUNE,N,WEST VANCOUVER,WEST VANCOUVER,WEST VANCOUVER,Y,Y,N,LOWER MAINLAND,CYPRESS BOWL LANE # 002300 TO 002331,CYPRESS BOWL LANE,CYPRESS BOWL LANE,15:00-17:59,1,0
N,PROPERTY DAMAGE ONLY,\N,N,2024,TUESDAY,SIDE SWIPE - SAME DIRECTION,N,N,49.836293,-119.612054,Y,JUNE,N,WEST KELOWNA,WEST KELOWNA,WEST KELOWNA,N,Y,N,SOUTHERN INTERIOR,CARRINGTON RD # 003540 TO 003557,CARRINGTON RD,CARRINGTON RD,15:00-17:59,1,0
N,PROPERTY DAMAGE ONLY,\N,N,2024,TUESDAY,SIDE SWIPE - SAME DIRECTION,N,N,49.837368,-119.660365,Y,JUNE,N,WEST KELOWNA,WEST KELOWNA,WEST KELOWNA,Y,N,N,SOUTHERN INTERIOR,MCIVER RD # 003414 TO 003539,MCIVER RD,MCIVER RD,15:00-17:59,1,0
N,PROPERTY DAMAGE ONLY,\N,N,2024,TUESDAY,SIDE SWIPE - SAME DIRECTION,N,N,50.25516,-119.289673,Y,JUNE,N,VERNON,VERNON,VERNON,Y,N,N,SOUTHERN INTERIOR,21A AVE # 003900 TO 003999,21A AVE,21A AVE,15:00-17:59,1,0
N,PROPERTY DAMAGE ONLY,\N,N,2024,TUESDAY,SIDE SWIPE - SAME DIRECTION,Y,N,49.220138,-123.035676,Y,JUNE,N,VANCOUVER,VANCOUVER,VANCOUVER,Y,N,N,LOWER MAINLAND,E 54TH AVE # 003325 TO 003350,E 54TH AVE,E 54TH AVE,15:00-17:59,1,0
N,PROPERTY DAMAGE ONLY,\N,N,2024,TUESDAY,SINGLE VEHICLE,N,N,\N,\N,N,JUNE,N,ARMSTRONG,ARMSTRONG,\N,N,Y,N,SOUTHERN INTERIOR,UNKNOWN,WESTSIDE RD,WESTSIDE RD,15:00-17:59,1,0
N,PROPERTY DAMAGE ONLY,\N,N,2024,TUESDAY,SINGLE VEHICLE,N,N,\N,\N,N,JUNE,N,BURNABY,BURNABY,\N,N,Y,N,LOWER MAINLAND,UNKNOWN,JENSEN PLACE,JENSEN PLACE,15:00-17:59,1,0
N,PROPERTY DAMAGE ONLY,\N,N,2024,TUESDAY,SINGLE VEHICLE,N,N,\N,\N,N,JUNE,N,BURNABY,BURNABY,\N,N,Y,N,LOWER MAINLAND,UNKNOWN,NORTH RD,NORTH RD,15:00-17:59,1,0
N,PROPERTY DAMAGE ONLY,\N,N,2024,TUESDAY,SINGLE VEHICLE,N,N,\N,\N,N,JUNE,N,CHEMAINUS,CHEMAINUS,\N,N,N,N,VANCOUVER ISLAND,UNKNOWN,TRANS-CANADA HWY,TRANS-CANADA HWY,15:00-17:59,1,0
N,PROPERTY DAMAGE ONLY,\N,N,2024,TUESDAY,SINGLE VEHICLE,N,N,\N,\N,N,JUNE,N,COOMBS,COOMBS,\N,N,N,N,VANCOUVER ISLAND,UNKNOWN,ALBERNI HWY,ALBERNI HWY,15:00-17:59,1,0
N,PROPERTY DAMAGE ONLY,\N,N,2024,TUESDAY,SINGLE VEHICLE,N,N,\N,\N,N,JUNE,N,DELTA,DELTA,\N,N,N,N,LOWER MAINLAND,UNKNOWN,HWY 99,HWY 99,15:00-17:59,1,0
N,PROPERTY DAMAGE ONLY,\N,N,2024,TUESDAY,SINGLE VEHICLE,N,N,\N,\N,N,JUNE,N,FORT ST. JOHN,FORT ST. JOHN,\N,N,N,N,NORTH CENTRAL,UNKNOWN,HWY 97,HWY 97,15:00-17:59,1,0
N,PROPERTY DAMAGE ONLY,\N,N,2024,TUESDAY,SINGLE VEHICLE,N,N,\N,\N,N,JUNE,N,KELOWNA,KELOWNA,\N,N,N,N,SOUTHERN INTERIOR,UNKNOWN,HWY 33,HWY 33,15:00-17:59,1,0
N,PROPERTY DAMAGE ONLY,\N,N,2024,TUESDAY,SINGLE VEHICLE,N,N,\N,\N,N,JUNE,N,KELOWNA,KELOWNA,\N,N,N,N,SOUTHERN INTERIOR,UNKNOWN,KLO RD,KLO RD,15:00-17:59,1,0
N,PROPERTY DAMAGE ONLY,\N,N,2024,TUESDAY,SINGLE VEHICLE,N,N,\N,\N,N,JUNE,N,KELOWNA,KELOWNA,\N,N,Y,N,SOUTHERN INTERIOR,UNKNOWN,SWICK RD,SWICK RD,15:00-17:59,1,0
N,PROPERTY DAMAGE ONLY,\N,N,2024,TUESDAY,SINGLE VEHICLE,N,N,\N,\N,N,JUNE,N,LISTER,LISTER,\N,N,N,N,SOUTHERN INTERIOR,UNKNOWN,CANYON-LISTER RD,CANYON-LISTER RD,15:00-17:59,1,0
N,PROPERTY DAMAGE ONLY,\N,N,2024,TUESDAY,SINGLE VEHICLE,N,N,\N,\N,N,JUNE,N,SIDNEY,SIDNEY,\N,N,N,N,VANCOUVER ISLAND,UNKNOWN,PATRICIA BAY HWY,PATRICIA BAY HWY,15:00-17:59,1,0
N,PROPERTY DAMAGE ONLY,\N,N,2024,TUESDAY,SINGLE VEHICLE,N,N,48.424011,-123.369638,Y,JUNE,N,VICTORIA,VICTORIA,VICTORIA,Y,Y,N,VANCOUVER ISLAND,WHARF ST # 000900 TO 000999,WHARF ST,WHARF ST,15:00-17:59,1,0
N,PROPERTY DAMAGE ONLY,\N,N,2024,TUESDAY,SINGLE VEHICLE,N,N,48.426914,-123.358989,Y,JUNE,N,VICTORIA,VICTORIA,VICTORIA,N,Y,N,VANCOUVER ISLAND,QUADRA ST # 001400 TO 001499,QUADRA ST,QUADRA ST,15:00-17:59,1,0
N,PROPERTY DAMAGE ONLY,\N,N,2024,TUESDAY,SINGLE VEHICLE,N,N,48.440949,-123.331122,Y,JUNE,N,SAANICH,SAANICH,SAANICH,N,N,N,VANCOUVER ISLAND,TOWNLEY ST # 001750 TO 001793,TOWNLEY ST,TOWNLEY ST,15:00-17:59,1,0
N,PROPERTY DAMAGE ONLY,\N,N,2024,TUESDAY,SINGLE VEHICLE,N,N,48.445686,-123.496793,Y,JUNE,N,LANGFORD,LANGFORD,LANGFORD,N,N,N,VANCOUVER ISLAND,STATION AVE # 000701 TO 000721 odd,STATION AVE,STATION AVE,15:00-17:59,1,0
N,PROPERTY DAMAGE ONLY,\N,N,2024,TUESDAY,SINGLE VEHICLE,N,N,48.454506,-123.497575,Y,JUNE,N,LANGFORD,LANGFORD,LANGFORD,N,N,N,VANCOUVER ISLAND,PEATT RD # 002630 TO 002669,PEATT RD,PEATT RD,15:00-17:59,1,0
N,PROPERTY DAMAGE ONLY,\N,N,2024,TUESDAY,SINGLE VEHICLE,N,N,48.661303,-123.40331,Y,JUNE,N,SIDNEY,SIDNEY,SIDNEY,N,N,N,VANCOUVER ISLAND,RESTHAVEN DR # 010236 TO 010329,RESTHAVEN DR,RESTHAVEN DR,15:00-17:59,1,0
N,PROPERTY DAMAGE ONLY,\N,N,2024,TUESDAY,SINGLE VEHICLE,N,N,48.764905,-123.269274,Y,JUNE,N,PENDER ISLAND,PENDER ISLAND,PENDER ISLAND,N,N,N,VANCOUVER ISLAND,CANAL RD # 005711 TO 005714,CANAL RD,CANAL RD,15:00-17:59,1,0
N,PROPERTY DAMAGE ONLY,\N,N,2024,TUESDAY,SINGLE VEHICLE,N,N,49.022903,-122.779211,Y,JUNE,N,SURREY,SURREY,SURREY & WHITE ROCK,N,N,N,LOWER MAINLAND,STAYTE RD # 001100 TO 001199,STAYTE RD,STAYTE RD,15:00-17:59,1,0
N,PROPERTY DAMAGE ONLY,\N,N,2024,TUESDAY,SINGLE VEHICLE,N,N,49.022907,-122.808631,Y,JUNE,N,WHITE ROCK,WHITE ROCK,WHITE ROCK,N,Y,N,LOWER MAINLAND,VIDAL ST # 001130 TO 001169,VIDAL ST,VIDAL ST,15:00-17:59,1,0
N,PROPERTY DAMAGE ONLY,\N,N,2024,TUESDAY,SINGLE VEHICLE,N,N,49.031085,-122.785607,Y,JUNE,N,SURREY,SURREY,SURREY & WHITE ROCK,N,Y,N,LOWER MAINLAND,NORTH BLUFF RD # 015734 TO 015793,16 AVE,16 AVE,15:00-17:59,1,0
N,PROPERTY DAMAGE ONLY,\N,N,2024,TUESDAY,SINGLE VEHICLE,N,N,49.031413,-119.463262,Y,JUNE,N,OSOYOOS,OSOYOOS,OSOYOOS,N,Y,N,SOUTHERN INTERIOR,MAIN ST # 008130 TO 008139,MAIN ST,MAIN ST,15:00-17:59,1,0
N,PROPERTY DAMAGE ONLY,\N,N,2024,TUESDAY,SINGLE VEHICLE,N,N,49.04416,-122.779264,Y,JUNE,N,SURREY,SURREY,SURREY,Y,Y,N,LOWER MAINLAND,160 ST # 002271 TO 002359 odd,160 ST,160 ST,15:00-17:59,1,0
N,PROPERTY DAMAGE ONLY,\N,N,2024,TUESDAY,SINGLE VEHICLE,N,N,49.08187,-122.281914,Y,JUNE,N,ABBOTSFORD,ABBOTSFORD,ABBOTSFORD,N,Y,N,LOWER MAINLAND,CLAYBURN RD # 033900 TO 034097,CLAYBURN RD,CLAYBURN RD,15:00-17:59,1,0
N,PROPERTY DAMAGE ONLY,\N,N,2024,TUESDAY,SINGLE VEHICLE,N,N,49.113561,-122.77091,Y,JUNE,N,SURREY,SURREY,SURREY,N,N,N,LOWER MAINLAND,163 ST # 006040 TO 006149,163 ST,163 ST,15:00-17:59,1,0
N,PROPERTY DAMAGE ONLY,\N,N,2024,TUESDAY,SINGLE VEHICLE,N,N,49.123713,-123.180026,Y,JUNE,N,RICHMOND,RICHMOND,RICHMOND,N,Y,N,LOWER MAINLAND,BAYVIEW ST # 004000 TO 004299,BAYVIEW ST,BAYVIEW ST,15:00-17:59,1,0
N,PROPERTY DAMAGE ONLY,\N,N,2024,TUESDAY,SINGLE VEHICLE,N,N,49.128575,-121.96357,Y,JUNE,N,CHILLIWACK,CHILLIWACK,CHILLIWACK,N,N,N,LOWER MAINLAND,GLENEDEN ST # 006850 TO 006999,GLENEDEN ST,GLENEDEN ST,15:00-17:59,1,0
N,PROPERTY DAMAGE ONLY,\N,N,2024,TUESDAY,SINGLE VEHICLE,N,N,49.137241,-122.836907,Y,JUNE,N,SURREY,SURREY,SURREY,N,N,N,LOWER MAINLAND,74 AVE # 013860 TO 013935,74 AVE,74 AVE,15:00-17:59,1,0
N,PROPERTY DAMAGE ONLY,\N,N,2024,TUESDAY,SINGLE VEHICLE,N,N,49.145494,-122.647895,Y,JUNE,N,LANGLEY,LANGLEY,LANGLEY,Y,N,N,LOWER MAINLAND,WILLOUGHBY TOWN CENTRE DR # 020634 TO 020799,WILLOUGHBY TOWN CENTRE DR,WILLOUGHBY TOWN CENTRE DR,15:00-17:59,1,0
N,PROPERTY DAMAGE ONLY,\N,N,2024,TUESDAY,SINGLE VEHICLE,N,N,49.155461,-123.097215,Y,JUNE,N,RICHMOND,RICHMOND,RICHMOND,N,N,N,LOWER MAINLAND,BLUNDELL RD # 010960 TO 011999,BLUNDELL RD,BLUNDELL RD,15:00-17:59,1,0
N,PROPERTY DAMAGE ONLY,\N,N,2024,TUESDAY,SINGLE VEHICLE,N,N,49.156104,-122.926569,Y,JUNE,N,DELTA,DELTA,DELTA,N,Y,N,LOWER MAINLAND,DELSOM WAY # 008355 TO 008383,DELSOM WAY,DELSOM WAY,15:00-17:59,1,0
N,PROPERTY DAMAGE ONLY,\N,N,2024,TUESDAY,SINGLE VEHICLE,N,N,49.165134,-122.792085,Y,JUNE,N,SURREY,SURREY,SURREY,N,N,N,LOWER MAINLAND,89A AVE # 015500 TO 015549,89A AVE,89A AVE,15:00-17:59,1,0
N,PROPERTY DAMAGE ONLY,\N,N,2024,TUESDAY,SINGLE VEHICLE,N,N,49.165915,-122.450892,Y,JUNE,N,ABBOTSFORD,ABBOTSFORD,ABBOTSFORD,N,Y,N,LOWER MAINLAND,RIVER RD # 028000 TO 028013,RIVER RD,RIVER RD,15:00-17:59,1,0
N,PROPERTY DAMAGE ONLY,\N,N,2024,TUESDAY,SINGLE VEHICLE,N,N,49.17295,-123.140202,Y,JUNE,N,RICHMOND,RICHMOND,RICHMOND,N,Y,N,LOWER MAINLAND,MINORU BLVD # 005700 TO 005899,MINORU BLVD,MINORU BLVD,15:00-17:59,1,0
N,PROPERTY DAMAGE ONLY,\N,N,2024,TUESDAY,SINGLE VEHICLE,N,N,49.183536,-123.133217,Y,JUNE,N,RICHMOND,RICHMOND,RICHMOND,N,Y,N,LOWER MAINLAND,HAZELBRIDGE WAY # 004147 TO 004183 odd,HAZELBRIDGE WAY,HAZELBRIDGE WAY,15:00-17:59,1,0
N,PROPERTY DAMAGE ONLY,\N,N,2024,TUESDAY,SINGLE VEHICLE,N,N,49.190637,-122.94719,Y,JUNE,N,NEW WESTMINSTER,NEW WESTMINSTER,NEW WESTMINSTER,N,Y,N,LOWER MAINLAND,BOYD ST # 000780 TO 000928,BOYD ST,BOYD ST,15:00-17:59,1,0
N,PROPERTY DAMAGE ONLY,\N,N,2024,TUESDAY,SINGLE VEHICLE,N,N,49.190701,-123.145419,Y,JUNE,N,RICHMOND,RICHMOND,RICHMOND,N,N,N,LOWER MAINLAND,HUDSON AVE # 002000 TO 002098,HUDSON AVE,HUDSON AVE,15:00-17:59,1,0
N,PROPERTY DAMAGE ONLY,\N,N,2024,TUESDAY,SINGLE VEHICLE,N,N,49.191309,-122.545011,Y,JUNE,N,MAPLE RIDGE,MAPLE RIDGE,MAPLE RIDGE,N,Y,N,LOWER MAINLAND,104 AVE # 024361 TO 024549,104 AVE,104 AVE,15:00-17:59,1,0
N,PROPERTY DAMAGE ONLY,\N,N,2024,TUESDAY,SINGLE VEHICLE,N,N,49.192,-123.114278,Y,JUNE,N,RICHMOND,RICHMOND,RICHMOND,N,Y,N,LOWER MAINLAND,BRIDGEPORT RD # 009700 TO 009799,BRIDGEPORT RD,BRIDGEPORT RD,15:00-17:59,1,0
N,PROPERTY DAMAGE ONLY,\N,N,2024,TUESDAY,SINGLE VEHICLE,N,N,49.192701,-119.54219,Y,JUNE,N,OLIVER,OLIVER,OLIVER,N,Y,N,SOUTHERN INTERIOR,LAKESIDE DR # 006700 TO 006722,LAKESIDE DR,LAKESIDE DR,15:00-17:59,1,0
N,PROPERTY DAMAGE ONLY,\N,N,2024,TUESDAY,SINGLE VEHICLE,N,N,49.196916,-123.982662,Y,JUNE,N,NANAIMO,NANAIMO,NANAIMO,N,Y,N,VANCOUVER ISLAND,MCCULLOUGH RD # 002530 TO 002599,MCCULLOUGH RD,MCCULLOUGH RD,15:00-17:59,1,0
N,PROPERTY DAMAGE ONLY,\N,N,2024,TUESDAY,SINGLE VEHICLE,N,N,49.217348,-123.116979,Y,JUNE,N,VANCOUVER,VANCOUVER,VANCOUVER,N,Y,N,LOWER MAINLAND,CAMBIE ST # 007425 TO 007499 odd,CAMBIE ST,CAMBIE ST,15:00-17:59,1,0
N,PROPERTY DAMAGE ONLY,\N,N,2024,TUESDAY,SINGLE VEHICLE,N,N,49.218419,-122.95662,Y,JUNE,N,BURNABY,BURNABY,BURNABY,N,Y,N,LOWER MAINLAND,KINGSWAY # 007100 TO 007179,KINGSWAY,KINGSWAY,15:00-17:59,1,0
N,PROPERTY DAMAGE ONLY,\N,N,2024,TUESDAY,SINGLE VEHICLE,N,N,49.226346,-122.630728,Y,JUNE,N,MAPLE RIDGE,MAPLE RIDGE,MAPLE RIDGE,N,N,N,LOWER MAINLAND,123 AVE # 021270 TO 021339,123 AVE,123 AVE,15:00-17:59,1,0
N,PROPERTY DAMAGE ONLY,\N,N,2024,TUESDAY,SINGLE VEHICLE,N,N,49.227644,-122.997061,Y,JUNE,N,BURNABY,BURNABY,BURNABY,N,Y,N,LOWER MAINLAND,KINGSWAY # 004750 TO 004799,KINGSWAY,KINGSWAY,15:00-17:59,1,0
N,PROPERTY DAMAGE ONLY,\N,N,2024,TUESDAY,SINGLE VEHICLE,N,N,49.244587,-124.797828,Y,JUNE,N,PORT ALBERNI,PORT ALBERNI,PORT ALBERNI,Y,Y,N,VANCOUVER ISLAND,10TH AVE # 003730 TO 003799,10TH AVE,10TH AVE,15:00-17:59,1,0
N,PROPERTY DAMAGE ONLY,\N,N,2024,TUESDAY,SINGLE VEHICLE,N,N,49.247547,-123.098714,Y,JUNE,N,VANCOUVER,VANCOUVER,VANCOUVER,N,Y,N,LOWER MAINLAND,E 26TH AVE # 000300 TO 000399,E 26TH AVE,E 26TH AVE,15:00-17:59,1,0
N,PROPERTY DAMAGE ONLY,\N,N,2024,TUESDAY,SINGLE VEHICLE,N,N,49.248095,-123.008282,Y,JUNE,N,BURNABY,BURNABY,BURNABY,N,Y,N,LOWER MAINLAND,SANDERSON WAY # 004300 TO 004421,SANDERSON WAY,SANDERSON WAY,15:00-17:59,1,0
N,PROPERTY DAMAGE ONLY,\N,N,2024,TUESDAY,SINGLE VEHICLE,N,N,49.250978,-122.99549,Y,JUNE,N,BURNABY,BURNABY,BURNABY,N,N,N,LOWER MAINLAND,GARDEN GROVE DR # 003700 TO 003799,GARDEN GROVE DR,GARDEN GROVE DR,15:00-17:59,1,0
N,PROPERTY DAMAGE ONLY,\N,N,2024,TUESDAY,SINGLE VEHICLE,N,N,49.259123,-122.905748,Y,JUNE,N,BURNABY,BURNABY,BURNABY,N,Y,N,LOWER MAINLAND,SATURNA DR # 009140 TO 009199,SATURNA DR,SATURNA DR,15:00-17:59,1,0
N,PROPERTY DAMAGE ONLY,\N,N,2024,TUESDAY,SINGLE VEHICLE,N,N,49.260337,-123.096198,Y,JUNE,N,VANCOUVER,VANCOUVER,VANCOUVER,N,Y,N,LOWER MAINLAND,PRINCE EDWARD ST # 002700 TO 002799,PRINCE EDWARD ST,PRINCE EDWARD ST,15:00-17:59,1,0
N,PROPERTY DAMAGE ONLY,\N,N,2024,TUESDAY,SINGLE VEHICLE,N,N,49.261809,-123.002392,Y,JUNE,N,BURNABY,BURNABY,BURNABY,N,Y,N,LOWER MAINLAND,STILL CREEK DR # 004500 TO 004599,STILL CREEK DR,STILL CREEK DR,15:00-17:59,1,0
N,PROPERTY DAMAGE ONLY,\N,N,2024,TUESDAY,SINGLE VEHICLE,N,N,49.264065,-123.167323,Y,JUNE,N,VANCOUVER,VANCOUVER,VANCOUVER,N,Y,N,LOWER MAINLAND,W BROADWAY # 002700 TO 002799,W BROADWAY,W BROADWAY,15:00-17:59,1,0
N,PROPERTY DAMAGE ONLY,\N,N,2024,TUESDAY,SINGLE VEHICLE,N,N,49.26412,-123.126593,Y,JUNE,N,VANCOUVER,VANCOUVER,VANCOUVER,N,Y,N,LOWER MAINLAND,OAK ST # 002400 TO 002445,OAK ST,OAK ST,15:00-17:59,1,0
N,PROPERTY DAMAGE ONLY,\N,N,2024,TUESDAY,SINGLE VEHICLE,N,N,49.275117,-123.133145,Y,JUNE,N,VANCOUVER,VANCOUVER,VANCOUVER,N,Y,N,LOWER MAINLAND,HORNBY ST # 001500 TO 001699,HORNBY ST,HORNBY ST,15:00-17:59,1,0
N,PROPERTY DAMAGE ONLY,\N,N,2024,TUESDAY,SINGLE VEHICLE,N,N,49.278274,-123.109536,Y,JUNE,N,VANCOUVER,VANCOUVER,VANCOUVER,N,Y,N,LOWER MAINLAND,EXPO BLVD # 000604 TO 000696,EXPO BLVD,EXPO BLVD,15:00-17:59,1,0
N,PROPERTY DAMAGE ONLY,\N,N,2024,TUESDAY,SINGLE VEHICLE,N,N,49.279862,-122.828356,Y,JUNE,N,PORT MOODY,PORT MOODY,PORT MOODY,N,Y,N,LOWER MAINLAND,BREW ST # 000100 TO 000199,BREW ST,BREW ST,15:00-17:59,1,0
N,PROPERTY DAMAGE ONLY,\N,N,2024,TUESDAY,SINGLE VEHICLE,N,N,49.281029,-123.007279,Y,JUNE,N,BURNABY,BURNABY,BURNABY,N,N,N,LOWER MAINLAND,HASTINGS ST # 004300 TO 004399,HASTINGS ST,HASTINGS ST,15:00-17:59,1,0
N,PROPERTY DAMAGE ONLY,\N,N,2024,TUESDAY,SINGLE VEHICLE,N,N,49.289969,-122.875962,Y,JUNE,N,PORT MOODY,PORT MOODY,PORT MOODY,N,N,N,LOWER MAINLAND,SHORELINE CIRCLE # 000040 TO 000078 even,SHORELINE CIRCLE,SHORELINE CIRCLE,15:00-17:59,1,0
N,PROPERTY DAMAGE ONLY,\N,N,2024,TUESDAY,SINGLE VEHICLE,N,N,49.294459,-117.652889,Y,JUNE,N,CASTLEGAR,CASTLEGAR,CASTLEGAR,N,Y,N,SOUTHERN INTERIOR,COLUMBIA AVE # 002000 TO 002032 even,COLUMBIA AVE,COLUMBIA AVE,15:00-17:59,1,0
N,PROPERTY DAMAGE ONLY,\N,N,2024,TUESDAY,SINGLE VEHICLE,N,N,49.298674,-122.804398,Y,JUNE,N,COQUITLAM,COQUITLAM,COQUITLAM,N,Y,N,LOWER MAINLAND,PANORAMA DR # 002950 TO 002978,PANORAMA DR,PANORAMA DR,15:00-17:59,1,0
N,PROPERTY DAMAGE ONLY,\N,N,2024,TUESDAY,SINGLE VEHICLE,N,N,49.302339,-124.255056,Y,JUNE,N,PARKSVILLE,PARKSVILLE,PARKSVILLE,N,Y,N,VANCOUVER ISLAND,CAPE COD DR # 001300 TO 001336,CAPE COD DR,CAPE COD DR,15:00-17:59,1,0
N,PROPERTY DAMAGE ONLY,\N,N,2024,TUESDAY,SINGLE VEHICLE,N,N,49.317811,-124.296857,Y,JUNE,N,PARKSVILLE,PARKSVILLE,PARKSVILLE,Y,Y,N,VANCOUVER ISLAND,ISLAND HWY E # 000400 TO 000598 even,ISLAND HWY E,ISLAND HWY E,15:00-17:59,1,0
N,PROPERTY DAMAGE ONLY,\N,N,2024,TUESDAY,SINGLE VEHICLE,N,N,49.319883,-123.06423,Y,JUNE,N,NORTH VANCOUVER,NORTH VANCOUVER,NORTH VANCOUVER,N,N,N,LOWER MAINLAND,E 13TH ST # 000317 TO 000399,E 13TH ST,E 13TH ST,15:00-17:59,1,0
N,PROPERTY DAMAGE ONLY,\N,N,2024,TUESDAY,SINGLE VEHICLE,N,N,49.344348,-124.377514,Y,JUNE,N,PARKSVILLE,PARKSVILLE,PARKSVILLE,N,N,N,VANCOUVER ISLAND,DREW RD # 000732 TO 000779,DREW RD,DREW RD,15:00-17:59,1,0
N,PROPERTY DAMAGE ONLY,\N,N,2024,TUESDAY,SINGLE VEHICLE,N,N,49.491218,-119.58851,Y,JUNE,N,PENTICTON,PENTICTON,PENTICTON,N,N,N,SOUTHERN INTERIOR,MAIN ST # 000780 TO 000799,MAIN ST,MAIN ST,15:00-17:59,1,0
N,PROPERTY DAMAGE ONLY,\N,N,2024,TUESDAY,SINGLE VEHICLE,N,N,49.57035,-119.663962,Y,JUNE,N,SUMMERLAND,SUMMERLAND,SUMMERLAND,Y,N,N,SOUTHERN INTERIOR,HILLBORN ST # 006900 TO 007508,HILLBORN ST,HILLBORN ST,15:00-17:59,1,0
N,PROPERTY DAMAGE ONLY,\N,N,2024,TUESDAY,SINGLE VEHICLE,N,N,49.690267,-124.999909,Y,JUNE,N,COURTENAY,COURTENAY,COURTENAY,N,N,N,VANCOUVER ISLAND,ENGLAND AVE # 000500 TO 000551,ENGLAND AVE,ENGLAND AVE,15:00-17:59,1,0
N,PROPERTY DAMAGE ONLY,\N,N,2024,TUESDAY,SINGLE VEHICLE,N,N,49.823404,-119.4905,Y,JUNE,N,KELOWNA,KELOWNA,KELOWNA,N,Y,N,SOUTHERN INTERIOR,SARSONS RD # 000570 TO 000600 even,SARSONS RD,SARSONS RD,15:00-17:59,1,0
N,PROPERTY DAMAGE ONLY,\N,N,2024,TUESDAY,SINGLE VEHICLE,N,N,49.859789,-125.150095,Y,JUNE,N,BLACK CREEK,BLACK CREEK,BLACK CREEK,N,N,N,VANCOUVER ISLAND,MACAULAY RD # 002540 TO 002593,MACAULAY RD,MACAULAY RD,15:00-17:59,1,0
N,PROPERTY DAMAGE ONLY,\N,N,2024,TUESDAY,SINGLE VEHICLE,N,N,49.860911,-119.4848,Y,JUNE,N,KELOWNA,KELOWNA,KELOWNA,N,Y,N,SOUTHERN INTERIOR,KLO RD # 000801 TO 000867 odd,KLO RD,KLO RD,15:00-17:59,1,0
N,PROPERTY DAMAGE ONLY,\N,N,2024,TUESDAY,SINGLE VEHICLE,N,N,49.873593,-119.379009,Y,JUNE,N,KELOWNA,KELOWNA,KELOWNA,N,N,N,SOUTHERN INTERIOR,TEASDALE RD # 001000 TO 001399,TEASDALE RD,TEASDALE RD,15:00-17:59,1,0
N,PROPERTY DAMAGE ONLY,\N,N,2024,TUESDAY,SINGLE VEHICLE,N,N,49.877023,-119.456373,Y,JUNE,N,KELOWNA,KELOWNA,KELOWNA,N,Y,N,SOUTHERN INTERIOR,SPRINGFIELD RD # 001751 TO 001899,SPRINGFIELD RD,SPRINGFIELD RD,15:00-17:59,1,0
N,PROPERTY DAMAGE ONLY,\N,N,2024,TUESDAY,SINGLE VEHICLE,N,N,49.881676,-119.476945,Y,JUNE,N,KELOWNA,KELOWNA,KELOWNA,N,Y,N,SOUTHERN INTERIOR,GORDON DR # 001801 TO 001849 odd,GORDON DR,GORDON DR,15:00-17:59,1,0
N,PROPERTY DAMAGE ONLY,\N,N,2024,TUESDAY,SINGLE VEHICLE,N,N,49.883522,-119.480455,Y,JUNE,N,KELOWNA,KELOWNA,KELOWNA,N,Y,N,SOUTHERN INTERIOR,HARVEY AVE # 000901 TO 001049 odd,HARVEY AVE,HARVEY AVE,15:00-17:59,1,0
N,PROPERTY DAMAGE ONLY,\N,N,2024,TUESDAY,SINGLE VEHICLE,N,N,50.052572,-125.269099,Y,JUNE,N,CAMPBELL RIVER,CAMPBELL RIVER,CAMPBELL RIVER,N,N,N,VANCOUVER ISLAND,ISLAND HWY # 003200 TO 003687,ISLAND HWY,ISLAND HWY,15:00-17:59,1,0
N,PROPERTY DAMAGE ONLY,\N,N,2024,TUESDAY,SINGLE VEHICLE,N,N,50.277005,-119.266634,Y,JUNE,N,VERNON,VERNON,VERNON,N,N,N,SOUTHERN INTERIOR,27 ST # 004400 TO 004499,27 ST,27 ST,15:00-17:59,1,0
N,PROPERTY DAMAGE ONLY,\N,N,2024,TUESDAY,SINGLE VEHICLE,N,N,50.676095,-120.317955,Y,JUNE,N,KAMLOOPS,KAMLOOPS,KAMLOOPS,N,N,N,SOUTHERN INTERIOR,LORNE ST # 000800 TO 001024,LORNE ST,LORNE ST,15:00-17:59,1,0
N,PROPERTY DAMAGE ONLY,\N,N,2024,TUESDAY,SINGLE VEHICLE,N,N,50.676256,-120.327126,Y,JUNE,N,KAMLOOPS,KAMLOOPS,KAMLOOPS,N,Y,N,SOUTHERN INTERIOR,6TH AVE # 000100 TO 000199,6TH AVE,6TH AVE,15:00-17:59,1,0
N,PROPERTY DAMAGE ONLY,\N,N,2024,TUESDAY,SINGLE VEHICLE,N,N,50.692418,-119.324381,Y,JUNE,N,SALMON ARM,SALMON ARM,SALMON ARM,N,Y,N,SOUTHERN INTERIOR,10 AVE SW # 003000 TO 003750,10 AVE SW,10 AVE SW,15:00-17:59,1,0
N,PROPERTY DAMAGE ONLY,\N,N,2024,TUESDAY,SINGLE VEHICLE,N,N,50.704526,-120.387679,Y,JUNE,N,KAMLOOPS,KAMLOOPS,KAMLOOPS,Y,Y,N,SOUTHERN INTERIOR,GREENFIELD AVE # 001648 TO 001699,GREENFIELD AVE,GREENFIELD AVE,15:00-17:59,1,0
N,PROPERTY DAMAGE ONLY,\N,N,2024,TUESDAY,SINGLE VEHICLE,N,N,52.175697,-122.193007,Y,JUNE,N,WILLIAMS LAKE,WILLIAMS LAKE,WILLIAMS LAKE,N,N,N,NORTH CENTRAL,ROTTACKER RD # 004511 TO 004511 odd,ROTTACKER RD,ROTTACKER RD,15:00-17:59,1,0
N,PROPERTY DAMAGE ONLY,\N,N,2024,TUESDAY,SINGLE VEHICLE,N,N,53.051089,-122.535527,Y,JUNE,N,QUESNEL,QUESNEL,QUESNEL,N,N,N,NORTH CENTRAL,KIWI RD # 004350 TO 004375,KIWI RD,KIWI RD,15:00-17:59,1,0
N,PROPERTY DAMAGE ONLY,\N,N,2024,TUESDAY,SINGLE VEHICLE,N,N,53.0962,-122.407614,Y,JUNE,N,QUESNEL,QUESNEL,QUESNEL,N,N,N,NORTH CENTRAL,HLADY RD # 001140 TO 001313,HLADY RD,HLADY RD,15:00-17:59,1,0
N,PROPERTY DAMAGE ONLY,\N,N,2024,TUESDAY,SINGLE VEHICLE,N,N,53.879324,-122.743255,Y,JUNE,N,PRINCE GEORGE,PRINCE GEORGE,PRINCE GEORGE,N,Y,N,NORTH CENTRAL,EASTERN ST # 001000 TO 001099,EASTERN ST,EASTERN ST,15:00-17:59,1,0
N,PROPERTY DAMAGE ONLY,\N,N,2024,TUESDAY,SINGLE VEHICLE,N,N,53.888898,-122.770005,Y,JUNE,N,PRINCE GEORGE,PRINCE GEORGE,PRINCE GEORGE,N,Y,N,NORTH CENTRAL,FERRY AVE # 002220 TO 002498 even,FERRY AVE,FERRY AVE,15:00-17:59,1,0
N,PROPERTY DAMAGE ONLY,\N,N,2024,TUESDAY,SINGLE VEHICLE,N,N,54.023061,-124.316226,Y,JUNE,N,ENGEN,ENGEN,ENGEN,N,Y,N,NORTH CENTRAL,BEARHEAD RD # 001380 TO 001601,BEARHEAD RD,BEARHEAD RD,15:00-17:59,1,0
N,PROPERTY DAMAGE ONLY,\N,N,2024,TUESDAY,SINGLE VEHICLE,Y,N,49.132627,-122.606863,Y,JUNE,N,LANGLEY,LANGLEY,LANGLEY,N,N,N,LOWER MAINLAND,HWY 10 # 022100 TO 022799,SPRINGBROOK RD,SPRINGBROOK RD,15:00-17:59,1,0
N,PROPERTY DAMAGE ONLY,\N,N,2024,TUESDAY,SINGLE VEHICLE,Y,N,49.190881,-123.172831,Y,JUNE,N,RICHMOND,RICHMOND,RICHMOND,N,Y,N,LOWER MAINLAND,MILLER RD # 004800 TO 004899,MILLER RD,MILLER RD,15:00-17:59,1,0
N,PROPERTY DAMAGE ONLY,\N,N,2024,TUESDAY,SINGLE VEHICLE,Y,N,49.226517,-123.188206,Y,JUNE,N,VANCOUVER,VANCOUVER,VANCOUVER,N,N,N,LOWER MAINLAND,W 50TH AVE # 003600 TO 003909,W 50TH AVE,W 50TH AVE,15:00-17:59,1,0
N,PROPERTY DAMAGE ONLY,\N,N,2024,TUESDAY,SINGLE VEHICLE,Y,N,49.348711,-123.219883,Y,JUNE,N,WEST VANCOUVER,WEST VANCOUVER,WEST VANCOUVER,N,N,N,LOWER MAINLAND,CYPRESS BOWL RD # 003755 TO 003755 odd,CYPRESS BOWL RD,CYPRESS BOWL RD,15:00-17:59,1,0
N,PROPERTY DAMAGE ONLY,\N,N,2024,TUESDAY,SINGLE VEHICLE,Y,N,50.12348,-120.761461,Y,JUNE,N,MERRITT,MERRITT,MERRITT,N,Y,N,SOUTHERN INTERIOR,VOGHT ST # 003608 TO 003689,VOGHT ST,VOGHT ST,15:00-17:59,1,0
N,PROPERTY DAMAGE ONLY,\N,N,2024,TUESDAY,UNDETERMINED,N,N,\N,\N,N,JUNE,N,ABBOTSFORD,ABBOTSFORD,\N,N,N,N,LOWER MAINLAND,UNKNOWN,MACLURE RD STRATA RD,MACLURE RD STRATA RD,15:00-17:59,1,0
N,PROPERTY DAMAGE ONLY,\N,N,2024,TUESDAY,UNDETERMINED,N,N,\N,\N,N,JUNE,N,ABBOTSFORD,ABBOTSFORD,\N,Y,N,N,LOWER MAINLAND,UNKNOWN,ANGUS CAMPBELL RD,ANGUS CAMPBELL RD,15:00-17:59,1,0
N,PROPERTY DAMAGE ONLY,\N,N,2024,TUESDAY,UNDETERMINED,N,N,\N,\N,N,JUNE,N,ABBOTSFORD,ABBOTSFORD,\N,Y,Y,N,LOWER MAINLAND,UNKNOWN,EMERSON ST,EMERSON ST,15:00-17:59,1,0
N,PROPERTY DAMAGE ONLY,\N,N,2024,TUESDAY,UNDETERMINED,N,N,\N,\N,N,JUNE,N,CHILLIWACK,CHILLIWACK,\N,Y,Y,N,LOWER MAINLAND,UNKNOWN,VEDDER RD,VEDDER RD,15:00-17:59,1,0
N,PROPERTY DAMAGE ONLY,\N,N,2024,TUESDAY,UNDETERMINED,N,N,\N,\N,N,JUNE,N,COQUITLAM,COQUITLAM,\N,N,N,N,LOWER MAINLAND,UNKNOWN,HWY 1,HWY 1,15:00-17:59,1,0
N,PROPERTY DAMAGE ONLY,\N,N,2024,TUESDAY,UNDETERMINED,N,N,\N,\N,N,JUNE,N,DELTA,DELTA,\N,Y,Y,N,LOWER MAINLAND,UNKNOWN,CANOE PASS WAY,CANOE PASS WAY,15:00-17:59,1,0
N,PROPERTY DAMAGE ONLY,\N,N,2024,TUESDAY,UNDETERMINED,N,N,\N,\N,N,JUNE,N,LANGLEY,LANGLEY,\N,Y,N,N,LOWER MAINLAND,UNKNOWN,46TH AVE,46TH AVE,15:00-17:59,1,0
N,PROPERTY DAMAGE ONLY,\N,N,2024,TUESDAY,UNDETERMINED,N,N,\N,\N,N,JUNE,N,LANGLEY,LANGLEY,\N,Y,N,N,LOWER MAINLAND,UNKNOWN,HWY 1,HWY 1,15:00-17:59,1,0
N,PROPERTY DAMAGE ONLY,\N,N,2024,TUESDAY,UNDETERMINED,N,N,\N,\N,N,JUNE,N,NORTH VANCOUVER,NORTH VANCOUVER,\N,Y,N,N,LOWER MAINLAND,UNKNOWN,LYNN VALLEY RD,LYNN VALLEY RD,15:00-17:59,1,0
N,PROPERTY DAMAGE ONLY,\N,N,2024,TUESDAY,UNDETERMINED,N,N,\N,\N,N,JUNE,N,PENTICTON,PENTICTON,\N,Y,Y,N,SOUTHERN INTERIOR,UNKNOWN,W DUNCAN AVE,W DUNCAN AVE,15:00-17:59,1,0
N,PROPERTY DAMAGE ONLY,\N,N,2024,TUESDAY,UNDETERMINED,N,N,\N,\N,N,JUNE,N,PRINCE GEORGE,PRINCE GEORGE,\N,N,Y,N,NORTH CENTRAL,UNKNOWN,LAKESHORE DR,LAKESHORE DR,15:00-17:59,1,0
N,PROPERTY DAMAGE ONLY,\N,N,2024,TUESDAY,UNDETERMINED,N,N,\N,\N,N,JUNE,N,SIDNEY,SIDNEY,\N,N,N,N,VANCOUVER ISLAND,UNKNOWN,BOWERBANK RD,BOWERBANK RD,15:00-17:59,1,0
N,PROPERTY DAMAGE ONLY,\N,N,2024,TUESDAY,UNDETERMINED,N,N,\N,\N,N,JUNE,N,SURREY,SURREY,\N,Y,Y,N,LOWER MAINLAND,UNKNOWN,72A,72A,15:00-17:59,1,0
N,PROPERTY DAMAGE ONLY,\N,N,2024,TUESDAY,UNDETERMINED,N,N,\N,\N,N,JUNE,N,SURREY,SURREY,\N,Y,Y,N,LOWER MAINLAND,UNKNOWN,SHOPPERS DRUG MART,SHOPPERS DRUG MART,15:00-17:59,1,0
N,PROPERTY DAMAGE ONLY,\N,N,2024,TUESDAY,UNDETERMINED,N,N,\N,\N,N,JUNE,N,VERNON,VERNON,\N,Y,Y,N,SOUTHERN INTERIOR,UNKNOWN,31A ST,31A ST,15:00-17:59,1,0
N,PROPERTY DAMAGE ONLY,\N,N,2024,TUESDAY,UNDETERMINED,N,N,\N,\N,N,JUNE,N,VERNON,VERNON,\N,Y,Y,N,SOUTHERN INTERIOR,UNKNOWN,WESTSIDE RD,WESTSIDE RD,15:00-17:59,1,0
N,PROPERTY DAMAGE ONLY,\N,N,2024,TUESDAY,UNDETERMINED,N,N,\N,\N,N,JUNE,N,VICTORIA,VICTORIA,\N,N,N,N,VANCOUVER ISLAND,UNKNOWN,JUTLAND RD,JUTLAND RD,15:00-17:59,1,0
N,PROPERTY DAMAGE ONLY,\N,N,2024,TUESDAY,UNDETERMINED,N,N,48.421558,-123.363715,Y,JUNE,N,VICTORIA,VICTORIA,VICTORIA,Y,N,N,VANCOUVER ISLAND,FAIRFIELD RD # 000700 TO 000799,FAIRFIELD RD,FAIRFIELD RD,15:00-17:59,1,0
N,PROPERTY DAMAGE ONLY,\N,N,2024,TUESDAY,UNDETERMINED,N,N,48.424477,-123.363912,Y,JUNE,N,VICTORIA,VICTORIA,VICTORIA,Y,N,N,VANCOUVER ISLAND,FORT ST # 000700 TO 000799,FORT ST,FORT ST,15:00-17:59,1,0
N,PROPERTY DAMAGE ONLY,\N,N,2024,TUESDAY,UNDETERMINED,N,N,48.427387,-123.502261,Y,JUNE,N,COLWOOD,COLWOOD,COLWOOD,N,Y,N,VANCOUVER ISLAND,ALLANDALE RD # 000681 TO 000683 odd,ALLANDALE RD,ALLANDALE RD,15:00-17:59,1,0
N,PROPERTY DAMAGE ONLY,\N,N,2024,TUESDAY,UNDETERMINED,N,N,48.431323,-123.322463,Y,JUNE,N,OAK BAY,OAK BAY,OAK BAY & VICTORIA,Y,Y,N,VANCOUVER ISLAND,FOUL BAY RD # 001900 TO 001999,FOUL BAY RD,FOUL BAY RD,15:00-17:59,1,0
N,PROPERTY DAMAGE ONLY,\N,N,2024,TUESDAY,UNDETERMINED,N,N,48.432369,-123.325651,Y,JUNE,N,VICTORIA,VICTORIA,VICTORIA,Y,Y,N,VANCOUVER ISLAND,LEE AVE # 002300 TO 002385,LEE AVE,LEE AVE,15:00-17:59,1,0
N,PROPERTY DAMAGE ONLY,\N,N,2024,TUESDAY,UNDETERMINED,N,N,48.437825,-123.498536,Y,JUNE,N,COLWOOD,COLWOOD,COLWOOD,Y,N,N,VANCOUVER ISLAND,PICKFORD RD # 002950 TO 002999,PICKFORD RD,PICKFORD RD,15:00-17:59,1,0
N,PROPERTY DAMAGE ONLY,\N,N,2024,TUESDAY,UNDETERMINED,N,N,48.442423,-123.36075,Y,JUNE,N,VICTORIA,VICTORIA,VICTORIA,Y,N,N,VANCOUVER ISLAND,TOPAZ AVE # 000950 TO 000999,TOPAZ AVE,TOPAZ AVE,15:00-17:59,1,0
N,PROPERTY DAMAGE ONLY,\N,N,2024,TUESDAY,UNDETERMINED,N,N,48.44678,-123.503583,Y,JUNE,N,LANGFORD,LANGFORD,LANGFORD,Y,Y,N,VANCOUVER ISLAND,ORONO AVE # 000800 TO 000847,ORONO AVE,ORONO AVE,15:00-17:59,1,0
N,PROPERTY DAMAGE ONLY,\N,N,2024,TUESDAY,UNDETERMINED,N,N,48.452063,-123.438298,Y,JUNE,N,VIEW ROYAL,VIEW ROYAL,VIEW ROYAL,N,Y,N,VANCOUVER ISLAND,PLOWRIGHT RD # 000251 TO 000299,PLOWRIGHT RD,PLOWRIGHT RD,15:00-17:59,1,0
N,PROPERTY DAMAGE ONLY,\N,N,2024,TUESDAY,UNDETERMINED,N,N,48.454686,-123.373315,Y,JUNE,N,SAANICH,SAANICH,SAANICH,Y,Y,N,VANCOUVER ISLAND,SAANICH RD # 003430 TO 003508 even,SAANICH RD,SAANICH RD,15:00-17:59,1,0
N,PROPERTY DAMAGE ONLY,\N,N,2024,TUESDAY,UNDETERMINED,N,N,48.458334,-123.372047,Y,JUNE,N,SAANICH,SAANICH,SAANICH,N,N,N,VANCOUVER ISLAND,DARWIN AVE # 000804 TO 000899,DARWIN AVE,DARWIN AVE,15:00-17:59,1,0
N,PROPERTY DAMAGE ONLY,\N,N,2024,TUESDAY,UNDETERMINED,N,N,48.463588,-123.327686,Y,JUNE,N,SAANICH,SAANICH,SAANICH,Y,Y,N,VANCOUVER ISLAND,MIDGARD AVE # 001700 TO 001739,MIDGARD AVE,MIDGARD AVE,15:00-17:59,1,0
N,PROPERTY DAMAGE ONLY,\N,N,2024,TUESDAY,UNDETERMINED,N,N,48.498598,-123.382612,Y,JUNE,N,SAANICH,SAANICH,SAANICH,Y,Y,N,VANCOUVER ISLAND,ROYAL OAK DR # 000701 TO 000777 odd,ROYAL OAK DR,ROYAL OAK DR,15:00-17:59,1,0
N,PROPERTY DAMAGE ONLY,\N,N,2024,TUESDAY,UNDETERMINED,N,N,48.658741,-123.404924,Y,JUNE,N,SIDNEY,SIDNEY,SIDNEY,Y,N,N,VANCOUVER ISLAND,AMELIA AVE # 002280 TO 002309,AMELIA AVE,AMELIA AVE,15:00-17:59,1,0
N,PROPERTY DAMAGE ONLY,\N,N,2024,TUESDAY,UNDETERMINED,N,N,48.784786,-123.692847,Y,JUNE,N,DUNCAN,DUNCAN,DUNCAN,Y,Y,N,VANCOUVER ISLAND,BEVERLY ST # 002470 TO 002481,BEVERLY ST,BEVERLY ST,15:00-17:59,1,0
N,PROPERTY DAMAGE ONLY,\N,N,2024,TUESDAY,UNDETERMINED,N,N,49.04568,-122.694143,Y,JUNE,N,SURREY,SURREY,SURREY,Y,Y,N,LOWER MAINLAND,24 AVE # 019000 TO 019199,24 AVE,24 AVE,15:00-17:59,1,0
N,PROPERTY DAMAGE ONLY,\N,N,2024,TUESDAY,UNDETERMINED,N,N,49.05827,-122.381412,Y,JUNE,N,ABBOTSFORD,ABBOTSFORD,ABBOTSFORD,N,Y,N,LOWER MAINLAND,MT LEHMAN RD # 003086 TO 003129,MT LEHMAN RD,MT LEHMAN RD,15:00-17:59,1,0
N,PROPERTY DAMAGE ONLY,\N,N,2024,TUESDAY,UNDETERMINED,N,N,49.059221,-122.479288,Y,JUNE,N,LANGLEY,LANGLEY,LANGLEY,N,Y,N,LOWER MAINLAND,OLD YALE RD # 026800 TO 027099,OLD YALE RD,OLD YALE RD,15:00-17:59,1,0
N,PROPERTY DAMAGE ONLY,\N,N,2024,TUESDAY,UNDETERMINED,N,N,49.06161,-118.218136,Y,JUNE,N,CHRISTINA LAKE,CHRISTINA LAKE,CHRISTINA LAKE,Y,Y,N,SOUTHERN INTERIOR,MASSIE RD # 002015 TO 002119,MASSIE RD,MASSIE RD,15:00-17:59,1,0
N,PROPERTY DAMAGE ONLY,\N,N,2024,TUESDAY,UNDETERMINED,N,N,49.10532,-122.65918,Y,JUNE,N,LANGLEY,LANGLEY,LANGLEY,Y,Y,N,LOWER MAINLAND,FRASER HWY # 020300 TO 020345,FRASER HWY,FRASER HWY,15:00-17:59,1,0
N,PROPERTY DAMAGE ONLY,\N,N,2024,TUESDAY,UNDETERMINED,N,N,49.108309,-122.648155,Y,JUNE,N,LANGLEY,LANGLEY,LANGLEY,Y,N,N,LOWER MAINLAND,DUNCAN WAY # 020710 TO 020779,DUNCAN WAY,DUNCAN WAY,15:00-17:59,1,0
N,PROPERTY DAMAGE ONLY,\N,N,2024,TUESDAY,UNDETERMINED,N,N,49.110121,-123.053388,Y,JUNE,N,DELTA,DELTA,DELTA,Y,Y,N,LOWER MAINLAND,HWY 17A # 006001 TO 006065 odd,HWY 17A,HWY 17A,15:00-17:59,1,0
N,PROPERTY DAMAGE ONLY,\N,N,2024,TUESDAY,UNDETERMINED,N,N,49.111067,-123.867707,Y,JUNE,N,NANAIMO,NANAIMO,NANAIMO,N,Y,N,VANCOUVER ISLAND,CEDAR RD # 001690 TO 001749,CEDAR RD,CEDAR RD,15:00-17:59,1,0
N,PROPERTY DAMAGE ONLY,\N,N,2024,TUESDAY,UNDETERMINED,N,N,49.11158,-122.884039,Y,JUNE,N,SURREY,SURREY,SURREY,Y,N,N,LOWER MAINLAND,SOUTHPARK CLOSE # 005960 TO 005999,SOUTHPARK CLOSE,SOUTHPARK CLOSE,15:00-17:59,1,0
N,PROPERTY DAMAGE ONLY,\N,N,2024,TUESDAY,UNDETERMINED,N,N,49.111977,-121.957788,Y,JUNE,N,CHILLIWACK,CHILLIWACK,CHILLIWACK,N,N,N,LOWER MAINLAND,VEDDER RD # 006000 TO 006078,VEDDER RD,VEDDER RD,15:00-17:59,1,0
N,PROPERTY DAMAGE ONLY,\N,N,2024,TUESDAY,UNDETERMINED,N,N,49.117052,-122.873433,Y,JUNE,N,SURREY,SURREY,SURREY,Y,N,N,LOWER MAINLAND,126 ST # 006270 TO 006300,126 ST,126 ST,15:00-17:59,1,0
N,PROPERTY DAMAGE ONLY,\N,N,2024,TUESDAY,UNDETERMINED,N,N,49.123181,-121.959849,Y,JUNE,N,CHILLIWACK,CHILLIWACK,CHILLIWACK,Y,Y,N,LOWER MAINLAND,VEDDER RD # 006630 TO 006640,VEDDER RD,VEDDER RD,15:00-17:59,1,0
N,PROPERTY DAMAGE ONLY,\N,N,2024,TUESDAY,UNDETERMINED,N,N,49.124226,-122.702777,Y,JUNE,N,SURREY,SURREY,SURREY,Y,Y,N,LOWER MAINLAND,FRASER HWY # 018721 TO 018799 odd,FRASER HWY,FRASER HWY,15:00-17:59,1,0
N,PROPERTY DAMAGE ONLY,\N,N,2024,TUESDAY,UNDETERMINED,N,N,49.128833,-122.321258,Y,JUNE,N,MISSION,MISSION,MISSION,Y,Y,N,LOWER MAINLAND,LONDON AVE # 032536 TO 032699,LONDON AVE,LONDON AVE,15:00-17:59,1,0
N,PROPERTY DAMAGE ONLY,\N,N,2024,TUESDAY,UNDETERMINED,N,N,49.135796,-122.845496,Y,JUNE,N,SURREY,SURREY,SURREY,Y,Y,N,LOWER MAINLAND,KING GEORGE BLVD # 007300 TO 007388 even,KING GEORGE BLVD,KING GEORGE BLVD,15:00-17:59,1,0
N,PROPERTY DAMAGE ONLY,\N,N,2024,TUESDAY,UNDETERMINED,N,N,49.138304,-122.647802,Y,JUNE,N,LANGLEY,LANGLEY,LANGLEY,Y,N,N,LOWER MAINLAND,74B AVE # 020650 TO 020799,74B AVE,74B AVE,15:00-17:59,1,0
N,PROPERTY DAMAGE ONLY,\N,N,2024,TUESDAY,UNDETERMINED,N,N,49.1408,-121.961042,Y,JUNE,N,CHILLIWACK,CHILLIWACK,CHILLIWACK,Y,Y,N,LOWER MAINLAND,LUCKAKUCK WAY # 045600 TO 045699,LUCKAKUCK WAY,LUCKAKUCK WAY,15:00-17:59,1,0
N,PROPERTY DAMAGE ONLY,\N,N,2024,TUESDAY,UNDETERMINED,N,N,49.143337,-121.957745,Y,JUNE,N,CHILLIWACK,CHILLIWACK,CHILLIWACK,N,Y,N,LOWER MAINLAND,LUCKAKUCK WAY # 045700 TO 045939,LUCKAKUCK WAY,LUCKAKUCK WAY,15:00-17:59,1,0
N,PROPERTY DAMAGE ONLY,\N,N,2024,TUESDAY,UNDETERMINED,N,N,49.14354,-122.867864,Y,JUNE,N,SURREY,SURREY,SURREY,Y,N,N,LOWER MAINLAND,128 ST # 007672 TO 007798 even,128 ST,128 ST,15:00-17:59,1,0
N,PROPERTY DAMAGE ONLY,\N,N,2024,TUESDAY,UNDETERMINED,N,N,49.143542,-122.867967,Y,JUNE,N,SURREY,SURREY,SURREY,N,N,N,LOWER MAINLAND,128 ST # 007651 TO 007799 odd,128 ST,128 ST,15:00-17:59,1,0
N,PROPERTY DAMAGE ONLY,\N,N,2024,TUESDAY,UNDETERMINED,N,N,49.15288,-125.90797,Y,JUNE,N,TOFINO,TOFINO,TOFINO,Y,N,N,VANCOUVER ISLAND,CAMPBELL ST # 000300 TO 000331,CAMPBELL ST,CAMPBELL ST,15:00-17:59,1,0
N,PROPERTY DAMAGE ONLY,\N,N,2024,TUESDAY,UNDETERMINED,N,N,49.155371,-123.968168,Y,JUNE,N,NANAIMO,NANAIMO,NANAIMO,Y,Y,N,VANCOUVER ISLAND,FIFTH ST # 000852 TO 000905,FIFTH ST,FIFTH ST,15:00-17:59,1,0
N,PROPERTY DAMAGE ONLY,\N,N,2024,TUESDAY,UNDETERMINED,N,N,49.159175,-122.664125,Y,JUNE,N,LANGLEY,LANGLEY,LANGLEY,Y,Y,N,LOWER MAINLAND,86 AVE # 020122 TO 020183,86 AVE,86 AVE,15:00-17:59,1,0
N,PROPERTY DAMAGE ONLY,\N,N,2024,TUESDAY,UNDETERMINED,N,N,49.170714,-123.140141,Y,JUNE,N,RICHMOND,RICHMOND,RICHMOND,Y,Y,N,LOWER MAINLAND,MINORU BLVD # 005950 TO 005998 even,MINORU BLVD,MINORU BLVD,15:00-17:59,1,0
N,PROPERTY DAMAGE ONLY,\N,N,2024,TUESDAY,UNDETERMINED,N,N,49.172614,-122.944609,Y,JUNE,N,DELTA,DELTA,DELTA,Y,N,N,LOWER MAINLAND,CLIVEDEN AVE # 001000 TO 001085,CLIVEDEN AVE,CLIVEDEN AVE,15:00-17:59,1,0
N,PROPERTY DAMAGE ONLY,\N,N,2024,TUESDAY,UNDETERMINED,N,N,49.17289,-121.937517,Y,JUNE,N,CHILLIWACK,CHILLIWACK,CHILLIWACK,Y,Y,N,LOWER MAINLAND,WOODBINE ST # 009400 TO 009420,WOODBINE ST,WOODBINE ST,15:00-17:59,1,0
N,PROPERTY DAMAGE ONLY,\N,N,2024,TUESDAY,UNDETERMINED,N,N,49.176124,-123.148105,Y,JUNE,N,RICHMOND,RICHMOND,RICHMOND,N,Y,N,LOWER MAINLAND,PEARSON WAY # 006600 TO 006899,PEARSON WAY,PEARSON WAY,15:00-17:59,1,0
N,PROPERTY DAMAGE ONLY,\N,N,2024,TUESDAY,UNDETERMINED,N,N,49.179715,-122.834124,Y,JUNE,N,SURREY,SURREY,SURREY,Y,Y,N,LOWER MAINLAND,140 ST # 009700 TO 009806 even,140 ST,140 ST,15:00-17:59,1,0
N,PROPERTY DAMAGE ONLY,\N,N,2024,TUESDAY,UNDETERMINED,N,N,49.182881,-122.80396,Y,JUNE,N,SURREY,SURREY,SURREY,Y,N,N,LOWER MAINLAND,151 ST # 009910 TO 009948,151 ST,151 ST,15:00-17:59,1,0
N,PROPERTY DAMAGE ONLY,\N,N,2024,TUESDAY,UNDETERMINED,N,N,49.187003,-122.845527,Y,JUNE,N,SURREY,SURREY,SURREY,Y,Y,N,LOWER MAINLAND,KING GEORGE BLVD # 010153 TO 010199 odd,KING GEORGE BLVD,KING GEORGE BLVD,15:00-17:59,1,0
N,PROPERTY DAMAGE ONLY,\N,N,2024,TUESDAY,UNDETERMINED,N,N,49.18809,-123.112081,Y,JUNE,N,RICHMOND,RICHMOND,RICHMOND,N,Y,N,LOWER MAINLAND,ST EDWARDS DR # 010134 TO 010211,ST EDWARDS DR,ST EDWARDS DR,15:00-17:59,1,0
N,PROPERTY DAMAGE ONLY,\N,N,2024,TUESDAY,UNDETERMINED,N,N,49.190089,-122.800995,Y,JUNE,N,SURREY,SURREY,SURREY,Y,Y,N,LOWER MAINLAND,152 ST # 010251 TO 010399 odd,152 ST,152 ST,15:00-17:59,1,0
N,PROPERTY DAMAGE ONLY,\N,N,2024,TUESDAY,UNDETERMINED,N,N,49.190405,-122.853187,Y,JUNE,N,SURREY,SURREY,SURREY,Y,N,N,LOWER MAINLAND,CENTRAL AVE # 013300 TO 013359,CENTRAL AVE,CENTRAL AVE,15:00-17:59,1,0
N,PROPERTY DAMAGE ONLY,\N,N,2024,TUESDAY,UNDETERMINED,N,N,49.196553,-123.140635,Y,JUNE,N,RICHMOND,RICHMOND,RICHMOND,Y,Y,N,LOWER MAINLAND,TEMPLETON STATION RD # 007899 TO 007899 odd,TEMPLETON STATION RD,TEMPLETON STATION RD,15:00-17:59,1,0
N,PROPERTY DAMAGE ONLY,\N,N,2024,TUESDAY,UNDETERMINED,N,N,49.198753,-122.814992,Y,JUNE,N,SURREY,SURREY,SURREY,Y,Y,N,LOWER MAINLAND,108 AVE # 014600 TO 014799,108 AVE,108 AVE,15:00-17:59,1,0
N,PROPERTY DAMAGE ONLY,\N,N,2024,TUESDAY,UNDETERMINED,N,N,49.200145,-122.983204,Y,JUNE,N,BURNABY,BURNABY,BURNABY,N,N,N,LOWER MAINLAND,MARKET CROSSING # 007200 TO 007239,MARKET CROSSING,MARKET CROSSING,15:00-17:59,1,0
N,PROPERTY DAMAGE ONLY,\N,N,2024,TUESDAY,UNDETERMINED,N,N,49.200221,-122.917969,Y,JUNE,N,NEW WESTMINSTER,NEW WESTMINSTER,NEW WESTMINSTER,N,Y,N,LOWER MAINLAND,COLUMBIA ST # 001000 TO 001099,COLUMBIA ST,COLUMBIA ST,15:00-17:59,1,0
N,PROPERTY DAMAGE ONLY,\N,N,2024,TUESDAY,UNDETERMINED,N,N,49.206803,-123.016534,Y,JUNE,N,BURNABY,BURNABY,BURNABY,Y,N,N,LOWER MAINLAND,KEITH ST # 003900 TO 003999,KEITH ST,KEITH ST,15:00-17:59,1,0
N,PROPERTY DAMAGE ONLY,\N,N,2024,TUESDAY,UNDETERMINED,N,N,49.207454,-122.939804,Y,JUNE,N,NEW WESTMINSTER,NEW WESTMINSTER,NEW WESTMINSTER,Y,N,N,LOWER MAINLAND,EIGHTH AVE # 001500 TO 001599,EIGHTH AVE,EIGHTH AVE,15:00-17:59,1,0
N,PROPERTY DAMAGE ONLY,\N,N,2024,TUESDAY,UNDETERMINED,N,N,49.213499,-122.920763,Y,JUNE,N,NEW WESTMINSTER,NEW WESTMINSTER,NEW WESTMINSTER,Y,Y,N,LOWER MAINLAND,SIXTH ST # 000600 TO 000619,SIXTH ST,SIXTH ST,15:00-17:59,1,0
N,PROPERTY DAMAGE ONLY,\N,N,2024,TUESDAY,UNDETERMINED,N,N,49.220488,-122.604186,Y,JUNE,N,MAPLE RIDGE,MAPLE RIDGE,MAPLE RIDGE,Y,Y,N,LOWER MAINLAND,DEWDNEY TRUNK RD # 022291 TO 022334,DEWDNEY TRUNK RD,DEWDNEY TRUNK RD,15:00-17:59,1,0
N,PROPERTY DAMAGE ONLY,\N,N,2024,TUESDAY,UNDETERMINED,N,N,49.22075,-122.949998,Y,JUNE,N,BURNABY,BURNABY,BURNABY,Y,Y,N,LOWER MAINLAND,FULTON AVE # 007100 TO 007199,FULTON AVE,FULTON AVE,15:00-17:59,1,0
N,PROPERTY DAMAGE ONLY,\N,N,2024,TUESDAY,UNDETERMINED,N,N,49.22498,-123.090758,Y,JUNE,N,VANCOUVER,VANCOUVER,VANCOUVER,Y,Y,N,LOWER MAINLAND,FRASER ST # 006500 TO 006599,FRASER ST,FRASER ST,15:00-17:59,1,0
N,PROPERTY DAMAGE ONLY,\N,N,2024,TUESDAY,UNDETERMINED,N,N,49.230799,-124.025669,Y,JUNE,N,NANAIMO,NANAIMO,NANAIMO,N,N,N,VANCOUVER ISLAND,KENWILL DR # 005430 TO 005499,KENWILL DR,KENWILL DR,15:00-17:59,1,0
N,PROPERTY DAMAGE ONLY,\N,N,2024,TUESDAY,UNDETERMINED,N,N,49.233704,-122.852525,Y,JUNE,N,COQUITLAM,COQUITLAM,COQUITLAM,N,Y,N,LOWER MAINLAND,SCHOOLHOUSE ST # 000100 TO 000145,SCHOOLHOUSE ST,SCHOOLHOUSE ST,15:00-17:59,1,0
N,PROPERTY DAMAGE ONLY,\N,N,2024,TUESDAY,UNDETERMINED,N,N,49.234601,-123.15664,Y,JUNE,N,VANCOUVER,VANCOUVER,VANCOUVER,Y,Y,N,LOWER MAINLAND,W 41ST AVE # 002100 TO 002199,W 41ST AVE,W 41ST AVE,15:00-17:59,1,0
N,PROPERTY DAMAGE ONLY,\N,N,2024,TUESDAY,UNDETERMINED,N,N,49.234938,-123.048815,Y,JUNE,N,VANCOUVER,VANCOUVER,VANCOUVER,Y,N,N,LOWER MAINLAND,EARLES ST # 005400 TO 005589,EARLES ST,EARLES ST,15:00-17:59,1,0
N,PROPERTY DAMAGE ONLY,\N,N,2024,TUESDAY,UNDETERMINED,N,N,49.24881,-123.190875,Y,JUNE,N,VANCOUVER,VANCOUVER,VANCOUVER,Y,N,N,LOWER MAINLAND,WALLACE ST # 004200 TO 004295,WALLACE ST,WALLACE ST,15:00-17:59,1,0
N,PROPERTY DAMAGE ONLY,\N,N,2024,TUESDAY,UNDETERMINED,N,N,49.250622,-124.796297,Y,JUNE,N,PORT ALBERNI,PORT ALBERNI,PORT ALBERNI,N,Y,N,VANCOUVER ISLAND,WALLACE ST # 004100 TO 004299,WALLACE ST,WALLACE ST,15:00-17:59,1,0
N,PROPERTY DAMAGE ONLY,\N,N,2024,TUESDAY,UNDETERMINED,N,N,49.258126,-123.192065,Y,JUNE,N,VANCOUVER,VANCOUVER,VANCOUVER,Y,N,N,LOWER MAINLAND,W 16TH AVE # 003925 TO 003941 odd,W 16TH AVE,W 16TH AVE,15:00-17:59,1,0
N,PROPERTY DAMAGE ONLY,\N,N,2024,TUESDAY,UNDETERMINED,N,N,49.259352,-123.104097,Y,JUNE,N,VANCOUVER,VANCOUVER,VANCOUVER,Y,N,N,LOWER MAINLAND,E 13TH AVE # 000000 TO 000099,E 13TH AVE,E 13TH AVE,15:00-17:59,1,0
N,PROPERTY DAMAGE ONLY,\N,N,2024,TUESDAY,UNDETERMINED,N,N,49.263166,-122.819791,Y,JUNE,N,COQUITLAM,COQUITLAM,COQUITLAM,Y,Y,N,LOWER MAINLAND,COMO LAKE AVE # 002524 TO 002599,COMO LAKE AVE,COMO LAKE AVE,15:00-17:59,1,0
N,PROPERTY DAMAGE ONLY,\N,N,2024,TUESDAY,UNDETERMINED,N,N,49.264477,-123.19842,Y,JUNE,N,VANCOUVER,VANCOUVER,VANCOUVER,Y,N,N,LOWER MAINLAND,CROWN CRES # 004100 TO 004181,CROWN CRES,CROWN CRES,15:00-17:59,1,0
N,PROPERTY DAMAGE ONLY,\N,N,2024,TUESDAY,UNDETERMINED,N,N,49.268169,-123.156321,Y,JUNE,N,VANCOUVER,VANCOUVER,VANCOUVER,Y,Y,N,LOWER MAINLAND,W 4TH AVE # 002200 TO 002299,W 4TH AVE,W 4TH AVE,15:00-17:59,1,0
N,PROPERTY DAMAGE ONLY,\N,N,2024,TUESDAY,UNDETERMINED,N,N,49.26852,-123.110961,Y,JUNE,N,VANCOUVER,VANCOUVER,VANCOUVER,Y,N,N,LOWER MAINLAND,W 2ND AVE # 000231 TO 000269 odd,W 2ND AVE,W 2ND AVE,15:00-17:59,1,0
N,PROPERTY DAMAGE ONLY,\N,N,2024,TUESDAY,UNDETERMINED,N,N,49.269612,-123.072532,Y,JUNE,N,VANCOUVER,VANCOUVER,VANCOUVER,Y,N,N,LOWER MAINLAND,E 1ST AVE # 001500 TO 001599,E 1ST AVE,E 1ST AVE,15:00-17:59,1,0
N,PROPERTY DAMAGE ONLY,\N,N,2024,TUESDAY,UNDETERMINED,N,N,49.270443,-123.145503,Y,JUNE,N,VANCOUVER,VANCOUVER,VANCOUVER,N,Y,N,LOWER MAINLAND,BURRARD ST # 001700 TO 001751,BURRARD ST,BURRARD ST,15:00-17:59,1,0
N,PROPERTY DAMAGE ONLY,\N,N,2024,TUESDAY,UNDETERMINED,N,N,49.275417,-123.118798,Y,JUNE,N,VANCOUVER,VANCOUVER,VANCOUVER,Y,N,N,LOWER MAINLAND,CAMBIE ST # 001001 TO 001119 odd,CAMBIE ST,CAMBIE ST,15:00-17:59,1,0
N,PROPERTY DAMAGE ONLY,\N,N,2024,TUESDAY,UNDETERMINED,N,N,49.275483,-123.092657,Y,JUNE,N,VANCOUVER,VANCOUVER,VANCOUVER,Y,N,N,LOWER MAINLAND,MALKIN AVE # 000600 TO 000709,MALKIN AVE,MALKIN AVE,15:00-17:59,1,0
N,PROPERTY DAMAGE ONLY,\N,N,2024,TUESDAY,UNDETERMINED,N,N,49.277063,-122.800243,Y,JUNE,N,COQUITLAM,COQUITLAM,COQUITLAM,Y,Y,N,LOWER MAINLAND,BARNET HWY # 002901 TO 002929 odd,BARNET HWY,BARNET HWY,15:00-17:59,1,0
N,PROPERTY DAMAGE ONLY,\N,N,2024,TUESDAY,UNDETERMINED,N,N,49.2803,-122.967926,Y,JUNE,N,BURNABY,BURNABY,BURNABY,Y,Y,N,LOWER MAINLAND,HASTINGS ST # 006500 TO 006628 even,HASTINGS ST,HASTINGS ST,15:00-17:59,1,0
N,PROPERTY DAMAGE ONLY,\N,N,2024,TUESDAY,UNDETERMINED,N,N,49.282544,-122.826691,Y,JUNE,N,PORT MOODY,PORT MOODY,PORT MOODY,Y,Y,N,LOWER MAINLAND,NEWPORT DR # 000200 TO 000267,NEWPORT DR,NEWPORT DR,15:00-17:59,1,0
N,PROPERTY DAMAGE ONLY,\N,N,2024,TUESDAY,UNDETERMINED,N,N,49.283796,-123.142372,Y,JUNE,N,VANCOUVER,VANCOUVER,VANCOUVER,Y,N,N,LOWER MAINLAND,BEACH AVE # 001600 TO 001699,BEACH AVE,BEACH AVE,15:00-17:59,1,0
N,PROPERTY DAMAGE ONLY,\N,N,2024,TUESDAY,UNDETERMINED,N,N,49.290698,-123.146468,Y,JUNE,N,VANCOUVER,VANCOUVER,VANCOUVER,N,Y,N,LOWER MAINLAND,BEACH AVE # 002088 TO 002099,BEACH AVE,BEACH AVE,15:00-17:59,1,0
N,PROPERTY DAMAGE ONLY,\N,N,2024,TUESDAY,UNDETERMINED,N,N,49.315931,-123.096809,Y,JUNE,N,NORTH VANCOUVER,NORTH VANCOUVER,NORTH VANCOUVER,Y,Y,N,LOWER MAINLAND,AUTOMALL DR # 000849 TO 000851 odd,AUTOMALL DR,AUTOMALL DR,15:00-17:59,1,0
N,PROPERTY DAMAGE ONLY,\N,N,2024,TUESDAY,UNDETERMINED,N,N,49.327599,-123.15231,Y,JUNE,N,WEST VANCOUVER,WEST VANCOUVER,WEST VANCOUVER,Y,N,N,LOWER MAINLAND,MARINE DR # 001300 TO 001348 even,MARINE DR,MARINE DR,15:00-17:59,1,0
N,PROPERTY DAMAGE ONLY,\N,N,2024,TUESDAY,UNDETERMINED,N,N,49.334473,-123.135781,Y,JUNE,N,WEST VANCOUVER,WEST VANCOUVER,WEST VANCOUVER,N,Y,N,LOWER MAINLAND,INGLEWOOD AVE # 000700 TO 000769,INGLEWOOD AVE,INGLEWOOD AVE,15:00-17:59,1,0
N,PROPERTY DAMAGE ONLY,\N,N,2024,TUESDAY,UNDETERMINED,N,N,49.460528,-119.6056,Y,JUNE,N,PENTICTON,PENTICTON,PENTICTON,Y,Y,N,SOUTHERN INTERIOR,AIRPORT RD # 003000 TO 003098 even,AIRPORT RD,AIRPORT RD,15:00-17:59,1,0
N,PROPERTY DAMAGE ONLY,\N,N,2024,TUESDAY,UNDETERMINED,N,N,49.493452,-119.598935,Y,JUNE,N,PENTICTON,PENTICTON,PENTICTON,Y,N,N,SOUTHERN INTERIOR,ORCHARD AVE # 000500 TO 000599,ORCHARD AVE,ORCHARD AVE,15:00-17:59,1,0
N,PROPERTY DAMAGE ONLY,\N,N,2024,TUESDAY,UNDETERMINED,N,N,49.511223,-115.767568,Y,JUNE,N,CRANBROOK,CRANBROOK,CRANBROOK,N,N,N,SOUTHERN INTERIOR,10TH AVE S # 000000 TO 000099,10TH AVE S,10TH AVE S,15:00-17:59,1,0
N,PROPERTY DAMAGE ONLY,\N,N,2024,TUESDAY,UNDETERMINED,N,N,49.522738,-123.489637,Y,JUNE,N,PORT MELLON,PORT MELLON,PORT MELLON,Y,Y,N,LOWER MAINLAND,PORT MELLON HWY # 003822 TO 003899,PORT MELLON GIBSONS HWY,PORT MELLON GIBSONS HWY,15:00-17:59,1,0
N,PROPERTY DAMAGE ONLY,\N,N,2024,TUESDAY,UNDETERMINED,N,N,49.65806,-125.003735,Y,JUNE,N,COURTENAY,COURTENAY,COURTENAY,Y,N,N,VANCOUVER ISLAND,MAPLE GLEN DR # 002640 TO 003199,MAPLE GLEN DR,MAPLE GLEN DR,15:00-17:59,1,0
N,PROPERTY DAMAGE ONLY,\N,N,2024,TUESDAY,UNDETERMINED,N,N,49.670355,-124.997493,Y,JUNE,N,COURTENAY,COURTENAY,COURTENAY,Y,Y,N,VANCOUVER ISLAND,ROSEWALL CRES # 002351 TO 002499,ROSEWALL CRES,ROSEWALL CRES,15:00-17:59,1,0
N,PROPERTY DAMAGE ONLY,\N,N,2024,TUESDAY,UNDETERMINED,N,N,49.778449,-115.740394,Y,JUNE,N,WASA,WASA,WASA,Y,Y,N,SOUTHERN INTERIOR,PONDEROSA RD # 006400 TO 006449,PONDEROSA RD,PONDEROSA RD,15:00-17:59,1,0
N,PROPERTY DAMAGE ONLY,\N,N,2024,TUESDAY,UNDETERMINED,N,N,49.794982,-119.706737,Y,JUNE,N,PEACHLAND,PEACHLAND,PEACHLAND,Y,Y,N,SOUTHERN INTERIOR,SUTHERLAND RD # 005211 TO 005299,SUTHERLAND RD,SUTHERLAND RD,15:00-17:59,1,0
N,PROPERTY DAMAGE ONLY,\N,N,2024,TUESDAY,UNDETERMINED,N,N,49.816504,-125.037028,Y,JUNE,N,MERVILLE,MERVILLE,MERVILLE,Y,N,N,VANCOUVER ISLAND,LENWOOD RD # 007850 TO 007929,LENWOOD RD,LENWOOD RD,15:00-17:59,1,0
N,PROPERTY DAMAGE ONLY,\N,N,2024,TUESDAY,UNDETERMINED,N,N,49.880633,-119.461027,Y,JUNE,N,KELOWNA,KELOWNA,KELOWNA,Y,Y,N,SOUTHERN INTERIOR,DICKSON AVE # 001630 TO 001639,DICKSON AVE,DICKSON AVE,15:00-17:59,1,0
N,PROPERTY DAMAGE ONLY,\N,N,2024,TUESDAY,UNDETERMINED,N,N,49.880795,-119.536579,Y,JUNE,N,WEST KELOWNA,WEST KELOWNA,WEST KELOWNA,N,N,N,SOUTHERN INTERIOR,HWY 97 # 000517 TO 000561 odd,HWY 97,HWY 97,15:00-17:59,1,0
N,PROPERTY DAMAGE ONLY,\N,N,2024,TUESDAY,UNDETERMINED,N,N,49.880795,-119.536579,Y,JUNE,N,WEST KELOWNA,WEST KELOWNA,WEST KELOWNA,N,Y,N,SOUTHERN INTERIOR,HWY 97 # 000517 TO 000561 odd,HWY 97,HWY 97,15:00-17:59,1,0
N,PROPERTY DAMAGE ONLY,\N,N,2024,TUESDAY,UNDETERMINED,N,N,49.896227,-124.618872,Y,JUNE,N,POWELL RIVER,POWELL RIVER,POWELL RIVER,Y,N,N,VANCOUVER ISLAND,CUXWOOEN CUXWET # 006581 TO 006673,KLAHANIE DR,KLAHANIE DR,15:00-17:59,1,0
N,PROPERTY DAMAGE ONLY,\N,N,2024,TUESDAY,UNDETERMINED,N,N,50.234341,-119.358937,Y,JUNE,N,VERNON,VERNON,VERNON,Y,N,N,SOUTHERN INTERIOR,OKANAGAN LANDING RD # 007760 TO 007850,OKANAGAN LANDING RD,OKANAGAN LANDING RD,15:00-17:59,2,0
N,PROPERTY DAMAGE ONLY,\N,N,2024,TUESDAY,UNDETERMINED,N,N,50.322794,-122.807597,Y,JUNE,N,PEMBERTON,PEMBERTON,PEMBERTON,Y,Y,N,LOWER MAINLAND,PROSPECT ST # 007434 TO 007449,PROSPECT ST,PROSPECT ST,15:00-17:59,1,0
N,PROPERTY DAMAGE ONLY,\N,N,2024,TUESDAY,UNDETERMINED,N,N,50.382225,-125.962264,Y,JUNE,N,SAYWARD,SAYWARD,SAYWARD,Y,N,N,VANCOUVER ISLAND,AMBLESIDE DR # 000240 TO 000299,AMBLESIDE DR,AMBLESIDE DR,15:00-17:59,1,0
N,PROPERTY DAMAGE ONLY,\N,N,2024,TUESDAY,UNDETERMINED,N,N,50.652497,-120.382302,Y,JUNE,N,KAMLOOPS,KAMLOOPS,KAMLOOPS,Y,Y,N,SOUTHERN INTERIOR,HUGH ALLAN DR # 001520 TO 001529,HUGH ALLAN DR,HUGH ALLAN DR,15:00-17:59,1,0
N,PROPERTY DAMAGE ONLY,\N,N,2024,TUESDAY,UNDETERMINED,N,N,50.665443,-120.372597,Y,JUNE,N,KAMLOOPS,KAMLOOPS,KAMLOOPS,Y,Y,N,SOUTHERN INTERIOR,HILLSIDE DR # 001017 TO 001059 odd,HILLSIDE DR,HILLSIDE DR,15:00-17:59,1,0
N,PROPERTY DAMAGE ONLY,\N,N,2024,TUESDAY,UNDETERMINED,N,N,50.669174,-120.354482,Y,JUNE,N,KAMLOOPS,KAMLOOPS,KAMLOOPS,N,Y,N,SOUTHERN INTERIOR,COLUMBIA ST W # 000900 TO 000998 even,COLUMBIA ST W,COLUMBIA ST W,15:00-17:59,1,0
N,PROPERTY DAMAGE ONLY,\N,N,2024,TUESDAY,UNDETERMINED,N,N,50.678169,-120.329058,Y,JUNE,N,KAMLOOPS,KAMLOOPS,KAMLOOPS,Y,Y,N,SOUTHERN INTERIOR,LORNE ST # 000300 TO 000654,LORNE ST,LORNE ST,15:00-17:59,1,0
N,PROPERTY DAMAGE ONLY,\N,N,2024,TUESDAY,UNDETERMINED,N,N,50.695969,-119.288324,Y,JUNE,N,SALMON ARM,SALMON ARM,SALMON ARM,Y,Y,N,SOUTHERN INTERIOR,3 ST SW # 000500 TO 000551,3 ST SW,3 ST SW,15:00-17:59,1,0
N,PROPERTY DAMAGE ONLY,\N,N,2024,TUESDAY,UNDETERMINED,N,N,50.700766,-120.364757,Y,JUNE,N,KAMLOOPS,KAMLOOPS,KAMLOOPS,Y,Y,N,SOUTHERN INTERIOR,WESTMINSTER AVE # 000800 TO 000899,WESTMINSTER AVE,WESTMINSTER AVE,15:00-17:59,1,0
N,PROPERTY DAMAGE ONLY,\N,N,2024,TUESDAY,UNDETERMINED,N,N,51.293304,-116.969689,Y,JUNE,N,GOLDEN,GOLDEN,GOLDEN,Y,Y,N,SOUTHERN INTERIOR,12TH ST S # 000700 TO 000799,12TH ST S,12TH ST S,15:00-17:59,1,0
N,PROPERTY DAMAGE ONLY,\N,N,2024,TUESDAY,UNDETERMINED,N,N,52.128297,-122.139513,Y,JUNE,N,WILLIAMS LAKE,WILLIAMS LAKE,WILLIAMS LAKE,Y,Y,N,NORTH CENTRAL,OLIVER ST # 000400 TO 000499,OLIVER ST,OLIVER ST,15:00-17:59,1,0
N,PROPERTY DAMAGE ONLY,\N,N,2024,TUESDAY,UNDETERMINED,N,N,52.143719,-122.140338,Y,JUNE,N,WILLIAMS LAKE,WILLIAMS LAKE,WILLIAMS LAKE,N,N,N,NORTH CENTRAL,11TH AVE N # 000770 TO 000789,11TH AVE N,11TH AVE N,15:00-17:59,1,0
N,PROPERTY DAMAGE ONLY,\N,N,2024,TUESDAY,UNDETERMINED,N,N,53.884563,-122.772118,Y,JUNE,N,PRINCE GEORGE,PRINCE GEORGE,PRINCE GEORGE,N,Y,N,NORTH CENTRAL,RANGE RD # 002460 TO 002599,RANGE RD,RANGE RD,15:00-17:59,1,0
N,PROPERTY DAMAGE ONLY,\N,N,2024,TUESDAY,UNDETERMINED,N,N,53.909148,-122.743751,Y,JUNE,N,PRINCE GEORGE,PRINCE GEORGE,PRINCE GEORGE,Y,N,N,NORTH CENTRAL,JUNIPER ST # 001566 TO 001699,JUNIPER ST,JUNIPER ST,15:00-17:59,1,0
N,PROPERTY DAMAGE ONLY,\N,N,2024,TUESDAY,UNDETERMINED,N,N,53.918371,-122.782179,Y,JUNE,N,PRINCE GEORGE,PRINCE GEORGE,PRINCE GEORGE,Y,Y,N,NORTH CENTRAL,CENTRAL ST W # 000646 TO 000799,CENTRAL ST W,CENTRAL ST W,15:00-17:59,1,0
N,PROPERTY DAMAGE ONLY,\N,N,2024,TUESDAY,UNDETERMINED,N,N,54.490408,-128.491053,Y,JUNE,N,TERRACE,TERRACE,TERRACE,N,Y,N,NORTH CENTRAL,OLD LAKELSE LAKE DR # 003014 TO 003049,OLD LAKELSE LAKE DR,OLD LAKELSE LAKE DR,15:00-17:59,1,0
N,PROPERTY DAMAGE ONLY,\N,N,2024,TUESDAY,UNDETERMINED,N,N,54.512054,-128.579151,Y,JUNE,N,TERRACE,TERRACE,TERRACE,Y,Y,N,NORTH CENTRAL,HWY 16 W # 004401 TO 004429 odd,YELLOWHEAD HWY,YELLOWHEAD HWY,15:00-17:59,2,0
N,PROPERTY DAMAGE ONLY,\N,N,2024,TUESDAY,UNDETERMINED,N,N,55.763206,-120.242561,Y,JUNE,N,DAWSON CREEK,DAWSON CREEK,DAWSON CREEK,Y,Y,N,NORTH CENTRAL,ALASKA AVE # 001400 TO 001499,ALASKA AVE,ALASKA AVE,15:00-17:59,1,0
N,PROPERTY DAMAGE ONLY,\N,N,2024,TUESDAY,UNDETERMINED,N,N,56.245233,-120.873571,Y,JUNE,N,FORT ST. JOHN,FORT ST. JOHN,FORT ST. JOHN,Y,Y,N,NORTH CENTRAL,OLD FORT RD # 009700 TO 009749,OLD FORT RD,OLD FORT RD,15:00-17:59,1,0
N,PROPERTY DAMAGE ONLY,\N,N,2024,TUESDAY,UNDETERMINED,Y,N,\N,\N,N,JUNE,N,VICTORIA,VICTORIA,\N,N,N,N,VANCOUVER ISLAND,UNKNOWN,MAYFAIR ST,MAYFAIR ST,15:00-17:59,1,0
N,PROPERTY DAMAGE ONLY,\N,N,2024,TUESDAY,UNDETERMINED,Y,N,49.130335,-122.037279,Y,JUNE,N,CHILLIWACK,CHILLIWACK,CHILLIWACK,Y,Y,N,LOWER MAINLAND,ADAMS RD # 042600 TO 043199,ADAMS RD,ADAMS RD,15:00-17:59,1,0
N,PROPERTY DAMAGE ONLY,\N,N,2024,TUESDAY,UNDETERMINED,Y,N,49.152693,-122.982869,Y,JUNE,N,DELTA,DELTA,DELTA,Y,N,N,LOWER MAINLAND,RIVER RD # 008350 TO 008993,RIVER RD,RIVER RD,15:00-17:59,1,0
N,PROPERTY DAMAGE ONLY,\N,N,2024,TUESDAY,UNDETERMINED,Y,N,49.191816,-122.878855,Y,JUNE,Y,SURREY,SURREY,SURREY,Y,Y,N,LOWER MAINLAND,104 AVE # 012314 TO 012469,104 AVE,104 AVE,15:00-17:59,1,0
N,PROPERTY DAMAGE ONLY,\N,N,2024,TUESDAY,UNDETERMINED,Y,N,49.258666,-122.815139,Y,JUNE,N,COQUITLAM,COQUITLAM,COQUITLAM,Y,Y,N,LOWER MAINLAND,LOST LAKE DR # 000675 TO 000689,LOST LAKE DR,LOST LAKE DR,15:00-17:59,1,0
N,PROPERTY DAMAGE ONLY,\N,N,2024,TUESDAY,UNDETERMINED,Y,N,49.808255,-119.499525,Y,JUNE,N,KELOWNA,KELOWNA,KELOWNA,N,N,N,SOUTHERN INTERIOR,CHUTE LAKE RD # 004800 TO 004923,CHUTE LAKE RD,CHUTE LAKE RD,15:00-17:59,1,0
N,PROPERTY DAMAGE ONLY,\N,Y,2024,TUESDAY,SINGLE VEHICLE,N,N,49.182244,-122.8456,Y,JUNE,N,SURREY,SURREY,SURREY,N,N,N,LOWER MAINLAND,KING GEORGE BLVD # 009851 TO 009933 odd,KING GEORGE BLVD,KING GEORGE BLVD,15:00-17:59,1,0
N,PROPERTY DAMAGE ONLY,\N,Y,2024,TUESDAY,SINGLE VEHICLE,N,N,49.281502,-123.121638,Y,JUNE,N,VANCOUVER,VANCOUVER,VANCOUVER,N,Y,N,LOWER MAINLAND,HOWE ST # 000800 TO 000899,HOWE ST,HOWE ST,15:00-17:59,1,0
N,PROPERTY DAMAGE ONLY,100 AVE,N,2024,TUESDAY,SIDE SWIPE - SAME DIRECTION,N,Y,49.184272,-122.845453,N,JUNE,N,SURREY,SURREY,SURREY,N,N,N,LOWER MAINLAND,100 AVE & KING GEORGE BLVD & OLD YALE RD,KING GEORGE BLVD,KING GEORGE BLVD,15:00-17:59,1,0
N,PROPERTY DAMAGE ONLY,103 AVE,N,2024,TUESDAY,REAR END,N,Y,49.189821,-122.81199,N,JUNE,N,SURREY,SURREY,SURREY,N,N,N,LOWER MAINLAND,103 AVE & 148 ST,148 ST,148 ST,15:00-17:59,1,0
N,PROPERTY DAMAGE ONLY,104 AVE,N,2024,TUESDAY,SIDE IMPACT,N,Y,49.191498,-122.800899,N,JUNE,N,SURREY,SURREY,SURREY,Y,Y,N,LOWER MAINLAND,104 AVE & 152 ST,152 ST,152 ST,15:00-17:59,1,0
N,PROPERTY DAMAGE ONLY,108 AVE,N,2024,TUESDAY,UNDETERMINED,N,Y,49.198903,-122.84736,N,JUNE,N,SURREY,SURREY,SURREY,Y,N,N,LOWER MAINLAND,108 AVE & 135A ST,135A ST,135A ST,15:00-17:59,1,0
N,PROPERTY DAMAGE ONLY,120 ST,N,2024,TUESDAY,CONFLICTED,N,Y,49.1486,-122.890378,N,JUNE,N,DELTA,DELTA,DELTA & SURREY,N,N,N,LOWER MAINLAND,120 ST & 80 AVE,80 AVE,80 AVE,15:00-17:59,1,0
N,PROPERTY DAMAGE ONLY,120 ST,N,2024,TUESDAY,REAR END,N,Y,49.1486,-122.890378,N,JUNE,N,DELTA,DELTA,DELTA & SURREY,N,N,N,LOWER MAINLAND,120 ST & 80 AVE,80 AVE,80 AVE,15:00-17:59,1,0
N,PROPERTY DAMAGE ONLY,128 ST,N,2024,TUESDAY,REAR END,N,Y,49.108112,-122.867838,N,JUNE,N,SURREY,SURREY,SURREY,N,N,N,LOWER MAINLAND,128 ST & 58 AVE,HWY 10,HWY 10,15:00-17:59,1,0
N,PROPERTY DAMAGE ONLY,128 ST,N,2024,TUESDAY,UNDETERMINED,N,Y,49.141025,-122.867918,N,JUNE,N,SURREY,SURREY,SURREY,N,N,N,LOWER MAINLAND,128 ST & 76 AVE,76 AVE,76 AVE,15:00-17:59,1,0
N,PROPERTY DAMAGE ONLY,130 ST,N,2024,TUESDAY,REAR END,N,Y,49.133808,-122.862312,N,JUNE,N,SURREY,SURREY,SURREY,N,N,N,LOWER MAINLAND,130 ST & 72 AVE,72 AVE,72 AVE,15:00-17:59,1,0
N,PROPERTY DAMAGE ONLY,140 ST,N,2024,TUESDAY,REAR END,N,Y,49.155514,-122.834619,N,JUNE,N,SURREY,SURREY,SURREY,N,N,N,LOWER MAINLAND,140 ST & 84 AVE,84 AVE,84 AVE,15:00-17:59,1,0
N,PROPERTY DAMAGE ONLY,142 ST,N,2024,TUESDAY,CONFLICTED,N,Y,49.133679,-122.82893,N,JUNE,N,SURREY,SURREY,SURREY,N,N,N,LOWER MAINLAND,142 ST & 72 AVE,72 AVE,72 AVE,15:00-17:59,1,0
N,PROPERTY DAMAGE ONLY,144 ST,N,2024,TUESDAY,REAR END,N,Y,49.119128,-122.823275,N,JUNE,N,SURREY,SURREY,SURREY,N,N,N,LOWER MAINLAND,144 ST & 64 AVE,64 AVE,64 AVE,15:00-17:59,1,0
N,PROPERTY DAMAGE ONLY,14TH ST,N,2024,TUESDAY,SIDE SWIPE - SAME DIRECTION,N,Y,49.327919,-123.15437,N,JUNE,N,WEST VANCOUVER,WEST VANCOUVER,WEST VANCOUVER,Y,N,N,LOWER MAINLAND,14TH ST & MARINE DR,MARINE DR,MARINE DR,15:00-17:59,1,0
N,PROPERTY DAMAGE ONLY,152 ST,N,2024,TUESDAY,REAR END,N,Y,49.176843,-122.801039,N,JUNE,N,SURREY,SURREY,SURREY,N,N,N,LOWER MAINLAND,152 ST & 96 AVE,96 AVE,96 AVE,15:00-17:59,1,0
N,PROPERTY DAMAGE ONLY,154 ST,N,2024,TUESDAY,SIDE SWIPE - SAME DIRECTION,N,Y,49.163719,-122.795222,N,JUNE,N,SURREY,SURREY,SURREY,N,N,N,LOWER MAINLAND,154 ST & FRASER HWY & TURNING LANE,FRASER HWY,FRASER HWY,15:00-17:59,1,0
N,PROPERTY DAMAGE ONLY,154 ST,N,2024,TUESDAY,SINGLE VEHICLE,N,Y,49.031085,-122.795655,N,JUNE,N,SURREY,SURREY,SURREY & WHITE ROCK,N,N,N,LOWER MAINLAND,154 ST & BEST ST & NORTH BLUFF RD,16 AVE,16 AVE,15:00-17:59,1,0
N,PROPERTY DAMAGE ONLY,15TH ST,N,2024,TUESDAY,SIDE SWIPE - SAME DIRECTION,N,Y,49.210918,-122.942558,N,JUNE,N,BURNABY,BURNABY,BURNABY & NEW WESTMINSTER,N,N,N,LOWER MAINLAND,10TH AVE & 15TH ST & FIFTEENTH ST & TENTH AVE,10TH AVE,10TH AVE,15:00-17:59,1,0
N,PROPERTY DAMAGE ONLY,160 ST,N,2024,TUESDAY,CONFLICTED,N,Y,49.045561,-122.779205,N,JUNE,N,SURREY,SURREY,SURREY,N,Y,N,LOWER MAINLAND,160 ST & 24 AVE,24 AVE,24 AVE,15:00-17:59,1,0
N,PROPERTY DAMAGE ONLY,160 ST,N,2024,TUESDAY,SIDE IMPACT,N,Y,49.153617,-122.778896,N,JUNE,N,SURREY,SURREY,SURREY,N,N,N,LOWER MAINLAND,160 ST & 83 AVE,83 AVE,83 AVE,15:00-17:59,1,0
N,PROPERTY DAMAGE ONLY,168 ST,N,2024,TUESDAY,REAR END,N,Y,49.104286,-122.756658,N,JUNE,N,SURREY,SURREY,SURREY,N,N,N,LOWER MAINLAND,168 ST & 56 AVE,HWY 10,HWY 10,15:00-17:59,1,0
N,PROPERTY DAMAGE ONLY,168 ST,N,2024,TUESDAY,SIDE SWIPE - SAME DIRECTION,N,Y,49.147961,-122.756454,N,JUNE,N,SURREY,SURREY,SURREY,N,N,N,LOWER MAINLAND,168 ST & FRASER HWY & TURNING LANE,FRASER HWY,FRASER HWY,15:00-17:59,1,0
N,PROPERTY DAMAGE ONLY,16TH ST,N,2024,TUESDAY,UNDETERMINED,N,Y,49.327674,-123.158915,N,JUNE,N,WEST VANCOUVER,WEST VANCOUVER,WEST VANCOUVER,Y,N,N,LOWER MAINLAND,16TH ST & BELLEVUE AVE,BELLEVUE AVE,BELLEVUE AVE,15:00-17:59,1,0
N,PROPERTY DAMAGE ONLY,18TH AVE,N,2024,TUESDAY,REAR END,N,Y,49.222847,-122.939384,N,JUNE,N,BURNABY,BURNABY,BURNABY,N,N,N,LOWER MAINLAND,18TH AVE & CANADA WAY,CANADA WAY,CANADA WAY,15:00-17:59,1,0
N,PROPERTY DAMAGE ONLY,1ST AVE,N,2024,TUESDAY,REAR END,N,N,\N,\N,N,JUNE,N,VANCOUVER,VANCOUVER,\N,N,N,N,LOWER MAINLAND,UNKNOWN,QUEBEC STREET,QUEBEC STREET,15:00-17:59,1,0
N,PROPERTY DAMAGE ONLY,20 AVE,N,2024,TUESDAY,UNDETERMINED,N,Y,49.03837,-122.762569,N,JUNE,N,SURREY,SURREY,SURREY,N,N,N,LOWER MAINLAND,166 ST & 20 AVE,166 ST,166 ST,15:00-17:59,1,0
N,PROPERTY DAMAGE ONLY,200 ST,N,2024,TUESDAY,SIDE IMPACT,N,Y,49.118995,-122.668532,N,JUNE,N,LANGLEY,LANGLEY,LANGLEY,N,Y,N,LOWER MAINLAND,200 ST & 64 AVE,64 AVE,64 AVE,15:00-17:59,1,0
N,PROPERTY DAMAGE ONLY,203 ST,N,2024,TUESDAY,SIDE IMPACT,N,Y,49.105522,-122.660161,N,JUNE,N,LANGLEY,LANGLEY,LANGLEY,N,N,N,LOWER MAINLAND,203 ST & FRASER HWY,FRASER HWY,FRASER HWY,15:00-17:59,1,0
N,PROPERTY DAMAGE ONLY,21 AVE,N,2024,TUESDAY,SIDE IMPACT,N,Y,49.040203,-122.763807,N,JUNE,N,SURREY,SURREY,SURREY,Y,N,N,LOWER MAINLAND,165B ST & 21 AVE,165B ST,165B ST,15:00-17:59,1,0
N,PROPERTY DAMAGE ONLY,212 ST,N,2024,TUESDAY,REAR END,N,Y,49.031228,-122.636166,N,JUNE,N,LANGLEY,LANGLEY,LANGLEY,N,N,N,LOWER MAINLAND,16 AVE & 212 ST,16 AVE,16 AVE,15:00-17:59,1,0
N,PROPERTY DAMAGE ONLY,216 ST,N,2024,TUESDAY,REAR END,N,Y,49.10402,-122.624442,N,JUNE,N,LANGLEY,LANGLEY,LANGLEY,N,N,N,LOWER MAINLAND,216 ST & 56 AVE & TURNING LANE,56 AVE,56 AVE,15:00-17:59,1,0
N,PROPERTY DAMAGE ONLY,216 ST,N,2024,TUESDAY,REAR END,N,Y,49.12645,-122.624898,N,JUNE,N,LANGLEY,LANGLEY,LANGLEY,N,N,N,LOWER MAINLAND,216 ST & CRUSH CRES & GLOVER RD,GLOVER RD,GLOVER RD,15:00-17:59,1,0
N,PROPERTY DAMAGE ONLY,24 AVE,N,2024,TUESDAY,SIDE IMPACT,N,Y,49.045585,-122.793584,N,JUNE,N,SURREY,SURREY,SURREY,Y,Y,N,LOWER MAINLAND,24 AVE & KING GEORGE BLVD & TURNING LANE,KING GEORGE BLVD,KING GEORGE BLVD,15:00-17:59,1,0
N,PROPERTY DAMAGE ONLY,240 ST,N,2024,TUESDAY,SIDE SWIPE - OPPOSITE DIRECTION,N,Y,49.074356,-122.559182,N,JUNE,N,LANGLEY,LANGLEY,LANGLEY,N,N,N,LOWER MAINLAND,240 ST & 40 AVE & FRASER HWY & TURNING LANE,40 AVE,40 AVE,15:00-17:59,1,0
N,PROPERTY DAMAGE ONLY,27 AVE,N,2024,TUESDAY,SIDE IMPACT,N,Y,50.260594,-119.270019,N,JUNE,N,VERNON,VERNON,VERNON,N,N,N,SOUTHERN INTERIOR,27 AVE & HWY 6,HWY 6,HWY 6,15:00-17:59,1,0
N,PROPERTY DAMAGE ONLY,27 ST,N,2024,TUESDAY,UNDETERMINED,N,Y,50.281967,-119.266623,N,JUNE,N,VERNON,VERNON,VERNON,N,N,N,SOUTHERN INTERIOR,27 ST & 48 AVE & TURNING LANE,48 AVE,48 AVE,15:00-17:59,1,0
N,PROPERTY DAMAGE ONLY,27A ST,N,2024,TUESDAY,UNDETERMINED,N,Y,50.272441,-119.267257,N,JUNE,N,VERNON,VERNON,VERNON,Y,N,N,SOUTHERN INTERIOR,27A ST & 41 AVE & W L SEATON SECONDARY SCHOOL ACCESS,41 AVE,41 AVE,15:00-17:59,1,0
N,PROPERTY DAMAGE ONLY,32 AVE,N,2024,TUESDAY,REAR END,N,Y,49.060219,-122.768039,N,JUNE,N,SURREY,SURREY,SURREY,N,N,N,LOWER MAINLAND,164 ST & 32 AVE,164 ST,164 ST,15:00-17:59,1,0
N,PROPERTY DAMAGE ONLY,3RD,N,2024,TUESDAY,SIDE SWIPE - SAME DIRECTION,N,N,\N,\N,N,JUNE,N,NEW WESTMINSTER,NEW WESTMINSTER,\N,N,N,N,LOWER MAINLAND,UNKNOWN,STEWARDSON WAY,STEWARDSON WAY,15:00-17:59,1,0
N,PROPERTY DAMAGE ONLY,3RD AVE,N,2024,TUESDAY,SIDE IMPACT,N,Y,49.125187,-123.185765,N,JUNE,N,RICHMOND,RICHMOND,RICHMOND,Y,N,N,LOWER MAINLAND,3RD AVE & MONCTON ST,MONCTON ST,MONCTON ST,15:00-17:59,1,0
N,PROPERTY DAMAGE ONLY,3RD AVE,N,2024,TUESDAY,UNDETERMINED,N,Y,50.67667,-120.334431,N,JUNE,N,KAMLOOPS,KAMLOOPS,KAMLOOPS,N,N,N,SOUTHERN INTERIOR,3RD AVE & LANSDOWNE ST,LANSDOWNE ST,LANSDOWNE ST,15:00-17:59,1,0
N,PROPERTY DAMAGE ONLY,56 AVE,N,2024,TUESDAY,REAR END,N,Y,49.104168,-122.730304,N,JUNE,N,SURREY,SURREY,SURREY,N,N,N,LOWER MAINLAND,177B ST & 56 AVE & MALL ACCESS,177B ST,177B ST,15:00-17:59,1,0
N,PROPERTY DAMAGE ONLY,56 AVE,N,2024,TUESDAY,REAR END,N,Y,49.104596,-122.642843,N,JUNE,N,LANGLEY,LANGLEY,LANGLEY,N,N,N,LOWER MAINLAND,56 AVE & LANGLEY BYPASS & TURNING LANE,LANGLEY BYPASS,LANGLEY BYPASS,15:00-17:59,1,0
N,PROPERTY DAMAGE ONLY,6TH AVE,N,2024,TUESDAY,SIDE IMPACT,N,N,\N,\N,N,JUNE,N,UNKNOWN,UNKNOWN,\N,Y,N,N,UNKNOWN,UNKNOWN,6TH ST,6TH ST,15:00-17:59,1,0
N,PROPERTY DAMAGE ONLY,6TH ST,N,2024,TUESDAY,CONFLICTED,N,Y,49.223174,-122.932914,N,JUNE,N,BURNABY,BURNABY,BURNABY,N,N,N,LOWER MAINLAND,6TH ST & GRAHAM AVE,GRAHAM AVE,GRAHAM AVE,15:00-17:59,1,0
N,PROPERTY DAMAGE ONLY,76A AVE,N,2024,TUESDAY,UNDETERMINED,N,Y,49.142277,-122.888908,N,JUNE,N,SURREY,SURREY,SURREY,N,N,N,LOWER MAINLAND,120A ST & 76A AVE,120A ST,120A ST,15:00-17:59,1,0
N,PROPERTY DAMAGE ONLY,7TH AVE,N,2024,TUESDAY,SIDE SWIPE - SAME DIRECTION,N,Y,49.139806,-122.29279,N,JUNE,N,MISSION,MISSION,MISSION,N,N,N,LOWER MAINLAND,7TH AVE & STAVE LAKE ST,STAVE LAKE ST,STAVE LAKE ST,15:00-17:59,1,0
N,PROPERTY DAMAGE ONLY,80 AVE,N,2024,TUESDAY,SIDE IMPACT,N,Y,49.148641,-122.91253,N,JUNE,N,DELTA,DELTA,DELTA,N,N,N,LOWER MAINLAND,112 ST & 80 AVE,112 ST,112 ST,15:00-17:59,1,0
N,PROPERTY DAMAGE ONLY,80 AVE,N,2024,TUESDAY,SINGLE VEHICLE,N,Y,49.148199,-122.834565,N,JUNE,N,SURREY,SURREY,SURREY,N,N,N,LOWER MAINLAND,140 ST & 80 AVE,140 ST,140 ST,15:00-17:59,1,0
N,PROPERTY DAMAGE ONLY,86A AVE,N,2024,TUESDAY,UNDETERMINED,N,Y,49.160198,-122.7789,N,JUNE,N,SURREY,SURREY,SURREY,Y,N,N,LOWER MAINLAND,160 ST & 86A AVE,160 ST,160 ST,15:00-17:59,1,0
N,PROPERTY DAMAGE ONLY,88 AVE,N,2024,TUESDAY,REAR END,N,Y,49.162842,-122.801493,N,JUNE,N,SURREY,SURREY,SURREY,N,N,N,LOWER MAINLAND,152 ST & 88 AVE,152 ST,152 ST,15:00-17:59,1,0
N,PROPERTY DAMAGE ONLY,88 AVE,N,2024,TUESDAY,REAR END,N,Y,49.162858,-122.823427,N,JUNE,N,SURREY,SURREY,SURREY,N,N,N,LOWER MAINLAND,144 ST & 88 AVE,144 ST,144 ST,15:00-17:59,1,0
N,PROPERTY DAMAGE ONLY,88 AVE,N,2024,TUESDAY,REAR END,N,Y,49.163208,-122.890341,N,JUNE,N,DELTA,DELTA,DELTA & SURREY,N,N,N,LOWER MAINLAND,120 ST & 88 AVE,120 ST,120 ST,15:00-17:59,1,0
N,PROPERTY DAMAGE ONLY,88 AVE,N,2024,TUESDAY,SINGLE VEHICLE,N,Y,49.161855,-122.473497,N,JUNE,N,LANGLEY,LANGLEY,LANGLEY,N,N,N,LOWER MAINLAND,272 ST & 88 AVE,272 ST,272 ST,15:00-17:59,1,0
N,PROPERTY DAMAGE ONLY,88 AVE,N,2024,TUESDAY,UNDETERMINED,N,Y,49.162807,-122.767712,N,JUNE,N,SURREY,SURREY,SURREY,N,N,N,LOWER MAINLAND,164 ST & 88 AVE,164 ST,164 ST,15:00-17:59,1,0
N,PROPERTY DAMAGE ONLY,89 AVE,N,2024,TUESDAY,REAR END,N,Y,49.164652,-122.834652,N,JUNE,N,SURREY,SURREY,SURREY,N,N,N,LOWER MAINLAND,140 ST & 89 AVE,140 ST,140 ST,15:00-17:59,1,0
N,PROPERTY DAMAGE ONLY,8TH ST,N,2024,TUESDAY,SIDE IMPACT,N,Y,49.216882,-122.931469,N,JUNE,N,BURNABY,BURNABY,BURNABY & NEW WESTMINSTER,N,N,N,LOWER MAINLAND,10TH AVE & CANADA WAY & EIGHTH ST & TENTH AVE,10TH AVE,10TH AVE,15:00-17:59,1,0
N,PROPERTY DAMAGE ONLY,8TH ST,N,2024,TUESDAY,SIDE SWIPE - SAME DIRECTION,N,Y,49.203693,-122.914608,N,JUNE,N,NEW WESTMINSTER,NEW WESTMINSTER,NEW WESTMINSTER,N,N,N,LOWER MAINLAND,EIGHTH ST & ROYAL AVE,ROYAL AVE,ROYAL AVE,15:00-17:59,1,0
N,PROPERTY DAMAGE ONLY,90 AVE,N,2024,TUESDAY,SIDE SWIPE - SAME DIRECTION,N,Y,49.166467,-122.834642,N,JUNE,N,SURREY,SURREY,SURREY,N,N,N,LOWER MAINLAND,140 ST & 90 AVE,140 ST,140 ST,15:00-17:59,1,0
N,PROPERTY DAMAGE ONLY,92 AVE,N,2024,TUESDAY,REAR END,N,Y,49.169913,-122.856896,N,JUNE,N,SURREY,SURREY,SURREY,N,N,N,LOWER MAINLAND,132 ST & 92 AVE,132 ST,132 ST,15:00-17:59,1,0
N,PROPERTY DAMAGE ONLY,96 AVE,N,2024,TUESDAY,REAR END,N,Y,49.176409,-122.734716,N,JUNE,N,SURREY,SURREY,SURREY,N,N,N,LOWER MAINLAND,176 ST & 96 AVE & GOLDEN EARS WAY & TURNING LANE,176 ST,176 ST,15:00-17:59,1,0
N,PROPERTY DAMAGE ONLY,96 AVE,N,2024,TUESDAY,SIDE SWIPE - SAME DIRECTION,N,Y,49.176409,-122.734716,N,JUNE,N,SURREY,SURREY,SURREY,N,N,N,LOWER MAINLAND,176 ST & 96 AVE & GOLDEN EARS WAY & TURNING LANE,176 ST,176 ST,15:00-17:59,1,0
N,PROPERTY DAMAGE ONLY,97 AVE,N,2024,TUESDAY,SIDE IMPACT,N,Y,49.178962,-122.873437,N,JUNE,N,SURREY,SURREY,SURREY,N,N,N,LOWER MAINLAND,126 ST & 97 AVE,126 ST,126 ST,15:00-17:59,1,0
N,PROPERTY DAMAGE ONLY,ACKROYD RD,N,2024,TUESDAY,CONFLICTED,N,Y,49.171972,-123.131558,N,JUNE,N,RICHMOND,RICHMOND,RICHMOND,N,N,N,LOWER MAINLAND,ACKROYD RD & COONEY RD,COONEY RD,COONEY RD,15:00-17:59,1,0
N,PROPERTY DAMAGE ONLY,ADAMS RD,N,2024,TUESDAY,SINGLE VEHICLE,N,Y,49.92539,-119.388993,N,JUNE,N,KELOWNA,KELOWNA,KELOWNA,N,N,N,SOUTHERN INTERIOR,ADAMS RD & LOUGHEED RD,LOUGHEED RD,LOUGHEED RD,15:00-17:59,1,0
N,PROPERTY DAMAGE ONLY,ALASKA HWY,N,2024,TUESDAY,REAR END,N,Y,56.229018,-120.822114,N,JUNE,N,FORT ST. JOHN,FORT ST. JOHN,FORT ST. JOHN,N,N,N,NORTH CENTRAL,86 ST & ALASKA RD N & HWY 97 N & TURNING LANE & UTILITY ACCESS,86 ST,86 ST,15:00-17:59,1,0
N,PROPERTY DAMAGE ONLY,ALBINA ST,N,2024,TUESDAY,SIDE IMPACT,N,Y,48.44769,-123.398776,N,JUNE,N,SAANICH,SAANICH,SAANICH,N,N,N,VANCOUVER ISLAND,ALBINA ST & GORGE PARK TRAIL & GORGE RD W,GORGE RD W,GORGE RD W,15:00-17:59,1,0
N,PROPERTY DAMAGE ONLY,ALEX FRASER BRIDGE,N,2024,TUESDAY,REAR END,N,Y,49.170914,-122.951312,N,JUNE,N,DELTA,DELTA,DELTA & RICHMOND,N,N,N,LOWER MAINLAND,ALEX FRASER BRIDGE & CLIVEDEN AVE & CLIVEDEN AVE OFFRAMP & CLIVEDEN AVE ONRAMP & HWY 91,HWY 91,HWY 91,15:00-17:59,1,0
N,PROPERTY DAMAGE ONLY,ALEXANDER ST NE,N,2024,TUESDAY,REAR END,N,Y,50.700902,-119.28184,N,JUNE,N,SALMON ARM,SALMON ARM,SALMON ARM,N,N,N,SOUTHERN INTERIOR,ALEXANDER ST NE & TRANS-CANADA HWY NE,HWY 1,HWY 1,15:00-17:59,1,0
N,PROPERTY DAMAGE ONLY,AUSTIN AVE,N,2024,TUESDAY,REAR END,N,Y,49.249033,-122.836901,N,JUNE,N,COQUITLAM,COQUITLAM,COQUITLAM,N,N,N,LOWER MAINLAND,AUSTIN AVE & DRAYCOTT ST,DRAYCOTT ST,DRAYCOTT ST,15:00-17:59,1,0
N,PROPERTY DAMAGE ONLY,BAKER ST,Y,2024,TUESDAY,SINGLE VEHICLE,N,Y,49.491988,-117.293974,N,JUNE,N,NELSON,NELSON,NELSON,N,N,N,SOUTHERN INTERIOR,BAKER ST & WARD ST,WARD ST,WARD ST,15:00-17:59,1,0
N,PROPERTY DAMAGE ONLY,BALACLAVA ST,N,2024,TUESDAY,UNDETERMINED,N,Y,49.232788,-123.175801,N,JUNE,N,VANCOUVER,VANCOUVER,VANCOUVER,Y,N,N,LOWER MAINLAND,BALACLAVA ST & W 43RD AVE,W 43RD AVE,W 43RD AVE,15:00-17:59,1,0
N,PROPERTY DAMAGE ONLY,BEAVERBROOK CRES,N,2024,TUESDAY,REAR END,N,Y,49.255096,-122.909673,N,JUNE,N,BURNABY,BURNABY,BURNABY,N,N,N,LOWER MAINLAND,BEAVERBROOK CRES & BURNABY MOUNTAIN SECONDARY SCHOOL ACCESS & EASTLAKE DR,EASTLAKE DR,EASTLAKE DR,15:00-17:59,1,0
N,PROPERTY DAMAGE ONLY,BEFORE MT LEHMAN EXIT,N,2024,TUESDAY,SINGLE VEHICLE,N,N,\N,\N,N,JUNE,N,ABBOTSFORD,ABBOTSFORD,\N,N,N,N,LOWER MAINLAND,UNKNOWN,HWY 1,HWY 1,15:00-17:59,1,0
N,PROPERTY DAMAGE ONLY,BLENHEIM ST,N,2024,TUESDAY,REAR END,N,Y,49.257817,-123.178092,N,JUNE,N,VANCOUVER,VANCOUVER,VANCOUVER,N,N,N,LOWER MAINLAND,BLENHEIM ST & W 16TH AVE & TURNING LANE,W 16TH AVE,W 16TH AVE,15:00-17:59,1,0
N,PROPERTY DAMAGE ONLY,BOUNDARY RD,N,2024,TUESDAY,CONFLICTED,N,Y,49.269397,-123.023574,N,JUNE,N,BURNABY,BURNABY,BURNABY & VANCOUVER,N,N,N,LOWER MAINLAND,1ST AVE & BOUNDARY RD & E 1ST AVE,E 1ST AVE,E 1ST AVE,15:00-17:59,1,0
N,PROPERTY DAMAGE ONLY,BRIGHTON AVE,N,2024,TUESDAY,CONFLICTED,N,Y,49.250802,-122.919011,N,JUNE,N,BURNABY,BURNABY,BURNABY,N,N,N,LOWER MAINLAND,BRIGHTON AVE & GOVERNMENT RD,GOVERNMENT ST,GOVERNMENT ST,15:00-17:59,1,0
N,PROPERTY DAMAGE ONLY,BROUGHTON ST,N,2024,TUESDAY,UNDETERMINED,N,Y,49.285454,-123.133654,N,JUNE,N,VANCOUVER,VANCOUVER,VANCOUVER,Y,N,N,LOWER MAINLAND,BROUGHTON ST & HENSHAW LANE,HENSHAW LANE,HENSHAW LANE,15:00-17:59,1,0
N,PROPERTY DAMAGE ONLY,BURNSIDE,N,2024,TUESDAY,REAR END,N,N,\N,\N,N,JUNE,N,VICTORIA,VICTORIA,\N,N,N,N,VANCOUVER ISLAND,UNKNOWN,TOPAZ AVE,TOPAZ AVE,15:00-17:59,1,0
N,PROPERTY DAMAGE ONLY,BURNSIDE RD W,N,2024,TUESDAY,REAR END,N,Y,48.468529,-123.423956,N,JUNE,N,SAANICH,SAANICH,SAANICH & VIEW ROYAL,N,N,N,VANCOUVER ISLAND,BURNSIDE RD W & HELMCKEN RD,HELMCKEN RD,HELMCKEN RD,15:00-17:59,1,0
N,PROPERTY DAMAGE ONLY,BURRARD ST,N,2024,TUESDAY,UNDETERMINED,N,Y,49.287173,-123.11696,N,JUNE,N,VANCOUVER,VANCOUVER,VANCOUVER,Y,N,N,LOWER MAINLAND,BURRARD ST & W HASTINGS ST,W HASTINGS ST,W HASTINGS ST,15:00-17:59,1,0
N,PROPERTY DAMAGE ONLY,CAMBIE RD,N,2024,TUESDAY,REAR TO REAR,N,Y,49.184567,-123.091518,N,JUNE,N,RICHMOND,RICHMOND,RICHMOND,N,Y,N,LOWER MAINLAND,CAMBIE RD & NO 5 RD,NO 5 RD,NO 5 RD,15:00-17:59,1,0
N,PROPERTY DAMAGE ONLY,CAMBIE ST,N,2024,TUESDAY,CONFLICTED,N,Y,49.210132,-123.117149,N,JUNE,N,VANCOUVER,VANCOUVER,VANCOUVER,N,N,N,LOWER MAINLAND,CAMBIE ST & NUNAVUT LANE & SW MARINE DR & TURNING LANE,SW MARINE DR,SW MARINE DR,15:00-17:59,1,0
N,PROPERTY DAMAGE ONLY,CAMBIE ST,N,2024,TUESDAY,SIDE SWIPE - SAME DIRECTION,N,Y,49.263205,-123.114853,N,JUNE,N,VANCOUVER,VANCOUVER,VANCOUVER,N,N,N,LOWER MAINLAND,CAMBIE ST & W BROADWAY,W BROADWAY,W BROADWAY,15:00-17:59,1,0
N,PROPERTY DAMAGE ONLY,CANADA WAY,N,2024,TUESDAY,REAR END,N,Y,49.254628,-123.010722,N,JUNE,N,BURNABY,BURNABY,BURNABY,N,N,N,LOWER MAINLAND,CANADA WAY & GILMORE AVE DIVERSION & GILMORE WAY,GILMORE AVE DIVERS,GILMORE AVE DIVERS,15:00-17:59,1,0
N,PROPERTY DAMAGE ONLY,CARRUTHERS ST,N,2024,TUESDAY,SINGLE VEHICLE,N,Y,49.879835,-119.481261,N,JUNE,N,KELOWNA,KELOWNA,KELOWNA,N,N,N,SOUTHERN INTERIOR,CARRUTHERS ST & SUTHERLAND AVE,SUTHERLAND AVE,SUTHERLAND AVE,15:00-17:59,1,0
N,PROPERTY DAMAGE ONLY,CASCADE ST,N,2024,TUESDAY,REAR END,N,Y,49.236307,-122.910872,N,JUNE,N,BURNABY,BURNABY,BURNABY,N,N,N,LOWER MAINLAND,16TH AVE & CASCADE ST,16TH AVE,16TH AVE,15:00-17:59,1,0
N,PROPERTY DAMAGE ONLY,CENTRAL AVE,N,2024,TUESDAY,REAR END,N,Y,49.090251,-123.080991,N,JUNE,N,DELTA,DELTA,DELTA,N,N,N,LOWER MAINLAND,CENTRAL AVE & LADNER TRUNK RD,LADNER TRUNK RD,LADNER TRUNK RD,15:00-17:59,1,0
N,PROPERTY DAMAGE ONLY,CENTRAL BLVD,N,2024,TUESDAY,SIDE SWIPE - SAME DIRECTION,N,Y,49.227649,-123.007555,N,JUNE,N,BURNABY,BURNABY,BURNABY,N,N,N,LOWER MAINLAND,CENTRAL BLVD & WILLINGDON AVE,WILLINGDON AVE,WILLINGDON AVE,15:00-17:59,1,0
N,PROPERTY DAMAGE ONLY,CERISE DR,N,2024,TUESDAY,REAR END,N,Y,49.892539,-119.470918,N,JUNE,Y,KELOWNA,KELOWNA,KELOWNA,N,N,N,SOUTHERN INTERIOR,CERISE DR & CLEMENT AVE & TURNING LANE,CLEMENT AVE,CLEMENT AVE,15:00-17:59,1,0
N,PROPERTY DAMAGE ONLY,CHAPEL ST,N,2024,TUESDAY,SIDE IMPACT,N,Y,49.169787,-123.937678,N,JUNE,N,NANAIMO,NANAIMO,NANAIMO,Y,Y,N,VANCOUVER ISLAND,CHAPEL ST & FRONT ST,FRONT ST,FRONT ST,15:00-17:59,1,0
N,PROPERTY DAMAGE ONLY,CHESTER ST,N,2024,TUESDAY,SIDE SWIPE - SAME DIRECTION,N,Y,49.211036,-123.089575,N,JUNE,N,VANCOUVER,VANCOUVER,VANCOUVER,N,N,N,LOWER MAINLAND,CHESTER ST & SE MARINE DR,SE MARINE DR,SE MARINE DR,15:00-17:59,1,0
N,PROPERTY DAMAGE ONLY,CLEARBROOK RD,N,2024,TUESDAY,CONFLICTED,N,Y,49.051921,-122.33777,N,JUNE,N,ABBOTSFORD,ABBOTSFORD,ABBOTSFORD,N,N,N,LOWER MAINLAND,CLEARBROOK RD & OLD YALE RD,OLD YALE RD,OLD YALE RD,15:00-17:59,1,0
N,PROPERTY DAMAGE ONLY,CLEARBROOK RD,N,2024,TUESDAY,REAR END,N,Y,49.037752,-122.3377,N,JUNE,N,ABBOTSFORD,ABBOTSFORD,ABBOTSFORD,N,N,N,LOWER MAINLAND,CLEARBROOK RD & CLEARBROOK RD OFFRAMP & CLEARBROOK RD ONRAMP & MARSHALL RD & MARSHALL RD OFFRAMP & MARSHALL RD ONRAMP & TRANS-CANADA HWY & TURNING LANE,MARSHALL RD,MARSHALL RD,15:00-17:59,1,0
N,PROPERTY DAMAGE ONLY,CLOVERDALE AVE,N,2024,TUESDAY,REAR END,N,Y,48.450974,-123.369658,N,JUNE,N,SAANICH,SAANICH,SAANICH,N,N,N,VANCOUVER ISLAND,BLANSHARD ST & CLOVERDALE AVE & TURNING LANE,BLANSHARD ST,BLANSHARD ST,15:00-17:59,1,0
N,PROPERTY DAMAGE ONLY,COLEMAN ST,N,2024,TUESDAY,UNDETERMINED,N,Y,49.350745,-123.028365,N,JUNE,N,NORTH VANCOUVER,NORTH VANCOUVER,NORTH VANCOUVER,Y,N,N,LOWER MAINLAND,COLEMAN ST & HOSKINS RD,HOSKINS RD,HOSKINS RD,15:00-17:59,1,0
N,PROPERTY DAMAGE ONLY,COLUMBIA AVE,N,2024,TUESDAY,UNDETERMINED,Y,Y,49.322521,-117.666135,N,JUNE,N,CASTLEGAR,CASTLEGAR,CASTLEGAR,N,N,N,SOUTHERN INTERIOR,6TH ST & COLUMBIA AVE,6TH ST,6TH ST,15:00-17:59,1,0
N,PROPERTY DAMAGE ONLY,COMMERCIAL DR,N,2024,TUESDAY,REAR END,N,Y,49.269586,-123.069675,N,JUNE,N,VANCOUVER,VANCOUVER,VANCOUVER,N,N,N,LOWER MAINLAND,COMMERCIAL DR & E 1ST AVE,E 1ST AVE,E 1ST AVE,15:00-17:59,1,0
N,PROPERTY DAMAGE ONLY,COMMERCIAL DR,N,2024,TUESDAY,SIDE IMPACT,N,Y,49.273951,-123.069559,N,JUNE,N,VANCOUVER,VANCOUVER,VANCOUVER,Y,N,N,LOWER MAINLAND,COMMERCIAL DR & WILLIAM ST,WILLIAM ST,WILLIAM ST,15:00-17:59,1,0
N,PROPERTY DAMAGE ONLY,COONEY RD,N,2024,TUESDAY,SIDE SWIPE - SAME DIRECTION,N,Y,49.173833,-123.131547,N,JUNE,N,RICHMOND,RICHMOND,RICHMOND,N,N,N,LOWER MAINLAND,COONEY RD & LANSDOWNE RD & MALL ACCESS,LANSDOWNE RD,LANSDOWNE RD,15:00-17:59,1,0
N,PROPERTY DAMAGE ONLY,CUNNINGHAM ST,N,2024,TUESDAY,REAR END,N,Y,49.205242,-122.910362,N,JUNE,N,NEW WESTMINSTER,NEW WESTMINSTER,NEW WESTMINSTER,N,N,N,LOWER MAINLAND,CUNNINGHAM ST & SIXTH ST,SIXTH ST,SIXTH ST,15:00-17:59,1,0
N,PROPERTY DAMAGE ONLY,DAWSON ST,N,2024,TUESDAY,SIDE SWIPE - SAME DIRECTION,N,Y,49.264432,-123.003199,N,JUNE,N,BURNABY,BURNABY,BURNABY,N,N,N,LOWER MAINLAND,DAWSON ST & WILLINGDON AVE,WILLINGDON AVE,WILLINGDON AVE,15:00-17:59,1,0
N,PROPERTY DAMAGE ONLY,DEWDNEY TRUNK RD,N,2024,TUESDAY,SIDE SWIPE - SAME DIRECTION,N,Y,49.221211,-122.664242,N,JUNE,N,MAPLE RIDGE,MAPLE RIDGE,MAPLE RIDGE,N,N,N,LOWER MAINLAND,DEWDNEY TRUNK RD & LOUGHEED HWY & MAPLE MEADOWS WAY & WEST ST & TURNING LANE,MAPLE MEADOWS WAY,MAPLE MEADOWS WAY,15:00-17:59,1,0
N,PROPERTY DAMAGE ONLY,DOUGLAS ST,N,2024,TUESDAY,SIDE IMPACT,N,Y,48.44731,-123.372125,N,JUNE,N,VICTORIA,VICTORIA,VICTORIA,N,N,N,VANCOUVER ISLAND,ALPHA ST & DOUGLAS ST,ALPHA ST,ALPHA ST,15:00-17:59,1,0
N,PROPERTY DAMAGE ONLY,DUNCAN AVE,N,2024,TUESDAY,REAR END,N,N,\N,\N,N,JUNE,N,PENTICTON,PENTICTON,\N,N,N,N,SOUTHERN INTERIOR,UNKNOWN,MAIN ST,MAIN ST,15:00-17:59,1,0
N,PROPERTY DAMAGE ONLY,E 12TH AVE,N,2024,TUESDAY,REAR END,Y,Y,49.259628,-123.077527,N,JUNE,N,VANCOUVER,VANCOUVER,VANCOUVER,N,N,N,LOWER MAINLAND,CLARK DR & E 12TH AVE,CLARK DR,CLARK DR,15:00-17:59,1,0
N,PROPERTY DAMAGE ONLY,E 22ND AVE,N,2024,TUESDAY,REAR END,N,Y,49.250655,-123.023652,N,JUNE,N,BURNABY,BURNABY,BURNABY & VANCOUVER,N,N,N,LOWER MAINLAND,BOUNDARY RD & E 22ND AVE & ELMWOOD ST,BOUNDARY RD,BOUNDARY RD,15:00-17:59,1,0
N,PROPERTY DAMAGE ONLY,E 26TH AVE,N,2024,TUESDAY,REAR END,N,Y,49.247611,-123.090166,N,JUNE,N,VANCOUVER,VANCOUVER,VANCOUVER,Y,N,N,LOWER MAINLAND,E 26TH AVE & FRASER ST,FRASER ST,FRASER ST,15:00-17:59,1,0
N,PROPERTY DAMAGE ONLY,E 45TH AVE,N,2024,TUESDAY,REAR END,N,Y,49.229464,-123.065585,N,JUNE,N,VANCOUVER,VANCOUVER,VANCOUVER,N,N,N,LOWER MAINLAND,E 45TH AVE & VICTORIA DR,VICTORIA DR,VICTORIA DR,15:00-17:59,1,0
N,PROPERTY DAMAGE ONLY,E 48TH AVE,N,2024,TUESDAY,SIDE IMPACT,N,Y,49.226658,-123.101565,N,JUNE,N,VANCOUVER,VANCOUVER,VANCOUVER,N,N,N,LOWER MAINLAND,E 48TH AVE & MAIN ST,MAIN ST,MAIN ST,15:00-17:59,1,0
N,PROPERTY DAMAGE ONLY,E 49TH AVE,N,2024,TUESDAY,REAR END,N,Y,49.225442,-123.090711,N,JUNE,N,VANCOUVER,VANCOUVER,VANCOUVER,N,N,N,LOWER MAINLAND,E 49TH AVE & FRASER ST,FRASER ST,FRASER ST,15:00-17:59,1,0
N,PROPERTY DAMAGE ONLY,E 51ST AVE,N,2024,TUESDAY,UNDETERMINED,N,Y,49.223744,-123.101679,N,JUNE,N,VANCOUVER,VANCOUVER,VANCOUVER,Y,N,N,LOWER MAINLAND,E 51ST AVE & MAIN ST,MAIN ST,MAIN ST,15:00-17:59,1,0
N,PROPERTY DAMAGE ONLY,E 55TH AVE,N,2024,TUESDAY,SIDE IMPACT,N,Y,49.219429,-123.064593,N,JUNE,N,VANCOUVER,VANCOUVER,VANCOUVER,Y,N,N,LOWER MAINLAND,DUFF ST & E 55TH AVE,DUFF ST,DUFF ST,15:00-17:59,1,0
N,PROPERTY DAMAGE ONLY,E 62ND AVE,N,2024,TUESDAY,SIDE SWIPE - SAME DIRECTION,N,Y,49.213763,-123.077102,N,JUNE,N,VANCOUVER,VANCOUVER,VANCOUVER,N,N,N,LOWER MAINLAND,E 62ND AVE & KNIGHT ST,KNIGHT ST,KNIGHT ST,15:00-17:59,1,0
N,PROPERTY DAMAGE ONLY,E BOUNDARY,N,2024,TUESDAY,SIDE IMPACT,N,N,\N,\N,N,JUNE,N,VANCOUVER,VANCOUVER,\N,N,N,N,LOWER MAINLAND,UNKNOWN,RUPERT ST,RUPERT ST,15:00-17:59,1,0
N,PROPERTY DAMAGE ONLY,E PENDER ST,N,2024,TUESDAY,UNDETERMINED,N,Y,49.280381,-123.099699,N,JUNE,N,VANCOUVER,VANCOUVER,VANCOUVER,Y,N,N,LOWER MAINLAND,E PENDER ST & MAIN ST,MAIN ST,MAIN ST,15:00-17:59,1,0
N,PROPERTY DAMAGE ONLY,ELLIS,N,2024,TUESDAY,SINGLE VEHICLE,N,N,\N,\N,N,JUNE,N,KAMLOOPS,KAMLOOPS,\N,N,N,N,SOUTHERN INTERIOR,UNKNOWN,LAURIER DR,LAURIER DR,15:00-17:59,1,0
N,PROPERTY DAMAGE ONLY,ESSENDENE AVE,N,2024,TUESDAY,REAR END,N,Y,49.048953,-122.286439,N,JUNE,N,ABBOTSFORD,ABBOTSFORD,ABBOTSFORD,N,N,N,LOWER MAINLAND,CYRIL ST & ESSENDENE AVE,CYRIL ST,CYRIL ST,15:00-17:59,1,0
N,PROPERTY DAMAGE ONLY,FALAISE DR,N,2024,TUESDAY,SIDE SWIPE - SAME DIRECTION,N,Y,48.498442,-123.38164,N,JUNE,N,SAANICH,SAANICH,SAANICH,N,N,N,VANCOUVER ISLAND,FALAISE DR & ROYAL OAK DR,ROYAL OAK DR,ROYAL OAK DR,15:00-17:59,1,0
N,PROPERTY DAMAGE ONLY,FERGUSON DIVERS,N,2024,TUESDAY,REAR END,N,Y,49.19698,-122.800532,N,JUNE,N,SURREY,SURREY,SURREY,N,N,N,LOWER MAINLAND,152 ST & 152 ST OFFRAMP & 152 ST ONRAMP & FERGUSON DIVERSION & GUILDFORD DR & TURNING LANE,152 ST,152 ST,15:00-17:59,1,0
N,PROPERTY DAMAGE ONLY,FIFTH ST,N,2024,TUESDAY,CONFLICTED,N,Y,49.213826,-122.919101,N,JUNE,N,NEW WESTMINSTER,NEW WESTMINSTER,NEW WESTMINSTER,N,N,N,LOWER MAINLAND,FIFTH ST & SIXTH AVE,SIXTH AVE,SIXTH AVE,15:00-17:59,1,0
N,PROPERTY DAMAGE ONLY,FINLAYSON ST,N,2024,TUESDAY,CONFLICTED,N,Y,48.445569,-123.366493,N,JUNE,N,VICTORIA,VICTORIA,VICTORIA,N,N,N,VANCOUVER ISLAND,BLANSHARD ST & FINLAYSON ST & TURNING LANE,BLANSHARD ST,BLANSHARD ST,15:00-17:59,1,0
N,PROPERTY DAMAGE ONLY,FOOTHILLS BLVD,N,2024,TUESDAY,REAR END,N,N,\N,\N,N,JUNE,N,PRINCE GEORGE,PRINCE GEORGE,\N,N,N,N,NORTH CENTRAL,UNKNOWN,NECHAKO RD,NECHAKO RD,15:00-17:59,1,0
N,PROPERTY DAMAGE ONLY,FORBES AVE,N,2024,TUESDAY,REAR END,N,Y,49.317265,-123.085826,N,JUNE,N,NORTH VANCOUVER,NORTH VANCOUVER,NORTH VANCOUVER,N,N,N,LOWER MAINLAND,FORBES AVE & W 3RD ST,W 3RD ST,W 3RD ST,15:00-17:59,1,0
N,PROPERTY DAMAGE ONLY,FORTUNE DR,N,2024,TUESDAY,SIDE IMPACT,N,Y,50.69323,-120.355002,N,JUNE,N,KAMLOOPS,KAMLOOPS,KAMLOOPS,N,N,N,SOUTHERN INTERIOR,FORTUNE DR & WALNUT AVE,WALNUT AVE,WALNUT AVE,15:00-17:59,1,0
N,PROPERTY DAMAGE ONLY,FRASER HWY,N,2024,TUESDAY,REAR END,N,Y,49.138147,-122.734746,N,JUNE,N,SURREY,SURREY,SURREY,N,N,N,LOWER MAINLAND,176 ST & FRASER HWY & HARVIE RD & TURNING LANE,HWY 15,HWY 15,15:00-17:59,1,0
N,PROPERTY DAMAGE ONLY,FRAYNE RD,N,2024,TUESDAY,SIDE IMPACT,N,Y,48.642124,-123.553909,N,JUNE,N,MILL BAY,MILL BAY,MILL BAY,N,N,N,VANCOUVER ISLAND,FRAYNE RD & TRANS-CANADA HWY & TURNING LANE,TRANS-CANADA HWY,TRANS-CANADA HWY,15:00-17:59,1,0
N,PROPERTY DAMAGE ONLY,FREMONT,N,2024,TUESDAY,SIDE IMPACT,N,N,\N,\N,N,JUNE,N,PORT COQUITLAM,PORT COQUITLAM,\N,N,N,N,LOWER MAINLAND,UNKNOWN,HWY 7B,HWY 7B,15:00-17:59,1,0
N,PROPERTY DAMAGE ONLY,GARDEN CITY RD,N,2024,TUESDAY,REAR END,N,Y,49.162867,-123.125539,N,JUNE,N,RICHMOND,RICHMOND,RICHMOND,N,N,N,LOWER MAINLAND,GARDEN CITY RD & GRANVILLE AVE & TURNING LANE,GRANVILLE AVE,GRANVILLE AVE,15:00-17:59,1,0
N,PROPERTY DAMAGE ONLY,GEORGE FERGUSON WAY,N,2024,TUESDAY,REAR END,N,Y,49.054848,-122.3379,N,JUNE,N,ABBOTSFORD,ABBOTSFORD,ABBOTSFORD,N,N,N,LOWER MAINLAND,CLEARBROOK RD & GEORGE FERGUSON WAY,CLEARBROOK RD,CLEARBROOK RD,15:00-17:59,1,0
N,PROPERTY DAMAGE ONLY,GEORGE MASSEY TUNNEL,N,2024,TUESDAY,SIDE SWIPE - SAME DIRECTION,N,Y,49.116848,-123.069522,N,JUNE,N,DELTA,DELTA,DELTA,N,N,N,LOWER MAINLAND,GEORGE MASSEY TUNNEL & HWY 99 & EMERGENCY LANE,HWY 99,HWY 99,15:00-17:59,1,0
N,PROPERTY DAMAGE ONLY,GEORGIA,N,2024,TUESDAY,REAR END,N,N,\N,\N,N,JUNE,N,VANCOUVER,VANCOUVER,\N,N,N,N,LOWER MAINLAND,UNKNOWN,THURLOW ST,THURLOW ST,15:00-17:59,1,0
N,PROPERTY DAMAGE ONLY,GLADSTONE ST,N,2024,TUESDAY,SIDE IMPACT,N,Y,49.243562,-123.06181,N,JUNE,N,VANCOUVER,VANCOUVER,VANCOUVER,Y,N,N,LOWER MAINLAND,GLADSTONE ST & KINGSWAY,KINGSWAY,KINGSWAY,15:00-17:59,1,0
N,PROPERTY DAMAGE ONLY,GOLDSTREAM AVE,N,2024,TUESDAY,REAR TO REAR,N,Y,48.44899,-123.499377,N,JUNE,N,LANGFORD,LANGFORD,LANGFORD,N,N,N,VANCOUVER ISLAND,CLAUDE RD & GOLDSTREAM AVE,CLAUDE RD,CLAUDE RD,15:00-17:59,1,0
N,PROPERTY DAMAGE ONLY,GOLETA DR,N,2024,TUESDAY,REAR END,N,Y,49.267969,-122.949552,N,JUNE,N,BURNABY,BURNABY,BURNABY,N,Y,N,LOWER MAINLAND,GOLETA DR & HALIFAX ST,HALIFAX ST,HALIFAX ST,15:00-17:59,1,0
N,PROPERTY DAMAGE ONLY,GRANVILLE ST,N,2024,TUESDAY,SIDE IMPACT,N,Y,49.258014,-123.138741,N,JUNE,N,VANCOUVER,VANCOUVER,VANCOUVER,N,N,N,LOWER MAINLAND,GRANVILLE ST & W 15TH AVE,W 15TH AVE,W 15TH AVE,15:00-17:59,1,0
N,PROPERTY DAMAGE ONLY,GREEN AVE W,N,2024,TUESDAY,UNDETERMINED,N,Y,49.462665,-119.594713,N,JUNE,N,PENTICTON,PENTICTON,PENTICTON,N,N,N,SOUTHERN INTERIOR,CHANNEL PKY & GREEN AVE W & SATIKW DR,CHANNEL PKY,CHANNEL PKY,15:00-17:59,1,0
N,PROPERTY DAMAGE ONLY,HARBOURSIDE PL,N,2024,TUESDAY,UNDETERMINED,N,Y,49.314568,-123.096895,N,JUNE,N,NORTH VANCOUVER,NORTH VANCOUVER,NORTH VANCOUVER,Y,Y,N,LOWER MAINLAND,HARBOURSIDE DR & HARBOURSIDE PL,HARBOURSIDE DR,HARBOURSIDE DR,15:00-17:59,1,0
N,PROPERTY DAMAGE ONLY,HARBOURVIEW RD,N,2024,TUESDAY,REAR END,N,Y,48.391118,-123.667193,N,JUNE,N,SOOKE,SOOKE,SOOKE,N,N,N,VANCOUVER ISLAND,GALLOPING GOOSE TRAIL & HARBOURVIEW RD & SHEPHERDS WAY & SOOKE RD,SOOKE RD,SOOKE RD,15:00-17:59,1,0
N,PROPERTY DAMAGE ONLY,HARVEY AVE,N,2024,TUESDAY,MULTIPLE IMPACTS,N,N,\N,\N,N,JUNE,N,KELOWNA,KELOWNA,\N,N,N,N,SOUTHERN INTERIOR,UNKNOWN,DILWORTH DRIVE,DILWORTH DRIVE,15:00-17:59,1,0
N,PROPERTY DAMAGE ONLY,HARVEY AVE,N,2024,TUESDAY,UNDETERMINED,N,Y,49.883555,-119.49626,N,JUNE,N,KELOWNA,KELOWNA,KELOWNA,N,N,N,SOUTHERN INTERIOR,HARVEY AVE & PANDOSY ST & WATER ST & TURNING LANE,WATER ST,WATER ST,15:00-17:59,1,0
N,PROPERTY DAMAGE ONLY,HASTINGS ST,N,2024,TUESDAY,SIDE SWIPE - SAME DIRECTION,N,Y,49.281027,-123.005889,N,JUNE,N,BURNABY,BURNABY,BURNABY,N,N,N,LOWER MAINLAND,HASTINGS ST & ROSSER AVE,ROSSER AVE,ROSSER AVE,15:00-17:59,1,0
N,PROPERTY DAMAGE ONLY,HEATHER ST,N,2024,TUESDAY,REAR END,N,Y,49.241168,-123.120634,N,JUNE,N,VANCOUVER,VANCOUVER,VANCOUVER,N,N,N,LOWER MAINLAND,HEATHER ST & W 33RD AVE,W 33RD AVE,W 33RD AVE,15:00-17:59,1,0
N,PROPERTY DAMAGE ONLY,HEATHER ST,N,2024,TUESDAY,UNDETERMINED,N,Y,49.258724,-123.120056,N,JUNE,N,VANCOUVER,VANCOUVER,VANCOUVER,Y,N,N,LOWER MAINLAND,HEATHER ST & W 14TH AVE,W 14TH AVE,W 14TH AVE,15:00-17:59,1,0
N,PROPERTY DAMAGE ONLY,HEATLEY,N,2024,TUESDAY,UNDETERMINED,N,N,\N,\N,N,JUNE,N,VANCOUVER,VANCOUVER,\N,Y,N,N,LOWER MAINLAND,UNKNOWN,HASTINGS,HASTINGS,15:00-17:59,1,0
N,PROPERTY DAMAGE ONLY,HILLSIDE AVE,N,2024,TUESDAY,SIDE IMPACT,N,Y,48.440829,-123.349299,N,JUNE,N,VICTORIA,VICTORIA,VICTORIA,N,N,N,VANCOUVER ISLAND,HIGGINS ST & HILLSIDE AVE & THE CRIDGE CENTRE FOR THE FAMILY SCHOOL ACCESS,HIGGINS ST,HIGGINS ST,15:00-17:59,1,0
N,PROPERTY DAMAGE ONLY,HOLLYWOOD RD S,N,2024,TUESDAY,UNDETERMINED,N,Y,49.865864,-119.38934,N,JUNE,N,KELOWNA,KELOWNA,KELOWNA,N,N,N,SOUTHERN INTERIOR,EAST KELOWNA RD & HOLLYWOOD RD S,EAST KELOWNA RD,EAST KELOWNA RD,15:00-17:59,1,0
N,PROPERTY DAMAGE ONLY,HOLT RD,N,2024,TUESDAY,REAR END,N,Y,49.169177,-122.890278,N,JUNE,N,DELTA,DELTA,DELTA & SURREY,N,N,N,LOWER MAINLAND,120 ST & HOLT RD,120 ST,120 ST,15:00-17:59,1,0
N,PROPERTY DAMAGE ONLY,HOWE ST,N,2024,TUESDAY,UNDETERMINED,N,Y,49.285971,-123.114856,N,JUNE,N,VANCOUVER,VANCOUVER,VANCOUVER,N,N,N,LOWER MAINLAND,HOWE ST & W HASTINGS ST,W HASTINGS ST,W HASTINGS ST,15:00-17:59,1,0
N,PROPERTY DAMAGE ONLY,HWY 1,N,2024,TUESDAY,REAR END,N,N,\N,\N,N,JUNE,N,VANCOUVER,VANCOUVER,\N,N,N,N,LOWER MAINLAND,UNKNOWN,GRANDVIEW,GRANDVIEW,15:00-17:59,1,0
N,PROPERTY DAMAGE ONLY,HWY 1,N,2024,TUESDAY,SIDE IMPACT,N,Y,49.33199,-123.088135,N,JUNE,N,NORTH VANCOUVER,NORTH VANCOUVER,NORTH VANCOUVER,N,N,N,LOWER MAINLAND,MOSQUITO CREEK BRIDGE & TRANS-CANADA HWY & WESTVIEW DR & WESTVIEW DR OFFRAMP & WESTVIEW DR ONRAMP & TURNING LANE,WESTVIEW DR,WESTVIEW DR,15:00-17:59,1,0
N,PROPERTY DAMAGE ONLY,HWY 1,N,2024,TUESDAY,SIDE SWIPE - SAME DIRECTION,N,N,\N,\N,N,JUNE,N,VICTORIA,VICTORIA,\N,N,N,N,VANCOUVER ISLAND,UNKNOWN,MCKENZIE ST,MCKENZIE ST,15:00-17:59,1,0
N,PROPERTY DAMAGE ONLY,HWY 10,N,2024,TUESDAY,SINGLE VEHICLE,N,Y,49.136327,-122.581328,N,JUNE,N,LANGLEY,LANGLEY,LANGLEY,N,N,N,LOWER MAINLAND,232 ST & 232 ST OFFRAMP & 232 ST ONRAMP & 72 AVE & 72 AVE ONRAMP & TRANS-CANADA HWY,232 ST ONRAMP,232 ST ONRAMP,15:00-17:59,1,0
N,PROPERTY DAMAGE ONLY,HWY 15,N,2024,TUESDAY,CONFLICTED,Y,Y,49.138147,-122.734746,N,JUNE,N,SURREY,SURREY,SURREY,N,N,N,LOWER MAINLAND,176 ST & FRASER HWY & HARVIE RD & TURNING LANE,FRASER HWY,FRASER HWY,15:00-17:59,1,0
N,PROPERTY DAMAGE ONLY,HWY 17A,N,2024,TUESDAY,CONFLICTED,N,Y,49.107741,-123.055663,N,JUNE,N,DELTA,DELTA,DELTA,N,N,N,LOWER MAINLAND,HWY 17A & HWY 17A OFFRAMP & HWY 17A ONRAMP & HWY 99,HWY 99,HWY 99,15:00-17:59,1,0
N,PROPERTY DAMAGE ONLY,HWY 5 OFFRAMP,N,2024,TUESDAY,REAR END,N,Y,50.08977,-120.748897,N,JUNE,N,MERRITT,MERRITT,MERRITT,N,N,N,SOUTHERN INTERIOR,HWY 5 & HWY 5A OFFRAMP & HWY 5A ONRAMP & HWY 97C & HWY 97C ONRAMP & MERRITT-PRINCETON HWY 5A & TURNING LANE & UNSIGNED,HWY 5A,HWY 5A,15:00-17:59,1,0
N,PROPERTY DAMAGE ONLY,HWY 97,N,2024,TUESDAY,CONFLICTED,N,N,\N,\N,N,JUNE,N,ARMSTRONG,ARMSTRONG,\N,N,N,N,SOUTHERN INTERIOR,UNKNOWN,ROSEDALE AVE,ROSEDALE AVE,15:00-17:59,1,0
N,PROPERTY DAMAGE ONLY,HWY 97 N,N,2024,TUESDAY,SIDE IMPACT,N,Y,49.881851,-119.437406,N,JUNE,N,KELOWNA,KELOWNA,KELOWNA,Y,Y,N,SOUTHERN INTERIOR,DILWORTH DR & HARVEY AVE & TURNING LANE,DILWORTH DR,DILWORTH DR,15:00-17:59,1,0
N,PROPERTY DAMAGE ONLY,HWY 99,N,2024,TUESDAY,SIDE SWIPE - SAME DIRECTION,N,Y,49.095309,-123.026444,N,JUNE,N,DELTA,DELTA,DELTA,N,N,N,LOWER MAINLAND,72 ST & 72 ST OFFRAMP & BURNS DR & BURNS DR ONRAMP & HWY 17 & HWY 17 OFFRAMP & HWY 17 ONRAMP & HWY 17A OFFRAMP & HWY 99,HWY 17,HWY 17,15:00-17:59,1,0
N,PROPERTY DAMAGE ONLY,HWY 99,Y,2024,TUESDAY,SINGLE VEHICLE,N,Y,49.704443,-123.145404,N,JUNE,N,SQUAMISH,SQUAMISH,SQUAMISH,N,N,N,LOWER MAINLAND,CLEVELAND AVE & HWY 99 & LOGGERS LANE & RIVER RD & TURNING LANE,CLEVELAND AVE,CLEVELAND AVE,15:00-17:59,1,0
N,PROPERTY DAMAGE ONLY,IMPERIAL ST,N,2024,TUESDAY,REAR END,N,Y,49.229239,-122.947228,N,JUNE,N,BURNABY,BURNABY,BURNABY,N,N,N,LOWER MAINLAND,CANADA WAY & IMPERIAL ST,CANADA WAY,CANADA WAY,15:00-17:59,1,0
N,PROPERTY DAMAGE ONLY,INTERURBAN RD,N,2024,TUESDAY,SIDE SWIPE - SAME DIRECTION,Y,Y,48.478409,-123.410685,N,JUNE,N,SAANICH,SAANICH,SAANICH,N,N,N,VANCOUVER ISLAND,HASTINGS ST & INTERURBAN RD & WILKINSON RD & MALL ACCESS & TURNING LANE,WILKINSON RD,WILKINSON RD,15:00-17:59,1,0
N,PROPERTY DAMAGE ONLY,ISLAND HWY N,N,2024,TUESDAY,REAR END,N,N,\N,\N,N,JUNE,N,NANAIMO,NANAIMO,\N,N,N,N,VANCOUVER ISLAND,UNKNOWN,ENTERPRISE WAY,ENTERPRISE WAY,15:00-17:59,1,0
N,PROPERTY DAMAGE ONLY,JOHNSON ST,N,2024,TUESDAY,CONFLICTED,N,Y,49.278548,-122.80176,N,JUNE,N,COQUITLAM,COQUITLAM,COQUITLAM,Y,N,N,LOWER MAINLAND,CONLEY CRES & JOHNSON ST,CONLEY CRES,CONLEY CRES,15:00-17:59,1,0
N,PROPERTY DAMAGE ONLY,JOHNSON ST,N,2024,TUESDAY,REAR END,N,Y,48.426853,-123.361838,N,JUNE,N,VICTORIA,VICTORIA,VICTORIA,N,N,N,VANCOUVER ISLAND,BLANSHARD ST & JOHNSON ST,BLANSHARD ST,BLANSHARD ST,15:00-17:59,1,0
N,PROPERTY DAMAGE ONLY,JOHNSTON ST,N,2024,TUESDAY,SIDE IMPACT,N,Y,49.271071,-123.133928,N,JUNE,N,VANCOUVER,VANCOUVER,VANCOUVER,Y,Y,N,LOWER MAINLAND,ANDERSON ST & JOHNSTON ST & OLD BRIDGE ST,OLD BRIDGE ST,OLD BRIDGE ST,15:00-17:59,1,0
N,PROPERTY DAMAGE ONLY,KENSINGTON AVE,N,2024,TUESDAY,CONFLICTED,N,Y,49.241592,-122.968214,N,JUNE,N,BURNABY,BURNABY,BURNABY,N,N,N,LOWER MAINLAND,CANADA WAY & GILPIN ST & KENSINGTON AVE & TURNING LANE,CANADA WAY,CANADA WAY,15:00-17:59,1,0
N,PROPERTY DAMAGE ONLY,KING GEORGE BLVD,N,2024,TUESDAY,SIDE IMPACT,N,Y,49.042763,-122.790072,N,JUNE,N,SURREY,SURREY,SURREY,N,N,N,LOWER MAINLAND,156 ST & KING GEORGE BLVD & TURNING LANE & UNNAMED LANE,156 ST,156 ST,15:00-17:59,1,0
N,PROPERTY DAMAGE ONLY,KING GEORGE BLVD,N,2024,TUESDAY,SINGLE VEHICLE,N,Y,49.198876,-122.845956,N,JUNE,N,SURREY,SURREY,SURREY,N,N,N,LOWER MAINLAND,108 AVE & KING GEORGE BLVD & TURNING LANE,108 AVE,108 AVE,15:00-17:59,1,0
N,PROPERTY DAMAGE ONLY,KING GEORGE HWY,N,2024,TUESDAY,REAR END,N,Y,49.119042,-122.845493,N,JUNE,N,SURREY,SURREY,SURREY,N,N,N,LOWER MAINLAND,64 AVE & KING GEORGE BLVD & TURNING LANE,64 AVE,64 AVE,15:00-17:59,1,0
N,PROPERTY DAMAGE ONLY,KING GEORGE HWY,N,2024,TUESDAY,SIDE SWIPE - SAME DIRECTION,N,Y,49.05882,-122.80993,N,JUNE,N,SURREY,SURREY,SURREY,N,N,N,LOWER MAINLAND,148 ST & 32 AVE DIVERSION & KING GEORGE BLVD & TURNING LANE,32 AVE,32 AVE,15:00-17:59,1,0
N,PROPERTY DAMAGE ONLY,KINGSWAY,N,2024,TUESDAY,CONFLICTED,N,Y,49.232291,-123.023537,N,JUNE,N,BURNABY,BURNABY,BURNABY & VANCOUVER,N,N,N,LOWER MAINLAND,BOUNDARY RD & KINGSWAY & TURNING LANE,BOUNDARY RD,BOUNDARY RD,15:00-17:59,1,0
N,PROPERTY DAMAGE ONLY,KINGSWAY,N,2024,TUESDAY,SIDE IMPACT,N,Y,49.22545,-122.990325,N,JUNE,N,BURNABY,BURNABY,BURNABY,N,N,N,LOWER MAINLAND,BURLINGTON AVE & KINGSWAY,BURLINGTON AVE,BURLINGTON AVE,15:00-17:59,1,0
N,PROPERTY DAMAGE ONLY,KINGSWAY,N,2024,TUESDAY,SIDE SWIPE - SAME DIRECTION,N,Y,49.237566,-123.048809,N,JUNE,N,VANCOUVER,VANCOUVER,VANCOUVER,N,N,N,LOWER MAINLAND,EARLES ST & KINGSWAY,EARLES ST,EARLES ST,15:00-17:59,1,0
N,PROPERTY DAMAGE ONLY,KINGSWAY,N,2024,TUESDAY,UNDETERMINED,N,Y,49.218316,-122.951539,N,JUNE,N,BURNABY,BURNABY,BURNABY,N,N,N,LOWER MAINLAND,EDMONDS ST & KINGSWAY & TURNING LANE,EDMONDS ST,EDMONDS ST,15:00-17:59,1,0
N,PROPERTY DAMAGE ONLY,KNIGHT ST BRIDGE,N,2024,TUESDAY,CONFLICTED,N,Y,49.211079,-123.077129,N,JUNE,N,VANCOUVER,VANCOUVER,VANCOUVER,N,N,N,LOWER MAINLAND,KNIGHT ST & KNIGHT ST BRIDGE & SE MARINE DR & SE MARINE DR OFFRAMP & SE MARINE DR ONRAMP & BUS LANE,KNIGHT ST,KNIGHT ST,15:00-17:59,1,0
N,PROPERTY DAMAGE ONLY,KNIGHT ST BRIDGE,N,2024,TUESDAY,REAR END,N,Y,49.211079,-123.077129,N,JUNE,N,VANCOUVER,VANCOUVER,VANCOUVER,N,N,N,LOWER MAINLAND,KNIGHT ST & KNIGHT ST BRIDGE & SE MARINE DR & SE MARINE DR OFFRAMP & SE MARINE DR ONRAMP & BUS LANE,KNIGHT ST,KNIGHT ST,15:00-17:59,1,0
N,PROPERTY DAMAGE ONLY,KOKANEE RD,N,2024,TUESDAY,SINGLE VEHICLE,N,Y,50.207971,-119.3987,N,JUNE,N,VERNON,VERNON,VERNON,N,N,N,SOUTHERN INTERIOR,EASTSIDE RD & KOKANEE RD,EASTSIDE RD,EASTSIDE RD,15:00-17:59,1,0
N,PROPERTY DAMAGE ONLY,LADNER TRUNK RD,N,2024,TUESDAY,REAR END,N,N,\N,\N,N,JUNE,N,SURREY,SURREY,\N,N,N,N,LOWER MAINLAND,UNKNOWN,HWY 91,HWY 91,15:00-17:59,1,0
N,PROPERTY DAMAGE ONLY,LANGLEY BYPASS,N,2024,TUESDAY,REAR END,N,Y,49.111887,-122.675391,N,JUNE,N,LANGLEY,LANGLEY,LANGLEY,N,N,N,LOWER MAINLAND,FRASER HWY & LANGLEY BYPASS & TURNING LANE,FRASER HWY,FRASER HWY,15:00-17:59,1,0
N,PROPERTY DAMAGE ONLY,LARCH ST,N,2024,TUESDAY,SIDE IMPACT,N,Y,49.236537,-123.162673,N,JUNE,N,VANCOUVER,VANCOUVER,VANCOUVER,N,N,N,LOWER MAINLAND,LARCH ST & W 39TH AVE,W 39TH AVE,W 39TH AVE,15:00-17:59,1,0
N,PROPERTY DAMAGE ONLY,LAUREL ST,N,2024,TUESDAY,REAR END,N,Y,49.265947,-123.124076,N,JUNE,N,VANCOUVER,VANCOUVER,VANCOUVER,N,N,N,LOWER MAINLAND,LAUREL ST & W 6TH AVE,W 6TH AVE,W 6TH AVE,15:00-17:59,1,0
N,PROPERTY DAMAGE ONLY,LECKIE RD,N,2024,TUESDAY,REAR END,N,Y,49.885924,-119.437725,N,JUNE,N,KELOWNA,KELOWNA,KELOWNA,N,N,N,SOUTHERN INTERIOR,DILWORTH DR & LECKIE PL & LECKIE RD,DILWORTH DR,DILWORTH DR,15:00-17:59,1,0
N,PROPERTY DAMAGE ONLY,LEIGH SQUARE PL,N,2024,TUESDAY,CONFLICTED,N,Y,49.262039,-122.781913,N,JUNE,N,PORT COQUITLAM,PORT COQUITLAM,PORT COQUITLAM,Y,N,N,LOWER MAINLAND,LEIGH SQUARE PL & SHAUGHNESSY ST & WHYTE AVE,SHAUGHNESSY ST,SHAUGHNESSY ST,15:00-17:59,1,0
N,PROPERTY DAMAGE ONLY,LIONS GATE BRIDGE,N,2024,TUESDAY,SIDE SWIPE - SAME DIRECTION,N,Y,49.311996,-123.141757,N,JUNE,N,VANCOUVER,VANCOUVER,VANCOUVER,N,N,N,LOWER MAINLAND,ELDON TRAIL & LIONS GATE BRIDGE & STANLEY PARK CAUSEWAY,HWY 99,HWY 99,15:00-17:59,1,0
N,PROPERTY DAMAGE ONLY,LOCHSIDE DR,N,2024,TUESDAY,REAR END,N,Y,48.50134,-123.362086,N,JUNE,N,SAANICH,SAANICH,SAANICH,N,N,N,VANCOUVER ISLAND,LOCHSIDE DR & ROYAL OAK DR,ROYAL OAK DR,ROYAL OAK DR,15:00-17:59,1,0
N,PROPERTY DAMAGE ONLY,LOCHSIDE DR,N,2024,TUESDAY,SINGLE VEHICLE,N,Y,48.561575,-123.38961,N,JUNE,N,CENTRAL SAANICH,CENTRAL SAANICH,CENTRAL SAANICH,N,N,N,VANCOUVER ISLAND,LOCHSIDE DR & MARTINDALE RD,MARTINDALE RD,MARTINDALE RD,15:00-17:59,1,0
N,PROPERTY DAMAGE ONLY,LONDON AVE ONRAMP,N,2024,TUESDAY,REAR END,N,Y,49.128178,-122.323907,N,JUNE,N,MISSION,MISSION,MISSION,N,N,N,LOWER MAINLAND,DYKE RD & DYKE RD OFFRAMP & DYKE RD ONRAMP & HWY 11 & LONDON AVE & LONDON AVE OFFRAMP & LONDON AVE ONRAMP & LONDON AVE OVERPASS & MALL ACCESS,HWY 11,HWY 11,15:00-17:59,1,0
N,PROPERTY DAMAGE ONLY,LONDON ST,N,2024,TUESDAY,REAR END,N,Y,49.205042,-122.95112,N,JUNE,N,NEW WESTMINSTER,NEW WESTMINSTER,NEW WESTMINSTER,N,N,N,LOWER MAINLAND,LONDON ST & TWENTIETH ST,TWENTIETH ST,TWENTIETH ST,15:00-17:59,1,0
N,PROPERTY DAMAGE ONLY,LONSDALE,N,2024,TUESDAY,SINGLE VEHICLE,N,N,\N,\N,N,JUNE,N,WEST VANCOUVER,WEST VANCOUVER,\N,N,N,N,LOWER MAINLAND,UNKNOWN,HWY 1,HWY 1,15:00-17:59,1,0
N,PROPERTY DAMAGE ONLY,LOUGHEED HWY,N,2024,TUESDAY,REAR END,N,Y,49.267482,-122.77645,N,JUNE,N,PORT COQUITLAM,PORT COQUITLAM,PORT COQUITLAM,N,N,N,LOWER MAINLAND,LOUGHEED HWY & SHAUGHNESSY ST & TURNING LANE,SHAUGHNESSY ST,SHAUGHNESSY ST,15:00-17:59,1,0
N,PROPERTY DAMAGE ONLY,LOUGHEED HWY,N,2024,TUESDAY,SIDE SWIPE - SAME DIRECTION,N,Y,49.217099,-122.631897,N,JUNE,N,MAPLE RIDGE,MAPLE RIDGE,MAPLE RIDGE,N,N,N,LOWER MAINLAND,LAITY ST & LOUGHEED HWY,LAITY ST,LAITY ST,15:00-17:59,1,0
N,PROPERTY DAMAGE ONLY,LOUGHEED HWY,N,2024,TUESDAY,UNDETERMINED,N,Y,49.267482,-122.77645,N,JUNE,N,PORT COQUITLAM,PORT COQUITLAM,PORT COQUITLAM,N,N,N,LOWER MAINLAND,LOUGHEED HWY & SHAUGHNESSY ST & TURNING LANE,SHAUGHNESSY ST,SHAUGHNESSY ST,15:00-17:59,1,0
N,PROPERTY DAMAGE ONLY,LYNDENE RD,N,2024,TUESDAY,UNDETERMINED,Y,Y,49.336548,-123.111691,N,JUNE,N,NORTH VANCOUVER,NORTH VANCOUVER,NORTH VANCOUVER,N,N,N,LOWER MAINLAND,ELIZABETH WAY & LYNDENE RD,ELIZABETH WAY,ELIZABETH WAY,15:00-17:59,1,0
N,PROPERTY DAMAGE ONLY,LYNN VALLEY RD ONRAMP,N,2024,TUESDAY,UNDETERMINED,N,Y,49.328871,-123.053569,N,JUNE,N,NORTH VANCOUVER,NORTH VANCOUVER,NORTH VANCOUVER,N,N,N,LOWER MAINLAND,BOULEVARD CRES & E 21ST ST & GRAND BLVD OFFRAMP & GRAND BLVD ONRAMP & LYNN VALLEY RD & LYNN VALLEY RD ONRAMP & TRANS-CANADA HWY & WILLIAM AVE OFFRAMP & TURNING LANE,HWY 1,HWY 1,15:00-17:59,1,0
N,PROPERTY DAMAGE ONLY,MAIN ST,N,2024,TUESDAY,CONFLICTED,N,Y,49.253792,-123.100871,N,JUNE,N,VANCOUVER,VANCOUVER,VANCOUVER,Y,N,N,LOWER MAINLAND,E 19TH AVE & MAIN ST,E 19TH AVE,E 19TH AVE,15:00-17:59,1,0
N,PROPERTY DAMAGE ONLY,MAIN ST,N,2024,TUESDAY,UNDETERMINED,N,Y,49.475476,-119.583087,N,JUNE,N,PENTICTON,PENTICTON,PENTICTON,N,N,N,SOUTHERN INTERIOR,MAIN ST & WARREN AVE E & WARREN AVE W,WARREN AVE W,WARREN AVE W,15:00-17:59,1,0
N,PROPERTY DAMAGE ONLY,MARINE DR,N,2024,TUESDAY,REAR END,N,Y,49.32717,-123.134922,N,JUNE,N,WEST VANCOUVER,WEST VANCOUVER,WEST VANCOUVER,N,N,N,LOWER MAINLAND,MARINE DR & TAYLOR WAY & TURNING LANE,TAYLOR WAY,TAYLOR WAY,15:00-17:59,1,0
N,PROPERTY DAMAGE ONLY,MARINE DR,N,2024,TUESDAY,SIDE SWIPE - SAME DIRECTION,N,Y,49.323939,-123.118907,N,JUNE,N,NORTH VANCOUVER,NORTH VANCOUVER,NORTH VANCOUVER,N,N,N,LOWER MAINLAND,GARDEN AVE & MARINE DR,GARDEN AVE,GARDEN AVE,15:00-17:59,1,0
N,PROPERTY DAMAGE ONLY,MARINE WAY,N,2024,TUESDAY,SIDE SWIPE - SAME DIRECTION,N,Y,49.196613,-122.968537,N,JUNE,N,BURNABY,BURNABY,BURNABY,N,N,N,LOWER MAINLAND,MARINE WAY & NORTH FRASER WAY & TURNING LANE,NORTH FRASER WAY,NORTH FRASER WAY,15:00-17:59,1,0
N,PROPERTY DAMAGE ONLY,MARLBOROUGH DR,N,2024,TUESDAY,CONFLICTED,N,Y,49.196594,-123.97753,N,JUNE,N,NANAIMO,NANAIMO,NANAIMO,Y,Y,N,VANCOUVER ISLAND,COSGROVE CRES & MARLBOROUGH DR,COSGROVE CRES,COSGROVE CRES,15:00-17:59,1,0
N,PROPERTY DAMAGE ONLY,MCCALLUM RD,N,2024,TUESDAY,CONFLICTED,N,Y,49.03129,-122.293023,N,JUNE,Y,ABBOTSFORD,ABBOTSFORD,ABBOTSFORD,N,N,N,LOWER MAINLAND,KING RD & MCCALLUM RD & PRIVATE DRIVEWAY & TURNING LANE,KING RD,KING RD,15:00-17:59,1,0
N,PROPERTY DAMAGE ONLY,MCCALLUM RD,N,2024,TUESDAY,UNDETERMINED,N,Y,49.045616,-122.293473,N,JUNE,N,ABBOTSFORD,ABBOTSFORD,ABBOTSFORD,N,N,N,LOWER MAINLAND,CANNON AVE & MCCALLUM RD & MCDOUGALL AVE,MCDOUGALL AVE,MCDOUGALL AVE,15:00-17:59,1,0
N,PROPERTY DAMAGE ONLY,MCGRATH RD,N,2024,TUESDAY,UNDETERMINED,N,Y,49.18235,-121.80505,N,JUNE,N,CHILLIWACK,CHILLIWACK,CHILLIWACK,N,N,N,LOWER MAINLAND,MCGRATH RD & YALE RD,YALE RD,YALE RD,15:00-17:59,1,0
N,PROPERTY DAMAGE ONLY,MCKENZIE AVE,N,2024,TUESDAY,UNDETERMINED,N,Y,48.470029,-123.364594,N,JUNE,N,SAANICH,SAANICH,SAANICH,N,Y,N,VANCOUVER ISLAND,MCKENZIE AVE & QUADRA ST,QUADRA ST,QUADRA ST,15:00-17:59,1,0
N,PROPERTY DAMAGE ONLY,MCKENZIE AVE OFFRAMP,N,2024,TUESDAY,REAR END,N,Y,48.459684,-123.404754,N,JUNE,N,SAANICH,SAANICH,SAANICH,N,N,N,VANCOUVER ISLAND,ADMIRALS RD & ADMIRALS RD OFFRAMP & MCKENZIE AVE & MCKENZIE AVE OFFRAMP & TRANS-CANADA HWY & TRANS-CANADA HWY ONRAMP & TURNING LANE,HWY 1,HWY 1,15:00-17:59,1,0
N,PROPERTY DAMAGE ONLY,MCNAUGHTON AVE,N,2024,TUESDAY,REAR END,N,Y,52.982164,-122.498845,N,JUNE,N,QUESNEL,QUESNEL,QUESNEL,N,N,N,NORTH CENTRAL,FRONT ST & MCNAUGHTON AVE & HOSPITAL ACCESS,HWY 97,HWY 97,15:00-17:59,1,0
N,PROPERTY DAMAGE ONLY,MILTON ST,N,2024,TUESDAY,CONFLICTED,N,Y,49.205303,-123.140462,N,JUNE,N,VANCOUVER,VANCOUVER,VANCOUVER,N,N,N,LOWER MAINLAND,GRANVILLE ST & MILTON ST & SW MARINE DR,SW MARINE DR,SW MARINE DR,15:00-17:59,1,0
N,PROPERTY DAMAGE ONLY,MISSION BRIDGE OFFRAMP,N,2024,TUESDAY,SIDE SWIPE - SAME DIRECTION,Y,N,\N,\N,N,JUNE,N,MISSION,MISSION,\N,N,N,N,LOWER MAINLAND,UNKNOWN,HWY 11,HWY 11,15:00-17:59,1,0
N,PROPERTY DAMAGE ONLY,MOODY ST,N,2024,TUESDAY,REAR END,N,Y,49.278874,-122.850138,N,JUNE,N,PORT MOODY,PORT MOODY,PORT MOODY,N,N,N,LOWER MAINLAND,MOODY ST & MURRAY ST,MURRAY ST,MURRAY ST,15:00-17:59,1,0
N,PROPERTY DAMAGE ONLY,MOUNTAIN HWY,N,2024,TUESDAY,REAR END,N,Y,49.313299,-123.040514,N,JUNE,N,NORTH VANCOUVER,NORTH VANCOUVER,NORTH VANCOUVER,N,N,N,LOWER MAINLAND,BROOKSBANK AVE & E KEITH RD & HEYWOOD ST & MOUNTAIN HWY,E KEITH RD,E KEITH RD,15:00-17:59,1,0
N,PROPERTY DAMAGE ONLY,MT LEHMAN RD,N,2024,TUESDAY,UNDETERMINED,N,Y,49.057775,-122.381509,N,JUNE,N,ABBOTSFORD,ABBOTSFORD,ABBOTSFORD,N,N,N,LOWER MAINLAND,FRASER HWY OFFRAMP & HIGHSTREET ACCESS RD & MT LEHMAN RD & MT LEHMAN RD OFFRAMP & TRANS-CANADA HWY & TRANS-CANADA HWY ONRAMP,HWY 1,HWY 1,15:00-17:59,1,0
N,PROPERTY DAMAGE ONLY,MT PAUL WAY,N,2024,TUESDAY,REAR END,N,N,\N,\N,N,JUNE,N,KAMLOOPS,KAMLOOPS,\N,N,N,N,SOUTHERN INTERIOR,UNKNOWN,HWY 5,HWY 5,15:00-17:59,1,0
N,PROPERTY DAMAGE ONLY,NANAIMO ST,N,2024,TUESDAY,CONFLICTED,N,Y,49.262131,-123.056591,N,JUNE,N,VANCOUVER,VANCOUVER,VANCOUVER,N,N,N,LOWER MAINLAND,E BROADWAY & NANAIMO ST,E BROADWAY,E BROADWAY,15:00-17:59,1,0
N,PROPERTY DAMAGE ONLY,NANAIMO ST,N,2024,TUESDAY,REAR END,N,Y,49.280234,-123.056548,N,JUNE,N,VANCOUVER,VANCOUVER,VANCOUVER,N,N,N,LOWER MAINLAND,E PENDER ST & NANAIMO ST,E PENDER ST,E PENDER ST,15:00-17:59,1,0
N,PROPERTY DAMAGE ONLY,NO 1 RD,N,2024,TUESDAY,SIDE SWIPE - SAME DIRECTION,N,Y,49.148331,-123.18133,N,JUNE,N,RICHMOND,RICHMOND,RICHMOND,N,N,N,LOWER MAINLAND,FRANCIS RD & NO 1 RD,FRANCIS RD,FRANCIS RD,15:00-17:59,1,0
N,PROPERTY DAMAGE ONLY,NO 2 RD,N,2024,TUESDAY,SIDE SWIPE - OPPOSITE DIRECTION,N,Y,49.17015,-123.158805,N,JUNE,N,RICHMOND,RICHMOND,RICHMOND,Y,Y,N,LOWER MAINLAND,NO 2 RD & WESTMINSTER HWY & TURNING LANE,WESTMINSTER HWY,WESTMINSTER HWY,15:00-17:59,1,0
N,PROPERTY DAMAGE ONLY,NO 5 RD,N,2024,TUESDAY,SIDE IMPACT,N,Y,49.170298,-123.091643,N,JUNE,N,RICHMOND,RICHMOND,RICHMOND,N,N,N,LOWER MAINLAND,NO 5 RD & WESTMINSTER HWY & TURNING LANE,WESTMINSTER HWY,WESTMINSTER HWY,15:00-17:59,1,0
N,PROPERTY DAMAGE ONLY,NO 5 RD,N,2024,TUESDAY,SINGLE VEHICLE,Y,Y,49.196521,-123.091431,N,JUNE,N,RICHMOND,RICHMOND,RICHMOND,Y,N,N,LOWER MAINLAND,NO 5 RD & RIVER RD,RIVER RD,RIVER RD,15:00-17:59,1,0
N,PROPERTY DAMAGE ONLY,NO 5 RD,N,2024,TUESDAY,UNDETERMINED,N,Y,49.170298,-123.091643,N,JUNE,N,RICHMOND,RICHMOND,RICHMOND,Y,Y,N,LOWER MAINLAND,NO 5 RD & WESTMINSTER HWY & TURNING LANE,WESTMINSTER HWY,WESTMINSTER HWY,15:00-17:59,1,0
N,PROPERTY DAMAGE ONLY,NORTH DAIRY RD,N,2024,TUESDAY,UNDETERMINED,N,Y,48.448159,-123.33437,N,JUNE,N,SAANICH,SAANICH,SAANICH & VICTORIA,N,N,N,VANCOUVER ISLAND,BROWNING ST & HILLSIDE SHOPPING CTR & NORTH DAIRY RD,BROWNING ST,BROWNING ST,15:00-17:59,1,0
N,PROPERTY DAMAGE ONLY,OAK ST,N,2024,TUESDAY,SIDE IMPACT,N,Y,49.241437,-123.127824,N,JUNE,N,VANCOUVER,VANCOUVER,VANCOUVER,Y,Y,N,LOWER MAINLAND,OAK ST & W 33RD AVE,W 33RD AVE,W 33RD AVE,15:00-17:59,1,0
N,PROPERTY DAMAGE ONLY,OAK ST,N,2024,TUESDAY,SIDE SWIPE - OPPOSITE DIRECTION,N,N,\N,\N,N,JUNE,N,VANCOUVER,VANCOUVER,\N,N,N,N,LOWER MAINLAND,UNKNOWN,SEVENTITH AVE,SEVENTITH AVE,15:00-17:59,1,0
N,PROPERTY DAMAGE ONLY,OAK ST,N,2024,TUESDAY,UNDETERMINED,N,Y,49.257814,-123.127037,N,JUNE,N,VANCOUVER,VANCOUVER,VANCOUVER,N,N,N,LOWER MAINLAND,OAK ST & W 15TH AVE,W 15TH AVE,W 15TH AVE,15:00-17:59,1,0
N,PROPERTY DAMAGE ONLY,OKANAGAN AVE W,N,2024,TUESDAY,SINGLE VEHICLE,N,Y,49.476801,-119.587663,N,JUNE,N,PENTICTON,PENTICTON,PENTICTON,N,N,N,SOUTHERN INTERIOR,ATKINSON ST & OKANAGAN AVE W,ATKINSON ST,ATKINSON ST,15:00-17:59,1,0
N,PROPERTY DAMAGE ONLY,OLD YALE RD,N,2024,TUESDAY,SIDE SWIPE - SAME DIRECTION,N,Y,49.053723,-122.354967,N,JUNE,N,ABBOTSFORD,ABBOTSFORD,ABBOTSFORD,N,N,N,LOWER MAINLAND,MACLURE RD & OLD YALE RD & TURNING LANE,MACLURE RD,MACLURE RD,15:00-17:59,1,0
N,PROPERTY DAMAGE ONLY,OTTAWA ST,N,2024,TUESDAY,REAR END,N,Y,49.255475,-122.747715,N,JUNE,N,PORT COQUITLAM,PORT COQUITLAM,PORT COQUITLAM,N,N,N,LOWER MAINLAND,LOUGHEED HWY & OTTAWA ST & TURNING LANE,LOUGHEED HWY,LOUGHEED HWY,15:00-17:59,1,0
N,PROPERTY DAMAGE ONLY,PACIFIC,N,2024,TUESDAY,UNDETERMINED,N,N,\N,\N,N,JUNE,N,UNKNOWN,UNKNOWN,\N,N,N,N,UNKNOWN,UNKNOWN,STAYTE RD (160 ST),STAYTE RD (160 ST),15:00-17:59,1,0
N,PROPERTY DAMAGE ONLY,PANDORA AVE,N,2024,TUESDAY,SIDE SWIPE - SAME DIRECTION,N,Y,48.427723,-123.361624,N,JUNE,N,VICTORIA,VICTORIA,VICTORIA,N,N,N,VANCOUVER ISLAND,BLANSHARD ST & PANDORA AVE,BLANSHARD ST,BLANSHARD ST,15:00-17:59,1,0
N,PROPERTY DAMAGE ONLY,PANDORA AVE,N,2024,TUESDAY,SINGLE VEHICLE,N,Y,48.426713,-123.353294,N,JUNE,N,VICTORIA,VICTORIA,VICTORIA,N,N,N,VANCOUVER ISLAND,COOK ST & PANDORA AVE,COOK ST,COOK ST,15:00-17:59,1,0
N,PROPERTY DAMAGE ONLY,PANDOSY ST,N,2024,TUESDAY,SIDE SWIPE - SAME DIRECTION,N,Y,49.874511,-119.491231,N,JUNE,N,KELOWNA,KELOWNA,KELOWNA,N,N,N,SOUTHERN INTERIOR,PANDOSY ST & ROYAL AVE,ROYAL AVE,ROYAL AVE,15:00-17:59,1,0
N,PROPERTY DAMAGE ONLY,PARADISE VALLEY,N,2024,TUESDAY,SIDE IMPACT,N,N,\N,\N,N,JUNE,N,PEACHLAND,PEACHLAND,\N,N,N,N,SOUTHERN INTERIOR,UNKNOWN,HWY 97,HWY 97,15:00-17:59,1,0
N,PROPERTY DAMAGE ONLY,PATTULLO BRIDGE,N,2024,TUESDAY,REAR END,N,Y,49.205712,-122.885244,N,JUNE,N,SURREY,SURREY,SURREY,N,N,N,LOWER MAINLAND,BRIDGE RD & KING GEORGE BLVD & PATTULLO BRIDGE,KING GEORGE BLVD,KING GEORGE BLVD,15:00-17:59,1,0
N,PROPERTY DAMAGE ONLY,PATTULLO BRIDGE,N,2024,TUESDAY,SINGLE VEHICLE,N,Y,49.208922,-122.897942,N,JUNE,N,NEW WESTMINSTER,NEW WESTMINSTER,NEW WESTMINSTER,N,N,N,LOWER MAINLAND,FRONT ST & HWY 1A & PATTULLO BRIDGE,HWY 1A,HWY 1A,15:00-17:59,1,0
N,PROPERTY DAMAGE ONLY,PEARDONVILLE RD,N,2024,TUESDAY,REAR END,N,Y,49.047001,-122.354234,N,JUNE,N,ABBOTSFORD,ABBOTSFORD,ABBOTSFORD,N,N,N,LOWER MAINLAND,LIVINGSTONE AVE & PEARDONVILLE RD & TURNING LANE,LIVINGSTONE AVE,LIVINGSTONE AVE,15:00-17:59,1,0
N,PROPERTY DAMAGE ONLY,PORT MANN BRIDGE,N,2024,TUESDAY,SINGLE VEHICLE,N,Y,49.211315,-122.808608,N,JUNE,N,SURREY,SURREY,SURREY,N,N,N,LOWER MAINLAND,PORT MANN BRIDGE & PORT MANN EAST SERVICE RD & TRANS-CANADA HWY,HWY 1,HWY 1,15:00-17:59,2,0
N,PROPERTY DAMAGE ONLY,QUEENS ST,N,2024,TUESDAY,REAR END,N,Y,49.276725,-122.858627,N,JUNE,N,PORT MOODY,PORT MOODY,PORT MOODY,N,N,N,LOWER MAINLAND,QUEENS ST & ST JOHNS ST,ST JOHNS ST,ST JOHNS ST,15:00-17:59,1,0
N,PROPERTY DAMAGE ONLY,RENFREW ST,N,2024,TUESDAY,SIDE IMPACT,N,Y,49.270411,-123.044203,N,JUNE,N,VANCOUVER,VANCOUVER,VANCOUVER,Y,N,N,LOWER MAINLAND,GRAVELEY ST & RENFREW ST,GRAVELEY ST,GRAVELEY ST,15:00-17:59,1,0
N,PROPERTY DAMAGE ONLY,RIVERSIDE WAY,N,2024,TUESDAY,SIDE IMPACT,N,Y,49.131117,-123.092187,N,JUNE,N,RICHMOND,RICHMOND,RICHMOND,N,N,N,LOWER MAINLAND,HORSESHOE WAY & NO 5 RD & RIVERSIDE WAY & TURNING LANE,NO 5 RD,NO 5 RD,15:00-17:59,1,0
N,PROPERTY DAMAGE ONLY,SAANICH RD,N,2024,TUESDAY,REAR END,N,Y,48.454201,-123.374304,N,JUNE,N,SAANICH,SAANICH,SAANICH,N,N,N,VANCOUVER ISLAND,OAK ST & SAANICH RD & UPTOWN BLVD & TURNING LANE,OAK ST,OAK ST,15:00-17:59,1,0
N,PROPERTY DAMAGE ONLY,SE MARINE DR,N,2024,TUESDAY,REAR END,N,Y,49.211079,-123.077129,N,JUNE,N,VANCOUVER,VANCOUVER,VANCOUVER,N,N,N,LOWER MAINLAND,KNIGHT ST & KNIGHT ST BRIDGE & SE MARINE DR & SE MARINE DR OFFRAMP & SE MARINE DR ONRAMP & BUS LANE,KNIGHT ST,KNIGHT ST,15:00-17:59,1,0
N,PROPERTY DAMAGE ONLY,SECOND AVE,N,2024,TUESDAY,REAR END,N,N,\N,\N,N,JUNE,N,BURNABY,BURNABY,\N,N,N,N,LOWER MAINLAND,UNKNOWN,10TH AVE,10TH AVE,15:00-17:59,1,0
N,PROPERTY DAMAGE ONLY,SEMIAHMOO AVE,N,2024,TUESDAY,UNDETERMINED,N,Y,49.021681,-122.791244,N,JUNE,N,WHITE ROCK,WHITE ROCK,WHITE ROCK,N,N,N,LOWER MAINLAND,BALSAM ST & SEMIAHMOO AVE,BALSAM ST,BALSAM ST,15:00-17:59,1,0
N,PROPERTY DAMAGE ONLY,SEYMOUR ST,N,2024,TUESDAY,UNDETERMINED,N,Y,49.276501,-123.125189,N,JUNE,N,VANCOUVER,VANCOUVER,VANCOUVER,Y,Y,N,LOWER MAINLAND,DAVIE ST & SEYMOUR ST,DAVIE ST,DAVIE ST,15:00-17:59,1,0
N,PROPERTY DAMAGE ONLY,SHUSWAP RD,N,2024,TUESDAY,REAR END,N,Y,50.682099,-120.299056,N,JUNE,N,KAMLOOPS IR NO 1,KAMLOOPS IR NO 1,KAMLOOPS IR NO 1,N,N,N,SOUTHERN INTERIOR,SHUSWAP RD & YELLOWHEAD HWY & TURNING LANE,HWY 5,HWY 5,15:00-17:59,1,0
N,PROPERTY DAMAGE ONLY,SOOKE RD,N,2024,TUESDAY,UNDETERMINED,N,Y,48.436232,-123.488027,N,JUNE,N,COLWOOD,COLWOOD,COLWOOD,N,N,N,VANCOUVER ISLAND,MOUNT VIEW AVE & SOOKE RD,MOUNT VIEW AVE,MOUNT VIEW AVE,15:00-17:59,1,0
N,PROPERTY DAMAGE ONLY,SOUTH FRASER WAY,N,2024,TUESDAY,REAR END,N,Y,49.053549,-122.381182,N,JUNE,N,ABBOTSFORD,ABBOTSFORD,ABBOTSFORD,N,N,N,LOWER MAINLAND,MT LEHMAN RD & SOUTH FRASER WAY,MT LEHMAN RD,MT LEHMAN RD,15:00-17:59,1,0
N,PROPERTY DAMAGE ONLY,SPRINGFIELD RD,Y,2024,TUESDAY,UNDETERMINED,N,Y,49.876797,-119.477082,N,JUNE,N,KELOWNA,KELOWNA,KELOWNA,N,N,N,SOUTHERN INTERIOR,GORDON DR & SPRINGFIELD RD,GORDON DR,GORDON DR,15:00-17:59,1,0
N,PROPERTY DAMAGE ONLY,ST GEORGE ST,N,2024,TUESDAY,CONFLICTED,N,Y,49.225524,-123.09408,N,JUNE,N,VANCOUVER,VANCOUVER,VANCOUVER,Y,N,N,LOWER MAINLAND,E 49TH AVE & ST GEORGE ST,E 49TH AVE,E 49TH AVE,15:00-17:59,1,0
N,PROPERTY DAMAGE ONLY,ST GEORGE ST,N,2024,TUESDAY,REAR END,N,Y,49.248686,-123.09406,N,JUNE,N,VANCOUVER,VANCOUVER,VANCOUVER,N,N,N,LOWER MAINLAND,E KING EDWARD AVE & ST GEORGE ST,E 25TH AVE,E 25TH AVE,15:00-17:59,1,0
N,PROPERTY DAMAGE ONLY,ST GEORGES AVE,N,2024,TUESDAY,REAR END,N,Y,49.323052,-123.069175,N,JUNE,N,NORTH VANCOUVER,NORTH VANCOUVER,NORTH VANCOUVER,N,N,N,LOWER MAINLAND,E 16TH ST & ST GEORGES AVE,E 16TH ST,E 16TH ST,15:00-17:59,1,0
N,PROPERTY DAMAGE ONLY,ST GEORGES AVE,N,2024,TUESDAY,SIDE SWIPE - SAME DIRECTION,N,Y,49.318929,-123.069278,N,JUNE,N,NORTH VANCOUVER,NORTH VANCOUVER,NORTH VANCOUVER,Y,N,N,LOWER MAINLAND,E 12TH ST & ST GEORGES AVE,E 12TH ST,E 12TH ST,15:00-17:59,1,0
N,PROPERTY DAMAGE ONLY,STANLEY PARK CAUSEWAY,N,2024,TUESDAY,UNDETERMINED,N,Y,49.297255,-123.136696,N,JUNE,Y,VANCOUVER,VANCOUVER,VANCOUVER,N,N,N,LOWER MAINLAND,STANLEY PARK CAUSEWAY & STANLEY PARK DR,STANLEY PARK DR,STANLEY PARK DR,15:00-17:59,1,0
N,PROPERTY DAMAGE ONLY,STATION ST,N,2024,TUESDAY,CONFLICTED,N,Y,49.272485,-123.098097,N,JUNE,N,VANCOUVER,VANCOUVER,VANCOUVER,N,N,N,LOWER MAINLAND,STATION ST & TERMINAL AVE,TERMINAL AVE,TERMINAL AVE,15:00-17:59,1,0
N,PROPERTY DAMAGE ONLY,STEVESTON HWY OFFRAMP,N,2024,TUESDAY,SIDE SWIPE - SAME DIRECTION,Y,Y,49.133474,-123.086736,N,JUNE,N,RICHMOND,RICHMOND,RICHMOND,N,N,N,LOWER MAINLAND,HWY 99 & HWY 99 ONRAMP & STEVESTON HWY & STEVESTON HWY OFFRAMP & STEVESTON HWY ONRAMP & TOURIST BOOTH RD & BUS LANE & SCALE ACCESS,HWY 99,HWY 99,15:00-17:59,1,0
N,PROPERTY DAMAGE ONLY,STICKLE RD,N,2024,TUESDAY,SINGLE VEHICLE,N,Y,50.297579,-119.254886,N,JUNE,N,VERNON,VERNON,VERNON,N,N,N,SOUTHERN INTERIOR,HWY 97 & STICKLE RD & TURNING LANE,HWY 97,HWY 97,15:00-17:59,1,0
N,PROPERTY DAMAGE ONLY,STRATHCONA,N,2024,TUESDAY,UNDETERMINED,Y,N,\N,\N,N,JUNE,N,KAMLOOPS,KAMLOOPS,\N,N,N,N,SOUTHERN INTERIOR,UNKNOWN,BATTLE ST,BATTLE ST,15:00-17:59,1,0
N,PROPERTY DAMAGE ONLY,SUNNYCREST RD,Y,2024,TUESDAY,SIDE IMPACT,N,Y,49.406725,-123.520445,N,JUNE,N,GIBSONS,GIBSONS,GIBSONS,N,N,N,LOWER MAINLAND,GIBSONS WAY & SUNNYCREST RD,GIBSONS WAY,GIBSONS WAY,15:00-17:59,1,0
N,PROPERTY DAMAGE ONLY,SUPERIOR ST,N,2024,TUESDAY,CONFLICTED,N,Y,48.41858,-123.365641,N,JUNE,N,VICTORIA,VICTORIA,VICTORIA,N,N,N,VANCOUVER ISLAND,BLANSHARD ST & DOUGLAS ST & SOUTHGATE ST & SUPERIOR ST,DOUGLAS ST,DOUGLAS ST,15:00-17:59,1,0
N,PROPERTY DAMAGE ONLY,SUSSEX AVE,N,2024,TUESDAY,SIDE IMPACT,N,Y,49.228382,-122.99935,N,JUNE,N,BURNABY,BURNABY,BURNABY,N,N,N,LOWER MAINLAND,KINGSWAY & SUSSEX AVE,KINGSWAY,KINGSWAY,15:00-17:59,1,0
N,PROPERTY DAMAGE ONLY,TAYLOR WAY OFFRAMP,N,2024,TUESDAY,UNDETERMINED,N,Y,49.337695,-123.13481,N,JUNE,N,WEST VANCOUVER,WEST VANCOUVER,WEST VANCOUVER,N,N,N,LOWER MAINLAND,TAYLOR WAY & TAYLOR WAY OFFRAMP & TAYLOR WAY ONRAMP & TRANS-CANADA HWY & TRANS-CANADA HWY ONRAMP & WESTCOT RD & TURNING LANE,HWY 1,HWY 1,15:00-17:59,1,0
N,PROPERTY DAMAGE ONLY,TEMPLETON ST,N,2024,TUESDAY,UNDETERMINED,N,Y,49.196879,-123.150135,N,JUNE,N,RICHMOND,RICHMOND,RICHMOND,Y,Y,N,LOWER MAINLAND,NORTH SERVICE RD & TEMPLETON ST & TEMPLETON STATION RD & TURNING LANE,TEMPLETON STATION RD,TEMPLETON STATION RD,15:00-17:59,1,0
N,PROPERTY DAMAGE ONLY,TENTH ST,N,2024,TUESDAY,UNDETERMINED,Y,Y,49.202102,-122.917422,N,JUNE,N,NEW WESTMINSTER,NEW WESTMINSTER,NEW WESTMINSTER,N,N,N,LOWER MAINLAND,ROYAL AVE & TENTH ST,ROYAL AVE,ROYAL AVE,15:00-17:59,1,0
N,PROPERTY DAMAGE ONLY,THOMAS RD,N,2024,TUESDAY,REAR END,N,Y,49.106623,-121.960305,N,JUNE,N,CHILLIWACK,CHILLIWACK,CHILLIWACK,N,N,N,LOWER MAINLAND,THOMAS RD & VEDDER RD & MALL ACCESS,VEDDER RD,VEDDER RD,15:00-17:59,1,0
N,PROPERTY DAMAGE ONLY,THURLOW ST,N,2024,TUESDAY,SIDE IMPACT,N,Y,49.282882,-123.127448,N,JUNE,N,VANCOUVER,VANCOUVER,VANCOUVER,Y,N,N,LOWER MAINLAND,TED NORTHE LANE & THURLOW ST,TED NORTHE LANE,TED NORTHE LANE,15:00-17:59,1,0
N,PROPERTY DAMAGE ONLY,THURLOW ST,N,2024,TUESDAY,SIDE SWIPE - SAME DIRECTION,Y,Y,49.285723,-123.123132,N,JUNE,N,VANCOUVER,VANCOUVER,VANCOUVER,N,N,N,LOWER MAINLAND,THURLOW ST & W GEORGIA ST,W GEORGIA ST,W GEORGIA ST,15:00-17:59,1,0
N,PROPERTY DAMAGE ONLY,TILBURY CONNECTOR,N,2024,TUESDAY,SIDE IMPACT,N,N,\N,\N,N,JUNE,N,DELTA,DELTA,\N,N,N,N,LOWER MAINLAND,UNKNOWN,HWY 17,HWY 17,15:00-17:59,1,0
N,PROPERTY DAMAGE ONLY,TOWNLINE RD,N,2024,TUESDAY,REAR END,N,Y,49.045866,-122.360044,N,JUNE,N,ABBOTSFORD,ABBOTSFORD,ABBOTSFORD,N,N,N,LOWER MAINLAND,PEARDONVILLE RD & TOWNLINE RD & TURNING LANE,PEARDONVILLE RD,PEARDONVILLE RD,15:00-17:59,1,0
N,PROPERTY DAMAGE ONLY,TRANS-CANADA HWY,N,2024,TUESDAY,REAR END,N,N,\N,\N,N,JUNE,N,VICTORIA,VICTORIA,\N,N,N,N,VANCOUVER ISLAND,UNKNOWN,HELMCKEN RD,HELMCKEN RD,15:00-17:59,1,0
N,PROPERTY DAMAGE ONLY,TREANOR AVE,N,2024,TUESDAY,SIDE IMPACT,N,Y,48.464496,-123.500301,N,JUNE,N,LANGFORD,LANGFORD,LANGFORD,N,N,N,VANCOUVER ISLAND,MILLSTREAM RD & TREANOR AVE & TURNING LANE,MILLSTREAM RD,MILLSTREAM RD,15:00-17:59,1,0
N,PROPERTY DAMAGE ONLY,UNKNOWN,N,2024,TUESDAY,REAR END,N,N,\N,\N,N,JUNE,N,RICHMOND,RICHMOND,\N,N,N,N,LOWER MAINLAND,UNKNOWN,HWY 91,HWY 91,15:00-17:59,1,0
N,PROPERTY DAMAGE ONLY,UNKNOWN,N,2024,TUESDAY,SIDE IMPACT,N,N,\N,\N,N,JUNE,N,KEREMEOS,KEREMEOS,\N,Y,Y,N,SOUTHERN INTERIOR,UNKNOWN,HWY 3,HWY 3,15:00-17:59,1,0
N,PROPERTY DAMAGE ONLY,VANALMAN AVE,N,2024,TUESDAY,REAR END,N,Y,48.48169,-123.390314,N,JUNE,Y,SAANICH,SAANICH,SAANICH,N,N,N,VANCOUVER ISLAND,GLANFORD AVE & VANALMAN AVE,GLANFORD AVE,GLANFORD AVE,15:00-17:59,1,0
N,PROPERTY DAMAGE ONLY,VENABLES ST,N,2024,TUESDAY,REAR END,N,Y,49.276512,-123.044115,N,JUNE,N,VANCOUVER,VANCOUVER,VANCOUVER,N,N,N,LOWER MAINLAND,RENFREW ST & VENABLES ST,RENFREW ST,RENFREW ST,15:00-17:59,1,0
N,PROPERTY DAMAGE ONLY,VICTORIA DR,N,2024,TUESDAY,REAR END,N,Y,49.256218,-123.066056,N,JUNE,N,VANCOUVER,VANCOUVER,VANCOUVER,N,N,N,LOWER MAINLAND,E 16TH AVE & VICTORIA DR,E 16TH AVE,E 16TH AVE,15:00-17:59,1,0
N,PROPERTY DAMAGE ONLY,VICTORIA DR,N,2024,TUESDAY,REAR END,N,Y,49.262291,-123.065917,N,JUNE,N,VANCOUVER,VANCOUVER,VANCOUVER,N,N,N,LOWER MAINLAND,E BROADWAY & VICTORIA DR,E BROADWAY,E BROADWAY,15:00-17:59,1,0
N,PROPERTY DAMAGE ONLY,W 10TH AVE,N,2024,TUESDAY,UNDETERMINED,N,Y,49.262334,-123.119922,N,JUNE,N,VANCOUVER,VANCOUVER,VANCOUVER,N,N,N,LOWER MAINLAND,HEATHER ST & W 10TH AVE,HEATHER ST,HEATHER ST,15:00-17:59,1,0
N,PROPERTY DAMAGE ONLY,W 19TH AVE,N,2024,TUESDAY,SIDE SWIPE - SAME DIRECTION,N,Y,49.254412,-123.12733,N,JUNE,N,VANCOUVER,VANCOUVER,VANCOUVER,N,N,N,LOWER MAINLAND,DOUGLAS CRES & OAK ST & W 19TH AVE,OAK ST,OAK ST,15:00-17:59,1,0
N,PROPERTY DAMAGE ONLY,W 33RD AVE,N,2024,TUESDAY,UNDETERMINED,N,Y,49.242334,-123.173002,N,JUNE,N,VANCOUVER,VANCOUVER,VANCOUVER,N,N,N,LOWER MAINLAND,CARNARVON ST & W 33RD AVE,CARNARVON ST,CARNARVON ST,15:00-17:59,1,0
N,PROPERTY DAMAGE ONLY,W 54TH AVE,N,2024,TUESDAY,UNDETERMINED,N,Y,49.221458,-123.12375,N,JUNE,N,VANCOUVER,VANCOUVER,VANCOUVER,Y,N,N,LOWER MAINLAND,HEATHER ST & W 54TH AVE,HEATHER ST,HEATHER ST,15:00-17:59,1,0
N,PROPERTY DAMAGE ONLY,W 57TH AVE,N,2024,TUESDAY,CONFLICTED,N,Y,49.219331,-123.140129,N,JUNE,N,VANCOUVER,VANCOUVER,VANCOUVER,N,N,N,LOWER MAINLAND,GRANVILLE ST & W 57TH AVE,GRANVILLE ST,GRANVILLE ST,15:00-17:59,1,0
N,PROPERTY DAMAGE ONLY,W 57TH AVE,N,2024,TUESDAY,REAR END,N,Y,49.219535,-123.158542,N,JUNE,N,VANCOUVER,VANCOUVER,VANCOUVER,N,N,N,LOWER MAINLAND,SW MARINE DR & W 57TH AVE & YEW ST,SW MARINE DR,SW MARINE DR,15:00-17:59,1,0
N,PROPERTY DAMAGE ONLY,W 59TH AVE,N,2024,TUESDAY,CONFLICTED,N,Y,49.217118,-123.12925,N,JUNE,N,VANCOUVER,VANCOUVER,VANCOUVER,N,N,N,LOWER MAINLAND,OAK ST & W 59TH AVE,OAK ST,OAK ST,15:00-17:59,1,0
N,PROPERTY DAMAGE ONLY,W GEORGIA ST,N,2024,TUESDAY,SIDE SWIPE - SAME DIRECTION,N,Y,49.284409,-123.121096,N,JUNE,N,VANCOUVER,VANCOUVER,VANCOUVER,N,N,N,LOWER MAINLAND,BURRARD ST & W GEORGIA ST,BURRARD ST,BURRARD ST,15:00-17:59,1,0
N,PROPERTY DAMAGE ONLY,WABI ESTATES RD,N,2024,TUESDAY,SINGLE VEHICLE,N,Y,55.67884,-121.530291,N,JUNE,N,CHETWYND,CHETWYND,CHETWYND,N,N,N,NORTH CENTRAL,HWY 97 S & WABI ESTATES,HWY 97,HWY 97,15:00-17:59,1,0
N,PROPERTY DAMAGE ONLY,WADE RD,N,2024,TUESDAY,SIDE SWIPE - SAME DIRECTION,N,Y,49.119407,-122.895981,N,JUNE,N,DELTA,DELTA,DELTA,N,N,N,LOWER MAINLAND,64 AVE & WADE RD,64 AVE,64 AVE,15:00-17:59,1,0
N,PROPERTY DAMAGE ONLY,WEBB AVE,N,2024,TUESDAY,CONFLICTED,N,Y,49.13461,-121.959772,N,JUNE,N,CHILLIWACK,CHILLIWACK,CHILLIWACK,N,N,N,LOWER MAINLAND,VEDDER RD & WEBB AVE & ACCESS ROAD,VEDDER RD,VEDDER RD,15:00-17:59,1,0
N,PROPERTY DAMAGE ONLY,WEBB AVE,N,2024,TUESDAY,SIDE IMPACT,N,Y,49.13461,-121.959772,N,JUNE,N,CHILLIWACK,CHILLIWACK,CHILLIWACK,N,N,N,LOWER MAINLAND,VEDDER RD & WEBB AVE & ACCESS ROAD,VEDDER RD,VEDDER RD,15:00-17:59,1,0
N,PROPERTY DAMAGE ONLY,WENTWORTH ST,N,2024,TUESDAY,SIDE IMPACT,N,Y,49.166256,-123.949166,N,JUNE,N,NANAIMO,NANAIMO,NANAIMO,Y,N,N,VANCOUVER ISLAND,MACHLEARY ST & WENTWORTH ST,MACHLEARY ST,MACHLEARY ST,15:00-17:59,1,0
N,PROPERTY DAMAGE ONLY,WESTMINSTER HWY,N,2024,TUESDAY,SIDE IMPACT,N,Y,49.170298,-123.091643,N,JUNE,N,RICHMOND,RICHMOND,RICHMOND,N,N,N,LOWER MAINLAND,NO 5 RD & WESTMINSTER HWY & TURNING LANE,NO 5 RD,NO 5 RD,15:00-17:59,1,0
N,PROPERTY DAMAGE ONLY,WESTWATER DR,N,2024,TUESDAY,UNDETERMINED,N,Y,49.121663,-123.171587,N,JUNE,N,RICHMOND,RICHMOND,RICHMOND,Y,Y,N,LOWER MAINLAND,RAILWAY AVE & WESTWATER DR,RAILWAY AVE,RAILWAY AVE,15:00-17:59,1,0
N,PROPERTY DAMAGE ONLY,WILLINGDON AVE,N,2024,TUESDAY,REAR END,N,Y,49.257636,-123.004065,N,JUNE,N,BURNABY,BURNABY,BURNABY,N,N,N,LOWER MAINLAND,GRANDVIEW HWY & GRANDVIEW HWY ONRAMP & TRANS-CANADA HWY & TRANS-CANADA HWY ONRAMP & WILLINGDON AVE & WILLINGDON AVE OFFRAMP & EMERGENCY LANE,HWY 1,HWY 1,15:00-17:59,1,0
N,PROPERTY DAMAGE ONLY,WILLOW ST,N,2024,TUESDAY,SINGLE VEHICLE,N,Y,49.233812,-123.123875,N,JUNE,N,VANCOUVER,VANCOUVER,VANCOUVER,N,N,N,LOWER MAINLAND,W 41ST AVE & WILLOW ST,W 41ST AVE,W 41ST AVE,15:00-17:59,1,0
N,PROPERTY DAMAGE ONLY,WOODSDALE RD,N,2024,TUESDAY,UNDETERMINED,N,Y,50.053687,-119.410827,N,JUNE,N,LAKE COUNTRY,LAKE COUNTRY,LAKE COUNTRY,N,N,N,SOUTHERN INTERIOR,HWY 97 & OCEOLA RD & WOODSDALE RD & TURNING LANE,HWY 97,HWY 97,15:00-17:59,1,0
N,PROPERTY DAMAGE ONLY,YUKON ST,N,2024,TUESDAY,SIDE SWIPE - SAME DIRECTION,N,Y,49.210898,-123.115222,N,JUNE,N,VANCOUVER,VANCOUVER,VANCOUVER,N,N,N,LOWER MAINLAND,SW MARINE DR & YUKON ST,SW MARINE DR,SW MARINE DR,15:00-17:59,1,0
Y,PROPERTY DAMAGE ONLY,\N,N,2024,TUESDAY,SINGLE VEHICLE,N,N,\N,\N,N,JUNE,N,CHRISTINA LAKE,CHRISTINA LAKE,\N,N,N,N,SOUTHERN INTERIOR,UNKNOWN,HWY 3,HWY 3,15:00-17:59,1,0
Y,PROPERTY DAMAGE ONLY,\N,N,2024,TUESDAY,SINGLE VEHICLE,N,N,\N,\N,N,JUNE,N,COTTONWOOD,COTTONWOOD,\N,N,N,N,NORTH CENTRAL,UNKNOWN,HWY 26,HWY 26,15:00-17:59,1,0
Y,PROPERTY DAMAGE ONLY,\N,N,2024,TUESDAY,SINGLE VEHICLE,N,N,\N,\N,N,JUNE,N,DAWSON CREEK,DAWSON CREEK,\N,N,N,N,NORTH CENTRAL,UNKNOWN,HERITAGE HWY,HERITAGE HWY,15:00-17:59,1,0
Y,PROPERTY DAMAGE ONLY,\N,N,2024,TUESDAY,SINGLE VEHICLE,N,N,\N,\N,N,JUNE,N,ENDERBY,ENDERBY,\N,N,N,N,SOUTHERN INTERIOR,UNKNOWN,TRINITY VALLEY RD,TRINITY VALLEY RD,15:00-17:59,1,0
Y,PROPERTY DAMAGE ONLY,\N,N,2024,TUESDAY,SINGLE VEHICLE,N,N,\N,\N,N,JUNE,N,MCBRIDE,MCBRIDE,\N,N,N,N,NORTH CENTRAL,UNKNOWN,MOUNTAIN VIEW RD,MOUNTAIN VIEW RD,15:00-17:59,1,0
Y,PROPERTY DAMAGE ONLY,\N,N,2024,TUESDAY,SINGLE VEHICLE,N,N,\N,\N,N,JUNE,N,NANAIMO,NANAIMO,\N,N,N,N,VANCOUVER ISLAND,UNKNOWN,HAMMOND BAY RD,HAMMOND BAY RD,15:00-17:59,1,0
Y,PROPERTY DAMAGE ONLY,\N,N,2024,TUESDAY,SINGLE VEHICLE,N,N,\N,\N,N,JUNE,N,PRINCE GEORGE,PRINCE GEORGE,\N,N,N,N,NORTH CENTRAL,UNKNOWN,HWY 97,HWY 97,15:00-17:59,1,0
Y,PROPERTY DAMAGE ONLY,\N,N,2024,TUESDAY,SINGLE VEHICLE,N,N,\N,\N,N,JUNE,N,REVELSTOKE,REVELSTOKE,\N,N,N,N,SOUTHERN INTERIOR,UNKNOWN,HWY 23 S,HWY 23 S,15:00-17:59,1,0
Y,PROPERTY DAMAGE ONLY,\N,N,2024,TUESDAY,SINGLE VEHICLE,N,N,\N,\N,N,JUNE,N,ROCK CREEK,ROCK CREEK,\N,N,N,N,SOUTHERN INTERIOR,UNKNOWN,HWY 3,HWY 3,15:00-17:59,1,0
Y,PROPERTY DAMAGE ONLY,\N,N,2024,TUESDAY,SINGLE VEHICLE,N,N,\N,\N,N,JUNE,N,SALMON ARM,SALMON ARM,\N,N,N,N,SOUTHERN INTERIOR,UNKNOWN,TRANS-CANADA HWY,TRANS-CANADA HWY,15:00-17:59,1,0
Y,PROPERTY DAMAGE ONLY,\N,N,2024,TUESDAY,SINGLE VEHICLE,N,N,\N,\N,N,JUNE,N,SOOKE,SOOKE,\N,N,N,N,VANCOUVER ISLAND,UNKNOWN,WHIFFIN SPIT RD,WHIFFIN SPIT RD,15:00-17:59,1,0
Y,PROPERTY DAMAGE ONLY,\N,N,2024,TUESDAY,SINGLE VEHICLE,N,N,\N,\N,N,JUNE,N,VICTORIA,VICTORIA,\N,N,N,N,VANCOUVER ISLAND,UNKNOWN,TRANS CANADA HWY,TRANS CANADA HWY,15:00-17:59,1,0
Y,PROPERTY DAMAGE ONLY,\N,N,2024,TUESDAY,SINGLE VEHICLE,N,N,\N,\N,N,JUNE,N,WEST KELOWNA,WEST KELOWNA,\N,Y,N,N,SOUTHERN INTERIOR,UNKNOWN,CARRE ROAD,CARRE ROAD,15:00-17:59,1,0
Y,PROPERTY DAMAGE ONLY,\N,N,2024,TUESDAY,SINGLE VEHICLE,N,N,\N,\N,N,JUNE,N,WILLIAMS LAKE,WILLIAMS LAKE,\N,N,N,N,NORTH CENTRAL,UNKNOWN,HWY 20,HWY 20,15:00-17:59,1,0
Y,PROPERTY DAMAGE ONLY,\N,N,2024,TUESDAY,SINGLE VEHICLE,N,N,\N,\N,N,JUNE,N,WILLIAMS LAKE,WILLIAMS LAKE,\N,N,N,N,NORTH CENTRAL,UNKNOWN,HWY 97,HWY 97,15:00-17:59,1,0
Y,PROPERTY DAMAGE ONLY,\N,N,2024,TUESDAY,SINGLE VEHICLE,N,N,\N,\N,N,JUNE,N,WYCLIFFE,WYCLIFFE,\N,N,N,N,SOUTHERN INTERIOR,UNKNOWN,HWY 95A,HWY 95A,15:00-17:59,1,0
Y,PROPERTY DAMAGE ONLY,287 ST,N,2024,TUESDAY,SINGLE VEHICLE,N,Y,49.220077,-122.426976,N,JUNE,N,MAPLE RIDGE,MAPLE RIDGE,MAPLE RIDGE,N,N,N,LOWER MAINLAND,287 ST & DEWDNEY TRUNK RD,DEWDNEY TRUNK RD,DEWDNEY TRUNK RD,15:00-17:59,1,0
Y,PROPERTY DAMAGE ONLY,KING RD,N,2024,TUESDAY,SINGLE VEHICLE,N,Y,49.031136,-122.426609,N,JUNE,N,ABBOTSFORD,ABBOTSFORD,ABBOTSFORD,N,N,N,LOWER MAINLAND,BRADNER RD & KING RD & KING TRADITIONAL ELEMENTARY SCHOOL ACCESS,BRADNER RD,BRADNER RD,15:00-17:59,1,0
Y,PROPERTY DAMAGE ONLY,MAPLE BAY RD,N,2024,TUESDAY,SINGLE VEHICLE,N,Y,48.814698,-123.613599,N,JUNE,N,DUNCAN,DUNCAN,DUNCAN,N,N,N,VANCOUVER ISLAND,HERD RD & MAPLE BAY RD,HERD RD,HERD RD,15:00-17:59,1,0
Y,PROPERTY DAMAGE ONLY,RIDGELINE DR,N,2024,TUESDAY,SINGLE VEHICLE,N,Y,48.518007,-123.5652,N,JUNE,N,MALAHAT,MALAHAT,MALAHAT,N,N,N,VANCOUVER ISLAND,GOLDSTREAM HEIGHTS DR & RIDGELINE DR,GOLDSTREAM HEIGHTS DR,GOLDSTREAM HEIGHTS DR,15:00-17:59,1,0
